<?xml version="1.0" encoding="UTF-8" standalone="yes"?>
<gpx version="1.1" creator="OsmAndRouterV2" xmlns="http://www.topografix.com/GPX/1/1" xmlns:osmand="https://osmand.net/docs/technical/osmand-file-formats/osmand-gpx" xmlns:gpxtpx="https://www8.garmin.com/xmlschemas/TrackPointExtensionv1.xsd" xmlns:xsi="http://www.w3.org/2001/XMLSchema-instance" xsi:schemaLocation="http://www.topografix.com/GPX/1/1 https://www.topografix.com/GPX/1/1/gpx.xsd">
    <metadata>
        <name>_2026-05-13_</name>
        <time>2026-05-13T02:03:50Z</time>
        <extensions>
            <osmand:activity>adventure_motorcycling</osmand:activity>
        </extensions>
    </metadata>
    <wpt lat="-37.2842648" lon="-73.4866463">
        <name>Ruta P-40</name>
        <desc>Ruta P-40</desc>
        <extensions>
            <osmand:color>#00000000</osmand:color>
        </extensions>
    </wpt>
    <wpt lat="-37.28863" lon="-73.4560409">
        <name>Ruta P-40</name>
        <desc>Ruta P-40</desc>
        <extensions>
            <osmand:color>#00000000</osmand:color>
        </extensions>
    </wpt>
    <wpt lat="-37.2842648" lon="-73.4866463">
        <name>Ruta P-40</name>
        <desc>Ruta P-40</desc>
        <extensions>
            <osmand:color>#00000000</osmand:color>
        </extensions>
    </wpt>
    <wpt lat="-37.28863" lon="-73.4560409">
        <name>Ruta P-40</name>
        <desc>Ruta P-40</desc>
        <extensions>
            <osmand:color>#00000000</osmand:color>
        </extensions>
    </wpt>
    <wpt lat="-37.2842648" lon="-73.4866463">
        <name>Ruta P-40</name>
        <desc>Ruta P-40</desc>
        <extensions>
            <osmand:color>#00000000</osmand:color>
        </extensions>
    </wpt>
    <wpt lat="-37.28863" lon="-73.4560409">
        <name>Ruta P-40</name>
        <desc>Ruta P-40</desc>
        <extensions>
            <osmand:color>#00000000</osmand:color>
        </extensions>
    </wpt>
    <wpt lat="-37.2842648" lon="-73.4866463">
        <name>Ruta P-40</name>
        <desc>Ruta P-40</desc>
        <extensions>
            <osmand:color>#00000000</osmand:color>
        </extensions>
    </wpt>
    <wpt lat="-37.28863" lon="-73.4560409">
        <name>Ruta P-40</name>
        <desc>Ruta P-40</desc>
        <extensions>
            <osmand:color>#00000000</osmand:color>
        </extensions>
    </wpt>
    <rte>
        <rtept lat="-37.3108404" lon="-73.3688192">
            <extensions>
                <osmand:profile>motorcycle_1778244898</osmand:profile>
                <osmand:trkpt_idx>0</osmand:trkpt_idx>
                <osmand:color>#00000000</osmand:color>
            </extensions>
        </rtept>
        <rtept lat="-37.2866676" lon="-73.3549919">
            <extensions>
                <osmand:profile>motorcycle_1778244898</osmand:profile>
                <osmand:trkpt_idx>153</osmand:trkpt_idx>
                <osmand:color>#00000000</osmand:color>
            </extensions>
        </rtept>
        <rtept lat="-37.269661" lon="-73.354271">
            <extensions>
                <osmand:profile>motorcycle_1778244898</osmand:profile>
                <osmand:trkpt_idx>242</osmand:trkpt_idx>
                <osmand:color>#00000000</osmand:color>
            </extensions>
        </rtept>
        <rtept lat="-37.2626641" lon="-73.3577408">
            <extensions>
                <osmand:profile>motorcycle_1778244898</osmand:profile>
                <osmand:trkpt_idx>275</osmand:trkpt_idx>
                <osmand:color>#00000000</osmand:color>
            </extensions>
        </rtept>
        <rtept lat="-37.2462204" lon="-73.3291508">
            <extensions>
                <osmand:profile>motorcycle</osmand:profile>
                <osmand:trkpt_idx>375</osmand:trkpt_idx>
                <osmand:color>#00000000</osmand:color>
            </extensions>
        </rtept>
        <rtept lat="-37.2427982" lon="-73.3204527">
            <extensions>
                <osmand:trkpt_idx>416</osmand:trkpt_idx>
                <osmand:color>#00000000</osmand:color>
            </extensions>
        </rtept>
    </rte>
    <rte>
        <rtept lat="-37.3108406" lon="-73.3688192">
            <extensions>
                <osmand:profile>motorcycle_1778244898</osmand:profile>
                <osmand:trkpt_idx>0</osmand:trkpt_idx>
                <osmand:color>#00000000</osmand:color>
            </extensions>
        </rtept>
        <rtept lat="-37.3061097" lon="-73.4373833">
            <extensions>
                <osmand:profile>motorcycle_1778244898</osmand:profile>
                <osmand:trkpt_idx>410</osmand:trkpt_idx>
                <osmand:color>#00000000</osmand:color>
            </extensions>
        </rtept>
        <rtept lat="-37.3009628" lon="-73.4399753">
            <extensions>
                <osmand:profile>motorcycle_1778244898</osmand:profile>
                <osmand:trkpt_idx>449</osmand:trkpt_idx>
                <osmand:color>#00000000</osmand:color>
            </extensions>
        </rtept>
        <rtept lat="-37.3182182" lon="-73.5373263">
            <extensions>
                <osmand:profile>motorcycle</osmand:profile>
                <osmand:trkpt_idx>1052</osmand:trkpt_idx>
                <osmand:color>#00000000</osmand:color>
            </extensions>
        </rtept>
        <rtept lat="-37.5882573" lon="-73.6357161">
            <extensions>
                <osmand:profile>motorcycle_1778244898</osmand:profile>
                <osmand:trkpt_idx>2322</osmand:trkpt_idx>
                <osmand:color>#00000000</osmand:color>
            </extensions>
        </rtept>
        <rtept lat="-37.5787675" lon="-73.6413039">
            <extensions>
                <osmand:profile>motorcycle_1778244898</osmand:profile>
                <osmand:trkpt_idx>2467</osmand:trkpt_idx>
                <osmand:color>#00000000</osmand:color>
            </extensions>
        </rtept>
        <rtept lat="-37.5825331" lon="-73.6419465">
            <extensions>
                <osmand:profile>motorcycle_1778244898</osmand:profile>
                <osmand:trkpt_idx>2609</osmand:trkpt_idx>
                <osmand:color>#00000000</osmand:color>
            </extensions>
        </rtept>
        <rtept lat="-37.5980468" lon="-73.654854">
            <extensions>
                <osmand:profile>motorcycle_1778244898</osmand:profile>
                <osmand:trkpt_idx>2644</osmand:trkpt_idx>
                <osmand:color>#00000000</osmand:color>
            </extensions>
        </rtept>
        <rtept lat="-37.6044449" lon="-73.6470341">
            <extensions>
                <osmand:profile>motorcycle</osmand:profile>
                <osmand:trkpt_idx>2691</osmand:trkpt_idx>
                <osmand:color>#00000000</osmand:color>
            </extensions>
        </rtept>
        <rtept lat="-37.627818" lon="-73.4564406">
            <extensions>
                <osmand:profile>motorcycle</osmand:profile>
                <osmand:trkpt_idx>3089</osmand:trkpt_idx>
                <osmand:color>#00000000</osmand:color>
            </extensions>
        </rtept>
        <rtept lat="-37.6713489" lon="-73.3889659">
            <extensions>
                <osmand:profile>motorcycle_1778244898</osmand:profile>
                <osmand:trkpt_idx>3292</osmand:trkpt_idx>
                <osmand:color>#00000000</osmand:color>
            </extensions>
        </rtept>
        <rtept lat="-37.6716308" lon="-73.3892445">
            <extensions>
                <osmand:profile>motorcycle_1778244898</osmand:profile>
                <osmand:trkpt_idx>3299</osmand:trkpt_idx>
                <osmand:color>#00000000</osmand:color>
            </extensions>
        </rtept>
        <rtept lat="-37.6782171" lon="-73.3977362">
            <extensions>
                <osmand:profile>motorcycle_1778244898</osmand:profile>
                <osmand:trkpt_idx>3335</osmand:trkpt_idx>
                <osmand:color>#00000000</osmand:color>
            </extensions>
        </rtept>
        <rtept lat="-37.7073741" lon="-73.4159796">
            <extensions>
                <osmand:profile>motorcycle_1778244898</osmand:profile>
                <osmand:trkpt_idx>3395</osmand:trkpt_idx>
                <osmand:color>#00000000</osmand:color>
            </extensions>
        </rtept>
        <rtept lat="-37.7691183" lon="-73.4373345">
            <extensions>
                <osmand:profile>motorcycle_1778244898</osmand:profile>
                <osmand:trkpt_idx>3520</osmand:trkpt_idx>
                <osmand:color>#00000000</osmand:color>
            </extensions>
        </rtept>
        <rtept lat="-37.7780701" lon="-73.4301598">
            <extensions>
                <osmand:profile>motorcycle_1778244898</osmand:profile>
                <osmand:trkpt_idx>3526</osmand:trkpt_idx>
                <osmand:color>#00000000</osmand:color>
            </extensions>
        </rtept>
        <rtept lat="-37.7834111" lon="-73.4216448">
            <extensions>
                <osmand:profile>motorcycle_1778244898</osmand:profile>
                <osmand:trkpt_idx>3538</osmand:trkpt_idx>
                <osmand:color>#00000000</osmand:color>
            </extensions>
        </rtept>
        <rtept lat="-37.793718" lon="-73.4146794">
            <extensions>
                <osmand:profile>motorcycle_1778244898</osmand:profile>
                <osmand:trkpt_idx>3563</osmand:trkpt_idx>
                <osmand:color>#00000000</osmand:color>
            </extensions>
        </rtept>
        <rtept lat="-37.801653" lon="-73.4047795">
            <extensions>
                <osmand:profile>motorcycle</osmand:profile>
                <osmand:trkpt_idx>3587</osmand:trkpt_idx>
                <osmand:color>#00000000</osmand:color>
            </extensions>
        </rtept>
        <rtept lat="-37.8032509" lon="-73.4020043">
            <extensions>
                <osmand:profile>motorcycle</osmand:profile>
                <osmand:trkpt_idx>3608</osmand:trkpt_idx>
                <osmand:color>#00000000</osmand:color>
            </extensions>
        </rtept>
        <rtept lat="-37.8046451" lon="-73.4023791">
            <extensions>
                <osmand:profile>motorcycle</osmand:profile>
                <osmand:trkpt_idx>3615</osmand:trkpt_idx>
                <osmand:color>#00000000</osmand:color>
            </extensions>
        </rtept>
        <rtept lat="-38.3472315" lon="-73.4899295">
            <extensions>
                <osmand:profile>motorcycle</osmand:profile>
                <osmand:trkpt_idx>4441</osmand:trkpt_idx>
                <osmand:color>#00000000</osmand:color>
            </extensions>
        </rtept>
        <rtept lat="-38.7136291" lon="-73.1670944">
            <extensions>
                <osmand:trkpt_idx>6351</osmand:trkpt_idx>
                <osmand:color>#00000000</osmand:color>
            </extensions>
        </rtept>
    </rte>
    <trk>
        <name>_2026-05-12_Llico-Raqui</name>
        <trkseg>
            <trkpt lat="-37.310841" lon="-73.368819">
                <ele>20.2</ele>
            </trkpt>
            <trkpt lat="-37.3108402" lon="-73.3688155">
                <ele>20.2</ele>
            </trkpt>
            <trkpt lat="-37.3107997" lon="-73.3685929">
                <ele>20.8</ele>
            </trkpt>
            <trkpt lat="-37.3107464" lon="-73.3682308">
                <ele>21</ele>
            </trkpt>
            <trkpt lat="-37.3107336" lon="-73.3681771">
                <ele>21</ele>
            </trkpt>
            <trkpt lat="-37.3107165" lon="-73.3681235">
                <ele>21.8</ele>
            </trkpt>
            <trkpt lat="-37.3106952" lon="-73.3680752">
                <ele>21.5</ele>
            </trkpt>
            <trkpt lat="-37.3106653" lon="-73.3680269">
                <ele>21.2</ele>
            </trkpt>
            <trkpt lat="-37.310629" lon="-73.367984">
                <ele>21</ele>
            </trkpt>
            <trkpt lat="-37.3105906" lon="-73.3679464">
                <ele>20.9</ele>
            </trkpt>
            <trkpt lat="-37.3105501" lon="-73.3679169">
                <ele>20.8</ele>
            </trkpt>
            <trkpt lat="-37.3102621" lon="-73.3677265">
                <ele>21.5</ele>
            </trkpt>
            <trkpt lat="-37.3099805" lon="-73.3675227">
                <ele>23</ele>
            </trkpt>
            <trkpt lat="-37.3097437" lon="-73.3673429">
                <ele>26</ele>
            </trkpt>
            <trkpt lat="-37.3093234" lon="-73.3667448">
                <ele>35.8</ele>
            </trkpt>
            <trkpt lat="-37.3090866" lon="-73.3665597">
                <ele>40.5</ele>
            </trkpt>
            <trkpt lat="-37.3088797" lon="-73.3664659">
                <ele>45</ele>
            </trkpt>
            <trkpt lat="-37.3084893" lon="-73.3661923">
                <ele>55.5</ele>
            </trkpt>
            <trkpt lat="-37.3082845" lon="-73.366034">
                <ele>60.2</ele>
            </trkpt>
            <trkpt lat="-37.3080925" lon="-73.3659589">
                <ele>64.2</ele>
            </trkpt>
            <trkpt lat="-37.3079218" lon="-73.3659482">
                <ele>68.5</ele>
            </trkpt>
            <trkpt lat="-37.3077106" lon="-73.3659241">
                <ele>73.2</ele>
            </trkpt>
            <trkpt lat="-37.3075442" lon="-73.3658516">
                <ele>76.5</ele>
            </trkpt>
            <trkpt lat="-37.3074439" lon="-73.3657497">
                <ele>78</ele>
            </trkpt>
            <trkpt lat="-37.3072647" lon="-73.3656558">
                <ele>81</ele>
            </trkpt>
            <trkpt lat="-37.307126" lon="-73.3655968">
                <ele>84</ele>
            </trkpt>
            <trkpt lat="-37.3070599" lon="-73.3654869">
                <ele>84.8</ele>
            </trkpt>
            <trkpt lat="-37.3070087" lon="-73.3652079">
                <ele>82.5</ele>
            </trkpt>
            <trkpt lat="-37.3069255" lon="-73.3650926">
                <ele>82.2</ele>
            </trkpt>
            <trkpt lat="-37.3067932" lon="-73.3650362">
                <ele>83.5</ele>
            </trkpt>
            <trkpt lat="-37.3065671" lon="-73.3650014">
                <ele>84.2</ele>
            </trkpt>
            <trkpt lat="-37.3065159" lon="-73.3649826">
                <ele>84</ele>
            </trkpt>
            <trkpt lat="-37.3063516" lon="-73.3648968">
                <ele>80.2</ele>
            </trkpt>
            <trkpt lat="-37.3060977" lon="-73.3646902">
                <ele>77</ele>
            </trkpt>
            <trkpt lat="-37.3058524" lon="-73.3645588">
                <ele>74</ele>
            </trkpt>
            <trkpt lat="-37.3053574" lon="-73.3643845">
                <ele>69.5</ele>
            </trkpt>
            <trkpt lat="-37.3050011" lon="-73.3642933">
                <ele>67.8</ele>
            </trkpt>
            <trkpt lat="-37.3039237" lon="-73.3641136">
                <ele>68.8</ele>
            </trkpt>
            <trkpt lat="-37.3038469" lon="-73.3640921">
                <ele>68.5</ele>
            </trkpt>
            <trkpt lat="-37.3037722" lon="-73.3640599">
                <ele>68.2</ele>
            </trkpt>
            <trkpt lat="-37.3036997" lon="-73.3640197">
                <ele>68</ele>
            </trkpt>
            <trkpt lat="-37.3036293" lon="-73.3639687">
                <ele>67.8</ele>
            </trkpt>
            <trkpt lat="-37.3034714" lon="-73.3638158">
                <ele>66.8</ele>
            </trkpt>
            <trkpt lat="-37.3033242" lon="-73.3636925">
                <ele>65.8</ele>
            </trkpt>
            <trkpt lat="-37.3031919" lon="-73.3635637">
                <ele>64.5</ele>
            </trkpt>
            <trkpt lat="-37.3030276" lon="-73.3634537">
                <ele>63.2</ele>
            </trkpt>
            <trkpt lat="-37.3028164" lon="-73.3634055">
                <ele>62</ele>
            </trkpt>
            <trkpt lat="-37.3025305" lon="-73.3632874">
                <ele>60.8</ele>
            </trkpt>
            <trkpt lat="-37.3020163" lon="-73.3630273">
                <ele>61</ele>
            </trkpt>
            <trkpt lat="-37.3011138" lon="-73.3625472">
                <ele>60</ele>
            </trkpt>
            <trkpt lat="-37.3007575" lon="-73.3623245">
                <ele>59</ele>
            </trkpt>
            <trkpt lat="-37.3002582" lon="-73.3621019">
                <ele>55.5</ele>
            </trkpt>
            <trkpt lat="-37.3000086" lon="-73.3619946">
                <ele>54</ele>
            </trkpt>
            <trkpt lat="-37.2998379" lon="-73.3619356">
                <ele>52.8</ele>
            </trkpt>
            <trkpt lat="-37.2996139" lon="-73.3618578">
                <ele>52.5</ele>
            </trkpt>
            <trkpt lat="-37.2993856" lon="-73.3617532">
                <ele>52.2</ele>
            </trkpt>
            <trkpt lat="-37.2992938" lon="-73.3617049">
                <ele>52.5</ele>
            </trkpt>
            <trkpt lat="-37.2992021" lon="-73.3616647">
                <ele>52.6</ele>
            </trkpt>
            <trkpt lat="-37.2991125" lon="-73.3616352">
                <ele>52.8</ele>
            </trkpt>
            <trkpt lat="-37.299025" lon="-73.3616138">
                <ele>52.5</ele>
            </trkpt>
            <trkpt lat="-37.2988735" lon="-73.3615708">
                <ele>52.4</ele>
            </trkpt>
            <trkpt lat="-37.298786" lon="-73.361544">
                <ele>52.4</ele>
            </trkpt>
            <trkpt lat="-37.2987007" lon="-73.3615091">
                <ele>52.3</ele>
            </trkpt>
            <trkpt lat="-37.2986345" lon="-73.361477">
                <ele>52.3</ele>
            </trkpt>
            <trkpt lat="-37.2985726" lon="-73.3614394">
                <ele>52.2</ele>
            </trkpt>
            <trkpt lat="-37.298323" lon="-73.3612892">
                <ele>52</ele>
            </trkpt>
            <trkpt lat="-37.2981438" lon="-73.3611766">
                <ele>51.5</ele>
            </trkpt>
            <trkpt lat="-37.2979667" lon="-73.3610585">
                <ele>51.2</ele>
            </trkpt>
            <trkpt lat="-37.2978088" lon="-73.3609486">
                <ele>51.1</ele>
            </trkpt>
            <trkpt lat="-37.2977469" lon="-73.360903">
                <ele>51</ele>
            </trkpt>
            <trkpt lat="-37.2976786" lon="-73.3608466">
                <ele>50.8</ele>
            </trkpt>
            <trkpt lat="-37.2976189" lon="-73.3607849">
                <ele>50.5</ele>
            </trkpt>
            <trkpt lat="-37.2975591" lon="-73.3607125">
                <ele>50.2</ele>
            </trkpt>
            <trkpt lat="-37.2975079" lon="-73.3606347">
                <ele>50.2</ele>
            </trkpt>
            <trkpt lat="-37.2974226" lon="-73.3604899">
                <ele>50</ele>
            </trkpt>
            <trkpt lat="-37.2973628" lon="-73.3604041">
                <ele>49.5</ele>
            </trkpt>
            <trkpt lat="-37.2972967" lon="-73.3603209">
                <ele>49</ele>
            </trkpt>
            <trkpt lat="-37.2972263" lon="-73.3602458">
                <ele>48.5</ele>
            </trkpt>
            <trkpt lat="-37.2971452" lon="-73.3601734">
                <ele>48.2</ele>
            </trkpt>
            <trkpt lat="-37.297062" lon="-73.3601117">
                <ele>48.2</ele>
            </trkpt>
            <trkpt lat="-37.2969105" lon="-73.3600071">
                <ele>48.2</ele>
            </trkpt>
            <trkpt lat="-37.2968038" lon="-73.359932">
                <ele>48.1</ele>
            </trkpt>
            <trkpt lat="-37.2967206" lon="-73.3598703">
                <ele>48.1</ele>
            </trkpt>
            <trkpt lat="-37.2966395" lon="-73.3598006">
                <ele>48.1</ele>
            </trkpt>
            <trkpt lat="-37.2965606" lon="-73.3597174">
                <ele>48</ele>
            </trkpt>
            <trkpt lat="-37.2964859" lon="-73.3596289">
                <ele>48</ele>
            </trkpt>
            <trkpt lat="-37.2962277" lon="-73.3593097">
                <ele>47.8</ele>
            </trkpt>
            <trkpt lat="-37.2958095" lon="-73.3588189">
                <ele>50.5</ele>
            </trkpt>
            <trkpt lat="-37.2957519" lon="-73.3587465">
                <ele>51</ele>
            </trkpt>
            <trkpt lat="-37.2956964" lon="-73.358674">
                <ele>51.5</ele>
            </trkpt>
            <trkpt lat="-37.2956452" lon="-73.3585963">
                <ele>52</ele>
            </trkpt>
            <trkpt lat="-37.2955982" lon="-73.3585158">
                <ele>52.8</ele>
            </trkpt>
            <trkpt lat="-37.2954681" lon="-73.3582744">
                <ele>54.8</ele>
            </trkpt>
            <trkpt lat="-37.2954297" lon="-73.3582181">
                <ele>55.2</ele>
            </trkpt>
            <trkpt lat="-37.2953891" lon="-73.3581671">
                <ele>56</ele>
            </trkpt>
            <trkpt lat="-37.2953422" lon="-73.3581188">
                <ele>56.8</ele>
            </trkpt>
            <trkpt lat="-37.2952974" lon="-73.3580813">
                <ele>57.5</ele>
            </trkpt>
            <trkpt lat="-37.2952483" lon="-73.3580491">
                <ele>58</ele>
            </trkpt>
            <trkpt lat="-37.2951971" lon="-73.3580223">
                <ele>58.5</ele>
            </trkpt>
            <trkpt lat="-37.2950819" lon="-73.3579713">
                <ele>59.8</ele>
            </trkpt>
            <trkpt lat="-37.2946551" lon="-73.3578023">
                <ele>66</ele>
            </trkpt>
            <trkpt lat="-37.294557" lon="-73.3577567">
                <ele>68.2</ele>
            </trkpt>
            <trkpt lat="-37.2944609" lon="-73.3577058">
                <ele>70.5</ele>
            </trkpt>
            <trkpt lat="-37.2943927" lon="-73.3576602">
                <ele>72</ele>
            </trkpt>
            <trkpt lat="-37.2943244" lon="-73.3576146">
                <ele>73.5</ele>
            </trkpt>
            <trkpt lat="-37.2941857" lon="-73.35751">
                <ele>76.5</ele>
            </trkpt>
            <trkpt lat="-37.2941046" lon="-73.357451">
                <ele>78.5</ele>
            </trkpt>
            <trkpt lat="-37.2939595" lon="-73.3573571">
                <ele>81.8</ele>
            </trkpt>
            <trkpt lat="-37.2938016" lon="-73.3572686">
                <ele>83.8</ele>
            </trkpt>
            <trkpt lat="-37.2936245" lon="-73.3571801">
                <ele>85</ele>
            </trkpt>
            <trkpt lat="-37.2932831" lon="-73.3570004">
                <ele>86.2</ele>
            </trkpt>
            <trkpt lat="-37.2929865" lon="-73.3568367">
                <ele>86</ele>
            </trkpt>
            <trkpt lat="-37.2927923" lon="-73.3567241">
                <ele>85.5</ele>
            </trkpt>
            <trkpt lat="-37.2926024" lon="-73.3566087">
                <ele>84</ele>
            </trkpt>
            <trkpt lat="-37.2923762" lon="-73.3564585">
                <ele>82.2</ele>
            </trkpt>
            <trkpt lat="-37.2921991" lon="-73.3563244">
                <ele>80.8</ele>
            </trkpt>
            <trkpt lat="-37.2918513" lon="-73.3560669">
                <ele>77.2</ele>
            </trkpt>
            <trkpt lat="-37.291672" lon="-73.3559409">
                <ele>76.5</ele>
            </trkpt>
            <trkpt lat="-37.2914928" lon="-73.3558175">
                <ele>77.5</ele>
            </trkpt>
            <trkpt lat="-37.2913413" lon="-73.3557209">
                <ele>78.8</ele>
            </trkpt>
            <trkpt lat="-37.2911983" lon="-73.3556324">
                <ele>80</ele>
            </trkpt>
            <trkpt lat="-37.2910554" lon="-73.355552">
                <ele>81.2</ele>
            </trkpt>
            <trkpt lat="-37.2909401" lon="-73.3554929">
                <ele>82.5</ele>
            </trkpt>
            <trkpt lat="-37.2908249" lon="-73.3554339">
                <ele>83.8</ele>
            </trkpt>
            <trkpt lat="-37.290571" lon="-73.3553025">
                <ele>86.5</ele>
            </trkpt>
            <trkpt lat="-37.2903192" lon="-73.3551764">
                <ele>90</ele>
            </trkpt>
            <trkpt lat="-37.2900161" lon="-73.3550262">
                <ele>92.8</ele>
            </trkpt>
            <trkpt lat="-37.2897153" lon="-73.3548841">
                <ele>93.6</ele>
            </trkpt>
            <trkpt lat="-37.2895616" lon="-73.3548117">
                <ele>94</ele>
            </trkpt>
            <trkpt lat="-37.289408" lon="-73.3547446">
                <ele>93.8</ele>
            </trkpt>
            <trkpt lat="-37.2892458" lon="-73.3546802">
                <ele>93.2</ele>
            </trkpt>
            <trkpt lat="-37.2890858" lon="-73.3546212">
                <ele>92.8</ele>
            </trkpt>
            <trkpt lat="-37.2889769" lon="-73.354589">
                <ele>92.6</ele>
            </trkpt>
            <trkpt lat="-37.2888681" lon="-73.3545595">
                <ele>92.5</ele>
            </trkpt>
            <trkpt lat="-37.2887529" lon="-73.35453">
                <ele>92.2</ele>
            </trkpt>
            <trkpt lat="-37.2886462" lon="-73.3545086">
                <ele>92</ele>
            </trkpt>
            <trkpt lat="-37.2885288" lon="-73.3544925">
                <ele>92.2</ele>
            </trkpt>
            <trkpt lat="-37.2884136" lon="-73.3544818">
                <ele>92.8</ele>
            </trkpt>
            <trkpt lat="-37.2881148" lon="-73.354471">
                <ele>93</ele>
            </trkpt>
            <trkpt lat="-37.287767" lon="-73.3544737">
                <ele>94</ele>
            </trkpt>
            <trkpt lat="-37.2876773" lon="-73.3544791">
                <ele>93.8</ele>
            </trkpt>
            <trkpt lat="-37.2875877" lon="-73.3544925">
                <ele>93.2</ele>
            </trkpt>
            <trkpt lat="-37.2875002" lon="-73.3545139">
                <ele>93.1</ele>
            </trkpt>
            <trkpt lat="-37.2874234" lon="-73.3545408">
                <ele>93</ele>
            </trkpt>
            <trkpt lat="-37.2873466" lon="-73.3545756">
                <ele>92.8</ele>
            </trkpt>
            <trkpt lat="-37.2872719" lon="-73.3546159">
                <ele>92.5</ele>
            </trkpt>
            <trkpt lat="-37.2871823" lon="-73.3546695">
                <ele>91.8</ele>
            </trkpt>
            <trkpt lat="-37.2870948" lon="-73.3547285">
                <ele>91.2</ele>
            </trkpt>
            <trkpt lat="-37.2869795" lon="-73.3548117">
                <ele>91</ele>
            </trkpt>
            <trkpt lat="-37.2868686" lon="-73.3549029">
                <ele>90.5</ele>
            </trkpt>
            <trkpt lat="-37.2867768" lon="-73.354986">
                <ele>90.2</ele>
            </trkpt>
            <trkpt lat="-37.2867149" lon="-73.3550397">
                <ele>90</ele>
            </trkpt>
            <trkpt lat="-37.2867049" lon="-73.3550499">
                <ele>90</ele>
            </trkpt>
            <trkpt lat="-37.286705" lon="-73.3550499">
                <ele>90</ele>
            </trkpt>
            <trkpt lat="-37.2866573" lon="-73.3550987">
                <ele>90.2</ele>
            </trkpt>
            <trkpt lat="-37.2865933" lon="-73.3551711">
                <ele>90.5</ele>
            </trkpt>
            <trkpt lat="-37.2865207" lon="-73.3552569">
                <ele>90.8</ele>
            </trkpt>
            <trkpt lat="-37.2864524" lon="-73.3553588">
                <ele>91</ele>
            </trkpt>
            <trkpt lat="-37.2861473" lon="-73.3558363">
                <ele>96.2</ele>
            </trkpt>
            <trkpt lat="-37.2861003" lon="-73.3559114">
                <ele>97.2</ele>
            </trkpt>
            <trkpt lat="-37.286047" lon="-73.3559838">
                <ele>98</ele>
            </trkpt>
            <trkpt lat="-37.2859872" lon="-73.3560508">
                <ele>98.8</ele>
            </trkpt>
            <trkpt lat="-37.2859253" lon="-73.3561125">
                <ele>99.8</ele>
            </trkpt>
            <trkpt lat="-37.285857" lon="-73.3561662">
                <ele>100.8</ele>
            </trkpt>
            <trkpt lat="-37.2857866" lon="-73.3562171">
                <ele>101.8</ele>
            </trkpt>
            <trkpt lat="-37.2855839" lon="-73.3563325">
                <ele>103.5</ele>
            </trkpt>
            <trkpt lat="-37.2853257" lon="-73.3564639">
                <ele>105.8</ele>
            </trkpt>
            <trkpt lat="-37.2851912" lon="-73.3565202">
                <ele>106</ele>
            </trkpt>
            <trkpt lat="-37.2850568" lon="-73.3565685">
                <ele>106.2</ele>
            </trkpt>
            <trkpt lat="-37.2849309" lon="-73.3566087">
                <ele>106</ele>
            </trkpt>
            <trkpt lat="-37.2848071" lon="-73.3566383">
                <ele>105.5</ele>
            </trkpt>
            <trkpt lat="-37.2846812" lon="-73.3566651">
                <ele>104.8</ele>
            </trkpt>
            <trkpt lat="-37.2841285" lon="-73.3567724">
                <ele>100.2</ele>
            </trkpt>
            <trkpt lat="-37.28393" lon="-73.3568099">
                <ele>98.5</ele>
            </trkpt>
            <trkpt lat="-37.2838041" lon="-73.3568421">
                <ele>97.5</ele>
            </trkpt>
            <trkpt lat="-37.2836782" lon="-73.3568823">
                <ele>96.8</ele>
            </trkpt>
            <trkpt lat="-37.2835138" lon="-73.3569413">
                <ele>95.8</ele>
            </trkpt>
            <trkpt lat="-37.2833495" lon="-73.3570138">
                <ele>95</ele>
            </trkpt>
            <trkpt lat="-37.2824596" lon="-73.3573946">
                <ele>95.4</ele>
            </trkpt>
            <trkpt lat="-37.2822462" lon="-73.3574751">
                <ele>95.5</ele>
            </trkpt>
            <trkpt lat="-37.2821544" lon="-73.3575073">
                <ele>95</ele>
            </trkpt>
            <trkpt lat="-37.2820605" lon="-73.3575287">
                <ele>94.5</ele>
            </trkpt>
            <trkpt lat="-37.2819453" lon="-73.3575475">
                <ele>94</ele>
            </trkpt>
            <trkpt lat="-37.28183" lon="-73.3575583">
                <ele>93.5</ele>
            </trkpt>
            <trkpt lat="-37.281352" lon="-73.3575502">
                <ele>93.3</ele>
            </trkpt>
            <trkpt lat="-37.2811279" lon="-73.3575502">
                <ele>93.2</ele>
            </trkpt>
            <trkpt lat="-37.2809913" lon="-73.3575341">
                <ele>93.1</ele>
            </trkpt>
            <trkpt lat="-37.2808953" lon="-73.3575234">
                <ele>93.1</ele>
            </trkpt>
            <trkpt lat="-37.2808035" lon="-73.3575046">
                <ele>93</ele>
            </trkpt>
            <trkpt lat="-37.2807139" lon="-73.3574805">
                <ele>93</ele>
            </trkpt>
            <trkpt lat="-37.2803084" lon="-73.3573329">
                <ele>91.5</ele>
            </trkpt>
            <trkpt lat="-37.2794995" lon="-73.357062">
                <ele>89.2</ele>
            </trkpt>
            <trkpt lat="-37.2785754" lon="-73.3567482">
                <ele>92.2</ele>
            </trkpt>
            <trkpt lat="-37.2776342" lon="-73.3564425">
                <ele>92</ele>
            </trkpt>
            <trkpt lat="-37.2766759" lon="-73.3561045">
                <ele>89.5</ele>
            </trkpt>
            <trkpt lat="-37.276567" lon="-73.3560723">
                <ele>89.2</ele>
            </trkpt>
            <trkpt lat="-37.2764582" lon="-73.3560508">
                <ele>89</ele>
            </trkpt>
            <trkpt lat="-37.2763664" lon="-73.3560374">
                <ele>88.9</ele>
            </trkpt>
            <trkpt lat="-37.2762768" lon="-73.3560294">
                <ele>88.9</ele>
            </trkpt>
            <trkpt lat="-37.2761871" lon="-73.3560348">
                <ele>88.8</ele>
            </trkpt>
            <trkpt lat="-37.2760996" lon="-73.3560482">
                <ele>88.8</ele>
            </trkpt>
            <trkpt lat="-37.2760015" lon="-73.356075">
                <ele>88.7</ele>
            </trkpt>
            <trkpt lat="-37.2759097" lon="-73.3561125">
                <ele>88.7</ele>
            </trkpt>
            <trkpt lat="-37.2758222" lon="-73.3561555">
                <ele>88.6</ele>
            </trkpt>
            <trkpt lat="-37.2757368" lon="-73.3562118">
                <ele>88.6</ele>
            </trkpt>
            <trkpt lat="-37.2756749" lon="-73.3562601">
                <ele>88.6</ele>
            </trkpt>
            <trkpt lat="-37.2756151" lon="-73.3563164">
                <ele>88.5</ele>
            </trkpt>
            <trkpt lat="-37.2755618" lon="-73.3563808">
                <ele>88.5</ele>
            </trkpt>
            <trkpt lat="-37.2752993" lon="-73.3566999">
                <ele>89.5</ele>
            </trkpt>
            <trkpt lat="-37.2748361" lon="-73.3572552">
                <ele>93</ele>
            </trkpt>
            <trkpt lat="-37.2747742" lon="-73.3573222">
                <ele>93.8</ele>
            </trkpt>
            <trkpt lat="-37.2747059" lon="-73.3573839">
                <ele>94.5</ele>
            </trkpt>
            <trkpt lat="-37.2746355" lon="-73.3574402">
                <ele>95.2</ele>
            </trkpt>
            <trkpt lat="-37.2745693" lon="-73.3574885">
                <ele>95.8</ele>
            </trkpt>
            <trkpt lat="-37.2744797" lon="-73.3575529">
                <ele>96.5</ele>
            </trkpt>
            <trkpt lat="-37.2744135" lon="-73.3575958">
                <ele>97.2</ele>
            </trkpt>
            <trkpt lat="-37.2743324" lon="-73.3576468">
                <ele>98.2</ele>
            </trkpt>
            <trkpt lat="-37.2742193" lon="-73.3577111">
                <ele>99.5</ele>
            </trkpt>
            <trkpt lat="-37.2740635" lon="-73.3577809">
                <ele>100.5</ele>
            </trkpt>
            <trkpt lat="-37.2739482" lon="-73.3578211">
                <ele>101.2</ele>
            </trkpt>
            <trkpt lat="-37.2738287" lon="-73.3578452">
                <ele>101.4</ele>
            </trkpt>
            <trkpt lat="-37.2737369" lon="-73.3578533">
                <ele>101.4</ele>
            </trkpt>
            <trkpt lat="-37.273643" lon="-73.3578533">
                <ele>101.5</ele>
            </trkpt>
            <trkpt lat="-37.2735491" lon="-73.3578452">
                <ele>101.6</ele>
            </trkpt>
            <trkpt lat="-37.2734509" lon="-73.3578318">
                <ele>101.7</ele>
            </trkpt>
            <trkpt lat="-37.2733549" lon="-73.3578104">
                <ele>101.8</ele>
            </trkpt>
            <trkpt lat="-37.2732567" lon="-73.3577809">
                <ele>102</ele>
            </trkpt>
            <trkpt lat="-37.2730838" lon="-73.3577219">
                <ele>102.5</ele>
            </trkpt>
            <trkpt lat="-37.272881" lon="-73.3576334">
                <ele>103</ele>
            </trkpt>
            <trkpt lat="-37.27261" lon="-73.3575153">
                <ele>103.5</ele>
            </trkpt>
            <trkpt lat="-37.2724456" lon="-73.3574376">
                <ele>104</ele>
            </trkpt>
            <trkpt lat="-37.2722813" lon="-73.357341">
                <ele>104.1</ele>
            </trkpt>
            <trkpt lat="-37.272213" lon="-73.3572954">
                <ele>104.2</ele>
            </trkpt>
            <trkpt lat="-37.2721447" lon="-73.3572444">
                <ele>104.2</ele>
            </trkpt>
            <trkpt lat="-37.2720806" lon="-73.3571908">
                <ele>104</ele>
            </trkpt>
            <trkpt lat="-37.2720017" lon="-73.3571157">
                <ele>103.8</ele>
            </trkpt>
            <trkpt lat="-37.2719056" lon="-73.3570218">
                <ele>103.5</ele>
            </trkpt>
            <trkpt lat="-37.2717733" lon="-73.3568689">
                <ele>103</ele>
            </trkpt>
            <trkpt lat="-37.2716196" lon="-73.3566758">
                <ele>102.2</ele>
            </trkpt>
            <trkpt lat="-37.2705161" lon="-73.3552542">
                <ele>105.8</ele>
            </trkpt>
            <trkpt lat="-37.2701874" lon="-73.3548358">
                <ele>106</ele>
            </trkpt>
            <trkpt lat="-37.2697067" lon="-73.3542152">
                <ele>105.3</ele>
            </trkpt>
            <trkpt lat="-37.2697067" lon="-73.3542152">
                <ele>105.3</ele>
            </trkpt>
            <trkpt lat="-37.2696495" lon="-73.3541411">
                <ele>105.2</ele>
            </trkpt>
            <trkpt lat="-37.2695684" lon="-73.3540446">
                <ele>105</ele>
            </trkpt>
            <trkpt lat="-37.2694723" lon="-73.3541223">
                <ele>105.2</ele>
            </trkpt>
            <trkpt lat="-37.2693934" lon="-73.3541733">
                <ele>105.5</ele>
            </trkpt>
            <trkpt lat="-37.2693037" lon="-73.3542269">
                <ele>105.6</ele>
            </trkpt>
            <trkpt lat="-37.269229" lon="-73.3542645">
                <ele>105.8</ele>
            </trkpt>
            <trkpt lat="-37.2691137" lon="-73.3543101">
                <ele>105.5</ele>
            </trkpt>
            <trkpt lat="-37.2686676" lon="-73.354471">
                <ele>103</ele>
            </trkpt>
            <trkpt lat="-37.2680443" lon="-73.3546534">
                <ele>96</ele>
            </trkpt>
            <trkpt lat="-37.2675299" lon="-73.3547983">
                <ele>90.8</ele>
            </trkpt>
            <trkpt lat="-37.2670198" lon="-73.3549458">
                <ele>88.5</ele>
            </trkpt>
            <trkpt lat="-37.2668682" lon="-73.3549941">
                <ele>88</ele>
            </trkpt>
            <trkpt lat="-37.2667593" lon="-73.3550289">
                <ele>87.9</ele>
            </trkpt>
            <trkpt lat="-37.2666313" lon="-73.3550826">
                <ele>87.9</ele>
            </trkpt>
            <trkpt lat="-37.266563" lon="-73.3551094">
                <ele>87.8</ele>
            </trkpt>
            <trkpt lat="-37.2664648" lon="-73.3551496">
                <ele>87.8</ele>
            </trkpt>
            <trkpt lat="-37.2662684" lon="-73.3552355">
                <ele>87.5</ele>
            </trkpt>
            <trkpt lat="-37.266072" lon="-73.3553267">
                <ele>87.2</ele>
            </trkpt>
            <trkpt lat="-37.2658842" lon="-73.3554232">
                <ele>87</ele>
            </trkpt>
            <trkpt lat="-37.2657027" lon="-73.3555251">
                <ele>86.5</ele>
            </trkpt>
            <trkpt lat="-37.2655149" lon="-73.3556324">
                <ele>85.8</ele>
            </trkpt>
            <trkpt lat="-37.2653398" lon="-73.3557397">
                <ele>84.2</ele>
            </trkpt>
            <trkpt lat="-37.2651627" lon="-73.3558524">
                <ele>83.5</ele>
            </trkpt>
            <trkpt lat="-37.2649855" lon="-73.3559731">
                <ele>83</ele>
            </trkpt>
            <trkpt lat="-37.2647293" lon="-73.3561528">
                <ele>82.5</ele>
            </trkpt>
            <trkpt lat="-37.2643003" lon="-73.3564639">
                <ele>83.5</ele>
            </trkpt>
            <trkpt lat="-37.263852" lon="-73.3567911">
                <ele>87</ele>
            </trkpt>
            <trkpt lat="-37.263107" lon="-73.3573624">
                <ele>94.8</ele>
            </trkpt>
            <trkpt lat="-37.2629789" lon="-73.3574778">
                <ele>96</ele>
            </trkpt>
            <trkpt lat="-37.2628103" lon="-73.3576012">
                <ele>98.2</ele>
            </trkpt>
            <trkpt lat="-37.2626993" lon="-73.3576977">
                <ele>100</ele>
            </trkpt>
            <trkpt lat="-37.2626585" lon="-73.3577297">
                <ele>100.4</ele>
            </trkpt>
            <trkpt lat="-37.2626585" lon="-73.3577297">
                <ele>100.4</ele>
            </trkpt>
            <trkpt lat="-37.2622147" lon="-73.3580786">
                <ele>104.2</ele>
            </trkpt>
            <trkpt lat="-37.2621293" lon="-73.3581403">
                <ele>104.5</ele>
            </trkpt>
            <trkpt lat="-37.2620418" lon="-73.3581939">
                <ele>104.8</ele>
            </trkpt>
            <trkpt lat="-37.2619521" lon="-73.3582368">
                <ele>104.7</ele>
            </trkpt>
            <trkpt lat="-37.2618561" lon="-73.358269">
                <ele>104.6</ele>
            </trkpt>
            <trkpt lat="-37.2617707" lon="-73.3582878">
                <ele>104.5</ele>
            </trkpt>
            <trkpt lat="-37.2616832" lon="-73.3582985">
                <ele>104.2</ele>
            </trkpt>
            <trkpt lat="-37.2615956" lon="-73.3583012">
                <ele>104</ele>
            </trkpt>
            <trkpt lat="-37.2614505" lon="-73.3582047">
                <ele>103.5</ele>
            </trkpt>
            <trkpt lat="-37.2613096" lon="-73.3581001">
                <ele>103</ele>
            </trkpt>
            <trkpt lat="-37.2611708" lon="-73.3579901">
                <ele>102.2</ele>
            </trkpt>
            <trkpt lat="-37.2610086" lon="-73.3578533">
                <ele>100.8</ele>
            </trkpt>
            <trkpt lat="-37.2608528" lon="-73.3577085">
                <ele>99.2</ele>
            </trkpt>
            <trkpt lat="-37.2607033" lon="-73.3575583">
                <ele>97.5</ele>
            </trkpt>
            <trkpt lat="-37.260556" lon="-73.3573973">
                <ele>95.8</ele>
            </trkpt>
            <trkpt lat="-37.2603831" lon="-73.3571398">
                <ele>94</ele>
            </trkpt>
            <trkpt lat="-37.2602123" lon="-73.3568797">
                <ele>92</ele>
            </trkpt>
            <trkpt lat="-37.2600458" lon="-73.3566141">
                <ele>90.5</ele>
            </trkpt>
            <trkpt lat="-37.2598345" lon="-73.3562654">
                <ele>89.5</ele>
            </trkpt>
            <trkpt lat="-37.2596295" lon="-73.3559087">
                <ele>90</ele>
            </trkpt>
            <trkpt lat="-37.2594331" lon="-73.3555466">
                <ele>91.8</ele>
            </trkpt>
            <trkpt lat="-37.2592688" lon="-73.3552569">
                <ele>94</ele>
            </trkpt>
            <trkpt lat="-37.2591876" lon="-73.3551067">
                <ele>95.5</ele>
            </trkpt>
            <trkpt lat="-37.2588525" lon="-73.3546212">
                <ele>97</ele>
            </trkpt>
            <trkpt lat="-37.2587543" lon="-73.3544683">
                <ele>97.8</ele>
            </trkpt>
            <trkpt lat="-37.258686" lon="-73.3543316">
                <ele>98.5</ele>
            </trkpt>
            <trkpt lat="-37.2584938" lon="-73.3538675">
                <ele>101.2</ele>
            </trkpt>
            <trkpt lat="-37.2582526" lon="-73.3533338">
                <ele>102</ele>
            </trkpt>
            <trkpt lat="-37.2579132" lon="-73.3525774">
                <ele>97</ele>
            </trkpt>
            <trkpt lat="-37.2578171" lon="-73.3523092">
                <ele>94</ele>
            </trkpt>
            <trkpt lat="-37.2577765" lon="-73.3520275">
                <ele>91.8</ele>
            </trkpt>
            <trkpt lat="-37.2577979" lon="-73.34934">
                <ele>85.8</ele>
            </trkpt>
            <trkpt lat="-37.2578897" lon="-73.3466041">
                <ele>93.2</ele>
            </trkpt>
            <trkpt lat="-37.2578449" lon="-73.3457351">
                <ele>96</ele>
            </trkpt>
            <trkpt lat="-37.257657" lon="-73.3436295">
                <ele>100.8</ele>
            </trkpt>
            <trkpt lat="-37.257531" lon="-73.3414167">
                <ele>96.8</ele>
            </trkpt>
            <trkpt lat="-37.2573581" lon="-73.3401212">
                <ele>94.5</ele>
            </trkpt>
            <trkpt lat="-37.257277" lon="-73.3396947">
                <ele>92.8</ele>
            </trkpt>
            <trkpt lat="-37.2570678" lon="-73.3390805">
                <ele>88</ele>
            </trkpt>
            <trkpt lat="-37.2568052" lon="-73.3384529">
                <ele>86.8</ele>
            </trkpt>
            <trkpt lat="-37.2566024" lon="-73.3381122">
                <ele>87.5</ele>
            </trkpt>
            <trkpt lat="-37.2563206" lon="-73.337785">
                <ele>88.8</ele>
            </trkpt>
            <trkpt lat="-37.2561669" lon="-73.3376294">
                <ele>89.5</ele>
            </trkpt>
            <trkpt lat="-37.2560089" lon="-73.3374792">
                <ele>89.8</ele>
            </trkpt>
            <trkpt lat="-37.2558936" lon="-73.33738">
                <ele>89.5</ele>
            </trkpt>
            <trkpt lat="-37.2557719" lon="-73.3372915">
                <ele>89</ele>
            </trkpt>
            <trkpt lat="-37.2556801" lon="-73.3372271">
                <ele>88.2</ele>
            </trkpt>
            <trkpt lat="-37.255584" lon="-73.3371708">
                <ele>87.2</ele>
            </trkpt>
            <trkpt lat="-37.255488" lon="-73.3371171">
                <ele>86.2</ele>
            </trkpt>
            <trkpt lat="-37.2543266" lon="-73.3365592">
                <ele>75.2</ele>
            </trkpt>
            <trkpt lat="-37.2542327" lon="-73.336511">
                <ele>74.5</ele>
            </trkpt>
            <trkpt lat="-37.254143" lon="-73.3364573">
                <ele>73.8</ele>
            </trkpt>
            <trkpt lat="-37.2540533" lon="-73.3363929">
                <ele>72.8</ele>
            </trkpt>
            <trkpt lat="-37.2539615" lon="-73.3363152">
                <ele>71.5</ele>
            </trkpt>
            <trkpt lat="-37.253874" lon="-73.3362266">
                <ele>70.2</ele>
            </trkpt>
            <trkpt lat="-37.2533979" lon="-73.3356687">
                <ele>64.5</ele>
            </trkpt>
            <trkpt lat="-37.2533509" lon="-73.3355963">
                <ele>64</ele>
            </trkpt>
            <trkpt lat="-37.2533082" lon="-73.3355212">
                <ele>63.5</ele>
            </trkpt>
            <trkpt lat="-37.2532698" lon="-73.3354408">
                <ele>63</ele>
            </trkpt>
            <trkpt lat="-37.2532463" lon="-73.3353683">
                <ele>62.5</ele>
            </trkpt>
            <trkpt lat="-37.253225" lon="-73.3352959">
                <ele>62.2</ele>
            </trkpt>
            <trkpt lat="-37.2532079" lon="-73.3352181">
                <ele>62</ele>
            </trkpt>
            <trkpt lat="-37.253178" lon="-73.3349606">
                <ele>60.8</ele>
            </trkpt>
            <trkpt lat="-37.2531545" lon="-73.3347246">
                <ele>59.2</ele>
            </trkpt>
            <trkpt lat="-37.2530136" lon="-73.3344081">
                <ele>57.2</ele>
            </trkpt>
            <trkpt lat="-37.2527574" lon="-73.3341184">
                <ele>54.8</ele>
            </trkpt>
            <trkpt lat="-37.2525076" lon="-73.3339709">
                <ele>53.8</ele>
            </trkpt>
            <trkpt lat="-37.2520635" lon="-73.3338475">
                <ele>51.2</ele>
            </trkpt>
            <trkpt lat="-37.2515575" lon="-73.3338046">
                <ele>47</ele>
            </trkpt>
            <trkpt lat="-37.2513184" lon="-73.3337483">
                <ele>45.5</ele>
            </trkpt>
            <trkpt lat="-37.2511476" lon="-73.333641">
                <ele>44.8</ele>
            </trkpt>
            <trkpt lat="-37.2510067" lon="-73.3334854">
                <ele>45</ele>
            </trkpt>
            <trkpt lat="-37.2506011" lon="-73.3327425">
                <ele>47.5</ele>
            </trkpt>
            <trkpt lat="-37.2504388" lon="-73.3325842">
                <ele>47</ele>
            </trkpt>
            <trkpt lat="-37.2502381" lon="-73.3325064">
                <ele>45</ele>
            </trkpt>
            <trkpt lat="-37.2499862" lon="-73.3325011">
                <ele>40.5</ele>
            </trkpt>
            <trkpt lat="-37.2496531" lon="-73.3325681">
                <ele>33.5</ele>
            </trkpt>
            <trkpt lat="-37.2494652" lon="-73.3325762">
                <ele>30</ele>
            </trkpt>
            <trkpt lat="-37.2493222" lon="-73.3325145">
                <ele>28.8</ele>
            </trkpt>
            <trkpt lat="-37.2491813" lon="-73.3324125">
                <ele>27.8</ele>
            </trkpt>
            <trkpt lat="-37.248735" lon="-73.3320209">
                <ele>24</ele>
            </trkpt>
            <trkpt lat="-37.2483721" lon="-73.331522">
                <ele>21</ele>
            </trkpt>
            <trkpt lat="-37.2482738" lon="-73.3314013">
                <ele>20.8</ele>
            </trkpt>
            <trkpt lat="-37.2482055" lon="-73.3313236">
                <ele>20</ele>
            </trkpt>
            <trkpt lat="-37.2481329" lon="-73.3312511">
                <ele>19.2</ele>
            </trkpt>
            <trkpt lat="-37.2480539" lon="-73.3311653">
                <ele>18.5</ele>
            </trkpt>
            <trkpt lat="-37.2473323" lon="-73.330425">
                <ele>17</ele>
            </trkpt>
            <trkpt lat="-37.2471871" lon="-73.3302721">
                <ele>17.3</ele>
            </trkpt>
            <trkpt lat="-37.2470547" lon="-73.3301219">
                <ele>17.5</ele>
            </trkpt>
            <trkpt lat="-37.2467622" lon="-73.3297867">
                <ele>17.2</ele>
            </trkpt>
            <trkpt lat="-37.2466768" lon="-73.3296901">
                <ele>16.8</ele>
            </trkpt>
            <trkpt lat="-37.2464867" lon="-73.3294728">
                <ele>16</ele>
            </trkpt>
            <trkpt lat="-37.2463437" lon="-73.3293173">
                <ele>14.5</ele>
            </trkpt>
            <trkpt lat="-37.246301" lon="-73.329277">
                <ele>14</ele>
            </trkpt>
            <trkpt lat="-37.2462647" lon="-73.3292583">
                <ele>13.8</ele>
            </trkpt>
            <trkpt lat="-37.2462327" lon="-73.3292475">
                <ele>13.5</ele>
            </trkpt>
            <trkpt lat="-37.2461921" lon="-73.3292502">
                <ele>13.2</ele>
            </trkpt>
            <trkpt lat="-37.2461643" lon="-73.3292556">
                <ele>13</ele>
            </trkpt>
            <trkpt lat="-37.2461527" lon="-73.3291644">
                <ele>13.2</ele>
            </trkpt>
            <trkpt lat="-37.2461527" lon="-73.3291644">
                <ele>13.2</ele>
            </trkpt>
            <trkpt lat="-37.2461344" lon="-73.3290195">
                <ele>13.5</ele>
            </trkpt>
            <trkpt lat="-37.2461152" lon="-73.3288667">
                <ele>13.8</ele>
            </trkpt>
            <trkpt lat="-37.2459999" lon="-73.3279788">
                <ele>14.2</ele>
            </trkpt>
            <trkpt lat="-37.2459124" lon="-73.3272949">
                <ele>15.2</ele>
            </trkpt>
            <trkpt lat="-37.2459017" lon="-73.3272117">
                <ele>15</ele>
            </trkpt>
            <trkpt lat="-37.2458825" lon="-73.3270669">
                <ele>15</ele>
            </trkpt>
            <trkpt lat="-37.2457928" lon="-73.3263481">
                <ele>15.2</ele>
            </trkpt>
            <trkpt lat="-37.2457416" lon="-73.3259538">
                <ele>16</ele>
            </trkpt>
            <trkpt lat="-37.2457245" lon="-73.3258143">
                <ele>16</ele>
            </trkpt>
            <trkpt lat="-37.2457138" lon="-73.3257365">
                <ele>15.9</ele>
            </trkpt>
            <trkpt lat="-37.2456049" lon="-73.3248729">
                <ele>15</ele>
            </trkpt>
            <trkpt lat="-37.2455601" lon="-73.3245215">
                <ele>14.8</ele>
            </trkpt>
            <trkpt lat="-37.2455451" lon="-73.3243927">
                <ele>14.5</ele>
            </trkpt>
            <trkpt lat="-37.2455281" lon="-73.324264">
                <ele>14.2</ele>
            </trkpt>
            <trkpt lat="-37.2454042" lon="-73.3232689">
                <ele>12.2</ele>
            </trkpt>
            <trkpt lat="-37.2453786" lon="-73.323065">
                <ele>12.8</ele>
            </trkpt>
            <trkpt lat="-37.2453701" lon="-73.3229819">
                <ele>13</ele>
            </trkpt>
            <trkpt lat="-37.245353" lon="-73.3228558">
                <ele>13.2</ele>
            </trkpt>
            <trkpt lat="-37.2453359" lon="-73.3227271">
                <ele>13.2</ele>
            </trkpt>
            <trkpt lat="-37.2452014" lon="-73.3216757">
                <ele>13</ele>
            </trkpt>
            <trkpt lat="-37.2451928" lon="-73.321622">
                <ele>13</ele>
            </trkpt>
            <trkpt lat="-37.2451822" lon="-73.3215308">
                <ele>13</ele>
            </trkpt>
            <trkpt lat="-37.2452078" lon="-73.3215228">
                <ele>13</ele>
            </trkpt>
            <trkpt lat="-37.2452227" lon="-73.3214879">
                <ele>13</ele>
            </trkpt>
            <trkpt lat="-37.245227" lon="-73.3214638">
                <ele>13</ele>
            </trkpt>
            <trkpt lat="-37.2452291" lon="-73.3214396">
                <ele>13</ele>
            </trkpt>
            <trkpt lat="-37.2452249" lon="-73.3214128">
                <ele>13</ele>
            </trkpt>
            <trkpt lat="-37.2452185" lon="-73.3213887">
                <ele>13</ele>
            </trkpt>
            <trkpt lat="-37.2452057" lon="-73.3213672">
                <ele>13</ele>
            </trkpt>
            <trkpt lat="-37.2451928" lon="-73.3213484">
                <ele>13</ele>
            </trkpt>
            <trkpt lat="-37.2451651" lon="-73.3213565">
                <ele>13</ele>
            </trkpt>
            <trkpt lat="-37.2451501" lon="-73.321268">
                <ele>12.8</ele>
            </trkpt>
            <trkpt lat="-37.244943" lon="-73.3200207">
                <ele>12</ele>
            </trkpt>
            <trkpt lat="-37.2449323" lon="-73.3199564">
                <ele>11.9</ele>
            </trkpt>
            <trkpt lat="-37.2448619" lon="-73.3199725">
                <ele>11.9</ele>
            </trkpt>
            <trkpt lat="-37.2439032" lon="-73.3201924">
                <ele>11</ele>
            </trkpt>
            <trkpt lat="-37.2438776" lon="-73.3201978">
                <ele>11</ele>
            </trkpt>
            <trkpt lat="-37.2438284" lon="-73.3202085">
                <ele>11</ele>
            </trkpt>
            <trkpt lat="-37.2437665" lon="-73.3202219">
                <ele>10.8</ele>
            </trkpt>
            <trkpt lat="-37.2427962" lon="-73.3204395">
                <ele>10.2</ele>
            </trkpt>
            <extensions>
                <osmand:route>
                    <segment id="1151369514" length="5" startTrkptIdx="0" segmentTime="4.64" speed="12.50" turnType="C" turnAngle="" types="0,1,2,3,4" pointTypes=";5;;;" names="0,0,40,41"/>
                    <segment id="1151369508" length="6" startTrkptIdx="4" segmentTime="2.11" speed="12.50" turnType="" turnAngle="" types="0,6,7,2,3,4" pointTypes=";;;;" names="0,0,40,41"/>
                    <segment id="1151369508" length="23" startTrkptIdx="9" segmentTime="43.66" speed="12.50" turnType="TSLL" turnAngle="-12.57" types="0,6,7,2,3,4" pointTypes=";5;8;;;;;;;;;;;;;;9;;;10;5;;" names="0,0,40,41"/>
                    <segment id="1150865585" length="122" startTrkptIdx="31" segmentTime="196.70" speed="12.50" turnType="" turnAngle="" types="0,1,2,3,4" pointTypes=";;;;;;;;;;;;;;;;;;;;;;;;5;5;;;;;;;;;;;;;;;;;;;;;;;;;;;;;;8;8;9;9;10;10;;;11;;;;;11;;;;;;;;;9;8;;;;;;;;8;10;9;10;10;;10;11;10;8;;;;;;;;;5;8;;5;;;;;;;;;;;;;5;" names="0,0,40,41"/>
                    <segment id="1150865585" length="88" startTrkptIdx="153" segmentTime="165.25" speed="12.50" turnType="C" turnAngle="" types="0,1,2,3,4" pointTypes=";8;5;8;;11;10;;11;11;;10;10;5;;;;;;;;;;;;;;;;;;;;;;;;;5;;;;;;;;;;;;;;;;5;8;9;10;10;9;9;;;10;9;9;5;;;;;;5;5;5;5;5;5;;;;;;;;5;;" names="0,0,40,41"/>
                    <segment id="1151369505" length="2" startTrkptIdx="240" segmentTime="6.13" speed="12.50" turnType="" turnAngle="" types="0,12,13,3,4" pointTypes=";" names="0,0,40,41"/>
                    <segment id="1151369505" length="3" startTrkptIdx="242" segmentTime="16.73" speed="1.29" turnType="C" turnAngle="" types="0,12,13,3,4" pointTypes=";14;" names="0,0,40,41"/>
                    <segment id="1151369503" length="7" startTrkptIdx="244" segmentTime="8.61" speed="12.50" turnType="TL" turnAngle="-76.25" types="0,6,15,16,17,3,4" pointTypes="5;5;5;;;;" names="0,0,40,41"/>
                    <segment id="517506144" length="20" startTrkptIdx="250" segmentTime="46.24" speed="12.50" turnType="" turnAngle="" types="0,6,15,16,17,3,4" pointTypes=";;;;;;;;;;;;;;;;;5;9;" names="0,0,40,41"/>
                    <segment id="1152579095" length="3" startTrkptIdx="269" segmentTime="9.17" speed="12.50" turnType="" turnAngle="" types="0,6,15,16,17,3,4" pointTypes="10;10;" names="0,0,40,41"/>
                    <segment id="1114962539" length="4" startTrkptIdx="271" segmentTime="3.37" speed="12.50" turnType="TSLR" turnAngle="5.42" types="18,19,20,16,17" pointTypes=";;;" names="42,43"/>
                    <segment id="1114962539" length="9" startTrkptIdx="275" segmentTime="25.47" speed="5.14" turnType="C" turnAngle="" types="18,19,20,16,17" pointTypes=";;;;;;5;14,5;5" names="42,43"/>
                    <segment id="517506145" length="74" startTrkptIdx="283" segmentTime="245.25" speed="12.50" turnType="" turnAngle="" types="0,6,16,17,3,4" pointTypes=";;;;;;;;;;;;8;10;;5;8;9;9;5;;;;;8;8;5;;;;;;5;8;;;;;;;;;;;;;;;;;;;;;;;;;;;;;;5;8;;;;;;;;;" names="0,0,40,41"/>
                    <segment id="1156818605" length="2" startTrkptIdx="356" segmentTime="4.79" speed="12.50" turnType="" turnAngle="" types="0,6,21,2,3,4" pointTypes=";" names="0,0,40,41"/>
                    <segment id="447793920" length="11" startTrkptIdx="357" segmentTime="44.97" speed="6.17" turnType="" turnAngle="" types="0,6,22,7,2,3,4" pointTypes=";;;;23;5;;;24;;" names="0,0,40,41"/>
                    <segment id="1156818603" length="7" startTrkptIdx="367" segmentTime="23.84" speed="1.79" turnType="" turnAngle="" types="0,6,22,16,17,3,4" pointTypes=";;;25,14;26,27,28;;" names="0,0,40,41"/>
                    <segment id="1155352752" length="2" startTrkptIdx="373" segmentTime="0.74" speed="11.11" turnType="TR" turnAngle="86.32" types="29,30,31,6,22,15,7,32,2,3,4" pointTypes=";" names="0,39,44,45,46,47,48"/>
                    <segment id="1155352752" length="6" startTrkptIdx="375" segmentTime="35.76" speed="4.90" turnType="C" turnAngle="" types="29,30,31,6,22,15,7,32,2,3,4" pointTypes=";26,27,28;;23;26,27,28" names="0,39,44,45,46,47,48"/>
                    <segment id="1155352751" length="5" startTrkptIdx="380" segmentTime="21.28" speed="5.89" turnType="" turnAngle="" types="31,6,22,15,7,32,2,3,4" pointTypes=";26,27,28;;26,27,28" names="0,39,44,45,46,47,48"/>
                    <segment id="405182459" length="9" startTrkptIdx="384" segmentTime="52.85" speed="4.80" turnType="" turnAngle="" types="31,6,22,15,7,32,2,3,4" pointTypes=";26,27,28;23,5;26,27,28,5;;26,27,28;5;26,27,28;" names="0,39,44,45,46,47,48"/>
                    <segment id="1155352755" length="6" startTrkptIdx="392" segmentTime="46.72" speed="2.79" turnType="" turnAngle="" types="31,6,22,15,7,32,2,3,4" pointTypes=";26,27,28;23;33,14;26,27,28" names="0,39,44,45,46,47,48"/>
                    <segment id="1155352763" length="2" startTrkptIdx="397" segmentTime="0.17" speed="17.65" turnType="TR" turnAngle="85.43" types="31,20,17" pointTypes="" names="0"/>
                    <segment id="443529898" length="8" startTrkptIdx="398" segmentTime="1.23" speed="13.89" turnType="TL" turnAngle="-58.09" types="34,6,35,20,21,2" pointTypes="" names="0"/>
                    <segment id="798516601" length="2" startTrkptIdx="405" segmentTime="0.18" speed="17.65" turnType="TL" turnAngle="-70.87" types="31,20,32,17,3,4" pointTypes="" names="0,39,44,45,46,47,48"/>
                    <segment id="353548053" length="4" startTrkptIdx="406" segmentTime="19.12" speed="6.62" turnType="TR" turnAngle="91.20" types="34,6,35,20,7,2" pointTypes=";26,27,28,5;26,27,28;" names="0"/>
                    <segment id="93516268" length="5" startTrkptIdx="409" segmentTime="32.84" speed="3.80" turnType="TL" turnAngle="-88.56" types="36,6,20,7,2" pointTypes=";26,27,28;37;26,27,28;5" names="38"/>
                    <segment id="1014933514" length="3" startTrkptIdx="413" segmentTime="17.00" speed="6.86" turnType="" turnAngle="" types="36,6,20,7,2" pointTypes=";26,27,28,8;" names="38"/>
                </osmand:route>
                <osmand:types>
                    <type t="highway" v="tertiary"/>
                    <type t="surface" v="fine_gravel"/>
                    <type t="osmand_highway_integrity_brouting" v="1"/>
                    <type t="route_road_1_shield_color" v="green"/>
                    <type t="road_shield_color_1" v="green"/>
                    <type t="osmand_ele_decline_1" v="1"/>
                    <type t="lanes" v="2"/>
                    <type t="surface" v="concrete"/>
                    <type t="osmand_ele_decline_3" v="1"/>
                    <type t="osmand_ele_decline_5" v="1"/>
                    <type t="osmand_ele_decline_7" v="1"/>
                    <type t="osmand_ele_decline_11" v="1"/>
                    <type t="surface" v="unpaved"/>
                    <type t="osmand_highway_integrity_brouting" v="4"/>
                    <type t="highway" v="stop"/>
                    <type t="oneway" v="no"/>
                    <type t="surface" v="asphalt"/>
                    <type t="osmand_highway_integrity_brouting" v="0"/>
                    <type t="highway" v="tertiary_link"/>
                    <type t="lanes" v="1"/>
                    <type t="oneway" v="yes"/>
                    <type t="surface" v="paved"/>
                    <type t="maxspeed" v="40"/>
                    <type t="traffic_calming" v="hump"/>
                    <type t="traffic_calming" v="bump"/>
                    <type t="direction" v="backward"/>
                    <type t="crossing" v="uncontrolled"/>
                    <type t="crossing:markings" v="zebra"/>
                    <type t="highway" v="crossing"/>
                    <type t="hgv" v="no"/>
                    <type t="hgv:conditional" v="yes @ (08:30-11:30,20:00-23:00)"/>
                    <type t="highway" v="primary"/>
                    <type t="route_road_1_network" v="cl:regional"/>
                    <type t="direction" v="forward"/>
                    <type t="highway" v="secondary"/>
                    <type t="maxspeed" v="50"/>
                    <type t="highway" v="residential"/>
                    <type t="highway" v="give_way"/>
                    <type t="name" v="Serrano"/>
                    <type t="ref" v="P-20"/>
                    <type t="road_ref_1" v="P-300"/>
                    <type t="route_road_1_ref" v="P-300"/>
                    <type t="destination" v="Arauco"/>
                    <type t="destination:ref" v="P-300"/>
                    <type t="road_name_1" v="Ruta P-20"/>
                    <type t="road_network_1" v="cl:regional"/>
                    <type t="road_ref_1" v="P-20"/>
                    <type t="route_road_1_name" v="Ruta P-20"/>
                    <type t="route_road_1_ref" v="P-20"/>
                </osmand:types>
            </extensions>
        </trkseg>
        <trkseg>
            <trkpt lat="-37.310841" lon="-73.368819">
                <ele>20.2</ele>
            </trkpt>
            <trkpt lat="-37.3108701" lon="-73.3689308">
                <ele>19.8</ele>
            </trkpt>
            <trkpt lat="-37.3109149" lon="-73.3690301">
                <ele>19.5</ele>
            </trkpt>
            <trkpt lat="-37.3109405" lon="-73.369081">
                <ele>19.5</ele>
            </trkpt>
            <trkpt lat="-37.3109725" lon="-73.3691266">
                <ele>19.5</ele>
            </trkpt>
            <trkpt lat="-37.3110109" lon="-73.3691642">
                <ele>19.5</ele>
            </trkpt>
            <trkpt lat="-37.3110514" lon="-73.3691964">
                <ele>19.4</ele>
            </trkpt>
            <trkpt lat="-37.3110962" lon="-73.3692205">
                <ele>19.4</ele>
            </trkpt>
            <trkpt lat="-37.3111431" lon="-73.3692366">
                <ele>19.4</ele>
            </trkpt>
            <trkpt lat="-37.3112285" lon="-73.369258">
                <ele>19.4</ele>
            </trkpt>
            <trkpt lat="-37.3113394" lon="-73.3692715">
                <ele>19.4</ele>
            </trkpt>
            <trkpt lat="-37.3117405" lon="-73.3692876">
                <ele>19.2</ele>
            </trkpt>
            <trkpt lat="-37.3122866" lon="-73.3693171">
                <ele>18.2</ele>
            </trkpt>
            <trkpt lat="-37.3133191" lon="-73.3693439">
                <ele>20.5</ele>
            </trkpt>
            <trkpt lat="-37.3136711" lon="-73.36936">
                <ele>22</ele>
            </trkpt>
            <trkpt lat="-37.3139548" lon="-73.3693546">
                <ele>22.8</ele>
            </trkpt>
            <trkpt lat="-37.3142812" lon="-73.3693492">
                <ele>23.8</ele>
            </trkpt>
            <trkpt lat="-37.3145521" lon="-73.3693358">
                <ele>23.5</ele>
            </trkpt>
            <trkpt lat="-37.3146097" lon="-73.3693331">
                <ele>23.5</ele>
            </trkpt>
            <trkpt lat="-37.3146673" lon="-73.3693358">
                <ele>23.6</ele>
            </trkpt>
            <trkpt lat="-37.3147121" lon="-73.3693412">
                <ele>23.6</ele>
            </trkpt>
            <trkpt lat="-37.314759" lon="-73.3693492">
                <ele>23.7</ele>
            </trkpt>
            <trkpt lat="-37.3148316" lon="-73.3693707">
                <ele>23.8</ele>
            </trkpt>
            <trkpt lat="-37.3149147" lon="-73.3694056">
                <ele>24.2</ele>
            </trkpt>
            <trkpt lat="-37.3149937" lon="-73.3694512">
                <ele>24.8</ele>
            </trkpt>
            <trkpt lat="-37.3155654" lon="-73.3698213">
                <ele>28.5</ele>
            </trkpt>
            <trkpt lat="-37.3159707" lon="-73.370052">
                <ele>29.2</ele>
            </trkpt>
            <trkpt lat="-37.3165765" lon="-73.3703873">
                <ele>27.2</ele>
            </trkpt>
            <trkpt lat="-37.3167173" lon="-73.3704624">
                <ele>26</ele>
            </trkpt>
            <trkpt lat="-37.3168645" lon="-73.3705562">
                <ele>24.8</ele>
            </trkpt>
            <trkpt lat="-37.3170138" lon="-73.3706635">
                <ele>23.5</ele>
            </trkpt>
            <trkpt lat="-37.3171311" lon="-73.3707359">
                <ele>22.5</ele>
            </trkpt>
            <trkpt lat="-37.3172058" lon="-73.3707815">
                <ele>22.5</ele>
            </trkpt>
            <trkpt lat="-37.3173743" lon="-73.3708701">
                <ele>22</ele>
            </trkpt>
            <trkpt lat="-37.3174127" lon="-73.3708888">
                <ele>21.8</ele>
            </trkpt>
            <trkpt lat="-37.3174468" lon="-73.3709157">
                <ele>21.5</ele>
            </trkpt>
            <trkpt lat="-37.3174831" lon="-73.3709478">
                <ele>21.2</ele>
            </trkpt>
            <trkpt lat="-37.3175172" lon="-73.3709881">
                <ele>21</ele>
            </trkpt>
            <trkpt lat="-37.3176388" lon="-73.371149">
                <ele>20.2</ele>
            </trkpt>
            <trkpt lat="-37.3177092" lon="-73.3712563">
                <ele>20.3</ele>
            </trkpt>
            <trkpt lat="-37.3177796" lon="-73.3713663">
                <ele>20.4</ele>
            </trkpt>
            <trkpt lat="-37.3178393" lon="-73.3714655">
                <ele>20.4</ele>
            </trkpt>
            <trkpt lat="-37.3178948" lon="-73.3715674">
                <ele>20.4</ele>
            </trkpt>
            <trkpt lat="-37.3179566" lon="-73.3716881">
                <ele>20.5</ele>
            </trkpt>
            <trkpt lat="-37.31801" lon="-73.3718115">
                <ele>21</ele>
            </trkpt>
            <trkpt lat="-37.3180505" lon="-73.3719322">
                <ele>21.5</ele>
            </trkpt>
            <trkpt lat="-37.3180889" lon="-73.372077">
                <ele>22.2</ele>
            </trkpt>
            <trkpt lat="-37.3181209" lon="-73.3722246">
                <ele>23</ele>
            </trkpt>
            <trkpt lat="-37.3181422" lon="-73.3723506">
                <ele>24</ele>
            </trkpt>
            <trkpt lat="-37.3181593" lon="-73.3724767">
                <ele>25.2</ele>
            </trkpt>
            <trkpt lat="-37.3181785" lon="-73.3726081">
                <ele>26.5</ele>
            </trkpt>
            <trkpt lat="-37.3181913" lon="-73.3727422">
                <ele>27.8</ele>
            </trkpt>
            <trkpt lat="-37.3181977" lon="-73.3729139">
                <ele>29</ele>
            </trkpt>
            <trkpt lat="-37.3181977" lon="-73.3730882">
                <ele>30</ele>
            </trkpt>
            <trkpt lat="-37.3181998" lon="-73.3734316">
                <ele>29.8</ele>
            </trkpt>
            <trkpt lat="-37.3182062" lon="-73.3736649">
                <ele>29</ele>
            </trkpt>
            <trkpt lat="-37.3182297" lon="-73.3738366">
                <ele>27.8</ele>
            </trkpt>
            <trkpt lat="-37.3182638" lon="-73.3740216">
                <ele>26.5</ele>
            </trkpt>
            <trkpt lat="-37.3184025" lon="-73.3744079">
                <ele>25.8</ele>
            </trkpt>
            <trkpt lat="-37.3188035" lon="-73.3754513">
                <ele>23.8</ele>
            </trkpt>
            <trkpt lat="-37.3190616" lon="-73.3761111">
                <ele>28</ele>
            </trkpt>
            <trkpt lat="-37.319149" lon="-73.3763444">
                <ele>30.8</ele>
            </trkpt>
            <trkpt lat="-37.3193453" lon="-73.3769614">
                <ele>42</ele>
            </trkpt>
            <trkpt lat="-37.3193943" lon="-73.3771384">
                <ele>45.8</ele>
            </trkpt>
            <trkpt lat="-37.3194178" lon="-73.3772993">
                <ele>48.8</ele>
            </trkpt>
            <trkpt lat="-37.319437" lon="-73.377471">
                <ele>52.2</ele>
            </trkpt>
            <trkpt lat="-37.3194434" lon="-73.3775622">
                <ele>54</ele>
            </trkpt>
            <trkpt lat="-37.3194711" lon="-73.3776399">
                <ele>56.2</ele>
            </trkpt>
            <trkpt lat="-37.3195074" lon="-73.3776748">
                <ele>57.8</ele>
            </trkpt>
            <trkpt lat="-37.3195415" lon="-73.3776829">
                <ele>58.8</ele>
            </trkpt>
            <trkpt lat="-37.3195906" lon="-73.377656">
                <ele>59.2</ele>
            </trkpt>
            <trkpt lat="-37.3196418" lon="-73.3775756">
                <ele>58.5</ele>
            </trkpt>
            <trkpt lat="-37.319757" lon="-73.3773422">
                <ele>56.8</ele>
            </trkpt>
            <trkpt lat="-37.3199212" lon="-73.3770123">
                <ele>52</ele>
            </trkpt>
            <trkpt lat="-37.3199852" lon="-73.376897">
                <ele>50.5</ele>
            </trkpt>
            <trkpt lat="-37.3200385" lon="-73.3768407">
                <ele>49.8</ele>
            </trkpt>
            <trkpt lat="-37.3200876" lon="-73.3768219">
                <ele>49.2</ele>
            </trkpt>
            <trkpt lat="-37.3201281" lon="-73.3768407">
                <ele>49.4</ele>
            </trkpt>
            <trkpt lat="-37.3201772" lon="-73.3768862">
                <ele>49.5</ele>
            </trkpt>
            <trkpt lat="-37.3201985" lon="-73.3769694">
                <ele>50.5</ele>
            </trkpt>
            <trkpt lat="-37.3201793" lon="-73.3771598">
                <ele>54</ele>
            </trkpt>
            <trkpt lat="-37.320111" lon="-73.3774522">
                <ele>59.5</ele>
            </trkpt>
            <trkpt lat="-37.3200791" lon="-73.3776319">
                <ele>63</ele>
            </trkpt>
            <trkpt lat="-37.3200428" lon="-73.3780101">
                <ele>70</ele>
            </trkpt>
            <trkpt lat="-37.3199447" lon="-73.3784553">
                <ele>77</ele>
            </trkpt>
            <trkpt lat="-37.3199041" lon="-73.3786243">
                <ele>79.8</ele>
            </trkpt>
            <trkpt lat="-37.3198743" lon="-73.3787262">
                <ele>81</ele>
            </trkpt>
            <trkpt lat="-37.31987" lon="-73.3788121">
                <ele>82</ele>
            </trkpt>
            <trkpt lat="-37.3198935" lon="-73.3788872">
                <ele>83</ele>
            </trkpt>
            <trkpt lat="-37.3199724" lon="-73.3790025">
                <ele>84.2</ele>
            </trkpt>
            <trkpt lat="-37.3201388" lon="-73.3792251">
                <ele>86</ele>
            </trkpt>
            <trkpt lat="-37.3203713" lon="-73.379606">
                <ele>88.2</ele>
            </trkpt>
            <trkpt lat="-37.3204822" lon="-73.3799037">
                <ele>90</ele>
            </trkpt>
            <trkpt lat="-37.320495" lon="-73.3801451">
                <ele>93.2</ele>
            </trkpt>
            <trkpt lat="-37.3204673" lon="-73.3803973">
                <ele>97.8</ele>
            </trkpt>
            <trkpt lat="-37.3203734" lon="-73.3807969">
                <ele>106</ele>
            </trkpt>
            <trkpt lat="-37.3203009" lon="-73.3810034">
                <ele>109.8</ele>
            </trkpt>
            <trkpt lat="-37.3202412" lon="-73.381277">
                <ele>113.2</ele>
            </trkpt>
            <trkpt lat="-37.3202241" lon="-73.3814514">
                <ele>114.8</ele>
            </trkpt>
            <trkpt lat="-37.320254" lon="-73.381682">
                <ele>115.8</ele>
            </trkpt>
            <trkpt lat="-37.3203009" lon="-73.381969">
                <ele>116</ele>
            </trkpt>
            <trkpt lat="-37.3203372" lon="-73.3820817">
                <ele>115.5</ele>
            </trkpt>
            <trkpt lat="-37.3203777" lon="-73.3821943">
                <ele>114.2</ele>
            </trkpt>
            <trkpt lat="-37.3204417" lon="-73.3823526">
                <ele>114</ele>
            </trkpt>
            <trkpt lat="-37.3204758" lon="-73.3824304">
                <ele>113.2</ele>
            </trkpt>
            <trkpt lat="-37.3205142" lon="-73.3825082">
                <ele>112.5</ele>
            </trkpt>
            <trkpt lat="-37.3205569" lon="-73.3825833">
                <ele>111.5</ele>
            </trkpt>
            <trkpt lat="-37.3206059" lon="-73.3826557">
                <ele>110.5</ele>
            </trkpt>
            <trkpt lat="-37.3206571" lon="-73.3827227">
                <ele>109.5</ele>
            </trkpt>
            <trkpt lat="-37.3207126" lon="-73.3827817">
                <ele>108.2</ele>
            </trkpt>
            <trkpt lat="-37.3207723" lon="-73.3828354">
                <ele>107</ele>
            </trkpt>
            <trkpt lat="-37.3208363" lon="-73.3828837">
                <ele>105.8</ele>
            </trkpt>
            <trkpt lat="-37.3209003" lon="-73.3829319">
                <ele>104.5</ele>
            </trkpt>
            <trkpt lat="-37.3209643" lon="-73.3829883">
                <ele>103.2</ele>
            </trkpt>
            <trkpt lat="-37.321024" lon="-73.3830526">
                <ele>102.2</ele>
            </trkpt>
            <trkpt lat="-37.3210944" lon="-73.3831385">
                <ele>101</ele>
            </trkpt>
            <trkpt lat="-37.3211584" lon="-73.383235">
                <ele>100.2</ele>
            </trkpt>
            <trkpt lat="-37.3212181" lon="-73.3833396">
                <ele>100</ele>
            </trkpt>
            <trkpt lat="-37.321265" lon="-73.3834362">
                <ele>100</ele>
            </trkpt>
            <trkpt lat="-37.3213077" lon="-73.3835381">
                <ele>100.1</ele>
            </trkpt>
            <trkpt lat="-37.3213461" lon="-73.3836427">
                <ele>100.1</ele>
            </trkpt>
            <trkpt lat="-37.3214271" lon="-73.3838949">
                <ele>100.2</ele>
            </trkpt>
            <trkpt lat="-37.3215018" lon="-73.3841497">
                <ele>100.8</ele>
            </trkpt>
            <trkpt lat="-37.3215402" lon="-73.3843213">
                <ele>100.5</ele>
            </trkpt>
            <trkpt lat="-37.3215551" lon="-73.3843777">
                <ele>100.2</ele>
            </trkpt>
            <trkpt lat="-37.3215722" lon="-73.3844313">
                <ele>100.3</ele>
            </trkpt>
            <trkpt lat="-37.3215956" lon="-73.3844823">
                <ele>100.4</ele>
            </trkpt>
            <trkpt lat="-37.3216234" lon="-73.3845305">
                <ele>100.5</ele>
            </trkpt>
            <trkpt lat="-37.3216596" lon="-73.3845761">
                <ele>101</ele>
            </trkpt>
            <trkpt lat="-37.3217002" lon="-73.3846164">
                <ele>101.5</ele>
            </trkpt>
            <trkpt lat="-37.3217428" lon="-73.3846512">
                <ele>102.2</ele>
            </trkpt>
            <trkpt lat="-37.3217919" lon="-73.3846807">
                <ele>103</ele>
            </trkpt>
            <trkpt lat="-37.3218836" lon="-73.3847156">
                <ele>104.8</ele>
            </trkpt>
            <trkpt lat="-37.3219732" lon="-73.3847612">
                <ele>106.2</ele>
            </trkpt>
            <trkpt lat="-37.3220414" lon="-73.3848068">
                <ele>107.5</ele>
            </trkpt>
            <trkpt lat="-37.3221076" lon="-73.3848578">
                <ele>108.8</ele>
            </trkpt>
            <trkpt lat="-37.3221694" lon="-73.3849141">
                <ele>110</ele>
            </trkpt>
            <trkpt lat="-37.322227" lon="-73.3849731">
                <ele>111</ele>
            </trkpt>
            <trkpt lat="-37.3223081" lon="-73.3850589">
                <ele>112</ele>
            </trkpt>
            <trkpt lat="-37.3223934" lon="-73.385134">
                <ele>113.2</ele>
            </trkpt>
            <trkpt lat="-37.3224744" lon="-73.3852011">
                <ele>114.5</ele>
            </trkpt>
            <trkpt lat="-37.3225576" lon="-73.3852574">
                <ele>116</ele>
            </trkpt>
            <trkpt lat="-37.3226451" lon="-73.3853111">
                <ele>118</ele>
            </trkpt>
            <trkpt lat="-37.322852" lon="-73.3854291">
                <ele>122.5</ele>
            </trkpt>
            <trkpt lat="-37.3230589" lon="-73.3855417">
                <ele>125.8</ele>
            </trkpt>
            <trkpt lat="-37.3234364" lon="-73.3857805">
                <ele>131.8</ele>
            </trkpt>
            <trkpt lat="-37.3235047" lon="-73.3858261">
                <ele>132.8</ele>
            </trkpt>
            <trkpt lat="-37.3235687" lon="-73.3858797">
                <ele>133.8</ele>
            </trkpt>
            <trkpt lat="-37.3236284" lon="-73.3859387">
                <ele>134.8</ele>
            </trkpt>
            <trkpt lat="-37.3236881" lon="-73.3860138">
                <ele>136</ele>
            </trkpt>
            <trkpt lat="-37.3237436" lon="-73.3860943">
                <ele>137.2</ele>
            </trkpt>
            <trkpt lat="-37.3237926" lon="-73.3861801">
                <ele>138.5</ele>
            </trkpt>
            <trkpt lat="-37.3238417" lon="-73.3862793">
                <ele>139.8</ele>
            </trkpt>
            <trkpt lat="-37.3238822" lon="-73.3863786">
                <ele>141</ele>
            </trkpt>
            <trkpt lat="-37.3239185" lon="-73.3864832">
                <ele>142</ele>
            </trkpt>
            <trkpt lat="-37.3239462" lon="-73.3865932">
                <ele>142.5</ele>
            </trkpt>
            <trkpt lat="-37.3239782" lon="-73.3867246">
                <ele>142.8</ele>
            </trkpt>
            <trkpt lat="-37.3240038" lon="-73.3868614">
                <ele>143.2</ele>
            </trkpt>
            <trkpt lat="-37.3240251" lon="-73.3869982">
                <ele>143.5</ele>
            </trkpt>
            <trkpt lat="-37.3240379" lon="-73.3871377">
                <ele>143.2</ele>
            </trkpt>
            <trkpt lat="-37.3240614" lon="-73.3873308">
                <ele>142.8</ele>
            </trkpt>
            <trkpt lat="-37.3240806" lon="-73.3875293">
                <ele>143</ele>
            </trkpt>
            <trkpt lat="-37.3240955" lon="-73.3877921">
                <ele>143.3</ele>
            </trkpt>
            <trkpt lat="-37.3241062" lon="-73.3880496">
                <ele>143.5</ele>
            </trkpt>
            <trkpt lat="-37.3241147" lon="-73.3883178">
                <ele>143</ele>
            </trkpt>
            <trkpt lat="-37.3241339" lon="-73.388873">
                <ele>143.2</ele>
            </trkpt>
            <trkpt lat="-37.3241595" lon="-73.3892807">
                <ele>143</ele>
            </trkpt>
            <trkpt lat="-37.3242256" lon="-73.3900586">
                <ele>143.2</ele>
            </trkpt>
            <trkpt lat="-37.324296" lon="-73.3907586">
                <ele>143.1</ele>
            </trkpt>
            <trkpt lat="-37.3243301" lon="-73.3910725">
                <ele>143.1</ele>
            </trkpt>
            <trkpt lat="-37.3243941" lon="-73.3914641">
                <ele>143</ele>
            </trkpt>
            <trkpt lat="-37.3244304" lon="-73.3917028">
                <ele>142.5</ele>
            </trkpt>
            <trkpt lat="-37.324473" lon="-73.3919415">
                <ele>142.2</ele>
            </trkpt>
            <trkpt lat="-37.3245135" lon="-73.3921507">
                <ele>141.8</ele>
            </trkpt>
            <trkpt lat="-37.3245605" lon="-73.3923572">
                <ele>141.2</ele>
            </trkpt>
            <trkpt lat="-37.3246117" lon="-73.3925343">
                <ele>141.1</ele>
            </trkpt>
            <trkpt lat="-37.3246714" lon="-73.3927086">
                <ele>141</ele>
            </trkpt>
            <trkpt lat="-37.3247375" lon="-73.3928776">
                <ele>141</ele>
            </trkpt>
            <trkpt lat="-37.3247908" lon="-73.3929929">
                <ele>141</ele>
            </trkpt>
            <trkpt lat="-37.3248463" lon="-73.3931082">
                <ele>141</ele>
            </trkpt>
            <trkpt lat="-37.324906" lon="-73.3932182">
                <ele>140.9</ele>
            </trkpt>
            <trkpt lat="-37.3249871" lon="-73.3933711">
                <ele>140.8</ele>
            </trkpt>
            <trkpt lat="-37.3250724" lon="-73.3935213">
                <ele>140.8</ele>
            </trkpt>
            <trkpt lat="-37.3251641" lon="-73.3936661">
                <ele>141</ele>
            </trkpt>
            <trkpt lat="-37.3251641" lon="-73.3938056">
                <ele>141</ele>
            </trkpt>
            <trkpt lat="-37.3251641" lon="-73.3939692">
                <ele>141</ele>
            </trkpt>
            <trkpt lat="-37.3251641" lon="-73.3941087">
                <ele>141</ele>
            </trkpt>
            <trkpt lat="-37.3250852" lon="-73.3942643">
                <ele>140.2</ele>
            </trkpt>
            <trkpt lat="-37.3250489" lon="-73.394334">
                <ele>139.8</ele>
            </trkpt>
            <trkpt lat="-37.3250084" lon="-73.3944038">
                <ele>139.2</ele>
            </trkpt>
            <trkpt lat="-37.3249679" lon="-73.3944654">
                <ele>138.8</ele>
            </trkpt>
            <trkpt lat="-37.3249231" lon="-73.3945245">
                <ele>138.2</ele>
            </trkpt>
            <trkpt lat="-37.324825" lon="-73.3946639">
                <ele>137</ele>
            </trkpt>
            <trkpt lat="-37.3247375" lon="-73.3947954">
                <ele>136</ele>
            </trkpt>
            <trkpt lat="-37.3244837" lon="-73.3952057">
                <ele>133.5</ele>
            </trkpt>
            <trkpt lat="-37.3241893" lon="-73.3956859">
                <ele>132</ele>
            </trkpt>
            <trkpt lat="-37.3241104" lon="-73.39582">
                <ele>132</ele>
            </trkpt>
            <trkpt lat="-37.3240763" lon="-73.3958843">
                <ele>132.1</ele>
            </trkpt>
            <trkpt lat="-37.3240571" lon="-73.3959299">
                <ele>132.1</ele>
            </trkpt>
            <trkpt lat="-37.3240251" lon="-73.3960104">
                <ele>132.1</ele>
            </trkpt>
            <trkpt lat="-37.3240059" lon="-73.3960694">
                <ele>132.1</ele>
            </trkpt>
            <trkpt lat="-37.3239718" lon="-73.3961874">
                <ele>132.1</ele>
            </trkpt>
            <trkpt lat="-37.3239419" lon="-73.3963081">
                <ele>132.1</ele>
            </trkpt>
            <trkpt lat="-37.3239142" lon="-73.396453">
                <ele>132.2</ele>
            </trkpt>
            <trkpt lat="-37.323895" lon="-73.3965951">
                <ele>132.2</ele>
            </trkpt>
            <trkpt lat="-37.3238651" lon="-73.3968043">
                <ele>132.2</ele>
            </trkpt>
            <trkpt lat="-37.3238395" lon="-73.3970109">
                <ele>132.8</ele>
            </trkpt>
            <trkpt lat="-37.3238033" lon="-73.3973891">
                <ele>133.2</ele>
            </trkpt>
            <trkpt lat="-37.3237244" lon="-73.398132">
                <ele>133.5</ele>
            </trkpt>
            <trkpt lat="-37.3237009" lon="-73.3983386">
                <ele>133</ele>
            </trkpt>
            <trkpt lat="-37.3236838" lon="-73.3985451">
                <ele>132.8</ele>
            </trkpt>
            <trkpt lat="-37.3236753" lon="-73.398698">
                <ele>132.5</ele>
            </trkpt>
            <trkpt lat="-37.3236753" lon="-73.3988509">
                <ele>132.2</ele>
            </trkpt>
            <trkpt lat="-37.3236838" lon="-73.3990037">
                <ele>131.8</ele>
            </trkpt>
            <trkpt lat="-37.3236924" lon="-73.3990949">
                <ele>131.8</ele>
            </trkpt>
            <trkpt lat="-37.323703" lon="-73.3991835">
                <ele>131.9</ele>
            </trkpt>
            <trkpt lat="-37.3237414" lon="-73.3994034">
                <ele>132</ele>
            </trkpt>
            <trkpt lat="-37.3237691" lon="-73.3995348">
                <ele>132.1</ele>
            </trkpt>
            <trkpt lat="-37.3238011" lon="-73.3996555">
                <ele>132.2</ele>
            </trkpt>
            <trkpt lat="-37.3238353" lon="-73.3997735">
                <ele>132.5</ele>
            </trkpt>
            <trkpt lat="-37.3238758" lon="-73.3998889">
                <ele>133</ele>
            </trkpt>
            <trkpt lat="-37.3242661" lon="-73.4008089">
                <ele>136</ele>
            </trkpt>
            <trkpt lat="-37.3242981" lon="-73.4008947">
                <ele>136.1</ele>
            </trkpt>
            <trkpt lat="-37.3243258" lon="-73.4009832">
                <ele>136.2</ele>
            </trkpt>
            <trkpt lat="-37.3243408" lon="-73.4010476">
                <ele>136.3</ele>
            </trkpt>
            <trkpt lat="-37.3243514" lon="-73.4011093">
                <ele>136.3</ele>
            </trkpt>
            <trkpt lat="-37.3243557" lon="-73.4011763">
                <ele>136.3</ele>
            </trkpt>
            <trkpt lat="-37.3243536" lon="-73.4012488">
                <ele>136.4</ele>
            </trkpt>
            <trkpt lat="-37.324345" lon="-73.4013212">
                <ele>136.4</ele>
            </trkpt>
            <trkpt lat="-37.324328" lon="-73.4013909">
                <ele>136.4</ele>
            </trkpt>
            <trkpt lat="-37.324313" lon="-73.4014392">
                <ele>136.4</ele>
            </trkpt>
            <trkpt lat="-37.324296" lon="-73.4014848">
                <ele>136.5</ele>
            </trkpt>
            <trkpt lat="-37.3242555" lon="-73.4015733">
                <ele>136.5</ele>
            </trkpt>
            <trkpt lat="-37.3242064" lon="-73.4016564">
                <ele>136.8</ele>
            </trkpt>
            <trkpt lat="-37.3241488" lon="-73.4017369">
                <ele>136.6</ele>
            </trkpt>
            <trkpt lat="-37.324087" lon="-73.4018093">
                <ele>136.5</ele>
            </trkpt>
            <trkpt lat="-37.3240187" lon="-73.4018791">
                <ele>136.2</ele>
            </trkpt>
            <trkpt lat="-37.3239504" lon="-73.4019408">
                <ele>136</ele>
            </trkpt>
            <trkpt lat="-37.3238758" lon="-73.4019944">
                <ele>135.8</ele>
            </trkpt>
            <trkpt lat="-37.3238011" lon="-73.4020427">
                <ele>135.5</ele>
            </trkpt>
            <trkpt lat="-37.3237201" lon="-73.4020856">
                <ele>135.2</ele>
            </trkpt>
            <trkpt lat="-37.3233618" lon="-73.4022921">
                <ele>132.5</ele>
            </trkpt>
            <trkpt lat="-37.3232658" lon="-73.4023485">
                <ele>132</ele>
            </trkpt>
            <trkpt lat="-37.3231719" lon="-73.4024128">
                <ele>131.5</ele>
            </trkpt>
            <trkpt lat="-37.3230802" lon="-73.4024826">
                <ele>131</ele>
            </trkpt>
            <trkpt lat="-37.3229714" lon="-73.4025764">
                <ele>130.2</ele>
            </trkpt>
            <trkpt lat="-37.322869" lon="-73.4026811">
                <ele>129.5</ele>
            </trkpt>
            <trkpt lat="-37.3227688" lon="-73.402791">
                <ele>128.8</ele>
            </trkpt>
            <trkpt lat="-37.321681" lon="-73.4041455">
                <ele>133.2</ele>
            </trkpt>
            <trkpt lat="-37.3211861" lon="-73.404749">
                <ele>136.2</ele>
            </trkpt>
            <trkpt lat="-37.3206742" lon="-73.4053391">
                <ele>135.7</ele>
            </trkpt>
            <trkpt lat="-37.3199511" lon="-73.4060848">
                <ele>135</ele>
            </trkpt>
            <trkpt lat="-37.3198529" lon="-73.4061894">
                <ele>134.5</ele>
            </trkpt>
            <trkpt lat="-37.3197506" lon="-73.4062886">
                <ele>134.4</ele>
            </trkpt>
            <trkpt lat="-37.3196439" lon="-73.4063825">
                <ele>134.4</ele>
            </trkpt>
            <trkpt lat="-37.319533" lon="-73.4064683">
                <ele>134.3</ele>
            </trkpt>
            <trkpt lat="-37.3193879" lon="-73.4065756">
                <ele>134.2</ele>
            </trkpt>
            <trkpt lat="-37.3192365" lon="-73.4066668">
                <ele>134.5</ele>
            </trkpt>
            <trkpt lat="-37.3184174" lon="-73.4071469">
                <ele>135.2</ele>
            </trkpt>
            <trkpt lat="-37.318251" lon="-73.4072489">
                <ele>136</ele>
            </trkpt>
            <trkpt lat="-37.3180846" lon="-73.4073588">
                <ele>136.8</ele>
            </trkpt>
            <trkpt lat="-37.3179609" lon="-73.40745">
                <ele>137.8</ele>
            </trkpt>
            <trkpt lat="-37.3178414" lon="-73.4075466">
                <ele>139.2</ele>
            </trkpt>
            <trkpt lat="-37.317722" lon="-73.4076485">
                <ele>140.8</ele>
            </trkpt>
            <trkpt lat="-37.3176132" lon="-73.4077531">
                <ele>142</ele>
            </trkpt>
            <trkpt lat="-37.3175065" lon="-73.4078658">
                <ele>143</ele>
            </trkpt>
            <trkpt lat="-37.317402" lon="-73.4079784">
                <ele>143.8</ele>
            </trkpt>
            <trkpt lat="-37.3170586" lon="-73.4083834">
                <ele>145</ele>
            </trkpt>
            <trkpt lat="-37.3169349" lon="-73.4085122">
                <ele>144.9</ele>
            </trkpt>
            <trkpt lat="-37.316809" lon="-73.4086356">
                <ele>144.9</ele>
            </trkpt>
            <trkpt lat="-37.3166831" lon="-73.4087482">
                <ele>144.8</ele>
            </trkpt>
            <trkpt lat="-37.3165509" lon="-73.4088528">
                <ele>144.8</ele>
            </trkpt>
            <trkpt lat="-37.3164144" lon="-73.4089521">
                <ele>144.9</ele>
            </trkpt>
            <trkpt lat="-37.3162821" lon="-73.4090352">
                <ele>145</ele>
            </trkpt>
            <trkpt lat="-37.3161435" lon="-73.409113">
                <ele>144.9</ele>
            </trkpt>
            <trkpt lat="-37.3160027" lon="-73.40918">
                <ele>144.9</ele>
            </trkpt>
            <trkpt lat="-37.3158789" lon="-73.4092283">
                <ele>144.8</ele>
            </trkpt>
            <trkpt lat="-37.315751" lon="-73.4092712">
                <ele>144.8</ele>
            </trkpt>
            <trkpt lat="-37.315608" lon="-73.4093168">
                <ele>144.8</ele>
            </trkpt>
            <trkpt lat="-37.3150577" lon="-73.4094751">
                <ele>143.2</ele>
            </trkpt>
            <trkpt lat="-37.3149723" lon="-73.4095046">
                <ele>143</ele>
            </trkpt>
            <trkpt lat="-37.314887" lon="-73.4095368">
                <ele>142.5</ele>
            </trkpt>
            <trkpt lat="-37.3148017" lon="-73.409577">
                <ele>142</ele>
            </trkpt>
            <trkpt lat="-37.3147249" lon="-73.4096226">
                <ele>141.2</ele>
            </trkpt>
            <trkpt lat="-37.3146502" lon="-73.4096736">
                <ele>140.5</ele>
            </trkpt>
            <trkpt lat="-37.3145777" lon="-73.4097326">
                <ele>139.8</ele>
            </trkpt>
            <trkpt lat="-37.3145009" lon="-73.4098023">
                <ele>139</ele>
            </trkpt>
            <trkpt lat="-37.3144284" lon="-73.4098774">
                <ele>138.5</ele>
            </trkpt>
            <trkpt lat="-37.3143622" lon="-73.4099606">
                <ele>138</ele>
            </trkpt>
            <trkpt lat="-37.3137927" lon="-73.4107491">
                <ele>135.2</ele>
            </trkpt>
            <trkpt lat="-37.3136369" lon="-73.4109637">
                <ele>134.8</ele>
            </trkpt>
            <trkpt lat="-37.3134791" lon="-73.4111729">
                <ele>134</ele>
            </trkpt>
            <trkpt lat="-37.3133191" lon="-73.4113795">
                <ele>133</ele>
            </trkpt>
            <trkpt lat="-37.3131676" lon="-73.4115592">
                <ele>132.2</ele>
            </trkpt>
            <trkpt lat="-37.3130119" lon="-73.4117389">
                <ele>131.8</ele>
            </trkpt>
            <trkpt lat="-37.3128562" lon="-73.4119105">
                <ele>131.5</ele>
            </trkpt>
            <trkpt lat="-37.3123037" lon="-73.4125462">
                <ele>130.5</ele>
            </trkpt>
            <trkpt lat="-37.3120327" lon="-73.4128305">
                <ele>127</ele>
            </trkpt>
            <trkpt lat="-37.3117597" lon="-73.4131095">
                <ele>123</ele>
            </trkpt>
            <trkpt lat="-37.311557" lon="-73.413308">
                <ele>121.2</ele>
            </trkpt>
            <trkpt lat="-37.3113501" lon="-73.4134957">
                <ele>120</ele>
            </trkpt>
            <trkpt lat="-37.311205" lon="-73.4136191">
                <ele>119</ele>
            </trkpt>
            <trkpt lat="-37.3110578" lon="-73.4137371">
                <ele>118.5</ele>
            </trkpt>
            <trkpt lat="-37.3109085" lon="-73.4138525">
                <ele>118.5</ele>
            </trkpt>
            <trkpt lat="-37.3107954" lon="-73.4139302">
                <ele>118.6</ele>
            </trkpt>
            <trkpt lat="-37.3106802" lon="-73.4140027">
                <ele>118.6</ele>
            </trkpt>
            <trkpt lat="-37.3105736" lon="-73.4140563">
                <ele>118.7</ele>
            </trkpt>
            <trkpt lat="-37.3104626" lon="-73.4141019">
                <ele>118.7</ele>
            </trkpt>
            <trkpt lat="-37.3103517" lon="-73.4141368">
                <ele>118.7</ele>
            </trkpt>
            <trkpt lat="-37.3102877" lon="-73.4141502">
                <ele>118.7</ele>
            </trkpt>
            <trkpt lat="-37.3102237" lon="-73.4141582">
                <ele>118.8</ele>
            </trkpt>
            <trkpt lat="-37.3100957" lon="-73.414177">
                <ele>119.2</ele>
            </trkpt>
            <trkpt lat="-37.3099677" lon="-73.4141877">
                <ele>119.8</ele>
            </trkpt>
            <trkpt lat="-37.3098354" lon="-73.4141958">
                <ele>120.2</ele>
            </trkpt>
            <trkpt lat="-37.309701" lon="-73.4141985">
                <ele>120.8</ele>
            </trkpt>
            <trkpt lat="-37.3094109" lon="-73.4141824">
                <ele>122</ele>
            </trkpt>
            <trkpt lat="-37.3092594" lon="-73.4141716">
                <ele>123</ele>
            </trkpt>
            <trkpt lat="-37.3091079" lon="-73.4141663">
                <ele>123.8</ele>
            </trkpt>
            <trkpt lat="-37.3089565" lon="-73.414169">
                <ele>124.2</ele>
            </trkpt>
            <trkpt lat="-37.3088669" lon="-73.4141716">
                <ele>124.5</ele>
            </trkpt>
            <trkpt lat="-37.3087773" lon="-73.4141797">
                <ele>124.8</ele>
            </trkpt>
            <trkpt lat="-37.3087005" lon="-73.4141904">
                <ele>124.7</ele>
            </trkpt>
            <trkpt lat="-37.3086215" lon="-73.4142065">
                <ele>124.7</ele>
            </trkpt>
            <trkpt lat="-37.3085362" lon="-73.4142333">
                <ele>124.6</ele>
            </trkpt>
            <trkpt lat="-37.3084466" lon="-73.4142736">
                <ele>124.6</ele>
            </trkpt>
            <trkpt lat="-37.3083591" lon="-73.4143192">
                <ele>124.5</ele>
            </trkpt>
            <trkpt lat="-37.3082738" lon="-73.4143701">
                <ele>124.5</ele>
            </trkpt>
            <trkpt lat="-37.3082077" lon="-73.4144184">
                <ele>124.2</ele>
            </trkpt>
            <trkpt lat="-37.3081415" lon="-73.414472">
                <ele>124</ele>
            </trkpt>
            <trkpt lat="-37.3080114" lon="-73.4145793">
                <ele>123.8</ele>
            </trkpt>
            <trkpt lat="-37.3078812" lon="-73.414692">
                <ele>123.5</ele>
            </trkpt>
            <trkpt lat="-37.3077532" lon="-73.41481">
                <ele>123</ele>
            </trkpt>
            <trkpt lat="-37.3076295" lon="-73.4149361">
                <ele>122.5</ele>
            </trkpt>
            <trkpt lat="-37.3074652" lon="-73.415089">
                <ele>122</ele>
            </trkpt>
            <trkpt lat="-37.3072967" lon="-73.4152392">
                <ele>121.2</ele>
            </trkpt>
            <trkpt lat="-37.3071751" lon="-73.4153411">
                <ele>121.4</ele>
            </trkpt>
            <trkpt lat="-37.3070492" lon="-73.4154403">
                <ele>121.5</ele>
            </trkpt>
            <trkpt lat="-37.3068487" lon="-73.4155878">
                <ele>121.8</ele>
            </trkpt>
            <trkpt lat="-37.3067847" lon="-73.4156361">
                <ele>121.8</ele>
            </trkpt>
            <trkpt lat="-37.3067228" lon="-73.4156898">
                <ele>121.9</ele>
            </trkpt>
            <trkpt lat="-37.3066652" lon="-73.4157488">
                <ele>122</ele>
            </trkpt>
            <trkpt lat="-37.306614" lon="-73.4158158">
                <ele>122.5</ele>
            </trkpt>
            <trkpt lat="-37.306582" lon="-73.4158587">
                <ele>122.8</ele>
            </trkpt>
            <trkpt lat="-37.3065521" lon="-73.4159043">
                <ele>123</ele>
            </trkpt>
            <trkpt lat="-37.3064945" lon="-73.4160009">
                <ele>123.5</ele>
            </trkpt>
            <trkpt lat="-37.3064412" lon="-73.4161001">
                <ele>124.2</ele>
            </trkpt>
            <trkpt lat="-37.3064007" lon="-73.4161887">
                <ele>125</ele>
            </trkpt>
            <trkpt lat="-37.3063601" lon="-73.4162799">
                <ele>125.5</ele>
            </trkpt>
            <trkpt lat="-37.3062876" lon="-73.4164622">
                <ele>126.2</ele>
            </trkpt>
            <trkpt lat="-37.3062236" lon="-73.4166393">
                <ele>127.5</ele>
            </trkpt>
            <trkpt lat="-37.3061638" lon="-73.416819">
                <ele>129</ele>
            </trkpt>
            <trkpt lat="-37.3061084" lon="-73.4170014">
                <ele>130</ele>
            </trkpt>
            <trkpt lat="-37.3060657" lon="-73.4171596">
                <ele>130.8</ele>
            </trkpt>
            <trkpt lat="-37.3060252" lon="-73.4173179">
                <ele>131.2</ele>
            </trkpt>
            <trkpt lat="-37.3059889" lon="-73.4174815">
                <ele>131</ele>
            </trkpt>
            <trkpt lat="-37.305974" lon="-73.4175619">
                <ele>130.8</ele>
            </trkpt>
            <trkpt lat="-37.3059356" lon="-73.4177604">
                <ele>130.5</ele>
            </trkpt>
            <trkpt lat="-37.3059057" lon="-73.4179589">
                <ele>130.2</ele>
            </trkpt>
            <trkpt lat="-37.3058758" lon="-73.4181949">
                <ele>129.5</ele>
            </trkpt>
            <trkpt lat="-37.3058588" lon="-73.4184283">
                <ele>128.8</ele>
            </trkpt>
            <trkpt lat="-37.3058481" lon="-73.4186161">
                <ele>128</ele>
            </trkpt>
            <trkpt lat="-37.305846" lon="-73.4188038">
                <ele>127.8</ele>
            </trkpt>
            <trkpt lat="-37.3058566" lon="-73.4190747">
                <ele>128</ele>
            </trkpt>
            <trkpt lat="-37.3058609" lon="-73.4193429">
                <ele>128.2</ele>
            </trkpt>
            <trkpt lat="-37.305863" lon="-73.4195548">
                <ele>128.3</ele>
            </trkpt>
            <trkpt lat="-37.3058673" lon="-73.4197667">
                <ele>128.5</ele>
            </trkpt>
            <trkpt lat="-37.305878" lon="-73.4199759">
                <ele>129.2</ele>
            </trkpt>
            <trkpt lat="-37.3058929" lon="-73.4202093">
                <ele>130</ele>
            </trkpt>
            <trkpt lat="-37.3059121" lon="-73.42044">
                <ele>131</ele>
            </trkpt>
            <trkpt lat="-37.3059377" lon="-73.4206679">
                <ele>131.8</ele>
            </trkpt>
            <trkpt lat="-37.3059868" lon="-73.4210166">
                <ele>132.2</ele>
            </trkpt>
            <trkpt lat="-37.3060273" lon="-73.4213626">
                <ele>132.5</ele>
            </trkpt>
            <trkpt lat="-37.3060529" lon="-73.4216148">
                <ele>132.6</ele>
            </trkpt>
            <trkpt lat="-37.3060721" lon="-73.4218642">
                <ele>132.7</ele>
            </trkpt>
            <trkpt lat="-37.3061169" lon="-73.4224114">
                <ele>133</ele>
            </trkpt>
            <trkpt lat="-37.3061446" lon="-73.4227011">
                <ele>133.1</ele>
            </trkpt>
            <trkpt lat="-37.3061788" lon="-73.4229907">
                <ele>133.2</ele>
            </trkpt>
            <trkpt lat="-37.3062108" lon="-73.4232375">
                <ele>133.5</ele>
            </trkpt>
            <trkpt lat="-37.3062492" lon="-73.4234843">
                <ele>133.8</ele>
            </trkpt>
            <trkpt lat="-37.3063558" lon="-73.4239885">
                <ele>135</ele>
            </trkpt>
            <trkpt lat="-37.30639" lon="-73.4241763">
                <ele>135.8</ele>
            </trkpt>
            <trkpt lat="-37.3064177" lon="-73.424364">
                <ele>136.8</ele>
            </trkpt>
            <trkpt lat="-37.3064391" lon="-73.4245571">
                <ele>137.5</ele>
            </trkpt>
            <trkpt lat="-37.3064476" lon="-73.4247503">
                <ele>137.4</ele>
            </trkpt>
            <trkpt lat="-37.3064497" lon="-73.4248978">
                <ele>137.4</ele>
            </trkpt>
            <trkpt lat="-37.3064455" lon="-73.425048">
                <ele>137.3</ele>
            </trkpt>
            <trkpt lat="-37.3064348" lon="-73.4251955">
                <ele>137.2</ele>
            </trkpt>
            <trkpt lat="-37.306422" lon="-73.4256569">
                <ele>134.5</ele>
            </trkpt>
            <trkpt lat="-37.3064049" lon="-73.4262496">
                <ele>130.5</ele>
            </trkpt>
            <trkpt lat="-37.3064284" lon="-73.4273654">
                <ele>128.8</ele>
            </trkpt>
            <trkpt lat="-37.3064284" lon="-73.4277704">
                <ele>129.5</ele>
            </trkpt>
            <trkpt lat="-37.3064348" lon="-73.4281728">
                <ele>130.5</ele>
            </trkpt>
            <trkpt lat="-37.3064412" lon="-73.4286261">
                <ele>130</ele>
            </trkpt>
            <trkpt lat="-37.306454" lon="-73.429082">
                <ele>129.5</ele>
            </trkpt>
            <trkpt lat="-37.306454" lon="-73.4294575">
                <ele>129</ele>
            </trkpt>
            <trkpt lat="-37.3064348" lon="-73.4297311">
                <ele>127.8</ele>
            </trkpt>
            <trkpt lat="-37.3064177" lon="-73.429994">
                <ele>126.5</ele>
            </trkpt>
            <trkpt lat="-37.3063964" lon="-73.4302542">
                <ele>125.8</ele>
            </trkpt>
            <trkpt lat="-37.3063708" lon="-73.4304929">
                <ele>125.5</ele>
            </trkpt>
            <trkpt lat="-37.3063516" lon="-73.4307343">
                <ele>125.2</ele>
            </trkpt>
            <trkpt lat="-37.3063217" lon="-73.4311339">
                <ele>125.9</ele>
            </trkpt>
            <trkpt lat="-37.3062812" lon="-73.4318957">
                <ele>127</ele>
            </trkpt>
            <trkpt lat="-37.3062428" lon="-73.4334835">
                <ele>129.2</ele>
            </trkpt>
            <trkpt lat="-37.3062044" lon="-73.4346396">
                <ele>130.4</ele>
            </trkpt>
            <trkpt lat="-37.3061745" lon="-73.4354791">
                <ele>131.2</ele>
            </trkpt>
            <trkpt lat="-37.3061638" lon="-73.4358063">
                <ele>130.8</ele>
            </trkpt>
            <trkpt lat="-37.3061553" lon="-73.4361362">
                <ele>130.3</ele>
            </trkpt>
            <trkpt lat="-37.3061553" lon="-73.4364715">
                <ele>129.8</ele>
            </trkpt>
            <trkpt lat="-37.3061596" lon="-73.4368041">
                <ele>129.3</ele>
            </trkpt>
            <trkpt lat="-37.3061794" lon="-73.4373796">
                <ele>128.5</ele>
            </trkpt>
            <trkpt lat="-37.3061794" lon="-73.4373796">
                <ele>128.5</ele>
            </trkpt>
            <trkpt lat="-37.3061916" lon="-73.4377295">
                <ele>128</ele>
            </trkpt>
            <trkpt lat="-37.3060508" lon="-73.4377965">
                <ele>126.5</ele>
            </trkpt>
            <trkpt lat="-37.3058353" lon="-73.4378985">
                <ele>124.8</ele>
            </trkpt>
            <trkpt lat="-37.3056774" lon="-73.4379736">
                <ele>124</ele>
            </trkpt>
            <trkpt lat="-37.305479" lon="-73.4380674">
                <ele>123</ele>
            </trkpt>
            <trkpt lat="-37.3052806" lon="-73.4381747">
                <ele>121.8</ele>
            </trkpt>
            <trkpt lat="-37.3051227" lon="-73.4382686">
                <ele>120.2</ele>
            </trkpt>
            <trkpt lat="-37.3049819" lon="-73.4383813">
                <ele>119.5</ele>
            </trkpt>
            <trkpt lat="-37.3048219" lon="-73.4385288">
                <ele>118.8</ele>
            </trkpt>
            <trkpt lat="-37.3046811" lon="-73.4386495">
                <ele>118</ele>
            </trkpt>
            <trkpt lat="-37.3044464" lon="-73.4388533">
                <ele>117.8</ele>
            </trkpt>
            <trkpt lat="-37.3043312" lon="-73.4389552">
                <ele>118</ele>
            </trkpt>
            <trkpt lat="-37.3042309" lon="-73.4390384">
                <ele>118.5</ele>
            </trkpt>
            <trkpt lat="-37.3041242" lon="-73.4391135">
                <ele>118.8</ele>
            </trkpt>
            <trkpt lat="-37.3040154" lon="-73.4391806">
                <ele>118.5</ele>
            </trkpt>
            <trkpt lat="-37.3039045" lon="-73.4392396">
                <ele>118.2</ele>
            </trkpt>
            <trkpt lat="-37.3037871" lon="-73.4392878">
                <ele>117.8</ele>
            </trkpt>
            <trkpt lat="-37.3036783" lon="-73.4393227">
                <ele>116.8</ele>
            </trkpt>
            <trkpt lat="-37.3035652" lon="-73.4393495">
                <ele>115.5</ele>
            </trkpt>
            <trkpt lat="-37.3034522" lon="-73.4393683">
                <ele>114</ele>
            </trkpt>
            <trkpt lat="-37.3033391" lon="-73.439379">
                <ele>112.5</ele>
            </trkpt>
            <trkpt lat="-37.303226" lon="-73.439379">
                <ele>111.2</ele>
            </trkpt>
            <trkpt lat="-37.3031044" lon="-73.4393603">
                <ele>110</ele>
            </trkpt>
            <trkpt lat="-37.3029636" lon="-73.43932">
                <ele>108.5</ele>
            </trkpt>
            <trkpt lat="-37.3025796" lon="-73.4392074">
                <ele>104</ele>
            </trkpt>
            <trkpt lat="-37.3024409" lon="-73.4391671">
                <ele>102</ele>
            </trkpt>
            <trkpt lat="-37.302251" lon="-73.4391215">
                <ele>99.2</ele>
            </trkpt>
            <trkpt lat="-37.3018947" lon="-73.4390518">
                <ele>93.2</ele>
            </trkpt>
            <trkpt lat="-37.3018371" lon="-73.4390464">
                <ele>92.2</ele>
            </trkpt>
            <trkpt lat="-37.3017816" lon="-73.4390491">
                <ele>91.2</ele>
            </trkpt>
            <trkpt lat="-37.3017261" lon="-73.4390652">
                <ele>90.5</ele>
            </trkpt>
            <trkpt lat="-37.3016728" lon="-73.4390894">
                <ele>89.8</ele>
            </trkpt>
            <trkpt lat="-37.301628" lon="-73.4391162">
                <ele>89.2</ele>
            </trkpt>
            <trkpt lat="-37.3015853" lon="-73.439151">
                <ele>89</ele>
            </trkpt>
            <trkpt lat="-37.3015277" lon="-73.4392074">
                <ele>88.5</ele>
            </trkpt>
            <trkpt lat="-37.3014893" lon="-73.4392557">
                <ele>88.2</ele>
            </trkpt>
            <trkpt lat="-37.300926" lon="-73.4399718">
                <ele>79</ele>
            </trkpt>
            <trkpt lat="-37.3009623" lon="-73.4399685">
                <ele>79.7</ele>
            </trkpt>
            <trkpt lat="-37.3009623" lon="-73.4399685">
                <ele>79.7</ele>
            </trkpt>
            <trkpt lat="-37.301037" lon="-73.4399611">
                <ele>81</ele>
            </trkpt>
            <trkpt lat="-37.3011821" lon="-73.4399343">
                <ele>82.8</ele>
            </trkpt>
            <trkpt lat="-37.3013186" lon="-73.4399369">
                <ele>84.5</ele>
            </trkpt>
            <trkpt lat="-37.3014552" lon="-73.439953">
                <ele>86</ele>
            </trkpt>
            <trkpt lat="-37.3015938" lon="-73.4399799">
                <ele>87</ele>
            </trkpt>
            <trkpt lat="-37.3017795" lon="-73.440071">
                <ele>88</ele>
            </trkpt>
            <trkpt lat="-37.3019886" lon="-73.4401622">
                <ele>89.8</ele>
            </trkpt>
            <trkpt lat="-37.3021294" lon="-73.4402588">
                <ele>89.5</ele>
            </trkpt>
            <trkpt lat="-37.3024857" lon="-73.4405404">
                <ele>87.5</ele>
            </trkpt>
            <trkpt lat="-37.3029764" lon="-73.4409454">
                <ele>86.9</ele>
            </trkpt>
            <trkpt lat="-37.303433" lon="-73.4413236">
                <ele>86.2</ele>
            </trkpt>
            <trkpt lat="-37.3037338" lon="-73.4415489">
                <ele>86.5</ele>
            </trkpt>
            <trkpt lat="-37.30428" lon="-73.4419271">
                <ele>84.2</ele>
            </trkpt>
            <trkpt lat="-37.3046448" lon="-73.4421927">
                <ele>82.2</ele>
            </trkpt>
            <trkpt lat="-37.3051334" lon="-73.4425387">
                <ele>81.2</ele>
            </trkpt>
            <trkpt lat="-37.3052763" lon="-73.4426621">
                <ele>80.8</ele>
            </trkpt>
            <trkpt lat="-37.3054513" lon="-73.44289">
                <ele>79</ele>
            </trkpt>
            <trkpt lat="-37.3055686" lon="-73.443059">
                <ele>77.2</ele>
            </trkpt>
            <trkpt lat="-37.3057542" lon="-73.4434345">
                <ele>75</ele>
            </trkpt>
            <trkpt lat="-37.3062129" lon="-73.4443277">
                <ele>68</ele>
            </trkpt>
            <trkpt lat="-37.3064903" lon="-73.4448239">
                <ele>62.8</ele>
            </trkpt>
            <trkpt lat="-37.3066972" lon="-73.4451538">
                <ele>59.8</ele>
            </trkpt>
            <trkpt lat="-37.3069383" lon="-73.4454998">
                <ele>57.8</ele>
            </trkpt>
            <trkpt lat="-37.307173" lon="-73.4458405">
                <ele>56</ele>
            </trkpt>
            <trkpt lat="-37.3072775" lon="-73.446039">
                <ele>54.8</ele>
            </trkpt>
            <trkpt lat="-37.3074226" lon="-73.4463313">
                <ele>53</ele>
            </trkpt>
            <trkpt lat="-37.3076039" lon="-73.4469053">
                <ele>51.5</ele>
            </trkpt>
            <trkpt lat="-37.3077554" lon="-73.4473076">
                <ele>50.5</ele>
            </trkpt>
            <trkpt lat="-37.3078898" lon="-73.447549">
                <ele>49.8</ele>
            </trkpt>
            <trkpt lat="-37.3080306" lon="-73.4477395">
                <ele>48.8</ele>
            </trkpt>
            <trkpt lat="-37.308229" lon="-73.4479433">
                <ele>47.8</ele>
            </trkpt>
            <trkpt lat="-37.3085426" lon="-73.4482464">
                <ele>47.5</ele>
            </trkpt>
            <trkpt lat="-37.3087837" lon="-73.4484261">
                <ele>47</ele>
            </trkpt>
            <trkpt lat="-37.3090546" lon="-73.4486327">
                <ele>45.2</ele>
            </trkpt>
            <trkpt lat="-37.3098973" lon="-73.4492657">
                <ele>42.8</ele>
            </trkpt>
            <trkpt lat="-37.3106994" lon="-73.4498531">
                <ele>44.8</ele>
            </trkpt>
            <trkpt lat="-37.3112797" lon="-73.4502527">
                <ele>44</ele>
            </trkpt>
            <trkpt lat="-37.3116189" lon="-73.45047">
                <ele>42</ele>
            </trkpt>
            <trkpt lat="-37.3117725" lon="-73.4505746">
                <ele>40.5</ele>
            </trkpt>
            <trkpt lat="-37.3119282" lon="-73.4507114">
                <ele>39.2</ele>
            </trkpt>
            <trkpt lat="-37.3120754" lon="-73.4508964">
                <ele>38.2</ele>
            </trkpt>
            <trkpt lat="-37.3126919" lon="-73.4516796">
                <ele>28.8</ele>
            </trkpt>
            <trkpt lat="-37.3130119" lon="-73.4520873">
                <ele>23.8</ele>
            </trkpt>
            <trkpt lat="-37.3131804" lon="-73.4523341">
                <ele>20.5</ele>
            </trkpt>
            <trkpt lat="-37.3133148" lon="-73.4525514">
                <ele>18.8</ele>
            </trkpt>
            <trkpt lat="-37.3134535" lon="-73.4527767">
                <ele>17</ele>
            </trkpt>
            <trkpt lat="-37.3135836" lon="-73.4530342">
                <ele>17</ele>
            </trkpt>
            <trkpt lat="-37.3136604" lon="-73.4531844">
                <ele>14</ele>
            </trkpt>
            <trkpt lat="-37.3141169" lon="-73.4541473">
                <ele>10.5</ele>
            </trkpt>
            <trkpt lat="-37.3165232" lon="-73.4591684">
                <ele>42.5</ele>
            </trkpt>
            <trkpt lat="-37.3167045" lon="-73.4595922">
                <ele>39.2</ele>
            </trkpt>
            <trkpt lat="-37.3167941" lon="-73.4597772">
                <ele>36.5</ele>
            </trkpt>
            <trkpt lat="-37.3168986" lon="-73.4599623">
                <ele>34.2</ele>
            </trkpt>
            <trkpt lat="-37.3170287" lon="-73.4601367">
                <ele>32.2</ele>
            </trkpt>
            <trkpt lat="-37.3172634" lon="-73.4604183">
                <ele>28.2</ele>
            </trkpt>
            <trkpt lat="-37.3173978" lon="-73.4605739">
                <ele>27.2</ele>
            </trkpt>
            <trkpt lat="-37.3174895" lon="-73.460665">
                <ele>26.5</ele>
            </trkpt>
            <trkpt lat="-37.3176793" lon="-73.4607911">
                <ele>26.8</ele>
            </trkpt>
            <trkpt lat="-37.3179886" lon="-73.4610164">
                <ele>27.5</ele>
            </trkpt>
            <trkpt lat="-37.3191768" lon="-73.4620035">
                <ele>41.8</ele>
            </trkpt>
            <trkpt lat="-37.3195543" lon="-73.4623092">
                <ele>47.2</ele>
            </trkpt>
            <trkpt lat="-37.3197634" lon="-73.462505">
                <ele>51</ele>
            </trkpt>
            <trkpt lat="-37.3202092" lon="-73.462902">
                <ele>56.5</ele>
            </trkpt>
            <trkpt lat="-37.3209472" lon="-73.4635216">
                <ele>64</ele>
            </trkpt>
            <trkpt lat="-37.3215828" lon="-73.463991">
                <ele>69.8</ele>
            </trkpt>
            <trkpt lat="-37.3220052" lon="-73.4642941">
                <ele>71.8</ele>
            </trkpt>
            <trkpt lat="-37.3223849" lon="-73.4645301">
                <ele>74.5</ele>
            </trkpt>
            <trkpt lat="-37.3225342" lon="-73.464632">
                <ele>75.8</ele>
            </trkpt>
            <trkpt lat="-37.322596" lon="-73.4647018">
                <ele>76.5</ele>
            </trkpt>
            <trkpt lat="-37.3226536" lon="-73.4648117">
                <ele>77.5</ele>
            </trkpt>
            <trkpt lat="-37.3227176" lon="-73.4649593">
                <ele>78.5</ele>
            </trkpt>
            <trkpt lat="-37.3227795" lon="-73.4651282">
                <ele>79.8</ele>
            </trkpt>
            <trkpt lat="-37.3228349" lon="-73.4653428">
                <ele>81.2</ele>
            </trkpt>
            <trkpt lat="-37.3228776" lon="-73.4655842">
                <ele>82.8</ele>
            </trkpt>
            <trkpt lat="-37.3229117" lon="-73.4659329">
                <ele>85.5</ele>
            </trkpt>
            <trkpt lat="-37.3229522" lon="-73.4665015">
                <ele>91.8</ele>
            </trkpt>
            <trkpt lat="-37.3229608" lon="-73.4671935">
                <ele>99.5</ele>
            </trkpt>
            <trkpt lat="-37.3229608" lon="-73.4674269">
                <ele>101.8</ele>
            </trkpt>
            <trkpt lat="-37.3229373" lon="-73.4676173">
                <ele>103.2</ele>
            </trkpt>
            <trkpt lat="-37.322884" lon="-73.4678265">
                <ele>105.2</ele>
            </trkpt>
            <trkpt lat="-37.3226941" lon="-73.4682181">
                <ele>107</ele>
            </trkpt>
            <trkpt lat="-37.3222334" lon="-73.4693608">
                <ele>112.8</ele>
            </trkpt>
            <trkpt lat="-37.3221118" lon="-73.4696665">
                <ele>114.8</ele>
            </trkpt>
            <trkpt lat="-37.3220286" lon="-73.4699026">
                <ele>117.5</ele>
            </trkpt>
            <trkpt lat="-37.3218281" lon="-73.4707662">
                <ele>127.8</ele>
            </trkpt>
            <trkpt lat="-37.3217002" lon="-73.4715495">
                <ele>134.8</ele>
            </trkpt>
            <trkpt lat="-37.321634" lon="-73.4722951">
                <ele>139.8</ele>
            </trkpt>
            <trkpt lat="-37.3216106" lon="-73.4727618">
                <ele>141.5</ele>
            </trkpt>
            <trkpt lat="-37.3216404" lon="-73.4730461">
                <ele>142.2</ele>
            </trkpt>
            <trkpt lat="-37.3216788" lon="-73.4732741">
                <ele>142.5</ele>
            </trkpt>
            <trkpt lat="-37.32173" lon="-73.473435">
                <ele>142.8</ele>
            </trkpt>
            <trkpt lat="-37.3221865" lon="-73.4745052">
                <ele>143.8</ele>
            </trkpt>
            <trkpt lat="-37.3225278" lon="-73.4753689">
                <ele>144.8</ele>
            </trkpt>
            <trkpt lat="-37.3227389" lon="-73.4759215">
                <ele>145.5</ele>
            </trkpt>
            <trkpt lat="-37.3228392" lon="-73.4762138">
                <ele>145.8</ele>
            </trkpt>
            <trkpt lat="-37.3228797" lon="-73.4763801">
                <ele>145.2</ele>
            </trkpt>
            <trkpt lat="-37.3229309" lon="-73.4765974">
                <ele>144.5</ele>
            </trkpt>
            <trkpt lat="-37.3230738" lon="-73.4773269">
                <ele>142.5</ele>
            </trkpt>
            <trkpt lat="-37.3232082" lon="-73.4780538">
                <ele>144.5</ele>
            </trkpt>
            <trkpt lat="-37.3232274" lon="-73.4782094">
                <ele>145.2</ele>
            </trkpt>
            <trkpt lat="-37.3232146" lon="-73.4783944">
                <ele>145.5</ele>
            </trkpt>
            <trkpt lat="-37.3231869" lon="-73.4785795">
                <ele>145.8</ele>
            </trkpt>
            <trkpt lat="-37.3229522" lon="-73.4795934">
                <ele>141.5</ele>
            </trkpt>
            <trkpt lat="-37.3228413" lon="-73.480044">
                <ele>136.8</ele>
            </trkpt>
            <trkpt lat="-37.3227965" lon="-73.4803712">
                <ele>132</ele>
            </trkpt>
            <trkpt lat="-37.3227965" lon="-73.4805831">
                <ele>129</ele>
            </trkpt>
            <trkpt lat="-37.3228221" lon="-73.4808648">
                <ele>125.8</ele>
            </trkpt>
            <trkpt lat="-37.3229288" lon="-73.481892">
                <ele>117.2</ele>
            </trkpt>
            <trkpt lat="-37.3230034" lon="-73.4827477">
                <ele>116.1</ele>
            </trkpt>
            <trkpt lat="-37.3230439" lon="-73.4833351">
                <ele>115.2</ele>
            </trkpt>
            <trkpt lat="-37.3230909" lon="-73.4835979">
                <ele>114.8</ele>
            </trkpt>
            <trkpt lat="-37.3231677" lon="-73.4838179">
                <ele>114.2</ele>
            </trkpt>
            <trkpt lat="-37.3233148" lon="-73.4842229">
                <ele>112.2</ele>
            </trkpt>
            <trkpt lat="-37.3234193" lon="-73.4845367">
                <ele>111.2</ele>
            </trkpt>
            <trkpt lat="-37.3236689" lon="-73.4857839">
                <ele>108</ele>
            </trkpt>
            <trkpt lat="-37.3237436" lon="-73.4859797">
                <ele>107.5</ele>
            </trkpt>
            <trkpt lat="-37.3238993" lon="-73.4863231">
                <ele>109.2</ele>
            </trkpt>
            <trkpt lat="-37.3241168" lon="-73.4867388">
                <ele>112.5</ele>
            </trkpt>
            <trkpt lat="-37.3242747" lon="-73.4871867">
                <ele>117.8</ele>
            </trkpt>
            <trkpt lat="-37.3244261" lon="-73.487632">
                <ele>123.8</ele>
            </trkpt>
            <trkpt lat="-37.3245071" lon="-73.4878385">
                <ele>127</ele>
            </trkpt>
            <trkpt lat="-37.3245583" lon="-73.4881014">
                <ele>131.2</ele>
            </trkpt>
            <trkpt lat="-37.3246351" lon="-73.488391">
                <ele>134.8</ele>
            </trkpt>
            <trkpt lat="-37.3246735" lon="-73.4885171">
                <ele>136.2</ele>
            </trkpt>
            <trkpt lat="-37.3247055" lon="-73.4885922">
                <ele>137.2</ele>
            </trkpt>
            <trkpt lat="-37.3247887" lon="-73.4886646">
                <ele>138.8</ele>
            </trkpt>
            <trkpt lat="-37.3251278" lon="-73.4888631">
                <ele>143.8</ele>
            </trkpt>
            <trkpt lat="-37.3252131" lon="-73.4889087">
                <ele>145</ele>
            </trkpt>
            <trkpt lat="-37.3252899" lon="-73.4889275">
                <ele>146</ele>
            </trkpt>
            <trkpt lat="-37.3254072" lon="-73.4889221">
                <ele>147</ele>
            </trkpt>
            <trkpt lat="-37.3255843" lon="-73.4888926">
                <ele>148</ele>
            </trkpt>
            <trkpt lat="-37.3256952" lon="-73.4888685">
                <ele>148.8</ele>
            </trkpt>
            <trkpt lat="-37.3258338" lon="-73.4888658">
                <ele>149.8</ele>
            </trkpt>
            <trkpt lat="-37.3259575" lon="-73.4888846">
                <ele>150.2</ele>
            </trkpt>
            <trkpt lat="-37.3261154" lon="-73.4889355">
                <ele>150.5</ele>
            </trkpt>
            <trkpt lat="-37.3262327" lon="-73.4889784">
                <ele>150.2</ele>
            </trkpt>
            <trkpt lat="-37.3263414" lon="-73.4890106">
                <ele>149.5</ele>
            </trkpt>
            <trkpt lat="-37.326559" lon="-73.4890267">
                <ele>147.5</ele>
            </trkpt>
            <trkpt lat="-37.3268491" lon="-73.4890428">
                <ele>142.8</ele>
            </trkpt>
            <trkpt lat="-37.3270389" lon="-73.4890428">
                <ele>138.5</ele>
            </trkpt>
            <trkpt lat="-37.327201" lon="-73.4890267">
                <ele>135</ele>
            </trkpt>
            <trkpt lat="-37.3273972" lon="-73.4889865">
                <ele>130.2</ele>
            </trkpt>
            <trkpt lat="-37.3276062" lon="-73.4889087">
                <ele>125.2</ele>
            </trkpt>
            <trkpt lat="-37.3278067" lon="-73.4888041">
                <ele>120.8</ele>
            </trkpt>
            <trkpt lat="-37.3280584" lon="-73.4886163">
                <ele>115.8</ele>
            </trkpt>
            <trkpt lat="-37.328197" lon="-73.4885225">
                <ele>114</ele>
            </trkpt>
            <trkpt lat="-37.3283122" lon="-73.4884474">
                <ele>112.8</ele>
            </trkpt>
            <trkpt lat="-37.3283975" lon="-73.4884045">
                <ele>111.8</ele>
            </trkpt>
            <trkpt lat="-37.3284743" lon="-73.488391">
                <ele>110.5</ele>
            </trkpt>
            <trkpt lat="-37.3285319" lon="-73.4883991">
                <ele>109.5</ele>
            </trkpt>
            <trkpt lat="-37.328598" lon="-73.4884393">
                <ele>108</ele>
            </trkpt>
            <trkpt lat="-37.3286343" lon="-73.4884822">
                <ele>107</ele>
            </trkpt>
            <trkpt lat="-37.3286534" lon="-73.4885761">
                <ele>106</ele>
            </trkpt>
            <trkpt lat="-37.3286534" lon="-73.4886566">
                <ele>105.5</ele>
            </trkpt>
            <trkpt lat="-37.3286385" lon="-73.4887236">
                <ele>105.2</ele>
            </trkpt>
            <trkpt lat="-37.3285873" lon="-73.4888041">
                <ele>105.5</ele>
            </trkpt>
            <trkpt lat="-37.3285297" lon="-73.4888926">
                <ele>106</ele>
            </trkpt>
            <trkpt lat="-37.3284722" lon="-73.4890026">
                <ele>106.2</ele>
            </trkpt>
            <trkpt lat="-37.3284167" lon="-73.4891608">
                <ele>106</ele>
            </trkpt>
            <trkpt lat="-37.3283677" lon="-73.489362">
                <ele>105.8</ele>
            </trkpt>
            <trkpt lat="-37.3283634" lon="-73.4895015">
                <ele>105.2</ele>
            </trkpt>
            <trkpt lat="-37.3283655" lon="-73.4895739">
                <ele>105</ele>
            </trkpt>
            <trkpt lat="-37.3284018" lon="-73.4896597">
                <ele>103.8</ele>
            </trkpt>
            <trkpt lat="-37.3284508" lon="-73.4897107">
                <ele>102.5</ele>
            </trkpt>
            <trkpt lat="-37.3285063" lon="-73.4897375">
                <ele>101.5</ele>
            </trkpt>
            <trkpt lat="-37.328566" lon="-73.4897321">
                <ele>100.5</ele>
            </trkpt>
            <trkpt lat="-37.3286769" lon="-73.4896919">
                <ele>98.8</ele>
            </trkpt>
            <trkpt lat="-37.3287985" lon="-73.489641">
                <ele>96.8</ele>
            </trkpt>
            <trkpt lat="-37.3288603" lon="-73.4896222">
                <ele>95.8</ele>
            </trkpt>
            <trkpt lat="-37.3289328" lon="-73.4896249">
                <ele>94.5</ele>
            </trkpt>
            <trkpt lat="-37.3290203" lon="-73.4896624">
                <ele>93</ele>
            </trkpt>
            <trkpt lat="-37.3291568" lon="-73.4897321">
                <ele>90.8</ele>
            </trkpt>
            <trkpt lat="-37.3296559" lon="-73.4900379">
                <ele>82</ele>
            </trkpt>
            <trkpt lat="-37.3315242" lon="-73.4911349">
                <ele>48.8</ele>
            </trkpt>
            <trkpt lat="-37.3322429" lon="-73.49154">
                <ele>45.5</ele>
            </trkpt>
            <trkpt lat="-37.3329296" lon="-73.4919557">
                <ele>47.8</ele>
            </trkpt>
            <trkpt lat="-37.3330384" lon="-73.4920388">
                <ele>48.8</ele>
            </trkpt>
            <trkpt lat="-37.3331109" lon="-73.492122">
                <ele>50</ele>
            </trkpt>
            <trkpt lat="-37.3331791" lon="-73.4922346">
                <ele>52</ele>
            </trkpt>
            <trkpt lat="-37.3333284" lon="-73.4925056">
                <ele>56</ele>
            </trkpt>
            <trkpt lat="-37.3334862" lon="-73.4927523">
                <ele>60.2</ele>
            </trkpt>
            <trkpt lat="-37.3336526" lon="-73.4929883">
                <ele>65</ele>
            </trkpt>
            <trkpt lat="-37.3339085" lon="-73.4932914">
                <ele>68.8</ele>
            </trkpt>
            <trkpt lat="-37.3346869" lon="-73.4942624">
                <ele>75.5</ele>
            </trkpt>
            <trkpt lat="-37.335154" lon="-73.494882">
                <ele>81</ele>
            </trkpt>
            <trkpt lat="-37.3353694" lon="-73.4951529">
                <ele>83.2</ele>
            </trkpt>
            <trkpt lat="-37.3355805" lon="-73.4953541">
                <ele>86.2</ele>
            </trkpt>
            <trkpt lat="-37.3357724" lon="-73.4955204">
                <ele>89</ele>
            </trkpt>
            <trkpt lat="-37.3361307" lon="-73.4957993">
                <ele>95.2</ele>
            </trkpt>
            <trkpt lat="-37.3362843" lon="-73.4959334">
                <ele>98.2</ele>
            </trkpt>
            <trkpt lat="-37.3363909" lon="-73.4960514">
                <ele>100.2</ele>
            </trkpt>
            <trkpt lat="-37.33657" lon="-73.4962928">
                <ele>102.8</ele>
            </trkpt>
            <trkpt lat="-37.3367087" lon="-73.4964725">
                <ele>104.5</ele>
            </trkpt>
            <trkpt lat="-37.3368622" lon="-73.4966281">
                <ele>106.2</ele>
            </trkpt>
            <trkpt lat="-37.3369774" lon="-73.4967166">
                <ele>107.5</ele>
            </trkpt>
            <trkpt lat="-37.3370584" lon="-73.4967595">
                <ele>108</ele>
            </trkpt>
            <trkpt lat="-37.3371544" lon="-73.4967595">
                <ele>108.5</ele>
            </trkpt>
            <trkpt lat="-37.3372695" lon="-73.4967354">
                <ele>109</ele>
            </trkpt>
            <trkpt lat="-37.3373783" lon="-73.4966978">
                <ele>109.5</ele>
            </trkpt>
            <trkpt lat="-37.3375404" lon="-73.4966254">
                <ele>110</ele>
            </trkpt>
            <trkpt lat="-37.3376449" lon="-73.4965745">
                <ele>110.2</ele>
            </trkpt>
            <trkpt lat="-37.3377152" lon="-73.4965101">
                <ele>110.8</ele>
            </trkpt>
            <trkpt lat="-37.337873" lon="-73.4963277">
                <ele>111.8</ele>
            </trkpt>
            <trkpt lat="-37.3380117" lon="-73.4961882">
                <ele>112.5</ele>
            </trkpt>
            <trkpt lat="-37.3381076" lon="-73.4961265">
                <ele>112.8</ele>
            </trkpt>
            <trkpt lat="-37.3381908" lon="-73.4961158">
                <ele>112</ele>
            </trkpt>
            <trkpt lat="-37.3382633" lon="-73.4961426">
                <ele>110.8</ele>
            </trkpt>
            <trkpt lat="-37.3383081" lon="-73.4962016">
                <ele>109.2</ele>
            </trkpt>
            <trkpt lat="-37.3383614" lon="-73.4962901">
                <ele>107.2</ele>
            </trkpt>
            <trkpt lat="-37.3383827" lon="-73.4964404">
                <ele>104.2</ele>
            </trkpt>
            <trkpt lat="-37.3383721" lon="-73.4968293">
                <ele>98.5</ele>
            </trkpt>
            <trkpt lat="-37.3383721" lon="-73.4975722">
                <ele>86</ele>
            </trkpt>
            <trkpt lat="-37.3383657" lon="-73.4977949">
                <ele>83</ele>
            </trkpt>
            <trkpt lat="-37.3383848" lon="-73.49787">
                <ele>81.5</ele>
            </trkpt>
            <trkpt lat="-37.3384254" lon="-73.4979236">
                <ele>79.8</ele>
            </trkpt>
            <trkpt lat="-37.3384915" lon="-73.497988">
                <ele>77.5</ele>
            </trkpt>
            <trkpt lat="-37.3386322" lon="-73.4980926">
                <ele>73.5</ele>
            </trkpt>
            <trkpt lat="-37.3388327" lon="-73.4981757">
                <ele>69</ele>
            </trkpt>
            <trkpt lat="-37.3390886" lon="-73.4982482">
                <ele>64.8</ele>
            </trkpt>
            <trkpt lat="-37.3395407" lon="-73.4983957">
                <ele>60.8</ele>
            </trkpt>
            <trkpt lat="-37.3396686" lon="-73.4984466">
                <ele>60.2</ele>
            </trkpt>
            <trkpt lat="-37.3398414" lon="-73.4984493">
                <ele>60.1</ele>
            </trkpt>
            <trkpt lat="-37.3400461" lon="-73.4984413">
                <ele>60</ele>
            </trkpt>
            <trkpt lat="-37.34027" lon="-73.4983984">
                <ele>59.2</ele>
            </trkpt>
            <trkpt lat="-37.3403851" lon="-73.4983581">
                <ele>59</ele>
            </trkpt>
            <trkpt lat="-37.3405067" lon="-73.4982964">
                <ele>58.8</ele>
            </trkpt>
            <trkpt lat="-37.3406474" lon="-73.4981999">
                <ele>58.6</ele>
            </trkpt>
            <trkpt lat="-37.340786" lon="-73.4981114">
                <ele>58.4</ele>
            </trkpt>
            <trkpt lat="-37.3408735" lon="-73.4980175">
                <ele>58.2</ele>
            </trkpt>
            <trkpt lat="-37.3410313" lon="-73.4978539">
                <ele>57.5</ele>
            </trkpt>
            <trkpt lat="-37.3411678" lon="-73.4978324">
                <ele>57</ele>
            </trkpt>
            <trkpt lat="-37.3413511" lon="-73.4977895">
                <ele>56.8</ele>
            </trkpt>
            <trkpt lat="-37.3416497" lon="-73.4977305">
                <ele>56.2</ele>
            </trkpt>
            <trkpt lat="-37.3419034" lon="-73.4976956">
                <ele>56.8</ele>
            </trkpt>
            <trkpt lat="-37.3421018" lon="-73.497701">
                <ele>57</ele>
            </trkpt>
            <trkpt lat="-37.3422127" lon="-73.4977332">
                <ele>57.2</ele>
            </trkpt>
            <trkpt lat="-37.3423299" lon="-73.4977868">
                <ele>57.5</ele>
            </trkpt>
            <trkpt lat="-37.3425389" lon="-73.49787">
                <ele>58</ele>
            </trkpt>
            <trkpt lat="-37.3426903" lon="-73.4979638">
                <ele>58.5</ele>
            </trkpt>
            <trkpt lat="-37.3427863" lon="-73.4980926">
                <ele>58.8</ele>
            </trkpt>
            <trkpt lat="-37.342863" lon="-73.498216">
                <ele>59</ele>
            </trkpt>
            <trkpt lat="-37.3432554" lon="-73.4989965">
                <ele>61.5</ele>
            </trkpt>
            <trkpt lat="-37.3435689" lon="-73.4996107">
                <ele>62.7</ele>
            </trkpt>
            <trkpt lat="-37.3436584" lon="-73.4997717">
                <ele>63</ele>
            </trkpt>
            <trkpt lat="-37.3437139" lon="-73.4999567">
                <ele>63.5</ele>
            </trkpt>
            <trkpt lat="-37.3438397" lon="-73.5005066">
                <ele>65.8</ele>
            </trkpt>
            <trkpt lat="-37.3439335" lon="-73.5007775">
                <ele>67.5</ele>
            </trkpt>
            <trkpt lat="-37.3440124" lon="-73.5009304">
                <ele>68.2</ele>
            </trkpt>
            <trkpt lat="-37.3441169" lon="-73.5010779">
                <ele>69.2</ele>
            </trkpt>
            <trkpt lat="-37.3441979" lon="-73.5011718">
                <ele>69.8</ele>
            </trkpt>
            <trkpt lat="-37.3443301" lon="-73.5012496">
                <ele>70</ele>
            </trkpt>
            <trkpt lat="-37.3447971" lon="-73.5014158">
                <ele>71.8</ele>
            </trkpt>
            <trkpt lat="-37.3450402" lon="-73.5015151">
                <ele>73.8</ele>
            </trkpt>
            <trkpt lat="-37.3451596" lon="-73.5015419">
                <ele>74.8</ele>
            </trkpt>
            <trkpt lat="-37.3452236" lon="-73.501558">
                <ele>75.5</ele>
            </trkpt>
            <trkpt lat="-37.3454837" lon="-73.5016251">
                <ele>78.2</ele>
            </trkpt>
            <trkpt lat="-37.3456906" lon="-73.5016519">
                <ele>79.5</ele>
            </trkpt>
            <trkpt lat="-37.3459017" lon="-73.5016814">
                <ele>80</ele>
            </trkpt>
            <trkpt lat="-37.3460125" lon="-73.5017726">
                <ele>81</ele>
            </trkpt>
            <trkpt lat="-37.3461298" lon="-73.5019416">
                <ele>82.8</ele>
            </trkpt>
            <trkpt lat="-37.3462514" lon="-73.5021481">
                <ele>85.2</ele>
            </trkpt>
            <trkpt lat="-37.3463153" lon="-73.5022768">
                <ele>86.8</ele>
            </trkpt>
            <trkpt lat="-37.346326" lon="-73.5024324">
                <ele>88.8</ele>
            </trkpt>
            <trkpt lat="-37.3463409" lon="-73.5025933">
                <ele>90.8</ele>
            </trkpt>
            <trkpt lat="-37.3463665" lon="-73.5030305">
                <ele>97.8</ele>
            </trkpt>
            <trkpt lat="-37.3463708" lon="-73.5031781">
                <ele>99.8</ele>
            </trkpt>
            <trkpt lat="-37.34639" lon="-73.5032907">
                <ele>100.8</ele>
            </trkpt>
            <trkpt lat="-37.3464283" lon="-73.5033524">
                <ele>101.2</ele>
            </trkpt>
            <trkpt lat="-37.3464774" lon="-73.5034087">
                <ele>101.8</ele>
            </trkpt>
            <trkpt lat="-37.3465669" lon="-73.5034838">
                <ele>102.2</ele>
            </trkpt>
            <trkpt lat="-37.3466373" lon="-73.5035884">
                <ele>103.2</ele>
            </trkpt>
            <trkpt lat="-37.3466608" lon="-73.5036555">
                <ele>104</ele>
            </trkpt>
            <trkpt lat="-37.3466565" lon="-73.5037333">
                <ele>104.8</ele>
            </trkpt>
            <trkpt lat="-37.3466352" lon="-73.5038084">
                <ele>105.8</ele>
            </trkpt>
            <trkpt lat="-37.3465712" lon="-73.5038942">
                <ele>106.8</ele>
            </trkpt>
            <trkpt lat="-37.3465115" lon="-73.503972">
                <ele>107.5</ele>
            </trkpt>
            <trkpt lat="-37.3464454" lon="-73.5040578">
                <ele>108.2</ele>
            </trkpt>
            <trkpt lat="-37.3464134" lon="-73.5041839">
                <ele>109.5</ele>
            </trkpt>
            <trkpt lat="-37.3464092" lon="-73.5043314">
                <ele>111.5</ele>
            </trkpt>
            <trkpt lat="-37.3464134" lon="-73.5045353">
                <ele>115.8</ele>
            </trkpt>
            <trkpt lat="-37.3463814" lon="-73.5046613">
                <ele>118.5</ele>
            </trkpt>
            <trkpt lat="-37.3463281" lon="-73.5048276">
                <ele>122</ele>
            </trkpt>
            <trkpt lat="-37.3462215" lon="-73.5050932">
                <ele>127.5</ele>
            </trkpt>
            <trkpt lat="-37.3461618" lon="-73.5052541">
                <ele>131.2</ele>
            </trkpt>
            <trkpt lat="-37.3461341" lon="-73.5053828">
                <ele>134.5</ele>
            </trkpt>
            <trkpt lat="-37.3461341" lon="-73.5055679">
                <ele>139.5</ele>
            </trkpt>
            <trkpt lat="-37.3461298" lon="-73.5057637">
                <ele>144.5</ele>
            </trkpt>
            <trkpt lat="-37.3461064" lon="-73.5060319">
                <ele>150.2</ele>
            </trkpt>
            <trkpt lat="-37.3460893" lon="-73.5063002">
                <ele>155</ele>
            </trkpt>
            <trkpt lat="-37.3460488" lon="-73.5065925">
                <ele>159.2</ele>
            </trkpt>
            <trkpt lat="-37.345972" lon="-73.5070136">
                <ele>163</ele>
            </trkpt>
            <trkpt lat="-37.3459209" lon="-73.5073221">
                <ele>164.5</ele>
            </trkpt>
            <trkpt lat="-37.3458889" lon="-73.5075796">
                <ele>165</ele>
            </trkpt>
            <trkpt lat="-37.3458121" lon="-73.5077915">
                <ele>165.2</ele>
            </trkpt>
            <trkpt lat="-37.3456842" lon="-73.5079899">
                <ele>164.8</ele>
            </trkpt>
            <trkpt lat="-37.345552" lon="-73.5081348">
                <ele>163.5</ele>
            </trkpt>
            <trkpt lat="-37.3453899" lon="-73.5083064">
                <ele>162.5</ele>
            </trkpt>
            <trkpt lat="-37.345279" lon="-73.5084245">
                <ele>162.8</ele>
            </trkpt>
            <trkpt lat="-37.3450594" lon="-73.5085613">
                <ele>163.2</ele>
            </trkpt>
            <trkpt lat="-37.3448632" lon="-73.5086954">
                <ele>165.5</ele>
            </trkpt>
            <trkpt lat="-37.3446969" lon="-73.5088322">
                <ele>167.2</ele>
            </trkpt>
            <trkpt lat="-37.3446031" lon="-73.5089421">
                <ele>168.5</ele>
            </trkpt>
            <trkpt lat="-37.3445412" lon="-73.5090923">
                <ele>169.5</ele>
            </trkpt>
            <trkpt lat="-37.3445007" lon="-73.5093176">
                <ele>170.5</ele>
            </trkpt>
            <trkpt lat="-37.34449" lon="-73.5095295">
                <ele>172</ele>
            </trkpt>
            <trkpt lat="-37.3444794" lon="-73.5097656">
                <ele>173</ele>
            </trkpt>
            <trkpt lat="-37.3444453" lon="-73.5101008">
                <ele>175</ele>
            </trkpt>
            <trkpt lat="-37.3444218" lon="-73.5102993">
                <ele>176.2</ele>
            </trkpt>
            <trkpt lat="-37.3443834" lon="-73.5104361">
                <ele>177</ele>
            </trkpt>
            <trkpt lat="-37.3443088" lon="-73.5105944">
                <ele>177.8</ele>
            </trkpt>
            <trkpt lat="-37.3442256" lon="-73.5106936">
                <ele>178.2</ele>
            </trkpt>
            <trkpt lat="-37.3441212" lon="-73.5107714">
                <ele>178.8</ele>
            </trkpt>
            <trkpt lat="-37.3440124" lon="-73.5108197">
                <ele>179</ele>
            </trkpt>
            <trkpt lat="-37.3438674" lon="-73.5108438">
                <ele>179.2</ele>
            </trkpt>
            <trkpt lat="-37.3437714" lon="-73.5108143">
                <ele>179</ele>
            </trkpt>
            <trkpt lat="-37.3436648" lon="-73.5107177">
                <ele>178.5</ele>
            </trkpt>
            <trkpt lat="-37.3435582" lon="-73.5105917">
                <ele>177.8</ele>
            </trkpt>
            <trkpt lat="-37.3433769" lon="-73.510361">
                <ele>177</ele>
            </trkpt>
            <trkpt lat="-37.3432383" lon="-73.5102323">
                <ele>176.5</ele>
            </trkpt>
            <trkpt lat="-37.343136" lon="-73.5101357">
                <ele>176.2</ele>
            </trkpt>
            <trkpt lat="-37.3429718" lon="-73.510007">
                <ele>176.5</ele>
            </trkpt>
            <trkpt lat="-37.3427607" lon="-73.509905">
                <ele>176.8</ele>
            </trkpt>
            <trkpt lat="-37.3425538" lon="-73.5098246">
                <ele>176.5</ele>
            </trkpt>
            <trkpt lat="-37.3423449" lon="-73.5097441">
                <ele>176.2</ele>
            </trkpt>
            <trkpt lat="-37.3420143" lon="-73.5096556">
                <ele>175.8</ele>
            </trkpt>
            <trkpt lat="-37.3413981" lon="-73.5095">
                <ele>174.9</ele>
            </trkpt>
            <trkpt lat="-37.3410633" lon="-73.5093766">
                <ele>174.5</ele>
            </trkpt>
            <trkpt lat="-37.3406218" lon="-73.5091943">
                <ele>175.2</ele>
            </trkpt>
            <trkpt lat="-37.3402508" lon="-73.5090414">
                <ele>177</ele>
            </trkpt>
            <trkpt lat="-37.3400226" lon="-73.5089582">
                <ele>177.8</ele>
            </trkpt>
            <trkpt lat="-37.3397326" lon="-73.508859">
                <ele>178.8</ele>
            </trkpt>
            <trkpt lat="-37.339562" lon="-73.5088402">
                <ele>179.5</ele>
            </trkpt>
            <trkpt lat="-37.3393807" lon="-73.5088429">
                <ele>180.2</ele>
            </trkpt>
            <trkpt lat="-37.3391099" lon="-73.5088536">
                <ele>180.6</ele>
            </trkpt>
            <trkpt lat="-37.3389692" lon="-73.5088804">
                <ele>180.8</ele>
            </trkpt>
            <trkpt lat="-37.3388455" lon="-73.5089341">
                <ele>181</ele>
            </trkpt>
            <trkpt lat="-37.3386407" lon="-73.5090682">
                <ele>181.3</ele>
            </trkpt>
            <trkpt lat="-37.3384467" lon="-73.5092184">
                <ele>181.5</ele>
            </trkpt>
            <trkpt lat="-37.3382974" lon="-73.5093391">
                <ele>181.8</ele>
            </trkpt>
            <trkpt lat="-37.3381481" lon="-73.5094142">
                <ele>181.9</ele>
            </trkpt>
            <trkpt lat="-37.3379327" lon="-73.5095134">
                <ele>182</ele>
            </trkpt>
            <trkpt lat="-37.3377579" lon="-73.5095483">
                <ele>181.9</ele>
            </trkpt>
            <trkpt lat="-37.3375958" lon="-73.5095698">
                <ele>181.7</ele>
            </trkpt>
            <trkpt lat="-37.3374721" lon="-73.5095537">
                <ele>181.6</ele>
            </trkpt>
            <trkpt lat="-37.3373015" lon="-73.5095376">
                <ele>181.5</ele>
            </trkpt>
            <trkpt lat="-37.337148" lon="-73.5095483">
                <ele>182</ele>
            </trkpt>
            <trkpt lat="-37.3369475" lon="-73.5095537">
                <ele>182.8</ele>
            </trkpt>
            <trkpt lat="-37.3367833" lon="-73.5095724">
                <ele>183.2</ele>
            </trkpt>
            <trkpt lat="-37.3366447" lon="-73.5095966">
                <ele>184</ele>
            </trkpt>
            <trkpt lat="-37.3364485" lon="-73.5096395">
                <ele>185.5</ele>
            </trkpt>
            <trkpt lat="-37.3363397" lon="-73.5096636">
                <ele>186.5</ele>
            </trkpt>
            <trkpt lat="-37.3362544" lon="-73.5097066">
                <ele>187.2</ele>
            </trkpt>
            <trkpt lat="-37.3361627" lon="-73.5097736">
                <ele>188</ele>
            </trkpt>
            <trkpt lat="-37.336022" lon="-73.5099238">
                <ele>189</ele>
            </trkpt>
            <trkpt lat="-37.3358961" lon="-73.5100016">
                <ele>190</ele>
            </trkpt>
            <trkpt lat="-37.3356957" lon="-73.5101062">
                <ele>191.2</ele>
            </trkpt>
            <trkpt lat="-37.3354781" lon="-73.5102028">
                <ele>192</ele>
            </trkpt>
            <trkpt lat="-37.3352585" lon="-73.5103074">
                <ele>192.1</ele>
            </trkpt>
            <trkpt lat="-37.3348448" lon="-73.5105327">
                <ele>192.2</ele>
            </trkpt>
            <trkpt lat="-37.3346613" lon="-73.5106185">
                <ele>192</ele>
            </trkpt>
            <trkpt lat="-37.3345185" lon="-73.510699">
                <ele>191.8</ele>
            </trkpt>
            <trkpt lat="-37.3344374" lon="-73.5107312">
                <ele>191.5</ele>
            </trkpt>
            <trkpt lat="-37.3343116" lon="-73.5107553">
                <ele>191</ele>
            </trkpt>
            <trkpt lat="-37.3341943" lon="-73.510758">
                <ele>190.9</ele>
            </trkpt>
            <trkpt lat="-37.3340813" lon="-73.5107473">
                <ele>190.8</ele>
            </trkpt>
            <trkpt lat="-37.333996" lon="-73.5107633">
                <ele>190.8</ele>
            </trkpt>
            <trkpt lat="-37.333917" lon="-73.5108036">
                <ele>190.5</ele>
            </trkpt>
            <trkpt lat="-37.3337998" lon="-73.5108948">
                <ele>190.3</ele>
            </trkpt>
            <trkpt lat="-37.3336547" lon="-73.511045">
                <ele>190</ele>
            </trkpt>
            <trkpt lat="-37.3334884" lon="-73.5112381">
                <ele>189.8</ele>
            </trkpt>
            <trkpt lat="-37.333305" lon="-73.51145">
                <ele>189.7</ele>
            </trkpt>
            <trkpt lat="-37.3331365" lon="-73.511627">
                <ele>189.5</ele>
            </trkpt>
            <trkpt lat="-37.3328678" lon="-73.5119113">
                <ele>190</ele>
            </trkpt>
            <trkpt lat="-37.3325052" lon="-73.5123003">
                <ele>189.8</ele>
            </trkpt>
            <trkpt lat="-37.3322109" lon="-73.5126141">
                <ele>189</ele>
            </trkpt>
            <trkpt lat="-37.332036" lon="-73.5128555">
                <ele>188.5</ele>
            </trkpt>
            <trkpt lat="-37.3319081" lon="-73.5130298">
                <ele>187.8</ele>
            </trkpt>
            <trkpt lat="-37.3317481" lon="-73.5132605">
                <ele>186.2</ele>
            </trkpt>
            <trkpt lat="-37.3316671" lon="-73.5134187">
                <ele>185</ele>
            </trkpt>
            <trkpt lat="-37.331586" lon="-73.5136065">
                <ele>184.2</ele>
            </trkpt>
            <trkpt lat="-37.3314602" lon="-73.5139123">
                <ele>183.2</ele>
            </trkpt>
            <trkpt lat="-37.3314303" lon="-73.5140705">
                <ele>183.1</ele>
            </trkpt>
            <trkpt lat="-37.3314261" lon="-73.5142154">
                <ele>183</ele>
            </trkpt>
            <trkpt lat="-37.3314623" lon="-73.5146043">
                <ele>184.2</ele>
            </trkpt>
            <trkpt lat="-37.3314751" lon="-73.5148135">
                <ele>185</ele>
            </trkpt>
            <trkpt lat="-37.3314858" lon="-73.5150254">
                <ele>186</ele>
            </trkpt>
            <trkpt lat="-37.3314858" lon="-73.5151568">
                <ele>186.2</ele>
            </trkpt>
            <trkpt lat="-37.3314708" lon="-73.5153392">
                <ele>186.5</ele>
            </trkpt>
            <trkpt lat="-37.3314282" lon="-73.5155752">
                <ele>186.4</ele>
            </trkpt>
            <trkpt lat="-37.3313983" lon="-73.5157657">
                <ele>186.2</ele>
            </trkpt>
            <trkpt lat="-37.331377" lon="-73.5159776">
                <ele>186</ele>
            </trkpt>
            <trkpt lat="-37.3313727" lon="-73.5161144">
                <ele>185.8</ele>
            </trkpt>
            <trkpt lat="-37.3313727" lon="-73.5163906">
                <ele>184.8</ele>
            </trkpt>
            <trkpt lat="-37.3313493" lon="-73.5165596">
                <ele>184</ele>
            </trkpt>
            <trkpt lat="-37.3313002" lon="-73.5167098">
                <ele>183.2</ele>
            </trkpt>
            <trkpt lat="-37.3312597" lon="-73.5168788">
                <ele>182.8</ele>
            </trkpt>
            <trkpt lat="-37.331232" lon="-73.5170317">
                <ele>182.6</ele>
            </trkpt>
            <trkpt lat="-37.3311765" lon="-73.5172033">
                <ele>182.5</ele>
            </trkpt>
            <trkpt lat="-37.3310208" lon="-73.517485">
                <ele>182</ele>
            </trkpt>
            <trkpt lat="-37.3309334" lon="-73.5176405">
                <ele>181.8</ele>
            </trkpt>
            <trkpt lat="-37.3308779" lon="-73.5177666">
                <ele>181.5</ele>
            </trkpt>
            <trkpt lat="-37.330814" lon="-73.5179651">
                <ele>181.2</ele>
            </trkpt>
            <trkpt lat="-37.330782" lon="-73.5181394">
                <ele>181.2</ele>
            </trkpt>
            <trkpt lat="-37.33075" lon="-73.5182628">
                <ele>181.1</ele>
            </trkpt>
            <trkpt lat="-37.3306711" lon="-73.5183701">
                <ele>181.1</ele>
            </trkpt>
            <trkpt lat="-37.3305708" lon="-73.5184801">
                <ele>181</ele>
            </trkpt>
            <trkpt lat="-37.3303448" lon="-73.5186732">
                <ele>180</ele>
            </trkpt>
            <trkpt lat="-37.3301699" lon="-73.5187966">
                <ele>179.2</ele>
            </trkpt>
            <trkpt lat="-37.3300568" lon="-73.5188797">
                <ele>178.2</ele>
            </trkpt>
            <trkpt lat="-37.329931" lon="-73.5190058">
                <ele>177</ele>
            </trkpt>
            <trkpt lat="-37.3297838" lon="-73.5191748">
                <ele>175.2</ele>
            </trkpt>
            <trkpt lat="-37.3296239" lon="-73.5193223">
                <ele>174</ele>
            </trkpt>
            <trkpt lat="-37.3294895" lon="-73.5194564">
                <ele>172.8</ele>
            </trkpt>
            <trkpt lat="-37.329353" lon="-73.5195637">
                <ele>171.8</ele>
            </trkpt>
            <trkpt lat="-37.32924" lon="-73.5196736">
                <ele>171</ele>
            </trkpt>
            <trkpt lat="-37.3291504" lon="-73.5197836">
                <ele>170.5</ele>
            </trkpt>
            <trkpt lat="-37.32908" lon="-73.519907">
                <ele>170.3</ele>
            </trkpt>
            <trkpt lat="-37.3289563" lon="-73.5201269">
                <ele>170</ele>
            </trkpt>
            <trkpt lat="-37.328871" lon="-73.520304">
                <ele>170.2</ele>
            </trkpt>
            <trkpt lat="-37.3288155" lon="-73.5204569">
                <ele>170.5</ele>
            </trkpt>
            <trkpt lat="-37.3287132" lon="-73.5208055">
                <ele>172</ele>
            </trkpt>
            <trkpt lat="-37.3286918" lon="-73.5209692">
                <ele>172.8</ele>
            </trkpt>
            <trkpt lat="-37.3286854" lon="-73.5211194">
                <ele>173.8</ele>
            </trkpt>
            <trkpt lat="-37.3286812" lon="-73.5213822">
                <ele>175.8</ele>
            </trkpt>
            <trkpt lat="-37.3286918" lon="-73.521696">
                <ele>177.5</ele>
            </trkpt>
            <trkpt lat="-37.3286876" lon="-73.5218328">
                <ele>178</ele>
            </trkpt>
            <trkpt lat="-37.3286726" lon="-73.5219669">
                <ele>179</ele>
            </trkpt>
            <trkpt lat="-37.3286364" lon="-73.5221171">
                <ele>180</ele>
            </trkpt>
            <trkpt lat="-37.3285532" lon="-73.5224175">
                <ele>180.8</ele>
            </trkpt>
            <trkpt lat="-37.3284764" lon="-73.5227394">
                <ele>181.2</ele>
            </trkpt>
            <trkpt lat="-37.328389" lon="-73.52319">
                <ele>181</ele>
            </trkpt>
            <trkpt lat="-37.3282503" lon="-73.5239169">
                <ele>180.5</ele>
            </trkpt>
            <trkpt lat="-37.3282056" lon="-73.5242924">
                <ele>179</ele>
            </trkpt>
            <trkpt lat="-37.3282013" lon="-73.524456">
                <ele>178.2</ele>
            </trkpt>
            <trkpt lat="-37.3282248" lon="-73.5246304">
                <ele>177.8</ele>
            </trkpt>
            <trkpt lat="-37.3282717" lon="-73.5250005">
                <ele>177</ele>
            </trkpt>
            <trkpt lat="-37.3282738" lon="-73.5251454">
                <ele>176.8</ele>
            </trkpt>
            <trkpt lat="-37.3282695" lon="-73.5254055">
                <ele>176</ele>
            </trkpt>
            <trkpt lat="-37.3282525" lon="-73.5258105">
                <ele>175.2</ele>
            </trkpt>
            <trkpt lat="-37.3282482" lon="-73.5260573">
                <ele>174.5</ele>
            </trkpt>
            <trkpt lat="-37.3282162" lon="-73.5262129">
                <ele>173.2</ele>
            </trkpt>
            <trkpt lat="-37.3281736" lon="-73.5263738">
                <ele>172</ele>
            </trkpt>
            <trkpt lat="-37.3280712" lon="-73.5266259">
                <ele>170</ele>
            </trkpt>
            <trkpt lat="-37.3279859" lon="-73.526862">
                <ele>168.8</ele>
            </trkpt>
            <trkpt lat="-37.3279219" lon="-73.5270175">
                <ele>168.2</ele>
            </trkpt>
            <trkpt lat="-37.3278835" lon="-73.5271597">
                <ele>167.8</ele>
            </trkpt>
            <trkpt lat="-37.3278536" lon="-73.5273582">
                <ele>166.8</ele>
            </trkpt>
            <trkpt lat="-37.3278238" lon="-73.5275084">
                <ele>166.2</ele>
            </trkpt>
            <trkpt lat="-37.3277726" lon="-73.5275888">
                <ele>166.2</ele>
            </trkpt>
            <trkpt lat="-37.3276574" lon="-73.5276988">
                <ele>166</ele>
            </trkpt>
            <trkpt lat="-37.327506" lon="-73.5278115">
                <ele>166.2</ele>
            </trkpt>
            <trkpt lat="-37.327314" lon="-73.5279295">
                <ele>167.2</ele>
            </trkpt>
            <trkpt lat="-37.3271839" lon="-73.5279912">
                <ele>167.9</ele>
            </trkpt>
            <trkpt lat="-37.3271519" lon="-73.5279885">
                <ele>168</ele>
            </trkpt>
            <trkpt lat="-37.3271135" lon="-73.5279858">
                <ele>168.2</ele>
            </trkpt>
            <trkpt lat="-37.3270005" lon="-73.5279053">
                <ele>168.5</ele>
            </trkpt>
            <trkpt lat="-37.3268235" lon="-73.52779">
                <ele>168.2</ele>
            </trkpt>
            <trkpt lat="-37.3265035" lon="-73.5275647">
                <ele>168</ele>
            </trkpt>
            <trkpt lat="-37.3263926" lon="-73.5275137">
                <ele>167.9</ele>
            </trkpt>
            <trkpt lat="-37.3262604" lon="-73.5274896">
                <ele>167.8</ele>
            </trkpt>
            <trkpt lat="-37.3261175" lon="-73.5274789">
                <ele>168</ele>
            </trkpt>
            <trkpt lat="-37.3259533" lon="-73.5274976">
                <ele>168.5</ele>
            </trkpt>
            <trkpt lat="-37.3257101" lon="-73.5275674">
                <ele>169.8</ele>
            </trkpt>
            <trkpt lat="-37.3255992" lon="-73.5276452">
                <ele>170.5</ele>
            </trkpt>
            <trkpt lat="-37.325499" lon="-73.5277364">
                <ele>171.2</ele>
            </trkpt>
            <trkpt lat="-37.3253987" lon="-73.5278463">
                <ele>172</ele>
            </trkpt>
            <trkpt lat="-37.3252537" lon="-73.5280529">
                <ele>173.5</ele>
            </trkpt>
            <trkpt lat="-37.3251406" lon="-73.5282326">
                <ele>174.8</ele>
            </trkpt>
            <trkpt lat="-37.3250446" lon="-73.5284498">
                <ele>176.2</ele>
            </trkpt>
            <trkpt lat="-37.3249273" lon="-73.5286993">
                <ele>178.8</ele>
            </trkpt>
            <trkpt lat="-37.324825" lon="-73.5289246">
                <ele>180.8</ele>
            </trkpt>
            <trkpt lat="-37.3247396" lon="-73.5290399">
                <ele>181.5</ele>
            </trkpt>
            <trkpt lat="-37.3246927" lon="-73.5290936">
                <ele>181.8</ele>
            </trkpt>
            <trkpt lat="-37.3246458" lon="-73.5291526">
                <ele>182</ele>
            </trkpt>
            <trkpt lat="-37.3243877" lon="-73.5293484">
                <ele>181.8</ele>
            </trkpt>
            <trkpt lat="-37.3242192" lon="-73.5294423">
                <ele>180.5</ele>
            </trkpt>
            <trkpt lat="-37.3240315" lon="-73.5295227">
                <ele>179.2</ele>
            </trkpt>
            <trkpt lat="-37.3238118" lon="-73.5296166">
                <ele>177</ele>
            </trkpt>
            <trkpt lat="-37.3235687" lon="-73.52974">
                <ele>173.5</ele>
            </trkpt>
            <trkpt lat="-37.3234513" lon="-73.5298151">
                <ele>171.8</ele>
            </trkpt>
            <trkpt lat="-37.3233426" lon="-73.5299358">
                <ele>170.2</ele>
            </trkpt>
            <trkpt lat="-37.3232786" lon="-73.5301208">
                <ele>169.8</ele>
            </trkpt>
            <trkpt lat="-37.3232743" lon="-73.5303542">
                <ele>169.2</ele>
            </trkpt>
            <trkpt lat="-37.3232999" lon="-73.5304964">
                <ele>169.5</ele>
            </trkpt>
            <trkpt lat="-37.3233682" lon="-73.5308638">
                <ele>168.5</ele>
            </trkpt>
            <trkpt lat="-37.3234492" lon="-73.5312045">
                <ele>167.8</ele>
            </trkpt>
            <trkpt lat="-37.3235644" lon="-73.5315827">
                <ele>166.5</ele>
            </trkpt>
            <trkpt lat="-37.3236796" lon="-73.5320467">
                <ele>167</ele>
            </trkpt>
            <trkpt lat="-37.3237691" lon="-73.532441">
                <ele>168.5</ele>
            </trkpt>
            <trkpt lat="-37.3238225" lon="-73.5327145">
                <ele>169.8</ele>
            </trkpt>
            <trkpt lat="-37.323831" lon="-73.5328513">
                <ele>169.9</ele>
            </trkpt>
            <trkpt lat="-37.3238033" lon="-73.5329157">
                <ele>170</ele>
            </trkpt>
            <trkpt lat="-37.3237201" lon="-73.5330015">
                <ele>170.2</ele>
            </trkpt>
            <trkpt lat="-37.3236326" lon="-73.5330498">
                <ele>170.8</ele>
            </trkpt>
            <trkpt lat="-37.3235537" lon="-73.5330498">
                <ele>171.2</ele>
            </trkpt>
            <trkpt lat="-37.3234556" lon="-73.5329881">
                <ele>171.5</ele>
            </trkpt>
            <trkpt lat="-37.3233618" lon="-73.5328674">
                <ele>171.2</ele>
            </trkpt>
            <trkpt lat="-37.3232423" lon="-73.5326958">
                <ele>170.5</ele>
            </trkpt>
            <trkpt lat="-37.3231165" lon="-73.5324731">
                <ele>170.2</ele>
            </trkpt>
            <trkpt lat="-37.3229991" lon="-73.5322961">
                <ele>170</ele>
            </trkpt>
            <trkpt lat="-37.3228605" lon="-73.5321432">
                <ele>169.8</ele>
            </trkpt>
            <trkpt lat="-37.3227027" lon="-73.5320091">
                <ele>169.9</ele>
            </trkpt>
            <trkpt lat="-37.3225832" lon="-73.5318831">
                <ele>170</ele>
            </trkpt>
            <trkpt lat="-37.3224531" lon="-73.5317919">
                <ele>170.2</ele>
            </trkpt>
            <trkpt lat="-37.3222547" lon="-73.5316926">
                <ele>170.5</ele>
            </trkpt>
            <trkpt lat="-37.3220884" lon="-73.5316283">
                <ele>170.2</ele>
            </trkpt>
            <trkpt lat="-37.3219113" lon="-73.5315558">
                <ele>170</ele>
            </trkpt>
            <trkpt lat="-37.3217812" lon="-73.5314834">
                <ele>169.5</ele>
            </trkpt>
            <trkpt lat="-37.3217002" lon="-73.531411">
                <ele>169</ele>
            </trkpt>
            <trkpt lat="-37.3216148" lon="-73.5312957">
                <ele>168</ele>
            </trkpt>
            <trkpt lat="-37.3215316" lon="-73.5311508">
                <ele>167</ele>
            </trkpt>
            <trkpt lat="-37.321425" lon="-73.5309389">
                <ele>165.8</ele>
            </trkpt>
            <trkpt lat="-37.321329" lon="-73.5306948">
                <ele>164.5</ele>
            </trkpt>
            <trkpt lat="-37.3212394" lon="-73.5305017">
                <ele>163.2</ele>
            </trkpt>
            <trkpt lat="-37.3211477" lon="-73.5304025">
                <ele>161.8</ele>
            </trkpt>
            <trkpt lat="-37.321056" lon="-73.530373">
                <ele>160.2</ele>
            </trkpt>
            <trkpt lat="-37.3209685" lon="-73.5303864">
                <ele>158.8</ele>
            </trkpt>
            <trkpt lat="-37.3209152" lon="-73.5304481">
                <ele>158</ele>
            </trkpt>
            <trkpt lat="-37.3208661" lon="-73.5305393">
                <ele>157.6</ele>
            </trkpt>
            <trkpt lat="-37.3208427" lon="-73.5306305">
                <ele>157.2</ele>
            </trkpt>
            <trkpt lat="-37.3208512" lon="-73.5307378">
                <ele>157.8</ele>
            </trkpt>
            <trkpt lat="-37.3209131" lon="-73.5309631">
                <ele>159</ele>
            </trkpt>
            <trkpt lat="-37.3209792" lon="-73.5311669">
                <ele>160.8</ele>
            </trkpt>
            <trkpt lat="-37.3210539" lon="-73.5313573">
                <ele>162.5</ele>
            </trkpt>
            <trkpt lat="-37.3211008" lon="-73.5314834">
                <ele>163.2</ele>
            </trkpt>
            <trkpt lat="-37.3211434" lon="-73.5316363">
                <ele>164</ele>
            </trkpt>
            <trkpt lat="-37.3211413" lon="-73.531749">
                <ele>164.5</ele>
            </trkpt>
            <trkpt lat="-37.3211157" lon="-73.5318831">
                <ele>164.8</ele>
            </trkpt>
            <trkpt lat="-37.3210837" lon="-73.5320038">
                <ele>165</ele>
            </trkpt>
            <trkpt lat="-37.3209856" lon="-73.5323015">
                <ele>166.2</ele>
            </trkpt>
            <trkpt lat="-37.3209387" lon="-73.5324571">
                <ele>166.8</ele>
            </trkpt>
            <trkpt lat="-37.3209067" lon="-73.532508">
                <ele>167</ele>
            </trkpt>
            <trkpt lat="-37.3208555" lon="-73.5325348">
                <ele>166.8</ele>
            </trkpt>
            <trkpt lat="-37.3208022" lon="-73.5325268">
                <ele>166.2</ele>
            </trkpt>
            <trkpt lat="-37.3207275" lon="-73.5324651">
                <ele>165.2</ele>
            </trkpt>
            <trkpt lat="-37.3206208" lon="-73.5323524">
                <ele>163.5</ele>
            </trkpt>
            <trkpt lat="-37.3205377" lon="-73.5322478">
                <ele>161.5</ele>
            </trkpt>
            <trkpt lat="-37.3204801" lon="-73.5322264">
                <ele>161.2</ele>
            </trkpt>
            <trkpt lat="-37.3204075" lon="-73.5322613">
                <ele>160.8</ele>
            </trkpt>
            <trkpt lat="-37.3203414" lon="-73.5323417">
                <ele>161.5</ele>
            </trkpt>
            <trkpt lat="-37.3202881" lon="-73.5324061">
                <ele>161.8</ele>
            </trkpt>
            <trkpt lat="-37.3202348" lon="-73.5324329">
                <ele>162</ele>
            </trkpt>
            <trkpt lat="-37.320143" lon="-73.5324383">
                <ele>161.5</ele>
            </trkpt>
            <trkpt lat="-37.3200023" lon="-73.532441">
                <ele>160.5</ele>
            </trkpt>
            <trkpt lat="-37.3198444" lon="-73.5324517">
                <ele>159</ele>
            </trkpt>
            <trkpt lat="-37.3197271" lon="-73.5324785">
                <ele>158</ele>
            </trkpt>
            <trkpt lat="-37.3196631" lon="-73.5325241">
                <ele>157.9</ele>
            </trkpt>
            <trkpt lat="-37.3196226" lon="-73.5325724">
                <ele>157.8</ele>
            </trkpt>
            <trkpt lat="-37.3195884" lon="-73.5326716">
                <ele>158.2</ele>
            </trkpt>
            <trkpt lat="-37.3195842" lon="-73.5327709">
                <ele>159.2</ele>
            </trkpt>
            <trkpt lat="-37.319614" lon="-73.5330176">
                <ele>162.5</ele>
            </trkpt>
            <trkpt lat="-37.3196418" lon="-73.5331759">
                <ele>164.5</ele>
            </trkpt>
            <trkpt lat="-37.3196332" lon="-73.5333019">
                <ele>164.7</ele>
            </trkpt>
            <trkpt lat="-37.3196098" lon="-73.5334468">
                <ele>165</ele>
            </trkpt>
            <trkpt lat="-37.3195565" lon="-73.5336292">
                <ele>164.5</ele>
            </trkpt>
            <trkpt lat="-37.3194861" lon="-73.5337794">
                <ele>163.2</ele>
            </trkpt>
            <trkpt lat="-37.3194007" lon="-73.533951">
                <ele>161.5</ele>
            </trkpt>
            <trkpt lat="-37.3192728" lon="-73.5341442">
                <ele>159</ele>
            </trkpt>
            <trkpt lat="-37.3191853" lon="-73.5342434">
                <ele>157</ele>
            </trkpt>
            <trkpt lat="-37.3191192" lon="-73.5342783">
                <ele>155.8</ele>
            </trkpt>
            <trkpt lat="-37.3190296" lon="-73.5342944">
                <ele>154.5</ele>
            </trkpt>
            <trkpt lat="-37.3188803" lon="-73.5342836">
                <ele>152.2</ele>
            </trkpt>
            <trkpt lat="-37.318652" lon="-73.5342461">
                <ele>148.2</ele>
            </trkpt>
            <trkpt lat="-37.3184707" lon="-73.5342515">
                <ele>145.5</ele>
            </trkpt>
            <trkpt lat="-37.3183278" lon="-73.5342649">
                <ele>143.5</ele>
            </trkpt>
            <trkpt lat="-37.3181507" lon="-73.5342997">
                <ele>141</ele>
            </trkpt>
            <trkpt lat="-37.3180697" lon="-73.5343373">
                <ele>139.8</ele>
            </trkpt>
            <trkpt lat="-37.3180121" lon="-73.5344124">
                <ele>138.5</ele>
            </trkpt>
            <trkpt lat="-37.3179758" lon="-73.5344955">
                <ele>137.5</ele>
            </trkpt>
            <trkpt lat="-37.3179673" lon="-73.5346591">
                <ele>136.2</ele>
            </trkpt>
            <trkpt lat="-37.317995" lon="-73.5347664">
                <ele>135.8</ele>
            </trkpt>
            <trkpt lat="-37.3180356" lon="-73.5348228">
                <ele>135.5</ele>
            </trkpt>
            <trkpt lat="-37.3181251" lon="-73.5348979">
                <ele>136</ele>
            </trkpt>
            <trkpt lat="-37.3182638" lon="-73.5349435">
                <ele>137</ele>
            </trkpt>
            <trkpt lat="-37.3183833" lon="-73.5349461">
                <ele>138.2</ele>
            </trkpt>
            <trkpt lat="-37.3184814" lon="-73.5349274">
                <ele>139.8</ele>
            </trkpt>
            <trkpt lat="-37.3185539" lon="-73.5349461">
                <ele>140.8</ele>
            </trkpt>
            <trkpt lat="-37.3186008" lon="-73.5350078">
                <ele>141</ele>
            </trkpt>
            <trkpt lat="-37.3186307" lon="-73.5351232">
                <ele>140.8</ele>
            </trkpt>
            <trkpt lat="-37.3186627" lon="-73.5353163">
                <ele>139.5</ele>
            </trkpt>
            <trkpt lat="-37.3186968" lon="-73.5355094">
                <ele>138</ele>
            </trkpt>
            <trkpt lat="-37.3186968" lon="-73.5356516">
                <ele>136.5</ele>
            </trkpt>
            <trkpt lat="-37.3187224" lon="-73.5357481">
                <ele>136.2</ele>
            </trkpt>
            <trkpt lat="-37.3187757" lon="-73.5358366">
                <ele>136.8</ele>
            </trkpt>
            <trkpt lat="-37.3188419" lon="-73.5358876">
                <ele>137.8</ele>
            </trkpt>
            <trkpt lat="-37.3188824" lon="-73.5359412">
                <ele>138.2</ele>
            </trkpt>
            <trkpt lat="-37.3188803" lon="-73.536011">
                <ele>137.8</ele>
            </trkpt>
            <trkpt lat="-37.318844" lon="-73.5360566">
                <ele>136.8</ele>
            </trkpt>
            <trkpt lat="-37.3187373" lon="-73.5361263">
                <ele>134.2</ele>
            </trkpt>
            <trkpt lat="-37.3186691" lon="-73.5362041">
                <ele>132.5</ele>
            </trkpt>
            <trkpt lat="-37.3186115" lon="-73.5362819">
                <ele>131</ele>
            </trkpt>
            <trkpt lat="-37.3185667" lon="-73.5363945">
                <ele>129.2</ele>
            </trkpt>
            <trkpt lat="-37.3185198" lon="-73.5365447">
                <ele>127.2</ele>
            </trkpt>
            <trkpt lat="-37.3184856" lon="-73.536711">
                <ele>125.2</ele>
            </trkpt>
            <trkpt lat="-37.3184579" lon="-73.5368398">
                <ele>123.8</ele>
            </trkpt>
            <trkpt lat="-37.3184195" lon="-73.5369551">
                <ele>122</ele>
            </trkpt>
            <trkpt lat="-37.3183854" lon="-73.5370249">
                <ele>120.8</ele>
            </trkpt>
            <trkpt lat="-37.3183342" lon="-73.5370892">
                <ele>119.2</ele>
            </trkpt>
            <trkpt lat="-37.3182979" lon="-73.5371161">
                <ele>118.2</ele>
            </trkpt>
            <trkpt lat="-37.318251" lon="-73.5371295">
                <ele>117.2</ele>
            </trkpt>
            <trkpt lat="-37.3182446" lon="-73.537285">
                <ele>117</ele>
            </trkpt>
            <trkpt lat="-37.3182418" lon="-73.5373288">
                <ele>117.2</ele>
            </trkpt>
            <trkpt lat="-37.3182418" lon="-73.5373288">
                <ele>117.2</ele>
            </trkpt>
            <trkpt lat="-37.3181827" lon="-73.538264">
                <ele>120.8</ele>
            </trkpt>
            <trkpt lat="-37.3181657" lon="-73.5384786">
                <ele>122.8</ele>
            </trkpt>
            <trkpt lat="-37.3181593" lon="-73.5386664">
                <ele>123.8</ele>
            </trkpt>
            <trkpt lat="-37.3181657" lon="-73.5388193">
                <ele>124.2</ele>
            </trkpt>
            <trkpt lat="-37.3181849" lon="-73.5389614">
                <ele>124.8</ele>
            </trkpt>
            <trkpt lat="-37.3182105" lon="-73.5390821">
                <ele>125.2</ele>
            </trkpt>
            <trkpt lat="-37.3182446" lon="-73.5392109">
                <ele>126</ele>
            </trkpt>
            <trkpt lat="-37.3182937" lon="-73.5393557">
                <ele>127</ele>
            </trkpt>
            <trkpt lat="-37.3184302" lon="-73.5396802">
                <ele>128.5</ele>
            </trkpt>
            <trkpt lat="-37.3185006" lon="-73.5398412">
                <ele>129</ele>
            </trkpt>
            <trkpt lat="-37.3185731" lon="-73.5399726">
                <ele>129.5</ele>
            </trkpt>
            <trkpt lat="-37.318652" lon="-73.5400933">
                <ele>130.2</ele>
            </trkpt>
            <trkpt lat="-37.318748" lon="-73.540222">
                <ele>131</ele>
            </trkpt>
            <trkpt lat="-37.3188504" lon="-73.5403535">
                <ele>131.5</ele>
            </trkpt>
            <trkpt lat="-37.3195991" lon="-73.5412306">
                <ele>136.2</ele>
            </trkpt>
            <trkpt lat="-37.3199148" lon="-73.5415953">
                <ele>139</ele>
            </trkpt>
            <trkpt lat="-37.3200215" lon="-73.541716">
                <ele>139.2</ele>
            </trkpt>
            <trkpt lat="-37.3201238" lon="-73.5418314">
                <ele>139.3</ele>
            </trkpt>
            <trkpt lat="-37.3202305" lon="-73.5419306">
                <ele>139.5</ele>
            </trkpt>
            <trkpt lat="-37.3203308" lon="-73.5420164">
                <ele>140.2</ele>
            </trkpt>
            <trkpt lat="-37.3204289" lon="-73.5420889">
                <ele>140.8</ele>
            </trkpt>
            <trkpt lat="-37.3205718" lon="-73.5421774">
                <ele>141.2</ele>
            </trkpt>
            <trkpt lat="-37.3209984" lon="-73.5424161">
                <ele>142.2</ele>
            </trkpt>
            <trkpt lat="-37.3212352" lon="-73.5425475">
                <ele>143</ele>
            </trkpt>
            <trkpt lat="-37.3213674" lon="-73.5426334">
                <ele>143.5</ele>
            </trkpt>
            <trkpt lat="-37.3214613" lon="-73.5427031">
                <ele>144</ele>
            </trkpt>
            <trkpt lat="-37.321553" lon="-73.5427809">
                <ele>144.8</ele>
            </trkpt>
            <trkpt lat="-37.3216276" lon="-73.542864">
                <ele>145.2</ele>
            </trkpt>
            <trkpt lat="-37.3217044" lon="-73.5429686">
                <ele>145.8</ele>
            </trkpt>
            <trkpt lat="-37.3217705" lon="-73.5430732">
                <ele>146.5</ele>
            </trkpt>
            <trkpt lat="-37.3218196" lon="-73.5431698">
                <ele>147</ele>
            </trkpt>
            <trkpt lat="-37.3218665" lon="-73.5432744">
                <ele>147.5</ele>
            </trkpt>
            <trkpt lat="-37.3219007" lon="-73.5433736">
                <ele>147.4</ele>
            </trkpt>
            <trkpt lat="-37.3219369" lon="-73.5435131">
                <ele>147.2</ele>
            </trkpt>
            <trkpt lat="-37.3222483" lon="-73.5448167">
                <ele>151.8</ele>
            </trkpt>
            <trkpt lat="-37.3223123" lon="-73.5450876">
                <ele>153</ele>
            </trkpt>
            <trkpt lat="-37.3223507" lon="-73.5452887">
                <ele>153.8</ele>
            </trkpt>
            <trkpt lat="-37.3223763" lon="-73.5454497">
                <ele>154.5</ele>
            </trkpt>
            <trkpt lat="-37.3223912" lon="-73.545624">
                <ele>155.2</ele>
            </trkpt>
            <trkpt lat="-37.3223934" lon="-73.5457474">
                <ele>156</ele>
            </trkpt>
            <trkpt lat="-37.3223912" lon="-73.5459325">
                <ele>157.2</ele>
            </trkpt>
            <trkpt lat="-37.3223721" lon="-73.5461256">
                <ele>158</ele>
            </trkpt>
            <trkpt lat="-37.3223529" lon="-73.5462973">
                <ele>158.5</ele>
            </trkpt>
            <trkpt lat="-37.3222633" lon="-73.5468552">
                <ele>160.2</ele>
            </trkpt>
            <trkpt lat="-37.3222419" lon="-73.5469919">
                <ele>160.4</ele>
            </trkpt>
            <trkpt lat="-37.322227" lon="-73.5471368">
                <ele>160.5</ele>
            </trkpt>
            <trkpt lat="-37.322227" lon="-73.5472521">
                <ele>161</ele>
            </trkpt>
            <trkpt lat="-37.3222355" lon="-73.5473755">
                <ele>161.5</ele>
            </trkpt>
            <trkpt lat="-37.322259" lon="-73.5475096">
                <ele>161.8</ele>
            </trkpt>
            <trkpt lat="-37.3222995" lon="-73.5476491">
                <ele>162</ele>
            </trkpt>
            <trkpt lat="-37.3223486" lon="-73.5477564">
                <ele>162.8</ele>
            </trkpt>
            <trkpt lat="-37.322404" lon="-73.5478556">
                <ele>163.8</ele>
            </trkpt>
            <trkpt lat="-37.3224702" lon="-73.5479736">
                <ele>165</ele>
            </trkpt>
            <trkpt lat="-37.3225363" lon="-73.5480621">
                <ele>166</ele>
            </trkpt>
            <trkpt lat="-37.3226387" lon="-73.5481587">
                <ele>166.8</ele>
            </trkpt>
            <trkpt lat="-37.3231677" lon="-73.5486898">
                <ele>167.2</ele>
            </trkpt>
            <trkpt lat="-37.3233767" lon="-73.5489044">
                <ele>167</ele>
            </trkpt>
            <trkpt lat="-37.3235303" lon="-73.5490546">
                <ele>167.5</ele>
            </trkpt>
            <trkpt lat="-37.3236732" lon="-73.5492101">
                <ele>168.2</ele>
            </trkpt>
            <trkpt lat="-37.3237819" lon="-73.5493442">
                <ele>169.2</ele>
            </trkpt>
            <trkpt lat="-37.3238694" lon="-73.5494649">
                <ele>170</ele>
            </trkpt>
            <trkpt lat="-37.3239462" lon="-73.5495803">
                <ele>171</ele>
            </trkpt>
            <trkpt lat="-37.3240635" lon="-73.5497895">
                <ele>173.2</ele>
            </trkpt>
            <trkpt lat="-37.3244346" lon="-73.5504761">
                <ele>180.8</ele>
            </trkpt>
            <trkpt lat="-37.3249657" lon="-73.5514659">
                <ele>195.2</ele>
            </trkpt>
            <trkpt lat="-37.3254819" lon="-73.5524234">
                <ele>206</ele>
            </trkpt>
            <trkpt lat="-37.3256888" lon="-73.5527909">
                <ele>207.2</ele>
            </trkpt>
            <trkpt lat="-37.325789" lon="-73.5529599">
                <ele>206.9</ele>
            </trkpt>
            <trkpt lat="-37.325885" lon="-73.5531101">
                <ele>206.6</ele>
            </trkpt>
            <trkpt lat="-37.3260023" lon="-73.5532737">
                <ele>206.2</ele>
            </trkpt>
            <trkpt lat="-37.3261218" lon="-73.5534319">
                <ele>205.5</ele>
            </trkpt>
            <trkpt lat="-37.326254" lon="-73.5535955">
                <ele>205</ele>
            </trkpt>
            <trkpt lat="-37.3263884" lon="-73.5537592">
                <ele>204.2</ele>
            </trkpt>
            <trkpt lat="-37.3265611" lon="-73.5539576">
                <ele>203</ele>
            </trkpt>
            <trkpt lat="-37.3268427" lon="-73.5542339">
                <ele>201.5</ele>
            </trkpt>
            <trkpt lat="-37.3270389" lon="-73.5544109">
                <ele>200.5</ele>
            </trkpt>
            <trkpt lat="-37.3274377" lon="-73.5547516">
                <ele>200.8</ele>
            </trkpt>
            <trkpt lat="-37.3280477" lon="-73.5552424">
                <ele>201.2</ele>
            </trkpt>
            <trkpt lat="-37.3284039" lon="-73.5555375">
                <ele>202</ele>
            </trkpt>
            <trkpt lat="-37.3285127" lon="-73.5556179">
                <ele>202.2</ele>
            </trkpt>
            <trkpt lat="-37.3286492" lon="-73.5557172">
                <ele>202.5</ele>
            </trkpt>
            <trkpt lat="-37.3287772" lon="-73.5557923">
                <ele>202.6</ele>
            </trkpt>
            <trkpt lat="-37.328935" lon="-73.5558593">
                <ele>202.7</ele>
            </trkpt>
            <trkpt lat="-37.3290246" lon="-73.5558942">
                <ele>202.8</ele>
            </trkpt>
            <trkpt lat="-37.3291163" lon="-73.5559237">
                <ele>203</ele>
            </trkpt>
            <trkpt lat="-37.3292464" lon="-73.5559586">
                <ele>203.2</ele>
            </trkpt>
            <trkpt lat="-37.3293765" lon="-73.5559827">
                <ele>203.5</ele>
            </trkpt>
            <trkpt lat="-37.3304685" lon="-73.5561302">
                <ele>199.5</ele>
            </trkpt>
            <trkpt lat="-37.3306647" lon="-73.5561597">
                <ele>197.2</ele>
            </trkpt>
            <trkpt lat="-37.3308204" lon="-73.5561758">
                <ele>196</ele>
            </trkpt>
            <trkpt lat="-37.3309633" lon="-73.5561839">
                <ele>195.2</ele>
            </trkpt>
            <trkpt lat="-37.331104" lon="-73.5561758">
                <ele>195</ele>
            </trkpt>
            <trkpt lat="-37.3312618" lon="-73.5561597">
                <ele>194.5</ele>
            </trkpt>
            <trkpt lat="-37.3314026" lon="-73.556141">
                <ele>193.8</ele>
            </trkpt>
            <trkpt lat="-37.3315284" lon="-73.5561168">
                <ele>193</ele>
            </trkpt>
            <trkpt lat="-37.3316415" lon="-73.5560846">
                <ele>192.5</ele>
            </trkpt>
            <trkpt lat="-37.331778" lon="-73.5560337">
                <ele>192</ele>
            </trkpt>
            <trkpt lat="-37.3319017" lon="-73.5559773">
                <ele>191.5</ele>
            </trkpt>
            <trkpt lat="-37.3320254" lon="-73.5559076">
                <ele>190.8</ele>
            </trkpt>
            <trkpt lat="-37.3321427" lon="-73.5558298">
                <ele>190</ele>
            </trkpt>
            <trkpt lat="-37.3328145" lon="-73.5553497">
                <ele>190.8</ele>
            </trkpt>
            <trkpt lat="-37.332968" lon="-73.5552451">
                <ele>192.8</ele>
            </trkpt>
            <trkpt lat="-37.333064" lon="-73.5551861">
                <ele>194</ele>
            </trkpt>
            <trkpt lat="-37.3331706" lon="-73.5551271">
                <ele>195.5</ele>
            </trkpt>
            <trkpt lat="-37.3332922" lon="-73.5550708">
                <ele>197.2</ele>
            </trkpt>
            <trkpt lat="-37.3334116" lon="-73.5550225">
                <ele>198.8</ele>
            </trkpt>
            <trkpt lat="-37.3335182" lon="-73.5549822">
                <ele>199.8</ele>
            </trkpt>
            <trkpt lat="-37.3336142" lon="-73.5549554">
                <ele>200.5</ele>
            </trkpt>
            <trkpt lat="-37.3337208" lon="-73.5549393">
                <ele>201.5</ele>
            </trkpt>
            <trkpt lat="-37.3338403" lon="-73.5549232">
                <ele>203</ele>
            </trkpt>
            <trkpt lat="-37.3339533" lon="-73.5549179">
                <ele>204.2</ele>
            </trkpt>
            <trkpt lat="-37.3340727" lon="-73.5549179">
                <ele>205.5</ele>
            </trkpt>
            <trkpt lat="-37.33419" lon="-73.5549259">
                <ele>206.8</ele>
            </trkpt>
            <trkpt lat="-37.3342945" lon="-73.5549474">
                <ele>208.2</ele>
            </trkpt>
            <trkpt lat="-37.3344097" lon="-73.5549715">
                <ele>209.8</ele>
            </trkpt>
            <trkpt lat="-37.3345206" lon="-73.5550037">
                <ele>211.2</ele>
            </trkpt>
            <trkpt lat="-37.3346315" lon="-73.5550439">
                <ele>212.8</ele>
            </trkpt>
            <trkpt lat="-37.3347381" lon="-73.5550895">
                <ele>214</ele>
            </trkpt>
            <trkpt lat="-37.3348405" lon="-73.5551485">
                <ele>215.2</ele>
            </trkpt>
            <trkpt lat="-37.3349578" lon="-73.5552183">
                <ele>216.2</ele>
            </trkpt>
            <trkpt lat="-37.3350623" lon="-73.5552853">
                <ele>216.8</ele>
            </trkpt>
            <trkpt lat="-37.3351689" lon="-73.5553604">
                <ele>217.2</ele>
            </trkpt>
            <trkpt lat="-37.335299" lon="-73.5554597">
                <ele>218</ele>
            </trkpt>
            <trkpt lat="-37.3356957" lon="-73.5557789">
                <ele>218.2</ele>
            </trkpt>
            <trkpt lat="-37.3367044" lon="-73.5565701">
                <ele>219.4</ele>
            </trkpt>
            <trkpt lat="-37.3373975" lon="-73.55712">
                <ele>220.2</ele>
            </trkpt>
            <trkpt lat="-37.3377387" lon="-73.5573828">
                <ele>220.8</ele>
            </trkpt>
            <trkpt lat="-37.3378709" lon="-73.557474">
                <ele>221</ele>
            </trkpt>
            <trkpt lat="-37.338001" lon="-73.5575518">
                <ele>221.2</ele>
            </trkpt>
            <trkpt lat="-37.3381332" lon="-73.5576242">
                <ele>221.5</ele>
            </trkpt>
            <trkpt lat="-37.3382761" lon="-73.5576913">
                <ele>221.8</ele>
            </trkpt>
            <trkpt lat="-37.3384211" lon="-73.5577449">
                <ele>221.6</ele>
            </trkpt>
            <trkpt lat="-37.3385853" lon="-73.5577932">
                <ele>221.5</ele>
            </trkpt>
            <trkpt lat="-37.3388263" lon="-73.5578522">
                <ele>221.2</ele>
            </trkpt>
            <trkpt lat="-37.340705" lon="-73.5583189">
                <ele>220.8</ele>
            </trkpt>
            <trkpt lat="-37.3410846" lon="-73.5584047">
                <ele>220.8</ele>
            </trkpt>
            <trkpt lat="-37.3413128" lon="-73.558453">
                <ele>221.2</ele>
            </trkpt>
            <trkpt lat="-37.3415452" lon="-73.5584959">
                <ele>222.2</ele>
            </trkpt>
            <trkpt lat="-37.3417542" lon="-73.5585281">
                <ele>223.2</ele>
            </trkpt>
            <trkpt lat="-37.3419461" lon="-73.5585523">
                <ele>224.8</ele>
            </trkpt>
            <trkpt lat="-37.3420911" lon="-73.5585603">
                <ele>226</ele>
            </trkpt>
            <trkpt lat="-37.3423534" lon="-73.5585684">
                <ele>227.8</ele>
            </trkpt>
            <trkpt lat="-37.3425837" lon="-73.5585469">
                <ele>228.5</ele>
            </trkpt>
            <trkpt lat="-37.3428119" lon="-73.558512">
                <ele>228.1</ele>
            </trkpt>
            <trkpt lat="-37.3430315" lon="-73.5584745">
                <ele>227.8</ele>
            </trkpt>
            <trkpt lat="-37.3432277" lon="-73.5584235">
                <ele>227.5</ele>
            </trkpt>
            <trkpt lat="-37.3434196" lon="-73.5583645">
                <ele>227.8</ele>
            </trkpt>
            <trkpt lat="-37.3436115" lon="-73.5582894">
                <ele>228</ele>
            </trkpt>
            <trkpt lat="-37.3437608" lon="-73.5582277">
                <ele>228.2</ele>
            </trkpt>
            <trkpt lat="-37.3439463" lon="-73.5581338">
                <ele>228.5</ele>
            </trkpt>
            <trkpt lat="-37.3441766" lon="-73.5580024">
                <ele>229.2</ele>
            </trkpt>
            <trkpt lat="-37.344392" lon="-73.5578737">
                <ele>231</ele>
            </trkpt>
            <trkpt lat="-37.3445881" lon="-73.5577369">
                <ele>232.8</ele>
            </trkpt>
            <trkpt lat="-37.3448589" lon="-73.5575303">
                <ele>235.8</ele>
            </trkpt>
            <trkpt lat="-37.3451468" lon="-73.5572943">
                <ele>239.8</ele>
            </trkpt>
            <trkpt lat="-37.3457908" lon="-73.5567632">
                <ele>246</ele>
            </trkpt>
            <trkpt lat="-37.3460829" lon="-73.5565379">
                <ele>246.2</ele>
            </trkpt>
            <trkpt lat="-37.3472557" lon="-73.5556662">
                <ele>243.2</ele>
            </trkpt>
            <trkpt lat="-37.3475052" lon="-73.5554785">
                <ele>242.2</ele>
            </trkpt>
            <trkpt lat="-37.347712" lon="-73.5553256">
                <ele>241.2</ele>
            </trkpt>
            <trkpt lat="-37.3479892" lon="-73.5551244">
                <ele>239.5</ele>
            </trkpt>
            <trkpt lat="-37.3488399" lon="-73.5545075">
                <ele>237.2</ele>
            </trkpt>
            <trkpt lat="-37.3489679" lon="-73.5544297">
                <ele>236.8</ele>
            </trkpt>
            <trkpt lat="-37.3490574" lon="-73.5543814">
                <ele>236.2</ele>
            </trkpt>
            <trkpt lat="-37.349147" lon="-73.5543439">
                <ele>236</ele>
            </trkpt>
            <trkpt lat="-37.3492429" lon="-73.5543117">
                <ele>236.1</ele>
            </trkpt>
            <trkpt lat="-37.3493645" lon="-73.5542795">
                <ele>236.2</ele>
            </trkpt>
            <trkpt lat="-37.3495073" lon="-73.5542554">
                <ele>236.5</ele>
            </trkpt>
            <trkpt lat="-37.3496331" lon="-73.5542473">
                <ele>236.6</ele>
            </trkpt>
            <trkpt lat="-37.3497547" lon="-73.5542473">
                <ele>236.8</ele>
            </trkpt>
            <trkpt lat="-37.3499444" lon="-73.55425">
                <ele>237</ele>
            </trkpt>
            <trkpt lat="-37.3506267" lon="-73.5543144">
                <ele>238.8</ele>
            </trkpt>
            <trkpt lat="-37.3519124" lon="-73.5544002">
                <ele>242</ele>
            </trkpt>
            <trkpt lat="-37.3529572" lon="-73.5544753">
                <ele>246</ele>
            </trkpt>
            <trkpt lat="-37.3532386" lon="-73.5544994">
                <ele>246.5</ele>
            </trkpt>
            <trkpt lat="-37.3535243" lon="-73.5545316">
                <ele>247.5</ele>
            </trkpt>
            <trkpt lat="-37.3537653" lon="-73.5545611">
                <ele>248.2</ele>
            </trkpt>
            <trkpt lat="-37.3540062" lon="-73.554596">
                <ele>249</ele>
            </trkpt>
            <trkpt lat="-37.3542898" lon="-73.554647">
                <ele>250</ele>
            </trkpt>
            <trkpt lat="-37.3547055" lon="-73.5547274">
                <ele>251.5</ele>
            </trkpt>
            <trkpt lat="-37.3554368" lon="-73.5548481">
                <ele>250</ele>
            </trkpt>
            <trkpt lat="-37.3569719" lon="-73.5551405">
                <ele>257</ele>
            </trkpt>
            <trkpt lat="-37.3581253" lon="-73.5553631">
                <ele>256</ele>
            </trkpt>
            <trkpt lat="-37.3583534" lon="-73.5554114">
                <ele>254.5</ele>
            </trkpt>
            <trkpt lat="-37.3585005" lon="-73.5554463">
                <ele>254</ele>
            </trkpt>
            <trkpt lat="-37.3586583" lon="-73.5554865">
                <ele>253.8</ele>
            </trkpt>
            <trkpt lat="-37.3588118" lon="-73.5555348">
                <ele>253</ele>
            </trkpt>
            <trkpt lat="-37.3589546" lon="-73.5555831">
                <ele>252.2</ele>
            </trkpt>
            <trkpt lat="-37.3590911" lon="-73.5556313">
                <ele>251.8</ele>
            </trkpt>
            <trkpt lat="-37.3592403" lon="-73.5557011">
                <ele>251.2</ele>
            </trkpt>
            <trkpt lat="-37.3597477" lon="-73.5559237">
                <ele>249</ele>
            </trkpt>
            <trkpt lat="-37.3609373" lon="-73.5564628">
                <ele>237.8</ele>
            </trkpt>
            <trkpt lat="-37.3618455" lon="-73.5568812">
                <ele>230.5</ele>
            </trkpt>
            <trkpt lat="-37.3625085" lon="-73.5571736">
                <ele>233.2</ele>
            </trkpt>
            <trkpt lat="-37.3626535" lon="-73.5572273">
                <ele>234</ele>
            </trkpt>
            <trkpt lat="-37.362775" lon="-73.5572675">
                <ele>234.2</ele>
            </trkpt>
            <trkpt lat="-37.3628858" lon="-73.5572943">
                <ele>234</ele>
            </trkpt>
            <trkpt lat="-37.3630116" lon="-73.5573077">
                <ele>233.5</ele>
            </trkpt>
            <trkpt lat="-37.363131" lon="-73.5573131">
                <ele>232.8</ele>
            </trkpt>
            <trkpt lat="-37.3632504" lon="-73.5573104">
                <ele>232</ele>
            </trkpt>
            <trkpt lat="-37.3633825" lon="-73.5572997">
                <ele>231</ele>
            </trkpt>
            <trkpt lat="-37.3635637" lon="-73.5572729">
                <ele>229.5</ele>
            </trkpt>
            <trkpt lat="-37.3641564" lon="-73.5571736">
                <ele>225</ele>
            </trkpt>
            <trkpt lat="-37.3643291" lon="-73.5571414">
                <ele>224.2</ele>
            </trkpt>
            <trkpt lat="-37.3644634" lon="-73.5571119">
                <ele>223.5</ele>
            </trkpt>
            <trkpt lat="-37.364587" lon="-73.5570797">
                <ele>222.8</ele>
            </trkpt>
            <trkpt lat="-37.3647405" lon="-73.5570368">
                <ele>221.8</ele>
            </trkpt>
            <trkpt lat="-37.3648855" lon="-73.5569859">
                <ele>220.8</ele>
            </trkpt>
            <trkpt lat="-37.3649985" lon="-73.5569403">
                <ele>220</ele>
            </trkpt>
            <trkpt lat="-37.3651072" lon="-73.5568839">
                <ele>219</ele>
            </trkpt>
            <trkpt lat="-37.3652138" lon="-73.5568249">
                <ele>217.8</ele>
            </trkpt>
            <trkpt lat="-37.3653459" lon="-73.5567471">
                <ele>216.2</ele>
            </trkpt>
            <trkpt lat="-37.3654568" lon="-73.556672">
                <ele>215</ele>
            </trkpt>
            <trkpt lat="-37.3656316" lon="-73.5565487">
                <ele>212.2</ele>
            </trkpt>
            <trkpt lat="-37.3658917" lon="-73.5563663">
                <ele>208.8</ele>
            </trkpt>
            <trkpt lat="-37.3664864" lon="-73.5559157">
                <ele>202.8</ele>
            </trkpt>
            <trkpt lat="-37.3671814" lon="-73.5553926">
                <ele>204.2</ele>
            </trkpt>
            <trkpt lat="-37.3679019" lon="-73.5548374">
                <ele>210.8</ele>
            </trkpt>
            <trkpt lat="-37.3686885" lon="-73.554242">
                <ele>212.8</ele>
            </trkpt>
            <trkpt lat="-37.3691425" lon="-73.5538933">
                <ele>212.2</ele>
            </trkpt>
            <trkpt lat="-37.3696648" lon="-73.5535151">
                <ele>211.5</ele>
            </trkpt>
            <trkpt lat="-37.3701913" lon="-73.5531315">
                <ele>209.2</ele>
            </trkpt>
            <trkpt lat="-37.3707157" lon="-73.552756">
                <ele>207</ele>
            </trkpt>
            <trkpt lat="-37.3708116" lon="-73.5526863">
                <ele>207.2</ele>
            </trkpt>
            <trkpt lat="-37.3709054" lon="-73.5526192">
                <ele>207.5</ele>
            </trkpt>
            <trkpt lat="-37.3710141" lon="-73.5525548">
                <ele>207.8</ele>
            </trkpt>
            <trkpt lat="-37.3711335" lon="-73.5524958">
                <ele>208.2</ele>
            </trkpt>
            <trkpt lat="-37.3712337" lon="-73.5524502">
                <ele>209</ele>
            </trkpt>
            <trkpt lat="-37.3713445" lon="-73.55241">
                <ele>209.8</ele>
            </trkpt>
            <trkpt lat="-37.371466" lon="-73.5523751">
                <ele>210.5</ele>
            </trkpt>
            <trkpt lat="-37.3715939" lon="-73.552343">
                <ele>211.5</ele>
            </trkpt>
            <trkpt lat="-37.3717154" lon="-73.5523242">
                <ele>212.2</ele>
            </trkpt>
            <trkpt lat="-37.3718539" lon="-73.5523081">
                <ele>212.8</ele>
            </trkpt>
            <trkpt lat="-37.3720117" lon="-73.5522947">
                <ele>213.2</ele>
            </trkpt>
            <trkpt lat="-37.3722675" lon="-73.5522732">
                <ele>213.5</ele>
            </trkpt>
            <trkpt lat="-37.3730711" lon="-73.5522062">
                <ele>214</ele>
            </trkpt>
            <trkpt lat="-37.3735443" lon="-73.5521659">
                <ele>212.8</ele>
            </trkpt>
            <trkpt lat="-37.3739322" lon="-73.5521284">
                <ele>210.8</ele>
            </trkpt>
            <trkpt lat="-37.3743436" lon="-73.5520747">
                <ele>207.5</ele>
            </trkpt>
            <trkpt lat="-37.3747422" lon="-73.5520157">
                <ele>204.2</ele>
            </trkpt>
            <trkpt lat="-37.3749681" lon="-73.5519809">
                <ele>203</ele>
            </trkpt>
            <trkpt lat="-37.3752367" lon="-73.5519272">
                <ele>201.8</ele>
            </trkpt>
            <trkpt lat="-37.3764452" lon="-73.5516751">
                <ele>197.2</ele>
            </trkpt>
            <trkpt lat="-37.377673" lon="-73.5514122">
                <ele>195</ele>
            </trkpt>
            <trkpt lat="-37.3778477" lon="-73.5513774">
                <ele>195.2</ele>
            </trkpt>
            <trkpt lat="-37.3779713" lon="-73.5513586">
                <ele>195.3</ele>
            </trkpt>
            <trkpt lat="-37.3780843" lon="-73.5513505">
                <ele>195.4</ele>
            </trkpt>
            <trkpt lat="-37.3781888" lon="-73.5513532">
                <ele>195.5</ele>
            </trkpt>
            <trkpt lat="-37.3782825" lon="-73.5513639">
                <ele>195.8</ele>
            </trkpt>
            <trkpt lat="-37.3783848" lon="-73.5513854">
                <ele>196</ele>
            </trkpt>
            <trkpt lat="-37.378485" lon="-73.5514122">
                <ele>196.1</ele>
            </trkpt>
            <trkpt lat="-37.3785958" lon="-73.5514498">
                <ele>196.2</ele>
            </trkpt>
            <trkpt lat="-37.3787259" lon="-73.5514981">
                <ele>196.2</ele>
            </trkpt>
            <trkpt lat="-37.3789006" lon="-73.5515705">
                <ele>196.5</ele>
            </trkpt>
            <trkpt lat="-37.3790967" lon="-73.5516563">
                <ele>196.8</ele>
            </trkpt>
            <trkpt lat="-37.3810469" lon="-73.5524556">
                <ele>198</ele>
            </trkpt>
            <trkpt lat="-37.3813368" lon="-73.5525736">
                <ele>198.5</ele>
            </trkpt>
            <trkpt lat="-37.3815627" lon="-73.5526729">
                <ele>198.8</ele>
            </trkpt>
            <trkpt lat="-37.3817886" lon="-73.5527721">
                <ele>198.6</ele>
            </trkpt>
            <trkpt lat="-37.3819868" lon="-73.5528687">
                <ele>198.5</ele>
            </trkpt>
            <trkpt lat="-37.3822106" lon="-73.5529813">
                <ele>198</ele>
            </trkpt>
            <trkpt lat="-37.3824557" lon="-73.5531181">
                <ele>196.5</ele>
            </trkpt>
            <trkpt lat="-37.3826795" lon="-73.5532549">
                <ele>195</ele>
            </trkpt>
            <trkpt lat="-37.3828756" lon="-73.5533783">
                <ele>192.5</ele>
            </trkpt>
            <trkpt lat="-37.3830716" lon="-73.5535151">
                <ele>190</ele>
            </trkpt>
            <trkpt lat="-37.3832805" lon="-73.5536653">
                <ele>186.8</ele>
            </trkpt>
            <trkpt lat="-37.3839753" lon="-73.5541669">
                <ele>179</ele>
            </trkpt>
            <trkpt lat="-37.3848342" lon="-73.5547999">
                <ele>176.2</ele>
            </trkpt>
            <trkpt lat="-37.385595" lon="-73.5553417">
                <ele>173</ele>
            </trkpt>
            <trkpt lat="-37.3858145" lon="-73.5554999">
                <ele>171.2</ele>
            </trkpt>
            <trkpt lat="-37.3859616" lon="-73.5555965">
                <ele>170</ele>
            </trkpt>
            <trkpt lat="-37.3860959" lon="-73.5556769">
                <ele>169</ele>
            </trkpt>
            <trkpt lat="-37.3862088" lon="-73.5557279">
                <ele>168</ele>
            </trkpt>
            <trkpt lat="-37.3863367" lon="-73.5557681">
                <ele>166.5</ele>
            </trkpt>
            <trkpt lat="-37.386439" lon="-73.555795">
                <ele>165.2</ele>
            </trkpt>
            <trkpt lat="-37.386569" lon="-73.5558084">
                <ele>164</ele>
            </trkpt>
            <trkpt lat="-37.3867437" lon="-73.5558191">
                <ele>162.5</ele>
            </trkpt>
            <trkpt lat="-37.3869313" lon="-73.5558218">
                <ele>160.8</ele>
            </trkpt>
            <trkpt lat="-37.3882483" lon="-73.5557762">
                <ele>149.2</ele>
            </trkpt>
            <trkpt lat="-37.3884401" lon="-73.5557708">
                <ele>149.8</ele>
            </trkpt>
            <trkpt lat="-37.3885978" lon="-73.5557735">
                <ele>150.8</ele>
            </trkpt>
            <trkpt lat="-37.3887363" lon="-73.5557789">
                <ele>151.8</ele>
            </trkpt>
            <trkpt lat="-37.3888472" lon="-73.5557923">
                <ele>152.5</ele>
            </trkpt>
            <trkpt lat="-37.3889878" lon="-73.5558164">
                <ele>153.8</ele>
            </trkpt>
            <trkpt lat="-37.3891242" lon="-73.5558432">
                <ele>155.2</ele>
            </trkpt>
            <trkpt lat="-37.3892755" lon="-73.5558754">
                <ele>157.2</ele>
            </trkpt>
            <trkpt lat="-37.389414" lon="-73.555921">
                <ele>158.8</ele>
            </trkpt>
            <trkpt lat="-37.3895525" lon="-73.555972">
                <ele>160</ele>
            </trkpt>
            <trkpt lat="-37.3897017" lon="-73.5560337">
                <ele>161</ele>
            </trkpt>
            <trkpt lat="-37.3898552" lon="-73.5561061">
                <ele>161.5</ele>
            </trkpt>
            <trkpt lat="-37.3900193" lon="-73.5561919">
                <ele>161.4</ele>
            </trkpt>
            <trkpt lat="-37.3903581" lon="-73.5563743">
                <ele>161.2</ele>
            </trkpt>
            <trkpt lat="-37.3913235" lon="-73.5569134">
                <ele>154.5</ele>
            </trkpt>
            <trkpt lat="-37.3919095" lon="-73.5572353">
                <ele>150.5</ele>
            </trkpt>
            <trkpt lat="-37.3924252" lon="-73.5575277">
                <ele>146.5</ele>
            </trkpt>
            <trkpt lat="-37.3932094" lon="-73.5579783">
                <ele>143.8</ele>
            </trkpt>
            <trkpt lat="-37.39413" lon="-73.5584852">
                <ele>139.8</ele>
            </trkpt>
            <trkpt lat="-37.3943367" lon="-73.5586059">
                <ele>139</ele>
            </trkpt>
            <trkpt lat="-37.3944858" lon="-73.5586917">
                <ele>138.8</ele>
            </trkpt>
            <trkpt lat="-37.394635" lon="-73.558791">
                <ele>138.2</ele>
            </trkpt>
            <trkpt lat="-37.3947693" lon="-73.5588822">
                <ele>137.5</ele>
            </trkpt>
            <trkpt lat="-37.3948907" lon="-73.5589761">
                <ele>137</ele>
            </trkpt>
            <trkpt lat="-37.3950186" lon="-73.5590833">
                <ele>136.8</ele>
            </trkpt>
            <trkpt lat="-37.3951294" lon="-73.5591826">
                <ele>136.5</ele>
            </trkpt>
            <trkpt lat="-37.3952487" lon="-73.5592979">
                <ele>136</ele>
            </trkpt>
            <trkpt lat="-37.3953617" lon="-73.5594106">
                <ele>135.5</ele>
            </trkpt>
            <trkpt lat="-37.3954618" lon="-73.5595179">
                <ele>135.8</ele>
            </trkpt>
            <trkpt lat="-37.3956067" lon="-73.5596842">
                <ele>136.3</ele>
            </trkpt>
            <trkpt lat="-37.3960521" lon="-73.5602233">
                <ele>137.8</ele>
            </trkpt>
            <trkpt lat="-37.396214" lon="-73.5604137">
                <ele>139.2</ele>
            </trkpt>
            <trkpt lat="-37.3963376" lon="-73.5605425">
                <ele>140.2</ele>
            </trkpt>
            <trkpt lat="-37.396442" lon="-73.5606417">
                <ele>141</ele>
            </trkpt>
            <trkpt lat="-37.396555" lon="-73.5607383">
                <ele>141.8</ele>
            </trkpt>
            <trkpt lat="-37.3966679" lon="-73.5608295">
                <ele>142.5</ele>
            </trkpt>
            <trkpt lat="-37.3968512" lon="-73.5609528">
                <ele>143.2</ele>
            </trkpt>
            <trkpt lat="-37.3974542" lon="-73.5613391">
                <ele>145.5</ele>
            </trkpt>
            <trkpt lat="-37.3978761" lon="-73.561618">
                <ele>148.5</ele>
            </trkpt>
            <trkpt lat="-37.3980849" lon="-73.5617468">
                <ele>150.2</ele>
            </trkpt>
            <trkpt lat="-37.3982213" lon="-73.5618272">
                <ele>151.8</ele>
            </trkpt>
            <trkpt lat="-37.3983641" lon="-73.561897">
                <ele>153.2</ele>
            </trkpt>
            <trkpt lat="-37.3985047" lon="-73.5619614">
                <ele>154.8</ele>
            </trkpt>
            <trkpt lat="-37.3986432" lon="-73.5620096">
                <ele>156</ele>
            </trkpt>
            <trkpt lat="-37.3987881" lon="-73.5620579">
                <ele>157.8</ele>
            </trkpt>
            <trkpt lat="-37.3989373" lon="-73.5620928">
                <ele>159.8</ele>
            </trkpt>
            <trkpt lat="-37.3990864" lon="-73.5621169">
                <ele>161</ele>
            </trkpt>
            <trkpt lat="-37.3992377" lon="-73.5621357">
                <ele>162</ele>
            </trkpt>
            <trkpt lat="-37.3994785" lon="-73.5621518">
                <ele>163.8</ele>
            </trkpt>
            <trkpt lat="-37.4006717" lon="-73.5621706">
                <ele>175</ele>
            </trkpt>
            <trkpt lat="-37.4014175" lon="-73.5622028">
                <ele>182</ele>
            </trkpt>
            <trkpt lat="-37.4023316" lon="-73.5622296">
                <ele>189</ele>
            </trkpt>
            <trkpt lat="-37.4027748" lon="-73.5622296">
                <ele>192</ele>
            </trkpt>
            <trkpt lat="-37.4033586" lon="-73.5622242">
                <ele>195.8</ele>
            </trkpt>
            <trkpt lat="-37.4040873" lon="-73.5622081">
                <ele>195</ele>
            </trkpt>
            <trkpt lat="-37.4058429" lon="-73.5621089">
                <ele>194.8</ele>
            </trkpt>
            <trkpt lat="-37.4061945" lon="-73.5620794">
                <ele>192.8</ele>
            </trkpt>
            <trkpt lat="-37.4063734" lon="-73.5620633">
                <ele>192.2</ele>
            </trkpt>
            <trkpt lat="-37.4065034" lon="-73.5620499">
                <ele>191.8</ele>
            </trkpt>
            <trkpt lat="-37.4067633" lon="-73.562023">
                <ele>189.2</ele>
            </trkpt>
            <trkpt lat="-37.4071511" lon="-73.5619748">
                <ele>185.2</ele>
            </trkpt>
            <trkpt lat="-37.4082505" lon="-73.5618138">
                <ele>172</ele>
            </trkpt>
            <trkpt lat="-37.4084529" lon="-73.5617843">
                <ele>170.2</ele>
            </trkpt>
            <trkpt lat="-37.4085914" lon="-73.5617682">
                <ele>169</ele>
            </trkpt>
            <trkpt lat="-37.4087256" lon="-73.5617602">
                <ele>167.8</ele>
            </trkpt>
            <trkpt lat="-37.4088406" lon="-73.5617548">
                <ele>167</ele>
            </trkpt>
            <trkpt lat="-37.4089621" lon="-73.5617575">
                <ele>166.2</ele>
            </trkpt>
            <trkpt lat="-37.4091027" lon="-73.5617709">
                <ele>165.5</ele>
            </trkpt>
            <trkpt lat="-37.4092348" lon="-73.5617924">
                <ele>164.8</ele>
            </trkpt>
            <trkpt lat="-37.4093605" lon="-73.5618219">
                <ele>164.2</ele>
            </trkpt>
            <trkpt lat="-37.4095075" lon="-73.5618594">
                <ele>163.8</ele>
            </trkpt>
            <trkpt lat="-37.4096524" lon="-73.5619158">
                <ele>163</ele>
            </trkpt>
            <trkpt lat="-37.4097802" lon="-73.5619667">
                <ele>162.5</ele>
            </trkpt>
            <trkpt lat="-37.4099123" lon="-73.5620338">
                <ele>162.7</ele>
            </trkpt>
            <trkpt lat="-37.4101275" lon="-73.5621411">
                <ele>163</ele>
            </trkpt>
            <trkpt lat="-37.4107837" lon="-73.5624924">
                <ele>165.5</ele>
            </trkpt>
            <trkpt lat="-37.4113525" lon="-73.5627982">
                <ele>170.5</ele>
            </trkpt>
            <trkpt lat="-37.4117573" lon="-73.5630074">
                <ele>174</ele>
            </trkpt>
            <trkpt lat="-37.4124987" lon="-73.5633829">
                <ele>175.2</ele>
            </trkpt>
            <trkpt lat="-37.4130952" lon="-73.5636941">
                <ele>173.5</ele>
            </trkpt>
            <trkpt lat="-37.413517" lon="-73.5639086">
                <ele>170.8</ele>
            </trkpt>
            <trkpt lat="-37.4137961" lon="-73.5640615">
                <ele>168.8</ele>
            </trkpt>
            <trkpt lat="-37.4140901" lon="-73.5642359">
                <ele>167.5</ele>
            </trkpt>
            <trkpt lat="-37.4143585" lon="-73.5643995">
                <ele>166.2</ele>
            </trkpt>
            <trkpt lat="-37.4146035" lon="-73.5645577">
                <ele>164.8</ele>
            </trkpt>
            <trkpt lat="-37.4149103" lon="-73.5647669">
                <ele>162.8</ele>
            </trkpt>
            <trkpt lat="-37.4151467" lon="-73.5649332">
                <ele>161.2</ele>
            </trkpt>
            <trkpt lat="-37.4153449" lon="-73.5650727">
                <ele>159.2</ele>
            </trkpt>
            <trkpt lat="-37.4159435" lon="-73.5655126">
                <ele>152.5</ele>
            </trkpt>
            <trkpt lat="-37.4166295" lon="-73.5660061">
                <ele>146</ele>
            </trkpt>
            <trkpt lat="-37.4170555" lon="-73.5663119">
                <ele>143.5</ele>
            </trkpt>
            <trkpt lat="-37.4173069" lon="-73.5664889">
                <ele>142</ele>
            </trkpt>
            <trkpt lat="-37.4174773" lon="-73.5666123">
                <ele>141</ele>
            </trkpt>
            <trkpt lat="-37.4176861" lon="-73.5667518">
                <ele>140</ele>
            </trkpt>
            <trkpt lat="-37.4178736" lon="-73.5668698">
                <ele>138.5</ele>
            </trkpt>
            <trkpt lat="-37.4180631" lon="-73.5669824">
                <ele>136.8</ele>
            </trkpt>
            <trkpt lat="-37.4183316" lon="-73.5671434">
                <ele>135.8</ele>
            </trkpt>
            <trkpt lat="-37.4185339" lon="-73.567256">
                <ele>135</ele>
            </trkpt>
            <trkpt lat="-37.4187129" lon="-73.5673553">
                <ele>134.2</ele>
            </trkpt>
            <trkpt lat="-37.4189046" lon="-73.5674626">
                <ele>134.3</ele>
            </trkpt>
            <trkpt lat="-37.4190345" lon="-73.567543">
                <ele>134.4</ele>
            </trkpt>
            <trkpt lat="-37.4191858" lon="-73.567645">
                <ele>134.4</ele>
            </trkpt>
            <trkpt lat="-37.419303" lon="-73.5677281">
                <ele>134.4</ele>
            </trkpt>
            <trkpt lat="-37.4194798" lon="-73.5678676">
                <ele>134.5</ele>
            </trkpt>
            <trkpt lat="-37.4199633" lon="-73.5682699">
                <ele>135.8</ele>
            </trkpt>
            <trkpt lat="-37.4201018" lon="-73.5683852">
                <ele>136.5</ele>
            </trkpt>
            <trkpt lat="-37.4202445" lon="-73.5684898">
                <ele>136.7</ele>
            </trkpt>
            <trkpt lat="-37.4204703" lon="-73.5686374">
                <ele>137</ele>
            </trkpt>
            <trkpt lat="-37.4207174" lon="-73.5687983">
                <ele>137.8</ele>
            </trkpt>
            <trkpt lat="-37.4209049" lon="-73.5689217">
                <ele>139</ele>
            </trkpt>
            <trkpt lat="-37.4210625" lon="-73.5690182">
                <ele>140</ele>
            </trkpt>
            <trkpt lat="-37.4212372" lon="-73.5691175">
                <ele>141.5</ele>
            </trkpt>
            <trkpt lat="-37.4213778" lon="-73.5691899">
                <ele>143.2</ele>
            </trkpt>
            <trkpt lat="-37.4215269" lon="-73.5692596">
                <ele>145.2</ele>
            </trkpt>
            <trkpt lat="-37.4216909" lon="-73.5693294">
                <ele>147.2</ele>
            </trkpt>
            <trkpt lat="-37.4218869" lon="-73.5693991">
                <ele>150.2</ele>
            </trkpt>
            <trkpt lat="-37.4226026" lon="-73.5696244">
                <ele>157</ele>
            </trkpt>
            <trkpt lat="-37.422822" lon="-73.5696942">
                <ele>158.5</ele>
            </trkpt>
            <trkpt lat="-37.4229754" lon="-73.5697451">
                <ele>159.8</ele>
            </trkpt>
            <trkpt lat="-37.4231288" lon="-73.5698041">
                <ele>160.5</ele>
            </trkpt>
            <trkpt lat="-37.4232694" lon="-73.5698685">
                <ele>161</ele>
            </trkpt>
            <trkpt lat="-37.4234099" lon="-73.5699382">
                <ele>161.8</ele>
            </trkpt>
            <trkpt lat="-37.4235548" lon="-73.570016">
                <ele>162.5</ele>
            </trkpt>
            <trkpt lat="-37.4236826" lon="-73.5700911">
                <ele>163</ele>
            </trkpt>
            <trkpt lat="-37.4237806" lon="-73.5701555">
                <ele>163.5</ele>
            </trkpt>
            <trkpt lat="-37.4238807" lon="-73.5702279">
                <ele>164</ele>
            </trkpt>
            <trkpt lat="-37.4239936" lon="-73.5703138">
                <ele>164.5</ele>
            </trkpt>
            <trkpt lat="-37.4241086" lon="-73.5704103">
                <ele>165</ele>
            </trkpt>
            <trkpt lat="-37.4242066" lon="-73.5705069">
                <ele>165.8</ele>
            </trkpt>
            <trkpt lat="-37.4243195" lon="-73.5706115">
                <ele>166.5</ele>
            </trkpt>
            <trkpt lat="-37.4244601" lon="-73.570751">
                <ele>167.5</ele>
            </trkpt>
            <trkpt lat="-37.4246156" lon="-73.570928">
                <ele>169</ele>
            </trkpt>
            <trkpt lat="-37.4248669" lon="-73.5712069">
                <ele>172.2</ele>
            </trkpt>
            <trkpt lat="-37.4254804" lon="-73.5718668">
                <ele>178.5</ele>
            </trkpt>
            <trkpt lat="-37.4256934" lon="-73.5721108">
                <ele>180</ele>
            </trkpt>
            <trkpt lat="-37.4258638" lon="-73.5723013">
                <ele>181.2</ele>
            </trkpt>
            <trkpt lat="-37.4260406" lon="-73.572489">
                <ele>183</ele>
            </trkpt>
            <trkpt lat="-37.4262046" lon="-73.5726607">
                <ele>184</ele>
            </trkpt>
            <trkpt lat="-37.4263814" lon="-73.5728297">
                <ele>184.8</ele>
            </trkpt>
            <trkpt lat="-37.4265433" lon="-73.5729745">
                <ele>185.2</ele>
            </trkpt>
            <trkpt lat="-37.4267392" lon="-73.5731381">
                <ele>185.5</ele>
            </trkpt>
            <trkpt lat="-37.4269203" lon="-73.5732803">
                <ele>185</ele>
            </trkpt>
            <trkpt lat="-37.4270928" lon="-73.573401">
                <ele>184.2</ele>
            </trkpt>
            <trkpt lat="-37.4272824" lon="-73.5735297">
                <ele>183.2</ele>
            </trkpt>
            <trkpt lat="-37.4274592" lon="-73.573637">
                <ele>182</ele>
            </trkpt>
            <trkpt lat="-37.4276338" lon="-73.5737363">
                <ele>180.5</ele>
            </trkpt>
            <trkpt lat="-37.4278106" lon="-73.5738328">
                <ele>179.5</ele>
            </trkpt>
            <trkpt lat="-37.4280023" lon="-73.5739321">
                <ele>178.2</ele>
            </trkpt>
            <trkpt lat="-37.4282089" lon="-73.5740286">
                <ele>177.2</ele>
            </trkpt>
            <trkpt lat="-37.4284049" lon="-73.5741118">
                <ele>177</ele>
            </trkpt>
            <trkpt lat="-37.4285774" lon="-73.5741761">
                <ele>176.9</ele>
            </trkpt>
            <trkpt lat="-37.4289033" lon="-73.5743049">
                <ele>176.8</ele>
            </trkpt>
            <trkpt lat="-37.4296254" lon="-73.5745946">
                <ele>173.2</ele>
            </trkpt>
            <trkpt lat="-37.4303176" lon="-73.5748547">
                <ele>168</ele>
            </trkpt>
            <trkpt lat="-37.4305604" lon="-73.5749486">
                <ele>165.5</ele>
            </trkpt>
            <trkpt lat="-37.4306903" lon="-73.5749996">
                <ele>164.2</ele>
            </trkpt>
            <trkpt lat="-37.4308458" lon="-73.5750666">
                <ele>162.8</ele>
            </trkpt>
            <trkpt lat="-37.4309757" lon="-73.5751283">
                <ele>161.2</ele>
            </trkpt>
            <trkpt lat="-37.4310844" lon="-73.5751846">
                <ele>160</ele>
            </trkpt>
            <trkpt lat="-37.4312143" lon="-73.5752571">
                <ele>158.5</ele>
            </trkpt>
            <trkpt lat="-37.4315508" lon="-73.5754448">
                <ele>153.8</ele>
            </trkpt>
            <trkpt lat="-37.4317681" lon="-73.5755682">
                <ele>150</ele>
            </trkpt>
            <trkpt lat="-37.4319512" lon="-73.5756674">
                <ele>146.8</ele>
            </trkpt>
            <trkpt lat="-37.4321088" lon="-73.5757479">
                <ele>144</ele>
            </trkpt>
            <trkpt lat="-37.4322835" lon="-73.575823">
                <ele>141.2</ele>
            </trkpt>
            <trkpt lat="-37.4324518" lon="-73.5758901">
                <ele>139.2</ele>
            </trkpt>
            <trkpt lat="-37.4326158" lon="-73.5759464">
                <ele>137.8</ele>
            </trkpt>
            <trkpt lat="-37.4327883" lon="-73.576">
                <ele>136.2</ele>
            </trkpt>
            <trkpt lat="-37.4329736" lon="-73.576043">
                <ele>134.2</ele>
            </trkpt>
            <trkpt lat="-37.4331972" lon="-73.5760885">
                <ele>132.2</ele>
            </trkpt>
            <trkpt lat="-37.4336466" lon="-73.5761771">
                <ele>128</ele>
            </trkpt>
            <trkpt lat="-37.4341002" lon="-73.5762656">
                <ele>123.2</ele>
            </trkpt>
            <trkpt lat="-37.4343409" lon="-73.5763058">
                <ele>121.2</ele>
            </trkpt>
            <trkpt lat="-37.4345582" lon="-73.5763514">
                <ele>119.5</ele>
            </trkpt>
            <trkpt lat="-37.4347456" lon="-73.5763916">
                <ele>118.5</ele>
            </trkpt>
            <trkpt lat="-37.4348819" lon="-73.5764211">
                <ele>118.2</ele>
            </trkpt>
            <trkpt lat="-37.4350352" lon="-73.576456">
                <ele>118.4</ele>
            </trkpt>
            <trkpt lat="-37.4351822" lon="-73.5764962">
                <ele>118.5</ele>
            </trkpt>
            <trkpt lat="-37.4353313" lon="-73.5765392">
                <ele>118.8</ele>
            </trkpt>
            <trkpt lat="-37.4355208" lon="-73.5766008">
                <ele>119</ele>
            </trkpt>
            <trkpt lat="-37.4356763" lon="-73.5766572">
                <ele>118.8</ele>
            </trkpt>
            <trkpt lat="-37.435819" lon="-73.5767108">
                <ele>118.2</ele>
            </trkpt>
            <trkpt lat="-37.4359766" lon="-73.5767832">
                <ele>117</ele>
            </trkpt>
            <trkpt lat="-37.4363706" lon="-73.5769629">
                <ele>111.2</ele>
            </trkpt>
            <trkpt lat="-37.4365964" lon="-73.5770702">
                <ele>108.8</ele>
            </trkpt>
            <trkpt lat="-37.4367902" lon="-73.5771668">
                <ele>107.5</ele>
            </trkpt>
            <trkpt lat="-37.4369371" lon="-73.5772499">
                <ele>106</ele>
            </trkpt>
            <trkpt lat="-37.4370649" lon="-73.5773304">
                <ele>105</ele>
            </trkpt>
            <trkpt lat="-37.4371842" lon="-73.5774109">
                <ele>103.8</ele>
            </trkpt>
            <trkpt lat="-37.4373439" lon="-73.5775343">
                <ele>102</ele>
            </trkpt>
            <trkpt lat="-37.4379125" lon="-73.5779768">
                <ele>96.5</ele>
            </trkpt>
            <trkpt lat="-37.4387665" lon="-73.578583">
                <ele>89.2</ele>
            </trkpt>
            <trkpt lat="-37.4390306" lon="-73.5787788">
                <ele>86.8</ele>
            </trkpt>
            <trkpt lat="-37.4392798" lon="-73.5789827">
                <ele>84.5</ele>
            </trkpt>
            <trkpt lat="-37.4395801" lon="-73.579216">
                <ele>81.2</ele>
            </trkpt>
            <trkpt lat="-37.4397717" lon="-73.5793716">
                <ele>79</ele>
            </trkpt>
            <trkpt lat="-37.4399293" lon="-73.5795003">
                <ele>77.2</ele>
            </trkpt>
            <trkpt lat="-37.440072" lon="-73.5796264">
                <ele>76</ele>
            </trkpt>
            <trkpt lat="-37.4402211" lon="-73.5797551">
                <ele>75</ele>
            </trkpt>
            <trkpt lat="-37.440417" lon="-73.5799402">
                <ele>72.8</ele>
            </trkpt>
            <trkpt lat="-37.4406726" lon="-73.5801843">
                <ele>70</ele>
            </trkpt>
            <trkpt lat="-37.4408621" lon="-73.5803694">
                <ele>68.8</ele>
            </trkpt>
            <trkpt lat="-37.4410495" lon="-73.5805625">
                <ele>66.2</ele>
            </trkpt>
            <trkpt lat="-37.4412582" lon="-73.5807797">
                <ele>63.2</ele>
            </trkpt>
            <trkpt lat="-37.4414648" lon="-73.5810104">
                <ele>60.8</ele>
            </trkpt>
            <trkpt lat="-37.441665" lon="-73.5812464">
                <ele>59</ele>
            </trkpt>
            <trkpt lat="-37.441895" lon="-73.5815227">
                <ele>56</ele>
            </trkpt>
            <trkpt lat="-37.4421292" lon="-73.5818177">
                <ele>52.5</ele>
            </trkpt>
            <trkpt lat="-37.4423401" lon="-73.5820913">
                <ele>49</ele>
            </trkpt>
            <trkpt lat="-37.4424295" lon="-73.582212">
                <ele>47.2</ele>
            </trkpt>
            <trkpt lat="-37.4425126" lon="-73.5823327">
                <ele>45.8</ele>
            </trkpt>
            <trkpt lat="-37.4425871" lon="-73.5824507">
                <ele>44.5</ele>
            </trkpt>
            <trkpt lat="-37.4426595" lon="-73.5825849">
                <ele>42.8</ele>
            </trkpt>
            <trkpt lat="-37.4427234" lon="-73.5827082">
                <ele>41.2</ele>
            </trkpt>
            <trkpt lat="-37.4427745" lon="-73.5828182">
                <ele>39.8</ele>
            </trkpt>
            <trkpt lat="-37.4429278" lon="-73.5831803">
                <ele>35.5</ele>
            </trkpt>
            <trkpt lat="-37.4429811" lon="-73.583301">
                <ele>34</ele>
            </trkpt>
            <trkpt lat="-37.4430428" lon="-73.5834298">
                <ele>32.2</ele>
            </trkpt>
            <trkpt lat="-37.4431131" lon="-73.583537">
                <ele>30.8</ele>
            </trkpt>
            <trkpt lat="-37.4431983" lon="-73.5836551">
                <ele>29.2</ele>
            </trkpt>
            <trkpt lat="-37.4432749" lon="-73.5837436">
                <ele>28</ele>
            </trkpt>
            <trkpt lat="-37.4433729" lon="-73.5838428">
                <ele>26.5</ele>
            </trkpt>
            <trkpt lat="-37.4434772" lon="-73.583934">
                <ele>25</ele>
            </trkpt>
            <trkpt lat="-37.4435795" lon="-73.5840118">
                <ele>23.5</ele>
            </trkpt>
            <trkpt lat="-37.4436859" lon="-73.5840788">
                <ele>22</ele>
            </trkpt>
            <trkpt lat="-37.4437903" lon="-73.5841298">
                <ele>20.8</ele>
            </trkpt>
            <trkpt lat="-37.4438925" lon="-73.5841727">
                <ele>19.8</ele>
            </trkpt>
            <trkpt lat="-37.443999" lon="-73.584213">
                <ele>18.8</ele>
            </trkpt>
            <trkpt lat="-37.4441289" lon="-73.5842478">
                <ele>17.5</ele>
            </trkpt>
            <trkpt lat="-37.4442673" lon="-73.584272">
                <ele>16.2</ele>
            </trkpt>
            <trkpt lat="-37.4444568" lon="-73.5842934">
                <ele>15.2</ele>
            </trkpt>
            <trkpt lat="-37.4463968" lon="-73.5844517">
                <ele>15.2</ele>
            </trkpt>
            <trkpt lat="-37.4467141" lon="-73.5844758">
                <ele>9</ele>
            </trkpt>
            <trkpt lat="-37.450102" lon="-73.5847574">
                <ele>9.2</ele>
            </trkpt>
            <trkpt lat="-37.4525209" lon="-73.5849345">
                <ele>19.5</ele>
            </trkpt>
            <trkpt lat="-37.4532789" lon="-73.5850042">
                <ele>26</ele>
            </trkpt>
            <trkpt lat="-37.4534514" lon="-73.5850123">
                <ele>27</ele>
            </trkpt>
            <trkpt lat="-37.4535962" lon="-73.5850123">
                <ele>27.8</ele>
            </trkpt>
            <trkpt lat="-37.4537303" lon="-73.5850042">
                <ele>28.5</ele>
            </trkpt>
            <trkpt lat="-37.4538538" lon="-73.5849854">
                <ele>29.2</ele>
            </trkpt>
            <trkpt lat="-37.4539752" lon="-73.584964">
                <ele>30</ele>
            </trkpt>
            <trkpt lat="-37.4541008" lon="-73.5849318">
                <ele>31</ele>
            </trkpt>
            <trkpt lat="-37.454235" lon="-73.5848916">
                <ele>32.2</ele>
            </trkpt>
            <trkpt lat="-37.4543584" lon="-73.5848433">
                <ele>33.5</ele>
            </trkpt>
            <trkpt lat="-37.4544819" lon="-73.5847816">
                <ele>35</ele>
            </trkpt>
            <trkpt lat="-37.4545969" lon="-73.5847199">
                <ele>36.5</ele>
            </trkpt>
            <trkpt lat="-37.4547119" lon="-73.5846528">
                <ele>38.2</ele>
            </trkpt>
            <trkpt lat="-37.4548503" lon="-73.5845643">
                <ele>40</ele>
            </trkpt>
            <trkpt lat="-37.4549802" lon="-73.5844678">
                <ele>41.5</ele>
            </trkpt>
            <trkpt lat="-37.4550888" lon="-73.5843793">
                <ele>42.8</ele>
            </trkpt>
            <trkpt lat="-37.4551846" lon="-73.5842934">
                <ele>43.8</ele>
            </trkpt>
            <trkpt lat="-37.455274" lon="-73.5841995">
                <ele>44.8</ele>
            </trkpt>
            <trkpt lat="-37.4553741" lon="-73.5840842">
                <ele>46</ele>
            </trkpt>
            <trkpt lat="-37.4554699" lon="-73.5839662">
                <ele>46.8</ele>
            </trkpt>
            <trkpt lat="-37.4555551" lon="-73.5838428">
                <ele>47.5</ele>
            </trkpt>
            <trkpt lat="-37.4556509" lon="-73.583706">
                <ele>48.5</ele>
            </trkpt>
            <trkpt lat="-37.455768" lon="-73.5835102">
                <ele>49.8</ele>
            </trkpt>
            <trkpt lat="-37.4559724" lon="-73.5831669">
                <ele>52.5</ele>
            </trkpt>
            <trkpt lat="-37.4565324" lon="-73.5821933">
                <ele>62</ele>
            </trkpt>
            <trkpt lat="-37.456741" lon="-73.5818392">
                <ele>65</ele>
            </trkpt>
            <trkpt lat="-37.4568113" lon="-73.5817078">
                <ele>66.2</ele>
            </trkpt>
            <trkpt lat="-37.457054" lon="-73.581292">
                <ele>70.8</ele>
            </trkpt>
            <trkpt lat="-37.4571605" lon="-73.5811096">
                <ele>73</ele>
            </trkpt>
            <trkpt lat="-37.4572243" lon="-73.5810077">
                <ele>74.2</ele>
            </trkpt>
            <trkpt lat="-37.4572946" lon="-73.5809112">
                <ele>75.2</ele>
            </trkpt>
            <trkpt lat="-37.457367" lon="-73.58082">
                <ele>76.2</ele>
            </trkpt>
            <trkpt lat="-37.4574437" lon="-73.5807341">
                <ele>77</ele>
            </trkpt>
            <trkpt lat="-37.4575267" lon="-73.580651">
                <ele>77.8</ele>
            </trkpt>
            <trkpt lat="-37.457614" lon="-73.5805759">
                <ele>78.5</ele>
            </trkpt>
            <trkpt lat="-37.4577055" lon="-73.5805035">
                <ele>79</ele>
            </trkpt>
            <trkpt lat="-37.457795" lon="-73.5804498">
                <ele>79.2</ele>
            </trkpt>
            <trkpt lat="-37.457878" lon="-73.5804042">
                <ele>79.5</ele>
            </trkpt>
            <trkpt lat="-37.4579717" lon="-73.580364">
                <ele>80</ele>
            </trkpt>
            <trkpt lat="-37.458076" lon="-73.5803238">
                <ele>80.5</ele>
            </trkpt>
            <trkpt lat="-37.4581761" lon="-73.5802969">
                <ele>80.8</ele>
            </trkpt>
            <trkpt lat="-37.4582932" lon="-73.5802755">
                <ele>81</ele>
            </trkpt>
            <trkpt lat="-37.4584103" lon="-73.5802594">
                <ele>81.5</ele>
            </trkpt>
            <trkpt lat="-37.4585231" lon="-73.580254">
                <ele>82</ele>
            </trkpt>
            <trkpt lat="-37.4586573" lon="-73.5802567">
                <ele>83</ele>
            </trkpt>
            <trkpt lat="-37.458785" lon="-73.5802674">
                <ele>84.2</ele>
            </trkpt>
            <trkpt lat="-37.4589596" lon="-73.5802889">
                <ele>86</ele>
            </trkpt>
            <trkpt lat="-37.4593535" lon="-73.5803398">
                <ele>89</ele>
            </trkpt>
            <trkpt lat="-37.4599965" lon="-73.5804284">
                <ele>92</ele>
            </trkpt>
            <trkpt lat="-37.4602158" lon="-73.5804552">
                <ele>93.2</ele>
            </trkpt>
            <trkpt lat="-37.4604819" lon="-73.5804954">
                <ele>94.8</ele>
            </trkpt>
            <trkpt lat="-37.4608736" lon="-73.5805571">
                <ele>97</ele>
            </trkpt>
            <trkpt lat="-37.4610312" lon="-73.5805866">
                <ele>98</ele>
            </trkpt>
            <trkpt lat="-37.4611909" lon="-73.5806134">
                <ele>99.2</ele>
            </trkpt>
            <trkpt lat="-37.4613591" lon="-73.5806403">
                <ele>101</ele>
            </trkpt>
            <trkpt lat="-37.4615741" lon="-73.5806671">
                <ele>102.8</ele>
            </trkpt>
            <trkpt lat="-37.4619531" lon="-73.5807073">
                <ele>105.2</ele>
            </trkpt>
            <trkpt lat="-37.4623214" lon="-73.5807475">
                <ele>108.5</ele>
            </trkpt>
            <trkpt lat="-37.4630942" lon="-73.5808522">
                <ele>119.8</ele>
            </trkpt>
            <trkpt lat="-37.4632773" lon="-73.5808736">
                <ele>122.5</ele>
            </trkpt>
            <trkpt lat="-37.4634199" lon="-73.580887">
                <ele>124.2</ele>
            </trkpt>
            <trkpt lat="-37.463537" lon="-73.5808951">
                <ele>125.5</ele>
            </trkpt>
            <trkpt lat="-37.4636648" lon="-73.5809004">
                <ele>126.5</ele>
            </trkpt>
            <trkpt lat="-37.4637904" lon="-73.5808951">
                <ele>127.5</ele>
            </trkpt>
            <trkpt lat="-37.463916" lon="-73.5808817">
                <ele>128.8</ele>
            </trkpt>
            <trkpt lat="-37.4640437" lon="-73.5808629">
                <ele>129.8</ele>
            </trkpt>
            <trkpt lat="-37.4641757" lon="-73.5808334">
                <ele>130.5</ele>
            </trkpt>
            <trkpt lat="-37.4642992" lon="-73.5807958">
                <ele>131.2</ele>
            </trkpt>
            <trkpt lat="-37.4644163" lon="-73.5807583">
                <ele>131.8</ele>
            </trkpt>
            <trkpt lat="-37.4645419" lon="-73.5807127">
                <ele>132.2</ele>
            </trkpt>
            <trkpt lat="-37.4646654" lon="-73.5806563">
                <ele>133</ele>
            </trkpt>
            <trkpt lat="-37.4647974" lon="-73.5805947">
                <ele>133.8</ele>
            </trkpt>
            <trkpt lat="-37.4649379" lon="-73.5805196">
                <ele>134.5</ele>
            </trkpt>
            <trkpt lat="-37.4650933" lon="-73.5804337">
                <ele>135.2</ele>
            </trkpt>
            <trkpt lat="-37.4656532" lon="-73.5801065">
                <ele>140</ele>
            </trkpt>
            <trkpt lat="-37.4657831" lon="-73.5800341">
                <ele>141.2</ele>
            </trkpt>
            <trkpt lat="-37.4659066" lon="-73.5799697">
                <ele>142.5</ele>
            </trkpt>
            <trkpt lat="-37.4660066" lon="-73.5799268">
                <ele>143.8</ele>
            </trkpt>
            <trkpt lat="-37.4661237" lon="-73.5798839">
                <ele>145.5</ele>
            </trkpt>
            <trkpt lat="-37.4662301" lon="-73.579849">
                <ele>147</ele>
            </trkpt>
            <trkpt lat="-37.4663387" lon="-73.5798249">
                <ele>148.2</ele>
            </trkpt>
            <trkpt lat="-37.4664345" lon="-73.5798034">
                <ele>149.2</ele>
            </trkpt>
            <trkpt lat="-37.4665495" lon="-73.5797927">
                <ele>150.5</ele>
            </trkpt>
            <trkpt lat="-37.4666687" lon="-73.5797873">
                <ele>151.8</ele>
            </trkpt>
            <trkpt lat="-37.4668198" lon="-73.5797873">
                <ele>153.5</ele>
            </trkpt>
            <trkpt lat="-37.4669604" lon="-73.579798">
                <ele>155.2</ele>
            </trkpt>
            <trkpt lat="-37.46712" lon="-73.5798141">
                <ele>157.2</ele>
            </trkpt>
            <trkpt lat="-37.4677161" lon="-73.5798705">
                <ele>162.5</ele>
            </trkpt>
            <trkpt lat="-37.467863" lon="-73.5798866">
                <ele>163.5</ele>
            </trkpt>
            <trkpt lat="-37.4680184" lon="-73.5799053">
                <ele>164.8</ele>
            </trkpt>
            <trkpt lat="-37.4681355" lon="-73.5799268">
                <ele>165.5</ele>
            </trkpt>
            <trkpt lat="-37.4682547" lon="-73.579959">
                <ele>166.2</ele>
            </trkpt>
            <trkpt lat="-37.4683867" lon="-73.5799965">
                <ele>167</ele>
            </trkpt>
            <trkpt lat="-37.4685038" lon="-73.5800394">
                <ele>168</ele>
            </trkpt>
            <trkpt lat="-37.4686017" lon="-73.5800824">
                <ele>169</ele>
            </trkpt>
            <trkpt lat="-37.4687103" lon="-73.5801333">
                <ele>170.5</ele>
            </trkpt>
            <trkpt lat="-37.4688146" lon="-73.5801896">
                <ele>171.8</ele>
            </trkpt>
            <trkpt lat="-37.4688997" lon="-73.5802379">
                <ele>172.8</ele>
            </trkpt>
            <trkpt lat="-37.4689977" lon="-73.580305">
                <ele>174</ele>
            </trkpt>
            <trkpt lat="-37.4690998" lon="-73.5803801">
                <ele>175.5</ele>
            </trkpt>
            <trkpt lat="-37.4692276" lon="-73.5804766">
                <ele>177.5</ele>
            </trkpt>
            <trkpt lat="-37.469383" lon="-73.5806081">
                <ele>179.5</ele>
            </trkpt>
            <trkpt lat="-37.4697619" lon="-73.5809299">
                <ele>184.8</ele>
            </trkpt>
            <trkpt lat="-37.4701174" lon="-73.5812277">
                <ele>189</ele>
            </trkpt>
            <trkpt lat="-37.4702707" lon="-73.581351">
                <ele>190.5</ele>
            </trkpt>
            <trkpt lat="-37.4703793" lon="-73.5814315">
                <ele>191.8</ele>
            </trkpt>
            <trkpt lat="-37.4705049" lon="-73.5815147">
                <ele>192.5</ele>
            </trkpt>
            <trkpt lat="-37.4706198" lon="-73.581579">
                <ele>193</ele>
            </trkpt>
            <trkpt lat="-37.470739" lon="-73.581638">
                <ele>193.8</ele>
            </trkpt>
            <trkpt lat="-37.4708561" lon="-73.5816836">
                <ele>194.5</ele>
            </trkpt>
            <trkpt lat="-37.470986" lon="-73.5817266">
                <ele>195</ele>
            </trkpt>
            <trkpt lat="-37.4711371" lon="-73.5817614">
                <ele>195.8</ele>
            </trkpt>
            <trkpt lat="-37.4714181" lon="-73.5818285">
                <ele>197.5</ele>
            </trkpt>
            <trkpt lat="-37.4722228" lon="-73.5819894">
                <ele>204.5</ele>
            </trkpt>
            <trkpt lat="-37.4728933" lon="-73.5821342">
                <ele>209.2</ele>
            </trkpt>
            <trkpt lat="-37.4730232" lon="-73.5821638">
                <ele>209.8</ele>
            </trkpt>
            <trkpt lat="-37.4731211" lon="-73.5821879">
                <ele>210.2</ele>
            </trkpt>
            <trkpt lat="-37.4732552" lon="-73.5822362">
                <ele>211</ele>
            </trkpt>
            <trkpt lat="-37.4734021" lon="-73.5822791">
                <ele>211.8</ele>
            </trkpt>
            <trkpt lat="-37.4734787" lon="-73.5823005">
                <ele>212</ele>
            </trkpt>
            <trkpt lat="-37.4735681" lon="-73.582314">
                <ele>212.2</ele>
            </trkpt>
            <trkpt lat="-37.473666" lon="-73.582322">
                <ele>212.2</ele>
            </trkpt>
            <trkpt lat="-37.4737767" lon="-73.582322">
                <ele>212.1</ele>
            </trkpt>
            <trkpt lat="-37.4739342" lon="-73.582314">
                <ele>212.1</ele>
            </trkpt>
            <trkpt lat="-37.4740471" lon="-73.5822979">
                <ele>212</ele>
            </trkpt>
            <trkpt lat="-37.4741748" lon="-73.582271">
                <ele>211.5</ele>
            </trkpt>
            <trkpt lat="-37.4743962" lon="-73.5822147">
                <ele>210.5</ele>
            </trkpt>
            <trkpt lat="-37.4749773" lon="-73.5820377">
                <ele>210.2</ele>
            </trkpt>
            <trkpt lat="-37.4751348" lon="-73.581984">
                <ele>210.8</ele>
            </trkpt>
            <trkpt lat="-37.4752498" lon="-73.5819384">
                <ele>211</ele>
            </trkpt>
            <trkpt lat="-37.4753626" lon="-73.5818848">
                <ele>211.5</ele>
            </trkpt>
            <trkpt lat="-37.4756904" lon="-73.5817266">
                <ele>213.2</ele>
            </trkpt>
            <trkpt lat="-37.4760118" lon="-73.5815576">
                <ele>216</ele>
            </trkpt>
            <trkpt lat="-37.476097" lon="-73.581512">
                <ele>216.5</ele>
            </trkpt>
            <trkpt lat="-37.4761864" lon="-73.5814556">
                <ele>217.2</ele>
            </trkpt>
            <trkpt lat="-37.4762566" lon="-73.5814074">
                <ele>217.8</ele>
            </trkpt>
            <trkpt lat="-37.4763503" lon="-73.5813323">
                <ele>218.5</ele>
            </trkpt>
            <trkpt lat="-37.4764333" lon="-73.5812572">
                <ele>219</ele>
            </trkpt>
            <trkpt lat="-37.4766483" lon="-73.5810453">
                <ele>219</ele>
            </trkpt>
            <trkpt lat="-37.4767015" lon="-73.5809916">
                <ele>219</ele>
            </trkpt>
            <trkpt lat="-37.4767866" lon="-73.5809219">
                <ele>219</ele>
            </trkpt>
            <trkpt lat="-37.4768931" lon="-73.5808441">
                <ele>219</ele>
            </trkpt>
            <trkpt lat="-37.4769846" lon="-73.5807797">
                <ele>219</ele>
            </trkpt>
            <trkpt lat="-37.4770633" lon="-73.5807288">
                <ele>219.1</ele>
            </trkpt>
            <trkpt lat="-37.4771527" lon="-73.5806751">
                <ele>219.1</ele>
            </trkpt>
            <trkpt lat="-37.477257" lon="-73.5806188">
                <ele>219.1</ele>
            </trkpt>
            <trkpt lat="-37.4773826" lon="-73.5805598">
                <ele>219.1</ele>
            </trkpt>
            <trkpt lat="-37.4774954" lon="-73.5805115">
                <ele>219.1</ele>
            </trkpt>
            <trkpt lat="-37.4775976" lon="-73.5804766">
                <ele>219.1</ele>
            </trkpt>
            <trkpt lat="-37.4777253" lon="-73.5804418">
                <ele>219.1</ele>
            </trkpt>
            <trkpt lat="-37.4778254" lon="-73.5804176">
                <ele>219.1</ele>
            </trkpt>
            <trkpt lat="-37.4779148" lon="-73.5804015">
                <ele>219.1</ele>
            </trkpt>
            <trkpt lat="-37.4780255" lon="-73.5803881">
                <ele>219.1</ele>
            </trkpt>
            <trkpt lat="-37.4781383" lon="-73.5803747">
                <ele>219.1</ele>
            </trkpt>
            <trkpt lat="-37.4782915" lon="-73.580372">
                <ele>219.2</ele>
            </trkpt>
            <trkpt lat="-37.4784448" lon="-73.5803774">
                <ele>219.2</ele>
            </trkpt>
            <trkpt lat="-37.4786576" lon="-73.5803935">
                <ele>219.2</ele>
            </trkpt>
            <trkpt lat="-37.4788428" lon="-73.5804123">
                <ele>219.2</ele>
            </trkpt>
            <trkpt lat="-37.4790301" lon="-73.5804203">
                <ele>219.2</ele>
            </trkpt>
            <trkpt lat="-37.4792174" lon="-73.5804203">
                <ele>219.2</ele>
            </trkpt>
            <trkpt lat="-37.4794282" lon="-73.5804096">
                <ele>219.2</ele>
            </trkpt>
            <trkpt lat="-37.479641" lon="-73.5803854">
                <ele>219.2</ele>
            </trkpt>
            <trkpt lat="-37.4798517" lon="-73.5803533">
                <ele>220</ele>
            </trkpt>
            <trkpt lat="-37.4800603" lon="-73.5803077">
                <ele>220.8</ele>
            </trkpt>
            <trkpt lat="-37.4805286" lon="-73.5801843">
                <ele>222.5</ele>
            </trkpt>
            <trkpt lat="-37.4809969" lon="-73.5800448">
                <ele>226.8</ele>
            </trkpt>
            <trkpt lat="-37.4813949" lon="-73.5799187">
                <ele>229</ele>
            </trkpt>
            <trkpt lat="-37.481529" lon="-73.5798812">
                <ele>229.8</ele>
            </trkpt>
            <trkpt lat="-37.4816631" lon="-73.5798356">
                <ele>230.2</ele>
            </trkpt>
            <trkpt lat="-37.4817929" lon="-73.5797819">
                <ele>230</ele>
            </trkpt>
            <trkpt lat="-37.4819419" lon="-73.5797095">
                <ele>229.8</ele>
            </trkpt>
            <trkpt lat="-37.4820867" lon="-73.5796264">
                <ele>230</ele>
            </trkpt>
            <trkpt lat="-37.4822293" lon="-73.5795298">
                <ele>230.3</ele>
            </trkpt>
            <trkpt lat="-37.4823655" lon="-73.5794252">
                <ele>230.5</ele>
            </trkpt>
            <trkpt lat="-37.4825868" lon="-73.5792428">
                <ele>231.8</ele>
            </trkpt>
            <trkpt lat="-37.4828146" lon="-73.5790685">
                <ele>234.5</ele>
            </trkpt>
            <trkpt lat="-37.4830466" lon="-73.5789075">
                <ele>236.8</ele>
            </trkpt>
            <trkpt lat="-37.483253" lon="-73.5787734">
                <ele>238</ele>
            </trkpt>
            <trkpt lat="-37.4834616" lon="-73.5786474">
                <ele>238.8</ele>
            </trkpt>
            <trkpt lat="-37.4836723" lon="-73.578532">
                <ele>240</ele>
            </trkpt>
            <trkpt lat="-37.4838873" lon="-73.5784221">
                <ele>239.9</ele>
            </trkpt>
            <trkpt lat="-37.4841044" lon="-73.5783201">
                <ele>239.8</ele>
            </trkpt>
            <trkpt lat="-37.4843747" lon="-73.5782075">
                <ele>239</ele>
            </trkpt>
            <trkpt lat="-37.4846471" lon="-73.5781056">
                <ele>239.2</ele>
            </trkpt>
            <trkpt lat="-37.4849217" lon="-73.5780144">
                <ele>239.8</ele>
            </trkpt>
            <trkpt lat="-37.4865648" lon="-73.5775557">
                <ele>244</ele>
            </trkpt>
            <trkpt lat="-37.4866882" lon="-73.5775182">
                <ele>244.1</ele>
            </trkpt>
            <trkpt lat="-37.4868095" lon="-73.5774699">
                <ele>244.2</ele>
            </trkpt>
            <trkpt lat="-37.4869266" lon="-73.5774109">
                <ele>244.5</ele>
            </trkpt>
            <trkpt lat="-37.4870415" lon="-73.5773438">
                <ele>244.3</ele>
            </trkpt>
            <trkpt lat="-37.4871522" lon="-73.577266">
                <ele>244</ele>
            </trkpt>
            <trkpt lat="-37.4872543" lon="-73.5771856">
                <ele>243.2</ele>
            </trkpt>
            <trkpt lat="-37.4873501" lon="-73.5770971">
                <ele>242.2</ele>
            </trkpt>
            <trkpt lat="-37.4874438" lon="-73.5770005">
                <ele>241.5</ele>
            </trkpt>
            <trkpt lat="-37.487531" lon="-73.5768959">
                <ele>240.8</ele>
            </trkpt>
            <trkpt lat="-37.4876119" lon="-73.5767859">
                <ele>240</ele>
            </trkpt>
            <trkpt lat="-37.4876885" lon="-73.5766679">
                <ele>239.2</ele>
            </trkpt>
            <trkpt lat="-37.4877588" lon="-73.5765472">
                <ele>238.8</ele>
            </trkpt>
            <trkpt lat="-37.488012" lon="-73.5759839">
                <ele>237</ele>
            </trkpt>
            <trkpt lat="-37.4883398" lon="-73.5752302">
                <ele>239.4</ele>
            </trkpt>
            <trkpt lat="-37.4887803" lon="-73.5742861">
                <ele>242.5</ele>
            </trkpt>
            <trkpt lat="-37.4888527" lon="-73.5741305">
                <ele>244</ele>
            </trkpt>
            <trkpt lat="-37.4889038" lon="-73.5740313">
                <ele>245</ele>
            </trkpt>
            <trkpt lat="-37.4889272" lon="-73.5739884">
                <ele>245.5</ele>
            </trkpt>
            <trkpt lat="-37.4889804" lon="-73.5738918">
                <ele>246.2</ele>
            </trkpt>
            <trkpt lat="-37.4890485" lon="-73.5737765">
                <ele>247</ele>
            </trkpt>
            <trkpt lat="-37.4891208" lon="-73.5736692">
                <ele>247.5</ele>
            </trkpt>
            <trkpt lat="-37.4892017" lon="-73.5735673">
                <ele>247.8</ele>
            </trkpt>
            <trkpt lat="-37.4892847" lon="-73.5734734">
                <ele>248</ele>
            </trkpt>
            <trkpt lat="-37.4893741" lon="-73.5733876">
                <ele>248.2</ele>
            </trkpt>
            <trkpt lat="-37.4894677" lon="-73.5733098">
                <ele>248.5</ele>
            </trkpt>
            <trkpt lat="-37.4895656" lon="-73.57324">
                <ele>248.8</ele>
            </trkpt>
            <trkpt lat="-37.4896572" lon="-73.573181">
                <ele>248.6</ele>
            </trkpt>
            <trkpt lat="-37.4897529" lon="-73.5731328">
                <ele>248.5</ele>
            </trkpt>
            <trkpt lat="-37.4898487" lon="-73.5730898">
                <ele>248.2</ele>
            </trkpt>
            <trkpt lat="-37.4899487" lon="-73.573055">
                <ele>248.4</ele>
            </trkpt>
            <trkpt lat="-37.490136" lon="-73.5730147">
                <ele>248.8</ele>
            </trkpt>
            <trkpt lat="-37.490468" lon="-73.5729396">
                <ele>250</ele>
            </trkpt>
            <trkpt lat="-37.4911022" lon="-73.5728163">
                <ele>253.5</ele>
            </trkpt>
            <trkpt lat="-37.4914151" lon="-73.5727385">
                <ele>253</ele>
            </trkpt>
            <trkpt lat="-37.4916002" lon="-73.5726714">
                <ele>252.5</ele>
            </trkpt>
            <trkpt lat="-37.4919492" lon="-73.5725239">
                <ele>250.8</ele>
            </trkpt>
            <trkpt lat="-37.4921429" lon="-73.572422">
                <ele>249.5</ele>
            </trkpt>
            <trkpt lat="-37.4923238" lon="-73.5723308">
                <ele>248.5</ele>
            </trkpt>
            <trkpt lat="-37.4925324" lon="-73.5722047">
                <ele>247</ele>
            </trkpt>
            <trkpt lat="-37.4927367" lon="-73.5721001">
                <ele>246.2</ele>
            </trkpt>
            <trkpt lat="-37.4929729" lon="-73.5719553">
                <ele>245.2</ele>
            </trkpt>
            <trkpt lat="-37.4931538" lon="-73.5718319">
                <ele>244</ele>
            </trkpt>
            <trkpt lat="-37.4933687" lon="-73.5716683">
                <ele>242.8</ele>
            </trkpt>
            <trkpt lat="-37.4935879" lon="-73.5714993">
                <ele>240.2</ele>
            </trkpt>
            <trkpt lat="-37.4938497" lon="-73.5713142">
                <ele>237.5</ele>
            </trkpt>
            <trkpt lat="-37.4941731" lon="-73.5710782">
                <ele>236</ele>
            </trkpt>
            <trkpt lat="-37.4942774" lon="-73.5710058">
                <ele>235.8</ele>
            </trkpt>
            <trkpt lat="-37.4943817" lon="-73.5709468">
                <ele>235.9</ele>
            </trkpt>
            <trkpt lat="-37.4944987" lon="-73.5708824">
                <ele>236</ele>
            </trkpt>
            <trkpt lat="-37.4946158" lon="-73.5708287">
                <ele>236.5</ele>
            </trkpt>
            <trkpt lat="-37.4947371" lon="-73.5707858">
                <ele>237</ele>
            </trkpt>
            <trkpt lat="-37.4948499" lon="-73.5707536">
                <ele>237.2</ele>
            </trkpt>
            <trkpt lat="-37.4949776" lon="-73.5707241">
                <ele>237.1</ele>
            </trkpt>
            <trkpt lat="-37.4951052" lon="-73.570708">
                <ele>237</ele>
            </trkpt>
            <trkpt lat="-37.4952223" lon="-73.5706973">
                <ele>236.8</ele>
            </trkpt>
            <trkpt lat="-37.4953415" lon="-73.5706973">
                <ele>236.5</ele>
            </trkpt>
            <trkpt lat="-37.4954883" lon="-73.5707054">
                <ele>235.5</ele>
            </trkpt>
            <trkpt lat="-37.4956926" lon="-73.5707214">
                <ele>233.8</ele>
            </trkpt>
            <trkpt lat="-37.4963374" lon="-73.5707939">
                <ele>229.2</ele>
            </trkpt>
            <trkpt lat="-37.4977185" lon="-73.5709521">
                <ele>218.5</ele>
            </trkpt>
            <trkpt lat="-37.4988293" lon="-73.5710835">
                <ele>216.8</ele>
            </trkpt>
            <trkpt lat="-37.4990676" lon="-73.5711104">
                <ele>217.2</ele>
            </trkpt>
            <trkpt lat="-37.4992315" lon="-73.5711238">
                <ele>217.5</ele>
            </trkpt>
            <trkpt lat="-37.4993719" lon="-73.5711318">
                <ele>217.8</ele>
            </trkpt>
            <trkpt lat="-37.4995081" lon="-73.5711345">
                <ele>218</ele>
            </trkpt>
            <trkpt lat="-37.4996486" lon="-73.5711238">
                <ele>218.2</ele>
            </trkpt>
            <trkpt lat="-37.4997762" lon="-73.571105">
                <ele>218.2</ele>
            </trkpt>
            <trkpt lat="-37.4999103" lon="-73.5710835">
                <ele>218.1</ele>
            </trkpt>
            <trkpt lat="-37.5000699" lon="-73.5710487">
                <ele>218</ele>
            </trkpt>
            <trkpt lat="-37.500238" lon="-73.5710031">
                <ele>218.2</ele>
            </trkpt>
            <trkpt lat="-37.5016275" lon="-73.5705686">
                <ele>220</ele>
            </trkpt>
            <trkpt lat="-37.5022744" lon="-73.5703808">
                <ele>223.5</ele>
            </trkpt>
            <trkpt lat="-37.5027106" lon="-73.5702574">
                <ele>226.2</ele>
            </trkpt>
            <trkpt lat="-37.5028936" lon="-73.5702065">
                <ele>227.8</ele>
            </trkpt>
            <trkpt lat="-37.5030745" lon="-73.5701609">
                <ele>228.5</ele>
            </trkpt>
            <trkpt lat="-37.5032362" lon="-73.5701233">
                <ele>229.2</ele>
            </trkpt>
            <trkpt lat="-37.5034085" lon="-73.5700884">
                <ele>230.5</ele>
            </trkpt>
            <trkpt lat="-37.5036256" lon="-73.5700563">
                <ele>232</ele>
            </trkpt>
            <trkpt lat="-37.5038639" lon="-73.5700241">
                <ele>234</ele>
            </trkpt>
            <trkpt lat="-37.5040363" lon="-73.570008">
                <ele>235.8</ele>
            </trkpt>
            <trkpt lat="-37.5042214" lon="-73.5699946">
                <ele>236.5</ele>
            </trkpt>
            <trkpt lat="-37.5044299" lon="-73.5699838">
                <ele>236.8</ele>
            </trkpt>
            <trkpt lat="-37.5057491" lon="-73.5699356">
                <ele>238</ele>
            </trkpt>
            <trkpt lat="-37.5068492" lon="-73.5698953">
                <ele>238.1</ele>
            </trkpt>
            <trkpt lat="-37.5070258" lon="-73.5698926">
                <ele>238.1</ele>
            </trkpt>
            <trkpt lat="-37.5071832" lon="-73.5698953">
                <ele>238.2</ele>
            </trkpt>
            <trkpt lat="-37.5073152" lon="-73.5699087">
                <ele>238.2</ele>
            </trkpt>
            <trkpt lat="-37.5074705" lon="-73.5699329">
                <ele>238.2</ele>
            </trkpt>
            <trkpt lat="-37.507596" lon="-73.5699624">
                <ele>238.2</ele>
            </trkpt>
            <trkpt lat="-37.5077322" lon="-73.5700053">
                <ele>238.2</ele>
            </trkpt>
            <trkpt lat="-37.5078748" lon="-73.5700616">
                <ele>238.2</ele>
            </trkpt>
            <trkpt lat="-37.5079854" lon="-73.5701099">
                <ele>238.2</ele>
            </trkpt>
            <trkpt lat="-37.5081109" lon="-73.5701796">
                <ele>238.8</ele>
            </trkpt>
            <trkpt lat="-37.508279" lon="-73.5702735">
                <ele>237.9</ele>
            </trkpt>
            <trkpt lat="-37.5095578" lon="-73.5710433">
                <ele>231.2</ele>
            </trkpt>
            <trkpt lat="-37.5106812" lon="-73.5717165">
                <ele>227.8</ele>
            </trkpt>
            <trkpt lat="-37.5113173" lon="-73.5720947">
                <ele>222.8</ele>
            </trkpt>
            <trkpt lat="-37.5115216" lon="-73.5722154">
                <ele>220.5</ele>
            </trkpt>
            <trkpt lat="-37.5116492" lon="-73.5722932">
                <ele>219.8</ele>
            </trkpt>
            <trkpt lat="-37.511762" lon="-73.5723683">
                <ele>219.2</ele>
            </trkpt>
            <trkpt lat="-37.5119024" lon="-73.5724649">
                <ele>218.5</ele>
            </trkpt>
            <trkpt lat="-37.5120194" lon="-73.572548">
                <ele>217.8</ele>
            </trkpt>
            <trkpt lat="-37.5121386" lon="-73.5726473">
                <ele>217.2</ele>
            </trkpt>
            <trkpt lat="-37.5122471" lon="-73.5727438">
                <ele>216.8</ele>
            </trkpt>
            <trkpt lat="-37.5123684" lon="-73.5728538">
                <ele>216</ele>
            </trkpt>
            <trkpt lat="-37.5124641" lon="-73.5729477">
                <ele>215.5</ele>
            </trkpt>
            <trkpt lat="-37.5129343" lon="-73.5734466">
                <ele>214.5</ele>
            </trkpt>
            <trkpt lat="-37.5136662" lon="-73.5742003">
                <ele>210.8</ele>
            </trkpt>
            <trkpt lat="-37.5146129" lon="-73.5751578">
                <ele>203.8</ele>
            </trkpt>
            <trkpt lat="-37.5154001" lon="-73.5759705">
                <ele>194.5</ele>
            </trkpt>
            <trkpt lat="-37.5157703" lon="-73.5763541">
                <ele>187.2</ele>
            </trkpt>
            <trkpt lat="-37.5159979" lon="-73.5765955">
                <ele>185</ele>
            </trkpt>
            <trkpt lat="-37.5160745" lon="-73.576676">
                <ele>184.2</ele>
            </trkpt>
            <trkpt lat="-37.5161469" lon="-73.5767323">
                <ele>183.5</ele>
            </trkpt>
            <trkpt lat="-37.516232" lon="-73.576794">
                <ele>183</ele>
            </trkpt>
            <trkpt lat="-37.5163192" lon="-73.5768422">
                <ele>182.5</ele>
            </trkpt>
            <trkpt lat="-37.5164064" lon="-73.5768744">
                <ele>182</ele>
            </trkpt>
            <trkpt lat="-37.5164958" lon="-73.5768932">
                <ele>181.5</ele>
            </trkpt>
            <trkpt lat="-37.5165936" lon="-73.5769066">
                <ele>181</ele>
            </trkpt>
            <trkpt lat="-37.5167" lon="-73.5769039">
                <ele>180.5</ele>
            </trkpt>
            <trkpt lat="-37.5168383" lon="-73.5768878">
                <ele>179.8</ele>
            </trkpt>
            <trkpt lat="-37.516934" lon="-73.5768637">
                <ele>179</ele>
            </trkpt>
            <trkpt lat="-37.5170468" lon="-73.5768235">
                <ele>177.8</ele>
            </trkpt>
            <trkpt lat="-37.5171446" lon="-73.5767752">
                <ele>176.5</ele>
            </trkpt>
            <trkpt lat="-37.5172872" lon="-73.5766947">
                <ele>174.8</ele>
            </trkpt>
            <trkpt lat="-37.5174574" lon="-73.5765901">
                <ele>172</ele>
            </trkpt>
            <trkpt lat="-37.5175595" lon="-73.5765418">
                <ele>170.2</ele>
            </trkpt>
            <trkpt lat="-37.5176446" lon="-73.5765097">
                <ele>168.8</ele>
            </trkpt>
            <trkpt lat="-37.5177318" lon="-73.5764855">
                <ele>167</ele>
            </trkpt>
            <trkpt lat="-37.5178212" lon="-73.5764667">
                <ele>165.2</ele>
            </trkpt>
            <trkpt lat="-37.5179084" lon="-73.5764587">
                <ele>163.5</ele>
            </trkpt>
            <trkpt lat="-37.518002" lon="-73.576456">
                <ele>161.5</ele>
            </trkpt>
            <trkpt lat="-37.5180807" lon="-73.5764694">
                <ele>160</ele>
            </trkpt>
            <trkpt lat="-37.5181701" lon="-73.5764936">
                <ele>158.5</ele>
            </trkpt>
            <trkpt lat="-37.5182552" lon="-73.5765311">
                <ele>157.2</ele>
            </trkpt>
            <trkpt lat="-37.5183488" lon="-73.576574">
                <ele>156.2</ele>
            </trkpt>
            <trkpt lat="-37.5184424" lon="-73.576633">
                <ele>155.2</ele>
            </trkpt>
            <trkpt lat="-37.5192912" lon="-73.5772151">
                <ele>140.8</ele>
            </trkpt>
            <trkpt lat="-37.5194337" lon="-73.5772955">
                <ele>137.8</ele>
            </trkpt>
            <trkpt lat="-37.5195571" lon="-73.5773572">
                <ele>135.2</ele>
            </trkpt>
            <trkpt lat="-37.5196635" lon="-73.5774001">
                <ele>133.5</ele>
            </trkpt>
            <trkpt lat="-37.519789" lon="-73.5774484">
                <ele>131.8</ele>
            </trkpt>
            <trkpt lat="-37.5201975" lon="-73.5775852">
                <ele>128.5</ele>
            </trkpt>
            <trkpt lat="-37.5203017" lon="-73.5776281">
                <ele>127.8</ele>
            </trkpt>
            <trkpt lat="-37.5203868" lon="-73.5776684">
                <ele>127</ele>
            </trkpt>
            <trkpt lat="-37.520474" lon="-73.5777193">
                <ele>126.2</ele>
            </trkpt>
            <trkpt lat="-37.520574" lon="-73.5777918">
                <ele>125.5</ele>
            </trkpt>
            <trkpt lat="-37.5206527" lon="-73.5778642">
                <ele>124.8</ele>
            </trkpt>
            <trkpt lat="-37.5207293" lon="-73.5779446">
                <ele>124</ele>
            </trkpt>
            <trkpt lat="-37.5207974" lon="-73.5780305">
                <ele>123.5</ele>
            </trkpt>
            <trkpt lat="-37.5209229" lon="-73.5781941">
                <ele>122.2</ele>
            </trkpt>
            <trkpt lat="-37.5212909" lon="-73.578693">
                <ele>117</ele>
            </trkpt>
            <trkpt lat="-37.5217866" lon="-73.579385">
                <ele>112.5</ele>
            </trkpt>
            <trkpt lat="-37.5222929" lon="-73.5801038">
                <ele>104.5</ele>
            </trkpt>
            <trkpt lat="-37.5228694" lon="-73.5809326">
                <ele>100</ele>
            </trkpt>
            <trkpt lat="-37.5231757" lon="-73.5813779">
                <ele>95</ele>
            </trkpt>
            <trkpt lat="-37.5233225" lon="-73.5815844">
                <ele>92</ele>
            </trkpt>
            <trkpt lat="-37.5234012" lon="-73.581681">
                <ele>90.5</ele>
            </trkpt>
            <trkpt lat="-37.5234799" lon="-73.5817641">
                <ele>89</ele>
            </trkpt>
            <trkpt lat="-37.5235607" lon="-73.5818338">
                <ele>87.8</ele>
            </trkpt>
            <trkpt lat="-37.5236458" lon="-73.5818902">
                <ele>86.5</ele>
            </trkpt>
            <trkpt lat="-37.5237437" lon="-73.5819438">
                <ele>84.8</ele>
            </trkpt>
            <trkpt lat="-37.5238501" lon="-73.5819814">
                <ele>83</ele>
            </trkpt>
            <trkpt lat="-37.5239543" lon="-73.5820001">
                <ele>81.2</ele>
            </trkpt>
            <trkpt lat="-37.5240521" lon="-73.5820082">
                <ele>79.8</ele>
            </trkpt>
            <trkpt lat="-37.5241543" lon="-73.5820001">
                <ele>78.5</ele>
            </trkpt>
            <trkpt lat="-37.5242479" lon="-73.5819733">
                <ele>77.5</ele>
            </trkpt>
            <trkpt lat="-37.5243415" lon="-73.5819358">
                <ele>76.5</ele>
            </trkpt>
            <trkpt lat="-37.5244202" lon="-73.5818928">
                <ele>75.5</ele>
            </trkpt>
            <trkpt lat="-37.5244989" lon="-73.5818285">
                <ele>74.8</ele>
            </trkpt>
            <trkpt lat="-37.5245776" lon="-73.5817507">
                <ele>74</ele>
            </trkpt>
            <trkpt lat="-37.5246478" lon="-73.5816675">
                <ele>73.5</ele>
            </trkpt>
            <trkpt lat="-37.524718" lon="-73.5815629">
                <ele>73.2</ele>
            </trkpt>
            <trkpt lat="-37.5247818" lon="-73.5814422">
                <ele>73.4</ele>
            </trkpt>
            <trkpt lat="-37.5248371" lon="-73.5813189">
                <ele>73.5</ele>
            </trkpt>
            <trkpt lat="-37.5248754" lon="-73.5811955">
                <ele>73.8</ele>
            </trkpt>
            <trkpt lat="-37.525003" lon="-73.5806885">
                <ele>71.8</ele>
            </trkpt>
            <trkpt lat="-37.5250434" lon="-73.5805652">
                <ele>70.8</ele>
            </trkpt>
            <trkpt lat="-37.525086" lon="-73.5804927">
                <ele>69.8</ele>
            </trkpt>
            <trkpt lat="-37.5251307" lon="-73.5804364">
                <ele>68.5</ele>
            </trkpt>
            <trkpt lat="-37.525186" lon="-73.5803828">
                <ele>67</ele>
            </trkpt>
            <trkpt lat="-37.5252413" lon="-73.5803425">
                <ele>65.5</ele>
            </trkpt>
            <trkpt lat="-37.525303" lon="-73.5803157">
                <ele>64</ele>
            </trkpt>
            <trkpt lat="-37.5253689" lon="-73.5802969">
                <ele>62.5</ele>
            </trkpt>
            <trkpt lat="-37.5254434" lon="-73.5802943">
                <ele>61</ele>
            </trkpt>
            <trkpt lat="-37.5255093" lon="-73.580305">
                <ele>59.8</ele>
            </trkpt>
            <trkpt lat="-37.525588" lon="-73.5803398">
                <ele>58.2</ele>
            </trkpt>
            <trkpt lat="-37.5256369" lon="-73.5803667">
                <ele>57.5</ele>
            </trkpt>
            <trkpt lat="-37.5257029" lon="-73.5804203">
                <ele>56.5</ele>
            </trkpt>
            <trkpt lat="-37.5257497" lon="-73.5804793">
                <ele>55.8</ele>
            </trkpt>
            <trkpt lat="-37.525805" lon="-73.5805652">
                <ele>55.2</ele>
            </trkpt>
            <trkpt lat="-37.5259199" lon="-73.5807556">
                <ele>54.2</ele>
            </trkpt>
            <trkpt lat="-37.5265942" lon="-73.5819089">
                <ele>44.8</ele>
            </trkpt>
            <trkpt lat="-37.5266899" lon="-73.5820886">
                <ele>42.8</ele>
            </trkpt>
            <trkpt lat="-37.5267431" lon="-73.5822093">
                <ele>41.5</ele>
            </trkpt>
            <trkpt lat="-37.5267856" lon="-73.5823086">
                <ele>40.5</ele>
            </trkpt>
            <trkpt lat="-37.5268175" lon="-73.5824186">
                <ele>39.8</ele>
            </trkpt>
            <trkpt lat="-37.5268494" lon="-73.58255">
                <ele>38.2</ele>
            </trkpt>
            <trkpt lat="-37.5268728" lon="-73.5826787">
                <ele>36.8</ele>
            </trkpt>
            <trkpt lat="-37.5268813" lon="-73.582786">
                <ele>36.2</ele>
            </trkpt>
            <trkpt lat="-37.5268835" lon="-73.582904">
                <ele>35.8</ele>
            </trkpt>
            <trkpt lat="-37.5268771" lon="-73.5830516">
                <ele>34.8</ele>
            </trkpt>
            <trkpt lat="-37.5268537" lon="-73.5832956">
                <ele>32.8</ele>
            </trkpt>
            <trkpt lat="-37.5268431" lon="-73.5834619">
                <ele>31.8</ele>
            </trkpt>
            <trkpt lat="-37.5268452" lon="-73.5835987">
                <ele>30.5</ele>
            </trkpt>
            <trkpt lat="-37.5268601" lon="-73.5837382">
                <ele>28.8</ele>
            </trkpt>
            <trkpt lat="-37.5268835" lon="-73.5838589">
                <ele>27.5</ele>
            </trkpt>
            <trkpt lat="-37.5269111" lon="-73.5839608">
                <ele>26.5</ele>
            </trkpt>
            <trkpt lat="-37.5269494" lon="-73.5840654">
                <ele>25.5</ele>
            </trkpt>
            <trkpt lat="-37.5270026" lon="-73.58417">
                <ele>24.2</ele>
            </trkpt>
            <trkpt lat="-37.5270643" lon="-73.5842639">
                <ele>23</ele>
            </trkpt>
            <trkpt lat="-37.527126" lon="-73.5843363">
                <ele>22.2</ele>
            </trkpt>
            <trkpt lat="-37.5271962" lon="-73.5844088">
                <ele>21.5</ele>
            </trkpt>
            <trkpt lat="-37.5272749" lon="-73.5844705">
                <ele>20.8</ele>
            </trkpt>
            <trkpt lat="-37.5273493" lon="-73.5845134">
                <ele>20.2</ele>
            </trkpt>
            <trkpt lat="-37.527428" lon="-73.5845429">
                <ele>19.8</ele>
            </trkpt>
            <trkpt lat="-37.5275131" lon="-73.5845643">
                <ele>19.2</ele>
            </trkpt>
            <trkpt lat="-37.5275897" lon="-73.5845751">
                <ele>18.8</ele>
            </trkpt>
            <trkpt lat="-37.5276833" lon="-73.5845697">
                <ele>18.2</ele>
            </trkpt>
            <trkpt lat="-37.5277641" lon="-73.584559">
                <ele>18</ele>
            </trkpt>
            <trkpt lat="-37.5278407" lon="-73.5845375">
                <ele>17.8</ele>
            </trkpt>
            <trkpt lat="-37.5279066" lon="-73.584508">
                <ele>17.5</ele>
            </trkpt>
            <trkpt lat="-37.5279747" lon="-73.5844705">
                <ele>17.4</ele>
            </trkpt>
            <trkpt lat="-37.528047" lon="-73.5844195">
                <ele>17.4</ele>
            </trkpt>
            <trkpt lat="-37.5281045" lon="-73.5843658">
                <ele>17.3</ele>
            </trkpt>
            <trkpt lat="-37.5281725" lon="-73.5842934">
                <ele>17.2</ele>
            </trkpt>
            <trkpt lat="-37.5282959" lon="-73.5841513">
                <ele>16.5</ele>
            </trkpt>
            <trkpt lat="-37.5286447" lon="-73.583706">
                <ele>14.5</ele>
            </trkpt>
            <trkpt lat="-37.5287362" lon="-73.5835907">
                <ele>14.2</ele>
            </trkpt>
            <trkpt lat="-37.528817" lon="-73.5835075">
                <ele>14</ele>
            </trkpt>
            <trkpt lat="-37.5288915" lon="-73.5834458">
                <ele>13.8</ele>
            </trkpt>
            <trkpt lat="-37.5289489" lon="-73.5834029">
                <ele>13.7</ele>
            </trkpt>
            <trkpt lat="-37.529017" lon="-73.5833654">
                <ele>13.5</ele>
            </trkpt>
            <trkpt lat="-37.5290808" lon="-73.5833359">
                <ele>13.4</ele>
            </trkpt>
            <trkpt lat="-37.5291212" lon="-73.5833198">
                <ele>13.3</ele>
            </trkpt>
            <trkpt lat="-37.5291425" lon="-73.5833117">
                <ele>13.3</ele>
            </trkpt>
            <trkpt lat="-37.5292595" lon="-73.5832822">
                <ele>13.3</ele>
            </trkpt>
            <trkpt lat="-37.5294424" lon="-73.5832447">
                <ele>13</ele>
            </trkpt>
            <trkpt lat="-37.5299784" lon="-73.5831267">
                <ele>14.5</ele>
            </trkpt>
            <trkpt lat="-37.5303337" lon="-73.5830408">
                <ele>16.2</ele>
            </trkpt>
            <trkpt lat="-37.5305145" lon="-73.5829952">
                <ele>17.8</ele>
            </trkpt>
            <trkpt lat="-37.5306506" lon="-73.5829496">
                <ele>19</ele>
            </trkpt>
            <trkpt lat="-37.5307591" lon="-73.582904">
                <ele>20</ele>
            </trkpt>
            <trkpt lat="-37.5308527" lon="-73.5828584">
                <ele>21</ele>
            </trkpt>
            <trkpt lat="-37.5309335" lon="-73.5827994">
                <ele>22.2</ele>
            </trkpt>
            <trkpt lat="-37.5310186" lon="-73.582727">
                <ele>23.5</ele>
            </trkpt>
            <trkpt lat="-37.5310866" lon="-73.58266">
                <ele>24.5</ele>
            </trkpt>
            <trkpt lat="-37.5311526" lon="-73.5825822">
                <ele>25.5</ele>
            </trkpt>
            <trkpt lat="-37.5312164" lon="-73.582491">
                <ele>26.8</ele>
            </trkpt>
            <trkpt lat="-37.5312866" lon="-73.5823703">
                <ele>28.2</ele>
            </trkpt>
            <trkpt lat="-37.5314589" lon="-73.5820645">
                <ele>31.2</ele>
            </trkpt>
            <trkpt lat="-37.5315376" lon="-73.5819358">
                <ele>32.5</ele>
            </trkpt>
            <trkpt lat="-37.5316099" lon="-73.5818151">
                <ele>33.8</ele>
            </trkpt>
            <trkpt lat="-37.5316737" lon="-73.5817185">
                <ele>35</ele>
            </trkpt>
            <trkpt lat="-37.531763" lon="-73.5816112">
                <ele>36.2</ele>
            </trkpt>
            <trkpt lat="-37.5318524" lon="-73.5815147">
                <ele>37.2</ele>
            </trkpt>
            <trkpt lat="-37.5319311" lon="-73.5814396">
                <ele>38.2</ele>
            </trkpt>
            <trkpt lat="-37.5320183" lon="-73.5813645">
                <ele>39.5</ele>
            </trkpt>
            <trkpt lat="-37.5321119" lon="-73.581292">
                <ele>41</ele>
            </trkpt>
            <trkpt lat="-37.532197" lon="-73.581233">
                <ele>42.2</ele>
            </trkpt>
            <trkpt lat="-37.5322778" lon="-73.5811847">
                <ele>43.2</ele>
            </trkpt>
            <trkpt lat="-37.532382" lon="-73.5811391">
                <ele>44.5</ele>
            </trkpt>
            <trkpt lat="-37.5324905" lon="-73.5811016">
                <ele>46</ele>
            </trkpt>
            <trkpt lat="-37.5325905" lon="-73.5810775">
                <ele>47.8</ele>
            </trkpt>
            <trkpt lat="-37.532684" lon="-73.581064">
                <ele>49.5</ele>
            </trkpt>
            <trkpt lat="-37.5327989" lon="-73.5810587">
                <ele>51.5</ele>
            </trkpt>
            <trkpt lat="-37.5329159" lon="-73.5810667">
                <ele>53.5</ele>
            </trkpt>
            <trkpt lat="-37.5330265" lon="-73.5810855">
                <ele>55.5</ele>
            </trkpt>
            <trkpt lat="-37.5331243" lon="-73.5811123">
                <ele>57</ele>
            </trkpt>
            <trkpt lat="-37.5332307" lon="-73.5811526">
                <ele>58.5</ele>
            </trkpt>
            <trkpt lat="-37.5334221" lon="-73.5812357">
                <ele>60.8</ele>
            </trkpt>
            <trkpt lat="-37.5335476" lon="-73.5812894">
                <ele>62</ele>
            </trkpt>
            <trkpt lat="-37.5336412" lon="-73.5813189">
                <ele>63</ele>
            </trkpt>
            <trkpt lat="-37.5337348" lon="-73.5813376">
                <ele>64</ele>
            </trkpt>
            <trkpt lat="-37.5338326" lon="-73.5813403">
                <ele>65.5</ele>
            </trkpt>
            <trkpt lat="-37.5339156" lon="-73.5813349">
                <ele>66.8</ele>
            </trkpt>
            <trkpt lat="-37.53399" lon="-73.5813189">
                <ele>68</ele>
            </trkpt>
            <trkpt lat="-37.5340666" lon="-73.5812867">
                <ele>69.2</ele>
            </trkpt>
            <trkpt lat="-37.534141" lon="-73.5812464">
                <ele>70.5</ele>
            </trkpt>
            <trkpt lat="-37.5341963" lon="-73.5812089">
                <ele>71.5</ele>
            </trkpt>
            <trkpt lat="-37.5342474" lon="-73.5811579">
                <ele>72.5</ele>
            </trkpt>
            <trkpt lat="-37.5343112" lon="-73.5810828">
                <ele>73.8</ele>
            </trkpt>
            <trkpt lat="-37.5343665" lon="-73.5810104">
                <ele>74.8</ele>
            </trkpt>
            <trkpt lat="-37.534426" lon="-73.5809112">
                <ele>76</ele>
            </trkpt>
            <trkpt lat="-37.5345707" lon="-73.5806563">
                <ele>78.5</ele>
            </trkpt>
            <trkpt lat="-37.534643" lon="-73.5805276">
                <ele>79</ele>
            </trkpt>
            <trkpt lat="-37.5347068" lon="-73.580431">
                <ele>79.5</ele>
            </trkpt>
            <trkpt lat="-37.5347791" lon="-73.5803264">
                <ele>80</ele>
            </trkpt>
            <trkpt lat="-37.5348536" lon="-73.5802406">
                <ele>80.8</ele>
            </trkpt>
            <trkpt lat="-37.5349344" lon="-73.5801548">
                <ele>81.8</ele>
            </trkpt>
            <trkpt lat="-37.5350024" lon="-73.5800904">
                <ele>82.8</ele>
            </trkpt>
            <trkpt lat="-37.5350854" lon="-73.580026">
                <ele>83.8</ele>
            </trkpt>
            <trkpt lat="-37.5352492" lon="-73.579908">
                <ele>85.5</ele>
            </trkpt>
            <trkpt lat="-37.5372527" lon="-73.5785025">
                <ele>115.2</ele>
            </trkpt>
            <trkpt lat="-37.5375951" lon="-73.5782611">
                <ele>119.2</ele>
            </trkpt>
            <trkpt lat="-37.5377228" lon="-73.5781834">
                <ele>120.8</ele>
            </trkpt>
            <trkpt lat="-37.5378185" lon="-73.578127">
                <ele>122.2</ele>
            </trkpt>
            <trkpt lat="-37.5379206" lon="-73.5780787">
                <ele>124</ele>
            </trkpt>
            <trkpt lat="-37.5380269" lon="-73.5780331">
                <ele>125.5</ele>
            </trkpt>
            <trkpt lat="-37.538129" lon="-73.5779929">
                <ele>126.5</ele>
            </trkpt>
            <trkpt lat="-37.5382183" lon="-73.5779634">
                <ele>127.2</ele>
            </trkpt>
            <trkpt lat="-37.5383268" lon="-73.577942">
                <ele>128.2</ele>
            </trkpt>
            <trkpt lat="-37.5384225" lon="-73.5779259">
                <ele>129.2</ele>
            </trkpt>
            <trkpt lat="-37.5385458" lon="-73.5779151">
                <ele>130.8</ele>
            </trkpt>
            <trkpt lat="-37.5387245" lon="-73.5779098">
                <ele>133.2</ele>
            </trkpt>
            <trkpt lat="-37.5403792" lon="-73.5778642">
                <ele>153.8</ele>
            </trkpt>
            <trkpt lat="-37.5417807" lon="-73.5778293">
                <ele>167.8</ele>
            </trkpt>
            <trkpt lat="-37.5419636" lon="-73.577832">
                <ele>169.2</ele>
            </trkpt>
            <trkpt lat="-37.5420891" lon="-73.57784">
                <ele>170.2</ele>
            </trkpt>
            <trkpt lat="-37.5422082" lon="-73.5778588">
                <ele>171.2</ele>
            </trkpt>
            <trkpt lat="-37.542306" lon="-73.5778829">
                <ele>172</ele>
            </trkpt>
            <trkpt lat="-37.542406" lon="-73.5779151">
                <ele>172.8</ele>
            </trkpt>
            <trkpt lat="-37.5425059" lon="-73.5779554">
                <ele>173.8</ele>
            </trkpt>
            <trkpt lat="-37.5426165" lon="-73.5780144">
                <ele>175</ele>
            </trkpt>
            <trkpt lat="-37.5427165" lon="-73.5780787">
                <ele>176.2</ele>
            </trkpt>
            <trkpt lat="-37.5428058" lon="-73.5781512">
                <ele>177.5</ele>
            </trkpt>
            <trkpt lat="-37.5428887" lon="-73.5782263">
                <ele>178.8</ele>
            </trkpt>
            <trkpt lat="-37.5429674" lon="-73.5783067">
                <ele>180.5</ele>
            </trkpt>
            <trkpt lat="-37.543044" lon="-73.5784006">
                <ele>182.2</ele>
            </trkpt>
            <trkpt lat="-37.5431078" lon="-73.5784945">
                <ele>183.8</ele>
            </trkpt>
            <trkpt lat="-37.5431695" lon="-73.5785937">
                <ele>185.2</ele>
            </trkpt>
            <trkpt lat="-37.5432269" lon="-73.578701">
                <ele>186.8</ele>
            </trkpt>
            <trkpt lat="-37.5433013" lon="-73.5788485">
                <ele>188.5</ele>
            </trkpt>
            <trkpt lat="-37.5434842" lon="-73.5792348">
                <ele>192.2</ele>
            </trkpt>
            <trkpt lat="-37.5435842" lon="-73.5794359">
                <ele>194.2</ele>
            </trkpt>
            <trkpt lat="-37.5437522" lon="-73.5797846">
                <ele>197.2</ele>
            </trkpt>
            <trkpt lat="-37.5438521" lon="-73.5799992">
                <ele>199.2</ele>
            </trkpt>
            <trkpt lat="-37.5450303" lon="-73.582668">
                <ele>201</ele>
            </trkpt>
            <trkpt lat="-37.5462361" lon="-73.5854065">
                <ele>210</ele>
            </trkpt>
            <trkpt lat="-37.5463361" lon="-73.5856292">
                <ele>210.5</ele>
            </trkpt>
            <trkpt lat="-37.5473526" lon="-73.58796">
                <ele>217</ele>
            </trkpt>
            <trkpt lat="-37.5488433" lon="-73.5913181">
                <ele>216.8</ele>
            </trkpt>
            <trkpt lat="-37.5505637" lon="-73.5951108">
                <ele>215.8</ele>
            </trkpt>
            <trkpt lat="-37.5513143" lon="-73.5969132">
                <ele>216.2</ele>
            </trkpt>
            <trkpt lat="-37.5514419" lon="-73.5971653">
                <ele>217.2</ele>
            </trkpt>
            <trkpt lat="-37.5515355" lon="-73.5973397">
                <ele>217.1</ele>
            </trkpt>
            <trkpt lat="-37.551612" lon="-73.5974684">
                <ele>217</ele>
            </trkpt>
            <trkpt lat="-37.5516928" lon="-73.5975891">
                <ele>216.8</ele>
            </trkpt>
            <trkpt lat="-37.5517864" lon="-73.5977125">
                <ele>216.2</ele>
            </trkpt>
            <trkpt lat="-37.5519203" lon="-73.5978842">
                <ele>215.2</ele>
            </trkpt>
            <trkpt lat="-37.5523478" lon="-73.5983992">
                <ele>212</ele>
            </trkpt>
            <trkpt lat="-37.5525987" lon="-73.5987076">
                <ele>212.5</ele>
            </trkpt>
            <trkpt lat="-37.553058" lon="-73.5993031">
                <ele>214</ele>
            </trkpt>
            <trkpt lat="-37.553798" lon="-73.6002284">
                <ele>209.8</ele>
            </trkpt>
            <trkpt lat="-37.5540787" lon="-73.6005637">
                <ele>206.5</ele>
            </trkpt>
            <trkpt lat="-37.5542275" lon="-73.6007354">
                <ele>205.5</ele>
            </trkpt>
            <trkpt lat="-37.554404" lon="-73.6009365">
                <ele>203.8</ele>
            </trkpt>
            <trkpt lat="-37.5546209" lon="-73.6011913">
                <ele>202.2</ele>
            </trkpt>
            <trkpt lat="-37.5548229" lon="-73.6014354">
                <ele>203</ele>
            </trkpt>
            <trkpt lat="-37.5550164" lon="-73.6016849">
                <ele>203.8</ele>
            </trkpt>
            <trkpt lat="-37.5553928" lon="-73.6021596">
                <ele>205</ele>
            </trkpt>
            <trkpt lat="-37.5556309" lon="-73.602452">
                <ele>205.2</ele>
            </trkpt>
            <trkpt lat="-37.5557968" lon="-73.6026424">
                <ele>204.5</ele>
            </trkpt>
            <trkpt lat="-37.5559265" lon="-73.6027926">
                <ele>204.6</ele>
            </trkpt>
            <trkpt lat="-37.5560264" lon="-73.6029026">
                <ele>204.7</ele>
            </trkpt>
            <trkpt lat="-37.5561476" lon="-73.6030233">
                <ele>204.8</ele>
            </trkpt>
            <trkpt lat="-37.5562582" lon="-73.6031225">
                <ele>205.5</ele>
            </trkpt>
            <trkpt lat="-37.5563794" lon="-73.6032191">
                <ele>206.5</ele>
            </trkpt>
            <trkpt lat="-37.5565729" lon="-73.6033478">
                <ele>207.8</ele>
            </trkpt>
            <trkpt lat="-37.5567387" lon="-73.6034659">
                <ele>208.5</ele>
            </trkpt>
            <trkpt lat="-37.5573022" lon="-73.603828">
                <ele>209.8</ele>
            </trkpt>
            <trkpt lat="-37.5584887" lon="-73.6046031">
                <ele>210.2</ele>
            </trkpt>
            <trkpt lat="-37.5599218" lon="-73.6055312">
                <ele>210.8</ele>
            </trkpt>
            <trkpt lat="-37.560313" lon="-73.6057886">
                <ele>210.5</ele>
            </trkpt>
            <trkpt lat="-37.5604682" lon="-73.6058825">
                <ele>209.8</ele>
            </trkpt>
            <trkpt lat="-37.5606043" lon="-73.6059603">
                <ele>209.2</ele>
            </trkpt>
            <trkpt lat="-37.5607404" lon="-73.6060274">
                <ele>208.8</ele>
            </trkpt>
            <trkpt lat="-37.5608701" lon="-73.6060783">
                <ele>208.2</ele>
            </trkpt>
            <trkpt lat="-37.5609998" lon="-73.6061239">
                <ele>207.8</ele>
            </trkpt>
            <trkpt lat="-37.5611316" lon="-73.6061588">
                <ele>207</ele>
            </trkpt>
            <trkpt lat="-37.5612889" lon="-73.606191">
                <ele>206</ele>
            </trkpt>
            <trkpt lat="-37.5617673" lon="-73.6062661">
                <ele>202.8</ele>
            </trkpt>
            <trkpt lat="-37.5619481" lon="-73.6062956">
                <ele>200.5</ele>
            </trkpt>
            <trkpt lat="-37.5621266" lon="-73.6063305">
                <ele>197.2</ele>
            </trkpt>
            <trkpt lat="-37.562267" lon="-73.6063653">
                <ele>194</ele>
            </trkpt>
            <trkpt lat="-37.5623903" lon="-73.6064056">
                <ele>191.2</ele>
            </trkpt>
            <trkpt lat="-37.562503" lon="-73.6064512">
                <ele>189.2</ele>
            </trkpt>
            <trkpt lat="-37.5626114" lon="-73.6065102">
                <ele>187.2</ele>
            </trkpt>
            <trkpt lat="-37.5627177" lon="-73.6065826">
                <ele>185</ele>
            </trkpt>
            <trkpt lat="-37.5628113" lon="-73.6066496">
                <ele>183</ele>
            </trkpt>
            <trkpt lat="-37.5628984" lon="-73.6067247">
                <ele>181.2</ele>
            </trkpt>
            <trkpt lat="-37.5629856" lon="-73.6068186">
                <ele>179.8</ele>
            </trkpt>
            <trkpt lat="-37.5630643" lon="-73.6069152">
                <ele>178.8</ele>
            </trkpt>
            <trkpt lat="-37.5631387" lon="-73.6070225">
                <ele>177.5</ele>
            </trkpt>
            <trkpt lat="-37.5632089" lon="-73.6071351">
                <ele>176.2</ele>
            </trkpt>
            <trkpt lat="-37.5632748" lon="-73.6072531">
                <ele>175.2</ele>
            </trkpt>
            <trkpt lat="-37.5633279" lon="-73.6073604">
                <ele>174.5</ele>
            </trkpt>
            <trkpt lat="-37.563396" lon="-73.6075106">
                <ele>173.5</ele>
            </trkpt>
            <trkpt lat="-37.563464" lon="-73.6076903">
                <ele>172.2</ele>
            </trkpt>
            <trkpt lat="-37.5636405" lon="-73.6081436">
                <ele>169.8</ele>
            </trkpt>
            <trkpt lat="-37.5637404" lon="-73.6083931">
                <ele>169</ele>
            </trkpt>
            <trkpt lat="-37.5639105" lon="-73.60879">
                <ele>168.8</ele>
            </trkpt>
            <trkpt lat="-37.5640317" lon="-73.6090502">
                <ele>169.2</ele>
            </trkpt>
            <trkpt lat="-37.564104" lon="-73.6092219">
                <ele>169.8</ele>
            </trkpt>
            <trkpt lat="-37.5641784" lon="-73.6094177">
                <ele>170.2</ele>
            </trkpt>
            <trkpt lat="-37.5643293" lon="-73.6098602">
                <ele>169</ele>
            </trkpt>
            <trkpt lat="-37.5644548" lon="-73.6102089">
                <ele>166.5</ele>
            </trkpt>
            <trkpt lat="-37.5646036" lon="-73.6105978">
                <ele>162.2</ele>
            </trkpt>
            <trkpt lat="-37.5647099" lon="-73.6108392">
                <ele>158.8</ele>
            </trkpt>
            <trkpt lat="-37.5647907" lon="-73.6110055">
                <ele>156</ele>
            </trkpt>
            <trkpt lat="-37.5648864" lon="-73.6111826">
                <ele>153.5</ele>
            </trkpt>
            <trkpt lat="-37.5650097" lon="-73.6113918">
                <ele>150.5</ele>
            </trkpt>
            <trkpt lat="-37.5660961" lon="-73.6131755">
                <ele>136.5</ele>
            </trkpt>
            <trkpt lat="-37.5663257" lon="-73.613508">
                <ele>136.8</ele>
            </trkpt>
            <trkpt lat="-37.566432" lon="-73.6136341">
                <ele>137</ele>
            </trkpt>
            <trkpt lat="-37.5665362" lon="-73.6137468">
                <ele>137.8</ele>
            </trkpt>
            <trkpt lat="-37.5666361" lon="-73.6138406">
                <ele>138.2</ele>
            </trkpt>
            <trkpt lat="-37.5667445" lon="-73.6139372">
                <ele>138.5</ele>
            </trkpt>
            <trkpt lat="-37.5668402" lon="-73.6140096">
                <ele>138.6</ele>
            </trkpt>
            <trkpt lat="-37.5669465" lon="-73.6140874">
                <ele>138.8</ele>
            </trkpt>
            <trkpt lat="-37.5670656" lon="-73.6141598">
                <ele>138.5</ele>
            </trkpt>
            <trkpt lat="-37.5671953" lon="-73.6142269">
                <ele>138.2</ele>
            </trkpt>
            <trkpt lat="-37.5673292" lon="-73.6142886">
                <ele>137.5</ele>
            </trkpt>
            <trkpt lat="-37.5674695" lon="-73.6143395">
                <ele>136.5</ele>
            </trkpt>
            <trkpt lat="-37.5675992" lon="-73.6143824">
                <ele>135.5</ele>
            </trkpt>
            <trkpt lat="-37.5677523" lon="-73.6144227">
                <ele>134</ele>
            </trkpt>
            <trkpt lat="-37.5678926" lon="-73.6144468">
                <ele>132.2</ele>
            </trkpt>
            <trkpt lat="-37.5680308" lon="-73.6144629">
                <ele>130.8</ele>
            </trkpt>
            <trkpt lat="-37.5681647" lon="-73.6144736">
                <ele>129.8</ele>
            </trkpt>
            <trkpt lat="-37.5683029" lon="-73.6144736">
                <ele>128.5</ele>
            </trkpt>
            <trkpt lat="-37.5684581" lon="-73.6144575">
                <ele>127</ele>
            </trkpt>
            <trkpt lat="-37.5686133" lon="-73.6144388">
                <ele>125.5</ele>
            </trkpt>
            <trkpt lat="-37.5687515" lon="-73.6144146">
                <ele>124.2</ele>
            </trkpt>
            <trkpt lat="-37.5689067" lon="-73.6143798">
                <ele>122.8</ele>
            </trkpt>
            <trkpt lat="-37.5693191" lon="-73.6142886">
                <ele>118.8</ele>
            </trkpt>
            <trkpt lat="-37.5694637" lon="-73.6142644">
                <ele>117.2</ele>
            </trkpt>
            <trkpt lat="-37.56957" lon="-73.6142564">
                <ele>116.2</ele>
            </trkpt>
            <trkpt lat="-37.5696827" lon="-73.6142591">
                <ele>115.2</ele>
            </trkpt>
            <trkpt lat="-37.5697911" lon="-73.6142725">
                <ele>114.5</ele>
            </trkpt>
            <trkpt lat="-37.569891" lon="-73.6142886">
                <ele>113.8</ele>
            </trkpt>
            <trkpt lat="-37.5699867" lon="-73.6143181">
                <ele>113</ele>
            </trkpt>
            <trkpt lat="-37.5700781" lon="-73.6143529">
                <ele>112.2</ele>
            </trkpt>
            <trkpt lat="-37.5701929" lon="-73.6144093">
                <ele>111.2</ele>
            </trkpt>
            <trkpt lat="-37.5702822" lon="-73.6144629">
                <ele>110.2</ele>
            </trkpt>
            <trkpt lat="-37.57038" lon="-73.6145273">
                <ele>108.8</ele>
            </trkpt>
            <trkpt lat="-37.5704735" lon="-73.6145997">
                <ele>107</ele>
            </trkpt>
            <trkpt lat="-37.5705756" lon="-73.6146882">
                <ele>105.5</ele>
            </trkpt>
            <trkpt lat="-37.5706521" lon="-73.6147687">
                <ele>104.2</ele>
            </trkpt>
            <trkpt lat="-37.570752" lon="-73.6148813">
                <ele>102.2</ele>
            </trkpt>
            <trkpt lat="-37.5708519" lon="-73.6150047">
                <ele>100.2</ele>
            </trkpt>
            <trkpt lat="-37.5709391" lon="-73.6151174">
                <ele>98.5</ele>
            </trkpt>
            <trkpt lat="-37.5710645" lon="-73.615289">
                <ele>96.2</ele>
            </trkpt>
            <trkpt lat="-37.5711729" lon="-73.6154526">
                <ele>95</ele>
            </trkpt>
            <trkpt lat="-37.5712644" lon="-73.6156002">
                <ele>94.5</ele>
            </trkpt>
            <trkpt lat="-37.5713324" lon="-73.6157289">
                <ele>94.7</ele>
            </trkpt>
            <trkpt lat="-37.5713962" lon="-73.6158738">
                <ele>95</ele>
            </trkpt>
            <trkpt lat="-37.5714514" lon="-73.6160105">
                <ele>95.5</ele>
            </trkpt>
            <trkpt lat="-37.5714961" lon="-73.6161661">
                <ele>95.8</ele>
            </trkpt>
            <trkpt lat="-37.5715301" lon="-73.616327">
                <ele>96</ele>
            </trkpt>
            <trkpt lat="-37.5716662" lon="-73.617011">
                <ele>98.2</ele>
            </trkpt>
            <trkpt lat="-37.5717108" lon="-73.6172014">
                <ele>99</ele>
            </trkpt>
            <trkpt lat="-37.5717554" lon="-73.6173677">
                <ele>99.8</ele>
            </trkpt>
            <trkpt lat="-37.5718022" lon="-73.6175179">
                <ele>100.2</ele>
            </trkpt>
            <trkpt lat="-37.571849" lon="-73.6176306">
                <ele>100.8</ele>
            </trkpt>
            <trkpt lat="-37.5719043" lon="-73.6177433">
                <ele>101.2</ele>
            </trkpt>
            <trkpt lat="-37.5719723" lon="-73.6178693">
                <ele>102.2</ele>
            </trkpt>
            <trkpt lat="-37.5720552" lon="-73.6179873">
                <ele>103.2</ele>
            </trkpt>
            <trkpt lat="-37.5721296" lon="-73.6180785">
                <ele>104</ele>
            </trkpt>
            <trkpt lat="-37.5722125" lon="-73.6181778">
                <ele>105</ele>
            </trkpt>
            <trkpt lat="-37.572289" lon="-73.6182529">
                <ele>106</ele>
            </trkpt>
            <trkpt lat="-37.5723741" lon="-73.6183172">
                <ele>106.8</ele>
            </trkpt>
            <trkpt lat="-37.5724804" lon="-73.6183923">
                <ele>107.2</ele>
            </trkpt>
            <trkpt lat="-37.5725718" lon="-73.6184353">
                <ele>107.5</ele>
            </trkpt>
            <trkpt lat="-37.5726674" lon="-73.6184809">
                <ele>107.8</ele>
            </trkpt>
            <trkpt lat="-37.5727674" lon="-73.6185184">
                <ele>108</ele>
            </trkpt>
            <trkpt lat="-37.5728694" lon="-73.6185533">
                <ele>108.2</ele>
            </trkpt>
            <trkpt lat="-37.5730182" lon="-73.6185962">
                <ele>108.5</ele>
            </trkpt>
            <trkpt lat="-37.5733435" lon="-73.6186847">
                <ele>109.8</ele>
            </trkpt>
            <trkpt lat="-37.5734753" lon="-73.6187276">
                <ele>110</ele>
            </trkpt>
            <trkpt lat="-37.5735709" lon="-73.6187679">
                <ele>110.2</ele>
            </trkpt>
            <trkpt lat="-37.5736645" lon="-73.6188108">
                <ele>110.8</ele>
            </trkpt>
            <trkpt lat="-37.5737389" lon="-73.6188591">
                <ele>111</ele>
            </trkpt>
            <trkpt lat="-37.5738282" lon="-73.6189207">
                <ele>110.9</ele>
            </trkpt>
            <trkpt lat="-37.5739068" lon="-73.6189851">
                <ele>110.8</ele>
            </trkpt>
            <trkpt lat="-37.5740152" lon="-73.6190924">
                <ele>110.5</ele>
            </trkpt>
            <trkpt lat="-37.5741088" lon="-73.619197">
                <ele>110.4</ele>
            </trkpt>
            <trkpt lat="-37.5741917" lon="-73.6193016">
                <ele>110.2</ele>
            </trkpt>
            <trkpt lat="-37.574281" lon="-73.619425">
                <ele>109.8</ele>
            </trkpt>
            <trkpt lat="-37.5743809" lon="-73.6195859">
                <ele>109</ele>
            </trkpt>
            <trkpt lat="-37.5744489" lon="-73.61972">
                <ele>108.2</ele>
            </trkpt>
            <trkpt lat="-37.5745169" lon="-73.6198622">
                <ele>107.5</ele>
            </trkpt>
            <trkpt lat="-37.5745658" lon="-73.6199856">
                <ele>106.8</ele>
            </trkpt>
            <trkpt lat="-37.574602" lon="-73.6201251">
                <ele>106.2</ele>
            </trkpt>
            <trkpt lat="-37.5746296" lon="-73.6202618">
                <ele>106</ele>
            </trkpt>
            <trkpt lat="-37.5746509" lon="-73.620404">
                <ele>106.4</ele>
            </trkpt>
            <trkpt lat="-37.5747146" lon="-73.6209565">
                <ele>107.8</ele>
            </trkpt>
            <trkpt lat="-37.574738" lon="-73.6211577">
                <ele>108.8</ele>
            </trkpt>
            <trkpt lat="-37.5747699" lon="-73.6213133">
                <ele>109.8</ele>
            </trkpt>
            <trkpt lat="-37.5748018" lon="-73.6214501">
                <ele>110.5</ele>
            </trkpt>
            <trkpt lat="-37.5748358" lon="-73.6215734">
                <ele>111</ele>
            </trkpt>
            <trkpt lat="-37.5748783" lon="-73.6216861">
                <ele>111.5</ele>
            </trkpt>
            <trkpt lat="-37.5749315" lon="-73.6218122">
                <ele>112</ele>
            </trkpt>
            <trkpt lat="-37.5749889" lon="-73.6219141">
                <ele>112.2</ele>
            </trkpt>
            <trkpt lat="-37.5750548" lon="-73.6220294">
                <ele>112.1</ele>
            </trkpt>
            <trkpt lat="-37.5751207" lon="-73.6221287">
                <ele>112</ele>
            </trkpt>
            <trkpt lat="-37.5751866" lon="-73.6222145">
                <ele>111.8</ele>
            </trkpt>
            <trkpt lat="-37.5752652" lon="-73.6223084">
                <ele>111.5</ele>
            </trkpt>
            <trkpt lat="-37.57538" lon="-73.6224344">
                <ele>111</ele>
            </trkpt>
            <trkpt lat="-37.5756202" lon="-73.6226758">
                <ele>109.8</ele>
            </trkpt>
            <trkpt lat="-37.5758732" lon="-73.6229306">
                <ele>108</ele>
            </trkpt>
            <trkpt lat="-37.5763536" lon="-73.6234429">
                <ele>106.2</ele>
            </trkpt>
            <trkpt lat="-37.576479" lon="-73.6235744">
                <ele>106.4</ele>
            </trkpt>
            <trkpt lat="-37.5765938" lon="-73.623687">
                <ele>106.6</ele>
            </trkpt>
            <trkpt lat="-37.5766895" lon="-73.6237648">
                <ele>106.8</ele>
            </trkpt>
            <trkpt lat="-37.576783" lon="-73.6238346">
                <ele>107.5</ele>
            </trkpt>
            <trkpt lat="-37.5769063" lon="-73.6239016">
                <ele>108</ele>
            </trkpt>
            <trkpt lat="-37.5770232" lon="-73.6239552">
                <ele>108.1</ele>
            </trkpt>
            <trkpt lat="-37.5771529" lon="-73.6239901">
                <ele>108.2</ele>
            </trkpt>
            <trkpt lat="-37.5772826" lon="-73.6240196">
                <ele>108.2</ele>
            </trkpt>
            <trkpt lat="-37.577408" lon="-73.624033">
                <ele>108.8</ele>
            </trkpt>
            <trkpt lat="-37.5775334" lon="-73.6240384">
                <ele>109.2</ele>
            </trkpt>
            <trkpt lat="-37.5777311" lon="-73.6240223">
                <ele>109.8</ele>
            </trkpt>
            <trkpt lat="-37.5780967" lon="-73.6239982">
                <ele>110.5</ele>
            </trkpt>
            <trkpt lat="-37.5782221" lon="-73.6239928">
                <ele>111</ele>
            </trkpt>
            <trkpt lat="-37.5783454" lon="-73.6240008">
                <ele>111.2</ele>
            </trkpt>
            <trkpt lat="-37.5784708" lon="-73.6240169">
                <ele>111.4</ele>
            </trkpt>
            <trkpt lat="-37.5785771" lon="-73.624025">
                <ele>111.5</ele>
            </trkpt>
            <trkpt lat="-37.578711" lon="-73.6240491">
                <ele>111.8</ele>
            </trkpt>
            <trkpt lat="-37.5788641" lon="-73.6240813">
                <ele>111.5</ele>
            </trkpt>
            <trkpt lat="-37.5789853" lon="-73.6241269">
                <ele>110.8</ele>
            </trkpt>
            <trkpt lat="-37.5791085" lon="-73.6241671">
                <ele>110.5</ele>
            </trkpt>
            <trkpt lat="-37.5792403" lon="-73.6242288">
                <ele>110.8</ele>
            </trkpt>
            <trkpt lat="-37.5795018" lon="-73.624371">
                <ele>110.5</ele>
            </trkpt>
            <trkpt lat="-37.5810195" lon="-73.6253366">
                <ele>124.5</ele>
            </trkpt>
            <trkpt lat="-37.5817443" lon="-73.6257818">
                <ele>136</ele>
            </trkpt>
            <trkpt lat="-37.5821461" lon="-73.6260554">
                <ele>141.5</ele>
            </trkpt>
            <trkpt lat="-37.5823204" lon="-73.6261734">
                <ele>142.8</ele>
            </trkpt>
            <trkpt lat="-37.5824373" lon="-73.6262754">
                <ele>143.5</ele>
            </trkpt>
            <trkpt lat="-37.5826116" lon="-73.6264578">
                <ele>144.5</ele>
            </trkpt>
            <trkpt lat="-37.5827306" lon="-73.626624">
                <ele>144.4</ele>
            </trkpt>
            <trkpt lat="-37.5828369" lon="-73.6268091">
                <ele>144.2</ele>
            </trkpt>
            <trkpt lat="-37.5829347" lon="-73.6269835">
                <ele>143.5</ele>
            </trkpt>
            <trkpt lat="-37.5830324" lon="-73.6272141">
                <ele>141.8</ele>
            </trkpt>
            <trkpt lat="-37.5831345" lon="-73.6274984">
                <ele>138.8</ele>
            </trkpt>
            <trkpt lat="-37.5837233" lon="-73.6292285">
                <ele>118.5</ele>
            </trkpt>
            <trkpt lat="-37.5838465" lon="-73.6296147">
                <ele>114.2</ele>
            </trkpt>
            <trkpt lat="-37.5839677" lon="-73.6300036">
                <ele>109.2</ele>
            </trkpt>
            <trkpt lat="-37.5840612" lon="-73.6303282">
                <ele>105.8</ele>
            </trkpt>
            <trkpt lat="-37.5841505" lon="-73.63065">
                <ele>101.5</ele>
            </trkpt>
            <trkpt lat="-37.5842865" lon="-73.6311463">
                <ele>96</ele>
            </trkpt>
            <trkpt lat="-37.5844013" lon="-73.6315513">
                <ele>91.5</ele>
            </trkpt>
            <trkpt lat="-37.584599" lon="-73.6321628">
                <ele>84.5</ele>
            </trkpt>
            <trkpt lat="-37.5846712" lon="-73.632431">
                <ele>81.2</ele>
            </trkpt>
            <trkpt lat="-37.5847053" lon="-73.6325705">
                <ele>79.5</ele>
            </trkpt>
            <trkpt lat="-37.5847648" lon="-73.6328709">
                <ele>75.8</ele>
            </trkpt>
            <trkpt lat="-37.5847903" lon="-73.6329728">
                <ele>74.5</ele>
            </trkpt>
            <trkpt lat="-37.5848307" lon="-73.6331043">
                <ele>73</ele>
            </trkpt>
            <trkpt lat="-37.5848966" lon="-73.6332572">
                <ele>71.2</ele>
            </trkpt>
            <trkpt lat="-37.5849731" lon="-73.6334047">
                <ele>69.5</ele>
            </trkpt>
            <trkpt lat="-37.5850326" lon="-73.6335066">
                <ele>68.2</ele>
            </trkpt>
            <trkpt lat="-37.5850963" lon="-73.6336058">
                <ele>66.8</ele>
            </trkpt>
            <trkpt lat="-37.5851792" lon="-73.6337319">
                <ele>64.8</ele>
            </trkpt>
            <trkpt lat="-37.5852706" lon="-73.6338499">
                <ele>62.5</ele>
            </trkpt>
            <trkpt lat="-37.5853663" lon="-73.6339572">
                <ele>60.5</ele>
            </trkpt>
            <trkpt lat="-37.5854619" lon="-73.6340511">
                <ele>58.8</ele>
            </trkpt>
            <trkpt lat="-37.5855618" lon="-73.6341369">
                <ele>57.5</ele>
            </trkpt>
            <trkpt lat="-37.585666" lon="-73.6342174">
                <ele>56.2</ele>
            </trkpt>
            <trkpt lat="-37.5857595" lon="-73.6342818">
                <ele>55</ele>
            </trkpt>
            <trkpt lat="-37.5858552" lon="-73.6343408">
                <ele>54</ele>
            </trkpt>
            <trkpt lat="-37.5859614" lon="-73.6343998">
                <ele>53.2</ele>
            </trkpt>
            <trkpt lat="-37.5860677" lon="-73.6344534">
                <ele>52.8</ele>
            </trkpt>
            <trkpt lat="-37.586191" lon="-73.6345097">
                <ele>52.2</ele>
            </trkpt>
            <trkpt lat="-37.5868775" lon="-73.6347967">
                <ele>49.5</ele>
            </trkpt>
            <trkpt lat="-37.5870284" lon="-73.6348611">
                <ele>49</ele>
            </trkpt>
            <trkpt lat="-37.5871389" lon="-73.6349148">
                <ele>48.2</ele>
            </trkpt>
            <trkpt lat="-37.5872495" lon="-73.6349738">
                <ele>47.2</ele>
            </trkpt>
            <trkpt lat="-37.5873557" lon="-73.6350381">
                <ele>46.2</ele>
            </trkpt>
            <trkpt lat="-37.5874726" lon="-73.6351132">
                <ele>45.2</ele>
            </trkpt>
            <trkpt lat="-37.5875853" lon="-73.6351964">
                <ele>44</ele>
            </trkpt>
            <trkpt lat="-37.5876958" lon="-73.6352849">
                <ele>42.5</ele>
            </trkpt>
            <trkpt lat="-37.5882383" lon="-73.6357511">
                <ele>34.9</ele>
            </trkpt>
            <trkpt lat="-37.5882383" lon="-73.6357511">
                <ele>34.9</ele>
            </trkpt>
            <trkpt lat="-37.5882484" lon="-73.6357597">
                <ele>34.8</ele>
            </trkpt>
            <trkpt lat="-37.5889541" lon="-73.6363739">
                <ele>28</ele>
            </trkpt>
            <trkpt lat="-37.588716" lon="-73.6368164">
                <ele>25.2</ele>
            </trkpt>
            <trkpt lat="-37.5883887" lon="-73.6374843">
                <ele>19</ele>
            </trkpt>
            <trkpt lat="-37.5880805" lon="-73.6381575">
                <ele>15.8</ele>
            </trkpt>
            <trkpt lat="-37.5877447" lon="-73.6388335">
                <ele>14</ele>
            </trkpt>
            <trkpt lat="-37.5871283" lon="-73.6383989">
                <ele>16</ele>
            </trkpt>
            <trkpt lat="-37.5870837" lon="-73.6383614">
                <ele>16.2</ele>
            </trkpt>
            <trkpt lat="-37.5870433" lon="-73.6383131">
                <ele>16.3</ele>
            </trkpt>
            <trkpt lat="-37.5870135" lon="-73.6382729">
                <ele>16.5</ele>
            </trkpt>
            <trkpt lat="-37.586988" lon="-73.6382273">
                <ele>16.6</ele>
            </trkpt>
            <trkpt lat="-37.5869668" lon="-73.6381763">
                <ele>16.7</ele>
            </trkpt>
            <trkpt lat="-37.5865502" lon="-73.6372536">
                <ele>19.2</ele>
            </trkpt>
            <trkpt lat="-37.5865162" lon="-73.6371678">
                <ele>19.8</ele>
            </trkpt>
            <trkpt lat="-37.5864864" lon="-73.637082">
                <ele>20.2</ele>
            </trkpt>
            <trkpt lat="-37.5864609" lon="-73.6369962">
                <ele>20.8</ele>
            </trkpt>
            <trkpt lat="-37.5864418" lon="-73.636905">
                <ele>21.2</ele>
            </trkpt>
            <trkpt lat="-37.5864269" lon="-73.6368138">
                <ele>21.8</ele>
            </trkpt>
            <trkpt lat="-37.5864163" lon="-73.6367226">
                <ele>22.2</ele>
            </trkpt>
            <trkpt lat="-37.5863674" lon="-73.6363605">
                <ele>24</ele>
            </trkpt>
            <trkpt lat="-37.5862951" lon="-73.6358267">
                <ele>29.5</ele>
            </trkpt>
            <trkpt lat="-37.5862037" lon="-73.6358884">
                <ele>29</ele>
            </trkpt>
            <trkpt lat="-37.5861102" lon="-73.6359876">
                <ele>28.5</ele>
            </trkpt>
            <trkpt lat="-37.5860061" lon="-73.6361325">
                <ele>27.5</ele>
            </trkpt>
            <trkpt lat="-37.5858828" lon="-73.6363927">
                <ele>26.2</ele>
            </trkpt>
            <trkpt lat="-37.5858041" lon="-73.6365589">
                <ele>26</ele>
            </trkpt>
            <trkpt lat="-37.5856745" lon="-73.6369452">
                <ele>27.5</ele>
            </trkpt>
            <trkpt lat="-37.5856362" lon="-73.6371517">
                <ele>28</ele>
            </trkpt>
            <trkpt lat="-37.5852749" lon="-73.6371034">
                <ele>30.5</ele>
            </trkpt>
            <trkpt lat="-37.5850963" lon="-73.6370605">
                <ele>32</ele>
            </trkpt>
            <trkpt lat="-37.5849646" lon="-73.6370015">
                <ele>33.5</ele>
            </trkpt>
            <trkpt lat="-37.5848285" lon="-73.6368889">
                <ele>35.2</ele>
            </trkpt>
            <trkpt lat="-37.5846287" lon="-73.6367333">
                <ele>37.8</ele>
            </trkpt>
            <trkpt lat="-37.5845225" lon="-73.6366689">
                <ele>39.5</ele>
            </trkpt>
            <trkpt lat="-37.584363" lon="-73.6366045">
                <ele>42.2</ele>
            </trkpt>
            <trkpt lat="-37.5842653" lon="-73.6365885">
                <ele>43.8</ele>
            </trkpt>
            <trkpt lat="-37.5840548" lon="-73.6365965">
                <ele>46.8</ele>
            </trkpt>
            <trkpt lat="-37.5839103" lon="-73.6365831">
                <ele>48.8</ele>
            </trkpt>
            <trkpt lat="-37.5837764" lon="-73.6365294">
                <ele>50.5</ele>
            </trkpt>
            <trkpt lat="-37.5836212" lon="-73.6364087">
                <ele>52</ele>
            </trkpt>
            <trkpt lat="-37.5834703" lon="-73.6362988">
                <ele>53</ele>
            </trkpt>
            <trkpt lat="-37.583398" lon="-73.6362639">
                <ele>53.8</ele>
            </trkpt>
            <trkpt lat="-37.5833024" lon="-73.6362532">
                <ele>55</ele>
            </trkpt>
            <trkpt lat="-37.5831642" lon="-73.6362773">
                <ele>57.5</ele>
            </trkpt>
            <trkpt lat="-37.5829283" lon="-73.6363846">
                <ele>63</ele>
            </trkpt>
            <trkpt lat="-37.5827009" lon="-73.6365643">
                <ele>70</ele>
            </trkpt>
            <trkpt lat="-37.5826902" lon="-73.6365724">
                <ele>70.2</ele>
            </trkpt>
            <trkpt lat="-37.5825308" lon="-73.6366636">
                <ele>74</ele>
            </trkpt>
            <trkpt lat="-37.5824755" lon="-73.636677">
                <ele>75.2</ele>
            </trkpt>
            <trkpt lat="-37.5824203" lon="-73.6366743">
                <ele>76.2</ele>
            </trkpt>
            <trkpt lat="-37.5823586" lon="-73.6366555">
                <ele>77.2</ele>
            </trkpt>
            <trkpt lat="-37.5820334" lon="-73.6363605">
                <ele>82.5</ele>
            </trkpt>
            <trkpt lat="-37.5819973" lon="-73.6363336">
                <ele>83.2</ele>
            </trkpt>
            <trkpt lat="-37.5819548" lon="-73.6363095">
                <ele>84.2</ele>
            </trkpt>
            <trkpt lat="-37.5819144" lon="-73.6363068">
                <ele>85.2</ele>
            </trkpt>
            <trkpt lat="-37.581891" lon="-73.6363229">
                <ele>86.2</ele>
            </trkpt>
            <trkpt lat="-37.5818719" lon="-73.6363578">
                <ele>87.2</ele>
            </trkpt>
            <trkpt lat="-37.5818612" lon="-73.636398">
                <ele>88</ele>
            </trkpt>
            <trkpt lat="-37.5818698" lon="-73.6364436">
                <ele>88.5</ele>
            </trkpt>
            <trkpt lat="-37.5818995" lon="-73.6365187">
                <ele>88.8</ele>
            </trkpt>
            <trkpt lat="-37.582212" lon="-73.6371034">
                <ele>88.2</ele>
            </trkpt>
            <trkpt lat="-37.5822396" lon="-73.6371759">
                <ele>89</ele>
            </trkpt>
            <trkpt lat="-37.582263" lon="-73.637251">
                <ele>89.8</ele>
            </trkpt>
            <trkpt lat="-37.5822736" lon="-73.6373207">
                <ele>90.8</ele>
            </trkpt>
            <trkpt lat="-37.5822927" lon="-73.6378196">
                <ele>98</ele>
            </trkpt>
            <trkpt lat="-37.5823055" lon="-73.6378974">
                <ele>99</ele>
            </trkpt>
            <trkpt lat="-37.5823671" lon="-73.6382836">
                <ele>103.2</ele>
            </trkpt>
            <trkpt lat="-37.5823714" lon="-73.6383265">
                <ele>103.8</ele>
            </trkpt>
            <trkpt lat="-37.5823693" lon="-73.6383963">
                <ele>104.8</ele>
            </trkpt>
            <trkpt lat="-37.5823586" lon="-73.6384794">
                <ele>106</ele>
            </trkpt>
            <trkpt lat="-37.5823416" lon="-73.6385787">
                <ele>107.5</ele>
            </trkpt>
            <trkpt lat="-37.5823055" lon="-73.6386806">
                <ele>109</ele>
            </trkpt>
            <trkpt lat="-37.5822375" lon="-73.6387879">
                <ele>110.5</ele>
            </trkpt>
            <trkpt lat="-37.5821631" lon="-73.6388656">
                <ele>111.2</ele>
            </trkpt>
            <trkpt lat="-37.5820696" lon="-73.6389166">
                <ele>111.8</ele>
            </trkpt>
            <trkpt lat="-37.5819867" lon="-73.6389381">
                <ele>112</ele>
            </trkpt>
            <trkpt lat="-37.581738" lon="-73.6389729">
                <ele>111.8</ele>
            </trkpt>
            <trkpt lat="-37.5813745" lon="-73.6389863">
                <ele>109.5</ele>
            </trkpt>
            <trkpt lat="-37.5813043" lon="-73.6389971">
                <ele>108.5</ele>
            </trkpt>
            <trkpt lat="-37.5812236" lon="-73.6390212">
                <ele>107.2</ele>
            </trkpt>
            <trkpt lat="-37.5809919" lon="-73.6391124">
                <ele>102.8</ele>
            </trkpt>
            <trkpt lat="-37.5809451" lon="-73.6391231">
                <ele>102</ele>
            </trkpt>
            <trkpt lat="-37.5808877" lon="-73.6391258">
                <ele>101.2</ele>
            </trkpt>
            <trkpt lat="-37.5805221" lon="-73.6391339">
                <ele>95</ele>
            </trkpt>
            <trkpt lat="-37.5800863" lon="-73.6391231">
                <ele>87.2</ele>
            </trkpt>
            <trkpt lat="-37.5800141" lon="-73.639107">
                <ele>86.2</ele>
            </trkpt>
            <trkpt lat="-37.5799397" lon="-73.6390668">
                <ele>85.8</ele>
            </trkpt>
            <trkpt lat="-37.5795188" lon="-73.638804">
                <ele>86</ele>
            </trkpt>
            <trkpt lat="-37.5793998" lon="-73.638761">
                <ele>85.2</ele>
            </trkpt>
            <trkpt lat="-37.5788556" lon="-73.6386994">
                <ele>79.5</ele>
            </trkpt>
            <trkpt lat="-37.5781626" lon="-73.6387101">
                <ele>69</ele>
            </trkpt>
            <trkpt lat="-37.5781243" lon="-73.6387289">
                <ele>67.8</ele>
            </trkpt>
            <trkpt lat="-37.5781095" lon="-73.6387503">
                <ele>66.8</ele>
            </trkpt>
            <trkpt lat="-37.578101" lon="-73.6387771">
                <ele>65.5</ele>
            </trkpt>
            <trkpt lat="-37.5780967" lon="-73.6388066">
                <ele>64.2</ele>
            </trkpt>
            <trkpt lat="-37.5780988" lon="-73.6388388">
                <ele>63.2</ele>
            </trkpt>
            <trkpt lat="-37.5781073" lon="-73.6388656">
                <ele>62.2</ele>
            </trkpt>
            <trkpt lat="-37.578152" lon="-73.6388978">
                <ele>61.5</ele>
            </trkpt>
            <trkpt lat="-37.5787472" lon="-73.6391366">
                <ele>62.5</ele>
            </trkpt>
            <trkpt lat="-37.5789491" lon="-73.6393028">
                <ele>61.5</ele>
            </trkpt>
            <trkpt lat="-37.5792297" lon="-73.6395201">
                <ele>60</ele>
            </trkpt>
            <trkpt lat="-37.5795082" lon="-73.6396998">
                <ele>61.2</ele>
            </trkpt>
            <trkpt lat="-37.5795868" lon="-73.6397508">
                <ele>62.2</ele>
            </trkpt>
            <trkpt lat="-37.5796315" lon="-73.6398205">
                <ele>61.8</ele>
            </trkpt>
            <trkpt lat="-37.5796633" lon="-73.6399359">
                <ele>61.2</ele>
            </trkpt>
            <trkpt lat="-37.5796995" lon="-73.6402148">
                <ele>59.5</ele>
            </trkpt>
            <trkpt lat="-37.5797462" lon="-73.6405742">
                <ele>57.2</ele>
            </trkpt>
            <trkpt lat="-37.5797675" lon="-73.6409122">
                <ele>54.5</ele>
            </trkpt>
            <trkpt lat="-37.5797718" lon="-73.6411563">
                <ele>51.2</ele>
            </trkpt>
            <trkpt lat="-37.5797654" lon="-73.6413467">
                <ele>47.8</ele>
            </trkpt>
            <trkpt lat="-37.5797547" lon="-73.6414513">
                <ele>45.8</ele>
            </trkpt>
            <trkpt lat="-37.579725" lon="-73.6415532">
                <ele>43.2</ele>
            </trkpt>
            <trkpt lat="-37.5796825" lon="-73.641631">
                <ele>41</ele>
            </trkpt>
            <trkpt lat="-37.5796187" lon="-73.6417115">
                <ele>38.2</ele>
            </trkpt>
            <trkpt lat="-37.5795358" lon="-73.6417678">
                <ele>36</ele>
            </trkpt>
            <trkpt lat="-37.5794614" lon="-73.6418027">
                <ele>34.8</ele>
            </trkpt>
            <trkpt lat="-37.5794019" lon="-73.6418">
                <ele>34.2</ele>
            </trkpt>
            <trkpt lat="-37.5793296" lon="-73.6417758">
                <ele>33.8</ele>
            </trkpt>
            <trkpt lat="-37.5792403" lon="-73.6417168">
                <ele>33.5</ele>
            </trkpt>
            <trkpt lat="-37.5791808" lon="-73.6416337">
                <ele>33.7</ele>
            </trkpt>
            <trkpt lat="-37.5791319" lon="-73.6415291">
                <ele>33.8</ele>
            </trkpt>
            <trkpt lat="-37.5791022" lon="-73.641336">
                <ele>34.1</ele>
            </trkpt>
            <trkpt lat="-37.5791085" lon="-73.6406708">
                <ele>35</ele>
            </trkpt>
            <trkpt lat="-37.5790958" lon="-73.6405849">
                <ele>35.5</ele>
            </trkpt>
            <trkpt lat="-37.579066" lon="-73.640534">
                <ele>35.2</ele>
            </trkpt>
            <trkpt lat="-37.5790193" lon="-73.6404884">
                <ele>34.5</ele>
            </trkpt>
            <trkpt lat="-37.5788875" lon="-73.6404052">
                <ele>32.2</ele>
            </trkpt>
            <trkpt lat="-37.5788003" lon="-73.6403275">
                <ele>31.8</ele>
            </trkpt>
            <trkpt lat="-37.5787706" lon="-73.6402738">
                <ele>32.2</ele>
            </trkpt>
            <trkpt lat="-37.5787238" lon="-73.6401665">
                <ele>33.8</ele>
            </trkpt>
            <trkpt lat="-37.5786834" lon="-73.640137">
                <ele>33.5</ele>
            </trkpt>
            <trkpt lat="-37.5786473" lon="-73.6401343">
                <ele>32.8</ele>
            </trkpt>
            <trkpt lat="-37.5786218" lon="-73.6401424">
                <ele>32</ele>
            </trkpt>
            <trkpt lat="-37.5786005" lon="-73.6401612">
                <ele>31</ele>
            </trkpt>
            <trkpt lat="-37.5785899" lon="-73.6401826">
                <ele>30.2</ele>
            </trkpt>
            <trkpt lat="-37.5785792" lon="-73.6402282">
                <ele>29</ele>
            </trkpt>
            <trkpt lat="-37.5785729" lon="-73.6402845">
                <ele>27.5</ele>
            </trkpt>
            <trkpt lat="-37.5785814" lon="-73.6403489">
                <ele>26</ele>
            </trkpt>
            <trkpt lat="-37.5786515" lon="-73.6405608">
                <ele>23.5</ele>
            </trkpt>
            <trkpt lat="-37.5786983" lon="-73.6407378">
                <ele>22.8</ele>
            </trkpt>
            <trkpt lat="-37.5787238" lon="-73.6409068">
                <ele>23</ele>
            </trkpt>
            <trkpt lat="-37.5787663" lon="-73.6411321">
                <ele>24.2</ele>
            </trkpt>
            <trkpt lat="-37.5787663" lon="-73.641226">
                <ele>24.5</ele>
            </trkpt>
            <trkpt lat="-37.5787613" lon="-73.6413034">
                <ele>24.9</ele>
            </trkpt>
            <trkpt lat="-37.5787613" lon="-73.6413034">
                <ele>24.9</ele>
            </trkpt>
            <trkpt lat="-37.5787663" lon="-73.641226">
                <ele>24.5</ele>
            </trkpt>
            <trkpt lat="-37.5787663" lon="-73.6411321">
                <ele>24.2</ele>
            </trkpt>
            <trkpt lat="-37.5787238" lon="-73.6409068">
                <ele>23</ele>
            </trkpt>
            <trkpt lat="-37.5786983" lon="-73.6407378">
                <ele>22.8</ele>
            </trkpt>
            <trkpt lat="-37.5786515" lon="-73.6405608">
                <ele>23.5</ele>
            </trkpt>
            <trkpt lat="-37.5785814" lon="-73.6403489">
                <ele>26</ele>
            </trkpt>
            <trkpt lat="-37.5785729" lon="-73.6402845">
                <ele>27.5</ele>
            </trkpt>
            <trkpt lat="-37.5785792" lon="-73.6402282">
                <ele>29</ele>
            </trkpt>
            <trkpt lat="-37.5785899" lon="-73.6401826">
                <ele>30.2</ele>
            </trkpt>
            <trkpt lat="-37.5786005" lon="-73.6401612">
                <ele>31</ele>
            </trkpt>
            <trkpt lat="-37.5786218" lon="-73.6401424">
                <ele>32</ele>
            </trkpt>
            <trkpt lat="-37.5786473" lon="-73.6401343">
                <ele>32.8</ele>
            </trkpt>
            <trkpt lat="-37.5786834" lon="-73.640137">
                <ele>33.5</ele>
            </trkpt>
            <trkpt lat="-37.5787238" lon="-73.6401665">
                <ele>33.8</ele>
            </trkpt>
            <trkpt lat="-37.5787706" lon="-73.6402738">
                <ele>32.2</ele>
            </trkpt>
            <trkpt lat="-37.5788003" lon="-73.6403275">
                <ele>31.8</ele>
            </trkpt>
            <trkpt lat="-37.5788875" lon="-73.6404052">
                <ele>32.2</ele>
            </trkpt>
            <trkpt lat="-37.5790193" lon="-73.6404884">
                <ele>34.5</ele>
            </trkpt>
            <trkpt lat="-37.579066" lon="-73.640534">
                <ele>35.2</ele>
            </trkpt>
            <trkpt lat="-37.5790958" lon="-73.6405849">
                <ele>35.5</ele>
            </trkpt>
            <trkpt lat="-37.5791085" lon="-73.6406708">
                <ele>35</ele>
            </trkpt>
            <trkpt lat="-37.5791022" lon="-73.641336">
                <ele>34.1</ele>
            </trkpt>
            <trkpt lat="-37.5791319" lon="-73.6415291">
                <ele>33.8</ele>
            </trkpt>
            <trkpt lat="-37.5791808" lon="-73.6416337">
                <ele>33.7</ele>
            </trkpt>
            <trkpt lat="-37.5792403" lon="-73.6417168">
                <ele>33.5</ele>
            </trkpt>
            <trkpt lat="-37.5793296" lon="-73.6417758">
                <ele>33.8</ele>
            </trkpt>
            <trkpt lat="-37.5794019" lon="-73.6418">
                <ele>34.2</ele>
            </trkpt>
            <trkpt lat="-37.5794614" lon="-73.6418027">
                <ele>34.8</ele>
            </trkpt>
            <trkpt lat="-37.5795358" lon="-73.6417678">
                <ele>36</ele>
            </trkpt>
            <trkpt lat="-37.5796187" lon="-73.6417115">
                <ele>38.2</ele>
            </trkpt>
            <trkpt lat="-37.5796825" lon="-73.641631">
                <ele>41</ele>
            </trkpt>
            <trkpt lat="-37.579725" lon="-73.6415532">
                <ele>43.2</ele>
            </trkpt>
            <trkpt lat="-37.5797547" lon="-73.6414513">
                <ele>45.8</ele>
            </trkpt>
            <trkpt lat="-37.5797654" lon="-73.6413467">
                <ele>47.8</ele>
            </trkpt>
            <trkpt lat="-37.5797718" lon="-73.6411563">
                <ele>51.2</ele>
            </trkpt>
            <trkpt lat="-37.5797675" lon="-73.6409122">
                <ele>54.5</ele>
            </trkpt>
            <trkpt lat="-37.5797462" lon="-73.6405742">
                <ele>57.2</ele>
            </trkpt>
            <trkpt lat="-37.5796995" lon="-73.6402148">
                <ele>59.5</ele>
            </trkpt>
            <trkpt lat="-37.5796633" lon="-73.6399359">
                <ele>61.2</ele>
            </trkpt>
            <trkpt lat="-37.5796315" lon="-73.6398205">
                <ele>61.8</ele>
            </trkpt>
            <trkpt lat="-37.5795868" lon="-73.6397508">
                <ele>62.2</ele>
            </trkpt>
            <trkpt lat="-37.5795082" lon="-73.6396998">
                <ele>61.2</ele>
            </trkpt>
            <trkpt lat="-37.5792297" lon="-73.6395201">
                <ele>60</ele>
            </trkpt>
            <trkpt lat="-37.5789491" lon="-73.6393028">
                <ele>61.5</ele>
            </trkpt>
            <trkpt lat="-37.5787472" lon="-73.6391366">
                <ele>62.5</ele>
            </trkpt>
            <trkpt lat="-37.578152" lon="-73.6388978">
                <ele>61.5</ele>
            </trkpt>
            <trkpt lat="-37.5781073" lon="-73.6388656">
                <ele>62.2</ele>
            </trkpt>
            <trkpt lat="-37.5780988" lon="-73.6388388">
                <ele>63.2</ele>
            </trkpt>
            <trkpt lat="-37.5780967" lon="-73.6388066">
                <ele>64.2</ele>
            </trkpt>
            <trkpt lat="-37.578101" lon="-73.6387771">
                <ele>65.5</ele>
            </trkpt>
            <trkpt lat="-37.5781095" lon="-73.6387503">
                <ele>66.8</ele>
            </trkpt>
            <trkpt lat="-37.5781243" lon="-73.6387289">
                <ele>67.8</ele>
            </trkpt>
            <trkpt lat="-37.5781626" lon="-73.6387101">
                <ele>69</ele>
            </trkpt>
            <trkpt lat="-37.5788556" lon="-73.6386994">
                <ele>79.5</ele>
            </trkpt>
            <trkpt lat="-37.5793998" lon="-73.638761">
                <ele>85.2</ele>
            </trkpt>
            <trkpt lat="-37.5795188" lon="-73.638804">
                <ele>86</ele>
            </trkpt>
            <trkpt lat="-37.5799397" lon="-73.6390668">
                <ele>85.8</ele>
            </trkpt>
            <trkpt lat="-37.5800141" lon="-73.639107">
                <ele>86.2</ele>
            </trkpt>
            <trkpt lat="-37.5800863" lon="-73.6391231">
                <ele>87.2</ele>
            </trkpt>
            <trkpt lat="-37.5805221" lon="-73.6391339">
                <ele>95</ele>
            </trkpt>
            <trkpt lat="-37.5808877" lon="-73.6391258">
                <ele>101.2</ele>
            </trkpt>
            <trkpt lat="-37.5809451" lon="-73.6391231">
                <ele>102</ele>
            </trkpt>
            <trkpt lat="-37.5809919" lon="-73.6391124">
                <ele>102.8</ele>
            </trkpt>
            <trkpt lat="-37.5812236" lon="-73.6390212">
                <ele>107.2</ele>
            </trkpt>
            <trkpt lat="-37.5813043" lon="-73.6389971">
                <ele>108.5</ele>
            </trkpt>
            <trkpt lat="-37.5813745" lon="-73.6389863">
                <ele>109.5</ele>
            </trkpt>
            <trkpt lat="-37.581738" lon="-73.6389729">
                <ele>111.8</ele>
            </trkpt>
            <trkpt lat="-37.5819867" lon="-73.6389381">
                <ele>112</ele>
            </trkpt>
            <trkpt lat="-37.5820696" lon="-73.6389166">
                <ele>111.8</ele>
            </trkpt>
            <trkpt lat="-37.5821631" lon="-73.6388656">
                <ele>111.2</ele>
            </trkpt>
            <trkpt lat="-37.5822375" lon="-73.6387879">
                <ele>110.5</ele>
            </trkpt>
            <trkpt lat="-37.5823055" lon="-73.6386806">
                <ele>109</ele>
            </trkpt>
            <trkpt lat="-37.5823416" lon="-73.6385787">
                <ele>107.5</ele>
            </trkpt>
            <trkpt lat="-37.5823586" lon="-73.6384794">
                <ele>106</ele>
            </trkpt>
            <trkpt lat="-37.5823693" lon="-73.6383963">
                <ele>104.8</ele>
            </trkpt>
            <trkpt lat="-37.5823714" lon="-73.6383265">
                <ele>103.8</ele>
            </trkpt>
            <trkpt lat="-37.5823671" lon="-73.6382836">
                <ele>103.2</ele>
            </trkpt>
            <trkpt lat="-37.5823055" lon="-73.6378974">
                <ele>99</ele>
            </trkpt>
            <trkpt lat="-37.5822927" lon="-73.6378196">
                <ele>98</ele>
            </trkpt>
            <trkpt lat="-37.5822736" lon="-73.6373207">
                <ele>90.8</ele>
            </trkpt>
            <trkpt lat="-37.582263" lon="-73.637251">
                <ele>89.8</ele>
            </trkpt>
            <trkpt lat="-37.5822396" lon="-73.6371759">
                <ele>89</ele>
            </trkpt>
            <trkpt lat="-37.582212" lon="-73.6371034">
                <ele>88.2</ele>
            </trkpt>
            <trkpt lat="-37.5818995" lon="-73.6365187">
                <ele>88.8</ele>
            </trkpt>
            <trkpt lat="-37.5818698" lon="-73.6364436">
                <ele>88.5</ele>
            </trkpt>
            <trkpt lat="-37.5818612" lon="-73.636398">
                <ele>88</ele>
            </trkpt>
            <trkpt lat="-37.5818719" lon="-73.6363578">
                <ele>87.2</ele>
            </trkpt>
            <trkpt lat="-37.581891" lon="-73.6363229">
                <ele>86.2</ele>
            </trkpt>
            <trkpt lat="-37.5819144" lon="-73.6363068">
                <ele>85.2</ele>
            </trkpt>
            <trkpt lat="-37.5819548" lon="-73.6363095">
                <ele>84.2</ele>
            </trkpt>
            <trkpt lat="-37.5819973" lon="-73.6363336">
                <ele>83.2</ele>
            </trkpt>
            <trkpt lat="-37.5820334" lon="-73.6363605">
                <ele>82.5</ele>
            </trkpt>
            <trkpt lat="-37.5823586" lon="-73.6366555">
                <ele>77.2</ele>
            </trkpt>
            <trkpt lat="-37.5824203" lon="-73.6366743">
                <ele>76.2</ele>
            </trkpt>
            <trkpt lat="-37.5824755" lon="-73.636677">
                <ele>75.2</ele>
            </trkpt>
            <trkpt lat="-37.5825308" lon="-73.6366636">
                <ele>74</ele>
            </trkpt>
            <trkpt lat="-37.5826902" lon="-73.6365724">
                <ele>70.2</ele>
            </trkpt>
            <trkpt lat="-37.5827009" lon="-73.6365643">
                <ele>70</ele>
            </trkpt>
            <trkpt lat="-37.5829283" lon="-73.6363846">
                <ele>63</ele>
            </trkpt>
            <trkpt lat="-37.5831642" lon="-73.6362773">
                <ele>57.5</ele>
            </trkpt>
            <trkpt lat="-37.5833024" lon="-73.6362532">
                <ele>55</ele>
            </trkpt>
            <trkpt lat="-37.583398" lon="-73.6362639">
                <ele>53.8</ele>
            </trkpt>
            <trkpt lat="-37.5834703" lon="-73.6362988">
                <ele>53</ele>
            </trkpt>
            <trkpt lat="-37.5836212" lon="-73.6364087">
                <ele>52</ele>
            </trkpt>
            <trkpt lat="-37.5837764" lon="-73.6365294">
                <ele>50.5</ele>
            </trkpt>
            <trkpt lat="-37.5839103" lon="-73.6365831">
                <ele>48.8</ele>
            </trkpt>
            <trkpt lat="-37.5840548" lon="-73.6365965">
                <ele>46.8</ele>
            </trkpt>
            <trkpt lat="-37.5842653" lon="-73.6365885">
                <ele>43.8</ele>
            </trkpt>
            <trkpt lat="-37.584363" lon="-73.6366045">
                <ele>42.2</ele>
            </trkpt>
            <trkpt lat="-37.5845225" lon="-73.6366689">
                <ele>39.5</ele>
            </trkpt>
            <trkpt lat="-37.5846287" lon="-73.6367333">
                <ele>37.8</ele>
            </trkpt>
            <trkpt lat="-37.5848285" lon="-73.6368889">
                <ele>35.2</ele>
            </trkpt>
            <trkpt lat="-37.5849646" lon="-73.6370015">
                <ele>33.5</ele>
            </trkpt>
            <trkpt lat="-37.5850963" lon="-73.6370605">
                <ele>32</ele>
            </trkpt>
            <trkpt lat="-37.5852749" lon="-73.6371034">
                <ele>30.5</ele>
            </trkpt>
            <trkpt lat="-37.5856362" lon="-73.6371517">
                <ele>28</ele>
            </trkpt>
            <trkpt lat="-37.5856277" lon="-73.6372536">
                <ele>28</ele>
            </trkpt>
            <trkpt lat="-37.5856001" lon="-73.6388656">
                <ele>27.6</ele>
            </trkpt>
            <trkpt lat="-37.5855937" lon="-73.6392626">
                <ele>27.5</ele>
            </trkpt>
            <trkpt lat="-37.5855873" lon="-73.6393484">
                <ele>27.4</ele>
            </trkpt>
            <trkpt lat="-37.5855767" lon="-73.6394101">
                <ele>27.2</ele>
            </trkpt>
            <trkpt lat="-37.5855555" lon="-73.6394718">
                <ele>27.3</ele>
            </trkpt>
            <trkpt lat="-37.5855172" lon="-73.639555">
                <ele>27.5</ele>
            </trkpt>
            <trkpt lat="-37.5854237" lon="-73.6396971">
                <ele>27.8</ele>
            </trkpt>
            <trkpt lat="-37.5852685" lon="-73.6398876">
                <ele>29.2</ele>
            </trkpt>
            <trkpt lat="-37.5850496" lon="-73.6400995">
                <ele>31.2</ele>
            </trkpt>
            <trkpt lat="-37.5848328" lon="-73.6402819">
                <ele>33.5</ele>
            </trkpt>
            <trkpt lat="-37.5844034" lon="-73.6406359">
                <ele>36.5</ele>
            </trkpt>
            <trkpt lat="-37.583804" lon="-73.6412233">
                <ele>33</ele>
            </trkpt>
            <trkpt lat="-37.5835511" lon="-73.6414137">
                <ele>31</ele>
            </trkpt>
            <trkpt lat="-37.5833258" lon="-73.6415532">
                <ele>29.2</ele>
            </trkpt>
            <trkpt lat="-37.5826307" lon="-73.6418134">
                <ele>29</ele>
            </trkpt>
            <trkpt lat="-37.5825733" lon="-73.6418375">
                <ele>28.9</ele>
            </trkpt>
            <trkpt lat="-37.5825117" lon="-73.641867">
                <ele>28.8</ele>
            </trkpt>
            <trkpt lat="-37.5824968" lon="-73.6418831">
                <ele>28.5</ele>
            </trkpt>
            <trkpt lat="-37.5824862" lon="-73.6419046">
                <ele>27.8</ele>
            </trkpt>
            <trkpt lat="-37.582484" lon="-73.6419314">
                <ele>26.8</ele>
            </trkpt>
            <trkpt lat="-37.5824862" lon="-73.6419529">
                <ele>26</ele>
            </trkpt>
            <trkpt lat="-37.5824947" lon="-73.641969">
                <ele>25.2</ele>
            </trkpt>
            <trkpt lat="-37.5825053" lon="-73.6419851">
                <ele>24.5</ele>
            </trkpt>
            <trkpt lat="-37.5825096" lon="-73.6419889">
                <ele>24.3</ele>
            </trkpt>
            <trkpt lat="-37.5825096" lon="-73.6419889">
                <ele>24.3</ele>
            </trkpt>
            <trkpt lat="-37.5825266" lon="-73.6420038">
                <ele>23.8</ele>
            </trkpt>
            <trkpt lat="-37.5827497" lon="-73.6421326">
                <ele>18.5</ele>
            </trkpt>
            <trkpt lat="-37.5834682" lon="-73.6424598">
                <ele>12.5</ele>
            </trkpt>
            <trkpt lat="-37.5851474" lon="-73.6433744">
                <ele>5.8</ele>
            </trkpt>
            <trkpt lat="-37.5858849" lon="-73.6437607">
                <ele>3.2</ele>
            </trkpt>
            <trkpt lat="-37.5862569" lon="-73.6439082">
                <ele>3</ele>
            </trkpt>
            <trkpt lat="-37.586412" lon="-73.6439592">
                <ele>3.2</ele>
            </trkpt>
            <trkpt lat="-37.5866395" lon="-73.643986">
                <ele>3.8</ele>
            </trkpt>
            <trkpt lat="-37.5869476" lon="-73.6440155">
                <ele>5</ele>
            </trkpt>
            <trkpt lat="-37.5870454" lon="-73.6440396">
                <ele>5.5</ele>
            </trkpt>
            <trkpt lat="-37.5871283" lon="-73.6440745">
                <ele>6</ele>
            </trkpt>
            <trkpt lat="-37.5871857" lon="-73.6441121">
                <ele>6.2</ele>
            </trkpt>
            <trkpt lat="-37.5872707" lon="-73.644163">
                <ele>6.5</ele>
            </trkpt>
            <trkpt lat="-37.5874025" lon="-73.6442676">
                <ele>6.4</ele>
            </trkpt>
            <trkpt lat="-37.58858" lon="-73.6455041">
                <ele>5</ele>
            </trkpt>
            <trkpt lat="-37.5890348" lon="-73.6459118">
                <ele>3.8</ele>
            </trkpt>
            <trkpt lat="-37.5896384" lon="-73.6464509">
                <ele>2.5</ele>
            </trkpt>
            <trkpt lat="-37.5896469" lon="-73.6464617">
                <ele>2.5</ele>
            </trkpt>
            <trkpt lat="-37.5918722" lon="-73.6484519">
                <ele>1.5</ele>
            </trkpt>
            <trkpt lat="-37.5924056" lon="-73.6489776">
                <ele>1.4</ele>
            </trkpt>
            <trkpt lat="-37.5929582" lon="-73.6495864">
                <ele>1.2</ele>
            </trkpt>
            <trkpt lat="-37.5942525" lon="-73.6510777">
                <ele>4.2</ele>
            </trkpt>
            <trkpt lat="-37.5947222" lon="-73.6517295">
                <ele>4</ele>
            </trkpt>
            <trkpt lat="-37.5949751" lon="-73.652097">
                <ele>3.8</ele>
            </trkpt>
            <trkpt lat="-37.5957763" lon="-73.6533549">
                <ele>4</ele>
            </trkpt>
            <trkpt lat="-37.5965371" lon="-73.6546156">
                <ele>5.8</ele>
            </trkpt>
            <trkpt lat="-37.5966051" lon="-73.6547256">
                <ele>6.2</ele>
            </trkpt>
            <trkpt lat="-37.5966774" lon="-73.6548194">
                <ele>6.8</ele>
            </trkpt>
            <trkpt lat="-37.5967347" lon="-73.6548811">
                <ele>7.2</ele>
            </trkpt>
            <trkpt lat="-37.5967921" lon="-73.6549133">
                <ele>7.8</ele>
            </trkpt>
            <trkpt lat="-37.5968495" lon="-73.6549374">
                <ele>8</ele>
            </trkpt>
            <trkpt lat="-37.5969175" lon="-73.6549535">
                <ele>8</ele>
            </trkpt>
            <trkpt lat="-37.5969898" lon="-73.6549589">
                <ele>8</ele>
            </trkpt>
            <trkpt lat="-37.5980476" lon="-73.6548694">
                <ele>8</ele>
            </trkpt>
            <trkpt lat="-37.5980476" lon="-73.6548694">
                <ele>8</ele>
            </trkpt>
            <trkpt lat="-37.5980672" lon="-73.6548677">
                <ele>8</ele>
            </trkpt>
            <trkpt lat="-37.5981395" lon="-73.655203">
                <ele>8.4</ele>
            </trkpt>
            <trkpt lat="-37.5981544" lon="-73.6552674">
                <ele>8.5</ele>
            </trkpt>
            <trkpt lat="-37.598182" lon="-73.6553237">
                <ele>8.6</ele>
            </trkpt>
            <trkpt lat="-37.598199" lon="-73.6553451">
                <ele>8.6</ele>
            </trkpt>
            <trkpt lat="-37.5982181" lon="-73.6553612">
                <ele>8.7</ele>
            </trkpt>
            <trkpt lat="-37.5982627" lon="-73.6553827">
                <ele>8.8</ele>
            </trkpt>
            <trkpt lat="-37.6002242" lon="-73.6553022">
                <ele>4.6</ele>
            </trkpt>
            <trkpt lat="-37.6006195" lon="-73.65527">
                <ele>3.8</ele>
            </trkpt>
            <trkpt lat="-37.6008702" lon="-73.6554229">
                <ele>3</ele>
            </trkpt>
            <trkpt lat="-37.6009956" lon="-73.6554149">
                <ele>2.8</ele>
            </trkpt>
            <trkpt lat="-37.602022" lon="-73.6537278">
                <ele>6.8</ele>
            </trkpt>
            <trkpt lat="-37.6023131" lon="-73.6535186">
                <ele>7</ele>
            </trkpt>
            <trkpt lat="-37.6025023" lon="-73.6533415">
                <ele>7.5</ele>
            </trkpt>
            <trkpt lat="-37.6029358" lon="-73.6526468">
                <ele>6.5</ele>
            </trkpt>
            <trkpt lat="-37.6031376" lon="-73.6523008">
                <ele>6</ele>
            </trkpt>
            <trkpt lat="-37.6033544" lon="-73.6518717">
                <ele>5.5</ele>
            </trkpt>
            <trkpt lat="-37.603586" lon="-73.6514211">
                <ele>5</ele>
            </trkpt>
            <trkpt lat="-37.6038665" lon="-73.6506942">
                <ele>4.5</ele>
            </trkpt>
            <trkpt lat="-37.604045" lon="-73.650206">
                <ele>4.2</ele>
            </trkpt>
            <trkpt lat="-37.6041555" lon="-73.6496642">
                <ele>5.5</ele>
            </trkpt>
            <trkpt lat="-37.6042001" lon="-73.649337">
                <ele>5.8</ele>
            </trkpt>
            <trkpt lat="-37.6042384" lon="-73.6490098">
                <ele>6.2</ele>
            </trkpt>
            <trkpt lat="-37.6043361" lon="-73.6486611">
                <ele>7</ele>
            </trkpt>
            <trkpt lat="-37.6043574" lon="-73.6485672">
                <ele>7.1</ele>
            </trkpt>
            <trkpt lat="-37.6043595" lon="-73.6485136">
                <ele>7.1</ele>
            </trkpt>
            <trkpt lat="-37.6043616" lon="-73.6484545">
                <ele>7.2</ele>
            </trkpt>
            <trkpt lat="-37.6043489" lon="-73.6484089">
                <ele>7.2</ele>
            </trkpt>
            <trkpt lat="-37.604334" lon="-73.6483821">
                <ele>7.2</ele>
            </trkpt>
            <trkpt lat="-37.6043085" lon="-73.6483365">
                <ele>7.4</ele>
            </trkpt>
            <trkpt lat="-37.6042979" lon="-73.6483097">
                <ele>7.4</ele>
            </trkpt>
            <trkpt lat="-37.6042894" lon="-73.6482641">
                <ele>7.5</ele>
            </trkpt>
            <trkpt lat="-37.604283" lon="-73.6481971">
                <ele>7.8</ele>
            </trkpt>
            <trkpt lat="-37.6042851" lon="-73.64802">
                <ele>8.2</ele>
            </trkpt>
            <trkpt lat="-37.604283" lon="-73.6479557">
                <ele>8.5</ele>
            </trkpt>
            <trkpt lat="-37.604266" lon="-73.6478645">
                <ele>9</ele>
            </trkpt>
            <trkpt lat="-37.6042405" lon="-73.6477894">
                <ele>9.2</ele>
            </trkpt>
            <trkpt lat="-37.6042001" lon="-73.6476982">
                <ele>9.3</ele>
            </trkpt>
            <trkpt lat="-37.6041619" lon="-73.6476204">
                <ele>9.4</ele>
            </trkpt>
            <trkpt lat="-37.6041258" lon="-73.647556">
                <ele>9.4</ele>
            </trkpt>
            <trkpt lat="-37.6040875" lon="-73.6475024">
                <ele>9.4</ele>
            </trkpt>
            <trkpt lat="-37.6040811" lon="-73.6474755">
                <ele>9.5</ele>
            </trkpt>
            <trkpt lat="-37.6040811" lon="-73.6474487">
                <ele>9.5</ele>
            </trkpt>
            <trkpt lat="-37.6040875" lon="-73.6474299">
                <ele>9.5</ele>
            </trkpt>
            <trkpt lat="-37.6040981" lon="-73.6474112">
                <ele>9.5</ele>
            </trkpt>
            <trkpt lat="-37.6044309" lon="-73.6470155">
                <ele>9</ele>
            </trkpt>
            <trkpt lat="-37.6044309" lon="-73.6470155">
                <ele>9</ele>
            </trkpt>
            <trkpt lat="-37.6044636" lon="-73.6469766">
                <ele>8.2</ele>
            </trkpt>
            <trkpt lat="-37.6048227" lon="-73.6474514">
                <ele>8.2</ele>
            </trkpt>
            <trkpt lat="-37.6060552" lon="-73.649058">
                <ele>4</ele>
            </trkpt>
            <trkpt lat="-37.6061806" lon="-73.6492378">
                <ele>5.2</ele>
            </trkpt>
            <trkpt lat="-37.6062507" lon="-73.6493343">
                <ele>5.8</ele>
            </trkpt>
            <trkpt lat="-37.6064101" lon="-73.6495596">
                <ele>7.2</ele>
            </trkpt>
            <trkpt lat="-37.6066672" lon="-73.649919">
                <ele>8</ele>
            </trkpt>
            <trkpt lat="-37.6072791" lon="-73.6507773">
                <ele>9</ele>
            </trkpt>
            <trkpt lat="-37.6072005" lon="-73.6508337">
                <ele>9</ele>
            </trkpt>
            <trkpt lat="-37.607107" lon="-73.6511099">
                <ele>8</ele>
            </trkpt>
            <trkpt lat="-37.6070412" lon="-73.6513004">
                <ele>8.1</ele>
            </trkpt>
            <trkpt lat="-37.6067458" lon="-73.6521614">
                <ele>8.5</ele>
            </trkpt>
            <trkpt lat="-37.6065397" lon="-73.6527649">
                <ele>8.8</ele>
            </trkpt>
            <trkpt lat="-37.6063506" lon="-73.6533174">
                <ele>9.8</ele>
            </trkpt>
            <trkpt lat="-37.6059575" lon="-73.6544654">
                <ele>9.4</ele>
            </trkpt>
            <trkpt lat="-37.6055601" lon="-73.6556268">
                <ele>9</ele>
            </trkpt>
            <trkpt lat="-37.6053455" lon="-73.6562544">
                <ele>8.2</ele>
            </trkpt>
            <trkpt lat="-37.6051351" lon="-73.6568686">
                <ele>8</ele>
            </trkpt>
            <trkpt lat="-37.6053455" lon="-73.6569786">
                <ele>8.5</ele>
            </trkpt>
            <trkpt lat="-37.6057258" lon="-73.6571825">
                <ele>9</ele>
            </trkpt>
            <trkpt lat="-37.6060594" lon="-73.6573595">
                <ele>9.5</ele>
            </trkpt>
            <trkpt lat="-37.6064823" lon="-73.6575848">
                <ele>10.2</ele>
            </trkpt>
            <trkpt lat="-37.6065057" lon="-73.6575955">
                <ele>10.2</ele>
            </trkpt>
            <trkpt lat="-37.606631" lon="-73.6576626">
                <ele>10.2</ele>
            </trkpt>
            <trkpt lat="-37.6069668" lon="-73.6578423">
                <ele>10</ele>
            </trkpt>
            <trkpt lat="-37.6072664" lon="-73.6580005">
                <ele>10.2</ele>
            </trkpt>
            <trkpt lat="-37.6072983" lon="-73.6580166">
                <ele>10.3</ele>
            </trkpt>
            <trkpt lat="-37.6073429" lon="-73.6580408">
                <ele>10.3</ele>
            </trkpt>
            <trkpt lat="-37.6074534" lon="-73.6580998">
                <ele>10.4</ele>
            </trkpt>
            <trkpt lat="-37.6075617" lon="-73.6581561">
                <ele>10.5</ele>
            </trkpt>
            <trkpt lat="-37.607906" lon="-73.6583385">
                <ele>10.8</ele>
            </trkpt>
            <trkpt lat="-37.6086837" lon="-73.6587515">
                <ele>11.5</ele>
            </trkpt>
            <trkpt lat="-37.6088069" lon="-73.6588186">
                <ele>12.2</ele>
            </trkpt>
            <trkpt lat="-37.6095017" lon="-73.6591887">
                <ele>13.5</ele>
            </trkpt>
            <trkpt lat="-37.6097142" lon="-73.6593014">
                <ele>14</ele>
            </trkpt>
            <trkpt lat="-37.6096908" lon="-73.6593711">
                <ele>14</ele>
            </trkpt>
            <trkpt lat="-37.609523" lon="-73.6598727">
                <ele>14.5</ele>
            </trkpt>
            <trkpt lat="-37.609251" lon="-73.6607015">
                <ele>14.2</ele>
            </trkpt>
            <trkpt lat="-37.6092021" lon="-73.6608544">
                <ele>14.5</ele>
            </trkpt>
            <trkpt lat="-37.6085583" lon="-73.662689">
                <ele>28.2</ele>
            </trkpt>
            <trkpt lat="-37.6083352" lon="-73.663314">
                <ele>36</ele>
            </trkpt>
            <trkpt lat="-37.6082545" lon="-73.6635527">
                <ele>37.8</ele>
            </trkpt>
            <trkpt lat="-37.6081801" lon="-73.663829">
                <ele>39.8</ele>
            </trkpt>
            <trkpt lat="-37.6081355" lon="-73.6640114">
                <ele>41.5</ele>
            </trkpt>
            <trkpt lat="-37.6081036" lon="-73.6641803">
                <ele>42.8</ele>
            </trkpt>
            <trkpt lat="-37.6080632" lon="-73.6644137">
                <ele>44</ele>
            </trkpt>
            <trkpt lat="-37.6080505" lon="-73.6645612">
                <ele>44.2</ele>
            </trkpt>
            <trkpt lat="-37.608042" lon="-73.6647087">
                <ele>46</ele>
            </trkpt>
            <trkpt lat="-37.6080398" lon="-73.6648563">
                <ele>47.5</ele>
            </trkpt>
            <trkpt lat="-37.608042" lon="-73.6649984">
                <ele>48.8</ele>
            </trkpt>
            <trkpt lat="-37.6080483" lon="-73.6651406">
                <ele>49.8</ele>
            </trkpt>
            <trkpt lat="-37.6080717" lon="-73.6653149">
                <ele>50.8</ele>
            </trkpt>
            <trkpt lat="-37.6080951" lon="-73.6654517">
                <ele>51.8</ele>
            </trkpt>
            <trkpt lat="-37.6081206" lon="-73.6655858">
                <ele>52.5</ele>
            </trkpt>
            <trkpt lat="-37.6081716" lon="-73.6657736">
                <ele>53.2</ele>
            </trkpt>
            <trkpt lat="-37.6082247" lon="-73.6659586">
                <ele>54.5</ele>
            </trkpt>
            <trkpt lat="-37.6082757" lon="-73.6661196">
                <ele>56</ele>
            </trkpt>
            <trkpt lat="-37.6083288" lon="-73.6662751">
                <ele>57.8</ele>
            </trkpt>
            <trkpt lat="-37.6083841" lon="-73.6664119">
                <ele>59</ele>
            </trkpt>
            <trkpt lat="-37.6084436" lon="-73.6665487">
                <ele>60.2</ele>
            </trkpt>
            <trkpt lat="-37.6085073" lon="-73.6666802">
                <ele>61.5</ele>
            </trkpt>
            <trkpt lat="-37.6085753" lon="-73.6668062">
                <ele>62.8</ele>
            </trkpt>
            <trkpt lat="-37.6086475" lon="-73.6669296">
                <ele>63.8</ele>
            </trkpt>
            <trkpt lat="-37.608724" lon="-73.6670503">
                <ele>64.5</ele>
            </trkpt>
            <trkpt lat="-37.6088218" lon="-73.6671844">
                <ele>65.5</ele>
            </trkpt>
            <trkpt lat="-37.6089217" lon="-73.6673105">
                <ele>66.5</ele>
            </trkpt>
            <trkpt lat="-37.6090279" lon="-73.6674339">
                <ele>67.5</ele>
            </trkpt>
            <trkpt lat="-37.6091384" lon="-73.6675519">
                <ele>68</ele>
            </trkpt>
            <trkpt lat="-37.6092531" lon="-73.6676565">
                <ele>68.8</ele>
            </trkpt>
            <trkpt lat="-37.6093721" lon="-73.6677665">
                <ele>70</ele>
            </trkpt>
            <trkpt lat="-37.6097312" lon="-73.668083">
                <ele>74</ele>
            </trkpt>
            <trkpt lat="-37.6100159" lon="-73.6683404">
                <ele>78</ele>
            </trkpt>
            <trkpt lat="-37.6101094" lon="-73.6684102">
                <ele>79</ele>
            </trkpt>
            <trkpt lat="-37.610188" lon="-73.6684611">
                <ele>80</ele>
            </trkpt>
            <trkpt lat="-37.610307" lon="-73.6685282">
                <ele>81.5</ele>
            </trkpt>
            <trkpt lat="-37.6105238" lon="-73.6686301">
                <ele>83.8</ele>
            </trkpt>
            <trkpt lat="-37.6107915" lon="-73.6687025">
                <ele>86.8</ele>
            </trkpt>
            <trkpt lat="-37.6110061" lon="-73.6687186">
                <ele>89.5</ele>
            </trkpt>
            <trkpt lat="-37.6112717" lon="-73.6686945">
                <ele>91.5</ele>
            </trkpt>
            <trkpt lat="-37.6114608" lon="-73.6686435">
                <ele>92.5</ele>
            </trkpt>
            <trkpt lat="-37.6116414" lon="-73.6685792">
                <ele>93.2</ele>
            </trkpt>
            <trkpt lat="-37.6120153" lon="-73.6684021">
                <ele>93.5</ele>
            </trkpt>
            <trkpt lat="-37.6126761" lon="-73.6681098">
                <ele>94.2</ele>
            </trkpt>
            <trkpt lat="-37.6130671" lon="-73.6679837">
                <ele>96</ele>
            </trkpt>
            <trkpt lat="-37.6134262" lon="-73.6679354">
                <ele>96.6</ele>
            </trkpt>
            <trkpt lat="-37.6137852" lon="-73.6679301">
                <ele>97.2</ele>
            </trkpt>
            <trkpt lat="-37.6143483" lon="-73.667981">
                <ele>99.2</ele>
            </trkpt>
            <trkpt lat="-37.6146266" lon="-73.6680239">
                <ele>100.8</ele>
            </trkpt>
            <trkpt lat="-37.6147477" lon="-73.66804">
                <ele>101.2</ele>
            </trkpt>
            <trkpt lat="-37.6148879" lon="-73.6680427">
                <ele>101.8</ele>
            </trkpt>
            <trkpt lat="-37.6150409" lon="-73.6680266">
                <ele>102.5</ele>
            </trkpt>
            <trkpt lat="-37.6152109" lon="-73.6679944">
                <ele>103.5</ele>
            </trkpt>
            <trkpt lat="-37.615383" lon="-73.6679381">
                <ele>104</ele>
            </trkpt>
            <trkpt lat="-37.6155126" lon="-73.6678818">
                <ele>104.2</ele>
            </trkpt>
            <trkpt lat="-37.6156741" lon="-73.6677879">
                <ele>104.4</ele>
            </trkpt>
            <trkpt lat="-37.6158185" lon="-73.6676806">
                <ele>104.5</ele>
            </trkpt>
            <trkpt lat="-37.6159248" lon="-73.6675894">
                <ele>104.8</ele>
            </trkpt>
            <trkpt lat="-37.6160289" lon="-73.6674741">
                <ele>105.2</ele>
            </trkpt>
            <trkpt lat="-37.6161394" lon="-73.6673427">
                <ele>106</ele>
            </trkpt>
            <trkpt lat="-37.6162286" lon="-73.6672059">
                <ele>106.8</ele>
            </trkpt>
            <trkpt lat="-37.6164304" lon="-73.666876">
                <ele>107.8</ele>
            </trkpt>
            <trkpt lat="-37.6167109" lon="-73.6663958">
                <ele>108.2</ele>
            </trkpt>
            <trkpt lat="-37.6176882" lon="-73.6647704">
                <ele>112.2</ele>
            </trkpt>
            <trkpt lat="-37.6191775" lon="-73.6621553">
                <ele>117</ele>
            </trkpt>
            <trkpt lat="-37.619579" lon="-73.6614767">
                <ele>116</ele>
            </trkpt>
            <trkpt lat="-37.6196683" lon="-73.6613533">
                <ele>116.5</ele>
            </trkpt>
            <trkpt lat="-37.6197872" lon="-73.6612085">
                <ele>117</ele>
            </trkpt>
            <trkpt lat="-37.6199147" lon="-73.6610743">
                <ele>118.2</ele>
            </trkpt>
            <trkpt lat="-37.6200379" lon="-73.6609536">
                <ele>118.8</ele>
            </trkpt>
            <trkpt lat="-37.6201038" lon="-73.6608973">
                <ele>119</ele>
            </trkpt>
            <trkpt lat="-37.6201697" lon="-73.6608437">
                <ele>119.2</ele>
            </trkpt>
            <trkpt lat="-37.6202674" lon="-73.6607713">
                <ele>120</ele>
            </trkpt>
            <trkpt lat="-37.6203694" lon="-73.6607069">
                <ele>121</ele>
            </trkpt>
            <trkpt lat="-37.6204735" lon="-73.6606506">
                <ele>122.2</ele>
            </trkpt>
            <trkpt lat="-37.6205882" lon="-73.6605969">
                <ele>123.5</ele>
            </trkpt>
            <trkpt lat="-37.6207029" lon="-73.6605513">
                <ele>124.8</ele>
            </trkpt>
            <trkpt lat="-37.6208219" lon="-73.6605111">
                <ele>126</ele>
            </trkpt>
            <trkpt lat="-37.6209642" lon="-73.6604735">
                <ele>127.8</ele>
            </trkpt>
            <trkpt lat="-37.6211087" lon="-73.660444">
                <ele>129.8</ele>
            </trkpt>
            <trkpt lat="-37.6212319" lon="-73.6604387">
                <ele>131.5</ele>
            </trkpt>
            <trkpt lat="-37.6213551" lon="-73.6604387">
                <ele>133.2</ele>
            </trkpt>
            <trkpt lat="-37.6214847" lon="-73.6604413">
                <ele>134.8</ele>
            </trkpt>
            <trkpt lat="-37.6216122" lon="-73.6604548">
                <ele>136</ele>
            </trkpt>
            <trkpt lat="-37.6219755" lon="-73.6605003">
                <ele>138.8</ele>
            </trkpt>
            <trkpt lat="-37.6224067" lon="-73.6605486">
                <ele>141.2</ele>
            </trkpt>
            <trkpt lat="-37.6226213" lon="-73.6605486">
                <ele>142.8</ele>
            </trkpt>
            <trkpt lat="-37.6227509" lon="-73.6605379">
                <ele>143.8</ele>
            </trkpt>
            <trkpt lat="-37.6228699" lon="-73.6605191">
                <ele>144.8</ele>
            </trkpt>
            <trkpt lat="-37.6229846" lon="-73.6605057">
                <ele>145.5</ele>
            </trkpt>
            <trkpt lat="-37.6231609" lon="-73.6604494">
                <ele>146.5</ele>
            </trkpt>
            <trkpt lat="-37.6233372" lon="-73.6603931">
                <ele>147.8</ele>
            </trkpt>
            <trkpt lat="-37.6249135" lon="-73.6594677">
                <ele>157</ele>
            </trkpt>
            <trkpt lat="-37.625194" lon="-73.6593014">
                <ele>159</ele>
            </trkpt>
            <trkpt lat="-37.6253235" lon="-73.6592022">
                <ele>159.5</ele>
            </trkpt>
            <trkpt lat="-37.6254425" lon="-73.6590949">
                <ele>159.8</ele>
            </trkpt>
            <trkpt lat="-37.6256549" lon="-73.6588481">
                <ele>160.8</ele>
            </trkpt>
            <trkpt lat="-37.6258376" lon="-73.6585504">
                <ele>161.3</ele>
            </trkpt>
            <trkpt lat="-37.6259502" lon="-73.6582795">
                <ele>161.8</ele>
            </trkpt>
            <trkpt lat="-37.6260225" lon="-73.6580327">
                <ele>162.1</ele>
            </trkpt>
            <trkpt lat="-37.6260734" lon="-73.657794">
                <ele>162.5</ele>
            </trkpt>
            <trkpt lat="-37.6262349" lon="-73.6566272">
                <ele>167.2</ele>
            </trkpt>
            <trkpt lat="-37.6263071" lon="-73.6562786">
                <ele>171</ele>
            </trkpt>
            <trkpt lat="-37.6264176" lon="-73.6559138">
                <ele>174</ele>
            </trkpt>
            <trkpt lat="-37.6265408" lon="-73.6556241">
                <ele>176.5</ele>
            </trkpt>
            <trkpt lat="-37.6265875" lon="-73.6555329">
                <ele>177.2</ele>
            </trkpt>
            <trkpt lat="-37.6268085" lon="-73.6551547">
                <ele>180.5</ele>
            </trkpt>
            <trkpt lat="-37.627809" lon="-73.6538351">
                <ele>191.2</ele>
            </trkpt>
            <trkpt lat="-37.628544" lon="-73.6528936">
                <ele>196.2</ele>
            </trkpt>
            <trkpt lat="-37.6288669" lon="-73.6524805">
                <ele>196.5</ele>
            </trkpt>
            <trkpt lat="-37.630254" lon="-73.6507156">
                <ele>197.2</ele>
            </trkpt>
            <trkpt lat="-37.6310952" lon="-73.6495489">
                <ele>200.2</ele>
            </trkpt>
            <trkpt lat="-37.6318217" lon="-73.6484143">
                <ele>198.2</ele>
            </trkpt>
            <trkpt lat="-37.632546" lon="-73.6473119">
                <ele>197</ele>
            </trkpt>
            <trkpt lat="-37.6335104" lon="-73.6460915">
                <ele>189.5</ele>
            </trkpt>
            <trkpt lat="-37.6342475" lon="-73.6452091">
                <ele>186.8</ele>
            </trkpt>
            <trkpt lat="-37.6346829" lon="-73.6446565">
                <ele>186.5</ele>
            </trkpt>
            <trkpt lat="-37.6376863" lon="-73.6409819">
                <ele>182.8</ele>
            </trkpt>
            <trkpt lat="-37.6395554" lon="-73.6387289">
                <ele>176.5</ele>
            </trkpt>
            <trkpt lat="-37.6397126" lon="-73.6385626">
                <ele>177.2</ele>
            </trkpt>
            <trkpt lat="-37.6398974" lon="-73.6384204">
                <ele>177.8</ele>
            </trkpt>
            <trkpt lat="-37.6401565" lon="-73.6382461">
                <ele>178.5</ele>
            </trkpt>
            <trkpt lat="-37.6413119" lon="-73.6374816">
                <ele>175.5</ele>
            </trkpt>
            <trkpt lat="-37.6426903" lon="-73.6365831">
                <ele>176.5</ele>
            </trkpt>
            <trkpt lat="-37.6432977" lon="-73.63617">
                <ele>177</ele>
            </trkpt>
            <trkpt lat="-37.6435526" lon="-73.6359394">
                <ele>176.2</ele>
            </trkpt>
            <trkpt lat="-37.6437395" lon="-73.6356899">
                <ele>176.8</ele>
            </trkpt>
            <trkpt lat="-37.6438733" lon="-73.6354619">
                <ele>177</ele>
            </trkpt>
            <trkpt lat="-37.6439731" lon="-73.6352447">
                <ele>176.8</ele>
            </trkpt>
            <trkpt lat="-37.6440453" lon="-73.6350033">
                <ele>178</ele>
            </trkpt>
            <trkpt lat="-37.6441154" lon="-73.6346868">
                <ele>178.8</ele>
            </trkpt>
            <trkpt lat="-37.6441982" lon="-73.6331365">
                <ele>178.2</ele>
            </trkpt>
            <trkpt lat="-37.6442428" lon="-73.6324713">
                <ele>178</ele>
            </trkpt>
            <trkpt lat="-37.6442768" lon="-73.6320877">
                <ele>176.8</ele>
            </trkpt>
            <trkpt lat="-37.6443129" lon="-73.631511">
                <ele>174.5</ele>
            </trkpt>
            <trkpt lat="-37.6443384" lon="-73.6310336">
                <ele>174.2</ele>
            </trkpt>
            <trkpt lat="-37.6443681" lon="-73.6306608">
                <ele>174</ele>
            </trkpt>
            <trkpt lat="-37.6443894" lon="-73.6304408">
                <ele>174.2</ele>
            </trkpt>
            <trkpt lat="-37.644417" lon="-73.6302289">
                <ele>175</ele>
            </trkpt>
            <trkpt lat="-37.6444595" lon="-73.6300036">
                <ele>175.8</ele>
            </trkpt>
            <trkpt lat="-37.6445189" lon="-73.6297274">
                <ele>176.5</ele>
            </trkpt>
            <trkpt lat="-37.6445805" lon="-73.6295101">
                <ele>177</ele>
            </trkpt>
            <trkpt lat="-37.6446803" lon="-73.6292043">
                <ele>177.8</ele>
            </trkpt>
            <trkpt lat="-37.6447887" lon="-73.6289254">
                <ele>178.8</ele>
            </trkpt>
            <trkpt lat="-37.6449416" lon="-73.6286089">
                <ele>180</ele>
            </trkpt>
            <trkpt lat="-37.6452113" lon="-73.6280671">
                <ele>180.4</ele>
            </trkpt>
            <trkpt lat="-37.6456403" lon="-73.6272115">
                <ele>181</ele>
            </trkpt>
            <trkpt lat="-37.6466937" lon="-73.625114">
                <ele>182.2</ele>
            </trkpt>
            <trkpt lat="-37.6473159" lon="-73.6238936">
                <ele>183.2</ele>
            </trkpt>
            <trkpt lat="-37.6476451" lon="-73.6232311">
                <ele>182.8</ele>
            </trkpt>
            <trkpt lat="-37.6477534" lon="-73.6229897">
                <ele>182.5</ele>
            </trkpt>
            <trkpt lat="-37.6478426" lon="-73.6227617">
                <ele>181.8</ele>
            </trkpt>
            <trkpt lat="-37.6479191" lon="-73.6225337">
                <ele>181.6</ele>
            </trkpt>
            <trkpt lat="-37.6479807" lon="-73.6223084">
                <ele>181.5</ele>
            </trkpt>
            <trkpt lat="-37.6480507" lon="-73.6220348">
                <ele>181.6</ele>
            </trkpt>
            <trkpt lat="-37.6481038" lon="-73.6217532">
                <ele>181.8</ele>
            </trkpt>
            <trkpt lat="-37.6481399" lon="-73.621501">
                <ele>181</ele>
            </trkpt>
            <trkpt lat="-37.6481654" lon="-73.6212596">
                <ele>180</ele>
            </trkpt>
            <trkpt lat="-37.6481824" lon="-73.6210182">
                <ele>179.2</ele>
            </trkpt>
            <trkpt lat="-37.6481867" lon="-73.6208493">
                <ele>178.5</ele>
            </trkpt>
            <trkpt lat="-37.6483098" lon="-73.6159891">
                <ele>188.5</ele>
            </trkpt>
            <trkpt lat="-37.6484266" lon="-73.6108392">
                <ele>184.8</ele>
            </trkpt>
            <trkpt lat="-37.6486008" lon="-73.6033157">
                <ele>195.8</ele>
            </trkpt>
            <trkpt lat="-37.6486029" lon="-73.6031976">
                <ele>196.8</ele>
            </trkpt>
            <trkpt lat="-37.6486326" lon="-73.601658">
                <ele>204.8</ele>
            </trkpt>
            <trkpt lat="-37.6486454" lon="-73.6009955">
                <ele>209</ele>
            </trkpt>
            <trkpt lat="-37.6486518" lon="-73.6005905">
                <ele>210.2</ele>
            </trkpt>
            <trkpt lat="-37.6486624" lon="-73.6002392">
                <ele>210.6</ele>
            </trkpt>
            <trkpt lat="-37.6486751" lon="-73.599928">
                <ele>211</ele>
            </trkpt>
            <trkpt lat="-37.6486942" lon="-73.5996303">
                <ele>212</ele>
            </trkpt>
            <trkpt lat="-37.6487346" lon="-73.599185">
                <ele>212.5</ele>
            </trkpt>
            <trkpt lat="-37.6487686" lon="-73.5988176">
                <ele>212.2</ele>
            </trkpt>
            <trkpt lat="-37.6489746" lon="-73.5970715">
                <ele>209.8</ele>
            </trkpt>
            <trkpt lat="-37.6494991" lon="-73.5925707">
                <ele>210.5</ele>
            </trkpt>
            <trkpt lat="-37.6495288" lon="-73.5922864">
                <ele>209.5</ele>
            </trkpt>
            <trkpt lat="-37.6495522" lon="-73.5920906">
                <ele>209</ele>
            </trkpt>
            <trkpt lat="-37.6495692" lon="-73.5918492">
                <ele>208.8</ele>
            </trkpt>
            <trkpt lat="-37.6495819" lon="-73.5915542">
                <ele>208.2</ele>
            </trkpt>
            <trkpt lat="-37.6495883" lon="-73.5913289">
                <ele>207.8</ele>
            </trkpt>
            <trkpt lat="-37.6495925" lon="-73.5911089">
                <ele>207.5</ele>
            </trkpt>
            <trkpt lat="-37.6495883" lon="-73.590889">
                <ele>207</ele>
            </trkpt>
            <trkpt lat="-37.6495182" lon="-73.5891455">
                <ele>206.2</ele>
            </trkpt>
            <trkpt lat="-37.6494991" lon="-73.588424">
                <ele>207.8</ele>
            </trkpt>
            <trkpt lat="-37.649463" lon="-73.586635">
                <ele>208.5</ele>
            </trkpt>
            <trkpt lat="-37.649429" lon="-73.5852161">
                <ele>208.2</ele>
            </trkpt>
            <trkpt lat="-37.6493292" lon="-73.5816085">
                <ele>207.6</ele>
            </trkpt>
            <trkpt lat="-37.6493143" lon="-73.5812786">
                <ele>207.5</ele>
            </trkpt>
            <trkpt lat="-37.6493143" lon="-73.5810131">
                <ele>207.4</ele>
            </trkpt>
            <trkpt lat="-37.6493207" lon="-73.5807475">
                <ele>207.4</ele>
            </trkpt>
            <trkpt lat="-37.6493313" lon="-73.5804954">
                <ele>207.3</ele>
            </trkpt>
            <trkpt lat="-37.6493462" lon="-73.5802406">
                <ele>207.3</ele>
            </trkpt>
            <trkpt lat="-37.6493674" lon="-73.5799885">
                <ele>207.2</ele>
            </trkpt>
            <trkpt lat="-37.6494248" lon="-73.579511">
                <ele>206.6</ele>
            </trkpt>
            <trkpt lat="-37.6494715" lon="-73.5791275">
                <ele>206</ele>
            </trkpt>
            <trkpt lat="-37.6495522" lon="-73.578591">
                <ele>204.8</ele>
            </trkpt>
            <trkpt lat="-37.6497646" lon="-73.5771909">
                <ele>201.5</ele>
            </trkpt>
            <trkpt lat="-37.6504038" lon="-73.5729021">
                <ele>202.2</ele>
            </trkpt>
            <trkpt lat="-37.6507117" lon="-73.5708421">
                <ele>200.2</ele>
            </trkpt>
            <trkpt lat="-37.6520666" lon="-73.5617039">
                <ele>199.2</ele>
            </trkpt>
            <trkpt lat="-37.6522152" lon="-73.560639">
                <ele>201.8</ele>
            </trkpt>
            <trkpt lat="-37.652366" lon="-73.5596278">
                <ele>202.5</ele>
            </trkpt>
            <trkpt lat="-37.6530413" lon="-73.5551056">
                <ele>195.7</ele>
            </trkpt>
            <trkpt lat="-37.6530817" lon="-73.5548401">
                <ele>195.2</ele>
            </trkpt>
            <trkpt lat="-37.6531156" lon="-73.5546336">
                <ele>195</ele>
            </trkpt>
            <trkpt lat="-37.6531496" lon="-73.5544431">
                <ele>195.2</ele>
            </trkpt>
            <trkpt lat="-37.6531963" lon="-73.5542473">
                <ele>195.4</ele>
            </trkpt>
            <trkpt lat="-37.6532367" lon="-73.5540971">
                <ele>195.5</ele>
            </trkpt>
            <trkpt lat="-37.6532834" lon="-73.5539496">
                <ele>195.8</ele>
            </trkpt>
            <trkpt lat="-37.653345" lon="-73.5537833">
                <ele>196</ele>
            </trkpt>
            <trkpt lat="-37.6534129" lon="-73.5536224">
                <ele>196.2</ele>
            </trkpt>
            <trkpt lat="-37.6534894" lon="-73.5534641">
                <ele>196.3</ele>
            </trkpt>
            <trkpt lat="-37.6535658" lon="-73.5533273">
                <ele>196.4</ele>
            </trkpt>
            <trkpt lat="-37.6536465" lon="-73.5531959">
                <ele>196.4</ele>
            </trkpt>
            <trkpt lat="-37.6537336" lon="-73.5530671">
                <ele>196.5</ele>
            </trkpt>
            <trkpt lat="-37.6538228" lon="-73.5529464">
                <ele>196.5</ele>
            </trkpt>
            <trkpt lat="-37.6539417" lon="-73.5528016">
                <ele>197.2</ele>
            </trkpt>
            <trkpt lat="-37.6540649" lon="-73.5526675">
                <ele>197.3</ele>
            </trkpt>
            <trkpt lat="-37.654188" lon="-73.5525468">
                <ele>197.4</ele>
            </trkpt>
            <trkpt lat="-37.6543176" lon="-73.5524368">
                <ele>197.4</ele>
            </trkpt>
            <trkpt lat="-37.6544513" lon="-73.5523349">
                <ele>197.5</ele>
            </trkpt>
            <trkpt lat="-37.6545894" lon="-73.5522437">
                <ele>197.5</ele>
            </trkpt>
            <trkpt lat="-37.6547104" lon="-73.5521767">
                <ele>197.8</ele>
            </trkpt>
            <trkpt lat="-37.6548336" lon="-73.552115">
                <ele>198.2</ele>
            </trkpt>
            <trkpt lat="-37.654961" lon="-73.5520613">
                <ele>198.4</ele>
            </trkpt>
            <trkpt lat="-37.6550905" lon="-73.5520157">
                <ele>198.6</ele>
            </trkpt>
            <trkpt lat="-37.6552201" lon="-73.5519809">
                <ele>198.8</ele>
            </trkpt>
            <trkpt lat="-37.6563094" lon="-73.5516724">
                <ele>198</ele>
            </trkpt>
            <trkpt lat="-37.6566768" lon="-73.5515678">
                <ele>197.8</ele>
            </trkpt>
            <trkpt lat="-37.6599214" lon="-73.5506585">
                <ele>206.2</ele>
            </trkpt>
            <trkpt lat="-37.6621466" lon="-73.550047">
                <ele>202.2</ele>
            </trkpt>
            <trkpt lat="-37.6626074" lon="-73.5499156">
                <ele>201.4</ele>
            </trkpt>
            <trkpt lat="-37.662773" lon="-73.5498619">
                <ele>201</ele>
            </trkpt>
            <trkpt lat="-37.6629344" lon="-73.5498029">
                <ele>200.8</ele>
            </trkpt>
            <trkpt lat="-37.6630957" lon="-73.5497358">
                <ele>200.6</ele>
            </trkpt>
            <trkpt lat="-37.663255" lon="-73.5496607">
                <ele>200.5</ele>
            </trkpt>
            <trkpt lat="-37.6634185" lon="-73.5495722">
                <ele>200.8</ele>
            </trkpt>
            <trkpt lat="-37.6635989" lon="-73.5494649">
                <ele>200.5</ele>
            </trkpt>
            <trkpt lat="-37.6637731" lon="-73.5493469">
                <ele>199.8</ele>
            </trkpt>
            <trkpt lat="-37.6639429" lon="-73.5492182">
                <ele>199.5</ele>
            </trkpt>
            <trkpt lat="-37.6662296" lon="-73.5473862">
                <ele>200</ele>
            </trkpt>
            <trkpt lat="-37.6664504" lon="-73.5472092">
                <ele>202</ele>
            </trkpt>
            <trkpt lat="-37.6669579" lon="-73.5467988">
                <ele>203.5</ele>
            </trkpt>
            <trkpt lat="-37.6670471" lon="-73.5467264">
                <ele>203.2</ele>
            </trkpt>
            <trkpt lat="-37.6675333" lon="-73.5463536">
                <ele>202.5</ele>
            </trkpt>
            <trkpt lat="-37.6678326" lon="-73.5460693">
                <ele>202.2</ele>
            </trkpt>
            <trkpt lat="-37.668064" lon="-73.5457715">
                <ele>202</ele>
            </trkpt>
            <trkpt lat="-37.6682594" lon="-73.5454577">
                <ele>202.2</ele>
            </trkpt>
            <trkpt lat="-37.6683825" lon="-73.5451278">
                <ele>202.5</ele>
            </trkpt>
            <trkpt lat="-37.6684844" lon="-73.5447899">
                <ele>204.8</ele>
            </trkpt>
            <trkpt lat="-37.6686054" lon="-73.5441595">
                <ele>206.5</ele>
            </trkpt>
            <trkpt lat="-37.6688772" lon="-73.5419253">
                <ele>205.8</ele>
            </trkpt>
            <trkpt lat="-37.6689643" lon="-73.5412654">
                <ele>204.8</ele>
            </trkpt>
            <trkpt lat="-37.6690959" lon="-73.5402676">
                <ele>204.5</ele>
            </trkpt>
            <trkpt lat="-37.6691681" lon="-73.5397741">
                <ele>203.8</ele>
            </trkpt>
            <trkpt lat="-37.6692148" lon="-73.5394764">
                <ele>202.5</ele>
            </trkpt>
            <trkpt lat="-37.66927" lon="-73.539184">
                <ele>201.8</ele>
            </trkpt>
            <trkpt lat="-37.6693337" lon="-73.5388649">
                <ele>201.2</ele>
            </trkpt>
            <trkpt lat="-37.6694059" lon="-73.5385349">
                <ele>201.2</ele>
            </trkpt>
            <trkpt lat="-37.6694674" lon="-73.5382774">
                <ele>201.1</ele>
            </trkpt>
            <trkpt lat="-37.6695354" lon="-73.5380226">
                <ele>201</ele>
            </trkpt>
            <trkpt lat="-37.6696076" lon="-73.5377678">
                <ele>200.2</ele>
            </trkpt>
            <trkpt lat="-37.6701765" lon="-73.5356998">
                <ele>196</ele>
            </trkpt>
            <trkpt lat="-37.6710746" lon="-73.5323685">
                <ele>200</ele>
            </trkpt>
            <trkpt lat="-37.6716266" lon="-73.530322">
                <ele>202.5</ele>
            </trkpt>
            <trkpt lat="-37.6717412" lon="-73.5299116">
                <ele>203</ele>
            </trkpt>
            <trkpt lat="-37.6721382" lon="-73.5285249">
                <ele>200</ele>
            </trkpt>
            <trkpt lat="-37.6722147" lon="-73.5280931">
                <ele>199.5</ele>
            </trkpt>
            <trkpt lat="-37.6722274" lon="-73.5277203">
                <ele>198</ele>
            </trkpt>
            <trkpt lat="-37.6722041" lon="-73.5273769">
                <ele>197.8</ele>
            </trkpt>
            <trkpt lat="-37.6721382" lon="-73.5270014">
                <ele>197.2</ele>
            </trkpt>
            <trkpt lat="-37.6720491" lon="-73.526642">
                <ele>196.2</ele>
            </trkpt>
            <trkpt lat="-37.6716096" lon="-73.5254806">
                <ele>194.5</ele>
            </trkpt>
            <trkpt lat="-37.6705821" lon="-73.5223103">
                <ele>189.5</ele>
            </trkpt>
            <trkpt lat="-37.6703337" lon="-73.5216933">
                <ele>187.5</ele>
            </trkpt>
            <trkpt lat="-37.6699812" lon="-73.520937">
                <ele>184.8</ele>
            </trkpt>
            <trkpt lat="-37.6656776" lon="-73.5135341">
                <ele>190</ele>
            </trkpt>
            <trkpt lat="-37.6607006" lon="-73.5047686">
                <ele>189</ele>
            </trkpt>
            <trkpt lat="-37.6585688" lon="-73.5010403">
                <ele>176.2</ele>
            </trkpt>
            <trkpt lat="-37.6567511" lon="-73.4978887">
                <ele>173</ele>
            </trkpt>
            <trkpt lat="-37.6551139" lon="-73.4950268">
                <ele>167.5</ele>
            </trkpt>
            <trkpt lat="-37.6523745" lon="-73.4902337">
                <ele>175.2</ele>
            </trkpt>
            <trkpt lat="-37.6506523" lon="-73.4872565">
                <ele>180.5</ele>
            </trkpt>
            <trkpt lat="-37.6502127" lon="-73.4864813">
                <ele>177.5</ele>
            </trkpt>
            <trkpt lat="-37.6501426" lon="-73.4863579">
                <ele>177</ele>
            </trkpt>
            <trkpt lat="-37.6500661" lon="-73.4862345">
                <ele>176.8</ele>
            </trkpt>
            <trkpt lat="-37.6499876" lon="-73.4861192">
                <ele>176.5</ele>
            </trkpt>
            <trkpt lat="-37.6499026" lon="-73.4860066">
                <ele>176.8</ele>
            </trkpt>
            <trkpt lat="-37.6498134" lon="-73.485902">
                <ele>177.2</ele>
            </trkpt>
            <trkpt lat="-37.6497178" lon="-73.4857973">
                <ele>177.8</ele>
            </trkpt>
            <trkpt lat="-37.649618" lon="-73.4857008">
                <ele>177.9</ele>
            </trkpt>
            <trkpt lat="-37.649514" lon="-73.4856123">
                <ele>178</ele>
            </trkpt>
            <trkpt lat="-37.6494057" lon="-73.4855291">
                <ele>178.2</ele>
            </trkpt>
            <trkpt lat="-37.6492931" lon="-73.4854513">
                <ele>179</ele>
            </trkpt>
            <trkpt lat="-37.6491253" lon="-73.4853467">
                <ele>179.5</ele>
            </trkpt>
            <trkpt lat="-37.6489533" lon="-73.4852502">
                <ele>179</ele>
            </trkpt>
            <trkpt lat="-37.6487877" lon="-73.4851643">
                <ele>178.8</ele>
            </trkpt>
            <trkpt lat="-37.6486199" lon="-73.4850892">
                <ele>178.5</ele>
            </trkpt>
            <trkpt lat="-37.6484479" lon="-73.4850195">
                <ele>178.4</ele>
            </trkpt>
            <trkpt lat="-37.6482759" lon="-73.4849578">
                <ele>178.2</ele>
            </trkpt>
            <trkpt lat="-37.6460969" lon="-73.4841424">
                <ele>179.8</ele>
            </trkpt>
            <trkpt lat="-37.6422146" lon="-73.4826913">
                <ele>178.8</ele>
            </trkpt>
            <trkpt lat="-37.6390478" lon="-73.4814817">
                <ele>174.5</ele>
            </trkpt>
            <trkpt lat="-37.6357577" lon="-73.4802693">
                <ele>172</ele>
            </trkpt>
            <trkpt lat="-37.6355814" lon="-73.4801996">
                <ele>173.5</ele>
            </trkpt>
            <trkpt lat="-37.6354093" lon="-73.4801218">
                <ele>174.8</ele>
            </trkpt>
            <trkpt lat="-37.6352734" lon="-73.4800521">
                <ele>175.8</ele>
            </trkpt>
            <trkpt lat="-37.6351417" lon="-73.479977">
                <ele>176.5</ele>
            </trkpt>
            <trkpt lat="-37.63501" lon="-73.4798938">
                <ele>176.8</ele>
            </trkpt>
            <trkpt lat="-37.6348932" lon="-73.4798026">
                <ele>177</ele>
            </trkpt>
            <trkpt lat="-37.6347785" lon="-73.479706">
                <ele>176.5</ele>
            </trkpt>
            <trkpt lat="-37.6346786" lon="-73.4796122">
                <ele>176.4</ele>
            </trkpt>
            <trkpt lat="-37.6345831" lon="-73.4795129">
                <ele>176.2</ele>
            </trkpt>
            <trkpt lat="-37.6344917" lon="-73.4794056">
                <ele>176.5</ele>
            </trkpt>
            <trkpt lat="-37.6340032" lon="-73.4788719">
                <ele>176.1</ele>
            </trkpt>
            <trkpt lat="-37.6327691" lon="-73.4775335">
                <ele>175.2</ele>
            </trkpt>
            <trkpt lat="-37.6320065" lon="-73.4766752">
                <ele>175.8</ele>
            </trkpt>
            <trkpt lat="-37.6318642" lon="-73.4765223">
                <ele>175.6</ele>
            </trkpt>
            <trkpt lat="-37.6317261" lon="-73.476364">
                <ele>175.4</ele>
            </trkpt>
            <trkpt lat="-37.6315923" lon="-73.4762004">
                <ele>175.2</ele>
            </trkpt>
            <trkpt lat="-37.6314627" lon="-73.4760314">
                <ele>174.8</ele>
            </trkpt>
            <trkpt lat="-37.6313437" lon="-73.4758651">
                <ele>174.2</ele>
            </trkpt>
            <trkpt lat="-37.631229" lon="-73.4756935">
                <ele>173.8</ele>
            </trkpt>
            <trkpt lat="-37.6311186" lon="-73.4755191">
                <ele>173.2</ele>
            </trkpt>
            <trkpt lat="-37.6309826" lon="-73.4752938">
                <ele>173.2</ele>
            </trkpt>
            <trkpt lat="-37.6308573" lon="-73.4750605">
                <ele>173.1</ele>
            </trkpt>
            <trkpt lat="-37.6307362" lon="-73.4748217">
                <ele>173.1</ele>
            </trkpt>
            <trkpt lat="-37.6305259" lon="-73.4743685">
                <ele>173</ele>
            </trkpt>
            <trkpt lat="-37.6302965" lon="-73.4738857">
                <ele>174.2</ele>
            </trkpt>
            <trkpt lat="-37.6300735" lon="-73.4734002">
                <ele>174.8</ele>
            </trkpt>
            <trkpt lat="-37.6298589" lon="-73.4729093">
                <ele>173.2</ele>
            </trkpt>
            <trkpt lat="-37.6296529" lon="-73.4724131">
                <ele>172.5</ele>
            </trkpt>
            <trkpt lat="-37.6295105" lon="-73.472051">
                <ele>173</ele>
            </trkpt>
            <trkpt lat="-37.6293725" lon="-73.4716889">
                <ele>173.3</ele>
            </trkpt>
            <trkpt lat="-37.6292811" lon="-73.4714395">
                <ele>173.5</ele>
            </trkpt>
            <trkpt lat="-37.629194" lon="-73.47119">
                <ele>173.8</ele>
            </trkpt>
            <trkpt lat="-37.6291154" lon="-73.4709325">
                <ele>174.2</ele>
            </trkpt>
            <trkpt lat="-37.6290581" lon="-73.4707394">
                <ele>174.1</ele>
            </trkpt>
            <trkpt lat="-37.6290071" lon="-73.4705409">
                <ele>174</ele>
            </trkpt>
            <trkpt lat="-37.628544" lon="-73.4685051">
                <ele>170.2</ele>
            </trkpt>
            <trkpt lat="-37.6284484" lon="-73.4679928">
                <ele>170.5</ele>
            </trkpt>
            <trkpt lat="-37.6283549" lon="-73.4674993">
                <ele>170.8</ele>
            </trkpt>
            <trkpt lat="-37.6279917" lon="-73.4659705">
                <ele>170</ele>
            </trkpt>
            <trkpt lat="-37.6277835" lon="-73.4649941">
                <ele>171.1</ele>
            </trkpt>
            <trkpt lat="-37.6277601" lon="-73.4648466">
                <ele>171.2</ele>
            </trkpt>
            <trkpt lat="-37.6277453" lon="-73.4647232">
                <ele>171.8</ele>
            </trkpt>
            <trkpt lat="-37.627741" lon="-73.4645998">
                <ele>172.2</ele>
            </trkpt>
            <trkpt lat="-37.6277453" lon="-73.4644201">
                <ele>172.5</ele>
            </trkpt>
            <trkpt lat="-37.6277729" lon="-73.4636047">
                <ele>172</ele>
            </trkpt>
            <trkpt lat="-37.6278069" lon="-73.4629369">
                <ele>171.8</ele>
            </trkpt>
            <trkpt lat="-37.6278069" lon="-73.4628162">
                <ele>172</ele>
            </trkpt>
            <trkpt lat="-37.6278026" lon="-73.4621832">
                <ele>173</ele>
            </trkpt>
            <trkpt lat="-37.6277304" lon="-73.4608957">
                <ele>173</ele>
            </trkpt>
            <trkpt lat="-37.6276709" lon="-73.4594956">
                <ele>172</ele>
            </trkpt>
            <trkpt lat="-37.6276136" lon="-73.4581491">
                <ele>172</ele>
            </trkpt>
            <trkpt lat="-37.6276391" lon="-73.4573552">
                <ele>172</ele>
            </trkpt>
            <trkpt lat="-37.6276497" lon="-73.4568375">
                <ele>172</ele>
            </trkpt>
            <trkpt lat="-37.6276584" lon="-73.456435">
                <ele>172</ele>
            </trkpt>
            <trkpt lat="-37.627818" lon="-73.4564406">
                <ele>172</ele>
            </trkpt>
            <trkpt lat="-37.627818" lon="-73.4564406">
                <ele>172</ele>
            </trkpt>
            <trkpt lat="-37.6276584" lon="-73.456435">
                <ele>172</ele>
            </trkpt>
            <trkpt lat="-37.6276667" lon="-73.4560651">
                <ele>172</ele>
            </trkpt>
            <trkpt lat="-37.6277134" lon="-73.4538361">
                <ele>171</ele>
            </trkpt>
            <trkpt lat="-37.6277474" lon="-73.4527928">
                <ele>169.5</ele>
            </trkpt>
            <trkpt lat="-37.6277474" lon="-73.4523019">
                <ele>168.8</ele>
            </trkpt>
            <trkpt lat="-37.6277665" lon="-73.451516">
                <ele>168.4</ele>
            </trkpt>
            <trkpt lat="-37.6277453" lon="-73.4508187">
                <ele>168</ele>
            </trkpt>
            <trkpt lat="-37.6277283" lon="-73.4505558">
                <ele>167.8</ele>
            </trkpt>
            <trkpt lat="-37.6274627" lon="-73.4468651">
                <ele>161</ele>
            </trkpt>
            <trkpt lat="-37.62721" lon="-73.4426245">
                <ele>147.5</ele>
            </trkpt>
            <trkpt lat="-37.6270443" lon="-73.4399799">
                <ele>151.5</ele>
            </trkpt>
            <trkpt lat="-37.6269508" lon="-73.4385261">
                <ele>154.5</ele>
            </trkpt>
            <trkpt lat="-37.6268255" lon="-73.4364876">
                <ele>156</ele>
            </trkpt>
            <trkpt lat="-37.6267915" lon="-73.4359699">
                <ele>155.8</ele>
            </trkpt>
            <trkpt lat="-37.626766" lon="-73.4356588">
                <ele>155.5</ele>
            </trkpt>
            <trkpt lat="-37.6267447" lon="-73.4353316">
                <ele>155.2</ele>
            </trkpt>
            <trkpt lat="-37.6266683" lon="-73.4346074">
                <ele>154.8</ele>
            </trkpt>
            <trkpt lat="-37.6260522" lon="-73.4300289">
                <ele>154.2</ele>
            </trkpt>
            <trkpt lat="-37.6259715" lon="-73.4295917">
                <ele>154</ele>
            </trkpt>
            <trkpt lat="-37.6258674" lon="-73.4291518">
                <ele>154.1</ele>
            </trkpt>
            <trkpt lat="-37.6257697" lon="-73.4287763">
                <ele>154.2</ele>
            </trkpt>
            <trkpt lat="-37.6253936" lon="-73.4274164">
                <ele>154.8</ele>
            </trkpt>
            <trkpt lat="-37.625315" lon="-73.4271294">
                <ele>154.9</ele>
            </trkpt>
            <trkpt lat="-37.6252216" lon="-73.4267271">
                <ele>155.1</ele>
            </trkpt>
            <trkpt lat="-37.6251536" lon="-73.4262094">
                <ele>155.2</ele>
            </trkpt>
            <trkpt lat="-37.6247627" lon="-73.4218347">
                <ele>161.8</ele>
            </trkpt>
            <trkpt lat="-37.6245885" lon="-73.4199625">
                <ele>157</ele>
            </trkpt>
            <trkpt lat="-37.6245163" lon="-73.4194234">
                <ele>157.5</ele>
            </trkpt>
            <trkpt lat="-37.6244462" lon="-73.419064">
                <ele>157.7</ele>
            </trkpt>
            <trkpt lat="-37.6243251" lon="-73.4186912">
                <ele>158</ele>
            </trkpt>
            <trkpt lat="-37.6241488" lon="-73.4184015">
                <ele>158.2</ele>
            </trkpt>
            <trkpt lat="-37.6240468" lon="-73.4182486">
                <ele>158.2</ele>
            </trkpt>
            <trkpt lat="-37.6239257" lon="-73.4181118">
                <ele>158.5</ele>
            </trkpt>
            <trkpt lat="-37.6236941" lon="-73.4178597">
                <ele>159.5</ele>
            </trkpt>
            <trkpt lat="-37.6234541" lon="-73.4176451">
                <ele>159.8</ele>
            </trkpt>
            <trkpt lat="-37.6218098" lon="-73.4162799">
                <ele>161</ele>
            </trkpt>
            <trkpt lat="-37.6216929" lon="-73.4161779">
                <ele>161</ele>
            </trkpt>
            <trkpt lat="-37.6216271" lon="-73.4160975">
                <ele>160.2</ele>
            </trkpt>
            <trkpt lat="-37.6214125" lon="-73.4159178">
                <ele>159.9</ele>
            </trkpt>
            <trkpt lat="-37.6213296" lon="-73.4158695">
                <ele>159.8</ele>
            </trkpt>
            <trkpt lat="-37.6212532" lon="-73.4158158">
                <ele>160</ele>
            </trkpt>
            <trkpt lat="-37.6211236" lon="-73.4156013">
                <ele>160.5</ele>
            </trkpt>
            <trkpt lat="-37.6211044" lon="-73.4155691">
                <ele>160.7</ele>
            </trkpt>
            <trkpt lat="-37.6210641" lon="-73.415502">
                <ele>161</ele>
            </trkpt>
            <trkpt lat="-37.6210747" lon="-73.4154189">
                <ele>161</ele>
            </trkpt>
            <trkpt lat="-37.6210704" lon="-73.4153116">
                <ele>161</ele>
            </trkpt>
            <trkpt lat="-37.6210577" lon="-73.4152445">
                <ele>161</ele>
            </trkpt>
            <trkpt lat="-37.6210428" lon="-73.4151936">
                <ele>161</ele>
            </trkpt>
            <trkpt lat="-37.6210577" lon="-73.4150273">
                <ele>160.9</ele>
            </trkpt>
            <trkpt lat="-37.6210619" lon="-73.4149817">
                <ele>160.9</ele>
            </trkpt>
            <trkpt lat="-37.6210896" lon="-73.4148878">
                <ele>160.8</ele>
            </trkpt>
            <trkpt lat="-37.6211214" lon="-73.4148073">
                <ele>160.8</ele>
            </trkpt>
            <trkpt lat="-37.6211448" lon="-73.4147564">
                <ele>160</ele>
            </trkpt>
            <trkpt lat="-37.621268" lon="-73.4145606">
                <ele>159</ele>
            </trkpt>
            <trkpt lat="-37.62137" lon="-73.4145015">
                <ele>158.8</ele>
            </trkpt>
            <trkpt lat="-37.6215187" lon="-73.414405">
                <ele>158.5</ele>
            </trkpt>
            <trkpt lat="-37.6218586" lon="-73.414169">
                <ele>157</ele>
            </trkpt>
            <trkpt lat="-37.622224" lon="-73.4139141">
                <ele>156</ele>
            </trkpt>
            <trkpt lat="-37.6235051" lon="-73.413029">
                <ele>144.8</ele>
            </trkpt>
            <trkpt lat="-37.6249879" lon="-73.4120205">
                <ele>146.8</ele>
            </trkpt>
            <trkpt lat="-37.6251345" lon="-73.411932">
                <ele>148.2</ele>
            </trkpt>
            <trkpt lat="-37.626579" lon="-73.4109905">
                <ele>158.5</ele>
            </trkpt>
            <trkpt lat="-37.6272333" lon="-73.4105775">
                <ele>158.2</ele>
            </trkpt>
            <trkpt lat="-37.6279662" lon="-73.4101054">
                <ele>157</ele>
            </trkpt>
            <trkpt lat="-37.6285185" lon="-73.4097058">
                <ele>157.1</ele>
            </trkpt>
            <trkpt lat="-37.6286375" lon="-73.4096065">
                <ele>157.1</ele>
            </trkpt>
            <trkpt lat="-37.6287288" lon="-73.4095046">
                <ele>157.1</ele>
            </trkpt>
            <trkpt lat="-37.6289455" lon="-73.4092122">
                <ele>157.2</ele>
            </trkpt>
            <trkpt lat="-37.6291006" lon="-73.408995">
                <ele>157.2</ele>
            </trkpt>
            <trkpt lat="-37.629228" lon="-73.4088448">
                <ele>157.2</ele>
            </trkpt>
            <trkpt lat="-37.6293597" lon="-73.4086972">
                <ele>157.2</ele>
            </trkpt>
            <trkpt lat="-37.6294723" lon="-73.4085846">
                <ele>157.2</ele>
            </trkpt>
            <trkpt lat="-37.6295849" lon="-73.4084746">
                <ele>157.8</ele>
            </trkpt>
            <trkpt lat="-37.6297038" lon="-73.4083673">
                <ele>158.2</ele>
            </trkpt>
            <trkpt lat="-37.6305196" lon="-73.4077612">
                <ele>157.8</ele>
            </trkpt>
            <trkpt lat="-37.6307681" lon="-73.4075734">
                <ele>156.2</ele>
            </trkpt>
            <trkpt lat="-37.6308998" lon="-73.4074742">
                <ele>156</ele>
            </trkpt>
            <trkpt lat="-37.6310272" lon="-73.4073669">
                <ele>155.5</ele>
            </trkpt>
            <trkpt lat="-37.6311483" lon="-73.4072515">
                <ele>155.2</ele>
            </trkpt>
            <trkpt lat="-37.6312651" lon="-73.4071308">
                <ele>155.1</ele>
            </trkpt>
            <trkpt lat="-37.6313459" lon="-73.4070316">
                <ele>154.9</ele>
            </trkpt>
            <trkpt lat="-37.6314223" lon="-73.4069243">
                <ele>154.8</ele>
            </trkpt>
            <trkpt lat="-37.6314924" lon="-73.4068143">
                <ele>154.2</ele>
            </trkpt>
            <trkpt lat="-37.6315455" lon="-73.4067178">
                <ele>154</ele>
            </trkpt>
            <trkpt lat="-37.6315965" lon="-73.4066185">
                <ele>153.1</ele>
            </trkpt>
            <trkpt lat="-37.6316411" lon="-73.4065139">
                <ele>152.3</ele>
            </trkpt>
            <trkpt lat="-37.6321552" lon="-73.4051192">
                <ele>141</ele>
            </trkpt>
            <trkpt lat="-37.6323697" lon="-73.4045908">
                <ele>135</ele>
            </trkpt>
            <trkpt lat="-37.6326501" lon="-73.4040168">
                <ele>127.8</ele>
            </trkpt>
            <trkpt lat="-37.6349633" lon="-73.3999345">
                <ele>154</ele>
            </trkpt>
            <trkpt lat="-37.6350525" lon="-73.3997682">
                <ele>155</ele>
            </trkpt>
            <trkpt lat="-37.6351375" lon="-73.3996019">
                <ele>155.5</ele>
            </trkpt>
            <trkpt lat="-37.6352309" lon="-73.3994007">
                <ele>156.2</ele>
            </trkpt>
            <trkpt lat="-37.635318" lon="-73.3991969">
                <ele>157</ele>
            </trkpt>
            <trkpt lat="-37.6353732" lon="-73.3990386">
                <ele>157.2</ele>
            </trkpt>
            <trkpt lat="-37.6354242" lon="-73.3988804">
                <ele>157.5</ele>
            </trkpt>
            <trkpt lat="-37.6354667" lon="-73.3987194">
                <ele>158</ele>
            </trkpt>
            <trkpt lat="-37.6355028" lon="-73.3985612">
                <ele>158.2</ele>
            </trkpt>
            <trkpt lat="-37.6355325" lon="-73.3984029">
                <ele>158.5</ele>
            </trkpt>
            <trkpt lat="-37.6355559" lon="-73.398242">
                <ele>158.8</ele>
            </trkpt>
            <trkpt lat="-37.6355729" lon="-73.3980784">
                <ele>159</ele>
            </trkpt>
            <trkpt lat="-37.6356706" lon="-73.3968017">
                <ele>158</ele>
            </trkpt>
            <trkpt lat="-37.6359149" lon="-73.393642">
                <ele>156</ele>
            </trkpt>
            <trkpt lat="-37.6359255" lon="-73.3934918">
                <ele>156.5</ele>
            </trkpt>
            <trkpt lat="-37.6359446" lon="-73.3933389">
                <ele>157</ele>
            </trkpt>
            <trkpt lat="-37.635968" lon="-73.3931887">
                <ele>157.5</ele>
            </trkpt>
            <trkpt lat="-37.6359935" lon="-73.3930546">
                <ele>158</ele>
            </trkpt>
            <trkpt lat="-37.6360232" lon="-73.3929178">
                <ele>158.5</ele>
            </trkpt>
            <trkpt lat="-37.6360593" lon="-73.3927837">
                <ele>158.8</ele>
            </trkpt>
            <trkpt lat="-37.6361124" lon="-73.3926255">
                <ele>158.7</ele>
            </trkpt>
            <trkpt lat="-37.636174" lon="-73.3924699">
                <ele>158.6</ele>
            </trkpt>
            <trkpt lat="-37.6362441" lon="-73.3923224">
                <ele>158.6</ele>
            </trkpt>
            <trkpt lat="-37.6363184" lon="-73.3921829">
                <ele>158.5</ele>
            </trkpt>
            <trkpt lat="-37.6363991" lon="-73.3920488">
                <ele>158.5</ele>
            </trkpt>
            <trkpt lat="-37.6364884" lon="-73.3919254">
                <ele>158.2</ele>
            </trkpt>
            <trkpt lat="-37.6365818" lon="-73.3918074">
                <ele>157.8</ele>
            </trkpt>
            <trkpt lat="-37.6366731" lon="-73.3917081">
                <ele>157.2</ele>
            </trkpt>
            <trkpt lat="-37.6367645" lon="-73.3916196">
                <ele>156.5</ele>
            </trkpt>
            <trkpt lat="-37.6368622" lon="-73.3915338">
                <ele>155.8</ele>
            </trkpt>
            <trkpt lat="-37.636962" lon="-73.391456">
                <ele>155.5</ele>
            </trkpt>
            <trkpt lat="-37.6370725" lon="-73.3913836">
                <ele>155.6</ele>
            </trkpt>
            <trkpt lat="-37.6371829" lon="-73.3913165">
                <ele>155.7</ele>
            </trkpt>
            <trkpt lat="-37.6372976" lon="-73.3912602">
                <ele>155.8</ele>
            </trkpt>
            <trkpt lat="-37.6374166" lon="-73.3912092">
                <ele>156.2</ele>
            </trkpt>
            <trkpt lat="-37.6385699" lon="-73.3907452">
                <ele>161.2</ele>
            </trkpt>
            <trkpt lat="-37.6387441" lon="-73.3906674">
                <ele>162.2</ele>
            </trkpt>
            <trkpt lat="-37.6389225" lon="-73.3905977">
                <ele>162.5</ele>
            </trkpt>
            <trkpt lat="-37.6391009" lon="-73.3905333">
                <ele>162.2</ele>
            </trkpt>
            <trkpt lat="-37.6392602" lon="-73.3904877">
                <ele>163</ele>
            </trkpt>
            <trkpt lat="-37.6394174" lon="-73.3904448">
                <ele>164</ele>
            </trkpt>
            <trkpt lat="-37.6395788" lon="-73.3904099">
                <ele>164.8</ele>
            </trkpt>
            <trkpt lat="-37.6397487" lon="-73.3903804">
                <ele>166</ele>
            </trkpt>
            <trkpt lat="-37.6399207" lon="-73.3903563">
                <ele>167.5</ele>
            </trkpt>
            <trkpt lat="-37.6400928" lon="-73.3903402">
                <ele>169</ele>
            </trkpt>
            <trkpt lat="-37.6402648" lon="-73.3903322">
                <ele>170.2</ele>
            </trkpt>
            <trkpt lat="-37.6404347" lon="-73.3903295">
                <ele>171.5</ele>
            </trkpt>
            <trkpt lat="-37.6406025" lon="-73.3903375">
                <ele>172.2</ele>
            </trkpt>
            <trkpt lat="-37.6407703" lon="-73.3903509">
                <ele>172.8</ele>
            </trkpt>
            <trkpt lat="-37.6409381" lon="-73.3903697">
                <ele>173.2</ele>
            </trkpt>
            <trkpt lat="-37.6418769" lon="-73.3905655">
                <ele>175.2</ele>
            </trkpt>
            <trkpt lat="-37.6419342" lon="-73.3905762">
                <ele>175.5</ele>
            </trkpt>
            <trkpt lat="-37.6427349" lon="-73.3907184">
                <ele>178.2</ele>
            </trkpt>
            <trkpt lat="-37.6431491" lon="-73.3907667">
                <ele>178.5</ele>
            </trkpt>
            <trkpt lat="-37.643748" lon="-73.3907399">
                <ele>176.8</ele>
            </trkpt>
            <trkpt lat="-37.6439859" lon="-73.3907157">
                <ele>176</ele>
            </trkpt>
            <trkpt lat="-37.6441812" lon="-73.3906782">
                <ele>175.2</ele>
            </trkpt>
            <trkpt lat="-37.6443342" lon="-73.3906379">
                <ele>174.8</ele>
            </trkpt>
            <trkpt lat="-37.645944" lon="-73.390123">
                <ele>173.2</ele>
            </trkpt>
            <trkpt lat="-37.6465195" lon="-73.3899406">
                <ele>173.5</ele>
            </trkpt>
            <trkpt lat="-37.6467086" lon="-73.3898896">
                <ele>174</ele>
            </trkpt>
            <trkpt lat="-37.6470165" lon="-73.3898172">
                <ele>175</ele>
            </trkpt>
            <trkpt lat="-37.6473244" lon="-73.3898038">
                <ele>176.2</ele>
            </trkpt>
            <trkpt lat="-37.6476536" lon="-73.389836">
                <ele>177.2</ele>
            </trkpt>
            <trkpt lat="-37.647849" lon="-73.3898681">
                <ele>177.8</ele>
            </trkpt>
            <trkpt lat="-37.6480507" lon="-73.3899245">
                <ele>178</ele>
            </trkpt>
            <trkpt lat="-37.6484012" lon="-73.3900747">
                <ele>177.2</ele>
            </trkpt>
            <trkpt lat="-37.6487579" lon="-73.3902839">
                <ele>174.5</ele>
            </trkpt>
            <trkpt lat="-37.6489979" lon="-73.390426">
                <ele>172.8</ele>
            </trkpt>
            <trkpt lat="-37.6522959" lon="-73.3924484">
                <ele>164</ele>
            </trkpt>
            <trkpt lat="-37.6526145" lon="-73.3925799">
                <ele>163.5</ele>
            </trkpt>
            <trkpt lat="-37.6528013" lon="-73.3926389">
                <ele>163.2</ele>
            </trkpt>
            <trkpt lat="-37.6529903" lon="-73.3926791">
                <ele>162.5</ele>
            </trkpt>
            <trkpt lat="-37.65326" lon="-73.3927166">
                <ele>162</ele>
            </trkpt>
            <trkpt lat="-37.6536423" lon="-73.3927032">
                <ele>161.3</ele>
            </trkpt>
            <trkpt lat="-37.6540988" lon="-73.3925959">
                <ele>160.5</ele>
            </trkpt>
            <trkpt lat="-37.6543749" lon="-73.3924967">
                <ele>160.4</ele>
            </trkpt>
            <trkpt lat="-37.6547295" lon="-73.3923009">
                <ele>160.2</ele>
            </trkpt>
            <trkpt lat="-37.6563583" lon="-73.391456">
                <ele>163.5</ele>
            </trkpt>
            <trkpt lat="-37.656732" lon="-73.3912951">
                <ele>164</ele>
            </trkpt>
            <trkpt lat="-37.6569019" lon="-73.3912307">
                <ele>164.2</ele>
            </trkpt>
            <trkpt lat="-37.6570696" lon="-73.3911851">
                <ele>164.5</ele>
            </trkpt>
            <trkpt lat="-37.6571673" lon="-73.3911583">
                <ele>164.4</ele>
            </trkpt>
            <trkpt lat="-37.6572756" lon="-73.3911288">
                <ele>164.2</ele>
            </trkpt>
            <trkpt lat="-37.6574094" lon="-73.3910993">
                <ele>164</ele>
            </trkpt>
            <trkpt lat="-37.6575368" lon="-73.3910751">
                <ele>164.1</ele>
            </trkpt>
            <trkpt lat="-37.6577746" lon="-73.3910537">
                <ele>164.2</ele>
            </trkpt>
            <trkpt lat="-37.6581547" lon="-73.3910456">
                <ele>164.5</ele>
            </trkpt>
            <trkpt lat="-37.6586792" lon="-73.3910778">
                <ele>164.7</ele>
            </trkpt>
            <trkpt lat="-37.6591442" lon="-73.3911073">
                <ele>165</ele>
            </trkpt>
            <trkpt lat="-37.6605329" lon="-73.391161">
                <ele>162</ele>
            </trkpt>
            <trkpt lat="-37.6608726" lon="-73.3911717">
                <ele>161.5</ele>
            </trkpt>
            <trkpt lat="-37.6618961" lon="-73.3912012">
                <ele>160</ele>
            </trkpt>
            <trkpt lat="-37.6619789" lon="-73.3912066">
                <ele>159.5</ele>
            </trkpt>
            <trkpt lat="-37.6620022" lon="-73.3912092">
                <ele>159.2</ele>
            </trkpt>
            <trkpt lat="-37.6637115" lon="-73.3913165">
                <ele>153</ele>
            </trkpt>
            <trkpt lat="-37.6639535" lon="-73.3913246">
                <ele>152.2</ele>
            </trkpt>
            <trkpt lat="-37.6641468" lon="-73.3913273">
                <ele>152</ele>
            </trkpt>
            <trkpt lat="-37.6642614" lon="-73.3913299">
                <ele>151.8</ele>
            </trkpt>
            <trkpt lat="-37.6645884" lon="-73.3913246">
                <ele>151</ele>
            </trkpt>
            <trkpt lat="-37.664909" lon="-73.391287">
                <ele>150</ele>
            </trkpt>
            <trkpt lat="-37.6652211" lon="-73.3912414">
                <ele>148.5</ele>
            </trkpt>
            <trkpt lat="-37.6657455" lon="-73.3911154">
                <ele>146.8</ele>
            </trkpt>
            <trkpt lat="-37.6666309" lon="-73.3908874">
                <ele>145</ele>
            </trkpt>
            <trkpt lat="-37.6677477" lon="-73.3906192">
                <ele>143.2</ele>
            </trkpt>
            <trkpt lat="-37.66827" lon="-73.390469">
                <ele>144.8</ele>
            </trkpt>
            <trkpt lat="-37.6689218" lon="-73.3902463">
                <ele>146.8</ele>
            </trkpt>
            <trkpt lat="-37.669253" lon="-73.3900747">
                <ele>147.2</ele>
            </trkpt>
            <trkpt lat="-37.6693358" lon="-73.3900318">
                <ele>147.2</ele>
            </trkpt>
            <trkpt lat="-37.6706288" lon="-73.3893612">
                <ele>146</ele>
            </trkpt>
            <trkpt lat="-37.6709408" lon="-73.3891922">
                <ele>144.8</ele>
            </trkpt>
            <trkpt lat="-37.6711171" lon="-73.3890957">
                <ele>144</ele>
            </trkpt>
            <trkpt lat="-37.6713499" lon="-73.3889693">
                <ele>142.1</ele>
            </trkpt>
            <trkpt lat="-37.6713499" lon="-73.3889693">
                <ele>142.1</ele>
            </trkpt>
            <trkpt lat="-37.6713591" lon="-73.3889642">
                <ele>142</ele>
            </trkpt>
            <trkpt lat="-37.671444" lon="-73.3890072">
                <ele>141.5</ele>
            </trkpt>
            <trkpt lat="-37.6715204" lon="-73.3890662">
                <ele>141.2</ele>
            </trkpt>
            <trkpt lat="-37.671582" lon="-73.3891305">
                <ele>141</ele>
            </trkpt>
            <trkpt lat="-37.6716393" lon="-73.3892271">
                <ele>141</ele>
            </trkpt>
            <trkpt lat="-37.6716413" lon="-73.3892422">
                <ele>141</ele>
            </trkpt>
            <trkpt lat="-37.6716413" lon="-73.3892422">
                <ele>141</ele>
            </trkpt>
            <trkpt lat="-37.6716818" lon="-73.3895302">
                <ele>140.8</ele>
            </trkpt>
            <trkpt lat="-37.671737" lon="-73.3896992">
                <ele>140.5</ele>
            </trkpt>
            <trkpt lat="-37.6718389" lon="-73.3899325">
                <ele>141</ele>
            </trkpt>
            <trkpt lat="-37.6710534" lon="-73.3904234">
                <ele>145</ele>
            </trkpt>
            <trkpt lat="-37.6714419" lon="-73.391448">
                <ele>144.8</ele>
            </trkpt>
            <trkpt lat="-37.6714716" lon="-73.3915418">
                <ele>144.8</ele>
            </trkpt>
            <trkpt lat="-37.6714865" lon="-73.3916196">
                <ele>144.8</ele>
            </trkpt>
            <trkpt lat="-37.671427" lon="-73.392038">
                <ele>145.3</ele>
            </trkpt>
            <trkpt lat="-37.6715311" lon="-73.3920327">
                <ele>145.4</ele>
            </trkpt>
            <trkpt lat="-37.671633" lon="-73.3920327">
                <ele>145.5</ele>
            </trkpt>
            <trkpt lat="-37.671737" lon="-73.3920407">
                <ele>145.5</ele>
            </trkpt>
            <trkpt lat="-37.6718304" lon="-73.3920568">
                <ele>145.6</ele>
            </trkpt>
            <trkpt lat="-37.6719238" lon="-73.3920756">
                <ele>145.7</ele>
            </trkpt>
            <trkpt lat="-37.6720151" lon="-73.3921024">
                <ele>145.8</ele>
            </trkpt>
            <trkpt lat="-37.6724907" lon="-73.3922553">
                <ele>144.9</ele>
            </trkpt>
            <trkpt lat="-37.6726223" lon="-73.3923009">
                <ele>144.7</ele>
            </trkpt>
            <trkpt lat="-37.6727518" lon="-73.3923519">
                <ele>144.5</ele>
            </trkpt>
            <trkpt lat="-37.6728792" lon="-73.3924109">
                <ele>144.2</ele>
            </trkpt>
            <trkpt lat="-37.6730044" lon="-73.3924779">
                <ele>143.8</ele>
            </trkpt>
            <trkpt lat="-37.6731361" lon="-73.3925557">
                <ele>143.6</ele>
            </trkpt>
            <trkpt lat="-37.6732656" lon="-73.3926389">
                <ele>143.5</ele>
            </trkpt>
            <trkpt lat="-37.6733908" lon="-73.3927327">
                <ele>143.2</ele>
            </trkpt>
            <trkpt lat="-37.6735118" lon="-73.3928293">
                <ele>142.8</ele>
            </trkpt>
            <trkpt lat="-37.6736307" lon="-73.3929366">
                <ele>142.2</ele>
            </trkpt>
            <trkpt lat="-37.6737454" lon="-73.3930492">
                <ele>141.8</ele>
            </trkpt>
            <trkpt lat="-37.6738685" lon="-73.393178">
                <ele>141.5</ele>
            </trkpt>
            <trkpt lat="-37.6745563" lon="-73.3939505">
                <ele>142.2</ele>
            </trkpt>
            <trkpt lat="-37.6746434" lon="-73.3938217">
                <ele>142.1</ele>
            </trkpt>
            <trkpt lat="-37.6746604" lon="-73.3937278">
                <ele>142</ele>
            </trkpt>
            <trkpt lat="-37.674758" lon="-73.3937734">
                <ele>141.8</ele>
            </trkpt>
            <trkpt lat="-37.6756645" lon="-73.3946747">
                <ele>141.5</ele>
            </trkpt>
            <trkpt lat="-37.6765519" lon="-73.3956242">
                <ele>139.2</ele>
            </trkpt>
            <trkpt lat="-37.6768151" lon="-73.3959353">
                <ele>138.8</ele>
            </trkpt>
            <trkpt lat="-37.6781058" lon="-73.3974588">
                <ele>142</ele>
            </trkpt>
            <trkpt lat="-37.6782171" lon="-73.3977362">
                <ele>142</ele>
            </trkpt>
            <trkpt lat="-37.6782171" lon="-73.3977362">
                <ele>142</ele>
            </trkpt>
            <trkpt lat="-37.6781058" lon="-73.3974588">
                <ele>142</ele>
            </trkpt>
            <trkpt lat="-37.6768151" lon="-73.3959353">
                <ele>139</ele>
            </trkpt>
            <trkpt lat="-37.6764203" lon="-73.3965066">
                <ele>140</ele>
            </trkpt>
            <trkpt lat="-37.6778766" lon="-73.3979738">
                <ele>141</ele>
            </trkpt>
            <trkpt lat="-37.6783075" lon="-73.398301">
                <ele>140</ele>
            </trkpt>
            <trkpt lat="-37.67842" lon="-73.3984002">
                <ele>139.2</ele>
            </trkpt>
            <trkpt lat="-37.6785368" lon="-73.3984914">
                <ele>138.2</ele>
            </trkpt>
            <trkpt lat="-37.6786599" lon="-73.3985692">
                <ele>137.5</ele>
            </trkpt>
            <trkpt lat="-37.6787618" lon="-73.3986309">
                <ele>137.2</ele>
            </trkpt>
            <trkpt lat="-37.67887" lon="-73.3986819">
                <ele>137</ele>
            </trkpt>
            <trkpt lat="-37.6846567" lon="-73.4014526">
                <ele>135</ele>
            </trkpt>
            <trkpt lat="-37.6867411" lon="-73.402445">
                <ele>136.2</ele>
            </trkpt>
            <trkpt lat="-37.6870446" lon="-73.4025899">
                <ele>135.6</ele>
            </trkpt>
            <trkpt lat="-37.6882566" lon="-73.4031746">
                <ele>133</ele>
            </trkpt>
            <trkpt lat="-37.6895811" lon="-73.4038076">
                <ele>134</ele>
            </trkpt>
            <trkpt lat="-37.6897297" lon="-73.4038773">
                <ele>134.2</ele>
            </trkpt>
            <trkpt lat="-37.6898761" lon="-73.4039551">
                <ele>134.8</ele>
            </trkpt>
            <trkpt lat="-37.6900183" lon="-73.4040409">
                <ele>135.2</ele>
            </trkpt>
            <trkpt lat="-37.690186" lon="-73.4041482">
                <ele>135</ele>
            </trkpt>
            <trkpt lat="-37.6903494" lon="-73.4042689">
                <ele>134.8</ele>
            </trkpt>
            <trkpt lat="-37.6905065" lon="-73.4043977">
                <ele>134</ele>
            </trkpt>
            <trkpt lat="-37.6906678" lon="-73.4045398">
                <ele>133.2</ele>
            </trkpt>
            <trkpt lat="-37.69178" lon="-73.4055886">
                <ele>131.5</ele>
            </trkpt>
            <trkpt lat="-37.6930004" lon="-73.4067553">
                <ele>130</ele>
            </trkpt>
            <trkpt lat="-37.6941868" lon="-73.4079301">
                <ele>128</ele>
            </trkpt>
            <trkpt lat="-37.6954836" lon="-73.4092069">
                <ele>131.3</ele>
            </trkpt>
            <trkpt lat="-37.69667" lon="-73.4103817">
                <ele>134.2</ele>
            </trkpt>
            <trkpt lat="-37.6977014" lon="-73.4113634">
                <ele>135</ele>
            </trkpt>
            <trkpt lat="-37.6989918" lon="-73.412616">
                <ele>134.5</ele>
            </trkpt>
            <trkpt lat="-37.699898" lon="-73.4134984">
                <ele>133</ele>
            </trkpt>
            <trkpt lat="-37.7003797" lon="-73.4139892">
                <ele>131.5</ele>
            </trkpt>
            <trkpt lat="-37.7004688" lon="-73.4140724">
                <ele>131.6</ele>
            </trkpt>
            <trkpt lat="-37.7005622" lon="-73.4141475">
                <ele>131.7</ele>
            </trkpt>
            <trkpt lat="-37.7006577" lon="-73.4142172">
                <ele>131.8</ele>
            </trkpt>
            <trkpt lat="-37.7007596" lon="-73.4142762">
                <ele>132</ele>
            </trkpt>
            <trkpt lat="-37.7008636" lon="-73.4143299">
                <ele>131.9</ele>
            </trkpt>
            <trkpt lat="-37.7009697" lon="-73.4143728">
                <ele>131.8</ele>
            </trkpt>
            <trkpt lat="-37.7022027" lon="-73.4148797">
                <ele>131</ele>
            </trkpt>
            <trkpt lat="-37.7045901" lon="-73.4158158">
                <ele>127.8</ele>
            </trkpt>
            <trkpt lat="-37.7046643" lon="-73.4158453">
                <ele>127.5</ele>
            </trkpt>
            <trkpt lat="-37.7047429" lon="-73.4158641">
                <ele>127.2</ele>
            </trkpt>
            <trkpt lat="-37.7048214" lon="-73.4158775">
                <ele>127</ele>
            </trkpt>
            <trkpt lat="-37.7048999" lon="-73.4158856">
                <ele>126.8</ele>
            </trkpt>
            <trkpt lat="-37.7049805" lon="-73.4158829">
                <ele>126.2</ele>
            </trkpt>
            <trkpt lat="-37.705059" lon="-73.4158748">
                <ele>125.8</ele>
            </trkpt>
            <trkpt lat="-37.7051397" lon="-73.4158587">
                <ele>125</ele>
            </trkpt>
            <trkpt lat="-37.7054007" lon="-73.4158292">
                <ele>122.5</ele>
            </trkpt>
            <trkpt lat="-37.7054665" lon="-73.4158212">
                <ele>121.8</ele>
            </trkpt>
            <trkpt lat="-37.7055344" lon="-73.4158212">
                <ele>121</ele>
            </trkpt>
            <trkpt lat="-37.7056023" lon="-73.4158292">
                <ele>120.2</ele>
            </trkpt>
            <trkpt lat="-37.7056744" lon="-73.4158427">
                <ele>119.5</ele>
            </trkpt>
            <trkpt lat="-37.7057466" lon="-73.4158614">
                <ele>119</ele>
            </trkpt>
            <trkpt lat="-37.7058166" lon="-73.4158909">
                <ele>118.8</ele>
            </trkpt>
            <trkpt lat="-37.70591" lon="-73.4159204">
                <ele>118.5</ele>
            </trkpt>
            <trkpt lat="-37.7060055" lon="-73.4159473">
                <ele>118.2</ele>
            </trkpt>
            <trkpt lat="-37.706101" lon="-73.415966">
                <ele>117.8</ele>
            </trkpt>
            <trkpt lat="-37.7062283" lon="-73.4159848">
                <ele>116.8</ele>
            </trkpt>
            <trkpt lat="-37.7063599" lon="-73.4159955">
                <ele>115.5</ele>
            </trkpt>
            <trkpt lat="-37.7073704" lon="-73.4160644">
                <ele>108.2</ele>
            </trkpt>
            <trkpt lat="-37.7073704" lon="-73.4160644">
                <ele>108.2</ele>
            </trkpt>
            <trkpt lat="-37.7074633" lon="-73.4160706">
                <ele>107.5</ele>
            </trkpt>
            <trkpt lat="-37.7076331" lon="-73.4160948">
                <ele>107.8</ele>
            </trkpt>
            <trkpt lat="-37.7077986" lon="-73.4161323">
                <ele>108.2</ele>
            </trkpt>
            <trkpt lat="-37.7079174" lon="-73.4161645">
                <ele>108.8</ele>
            </trkpt>
            <trkpt lat="-37.7080341" lon="-73.4162021">
                <ele>109.2</ele>
            </trkpt>
            <trkpt lat="-37.7082124" lon="-73.4162772">
                <ele>111.2</ele>
            </trkpt>
            <trkpt lat="-37.7083906" lon="-73.4163576">
                <ele>113.5</ele>
            </trkpt>
            <trkpt lat="-37.7085668" lon="-73.4164461">
                <ele>115.8</ele>
            </trkpt>
            <trkpt lat="-37.7087747" lon="-73.4165588">
                <ele>118.2</ele>
            </trkpt>
            <trkpt lat="-37.7089827" lon="-73.4166849">
                <ele>120.2</ele>
            </trkpt>
            <trkpt lat="-37.7091864" lon="-73.416819">
                <ele>121.5</ele>
            </trkpt>
            <trkpt lat="-37.7103768" lon="-73.4176075">
                <ele>122.2</ele>
            </trkpt>
            <trkpt lat="-37.7123353" lon="-73.4188414">
                <ele>131.2</ele>
            </trkpt>
            <trkpt lat="-37.7129931" lon="-73.4192678">
                <ele>132.2</ele>
            </trkpt>
            <trkpt lat="-37.7131119" lon="-73.419351">
                <ele>132.8</ele>
            </trkpt>
            <trkpt lat="-37.7132286" lon="-73.4194395">
                <ele>133.2</ele>
            </trkpt>
            <trkpt lat="-37.7133432" lon="-73.4195361">
                <ele>133.1</ele>
            </trkpt>
            <trkpt lat="-37.7134747" lon="-73.4196568">
                <ele>133</ele>
            </trkpt>
            <trkpt lat="-37.7136021" lon="-73.4197855">
                <ele>133.2</ele>
            </trkpt>
            <trkpt lat="-37.7137251" lon="-73.4199223">
                <ele>133.3</ele>
            </trkpt>
            <trkpt lat="-37.7138397" lon="-73.4200671">
                <ele>133.4</ele>
            </trkpt>
            <trkpt lat="-37.7139309" lon="-73.4201932">
                <ele>133.5</ele>
            </trkpt>
            <trkpt lat="-37.7140179" lon="-73.4203219">
                <ele>134</ele>
            </trkpt>
            <trkpt lat="-37.7140986" lon="-73.4204561">
                <ele>134.2</ele>
            </trkpt>
            <trkpt lat="-37.7141771" lon="-73.4205928">
                <ele>133.9</ele>
            </trkpt>
            <trkpt lat="-37.7144381" lon="-73.4210032">
                <ele>133</ele>
            </trkpt>
            <trkpt lat="-37.7147245" lon="-73.4215075">
                <ele>132.2</ele>
            </trkpt>
            <trkpt lat="-37.7154247" lon="-73.4227493">
                <ele>134</ele>
            </trkpt>
            <trkpt lat="-37.7155371" lon="-73.4229049">
                <ele>134.5</ele>
            </trkpt>
            <trkpt lat="-37.715656" lon="-73.4230497">
                <ele>134.6</ele>
            </trkpt>
            <trkpt lat="-37.7157833" lon="-73.4231865">
                <ele>134.6</ele>
            </trkpt>
            <trkpt lat="-37.7158851" lon="-73.4232858">
                <ele>134.7</ele>
            </trkpt>
            <trkpt lat="-37.7159912" lon="-73.4233797">
                <ele>134.7</ele>
            </trkpt>
            <trkpt lat="-37.7161015" lon="-73.4234709">
                <ele>134.8</ele>
            </trkpt>
            <trkpt lat="-37.716214" lon="-73.4235513">
                <ele>134.8</ele>
            </trkpt>
            <trkpt lat="-37.716441" lon="-73.4237123">
                <ele>134.9</ele>
            </trkpt>
            <trkpt lat="-37.7166744" lon="-73.4238625">
                <ele>135</ele>
            </trkpt>
            <trkpt lat="-37.7169099" lon="-73.4240019">
                <ele>135.5</ele>
            </trkpt>
            <trkpt lat="-37.7171688" lon="-73.4241441">
                <ele>135.4</ele>
            </trkpt>
            <trkpt lat="-37.7174276" lon="-73.4242728">
                <ele>135.2</ele>
            </trkpt>
            <trkpt lat="-37.7176907" lon="-73.4243935">
                <ele>135.1</ele>
            </trkpt>
            <trkpt lat="-37.7184715" lon="-73.4247449">
                <ele>134.8</ele>
            </trkpt>
            <trkpt lat="-37.7187049" lon="-73.4248334">
                <ele>134.5</ele>
            </trkpt>
            <trkpt lat="-37.7188322" lon="-73.4248817">
                <ele>134.2</ele>
            </trkpt>
            <trkpt lat="-37.7189595" lon="-73.4249166">
                <ele>134.4</ele>
            </trkpt>
            <trkpt lat="-37.7190868" lon="-73.424938">
                <ele>134.5</ele>
            </trkpt>
            <trkpt lat="-37.7191992" lon="-73.4249488">
                <ele>134.7</ele>
            </trkpt>
            <trkpt lat="-37.7193117" lon="-73.4249514">
                <ele>134.9</ele>
            </trkpt>
            <trkpt lat="-37.7196724" lon="-73.42493">
                <ele>135.5</ele>
            </trkpt>
            <trkpt lat="-37.7198909" lon="-73.42493">
                <ele>135.8</ele>
            </trkpt>
            <trkpt lat="-37.7201094" lon="-73.4249434">
                <ele>135.6</ele>
            </trkpt>
            <trkpt lat="-37.720328" lon="-73.4249648">
                <ele>135.5</ele>
            </trkpt>
            <trkpt lat="-37.7204765" lon="-73.424989">
                <ele>135.4</ele>
            </trkpt>
            <trkpt lat="-37.720625" lon="-73.4250185">
                <ele>135.2</ele>
            </trkpt>
            <trkpt lat="-37.7207714" lon="-73.4250534">
                <ele>134.8</ele>
            </trkpt>
            <trkpt lat="-37.7219913" lon="-73.4254959">
                <ele>132.5</ele>
            </trkpt>
            <trkpt lat="-37.7231285" lon="-73.4257454">
                <ele>133</ele>
            </trkpt>
            <trkpt lat="-37.726489" lon="-73.4261557">
                <ele>134.5</ele>
            </trkpt>
            <trkpt lat="-37.7276282" lon="-73.4263569">
                <ele>136.2</ele>
            </trkpt>
            <trkpt lat="-37.7278106" lon="-73.4263837">
                <ele>136.5</ele>
            </trkpt>
            <trkpt lat="-37.7279931" lon="-73.4264132">
                <ele>136.3</ele>
            </trkpt>
            <trkpt lat="-37.7281755" lon="-73.4264535">
                <ele>136</ele>
            </trkpt>
            <trkpt lat="-37.7284046" lon="-73.4265098">
                <ele>135.5</ele>
            </trkpt>
            <trkpt lat="-37.7286316" lon="-73.4265769">
                <ele>135.2</ele>
            </trkpt>
            <trkpt lat="-37.7288565" lon="-73.4266546">
                <ele>134.8</ele>
            </trkpt>
            <trkpt lat="-37.7291068" lon="-73.4267431">
                <ele>133.8</ele>
            </trkpt>
            <trkpt lat="-37.7293529" lon="-73.4268397">
                <ele>133.5</ele>
            </trkpt>
            <trkpt lat="-37.7295672" lon="-73.4269363">
                <ele>134</ele>
            </trkpt>
            <trkpt lat="-37.7297772" lon="-73.4270355">
                <ele>134.5</ele>
            </trkpt>
            <trkpt lat="-37.7305621" lon="-73.4274566">
                <ele>133.8</ele>
            </trkpt>
            <trkpt lat="-37.731207" lon="-73.4278187">
                <ele>133.2</ele>
            </trkpt>
            <trkpt lat="-37.7323101" lon="-73.4285375">
                <ele>130.2</ele>
            </trkpt>
            <trkpt lat="-37.7330907" lon="-73.4290069">
                <ele>129.5</ele>
            </trkpt>
            <trkpt lat="-37.7336062" lon="-73.4293717">
                <ele>130</ele>
            </trkpt>
            <trkpt lat="-37.7341153" lon="-73.4297767">
                <ele>130.8</ele>
            </trkpt>
            <trkpt lat="-37.7351398" lon="-73.4305894">
                <ele>131.5</ele>
            </trkpt>
            <trkpt lat="-37.7369959" lon="-73.4320405">
                <ele>130.5</ele>
            </trkpt>
            <trkpt lat="-37.7372101" lon="-73.432188">
                <ele>129.8</ele>
            </trkpt>
            <trkpt lat="-37.7374689" lon="-73.4323382">
                <ele>129.8</ele>
            </trkpt>
            <trkpt lat="-37.7378783" lon="-73.4325314">
                <ele>130</ele>
            </trkpt>
            <trkpt lat="-37.7379546" lon="-73.4325823">
                <ele>130.5</ele>
            </trkpt>
            <trkpt lat="-37.7387755" lon="-73.4330034">
                <ele>131.5</ele>
            </trkpt>
            <trkpt lat="-37.7391064" lon="-73.4331858">
                <ele>131</ele>
            </trkpt>
            <trkpt lat="-37.7395624" lon="-73.4333628">
                <ele>130.5</ele>
            </trkpt>
            <trkpt lat="-37.7402391" lon="-73.4336632">
                <ele>130</ele>
            </trkpt>
            <trkpt lat="-37.7408584" lon="-73.4339073">
                <ele>129.9</ele>
            </trkpt>
            <trkpt lat="-37.7413632" lon="-73.4341434">
                <ele>129.7</ele>
            </trkpt>
            <trkpt lat="-37.7424068" lon="-73.434602">
                <ele>129.5</ele>
            </trkpt>
            <trkpt lat="-37.7446911" lon="-73.4356239">
                <ele>129</ele>
            </trkpt>
            <trkpt lat="-37.746093" lon="-73.436273">
                <ele>128.3</ele>
            </trkpt>
            <trkpt lat="-37.7467632" lon="-73.4365547">
                <ele>128</ele>
            </trkpt>
            <trkpt lat="-37.7475564" lon="-73.4369195">
                <ele>127.6</ele>
            </trkpt>
            <trkpt lat="-37.7478109" lon="-73.4370133">
                <ele>127.5</ele>
            </trkpt>
            <trkpt lat="-37.7479891" lon="-73.4370831">
                <ele>127.4</ele>
            </trkpt>
            <trkpt lat="-37.7481672" lon="-73.4371474">
                <ele>127.3</ele>
            </trkpt>
            <trkpt lat="-37.7483496" lon="-73.4372011">
                <ele>127.3</ele>
            </trkpt>
            <trkpt lat="-37.748532" lon="-73.437252">
                <ele>127.2</ele>
            </trkpt>
            <trkpt lat="-37.7505722" lon="-73.4377053">
                <ele>126.2</ele>
            </trkpt>
            <trkpt lat="-37.7563596" lon="-73.439033">
                <ele>123</ele>
            </trkpt>
            <trkpt lat="-37.7606155" lon="-73.4400067">
                <ele>120.8</ele>
            </trkpt>
            <trkpt lat="-37.7622971" lon="-73.4403634">
                <ele>119.8</ele>
            </trkpt>
            <trkpt lat="-37.7633064" lon="-73.4405807">
                <ele>118.8</ele>
            </trkpt>
            <trkpt lat="-37.7635142" lon="-73.4405968">
                <ele>118.6</ele>
            </trkpt>
            <trkpt lat="-37.7637241" lon="-73.4406075">
                <ele>118.5</ele>
            </trkpt>
            <trkpt lat="-37.7639319" lon="-73.4406075">
                <ele>118</ele>
            </trkpt>
            <trkpt lat="-37.7641397" lon="-73.4405968">
                <ele>117.9</ele>
            </trkpt>
            <trkpt lat="-37.7643475" lon="-73.4405753">
                <ele>117.8</ele>
            </trkpt>
            <trkpt lat="-37.7645532" lon="-73.4405485">
                <ele>117.5</ele>
            </trkpt>
            <trkpt lat="-37.7647589" lon="-73.4405109">
                <ele>117.5</ele>
            </trkpt>
            <trkpt lat="-37.7649624" lon="-73.4404626">
                <ele>117.6</ele>
            </trkpt>
            <trkpt lat="-37.7651257" lon="-73.4404144">
                <ele>117.6</ele>
            </trkpt>
            <trkpt lat="-37.7652868" lon="-73.4403607">
                <ele>117.7</ele>
            </trkpt>
            <trkpt lat="-37.765448" lon="-73.440299">
                <ele>117.7</ele>
            </trkpt>
            <trkpt lat="-37.7655943" lon="-73.440232">
                <ele>117.8</ele>
            </trkpt>
            <trkpt lat="-37.7657406" lon="-73.4401622">
                <ele>118.2</ele>
            </trkpt>
            <trkpt lat="-37.7658848" lon="-73.4400898">
                <ele>118.5</ele>
            </trkpt>
            <trkpt lat="-37.7660268" lon="-73.4400174">
                <ele>118.5</ele>
            </trkpt>
            <trkpt lat="-37.7661668" lon="-73.4399369">
                <ele>118.4</ele>
            </trkpt>
            <trkpt lat="-37.7663046" lon="-73.4398511">
                <ele>118.4</ele>
            </trkpt>
            <trkpt lat="-37.7664848" lon="-73.4397304">
                <ele>118.3</ele>
            </trkpt>
            <trkpt lat="-37.7666629" lon="-73.4395963">
                <ele>118.3</ele>
            </trkpt>
            <trkpt lat="-37.7668368" lon="-73.4394541">
                <ele>118.2</ele>
            </trkpt>
            <trkpt lat="-37.7691971" lon="-73.4374861">
                <ele>113.8</ele>
            </trkpt>
            <trkpt lat="-37.7691183" lon="-73.4373345">
                <ele>113.8</ele>
            </trkpt>
            <trkpt lat="-37.7691183" lon="-73.4373345">
                <ele>113.8</ele>
            </trkpt>
            <trkpt lat="-37.7691972" lon="-73.4374859">
                <ele>113.8</ele>
            </trkpt>
            <trkpt lat="-37.7693811" lon="-73.4373325">
                <ele>113.5</ele>
            </trkpt>
            <trkpt lat="-37.77801" lon="-73.4300181">
                <ele>97</ele>
            </trkpt>
            <trkpt lat="-37.7780672" lon="-73.4301361">
                <ele>97.2</ele>
            </trkpt>
            <trkpt lat="-37.7780695" lon="-73.4301599">
                <ele>97.3</ele>
            </trkpt>
            <trkpt lat="-37.7780695" lon="-73.4301599">
                <ele>97.3</ele>
            </trkpt>
            <trkpt lat="-37.7780672" lon="-73.4301361">
                <ele>97.2</ele>
            </trkpt>
            <trkpt lat="-37.77801" lon="-73.4300181">
                <ele>96.5</ele>
            </trkpt>
            <trkpt lat="-37.7781584" lon="-73.4298787">
                <ele>96.4</ele>
            </trkpt>
            <trkpt lat="-37.7782771" lon="-73.4297553">
                <ele>96.2</ele>
            </trkpt>
            <trkpt lat="-37.7784107" lon="-73.4296131">
                <ele>95.5</ele>
            </trkpt>
            <trkpt lat="-37.7785273" lon="-73.4294629">
                <ele>94.5</ele>
            </trkpt>
            <trkpt lat="-37.7786184" lon="-73.4293315">
                <ele>94.2</ele>
            </trkpt>
            <trkpt lat="-37.7787075" lon="-73.4291947">
                <ele>94</ele>
            </trkpt>
            <trkpt lat="-37.778788" lon="-73.4290525">
                <ele>93.8</ele>
            </trkpt>
            <trkpt lat="-37.7827099" lon="-73.4224328">
                <ele>89.5</ele>
            </trkpt>
            <trkpt lat="-37.7834284" lon="-73.4216709">
                <ele>89.7</ele>
            </trkpt>
            <trkpt lat="-37.7834284" lon="-73.4216709">
                <ele>89.7</ele>
            </trkpt>
            <trkpt lat="-37.7837698" lon="-73.421309">
                <ele>89.7</ele>
            </trkpt>
            <trkpt lat="-37.7842383" lon="-73.4208128">
                <ele>89.8</ele>
            </trkpt>
            <trkpt lat="-37.7848148" lon="-73.4202951">
                <ele>90</ele>
            </trkpt>
            <trkpt lat="-37.7852155" lon="-73.4198043">
                <ele>90.1</ele>
            </trkpt>
            <trkpt lat="-37.7855716" lon="-73.4194985">
                <ele>90.1</ele>
            </trkpt>
            <trkpt lat="-37.7873798" lon="-73.4182647">
                <ele>90.5</ele>
            </trkpt>
            <trkpt lat="-37.7875621" lon="-73.4180528">
                <ele>90.8</ele>
            </trkpt>
            <trkpt lat="-37.7878079" lon="-73.4177068">
                <ele>91.5</ele>
            </trkpt>
            <trkpt lat="-37.7879436" lon="-73.4173581">
                <ele>91.4</ele>
            </trkpt>
            <trkpt lat="-37.7880602" lon="-73.4170523">
                <ele>91.2</ele>
            </trkpt>
            <trkpt lat="-37.7881725" lon="-73.4168833">
                <ele>91.1</ele>
            </trkpt>
            <trkpt lat="-37.7888233" lon="-73.4162343">
                <ele>90.8</ele>
            </trkpt>
            <trkpt lat="-37.7900887" lon="-73.4150407">
                <ele>90.5</ele>
            </trkpt>
            <trkpt lat="-37.7903918" lon="-73.4148502">
                <ele>90.4</ele>
            </trkpt>
            <trkpt lat="-37.7906313" lon="-73.4147912">
                <ele>90.2</ele>
            </trkpt>
            <trkpt lat="-37.7908539" lon="-73.4147698">
                <ele>89.5</ele>
            </trkpt>
            <trkpt lat="-37.7910701" lon="-73.4147859">
                <ele>89.3</ele>
            </trkpt>
            <trkpt lat="-37.792876" lon="-73.4150299">
                <ele>87.8</ele>
            </trkpt>
            <trkpt lat="-37.7932978" lon="-73.4150755">
                <ele>86.8</ele>
            </trkpt>
            <trkpt lat="-37.7934674" lon="-73.4150755">
                <ele>86</ele>
            </trkpt>
            <trkpt lat="-37.7936687" lon="-73.4150192">
                <ele>85.5</ele>
            </trkpt>
            <trkpt lat="-37.7938192" lon="-73.4149441">
                <ele>85.4</ele>
            </trkpt>
            <trkpt lat="-37.7938608" lon="-73.4149012">
                <ele>85.4</ele>
            </trkpt>
            <trkpt lat="-37.793718" lon="-73.4146794">
                <ele>85.4</ele>
            </trkpt>
            <trkpt lat="-37.793718" lon="-73.4146794">
                <ele>85.4</ele>
            </trkpt>
            <trkpt lat="-37.7938608" lon="-73.4149012">
                <ele>85.4</ele>
            </trkpt>
            <trkpt lat="-37.7940036" lon="-73.4147537">
                <ele>85.2</ele>
            </trkpt>
            <trkpt lat="-37.794135" lon="-73.4145176">
                <ele>85</ele>
            </trkpt>
            <trkpt lat="-37.7938001" lon="-73.4131926">
                <ele>83.8</ele>
            </trkpt>
            <trkpt lat="-37.7937047" lon="-73.4127957">
                <ele>83</ele>
            </trkpt>
            <trkpt lat="-37.7940354" lon="-73.4128332">
                <ele>83.3</ele>
            </trkpt>
            <trkpt lat="-37.7947709" lon="-73.4129056">
                <ele>83.7</ele>
            </trkpt>
            <trkpt lat="-37.7954682" lon="-73.4110174">
                <ele>80.5</ele>
            </trkpt>
            <trkpt lat="-37.7956335" lon="-73.4106284">
                <ele>80.8</ele>
            </trkpt>
            <trkpt lat="-37.7959302" lon="-73.409982">
                <ele>83</ele>
            </trkpt>
            <trkpt lat="-37.7962312" lon="-73.4093946">
                <ele>81.8</ele>
            </trkpt>
            <trkpt lat="-37.7965046" lon="-73.4087697">
                <ele>76.8</ele>
            </trkpt>
            <trkpt lat="-37.7969327" lon="-73.4072569">
                <ele>63</ele>
            </trkpt>
            <trkpt lat="-37.7973058" lon="-73.4067902">
                <ele>54.2</ele>
            </trkpt>
            <trkpt lat="-37.7984248" lon="-73.4058487">
                <ele>31</ele>
            </trkpt>
            <trkpt lat="-37.7999656" lon="-73.4053954">
                <ele>25.8</ele>
            </trkpt>
            <trkpt lat="-37.8002093" lon="-73.4053418">
                <ele>25.8</ele>
            </trkpt>
            <trkpt lat="-37.8004149" lon="-73.405315">
                <ele>25.8</ele>
            </trkpt>
            <trkpt lat="-37.8009744" lon="-73.405264">
                <ele>25.9</ele>
            </trkpt>
            <trkpt lat="-37.8011334" lon="-73.4052131">
                <ele>26</ele>
            </trkpt>
            <trkpt lat="-37.801216" lon="-73.4051353">
                <ele>26</ele>
            </trkpt>
            <trkpt lat="-37.8015148" lon="-73.4048054">
                <ele>29</ele>
            </trkpt>
            <trkpt lat="-37.8016477" lon="-73.4047569">
                <ele>30.4</ele>
            </trkpt>
            <trkpt lat="-37.8016477" lon="-73.4047569">
                <ele>30.4</ele>
            </trkpt>
            <trkpt lat="-37.8017056" lon="-73.4047356">
                <ele>31</ele>
            </trkpt>
            <trkpt lat="-37.8019154" lon="-73.4047034">
                <ele>33</ele>
            </trkpt>
            <trkpt lat="-37.8019535" lon="-73.4046981">
                <ele>33.5</ele>
            </trkpt>
            <trkpt lat="-37.8021082" lon="-73.4046659">
                <ele>35.2</ele>
            </trkpt>
            <trkpt lat="-37.8021803" lon="-73.404564">
                <ele>37.2</ele>
            </trkpt>
            <trkpt lat="-37.8021824" lon="-73.4044513">
                <ele>38.5</ele>
            </trkpt>
            <trkpt lat="-37.8021082" lon="-73.4040141">
                <ele>42.8</ele>
            </trkpt>
            <trkpt lat="-37.8021379" lon="-73.4037513">
                <ele>47</ele>
            </trkpt>
            <trkpt lat="-37.8021867" lon="-73.4035179">
                <ele>50.5</ele>
            </trkpt>
            <trkpt lat="-37.8022608" lon="-73.4033221">
                <ele>52.8</ele>
            </trkpt>
            <trkpt lat="-37.802441" lon="-73.4028098">
                <ele>58.2</ele>
            </trkpt>
            <trkpt lat="-37.8025194" lon="-73.4027401">
                <ele>60</ele>
            </trkpt>
            <trkpt lat="-37.8030513" lon="-73.4023967">
                <ele>67.8</ele>
            </trkpt>
            <trkpt lat="-37.803098" lon="-73.4023565">
                <ele>68.2</ele>
            </trkpt>
            <trkpt lat="-37.8031361" lon="-73.4023082">
                <ele>68.8</ele>
            </trkpt>
            <trkpt lat="-37.8031658" lon="-73.4022573">
                <ele>69.2</ele>
            </trkpt>
            <trkpt lat="-37.8031912" lon="-73.4021795">
                <ele>69.8</ele>
            </trkpt>
            <trkpt lat="-37.8032018" lon="-73.4021285">
                <ele>70</ele>
            </trkpt>
            <trkpt lat="-37.8032103" lon="-73.4020802">
                <ele>70</ele>
            </trkpt>
            <trkpt lat="-37.8032486" lon="-73.4020026">
                <ele>70.4</ele>
            </trkpt>
            <trkpt lat="-37.8032486" lon="-73.4020026">
                <ele>70.4</ele>
            </trkpt>
            <trkpt lat="-37.8032633" lon="-73.4019729">
                <ele>70.5</ele>
            </trkpt>
            <trkpt lat="-37.8033374" lon="-73.4018844">
                <ele>71</ele>
            </trkpt>
            <trkpt lat="-37.8038482" lon="-73.4020802">
                <ele>72.2</ele>
            </trkpt>
            <trkpt lat="-37.8045645" lon="-73.4023538">
                <ele>73.5</ele>
            </trkpt>
            <trkpt lat="-37.8046429" lon="-73.4023833">
                <ele>74.2</ele>
            </trkpt>
            <trkpt lat="-37.8046438" lon="-73.4023788">
                <ele>74.2</ele>
            </trkpt>
            <trkpt lat="-37.8046438" lon="-73.4023788">
                <ele>74.2</ele>
            </trkpt>
            <trkpt lat="-37.8048421" lon="-73.4014285">
                <ele>73</ele>
            </trkpt>
            <trkpt lat="-37.8048654" lon="-73.4013104">
                <ele>73</ele>
            </trkpt>
            <trkpt lat="-37.8050604" lon="-73.4002644">
                <ele>69.5</ele>
            </trkpt>
            <trkpt lat="-37.805071" lon="-73.4002054">
                <ele>68.8</ele>
            </trkpt>
            <trkpt lat="-37.8058975" lon="-73.4005085">
                <ele>67</ele>
            </trkpt>
            <trkpt lat="-37.8067006" lon="-73.4007847">
                <ele>60.2</ele>
            </trkpt>
            <trkpt lat="-37.8067515" lon="-73.4008062">
                <ele>59</ele>
            </trkpt>
            <trkpt lat="-37.8069719" lon="-73.3997521">
                <ele>58</ele>
            </trkpt>
            <trkpt lat="-37.807169" lon="-73.3988214">
                <ele>60</ele>
            </trkpt>
            <trkpt lat="-37.8071986" lon="-73.3986792">
                <ele>60.2</ele>
            </trkpt>
            <trkpt lat="-37.8074445" lon="-73.3976546">
                <ele>58.5</ele>
            </trkpt>
            <trkpt lat="-37.8076903" lon="-73.396638">
                <ele>56.2</ele>
            </trkpt>
            <trkpt lat="-37.807739" lon="-73.3964422">
                <ele>55.5</ele>
            </trkpt>
            <trkpt lat="-37.8080209" lon="-73.3952755">
                <ele>50.5</ele>
            </trkpt>
            <trkpt lat="-37.8080484" lon="-73.395144">
                <ele>50</ele>
            </trkpt>
            <trkpt lat="-37.8083599" lon="-73.3938673">
                <ele>40.2</ele>
            </trkpt>
            <trkpt lat="-37.8084659" lon="-73.3934355">
                <ele>36</ele>
            </trkpt>
            <trkpt lat="-37.8088452" lon="-73.3919254">
                <ele>33</ele>
            </trkpt>
            <trkpt lat="-37.808913" lon="-73.3918449">
                <ele>33.2</ele>
            </trkpt>
            <trkpt lat="-37.8089829" lon="-73.3917752">
                <ele>33.1</ele>
            </trkpt>
            <trkpt lat="-37.8090847" lon="-73.3916867">
                <ele>33</ele>
            </trkpt>
            <trkpt lat="-37.8092796" lon="-73.3917028">
                <ele>32.9</ele>
            </trkpt>
            <trkpt lat="-37.8095784" lon="-73.3917457">
                <ele>32.8</ele>
            </trkpt>
            <trkpt lat="-37.8105468" lon="-73.3918691">
                <ele>31.5</ele>
            </trkpt>
            <trkpt lat="-37.812918" lon="-73.3922634">
                <ele>31.5</ele>
            </trkpt>
            <trkpt lat="-37.8132613" lon="-73.392317">
                <ele>30</ele>
            </trkpt>
            <trkpt lat="-37.8136109" lon="-73.392368">
                <ele>30.2</ele>
            </trkpt>
            <trkpt lat="-37.8161324" lon="-73.3927354">
                <ele>48.2</ele>
            </trkpt>
            <trkpt lat="-37.8176813" lon="-73.3929446">
                <ele>59</ele>
            </trkpt>
            <trkpt lat="-37.8195417" lon="-73.3932263">
                <ele>61.5</ele>
            </trkpt>
            <trkpt lat="-37.8202769" lon="-73.3933362">
                <ele>63.5</ele>
            </trkpt>
            <trkpt lat="-37.8209443" lon="-73.3934462">
                <ele>68.2</ele>
            </trkpt>
            <trkpt lat="-37.8216965" lon="-73.3934972">
                <ele>70.5</ele>
            </trkpt>
            <trkpt lat="-37.8242453" lon="-73.3933818">
                <ele>67.5</ele>
            </trkpt>
            <trkpt lat="-37.8245355" lon="-73.3933684">
                <ele>68.5</ele>
            </trkpt>
            <trkpt lat="-37.8253215" lon="-73.3932906">
                <ele>70</ele>
            </trkpt>
            <trkpt lat="-37.8264402" lon="-73.393245">
                <ele>71</ele>
            </trkpt>
            <trkpt lat="-37.8271202" lon="-73.3932155">
                <ele>71.5</ele>
            </trkpt>
            <trkpt lat="-37.8281541" lon="-73.3931726">
                <ele>78.8</ele>
            </trkpt>
            <trkpt lat="-37.8293426" lon="-73.3931592">
                <ele>86</ele>
            </trkpt>
            <trkpt lat="-37.8307302" lon="-73.3931538">
                <ele>86.8</ele>
            </trkpt>
            <trkpt lat="-37.8318" lon="-73.3931431">
                <ele>84</ele>
            </trkpt>
            <trkpt lat="-37.8319822" lon="-73.3931297">
                <ele>83.5</ele>
            </trkpt>
            <trkpt lat="-37.8321623" lon="-73.3931109">
                <ele>83.8</ele>
            </trkpt>
            <trkpt lat="-37.8323487" lon="-73.3930787">
                <ele>83.5</ele>
            </trkpt>
            <trkpt lat="-37.832533" lon="-73.3930385">
                <ele>83.2</ele>
            </trkpt>
            <trkpt lat="-37.8327131" lon="-73.3929795">
                <ele>83</ele>
            </trkpt>
            <trkpt lat="-37.8328889" lon="-73.3929098">
                <ele>82.5</ele>
            </trkpt>
            <trkpt lat="-37.8330626" lon="-73.392832">
                <ele>81.8</ele>
            </trkpt>
            <trkpt lat="-37.8331961" lon="-73.3927622">
                <ele>81</ele>
            </trkpt>
            <trkpt lat="-37.8333274" lon="-73.3926871">
                <ele>80</ele>
            </trkpt>
            <trkpt lat="-37.8334545" lon="-73.3926067">
                <ele>78.8</ele>
            </trkpt>
            <trkpt lat="-37.8346917" lon="-73.3917886">
                <ele>69.5</ele>
            </trkpt>
            <trkpt lat="-37.8358123" lon="-73.391059">
                <ele>71</ele>
            </trkpt>
            <trkpt lat="-37.836613" lon="-73.3904958">
                <ele>73.2</ele>
            </trkpt>
            <trkpt lat="-37.83681" lon="-73.3903804">
                <ele>74.5</ele>
            </trkpt>
            <trkpt lat="-37.8370091" lon="-73.3902732">
                <ele>75.5</ele>
            </trkpt>
            <trkpt lat="-37.8371828" lon="-73.39019">
                <ele>76.8</ele>
            </trkpt>
            <trkpt lat="-37.8373607" lon="-73.3901122">
                <ele>78.5</ele>
            </trkpt>
            <trkpt lat="-37.8375387" lon="-73.3900398">
                <ele>80</ele>
            </trkpt>
            <trkpt lat="-37.8378077" lon="-73.3899459">
                <ele>82</ele>
            </trkpt>
            <trkpt lat="-37.8385936" lon="-73.3897528">
                <ele>88.2</ele>
            </trkpt>
            <trkpt lat="-37.8396569" lon="-73.3895355">
                <ele>93.5</ele>
            </trkpt>
            <trkpt lat="-37.8402246" lon="-73.3893746">
                <ele>96</ele>
            </trkpt>
            <trkpt lat="-37.8407732" lon="-73.3891574">
                <ele>95</ele>
            </trkpt>
            <trkpt lat="-37.8417476" lon="-73.3887362">
                <ele>93.5</ele>
            </trkpt>
            <trkpt lat="-37.8428977" lon="-73.3880952">
                <ele>96</ele>
            </trkpt>
            <trkpt lat="-37.8435671" lon="-73.3876634">
                <ele>98</ele>
            </trkpt>
            <trkpt lat="-37.8437471" lon="-73.3875534">
                <ele>97.3</ele>
            </trkpt>
            <trkpt lat="-37.8439441" lon="-73.3874837">
                <ele>96.5</ele>
            </trkpt>
            <trkpt lat="-37.8450286" lon="-73.3871135">
                <ele>96.8</ele>
            </trkpt>
            <trkpt lat="-37.8454373" lon="-73.3869365">
                <ele>95.6</ele>
            </trkpt>
            <trkpt lat="-37.8465811" lon="-73.3863813">
                <ele>92.5</ele>
            </trkpt>
            <trkpt lat="-37.8510119" lon="-73.3832189">
                <ele>84.5</ele>
            </trkpt>
            <trkpt lat="-37.8514418" lon="-73.3829185">
                <ele>86.8</ele>
            </trkpt>
            <trkpt lat="-37.8516197" lon="-73.3827952">
                <ele>87.5</ele>
            </trkpt>
            <trkpt lat="-37.8518018" lon="-73.3826825">
                <ele>87.3</ele>
            </trkpt>
            <trkpt lat="-37.8519882" lon="-73.3825806">
                <ele>87</ele>
            </trkpt>
            <trkpt lat="-37.8521703" lon="-73.382484">
                <ele>86.2</ele>
            </trkpt>
            <trkpt lat="-37.8523567" lon="-73.3823982">
                <ele>85.5</ele>
            </trkpt>
            <trkpt lat="-37.8525452" lon="-73.3823204">
                <ele>84.8</ele>
            </trkpt>
            <trkpt lat="-37.8551078" lon="-73.3814836">
                <ele>86.5</ele>
            </trkpt>
            <trkpt lat="-37.8557939" lon="-73.3811858">
                <ele>87</ele>
            </trkpt>
            <trkpt lat="-37.8569756" lon="-73.3805206">
                <ele>82.8</ele>
            </trkpt>
            <trkpt lat="-37.8589154" lon="-73.3792493">
                <ele>84.2</ele>
            </trkpt>
            <trkpt lat="-37.8594893" lon="-73.3790025">
                <ele>83.6</ele>
            </trkpt>
            <trkpt lat="-37.8600865" lon="-73.3788818">
                <ele>83</ele>
            </trkpt>
            <trkpt lat="-37.8606921" lon="-73.3788925">
                <ele>81.2</ele>
            </trkpt>
            <trkpt lat="-37.8625048" lon="-73.3791339">
                <ele>66.5</ele>
            </trkpt>
            <trkpt lat="-37.8627271" lon="-73.3791447">
                <ele>64.8</ele>
            </trkpt>
            <trkpt lat="-37.8629325" lon="-73.3791527">
                <ele>63.5</ele>
            </trkpt>
            <trkpt lat="-37.86314" lon="-73.37915">
                <ele>62.5</ele>
            </trkpt>
            <trkpt lat="-37.8633095" lon="-73.37915">
                <ele>61.2</ele>
            </trkpt>
            <trkpt lat="-37.8634683" lon="-73.3791393">
                <ele>60.2</ele>
            </trkpt>
            <trkpt lat="-37.8636038" lon="-73.3791286">
                <ele>59.8</ele>
            </trkpt>
            <trkpt lat="-37.8637626" lon="-73.3791018">
                <ele>59</ele>
            </trkpt>
            <trkpt lat="-37.8639744" lon="-73.3790722">
                <ele>57.8</ele>
            </trkpt>
            <trkpt lat="-37.8649018" lon="-73.3789301">
                <ele>56</ele>
            </trkpt>
            <trkpt lat="-37.8652872" lon="-73.3788443">
                <ele>58</ele>
            </trkpt>
            <trkpt lat="-37.8658632" lon="-73.3787423">
                <ele>60.8</ele>
            </trkpt>
            <trkpt lat="-37.8675169" lon="-73.3784473">
                <ele>61</ele>
            </trkpt>
            <trkpt lat="-37.8702631" lon="-73.3779162">
                <ele>47</ele>
            </trkpt>
            <trkpt lat="-37.8729352" lon="-73.377412">
                <ele>44.8</ele>
            </trkpt>
            <trkpt lat="-37.8759078" lon="-73.3768514">
                <ele>41.2</ele>
            </trkpt>
            <trkpt lat="-37.8779932" lon="-73.3764383">
                <ele>40.2</ele>
            </trkpt>
            <trkpt lat="-37.8781181" lon="-73.3764142">
                <ele>40.8</ele>
            </trkpt>
            <trkpt lat="-37.878243" lon="-73.3763981">
                <ele>40.7</ele>
            </trkpt>
            <trkpt lat="-37.8783425" lon="-73.37639">
                <ele>40.7</ele>
            </trkpt>
            <trkpt lat="-37.878442" lon="-73.3763927">
                <ele>40.7</ele>
            </trkpt>
            <trkpt lat="-37.8785436" lon="-73.3764035">
                <ele>40.6</ele>
            </trkpt>
            <trkpt lat="-37.8786368" lon="-73.3764222">
                <ele>40.6</ele>
            </trkpt>
            <trkpt lat="-37.8787151" lon="-73.3764517">
                <ele>40.6</ele>
            </trkpt>
            <trkpt lat="-37.878804" lon="-73.3764893">
                <ele>40.6</ele>
            </trkpt>
            <trkpt lat="-37.8788845" lon="-73.3765429">
                <ele>40.5</ele>
            </trkpt>
            <trkpt lat="-37.8789607" lon="-73.3766046">
                <ele>40.5</ele>
            </trkpt>
            <trkpt lat="-37.8790284" lon="-73.376677">
                <ele>40.5</ele>
            </trkpt>
            <trkpt lat="-37.8790919" lon="-73.3767575">
                <ele>40.2</ele>
            </trkpt>
            <trkpt lat="-37.8791491" lon="-73.3768541">
                <ele>40</ele>
            </trkpt>
            <trkpt lat="-37.8791957" lon="-73.3769479">
                <ele>39.8</ele>
            </trkpt>
            <trkpt lat="-37.8792401" lon="-73.3770579">
                <ele>39.5</ele>
            </trkpt>
            <trkpt lat="-37.8792825" lon="-73.3771759">
                <ele>39</ele>
            </trkpt>
            <trkpt lat="-37.8793354" lon="-73.3773717">
                <ele>38.5</ele>
            </trkpt>
            <trkpt lat="-37.8793926" lon="-73.3775917">
                <ele>38.3</ele>
            </trkpt>
            <trkpt lat="-37.8795873" lon="-73.3783776">
                <ele>37.5</ele>
            </trkpt>
            <trkpt lat="-37.8796297" lon="-73.3785251">
                <ele>37</ele>
            </trkpt>
            <trkpt lat="-37.8796657" lon="-73.378635">
                <ele>36.5</ele>
            </trkpt>
            <trkpt lat="-37.879708" lon="-73.3787316">
                <ele>36</ele>
            </trkpt>
            <trkpt lat="-37.8797609" lon="-73.3788416">
                <ele>35.2</ele>
            </trkpt>
            <trkpt lat="-37.8798223" lon="-73.3789489">
                <ele>34.5</ele>
            </trkpt>
            <trkpt lat="-37.8798837" lon="-73.3790427">
                <ele>34</ele>
            </trkpt>
            <trkpt lat="-37.8799663" lon="-73.3791661">
                <ele>33.5</ele>
            </trkpt>
            <trkpt lat="-37.8800192" lon="-73.3792385">
                <ele>33.2</ele>
            </trkpt>
            <trkpt lat="-37.8801018" lon="-73.3793297">
                <ele>33</ele>
            </trkpt>
            <trkpt lat="-37.8801886" lon="-73.3794263">
                <ele>33.1</ele>
            </trkpt>
            <trkpt lat="-37.8802606" lon="-73.3794987">
                <ele>33.1</ele>
            </trkpt>
            <trkpt lat="-37.880341" lon="-73.3795765">
                <ele>33.1</ele>
            </trkpt>
            <trkpt lat="-37.8804363" lon="-73.3796543">
                <ele>33.2</ele>
            </trkpt>
            <trkpt lat="-37.8805358" lon="-73.3797321">
                <ele>33.2</ele>
            </trkpt>
            <trkpt lat="-37.8806607" lon="-73.3798125">
                <ele>33.8</ele>
            </trkpt>
            <trkpt lat="-37.8815901" lon="-73.3804455">
                <ele>37.8</ele>
            </trkpt>
            <trkpt lat="-37.8819182" lon="-73.3806655">
                <ele>37.5</ele>
            </trkpt>
            <trkpt lat="-37.882041" lon="-73.3807513">
                <ele>37.4</ele>
            </trkpt>
            <trkpt lat="-37.8821341" lon="-73.3808184">
                <ele>37.4</ele>
            </trkpt>
            <trkpt lat="-37.8822273" lon="-73.3808908">
                <ele>37.3</ele>
            </trkpt>
            <trkpt lat="-37.8823416" lon="-73.3809981">
                <ele>37.2</ele>
            </trkpt>
            <trkpt lat="-37.8824665" lon="-73.3811107">
                <ele>37.3</ele>
            </trkpt>
            <trkpt lat="-37.8825872" lon="-73.3812341">
                <ele>37.4</ele>
            </trkpt>
            <trkpt lat="-37.8827078" lon="-73.3813655">
                <ele>37.5</ele>
            </trkpt>
            <trkpt lat="-37.8827946" lon="-73.3814594">
                <ele>37.5</ele>
            </trkpt>
            <trkpt lat="-37.8828878" lon="-73.3815721">
                <ele>37.4</ele>
            </trkpt>
            <trkpt lat="-37.8829682" lon="-73.381674">
                <ele>37.2</ele>
            </trkpt>
            <trkpt lat="-37.8830635" lon="-73.3818027">
                <ele>36.8</ele>
            </trkpt>
            <trkpt lat="-37.8831947" lon="-73.3819824">
                <ele>36.2</ele>
            </trkpt>
            <trkpt lat="-37.8844543" lon="-73.3839029">
                <ele>34.5</ele>
            </trkpt>
            <trkpt lat="-37.8866496" lon="-73.3869687">
                <ele>35.2</ele>
            </trkpt>
            <trkpt lat="-37.8871978" lon="-73.3876339">
                <ele>36.5</ele>
            </trkpt>
            <trkpt lat="-37.8891601" lon="-73.3897662">
                <ele>33.8</ele>
            </trkpt>
            <trkpt lat="-37.8909128" lon="-73.3916491">
                <ele>29.5</ele>
            </trkpt>
            <trkpt lat="-37.8916325" lon="-73.3923626">
                <ele>30.2</ele>
            </trkpt>
            <trkpt lat="-37.8927353" lon="-73.3933389">
                <ele>30</ele>
            </trkpt>
            <trkpt lat="-37.8938106" lon="-73.3942133">
                <ele>29</ele>
            </trkpt>
            <trkpt lat="-37.8943694" lon="-73.3945888">
                <ele>28.8</ele>
            </trkpt>
            <trkpt lat="-37.895125" lon="-73.3949107">
                <ele>28.2</ele>
            </trkpt>
            <trkpt lat="-37.9005455" lon="-73.3968097">
                <ele>11</ele>
            </trkpt>
            <trkpt lat="-37.9010281" lon="-73.3970672">
                <ele>10.2</ele>
            </trkpt>
            <trkpt lat="-37.9034556" lon="-73.3986524">
                <ele>10.2</ele>
            </trkpt>
            <trkpt lat="-37.9038281" lon="-73.3989313">
                <ele>12</ele>
            </trkpt>
            <trkpt lat="-37.9039847" lon="-73.399052">
                <ele>13.2</ele>
            </trkpt>
            <trkpt lat="-37.9041117" lon="-73.3991566">
                <ele>14.5</ele>
            </trkpt>
            <trkpt lat="-37.9042429" lon="-73.3992612">
                <ele>16</ele>
            </trkpt>
            <trkpt lat="-37.9043826" lon="-73.3993605">
                <ele>17.8</ele>
            </trkpt>
            <trkpt lat="-37.9044334" lon="-73.3993927">
                <ele>18.2</ele>
            </trkpt>
            <trkpt lat="-37.9044863" lon="-73.3994275">
                <ele>18.8</ele>
            </trkpt>
            <trkpt lat="-37.9046069" lon="-73.3995026">
                <ele>19.8</ele>
            </trkpt>
            <trkpt lat="-37.9047381" lon="-73.399567">
                <ele>20.8</ele>
            </trkpt>
            <trkpt lat="-37.9048905" lon="-73.3996367">
                <ele>22.2</ele>
            </trkpt>
            <trkpt lat="-37.905064" lon="-73.3997118">
                <ele>23.8</ele>
            </trkpt>
            <trkpt lat="-37.9052016" lon="-73.3997601">
                <ele>24.5</ele>
            </trkpt>
            <trkpt lat="-37.9053434" lon="-73.3998057">
                <ele>25</ele>
            </trkpt>
            <trkpt lat="-37.9054704" lon="-73.3998379">
                <ele>25.5</ele>
            </trkpt>
            <trkpt lat="-37.9056291" lon="-73.3998674">
                <ele>26.2</ele>
            </trkpt>
            <trkpt lat="-37.9057899" lon="-73.3998862">
                <ele>26.8</ele>
            </trkpt>
            <trkpt lat="-37.9059317" lon="-73.3998942">
                <ele>27</ele>
            </trkpt>
            <trkpt lat="-37.9060693" lon="-73.3998969">
                <ele>27</ele>
            </trkpt>
            <trkpt lat="-37.9062217" lon="-73.3998916">
                <ele>26.9</ele>
            </trkpt>
            <trkpt lat="-37.9063867" lon="-73.3998781">
                <ele>26.9</ele>
            </trkpt>
            <trkpt lat="-37.9065455" lon="-73.3998594">
                <ele>26.8</ele>
            </trkpt>
            <trkpt lat="-37.9066936" lon="-73.3998325">
                <ele>26.8</ele>
            </trkpt>
            <trkpt lat="-37.9093135" lon="-73.3992076">
                <ele>26</ele>
            </trkpt>
            <trkpt lat="-37.9141553" lon="-73.3980542">
                <ele>25</ele>
            </trkpt>
            <trkpt lat="-37.9161021" lon="-73.3975929">
                <ele>25.8</ele>
            </trkpt>
            <trkpt lat="-37.9184064" lon="-73.397043">
                <ele>26.7</ele>
            </trkpt>
            <trkpt lat="-37.9216945" lon="-73.3962598">
                <ele>28</ele>
            </trkpt>
            <trkpt lat="-37.9218341" lon="-73.396225">
                <ele>28.1</ele>
            </trkpt>
            <trkpt lat="-37.9219632" lon="-73.3961901">
                <ele>28.2</ele>
            </trkpt>
            <trkpt lat="-37.9220838" lon="-73.3961686">
                <ele>28.3</ele>
            </trkpt>
            <trkpt lat="-37.9222023" lon="-73.3961499">
                <ele>28.3</ele>
            </trkpt>
            <trkpt lat="-37.9223208" lon="-73.3961365">
                <ele>28.4</ele>
            </trkpt>
            <trkpt lat="-37.9224414" lon="-73.3961257">
                <ele>28.5</ele>
            </trkpt>
            <trkpt lat="-37.9225789" lon="-73.3961257">
                <ele>29</ele>
            </trkpt>
            <trkpt lat="-37.922744" lon="-73.3961257">
                <ele>29.5</ele>
            </trkpt>
            <trkpt lat="-37.9229196" lon="-73.3961365">
                <ele>30</ele>
            </trkpt>
            <trkpt lat="-37.9230973" lon="-73.3961526">
                <ele>30.5</ele>
            </trkpt>
            <trkpt lat="-37.9232666" lon="-73.396166">
                <ele>31</ele>
            </trkpt>
            <trkpt lat="-37.9234253" lon="-73.3961874">
                <ele>31.5</ele>
            </trkpt>
            <trkpt lat="-37.923567" lon="-73.3962142">
                <ele>32</ele>
            </trkpt>
            <trkpt lat="-37.923713" lon="-73.3962464">
                <ele>32.2</ele>
            </trkpt>
            <trkpt lat="-37.9238759" lon="-73.3962867">
                <ele>32</ele>
            </trkpt>
            <trkpt lat="-37.9240367" lon="-73.3963349">
                <ele>31.2</ele>
            </trkpt>
            <trkpt lat="-37.9241785" lon="-73.3963752">
                <ele>30.2</ele>
            </trkpt>
            <trkpt lat="-37.924316" lon="-73.3964235">
                <ele>29.8</ele>
            </trkpt>
            <trkpt lat="-37.9244387" lon="-73.3964717">
                <ele>30</ele>
            </trkpt>
            <trkpt lat="-37.9245699" lon="-73.3965281">
                <ele>29.8</ele>
            </trkpt>
            <trkpt lat="-37.9247011" lon="-73.3965871">
                <ele>29.5</ele>
            </trkpt>
            <trkpt lat="-37.9248534" lon="-73.3966622">
                <ele>29</ele>
            </trkpt>
            <trkpt lat="-37.9249846" lon="-73.3967265">
                <ele>28.5</ele>
            </trkpt>
            <trkpt lat="-37.9251348" lon="-73.3968043">
                <ele>28.2</ele>
            </trkpt>
            <trkpt lat="-37.9277181" lon="-73.3981964">
                <ele>29.5</ele>
            </trkpt>
            <trkpt lat="-37.9307054" lon="-73.3998486">
                <ele>32</ele>
            </trkpt>
            <trkpt lat="-37.9356156" lon="-73.4024718">
                <ele>39</ele>
            </trkpt>
            <trkpt lat="-37.940555" lon="-73.4049904">
                <ele>51.5</ele>
            </trkpt>
            <trkpt lat="-37.9415259" lon="-73.4055725">
                <ele>54.5</ele>
            </trkpt>
            <trkpt lat="-37.9424059" lon="-73.4059936">
                <ele>55.2</ele>
            </trkpt>
            <trkpt lat="-37.9430405" lon="-73.4061787">
                <ele>55.1</ele>
            </trkpt>
            <trkpt lat="-37.9438231" lon="-73.4062135">
                <ele>55</ele>
            </trkpt>
            <trkpt lat="-37.948155" lon="-73.4055778">
                <ele>62.2</ele>
            </trkpt>
            <trkpt lat="-37.9525352" lon="-73.4049556">
                <ele>65</ele>
            </trkpt>
            <trkpt lat="-37.9527171" lon="-73.4049153">
                <ele>64.8</ele>
            </trkpt>
            <trkpt lat="-37.9535927" lon="-73.4047812">
                <ele>64</ele>
            </trkpt>
            <trkpt lat="-37.9563167" lon="-73.4044191">
                <ele>64.5</ele>
            </trkpt>
            <trkpt lat="-37.9564563" lon="-73.404395">
                <ele>64.5</ele>
            </trkpt>
            <trkpt lat="-37.9587424" lon="-73.4040651">
                <ele>65</ele>
            </trkpt>
            <trkpt lat="-37.958992" lon="-73.4040302">
                <ele>65</ele>
            </trkpt>
            <trkpt lat="-37.9592119" lon="-73.403998">
                <ele>65</ele>
            </trkpt>
            <trkpt lat="-37.9593768" lon="-73.4039766">
                <ele>64.8</ele>
            </trkpt>
            <trkpt lat="-37.9625616" lon="-73.4035125">
                <ele>60.5</ele>
            </trkpt>
            <trkpt lat="-37.9634752" lon="-73.4033811">
                <ele>55.8</ele>
            </trkpt>
            <trkpt lat="-37.9650337" lon="-73.4031639">
                <ele>40.8</ele>
            </trkpt>
            <trkpt lat="-37.9659176" lon="-73.4030512">
                <ele>53.2</ele>
            </trkpt>
            <trkpt lat="-37.9663363" lon="-73.4029841">
                <ele>59.2</ele>
            </trkpt>
            <trkpt lat="-37.9667359" lon="-73.4029064">
                <ele>62.5</ele>
            </trkpt>
            <trkpt lat="-37.9670277" lon="-73.4028339">
                <ele>64.8</ele>
            </trkpt>
            <trkpt lat="-37.9673745" lon="-73.4027374">
                <ele>67</ele>
            </trkpt>
            <trkpt lat="-37.9682351" lon="-73.4024611">
                <ele>69.2</ele>
            </trkpt>
            <trkpt lat="-37.970929" lon="-73.4015948">
                <ele>72</ele>
            </trkpt>
            <trkpt lat="-37.9749632" lon="-73.4003261">
                <ele>80</ele>
            </trkpt>
            <trkpt lat="-37.9798112" lon="-73.398765">
                <ele>83.5</ele>
            </trkpt>
            <trkpt lat="-37.9819338" lon="-73.3981267">
                <ele>86.8</ele>
            </trkpt>
            <trkpt lat="-37.9842002" lon="-73.3974534">
                <ele>87.8</ele>
            </trkpt>
            <trkpt lat="-37.9861239" lon="-73.3968741">
                <ele>84</ele>
            </trkpt>
            <trkpt lat="-37.988109" lon="-73.3962759">
                <ele>85.5</ele>
            </trkpt>
            <trkpt lat="-37.9903138" lon="-73.3956134">
                <ele>85.8</ele>
            </trkpt>
            <trkpt lat="-37.9921444" lon="-73.3950689">
                <ele>90.8</ele>
            </trkpt>
            <trkpt lat="-37.9936029" lon="-73.3946264">
                <ele>86</ele>
            </trkpt>
            <trkpt lat="-37.9940468" lon="-73.3944923">
                <ele>86</ele>
            </trkpt>
            <trkpt lat="-37.9959598" lon="-73.393921">
                <ele>84.2</ele>
            </trkpt>
            <trkpt lat="-37.9972343" lon="-73.393532">
                <ele>83</ele>
            </trkpt>
            <trkpt lat="-37.9988513" lon="-73.3930331">
                <ele>80.5</ele>
            </trkpt>
            <trkpt lat="-38.0010262" lon="-73.3923867">
                <ele>75.8</ele>
            </trkpt>
            <trkpt lat="-38.00281" lon="-73.3918449">
                <ele>72</ele>
            </trkpt>
            <trkpt lat="-38.0042472" lon="-73.391405">
                <ele>70.8</ele>
            </trkpt>
            <trkpt lat="-38.0060902" lon="-73.3908364">
                <ele>68</ele>
            </trkpt>
            <trkpt lat="-38.007988" lon="-73.3902571">
                <ele>63.8</ele>
            </trkpt>
            <trkpt lat="-38.0097019" lon="-73.3897313">
                <ele>63.5</ele>
            </trkpt>
            <trkpt lat="-38.0114982" lon="-73.3892325">
                <ele>64</ele>
            </trkpt>
            <trkpt lat="-38.0116293" lon="-73.3891922">
                <ele>63.8</ele>
            </trkpt>
            <trkpt lat="-38.0117687" lon="-73.38916">
                <ele>63.5</ele>
            </trkpt>
            <trkpt lat="-38.011923" lon="-73.3891279">
                <ele>63.4</ele>
            </trkpt>
            <trkpt lat="-38.012073" lon="-73.3890983">
                <ele>63.2</ele>
            </trkpt>
            <trkpt lat="-38.01224" lon="-73.3890742">
                <ele>62.5</ele>
            </trkpt>
            <trkpt lat="-38.0123964" lon="-73.3890608">
                <ele>62</ele>
            </trkpt>
            <trkpt lat="-38.0124429" lon="-73.3890581">
                <ele>62</ele>
            </trkpt>
            <trkpt lat="-38.0125295" lon="-73.3890527">
                <ele>61.9</ele>
            </trkpt>
            <trkpt lat="-38.012669" lon="-73.3890527">
                <ele>61.8</ele>
            </trkpt>
            <trkpt lat="-38.0127873" lon="-73.3890608">
                <ele>61.5</ele>
            </trkpt>
            <trkpt lat="-38.0129331" lon="-73.3890769">
                <ele>61.2</ele>
            </trkpt>
            <trkpt lat="-38.0130874" lon="-73.3890983">
                <ele>61.1</ele>
            </trkpt>
            <trkpt lat="-38.0132501" lon="-73.3891225">
                <ele>61</ele>
            </trkpt>
            <trkpt lat="-38.0134149" lon="-73.3891493">
                <ele>60.9</ele>
            </trkpt>
            <trkpt lat="-38.013565" lon="-73.3891761">
                <ele>60.7</ele>
            </trkpt>
            <trkpt lat="-38.0137256" lon="-73.389211">
                <ele>60.6</ele>
            </trkpt>
            <trkpt lat="-38.0139221" lon="-73.3892593">
                <ele>60.4</ele>
            </trkpt>
            <trkpt lat="-38.0160416" lon="-73.3897474">
                <ele>58.7</ele>
            </trkpt>
            <trkpt lat="-38.0190253" lon="-73.3904582">
                <ele>56.2</ele>
            </trkpt>
            <trkpt lat="-38.0215884" lon="-73.3910429">
                <ele>57</ele>
            </trkpt>
            <trkpt lat="-38.022871" lon="-73.3913514">
                <ele>51.8</ele>
            </trkpt>
            <trkpt lat="-38.0250156" lon="-73.3918422">
                <ele>44.5</ele>
            </trkpt>
            <trkpt lat="-38.0264418" lon="-73.3921722">
                <ele>42</ele>
            </trkpt>
            <trkpt lat="-38.0281131" lon="-73.3925825">
                <ele>34.8</ele>
            </trkpt>
            <trkpt lat="-38.0288441" lon="-73.3927596">
                <ele>32.2</ele>
            </trkpt>
            <trkpt lat="-38.0307096" lon="-73.3932129">
                <ele>28.5</ele>
            </trkpt>
            <trkpt lat="-38.0340139" lon="-73.3939773">
                <ele>22.8</ele>
            </trkpt>
            <trkpt lat="-38.0341533" lon="-73.3940068">
                <ele>22.2</ele>
            </trkpt>
            <trkpt lat="-38.043199" lon="-73.3961686">
                <ele>24</ele>
            </trkpt>
            <trkpt lat="-38.0454507" lon="-73.3967024">
                <ele>28.2</ele>
            </trkpt>
            <trkpt lat="-38.0460253" lon="-73.3968258">
                <ele>29.8</ele>
            </trkpt>
            <trkpt lat="-38.0473011" lon="-73.3971182">
                <ele>31</ele>
            </trkpt>
            <trkpt lat="-38.0491641" lon="-73.3975634">
                <ele>32</ele>
            </trkpt>
            <trkpt lat="-38.0518718" lon="-73.3981857">
                <ele>33</ele>
            </trkpt>
            <trkpt lat="-38.0523724" lon="-73.3983144">
                <ele>33.8</ele>
            </trkpt>
            <trkpt lat="-38.0537474" lon="-73.3986175">
                <ele>36</ele>
            </trkpt>
            <trkpt lat="-38.0547443" lon="-73.3988696">
                <ele>34.2</ele>
            </trkpt>
            <trkpt lat="-38.0552976" lon="-73.3989742">
                <ele>34.9</ele>
            </trkpt>
            <trkpt lat="-38.0555532" lon="-73.3989823">
                <ele>35.2</ele>
            </trkpt>
            <trkpt lat="-38.0558172" lon="-73.3989555">
                <ele>36.2</ele>
            </trkpt>
            <trkpt lat="-38.0561107" lon="-73.3988804">
                <ele>37</ele>
            </trkpt>
            <trkpt lat="-38.0571646" lon="-73.398529">
                <ele>41</ele>
            </trkpt>
            <trkpt lat="-38.0584318" lon="-73.3980811">
                <ele>43</ele>
            </trkpt>
            <trkpt lat="-38.0632933" lon="-73.3963752">
                <ele>50.5</ele>
            </trkpt>
            <trkpt lat="-38.0692356" lon="-73.3942133">
                <ele>46.2</ele>
            </trkpt>
            <trkpt lat="-38.0705237" lon="-73.3937305">
                <ele>44.2</ele>
            </trkpt>
            <trkpt lat="-38.0735537" lon="-73.392714">
                <ele>33</ele>
            </trkpt>
            <trkpt lat="-38.0771094" lon="-73.3914667">
                <ele>42.8</ele>
            </trkpt>
            <trkpt lat="-38.07716" lon="-73.3914453">
                <ele>42.9</ele>
            </trkpt>
            <trkpt lat="-38.0780679" lon="-73.3911207">
                <ele>45</ele>
            </trkpt>
            <trkpt lat="-38.0792587" lon="-73.390713">
                <ele>44.2</ele>
            </trkpt>
            <trkpt lat="-38.0804411" lon="-73.3902249">
                <ele>42.2</ele>
            </trkpt>
            <trkpt lat="-38.0813975" lon="-73.3898976">
                <ele>42.8</ele>
            </trkpt>
            <trkpt lat="-38.0887401" lon="-73.3874032">
                <ele>36.8</ele>
            </trkpt>
            <trkpt lat="-38.0894219" lon="-73.3872691">
                <ele>36.9</ele>
            </trkpt>
            <trkpt lat="-38.0900932" lon="-73.3872932">
                <ele>37.1</ele>
            </trkpt>
            <trkpt lat="-38.0909419" lon="-73.3874112">
                <ele>37.2</ele>
            </trkpt>
            <trkpt lat="-38.0910073" lon="-73.387422">
                <ele>37.5</ele>
            </trkpt>
            <trkpt lat="-38.1015636" lon="-73.3888865">
                <ele>29.8</ele>
            </trkpt>
            <trkpt lat="-38.1053458" lon="-73.3894095">
                <ele>23.5</ele>
            </trkpt>
            <trkpt lat="-38.1080388" lon="-73.3898118">
                <ele>21</ele>
            </trkpt>
            <trkpt lat="-38.1095373" lon="-73.3900344">
                <ele>20</ele>
            </trkpt>
            <trkpt lat="-38.1125024" lon="-73.3904663">
                <ele>13.8</ele>
            </trkpt>
            <trkpt lat="-38.1132917" lon="-73.3905977">
                <ele>12</ele>
            </trkpt>
            <trkpt lat="-38.1138192" lon="-73.3906996">
                <ele>11</ele>
            </trkpt>
            <trkpt lat="-38.1149989" lon="-73.3911717">
                <ele>10</ele>
            </trkpt>
            <trkpt lat="-38.1153155" lon="-73.3912495">
                <ele>9.7</ele>
            </trkpt>
            <trkpt lat="-38.1156025" lon="-73.3912683">
                <ele>9.5</ele>
            </trkpt>
            <trkpt lat="-38.1159401" lon="-73.3912146">
                <ele>9.2</ele>
            </trkpt>
            <trkpt lat="-38.1162482" lon="-73.3910993">
                <ele>8.8</ele>
            </trkpt>
            <trkpt lat="-38.1169361" lon="-73.3908284">
                <ele>8.8</ele>
            </trkpt>
            <trkpt lat="-38.117278" lon="-73.3906755">
                <ele>11</ele>
            </trkpt>
            <trkpt lat="-38.1175038" lon="-73.3905709">
                <ele>11.2</ele>
            </trkpt>
            <trkpt lat="-38.1181812" lon="-73.3902597">
                <ele>11.8</ele>
            </trkpt>
            <trkpt lat="-38.1187762" lon="-73.3899727">
                <ele>13</ele>
            </trkpt>
            <trkpt lat="-38.1191983" lon="-73.3899325">
                <ele>13.2</ele>
            </trkpt>
            <trkpt lat="-38.1196055" lon="-73.3899245">
                <ele>14</ele>
            </trkpt>
            <trkpt lat="-38.1198292" lon="-73.3899325">
                <ele>14.2</ele>
            </trkpt>
            <trkpt lat="-38.1204496" lon="-73.3899513">
                <ele>14.8</ele>
            </trkpt>
            <trkpt lat="-38.1212704" lon="-73.3900425">
                <ele>15.5</ele>
            </trkpt>
            <trkpt lat="-38.1221588" lon="-73.3901364">
                <ele>16</ele>
            </trkpt>
            <trkpt lat="-38.1229627" lon="-73.3902436">
                <ele>20</ele>
            </trkpt>
            <trkpt lat="-38.1269548" lon="-73.3908364">
                <ele>27.8</ele>
            </trkpt>
            <trkpt lat="-38.1286386" lon="-73.3911154">
                <ele>26.5</ele>
            </trkpt>
            <trkpt lat="-38.1324384" lon="-73.3917296">
                <ele>17.5</ele>
            </trkpt>
            <trkpt lat="-38.133622" lon="-73.3919603">
                <ele>17.2</ele>
            </trkpt>
            <trkpt lat="-38.1349532" lon="-73.3921695">
                <ele>17</ele>
            </trkpt>
            <trkpt lat="-38.1353351" lon="-73.3922285">
                <ele>16.5</ele>
            </trkpt>
            <trkpt lat="-38.1360756" lon="-73.3923438">
                <ele>16.2</ele>
            </trkpt>
            <trkpt lat="-38.1376958" lon="-73.3926255">
                <ele>15.5</ele>
            </trkpt>
            <trkpt lat="-38.1413411" lon="-73.3931914">
                <ele>17.8</ele>
            </trkpt>
            <trkpt lat="-38.1424761" lon="-73.393406">
                <ele>16.5</ele>
            </trkpt>
            <trkpt lat="-38.1444906" lon="-73.3937413">
                <ele>14.5</ele>
            </trkpt>
            <trkpt lat="-38.1455221" lon="-73.3939612">
                <ele>15</ele>
            </trkpt>
            <trkpt lat="-38.1460684" lon="-73.394157">
                <ele>15.2</ele>
            </trkpt>
            <trkpt lat="-38.146465" lon="-73.3943984">
                <ele>15.5</ele>
            </trkpt>
            <trkpt lat="-38.1468848" lon="-73.3946639">
                <ele>15.3</ele>
            </trkpt>
            <trkpt lat="-38.1481673" lon="-73.3955222">
                <ele>14.5</ele>
            </trkpt>
            <trkpt lat="-38.1483107" lon="-73.3956188">
                <ele>14.6</ele>
            </trkpt>
            <trkpt lat="-38.1496269" lon="-73.3965307">
                <ele>15.1</ele>
            </trkpt>
            <trkpt lat="-38.1500741" lon="-73.3968392">
                <ele>15.3</ele>
            </trkpt>
            <trkpt lat="-38.1526178" lon="-73.3985692">
                <ele>16.2</ele>
            </trkpt>
            <trkpt lat="-38.1539782" lon="-73.3994946">
                <ele>20.8</ele>
            </trkpt>
            <trkpt lat="-38.155501" lon="-73.4005085">
                <ele>21.8</ele>
            </trkpt>
            <trkpt lat="-38.1565071" lon="-73.4012407">
                <ele>22</ele>
            </trkpt>
            <trkpt lat="-38.1578358" lon="-73.4020883">
                <ele>24.8</ele>
            </trkpt>
            <trkpt lat="-38.158536" lon="-73.4025577">
                <ele>25.2</ele>
            </trkpt>
            <trkpt lat="-38.1605965" lon="-73.4039578">
                <ele>28.2</ele>
            </trkpt>
            <trkpt lat="-38.1629437" lon="-73.4055269">
                <ele>31</ele>
            </trkpt>
            <trkpt lat="-38.1642112" lon="-73.4064281">
                <ele>32.2</ele>
            </trkpt>
            <trkpt lat="-38.1647279" lon="-73.4068304">
                <ele>33.2</ele>
            </trkpt>
            <trkpt lat="-38.1664866" lon="-73.4079462">
                <ele>37</ele>
            </trkpt>
            <trkpt lat="-38.1691015" lon="-73.4097138">
                <ele>37.2</ele>
            </trkpt>
            <trkpt lat="-38.1710689" lon="-73.4110656">
                <ele>38.2</ele>
            </trkpt>
            <trkpt lat="-38.173089" lon="-73.4124577">
                <ele>39.2</ele>
            </trkpt>
            <trkpt lat="-38.1782844" lon="-73.4159848">
                <ele>38.2</ele>
            </trkpt>
            <trkpt lat="-38.1796697" lon="-73.416886">
                <ele>37.2</ele>
            </trkpt>
            <trkpt lat="-38.180669" lon="-73.4175888">
                <ele>39</ele>
            </trkpt>
            <trkpt lat="-38.1823199" lon="-73.4186938">
                <ele>38.2</ele>
            </trkpt>
            <trkpt lat="-38.1830515" lon="-73.4191766">
                <ele>37.8</ele>
            </trkpt>
            <trkpt lat="-38.1837388" lon="-73.4196514">
                <ele>37.5</ele>
            </trkpt>
            <trkpt lat="-38.1842891" lon="-73.4200618">
                <ele>35.2</ele>
            </trkpt>
            <trkpt lat="-38.1865428" lon="-73.4215558">
                <ele>31</ele>
            </trkpt>
            <trkpt lat="-38.1875252" lon="-73.4222478">
                <ele>30.2</ele>
            </trkpt>
            <trkpt lat="-38.1887585" lon="-73.4231088">
                <ele>30.5</ele>
            </trkpt>
            <trkpt lat="-38.1898716" lon="-73.4238517">
                <ele>28.5</ele>
            </trkpt>
            <trkpt lat="-38.1900951" lon="-73.4240127">
                <ele>27.8</ele>
            </trkpt>
            <trkpt lat="-38.1905441" lon="-73.4243238">
                <ele>26.2</ele>
            </trkpt>
            <trkpt lat="-38.191031" lon="-73.4246671">
                <ele>25.5</ele>
            </trkpt>
            <trkpt lat="-38.1914253" lon="-73.4249461">
                <ele>25.4</ele>
            </trkpt>
            <trkpt lat="-38.1917457" lon="-73.4252572">
                <ele>25.2</ele>
            </trkpt>
            <trkpt lat="-38.1923929" lon="-73.4259948">
                <ele>23.5</ele>
            </trkpt>
            <trkpt lat="-38.192728" lon="-73.4264213">
                <ele>23</ele>
            </trkpt>
            <trkpt lat="-38.1939275" lon="-73.4278294">
                <ele>21.2</ele>
            </trkpt>
            <trkpt lat="-38.1942564" lon="-73.428205">
                <ele>20</ele>
            </trkpt>
            <trkpt lat="-38.1971042" lon="-73.431665">
                <ele>18.5</ele>
            </trkpt>
            <trkpt lat="-38.1992838" lon="-73.4343123">
                <ele>19</ele>
            </trkpt>
            <trkpt lat="-38.2017162" lon="-73.437236">
                <ele>14.8</ele>
            </trkpt>
            <trkpt lat="-38.2020766" lon="-73.437641">
                <ele>13.5</ele>
            </trkpt>
            <trkpt lat="-38.2081636" lon="-73.4449688">
                <ele>13.8</ele>
            </trkpt>
            <trkpt lat="-38.2105283" lon="-73.4477958">
                <ele>21</ele>
            </trkpt>
            <trkpt lat="-38.2108402" lon="-73.4482169">
                <ele>21.5</ele>
            </trkpt>
            <trkpt lat="-38.2114282" lon="-73.4488875">
                <ele>23</ele>
            </trkpt>
            <trkpt lat="-38.2120604" lon="-73.4496385">
                <ele>23.5</ele>
            </trkpt>
            <trkpt lat="-38.2124651" lon="-73.4500569">
                <ele>22.5</ele>
            </trkpt>
            <trkpt lat="-38.2130404" lon="-73.450647">
                <ele>20.5</ele>
            </trkpt>
            <trkpt lat="-38.2139846" lon="-73.4515536">
                <ele>18.8</ele>
            </trkpt>
            <trkpt lat="-38.215662" lon="-73.453238">
                <ele>16.5</ele>
            </trkpt>
            <trkpt lat="-38.2159339" lon="-73.453474">
                <ele>16</ele>
            </trkpt>
            <trkpt lat="-38.2163996" lon="-73.4538066">
                <ele>15.2</ele>
            </trkpt>
            <trkpt lat="-38.2169307" lon="-73.4540802">
                <ele>17.2</ele>
            </trkpt>
            <trkpt lat="-38.2173585" lon="-73.4542814">
                <ele>17.2</ele>
            </trkpt>
            <trkpt lat="-38.2174786" lon="-73.4543216">
                <ele>20</ele>
            </trkpt>
            <trkpt lat="-38.2179886" lon="-73.4544611">
                <ele>24.2</ele>
            </trkpt>
            <trkpt lat="-38.2186102" lon="-73.4546167">
                <ele>28.8</ele>
            </trkpt>
            <trkpt lat="-38.2193941" lon="-73.4548688">
                <ele>39.2</ele>
            </trkpt>
            <trkpt lat="-38.219805" lon="-73.4549788">
                <ele>46.8</ele>
            </trkpt>
            <trkpt lat="-38.2202918" lon="-73.4551933">
                <ele>52</ele>
            </trkpt>
            <trkpt lat="-38.2209619" lon="-73.4555393">
                <ele>53</ele>
            </trkpt>
            <trkpt lat="-38.2215604" lon="-73.4558237">
                <ele>54.2</ele>
            </trkpt>
            <trkpt lat="-38.2219439" lon="-73.4560624">
                <ele>55.8</ele>
            </trkpt>
            <trkpt lat="-38.2224538" lon="-73.4563816">
                <ele>56.5</ele>
            </trkpt>
            <trkpt lat="-38.2229848" lon="-73.4567142">
                <ele>54.8</ele>
            </trkpt>
            <trkpt lat="-38.2235664" lon="-73.4570682">
                <ele>52.8</ele>
            </trkpt>
            <trkpt lat="-38.2242323" lon="-73.4575">
                <ele>48.2</ele>
            </trkpt>
            <trkpt lat="-38.2260022" lon="-73.4585005">
                <ele>46.5</ele>
            </trkpt>
            <trkpt lat="-38.226706" lon="-73.4590745">
                <ele>49.8</ele>
            </trkpt>
            <trkpt lat="-38.227001" lon="-73.4594259">
                <ele>52.8</ele>
            </trkpt>
            <trkpt lat="-38.2272201" lon="-73.4597397">
                <ele>55.2</ele>
            </trkpt>
            <trkpt lat="-38.2274034" lon="-73.4600857">
                <ele>56.2</ele>
            </trkpt>
            <trkpt lat="-38.2275762" lon="-73.4605578">
                <ele>55.5</ele>
            </trkpt>
            <trkpt lat="-38.2278649" lon="-73.4613141">
                <ele>54.5</ele>
            </trkpt>
            <trkpt lat="-38.2282589" lon="-73.462269">
                <ele>53.8</ele>
            </trkpt>
            <trkpt lat="-38.2284253" lon="-73.4626767">
                <ele>52.5</ele>
            </trkpt>
            <trkpt lat="-38.2289584" lon="-73.4639937">
                <ele>51.2</ele>
            </trkpt>
            <trkpt lat="-38.2291291" lon="-73.4643397">
                <ele>51.5</ele>
            </trkpt>
            <trkpt lat="-38.2293271" lon="-73.4647635">
                <ele>49.5</ele>
            </trkpt>
            <trkpt lat="-38.230073" lon="-73.4663245">
                <ele>46.2</ele>
            </trkpt>
            <trkpt lat="-38.2312444" lon="-73.46854">
                <ele>49</ele>
            </trkpt>
            <trkpt lat="-38.2314256" lon="-73.4688163">
                <ele>48.5</ele>
            </trkpt>
            <trkpt lat="-38.2316469" lon="-73.4690335">
                <ele>46.8</ele>
            </trkpt>
            <trkpt lat="-38.2318512" lon="-73.4691596">
                <ele>46.2</ele>
            </trkpt>
            <trkpt lat="-38.2320977" lon="-73.4692562">
                <ele>44.5</ele>
            </trkpt>
            <trkpt lat="-38.2323379" lon="-73.4692857">
                <ele>43</ele>
            </trkpt>
            <trkpt lat="-38.2327066" lon="-73.4692535">
                <ele>42.2</ele>
            </trkpt>
            <trkpt lat="-38.2334061" lon="-73.4691757">
                <ele>40</ele>
            </trkpt>
            <trkpt lat="-38.2336927" lon="-73.4691918">
                <ele>39</ele>
            </trkpt>
            <trkpt lat="-38.2340255" lon="-73.4692803">
                <ele>38.5</ele>
            </trkpt>
            <trkpt lat="-38.2345396" lon="-73.4695137">
                <ele>39</ele>
            </trkpt>
            <trkpt lat="-38.235218" lon="-73.4698221">
                <ele>39.8</ele>
            </trkpt>
            <trkpt lat="-38.2355382" lon="-73.4699267">
                <ele>38.8</ele>
            </trkpt>
            <trkpt lat="-38.2358585" lon="-73.4700045">
                <ele>37</ele>
            </trkpt>
            <trkpt lat="-38.2362251" lon="-73.4700528">
                <ele>34.5</ele>
            </trkpt>
            <trkpt lat="-38.2365411" lon="-73.4700876">
                <ele>31.8</ele>
            </trkpt>
            <trkpt lat="-38.2371057" lon="-73.4700957">
                <ele>30.2</ele>
            </trkpt>
            <trkpt lat="-38.2373058" lon="-73.4701011">
                <ele>29.8</ele>
            </trkpt>
            <trkpt lat="-38.2375186" lon="-73.4701279">
                <ele>29.5</ele>
            </trkpt>
            <trkpt lat="-38.2378346" lon="-73.4701869">
                <ele>29</ele>
            </trkpt>
            <trkpt lat="-38.2381169" lon="-73.470313">
                <ele>27.2</ele>
            </trkpt>
            <trkpt lat="-38.2383782" lon="-73.4705007">
                <ele>24.2</ele>
            </trkpt>
            <trkpt lat="-38.2386436" lon="-73.4707689">
                <ele>20.5</ele>
            </trkpt>
            <trkpt lat="-38.2391408" lon="-73.4714422">
                <ele>13.2</ele>
            </trkpt>
            <trkpt lat="-38.2397307" lon="-73.4722388">
                <ele>11.5</ele>
            </trkpt>
            <trkpt lat="-38.241041" lon="-73.4738669">
                <ele>11.2</ele>
            </trkpt>
            <trkpt lat="-38.2419068" lon="-73.4748861">
                <ele>9</ele>
            </trkpt>
            <trkpt lat="-38.2425852" lon="-73.4756264">
                <ele>11</ele>
            </trkpt>
            <trkpt lat="-38.243076" lon="-73.4762004">
                <ele>11.5</ele>
            </trkpt>
            <trkpt lat="-38.2433288" lon="-73.4765518">
                <ele>11.8</ele>
            </trkpt>
            <trkpt lat="-38.2434383" lon="-73.47671">
                <ele>11.5</ele>
            </trkpt>
            <trkpt lat="-38.2436827" lon="-73.4770989">
                <ele>10.8</ele>
            </trkpt>
            <trkpt lat="-38.2439291" lon="-73.477504">
                <ele>10</ele>
            </trkpt>
            <trkpt lat="-38.2443505" lon="-73.4782308">
                <ele>10.5</ele>
            </trkpt>
            <trkpt lat="-38.2448371" lon="-73.4790194">
                <ele>14</ele>
            </trkpt>
            <trkpt lat="-38.2451699" lon="-73.4795612">
                <ele>13.5</ele>
            </trkpt>
            <trkpt lat="-38.2456312" lon="-73.4803712">
                <ele>12.8</ele>
            </trkpt>
            <trkpt lat="-38.2457239" lon="-73.4805429">
                <ele>12.9</ele>
            </trkpt>
            <trkpt lat="-38.2458208" lon="-73.4807253">
                <ele>13.1</ele>
            </trkpt>
            <trkpt lat="-38.2461536" lon="-73.4812644">
                <ele>13.8</ele>
            </trkpt>
            <trkpt lat="-38.2465012" lon="-73.481943">
                <ele>13.1</ele>
            </trkpt>
            <trkpt lat="-38.2466761" lon="-73.4823239">
                <ele>12.8</ele>
            </trkpt>
            <trkpt lat="-38.2470363" lon="-73.4832439">
                <ele>10.8</ele>
            </trkpt>
            <trkpt lat="-38.2473733" lon="-73.4841451">
                <ele>9.5</ele>
            </trkpt>
            <trkpt lat="-38.2474238" lon="-73.4845823">
                <ele>8.2</ele>
            </trkpt>
            <trkpt lat="-38.2474744" lon="-73.4850866">
                <ele>7.5</ele>
            </trkpt>
            <trkpt lat="-38.2475755" lon="-73.4861353">
                <ele>6.5</ele>
            </trkpt>
            <trkpt lat="-38.2476429" lon="-73.4867227">
                <ele>5.5</ele>
            </trkpt>
            <trkpt lat="-38.2477082" lon="-73.4870151">
                <ele>4.5</ele>
            </trkpt>
            <trkpt lat="-38.2478199" lon="-73.4872806">
                <ele>4.8</ele>
            </trkpt>
            <trkpt lat="-38.2479231" lon="-73.4874576">
                <ele>5</ele>
            </trkpt>
            <trkpt lat="-38.2480537" lon="-73.4876668">
                <ele>5.8</ele>
            </trkpt>
            <trkpt lat="-38.2483675" lon="-73.4880611">
                <ele>6.2</ele>
            </trkpt>
            <trkpt lat="-38.2492227" lon="-73.4892681">
                <ele>6.8</ele>
            </trkpt>
            <trkpt lat="-38.2493407" lon="-73.4894612">
                <ele>7.5</ele>
            </trkpt>
            <trkpt lat="-38.2494481" lon="-73.4896302">
                <ele>7.8</ele>
            </trkpt>
            <trkpt lat="-38.2495345" lon="-73.4898528">
                <ele>7.6</ele>
            </trkpt>
            <trkpt lat="-38.249564" lon="-73.4899735">
                <ele>7.6</ele>
            </trkpt>
            <trkpt lat="-38.2495766" lon="-73.4900621">
                <ele>7.6</ele>
            </trkpt>
            <trkpt lat="-38.2495998" lon="-73.4902096">
                <ele>7.5</ele>
            </trkpt>
            <trkpt lat="-38.2496145" lon="-73.4905154">
                <ele>6.5</ele>
            </trkpt>
            <trkpt lat="-38.2496293" lon="-73.4907997">
                <ele>6</ele>
            </trkpt>
            <trkpt lat="-38.2496272" lon="-73.4909257">
                <ele>5.8</ele>
            </trkpt>
            <trkpt lat="-38.2496398" lon="-73.4913871">
                <ele>5.8</ele>
            </trkpt>
            <trkpt lat="-38.2496419" lon="-73.4917358">
                <ele>5</ele>
            </trkpt>
            <trkpt lat="-38.2496503" lon="-73.4918189">
                <ele>5.3</ele>
            </trkpt>
            <trkpt lat="-38.2496925" lon="-73.494021">
                <ele>14</ele>
            </trkpt>
            <trkpt lat="-38.2498483" lon="-73.4950241">
                <ele>19</ele>
            </trkpt>
            <trkpt lat="-38.250059" lon="-73.4957108">
                <ele>21</ele>
            </trkpt>
            <trkpt lat="-38.2503623" lon="-73.4965423">
                <ele>23.2</ele>
            </trkpt>
            <trkpt lat="-38.2506151" lon="-73.4973684">
                <ele>30.8</ele>
            </trkpt>
            <trkpt lat="-38.2506677" lon="-73.4982911">
                <ele>42.5</ele>
            </trkpt>
            <trkpt lat="-38.2508699" lon="-73.4997797">
                <ele>30.8</ele>
            </trkpt>
            <trkpt lat="-38.2508994" lon="-73.4999487">
                <ele>29.2</ele>
            </trkpt>
            <trkpt lat="-38.2509352" lon="-73.5001123">
                <ele>28.2</ele>
            </trkpt>
            <trkpt lat="-38.2509774" lon="-73.5002732">
                <ele>27.8</ele>
            </trkpt>
            <trkpt lat="-38.2510216" lon="-73.5004288">
                <ele>27.5</ele>
            </trkpt>
            <trkpt lat="-38.25107" lon="-73.500579">
                <ele>27.2</ele>
            </trkpt>
            <trkpt lat="-38.2511248" lon="-73.5007265">
                <ele>27.5</ele>
            </trkpt>
            <trkpt lat="-38.2511796" lon="-73.5008553">
                <ele>27.8</ele>
            </trkpt>
            <trkpt lat="-38.2512385" lon="-73.5009813">
                <ele>28</ele>
            </trkpt>
            <trkpt lat="-38.2512996" lon="-73.5011047">
                <ele>28.3</ele>
            </trkpt>
            <trkpt lat="-38.2516809" lon="-73.5018209">
                <ele>30.2</ele>
            </trkpt>
            <trkpt lat="-38.2518241" lon="-73.5021052">
                <ele>31</ele>
            </trkpt>
            <trkpt lat="-38.2519336" lon="-73.502309">
                <ele>32</ele>
            </trkpt>
            <trkpt lat="-38.252039" lon="-73.5024834">
                <ele>32.5</ele>
            </trkpt>
            <trkpt lat="-38.2521485" lon="-73.5026497">
                <ele>33.8</ele>
            </trkpt>
            <trkpt lat="-38.2522643" lon="-73.5028079">
                <ele>35</ele>
            </trkpt>
            <trkpt lat="-38.2523718" lon="-73.5029447">
                <ele>35.8</ele>
            </trkpt>
            <trkpt lat="-38.2524813" lon="-73.5030735">
                <ele>36.2</ele>
            </trkpt>
            <trkpt lat="-38.252595" lon="-73.5031968">
                <ele>36.5</ele>
            </trkpt>
            <trkpt lat="-38.2533596" lon="-73.50398">
                <ele>38</ele>
            </trkpt>
            <trkpt lat="-38.2535913" lon="-73.5042214">
                <ele>38.8</ele>
            </trkpt>
            <trkpt lat="-38.2537493" lon="-73.5043958">
                <ele>39.5</ele>
            </trkpt>
            <trkpt lat="-38.253903" lon="-73.5045728">
                <ele>39.8</ele>
            </trkpt>
            <trkpt lat="-38.2540631" lon="-73.5047713">
                <ele>40</ele>
            </trkpt>
            <trkpt lat="-38.2542232" lon="-73.5049698">
                <ele>39.8</ele>
            </trkpt>
            <trkpt lat="-38.2543453" lon="-73.5051307">
                <ele>39.2</ele>
            </trkpt>
            <trkpt lat="-38.2544654" lon="-73.5052943">
                <ele>39.5</ele>
            </trkpt>
            <trkpt lat="-38.2546529" lon="-73.5055625">
                <ele>40</ele>
            </trkpt>
            <trkpt lat="-38.254834" lon="-73.5058388">
                <ele>41</ele>
            </trkpt>
            <trkpt lat="-38.2550088" lon="-73.5061231">
                <ele>43</ele>
            </trkpt>
            <trkpt lat="-38.2554511" lon="-73.5067829">
                <ele>46</ele>
            </trkpt>
            <trkpt lat="-38.2556133" lon="-73.5070163">
                <ele>48.2</ele>
            </trkpt>
            <trkpt lat="-38.2557018" lon="-73.5071424">
                <ele>49.5</ele>
            </trkpt>
            <trkpt lat="-38.2557944" lon="-73.5072631">
                <ele>51</ele>
            </trkpt>
            <trkpt lat="-38.2558892" lon="-73.5073757">
                <ele>52.8</ele>
            </trkpt>
            <trkpt lat="-38.2560219" lon="-73.5075179">
                <ele>55.2</ele>
            </trkpt>
            <trkpt lat="-38.2561588" lon="-73.5076493">
                <ele>57.8</ele>
            </trkpt>
            <trkpt lat="-38.2562662" lon="-73.5077351">
                <ele>60.5</ele>
            </trkpt>
            <trkpt lat="-38.2563779" lon="-73.5078129">
                <ele>63</ele>
            </trkpt>
            <trkpt lat="-38.2564937" lon="-73.50788">
                <ele>64.8</ele>
            </trkpt>
            <trkpt lat="-38.2566159" lon="-73.5079336">
                <ele>66.5</ele>
            </trkpt>
            <trkpt lat="-38.256738" lon="-73.5079792">
                <ele>68.2</ele>
            </trkpt>
            <trkpt lat="-38.2568623" lon="-73.5080141">
                <ele>70</ele>
            </trkpt>
            <trkpt lat="-38.2569908" lon="-73.5080355">
                <ele>71.8</ele>
            </trkpt>
            <trkpt lat="-38.2578606" lon="-73.508167">
                <ele>81</ele>
            </trkpt>
            <trkpt lat="-38.2587431" lon="-73.5083011">
                <ele>87.2</ele>
            </trkpt>
            <trkpt lat="-38.2601394" lon="-73.5084781">
                <ele>88.5</ele>
            </trkpt>
            <trkpt lat="-38.260944" lon="-73.5085586">
                <ele>86</ele>
            </trkpt>
            <trkpt lat="-38.2613883" lon="-73.5086283">
                <ele>87.8</ele>
            </trkpt>
            <trkpt lat="-38.2620686" lon="-73.5087302">
                <ele>92.2</ele>
            </trkpt>
            <trkpt lat="-38.2626835" lon="-73.508808">
                <ele>94.2</ele>
            </trkpt>
            <trkpt lat="-38.2637408" lon="-73.5089394">
                <ele>90.2</ele>
            </trkpt>
            <trkpt lat="-38.2639998" lon="-73.5089716">
                <ele>88.8</ele>
            </trkpt>
            <trkpt lat="-38.2641493" lon="-73.508985">
                <ele>87.8</ele>
            </trkpt>
            <trkpt lat="-38.2642988" lon="-73.5089904">
                <ele>86.8</ele>
            </trkpt>
            <trkpt lat="-38.2644484" lon="-73.5089904">
                <ele>85.8</ele>
            </trkpt>
            <trkpt lat="-38.2646105" lon="-73.508985">
                <ele>85.2</ele>
            </trkpt>
            <trkpt lat="-38.2647706" lon="-73.5089716">
                <ele>84.8</ele>
            </trkpt>
            <trkpt lat="-38.2649896" lon="-73.5089394">
                <ele>84</ele>
            </trkpt>
            <trkpt lat="-38.2651623" lon="-73.5089073">
                <ele>84.1</ele>
            </trkpt>
            <trkpt lat="-38.2653329" lon="-73.5088697">
                <ele>84.2</ele>
            </trkpt>
            <trkpt lat="-38.2654634" lon="-73.5088375">
                <ele>84.2</ele>
            </trkpt>
            <trkpt lat="-38.265594" lon="-73.5088">
                <ele>84.1</ele>
            </trkpt>
            <trkpt lat="-38.2657246" lon="-73.5087544">
                <ele>84</ele>
            </trkpt>
            <trkpt lat="-38.2658657" lon="-73.5086954">
                <ele>83.8</ele>
            </trkpt>
            <trkpt lat="-38.2660047" lon="-73.5086283">
                <ele>83.6</ele>
            </trkpt>
            <trkpt lat="-38.2661415" lon="-73.5085505">
                <ele>83.5</ele>
            </trkpt>
            <trkpt lat="-38.2668828" lon="-73.5081133">
                <ele>84</ele>
            </trkpt>
            <trkpt lat="-38.2673609" lon="-73.5078371">
                <ele>87.8</ele>
            </trkpt>
            <trkpt lat="-38.2674598" lon="-73.5077754">
                <ele>88.8</ele>
            </trkpt>
            <trkpt lat="-38.2675693" lon="-73.5077003">
                <ele>90</ele>
            </trkpt>
            <trkpt lat="-38.2676767" lon="-73.5076171">
                <ele>91.8</ele>
            </trkpt>
            <trkpt lat="-38.2677589" lon="-73.507542">
                <ele>93.5</ele>
            </trkpt>
            <trkpt lat="-38.2678368" lon="-73.5074642">
                <ele>95</ele>
            </trkpt>
            <trkpt lat="-38.2679126" lon="-73.5073784">
                <ele>96.5</ele>
            </trkpt>
            <trkpt lat="-38.2679863" lon="-73.5072792">
                <ele>98</ele>
            </trkpt>
            <trkpt lat="-38.2680558" lon="-73.5071719">
                <ele>99.2</ele>
            </trkpt>
            <trkpt lat="-38.2681169" lon="-73.5070619">
                <ele>100.5</ele>
            </trkpt>
            <trkpt lat="-38.2681716" lon="-73.5069439">
                <ele>102</ele>
            </trkpt>
            <trkpt lat="-38.2682158" lon="-73.5068312">
                <ele>103.2</ele>
            </trkpt>
            <trkpt lat="-38.2682537" lon="-73.5067159">
                <ele>104.2</ele>
            </trkpt>
            <trkpt lat="-38.2682853" lon="-73.5065979">
                <ele>105</ele>
            </trkpt>
            <trkpt lat="-38.2683106" lon="-73.5064772">
                <ele>105.8</ele>
            </trkpt>
            <trkpt lat="-38.2685064" lon="-73.5053319">
                <ele>111.8</ele>
            </trkpt>
            <trkpt lat="-38.2685443" lon="-73.5051361">
                <ele>112.8</ele>
            </trkpt>
            <trkpt lat="-38.2685823" lon="-73.5049617">
                <ele>113.5</ele>
            </trkpt>
            <trkpt lat="-38.2686307" lon="-73.504774">
                <ele>114.5</ele>
            </trkpt>
            <trkpt lat="-38.2686854" lon="-73.5045889">
                <ele>115.5</ele>
            </trkpt>
            <trkpt lat="-38.2687507" lon="-73.5044199">
                <ele>116.2</ele>
            </trkpt>
            <trkpt lat="-38.2688223" lon="-73.5042536">
                <ele>116.8</ele>
            </trkpt>
            <trkpt lat="-38.2689023" lon="-73.5040954">
                <ele>117.2</ele>
            </trkpt>
            <trkpt lat="-38.268976" lon="-73.5039666">
                <ele>117.5</ele>
            </trkpt>
            <trkpt lat="-38.269054" lon="-73.5038406">
                <ele>117.7</ele>
            </trkpt>
            <trkpt lat="-38.2691382" lon="-73.5037225">
                <ele>118</ele>
            </trkpt>
            <trkpt lat="-38.2692372" lon="-73.5035911">
                <ele>118.2</ele>
            </trkpt>
            <trkpt lat="-38.2693404" lon="-73.5034704">
                <ele>119</ele>
            </trkpt>
            <trkpt lat="-38.269433" lon="-73.5033739">
                <ele>119.2</ele>
            </trkpt>
            <trkpt lat="-38.2695278" lon="-73.5032853">
                <ele>119.8</ele>
            </trkpt>
            <trkpt lat="-38.2696267" lon="-73.5032049">
                <ele>120.5</ele>
            </trkpt>
            <trkpt lat="-38.2697362" lon="-73.5031271">
                <ele>121.5</ele>
            </trkpt>
            <trkpt lat="-38.2698479" lon="-73.5030547">
                <ele>122.5</ele>
            </trkpt>
            <trkpt lat="-38.2699868" lon="-73.5029742">
                <ele>124</ele>
            </trkpt>
            <trkpt lat="-38.27013" lon="-73.5029072">
                <ele>125.8</ele>
            </trkpt>
            <trkpt lat="-38.2705301" lon="-73.502714">
                <ele>130</ele>
            </trkpt>
            <trkpt lat="-38.2717115" lon="-73.5021695">
                <ele>138.2</ele>
            </trkpt>
            <trkpt lat="-38.2722337" lon="-73.5019228">
                <ele>142</ele>
            </trkpt>
            <trkpt lat="-38.2737856" lon="-73.5012227">
                <ele>146.2</ele>
            </trkpt>
            <trkpt lat="-38.2740657" lon="-73.501094">
                <ele>145.9</ele>
            </trkpt>
            <trkpt lat="-38.2770199" lon="-73.4997341">
                <ele>142.5</ele>
            </trkpt>
            <trkpt lat="-38.2774263" lon="-73.499549">
                <ele>143.3</ele>
            </trkpt>
            <trkpt lat="-38.2777421" lon="-73.4994015">
                <ele>144</ele>
            </trkpt>
            <trkpt lat="-38.2795087" lon="-73.4986076">
                <ele>148</ele>
            </trkpt>
            <trkpt lat="-38.2806709" lon="-73.4980685">
                <ele>144.5</ele>
            </trkpt>
            <trkpt lat="-38.2810436" lon="-73.4978995">
                <ele>143.8</ele>
            </trkpt>
            <trkpt lat="-38.2814499" lon="-73.4977117">
                <ele>144</ele>
            </trkpt>
            <trkpt lat="-38.2827848" lon="-73.4971189">
                <ele>147.2</ele>
            </trkpt>
            <trkpt lat="-38.2832606" lon="-73.4969017">
                <ele>147.8</ele>
            </trkpt>
            <trkpt lat="-38.2837617" lon="-73.4966737">
                <ele>148.5</ele>
            </trkpt>
            <trkpt lat="-38.2840228" lon="-73.4965557">
                <ele>148.2</ele>
            </trkpt>
            <trkpt lat="-38.2841996" lon="-73.4964672">
                <ele>148.1</ele>
            </trkpt>
            <trkpt lat="-38.2843428" lon="-73.4963813">
                <ele>148</ele>
            </trkpt>
            <trkpt lat="-38.2844796" lon="-73.4962901">
                <ele>147.9</ele>
            </trkpt>
            <trkpt lat="-38.2846165" lon="-73.4961909">
                <ele>147.8</ele>
            </trkpt>
            <trkpt lat="-38.2847449" lon="-73.4960863">
                <ele>147.5</ele>
            </trkpt>
            <trkpt lat="-38.2848734" lon="-73.4959763">
                <ele>147</ele>
            </trkpt>
            <trkpt lat="-38.2849976" lon="-73.495861">
                <ele>146.5</ele>
            </trkpt>
            <trkpt lat="-38.2851344" lon="-73.4957135">
                <ele>146.3</ele>
            </trkpt>
            <trkpt lat="-38.285265" lon="-73.4955552">
                <ele>146</ele>
            </trkpt>
            <trkpt lat="-38.2853892" lon="-73.4953916">
                <ele>146.2</ele>
            </trkpt>
            <trkpt lat="-38.285486" lon="-73.4952495">
                <ele>147</ele>
            </trkpt>
            <trkpt lat="-38.2855786" lon="-73.4951046">
                <ele>147.8</ele>
            </trkpt>
            <trkpt lat="-38.2856671" lon="-73.4949517">
                <ele>148</ele>
            </trkpt>
            <trkpt lat="-38.2864271" lon="-73.4934229">
                <ele>149.8</ele>
            </trkpt>
            <trkpt lat="-38.2865008" lon="-73.4932727">
                <ele>149.2</ele>
            </trkpt>
            <trkpt lat="-38.2865787" lon="-73.4931278">
                <ele>149</ele>
            </trkpt>
            <trkpt lat="-38.2866629" lon="-73.4929857">
                <ele>148.5</ele>
            </trkpt>
            <trkpt lat="-38.2867492" lon="-73.4928489">
                <ele>147.8</ele>
            </trkpt>
            <trkpt lat="-38.2868482" lon="-73.4927094">
                <ele>147.5</ele>
            </trkpt>
            <trkpt lat="-38.2869492" lon="-73.492578">
                <ele>147.2</ele>
            </trkpt>
            <trkpt lat="-38.2870545" lon="-73.4924492">
                <ele>147</ele>
            </trkpt>
            <trkpt lat="-38.2871661" lon="-73.4923285">
                <ele>146.8</ele>
            </trkpt>
            <trkpt lat="-38.287284" lon="-73.4922186">
                <ele>146.2</ele>
            </trkpt>
            <trkpt lat="-38.2874061" lon="-73.4921166">
                <ele>145.5</ele>
            </trkpt>
            <trkpt lat="-38.2875324" lon="-73.4920201">
                <ele>144.5</ele>
            </trkpt>
            <trkpt lat="-38.2876608" lon="-73.4919342">
                <ele>143.8</ele>
            </trkpt>
            <trkpt lat="-38.2877871" lon="-73.4918565">
                <ele>143.5</ele>
            </trkpt>
            <trkpt lat="-38.2879177" lon="-73.4917894">
                <ele>143.2</ele>
            </trkpt>
            <trkpt lat="-38.2880482" lon="-73.4917277">
                <ele>143</ele>
            </trkpt>
            <trkpt lat="-38.2881808" lon="-73.4916767">
                <ele>142.9</ele>
            </trkpt>
            <trkpt lat="-38.2889071" lon="-73.491438">
                <ele>142.2</ele>
            </trkpt>
            <trkpt lat="-38.2896777" lon="-73.4911966">
                <ele>140.2</ele>
            </trkpt>
            <trkpt lat="-38.290124" lon="-73.4910491">
                <ele>139.2</ele>
            </trkpt>
            <trkpt lat="-38.2911976" lon="-73.4907004">
                <ele>136.5</ele>
            </trkpt>
            <trkpt lat="-38.2925028" lon="-73.49029">
                <ele>133</ele>
            </trkpt>
            <trkpt lat="-38.2936228" lon="-73.4899306">
                <ele>128</ele>
            </trkpt>
            <trkpt lat="-38.2952563" lon="-73.4894022">
                <ele>118.5</ele>
            </trkpt>
            <trkpt lat="-38.296553" lon="-73.4889838">
                <ele>114.8</ele>
            </trkpt>
            <trkpt lat="-38.2975192" lon="-73.4886673">
                <ele>116.8</ele>
            </trkpt>
            <trkpt lat="-38.2977234" lon="-73.4886056">
                <ele>117.8</ele>
            </trkpt>
            <trkpt lat="-38.2978434" lon="-73.4885734">
                <ele>118.5</ele>
            </trkpt>
            <trkpt lat="-38.2979465" lon="-73.4885466">
                <ele>118.8</ele>
            </trkpt>
            <trkpt lat="-38.2980518" lon="-73.4885252">
                <ele>119</ele>
            </trkpt>
            <trkpt lat="-38.298157" lon="-73.4885117">
                <ele>119.5</ele>
            </trkpt>
            <trkpt lat="-38.2982623" lon="-73.488501">
                <ele>120</ele>
            </trkpt>
            <trkpt lat="-38.2983654" lon="-73.4884983">
                <ele>120.5</ele>
            </trkpt>
            <trkpt lat="-38.2984812" lon="-73.4885037">
                <ele>121.2</ele>
            </trkpt>
            <trkpt lat="-38.298597" lon="-73.4885171">
                <ele>122</ele>
            </trkpt>
            <trkpt lat="-38.2987022" lon="-73.4885386">
                <ele>121.9</ele>
            </trkpt>
            <trkpt lat="-38.2988054" lon="-73.4885654">
                <ele>121.8</ele>
            </trkpt>
            <trkpt lat="-38.2998473" lon="-73.4888604">
                <ele>122.5</ele>
            </trkpt>
            <trkpt lat="-38.2999652" lon="-73.4888926">
                <ele>122</ele>
            </trkpt>
            <trkpt lat="-38.3000515" lon="-73.4889087">
                <ele>121.8</ele>
            </trkpt>
            <trkpt lat="-38.3001378" lon="-73.4889168">
                <ele>121.5</ele>
            </trkpt>
            <trkpt lat="-38.3002262" lon="-73.4889141">
                <ele>121</ele>
            </trkpt>
            <trkpt lat="-38.3003125" lon="-73.4889033">
                <ele>120.5</ele>
            </trkpt>
            <trkpt lat="-38.3003967" lon="-73.4888846">
                <ele>119.8</ele>
            </trkpt>
            <trkpt lat="-38.3004788" lon="-73.4888577">
                <ele>118.8</ele>
            </trkpt>
            <trkpt lat="-38.3005735" lon="-73.4888095">
                <ele>117.8</ele>
            </trkpt>
            <trkpt lat="-38.300664" lon="-73.4887531">
                <ele>116.8</ele>
            </trkpt>
            <trkpt lat="-38.3007588" lon="-73.4886807">
                <ele>115.8</ele>
            </trkpt>
            <trkpt lat="-38.3008472" lon="-73.4886029">
                <ele>114.8</ele>
            </trkpt>
            <trkpt lat="-38.3009229" lon="-73.4885278">
                <ele>113.5</ele>
            </trkpt>
            <trkpt lat="-38.3023353" lon="-73.4869748">
                <ele>92.2</ele>
            </trkpt>
            <trkpt lat="-38.30243" lon="-73.4868836">
                <ele>90.8</ele>
            </trkpt>
            <trkpt lat="-38.3025269" lon="-73.4867978">
                <ele>89.2</ele>
            </trkpt>
            <trkpt lat="-38.3026195" lon="-73.4867308">
                <ele>88.2</ele>
            </trkpt>
            <trkpt lat="-38.3027142" lon="-73.4866691">
                <ele>87.2</ele>
            </trkpt>
            <trkpt lat="-38.30279" lon="-73.4866288">
                <ele>86.5</ele>
            </trkpt>
            <trkpt lat="-38.3028679" lon="-73.486594">
                <ele>86</ele>
            </trkpt>
            <trkpt lat="-38.3029457" lon="-73.4865671">
                <ele>85.5</ele>
            </trkpt>
            <trkpt lat="-38.3030657" lon="-73.4865323">
                <ele>85.2</ele>
            </trkpt>
            <trkpt lat="-38.3031857" lon="-73.4865081">
                <ele>85.5</ele>
            </trkpt>
            <trkpt lat="-38.3033078" lon="-73.4864974">
                <ele>86</ele>
            </trkpt>
            <trkpt lat="-38.3040718" lon="-73.4864464">
                <ele>92</ele>
            </trkpt>
            <trkpt lat="-38.3042823" lon="-73.4864303">
                <ele>94.2</ele>
            </trkpt>
            <trkpt lat="-38.3044002" lon="-73.4864116">
                <ele>95.2</ele>
            </trkpt>
            <trkpt lat="-38.3045159" lon="-73.4863847">
                <ele>96</ele>
            </trkpt>
            <trkpt lat="-38.3046128" lon="-73.4863552">
                <ele>96.5</ele>
            </trkpt>
            <trkpt lat="-38.3047054" lon="-73.4863204">
                <ele>97</ele>
            </trkpt>
            <trkpt lat="-38.3048211" lon="-73.4862641">
                <ele>97.5</ele>
            </trkpt>
            <trkpt lat="-38.3049348" lon="-73.486197">
                <ele>97.6</ele>
            </trkpt>
            <trkpt lat="-38.3050421" lon="-73.4861219">
                <ele>97.7</ele>
            </trkpt>
            <trkpt lat="-38.3051411" lon="-73.4860414">
                <ele>97.8</ele>
            </trkpt>
            <trkpt lat="-38.3052337" lon="-73.4859556">
                <ele>98.2</ele>
            </trkpt>
            <trkpt lat="-38.3053242" lon="-73.4858617">
                <ele>98.7</ele>
            </trkpt>
            <trkpt lat="-38.3054084" lon="-73.4857598">
                <ele>99.2</ele>
            </trkpt>
            <trkpt lat="-38.3066586" lon="-73.4841102">
                <ele>106.8</ele>
            </trkpt>
            <trkpt lat="-38.306747" lon="-73.4839949">
                <ele>107.5</ele>
            </trkpt>
            <trkpt lat="-38.3068417" lon="-73.4838849">
                <ele>108.2</ele>
            </trkpt>
            <trkpt lat="-38.3069385" lon="-73.4837776">
                <ele>109</ele>
            </trkpt>
            <trkpt lat="-38.307029" lon="-73.4836891">
                <ele>109.8</ele>
            </trkpt>
            <trkpt lat="-38.3071216" lon="-73.4836087">
                <ele>110.5</ele>
            </trkpt>
            <trkpt lat="-38.3072079" lon="-73.483547">
                <ele>111.2</ele>
            </trkpt>
            <trkpt lat="-38.3072942" lon="-73.4834906">
                <ele>111.8</ele>
            </trkpt>
            <trkpt lat="-38.3073889" lon="-73.4834397">
                <ele>112</ele>
            </trkpt>
            <trkpt lat="-38.3074879" lon="-73.4833968">
                <ele>112.2</ele>
            </trkpt>
            <trkpt lat="-38.3075868" lon="-73.4833592">
                <ele>112.5</ele>
            </trkpt>
            <trkpt lat="-38.3079298" lon="-73.4832492">
                <ele>111</ele>
            </trkpt>
            <trkpt lat="-38.3091043" lon="-73.4828523">
                <ele>105.8</ele>
            </trkpt>
            <trkpt lat="-38.310527" lon="-73.4823883">
                <ele>108.5</ele>
            </trkpt>
            <trkpt lat="-38.3111794" lon="-73.4821683">
                <ele>110.5</ele>
            </trkpt>
            <trkpt lat="-38.3112699" lon="-73.4821388">
                <ele>110.4</ele>
            </trkpt>
            <trkpt lat="-38.3113625" lon="-73.4821147">
                <ele>110.2</ele>
            </trkpt>
            <trkpt lat="-38.3114551" lon="-73.4820986">
                <ele>110.4</ele>
            </trkpt>
            <trkpt lat="-38.3115435" lon="-73.4820879">
                <ele>110.5</ele>
            </trkpt>
            <trkpt lat="-38.3116319" lon="-73.4820825">
                <ele>110.8</ele>
            </trkpt>
            <trkpt lat="-38.3117203" lon="-73.4820852">
                <ele>111</ele>
            </trkpt>
            <trkpt lat="-38.3118213" lon="-73.4820959">
                <ele>110.8</ele>
            </trkpt>
            <trkpt lat="-38.3119224" lon="-73.4821174">
                <ele>110.5</ele>
            </trkpt>
            <trkpt lat="-38.3120234" lon="-73.4821469">
                <ele>110.2</ele>
            </trkpt>
            <trkpt lat="-38.312137" lon="-73.4821898">
                <ele>110.2</ele>
            </trkpt>
            <trkpt lat="-38.3122465" lon="-73.4822461">
                <ele>110.1</ele>
            </trkpt>
            <trkpt lat="-38.3123559" lon="-73.4823105">
                <ele>110</ele>
            </trkpt>
            <trkpt lat="-38.31276" lon="-73.4825572">
                <ele>108</ele>
            </trkpt>
            <trkpt lat="-38.3134608" lon="-73.4829944">
                <ele>101.8</ele>
            </trkpt>
            <trkpt lat="-38.3142058" lon="-73.4834558">
                <ele>93</ele>
            </trkpt>
            <trkpt lat="-38.3148456" lon="-73.4838688">
                <ele>85</ele>
            </trkpt>
            <trkpt lat="-38.3163903" lon="-73.4848747">
                <ele>74.8</ele>
            </trkpt>
            <trkpt lat="-38.3165207" lon="-73.4849605">
                <ele>73.8</ele>
            </trkpt>
            <trkpt lat="-38.3166554" lon="-73.485041">
                <ele>72.8</ele>
            </trkpt>
            <trkpt lat="-38.3167691" lon="-73.4851">
                <ele>71.8</ele>
            </trkpt>
            <trkpt lat="-38.3168848" lon="-73.4851509">
                <ele>70.5</ele>
            </trkpt>
            <trkpt lat="-38.3170027" lon="-73.4851965">
                <ele>69</ele>
            </trkpt>
            <trkpt lat="-38.3171373" lon="-73.4852421">
                <ele>67</ele>
            </trkpt>
            <trkpt lat="-38.3172741" lon="-73.4852743">
                <ele>65.2</ele>
            </trkpt>
            <trkpt lat="-38.317413" lon="-73.4853011">
                <ele>64</ele>
            </trkpt>
            <trkpt lat="-38.3175519" lon="-73.4853145">
                <ele>63</ele>
            </trkpt>
            <trkpt lat="-38.3176908" lon="-73.4853199">
                <ele>61.8</ele>
            </trkpt>
            <trkpt lat="-38.3178318" lon="-73.4853172">
                <ele>60.5</ele>
            </trkpt>
            <trkpt lat="-38.3179938" lon="-73.4853038">
                <ele>59</ele>
            </trkpt>
            <trkpt lat="-38.3181559" lon="-73.485277">
                <ele>57.2</ele>
            </trkpt>
            <trkpt lat="-38.3185157" lon="-73.4851938">
                <ele>53</ele>
            </trkpt>
            <trkpt lat="-38.3196879" lon="-73.4848934">
                <ele>39</ele>
            </trkpt>
            <trkpt lat="-38.3210704" lon="-73.4843946">
                <ele>53.2</ele>
            </trkpt>
            <trkpt lat="-38.3213734" lon="-73.4842953">
                <ele>57.5</ele>
            </trkpt>
            <trkpt lat="-38.321647" lon="-73.4842926">
                <ele>60</ele>
            </trkpt>
            <trkpt lat="-38.3219164" lon="-73.4843329">
                <ele>61.2</ele>
            </trkpt>
            <trkpt lat="-38.3221626" lon="-73.4844482">
                <ele>62.2</ele>
            </trkpt>
            <trkpt lat="-38.3241406" lon="-73.485505">
                <ele>65.5</ele>
            </trkpt>
            <trkpt lat="-38.3260659" lon="-73.4866744">
                <ele>67.2</ele>
            </trkpt>
            <trkpt lat="-38.3304088" lon="-73.4891877">
                <ele>81.8</ele>
            </trkpt>
            <trkpt lat="-38.3308422" lon="-73.489413">
                <ele>81.2</ele>
            </trkpt>
            <trkpt lat="-38.3311852" lon="-73.48959">
                <ele>80.5</ele>
            </trkpt>
            <trkpt lat="-38.3313114" lon="-73.489641">
                <ele>79.8</ele>
            </trkpt>
            <trkpt lat="-38.3315008" lon="-73.4897187">
                <ele>78.5</ele>
            </trkpt>
            <trkpt lat="-38.3318038" lon="-73.4897885">
                <ele>76.8</ele>
            </trkpt>
            <trkpt lat="-38.3328979" lon="-73.4900674">
                <ele>69.2</ele>
            </trkpt>
            <trkpt lat="-38.3330851" lon="-73.490113">
                <ele>68</ele>
            </trkpt>
            <trkpt lat="-38.3332555" lon="-73.4901613">
                <ele>66.8</ele>
            </trkpt>
            <trkpt lat="-38.3334154" lon="-73.4902149">
                <ele>65.8</ele>
            </trkpt>
            <trkpt lat="-38.3335396" lon="-73.4902605">
                <ele>65</ele>
            </trkpt>
            <trkpt lat="-38.33367" lon="-73.4903142">
                <ele>63.8</ele>
            </trkpt>
            <trkpt lat="-38.3338278" lon="-73.490392">
                <ele>61.8</ele>
            </trkpt>
            <trkpt lat="-38.333954" lon="-73.4904563">
                <ele>60</ele>
            </trkpt>
            <trkpt lat="-38.3341203" lon="-73.4905529">
                <ele>57.8</ele>
            </trkpt>
            <trkpt lat="-38.3343096" lon="-73.4906629">
                <ele>55.5</ele>
            </trkpt>
            <trkpt lat="-38.3344127" lon="-73.4907272">
                <ele>54.5</ele>
            </trkpt>
            <trkpt lat="-38.3354689" lon="-73.4913898">
                <ele>42.2</ele>
            </trkpt>
            <trkpt lat="-38.3376422" lon="-73.4927604">
                <ele>22</ele>
            </trkpt>
            <trkpt lat="-38.3385174" lon="-73.493329">
                <ele>17.2</ele>
            </trkpt>
            <trkpt lat="-38.3391106" lon="-73.4937125">
                <ele>15.8</ele>
            </trkpt>
            <trkpt lat="-38.3397923" lon="-73.4941497">
                <ele>14.2</ele>
            </trkpt>
            <trkpt lat="-38.3398238" lon="-73.4941712">
                <ele>14.1</ele>
            </trkpt>
            <trkpt lat="-38.3403287" lon="-73.494485">
                <ele>11.2</ele>
            </trkpt>
            <trkpt lat="-38.3404865" lon="-73.4945709">
                <ele>11.1</ele>
            </trkpt>
            <trkpt lat="-38.3405833" lon="-73.4946084">
                <ele>11.1</ele>
            </trkpt>
            <trkpt lat="-38.3406759" lon="-73.4946299">
                <ele>11</ele>
            </trkpt>
            <trkpt lat="-38.3407684" lon="-73.4946352">
                <ele>10.5</ele>
            </trkpt>
            <trkpt lat="-38.3408673" lon="-73.4946272">
                <ele>10</ele>
            </trkpt>
            <trkpt lat="-38.3409767" lon="-73.494603">
                <ele>10</ele>
            </trkpt>
            <trkpt lat="-38.3410608" lon="-73.4945789">
                <ele>10</ele>
            </trkpt>
            <trkpt lat="-38.3411618" lon="-73.4945387">
                <ele>10</ele>
            </trkpt>
            <trkpt lat="-38.3412838" lon="-73.4944555">
                <ele>10</ele>
            </trkpt>
            <trkpt lat="-38.3408694" lon="-73.4934336">
                <ele>11</ele>
            </trkpt>
            <trkpt lat="-38.3413974" lon="-73.4930849">
                <ele>10.7</ele>
            </trkpt>
            <trkpt lat="-38.3419171" lon="-73.4927389">
                <ele>10.3</ele>
            </trkpt>
            <trkpt lat="-38.3424346" lon="-73.4923956">
                <ele>10</ele>
            </trkpt>
            <trkpt lat="-38.343194" lon="-73.4918913">
                <ele>9.5</ele>
            </trkpt>
            <trkpt lat="-38.3438146" lon="-73.4914783">
                <ele>7.8</ele>
            </trkpt>
            <trkpt lat="-38.3441722" lon="-73.4912395">
                <ele>6</ele>
            </trkpt>
            <trkpt lat="-38.3444625" lon="-73.4910518">
                <ele>6</ele>
            </trkpt>
            <trkpt lat="-38.3457941" lon="-73.4905073">
                <ele>2</ele>
            </trkpt>
            <trkpt lat="-38.3458761" lon="-73.4904858">
                <ele>2.2</ele>
            </trkpt>
            <trkpt lat="-38.345954" lon="-73.4904644">
                <ele>2.5</ele>
            </trkpt>
            <trkpt lat="-38.3460676" lon="-73.4904483">
                <ele>2.7</ele>
            </trkpt>
            <trkpt lat="-38.3463558" lon="-73.4904054">
                <ele>3.2</ele>
            </trkpt>
            <trkpt lat="-38.3464736" lon="-73.4903812">
                <ele>3.8</ele>
            </trkpt>
            <trkpt lat="-38.3465872" lon="-73.4903517">
                <ele>4.2</ele>
            </trkpt>
            <trkpt lat="-38.3467302" lon="-73.4903035">
                <ele>4.8</ele>
            </trkpt>
            <trkpt lat="-38.3472681" lon="-73.4900626">
                <ele>5.7</ele>
            </trkpt>
            <trkpt lat="-38.3472681" lon="-73.4900626">
                <ele>5.7</ele>
            </trkpt>
            <trkpt lat="-38.3479755" lon="-73.4897456">
                <ele>7</ele>
            </trkpt>
            <trkpt lat="-38.3482742" lon="-73.4896275">
                <ele>9.2</ele>
            </trkpt>
            <trkpt lat="-38.3484551" lon="-73.4895551">
                <ele>11.2</ele>
            </trkpt>
            <trkpt lat="-38.3485561" lon="-73.4895149">
                <ele>12.5</ele>
            </trkpt>
            <trkpt lat="-38.348636" lon="-73.489472">
                <ele>13.8</ele>
            </trkpt>
            <trkpt lat="-38.3487244" lon="-73.4894049">
                <ele>15.5</ele>
            </trkpt>
            <trkpt lat="-38.348777" lon="-73.4893566">
                <ele>17</ele>
            </trkpt>
            <trkpt lat="-38.3488337" lon="-73.4892789">
                <ele>18</ele>
            </trkpt>
            <trkpt lat="-38.34888" lon="-73.489185">
                <ele>19</ele>
            </trkpt>
            <trkpt lat="-38.3489263" lon="-73.4890428">
                <ele>20</ele>
            </trkpt>
            <trkpt lat="-38.3492019" lon="-73.4878948">
                <ele>17.8</ele>
            </trkpt>
            <trkpt lat="-38.3492566" lon="-73.4876856">
                <ele>17.5</ele>
            </trkpt>
            <trkpt lat="-38.3492986" lon="-73.4875461">
                <ele>17.8</ele>
            </trkpt>
            <trkpt lat="-38.349347" lon="-73.4874228">
                <ele>18.2</ele>
            </trkpt>
            <trkpt lat="-38.3494017" lon="-73.4873101">
                <ele>18.8</ele>
            </trkpt>
            <trkpt lat="-38.3494522" lon="-73.4872216">
                <ele>19.2</ele>
            </trkpt>
            <trkpt lat="-38.3495153" lon="-73.4871224">
                <ele>20</ele>
            </trkpt>
            <trkpt lat="-38.3495742" lon="-73.4870473">
                <ele>21</ele>
            </trkpt>
            <trkpt lat="-38.3496646" lon="-73.4869346">
                <ele>22.5</ele>
            </trkpt>
            <trkpt lat="-38.3497845" lon="-73.4867951">
                <ele>24.5</ele>
            </trkpt>
            <trkpt lat="-38.3498624" lon="-73.4867013">
                <ele>25.5</ele>
            </trkpt>
            <trkpt lat="-38.349936" lon="-73.4865725">
                <ele>26</ele>
            </trkpt>
            <trkpt lat="-38.3499865" lon="-73.4864706">
                <ele>26.2</ele>
            </trkpt>
            <trkpt lat="-38.350079" lon="-73.4862641">
                <ele>27</ele>
            </trkpt>
            <trkpt lat="-38.3503651" lon="-73.4855452">
                <ele>28.8</ele>
            </trkpt>
            <trkpt lat="-38.3504576" lon="-73.4853306">
                <ele>29</ele>
            </trkpt>
            <trkpt lat="-38.350546" lon="-73.4851483">
                <ele>29.5</ele>
            </trkpt>
            <trkpt lat="-38.350628" lon="-73.4849873">
                <ele>30.2</ele>
            </trkpt>
            <trkpt lat="-38.3507122" lon="-73.4848425">
                <ele>30.8</ele>
            </trkpt>
            <trkpt lat="-38.3508194" lon="-73.4846708">
                <ele>31</ele>
            </trkpt>
            <trkpt lat="-38.3509162" lon="-73.4845287">
                <ele>31.2</ele>
            </trkpt>
            <trkpt lat="-38.3510466" lon="-73.4843677">
                <ele>31.8</ele>
            </trkpt>
            <trkpt lat="-38.351156" lon="-73.4842497">
                <ele>32.5</ele>
            </trkpt>
            <trkpt lat="-38.3512759" lon="-73.484129">
                <ele>34.2</ele>
            </trkpt>
            <trkpt lat="-38.3513874" lon="-73.4840325">
                <ele>36</ele>
            </trkpt>
            <trkpt lat="-38.3514946" lon="-73.4839439">
                <ele>37.8</ele>
            </trkpt>
            <trkpt lat="-38.3516166" lon="-73.4838581">
                <ele>40</ele>
            </trkpt>
            <trkpt lat="-38.3518712" lon="-73.4836945">
                <ele>44.5</ele>
            </trkpt>
            <trkpt lat="-38.3519995" lon="-73.483606">
                <ele>46.8</ele>
            </trkpt>
            <trkpt lat="-38.3521025" lon="-73.4835309">
                <ele>48.2</ele>
            </trkpt>
            <trkpt lat="-38.3522876" lon="-73.4833807">
                <ele>50.8</ele>
            </trkpt>
            <trkpt lat="-38.3524917" lon="-73.483209">
                <ele>54</ele>
            </trkpt>
            <trkpt lat="-38.3526095" lon="-73.4831205">
                <ele>55.8</ele>
            </trkpt>
            <trkpt lat="-38.3527925" lon="-73.4829944">
                <ele>58.2</ele>
            </trkpt>
            <trkpt lat="-38.35323" lon="-73.4827235">
                <ele>63.2</ele>
            </trkpt>
            <trkpt lat="-38.3537537" lon="-73.4823748">
                <ele>66.2</ele>
            </trkpt>
            <trkpt lat="-38.3540019" lon="-73.4822059">
                <ele>67.2</ele>
            </trkpt>
            <trkpt lat="-38.3541933" lon="-73.4820771">
                <ele>67</ele>
            </trkpt>
            <trkpt lat="-38.3544289" lon="-73.4819296">
                <ele>67.5</ele>
            </trkpt>
            <trkpt lat="-38.3546603" lon="-73.4817901">
                <ele>68.2</ele>
            </trkpt>
            <trkpt lat="-38.3548664" lon="-73.4816721">
                <ele>69</ele>
            </trkpt>
            <trkpt lat="-38.3551167" lon="-73.48153">
                <ele>70</ele>
            </trkpt>
            <trkpt lat="-38.355348" lon="-73.4814093">
                <ele>71.2</ele>
            </trkpt>
            <trkpt lat="-38.355592" lon="-73.4812859">
                <ele>74.2</ele>
            </trkpt>
            <trkpt lat="-38.3559664" lon="-73.4810981">
                <ele>78</ele>
            </trkpt>
            <trkpt lat="-38.3568877" lon="-73.4806126">
                <ele>85.2</ele>
            </trkpt>
            <trkpt lat="-38.3571022" lon="-73.4804973">
                <ele>87</ele>
            </trkpt>
            <trkpt lat="-38.3572894" lon="-73.4804061">
                <ele>88.5</ele>
            </trkpt>
            <trkpt lat="-38.3574703" lon="-73.480323">
                <ele>89.5</ele>
            </trkpt>
            <trkpt lat="-38.3579793" lon="-73.480095">
                <ele>92.5</ele>
            </trkpt>
            <trkpt lat="-38.3584967" lon="-73.4798643">
                <ele>94.8</ele>
            </trkpt>
            <trkpt lat="-38.358911" lon="-73.4796953">
                <ele>96.8</ele>
            </trkpt>
            <trkpt lat="-38.3590561" lon="-73.4796417">
                <ele>97.5</ele>
            </trkpt>
            <trkpt lat="-38.3591613" lon="-73.4796041">
                <ele>98</ele>
            </trkpt>
            <trkpt lat="-38.3592601" lon="-73.479588">
                <ele>99</ele>
            </trkpt>
            <trkpt lat="-38.3593527" lon="-73.4795827">
                <ele>100.2</ele>
            </trkpt>
            <trkpt lat="-38.359462" lon="-73.4795907">
                <ele>102</ele>
            </trkpt>
            <trkpt lat="-38.3595588" lon="-73.4796068">
                <ele>103.8</ele>
            </trkpt>
            <trkpt lat="-38.3596513" lon="-73.4796336">
                <ele>105.8</ele>
            </trkpt>
            <trkpt lat="-38.359746" lon="-73.4796765">
                <ele>108</ele>
            </trkpt>
            <trkpt lat="-38.3598385" lon="-73.4797275">
                <ele>109.8</ele>
            </trkpt>
            <trkpt lat="-38.3599289" lon="-73.4797999">
                <ele>111.5</ele>
            </trkpt>
            <trkpt lat="-38.3600089" lon="-73.479875">
                <ele>113</ele>
            </trkpt>
            <trkpt lat="-38.3600867" lon="-73.4799635">
                <ele>114.8</ele>
            </trkpt>
            <trkpt lat="-38.3601687" lon="-73.4800601">
                <ele>117</ele>
            </trkpt>
            <trkpt lat="-38.3602381" lon="-73.4801701">
                <ele>119</ele>
            </trkpt>
            <trkpt lat="-38.3603012" lon="-73.48028">
                <ele>121</ele>
            </trkpt>
            <trkpt lat="-38.3603559" lon="-73.4804007">
                <ele>122.8</ele>
            </trkpt>
            <trkpt lat="-38.3604043" lon="-73.4805536">
                <ele>125</ele>
            </trkpt>
            <trkpt lat="-38.3604442" lon="-73.4807333">
                <ele>127.5</ele>
            </trkpt>
            <trkpt lat="-38.360459" lon="-73.4809077">
                <ele>129.8</ele>
            </trkpt>
            <trkpt lat="-38.3604674" lon="-73.4810418">
                <ele>131</ele>
            </trkpt>
            <trkpt lat="-38.3604611" lon="-73.4811786">
                <ele>131.8</ele>
            </trkpt>
            <trkpt lat="-38.3604484" lon="-73.4813046">
                <ele>132.8</ele>
            </trkpt>
            <trkpt lat="-38.3604232" lon="-73.4814253">
                <ele>133.8</ele>
            </trkpt>
            <trkpt lat="-38.3603938" lon="-73.4815407">
                <ele>134.5</ele>
            </trkpt>
            <trkpt lat="-38.3603243" lon="-73.4817284">
                <ele>135.5</ele>
            </trkpt>
            <trkpt lat="-38.359788" lon="-73.4831634">
                <ele>145.2</ele>
            </trkpt>
            <trkpt lat="-38.3595525" lon="-73.4839198">
                <ele>146.2</ele>
            </trkpt>
            <trkpt lat="-38.3589804" lon="-73.48602">
                <ele>150.8</ele>
            </trkpt>
            <trkpt lat="-38.3585219" lon="-73.4877017">
                <ele>147.8</ele>
            </trkpt>
            <trkpt lat="-38.3582632" lon="-73.4887183">
                <ele>150</ele>
            </trkpt>
            <trkpt lat="-38.3582106" lon="-73.4889168">
                <ele>150.5</ele>
            </trkpt>
            <trkpt lat="-38.3581875" lon="-73.4890562">
                <ele>151</ele>
            </trkpt>
            <trkpt lat="-38.3581707" lon="-73.4891984">
                <ele>151.5</ele>
            </trkpt>
            <trkpt lat="-38.3581622" lon="-73.4893405">
                <ele>151.8</ele>
            </trkpt>
            <trkpt lat="-38.3581622" lon="-73.489472">
                <ele>151.7</ele>
            </trkpt>
            <trkpt lat="-38.3581664" lon="-73.4896302">
                <ele>151.6</ele>
            </trkpt>
            <trkpt lat="-38.3581812" lon="-73.4897697">
                <ele>151.6</ele>
            </trkpt>
            <trkpt lat="-38.3582127" lon="-73.489944">
                <ele>151.5</ele>
            </trkpt>
            <trkpt lat="-38.358259" lon="-73.4900916">
                <ele>151</ele>
            </trkpt>
            <trkpt lat="-38.3583137" lon="-73.4902337">
                <ele>150.8</ele>
            </trkpt>
            <trkpt lat="-38.3583747" lon="-73.4903812">
                <ele>150.5</ele>
            </trkpt>
            <trkpt lat="-38.3584462" lon="-73.49051">
                <ele>150.2</ele>
            </trkpt>
            <trkpt lat="-38.3585219" lon="-73.4906387">
                <ele>150</ele>
            </trkpt>
            <trkpt lat="-38.3585892" lon="-73.4907326">
                <ele>149.9</ele>
            </trkpt>
            <trkpt lat="-38.3586754" lon="-73.4908345">
                <ele>149.7</ele>
            </trkpt>
            <trkpt lat="-38.3587701" lon="-73.4909257">
                <ele>149.5</ele>
            </trkpt>
            <trkpt lat="-38.3588731" lon="-73.4910169">
                <ele>149.3</ele>
            </trkpt>
            <trkpt lat="-38.3590435" lon="-73.491151">
                <ele>149</ele>
            </trkpt>
            <trkpt lat="-38.359971" lon="-73.4918377">
                <ele>147.5</ele>
            </trkpt>
            <trkpt lat="-38.3608543" lon="-73.4924653">
                <ele>143.2</ele>
            </trkpt>
            <trkpt lat="-38.3610205" lon="-73.4926021">
                <ele>143</ele>
            </trkpt>
            <trkpt lat="-38.3611572" lon="-73.4927496">
                <ele>142.8</ele>
            </trkpt>
            <trkpt lat="-38.3612687" lon="-73.4929079">
                <ele>142.5</ele>
            </trkpt>
            <trkpt lat="-38.3613738" lon="-73.4930903">
                <ele>143.5</ele>
            </trkpt>
            <trkpt lat="-38.3614853" lon="-73.4932914">
                <ele>144.2</ele>
            </trkpt>
            <trkpt lat="-38.3615631" lon="-73.4934846">
                <ele>145</ele>
            </trkpt>
            <trkpt lat="-38.3616409" lon="-73.4937152">
                <ele>146.5</ele>
            </trkpt>
            <trkpt lat="-38.3616977" lon="-73.49397">
                <ele>147.8</ele>
            </trkpt>
            <trkpt lat="-38.3617356" lon="-73.4942061">
                <ele>148.2</ele>
            </trkpt>
            <trkpt lat="-38.3617524" lon="-73.4944984">
                <ele>148.6</ele>
            </trkpt>
            <trkpt lat="-38.3617461" lon="-73.4948015">
                <ele>149</ele>
            </trkpt>
            <trkpt lat="-38.3616893" lon="-73.4964564">
                <ele>154</ele>
            </trkpt>
            <trkpt lat="-38.3616704" lon="-73.4970438">
                <ele>156.2</ele>
            </trkpt>
            <trkpt lat="-38.3616746" lon="-73.4972987">
                <ele>157.2</ele>
            </trkpt>
            <trkpt lat="-38.3616935" lon="-73.4975293">
                <ele>158</ele>
            </trkpt>
            <trkpt lat="-38.3617208" lon="-73.4976983">
                <ele>158.2</ele>
            </trkpt>
            <trkpt lat="-38.3617671" lon="-73.4978619">
                <ele>158.5</ele>
            </trkpt>
            <trkpt lat="-38.3618218" lon="-73.4980255">
                <ele>159.2</ele>
            </trkpt>
            <trkpt lat="-38.3619038" lon="-73.4982294">
                <ele>160.5</ele>
            </trkpt>
            <trkpt lat="-38.3620237" lon="-73.4984815">
                <ele>162</ele>
            </trkpt>
            <trkpt lat="-38.3622487" lon="-73.4988838">
                <ele>164</ele>
            </trkpt>
            <trkpt lat="-38.3626147" lon="-73.4994739">
                <ele>166.8</ele>
            </trkpt>
            <trkpt lat="-38.363294" lon="-73.500528">
                <ele>167.2</ele>
            </trkpt>
            <trkpt lat="-38.3634412" lon="-73.5007372">
                <ele>167.8</ele>
            </trkpt>
            <trkpt lat="-38.3635716" lon="-73.5008875">
                <ele>168</ele>
            </trkpt>
            <trkpt lat="-38.3637335" lon="-73.501035">
                <ele>167.5</ele>
            </trkpt>
            <trkpt lat="-38.3639144" lon="-73.501161">
                <ele>166.2</ele>
            </trkpt>
            <trkpt lat="-38.3640784" lon="-73.5012522">
                <ele>165</ele>
            </trkpt>
            <trkpt lat="-38.364232" lon="-73.5013086">
                <ele>163.8</ele>
            </trkpt>
            <trkpt lat="-38.3644717" lon="-73.5013515">
                <ele>163</ele>
            </trkpt>
            <trkpt lat="-38.3647199" lon="-73.5013729">
                <ele>163.5</ele>
            </trkpt>
            <trkpt lat="-38.3650374" lon="-73.501381">
                <ele>164.2</ele>
            </trkpt>
            <trkpt lat="-38.3659733" lon="-73.5013568">
                <ele>166.5</ele>
            </trkpt>
            <trkpt lat="-38.3661583" lon="-73.5013595">
                <ele>166.8</ele>
            </trkpt>
            <trkpt lat="-38.3663013" lon="-73.5013837">
                <ele>166.7</ele>
            </trkpt>
            <trkpt lat="-38.3664549" lon="-73.5014319">
                <ele>166.6</ele>
            </trkpt>
            <trkpt lat="-38.3665705" lon="-73.5015044">
                <ele>166.5</ele>
            </trkpt>
            <trkpt lat="-38.366703" lon="-73.501609">
                <ele>166</ele>
            </trkpt>
            <trkpt lat="-38.366804" lon="-73.5017028">
                <ele>165.5</ele>
            </trkpt>
            <trkpt lat="-38.3669322" lon="-73.501853">
                <ele>164.8</ele>
            </trkpt>
            <trkpt lat="-38.3672372" lon="-73.5022447">
                <ele>163</ele>
            </trkpt>
            <trkpt lat="-38.3674264" lon="-73.5024753">
                <ele>162</ele>
            </trkpt>
            <trkpt lat="-38.3676746" lon="-73.5027382">
                <ele>160.2</ele>
            </trkpt>
            <trkpt lat="-38.3677903" lon="-73.5028481">
                <ele>159.5</ele>
            </trkpt>
            <trkpt lat="-38.3680195" lon="-73.5030359">
                <ele>157.5</ele>
            </trkpt>
            <trkpt lat="-38.3690289" lon="-73.5038406">
                <ele>154</ele>
            </trkpt>
            <trkpt lat="-38.3695504" lon="-73.5042536">
                <ele>150.5</ele>
            </trkpt>
            <trkpt lat="-38.3697733" lon="-73.5044119">
                <ele>150.2</ele>
            </trkpt>
            <trkpt lat="-38.3699668" lon="-73.5045272">
                <ele>149.2</ele>
            </trkpt>
            <trkpt lat="-38.3701855" lon="-73.5046291">
                <ele>148.8</ele>
            </trkpt>
            <trkpt lat="-38.3704126" lon="-73.5047176">
                <ele>148.2</ele>
            </trkpt>
            <trkpt lat="-38.3706271" lon="-73.5047793">
                <ele>147.8</ele>
            </trkpt>
            <trkpt lat="-38.3708542" lon="-73.5048223">
                <ele>147.3</ele>
            </trkpt>
            <trkpt lat="-38.3711781" lon="-73.5048598">
                <ele>146.8</ele>
            </trkpt>
            <trkpt lat="-38.3713652" lon="-73.5048893">
                <ele>146.9</ele>
            </trkpt>
            <trkpt lat="-38.3715482" lon="-73.5049403">
                <ele>147</ele>
            </trkpt>
            <trkpt lat="-38.3717311" lon="-73.5050073">
                <ele>147.8</ele>
            </trkpt>
            <trkpt lat="-38.3719225" lon="-73.5050985">
                <ele>149.2</ele>
            </trkpt>
            <trkpt lat="-38.372118" lon="-73.5052192">
                <ele>150.2</ele>
            </trkpt>
            <trkpt lat="-38.3722884" lon="-73.5053346">
                <ele>151.2</ele>
            </trkpt>
            <trkpt lat="-38.3724293" lon="-73.5054418">
                <ele>151.8</ele>
            </trkpt>
            <trkpt lat="-38.3729213" lon="-73.5058951">
                <ele>152.8</ele>
            </trkpt>
            <trkpt lat="-38.3731379" lon="-73.5060695">
                <ele>152.8</ele>
            </trkpt>
            <trkpt lat="-38.3732599" lon="-73.5061607">
                <ele>152.8</ele>
            </trkpt>
            <trkpt lat="-38.373386" lon="-73.5062411">
                <ele>152.9</ele>
            </trkpt>
            <trkpt lat="-38.3735816" lon="-73.5063484">
                <ele>152.9</ele>
            </trkpt>
            <trkpt lat="-38.373794" lon="-73.506453">
                <ele>152.9</ele>
            </trkpt>
            <trkpt lat="-38.3739391" lon="-73.5065094">
                <ele>153</ele>
            </trkpt>
            <trkpt lat="-38.3740568" lon="-73.5065416">
                <ele>153</ele>
            </trkpt>
            <trkpt lat="-38.3741956" lon="-73.5065737">
                <ele>153.5</ele>
            </trkpt>
            <trkpt lat="-38.3742377" lon="-73.5065791">
                <ele>153.8</ele>
            </trkpt>
            <trkpt lat="-38.3743554" lon="-73.5065979">
                <ele>154.5</ele>
            </trkpt>
            <trkpt lat="-38.3745194" lon="-73.5066167">
                <ele>155.5</ele>
            </trkpt>
            <trkpt lat="-38.3747192" lon="-73.5066327">
                <ele>156.5</ele>
            </trkpt>
            <trkpt lat="-38.3756003" lon="-73.506673">
                <ele>161.8</ele>
            </trkpt>
            <trkpt lat="-38.3757727" lon="-73.506681">
                <ele>162.8</ele>
            </trkpt>
            <trkpt lat="-38.3759451" lon="-73.5066783">
                <ele>163.8</ele>
            </trkpt>
            <trkpt lat="-38.3761196" lon="-73.5066649">
                <ele>164.8</ele>
            </trkpt>
            <trkpt lat="-38.3762921" lon="-73.5066408">
                <ele>165.5</ele>
            </trkpt>
            <trkpt lat="-38.3764645" lon="-73.5066086">
                <ele>165.8</ele>
            </trkpt>
            <trkpt lat="-38.3766327" lon="-73.5065657">
                <ele>166</ele>
            </trkpt>
            <trkpt lat="-38.3768009" lon="-73.506512">
                <ele>166.2</ele>
            </trkpt>
            <trkpt lat="-38.376967" lon="-73.5064477">
                <ele>166.5</ele>
            </trkpt>
            <trkpt lat="-38.377131" lon="-73.5063726">
                <ele>166</ele>
            </trkpt>
            <trkpt lat="-38.3772929" lon="-73.5062894">
                <ele>165</ele>
            </trkpt>
            <trkpt lat="-38.3774485" lon="-73.5061982">
                <ele>164</ele>
            </trkpt>
            <trkpt lat="-38.3776946" lon="-73.5060507">
                <ele>162</ele>
            </trkpt>
            <trkpt lat="-38.3783422" lon="-73.5056403">
                <ele>152.2</ele>
            </trkpt>
            <trkpt lat="-38.3787879" lon="-73.5053721">
                <ele>144.8</ele>
            </trkpt>
            <trkpt lat="-38.3792211" lon="-73.5051227">
                <ele>138</ele>
            </trkpt>
            <trkpt lat="-38.3793935" lon="-73.5050181">
                <ele>136.5</ele>
            </trkpt>
            <trkpt lat="-38.3794986" lon="-73.504943">
                <ele>135.8</ele>
            </trkpt>
            <trkpt lat="-38.3795975" lon="-73.5048598">
                <ele>135</ele>
            </trkpt>
            <trkpt lat="-38.3797152" lon="-73.5047472">
                <ele>134.8</ele>
            </trkpt>
            <trkpt lat="-38.3798624" lon="-73.5045889">
                <ele>135.8</ele>
            </trkpt>
            <trkpt lat="-38.3799402" lon="-73.5045165">
                <ele>136.5</ele>
            </trkpt>
            <trkpt lat="-38.3800117" lon="-73.5044333">
                <ele>137.5</ele>
            </trkpt>
            <trkpt lat="-38.380079" lon="-73.5043448">
                <ele>139</ele>
            </trkpt>
            <trkpt lat="-38.3801378" lon="-73.5042456">
                <ele>140.8</ele>
            </trkpt>
            <trkpt lat="-38.3801904" lon="-73.504141">
                <ele>142.8</ele>
            </trkpt>
            <trkpt lat="-38.3802345" lon="-73.504031">
                <ele>144.8</ele>
            </trkpt>
            <trkpt lat="-38.3802724" lon="-73.5039183">
                <ele>146.8</ele>
            </trkpt>
            <trkpt lat="-38.3802997" lon="-73.503795">
                <ele>148.5</ele>
            </trkpt>
            <trkpt lat="-38.3803207" lon="-73.5036716">
                <ele>150.2</ele>
            </trkpt>
            <trkpt lat="-38.3803313" lon="-73.5035455">
                <ele>151.8</ele>
            </trkpt>
            <trkpt lat="-38.3803313" lon="-73.5034168">
                <ele>153</ele>
            </trkpt>
            <trkpt lat="-38.3803229" lon="-73.5032907">
                <ele>154</ele>
            </trkpt>
            <trkpt lat="-38.380306" lon="-73.5031673">
                <ele>155.2</ele>
            </trkpt>
            <trkpt lat="-38.3802787" lon="-73.5030439">
                <ele>156.5</ele>
            </trkpt>
            <trkpt lat="-38.380243" lon="-73.5029259">
                <ele>157.5</ele>
            </trkpt>
            <trkpt lat="-38.3801988" lon="-73.5028133">
                <ele>158</ele>
            </trkpt>
            <trkpt lat="-38.3800012" lon="-73.502368">
                <ele>160</ele>
            </trkpt>
            <trkpt lat="-38.3797551" lon="-73.5018209">
                <ele>162</ele>
            </trkpt>
            <trkpt lat="-38.3796858" lon="-73.501668">
                <ele>162.5</ele>
            </trkpt>
            <trkpt lat="-38.379465" lon="-73.5011637">
                <ele>164</ele>
            </trkpt>
            <trkpt lat="-38.3791916" lon="-73.5005388">
                <ele>163</ele>
            </trkpt>
            <trkpt lat="-38.3788153" lon="-73.4996724">
                <ele>161.5</ele>
            </trkpt>
            <trkpt lat="-38.3786365" lon="-73.4992701">
                <ele>161</ele>
            </trkpt>
            <trkpt lat="-38.3785777" lon="-73.4991226">
                <ele>160.5</ele>
            </trkpt>
            <trkpt lat="-38.378502" lon="-73.4989402">
                <ele>159.8</ele>
            </trkpt>
            <trkpt lat="-38.3784158" lon="-73.4987336">
                <ele>159</ele>
            </trkpt>
            <trkpt lat="-38.3783401" lon="-73.4985244">
                <ele>158</ele>
            </trkpt>
            <trkpt lat="-38.3782707" lon="-73.4983099">
                <ele>156.8</ele>
            </trkpt>
            <trkpt lat="-38.3782118" lon="-73.4980899">
                <ele>155.8</ele>
            </trkpt>
            <trkpt lat="-38.3781613" lon="-73.4978673">
                <ele>155.2</ele>
            </trkpt>
            <trkpt lat="-38.3781214" lon="-73.497642">
                <ele>155</ele>
            </trkpt>
            <trkpt lat="-38.3780899" lon="-73.4974113">
                <ele>155.4</ele>
            </trkpt>
            <trkpt lat="-38.3780667" lon="-73.4971833">
                <ele>155.8</ele>
            </trkpt>
            <trkpt lat="-38.378052" lon="-73.4969527">
                <ele>156.8</ele>
            </trkpt>
            <trkpt lat="-38.3780499" lon="-73.49673">
                <ele>157.8</ele>
            </trkpt>
            <trkpt lat="-38.3780541" lon="-73.4965074">
                <ele>158.8</ele>
            </trkpt>
            <trkpt lat="-38.3780667" lon="-73.4962848">
                <ele>160.2</ele>
            </trkpt>
            <trkpt lat="-38.3780878" lon="-73.4960648">
                <ele>161.8</ele>
            </trkpt>
            <trkpt lat="-38.3781193" lon="-73.4958449">
                <ele>163</ele>
            </trkpt>
            <trkpt lat="-38.3781571" lon="-73.4956303">
                <ele>165</ele>
            </trkpt>
            <trkpt lat="-38.3782034" lon="-73.4954157">
                <ele>167.8</ele>
            </trkpt>
            <trkpt lat="-38.3782602" lon="-73.4952039">
                <ele>169.8</ele>
            </trkpt>
            <trkpt lat="-38.3783233" lon="-73.4949973">
                <ele>171</ele>
            </trkpt>
            <trkpt lat="-38.3783947" lon="-73.4947935">
                <ele>172</ele>
            </trkpt>
            <trkpt lat="-38.3784725" lon="-73.4945977">
                <ele>173.5</ele>
            </trkpt>
            <trkpt lat="-38.3786302" lon="-73.4942973">
                <ele>175.5</ele>
            </trkpt>
            <trkpt lat="-38.3787753" lon="-73.4940505">
                <ele>177.2</ele>
            </trkpt>
            <trkpt lat="-38.3789099" lon="-73.4938547">
                <ele>180.2</ele>
            </trkpt>
            <trkpt lat="-38.3790634" lon="-73.4936482">
                <ele>183.2</ele>
            </trkpt>
            <trkpt lat="-38.3792169" lon="-73.4934577">
                <ele>186.2</ele>
            </trkpt>
            <trkpt lat="-38.379425" lon="-73.4932324">
                <ele>189</ele>
            </trkpt>
            <trkpt lat="-38.3795911" lon="-73.4930688">
                <ele>191.5</ele>
            </trkpt>
            <trkpt lat="-38.3797699" lon="-73.4929186">
                <ele>193</ele>
            </trkpt>
            <trkpt lat="-38.3799402" lon="-73.4927818">
                <ele>195</ele>
            </trkpt>
            <trkpt lat="-38.3800895" lon="-73.4926826">
                <ele>196.2</ele>
            </trkpt>
            <trkpt lat="-38.380243" lon="-73.4925941">
                <ele>197.8</ele>
            </trkpt>
            <trkpt lat="-38.3804006" lon="-73.4925136">
                <ele>200</ele>
            </trkpt>
            <trkpt lat="-38.3805604" lon="-73.4924412">
                <ele>203</ele>
            </trkpt>
            <trkpt lat="-38.3807223" lon="-73.4923822">
                <ele>205.8</ele>
            </trkpt>
            <trkpt lat="-38.3808885" lon="-73.4923339">
                <ele>208.8</ele>
            </trkpt>
            <trkpt lat="-38.3810546" lon="-73.4922937">
                <ele>212.2</ele>
            </trkpt>
            <trkpt lat="-38.3812228" lon="-73.4922668">
                <ele>216</ele>
            </trkpt>
            <trkpt lat="-38.3813973" lon="-73.4922481">
                <ele>220</ele>
            </trkpt>
            <trkpt lat="-38.3815739" lon="-73.49224">
                <ele>223.5</ele>
            </trkpt>
            <trkpt lat="-38.3817484" lon="-73.4922454">
                <ele>226.5</ele>
            </trkpt>
            <trkpt lat="-38.3819229" lon="-73.4922642">
                <ele>229</ele>
            </trkpt>
            <trkpt lat="-38.3820974" lon="-73.492291">
                <ele>231.2</ele>
            </trkpt>
            <trkpt lat="-38.3822719" lon="-73.4923312">
                <ele>233</ele>
            </trkpt>
            <trkpt lat="-38.3824422" lon="-73.4923822">
                <ele>234.2</ele>
            </trkpt>
            <trkpt lat="-38.3826125" lon="-73.4924465">
                <ele>235.8</ele>
            </trkpt>
            <trkpt lat="-38.3827786" lon="-73.492519">
                <ele>237.8</ele>
            </trkpt>
            <trkpt lat="-38.3829405" lon="-73.4926048">
                <ele>240</ele>
            </trkpt>
            <trkpt lat="-38.3831003" lon="-73.4926987">
                <ele>242.5</ele>
            </trkpt>
            <trkpt lat="-38.3832538" lon="-73.492806">
                <ele>244.2</ele>
            </trkpt>
            <trkpt lat="-38.3834094" lon="-73.4929481">
                <ele>245.5</ele>
            </trkpt>
            <trkpt lat="-38.3835692" lon="-73.4931117">
                <ele>247.8</ele>
            </trkpt>
            <trkpt lat="-38.3837101" lon="-73.493278">
                <ele>249.8</ele>
            </trkpt>
            <trkpt lat="-38.3838635" lon="-73.4935114">
                <ele>251.2</ele>
            </trkpt>
            <trkpt lat="-38.3840717" lon="-73.4938627">
                <ele>254.2</ele>
            </trkpt>
            <trkpt lat="-38.3850514" lon="-73.4954211">
                <ele>257.5</ele>
            </trkpt>
            <trkpt lat="-38.3861763" lon="-73.4972665">
                <ele>260.5</ele>
            </trkpt>
            <trkpt lat="-38.3865274" lon="-73.4978646">
                <ele>265.5</ele>
            </trkpt>
            <trkpt lat="-38.3880768" lon="-73.50041">
                <ele>265.8</ele>
            </trkpt>
            <trkpt lat="-38.3882513" lon="-73.5006621">
                <ele>268.8</ele>
            </trkpt>
            <trkpt lat="-38.3884279" lon="-73.5009035">
                <ele>271.8</ele>
            </trkpt>
            <trkpt lat="-38.3886045" lon="-73.5011208">
                <ele>275.2</ele>
            </trkpt>
            <trkpt lat="-38.3887538" lon="-73.5012656">
                <ele>278</ele>
            </trkpt>
            <trkpt lat="-38.3888715" lon="-73.5013676">
                <ele>279.8</ele>
            </trkpt>
            <trkpt lat="-38.3889956" lon="-73.501448">
                <ele>281</ele>
            </trkpt>
            <trkpt lat="-38.3891301" lon="-73.5015231">
                <ele>281.8</ele>
            </trkpt>
            <trkpt lat="-38.3892794" lon="-73.5015848">
                <ele>282.2</ele>
            </trkpt>
            <trkpt lat="-38.3894896" lon="-73.5016492">
                <ele>281.7</ele>
            </trkpt>
            <trkpt lat="-38.3905134" lon="-73.5018986">
                <ele>279</ele>
            </trkpt>
            <trkpt lat="-38.3907489" lon="-73.5019496">
                <ele>277.5</ele>
            </trkpt>
            <trkpt lat="-38.3909297" lon="-73.5019872">
                <ele>276.5</ele>
            </trkpt>
            <trkpt lat="-38.3910916" lon="-73.5020059">
                <ele>275.5</ele>
            </trkpt>
            <trkpt lat="-38.391264" lon="-73.5020059">
                <ele>274</ele>
            </trkpt>
            <trkpt lat="-38.3914532" lon="-73.5020006">
                <ele>272</ele>
            </trkpt>
            <trkpt lat="-38.3916403" lon="-73.5019711">
                <ele>270.8</ele>
            </trkpt>
            <trkpt lat="-38.3918148" lon="-73.5019442">
                <ele>269.8</ele>
            </trkpt>
            <trkpt lat="-38.3920187" lon="-73.5018879">
                <ele>268.5</ele>
            </trkpt>
            <trkpt lat="-38.3922878" lon="-73.5017994">
                <ele>267.2</ele>
            </trkpt>
            <trkpt lat="-38.3939212" lon="-73.5012254">
                <ele>266.2</ele>
            </trkpt>
            <trkpt lat="-38.3941167" lon="-73.5011637">
                <ele>266</ele>
            </trkpt>
            <trkpt lat="-38.3942891" lon="-73.5011315">
                <ele>265.8</ele>
            </trkpt>
            <trkpt lat="-38.3944762" lon="-73.5011154">
                <ele>266</ele>
            </trkpt>
            <trkpt lat="-38.3945519" lon="-73.5011128">
                <ele>266.2</ele>
            </trkpt>
            <trkpt lat="-38.3946906" lon="-73.5011101">
                <ele>266.5</ele>
            </trkpt>
            <trkpt lat="-38.3949849" lon="-73.5011154">
                <ele>266.2</ele>
            </trkpt>
            <trkpt lat="-38.3953381" lon="-73.5011315">
                <ele>265.8</ele>
            </trkpt>
            <trkpt lat="-38.3955588" lon="-73.5011342">
                <ele>265.2</ele>
            </trkpt>
            <trkpt lat="-38.3957711" lon="-73.5011154">
                <ele>265</ele>
            </trkpt>
            <trkpt lat="-38.3959897" lon="-73.5010833">
                <ele>265.2</ele>
            </trkpt>
            <trkpt lat="-38.3962" lon="-73.5010403">
                <ele>265.8</ele>
            </trkpt>
            <trkpt lat="-38.3964165" lon="-73.5009652">
                <ele>265.2</ele>
            </trkpt>
            <trkpt lat="-38.3966204" lon="-73.5008633">
                <ele>264.8</ele>
            </trkpt>
            <trkpt lat="-38.3968663" lon="-73.5007292">
                <ele>263.5</ele>
            </trkpt>
            <trkpt lat="-38.3969967" lon="-73.5006434">
                <ele>263</ele>
            </trkpt>
            <trkpt lat="-38.3971312" lon="-73.5005414">
                <ele>262.8</ele>
            </trkpt>
            <trkpt lat="-38.3973141" lon="-73.5003886">
                <ele>263.2</ele>
            </trkpt>
            <trkpt lat="-38.3975979" lon="-73.5001391">
                <ele>265.2</ele>
            </trkpt>
            <trkpt lat="-38.3982327" lon="-73.499549">
                <ele>272.8</ele>
            </trkpt>
            <trkpt lat="-38.3984156" lon="-73.4993961">
                <ele>275</ele>
            </trkpt>
            <trkpt lat="-38.3985943" lon="-73.4992567">
                <ele>278</ele>
            </trkpt>
            <trkpt lat="-38.3988234" lon="-73.4990984">
                <ele>281.8</ele>
            </trkpt>
            <trkpt lat="-38.3990147" lon="-73.4989992">
                <ele>285</ele>
            </trkpt>
            <trkpt lat="-38.3992291" lon="-73.4988973">
                <ele>287.8</ele>
            </trkpt>
            <trkpt lat="-38.399412" lon="-73.4988329">
                <ele>289.8</ele>
            </trkpt>
            <trkpt lat="-38.3996453" lon="-73.498731">
                <ele>292.5</ele>
            </trkpt>
            <trkpt lat="-38.3999122" lon="-73.4986612">
                <ele>295</ele>
            </trkpt>
            <trkpt lat="-38.4004335" lon="-73.49857">
                <ele>297.5</ele>
            </trkpt>
            <trkpt lat="-38.400566" lon="-73.4985781">
                <ele>297.7</ele>
            </trkpt>
            <trkpt lat="-38.400835" lon="-73.4985861">
                <ele>298.2</ele>
            </trkpt>
            <trkpt lat="-38.401577" lon="-73.4986076">
                <ele>302</ele>
            </trkpt>
            <trkpt lat="-38.4018209" lon="-73.4986103">
                <ele>303</ele>
            </trkpt>
            <trkpt lat="-38.4019722" lon="-73.4986237">
                <ele>303.5</ele>
            </trkpt>
            <trkpt lat="-38.402216" lon="-73.4986746">
                <ele>304.8</ele>
            </trkpt>
            <trkpt lat="-38.404154" lon="-73.4991923">
                <ele>304.2</ele>
            </trkpt>
            <trkpt lat="-38.4057599" lon="-73.4996241">
                <ele>300.5</ele>
            </trkpt>
            <trkpt lat="-38.406443" lon="-73.499828">
                <ele>296.5</ele>
            </trkpt>
            <trkpt lat="-38.4066847" lon="-73.4999004">
                <ele>295</ele>
            </trkpt>
            <trkpt lat="-38.4068843" lon="-73.4999889">
                <ele>293.5</ele>
            </trkpt>
            <trkpt lat="-38.4070819" lon="-73.5001016">
                <ele>292.2</ele>
            </trkpt>
            <trkpt lat="-38.4076389" lon="-73.5004368">
                <ele>286.5</ele>
            </trkpt>
            <trkpt lat="-38.4079016" lon="-73.5005924">
                <ele>283</ele>
            </trkpt>
            <trkpt lat="-38.4080319" lon="-73.5006675">
                <ele>280.8</ele>
            </trkpt>
            <trkpt lat="-38.4084187" lon="-73.5008767">
                <ele>276</ele>
            </trkpt>
            <trkpt lat="-38.408591" lon="-73.5009679">
                <ele>274.2</ele>
            </trkpt>
            <trkpt lat="-38.4088495" lon="-73.5011047">
                <ele>271</ele>
            </trkpt>
            <trkpt lat="-38.4090555" lon="-73.5012093">
                <ele>269</ele>
            </trkpt>
            <trkpt lat="-38.4092468" lon="-73.5012925">
                <ele>267.2</ele>
            </trkpt>
            <trkpt lat="-38.4094485" lon="-73.5013676">
                <ele>265.2</ele>
            </trkpt>
            <trkpt lat="-38.4095978" lon="-73.5014158">
                <ele>263.8</ele>
            </trkpt>
            <trkpt lat="-38.4097197" lon="-73.5014507">
                <ele>262.8</ele>
            </trkpt>
            <trkpt lat="-38.4099046" lon="-73.5014963">
                <ele>261.5</ele>
            </trkpt>
            <trkpt lat="-38.4101274" lon="-73.5015419">
                <ele>260</ele>
            </trkpt>
            <trkpt lat="-38.4103439" lon="-73.5015795">
                <ele>259.2</ele>
            </trkpt>
            <trkpt lat="-38.4106276" lon="-73.5016197">
                <ele>259</ele>
            </trkpt>
            <trkpt lat="-38.4108504" lon="-73.5016492">
                <ele>258.2</ele>
            </trkpt>
            <trkpt lat="-38.4110185" lon="-73.5016626">
                <ele>257.2</ele>
            </trkpt>
            <trkpt lat="-38.4112455" lon="-73.501676">
                <ele>256</ele>
            </trkpt>
            <trkpt lat="-38.4113758" lon="-73.5016787">
                <ele>255.5</ele>
            </trkpt>
            <trkpt lat="-38.4115292" lon="-73.5016787">
                <ele>254.8</ele>
            </trkpt>
            <trkpt lat="-38.4116848" lon="-73.501676">
                <ele>253.5</ele>
            </trkpt>
            <trkpt lat="-38.4119033" lon="-73.5016599">
                <ele>252.5</ele>
            </trkpt>
            <trkpt lat="-38.4120841" lon="-73.5016438">
                <ele>252</ele>
            </trkpt>
            <trkpt lat="-38.412206" lon="-73.5016304">
                <ele>251.5</ele>
            </trkpt>
            <trkpt lat="-38.412372" lon="-73.5016036">
                <ele>251</ele>
            </trkpt>
            <trkpt lat="-38.4125023" lon="-73.5015848">
                <ele>251.1</ele>
            </trkpt>
            <trkpt lat="-38.4126389" lon="-73.5015553">
                <ele>251.2</ele>
            </trkpt>
            <trkpt lat="-38.4127629" lon="-73.5015258">
                <ele>251.2</ele>
            </trkpt>
            <trkpt lat="-38.4129353" lon="-73.5014802">
                <ele>251.1</ele>
            </trkpt>
            <trkpt lat="-38.4130971" lon="-73.5014293">
                <ele>251</ele>
            </trkpt>
            <trkpt lat="-38.4132484" lon="-73.5013729">
                <ele>251.2</ele>
            </trkpt>
            <trkpt lat="-38.4134312" lon="-73.5013005">
                <ele>251.8</ele>
            </trkpt>
            <trkpt lat="-38.4141017" lon="-73.5010055">
                <ele>250</ele>
            </trkpt>
            <trkpt lat="-38.4157073" lon="-73.5003188">
                <ele>240.2</ele>
            </trkpt>
            <trkpt lat="-38.415825" lon="-73.5002705">
                <ele>239</ele>
            </trkpt>
            <trkpt lat="-38.4159406" lon="-73.5002303">
                <ele>237.8</ele>
            </trkpt>
            <trkpt lat="-38.4160604" lon="-73.5002035">
                <ele>236.8</ele>
            </trkpt>
            <trkpt lat="-38.4162012" lon="-73.5001847">
                <ele>235.5</ele>
            </trkpt>
            <trkpt lat="-38.4163125" lon="-73.5001874">
                <ele>234.5</ele>
            </trkpt>
            <trkpt lat="-38.4164323" lon="-73.5001954">
                <ele>233.2</ele>
            </trkpt>
            <trkpt lat="-38.4165437" lon="-73.5002142">
                <ele>232.2</ele>
            </trkpt>
            <trkpt lat="-38.416653" lon="-73.5002437">
                <ele>231</ele>
            </trkpt>
            <trkpt lat="-38.4167539" lon="-73.5002813">
                <ele>229.8</ele>
            </trkpt>
            <trkpt lat="-38.4169073" lon="-73.5003564">
                <ele>228.2</ele>
            </trkpt>
            <trkpt lat="-38.4171216" lon="-73.5004824">
                <ele>226</ele>
            </trkpt>
            <trkpt lat="-38.4174642" lon="-73.5007024">
                <ele>223</ele>
            </trkpt>
            <trkpt lat="-38.4177563" lon="-73.5008606">
                <ele>220.8</ele>
            </trkpt>
            <trkpt lat="-38.4179307" lon="-73.5009384">
                <ele>219.2</ele>
            </trkpt>
            <trkpt lat="-38.4181808" lon="-73.5010269">
                <ele>216.5</ele>
            </trkpt>
            <trkpt lat="-38.4183258" lon="-73.5010752">
                <ele>215.2</ele>
            </trkpt>
            <trkpt lat="-38.4185254" lon="-73.5011262">
                <ele>213</ele>
            </trkpt>
            <trkpt lat="-38.4187356" lon="-73.5011584">
                <ele>210.5</ele>
            </trkpt>
            <trkpt lat="-38.4194417" lon="-73.5012066">
                <ele>204.2</ele>
            </trkpt>
            <trkpt lat="-38.4197023" lon="-73.5012388">
                <ele>202.5</ele>
            </trkpt>
            <trkpt lat="-38.4199124" lon="-73.5012817">
                <ele>202</ele>
            </trkpt>
            <trkpt lat="-38.4200952" lon="-73.5013381">
                <ele>201.5</ele>
            </trkpt>
            <trkpt lat="-38.4202655" lon="-73.5014158">
                <ele>200.2</ele>
            </trkpt>
            <trkpt lat="-38.4204189" lon="-73.5015124">
                <ele>198.8</ele>
            </trkpt>
            <trkpt lat="-38.4205849" lon="-73.5016546">
                <ele>197</ele>
            </trkpt>
            <trkpt lat="-38.4207299" lon="-73.5018101">
                <ele>195.8</ele>
            </trkpt>
            <trkpt lat="-38.4208476" lon="-73.5019657">
                <ele>193.8</ele>
            </trkpt>
            <trkpt lat="-38.4209904" lon="-73.5021669">
                <ele>191.2</ele>
            </trkpt>
            <trkpt lat="-38.4212027" lon="-73.5025343">
                <ele>186.8</ele>
            </trkpt>
            <trkpt lat="-38.4215494" lon="-73.5031593">
                <ele>180.2</ele>
            </trkpt>
            <trkpt lat="-38.4219046" lon="-73.5038003">
                <ele>171.8</ele>
            </trkpt>
            <trkpt lat="-38.4220496" lon="-73.504031">
                <ele>168.2</ele>
            </trkpt>
            <trkpt lat="-38.422163" lon="-73.5041946">
                <ele>166.5</ele>
            </trkpt>
            <trkpt lat="-38.4222912" lon="-73.5043421">
                <ele>165.5</ele>
            </trkpt>
            <trkpt lat="-38.4224425" lon="-73.5044762">
                <ele>165.2</ele>
            </trkpt>
            <trkpt lat="-38.4225917" lon="-73.5045835">
                <ele>164.5</ele>
            </trkpt>
            <trkpt lat="-38.4227472" lon="-73.5046694">
                <ele>163.2</ele>
            </trkpt>
            <trkpt lat="-38.4229027" lon="-73.5047311">
                <ele>161.8</ele>
            </trkpt>
            <trkpt lat="-38.4230414" lon="-73.5047632">
                <ele>160.5</ele>
            </trkpt>
            <trkpt lat="-38.4232095" lon="-73.5047767">
                <ele>158.8</ele>
            </trkpt>
            <trkpt lat="-38.423386" lon="-73.5047525">
                <ele>157</ele>
            </trkpt>
            <trkpt lat="-38.4235815" lon="-73.5047016">
                <ele>154.8</ele>
            </trkpt>
            <trkpt lat="-38.4237601" lon="-73.5046291">
                <ele>152.2</ele>
            </trkpt>
            <trkpt lat="-38.4239303" lon="-73.5045353">
                <ele>149.8</ele>
            </trkpt>
            <trkpt lat="-38.4240753" lon="-73.5044333">
                <ele>147.5</ele>
            </trkpt>
            <trkpt lat="-38.424195" lon="-73.5043368">
                <ele>145.8</ele>
            </trkpt>
            <trkpt lat="-38.4243737" lon="-73.5041517">
                <ele>143</ele>
            </trkpt>
            <trkpt lat="-38.4245985" lon="-73.5038942">
                <ele>139.5</ele>
            </trkpt>
            <trkpt lat="-38.4248359" lon="-73.5036045">
                <ele>137</ele>
            </trkpt>
            <trkpt lat="-38.4250019" lon="-73.5033631">
                <ele>135.2</ele>
            </trkpt>
            <trkpt lat="-38.4251743" lon="-73.5030949">
                <ele>133.5</ele>
            </trkpt>
            <trkpt lat="-38.4253192" lon="-73.5028374">
                <ele>132</ele>
            </trkpt>
            <trkpt lat="-38.4254474" lon="-73.5025665">
                <ele>130.2</ele>
            </trkpt>
            <trkpt lat="-38.4255504" lon="-73.5023358">
                <ele>128.5</ele>
            </trkpt>
            <trkpt lat="-38.4256302" lon="-73.5021105">
                <ele>127.5</ele>
            </trkpt>
            <trkpt lat="-38.42575" lon="-73.5017377">
                <ele>125.5</ele>
            </trkpt>
            <trkpt lat="-38.42604" lon="-73.5006058">
                <ele>116.8</ele>
            </trkpt>
            <trkpt lat="-38.4261072" lon="-73.5003859">
                <ele>117.5</ele>
            </trkpt>
            <trkpt lat="-38.4261703" lon="-73.5002384">
                <ele>117.8</ele>
            </trkpt>
            <trkpt lat="-38.4262669" lon="-73.5000506">
                <ele>118.5</ele>
            </trkpt>
            <trkpt lat="-38.4263804" lon="-73.4999219">
                <ele>119.5</ele>
            </trkpt>
            <trkpt lat="-38.4265023" lon="-73.4997904">
                <ele>121</ele>
            </trkpt>
            <trkpt lat="-38.4266388" lon="-73.4996697">
                <ele>122</ele>
            </trkpt>
            <trkpt lat="-38.4267712" lon="-73.4995785">
                <ele>123</ele>
            </trkpt>
            <trkpt lat="-38.4269225" lon="-73.4995222">
                <ele>124</ele>
            </trkpt>
            <trkpt lat="-38.4270507" lon="-73.4995034">
                <ele>125</ele>
            </trkpt>
            <trkpt lat="-38.4271831" lon="-73.4995168">
                <ele>126</ele>
            </trkpt>
            <trkpt lat="-38.4273449" lon="-73.4995598">
                <ele>127.5</ele>
            </trkpt>
            <trkpt lat="-38.427494" lon="-73.4996349">
                <ele>129</ele>
            </trkpt>
            <trkpt lat="-38.4277294" lon="-73.4997743">
                <ele>132.5</ele>
            </trkpt>
            <trkpt lat="-38.4280362" lon="-73.4999514">
                <ele>138.8</ele>
            </trkpt>
            <trkpt lat="-38.4282988" lon="-73.5000747">
                <ele>143</ele>
            </trkpt>
            <trkpt lat="-38.4286161" lon="-73.5002062">
                <ele>146.8</ele>
            </trkpt>
            <trkpt lat="-38.4290216" lon="-73.5003483">
                <ele>150</ele>
            </trkpt>
            <trkpt lat="-38.429383" lon="-73.5004959">
                <ele>152.2</ele>
            </trkpt>
            <trkpt lat="-38.4298306" lon="-73.5007104">
                <ele>158.5</ele>
            </trkpt>
            <trkpt lat="-38.4301983" lon="-73.5008928">
                <ele>163.5</ele>
            </trkpt>
            <trkpt lat="-38.4304672" lon="-73.5010001">
                <ele>167.5</ele>
            </trkpt>
            <trkpt lat="-38.4308013" lon="-73.5011289">
                <ele>172.5</ele>
            </trkpt>
            <trkpt lat="-38.4309862" lon="-73.50122">
                <ele>175</ele>
            </trkpt>
            <trkpt lat="-38.4311186" lon="-73.5013005">
                <ele>177.2</ele>
            </trkpt>
            <trkpt lat="-38.4312131" lon="-73.5013971">
                <ele>178.5</ele>
            </trkpt>
            <trkpt lat="-38.4313161" lon="-73.5015365">
                <ele>179.5</ele>
            </trkpt>
            <trkpt lat="-38.4313917" lon="-73.5016894">
                <ele>180.5</ele>
            </trkpt>
            <trkpt lat="-38.4314674" lon="-73.5018799">
                <ele>181.2</ele>
            </trkpt>
            <trkpt lat="-38.4315703" lon="-73.5021964">
                <ele>181</ele>
            </trkpt>
            <trkpt lat="-38.4316649" lon="-73.5024029">
                <ele>181.8</ele>
            </trkpt>
            <trkpt lat="-38.4317384" lon="-73.5025451">
                <ele>183.2</ele>
            </trkpt>
            <trkpt lat="-38.4318056" lon="-73.502647">
                <ele>185</ele>
            </trkpt>
            <trkpt lat="-38.4318918" lon="-73.5027409">
                <ele>186.8</ele>
            </trkpt>
            <trkpt lat="-38.4319905" lon="-73.5028267">
                <ele>188.5</ele>
            </trkpt>
            <trkpt lat="-38.4321376" lon="-73.5029447">
                <ele>190.8</ele>
            </trkpt>
            <trkpt lat="-38.4322553" lon="-73.5030144">
                <ele>192.5</ele>
            </trkpt>
            <trkpt lat="-38.4323561" lon="-73.5030574">
                <ele>193.8</ele>
            </trkpt>
            <trkpt lat="-38.4324801" lon="-73.5030895">
                <ele>194.5</ele>
            </trkpt>
            <trkpt lat="-38.4325936" lon="-73.5030949">
                <ele>195</ele>
            </trkpt>
            <trkpt lat="-38.4327322" lon="-73.5030761">
                <ele>196.8</ele>
            </trkpt>
            <trkpt lat="-38.4328814" lon="-73.5030279">
                <ele>198.5</ele>
            </trkpt>
            <trkpt lat="-38.4331356" lon="-73.5029125">
                <ele>201.8</ele>
            </trkpt>
            <trkpt lat="-38.4334928" lon="-73.502757">
                <ele>205.2</ele>
            </trkpt>
            <trkpt lat="-38.433684" lon="-73.5026953">
                <ele>208.5</ele>
            </trkpt>
            <trkpt lat="-38.4338269" lon="-73.5026658">
                <ele>210.5</ele>
            </trkpt>
            <trkpt lat="-38.4340118" lon="-73.5026416">
                <ele>213</ele>
            </trkpt>
            <trkpt lat="-38.4341862" lon="-73.5026523">
                <ele>215.2</ele>
            </trkpt>
            <trkpt lat="-38.4343605" lon="-73.5026819">
                <ele>217.2</ele>
            </trkpt>
            <trkpt lat="-38.4345454" lon="-73.5027489">
                <ele>218.5</ele>
            </trkpt>
            <trkpt lat="-38.4347387" lon="-73.5028589">
                <ele>219</ele>
            </trkpt>
            <trkpt lat="-38.4349593" lon="-73.5030037">
                <ele>219.1</ele>
            </trkpt>
            <trkpt lat="-38.4355644" lon="-73.5033926">
                <ele>219.2</ele>
            </trkpt>
            <trkpt lat="-38.4358481" lon="-73.5035831">
                <ele>218</ele>
            </trkpt>
            <trkpt lat="-38.4359615" lon="-73.5036501">
                <ele>217.2</ele>
            </trkpt>
            <trkpt lat="-38.4360792" lon="-73.5037145">
                <ele>216.8</ele>
            </trkpt>
            <trkpt lat="-38.4361863" lon="-73.5037681">
                <ele>216.2</ele>
            </trkpt>
            <trkpt lat="-38.4362977" lon="-73.5038164">
                <ele>215.2</ele>
            </trkpt>
            <trkpt lat="-38.4364027" lon="-73.5038593">
                <ele>214.2</ele>
            </trkpt>
            <trkpt lat="-38.4365078" lon="-73.5038996">
                <ele>213.5</ele>
            </trkpt>
            <trkpt lat="-38.4366065" lon="-73.5039264">
                <ele>212.8</ele>
            </trkpt>
            <trkpt lat="-38.4367032" lon="-73.5039505">
                <ele>212</ele>
            </trkpt>
            <trkpt lat="-38.4368586" lon="-73.50398">
                <ele>211</ele>
            </trkpt>
            <trkpt lat="-38.4370792" lon="-73.5040042">
                <ele>210</ele>
            </trkpt>
            <trkpt lat="-38.4373061" lon="-73.5040069">
                <ele>211</ele>
            </trkpt>
            <trkpt lat="-38.4390079" lon="-73.5040444">
                <ele>218.5</ele>
            </trkpt>
            <trkpt lat="-38.4398419" lon="-73.5040578">
                <ele>225.2</ele>
            </trkpt>
            <trkpt lat="-38.4401823" lon="-73.5040578">
                <ele>227.8</ele>
            </trkpt>
            <trkpt lat="-38.4403062" lon="-73.5040578">
                <ele>228.8</ele>
            </trkpt>
            <trkpt lat="-38.4407894" lon="-73.5040712">
                <ele>231.5</ele>
            </trkpt>
            <trkpt lat="-38.4408923" lon="-73.5040659">
                <ele>232</ele>
            </trkpt>
            <trkpt lat="-38.4409596" lon="-73.5040578">
                <ele>232.2</ele>
            </trkpt>
            <trkpt lat="-38.4410268" lon="-73.5040417">
                <ele>232.8</ele>
            </trkpt>
            <trkpt lat="-38.4411045" lon="-73.5040122">
                <ele>233.5</ele>
            </trkpt>
            <trkpt lat="-38.4411802" lon="-73.503972">
                <ele>234.5</ele>
            </trkpt>
            <trkpt lat="-38.4412558" lon="-73.5039371">
                <ele>235.2</ele>
            </trkpt>
            <trkpt lat="-38.4413335" lon="-73.5039076">
                <ele>235.8</ele>
            </trkpt>
            <trkpt lat="-38.4413986" lon="-73.5038862">
                <ele>236.2</ele>
            </trkpt>
            <trkpt lat="-38.4414638" lon="-73.5038701">
                <ele>236.8</ele>
            </trkpt>
            <trkpt lat="-38.4415793" lon="-73.5038352">
                <ele>237.5</ele>
            </trkpt>
            <trkpt lat="-38.4416886" lon="-73.503803">
                <ele>238</ele>
            </trkpt>
            <trkpt lat="-38.4417789" lon="-73.5037628">
                <ele>238.8</ele>
            </trkpt>
            <trkpt lat="-38.441865" lon="-73.5037118">
                <ele>239.2</ele>
            </trkpt>
            <trkpt lat="-38.441947" lon="-73.5036609">
                <ele>239.8</ele>
            </trkpt>
            <trkpt lat="-38.4420247" lon="-73.5036018">
                <ele>240.5</ele>
            </trkpt>
            <trkpt lat="-38.4421108" lon="-73.5035267">
                <ele>241.2</ele>
            </trkpt>
            <trkpt lat="-38.4421949" lon="-73.5034463">
                <ele>241.8</ele>
            </trkpt>
            <trkpt lat="-38.44226" lon="-73.5033712">
                <ele>241.7</ele>
            </trkpt>
            <trkpt lat="-38.4423209" lon="-73.5032961">
                <ele>241.6</ele>
            </trkpt>
            <trkpt lat="-38.442386" lon="-73.5032022">
                <ele>241.5</ele>
            </trkpt>
            <trkpt lat="-38.442447" lon="-73.5031056">
                <ele>241.5</ele>
            </trkpt>
            <trkpt lat="-38.4424974" lon="-73.5030118">
                <ele>241.6</ele>
            </trkpt>
            <trkpt lat="-38.4425478" lon="-73.5029152">
                <ele>241.6</ele>
            </trkpt>
            <trkpt lat="-38.4425961" lon="-73.5028133">
                <ele>241.7</ele>
            </trkpt>
            <trkpt lat="-38.4426402" lon="-73.5027033">
                <ele>241.7</ele>
            </trkpt>
            <trkpt lat="-38.4426801" lon="-73.5025933">
                <ele>241.8</ele>
            </trkpt>
            <trkpt lat="-38.4427159" lon="-73.502478">
                <ele>242</ele>
            </trkpt>
            <trkpt lat="-38.4427873" lon="-73.5022017">
                <ele>242.5</ele>
            </trkpt>
            <trkpt lat="-38.4428629" lon="-73.5018235">
                <ele>243.5</ele>
            </trkpt>
            <trkpt lat="-38.4429469" lon="-73.5015097">
                <ele>244.2</ele>
            </trkpt>
            <trkpt lat="-38.4430415" lon="-73.5012469">
                <ele>245.2</ele>
            </trkpt>
            <trkpt lat="-38.4431822" lon="-73.500917">
                <ele>246.8</ele>
            </trkpt>
            <trkpt lat="-38.4433566" lon="-73.5005388">
                <ele>249.2</ele>
            </trkpt>
            <trkpt lat="-38.4435099" lon="-73.5001981">
                <ele>251.2</ele>
            </trkpt>
            <trkpt lat="-38.4436402" lon="-73.4999675">
                <ele>252.5</ele>
            </trkpt>
            <trkpt lat="-38.4438146" lon="-73.4996831">
                <ele>255.8</ele>
            </trkpt>
            <trkpt lat="-38.443991" lon="-73.4994417">
                <ele>259.5</ele>
            </trkpt>
            <trkpt lat="-38.4441906" lon="-73.4992164">
                <ele>262.2</ele>
            </trkpt>
            <trkpt lat="-38.4444784" lon="-73.498916">
                <ele>265.8</ele>
            </trkpt>
            <trkpt lat="-38.4447011" lon="-73.4987175">
                <ele>266.2</ele>
            </trkpt>
            <trkpt lat="-38.4449132" lon="-73.4985673">
                <ele>266</ele>
            </trkpt>
            <trkpt lat="-38.4451758" lon="-73.498401">
                <ele>265.5</ele>
            </trkpt>
            <trkpt lat="-38.4454237" lon="-73.4982669">
                <ele>265</ele>
            </trkpt>
            <trkpt lat="-38.4456821" lon="-73.4981596">
                <ele>264.5</ele>
            </trkpt>
            <trkpt lat="-38.4459258" lon="-73.4980845">
                <ele>263.5</ele>
            </trkpt>
            <trkpt lat="-38.4461506" lon="-73.4980255">
                <ele>261.8</ele>
            </trkpt>
            <trkpt lat="-38.4463879" lon="-73.4979853">
                <ele>259.8</ele>
            </trkpt>
            <trkpt lat="-38.44664" lon="-73.4979638">
                <ele>257</ele>
            </trkpt>
            <trkpt lat="-38.4469194" lon="-73.4979612">
                <ele>254</ele>
            </trkpt>
            <trkpt lat="-38.4492343" lon="-73.4980577">
                <ele>246.5</ele>
            </trkpt>
            <trkpt lat="-38.4495116" lon="-73.4980711">
                <ele>251.2</ele>
            </trkpt>
            <trkpt lat="-38.4497006" lon="-73.4980685">
                <ele>254.8</ele>
            </trkpt>
            <trkpt lat="-38.4499212" lon="-73.4980497">
                <ele>258.2</ele>
            </trkpt>
            <trkpt lat="-38.4503896" lon="-73.4979853">
                <ele>265.2</ele>
            </trkpt>
            <trkpt lat="-38.4507383" lon="-73.4979343">
                <ele>267.8</ele>
            </trkpt>
            <trkpt lat="-38.4510618" lon="-73.4978727">
                <ele>269.8</ele>
            </trkpt>
            <trkpt lat="-38.4514735" lon="-73.4977815">
                <ele>270.8</ele>
            </trkpt>
            <trkpt lat="-38.4517865" lon="-73.497709">
                <ele>271</ele>
            </trkpt>
            <trkpt lat="-38.4520911" lon="-73.4976473">
                <ele>271.2</ele>
            </trkpt>
            <trkpt lat="-38.4526939" lon="-73.4975561">
                <ele>276</ele>
            </trkpt>
            <trkpt lat="-38.4532085" lon="-73.4974784">
                <ele>281.5</ele>
            </trkpt>
            <trkpt lat="-38.4536223" lon="-73.4974167">
                <ele>283.8</ele>
            </trkpt>
            <trkpt lat="-38.4538408" lon="-73.4973925">
                <ele>283.4</ele>
            </trkpt>
            <trkpt lat="-38.454055" lon="-73.4973872">
                <ele>283</ele>
            </trkpt>
            <trkpt lat="-38.4542567" lon="-73.4974033">
                <ele>282.8</ele>
            </trkpt>
            <trkpt lat="-38.4544289" lon="-73.4974355">
                <ele>282.5</ele>
            </trkpt>
            <trkpt lat="-38.4546032" lon="-73.4974998">
                <ele>281.8</ele>
            </trkpt>
            <trkpt lat="-38.4548868" lon="-73.4976473">
                <ele>280.2</ele>
            </trkpt>
            <trkpt lat="-38.4558908" lon="-73.4982187">
                <ele>273.2</ele>
            </trkpt>
            <trkpt lat="-38.4563193" lon="-73.4984574">
                <ele>269.2</ele>
            </trkpt>
            <trkpt lat="-38.458029" lon="-73.4993935">
                <ele>255.2</ele>
            </trkpt>
            <trkpt lat="-38.458407" lon="-73.4996054">
                <ele>253</ele>
            </trkpt>
            <trkpt lat="-38.4585498" lon="-73.4996724">
                <ele>252.8</ele>
            </trkpt>
            <trkpt lat="-38.4586948" lon="-73.4997314">
                <ele>252.5</ele>
            </trkpt>
            <trkpt lat="-38.4588376" lon="-73.499769">
                <ele>252.8</ele>
            </trkpt>
            <trkpt lat="-38.4589258" lon="-73.4997904">
                <ele>253.2</ele>
            </trkpt>
            <trkpt lat="-38.459035" lon="-73.4998092">
                <ele>253.8</ele>
            </trkpt>
            <trkpt lat="-38.4591295" lon="-73.4998173">
                <ele>254.2</ele>
            </trkpt>
            <trkpt lat="-38.4592766" lon="-73.4998119">
                <ele>254.8</ele>
            </trkpt>
            <trkpt lat="-38.4594194" lon="-73.4997931">
                <ele>255</ele>
            </trkpt>
            <trkpt lat="-38.4595643" lon="-73.4997582">
                <ele>255.2</ele>
            </trkpt>
            <trkpt lat="-38.4597155" lon="-73.4996992">
                <ele>256</ele>
            </trkpt>
            <trkpt lat="-38.4598541" lon="-73.4996322">
                <ele>256.5</ele>
            </trkpt>
            <trkpt lat="-38.4599907" lon="-73.499549">
                <ele>256.8</ele>
            </trkpt>
            <trkpt lat="-38.4601335" lon="-73.4994417">
                <ele>257.5</ele>
            </trkpt>
            <trkpt lat="-38.4603141" lon="-73.499305">
                <ele>258.2</ele>
            </trkpt>
            <trkpt lat="-38.4606943" lon="-73.4989777">
                <ele>258</ele>
            </trkpt>
            <trkpt lat="-38.4622421" lon="-73.4976017">
                <ele>251.5</ele>
            </trkpt>
            <trkpt lat="-38.4623996" lon="-73.4974703">
                <ele>249.8</ele>
            </trkpt>
            <trkpt lat="-38.4625635" lon="-73.4973469">
                <ele>248.2</ele>
            </trkpt>
            <trkpt lat="-38.4626916" lon="-73.4972584">
                <ele>246.8</ele>
            </trkpt>
            <trkpt lat="-38.4628218" lon="-73.4971753">
                <ele>245.2</ele>
            </trkpt>
            <trkpt lat="-38.4629457" lon="-73.4971002">
                <ele>244.5</ele>
            </trkpt>
            <trkpt lat="-38.4630717" lon="-73.4970304">
                <ele>244.2</ele>
            </trkpt>
            <trkpt lat="-38.463225" lon="-73.4969527">
                <ele>244</ele>
            </trkpt>
            <trkpt lat="-38.4633783" lon="-73.4968856">
                <ele>244.1</ele>
            </trkpt>
            <trkpt lat="-38.463538" lon="-73.4968212">
                <ele>244.2</ele>
            </trkpt>
            <trkpt lat="-38.4636598" lon="-73.4967864">
                <ele>244.6</ele>
            </trkpt>
            <trkpt lat="-38.4638068" lon="-73.4967408">
                <ele>245</ele>
            </trkpt>
            <trkpt lat="-38.4639979" lon="-73.4966844">
                <ele>246.2</ele>
            </trkpt>
            <trkpt lat="-38.4642352" lon="-73.4966201">
                <ele>247.8</ele>
            </trkpt>
            <trkpt lat="-38.4644452" lon="-73.4965691">
                <ele>249.8</ele>
            </trkpt>
            <trkpt lat="-38.4656948" lon="-73.4962821">
                <ele>263.8</ele>
            </trkpt>
            <trkpt lat="-38.4659783" lon="-73.496215">
                <ele>267</ele>
            </trkpt>
            <trkpt lat="-38.4662408" lon="-73.4961534">
                <ele>269.5</ele>
            </trkpt>
            <trkpt lat="-38.4664676" lon="-73.4961024">
                <ele>270.2</ele>
            </trkpt>
            <trkpt lat="-38.4666084" lon="-73.4960729">
                <ele>270.5</ele>
            </trkpt>
            <trkpt lat="-38.4668583" lon="-73.4960192">
                <ele>270.2</ele>
            </trkpt>
            <trkpt lat="-38.4675786" lon="-73.495802">
                <ele>265</ele>
            </trkpt>
            <trkpt lat="-38.4677718" lon="-73.4957376">
                <ele>263.2</ele>
            </trkpt>
            <trkpt lat="-38.4679881" lon="-73.4956759">
                <ele>261.5</ele>
            </trkpt>
            <trkpt lat="-38.4682275" lon="-73.4956089">
                <ele>260</ele>
            </trkpt>
            <trkpt lat="-38.4693573" lon="-73.4953219">
                <ele>256</ele>
            </trkpt>
            <trkpt lat="-38.4703086" lon="-73.4950858">
                <ele>253</ele>
            </trkpt>
            <trkpt lat="-38.4705144" lon="-73.4950322">
                <ele>251.8</ele>
            </trkpt>
            <trkpt lat="-38.4706467" lon="-73.4949973">
                <ele>250.5</ele>
            </trkpt>
            <trkpt lat="-38.4707769" lon="-73.4949598">
                <ele>249.2</ele>
            </trkpt>
            <trkpt lat="-38.4709764" lon="-73.4948847">
                <ele>247.2</ele>
            </trkpt>
            <trkpt lat="-38.4711003" lon="-73.494831">
                <ele>245.5</ele>
            </trkpt>
            <trkpt lat="-38.4712032" lon="-73.4947827">
                <ele>244</ele>
            </trkpt>
            <trkpt lat="-38.4713103" lon="-73.4947211">
                <ele>242.2</ele>
            </trkpt>
            <trkpt lat="-38.4714153" lon="-73.4946567">
                <ele>240.5</ele>
            </trkpt>
            <trkpt lat="-38.4715476" lon="-73.4945574">
                <ele>238.5</ele>
            </trkpt>
            <trkpt lat="-38.4716379" lon="-73.494477">
                <ele>237</ele>
            </trkpt>
            <trkpt lat="-38.4717177" lon="-73.4943965">
                <ele>236</ele>
            </trkpt>
            <trkpt lat="-38.4718017" lon="-73.4943026">
                <ele>235</ele>
            </trkpt>
            <trkpt lat="-38.4718836" lon="-73.4942034">
                <ele>235</ele>
            </trkpt>
            <trkpt lat="-38.4719529" lon="-73.4941041">
                <ele>234.8</ele>
            </trkpt>
            <trkpt lat="-38.4720159" lon="-73.4940022">
                <ele>234.9</ele>
            </trkpt>
            <trkpt lat="-38.4720621" lon="-73.4939218">
                <ele>235</ele>
            </trkpt>
            <trkpt lat="-38.4721062" lon="-73.4938386">
                <ele>235.2</ele>
            </trkpt>
            <trkpt lat="-38.4721965" lon="-73.4936535">
                <ele>236.5</ele>
            </trkpt>
            <trkpt lat="-38.4722763" lon="-73.4934577">
                <ele>238.2</ele>
            </trkpt>
            <trkpt lat="-38.4725598" lon="-73.4927389">
                <ele>242</ele>
            </trkpt>
            <trkpt lat="-38.4727635" lon="-73.4922802">
                <ele>244.5</ele>
            </trkpt>
            <trkpt lat="-38.4731393" lon="-73.4914353">
                <ele>251.2</ele>
            </trkpt>
            <trkpt lat="-38.4732905" lon="-73.4911081">
                <ele>253.5</ele>
            </trkpt>
            <trkpt lat="-38.4737273" lon="-73.4901989">
                <ele>255.2</ele>
            </trkpt>
            <trkpt lat="-38.4738743" lon="-73.4899038">
                <ele>255.4</ele>
            </trkpt>
            <trkpt lat="-38.4740297" lon="-73.4896249">
                <ele>255.5</ele>
            </trkpt>
            <trkpt lat="-38.4741536" lon="-73.4894103">
                <ele>255.8</ele>
            </trkpt>
            <trkpt lat="-38.4743363" lon="-73.4891206">
                <ele>256.2</ele>
            </trkpt>
            <trkpt lat="-38.4745484" lon="-73.4888202">
                <ele>255.5</ele>
            </trkpt>
            <trkpt lat="-38.474752" lon="-73.4885386">
                <ele>255.7</ele>
            </trkpt>
            <trkpt lat="-38.4749704" lon="-73.4882542">
                <ele>255.8</ele>
            </trkpt>
            <trkpt lat="-38.4751888" lon="-73.4880075">
                <ele>256</ele>
            </trkpt>
            <trkpt lat="-38.4756277" lon="-73.4875059">
                <ele>256.2</ele>
            </trkpt>
            <trkpt lat="-38.4764088" lon="-73.4866208">
                <ele>257.5</ele>
            </trkpt>
            <trkpt lat="-38.4772235" lon="-73.485674">
                <ele>262.5</ele>
            </trkpt>
            <trkpt lat="-38.4775973" lon="-73.4852582">
                <ele>264.5</ele>
            </trkpt>
            <trkpt lat="-38.4778115" lon="-73.4850383">
                <ele>264.8</ele>
            </trkpt>
            <trkpt lat="-38.4779564" lon="-73.4849042">
                <ele>264.5</ele>
            </trkpt>
            <trkpt lat="-38.4781075" lon="-73.4847727">
                <ele>264.6</ele>
            </trkpt>
            <trkpt lat="-38.4782692" lon="-73.4846413">
                <ele>264.8</ele>
            </trkpt>
            <trkpt lat="-38.4784246" lon="-73.4845421">
                <ele>264.5</ele>
            </trkpt>
            <trkpt lat="-38.4785674" lon="-73.4844616">
                <ele>264.2</ele>
            </trkpt>
            <trkpt lat="-38.4787207" lon="-73.4843946">
                <ele>264</ele>
            </trkpt>
            <trkpt lat="-38.4793842" lon="-73.4841371">
                <ele>262.5</ele>
            </trkpt>
            <trkpt lat="-38.4794745" lon="-73.4841156">
                <ele>262.2</ele>
            </trkpt>
            <trkpt lat="-38.4795878" lon="-73.4840968">
                <ele>261.8</ele>
            </trkpt>
            <trkpt lat="-38.4797201" lon="-73.4840834">
                <ele>261.2</ele>
            </trkpt>
            <trkpt lat="-38.4799364" lon="-73.4840834">
                <ele>260.5</ele>
            </trkpt>
            <trkpt lat="-38.4800981" lon="-73.4840941">
                <ele>260</ele>
            </trkpt>
            <trkpt lat="-38.4802912" lon="-73.4841102">
                <ele>259.5</ele>
            </trkpt>
            <trkpt lat="-38.4804823" lon="-73.4841451">
                <ele>259.5</ele>
            </trkpt>
            <trkpt lat="-38.480686" lon="-73.484188">
                <ele>259.5</ele>
            </trkpt>
            <trkpt lat="-38.481066" lon="-73.4842792">
                <ele>259.6</ele>
            </trkpt>
            <trkpt lat="-38.4822481" lon="-73.4846413">
                <ele>259.7</ele>
            </trkpt>
            <trkpt lat="-38.4824224" lon="-73.4846815">
                <ele>259.8</ele>
            </trkpt>
            <trkpt lat="-38.4826576" lon="-73.4847271">
                <ele>260.8</ele>
            </trkpt>
            <trkpt lat="-38.482836" lon="-73.484754">
                <ele>261.5</ele>
            </trkpt>
            <trkpt lat="-38.4830124" lon="-73.4847674">
                <ele>261.8</ele>
            </trkpt>
            <trkpt lat="-38.4831993" lon="-73.4847727">
                <ele>262</ele>
            </trkpt>
            <trkpt lat="-38.4834722" lon="-73.4847701">
                <ele>263</ele>
            </trkpt>
            <trkpt lat="-38.4837914" lon="-73.4847593">
                <ele>264.2</ele>
            </trkpt>
            <trkpt lat="-38.4841987" lon="-73.4847245">
                <ele>265.2</ele>
            </trkpt>
            <trkpt lat="-38.4863087" lon="-73.484534">
                <ele>263.8</ele>
            </trkpt>
            <trkpt lat="-38.4891367" lon="-73.4842873">
                <ele>260.8</ele>
            </trkpt>
            <trkpt lat="-38.4895398" lon="-73.4842336">
                <ele>258.2</ele>
            </trkpt>
            <trkpt lat="-38.4899828" lon="-73.4841719">
                <ele>254.2</ele>
            </trkpt>
            <trkpt lat="-38.4903733" lon="-73.4841102">
                <ele>251.8</ele>
            </trkpt>
            <trkpt lat="-38.4910598" lon="-73.4839708">
                <ele>247.8</ele>
            </trkpt>
            <trkpt lat="-38.492649" lon="-73.4836704">
                <ele>244.8</ele>
            </trkpt>
            <trkpt lat="-38.4930479" lon="-73.4835926">
                <ele>242.5</ele>
            </trkpt>
            <trkpt lat="-38.493262" lon="-73.4835362">
                <ele>241</ele>
            </trkpt>
            <trkpt lat="-38.4934677" lon="-73.4834719">
                <ele>239.5</ele>
            </trkpt>
            <trkpt lat="-38.4936378" lon="-73.4834021">
                <ele>238.8</ele>
            </trkpt>
            <trkpt lat="-38.4937805" lon="-73.4833109">
                <ele>237.8</ele>
            </trkpt>
            <trkpt lat="-38.4939191" lon="-73.4832171">
                <ele>236.8</ele>
            </trkpt>
            <trkpt lat="-38.4940366" lon="-73.4831044">
                <ele>236</ele>
            </trkpt>
            <trkpt lat="-38.4941626" lon="-73.4829676">
                <ele>235.2</ele>
            </trkpt>
            <trkpt lat="-38.4942801" lon="-73.4828094">
                <ele>235</ele>
            </trkpt>
            <trkpt lat="-38.4943977" lon="-73.4826162">
                <ele>234.7</ele>
            </trkpt>
            <trkpt lat="-38.4945971" lon="-73.4822649">
                <ele>234.2</ele>
            </trkpt>
            <trkpt lat="-38.4958777" lon="-73.4797731">
                <ele>227.5</ele>
            </trkpt>
            <trkpt lat="-38.4960141" lon="-73.4794861">
                <ele>228.8</ele>
            </trkpt>
            <trkpt lat="-38.4961128" lon="-73.4792528">
                <ele>230.2</ele>
            </trkpt>
            <trkpt lat="-38.4961926" lon="-73.4790275">
                <ele>232.2</ele>
            </trkpt>
            <trkpt lat="-38.4962408" lon="-73.4788209">
                <ele>233.8</ele>
            </trkpt>
            <trkpt lat="-38.4962933" lon="-73.4785581">
                <ele>236.8</ele>
            </trkpt>
            <trkpt lat="-38.4963248" lon="-73.4783193">
                <ele>239.2</ele>
            </trkpt>
            <trkpt lat="-38.49635" lon="-73.4780136">
                <ele>241.8</ele>
            </trkpt>
            <trkpt lat="-38.4963668" lon="-73.4777346">
                <ele>244.2</ele>
            </trkpt>
            <trkpt lat="-38.4964319" lon="-73.4760877">
                <ele>255.5</ele>
            </trkpt>
            <trkpt lat="-38.496455" lon="-73.475782">
                <ele>257</ele>
            </trkpt>
            <trkpt lat="-38.4964802" lon="-73.4755674">
                <ele>258</ele>
            </trkpt>
            <trkpt lat="-38.4965096" lon="-73.4753931">
                <ele>259.2</ele>
            </trkpt>
            <trkpt lat="-38.4965515" lon="-73.4751865">
                <ele>261.5</ele>
            </trkpt>
            <trkpt lat="-38.4974458" lon="-73.4716165">
                <ele>292</ele>
            </trkpt>
            <trkpt lat="-38.4975193" lon="-73.4713537">
                <ele>293.8</ele>
            </trkpt>
            <trkpt lat="-38.497578" lon="-73.4711578">
                <ele>294.8</ele>
            </trkpt>
            <trkpt lat="-38.4976515" lon="-73.470962">
                <ele>295.5</ele>
            </trkpt>
            <trkpt lat="-38.4977292" lon="-73.4707716">
                <ele>296.5</ele>
            </trkpt>
            <trkpt lat="-38.4978195" lon="-73.4705758">
                <ele>297.2</ele>
            </trkpt>
            <trkpt lat="-38.4979076" lon="-73.470431">
                <ele>297.8</ele>
            </trkpt>
            <trkpt lat="-38.4980063" lon="-73.4702888">
                <ele>298.5</ele>
            </trkpt>
            <trkpt lat="-38.4981133" lon="-73.470152">
                <ele>299.5</ele>
            </trkpt>
            <trkpt lat="-38.4982267" lon="-73.4700394">
                <ele>300.2</ele>
            </trkpt>
            <trkpt lat="-38.4983421" lon="-73.4699214">
                <ele>301</ele>
            </trkpt>
            <trkpt lat="-38.4985269" lon="-73.4697551">
                <ele>302.2</ele>
            </trkpt>
            <trkpt lat="-38.5000341" lon="-73.4683898">
                <ele>298.5</ele>
            </trkpt>
            <trkpt lat="-38.500244" lon="-73.4682101">
                <ele>296.5</ele>
            </trkpt>
            <trkpt lat="-38.5005085" lon="-73.4679821">
                <ele>293.8</ele>
            </trkpt>
            <trkpt lat="-38.5007163" lon="-73.4677997">
                <ele>292.8</ele>
            </trkpt>
            <trkpt lat="-38.5009031" lon="-73.4676495">
                <ele>291.8</ele>
            </trkpt>
            <trkpt lat="-38.5010773" lon="-73.4675208">
                <ele>291.5</ele>
            </trkpt>
            <trkpt lat="-38.501241" lon="-73.4674162">
                <ele>291</ele>
            </trkpt>
            <trkpt lat="-38.5013817" lon="-73.4673357">
                <ele>290.5</ele>
            </trkpt>
            <trkpt lat="-38.5015076" lon="-73.4672847">
                <ele>289.8</ele>
            </trkpt>
            <trkpt lat="-38.5016609" lon="-73.4672257">
                <ele>289</ele>
            </trkpt>
            <trkpt lat="-38.5018099" lon="-73.4671909">
                <ele>288</ele>
            </trkpt>
            <trkpt lat="-38.5019631" lon="-73.4671614">
                <ele>286.8</ele>
            </trkpt>
            <trkpt lat="-38.5021101" lon="-73.4671453">
                <ele>285.8</ele>
            </trkpt>
            <trkpt lat="-38.5022969" lon="-73.4671345">
                <ele>285.2</ele>
            </trkpt>
            <trkpt lat="-38.5051389" lon="-73.4670916">
                <ele>288.2</ele>
            </trkpt>
            <trkpt lat="-38.5054223" lon="-73.4670728">
                <ele>288.1</ele>
            </trkpt>
            <trkpt lat="-38.5056805" lon="-73.4670487">
                <ele>287.9</ele>
            </trkpt>
            <trkpt lat="-38.5059281" lon="-73.4670192">
                <ele>287.7</ele>
            </trkpt>
            <trkpt lat="-38.5061989" lon="-73.4669709">
                <ele>287.5</ele>
            </trkpt>
            <trkpt lat="-38.5064781" lon="-73.4669119">
                <ele>287</ele>
            </trkpt>
            <trkpt lat="-38.5072777" lon="-73.4667456">
                <ele>286.5</ele>
            </trkpt>
            <trkpt lat="-38.5076849" lon="-73.4666625">
                <ele>287.8</ele>
            </trkpt>
            <trkpt lat="-38.5080082" lon="-73.4666035">
                <ele>288.5</ele>
            </trkpt>
            <trkpt lat="-38.5082747" lon="-73.4665659">
                <ele>288.8</ele>
            </trkpt>
            <trkpt lat="-38.508556" lon="-73.4665444">
                <ele>287.6</ele>
            </trkpt>
            <trkpt lat="-38.5098866" lon="-73.4664962">
                <ele>282.2</ele>
            </trkpt>
            <trkpt lat="-38.5101448" lon="-73.4664908">
                <ele>281.2</ele>
            </trkpt>
            <trkpt lat="-38.510361" lon="-73.4665015">
                <ele>279.8</ele>
            </trkpt>
            <trkpt lat="-38.5105793" lon="-73.4665176">
                <ele>277.8</ele>
            </trkpt>
            <trkpt lat="-38.5107472" lon="-73.4665471">
                <ele>276.8</ele>
            </trkpt>
            <trkpt lat="-38.5109444" lon="-73.4666008">
                <ele>276</ele>
            </trkpt>
            <trkpt lat="-38.5111648" lon="-73.4666705">
                <ele>274.2</ele>
            </trkpt>
            <trkpt lat="-38.5114817" lon="-73.4667885">
                <ele>272.2</ele>
            </trkpt>
            <trkpt lat="-38.51323" lon="-73.4674564">
                <ele>271.2</ele>
            </trkpt>
            <trkpt lat="-38.5151524" lon="-73.4681913">
                <ele>278.2</ele>
            </trkpt>
            <trkpt lat="-38.5163528" lon="-73.4686822">
                <ele>277</ele>
            </trkpt>
            <trkpt lat="-38.5165795" lon="-73.4687573">
                <ele>277.5</ele>
            </trkpt>
            <trkpt lat="-38.5167831" lon="-73.4688163">
                <ele>278.2</ele>
            </trkpt>
            <trkpt lat="-38.5169656" lon="-73.4688538">
                <ele>278.4</ele>
            </trkpt>
            <trkpt lat="-38.5171545" lon="-73.4688807">
                <ele>278.5</ele>
            </trkpt>
            <trkpt lat="-38.5177568" lon="-73.4689263">
                <ele>279</ele>
            </trkpt>
            <trkpt lat="-38.5179751" lon="-73.4689423">
                <ele>278.2</ele>
            </trkpt>
            <trkpt lat="-38.5181472" lon="-73.4689692">
                <ele>277.2</ele>
            </trkpt>
            <trkpt lat="-38.5183192" lon="-73.4690174">
                <ele>276.2</ele>
            </trkpt>
            <trkpt lat="-38.5184913" lon="-73.4690738">
                <ele>275.2</ele>
            </trkpt>
            <trkpt lat="-38.518655" lon="-73.4691542">
                <ele>273.8</ele>
            </trkpt>
            <trkpt lat="-38.5188019" lon="-73.4692401">
                <ele>272.2</ele>
            </trkpt>
            <trkpt lat="-38.518953" lon="-73.4693608">
                <ele>270.5</ele>
            </trkpt>
            <trkpt lat="-38.5191083" lon="-73.4695137">
                <ele>268.8</ele>
            </trkpt>
            <trkpt lat="-38.5192846" lon="-73.4696987">
                <ele>266.5</ele>
            </trkpt>
            <trkpt lat="-38.5194546" lon="-73.4698918">
                <ele>264.5</ele>
            </trkpt>
            <trkpt lat="-38.5196267" lon="-73.4701037">
                <ele>262</ele>
            </trkpt>
            <trkpt lat="-38.5197987" lon="-73.470313">
                <ele>260.5</ele>
            </trkpt>
            <trkpt lat="-38.5199121" lon="-73.4704444">
                <ele>259.8</ele>
            </trkpt>
            <trkpt lat="-38.5200862" lon="-73.4706026">
                <ele>259.2</ele>
            </trkpt>
            <trkpt lat="-38.5203276" lon="-73.4708065">
                <ele>258.8</ele>
            </trkpt>
            <trkpt lat="-38.5204724" lon="-73.4709084">
                <ele>258.9</ele>
            </trkpt>
            <trkpt lat="-38.5206088" lon="-73.4709916">
                <ele>259</ele>
            </trkpt>
            <trkpt lat="-38.5207641" lon="-73.4710559">
                <ele>259.5</ele>
            </trkpt>
            <trkpt lat="-38.5209026" lon="-73.4710988">
                <ele>260</ele>
            </trkpt>
            <trkpt lat="-38.5210557" lon="-73.471131">
                <ele>260.8</ele>
            </trkpt>
            <trkpt lat="-38.5212404" lon="-73.4711418">
                <ele>261.5</ele>
            </trkpt>
            <trkpt lat="-38.5214524" lon="-73.4711391">
                <ele>262.8</ele>
            </trkpt>
            <trkpt lat="-38.5217839" lon="-73.4711096">
                <ele>264.5</ele>
            </trkpt>
            <trkpt lat="-38.5225457" lon="-73.471005">
                <ele>270</ele>
            </trkpt>
            <trkpt lat="-38.5227492" lon="-73.4709808">
                <ele>271.2</ele>
            </trkpt>
            <trkpt lat="-38.5228982" lon="-73.4709728">
                <ele>271.8</ele>
            </trkpt>
            <trkpt lat="-38.5230577" lon="-73.4709781">
                <ele>272.8</ele>
            </trkpt>
            <trkpt lat="-38.5232361" lon="-73.4710023">
                <ele>274</ele>
            </trkpt>
            <trkpt lat="-38.523383" lon="-73.4710371">
                <ele>275.2</ele>
            </trkpt>
            <trkpt lat="-38.5235361" lon="-73.4710962">
                <ele>276.8</ele>
            </trkpt>
            <trkpt lat="-38.5236872" lon="-73.4711739">
                <ele>278.2</ele>
            </trkpt>
            <trkpt lat="-38.5238278" lon="-73.4712812">
                <ele>279.2</ele>
            </trkpt>
            <trkpt lat="-38.5239558" lon="-73.4714019">
                <ele>279.1</ele>
            </trkpt>
            <trkpt lat="-38.5241321" lon="-73.4715655">
                <ele>279</ele>
            </trkpt>
            <trkpt lat="-38.526776" lon="-73.4743389">
                <ele>279.2</ele>
            </trkpt>
            <trkpt lat="-38.527884" lon="-73.4755191">
                <ele>269.5</ele>
            </trkpt>
            <trkpt lat="-38.5280266" lon="-73.4756774">
                <ele>266.8</ele>
            </trkpt>
            <trkpt lat="-38.5281588" lon="-73.4758008">
                <ele>264</ele>
            </trkpt>
            <trkpt lat="-38.528291" lon="-73.475908">
                <ele>261.5</ele>
            </trkpt>
            <trkpt lat="-38.5284358" lon="-73.4759992">
                <ele>259.2</ele>
            </trkpt>
            <trkpt lat="-38.5285554" lon="-73.4760609">
                <ele>257.5</ele>
            </trkpt>
            <trkpt lat="-38.5286582" lon="-73.4760985">
                <ele>256</ele>
            </trkpt>
            <trkpt lat="-38.5287862" lon="-73.4761307">
                <ele>254.2</ele>
            </trkpt>
            <trkpt lat="-38.5290002" lon="-73.4761682">
                <ele>252</ele>
            </trkpt>
            <trkpt lat="-38.5310502" lon="-73.4764525">
                <ele>251.5</ele>
            </trkpt>
            <trkpt lat="-38.5312726" lon="-73.476482">
                <ele>250.8</ele>
            </trkpt>
            <trkpt lat="-38.5314804" lon="-73.4764847">
                <ele>249.2</ele>
            </trkpt>
            <trkpt lat="-38.5317217" lon="-73.476482">
                <ele>247.5</ele>
            </trkpt>
            <trkpt lat="-38.5322021" lon="-73.4764606">
                <ele>244</ele>
            </trkpt>
            <trkpt lat="-38.5332302" lon="-73.4764096">
                <ele>234</ele>
            </trkpt>
            <trkpt lat="-38.5334317" lon="-73.4764096">
                <ele>231.8</ele>
            </trkpt>
            <trkpt lat="-38.5335848" lon="-73.4764203">
                <ele>230.2</ele>
            </trkpt>
            <trkpt lat="-38.5337338" lon="-73.4764418">
                <ele>228.8</ele>
            </trkpt>
            <trkpt lat="-38.5338765" lon="-73.4764794">
                <ele>227.2</ele>
            </trkpt>
            <trkpt lat="-38.5340338" lon="-73.4765437">
                <ele>226</ele>
            </trkpt>
            <trkpt lat="-38.5341723" lon="-73.4766322">
                <ele>225.2</ele>
            </trkpt>
            <trkpt lat="-38.5342982" lon="-73.4767234">
                <ele>224.2</ele>
            </trkpt>
            <trkpt lat="-38.534422" lon="-73.4768549">
                <ele>222.2</ele>
            </trkpt>
            <trkpt lat="-38.5345248" lon="-73.4769756">
                <ele>220.5</ele>
            </trkpt>
            <trkpt lat="-38.5346675" lon="-73.4771875">
                <ele>218</ele>
            </trkpt>
            <trkpt lat="-38.5348059" lon="-73.4773672">
                <ele>214.8</ele>
            </trkpt>
            <trkpt lat="-38.5349318" lon="-73.4775174">
                <ele>212.5</ele>
            </trkpt>
            <trkpt lat="-38.5350577" lon="-73.4776247">
                <ele>210.5</ele>
            </trkpt>
            <trkpt lat="-38.5351941" lon="-73.4777158">
                <ele>208.8</ele>
            </trkpt>
            <trkpt lat="-38.5353514" lon="-73.4778044">
                <ele>207.2</ele>
            </trkpt>
            <trkpt lat="-38.5355654" lon="-73.4778982">
                <ele>205.8</ele>
            </trkpt>
            <trkpt lat="-38.5357899" lon="-73.4779707">
                <ele>204.8</ele>
            </trkpt>
            <trkpt lat="-38.5360018" lon="-73.4780189">
                <ele>204</ele>
            </trkpt>
            <trkpt lat="-38.537481" lon="-73.4783006">
                <ele>209.8</ele>
            </trkpt>
            <trkpt lat="-38.5377097" lon="-73.4783354">
                <ele>213.8</ele>
            </trkpt>
            <trkpt lat="-38.5378754" lon="-73.4783542">
                <ele>217.2</ele>
            </trkpt>
            <trkpt lat="-38.5380411" lon="-73.4783649">
                <ele>221</ele>
            </trkpt>
            <trkpt lat="-38.5385908" lon="-73.4783515">
                <ele>230.2</ele>
            </trkpt>
            <trkpt lat="-38.5387629" lon="-73.4783408">
                <ele>233.2</ele>
            </trkpt>
            <trkpt lat="-38.5389097" lon="-73.4783193">
                <ele>235.5</ele>
            </trkpt>
            <trkpt lat="-38.5390755" lon="-73.4782872">
                <ele>237.2</ele>
            </trkpt>
            <trkpt lat="-38.5394531" lon="-73.4781718">
                <ele>239.8</ele>
            </trkpt>
            <trkpt lat="-38.5396146" lon="-73.4781396">
                <ele>241.8</ele>
            </trkpt>
            <trkpt lat="-38.5397426" lon="-73.4781235">
                <ele>242.5</ele>
            </trkpt>
            <trkpt lat="-38.5398874" lon="-73.4781235">
                <ele>243.5</ele>
            </trkpt>
            <trkpt lat="-38.5400363" lon="-73.4781396">
                <ele>245.2</ele>
            </trkpt>
            <trkpt lat="-38.5401874" lon="-73.4781745">
                <ele>247</ele>
            </trkpt>
            <trkpt lat="-38.5403153" lon="-73.4782201">
                <ele>248</ele>
            </trkpt>
            <trkpt lat="-38.5404748" lon="-73.4783006">
                <ele>249.2</ele>
            </trkpt>
            <trkpt lat="-38.5406195" lon="-73.4783998">
                <ele>250.2</ele>
            </trkpt>
            <trkpt lat="-38.5407643" lon="-73.4785339">
                <ele>250.8</ele>
            </trkpt>
            <trkpt lat="-38.5409007" lon="-73.4786814">
                <ele>250.5</ele>
            </trkpt>
            <trkpt lat="-38.5410203" lon="-73.478829">
                <ele>250</ele>
            </trkpt>
            <trkpt lat="-38.5411419" lon="-73.4789845">
                <ele>249.5</ele>
            </trkpt>
            <trkpt lat="-38.5412804" lon="-73.4791911">
                <ele>248.8</ele>
            </trkpt>
            <trkpt lat="-38.5413727" lon="-73.47936">
                <ele>248.5</ele>
            </trkpt>
            <trkpt lat="-38.5414629" lon="-73.4795505">
                <ele>248.2</ele>
            </trkpt>
            <trkpt lat="-38.5415259" lon="-73.4797168">
                <ele>247</ele>
            </trkpt>
            <trkpt lat="-38.5415636" lon="-73.4798294">
                <ele>246</ele>
            </trkpt>
            <trkpt lat="-38.5416056" lon="-73.4799984">
                <ele>244.5</ele>
            </trkpt>
            <trkpt lat="-38.5416979" lon="-73.4804919">
                <ele>237.5</ele>
            </trkpt>
            <trkpt lat="-38.5417419" lon="-73.4807307">
                <ele>233.5</ele>
            </trkpt>
            <trkpt lat="-38.5417881" lon="-73.480913">
                <ele>231.5</ele>
            </trkpt>
            <trkpt lat="-38.5418342" lon="-73.4810552">
                <ele>229.8</ele>
            </trkpt>
            <trkpt lat="-38.5418888" lon="-73.4811893">
                <ele>228</ele>
            </trkpt>
            <trkpt lat="-38.5419643" lon="-73.4813341">
                <ele>226.2</ele>
            </trkpt>
            <trkpt lat="-38.5420398" lon="-73.4814548">
                <ele>224.8</ele>
            </trkpt>
            <trkpt lat="-38.5421259" lon="-73.4815595">
                <ele>223.5</ele>
            </trkpt>
            <trkpt lat="-38.542237" lon="-73.4816775">
                <ele>221.8</ele>
            </trkpt>
            <trkpt lat="-38.5425203" lon="-73.4819216">
                <ele>217.2</ele>
            </trkpt>
            <trkpt lat="-38.5426251" lon="-73.4820288">
                <ele>215</ele>
            </trkpt>
            <trkpt lat="-38.5427342" lon="-73.482163">
                <ele>212.2</ele>
            </trkpt>
            <trkpt lat="-38.5428244" lon="-73.482289">
                <ele>209.5</ele>
            </trkpt>
            <trkpt lat="-38.5429105" lon="-73.4824392">
                <ele>207</ele>
            </trkpt>
            <trkpt lat="-38.5429986" lon="-73.4826162">
                <ele>205.2</ele>
            </trkpt>
            <trkpt lat="-38.5430825" lon="-73.4827825">
                <ele>203.5</ele>
            </trkpt>
            <trkpt lat="-38.5433405" lon="-73.4834021">
                <ele>198.8</ele>
            </trkpt>
            <trkpt lat="-38.5434202" lon="-73.4835845">
                <ele>197.2</ele>
            </trkpt>
            <trkpt lat="-38.5434979" lon="-73.4837347">
                <ele>196.2</ele>
            </trkpt>
            <trkpt lat="-38.543565" lon="-73.4838501">
                <ele>195.5</ele>
            </trkpt>
            <trkpt lat="-38.5436552" lon="-73.4839734">
                <ele>194.5</ele>
            </trkpt>
            <trkpt lat="-38.5437559" lon="-73.4840941">
                <ele>193.5</ele>
            </trkpt>
            <trkpt lat="-38.5438503" lon="-73.4841961">
                <ele>192.8</ele>
            </trkpt>
            <trkpt lat="-38.5439615" lon="-73.4842873">
                <ele>192.2</ele>
            </trkpt>
            <trkpt lat="-38.5440643" lon="-73.4843597">
                <ele>191.5</ele>
            </trkpt>
            <trkpt lat="-38.5441922" lon="-73.4844267">
                <ele>191</ele>
            </trkpt>
            <trkpt lat="-38.5452558" lon="-73.4849632">
                <ele>178</ele>
            </trkpt>
            <trkpt lat="-38.5456125" lon="-73.4851375">
                <ele>174</ele>
            </trkpt>
            <trkpt lat="-38.5458034" lon="-73.485226">
                <ele>172.5</ele>
            </trkpt>
            <trkpt lat="-38.5459481" lon="-73.485285">
                <ele>171.5</ele>
            </trkpt>
            <trkpt lat="-38.546181" lon="-73.4853736">
                <ele>170</ele>
            </trkpt>
            <trkpt lat="-38.5463928" lon="-73.4854513">
                <ele>168.5</ele>
            </trkpt>
            <trkpt lat="-38.5465648" lon="-73.4854996">
                <ele>167.5</ele>
            </trkpt>
            <trkpt lat="-38.5467495" lon="-73.4855479">
                <ele>167.2</ele>
            </trkpt>
            <trkpt lat="-38.5471354" lon="-73.4856042">
                <ele>166.5</ele>
            </trkpt>
            <trkpt lat="-38.5473872" lon="-73.4856686">
                <ele>165.5</ele>
            </trkpt>
            <trkpt lat="-38.5476368" lon="-73.4857383">
                <ele>163.8</ele>
            </trkpt>
            <trkpt lat="-38.5478487" lon="-73.4858081">
                <ele>162</ele>
            </trkpt>
            <trkpt lat="-38.5480605" lon="-73.4858832">
                <ele>160</ele>
            </trkpt>
            <trkpt lat="-38.5482703" lon="-73.4859636">
                <ele>158.2</ele>
            </trkpt>
            <trkpt lat="-38.5498037" lon="-73.4869239">
                <ele>144</ele>
            </trkpt>
            <trkpt lat="-38.5499023" lon="-73.4869775">
                <ele>143</ele>
            </trkpt>
            <trkpt lat="-38.550003" lon="-73.4870231">
                <ele>142</ele>
            </trkpt>
            <trkpt lat="-38.5501079" lon="-73.487058">
                <ele>141</ele>
            </trkpt>
            <trkpt lat="-38.5502128" lon="-73.4870848">
                <ele>140</ele>
            </trkpt>
            <trkpt lat="-38.5503176" lon="-73.4871009">
                <ele>139</ele>
            </trkpt>
            <trkpt lat="-38.5504246" lon="-73.4871089">
                <ele>138</ele>
            </trkpt>
            <trkpt lat="-38.5505316" lon="-73.4871063">
                <ele>137.2</ele>
            </trkpt>
            <trkpt lat="-38.5506386" lon="-73.4870955">
                <ele>136.8</ele>
            </trkpt>
            <trkpt lat="-38.5507498" lon="-73.4870741">
                <ele>136.2</ele>
            </trkpt>
            <trkpt lat="-38.5508588" lon="-73.4870419">
                <ele>135.8</ele>
            </trkpt>
            <trkpt lat="-38.5509679" lon="-73.486999">
                <ele>135.2</ele>
            </trkpt>
            <trkpt lat="-38.5510728" lon="-73.4869453">
                <ele>134.8</ele>
            </trkpt>
            <trkpt lat="-38.5511756" lon="-73.4868836">
                <ele>134.2</ele>
            </trkpt>
            <trkpt lat="-38.5512721" lon="-73.4868112">
                <ele>133.5</ele>
            </trkpt>
            <trkpt lat="-38.5515406" lon="-73.4865618">
                <ele>130.8</ele>
            </trkpt>
            <trkpt lat="-38.5518741" lon="-73.4862855">
                <ele>128.2</ele>
            </trkpt>
            <trkpt lat="-38.5519685" lon="-73.4862211">
                <ele>127.5</ele>
            </trkpt>
            <trkpt lat="-38.5520671" lon="-73.4861675">
                <ele>127</ele>
            </trkpt>
            <trkpt lat="-38.5521698" lon="-73.4861246">
                <ele>126.8</ele>
            </trkpt>
            <trkpt lat="-38.5522726" lon="-73.4860897">
                <ele>126.9</ele>
            </trkpt>
            <trkpt lat="-38.5523796" lon="-73.4860682">
                <ele>127</ele>
            </trkpt>
            <trkpt lat="-38.5524866" lon="-73.4860548">
                <ele>127.2</ele>
            </trkpt>
            <trkpt lat="-38.5525936" lon="-73.4860522">
                <ele>127.8</ele>
            </trkpt>
            <trkpt lat="-38.5527005" lon="-73.4860602">
                <ele>128.2</ele>
            </trkpt>
            <trkpt lat="-38.5528075" lon="-73.486079">
                <ele>128.8</ele>
            </trkpt>
            <trkpt lat="-38.5529124" lon="-73.4861085">
                <ele>129.2</ele>
            </trkpt>
            <trkpt lat="-38.5530152" lon="-73.486146">
                <ele>129.8</ele>
            </trkpt>
            <trkpt lat="-38.5531159" lon="-73.486197">
                <ele>130</ele>
            </trkpt>
            <trkpt lat="-38.5533697" lon="-73.4863257">
                <ele>133</ele>
            </trkpt>
            <trkpt lat="-38.5539486" lon="-73.4866691">
                <ele>138</ele>
            </trkpt>
            <trkpt lat="-38.5541919" lon="-73.4868059">
                <ele>139.8</ele>
            </trkpt>
            <trkpt lat="-38.5543136" lon="-73.4868675">
                <ele>140</ele>
            </trkpt>
            <trkpt lat="-38.5544457" lon="-73.4869212">
                <ele>141</ele>
            </trkpt>
            <trkpt lat="-38.5545485" lon="-73.4869534">
                <ele>141.2</ele>
            </trkpt>
            <trkpt lat="-38.5546597" lon="-73.4869775">
                <ele>141.5</ele>
            </trkpt>
            <trkpt lat="-38.5547729" lon="-73.4869936">
                <ele>142</ele>
            </trkpt>
            <trkpt lat="-38.5548862" lon="-73.4870017">
                <ele>142.5</ele>
            </trkpt>
            <trkpt lat="-38.5549995" lon="-73.486999">
                <ele>142.6</ele>
            </trkpt>
            <trkpt lat="-38.5551106" lon="-73.4869856">
                <ele>142.7</ele>
            </trkpt>
            <trkpt lat="-38.5552344" lon="-73.4869587">
                <ele>142.8</ele>
            </trkpt>
            <trkpt lat="-38.5553581" lon="-73.4869212">
                <ele>143</ele>
            </trkpt>
            <trkpt lat="-38.5554777" lon="-73.4868702">
                <ele>143.2</ele>
            </trkpt>
            <trkpt lat="-38.555593" lon="-73.4868112">
                <ele>143.1</ele>
            </trkpt>
            <trkpt lat="-38.5557063" lon="-73.4867388">
                <ele>142.9</ele>
            </trkpt>
            <trkpt lat="-38.5558133" lon="-73.4866557">
                <ele>142.8</ele>
            </trkpt>
            <trkpt lat="-38.5571305" lon="-73.4854621">
                <ele>138.8</ele>
            </trkpt>
            <trkpt lat="-38.557227" lon="-73.4853816">
                <ele>138.2</ele>
            </trkpt>
            <trkpt lat="-38.5573277" lon="-73.4853038">
                <ele>138</ele>
            </trkpt>
            <trkpt lat="-38.5574703" lon="-73.4852019">
                <ele>137.5</ele>
            </trkpt>
            <trkpt lat="-38.5575395" lon="-73.4851617">
                <ele>137.2</ele>
            </trkpt>
            <trkpt lat="-38.5576087" lon="-73.4851241">
                <ele>136.8</ele>
            </trkpt>
            <trkpt lat="-38.5576905" lon="-73.4850892">
                <ele>136.2</ele>
            </trkpt>
            <trkpt lat="-38.5577723" lon="-73.4850571">
                <ele>135.8</ele>
            </trkpt>
            <trkpt lat="-38.5578814" lon="-73.4850195">
                <ele>135.2</ele>
            </trkpt>
            <trkpt lat="-38.5579925" lon="-73.48499">
                <ele>134.5</ele>
            </trkpt>
            <trkpt lat="-38.5581037" lon="-73.4849685">
                <ele>133.8</ele>
            </trkpt>
            <trkpt lat="-38.5582275" lon="-73.4849578">
                <ele>133</ele>
            </trkpt>
            <trkpt lat="-38.5583512" lon="-73.4849578">
                <ele>132.5</ele>
            </trkpt>
            <trkpt lat="-38.5584749" lon="-73.4849685">
                <ele>132</ele>
            </trkpt>
            <trkpt lat="-38.5586868" lon="-73.4849954">
                <ele>131</ele>
            </trkpt>
            <trkpt lat="-38.5590098" lon="-73.4850436">
                <ele>130.8</ele>
            </trkpt>
            <trkpt lat="-38.5594712" lon="-73.4851107">
                <ele>132.5</ele>
            </trkpt>
            <trkpt lat="-38.5599893" lon="-73.4851751">
                <ele>135.5</ele>
            </trkpt>
            <trkpt lat="-38.5611785" lon="-73.4852958">
                <ele>141</ele>
            </trkpt>
            <trkpt lat="-38.5615832" lon="-73.4853199">
                <ele>143.8</ele>
            </trkpt>
            <trkpt lat="-38.561793" lon="-73.485336">
                <ele>145.5</ele>
            </trkpt>
            <trkpt lat="-38.5619796" lon="-73.485336">
                <ele>146</ele>
            </trkpt>
            <trkpt lat="-38.5621181" lon="-73.4853253">
                <ele>146.2</ele>
            </trkpt>
            <trkpt lat="-38.5622355" lon="-73.4853145">
                <ele>146.5</ele>
            </trkpt>
            <trkpt lat="-38.5623236" lon="-73.4853011">
                <ele>146.6</ele>
            </trkpt>
            <trkpt lat="-38.5624159" lon="-73.485285">
                <ele>146.8</ele>
            </trkpt>
            <trkpt lat="-38.5625103" lon="-73.4852663">
                <ele>147</ele>
            </trkpt>
            <trkpt lat="-38.56259" lon="-73.4852475">
                <ele>147.2</ele>
            </trkpt>
            <trkpt lat="-38.5627619" lon="-73.4852046">
                <ele>147.5</ele>
            </trkpt>
            <trkpt lat="-38.5629339" lon="-73.485159">
                <ele>147.3</ele>
            </trkpt>
            <trkpt lat="-38.563108" lon="-73.4851027">
                <ele>147</ele>
            </trkpt>
            <trkpt lat="-38.5632779" lon="-73.4850383">
                <ele>146.2</ele>
            </trkpt>
            <trkpt lat="-38.5634456" lon="-73.4849659">
                <ele>145.2</ele>
            </trkpt>
            <trkpt lat="-38.5635736" lon="-73.4849015">
                <ele>144.5</ele>
            </trkpt>
            <trkpt lat="-38.5636994" lon="-73.4848318">
                <ele>144</ele>
            </trkpt>
            <trkpt lat="-38.5638232" lon="-73.4847566">
                <ele>143</ele>
            </trkpt>
            <trkpt lat="-38.5644376" lon="-73.4843463">
                <ele>137</ele>
            </trkpt>
            <trkpt lat="-38.5645803" lon="-73.4842497">
                <ele>135.5</ele>
            </trkpt>
            <trkpt lat="-38.5649745" lon="-73.4839869">
                <ele>133</ele>
            </trkpt>
            <trkpt lat="-38.5650521" lon="-73.4839278">
                <ele>132.9</ele>
            </trkpt>
            <trkpt lat="-38.5651276" lon="-73.4838662">
                <ele>132.8</ele>
            </trkpt>
            <trkpt lat="-38.5651989" lon="-73.4837964">
                <ele>132.8</ele>
            </trkpt>
            <trkpt lat="-38.5652912" lon="-73.4836999">
                <ele>132.2</ele>
            </trkpt>
            <trkpt lat="-38.5653793" lon="-73.4835979">
                <ele>132.4</ele>
            </trkpt>
            <trkpt lat="-38.5654695" lon="-73.4834719">
                <ele>132.5</ele>
            </trkpt>
            <trkpt lat="-38.5655534" lon="-73.4833431">
                <ele>132.2</ele>
            </trkpt>
            <trkpt lat="-38.5656331" lon="-73.4832063">
                <ele>131.8</ele>
            </trkpt>
            <trkpt lat="-38.565696" lon="-73.4830803">
                <ele>131.9</ele>
            </trkpt>
            <trkpt lat="-38.5657547" lon="-73.4829515">
                <ele>132.1</ele>
            </trkpt>
            <trkpt lat="-38.5658092" lon="-73.4828174">
                <ele>132.3</ele>
            </trkpt>
            <trkpt lat="-38.5659204" lon="-73.482509">
                <ele>132.8</ele>
            </trkpt>
            <trkpt lat="-38.5659686" lon="-73.4823722">
                <ele>134</ele>
            </trkpt>
            <trkpt lat="-38.5660231" lon="-73.4822407">
                <ele>135.8</ele>
            </trkpt>
            <trkpt lat="-38.5660672" lon="-73.4821495">
                <ele>137</ele>
            </trkpt>
            <trkpt lat="-38.5661133" lon="-73.4820583">
                <ele>138.2</ele>
            </trkpt>
            <trkpt lat="-38.5661762" lon="-73.4819457">
                <ele>139.5</ele>
            </trkpt>
            <trkpt lat="-38.5662454" lon="-73.4818411">
                <ele>140.8</ele>
            </trkpt>
            <trkpt lat="-38.5663168" lon="-73.4817418">
                <ele>142.5</ele>
            </trkpt>
            <trkpt lat="-38.5663964" lon="-73.481648">
                <ele>144.2</ele>
            </trkpt>
            <trkpt lat="-38.5664782" lon="-73.4815595">
                <ele>145.8</ele>
            </trkpt>
            <trkpt lat="-38.5665642" lon="-73.4814817">
                <ele>147</ele>
            </trkpt>
            <trkpt lat="-38.5666607" lon="-73.4814119">
                <ele>148.5</ele>
            </trkpt>
            <trkpt lat="-38.5667614" lon="-73.4813502">
                <ele>150</ele>
            </trkpt>
            <trkpt lat="-38.566862" lon="-73.4812966">
                <ele>151.2</ele>
            </trkpt>
            <trkpt lat="-38.5669857" lon="-73.4812456">
                <ele>152.5</ele>
            </trkpt>
            <trkpt lat="-38.5671095" lon="-73.4812027">
                <ele>153.8</ele>
            </trkpt>
            <trkpt lat="-38.5672353" lon="-73.4811732">
                <ele>154.8</ele>
            </trkpt>
            <trkpt lat="-38.5675939" lon="-73.4811088">
                <ele>157.2</ele>
            </trkpt>
            <trkpt lat="-38.5679945" lon="-73.4810498">
                <ele>160.5</ele>
            </trkpt>
            <trkpt lat="-38.5685523" lon="-73.4809452">
                <ele>165</ele>
            </trkpt>
            <trkpt lat="-38.5692381" lon="-73.4808031">
                <ele>171.2</ele>
            </trkpt>
            <trkpt lat="-38.5696134" lon="-73.4807253">
                <ele>176.5</ele>
            </trkpt>
            <trkpt lat="-38.5697938" lon="-73.4806797">
                <ele>178.8</ele>
            </trkpt>
            <trkpt lat="-38.5699091" lon="-73.4806448">
                <ele>179.8</ele>
            </trkpt>
            <trkpt lat="-38.5700245" lon="-73.4806019">
                <ele>180.2</ele>
            </trkpt>
            <trkpt lat="-38.5701398" lon="-73.4805509">
                <ele>180.5</ele>
            </trkpt>
            <trkpt lat="-38.570251" lon="-73.4804946">
                <ele>180.6</ele>
            </trkpt>
            <trkpt lat="-38.5703663" lon="-73.4804249">
                <ele>180.7</ele>
            </trkpt>
            <trkpt lat="-38.5704774" lon="-73.4803498">
                <ele>180.8</ele>
            </trkpt>
            <trkpt lat="-38.5705865" lon="-73.4802666">
                <ele>181.2</ele>
            </trkpt>
            <trkpt lat="-38.5706997" lon="-73.4801674">
                <ele>181.5</ele>
            </trkpt>
            <trkpt lat="-38.5708088" lon="-73.4800601">
                <ele>182</ele>
            </trkpt>
            <trkpt lat="-38.5709136" lon="-73.4799421">
                <ele>182.8</ele>
            </trkpt>
            <trkpt lat="-38.5710101" lon="-73.479816">
                <ele>183.8</ele>
            </trkpt>
            <trkpt lat="-38.5710919" lon="-73.4796953">
                <ele>185</ele>
            </trkpt>
            <trkpt lat="-38.5711695" lon="-73.4795719">
                <ele>186.2</ele>
            </trkpt>
            <trkpt lat="-38.5712408" lon="-73.4794405">
                <ele>186.5</ele>
            </trkpt>
            <trkpt lat="-38.5713079" lon="-73.4793037">
                <ele>186.2</ele>
            </trkpt>
            <trkpt lat="-38.571721" lon="-73.4783462">
                <ele>184.2</ele>
            </trkpt>
            <trkpt lat="-38.5721425" lon="-73.477402">
                <ele>185</ele>
            </trkpt>
            <trkpt lat="-38.5722138" lon="-73.4772491">
                <ele>185.8</ele>
            </trkpt>
            <trkpt lat="-38.5722704" lon="-73.4771365">
                <ele>186.2</ele>
            </trkpt>
            <trkpt lat="-38.5723333" lon="-73.4770292">
                <ele>186.8</ele>
            </trkpt>
            <trkpt lat="-38.5724025" lon="-73.47693">
                <ele>187.2</ele>
            </trkpt>
            <trkpt lat="-38.5724696" lon="-73.4768388">
                <ele>187.8</ele>
            </trkpt>
            <trkpt lat="-38.5725409" lon="-73.4767556">
                <ele>188.2</ele>
            </trkpt>
            <trkpt lat="-38.5726143" lon="-73.4766778">
                <ele>188.8</ele>
            </trkpt>
            <trkpt lat="-38.5726919" lon="-73.4766027">
                <ele>189.2</ele>
            </trkpt>
            <trkpt lat="-38.5728051" lon="-73.4765062">
                <ele>189.5</ele>
            </trkpt>
            <trkpt lat="-38.5729226" lon="-73.4764177">
                <ele>189.4</ele>
            </trkpt>
            <trkpt lat="-38.5730421" lon="-73.4763372">
                <ele>189.2</ele>
            </trkpt>
            <trkpt lat="-38.5731595" lon="-73.4762675">
                <ele>189.1</ele>
            </trkpt>
            <trkpt lat="-38.5732791" lon="-73.4762058">
                <ele>189</ele>
            </trkpt>
            <trkpt lat="-38.573386" lon="-73.4761602">
                <ele>188.5</ele>
            </trkpt>
            <trkpt lat="-38.5734951" lon="-73.4761199">
                <ele>188</ele>
            </trkpt>
            <trkpt lat="-38.5736062" lon="-73.4760877">
                <ele>187.8</ele>
            </trkpt>
            <trkpt lat="-38.5737362" lon="-73.4760556">
                <ele>187.5</ele>
            </trkpt>
            <trkpt lat="-38.5738683" lon="-73.4760341">
                <ele>187</ele>
            </trkpt>
            <trkpt lat="-38.5740004" lon="-73.4760234">
                <ele>186.2</ele>
            </trkpt>
            <trkpt lat="-38.5741304" lon="-73.4760207">
                <ele>185.8</ele>
            </trkpt>
            <trkpt lat="-38.5742604" lon="-73.4760234">
                <ele>185.2</ele>
            </trkpt>
            <trkpt lat="-38.5744659" lon="-73.4760341">
                <ele>184</ele>
            </trkpt>
            <trkpt lat="-38.5761791" lon="-73.4761924">
                <ele>167</ele>
            </trkpt>
            <trkpt lat="-38.5763469" lon="-73.4762004">
                <ele>165.2</ele>
            </trkpt>
            <trkpt lat="-38.5764874" lon="-73.4762111">
                <ele>164</ele>
            </trkpt>
            <trkpt lat="-38.5766321" lon="-73.4762084">
                <ele>163</ele>
            </trkpt>
            <trkpt lat="-38.5767327" lon="-73.4762004">
                <ele>162.5</ele>
            </trkpt>
            <trkpt lat="-38.5768334" lon="-73.4761843">
                <ele>162</ele>
            </trkpt>
            <trkpt lat="-38.5769424" lon="-73.4761602">
                <ele>161.2</ele>
            </trkpt>
            <trkpt lat="-38.5770493" lon="-73.4761307">
                <ele>160.5</ele>
            </trkpt>
            <trkpt lat="-38.5771542" lon="-73.4760904">
                <ele>159.8</ele>
            </trkpt>
            <trkpt lat="-38.577259" lon="-73.4760448">
                <ele>158.8</ele>
            </trkpt>
            <trkpt lat="-38.5773785" lon="-73.4759805">
                <ele>157.8</ele>
            </trkpt>
            <trkpt lat="-38.5774939" lon="-73.4759054">
                <ele>157</ele>
            </trkpt>
            <trkpt lat="-38.577605" lon="-73.4758195">
                <ele>156.5</ele>
            </trkpt>
            <trkpt lat="-38.5778273" lon="-73.4756318">
                <ele>154.5</ele>
            </trkpt>
            <trkpt lat="-38.5780412" lon="-73.4754494">
                <ele>152.2</ele>
            </trkpt>
            <trkpt lat="-38.5782529" lon="-73.4752616">
                <ele>150.2</ele>
            </trkpt>
            <trkpt lat="-38.5785654" lon="-73.4749773">
                <ele>150.5</ele>
            </trkpt>
            <trkpt lat="-38.578968" lon="-73.4745777">
                <ele>152</ele>
            </trkpt>
            <trkpt lat="-38.579316" lon="-73.4742478">
                <ele>153.8</ele>
            </trkpt>
            <trkpt lat="-38.579511" lon="-73.474068">
                <ele>153.6</ele>
            </trkpt>
            <trkpt lat="-38.5797899" lon="-73.473832">
                <ele>153.5</ele>
            </trkpt>
            <trkpt lat="-38.5800709" lon="-73.4736013">
                <ele>152.2</ele>
            </trkpt>
            <trkpt lat="-38.5803518" lon="-73.4733787">
                <ele>150.8</ele>
            </trkpt>
            <trkpt lat="-38.580637" lon="-73.4731615">
                <ele>148</ele>
            </trkpt>
            <trkpt lat="-38.5808446" lon="-73.4730086">
                <ele>146.2</ele>
            </trkpt>
            <trkpt lat="-38.5810543" lon="-73.4728637">
                <ele>145</ele>
            </trkpt>
            <trkpt lat="-38.581157" lon="-73.4727967">
                <ele>144.5</ele>
            </trkpt>
            <trkpt lat="-38.5813059" lon="-73.4727028">
                <ele>144</ele>
            </trkpt>
            <trkpt lat="-38.5814568" lon="-73.4726143">
                <ele>143.2</ele>
            </trkpt>
            <trkpt lat="-38.5816267" lon="-73.4725204">
                <ele>143</ele>
            </trkpt>
            <trkpt lat="-38.5817986" lon="-73.4724346">
                <ele>143.8</ele>
            </trkpt>
            <trkpt lat="-38.5820418" lon="-73.4723058">
                <ele>145.5</ele>
            </trkpt>
            <trkpt lat="-38.582197" lon="-73.4722307">
                <ele>146.2</ele>
            </trkpt>
            <trkpt lat="-38.58235" lon="-73.4721583">
                <ele>146.8</ele>
            </trkpt>
            <trkpt lat="-38.5825597" lon="-73.4720725">
                <ele>148.2</ele>
            </trkpt>
            <trkpt lat="-38.5826687" lon="-73.4720296">
                <ele>149</ele>
            </trkpt>
            <trkpt lat="-38.5827799" lon="-73.4719947">
                <ele>149.2</ele>
            </trkpt>
            <trkpt lat="-38.582891" lon="-73.4719706">
                <ele>149.5</ele>
            </trkpt>
            <trkpt lat="-38.5830105" lon="-73.4719518">
                <ele>150</ele>
            </trkpt>
            <trkpt lat="-38.5831321" lon="-73.4719437">
                <ele>150.5</ele>
            </trkpt>
            <trkpt lat="-38.5832453" lon="-73.4719384">
                <ele>150.8</ele>
            </trkpt>
            <trkpt lat="-38.5833606" lon="-73.4719464">
                <ele>151</ele>
            </trkpt>
            <trkpt lat="-38.5834634" lon="-73.4719625">
                <ele>150.5</ele>
            </trkpt>
            <trkpt lat="-38.5835661" lon="-73.4719867">
                <ele>150</ele>
            </trkpt>
            <trkpt lat="-38.5837108" lon="-73.4720591">
                <ele>149.7</ele>
            </trkpt>
            <trkpt lat="-38.5838848" lon="-73.4721422">
                <ele>149.2</ele>
            </trkpt>
            <trkpt lat="-38.5845117" lon="-73.4726357">
                <ele>144</ele>
            </trkpt>
            <trkpt lat="-38.5846815" lon="-73.4727457">
                <ele>142.2</ele>
            </trkpt>
            <trkpt lat="-38.5848011" lon="-73.4728074">
                <ele>141</ele>
            </trkpt>
            <trkpt lat="-38.5849227" lon="-73.472845">
                <ele>139.8</ele>
            </trkpt>
            <trkpt lat="-38.5850527" lon="-73.4728503">
                <ele>138.8</ele>
            </trkpt>
            <trkpt lat="-38.5852057" lon="-73.4728476">
                <ele>137.5</ele>
            </trkpt>
            <trkpt lat="-38.5853567" lon="-73.4728181">
                <ele>136.2</ele>
            </trkpt>
            <trkpt lat="-38.5855055" lon="-73.4727752">
                <ele>134.8</ele>
            </trkpt>
            <trkpt lat="-38.5856229" lon="-73.4727162">
                <ele>133.2</ele>
            </trkpt>
            <trkpt lat="-38.5857529" lon="-73.4726465">
                <ele>132</ele>
            </trkpt>
            <trkpt lat="-38.5858871" lon="-73.4725446">
                <ele>131.5</ele>
            </trkpt>
            <trkpt lat="-38.5860024" lon="-73.4724507">
                <ele>130.8</ele>
            </trkpt>
            <trkpt lat="-38.586124" lon="-73.4723219">
                <ele>129.5</ele>
            </trkpt>
            <trkpt lat="-38.586319" lon="-73.4720805">
                <ele>127</ele>
            </trkpt>
            <trkpt lat="-38.5864972" lon="-73.4718767">
                <ele>123.5</ele>
            </trkpt>
            <trkpt lat="-38.5866104" lon="-73.4717506">
                <ele>121.5</ele>
            </trkpt>
            <trkpt lat="-38.5867509" lon="-73.4716219">
                <ele>119.2</ele>
            </trkpt>
            <trkpt lat="-38.586948" lon="-73.4714422">
                <ele>115.5</ele>
            </trkpt>
            <trkpt lat="-38.5870906" lon="-73.4713295">
                <ele>113.2</ele>
            </trkpt>
            <trkpt lat="-38.5871807" lon="-73.4712839">
                <ele>112</ele>
            </trkpt>
            <trkpt lat="-38.5873149" lon="-73.4712383">
                <ele>110.2</ele>
            </trkpt>
            <trkpt lat="-38.5874637" lon="-73.4712195">
                <ele>109</ele>
            </trkpt>
            <trkpt lat="-38.5876021" lon="-73.4712034">
                <ele>108.5</ele>
            </trkpt>
            <trkpt lat="-38.5878202" lon="-73.4712088">
                <ele>107.8</ele>
            </trkpt>
            <trkpt lat="-38.5881493" lon="-73.4712356">
                <ele>107.2</ele>
            </trkpt>
            <trkpt lat="-38.5900844" lon="-73.4714153">
                <ele>109</ele>
            </trkpt>
            <trkpt lat="-38.5904827" lon="-73.4714448">
                <ele>108.2</ele>
            </trkpt>
            <trkpt lat="-38.5908454" lon="-73.4714717">
                <ele>107.8</ele>
            </trkpt>
            <trkpt lat="-38.5910467" lon="-73.471477">
                <ele>108</ele>
            </trkpt>
            <trkpt lat="-38.5912207" lon="-73.4714663">
                <ele>108.2</ele>
            </trkpt>
            <trkpt lat="-38.5913633" lon="-73.4714422">
                <ele>108.1</ele>
            </trkpt>
            <trkpt lat="-38.59151" lon="-73.4713966">
                <ele>108</ele>
            </trkpt>
            <trkpt lat="-38.5916526" lon="-73.4713241">
                <ele>107.2</ele>
            </trkpt>
            <trkpt lat="-38.5917972" lon="-73.4712303">
                <ele>106.8</ele>
            </trkpt>
            <trkpt lat="-38.5922354" lon="-73.4708816">
                <ele>104</ele>
            </trkpt>
            <trkpt lat="-38.5935897" lon="-73.4698114">
                <ele>100.5</ele>
            </trkpt>
            <trkpt lat="-38.5937574" lon="-73.4696719">
                <ele>101.8</ele>
            </trkpt>
            <trkpt lat="-38.5938873" lon="-73.4695432">
                <ele>103</ele>
            </trkpt>
            <trkpt lat="-38.5939901" lon="-73.4694251">
                <ele>104.2</ele>
            </trkpt>
            <trkpt lat="-38.5941452" lon="-73.4691998">
                <ele>106</ele>
            </trkpt>
            <trkpt lat="-38.5942081" lon="-73.4690925">
                <ele>106.5</ele>
            </trkpt>
            <trkpt lat="-38.5943087" lon="-73.4689021">
                <ele>107</ele>
            </trkpt>
            <trkpt lat="-38.594401" lon="-73.4687009">
                <ele>106.8</ele>
            </trkpt>
            <trkpt lat="-38.5945142" lon="-73.4684461">
                <ele>106</ele>
            </trkpt>
            <trkpt lat="-38.5946336" lon="-73.4681538">
                <ele>105.5</ele>
            </trkpt>
            <trkpt lat="-38.5947594" lon="-73.4678239">
                <ele>105.8</ele>
            </trkpt>
            <trkpt lat="-38.5948642" lon="-73.4675422">
                <ele>106</ele>
            </trkpt>
            <trkpt lat="-38.5949418" lon="-73.4672982">
                <ele>105.5</ele>
            </trkpt>
            <trkpt lat="-38.5950005" lon="-73.467097">
                <ele>105.2</ele>
            </trkpt>
            <trkpt lat="-38.5950634" lon="-73.466877">
                <ele>105.4</ele>
            </trkpt>
            <trkpt lat="-38.595099" lon="-73.4667215">
                <ele>105.5</ele>
            </trkpt>
            <trkpt lat="-38.5951431" lon="-73.4665042">
                <ele>106</ele>
            </trkpt>
            <trkpt lat="-38.5951787" lon="-73.4662923">
                <ele>105.5</ele>
            </trkpt>
            <trkpt lat="-38.5952227" lon="-73.466">
                <ele>106.8</ele>
            </trkpt>
            <trkpt lat="-38.5953338" lon="-73.4651282">
                <ele>110.5</ele>
            </trkpt>
            <trkpt lat="-38.5953779" lon="-73.4648734">
                <ele>112</ele>
            </trkpt>
            <trkpt lat="-38.5954324" lon="-73.4646615">
                <ele>113</ele>
            </trkpt>
            <trkpt lat="-38.5955225" lon="-73.4644175">
                <ele>114</ele>
            </trkpt>
            <trkpt lat="-38.5956126" lon="-73.4641948">
                <ele>114.2</ele>
            </trkpt>
            <trkpt lat="-38.5957196" lon="-73.4640178">
                <ele>114</ele>
            </trkpt>
            <trkpt lat="-38.5958202" lon="-73.4638783">
                <ele>113.8</ele>
            </trkpt>
            <trkpt lat="-38.5959795" lon="-73.4637013">
                <ele>113.2</ele>
            </trkpt>
            <trkpt lat="-38.5965707" lon="-73.4631246">
                <ele>116.5</ele>
            </trkpt>
            <trkpt lat="-38.5968264" lon="-73.4628618">
                <ele>118.2</ele>
            </trkpt>
            <trkpt lat="-38.5981009" lon="-73.4615287">
                <ele>129.5</ele>
            </trkpt>
            <trkpt lat="-38.5981953" lon="-73.4614456">
                <ele>130.8</ele>
            </trkpt>
            <trkpt lat="-38.5982833" lon="-73.4613839">
                <ele>131.8</ele>
            </trkpt>
            <trkpt lat="-38.5984301" lon="-73.4613141">
                <ele>133.5</ele>
            </trkpt>
            <trkpt lat="-38.5986523" lon="-73.4612551">
                <ele>137.5</ele>
            </trkpt>
            <trkpt lat="-38.5988241" lon="-73.4612095">
                <ele>140.8</ele>
            </trkpt>
            <trkpt lat="-38.5990002" lon="-73.4611452">
                <ele>142.8</ele>
            </trkpt>
            <trkpt lat="-38.5991931" lon="-73.461054">
                <ele>143.5</ele>
            </trkpt>
            <trkpt lat="-38.5994656" lon="-73.4609091">
                <ele>144.2</ele>
            </trkpt>
            <trkpt lat="-38.5997067" lon="-73.4607992">
                <ele>145</ele>
            </trkpt>
            <trkpt lat="-38.600172" lon="-73.4606007">
                <ele>146.2</ele>
            </trkpt>
            <trkpt lat="-38.6007778" lon="-73.4603673">
                <ele>149.5</ele>
            </trkpt>
            <trkpt lat="-38.601088" lon="-73.4602439">
                <ele>149.8</ele>
            </trkpt>
            <trkpt lat="-38.6014213" lon="-73.460083">
                <ele>150</ele>
            </trkpt>
            <trkpt lat="-38.6016645" lon="-73.4599516">
                <ele>149.8</ele>
            </trkpt>
            <trkpt lat="-38.6018133" lon="-73.459855">
                <ele>149</ele>
            </trkpt>
            <trkpt lat="-38.6020062" lon="-73.4597182">
                <ele>147</ele>
            </trkpt>
            <trkpt lat="-38.6021508" lon="-73.4595814">
                <ele>145</ele>
            </trkpt>
            <trkpt lat="-38.602287" lon="-73.4594312">
                <ele>143.2</ele>
            </trkpt>
            <trkpt lat="-38.6023898" lon="-73.4592918">
                <ele>141.2</ele>
            </trkpt>
            <trkpt lat="-38.6024967" lon="-73.4590986">
                <ele>138.8</ele>
            </trkpt>
            <trkpt lat="-38.6026036" lon="-73.4588572">
                <ele>137</ele>
            </trkpt>
            <trkpt lat="-38.6027461" lon="-73.4585086">
                <ele>135.5</ele>
            </trkpt>
            <trkpt lat="-38.6029012" lon="-73.458074">
                <ele>134.5</ele>
            </trkpt>
            <trkpt lat="-38.6030081" lon="-73.4577441">
                <ele>133.5</ele>
            </trkpt>
            <trkpt lat="-38.6031465" lon="-73.4572828">
                <ele>134</ele>
            </trkpt>
            <trkpt lat="-38.6031926" lon="-73.4571031">
                <ele>134.8</ele>
            </trkpt>
            <trkpt lat="-38.6032345" lon="-73.4569529">
                <ele>135.2</ele>
            </trkpt>
            <trkpt lat="-38.6033037" lon="-73.4567463">
                <ele>135.5</ele>
            </trkpt>
            <trkpt lat="-38.603398" lon="-73.4565344">
                <ele>135.8</ele>
            </trkpt>
            <trkpt lat="-38.6035028" lon="-73.4563413">
                <ele>136</ele>
            </trkpt>
            <trkpt lat="-38.6036411" lon="-73.4561428">
                <ele>135.8</ele>
            </trkpt>
            <trkpt lat="-38.6037983" lon="-73.455947">
                <ele>134.8</ele>
            </trkpt>
            <trkpt lat="-38.6039954" lon="-73.4557351">
                <ele>133.5</ele>
            </trkpt>
            <trkpt lat="-38.6042867" lon="-73.4554482">
                <ele>131.5</ele>
            </trkpt>
            <trkpt lat="-38.6044691" lon="-73.4552684">
                <ele>129.2</ele>
            </trkpt>
            <trkpt lat="-38.6046305" lon="-73.4550968">
                <ele>127</ele>
            </trkpt>
            <trkpt lat="-38.6047709" lon="-73.4549251">
                <ele>125.5</ele>
            </trkpt>
            <trkpt lat="-38.6048904" lon="-73.4547588">
                <ele>123.8</ele>
            </trkpt>
            <trkpt lat="-38.605012" lon="-73.4545738">
                <ele>121.2</ele>
            </trkpt>
            <trkpt lat="-38.6051335" lon="-73.4543538">
                <ele>119.5</ele>
            </trkpt>
            <trkpt lat="-38.6052761" lon="-73.4540534">
                <ele>118</ele>
            </trkpt>
            <trkpt lat="-38.6054605" lon="-73.4536725">
                <ele>115.8</ele>
            </trkpt>
            <trkpt lat="-38.6057162" lon="-73.4531415">
                <ele>114.8</ele>
            </trkpt>
            <trkpt lat="-38.6058231" lon="-73.4529349">
                <ele>114.5</ele>
            </trkpt>
            <trkpt lat="-38.6059552" lon="-73.4527498">
                <ele>114.8</ele>
            </trkpt>
            <trkpt lat="-38.6061396" lon="-73.4525111">
                <ele>113.8</ele>
            </trkpt>
            <trkpt lat="-38.6067852" lon="-73.4517708">
                <ele>110.5</ele>
            </trkpt>
            <trkpt lat="-38.6071143" lon="-73.4513819">
                <ele>108.8</ele>
            </trkpt>
            <trkpt lat="-38.6074433" lon="-73.450985">
                <ele>107.8</ele>
            </trkpt>
            <trkpt lat="-38.6076991" lon="-73.4506497">
                <ele>106</ele>
            </trkpt>
            <trkpt lat="-38.6079087" lon="-73.450309">
                <ele>103.8</ele>
            </trkpt>
            <trkpt lat="-38.6083216" lon="-73.4495956">
                <ele>95.8</ele>
            </trkpt>
            <trkpt lat="-38.6084955" lon="-73.4492818">
                <ele>92.2</ele>
            </trkpt>
            <trkpt lat="-38.6088812" lon="-73.4486327">
                <ele>86</ele>
            </trkpt>
            <trkpt lat="-38.6090551" lon="-73.4483483">
                <ele>85</ele>
            </trkpt>
            <trkpt lat="-38.6091809" lon="-73.4481338">
                <ele>84.8</ele>
            </trkpt>
            <trkpt lat="-38.6092773" lon="-73.4479299">
                <ele>84.5</ele>
            </trkpt>
            <trkpt lat="-38.6094764" lon="-73.4474096">
                <ele>84.1</ele>
            </trkpt>
            <trkpt lat="-38.6096504" lon="-73.4469911">
                <ele>83.8</ele>
            </trkpt>
            <trkpt lat="-38.6098076" lon="-73.4466156">
                <ele>82</ele>
            </trkpt>
            <trkpt lat="-38.6101618" lon="-73.4458941">
                <ele>75.2</ele>
            </trkpt>
            <trkpt lat="-38.610298" lon="-73.44565">
                <ele>73.5</ele>
            </trkpt>
            <trkpt lat="-38.6104238" lon="-73.4454381">
                <ele>71</ele>
            </trkpt>
            <trkpt lat="-38.6105516" lon="-73.4452638">
                <ele>68.5</ele>
            </trkpt>
            <trkpt lat="-38.6106879" lon="-73.4450948">
                <ele>66</ele>
            </trkpt>
            <trkpt lat="-38.6108409" lon="-73.4449527">
                <ele>63.8</ele>
            </trkpt>
            <trkpt lat="-38.6110483" lon="-73.4447864">
                <ele>62.2</ele>
            </trkpt>
            <trkpt lat="-38.6116205" lon="-73.4443545">
                <ele>65.8</ele>
            </trkpt>
            <trkpt lat="-38.6121235" lon="-73.4439763">
                <ele>72.8</ele>
            </trkpt>
            <trkpt lat="-38.612505" lon="-73.4436572">
                <ele>73.5</ele>
            </trkpt>
            <trkpt lat="-38.6126978" lon="-73.443523">
                <ele>73.2</ele>
            </trkpt>
            <trkpt lat="-38.6128885" lon="-73.4434158">
                <ele>73</ele>
            </trkpt>
            <trkpt lat="-38.612964" lon="-73.4433889">
                <ele>72.9</ele>
            </trkpt>
            <trkpt lat="-38.6130604" lon="-73.4433541">
                <ele>72.8</ele>
            </trkpt>
            <trkpt lat="-38.6132259" lon="-73.4433031">
                <ele>71.5</ele>
            </trkpt>
            <trkpt lat="-38.6134292" lon="-73.4432656">
                <ele>70</ele>
            </trkpt>
            <trkpt lat="-38.6136786" lon="-73.4432468">
                <ele>67.5</ele>
            </trkpt>
            <trkpt lat="-38.6139574" lon="-73.4432575">
                <ele>64.5</ele>
            </trkpt>
            <trkpt lat="-38.614628" lon="-73.443338">
                <ele>60</ele>
            </trkpt>
            <trkpt lat="-38.6148816" lon="-73.4433433">
                <ele>59.9</ele>
            </trkpt>
            <trkpt lat="-38.6151247" lon="-73.4433272">
                <ele>59.8</ele>
            </trkpt>
            <trkpt lat="-38.6153846" lon="-73.4432817">
                <ele>58.9</ele>
            </trkpt>
            <trkpt lat="-38.6166483" lon="-73.4429759">
                <ele>54.5</ele>
            </trkpt>
            <trkpt lat="-38.616927" lon="-73.4429008">
                <ele>53.8</ele>
            </trkpt>
            <trkpt lat="-38.6171639" lon="-73.4428203">
                <ele>52.2</ele>
            </trkpt>
            <trkpt lat="-38.6174049" lon="-73.4427345">
                <ele>50.2</ele>
            </trkpt>
            <trkpt lat="-38.6176123" lon="-73.4426486">
                <ele>49.2</ele>
            </trkpt>
            <trkpt lat="-38.6178345" lon="-73.4425333">
                <ele>48</ele>
            </trkpt>
            <trkpt lat="-38.618042" lon="-73.442418">
                <ele>47.8</ele>
            </trkpt>
            <trkpt lat="-38.6182431" lon="-73.4422839">
                <ele>47.8</ele>
            </trkpt>
            <trkpt lat="-38.6184569" lon="-73.4420773">
                <ele>47.9</ele>
            </trkpt>
            <trkpt lat="-38.6186434" lon="-73.4419325">
                <ele>48</ele>
            </trkpt>
            <trkpt lat="-38.6187461" lon="-73.4418386">
                <ele>48.2</ele>
            </trkpt>
            <trkpt lat="-38.6188488" lon="-73.4417367">
                <ele>49</ele>
            </trkpt>
            <trkpt lat="-38.6189976" lon="-73.4415838">
                <ele>50.8</ele>
            </trkpt>
            <trkpt lat="-38.6191527" lon="-73.4414282">
                <ele>52.2</ele>
            </trkpt>
            <trkpt lat="-38.6193182" lon="-73.4412029">
                <ele>54.2</ele>
            </trkpt>
            <trkpt lat="-38.6194607" lon="-73.4410098">
                <ele>55.8</ele>
            </trkpt>
            <trkpt lat="-38.6198002" lon="-73.4404546">
                <ele>59</ele>
            </trkpt>
            <trkpt lat="-38.6200643" lon="-73.4400147">
                <ele>60.2</ele>
            </trkpt>
            <trkpt lat="-38.6202738" lon="-73.4397277">
                <ele>62.5</ele>
            </trkpt>
            <trkpt lat="-38.6205316" lon="-73.4394488">
                <ele>64.2</ele>
            </trkpt>
            <trkpt lat="-38.6207223" lon="-73.4392825">
                <ele>65.5</ele>
            </trkpt>
            <trkpt lat="-38.6208732" lon="-73.4391645">
                <ele>65.8</ele>
            </trkpt>
            <trkpt lat="-38.6210639" lon="-73.4390894">
                <ele>66.2</ele>
            </trkpt>
            <trkpt lat="-38.6212525" lon="-73.4390143">
                <ele>66.8</ele>
            </trkpt>
            <trkpt lat="-38.6216527" lon="-73.438915">
                <ele>67.8</ele>
            </trkpt>
            <trkpt lat="-38.6224071" lon="-73.4387621">
                <ele>69</ele>
            </trkpt>
            <trkpt lat="-38.6226732" lon="-73.4387138">
                <ele>69.8</ele>
            </trkpt>
            <trkpt lat="-38.622952" lon="-73.4386683">
                <ele>70.5</ele>
            </trkpt>
            <trkpt lat="-38.6233711" lon="-73.4386387">
                <ele>71.2</ele>
            </trkpt>
            <trkpt lat="-38.6236309" lon="-73.4386548">
                <ele>71</ele>
            </trkpt>
            <trkpt lat="-38.6238446" lon="-73.4386897">
                <ele>70.5</ele>
            </trkpt>
            <trkpt lat="-38.6240563" lon="-73.4387353">
                <ele>70</ele>
            </trkpt>
            <trkpt lat="-38.624291" lon="-73.438789">
                <ele>70.2</ele>
            </trkpt>
            <trkpt lat="-38.624643" lon="-73.4388909">
                <ele>70</ele>
            </trkpt>
            <trkpt lat="-38.6249972" lon="-73.4389901">
                <ele>69.8</ele>
            </trkpt>
            <trkpt lat="-38.6253136" lon="-73.439084">
                <ele>70</ele>
            </trkpt>
            <trkpt lat="-38.6255734" lon="-73.4391591">
                <ele>70.2</ele>
            </trkpt>
            <trkpt lat="-38.6257662" lon="-73.4392154">
                <ele>70.1</ele>
            </trkpt>
            <trkpt lat="-38.6259024" lon="-73.4392288">
                <ele>70</ele>
            </trkpt>
            <trkpt lat="-38.6260826" lon="-73.4392422">
                <ele>69.2</ele>
            </trkpt>
            <trkpt lat="-38.6262356" lon="-73.4392369">
                <ele>68.2</ele>
            </trkpt>
            <trkpt lat="-38.6264074" lon="-73.4392074">
                <ele>67</ele>
            </trkpt>
            <trkpt lat="-38.6266211" lon="-73.4391376">
                <ele>64.5</ele>
            </trkpt>
            <trkpt lat="-38.6273042" lon="-73.4387568">
                <ele>54.8</ele>
            </trkpt>
            <trkpt lat="-38.6281613" lon="-73.4382927">
                <ele>49.5</ele>
            </trkpt>
            <trkpt lat="-38.6288821" lon="-73.4378609">
                <ele>51.2</ele>
            </trkpt>
            <trkpt lat="-38.6291712" lon="-73.4376919">
                <ele>53.2</ele>
            </trkpt>
            <trkpt lat="-38.6294729" lon="-73.4374934">
                <ele>54</ele>
            </trkpt>
            <trkpt lat="-38.629825" lon="-73.4372815">
                <ele>55</ele>
            </trkpt>
            <trkpt lat="-38.6301015" lon="-73.4371018">
                <ele>56</ele>
            </trkpt>
            <trkpt lat="-38.630376" lon="-73.4369141">
                <ele>57.8</ele>
            </trkpt>
            <trkpt lat="-38.6306086" lon="-73.4367049">
                <ele>60.5</ele>
            </trkpt>
            <trkpt lat="-38.6308475" lon="-73.4364635">
                <ele>63</ele>
            </trkpt>
            <trkpt lat="-38.6310528" lon="-73.4362704">
                <ele>66</ele>
            </trkpt>
            <trkpt lat="-38.6314844" lon="-73.4357715">
                <ele>74.8</ele>
            </trkpt>
            <trkpt lat="-38.6317212" lon="-73.435514">
                <ele>78</ele>
            </trkpt>
            <trkpt lat="-38.6319622" lon="-73.4353074">
                <ele>80.5</ele>
            </trkpt>
            <trkpt lat="-38.6321486" lon="-73.4351975">
                <ele>81.8</ele>
            </trkpt>
            <trkpt lat="-38.6323561" lon="-73.4351009">
                <ele>82.2</ele>
            </trkpt>
            <trkpt lat="-38.6325405" lon="-73.435066">
                <ele>82.5</ele>
            </trkpt>
            <trkpt lat="-38.6328506" lon="-73.4350178">
                <ele>82.4</ele>
            </trkpt>
            <trkpt lat="-38.6332696" lon="-73.4349775">
                <ele>82.3</ele>
            </trkpt>
            <trkpt lat="-38.6334917" lon="-73.4349507">
                <ele>82.2</ele>
            </trkpt>
            <trkpt lat="-38.6336991" lon="-73.4349024">
                <ele>82</ele>
            </trkpt>
            <trkpt lat="-38.6338961" lon="-73.4348461">
                <ele>82.4</ele>
            </trkpt>
            <trkpt lat="-38.6340805" lon="-73.4347683">
                <ele>82.8</ele>
            </trkpt>
            <trkpt lat="-38.6343549" lon="-73.4346288">
                <ele>84</ele>
            </trkpt>
            <trkpt lat="-38.6349709" lon="-73.4343231">
                <ele>88</ele>
            </trkpt>
            <trkpt lat="-38.6354339" lon="-73.4341004">
                <ele>88.5</ele>
            </trkpt>
            <trkpt lat="-38.6356435" lon="-73.4340012">
                <ele>87.5</ele>
            </trkpt>
            <trkpt lat="-38.6358362" lon="-73.433851">
                <ele>86.2</ele>
            </trkpt>
            <trkpt lat="-38.6359996" lon="-73.4337062">
                <ele>84.8</ele>
            </trkpt>
            <trkpt lat="-38.6361463" lon="-73.4335586">
                <ele>82.8</ele>
            </trkpt>
            <trkpt lat="-38.6362511" lon="-73.4334245">
                <ele>80.2</ele>
            </trkpt>
            <trkpt lat="-38.636381" lon="-73.4332448">
                <ele>77.5</ele>
            </trkpt>
            <trkpt lat="-38.6366785" lon="-73.4327728">
                <ele>68.8</ele>
            </trkpt>
            <trkpt lat="-38.6368356" lon="-73.4324428">
                <ele>64.8</ele>
            </trkpt>
            <trkpt lat="-38.6369906" lon="-73.4321612">
                <ele>60.5</ele>
            </trkpt>
            <trkpt lat="-38.6371184" lon="-73.4319976">
                <ele>57.2</ele>
            </trkpt>
            <trkpt lat="-38.6372504" lon="-73.4318715">
                <ele>54.5</ele>
            </trkpt>
            <trkpt lat="-38.6373657" lon="-73.4318233">
                <ele>52.8</ele>
            </trkpt>
            <trkpt lat="-38.6374977" lon="-73.4317803">
                <ele>51</ele>
            </trkpt>
            <trkpt lat="-38.637638" lon="-73.431783">
                <ele>49.5</ele>
            </trkpt>
            <trkpt lat="-38.6378203" lon="-73.4318233">
                <ele>47.8</ele>
            </trkpt>
            <trkpt lat="-38.6380026" lon="-73.4318742">
                <ele>45.5</ele>
            </trkpt>
            <trkpt lat="-38.6383126" lon="-73.4319735">
                <ele>41</ele>
            </trkpt>
            <trkpt lat="-38.6384761" lon="-73.4319949">
                <ele>38.5</ele>
            </trkpt>
            <trkpt lat="-38.6386269" lon="-73.4320217">
                <ele>35.8</ele>
            </trkpt>
            <trkpt lat="-38.6387233" lon="-73.432011">
                <ele>33.5</ele>
            </trkpt>
            <trkpt lat="-38.6388008" lon="-73.4319842">
                <ele>31.5</ele>
            </trkpt>
            <trkpt lat="-38.6388993" lon="-73.4319413">
                <ele>29.2</ele>
            </trkpt>
            <trkpt lat="-38.6390354" lon="-73.4318474">
                <ele>26</ele>
            </trkpt>
            <trkpt lat="-38.6394356" lon="-73.4314853">
                <ele>18.8</ele>
            </trkpt>
            <trkpt lat="-38.6394901" lon="-73.431437">
                <ele>18.8</ele>
            </trkpt>
            <trkpt lat="-38.639819" lon="-73.4311152">
                <ele>14</ele>
            </trkpt>
            <trkpt lat="-38.6400243" lon="-73.4309193">
                <ele>14.2</ele>
            </trkpt>
            <trkpt lat="-38.6401165" lon="-73.4308121">
                <ele>15</ele>
            </trkpt>
            <trkpt lat="-38.6402212" lon="-73.430678">
                <ele>16</ele>
            </trkpt>
            <trkpt lat="-38.6403197" lon="-73.4305251">
                <ele>16.5</ele>
            </trkpt>
            <trkpt lat="-38.6404077" lon="-73.4303346">
                <ele>17.2</ele>
            </trkpt>
            <trkpt lat="-38.6404852" lon="-73.4301361">
                <ele>18</ele>
            </trkpt>
            <trkpt lat="-38.6405439" lon="-73.4299001">
                <ele>19</ele>
            </trkpt>
            <trkpt lat="-38.6406172" lon="-73.4295326">
                <ele>20</ele>
            </trkpt>
            <trkpt lat="-38.6406926" lon="-73.4291732">
                <ele>21.5</ele>
            </trkpt>
            <trkpt lat="-38.6407659" lon="-73.428846">
                <ele>22.2</ele>
            </trkpt>
            <trkpt lat="-38.640812" lon="-73.4286609">
                <ele>23</ele>
            </trkpt>
            <trkpt lat="-38.6408539" lon="-73.4285188">
                <ele>23.8</ele>
            </trkpt>
            <trkpt lat="-38.6409105" lon="-73.4283847">
                <ele>24</ele>
            </trkpt>
            <trkpt lat="-38.640965" lon="-73.4282774">
                <ele>23.8</ele>
            </trkpt>
            <trkpt lat="-38.6410404" lon="-73.4281567">
                <ele>23.5</ele>
            </trkpt>
            <trkpt lat="-38.6411095" lon="-73.4280521">
                <ele>23.8</ele>
            </trkpt>
            <trkpt lat="-38.6411682" lon="-73.4279796">
                <ele>24</ele>
            </trkpt>
            <trkpt lat="-38.6412541" lon="-73.4278777">
                <ele>24.5</ele>
            </trkpt>
            <trkpt lat="-38.6413316" lon="-73.4277946">
                <ele>24.8</ele>
            </trkpt>
            <trkpt lat="-38.6414259" lon="-73.42769">
                <ele>24.6</ele>
            </trkpt>
            <trkpt lat="-38.641539" lon="-73.4275961">
                <ele>24.5</ele>
            </trkpt>
            <trkpt lat="-38.6419077" lon="-73.4273466">
                <ele>24.8</ele>
            </trkpt>
            <trkpt lat="-38.6423456" lon="-73.4270972">
                <ele>24.5</ele>
            </trkpt>
            <trkpt lat="-38.6429761" lon="-73.4267271">
                <ele>25.5</ele>
            </trkpt>
            <trkpt lat="-38.6436319" lon="-73.4263408">
                <ele>26.5</ele>
            </trkpt>
            <trkpt lat="-38.6439629" lon="-73.4261557">
                <ele>29</ele>
            </trkpt>
            <trkpt lat="-38.6442897" lon="-73.4259599">
                <ele>32.2</ele>
            </trkpt>
            <trkpt lat="-38.6453539" lon="-73.4253109">
                <ele>35.8</ele>
            </trkpt>
            <trkpt lat="-38.64602" lon="-73.4249246">
                <ele>29.5</ele>
            </trkpt>
            <trkpt lat="-38.6464222" lon="-73.4246805">
                <ele>24.5</ele>
            </trkpt>
            <trkpt lat="-38.6469732" lon="-73.4243479">
                <ele>19.8</ele>
            </trkpt>
            <trkpt lat="-38.6473314" lon="-73.4241521">
                <ele>16.8</ele>
            </trkpt>
            <trkpt lat="-38.6475053" lon="-73.4240663">
                <ele>15.5</ele>
            </trkpt>
            <trkpt lat="-38.6476812" lon="-73.4240046">
                <ele>14.5</ele>
            </trkpt>
            <trkpt lat="-38.6478677" lon="-73.4239456">
                <ele>14</ele>
            </trkpt>
            <trkpt lat="-38.6480541" lon="-73.4239134">
                <ele>13.5</ele>
            </trkpt>
            <trkpt lat="-38.6482615" lon="-73.423892">
                <ele>12.2</ele>
            </trkpt>
            <trkpt lat="-38.648494" lon="-73.4239054">
                <ele>11</ele>
            </trkpt>
            <trkpt lat="-38.6488271" lon="-73.4239537">
                <ele>9.8</ele>
            </trkpt>
            <trkpt lat="-38.649334" lon="-73.4240127">
                <ele>9.5</ele>
            </trkpt>
            <trkpt lat="-38.649841" lon="-73.4240717">
                <ele>12.5</ele>
            </trkpt>
            <trkpt lat="-38.6501049" lon="-73.4241012">
                <ele>13.5</ele>
            </trkpt>
            <trkpt lat="-38.6502934" lon="-73.4241092">
                <ele>14</ele>
            </trkpt>
            <trkpt lat="-38.650484" lon="-73.4240824">
                <ele>14.8</ele>
            </trkpt>
            <trkpt lat="-38.6506474" lon="-73.4240475">
                <ele>14.9</ele>
            </trkpt>
            <trkpt lat="-38.6508276" lon="-73.4239751">
                <ele>15</ele>
            </trkpt>
            <trkpt lat="-38.6509805" lon="-73.423892">
                <ele>15.8</ele>
            </trkpt>
            <trkpt lat="-38.6510726" lon="-73.4238303">
                <ele>16</ele>
            </trkpt>
            <trkpt lat="-38.6512109" lon="-73.4237203">
                <ele>16.5</ele>
            </trkpt>
            <trkpt lat="-38.6513366" lon="-73.4236076">
                <ele>16.8</ele>
            </trkpt>
            <trkpt lat="-38.6514581" lon="-73.4234709">
                <ele>16.5</ele>
            </trkpt>
            <trkpt lat="-38.6515733" lon="-73.4233207">
                <ele>16.2</ele>
            </trkpt>
            <trkpt lat="-38.6517094" lon="-73.4230846">
                <ele>16</ele>
            </trkpt>
            <trkpt lat="-38.6522855" lon="-73.4219849">
                <ele>14.8</ele>
            </trkpt>
            <trkpt lat="-38.6527107" lon="-73.421132">
                <ele>12.5</ele>
            </trkpt>
            <trkpt lat="-38.6527463" lon="-73.4210622">
                <ele>12.8</ele>
            </trkpt>
            <trkpt lat="-38.6528385" lon="-73.4208879">
                <ele>12.8</ele>
            </trkpt>
            <trkpt lat="-38.6529243" lon="-73.4207457">
                <ele>12.9</ele>
            </trkpt>
            <trkpt lat="-38.6529998" lon="-73.4206358">
                <ele>13</ele>
            </trkpt>
            <trkpt lat="-38.6530814" lon="-73.4205124">
                <ele>13.8</ele>
            </trkpt>
            <trkpt lat="-38.6531694" lon="-73.4204105">
                <ele>14.8</ele>
            </trkpt>
            <trkpt lat="-38.6532888" lon="-73.4203058">
                <ele>16</ele>
            </trkpt>
            <trkpt lat="-38.653425" lon="-73.4201851">
                <ele>17.2</ele>
            </trkpt>
            <trkpt lat="-38.6535988" lon="-73.4200537">
                <ele>18.5</ele>
            </trkpt>
            <trkpt lat="-38.6540115" lon="-73.4198552">
                <ele>20.5</ele>
            </trkpt>
            <trkpt lat="-38.6542398" lon="-73.4197775">
                <ele>21.5</ele>
            </trkpt>
            <trkpt lat="-38.6544786" lon="-73.4196916">
                <ele>22</ele>
            </trkpt>
            <trkpt lat="-38.6549708" lon="-73.4195039">
                <ele>23.8</ele>
            </trkpt>
            <trkpt lat="-38.6555468" lon="-73.419292">
                <ele>25</ele>
            </trkpt>
            <trkpt lat="-38.6559657" lon="-73.4191498">
                <ele>24</ele>
            </trkpt>
            <trkpt lat="-38.6563386" lon="-73.4190372">
                <ele>23.8</ele>
            </trkpt>
            <trkpt lat="-38.6568433" lon="-73.418887">
                <ele>21.8</ele>
            </trkpt>
            <trkpt lat="-38.6571177" lon="-73.4188333">
                <ele>20.2</ele>
            </trkpt>
            <trkpt lat="-38.6575618" lon="-73.4187314">
                <ele>18.2</ele>
            </trkpt>
            <trkpt lat="-38.657855" lon="-73.4186643">
                <ele>17</ele>
            </trkpt>
            <trkpt lat="-38.6581755" lon="-73.4185946">
                <ele>16.5</ele>
            </trkpt>
            <trkpt lat="-38.6583702" lon="-73.4185597">
                <ele>16</ele>
            </trkpt>
            <trkpt lat="-38.6586928" lon="-73.4184873">
                <ele>14.8</ele>
            </trkpt>
            <trkpt lat="-38.6600751" lon="-73.4181601">
                <ele>11</ele>
            </trkpt>
            <trkpt lat="-38.6602322" lon="-73.4181064">
                <ele>11.5</ele>
            </trkpt>
            <trkpt lat="-38.6603432" lon="-73.4180582">
                <ele>11.8</ele>
            </trkpt>
            <trkpt lat="-38.6604982" lon="-73.4179884">
                <ele>12</ele>
            </trkpt>
            <trkpt lat="-38.6608082" lon="-73.4177443">
                <ele>13.8</ele>
            </trkpt>
            <trkpt lat="-38.6609234" lon="-73.4176478">
                <ele>15</ele>
            </trkpt>
            <trkpt lat="-38.6610155" lon="-73.4175432">
                <ele>16</ele>
            </trkpt>
            <trkpt lat="-38.6611182" lon="-73.4174305">
                <ele>17</ele>
            </trkpt>
            <trkpt lat="-38.6612627" lon="-73.4172562">
                <ele>18.5</ele>
            </trkpt>
            <trkpt lat="-38.661646" lon="-73.4167385">
                <ele>20</ele>
            </trkpt>
            <trkpt lat="-38.6617926" lon="-73.4165427">
                <ele>20.2</ele>
            </trkpt>
            <trkpt lat="-38.6619329" lon="-73.4163603">
                <ele>21</ele>
            </trkpt>
            <trkpt lat="-38.662113" lon="-73.4161136">
                <ele>22</ele>
            </trkpt>
            <trkpt lat="-38.6623413" lon="-73.4158105">
                <ele>23.8</ele>
            </trkpt>
            <trkpt lat="-38.6624565" lon="-73.4156549">
                <ele>24</ele>
            </trkpt>
            <trkpt lat="-38.6625465" lon="-73.4154859">
                <ele>25</ele>
            </trkpt>
            <trkpt lat="-38.662779" lon="-73.4150004">
                <ele>27</ele>
            </trkpt>
            <trkpt lat="-38.6628565" lon="-73.4148315">
                <ele>27.2</ele>
            </trkpt>
            <trkpt lat="-38.6629256" lon="-73.4146544">
                <ele>27.5</ele>
            </trkpt>
            <trkpt lat="-38.6630157" lon="-73.4143728">
                <ele>28</ele>
            </trkpt>
            <trkpt lat="-38.6630827" lon="-73.4141582">
                <ele>28.2</ele>
            </trkpt>
            <trkpt lat="-38.6631309" lon="-73.4139141">
                <ele>29</ele>
            </trkpt>
            <trkpt lat="-38.6631602" lon="-73.413654">
                <ele>29.8</ele>
            </trkpt>
            <trkpt lat="-38.6631811" lon="-73.4134018">
                <ele>30.5</ele>
            </trkpt>
            <trkpt lat="-38.6631874" lon="-73.4131283">
                <ele>31.3</ele>
            </trkpt>
            <trkpt lat="-38.6631665" lon="-73.4127903">
                <ele>32.2</ele>
            </trkpt>
            <trkpt lat="-38.6631246" lon="-73.4124282">
                <ele>33.5</ele>
            </trkpt>
            <trkpt lat="-38.6630387" lon="-73.4120259">
                <ele>33.9</ele>
            </trkpt>
            <trkpt lat="-38.6629612" lon="-73.411704">
                <ele>34.2</ele>
            </trkpt>
            <trkpt lat="-38.662846" lon="-73.4111515">
                <ele>35.2</ele>
            </trkpt>
            <trkpt lat="-38.6627916" lon="-73.4107974">
                <ele>35.1</ele>
            </trkpt>
            <trkpt lat="-38.6627748" lon="-73.4106392">
                <ele>35</ele>
            </trkpt>
            <trkpt lat="-38.6627706" lon="-73.4105399">
                <ele>34.9</ele>
            </trkpt>
            <trkpt lat="-38.6627706" lon="-73.4104112">
                <ele>34.8</ele>
            </trkpt>
            <trkpt lat="-38.662779" lon="-73.4102905">
                <ele>34.2</ele>
            </trkpt>
            <trkpt lat="-38.6627916" lon="-73.4101644">
                <ele>33.2</ele>
            </trkpt>
            <trkpt lat="-38.6628062" lon="-73.4100652">
                <ele>32.5</ele>
            </trkpt>
            <trkpt lat="-38.6628502" lon="-73.4099096">
                <ele>31</ele>
            </trkpt>
            <trkpt lat="-38.6629549" lon="-73.4095743">
                <ele>27.5</ele>
            </trkpt>
            <trkpt lat="-38.6632126" lon="-73.4087455">
                <ele>16.5</ele>
            </trkpt>
            <trkpt lat="-38.6635916" lon="-73.4075814">
                <ele>10.8</ele>
            </trkpt>
            <trkpt lat="-38.6638325" lon="-73.406876">
                <ele>8.8</ele>
            </trkpt>
            <trkpt lat="-38.663866" lon="-73.4067714">
                <ele>8.4</ele>
            </trkpt>
            <trkpt lat="-38.6639183" lon="-73.4066159">
                <ele>8</ele>
            </trkpt>
            <trkpt lat="-38.6640168" lon="-73.406361">
                <ele>7</ele>
            </trkpt>
            <trkpt lat="-38.6641006" lon="-73.4061518">
                <ele>6.8</ele>
            </trkpt>
            <trkpt lat="-38.6642555" lon="-73.4058326">
                <ele>6.5</ele>
            </trkpt>
            <trkpt lat="-38.6644336" lon="-73.4055135">
                <ele>6.6</ele>
            </trkpt>
            <trkpt lat="-38.665087" lon="-73.4043843">
                <ele>6.8</ele>
            </trkpt>
            <trkpt lat="-38.6652482" lon="-73.4041053">
                <ele>7.2</ele>
            </trkpt>
            <trkpt lat="-38.6653865" lon="-73.4038612">
                <ele>7.5</ele>
            </trkpt>
            <trkpt lat="-38.6654912" lon="-73.4036788">
                <ele>8</ele>
            </trkpt>
            <trkpt lat="-38.665598" lon="-73.4034562">
                <ele>9.2</ele>
            </trkpt>
            <trkpt lat="-38.6657069" lon="-73.4031987">
                <ele>10.8</ele>
            </trkpt>
            <trkpt lat="-38.6658074" lon="-73.4029251">
                <ele>12.2</ele>
            </trkpt>
            <trkpt lat="-38.66622" lon="-73.4016269">
                <ele>12.5</ele>
            </trkpt>
            <trkpt lat="-38.6662556" lon="-73.4015438">
                <ele>12</ele>
            </trkpt>
            <trkpt lat="-38.66631" lon="-73.4014204">
                <ele>11</ele>
            </trkpt>
            <trkpt lat="-38.6663854" lon="-73.401289">
                <ele>9.8</ele>
            </trkpt>
            <trkpt lat="-38.6664524" lon="-73.4011844">
                <ele>9</ele>
            </trkpt>
            <trkpt lat="-38.6665467" lon="-73.4010637">
                <ele>8.5</ele>
            </trkpt>
            <trkpt lat="-38.6666242" lon="-73.4009671">
                <ele>8</ele>
            </trkpt>
            <trkpt lat="-38.6667121" lon="-73.4008786">
                <ele>7.2</ele>
            </trkpt>
            <trkpt lat="-38.6668043" lon="-73.4008142">
                <ele>6.5</ele>
            </trkpt>
            <trkpt lat="-38.666909" lon="-73.4007472">
                <ele>6</ele>
            </trkpt>
            <trkpt lat="-38.6670158" lon="-73.4006774">
                <ele>5.5</ele>
            </trkpt>
            <trkpt lat="-38.6671226" lon="-73.4006265">
                <ele>5.2</ele>
            </trkpt>
            <trkpt lat="-38.6672336" lon="-73.4005675">
                <ele>5</ele>
            </trkpt>
            <trkpt lat="-38.6673634" lon="-73.4005246">
                <ele>4.9</ele>
            </trkpt>
            <trkpt lat="-38.6674744" lon="-73.4004977">
                <ele>4.8</ele>
            </trkpt>
            <trkpt lat="-38.6676001" lon="-73.4004924">
                <ele>4.8</ele>
            </trkpt>
            <trkpt lat="-38.6677551" lon="-73.4004951">
                <ele>4.7</ele>
            </trkpt>
            <trkpt lat="-38.6679791" lon="-73.4005246">
                <ele>4.5</ele>
            </trkpt>
            <trkpt lat="-38.6682912" lon="-73.4005889">
                <ele>4.3</ele>
            </trkpt>
            <trkpt lat="-38.6687687" lon="-73.4007123">
                <ele>4.3</ele>
            </trkpt>
            <trkpt lat="-38.6702304" lon="-73.4010825">
                <ele>2</ele>
            </trkpt>
            <trkpt lat="-38.6709968" lon="-73.4012702">
                <ele>3</ele>
            </trkpt>
            <trkpt lat="-38.6717549" lon="-73.401458">
                <ele>3.1</ele>
            </trkpt>
            <trkpt lat="-38.672915" lon="-73.401745">
                <ele>3.2</ele>
            </trkpt>
            <trkpt lat="-38.6740835" lon="-73.4020239">
                <ele>3.3</ele>
            </trkpt>
            <trkpt lat="-38.6748541" lon="-73.402217">
                <ele>3.4</ele>
            </trkpt>
            <trkpt lat="-38.675208" lon="-73.4022814">
                <ele>3.5</ele>
            </trkpt>
            <trkpt lat="-38.6754446" lon="-73.402319">
                <ele>3.5</ele>
            </trkpt>
            <trkpt lat="-38.6756561" lon="-73.4023431">
                <ele>3.5</ele>
            </trkpt>
            <trkpt lat="-38.6758927" lon="-73.4023538">
                <ele>4</ele>
            </trkpt>
            <trkpt lat="-38.6764497" lon="-73.4023458">
                <ele>5.2</ele>
            </trkpt>
            <trkpt lat="-38.6772413" lon="-73.4023029">
                <ele>8</ele>
            </trkpt>
            <trkpt lat="-38.6776286" lon="-73.4022814">
                <ele>10</ele>
            </trkpt>
            <trkpt lat="-38.678104" lon="-73.4022385">
                <ele>15</ele>
            </trkpt>
            <trkpt lat="-38.678573" lon="-73.4022009">
                <ele>20.8</ele>
            </trkpt>
            <trkpt lat="-38.6792116" lon="-73.4021688">
                <ele>29.2</ele>
            </trkpt>
            <trkpt lat="-38.6798482" lon="-73.4021661">
                <ele>37.5</ele>
            </trkpt>
            <trkpt lat="-38.6806417" lon="-73.4021446">
                <ele>45.8</ele>
            </trkpt>
            <trkpt lat="-38.6808825" lon="-73.4021258">
                <ele>48.8</ele>
            </trkpt>
            <trkpt lat="-38.6810584" lon="-73.4020883">
                <ele>51.2</ele>
            </trkpt>
            <trkpt lat="-38.6811882" lon="-73.4020507">
                <ele>53</ele>
            </trkpt>
            <trkpt lat="-38.6813139" lon="-73.4020025">
                <ele>54.5</ele>
            </trkpt>
            <trkpt lat="-38.6814332" lon="-73.4019515">
                <ele>56</ele>
            </trkpt>
            <trkpt lat="-38.6815337" lon="-73.4018871">
                <ele>57</ele>
            </trkpt>
            <trkpt lat="-38.6817159" lon="-73.4017611">
                <ele>59.5</ele>
            </trkpt>
            <trkpt lat="-38.6818583" lon="-73.4016323">
                <ele>61.8</ele>
            </trkpt>
            <trkpt lat="-38.6820969" lon="-73.4013829">
                <ele>64</ele>
            </trkpt>
            <trkpt lat="-38.6822644" lon="-73.4011254">
                <ele>64.8</ele>
            </trkpt>
            <trkpt lat="-38.682432" lon="-73.4008437">
                <ele>65.2</ele>
            </trkpt>
            <trkpt lat="-38.6825764" lon="-73.4005594">
                <ele>65.7</ele>
            </trkpt>
            <trkpt lat="-38.6827963" lon="-73.4001034">
                <ele>66.5</ele>
            </trkpt>
            <trkpt lat="-38.6829554" lon="-73.3997467">
                <ele>66.1</ele>
            </trkpt>
            <trkpt lat="-38.6831794" lon="-73.3992317">
                <ele>65.5</ele>
            </trkpt>
            <trkpt lat="-38.6832967" lon="-73.3989903">
                <ele>65.2</ele>
            </trkpt>
            <trkpt lat="-38.6834202" lon="-73.3987382">
                <ele>65.5</ele>
            </trkpt>
            <trkpt lat="-38.6835333" lon="-73.3985209">
                <ele>65.1</ele>
            </trkpt>
            <trkpt lat="-38.6836673" lon="-73.3982822">
                <ele>64.8</ele>
            </trkpt>
            <trkpt lat="-38.6837887" lon="-73.3980837">
                <ele>63.8</ele>
            </trkpt>
            <trkpt lat="-38.6839102" lon="-73.397904">
                <ele>62.8</ele>
            </trkpt>
            <trkpt lat="-38.6840253" lon="-73.3977485">
                <ele>61.2</ele>
            </trkpt>
            <trkpt lat="-38.6841488" lon="-73.3975902">
                <ele>59.2</ele>
            </trkpt>
            <trkpt lat="-38.6843017" lon="-73.3974239">
                <ele>56</ele>
            </trkpt>
            <trkpt lat="-38.6848461" lon="-73.3968607">
                <ele>50</ele>
            </trkpt>
            <trkpt lat="-38.6850052" lon="-73.3966944">
                <ele>49.2</ele>
            </trkpt>
            <trkpt lat="-38.6851308" lon="-73.3965361">
                <ele>48.2</ele>
            </trkpt>
            <trkpt lat="-38.6852648" lon="-73.3963564">
                <ele>47.8</ele>
            </trkpt>
            <trkpt lat="-38.6854721" lon="-73.3960855">
                <ele>47</ele>
            </trkpt>
            <trkpt lat="-38.6856186" lon="-73.3958736">
                <ele>46.5</ele>
            </trkpt>
            <trkpt lat="-38.6857631" lon="-73.3956537">
                <ele>46.8</ele>
            </trkpt>
            <trkpt lat="-38.6859076" lon="-73.3953989">
                <ele>48</ele>
            </trkpt>
            <trkpt lat="-38.686029" lon="-73.3951521">
                <ele>48.5</ele>
            </trkpt>
            <trkpt lat="-38.686163" lon="-73.3948758">
                <ele>50.2</ele>
            </trkpt>
            <trkpt lat="-38.6862384" lon="-73.3946854">
                <ele>51.8</ele>
            </trkpt>
            <trkpt lat="-38.6863033" lon="-73.3945003">
                <ele>53.5</ele>
            </trkpt>
            <trkpt lat="-38.6863284" lon="-73.3943903">
                <ele>54.2</ele>
            </trkpt>
            <trkpt lat="-38.6863472" lon="-73.3942482">
                <ele>55</ele>
            </trkpt>
            <trkpt lat="-38.6863598" lon="-73.3941141">
                <ele>55.5</ele>
            </trkpt>
            <trkpt lat="-38.6863472" lon="-73.3939746">
                <ele>56</ele>
            </trkpt>
            <trkpt lat="-38.6863326" lon="-73.3938137">
                <ele>56.8</ele>
            </trkpt>
            <trkpt lat="-38.6862949" lon="-73.3936206">
                <ele>57.5</ele>
            </trkpt>
            <trkpt lat="-38.6860792" lon="-73.3926818">
                <ele>59.2</ele>
            </trkpt>
            <trkpt lat="-38.6857778" lon="-73.3915016">
                <ele>65.5</ele>
            </trkpt>
            <trkpt lat="-38.6855747" lon="-73.3907184">
                <ele>70.2</ele>
            </trkpt>
            <trkpt lat="-38.6855244" lon="-73.3905172">
                <ele>71.2</ele>
            </trkpt>
            <trkpt lat="-38.6855077" lon="-73.3904046">
                <ele>71.8</ele>
            </trkpt>
            <trkpt lat="-38.6854993" lon="-73.3903053">
                <ele>72.5</ele>
            </trkpt>
            <trkpt lat="-38.6854972" lon="-73.3901444">
                <ele>73.8</ele>
            </trkpt>
            <trkpt lat="-38.6855014" lon="-73.3899754">
                <ele>74.5</ele>
            </trkpt>
            <trkpt lat="-38.6855202" lon="-73.3898279">
                <ele>74.3</ele>
            </trkpt>
            <trkpt lat="-38.6855307" lon="-73.3897769">
                <ele>74.2</ele>
            </trkpt>
            <trkpt lat="-38.6855495" lon="-73.3896616">
                <ele>74</ele>
            </trkpt>
            <trkpt lat="-38.6855684" lon="-73.3895355">
                <ele>73.2</ele>
            </trkpt>
            <trkpt lat="-38.6856333" lon="-73.3893397">
                <ele>72.2</ele>
            </trkpt>
            <trkpt lat="-38.6857149" lon="-73.3891413">
                <ele>71.2</ele>
            </trkpt>
            <trkpt lat="-38.6857966" lon="-73.3889911">
                <ele>70.8</ele>
            </trkpt>
            <trkpt lat="-38.6859222" lon="-73.3887577">
                <ele>70.2</ele>
            </trkpt>
            <trkpt lat="-38.6863745" lon="-73.3880147">
                <ele>68</ele>
            </trkpt>
            <trkpt lat="-38.6867806" lon="-73.3873066">
                <ele>70.2</ele>
            </trkpt>
            <trkpt lat="-38.6873229" lon="-73.3863571">
                <ele>73.2</ele>
            </trkpt>
            <trkpt lat="-38.6875846" lon="-73.3858824">
                <ele>74</ele>
            </trkpt>
            <trkpt lat="-38.687727" lon="-73.3855954">
                <ele>73.8</ele>
            </trkpt>
            <trkpt lat="-38.687817" lon="-73.3853915">
                <ele>73.2</ele>
            </trkpt>
            <trkpt lat="-38.6879007" lon="-73.385177">
                <ele>72.2</ele>
            </trkpt>
            <trkpt lat="-38.6880138" lon="-73.3848631">
                <ele>70.2</ele>
            </trkpt>
            <trkpt lat="-38.6892469" lon="-73.3811402">
                <ele>80.5</ele>
            </trkpt>
            <trkpt lat="-38.6893076" lon="-73.3809283">
                <ele>82.5</ele>
            </trkpt>
            <trkpt lat="-38.6893453" lon="-73.3807567">
                <ele>83.5</ele>
            </trkpt>
            <trkpt lat="-38.6893704" lon="-73.380585">
                <ele>84.2</ele>
            </trkpt>
            <trkpt lat="-38.6893851" lon="-73.380416">
                <ele>84.8</ele>
            </trkpt>
            <trkpt lat="-38.6893788" lon="-73.3802229">
                <ele>86</ele>
            </trkpt>
            <trkpt lat="-38.6893642" lon="-73.3800137">
                <ele>87.2</ele>
            </trkpt>
            <trkpt lat="-38.6893328" lon="-73.3798313">
                <ele>87.8</ele>
            </trkpt>
            <trkpt lat="-38.6892909" lon="-73.3796623">
                <ele>88.8</ele>
            </trkpt>
            <trkpt lat="-38.6892448" lon="-73.3795255">
                <ele>89.8</ele>
            </trkpt>
            <trkpt lat="-38.6891883" lon="-73.3793807">
                <ele>90.8</ele>
            </trkpt>
            <trkpt lat="-38.688801" lon="-73.3785251">
                <ele>94</ele>
            </trkpt>
            <trkpt lat="-38.6887214" lon="-73.37834">
                <ele>94.2</ele>
            </trkpt>
            <trkpt lat="-38.6886649" lon="-73.3781844">
                <ele>94.5</ele>
            </trkpt>
            <trkpt lat="-38.6886147" lon="-73.3780128">
                <ele>95.5</ele>
            </trkpt>
            <trkpt lat="-38.6885665" lon="-73.3778036">
                <ele>97</ele>
            </trkpt>
            <trkpt lat="-38.6885246" lon="-73.3775809">
                <ele>98.8</ele>
            </trkpt>
            <trkpt lat="-38.6885016" lon="-73.377369">
                <ele>100.5</ele>
            </trkpt>
            <trkpt lat="-38.688443" lon="-73.3766475">
                <ele>105.8</ele>
            </trkpt>
            <trkpt lat="-38.6884137" lon="-73.376331">
                <ele>106.5</ele>
            </trkpt>
            <trkpt lat="-38.6883718" lon="-73.3760145">
                <ele>106</ele>
            </trkpt>
            <trkpt lat="-38.6883195" lon="-73.3756712">
                <ele>104</ele>
            </trkpt>
            <trkpt lat="-38.6882525" lon="-73.3753493">
                <ele>101.5</ele>
            </trkpt>
            <trkpt lat="-38.6881666" lon="-73.3749846">
                <ele>98.2</ele>
            </trkpt>
            <trkpt lat="-38.687526" lon="-73.3725598">
                <ele>82.2</ele>
            </trkpt>
            <trkpt lat="-38.6870214" lon="-73.370811">
                <ele>87</ele>
            </trkpt>
            <trkpt lat="-38.6868037" lon="-73.3700171">
                <ele>89.2</ele>
            </trkpt>
            <trkpt lat="-38.6865713" lon="-73.3691373">
                <ele>87</ele>
            </trkpt>
            <trkpt lat="-38.6861211" lon="-73.367402">
                <ele>83.2</ele>
            </trkpt>
            <trkpt lat="-38.6860102" lon="-73.3670291">
                <ele>85.2</ele>
            </trkpt>
            <trkpt lat="-38.6859243" lon="-73.3667877">
                <ele>87.5</ele>
            </trkpt>
            <trkpt lat="-38.6858657" lon="-73.3666">
                <ele>88.5</ele>
            </trkpt>
            <trkpt lat="-38.6858029" lon="-73.3664069">
                <ele>89</ele>
            </trkpt>
            <trkpt lat="-38.6857694" lon="-73.3662271">
                <ele>90.2</ele>
            </trkpt>
            <trkpt lat="-38.6857484" lon="-73.3660528">
                <ele>91.2</ele>
            </trkpt>
            <trkpt lat="-38.6857505" lon="-73.3658677">
                <ele>92.2</ele>
            </trkpt>
            <trkpt lat="-38.6857736" lon="-73.3657014">
                <ele>93.5</ele>
            </trkpt>
            <trkpt lat="-38.6858113" lon="-73.3655459">
                <ele>94.8</ele>
            </trkpt>
            <trkpt lat="-38.6858489" lon="-73.3653903">
                <ele>95.5</ele>
            </trkpt>
            <trkpt lat="-38.6859117" lon="-73.3652213">
                <ele>96.5</ele>
            </trkpt>
            <trkpt lat="-38.685985" lon="-73.3650577">
                <ele>98</ele>
            </trkpt>
            <trkpt lat="-38.6860625" lon="-73.3649182">
                <ele>99.5</ele>
            </trkpt>
            <trkpt lat="-38.6861714" lon="-73.3647412">
                <ele>101.5</ele>
            </trkpt>
            <trkpt lat="-38.6875951" lon="-73.3624882">
                <ele>100.2</ele>
            </trkpt>
            <trkpt lat="-38.688868" lon="-73.3605301">
                <ele>95.5</ele>
            </trkpt>
            <trkpt lat="-38.6889873" lon="-73.3603585">
                <ele>95.2</ele>
            </trkpt>
            <trkpt lat="-38.6890962" lon="-73.3602244">
                <ele>95.1</ele>
            </trkpt>
            <trkpt lat="-38.6891925" lon="-73.3601251">
                <ele>95</ele>
            </trkpt>
            <trkpt lat="-38.6893202" lon="-73.3600178">
                <ele>94.8</ele>
            </trkpt>
            <trkpt lat="-38.6894793" lon="-73.3598998">
                <ele>94.2</ele>
            </trkpt>
            <trkpt lat="-38.6897284" lon="-73.3597469">
                <ele>93.5</ele>
            </trkpt>
            <trkpt lat="-38.6908255" lon="-73.359071">
                <ele>84.5</ele>
            </trkpt>
            <trkpt lat="-38.6914493" lon="-73.3586767">
                <ele>77.2</ele>
            </trkpt>
            <trkpt lat="-38.6916461" lon="-73.3585453">
                <ele>75</ele>
            </trkpt>
            <trkpt lat="-38.6918157" lon="-73.3584192">
                <ele>73</ele>
            </trkpt>
            <trkpt lat="-38.6919434" lon="-73.3583173">
                <ele>71.2</ele>
            </trkpt>
            <trkpt lat="-38.6921318" lon="-73.3581537">
                <ele>67.8</ele>
            </trkpt>
            <trkpt lat="-38.6923893" lon="-73.3579043">
                <ele>64.8</ele>
            </trkpt>
            <trkpt lat="-38.6935282" lon="-73.356759">
                <ele>53.2</ele>
            </trkpt>
            <trkpt lat="-38.6943949" lon="-73.3558685">
                <ele>45.8</ele>
            </trkpt>
            <trkpt lat="-38.6945644" lon="-73.3556914">
                <ele>43.2</ele>
            </trkpt>
            <trkpt lat="-38.6947424" lon="-73.3555251">
                <ele>41.2</ele>
            </trkpt>
            <trkpt lat="-38.6950145" lon="-73.3552837">
                <ele>38.2</ele>
            </trkpt>
            <trkpt lat="-38.6952595" lon="-73.3550879">
                <ele>36</ele>
            </trkpt>
            <trkpt lat="-38.695517" lon="-73.3549002">
                <ele>33</ele>
            </trkpt>
            <trkpt lat="-38.6957682" lon="-73.3547312">
                <ele>31.2</ele>
            </trkpt>
            <trkpt lat="-38.6962434" lon="-73.3544388">
                <ele>27.5</ele>
            </trkpt>
            <trkpt lat="-38.6964046" lon="-73.3543342">
                <ele>26.2</ele>
            </trkpt>
            <trkpt lat="-38.6965385" lon="-73.3542377">
                <ele>25.8</ele>
            </trkpt>
            <trkpt lat="-38.6966788" lon="-73.3541223">
                <ele>25.2</ele>
            </trkpt>
            <trkpt lat="-38.6968232" lon="-73.3539882">
                <ele>25.4</ele>
            </trkpt>
            <trkpt lat="-38.6970033" lon="-73.3538058">
                <ele>25.5</ele>
            </trkpt>
            <trkpt lat="-38.6971582" lon="-73.3536261">
                <ele>23</ele>
            </trkpt>
            <trkpt lat="-38.6973738" lon="-73.3533928">
                <ele>20</ele>
            </trkpt>
            <trkpt lat="-38.6976731" lon="-73.353425">
                <ele>17.8</ele>
            </trkpt>
            <trkpt lat="-38.6978594" lon="-73.3534384">
                <ele>16</ele>
            </trkpt>
            <trkpt lat="-38.6980374" lon="-73.3533606">
                <ele>14</ele>
            </trkpt>
            <trkpt lat="-38.6973884" lon="-73.3524728">
                <ele>11.5</ele>
            </trkpt>
            <trkpt lat="-38.696011" lon="-73.3505416">
                <ele>7.8</ele>
            </trkpt>
            <trkpt lat="-38.6958582" lon="-73.3503458">
                <ele>8.2</ele>
            </trkpt>
            <trkpt lat="-38.6957116" lon="-73.3501419">
                <ele>8.5</ele>
            </trkpt>
            <trkpt lat="-38.6955735" lon="-73.34993">
                <ele>8.6</ele>
            </trkpt>
            <trkpt lat="-38.6954416" lon="-73.3497128">
                <ele>8.7</ele>
            </trkpt>
            <trkpt lat="-38.6953181" lon="-73.3494848">
                <ele>8.8</ele>
            </trkpt>
            <trkpt lat="-38.6952008" lon="-73.3492541">
                <ele>8.2</ele>
            </trkpt>
            <trkpt lat="-38.695092" lon="-73.3490154">
                <ele>8.1</ele>
            </trkpt>
            <trkpt lat="-38.6949915" lon="-73.3487713">
                <ele>8</ele>
            </trkpt>
            <trkpt lat="-38.6949036" lon="-73.3485353">
                <ele>7.5</ele>
            </trkpt>
            <trkpt lat="-38.6948219" lon="-73.3482939">
                <ele>6.5</ele>
            </trkpt>
            <trkpt lat="-38.6947508" lon="-73.3480498">
                <ele>5.2</ele>
            </trkpt>
            <trkpt lat="-38.6946859" lon="-73.3478031">
                <ele>5.2</ele>
            </trkpt>
            <trkpt lat="-38.6944472" lon="-73.3466604">
                <ele>4.8</ele>
            </trkpt>
            <trkpt lat="-38.6943321" lon="-73.3461133">
                <ele>4</ele>
            </trkpt>
            <trkpt lat="-38.6940306" lon="-73.3444101">
                <ele>4.4</ele>
            </trkpt>
            <trkpt lat="-38.693838" lon="-73.3421543">
                <ele>5</ele>
            </trkpt>
            <trkpt lat="-38.6938736" lon="-73.3380076">
                <ele>4</ele>
            </trkpt>
            <trkpt lat="-38.693859" lon="-73.3354595">
                <ele>6.5</ele>
            </trkpt>
            <trkpt lat="-38.6938506" lon="-73.3338395">
                <ele>4.5</ele>
            </trkpt>
            <trkpt lat="-38.6937166" lon="-73.3311412">
                <ele>3.8</ele>
            </trkpt>
            <trkpt lat="-38.6936224" lon="-73.3297652">
                <ele>5.8</ele>
            </trkpt>
            <trkpt lat="-38.6935366" lon="-73.3291215">
                <ele>6</ele>
            </trkpt>
            <trkpt lat="-38.6934382" lon="-73.3284912">
                <ele>5.2</ele>
            </trkpt>
            <trkpt lat="-38.6933502" lon="-73.3277509">
                <ele>4.8</ele>
            </trkpt>
            <trkpt lat="-38.6931597" lon="-73.3254629">
                <ele>4.2</ele>
            </trkpt>
            <trkpt lat="-38.6926259" lon="-73.3190498">
                <ele>4.1</ele>
            </trkpt>
            <trkpt lat="-38.692494" lon="-73.3172902">
                <ele>4</ele>
            </trkpt>
            <trkpt lat="-38.6924898" lon="-73.3160403">
                <ele>4</ele>
            </trkpt>
            <trkpt lat="-38.6925526" lon="-73.3145624">
                <ele>3</ele>
            </trkpt>
            <trkpt lat="-38.692741" lon="-73.3125803">
                <ele>3.2</ele>
            </trkpt>
            <trkpt lat="-38.6934549" lon="-73.3065721">
                <ele>4</ele>
            </trkpt>
            <trkpt lat="-38.6934926" lon="-73.3063146">
                <ele>3.5</ele>
            </trkpt>
            <trkpt lat="-38.6935387" lon="-73.3060598">
                <ele>3.8</ele>
            </trkpt>
            <trkpt lat="-38.6935931" lon="-73.3058104">
                <ele>4</ele>
            </trkpt>
            <trkpt lat="-38.693658" lon="-73.3055609">
                <ele>4.2</ele>
            </trkpt>
            <trkpt lat="-38.6937313" lon="-73.3053169">
                <ele>4.5</ele>
            </trkpt>
            <trkpt lat="-38.693815" lon="-73.3050781">
                <ele>4.2</ele>
            </trkpt>
            <trkpt lat="-38.6939071" lon="-73.3048448">
                <ele>4</ele>
            </trkpt>
            <trkpt lat="-38.6940055" lon="-73.3046168">
                <ele>3.8</ele>
            </trkpt>
            <trkpt lat="-38.6940913" lon="-73.3044425">
                <ele>3.5</ele>
            </trkpt>
            <trkpt lat="-38.6941793" lon="-73.3042735">
                <ele>4</ele>
            </trkpt>
            <trkpt lat="-38.6942735" lon="-73.3041072">
                <ele>4.2</ele>
            </trkpt>
            <trkpt lat="-38.6943718" lon="-73.3039463">
                <ele>4</ele>
            </trkpt>
            <trkpt lat="-38.6946628" lon="-73.3035412">
                <ele>4.2</ele>
            </trkpt>
            <trkpt lat="-38.6947319" lon="-73.3034474">
                <ele>4.3</ele>
            </trkpt>
            <trkpt lat="-38.6947947" lon="-73.3033508">
                <ele>4.3</ele>
            </trkpt>
            <trkpt lat="-38.6948533" lon="-73.3032462">
                <ele>4.4</ele>
            </trkpt>
            <trkpt lat="-38.6949057" lon="-73.3031389">
                <ele>4.4</ele>
            </trkpt>
            <trkpt lat="-38.694958" lon="-73.3030128">
                <ele>4.5</ele>
            </trkpt>
            <trkpt lat="-38.6950041" lon="-73.3028841">
                <ele>4.5</ele>
            </trkpt>
            <trkpt lat="-38.6950417" lon="-73.30275">
                <ele>4.6</ele>
            </trkpt>
            <trkpt lat="-38.6950731" lon="-73.3026132">
                <ele>4.6</ele>
            </trkpt>
            <trkpt lat="-38.6950962" lon="-73.3024737">
                <ele>4.7</ele>
            </trkpt>
            <trkpt lat="-38.695136" lon="-73.302294">
                <ele>4.8</ele>
            </trkpt>
            <trkpt lat="-38.6952867" lon="-73.3012238">
                <ele>3.8</ele>
            </trkpt>
            <trkpt lat="-38.6958058" lon="-73.2977504">
                <ele>5.5</ele>
            </trkpt>
            <trkpt lat="-38.6958226" lon="-73.2975867">
                <ele>5</ele>
            </trkpt>
            <trkpt lat="-38.695831" lon="-73.2974231">
                <ele>5</ele>
            </trkpt>
            <trkpt lat="-38.6958352" lon="-73.2972595">
                <ele>4.9</ele>
            </trkpt>
            <trkpt lat="-38.695831" lon="-73.2970771">
                <ele>4.9</ele>
            </trkpt>
            <trkpt lat="-38.6958184" lon="-73.2968947">
                <ele>4.8</ele>
            </trkpt>
            <trkpt lat="-38.6957996" lon="-73.2967123">
                <ele>4.8</ele>
            </trkpt>
            <trkpt lat="-38.6957514" lon="-73.2962966">
                <ele>4.2</ele>
            </trkpt>
            <trkpt lat="-38.6957326" lon="-73.296141">
                <ele>4.1</ele>
            </trkpt>
            <trkpt lat="-38.6957075" lon="-73.2959774">
                <ele>3.9</ele>
            </trkpt>
            <trkpt lat="-38.6956865" lon="-73.2958111">
                <ele>3.8</ele>
            </trkpt>
            <trkpt lat="-38.6956698" lon="-73.2956448">
                <ele>3.6</ele>
            </trkpt>
            <trkpt lat="-38.6956614" lon="-73.2954893">
                <ele>3.5</ele>
            </trkpt>
            <trkpt lat="-38.6956551" lon="-73.295331">
                <ele>3.6</ele>
            </trkpt>
            <trkpt lat="-38.6956551" lon="-73.2951728">
                <ele>3.8</ele>
            </trkpt>
            <trkpt lat="-38.695743" lon="-73.2919541">
                <ele>3.5</ele>
            </trkpt>
            <trkpt lat="-38.6958624" lon="-73.2888401">
                <ele>5</ele>
            </trkpt>
            <trkpt lat="-38.6961199" lon="-73.2826522">
                <ele>2.8</ele>
            </trkpt>
            <trkpt lat="-38.6961282" lon="-73.2824457">
                <ele>3</ele>
            </trkpt>
            <trkpt lat="-38.6961324" lon="-73.2823089">
                <ele>3.5</ele>
            </trkpt>
            <trkpt lat="-38.6961282" lon="-73.2821748">
                <ele>3.5</ele>
            </trkpt>
            <trkpt lat="-38.6961199" lon="-73.2820567">
                <ele>3.5</ele>
            </trkpt>
            <trkpt lat="-38.6961031" lon="-73.2819387">
                <ele>3.5</ele>
            </trkpt>
            <trkpt lat="-38.6960843" lon="-73.2818234">
                <ele>3.5</ele>
            </trkpt>
            <trkpt lat="-38.6946838" lon="-73.2772395">
                <ele>3.7</ele>
            </trkpt>
            <trkpt lat="-38.6943865" lon="-73.2763088">
                <ele>3.7</ele>
            </trkpt>
            <trkpt lat="-38.6943279" lon="-73.276113">
                <ele>3.7</ele>
            </trkpt>
            <trkpt lat="-38.6942756" lon="-73.2759145">
                <ele>3.8</ele>
            </trkpt>
            <trkpt lat="-38.6942295" lon="-73.2757133">
                <ele>3.8</ele>
            </trkpt>
            <trkpt lat="-38.6941876" lon="-73.275488">
                <ele>3.9</ele>
            </trkpt>
            <trkpt lat="-38.694152" lon="-73.27526">
                <ele>4</ele>
            </trkpt>
            <trkpt lat="-38.6941269" lon="-73.2750294">
                <ele>4.8</ele>
            </trkpt>
            <trkpt lat="-38.6939113" lon="-73.2708156">
                <ele>5.8</ele>
            </trkpt>
            <trkpt lat="-38.693905" lon="-73.270652">
                <ele>5.8</ele>
            </trkpt>
            <trkpt lat="-38.6939071" lon="-73.2704884">
                <ele>5.9</ele>
            </trkpt>
            <trkpt lat="-38.6939197" lon="-73.2703248">
                <ele>5.9</ele>
            </trkpt>
            <trkpt lat="-38.6939364" lon="-73.2701799">
                <ele>5.9</ele>
            </trkpt>
            <trkpt lat="-38.6939594" lon="-73.2700378">
                <ele>6</ele>
            </trkpt>
            <trkpt lat="-38.6939908" lon="-73.2698983">
                <ele>6</ele>
            </trkpt>
            <trkpt lat="-38.6941667" lon="-73.2692921">
                <ele>5</ele>
            </trkpt>
            <trkpt lat="-38.6945037" lon="-73.2681441">
                <ele>4</ele>
            </trkpt>
            <trkpt lat="-38.6945896" lon="-73.2678518">
                <ele>4</ele>
            </trkpt>
            <trkpt lat="-38.6947403" lon="-73.2674173">
                <ele>4</ele>
            </trkpt>
            <trkpt lat="-38.6950941" lon="-73.2665509">
                <ele>5</ele>
            </trkpt>
            <trkpt lat="-38.6954939" lon="-73.2655665">
                <ele>6.2</ele>
            </trkpt>
            <trkpt lat="-38.6956342" lon="-73.2651374">
                <ele>6.3</ele>
            </trkpt>
            <trkpt lat="-38.6957849" lon="-73.2645768">
                <ele>6.4</ele>
            </trkpt>
            <trkpt lat="-38.695877" lon="-73.2639331">
                <ele>6.5</ele>
            </trkpt>
            <trkpt lat="-38.6961659" lon="-73.2618222">
                <ele>5.8</ele>
            </trkpt>
            <trkpt lat="-38.696369" lon="-73.2610202">
                <ele>6.5</ele>
            </trkpt>
            <trkpt lat="-38.6968253" lon="-73.2595262">
                <ele>6.2</ele>
            </trkpt>
            <trkpt lat="-38.6974156" lon="-73.257603">
                <ele>7</ele>
            </trkpt>
            <trkpt lat="-38.6981295" lon="-73.2552186">
                <ele>6.8</ele>
            </trkpt>
            <trkpt lat="-38.6987721" lon="-73.2532069">
                <ele>5.5</ele>
            </trkpt>
            <trkpt lat="-38.6988768" lon="-73.2527912">
                <ele>5.2</ele>
            </trkpt>
            <trkpt lat="-38.6989522" lon="-73.2523566">
                <ele>6</ele>
            </trkpt>
            <trkpt lat="-38.6990191" lon="-73.2517344">
                <ele>6.6</ele>
            </trkpt>
            <trkpt lat="-38.6990443" lon="-73.2513776">
                <ele>6.9</ele>
            </trkpt>
            <trkpt lat="-38.6990631" lon="-73.2510746">
                <ele>7.1</ele>
            </trkpt>
            <trkpt lat="-38.6990505" lon="-73.2509431">
                <ele>7.2</ele>
            </trkpt>
            <trkpt lat="-38.6988894" lon="-73.2492507">
                <ele>7.5</ele>
            </trkpt>
            <trkpt lat="-38.6990108" lon="-73.2472631">
                <ele>7.8</ele>
            </trkpt>
            <trkpt lat="-38.6990966" lon="-73.2462975">
                <ele>7.5</ele>
            </trkpt>
            <trkpt lat="-38.6990924" lon="-73.2445461">
                <ele>8</ele>
            </trkpt>
            <trkpt lat="-38.6990464" lon="-73.2427302">
                <ele>13.5</ele>
            </trkpt>
            <trkpt lat="-38.6990505" lon="-73.2423976">
                <ele>14.8</ele>
            </trkpt>
            <trkpt lat="-38.6992054" lon="-73.2414293">
                <ele>16.2</ele>
            </trkpt>
            <trkpt lat="-38.6995111" lon="-73.2399997">
                <ele>14.7</ele>
            </trkpt>
            <trkpt lat="-38.6996953" lon="-73.2390663">
                <ele>13.8</ele>
            </trkpt>
            <trkpt lat="-38.6999213" lon="-73.2381436">
                <ele>9.5</ele>
            </trkpt>
            <trkpt lat="-38.7002039" lon="-73.2374972">
                <ele>8</ele>
            </trkpt>
            <trkpt lat="-38.70043" lon="-73.2369259">
                <ele>7.2</ele>
            </trkpt>
            <trkpt lat="-38.7007545" lon="-73.2356089">
                <ele>6.8</ele>
            </trkpt>
            <trkpt lat="-38.7011522" lon="-73.2337421">
                <ele>5.5</ele>
            </trkpt>
            <trkpt lat="-38.7012359" lon="-73.2330394">
                <ele>5.2</ele>
            </trkpt>
            <trkpt lat="-38.7012589" lon="-73.2321838">
                <ele>6.8</ele>
            </trkpt>
            <trkpt lat="-38.7012401" lon="-73.231355">
                <ele>5.8</ele>
            </trkpt>
            <trkpt lat="-38.7011982" lon="-73.2296705">
                <ele>5.5</ele>
            </trkpt>
            <trkpt lat="-38.7010706" lon="-73.227801">
                <ele>6.8</ele>
            </trkpt>
            <trkpt lat="-38.7009387" lon="-73.2258135">
                <ele>7.8</ele>
            </trkpt>
            <trkpt lat="-38.700947" lon="-73.223877">
                <ele>6.8</ele>
            </trkpt>
            <trkpt lat="-38.7009638" lon="-73.2213637">
                <ele>8.5</ele>
            </trkpt>
            <trkpt lat="-38.7010685" lon="-73.2201889">
                <ele>8</ele>
            </trkpt>
            <trkpt lat="-38.7012192" lon="-73.2191589">
                <ele>10</ele>
            </trkpt>
            <trkpt lat="-38.701552" lon="-73.21693">
                <ele>8.9</ele>
            </trkpt>
            <trkpt lat="-38.7018492" lon="-73.2144597">
                <ele>7.8</ele>
            </trkpt>
            <trkpt lat="-38.7020795" lon="-73.2124856">
                <ele>8</ele>
            </trkpt>
            <trkpt lat="-38.7021381" lon="-73.2118607">
                <ele>7.5</ele>
            </trkpt>
            <trkpt lat="-38.7022323" lon="-73.2098383">
                <ele>7.1</ele>
            </trkpt>
            <trkpt lat="-38.7022993" lon="-73.2079875">
                <ele>6.6</ele>
            </trkpt>
            <trkpt lat="-38.702293" lon="-73.207325">
                <ele>6.5</ele>
            </trkpt>
            <trkpt lat="-38.7022323" lon="-73.2066062">
                <ele>5.2</ele>
            </trkpt>
            <trkpt lat="-38.7020648" lon="-73.2057908">
                <ele>6.2</ele>
            </trkpt>
            <trkpt lat="-38.701552" lon="-73.2035217">
                <ele>7.2</ele>
            </trkpt>
            <trkpt lat="-38.7013406" lon="-73.2024193">
                <ele>7</ele>
            </trkpt>
            <trkpt lat="-38.7007628" lon="-73.1982753">
                <ele>6.2</ele>
            </trkpt>
            <trkpt lat="-38.7007189" lon="-73.1980661">
                <ele>6.5</ele>
            </trkpt>
            <trkpt lat="-38.7000469" lon="-73.1954321">
                <ele>5.5</ele>
            </trkpt>
            <trkpt lat="-38.6999507" lon="-73.1951183">
                <ele>5.4</ele>
            </trkpt>
            <trkpt lat="-38.6998313" lon="-73.1948689">
                <ele>5.2</ele>
            </trkpt>
            <trkpt lat="-38.6975161" lon="-73.1902152">
                <ele>9.8</ele>
            </trkpt>
            <trkpt lat="-38.6964883" lon="-73.1871951">
                <ele>13</ele>
            </trkpt>
            <trkpt lat="-38.6962601" lon="-73.1865969">
                <ele>16.5</ele>
            </trkpt>
            <trkpt lat="-38.6960696" lon="-73.1862563">
                <ele>19.8</ele>
            </trkpt>
            <trkpt lat="-38.6960236" lon="-73.1861892">
                <ele>20.2</ele>
            </trkpt>
            <trkpt lat="-38.6947801" lon="-73.1852961">
                <ele>28.5</ele>
            </trkpt>
            <trkpt lat="-38.6947131" lon="-73.1852156">
                <ele>27.8</ele>
            </trkpt>
            <trkpt lat="-38.6939867" lon="-73.1843466">
                <ele>21.2</ele>
            </trkpt>
            <trkpt lat="-38.6933649" lon="-73.1834695">
                <ele>21.9</ele>
            </trkpt>
            <trkpt lat="-38.6933167" lon="-73.1833836">
                <ele>22</ele>
            </trkpt>
            <trkpt lat="-38.6923935" lon="-73.1801999">
                <ele>24.8</ele>
            </trkpt>
            <trkpt lat="-38.6923642" lon="-73.1800228">
                <ele>24.5</ele>
            </trkpt>
            <trkpt lat="-38.6924291" lon="-73.1787273">
                <ele>20.5</ele>
            </trkpt>
            <trkpt lat="-38.6925631" lon="-73.1766862">
                <ele>22.2</ele>
            </trkpt>
            <trkpt lat="-38.6925861" lon="-73.1765708">
                <ele>22</ele>
            </trkpt>
            <trkpt lat="-38.6933126" lon="-73.1748515">
                <ele>11.2</ele>
            </trkpt>
            <trkpt lat="-38.6934633" lon="-73.1745699">
                <ele>10.5</ele>
            </trkpt>
            <trkpt lat="-38.6936496" lon="-73.17435">
                <ele>9.5</ele>
            </trkpt>
            <trkpt lat="-38.6939636" lon="-73.1740308">
                <ele>8.5</ele>
            </trkpt>
            <trkpt lat="-38.6942504" lon="-73.1738082">
                <ele>7.8</ele>
            </trkpt>
            <trkpt lat="-38.6944221" lon="-73.1736982">
                <ele>7</ele>
            </trkpt>
            <trkpt lat="-38.6950962" lon="-73.1734648">
                <ele>6.2</ele>
            </trkpt>
            <trkpt lat="-38.6961513" lon="-73.1730598">
                <ele>6</ele>
            </trkpt>
            <trkpt lat="-38.696683" lon="-73.1728533">
                <ele>5.8</ele>
            </trkpt>
            <trkpt lat="-38.6973738" lon="-73.1726843">
                <ele>5.7</ele>
            </trkpt>
            <trkpt lat="-38.6981588" lon="-73.1725395">
                <ele>5.5</ele>
            </trkpt>
            <trkpt lat="-38.7000093" lon="-73.1723356">
                <ele>5</ele>
            </trkpt>
            <trkpt lat="-38.7027409" lon="-73.1721479">
                <ele>6</ele>
            </trkpt>
            <trkpt lat="-38.7031763" lon="-73.1720594">
                <ele>6.3</ele>
            </trkpt>
            <trkpt lat="-38.7036159" lon="-73.1719145">
                <ele>6.5</ele>
            </trkpt>
            <trkpt lat="-38.7044427" lon="-73.1715766">
                <ele>7</ele>
            </trkpt>
            <trkpt lat="-38.7052632" lon="-73.1713164">
                <ele>6.6</ele>
            </trkpt>
            <trkpt lat="-38.7061611" lon="-73.1711152">
                <ele>6.1</ele>
            </trkpt>
            <trkpt lat="-38.7062386" lon="-73.1710938">
                <ele>6.1</ele>
            </trkpt>
            <trkpt lat="-38.706316" lon="-73.1710669">
                <ele>6</ele>
            </trkpt>
            <trkpt lat="-38.7063893" lon="-73.1710321">
                <ele>6</ele>
            </trkpt>
            <trkpt lat="-38.7064625" lon="-73.1709892">
                <ele>6.2</ele>
            </trkpt>
            <trkpt lat="-38.7065295" lon="-73.1709462">
                <ele>6.5</ele>
            </trkpt>
            <trkpt lat="-38.7065923" lon="-73.1708953">
                <ele>6.8</ele>
            </trkpt>
            <trkpt lat="-38.706653" lon="-73.170839">
                <ele>6.8</ele>
            </trkpt>
            <trkpt lat="-38.7066991" lon="-73.1708121">
                <ele>6.9</ele>
            </trkpt>
            <trkpt lat="-38.7067472" lon="-73.1707934">
                <ele>6.9</ele>
            </trkpt>
            <trkpt lat="-38.7067891" lon="-73.1707853">
                <ele>6.9</ele>
            </trkpt>
            <trkpt lat="-38.7068309" lon="-73.1707826">
                <ele>7</ele>
            </trkpt>
            <trkpt lat="-38.7068728" lon="-73.1707853">
                <ele>7</ele>
            </trkpt>
            <trkpt lat="-38.7069419" lon="-73.1708014">
                <ele>7</ele>
            </trkpt>
            <trkpt lat="-38.7072642" lon="-73.170855">
                <ele>7</ele>
            </trkpt>
            <trkpt lat="-38.7074568" lon="-73.1708175">
                <ele>6.6</ele>
            </trkpt>
            <trkpt lat="-38.7075237" lon="-73.1708041">
                <ele>6.5</ele>
            </trkpt>
            <trkpt lat="-38.7079319" lon="-73.170729">
                <ele>6.8</ele>
            </trkpt>
            <trkpt lat="-38.7083463" lon="-73.1706834">
                <ele>8</ele>
            </trkpt>
            <trkpt lat="-38.7082919" lon="-73.1704232">
                <ele>9.8</ele>
            </trkpt>
            <trkpt lat="-38.7079905" lon="-73.1688648">
                <ele>13</ele>
            </trkpt>
            <trkpt lat="-38.7079675" lon="-73.1686664">
                <ele>13.5</ele>
            </trkpt>
            <trkpt lat="-38.7079675" lon="-73.1685671">
                <ele>13.8</ele>
            </trkpt>
            <trkpt lat="-38.7079821" lon="-73.1685001">
                <ele>14</ele>
            </trkpt>
            <trkpt lat="-38.7080303" lon="-73.1683713">
                <ele>14.5</ele>
            </trkpt>
            <trkpt lat="-38.7081307" lon="-73.1682131">
                <ele>15.5</ele>
            </trkpt>
            <trkpt lat="-38.7081851" lon="-73.1681675">
                <ele>16</ele>
            </trkpt>
            <trkpt lat="-38.7082417" lon="-73.1681326">
                <ele>16.5</ele>
            </trkpt>
            <trkpt lat="-38.7083024" lon="-73.1681058">
                <ele>17</ele>
            </trkpt>
            <trkpt lat="-38.708363" lon="-73.168087">
                <ele>17.8</ele>
            </trkpt>
            <trkpt lat="-38.7084237" lon="-73.168079">
                <ele>18.8</ele>
            </trkpt>
            <trkpt lat="-38.7084865" lon="-73.1680816">
                <ele>19.8</ele>
            </trkpt>
            <trkpt lat="-38.7085472" lon="-73.1680897">
                <ele>21</ele>
            </trkpt>
            <trkpt lat="-38.7088612" lon="-73.1680173">
                <ele>26</ele>
            </trkpt>
            <trkpt lat="-38.7090286" lon="-73.1679529">
                <ele>28.8</ele>
            </trkpt>
            <trkpt lat="-38.7099035" lon="-73.1674621">
                <ele>37.2</ele>
            </trkpt>
            <trkpt lat="-38.7100479" lon="-73.1673816">
                <ele>38</ele>
            </trkpt>
            <trkpt lat="-38.7101044" lon="-73.1673548">
                <ele>38.2</ele>
            </trkpt>
            <trkpt lat="-38.7101442" lon="-73.167336">
                <ele>38.5</ele>
            </trkpt>
            <trkpt lat="-38.7101861" lon="-73.1673226">
                <ele>38.8</ele>
            </trkpt>
            <trkpt lat="-38.711266" lon="-73.167057">
                <ele>43</ele>
            </trkpt>
            <trkpt lat="-38.7114586" lon="-73.1682104">
                <ele>39.5</ele>
            </trkpt>
            <trkpt lat="-38.7114753" lon="-73.1682694">
                <ele>38.8</ele>
            </trkpt>
            <trkpt lat="-38.7115004" lon="-73.1683123">
                <ele>38.2</ele>
            </trkpt>
            <trkpt lat="-38.7115297" lon="-73.1683418">
                <ele>38</ele>
            </trkpt>
            <trkpt lat="-38.7120153" lon="-73.1682131">
                <ele>38.8</ele>
            </trkpt>
            <trkpt lat="-38.712256" lon="-73.1681514">
                <ele>39.5</ele>
            </trkpt>
            <trkpt lat="-38.7125971" lon="-73.1680602">
                <ele>40</ele>
            </trkpt>
            <trkpt lat="-38.7126327" lon="-73.1681648">
                <ele>38.8</ele>
            </trkpt>
            <trkpt lat="-38.712685" lon="-73.168205">
                <ele>38</ele>
            </trkpt>
            <trkpt lat="-38.7132271" lon="-73.1680575">
                <ele>37.5</ele>
            </trkpt>
            <trkpt lat="-38.7137545" lon="-73.167918">
                <ele>38</ele>
            </trkpt>
            <trkpt lat="-38.7137419" lon="-73.1678617">
                <ele>39</ele>
            </trkpt>
            <trkpt lat="-38.7137252" lon="-73.1677705">
                <ele>40.2</ele>
            </trkpt>
            <trkpt lat="-38.7136166" lon="-73.1670978">
                <ele>42.7</ele>
            </trkpt>
            <extensions>
                <osmand:route>
                    <segment id="1151369514" length="33" startTrkptIdx="0" segmentTime="60.48" speed="12.50" turnType="C" turnAngle="" types="0,1,2,3,4" pointTypes=";5;6;;;;;;;;;;6;;;;;;6;;;;;;;;;6;7;7;8;8;8" names="0,0,64,65"/>
                    <segment id="1150865584" length="2" startTrkptIdx="32" segmentTime="1.63" speed="12.50" turnType="" turnAngle="" types="9,0,10,11,2,3,4" pointTypes="" names="0,0,64,65"/>
                    <segment id="1151369518" length="28" startTrkptIdx="33" segmentTime="41.17" speed="12.50" turnType="" turnAngle="" types="0,1,2,3,4" pointTypes=";5;5;5;8;5;;;;;;;;;;;;;;;;6;5;7;7;6;6;" names="0,0,64,65"/>
                    <segment id="1151366175" length="44" startTrkptIdx="60" segmentTime="62.70" speed="12.50" turnType="" turnAngle="" types="0,12,13,2,3,4" pointTypes=";;;;;;;;;;;7;7;;14;14;7;;;;;;;;;;;;;;;;;;;;;;;;;8;;14" names="0,0,64,65"/>
                    <segment id="1151369519" length="36" startTrkptIdx="103" segmentTime="26.39" speed="12.50" turnType="" turnAngle="" types="0,1,2,3,4" pointTypes=";;;;14;;;;;;;14;;8;6;;;;;;6;5;;;;;;;;;;;;;;" names="0,0,64,65"/>
                    <segment id="1151369521" length="24" startTrkptIdx="138" segmentTime="23.01" speed="13.89" turnType="" turnAngle="" types="0,12,15,16,17,3,4" pointTypes=";;;;;;;;;;;;;;;;;;;;;6;6;" names="0,0,64,65"/>
                    <segment id="1151369523" length="4" startTrkptIdx="161" segmentTime="5.03" speed="13.89" turnType="" turnAngle="" types="0,12,15,16,17,3,4" pointTypes=";;;" names="0,0,64,65"/>
                    <segment id="1151369524" length="2" startTrkptIdx="164" segmentTime="3.54" speed="13.89" turnType="" turnAngle="" types="0,12,15,16,17,3,4" pointTypes=";" names="0,0,64,65"/>
                    <segment id="1151369524" length="2" startTrkptIdx="165" segmentTime="2.60" speed="13.89" turnType="" turnAngle="" types="0,12,15,16,17,3,4" pointTypes=";6" names="0,0,64,65"/>
                    <segment id="1151369526" length="14" startTrkptIdx="166" segmentTime="25.20" speed="13.89" turnType="" turnAngle="" types="0,12,15,16,17,3,4" pointTypes=";;;;;6;;6;6;;6" names="0,0,64,65"/>
                    <segment id="1151366171" length="5" startTrkptIdx="179" segmentTime="4.37" speed="13.89" turnType="" turnAngle="" types="0,12,15,16,17,3,4" pointTypes=";;;;" names="0,0,64,65"/>
                    <segment id="1151366176" length="4" startTrkptIdx="183" segmentTime="3.13" speed="12.50" turnType="KR" turnAngle="38.53" types="0,12,18,16,17,3,4" pointTypes=";19,20;;6" names="0,0,66,67"/>
                    <segment id="1151366172" length="2" startTrkptIdx="186" segmentTime="1.31" speed="12.50" turnType="" turnAngle="" types="0,12,16,17,3,4" pointTypes=";5" names="0,0,66,67"/>
                    <segment id="1151366172" length="6" startTrkptIdx="187" segmentTime="3.66" speed="12.50" turnType="" turnAngle="" types="0,12,16,17,3,4" pointTypes="5;8;8;7;7;7" names="0,0,66,67"/>
                    <segment id="1151366177" length="25" startTrkptIdx="192" segmentTime="36.27" speed="12.50" turnType="" turnAngle="" types="0,12,16,17,3,4" pointTypes=";8;8;6;;;;;;;;;;;;;;6;6;;5;5" names="0,0,66,67"/>
                    <segment id="27636114" length="194" startTrkptIdx="216" segmentTime="362.68" speed="12.50" turnType="" turnAngle="" types="0,21,22,3,4" pointTypes=";;;;;;;;;;;;;;;;;;;6;6;5;6;6;6;8;5;5;5;8;8;5;;;;6;5;;;;6;;;;;;;;;;;;;;;;;;;;;;;6;5;5;8;8;8;7;7;8;8;6;6;6;5;5;6;;6;;;8;5;8;6;;;;;;;;;;;;;;;;;;;;;;;;6;6;6;6;6;6;5;6;5;;;;;;;;;;;;;;;;;;;;6;6;6;6;5;5;5;6;;;;;;;;;;;;;;;;;;;;;;;;;6;8;7;6;;;;6;6;5;8;6;6;;;;;;;;;;;" names="0,0,66,67"/>
                    <segment id="27636114" length="2" startTrkptIdx="410" segmentTime="2.48" speed="12.50" turnType="C" turnAngle="" types="0,21,22,3,4" pointTypes=";6" names="0,0,66,67"/>
                    <segment id="1114959502" length="37" startTrkptIdx="411" segmentTime="52.52" speed="12.50" turnType="TR" turnAngle="71.74" types="0,12,16,17,3,4" pointTypes=";;;;;;;;;;6;5;6;;;;;;;;;;;;;;;;;;;;;;;;" names="0,0,68,69"/>
                    <segment id="528872404" length="2" startTrkptIdx="447" segmentTime="0.32" speed="12.50" turnType="TSHL" turnAngle="-139.08" types="0,21,22,3,4" pointTypes=";" names="0,0,70,71"/>
                    <segment id="528872404" length="48" startTrkptIdx="449" segmentTime="150.13" speed="12.50" turnType="C" turnAngle="" types="0,21,22,3,4" pointTypes=";14;14;;8;5;8;;;;;;;;;;;;;;;;;;;;;;;;;;;;;6;;;;;;;;;;;;" names="0,0,70,71"/>
                    <segment id="528872406" length="2" startTrkptIdx="496" segmentTime="1.26" speed="12.50" turnType="" turnAngle="" types="9,0,21,22,3,4" pointTypes="" names="0,0,70,71"/>
                    <segment id="27636856" length="46" startTrkptIdx="497" segmentTime="197.25" speed="12.50" turnType="" turnAngle="" types="0,21,22,3,4" pointTypes=";8;;;;;;;;6;6;;14;14;;7;8;5;8;7;;7;7;7;7;8;7;14;14;14;7;;5;8;8;14;14;;7;5;5;;6;;6;6" names="0,0,70,71"/>
                    <segment id="27636856" length="5" startTrkptIdx="542" segmentTime="9.42" speed="12.50" turnType="" turnAngle="" types="0,21,22,3,4" pointTypes="6;6;;;" names="0,0,70,71"/>
                    <segment id="27636856" length="358" startTrkptIdx="546" segmentTime="654.90" speed="12.50" turnType="C" turnAngle="2.67" types="0,21,22,3,4" pointTypes=";5;5;6;6;;;;;;;;;;;;;;;5;7;14;;;;;14;14;14;14;;14;7;5;8;8;5;6;;;;;;;;;;;;;;;;;;;;;5;5;6;;;;;;;;;;;;;;;;;;6;7;14;;;;;;8;7;8;;;;;14;7;7;7;7;8;5;5;5;6;6;8;5;5;6;;;;;;;;;;;;;;;;;;;;;;;;;;;;;6;6;6;6;6;6;6;6;6;6;;6;5;8;5;8;5;6;5;8;7;7;;8;6;8;;;;;;;;;7;8;5;7;;14;;;7;8;;;;;;;;;;;;;;;8;6;;;;;6;6;7;7;7;7;5;7;5;8;7;8;5;5;5;5;;;;;;;;;;;;;;;6;5;5;6;5;5;6;;6;6;;;6;;;;;;6;5;5;5;8;7;7;8;8;8;5;6;6;;;;;;;;;;;;;;;6;;;;;;;;;;;5;5;5;5;;;;;;;;;;;;;;;;;;;;;;;;;;;;;;;;6;6;5;8;7;7;8;5;7;7;6;6;;;;;;;;;;;;;;;;;;;;;;5;5;;5" names="0,0,70,71"/>
                    <segment id="27636856" length="20" startTrkptIdx="903" segmentTime="28.04" speed="12.50" turnType="" turnAngle="" types="0,21,22,3,4" pointTypes="5;;;;;;6;5;5;5;5;8;8;8;8;;7;8;5;5" names="0,0,70,71"/>
                    <segment id="27636856" length="128" startTrkptIdx="922" segmentTime="149.03" speed="12.50" turnType="" turnAngle="" types="0,21,22,3,4" pointTypes="5;;;;;;;;;;6;;;;6;5;8;6;;6;5;5;5;;;;;;6;;6;;;;;;;;;;;;;;;;;5;8;;;8;8;5;6;5;5;5;;;;;;;;;8;8;;;;;;;;8;14;;;5;;;;;;;;;;;;;;;;;;;;5;8;;;14;5;;;;;;5;14;7;;;;;;;;;;;;;;;" names="0,0,70,71"/>
                    <segment id="567545448" length="3" startTrkptIdx="1049" segmentTime="1.27" speed="13.89" turnType="TL" turnAngle="-66.00" types="23,12,15,16,24,17,3,4" pointTypes="8;6;" names="0,0,72,73,74,75,76"/>
                    <segment id="567545448" length="33" startTrkptIdx="1052" segmentTime="51.83" speed="13.89" turnType="C" turnAngle="" types="23,12,15,16,24,17,3,4" pointTypes=";;;;;;;;;;;;;;;;;;;;;;;;;;;;;;;;" names="0,0,72,73,74,75,76"/>
                    <segment id="567545448" length="23" startTrkptIdx="1084" segmentTime="31.92" speed="13.89" turnType="" turnAngle="" types="23,12,15,16,24,17,3,4" pointTypes=";;6;;;;;;;;;;;;;;;;;;;;" names="0,0,72,73,74,75,76"/>
                    <segment id="567545447" length="26" startTrkptIdx="1106" segmentTime="49.91" speed="18.85" turnType="" turnAngle="" types="23,12,25,16,24,17,3,4" pointTypes=";;;6;;;;;;;;;;;;;8;5;6;5;5;5;5;;;" names="0,0,72,73,74,75,76"/>
                    <segment id="297136469" length="63" startTrkptIdx="1131" segmentTime="86.31" speed="18.85" turnType="" turnAngle="" types="23,12,25,16,24,17,3,4" pointTypes=";;;;;;;;;5;;7;5;6;6;5;5;5;5;5;5;5;;;;;;;;;;;;;;;;;;;;;;;;;;;;;;;;;;6;;;;;;;" names="0,0,72,73,74,75,76"/>
                    <segment id="297136469" length="21" startTrkptIdx="1193" segmentTime="38.95" speed="18.85" turnType="C" turnAngle="-1.13" types="23,12,25,16,24,17,3,4" pointTypes=";;;;5;6;;;;;;;;;;;;6;6;5;5" names="0,0,72,73,74,75,76"/>
                    <segment id="297136469" length="171" startTrkptIdx="1213" segmentTime="344.39" speed="18.85" turnType="" turnAngle="" types="23,12,25,16,24,17,3,4" pointTypes="5;6;5;5;6;;;;;;;;;;;;;;;;6;;;8;5;6;5;5;5;6;5;7;8;;;;6;5;8;8;7;7;8;5;5;8;8;8;8;7;7;;;14;;7;;;;;6;5;5;;;;;;;;;;;;;;6;5;7;7;5;5;5;6;;;;;;;;;;;;;;;;;6;8;8;;;14;7;6;5;8;7;8;7;;;7;7;7;7;;;;;;;;;;;;;;8;8;8;6;5;6;6;6;5;5;6;;6;6;;;;;;;;;;;;;;;;;;;;;;;;;" names="0,0,72,73,74,75,76"/>
                    <segment id="797195897" length="10" startTrkptIdx="1383" segmentTime="43.96" speed="13.89" turnType="" turnAngle="" types="23,12,15,16,24,17,3,4" pointTypes=";;;;8;6;5;7;;14" names="0,0,72,73,74,75,76"/>
                    <segment id="797195898" length="171" startTrkptIdx="1392" segmentTime="254.38" speed="18.85" turnType="" turnAngle="" types="23,12,25,16,24,17,3,4" pointTypes=";7;7;7;8;8;8;5;5;6;5;6;;;;;;;6;8;8;5;5;5;8;8;7;7;7;5;5;5;5;8;7;6;5;6;;;;;;;;;;;;;;;;;;;;;;;;;;;;;;;;;;;;;;;;;;;6;6;5;8;8;5;8;5;6;;;5;8;;7;7;;;7;14;;;;14;;7;7;;7;7;;7;7;5;6;;;;;6;5;8;14;;8;7;8;7;7;7;8;7;7;7;;7;8;8;7;7;5;7;;7;8;7;;;14;14;;14;14;;14;14;14;14;;;;14;14;;;7;7;7;7;5;5" names="0,0,72,73,74,75,76"/>
                    <segment id="297136470" length="2" startTrkptIdx="1562" segmentTime="1.88" speed="18.85" turnType="" turnAngle="" types="9,23,12,25,18,16,24,17,3,4" pointTypes="" names="0,0,72,73,74,75,76"/>
                    <segment id="161852162" length="214" startTrkptIdx="1563" segmentTime="285.17" speed="18.52" turnType="" turnAngle="" types="23,12,25,18,16,24,17,3,4" pointTypes=";;;;;;;;;;;;;;;;;;;;;;;;;;;;;;;;;;;;;;;;;;;;;;;;;;;;;;;;;;;;;;;;;;;;;;;;;;;;;;;;;;;;;;;;;;;;;;;;;;;;;;;;;;;;;;;;;;;;;;;;;;;;;;6;5;5;;;;;;;;;;;;;;;;;;;;;;;;;;;;;;;;;;;;;;;;;;;;6;;;;;;;;;;;;6;;;;;;;;5;8;7;8;5;5;8;5;6;;;;;;26,27;;;;;;;" names="0,0,72,73,74,75,76"/>
                    <segment id="161852162" length="130" startTrkptIdx="1776" segmentTime="217.53" speed="18.85" turnType="C" turnAngle="2.38" types="23,12,25,18,16,24,17,3,4" pointTypes=";;6;6;;;;;6;6;5;5;5;8;5;5;8;5;7;7;5;6;;;;;;;6;6;6;8;7;8;8;6;;;;;;;;6;;;;;;;;;;;;;;;;;;;;;;;;;;5;6;8;;5;5;5;5;5;5;5;5;6;5;8;7;;8;8;8;8;5;5;5;5;5;5;7;;;;14;;;;;;;;;14;;7;;;;;14;8;8;8;8;8;7;8;8;8;7;8;;8" names="0,0,72,73,74,75,76"/>
                    <segment id="797195899" length="83" startTrkptIdx="1905" segmentTime="80.09" speed="13.89" turnType="" turnAngle="" types="23,12,15,18,16,24,17,3,4" pointTypes=";;14;14;;14;14;;;;;14;;;;7;7;8;6;;;;5;;;;;;;;;;;;14;7;8;8;7;14;;7;7;;14;8;5;8;7;8;;14;14;;;;;;7;8;8;8;8;5;5;6;6;6;;;;6;5;5;6" names="0,0,72,73,74,75,76"/>
                    <segment id="524272021" length="2" startTrkptIdx="1987" segmentTime="1.09" speed="18.85" turnType="" turnAngle="" types="9,23,12,25,18,16,24,17,3,4" pointTypes="" names="0,0,72,73,74,75,76"/>
                    <segment id="524272020" length="287" startTrkptIdx="1988" segmentTime="424.24" speed="18.85" turnType="" turnAngle="" types="23,12,25,18,16,24,17,3,4" pointTypes=";;;;;;;;;;;;;;;;;;;;;;;;;;;;;;;;;;;;;;;;;;;;;;;;;;;;;;;;;;;;;;;;;;;;;;;;;;;;;;;;;;;;;;;;;;;;;;;;;;;6;6;6;5;8;;;5;7;5;8;5;;;;;5;;;;;;;;;;;;5;5;5;5;5;8;8;8;14;;;;;;;;;14;7;;7;7;8;8;7;8;5;;;;;5;7;;;;14;14;7;;;;;;;;;5;8;8;8;7;14;;7;7;7;7;7;7;7;7;;7;8;8;8;8;8;;14;;14;14;;14;14;14;7;5;;;;;;;;;;;;;;;;;;;;;;;;;;;;;;6;6;;6;5;5;8;8;8;5;6;;;;;;;;;;;6;6;6;5;5;5;6;;;;;;;;;;;;;;;;;;6;5;6;;;" names="0,0,72,73,74,75,76"/>
                    <segment id="524272020" length="2" startTrkptIdx="2274" segmentTime="4.76" speed="18.85" turnType="" turnAngle="" types="23,12,25,18,16,24,17,3,4" pointTypes=";" names="0,0,72,73,74,75,76"/>
                    <segment id="528876324" length="23" startTrkptIdx="2275" segmentTime="54.17" speed="13.89" turnType="" turnAngle="" types="23,12,15,18,16,24,17,3,4" pointTypes=";;;;;;6;5;7;;14;14;;14;;14;14;14;;;;;14" names="0,0,72,73,74,75,76"/>
                    <segment id="528876321" length="25" startTrkptIdx="2297" segmentTime="24.16" speed="18.85" turnType="" turnAngle="" types="23,12,25,16,24,17,3,4" pointTypes=";14;;14;14;;;;14;;;;;8;5;5;5;5;5;7;7;8;7;;" names="0,0,72,73,74,75,76"/>
                    <segment id="528876321" length="3" startTrkptIdx="2322" segmentTime="5.13" speed="18.85" turnType="C" turnAngle="" types="23,12,25,16,24,17,3,4" pointTypes=";;7" names="0,0,72,73,74,75,76"/>
                    <segment id="1206304035" length="5" startTrkptIdx="2324" segmentTime="26.25" speed="9.72" turnType="TR" turnAngle="89.57" types="28,21,22" pointTypes=";8;7;5;6" names="0"/>
                    <segment id="1319391809" length="16" startTrkptIdx="2328" segmentTime="33.81" speed="9.72" turnType="TR" turnAngle="87.10" types="28,21,22" pointTypes=";;;;;;;;;;;;;;;" names="0"/>
                    <segment id="27637031" length="8" startTrkptIdx="2343" segmentTime="11.34" speed="12.50" turnType="TL" turnAngle="-108.45" types="0,12,29,30,31,13,17" pointTypes="7;5;5;8;5;6;;" names="0"/>
                    <segment id="364256156" length="117" startTrkptIdx="2350" segmentTime="191.55" speed="9.72" turnType="TR" turnAngle="82.89" types="32,29,30,31,16,33" pointTypes=";;;;;;;;;;;;;;;;;;;;;;;;;;;;;;;;;;;;;;;;;;;;;;;;;;8;14;;;;;;;14;5;;8;;;;;;;;;14;;5;5;;;;;7;7;7;;;;;;;;;7;8;6;;;;;;5;14;;34,5;;;5;;;;;;;;14;5;;;;" names="0"/>
                    <segment id="364256156" length="117" startTrkptIdx="2467" segmentTime="191.55" speed="9.72" turnType="C" turnAngle="" types="32,29,30,31,16,33" pointTypes=";;;;5;14;;;;;;;;5;;;34,5;;14;5;;;;;;6;8;7;;;;;;;;;7;7;7;;;;;5;5;;14;;;;;;;;;8;;5;14;;;;;;;14;8;;;;;;;;;;;;;;;;;;;;;;;;;;;;;;;;;;;;;;;;;;;;;;;;;;" names="0"/>
                    <segment id="27637031" length="17" startTrkptIdx="2583" segmentTime="47.72" speed="12.50" turnType="TR" turnAngle="85.48" types="0,12,29,30,31,13,17" pointTypes=";;;6;;6;;;;;;;;5;8;8;" names="0"/>
                    <segment id="161793779" length="5" startTrkptIdx="2599" segmentTime="1.48" speed="12.50" turnType="" turnAngle="" types="0,12,35,30,31,16,33" pointTypes=";;5;;" names="0"/>
                    <segment id="161793779" length="6" startTrkptIdx="2603" segmentTime="0.67" speed="12.50" turnType="TL" turnAngle="-68.09" types="0,12,35,30,31,16,33" pointTypes=";;;;;" names="0"/>
                    <segment id="161793779" length="35" startTrkptIdx="2609" segmentTime="170.94" speed="12.50" turnType="C" turnAngle="" types="0,12,35,30,31,16,33" pointTypes=";;;8;5;6;;;;;;;;;;;6;6;;;;;;;;;;;;;;" names="0"/>
                    <segment id="161793779" length="2" startTrkptIdx="2644" segmentTime="0.18" speed="12.50" turnType="C" turnAngle="" types="0,12,35,30,31,16,33" pointTypes="" names="0"/>
                    <segment id="93518845" length="46" startTrkptIdx="2645" segmentTime="128.38" speed="9.72" turnType="TR" turnAngle="78.62" types="32,12,29,30,31,16,33" pointTypes=";;;;;;;;;;6;;6;;;;;;;6;;6;6;6;;;;;5;;;5;5;5;8;5;5;;;;;;;;;" names="0"/>
                    <segment id="93518845" length="2" startTrkptIdx="2691" segmentTime="0.51" speed="9.72" turnType="C" turnAngle="" types="32,12,29,30,31,16,33" pointTypes=";" names="0"/>
                    <segment id="1216137280" length="2" startTrkptIdx="2692" segmentTime="4.16" speed="13.89" turnType="TR" turnAngle="89.61" types="23,12,15,36,24,2,3,4" pointTypes="6;5" names="0,0,72,73,74,75,76"/>
                    <segment id="139333798" length="2" startTrkptIdx="2693" segmentTime="14.19" speed="13.89" turnType="" turnAngle="" types="9,23,12,15,36,24,2,3,4" pointTypes="" names="0,0,72,73,74,75,76"/>
                    <segment id="443530635" length="6" startTrkptIdx="2694" segmentTime="14.66" speed="13.89" turnType="" turnAngle="" types="23,12,15,36,24,2,3,4" pointTypes=";;;;;" names="0,0,72,73,74,75,76"/>
                    <segment id="161851278" length="2" startTrkptIdx="2699" segmentTime="0.57" speed="17.65" turnType="TR" turnAngle="102.41" types="23,12,37,36,2" pointTypes=";6" names="0"/>
                    <segment id="51778880" length="10" startTrkptIdx="2700" segmentTime="32.82" speed="17.65" turnType="TSLL" turnAngle="-37.29" types="38,23,12,37,13,2" pointTypes=";5;;;;;;;6;" names="0"/>
                    <segment id="528806918" length="18" startTrkptIdx="2709" segmentTime="41.31" speed="13.38" turnType="TL" turnAngle="-90.88" types="23,12,13,2" pointTypes=";;;;;;;;;;39;;;;;;;" names="0"/>
                    <segment id="161779929" length="12" startTrkptIdx="2726" segmentTime="40.08" speed="12.16" turnType="TR" turnAngle="90.12" types="23,12,15,36,40,2,3,4" pointTypes="6;27,41,26;;6;7;14;7;7;;7;8;" names="0,0,77,78,79,80,81"/>
                    <segment id="796741360" length="25" startTrkptIdx="2737" segmentTime="18.40" speed="18.85" turnType="" turnAngle="" types="23,12,25,16,40,17,3,4" pointTypes="14;;14;;7;8;7;8;5;7;;14;;;7;7;8;8;8;8;8;5;5;7;7" names="0,0,77,78,79,80,81"/>
                    <segment id="796741360" length="35" startTrkptIdx="2761" segmentTime="72.74" speed="18.85" turnType="C" turnAngle="-1.29" types="23,12,25,16,40,17,3,4" pointTypes="7;;7;;;7;;14;8;5;5;;;5;6;;5;5;5;5;8;8;6;6;6;;6;5;5;8;5;;6;6;" names="0,0,77,78,79,80,81"/>
                    <segment id="796741360" length="164" startTrkptIdx="2795" segmentTime="613.28" speed="18.85" turnType="C" turnAngle="1.05" types="23,12,25,16,40,17,3,4" pointTypes=";6;6;7;6;6;5;8;7;;7;;;;14;14;14;;7;8;5;8;7;7;8;8;8;5;8;6;6;6;5;;5;;5;14;7;7;7;7;8;5;;;6;;;;;;;;5;6;6;;;;;6;;;8;6;;;;;;;;5;5;5;6;6;5;5;6;;;;;;;;;;;;;;;6;;6;7;8;7;5;6;;5;6;;;;;;;;;;;;6;;;;;;;;;;;;;;;;;6;;;;;6;6;;6;6;;6;;;;;5;6;;;;;;5;5;;;;;6" names="0,0,77,78,79,80,81"/>
                    <segment id="796741360" length="13" startTrkptIdx="2958" segmentTime="60.37" speed="18.85" turnType="" turnAngle="" types="23,12,25,16,40,17,3,4" pointTypes="6;;;;;;;6;;;;;" names="0,0,77,78,79,80,81"/>
                    <segment id="796741359" length="23" startTrkptIdx="2970" segmentTime="84.47" speed="13.89" turnType="" turnAngle="" types="23,12,15,16,40,17,3,4" pointTypes="5;6;;;;;;;7;5;;;;;;;;;;;;;" names="0,0,77,78,79,80,81"/>
                    <segment id="796741358" length="42" startTrkptIdx="2992" segmentTime="363.33" speed="18.85" turnType="" turnAngle="" types="23,12,25,16,40,17,3,4" pointTypes="6;6;;;;;;;;;;;;;;;;;6;6;;;;;6;5;6;6;;6;5;6;;;;;;;;;;" names="0,0,77,78,79,80,81"/>
                    <segment id="51756776" length="25" startTrkptIdx="3033" segmentTime="56.98" speed="13.89" turnType="" turnAngle="" types="23,12,15,16,40,17,3,4" pointTypes="8;8;8;8;5;;;;;;;;;;;;;;;;;;;;" names="0,0,77,78,79,80,81"/>
                    <segment id="342413239" length="10" startTrkptIdx="3057" segmentTime="24.57" speed="13.89" turnType="" turnAngle="" types="23,12,15,36,40,2,3,4" pointTypes="6;;;;6;6;;6;6;" names="0,0,77,78,79,80,81"/>
                    <segment id="342413239" length="7" startTrkptIdx="3066" segmentTime="32.75" speed="13.89" turnType="" turnAngle="" types="23,12,15,36,40,2,3,4" pointTypes=";;;;;;" names="0,0,77,78,79,80,81"/>
                    <segment id="706094833" length="7" startTrkptIdx="3072" segmentTime="15.26" speed="13.89" turnType="" turnAngle="" types="23,42,15,18,36,40,2,3,4" pointTypes="6;;5;5;6;;" names="0,0,77,78,79,80,81"/>
                    <segment id="706094832" length="4" startTrkptIdx="3078" segmentTime="9.03" speed="13.89" turnType="" turnAngle="" types="23,12,15,37,36,40,2,3,4" pointTypes=";;;" names="0,0,77,78,79,80,81"/>
                    <segment id="1303732113" length="2" startTrkptIdx="3081" segmentTime="8.19" speed="13.89" turnType="" turnAngle="" types="23,12,15,37,36,40,2,3,4" pointTypes=";" names="0,0,77,78,79,80,81"/>
                    <segment id="342413240" length="6" startTrkptIdx="3082" segmentTime="28.32" speed="13.89" turnType="" turnAngle="" types="23,12,15,37,36,40,2,3,4" pointTypes=";" names="0,0,77,78,79,80,81"/>
                    <segment id="342413240" length="2" startTrkptIdx="3087" segmentTime="2.35" speed="13.89" turnType="C" turnAngle="" types="23,12,15,37,36,40,2,3,4" pointTypes="" names="0,0,77,78,79,80,81"/>
                    <segment id="706094829" length="2" startTrkptIdx="3089" segmentTime="14.14" speed="13.89" turnType="" turnAngle="" types="23,12,15,37,36,40,2,3,4" pointTypes=";" names="0,0,77,78,79,80,81"/>
                    <segment id="51758160" length="4" startTrkptIdx="3090" segmentTime="14.72" speed="13.89" turnType="" turnAngle="" types="23,42,15,18,36,40,2,3,4" pointTypes=";;;" names="0,0,77,78,79,80,81"/>
                    <segment id="51758160" length="2" startTrkptIdx="3093" segmentTime="4.43" speed="13.89" turnType="" turnAngle="" types="23,42,15,18,36,40,2,3,4" pointTypes=";" names="0,0,77,78,79,80,81"/>
                    <segment id="706094830" length="3" startTrkptIdx="3094" segmentTime="25.18" speed="13.89" turnType="" turnAngle="" types="23,12,15,36,40,2,3,4" pointTypes=";" names="0,0,77,78,79,80,81"/>
                    <segment id="197536322" length="19" startTrkptIdx="3096" segmentTime="172.66" speed="13.89" turnType="" turnAngle="" types="23,12,15,16,40,17,3,4" pointTypes=";6;6;;;;;;;;;;;;;;6;;6" names="0,0,77,78,79,80,81"/>
                    <segment id="197536322" length="10" startTrkptIdx="3114" segmentTime="33.82" speed="13.89" turnType="" turnAngle="" types="23,12,15,16,40,17,3,4" pointTypes="6;6;;;;;6;;;" names="0,0,77,78,79,80,81"/>
                    <segment id="1213418114" length="2" startTrkptIdx="3123" segmentTime="1.14" speed="13.89" turnType="" turnAngle="" types="23,12,15,16,40,17,3,4" pointTypes=";" names="0,0,77,78,79,80,81"/>
                    <segment id="777533731" length="5" startTrkptIdx="3124" segmentTime="4.23" speed="13.89" turnType="" turnAngle="" types="43,23,12,15,16,40,17,3,4" pointTypes=";;;6;" names="0,0,77,78,79,80,81"/>
                    <segment id="322781958" length="4" startTrkptIdx="3128" segmentTime="26.97" speed="1.29" turnType="" turnAngle="" types="43,23,12,37,16,40,17,3,4" pointTypes=";26;20;" names="0,0,77,78,79,80,81"/>
                    <segment id="1056244441" length="5" startTrkptIdx="3131" segmentTime="1.57" speed="17.65" turnType="RNDB1" turnAngle="43.56" types="43,23,44,12,37,36,40,2,3,4" pointTypes="" names="0,0,77,82,78,79,80,81,83"/>
                    <segment id="322781959" length="6" startTrkptIdx="3135" segmentTime="17.31" speed="2.35" turnType="" turnAngle="" types="43,23,12,37,36,24,2,3,4" pointTypes=";26;;;6;8" names="0,0,84,82,73,85,86,87,83"/>
                    <segment id="27637043" length="2" startTrkptIdx="3140" segmentTime="1.25" speed="17.65" turnType="" turnAngle="" types="43,23,12,36,24,2,3,4" pointTypes=";8" names="0,0,84,82,73,85,86,87,83"/>
                    <segment id="332190753" length="4" startTrkptIdx="3141" segmentTime="4.21" speed="17.65" turnType="" turnAngle="" types="43,23,12,36,24,2,3,4" pointTypes=";6;6;5" names="0,0,84,82,73,85,86,87,83"/>
                    <segment id="930875621" length="2" startTrkptIdx="3144" segmentTime="2.63" speed="17.65" turnType="" turnAngle="" types="23,12,45,36,24,2,3,4" pointTypes=";6" names="0,0,84,82,73,85,86,87,83"/>
                    <segment id="930875620" length="7" startTrkptIdx="3145" segmentTime="43.88" speed="16.44" turnType="" turnAngle="" types="23,12,46,36,24,2,3,4" pointTypes=";7;;;;;" names="0,0,84,82,73,85,86,87,83"/>
                    <segment id="398637471" length="24" startTrkptIdx="3151" segmentTime="47.37" speed="13.89" turnType="" turnAngle="" types="23,12,15,16,24,17,3,4" pointTypes=";;;;;;;;;;;;5;6;5;6;;;5;5;6;;;" names="0,0,84,82,73,85,86,87,83"/>
                    <segment id="398637472" length="59" startTrkptIdx="3174" segmentTime="127.37" speed="16.96" turnType="" turnAngle="" types="23,12,45,47,16,24,17,3,4" pointTypes=";14;14;;;;;;;;;;;;;;;;;;;;;;;;;6;6;5;5;8;8;6;;;;;;;;;;;;;;;;;;;;;27,41,26;;;6;6" names="0,0,84,82,73,85,86,87,83"/>
                    <segment id="398637472" length="35" startTrkptIdx="3232" segmentTime="105.53" speed="16.81" turnType="C" turnAngle="-4.06" types="23,12,45,47,16,24,17,3,4" pointTypes="6;6;6;27,41,26;;;;;;;;6;8;8;6;6;;5;6;;6;;;;;;;;6;6;;;;;" names="0,0,84,82,73,85,86,87,83"/>
                    <segment id="1052544079" length="7" startTrkptIdx="3266" segmentTime="41.60" speed="12.22" turnType="" turnAngle="" types="23,12,15,16,24,17,3,4" pointTypes=";6;;6;8;27,41,26,8;5" names="0,0,84,82,73,85,86,87,83"/>
                    <segment id="1052544078" length="5" startTrkptIdx="3272" segmentTime="5.53" speed="17.65" turnType="" turnAngle="" types="23,12,48,49,16,24,17,3,4" pointTypes=";6;6;6;6" names="0,0,84,82,73,85,86,87,83"/>
                    <segment id="1052559204" length="11" startTrkptIdx="3276" segmentTime="47.38" speed="14.71" turnType="" turnAngle="" types="23,12,46,16,24,17,3,4" pointTypes=";6;5;6;6;6;;;;27,41,26;" names="0,0,84,82,73,85,86,87,83"/>
                    <segment id="1052559200" length="4" startTrkptIdx="3286" segmentTime="5.31" speed="16.44" turnType="" turnAngle="" types="23,12,46,16,24,17,3,4" pointTypes=";5;5;" names="0,0,84,82,73,85,86,87,83"/>
                    <segment id="1052559200" length="2" startTrkptIdx="3289" segmentTime="0.07" speed="16.44" turnType="C" turnAngle="" types="23,12,46,16,24,17,3,4" pointTypes=";8" names="0,0,84,82,73,85,86,87,83"/>
                    <segment id="1158562227" length="5" startTrkptIdx="3290" segmentTime="3.17" speed="12.50" turnType="TR" turnAngle="45.06" types="0,50,37,16,17,3,4" pointTypes=";5;5;6" names="0,0,88,89"/>
                    <segment id="814006423" length="2" startTrkptIdx="3294" segmentTime="0.11" speed="12.50" turnType="" turnAngle="" types="0,12,16,17,3,4" pointTypes=";" names="0,0,88,89"/>
                    <segment id="814006423" length="4" startTrkptIdx="3295" segmentTime="5.22" speed="12.50" turnType="C" turnAngle="" types="0,12,16,17,3,4" pointTypes=";6;6;" names="0,0,88,89"/>
                    <segment id="207327172" length="2" startTrkptIdx="3299" segmentTime="10.03" speed="9.72" turnType="TR" turnAngle="92.57" types="28,21,22" pointTypes=";" names="0"/>
                    <segment id="207327166" length="5" startTrkptIdx="3300" segmentTime="15.78" speed="9.72" turnType="TL" turnAngle="-89.28" types="28,21,22" pointTypes=";;;5;" names="0"/>
                    <segment id="207327171" length="20" startTrkptIdx="3304" segmentTime="40.94" speed="9.72" turnType="TL" turnAngle="-102.51" types="28,21,22" pointTypes=";;;;;;;;;;;;;;;;;;;" names="0"/>
                    <segment id="814006415" length="3" startTrkptIdx="3323" segmentTime="1.87" speed="12.50" turnType="TL" turnAngle="-91.13" types="0,12,16,17,3,4" pointTypes=";;" names="0,0,88,89"/>
                    <segment id="207327186" length="6" startTrkptIdx="3325" segmentTime="52.02" speed="9.72" turnType="TR" turnAngle="79.73" types="28,21,22" pointTypes=";;;;6;" names="0"/>
                    <segment id="207327186" length="2" startTrkptIdx="3330" segmentTime="20.21" speed="9.72" turnType="C" turnAngle="" types="28,21,22" pointTypes=";6" names="0"/>
                    <segment id="207327163" length="2" startTrkptIdx="3331" segmentTime="6.87" speed="9.72" turnType="TL" turnAngle="-91.92" types="28,21,22" pointTypes=";" names="0"/>
                    <segment id="814006422" length="2" startTrkptIdx="3332" segmentTime="16.57" speed="12.50" turnType="TL" turnAngle="-92.56" types="0,12,16,17,3,4" pointTypes=";" names="0,0,88,89"/>
                    <segment id="814006422" length="11" startTrkptIdx="3333" segmentTime="99.49" speed="12.50" turnType="" turnAngle="" types="0,12,16,17,3,4" pointTypes=";6;8;8;5;6;6;;;;6" names="0,0,88,89"/>
                    <segment id="139500845" length="46" startTrkptIdx="3343" segmentTime="197.34" speed="12.50" turnType="" turnAngle="" types="0,12,16,17,3,4" pointTypes=";;;;;;6;5;6;6;;6;;;;;6;6;;;;;;6;;6;6;6;6;5;5;8;7;7;7;7;7;7;8;5;6;6;5;7;7;" names="0,0,88,89"/>
                    <segment id="139500845" length="86" startTrkptIdx="3388" segmentTime="325.83" speed="12.50" turnType="C" turnAngle="" types="0,12,16,17,3,4" pointTypes=";8;;;;;;;;;;;;;;;;;;;;;;;;;6;6;;;;;;;;;;;;;;;;;6;;;;;;;;;;6;5;6;;;;;;6;6;6;6;5;;;;;6;6;;;;;;6;;;;;6;6;" names="0,0,88,89"/>
                    <segment id="139500845" length="39" startTrkptIdx="3473" segmentTime="269.75" speed="12.50" turnType="" turnAngle="" types="0,12,16,17,3,4" pointTypes=";;;;;;;;;;;;;6;;;;;;6;6;;;;;;;;;;;;;;;;;6;" names="0,0,88,89"/>
                    <segment id="139500845" length="3" startTrkptIdx="3511" segmentTime="94.38" speed="12.50" turnType="C" turnAngle="" types="0,12,16,17,3,4" pointTypes=";6;6" names="0,0,88,89"/>
                    <segment id="957145164" length="3" startTrkptIdx="3513" segmentTime="2.57" speed="5.56" turnType="TR" turnAngle="92.29" types="51,52" pointTypes=";;" names="0"/>
                    <segment id="957145164" length="3" startTrkptIdx="3515" segmentTime="2.57" speed="5.56" turnType="C" turnAngle="" types="51,52" pointTypes=";;" names="0"/>
                    <segment id="139500845" length="10" startTrkptIdx="3517" segmentTime="76.28" speed="12.50" turnType="TR" turnAngle="84.93" types="0,12,16,17,3,4" pointTypes="6;;6;5;5;6;6;6;;" names="0,0,88,89"/>
                    <segment id="139500845" length="24" startTrkptIdx="3526" segmentTime="110.61" speed="12.50" turnType="C" turnAngle="" types="0,12,16,17,3,4" pointTypes=";;;;;;;;;;;;;;;;5;;;6;5;6;;" names="0,0,88,89"/>
                    <segment id="139500845" length="3" startTrkptIdx="3549" segmentTime="3.67" speed="12.50" turnType="C" turnAngle="" types="0,12,16,17,3,4" pointTypes=";6;6" names="0,0,88,89"/>
                    <segment id="1154342351" length="3" startTrkptIdx="3551" segmentTime="16.33" speed="9.72" turnType="TL" turnAngle="-52.90" types="28,21,22" pointTypes=";;5" names="0"/>
                    <segment id="1228642479" length="3" startTrkptIdx="3553" segmentTime="12.24" speed="9.72" turnType="TR" turnAngle="112.04" types="28,21,22" pointTypes=";;" names="0"/>
                    <segment id="139500845" length="9" startTrkptIdx="3555" segmentTime="60.88" speed="12.50" turnType="TL" turnAngle="-69.40" types="0,12,16,17,3,4" pointTypes=";6;;;6;7;;;" names="0,0,88,89"/>
                    <segment id="397563145" length="7" startTrkptIdx="3563" segmentTime="28.67" speed="11.11" turnType="" turnAngle="" types="0,12,53,18,36,2,3,4" pointTypes=";6;;;;;" names="0,0,88,89"/>
                    <segment id="139500844" length="2" startTrkptIdx="3569" segmentTime="5.29" speed="8.33" turnType="" turnAngle="" types="9,0,12,54,36,2" pointTypes="" names="0"/>
                    <segment id="139500843" length="2" startTrkptIdx="3570" segmentTime="1.11" speed="13.89" turnType="" turnAngle="" types="0,12,15,36,2" pointTypes=";" names="0"/>
                    <segment id="139500843" length="20" startTrkptIdx="3571" segmentTime="24.29" speed="13.89" turnType="C" turnAngle="" types="0,12,15,36,2" pointTypes=";;;;;;;;;;;;;;;;;;;" names="0"/>
                    <segment id="161761798" length="2" startTrkptIdx="3590" segmentTime="0.58" speed="13.89" turnType="" turnAngle="" types="0,12,15,37,36,2" pointTypes=";" names="0"/>
                    <segment id="161761798" length="3" startTrkptIdx="3591" segmentTime="1.04" speed="13.89" turnType="C" turnAngle="" types="0,12,15,37,36,2" pointTypes=";;" names="0"/>
                    <segment id="281221801" length="4" startTrkptIdx="3593" segmentTime="25.92" speed="5.85" turnType="TR" turnAngle="60.17" types="55,12,15,37,36,2" pointTypes=";;56;" names="0"/>
                    <segment id="86888534" length="2" startTrkptIdx="3596" segmentTime="0.03" speed="12.50" turnType="TL" turnAngle="-91.98" types="0,37,17" pointTypes=";" names="0"/>
                    <segment id="86888534" length="3" startTrkptIdx="3597" segmentTime="22.77" speed="4.26" turnType="C" turnAngle="" types="0,37,17" pointTypes=";56,6;5" names="0"/>
                    <segment id="524246114" length="3" startTrkptIdx="3599" segmentTime="20.26" speed="4.92" turnType="" turnAngle="" types="28,37,17" pointTypes=";20,5;" names="0"/>
                    <segment id="524245114" length="2" startTrkptIdx="3601" segmentTime="5.82" speed="16.44" turnType="TR" turnAngle="92.91" types="55,37,17" pointTypes="6;6" names="0"/>
                    <segment id="524243912" length="3" startTrkptIdx="3602" segmentTime="20.99" speed="4.69" turnType="" turnAngle="" types="55,37,17" pointTypes=";56,7;14" names="0"/>
                    <segment id="524243914" length="5" startTrkptIdx="3604" segmentTime="30.70" speed="9.37" turnType="TL" turnAngle="-90.58" types="55,12,15,18,36,2" pointTypes=";;39;;6" names="0"/>
                    <segment id="524243914" length="7" startTrkptIdx="3608" segmentTime="27.92" speed="13.89" turnType="C" turnAngle="0.13" types="55,12,15,18,36,2" pointTypes="6;6;5;5;5;7;14" names="0"/>
                    <segment id="1052559186" length="2" startTrkptIdx="3615" segmentTime="10.03" speed="13.89" turnType="" turnAngle="" types="55,12,15,18,36,2" pointTypes=";6" names="0"/>
                    <segment id="281151405" length="4" startTrkptIdx="3616" segmentTime="1.92" speed="17.65" turnType="KR" turnAngle="29.21" types="57,37,17" pointTypes=";" names="0"/>
                    <segment id="1052559189" length="5" startTrkptIdx="3619" segmentTime="30.92" speed="13.89" turnType="" turnAngle="" types="23,12,15,18,16,24,17,3,4" pointTypes=";;6;6;" names="0,0,84,82,73,85,86,87,83"/>
                    <segment id="139500867" length="2" startTrkptIdx="3623" segmentTime="2.77" speed="13.89" turnType="" turnAngle="" types="9,23,12,15,16,24,17,3,4" pointTypes="" names="0,0,84,82,73,85,86,87,83,90"/>
                    <segment id="525502763" length="2" startTrkptIdx="3624" segmentTime="2.08" speed="18.85" turnType="" turnAngle="" types="23,12,25,16,24,17,3,4" pointTypes=";" names="0,0,84,82,73,85,86,87,83"/>
                    <segment id="525502763" length="9" startTrkptIdx="3625" segmentTime="64.76" speed="18.85" turnType="C" turnAngle="" types="23,12,25,16,24,17,3,4" pointTypes=";;;;;;;6;" names="0,0,84,82,73,85,86,87,83"/>
                    <segment id="525502763" length="53" startTrkptIdx="3633" segmentTime="223.80" speed="18.85" turnType="" turnAngle="" types="23,12,25,16,24,17,3,4" pointTypes=";;;;;;;6;6;;;6;;6;5;5;8;7;8;;;;;;;;;;;;6;6;;;;8;;;5;6;;;;6;5;5;5;;;6;;;6" names="0,0,84,82,73,85,86,87,83"/>
                    <segment id="799010615" length="13" startTrkptIdx="3685" segmentTime="41.86" speed="13.89" turnType="" turnAngle="" types="23,12,15,16,24,17,3,4" pointTypes=";6;7;7;8;5;8;8;5;5;8;6;" names="0,0,84,82,73,85,86,87,83"/>
                    <segment id="525502762" length="3" startTrkptIdx="3697" segmentTime="14.19" speed="17.65" turnType="KR" turnAngle="2.02" types="23,12,36,24,2,3,4" pointTypes=";19,56;" names="0,0,91,82,73,92,93,94,83"/>
                    <segment id="51715389" length="2" startTrkptIdx="3699" segmentTime="22.25" speed="13.89" turnType="" turnAngle="" types="23,12,15,36,24,2,3,4" pointTypes=";5" names="0,0,91,82,73,92,93,94,83"/>
                    <segment id="808608391" length="65" startTrkptIdx="3700" segmentTime="234.75" speed="18.85" turnType="" turnAngle="" types="23,12,25,36,24,2,3,4" pointTypes=";;6;;;;;;;;;;;;6;5;6;6;6;5;6;;6;5;5;8;7;8;5;5;5;6;;;;;;;;;;;;;;;;;;6;6;6;;;;;6;;;;;;6;6;" names="0,0,91,82,73,92,93,94,83"/>
                    <segment id="143840510" length="2" startTrkptIdx="3764" segmentTime="2.55" speed="18.85" turnType="" turnAngle="" types="9,23,12,25,36,24,2,3,4" pointTypes="" names="0,0,91,82,73,92,93,94,83"/>
                    <segment id="143840511" length="3" startTrkptIdx="3765" segmentTime="1.98" speed="18.85" turnType="" turnAngle="" types="23,12,25,16,24,17,3,4" pointTypes=";;" names="0,0,91,82,73,92,93,94,83"/>
                    <segment id="143840511" length="64" startTrkptIdx="3767" segmentTime="334.35" speed="18.85" turnType="" turnAngle="" types="23,12,25,16,24,17,3,4" pointTypes=";;;;;;;;;;;;;;;;;;;;;;;;;;;;;;;;;;;;;;;;5;8;5;;;6;6;5;6;;;;;;;;;;;;6;;;" names="0,0,91,82,73,92,93,94,83"/>
                    <segment id="1203034572" length="3" startTrkptIdx="3830" segmentTime="2.79" speed="18.85" turnType="" turnAngle="" types="23,12,25,16,24,17,3,4" pointTypes="" names="0,0,91,82,73,92,93,94,83"/>
                    <segment id="1203034571" length="21" startTrkptIdx="3832" segmentTime="207.82" speed="18.85" turnType="" turnAngle="" types="23,12,25,16,24,17,3,4" pointTypes=";;6;5;7;;;;;;;;;;;;6;;;;5" names="0,0,91,82,73,92,93,94,83"/>
                    <segment id="1203034573" length="2" startTrkptIdx="3852" segmentTime="2.69" speed="18.85" turnType="" turnAngle="" types="23,12,25,16,24,17,3,4" pointTypes=";" names="0,0,91,82,73,92,93,94,83"/>
                    <segment id="1203034574" length="40" startTrkptIdx="3853" segmentTime="295.96" speed="18.85" turnType="" turnAngle="" types="23,12,25,16,24,17,3,4" pointTypes=";;6;6;6;6;;6;6;;;6;6;;6;5;6;;;6;6;6;;;;;;;;6;;5;6;6;5;5;6;6;5;" names="0,0,91,82,73,92,93,94,83"/>
                    <segment id="808608392" length="15" startTrkptIdx="3892" segmentTime="124.32" speed="13.89" turnType="" turnAngle="" types="23,12,15,36,24,2,3,4" pointTypes=";;;;;;;;6;;;;;;" names="0,0,91,82,73,92,93,94,83"/>
                    <segment id="808608393" length="18" startTrkptIdx="3906" segmentTime="284.14" speed="18.85" turnType="" turnAngle="" types="23,12,25,36,24,2,3,4" pointTypes=";;;6;5;;;;;6;;;;;;;;6" names="0,0,91,82,73,92,93,94,83"/>
                    <segment id="808608393" length="12" startTrkptIdx="3923" segmentTime="69.40" speed="18.85" turnType="" turnAngle="" types="23,12,25,36,24,2,3,4" pointTypes="6;;;6;6;6;;;;6;6;" names="0,0,91,82,73,92,93,94,83"/>
                    <segment id="142750409" length="2" startTrkptIdx="3934" segmentTime="2.14" speed="18.85" turnType="" turnAngle="" types="9,23,12,25,36,24,2,3,4" pointTypes="" names="0,0,91,82,73,92,93,94,83,95"/>
                    <segment id="142750410" length="52" startTrkptIdx="3935" segmentTime="442.31" speed="18.85" turnType="" turnAngle="" types="23,12,25,36,24,2,3,4" pointTypes=";;;;;;;;;;;;;6;;;6;;;;;;;;;;;;;;;;;;;;;;;;;;;;;;;;;6;5;6" names="0,0,91,82,73,92,93,94,83"/>
                    <segment id="808608394" length="13" startTrkptIdx="3986" segmentTime="75.14" speed="13.89" turnType="" turnAngle="" types="23,12,15,36,24,2,3,4" pointTypes=";;;6;5;6;6;;;6;;6;6" names="0,0,91,82,73,92,93,94,83"/>
                    <segment id="808608395" length="18" startTrkptIdx="3998" segmentTime="182.79" speed="18.85" turnType="" turnAngle="" types="23,12,25,36,24,2,3,4" pointTypes=";;;6;6;;;;;;6;6;6;;6;6;;" names="0,0,91,82,73,92,93,94,83"/>
                    <segment id="733351016" length="2" startTrkptIdx="4015" segmentTime="0.73" speed="18.85" turnType="" turnAngle="" types="9,23,12,25,36,24,2,3,4" pointTypes="" names="0,0,91,82,73,92,93,94,83"/>
                    <segment id="733351017" length="11" startTrkptIdx="4016" segmentTime="34.50" speed="18.85" turnType="" turnAngle="" types="23,12,25,36,24,2,3,4" pointTypes=";;;;;;;;;;6" names="0,0,91,82,73,92,93,94,83"/>
                    <segment id="733351017" length="44" startTrkptIdx="4026" segmentTime="154.76" speed="18.85" turnType="" turnAngle="" types="23,12,25,36,24,2,3,4" pointTypes="6;6;8;;;;;;6;6;;5;;;5;6;;6;8;6;8;8;6;6;5;6;;;6;5;8;7;6;6;6;6;8;7;;7;6;;6;" names="0,0,91,82,73,92,93,94,83"/>
                    <segment id="518844994" length="37" startTrkptIdx="4069" segmentTime="117.42" speed="13.89" turnType="" turnAngle="" types="23,12,15,36,24,2,3,4" pointTypes=";;;6;6;6;;;;6;;;;;6;6;6;5;6;6;6;5;;;;;;;;;;;6;5;6;6;" names="0,0,91,82,73,92,93,94,83"/>
                    <segment id="92483240" length="2" startTrkptIdx="4105" segmentTime="2.19" speed="13.89" turnType="" turnAngle="" types="9,23,12,15,36,24,2,3,4" pointTypes="" names="0,0,91,82,73,92,93,94,83"/>
                    <segment id="92483216" length="57" startTrkptIdx="4106" segmentTime="118.40" speed="18.85" turnType="" turnAngle="" types="23,12,25,16,24,17,3,4" pointTypes=";;;;;;;;7;;8;5;6;6;;;;;;;;;;;;;;;;;;;6;6;;;;;;;;;;;;;;;;;;;;;;6;" names="0,0,91,82,73,92,93,94,83"/>
                    <segment id="92483216" length="110" startTrkptIdx="4162" segmentTime="244.17" speed="18.85" turnType="C" turnAngle="-0.31" types="23,12,25,16,24,17,3,4" pointTypes=";;;5;5;8;8;8;5;6;6;;;;;6;6;;6;;;;;;;;;;;;;;;;;;;;;;;;;;;;;;;;;;;;;;;;;;6;;;;6;6;;;;;6;;;;5;6;5;6;;6;;;;;;5;6;5;5;6;6;6;6;5;8;8;5;6;6;6;;;6;6;6;6;5;8;6;" names="0,0,91,82,73,92,93,94,83"/>
                    <segment id="92483216" length="122" startTrkptIdx="4271" segmentTime="258.66" speed="18.85" turnType="" turnAngle="" types="23,12,25,16,24,17,3,4" pointTypes=";;;;;;;;;;;6;;5;5;5;5;8;7;;;7;7;7;14;;;;;7;7;8;5;6;;;;;;;;;;;;;;;;;;;;;;;;;;;;5;;;;6;;;;;6;6;6;;;6;5;7;;;8;8;8;7;;14;14;14;7;7;7;7;7;;;;;;;;;;;;6;6;8;8;8;8;8;8;8;8;7;;14;14;;7;;7" names="0,0,91,82,73,92,93,94,83"/>
                    <segment id="152857294" length="15" startTrkptIdx="4392" segmentTime="23.65" speed="18.85" turnType="" turnAngle="" types="23,12,35,25,16,24,17,3,4" pointTypes=";5;6;6;;5;;;6;5;5;;;;6" names="0,0,91,82,73,92,93,94,83"/>
                    <segment id="447782570" length="2" startTrkptIdx="4406" segmentTime="7.23" speed="13.89" turnType="TL" turnAngle="-89.22" types="55,12,35,15,36,2" pointTypes="6;" names="0"/>
                    <segment id="92475544" length="7" startTrkptIdx="4407" segmentTime="29.82" speed="13.89" turnType="TR" turnAngle="89.96" types="55,12,35,15,36,2" pointTypes=";;;;6;6;5" names="0"/>
                    <segment id="443533896" length="2" startTrkptIdx="4413" segmentTime="2.61" speed="13.89" turnType="" turnAngle="" types="23,35,15,24,17,3,4" pointTypes=";5" names="0,0,91,82,73,92,93,94,83"/>
                    <segment id="27636369" length="2" startTrkptIdx="4414" segmentTime="11.20" speed="13.89" turnType="" turnAngle="" types="9,23,12,15,36,24,2,3,4" pointTypes="" names="0,0,91,82,73,92,93,94,83"/>
                    <segment id="242416471" length="9" startTrkptIdx="4415" segmentTime="12.18" speed="13.89" turnType="" turnAngle="" types="23,12,15,18,16,24,17,3,4" pointTypes=";;;;;;;;" names="0,0,91,82,73,92,93,94,83"/>
                    <segment id="242416471" length="7" startTrkptIdx="4423" segmentTime="12.39" speed="13.89" turnType="C" turnAngle="" types="23,12,15,18,16,24,17,3,4" pointTypes=";;;;;;" names="0,0,91,82,73,92,93,94,83"/>
                    <segment id="242416471" length="2" startTrkptIdx="4429" segmentTime="0.52" speed="13.89" turnType="" turnAngle="" types="23,12,15,18,16,24,17,3,4" pointTypes=";" names="0,0,91,82,73,92,93,94,83"/>
                    <segment id="1114710911" length="218" startTrkptIdx="4430" segmentTime="322.01" speed="18.56" turnType="" turnAngle="" types="23,12,25,18,16,24,17,3,4" pointTypes=";;;;6;6;;;;;;;;;;;;;;;;;;;;;;;;;;;;;;;;;;;;6;;;;;;;;;;;;;;;;;;;;;;;;;;;;;;;;;;;;;;;;;;;6;;;;;;;;;6;5;6;6;6;6;;;;;;6;5;;6;6;;;;;;;;;;;;;;;;;;;;;;;6;8;8;7;6;;;;;;;6;6;5;5;5;5;5;5;8;6;8;6;5;6;6;6;;6;;;;;;;;;;;;;;;;;27,41,26;;;;;;;;;;;;;6;8;8;8;14;;14;7;8;8;6;;;;;;;;;;;;;;;;;;" names="0,0,91,82,73,92,93,94,83"/>
                    <segment id="1114710910" length="2" startTrkptIdx="4647" segmentTime="2.92" speed="18.85" turnType="" turnAngle="" types="23,12,25,18,16,24,17,3,4" pointTypes=";" names="0,0,91,82,73,92,93,94,83"/>
                    <segment id="1114710909" length="3" startTrkptIdx="4648" segmentTime="3.49" speed="18.85" turnType="" turnAngle="" types="23,12,25,18,16,24,17,3,4" pointTypes=";;" names="0,0,91,82,73,92,93,94,83"/>
                    <segment id="1114710908" length="2" startTrkptIdx="4650" segmentTime="3.31" speed="18.85" turnType="" turnAngle="" types="23,12,25,18,16,24,17,3,4" pointTypes=";" names="0,0,91,82,73,92,93,94,83"/>
                    <segment id="1468586458" length="111" startTrkptIdx="4651" segmentTime="185.83" speed="18.85" turnType="" turnAngle="" types="23,12,25,18,16,24,17,3,4" pointTypes=";6;6;5;5;5;8;8;5;6;6;;;;;;;;;;;;;;;;;;;;;;;;;;;;;;;;;;;;;;;;;;;;;;;;;;;;;;;;;;;;;;6;8;5;8;7;;8;8;8;5;;;6;;;;;6;6;6;;;6;6;5;6;6;;;;;;;;;;;;" names="0,0,91,82,73,92,93,94,83"/>
                    <segment id="1468586458" length="15" startTrkptIdx="4761" segmentTime="45.38" speed="18.85" turnType="" turnAngle="" types="23,12,25,18,16,24,17,3,4" pointTypes=";;;;;;;;6;8;8;8;8;7;14" names="0,0,91,82,73,92,93,94,83"/>
                    <segment id="1468586457" length="3" startTrkptIdx="4775" segmentTime="3.32" speed="18.85" turnType="" turnAngle="" types="23,12,25,18,16,24,17,3,4" pointTypes=";;27,41,26" names="0,0,91,82,73,92,93,94,83"/>
                    <segment id="808608396" length="265" startTrkptIdx="4777" segmentTime="398.79" speed="18.62" turnType="" turnAngle="" types="23,12,25,18,16,24,17,3,4" pointTypes="27,41,26;7;;7;7;7;7;7;8;8;5;;5;5;5;6;5;7;5;6;5;6;;;;;;;;6;8;7;7;7;7;;;7;;;7;7;7;8;7;;7;;14;7;8;6;6;8;7;7;8;;;14;;14;;;8;6;5;7;7;7;7;7;;14;14;14;14;;;7;8;8;8;8;7;5;8;7;;;;;;;;;;;;;;;;;;;;;;;;;;;;;;;;;;;;;;;;;;;;;;;;;;;;;5;8;5;5;8;7;8;8;8;8;5;;;;;;;;;;;;;;;;;;;;;;;;;;6;;;;;;;;;;;;;;;;;;;;;;6;6;6;5;7;7;;;6;;;;;;;;;;;;;;6;;6;5;5;8;7;8;5;6;6;;;;;;;;;;;;;;5;7;7;;7;5;6;6;;;;;;;;;;;;;" names="0,0,91,82,73,92,93,94,83"/>
                    <segment id="808608396" length="20" startTrkptIdx="5041" segmentTime="31.14" speed="18.85" turnType="" turnAngle="" types="23,12,25,18,16,24,17,3,4" pointTypes=";8;7;8;8;5;6;8;7;7;;14;14;;14;14;14;;7;8" names="0,0,91,82,73,92,93,94,83"/>
                    <segment id="25756290" length="48" startTrkptIdx="5060" segmentTime="96.38" speed="17.65" turnType="" turnAngle="" types="23,12,16,17,3,4" pointTypes=";6;;;;;;;;;;;;;;;6;;;;;;;;;6;;;6;6;;6;6;6;6;6;6;6;;;;;;;;;;" names="0,0,96,97,98,99"/>
                    <segment id="377569080" length="82" startTrkptIdx="5107" segmentTime="251.03" speed="17.65" turnType="" turnAngle="" types="23,12,16,17,3,4" pointTypes=";;;;;8;7;8;8;6;8;8;8;5;8;8;8;5;6;;6;6;;;;;;;;;;;;;;;;;;;;;;;;;;6;8;7;5;5;6;6;5;5;5;8;8;8;6;;;;;6;6;;;;;;5;5;8;7;8;6;7;8;;" names="0,0,96,97,98,99"/>
                    <segment id="377569080" length="172" startTrkptIdx="5188" segmentTime="276.06" speed="17.65" turnType="" turnAngle="" types="23,12,16,17,3,4" pointTypes=";;;;;;;5;5;5;8;7;7;7;7;;7;;8;5;6;6;;;;;;;;;;;;;;;;;;;6;;8;14;;;14;14;14;14;7;;6;8;8;8;7;;;;7;8;5;8;14;14;;;14;14;;7;8;5;6;;;;;;;;;;;;;;;;;;;;6;6;6;;6;7;7;;;;14;14;;;;;;14;;;;;;;7;7;8;8;7;7;8;5;5;5;;;8;8;8;8;8;6;6;5;8;7;7;8;7;;7;7;7;7;7;8;5;5;5;5;5;5;8;7;8;8;5;6;;;;;;;;;;" names="0,0,96,97,98,99"/>
                    <segment id="1364569937" length="2" startTrkptIdx="5359" segmentTime="4.02" speed="17.65" turnType="" turnAngle="" types="23,12,16,17,3,4" pointTypes=";" names="0,0,96,97,98,99"/>
                    <segment id="1364569939" length="4" startTrkptIdx="5360" segmentTime="3.37" speed="17.65" turnType="" turnAngle="" types="23,12,16,17,3,4" pointTypes=";;;" names="0,0,96,97,98,99"/>
                    <segment id="1446187725" length="35" startTrkptIdx="5363" segmentTime="50.34" speed="17.65" turnType="" turnAngle="" types="23,12,16,17,3,4" pointTypes=";;;;;;;;;;;;6;6;5;6;6;5;8;5;5;5;8;8;8;5;6;5;;;;;;;" names="0,0,96,97,98,99"/>
                    <segment id="1446187724" length="6" startTrkptIdx="5397" segmentTime="3.36" speed="17.65" turnType="" turnAngle="" types="23,12,16,17,3,4" pointTypes=";;;;;" names="0,0,96,97,98,99"/>
                    <segment id="1364569938" length="110" startTrkptIdx="5402" segmentTime="137.12" speed="17.65" turnType="" turnAngle="" types="23,12,16,17,3,4" pointTypes=";;;;6;5;5;5;5;8;7;7;5;;;6;5;;;6;6;;;;;;;;;;;;;;;;;;;;;;;;;;;;;;;;;;;;;;;;;;6;;;;;;;;;;;;;;5;5;5;6;6;5;5;5;5;8;7;;7;8;8;8;8;7;7;7;7;5;5;8;7;8;;;;;;5;5;8" names="0,0,96,97,98,99"/>
                    <segment id="1446187723" length="3" startTrkptIdx="5511" segmentTime="3.01" speed="17.65" turnType="" turnAngle="" types="23,12,16,17,3,4" pointTypes=";8;7" names="0,0,96,97,98,99"/>
                    <segment id="1446187722" length="19" startTrkptIdx="5513" segmentTime="16.70" speed="17.65" turnType="" turnAngle="" types="23,12,16,17,3,4" pointTypes=";5;5;5;6;;;;;;;;;;;;" names="0,0,96,97,98,99"/>
                    <segment id="529332389" length="244" startTrkptIdx="5531" segmentTime="441.89" speed="17.65" turnType="" turnAngle="" types="23,12,16,17,3,4" pointTypes=";;5;8;7;;;7;8;7;7;;7;5;5;7;7;;14;14;;14;14;14;7;5;6;6;;6;6;;;;6;5;6;5;6;;;;;;;6;6;6;;;6;6;;;;6;;;;;;;;5;6;;;;;;;;;;;;;;;;;6;5;7;;7;14;14;7;5;6;5;;;;;;;6;5;5;8;7;;8;7;14;7;8;8;6;6;;;5;5;6;5;8;;;7;5;;6;;6;5;;7;14;14;14;;8;;;;6;;;8;7;8;7;;8;;;;5;6;8;8;5;5;6;;;;;;;;;;;;;;;;;;;;;;;;6;6;;;6;;;;6;5;8;7;;14;8;;;;;;;;;;;;;;;;;;6;;;;;;;5;8;7;;;14;;14;;;;14;14;;;;14;;;;;;;;" names="0,0,96,97,98,99"/>
                    <segment id="529332386" length="2" startTrkptIdx="5774" segmentTime="2.61" speed="17.65" turnType="" turnAngle="" types="9,23,12,36,2,3,4" pointTypes="" names="0,0,96,97,98,99"/>
                    <segment id="206007626" length="154" startTrkptIdx="5775" segmentTime="266.14" speed="17.65" turnType="" turnAngle="" types="23,12,16,17,3,4" pointTypes=";;;;;;;;;;;;;;6;6;;;;;;6;;;;;;;;7;;7;8;8;5;6;6;8;5;5;;;;;;;;;;;;6;6;;6;6;;;;;;;;;;;;;;;6;;5;8;5;5;6;6;5;6;;;;;;;;;;;;;;;;;;;;;;;;;;;;;;;6;;6;8;7;;;14;;8;6;;5;5;6;;;;;;;;;;;8;7;;8;5;5;8;8;5;5;6;6" names="0,0,96,97,98,99"/>
                    <segment id="52302394" length="2" startTrkptIdx="5928" segmentTime="9.39" speed="17.65" turnType="" turnAngle="" types="9,23,12,36,2,3,4" pointTypes="" names="0,0,96,97,98,99"/>
                    <segment id="52302358" length="66" startTrkptIdx="5929" segmentTime="179.46" speed="13.89" turnType="" turnAngle="" types="23,12,15,18,16,17,3,4" pointTypes=";;;;;;;;;;;;;;;;;;;;;;;;;;;;;;;;6;;;;6;5;5;7;;;7;5;8;6;6;6;;;;;;;;;;;;;;;;;;" names="0,0,96,97,98,99"/>
                    <segment id="52302358" length="92" startTrkptIdx="5994" segmentTime="287.75" speed="13.89" turnType="" turnAngle="" types="23,12,15,18,16,17,3,4" pointTypes=";;;;;8;7;8;8;5;6;6;;;;;6;8;8;;;;;;;;;;;;;;;;;;;;;6;8;7;;7;;;6;6;;;;;;;;;;;;;;;;6;6;;6;6;6;6;8;;7;;;;7;7;8;;7;7;7;7;8;8;8;5;6;;;5" names="0,0,96,97,98,99"/>
                    <segment id="322495997" length="2" startTrkptIdx="6085" segmentTime="1.78" speed="17.65" turnType="" turnAngle="" types="23,12,36,2,3,4" pointTypes=";" names="0,0,96,97,98,99"/>
                    <segment id="645015825" length="4" startTrkptIdx="6086" segmentTime="4.25" speed="17.65" turnType="KR" turnAngle="44.98" types="57,50,37,16,17" pointTypes=";8;7;" names="0"/>
                    <segment id="182188233" length="4" startTrkptIdx="6089" segmentTime="20.21" speed="17.65" turnType="TL" turnAngle="-114.29" types="23,12,36,2,3,4" pointTypes=";;6;6" names="0,0,100,101"/>
                    <segment id="182188233" length="95" startTrkptIdx="6092" segmentTime="408.39" speed="17.65" turnType="" turnAngle="" types="23,12,36,2,3,4" pointTypes="6;6;;;;;;;;;;;;;;;6;;;6;;;;;;;;;;;;6;;6;6;;;;;6;6;;6;;;;;;;;;;;;;;;;;;;;;;;;;6;;;;;6;5;6;;;;;;;;6;;;5;;;;;;;;;" names="0,0,100,101"/>
                    <segment id="1114698686" length="2" startTrkptIdx="6186" segmentTime="6.03" speed="17.65" turnType="" turnAngle="" types="23,58,59,36,2,3,4" pointTypes=";" names="0,0,100,101"/>
                    <segment id="1114698687" length="2" startTrkptIdx="6187" segmentTime="1.54" speed="17.65" turnType="" turnAngle="" types="23,12,36,2,3,4" pointTypes=";" names="0,0,100,101"/>
                    <segment id="1114698688" length="2" startTrkptIdx="6188" segmentTime="2.34" speed="17.65" turnType="" turnAngle="" types="23,12,36,2,3,4" pointTypes="" names="0,0,100,101"/>
                    <segment id="1114698689" length="2" startTrkptIdx="6189" segmentTime="4.81" speed="17.65" turnType="" turnAngle="" types="23,58,59,36,2,3,4" pointTypes=";" names="0,0,100,101"/>
                    <segment id="1114698690" length="13" startTrkptIdx="6190" segmentTime="74.22" speed="17.65" turnType="" turnAngle="" types="23,12,36,2,3,4" pointTypes=";;;;;;;;;;;6;" names="0,0,100,101"/>
                    <segment id="182188237" length="66" startTrkptIdx="6202" segmentTime="412.68" speed="17.65" turnType="" turnAngle="" types="23,12,36,2,3,4" pointTypes="6;;;;;;;;5;5;6;;;;;;;;;6;;;;;;;;6;;;;;;;;;6;;;;;;;;;6;8;;8;8;;;;;;;;;;;;;;;;" names="0,0,100,101"/>
                    <segment id="150330596" length="25" startTrkptIdx="6267" segmentTime="80.25" speed="17.65" turnType="" turnAngle="" types="23,12,36,2,3,4" pointTypes=";;;;;;;6;;;;;;;;6;6;6;6;;;;;;" names="0,0,100,101"/>
                    <segment id="150330594" length="3" startTrkptIdx="6291" segmentTime="2.49" speed="17.65" turnType="" turnAngle="" types="9,23,12,36,2,3,4" pointTypes="" names="0,0,100,101"/>
                    <segment id="674361246" length="5" startTrkptIdx="6293" segmentTime="6.87" speed="17.65" turnType="" turnAngle="" types="23,12,36,2,3,4" pointTypes=";6;" names="0,0,100,101"/>
                    <segment id="591205153" length="15" startTrkptIdx="6297" segmentTime="24.64" speed="11.11" turnType="TL" turnAngle="-100.10" types="23,12,53,36,2" pointTypes="5;6;6;5;5;5;8;8;7;7;14;;;;" names="0"/>
                    <segment id="150320298" length="9" startTrkptIdx="6311" segmentTime="22.84" speed="13.89" turnType="" turnAngle="" types="23,12,15,36,2" pointTypes=";;7;5;5;5;5;5;60,61" names="0"/>
                    <segment id="857637600" length="5" startTrkptIdx="6319" segmentTime="28.40" speed="4.11" turnType="TR" turnAngle="88.78" types="23,12,35,15,36,2,3,4" pointTypes="60,61;5;14;;14" names="0,63,102,103"/>
                    <segment id="735016176" length="4" startTrkptIdx="6323" segmentTime="8.73" speed="13.89" turnType="TL" turnAngle="-57.77" types="23,12,35,15,13,2,3,4" pointTypes="6;6;6;" names="0,63,102,103"/>
                    <segment id="150320292" length="5" startTrkptIdx="6326" segmentTime="9.95" speed="13.89" turnType="TR" turnAngle="63.91" types="23,12,35,15,37,13,2,3,4" pointTypes=";14;;;" names="0,63,102,103"/>
                    <segment id="150316161" length="4" startTrkptIdx="6330" segmentTime="5.24" speed="13.89" turnType="TL" turnAngle="-92.62" types="28,12,35,15,13,2" pointTypes=";;;" names="62"/>
                </osmand:route>
                <osmand:types>
                    <type t="highway" v="tertiary"/>
                    <type t="surface" v="fine_gravel"/>
                    <type t="osmand_highway_integrity_brouting" v="1"/>
                    <type t="route_road_1_shield_color" v="green"/>
                    <type t="road_shield_color_1" v="green"/>
                    <type t="osmand_ele_decline_3" v="1"/>
                    <type t="osmand_ele_decline_1" v="1"/>
                    <type t="osmand_ele_decline_7" v="1"/>
                    <type t="osmand_ele_decline_5" v="1"/>
                    <type t="bridge" v="yes"/>
                    <type t="maxweight" v="10"/>
                    <type t="surface" v="wood"/>
                    <type t="lanes" v="2"/>
                    <type t="surface" v="concrete"/>
                    <type t="osmand_ele_decline_11" v="1"/>
                    <type t="maxspeed" v="50"/>
                    <type t="surface" v="asphalt"/>
                    <type t="osmand_highway_integrity_brouting" v="0"/>
                    <type t="oneway" v="no"/>
                    <type t="direction" v="backward"/>
                    <type t="highway" v="give_way"/>
                    <type t="surface" v="unpaved"/>
                    <type t="osmand_highway_integrity_brouting" v="4"/>
                    <type t="highway" v="primary"/>
                    <type t="route_road_1_network" v="cl:regional"/>
                    <type t="maxspeed" v="70"/>
                    <type t="highway" v="crossing"/>
                    <type t="crossing" v="uncontrolled"/>
                    <type t="highway" v="residential"/>
                    <type t="lit" v="no"/>
                    <type t="sidewalk" v="no"/>
                    <type t="smoothness" v="good"/>
                    <type t="highway" v="unclassified"/>
                    <type t="osmand_highway_integrity_brouting" v="-1"/>
                    <type t="highway" v="passing_place"/>
                    <type t="lit" v="yes"/>
                    <type t="surface" v="paved"/>
                    <type t="oneway" v="yes"/>
                    <type t="hgv" v="no"/>
                    <type t="traffic_calming" v="hump"/>
                    <type t="route_road_1_network" v="cl:national"/>
                    <type t="crossing:markings" v="zebra"/>
                    <type t="lanes" v="4"/>
                    <type t="foot" v="no"/>
                    <type t="junction" v="roundabout"/>
                    <type t="maxspeed:backward" v="60"/>
                    <type t="maxspeed" v="60"/>
                    <type t="maxspeed:forward" v="70"/>
                    <type t="maxspeed:backward" v="50"/>
                    <type t="maxspeed:forward" v="60"/>
                    <type t="lanes" v="1"/>
                    <type t="highway" v="track"/>
                    <type t="osmand_highway_integrity_brouting" v="3"/>
                    <type t="maxspeed" v="40"/>
                    <type t="maxspeed" v="30"/>
                    <type t="highway" v="secondary"/>
                    <type t="highway" v="stop"/>
                    <type t="highway" v="primary_link"/>
                    <type t="lanes" v="3"/>
                    <type t="lanes:backward" v="1"/>
                    <type t="highway" v="traffic_signals"/>
                    <type t="traffic_signals:direction" v="both"/>
                    <type t="name" v="Almagro"/>
                    <type t="ref" v="S-40"/>
                    <type t="road_ref_1" v="P-300"/>
                    <type t="route_road_1_ref" v="P-300"/>
                    <type t="road_ref_1" v="P-340"/>
                    <type t="route_road_1_ref" v="P-340"/>
                    <type t="road_ref_1" v="P-348"/>
                    <type t="route_road_1_ref" v="P-348"/>
                    <type t="road_ref_1" v="P-364"/>
                    <type t="route_road_1_ref" v="P-364"/>
                    <type t="road_name_1" v="Ruta P-40"/>
                    <type t="road_network_1" v="cl:regional"/>
                    <type t="road_ref_1" v="P-40"/>
                    <type t="route_road_1_name" v="Ruta P-40"/>
                    <type t="route_road_1_ref" v="P-40"/>
                    <type t="road_name_1" v="Ruta 160"/>
                    <type t="road_network_1" v="cl:national"/>
                    <type t="road_ref_1" v="160"/>
                    <type t="route_road_1_name" v="Ruta 160"/>
                    <type t="route_road_1_ref" v="160"/>
                    <type t="road_name_2" v="Ruta Costera"/>
                    <type t="route_road_2_name" v="Ruta Costera"/>
                    <type t="road_name_1" v="Cruce Ruta 160 (Tres Pinos) - Contulmo - Cruce R-86 (Los Sauces), Sector: Tres Pinos - Límite Regional"/>
                    <type t="road_ref_1" v="P-60-R"/>
                    <type t="route_road_1_name" v="Cruce Ruta 160 (Tres Pinos) - Contulmo - Cruce R-86 (Los Sauces), Sector: Tres Pinos - Límite Regional"/>
                    <type t="route_road_1_ref" v="P-60-R"/>
                    <type t="road_ref_1" v="P-500"/>
                    <type t="route_road_1_ref" v="P-500"/>
                    <type t="bridge:name" v="Puente Leiva"/>
                    <type t="road_name_1" v="Ruta P-72-S"/>
                    <type t="road_ref_1" v="P-72-S"/>
                    <type t="route_road_1_name" v="Ruta P-72-S"/>
                    <type t="route_road_1_ref" v="P-72-S"/>
                    <type t="bridge:name" v="Puente Lleulleu"/>
                    <type t="road_name_1" v="Ruta Costera"/>
                    <type t="road_ref_1" v="S-138"/>
                    <type t="route_road_1_name" v="Ruta Costera"/>
                    <type t="route_road_1_ref" v="S-138"/>
                    <type t="road_ref_1" v="S-36"/>
                    <type t="route_road_1_ref" v="S-36"/>
                    <type t="road_ref_1" v="S-40"/>
                    <type t="route_road_1_ref" v="S-40"/>
                </osmand:types>
            </extensions>
        </trkseg>
    </trk>
    <extensions>
        <osmand:points_groups>
            <group name=""/>
        </osmand:points_groups>
    </extensions>
</gpx>
