<?xml version="1.0" encoding="UTF-8" standalone="yes"?>
<gpx version="1.1" creator="OsmAndRouterV2" xmlns="http://www.topografix.com/GPX/1/1" xmlns:osmand="https://osmand.net/docs/technical/osmand-file-formats/osmand-gpx" xmlns:gpxtpx="https://www8.garmin.com/xmlschemas/TrackPointExtensionv1.xsd" xmlns:xsi="http://www.w3.org/2001/XMLSchema-instance" xsi:schemaLocation="http://www.topografix.com/GPX/1/1 https://www.topografix.com/GPX/1/1/gpx.xsd">
    <metadata>
        <name>_2026-05-14_</name>
    </metadata>
    <wpt lat="-40.156879" lon="-71.3525589">
        <name>San Martín de los Andes</name>
        <desc>San Martín de los Andes</desc>
    </wpt>
    <trk>
        <name>2026-05-14_19-46_Thu</name>
        <trkseg>
            <trkpt lat="-40.024939" lon="-71.7218555">
                <ele>608.2</ele>
                <extensions>
                    <osmand:speed>16.4</osmand:speed>
                </extensions>
            </trkpt>
            <trkpt lat="-40.0249485" lon="-71.7226472">
                <ele>609</ele>
                <extensions>
                    <osmand:speed>8.3</osmand:speed>
                </extensions>
            </trkpt>
            <trkpt lat="-40.0250327" lon="-71.7226365">
                <ele>609</ele>
                <extensions>
                    <osmand:speed>8.3</osmand:speed>
                </extensions>
            </trkpt>
            <trkpt lat="-40.0250594" lon="-71.7226285">
                <ele>609.2</ele>
                <extensions>
                    <osmand:speed>8.3</osmand:speed>
                </extensions>
            </trkpt>
            <trkpt lat="-40.0250861" lon="-71.7226151">
                <ele>609.5</ele>
                <extensions>
                    <osmand:speed>8.3</osmand:speed>
                </extensions>
            </trkpt>
            <trkpt lat="-40.0251087" lon="-71.7225936">
                <ele>609.8</ele>
                <extensions>
                    <osmand:speed>8.3</osmand:speed>
                </extensions>
            </trkpt>
            <trkpt lat="-40.0251313" lon="-71.7225614">
                <ele>610</ele>
                <extensions>
                    <osmand:speed>8.3</osmand:speed>
                </extensions>
            </trkpt>
            <trkpt lat="-40.0251457" lon="-71.7225239">
                <ele>610.2</ele>
                <extensions>
                    <osmand:speed>8.3</osmand:speed>
                </extensions>
            </trkpt>
            <trkpt lat="-40.0251518" lon="-71.722481">
                <ele>610.1</ele>
                <extensions>
                    <osmand:speed>8.3</osmand:speed>
                </extensions>
            </trkpt>
            <trkpt lat="-40.0251518" lon="-71.722438">
                <ele>610</ele>
                <extensions>
                    <osmand:speed>8.3</osmand:speed>
                </extensions>
            </trkpt>
            <trkpt lat="-40.025119" lon="-71.7216173">
                <ele>608</ele>
                <extensions>
                    <osmand:speed>8.3</osmand:speed>
                </extensions>
            </trkpt>
            <trkpt lat="-40.0251169" lon="-71.7215529">
                <ele>607.8</ele>
                <extensions>
                    <osmand:speed>8.3</osmand:speed>
                </extensions>
            </trkpt>
            <trkpt lat="-40.0251231" lon="-71.7214885">
                <ele>607.5</ele>
                <extensions>
                    <osmand:speed>8.3</osmand:speed>
                </extensions>
            </trkpt>
            <trkpt lat="-40.0251333" lon="-71.7214188">
                <ele>607.2</ele>
                <extensions>
                    <osmand:speed>8.3</osmand:speed>
                </extensions>
            </trkpt>
            <trkpt lat="-40.0251539" lon="-71.7213517">
                <ele>607</ele>
                <extensions>
                    <osmand:speed>8.3</osmand:speed>
                </extensions>
            </trkpt>
            <trkpt lat="-40.0253367" lon="-71.7211398">
                <ele>606.2</ele>
                <extensions>
                    <osmand:speed>8.3</osmand:speed>
                </extensions>
            </trkpt>
            <trkpt lat="-40.0260946" lon="-71.7202869">
                <ele>605</ele>
                <extensions>
                    <osmand:speed>8.3</osmand:speed>
                </extensions>
            </trkpt>
            <trkpt lat="-40.0274871" lon="-71.71875">
                <ele>610</ele>
                <extensions>
                    <osmand:speed>8.3</osmand:speed>
                </extensions>
            </trkpt>
            <trkpt lat="-40.0278917" lon="-71.7182913">
                <ele>611</ele>
                <extensions>
                    <osmand:speed>8.3</osmand:speed>
                </extensions>
            </trkpt>
            <trkpt lat="-40.0283908" lon="-71.71772">
                <ele>611.4</ele>
                <extensions>
                    <osmand:speed>8.3</osmand:speed>
                </extensions>
            </trkpt>
            <trkpt lat="-40.0285325" lon="-71.7175725">
                <ele>611.5</ele>
                <extensions>
                    <osmand:speed>8.3</osmand:speed>
                </extensions>
            </trkpt>
            <trkpt lat="-40.0286783" lon="-71.7174304">
                <ele>612</ele>
                <extensions>
                    <osmand:speed>8.3</osmand:speed>
                </extensions>
            </trkpt>
            <trkpt lat="-40.0288242" lon="-71.7172936">
                <ele>612.5</ele>
                <extensions>
                    <osmand:speed>8.3</osmand:speed>
                </extensions>
            </trkpt>
            <trkpt lat="-40.0289885" lon="-71.7171487">
                <ele>613</ele>
                <extensions>
                    <osmand:speed>8.3</osmand:speed>
                </extensions>
            </trkpt>
            <trkpt lat="-40.0291548" lon="-71.7170146">
                <ele>613.2</ele>
                <extensions>
                    <osmand:speed>8.3</osmand:speed>
                </extensions>
            </trkpt>
            <trkpt lat="-40.0293253" lon="-71.7168859">
                <ele>614</ele>
                <extensions>
                    <osmand:speed>8.3</osmand:speed>
                </extensions>
            </trkpt>
            <trkpt lat="-40.0302762" lon="-71.7162287">
                <ele>620</ele>
                <extensions>
                    <osmand:speed>13.9</osmand:speed>
                </extensions>
            </trkpt>
            <trkpt lat="-40.0315372" lon="-71.7153543">
                <ele>621.5</ele>
                <extensions>
                    <osmand:speed>13.9</osmand:speed>
                </extensions>
            </trkpt>
            <trkpt lat="-40.0333506" lon="-71.7140776">
                <extensions>
                    <osmand:speed>16.4</osmand:speed>
                </extensions>
            </trkpt>
            <trkpt lat="-40.0339195" lon="-71.7136672">
                <ele>609</ele>
                <extensions>
                    <osmand:speed>16.4</osmand:speed>
                </extensions>
            </trkpt>
            <trkpt lat="-40.0339955" lon="-71.7136189">
                <ele>610</ele>
                <extensions>
                    <osmand:speed>16.4</osmand:speed>
                </extensions>
            </trkpt>
            <trkpt lat="-40.0340715" lon="-71.713576">
                <ele>611</ele>
                <extensions>
                    <osmand:speed>16.4</osmand:speed>
                </extensions>
            </trkpt>
            <trkpt lat="-40.0341516" lon="-71.7135438">
                <ele>611.8</ele>
                <extensions>
                    <osmand:speed>16.4</osmand:speed>
                </extensions>
            </trkpt>
            <trkpt lat="-40.0342337" lon="-71.7135224">
                <ele>612.5</ele>
                <extensions>
                    <osmand:speed>16.4</osmand:speed>
                </extensions>
            </trkpt>
            <trkpt lat="-40.0343159" lon="-71.713509">
                <ele>613.2</ele>
                <extensions>
                    <osmand:speed>16.4</osmand:speed>
                </extensions>
            </trkpt>
            <trkpt lat="-40.0344083" lon="-71.7135036">
                <ele>614.2</ele>
                <extensions>
                    <osmand:speed>16.4</osmand:speed>
                </extensions>
            </trkpt>
            <trkpt lat="-40.0345007" lon="-71.7135143">
                <ele>615.2</ele>
                <extensions>
                    <osmand:speed>16.4</osmand:speed>
                </extensions>
            </trkpt>
            <trkpt lat="-40.0345931" lon="-71.7135358">
                <ele>616</ele>
                <extensions>
                    <osmand:speed>16.4</osmand:speed>
                </extensions>
            </trkpt>
            <trkpt lat="-40.0346814" lon="-71.713568">
                <ele>616.5</ele>
                <extensions>
                    <osmand:speed>16.4</osmand:speed>
                </extensions>
            </trkpt>
            <trkpt lat="-40.0347677" lon="-71.7136136">
                <ele>616.9</ele>
                <extensions>
                    <osmand:speed>16.4</osmand:speed>
                </extensions>
            </trkpt>
            <trkpt lat="-40.0370492" lon="-71.715062">
                <ele>628.5</ele>
                <extensions>
                    <osmand:speed>16.4</osmand:speed>
                </extensions>
            </trkpt>
            <trkpt lat="-40.0393636" lon="-71.7164782">
                <ele>638</ele>
                <extensions>
                    <osmand:speed>16.4</osmand:speed>
                </extensions>
            </trkpt>
            <trkpt lat="-40.0413739" lon="-71.7177764">
                <ele>652.2</ele>
                <extensions>
                    <osmand:speed>16.4</osmand:speed>
                </extensions>
            </trkpt>
            <trkpt lat="-40.0439325" lon="-71.7193776">
                <ele>650.5</ele>
                <extensions>
                    <osmand:speed>16.4</osmand:speed>
                </extensions>
            </trkpt>
            <trkpt lat="-40.0465443" lon="-71.7210808">
                <ele>621.2</ele>
                <extensions>
                    <osmand:speed>16.4</osmand:speed>
                </extensions>
            </trkpt>
            <trkpt lat="-40.0466798" lon="-71.721164">
                <ele>619.8</ele>
                <extensions>
                    <osmand:speed>16.4</osmand:speed>
                </extensions>
            </trkpt>
            <trkpt lat="-40.0468194" lon="-71.7212391">
                <ele>618.5</ele>
                <extensions>
                    <osmand:speed>16.4</osmand:speed>
                </extensions>
            </trkpt>
            <trkpt lat="-40.0469632" lon="-71.7213035">
                <ele>617.5</ele>
                <extensions>
                    <osmand:speed>16.4</osmand:speed>
                </extensions>
            </trkpt>
            <trkpt lat="-40.0471069" lon="-71.7213598">
                <ele>616.5</ele>
                <extensions>
                    <osmand:speed>16.4</osmand:speed>
                </extensions>
            </trkpt>
            <trkpt lat="-40.0472547" lon="-71.7214081">
                <ele>616.2</ele>
                <extensions>
                    <osmand:speed>16.4</osmand:speed>
                </extensions>
            </trkpt>
            <trkpt lat="-40.0474026" lon="-71.7214429">
                <ele>616.3</ele>
                <extensions>
                    <osmand:speed>16.4</osmand:speed>
                </extensions>
            </trkpt>
            <trkpt lat="-40.0475525" lon="-71.7214724">
                <ele>616.4</ele>
                <extensions>
                    <osmand:speed>16.4</osmand:speed>
                </extensions>
            </trkpt>
            <trkpt lat="-40.0477085" lon="-71.7214885">
                <ele>616.4</ele>
                <extensions>
                    <osmand:speed>16.4</osmand:speed>
                </extensions>
            </trkpt>
            <trkpt lat="-40.0478645" lon="-71.7214966">
                <ele>616.5</ele>
                <extensions>
                    <osmand:speed>16.4</osmand:speed>
                </extensions>
            </trkpt>
            <trkpt lat="-40.0480226" lon="-71.7214912">
                <ele>616.8</ele>
                <extensions>
                    <osmand:speed>16.4</osmand:speed>
                </extensions>
            </trkpt>
            <trkpt lat="-40.0481787" lon="-71.7214778">
                <ele>617</ele>
                <extensions>
                    <osmand:speed>16.4</osmand:speed>
                </extensions>
            </trkpt>
            <trkpt lat="-40.0483327" lon="-71.7214537">
                <ele>617.5</ele>
                <extensions>
                    <osmand:speed>16.4</osmand:speed>
                </extensions>
            </trkpt>
            <trkpt lat="-40.0484867" lon="-71.7214161">
                <ele>618</ele>
                <extensions>
                    <osmand:speed>16.4</osmand:speed>
                </extensions>
            </trkpt>
            <trkpt lat="-40.0486386" lon="-71.7213705">
                <ele>618.2</ele>
                <extensions>
                    <osmand:speed>16.4</osmand:speed>
                </extensions>
            </trkpt>
            <trkpt lat="-40.055418" lon="-71.7190021">
                <ele>611</ele>
                <extensions>
                    <osmand:speed>16.4</osmand:speed>
                </extensions>
            </trkpt>
            <trkpt lat="-40.0591483" lon="-71.7176691">
                <ele>619</ele>
                <extensions>
                    <osmand:speed>16.4</osmand:speed>
                </extensions>
            </trkpt>
            <trkpt lat="-40.0603636" lon="-71.7172453">
                <ele>625.5</ele>
                <extensions>
                    <osmand:speed>16.4</osmand:speed>
                </extensions>
            </trkpt>
            <trkpt lat="-40.0620941" lon="-71.7166874">
                <ele>623</ele>
                <extensions>
                    <osmand:speed>16.4</osmand:speed>
                </extensions>
            </trkpt>
            <trkpt lat="-40.0627367" lon="-71.7164835">
                <ele>625.2</ele>
                <extensions>
                    <osmand:speed>16.4</osmand:speed>
                </extensions>
            </trkpt>
            <trkpt lat="-40.0667334" lon="-71.7152604">
                <ele>617.2</ele>
                <extensions>
                    <osmand:speed>16.4</osmand:speed>
                </extensions>
            </trkpt>
            <trkpt lat="-40.0697097" lon="-71.7144156">
                <ele>616.5</ele>
                <extensions>
                    <osmand:speed>16.4</osmand:speed>
                </extensions>
            </trkpt>
            <trkpt lat="-40.0709987" lon="-71.7140695">
                <ele>618.5</ele>
                <extensions>
                    <osmand:speed>16.4</osmand:speed>
                </extensions>
            </trkpt>
            <trkpt lat="-40.0711013" lon="-71.7140374">
                <ele>618.8</ele>
                <extensions>
                    <osmand:speed>16.4</osmand:speed>
                </extensions>
            </trkpt>
            <trkpt lat="-40.071204" lon="-71.7139944">
                <ele>619</ele>
                <extensions>
                    <osmand:speed>16.4</osmand:speed>
                </extensions>
            </trkpt>
            <trkpt lat="-40.0713025" lon="-71.7139435">
                <ele>619.2</ele>
                <extensions>
                    <osmand:speed>16.4</osmand:speed>
                </extensions>
            </trkpt>
            <trkpt lat="-40.0713989" lon="-71.7138845">
                <ele>619.5</ele>
                <extensions>
                    <osmand:speed>16.4</osmand:speed>
                </extensions>
            </trkpt>
            <trkpt lat="-40.0714934" lon="-71.7138147">
                <ele>619.8</ele>
                <extensions>
                    <osmand:speed>16.4</osmand:speed>
                </extensions>
            </trkpt>
            <trkpt lat="-40.0715611" lon="-71.7137584">
                <ele>620</ele>
                <extensions>
                    <osmand:speed>16.4</osmand:speed>
                </extensions>
            </trkpt>
            <trkpt lat="-40.0716268" lon="-71.7136967">
                <ele>620.2</ele>
                <extensions>
                    <osmand:speed>16.4</osmand:speed>
                </extensions>
            </trkpt>
            <trkpt lat="-40.0716966" lon="-71.7136136">
                <ele>620.5</ele>
                <extensions>
                    <osmand:speed>16.4</osmand:speed>
                </extensions>
            </trkpt>
            <trkpt lat="-40.0718094" lon="-71.7134526">
                <ele>620</ele>
                <extensions>
                    <osmand:speed>16.4</osmand:speed>
                </extensions>
            </trkpt>
            <trkpt lat="-40.0721974" lon="-71.7129672">
                <ele>618</ele>
                <extensions>
                    <osmand:speed>16.4</osmand:speed>
                </extensions>
            </trkpt>
            <trkpt lat="-40.0725053" lon="-71.7125756">
                <ele>617</ele>
                <extensions>
                    <osmand:speed>16.4</osmand:speed>
                </extensions>
            </trkpt>
            <trkpt lat="-40.07269" lon="-71.7123529">
                <ele>618.2</ele>
                <extensions>
                    <osmand:speed>16.4</osmand:speed>
                </extensions>
            </trkpt>
            <trkpt lat="-40.0729055" lon="-71.7121303">
                <ele>619</ele>
                <extensions>
                    <osmand:speed>16.4</osmand:speed>
                </extensions>
            </trkpt>
            <trkpt lat="-40.0731477" lon="-71.711905">
                <ele>620.5</ele>
                <extensions>
                    <osmand:speed>16.4</osmand:speed>
                </extensions>
            </trkpt>
            <trkpt lat="-40.0733119" lon="-71.7117414">
                <ele>620.8</ele>
                <extensions>
                    <osmand:speed>16.4</osmand:speed>
                </extensions>
            </trkpt>
            <trkpt lat="-40.0734679" lon="-71.711567">
                <ele>621.2</ele>
                <extensions>
                    <osmand:speed>16.4</osmand:speed>
                </extensions>
            </trkpt>
            <trkpt lat="-40.0736095" lon="-71.7114007">
                <ele>621.4</ele>
                <extensions>
                    <osmand:speed>16.4</osmand:speed>
                </extensions>
            </trkpt>
            <trkpt lat="-40.073747" lon="-71.7112264">
                <ele>621.5</ele>
                <extensions>
                    <osmand:speed>16.4</osmand:speed>
                </extensions>
            </trkpt>
            <trkpt lat="-40.0738784" lon="-71.7110494">
                <ele>622.2</ele>
                <extensions>
                    <osmand:speed>16.4</osmand:speed>
                </extensions>
            </trkpt>
            <trkpt lat="-40.074059" lon="-71.7107973">
                <ele>623.8</ele>
                <extensions>
                    <osmand:speed>16.4</osmand:speed>
                </extensions>
            </trkpt>
            <trkpt lat="-40.0743484" lon="-71.7103118">
                <ele>626.8</ele>
                <extensions>
                    <osmand:speed>16.4</osmand:speed>
                </extensions>
            </trkpt>
            <trkpt lat="-40.0744736" lon="-71.7101321">
                <ele>628.2</ele>
                <extensions>
                    <osmand:speed>16.4</osmand:speed>
                </extensions>
            </trkpt>
            <trkpt lat="-40.0745865" lon="-71.7099926">
                <ele>629</ele>
                <extensions>
                    <osmand:speed>16.4</osmand:speed>
                </extensions>
            </trkpt>
            <trkpt lat="-40.0747035" lon="-71.7098638">
                <ele>630</ele>
                <extensions>
                    <osmand:speed>16.4</osmand:speed>
                </extensions>
            </trkpt>
            <trkpt lat="-40.0748245" lon="-71.7097405">
                <ele>631</ele>
                <extensions>
                    <osmand:speed>16.4</osmand:speed>
                </extensions>
            </trkpt>
            <trkpt lat="-40.0749518" lon="-71.7096251">
                <ele>632</ele>
                <extensions>
                    <osmand:speed>16.4</osmand:speed>
                </extensions>
            </trkpt>
            <trkpt lat="-40.0750914" lon="-71.7095125">
                <ele>633.5</ele>
                <extensions>
                    <osmand:speed>16.4</osmand:speed>
                </extensions>
            </trkpt>
            <trkpt lat="-40.0752391" lon="-71.7094079">
                <ele>634.2</ele>
                <extensions>
                    <osmand:speed>16.4</osmand:speed>
                </extensions>
            </trkpt>
            <trkpt lat="-40.075389" lon="-71.709314">
                <ele>634</ele>
                <extensions>
                    <osmand:speed>16.4</osmand:speed>
                </extensions>
            </trkpt>
            <trkpt lat="-40.0774393" lon="-71.7081285">
                <ele>638.8</ele>
                <extensions>
                    <osmand:speed>16.4</osmand:speed>
                </extensions>
            </trkpt>
            <trkpt lat="-40.0789129" lon="-71.7073506">
                <ele>642.2</ele>
                <extensions>
                    <osmand:speed>16.4</osmand:speed>
                </extensions>
            </trkpt>
            <trkpt lat="-40.0798467" lon="-71.7068598">
                <ele>634</ele>
                <extensions>
                    <osmand:speed>16.4</osmand:speed>
                </extensions>
            </trkpt>
            <trkpt lat="-40.0807415" lon="-71.706385">
                <ele>625.2</ele>
                <extensions>
                    <osmand:speed>16.4</osmand:speed>
                </extensions>
            </trkpt>
            <trkpt lat="-40.0817286" lon="-71.7057842">
                <ele>623.8</ele>
                <extensions>
                    <osmand:speed>16.4</osmand:speed>
                </extensions>
            </trkpt>
            <trkpt lat="-40.0823053" lon="-71.7054167">
                <ele>625</ele>
                <extensions>
                    <osmand:speed>16.4</osmand:speed>
                </extensions>
            </trkpt>
            <trkpt lat="-40.0828204" lon="-71.7050868">
                <ele>629.5</ele>
                <extensions>
                    <osmand:speed>16.4</osmand:speed>
                </extensions>
            </trkpt>
            <trkpt lat="-40.0831118" lon="-71.7049018">
                <ele>632.5</ele>
                <extensions>
                    <osmand:speed>16.4</osmand:speed>
                </extensions>
            </trkpt>
            <trkpt lat="-40.0838588" lon="-71.7044377">
                <ele>637</ele>
                <extensions>
                    <osmand:speed>16.4</osmand:speed>
                </extensions>
            </trkpt>
            <trkpt lat="-40.0840086" lon="-71.7043358">
                <ele>636.5</ele>
                <extensions>
                    <osmand:speed>16.4</osmand:speed>
                </extensions>
            </trkpt>
            <trkpt lat="-40.0841522" lon="-71.7042258">
                <ele>635.5</ele>
                <extensions>
                    <osmand:speed>16.4</osmand:speed>
                </extensions>
            </trkpt>
            <trkpt lat="-40.0842918" lon="-71.7041051">
                <ele>635</ele>
                <extensions>
                    <osmand:speed>16.4</osmand:speed>
                </extensions>
            </trkpt>
            <trkpt lat="-40.0844088" lon="-71.7040005">
                <ele>634.8</ele>
                <extensions>
                    <osmand:speed>16.4</osmand:speed>
                </extensions>
            </trkpt>
            <trkpt lat="-40.0845237" lon="-71.7038879">
                <ele>634.2</ele>
                <extensions>
                    <osmand:speed>16.4</osmand:speed>
                </extensions>
            </trkpt>
            <trkpt lat="-40.0846345" lon="-71.7037725">
                <ele>633.8</ele>
                <extensions>
                    <osmand:speed>16.4</osmand:speed>
                </extensions>
            </trkpt>
            <trkpt lat="-40.0853014" lon="-71.7028794">
                <ele>632</ele>
                <extensions>
                    <osmand:speed>16.4</osmand:speed>
                </extensions>
            </trkpt>
            <trkpt lat="-40.0867318" lon="-71.7009884">
                <ele>635.5</ele>
                <extensions>
                    <osmand:speed>16.4</osmand:speed>
                </extensions>
            </trkpt>
            <trkpt lat="-40.0874951" lon="-71.699937">
                <ele>634.5</ele>
                <extensions>
                    <osmand:speed>16.4</osmand:speed>
                </extensions>
            </trkpt>
            <trkpt lat="-40.0887715" lon="-71.6983169">
                <ele>628</ele>
                <extensions>
                    <osmand:speed>16.4</osmand:speed>
                </extensions>
            </trkpt>
            <trkpt lat="-40.0899822" lon="-71.6968444">
                <ele>628.8</ele>
                <extensions>
                    <osmand:speed>16.4</osmand:speed>
                </extensions>
            </trkpt>
            <trkpt lat="-40.0900684" lon="-71.6967371">
                <ele>628.5</ele>
                <extensions>
                    <osmand:speed>16.4</osmand:speed>
                </extensions>
            </trkpt>
            <trkpt lat="-40.0901484" lon="-71.6966218">
                <ele>628</ele>
                <extensions>
                    <osmand:speed>16.4</osmand:speed>
                </extensions>
            </trkpt>
            <trkpt lat="-40.0902243" lon="-71.6965011">
                <ele>627.8</ele>
                <extensions>
                    <osmand:speed>16.4</osmand:speed>
                </extensions>
            </trkpt>
            <trkpt lat="-40.0902961" lon="-71.696375">
                <ele>627.5</ele>
                <extensions>
                    <osmand:speed>16.4</osmand:speed>
                </extensions>
            </trkpt>
            <trkpt lat="-40.0903495" lon="-71.696265">
                <ele>627.2</ele>
                <extensions>
                    <osmand:speed>16.4</osmand:speed>
                </extensions>
            </trkpt>
            <trkpt lat="-40.0904008" lon="-71.6961497">
                <ele>627</ele>
                <extensions>
                    <osmand:speed>16.4</osmand:speed>
                </extensions>
            </trkpt>
            <trkpt lat="-40.09045" lon="-71.696021">
                <ele>626.8</ele>
                <extensions>
                    <osmand:speed>16.4</osmand:speed>
                </extensions>
            </trkpt>
            <trkpt lat="-40.0904931" lon="-71.6958869">
                <ele>626.2</ele>
                <extensions>
                    <osmand:speed>16.4</osmand:speed>
                </extensions>
            </trkpt>
            <trkpt lat="-40.0908214" lon="-71.6948891">
                <ele>626</ele>
                <extensions>
                    <osmand:speed>16.4</osmand:speed>
                </extensions>
            </trkpt>
            <trkpt lat="-40.0912811" lon="-71.6934031">
                <ele>632.2</ele>
                <extensions>
                    <osmand:speed>16.4</osmand:speed>
                </extensions>
            </trkpt>
            <trkpt lat="-40.0913057" lon="-71.6932958">
                <ele>633.5</ele>
                <extensions>
                    <osmand:speed>16.4</osmand:speed>
                </extensions>
            </trkpt>
            <trkpt lat="-40.0913324" lon="-71.6931912">
                <ele>634.8</ele>
                <extensions>
                    <osmand:speed>16.4</osmand:speed>
                </extensions>
            </trkpt>
            <trkpt lat="-40.0913672" lon="-71.6930866">
                <ele>636</ele>
                <extensions>
                    <osmand:speed>16.4</osmand:speed>
                </extensions>
            </trkpt>
            <trkpt lat="-40.0914042" lon="-71.6929847">
                <ele>637.2</ele>
                <extensions>
                    <osmand:speed>16.4</osmand:speed>
                </extensions>
            </trkpt>
            <trkpt lat="-40.0914555" lon="-71.6928774">
                <ele>638.5</ele>
                <extensions>
                    <osmand:speed>16.4</osmand:speed>
                </extensions>
            </trkpt>
            <trkpt lat="-40.0915109" lon="-71.6927728">
                <ele>639.2</ele>
                <extensions>
                    <osmand:speed>16.4</osmand:speed>
                </extensions>
            </trkpt>
            <trkpt lat="-40.0915724" lon="-71.6926762">
                <ele>639.1</ele>
                <extensions>
                    <osmand:speed>16.4</osmand:speed>
                </extensions>
            </trkpt>
            <trkpt lat="-40.0916073" lon="-71.6926306">
                <ele>639</ele>
                <extensions>
                    <osmand:speed>16.4</osmand:speed>
                </extensions>
            </trkpt>
            <trkpt lat="-40.0916381" lon="-71.6925851">
                <ele>638.8</ele>
                <extensions>
                    <osmand:speed>16.4</osmand:speed>
                </extensions>
            </trkpt>
            <trkpt lat="-40.0916791" lon="-71.6925153">
                <ele>638.5</ele>
                <extensions>
                    <osmand:speed>16.4</osmand:speed>
                </extensions>
            </trkpt>
            <trkpt lat="-40.0917161" lon="-71.6924402">
                <ele>638.6</ele>
                <extensions>
                    <osmand:speed>16.4</osmand:speed>
                </extensions>
            </trkpt>
            <trkpt lat="-40.0917448" lon="-71.6923651">
                <ele>638.8</ele>
                <extensions>
                    <osmand:speed>16.4</osmand:speed>
                </extensions>
            </trkpt>
            <trkpt lat="-40.0917715" lon="-71.6922846">
                <ele>639.2</ele>
                <extensions>
                    <osmand:speed>16.4</osmand:speed>
                </extensions>
            </trkpt>
            <trkpt lat="-40.0917981" lon="-71.69218">
                <ele>639.8</ele>
                <extensions>
                    <osmand:speed>16.4</osmand:speed>
                </extensions>
            </trkpt>
            <trkpt lat="-40.0918207" lon="-71.6920754">
                <ele>640.5</ele>
                <extensions>
                    <osmand:speed>16.4</osmand:speed>
                </extensions>
            </trkpt>
            <trkpt lat="-40.0918371" lon="-71.6919681">
                <ele>641.2</ele>
                <extensions>
                    <osmand:speed>16.4</osmand:speed>
                </extensions>
            </trkpt>
            <trkpt lat="-40.0918474" lon="-71.6918609">
                <ele>642</ele>
                <extensions>
                    <osmand:speed>16.4</osmand:speed>
                </extensions>
            </trkpt>
            <trkpt lat="-40.0918535" lon="-71.6917321">
                <ele>642.8</ele>
                <extensions>
                    <osmand:speed>16.4</osmand:speed>
                </extensions>
            </trkpt>
            <trkpt lat="-40.0918515" lon="-71.691606">
                <ele>643.8</ele>
                <extensions>
                    <osmand:speed>16.4</osmand:speed>
                </extensions>
            </trkpt>
            <trkpt lat="-40.0918412" lon="-71.69148">
                <ele>645</ele>
                <extensions>
                    <osmand:speed>16.4</osmand:speed>
                </extensions>
            </trkpt>
            <trkpt lat="-40.0918228" lon="-71.6913539">
                <ele>646.5</ele>
                <extensions>
                    <osmand:speed>16.4</osmand:speed>
                </extensions>
            </trkpt>
            <trkpt lat="-40.0918043" lon="-71.6912547">
                <ele>648</ele>
                <extensions>
                    <osmand:speed>16.4</osmand:speed>
                </extensions>
            </trkpt>
            <trkpt lat="-40.091792" lon="-71.6911501">
                <ele>649.5</ele>
                <extensions>
                    <osmand:speed>16.4</osmand:speed>
                </extensions>
            </trkpt>
            <trkpt lat="-40.091792" lon="-71.6910455">
                <ele>650.8</ele>
                <extensions>
                    <osmand:speed>16.4</osmand:speed>
                </extensions>
            </trkpt>
            <trkpt lat="-40.0917981" lon="-71.6909409">
                <ele>652</ele>
                <extensions>
                    <osmand:speed>16.4</osmand:speed>
                </extensions>
            </trkpt>
            <trkpt lat="-40.0918146" lon="-71.6908389">
                <ele>653</ele>
                <extensions>
                    <osmand:speed>16.4</osmand:speed>
                </extensions>
            </trkpt>
            <trkpt lat="-40.0918412" lon="-71.6907397">
                <ele>653.8</ele>
                <extensions>
                    <osmand:speed>16.4</osmand:speed>
                </extensions>
            </trkpt>
            <trkpt lat="-40.0918741" lon="-71.6906458">
                <ele>654.2</ele>
                <extensions>
                    <osmand:speed>16.4</osmand:speed>
                </extensions>
            </trkpt>
            <trkpt lat="-40.0919172" lon="-71.6905546">
                <ele>654.5</ele>
                <extensions>
                    <osmand:speed>16.4</osmand:speed>
                </extensions>
            </trkpt>
            <trkpt lat="-40.0923357" lon="-71.689927">
                <ele>654.8</ele>
                <extensions>
                    <osmand:speed>16.4</osmand:speed>
                </extensions>
            </trkpt>
            <trkpt lat="-40.0924158" lon="-71.6898009">
                <ele>655.2</ele>
                <extensions>
                    <osmand:speed>16.4</osmand:speed>
                </extensions>
            </trkpt>
            <trkpt lat="-40.0924876" lon="-71.6896722">
                <ele>656.2</ele>
                <extensions>
                    <osmand:speed>16.4</osmand:speed>
                </extensions>
            </trkpt>
            <trkpt lat="-40.0925389" lon="-71.6895676">
                <ele>657.5</ele>
                <extensions>
                    <osmand:speed>16.4</osmand:speed>
                </extensions>
            </trkpt>
            <trkpt lat="-40.0925861" lon="-71.6894603">
                <extensions>
                    <osmand:speed>16.4</osmand:speed>
                </extensions>
            </trkpt>
            <trkpt lat="-40.0927605" lon="-71.6890928">
                <ele>663</ele>
                <extensions>
                    <osmand:speed>16.4</osmand:speed>
                </extensions>
            </trkpt>
            <trkpt lat="-40.0928221" lon="-71.6890043">
                <ele>663.5</ele>
                <extensions>
                    <osmand:speed>16.4</osmand:speed>
                </extensions>
            </trkpt>
            <trkpt lat="-40.0928898" lon="-71.6889185">
                <ele>664</ele>
                <extensions>
                    <osmand:speed>16.4</osmand:speed>
                </extensions>
            </trkpt>
            <trkpt lat="-40.0929677" lon="-71.68883">
                <ele>664.2</ele>
                <extensions>
                    <osmand:speed>16.4</osmand:speed>
                </extensions>
            </trkpt>
            <trkpt lat="-40.0930478" lon="-71.6887522">
                <ele>664</ele>
                <extensions>
                    <osmand:speed>16.4</osmand:speed>
                </extensions>
            </trkpt>
            <trkpt lat="-40.0931339" lon="-71.6886798">
                <ele>663.5</ele>
                <extensions>
                    <osmand:speed>16.4</osmand:speed>
                </extensions>
            </trkpt>
            <trkpt lat="-40.0932222" lon="-71.6886154">
                <ele>662.8</ele>
                <extensions>
                    <osmand:speed>16.4</osmand:speed>
                </extensions>
            </trkpt>
            <trkpt lat="-40.0934602" lon="-71.6884357">
                <ele>660.5</ele>
                <extensions>
                    <osmand:speed>16.4</osmand:speed>
                </extensions>
            </trkpt>
            <trkpt lat="-40.0935443" lon="-71.6883525">
                <ele>659.5</ele>
                <extensions>
                    <osmand:speed>16.4</osmand:speed>
                </extensions>
            </trkpt>
            <trkpt lat="-40.0936223" lon="-71.6882613">
                <ele>658.8</ele>
                <extensions>
                    <osmand:speed>16.4</osmand:speed>
                </extensions>
            </trkpt>
            <trkpt lat="-40.0937023" lon="-71.6881594">
                <ele>658</ele>
                <extensions>
                    <osmand:speed>16.4</osmand:speed>
                </extensions>
            </trkpt>
            <trkpt lat="-40.0937762" lon="-71.6880494">
                <ele>657.2</ele>
                <extensions>
                    <osmand:speed>16.4</osmand:speed>
                </extensions>
            </trkpt>
            <trkpt lat="-40.0938172" lon="-71.6879717">
                <ele>657</ele>
                <extensions>
                    <osmand:speed>16.4</osmand:speed>
                </extensions>
            </trkpt>
            <trkpt lat="-40.09385" lon="-71.6878885">
                <ele>657.1</ele>
                <extensions>
                    <osmand:speed>16.4</osmand:speed>
                </extensions>
            </trkpt>
            <trkpt lat="-40.0938747" lon="-71.6878027">
                <ele>657.2</ele>
                <extensions>
                    <osmand:speed>16.4</osmand:speed>
                </extensions>
            </trkpt>
            <trkpt lat="-40.0938911" lon="-71.6877222">
                <ele>657.5</ele>
                <extensions>
                    <osmand:speed>16.4</osmand:speed>
                </extensions>
            </trkpt>
            <trkpt lat="-40.0938993" lon="-71.6876444">
                <ele>657.8</ele>
                <extensions>
                    <osmand:speed>16.4</osmand:speed>
                </extensions>
            </trkpt>
            <trkpt lat="-40.0938993" lon="-71.687564">
                <ele>658</ele>
                <extensions>
                    <osmand:speed>16.4</osmand:speed>
                </extensions>
            </trkpt>
            <trkpt lat="-40.0938952" lon="-71.6874835">
                <ele>658.5</ele>
                <extensions>
                    <osmand:speed>16.4</osmand:speed>
                </extensions>
            </trkpt>
            <trkpt lat="-40.0938829" lon="-71.687403">
                <ele>659.2</ele>
                <extensions>
                    <osmand:speed>16.4</osmand:speed>
                </extensions>
            </trkpt>
            <trkpt lat="-40.0938398" lon="-71.6870838">
                <ele>661.2</ele>
                <extensions>
                    <osmand:speed>16.4</osmand:speed>
                </extensions>
            </trkpt>
            <trkpt lat="-40.0938275" lon="-71.6869336">
                <ele>661.5</ele>
                <extensions>
                    <osmand:speed>16.4</osmand:speed>
                </extensions>
            </trkpt>
            <trkpt lat="-40.0938213" lon="-71.6867861">
                <ele>661.2</ele>
                <extensions>
                    <osmand:speed>16.4</osmand:speed>
                </extensions>
            </trkpt>
            <trkpt lat="-40.0938234" lon="-71.6866359">
                <ele>660.5</ele>
                <extensions>
                    <osmand:speed>16.4</osmand:speed>
                </extensions>
            </trkpt>
            <trkpt lat="-40.0938295" lon="-71.6865098">
                <ele>660</ele>
                <extensions>
                    <osmand:speed>16.4</osmand:speed>
                </extensions>
            </trkpt>
            <trkpt lat="-40.0938418" lon="-71.6863811">
                <ele>659.2</ele>
                <extensions>
                    <osmand:speed>16.4</osmand:speed>
                </extensions>
            </trkpt>
            <trkpt lat="-40.0938582" lon="-71.686255">
                <ele>658</ele>
                <extensions>
                    <osmand:speed>16.4</osmand:speed>
                </extensions>
            </trkpt>
            <trkpt lat="-40.0938829" lon="-71.6861317">
                <ele>656.8</ele>
                <extensions>
                    <osmand:speed>16.4</osmand:speed>
                </extensions>
            </trkpt>
            <trkpt lat="-40.0939116" lon="-71.6860029">
                <ele>655.5</ele>
                <extensions>
                    <osmand:speed>16.4</osmand:speed>
                </extensions>
            </trkpt>
            <trkpt lat="-40.0939444" lon="-71.6858795">
                <ele>654.2</ele>
                <extensions>
                    <osmand:speed>16.4</osmand:speed>
                </extensions>
            </trkpt>
            <trkpt lat="-40.0939834" lon="-71.6857561">
                <ele>653</ele>
                <extensions>
                    <osmand:speed>16.4</osmand:speed>
                </extensions>
            </trkpt>
            <trkpt lat="-40.0940286" lon="-71.6856381">
                <ele>652</ele>
                <extensions>
                    <osmand:speed>16.4</osmand:speed>
                </extensions>
            </trkpt>
            <trkpt lat="-40.0941599" lon="-71.6852438">
                <ele>650.8</ele>
                <extensions>
                    <osmand:speed>16.4</osmand:speed>
                </extensions>
            </trkpt>
            <trkpt lat="-40.0945087" lon="-71.6842031">
                <ele>653</ele>
                <extensions>
                    <osmand:speed>16.4</osmand:speed>
                </extensions>
            </trkpt>
            <trkpt lat="-40.0945518" lon="-71.6840771">
                <ele>652.9</ele>
                <extensions>
                    <osmand:speed>16.4</osmand:speed>
                </extensions>
            </trkpt>
            <trkpt lat="-40.0946031" lon="-71.6839564">
                <ele>652.9</ele>
                <extensions>
                    <osmand:speed>16.4</osmand:speed>
                </extensions>
            </trkpt>
            <trkpt lat="-40.0946626" lon="-71.683841">
                <ele>652.8</ele>
                <extensions>
                    <osmand:speed>16.4</osmand:speed>
                </extensions>
            </trkpt>
            <trkpt lat="-40.0947241" lon="-71.6837311">
                <ele>652.8</ele>
                <extensions>
                    <osmand:speed>16.4</osmand:speed>
                </extensions>
            </trkpt>
            <trkpt lat="-40.0947918" lon="-71.6836292">
                <ele>652.8</ele>
                <extensions>
                    <osmand:speed>16.4</osmand:speed>
                </extensions>
            </trkpt>
            <trkpt lat="-40.0948657" lon="-71.6835326">
                <ele>652.2</ele>
                <extensions>
                    <osmand:speed>16.4</osmand:speed>
                </extensions>
            </trkpt>
            <trkpt lat="-40.0949437" lon="-71.6834414">
                <ele>651.5</ele>
                <extensions>
                    <osmand:speed>16.4</osmand:speed>
                </extensions>
            </trkpt>
            <trkpt lat="-40.0950463" lon="-71.6833287">
                <ele>650.5</ele>
                <extensions>
                    <osmand:speed>16.4</osmand:speed>
                </extensions>
            </trkpt>
            <trkpt lat="-40.0951489" lon="-71.6832188">
                <ele>649.5</ele>
                <extensions>
                    <osmand:speed>16.4</osmand:speed>
                </extensions>
            </trkpt>
            <trkpt lat="-40.0954115" lon="-71.6829827">
                <ele>645.8</ele>
                <extensions>
                    <osmand:speed>16.4</osmand:speed>
                </extensions>
            </trkpt>
            <trkpt lat="-40.0954525" lon="-71.6829398">
                <ele>645.2</ele>
                <extensions>
                    <osmand:speed>16.4</osmand:speed>
                </extensions>
            </trkpt>
            <trkpt lat="-40.0954895" lon="-71.6828942">
                <ele>645</ele>
                <extensions>
                    <osmand:speed>16.4</osmand:speed>
                </extensions>
            </trkpt>
            <trkpt lat="-40.0955202" lon="-71.6828406">
                <ele>644.8</ele>
                <extensions>
                    <osmand:speed>16.4</osmand:speed>
                </extensions>
            </trkpt>
            <trkpt lat="-40.095549" lon="-71.6827843">
                <ele>644.8</ele>
                <extensions>
                    <osmand:speed>16.4</osmand:speed>
                </extensions>
            </trkpt>
            <trkpt lat="-40.0955695" lon="-71.6827199">
                <ele>644.9</ele>
                <extensions>
                    <osmand:speed>16.4</osmand:speed>
                </extensions>
            </trkpt>
            <trkpt lat="-40.0955859" lon="-71.6826501">
                <ele>644.9</ele>
                <extensions>
                    <osmand:speed>16.4</osmand:speed>
                </extensions>
            </trkpt>
            <trkpt lat="-40.0955962" lon="-71.6825804">
                <ele>645</ele>
                <extensions>
                    <osmand:speed>16.4</osmand:speed>
                </extensions>
            </trkpt>
            <trkpt lat="-40.0956844" lon="-71.6819769">
                <ele>648.8</ele>
                <extensions>
                    <osmand:speed>16.4</osmand:speed>
                </extensions>
            </trkpt>
            <trkpt lat="-40.0958219" lon="-71.6807914">
                <ele>654.2</ele>
                <extensions>
                    <osmand:speed>16.4</osmand:speed>
                </extensions>
            </trkpt>
            <trkpt lat="-40.0958465" lon="-71.6806492">
                <ele>654.1</ele>
                <extensions>
                    <osmand:speed>16.4</osmand:speed>
                </extensions>
            </trkpt>
            <trkpt lat="-40.0958773" lon="-71.6805097">
                <ele>654</ele>
                <extensions>
                    <osmand:speed>16.4</osmand:speed>
                </extensions>
            </trkpt>
            <trkpt lat="-40.0959121" lon="-71.6803917">
                <ele>653.5</ele>
                <extensions>
                    <osmand:speed>16.4</osmand:speed>
                </extensions>
            </trkpt>
            <trkpt lat="-40.0959532" lon="-71.6802818">
                <extensions>
                    <osmand:speed>16.4</osmand:speed>
                </extensions>
            </trkpt>
            <trkpt lat="-40.096103" lon="-71.6799679">
                <ele>650</ele>
                <extensions>
                    <osmand:speed>16.4</osmand:speed>
                </extensions>
            </trkpt>
            <trkpt lat="-40.0961378" lon="-71.6798955">
                <ele>649.2</ele>
                <extensions>
                    <osmand:speed>16.4</osmand:speed>
                </extensions>
            </trkpt>
            <trkpt lat="-40.0961789" lon="-71.6798285">
                <ele>648.5</ele>
                <extensions>
                    <osmand:speed>16.4</osmand:speed>
                </extensions>
            </trkpt>
            <trkpt lat="-40.0962261" lon="-71.6797668">
                <ele>647.8</ele>
                <extensions>
                    <osmand:speed>16.4</osmand:speed>
                </extensions>
            </trkpt>
            <trkpt lat="-40.0962712" lon="-71.6797131">
                <ele>647.2</ele>
                <extensions>
                    <osmand:speed>16.4</osmand:speed>
                </extensions>
            </trkpt>
            <trkpt lat="-40.0963204" lon="-71.6796675">
                <ele>646.8</ele>
                <extensions>
                    <osmand:speed>16.4</osmand:speed>
                </extensions>
            </trkpt>
            <trkpt lat="-40.0963717" lon="-71.6796273">
                <ele>646</ele>
                <extensions>
                    <osmand:speed>16.4</osmand:speed>
                </extensions>
            </trkpt>
            <trkpt lat="-40.0964251" lon="-71.6795924">
                <ele>645.2</ele>
                <extensions>
                    <osmand:speed>16.4</osmand:speed>
                </extensions>
            </trkpt>
            <trkpt lat="-40.0965072" lon="-71.6795307">
                <ele>644.5</ele>
                <extensions>
                    <osmand:speed>16.4</osmand:speed>
                </extensions>
            </trkpt>
            <trkpt lat="-40.0965831" lon="-71.6794583">
                <ele>644.2</ele>
                <extensions>
                    <osmand:speed>16.4</osmand:speed>
                </extensions>
            </trkpt>
            <trkpt lat="-40.0966549" lon="-71.6793805">
                <ele>643.8</ele>
                <extensions>
                    <osmand:speed>16.4</osmand:speed>
                </extensions>
            </trkpt>
            <trkpt lat="-40.0967185" lon="-71.6793001">
                <ele>643.2</ele>
                <extensions>
                    <osmand:speed>16.4</osmand:speed>
                </extensions>
            </trkpt>
            <trkpt lat="-40.0967739" lon="-71.6792142">
                <ele>643</ele>
                <extensions>
                    <osmand:speed>16.4</osmand:speed>
                </extensions>
            </trkpt>
            <trkpt lat="-40.0968272" lon="-71.6791257">
                <ele>643.2</ele>
                <extensions>
                    <osmand:speed>16.4</osmand:speed>
                </extensions>
            </trkpt>
            <trkpt lat="-40.0968724" lon="-71.6790318">
                <ele>644</ele>
                <extensions>
                    <osmand:speed>16.4</osmand:speed>
                </extensions>
            </trkpt>
            <trkpt lat="-40.0972971" lon="-71.6780502">
                <ele>652.2</ele>
                <extensions>
                    <osmand:speed>16.4</osmand:speed>
                </extensions>
            </trkpt>
            <trkpt lat="-40.0979742" lon="-71.6764757">
                <ele>658.2</ele>
                <extensions>
                    <osmand:speed>16.4</osmand:speed>
                </extensions>
            </trkpt>
            <trkpt lat="-40.0981752" lon="-71.6760117">
                <ele>660.2</ele>
                <extensions>
                    <osmand:speed>16.4</osmand:speed>
                </extensions>
            </trkpt>
            <trkpt lat="-40.0990452" lon="-71.673992">
                <ele>663</ele>
                <extensions>
                    <osmand:speed>4.2</osmand:speed>
                </extensions>
            </trkpt>
            <trkpt lat="-40.0992401" lon="-71.6736943">
                <ele>663.2</ele>
                <extensions>
                    <osmand:speed>4.2</osmand:speed>
                </extensions>
            </trkpt>
            <trkpt lat="-40.0993242" lon="-71.6735762">
                <ele>663.5</ele>
                <extensions>
                    <osmand:speed>4.2</osmand:speed>
                </extensions>
            </trkpt>
            <trkpt lat="-40.0994022" lon="-71.6734797">
                <ele>663.4</ele>
                <extensions>
                    <osmand:speed>4.2</osmand:speed>
                </extensions>
            </trkpt>
            <trkpt lat="-40.0995848" lon="-71.6732892">
                <ele>663.2</ele>
                <extensions>
                    <osmand:speed>4.2</osmand:speed>
                </extensions>
            </trkpt>
            <trkpt lat="-40.0999766" lon="-71.6728789">
                <ele>665</ele>
                <extensions>
                    <osmand:speed>16.4</osmand:speed>
                </extensions>
            </trkpt>
            <trkpt lat="-40.1004136" lon="-71.6724122">
                <ele>663</ele>
                <extensions>
                    <osmand:speed>16.4</osmand:speed>
                </extensions>
            </trkpt>
            <trkpt lat="-40.1004588" lon="-71.6723612">
                <ele>662.2</ele>
                <extensions>
                    <osmand:speed>16.4</osmand:speed>
                </extensions>
            </trkpt>
            <trkpt lat="-40.1005121" lon="-71.6722968">
                <ele>661.5</ele>
                <extensions>
                    <osmand:speed>16.4</osmand:speed>
                </extensions>
            </trkpt>
            <trkpt lat="-40.1005614" lon="-71.6722351">
                <ele>660.8</ele>
                <extensions>
                    <osmand:speed>16.4</osmand:speed>
                </extensions>
            </trkpt>
            <trkpt lat="-40.1006127" lon="-71.6721681">
                <ele>660</ele>
                <extensions>
                    <osmand:speed>16.4</osmand:speed>
                </extensions>
            </trkpt>
            <trkpt lat="-40.1009122" lon="-71.6717362">
                <ele>658.8</ele>
                <extensions>
                    <osmand:speed>16.4</osmand:speed>
                </extensions>
            </trkpt>
            <trkpt lat="-40.1009881" lon="-71.6716316">
                <ele>658.5</ele>
                <extensions>
                    <osmand:speed>16.4</osmand:speed>
                </extensions>
            </trkpt>
            <trkpt lat="-40.101064" lon="-71.6715431">
                <ele>658.4</ele>
                <extensions>
                    <osmand:speed>16.4</osmand:speed>
                </extensions>
            </trkpt>
            <trkpt lat="-40.101142" lon="-71.6714653">
                <ele>658.4</ele>
                <extensions>
                    <osmand:speed>16.4</osmand:speed>
                </extensions>
            </trkpt>
            <trkpt lat="-40.101222" lon="-71.6713983">
                <ele>658.3</ele>
                <extensions>
                    <osmand:speed>16.4</osmand:speed>
                </extensions>
            </trkpt>
            <trkpt lat="-40.1013041" lon="-71.671342">
                <ele>658.2</ele>
                <extensions>
                    <osmand:speed>16.4</osmand:speed>
                </extensions>
            </trkpt>
            <trkpt lat="-40.1013861" lon="-71.671291">
                <ele>658.5</ele>
                <extensions>
                    <osmand:speed>16.4</osmand:speed>
                </extensions>
            </trkpt>
            <trkpt lat="-40.1018847" lon="-71.6709933">
                <ele>660.2</ele>
                <extensions>
                    <osmand:speed>16.4</osmand:speed>
                </extensions>
            </trkpt>
            <trkpt lat="-40.1019606" lon="-71.6709477">
                <ele>660.8</ele>
                <extensions>
                    <osmand:speed>16.4</osmand:speed>
                </extensions>
            </trkpt>
            <trkpt lat="-40.1020406" lon="-71.670886">
                <ele>661.2</ele>
                <extensions>
                    <osmand:speed>16.4</osmand:speed>
                </extensions>
            </trkpt>
            <trkpt lat="-40.1021145" lon="-71.6708162">
                <ele>662</ele>
                <extensions>
                    <osmand:speed>16.4</osmand:speed>
                </extensions>
            </trkpt>
            <trkpt lat="-40.1021822" lon="-71.6707331">
                <ele>663.2</ele>
                <extensions>
                    <osmand:speed>16.4</osmand:speed>
                </extensions>
            </trkpt>
            <trkpt lat="-40.1022417" lon="-71.6706392">
                <ele>665</ele>
                <extensions>
                    <osmand:speed>16.4</osmand:speed>
                </extensions>
            </trkpt>
            <trkpt lat="-40.1022929" lon="-71.6705453">
                <ele>666.8</ele>
                <extensions>
                    <osmand:speed>16.4</osmand:speed>
                </extensions>
            </trkpt>
            <trkpt lat="-40.102334" lon="-71.6704434">
                <ele>668</ele>
                <extensions>
                    <osmand:speed>16.4</osmand:speed>
                </extensions>
            </trkpt>
            <trkpt lat="-40.1023689" lon="-71.6703388">
                <ele>669</ele>
                <extensions>
                    <osmand:speed>16.4</osmand:speed>
                </extensions>
            </trkpt>
            <trkpt lat="-40.1026397" lon="-71.6694215">
                <ele>675.8</ele>
                <extensions>
                    <osmand:speed>16.4</osmand:speed>
                </extensions>
            </trkpt>
            <trkpt lat="-40.1026684" lon="-71.6693357">
                <ele>676</ele>
                <extensions>
                    <osmand:speed>16.4</osmand:speed>
                </extensions>
            </trkpt>
            <trkpt lat="-40.1027033" lon="-71.6692418">
                <ele>676.1</ele>
                <extensions>
                    <osmand:speed>16.4</osmand:speed>
                </extensions>
            </trkpt>
            <trkpt lat="-40.1027402" lon="-71.6691586">
                <ele>676.2</ele>
                <extensions>
                    <osmand:speed>16.4</osmand:speed>
                </extensions>
            </trkpt>
            <trkpt lat="-40.1027792" lon="-71.6690835">
                <ele>676.5</ele>
                <extensions>
                    <osmand:speed>16.4</osmand:speed>
                </extensions>
            </trkpt>
            <trkpt lat="-40.1028223" lon="-71.6690138">
                <ele>676.8</ele>
                <extensions>
                    <osmand:speed>16.4</osmand:speed>
                </extensions>
            </trkpt>
            <trkpt lat="-40.1028715" lon="-71.6689494">
                <ele>677</ele>
                <extensions>
                    <osmand:speed>16.4</osmand:speed>
                </extensions>
            </trkpt>
            <trkpt lat="-40.1029207" lon="-71.6688877">
                <ele>677.2</ele>
                <extensions>
                    <osmand:speed>16.4</osmand:speed>
                </extensions>
            </trkpt>
            <trkpt lat="-40.1037044" lon="-71.6680777">
                <ele>677.4</ele>
                <extensions>
                    <osmand:speed>16.4</osmand:speed>
                </extensions>
            </trkpt>
            <trkpt lat="-40.1037455" lon="-71.6680428">
                <ele>677.4</ele>
                <extensions>
                    <osmand:speed>16.4</osmand:speed>
                </extensions>
            </trkpt>
            <trkpt lat="-40.1037865" lon="-71.6680107">
                <ele>677.4</ele>
                <extensions>
                    <osmand:speed>16.4</osmand:speed>
                </extensions>
            </trkpt>
            <trkpt lat="-40.1038296" lon="-71.6679838">
                <ele>677.4</ele>
                <extensions>
                    <osmand:speed>16.4</osmand:speed>
                </extensions>
            </trkpt>
            <trkpt lat="-40.1038747" lon="-71.6679624">
                <ele>677.5</ele>
                <extensions>
                    <osmand:speed>16.4</osmand:speed>
                </extensions>
            </trkpt>
            <trkpt lat="-40.103924" lon="-71.667949">
                <ele>677.5</ele>
                <extensions>
                    <osmand:speed>16.4</osmand:speed>
                </extensions>
            </trkpt>
            <trkpt lat="-40.1041537" lon="-71.66789">
                <ele>677.5</ele>
                <extensions>
                    <osmand:speed>16.4</osmand:speed>
                </extensions>
            </trkpt>
            <trkpt lat="-40.1042194" lon="-71.6678765">
                <ele>677.8</ele>
                <extensions>
                    <osmand:speed>16.4</osmand:speed>
                </extensions>
            </trkpt>
            <trkpt lat="-40.1042809" lon="-71.6678712">
                <ele>677.7</ele>
                <extensions>
                    <osmand:speed>16.4</osmand:speed>
                </extensions>
            </trkpt>
            <trkpt lat="-40.1043445" lon="-71.6678739">
                <ele>677.6</ele>
                <extensions>
                    <osmand:speed>16.4</osmand:speed>
                </extensions>
            </trkpt>
            <trkpt lat="-40.1044081" lon="-71.6678846">
                <ele>677.5</ele>
                <extensions>
                    <osmand:speed>16.4</osmand:speed>
                </extensions>
            </trkpt>
            <trkpt lat="-40.1044697" lon="-71.667898">
                <ele>677.2</ele>
                <extensions>
                    <osmand:speed>16.4</osmand:speed>
                </extensions>
            </trkpt>
            <trkpt lat="-40.1054729" lon="-71.6681582">
                <ele>671.2</ele>
                <extensions>
                    <osmand:speed>16.4</osmand:speed>
                </extensions>
            </trkpt>
            <trkpt lat="-40.1055262" lon="-71.6681689">
                <ele>670.5</ele>
                <extensions>
                    <osmand:speed>16.4</osmand:speed>
                </extensions>
            </trkpt>
            <trkpt lat="-40.1055775" lon="-71.6681716">
                <ele>669.8</ele>
                <extensions>
                    <osmand:speed>16.4</osmand:speed>
                </extensions>
            </trkpt>
            <trkpt lat="-40.1056267" lon="-71.6681689">
                <ele>669.2</ele>
                <extensions>
                    <osmand:speed>16.4</osmand:speed>
                </extensions>
            </trkpt>
            <trkpt lat="-40.105678" lon="-71.6681582">
                <ele>668.8</ele>
                <extensions>
                    <osmand:speed>16.4</osmand:speed>
                </extensions>
            </trkpt>
            <trkpt lat="-40.1057272" lon="-71.6681421">
                <ele>668.2</ele>
                <extensions>
                    <osmand:speed>16.4</osmand:speed>
                </extensions>
            </trkpt>
            <trkpt lat="-40.1057765" lon="-71.6681206">
                <ele>668</ele>
                <extensions>
                    <osmand:speed>16.4</osmand:speed>
                </extensions>
            </trkpt>
            <trkpt lat="-40.1058216" lon="-71.6680938">
                <ele>668.1</ele>
                <extensions>
                    <osmand:speed>16.4</osmand:speed>
                </extensions>
            </trkpt>
            <trkpt lat="-40.1058606" lon="-71.6680589">
                <ele>668.2</ele>
                <extensions>
                    <osmand:speed>16.4</osmand:speed>
                </extensions>
            </trkpt>
            <trkpt lat="-40.1058975" lon="-71.6680187">
                <ele>668.5</ele>
                <extensions>
                    <osmand:speed>16.4</osmand:speed>
                </extensions>
            </trkpt>
            <trkpt lat="-40.1059796" lon="-71.6679302">
                <ele>669</ele>
                <extensions>
                    <osmand:speed>16.4</osmand:speed>
                </extensions>
            </trkpt>
            <trkpt lat="-40.1060247" lon="-71.6678873">
                <ele>668.9</ele>
                <extensions>
                    <osmand:speed>16.4</osmand:speed>
                </extensions>
            </trkpt>
            <trkpt lat="-40.106076" lon="-71.6678551">
                <ele>668.8</ele>
                <extensions>
                    <osmand:speed>16.4</osmand:speed>
                </extensions>
            </trkpt>
            <trkpt lat="-40.1061273" lon="-71.6678309">
                <ele>668.2</ele>
                <extensions>
                    <osmand:speed>16.4</osmand:speed>
                </extensions>
            </trkpt>
            <trkpt lat="-40.1061847" lon="-71.6678122">
                <ele>667.2</ele>
                <extensions>
                    <osmand:speed>16.4</osmand:speed>
                </extensions>
            </trkpt>
            <trkpt lat="-40.1066176" lon="-71.6676754">
                <ele>661</ele>
                <extensions>
                    <osmand:speed>16.4</osmand:speed>
                </extensions>
            </trkpt>
            <trkpt lat="-40.1066771" lon="-71.6676512">
                <ele>660.2</ele>
                <extensions>
                    <osmand:speed>16.4</osmand:speed>
                </extensions>
            </trkpt>
            <trkpt lat="-40.1067325" lon="-71.6676244">
                <ele>659.5</ele>
                <extensions>
                    <osmand:speed>16.4</osmand:speed>
                </extensions>
            </trkpt>
            <trkpt lat="-40.1067899" lon="-71.6675949">
                <ele>658.8</ele>
                <extensions>
                    <osmand:speed>16.4</osmand:speed>
                </extensions>
            </trkpt>
            <trkpt lat="-40.1068453" lon="-71.6675574">
                <ele>658</ele>
                <extensions>
                    <osmand:speed>16.4</osmand:speed>
                </extensions>
            </trkpt>
            <trkpt lat="-40.1068966" lon="-71.6675171">
                <ele>657.5</ele>
                <extensions>
                    <osmand:speed>16.4</osmand:speed>
                </extensions>
            </trkpt>
            <trkpt lat="-40.1087019" lon="-71.6659936">
                <ele>652.8</ele>
                <extensions>
                    <osmand:speed>16.4</osmand:speed>
                </extensions>
            </trkpt>
            <trkpt lat="-40.1087552" lon="-71.6659534">
                <ele>653</ele>
                <extensions>
                    <osmand:speed>16.4</osmand:speed>
                </extensions>
            </trkpt>
            <trkpt lat="-40.1088044" lon="-71.6659212">
                <ele>653.2</ele>
                <extensions>
                    <osmand:speed>16.4</osmand:speed>
                </extensions>
            </trkpt>
            <trkpt lat="-40.1088598" lon="-71.6658917">
                <ele>653.5</ele>
                <extensions>
                    <osmand:speed>16.4</osmand:speed>
                </extensions>
            </trkpt>
            <trkpt lat="-40.1089152" lon="-71.6658676">
                <ele>653.8</ele>
                <extensions>
                    <osmand:speed>16.4</osmand:speed>
                </extensions>
            </trkpt>
            <trkpt lat="-40.1089747" lon="-71.6658461">
                <ele>654</ele>
                <extensions>
                    <osmand:speed>16.4</osmand:speed>
                </extensions>
            </trkpt>
            <trkpt lat="-40.1090301" lon="-71.66583">
                <ele>654.2</ele>
                <extensions>
                    <osmand:speed>16.4</osmand:speed>
                </extensions>
            </trkpt>
            <trkpt lat="-40.1090855" lon="-71.665822">
                <ele>654.4</ele>
                <extensions>
                    <osmand:speed>16.4</osmand:speed>
                </extensions>
            </trkpt>
            <trkpt lat="-40.1091429" lon="-71.6658193">
                <ele>654.6</ele>
                <extensions>
                    <osmand:speed>16.4</osmand:speed>
                </extensions>
            </trkpt>
            <trkpt lat="-40.109266" lon="-71.6658112">
                <extensions>
                    <osmand:speed>16.4</osmand:speed>
                </extensions>
            </trkpt>
            <trkpt lat="-40.1093788" lon="-71.6658059">
                <ele>655</ele>
                <extensions>
                    <osmand:speed>16.4</osmand:speed>
                </extensions>
            </trkpt>
            <trkpt lat="-40.1105009" lon="-71.6657522">
                <ele>654</ele>
                <extensions>
                    <osmand:speed>16.4</osmand:speed>
                </extensions>
            </trkpt>
            <trkpt lat="-40.1105768" lon="-71.6657442">
                <ele>653.8</ele>
                <extensions>
                    <osmand:speed>16.4</osmand:speed>
                </extensions>
            </trkpt>
            <trkpt lat="-40.1106527" lon="-71.6657308">
                <ele>653.5</ele>
                <extensions>
                    <osmand:speed>16.4</osmand:speed>
                </extensions>
            </trkpt>
            <trkpt lat="-40.1107266" lon="-71.6657093">
                <ele>653.4</ele>
                <extensions>
                    <osmand:speed>16.4</osmand:speed>
                </extensions>
            </trkpt>
            <trkpt lat="-40.1108025" lon="-71.6656771">
                <ele>653.4</ele>
                <extensions>
                    <osmand:speed>16.4</osmand:speed>
                </extensions>
            </trkpt>
            <trkpt lat="-40.1108722" lon="-71.6656396">
                <ele>653.3</ele>
                <extensions>
                    <osmand:speed>16.4</osmand:speed>
                </extensions>
            </trkpt>
            <trkpt lat="-40.1109379" lon="-71.6655967">
                <ele>653.2</ele>
                <extensions>
                    <osmand:speed>16.4</osmand:speed>
                </extensions>
            </trkpt>
            <trkpt lat="-40.1110035" lon="-71.6655484">
                <ele>653</ele>
                <extensions>
                    <osmand:speed>16.4</osmand:speed>
                </extensions>
            </trkpt>
            <trkpt lat="-40.1126446" lon="-71.6641214">
                <ele>657</ele>
                <extensions>
                    <osmand:speed>11.1</osmand:speed>
                </extensions>
            </trkpt>
            <trkpt lat="-40.1131369" lon="-71.6638371">
                <ele>658.2</ele>
                <extensions>
                    <osmand:speed>11.1</osmand:speed>
                </extensions>
            </trkpt>
            <trkpt lat="-40.1131656" lon="-71.6638184">
                <ele>658.2</ele>
                <extensions>
                    <osmand:speed>11.1</osmand:speed>
                </extensions>
            </trkpt>
            <trkpt lat="-40.1131964" lon="-71.6637996">
                <ele>658.2</ele>
                <extensions>
                    <osmand:speed>11.1</osmand:speed>
                </extensions>
            </trkpt>
            <trkpt lat="-40.1132271" lon="-71.6637754">
                <ele>658.2</ele>
                <extensions>
                    <osmand:speed>11.1</osmand:speed>
                </extensions>
            </trkpt>
            <trkpt lat="-40.1132559" lon="-71.663754">
                <ele>658.2</ele>
                <extensions>
                    <osmand:speed>11.1</osmand:speed>
                </extensions>
            </trkpt>
            <trkpt lat="-40.113461" lon="-71.6635823">
                <ele>658</ele>
                <extensions>
                    <osmand:speed>5.6</osmand:speed>
                </extensions>
            </trkpt>
            <trkpt lat="-40.1135656" lon="-71.6634938">
                <ele>658</ele>
                <extensions>
                    <osmand:speed>0.5</osmand:speed>
                </extensions>
            </trkpt>
            <trkpt lat="-40.1136169" lon="-71.6634509">
                <ele>658</ele>
                <extensions>
                    <osmand:speed>0.5</osmand:speed>
                </extensions>
            </trkpt>
            <trkpt lat="-40.1136682" lon="-71.663408">
                <ele>658</ele>
                <extensions>
                    <osmand:speed>5.6</osmand:speed>
                </extensions>
            </trkpt>
            <trkpt lat="-40.1137153" lon="-71.6633704">
                <ele>658</ele>
                <extensions>
                    <osmand:speed>11.1</osmand:speed>
                </extensions>
            </trkpt>
            <trkpt lat="-40.1138159" lon="-71.66329">
                <ele>657.8</ele>
                <extensions>
                    <osmand:speed>11.1</osmand:speed>
                </extensions>
            </trkpt>
            <trkpt lat="-40.1138446" lon="-71.6632631">
                <ele>657.8</ele>
                <extensions>
                    <osmand:speed>11.1</osmand:speed>
                </extensions>
            </trkpt>
            <trkpt lat="-40.1138712" lon="-71.663239">
                <ele>657.8</ele>
                <extensions>
                    <osmand:speed>11.1</osmand:speed>
                </extensions>
            </trkpt>
            <trkpt lat="-40.113902" lon="-71.6632095">
                <ele>657.8</ele>
                <extensions>
                    <osmand:speed>11.1</osmand:speed>
                </extensions>
            </trkpt>
            <trkpt lat="-40.1139307" lon="-71.66318">
                <ele>657.8</ele>
                <extensions>
                    <osmand:speed>11.1</osmand:speed>
                </extensions>
            </trkpt>
            <trkpt lat="-40.1139574" lon="-71.6631532">
                <ele>657.8</ele>
                <extensions>
                    <osmand:speed>11.1</osmand:speed>
                </extensions>
            </trkpt>
            <trkpt lat="-40.1139841" lon="-71.663121">
                <ele>657.8</ele>
                <extensions>
                    <osmand:speed>11.1</osmand:speed>
                </extensions>
            </trkpt>
            <trkpt lat="-40.1143697" lon="-71.6626516">
                <ele>658</ele>
                <extensions>
                    <osmand:speed>16.4</osmand:speed>
                </extensions>
            </trkpt>
            <trkpt lat="-40.1150179" lon="-71.6621017">
                <ele>656.5</ele>
                <extensions>
                    <osmand:speed>16.4</osmand:speed>
                </extensions>
            </trkpt>
            <trkpt lat="-40.115184" lon="-71.6619569">
                <ele>656.4</ele>
                <extensions>
                    <osmand:speed>16.4</osmand:speed>
                </extensions>
            </trkpt>
            <trkpt lat="-40.1153563" lon="-71.6618201">
                <ele>656.2</ele>
                <extensions>
                    <osmand:speed>16.4</osmand:speed>
                </extensions>
            </trkpt>
            <trkpt lat="-40.1155307" lon="-71.6616914">
                <ele>656</ele>
                <extensions>
                    <osmand:speed>16.4</osmand:speed>
                </extensions>
            </trkpt>
            <trkpt lat="-40.1157256" lon="-71.6615546">
                <ele>655.5</ele>
                <extensions>
                    <osmand:speed>16.4</osmand:speed>
                </extensions>
            </trkpt>
            <trkpt lat="-40.1159266" lon="-71.6614258">
                <ele>655.2</ele>
                <extensions>
                    <osmand:speed>16.4</osmand:speed>
                </extensions>
            </trkpt>
            <trkpt lat="-40.1161317" lon="-71.6613078">
                <ele>654.5</ele>
                <extensions>
                    <osmand:speed>16.4</osmand:speed>
                </extensions>
            </trkpt>
            <trkpt lat="-40.1165399" lon="-71.6610959">
                <ele>654</ele>
                <extensions>
                    <osmand:speed>16.4</osmand:speed>
                </extensions>
            </trkpt>
            <trkpt lat="-40.1175388" lon="-71.6605809">
                <ele>652</ele>
                <extensions>
                    <osmand:speed>16.4</osmand:speed>
                </extensions>
            </trkpt>
            <trkpt lat="-40.1181193" lon="-71.6602725">
                <ele>651.7</ele>
                <extensions>
                    <osmand:speed>16.4</osmand:speed>
                </extensions>
            </trkpt>
            <trkpt lat="-40.1183757" lon="-71.6601464">
                <ele>651.5</ele>
                <extensions>
                    <osmand:speed>16.4</osmand:speed>
                </extensions>
            </trkpt>
            <trkpt lat="-40.1186669" lon="-71.6600338">
                <ele>650</ele>
                <extensions>
                    <osmand:speed>16.4</osmand:speed>
                </extensions>
            </trkpt>
            <trkpt lat="-40.1191633" lon="-71.6598246">
                <ele>646.5</ele>
                <extensions>
                    <osmand:speed>16.4</osmand:speed>
                </extensions>
            </trkpt>
            <trkpt lat="-40.1192412" lon="-71.659779">
                <ele>646</ele>
                <extensions>
                    <osmand:speed>16.4</osmand:speed>
                </extensions>
            </trkpt>
            <trkpt lat="-40.1193212" lon="-71.6597119">
                <ele>645.5</ele>
                <extensions>
                    <osmand:speed>16.4</osmand:speed>
                </extensions>
            </trkpt>
            <trkpt lat="-40.1193725" lon="-71.6596502">
                <ele>645.2</ele>
                <extensions>
                    <osmand:speed>16.4</osmand:speed>
                </extensions>
            </trkpt>
            <trkpt lat="-40.1194176" lon="-71.6595617">
                <ele>645</ele>
                <extensions>
                    <osmand:speed>16.4</osmand:speed>
                </extensions>
            </trkpt>
            <trkpt lat="-40.1194463" lon="-71.6594812">
                <ele>644.8</ele>
                <extensions>
                    <osmand:speed>16.4</osmand:speed>
                </extensions>
            </trkpt>
            <trkpt lat="-40.1194751" lon="-71.6593713">
                <ele>644.2</ele>
                <extensions>
                    <osmand:speed>16.4</osmand:speed>
                </extensions>
            </trkpt>
            <trkpt lat="-40.1194792" lon="-71.6592962">
                <ele>644</ele>
                <extensions>
                    <osmand:speed>16.4</osmand:speed>
                </extensions>
            </trkpt>
            <trkpt lat="-40.1194792" lon="-71.659213">
                <ele>643.8</ele>
                <extensions>
                    <osmand:speed>16.4</osmand:speed>
                </extensions>
            </trkpt>
            <trkpt lat="-40.1194135" lon="-71.6584164">
                <ele>643</ele>
                <extensions>
                    <osmand:speed>16.4</osmand:speed>
                </extensions>
            </trkpt>
            <trkpt lat="-40.1193848" lon="-71.6579631">
                <ele>643.2</ele>
                <extensions>
                    <osmand:speed>16.4</osmand:speed>
                </extensions>
            </trkpt>
            <trkpt lat="-40.119393" lon="-71.6577137">
                <ele>643.5</ele>
                <extensions>
                    <osmand:speed>16.4</osmand:speed>
                </extensions>
            </trkpt>
            <trkpt lat="-40.1194279" lon="-71.6574588">
                <ele>643.8</ele>
                <extensions>
                    <osmand:speed>16.4</osmand:speed>
                </extensions>
            </trkpt>
            <trkpt lat="-40.1194812" lon="-71.6571799">
                <ele>645.5</ele>
                <extensions>
                    <osmand:speed>16.4</osmand:speed>
                </extensions>
            </trkpt>
            <trkpt lat="-40.1195571" lon="-71.6569036">
                <ele>646</ele>
                <extensions>
                    <osmand:speed>16.4</osmand:speed>
                </extensions>
            </trkpt>
            <trkpt lat="-40.1201601" lon="-71.6552433">
                <ele>643.5</ele>
                <extensions>
                    <osmand:speed>16.4</osmand:speed>
                </extensions>
            </trkpt>
            <trkpt lat="-40.1205334" lon="-71.6541839">
                <ele>645</ele>
                <extensions>
                    <osmand:speed>16.4</osmand:speed>
                </extensions>
            </trkpt>
            <trkpt lat="-40.1207078" lon="-71.6537896">
                <ele>646.2</ele>
                <extensions>
                    <osmand:speed>16.4</osmand:speed>
                </extensions>
            </trkpt>
            <trkpt lat="-40.1208677" lon="-71.653457">
                <ele>648</ele>
                <extensions>
                    <osmand:speed>16.4</osmand:speed>
                </extensions>
            </trkpt>
            <trkpt lat="-40.1210687" lon="-71.6531619">
                <ele>650</ele>
                <extensions>
                    <osmand:speed>16.4</osmand:speed>
                </extensions>
            </trkpt>
            <trkpt lat="-40.121239" lon="-71.6528937">
                <ele>652</ele>
                <extensions>
                    <osmand:speed>16.4</osmand:speed>
                </extensions>
            </trkpt>
            <trkpt lat="-40.1220512" lon="-71.6517216">
                <ele>651.8</ele>
                <extensions>
                    <osmand:speed>16.4</osmand:speed>
                </extensions>
            </trkpt>
            <trkpt lat="-40.1222542" lon="-71.6513246">
                <ele>649.2</ele>
                <extensions>
                    <osmand:speed>16.4</osmand:speed>
                </extensions>
            </trkpt>
            <trkpt lat="-40.1227526" lon="-71.6499728">
                <ele>643.2</ele>
                <extensions>
                    <osmand:speed>16.4</osmand:speed>
                </extensions>
            </trkpt>
            <trkpt lat="-40.1229126" lon="-71.6494149">
                <ele>645.8</ele>
                <extensions>
                    <osmand:speed>16.4</osmand:speed>
                </extensions>
            </trkpt>
            <trkpt lat="-40.1230295" lon="-71.6490984">
                <ele>647.5</ele>
                <extensions>
                    <osmand:speed>16.4</osmand:speed>
                </extensions>
            </trkpt>
            <trkpt lat="-40.1231567" lon="-71.6488221">
                <ele>650.5</ele>
                <extensions>
                    <osmand:speed>16.4</osmand:speed>
                </extensions>
            </trkpt>
            <trkpt lat="-40.1233392" lon="-71.6486156">
                <ele>651.5</ele>
                <extensions>
                    <osmand:speed>16.4</osmand:speed>
                </extensions>
            </trkpt>
            <trkpt lat="-40.1235566" lon="-71.6484493">
                <ele>651.8</ele>
                <extensions>
                    <osmand:speed>16.4</osmand:speed>
                </extensions>
            </trkpt>
            <trkpt lat="-40.1245841" lon="-71.647937">
                <ele>650.5</ele>
                <extensions>
                    <osmand:speed>16.4</osmand:speed>
                </extensions>
            </trkpt>
            <trkpt lat="-40.1247523" lon="-71.6478297">
                <ele>650.6</ele>
                <extensions>
                    <osmand:speed>16.4</osmand:speed>
                </extensions>
            </trkpt>
            <trkpt lat="-40.1252835" lon="-71.6474703">
                <ele>651</ele>
                <extensions>
                    <osmand:speed>16.4</osmand:speed>
                </extensions>
            </trkpt>
            <trkpt lat="-40.1257203" lon="-71.6471538">
                <ele>652.2</ele>
                <extensions>
                    <osmand:speed>16.4</osmand:speed>
                </extensions>
            </trkpt>
            <trkpt lat="-40.1258454" lon="-71.6470197">
                <ele>653</ele>
                <extensions>
                    <osmand:speed>16.4</osmand:speed>
                </extensions>
            </trkpt>
            <trkpt lat="-40.125948" lon="-71.6468641">
                <ele>654</ele>
                <extensions>
                    <osmand:speed>16.4</osmand:speed>
                </extensions>
            </trkpt>
            <trkpt lat="-40.1260157" lon="-71.6466871">
                <ele>654.8</ele>
                <extensions>
                    <osmand:speed>16.4</osmand:speed>
                </extensions>
            </trkpt>
            <trkpt lat="-40.1263233" lon="-71.6458395">
                <ele>655.5</ele>
                <extensions>
                    <osmand:speed>16.4</osmand:speed>
                </extensions>
            </trkpt>
            <trkpt lat="-40.1264012" lon="-71.6456974">
                <ele>655.2</ele>
                <extensions>
                    <osmand:speed>16.4</osmand:speed>
                </extensions>
            </trkpt>
            <trkpt lat="-40.1264874" lon="-71.6455632">
                <ele>655.5</ele>
                <extensions>
                    <osmand:speed>16.4</osmand:speed>
                </extensions>
            </trkpt>
            <trkpt lat="-40.1265899" lon="-71.6454935">
                <ele>655</ele>
                <extensions>
                    <osmand:speed>16.4</osmand:speed>
                </extensions>
            </trkpt>
            <trkpt lat="-40.1267458" lon="-71.6454157">
                <ele>654.5</ele>
                <extensions>
                    <osmand:speed>16.4</osmand:speed>
                </extensions>
            </trkpt>
            <trkpt lat="-40.1278409" lon="-71.6449973">
                <ele>653</ele>
                <extensions>
                    <osmand:speed>16.4</osmand:speed>
                </extensions>
            </trkpt>
            <trkpt lat="-40.1279968" lon="-71.6449222">
                <ele>653.4</ele>
                <extensions>
                    <osmand:speed>16.4</osmand:speed>
                </extensions>
            </trkpt>
            <trkpt lat="-40.1284418" lon="-71.6446191">
                <ele>654.8</ele>
                <extensions>
                    <osmand:speed>16.4</osmand:speed>
                </extensions>
            </trkpt>
            <trkpt lat="-40.1285567" lon="-71.6445923">
                <ele>654</ele>
                <extensions>
                    <osmand:speed>16.4</osmand:speed>
                </extensions>
            </trkpt>
            <trkpt lat="-40.129338" lon="-71.6445574">
                <ele>649.5</ele>
                <extensions>
                    <osmand:speed>16.4</osmand:speed>
                </extensions>
            </trkpt>
            <trkpt lat="-40.1297174" lon="-71.6444582">
                <ele>651.2</ele>
                <extensions>
                    <osmand:speed>16.4</osmand:speed>
                </extensions>
            </trkpt>
            <trkpt lat="-40.1298712" lon="-71.6443911">
                <ele>652.5</ele>
                <extensions>
                    <osmand:speed>16.4</osmand:speed>
                </extensions>
            </trkpt>
            <trkpt lat="-40.1299984" lon="-71.644316">
                <ele>653.5</ele>
                <extensions>
                    <osmand:speed>16.4</osmand:speed>
                </extensions>
            </trkpt>
            <trkpt lat="-40.1303163" lon="-71.6440129">
                <ele>657.2</ele>
                <extensions>
                    <osmand:speed>16.4</osmand:speed>
                </extensions>
            </trkpt>
            <trkpt lat="-40.1304598" lon="-71.6439298">
                <ele>657.8</ele>
                <extensions>
                    <osmand:speed>16.4</osmand:speed>
                </extensions>
            </trkpt>
            <trkpt lat="-40.1306136" lon="-71.6438735">
                <ele>658</ele>
                <extensions>
                    <osmand:speed>16.4</osmand:speed>
                </extensions>
            </trkpt>
            <trkpt lat="-40.1313765" lon="-71.6436321">
                <ele>658.8</ele>
                <extensions>
                    <osmand:speed>16.4</osmand:speed>
                </extensions>
            </trkpt>
            <trkpt lat="-40.1314954" lon="-71.6435784">
                <ele>659.2</ele>
                <extensions>
                    <osmand:speed>16.4</osmand:speed>
                </extensions>
            </trkpt>
            <trkpt lat="-40.1316574" lon="-71.643447">
                <ele>660.5</ele>
                <extensions>
                    <osmand:speed>16.4</osmand:speed>
                </extensions>
            </trkpt>
            <trkpt lat="-40.1317702" lon="-71.6432941">
                <ele>661.8</ele>
                <extensions>
                    <osmand:speed>16.4</osmand:speed>
                </extensions>
            </trkpt>
            <trkpt lat="-40.1320348" lon="-71.6427684">
                <ele>670.8</ele>
                <extensions>
                    <osmand:speed>16.4</osmand:speed>
                </extensions>
            </trkpt>
            <trkpt lat="-40.1321763" lon="-71.6425109">
                <ele>674.2</ele>
                <extensions>
                    <osmand:speed>16.4</osmand:speed>
                </extensions>
            </trkpt>
            <trkpt lat="-40.132287" lon="-71.6423741">
                <ele>676</ele>
                <extensions>
                    <osmand:speed>16.4</osmand:speed>
                </extensions>
            </trkpt>
            <trkpt lat="-40.1323957" lon="-71.6422909">
                <ele>677.2</ele>
                <extensions>
                    <osmand:speed>16.4</osmand:speed>
                </extensions>
            </trkpt>
            <trkpt lat="-40.1335051" lon="-71.6415668">
                <ele>680</ele>
                <extensions>
                    <osmand:speed>16.4</osmand:speed>
                </extensions>
            </trkpt>
            <trkpt lat="-40.134713" lon="-71.6408506">
                <ele>673.5</ele>
                <extensions>
                    <osmand:speed>16.4</osmand:speed>
                </extensions>
            </trkpt>
            <trkpt lat="-40.1355107" lon="-71.6405261">
                <ele>664.8</ele>
                <extensions>
                    <osmand:speed>16.4</osmand:speed>
                </extensions>
            </trkpt>
            <trkpt lat="-40.1357608" lon="-71.6403893">
                <ele>661.8</ele>
                <extensions>
                    <osmand:speed>16.4</osmand:speed>
                </extensions>
            </trkpt>
            <trkpt lat="-40.1359761" lon="-71.640223">
                <ele>659.8</ele>
                <extensions>
                    <osmand:speed>16.4</osmand:speed>
                </extensions>
            </trkpt>
            <trkpt lat="-40.1363575" lon="-71.6398367">
                <ele>656.2</ele>
                <extensions>
                    <osmand:speed>16.4</osmand:speed>
                </extensions>
            </trkpt>
            <trkpt lat="-40.1365093" lon="-71.6396704">
                <ele>656</ele>
                <extensions>
                    <osmand:speed>16.4</osmand:speed>
                </extensions>
            </trkpt>
            <trkpt lat="-40.1366426" lon="-71.6395605">
                <ele>656.2</ele>
                <extensions>
                    <osmand:speed>16.4</osmand:speed>
                </extensions>
            </trkpt>
            <trkpt lat="-40.1367759" lon="-71.6394371">
                <ele>657.2</ele>
                <extensions>
                    <osmand:speed>16.4</osmand:speed>
                </extensions>
            </trkpt>
            <trkpt lat="-40.1369338" lon="-71.6393405">
                <ele>656.8</ele>
                <extensions>
                    <osmand:speed>16.4</osmand:speed>
                </extensions>
            </trkpt>
            <trkpt lat="-40.1371696" lon="-71.639185">
                <ele>656.2</ele>
                <extensions>
                    <osmand:speed>16.4</osmand:speed>
                </extensions>
            </trkpt>
            <trkpt lat="-40.1373439" lon="-71.6390643">
                <ele>656</ele>
                <extensions>
                    <osmand:speed>16.4</osmand:speed>
                </extensions>
            </trkpt>
            <trkpt lat="-40.1375018" lon="-71.6389355">
                <ele>655.5</ele>
                <extensions>
                    <osmand:speed>16.4</osmand:speed>
                </extensions>
            </trkpt>
            <trkpt lat="-40.1376597" lon="-71.6387665">
                <ele>655</ele>
                <extensions>
                    <osmand:speed>16.4</osmand:speed>
                </extensions>
            </trkpt>
            <trkpt lat="-40.1377827" lon="-71.6386136">
                <ele>655.4</ele>
                <extensions>
                    <osmand:speed>16.4</osmand:speed>
                </extensions>
            </trkpt>
            <trkpt lat="-40.1378996" lon="-71.6383883">
                <ele>656</ele>
                <extensions>
                    <osmand:speed>16.4</osmand:speed>
                </extensions>
            </trkpt>
            <trkpt lat="-40.1380616" lon="-71.638037">
                <ele>657.5</ele>
                <extensions>
                    <osmand:speed>16.4</osmand:speed>
                </extensions>
            </trkpt>
            <trkpt lat="-40.1382277" lon="-71.6376051">
                <ele>660.8</ele>
                <extensions>
                    <osmand:speed>16.4</osmand:speed>
                </extensions>
            </trkpt>
            <trkpt lat="-40.1382933" lon="-71.6374522">
                <ele>661</ele>
                <extensions>
                    <osmand:speed>16.4</osmand:speed>
                </extensions>
            </trkpt>
            <trkpt lat="-40.1383712" lon="-71.6372725">
                <ele>661.5</ele>
                <extensions>
                    <osmand:speed>16.4</osmand:speed>
                </extensions>
            </trkpt>
            <trkpt lat="-40.1384676" lon="-71.6371518">
                <ele>661</ele>
                <extensions>
                    <osmand:speed>16.4</osmand:speed>
                </extensions>
            </trkpt>
            <trkpt lat="-40.1385742" lon="-71.637058">
                <ele>660</ele>
                <extensions>
                    <osmand:speed>16.4</osmand:speed>
                </extensions>
            </trkpt>
            <trkpt lat="-40.1386952" lon="-71.6369855">
                <ele>658.2</ele>
                <extensions>
                    <osmand:speed>16.4</osmand:speed>
                </extensions>
            </trkpt>
            <trkpt lat="-40.13881" lon="-71.6369265">
                <ele>656.8</ele>
                <extensions>
                    <osmand:speed>16.4</osmand:speed>
                </extensions>
            </trkpt>
            <trkpt lat="-40.1389597" lon="-71.6368809">
                <ele>655.2</ele>
                <extensions>
                    <osmand:speed>16.4</osmand:speed>
                </extensions>
            </trkpt>
            <trkpt lat="-40.1391504" lon="-71.6368675">
                <ele>653.5</ele>
                <extensions>
                    <osmand:speed>16.4</osmand:speed>
                </extensions>
            </trkpt>
            <trkpt lat="-40.1393575" lon="-71.6368783">
                <ele>651.2</ele>
                <extensions>
                    <osmand:speed>16.4</osmand:speed>
                </extensions>
            </trkpt>
            <trkpt lat="-40.1399009" lon="-71.6369694">
                <ele>645.8</ele>
                <extensions>
                    <osmand:speed>16.4</osmand:speed>
                </extensions>
            </trkpt>
            <trkpt lat="-40.1400916" lon="-71.6370016">
                <ele>644.2</ele>
                <extensions>
                    <osmand:speed>16.4</osmand:speed>
                </extensions>
            </trkpt>
            <trkpt lat="-40.1402638" lon="-71.6370016">
                <ele>643.2</ele>
                <extensions>
                    <osmand:speed>16.4</osmand:speed>
                </extensions>
            </trkpt>
            <trkpt lat="-40.1404217" lon="-71.6369855">
                <ele>643</ele>
                <extensions>
                    <osmand:speed>16.4</osmand:speed>
                </extensions>
            </trkpt>
            <trkpt lat="-40.1405468" lon="-71.6369507">
                <ele>643.2</ele>
                <extensions>
                    <osmand:speed>16.4</osmand:speed>
                </extensions>
            </trkpt>
            <trkpt lat="-40.1406821" lon="-71.6368809">
                <ele>643.5</ele>
                <extensions>
                    <osmand:speed>16.4</osmand:speed>
                </extensions>
            </trkpt>
            <trkpt lat="-40.140799" lon="-71.6368192">
                <ele>644</ele>
                <extensions>
                    <osmand:speed>16.4</osmand:speed>
                </extensions>
            </trkpt>
            <trkpt lat="-40.1409979" lon="-71.6366744">
                <ele>644.5</ele>
                <extensions>
                    <osmand:speed>16.4</osmand:speed>
                </extensions>
            </trkpt>
            <trkpt lat="-40.1411168" lon="-71.6365644">
                <ele>645.5</ele>
                <extensions>
                    <osmand:speed>16.4</osmand:speed>
                </extensions>
            </trkpt>
            <trkpt lat="-40.1412214" lon="-71.6364437">
                <ele>646.8</ele>
                <extensions>
                    <osmand:speed>16.4</osmand:speed>
                </extensions>
            </trkpt>
            <trkpt lat="-40.1413157" lon="-71.6362882">
                <ele>648</ele>
                <extensions>
                    <osmand:speed>16.4</osmand:speed>
                </extensions>
            </trkpt>
            <trkpt lat="-40.1413854" lon="-71.6361272">
                <ele>648.8</ele>
                <extensions>
                    <osmand:speed>16.4</osmand:speed>
                </extensions>
            </trkpt>
            <trkpt lat="-40.1414264" lon="-71.6359475">
                <ele>649.5</ele>
                <extensions>
                    <osmand:speed>16.4</osmand:speed>
                </extensions>
            </trkpt>
            <trkpt lat="-40.1414449" lon="-71.6357732">
                <ele>650.5</ele>
                <extensions>
                    <osmand:speed>16.4</osmand:speed>
                </extensions>
            </trkpt>
            <trkpt lat="-40.1414613" lon="-71.6355264">
                <ele>652</ele>
                <extensions>
                    <osmand:speed>16.4</osmand:speed>
                </extensions>
            </trkpt>
            <trkpt lat="-40.1414613" lon="-71.6350383">
                <ele>654.2</ele>
                <extensions>
                    <osmand:speed>16.4</osmand:speed>
                </extensions>
            </trkpt>
            <trkpt lat="-40.1414531" lon="-71.6348988">
                <ele>655.2</ele>
                <extensions>
                    <osmand:speed>16.4</osmand:speed>
                </extensions>
            </trkpt>
            <trkpt lat="-40.1414654" lon="-71.6347513">
                <ele>656.2</ele>
                <extensions>
                    <osmand:speed>16.4</osmand:speed>
                </extensions>
            </trkpt>
            <trkpt lat="-40.1414941" lon="-71.6345876">
                <ele>657.5</ele>
                <extensions>
                    <osmand:speed>16.4</osmand:speed>
                </extensions>
            </trkpt>
            <trkpt lat="-40.1415351" lon="-71.6344374">
                <ele>658.8</ele>
                <extensions>
                    <osmand:speed>16.4</osmand:speed>
                </extensions>
            </trkpt>
            <trkpt lat="-40.1415966" lon="-71.634306">
                <ele>660</ele>
                <extensions>
                    <osmand:speed>16.4</osmand:speed>
                </extensions>
            </trkpt>
            <trkpt lat="-40.1417258" lon="-71.6341183">
                <ele>661.2</ele>
                <extensions>
                    <osmand:speed>16.4</osmand:speed>
                </extensions>
            </trkpt>
            <trkpt lat="-40.1417996" lon="-71.6340002">
                <ele>662</ele>
                <extensions>
                    <osmand:speed>16.4</osmand:speed>
                </extensions>
            </trkpt>
            <trkpt lat="-40.1418939" lon="-71.6338447">
                <ele>663.2</ele>
                <extensions>
                    <osmand:speed>16.4</osmand:speed>
                </extensions>
            </trkpt>
            <trkpt lat="-40.1419698" lon="-71.6337132">
                <ele>664</ele>
                <extensions>
                    <osmand:speed>16.4</osmand:speed>
                </extensions>
            </trkpt>
            <trkpt lat="-40.14206" lon="-71.6334772">
                <ele>664.5</ele>
                <extensions>
                    <osmand:speed>16.4</osmand:speed>
                </extensions>
            </trkpt>
            <trkpt lat="-40.142142" lon="-71.6332626">
                <ele>665.2</ele>
                <extensions>
                    <osmand:speed>16.4</osmand:speed>
                </extensions>
            </trkpt>
            <trkpt lat="-40.1422712" lon="-71.6327181">
                <ele>666</ele>
                <extensions>
                    <osmand:speed>16.4</osmand:speed>
                </extensions>
            </trkpt>
            <trkpt lat="-40.1423901" lon="-71.63212">
                <ele>667</ele>
                <extensions>
                    <osmand:speed>16.4</osmand:speed>
                </extensions>
            </trkpt>
            <trkpt lat="-40.1424988" lon="-71.6315353">
                <ele>670.5</ele>
                <extensions>
                    <osmand:speed>16.4</osmand:speed>
                </extensions>
            </trkpt>
            <trkpt lat="-40.1425541" lon="-71.6312242">
                <ele>672</ele>
                <extensions>
                    <osmand:speed>16.4</osmand:speed>
                </extensions>
            </trkpt>
            <trkpt lat="-40.142591" lon="-71.6309801">
                <ele>672.8</ele>
                <extensions>
                    <osmand:speed>16.4</osmand:speed>
                </extensions>
            </trkpt>
            <trkpt lat="-40.1426115" lon="-71.6307494">
                <ele>673</ele>
                <extensions>
                    <osmand:speed>16.4</osmand:speed>
                </extensions>
            </trkpt>
            <trkpt lat="-40.1426136" lon="-71.6307199">
                <ele>673.2</ele>
                <extensions>
                    <osmand:speed>16.4</osmand:speed>
                </extensions>
            </trkpt>
            <trkpt lat="-40.1426238" lon="-71.6305616">
                <ele>674</ele>
                <extensions>
                    <osmand:speed>16.4</osmand:speed>
                </extensions>
            </trkpt>
            <trkpt lat="-40.1426279" lon="-71.6303658">
                <ele>673.6</ele>
                <extensions>
                    <osmand:speed>16.4</osmand:speed>
                </extensions>
            </trkpt>
            <trkpt lat="-40.14263" lon="-71.6301835">
                <ele>673.2</ele>
                <extensions>
                    <osmand:speed>16.4</osmand:speed>
                </extensions>
            </trkpt>
            <trkpt lat="-40.1424885" lon="-71.6255218">
                <ele>673.8</ele>
                <extensions>
                    <osmand:speed>16.4</osmand:speed>
                </extensions>
            </trkpt>
            <trkpt lat="-40.1424701" lon="-71.624921">
                <extensions>
                    <osmand:speed>16.4</osmand:speed>
                </extensions>
            </trkpt>
            <trkpt lat="-40.1424701" lon="-71.6246501">
                <ele>680</ele>
                <extensions>
                    <osmand:speed>16.4</osmand:speed>
                </extensions>
            </trkpt>
            <trkpt lat="-40.1424742" lon="-71.6244569">
                <ele>680.8</ele>
                <extensions>
                    <osmand:speed>16.4</osmand:speed>
                </extensions>
            </trkpt>
            <trkpt lat="-40.1424824" lon="-71.624296">
                <ele>681</ele>
                <extensions>
                    <osmand:speed>16.4</osmand:speed>
                </extensions>
            </trkpt>
            <trkpt lat="-40.1424988" lon="-71.6241807">
                <ele>680.8</ele>
                <extensions>
                    <osmand:speed>16.4</osmand:speed>
                </extensions>
            </trkpt>
            <trkpt lat="-40.1425254" lon="-71.6240197">
                <ele>680.2</ele>
                <extensions>
                    <osmand:speed>16.4</osmand:speed>
                </extensions>
            </trkpt>
            <trkpt lat="-40.1425603" lon="-71.6238749">
                <ele>679.5</ele>
                <extensions>
                    <osmand:speed>16.4</osmand:speed>
                </extensions>
            </trkpt>
            <trkpt lat="-40.1425992" lon="-71.6237301">
                <ele>678.8</ele>
                <extensions>
                    <osmand:speed>16.4</osmand:speed>
                </extensions>
            </trkpt>
            <trkpt lat="-40.1426464" lon="-71.623596">
                <ele>678</ele>
                <extensions>
                    <osmand:speed>16.4</osmand:speed>
                </extensions>
            </trkpt>
            <trkpt lat="-40.1427038" lon="-71.6234592">
                <ele>676.8</ele>
                <extensions>
                    <osmand:speed>16.4</osmand:speed>
                </extensions>
            </trkpt>
            <trkpt lat="-40.1427633" lon="-71.6233411">
                <ele>675.5</ele>
                <extensions>
                    <osmand:speed>16.4</osmand:speed>
                </extensions>
            </trkpt>
            <trkpt lat="-40.1429068" lon="-71.6230702">
                <ele>672.5</ele>
                <extensions>
                    <osmand:speed>16.4</osmand:speed>
                </extensions>
            </trkpt>
            <trkpt lat="-40.1433825" lon="-71.6222227">
                <ele>669</ele>
                <extensions>
                    <osmand:speed>16.4</osmand:speed>
                </extensions>
            </trkpt>
            <trkpt lat="-40.1440263" lon="-71.6210532">
                <ele>667.8</ele>
                <extensions>
                    <osmand:speed>16.4</osmand:speed>
                </extensions>
            </trkpt>
            <trkpt lat="-40.1444446" lon="-71.6202861">
                <ele>670</ele>
                <extensions>
                    <osmand:speed>16.4</osmand:speed>
                </extensions>
            </trkpt>
            <trkpt lat="-40.1447706" lon="-71.6196746">
                <ele>669.6</ele>
                <extensions>
                    <osmand:speed>16.4</osmand:speed>
                </extensions>
            </trkpt>
            <trkpt lat="-40.1448772" lon="-71.6194627">
                <ele>669.5</ele>
                <extensions>
                    <osmand:speed>16.4</osmand:speed>
                </extensions>
            </trkpt>
            <trkpt lat="-40.1450638" lon="-71.6191301">
                <ele>669</ele>
                <extensions>
                    <osmand:speed>16.4</osmand:speed>
                </extensions>
            </trkpt>
            <trkpt lat="-40.1452032" lon="-71.6187975">
                <ele>668.5</ele>
                <extensions>
                    <osmand:speed>16.4</osmand:speed>
                </extensions>
            </trkpt>
            <trkpt lat="-40.1452975" lon="-71.6185614">
                <ele>668.6</ele>
                <extensions>
                    <osmand:speed>16.4</osmand:speed>
                </extensions>
            </trkpt>
            <trkpt lat="-40.1453652" lon="-71.6183415">
                <ele>668.7</ele>
                <extensions>
                    <osmand:speed>16.4</osmand:speed>
                </extensions>
            </trkpt>
            <trkpt lat="-40.1454103" lon="-71.6181377">
                <ele>668.8</ele>
                <extensions>
                    <osmand:speed>16.4</osmand:speed>
                </extensions>
            </trkpt>
            <trkpt lat="-40.1454554" lon="-71.6178721">
                <ele>669.8</ele>
                <extensions>
                    <osmand:speed>16.4</osmand:speed>
                </extensions>
            </trkpt>
            <trkpt lat="-40.1457014" lon="-71.6159436">
                <ele>673.5</ele>
                <extensions>
                    <osmand:speed>16.4</osmand:speed>
                </extensions>
            </trkpt>
            <trkpt lat="-40.1458224" lon="-71.615375">
                <ele>674.5</ele>
                <extensions>
                    <osmand:speed>16.4</osmand:speed>
                </extensions>
            </trkpt>
            <trkpt lat="-40.1460295" lon="-71.6146293">
                <ele>673</ele>
                <extensions>
                    <osmand:speed>16.4</osmand:speed>
                </extensions>
            </trkpt>
            <trkpt lat="-40.1463431" lon="-71.6136771">
                <ele>669</ele>
                <extensions>
                    <osmand:speed>16.4</osmand:speed>
                </extensions>
            </trkpt>
            <trkpt lat="-40.1469295" lon="-71.6122261">
                <ele>662.8</ele>
                <extensions>
                    <osmand:speed>16.4</osmand:speed>
                </extensions>
            </trkpt>
            <trkpt lat="-40.1470894" lon="-71.6118157">
                <ele>662</ele>
                <extensions>
                    <osmand:speed>16.4</osmand:speed>
                </extensions>
            </trkpt>
            <trkpt lat="-40.1474831" lon="-71.6110781">
                <ele>661.2</ele>
                <extensions>
                    <osmand:speed>16.4</osmand:speed>
                </extensions>
            </trkpt>
            <trkpt lat="-40.1478931" lon="-71.6104344">
                <ele>658.8</ele>
                <extensions>
                    <osmand:speed>16.4</osmand:speed>
                </extensions>
            </trkpt>
            <trkpt lat="-40.1488321" lon="-71.609222">
                <ele>659.8</ele>
                <extensions>
                    <osmand:speed>16.4</osmand:speed>
                </extensions>
            </trkpt>
            <trkpt lat="-40.1490474" lon="-71.6089833">
                <ele>659.1</ele>
                <extensions>
                    <osmand:speed>16.4</osmand:speed>
                </extensions>
            </trkpt>
            <trkpt lat="-40.1510648" lon="-71.6071352">
                <ele>653.8</ele>
                <extensions>
                    <osmand:speed>16.4</osmand:speed>
                </extensions>
            </trkpt>
            <trkpt lat="-40.1521308" lon="-71.6060919">
                <ele>661.5</ele>
                <extensions>
                    <osmand:speed>16.4</osmand:speed>
                </extensions>
            </trkpt>
            <trkpt lat="-40.1527746" lon="-71.6055045">
                <ele>663.5</ele>
                <extensions>
                    <osmand:speed>16.4</osmand:speed>
                </extensions>
            </trkpt>
            <trkpt lat="-40.1529796" lon="-71.605255">
                <ele>663.9</ele>
                <extensions>
                    <osmand:speed>16.4</osmand:speed>
                </extensions>
            </trkpt>
            <trkpt lat="-40.1531313" lon="-71.6050109">
                <ele>664.2</ele>
                <extensions>
                    <osmand:speed>16.4</osmand:speed>
                </extensions>
            </trkpt>
            <trkpt lat="-40.1533588" lon="-71.6044933">
                <ele>667.8</ele>
                <extensions>
                    <osmand:speed>16.4</osmand:speed>
                </extensions>
            </trkpt>
            <trkpt lat="-40.154183" lon="-71.6022429">
                <ele>679</ele>
                <extensions>
                    <osmand:speed>16.4</osmand:speed>
                </extensions>
            </trkpt>
            <trkpt lat="-40.1542117" lon="-71.6019961">
                <ele>679.5</ele>
                <extensions>
                    <osmand:speed>16.4</osmand:speed>
                </extensions>
            </trkpt>
            <trkpt lat="-40.1541051" lon="-71.6004404">
                <ele>684</ele>
                <extensions>
                    <osmand:speed>16.4</osmand:speed>
                </extensions>
            </trkpt>
            <trkpt lat="-40.1540497" lon="-71.6001669">
                <ele>686.2</ele>
                <extensions>
                    <osmand:speed>16.4</osmand:speed>
                </extensions>
            </trkpt>
            <trkpt lat="-40.1539534" lon="-71.5999308">
                <ele>687.8</ele>
                <extensions>
                    <osmand:speed>16.4</osmand:speed>
                </extensions>
            </trkpt>
            <trkpt lat="-40.1535372" lon="-71.598976">
                <ele>702.5</ele>
                <extensions>
                    <osmand:speed>16.4</osmand:speed>
                </extensions>
            </trkpt>
            <trkpt lat="-40.1533752" lon="-71.5986621">
                <ele>708.2</ele>
                <extensions>
                    <osmand:speed>16.4</osmand:speed>
                </extensions>
            </trkpt>
            <trkpt lat="-40.1530083" lon="-71.5982115">
                <ele>716.5</ele>
                <extensions>
                    <osmand:speed>16.4</osmand:speed>
                </extensions>
            </trkpt>
            <trkpt lat="-40.1528607" lon="-71.5978736">
                <ele>722.8</ele>
                <extensions>
                    <osmand:speed>16.4</osmand:speed>
                </extensions>
            </trkpt>
            <trkpt lat="-40.1528074" lon="-71.5975919">
                <ele>725.5</ele>
                <extensions>
                    <osmand:speed>16.4</osmand:speed>
                </extensions>
            </trkpt>
            <trkpt lat="-40.1527561" lon="-71.5972862">
                <ele>726.8</ele>
                <extensions>
                    <osmand:speed>16.4</osmand:speed>
                </extensions>
            </trkpt>
            <trkpt lat="-40.1527869" lon="-71.5961462">
                <ele>726.2</ele>
                <extensions>
                    <osmand:speed>16.4</osmand:speed>
                </extensions>
            </trkpt>
            <trkpt lat="-40.1527725" lon="-71.5959477">
                <ele>725.8</ele>
                <extensions>
                    <osmand:speed>16.4</osmand:speed>
                </extensions>
            </trkpt>
            <trkpt lat="-40.1527049" lon="-71.5957063">
                <ele>725</ele>
                <extensions>
                    <osmand:speed>16.4</osmand:speed>
                </extensions>
            </trkpt>
            <trkpt lat="-40.1525942" lon="-71.595473">
                <ele>725.2</ele>
                <extensions>
                    <osmand:speed>16.4</osmand:speed>
                </extensions>
            </trkpt>
            <trkpt lat="-40.1524609" lon="-71.5952611">
                <ele>726.5</ele>
                <extensions>
                    <osmand:speed>16.4</osmand:speed>
                </extensions>
            </trkpt>
            <trkpt lat="-40.1522313" lon="-71.594899">
                <ele>728.2</ele>
                <extensions>
                    <osmand:speed>16.4</osmand:speed>
                </extensions>
            </trkpt>
            <trkpt lat="-40.1519135" lon="-71.5945449">
                <ele>732.5</ele>
                <extensions>
                    <osmand:speed>16.4</osmand:speed>
                </extensions>
            </trkpt>
            <trkpt lat="-40.1514113" lon="-71.5938556">
                <ele>737.2</ele>
                <extensions>
                    <osmand:speed>16.4</osmand:speed>
                </extensions>
            </trkpt>
            <trkpt lat="-40.1513436" lon="-71.5936437">
                <ele>738.8</ele>
                <extensions>
                    <osmand:speed>16.4</osmand:speed>
                </extensions>
            </trkpt>
            <trkpt lat="-40.1512964" lon="-71.5934023">
                <ele>741</ele>
                <extensions>
                    <osmand:speed>16.4</osmand:speed>
                </extensions>
            </trkpt>
            <trkpt lat="-40.1513087" lon="-71.5929142">
                <ele>745.8</ele>
                <extensions>
                    <osmand:speed>16.4</osmand:speed>
                </extensions>
            </trkpt>
            <trkpt lat="-40.1513846" lon="-71.5927157">
                <ele>748</ele>
                <extensions>
                    <osmand:speed>16.4</osmand:speed>
                </extensions>
            </trkpt>
            <trkpt lat="-40.1514687" lon="-71.5925896">
                <ele>749.2</ele>
                <extensions>
                    <osmand:speed>16.4</osmand:speed>
                </extensions>
            </trkpt>
            <trkpt lat="-40.1519627" lon="-71.59219">
                <ele>754.2</ele>
                <extensions>
                    <osmand:speed>16.4</osmand:speed>
                </extensions>
            </trkpt>
            <trkpt lat="-40.1520468" lon="-71.5920156">
                <ele>756.8</ele>
                <extensions>
                    <osmand:speed>16.4</osmand:speed>
                </extensions>
            </trkpt>
            <trkpt lat="-40.1520857" lon="-71.5917501">
                <ele>759</ele>
                <extensions>
                    <osmand:speed>16.4</osmand:speed>
                </extensions>
            </trkpt>
            <trkpt lat="-40.1520632" lon="-71.5912271">
                <ele>761.2</ele>
                <extensions>
                    <osmand:speed>16.4</osmand:speed>
                </extensions>
            </trkpt>
            <trkpt lat="-40.1519463" lon="-71.5897331">
                <ele>757.2</ele>
                <extensions>
                    <osmand:speed>16.4</osmand:speed>
                </extensions>
            </trkpt>
            <trkpt lat="-40.1519525" lon="-71.5895775">
                <ele>756.5</ele>
                <extensions>
                    <osmand:speed>16.4</osmand:speed>
                </extensions>
            </trkpt>
            <trkpt lat="-40.151975" lon="-71.5894032">
                <ele>755.5</ele>
                <extensions>
                    <osmand:speed>16.4</osmand:speed>
                </extensions>
            </trkpt>
            <trkpt lat="-40.1523256" lon="-71.5880165">
                <ele>748.2</ele>
                <extensions>
                    <osmand:speed>16.4</osmand:speed>
                </extensions>
            </trkpt>
            <trkpt lat="-40.1523769" lon="-71.5876114">
                <ele>747.5</ele>
                <extensions>
                    <osmand:speed>16.4</osmand:speed>
                </extensions>
            </trkpt>
            <trkpt lat="-40.1523994" lon="-71.5871689">
                <ele>747.2</ele>
                <extensions>
                    <osmand:speed>16.4</osmand:speed>
                </extensions>
            </trkpt>
            <trkpt lat="-40.1523666" lon="-71.5868631">
                <ele>746</ele>
                <extensions>
                    <osmand:speed>16.4</osmand:speed>
                </extensions>
            </trkpt>
            <trkpt lat="-40.1522887" lon="-71.5865386">
                <ele>744.2</ele>
                <extensions>
                    <osmand:speed>16.4</osmand:speed>
                </extensions>
            </trkpt>
            <trkpt lat="-40.1520447" lon="-71.5859833">
                <ele>740.8</ele>
                <extensions>
                    <osmand:speed>16.4</osmand:speed>
                </extensions>
            </trkpt>
            <trkpt lat="-40.1519976" lon="-71.5857446">
                <ele>739.2</ele>
                <extensions>
                    <osmand:speed>16.4</osmand:speed>
                </extensions>
            </trkpt>
            <trkpt lat="-40.1519914" lon="-71.5854657">
                <ele>738.2</ele>
                <extensions>
                    <osmand:speed>16.4</osmand:speed>
                </extensions>
            </trkpt>
            <trkpt lat="-40.1521452" lon="-71.583859">
                <ele>731</ele>
                <extensions>
                    <osmand:speed>16.4</osmand:speed>
                </extensions>
            </trkpt>
            <trkpt lat="-40.1521308" lon="-71.5831321">
                <ele>722.5</ele>
                <extensions>
                    <osmand:speed>16.4</osmand:speed>
                </extensions>
            </trkpt>
            <trkpt lat="-40.1521472" lon="-71.5829068">
                <ele>719.8</ele>
                <extensions>
                    <osmand:speed>16.4</osmand:speed>
                </extensions>
            </trkpt>
            <trkpt lat="-40.1521677" lon="-71.5826628">
                <ele>716.2</ele>
                <extensions>
                    <osmand:speed>16.4</osmand:speed>
                </extensions>
            </trkpt>
            <trkpt lat="-40.1522826" lon="-71.5820673">
                <ele>710.5</ele>
                <extensions>
                    <osmand:speed>16.4</osmand:speed>
                </extensions>
            </trkpt>
            <trkpt lat="-40.1523748" lon="-71.5808603">
                <ele>701.5</ele>
                <extensions>
                    <osmand:speed>16.4</osmand:speed>
                </extensions>
            </trkpt>
            <trkpt lat="-40.1528463" lon="-71.5777248">
                <ele>689.2</ele>
                <extensions>
                    <osmand:speed>16.4</osmand:speed>
                </extensions>
            </trkpt>
            <trkpt lat="-40.1528914" lon="-71.5770945">
                <ele>685.8</ele>
                <extensions>
                    <osmand:speed>16.4</osmand:speed>
                </extensions>
            </trkpt>
            <trkpt lat="-40.1528894" lon="-71.576845">
                <ele>684</ele>
                <extensions>
                    <osmand:speed>16.4</osmand:speed>
                </extensions>
            </trkpt>
            <trkpt lat="-40.1528525" lon="-71.5765661">
                <ele>683</ele>
                <extensions>
                    <osmand:speed>16.4</osmand:speed>
                </extensions>
            </trkpt>
            <trkpt lat="-40.1524855" lon="-71.5753189">
                <ele>681</ele>
                <extensions>
                    <osmand:speed>16.4</osmand:speed>
                </extensions>
            </trkpt>
            <trkpt lat="-40.1519627" lon="-71.5732482">
                <ele>679.8</ele>
                <extensions>
                    <osmand:speed>16.4</osmand:speed>
                </extensions>
            </trkpt>
            <trkpt lat="-40.151891" lon="-71.5729719">
                <ele>678.5</ele>
                <extensions>
                    <osmand:speed>16.4</osmand:speed>
                </extensions>
            </trkpt>
            <trkpt lat="-40.1517065" lon="-71.5722477">
                <ele>677</ele>
                <extensions>
                    <osmand:speed>16.4</osmand:speed>
                </extensions>
            </trkpt>
            <trkpt lat="-40.1515425" lon="-71.5716603">
                <ele>676.5</ele>
                <extensions>
                    <osmand:speed>16.4</osmand:speed>
                </extensions>
            </trkpt>
            <trkpt lat="-40.1510791" lon="-71.5699196">
                <ele>673.2</ele>
                <extensions>
                    <osmand:speed>16.4</osmand:speed>
                </extensions>
            </trkpt>
            <trkpt lat="-40.1509582" lon="-71.5695682">
                <ele>673.8</ele>
                <extensions>
                    <osmand:speed>16.4</osmand:speed>
                </extensions>
            </trkpt>
            <trkpt lat="-40.1508639" lon="-71.5692061">
                <ele>674.2</ele>
                <extensions>
                    <osmand:speed>16.4</osmand:speed>
                </extensions>
            </trkpt>
            <trkpt lat="-40.1507696" lon="-71.5688065">
                <ele>675.8</ele>
                <extensions>
                    <osmand:speed>16.4</osmand:speed>
                </extensions>
            </trkpt>
            <trkpt lat="-40.1506999" lon="-71.5684819">
                <ele>676.2</ele>
                <extensions>
                    <osmand:speed>16.4</osmand:speed>
                </extensions>
            </trkpt>
            <trkpt lat="-40.1506732" lon="-71.5679696">
                <ele>675.8</ele>
                <extensions>
                    <osmand:speed>16.4</osmand:speed>
                </extensions>
            </trkpt>
            <trkpt lat="-40.1507245" lon="-71.5674493">
                <ele>673.5</ele>
                <extensions>
                    <osmand:speed>16.4</osmand:speed>
                </extensions>
            </trkpt>
            <trkpt lat="-40.1509561" lon="-71.5664113">
                <ele>673</ele>
                <extensions>
                    <osmand:speed>16.4</osmand:speed>
                </extensions>
            </trkpt>
            <trkpt lat="-40.1512575" lon="-71.5655503">
                <ele>675</ele>
                <extensions>
                    <osmand:speed>16.4</osmand:speed>
                </extensions>
            </trkpt>
            <trkpt lat="-40.1521206" lon="-71.5636218">
                <ele>667.8</ele>
                <extensions>
                    <osmand:speed>16.4</osmand:speed>
                </extensions>
            </trkpt>
            <trkpt lat="-40.1524158" lon="-71.5629458">
                <extensions>
                    <osmand:speed>16.4</osmand:speed>
                </extensions>
            </trkpt>
            <trkpt lat="-40.1525491" lon="-71.5626267">
                <ele>668</ele>
                <extensions>
                    <osmand:speed>16.4</osmand:speed>
                </extensions>
            </trkpt>
            <trkpt lat="-40.1526208" lon="-71.562447">
                <ele>667.8</ele>
                <extensions>
                    <osmand:speed>16.4</osmand:speed>
                </extensions>
            </trkpt>
            <trkpt lat="-40.1528484" lon="-71.5618113">
                <ele>667</ele>
                <extensions>
                    <osmand:speed>16.4</osmand:speed>
                </extensions>
            </trkpt>
            <trkpt lat="-40.1529427" lon="-71.5615189">
                <ele>665.8</ele>
                <extensions>
                    <osmand:speed>16.4</osmand:speed>
                </extensions>
            </trkpt>
            <trkpt lat="-40.1539062" lon="-71.5582332">
                <ele>660</ele>
                <extensions>
                    <osmand:speed>16.4</osmand:speed>
                </extensions>
            </trkpt>
            <trkpt lat="-40.1541174" lon="-71.5576914">
                <ele>657.5</ele>
                <extensions>
                    <osmand:speed>16.4</osmand:speed>
                </extensions>
            </trkpt>
            <trkpt lat="-40.154347" lon="-71.5572032">
                <ele>655.5</ele>
                <extensions>
                    <osmand:speed>16.4</osmand:speed>
                </extensions>
            </trkpt>
            <trkpt lat="-40.1550173" lon="-71.5560874">
                <ele>657.5</ele>
                <extensions>
                    <osmand:speed>16.4</osmand:speed>
                </extensions>
            </trkpt>
            <trkpt lat="-40.1557512" lon="-71.5547034">
                <ele>657.9</ele>
                <extensions>
                    <osmand:speed>16.4</osmand:speed>
                </extensions>
            </trkpt>
            <trkpt lat="-40.1558373" lon="-71.5544701">
                <ele>658</ele>
                <extensions>
                    <osmand:speed>16.4</osmand:speed>
                </extensions>
            </trkpt>
            <trkpt lat="-40.1561592" lon="-71.5536144">
                <ele>657.2</ele>
                <extensions>
                    <osmand:speed>16.4</osmand:speed>
                </extensions>
            </trkpt>
            <trkpt lat="-40.1563273" lon="-71.5532121">
                <ele>656.5</ele>
                <extensions>
                    <osmand:speed>16.4</osmand:speed>
                </extensions>
            </trkpt>
            <trkpt lat="-40.1563847" lon="-71.5531102">
                <ele>656.2</ele>
                <extensions>
                    <osmand:speed>16.4</osmand:speed>
                </extensions>
            </trkpt>
            <trkpt lat="-40.1565179" lon="-71.5528822">
                <ele>656</ele>
                <extensions>
                    <osmand:speed>16.4</osmand:speed>
                </extensions>
            </trkpt>
            <trkpt lat="-40.1567024" lon="-71.5525764">
                <ele>656.8</ele>
                <extensions>
                    <osmand:speed>16.4</osmand:speed>
                </extensions>
            </trkpt>
            <trkpt lat="-40.1568726" lon="-71.5523082">
                <ele>657.5</ele>
                <extensions>
                    <osmand:speed>16.4</osmand:speed>
                </extensions>
            </trkpt>
            <trkpt lat="-40.1578381" lon="-71.5511173">
                <ele>654.5</ele>
                <extensions>
                    <osmand:speed>16.4</osmand:speed>
                </extensions>
            </trkpt>
            <trkpt lat="-40.1580533" lon="-71.5508008">
                <ele>654</ele>
                <extensions>
                    <osmand:speed>16.4</osmand:speed>
                </extensions>
            </trkpt>
            <trkpt lat="-40.1587544" lon="-71.5496099">
                <ele>651.2</ele>
                <extensions>
                    <osmand:speed>16.4</osmand:speed>
                </extensions>
            </trkpt>
            <trkpt lat="-40.1589143" lon="-71.549229">
                <ele>652</ele>
                <extensions>
                    <osmand:speed>16.4</osmand:speed>
                </extensions>
            </trkpt>
            <trkpt lat="-40.1590189" lon="-71.5488696">
                <ele>653.5</ele>
                <extensions>
                    <osmand:speed>16.4</osmand:speed>
                </extensions>
            </trkpt>
            <trkpt lat="-40.1591008" lon="-71.5485075">
                <ele>656.2</ele>
                <extensions>
                    <osmand:speed>16.4</osmand:speed>
                </extensions>
            </trkpt>
            <trkpt lat="-40.15915" lon="-71.5482929">
                <ele>656.8</ele>
                <extensions>
                    <osmand:speed>16.4</osmand:speed>
                </extensions>
            </trkpt>
            <trkpt lat="-40.1592382" lon="-71.548073">
                <ele>657.2</ele>
                <extensions>
                    <osmand:speed>16.4</osmand:speed>
                </extensions>
            </trkpt>
            <trkpt lat="-40.1594596" lon="-71.5476492">
                <ele>656.5</ele>
                <extensions>
                    <osmand:speed>16.4</osmand:speed>
                </extensions>
            </trkpt>
            <trkpt lat="-40.1595559" lon="-71.5472817">
                <ele>658</ele>
                <extensions>
                    <osmand:speed>16.4</osmand:speed>
                </extensions>
            </trkpt>
            <trkpt lat="-40.1595846" lon="-71.5472174">
                <ele>658.2</ele>
                <extensions>
                    <osmand:speed>16.4</osmand:speed>
                </extensions>
            </trkpt>
            <trkpt lat="-40.1597507" lon="-71.5469652">
                <ele>657.5</ele>
                <extensions>
                    <osmand:speed>16.4</osmand:speed>
                </extensions>
            </trkpt>
            <trkpt lat="-40.1597712" lon="-71.5468392">
                <ele>658</ele>
                <extensions>
                    <osmand:speed>16.4</osmand:speed>
                </extensions>
            </trkpt>
            <trkpt lat="-40.1597179" lon="-71.5466166">
                <ele>661</ele>
                <extensions>
                    <osmand:speed>16.4</osmand:speed>
                </extensions>
            </trkpt>
            <trkpt lat="-40.1597261" lon="-71.5465039">
                <ele>661.5</ele>
                <extensions>
                    <osmand:speed>16.4</osmand:speed>
                </extensions>
            </trkpt>
            <trkpt lat="-40.1603574" lon="-71.5453237">
                <ele>655</ele>
                <extensions>
                    <osmand:speed>16.4</osmand:speed>
                </extensions>
            </trkpt>
            <trkpt lat="-40.1603902" lon="-71.5451816">
                <ele>656</ele>
                <extensions>
                    <osmand:speed>16.4</osmand:speed>
                </extensions>
            </trkpt>
            <trkpt lat="-40.16038" lon="-71.5450287">
                <ele>657.8</ele>
                <extensions>
                    <osmand:speed>16.4</osmand:speed>
                </extensions>
            </trkpt>
            <trkpt lat="-40.1600889" lon="-71.5440416">
                <ele>673.5</ele>
                <extensions>
                    <osmand:speed>16.4</osmand:speed>
                </extensions>
            </trkpt>
            <trkpt lat="-40.1600151" lon="-71.5439156">
                <ele>676.2</ele>
                <extensions>
                    <osmand:speed>16.4</osmand:speed>
                </extensions>
            </trkpt>
            <trkpt lat="-40.1599065" lon="-71.5438136">
                <ele>680</ele>
                <extensions>
                    <osmand:speed>16.4</osmand:speed>
                </extensions>
            </trkpt>
            <trkpt lat="-40.1596912" lon="-71.5436286">
                <ele>687.8</ele>
                <extensions>
                    <osmand:speed>16.4</osmand:speed>
                </extensions>
            </trkpt>
            <trkpt lat="-40.1596441" lon="-71.543524">
                <ele>689.5</ele>
                <extensions>
                    <osmand:speed>16.4</osmand:speed>
                </extensions>
            </trkpt>
            <trkpt lat="-40.1596133" lon="-71.5433872">
                <ele>691</ele>
                <extensions>
                    <osmand:speed>16.4</osmand:speed>
                </extensions>
            </trkpt>
            <trkpt lat="-40.1596195" lon="-71.5429983">
                <ele>692.2</ele>
                <extensions>
                    <osmand:speed>16.4</osmand:speed>
                </extensions>
            </trkpt>
            <trkpt lat="-40.1596851" lon="-71.5428078">
                <ele>690.5</ele>
                <extensions>
                    <osmand:speed>16.4</osmand:speed>
                </extensions>
            </trkpt>
            <trkpt lat="-40.1598962" lon="-71.5423062">
                <ele>685.5</ele>
                <extensions>
                    <osmand:speed>16.4</osmand:speed>
                </extensions>
            </trkpt>
            <trkpt lat="-40.1600376" lon="-71.5416706">
                <ele>681.2</ele>
                <extensions>
                    <osmand:speed>16.4</osmand:speed>
                </extensions>
            </trkpt>
            <trkpt lat="-40.1600725" lon="-71.5414265">
                <ele>680</ele>
                <extensions>
                    <osmand:speed>16.4</osmand:speed>
                </extensions>
            </trkpt>
            <trkpt lat="-40.1600684" lon="-71.5411368">
                <ele>680.2</ele>
                <extensions>
                    <osmand:speed>16.4</osmand:speed>
                </extensions>
            </trkpt>
            <trkpt lat="-40.1599413" lon="-71.5402034">
                <ele>682.8</ele>
                <extensions>
                    <osmand:speed>16.4</osmand:speed>
                </extensions>
            </trkpt>
            <trkpt lat="-40.1598901" lon="-71.5400666">
                <ele>684</ele>
                <extensions>
                    <osmand:speed>16.4</osmand:speed>
                </extensions>
            </trkpt>
            <trkpt lat="-40.1597835" lon="-71.5399486">
                <ele>688</ele>
                <extensions>
                    <osmand:speed>16.4</osmand:speed>
                </extensions>
            </trkpt>
            <trkpt lat="-40.1596215" lon="-71.5397823">
                <ele>695</ele>
                <extensions>
                    <osmand:speed>16.4</osmand:speed>
                </extensions>
            </trkpt>
            <trkpt lat="-40.1595047" lon="-71.539624">
                <ele>700.2</ele>
                <extensions>
                    <osmand:speed>16.4</osmand:speed>
                </extensions>
            </trkpt>
            <trkpt lat="-40.1594288" lon="-71.5394685">
                <ele>703</ele>
                <extensions>
                    <osmand:speed>16.4</osmand:speed>
                </extensions>
            </trkpt>
            <trkpt lat="-40.1593591" lon="-71.5392914">
                <ele>705.5</ele>
                <extensions>
                    <osmand:speed>16.4</osmand:speed>
                </extensions>
            </trkpt>
            <trkpt lat="-40.159312" lon="-71.5389374">
                <ele>705.6</ele>
                <extensions>
                    <osmand:speed>16.4</osmand:speed>
                </extensions>
            </trkpt>
            <trkpt lat="-40.159273" lon="-71.5385351">
                <ele>705.8</ele>
                <extensions>
                    <osmand:speed>16.4</osmand:speed>
                </extensions>
            </trkpt>
            <trkpt lat="-40.1592894" lon="-71.5374327">
                <ele>701</ele>
                <extensions>
                    <osmand:speed>16.4</osmand:speed>
                </extensions>
            </trkpt>
            <trkpt lat="-40.1592751" lon="-71.5370142">
                <ele>701.8</ele>
                <extensions>
                    <osmand:speed>16.4</osmand:speed>
                </extensions>
            </trkpt>
            <trkpt lat="-40.1592033" lon="-71.5364859">
                <ele>707</ele>
                <extensions>
                    <osmand:speed>16.4</osmand:speed>
                </extensions>
            </trkpt>
            <trkpt lat="-40.159191" lon="-71.5362176">
                <ele>708</ele>
                <extensions>
                    <osmand:speed>16.4</osmand:speed>
                </extensions>
            </trkpt>
            <trkpt lat="-40.1592382" lon="-71.535818">
                <ele>707.5</ele>
                <extensions>
                    <osmand:speed>16.4</osmand:speed>
                </extensions>
            </trkpt>
            <trkpt lat="-40.1592853" lon="-71.5356168">
                <ele>707.2</ele>
                <extensions>
                    <osmand:speed>16.4</osmand:speed>
                </extensions>
            </trkpt>
            <trkpt lat="-40.1593366" lon="-71.5355149">
                <ele>705.8</ele>
                <extensions>
                    <osmand:speed>16.4</osmand:speed>
                </extensions>
            </trkpt>
            <trkpt lat="-40.1600171" lon="-71.5345198">
                <ele>684.5</ele>
                <extensions>
                    <osmand:speed>16.4</osmand:speed>
                </extensions>
            </trkpt>
            <trkpt lat="-40.1600909" lon="-71.5343696">
                <ele>682.5</ele>
                <extensions>
                    <osmand:speed>16.4</osmand:speed>
                </extensions>
            </trkpt>
            <trkpt lat="-40.1601627" lon="-71.534147">
                <ele>681</ele>
                <extensions>
                    <osmand:speed>16.4</osmand:speed>
                </extensions>
            </trkpt>
            <trkpt lat="-40.160259" lon="-71.5337178">
                <ele>681.2</ele>
                <extensions>
                    <osmand:speed>16.4</osmand:speed>
                </extensions>
            </trkpt>
            <trkpt lat="-40.1603226" lon="-71.5332913">
                <ele>682.2</ele>
                <extensions>
                    <osmand:speed>16.4</osmand:speed>
                </extensions>
            </trkpt>
            <trkpt lat="-40.1603902" lon="-71.5330017">
                <ele>681.8</ele>
                <extensions>
                    <osmand:speed>16.4</osmand:speed>
                </extensions>
            </trkpt>
            <trkpt lat="-40.1604558" lon="-71.5328756">
                <ele>680</ele>
                <extensions>
                    <osmand:speed>16.4</osmand:speed>
                </extensions>
            </trkpt>
            <trkpt lat="-40.1605194" lon="-71.5327924">
                <ele>678</ele>
                <extensions>
                    <osmand:speed>16.4</osmand:speed>
                </extensions>
            </trkpt>
            <trkpt lat="-40.1608904" lon="-71.532433">
                <ele>667.5</ele>
                <extensions>
                    <osmand:speed>16.4</osmand:speed>
                </extensions>
            </trkpt>
            <trkpt lat="-40.1609621" lon="-71.5322936">
                <ele>667</ele>
                <extensions>
                    <osmand:speed>16.4</osmand:speed>
                </extensions>
            </trkpt>
            <trkpt lat="-40.1610134" lon="-71.532079">
                <ele>669.5</ele>
                <extensions>
                    <osmand:speed>16.4</osmand:speed>
                </extensions>
            </trkpt>
            <trkpt lat="-40.1610605" lon="-71.5313897">
                <ele>678.5</ele>
                <extensions>
                    <osmand:speed>16.4</osmand:speed>
                </extensions>
            </trkpt>
            <trkpt lat="-40.1611384" lon="-71.5310946">
                <ele>681</ele>
                <extensions>
                    <osmand:speed>16.4</osmand:speed>
                </extensions>
            </trkpt>
            <trkpt lat="-40.1612122" lon="-71.5309176">
                <ele>682.2</ele>
                <extensions>
                    <osmand:speed>16.4</osmand:speed>
                </extensions>
            </trkpt>
            <trkpt lat="-40.1612983" lon="-71.5308183">
                <ele>681.2</ele>
                <extensions>
                    <osmand:speed>16.4</osmand:speed>
                </extensions>
            </trkpt>
            <trkpt lat="-40.1614233" lon="-71.5307593">
                <ele>678.8</ele>
                <extensions>
                    <osmand:speed>16.4</osmand:speed>
                </extensions>
            </trkpt>
            <trkpt lat="-40.1619583" lon="-71.5306628">
                <ele>667.2</ele>
                <extensions>
                    <osmand:speed>16.4</osmand:speed>
                </extensions>
            </trkpt>
            <trkpt lat="-40.1622658" lon="-71.5306333">
                <ele>661.2</ele>
                <extensions>
                    <osmand:speed>16.4</osmand:speed>
                </extensions>
            </trkpt>
            <trkpt lat="-40.1624113" lon="-71.5305689">
                <ele>659.8</ele>
                <extensions>
                    <osmand:speed>16.4</osmand:speed>
                </extensions>
            </trkpt>
            <trkpt lat="-40.1625282" lon="-71.5304106">
                <ele>660.5</ele>
                <extensions>
                    <osmand:speed>16.4</osmand:speed>
                </extensions>
            </trkpt>
            <trkpt lat="-40.1625835" lon="-71.5302363">
                <ele>662.2</ele>
                <extensions>
                    <osmand:speed>16.4</osmand:speed>
                </extensions>
            </trkpt>
            <trkpt lat="-40.162686" lon="-71.529716">
                <ele>668.5</ele>
                <extensions>
                    <osmand:speed>16.4</osmand:speed>
                </extensions>
            </trkpt>
            <trkpt lat="-40.1627045" lon="-71.5294343">
                <ele>672.8</ele>
                <extensions>
                    <osmand:speed>16.4</osmand:speed>
                </extensions>
            </trkpt>
            <trkpt lat="-40.1626778" lon="-71.5284473">
                <ele>683</ele>
                <extensions>
                    <osmand:speed>16.4</osmand:speed>
                </extensions>
            </trkpt>
            <trkpt lat="-40.1626881" lon="-71.52823">
                <ele>683.5</ele>
                <extensions>
                    <osmand:speed>16.4</osmand:speed>
                </extensions>
            </trkpt>
            <trkpt lat="-40.162725" lon="-71.5280154">
                <ele>682.8</ele>
                <extensions>
                    <osmand:speed>16.4</osmand:speed>
                </extensions>
            </trkpt>
            <trkpt lat="-40.1629033" lon="-71.5275568">
                <ele>679.5</ele>
                <extensions>
                    <osmand:speed>16.4</osmand:speed>
                </extensions>
            </trkpt>
            <trkpt lat="-40.1634157" lon="-71.5263203">
                <ele>670.5</ele>
                <extensions>
                    <osmand:speed>16.4</osmand:speed>
                </extensions>
            </trkpt>
            <trkpt lat="-40.1635018" lon="-71.5260816">
                <ele>669.5</ele>
                <extensions>
                    <osmand:speed>16.4</osmand:speed>
                </extensions>
            </trkpt>
            <trkpt lat="-40.1635367" lon="-71.5258294">
                <ele>669</ele>
                <extensions>
                    <osmand:speed>16.4</osmand:speed>
                </extensions>
            </trkpt>
            <trkpt lat="-40.1635059" lon="-71.5254191">
                <ele>669.8</ele>
                <extensions>
                    <osmand:speed>16.4</osmand:speed>
                </extensions>
            </trkpt>
            <trkpt lat="-40.1634362" lon="-71.5249014">
                <ele>668.8</ele>
                <extensions>
                    <osmand:speed>16.4</osmand:speed>
                </extensions>
            </trkpt>
            <trkpt lat="-40.1633829" lon="-71.5246385">
                <ele>669.2</ele>
                <extensions>
                    <osmand:speed>16.4</osmand:speed>
                </extensions>
            </trkpt>
            <trkpt lat="-40.1632928" lon="-71.5244025">
                <ele>670</ele>
                <extensions>
                    <osmand:speed>16.4</osmand:speed>
                </extensions>
            </trkpt>
            <trkpt lat="-40.1630242" lon="-71.5238553">
                <ele>672.8</ele>
                <extensions>
                    <osmand:speed>16.4</osmand:speed>
                </extensions>
            </trkpt>
            <trkpt lat="-40.1627557" lon="-71.5234423">
                <ele>675.2</ele>
                <extensions>
                    <osmand:speed>16.4</osmand:speed>
                </extensions>
            </trkpt>
            <trkpt lat="-40.1625774" lon="-71.5232572">
                <ele>678</ele>
                <extensions>
                    <osmand:speed>16.4</osmand:speed>
                </extensions>
            </trkpt>
            <trkpt lat="-40.1623991" lon="-71.523115">
                <ele>680</ele>
                <extensions>
                    <osmand:speed>16.4</osmand:speed>
                </extensions>
            </trkpt>
            <trkpt lat="-40.1620116" lon="-71.5228307">
                <ele>681.8</ele>
                <extensions>
                    <osmand:speed>16.4</osmand:speed>
                </extensions>
            </trkpt>
            <trkpt lat="-40.1619255" lon="-71.5227664">
                <ele>682</ele>
                <extensions>
                    <osmand:speed>16.4</osmand:speed>
                </extensions>
            </trkpt>
            <trkpt lat="-40.1618436" lon="-71.5227315">
                <ele>682.8</ele>
                <extensions>
                    <osmand:speed>16.4</osmand:speed>
                </extensions>
            </trkpt>
            <trkpt lat="-40.1617288" lon="-71.5226832">
                <ele>683.5</ele>
                <extensions>
                    <osmand:speed>16.4</osmand:speed>
                </extensions>
            </trkpt>
            <trkpt lat="-40.161614" lon="-71.5226376">
                <ele>684.5</ele>
                <extensions>
                    <osmand:speed>16.4</osmand:speed>
                </extensions>
            </trkpt>
            <trkpt lat="-40.1612225" lon="-71.5223747">
                <ele>687</ele>
                <extensions>
                    <osmand:speed>16.4</osmand:speed>
                </extensions>
            </trkpt>
            <trkpt lat="-40.1610892" lon="-71.5222728">
                <ele>688.2</ele>
                <extensions>
                    <osmand:speed>16.4</osmand:speed>
                </extensions>
            </trkpt>
            <trkpt lat="-40.1609847" lon="-71.5221334">
                <ele>688</ele>
                <extensions>
                    <osmand:speed>16.4</osmand:speed>
                </extensions>
            </trkpt>
            <trkpt lat="-40.1607366" lon="-71.5215218">
                <ele>687</ele>
                <extensions>
                    <osmand:speed>16.4</osmand:speed>
                </extensions>
            </trkpt>
            <trkpt lat="-40.1607038" lon="-71.5213314">
                <ele>686</ele>
                <extensions>
                    <osmand:speed>16.4</osmand:speed>
                </extensions>
            </trkpt>
            <trkpt lat="-40.160712" lon="-71.5211195">
                <ele>683.5</ele>
                <extensions>
                    <osmand:speed>16.4</osmand:speed>
                </extensions>
            </trkpt>
            <trkpt lat="-40.160794" lon="-71.5205696">
                <ele>678</ele>
                <extensions>
                    <osmand:speed>16.4</osmand:speed>
                </extensions>
            </trkpt>
            <trkpt lat="-40.1608022" lon="-71.5204006">
                <ele>677</ele>
                <extensions>
                    <osmand:speed>16.4</osmand:speed>
                </extensions>
            </trkpt>
            <trkpt lat="-40.1607756" lon="-71.5202397">
                <ele>676.8</ele>
                <extensions>
                    <osmand:speed>16.4</osmand:speed>
                </extensions>
            </trkpt>
            <trkpt lat="-40.160669" lon="-71.5199125">
                <ele>677</ele>
                <extensions>
                    <osmand:speed>16.4</osmand:speed>
                </extensions>
            </trkpt>
            <trkpt lat="-40.1605255" lon="-71.5196711">
                <ele>678.5</ele>
                <extensions>
                    <osmand:speed>16.4</osmand:speed>
                </extensions>
            </trkpt>
            <trkpt lat="-40.1604866" lon="-71.5196389">
                <ele>679.2</ele>
                <extensions>
                    <osmand:speed>16.4</osmand:speed>
                </extensions>
            </trkpt>
            <trkpt lat="-40.1604251" lon="-71.5196308">
                <ele>681.2</ele>
                <extensions>
                    <osmand:speed>16.4</osmand:speed>
                </extensions>
            </trkpt>
            <trkpt lat="-40.1603779" lon="-71.5196845">
                <ele>683.5</ele>
                <extensions>
                    <osmand:speed>16.4</osmand:speed>
                </extensions>
            </trkpt>
            <trkpt lat="-40.1603513" lon="-71.5197623">
                <ele>685.2</ele>
                <extensions>
                    <osmand:speed>16.4</osmand:speed>
                </extensions>
            </trkpt>
            <trkpt lat="-40.1603554" lon="-71.5199447">
                <ele>687.2</ele>
                <extensions>
                    <osmand:speed>16.4</osmand:speed>
                </extensions>
            </trkpt>
            <trkpt lat="-40.1604374" lon="-71.5201539">
                <ele>686.2</ele>
                <extensions>
                    <osmand:speed>16.4</osmand:speed>
                </extensions>
            </trkpt>
            <trkpt lat="-40.1604886" lon="-71.5203068">
                <ele>687.3</ele>
                <extensions>
                    <osmand:speed>16.4</osmand:speed>
                </extensions>
            </trkpt>
            <trkpt lat="-40.1604661" lon="-71.5205026">
                <ele>688.5</ele>
                <extensions>
                    <osmand:speed>16.4</osmand:speed>
                </extensions>
            </trkpt>
            <trkpt lat="-40.1603738" lon="-71.5206474">
                <ele>692</ele>
                <extensions>
                    <osmand:speed>16.4</osmand:speed>
                </extensions>
            </trkpt>
            <trkpt lat="-40.1602939" lon="-71.5207171">
                <ele>695</ele>
                <extensions>
                    <osmand:speed>16.4</osmand:speed>
                </extensions>
            </trkpt>
            <trkpt lat="-40.1601606" lon="-71.5207279">
                <ele>698.8</ele>
                <extensions>
                    <osmand:speed>16.4</osmand:speed>
                </extensions>
            </trkpt>
            <trkpt lat="-40.1596441" lon="-71.520575">
                <ele>706.5</ele>
                <extensions>
                    <osmand:speed>16.4</osmand:speed>
                </extensions>
            </trkpt>
            <trkpt lat="-40.1595416" lon="-71.5205857">
                <ele>707.8</ele>
                <extensions>
                    <osmand:speed>16.4</osmand:speed>
                </extensions>
            </trkpt>
            <trkpt lat="-40.1594432" lon="-71.5206555">
                <ele>709.2</ele>
                <extensions>
                    <osmand:speed>16.4</osmand:speed>
                </extensions>
            </trkpt>
            <trkpt lat="-40.1592095" lon="-71.5213555">
                <ele>715</ele>
                <extensions>
                    <osmand:speed>16.4</osmand:speed>
                </extensions>
            </trkpt>
            <trkpt lat="-40.1590476" lon="-71.5218222">
                <ele>720</ele>
                <extensions>
                    <osmand:speed>16.4</osmand:speed>
                </extensions>
            </trkpt>
            <trkpt lat="-40.1589984" lon="-71.5218812">
                <ele>720.5</ele>
                <extensions>
                    <osmand:speed>16.4</osmand:speed>
                </extensions>
            </trkpt>
            <trkpt lat="-40.1589225" lon="-71.5219027">
                <ele>720.8</ele>
                <extensions>
                    <osmand:speed>16.4</osmand:speed>
                </extensions>
            </trkpt>
            <trkpt lat="-40.1588405" lon="-71.5218893">
                <ele>720.9</ele>
                <extensions>
                    <osmand:speed>16.4</osmand:speed>
                </extensions>
            </trkpt>
            <trkpt lat="-40.1587524" lon="-71.5218517">
                <ele>721</ele>
                <extensions>
                    <osmand:speed>16.4</osmand:speed>
                </extensions>
            </trkpt>
            <trkpt lat="-40.158572" lon="-71.5216908">
                <ele>721.2</ele>
                <extensions>
                    <osmand:speed>16.4</osmand:speed>
                </extensions>
            </trkpt>
            <trkpt lat="-40.1584838" lon="-71.5215755">
                <ele>721.5</ele>
                <extensions>
                    <osmand:speed>16.4</osmand:speed>
                </extensions>
            </trkpt>
            <trkpt lat="-40.1584305" lon="-71.5214762">
                <ele>721.2</ele>
                <extensions>
                    <osmand:speed>16.4</osmand:speed>
                </extensions>
            </trkpt>
            <trkpt lat="-40.1583834" lon="-71.5212241">
                <ele>718.8</ele>
                <extensions>
                    <osmand:speed>16.4</osmand:speed>
                </extensions>
            </trkpt>
            <trkpt lat="-40.1583321" lon="-71.5182066">
                <ele>725</ele>
                <extensions>
                    <osmand:speed>16.4</osmand:speed>
                </extensions>
            </trkpt>
            <trkpt lat="-40.1583362" lon="-71.5177989">
                <ele>726</ele>
                <extensions>
                    <osmand:speed>16.4</osmand:speed>
                </extensions>
            </trkpt>
            <trkpt lat="-40.1583465" lon="-71.5173778">
                <ele>724.8</ele>
                <extensions>
                    <osmand:speed>16.4</osmand:speed>
                </extensions>
            </trkpt>
            <trkpt lat="-40.1583875" lon="-71.5169916">
                <ele>721.2</ele>
                <extensions>
                    <osmand:speed>16.4</osmand:speed>
                </extensions>
            </trkpt>
            <trkpt lat="-40.1583793" lon="-71.5167475">
                <ele>719.8</ele>
                <extensions>
                    <osmand:speed>16.4</osmand:speed>
                </extensions>
            </trkpt>
            <trkpt lat="-40.1583444" lon="-71.5166616">
                <ele>720</ele>
                <extensions>
                    <osmand:speed>16.4</osmand:speed>
                </extensions>
            </trkpt>
            <trkpt lat="-40.1582911" lon="-71.5165651">
                <ele>720.2</ele>
                <extensions>
                    <osmand:speed>16.4</osmand:speed>
                </extensions>
            </trkpt>
            <trkpt lat="-40.1580984" lon="-71.5163317">
                <ele>722</ele>
                <extensions>
                    <osmand:speed>16.4</osmand:speed>
                </extensions>
            </trkpt>
            <trkpt lat="-40.1577664" lon="-71.5160233">
                <ele>727.5</ele>
                <extensions>
                    <osmand:speed>16.4</osmand:speed>
                </extensions>
            </trkpt>
            <trkpt lat="-40.1575757" lon="-71.5159106">
                <ele>730.8</ele>
                <extensions>
                    <osmand:speed>16.4</osmand:speed>
                </extensions>
            </trkpt>
            <trkpt lat="-40.1574773" lon="-71.5158865">
                <ele>732.5</ele>
                <extensions>
                    <osmand:speed>16.4</osmand:speed>
                </extensions>
            </trkpt>
            <trkpt lat="-40.1573646" lon="-71.5158623">
                <ele>734.2</ele>
                <extensions>
                    <osmand:speed>16.4</osmand:speed>
                </extensions>
            </trkpt>
            <trkpt lat="-40.1567024" lon="-71.5157819">
                <ele>748</ele>
                <extensions>
                    <osmand:speed>16.4</osmand:speed>
                </extensions>
            </trkpt>
            <trkpt lat="-40.1566225" lon="-71.5157336">
                <ele>749.2</ele>
                <extensions>
                    <osmand:speed>16.4</osmand:speed>
                </extensions>
            </trkpt>
            <trkpt lat="-40.1565548" lon="-71.5156719">
                <ele>750.2</ele>
                <extensions>
                    <osmand:speed>16.4</osmand:speed>
                </extensions>
            </trkpt>
            <trkpt lat="-40.1564482" lon="-71.5155083">
                <ele>751</ele>
                <extensions>
                    <osmand:speed>16.4</osmand:speed>
                </extensions>
            </trkpt>
            <trkpt lat="-40.1563785" lon="-71.5153259">
                <ele>750.8</ele>
                <extensions>
                    <osmand:speed>16.4</osmand:speed>
                </extensions>
            </trkpt>
            <trkpt lat="-40.1563355" lon="-71.5151328">
                <ele>750</ele>
                <extensions>
                    <osmand:speed>16.4</osmand:speed>
                </extensions>
            </trkpt>
            <trkpt lat="-40.1563232" lon="-71.5149397">
                <ele>749.5</ele>
                <extensions>
                    <osmand:speed>16.4</osmand:speed>
                </extensions>
            </trkpt>
            <trkpt lat="-40.1563416" lon="-71.5145427">
                <ele>746.8</ele>
                <extensions>
                    <osmand:speed>16.4</osmand:speed>
                </extensions>
            </trkpt>
            <trkpt lat="-40.1563293" lon="-71.5143147">
                <ele>746.2</ele>
                <extensions>
                    <osmand:speed>16.4</osmand:speed>
                </extensions>
            </trkpt>
            <trkpt lat="-40.1562637" lon="-71.5139848">
                <ele>746</ele>
                <extensions>
                    <osmand:speed>16.4</osmand:speed>
                </extensions>
            </trkpt>
            <trkpt lat="-40.1561735" lon="-71.5135986">
                <ele>744.5</ele>
                <extensions>
                    <osmand:speed>16.4</osmand:speed>
                </extensions>
            </trkpt>
            <trkpt lat="-40.15611" lon="-71.5134135">
                <ele>744.8</ele>
                <extensions>
                    <osmand:speed>16.4</osmand:speed>
                </extensions>
            </trkpt>
            <trkpt lat="-40.1560526" lon="-71.5133196">
                <ele>745</ele>
                <extensions>
                    <osmand:speed>16.4</osmand:speed>
                </extensions>
            </trkpt>
            <trkpt lat="-40.1559849" lon="-71.5132257">
                <ele>745.8</ele>
                <extensions>
                    <osmand:speed>16.4</osmand:speed>
                </extensions>
            </trkpt>
            <trkpt lat="-40.1557307" lon="-71.5129468">
                <ele>750</ele>
                <extensions>
                    <osmand:speed>16.4</osmand:speed>
                </extensions>
            </trkpt>
            <trkpt lat="-40.155659" lon="-71.5128019">
                <ele>751.2</ele>
                <extensions>
                    <osmand:speed>16.4</osmand:speed>
                </extensions>
            </trkpt>
            <trkpt lat="-40.155618" lon="-71.5126356">
                <ele>752</ele>
                <extensions>
                    <osmand:speed>16.4</osmand:speed>
                </extensions>
            </trkpt>
            <trkpt lat="-40.1556405" lon="-71.5121126">
                <ele>753</ele>
                <extensions>
                    <osmand:speed>16.4</osmand:speed>
                </extensions>
            </trkpt>
            <trkpt lat="-40.1556057" lon="-71.5119731">
                <ele>753.2</ele>
                <extensions>
                    <osmand:speed>16.4</osmand:speed>
                </extensions>
            </trkpt>
            <trkpt lat="-40.1555585" lon="-71.5118927">
                <ele>754.5</ele>
                <extensions>
                    <osmand:speed>16.4</osmand:speed>
                </extensions>
            </trkpt>
            <trkpt lat="-40.1554847" lon="-71.5118095">
                <ele>756.5</ele>
                <extensions>
                    <osmand:speed>16.4</osmand:speed>
                </extensions>
            </trkpt>
            <trkpt lat="-40.155087" lon="-71.5114796">
                <ele>766.8</ele>
                <extensions>
                    <osmand:speed>16.4</osmand:speed>
                </extensions>
            </trkpt>
            <trkpt lat="-40.1550132" lon="-71.5113696">
                <ele>768.5</ele>
                <extensions>
                    <osmand:speed>16.4</osmand:speed>
                </extensions>
            </trkpt>
            <trkpt lat="-40.1549763" lon="-71.5112382">
                <ele>769.5</ele>
                <extensions>
                    <osmand:speed>16.4</osmand:speed>
                </extensions>
            </trkpt>
            <trkpt lat="-40.1549948" lon="-71.5110907">
                <ele>769.2</ele>
                <extensions>
                    <osmand:speed>16.4</osmand:speed>
                </extensions>
            </trkpt>
            <trkpt lat="-40.1550399" lon="-71.5109593">
                <ele>768.5</ele>
                <extensions>
                    <osmand:speed>16.4</osmand:speed>
                </extensions>
            </trkpt>
            <trkpt lat="-40.1553105" lon="-71.5105811">
                <ele>763.5</ele>
                <extensions>
                    <osmand:speed>16.4</osmand:speed>
                </extensions>
            </trkpt>
            <trkpt lat="-40.1554253" lon="-71.5104255">
                <ele>759.8</ele>
                <extensions>
                    <osmand:speed>16.4</osmand:speed>
                </extensions>
            </trkpt>
            <trkpt lat="-40.1554786" lon="-71.5103182">
                <ele>758</ele>
                <extensions>
                    <osmand:speed>16.4</osmand:speed>
                </extensions>
            </trkpt>
            <trkpt lat="-40.1554929" lon="-71.5102002">
                <ele>757.5</ele>
                <extensions>
                    <osmand:speed>16.4</osmand:speed>
                </extensions>
            </trkpt>
            <trkpt lat="-40.1551321" lon="-71.5075421">
                <ele>765.2</ele>
                <extensions>
                    <osmand:speed>16.4</osmand:speed>
                </extensions>
            </trkpt>
            <trkpt lat="-40.1550768" lon="-71.5073758">
                <ele>766.2</ele>
                <extensions>
                    <osmand:speed>16.4</osmand:speed>
                </extensions>
            </trkpt>
            <trkpt lat="-40.1550173" lon="-71.507239">
                <ele>767.5</ele>
                <extensions>
                    <osmand:speed>16.4</osmand:speed>
                </extensions>
            </trkpt>
            <trkpt lat="-40.1549435" lon="-71.5071478">
                <ele>769.5</ele>
                <extensions>
                    <osmand:speed>16.4</osmand:speed>
                </extensions>
            </trkpt>
            <trkpt lat="-40.1548103" lon="-71.5070969">
                <ele>773.8</ele>
                <extensions>
                    <osmand:speed>16.4</osmand:speed>
                </extensions>
            </trkpt>
            <trkpt lat="-40.1546094" lon="-71.5070647">
                <ele>779.8</ele>
                <extensions>
                    <osmand:speed>16.4</osmand:speed>
                </extensions>
            </trkpt>
            <trkpt lat="-40.1544823" lon="-71.5070513">
                <ele>783.5</ele>
                <extensions>
                    <osmand:speed>16.4</osmand:speed>
                </extensions>
            </trkpt>
            <trkpt lat="-40.1543552" lon="-71.5070781">
                <ele>787</ele>
                <extensions>
                    <osmand:speed>16.4</osmand:speed>
                </extensions>
            </trkpt>
            <trkpt lat="-40.1542199" lon="-71.5071505">
                <ele>790</ele>
                <extensions>
                    <osmand:speed>16.4</osmand:speed>
                </extensions>
            </trkpt>
            <trkpt lat="-40.1540395" lon="-71.5074">
                <ele>793.5</ele>
                <extensions>
                    <osmand:speed>16.4</osmand:speed>
                </extensions>
            </trkpt>
            <trkpt lat="-40.1539185" lon="-71.5076146">
                <ele>795.2</ele>
                <extensions>
                    <osmand:speed>16.4</osmand:speed>
                </extensions>
            </trkpt>
            <trkpt lat="-40.1537484" lon="-71.5079498">
                <ele>797.5</ele>
                <extensions>
                    <osmand:speed>16.4</osmand:speed>
                </extensions>
            </trkpt>
            <trkpt lat="-40.153611" lon="-71.5082234">
                <ele>799</ele>
                <extensions>
                    <osmand:speed>16.4</osmand:speed>
                </extensions>
            </trkpt>
            <trkpt lat="-40.1535659" lon="-71.5084031">
                <ele>799.2</ele>
                <extensions>
                    <osmand:speed>16.4</osmand:speed>
                </extensions>
            </trkpt>
            <trkpt lat="-40.1535598" lon="-71.5085453">
                <ele>799</ele>
                <extensions>
                    <osmand:speed>16.4</osmand:speed>
                </extensions>
            </trkpt>
            <trkpt lat="-40.153568" lon="-71.508784">
                <ele>799.2</ele>
                <extensions>
                    <osmand:speed>16.4</osmand:speed>
                </extensions>
            </trkpt>
            <trkpt lat="-40.1535557" lon="-71.5088966">
                <ele>799.2</ele>
                <extensions>
                    <osmand:speed>16.4</osmand:speed>
                </extensions>
            </trkpt>
            <trkpt lat="-40.1535331" lon="-71.5089959">
                <ele>799.8</ele>
                <extensions>
                    <osmand:speed>16.4</osmand:speed>
                </extensions>
            </trkpt>
            <trkpt lat="-40.153447" lon="-71.509079">
                <ele>801.8</ele>
                <extensions>
                    <osmand:speed>16.4</osmand:speed>
                </extensions>
            </trkpt>
            <trkpt lat="-40.1533998" lon="-71.5090898">
                <ele>802.8</ele>
                <extensions>
                    <osmand:speed>16.4</osmand:speed>
                </extensions>
            </trkpt>
            <trkpt lat="-40.1533465" lon="-71.5090844">
                <ele>804</ele>
                <extensions>
                    <osmand:speed>16.4</osmand:speed>
                </extensions>
            </trkpt>
            <trkpt lat="-40.1532809" lon="-71.5090334">
                <ele>805.5</ele>
                <extensions>
                    <osmand:speed>16.4</osmand:speed>
                </extensions>
            </trkpt>
            <trkpt lat="-40.153242" lon="-71.5089422">
                <ele>806</ele>
                <extensions>
                    <osmand:speed>16.4</osmand:speed>
                </extensions>
            </trkpt>
            <trkpt lat="-40.1531989" lon="-71.508843">
                <ele>806.8</ele>
                <extensions>
                    <osmand:speed>16.4</osmand:speed>
                </extensions>
            </trkpt>
            <trkpt lat="-40.153162" lon="-71.5086097">
                <ele>807.8</ele>
                <extensions>
                    <osmand:speed>16.4</osmand:speed>
                </extensions>
            </trkpt>
            <trkpt lat="-40.1531497" lon="-71.5084594">
                <ele>808.5</ele>
                <extensions>
                    <osmand:speed>16.4</osmand:speed>
                </extensions>
            </trkpt>
            <trkpt lat="-40.1531415" lon="-71.5083092">
                <ele>809.2</ele>
                <extensions>
                    <osmand:speed>16.4</osmand:speed>
                </extensions>
            </trkpt>
            <trkpt lat="-40.1531497" lon="-71.5078694">
                <ele>812.5</ele>
                <extensions>
                    <osmand:speed>16.4</osmand:speed>
                </extensions>
            </trkpt>
            <trkpt lat="-40.1531764" lon="-71.5077299">
                <ele>812.8</ele>
                <extensions>
                    <osmand:speed>16.4</osmand:speed>
                </extensions>
            </trkpt>
            <trkpt lat="-40.1532153" lon="-71.5076172">
                <ele>812.5</ele>
                <extensions>
                    <osmand:speed>16.4</osmand:speed>
                </extensions>
            </trkpt>
            <trkpt lat="-40.1534162" lon="-71.5073571">
                <ele>808.8</ele>
                <extensions>
                    <osmand:speed>16.4</osmand:speed>
                </extensions>
            </trkpt>
            <trkpt lat="-40.1534737" lon="-71.5072176">
                <ele>807.5</ele>
                <extensions>
                    <osmand:speed>16.4</osmand:speed>
                </extensions>
            </trkpt>
            <trkpt lat="-40.1534921" lon="-71.507121">
                <ele>807.2</ele>
                <extensions>
                    <osmand:speed>16.4</osmand:speed>
                </extensions>
            </trkpt>
            <trkpt lat="-40.1534737" lon="-71.506995">
                <ele>808.2</ele>
                <extensions>
                    <osmand:speed>16.4</osmand:speed>
                </extensions>
            </trkpt>
            <trkpt lat="-40.1534326" lon="-71.5067777">
                <ele>810</ele>
                <extensions>
                    <osmand:speed>16.4</osmand:speed>
                </extensions>
            </trkpt>
            <trkpt lat="-40.1534203" lon="-71.5066731">
                <ele>810.2</ele>
                <extensions>
                    <osmand:speed>16.4</osmand:speed>
                </extensions>
            </trkpt>
            <trkpt lat="-40.1534265" lon="-71.5065685">
                <ele>810</ele>
                <extensions>
                    <osmand:speed>16.4</osmand:speed>
                </extensions>
            </trkpt>
            <trkpt lat="-40.1534798" lon="-71.5062627">
                <ele>809.5</ele>
                <extensions>
                    <osmand:speed>16.4</osmand:speed>
                </extensions>
            </trkpt>
            <trkpt lat="-40.1534778" lon="-71.5061232">
                <ele>810</ele>
                <extensions>
                    <osmand:speed>16.4</osmand:speed>
                </extensions>
            </trkpt>
            <trkpt lat="-40.1534265" lon="-71.5059838">
                <ele>811.8</ele>
                <extensions>
                    <osmand:speed>16.4</osmand:speed>
                </extensions>
            </trkpt>
            <trkpt lat="-40.1530657" lon="-71.5053803">
                <ele>824.2</ele>
                <extensions>
                    <osmand:speed>16.4</osmand:speed>
                </extensions>
            </trkpt>
            <trkpt lat="-40.1530083" lon="-71.5052596">
                <ele>826.2</ele>
                <extensions>
                    <osmand:speed>16.4</osmand:speed>
                </extensions>
            </trkpt>
            <trkpt lat="-40.1529878" lon="-71.5051576">
                <ele>827.5</ele>
                <extensions>
                    <osmand:speed>16.4</osmand:speed>
                </extensions>
            </trkpt>
            <trkpt lat="-40.1530185" lon="-71.5048358">
                <ele>829</ele>
                <extensions>
                    <osmand:speed>16.4</osmand:speed>
                </extensions>
            </trkpt>
            <trkpt lat="-40.1530206" lon="-71.5047553">
                <ele>829.2</ele>
                <extensions>
                    <osmand:speed>16.4</osmand:speed>
                </extensions>
            </trkpt>
            <trkpt lat="-40.152998" lon="-71.5046856">
                <ele>830</ele>
                <extensions>
                    <osmand:speed>16.4</osmand:speed>
                </extensions>
            </trkpt>
            <trkpt lat="-40.1529591" lon="-71.5046668">
                <ele>831</ele>
                <extensions>
                    <osmand:speed>16.4</osmand:speed>
                </extensions>
            </trkpt>
            <trkpt lat="-40.1529283" lon="-71.5046829">
                <ele>831.8</ele>
                <extensions>
                    <osmand:speed>16.4</osmand:speed>
                </extensions>
            </trkpt>
            <trkpt lat="-40.1528976" lon="-71.5047285">
                <ele>832.2</ele>
                <extensions>
                    <osmand:speed>16.4</osmand:speed>
                </extensions>
            </trkpt>
            <trkpt lat="-40.1528607" lon="-71.5048251">
                <ele>832.8</ele>
                <extensions>
                    <osmand:speed>16.4</osmand:speed>
                </extensions>
            </trkpt>
            <trkpt lat="-40.1528033" lon="-71.5049833">
                <ele>833.5</ele>
                <extensions>
                    <osmand:speed>16.4</osmand:speed>
                </extensions>
            </trkpt>
            <trkpt lat="-40.1527233" lon="-71.5051845">
                <ele>834.8</ele>
                <extensions>
                    <osmand:speed>16.4</osmand:speed>
                </extensions>
            </trkpt>
            <trkpt lat="-40.1526393" lon="-71.5054017">
                <ele>835.2</ele>
                <extensions>
                    <osmand:speed>16.4</osmand:speed>
                </extensions>
            </trkpt>
            <trkpt lat="-40.1525901" lon="-71.5054822">
                <ele>836.2</ele>
                <extensions>
                    <osmand:speed>16.4</osmand:speed>
                </extensions>
            </trkpt>
            <trkpt lat="-40.152506" lon="-71.5055653">
                <ele>838.2</ele>
                <extensions>
                    <osmand:speed>16.4</osmand:speed>
                </extensions>
            </trkpt>
            <trkpt lat="-40.1524199" lon="-71.5055922">
                <ele>840.5</ele>
                <extensions>
                    <osmand:speed>16.4</osmand:speed>
                </extensions>
            </trkpt>
            <trkpt lat="-40.1523379" lon="-71.5055385">
                <ele>842.5</ele>
                <extensions>
                    <osmand:speed>16.4</osmand:speed>
                </extensions>
            </trkpt>
            <trkpt lat="-40.1522826" lon="-71.50545">
                <ele>844</ele>
                <extensions>
                    <osmand:speed>16.4</osmand:speed>
                </extensions>
            </trkpt>
            <trkpt lat="-40.1522498" lon="-71.5053052">
                <ele>845</ele>
                <extensions>
                    <osmand:speed>16.4</osmand:speed>
                </extensions>
            </trkpt>
            <trkpt lat="-40.1522518" lon="-71.5051845">
                <ele>844.7</ele>
                <extensions>
                    <osmand:speed>16.4</osmand:speed>
                </extensions>
            </trkpt>
            <trkpt lat="-40.1522826" lon="-71.5051094">
                <ele>844.5</ele>
                <extensions>
                    <osmand:speed>16.4</osmand:speed>
                </extensions>
            </trkpt>
            <trkpt lat="-40.1523277" lon="-71.5050745">
                <ele>843.5</ele>
                <extensions>
                    <osmand:speed>16.4</osmand:speed>
                </extensions>
            </trkpt>
            <trkpt lat="-40.1524835" lon="-71.5050423">
                <ele>840.5</ele>
                <extensions>
                    <osmand:speed>16.4</osmand:speed>
                </extensions>
            </trkpt>
            <trkpt lat="-40.1525614" lon="-71.5049806">
                <ele>839</ele>
                <extensions>
                    <osmand:speed>16.4</osmand:speed>
                </extensions>
            </trkpt>
            <trkpt lat="-40.1526229" lon="-71.5048948">
                <ele>838</ele>
                <extensions>
                    <osmand:speed>16.4</osmand:speed>
                </extensions>
            </trkpt>
            <trkpt lat="-40.152627" lon="-71.5048143">
                <ele>838.2</ele>
                <extensions>
                    <osmand:speed>16.4</osmand:speed>
                </extensions>
            </trkpt>
            <trkpt lat="-40.1526229" lon="-71.5047339">
                <ele>838.5</ele>
                <extensions>
                    <osmand:speed>16.4</osmand:speed>
                </extensions>
            </trkpt>
            <trkpt lat="-40.152588" lon="-71.5046641">
                <ele>839.5</ele>
                <extensions>
                    <osmand:speed>16.4</osmand:speed>
                </extensions>
            </trkpt>
            <trkpt lat="-40.1525491" lon="-71.5046132">
                <ele>840.5</ele>
                <extensions>
                    <osmand:speed>16.4</osmand:speed>
                </extensions>
            </trkpt>
            <trkpt lat="-40.1524794" lon="-71.5046158">
                <ele>842</ele>
                <extensions>
                    <osmand:speed>16.4</osmand:speed>
                </extensions>
            </trkpt>
            <trkpt lat="-40.152383" lon="-71.504648">
                <ele>843.8</ele>
                <extensions>
                    <osmand:speed>16.4</osmand:speed>
                </extensions>
            </trkpt>
            <trkpt lat="-40.1522313" lon="-71.5047446">
                <ele>846.2</ele>
                <extensions>
                    <osmand:speed>16.4</osmand:speed>
                </extensions>
            </trkpt>
            <trkpt lat="-40.1520939" lon="-71.5048143">
                <ele>849</ele>
                <extensions>
                    <osmand:speed>16.4</osmand:speed>
                </extensions>
            </trkpt>
            <trkpt lat="-40.1519812" lon="-71.5047634">
                <ele>852.5</ele>
                <extensions>
                    <osmand:speed>16.4</osmand:speed>
                </extensions>
            </trkpt>
            <trkpt lat="-40.1519279" lon="-71.5046561">
                <ele>854.5</ele>
                <extensions>
                    <osmand:speed>16.4</osmand:speed>
                </extensions>
            </trkpt>
            <trkpt lat="-40.1519135" lon="-71.5045381">
                <ele>855.2</ele>
                <extensions>
                    <osmand:speed>16.4</osmand:speed>
                </extensions>
            </trkpt>
            <trkpt lat="-40.1519135" lon="-71.5043181">
                <ele>856</ele>
                <extensions>
                    <osmand:speed>16.4</osmand:speed>
                </extensions>
            </trkpt>
            <trkpt lat="-40.1519258" lon="-71.5041223">
                <ele>857</ele>
                <extensions>
                    <osmand:speed>16.4</osmand:speed>
                </extensions>
            </trkpt>
            <trkpt lat="-40.1519791" lon="-71.5038568">
                <ele>857.8</ele>
                <extensions>
                    <osmand:speed>16.4</osmand:speed>
                </extensions>
            </trkpt>
            <trkpt lat="-40.1524466" lon="-71.5024513">
                <ele>857</ele>
                <extensions>
                    <osmand:speed>16.4</osmand:speed>
                </extensions>
            </trkpt>
            <trkpt lat="-40.1524712" lon="-71.5023118">
                <ele>857.2</ele>
                <extensions>
                    <osmand:speed>16.4</osmand:speed>
                </extensions>
            </trkpt>
            <trkpt lat="-40.152463" lon="-71.5021402">
                <ele>858.8</ele>
                <extensions>
                    <osmand:speed>16.4</osmand:speed>
                </extensions>
            </trkpt>
            <trkpt lat="-40.1523892" lon="-71.5019149">
                <ele>861.5</ele>
                <extensions>
                    <osmand:speed>16.4</osmand:speed>
                </extensions>
            </trkpt>
            <trkpt lat="-40.1523031" lon="-71.5017566">
                <ele>864.2</ele>
                <extensions>
                    <osmand:speed>16.4</osmand:speed>
                </extensions>
            </trkpt>
            <trkpt lat="-40.1521677" lon="-71.5016091">
                <ele>867.8</ele>
                <extensions>
                    <osmand:speed>16.4</osmand:speed>
                </extensions>
            </trkpt>
            <trkpt lat="-40.1520181" lon="-71.5015474">
                <ele>870.8</ele>
                <extensions>
                    <osmand:speed>16.4</osmand:speed>
                </extensions>
            </trkpt>
            <trkpt lat="-40.1516429" lon="-71.5015554">
                <ele>875.2</ele>
                <extensions>
                    <osmand:speed>16.4</osmand:speed>
                </extensions>
            </trkpt>
            <trkpt lat="-40.15128" lon="-71.5016413">
                <ele>877.2</ele>
                <extensions>
                    <osmand:speed>16.4</osmand:speed>
                </extensions>
            </trkpt>
            <trkpt lat="-40.1510976" lon="-71.5017217">
                <ele>879</ele>
                <extensions>
                    <osmand:speed>16.4</osmand:speed>
                </extensions>
            </trkpt>
            <trkpt lat="-40.1505604" lon="-71.5020972">
                <ele>885</ele>
                <extensions>
                    <osmand:speed>16.4</osmand:speed>
                </extensions>
            </trkpt>
            <trkpt lat="-40.1504989" lon="-71.5021965">
                <ele>886</ele>
                <extensions>
                    <osmand:speed>16.4</osmand:speed>
                </extensions>
            </trkpt>
            <trkpt lat="-40.1504538" lon="-71.5022904">
                <ele>887</ele>
                <extensions>
                    <osmand:speed>16.4</osmand:speed>
                </extensions>
            </trkpt>
            <trkpt lat="-40.1503903" lon="-71.5026847">
                <ele>890.5</ele>
                <extensions>
                    <osmand:speed>16.4</osmand:speed>
                </extensions>
            </trkpt>
            <trkpt lat="-40.1503165" lon="-71.5028268">
                <ele>892.5</ele>
                <extensions>
                    <osmand:speed>16.4</osmand:speed>
                </extensions>
            </trkpt>
            <trkpt lat="-40.1502201" lon="-71.5029073">
                <ele>894.5</ele>
                <extensions>
                    <osmand:speed>16.4</osmand:speed>
                </extensions>
            </trkpt>
            <trkpt lat="-40.1500684" lon="-71.5029475">
                <ele>896.5</ele>
                <extensions>
                    <osmand:speed>16.4</osmand:speed>
                </extensions>
            </trkpt>
            <trkpt lat="-40.14997" lon="-71.502859">
                <ele>896.8</ele>
                <extensions>
                    <osmand:speed>16.4</osmand:speed>
                </extensions>
            </trkpt>
            <trkpt lat="-40.1499167" lon="-71.5027222">
                <ele>896.2</ele>
                <extensions>
                    <osmand:speed>16.4</osmand:speed>
                </extensions>
            </trkpt>
            <trkpt lat="-40.1498224" lon="-71.5019444">
                <ele>892.8</ele>
                <extensions>
                    <osmand:speed>16.4</osmand:speed>
                </extensions>
            </trkpt>
            <trkpt lat="-40.1496973" lon="-71.5010834">
                <ele>893.5</ele>
                <extensions>
                    <osmand:speed>16.4</osmand:speed>
                </extensions>
            </trkpt>
            <trkpt lat="-40.149519" lon="-71.5002036">
                <ele>898.8</ele>
                <extensions>
                    <osmand:speed>16.4</osmand:speed>
                </extensions>
            </trkpt>
            <trkpt lat="-40.149318" lon="-71.4994043">
                <ele>905.5</ele>
                <extensions>
                    <osmand:speed>16.4</osmand:speed>
                </extensions>
            </trkpt>
            <trkpt lat="-40.1491233" lon="-71.4986774">
                <ele>911.2</ele>
                <extensions>
                    <osmand:speed>16.4</osmand:speed>
                </extensions>
            </trkpt>
            <trkpt lat="-40.1489203" lon="-71.4980686">
                <ele>915</ele>
                <extensions>
                    <osmand:speed>16.4</osmand:speed>
                </extensions>
            </trkpt>
            <trkpt lat="-40.1485185" lon="-71.4971513">
                <ele>923</ele>
                <extensions>
                    <osmand:speed>16.4</osmand:speed>
                </extensions>
            </trkpt>
            <trkpt lat="-40.1483954" lon="-71.4967865">
                <ele>924.8</ele>
                <extensions>
                    <osmand:speed>16.4</osmand:speed>
                </extensions>
            </trkpt>
            <trkpt lat="-40.1483606" lon="-71.4965424">
                <ele>925.2</ele>
                <extensions>
                    <osmand:speed>16.4</osmand:speed>
                </extensions>
            </trkpt>
            <trkpt lat="-40.1483626" lon="-71.4963064">
                <ele>925.5</ele>
                <extensions>
                    <osmand:speed>16.4</osmand:speed>
                </extensions>
            </trkpt>
            <trkpt lat="-40.1484488" lon="-71.4956009">
                <ele>925.8</ele>
                <extensions>
                    <osmand:speed>16.4</osmand:speed>
                </extensions>
            </trkpt>
            <trkpt lat="-40.1484201" lon="-71.4952683">
                <ele>926.8</ele>
                <extensions>
                    <osmand:speed>16.4</osmand:speed>
                </extensions>
            </trkpt>
            <trkpt lat="-40.1483401" lon="-71.4948955">
                <ele>928</ele>
                <extensions>
                    <osmand:speed>16.4</osmand:speed>
                </extensions>
            </trkpt>
            <trkpt lat="-40.1481617" lon="-71.4941579">
                <ele>927.2</ele>
                <extensions>
                    <osmand:speed>16.4</osmand:speed>
                </extensions>
            </trkpt>
            <trkpt lat="-40.147643" lon="-71.4923233">
                <ele>923.5</ele>
                <extensions>
                    <osmand:speed>16.4</osmand:speed>
                </extensions>
            </trkpt>
            <trkpt lat="-40.1474072" lon="-71.491363">
                <ele>925.5</ele>
                <extensions>
                    <osmand:speed>16.4</osmand:speed>
                </extensions>
            </trkpt>
            <trkpt lat="-40.1473785" lon="-71.4910841">
                <ele>927.2</ele>
                <extensions>
                    <osmand:speed>16.4</osmand:speed>
                </extensions>
            </trkpt>
            <trkpt lat="-40.1473867" lon="-71.4908373">
                <ele>928</ele>
                <extensions>
                    <osmand:speed>16.4</osmand:speed>
                </extensions>
            </trkpt>
            <trkpt lat="-40.1474339" lon="-71.4905047">
                <ele>927.5</ele>
                <extensions>
                    <osmand:speed>16.4</osmand:speed>
                </extensions>
            </trkpt>
            <trkpt lat="-40.147522" lon="-71.4902365">
                <ele>926</ele>
                <extensions>
                    <osmand:speed>16.4</osmand:speed>
                </extensions>
            </trkpt>
            <trkpt lat="-40.1478337" lon="-71.4894426">
                <ele>924</ele>
                <extensions>
                    <osmand:speed>16.4</osmand:speed>
                </extensions>
            </trkpt>
            <trkpt lat="-40.147887" lon="-71.489228">
                <ele>924.8</ele>
                <extensions>
                    <osmand:speed>16.4</osmand:speed>
                </extensions>
            </trkpt>
            <trkpt lat="-40.1478911" lon="-71.488992">
                <ele>926.2</ele>
                <extensions>
                    <osmand:speed>16.4</osmand:speed>
                </extensions>
            </trkpt>
            <trkpt lat="-40.1478378" lon="-71.4886969">
                <ele>928.8</ele>
                <extensions>
                    <osmand:speed>16.4</osmand:speed>
                </extensions>
            </trkpt>
            <trkpt lat="-40.1475097" lon="-71.4880854">
                <ele>935</ele>
                <extensions>
                    <osmand:speed>16.4</osmand:speed>
                </extensions>
            </trkpt>
            <trkpt lat="-40.147397" lon="-71.4878225">
                <ele>935.2</ele>
                <extensions>
                    <osmand:speed>16.4</osmand:speed>
                </extensions>
            </trkpt>
            <trkpt lat="-40.1472842" lon="-71.4874765">
                <ele>934.2</ele>
                <extensions>
                    <osmand:speed>16.4</osmand:speed>
                </extensions>
            </trkpt>
            <trkpt lat="-40.1470341" lon="-71.4866102">
                <ele>934</ele>
                <extensions>
                    <osmand:speed>16.4</osmand:speed>
                </extensions>
            </trkpt>
            <trkpt lat="-40.1469377" lon="-71.4863741">
                <ele>933.5</ele>
                <extensions>
                    <osmand:speed>16.4</osmand:speed>
                </extensions>
            </trkpt>
            <trkpt lat="-40.1467532" lon="-71.4860174">
                <ele>932</ele>
                <extensions>
                    <osmand:speed>16.4</osmand:speed>
                </extensions>
            </trkpt>
            <trkpt lat="-40.1463329" lon="-71.485489">
                <ele>930.2</ele>
                <extensions>
                    <osmand:speed>16.4</osmand:speed>
                </extensions>
            </trkpt>
            <trkpt lat="-40.1462796" lon="-71.4853817">
                <ele>929.2</ele>
                <extensions>
                    <osmand:speed>16.4</osmand:speed>
                </extensions>
            </trkpt>
            <trkpt lat="-40.1462468" lon="-71.4851886">
                <ele>927.2</ele>
                <extensions>
                    <osmand:speed>16.4</osmand:speed>
                </extensions>
            </trkpt>
            <trkpt lat="-40.1462345" lon="-71.4850008">
                <ele>925.2</ele>
                <extensions>
                    <osmand:speed>16.4</osmand:speed>
                </extensions>
            </trkpt>
            <trkpt lat="-40.1462365" lon="-71.484215">
                <ele>916.2</ele>
                <extensions>
                    <osmand:speed>16.4</osmand:speed>
                </extensions>
            </trkpt>
            <trkpt lat="-40.1461853" lon="-71.4838582">
                <ele>911.8</ele>
                <extensions>
                    <osmand:speed>16.4</osmand:speed>
                </extensions>
            </trkpt>
            <trkpt lat="-40.1461197" lon="-71.4835685">
                <ele>907.5</ele>
                <extensions>
                    <osmand:speed>16.4</osmand:speed>
                </extensions>
            </trkpt>
            <trkpt lat="-40.1459802" lon="-71.4832091">
                <ele>904.8</ele>
                <extensions>
                    <osmand:speed>16.4</osmand:speed>
                </extensions>
            </trkpt>
            <trkpt lat="-40.1458511" lon="-71.4830106">
                <ele>903.5</ele>
                <extensions>
                    <osmand:speed>16.4</osmand:speed>
                </extensions>
            </trkpt>
            <trkpt lat="-40.1456748" lon="-71.4828363">
                <ele>902.8</ele>
                <extensions>
                    <osmand:speed>16.4</osmand:speed>
                </extensions>
            </trkpt>
            <trkpt lat="-40.1453118" lon="-71.4825118">
                <ele>903.2</ele>
                <extensions>
                    <osmand:speed>16.4</osmand:speed>
                </extensions>
            </trkpt>
            <trkpt lat="-40.1452032" lon="-71.4823347">
                <ele>902.5</ele>
                <extensions>
                    <osmand:speed>16.4</osmand:speed>
                </extensions>
            </trkpt>
            <trkpt lat="-40.145074" lon="-71.4820719">
                <ele>899</ele>
                <extensions>
                    <osmand:speed>16.4</osmand:speed>
                </extensions>
            </trkpt>
            <trkpt lat="-40.1449797" lon="-71.4819512">
                <ele>897</ele>
                <extensions>
                    <osmand:speed>16.4</osmand:speed>
                </extensions>
            </trkpt>
            <trkpt lat="-40.1448731" lon="-71.4818466">
                <ele>895</ele>
                <extensions>
                    <osmand:speed>16.4</osmand:speed>
                </extensions>
            </trkpt>
            <trkpt lat="-40.1447644" lon="-71.4817742">
                <ele>893.5</ele>
                <extensions>
                    <osmand:speed>16.4</osmand:speed>
                </extensions>
            </trkpt>
            <trkpt lat="-40.1423347" lon="-71.4803928">
                <ele>888.2</ele>
                <extensions>
                    <osmand:speed>16.4</osmand:speed>
                </extensions>
            </trkpt>
            <trkpt lat="-40.1421338" lon="-71.4802426">
                <ele>886.2</ele>
                <extensions>
                    <osmand:speed>16.4</osmand:speed>
                </extensions>
            </trkpt>
            <trkpt lat="-40.1419985" lon="-71.4800924">
                <ele>884.8</ele>
                <extensions>
                    <osmand:speed>16.4</osmand:speed>
                </extensions>
            </trkpt>
            <trkpt lat="-40.1418139" lon="-71.4797974">
                <ele>881.5</ele>
                <extensions>
                    <osmand:speed>16.4</osmand:speed>
                </extensions>
            </trkpt>
            <trkpt lat="-40.1414777" lon="-71.4791965">
                <ele>875</ele>
                <extensions>
                    <osmand:speed>16.4</osmand:speed>
                </extensions>
            </trkpt>
            <trkpt lat="-40.1406739" lon="-71.4775121">
                <ele>874.2</ele>
                <extensions>
                    <osmand:speed>16.4</osmand:speed>
                </extensions>
            </trkpt>
            <trkpt lat="-40.1406411" lon="-71.477378">
                <ele>873.7</ele>
                <extensions>
                    <osmand:speed>16.4</osmand:speed>
                </extensions>
            </trkpt>
            <trkpt lat="-40.1406554" lon="-71.4772439">
                <ele>873.2</ele>
                <extensions>
                    <osmand:speed>16.4</osmand:speed>
                </extensions>
            </trkpt>
            <trkpt lat="-40.1407087" lon="-71.4771205">
                <ele>871.5</ele>
                <extensions>
                    <osmand:speed>16.4</osmand:speed>
                </extensions>
            </trkpt>
            <trkpt lat="-40.14084" lon="-71.4769167">
                <ele>868</ele>
                <extensions>
                    <osmand:speed>16.4</osmand:speed>
                </extensions>
            </trkpt>
            <trkpt lat="-40.1409199" lon="-71.4766619">
                <ele>867</ele>
                <extensions>
                    <osmand:speed>16.4</osmand:speed>
                </extensions>
            </trkpt>
            <trkpt lat="-40.140963" lon="-71.4763454">
                <ele>867.5</ele>
                <extensions>
                    <osmand:speed>16.4</osmand:speed>
                </extensions>
            </trkpt>
            <trkpt lat="-40.1409815" lon="-71.4759672">
                <ele>868.5</ele>
                <extensions>
                    <osmand:speed>16.4</osmand:speed>
                </extensions>
            </trkpt>
            <trkpt lat="-40.1409753" lon="-71.475589">
                <ele>868</ele>
                <extensions>
                    <osmand:speed>16.4</osmand:speed>
                </extensions>
            </trkpt>
            <trkpt lat="-40.1409199" lon="-71.4752215">
                <ele>867</ele>
                <extensions>
                    <osmand:speed>16.4</osmand:speed>
                </extensions>
            </trkpt>
            <trkpt lat="-40.1408277" lon="-71.4749748">
                <ele>866.5</ele>
                <extensions>
                    <osmand:speed>16.4</osmand:speed>
                </extensions>
            </trkpt>
            <trkpt lat="-40.1406903" lon="-71.4746797">
                <ele>868</ele>
                <extensions>
                    <osmand:speed>16.4</osmand:speed>
                </extensions>
            </trkpt>
            <trkpt lat="-40.1399726" lon="-71.4736685">
                <ele>878</ele>
                <extensions>
                    <osmand:speed>16.4</osmand:speed>
                </extensions>
            </trkpt>
            <trkpt lat="-40.1397799" lon="-71.4733762">
                <ele>879</ele>
                <extensions>
                    <osmand:speed>16.4</osmand:speed>
                </extensions>
            </trkpt>
            <trkpt lat="-40.1396753" lon="-71.4731669">
                <ele>879.2</ele>
                <extensions>
                    <osmand:speed>16.4</osmand:speed>
                </extensions>
            </trkpt>
            <trkpt lat="-40.1396322" lon="-71.4729685">
                <ele>878.8</ele>
                <extensions>
                    <osmand:speed>16.4</osmand:speed>
                </extensions>
            </trkpt>
            <trkpt lat="-40.1396466" lon="-71.4727995">
                <ele>878.2</ele>
                <extensions>
                    <osmand:speed>16.4</osmand:speed>
                </extensions>
            </trkpt>
            <trkpt lat="-40.1396856" lon="-71.4725715">
                <ele>878.7</ele>
                <extensions>
                    <osmand:speed>16.4</osmand:speed>
                </extensions>
            </trkpt>
            <trkpt lat="-40.1397737" lon="-71.4723623">
                <ele>879.2</ele>
                <extensions>
                    <osmand:speed>16.4</osmand:speed>
                </extensions>
            </trkpt>
            <trkpt lat="-40.1398599" lon="-71.4722282">
                <ele>880.8</ele>
                <extensions>
                    <osmand:speed>16.4</osmand:speed>
                </extensions>
            </trkpt>
            <trkpt lat="-40.1409384" lon="-71.4712787">
                <ele>887.5</ele>
                <extensions>
                    <osmand:speed>16.4</osmand:speed>
                </extensions>
            </trkpt>
            <trkpt lat="-40.1410778" lon="-71.4711338">
                <ele>887.2</ele>
                <extensions>
                    <osmand:speed>16.4</osmand:speed>
                </extensions>
            </trkpt>
            <trkpt lat="-40.1411721" lon="-71.4709756">
                <ele>888</ele>
                <extensions>
                    <osmand:speed>16.4</osmand:speed>
                </extensions>
            </trkpt>
            <trkpt lat="-40.1412583" lon="-71.4707449">
                <ele>889.5</ele>
                <extensions>
                    <osmand:speed>16.4</osmand:speed>
                </extensions>
            </trkpt>
            <trkpt lat="-40.1414243" lon="-71.4701763">
                <ele>894</ele>
                <extensions>
                    <osmand:speed>16.4</osmand:speed>
                </extensions>
            </trkpt>
            <trkpt lat="-40.1416232" lon="-71.4695165">
                <ele>901</ele>
                <extensions>
                    <osmand:speed>16.4</osmand:speed>
                </extensions>
            </trkpt>
            <trkpt lat="-40.1416396" lon="-71.4694092">
                <ele>902.5</ele>
                <extensions>
                    <osmand:speed>16.4</osmand:speed>
                </extensions>
            </trkpt>
            <trkpt lat="-40.1416253" lon="-71.4692885">
                <ele>904.2</ele>
                <extensions>
                    <osmand:speed>16.4</osmand:speed>
                </extensions>
            </trkpt>
            <trkpt lat="-40.1415679" lon="-71.4691839">
                <ele>905.8</ele>
                <extensions>
                    <osmand:speed>16.4</osmand:speed>
                </extensions>
            </trkpt>
            <trkpt lat="-40.1415166" lon="-71.4691329">
                <ele>906.5</ele>
                <extensions>
                    <osmand:speed>16.4</osmand:speed>
                </extensions>
            </trkpt>
            <trkpt lat="-40.1413977" lon="-71.4691088">
                <ele>907</ele>
                <extensions>
                    <osmand:speed>16.4</osmand:speed>
                </extensions>
            </trkpt>
            <trkpt lat="-40.141289" lon="-71.4691544">
                <ele>906.8</ele>
                <extensions>
                    <osmand:speed>16.4</osmand:speed>
                </extensions>
            </trkpt>
            <trkpt lat="-40.1411947" lon="-71.4692885">
                <ele>905.5</ele>
                <extensions>
                    <osmand:speed>16.4</osmand:speed>
                </extensions>
            </trkpt>
            <trkpt lat="-40.1411557" lon="-71.4695352">
                <ele>902.5</ele>
                <extensions>
                    <osmand:speed>16.4</osmand:speed>
                </extensions>
            </trkpt>
            <trkpt lat="-40.141086" lon="-71.4696693">
                <ele>901.5</ele>
                <extensions>
                    <osmand:speed>16.4</osmand:speed>
                </extensions>
            </trkpt>
            <trkpt lat="-40.1409835" lon="-71.4697284">
                <ele>902</ele>
                <extensions>
                    <osmand:speed>16.4</osmand:speed>
                </extensions>
            </trkpt>
            <trkpt lat="-40.1408256" lon="-71.4697552">
                <ele>904</ele>
                <extensions>
                    <osmand:speed>16.4</osmand:speed>
                </extensions>
            </trkpt>
            <trkpt lat="-40.1407498" lon="-71.4697927">
                <ele>904.8</ele>
                <extensions>
                    <osmand:speed>16.4</osmand:speed>
                </extensions>
            </trkpt>
            <trkpt lat="-40.1406739" lon="-71.4698812">
                <ele>905</ele>
                <extensions>
                    <osmand:speed>16.4</osmand:speed>
                </extensions>
            </trkpt>
            <trkpt lat="-40.140516" lon="-71.4701039">
                <ele>906</ele>
                <extensions>
                    <osmand:speed>16.4</osmand:speed>
                </extensions>
            </trkpt>
            <trkpt lat="-40.1403807" lon="-71.4702246">
                <ele>907</ele>
                <extensions>
                    <osmand:speed>16.4</osmand:speed>
                </extensions>
            </trkpt>
            <trkpt lat="-40.1396404" lon="-71.4706028">
                <ele>912.5</ele>
                <extensions>
                    <osmand:speed>16.4</osmand:speed>
                </extensions>
            </trkpt>
            <trkpt lat="-40.1395236" lon="-71.4706162">
                <ele>913.8</ele>
                <extensions>
                    <osmand:speed>16.4</osmand:speed>
                </extensions>
            </trkpt>
            <trkpt lat="-40.1393862" lon="-71.4705867">
                <ele>915.5</ele>
                <extensions>
                    <osmand:speed>16.4</osmand:speed>
                </extensions>
            </trkpt>
            <trkpt lat="-40.1391791" lon="-71.4704311">
                <ele>918</ele>
                <extensions>
                    <osmand:speed>16.4</osmand:speed>
                </extensions>
            </trkpt>
            <trkpt lat="-40.1390622" lon="-71.4701951">
                <ele>919</ele>
                <extensions>
                    <osmand:speed>16.4</osmand:speed>
                </extensions>
            </trkpt>
            <trkpt lat="-40.1390274" lon="-71.4699376">
                <ele>919.2</ele>
                <extensions>
                    <osmand:speed>16.4</osmand:speed>
                </extensions>
            </trkpt>
            <trkpt lat="-40.1390274" lon="-71.4688003">
                <ele>922</ele>
                <extensions>
                    <osmand:speed>16.4</osmand:speed>
                </extensions>
            </trkpt>
            <trkpt lat="-40.1390417" lon="-71.468237">
                <ele>925.2</ele>
                <extensions>
                    <osmand:speed>16.4</osmand:speed>
                </extensions>
            </trkpt>
            <trkpt lat="-40.1390233" lon="-71.4680225">
                <ele>927.5</ele>
                <extensions>
                    <osmand:speed>16.4</osmand:speed>
                </extensions>
            </trkpt>
            <trkpt lat="-40.1389699" lon="-71.4677408">
                <ele>931</ele>
                <extensions>
                    <osmand:speed>16.4</osmand:speed>
                </extensions>
            </trkpt>
            <trkpt lat="-40.1388859" lon="-71.4675343">
                <ele>933.8</ele>
                <extensions>
                    <osmand:speed>16.4</osmand:speed>
                </extensions>
            </trkpt>
            <trkpt lat="-40.1386767" lon="-71.4674002">
                <ele>936.8</ele>
                <extensions>
                    <osmand:speed>16.4</osmand:speed>
                </extensions>
            </trkpt>
            <trkpt lat="-40.1380226" lon="-71.4672661">
                <ele>940.8</ele>
                <extensions>
                    <osmand:speed>16.4</osmand:speed>
                </extensions>
            </trkpt>
            <trkpt lat="-40.1377519" lon="-71.4671803">
                <ele>941.5</ele>
                <extensions>
                    <osmand:speed>16.4</osmand:speed>
                </extensions>
            </trkpt>
            <trkpt lat="-40.1375202" lon="-71.4670783">
                <ele>941.3</ele>
                <extensions>
                    <osmand:speed>16.4</osmand:speed>
                </extensions>
            </trkpt>
            <trkpt lat="-40.1370896" lon="-71.4667296">
                <ele>941</ele>
                <extensions>
                    <osmand:speed>16.4</osmand:speed>
                </extensions>
            </trkpt>
            <trkpt lat="-40.1363165" lon="-71.4660698">
                <ele>940.6</ele>
                <extensions>
                    <osmand:speed>16.4</osmand:speed>
                </extensions>
            </trkpt>
            <trkpt lat="-40.135769" lon="-71.4656004">
                <ele>940.2</ele>
                <extensions>
                    <osmand:speed>16.4</osmand:speed>
                </extensions>
            </trkpt>
            <trkpt lat="-40.1356603" lon="-71.4655387">
                <ele>939.5</ele>
                <extensions>
                    <osmand:speed>16.4</osmand:speed>
                </extensions>
            </trkpt>
            <trkpt lat="-40.1355373" lon="-71.46552">
                <ele>939</ele>
                <extensions>
                    <osmand:speed>16.4</osmand:speed>
                </extensions>
            </trkpt>
            <trkpt lat="-40.1353261" lon="-71.4655307">
                <ele>938.5</ele>
                <extensions>
                    <osmand:speed>16.4</osmand:speed>
                </extensions>
            </trkpt>
            <trkpt lat="-40.1348565" lon="-71.4655709">
                <ele>938.3</ele>
                <extensions>
                    <osmand:speed>16.4</osmand:speed>
                </extensions>
            </trkpt>
            <trkpt lat="-40.134594" lon="-71.4655817">
                <ele>938.2</ele>
                <extensions>
                    <osmand:speed>16.4</osmand:speed>
                </extensions>
            </trkpt>
            <trkpt lat="-40.1344648" lon="-71.4655387">
                <ele>938</ele>
                <extensions>
                    <osmand:speed>16.4</osmand:speed>
                </extensions>
            </trkpt>
            <trkpt lat="-40.13435" lon="-71.4654583">
                <ele>937.8</ele>
                <extensions>
                    <osmand:speed>16.4</osmand:speed>
                </extensions>
            </trkpt>
            <trkpt lat="-40.1342454" lon="-71.4653242">
                <ele>937.2</ele>
                <extensions>
                    <osmand:speed>16.4</osmand:speed>
                </extensions>
            </trkpt>
            <trkpt lat="-40.1341162" lon="-71.4651337">
                <ele>936.5</ele>
                <extensions>
                    <osmand:speed>16.4</osmand:speed>
                </extensions>
            </trkpt>
            <trkpt lat="-40.133944" lon="-71.4649272">
                <ele>936.2</ele>
                <extensions>
                    <osmand:speed>16.4</osmand:speed>
                </extensions>
            </trkpt>
            <trkpt lat="-40.1337615" lon="-71.4647985">
                <ele>936.5</ele>
                <extensions>
                    <osmand:speed>16.4</osmand:speed>
                </extensions>
            </trkpt>
            <trkpt lat="-40.1334785" lon="-71.4646536">
                <ele>937</ele>
                <extensions>
                    <osmand:speed>16.4</osmand:speed>
                </extensions>
            </trkpt>
            <trkpt lat="-40.1332898" lon="-71.4645329">
                <ele>937.2</ele>
                <extensions>
                    <osmand:speed>16.4</osmand:speed>
                </extensions>
            </trkpt>
            <trkpt lat="-40.1320799" lon="-71.463511">
                <ele>943.8</ele>
                <extensions>
                    <osmand:speed>16.4</osmand:speed>
                </extensions>
            </trkpt>
            <trkpt lat="-40.1318461" lon="-71.463275">
                <ele>945.2</ele>
                <extensions>
                    <osmand:speed>16.4</osmand:speed>
                </extensions>
            </trkpt>
            <trkpt lat="-40.1317538" lon="-71.4630255">
                <ele>946.8</ele>
                <extensions>
                    <osmand:speed>16.4</osmand:speed>
                </extensions>
            </trkpt>
            <trkpt lat="-40.1317641" lon="-71.4628538">
                <ele>946.6</ele>
                <extensions>
                    <osmand:speed>16.4</osmand:speed>
                </extensions>
            </trkpt>
            <trkpt lat="-40.1318605" lon="-71.4624032">
                <ele>946.2</ele>
                <extensions>
                    <osmand:speed>16.4</osmand:speed>
                </extensions>
            </trkpt>
            <trkpt lat="-40.1318666" lon="-71.4621162">
                <ele>946.5</ele>
                <extensions>
                    <osmand:speed>16.4</osmand:speed>
                </extensions>
            </trkpt>
            <trkpt lat="-40.1318113" lon="-71.461958">
                <ele>948.2</ele>
                <extensions>
                    <osmand:speed>16.4</osmand:speed>
                </extensions>
            </trkpt>
            <trkpt lat="-40.1315734" lon="-71.461561">
                <ele>954.5</ele>
                <extensions>
                    <osmand:speed>16.4</osmand:speed>
                </extensions>
            </trkpt>
            <trkpt lat="-40.1314975" lon="-71.4613143">
                <ele>957</ele>
                <extensions>
                    <osmand:speed>16.4</osmand:speed>
                </extensions>
            </trkpt>
            <trkpt lat="-40.1314052" lon="-71.4608771">
                <ele>961.2</ele>
                <extensions>
                    <osmand:speed>16.4</osmand:speed>
                </extensions>
            </trkpt>
            <trkpt lat="-40.1313375" lon="-71.4605471">
                <ele>964.2</ele>
                <extensions>
                    <osmand:speed>16.4</osmand:speed>
                </extensions>
            </trkpt>
            <trkpt lat="-40.1312473" lon="-71.4603084">
                <ele>967</ele>
                <extensions>
                    <osmand:speed>16.4</osmand:speed>
                </extensions>
            </trkpt>
            <trkpt lat="-40.1306444" lon="-71.4593911">
                <ele>977.8</ele>
                <extensions>
                    <osmand:speed>16.4</osmand:speed>
                </extensions>
            </trkpt>
            <trkpt lat="-40.1305029" lon="-71.4590612">
                <ele>979.5</ele>
                <extensions>
                    <osmand:speed>16.4</osmand:speed>
                </extensions>
            </trkpt>
            <trkpt lat="-40.1303573" lon="-71.4585221">
                <ele>981.2</ele>
                <extensions>
                    <osmand:speed>16.4</osmand:speed>
                </extensions>
            </trkpt>
            <trkpt lat="-40.1302301" lon="-71.4578864">
                <ele>982.2</ele>
                <extensions>
                    <osmand:speed>16.4</osmand:speed>
                </extensions>
            </trkpt>
            <trkpt lat="-40.1302055" lon="-71.457468">
                <ele>980.8</ele>
                <extensions>
                    <osmand:speed>16.4</osmand:speed>
                </extensions>
            </trkpt>
            <trkpt lat="-40.1301871" lon="-71.4572641">
                <ele>980.5</ele>
                <extensions>
                    <osmand:speed>16.4</osmand:speed>
                </extensions>
            </trkpt>
            <trkpt lat="-40.1300784" lon="-71.4570227">
                <ele>980.8</ele>
                <extensions>
                    <osmand:speed>16.4</osmand:speed>
                </extensions>
            </trkpt>
            <trkpt lat="-40.1299451" lon="-71.4568859">
                <ele>982</ele>
                <extensions>
                    <osmand:speed>16.4</osmand:speed>
                </extensions>
            </trkpt>
            <trkpt lat="-40.1298036" lon="-71.4568055">
                <ele>983.5</ele>
                <extensions>
                    <osmand:speed>16.4</osmand:speed>
                </extensions>
            </trkpt>
            <trkpt lat="-40.1295288" lon="-71.456725">
                <ele>987</ele>
                <extensions>
                    <osmand:speed>16.4</osmand:speed>
                </extensions>
            </trkpt>
            <trkpt lat="-40.1294262" lon="-71.4566606">
                <ele>988</ele>
                <extensions>
                    <osmand:speed>16.4</osmand:speed>
                </extensions>
            </trkpt>
            <trkpt lat="-40.1293134" lon="-71.456489">
                <ele>987.8</ele>
                <extensions>
                    <osmand:speed>16.4</osmand:speed>
                </extensions>
            </trkpt>
            <trkpt lat="-40.1291617" lon="-71.4562315">
                <ele>987.5</ele>
                <extensions>
                    <osmand:speed>16.4</osmand:speed>
                </extensions>
            </trkpt>
            <trkpt lat="-40.129012" lon="-71.456033">
                <ele>987.8</ele>
                <extensions>
                    <osmand:speed>16.4</osmand:speed>
                </extensions>
            </trkpt>
            <trkpt lat="-40.1288417" lon="-71.4558747">
                <ele>989.2</ele>
                <extensions>
                    <osmand:speed>16.4</osmand:speed>
                </extensions>
            </trkpt>
            <trkpt lat="-40.1286244" lon="-71.4557165">
                <ele>992.8</ele>
                <extensions>
                    <osmand:speed>16.4</osmand:speed>
                </extensions>
            </trkpt>
            <trkpt lat="-40.1283126" lon="-71.4555904">
                <ele>1000</ele>
                <extensions>
                    <osmand:speed>16.4</osmand:speed>
                </extensions>
            </trkpt>
            <trkpt lat="-40.1281035" lon="-71.4554241">
                <ele>1002.8</ele>
                <extensions>
                    <osmand:speed>16.4</osmand:speed>
                </extensions>
            </trkpt>
            <trkpt lat="-40.1274349" lon="-71.4547214">
                <ele>1010.2</ele>
                <extensions>
                    <osmand:speed>16.4</osmand:speed>
                </extensions>
            </trkpt>
            <trkpt lat="-40.1270329" lon="-71.4543459">
                <ele>1012.5</ele>
                <extensions>
                    <osmand:speed>16.4</osmand:speed>
                </extensions>
            </trkpt>
            <trkpt lat="-40.1267314" lon="-71.454083">
                <ele>1015.8</ele>
                <extensions>
                    <osmand:speed>16.4</osmand:speed>
                </extensions>
            </trkpt>
            <trkpt lat="-40.1262208" lon="-71.4535412">
                <ele>1019</ele>
                <extensions>
                    <osmand:speed>16.4</osmand:speed>
                </extensions>
            </trkpt>
            <trkpt lat="-40.1260341" lon="-71.4534366">
                <ele>1021.5</ele>
                <extensions>
                    <osmand:speed>16.4</osmand:speed>
                </extensions>
            </trkpt>
            <trkpt lat="-40.1258865" lon="-71.4533749">
                <ele>1023.5</ele>
                <extensions>
                    <osmand:speed>16.4</osmand:speed>
                </extensions>
            </trkpt>
            <trkpt lat="-40.1257306" lon="-71.4533561">
                <ele>1025.2</ele>
                <extensions>
                    <osmand:speed>16.4</osmand:speed>
                </extensions>
            </trkpt>
            <trkpt lat="-40.1255112" lon="-71.453391">
                <ele>1027.2</ele>
                <extensions>
                    <osmand:speed>16.4</osmand:speed>
                </extensions>
            </trkpt>
            <trkpt lat="-40.1251399" lon="-71.4534581">
                <ele>1031</ele>
                <extensions>
                    <osmand:speed>16.4</osmand:speed>
                </extensions>
            </trkpt>
            <trkpt lat="-40.1249369" lon="-71.4534634">
                <ele>1031.8</ele>
                <extensions>
                    <osmand:speed>16.4</osmand:speed>
                </extensions>
            </trkpt>
            <trkpt lat="-40.1247113" lon="-71.4534152">
                <ele>1031.5</ele>
                <extensions>
                    <osmand:speed>16.4</osmand:speed>
                </extensions>
            </trkpt>
            <trkpt lat="-40.1243134" lon="-71.4533213">
                <ele>1032.2</ele>
                <extensions>
                    <osmand:speed>16.4</osmand:speed>
                </extensions>
            </trkpt>
            <trkpt lat="-40.1238171" lon="-71.4532703">
                <ele>1032.8</ele>
                <extensions>
                    <osmand:speed>16.4</osmand:speed>
                </extensions>
            </trkpt>
            <trkpt lat="-40.1236427" lon="-71.4532891">
                <ele>1033</ele>
                <extensions>
                    <osmand:speed>16.4</osmand:speed>
                </extensions>
            </trkpt>
            <trkpt lat="-40.1235217" lon="-71.4533561">
                <ele>1034.2</ele>
                <extensions>
                    <osmand:speed>16.4</osmand:speed>
                </extensions>
            </trkpt>
            <trkpt lat="-40.1233433" lon="-71.4534795">
                <ele>1036.2</ele>
                <extensions>
                    <osmand:speed>16.4</osmand:speed>
                </extensions>
            </trkpt>
            <trkpt lat="-40.1231731" lon="-71.4535734">
                <ele>1037.2</ele>
                <extensions>
                    <osmand:speed>16.4</osmand:speed>
                </extensions>
            </trkpt>
            <trkpt lat="-40.1230213" lon="-71.4535895">
                <ele>1037</ele>
                <extensions>
                    <osmand:speed>16.4</osmand:speed>
                </extensions>
            </trkpt>
            <trkpt lat="-40.1225475" lon="-71.4535627">
                <ele>1034.5</ele>
                <extensions>
                    <osmand:speed>16.4</osmand:speed>
                </extensions>
            </trkpt>
            <trkpt lat="-40.1222891" lon="-71.4535895">
                <ele>1033.2</ele>
                <extensions>
                    <osmand:speed>16.4</osmand:speed>
                </extensions>
            </trkpt>
            <trkpt lat="-40.1221496" lon="-71.4536163">
                <ele>1033</ele>
                <extensions>
                    <osmand:speed>16.4</osmand:speed>
                </extensions>
            </trkpt>
            <trkpt lat="-40.1220471" lon="-71.4536056">
                <ele>1032.2</ele>
                <extensions>
                    <osmand:speed>16.4</osmand:speed>
                </extensions>
            </trkpt>
            <trkpt lat="-40.1219568" lon="-71.4535359">
                <ele>1031</ele>
                <extensions>
                    <osmand:speed>16.4</osmand:speed>
                </extensions>
            </trkpt>
            <trkpt lat="-40.121801" lon="-71.4531791">
                <ele>1028</ele>
                <extensions>
                    <osmand:speed>16.4</osmand:speed>
                </extensions>
            </trkpt>
            <trkpt lat="-40.1216574" lon="-71.4527848">
                <ele>1027.8</ele>
                <extensions>
                    <osmand:speed>16.4</osmand:speed>
                </extensions>
            </trkpt>
            <trkpt lat="-40.1215487" lon="-71.4524013">
                <ele>1028</ele>
                <extensions>
                    <osmand:speed>16.4</osmand:speed>
                </extensions>
            </trkpt>
            <trkpt lat="-40.1208206" lon="-71.4498129">
                <ele>1028.8</ele>
                <extensions>
                    <osmand:speed>16.4</osmand:speed>
                </extensions>
            </trkpt>
            <trkpt lat="-40.120398" lon="-71.4481258">
                <ele>1022.2</ele>
                <extensions>
                    <osmand:speed>16.4</osmand:speed>
                </extensions>
            </trkpt>
            <trkpt lat="-40.1202914" lon="-71.4477825">
                <ele>1020.8</ele>
                <extensions>
                    <osmand:speed>16.4</osmand:speed>
                </extensions>
            </trkpt>
            <trkpt lat="-40.1201622" lon="-71.447458">
                <ele>1019.2</ele>
                <extensions>
                    <osmand:speed>16.4</osmand:speed>
                </extensions>
            </trkpt>
            <trkpt lat="-40.119393" lon="-71.4461383">
                <ele>1009</ele>
                <extensions>
                    <osmand:speed>16.4</osmand:speed>
                </extensions>
            </trkpt>
            <trkpt lat="-40.1191838" lon="-71.4457119">
                <ele>1007.5</ele>
                <extensions>
                    <osmand:speed>16.4</osmand:speed>
                </extensions>
            </trkpt>
            <trkpt lat="-40.1187428" lon="-71.4447865">
                <ele>1002.2</ele>
                <extensions>
                    <osmand:speed>16.4</osmand:speed>
                </extensions>
            </trkpt>
            <trkpt lat="-40.1185069" lon="-71.4443761">
                <ele>999.8</ele>
                <extensions>
                    <osmand:speed>16.4</osmand:speed>
                </extensions>
            </trkpt>
            <trkpt lat="-40.1177398" lon="-71.4433461">
                <ele>997.8</ele>
                <extensions>
                    <osmand:speed>16.4</osmand:speed>
                </extensions>
            </trkpt>
            <trkpt lat="-40.1175819" lon="-71.4430243">
                <ele>996.2</ele>
                <extensions>
                    <osmand:speed>16.4</osmand:speed>
                </extensions>
            </trkpt>
            <trkpt lat="-40.1173973" lon="-71.4424556">
                <ele>992.8</ele>
                <extensions>
                    <osmand:speed>16.4</osmand:speed>
                </extensions>
            </trkpt>
            <trkpt lat="-40.1173357" lon="-71.4423323">
                <ele>991.8</ele>
                <extensions>
                    <osmand:speed>16.4</osmand:speed>
                </extensions>
            </trkpt>
            <trkpt lat="-40.1172701" lon="-71.4422894">
                <ele>991.2</ele>
                <extensions>
                    <osmand:speed>16.4</osmand:speed>
                </extensions>
            </trkpt>
            <trkpt lat="-40.1171142" lon="-71.4422303">
                <ele>990.8</ele>
                <extensions>
                    <osmand:speed>16.4</osmand:speed>
                </extensions>
            </trkpt>
            <trkpt lat="-40.1170301" lon="-71.4422491">
                <ele>991.2</ele>
                <extensions>
                    <osmand:speed>16.4</osmand:speed>
                </extensions>
            </trkpt>
            <trkpt lat="-40.1169583" lon="-71.4423054">
                <ele>992.2</ele>
                <extensions>
                    <osmand:speed>16.4</osmand:speed>
                </extensions>
            </trkpt>
            <trkpt lat="-40.1168291" lon="-71.4425147">
                <ele>994.2</ele>
                <extensions>
                    <osmand:speed>16.4</osmand:speed>
                </extensions>
            </trkpt>
            <trkpt lat="-40.1165953" lon="-71.4429224">
                <ele>997.2</ele>
                <extensions>
                    <osmand:speed>16.4</osmand:speed>
                </extensions>
            </trkpt>
            <trkpt lat="-40.1165132" lon="-71.4430135">
                <ele>997.5</ele>
                <extensions>
                    <osmand:speed>16.4</osmand:speed>
                </extensions>
            </trkpt>
            <trkpt lat="-40.1163901" lon="-71.4430726">
                <ele>997</ele>
                <extensions>
                    <osmand:speed>16.4</osmand:speed>
                </extensions>
            </trkpt>
            <trkpt lat="-40.116185" lon="-71.4430806">
                <ele>996.5</ele>
                <extensions>
                    <osmand:speed>16.4</osmand:speed>
                </extensions>
            </trkpt>
            <trkpt lat="-40.1160353" lon="-71.4430404">
                <ele>996.6</ele>
                <extensions>
                    <osmand:speed>16.4</osmand:speed>
                </extensions>
            </trkpt>
            <trkpt lat="-40.1158958" lon="-71.4429009">
                <ele>996.8</ele>
                <extensions>
                    <osmand:speed>16.4</osmand:speed>
                </extensions>
            </trkpt>
            <trkpt lat="-40.1158015" lon="-71.4427185">
                <ele>997.5</ele>
                <extensions>
                    <osmand:speed>16.4</osmand:speed>
                </extensions>
            </trkpt>
            <trkpt lat="-40.1157727" lon="-71.4424637">
                <ele>997.8</ele>
                <extensions>
                    <osmand:speed>16.4</osmand:speed>
                </extensions>
            </trkpt>
            <trkpt lat="-40.1157891" lon="-71.4420345">
                <ele>996.5</ele>
                <extensions>
                    <osmand:speed>16.4</osmand:speed>
                </extensions>
            </trkpt>
            <trkpt lat="-40.1157666" lon="-71.4415839">
                <ele>995</ele>
                <extensions>
                    <osmand:speed>16.4</osmand:speed>
                </extensions>
            </trkpt>
            <trkpt lat="-40.1155799" lon="-71.4406398">
                <ele>997.2</ele>
                <extensions>
                    <osmand:speed>16.4</osmand:speed>
                </extensions>
            </trkpt>
            <trkpt lat="-40.1149953" lon="-71.4383706">
                <ele>1000.8</ele>
                <extensions>
                    <osmand:speed>16.4</osmand:speed>
                </extensions>
            </trkpt>
            <trkpt lat="-40.1148558" lon="-71.4378422">
                <ele>1001.2</ele>
                <extensions>
                    <osmand:speed>16.4</osmand:speed>
                </extensions>
            </trkpt>
            <trkpt lat="-40.1147492" lon="-71.4375821">
                <ele>1001.5</ele>
                <extensions>
                    <osmand:speed>16.4</osmand:speed>
                </extensions>
            </trkpt>
            <trkpt lat="-40.1146425" lon="-71.4373916">
                <ele>1001</ele>
                <extensions>
                    <osmand:speed>16.4</osmand:speed>
                </extensions>
            </trkpt>
            <trkpt lat="-40.1140025" lon="-71.4364716">
                <ele>1003</ele>
                <extensions>
                    <osmand:speed>16.4</osmand:speed>
                </extensions>
            </trkpt>
            <trkpt lat="-40.1126938" lon="-71.434586">
                <ele>1005.5</ele>
                <extensions>
                    <osmand:speed>16.4</osmand:speed>
                </extensions>
            </trkpt>
            <trkpt lat="-40.1123348" lon="-71.4341086">
                <ele>1007.8</ele>
                <extensions>
                    <osmand:speed>16.4</osmand:speed>
                </extensions>
            </trkpt>
            <trkpt lat="-40.112142" lon="-71.4336821">
                <ele>1009.8</ele>
                <extensions>
                    <osmand:speed>16.4</osmand:speed>
                </extensions>
            </trkpt>
            <trkpt lat="-40.112021" lon="-71.4334086">
                <ele>1011.8</ele>
                <extensions>
                    <osmand:speed>16.4</osmand:speed>
                </extensions>
            </trkpt>
            <trkpt lat="-40.1118979" lon="-71.4330196">
                <ele>1014.5</ele>
                <extensions>
                    <osmand:speed>16.4</osmand:speed>
                </extensions>
            </trkpt>
            <trkpt lat="-40.1114343" lon="-71.4313459">
                <ele>1013.8</ele>
                <extensions>
                    <osmand:speed>16.4</osmand:speed>
                </extensions>
            </trkpt>
            <trkpt lat="-40.111381" lon="-71.4309999">
                <ele>1012.8</ele>
                <extensions>
                    <osmand:speed>16.4</osmand:speed>
                </extensions>
            </trkpt>
            <trkpt lat="-40.111383" lon="-71.4307988">
                <ele>1012</ele>
                <extensions>
                    <osmand:speed>16.4</osmand:speed>
                </extensions>
            </trkpt>
            <trkpt lat="-40.1114015" lon="-71.4305735">
                <ele>1011.2</ele>
                <extensions>
                    <osmand:speed>16.4</osmand:speed>
                </extensions>
            </trkpt>
            <trkpt lat="-40.1114589" lon="-71.4303401">
                <ele>1010.8</ele>
                <extensions>
                    <osmand:speed>16.4</osmand:speed>
                </extensions>
            </trkpt>
            <trkpt lat="-40.1117317" lon="-71.4292592">
                <ele>1010.2</ele>
                <extensions>
                    <osmand:speed>16.4</osmand:speed>
                </extensions>
            </trkpt>
            <trkpt lat="-40.1125112" lon="-71.4263973">
                <ele>1007.8</ele>
                <extensions>
                    <osmand:speed>16.4</osmand:speed>
                </extensions>
            </trkpt>
            <trkpt lat="-40.1141133" lon="-71.4203811">
                <ele>995.2</ele>
                <extensions>
                    <osmand:speed>16.4</osmand:speed>
                </extensions>
            </trkpt>
            <trkpt lat="-40.1156435" lon="-71.4145902">
                <ele>981.5</ele>
                <extensions>
                    <osmand:speed>16.4</osmand:speed>
                </extensions>
            </trkpt>
            <trkpt lat="-40.1162322" lon="-71.4124364">
                <ele>977</ele>
                <extensions>
                    <osmand:speed>16.4</osmand:speed>
                </extensions>
            </trkpt>
            <trkpt lat="-40.1164886" lon="-71.4114735">
                <ele>976</ele>
                <extensions>
                    <osmand:speed>16.4</osmand:speed>
                </extensions>
            </trkpt>
            <trkpt lat="-40.1180249" lon="-71.4049315">
                <ele>969.2</ele>
                <extensions>
                    <osmand:speed>16.4</osmand:speed>
                </extensions>
            </trkpt>
            <trkpt lat="-40.1189397" lon="-71.4011443">
                <ele>969</ele>
                <extensions>
                    <osmand:speed>16.4</osmand:speed>
                </extensions>
            </trkpt>
            <trkpt lat="-40.1202463" lon="-71.3953722">
                <ele>968.8</ele>
                <extensions>
                    <osmand:speed>16.4</osmand:speed>
                </extensions>
            </trkpt>
            <trkpt lat="-40.120357" lon="-71.3949805">
                <ele>967.2</ele>
                <extensions>
                    <osmand:speed>16.4</osmand:speed>
                </extensions>
            </trkpt>
            <trkpt lat="-40.1205006" lon="-71.3946104">
                <ele>965.5</ele>
                <extensions>
                    <osmand:speed>16.4</osmand:speed>
                </extensions>
            </trkpt>
            <trkpt lat="-40.1206934" lon="-71.3942">
                <ele>964.8</ele>
                <extensions>
                    <osmand:speed>16.4</osmand:speed>
                </extensions>
            </trkpt>
            <trkpt lat="-40.1209436" lon="-71.3937655">
                <ele>965.2</ele>
                <extensions>
                    <osmand:speed>16.4</osmand:speed>
                </extensions>
            </trkpt>
            <trkpt lat="-40.122527" lon="-71.3917592">
                <ele>975</ele>
                <extensions>
                    <osmand:speed>16.4</osmand:speed>
                </extensions>
            </trkpt>
            <trkpt lat="-40.1228059" lon="-71.3912791">
                <ele>975.5</ele>
                <extensions>
                    <osmand:speed>16.4</osmand:speed>
                </extensions>
            </trkpt>
            <trkpt lat="-40.123011" lon="-71.3908231">
                <ele>974.2</ele>
                <extensions>
                    <osmand:speed>16.4</osmand:speed>
                </extensions>
            </trkpt>
            <trkpt lat="-40.1232982" lon="-71.3899487">
                <ele>968.2</ele>
                <extensions>
                    <osmand:speed>16.4</osmand:speed>
                </extensions>
            </trkpt>
            <trkpt lat="-40.1233823" lon="-71.3897395">
                <ele>966</ele>
                <extensions>
                    <osmand:speed>16.4</osmand:speed>
                </extensions>
            </trkpt>
            <trkpt lat="-40.1234664" lon="-71.3896188">
                <ele>964.5</ele>
                <extensions>
                    <osmand:speed>16.4</osmand:speed>
                </extensions>
            </trkpt>
            <trkpt lat="-40.1236263" lon="-71.3895062">
                <ele>962.2</ele>
                <extensions>
                    <osmand:speed>16.4</osmand:speed>
                </extensions>
            </trkpt>
            <trkpt lat="-40.1247277" lon="-71.3891628">
                <ele>953.8</ele>
                <extensions>
                    <osmand:speed>16.4</osmand:speed>
                </extensions>
            </trkpt>
            <trkpt lat="-40.1248446" lon="-71.3891011">
                <ele>953</ele>
                <extensions>
                    <osmand:speed>16.4</osmand:speed>
                </extensions>
            </trkpt>
            <trkpt lat="-40.1249595" lon="-71.3890046">
                <ele>952.2</ele>
                <extensions>
                    <osmand:speed>16.4</osmand:speed>
                </extensions>
            </trkpt>
            <trkpt lat="-40.1251256" lon="-71.3887256">
                <ele>950.8</ele>
                <extensions>
                    <osmand:speed>16.4</osmand:speed>
                </extensions>
            </trkpt>
            <trkpt lat="-40.1251892" lon="-71.3884467">
                <ele>948.5</ele>
                <extensions>
                    <osmand:speed>16.4</osmand:speed>
                </extensions>
            </trkpt>
            <trkpt lat="-40.1252056" lon="-71.3882831">
                <ele>947.8</ele>
                <extensions>
                    <osmand:speed>16.4</osmand:speed>
                </extensions>
            </trkpt>
            <trkpt lat="-40.125183" lon="-71.3880819">
                <ele>947</ele>
                <extensions>
                    <osmand:speed>16.4</osmand:speed>
                </extensions>
            </trkpt>
            <trkpt lat="-40.1250641" lon="-71.3877976">
                <ele>945.2</ele>
                <extensions>
                    <osmand:speed>16.4</osmand:speed>
                </extensions>
            </trkpt>
            <trkpt lat="-40.1250066" lon="-71.3875669">
                <ele>943.5</ele>
                <extensions>
                    <osmand:speed>16.4</osmand:speed>
                </extensions>
            </trkpt>
            <trkpt lat="-40.1250517" lon="-71.3873148">
                <ele>941.8</ele>
                <extensions>
                    <osmand:speed>16.4</osmand:speed>
                </extensions>
            </trkpt>
            <trkpt lat="-40.1252773" lon="-71.3867193">
                <ele>936.2</ele>
                <extensions>
                    <osmand:speed>16.4</osmand:speed>
                </extensions>
            </trkpt>
            <trkpt lat="-40.1254804" lon="-71.3851637">
                <ele>933</ele>
                <extensions>
                    <osmand:speed>16.4</osmand:speed>
                </extensions>
            </trkpt>
            <trkpt lat="-40.1255501" lon="-71.3848498">
                <ele>931.8</ele>
                <extensions>
                    <osmand:speed>16.4</osmand:speed>
                </extensions>
            </trkpt>
            <trkpt lat="-40.1257368" lon="-71.3839889">
                <ele>928.8</ele>
                <extensions>
                    <osmand:speed>16.4</osmand:speed>
                </extensions>
            </trkpt>
            <trkpt lat="-40.1280973" lon="-71.3744643">
                <ele>920.5</ele>
                <extensions>
                    <osmand:speed>16.4</osmand:speed>
                </extensions>
            </trkpt>
            <trkpt lat="-40.1295759" lon="-71.3684991">
                <ele>917</ele>
                <extensions>
                    <osmand:speed>16.4</osmand:speed>
                </extensions>
            </trkpt>
            <trkpt lat="-40.1296703" lon="-71.3681504">
                <ele>917.8</ele>
                <extensions>
                    <osmand:speed>16.4</osmand:speed>
                </extensions>
            </trkpt>
            <trkpt lat="-40.1297502" lon="-71.3678634">
                <ele>917.2</ele>
                <extensions>
                    <osmand:speed>16.4</osmand:speed>
                </extensions>
            </trkpt>
            <trkpt lat="-40.1299369" lon="-71.3673377">
                <ele>917.5</ele>
                <extensions>
                    <osmand:speed>16.4</osmand:speed>
                </extensions>
            </trkpt>
            <trkpt lat="-40.1306362" lon="-71.3656157">
                <ele>924</ele>
                <extensions>
                    <osmand:speed>16.4</osmand:speed>
                </extensions>
            </trkpt>
            <trkpt lat="-40.1307633" lon="-71.3651973">
                <ele>926.5</ele>
                <extensions>
                    <osmand:speed>16.4</osmand:speed>
                </extensions>
            </trkpt>
            <trkpt lat="-40.1308474" lon="-71.3647521">
                <ele>927</ele>
                <extensions>
                    <osmand:speed>16.4</osmand:speed>
                </extensions>
            </trkpt>
            <trkpt lat="-40.1309766" lon="-71.3637462">
                <ele>926.5</ele>
                <extensions>
                    <osmand:speed>16.4</osmand:speed>
                </extensions>
            </trkpt>
            <trkpt lat="-40.1310443" lon="-71.3634485">
                <ele>926.8</ele>
                <extensions>
                    <osmand:speed>16.4</osmand:speed>
                </extensions>
            </trkpt>
            <trkpt lat="-40.1311058" lon="-71.3632768">
                <ele>927</ele>
                <extensions>
                    <osmand:speed>16.4</osmand:speed>
                </extensions>
            </trkpt>
            <trkpt lat="-40.1311858" lon="-71.3631588">
                <ele>927.8</ele>
                <extensions>
                    <osmand:speed>16.4</osmand:speed>
                </extensions>
            </trkpt>
            <trkpt lat="-40.1313047" lon="-71.3630167">
                <ele>928.8</ele>
                <extensions>
                    <osmand:speed>16.4</osmand:speed>
                </extensions>
            </trkpt>
            <trkpt lat="-40.131801" lon="-71.3625634">
                <ele>932.2</ele>
                <extensions>
                    <osmand:speed>16.4</osmand:speed>
                </extensions>
            </trkpt>
            <trkpt lat="-40.1324224" lon="-71.3619599">
                <ele>935.5</ele>
                <extensions>
                    <osmand:speed>16.4</osmand:speed>
                </extensions>
            </trkpt>
            <trkpt lat="-40.1326479" lon="-71.3616997">
                <ele>936.5</ele>
                <extensions>
                    <osmand:speed>16.4</osmand:speed>
                </extensions>
            </trkpt>
            <trkpt lat="-40.132853" lon="-71.3614315">
                <ele>937.2</ele>
                <extensions>
                    <osmand:speed>16.4</osmand:speed>
                </extensions>
            </trkpt>
            <trkpt lat="-40.1329248" lon="-71.3612357">
                <ele>936.5</ele>
                <extensions>
                    <osmand:speed>16.4</osmand:speed>
                </extensions>
            </trkpt>
            <trkpt lat="-40.1329699" lon="-71.3609889">
                <ele>936.2</ele>
                <extensions>
                    <osmand:speed>16.4</osmand:speed>
                </extensions>
            </trkpt>
            <trkpt lat="-40.132974" lon="-71.3607502">
                <ele>936</ele>
                <extensions>
                    <osmand:speed>16.4</osmand:speed>
                </extensions>
            </trkpt>
            <trkpt lat="-40.1328387" lon="-71.3595754">
                <ele>936.8</ele>
                <extensions>
                    <osmand:speed>16.4</osmand:speed>
                </extensions>
            </trkpt>
            <trkpt lat="-40.1327443" lon="-71.3587654">
                <ele>941.5</ele>
                <extensions>
                    <osmand:speed>16.4</osmand:speed>
                </extensions>
            </trkpt>
            <trkpt lat="-40.1327443" lon="-71.3585508">
                <ele>942.5</ele>
                <extensions>
                    <osmand:speed>16.4</osmand:speed>
                </extensions>
            </trkpt>
            <trkpt lat="-40.1327771" lon="-71.3583657">
                <ele>943</ele>
                <extensions>
                    <osmand:speed>16.4</osmand:speed>
                </extensions>
            </trkpt>
            <trkpt lat="-40.1330089" lon="-71.3574135">
                <ele>947.5</ele>
                <extensions>
                    <osmand:speed>16.4</osmand:speed>
                </extensions>
            </trkpt>
            <trkpt lat="-40.1330355" lon="-71.3572016">
                <ele>949</ele>
                <extensions>
                    <osmand:speed>16.4</osmand:speed>
                </extensions>
            </trkpt>
            <trkpt lat="-40.1330417" lon="-71.3569897">
                <ele>950.8</ele>
                <extensions>
                    <osmand:speed>16.4</osmand:speed>
                </extensions>
            </trkpt>
            <trkpt lat="-40.1330335" lon="-71.3569361">
                <ele>951.2</ele>
                <extensions>
                    <osmand:speed>16.4</osmand:speed>
                </extensions>
            </trkpt>
            <trkpt lat="-40.1330089" lon="-71.3567939">
                <ele>952.8</ele>
                <extensions>
                    <osmand:speed>16.4</osmand:speed>
                </extensions>
            </trkpt>
            <trkpt lat="-40.1329453" lon="-71.3566303">
                <ele>953.8</ele>
                <extensions>
                    <osmand:speed>16.4</osmand:speed>
                </extensions>
            </trkpt>
            <trkpt lat="-40.1328715" lon="-71.356456">
                <ele>954.2</ele>
                <extensions>
                    <osmand:speed>16.4</osmand:speed>
                </extensions>
            </trkpt>
            <trkpt lat="-40.1326869" lon="-71.3560483">
                <ele>954</ele>
                <extensions>
                    <osmand:speed>16.4</osmand:speed>
                </extensions>
            </trkpt>
            <trkpt lat="-40.1326602" lon="-71.3558766">
                <ele>953.2</ele>
                <extensions>
                    <osmand:speed>16.4</osmand:speed>
                </extensions>
            </trkpt>
            <trkpt lat="-40.1326602" lon="-71.3556996">
                <ele>952.8</ele>
                <extensions>
                    <osmand:speed>16.4</osmand:speed>
                </extensions>
            </trkpt>
            <trkpt lat="-40.1328325" lon="-71.3549754">
                <ele>947.5</ele>
                <extensions>
                    <osmand:speed>16.4</osmand:speed>
                </extensions>
            </trkpt>
            <trkpt lat="-40.1332262" lon="-71.353358">
                <ele>935.8</ele>
                <extensions>
                    <osmand:speed>16.4</osmand:speed>
                </extensions>
            </trkpt>
            <trkpt lat="-40.133298" lon="-71.3529825">
                <ele>935.5</ele>
                <extensions>
                    <osmand:speed>16.4</osmand:speed>
                </extensions>
            </trkpt>
            <trkpt lat="-40.1333185" lon="-71.352607">
                <ele>934.5</ele>
                <extensions>
                    <osmand:speed>16.4</osmand:speed>
                </extensions>
            </trkpt>
            <trkpt lat="-40.1333103" lon="-71.3519311">
                <ele>931</ele>
                <extensions>
                    <osmand:speed>16.4</osmand:speed>
                </extensions>
            </trkpt>
            <trkpt lat="-40.1333308" lon="-71.351518">
                <ele>928.2</ele>
                <extensions>
                    <osmand:speed>16.4</osmand:speed>
                </extensions>
            </trkpt>
            <trkpt lat="-40.1333821" lon="-71.351113">
                <ele>925.5</ele>
                <extensions>
                    <osmand:speed>16.4</osmand:speed>
                </extensions>
            </trkpt>
            <trkpt lat="-40.1334826" lon="-71.3506249">
                <ele>922.5</ele>
                <extensions>
                    <osmand:speed>16.4</osmand:speed>
                </extensions>
            </trkpt>
            <trkpt lat="-40.1336487" lon="-71.3501474">
                <ele>919.8</ele>
                <extensions>
                    <osmand:speed>16.4</osmand:speed>
                </extensions>
            </trkpt>
            <trkpt lat="-40.1338886" lon="-71.3495976">
                <ele>916</ele>
                <extensions>
                    <osmand:speed>16.4</osmand:speed>
                </extensions>
            </trkpt>
            <trkpt lat="-40.1341101" lon="-71.3492677">
                <ele>913.2</ele>
                <extensions>
                    <osmand:speed>16.4</osmand:speed>
                </extensions>
            </trkpt>
            <trkpt lat="-40.1343685" lon="-71.348986">
                <ele>911</ele>
                <extensions>
                    <osmand:speed>16.4</osmand:speed>
                </extensions>
            </trkpt>
            <trkpt lat="-40.1349549" lon="-71.3485113">
                <ele>909.2</ele>
                <extensions>
                    <osmand:speed>16.4</osmand:speed>
                </extensions>
            </trkpt>
            <trkpt lat="-40.135037" lon="-71.3484067">
                <ele>908.8</ele>
                <extensions>
                    <osmand:speed>16.4</osmand:speed>
                </extensions>
            </trkpt>
            <trkpt lat="-40.1350862" lon="-71.3482511">
                <ele>907.2</ele>
                <extensions>
                    <osmand:speed>16.4</osmand:speed>
                </extensions>
            </trkpt>
            <trkpt lat="-40.1351067" lon="-71.3474008">
                <ele>896</ele>
                <extensions>
                    <osmand:speed>16.4</osmand:speed>
                </extensions>
            </trkpt>
            <trkpt lat="-40.1351456" lon="-71.3472614">
                <ele>894.2</ele>
                <extensions>
                    <osmand:speed>16.4</osmand:speed>
                </extensions>
            </trkpt>
            <trkpt lat="-40.1351846" lon="-71.3471997">
                <ele>893.5</ele>
                <extensions>
                    <osmand:speed>16.4</osmand:speed>
                </extensions>
            </trkpt>
            <trkpt lat="-40.1352994" lon="-71.3470978">
                <ele>892.8</ele>
                <extensions>
                    <osmand:speed>16.4</osmand:speed>
                </extensions>
            </trkpt>
            <trkpt lat="-40.1353897" lon="-71.3470602">
                <ele>893</ele>
                <extensions>
                    <osmand:speed>16.4</osmand:speed>
                </extensions>
            </trkpt>
            <trkpt lat="-40.1359864" lon="-71.346961">
                <ele>899</ele>
                <extensions>
                    <osmand:speed>16.4</osmand:speed>
                </extensions>
            </trkpt>
            <trkpt lat="-40.1360889" lon="-71.3469154">
                <ele>900</ele>
                <extensions>
                    <osmand:speed>16.4</osmand:speed>
                </extensions>
            </trkpt>
            <trkpt lat="-40.1361832" lon="-71.3467839">
                <ele>898.8</ele>
                <extensions>
                    <osmand:speed>16.4</osmand:speed>
                </extensions>
            </trkpt>
            <trkpt lat="-40.1364888" lon="-71.3461885">
                <ele>891.2</ele>
                <extensions>
                    <osmand:speed>16.4</osmand:speed>
                </extensions>
            </trkpt>
            <trkpt lat="-40.1365236" lon="-71.3461402">
                <ele>891</ele>
                <extensions>
                    <osmand:speed>16.4</osmand:speed>
                </extensions>
            </trkpt>
            <trkpt lat="-40.1367759" lon="-71.3457915">
                <ele>889.5</ele>
                <extensions>
                    <osmand:speed>16.4</osmand:speed>
                </extensions>
            </trkpt>
            <trkpt lat="-40.1368025" lon="-71.3456923">
                <ele>888.5</ele>
                <extensions>
                    <osmand:speed>16.4</osmand:speed>
                </extensions>
            </trkpt>
            <trkpt lat="-40.1368312" lon="-71.3455957">
                <ele>887.8</ele>
                <extensions>
                    <osmand:speed>16.4</osmand:speed>
                </extensions>
            </trkpt>
            <trkpt lat="-40.1367759" lon="-71.3453919">
                <ele>884</ele>
                <extensions>
                    <osmand:speed>16.4</osmand:speed>
                </extensions>
            </trkpt>
            <trkpt lat="-40.1356932" lon="-71.3430744">
                <ele>868.2</ele>
                <extensions>
                    <osmand:speed>16.4</osmand:speed>
                </extensions>
            </trkpt>
            <trkpt lat="-40.1356583" lon="-71.3428706">
                <ele>868</ele>
                <extensions>
                    <osmand:speed>16.4</osmand:speed>
                </extensions>
            </trkpt>
            <trkpt lat="-40.1357178" lon="-71.3426936">
                <ele>868.5</ele>
                <extensions>
                    <osmand:speed>16.4</osmand:speed>
                </extensions>
            </trkpt>
            <trkpt lat="-40.1365277" lon="-71.3412344">
                <ele>871</ele>
                <extensions>
                    <osmand:speed>16.4</osmand:speed>
                </extensions>
            </trkpt>
            <trkpt lat="-40.1366303" lon="-71.3411379">
                <ele>871.1</ele>
                <extensions>
                    <osmand:speed>16.4</osmand:speed>
                </extensions>
            </trkpt>
            <trkpt lat="-40.1367431" lon="-71.3410762">
                <ele>871.2</ele>
                <extensions>
                    <osmand:speed>16.4</osmand:speed>
                </extensions>
            </trkpt>
            <trkpt lat="-40.1370814" lon="-71.3409609">
                <ele>874.2</ele>
                <extensions>
                    <osmand:speed>16.4</osmand:speed>
                </extensions>
            </trkpt>
            <trkpt lat="-40.137186" lon="-71.3408723">
                <ele>874</ele>
                <extensions>
                    <osmand:speed>16.4</osmand:speed>
                </extensions>
            </trkpt>
            <trkpt lat="-40.1372906" lon="-71.340757">
                <ele>873.8</ele>
                <extensions>
                    <osmand:speed>16.4</osmand:speed>
                </extensions>
            </trkpt>
            <trkpt lat="-40.1376761" lon="-71.3399014">
                <ele>864.5</ele>
                <extensions>
                    <osmand:speed>16.4</osmand:speed>
                </extensions>
            </trkpt>
            <trkpt lat="-40.137713" lon="-71.339609">
                <ele>861.5</ele>
                <extensions>
                    <osmand:speed>16.4</osmand:speed>
                </extensions>
            </trkpt>
            <trkpt lat="-40.137672" lon="-71.3392738">
                <ele>856.5</ele>
                <extensions>
                    <osmand:speed>16.4</osmand:speed>
                </extensions>
            </trkpt>
            <trkpt lat="-40.1375059" lon="-71.3385791">
                <ele>850.5</ele>
                <extensions>
                    <osmand:speed>16.4</osmand:speed>
                </extensions>
            </trkpt>
            <trkpt lat="-40.1374997" lon="-71.3382626">
                <ele>849.5</ele>
                <extensions>
                    <osmand:speed>16.4</osmand:speed>
                </extensions>
            </trkpt>
            <trkpt lat="-40.1375325" lon="-71.3379166">
                <ele>848.8</ele>
                <extensions>
                    <osmand:speed>16.4</osmand:speed>
                </extensions>
            </trkpt>
            <trkpt lat="-40.1376043" lon="-71.3376456">
                <ele>848.4</ele>
                <extensions>
                    <osmand:speed>16.4</osmand:speed>
                </extensions>
            </trkpt>
            <trkpt lat="-40.1376822" lon="-71.3374096">
                <ele>848.2</ele>
                <extensions>
                    <osmand:speed>16.4</osmand:speed>
                </extensions>
            </trkpt>
            <trkpt lat="-40.1378524" lon="-71.3371146">
                <ele>847.8</ele>
                <extensions>
                    <osmand:speed>16.4</osmand:speed>
                </extensions>
            </trkpt>
            <trkpt lat="-40.1380021" lon="-71.3369429">
                <ele>847.5</ele>
                <extensions>
                    <osmand:speed>16.4</osmand:speed>
                </extensions>
            </trkpt>
            <trkpt lat="-40.1381743" lon="-71.3368142">
                <ele>847</ele>
                <extensions>
                    <osmand:speed>16.4</osmand:speed>
                </extensions>
            </trkpt>
            <trkpt lat="-40.1383158" lon="-71.3367149">
                <ele>846.2</ele>
                <extensions>
                    <osmand:speed>16.4</osmand:speed>
                </extensions>
            </trkpt>
            <trkpt lat="-40.1384655" lon="-71.3366532">
                <ele>846</ele>
                <extensions>
                    <osmand:speed>16.4</osmand:speed>
                </extensions>
            </trkpt>
            <trkpt lat="-40.1388408" lon="-71.3365674">
                <ele>851</ele>
                <extensions>
                    <osmand:speed>16.4</osmand:speed>
                </extensions>
            </trkpt>
            <trkpt lat="-40.1391135" lon="-71.3365299">
                <ele>850</ele>
                <extensions>
                    <osmand:speed>16.4</osmand:speed>
                </extensions>
            </trkpt>
            <trkpt lat="-40.139786" lon="-71.3363636">
                <ele>846</ele>
                <extensions>
                    <osmand:speed>16.4</osmand:speed>
                </extensions>
            </trkpt>
            <trkpt lat="-40.1399829" lon="-71.3363394">
                <ele>845.2</ele>
                <extensions>
                    <osmand:speed>16.4</osmand:speed>
                </extensions>
            </trkpt>
            <trkpt lat="-40.1401838" lon="-71.3363823">
                <ele>844.2</ele>
                <extensions>
                    <osmand:speed>16.4</osmand:speed>
                </extensions>
            </trkpt>
            <trkpt lat="-40.1403069" lon="-71.3364065">
                <ele>843.5</ele>
                <extensions>
                    <osmand:speed>16.4</osmand:speed>
                </extensions>
            </trkpt>
            <trkpt lat="-40.1404606" lon="-71.3364762">
                <ele>842.8</ele>
                <extensions>
                    <osmand:speed>16.4</osmand:speed>
                </extensions>
            </trkpt>
            <trkpt lat="-40.140639" lon="-71.3365889">
                <ele>842</ele>
                <extensions>
                    <osmand:speed>16.4</osmand:speed>
                </extensions>
            </trkpt>
            <trkpt lat="-40.1407744" lon="-71.3367122">
                <ele>841.2</ele>
                <extensions>
                    <osmand:speed>16.4</osmand:speed>
                </extensions>
            </trkpt>
            <trkpt lat="-40.1411844" lon="-71.3371977">
                <ele>837</ele>
                <extensions>
                    <osmand:speed>16.4</osmand:speed>
                </extensions>
            </trkpt>
            <trkpt lat="-40.1414879" lon="-71.3377127">
                <ele>832.5</ele>
                <extensions>
                    <osmand:speed>16.4</osmand:speed>
                </extensions>
            </trkpt>
            <trkpt lat="-40.1415966" lon="-71.337997">
                <ele>831.2</ele>
                <extensions>
                    <osmand:speed>16.4</osmand:speed>
                </extensions>
            </trkpt>
            <trkpt lat="-40.1416519" lon="-71.3382813">
                <ele>829.8</ele>
                <extensions>
                    <osmand:speed>16.4</osmand:speed>
                </extensions>
            </trkpt>
            <trkpt lat="-40.1416704" lon="-71.3385791">
                <ele>829.2</ele>
                <extensions>
                    <osmand:speed>16.4</osmand:speed>
                </extensions>
            </trkpt>
            <trkpt lat="-40.1416478" lon="-71.3387346">
                <ele>829.8</ele>
                <extensions>
                    <osmand:speed>16.4</osmand:speed>
                </extensions>
            </trkpt>
            <trkpt lat="-40.1415679" lon="-71.3388875">
                <ele>831.2</ele>
                <extensions>
                    <osmand:speed>16.4</osmand:speed>
                </extensions>
            </trkpt>
            <trkpt lat="-40.1414018" lon="-71.3391772">
                <ele>834</ele>
                <extensions>
                    <osmand:speed>16.4</osmand:speed>
                </extensions>
            </trkpt>
            <trkpt lat="-40.1413567" lon="-71.3393354">
                <ele>835.5</ele>
                <extensions>
                    <osmand:speed>16.4</osmand:speed>
                </extensions>
            </trkpt>
            <trkpt lat="-40.1413649" lon="-71.3394991">
                <ele>836.8</ele>
                <extensions>
                    <osmand:speed>16.4</osmand:speed>
                </extensions>
            </trkpt>
            <trkpt lat="-40.1414387" lon="-71.3396573">
                <ele>837</ele>
                <extensions>
                    <osmand:speed>16.4</osmand:speed>
                </extensions>
            </trkpt>
            <trkpt lat="-40.141656" lon="-71.3398156">
                <ele>836.2</ele>
                <extensions>
                    <osmand:speed>16.4</osmand:speed>
                </extensions>
            </trkpt>
            <trkpt lat="-40.1419923" lon="-71.3400275">
                <ele>832.2</ele>
                <extensions>
                    <osmand:speed>16.4</osmand:speed>
                </extensions>
            </trkpt>
            <trkpt lat="-40.1422732" lon="-71.3402715">
                <ele>828</ele>
                <extensions>
                    <osmand:speed>16.4</osmand:speed>
                </extensions>
            </trkpt>
            <trkpt lat="-40.142429" lon="-71.3404754">
                <ele>825</ele>
                <extensions>
                    <osmand:speed>16.4</osmand:speed>
                </extensions>
            </trkpt>
            <trkpt lat="-40.1424619" lon="-71.3405639">
                <ele>824</ele>
                <extensions>
                    <osmand:speed>16.4</osmand:speed>
                </extensions>
            </trkpt>
            <trkpt lat="-40.1425685" lon="-71.340934">
                <ele>819</ele>
                <extensions>
                    <osmand:speed>16.4</osmand:speed>
                </extensions>
            </trkpt>
            <trkpt lat="-40.1426136" lon="-71.3411996">
                <ele>815.5</ele>
                <extensions>
                    <osmand:speed>16.4</osmand:speed>
                </extensions>
            </trkpt>
            <trkpt lat="-40.1426218" lon="-71.3414168">
                <ele>814.5</ele>
                <extensions>
                    <osmand:speed>16.4</osmand:speed>
                </extensions>
            </trkpt>
            <trkpt lat="-40.1425992" lon="-71.3417387">
                <ele>816.8</ele>
                <extensions>
                    <osmand:speed>16.4</osmand:speed>
                </extensions>
            </trkpt>
            <trkpt lat="-40.1424783" lon="-71.342133">
                <ele>819.8</ele>
                <extensions>
                    <osmand:speed>16.4</osmand:speed>
                </extensions>
            </trkpt>
            <trkpt lat="-40.1424701" lon="-71.3422859">
                <ele>821.2</ele>
                <extensions>
                    <osmand:speed>16.4</osmand:speed>
                </extensions>
            </trkpt>
            <trkpt lat="-40.1425234" lon="-71.3424119">
                <ele>821</ele>
                <extensions>
                    <osmand:speed>16.4</osmand:speed>
                </extensions>
            </trkpt>
            <trkpt lat="-40.1426382" lon="-71.3425756">
                <ele>819.8</ele>
                <extensions>
                    <osmand:speed>16.4</osmand:speed>
                </extensions>
            </trkpt>
            <trkpt lat="-40.1429539" lon="-71.3428813">
                <ele>815.2</ele>
                <extensions>
                    <osmand:speed>16.4</osmand:speed>
                </extensions>
            </trkpt>
            <trkpt lat="-40.1430073" lon="-71.3429564">
                <ele>815.5</ele>
                <extensions>
                    <osmand:speed>16.4</osmand:speed>
                </extensions>
            </trkpt>
            <trkpt lat="-40.1430544" lon="-71.3430476">
                <ele>816.2</ele>
                <extensions>
                    <osmand:speed>16.4</osmand:speed>
                </extensions>
            </trkpt>
            <trkpt lat="-40.1431282" lon="-71.3432434">
                <ele>818.2</ele>
                <extensions>
                    <osmand:speed>16.4</osmand:speed>
                </extensions>
            </trkpt>
            <trkpt lat="-40.143161" lon="-71.3432971">
                <ele>818.5</ele>
                <extensions>
                    <osmand:speed>16.4</osmand:speed>
                </extensions>
            </trkpt>
            <trkpt lat="-40.1432492" lon="-71.3433802">
                <ele>818.2</ele>
                <extensions>
                    <osmand:speed>16.4</osmand:speed>
                </extensions>
            </trkpt>
            <trkpt lat="-40.1433968" lon="-71.3434714">
                <ele>817</ele>
                <extensions>
                    <osmand:speed>16.4</osmand:speed>
                </extensions>
            </trkpt>
            <trkpt lat="-40.143567" lon="-71.3435572">
                <ele>815</ele>
                <extensions>
                    <osmand:speed>16.4</osmand:speed>
                </extensions>
            </trkpt>
            <trkpt lat="-40.1436695" lon="-71.3436404">
                <ele>814.5</ele>
                <extensions>
                    <osmand:speed>16.4</osmand:speed>
                </extensions>
            </trkpt>
            <trkpt lat="-40.1439238" lon="-71.3438952">
                <ele>816</ele>
                <extensions>
                    <osmand:speed>16.4</osmand:speed>
                </extensions>
            </trkpt>
            <trkpt lat="-40.1442559" lon="-71.3442707">
                <ele>818.2</ele>
                <extensions>
                    <osmand:speed>16.4</osmand:speed>
                </extensions>
            </trkpt>
            <trkpt lat="-40.1444159" lon="-71.3443887">
                <ele>818.5</ele>
                <extensions>
                    <osmand:speed>16.4</osmand:speed>
                </extensions>
            </trkpt>
            <trkpt lat="-40.1445553" lon="-71.3444585">
                <ele>818</ele>
                <extensions>
                    <osmand:speed>16.4</osmand:speed>
                </extensions>
            </trkpt>
            <trkpt lat="-40.144705" lon="-71.3444987">
                <ele>817</ele>
                <extensions>
                    <osmand:speed>16.4</osmand:speed>
                </extensions>
            </trkpt>
            <trkpt lat="-40.1448444" lon="-71.3445067">
                <ele>816.2</ele>
                <extensions>
                    <osmand:speed>16.4</osmand:speed>
                </extensions>
            </trkpt>
            <trkpt lat="-40.144994" lon="-71.3445041">
                <ele>815.2</ele>
                <extensions>
                    <osmand:speed>16.4</osmand:speed>
                </extensions>
            </trkpt>
            <trkpt lat="-40.1451007" lon="-71.3444719">
                <ele>813.8</ele>
                <extensions>
                    <osmand:speed>16.4</osmand:speed>
                </extensions>
            </trkpt>
            <trkpt lat="-40.1455599" lon="-71.3442332">
                <ele>804</ele>
                <extensions>
                    <osmand:speed>16.4</osmand:speed>
                </extensions>
            </trkpt>
            <trkpt lat="-40.1456584" lon="-71.344209">
                <ele>802</ele>
                <extensions>
                    <osmand:speed>16.4</osmand:speed>
                </extensions>
            </trkpt>
            <trkpt lat="-40.145767" lon="-71.3441983">
                <ele>799.8</ele>
                <extensions>
                    <osmand:speed>16.4</osmand:speed>
                </extensions>
            </trkpt>
            <trkpt lat="-40.1458593" lon="-71.3442063">
                <ele>798</ele>
                <extensions>
                    <osmand:speed>16.4</osmand:speed>
                </extensions>
            </trkpt>
            <trkpt lat="-40.1460377" lon="-71.3442332">
                <ele>794.2</ele>
                <extensions>
                    <osmand:speed>16.4</osmand:speed>
                </extensions>
            </trkpt>
            <trkpt lat="-40.1461586" lon="-71.3442546">
                <ele>790.5</ele>
                <extensions>
                    <osmand:speed>16.4</osmand:speed>
                </extensions>
            </trkpt>
            <trkpt lat="-40.1462406" lon="-71.34426">
                <ele>787.5</ele>
                <extensions>
                    <osmand:speed>16.4</osmand:speed>
                </extensions>
            </trkpt>
            <trkpt lat="-40.1462837" lon="-71.3442439">
                <ele>785.8</ele>
                <extensions>
                    <osmand:speed>16.4</osmand:speed>
                </extensions>
            </trkpt>
            <trkpt lat="-40.1463165" lon="-71.3442224">
                <ele>784.2</ele>
                <extensions>
                    <osmand:speed>16.4</osmand:speed>
                </extensions>
            </trkpt>
            <trkpt lat="-40.1463431" lon="-71.3441741">
                <ele>783</ele>
                <extensions>
                    <osmand:speed>16.4</osmand:speed>
                </extensions>
            </trkpt>
            <trkpt lat="-40.1463657" lon="-71.344091">
                <ele>781.8</ele>
                <extensions>
                    <osmand:speed>16.4</osmand:speed>
                </extensions>
            </trkpt>
            <trkpt lat="-40.1463616" lon="-71.3440105">
                <ele>781</ele>
                <extensions>
                    <osmand:speed>16.4</osmand:speed>
                </extensions>
            </trkpt>
            <trkpt lat="-40.1463247" lon="-71.3439408">
                <ele>781.8</ele>
                <extensions>
                    <osmand:speed>16.4</osmand:speed>
                </extensions>
            </trkpt>
            <trkpt lat="-40.1462304" lon="-71.3438764">
                <ele>784.2</ele>
                <extensions>
                    <osmand:speed>16.4</osmand:speed>
                </extensions>
            </trkpt>
            <trkpt lat="-40.1458162" lon="-71.3436297">
                <ele>792.5</ele>
                <extensions>
                    <osmand:speed>16.4</osmand:speed>
                </extensions>
            </trkpt>
            <trkpt lat="-40.1456871" lon="-71.3435492">
                <ele>793.8</ele>
                <extensions>
                    <osmand:speed>16.4</osmand:speed>
                </extensions>
            </trkpt>
            <trkpt lat="-40.1455599" lon="-71.3434446">
                <ele>794.5</ele>
                <extensions>
                    <osmand:speed>16.4</osmand:speed>
                </extensions>
            </trkpt>
            <trkpt lat="-40.1454779" lon="-71.3433507">
                <ele>794.3</ele>
                <extensions>
                    <osmand:speed>16.4</osmand:speed>
                </extensions>
            </trkpt>
            <trkpt lat="-40.1453877" lon="-71.34323">
                <ele>794</ele>
                <extensions>
                    <osmand:speed>16.4</osmand:speed>
                </extensions>
            </trkpt>
            <trkpt lat="-40.1452114" lon="-71.3429564">
                <ele>792</ele>
                <extensions>
                    <osmand:speed>12.5</osmand:speed>
                </extensions>
            </trkpt>
            <trkpt lat="-40.1452913" lon="-71.3427982">
                <ele>788.8</ele>
                <extensions>
                    <osmand:speed>12.5</osmand:speed>
                </extensions>
            </trkpt>
            <trkpt lat="-40.1453057" lon="-71.3427633">
                <ele>788</ele>
                <extensions>
                    <osmand:speed>12.5</osmand:speed>
                </extensions>
            </trkpt>
            <trkpt lat="-40.1453159" lon="-71.3427231">
                <ele>787.2</ele>
                <extensions>
                    <osmand:speed>12.5</osmand:speed>
                </extensions>
            </trkpt>
            <trkpt lat="-40.1453221" lon="-71.3426802">
                <ele>786.5</ele>
                <extensions>
                    <osmand:speed>12.5</osmand:speed>
                </extensions>
            </trkpt>
            <trkpt lat="-40.1453242" lon="-71.3426319">
                <ele>785.8</ele>
                <extensions>
                    <osmand:speed>12.5</osmand:speed>
                </extensions>
            </trkpt>
            <trkpt lat="-40.1453283" lon="-71.3424924">
                <ele>783.5</ele>
                <extensions>
                    <osmand:speed>12.5</osmand:speed>
                </extensions>
            </trkpt>
            <trkpt lat="-40.1453283" lon="-71.3424388">
                <ele>782.8</ele>
                <extensions>
                    <osmand:speed>12.5</osmand:speed>
                </extensions>
            </trkpt>
            <trkpt lat="-40.1453324" lon="-71.3423851">
                <ele>782</ele>
                <extensions>
                    <osmand:speed>12.5</osmand:speed>
                </extensions>
            </trkpt>
            <trkpt lat="-40.1453385" lon="-71.3423288">
                <ele>781.2</ele>
                <extensions>
                    <osmand:speed>12.5</osmand:speed>
                </extensions>
            </trkpt>
            <trkpt lat="-40.1453508" lon="-71.3422725">
                <ele>780.5</ele>
                <extensions>
                    <osmand:speed>12.5</osmand:speed>
                </extensions>
            </trkpt>
            <trkpt lat="-40.1453652" lon="-71.3422161">
                <ele>779.8</ele>
                <extensions>
                    <osmand:speed>12.5</osmand:speed>
                </extensions>
            </trkpt>
            <trkpt lat="-40.1453836" lon="-71.3421598">
                <ele>779</ele>
                <extensions>
                    <osmand:speed>12.5</osmand:speed>
                </extensions>
            </trkpt>
            <trkpt lat="-40.1454041" lon="-71.3421035">
                <ele>778.2</ele>
                <extensions>
                    <osmand:speed>12.5</osmand:speed>
                </extensions>
            </trkpt>
            <trkpt lat="-40.1454287" lon="-71.3420445">
                <ele>777.5</ele>
                <extensions>
                    <osmand:speed>12.5</osmand:speed>
                </extensions>
            </trkpt>
            <trkpt lat="-40.1454595" lon="-71.3419881">
                <ele>776.8</ele>
                <extensions>
                    <osmand:speed>12.5</osmand:speed>
                </extensions>
            </trkpt>
            <trkpt lat="-40.145564" lon="-71.3418058">
                <ele>774</ele>
                <extensions>
                    <osmand:speed>12.5</osmand:speed>
                </extensions>
            </trkpt>
            <trkpt lat="-40.1456173" lon="-71.3417494">
                <ele>772.8</ele>
                <extensions>
                    <osmand:speed>12.5</osmand:speed>
                </extensions>
            </trkpt>
            <trkpt lat="-40.1456317" lon="-71.3417307">
                <ele>772.5</ele>
                <extensions>
                    <osmand:speed>12.5</osmand:speed>
                </extensions>
            </trkpt>
            <trkpt lat="-40.1456481" lon="-71.3417065">
                <ele>772.2</ele>
                <extensions>
                    <osmand:speed>12.5</osmand:speed>
                </extensions>
            </trkpt>
            <trkpt lat="-40.1456645" lon="-71.3416824">
                <ele>772</ele>
                <extensions>
                    <osmand:speed>12.5</osmand:speed>
                </extensions>
            </trkpt>
            <trkpt lat="-40.1456768" lon="-71.3416582">
                <ele>771.8</ele>
                <extensions>
                    <osmand:speed>12.5</osmand:speed>
                </extensions>
            </trkpt>
            <trkpt lat="-40.1456891" lon="-71.3416287">
                <ele>771.5</ele>
                <extensions>
                    <osmand:speed>12.5</osmand:speed>
                </extensions>
            </trkpt>
            <trkpt lat="-40.1457014" lon="-71.3415992">
                <ele>771.2</ele>
                <extensions>
                    <osmand:speed>12.5</osmand:speed>
                </extensions>
            </trkpt>
            <trkpt lat="-40.1457322" lon="-71.3415161">
                <ele>771</ele>
                <extensions>
                    <osmand:speed>12.5</osmand:speed>
                </extensions>
            </trkpt>
            <trkpt lat="-40.1459003" lon="-71.341221">
                <ele>767.5</ele>
                <extensions>
                    <osmand:speed>12.5</osmand:speed>
                </extensions>
            </trkpt>
            <trkpt lat="-40.1459269" lon="-71.3411781">
                <ele>767.2</ele>
                <extensions>
                    <osmand:speed>12.5</osmand:speed>
                </extensions>
            </trkpt>
            <trkpt lat="-40.1459556" lon="-71.3411406">
                <ele>767</ele>
                <extensions>
                    <osmand:speed>12.5</osmand:speed>
                </extensions>
            </trkpt>
            <trkpt lat="-40.1459905" lon="-71.3410977">
                <ele>766.8</ele>
                <extensions>
                    <osmand:speed>12.5</osmand:speed>
                </extensions>
            </trkpt>
            <trkpt lat="-40.1460254" lon="-71.3410628">
                <ele>766.2</ele>
                <extensions>
                    <osmand:speed>12.5</osmand:speed>
                </extensions>
            </trkpt>
            <trkpt lat="-40.1460643" lon="-71.3410306">
                <ele>765.8</ele>
                <extensions>
                    <osmand:speed>12.5</osmand:speed>
                </extensions>
            </trkpt>
            <trkpt lat="-40.1461033" lon="-71.3410011">
                <ele>765.2</ele>
                <extensions>
                    <osmand:speed>12.5</osmand:speed>
                </extensions>
            </trkpt>
            <trkpt lat="-40.1467265" lon="-71.340588">
                <ele>758</ele>
                <extensions>
                    <osmand:speed>12.5</osmand:speed>
                </extensions>
            </trkpt>
            <trkpt lat="-40.1467635" lon="-71.3405719">
                <ele>757.5</ele>
                <extensions>
                    <osmand:speed>12.5</osmand:speed>
                </extensions>
            </trkpt>
            <trkpt lat="-40.1468004" lon="-71.3405585">
                <ele>757</ele>
                <extensions>
                    <osmand:speed>12.5</osmand:speed>
                </extensions>
            </trkpt>
            <trkpt lat="-40.1468434" lon="-71.3405532">
                <ele>756.5</ele>
                <extensions>
                    <osmand:speed>12.5</osmand:speed>
                </extensions>
            </trkpt>
            <trkpt lat="-40.1468844" lon="-71.3405532">
                <ele>756</ele>
                <extensions>
                    <osmand:speed>12.5</osmand:speed>
                </extensions>
            </trkpt>
            <trkpt lat="-40.1469234" lon="-71.3405585">
                <ele>755.5</ele>
                <extensions>
                    <osmand:speed>12.5</osmand:speed>
                </extensions>
            </trkpt>
            <trkpt lat="-40.147235" lon="-71.3406256">
                <ele>751.8</ele>
                <extensions>
                    <osmand:speed>12.5</osmand:speed>
                </extensions>
            </trkpt>
            <trkpt lat="-40.1472863" lon="-71.3406578">
                <ele>751</ele>
                <extensions>
                    <osmand:speed>12.5</osmand:speed>
                </extensions>
            </trkpt>
            <trkpt lat="-40.1473621" lon="-71.3406792">
                <ele>750.2</ele>
                <extensions>
                    <osmand:speed>12.5</osmand:speed>
                </extensions>
            </trkpt>
            <trkpt lat="-40.1478091" lon="-71.3403305">
                <ele>745.2</ele>
                <extensions>
                    <osmand:speed>12.5</osmand:speed>
                </extensions>
            </trkpt>
            <trkpt lat="-40.1481125" lon="-71.3401401">
                <ele>740.2</ele>
                <extensions>
                    <osmand:speed>12.5</osmand:speed>
                </extensions>
            </trkpt>
            <trkpt lat="-40.1485349" lon="-71.3398692">
                <ele>734.8</ele>
                <extensions>
                    <osmand:speed>12.5</osmand:speed>
                </extensions>
            </trkpt>
            <trkpt lat="-40.1489039" lon="-71.3396466">
                <ele>729</ele>
                <extensions>
                    <osmand:speed>9.7</osmand:speed>
                </extensions>
            </trkpt>
            <trkpt lat="-40.1489613" lon="-71.3397029">
                <ele>729</ele>
                <extensions>
                    <osmand:speed>9.7</osmand:speed>
                </extensions>
            </trkpt>
            <trkpt lat="-40.1489798" lon="-71.339719">
                <ele>729</ele>
                <extensions>
                    <osmand:speed>9.7</osmand:speed>
                </extensions>
            </trkpt>
            <trkpt lat="-40.1489982" lon="-71.3397297">
                <ele>729</ele>
                <extensions>
                    <osmand:speed>9.7</osmand:speed>
                </extensions>
            </trkpt>
            <trkpt lat="-40.1490208" lon="-71.3397378">
                <ele>729</ele>
                <extensions>
                    <osmand:speed>9.7</osmand:speed>
                </extensions>
            </trkpt>
            <trkpt lat="-40.149357" lon="-71.3397378">
                <ele>725.8</ele>
                <extensions>
                    <osmand:speed>9.7</osmand:speed>
                </extensions>
            </trkpt>
            <trkpt lat="-40.1494021" lon="-71.3397431">
                <ele>725.2</ele>
                <extensions>
                    <osmand:speed>9.7</osmand:speed>
                </extensions>
            </trkpt>
            <trkpt lat="-40.1494452" lon="-71.3397539">
                <ele>724.8</ele>
                <extensions>
                    <osmand:speed>9.7</osmand:speed>
                </extensions>
            </trkpt>
            <trkpt lat="-40.1494862" lon="-71.3397673">
                <ele>724.2</ele>
                <extensions>
                    <osmand:speed>9.7</osmand:speed>
                </extensions>
            </trkpt>
            <trkpt lat="-40.1495272" lon="-71.3397807">
                <ele>723.8</ele>
                <extensions>
                    <osmand:speed>9.7</osmand:speed>
                </extensions>
            </trkpt>
            <trkpt lat="-40.1496768" lon="-71.3398477">
                <ele>721.2</ele>
                <extensions>
                    <osmand:speed>9.7</osmand:speed>
                </extensions>
            </trkpt>
            <trkpt lat="-40.1497096" lon="-71.3398665">
                <ele>720.8</ele>
                <extensions>
                    <osmand:speed>9.7</osmand:speed>
                </extensions>
            </trkpt>
            <trkpt lat="-40.1497383" lon="-71.339896">
                <ele>720.2</ele>
                <extensions>
                    <osmand:speed>9.7</osmand:speed>
                </extensions>
            </trkpt>
            <trkpt lat="-40.1497609" lon="-71.3399336">
                <ele>720</ele>
                <extensions>
                    <osmand:speed>9.7</osmand:speed>
                </extensions>
            </trkpt>
            <trkpt lat="-40.1497773" lon="-71.3399738">
                <ele>719.9</ele>
                <extensions>
                    <osmand:speed>9.7</osmand:speed>
                </extensions>
            </trkpt>
            <trkpt lat="-40.1497855" lon="-71.3400221">
                <ele>719.8</ele>
                <extensions>
                    <osmand:speed>9.7</osmand:speed>
                </extensions>
            </trkpt>
            <trkpt lat="-40.1497855" lon="-71.3400704">
                <ele>719.8</ele>
                <extensions>
                    <osmand:speed>9.7</osmand:speed>
                </extensions>
            </trkpt>
            <trkpt lat="-40.1497834" lon="-71.3401133">
                <ele>719.8</ele>
                <extensions>
                    <osmand:speed>9.7</osmand:speed>
                </extensions>
            </trkpt>
            <trkpt lat="-40.1497219" lon="-71.3407382">
                <ele>720</ele>
                <extensions>
                    <osmand:speed>9.7</osmand:speed>
                </extensions>
            </trkpt>
            <trkpt lat="-40.1497158" lon="-71.3407972">
                <ele>720</ele>
                <extensions>
                    <osmand:speed>9.7</osmand:speed>
                </extensions>
            </trkpt>
            <trkpt lat="-40.1497158" lon="-71.3408589">
                <ele>719.8</ele>
                <extensions>
                    <osmand:speed>9.7</osmand:speed>
                </extensions>
            </trkpt>
            <trkpt lat="-40.1497178" lon="-71.3409179">
                <ele>719.5</ele>
                <extensions>
                    <osmand:speed>9.7</osmand:speed>
                </extensions>
            </trkpt>
            <trkpt lat="-40.1497219" lon="-71.3409743">
                <ele>719.2</ele>
                <extensions>
                    <osmand:speed>9.7</osmand:speed>
                </extensions>
            </trkpt>
            <trkpt lat="-40.1497322" lon="-71.3410923">
                <ele>719.2</ele>
                <extensions>
                    <osmand:speed>9.7</osmand:speed>
                </extensions>
            </trkpt>
            <trkpt lat="-40.1497363" lon="-71.3411513">
                <ele>719.1</ele>
                <extensions>
                    <osmand:speed>9.7</osmand:speed>
                </extensions>
            </trkpt>
            <trkpt lat="-40.1497363" lon="-71.3412103">
                <ele>719.1</ele>
                <extensions>
                    <osmand:speed>9.7</osmand:speed>
                </extensions>
            </trkpt>
            <trkpt lat="-40.1497301" lon="-71.3412666">
                <ele>719</ele>
                <extensions>
                    <osmand:speed>9.7</osmand:speed>
                </extensions>
            </trkpt>
            <trkpt lat="-40.149724" lon="-71.3413149">
                <ele>719</ele>
                <extensions>
                    <osmand:speed>9.7</osmand:speed>
                </extensions>
            </trkpt>
            <trkpt lat="-40.1496604" lon="-71.3417011">
                <ele>719</ele>
                <extensions>
                    <osmand:speed>9.7</osmand:speed>
                </extensions>
            </trkpt>
            <trkpt lat="-40.14899" lon="-71.3419291">
                <ele>734.8</ele>
                <extensions>
                    <osmand:speed>9.7</osmand:speed>
                </extensions>
            </trkpt>
            <trkpt lat="-40.1488116" lon="-71.341964">
                <ele>736.8</ele>
                <extensions>
                    <osmand:speed>9.7</osmand:speed>
                </extensions>
            </trkpt>
            <trkpt lat="-40.1487809" lon="-71.3419747">
                <ele>737</ele>
                <extensions>
                    <osmand:speed>9.7</osmand:speed>
                </extensions>
            </trkpt>
            <trkpt lat="-40.1487563" lon="-71.3419908">
                <ele>737.1</ele>
                <extensions>
                    <osmand:speed>9.7</osmand:speed>
                </extensions>
            </trkpt>
            <trkpt lat="-40.1487317" lon="-71.3420123">
                <ele>737.2</ele>
                <extensions>
                    <osmand:speed>9.7</osmand:speed>
                </extensions>
            </trkpt>
            <trkpt lat="-40.1487091" lon="-71.3420391">
                <ele>737.2</ele>
                <extensions>
                    <osmand:speed>9.7</osmand:speed>
                </extensions>
            </trkpt>
            <trkpt lat="-40.148377" lon="-71.3423771">
                <ele>735.8</ele>
                <extensions>
                    <osmand:speed>9.7</osmand:speed>
                </extensions>
            </trkpt>
            <trkpt lat="-40.1483585" lon="-71.3424012">
                <ele>735.5</ele>
                <extensions>
                    <osmand:speed>9.7</osmand:speed>
                </extensions>
            </trkpt>
            <trkpt lat="-40.1483544" lon="-71.3424253">
                <ele>735.2</ele>
                <extensions>
                    <osmand:speed>9.7</osmand:speed>
                </extensions>
            </trkpt>
            <trkpt lat="-40.1483544" lon="-71.3424522">
                <ele>735</ele>
                <extensions>
                    <osmand:speed>9.7</osmand:speed>
                </extensions>
            </trkpt>
            <trkpt lat="-40.1484057" lon="-71.3426453">
                <ele>733.7</ele>
                <extensions>
                    <osmand:speed>9.7</osmand:speed>
                </extensions>
            </trkpt>
            <trkpt lat="-40.1483585" lon="-71.3426346">
                <ele>733.6</ele>
                <extensions>
                    <osmand:speed>9.7</osmand:speed>
                </extensions>
            </trkpt>
            <trkpt lat="-40.1483196" lon="-71.3426372">
                <ele>733.6</ele>
                <extensions>
                    <osmand:speed>9.7</osmand:speed>
                </extensions>
            </trkpt>
            <trkpt lat="-40.1482827" lon="-71.3426533">
                <ele>733.6</ele>
                <extensions>
                    <osmand:speed>9.7</osmand:speed>
                </extensions>
            </trkpt>
            <trkpt lat="-40.1482171" lon="-71.3426936">
                <ele>733.5</ele>
                <extensions>
                    <osmand:speed>9.7</osmand:speed>
                </extensions>
            </trkpt>
            <trkpt lat="-40.148174" lon="-71.3427123">
                <ele>733.2</ele>
                <extensions>
                    <osmand:speed>9.7</osmand:speed>
                </extensions>
            </trkpt>
            <trkpt lat="-40.148131" lon="-71.3427231">
                <ele>733</ele>
                <extensions>
                    <osmand:speed>9.7</osmand:speed>
                </extensions>
            </trkpt>
            <trkpt lat="-40.14809" lon="-71.3427204">
                <ele>733.1</ele>
                <extensions>
                    <osmand:speed>9.7</osmand:speed>
                </extensions>
            </trkpt>
            <trkpt lat="-40.148051" lon="-71.342707">
                <ele>733.2</ele>
                <extensions>
                    <osmand:speed>9.7</osmand:speed>
                </extensions>
            </trkpt>
            <trkpt lat="-40.1480141" lon="-71.3426775">
                <ele>733.2</ele>
                <extensions>
                    <osmand:speed>9.7</osmand:speed>
                </extensions>
            </trkpt>
            <trkpt lat="-40.1479813" lon="-71.3426399">
                <ele>733.5</ele>
                <extensions>
                    <osmand:speed>9.7</osmand:speed>
                </extensions>
            </trkpt>
            <trkpt lat="-40.1479362" lon="-71.3425863">
                <ele>734.2</ele>
                <extensions>
                    <osmand:speed>9.7</osmand:speed>
                </extensions>
            </trkpt>
            <trkpt lat="-40.1479075" lon="-71.3425595">
                <ele>734.8</ele>
                <extensions>
                    <osmand:speed>9.7</osmand:speed>
                </extensions>
            </trkpt>
            <trkpt lat="-40.1478767" lon="-71.3425407">
                <ele>735</ele>
                <extensions>
                    <osmand:speed>9.7</osmand:speed>
                </extensions>
            </trkpt>
            <trkpt lat="-40.1478419" lon="-71.3425246">
                <ele>735.5</ele>
                <extensions>
                    <osmand:speed>9.7</osmand:speed>
                </extensions>
            </trkpt>
            <trkpt lat="-40.1478091" lon="-71.3425165">
                <ele>735.8</ele>
                <extensions>
                    <osmand:speed>9.7</osmand:speed>
                </extensions>
            </trkpt>
            <trkpt lat="-40.1473109" lon="-71.3424414">
                <ele>739.8</ele>
                <extensions>
                    <osmand:speed>9.7</osmand:speed>
                </extensions>
            </trkpt>
            <trkpt lat="-40.1472822" lon="-71.3424388">
                <ele>740</ele>
                <extensions>
                    <osmand:speed>9.7</osmand:speed>
                </extensions>
            </trkpt>
            <trkpt lat="-40.1472576" lon="-71.3424414">
                <ele>740.2</ele>
                <extensions>
                    <osmand:speed>9.7</osmand:speed>
                </extensions>
            </trkpt>
            <trkpt lat="-40.147235" lon="-71.3424549">
                <ele>740.5</ele>
                <extensions>
                    <osmand:speed>9.7</osmand:speed>
                </extensions>
            </trkpt>
            <trkpt lat="-40.1472145" lon="-71.342479">
                <ele>740.8</ele>
                <extensions>
                    <osmand:speed>9.7</osmand:speed>
                </extensions>
            </trkpt>
            <trkpt lat="-40.1472022" lon="-71.3425139">
                <ele>741</ele>
                <extensions>
                    <osmand:speed>9.7</osmand:speed>
                </extensions>
            </trkpt>
            <trkpt lat="-40.1472002" lon="-71.3425487">
                <ele>741</ele>
                <extensions>
                    <osmand:speed>9.7</osmand:speed>
                </extensions>
            </trkpt>
            <trkpt lat="-40.1472063" lon="-71.3425809">
                <ele>741</ele>
                <extensions>
                    <osmand:speed>9.7</osmand:speed>
                </extensions>
            </trkpt>
            <trkpt lat="-40.1472166" lon="-71.3426158">
                <ele>740.8</ele>
                <extensions>
                    <osmand:speed>9.7</osmand:speed>
                </extensions>
            </trkpt>
            <trkpt lat="-40.1472309" lon="-71.3426453">
                <ele>740.5</ele>
                <extensions>
                    <osmand:speed>9.7</osmand:speed>
                </extensions>
            </trkpt>
            <trkpt lat="-40.1478562" lon="-71.343753">
                <ele>729</ele>
                <extensions>
                    <osmand:speed>9.7</osmand:speed>
                </extensions>
            </trkpt>
            <trkpt lat="-40.1478808" lon="-71.343812">
                <ele>728.5</ele>
                <extensions>
                    <osmand:speed>9.7</osmand:speed>
                </extensions>
            </trkpt>
            <trkpt lat="-40.1479013" lon="-71.3438764">
                <ele>728</ele>
                <extensions>
                    <osmand:speed>9.7</osmand:speed>
                </extensions>
            </trkpt>
            <trkpt lat="-40.1479136" lon="-71.3439435">
                <ele>727.5</ele>
                <extensions>
                    <osmand:speed>9.7</osmand:speed>
                </extensions>
            </trkpt>
            <trkpt lat="-40.1479218" lon="-71.3440132">
                <ele>727</ele>
                <extensions>
                    <osmand:speed>9.7</osmand:speed>
                </extensions>
            </trkpt>
            <trkpt lat="-40.147928" lon="-71.344091">
                <ele>726.5</ele>
                <extensions>
                    <osmand:speed>9.7</osmand:speed>
                </extensions>
            </trkpt>
            <trkpt lat="-40.1479362" lon="-71.3441715">
                <ele>725.8</ele>
                <extensions>
                    <osmand:speed>9.7</osmand:speed>
                </extensions>
            </trkpt>
            <trkpt lat="-40.1479464" lon="-71.3442492">
                <ele>725</ele>
                <extensions>
                    <osmand:speed>9.7</osmand:speed>
                </extensions>
            </trkpt>
            <trkpt lat="-40.1479629" lon="-71.3443217">
                <ele>724.2</ele>
                <extensions>
                    <osmand:speed>9.7</osmand:speed>
                </extensions>
            </trkpt>
            <trkpt lat="-40.1479793" lon="-71.3443887">
                <ele>723.5</ele>
                <extensions>
                    <osmand:speed>9.7</osmand:speed>
                </extensions>
            </trkpt>
            <trkpt lat="-40.1480572" lon="-71.3446409">
                <ele>721</ele>
                <extensions>
                    <osmand:speed>9.7</osmand:speed>
                </extensions>
            </trkpt>
            <trkpt lat="-40.1480756" lon="-71.3447133">
                <ele>720.2</ele>
                <extensions>
                    <osmand:speed>9.7</osmand:speed>
                </extensions>
            </trkpt>
            <trkpt lat="-40.148092" lon="-71.3447884">
                <ele>719.5</ele>
                <extensions>
                    <osmand:speed>9.7</osmand:speed>
                </extensions>
            </trkpt>
            <trkpt lat="-40.1481002" lon="-71.3448608">
                <ele>718.8</ele>
                <extensions>
                    <osmand:speed>9.7</osmand:speed>
                </extensions>
            </trkpt>
            <trkpt lat="-40.1481084" lon="-71.3449332">
                <ele>718</ele>
                <extensions>
                    <osmand:speed>9.7</osmand:speed>
                </extensions>
            </trkpt>
            <trkpt lat="-40.1481638" lon="-71.3454965">
                <ele>712</ele>
                <extensions>
                    <osmand:speed>9.7</osmand:speed>
                </extensions>
            </trkpt>
            <trkpt lat="-40.148172" lon="-71.3455608">
                <ele>711.2</ele>
                <extensions>
                    <osmand:speed>9.7</osmand:speed>
                </extensions>
            </trkpt>
            <trkpt lat="-40.1481822" lon="-71.3456279">
                <ele>710.2</ele>
                <extensions>
                    <osmand:speed>9.7</osmand:speed>
                </extensions>
            </trkpt>
            <trkpt lat="-40.1481945" lon="-71.3456896">
                <ele>709.2</ele>
                <extensions>
                    <osmand:speed>9.7</osmand:speed>
                </extensions>
            </trkpt>
            <trkpt lat="-40.1482068" lon="-71.3457459">
                <ele>708.2</ele>
                <extensions>
                    <osmand:speed>9.7</osmand:speed>
                </extensions>
            </trkpt>
            <trkpt lat="-40.1483216" lon="-71.3462609">
                <ele>700.8</ele>
                <extensions>
                    <osmand:speed>9.7</osmand:speed>
                </extensions>
            </trkpt>
            <trkpt lat="-40.1483339" lon="-71.3463119">
                <ele>700</ele>
                <extensions>
                    <osmand:speed>9.7</osmand:speed>
                </extensions>
            </trkpt>
            <trkpt lat="-40.1483503" lon="-71.3463601">
                <ele>699</ele>
                <extensions>
                    <osmand:speed>9.7</osmand:speed>
                </extensions>
            </trkpt>
            <trkpt lat="-40.1483708" lon="-71.3464057">
                <ele>698</ele>
                <extensions>
                    <osmand:speed>9.7</osmand:speed>
                </extensions>
            </trkpt>
            <trkpt lat="-40.1483975" lon="-71.3464487">
                <ele>697</ele>
                <extensions>
                    <osmand:speed>9.7</osmand:speed>
                </extensions>
            </trkpt>
            <trkpt lat="-40.1484283" lon="-71.3464862">
                <ele>695.8</ele>
                <extensions>
                    <osmand:speed>9.7</osmand:speed>
                </extensions>
            </trkpt>
            <trkpt lat="-40.1484631" lon="-71.3465184">
                <ele>694.8</ele>
                <extensions>
                    <osmand:speed>9.7</osmand:speed>
                </extensions>
            </trkpt>
            <trkpt lat="-40.1491212" lon="-71.3470575">
                <ele>684.8</ele>
                <extensions>
                    <osmand:speed>9.7</osmand:speed>
                </extensions>
            </trkpt>
            <trkpt lat="-40.1491581" lon="-71.3470924">
                <ele>684.2</ele>
                <extensions>
                    <osmand:speed>9.7</osmand:speed>
                </extensions>
            </trkpt>
            <trkpt lat="-40.1491909" lon="-71.3471326">
                <ele>683.8</ele>
                <extensions>
                    <osmand:speed>9.7</osmand:speed>
                </extensions>
            </trkpt>
            <trkpt lat="-40.1492217" lon="-71.3471729">
                <ele>683.2</ele>
                <extensions>
                    <osmand:speed>9.7</osmand:speed>
                </extensions>
            </trkpt>
            <trkpt lat="-40.1492504" lon="-71.3472211">
                <ele>682</ele>
                <extensions>
                    <osmand:speed>9.7</osmand:speed>
                </extensions>
            </trkpt>
            <trkpt lat="-40.1488608" lon="-71.347484">
                <ele>680</ele>
                <extensions>
                    <osmand:speed>9.7</osmand:speed>
                </extensions>
            </trkpt>
            <trkpt lat="-40.1488444" lon="-71.3474974">
                <ele>680.1</ele>
                <extensions>
                    <osmand:speed>9.7</osmand:speed>
                </extensions>
            </trkpt>
            <trkpt lat="-40.1488301" lon="-71.3475162">
                <ele>680.1</ele>
                <extensions>
                    <osmand:speed>9.7</osmand:speed>
                </extensions>
            </trkpt>
            <trkpt lat="-40.1488178" lon="-71.3475376">
                <ele>680.2</ele>
                <extensions>
                    <osmand:speed>9.7</osmand:speed>
                </extensions>
            </trkpt>
            <trkpt lat="-40.1488096" lon="-71.3475618">
                <ele>680.2</ele>
                <extensions>
                    <osmand:speed>9.7</osmand:speed>
                </extensions>
            </trkpt>
            <trkpt lat="-40.1488055" lon="-71.3475886">
                <ele>680</ele>
                <extensions>
                    <osmand:speed>9.7</osmand:speed>
                </extensions>
            </trkpt>
            <trkpt lat="-40.1488075" lon="-71.3476181">
                <ele>679.8</ele>
                <extensions>
                    <osmand:speed>9.7</osmand:speed>
                </extensions>
            </trkpt>
            <trkpt lat="-40.1488116" lon="-71.3476476">
                <ele>679.5</ele>
                <extensions>
                    <osmand:speed>9.7</osmand:speed>
                </extensions>
            </trkpt>
            <trkpt lat="-40.1488198" lon="-71.3476771">
                <ele>679.2</ele>
                <extensions>
                    <osmand:speed>9.7</osmand:speed>
                </extensions>
            </trkpt>
            <trkpt lat="-40.1492176" lon="-71.348691">
                <ele>669.2</ele>
                <extensions>
                    <osmand:speed>9.7</osmand:speed>
                </extensions>
            </trkpt>
            <trkpt lat="-40.149236" lon="-71.3487312">
                <ele>668.8</ele>
                <extensions>
                    <osmand:speed>9.7</osmand:speed>
                </extensions>
            </trkpt>
            <trkpt lat="-40.1492586" lon="-71.3487634">
                <ele>668.2</ele>
                <extensions>
                    <osmand:speed>9.7</osmand:speed>
                </extensions>
            </trkpt>
            <trkpt lat="-40.1492811" lon="-71.3487902">
                <ele>667.8</ele>
                <extensions>
                    <osmand:speed>9.7</osmand:speed>
                </extensions>
            </trkpt>
            <trkpt lat="-40.1493098" lon="-71.3488144">
                <ele>667.2</ele>
                <extensions>
                    <osmand:speed>9.7</osmand:speed>
                </extensions>
            </trkpt>
            <trkpt lat="-40.1493385" lon="-71.3488331">
                <ele>666.8</ele>
                <extensions>
                    <osmand:speed>9.7</osmand:speed>
                </extensions>
            </trkpt>
            <trkpt lat="-40.1493693" lon="-71.3488439">
                <ele>666.2</ele>
                <extensions>
                    <osmand:speed>9.7</osmand:speed>
                </extensions>
            </trkpt>
            <trkpt lat="-40.1494" lon="-71.3488466">
                <ele>665.8</ele>
                <extensions>
                    <osmand:speed>9.7</osmand:speed>
                </extensions>
            </trkpt>
            <trkpt lat="-40.1494308" lon="-71.3488466">
                <ele>665.2</ele>
                <extensions>
                    <osmand:speed>9.7</osmand:speed>
                </extensions>
            </trkpt>
            <trkpt lat="-40.1495128" lon="-71.3488385">
                <ele>664</ele>
                <extensions>
                    <osmand:speed>6.9</osmand:speed>
                </extensions>
            </trkpt>
            <trkpt lat="-40.1495128" lon="-71.348801">
                <ele>664.2</ele>
                <extensions>
                    <osmand:speed>6.9</osmand:speed>
                </extensions>
            </trkpt>
            <trkpt lat="-40.149519" lon="-71.3487661">
                <ele>664.5</ele>
                <extensions>
                    <osmand:speed>6.9</osmand:speed>
                </extensions>
            </trkpt>
            <trkpt lat="-40.1495313" lon="-71.3487366">
                <ele>664.4</ele>
                <extensions>
                    <osmand:speed>6.9</osmand:speed>
                </extensions>
            </trkpt>
            <trkpt lat="-40.1495497" lon="-71.3487124">
                <ele>664.3</ele>
                <extensions>
                    <osmand:speed>6.9</osmand:speed>
                </extensions>
            </trkpt>
            <trkpt lat="-40.1495743" lon="-71.348699">
                <ele>664.2</ele>
                <extensions>
                    <osmand:speed>6.9</osmand:speed>
                </extensions>
            </trkpt>
            <trkpt lat="-40.1499843" lon="-71.3485703">
                <ele>663</ele>
                <extensions>
                    <osmand:speed>6.9</osmand:speed>
                </extensions>
            </trkpt>
            <trkpt lat="-40.1501791" lon="-71.3487634">
                <ele>659.8</ele>
                <extensions>
                    <osmand:speed>6.9</osmand:speed>
                </extensions>
            </trkpt>
            <trkpt lat="-40.1501935" lon="-71.3487715">
                <ele>659.5</ele>
                <extensions>
                    <osmand:speed>6.9</osmand:speed>
                </extensions>
            </trkpt>
            <trkpt lat="-40.1502099" lon="-71.3487795">
                <ele>659.2</ele>
                <extensions>
                    <osmand:speed>6.9</osmand:speed>
                </extensions>
            </trkpt>
            <trkpt lat="-40.1502263" lon="-71.3487822">
                <ele>659</ele>
                <extensions>
                    <osmand:speed>6.9</osmand:speed>
                </extensions>
            </trkpt>
            <trkpt lat="-40.1502406" lon="-71.3487795">
                <ele>658.8</ele>
                <extensions>
                    <osmand:speed>6.9</osmand:speed>
                </extensions>
            </trkpt>
            <trkpt lat="-40.150257" lon="-71.3487768">
                <ele>658.5</ele>
                <extensions>
                    <osmand:speed>6.9</osmand:speed>
                </extensions>
            </trkpt>
            <trkpt lat="-40.1502714" lon="-71.3487715">
                <ele>658.2</ele>
                <extensions>
                    <osmand:speed>6.9</osmand:speed>
                </extensions>
            </trkpt>
            <trkpt lat="-40.1507778" lon="-71.3485301">
                <ele>656</ele>
                <extensions>
                    <osmand:speed>6.9</osmand:speed>
                </extensions>
            </trkpt>
            <trkpt lat="-40.1507942" lon="-71.3485274">
                <ele>655.9</ele>
                <extensions>
                    <osmand:speed>6.9</osmand:speed>
                </extensions>
            </trkpt>
            <trkpt lat="-40.1508126" lon="-71.3485274">
                <ele>655.8</ele>
                <extensions>
                    <osmand:speed>6.9</osmand:speed>
                </extensions>
            </trkpt>
            <trkpt lat="-40.150829" lon="-71.3485301">
                <ele>655.8</ele>
                <extensions>
                    <osmand:speed>6.9</osmand:speed>
                </extensions>
            </trkpt>
            <trkpt lat="-40.1508434" lon="-71.3485381">
                <ele>655.5</ele>
                <extensions>
                    <osmand:speed>6.9</osmand:speed>
                </extensions>
            </trkpt>
            <trkpt lat="-40.1509643" lon="-71.3486186">
                <ele>654.8</ele>
                <extensions>
                    <osmand:speed>9.7</osmand:speed>
                </extensions>
            </trkpt>
            <trkpt lat="-40.1507716" lon="-71.3488787">
                <ele>654.4</ele>
                <extensions>
                    <osmand:speed>9.7</osmand:speed>
                </extensions>
            </trkpt>
            <trkpt lat="-40.1507409" lon="-71.3489217">
                <ele>654.4</ele>
                <extensions>
                    <osmand:speed>9.7</osmand:speed>
                </extensions>
            </trkpt>
            <trkpt lat="-40.1507142" lon="-71.3489699">
                <ele>654.3</ele>
                <extensions>
                    <osmand:speed>9.7</osmand:speed>
                </extensions>
            </trkpt>
            <trkpt lat="-40.1506917" lon="-71.3490155">
                <ele>654.3</ele>
                <extensions>
                    <osmand:speed>9.7</osmand:speed>
                </extensions>
            </trkpt>
            <trkpt lat="-40.1506712" lon="-71.3490611">
                <ele>654.2</ele>
                <extensions>
                    <osmand:speed>9.7</osmand:speed>
                </extensions>
            </trkpt>
            <trkpt lat="-40.1504415" lon="-71.34967">
                <ele>653.4</ele>
                <extensions>
                    <osmand:speed>9.7</osmand:speed>
                </extensions>
            </trkpt>
            <trkpt lat="-40.1504292" lon="-71.3497075">
                <ele>653.3</ele>
                <extensions>
                    <osmand:speed>9.7</osmand:speed>
                </extensions>
            </trkpt>
            <trkpt lat="-40.150419" lon="-71.3497424">
                <ele>653.3</ele>
                <extensions>
                    <osmand:speed>9.7</osmand:speed>
                </extensions>
            </trkpt>
            <trkpt lat="-40.1504128" lon="-71.34978">
                <ele>653.2</ele>
                <extensions>
                    <osmand:speed>9.7</osmand:speed>
                </extensions>
            </trkpt>
            <trkpt lat="-40.1504108" lon="-71.3498202">
                <ele>653</ele>
                <extensions>
                    <osmand:speed>9.7</osmand:speed>
                </extensions>
            </trkpt>
            <trkpt lat="-40.1504087" lon="-71.3498604">
                <ele>652.8</ele>
                <extensions>
                    <osmand:speed>9.7</osmand:speed>
                </extensions>
            </trkpt>
            <trkpt lat="-40.1504108" lon="-71.349898">
                <ele>652.5</ele>
                <extensions>
                    <osmand:speed>9.7</osmand:speed>
                </extensions>
            </trkpt>
            <trkpt lat="-40.1504169" lon="-71.3499355">
                <ele>652.2</ele>
                <extensions>
                    <osmand:speed>9.7</osmand:speed>
                </extensions>
            </trkpt>
            <trkpt lat="-40.1504251" lon="-71.3499758">
                <ele>652</ele>
                <extensions>
                    <osmand:speed>9.7</osmand:speed>
                </extensions>
            </trkpt>
            <trkpt lat="-40.1506404" lon="-71.3507375">
                <ele>650.8</ele>
                <extensions>
                    <osmand:speed>9.7</osmand:speed>
                </extensions>
            </trkpt>
            <trkpt lat="-40.1506507" lon="-71.3507938">
                <ele>650.7</ele>
                <extensions>
                    <osmand:speed>9.7</osmand:speed>
                </extensions>
            </trkpt>
            <trkpt lat="-40.1506609" lon="-71.3508609">
                <ele>650.6</ele>
                <extensions>
                    <osmand:speed>9.7</osmand:speed>
                </extensions>
            </trkpt>
            <trkpt lat="-40.150665" lon="-71.3509279">
                <ele>650.5</ele>
                <extensions>
                    <osmand:speed>9.7</osmand:speed>
                </extensions>
            </trkpt>
            <trkpt lat="-40.1506671" lon="-71.3509896">
                <ele>650.4</ele>
                <extensions>
                    <osmand:speed>9.7</osmand:speed>
                </extensions>
            </trkpt>
            <trkpt lat="-40.1506671" lon="-71.3511157">
                <ele>650.2</ele>
                <extensions>
                    <osmand:speed>9.7</osmand:speed>
                </extensions>
            </trkpt>
            <trkpt lat="-40.1506671" lon="-71.3511506">
                <ele>650.2</ele>
                <extensions>
                    <osmand:speed>9.7</osmand:speed>
                </extensions>
            </trkpt>
            <trkpt lat="-40.1506671" lon="-71.3511908">
                <ele>650.1</ele>
                <extensions>
                    <osmand:speed>9.7</osmand:speed>
                </extensions>
            </trkpt>
            <trkpt lat="-40.1506712" lon="-71.3512284">
                <ele>650</ele>
                <extensions>
                    <osmand:speed>9.7</osmand:speed>
                </extensions>
            </trkpt>
            <trkpt lat="-40.1506753" lon="-71.3512632">
                <ele>650</ele>
                <extensions>
                    <osmand:speed>9.7</osmand:speed>
                </extensions>
            </trkpt>
            <trkpt lat="-40.1506835" lon="-71.3513035">
                <ele>649.9</ele>
                <extensions>
                    <osmand:speed>9.7</osmand:speed>
                </extensions>
            </trkpt>
            <trkpt lat="-40.1506937" lon="-71.3513437">
                <ele>649.9</ele>
                <extensions>
                    <osmand:speed>9.7</osmand:speed>
                </extensions>
            </trkpt>
            <trkpt lat="-40.150706" lon="-71.3513812">
                <ele>649.8</ele>
                <extensions>
                    <osmand:speed>9.7</osmand:speed>
                </extensions>
            </trkpt>
            <trkpt lat="-40.1507204" lon="-71.3514161">
                <ele>649.8</ele>
                <extensions>
                    <osmand:speed>9.7</osmand:speed>
                </extensions>
            </trkpt>
            <trkpt lat="-40.1511509" lon="-71.3523924">
                <ele>650</ele>
                <extensions>
                    <osmand:speed>9.7</osmand:speed>
                </extensions>
            </trkpt>
            <trkpt lat="-40.1512206" lon="-71.3525507">
                <ele>650</ele>
                <extensions>
                    <osmand:speed>11.1</osmand:speed>
                </extensions>
            </trkpt>
            <trkpt lat="-40.1515507" lon="-71.3532293">
                <ele>649.8</ele>
                <extensions>
                    <osmand:speed>11.1</osmand:speed>
                </extensions>
            </trkpt>
            <trkpt lat="-40.1517434" lon="-71.3536263">
                <ele>649.7</ele>
                <extensions>
                    <osmand:speed>11.1</osmand:speed>
                </extensions>
            </trkpt>
            <trkpt lat="-40.1517618" lon="-71.3536611">
                <ele>649.7</ele>
                <extensions>
                    <osmand:speed>11.1</osmand:speed>
                </extensions>
            </trkpt>
            <trkpt lat="-40.1517803" lon="-71.3536933">
                <ele>649.6</ele>
                <extensions>
                    <osmand:speed>11.1</osmand:speed>
                </extensions>
            </trkpt>
            <trkpt lat="-40.1518028" lon="-71.3537228">
                <ele>649.6</ele>
                <extensions>
                    <osmand:speed>11.1</osmand:speed>
                </extensions>
            </trkpt>
            <trkpt lat="-40.1518254" lon="-71.3537496">
                <ele>649.6</ele>
                <extensions>
                    <osmand:speed>11.1</osmand:speed>
                </extensions>
            </trkpt>
            <trkpt lat="-40.1520119" lon="-71.3539642">
                <ele>649.5</ele>
                <extensions>
                    <osmand:speed>11.1</osmand:speed>
                </extensions>
            </trkpt>
            <trkpt lat="-40.1520242" lon="-71.3539749">
                <ele>649.5</ele>
                <extensions>
                    <osmand:speed>11.1</osmand:speed>
                </extensions>
            </trkpt>
            <trkpt lat="-40.1520386" lon="-71.3539857">
                <ele>649.5</ele>
                <extensions>
                    <osmand:speed>11.1</osmand:speed>
                </extensions>
            </trkpt>
            <trkpt lat="-40.152055" lon="-71.3539964">
                <ele>649.5</ele>
                <extensions>
                    <osmand:speed>11.1</osmand:speed>
                </extensions>
            </trkpt>
            <trkpt lat="-40.1520714" lon="-71.3540018">
                <ele>649.5</ele>
                <extensions>
                    <osmand:speed>11.1</osmand:speed>
                </extensions>
            </trkpt>
            <trkpt lat="-40.1520878" lon="-71.3540044">
                <ele>649.5</ele>
                <extensions>
                    <osmand:speed>11.1</osmand:speed>
                </extensions>
            </trkpt>
            <trkpt lat="-40.1521042" lon="-71.3540071">
                <ele>649.5</ele>
                <extensions>
                    <osmand:speed>11.1</osmand:speed>
                </extensions>
            </trkpt>
            <trkpt lat="-40.1529222" lon="-71.3540608">
                <ele>648.6</ele>
                <extensions>
                    <osmand:speed>11.1</osmand:speed>
                </extensions>
            </trkpt>
            <trkpt lat="-40.1529447" lon="-71.3540661">
                <ele>648.5</ele>
                <extensions>
                    <osmand:speed>11.1</osmand:speed>
                </extensions>
            </trkpt>
            <trkpt lat="-40.1529673" lon="-71.3540715">
                <ele>648.5</ele>
                <extensions>
                    <osmand:speed>11.1</osmand:speed>
                </extensions>
            </trkpt>
            <trkpt lat="-40.1529898" lon="-71.3540849">
                <ele>648.5</ele>
                <extensions>
                    <osmand:speed>11.1</osmand:speed>
                </extensions>
            </trkpt>
            <trkpt lat="-40.1530103" lon="-71.3540983">
                <ele>648.5</ele>
                <extensions>
                    <osmand:speed>11.1</osmand:speed>
                </extensions>
            </trkpt>
            <trkpt lat="-40.1530657" lon="-71.3541386">
                <ele>648.4</ele>
                <extensions>
                    <osmand:speed>11.1</osmand:speed>
                </extensions>
            </trkpt>
            <trkpt lat="-40.1530882" lon="-71.3541573">
                <ele>648.4</ele>
                <extensions>
                    <osmand:speed>11.1</osmand:speed>
                </extensions>
            </trkpt>
            <trkpt lat="-40.1531067" lon="-71.3541815">
                <ele>648.3</ele>
                <extensions>
                    <osmand:speed>11.1</osmand:speed>
                </extensions>
            </trkpt>
            <trkpt lat="-40.1531251" lon="-71.3542083">
                <ele>648.3</ele>
                <extensions>
                    <osmand:speed>11.1</osmand:speed>
                </extensions>
            </trkpt>
            <trkpt lat="-40.1531374" lon="-71.3542378">
                <ele>648.3</ele>
                <extensions>
                    <osmand:speed>11.1</osmand:speed>
                </extensions>
            </trkpt>
            <trkpt lat="-40.1532379" lon="-71.3545114">
                <ele>648.1</ele>
                <extensions>
                    <osmand:speed>11.1</osmand:speed>
                </extensions>
            </trkpt>
            <trkpt lat="-40.1532891" lon="-71.3544819">
                <extensions>
                    <osmand:speed>11.1</osmand:speed>
                </extensions>
            </trkpt>
            <trkpt lat="-40.1534429" lon="-71.3544014">
                <ele>648</ele>
                <extensions>
                    <osmand:speed>11.1</osmand:speed>
                </extensions>
            </trkpt>
            <trkpt lat="-40.153527" lon="-71.3543558">
                <ele>648</ele>
                <extensions>
                    <osmand:speed>11.1</osmand:speed>
                </extensions>
            </trkpt>
            <trkpt lat="-40.154388" lon="-71.3538998">
                <ele>648.5</ele>
                <extensions>
                    <osmand:speed>11.1</osmand:speed>
                </extensions>
            </trkpt>
            <trkpt lat="-40.155372" lon="-71.3533607">
                <ele>649</ele>
                <extensions>
                    <osmand:speed>11.1</osmand:speed>
                </extensions>
            </trkpt>
            <trkpt lat="-40.1558865" lon="-71.3530844">
                <ele>649.2</ele>
                <extensions>
                    <osmand:speed>11.1</osmand:speed>
                </extensions>
            </trkpt>
            <trkpt lat="-40.1563724" lon="-71.3528243">
                <ele>650</ele>
                <extensions>
                    <osmand:speed>6.9</osmand:speed>
                </extensions>
            </trkpt>
            <trkpt lat="-40.1564769" lon="-71.3527626">
                <ele>650.8</ele>
                <extensions>
                    <osmand:speed>5.6</osmand:speed>
                </extensions>
            </trkpt>
            <trkpt lat="-40.156483" lon="-71.352781">
                <ele>650.8</ele>
                <extensions>
                    <osmand:speed>5.6</osmand:speed>
                </extensions>
            </trkpt>
            <trkpt lat="-40.156879" lon="-71.3525589"/>
            <extensions>
                <osmand:route>
                    <segment id="1168191792" length="2" startTrkptIdx="0" segmentTime="4.10" speed="16.44" turnType="C" turnAngle="" types="0,1,2,3,4,5,6,7,8,9,10,11,12,13" pointTypes=";" names="62,63,64,65,66,67,68,69,70,71,72,73,74,75,76,77,78,79,80,81"/>
                    <segment id="1168191789" length="2" startTrkptIdx="1" segmentTime="1.13" speed="8.33" turnType="TL" turnAngle="-94.69" types="1,14,15,16,17,18,19,5,6,9,11,20,12,13" pointTypes=";" names="62,63,64,65,66,67,68,78,79,80,81"/>
                    <segment id="1168191801" length="9" startTrkptIdx="2" segmentTime="11.28" speed="8.33" turnType="" turnAngle="" types="1,14,15,16,17,4,19,5,6,9,11,20,12,13" pointTypes=";;;;;;;;21" names="62,63,64,65,66,67,68,78,79,80,81"/>
                    <segment id="1168191793" length="5" startTrkptIdx="10" segmentTime="2.79" speed="8.33" turnType="TSLR" turnAngle="5.38" types="1,2,15,16,17,4,19,5,6,7,9,11,20,12,13" pointTypes=";22;22;22;22" names="62,63,64,65,66,67,68,78,79,80,81"/>
                    <segment id="25734858" length="13" startTrkptIdx="14" segmentTime="86.45" speed="8.33" turnType="" turnAngle="" types="1,14,23,16,17,5,24,8,9,10,11,12,13" pointTypes=";22;21;;;;;;;;;;" names="62,63,64,65,66,67,68,69,70,71,72,73,74,75,76,77,78,79,80,81"/>
                    <segment id="461257698" length="3" startTrkptIdx="26" segmentTime="27.93" speed="13.89" turnType="" turnAngle="" types="1,14,23,25,17,5,24,9,11,12,13" pointTypes=";;26" names="62,63,64,65,66,67,68,78,79,80,81"/>
                    <segment id="207832696" length="2" startTrkptIdx="28" segmentTime="4.40" speed="16.44" turnType="" turnAngle="" types="27,1,14,6,9,28,12,13" pointTypes="" names="62,63,64,65,66,67,68,78,79,80,81"/>
                    <segment id="1130564490" length="31" startTrkptIdx="29" segmentTime="156.53" speed="16.44" turnType="" turnAngle="" types="1,14,24,9,29,12,13" pointTypes=";;;;;;;;;;;;;;;;;30;26;26;21;;;;;;;;;;" names="62,63,64,65,66,67,68,78,79,80,81"/>
                    <segment id="207832697" length="53" startTrkptIdx="59" segmentTime="222.83" speed="16.44" turnType="" turnAngle="" types="1,14,24,9,29,12,13" pointTypes=";;;21;;21;;;;;;;;;;;21;22;21;;;;;;;;;;;;;;;;;;;;;30;30;21;;;;;21;22;21;21;21;22;" names="62,63,64,65,66,67,68,78,79,80,81"/>
                    <segment id="1160007215" length="49" startTrkptIdx="111" segmentTime="87.72" speed="16.44" turnType="" turnAngle="" types="1,14,24,9,29,12,13" pointTypes=";;;22;;21;22;21;21;21;21;21;22;;;;;;;;;;26;22;21;;;;;;;;;;;;;;;;;;;;;;;;" names="62,63,64,65,66,67,68,78,79,80,81"/>
                    <segment id="1130564497" length="2" startTrkptIdx="159" segmentTime="2.24" speed="16.44" turnType="" turnAngle="" types="27,1,14,6,9,28,12,13" pointTypes="" names="62,63,64,65,66,67,68,78,79,80,81"/>
                    <segment id="1130564496" length="57" startTrkptIdx="160" segmentTime="53.44" speed="16.44" turnType="" turnAngle="" types="1,14,24,9,29,12,13" pointTypes=";;;;21;26;30;30;30;26;26;26;22;;;;;;;;;;21;26;26;30;;31;31;;;;22;;;;;;21;22;26;26;30;;;26;21;;;;;;;;21;22;26" names="62,63,64,65,66,67,68,78,79,80,81"/>
                    <segment id="1130564495" length="2" startTrkptIdx="216" segmentTime="1.91" speed="16.44" turnType="" turnAngle="" types="27,1,14,6,9,28,12,13" pointTypes="" names="62,63,64,65,66,67,68,78,79,80,81"/>
                    <segment id="1130564494" length="19" startTrkptIdx="217" segmentTime="37.14" speed="16.44" turnType="" turnAngle="" types="1,14,24,9,29,12,13" pointTypes=";30;30;30;30;;;;26;22;22;22;21;;;;;;" names="62,63,64,65,66,67,68,78,79,80,81"/>
                    <segment id="704101749" length="6" startTrkptIdx="235" segmentTime="33.56" speed="4.20" turnType="" turnAngle="" types="1,2,4,6,9,28,12,13" pointTypes=";;;;32,33,34,35,36;" names="62,63,64,65,66,67,68,78,79,80,81"/>
                    <segment id="740450364" length="2" startTrkptIdx="240" segmentTime="3.82" speed="16.44" turnType="" turnAngle="" types="1,14,24,9,29,12,13" pointTypes=";21" names="62,63,64,65,66,67,68,78,79,80,81"/>
                    <segment id="1410441108" length="72" startTrkptIdx="241" segmentTime="73.85" speed="16.44" turnType="" turnAngle="" types="1,37,18,38,39,40,41,12,42,13" pointTypes=";;;;30;21;21;;;;21;;;;;;;;;;;;;;;;;;;;;;;;;;;;;21;22;26;;31;;30;26;22;;;;;;26;;;31;31;31;;;30;21;;;;;;" names="82,83,84,85,86,87,88,89,90"/>
                    <segment id="1410441109" length="2" startTrkptIdx="312" segmentTime="0.76" speed="16.44" turnType="" turnAngle="" types="27,1,14,37,18,6,39,28,43,44" pointTypes="" names="82,83,84,85,86,91,88,89,92"/>
                    <segment id="433293328" length="10" startTrkptIdx="313" segmentTime="24.53" speed="16.44" turnType="" turnAngle="" types="1,37,18,38,39,40,43,44" pointTypes=";;21;21;;;;21;22;" names="82,83,84,85,86,91,88,89,92"/>
                    <segment id="206711300" length="7" startTrkptIdx="322" segmentTime="9.18" speed="11.11" turnType="" turnAngle="" types="1,45,4,38,39,40,43,44" pointTypes=";;;;;;" names="82,83,84,85,86,91,88,89,92"/>
                    <segment id="1410441117" length="2" startTrkptIdx="328" segmentTime="2.49" speed="5.56" turnType="" turnAngle="" types="1,14,46,4,6,39,28,43,44" pointTypes="" names="82,83,84,85,86,91,88,89,92"/>
                    <segment id="690495394" length="3" startTrkptIdx="329" segmentTime="27.44" speed="0.49" turnType="" turnAngle="" types="1,14,46,4,6,28,47,48" pointTypes=";49,32,33,34,35,36" names="82,83,86,89"/>
                    <segment id="1410441118" length="2" startTrkptIdx="331" segmentTime="1.11" speed="5.56" turnType="" turnAngle="" types="1,14,46,4,6,39,28,43,44" pointTypes="" names="93,83,84,85,86,91,88,89,92"/>
                    <segment id="690495393" length="9" startTrkptIdx="332" segmentTime="8.58" speed="11.11" turnType="" turnAngle="" types="1,45,4,38,39,40,43,44" pointTypes=";21;;;;;;;" names="93,83,84,85,86,91,88,89,92"/>
                    <segment id="562883479" length="10" startTrkptIdx="340" segmentTime="24.05" speed="16.44" turnType="" turnAngle="" types="1,37,18,38,39,40,43,44" pointTypes=";21;;21;;21;21;21;21;21" names="93,83,84,85,86,91,88,89,92"/>
                    <segment id="206711293" length="4" startTrkptIdx="349" segmentTime="8.15" speed="16.44" turnType="" turnAngle="" types="50,1,37,18,38,39,40,43,44" pointTypes=";;21;22" names="93,83,84,85,86,91,88,89,92"/>
                    <segment id="206711293" length="127" startTrkptIdx="352" segmentTime="274.67" speed="16.44" turnType="" turnAngle="" types="50,1,37,18,38,39,40,43,44" pointTypes="22;26;26;26;22;21;21;22;26;26;21;;;;;;21;;;;;;;26;22;;;;;;21;;;;;;;;21;;22;22;21;;;26;26;;;;;;;;;;;;;;;;22;;;30;26;21;;;21;21;;21;21;;;;;;;22;30;31;31;30;30;;30;26;26;21;;;;;;;;;;;;;;;;;;;;;;;;;;;;;;;;;22;;" names="93,83,84,85,86,91,88,89,92"/>
                    <segment id="395621945" length="2" startTrkptIdx="478" segmentTime="1.40" speed="16.44" turnType="" turnAngle="" types="27,50,1,37,18,6,39,28,43,44" pointTypes="" names="93,83,84,85,86,91,88,89,92"/>
                    <segment id="432619401" length="103" startTrkptIdx="479" segmentTime="363.66" speed="16.44" turnType="" turnAngle="" types="50,1,37,18,38,39,40,43,44" pointTypes=";;;21;22;26;22;26;;31;;22;21;;;21;21;21;;;;;;;21;22;22;21;;22;;;21;;;;;;;;;;;;;;;;;;21;22;;;;;;;;;;;;;;;22;26;30;26;21;;22;26;26;26;22;26;;;;;30;22;26;30;22;21;;22;21;;21;;;;;21;22;;;22;" names="93,83,84,85,86,91,88,89,92"/>
                    <segment id="432619400" length="2" startTrkptIdx="581" segmentTime="1.88" speed="16.44" turnType="" turnAngle="" types="27,50,1,37,18,38,39,40,43,44" pointTypes="" names="93,83,84,85,86,91,88,89,92"/>
                    <segment id="395621943" length="454" startTrkptIdx="582" segmentTime="869.79" speed="16.44" turnType="" turnAngle="" types="50,1,37,18,51,39,52,43,44" pointTypes=";21;21;26;21;22;22;;;;;21;21;;;;21;21;21;;;;;;21;;;21;;;;26;;;;;;;;;;;;30;26;;;;;;;;;;;26;;;;;22;;;;30;;;21;;;;22;;;;;30;;;;30;;;;;;;22;30;30;22;21;;21;;;;;;;;;;;;;;21;21;26;;31;30;21;;;;;;;;22;;;;;;;;;;;;;;;;;21;;;;22;;30;;;;;;;;;;;;21;22;21;30;21;21;22;;;;;;;;;;;;;;21;26;31;;;22;;;;;;;;;;;;;;;21;;;;;;;;;;;;;;;21;31;30;21;;;;21;21;;;;;;;;;;;;;;;;;;;;;;;30;;;;;;;;;;;;;;;;;;;;;;;;;;;;;;;;;;;;;22;26;;;;;;;;;;;;;21;21;;;;21;26;21;;;;;;21;;21;22;21;30;31;31;;;;30;26;22;;22;;;;31;21;30;30;;;;;30;;;22;;;21;21;21;;;;;21;22;;;;;21;;;;;;;;;;21;30;;30;;;;;;;;;;;;;;;;;;;;;;;;21;22;22;21;;;21;21;22;22;;;;;;;;;;;;;;;;;;;;;22;;;;;;;;21;;;;;;;;;;;;;;;;21;;;;;;;21;22;22;21" names="93,83,84,85,86,91,88,89,92"/>
                    <segment id="395621943" length="169" startTrkptIdx="1035" segmentTime="703.85" speed="16.44" turnType="TSLR" turnAngle="12.94" types="50,1,37,18,51,39,52,43,44" pointTypes="21;26;;30;;;;22;26;22;30;22;26;26;21;22;26;30;26;22;;;;;;21;21;;;;;22;22;;;;;21;;;;;;;;22;22;22;21;;;21;21;21;21;21;;;22;26;21;;;;21;30;;31;31;26;22;22;26;30;26;22;26;30;30;;21;22;22;;;;21;;;;;;;;;;;;;;22;;21;;;;;;;;;;;;;22;22;30;30;;21;26;30;30;30;26;26;30;26;21;22;;;;;22;;;;30;31;26;22;;;;26;21;;;;;;;22;;31;;;22;21;;;21;21;21;22;;" names="93,83,84,85,86,91,88,89,92"/>
                    <segment id="623233874" length="2" startTrkptIdx="1203" segmentTime="1.85" speed="16.44" turnType="" turnAngle="" types="50,1,37,18,51,8,10,53,52,47,48" pointTypes=";21" names="93,83,86,94,95,96,71,72,97,74,98,99,100,101,102,103,104,105,89"/>
                    <segment id="623233871" length="19" startTrkptIdx="1204" segmentTime="29.88" speed="16.44" turnType="" turnAngle="" types="50,1,37,18,51,39,52,43,44" pointTypes=";26;22;22;26;22;22;22;26;30;22;26;21;;;;;;" names="93,83,84,85,86,91,88,89,92"/>
                    <segment id="675130949" length="24" startTrkptIdx="1222" segmentTime="30.91" speed="16.44" turnType="" turnAngle="" types="50,1,37,18,51,39,52,43,44" pointTypes=";21;;31;31;;;;26;;;;21;26;;;;;;21;26;;22;" names="93,83,84,85,86,91,88,89,92"/>
                    <segment id="1305114149" length="9" startTrkptIdx="1245" segmentTime="12.29" speed="16.44" turnType="" turnAngle="" types="50,1,37,18,51,8,39,10,53,52,43,44" pointTypes=";;;22;26;26;26;31;" names="93,83,84,85,86,91,94,95,96,71,72,97,74,98,99,100,101,102,103,104,105,88,89,92"/>
                    <segment id="675195074" length="10" startTrkptIdx="1253" segmentTime="5.49" speed="16.44" turnType="" turnAngle="" types="50,1,37,18,51,39,52,43,44" pointTypes=";;;;;;;;;" names="93,83,84,85,86,91,88,89,92"/>
                    <segment id="675195074" length="3" startTrkptIdx="1262" segmentTime="0.87" speed="16.44" turnType="" turnAngle="" types="50,1,37,18,51,39,52,43,44" pointTypes=";;26" names="93,83,84,85,86,91,88,89,92"/>
                    <segment id="778158618" length="9" startTrkptIdx="1264" segmentTime="9.68" speed="16.44" turnType="TL" turnAngle="-60.39" types="50,1,37,18,51,39,52,43,44" pointTypes=";;;;;;;22;30" names="93,83,84,85,86,91,88,89,92"/>
                    <segment id="1352094031" length="17" startTrkptIdx="1272" segmentTime="8.66" speed="12.50" turnType="TR" turnAngle="73.60" types="54,18,38,40" pointTypes=";;;;;;;;;;;;;;;;" names="106"/>
                    <segment id="1352094033" length="9" startTrkptIdx="1288" segmentTime="2.51" speed="12.50" turnType="" turnAngle="" types="54,4,38,40" pointTypes=";;;;31;;30;26;22" names="106"/>
                    <segment id="1352094032" length="17" startTrkptIdx="1296" segmentTime="16.88" speed="12.50" turnType="" turnAngle="" types="54,18,38,40" pointTypes=";;;;;;;;;;;;;;;;" names="106"/>
                    <segment id="1352094032" length="5" startTrkptIdx="1312" segmentTime="15.43" speed="12.50" turnType="TL" turnAngle="-48.69" types="54,18,38,40" pointTypes=";;;;" names="106"/>
                    <segment id="281754377" length="29" startTrkptIdx="1316" segmentTime="26.13" speed="9.72" turnType="TR" turnAngle="60.87" types="55,18,38,40" pointTypes=";;;;;;;;;;;;22;;;;;;;;;;;21;21" names="107"/>
                    <segment id="1351747921" length="12" startTrkptIdx="1344" segmentTime="18.70" speed="9.72" turnType="TR" turnAngle="63.28" types="55,18,38,40" pointTypes=";;30;22;;;;;;;;" names="108"/>
                    <segment id="1351747920" length="15" startTrkptIdx="1355" segmentTime="7.12" speed="9.72" turnType="TR" turnAngle="113.23" types="55,18,38,40" pointTypes=";;;;22;22;22;;;;;;;;" names="109"/>
                    <segment id="1351747920" length="8" startTrkptIdx="1369" segmentTime="7.67" speed="9.72" turnType="TSLL" turnAngle="-15.28" types="55,18,38,40" pointTypes=";;;;;;" names="109"/>
                    <segment id="1351747919" length="37" startTrkptIdx="1376" segmentTime="49.75" speed="9.72" turnType="TL" turnAngle="-55.44" types="55,18,38,40" pointTypes=";;;;;;;;;;;;;;;;;;;;;;;;;;;;;;;;;;" names="110"/>
                    <segment id="96820830" length="20" startTrkptIdx="1412" segmentTime="20.84" speed="9.72" turnType="TR" turnAngle="104.02" types="55,18,38,40" pointTypes=";26;;;;;;;;;;;;;;;;;;" names="111"/>
                    <segment id="1351462886" length="7" startTrkptIdx="1431" segmentTime="8.91" speed="6.94" turnType="TL" turnAngle="-73.55" types="56,18,57,38,40" pointTypes=";;;;;30;21" names="112"/>
                    <segment id="1351462885" length="5" startTrkptIdx="1437" segmentTime="4.71" speed="6.94" turnType="TR" turnAngle="50.65" types="56,4,57,38,40" pointTypes=";31;;;" names="113"/>
                    <segment id="1351462885" length="10" startTrkptIdx="1441" segmentTime="12.62" speed="6.94" turnType="TSLL" turnAngle="-27.23" types="56,4,57,38,40" pointTypes=";;30;30;22;;;30;;30" names="113"/>
                    <segment id="775435520" length="31" startTrkptIdx="1450" segmentTime="38.46" speed="9.72" turnType="TR" turnAngle="107.15" types="55,18,38,40" pointTypes=";;;;;;;;;;;;;;;;;;;;;;;;;;;;;;" names="114"/>
                    <segment id="1351048720" length="25" startTrkptIdx="1480" segmentTime="27.65" speed="11.11" turnType="" turnAngle="" types="55,14,45,18,6,28" pointTypes=";;;;;;;;;;;" names="114"/>
                    <segment id="649320606" length="2" startTrkptIdx="1504" segmentTime="0.56" speed="11.11" turnType="TL" turnAngle="-88.09" types="54,14,45,18,6,28" pointTypes=";" names="115"/>
                    <segment id="55532826" length="2" startTrkptIdx="1505" segmentTime="1.66" speed="11.11" turnType="" turnAngle="" types="27,54,14,45,18,6,28" pointTypes="" names="115"/>
                    <segment id="324892359" length="4" startTrkptIdx="1506" segmentTime="20.89" speed="11.11" turnType="" turnAngle="" types="54,14,45,18,58,6,28,20" pointTypes=";" names="115"/>
                    <segment id="30452120" length="3" startTrkptIdx="1509" segmentTime="10.82" speed="11.11" turnType="" turnAngle="" types="54,14,45,18,59,6,28,20" pointTypes="21;21;" names="115"/>
                    <segment id="266612700" length="2" startTrkptIdx="1511" segmentTime="1.84" speed="6.94" turnType="" turnAngle="" types="56,18,6,28" pointTypes=";" names="115"/>
                    <segment id="55727976" length="2" startTrkptIdx="1512" segmentTime="0.31" speed="5.56" turnType="TR" turnAngle="90.96" types="56,46,18,6,28" pointTypes=";" names="116"/>
                </osmand:route>
                <osmand:types>
                    <type t="hgv" v="designated"/>
                    <type t="highway" v="secondary"/>
                    <type t="lanes" v="1"/>
                    <type t="motor_vehicle" v="yes"/>
                    <type t="oneway" v="yes"/>
                    <type t="smoothness" v="excellent"/>
                    <type t="surface" v="concrete"/>
                    <type t="width" v="10"/>
                    <type t="route_hiking_1" v=""/>
                    <type t="route_road_2_network" v="cl:national"/>
                    <type t="route_hiking" v=""/>
                    <type t="osmand_highway_integrity_brouting" v="-1"/>
                    <type t="route_road_2_shield_color" v="green"/>
                    <type t="road_shield_color_2" v="green"/>
                    <type t="lanes" v="2"/>
                    <type t="lit" v="yes"/>
                    <type t="maxspeed" v="30"/>
                    <type t="maxspeed:type" v="sign"/>
                    <type t="oneway" v="no"/>
                    <type t="sidewalk:right:surface" v="concrete:plates"/>
                    <type t="sidewalk" v="yes"/>
                    <type t="osmand_ele_decline_1" v="1"/>
                    <type t="osmand_ele_decline_3" v="1"/>
                    <type t="lit" v="no"/>
                    <type t="surface" v="asphalt"/>
                    <type t="maxspeed" v="50"/>
                    <type t="osmand_ele_decline_5" v="1"/>
                    <type t="bridge" v="yes"/>
                    <type t="osmand_highway_integrity_brouting" v="1"/>
                    <type t="osmand_highway_integrity_brouting" v="0"/>
                    <type t="osmand_ele_decline_7" v="1"/>
                    <type t="osmand_ele_decline_11" v="1"/>
                    <type t="barrier" v="border_control"/>
                    <type t="bus" v="yes"/>
                    <type t="hgv" v="no"/>
                    <type t="motorcar" v="yes"/>
                    <type t="motorcycle" v="yes"/>
                    <type t="maxspeed" v="60"/>
                    <type t="surface" v="unpaved"/>
                    <type t="route_road_1_network" v="ar:provincial"/>
                    <type t="osmand_highway_integrity_brouting" v="4"/>
                    <type t="route_road_1_shield_color" v="green"/>
                    <type t="road_shield_color_1" v="green"/>
                    <type t="route_road_2_shield_order" v="2"/>
                    <type t="road_shield_order_2" v="2"/>
                    <type t="maxspeed" v="40"/>
                    <type t="maxspeed" v="20"/>
                    <type t="route_road_1_shield_order" v="2"/>
                    <type t="road_shield_order_1" v="2"/>
                    <type t="access" v="permit"/>
                    <type t="foot" v="yes"/>
                    <type t="surface" v="compacted"/>
                    <type t="osmand_highway_integrity_brouting" v="2"/>
                    <type t="route_mtb" v=""/>
                    <type t="highway" v="tertiary"/>
                    <type t="highway" v="residential"/>
                    <type t="highway" v="living_street"/>
                    <type t="sidewalk" v="no"/>
                    <type t="sidewalk:left:surface" v="concrete"/>
                    <type t="sidewalk:both:surface" v="paving_stones"/>
                    <type t="name" v=""/>
                    <type t="ref" v=""/>
                    <type t="name" v="Ruta 203 CH"/>
                    <type t="ref" v="203"/>
                    <type t="road_name_1" v="Ejes Transversales Red Interlagos"/>
                    <type t="road_name_2" v="Ruta 203 CH"/>
                    <type t="road_name_3" v="Circuito Siete Lagos"/>
                    <type t="road_network_2" v="cl:national"/>
                    <type t="road_ref_2" v="203"/>
                    <type t="route_hiking_1_name" v="Greater Patagonian Trail Section 18: Lago Pirihueico"/>
                    <type t="route_hiking_1_network" v="rwn"/>
                    <type t="route_hiking_1_osmc_background" v="white_4"/>
                    <type t="route_hiking_1_osmc_stub_name" v="."/>
                    <type t="route_hiking_1_osmc_text" v="GPT18"/>
                    <type t="route_hiking_1_osmc_textcolor" v="black"/>
                    <type t="route_hiking_1_ref" v="GPT18"/>
                    <type t="route_hiking_1_relation_id" v="6814233"/>
                    <type t="route_hiking_1_website" v="http://www.wikiexplora.com/index.php/Greater_Patagonian_Trail"/>
                    <type t="route_road_1_name" v="Ejes Transversales Red Interlagos"/>
                    <type t="route_road_2_name" v="Ruta 203 CH"/>
                    <type t="route_road_2_ref" v="203"/>
                    <type t="route_road_3_name" v="Circuito Siete Lagos"/>
                    <type t="name" v="Paso Internacional Hua Hum"/>
                    <type t="ref" v="RP48"/>
                    <type t="road_name_1" v="Ruta Provincial 48"/>
                    <type t="road_network_1" v="ar:provincial"/>
                    <type t="road_ref_1" v="48"/>
                    <type t="road_ref_2" v="RP48"/>
                    <type t="route_road_1_name" v="Ruta Provincial 48"/>
                    <type t="route_road_1_ref" v="48"/>
                    <type t="route_road_2_ref" v="RP48"/>
                    <type t="road_ref_2" v="48"/>
                    <type t="route_road_2_ref" v="48"/>
                    <type t="name" v="Ruta Provincial 48"/>
                    <type t="route_hiking_1_distance" v="11.4"/>
                    <type t="route_hiking_1_name" v="Etapa 16: Laguna Rosales - San Martín de Los Andes"/>
                    <type t="route_hiking_1_network" v="nwn"/>
                    <type t="route_hiking_1_osmc_text" v="ELRSMLA"/>
                    <type t="route_hiking_1_relation_id" v="9379221"/>
                    <type t="route_mtb_1" v=""/>
                    <type t="route_mtb_1_name" v="Etapa 16: Laguna Rosales - San Martín de Los Andes"/>
                    <type t="route_mtb_1_osmc_background" v="white_4"/>
                    <type t="route_mtb_1_osmc_stub_name" v="."/>
                    <type t="route_mtb_1_osmc_text" v="ELRSMLA"/>
                    <type t="route_mtb_1_osmc_textcolor" v="black"/>
                    <type t="route_mtb_1_relation_id" v="18336053"/>
                    <type t="name" v="Los Pañiles"/>
                    <type t="name" v="Las Orquideas"/>
                    <type t="name" v="Los Alerces"/>
                    <type t="name" v="Las Lengas"/>
                    <type t="name" v="Los Helechos"/>
                    <type t="name" v="Las Mutisias"/>
                    <type t="name" v="Misionero Mascardi"/>
                    <type t="name" v="Sin Nombre"/>
                    <type t="name" v="Héroes de Malvinas"/>
                    <type t="name" v="Teniente Coronel Pérez"/>
                    <type t="name" v="Senador Elías Sapag"/>
                    <type t="name" v="Complejo Fronterizo Hua Hum"/>
                    <type t="name" v="Paso Hua-Hum"/>
                </osmand:types>
            </extensions>
        </trkseg>
    </trk>
    <extensions>
        <osmand:points_groups>
            <group name=""/>
        </osmand:points_groups>
    </extensions>
</gpx>
