<?xml version='1.0' encoding='UTF-8' standalone='yes' ?>
<gpx version="1.1" creator="OsmAndRouterV2" xmlns="http://www.topografix.com/GPX/1/1" xmlns:osmand="https://osmand.net/docs/technical/osmand-file-formats/osmand-gpx" xmlns:gpxtpx="https://www8.garmin.com/xmlschemas/TrackPointExtensionv1.xsd" xmlns:xsi="http://www.w3.org/2001/XMLSchema-instance" xsi:schemaLocation="http://www.topografix.com/GPX/1/1 https://www.topografix.com/GPX/1/1/gpx.xsd">
  <metadata>
    <name>Mon Jul 13 2026</name>
  </metadata>
  <rte>
    <rtept lat="-40.1472084" lon="-71.3406014">
      <extensions>
        <osmand:profile>car</osmand:profile>
        <osmand:trkpt_idx>0</osmand:trkpt_idx>
      </extensions>
    </rtept>
    <rtept lat="-39.5824071" lon="-71.4611721">
      <extensions>
        <osmand:profile>car</osmand:profile>
        <osmand:trkpt_idx>1725</osmand:trkpt_idx>
      </extensions>
    </rtept>
    <rtept lat="-39.3641568" lon="-71.5837705">
      <extensions>
        <osmand:profile>car</osmand:profile>
        <osmand:trkpt_idx>3156</osmand:trkpt_idx>
      </extensions>
    </rtept>
  </rte>
  <trk>
    <trkseg>
      <trkpt lat="-40.1472061" lon="-71.3406194">
        <ele>752.1</ele>
      </trkpt>
      <trkpt lat="-40.1469234" lon="-71.3405585">
        <ele>755.5</ele>
      </trkpt>
      <trkpt lat="-40.1468844" lon="-71.3405532">
        <ele>756</ele>
      </trkpt>
      <trkpt lat="-40.1468434" lon="-71.3405532">
        <ele>756.5</ele>
      </trkpt>
      <trkpt lat="-40.1468004" lon="-71.3405585">
        <ele>757</ele>
      </trkpt>
      <trkpt lat="-40.1467635" lon="-71.3405719">
        <ele>757.5</ele>
      </trkpt>
      <trkpt lat="-40.1467265" lon="-71.340588">
        <ele>758</ele>
      </trkpt>
      <trkpt lat="-40.1461033" lon="-71.3410011">
        <ele>765.2</ele>
      </trkpt>
      <trkpt lat="-40.1460643" lon="-71.3410306">
        <ele>765.8</ele>
      </trkpt>
      <trkpt lat="-40.1460254" lon="-71.3410628">
        <ele>766.2</ele>
      </trkpt>
      <trkpt lat="-40.1459905" lon="-71.3410977">
        <ele>766.8</ele>
      </trkpt>
      <trkpt lat="-40.1459556" lon="-71.3411406">
        <ele>767</ele>
      </trkpt>
      <trkpt lat="-40.1459269" lon="-71.3411781">
        <ele>767.2</ele>
      </trkpt>
      <trkpt lat="-40.1459003" lon="-71.341221">
        <ele>767.5</ele>
      </trkpt>
      <trkpt lat="-40.1457322" lon="-71.3415161">
        <ele>771</ele>
      </trkpt>
      <trkpt lat="-40.1456768" lon="-71.3415751">
        <ele>771.8</ele>
      </trkpt>
      <trkpt lat="-40.1456604" lon="-71.3415992">
        <ele>772</ele>
      </trkpt>
      <trkpt lat="-40.1456419" lon="-71.3416234">
        <ele>772.2</ele>
      </trkpt>
      <trkpt lat="-40.1456276" lon="-71.3416448">
        <ele>772.5</ele>
      </trkpt>
      <trkpt lat="-40.1456132" lon="-71.3416716">
        <ele>772.8</ele>
      </trkpt>
      <trkpt lat="-40.1456009" lon="-71.3416985">
        <ele>773</ele>
      </trkpt>
      <trkpt lat="-40.1455907" lon="-71.3417226">
        <ele>773.2</ele>
      </trkpt>
      <trkpt lat="-40.145564" lon="-71.3418058">
        <ele>774</ele>
      </trkpt>
      <trkpt lat="-40.1454595" lon="-71.3419881">
        <ele>776.8</ele>
      </trkpt>
      <trkpt lat="-40.1454287" lon="-71.3420445">
        <ele>777.5</ele>
      </trkpt>
      <trkpt lat="-40.1454041" lon="-71.3421035">
        <ele>778.2</ele>
      </trkpt>
      <trkpt lat="-40.1453836" lon="-71.3421598">
        <ele>779</ele>
      </trkpt>
      <trkpt lat="-40.1453652" lon="-71.3422161">
        <ele>779.8</ele>
      </trkpt>
      <trkpt lat="-40.1453508" lon="-71.3422725">
        <ele>780.5</ele>
      </trkpt>
      <trkpt lat="-40.1453385" lon="-71.3423288">
        <ele>781.2</ele>
      </trkpt>
      <trkpt lat="-40.1453324" lon="-71.3423851">
        <ele>782</ele>
      </trkpt>
      <trkpt lat="-40.1453283" lon="-71.3424388">
        <ele>782.8</ele>
      </trkpt>
      <trkpt lat="-40.1453283" lon="-71.3424924">
        <ele>783.5</ele>
      </trkpt>
      <trkpt lat="-40.1453242" lon="-71.3426319">
        <ele>785.8</ele>
      </trkpt>
      <trkpt lat="-40.1453221" lon="-71.3426802">
        <ele>786.5</ele>
      </trkpt>
      <trkpt lat="-40.1453159" lon="-71.3427231">
        <ele>787.2</ele>
      </trkpt>
      <trkpt lat="-40.1453057" lon="-71.3427633">
        <ele>788</ele>
      </trkpt>
      <trkpt lat="-40.1452913" lon="-71.3427982">
        <ele>788.8</ele>
      </trkpt>
      <trkpt lat="-40.1452114" lon="-71.3429564">
        <ele>792</ele>
      </trkpt>
      <trkpt lat="-40.1451253" lon="-71.342766">
        <ele>789.5</ele>
      </trkpt>
      <trkpt lat="-40.145033" lon="-71.342538">
        <ele>786.5</ele>
      </trkpt>
      <trkpt lat="-40.1449982" lon="-71.3424039">
        <ele>785</ele>
      </trkpt>
      <trkpt lat="-40.1449735" lon="-71.3422483">
        <ele>783.8</ele>
      </trkpt>
      <trkpt lat="-40.1449592" lon="-71.3419747">
        <ele>782.8</ele>
      </trkpt>
      <trkpt lat="-40.1449653" lon="-71.3417575">
        <ele>782</ele>
      </trkpt>
      <trkpt lat="-40.1449858" lon="-71.3415295">
        <ele>781.8</ele>
      </trkpt>
      <trkpt lat="-40.1450207" lon="-71.34128">
        <ele>781</ele>
      </trkpt>
      <trkpt lat="-40.1450351" lon="-71.3410869">
        <ele>780.5</ele>
      </trkpt>
      <trkpt lat="-40.1450597" lon="-71.3402072">
        <ele>782</ele>
      </trkpt>
      <trkpt lat="-40.1450597" lon="-71.3399953">
        <ele>781.8</ele>
      </trkpt>
      <trkpt lat="-40.1450515" lon="-71.3397995">
        <ele>781.7</ele>
      </trkpt>
      <trkpt lat="-40.145031" lon="-71.3395983">
        <ele>781.5</ele>
      </trkpt>
      <trkpt lat="-40.1449961" lon="-71.3393649">
        <ele>780.8</ele>
      </trkpt>
      <trkpt lat="-40.1449284" lon="-71.3390002">
        <ele>778.2</ele>
      </trkpt>
      <trkpt lat="-40.1448628" lon="-71.338622">
        <ele>775.2</ele>
      </trkpt>
      <trkpt lat="-40.1448444" lon="-71.338461">
        <ele>774</ele>
      </trkpt>
      <trkpt lat="-40.1448321" lon="-71.3383216">
        <ele>773</ele>
      </trkpt>
      <trkpt lat="-40.1448362" lon="-71.3381982">
        <ele>772.2</ele>
      </trkpt>
      <trkpt lat="-40.1448608" lon="-71.3380828">
        <ele>771.5</ele>
      </trkpt>
      <trkpt lat="-40.1449038" lon="-71.3379273">
        <ele>770</ele>
      </trkpt>
      <trkpt lat="-40.1449592" lon="-71.3377798">
        <ele>768.8</ele>
      </trkpt>
      <trkpt lat="-40.1451089" lon="-71.337525">
        <ele>766.8</ele>
      </trkpt>
      <trkpt lat="-40.1451171" lon="-71.3375089">
        <ele>766.5</ele>
      </trkpt>
      <trkpt lat="-40.1452032" lon="-71.3373291">
        <ele>764.5</ele>
      </trkpt>
      <trkpt lat="-40.1452585" lon="-71.3371736">
        <ele>762.8</ele>
      </trkpt>
      <trkpt lat="-40.1452852" lon="-71.3370126">
        <ele>760.8</ele>
      </trkpt>
      <trkpt lat="-40.1452995" lon="-71.3368732">
        <ele>759.2</ele>
      </trkpt>
      <trkpt lat="-40.1453036" lon="-71.3367444">
        <ele>757.8</ele>
      </trkpt>
      <trkpt lat="-40.1453016" lon="-71.3365594">
        <ele>755.8</ele>
      </trkpt>
      <trkpt lat="-40.1452749" lon="-71.3363662">
        <ele>753.8</ele>
      </trkpt>
      <trkpt lat="-40.1452196" lon="-71.3361409">
        <ele>751.8</ele>
      </trkpt>
      <trkpt lat="-40.1451847" lon="-71.3360015">
        <ele>751.5</ele>
      </trkpt>
      <trkpt lat="-40.1451827" lon="-71.3358647">
        <ele>751.2</ele>
      </trkpt>
      <trkpt lat="-40.1452011" lon="-71.3357547">
        <ele>750.8</ele>
      </trkpt>
      <trkpt lat="-40.1452544" lon="-71.3356394">
        <ele>749.8</ele>
      </trkpt>
      <trkpt lat="-40.1453242" lon="-71.3355374">
        <ele>748.5</ele>
      </trkpt>
      <trkpt lat="-40.1456194" lon="-71.3352183">
        <ele>743.8</ele>
      </trkpt>
      <trkpt lat="-40.1461586" lon="-71.334663">
        <ele>741</ele>
      </trkpt>
      <trkpt lat="-40.1465912" lon="-71.3342902">
        <ele>739</ele>
      </trkpt>
      <trkpt lat="-40.1466384" lon="-71.3342392">
        <ele>738.5</ele>
      </trkpt>
      <trkpt lat="-40.1466835" lon="-71.334191">
        <ele>738</ele>
      </trkpt>
      <trkpt lat="-40.1467348" lon="-71.3341212">
        <ele>737.2</ele>
      </trkpt>
      <trkpt lat="-40.146784" lon="-71.3340542">
        <ele>736.5</ele>
      </trkpt>
      <trkpt lat="-40.146825" lon="-71.3339791">
        <ele>735.8</ele>
      </trkpt>
      <trkpt lat="-40.146866" lon="-71.3339013">
        <ele>734.8</ele>
      </trkpt>
      <trkpt lat="-40.1468947" lon="-71.3338262">
        <ele>733.8</ele>
      </trkpt>
      <trkpt lat="-40.1469193" lon="-71.3337511">
        <ele>733</ele>
      </trkpt>
      <trkpt lat="-40.1469746" lon="-71.3336438">
        <ele>731.8</ele>
      </trkpt>
      <trkpt lat="-40.146989" lon="-71.3336143">
        <ele>731.5</ele>
      </trkpt>
      <trkpt lat="-40.1470013" lon="-71.3335901">
        <ele>731.2</ele>
      </trkpt>
      <trkpt lat="-40.1470177" lon="-71.3335633">
        <ele>731</ele>
      </trkpt>
      <trkpt lat="-40.147032" lon="-71.3335392">
        <ele>730.8</ele>
      </trkpt>
      <trkpt lat="-40.147073" lon="-71.3334721">
        <ele>729.8</ele>
      </trkpt>
      <trkpt lat="-40.1471161" lon="-71.3334051">
        <ele>728.8</ele>
      </trkpt>
      <trkpt lat="-40.1471448" lon="-71.3333488">
        <ele>727.8</ele>
      </trkpt>
      <trkpt lat="-40.147153" lon="-71.3333246">
        <ele>727.5</ele>
      </trkpt>
      <trkpt lat="-40.1471551" lon="-71.3332978">
        <ele>727.2</ele>
      </trkpt>
      <trkpt lat="-40.147153" lon="-71.333271">
        <ele>727</ele>
      </trkpt>
      <trkpt lat="-40.1471448" lon="-71.3332468">
        <ele>726.8</ele>
      </trkpt>
      <trkpt lat="-40.1471325" lon="-71.3332254">
        <ele>727</ele>
      </trkpt>
      <trkpt lat="-40.146786" lon="-71.3324904">
        <ele>724.8</ele>
      </trkpt>
      <trkpt lat="-40.1467594" lon="-71.3324314">
        <ele>724.5</ele>
      </trkpt>
      <trkpt lat="-40.1467327" lon="-71.3323697">
        <ele>724.2</ele>
      </trkpt>
      <trkpt lat="-40.146706" lon="-71.3323027">
        <ele>724</ele>
      </trkpt>
      <trkpt lat="-40.1466814" lon="-71.332233">
        <ele>723.5</ele>
      </trkpt>
      <trkpt lat="-40.1466589" lon="-71.3321632">
        <ele>723</ele>
      </trkpt>
      <trkpt lat="-40.1466363" lon="-71.3320908">
        <ele>722.5</ele>
      </trkpt>
      <trkpt lat="-40.1466158" lon="-71.3320184">
        <ele>722</ele>
      </trkpt>
      <trkpt lat="-40.1465953" lon="-71.3319433">
        <ele>721.5</ele>
      </trkpt>
      <trkpt lat="-40.1465769" lon="-71.3318601">
        <ele>720.8</ele>
      </trkpt>
      <trkpt lat="-40.1465584" lon="-71.3317743">
        <ele>720</ele>
      </trkpt>
      <trkpt lat="-40.1465482" lon="-71.3317126">
        <ele>719.5</ele>
      </trkpt>
      <trkpt lat="-40.14654" lon="-71.3316509">
        <ele>719.2</ele>
      </trkpt>
      <trkpt lat="-40.1465297" lon="-71.3315785">
        <ele>719</ele>
      </trkpt>
      <trkpt lat="-40.1465195" lon="-71.3315061">
        <ele>718.8</ele>
      </trkpt>
      <trkpt lat="-40.1465092" lon="-71.331431">
        <ele>718.5</ele>
      </trkpt>
      <trkpt lat="-40.146501" lon="-71.3313586">
        <ele>718</ele>
      </trkpt>
      <trkpt lat="-40.1464252" lon="-71.3305512">
        <ele>716.2</ele>
      </trkpt>
      <trkpt lat="-40.1464211" lon="-71.3305029">
        <ele>716.1</ele>
      </trkpt>
      <trkpt lat="-40.146419" lon="-71.3304546">
        <ele>716</ele>
      </trkpt>
      <trkpt lat="-40.146419" lon="-71.3304037">
        <ele>715.8</ele>
      </trkpt>
      <trkpt lat="-40.1464211" lon="-71.3303554">
        <ele>715.5</ele>
      </trkpt>
      <trkpt lat="-40.1464293" lon="-71.3303044">
        <ele>715.2</ele>
      </trkpt>
      <trkpt lat="-40.1464375" lon="-71.3302588">
        <ele>715</ele>
      </trkpt>
      <trkpt lat="-40.1464477" lon="-71.3302132">
        <ele>714.8</ele>
      </trkpt>
      <trkpt lat="-40.14646" lon="-71.3301569">
        <ele>715</ele>
      </trkpt>
      <trkpt lat="-40.1464703" lon="-71.3301274">
        <ele>714.8</ele>
      </trkpt>
      <trkpt lat="-40.1464723" lon="-71.3300952">
        <ele>714.5</ele>
      </trkpt>
      <trkpt lat="-40.1464723" lon="-71.3300657">
        <ele>714.4</ele>
      </trkpt>
      <trkpt lat="-40.1464641" lon="-71.3300335">
        <ele>714.3</ele>
      </trkpt>
      <trkpt lat="-40.1464539" lon="-71.3300067">
        <ele>714.2</ele>
      </trkpt>
      <trkpt lat="-40.1464375" lon="-71.3299826">
        <ele>714.1</ele>
      </trkpt>
      <trkpt lat="-40.1464272" lon="-71.3299718">
        <ele>714</ele>
      </trkpt>
      <trkpt lat="-40.1464149" lon="-71.3299155">
        <ele>713.8</ele>
      </trkpt>
      <trkpt lat="-40.1464026" lon="-71.3298565">
        <ele>713.5</ele>
      </trkpt>
      <trkpt lat="-40.1463924" lon="-71.3297975">
        <ele>713.2</ele>
      </trkpt>
      <trkpt lat="-40.1463862" lon="-71.3297385">
        <ele>713</ele>
      </trkpt>
      <trkpt lat="-40.146378" lon="-71.3296768">
        <ele>712.8</ele>
      </trkpt>
      <trkpt lat="-40.1463719" lon="-71.3296151">
        <ele>712.5</ele>
      </trkpt>
      <trkpt lat="-40.1463678" lon="-71.3295561">
        <ele>712.7</ele>
      </trkpt>
      <trkpt lat="-40.1463678" lon="-71.3294944">
        <ele>712.8</ele>
      </trkpt>
      <trkpt lat="-40.1463801" lon="-71.3294032">
        <ele>713</ele>
      </trkpt>
      <trkpt lat="-40.1464723" lon="-71.3287836">
        <ele>713.8</ele>
      </trkpt>
      <trkpt lat="-40.1464846" lon="-71.3286978">
        <ele>714.5</ele>
      </trkpt>
      <trkpt lat="-40.146499" lon="-71.3286093">
        <ele>715</ele>
      </trkpt>
      <trkpt lat="-40.1465133" lon="-71.3285235">
        <ele>715.2</ele>
      </trkpt>
      <trkpt lat="-40.1465297" lon="-71.3284376">
        <ele>715.5</ele>
      </trkpt>
      <trkpt lat="-40.1468742" lon="-71.3264555">
        <ele>715</ele>
      </trkpt>
      <trkpt lat="-40.1468988" lon="-71.3263053">
        <ele>715</ele>
      </trkpt>
      <trkpt lat="-40.1470074" lon="-71.3256884">
        <ele>716</ele>
      </trkpt>
      <trkpt lat="-40.1470423" lon="-71.3255623">
        <ele>716.5</ele>
      </trkpt>
      <trkpt lat="-40.1470505" lon="-71.3255328">
        <ele>716.6</ele>
      </trkpt>
      <trkpt lat="-40.1470587" lon="-71.3254979">
        <ele>716.6</ele>
      </trkpt>
      <trkpt lat="-40.1470669" lon="-71.3254657">
        <ele>716.7</ele>
      </trkpt>
      <trkpt lat="-40.1470751" lon="-71.3254336">
        <ele>716.8</ele>
      </trkpt>
      <trkpt lat="-40.1470976" lon="-71.3253343">
        <ele>717</ele>
      </trkpt>
      <trkpt lat="-40.1471202" lon="-71.3252431">
        <ele>717.5</ele>
      </trkpt>
      <trkpt lat="-40.1471448" lon="-71.3251519">
        <ele>718</ele>
      </trkpt>
      <trkpt lat="-40.1471735" lon="-71.3250527">
        <ele>718.5</ele>
      </trkpt>
      <trkpt lat="-40.1472022" lon="-71.3249561">
        <ele>718.8</ele>
      </trkpt>
      <trkpt lat="-40.147233" lon="-71.3248649">
        <ele>718.8</ele>
      </trkpt>
      <trkpt lat="-40.1472678" lon="-71.3247737">
        <ele>718.9</ele>
      </trkpt>
      <trkpt lat="-40.1473068" lon="-71.3246825">
        <ele>719</ele>
      </trkpt>
      <trkpt lat="-40.1473478" lon="-71.3245967">
        <ele>719.2</ele>
      </trkpt>
      <trkpt lat="-40.1473908" lon="-71.3245082">
        <ele>719.5</ele>
      </trkpt>
      <trkpt lat="-40.14744" lon="-71.324425">
        <ele>719.8</ele>
      </trkpt>
      <trkpt lat="-40.1474933" lon="-71.3243338">
        <ele>720</ele>
      </trkpt>
      <trkpt lat="-40.1475446" lon="-71.3242507">
        <ele>720.2</ele>
      </trkpt>
      <trkpt lat="-40.1475979" lon="-71.3241675">
        <ele>720.5</ele>
      </trkpt>
      <trkpt lat="-40.1476553" lon="-71.3240951">
        <ele>720.7</ele>
      </trkpt>
      <trkpt lat="-40.1477148" lon="-71.3240281">
        <ele>720.9</ele>
      </trkpt>
      <trkpt lat="-40.1490741" lon="-71.3226414">
        <ele>725.8</ele>
      </trkpt>
      <trkpt lat="-40.1500172" lon="-71.3216811">
        <ele>732</ele>
      </trkpt>
      <trkpt lat="-40.1509356" lon="-71.3207343">
        <ele>734.2</ele>
      </trkpt>
      <trkpt lat="-40.1509602" lon="-71.3207102">
        <ele>734.4</ele>
      </trkpt>
      <trkpt lat="-40.1509889" lon="-71.3206887">
        <ele>734.5</ele>
      </trkpt>
      <trkpt lat="-40.1510217" lon="-71.3206673">
        <ele>734.6</ele>
      </trkpt>
      <trkpt lat="-40.1510443" lon="-71.3206565">
        <ele>734.7</ele>
      </trkpt>
      <trkpt lat="-40.1510668" lon="-71.3206485">
        <ele>734.8</ele>
      </trkpt>
      <trkpt lat="-40.1510955" lon="-71.3206458">
        <ele>734.9</ele>
      </trkpt>
      <trkpt lat="-40.1511365" lon="-71.3206431">
        <ele>735</ele>
      </trkpt>
      <trkpt lat="-40.151157" lon="-71.3206565">
        <ele>735</ele>
      </trkpt>
      <trkpt lat="-40.1511837" lon="-71.3206646">
        <ele>735</ele>
      </trkpt>
      <trkpt lat="-40.1512083" lon="-71.3206673">
        <ele>735.1</ele>
      </trkpt>
      <trkpt lat="-40.151237" lon="-71.3206646">
        <ele>735.1</ele>
      </trkpt>
      <trkpt lat="-40.1512616" lon="-71.3206539">
        <ele>735.1</ele>
      </trkpt>
      <trkpt lat="-40.1512841" lon="-71.3206351">
        <ele>735.2</ele>
      </trkpt>
      <trkpt lat="-40.1513046" lon="-71.3206109">
        <ele>735.2</ele>
      </trkpt>
      <trkpt lat="-40.151319" lon="-71.3205788">
        <ele>735.2</ele>
      </trkpt>
      <trkpt lat="-40.1513313" lon="-71.3205439">
        <ele>735.5</ele>
      </trkpt>
      <trkpt lat="-40.1513374" lon="-71.3205063">
        <ele>735.8</ele>
      </trkpt>
      <trkpt lat="-40.1513395" lon="-71.3204581">
        <ele>736</ele>
      </trkpt>
      <trkpt lat="-40.1513333" lon="-71.3204098">
        <ele>736.2</ele>
      </trkpt>
      <trkpt lat="-40.151321" lon="-71.3203588">
        <ele>736.2</ele>
      </trkpt>
      <trkpt lat="-40.1513067" lon="-71.3203052">
        <ele>736.2</ele>
      </trkpt>
      <trkpt lat="-40.1512882" lon="-71.3202569">
        <ele>736.1</ele>
      </trkpt>
      <trkpt lat="-40.1512452" lon="-71.3201576">
        <ele>736</ele>
      </trkpt>
      <trkpt lat="-40.1512001" lon="-71.3200638">
        <ele>735.8</ele>
      </trkpt>
      <trkpt lat="-40.1511509" lon="-71.3199699">
        <ele>735.5</ele>
      </trkpt>
      <trkpt lat="-40.1511017" lon="-71.319876">
        <ele>735.2</ele>
      </trkpt>
      <trkpt lat="-40.1510484" lon="-71.3197821">
        <ele>735</ele>
      </trkpt>
      <trkpt lat="-40.1509971" lon="-71.3196963">
        <ele>735.1</ele>
      </trkpt>
      <trkpt lat="-40.1509459" lon="-71.3196105">
        <ele>735.2</ele>
      </trkpt>
      <trkpt lat="-40.1508905" lon="-71.31953">
        <ele>735</ele>
      </trkpt>
      <trkpt lat="-40.1508721" lon="-71.3195086">
        <ele>735</ele>
      </trkpt>
      <trkpt lat="-40.1508536" lon="-71.3194898">
        <ele>735</ele>
      </trkpt>
      <trkpt lat="-40.1508311" lon="-71.3194683">
        <ele>735</ele>
      </trkpt>
      <trkpt lat="-40.1508044" lon="-71.3194495">
        <ele>735</ele>
      </trkpt>
      <trkpt lat="-40.1507491" lon="-71.3194281">
        <ele>734.8</ele>
      </trkpt>
      <trkpt lat="-40.1506937" lon="-71.3194039">
        <ele>734.5</ele>
      </trkpt>
      <trkpt lat="-40.1506425" lon="-71.3193744">
        <ele>734.2</ele>
      </trkpt>
      <trkpt lat="-40.1505912" lon="-71.3193369">
        <ele>734</ele>
      </trkpt>
      <trkpt lat="-40.1505399" lon="-71.3192913">
        <ele>733.8</ele>
      </trkpt>
      <trkpt lat="-40.1504907" lon="-71.3192457">
        <ele>733.5</ele>
      </trkpt>
      <trkpt lat="-40.1503903" lon="-71.3191411">
        <ele>734</ele>
      </trkpt>
      <trkpt lat="-40.1484488" lon="-71.3166761">
        <ele>728</ele>
      </trkpt>
      <trkpt lat="-40.148379" lon="-71.3165474">
        <ele>727.8</ele>
      </trkpt>
      <trkpt lat="-40.1483442" lon="-71.3164857">
        <ele>727.5</ele>
      </trkpt>
      <trkpt lat="-40.1483114" lon="-71.316416">
        <ele>727.2</ele>
      </trkpt>
      <trkpt lat="-40.1482827" lon="-71.3163516">
        <ele>727.2</ele>
      </trkpt>
      <trkpt lat="-40.148254" lon="-71.3162792">
        <ele>727.1</ele>
      </trkpt>
      <trkpt lat="-40.1482314" lon="-71.3162094">
        <ele>727.1</ele>
      </trkpt>
      <trkpt lat="-40.1482109" lon="-71.316129">
        <ele>727</ele>
      </trkpt>
      <trkpt lat="-40.1482089" lon="-71.3160807">
        <ele>727</ele>
      </trkpt>
      <trkpt lat="-40.1482007" lon="-71.3160351">
        <ele>727</ele>
      </trkpt>
      <trkpt lat="-40.1481863" lon="-71.3159922">
        <ele>727</ele>
      </trkpt>
      <trkpt lat="-40.1481638" lon="-71.3159546">
        <ele>727</ele>
      </trkpt>
      <trkpt lat="-40.1481351" lon="-71.3159224">
        <ele>727</ele>
      </trkpt>
      <trkpt lat="-40.1481023" lon="-71.315901">
        <ele>727</ele>
      </trkpt>
      <trkpt lat="-40.1480674" lon="-71.3158903">
        <ele>727</ele>
      </trkpt>
      <trkpt lat="-40.1480305" lon="-71.3158876">
        <ele>727</ele>
      </trkpt>
      <trkpt lat="-40.1479813" lon="-71.3158634">
        <ele>726.9</ele>
      </trkpt>
      <trkpt lat="-40.1479382" lon="-71.3158366">
        <ele>726.8</ele>
      </trkpt>
      <trkpt lat="-40.1478931" lon="-71.3158017">
        <ele>726.5</ele>
      </trkpt>
      <trkpt lat="-40.147848" lon="-71.3157561">
        <ele>726.2</ele>
      </trkpt>
      <trkpt lat="-40.147807" lon="-71.3157105">
        <ele>726</ele>
      </trkpt>
      <trkpt lat="-40.1477681" lon="-71.3156596">
        <ele>726</ele>
      </trkpt>
      <trkpt lat="-40.1476902" lon="-71.3155469">
        <ele>726</ele>
      </trkpt>
      <trkpt lat="-40.1476676" lon="-71.3154906">
        <ele>725.9</ele>
      </trkpt>
      <trkpt lat="-40.147641" lon="-71.3154209">
        <ele>725.9</ele>
      </trkpt>
      <trkpt lat="-40.1476205" lon="-71.3153538">
        <ele>725.8</ele>
      </trkpt>
      <trkpt lat="-40.1475979" lon="-71.3152814">
        <ele>725.8</ele>
      </trkpt>
      <trkpt lat="-40.147561" lon="-71.3151473">
        <ele>725.5</ele>
      </trkpt>
      <trkpt lat="-40.1475426" lon="-71.3150775">
        <ele>725.2</ele>
      </trkpt>
      <trkpt lat="-40.1475262" lon="-71.3150078">
        <ele>725.2</ele>
      </trkpt>
      <trkpt lat="-40.1475077" lon="-71.3149273">
        <ele>725.2</ele>
      </trkpt>
      <trkpt lat="-40.1474913" lon="-71.3148469">
        <ele>725.2</ele>
      </trkpt>
      <trkpt lat="-40.1474749" lon="-71.3147584">
        <ele>725.2</ele>
      </trkpt>
      <trkpt lat="-40.1474605" lon="-71.3146725">
        <ele>725.2</ele>
      </trkpt>
      <trkpt lat="-40.1474503" lon="-71.3145867">
        <ele>725.1</ele>
      </trkpt>
      <trkpt lat="-40.14744" lon="-71.3144982">
        <ele>725.1</ele>
      </trkpt>
      <trkpt lat="-40.1474318" lon="-71.3144097">
        <ele>725.1</ele>
      </trkpt>
      <trkpt lat="-40.1474257" lon="-71.3143212">
        <ele>725.1</ele>
      </trkpt>
      <trkpt lat="-40.1474216" lon="-71.3142353">
        <ele>725.1</ele>
      </trkpt>
      <trkpt lat="-40.1474216" lon="-71.3141441">
        <ele>725.1</ele>
      </trkpt>
      <trkpt lat="-40.1474236" lon="-71.3140583">
        <ele>725</ele>
      </trkpt>
      <trkpt lat="-40.1474257" lon="-71.3139671">
        <ele>725</ele>
      </trkpt>
      <trkpt lat="-40.1474298" lon="-71.313884">
        <ele>725</ele>
      </trkpt>
      <trkpt lat="-40.1474359" lon="-71.3137954">
        <ele>724.8</ele>
      </trkpt>
      <trkpt lat="-40.1474441" lon="-71.3137043">
        <ele>724.5</ele>
      </trkpt>
      <trkpt lat="-40.1474544" lon="-71.3136184">
        <ele>724.2</ele>
      </trkpt>
      <trkpt lat="-40.1474646" lon="-71.3135299">
        <ele>724.3</ele>
      </trkpt>
      <trkpt lat="-40.147479" lon="-71.3134468">
        <ele>724.3</ele>
      </trkpt>
      <trkpt lat="-40.1474933" lon="-71.3133582">
        <ele>724.4</ele>
      </trkpt>
      <trkpt lat="-40.1475118" lon="-71.3132671">
        <ele>724.4</ele>
      </trkpt>
      <trkpt lat="-40.1475303" lon="-71.3131759">
        <ele>724.5</ele>
      </trkpt>
      <trkpt lat="-40.1475487" lon="-71.3130873">
        <ele>724.5</ele>
      </trkpt>
      <trkpt lat="-40.1475713" lon="-71.3129881">
        <ele>724.8</ele>
      </trkpt>
      <trkpt lat="-40.1476061" lon="-71.3128379">
        <ele>725</ele>
      </trkpt>
      <trkpt lat="-40.1476451" lon="-71.3126716">
        <ele>725.1</ele>
      </trkpt>
      <trkpt lat="-40.147684" lon="-71.3125053">
        <ele>725.3</ele>
      </trkpt>
      <trkpt lat="-40.148213" lon="-71.3103139">
        <ele>727</ele>
      </trkpt>
      <trkpt lat="-40.1482314" lon="-71.3102335">
        <ele>727.2</ele>
      </trkpt>
      <trkpt lat="-40.1482478" lon="-71.3101503">
        <ele>727.5</ele>
      </trkpt>
      <trkpt lat="-40.1482663" lon="-71.3100618">
        <ele>727.8</ele>
      </trkpt>
      <trkpt lat="-40.1482806" lon="-71.309984">
        <ele>728</ele>
      </trkpt>
      <trkpt lat="-40.1482929" lon="-71.3099116">
        <ele>728.1</ele>
      </trkpt>
      <trkpt lat="-40.1483032" lon="-71.3098392">
        <ele>728.1</ele>
      </trkpt>
      <trkpt lat="-40.1483155" lon="-71.3097614">
        <ele>728.2</ele>
      </trkpt>
      <trkpt lat="-40.1483237" lon="-71.3096863">
        <ele>728.2</ele>
      </trkpt>
      <trkpt lat="-40.1483319" lon="-71.3096085">
        <ele>729</ele>
      </trkpt>
      <trkpt lat="-40.148338" lon="-71.3095281">
        <ele>729.2</ele>
      </trkpt>
      <trkpt lat="-40.1483421" lon="-71.309453">
        <ele>729.5</ele>
      </trkpt>
      <trkpt lat="-40.1483442" lon="-71.3093778">
        <ele>729.8</ele>
      </trkpt>
      <trkpt lat="-40.1483442" lon="-71.3092974">
        <ele>730</ele>
      </trkpt>
      <trkpt lat="-40.1483442" lon="-71.3092196">
        <ele>730.2</ele>
      </trkpt>
      <trkpt lat="-40.1483421" lon="-71.3091391">
        <ele>730.5</ele>
      </trkpt>
      <trkpt lat="-40.1483401" lon="-71.3090613">
        <ele>730.8</ele>
      </trkpt>
      <trkpt lat="-40.1483339" lon="-71.3089836">
        <ele>731</ele>
      </trkpt>
      <trkpt lat="-40.1483278" lon="-71.3089058">
        <ele>731.2</ele>
      </trkpt>
      <trkpt lat="-40.1483196" lon="-71.3088253">
        <ele>731.5</ele>
      </trkpt>
      <trkpt lat="-40.1483093" lon="-71.3087502">
        <ele>732</ele>
      </trkpt>
      <trkpt lat="-40.1482786" lon="-71.3084739">
        <ele>733.2</ele>
      </trkpt>
      <trkpt lat="-40.1482704" lon="-71.3084042">
        <ele>733.8</ele>
      </trkpt>
      <trkpt lat="-40.1482642" lon="-71.3083345">
        <ele>734.2</ele>
      </trkpt>
      <trkpt lat="-40.1482642" lon="-71.3082647">
        <ele>734.8</ele>
      </trkpt>
      <trkpt lat="-40.1482663" lon="-71.3081977">
        <ele>735</ele>
      </trkpt>
      <trkpt lat="-40.1482868" lon="-71.3081574">
        <ele>735.5</ele>
      </trkpt>
      <trkpt lat="-40.1483032" lon="-71.3081145">
        <ele>736</ele>
      </trkpt>
      <trkpt lat="-40.1483093" lon="-71.3080689">
        <ele>736.5</ele>
      </trkpt>
      <trkpt lat="-40.1483093" lon="-71.3080207">
        <ele>737</ele>
      </trkpt>
      <trkpt lat="-40.1483011" lon="-71.3079751">
        <ele>737.2</ele>
      </trkpt>
      <trkpt lat="-40.1482847" lon="-71.3079321">
        <ele>737.5</ele>
      </trkpt>
      <trkpt lat="-40.1482622" lon="-71.3078919">
        <ele>737.8</ele>
      </trkpt>
      <trkpt lat="-40.1482335" lon="-71.3078624">
        <ele>738</ele>
      </trkpt>
      <trkpt lat="-40.1482007" lon="-71.3078409">
        <ele>737</ele>
      </trkpt>
      <trkpt lat="-40.1481535" lon="-71.307798">
        <ele>736.5</ele>
      </trkpt>
      <trkpt lat="-40.1481064" lon="-71.3077551">
        <ele>736.2</ele>
      </trkpt>
      <trkpt lat="-40.1480592" lon="-71.3077068">
        <ele>736</ele>
      </trkpt>
      <trkpt lat="-40.1480141" lon="-71.3076559">
        <ele>735.8</ele>
      </trkpt>
      <trkpt lat="-40.1478316" lon="-71.3074493">
        <ele>734</ele>
      </trkpt>
      <trkpt lat="-40.1477906" lon="-71.307393">
        <ele>733.5</ele>
      </trkpt>
      <trkpt lat="-40.1477455" lon="-71.3073367">
        <ele>733</ele>
      </trkpt>
      <trkpt lat="-40.1476984" lon="-71.3072804">
        <ele>732.5</ele>
      </trkpt>
      <trkpt lat="-40.1476471" lon="-71.3072214">
        <ele>732.2</ele>
      </trkpt>
      <trkpt lat="-40.1475036" lon="-71.3070604">
        <ele>732</ele>
      </trkpt>
      <trkpt lat="-40.1474503" lon="-71.3070041">
        <ele>731.9</ele>
      </trkpt>
      <trkpt lat="-40.147397" lon="-71.3069531">
        <ele>731.8</ele>
      </trkpt>
      <trkpt lat="-40.1473437" lon="-71.3069022">
        <ele>731.5</ele>
      </trkpt>
      <trkpt lat="-40.1472863" lon="-71.3068566">
        <ele>731.3</ele>
      </trkpt>
      <trkpt lat="-40.1472371" lon="-71.3068163">
        <ele>731.2</ele>
      </trkpt>
      <trkpt lat="-40.147032" lon="-71.3066554">
        <ele>730.5</ele>
      </trkpt>
      <trkpt lat="-40.1466076" lon="-71.3063335">
        <ele>729.2</ele>
      </trkpt>
      <trkpt lat="-40.1463472" lon="-71.3061351">
        <ele>729.5</ele>
      </trkpt>
      <trkpt lat="-40.1461935" lon="-71.3060197">
        <ele>729.7</ele>
      </trkpt>
      <trkpt lat="-40.1460274" lon="-71.3058937">
        <ele>729.9</ele>
      </trkpt>
      <trkpt lat="-40.1458572" lon="-71.3057649">
        <ele>730.1</ele>
      </trkpt>
      <trkpt lat="-40.1456973" lon="-71.3056442">
        <ele>730.3</ele>
      </trkpt>
      <trkpt lat="-40.1455866" lon="-71.3055584">
        <ele>730.4</ele>
      </trkpt>
      <trkpt lat="-40.1452749" lon="-71.3053223">
        <ele>730.8</ele>
      </trkpt>
      <trkpt lat="-40.1451868" lon="-71.3052526">
        <ele>731</ele>
      </trkpt>
      <trkpt lat="-40.1450945" lon="-71.3051748">
        <ele>731.8</ele>
      </trkpt>
      <trkpt lat="-40.1450084" lon="-71.305097">
        <ele>732.5</ele>
      </trkpt>
      <trkpt lat="-40.1449223" lon="-71.3050166">
        <ele>733.2</ele>
      </trkpt>
      <trkpt lat="-40.1448362" lon="-71.3049281">
        <ele>733.5</ele>
      </trkpt>
      <trkpt lat="-40.1447521" lon="-71.3048422">
        <ele>733.8</ele>
      </trkpt>
      <trkpt lat="-40.144668" lon="-71.3047457">
        <ele>734.2</ele>
      </trkpt>
      <trkpt lat="-40.144584" lon="-71.3046518">
        <ele>735</ele>
      </trkpt>
      <trkpt lat="-40.1445061" lon="-71.3045526">
        <ele>735.5</ele>
      </trkpt>
      <trkpt lat="-40.1444364" lon="-71.3044614">
        <ele>735.8</ele>
      </trkpt>
      <trkpt lat="-40.1443646" lon="-71.3043594">
        <ele>736.2</ele>
      </trkpt>
      <trkpt lat="-40.1442969" lon="-71.3042575">
        <ele>736.8</ele>
      </trkpt>
      <trkpt lat="-40.1442313" lon="-71.3041475">
        <ele>737</ele>
      </trkpt>
      <trkpt lat="-40.1441698" lon="-71.3040376">
        <ele>737.2</ele>
      </trkpt>
      <trkpt lat="-40.1439976" lon="-71.3037211">
        <ele>740</ele>
      </trkpt>
      <trkpt lat="-40.1438889" lon="-71.3034716">
        <ele>742.5</ele>
      </trkpt>
      <trkpt lat="-40.1438602" lon="-71.3034019">
        <ele>743.2</ele>
      </trkpt>
      <trkpt lat="-40.1438295" lon="-71.3033375">
        <ele>743.8</ele>
      </trkpt>
      <trkpt lat="-40.1437967" lon="-71.3032731">
        <ele>743.3</ele>
      </trkpt>
      <trkpt lat="-40.1437679" lon="-71.3032168">
        <ele>743</ele>
      </trkpt>
      <trkpt lat="-40.1434214" lon="-71.3025409">
        <ele>742.5</ele>
      </trkpt>
      <trkpt lat="-40.1432513" lon="-71.3022056">
        <ele>742</ele>
      </trkpt>
      <trkpt lat="-40.1427653" lon="-71.3012561">
        <ele>743</ele>
      </trkpt>
      <trkpt lat="-40.1427284" lon="-71.3011783">
        <ele>743.2</ele>
      </trkpt>
      <trkpt lat="-40.1426894" lon="-71.3011059">
        <ele>743.5</ele>
      </trkpt>
      <trkpt lat="-40.1426505" lon="-71.3010308">
        <ele>743.4</ele>
      </trkpt>
      <trkpt lat="-40.1426115" lon="-71.3009611">
        <ele>743.3</ele>
      </trkpt>
      <trkpt lat="-40.1424475" lon="-71.3006794">
        <ele>743</ele>
      </trkpt>
      <trkpt lat="-40.1420969" lon="-71.3000062">
        <ele>742.4</ele>
      </trkpt>
      <trkpt lat="-40.1420087" lon="-71.2998372">
        <ele>742.2</ele>
      </trkpt>
      <trkpt lat="-40.1419164" lon="-71.2996709">
        <ele>741.8</ele>
      </trkpt>
      <trkpt lat="-40.1418221" lon="-71.2995046">
        <ele>742.2</ele>
      </trkpt>
      <trkpt lat="-40.1417299" lon="-71.299341">
        <ele>742</ele>
      </trkpt>
      <trkpt lat="-40.1406124" lon="-71.2973964">
        <ele>738</ele>
      </trkpt>
      <trkpt lat="-40.1403479" lon="-71.2969351">
        <ele>739.8</ele>
      </trkpt>
      <trkpt lat="-40.1396835" lon="-71.295771">
        <ele>742</ele>
      </trkpt>
      <trkpt lat="-40.1396281" lon="-71.2956691">
        <ele>742.1</ele>
      </trkpt>
      <trkpt lat="-40.1395707" lon="-71.2955645">
        <ele>742.1</ele>
      </trkpt>
      <trkpt lat="-40.1395174" lon="-71.2954572">
        <ele>742.2</ele>
      </trkpt>
      <trkpt lat="-40.1394641" lon="-71.2953418">
        <ele>742.2</ele>
      </trkpt>
      <trkpt lat="-40.1394149" lon="-71.2952372">
        <ele>742.1</ele>
      </trkpt>
      <trkpt lat="-40.1393657" lon="-71.2951165">
        <ele>742</ele>
      </trkpt>
      <trkpt lat="-40.1393206" lon="-71.2950012">
        <ele>741.9</ele>
      </trkpt>
      <trkpt lat="-40.1392775" lon="-71.2948832">
        <ele>741.7</ele>
      </trkpt>
      <trkpt lat="-40.1390827" lon="-71.294277">
        <ele>741</ele>
      </trkpt>
      <trkpt lat="-40.1388551" lon="-71.2935555">
        <ele>740.2</ele>
      </trkpt>
      <trkpt lat="-40.1387895" lon="-71.293349">
        <ele>739.8</ele>
      </trkpt>
      <trkpt lat="-40.1385906" lon="-71.2927213">
        <ele>739.5</ele>
      </trkpt>
      <trkpt lat="-40.1385127" lon="-71.2924799">
        <ele>740</ele>
      </trkpt>
      <trkpt lat="-40.138324" lon="-71.2918845">
        <ele>740.5</ele>
      </trkpt>
      <trkpt lat="-40.1382564" lon="-71.2916726">
        <ele>741.2</ele>
      </trkpt>
      <trkpt lat="-40.1382359" lon="-71.2916082">
        <ele>741.5</ele>
      </trkpt>
      <trkpt lat="-40.1381251" lon="-71.2912568">
        <ele>741</ele>
      </trkpt>
      <trkpt lat="-40.137998" lon="-71.2908599">
        <ele>741.5</ele>
      </trkpt>
      <trkpt lat="-40.1379693" lon="-71.2907714">
        <ele>741.8</ele>
      </trkpt>
      <trkpt lat="-40.1379365" lon="-71.2906775">
        <ele>741.8</ele>
      </trkpt>
      <trkpt lat="-40.1379016" lon="-71.2905836">
        <ele>741.8</ele>
      </trkpt>
      <trkpt lat="-40.1378668" lon="-71.2904924">
        <ele>741.9</ele>
      </trkpt>
      <trkpt lat="-40.1378319" lon="-71.2904039">
        <ele>741.9</ele>
      </trkpt>
      <trkpt lat="-40.137795" lon="-71.2903181">
        <ele>741.9</ele>
      </trkpt>
      <trkpt lat="-40.1377212" lon="-71.2901464">
        <ele>742</ele>
      </trkpt>
      <trkpt lat="-40.1375674" lon="-71.2897736">
        <ele>741.2</ele>
      </trkpt>
      <trkpt lat="-40.1372598" lon="-71.2890387">
        <ele>741.8</ele>
      </trkpt>
      <trkpt lat="-40.1371983" lon="-71.2888911">
        <ele>742.1</ele>
      </trkpt>
      <trkpt lat="-40.1370281" lon="-71.2884808">
        <ele>743</ele>
      </trkpt>
      <trkpt lat="-40.1369297" lon="-71.2882447">
        <ele>743.2</ele>
      </trkpt>
      <trkpt lat="-40.1368333" lon="-71.2880114">
        <ele>743</ele>
      </trkpt>
      <trkpt lat="-40.1364601" lon="-71.2871209">
        <ele>742.5</ele>
      </trkpt>
      <trkpt lat="-40.1363309" lon="-71.2868097">
        <ele>743</ele>
      </trkpt>
      <trkpt lat="-40.1360951" lon="-71.2862438">
        <ele>744</ele>
      </trkpt>
      <trkpt lat="-40.136052" lon="-71.2861338">
        <ele>744.2</ele>
      </trkpt>
      <trkpt lat="-40.1360069" lon="-71.2860131">
        <ele>744.5</ele>
      </trkpt>
      <trkpt lat="-40.1359618" lon="-71.2858897">
        <ele>744.8</ele>
      </trkpt>
      <trkpt lat="-40.1359187" lon="-71.2857744">
        <ele>745</ele>
      </trkpt>
      <trkpt lat="-40.1358818" lon="-71.2856752">
        <ele>745.2</ele>
      </trkpt>
      <trkpt lat="-40.1358469" lon="-71.2855706">
        <ele>745.5</ele>
      </trkpt>
      <trkpt lat="-40.135808" lon="-71.2854579">
        <ele>745.6</ele>
      </trkpt>
      <trkpt lat="-40.135769" lon="-71.2853426">
        <ele>745.7</ele>
      </trkpt>
      <trkpt lat="-40.1357239" lon="-71.2852004">
        <ele>745.8</ele>
      </trkpt>
      <trkpt lat="-40.1356788" lon="-71.2850583">
        <ele>746.2</ele>
      </trkpt>
      <trkpt lat="-40.1356275" lon="-71.2848812">
        <ele>746.4</ele>
      </trkpt>
      <trkpt lat="-40.1355763" lon="-71.2847042">
        <ele>746.5</ele>
      </trkpt>
      <trkpt lat="-40.1355291" lon="-71.2845191">
        <ele>746.6</ele>
      </trkpt>
      <trkpt lat="-40.1354881" lon="-71.2843394">
        <ele>746.8</ele>
      </trkpt>
      <trkpt lat="-40.1354512" lon="-71.2841785">
        <ele>747.2</ele>
      </trkpt>
      <trkpt lat="-40.1354184" lon="-71.2840283">
        <ele>746.8</ele>
      </trkpt>
      <trkpt lat="-40.1353876" lon="-71.2838808">
        <ele>746.2</ele>
      </trkpt>
      <trkpt lat="-40.1353692" lon="-71.2837815">
        <ele>746.1</ele>
      </trkpt>
      <trkpt lat="-40.1352256" lon="-71.2829554">
        <ele>745.2</ele>
      </trkpt>
      <trkpt lat="-40.1351949" lon="-71.2827757">
        <ele>745.2</ele>
      </trkpt>
      <trkpt lat="-40.1351436" lon="-71.282486">
        <ele>745</ele>
      </trkpt>
      <trkpt lat="-40.134918" lon="-71.2811825">
        <ele>745</ele>
      </trkpt>
      <trkpt lat="-40.1348709" lon="-71.2809035">
        <ele>744.8</ele>
      </trkpt>
      <trkpt lat="-40.134836" lon="-71.2807131">
        <ele>744.5</ele>
      </trkpt>
      <trkpt lat="-40.1348011" lon="-71.2805066">
        <ele>744.6</ele>
      </trkpt>
      <trkpt lat="-40.1347622" lon="-71.2803">
        <ele>744.8</ele>
      </trkpt>
      <trkpt lat="-40.1347212" lon="-71.2800881">
        <ele>745.2</ele>
      </trkpt>
      <trkpt lat="-40.1346843" lon="-71.279887">
        <ele>745</ele>
      </trkpt>
      <trkpt lat="-40.134635" lon="-71.2796536">
        <ele>744.8</ele>
      </trkpt>
      <trkpt lat="-40.1345858" lon="-71.279431">
        <ele>744.2</ele>
      </trkpt>
      <trkpt lat="-40.1345428" lon="-71.2792432">
        <ele>744.5</ele>
      </trkpt>
      <trkpt lat="-40.1344935" lon="-71.2790394">
        <ele>745</ele>
      </trkpt>
      <trkpt lat="-40.1344464" lon="-71.2788463">
        <ele>745.5</ele>
      </trkpt>
      <trkpt lat="-40.1343972" lon="-71.2786531">
        <ele>746.2</ele>
      </trkpt>
      <trkpt lat="-40.1343459" lon="-71.2784573">
        <ele>747</ele>
      </trkpt>
      <trkpt lat="-40.1342926" lon="-71.2782615">
        <ele>747</ele>
      </trkpt>
      <trkpt lat="-40.1340116" lon="-71.2772584">
        <ele>747.8</ele>
      </trkpt>
      <trkpt lat="-40.1339235" lon="-71.2769473">
        <ele>748</ele>
      </trkpt>
      <trkpt lat="-40.1337697" lon="-71.2763947">
        <ele>749</ele>
      </trkpt>
      <trkpt lat="-40.1337369" lon="-71.276274">
        <ele>749.2</ele>
      </trkpt>
      <trkpt lat="-40.13346" lon="-71.2752897">
        <ele>750.5</ele>
      </trkpt>
      <trkpt lat="-40.1333985" lon="-71.275059">
        <ele>750.2</ele>
      </trkpt>
      <trkpt lat="-40.1333411" lon="-71.274823">
        <ele>750.5</ele>
      </trkpt>
      <trkpt lat="-40.1332857" lon="-71.2745923">
        <ele>750.1</ele>
      </trkpt>
      <trkpt lat="-40.1332262" lon="-71.2743348">
        <ele>749.8</ele>
      </trkpt>
      <trkpt lat="-40.1325864" lon="-71.2715694">
        <ele>739.8</ele>
      </trkpt>
      <trkpt lat="-40.1325434" lon="-71.2713924">
        <ele>740</ele>
      </trkpt>
      <trkpt lat="-40.1324982" lon="-71.2712127">
        <ele>740.2</ele>
      </trkpt>
      <trkpt lat="-40.1324511" lon="-71.2710384">
        <ele>740.5</ele>
      </trkpt>
      <trkpt lat="-40.1324039" lon="-71.2708721">
        <ele>740.8</ele>
      </trkpt>
      <trkpt lat="-40.1323506" lon="-71.2706897">
        <ele>740.9</ele>
      </trkpt>
      <trkpt lat="-40.1322932" lon="-71.2705153">
        <ele>741</ele>
      </trkpt>
      <trkpt lat="-40.1322296" lon="-71.270341">
        <ele>741.2</ele>
      </trkpt>
      <trkpt lat="-40.1321681" lon="-71.2701747">
        <ele>740</ele>
      </trkpt>
      <trkpt lat="-40.1320984" lon="-71.2700003">
        <ele>739.8</ele>
      </trkpt>
      <trkpt lat="-40.1320245" lon="-71.269826">
        <ele>739.5</ele>
      </trkpt>
      <trkpt lat="-40.1319548" lon="-71.2696677">
        <ele>739.2</ele>
      </trkpt>
      <trkpt lat="-40.131883" lon="-71.2695149">
        <ele>739.4</ele>
      </trkpt>
      <trkpt lat="-40.1318256" lon="-71.2693915">
        <ele>739.5</ele>
      </trkpt>
      <trkpt lat="-40.1316657" lon="-71.2690535">
        <ele>740.2</ele>
      </trkpt>
      <trkpt lat="-40.1315283" lon="-71.2687638">
        <ele>741.5</ele>
      </trkpt>
      <trkpt lat="-40.1305398" lon="-71.2666771">
        <ele>740</ele>
      </trkpt>
      <trkpt lat="-40.130468" lon="-71.2665215">
        <ele>740.1</ele>
      </trkpt>
      <trkpt lat="-40.1303962" lon="-71.2663659">
        <ele>740.2</ele>
      </trkpt>
      <trkpt lat="-40.1303286" lon="-71.2662077">
        <ele>740.2</ele>
      </trkpt>
      <trkpt lat="-40.130265" lon="-71.2660441">
        <ele>740.8</ele>
      </trkpt>
      <trkpt lat="-40.1301994" lon="-71.2658751">
        <ele>741.2</ele>
      </trkpt>
      <trkpt lat="-40.1301378" lon="-71.2657115">
        <ele>741.8</ele>
      </trkpt>
      <trkpt lat="-40.1300825" lon="-71.2655479">
        <ele>742.5</ele>
      </trkpt>
      <trkpt lat="-40.1300251" lon="-71.2653789">
        <ele>743.5</ele>
      </trkpt>
      <trkpt lat="-40.1299697" lon="-71.2652126">
        <ele>744.5</ele>
      </trkpt>
      <trkpt lat="-40.1297708" lon="-71.2646225">
        <ele>748</ele>
      </trkpt>
      <trkpt lat="-40.1290673" lon="-71.2625813">
        <ele>753</ele>
      </trkpt>
      <trkpt lat="-40.1286018" lon="-71.2612349">
        <ele>748.2</ele>
      </trkpt>
      <trkpt lat="-40.1284829" lon="-71.2608889">
        <ele>746.5</ele>
      </trkpt>
      <trkpt lat="-40.1284316" lon="-71.2607414">
        <ele>745.8</ele>
      </trkpt>
      <trkpt lat="-40.1283783" lon="-71.2605885">
        <ele>745.5</ele>
      </trkpt>
      <trkpt lat="-40.1282224" lon="-71.2601352">
        <ele>745.8</ele>
      </trkpt>
      <trkpt lat="-40.1281957" lon="-71.2600601">
        <ele>745.7</ele>
      </trkpt>
      <trkpt lat="-40.1276441" lon="-71.2584588">
        <ele>744.8</ele>
      </trkpt>
      <trkpt lat="-40.1273672" lon="-71.2576568">
        <ele>743.8</ele>
      </trkpt>
      <trkpt lat="-40.1272277" lon="-71.2572572">
        <ele>742.8</ele>
      </trkpt>
      <trkpt lat="-40.1270801" lon="-71.2568307">
        <ele>742.2</ele>
      </trkpt>
      <trkpt lat="-40.1269591" lon="-71.2564793">
        <ele>741.8</ele>
      </trkpt>
      <trkpt lat="-40.1267478" lon="-71.2558651">
        <ele>741.5</ele>
      </trkpt>
      <trkpt lat="-40.1267232" lon="-71.2557927">
        <ele>741.5</ele>
      </trkpt>
      <trkpt lat="-40.1267007" lon="-71.2557283">
        <ele>741.6</ele>
      </trkpt>
      <trkpt lat="-40.1266576" lon="-71.2555996">
        <ele>741.6</ele>
      </trkpt>
      <trkpt lat="-40.1266186" lon="-71.2554762">
        <ele>741.6</ele>
      </trkpt>
      <trkpt lat="-40.1265715" lon="-71.2553287">
        <ele>741.7</ele>
      </trkpt>
      <trkpt lat="-40.1265284" lon="-71.2551972">
        <ele>741.8</ele>
      </trkpt>
      <trkpt lat="-40.1264874" lon="-71.2550604">
        <ele>742.2</ele>
      </trkpt>
      <trkpt lat="-40.1264484" lon="-71.2549344">
        <ele>742.5</ele>
      </trkpt>
      <trkpt lat="-40.1264115" lon="-71.2548137">
        <ele>742.7</ele>
      </trkpt>
      <trkpt lat="-40.1263725" lon="-71.2546849">
        <ele>742.8</ele>
      </trkpt>
      <trkpt lat="-40.1263356" lon="-71.2545535">
        <ele>743</ele>
      </trkpt>
      <trkpt lat="-40.1263007" lon="-71.2544274">
        <ele>743.2</ele>
      </trkpt>
      <trkpt lat="-40.1262638" lon="-71.2542987">
        <ele>743.6</ele>
      </trkpt>
      <trkpt lat="-40.1260423" lon="-71.2534538">
        <ele>746</ele>
      </trkpt>
      <trkpt lat="-40.1258803" lon="-71.2528396">
        <ele>746</ele>
      </trkpt>
      <trkpt lat="-40.1255481" lon="-71.2515762">
        <ele>746</ele>
      </trkpt>
      <trkpt lat="-40.1254947" lon="-71.2513697">
        <ele>746</ele>
      </trkpt>
      <trkpt lat="-40.1252507" lon="-71.2504417">
        <ele>748.2</ele>
      </trkpt>
      <trkpt lat="-40.1250969" lon="-71.2498543">
        <ele>750</ele>
      </trkpt>
      <trkpt lat="-40.1249861" lon="-71.2494385">
        <ele>751.2</ele>
      </trkpt>
      <trkpt lat="-40.1249348" lon="-71.2492374">
        <ele>751.5</ele>
      </trkpt>
      <trkpt lat="-40.1248302" lon="-71.2488377">
        <ele>751.9</ele>
      </trkpt>
      <trkpt lat="-40.124738" lon="-71.2484917">
        <ele>752.3</ele>
      </trkpt>
      <trkpt lat="-40.1245082" lon="-71.2476173">
        <ele>753.2</ele>
      </trkpt>
      <trkpt lat="-40.1244795" lon="-71.2474966">
        <ele>754</ele>
      </trkpt>
      <trkpt lat="-40.1244508" lon="-71.2473679">
        <ele>754.8</ele>
      </trkpt>
      <trkpt lat="-40.1244221" lon="-71.2472391">
        <ele>755.5</ele>
      </trkpt>
      <trkpt lat="-40.1243954" lon="-71.2471077">
        <ele>756</ele>
      </trkpt>
      <trkpt lat="-40.1243688" lon="-71.2469763">
        <ele>756.5</ele>
      </trkpt>
      <trkpt lat="-40.1243442" lon="-71.2468421">
        <ele>757</ele>
      </trkpt>
      <trkpt lat="-40.1243216" lon="-71.246708">
        <ele>758</ele>
      </trkpt>
      <trkpt lat="-40.1243052" lon="-71.246582">
        <ele>758.8</ele>
      </trkpt>
      <trkpt lat="-40.1242888" lon="-71.2464505">
        <ele>759</ele>
      </trkpt>
      <trkpt lat="-40.1242785" lon="-71.2463433">
        <ele>759.5</ele>
      </trkpt>
      <trkpt lat="-40.1242662" lon="-71.2462279">
        <ele>760</ele>
      </trkpt>
      <trkpt lat="-40.124256" lon="-71.2461099">
        <ele>760.5</ele>
      </trkpt>
      <trkpt lat="-40.1242478" lon="-71.2459865">
        <ele>761</ele>
      </trkpt>
      <trkpt lat="-40.1242416" lon="-71.2458551">
        <ele>762</ele>
      </trkpt>
      <trkpt lat="-40.1242375" lon="-71.2457532">
        <ele>762.5</ele>
      </trkpt>
      <trkpt lat="-40.1242334" lon="-71.2456459">
        <ele>763</ele>
      </trkpt>
      <trkpt lat="-40.1242334" lon="-71.2455171">
        <ele>763.2</ele>
      </trkpt>
      <trkpt lat="-40.1242806" lon="-71.2413758">
        <ele>774</ele>
      </trkpt>
      <trkpt lat="-40.1242806" lon="-71.2412658">
        <ele>774.5</ele>
      </trkpt>
      <trkpt lat="-40.1242785" lon="-71.2411478">
        <ele>774.8</ele>
      </trkpt>
      <trkpt lat="-40.1242724" lon="-71.2410298">
        <ele>774.6</ele>
      </trkpt>
      <trkpt lat="-40.1242642" lon="-71.2409118">
        <ele>774.5</ele>
      </trkpt>
      <trkpt lat="-40.1242519" lon="-71.2407991">
        <ele>774.2</ele>
      </trkpt>
      <trkpt lat="-40.1242314" lon="-71.2406731">
        <ele>774.3</ele>
      </trkpt>
      <trkpt lat="-40.1242047" lon="-71.2405497">
        <ele>774.4</ele>
      </trkpt>
      <trkpt lat="-40.1241801" lon="-71.2404451">
        <ele>774.5</ele>
      </trkpt>
      <trkpt lat="-40.1241473" lon="-71.2403378">
        <ele>774.8</ele>
      </trkpt>
      <trkpt lat="-40.1241124" lon="-71.2402305">
        <ele>775</ele>
      </trkpt>
      <trkpt lat="-40.1240714" lon="-71.2401313">
        <ele>775.3</ele>
      </trkpt>
      <trkpt lat="-40.1240263" lon="-71.2400347">
        <ele>775.6</ele>
      </trkpt>
      <trkpt lat="-40.1235217" lon="-71.239045">
        <ele>779</ele>
      </trkpt>
      <trkpt lat="-40.1234828" lon="-71.2389672">
        <ele>779.1</ele>
      </trkpt>
      <trkpt lat="-40.1234459" lon="-71.2388894">
        <ele>779.2</ele>
      </trkpt>
      <trkpt lat="-40.1234069" lon="-71.2388036">
        <ele>779.8</ele>
      </trkpt>
      <trkpt lat="-40.123372" lon="-71.2387204">
        <ele>780.2</ele>
      </trkpt>
      <trkpt lat="-40.1233372" lon="-71.2386346">
        <ele>780.8</ele>
      </trkpt>
      <trkpt lat="-40.1233023" lon="-71.2385434">
        <ele>781</ele>
      </trkpt>
      <trkpt lat="-40.1232715" lon="-71.2384522">
        <ele>781.2</ele>
      </trkpt>
      <trkpt lat="-40.1232428" lon="-71.2383637">
        <ele>781.5</ele>
      </trkpt>
      <trkpt lat="-40.123212" lon="-71.2382698">
        <ele>781.8</ele>
      </trkpt>
      <trkpt lat="-40.1231874" lon="-71.238184">
        <ele>782</ele>
      </trkpt>
      <trkpt lat="-40.1231628" lon="-71.2380928">
        <ele>782.2</ele>
      </trkpt>
      <trkpt lat="-40.1231382" lon="-71.2379962">
        <ele>782.8</ele>
      </trkpt>
      <trkpt lat="-40.1228777" lon="-71.2367892">
        <ele>792</ele>
      </trkpt>
      <trkpt lat="-40.1228449" lon="-71.2366551">
        <ele>793</ele>
      </trkpt>
      <trkpt lat="-40.1228059" lon="-71.2365103">
        <ele>794</ele>
      </trkpt>
      <trkpt lat="-40.1227608" lon="-71.2363708">
        <ele>794.8</ele>
      </trkpt>
      <trkpt lat="-40.1227157" lon="-71.236234">
        <ele>795.5</ele>
      </trkpt>
      <trkpt lat="-40.1226665" lon="-71.2361026">
        <ele>796.2</ele>
      </trkpt>
      <trkpt lat="-40.1226091" lon="-71.2359685">
        <ele>797</ele>
      </trkpt>
      <trkpt lat="-40.1225537" lon="-71.2358478">
        <ele>797.5</ele>
      </trkpt>
      <trkpt lat="-40.1224921" lon="-71.2357217">
        <ele>797.8</ele>
      </trkpt>
      <trkpt lat="-40.1221619" lon="-71.2351075">
        <ele>800.2</ele>
      </trkpt>
      <trkpt lat="-40.1221004" lon="-71.2350029">
        <ele>800.5</ele>
      </trkpt>
      <trkpt lat="-40.1220348" lon="-71.2349063">
        <ele>800.6</ele>
      </trkpt>
      <trkpt lat="-40.1219589" lon="-71.2348071">
        <ele>800.7</ele>
      </trkpt>
      <trkpt lat="-40.121883" lon="-71.2347159">
        <ele>800.8</ele>
      </trkpt>
      <trkpt lat="-40.121803" lon="-71.2346327">
        <ele>801</ele>
      </trkpt>
      <trkpt lat="-40.1217169" lon="-71.2345549">
        <ele>801.1</ele>
      </trkpt>
      <trkpt lat="-40.1216287" lon="-71.2344852">
        <ele>801.2</ele>
      </trkpt>
      <trkpt lat="-40.1215384" lon="-71.2344262">
        <ele>801.2</ele>
      </trkpt>
      <trkpt lat="-40.1214523" lon="-71.2343806">
        <ele>801.5</ele>
      </trkpt>
      <trkpt lat="-40.1213559" lon="-71.2343431">
        <ele>801.4</ele>
      </trkpt>
      <trkpt lat="-40.1212574" lon="-71.2343189">
        <ele>801.2</ele>
      </trkpt>
      <trkpt lat="-40.1211631" lon="-71.2343001">
        <ele>800.8</ele>
      </trkpt>
      <trkpt lat="-40.1210667" lon="-71.2342894">
        <ele>800.2</ele>
      </trkpt>
      <trkpt lat="-40.1209703" lon="-71.2342867">
        <ele>800</ele>
      </trkpt>
      <trkpt lat="-40.120878" lon="-71.2342921">
        <ele>799.7</ele>
      </trkpt>
      <trkpt lat="-40.1207836" lon="-71.2343028">
        <ele>799.4</ele>
      </trkpt>
      <trkpt lat="-40.119996" lon="-71.2344369">
        <ele>797</ele>
      </trkpt>
      <trkpt lat="-40.1199386" lon="-71.2344423">
        <ele>796.8</ele>
      </trkpt>
      <trkpt lat="-40.1198853" lon="-71.2344477">
        <ele>796.5</ele>
      </trkpt>
      <trkpt lat="-40.1198299" lon="-71.2344477">
        <ele>796.2</ele>
      </trkpt>
      <trkpt lat="-40.1197725" lon="-71.234445">
        <ele>796</ele>
      </trkpt>
      <trkpt lat="-40.1197191" lon="-71.2344396">
        <ele>796</ele>
      </trkpt>
      <trkpt lat="-40.1196699" lon="-71.2344316">
        <ele>796.1</ele>
      </trkpt>
      <trkpt lat="-40.1196166" lon="-71.2344182">
        <ele>796.1</ele>
      </trkpt>
      <trkpt lat="-40.1195653" lon="-71.2343994">
        <ele>796.2</ele>
      </trkpt>
      <trkpt lat="-40.119514" lon="-71.2343806">
        <ele>796.2</ele>
      </trkpt>
      <trkpt lat="-40.1194627" lon="-71.2343538">
        <ele>796.2</ele>
      </trkpt>
      <trkpt lat="-40.1194115" lon="-71.2343243">
        <ele>796.5</ele>
      </trkpt>
      <trkpt lat="-40.1193643" lon="-71.2342894">
        <ele>796.8</ele>
      </trkpt>
      <trkpt lat="-40.1193192" lon="-71.2342492">
        <ele>797</ele>
      </trkpt>
      <trkpt lat="-40.119274" lon="-71.2342009">
        <ele>797.5</ele>
      </trkpt>
      <trkpt lat="-40.119233" lon="-71.2341499">
        <ele>798</ele>
      </trkpt>
      <trkpt lat="-40.1191982" lon="-71.2340936">
        <ele>798.5</ele>
      </trkpt>
      <trkpt lat="-40.1191653" lon="-71.2340373">
        <ele>799</ele>
      </trkpt>
      <trkpt lat="-40.1191346" lon="-71.2339756">
        <ele>799.5</ele>
      </trkpt>
      <trkpt lat="-40.1191038" lon="-71.2339112">
        <ele>800.2</ele>
      </trkpt>
      <trkpt lat="-40.1190771" lon="-71.2338442">
        <ele>801</ele>
      </trkpt>
      <trkpt lat="-40.1190525" lon="-71.2337798">
        <ele>801.5</ele>
      </trkpt>
      <trkpt lat="-40.119032" lon="-71.2337101">
        <ele>802.2</ele>
      </trkpt>
      <trkpt lat="-40.1190136" lon="-71.2336403">
        <ele>803</ele>
      </trkpt>
      <trkpt lat="-40.1189951" lon="-71.2335679">
        <ele>803.8</ele>
      </trkpt>
      <trkpt lat="-40.1189828" lon="-71.2334982">
        <ele>804.5</ele>
      </trkpt>
      <trkpt lat="-40.1189705" lon="-71.2334257">
        <ele>805.2</ele>
      </trkpt>
      <trkpt lat="-40.1189664" lon="-71.233356">
        <ele>806</ele>
      </trkpt>
      <trkpt lat="-40.1189623" lon="-71.2332809">
        <ele>806.8</ele>
      </trkpt>
      <trkpt lat="-40.1189623" lon="-71.2332085">
        <ele>807.5</ele>
      </trkpt>
      <trkpt lat="-40.1189664" lon="-71.2331387">
        <ele>808.2</ele>
      </trkpt>
      <trkpt lat="-40.1189705" lon="-71.2330717">
        <ele>809</ele>
      </trkpt>
      <trkpt lat="-40.1189828" lon="-71.2329993">
        <ele>809.8</ele>
      </trkpt>
      <trkpt lat="-40.1189951" lon="-71.2329376">
        <ele>810.5</ele>
      </trkpt>
      <trkpt lat="-40.1190156" lon="-71.2328705">
        <ele>811.2</ele>
      </trkpt>
      <trkpt lat="-40.1190382" lon="-71.2328115">
        <ele>812</ele>
      </trkpt>
      <trkpt lat="-40.1190628" lon="-71.2327498">
        <ele>812.8</ele>
      </trkpt>
      <trkpt lat="-40.1190894" lon="-71.2326935">
        <ele>813.5</ele>
      </trkpt>
      <trkpt lat="-40.1191182" lon="-71.2326398">
        <ele>814.5</ele>
      </trkpt>
      <trkpt lat="-40.119151" lon="-71.2325862">
        <ele>815.5</ele>
      </trkpt>
      <trkpt lat="-40.1191838" lon="-71.2325326">
        <ele>816.5</ele>
      </trkpt>
      <trkpt lat="-40.1192207" lon="-71.2324789">
        <ele>817.2</ele>
      </trkpt>
      <trkpt lat="-40.1192576" lon="-71.232428">
        <ele>818</ele>
      </trkpt>
      <trkpt lat="-40.1192987" lon="-71.232377">
        <ele>818.8</ele>
      </trkpt>
      <trkpt lat="-40.1193397" lon="-71.2323287">
        <ele>819.5</ele>
      </trkpt>
      <trkpt lat="-40.1193828" lon="-71.2322831">
        <ele>820.2</ele>
      </trkpt>
      <trkpt lat="-40.1194299" lon="-71.2322375">
        <ele>821</ele>
      </trkpt>
      <trkpt lat="-40.1194874" lon="-71.2321812">
        <ele>822</ele>
      </trkpt>
      <trkpt lat="-40.1195407" lon="-71.2321302">
        <ele>823</ele>
      </trkpt>
      <trkpt lat="-40.119594" lon="-71.2320793">
        <ele>824</ele>
      </trkpt>
      <trkpt lat="-40.1196473" lon="-71.2320337">
        <ele>825</ele>
      </trkpt>
      <trkpt lat="-40.1196986" lon="-71.2319881">
        <ele>825.8</ele>
      </trkpt>
      <trkpt lat="-40.119752" lon="-71.2319425">
        <ele>826</ele>
      </trkpt>
      <trkpt lat="-40.1212164" lon="-71.2307596">
        <ele>835.5</ele>
      </trkpt>
      <trkpt lat="-40.1217456" lon="-71.2303305">
        <ele>836.5</ele>
      </trkpt>
      <trkpt lat="-40.1218276" lon="-71.2302607">
        <ele>836.8</ele>
      </trkpt>
      <trkpt lat="-40.1218994" lon="-71.2301964">
        <ele>836.8</ele>
      </trkpt>
      <trkpt lat="-40.1219753" lon="-71.2301239">
        <ele>836.9</ele>
      </trkpt>
      <trkpt lat="-40.1220512" lon="-71.2300542">
        <ele>836.9</ele>
      </trkpt>
      <trkpt lat="-40.122125" lon="-71.2299818">
        <ele>837</ele>
      </trkpt>
      <trkpt lat="-40.1221989" lon="-71.229904">
        <ele>837.2</ele>
      </trkpt>
      <trkpt lat="-40.1222686" lon="-71.2298289">
        <ele>837.2</ele>
      </trkpt>
      <trkpt lat="-40.1223076" lon="-71.2297887">
        <ele>837.2</ele>
      </trkpt>
      <trkpt lat="-40.1223445" lon="-71.2297484">
        <ele>837.1</ele>
      </trkpt>
      <trkpt lat="-40.1224183" lon="-71.2296653">
        <ele>837.1</ele>
      </trkpt>
      <trkpt lat="-40.1224901" lon="-71.2295821">
        <ele>837</ele>
      </trkpt>
      <trkpt lat="-40.122566" lon="-71.2294909">
        <ele>836.8</ele>
      </trkpt>
      <trkpt lat="-40.1226398" lon="-71.2293971">
        <ele>836.5</ele>
      </trkpt>
      <trkpt lat="-40.1227054" lon="-71.2293112">
        <ele>836.6</ele>
      </trkpt>
      <trkpt lat="-40.1227731" lon="-71.2292227">
        <ele>836.8</ele>
      </trkpt>
      <trkpt lat="-40.1228429" lon="-71.2291288">
        <ele>836.8</ele>
      </trkpt>
      <trkpt lat="-40.1229126" lon="-71.229035">
        <ele>836.9</ele>
      </trkpt>
      <trkpt lat="-40.1229823" lon="-71.2289411">
        <ele>837</ele>
      </trkpt>
      <trkpt lat="-40.1230808" lon="-71.2287989">
        <ele>837.1</ele>
      </trkpt>
      <trkpt lat="-40.1231464" lon="-71.228705">
        <ele>837.2</ele>
      </trkpt>
      <trkpt lat="-40.1232059" lon="-71.2286165">
        <ele>837.2</ele>
      </trkpt>
      <trkpt lat="-40.1232613" lon="-71.228528">
        <ele>837.1</ele>
      </trkpt>
      <trkpt lat="-40.1233166" lon="-71.2284368">
        <ele>837</ele>
      </trkpt>
      <trkpt lat="-40.12337" lon="-71.2283483">
        <ele>836.8</ele>
      </trkpt>
      <trkpt lat="-40.1234233" lon="-71.2282571">
        <ele>836.8</ele>
      </trkpt>
      <trkpt lat="-40.1234766" lon="-71.2281632">
        <ele>836.9</ele>
      </trkpt>
      <trkpt lat="-40.1235299" lon="-71.228064">
        <ele>837</ele>
      </trkpt>
      <trkpt lat="-40.1260793" lon="-71.2233138">
        <ele>841.2</ele>
      </trkpt>
      <trkpt lat="-40.1266638" lon="-71.2222221">
        <ele>842.2</ele>
      </trkpt>
      <trkpt lat="-40.1269632" lon="-71.2216669">
        <ele>843.8</ele>
      </trkpt>
      <trkpt lat="-40.1270309" lon="-71.2215301">
        <ele>844.2</ele>
      </trkpt>
      <trkpt lat="-40.1270985" lon="-71.221396">
        <ele>844.8</ele>
      </trkpt>
      <trkpt lat="-40.1271642" lon="-71.2212566">
        <ele>845.2</ele>
      </trkpt>
      <trkpt lat="-40.1272318" lon="-71.221109">
        <ele>845.8</ele>
      </trkpt>
      <trkpt lat="-40.1272954" lon="-71.2209615">
        <ele>846.2</ele>
      </trkpt>
      <trkpt lat="-40.1273528" lon="-71.2208194">
        <ele>846.8</ele>
      </trkpt>
      <trkpt lat="-40.1274062" lon="-71.2206799">
        <ele>847</ele>
      </trkpt>
      <trkpt lat="-40.1274533" lon="-71.2205458">
        <ele>847.2</ele>
      </trkpt>
      <trkpt lat="-40.1277117" lon="-71.219725">
        <ele>849</ele>
      </trkpt>
      <trkpt lat="-40.1277446" lon="-71.2196177">
        <ele>848.9</ele>
      </trkpt>
      <trkpt lat="-40.1277774" lon="-71.2194997">
        <ele>848.8</ele>
      </trkpt>
      <trkpt lat="-40.1278081" lon="-71.2193736">
        <ele>848.8</ele>
      </trkpt>
      <trkpt lat="-40.1278389" lon="-71.2192529">
        <ele>848.5</ele>
      </trkpt>
      <trkpt lat="-40.1278676" lon="-71.2191296">
        <ele>848.2</ele>
      </trkpt>
      <trkpt lat="-40.1278943" lon="-71.2190035">
        <ele>848.4</ele>
      </trkpt>
      <trkpt lat="-40.1279189" lon="-71.2188774">
        <ele>848.5</ele>
      </trkpt>
      <trkpt lat="-40.1279455" lon="-71.2187487">
        <ele>848.8</ele>
      </trkpt>
      <trkpt lat="-40.127966" lon="-71.2186253">
        <ele>849</ele>
      </trkpt>
      <trkpt lat="-40.1279886" lon="-71.2185019">
        <ele>849.2</ele>
      </trkpt>
      <trkpt lat="-40.1280091" lon="-71.2183759">
        <ele>849.5</ele>
      </trkpt>
      <trkpt lat="-40.1280276" lon="-71.2182525">
        <ele>849.6</ele>
      </trkpt>
      <trkpt lat="-40.128044" lon="-71.2181211">
        <ele>849.7</ele>
      </trkpt>
      <trkpt lat="-40.1280583" lon="-71.2179977">
        <ele>849.8</ele>
      </trkpt>
      <trkpt lat="-40.1280727" lon="-71.2178716">
        <ele>850</ele>
      </trkpt>
      <trkpt lat="-40.1280829" lon="-71.2177455">
        <ele>850.2</ele>
      </trkpt>
      <trkpt lat="-40.1280952" lon="-71.2176222">
        <ele>850.3</ele>
      </trkpt>
      <trkpt lat="-40.1281035" lon="-71.2174961">
        <ele>850.4</ele>
      </trkpt>
      <trkpt lat="-40.1281158" lon="-71.2173593">
        <ele>850.5</ele>
      </trkpt>
      <trkpt lat="-40.128126" lon="-71.2172118">
        <ele>851</ele>
      </trkpt>
      <trkpt lat="-40.1281363" lon="-71.2170643">
        <ele>851.2</ele>
      </trkpt>
      <trkpt lat="-40.1281424" lon="-71.2169167">
        <ele>851.5</ele>
      </trkpt>
      <trkpt lat="-40.1281506" lon="-71.2167612">
        <ele>851.8</ele>
      </trkpt>
      <trkpt lat="-40.1281609" lon="-71.2164018">
        <ele>852</ele>
      </trkpt>
      <trkpt lat="-40.1282634" lon="-71.2129819">
        <ele>851.2</ele>
      </trkpt>
      <trkpt lat="-40.1282942" lon="-71.2119439">
        <ele>851</ele>
      </trkpt>
      <trkpt lat="-40.1283003" lon="-71.2117267">
        <ele>850.9</ele>
      </trkpt>
      <trkpt lat="-40.1283106" lon="-71.2114209">
        <ele>850.9</ele>
      </trkpt>
      <trkpt lat="-40.1283372" lon="-71.2105545">
        <ele>850.6</ele>
      </trkpt>
      <trkpt lat="-40.1283516" lon="-71.2100476">
        <ele>850.5</ele>
      </trkpt>
      <trkpt lat="-40.128407" lon="-71.2082264">
        <ele>852</ele>
      </trkpt>
      <trkpt lat="-40.1284849" lon="-71.2056488">
        <ele>851.2</ele>
      </trkpt>
      <trkpt lat="-40.1284993" lon="-71.2051311">
        <ele>851</ele>
      </trkpt>
      <trkpt lat="-40.1285608" lon="-71.2030873">
        <ele>852.2</ele>
      </trkpt>
      <trkpt lat="-40.1285649" lon="-71.2029102">
        <ele>852.4</ele>
      </trkpt>
      <trkpt lat="-40.1285649" lon="-71.2027305">
        <ele>852.5</ele>
      </trkpt>
      <trkpt lat="-40.1285628" lon="-71.2025508">
        <ele>852.6</ele>
      </trkpt>
      <trkpt lat="-40.1285567" lon="-71.2023684">
        <ele>852.8</ele>
      </trkpt>
      <trkpt lat="-40.1285505" lon="-71.2021914">
        <ele>853.2</ele>
      </trkpt>
      <trkpt lat="-40.1285444" lon="-71.202009">
        <ele>853.2</ele>
      </trkpt>
      <trkpt lat="-40.1285321" lon="-71.2018266">
        <ele>853.2</ele>
      </trkpt>
      <trkpt lat="-40.1285218" lon="-71.2016577">
        <ele>853.1</ele>
      </trkpt>
      <trkpt lat="-40.1285075" lon="-71.2014887">
        <ele>853.1</ele>
      </trkpt>
      <trkpt lat="-40.1284911" lon="-71.2013063">
        <ele>853.1</ele>
      </trkpt>
      <trkpt lat="-40.1284705" lon="-71.2011319">
        <ele>853</ele>
      </trkpt>
      <trkpt lat="-40.128448" lon="-71.2009495">
        <ele>853</ele>
      </trkpt>
      <trkpt lat="-40.1284234" lon="-71.2007725">
        <ele>852.8</ele>
      </trkpt>
      <trkpt lat="-40.1283967" lon="-71.2005928">
        <ele>852.5</ele>
      </trkpt>
      <trkpt lat="-40.128368" lon="-71.2004238">
        <ele>852.2</ele>
      </trkpt>
      <trkpt lat="-40.1283372" lon="-71.2002549">
        <ele>851.8</ele>
      </trkpt>
      <trkpt lat="-40.1278348" lon="-71.1979669">
        <ele>849.5</ele>
      </trkpt>
      <trkpt lat="-40.127521" lon="-71.1965078">
        <ele>852.2</ele>
      </trkpt>
      <trkpt lat="-40.1273898" lon="-71.1959016">
        <ele>853</ele>
      </trkpt>
      <trkpt lat="-40.127238" lon="-71.1952016">
        <ele>854</ele>
      </trkpt>
      <trkpt lat="-40.1272134" lon="-71.1950916">
        <ele>854</ele>
      </trkpt>
      <trkpt lat="-40.1270985" lon="-71.1945552">
        <ele>854</ele>
      </trkpt>
      <trkpt lat="-40.1267889" lon="-71.1931229">
        <ele>853</ele>
      </trkpt>
      <trkpt lat="-40.1266063" lon="-71.1922833">
        <ele>852</ele>
      </trkpt>
      <trkpt lat="-40.1263151" lon="-71.1910737">
        <ele>851</ele>
      </trkpt>
      <trkpt lat="-40.1260998" lon="-71.1903709">
        <ele>851.8</ele>
      </trkpt>
      <trkpt lat="-40.1258824" lon="-71.1897513">
        <ele>853.2</ele>
      </trkpt>
      <trkpt lat="-40.1256609" lon="-71.1892256">
        <ele>852.5</ele>
      </trkpt>
      <trkpt lat="-40.1253512" lon="-71.1886194">
        <ele>851.5</ele>
      </trkpt>
      <trkpt lat="-40.1250558" lon="-71.1880937">
        <ele>850.2</ele>
      </trkpt>
      <trkpt lat="-40.1247092" lon="-71.1875492">
        <ele>850</ele>
      </trkpt>
      <trkpt lat="-40.1244775" lon="-71.1871657">
        <ele>850.2</ele>
      </trkpt>
      <trkpt lat="-40.1241493" lon="-71.186766">
        <ele>849</ele>
      </trkpt>
      <trkpt lat="-40.1223158" lon="-71.1845022">
        <ele>848.8</ele>
      </trkpt>
      <trkpt lat="-40.122084" lon="-71.1842152">
        <ele>848.5</ele>
      </trkpt>
      <trkpt lat="-40.1217763" lon="-71.1838183">
        <ele>847.8</ele>
      </trkpt>
      <trkpt lat="-40.1216102" lon="-71.1836118">
        <ele>848.5</ele>
      </trkpt>
      <trkpt lat="-40.1196412" lon="-71.1811575">
        <ele>846</ele>
      </trkpt>
      <trkpt lat="-40.1189971" lon="-71.1803529">
        <ele>844.8</ele>
      </trkpt>
      <trkpt lat="-40.118589" lon="-71.1798432">
        <ele>844.2</ele>
      </trkpt>
      <trkpt lat="-40.1144784" lon="-71.1747095">
        <ele>836.8</ele>
      </trkpt>
      <trkpt lat="-40.1139841" lon="-71.1740926">
        <ele>834.8</ele>
      </trkpt>
      <trkpt lat="-40.1133912" lon="-71.1733282">
        <ele>833.8</ele>
      </trkpt>
      <trkpt lat="-40.113102" lon="-71.1729446">
        <ele>833.5</ele>
      </trkpt>
      <trkpt lat="-40.1128866" lon="-71.1726308">
        <ele>833.2</ele>
      </trkpt>
      <trkpt lat="-40.1127266" lon="-71.1723867">
        <ele>832.8</ele>
      </trkpt>
      <trkpt lat="-40.1125646" lon="-71.1721373">
        <ele>832.5</ele>
      </trkpt>
      <trkpt lat="-40.1123082" lon="-71.1717349">
        <ele>831.5</ele>
      </trkpt>
      <trkpt lat="-40.112103" lon="-71.1713943">
        <ele>831.7</ele>
      </trkpt>
      <trkpt lat="-40.111863" lon="-71.170992">
        <ele>831.9</ele>
      </trkpt>
      <trkpt lat="-40.1116558" lon="-71.1706379">
        <ele>832</ele>
      </trkpt>
      <trkpt lat="-40.1092763" lon="-71.1665529">
        <ele>827.8</ele>
      </trkpt>
      <trkpt lat="-40.1082116" lon="-71.1651286">
        <ele>829.5</ele>
      </trkpt>
      <trkpt lat="-40.107112" lon="-71.1637151">
        <ele>829.8</ele>
      </trkpt>
      <trkpt lat="-40.1048" lon="-71.1608237">
        <ele>829.2</ele>
      </trkpt>
      <trkpt lat="-40.1043035" lon="-71.1602631">
        <ele>830.5</ele>
      </trkpt>
      <trkpt lat="-40.1040101" lon="-71.159952">
        <ele>831.8</ele>
      </trkpt>
      <trkpt lat="-40.1024386" lon="-71.1585304">
        <ele>828.2</ele>
      </trkpt>
      <trkpt lat="-40.1011358" lon="-71.1573502">
        <ele>823</ele>
      </trkpt>
      <trkpt lat="-40.1004321" lon="-71.1566153">
        <ele>821.8</ele>
      </trkpt>
      <trkpt lat="-40.0997263" lon="-71.155749">
        <ele>818.8</ele>
      </trkpt>
      <trkpt lat="-40.092385" lon="-71.1443764">
        <ele>802</ele>
      </trkpt>
      <trkpt lat="-40.0917715" lon="-71.1434296">
        <ele>800.8</ele>
      </trkpt>
      <trkpt lat="-40.0912626" lon="-71.1426383">
        <ele>801.2</ele>
      </trkpt>
      <trkpt lat="-40.0906244" lon="-71.1416379">
        <ele>802</ele>
      </trkpt>
      <trkpt lat="-40.0903392" lon="-71.1412007">
        <ele>802</ele>
      </trkpt>
      <trkpt lat="-40.0902058" lon="-71.1409941">
        <ele>801.9</ele>
      </trkpt>
      <trkpt lat="-40.0899842" lon="-71.1406535">
        <ele>801.9</ele>
      </trkpt>
      <trkpt lat="-40.0896744" lon="-71.1401707">
        <ele>801.8</ele>
      </trkpt>
      <trkpt lat="-40.0875916" lon="-71.1369306">
        <ele>801.5</ele>
      </trkpt>
      <trkpt lat="-40.0868159" lon="-71.1357236">
        <ele>799.8</ele>
      </trkpt>
      <trkpt lat="-40.083551" lon="-71.1305737">
        <ele>791</ele>
      </trkpt>
      <trkpt lat="-40.0830523" lon="-71.1295572">
        <ele>790.4</ele>
      </trkpt>
      <trkpt lat="-40.0826234" lon="-71.1285031">
        <ele>789.8</ele>
      </trkpt>
      <trkpt lat="-40.0803741" lon="-71.1224118">
        <ele>791</ele>
      </trkpt>
      <trkpt lat="-40.0793192" lon="-71.1195874">
        <ele>789.2</ele>
      </trkpt>
      <trkpt lat="-40.0789314" lon="-71.1185601">
        <ele>790.2</ele>
      </trkpt>
      <trkpt lat="-40.0785455" lon="-71.1177287">
        <ele>789.8</ele>
      </trkpt>
      <trkpt lat="-40.0780981" lon="-71.1168301">
        <ele>791.2</ele>
      </trkpt>
      <trkpt lat="-40.0744654" lon="-71.1096793">
        <ele>775.5</ele>
      </trkpt>
      <trkpt lat="-40.0697035" lon="-71.1003131">
        <ele>768.5</ele>
      </trkpt>
      <trkpt lat="-40.0694552" lon="-71.0997793">
        <ele>769</ele>
      </trkpt>
      <trkpt lat="-40.0691514" lon="-71.0991141">
        <ele>770</ele>
      </trkpt>
      <trkpt lat="-40.0688763" lon="-71.0984114">
        <ele>771.8</ele>
      </trkpt>
      <trkpt lat="-40.0686423" lon="-71.0977408">
        <ele>772.2</ele>
      </trkpt>
      <trkpt lat="-40.0684083" lon="-71.0970032">
        <ele>770.8</ele>
      </trkpt>
      <trkpt lat="-40.0681517" lon="-71.0961959">
        <ele>767.8</ele>
      </trkpt>
      <trkpt lat="-40.067967" lon="-71.0956031">
        <ele>766.2</ele>
      </trkpt>
      <trkpt lat="-40.066992" lon="-71.0924757">
        <ele>760.2</ele>
      </trkpt>
      <trkpt lat="-40.066955" lon="-71.0923684">
        <ele>760</ele>
      </trkpt>
      <trkpt lat="-40.0653642" lon="-71.0873419">
        <ele>758.5</ele>
      </trkpt>
      <trkpt lat="-40.0631944" lon="-71.0805666">
        <ele>749.2</ele>
      </trkpt>
      <trkpt lat="-40.0631021" lon="-71.0802689">
        <ele>749.1</ele>
      </trkpt>
      <trkpt lat="-40.0630056" lon="-71.0799846">
        <ele>749</ele>
      </trkpt>
      <trkpt lat="-40.0629112" lon="-71.0797325">
        <ele>748</ele>
      </trkpt>
      <trkpt lat="-40.06279" lon="-71.0794428">
        <ele>747.5</ele>
      </trkpt>
      <trkpt lat="-40.06271" lon="-71.0792738">
        <ele>747.8</ele>
      </trkpt>
      <trkpt lat="-40.0626381" lon="-71.0791209">
        <ele>748</ele>
      </trkpt>
      <trkpt lat="-40.062554" lon="-71.078968">
        <ele>748.1</ele>
      </trkpt>
      <trkpt lat="-40.0624636" lon="-71.0788125">
        <ele>748.2</ele>
      </trkpt>
      <trkpt lat="-40.0623631" lon="-71.0786515">
        <ele>748.2</ele>
      </trkpt>
      <trkpt lat="-40.0622604" lon="-71.0784987">
        <ele>748.1</ele>
      </trkpt>
      <trkpt lat="-40.0621414" lon="-71.0783324">
        <ele>748.1</ele>
      </trkpt>
      <trkpt lat="-40.062012" lon="-71.0781714">
        <ele>748</ele>
      </trkpt>
      <trkpt lat="-40.061893" lon="-71.0780373">
        <ele>748.2</ele>
      </trkpt>
      <trkpt lat="-40.0617985" lon="-71.0779327">
        <ele>747.9</ele>
      </trkpt>
      <trkpt lat="-40.0616651" lon="-71.0777986">
        <ele>747.5</ele>
      </trkpt>
      <trkpt lat="-40.0615317" lon="-71.0776725">
        <ele>747.2</ele>
      </trkpt>
      <trkpt lat="-40.0614003" lon="-71.0775599">
        <ele>747.2</ele>
      </trkpt>
      <trkpt lat="-40.0612812" lon="-71.0774714">
        <ele>747.1</ele>
      </trkpt>
      <trkpt lat="-40.0611724" lon="-71.0773936">
        <ele>747</ele>
      </trkpt>
      <trkpt lat="-40.0610513" lon="-71.0773104">
        <ele>747</ele>
      </trkpt>
      <trkpt lat="-40.0609117" lon="-71.0772273">
        <ele>746.9</ele>
      </trkpt>
      <trkpt lat="-40.0607783" lon="-71.0771522">
        <ele>746.8</ele>
      </trkpt>
      <trkpt lat="-40.060651" lon="-71.0770851">
        <ele>746.8</ele>
      </trkpt>
      <trkpt lat="-40.0605134" lon="-71.0770208">
        <ele>746.2</ele>
      </trkpt>
      <trkpt lat="-40.060378" lon="-71.0769698">
        <ele>746.2</ele>
      </trkpt>
      <trkpt lat="-40.0602322" lon="-71.0769188">
        <ele>746.2</ele>
      </trkpt>
      <trkpt lat="-40.0600906" lon="-71.076884">
        <ele>746.2</ele>
      </trkpt>
      <trkpt lat="-40.0599161" lon="-71.0768437">
        <ele>746.2</ele>
      </trkpt>
      <trkpt lat="-40.0597806" lon="-71.0768142">
        <ele>746.1</ele>
      </trkpt>
      <trkpt lat="-40.0596204" lon="-71.0767981">
        <ele>746.1</ele>
      </trkpt>
      <trkpt lat="-40.0594747" lon="-71.076782">
        <ele>746.1</ele>
      </trkpt>
      <trkpt lat="-40.0593228" lon="-71.0767794">
        <ele>746.1</ele>
      </trkpt>
      <trkpt lat="-40.0591914" lon="-71.0767794">
        <ele>746</ele>
      </trkpt>
      <trkpt lat="-40.0591585" lon="-71.0767794">
        <ele>746</ele>
      </trkpt>
      <trkpt lat="-40.0589923" lon="-71.0767901">
        <ele>746</ele>
      </trkpt>
      <trkpt lat="-40.0588034" lon="-71.0768142">
        <ele>745.5</ele>
      </trkpt>
      <trkpt lat="-40.0586001" lon="-71.0768491">
        <ele>744.8</ele>
      </trkpt>
      <trkpt lat="-40.0583702" lon="-71.0769108">
        <ele>744</ele>
      </trkpt>
      <trkpt lat="-40.0579309" lon="-71.0770315">
        <ele>742.8</ele>
      </trkpt>
      <trkpt lat="-40.0577297" lon="-71.0770851">
        <ele>742.2</ele>
      </trkpt>
      <trkpt lat="-40.0572822" lon="-71.0772085">
        <ele>741</ele>
      </trkpt>
      <trkpt lat="-40.0566006" lon="-71.0773936">
        <ele>744</ele>
      </trkpt>
      <trkpt lat="-40.0561017" lon="-71.0775143">
        <ele>747.5</ele>
      </trkpt>
      <trkpt lat="-40.0557383" lon="-71.0776028">
        <ele>749.5</ele>
      </trkpt>
      <trkpt lat="-40.054915" lon="-71.0778335">
        <ele>752.2</ele>
      </trkpt>
      <trkpt lat="-40.0533486" lon="-71.0782948">
        <ele>754.2</ele>
      </trkpt>
      <trkpt lat="-40.0526751" lon="-71.078504">
        <ele>755</ele>
      </trkpt>
      <trkpt lat="-40.0518252" lon="-71.0788018">
        <ele>755.2</ele>
      </trkpt>
      <trkpt lat="-40.051782" lon="-71.0788178">
        <ele>755</ele>
      </trkpt>
      <trkpt lat="-40.0514741" lon="-71.0789439">
        <ele>754</ele>
      </trkpt>
      <trkpt lat="-40.0510018" lon="-71.0791317">
        <ele>754.5</ele>
      </trkpt>
      <trkpt lat="-40.0504454" lon="-71.0793811">
        <ele>754</ele>
      </trkpt>
      <trkpt lat="-40.0499486" lon="-71.0796225">
        <ele>753.5</ele>
      </trkpt>
      <trkpt lat="-40.0479077" lon="-71.0806552">
        <ele>752.2</ele>
      </trkpt>
      <trkpt lat="-40.0431809" lon="-71.0830477">
        <ele>758.5</ele>
      </trkpt>
      <trkpt lat="-40.0375133" lon="-71.0859177">
        <ele>756</ele>
      </trkpt>
      <trkpt lat="-40.0329296" lon="-71.0882619">
        <ele>756.5</ele>
      </trkpt>
      <trkpt lat="-40.0304179" lon="-71.0895252">
        <ele>757.5</ele>
      </trkpt>
      <trkpt lat="-40.0301078" lon="-71.0896808">
        <ele>758.8</ele>
      </trkpt>
      <trkpt lat="-40.0298018" lon="-71.0898551">
        <ele>760.2</ele>
      </trkpt>
      <trkpt lat="-40.0293294" lon="-71.0901555">
        <ele>761.2</ele>
      </trkpt>
      <trkpt lat="-40.0283887" lon="-71.0907564">
        <ele>762</ele>
      </trkpt>
      <trkpt lat="-40.0277623" lon="-71.0911426">
        <ele>764.2</ele>
      </trkpt>
      <trkpt lat="-40.0274542" lon="-71.0912928">
        <ele>765.2</ele>
      </trkpt>
      <trkpt lat="-40.0271462" lon="-71.0914215">
        <ele>767.5</ele>
      </trkpt>
      <trkpt lat="-40.0265752" lon="-71.0915986">
        <ele>771.5</ele>
      </trkpt>
      <trkpt lat="-40.0262507" lon="-71.0916817">
        <ele>772.5</ele>
      </trkpt>
      <trkpt lat="-40.0258399" lon="-71.0917354">
        <ele>771</ele>
      </trkpt>
      <trkpt lat="-40.0250163" lon="-71.0917863">
        <ele>768</ele>
      </trkpt>
      <trkpt lat="-40.0247349" lon="-71.0917515">
        <ele>765.5</ele>
      </trkpt>
      <trkpt lat="-40.0244206" lon="-71.0916629">
        <ele>763.8</ele>
      </trkpt>
      <trkpt lat="-40.0242152" lon="-71.0915583">
        <ele>763</ele>
      </trkpt>
      <trkpt lat="-40.0240119" lon="-71.0914028">
        <ele>762.9</ele>
      </trkpt>
      <trkpt lat="-40.0237921" lon="-71.0912043">
        <ele>762.8</ele>
      </trkpt>
      <trkpt lat="-40.0235805" lon="-71.0909817">
        <ele>763</ele>
      </trkpt>
      <trkpt lat="-40.023143" lon="-71.0905176">
        <ele>764.8</ele>
      </trkpt>
      <trkpt lat="-40.0228945" lon="-71.0902682">
        <ele>765</ele>
      </trkpt>
      <trkpt lat="-40.0225946" lon="-71.0900456">
        <ele>764.4</ele>
      </trkpt>
      <trkpt lat="-40.0223625" lon="-71.0899034">
        <ele>764</ele>
      </trkpt>
      <trkpt lat="-40.0207624" lon="-71.0890639">
        <ele>764.5</ele>
      </trkpt>
      <trkpt lat="-40.0187145" lon="-71.0879722">
        <ele>765.2</ele>
      </trkpt>
      <trkpt lat="-40.0169438" lon="-71.0870737">
        <ele>761.2</ele>
      </trkpt>
      <trkpt lat="-40.0161755" lon="-71.0866714">
        <ele>761</ele>
      </trkpt>
      <trkpt lat="-40.0129052" lon="-71.0850593">
        <ele>765.5</ele>
      </trkpt>
      <trkpt lat="-40.0124655" lon="-71.0848796">
        <ele>766.5</ele>
      </trkpt>
      <trkpt lat="-40.0119889" lon="-71.084708">
        <ele>767.2</ele>
      </trkpt>
      <trkpt lat="-40.0115205" lon="-71.0845953">
        <ele>767.8</ele>
      </trkpt>
      <trkpt lat="-40.0111508" lon="-71.0845444">
        <ele>768.2</ele>
      </trkpt>
      <trkpt lat="-40.0106207" lon="-71.0845202">
        <ele>769</ele>
      </trkpt>
      <trkpt lat="-40.0098319" lon="-71.0845336">
        <ele>770</ele>
      </trkpt>
      <trkpt lat="-40.0071508" lon="-71.0847187">
        <ele>771.5</ele>
      </trkpt>
      <trkpt lat="-40.0043053" lon="-71.084885">
        <ele>778.5</ele>
      </trkpt>
      <trkpt lat="-40.0038102" lon="-71.0849172">
        <ele>779.5</ele>
      </trkpt>
      <trkpt lat="-40.0031301" lon="-71.0850057">
        <ele>778.2</ele>
      </trkpt>
      <trkpt lat="-40.0025116" lon="-71.0851076">
        <ele>777</ele>
      </trkpt>
      <trkpt lat="-40.0018727" lon="-71.0852498">
        <ele>776.2</ele>
      </trkpt>
      <trkpt lat="-40.0013631" lon="-71.0853839">
        <ele>776.8</ele>
      </trkpt>
      <trkpt lat="-39.9996392" lon="-71.085856">
        <ele>775.5</ele>
      </trkpt>
      <trkpt lat="-39.9967852" lon="-71.0865855">
        <ele>776.5</ele>
      </trkpt>
      <trkpt lat="-39.9964133" lon="-71.0866553">
        <ele>776.7</ele>
      </trkpt>
      <trkpt lat="-39.9959941" lon="-71.0867035">
        <ele>777</ele>
      </trkpt>
      <trkpt lat="-39.9955338" lon="-71.0867304">
        <ele>777.2</ele>
      </trkpt>
      <trkpt lat="-39.9951085" lon="-71.086725">
        <ele>778.8</ele>
      </trkpt>
      <trkpt lat="-39.9947776" lon="-71.0866928">
        <ele>778.6</ele>
      </trkpt>
      <trkpt lat="-39.9944078" lon="-71.0866284">
        <ele>778.4</ele>
      </trkpt>
      <trkpt lat="-39.9942002" lon="-71.0865828">
        <ele>778.3</ele>
      </trkpt>
      <trkpt lat="-39.9863543" lon="-71.0848367">
        <ele>774.8</ele>
      </trkpt>
      <trkpt lat="-39.9855096" lon="-71.0846356">
        <ele>776.3</ele>
      </trkpt>
      <trkpt lat="-39.9851294" lon="-71.0845336">
        <ele>777</ele>
      </trkpt>
      <trkpt lat="-39.9849774" lon="-71.0844907">
        <ele>777.2</ele>
      </trkpt>
      <trkpt lat="-39.9831524" lon="-71.0840669">
        <ele>779</ele>
      </trkpt>
      <trkpt lat="-39.9805278" lon="-71.0835198">
        <ele>779.5</ele>
      </trkpt>
      <trkpt lat="-39.978861" lon="-71.0831738">
        <ele>783.2</ele>
      </trkpt>
      <trkpt lat="-39.9780553" lon="-71.0830128">
        <ele>783.5</ele>
      </trkpt>
      <trkpt lat="-39.9780039" lon="-71.0830021">
        <ele>783.4</ele>
      </trkpt>
      <trkpt lat="-39.9778436" lon="-71.0829726">
        <ele>783.2</ele>
      </trkpt>
      <trkpt lat="-39.9777881" lon="-71.0829592">
        <ele>783</ele>
      </trkpt>
      <trkpt lat="-39.9772804" lon="-71.082868">
        <ele>781.8</ele>
      </trkpt>
      <trkpt lat="-39.9765055" lon="-71.0827312">
        <ele>780.2</ele>
      </trkpt>
      <trkpt lat="-39.9757327" lon="-71.0825837">
        <ele>779.5</ele>
      </trkpt>
      <trkpt lat="-39.9740698" lon="-71.0822698">
        <ele>776</ele>
      </trkpt>
      <trkpt lat="-39.9729249" lon="-71.082066">
        <ele>775.8</ele>
      </trkpt>
      <trkpt lat="-39.9716012" lon="-71.0818273">
        <ele>775.5</ele>
      </trkpt>
      <trkpt lat="-39.9707851" lon="-71.0816798">
        <ele>775</ele>
      </trkpt>
      <trkpt lat="-39.9700266" lon="-71.0815376">
        <ele>773.2</ele>
      </trkpt>
      <trkpt lat="-39.9673111" lon="-71.081036">
        <ele>771.8</ele>
      </trkpt>
      <trkpt lat="-39.9669185" lon="-71.0809636">
        <ele>772</ele>
      </trkpt>
      <trkpt lat="-39.966421" lon="-71.0808778">
        <ele>772.2</ele>
      </trkpt>
      <trkpt lat="-39.9662463" lon="-71.0808456">
        <ele>772</ele>
      </trkpt>
      <trkpt lat="-39.9660839" lon="-71.0808188">
        <ele>771.8</ele>
      </trkpt>
      <trkpt lat="-39.9641289" lon="-71.080454">
        <ele>772</ele>
      </trkpt>
      <trkpt lat="-39.9626836" lon="-71.0801858">
        <ele>775</ele>
      </trkpt>
      <trkpt lat="-39.9623547" lon="-71.0801214">
        <ele>774.8</ele>
      </trkpt>
      <trkpt lat="-39.96152" lon="-71.0799578">
        <ele>774</ele>
      </trkpt>
      <trkpt lat="-39.9610965" lon="-71.0798478">
        <ele>773.8</ele>
      </trkpt>
      <trkpt lat="-39.9603811" lon="-71.0796118">
        <ele>773</ele>
      </trkpt>
      <trkpt lat="-39.9591907" lon="-71.0791773">
        <ele>775.2</ele>
      </trkpt>
      <trkpt lat="-39.9587405" lon="-71.0790056">
        <ele>777</ele>
      </trkpt>
      <trkpt lat="-39.9583375" lon="-71.0788473">
        <ele>777.5</ele>
      </trkpt>
      <trkpt lat="-39.9580127" lon="-71.0787079">
        <ele>778</ele>
      </trkpt>
      <trkpt lat="-39.9571163" lon="-71.078378">
        <ele>777.2</ele>
      </trkpt>
      <trkpt lat="-39.9565776" lon="-71.0781795">
        <ele>777.7</ele>
      </trkpt>
      <trkpt lat="-39.9560328" lon="-71.077981">
        <ele>778.2</ele>
      </trkpt>
      <trkpt lat="-39.9555126" lon="-71.0777879">
        <ele>778.5</ele>
      </trkpt>
      <trkpt lat="-39.9549842" lon="-71.0775948">
        <ele>778.2</ele>
      </trkpt>
      <trkpt lat="-39.9547025" lon="-71.0774902">
        <ele>778.5</ele>
      </trkpt>
      <trkpt lat="-39.9545956" lon="-71.0774526">
        <ele>778.5</ele>
      </trkpt>
      <trkpt lat="-39.9544866" lon="-71.0774097">
        <ele>778.6</ele>
      </trkpt>
      <trkpt lat="-39.9544105" lon="-71.0773829">
        <ele>778.7</ele>
      </trkpt>
      <trkpt lat="-39.9539767" lon="-71.0772246">
        <ele>779</ele>
      </trkpt>
      <trkpt lat="-39.9534894" lon="-71.0769832">
        <ele>779.8</ele>
      </trkpt>
      <trkpt lat="-39.9533599" lon="-71.0769323">
        <ele>780.2</ele>
      </trkpt>
      <trkpt lat="-39.9523976" lon="-71.0765541">
        <ele>781</ele>
      </trkpt>
      <trkpt lat="-39.9516328" lon="-71.0762778">
        <ele>781</ele>
      </trkpt>
      <trkpt lat="-39.9514847" lon="-71.0762215">
        <ele>781.2</ele>
      </trkpt>
      <trkpt lat="-39.9513634" lon="-71.0761732">
        <ele>781.5</ele>
      </trkpt>
      <trkpt lat="-39.9507178" lon="-71.0759452">
        <ele>782</ele>
      </trkpt>
      <trkpt lat="-39.9504649" lon="-71.0758513">
        <ele>781.5</ele>
      </trkpt>
      <trkpt lat="-39.9503415" lon="-71.075803">
        <ele>781</ele>
      </trkpt>
      <trkpt lat="-39.9502366" lon="-71.0757628">
        <ele>781</ele>
      </trkpt>
      <trkpt lat="-39.9494347" lon="-71.075449">
        <ele>781</ele>
      </trkpt>
      <trkpt lat="-39.9493381" lon="-71.0754114">
        <ele>781</ele>
      </trkpt>
      <trkpt lat="-39.9492969" lon="-71.075398">
        <ele>781</ele>
      </trkpt>
      <trkpt lat="-39.9482483" lon="-71.0750145">
        <ele>781.8</ele>
      </trkpt>
      <trkpt lat="-39.947214" lon="-71.0746229">
        <ele>783.8</ele>
      </trkpt>
      <trkpt lat="-39.946486" lon="-71.0743466">
        <ele>784</ele>
      </trkpt>
      <trkpt lat="-39.9461858" lon="-71.074242">
        <ele>784</ele>
      </trkpt>
      <trkpt lat="-39.945318" lon="-71.0739228">
        <ele>784</ele>
      </trkpt>
      <trkpt lat="-39.9445181" lon="-71.0736787">
        <ele>784</ele>
      </trkpt>
      <trkpt lat="-39.9441068" lon="-71.0735071">
        <ele>782.5</ele>
      </trkpt>
      <trkpt lat="-39.943017" lon="-71.0731182">
        <ele>782.7</ele>
      </trkpt>
      <trkpt lat="-39.9429059" lon="-71.0730806">
        <ele>782.8</ele>
      </trkpt>
      <trkpt lat="-39.942326" lon="-71.0728714">
        <ele>783</ele>
      </trkpt>
      <trkpt lat="-39.9419127" lon="-71.0727239">
        <ele>783.1</ele>
      </trkpt>
      <trkpt lat="-39.9409955" lon="-71.0723966">
        <ele>783.5</ele>
      </trkpt>
      <trkpt lat="-39.9406356" lon="-71.0722598">
        <ele>783</ele>
      </trkpt>
      <trkpt lat="-39.9396855" lon="-71.0718924">
        <ele>783</ele>
      </trkpt>
      <trkpt lat="-39.9389637" lon="-71.0716188">
        <ele>783.8</ele>
      </trkpt>
      <trkpt lat="-39.9389143" lon="-71.0715947">
        <ele>784</ele>
      </trkpt>
      <trkpt lat="-39.9382665" lon="-71.0713452">
        <ele>785.2</ele>
      </trkpt>
      <trkpt lat="-39.9376763" lon="-71.071136">
        <ele>786.5</ele>
      </trkpt>
      <trkpt lat="-39.9375878" lon="-71.0711145">
        <ele>786.8</ele>
      </trkpt>
      <trkpt lat="-39.9369688" lon="-71.0708785">
        <ele>786</ele>
      </trkpt>
      <trkpt lat="-39.935922" lon="-71.0704976">
        <ele>786.2</ele>
      </trkpt>
      <trkpt lat="-39.9351302" lon="-71.0702106">
        <ele>785.5</ele>
      </trkpt>
      <trkpt lat="-39.9333923" lon="-71.0695428">
        <ele>785</ele>
      </trkpt>
      <trkpt lat="-39.9332381" lon="-71.0694972">
        <ele>784.8</ele>
      </trkpt>
      <trkpt lat="-39.9324462" lon="-71.0691994">
        <ele>784.2</ele>
      </trkpt>
      <trkpt lat="-39.9299041" lon="-71.0682446">
        <ele>786</ele>
      </trkpt>
      <trkpt lat="-39.9292623" lon="-71.0680139">
        <ele>786</ele>
      </trkpt>
      <trkpt lat="-39.9290731" lon="-71.0679442">
        <ele>785.2</ele>
      </trkpt>
      <trkpt lat="-39.9289435" lon="-71.0679013">
        <ele>785.2</ele>
      </trkpt>
      <trkpt lat="-39.928816" lon="-71.0678664">
        <ele>785.2</ele>
      </trkpt>
      <trkpt lat="-39.9287091" lon="-71.0678422">
        <ele>785.2</ele>
      </trkpt>
      <trkpt lat="-39.928563" lon="-71.0678181">
        <ele>785.1</ele>
      </trkpt>
      <trkpt lat="-39.9284273" lon="-71.0678074">
        <ele>785.1</ele>
      </trkpt>
      <trkpt lat="-39.9283553" lon="-71.0678047">
        <ele>785.1</ele>
      </trkpt>
      <trkpt lat="-39.9282812" lon="-71.067802">
        <ele>785.1</ele>
      </trkpt>
      <trkpt lat="-39.9281825" lon="-71.0678047">
        <ele>785.1</ele>
      </trkpt>
      <trkpt lat="-39.9280838" lon="-71.0678154">
        <ele>785</ele>
      </trkpt>
      <trkpt lat="-39.9279583" lon="-71.0678315">
        <ele>785</ele>
      </trkpt>
      <trkpt lat="-39.927839" lon="-71.067853">
        <ele>785</ele>
      </trkpt>
      <trkpt lat="-39.9277033" lon="-71.0678852">
        <ele>785.5</ele>
      </trkpt>
      <trkpt lat="-39.9275737" lon="-71.0679308">
        <ele>785.6</ele>
      </trkpt>
      <trkpt lat="-39.9274935" lon="-71.0679576">
        <ele>785.6</ele>
      </trkpt>
      <trkpt lat="-39.927405" lon="-71.0679951">
        <ele>785.6</ele>
      </trkpt>
      <trkpt lat="-39.9273063" lon="-71.0680461">
        <ele>785.7</ele>
      </trkpt>
      <trkpt lat="-39.9271973" lon="-71.0681051">
        <ele>785.7</ele>
      </trkpt>
      <trkpt lat="-39.92708" lon="-71.0681748">
        <ele>785.8</ele>
      </trkpt>
      <trkpt lat="-39.9269628" lon="-71.0682553">
        <ele>785.8</ele>
      </trkpt>
      <trkpt lat="-39.9268558" lon="-71.0683385">
        <ele>785.9</ele>
      </trkpt>
      <trkpt lat="-39.926755" lon="-71.068427">
        <ele>785.9</ele>
      </trkpt>
      <trkpt lat="-39.9266481" lon="-71.0685262">
        <ele>786</ele>
      </trkpt>
      <trkpt lat="-39.9265514" lon="-71.0686281">
        <ele>786.2</ele>
      </trkpt>
      <trkpt lat="-39.9264342" lon="-71.0687649">
        <ele>786.8</ele>
      </trkpt>
      <trkpt lat="-39.9263087" lon="-71.0689205">
        <ele>787</ele>
      </trkpt>
      <trkpt lat="-39.9260721" lon="-71.0692397">
        <ele>786.8</ele>
      </trkpt>
      <trkpt lat="-39.9225506" lon="-71.0739657">
        <ele>794.5</ele>
      </trkpt>
      <trkpt lat="-39.9223675" lon="-71.0742018">
        <ele>795.5</ele>
      </trkpt>
      <trkpt lat="-39.9222523" lon="-71.0743332">
        <ele>796</ele>
      </trkpt>
      <trkpt lat="-39.9220898" lon="-71.0744968">
        <ele>795.8</ele>
      </trkpt>
      <trkpt lat="-39.9219932" lon="-71.0745773">
        <ele>795.7</ele>
      </trkpt>
      <trkpt lat="-39.9218924" lon="-71.0746551">
        <ele>795.6</ele>
      </trkpt>
      <trkpt lat="-39.9217875" lon="-71.0747382">
        <ele>795.5</ele>
      </trkpt>
      <trkpt lat="-39.9216825" lon="-71.0747972">
        <ele>795.2</ele>
      </trkpt>
      <trkpt lat="-39.9215509" lon="-71.0748696">
        <ele>794.8</ele>
      </trkpt>
      <trkpt lat="-39.921448" lon="-71.0749045">
        <ele>794.7</ele>
      </trkpt>
      <trkpt lat="-39.9213143" lon="-71.0749394">
        <ele>794.6</ele>
      </trkpt>
      <trkpt lat="-39.9211827" lon="-71.0749635">
        <ele>794.5</ele>
      </trkpt>
      <trkpt lat="-39.9210922" lon="-71.0749716">
        <ele>794.2</ele>
      </trkpt>
      <trkpt lat="-39.9210017" lon="-71.0749742">
        <ele>794</ele>
      </trkpt>
      <trkpt lat="-39.9209173" lon="-71.0749742">
        <ele>793.8</ele>
      </trkpt>
      <trkpt lat="-39.9208371" lon="-71.0749635">
        <ele>793.5</ele>
      </trkpt>
      <trkpt lat="-39.9206931" lon="-71.0749474">
        <ele>793</ele>
      </trkpt>
      <trkpt lat="-39.9206273" lon="-71.0749313">
        <ele>793</ele>
      </trkpt>
      <trkpt lat="-39.9205429" lon="-71.0749125">
        <ele>792.9</ele>
      </trkpt>
      <trkpt lat="-39.9203969" lon="-71.074867">
        <ele>792.9</ele>
      </trkpt>
      <trkpt lat="-39.9202611" lon="-71.0748053">
        <ele>792.8</ele>
      </trkpt>
      <trkpt lat="-39.9201356" lon="-71.0747409">
        <ele>792.8</ele>
      </trkpt>
      <trkpt lat="-39.9200801" lon="-71.0747114">
        <ele>792.8</ele>
      </trkpt>
      <trkpt lat="-39.9197386" lon="-71.0744995">
        <ele>793</ele>
      </trkpt>
      <trkpt lat="-39.9194239" lon="-71.0742983">
        <ele>792.8</ele>
      </trkpt>
      <trkpt lat="-39.9194012" lon="-71.0742822">
        <ele>792.8</ele>
      </trkpt>
      <trkpt lat="-39.918062" lon="-71.0734051">
        <ele>791.8</ele>
      </trkpt>
      <trkpt lat="-39.9174017" lon="-71.0729706">
        <ele>792.2</ele>
      </trkpt>
      <trkpt lat="-39.9162435" lon="-71.0722277">
        <ele>793</ele>
      </trkpt>
      <trkpt lat="-39.914822" lon="-71.0713533">
        <ele>792.4</ele>
      </trkpt>
      <trkpt lat="-39.9137974" lon="-71.0706639">
        <ele>792</ele>
      </trkpt>
      <trkpt lat="-39.9135794" lon="-71.070511">
        <ele>791.5</ele>
      </trkpt>
      <trkpt lat="-39.9134415" lon="-71.0704198">
        <ele>791.2</ele>
      </trkpt>
      <trkpt lat="-39.9133983" lon="-71.070385">
        <ele>791</ele>
      </trkpt>
      <trkpt lat="-39.9133469" lon="-71.0703474">
        <ele>791</ele>
      </trkpt>
      <trkpt lat="-39.9132481" lon="-71.0702616">
        <ele>791.1</ele>
      </trkpt>
      <trkpt lat="-39.9131473" lon="-71.070165">
        <ele>791.2</ele>
      </trkpt>
      <trkpt lat="-39.9130938" lon="-71.0701087">
        <ele>791.3</ele>
      </trkpt>
      <trkpt lat="-39.9130136" lon="-71.070039">
        <ele>791.4</ele>
      </trkpt>
      <trkpt lat="-39.912956" lon="-71.0700014">
        <ele>791.4</ele>
      </trkpt>
      <trkpt lat="-39.9128758" lon="-71.0699692">
        <ele>791.5</ele>
      </trkpt>
      <trkpt lat="-39.9128038" lon="-71.0699531">
        <ele>791.5</ele>
      </trkpt>
      <trkpt lat="-39.9127153" lon="-71.0699505">
        <ele>791.6</ele>
      </trkpt>
      <trkpt lat="-39.9126145" lon="-71.0699666">
        <ele>791.6</ele>
      </trkpt>
      <trkpt lat="-39.9125198" lon="-71.0700014">
        <ele>791.6</ele>
      </trkpt>
      <trkpt lat="-39.9124437" lon="-71.0700443">
        <ele>791.7</ele>
      </trkpt>
      <trkpt lat="-39.9123676" lon="-71.0701007">
        <ele>791.7</ele>
      </trkpt>
      <trkpt lat="-39.9122853" lon="-71.0701999">
        <ele>791.8</ele>
      </trkpt>
      <trkpt lat="-39.9122071" lon="-71.0702857">
        <ele>791</ele>
      </trkpt>
      <trkpt lat="-39.9119068" lon="-71.0707229">
        <ele>791.8</ele>
      </trkpt>
      <trkpt lat="-39.9117442" lon="-71.0709161">
        <ele>792.2</ele>
      </trkpt>
      <trkpt lat="-39.9115961" lon="-71.0710314">
        <ele>792.5</ele>
      </trkpt>
      <trkpt lat="-39.9114109" lon="-71.0711226">
        <ele>793</ele>
      </trkpt>
      <trkpt lat="-39.9111826" lon="-71.071144">
        <ele>792.8</ele>
      </trkpt>
      <trkpt lat="-39.910874" lon="-71.0710904">
        <ele>792.6</ele>
      </trkpt>
      <trkpt lat="-39.9103288" lon="-71.0708222">
        <ele>792.2</ele>
      </trkpt>
      <trkpt lat="-39.9056336" lon="-71.0684109">
        <ele>797</ele>
      </trkpt>
      <trkpt lat="-39.9054032" lon="-71.0682929">
        <ele>797.8</ele>
      </trkpt>
      <trkpt lat="-39.9027366" lon="-71.0667881">
        <ele>804.8</ele>
      </trkpt>
      <trkpt lat="-39.9018724" lon="-71.066359">
        <ele>809.2</ele>
      </trkpt>
      <trkpt lat="-39.9010822" lon="-71.0659996">
        <ele>814</ele>
      </trkpt>
      <trkpt lat="-39.9007777" lon="-71.0658923">
        <ele>815.8</ele>
      </trkpt>
      <trkpt lat="-39.9004156" lon="-71.0658279">
        <ele>818</ele>
      </trkpt>
      <trkpt lat="-39.8997653" lon="-71.0658064">
        <ele>820.2</ele>
      </trkpt>
      <trkpt lat="-39.8981726" lon="-71.0657716">
        <ele>827</ele>
      </trkpt>
      <trkpt lat="-39.8975985" lon="-71.065726">
        <ele>832.8</ele>
      </trkpt>
      <trkpt lat="-39.897154" lon="-71.0656402">
        <ele>836.8</ele>
      </trkpt>
      <trkpt lat="-39.8965244" lon="-71.0654095">
        <ele>839.5</ele>
      </trkpt>
      <trkpt lat="-39.8943719" lon="-71.064401">
        <ele>840</ele>
      </trkpt>
      <trkpt lat="-39.8922172" lon="-71.0633335">
        <ele>839.2</ele>
      </trkpt>
      <trkpt lat="-39.8912294" lon="-71.0627916">
        <ele>840.2</ele>
      </trkpt>
      <trkpt lat="-39.8903569" lon="-71.0622874">
        <ele>840.8</ele>
      </trkpt>
      <trkpt lat="-39.8871669" lon="-71.060324">
        <ele>841.8</ele>
      </trkpt>
      <trkpt lat="-39.8858785" lon="-71.0593906">
        <ele>843.5</ele>
      </trkpt>
      <trkpt lat="-39.8852611" lon="-71.0588649">
        <ele>845.5</ele>
      </trkpt>
      <trkpt lat="-39.8850923" lon="-71.0587308">
        <ele>845.8</ele>
      </trkpt>
      <trkpt lat="-39.8846972" lon="-71.0584196">
        <ele>846.6</ele>
      </trkpt>
      <trkpt lat="-39.8840385" lon="-71.0577706">
        <ele>848</ele>
      </trkpt>
      <trkpt lat="-39.883384" lon="-71.0570624">
        <ele>848.5</ele>
      </trkpt>
      <trkpt lat="-39.8816613" lon="-71.0552037">
        <ele>852</ele>
      </trkpt>
      <trkpt lat="-39.8755583" lon="-71.0489354">
        <ele>864</ele>
      </trkpt>
      <trkpt lat="-39.8754307" lon="-71.0488066">
        <ele>865</ele>
      </trkpt>
      <trkpt lat="-39.8739733" lon="-71.0473314">
        <ele>870.2</ele>
      </trkpt>
      <trkpt lat="-39.8734587" lon="-71.0468164">
        <ele>869.6</ele>
      </trkpt>
      <trkpt lat="-39.873117" lon="-71.046575">
        <ele>869.2</ele>
      </trkpt>
      <trkpt lat="-39.8728041" lon="-71.046398">
        <ele>868.8</ele>
      </trkpt>
      <trkpt lat="-39.8724047" lon="-71.0462075">
        <ele>868.2</ele>
      </trkpt>
      <trkpt lat="-39.8710543" lon="-71.0456845">
        <ele>872.2</ele>
      </trkpt>
      <trkpt lat="-39.8699839" lon="-71.0452285">
        <ele>875.5</ele>
      </trkpt>
      <trkpt lat="-39.8673406" lon="-71.0439625">
        <ele>863.5</ele>
      </trkpt>
      <trkpt lat="-39.8665459" lon="-71.0436085">
        <ele>856.5</ele>
      </trkpt>
      <trkpt lat="-39.8659407" lon="-71.0434207">
        <ele>852</ele>
      </trkpt>
      <trkpt lat="-39.8653436" lon="-71.0432652">
        <ele>849.8</ele>
      </trkpt>
      <trkpt lat="-39.8639519" lon="-71.0429004">
        <ele>842.2</ele>
      </trkpt>
      <trkpt lat="-39.8635072" lon="-71.0427716">
        <ele>839</ele>
      </trkpt>
      <trkpt lat="-39.8630625" lon="-71.0426322">
        <ele>833.5</ele>
      </trkpt>
      <trkpt lat="-39.8620434" lon="-71.042254">
        <ele>823.8</ele>
      </trkpt>
      <trkpt lat="-39.8619713" lon="-71.0422271">
        <ele>823.5</ele>
      </trkpt>
      <trkpt lat="-39.8609707" lon="-71.0418382">
        <ele>820.8</ele>
      </trkpt>
      <trkpt lat="-39.860666" lon="-71.0417068">
        <ele>820.2</ele>
      </trkpt>
      <trkpt lat="-39.8602542" lon="-71.0414386">
        <ele>819.5</ele>
      </trkpt>
      <trkpt lat="-39.8599248" lon="-71.0411623">
        <ele>819</ele>
      </trkpt>
      <trkpt lat="-39.8582653" lon="-71.0394296">
        <ele>813.2</ele>
      </trkpt>
      <trkpt lat="-39.8574994" lon="-71.0387376">
        <ele>814</ele>
      </trkpt>
      <trkpt lat="-39.8567252" lon="-71.0381368">
        <ele>811.8</ele>
      </trkpt>
      <trkpt lat="-39.856021" lon="-71.0376754">
        <ele>806</ele>
      </trkpt>
      <trkpt lat="-39.8557595" lon="-71.0375628">
        <ele>804</ele>
      </trkpt>
      <trkpt lat="-39.8546662" lon="-71.0371256">
        <ele>800</ele>
      </trkpt>
      <trkpt lat="-39.8539908" lon="-71.0368413">
        <ele>800</ele>
      </trkpt>
      <trkpt lat="-39.853787" lon="-71.0367689">
        <ele>799</ele>
      </trkpt>
      <trkpt lat="-39.8536861" lon="-71.0367313">
        <ele>798.8</ele>
      </trkpt>
      <trkpt lat="-39.8536264" lon="-71.0367098">
        <ele>799</ele>
      </trkpt>
      <trkpt lat="-39.8526442" lon="-71.0363263">
        <ele>798.2</ele>
      </trkpt>
      <trkpt lat="-39.8499096" lon="-71.0352588">
        <ele>796</ele>
      </trkpt>
      <trkpt lat="-39.8497675" lon="-71.0352051">
        <ele>796</ele>
      </trkpt>
      <trkpt lat="-39.8468084" lon="-71.0338962">
        <ele>797</ele>
      </trkpt>
      <trkpt lat="-39.8467322" lon="-71.0338613">
        <ele>796.8</ele>
      </trkpt>
      <trkpt lat="-39.8466251" lon="-71.0338131">
        <ele>797</ele>
      </trkpt>
      <trkpt lat="-39.8446646" lon="-71.0328501">
        <ele>801.5</ele>
      </trkpt>
      <trkpt lat="-39.842665" lon="-71.0319436">
        <ele>801</ele>
      </trkpt>
      <trkpt lat="-39.8421583" lon="-71.0317746">
        <ele>797.8</ele>
      </trkpt>
      <trkpt lat="-39.8415899" lon="-71.0316807">
        <ele>794</ele>
      </trkpt>
      <trkpt lat="-39.8411616" lon="-71.0316995">
        <ele>793.8</ele>
      </trkpt>
      <trkpt lat="-39.8408918" lon="-71.0317531">
        <ele>793</ele>
      </trkpt>
      <trkpt lat="-39.8408115" lon="-71.0317799">
        <ele>792.8</ele>
      </trkpt>
      <trkpt lat="-39.8406982" lon="-71.0318255">
        <ele>793</ele>
      </trkpt>
      <trkpt lat="-39.8395758" lon="-71.0322064">
        <ele>792.8</ele>
      </trkpt>
      <trkpt lat="-39.8389641" lon="-71.0325068">
        <ele>792.8</ele>
      </trkpt>
      <trkpt lat="-39.8383339" lon="-71.0329145">
        <ele>791.8</ele>
      </trkpt>
      <trkpt lat="-39.8381114" lon="-71.033003">
        <ele>792</ele>
      </trkpt>
      <trkpt lat="-39.8378725" lon="-71.0330352">
        <ele>791.5</ele>
      </trkpt>
      <trkpt lat="-39.8376769" lon="-71.0330084">
        <ele>790.8</ele>
      </trkpt>
      <trkpt lat="-39.8374462" lon="-71.0329494">
        <ele>789.8</ele>
      </trkpt>
      <trkpt lat="-39.8372279" lon="-71.0328689">
        <ele>788</ele>
      </trkpt>
      <trkpt lat="-39.8363608" lon="-71.0325229">
        <ele>785</ele>
      </trkpt>
      <trkpt lat="-39.8362022" lon="-71.0324532">
        <ele>785</ele>
      </trkpt>
      <trkpt lat="-39.8354195" lon="-71.0321286">
        <ele>785.8</ele>
      </trkpt>
      <trkpt lat="-39.8348717" lon="-71.0319999">
        <ele>786</ele>
      </trkpt>
      <trkpt lat="-39.8344597" lon="-71.0319248">
        <ele>785.2</ele>
      </trkpt>
      <trkpt lat="-39.8325566" lon="-71.0315788">
        <ele>786</ele>
      </trkpt>
      <trkpt lat="-39.8325051" lon="-71.0315681">
        <ele>786</ele>
      </trkpt>
      <trkpt lat="-39.8324495" lon="-71.0315573">
        <ele>786</ele>
      </trkpt>
      <trkpt lat="-39.8314361" lon="-71.0313722">
        <ele>784.8</ele>
      </trkpt>
      <trkpt lat="-39.8304186" lon="-71.0312086">
        <ele>783</ele>
      </trkpt>
      <trkpt lat="-39.8303465" lon="-71.0312006">
        <ele>782.4</ele>
      </trkpt>
      <trkpt lat="-39.8302888" lon="-71.0311925">
        <ele>782</ele>
      </trkpt>
      <trkpt lat="-39.8286492" lon="-71.0308895">
        <ele>781</ele>
      </trkpt>
      <trkpt lat="-39.8286018" lon="-71.0308787">
        <ele>781</ele>
      </trkpt>
      <trkpt lat="-39.8285359" lon="-71.0308626">
        <ele>781</ele>
      </trkpt>
      <trkpt lat="-39.8271022" lon="-71.0306132">
        <ele>781.8</ele>
      </trkpt>
      <trkpt lat="-39.8235303" lon="-71.0300472">
        <ele>782</ele>
      </trkpt>
      <trkpt lat="-39.8234603" lon="-71.0300338">
        <ele>782.2</ele>
      </trkpt>
      <trkpt lat="-39.8234149" lon="-71.0300231">
        <ele>782</ele>
      </trkpt>
      <trkpt lat="-39.8223808" lon="-71.0298648">
        <ele>785.2</ele>
      </trkpt>
      <trkpt lat="-39.8216001" lon="-71.0297683">
        <ele>787.5</ele>
      </trkpt>
      <trkpt lat="-39.8185037" lon="-71.02972">
        <ele>782</ele>
      </trkpt>
      <trkpt lat="-39.8142103" lon="-71.0297468">
        <ele>773.8</ele>
      </trkpt>
      <trkpt lat="-39.8111569" lon="-71.0298246">
        <ele>774.2</ele>
      </trkpt>
      <trkpt lat="-39.8105099" lon="-71.0298863">
        <ele>774.6</ele>
      </trkpt>
      <trkpt lat="-39.8099248" lon="-71.0299507">
        <ele>775</ele>
      </trkpt>
      <trkpt lat="-39.8094385" lon="-71.0300794">
        <ele>775.2</ele>
      </trkpt>
      <trkpt lat="-39.8089729" lon="-71.0302028">
        <ele>776</ele>
      </trkpt>
      <trkpt lat="-39.808297" lon="-71.0304442">
        <ele>777.2</ele>
      </trkpt>
      <trkpt lat="-39.8075594" lon="-71.0307983">
        <ele>779</ele>
      </trkpt>
      <trkpt lat="-39.8070752" lon="-71.0310638">
        <ele>782.5</ele>
      </trkpt>
      <trkpt lat="-39.8054762" lon="-71.0319355">
        <ele>790.2</ele>
      </trkpt>
      <trkpt lat="-39.8033291" lon="-71.0329896">
        <ele>792</ele>
      </trkpt>
      <trkpt lat="-39.8026347" lon="-71.0332498">
        <ele>792.2</ele>
      </trkpt>
      <trkpt lat="-39.8019011" lon="-71.0334349">
        <ele>791.5</ele>
      </trkpt>
      <trkpt lat="-39.797551" lon="-71.0343307">
        <ele>787.2</ele>
      </trkpt>
      <trkpt lat="-39.7969554" lon="-71.0343844">
        <ele>787</ele>
      </trkpt>
      <trkpt lat="-39.7966257" lon="-71.0343683">
        <ele>786.2</ele>
      </trkpt>
      <trkpt lat="-39.7944082" lon="-71.0340008">
        <ele>781.2</ele>
      </trkpt>
      <trkpt lat="-39.7895176" lon="-71.0330862">
        <ele>778.2</ele>
      </trkpt>
      <trkpt lat="-39.7891817" lon="-71.0331184">
        <ele>778.5</ele>
      </trkpt>
      <trkpt lat="-39.7889385" lon="-71.0331908">
        <ele>778.7</ele>
      </trkpt>
      <trkpt lat="-39.7886953" lon="-71.0333008">
        <ele>778.9</ele>
      </trkpt>
      <trkpt lat="-39.7883531" lon="-71.0335448">
        <ele>779.2</ele>
      </trkpt>
      <trkpt lat="-39.7875308" lon="-71.0341322">
        <ele>780</ele>
      </trkpt>
      <trkpt lat="-39.7863003" lon="-71.035012">
        <ele>780.2</ele>
      </trkpt>
      <trkpt lat="-39.7860777" lon="-71.0351461">
        <ele>779.5</ele>
      </trkpt>
      <trkpt lat="-39.7858716" lon="-71.0352427">
        <ele>778.8</ele>
      </trkpt>
      <trkpt lat="-39.7856799" lon="-71.035299">
        <ele>778</ele>
      </trkpt>
      <trkpt lat="-39.7855418" lon="-71.0353339">
        <ele>777.5</ele>
      </trkpt>
      <trkpt lat="-39.7853501" lon="-71.0353553">
        <ele>776.8</ele>
      </trkpt>
      <trkpt lat="-39.7851976" lon="-71.0353687">
        <ele>775.8</ele>
      </trkpt>
      <trkpt lat="-39.7850739" lon="-71.0353687">
        <ele>775</ele>
      </trkpt>
      <trkpt lat="-39.7849709" lon="-71.035358">
        <ele>774.5</ele>
      </trkpt>
      <trkpt lat="-39.7848389" lon="-71.0353339">
        <ele>774</ele>
      </trkpt>
      <trkpt lat="-39.7846514" lon="-71.0352829">
        <ele>773</ele>
      </trkpt>
      <trkpt lat="-39.7842062" lon="-71.0351166">
        <ele>770.5</ele>
      </trkpt>
      <trkpt lat="-39.7833899" lon="-71.0348162">
        <ele>766.5</ele>
      </trkpt>
      <trkpt lat="-39.7833075" lon="-71.0347787">
        <ele>766.1</ele>
      </trkpt>
      <trkpt lat="-39.782887" lon="-71.0345936">
        <ele>763.9</ele>
      </trkpt>
      <trkpt lat="-39.7826974" lon="-71.0345212">
        <ele>763</ele>
      </trkpt>
      <trkpt lat="-39.7824212" lon="-71.03443">
        <ele>762.5</ele>
      </trkpt>
      <trkpt lat="-39.7822151" lon="-71.0344192">
        <ele>762.7</ele>
      </trkpt>
      <trkpt lat="-39.7820914" lon="-71.0344166">
        <ele>762.8</ele>
      </trkpt>
      <trkpt lat="-39.7819492" lon="-71.0344353">
        <ele>763</ele>
      </trkpt>
      <trkpt lat="-39.7818193" lon="-71.0344782">
        <ele>763.1</ele>
      </trkpt>
      <trkpt lat="-39.7816833" lon="-71.0345533">
        <ele>763.3</ele>
      </trkpt>
      <trkpt lat="-39.7815699" lon="-71.0346419">
        <ele>763.4</ele>
      </trkpt>
      <trkpt lat="-39.7814648" lon="-71.0347545">
        <ele>763.6</ele>
      </trkpt>
      <trkpt lat="-39.7801641" lon="-71.0365462">
        <ele>765.5</ele>
      </trkpt>
      <trkpt lat="-39.7790881" lon="-71.0380188">
        <ele>767</ele>
      </trkpt>
      <trkpt lat="-39.7788985" lon="-71.0382763">
        <ele>767.1</ele>
      </trkpt>
      <trkpt lat="-39.7776328" lon="-71.0400411">
        <ele>767.5</ele>
      </trkpt>
      <trkpt lat="-39.7773133" lon="-71.0404328">
        <ele>768.2</ele>
      </trkpt>
      <trkpt lat="-39.7772803" lon="-71.0404676">
        <ele>768.5</ele>
      </trkpt>
      <trkpt lat="-39.7769958" lon="-71.0407761">
        <ele>769.5</ele>
      </trkpt>
      <trkpt lat="-39.7762702" lon="-71.0414574">
        <ele>775.2</ele>
      </trkpt>
      <trkpt lat="-39.7760208" lon="-71.0416827">
        <ele>778</ele>
      </trkpt>
      <trkpt lat="-39.7759177" lon="-71.041798">
        <ele>779</ele>
      </trkpt>
      <trkpt lat="-39.7757322" lon="-71.0420045">
        <ele>780.2</ele>
      </trkpt>
      <trkpt lat="-39.7750519" lon="-71.042895">
        <ele>782.8</ele>
      </trkpt>
      <trkpt lat="-39.7724441" lon="-71.0465375">
        <ele>781.8</ele>
      </trkpt>
      <trkpt lat="-39.7721102" lon="-71.0470846">
        <ele>780</ele>
      </trkpt>
      <trkpt lat="-39.7719391" lon="-71.0474601">
        <ele>779.5</ele>
      </trkpt>
      <trkpt lat="-39.7718092" lon="-71.0479161">
        <ele>778.8</ele>
      </trkpt>
      <trkpt lat="-39.7717494" lon="-71.0484418">
        <ele>778</ele>
      </trkpt>
      <trkpt lat="-39.7717515" lon="-71.0488281">
        <ele>775.8</ele>
      </trkpt>
      <trkpt lat="-39.7718009" lon="-71.0495818">
        <ele>773.8</ele>
      </trkpt>
      <trkpt lat="-39.7718442" lon="-71.0502979">
        <ele>772.2</ele>
      </trkpt>
      <trkpt lat="-39.7718442" lon="-71.050711">
        <ele>771</ele>
      </trkpt>
      <trkpt lat="-39.7717762" lon="-71.0511214">
        <ele>771.2</ele>
      </trkpt>
      <trkpt lat="-39.7716607" lon="-71.0516524">
        <ele>771.8</ele>
      </trkpt>
      <trkpt lat="-39.7715515" lon="-71.0520789">
        <ele>772</ele>
      </trkpt>
      <trkpt lat="-39.770832" lon="-71.0548845">
        <ele>774.8</ele>
      </trkpt>
      <trkpt lat="-39.7707598" lon="-71.0554799">
        <ele>778.8</ele>
      </trkpt>
      <trkpt lat="-39.7707516" lon="-71.0559145">
        <ele>781.2</ele>
      </trkpt>
      <trkpt lat="-39.7707763" lon="-71.0562095">
        <ele>783.2</ele>
      </trkpt>
      <trkpt lat="-39.7708196" lon="-71.056416">
        <ele>784</ele>
      </trkpt>
      <trkpt lat="-39.7709103" lon="-71.0567191">
        <ele>784.8</ele>
      </trkpt>
      <trkpt lat="-39.7711" lon="-71.0571805">
        <ele>785.8</ele>
      </trkpt>
      <trkpt lat="-39.7718607" lon="-71.0589963">
        <ele>787.2</ele>
      </trkpt>
      <trkpt lat="-39.7722194" lon="-71.0598439">
        <ele>786.2</ele>
      </trkpt>
      <trkpt lat="-39.7725493" lon="-71.0607103">
        <ele>788</ele>
      </trkpt>
      <trkpt lat="-39.7726338" lon="-71.0609892">
        <ele>788.5</ele>
      </trkpt>
      <trkpt lat="-39.7727101" lon="-71.0612923">
        <ele>789.8</ele>
      </trkpt>
      <trkpt lat="-39.7727657" lon="-71.0615847">
        <ele>790</ele>
      </trkpt>
      <trkpt lat="-39.7728317" lon="-71.0620219">
        <ele>789.8</ele>
      </trkpt>
      <trkpt lat="-39.7729162" lon="-71.0629258">
        <ele>789.2</ele>
      </trkpt>
      <trkpt lat="-39.7729471" lon="-71.0635963">
        <ele>788.2</ele>
      </trkpt>
      <trkpt lat="-39.772943" lon="-71.063953">
        <ele>788.5</ele>
      </trkpt>
      <trkpt lat="-39.7728997" lon="-71.0642883">
        <ele>788.4</ele>
      </trkpt>
      <trkpt lat="-39.7728399" lon="-71.0645807">
        <ele>788.3</ele>
      </trkpt>
      <trkpt lat="-39.7727884" lon="-71.0647631">
        <ele>788.2</ele>
      </trkpt>
      <trkpt lat="-39.7727224" lon="-71.0649616">
        <ele>788.1</ele>
      </trkpt>
      <trkpt lat="-39.7726008" lon="-71.0652512">
        <ele>787.8</ele>
      </trkpt>
      <trkpt lat="-39.7724029" lon="-71.0655946">
        <ele>787.5</ele>
      </trkpt>
      <trkpt lat="-39.7721906" lon="-71.0658735">
        <ele>787.2</ele>
      </trkpt>
      <trkpt lat="-39.7719432" lon="-71.0661203">
        <ele>786.8</ele>
      </trkpt>
      <trkpt lat="-39.7716793" lon="-71.0663375">
        <ele>785.2</ele>
      </trkpt>
      <trkpt lat="-39.7714031" lon="-71.0664931">
        <ele>784.5</ele>
      </trkpt>
      <trkpt lat="-39.7711701" lon="-71.0665816">
        <ele>784.7</ele>
      </trkpt>
      <trkpt lat="-39.7709536" lon="-71.0666433">
        <ele>784.8</ele>
      </trkpt>
      <trkpt lat="-39.7706856" lon="-71.0666755">
        <ele>785</ele>
      </trkpt>
      <trkpt lat="-39.7703661" lon="-71.0666755">
        <ele>785.5</ele>
      </trkpt>
      <trkpt lat="-39.7691765" lon="-71.066528">
        <ele>785.2</ele>
      </trkpt>
      <trkpt lat="-39.7689023" lon="-71.066528">
        <ele>785.1</ele>
      </trkpt>
      <trkpt lat="-39.7686714" lon="-71.0665655">
        <ele>785</ele>
      </trkpt>
      <trkpt lat="-39.768589" lon="-71.066587">
        <ele>785</ele>
      </trkpt>
      <trkpt lat="-39.7685148" lon="-71.0666138">
        <ele>784.8</ele>
      </trkpt>
      <trkpt lat="-39.7684179" lon="-71.0666621">
        <ele>784</ele>
      </trkpt>
      <trkpt lat="-39.7680509" lon="-71.0668954">
        <ele>783.5</ele>
      </trkpt>
      <trkpt lat="-39.7665294" lon="-71.0680059">
        <ele>782.5</ele>
      </trkpt>
      <trkpt lat="-39.766385" lon="-71.0681212">
        <ele>782</ele>
      </trkpt>
      <trkpt lat="-39.766282" lon="-71.0682285">
        <ele>781.5</ele>
      </trkpt>
      <trkpt lat="-39.7661727" lon="-71.0683653">
        <ele>781.6</ele>
      </trkpt>
      <trkpt lat="-39.7659686" lon="-71.0686684">
        <ele>781.8</ele>
      </trkpt>
      <trkpt lat="-39.765849" lon="-71.0689098">
        <ele>781.9</ele>
      </trkpt>
      <trkpt lat="-39.7658057" lon="-71.0690063">
        <ele>782</ele>
      </trkpt>
      <trkpt lat="-39.7657851" lon="-71.0690546">
        <ele>782</ele>
      </trkpt>
      <trkpt lat="-39.7657624" lon="-71.0691163">
        <ele>782</ele>
      </trkpt>
      <trkpt lat="-39.7657294" lon="-71.0692129">
        <ele>782.2</ele>
      </trkpt>
      <trkpt lat="-39.7656634" lon="-71.0694435">
        <ele>782.5</ele>
      </trkpt>
      <trkpt lat="-39.7655995" lon="-71.0697359">
        <ele>783.2</ele>
      </trkpt>
      <trkpt lat="-39.7652449" lon="-71.0716939">
        <ele>783</ele>
      </trkpt>
      <trkpt lat="-39.7652243" lon="-71.0718119">
        <ele>783</ele>
      </trkpt>
      <trkpt lat="-39.7652016" lon="-71.0719299">
        <ele>783</ele>
      </trkpt>
      <trkpt lat="-39.765113" lon="-71.0724315">
        <ele>783.5</ele>
      </trkpt>
      <trkpt lat="-39.7649769" lon="-71.0731879">
        <ele>786.2</ele>
      </trkpt>
      <trkpt lat="-39.7646986" lon="-71.0747436">
        <ele>793.8</ele>
      </trkpt>
      <trkpt lat="-39.7639914" lon="-71.078268">
        <ele>815.2</ele>
      </trkpt>
      <trkpt lat="-39.7638182" lon="-71.0790807">
        <ele>819.8</ele>
      </trkpt>
      <trkpt lat="-39.7637027" lon="-71.0794911">
        <ele>822.2</ele>
      </trkpt>
      <trkpt lat="-39.7635295" lon="-71.0800651">
        <ele>822</ele>
      </trkpt>
      <trkpt lat="-39.7634471" lon="-71.0803387">
        <ele>821</ele>
      </trkpt>
      <trkpt lat="-39.7632347" lon="-71.0810065">
        <ele>816.2</ele>
      </trkpt>
      <trkpt lat="-39.7628636" lon="-71.0820097">
        <ele>807.2</ele>
      </trkpt>
      <trkpt lat="-39.7628079" lon="-71.0821572">
        <ele>806.8</ele>
      </trkpt>
      <trkpt lat="-39.7627832" lon="-71.0822162">
        <ele>807</ele>
      </trkpt>
      <trkpt lat="-39.7624244" lon="-71.0830611">
        <ele>805.5</ele>
      </trkpt>
      <trkpt lat="-39.7618265" lon="-71.0844612">
        <ele>812</ele>
      </trkpt>
      <trkpt lat="-39.7617894" lon="-71.084547">
        <ele>812.2</ele>
      </trkpt>
      <trkpt lat="-39.761744" lon="-71.0846302">
        <ele>812.5</ele>
      </trkpt>
      <trkpt lat="-39.7616986" lon="-71.0846972">
        <ele>813</ele>
      </trkpt>
      <trkpt lat="-39.7615667" lon="-71.0848635">
        <ele>813.8</ele>
      </trkpt>
      <trkpt lat="-39.7614182" lon="-71.0850084">
        <ele>813.5</ele>
      </trkpt>
      <trkpt lat="-39.7612595" lon="-71.0851023">
        <ele>812.8</ele>
      </trkpt>
      <trkpt lat="-39.761045" lon="-71.0851827">
        <ele>811.8</ele>
      </trkpt>
      <trkpt lat="-39.7608162" lon="-71.0852149">
        <ele>811</ele>
      </trkpt>
      <trkpt lat="-39.7603873" lon="-71.0851747">
        <ele>810.2</ele>
      </trkpt>
      <trkpt lat="-39.7598141" lon="-71.0850996">
        <ele>810</ele>
      </trkpt>
      <trkpt lat="-39.759311" lon="-71.0850942">
        <ele>810.2</ele>
      </trkpt>
      <trkpt lat="-39.759045" lon="-71.0851586">
        <ele>809.5</ele>
      </trkpt>
      <trkpt lat="-39.75868" lon="-71.0852873">
        <ele>809.4</ele>
      </trkpt>
      <trkpt lat="-39.7582697" lon="-71.0855395">
        <ele>809.2</ele>
      </trkpt>
      <trkpt lat="-39.7579542" lon="-71.0857674">
        <ele>810.8</ele>
      </trkpt>
      <trkpt lat="-39.7576429" lon="-71.0860571">
        <ele>811</ele>
      </trkpt>
      <trkpt lat="-39.7573398" lon="-71.0865158">
        <ele>810.2</ele>
      </trkpt>
      <trkpt lat="-39.7571439" lon="-71.0869315">
        <ele>809.9</ele>
      </trkpt>
      <trkpt lat="-39.7569707" lon="-71.0875109">
        <ele>809.5</ele>
      </trkpt>
      <trkpt lat="-39.7568882" lon="-71.0879856">
        <ele>810.5</ele>
      </trkpt>
      <trkpt lat="-39.7568944" lon="-71.0885972">
        <ele>812</ele>
      </trkpt>
      <trkpt lat="-39.7569026" lon="-71.0891256">
        <ele>812.8</ele>
      </trkpt>
      <trkpt lat="-39.7569212" lon="-71.0895118">
        <ele>812.2</ele>
      </trkpt>
      <trkpt lat="-39.7568841" lon="-71.0897854">
        <ele>812</ele>
      </trkpt>
      <trkpt lat="-39.7567459" lon="-71.0901958">
        <ele>810.8</ele>
      </trkpt>
      <trkpt lat="-39.7565562" lon="-71.0905337">
        <ele>810</ele>
      </trkpt>
      <trkpt lat="-39.75595" lon="-71.0913599">
        <ele>808.2</ele>
      </trkpt>
      <trkpt lat="-39.7557087" lon="-71.0917917">
        <ele>806.8</ele>
      </trkpt>
      <trkpt lat="-39.7554571" lon="-71.0924837">
        <ele>803.8</ele>
      </trkpt>
      <trkpt lat="-39.7546076" lon="-71.0958257">
        <ele>809.2</ele>
      </trkpt>
      <trkpt lat="-39.7543766" lon="-71.0964561">
        <ele>807.5</ele>
      </trkpt>
      <trkpt lat="-39.7539869" lon="-71.0971561">
        <ele>805.5</ele>
      </trkpt>
      <trkpt lat="-39.7530322" lon="-71.0986581">
        <ele>812</ele>
      </trkpt>
      <trkpt lat="-39.7522197" lon="-71.1003962">
        <ele>814</ele>
      </trkpt>
      <trkpt lat="-39.7519186" lon="-71.1009246">
        <ele>813.8</ele>
      </trkpt>
      <trkpt lat="-39.7508319" lon="-71.1024964">
        <ele>813.2</ele>
      </trkpt>
      <trkpt lat="-39.7505246" lon="-71.1031535">
        <ele>815.5</ele>
      </trkpt>
      <trkpt lat="-39.7502441" lon="-71.1039045">
        <ele>821.8</ele>
      </trkpt>
      <trkpt lat="-39.750075" lon="-71.1046422">
        <ele>823.5</ele>
      </trkpt>
      <trkpt lat="-39.7499554" lon="-71.1053663">
        <ele>822</ele>
      </trkpt>
      <trkpt lat="-39.7498812" lon="-71.1062703">
        <ele>821.2</ele>
      </trkpt>
      <trkpt lat="-39.7498771" lon="-71.1072734">
        <ele>820.6</ele>
      </trkpt>
      <trkpt lat="-39.7498853" lon="-71.1093011">
        <ele>819.2</ele>
      </trkpt>
      <trkpt lat="-39.7498626" lon="-71.1099502">
        <ele>818.8</ele>
      </trkpt>
      <trkpt lat="-39.7498379" lon="-71.1104947">
        <ele>819</ele>
      </trkpt>
      <trkpt lat="-39.7498688" lon="-71.1109132">
        <ele>818.8</ele>
      </trkpt>
      <trkpt lat="-39.7499245" lon="-71.1112323">
        <ele>818</ele>
      </trkpt>
      <trkpt lat="-39.7500276" lon="-71.1114898">
        <ele>816.8</ele>
      </trkpt>
      <trkpt lat="-39.7501163" lon="-71.1116669">
        <ele>815.2</ele>
      </trkpt>
      <trkpt lat="-39.7502111" lon="-71.1118251">
        <ele>813.8</ele>
      </trkpt>
      <trkpt lat="-39.7502813" lon="-71.1119217">
        <ele>812.8</ele>
      </trkpt>
      <trkpt lat="-39.7503967" lon="-71.1120424">
        <ele>811.2</ele>
      </trkpt>
      <trkpt lat="-39.7504895" lon="-71.1121282">
        <ele>810.2</ele>
      </trkpt>
      <trkpt lat="-39.7506628" lon="-71.1122543">
        <ele>808.4</ele>
      </trkpt>
      <trkpt lat="-39.7509803" lon="-71.1124527">
        <ele>805</ele>
      </trkpt>
      <trkpt lat="-39.751568" lon="-71.1128578">
        <ele>803</ele>
      </trkpt>
      <trkpt lat="-39.7521248" lon="-71.1133942">
        <ele>803.5</ele>
      </trkpt>
      <trkpt lat="-39.7524506" lon="-71.1138234">
        <ele>805.2</ele>
      </trkpt>
      <trkpt lat="-39.752694" lon="-71.1142606">
        <ele>806.2</ele>
      </trkpt>
      <trkpt lat="-39.7529064" lon="-71.1147326">
        <ele>806.8</ele>
      </trkpt>
      <trkpt lat="-39.7535271" lon="-71.1166611">
        <ele>812</ele>
      </trkpt>
      <trkpt lat="-39.7537456" lon="-71.1171573">
        <ele>813</ele>
      </trkpt>
      <trkpt lat="-39.7540364" lon="-71.1175677">
        <ele>814.8</ele>
      </trkpt>
      <trkpt lat="-39.7547808" lon="-71.1184207">
        <ele>816</ele>
      </trkpt>
      <trkpt lat="-39.7551829" lon="-71.1189947">
        <ele>817</ele>
      </trkpt>
      <trkpt lat="-39.755387" lon="-71.1194506">
        <ele>817.5</ele>
      </trkpt>
      <trkpt lat="-39.7554984" lon="-71.1200434">
        <ele>817.3</ele>
      </trkpt>
      <trkpt lat="-39.7554613" lon="-71.1208588">
        <ele>817</ele>
      </trkpt>
      <trkpt lat="-39.7552076" lon="-71.1218807">
        <ele>812.2</ele>
      </trkpt>
      <trkpt lat="-39.755152" lon="-71.1224011">
        <ele>809.8</ele>
      </trkpt>
      <trkpt lat="-39.7551396" lon="-71.122959">
        <ele>808.8</ele>
      </trkpt>
      <trkpt lat="-39.7552551" lon="-71.1236349">
        <ele>809.1</ele>
      </trkpt>
      <trkpt lat="-39.7555438" lon="-71.1249277">
        <ele>809.8</ele>
      </trkpt>
      <trkpt lat="-39.7556448" lon="-71.1255902">
        <ele>812.5</ele>
      </trkpt>
      <trkpt lat="-39.7556469" lon="-71.1261696">
        <ele>815.2</ele>
      </trkpt>
      <trkpt lat="-39.7555479" lon="-71.1268455">
        <ele>816.5</ele>
      </trkpt>
      <trkpt lat="-39.7550365" lon="-71.1284441">
        <ele>815</ele>
      </trkpt>
      <trkpt lat="-39.754787" lon="-71.1291736">
        <ele>816.2</ele>
      </trkpt>
      <trkpt lat="-39.7547581" lon="-71.1292514">
        <ele>816.5</ele>
      </trkpt>
      <trkpt lat="-39.7545767" lon="-71.1297181">
        <ele>817.2</ele>
      </trkpt>
      <trkpt lat="-39.7544096" lon="-71.1299783">
        <ele>818</ele>
      </trkpt>
      <trkpt lat="-39.754321" lon="-71.1301044">
        <ele>818.2</ele>
      </trkpt>
      <trkpt lat="-39.7541704" lon="-71.1302975">
        <ele>818.5</ele>
      </trkpt>
      <trkpt lat="-39.7539952" lon="-71.1305121">
        <ele>819</ele>
      </trkpt>
      <trkpt lat="-39.749807" lon="-71.1343342">
        <ele>816</ele>
      </trkpt>
      <trkpt lat="-39.7489078" lon="-71.135155">
        <ele>815</ele>
      </trkpt>
      <trkpt lat="-39.7488625" lon="-71.135214">
        <ele>815.2</ele>
      </trkpt>
      <trkpt lat="-39.7486397" lon="-71.1355036">
        <ele>816</ele>
      </trkpt>
      <trkpt lat="-39.7484583" lon="-71.1358926">
        <ele>816.2</ele>
      </trkpt>
      <trkpt lat="-39.7481634" lon="-71.1365175">
        <ele>816.5</ele>
      </trkpt>
      <trkpt lat="-39.747885" lon="-71.137003">
        <ele>816</ele>
      </trkpt>
      <trkpt lat="-39.7477592" lon="-71.1371773">
        <ele>816.1</ele>
      </trkpt>
      <trkpt lat="-39.747623" lon="-71.1373034">
        <ele>816.2</ele>
      </trkpt>
      <trkpt lat="-39.7473488" lon="-71.1374885">
        <ele>816.4</ele>
      </trkpt>
      <trkpt lat="-39.7423909" lon="-71.1402512">
        <ele>819.8</ele>
      </trkpt>
      <trkpt lat="-39.7410771" lon="-71.1409593">
        <ele>820</ele>
      </trkpt>
      <trkpt lat="-39.7408007" lon="-71.141147">
        <ele>820.5</ele>
      </trkpt>
      <trkpt lat="-39.740512" lon="-71.1413991">
        <ele>821</ele>
      </trkpt>
      <trkpt lat="-39.7402356" lon="-71.1416566">
        <ele>821.2</ele>
      </trkpt>
      <trkpt lat="-39.7399592" lon="-71.1420456">
        <ele>821.3</ele>
      </trkpt>
      <trkpt lat="-39.7391652" lon="-71.1435342">
        <ele>822</ele>
      </trkpt>
      <trkpt lat="-39.7386805" lon="-71.1444059">
        <ele>823</ele>
      </trkpt>
      <trkpt lat="-39.7384598" lon="-71.1447707">
        <ele>823.1</ele>
      </trkpt>
      <trkpt lat="-39.7382391" lon="-71.145055">
        <ele>823.1</ele>
      </trkpt>
      <trkpt lat="-39.7380205" lon="-71.1452454">
        <ele>823.2</ele>
      </trkpt>
      <trkpt lat="-39.737742" lon="-71.1454198">
        <ele>823.2</ele>
      </trkpt>
      <trkpt lat="-39.736028" lon="-71.146203">
        <ele>823.6</ele>
      </trkpt>
      <trkpt lat="-39.7353762" lon="-71.1465329">
        <ele>823.8</ele>
      </trkpt>
      <trkpt lat="-39.7349286" lon="-71.1468333">
        <ele>825</ele>
      </trkpt>
      <trkpt lat="-39.7325875" lon="-71.1485714">
        <ele>826.8</ele>
      </trkpt>
      <trkpt lat="-39.7321027" lon="-71.1490005">
        <ele>827.2</ele>
      </trkpt>
      <trkpt lat="-39.7316015" lon="-71.1495209">
        <ele>827.8</ele>
      </trkpt>
      <trkpt lat="-39.7259885" lon="-71.1554432">
        <ele>836</ele>
      </trkpt>
      <trkpt lat="-39.7230138" lon="-71.1585519">
        <ele>836.5</ele>
      </trkpt>
      <trkpt lat="-39.7227064" lon="-71.1588523">
        <ele>836.4</ele>
      </trkpt>
      <trkpt lat="-39.7223412" lon="-71.1591366">
        <ele>836.3</ele>
      </trkpt>
      <trkpt lat="-39.7213551" lon="-71.1598366">
        <ele>836</ele>
      </trkpt>
      <trkpt lat="-39.7207609" lon="-71.1602443">
        <ele>835.9</ele>
      </trkpt>
      <trkpt lat="-39.7196757" lon="-71.1610061">
        <ele>835.8</ele>
      </trkpt>
      <trkpt lat="-39.719292" lon="-71.1612234">
        <ele>836.5</ele>
      </trkpt>
      <trkpt lat="-39.7176869" lon="-71.1619636">
        <ele>838</ele>
      </trkpt>
      <trkpt lat="-39.7174393" lon="-71.1621192">
        <ele>838.8</ele>
      </trkpt>
      <trkpt lat="-39.7171752" lon="-71.1623284">
        <ele>839</ele>
      </trkpt>
      <trkpt lat="-39.7165625" lon="-71.1629963">
        <ele>840.2</ele>
      </trkpt>
      <trkpt lat="-39.7157846" lon="-71.1639512">
        <ele>843</ele>
      </trkpt>
      <trkpt lat="-39.7067822" lon="-71.1749268">
        <ele>852</ele>
      </trkpt>
      <trkpt lat="-39.7056679" lon="-71.1766326">
        <ele>852.5</ele>
      </trkpt>
      <trkpt lat="-39.7051603" lon="-71.1774454">
        <ele>852.8</ele>
      </trkpt>
      <trkpt lat="-39.704989" lon="-71.1779228">
        <ele>853</ele>
      </trkpt>
      <trkpt lat="-39.7048012" lon="-71.1787194">
        <ele>853.8</ele>
      </trkpt>
      <trkpt lat="-39.7045928" lon="-71.1803529">
        <ele>858.8</ele>
      </trkpt>
      <trkpt lat="-39.7044463" lon="-71.1808705">
        <ele>860.2</ele>
      </trkpt>
      <trkpt lat="-39.7042565" lon="-71.1812568">
        <ele>861.8</ele>
      </trkpt>
      <trkpt lat="-39.7039036" lon="-71.1817101">
        <ele>863.5</ele>
      </trkpt>
      <trkpt lat="-39.7036477" lon="-71.1819515">
        <ele>865.2</ele>
      </trkpt>
      <trkpt lat="-39.7033588" lon="-71.1821312">
        <ele>867.2</ele>
      </trkpt>
      <trkpt lat="-39.7019844" lon="-71.1826596">
        <ele>875.5</ele>
      </trkpt>
      <trkpt lat="-39.7016006" lon="-71.1828688">
        <ele>878.8</ele>
      </trkpt>
      <trkpt lat="-39.7012849" lon="-71.1832416">
        <ele>882.5</ele>
      </trkpt>
      <trkpt lat="-39.7010187" lon="-71.1837003">
        <ele>886</ele>
      </trkpt>
      <trkpt lat="-39.7008226" lon="-71.1843145">
        <ele>890.2</ele>
      </trkpt>
      <trkpt lat="-39.7006678" lon="-71.1850736">
        <ele>894.2</ele>
      </trkpt>
      <trkpt lat="-39.7003748" lon="-71.1865622">
        <ele>901</ele>
      </trkpt>
      <trkpt lat="-39.7002303" lon="-71.1869967">
        <ele>902.2</ele>
      </trkpt>
      <trkpt lat="-39.7000425" lon="-71.1874151">
        <ele>904</ele>
      </trkpt>
      <trkpt lat="-39.6998011" lon="-71.1878094">
        <ele>903.8</ele>
      </trkpt>
      <trkpt lat="-39.6994977" lon="-71.1881581">
        <ele>902.8</ele>
      </trkpt>
      <trkpt lat="-39.6990602" lon="-71.1884692">
        <ele>902.2</ele>
      </trkpt>
      <trkpt lat="-39.6979396" lon="-71.1889976">
        <ele>904.2</ele>
      </trkpt>
      <trkpt lat="-39.6977043" lon="-71.1892095">
        <ele>905.2</ele>
      </trkpt>
      <trkpt lat="-39.6971595" lon="-71.1898881">
        <ele>909.2</ele>
      </trkpt>
      <trkpt lat="-39.696786" lon="-71.1902958">
        <ele>912</ele>
      </trkpt>
      <trkpt lat="-39.6966394" lon="-71.1904541">
        <ele>913</ele>
      </trkpt>
      <trkpt lat="-39.6963464" lon="-71.1906847">
        <ele>914.5</ele>
      </trkpt>
      <trkpt lat="-39.6959749" lon="-71.1908376">
        <ele>916</ele>
      </trkpt>
      <trkpt lat="-39.6946045" lon="-71.1911193">
        <ele>919.2</ele>
      </trkpt>
      <trkpt lat="-39.6937542" lon="-71.1912802">
        <ele>918.5</ele>
      </trkpt>
      <trkpt lat="-39.6928729" lon="-71.1914626">
        <ele>915.8</ele>
      </trkpt>
      <trkpt lat="-39.6924457" lon="-71.1916611">
        <ele>915</ele>
      </trkpt>
      <trkpt lat="-39.6921464" lon="-71.1919481">
        <ele>914.8</ele>
      </trkpt>
      <trkpt lat="-39.6912569" lon="-71.1932087">
        <ele>911.5</ele>
      </trkpt>
      <trkpt lat="-39.6848748" lon="-71.2030256">
        <ele>931.8</ele>
      </trkpt>
      <trkpt lat="-39.683145" lon="-71.205681">
        <ele>934.2</ele>
      </trkpt>
      <trkpt lat="-39.6827508" lon="-71.2062791">
        <ele>937.2</ele>
      </trkpt>
      <trkpt lat="-39.6823545" lon="-71.2068021">
        <ele>939.8</ele>
      </trkpt>
      <trkpt lat="-39.6803914" lon="-71.2091544">
        <ele>935.2</ele>
      </trkpt>
      <trkpt lat="-39.6796276" lon="-71.2101254">
        <ele>932.5</ele>
      </trkpt>
      <trkpt lat="-39.6788514" lon="-71.2112063">
        <ele>933.8</ele>
      </trkpt>
      <trkpt lat="-39.6782032" lon="-71.2121934">
        <ele>933.2</ele>
      </trkpt>
      <trkpt lat="-39.6772102" lon="-71.2138698">
        <ele>928.2</ele>
      </trkpt>
      <trkpt lat="-39.6765145" lon="-71.2152055">
        <ele>925.2</ele>
      </trkpt>
      <trkpt lat="-39.6758436" lon="-71.216619">
        <ele>923.2</ele>
      </trkpt>
      <trkpt lat="-39.6681945" lon="-71.2322026">
        <ele>929</ele>
      </trkpt>
      <trkpt lat="-39.6681801" lon="-71.2322322">
        <ele>929</ele>
      </trkpt>
      <trkpt lat="-39.6670879" lon="-71.2344342">
        <ele>929.7</ele>
      </trkpt>
      <trkpt lat="-39.6650583" lon="-71.2385541">
        <ele>930.9</ele>
      </trkpt>
      <trkpt lat="-39.6649922" lon="-71.2386775">
        <ele>931</ele>
      </trkpt>
      <trkpt lat="-39.6649592" lon="-71.2387472">
        <ele>931</ele>
      </trkpt>
      <trkpt lat="-39.6641808" lon="-71.2403136">
        <ele>934</ele>
      </trkpt>
      <trkpt lat="-39.6639908" lon="-71.2407696">
        <ele>934.8</ele>
      </trkpt>
      <trkpt lat="-39.6638008" lon="-71.2412497">
        <ele>935.5</ele>
      </trkpt>
      <trkpt lat="-39.6636274" lon="-71.2420061">
        <ele>937</ele>
      </trkpt>
      <trkpt lat="-39.6635118" lon="-71.2428457">
        <ele>939</ele>
      </trkpt>
      <trkpt lat="-39.6631587" lon="-71.2494546">
        <ele>943.5</ele>
      </trkpt>
      <trkpt lat="-39.6631484" lon="-71.2499911">
        <ele>941.9</ele>
      </trkpt>
      <trkpt lat="-39.6631463" lon="-71.2501171">
        <ele>941.5</ele>
      </trkpt>
      <trkpt lat="-39.6631401" lon="-71.25027">
        <ele>941</ele>
      </trkpt>
      <trkpt lat="-39.6629625" lon="-71.2534297">
        <ele>943</ele>
      </trkpt>
      <trkpt lat="-39.6627932" lon="-71.2562674">
        <ele>948.5</ele>
      </trkpt>
      <trkpt lat="-39.6626982" lon="-71.256887">
        <ele>947.5</ele>
      </trkpt>
      <trkpt lat="-39.6624938" lon="-71.257579">
        <ele>948.5</ele>
      </trkpt>
      <trkpt lat="-39.6623266" lon="-71.2579224">
        <ele>949</ele>
      </trkpt>
      <trkpt lat="-39.6620726" lon="-71.2583247">
        <ele>948.1</ele>
      </trkpt>
      <trkpt lat="-39.6609101" lon="-71.2594914">
        <ele>945</ele>
      </trkpt>
      <trkpt lat="-39.6601956" lon="-71.26028">
        <ele>940.1</ele>
      </trkpt>
      <trkpt lat="-39.659921" lon="-71.2606582">
        <ele>938</ele>
      </trkpt>
      <trkpt lat="-39.6594791" lon="-71.2612617">
        <ele>936.2</ele>
      </trkpt>
      <trkpt lat="-39.6588452" lon="-71.2624687">
        <ele>935</ele>
      </trkpt>
      <trkpt lat="-39.6584508" lon="-71.2634289">
        <ele>934</ele>
      </trkpt>
      <trkpt lat="-39.6581452" lon="-71.2643301">
        <ele>934.2</ele>
      </trkpt>
      <trkpt lat="-39.6578644" lon="-71.265403">
        <ele>931.8</ele>
      </trkpt>
      <trkpt lat="-39.6578334" lon="-71.2655908">
        <ele>931.2</ele>
      </trkpt>
      <trkpt lat="-39.6577714" lon="-71.2659153">
        <ele>930</ele>
      </trkpt>
      <trkpt lat="-39.6576" lon="-71.2669748">
        <ele>929</ele>
      </trkpt>
      <trkpt lat="-39.657472" lon="-71.2677902">
        <ele>929.2</ele>
      </trkpt>
      <trkpt lat="-39.6574534" lon="-71.2679216">
        <ele>929.2</ele>
      </trkpt>
      <trkpt lat="-39.6574431" lon="-71.267986">
        <ele>929.5</ele>
      </trkpt>
      <trkpt lat="-39.6572738" lon="-71.269075">
        <ele>932.2</ele>
      </trkpt>
      <trkpt lat="-39.6569764" lon="-71.2712663">
        <ele>930.5</ele>
      </trkpt>
      <trkpt lat="-39.6568174" lon="-71.2719691">
        <ele>930</ele>
      </trkpt>
      <trkpt lat="-39.6566027" lon="-71.2726396">
        <ele>931.5</ele>
      </trkpt>
      <trkpt lat="-39.6563796" lon="-71.2731305">
        <ele>932.2</ele>
      </trkpt>
      <trkpt lat="-39.6560492" lon="-71.2736133">
        <ele>932</ele>
      </trkpt>
      <trkpt lat="-39.6557106" lon="-71.2739727">
        <ele>932.8</ele>
      </trkpt>
      <trkpt lat="-39.6552625" lon="-71.2742946">
        <ele>932</ele>
      </trkpt>
      <trkpt lat="-39.6490031" lon="-71.2786692">
        <ele>923.5</ele>
      </trkpt>
      <trkpt lat="-39.6486334" lon="-71.2789214">
        <ele>923</ele>
      </trkpt>
      <trkpt lat="-39.6468862" lon="-71.2800962">
        <ele>924</ele>
      </trkpt>
      <trkpt lat="-39.6463286" lon="-71.2805951">
        <ele>928.8</ele>
      </trkpt>
      <trkpt lat="-39.6460746" lon="-71.2808713">
        <ele>929.8</ele>
      </trkpt>
      <trkpt lat="-39.6458288" lon="-71.2812147">
        <ele>930.8</ele>
      </trkpt>
      <trkpt lat="-39.64536" lon="-71.2820435">
        <ele>931.8</ele>
      </trkpt>
      <trkpt lat="-39.6439865" lon="-71.2847605">
        <ele>933.5</ele>
      </trkpt>
      <trkpt lat="-39.6401861" lon="-71.2918791">
        <ele>936.5</ele>
      </trkpt>
      <trkpt lat="-39.6390336" lon="-71.2941027">
        <ele>937.5</ele>
      </trkpt>
      <trkpt lat="-39.6362554" lon="-71.2994242">
        <ele>940</ele>
      </trkpt>
      <trkpt lat="-39.6360179" lon="-71.2998667">
        <ele>940.1</ele>
      </trkpt>
      <trkpt lat="-39.6290234" lon="-71.3131276">
        <ele>943.8</ele>
      </trkpt>
      <trkpt lat="-39.6285999" lon="-71.3139591">
        <ele>943</ele>
      </trkpt>
      <trkpt lat="-39.6265939" lon="-71.3178107">
        <ele>942.8</ele>
      </trkpt>
      <trkpt lat="-39.6245466" lon="-71.3217616">
        <ele>944</ele>
      </trkpt>
      <trkpt lat="-39.6240611" lon="-71.3226038">
        <ele>945.8</ele>
      </trkpt>
      <trkpt lat="-39.6233835" lon="-71.3236606">
        <ele>945.2</ele>
      </trkpt>
      <trkpt lat="-39.6228877" lon="-71.324468">
        <ele>945.8</ele>
      </trkpt>
      <trkpt lat="-39.6226976" lon="-71.3248569">
        <ele>946</ele>
      </trkpt>
      <trkpt lat="-39.6224517" lon="-71.3255167">
        <ele>946.5</ele>
      </trkpt>
      <trkpt lat="-39.6199353" lon="-71.3335043">
        <ele>950</ele>
      </trkpt>
      <trkpt lat="-39.619427" lon="-71.3351458">
        <ele>953.2</ele>
      </trkpt>
      <trkpt lat="-39.6182039" lon="-71.3387159">
        <ele>956</ele>
      </trkpt>
      <trkpt lat="-39.616801" lon="-71.3422644">
        <ele>957.8</ele>
      </trkpt>
      <trkpt lat="-39.616146" lon="-71.3438469">
        <ele>961.8</ele>
      </trkpt>
      <trkpt lat="-39.6155179" lon="-71.344901">
        <ele>963</ele>
      </trkpt>
      <trkpt lat="-39.6145571" lon="-71.3468376">
        <ele>964.2</ele>
      </trkpt>
      <trkpt lat="-39.6140674" lon="-71.3477737">
        <ele>963.5</ele>
      </trkpt>
      <trkpt lat="-39.6137016" lon="-71.3485569">
        <ele>964</ele>
      </trkpt>
      <trkpt lat="-39.613026" lon="-71.3499838">
        <ele>967.2</ele>
      </trkpt>
      <trkpt lat="-39.6120279" lon="-71.3521323">
        <ele>969.8</ele>
      </trkpt>
      <trkpt lat="-39.6117944" lon="-71.3528565">
        <ele>969.9</ele>
      </trkpt>
      <trkpt lat="-39.6115527" lon="-71.3535914">
        <ele>970</ele>
      </trkpt>
      <trkpt lat="-39.6112861" lon="-71.3540474">
        <ele>970.5</ele>
      </trkpt>
      <trkpt lat="-39.6109617" lon="-71.3547179">
        <ele>972.2</ele>
      </trkpt>
      <trkpt lat="-39.6107179" lon="-71.355367">
        <ele>972.6</ele>
      </trkpt>
      <trkpt lat="-39.6102943" lon="-71.3564238">
        <ele>973.2</ele>
      </trkpt>
      <trkpt lat="-39.6099451" lon="-71.3571104">
        <ele>974.1</ele>
      </trkpt>
      <trkpt lat="-39.6095256" lon="-71.358076">
        <ele>975.2</ele>
      </trkpt>
      <trkpt lat="-39.608885" lon="-71.3598275">
        <ele>977.2</ele>
      </trkpt>
      <trkpt lat="-39.6077795" lon="-71.3628584">
        <ele>979.8</ele>
      </trkpt>
      <trkpt lat="-39.6062523" lon="-71.3662648">
        <ele>985.8</ele>
      </trkpt>
      <trkpt lat="-39.6056386" lon="-71.3675925">
        <ele>986</ele>
      </trkpt>
      <trkpt lat="-39.6054815" lon="-71.3679466">
        <ele>987.8</ele>
      </trkpt>
      <trkpt lat="-39.6052893" lon="-71.3686761">
        <ele>991.5</ele>
      </trkpt>
      <trkpt lat="-39.6045392" lon="-71.3704973">
        <ele>993.8</ele>
      </trkpt>
      <trkpt lat="-39.6037374" lon="-71.3726994">
        <ele>997.2</ele>
      </trkpt>
      <trkpt lat="-39.6032207" lon="-71.3737133">
        <ele>996.5</ele>
      </trkpt>
      <trkpt lat="-39.6030988" lon="-71.3740486">
        <ele>997</ele>
      </trkpt>
      <trkpt lat="-39.6030451" lon="-71.3744214">
        <ele>996.8</ele>
      </trkpt>
      <trkpt lat="-39.6031257" lon="-71.3759342">
        <ele>999.2</ele>
      </trkpt>
      <trkpt lat="-39.6032187" lon="-71.376543">
        <ele>1001</ele>
      </trkpt>
      <trkpt lat="-39.6034294" lon="-71.37716">
        <ele>1002.8</ele>
      </trkpt>
      <trkpt lat="-39.6043222" lon="-71.3791609">
        <ele>1011.5</ele>
      </trkpt>
      <trkpt lat="-39.6053782" lon="-71.3819584">
        <ele>1018.5</ele>
      </trkpt>
      <trkpt lat="-39.6063929" lon="-71.3846996">
        <ele>1028</ele>
      </trkpt>
      <trkpt lat="-39.606771" lon="-71.3857993">
        <ele>1033.5</ele>
      </trkpt>
      <trkpt lat="-39.6069053" lon="-71.3862982">
        <ele>1034.5</ele>
      </trkpt>
      <trkpt lat="-39.6070107" lon="-71.3868642">
        <ele>1036.2</ele>
      </trkpt>
      <trkpt lat="-39.6070624" lon="-71.3874865">
        <ele>1037.8</ele>
      </trkpt>
      <trkpt lat="-39.607081" lon="-71.3890475">
        <ele>1041</ele>
      </trkpt>
      <trkpt lat="-39.6070355" lon="-71.3904771">
        <ele>1043.8</ele>
      </trkpt>
      <trkpt lat="-39.6070397" lon="-71.3909894">
        <ele>1044.2</ele>
      </trkpt>
      <trkpt lat="-39.6070748" lon="-71.3915312">
        <ele>1045.1</ele>
      </trkpt>
      <trkpt lat="-39.607174" lon="-71.3923118">
        <ele>1046.2</ele>
      </trkpt>
      <trkpt lat="-39.607236" lon="-71.3926202">
        <ele>1047.5</ele>
      </trkpt>
      <trkpt lat="-39.6072463" lon="-71.3927865">
        <ele>1048</ele>
      </trkpt>
      <trkpt lat="-39.6072256" lon="-71.3932747">
        <ele>1049.2</ele>
      </trkpt>
      <trkpt lat="-39.6072835" lon="-71.3941437">
        <ele>1052.2</ele>
      </trkpt>
      <trkpt lat="-39.6073724" lon="-71.3947123">
        <ele>1054.5</ele>
      </trkpt>
      <trkpt lat="-39.6076906" lon="-71.3962734">
        <ele>1056.2</ele>
      </trkpt>
      <trkpt lat="-39.607953" lon="-71.3977513">
        <ele>1062.5</ele>
      </trkpt>
      <trkpt lat="-39.6084014" lon="-71.401493">
        <ele>1079</ele>
      </trkpt>
      <trkpt lat="-39.6086184" lon="-71.4032122">
        <ele>1086.2</ele>
      </trkpt>
      <trkpt lat="-39.6086308" lon="-71.4034429">
        <ele>1087</ele>
      </trkpt>
      <trkpt lat="-39.6086122" lon="-71.4038479">
        <ele>1088.5</ele>
      </trkpt>
      <trkpt lat="-39.6085275" lon="-71.4042288">
        <ele>1090.8</ele>
      </trkpt>
      <trkpt lat="-39.6083395" lon="-71.4045185">
        <ele>1092</ele>
      </trkpt>
      <trkpt lat="-39.6081638" lon="-71.4047009">
        <ele>1092.2</ele>
      </trkpt>
      <trkpt lat="-39.6079158" lon="-71.404902">
        <ele>1092.5</ele>
      </trkpt>
      <trkpt lat="-39.6073579" lon="-71.4053607">
        <ele>1093.8</ele>
      </trkpt>
      <trkpt lat="-39.6069983" lon="-71.4058328">
        <ele>1096.5</ele>
      </trkpt>
      <trkpt lat="-39.6063164" lon="-71.4068788">
        <ele>1099.2</ele>
      </trkpt>
      <trkpt lat="-39.6055187" lon="-71.4079973">
        <ele>1103.8</ele>
      </trkpt>
      <trkpt lat="-39.6038944" lon="-71.4101753">
        <ele>1112.2</ele>
      </trkpt>
      <trkpt lat="-39.6032559" lon="-71.4109021">
        <ele>1114</ele>
      </trkpt>
      <trkpt lat="-39.602671" lon="-71.4116505">
        <ele>1117</ele>
      </trkpt>
      <trkpt lat="-39.602175" lon="-71.4122781">
        <ele>1120</ele>
      </trkpt>
      <trkpt lat="-39.6004928" lon="-71.4141691">
        <ele>1127.8</ele>
      </trkpt>
      <trkpt lat="-39.599664" lon="-71.4150676">
        <ele>1132</ele>
      </trkpt>
      <trkpt lat="-39.5987898" lon="-71.41606">
        <ele>1136.5</ele>
      </trkpt>
      <trkpt lat="-39.5981347" lon="-71.4167252">
        <ele>1138</ele>
      </trkpt>
      <trkpt lat="-39.5972956" lon="-71.4176962">
        <ele>1140</ele>
      </trkpt>
      <trkpt lat="-39.5966487" lon="-71.4185438">
        <ele>1140.8</ele>
      </trkpt>
      <trkpt lat="-39.5962436" lon="-71.4191312">
        <ele>1141.5</ele>
      </trkpt>
      <trkpt lat="-39.5958406" lon="-71.4197937">
        <ele>1141.8</ele>
      </trkpt>
      <trkpt lat="-39.5950965" lon="-71.4209953">
        <ele>1142.2</ele>
      </trkpt>
      <trkpt lat="-39.5942615" lon="-71.4221621">
        <ele>1143.2</ele>
      </trkpt>
      <trkpt lat="-39.5894911" lon="-71.4297017">
        <ele>1145.8</ele>
      </trkpt>
      <trkpt lat="-39.5893588" lon="-71.4298895">
        <ele>1145.5</ele>
      </trkpt>
      <trkpt lat="-39.589305" lon="-71.4299646">
        <ele>1145.4</ele>
      </trkpt>
      <trkpt lat="-39.5892492" lon="-71.4300504">
        <ele>1145.4</ele>
      </trkpt>
      <trkpt lat="-39.5891624" lon="-71.4301872">
        <ele>1145.2</ele>
      </trkpt>
      <trkpt lat="-39.5888482" lon="-71.4306539">
        <ele>1143.8</ele>
      </trkpt>
      <trkpt lat="-39.5887077" lon="-71.431067">
        <ele>1142.8</ele>
      </trkpt>
      <trkpt lat="-39.5887242" lon="-71.4311716">
        <ele>1143.2</ele>
      </trkpt>
      <trkpt lat="-39.5887821" lon="-71.4313084">
        <ele>1144</ele>
      </trkpt>
      <trkpt lat="-39.5891066" lon="-71.43181">
        <ele>1148.8</ele>
      </trkpt>
      <trkpt lat="-39.5891438" lon="-71.4321533">
        <ele>1150.5</ele>
      </trkpt>
      <trkpt lat="-39.5891211" lon="-71.4326522">
        <ele>1150.8</ele>
      </trkpt>
      <trkpt lat="-39.5891603" lon="-71.4330626">
        <ele>1151.8</ele>
      </trkpt>
      <trkpt lat="-39.5892782" lon="-71.4335883">
        <ele>1154.2</ele>
      </trkpt>
      <trkpt lat="-39.5894063" lon="-71.4348462">
        <ele>1160</ele>
      </trkpt>
      <trkpt lat="-39.589396" lon="-71.4353049">
        <ele>1160.8</ele>
      </trkpt>
      <trkpt lat="-39.5892906" lon="-71.4357287">
        <ele>1160.5</ele>
      </trkpt>
      <trkpt lat="-39.5892637" lon="-71.4358145">
        <ele>1160</ele>
      </trkpt>
      <trkpt lat="-39.5891831" lon="-71.4359459">
        <ele>1159</ele>
      </trkpt>
      <trkpt lat="-39.5858365" lon="-71.4409429">
        <ele>1166.5</ele>
      </trkpt>
      <trkpt lat="-39.5857166" lon="-71.4412433">
        <ele>1167.8</ele>
      </trkpt>
      <trkpt lat="-39.5856484" lon="-71.4415196">
        <ele>1168.8</ele>
      </trkpt>
      <trkpt lat="-39.585667" lon="-71.4419004">
        <ele>1169.5</ele>
      </trkpt>
      <trkpt lat="-39.5856215" lon="-71.4421874">
        <ele>1170.5</ele>
      </trkpt>
      <trkpt lat="-39.585481" lon="-71.4425388">
        <ele>1171.8</ele>
      </trkpt>
      <trkpt lat="-39.584464" lon="-71.4439443">
        <ele>1172.5</ele>
      </trkpt>
      <trkpt lat="-39.5843234" lon="-71.4443037">
        <ele>1172.8</ele>
      </trkpt>
      <trkpt lat="-39.5841601" lon="-71.444757">
        <ele>1171.5</ele>
      </trkpt>
      <trkpt lat="-39.5840195" lon="-71.4452612">
        <ele>1171</ele>
      </trkpt>
      <trkpt lat="-39.5838252" lon="-71.4462858">
        <ele>1174.5</ele>
      </trkpt>
      <trkpt lat="-39.5835482" lon="-71.4471549">
        <ele>1177</ele>
      </trkpt>
      <trkpt lat="-39.5831596" lon="-71.448732">
        <ele>1176</ele>
      </trkpt>
      <trkpt lat="-39.5829839" lon="-71.4495769">
        <ele>1178</ele>
      </trkpt>
      <trkpt lat="-39.5829529" lon="-71.4504862">
        <ele>1179</ele>
      </trkpt>
      <trkpt lat="-39.582864" lon="-71.4525005">
        <ele>1183</ele>
      </trkpt>
      <trkpt lat="-39.5828598" lon="-71.4525568">
        <ele>1183.2</ele>
      </trkpt>
      <trkpt lat="-39.5828536" lon="-71.4526132">
        <ele>1183.5</ele>
      </trkpt>
      <trkpt lat="-39.5828412" lon="-71.4526695">
        <ele>1183.5</ele>
      </trkpt>
      <trkpt lat="-39.5828247" lon="-71.4527178">
        <ele>1183.4</ele>
      </trkpt>
      <trkpt lat="-39.5828061" lon="-71.4527661">
        <ele>1183.4</ele>
      </trkpt>
      <trkpt lat="-39.5827027" lon="-71.4530048">
        <ele>1183.2</ele>
      </trkpt>
      <trkpt lat="-39.5826862" lon="-71.4530477">
        <ele>1183.3</ele>
      </trkpt>
      <trkpt lat="-39.5826717" lon="-71.4530906">
        <ele>1183.4</ele>
      </trkpt>
      <trkpt lat="-39.5826635" lon="-71.4531335">
        <ele>1183.5</ele>
      </trkpt>
      <trkpt lat="-39.5826573" lon="-71.4531764">
        <ele>1183.8</ele>
      </trkpt>
      <trkpt lat="-39.5826511" lon="-71.453222">
        <ele>1184</ele>
      </trkpt>
      <trkpt lat="-39.5826469" lon="-71.4532703">
        <ele>1184</ele>
      </trkpt>
      <trkpt lat="-39.5826407" lon="-71.4533722">
        <ele>1184.2</ele>
      </trkpt>
      <trkpt lat="-39.5826345" lon="-71.4534768">
        <ele>1185</ele>
      </trkpt>
      <trkpt lat="-39.5826345" lon="-71.4535144">
        <ele>1185.2</ele>
      </trkpt>
      <trkpt lat="-39.5826345" lon="-71.4535519">
        <ele>1185.5</ele>
      </trkpt>
      <trkpt lat="-39.5826345" lon="-71.4535922">
        <ele>1185.8</ele>
      </trkpt>
      <trkpt lat="-39.5826366" lon="-71.4536297">
        <ele>1186</ele>
      </trkpt>
      <trkpt lat="-39.5826386" lon="-71.4536726">
        <ele>1186.2</ele>
      </trkpt>
      <trkpt lat="-39.5827007" lon="-71.4544693">
        <ele>1185</ele>
      </trkpt>
      <trkpt lat="-39.5828268" lon="-71.4563683">
        <ele>1186</ele>
      </trkpt>
      <trkpt lat="-39.5828309" lon="-71.4564434">
        <ele>1186.2</ele>
      </trkpt>
      <trkpt lat="-39.5828309" lon="-71.4565238">
        <ele>1186.5</ele>
      </trkpt>
      <trkpt lat="-39.5828247" lon="-71.4566043">
        <ele>1186.8</ele>
      </trkpt>
      <trkpt lat="-39.5828164" lon="-71.4566794">
        <ele>1186.9</ele>
      </trkpt>
      <trkpt lat="-39.582496" lon="-71.4584389">
        <ele>1191.5</ele>
      </trkpt>
      <trkpt lat="-39.5824836" lon="-71.458506">
        <ele>1191.8</ele>
      </trkpt>
      <trkpt lat="-39.5824691" lon="-71.4585677">
        <ele>1192</ele>
      </trkpt>
      <trkpt lat="-39.5824526" lon="-71.4586213">
        <ele>1192.2</ele>
      </trkpt>
      <trkpt lat="-39.5824319" lon="-71.4586723">
        <ele>1192.5</ele>
      </trkpt>
      <trkpt lat="-39.5823017" lon="-71.4589459">
        <ele>1194.5</ele>
      </trkpt>
      <trkpt lat="-39.582279" lon="-71.4590049">
        <ele>1194.8</ele>
      </trkpt>
      <trkpt lat="-39.5822624" lon="-71.4590719">
        <ele>1195.2</ele>
      </trkpt>
      <trkpt lat="-39.5822521" lon="-71.4591417">
        <ele>1195.8</ele>
      </trkpt>
      <trkpt lat="-39.5822479" lon="-71.4592141">
        <ele>1196.2</ele>
      </trkpt>
      <trkpt lat="-39.5822459" lon="-71.4592865">
        <ele>1196.8</ele>
      </trkpt>
      <trkpt lat="-39.5822521" lon="-71.4593616">
        <ele>1197</ele>
      </trkpt>
      <trkpt lat="-39.5822604" lon="-71.4594287">
        <ele>1197.2</ele>
      </trkpt>
      <trkpt lat="-39.5822728" lon="-71.4594904">
        <ele>1197.5</ele>
      </trkpt>
      <trkpt lat="-39.5823058" lon="-71.4596513">
        <ele>1198</ele>
      </trkpt>
      <trkpt lat="-39.5823224" lon="-71.4597237">
        <ele>1198.2</ele>
      </trkpt>
      <trkpt lat="-39.5823327" lon="-71.4597961">
        <ele>1198.5</ele>
      </trkpt>
      <trkpt lat="-39.5823389" lon="-71.4598632">
        <ele>1198.8</ele>
      </trkpt>
      <trkpt lat="-39.5823389" lon="-71.4599329">
        <ele>1199</ele>
      </trkpt>
      <trkpt lat="-39.5823368" lon="-71.4600027">
        <ele>1199.2</ele>
      </trkpt>
      <trkpt lat="-39.5823306" lon="-71.4600644">
        <ele>1199.5</ele>
      </trkpt>
      <trkpt lat="-39.58231" lon="-71.4602414">
        <ele>1199.8</ele>
      </trkpt>
      <trkpt lat="-39.5823079" lon="-71.460295">
        <ele>1199.8</ele>
      </trkpt>
      <trkpt lat="-39.5823079" lon="-71.4603487">
        <ele>1199.8</ele>
      </trkpt>
      <trkpt lat="-39.58231" lon="-71.4604023">
        <ele>1199.8</ele>
      </trkpt>
      <trkpt lat="-39.5823182" lon="-71.4604506">
        <ele>1199.9</ele>
      </trkpt>
      <trkpt lat="-39.5823286" lon="-71.4604989">
        <ele>1199.9</ele>
      </trkpt>
      <trkpt lat="-39.5823472" lon="-71.4605471">
        <ele>1199.9</ele>
      </trkpt>
      <trkpt lat="-39.5823658" lon="-71.4605901">
        <ele>1200</ele>
      </trkpt>
      <trkpt lat="-39.5823865" lon="-71.4606357">
        <ele>1200</ele>
      </trkpt>
      <trkpt lat="-39.582403" lon="-71.4606759">
        <ele>1200</ele>
      </trkpt>
      <trkpt lat="-39.5824175" lon="-71.4607215">
        <ele>1200.1</ele>
      </trkpt>
      <trkpt lat="-39.5824299" lon="-71.4607698">
        <ele>1200.1</ele>
      </trkpt>
      <trkpt lat="-39.5824381" lon="-71.4608154">
        <ele>1200.1</ele>
      </trkpt>
      <trkpt lat="-39.5824464" lon="-71.4608636">
        <ele>1200.2</ele>
      </trkpt>
      <trkpt lat="-39.5824505" lon="-71.4609092">
        <ele>1200.2</ele>
      </trkpt>
      <trkpt lat="-39.5824547" lon="-71.4609575">
        <ele>1200.2</ele>
      </trkpt>
      <trkpt lat="-39.5824547" lon="-71.4610085">
        <ele>1200.2</ele>
      </trkpt>
      <trkpt lat="-39.5824505" lon="-71.4610568">
        <ele>1200.5</ele>
      </trkpt>
      <trkpt lat="-39.5824443" lon="-71.4611077">
        <ele>1200.8</ele>
      </trkpt>
      <trkpt lat="-39.5824423" lon="-71.461156">
        <ele>1201</ele>
      </trkpt>
      <trkpt lat="-39.5824415" lon="-71.4611748">
        <ele>1201.1</ele>
      </trkpt>
      <trkpt lat="-39.5824415" lon="-71.4611748">
        <ele>1201.1</ele>
      </trkpt>
      <trkpt lat="-39.5824402" lon="-71.461207">
        <ele>1201.2</ele>
      </trkpt>
      <trkpt lat="-39.5824402" lon="-71.4612526">
        <ele>1201</ele>
      </trkpt>
      <trkpt lat="-39.5824402" lon="-71.4613089">
        <ele>1201</ele>
      </trkpt>
      <trkpt lat="-39.5824629" lon="-71.4614806">
        <ele>1200.9</ele>
      </trkpt>
      <trkpt lat="-39.5824836" lon="-71.4615744">
        <ele>1200.8</ele>
      </trkpt>
      <trkpt lat="-39.5825146" lon="-71.4616898">
        <ele>1200.8</ele>
      </trkpt>
      <trkpt lat="-39.5825539" lon="-71.4617997">
        <ele>1200.7</ele>
      </trkpt>
      <trkpt lat="-39.5825787" lon="-71.4618587">
        <ele>1200.7</ele>
      </trkpt>
      <trkpt lat="-39.5826056" lon="-71.4619178">
        <ele>1200.6</ele>
      </trkpt>
      <trkpt lat="-39.5826655" lon="-71.4620331">
        <ele>1200.6</ele>
      </trkpt>
      <trkpt lat="-39.5827172" lon="-71.4621243">
        <ele>1200.5</ele>
      </trkpt>
      <trkpt lat="-39.582773" lon="-71.4622101">
        <ele>1200.2</ele>
      </trkpt>
      <trkpt lat="-39.5828185" lon="-71.4622825">
        <ele>1200</ele>
      </trkpt>
      <trkpt lat="-39.5828681" lon="-71.4623469">
        <ele>1199.9</ele>
      </trkpt>
      <trkpt lat="-39.5829219" lon="-71.4624086">
        <ele>1199.9</ele>
      </trkpt>
      <trkpt lat="-39.5829735" lon="-71.4624569">
        <ele>1199.8</ele>
      </trkpt>
      <trkpt lat="-39.5830273" lon="-71.4625025">
        <ele>1199.8</ele>
      </trkpt>
      <trkpt lat="-39.5833415" lon="-71.4627358">
        <ele>1200</ele>
      </trkpt>
      <trkpt lat="-39.58342" lon="-71.4627975">
        <ele>1200.2</ele>
      </trkpt>
      <trkpt lat="-39.5834945" lon="-71.4628673">
        <ele>1200.5</ele>
      </trkpt>
      <trkpt lat="-39.5835337" lon="-71.4629102">
        <ele>1200.8</ele>
      </trkpt>
      <trkpt lat="-39.583573" lon="-71.4629585">
        <ele>1201</ele>
      </trkpt>
      <trkpt lat="-39.5836495" lon="-71.463055">
        <ele>1201.2</ele>
      </trkpt>
      <trkpt lat="-39.5836908" lon="-71.463114">
        <ele>1201.3</ele>
      </trkpt>
      <trkpt lat="-39.583726" lon="-71.4631811">
        <ele>1201.3</ele>
      </trkpt>
      <trkpt lat="-39.5837529" lon="-71.4632535">
        <ele>1201.3</ele>
      </trkpt>
      <trkpt lat="-39.5837756" lon="-71.4633286">
        <ele>1201.3</ele>
      </trkpt>
      <trkpt lat="-39.583788" lon="-71.4634064">
        <ele>1201.3</ele>
      </trkpt>
      <trkpt lat="-39.5837983" lon="-71.4634869">
        <ele>1201.3</ele>
      </trkpt>
      <trkpt lat="-39.5838025" lon="-71.4635673">
        <ele>1201.4</ele>
      </trkpt>
      <trkpt lat="-39.5838025" lon="-71.4636612">
        <ele>1201.4</ele>
      </trkpt>
      <trkpt lat="-39.5837963" lon="-71.4637551">
        <ele>1201.4</ele>
      </trkpt>
      <trkpt lat="-39.5837859" lon="-71.4638463">
        <ele>1201.4</ele>
      </trkpt>
      <trkpt lat="-39.5837529" lon="-71.4640474">
        <ele>1201.5</ele>
      </trkpt>
      <trkpt lat="-39.5837219" lon="-71.464211">
        <ele>1201.5</ele>
      </trkpt>
      <trkpt lat="-39.5836888" lon="-71.464372">
        <ele>1201.2</ele>
      </trkpt>
      <trkpt lat="-39.5834097" lon="-71.4656246">
        <ele>1198.5</ele>
      </trkpt>
      <trkpt lat="-39.5833518" lon="-71.465874">
        <ele>1198.4</ele>
      </trkpt>
      <trkpt lat="-39.5832981" lon="-71.4661261">
        <ele>1198.3</ele>
      </trkpt>
      <trkpt lat="-39.5832505" lon="-71.4663649">
        <ele>1198.3</ele>
      </trkpt>
      <trkpt lat="-39.5832092" lon="-71.4666009">
        <ele>1198.2</ele>
      </trkpt>
      <trkpt lat="-39.583174" lon="-71.4668396">
        <ele>1198.1</ele>
      </trkpt>
      <trkpt lat="-39.5831472" lon="-71.4670569">
        <ele>1198.1</ele>
      </trkpt>
      <trkpt lat="-39.5831286" lon="-71.4672741">
        <ele>1198</ele>
      </trkpt>
      <trkpt lat="-39.5831162" lon="-71.4674592">
        <ele>1197.8</ele>
      </trkpt>
      <trkpt lat="-39.58311" lon="-71.4676443">
        <ele>1197.2</ele>
      </trkpt>
      <trkpt lat="-39.5831079" lon="-71.4679876">
        <ele>1196</ele>
      </trkpt>
      <trkpt lat="-39.5830893" lon="-71.4681324">
        <ele>1195.5</ele>
      </trkpt>
      <trkpt lat="-39.5830852" lon="-71.4681968">
        <ele>1195.2</ele>
      </trkpt>
      <trkpt lat="-39.5830666" lon="-71.4685696">
        <ele>1194</ele>
      </trkpt>
      <trkpt lat="-39.5830562" lon="-71.4686769">
        <ele>1193.8</ele>
      </trkpt>
      <trkpt lat="-39.583048" lon="-71.468744">
        <ele>1193.5</ele>
      </trkpt>
      <trkpt lat="-39.5830397" lon="-71.4687842">
        <ele>1193.4</ele>
      </trkpt>
      <trkpt lat="-39.583019" lon="-71.4688566">
        <ele>1193.4</ele>
      </trkpt>
      <trkpt lat="-39.5830025" lon="-71.4689264">
        <ele>1193.3</ele>
      </trkpt>
      <trkpt lat="-39.5829963" lon="-71.4689934">
        <ele>1193.2</ele>
      </trkpt>
      <trkpt lat="-39.5829921" lon="-71.4691409">
        <ele>1193.4</ele>
      </trkpt>
      <trkpt lat="-39.5829921" lon="-71.4693341">
        <ele>1193.7</ele>
      </trkpt>
      <trkpt lat="-39.5829901" lon="-71.4695245">
        <ele>1194</ele>
      </trkpt>
      <trkpt lat="-39.5829921" lon="-71.4696828">
        <ele>1194.2</ele>
      </trkpt>
      <trkpt lat="-39.5829942" lon="-71.4697096">
        <ele>1194.2</ele>
      </trkpt>
      <trkpt lat="-39.5829983" lon="-71.4697659">
        <ele>1194.1</ele>
      </trkpt>
      <trkpt lat="-39.5830128" lon="-71.4698517">
        <ele>1194</ele>
      </trkpt>
      <trkpt lat="-39.5830521" lon="-71.4700502">
        <ele>1193.8</ele>
      </trkpt>
      <trkpt lat="-39.5830624" lon="-71.4701173">
        <ele>1193.6</ele>
      </trkpt>
      <trkpt lat="-39.5830686" lon="-71.4701816">
        <ele>1193.5</ele>
      </trkpt>
      <trkpt lat="-39.5830769" lon="-71.4704499">
        <ele>1193</ele>
      </trkpt>
      <trkpt lat="-39.5830852" lon="-71.4705652">
        <ele>1192.6</ele>
      </trkpt>
      <trkpt lat="-39.58311" lon="-71.4707154">
        <ele>1192</ele>
      </trkpt>
      <trkpt lat="-39.58311" lon="-71.4709434">
        <ele>1191.8</ele>
      </trkpt>
      <trkpt lat="-39.5831141" lon="-71.4711607">
        <ele>1191.6</ele>
      </trkpt>
      <trkpt lat="-39.5831534" lon="-71.472263">
        <ele>1190.8</ele>
      </trkpt>
      <trkpt lat="-39.5831616" lon="-71.4726681">
        <ele>1189.8</ele>
      </trkpt>
      <trkpt lat="-39.5831616" lon="-71.4730757">
        <ele>1187.8</ele>
      </trkpt>
      <trkpt lat="-39.5831575" lon="-71.4733654">
        <ele>1187.2</ele>
      </trkpt>
      <trkpt lat="-39.5831472" lon="-71.4736551">
        <ele>1186.5</ele>
      </trkpt>
      <trkpt lat="-39.5831348" lon="-71.4738482">
        <ele>1186.4</ele>
      </trkpt>
      <trkpt lat="-39.5831162" lon="-71.474044">
        <ele>1186.2</ele>
      </trkpt>
      <trkpt lat="-39.5830914" lon="-71.4742613">
        <ele>1185.5</ele>
      </trkpt>
      <trkpt lat="-39.5830583" lon="-71.4744785">
        <ele>1185</ele>
      </trkpt>
      <trkpt lat="-39.5830087" lon="-71.4746958">
        <ele>1184</ele>
      </trkpt>
      <trkpt lat="-39.5829549" lon="-71.4749131">
        <ele>1182.8</ele>
      </trkpt>
      <trkpt lat="-39.5828991" lon="-71.4751169">
        <ele>1182</ele>
      </trkpt>
      <trkpt lat="-39.5828371" lon="-71.4753154">
        <ele>1181.8</ele>
      </trkpt>
      <trkpt lat="-39.5827689" lon="-71.4755139">
        <ele>1181.7</ele>
      </trkpt>
      <trkpt lat="-39.5822769" lon="-71.4768684">
        <ele>1181.2</ele>
      </trkpt>
      <trkpt lat="-39.5820908" lon="-71.4773512">
        <ele>1180.9</ele>
      </trkpt>
      <trkpt lat="-39.5819441" lon="-71.4777589">
        <ele>1180.6</ele>
      </trkpt>
      <trkpt lat="-39.5817787" lon="-71.478239">
        <ele>1180.2</ele>
      </trkpt>
      <trkpt lat="-39.5814541" lon="-71.4792824">
        <ele>1179.2</ele>
      </trkpt>
      <trkpt lat="-39.5809807" lon="-71.4806288">
        <ele>1177.3</ele>
      </trkpt>
      <trkpt lat="-39.5804267" lon="-71.4820799">
        <ele>1175.2</ele>
      </trkpt>
      <trkpt lat="-39.5793972" lon="-71.4847836">
        <ele>1166.8</ele>
      </trkpt>
      <trkpt lat="-39.5789052" lon="-71.4860684">
        <ele>1160.5</ele>
      </trkpt>
      <trkpt lat="-39.5787977" lon="-71.4863768">
        <ele>1159</ele>
      </trkpt>
      <trkpt lat="-39.5787005" lon="-71.486688">
        <ele>1157.5</ele>
      </trkpt>
      <trkpt lat="-39.5786096" lon="-71.4870045">
        <ele>1155.2</ele>
      </trkpt>
      <trkpt lat="-39.5785517" lon="-71.4872298">
        <ele>1154.8</ele>
      </trkpt>
      <trkpt lat="-39.5784959" lon="-71.4874578">
        <ele>1154.2</ele>
      </trkpt>
      <trkpt lat="-39.578223" lon="-71.4885306">
        <ele>1153.8</ele>
      </trkpt>
      <trkpt lat="-39.578132" lon="-71.4888954">
        <ele>1154</ele>
      </trkpt>
      <trkpt lat="-39.5780307" lon="-71.4892575">
        <ele>1154.2</ele>
      </trkpt>
      <trkpt lat="-39.5779253" lon="-71.4896142">
        <ele>1154.5</ele>
      </trkpt>
      <trkpt lat="-39.5778281" lon="-71.4899173">
        <ele>1154.8</ele>
      </trkpt>
      <trkpt lat="-39.5777248" lon="-71.4902151">
        <ele>1155</ele>
      </trkpt>
      <trkpt lat="-39.5772307" lon="-71.4912584">
        <ele>1151.8</ele>
      </trkpt>
      <trkpt lat="-39.577181" lon="-71.4913604">
        <ele>1151.5</ele>
      </trkpt>
      <trkpt lat="-39.5771273" lon="-71.4914569">
        <ele>1151.4</ele>
      </trkpt>
      <trkpt lat="-39.5770549" lon="-71.4915749">
        <ele>1151.4</ele>
      </trkpt>
      <trkpt lat="-39.5769784" lon="-71.4916876">
        <ele>1151.3</ele>
      </trkpt>
      <trkpt lat="-39.5768957" lon="-71.4917949">
        <ele>1151.2</ele>
      </trkpt>
      <trkpt lat="-39.576166" lon="-71.4926022">
        <ele>1150.4</ele>
      </trkpt>
      <trkpt lat="-39.576075" lon="-71.4927068">
        <ele>1150.2</ele>
      </trkpt>
      <trkpt lat="-39.5759882" lon="-71.4928141">
        <ele>1150</ele>
      </trkpt>
      <trkpt lat="-39.5759013" lon="-71.4929268">
        <ele>1149.8</ele>
      </trkpt>
      <trkpt lat="-39.575798" lon="-71.493077">
        <ele>1150</ele>
      </trkpt>
      <trkpt lat="-39.5756987" lon="-71.4932325">
        <ele>1150.2</ele>
      </trkpt>
      <trkpt lat="-39.5756057" lon="-71.4933935">
        <ele>1151</ele>
      </trkpt>
      <trkpt lat="-39.5755189" lon="-71.4935625">
        <ele>1152</ele>
      </trkpt>
      <trkpt lat="-39.5754382" lon="-71.4937341">
        <ele>1152.8</ele>
      </trkpt>
      <trkpt lat="-39.5748015" lon="-71.495153">
        <ele>1151</ele>
      </trkpt>
      <trkpt lat="-39.5737926" lon="-71.4973256">
        <ele>1143</ele>
      </trkpt>
      <trkpt lat="-39.5735155" lon="-71.4977279">
        <ele>1140.2</ele>
      </trkpt>
      <trkpt lat="-39.5733026" lon="-71.4981169">
        <ele>1138.8</ele>
      </trkpt>
      <trkpt lat="-39.5731351" lon="-71.4984682">
        <ele>1137</ele>
      </trkpt>
      <trkpt lat="-39.5729718" lon="-71.4987364">
        <ele>1135.5</ele>
      </trkpt>
      <trkpt lat="-39.5729097" lon="-71.4988357">
        <ele>1135.2</ele>
      </trkpt>
      <trkpt lat="-39.5726885" lon="-71.4992085">
        <ele>1135</ele>
      </trkpt>
      <trkpt lat="-39.5724714" lon="-71.499584">
        <ele>1134.8</ele>
      </trkpt>
      <trkpt lat="-39.5722998" lon="-71.4998871">
        <ele>1134.2</ele>
      </trkpt>
      <trkpt lat="-39.5721303" lon="-71.5001929">
        <ele>1133.5</ele>
      </trkpt>
      <trkpt lat="-39.5717085" lon="-71.501027">
        <ele>1133.8</ele>
      </trkpt>
      <trkpt lat="-39.5715989" lon="-71.5012175">
        <ele>1134.1</ele>
      </trkpt>
      <trkpt lat="-39.5714852" lon="-71.5014026">
        <ele>1134.5</ele>
      </trkpt>
      <trkpt lat="-39.5713653" lon="-71.5015796">
        <ele>1134</ele>
      </trkpt>
      <trkpt lat="-39.5712537" lon="-71.5017378">
        <ele>1133.5</ele>
      </trkpt>
      <trkpt lat="-39.5711358" lon="-71.5018907">
        <ele>1133</ele>
      </trkpt>
      <trkpt lat="-39.5704515" lon="-71.5027088">
        <ele>1130.8</ele>
      </trkpt>
      <trkpt lat="-39.5703522" lon="-71.5028161">
        <ele>1130.5</ele>
      </trkpt>
      <trkpt lat="-39.5702592" lon="-71.5029341">
        <ele>1130.2</ele>
      </trkpt>
      <trkpt lat="-39.5701723" lon="-71.5030575">
        <ele>1130</ele>
      </trkpt>
      <trkpt lat="-39.5700896" lon="-71.5031862">
        <ele>1130.2</ele>
      </trkpt>
      <trkpt lat="-39.5700131" lon="-71.503323">
        <ele>1130.5</ele>
      </trkpt>
      <trkpt lat="-39.5699428" lon="-71.5034652">
        <ele>1130.8</ele>
      </trkpt>
      <trkpt lat="-39.5698849" lon="-71.5035993">
        <ele>1130.5</ele>
      </trkpt>
      <trkpt lat="-39.5698333" lon="-71.5037361">
        <ele>1130</ele>
      </trkpt>
      <trkpt lat="-39.5697878" lon="-71.5038782">
        <ele>1129.8</ele>
      </trkpt>
      <trkpt lat="-39.5694073" lon="-71.5048975">
        <ele>1127.2</ele>
      </trkpt>
      <trkpt lat="-39.5690496" lon="-71.5058362">
        <ele>1125.5</ele>
      </trkpt>
      <trkpt lat="-39.5688718" lon="-71.5062681">
        <ele>1125.3</ele>
      </trkpt>
      <trkpt lat="-39.5687953" lon="-71.5064317">
        <ele>1125.2</ele>
      </trkpt>
      <trkpt lat="-39.5687126" lon="-71.5065899">
        <ele>1125</ele>
      </trkpt>
      <trkpt lat="-39.5686237" lon="-71.5067428">
        <ele>1124.2</ele>
      </trkpt>
      <trkpt lat="-39.5685307" lon="-71.5068904">
        <ele>1124.1</ele>
      </trkpt>
      <trkpt lat="-39.5684314" lon="-71.5070298">
        <ele>1124</ele>
      </trkpt>
      <trkpt lat="-39.568326" lon="-71.5071639">
        <ele>1124.1</ele>
      </trkpt>
      <trkpt lat="-39.5682143" lon="-71.5072927">
        <ele>1124.2</ele>
      </trkpt>
      <trkpt lat="-39.5681006" lon="-71.5074107">
        <ele>1123.8</ele>
      </trkpt>
      <trkpt lat="-39.5679703" lon="-71.5075314">
        <ele>1123.2</ele>
      </trkpt>
      <trkpt lat="-39.5678339" lon="-71.5076441">
        <ele>1122.5</ele>
      </trkpt>
      <trkpt lat="-39.5676953" lon="-71.5077487">
        <ele>1121.8</ele>
      </trkpt>
      <trkpt lat="-39.5673749" lon="-71.5080062">
        <ele>1120.5</ele>
      </trkpt>
      <trkpt lat="-39.5668063" lon="-71.5084755">
        <ele>1120.2</ele>
      </trkpt>
      <trkpt lat="-39.5661653" lon="-71.5089771">
        <ele>1119.5</ele>
      </trkpt>
      <trkpt lat="-39.56582" lon="-71.5092427">
        <ele>1118.5</ele>
      </trkpt>
      <trkpt lat="-39.5655367" lon="-71.5094599">
        <ele>1118.3</ele>
      </trkpt>
      <trkpt lat="-39.5653671" lon="-71.5095565">
        <ele>1118.2</ele>
      </trkpt>
      <trkpt lat="-39.5652121" lon="-71.5096155">
        <ele>1117.8</ele>
      </trkpt>
      <trkpt lat="-39.5651232" lon="-71.509645">
        <ele>1117.5</ele>
      </trkpt>
      <trkpt lat="-39.5650404" lon="-71.5096611">
        <ele>1117.2</ele>
      </trkpt>
      <trkpt lat="-39.5649164" lon="-71.5096825">
        <ele>1116.8</ele>
      </trkpt>
      <trkpt lat="-39.5647055" lon="-71.5096986">
        <ele>1116.2</ele>
      </trkpt>
      <trkpt lat="-39.5646042" lon="-71.5097389">
        <ele>1116</ele>
      </trkpt>
      <trkpt lat="-39.564507" lon="-71.5097791">
        <ele>1115.8</ele>
      </trkpt>
      <trkpt lat="-39.5644243" lon="-71.5098166">
        <ele>1115.2</ele>
      </trkpt>
      <trkpt lat="-39.5643478" lon="-71.5098622">
        <ele>1114.8</ele>
      </trkpt>
      <trkpt lat="-39.5642795" lon="-71.5099105">
        <ele>1114.2</ele>
      </trkpt>
      <trkpt lat="-39.5642071" lon="-71.5099722">
        <ele>1113.8</ele>
      </trkpt>
      <trkpt lat="-39.5641451" lon="-71.5100339">
        <ele>1113.2</ele>
      </trkpt>
      <trkpt lat="-39.5640831" lon="-71.510109">
        <ele>1112.8</ele>
      </trkpt>
      <trkpt lat="-39.5640252" lon="-71.5101841">
        <ele>1112.5</ele>
      </trkpt>
      <trkpt lat="-39.5639694" lon="-71.5102673">
        <ele>1112.2</ele>
      </trkpt>
      <trkpt lat="-39.5639177" lon="-71.5103611">
        <ele>1112</ele>
      </trkpt>
      <trkpt lat="-39.5638722" lon="-71.5104631">
        <ele>1111.9</ele>
      </trkpt>
      <trkpt lat="-39.5638308" lon="-71.5105677">
        <ele>1111.9</ele>
      </trkpt>
      <trkpt lat="-39.5638019" lon="-71.5106642">
        <ele>1111.8</ele>
      </trkpt>
      <trkpt lat="-39.5637771" lon="-71.5107635">
        <ele>1111.8</ele>
      </trkpt>
      <trkpt lat="-39.5637564" lon="-71.5108734">
        <ele>1111.6</ele>
      </trkpt>
      <trkpt lat="-39.563744" lon="-71.5109941">
        <ele>1111.5</ele>
      </trkpt>
      <trkpt lat="-39.5637316" lon="-71.5111578">
        <ele>1112</ele>
      </trkpt>
      <trkpt lat="-39.5637171" lon="-71.5114662">
        <ele>1112.2</ele>
      </trkpt>
      <trkpt lat="-39.5636985" lon="-71.5118149">
        <ele>1112.2</ele>
      </trkpt>
      <trkpt lat="-39.5636902" lon="-71.5119463">
        <ele>1112.1</ele>
      </trkpt>
      <trkpt lat="-39.5636778" lon="-71.5120134">
        <ele>1112.1</ele>
      </trkpt>
      <trkpt lat="-39.5636633" lon="-71.5120938">
        <ele>1112.1</ele>
      </trkpt>
      <trkpt lat="-39.5636427" lon="-71.5121689">
        <ele>1112.1</ele>
      </trkpt>
      <trkpt lat="-39.5636116" lon="-71.5122601">
        <ele>1112.1</ele>
      </trkpt>
      <trkpt lat="-39.5635868" lon="-71.5123165">
        <ele>1112</ele>
      </trkpt>
      <trkpt lat="-39.5635227" lon="-71.5124291">
        <ele>1112</ele>
      </trkpt>
      <trkpt lat="-39.5634111" lon="-71.5126035">
        <ele>1111.8</ele>
      </trkpt>
      <trkpt lat="-39.5632932" lon="-71.512759">
        <ele>1111.7</ele>
      </trkpt>
      <trkpt lat="-39.5631836" lon="-71.5129092">
        <ele>1111.5</ele>
      </trkpt>
      <trkpt lat="-39.5630203" lon="-71.5131184">
        <ele>1111</ele>
      </trkpt>
      <trkpt lat="-39.5629375" lon="-71.5132284">
        <ele>1110.8</ele>
      </trkpt>
      <trkpt lat="-39.5628714" lon="-71.513333">
        <ele>1110.7</ele>
      </trkpt>
      <trkpt lat="-39.5628238" lon="-71.5134242">
        <ele>1110.6</ele>
      </trkpt>
      <trkpt lat="-39.5627866" lon="-71.5135127">
        <ele>1110.6</ele>
      </trkpt>
      <trkpt lat="-39.5627411" lon="-71.5136307">
        <ele>1110.5</ele>
      </trkpt>
      <trkpt lat="-39.5627039" lon="-71.5137568">
        <ele>1110.2</ele>
      </trkpt>
      <trkpt lat="-39.5626853" lon="-71.5138614">
        <ele>1110.2</ele>
      </trkpt>
      <trkpt lat="-39.5626729" lon="-71.513966">
        <ele>1110.2</ele>
      </trkpt>
      <trkpt lat="-39.5626667" lon="-71.5140787">
        <ele>1110.2</ele>
      </trkpt>
      <trkpt lat="-39.5626667" lon="-71.5142047">
        <ele>1110.1</ele>
      </trkpt>
      <trkpt lat="-39.5626729" lon="-71.5143737">
        <ele>1110.1</ele>
      </trkpt>
      <trkpt lat="-39.5626935" lon="-71.5148672">
        <ele>1110</ele>
      </trkpt>
      <trkpt lat="-39.562706" lon="-71.5151113">
        <ele>1110</ele>
      </trkpt>
      <trkpt lat="-39.5627638" lon="-71.5156236">
        <ele>1111.2</ele>
      </trkpt>
      <trkpt lat="-39.5627721" lon="-71.5158007">
        <ele>1111.5</ele>
      </trkpt>
      <trkpt lat="-39.5627866" lon="-71.5159804">
        <ele>1112</ele>
      </trkpt>
      <trkpt lat="-39.5628073" lon="-71.5161574">
        <ele>1112.8</ele>
      </trkpt>
      <trkpt lat="-39.5628362" lon="-71.5163344">
        <ele>1113.8</ele>
      </trkpt>
      <trkpt lat="-39.5628714" lon="-71.5165088">
        <ele>1114.8</ele>
      </trkpt>
      <trkpt lat="-39.5629127" lon="-71.516667">
        <ele>1115.8</ele>
      </trkpt>
      <trkpt lat="-39.5629437" lon="-71.5168306">
        <ele>1116.8</ele>
      </trkpt>
      <trkpt lat="-39.5629686" lon="-71.5169942">
        <ele>1117.8</ele>
      </trkpt>
      <trkpt lat="-39.562981" lon="-71.517131">
        <ele>1118.8</ele>
      </trkpt>
      <trkpt lat="-39.5629892" lon="-71.5172678">
        <ele>1120</ele>
      </trkpt>
      <trkpt lat="-39.5629934" lon="-71.5174046">
        <ele>1121</ele>
      </trkpt>
      <trkpt lat="-39.5628983" lon="-71.5188047">
        <ele>1129.5</ele>
      </trkpt>
      <trkpt lat="-39.5628776" lon="-71.5189952">
        <ele>1131.2</ele>
      </trkpt>
      <trkpt lat="-39.5628507" lon="-71.5191856">
        <ele>1132</ele>
      </trkpt>
      <trkpt lat="-39.5628135" lon="-71.5193734">
        <ele>1132.5</ele>
      </trkpt>
      <trkpt lat="-39.5627763" lon="-71.5195343">
        <ele>1132.8</ele>
      </trkpt>
      <trkpt lat="-39.5627308" lon="-71.5196952">
        <ele>1133</ele>
      </trkpt>
      <trkpt lat="-39.5626811" lon="-71.5198508">
        <ele>1133.5</ele>
      </trkpt>
      <trkpt lat="-39.5626232" lon="-71.5200064">
        <ele>1133.2</ele>
      </trkpt>
      <trkpt lat="-39.5624682" lon="-71.5203899">
        <ele>1132.2</ele>
      </trkpt>
      <trkpt lat="-39.5623193" lon="-71.5207788">
        <ele>1131</ele>
      </trkpt>
      <trkpt lat="-39.5621993" lon="-71.5210953">
        <ele>1130</ele>
      </trkpt>
      <trkpt lat="-39.5620897" lon="-71.5214172">
        <ele>1129.5</ele>
      </trkpt>
      <trkpt lat="-39.5619864" lon="-71.5217444">
        <ele>1128.2</ele>
      </trkpt>
      <trkpt lat="-39.5619036" lon="-71.5220368">
        <ele>1128.8</ele>
      </trkpt>
      <trkpt lat="-39.5618271" lon="-71.5223345">
        <ele>1129.8</ele>
      </trkpt>
      <trkpt lat="-39.5617568" lon="-71.5226349">
        <ele>1130</ele>
      </trkpt>
      <trkpt lat="-39.5616948" lon="-71.522938">
        <ele>1132.2</ele>
      </trkpt>
      <trkpt lat="-39.5616534" lon="-71.5231043">
        <ele>1134</ele>
      </trkpt>
      <trkpt lat="-39.5616079" lon="-71.5232652">
        <ele>1135</ele>
      </trkpt>
      <trkpt lat="-39.5615562" lon="-71.5234235">
        <ele>1135.2</ele>
      </trkpt>
      <trkpt lat="-39.5614984" lon="-71.5235791">
        <ele>1136</ele>
      </trkpt>
      <trkpt lat="-39.5614363" lon="-71.5237293">
        <ele>1136.8</ele>
      </trkpt>
      <trkpt lat="-39.561366" lon="-71.5238795">
        <ele>1137.2</ele>
      </trkpt>
      <trkpt lat="-39.5612916" lon="-71.5240216">
        <ele>1137.5</ele>
      </trkpt>
      <trkpt lat="-39.5608821" lon="-71.5246198">
        <ele>1136.5</ele>
      </trkpt>
      <trkpt lat="-39.5607498" lon="-71.5247673">
        <ele>1136.2</ele>
      </trkpt>
      <trkpt lat="-39.5606216" lon="-71.5249255">
        <ele>1135.8</ele>
      </trkpt>
      <trkpt lat="-39.5604996" lon="-71.5250865">
        <ele>1135.6</ele>
      </trkpt>
      <trkpt lat="-39.5603796" lon="-71.5252554">
        <ele>1135.5</ele>
      </trkpt>
      <trkpt lat="-39.560268" lon="-71.5254298">
        <ele>1136</ele>
      </trkpt>
      <trkpt lat="-39.5601605" lon="-71.5256122">
        <ele>1137.2</ele>
      </trkpt>
      <trkpt lat="-39.560086" lon="-71.5257436">
        <ele>1138.5</ele>
      </trkpt>
      <trkpt lat="-39.5600157" lon="-71.5258777">
        <ele>1139.5</ele>
      </trkpt>
      <trkpt lat="-39.5598772" lon="-71.5261486">
        <ele>1141.5</ele>
      </trkpt>
      <trkpt lat="-39.5597469" lon="-71.5264276">
        <ele>1142.5</ele>
      </trkpt>
      <trkpt lat="-39.5596207" lon="-71.5267119">
        <ele>1142</ele>
      </trkpt>
      <trkpt lat="-39.5594987" lon="-71.5270123">
        <ele>1141.2</ele>
      </trkpt>
      <trkpt lat="-39.559385" lon="-71.5273181">
        <ele>1140.8</ele>
      </trkpt>
      <trkpt lat="-39.5592775" lon="-71.5276292">
        <ele>1139.8</ele>
      </trkpt>
      <trkpt lat="-39.5591803" lon="-71.527943">
        <ele>1139.2</ele>
      </trkpt>
      <trkpt lat="-39.5591348" lon="-71.5280771">
        <ele>1139.1</ele>
      </trkpt>
      <trkpt lat="-39.5590976" lon="-71.5282112">
        <ele>1139</ele>
      </trkpt>
      <trkpt lat="-39.5590665" lon="-71.5283507">
        <ele>1138.5</ele>
      </trkpt>
      <trkpt lat="-39.5590438" lon="-71.5284902">
        <ele>1138.3</ele>
      </trkpt>
      <trkpt lat="-39.5590273" lon="-71.528635">
        <ele>1138</ele>
      </trkpt>
      <trkpt lat="-39.559019" lon="-71.5287772">
        <ele>1138.1</ele>
      </trkpt>
      <trkpt lat="-39.559019" lon="-71.528922">
        <ele>1138.1</ele>
      </trkpt>
      <trkpt lat="-39.5590273" lon="-71.5290669">
        <ele>1138.2</ele>
      </trkpt>
      <trkpt lat="-39.5590335" lon="-71.5291473">
        <ele>1138.2</ele>
      </trkpt>
      <trkpt lat="-39.5590438" lon="-71.5292305">
        <ele>1138.2</ele>
      </trkpt>
      <trkpt lat="-39.5590562" lon="-71.5293941">
        <ele>1138</ele>
      </trkpt>
      <trkpt lat="-39.5590645" lon="-71.5295577">
        <ele>1137.8</ele>
      </trkpt>
      <trkpt lat="-39.5590645" lon="-71.5297025">
        <ele>1137.2</ele>
      </trkpt>
      <trkpt lat="-39.5590583" lon="-71.5298474">
        <ele>1136.5</ele>
      </trkpt>
      <trkpt lat="-39.5590438" lon="-71.5299922">
        <ele>1135.2</ele>
      </trkpt>
      <trkpt lat="-39.5590211" lon="-71.5301344">
        <ele>1134</ele>
      </trkpt>
      <trkpt lat="-39.558988" lon="-71.5302739">
        <ele>1133</ele>
      </trkpt>
      <trkpt lat="-39.5589631" lon="-71.5303597">
        <ele>1132.5</ele>
      </trkpt>
      <trkpt lat="-39.5589363" lon="-71.5304455">
        <ele>1131.8</ele>
      </trkpt>
      <trkpt lat="-39.5588887" lon="-71.5306252">
        <ele>1131.6</ele>
      </trkpt>
      <trkpt lat="-39.5588473" lon="-71.5308049">
        <ele>1131.4</ele>
      </trkpt>
      <trkpt lat="-39.5588101" lon="-71.5310034">
        <ele>1131.2</ele>
      </trkpt>
      <trkpt lat="-39.5587667" lon="-71.5311992">
        <ele>1131</ele>
      </trkpt>
      <trkpt lat="-39.5587171" lon="-71.5313923">
        <ele>1131.8</ele>
      </trkpt>
      <trkpt lat="-39.558684" lon="-71.5315023">
        <ele>1132.2</ele>
      </trkpt>
      <trkpt lat="-39.5586468" lon="-71.5316096">
        <ele>1132</ele>
      </trkpt>
      <trkpt lat="-39.5586013" lon="-71.5317115">
        <ele>1131.2</ele>
      </trkpt>
      <trkpt lat="-39.5585496" lon="-71.5318081">
        <ele>1130.2</ele>
      </trkpt>
      <trkpt lat="-39.5584917" lon="-71.5318993">
        <ele>1129.5</ele>
      </trkpt>
      <trkpt lat="-39.5584276" lon="-71.5319851">
        <ele>1129</ele>
      </trkpt>
      <trkpt lat="-39.5583593" lon="-71.5320656">
        <ele>1128.5</ele>
      </trkpt>
      <trkpt lat="-39.5582849" lon="-71.5321353">
        <ele>1127.8</ele>
      </trkpt>
      <trkpt lat="-39.5580781" lon="-71.5323821">
        <ele>1125.5</ele>
      </trkpt>
      <trkpt lat="-39.557985" lon="-71.5324947">
        <ele>1124</ele>
      </trkpt>
      <trkpt lat="-39.5578982" lon="-71.5326181">
        <ele>1123</ele>
      </trkpt>
      <trkpt lat="-39.5578175" lon="-71.5327495">
        <ele>1122.5</ele>
      </trkpt>
      <trkpt lat="-39.5577431" lon="-71.5328863">
        <ele>1122.4</ele>
      </trkpt>
      <trkpt lat="-39.557679" lon="-71.5330312">
        <ele>1122.2</ele>
      </trkpt>
      <trkpt lat="-39.5576273" lon="-71.5331599">
        <ele>1122.8</ele>
      </trkpt>
      <trkpt lat="-39.5575818" lon="-71.533294">
        <ele>1123.5</ele>
      </trkpt>
      <trkpt lat="-39.5575425" lon="-71.5334335">
        <ele>1124.8</ele>
      </trkpt>
      <trkpt lat="-39.5575094" lon="-71.533573">
        <ele>1126.2</ele>
      </trkpt>
      <trkpt lat="-39.5574846" lon="-71.5337151">
        <ele>1128.2</ele>
      </trkpt>
      <trkpt lat="-39.5572799" lon="-71.534906">
        <ele>1141.5</ele>
      </trkpt>
      <trkpt lat="-39.5572633" lon="-71.535008">
        <ele>1141.8</ele>
      </trkpt>
      <trkpt lat="-39.5572364" lon="-71.5351045">
        <ele>1142</ele>
      </trkpt>
      <trkpt lat="-39.5572013" lon="-71.5351957">
        <ele>1141.8</ele>
      </trkpt>
      <trkpt lat="-39.5571599" lon="-71.5352815">
        <ele>1141.2</ele>
      </trkpt>
      <trkpt lat="-39.5571103" lon="-71.535362">
        <ele>1140.2</ele>
      </trkpt>
      <trkpt lat="-39.5570565" lon="-71.5354371">
        <ele>1139</ele>
      </trkpt>
      <trkpt lat="-39.5569986" lon="-71.5355015">
        <ele>1137.5</ele>
      </trkpt>
      <trkpt lat="-39.5569324" lon="-71.5355578">
        <ele>1136</ele>
      </trkpt>
      <trkpt lat="-39.5568642" lon="-71.5356034">
        <ele>1134.2</ele>
      </trkpt>
      <trkpt lat="-39.5567939" lon="-71.5356436">
        <ele>1132.8</ele>
      </trkpt>
      <trkpt lat="-39.556645" lon="-71.5357348">
        <ele>1130.8</ele>
      </trkpt>
      <trkpt lat="-39.5564961" lon="-71.5358207">
        <ele>1128.8</ele>
      </trkpt>
      <trkpt lat="-39.5563431" lon="-71.5358984">
        <ele>1127.2</ele>
      </trkpt>
      <trkpt lat="-39.556188" lon="-71.5359709">
        <ele>1126.2</ele>
      </trkpt>
      <trkpt lat="-39.5560804" lon="-71.5360138">
        <ele>1125.8</ele>
      </trkpt>
      <trkpt lat="-39.5559729" lon="-71.5360567">
        <ele>1126</ele>
      </trkpt>
      <trkpt lat="-39.5557558" lon="-71.5361345">
        <ele>1127.8</ele>
      </trkpt>
      <trkpt lat="-39.5555345" lon="-71.5362042">
        <ele>1128.3</ele>
      </trkpt>
      <trkpt lat="-39.5553277" lon="-71.5362659">
        <ele>1128.8</ele>
      </trkpt>
      <trkpt lat="-39.5551167" lon="-71.5363196">
        <ele>1128.2</ele>
      </trkpt>
      <trkpt lat="-39.5549079" lon="-71.5363678">
        <ele>1127.2</ele>
      </trkpt>
      <trkpt lat="-39.5548252" lon="-71.5364027">
        <ele>1127</ele>
      </trkpt>
      <trkpt lat="-39.5547486" lon="-71.536451">
        <ele>1127</ele>
      </trkpt>
      <trkpt lat="-39.5546763" lon="-71.53651">
        <ele>1126.9</ele>
      </trkpt>
      <trkpt lat="-39.554608" lon="-71.5365797">
        <ele>1126.9</ele>
      </trkpt>
      <trkpt lat="-39.554548" lon="-71.5366575">
        <ele>1126.9</ele>
      </trkpt>
      <trkpt lat="-39.5544943" lon="-71.5367433">
        <ele>1126.8</ele>
      </trkpt>
      <trkpt lat="-39.5544467" lon="-71.5368345">
        <ele>1126.8</ele>
      </trkpt>
      <trkpt lat="-39.5544074" lon="-71.5369338">
        <ele>1126.8</ele>
      </trkpt>
      <trkpt lat="-39.5543764" lon="-71.5370357">
        <ele>1127</ele>
      </trkpt>
      <trkpt lat="-39.5543557" lon="-71.537143">
        <ele>1127.1</ele>
      </trkpt>
      <trkpt lat="-39.5543433" lon="-71.5372503">
        <ele>1127.2</ele>
      </trkpt>
      <trkpt lat="-39.5543392" lon="-71.5373603">
        <ele>1127.5</ele>
      </trkpt>
      <trkpt lat="-39.5543454" lon="-71.5374702">
        <ele>1127.8</ele>
      </trkpt>
      <trkpt lat="-39.5543929" lon="-71.5383419">
        <ele>1128</ele>
      </trkpt>
      <trkpt lat="-39.5544198" lon="-71.5385056">
        <ele>1128.2</ele>
      </trkpt>
      <trkpt lat="-39.5544364" lon="-71.5386745">
        <ele>1128.5</ele>
      </trkpt>
      <trkpt lat="-39.5544467" lon="-71.5388435">
        <ele>1128.6</ele>
      </trkpt>
      <trkpt lat="-39.5544488" lon="-71.5390098">
        <ele>1128.8</ele>
      </trkpt>
      <trkpt lat="-39.5544426" lon="-71.5391573">
        <ele>1128.2</ele>
      </trkpt>
      <trkpt lat="-39.5544302" lon="-71.5393049">
        <ele>1127.5</ele>
      </trkpt>
      <trkpt lat="-39.5544136" lon="-71.5394524">
        <ele>1126.8</ele>
      </trkpt>
      <trkpt lat="-39.5543909" lon="-71.5395945">
        <ele>1125.8</ele>
      </trkpt>
      <trkpt lat="-39.5543619" lon="-71.5397367">
        <ele>1125</ele>
      </trkpt>
      <trkpt lat="-39.5543288" lon="-71.5398735">
        <ele>1124.2</ele>
      </trkpt>
      <trkpt lat="-39.5542895" lon="-71.5400103">
        <ele>1123.2</ele>
      </trkpt>
      <trkpt lat="-39.554244" lon="-71.5401417">
        <ele>1122</ele>
      </trkpt>
      <trkpt lat="-39.554182" lon="-71.5403885">
        <ele>1120.5</ele>
      </trkpt>
      <trkpt lat="-39.5541262" lon="-71.5406352">
        <ele>1119</ele>
      </trkpt>
      <trkpt lat="-39.5540765" lon="-71.5408847">
        <ele>1118.6</ele>
      </trkpt>
      <trkpt lat="-39.5540352" lon="-71.5411341">
        <ele>1118.2</ele>
      </trkpt>
      <trkpt lat="-39.5539979" lon="-71.5413916">
        <ele>1117.8</ele>
      </trkpt>
      <trkpt lat="-39.553969" lon="-71.5416491">
        <ele>1118</ele>
      </trkpt>
      <trkpt lat="-39.5539462" lon="-71.5419093">
        <ele>1118.5</ele>
      </trkpt>
      <trkpt lat="-39.5539442" lon="-71.5420568">
        <ele>1118.8</ele>
      </trkpt>
      <trkpt lat="-39.5539483" lon="-71.542207">
        <ele>1119</ele>
      </trkpt>
      <trkpt lat="-39.5539566" lon="-71.5423545">
        <ele>1119.2</ele>
      </trkpt>
      <trkpt lat="-39.5539731" lon="-71.542502">
        <ele>1119.8</ele>
      </trkpt>
      <trkpt lat="-39.5539959" lon="-71.5426496">
        <ele>1120.5</ele>
      </trkpt>
      <trkpt lat="-39.554029" lon="-71.5428051">
        <ele>1120.6</ele>
      </trkpt>
      <trkpt lat="-39.5540683" lon="-71.5429607">
        <ele>1120.6</ele>
      </trkpt>
      <trkpt lat="-39.5541158" lon="-71.5431136">
        <ele>1120.7</ele>
      </trkpt>
      <trkpt lat="-39.5541696" lon="-71.5432584">
        <ele>1120.8</ele>
      </trkpt>
      <trkpt lat="-39.5546101" lon="-71.5445083">
        <ele>1117.6</ele>
      </trkpt>
      <trkpt lat="-39.5547011" lon="-71.5447202">
        <ele>1117</ele>
      </trkpt>
      <trkpt lat="-39.55479" lon="-71.5448946">
        <ele>1117.5</ele>
      </trkpt>
      <trkpt lat="-39.5549017" lon="-71.545085">
        <ele>1118.8</ele>
      </trkpt>
      <trkpt lat="-39.5550899" lon="-71.5453425">
        <ele>1120.5</ele>
      </trkpt>
      <trkpt lat="-39.5553422" lon="-71.545659">
        <ele>1122</ele>
      </trkpt>
      <trkpt lat="-39.5555035" lon="-71.5458682">
        <ele>1123.2</ele>
      </trkpt>
      <trkpt lat="-39.5556255" lon="-71.5460721">
        <ele>1123.5</ele>
      </trkpt>
      <trkpt lat="-39.5557537" lon="-71.5463188">
        <ele>1122.2</ele>
      </trkpt>
      <trkpt lat="-39.5558695" lon="-71.5466246">
        <ele>1120.5</ele>
      </trkpt>
      <trkpt lat="-39.555975" lon="-71.5469304">
        <ele>1118.8</ele>
      </trkpt>
      <trkpt lat="-39.556097" lon="-71.5473568">
        <ele>1114.8</ele>
      </trkpt>
      <trkpt lat="-39.5563431" lon="-71.5481964">
        <ele>1108.2</ele>
      </trkpt>
      <trkpt lat="-39.5566657" lon="-71.5493014">
        <ele>1102</ele>
      </trkpt>
      <trkpt lat="-39.5571971" lon="-71.5510342">
        <ele>1104.5</ele>
      </trkpt>
      <trkpt lat="-39.5575135" lon="-71.5521526">
        <ele>1105.5</ele>
      </trkpt>
      <trkpt lat="-39.5576914" lon="-71.55274">
        <ele>1106.5</ele>
      </trkpt>
      <trkpt lat="-39.5577948" lon="-71.5530378">
        <ele>1108.5</ele>
      </trkpt>
      <trkpt lat="-39.5578982" lon="-71.5533248">
        <ele>1110.5</ele>
      </trkpt>
      <trkpt lat="-39.558107" lon="-71.5538424">
        <ele>1114.2</ele>
      </trkpt>
      <trkpt lat="-39.5584958" lon="-71.5547973">
        <ele>1120</ele>
      </trkpt>
      <trkpt lat="-39.5587315" lon="-71.5553579">
        <ele>1121.2</ele>
      </trkpt>
      <trkpt lat="-39.5587936" lon="-71.5554947">
        <ele>1121.1</ele>
      </trkpt>
      <trkpt lat="-39.5588391" lon="-71.5555912">
        <ele>1121</ele>
      </trkpt>
      <trkpt lat="-39.558899" lon="-71.5556905">
        <ele>1120.8</ele>
      </trkpt>
      <trkpt lat="-39.5589445" lon="-71.5557548">
        <ele>1120.5</ele>
      </trkpt>
      <trkpt lat="-39.5590066" lon="-71.5558299">
        <ele>1120.2</ele>
      </trkpt>
      <trkpt lat="-39.559079" lon="-71.555897">
        <ele>1120.2</ele>
      </trkpt>
      <trkpt lat="-39.5591431" lon="-71.5559506">
        <ele>1120.1</ele>
      </trkpt>
      <trkpt lat="-39.5592092" lon="-71.5559936">
        <ele>1120.1</ele>
      </trkpt>
      <trkpt lat="-39.5592857" lon="-71.5560257">
        <ele>1120</ele>
      </trkpt>
      <trkpt lat="-39.5593788" lon="-71.5560552">
        <ele>1120.2</ele>
      </trkpt>
      <trkpt lat="-39.5594946" lon="-71.5560874">
        <ele>1120.8</ele>
      </trkpt>
      <trkpt lat="-39.5597035" lon="-71.5561384">
        <ele>1121.2</ele>
      </trkpt>
      <trkpt lat="-39.5604996" lon="-71.5563208">
        <ele>1122.2</ele>
      </trkpt>
      <trkpt lat="-39.5611261" lon="-71.556479">
        <ele>1123.5</ele>
      </trkpt>
      <trkpt lat="-39.5613784" lon="-71.5565515">
        <ele>1124.8</ele>
      </trkpt>
      <trkpt lat="-39.561519" lon="-71.5565997">
        <ele>1125</ele>
      </trkpt>
      <trkpt lat="-39.5616576" lon="-71.5566587">
        <ele>1125.2</ele>
      </trkpt>
      <trkpt lat="-39.5618023" lon="-71.5567231">
        <ele>1125.5</ele>
      </trkpt>
      <trkpt lat="-39.5620897" lon="-71.5568653">
        <ele>1125</ele>
      </trkpt>
      <trkpt lat="-39.563258" lon="-71.5574473">
        <ele>1115.8</ele>
      </trkpt>
      <trkpt lat="-39.5635517" lon="-71.5575948">
        <ele>1114</ele>
      </trkpt>
      <trkpt lat="-39.5637957" lon="-71.5577209">
        <ele>1112.8</ele>
      </trkpt>
      <trkpt lat="-39.5641079" lon="-71.5578899">
        <ele>1111.2</ele>
      </trkpt>
      <trkpt lat="-39.5643085" lon="-71.5580025">
        <ele>1109.5</ele>
      </trkpt>
      <trkpt lat="-39.5644594" lon="-71.5580991">
        <ele>1109</ele>
      </trkpt>
      <trkpt lat="-39.5647448" lon="-71.5582868">
        <ele>1108.2</ele>
      </trkpt>
      <trkpt lat="-39.564906" lon="-71.5583968">
        <ele>1107.5</ele>
      </trkpt>
      <trkpt lat="-39.5651356" lon="-71.5585658">
        <ele>1107</ele>
      </trkpt>
      <trkpt lat="-39.5655863" lon="-71.5589011">
        <ele>1105.8</ele>
      </trkpt>
      <trkpt lat="-39.5659089" lon="-71.5591425">
        <ele>1104</ele>
      </trkpt>
      <trkpt lat="-39.5661094" lon="-71.5592846">
        <ele>1103.2</ele>
      </trkpt>
      <trkpt lat="-39.5662604" lon="-71.5593892">
        <ele>1102</ele>
      </trkpt>
      <trkpt lat="-39.5663886" lon="-71.5594643">
        <ele>1100.5</ele>
      </trkpt>
      <trkpt lat="-39.5665313" lon="-71.5595394">
        <ele>1098.8</ele>
      </trkpt>
      <trkpt lat="-39.5666905" lon="-71.5596065">
        <ele>1096.8</ele>
      </trkpt>
      <trkpt lat="-39.5668497" lon="-71.5596735">
        <ele>1094.5</ele>
      </trkpt>
      <trkpt lat="-39.5669944" lon="-71.5597218">
        <ele>1092.8</ele>
      </trkpt>
      <trkpt lat="-39.5671371" lon="-71.5597701">
        <ele>1090.8</ele>
      </trkpt>
      <trkpt lat="-39.5674762" lon="-71.5598747">
        <ele>1086.5</ele>
      </trkpt>
      <trkpt lat="-39.5676561" lon="-71.5599337">
        <ele>1084.8</ele>
      </trkpt>
      <trkpt lat="-39.5677863" lon="-71.559982">
        <ele>1083.5</ele>
      </trkpt>
      <trkpt lat="-39.5679228" lon="-71.5600437">
        <ele>1082</ele>
      </trkpt>
      <trkpt lat="-39.5681047" lon="-71.5601349">
        <ele>1080.8</ele>
      </trkpt>
      <trkpt lat="-39.568328" lon="-71.5602583">
        <ele>1078.8</ele>
      </trkpt>
      <trkpt lat="-39.5685513" lon="-71.5603843">
        <ele>1076.5</ele>
      </trkpt>
      <trkpt lat="-39.5690248" lon="-71.5606579">
        <ele>1074.5</ele>
      </trkpt>
      <trkpt lat="-39.5697009" lon="-71.5610576">
        <ele>1068.8</ele>
      </trkpt>
      <trkpt lat="-39.5703812" lon="-71.5614787">
        <ele>1061</ele>
      </trkpt>
      <trkpt lat="-39.5704597" lon="-71.5615296">
        <ele>1060.5</ele>
      </trkpt>
      <trkpt lat="-39.5705445" lon="-71.5615967">
        <ele>1060</ele>
      </trkpt>
      <trkpt lat="-39.5706272" lon="-71.5616718">
        <ele>1059.2</ele>
      </trkpt>
      <trkpt lat="-39.5706706" lon="-71.5617201">
        <ele>1058.8</ele>
      </trkpt>
      <trkpt lat="-39.5707451" lon="-71.5618166">
        <ele>1057.5</ele>
      </trkpt>
      <trkpt lat="-39.5707947" lon="-71.5619051">
        <ele>1056</ele>
      </trkpt>
      <trkpt lat="-39.5708319" lon="-71.5620258">
        <ele>1053.8</ele>
      </trkpt>
      <trkpt lat="-39.5708588" lon="-71.5621734">
        <ele>1051</ele>
      </trkpt>
      <trkpt lat="-39.570865" lon="-71.5623021">
        <ele>1048.5</ele>
      </trkpt>
      <trkpt lat="-39.5708526" lon="-71.5624496">
        <ele>1046.2</ele>
      </trkpt>
      <trkpt lat="-39.5708278" lon="-71.5625811">
        <ele>1045</ele>
      </trkpt>
      <trkpt lat="-39.5707533" lon="-71.5628949">
        <ele>1046.7</ele>
      </trkpt>
      <trkpt lat="-39.5705776" lon="-71.5634689">
        <ele>1050</ele>
      </trkpt>
      <trkpt lat="-39.5705321" lon="-71.5635788">
        <ele>1053.5</ele>
      </trkpt>
      <trkpt lat="-39.570499" lon="-71.5636486">
        <ele>1055.8</ele>
      </trkpt>
      <trkpt lat="-39.5704577" lon="-71.5637049">
        <ele>1057.8</ele>
      </trkpt>
      <trkpt lat="-39.570406" lon="-71.5637478">
        <ele>1059.5</ele>
      </trkpt>
      <trkpt lat="-39.5703626" lon="-71.5637693">
        <ele>1060.5</ele>
      </trkpt>
      <trkpt lat="-39.5703026" lon="-71.5637773">
        <ele>1061</ele>
      </trkpt>
      <trkpt lat="-39.570069" lon="-71.5638041">
        <ele>1062.8</ele>
      </trkpt>
      <trkpt lat="-39.5695293" lon="-71.5638363">
        <ele>1063</ele>
      </trkpt>
      <trkpt lat="-39.5690538" lon="-71.5638685">
        <ele>1061</ele>
      </trkpt>
      <trkpt lat="-39.5687602" lon="-71.5638953">
        <ele>1059</ele>
      </trkpt>
      <trkpt lat="-39.5683715" lon="-71.5639329">
        <ele>1056.8</ele>
      </trkpt>
      <trkpt lat="-39.5681068" lon="-71.5639544">
        <ele>1055.2</ele>
      </trkpt>
      <trkpt lat="-39.5674907" lon="-71.5640026">
        <ele>1054.8</ele>
      </trkpt>
      <trkpt lat="-39.5672281" lon="-71.5640268">
        <ele>1057.2</ele>
      </trkpt>
      <trkpt lat="-39.567011" lon="-71.5640482">
        <ele>1059.8</ele>
      </trkpt>
      <trkpt lat="-39.5663204" lon="-71.564126">
        <ele>1066.2</ele>
      </trkpt>
      <trkpt lat="-39.5659875" lon="-71.5641636">
        <ele>1066.5</ele>
      </trkpt>
      <trkpt lat="-39.5655967" lon="-71.5641984">
        <ele>1066.2</ele>
      </trkpt>
      <trkpt lat="-39.5648668" lon="-71.5642548">
        <ele>1064</ele>
      </trkpt>
      <trkpt lat="-39.564476" lon="-71.5642735">
        <ele>1063.2</ele>
      </trkpt>
      <trkpt lat="-39.5641555" lon="-71.5642816">
        <ele>1063</ele>
      </trkpt>
      <trkpt lat="-39.5638494" lon="-71.5642762">
        <ele>1062.8</ele>
      </trkpt>
      <trkpt lat="-39.5635744" lon="-71.5642574">
        <ele>1063</ele>
      </trkpt>
      <trkpt lat="-39.5632126" lon="-71.5642253">
        <ele>1063.8</ele>
      </trkpt>
      <trkpt lat="-39.562981" lon="-71.5641958">
        <ele>1065.2</ele>
      </trkpt>
      <trkpt lat="-39.5626046" lon="-71.5641233">
        <ele>1066.8</ele>
      </trkpt>
      <trkpt lat="-39.5620256" lon="-71.5639919">
        <ele>1067.8</ele>
      </trkpt>
      <trkpt lat="-39.5615749" lon="-71.56389">
        <ele>1066.8</ele>
      </trkpt>
      <trkpt lat="-39.5609049" lon="-71.5637425">
        <ele>1062.8</ele>
      </trkpt>
      <trkpt lat="-39.5605079" lon="-71.5636566">
        <ele>1060.8</ele>
      </trkpt>
      <trkpt lat="-39.5600881" lon="-71.5635842">
        <ele>1060</ele>
      </trkpt>
      <trkpt lat="-39.5596497" lon="-71.563493">
        <ele>1058.5</ele>
      </trkpt>
      <trkpt lat="-39.5589694" lon="-71.5633535">
        <ele>1057.5</ele>
      </trkpt>
      <trkpt lat="-39.5587357" lon="-71.5633106">
        <ele>1057.2</ele>
      </trkpt>
      <trkpt lat="-39.5585372" lon="-71.5632784">
        <ele>1056.2</ele>
      </trkpt>
      <trkpt lat="-39.5584069" lon="-71.563265">
        <ele>1055.8</ele>
      </trkpt>
      <trkpt lat="-39.5582683" lon="-71.5632597">
        <ele>1055</ele>
      </trkpt>
      <trkpt lat="-39.5581298" lon="-71.563257">
        <ele>1054.2</ele>
      </trkpt>
      <trkpt lat="-39.5579892" lon="-71.5632623">
        <ele>1053.5</ele>
      </trkpt>
      <trkpt lat="-39.5577948" lon="-71.5632784">
        <ele>1052</ele>
      </trkpt>
      <trkpt lat="-39.5576273" lon="-71.5632972">
        <ele>1051.5</ele>
      </trkpt>
      <trkpt lat="-39.5574536" lon="-71.5633321">
        <ele>1051</ele>
      </trkpt>
      <trkpt lat="-39.557253" lon="-71.5633777">
        <ele>1050</ele>
      </trkpt>
      <trkpt lat="-39.5571082" lon="-71.5634152">
        <ele>1049</ele>
      </trkpt>
      <trkpt lat="-39.557011" lon="-71.5634474">
        <ele>1048.8</ele>
      </trkpt>
      <trkpt lat="-39.5568477" lon="-71.5635064">
        <ele>1048.2</ele>
      </trkpt>
      <trkpt lat="-39.5566884" lon="-71.5635788">
        <ele>1047.5</ele>
      </trkpt>
      <trkpt lat="-39.5565457" lon="-71.5636459">
        <ele>1047</ele>
      </trkpt>
      <trkpt lat="-39.5563679" lon="-71.5637344">
        <ele>1045.8</ele>
      </trkpt>
      <trkpt lat="-39.5561445" lon="-71.5638578">
        <ele>1044.5</ele>
      </trkpt>
      <trkpt lat="-39.5558571" lon="-71.5640214">
        <ele>1043.2</ele>
      </trkpt>
      <trkpt lat="-39.5556255" lon="-71.5641502">
        <ele>1041.8</ele>
      </trkpt>
      <trkpt lat="-39.5554187" lon="-71.5642467">
        <ele>1039.8</ele>
      </trkpt>
      <trkpt lat="-39.555156" lon="-71.564354">
        <ele>1038.2</ele>
      </trkpt>
      <trkpt lat="-39.5549865" lon="-71.5644103">
        <ele>1037.2</ele>
      </trkpt>
      <trkpt lat="-39.5548417" lon="-71.5644398">
        <ele>1035.5</ele>
      </trkpt>
      <trkpt lat="-39.5546597" lon="-71.5644693">
        <ele>1032.8</ele>
      </trkpt>
      <trkpt lat="-39.5544674" lon="-71.5644827">
        <ele>1030</ele>
      </trkpt>
      <trkpt lat="-39.5543123" lon="-71.5644854">
        <ele>1028</ele>
      </trkpt>
      <trkpt lat="-39.5541158" lon="-71.5644667">
        <ele>1025.5</ele>
      </trkpt>
      <trkpt lat="-39.5538925" lon="-71.5644264">
        <ele>1022.8</ele>
      </trkpt>
      <trkpt lat="-39.553634" lon="-71.5643835">
        <ele>1020.2</ele>
      </trkpt>
      <trkpt lat="-39.5533217" lon="-71.5643218">
        <ele>1018.5</ele>
      </trkpt>
      <trkpt lat="-39.552693" lon="-71.564177">
        <ele>1013.8</ele>
      </trkpt>
      <trkpt lat="-39.5525565" lon="-71.5641528">
        <ele>1013.2</ele>
      </trkpt>
      <trkpt lat="-39.5524696" lon="-71.5641421">
        <ele>1013</ele>
      </trkpt>
      <trkpt lat="-39.5523621" lon="-71.5641394">
        <ele>1012.8</ele>
      </trkpt>
      <trkpt lat="-39.552267" lon="-71.5641502">
        <ele>1012.5</ele>
      </trkpt>
      <trkpt lat="-39.5521636" lon="-71.5641662">
        <ele>1012.2</ele>
      </trkpt>
      <trkpt lat="-39.5520705" lon="-71.5641904">
        <ele>1012.2</ele>
      </trkpt>
      <trkpt lat="-39.5519878" lon="-71.5642306">
        <ele>1012.1</ele>
      </trkpt>
      <trkpt lat="-39.5518864" lon="-71.564295">
        <ele>1012.1</ele>
      </trkpt>
      <trkpt lat="-39.5518016" lon="-71.5643647">
        <ele>1012</ele>
      </trkpt>
      <trkpt lat="-39.5517417" lon="-71.5644291">
        <ele>1011.8</ele>
      </trkpt>
      <trkpt lat="-39.5516693" lon="-71.564531">
        <ele>1011.5</ele>
      </trkpt>
      <trkpt lat="-39.551539" lon="-71.5647376">
        <ele>1010.8</ele>
      </trkpt>
      <trkpt lat="-39.5513859" lon="-71.564979">
        <ele>1009.5</ele>
      </trkpt>
      <trkpt lat="-39.5513094" lon="-71.565097">
        <ele>1009</ele>
      </trkpt>
      <trkpt lat="-39.5512164" lon="-71.5652123">
        <ele>1009</ele>
      </trkpt>
      <trkpt lat="-39.5511626" lon="-71.565274">
        <ele>1008</ele>
      </trkpt>
      <trkpt lat="-39.5510344" lon="-71.5653947">
        <ele>1007.2</ele>
      </trkpt>
      <trkpt lat="-39.5509372" lon="-71.5654725">
        <ele>1006.8</ele>
      </trkpt>
      <trkpt lat="-39.5508193" lon="-71.5655476">
        <ele>1006.2</ele>
      </trkpt>
      <trkpt lat="-39.5506704" lon="-71.5656307">
        <ele>1006</ele>
      </trkpt>
      <trkpt lat="-39.5505318" lon="-71.5656924">
        <ele>1005.8</ele>
      </trkpt>
      <trkpt lat="-39.5503539" lon="-71.5657622">
        <ele>1005.5</ele>
      </trkpt>
      <trkpt lat="-39.5501844" lon="-71.5658104">
        <ele>1005.2</ele>
      </trkpt>
      <trkpt lat="-39.5500851" lon="-71.5658265">
        <ele>1005</ele>
      </trkpt>
      <trkpt lat="-39.5499755" lon="-71.5658346">
        <ele>1005.1</ele>
      </trkpt>
      <trkpt lat="-39.5498121" lon="-71.5658346">
        <ele>1005.2</ele>
      </trkpt>
      <trkpt lat="-39.549659" lon="-71.5658104">
        <ele>1005.2</ele>
      </trkpt>
      <trkpt lat="-39.5495432" lon="-71.5657756">
        <ele>1005.5</ele>
      </trkpt>
      <trkpt lat="-39.5493695" lon="-71.5657246">
        <ele>1006</ele>
      </trkpt>
      <trkpt lat="-39.5492495" lon="-71.5656924">
        <ele>1006.5</ele>
      </trkpt>
      <trkpt lat="-39.549022" lon="-71.5656388">
        <ele>1007.2</ele>
      </trkpt>
      <trkpt lat="-39.5487987" lon="-71.5655878">
        <ele>1007.5</ele>
      </trkpt>
      <trkpt lat="-39.5486704" lon="-71.565569">
        <ele>1007</ele>
      </trkpt>
      <trkpt lat="-39.5485133" lon="-71.5655556">
        <ele>1005.5</ele>
      </trkpt>
      <trkpt lat="-39.5479735" lon="-71.5655449">
        <ele>996.8</ele>
      </trkpt>
      <trkpt lat="-39.547808" lon="-71.5655449">
        <ele>993</ele>
      </trkpt>
      <trkpt lat="-39.547688" lon="-71.5655288">
        <ele>990.5</ele>
      </trkpt>
      <trkpt lat="-39.5476032" lon="-71.56551">
        <ele>989</ele>
      </trkpt>
      <trkpt lat="-39.5475205" lon="-71.5654671">
        <ele>988.2</ele>
      </trkpt>
      <trkpt lat="-39.5474026" lon="-71.565392">
        <ele>987.2</ele>
      </trkpt>
      <trkpt lat="-39.5473075" lon="-71.5653276">
        <ele>986.2</ele>
      </trkpt>
      <trkpt lat="-39.5472268" lon="-71.5652552">
        <ele>985.5</ele>
      </trkpt>
      <trkpt lat="-39.5471586" lon="-71.5651909">
        <ele>984.8</ele>
      </trkpt>
      <trkpt lat="-39.547082" lon="-71.5650916">
        <ele>984</ele>
      </trkpt>
      <trkpt lat="-39.5470221" lon="-71.564979">
        <ele>983.8</ele>
      </trkpt>
      <trkpt lat="-39.5469373" lon="-71.564759">
        <ele>983</ele>
      </trkpt>
      <trkpt lat="-39.5468918" lon="-71.564633">
        <ele>982.8</ele>
      </trkpt>
      <trkpt lat="-39.5468463" lon="-71.5645015">
        <ele>982.5</ele>
      </trkpt>
      <trkpt lat="-39.5468008" lon="-71.5644023">
        <ele>982</ele>
      </trkpt>
      <trkpt lat="-39.5467366" lon="-71.5643325">
        <ele>980.8</ele>
      </trkpt>
      <trkpt lat="-39.5466746" lon="-71.5642816">
        <ele>979.5</ele>
      </trkpt>
      <trkpt lat="-39.5466084" lon="-71.5642467">
        <ele>978.2</ele>
      </trkpt>
      <trkpt lat="-39.5465402" lon="-71.5642306">
        <ele>977</ele>
      </trkpt>
      <trkpt lat="-39.5464698" lon="-71.5642333">
        <ele>975.8</ele>
      </trkpt>
      <trkpt lat="-39.5464057" lon="-71.5642548">
        <ele>974.5</ele>
      </trkpt>
      <trkpt lat="-39.5463416" lon="-71.5642869">
        <ele>973.2</ele>
      </trkpt>
      <trkpt lat="-39.5462775" lon="-71.5643433">
        <ele>972</ele>
      </trkpt>
      <trkpt lat="-39.5462382" lon="-71.5644023">
        <ele>971.2</ele>
      </trkpt>
      <trkpt lat="-39.546201" lon="-71.564472">
        <ele>970.5</ele>
      </trkpt>
      <trkpt lat="-39.5461679" lon="-71.5645552">
        <ele>969.8</ele>
      </trkpt>
      <trkpt lat="-39.5461472" lon="-71.5646356">
        <ele>969</ele>
      </trkpt>
      <trkpt lat="-39.5461286" lon="-71.5647644">
        <ele>968</ele>
      </trkpt>
      <trkpt lat="-39.5461203" lon="-71.5649414">
        <ele>966.8</ele>
      </trkpt>
      <trkpt lat="-39.5461224" lon="-71.5652257">
        <ele>964.5</ele>
      </trkpt>
      <trkpt lat="-39.5461162" lon="-71.5654296">
        <ele>961.5</ele>
      </trkpt>
      <trkpt lat="-39.5461079" lon="-71.5655556">
        <ele>958.8</ele>
      </trkpt>
      <trkpt lat="-39.5460955" lon="-71.5656334">
        <ele>956.8</ele>
      </trkpt>
      <trkpt lat="-39.546052" lon="-71.5657327">
        <ele>953.8</ele>
      </trkpt>
      <trkpt lat="-39.5460169" lon="-71.565789">
        <ele>951.8</ele>
      </trkpt>
      <trkpt lat="-39.5459714" lon="-71.5658319">
        <ele>950</ele>
      </trkpt>
      <trkpt lat="-39.5459259" lon="-71.5658641">
        <ele>948.5</ele>
      </trkpt>
      <trkpt lat="-39.5458556" lon="-71.5658963">
        <ele>946.8</ele>
      </trkpt>
      <trkpt lat="-39.5457956" lon="-71.565907">
        <ele>945.5</ele>
      </trkpt>
      <trkpt lat="-39.5457315" lon="-71.5659043">
        <ele>944.5</ele>
      </trkpt>
      <trkpt lat="-39.5456797" lon="-71.5658855">
        <ele>944.3</ele>
      </trkpt>
      <trkpt lat="-39.5456322" lon="-71.5658453">
        <ele>944</ele>
      </trkpt>
      <trkpt lat="-39.5455805" lon="-71.5657783">
        <ele>944.2</ele>
      </trkpt>
      <trkpt lat="-39.5455267" lon="-71.5657032">
        <ele>944.5</ele>
      </trkpt>
      <trkpt lat="-39.545384" lon="-71.5654296">
        <ele>947.5</ele>
      </trkpt>
      <trkpt lat="-39.5452619" lon="-71.5652096">
        <ele>948.5</ele>
      </trkpt>
      <trkpt lat="-39.5451709" lon="-71.5650567">
        <ele>948.2</ele>
      </trkpt>
      <trkpt lat="-39.5450861" lon="-71.5649253">
        <ele>947.5</ele>
      </trkpt>
      <trkpt lat="-39.5449765" lon="-71.5647778">
        <ele>946.2</ele>
      </trkpt>
      <trkpt lat="-39.5449021" lon="-71.5646759">
        <ele>945.5</ele>
      </trkpt>
      <trkpt lat="-39.5448504" lon="-71.5645847">
        <ele>945</ele>
      </trkpt>
      <trkpt lat="-39.5448193" lon="-71.5645123">
        <ele>944.8</ele>
      </trkpt>
      <trkpt lat="-39.5447966" lon="-71.5644211">
        <ele>944.5</ele>
      </trkpt>
      <trkpt lat="-39.5447904" lon="-71.5643191">
        <ele>944.8</ele>
      </trkpt>
      <trkpt lat="-39.5447966" lon="-71.5642333">
        <ele>945</ele>
      </trkpt>
      <trkpt lat="-39.5448111" lon="-71.5641716">
        <ele>945.5</ele>
      </trkpt>
      <trkpt lat="-39.5448379" lon="-71.5641046">
        <ele>946.2</ele>
      </trkpt>
      <trkpt lat="-39.5448752" lon="-71.5640348">
        <ele>947.2</ele>
      </trkpt>
      <trkpt lat="-39.544929" lon="-71.5639168">
        <ele>948.8</ele>
      </trkpt>
      <trkpt lat="-39.5449558" lon="-71.5638497">
        <ele>949.2</ele>
      </trkpt>
      <trkpt lat="-39.5449765" lon="-71.5637693">
        <ele>949.8</ele>
      </trkpt>
      <trkpt lat="-39.5449869" lon="-71.5636942">
        <ele>949.9</ele>
      </trkpt>
      <trkpt lat="-39.5449869" lon="-71.5636352">
        <ele>950</ele>
      </trkpt>
      <trkpt lat="-39.5449724" lon="-71.5635547">
        <ele>949.8</ele>
      </trkpt>
      <trkpt lat="-39.5449538" lon="-71.5635064">
        <ele>949.2</ele>
      </trkpt>
      <trkpt lat="-39.5449207" lon="-71.5634608">
        <ele>948.5</ele>
      </trkpt>
      <trkpt lat="-39.5448814" lon="-71.5634125">
        <ele>947.5</ele>
      </trkpt>
      <trkpt lat="-39.5448131" lon="-71.5633616">
        <ele>945.5</ele>
      </trkpt>
      <trkpt lat="-39.5446745" lon="-71.5632838">
        <ele>941</ele>
      </trkpt>
      <trkpt lat="-39.5445091" lon="-71.5632221">
        <ele>935.5</ele>
      </trkpt>
      <trkpt lat="-39.5443933" lon="-71.5631953">
        <ele>931.8</ele>
      </trkpt>
      <trkpt lat="-39.544296" lon="-71.5631846">
        <ele>929</ele>
      </trkpt>
      <trkpt lat="-39.5442216" lon="-71.5631792">
        <ele>927</ele>
      </trkpt>
      <trkpt lat="-39.5441409" lon="-71.5631872">
        <ele>925</ele>
      </trkpt>
      <trkpt lat="-39.5440561" lon="-71.563206">
        <ele>922.8</ele>
      </trkpt>
      <trkpt lat="-39.5438555" lon="-71.5632677">
        <ele>917</ele>
      </trkpt>
      <trkpt lat="-39.5437769" lon="-71.5632838">
        <ele>914.5</ele>
      </trkpt>
      <trkpt lat="-39.5437314" lon="-71.5632892">
        <ele>913.2</ele>
      </trkpt>
      <trkpt lat="-39.543659" lon="-71.5632784">
        <ele>911.2</ele>
      </trkpt>
      <trkpt lat="-39.5436031" lon="-71.5632463">
        <ele>909.8</ele>
      </trkpt>
      <trkpt lat="-39.5435742" lon="-71.5632114">
        <ele>909</ele>
      </trkpt>
      <trkpt lat="-39.5435411" lon="-71.5631443">
        <ele>908.6</ele>
      </trkpt>
      <trkpt lat="-39.5435287" lon="-71.5630665">
        <ele>908.2</ele>
      </trkpt>
      <trkpt lat="-39.5435308" lon="-71.5630049">
        <ele>908.5</ele>
      </trkpt>
      <trkpt lat="-39.543539" lon="-71.5629673">
        <ele>909</ele>
      </trkpt>
      <trkpt lat="-39.543568" lon="-71.5629217">
        <ele>910</ele>
      </trkpt>
      <trkpt lat="-39.5436197" lon="-71.5628573">
        <ele>911.5</ele>
      </trkpt>
      <trkpt lat="-39.5437624" lon="-71.5627044">
        <ele>915.5</ele>
      </trkpt>
      <trkpt lat="-39.5438141" lon="-71.5626401">
        <ele>917</ele>
      </trkpt>
      <trkpt lat="-39.5438493" lon="-71.562573">
        <ele>918</ele>
      </trkpt>
      <trkpt lat="-39.5438762" lon="-71.5625033">
        <ele>918.8</ele>
      </trkpt>
      <trkpt lat="-39.5439031" lon="-71.5623611">
        <ele>919</ele>
      </trkpt>
      <trkpt lat="-39.5439279" lon="-71.5621707">
        <ele>919.2</ele>
      </trkpt>
      <trkpt lat="-39.5439506" lon="-71.5618998">
        <ele>919</ele>
      </trkpt>
      <trkpt lat="-39.5439465" lon="-71.5618005">
        <ele>918.2</ele>
      </trkpt>
      <trkpt lat="-39.5439361" lon="-71.561712">
        <ele>917.2</ele>
      </trkpt>
      <trkpt lat="-39.5439175" lon="-71.5616396">
        <ele>916.2</ele>
      </trkpt>
      <trkpt lat="-39.5438824" lon="-71.5615538">
        <ele>914.8</ele>
      </trkpt>
      <trkpt lat="-39.5438307" lon="-71.5614653">
        <ele>913</ele>
      </trkpt>
      <trkpt lat="-39.5437645" lon="-71.5613821">
        <ele>910.8</ele>
      </trkpt>
      <trkpt lat="-39.5436714" lon="-71.561299">
        <ele>907.8</ele>
      </trkpt>
      <trkpt lat="-39.5435287" lon="-71.5611836">
        <ele>902.8</ele>
      </trkpt>
      <trkpt lat="-39.5434459" lon="-71.5611166">
        <ele>900.2</ele>
      </trkpt>
      <trkpt lat="-39.5433653" lon="-71.5610763">
        <ele>898.2</ele>
      </trkpt>
      <trkpt lat="-39.543295" lon="-71.5610468">
        <ele>896.5</ele>
      </trkpt>
      <trkpt lat="-39.543237" lon="-71.5610307">
        <ele>895.2</ele>
      </trkpt>
      <trkpt lat="-39.543175" lon="-71.5610334">
        <ele>894</ele>
      </trkpt>
      <trkpt lat="-39.5431357" lon="-71.5610442">
        <ele>893.2</ele>
      </trkpt>
      <trkpt lat="-39.5430861" lon="-71.5610602">
        <ele>892.2</ele>
      </trkpt>
      <trkpt lat="-39.5430323" lon="-71.5611058">
        <ele>891.2</ele>
      </trkpt>
      <trkpt lat="-39.5429888" lon="-71.5611675">
        <ele>890.5</ele>
      </trkpt>
      <trkpt lat="-39.5429599" lon="-71.5612319">
        <ele>890</ele>
      </trkpt>
      <trkpt lat="-39.5428875" lon="-71.5614545">
        <ele>889</ele>
      </trkpt>
      <trkpt lat="-39.5428358" lon="-71.561594">
        <ele>888.5</ele>
      </trkpt>
      <trkpt lat="-39.5427985" lon="-71.5616611">
        <ele>888</ele>
      </trkpt>
      <trkpt lat="-39.5427572" lon="-71.5617254">
        <ele>887.2</ele>
      </trkpt>
      <trkpt lat="-39.5427075" lon="-71.561771">
        <ele>886</ele>
      </trkpt>
      <trkpt lat="-39.5426476" lon="-71.5618113">
        <ele>884.5</ele>
      </trkpt>
      <trkpt lat="-39.5425896" lon="-71.5618354">
        <ele>883.5</ele>
      </trkpt>
      <trkpt lat="-39.5425255" lon="-71.5618515">
        <ele>882.5</ele>
      </trkpt>
      <trkpt lat="-39.5424531" lon="-71.5618595">
        <ele>881.2</ele>
      </trkpt>
      <trkpt lat="-39.542389" lon="-71.5618569">
        <ele>880</ele>
      </trkpt>
      <trkpt lat="-39.5423187" lon="-71.5618327">
        <ele>878.2</ele>
      </trkpt>
      <trkpt lat="-39.5422463" lon="-71.5617952">
        <ele>876.2</ele>
      </trkpt>
      <trkpt lat="-39.5422091" lon="-71.5617657">
        <ele>875.2</ele>
      </trkpt>
      <trkpt lat="-39.5421615" lon="-71.5617254">
        <ele>874</ele>
      </trkpt>
      <trkpt lat="-39.5421077" lon="-71.561653">
        <ele>872.8</ele>
      </trkpt>
      <trkpt lat="-39.5420519" lon="-71.5615565">
        <ele>872</ele>
      </trkpt>
      <trkpt lat="-39.5419981" lon="-71.5614331">
        <ele>871.5</ele>
      </trkpt>
      <trkpt lat="-39.5419505" lon="-71.5613124">
        <ele>870.8</ele>
      </trkpt>
      <trkpt lat="-39.5419009" lon="-71.561138">
        <ele>869.8</ele>
      </trkpt>
      <trkpt lat="-39.5418223" lon="-71.5608376">
        <ele>869</ele>
      </trkpt>
      <trkpt lat="-39.5417974" lon="-71.5607464">
        <ele>868.8</ele>
      </trkpt>
      <trkpt lat="-39.5417706" lon="-71.5606606">
        <ele>868.5</ele>
      </trkpt>
      <trkpt lat="-39.5417313" lon="-71.5605801">
        <ele>868</ele>
      </trkpt>
      <trkpt lat="-39.5416795" lon="-71.5604916">
        <ele>867.2</ele>
      </trkpt>
      <trkpt lat="-39.5416382" lon="-71.560446">
        <ele>866.8</ele>
      </trkpt>
      <trkpt lat="-39.5415927" lon="-71.5604112">
        <ele>866</ele>
      </trkpt>
      <trkpt lat="-39.5415265" lon="-71.5603817">
        <ele>864.8</ele>
      </trkpt>
      <trkpt lat="-39.5414748" lon="-71.5603682">
        <ele>863.8</ele>
      </trkpt>
      <trkpt lat="-39.5414169" lon="-71.5603682">
        <ele>862.5</ele>
      </trkpt>
      <trkpt lat="-39.5413589" lon="-71.5603736">
        <ele>861</ele>
      </trkpt>
      <trkpt lat="-39.5413114" lon="-71.5603977">
        <ele>859.8</ele>
      </trkpt>
      <trkpt lat="-39.5412741" lon="-71.5604272">
        <ele>858.5</ele>
      </trkpt>
      <trkpt lat="-39.541241" lon="-71.5604728">
        <ele>857.5</ele>
      </trkpt>
      <trkpt lat="-39.5412059" lon="-71.5605238">
        <ele>856.2</ele>
      </trkpt>
      <trkpt lat="-39.541179" lon="-71.5605962">
        <ele>855.2</ele>
      </trkpt>
      <trkpt lat="-39.5411624" lon="-71.5606821">
        <ele>854.5</ele>
      </trkpt>
      <trkpt lat="-39.5411542" lon="-71.5607679">
        <ele>854</ele>
      </trkpt>
      <trkpt lat="-39.5411562" lon="-71.5608832">
        <ele>853.8</ele>
      </trkpt>
      <trkpt lat="-39.5411666" lon="-71.56102">
        <ele>853.5</ele>
      </trkpt>
      <trkpt lat="-39.5411997" lon="-71.5611997">
        <ele>853.8</ele>
      </trkpt>
      <trkpt lat="-39.5412348" lon="-71.5613419">
        <ele>854</ele>
      </trkpt>
      <trkpt lat="-39.5412721" lon="-71.5614384">
        <ele>854.5</ele>
      </trkpt>
      <trkpt lat="-39.5413527" lon="-71.5616289">
        <ele>855.5</ele>
      </trkpt>
      <trkpt lat="-39.5413962" lon="-71.5617415">
        <ele>855.8</ele>
      </trkpt>
      <trkpt lat="-39.5414169" lon="-71.5618086">
        <ele>856</ele>
      </trkpt>
      <trkpt lat="-39.5414272" lon="-71.5618891">
        <ele>855.5</ele>
      </trkpt>
      <trkpt lat="-39.5414231" lon="-71.5619722">
        <ele>854.5</ele>
      </trkpt>
      <trkpt lat="-39.5414106" lon="-71.5620553">
        <ele>853.5</ele>
      </trkpt>
      <trkpt lat="-39.5413858" lon="-71.5621331">
        <ele>852</ele>
      </trkpt>
      <trkpt lat="-39.5413258" lon="-71.5622297">
        <ele>849.5</ele>
      </trkpt>
      <trkpt lat="-39.5412824" lon="-71.562286">
        <ele>847.8</ele>
      </trkpt>
      <trkpt lat="-39.5412204" lon="-71.5623423">
        <ele>845.5</ele>
      </trkpt>
      <trkpt lat="-39.5411686" lon="-71.5623772">
        <ele>843.8</ele>
      </trkpt>
      <trkpt lat="-39.5410859" lon="-71.5624094">
        <ele>841.5</ele>
      </trkpt>
      <trkpt lat="-39.5410156" lon="-71.5624201">
        <ele>839.8</ele>
      </trkpt>
      <trkpt lat="-39.5409246" lon="-71.5624174">
        <ele>838</ele>
      </trkpt>
      <trkpt lat="-39.540817" lon="-71.5623987">
        <ele>836.2</ele>
      </trkpt>
      <trkpt lat="-39.540755" lon="-71.5623879">
        <ele>835.2</ele>
      </trkpt>
      <trkpt lat="-39.5407074" lon="-71.5623906">
        <ele>834.2</ele>
      </trkpt>
      <trkpt lat="-39.5406474" lon="-71.5624094">
        <ele>833</ele>
      </trkpt>
      <trkpt lat="-39.5405978" lon="-71.5624362">
        <ele>832</ele>
      </trkpt>
      <trkpt lat="-39.5405564" lon="-71.5624791">
        <ele>831</ele>
      </trkpt>
      <trkpt lat="-39.5405316" lon="-71.5625167">
        <ele>830.5</ele>
      </trkpt>
      <trkpt lat="-39.5405067" lon="-71.5625837">
        <ele>830</ele>
      </trkpt>
      <trkpt lat="-39.5404943" lon="-71.5626696">
        <ele>829.8</ele>
      </trkpt>
      <trkpt lat="-39.5404943" lon="-71.5627608">
        <ele>829.5</ele>
      </trkpt>
      <trkpt lat="-39.5405047" lon="-71.5629029">
        <ele>829.2</ele>
      </trkpt>
      <trkpt lat="-39.5405109" lon="-71.5629834">
        <ele>829</ele>
      </trkpt>
      <trkpt lat="-39.5405109" lon="-71.563037">
        <ele>828.8</ele>
      </trkpt>
      <trkpt lat="-39.5405026" lon="-71.5630853">
        <ele>828.2</ele>
      </trkpt>
      <trkpt lat="-39.5404861" lon="-71.5631524">
        <ele>827.5</ele>
      </trkpt>
      <trkpt lat="-39.5404633" lon="-71.5632007">
        <ele>826.5</ele>
      </trkpt>
      <trkpt lat="-39.5404323" lon="-71.5632463">
        <ele>825.5</ele>
      </trkpt>
      <trkpt lat="-39.5403992" lon="-71.5632758">
        <ele>824.2</ele>
      </trkpt>
      <trkpt lat="-39.5403495" lon="-71.5632918">
        <ele>823</ele>
      </trkpt>
      <trkpt lat="-39.5403185" lon="-71.5632892">
        <ele>822.2</ele>
      </trkpt>
      <trkpt lat="-39.540273" lon="-71.5632731">
        <ele>821.2</ele>
      </trkpt>
      <trkpt lat="-39.5402234" lon="-71.5632382">
        <ele>820.2</ele>
      </trkpt>
      <trkpt lat="-39.5401799" lon="-71.5631926">
        <ele>819.5</ele>
      </trkpt>
      <trkpt lat="-39.540151" lon="-71.5631256">
        <ele>819.4</ele>
      </trkpt>
      <trkpt lat="-39.5401241" lon="-71.5630344">
        <ele>819.2</ele>
      </trkpt>
      <trkpt lat="-39.54" lon="-71.5624335">
        <ele>816.8</ele>
      </trkpt>
      <trkpt lat="-39.5399814" lon="-71.5622672">
        <ele>815.5</ele>
      </trkpt>
      <trkpt lat="-39.5399793" lon="-71.5621358">
        <ele>814.5</ele>
      </trkpt>
      <trkpt lat="-39.5399917" lon="-71.5619829">
        <ele>814</ele>
      </trkpt>
      <trkpt lat="-39.5400144" lon="-71.5618756">
        <ele>814.2</ele>
      </trkpt>
      <trkpt lat="-39.5401717" lon="-71.5613016">
        <ele>817</ele>
      </trkpt>
      <trkpt lat="-39.5401985" lon="-71.5611836">
        <ele>818.2</ele>
      </trkpt>
      <trkpt lat="-39.5402089" lon="-71.5610763">
        <ele>819.2</ele>
      </trkpt>
      <trkpt lat="-39.5402172" lon="-71.5609476">
        <ele>820.5</ele>
      </trkpt>
      <trkpt lat="-39.540211" lon="-71.5608215">
        <ele>821.5</ele>
      </trkpt>
      <trkpt lat="-39.5401985" lon="-71.5607035">
        <ele>821.8</ele>
      </trkpt>
      <trkpt lat="-39.5401717" lon="-71.5605962">
        <ele>822</ele>
      </trkpt>
      <trkpt lat="-39.5401406" lon="-71.5605131">
        <ele>822.2</ele>
      </trkpt>
      <trkpt lat="-39.5400972" lon="-71.5604299">
        <ele>822</ele>
      </trkpt>
      <trkpt lat="-39.5400413" lon="-71.5603521">
        <ele>821.5</ele>
      </trkpt>
      <trkpt lat="-39.5399855" lon="-71.5602878">
        <ele>821</ele>
      </trkpt>
      <trkpt lat="-39.5399007" lon="-71.5602234">
        <ele>819.5</ele>
      </trkpt>
      <trkpt lat="-39.5398241" lon="-71.5601778">
        <ele>817.8</ele>
      </trkpt>
      <trkpt lat="-39.5397042" lon="-71.5601081">
        <ele>815</ele>
      </trkpt>
      <trkpt lat="-39.5393629" lon="-71.5599418">
        <ele>805.2</ele>
      </trkpt>
      <trkpt lat="-39.5392657" lon="-71.5598801">
        <ele>803</ele>
      </trkpt>
      <trkpt lat="-39.539185" lon="-71.5598103">
        <ele>802</ele>
      </trkpt>
      <trkpt lat="-39.5391085" lon="-71.5597352">
        <ele>801.9</ele>
      </trkpt>
      <trkpt lat="-39.5388602" lon="-71.5594026">
        <ele>801.5</ele>
      </trkpt>
      <trkpt lat="-39.5388065" lon="-71.5593383">
        <ele>801.2</ele>
      </trkpt>
      <trkpt lat="-39.5387382" lon="-71.5592524">
        <ele>800.8</ele>
      </trkpt>
      <trkpt lat="-39.538643" lon="-71.5591747">
        <ele>799</ele>
      </trkpt>
      <trkpt lat="-39.5385582" lon="-71.5591076">
        <ele>797.2</ele>
      </trkpt>
      <trkpt lat="-39.538159" lon="-71.5588903">
        <ele>787.2</ele>
      </trkpt>
      <trkpt lat="-39.5380742" lon="-71.558826">
        <ele>784.8</ele>
      </trkpt>
      <trkpt lat="-39.5380018" lon="-71.5587509">
        <ele>783</ele>
      </trkpt>
      <trkpt lat="-39.5379501" lon="-71.5586758">
        <ele>782.2</ele>
      </trkpt>
      <trkpt lat="-39.5378798" lon="-71.5585551">
        <ele>781.5</ele>
      </trkpt>
      <trkpt lat="-39.5378301" lon="-71.5584397">
        <ele>781.4</ele>
      </trkpt>
      <trkpt lat="-39.5377929" lon="-71.5583244">
        <ele>781.2</ele>
      </trkpt>
      <trkpt lat="-39.5377577" lon="-71.5581876">
        <ele>781.8</ele>
      </trkpt>
      <trkpt lat="-39.5377184" lon="-71.5579247">
        <ele>783.2</ele>
      </trkpt>
      <trkpt lat="-39.537675" lon="-71.55756">
        <ele>784.2</ele>
      </trkpt>
      <trkpt lat="-39.5375529" lon="-71.5563557">
        <ele>769.2</ele>
      </trkpt>
      <trkpt lat="-39.5375302" lon="-71.5562323">
        <ele>766.5</ele>
      </trkpt>
      <trkpt lat="-39.5375095" lon="-71.5561491">
        <ele>764.5</ele>
      </trkpt>
      <trkpt lat="-39.537464" lon="-71.5560606">
        <ele>762</ele>
      </trkpt>
      <trkpt lat="-39.5374102" lon="-71.5559828">
        <ele>759.5</ele>
      </trkpt>
      <trkpt lat="-39.5373585" lon="-71.5559319">
        <ele>757.2</ele>
      </trkpt>
      <trkpt lat="-39.5373026" lon="-71.555889">
        <ele>755</ele>
      </trkpt>
      <trkpt lat="-39.5372406" lon="-71.5558621">
        <ele>753</ele>
      </trkpt>
      <trkpt lat="-39.5371454" lon="-71.555846">
        <ele>750</ele>
      </trkpt>
      <trkpt lat="-39.5370441" lon="-71.5558407">
        <ele>747.5</ele>
      </trkpt>
      <trkpt lat="-39.5369386" lon="-71.5558541">
        <ele>745.2</ele>
      </trkpt>
      <trkpt lat="-39.5366097" lon="-71.555905">
        <ele>740</ele>
      </trkpt>
      <trkpt lat="-39.5363139" lon="-71.5559453">
        <ele>737</ele>
      </trkpt>
      <trkpt lat="-39.5354885" lon="-71.5560204">
        <ele>731.2</ele>
      </trkpt>
      <trkpt lat="-39.5352216" lon="-71.5560311">
        <ele>729.2</ele>
      </trkpt>
      <trkpt lat="-39.5350169" lon="-71.5560365">
        <ele>728.2</ele>
      </trkpt>
      <trkpt lat="-39.5347645" lon="-71.5560392">
        <ele>727.5</ele>
      </trkpt>
      <trkpt lat="-39.5345556" lon="-71.5560472">
        <ele>726.8</ele>
      </trkpt>
      <trkpt lat="-39.5343259" lon="-71.5560687">
        <ele>726</ele>
      </trkpt>
      <trkpt lat="-39.5342101" lon="-71.5560848">
        <ele>725.6</ele>
      </trkpt>
      <trkpt lat="-39.5341894" lon="-71.5560874">
        <ele>725.5</ele>
      </trkpt>
      <trkpt lat="-39.5340467" lon="-71.5561169">
        <ele>724.8</ele>
      </trkpt>
      <trkpt lat="-39.5338874" lon="-71.5561652">
        <ele>723.5</ele>
      </trkpt>
      <trkpt lat="-39.5337426" lon="-71.5562162">
        <ele>722.5</ele>
      </trkpt>
      <trkpt lat="-39.5336185" lon="-71.5562671">
        <ele>722.3</ele>
      </trkpt>
      <trkpt lat="-39.5333578" lon="-71.5563986">
        <ele>722</ele>
      </trkpt>
      <trkpt lat="-39.5333061" lon="-71.5564227">
        <ele>722</ele>
      </trkpt>
      <trkpt lat="-39.5332564" lon="-71.5564361">
        <ele>722</ele>
      </trkpt>
      <trkpt lat="-39.5332006" lon="-71.5564522">
        <ele>722.2</ele>
      </trkpt>
      <trkpt lat="-39.5331282" lon="-71.5564629">
        <ele>722.5</ele>
      </trkpt>
      <trkpt lat="-39.5330434" lon="-71.5564683">
        <ele>722.8</ele>
      </trkpt>
      <trkpt lat="-39.5329854" lon="-71.5564683">
        <ele>723.3</ele>
      </trkpt>
      <trkpt lat="-39.5326151" lon="-71.5564656">
        <ele>727</ele>
      </trkpt>
      <trkpt lat="-39.532489" lon="-71.5564603">
        <ele>727.5</ele>
      </trkpt>
      <trkpt lat="-39.5324497" lon="-71.5564576">
        <ele>727.8</ele>
      </trkpt>
      <trkpt lat="-39.5323442" lon="-71.5564469">
        <ele>728.8</ele>
      </trkpt>
      <trkpt lat="-39.532249" lon="-71.5564254">
        <ele>729.5</ele>
      </trkpt>
      <trkpt lat="-39.5321559" lon="-71.5563986">
        <ele>730</ele>
      </trkpt>
      <trkpt lat="-39.5320545" lon="-71.5563583">
        <ele>730.3</ele>
      </trkpt>
      <trkpt lat="-39.5319656" lon="-71.5563101">
        <ele>730.5</ele>
      </trkpt>
      <trkpt lat="-39.5318787" lon="-71.5562484">
        <ele>730.2</ele>
      </trkpt>
      <trkpt lat="-39.5317794" lon="-71.5561625">
        <ele>729.5</ele>
      </trkpt>
      <trkpt lat="-39.5316822" lon="-71.556066">
        <ele>728.5</ele>
      </trkpt>
      <trkpt lat="-39.5312229" lon="-71.5555456">
        <ele>725.2</ele>
      </trkpt>
      <trkpt lat="-39.5311153" lon="-71.555441">
        <ele>724</ele>
      </trkpt>
      <trkpt lat="-39.5310347" lon="-71.5553659">
        <ele>723</ele>
      </trkpt>
      <trkpt lat="-39.5309229" lon="-71.5552828">
        <ele>722</ele>
      </trkpt>
      <trkpt lat="-39.5308092" lon="-71.5552023">
        <ele>721.5</ele>
      </trkpt>
      <trkpt lat="-39.530654" lon="-71.5551084">
        <ele>721</ele>
      </trkpt>
      <trkpt lat="-39.5292907" lon="-71.554293">
        <ele>710</ele>
      </trkpt>
      <trkpt lat="-39.5290611" lon="-71.5541589">
        <ele>708.5</ele>
      </trkpt>
      <trkpt lat="-39.5288811" lon="-71.5540677">
        <ele>708.2</ele>
      </trkpt>
      <trkpt lat="-39.5287135" lon="-71.5539926">
        <ele>707.5</ele>
      </trkpt>
      <trkpt lat="-39.5285211" lon="-71.5539148">
        <ele>706.8</ele>
      </trkpt>
      <trkpt lat="-39.528277" lon="-71.5538236">
        <ele>705.5</ele>
      </trkpt>
      <trkpt lat="-39.5277349" lon="-71.5536413">
        <ele>703.8</ele>
      </trkpt>
      <trkpt lat="-39.5275446" lon="-71.5535662">
        <ele>703</ele>
      </trkpt>
      <trkpt lat="-39.5274019" lon="-71.5534991">
        <ele>702.2</ele>
      </trkpt>
      <trkpt lat="-39.5272343" lon="-71.553416">
        <ele>702.1</ele>
      </trkpt>
      <trkpt lat="-39.5270315" lon="-71.5532926">
        <ele>702</ele>
      </trkpt>
      <trkpt lat="-39.526684" lon="-71.553078">
        <ele>701.8</ele>
      </trkpt>
      <trkpt lat="-39.5261399" lon="-71.5527239">
        <ele>702</ele>
      </trkpt>
      <trkpt lat="-39.5259909" lon="-71.5526167">
        <ele>702.8</ele>
      </trkpt>
      <trkpt lat="-39.5258544" lon="-71.5524986">
        <ele>703.2</ele>
      </trkpt>
      <trkpt lat="-39.525753" lon="-71.552394">
        <ele>704</ele>
      </trkpt>
      <trkpt lat="-39.5255937" lon="-71.5522116">
        <ele>704.2</ele>
      </trkpt>
      <trkpt lat="-39.5253951" lon="-71.5519702">
        <ele>704.4</ele>
      </trkpt>
      <trkpt lat="-39.5252937" lon="-71.5518549">
        <ele>704.5</ele>
      </trkpt>
      <trkpt lat="-39.525184" lon="-71.5517503">
        <ele>705</ele>
      </trkpt>
      <trkpt lat="-39.5250951" lon="-71.5516725">
        <ele>705.5</ele>
      </trkpt>
      <trkpt lat="-39.5249999" lon="-71.5516055">
        <ele>706.2</ele>
      </trkpt>
      <trkpt lat="-39.524884" lon="-71.5515304">
        <ele>707</ele>
      </trkpt>
      <trkpt lat="-39.5247413" lon="-71.5514526">
        <ele>707.8</ele>
      </trkpt>
      <trkpt lat="-39.5246171" lon="-71.5513855">
        <ele>708</ele>
      </trkpt>
      <trkpt lat="-39.5245137" lon="-71.5513211">
        <ele>707.8</ele>
      </trkpt>
      <trkpt lat="-39.5243896" lon="-71.551238">
        <ele>706.5</ele>
      </trkpt>
      <trkpt lat="-39.5242965" lon="-71.5511602">
        <ele>704.8</ele>
      </trkpt>
      <trkpt lat="-39.5241909" lon="-71.551069">
        <ele>702.5</ele>
      </trkpt>
      <trkpt lat="-39.5240999" lon="-71.5509751">
        <ele>700</ele>
      </trkpt>
      <trkpt lat="-39.5238972" lon="-71.5507659">
        <ele>694.8</ele>
      </trkpt>
      <trkpt lat="-39.5238247" lon="-71.5506989">
        <ele>693</ele>
      </trkpt>
      <trkpt lat="-39.5237503" lon="-71.5506372">
        <ele>691.5</ele>
      </trkpt>
      <trkpt lat="-39.5236654" lon="-71.5505809">
        <ele>690</ele>
      </trkpt>
      <trkpt lat="-39.523591" lon="-71.5505406">
        <ele>689</ele>
      </trkpt>
      <trkpt lat="-39.5235082" lon="-71.5505084">
        <ele>688</ele>
      </trkpt>
      <trkpt lat="-39.5234068" lon="-71.5504897">
        <ele>687.2</ele>
      </trkpt>
      <trkpt lat="-39.5233199" lon="-71.550487">
        <ele>687.1</ele>
      </trkpt>
      <trkpt lat="-39.5231978" lon="-71.5504897">
        <ele>687</ele>
      </trkpt>
      <trkpt lat="-39.5230758" lon="-71.5505031">
        <ele>687.2</ele>
      </trkpt>
      <trkpt lat="-39.5228482" lon="-71.5505245">
        <ele>687.8</ele>
      </trkpt>
      <trkpt lat="-39.5227427" lon="-71.5505353">
        <ele>687.9</ele>
      </trkpt>
      <trkpt lat="-39.5226413" lon="-71.5505353">
        <ele>688</ele>
      </trkpt>
      <trkpt lat="-39.5225378" lon="-71.5505245">
        <ele>687.8</ele>
      </trkpt>
      <trkpt lat="-39.5224365" lon="-71.5505111">
        <ele>687.5</ele>
      </trkpt>
      <trkpt lat="-39.5223144" lon="-71.550487">
        <ele>687.2</ele>
      </trkpt>
      <trkpt lat="-39.5221923" lon="-71.5504467">
        <ele>687</ele>
      </trkpt>
      <trkpt lat="-39.5220434" lon="-71.5503904">
        <ele>686.5</ele>
      </trkpt>
      <trkpt lat="-39.5215944" lon="-71.5501893">
        <ele>684.8</ele>
      </trkpt>
      <trkpt lat="-39.5214785" lon="-71.5501249">
        <ele>684.2</ele>
      </trkpt>
      <trkpt lat="-39.5213813" lon="-71.5500605">
        <ele>683.5</ele>
      </trkpt>
      <trkpt lat="-39.5212799" lon="-71.5499935">
        <ele>682.8</ele>
      </trkpt>
      <trkpt lat="-39.5211682" lon="-71.5499076">
        <ele>681.5</ele>
      </trkpt>
      <trkpt lat="-39.5207813" lon="-71.5495884">
        <ele>674.2</ele>
      </trkpt>
      <trkpt lat="-39.5205661" lon="-71.5494195">
        <ele>669.8</ele>
      </trkpt>
      <trkpt lat="-39.5204399" lon="-71.5493256">
        <ele>667.5</ele>
      </trkpt>
      <trkpt lat="-39.5203261" lon="-71.5492558">
        <ele>666.5</ele>
      </trkpt>
      <trkpt lat="-39.520204" lon="-71.5491942">
        <ele>665.5</ele>
      </trkpt>
      <trkpt lat="-39.5200716" lon="-71.5491405">
        <ele>664.5</ele>
      </trkpt>
      <trkpt lat="-39.519906" lon="-71.5490788">
        <ele>663.2</ele>
      </trkpt>
      <trkpt lat="-39.5195233" lon="-71.5489528">
        <ele>660.2</ele>
      </trkpt>
      <trkpt lat="-39.519395" lon="-71.5488937">
        <ele>658.8</ele>
      </trkpt>
      <trkpt lat="-39.5192543" lon="-71.5488267">
        <ele>656.8</ele>
      </trkpt>
      <trkpt lat="-39.5191446" lon="-71.5487596">
        <ele>655</ele>
      </trkpt>
      <trkpt lat="-39.5190412" lon="-71.5486819">
        <ele>653.2</ele>
      </trkpt>
      <trkpt lat="-39.5189563" lon="-71.5486094">
        <ele>652.2</ele>
      </trkpt>
      <trkpt lat="-39.5188343" lon="-71.5484941">
        <ele>650.5</ele>
      </trkpt>
      <trkpt lat="-39.5187287" lon="-71.5483841">
        <ele>648.8</ele>
      </trkpt>
      <trkpt lat="-39.5185839" lon="-71.5482178">
        <ele>646.2</ele>
      </trkpt>
      <trkpt lat="-39.518199" lon="-71.5477565">
        <ele>635.2</ele>
      </trkpt>
      <trkpt lat="-39.5180563" lon="-71.5475848">
        <ele>632</ele>
      </trkpt>
      <trkpt lat="-39.517957" lon="-71.5474749">
        <ele>630.5</ele>
      </trkpt>
      <trkpt lat="-39.5178432" lon="-71.5473568">
        <ele>628.8</ele>
      </trkpt>
      <trkpt lat="-39.5177128" lon="-71.5472415">
        <ele>626.8</ele>
      </trkpt>
      <trkpt lat="-39.5175907" lon="-71.5471476">
        <ele>625</ele>
      </trkpt>
      <trkpt lat="-39.5174169" lon="-71.547035">
        <ele>622.5</ele>
      </trkpt>
      <trkpt lat="-39.51727" lon="-71.5469465">
        <ele>620.8</ele>
      </trkpt>
      <trkpt lat="-39.5169162" lon="-71.5467238">
        <ele>617</ele>
      </trkpt>
      <trkpt lat="-39.5165086" lon="-71.5464717">
        <ele>614.2</ele>
      </trkpt>
      <trkpt lat="-39.5163099" lon="-71.5463322">
        <ele>613.2</ele>
      </trkpt>
      <trkpt lat="-39.5161154" lon="-71.5461901">
        <ele>612.8</ele>
      </trkpt>
      <trkpt lat="-39.5158816" lon="-71.5460184">
        <ele>612</ele>
      </trkpt>
      <trkpt lat="-39.5155754" lon="-71.5457743">
        <ele>613.5</ele>
      </trkpt>
      <trkpt lat="-39.5153829" lon="-71.5456">
        <ele>613</ele>
      </trkpt>
      <trkpt lat="-39.5152112" lon="-71.5454417">
        <ele>612</ele>
      </trkpt>
      <trkpt lat="-39.5149815" lon="-71.5452218">
        <ele>610.2</ele>
      </trkpt>
      <trkpt lat="-39.514278" lon="-71.5445352">
        <ele>606.5</ele>
      </trkpt>
      <trkpt lat="-39.514129" lon="-71.5443903">
        <ele>605.5</ele>
      </trkpt>
      <trkpt lat="-39.514009" lon="-71.5442911">
        <ele>604.5</ele>
      </trkpt>
      <trkpt lat="-39.5139158" lon="-71.5442187">
        <ele>604</ele>
      </trkpt>
      <trkpt lat="-39.5138476" lon="-71.5441704">
        <ele>603.8</ele>
      </trkpt>
      <trkpt lat="-39.5137462" lon="-71.5441114">
        <ele>603.2</ele>
      </trkpt>
      <trkpt lat="-39.5136282" lon="-71.5440577">
        <ele>602.8</ele>
      </trkpt>
      <trkpt lat="-39.5135185" lon="-71.5440255">
        <ele>602.2</ele>
      </trkpt>
      <trkpt lat="-39.5134089" lon="-71.5439987">
        <ele>601.8</ele>
      </trkpt>
      <trkpt lat="-39.5132868" lon="-71.5439799">
        <ele>601.5</ele>
      </trkpt>
      <trkpt lat="-39.513144" lon="-71.5439692">
        <ele>601.2</ele>
      </trkpt>
      <trkpt lat="-39.5129495" lon="-71.5439692">
        <ele>602.2</ele>
      </trkpt>
      <trkpt lat="-39.5126101" lon="-71.5439799">
        <ele>605.8</ele>
      </trkpt>
      <trkpt lat="-39.5124736" lon="-71.5439665">
        <ele>606.8</ele>
      </trkpt>
      <trkpt lat="-39.5123473" lon="-71.5439397">
        <ele>607.2</ele>
      </trkpt>
      <trkpt lat="-39.5122377" lon="-71.5439048">
        <ele>607.4</ele>
      </trkpt>
      <trkpt lat="-39.5121156" lon="-71.5438566">
        <ele>607.5</ele>
      </trkpt>
      <trkpt lat="-39.5117431" lon="-71.5436876">
        <ele>606.8</ele>
      </trkpt>
      <trkpt lat="-39.5116107" lon="-71.5436339">
        <ele>606.5</ele>
      </trkpt>
      <trkpt lat="-39.5115072" lon="-71.5436044">
        <ele>606.8</ele>
      </trkpt>
      <trkpt lat="-39.5114079" lon="-71.5435803">
        <ele>607.2</ele>
      </trkpt>
      <trkpt lat="-39.5112796" lon="-71.5435696">
        <ele>608.2</ele>
      </trkpt>
      <trkpt lat="-39.5109174" lon="-71.5435562">
        <ele>613.2</ele>
      </trkpt>
      <trkpt lat="-39.5107415" lon="-71.5435374">
        <ele>615.2</ele>
      </trkpt>
      <trkpt lat="-39.5106195" lon="-71.5435186">
        <ele>616.2</ele>
      </trkpt>
      <trkpt lat="-39.5104829" lon="-71.5434837">
        <ele>616.6</ele>
      </trkpt>
      <trkpt lat="-39.510307" lon="-71.5434247">
        <ele>617</ele>
      </trkpt>
      <trkpt lat="-39.5097669" lon="-71.5432209">
        <ele>614</ele>
      </trkpt>
      <trkpt lat="-39.5096448" lon="-71.5431833">
        <ele>613</ele>
      </trkpt>
      <trkpt lat="-39.5095268" lon="-71.5431592">
        <ele>612</ele>
      </trkpt>
      <trkpt lat="-39.5094027" lon="-71.5431404">
        <ele>610.8</ele>
      </trkpt>
      <trkpt lat="-39.5092951" lon="-71.5431297">
        <ele>609.8</ele>
      </trkpt>
      <trkpt lat="-39.5091461" lon="-71.5431297">
        <ele>609</ele>
      </trkpt>
      <trkpt lat="-39.5090323" lon="-71.5431377">
        <ele>608.2</ele>
      </trkpt>
      <trkpt lat="-39.5089019" lon="-71.5431538">
        <ele>606.8</ele>
      </trkpt>
      <trkpt lat="-39.5087777" lon="-71.5431833">
        <ele>605.5</ele>
      </trkpt>
      <trkpt lat="-39.5086515" lon="-71.5432209">
        <ele>604.8</ele>
      </trkpt>
      <trkpt lat="-39.5085273" lon="-71.5432611">
        <ele>604.5</ele>
      </trkpt>
      <trkpt lat="-39.5079831" lon="-71.5434784">
        <ele>607</ele>
      </trkpt>
      <trkpt lat="-39.5078548" lon="-71.543524">
        <ele>608.2</ele>
      </trkpt>
      <trkpt lat="-39.5076996" lon="-71.5435696">
        <ele>609.8</ele>
      </trkpt>
      <trkpt lat="-39.5075216" lon="-71.5436044">
        <ele>610.2</ele>
      </trkpt>
      <trkpt lat="-39.5073726" lon="-71.5436205">
        <ele>610.5</ele>
      </trkpt>
      <trkpt lat="-39.5072174" lon="-71.5436339">
        <ele>610.2</ele>
      </trkpt>
      <trkpt lat="-39.5070477" lon="-71.5436339">
        <ele>609.2</ele>
      </trkpt>
      <trkpt lat="-39.5067911" lon="-71.5436393">
        <ele>607</ele>
      </trkpt>
      <trkpt lat="-39.5066628" lon="-71.54365">
        <ele>606.5</ele>
      </trkpt>
      <trkpt lat="-39.5065676" lon="-71.5436661">
        <ele>606.4</ele>
      </trkpt>
      <trkpt lat="-39.5064786" lon="-71.5436849">
        <ele>606.3</ele>
      </trkpt>
      <trkpt lat="-39.5064041" lon="-71.5437064">
        <ele>606.2</ele>
      </trkpt>
      <trkpt lat="-39.5063172" lon="-71.5437412">
        <ele>606.4</ele>
      </trkpt>
      <trkpt lat="-39.5062075" lon="-71.5437922">
        <ele>606.5</ele>
      </trkpt>
      <trkpt lat="-39.5060999" lon="-71.5438485">
        <ele>606.2</ele>
      </trkpt>
      <trkpt lat="-39.5060109" lon="-71.5439022">
        <ele>606.1</ele>
      </trkpt>
      <trkpt lat="-39.5059219" lon="-71.5439585">
        <ele>606</ele>
      </trkpt>
      <trkpt lat="-39.5057584" lon="-71.5440738">
        <ele>606.2</ele>
      </trkpt>
      <trkpt lat="-39.505597" lon="-71.5441972">
        <ele>605.8</ele>
      </trkpt>
      <trkpt lat="-39.5051334" lon="-71.5445754">
        <ele>605.5</ele>
      </trkpt>
      <trkpt lat="-39.504972" lon="-71.5447015">
        <ele>606.8</ele>
      </trkpt>
      <trkpt lat="-39.5047982" lon="-71.5448222">
        <ele>607.8</ele>
      </trkpt>
      <trkpt lat="-39.5046098" lon="-71.5449429">
        <ele>608.2</ele>
      </trkpt>
      <trkpt lat="-39.5044277" lon="-71.5450528">
        <ele>608</ele>
      </trkpt>
      <trkpt lat="-39.5041173" lon="-71.5452406">
        <ele>606</ele>
      </trkpt>
      <trkpt lat="-39.5039724" lon="-71.5453237">
        <ele>605.8</ele>
      </trkpt>
      <trkpt lat="-39.5036785" lon="-71.5454981">
        <ele>605.2</ele>
      </trkpt>
      <trkpt lat="-39.5035419" lon="-71.5455678">
        <ele>605.1</ele>
      </trkpt>
      <trkpt lat="-39.5034405" lon="-71.5456134">
        <ele>605</ele>
      </trkpt>
      <trkpt lat="-39.5033412" lon="-71.5456375">
        <ele>604.9</ele>
      </trkpt>
      <trkpt lat="-39.503246" lon="-71.545651">
        <ele>604.8</ele>
      </trkpt>
      <trkpt lat="-39.5031591" lon="-71.545651">
        <ele>604.5</ele>
      </trkpt>
      <trkpt lat="-39.5030639" lon="-71.5456375">
        <ele>603.5</ele>
      </trkpt>
      <trkpt lat="-39.5029852" lon="-71.5456134">
        <ele>602.5</ele>
      </trkpt>
      <trkpt lat="-39.5029107" lon="-71.5455812">
        <ele>601.2</ele>
      </trkpt>
      <trkpt lat="-39.5028176" lon="-71.5455356">
        <ele>599.8</ele>
      </trkpt>
      <trkpt lat="-39.5024182" lon="-71.5453184">
        <ele>593.2</ele>
      </trkpt>
      <trkpt lat="-39.5023168" lon="-71.5452754">
        <ele>591.8</ele>
      </trkpt>
      <trkpt lat="-39.5022319" lon="-71.5452459">
        <ele>590.5</ele>
      </trkpt>
      <trkpt lat="-39.502145" lon="-71.5452245">
        <ele>589.2</ele>
      </trkpt>
      <trkpt lat="-39.5020456" lon="-71.5452084">
        <ele>588</ele>
      </trkpt>
      <trkpt lat="-39.5019525" lon="-71.545203">
        <ele>587</ele>
      </trkpt>
      <trkpt lat="-39.5018739" lon="-71.5452084">
        <ele>586.2</ele>
      </trkpt>
      <trkpt lat="-39.5017766" lon="-71.5452191">
        <ele>585.2</ele>
      </trkpt>
      <trkpt lat="-39.5016938" lon="-71.5452352">
        <ele>584.2</ele>
      </trkpt>
      <trkpt lat="-39.501609" lon="-71.5452594">
        <ele>583.2</ele>
      </trkpt>
      <trkpt lat="-39.50152" lon="-71.5452889">
        <ele>582.2</ele>
      </trkpt>
      <trkpt lat="-39.5008039" lon="-71.5455651">
        <ele>574.5</ele>
      </trkpt>
      <trkpt lat="-39.5006776" lon="-71.5456215">
        <ele>573.5</ele>
      </trkpt>
      <trkpt lat="-39.5005597" lon="-71.5456831">
        <ele>572.5</ele>
      </trkpt>
      <trkpt lat="-39.5004645" lon="-71.5457395">
        <ele>571.8</ele>
      </trkpt>
      <trkpt lat="-39.5003486" lon="-71.5458146">
        <ele>571</ele>
      </trkpt>
      <trkpt lat="-39.5002471" lon="-71.5458843">
        <ele>570.5</ele>
      </trkpt>
      <trkpt lat="-39.500123" lon="-71.5459809">
        <ele>569.8</ele>
      </trkpt>
      <trkpt lat="-39.4998063" lon="-71.546241">
        <ele>568.5</ele>
      </trkpt>
      <trkpt lat="-39.4997132" lon="-71.5463322">
        <ele>568.2</ele>
      </trkpt>
      <trkpt lat="-39.4996449" lon="-71.546402">
        <ele>568</ele>
      </trkpt>
      <trkpt lat="-39.4995911" lon="-71.5464717">
        <ele>568.2</ele>
      </trkpt>
      <trkpt lat="-39.499529" lon="-71.5465656">
        <ele>568.5</ele>
      </trkpt>
      <trkpt lat="-39.4994524" lon="-71.5467051">
        <ele>569.7</ele>
      </trkpt>
      <trkpt lat="-39.4993655" lon="-71.546866">
        <ele>571</ele>
      </trkpt>
      <trkpt lat="-39.4992992" lon="-71.5469813">
        <ele>570.8</ele>
      </trkpt>
      <trkpt lat="-39.4992309" lon="-71.5470752">
        <ele>571.5</ele>
      </trkpt>
      <trkpt lat="-39.4991523" lon="-71.5471718">
        <ele>571.9</ele>
      </trkpt>
      <trkpt lat="-39.4990778" lon="-71.5472361">
        <ele>572.2</ele>
      </trkpt>
      <trkpt lat="-39.4990053" lon="-71.5472817">
        <ele>572</ele>
      </trkpt>
      <trkpt lat="-39.4989039" lon="-71.5473408">
        <ele>571.2</ele>
      </trkpt>
      <trkpt lat="-39.4988191" lon="-71.5473729">
        <ele>570.5</ele>
      </trkpt>
      <trkpt lat="-39.4987301" lon="-71.5474024">
        <ele>569.2</ele>
      </trkpt>
      <trkpt lat="-39.4986535" lon="-71.5474185">
        <ele>568</ele>
      </trkpt>
      <trkpt lat="-39.49855" lon="-71.5474319">
        <ele>566.5</ele>
      </trkpt>
      <trkpt lat="-39.4984631" lon="-71.5474319">
        <ele>565</ele>
      </trkpt>
      <trkpt lat="-39.497925" lon="-71.5474185">
        <ele>557</ele>
      </trkpt>
      <trkpt lat="-39.4977925" lon="-71.5474239">
        <ele>554.8</ele>
      </trkpt>
      <trkpt lat="-39.4976973" lon="-71.5474319">
        <ele>553</ele>
      </trkpt>
      <trkpt lat="-39.4975897" lon="-71.5474454">
        <ele>551.8</ele>
      </trkpt>
      <trkpt lat="-39.4974675" lon="-71.5474668">
        <ele>550.8</ele>
      </trkpt>
      <trkpt lat="-39.4973661" lon="-71.5474936">
        <ele>549.8</ele>
      </trkpt>
      <trkpt lat="-39.4972564" lon="-71.5475231">
        <ele>547.8</ele>
      </trkpt>
      <trkpt lat="-39.4971343" lon="-71.5475687">
        <ele>545.5</ele>
      </trkpt>
      <trkpt lat="-39.4969605" lon="-71.5476304">
        <ele>542.5</ele>
      </trkpt>
      <trkpt lat="-39.4958345" lon="-71.5480408">
        <ele>528.8</ele>
      </trkpt>
      <trkpt lat="-39.4956834" lon="-71.5480945">
        <ele>528</ele>
      </trkpt>
      <trkpt lat="-39.4955716" lon="-71.548124">
        <ele>527</ele>
      </trkpt>
      <trkpt lat="-39.495435" lon="-71.5481561">
        <ele>525.8</ele>
      </trkpt>
      <trkpt lat="-39.4952757" lon="-71.5481803">
        <ele>524.2</ele>
      </trkpt>
      <trkpt lat="-39.4951101" lon="-71.5482044">
        <ele>522.8</ele>
      </trkpt>
      <trkpt lat="-39.4947127" lon="-71.5482527">
        <ele>517.8</ele>
      </trkpt>
      <trkpt lat="-39.4945202" lon="-71.5482876">
        <ele>514.8</ele>
      </trkpt>
      <trkpt lat="-39.4943815" lon="-71.5483171">
        <ele>512.8</ele>
      </trkpt>
      <trkpt lat="-39.4942345" lon="-71.5483546">
        <ele>511</ele>
      </trkpt>
      <trkpt lat="-39.4940876" lon="-71.5484083">
        <ele>509.8</ele>
      </trkpt>
      <trkpt lat="-39.4938909" lon="-71.5484834">
        <ele>508</ele>
      </trkpt>
      <trkpt lat="-39.493684" lon="-71.5485692">
        <ele>507</ele>
      </trkpt>
      <trkpt lat="-39.4934853" lon="-71.5486497">
        <ele>505.8</ele>
      </trkpt>
      <trkpt lat="-39.4933486" lon="-71.5486953">
        <ele>505.2</ele>
      </trkpt>
      <trkpt lat="-39.4932327" lon="-71.5487301">
        <ele>505</ele>
      </trkpt>
      <trkpt lat="-39.4931437" lon="-71.5487435">
        <ele>504.8</ele>
      </trkpt>
      <trkpt lat="-39.4930237" lon="-71.5487435">
        <ele>503.8</ele>
      </trkpt>
      <trkpt lat="-39.492914" lon="-71.5487301">
        <ele>502.8</ele>
      </trkpt>
      <trkpt lat="-39.4928312" lon="-71.548714">
        <ele>502.4</ele>
      </trkpt>
      <trkpt lat="-39.4925145" lon="-71.5486255">
        <ele>501</ele>
      </trkpt>
      <trkpt lat="-39.4923116" lon="-71.5485665">
        <ele>501.5</ele>
      </trkpt>
      <trkpt lat="-39.4921419" lon="-71.5484592">
        <ele>501.2</ele>
      </trkpt>
      <trkpt lat="-39.4919846" lon="-71.5482956">
        <ele>499.8</ele>
      </trkpt>
      <trkpt lat="-39.4914174" lon="-71.5475875">
        <ele>493</ele>
      </trkpt>
      <trkpt lat="-39.4909952" lon="-71.5472093">
        <ele>491</ele>
      </trkpt>
      <trkpt lat="-39.4906516" lon="-71.5469036">
        <ele>488.5</ele>
      </trkpt>
      <trkpt lat="-39.4904197" lon="-71.5467694">
        <ele>487</ele>
      </trkpt>
      <trkpt lat="-39.4902045" lon="-71.546689">
        <ele>486.8</ele>
      </trkpt>
      <trkpt lat="-39.4899312" lon="-71.5466219">
        <ele>486</ele>
      </trkpt>
      <trkpt lat="-39.4896207" lon="-71.5466219">
        <ele>485.8</ele>
      </trkpt>
      <trkpt lat="-39.4891529" lon="-71.5466461">
        <ele>485</ele>
      </trkpt>
      <trkpt lat="-39.4882256" lon="-71.5467212">
        <ele>486</ele>
      </trkpt>
      <trkpt lat="-39.4879275" lon="-71.5467855">
        <ele>488.2</ele>
      </trkpt>
      <trkpt lat="-39.4876542" lon="-71.5468714">
        <ele>490.5</ele>
      </trkpt>
      <trkpt lat="-39.4873934" lon="-71.5470001">
        <ele>493.5</ele>
      </trkpt>
      <trkpt lat="-39.4868469" lon="-71.5472952">
        <ele>500</ele>
      </trkpt>
      <trkpt lat="-39.4866234" lon="-71.5473756">
        <ele>501</ele>
      </trkpt>
      <trkpt lat="-39.4863708" lon="-71.5474024">
        <ele>499.5</ele>
      </trkpt>
      <trkpt lat="-39.4860644" lon="-71.5473703">
        <ele>495.2</ele>
      </trkpt>
      <trkpt lat="-39.4849176" lon="-71.547204">
        <ele>478</ele>
      </trkpt>
      <trkpt lat="-39.4846609" lon="-71.5471503">
        <ele>473</ele>
      </trkpt>
      <trkpt lat="-39.4844166" lon="-71.5470913">
        <ele>468.5</ele>
      </trkpt>
      <trkpt lat="-39.4842842" lon="-71.5470457">
        <ele>466</ele>
      </trkpt>
      <trkpt lat="-39.4837583" lon="-71.5469089">
        <ele>462.5</ele>
      </trkpt>
      <trkpt lat="-39.4834768" lon="-71.5468794">
        <ele>461.5</ele>
      </trkpt>
      <trkpt lat="-39.4831621" lon="-71.5469036">
        <ele>461.8</ele>
      </trkpt>
      <trkpt lat="-39.4828599" lon="-71.5469304">
        <ele>461</ele>
      </trkpt>
      <trkpt lat="-39.4825577" lon="-71.5470001">
        <ele>460.2</ele>
      </trkpt>
      <trkpt lat="-39.482156" lon="-71.5471664">
        <ele>458.8</ele>
      </trkpt>
      <trkpt lat="-39.4815143" lon="-71.5475124">
        <ele>457.8</ele>
      </trkpt>
      <trkpt lat="-39.4803384" lon="-71.5481856">
        <ele>449.8</ele>
      </trkpt>
      <trkpt lat="-39.4793364" lon="-71.548824">
        <ele>444.5</ele>
      </trkpt>
      <trkpt lat="-39.4790176" lon="-71.5489796">
        <ele>445.5</ele>
      </trkpt>
      <trkpt lat="-39.478707" lon="-71.549044">
        <ele>446</ele>
      </trkpt>
      <trkpt lat="-39.4782267" lon="-71.549044">
        <ele>447</ele>
      </trkpt>
      <trkpt lat="-39.4778623" lon="-71.5490788">
        <ele>448.2</ele>
      </trkpt>
      <trkpt lat="-39.4774524" lon="-71.5491781">
        <ele>449.2</ele>
      </trkpt>
      <trkpt lat="-39.4760197" lon="-71.549575">
        <ele>454</ele>
      </trkpt>
      <trkpt lat="-39.4758085" lon="-71.549693">
        <ele>453.5</ele>
      </trkpt>
      <trkpt lat="-39.4753034" lon="-71.5499344">
        <ele>451.5</ele>
      </trkpt>
      <trkpt lat="-39.4749887" lon="-71.5500444">
        <ele>450.2</ele>
      </trkpt>
      <trkpt lat="-39.4744131" lon="-71.5501919">
        <ele>447</ele>
      </trkpt>
      <trkpt lat="-39.4738541" lon="-71.5503368">
        <ele>444.2</ele>
      </trkpt>
      <trkpt lat="-39.4735187" lon="-71.5504682">
        <ele>443.5</ele>
      </trkpt>
      <trkpt lat="-39.4728851" lon="-71.5507445">
        <ele>442</ele>
      </trkpt>
      <trkpt lat="-39.4726739" lon="-71.5508088">
        <ele>440.8</ele>
      </trkpt>
      <trkpt lat="-39.4722515" lon="-71.5508598">
        <ele>439</ele>
      </trkpt>
      <trkpt lat="-39.471237" lon="-71.5508893">
        <ele>436.2</ele>
      </trkpt>
      <trkpt lat="-39.4709761" lon="-71.550943">
        <ele>435.9</ele>
      </trkpt>
      <trkpt lat="-39.4706655" lon="-71.551069">
        <ele>435.5</ele>
      </trkpt>
      <trkpt lat="-39.4703342" lon="-71.5512648">
        <ele>435.8</ele>
      </trkpt>
      <trkpt lat="-39.4695267" lon="-71.5517181">
        <ele>436.2</ele>
      </trkpt>
      <trkpt lat="-39.4691789" lon="-71.5518656">
        <ele>435.8</ele>
      </trkpt>
      <trkpt lat="-39.4687275" lon="-71.5520105">
        <ele>433.5</ele>
      </trkpt>
      <trkpt lat="-39.4678868" lon="-71.5522251">
        <ele>428</ele>
      </trkpt>
      <trkpt lat="-39.4675307" lon="-71.5523806">
        <ele>426.8</ele>
      </trkpt>
      <trkpt lat="-39.4671166" lon="-71.5526006">
        <ele>426.2</ele>
      </trkpt>
      <trkpt lat="-39.4666362" lon="-71.5528795">
        <ele>427</ele>
      </trkpt>
      <trkpt lat="-39.4662842" lon="-71.5530404">
        <ele>428.8</ele>
      </trkpt>
      <trkpt lat="-39.4659466" lon="-71.5531209">
        <ele>429.5</ele>
      </trkpt>
      <trkpt lat="-39.4655139" lon="-71.5531558">
        <ele>431</ele>
      </trkpt>
      <trkpt lat="-39.4649962" lon="-71.5531504">
        <ele>432.5</ele>
      </trkpt>
      <trkpt lat="-39.4645013" lon="-71.5531558">
        <ele>433.2</ele>
      </trkpt>
      <trkpt lat="-39.4639877" lon="-71.5531746">
        <ele>432.8</ele>
      </trkpt>
      <trkpt lat="-39.4636875" lon="-71.553137">
        <ele>431.5</ele>
      </trkpt>
      <trkpt lat="-39.4633251" lon="-71.5530217">
        <ele>430.2</ele>
      </trkpt>
      <trkpt lat="-39.4628778" lon="-71.5528929">
        <ele>431.8</ele>
      </trkpt>
      <trkpt lat="-39.4624637" lon="-71.5527508">
        <ele>433</ele>
      </trkpt>
      <trkpt lat="-39.4623166" lon="-71.5527132">
        <ele>433.8</ele>
      </trkpt>
      <trkpt lat="-39.462151" lon="-71.5526891">
        <ele>434.8</ele>
      </trkpt>
      <trkpt lat="-39.4619563" lon="-71.5526891">
        <ele>436.5</ele>
      </trkpt>
      <trkpt lat="-39.4617223" lon="-71.5527374">
        <ele>439.8</ele>
      </trkpt>
      <trkpt lat="-39.4613413" lon="-71.5528125">
        <ele>443.5</ele>
      </trkpt>
      <trkpt lat="-39.4609416" lon="-71.5529224">
        <ele>449.5</ele>
      </trkpt>
      <trkpt lat="-39.4605378" lon="-71.5529278">
        <ele>449.8</ele>
      </trkpt>
      <trkpt lat="-39.4602231" lon="-71.5528741">
        <ele>446.8</ele>
      </trkpt>
      <trkpt lat="-39.459724" lon="-71.5527561">
        <ele>441</ele>
      </trkpt>
      <trkpt lat="-39.4592808" lon="-71.552681">
        <ele>437.5</ele>
      </trkpt>
      <trkpt lat="-39.4589246" lon="-71.5527266">
        <ele>439.8</ele>
      </trkpt>
      <trkpt lat="-39.4584773" lon="-71.552799">
        <ele>442.8</ele>
      </trkpt>
      <trkpt lat="-39.4577401" lon="-71.5529707">
        <ele>449.2</ele>
      </trkpt>
      <trkpt lat="-39.4564851" lon="-71.5529546">
        <ele>434</ele>
      </trkpt>
      <trkpt lat="-39.4563173" lon="-71.55296">
        <ele>432</ele>
      </trkpt>
      <trkpt lat="-39.4557747" lon="-71.5529546">
        <ele>436.2</ele>
      </trkpt>
      <trkpt lat="-39.4553668" lon="-71.5528607">
        <ele>439.2</ele>
      </trkpt>
      <trkpt lat="-39.4550147" lon="-71.5526998">
        <ele>438.5</ele>
      </trkpt>
      <trkpt lat="-39.4545611" lon="-71.5523994">
        <ele>433.5</ele>
      </trkpt>
      <trkpt lat="-39.4541987" lon="-71.5522465">
        <ele>432</ele>
      </trkpt>
      <trkpt lat="-39.453507" lon="-71.5520105">
        <ele>428</ele>
      </trkpt>
      <trkpt lat="-39.4531259" lon="-71.5518603">
        <ele>425</ele>
      </trkpt>
      <trkpt lat="-39.452923" lon="-71.5518013">
        <ele>424.2</ele>
      </trkpt>
      <trkpt lat="-39.4527738" lon="-71.5517744">
        <ele>423.8</ele>
      </trkpt>
      <trkpt lat="-39.4526289" lon="-71.5517852">
        <ele>424</ele>
      </trkpt>
      <trkpt lat="-39.4525005" lon="-71.5518254">
        <ele>424.8</ele>
      </trkpt>
      <trkpt lat="-39.4520448" lon="-71.5520963">
        <ele>427.8</ele>
      </trkpt>
      <trkpt lat="-39.4516845" lon="-71.552327">
        <ele>428.1</ele>
      </trkpt>
      <trkpt lat="-39.4515436" lon="-71.5524611">
        <ele>428.2</ele>
      </trkpt>
      <trkpt lat="-39.4514401" lon="-71.5526381">
        <ele>429.5</ele>
      </trkpt>
      <trkpt lat="-39.4513117" lon="-71.5529492">
        <ele>431</ele>
      </trkpt>
      <trkpt lat="-39.4512247" lon="-71.5531665">
        <ele>431.8</ele>
      </trkpt>
      <trkpt lat="-39.4511211" lon="-71.5533167">
        <ele>430.5</ele>
      </trkpt>
      <trkpt lat="-39.4509637" lon="-71.5534428">
        <ele>427.5</ele>
      </trkpt>
      <trkpt lat="-39.4507773" lon="-71.5535286">
        <ele>424.2</ele>
      </trkpt>
      <trkpt lat="-39.4506448" lon="-71.5535393">
        <ele>422.2</ele>
      </trkpt>
      <trkpt lat="-39.4505039" lon="-71.5535179">
        <ele>420.5</ele>
      </trkpt>
      <trkpt lat="-39.4500897" lon="-71.5534079">
        <ele>416.2</ele>
      </trkpt>
      <trkpt lat="-39.4498743" lon="-71.5533918">
        <ele>414.8</ele>
      </trkpt>
      <trkpt lat="-39.4496465" lon="-71.5533918">
        <ele>412.8</ele>
      </trkpt>
      <trkpt lat="-39.4493648" lon="-71.553365">
        <ele>410.2</ele>
      </trkpt>
      <trkpt lat="-39.4491577" lon="-71.5533328">
        <ele>409.1</ele>
      </trkpt>
      <trkpt lat="-39.4489464" lon="-71.5532926">
        <ele>408</ele>
      </trkpt>
      <trkpt lat="-39.4485736" lon="-71.5532255">
        <ele>406.5</ele>
      </trkpt>
      <trkpt lat="-39.4483168" lon="-71.5531665">
        <ele>407</ele>
      </trkpt>
      <trkpt lat="-39.4470761" lon="-71.5527293">
        <ele>407.5</ele>
      </trkpt>
      <trkpt lat="-39.4467882" lon="-71.5526649">
        <ele>406.2</ele>
      </trkpt>
      <trkpt lat="-39.4465107" lon="-71.5526542">
        <ele>405.2</ele>
      </trkpt>
      <trkpt lat="-39.4461047" lon="-71.5526837">
        <ele>403.8</ele>
      </trkpt>
      <trkpt lat="-39.445649" lon="-71.5527669">
        <ele>403.5</ele>
      </trkpt>
      <trkpt lat="-39.4445036" lon="-71.5529573">
        <ele>402.8</ele>
      </trkpt>
      <trkpt lat="-39.443557" lon="-71.5531155">
        <ele>402.2</ele>
      </trkpt>
      <trkpt lat="-39.4416928" lon="-71.553416">
        <ele>399.2</ele>
      </trkpt>
      <trkpt lat="-39.4402303" lon="-71.5536734">
        <ele>401.5</ele>
      </trkpt>
      <trkpt lat="-39.4394929" lon="-71.5538344">
        <ele>401.4</ele>
      </trkpt>
      <trkpt lat="-39.4391449" lon="-71.5539524">
        <ele>401.3</ele>
      </trkpt>
      <trkpt lat="-39.4388549" lon="-71.5540704">
        <ele>401.2</ele>
      </trkpt>
      <trkpt lat="-39.4386395" lon="-71.5541133">
        <ele>401.5</ele>
      </trkpt>
      <trkpt lat="-39.4382252" lon="-71.5541241">
        <ele>402.2</ele>
      </trkpt>
      <trkpt lat="-39.4378067" lon="-71.5541455">
        <ele>402.2</ele>
      </trkpt>
      <trkpt lat="-39.4375416" lon="-71.554226">
        <ele>402.1</ele>
      </trkpt>
      <trkpt lat="-39.4366612" lon="-71.5545747">
        <ele>402</ele>
      </trkpt>
      <trkpt lat="-39.4333922" lon="-71.5556905">
        <ele>409</ele>
      </trkpt>
      <trkpt lat="-39.4317038" lon="-71.5562806">
        <ele>404.2</ele>
      </trkpt>
      <trkpt lat="-39.4311942" lon="-71.5563717">
        <ele>405.2</ele>
      </trkpt>
      <trkpt lat="-39.4307239" lon="-71.5562725">
        <ele>405</ele>
      </trkpt>
      <trkpt lat="-39.4295803" lon="-71.555897">
        <ele>404.6</ele>
      </trkpt>
      <trkpt lat="-39.4292674" lon="-71.5557978">
        <ele>404.5</ele>
      </trkpt>
      <trkpt lat="-39.4290105" lon="-71.5557227">
        <ele>405.2</ele>
      </trkpt>
      <trkpt lat="-39.4285361" lon="-71.555602">
        <ele>405</ele>
      </trkpt>
      <trkpt lat="-39.4282999" lon="-71.5555483">
        <ele>405.5</ele>
      </trkpt>
      <trkpt lat="-39.4281135" lon="-71.5555108">
        <ele>406.2</ele>
      </trkpt>
      <trkpt lat="-39.4279912" lon="-71.5554947">
        <ele>407.5</ele>
      </trkpt>
      <trkpt lat="-39.4278358" lon="-71.5554813">
        <ele>409</ele>
      </trkpt>
      <trkpt lat="-39.4276618" lon="-71.5554786">
        <ele>410.2</ele>
      </trkpt>
      <trkpt lat="-39.4274298" lon="-71.5555027">
        <ele>411</ele>
      </trkpt>
      <trkpt lat="-39.4271853" lon="-71.5555322">
        <ele>411.5</ele>
      </trkpt>
      <trkpt lat="-39.4268393" lon="-71.5555939">
        <ele>412</ele>
      </trkpt>
      <trkpt lat="-39.4264664" lon="-71.555661">
        <ele>412.2</ele>
      </trkpt>
      <trkpt lat="-39.4263338" lon="-71.5556744">
        <ele>412.8</ele>
      </trkpt>
      <trkpt lat="-39.4262198" lon="-71.5556744">
        <ele>412.9</ele>
      </trkpt>
      <trkpt lat="-39.4260831" lon="-71.5556449">
        <ele>413.1</ele>
      </trkpt>
      <trkpt lat="-39.4259567" lon="-71.5556127">
        <ele>413.2</ele>
      </trkpt>
      <trkpt lat="-39.4258096" lon="-71.5555537">
        <ele>412.5</ele>
      </trkpt>
      <trkpt lat="-39.425677" lon="-71.5554839">
        <ele>411.8</ele>
      </trkpt>
      <trkpt lat="-39.4255444" lon="-71.5553901">
        <ele>411</ele>
      </trkpt>
      <trkpt lat="-39.4253828" lon="-71.5552452">
        <ele>410.7</ele>
      </trkpt>
      <trkpt lat="-39.4251797" lon="-71.5550333">
        <ele>410.2</ele>
      </trkpt>
      <trkpt lat="-39.4242184" lon="-71.5539899">
        <ele>413.2</ele>
      </trkpt>
      <trkpt lat="-39.4234145" lon="-71.5531343">
        <ele>411.8</ele>
      </trkpt>
      <trkpt lat="-39.4230892" lon="-71.552799">
        <ele>410.8</ele>
      </trkpt>
      <trkpt lat="-39.4229794" lon="-71.5527025">
        <ele>411.2</ele>
      </trkpt>
      <trkpt lat="-39.4228571" lon="-71.5526032">
        <ele>412.2</ele>
      </trkpt>
      <trkpt lat="-39.4227328" lon="-71.5525174">
        <ele>413.2</ele>
      </trkpt>
      <trkpt lat="-39.422565" lon="-71.5524289">
        <ele>414.8</ele>
      </trkpt>
      <trkpt lat="-39.4224261" lon="-71.5523699">
        <ele>415.5</ele>
      </trkpt>
      <trkpt lat="-39.4222417" lon="-71.5523028">
        <ele>416.8</ele>
      </trkpt>
      <trkpt lat="-39.4218916" lon="-71.5521795">
        <ele>419</ele>
      </trkpt>
      <trkpt lat="-39.4216885" lon="-71.5521124">
        <ele>420</ele>
      </trkpt>
      <trkpt lat="-39.4213363" lon="-71.551981">
        <ele>421</ele>
      </trkpt>
      <trkpt lat="-39.4209426" lon="-71.5518281">
        <ele>422.2</ele>
      </trkpt>
      <trkpt lat="-39.4206732" lon="-71.5517128">
        <ele>423</ele>
      </trkpt>
      <trkpt lat="-39.4203086" lon="-71.5515786">
        <ele>423.2</ele>
      </trkpt>
      <trkpt lat="-39.4200869" lon="-71.5514982">
        <ele>423.8</ele>
      </trkpt>
      <trkpt lat="-39.4198859" lon="-71.5514097">
        <ele>423.2</ele>
      </trkpt>
      <trkpt lat="-39.4194549" lon="-71.5512139">
        <ele>421.8</ele>
      </trkpt>
      <trkpt lat="-39.4193036" lon="-71.5511468">
        <ele>421</ele>
      </trkpt>
      <trkpt lat="-39.4190798" lon="-71.5510663">
        <ele>420.2</ele>
      </trkpt>
      <trkpt lat="-39.4188975" lon="-71.5510127">
        <ele>419.8</ele>
      </trkpt>
      <trkpt lat="-39.4187069" lon="-71.5509671">
        <ele>419</ele>
      </trkpt>
      <trkpt lat="-39.41851" lon="-71.5509269">
        <ele>418</ele>
      </trkpt>
      <trkpt lat="-39.4183422" lon="-71.5509">
        <ele>417</ele>
      </trkpt>
      <trkpt lat="-39.4181536" lon="-71.550892">
        <ele>416.2</ele>
      </trkpt>
      <trkpt lat="-39.4178697" lon="-71.5508625">
        <ele>416</ele>
      </trkpt>
      <trkpt lat="-39.4176169" lon="-71.5508303">
        <ele>415.8</ele>
      </trkpt>
      <trkpt lat="-39.4174139" lon="-71.5507793">
        <ele>415.2</ele>
      </trkpt>
      <trkpt lat="-39.4172377" lon="-71.5507284">
        <ele>414.5</ele>
      </trkpt>
      <trkpt lat="-39.4167321" lon="-71.5505648">
        <ele>412</ele>
      </trkpt>
      <trkpt lat="-39.4160587" lon="-71.5503475">
        <ele>410.2</ele>
      </trkpt>
      <trkpt lat="-39.4156526" lon="-71.550208">
        <ele>408.2</ele>
      </trkpt>
      <trkpt lat="-39.4154598" lon="-71.5501437">
        <ele>407.2</ele>
      </trkpt>
      <trkpt lat="-39.415321" lon="-71.5500873">
        <ele>406.5</ele>
      </trkpt>
      <trkpt lat="-39.4151469" lon="-71.5500122">
        <ele>405.8</ele>
      </trkpt>
      <trkpt lat="-39.4149294" lon="-71.5499184">
        <ele>404.2</ele>
      </trkpt>
      <trkpt lat="-39.4142145" lon="-71.5496635">
        <ele>401.1</ele>
      </trkpt>
      <trkpt lat="-39.4140259" lon="-71.5496019">
        <ele>400.2</ele>
      </trkpt>
      <trkpt lat="-39.4133669" lon="-71.5494195">
        <ele>401.5</ele>
      </trkpt>
      <trkpt lat="-39.4131037" lon="-71.5493444">
        <ele>401.8</ele>
      </trkpt>
      <trkpt lat="-39.4130063" lon="-71.5493229">
        <ele>401.5</ele>
      </trkpt>
      <trkpt lat="-39.4129007" lon="-71.5493014">
        <ele>401.4</ele>
      </trkpt>
      <trkpt lat="-39.4127411" lon="-71.5492934">
        <ele>401.3</ele>
      </trkpt>
      <trkpt lat="-39.4126333" lon="-71.5492907">
        <ele>401.2</ele>
      </trkpt>
      <trkpt lat="-39.4124841" lon="-71.5493068">
        <ele>400.8</ele>
      </trkpt>
      <trkpt lat="-39.4123722" lon="-71.5493229">
        <ele>400</ele>
      </trkpt>
      <trkpt lat="-39.4122666" lon="-71.5493497">
        <ele>399.5</ele>
      </trkpt>
      <trkpt lat="-39.4121484" lon="-71.5493819">
        <ele>399</ele>
      </trkpt>
      <trkpt lat="-39.4120552" lon="-71.5494195">
        <ele>398.8</ele>
      </trkpt>
      <trkpt lat="-39.4119723" lon="-71.549457">
        <ele>398.7</ele>
      </trkpt>
      <trkpt lat="-39.4118604" lon="-71.5495214">
        <ele>398.6</ele>
      </trkpt>
      <trkpt lat="-39.4117464" lon="-71.5495884">
        <ele>398.5</ele>
      </trkpt>
      <trkpt lat="-39.4114376" lon="-71.5497842">
        <ele>398.3</ele>
      </trkpt>
      <trkpt lat="-39.4113154" lon="-71.5498647">
        <ele>398.2</ele>
      </trkpt>
      <trkpt lat="-39.4112076" lon="-71.5499157">
        <ele>398.2</ele>
      </trkpt>
      <trkpt lat="-39.4110087" lon="-71.5500069">
        <ele>398</ele>
      </trkpt>
      <trkpt lat="-39.4106647" lon="-71.550149">
        <ele>396.8</ele>
      </trkpt>
      <trkpt lat="-39.4103331" lon="-71.5502805">
        <ele>395.5</ele>
      </trkpt>
      <trkpt lat="-39.4093612" lon="-71.5506452">
        <ele>393.2</ele>
      </trkpt>
      <trkpt lat="-39.409212" lon="-71.5506935">
        <ele>393.1</ele>
      </trkpt>
      <trkpt lat="-39.409098" lon="-71.5507177">
        <ele>393</ele>
      </trkpt>
      <trkpt lat="-39.4089964" lon="-71.5507337">
        <ele>392.8</ele>
      </trkpt>
      <trkpt lat="-39.4088742" lon="-71.5507418">
        <ele>392.2</ele>
      </trkpt>
      <trkpt lat="-39.4087685" lon="-71.5507391">
        <ele>391.8</ele>
      </trkpt>
      <trkpt lat="-39.4086503" lon="-71.5507311">
        <ele>391.2</ele>
      </trkpt>
      <trkpt lat="-39.4085136" lon="-71.5507123">
        <ele>390.5</ele>
      </trkpt>
      <trkpt lat="-39.4083664" lon="-71.5506774">
        <ele>390.2</ele>
      </trkpt>
      <trkpt lat="-39.4082483" lon="-71.5506399">
        <ele>390.5</ele>
      </trkpt>
      <trkpt lat="-39.408068" lon="-71.5505782">
        <ele>390.8</ele>
      </trkpt>
      <trkpt lat="-39.4073862" lon="-71.5502992">
        <ele>391.2</ele>
      </trkpt>
      <trkpt lat="-39.4070277" lon="-71.5501624">
        <ele>391.5</ele>
      </trkpt>
      <trkpt lat="-39.4065945" lon="-71.5500149">
        <ele>392.2</ele>
      </trkpt>
      <trkpt lat="-39.4051417" lon="-71.5495133">
        <ele>390.9</ele>
      </trkpt>
      <trkpt lat="-39.4048143" lon="-71.5494114">
        <ele>390.7</ele>
      </trkpt>
      <trkpt lat="-39.404636" lon="-71.5493658">
        <ele>390.5</ele>
      </trkpt>
      <trkpt lat="-39.4044557" lon="-71.5493283">
        <ele>390.8</ele>
      </trkpt>
      <trkpt lat="-39.4043086" lon="-71.5493095">
        <ele>391.2</ele>
      </trkpt>
      <trkpt lat="-39.4041386" lon="-71.5493068">
        <ele>391.3</ele>
      </trkpt>
      <trkpt lat="-39.4039853" lon="-71.5493175">
        <ele>391.4</ele>
      </trkpt>
      <trkpt lat="-39.4038236" lon="-71.549347">
        <ele>391.5</ele>
      </trkpt>
      <trkpt lat="-39.4036371" lon="-71.5494007">
        <ele>391.8</ele>
      </trkpt>
      <trkpt lat="-39.40252" lon="-71.549795">
        <ele>392.2</ele>
      </trkpt>
      <trkpt lat="-39.4022526" lon="-71.5498942">
        <ele>392.5</ele>
      </trkpt>
      <trkpt lat="-39.4020495" lon="-71.5499774">
        <ele>393</ele>
      </trkpt>
      <trkpt lat="-39.4019397" lon="-71.5500337">
        <ele>393.5</ele>
      </trkpt>
      <trkpt lat="-39.4018381" lon="-71.5500927">
        <ele>394</ele>
      </trkpt>
      <trkpt lat="-39.4017345" lon="-71.5501624">
        <ele>394.5</ele>
      </trkpt>
      <trkpt lat="-39.4016163" lon="-71.5502617">
        <ele>395.2</ele>
      </trkpt>
      <trkpt lat="-39.4014941" lon="-71.5503609">
        <ele>396</ele>
      </trkpt>
      <trkpt lat="-39.4013884" lon="-71.5504521">
        <ele>396.8</ele>
      </trkpt>
      <trkpt lat="-39.4012847" lon="-71.5505594">
        <ele>397.8</ele>
      </trkpt>
      <trkpt lat="-39.4011832" lon="-71.5506721">
        <ele>398.2</ele>
      </trkpt>
      <trkpt lat="-39.4010671" lon="-71.5508088">
        <ele>399.2</ele>
      </trkpt>
      <trkpt lat="-39.4008308" lon="-71.5511039">
        <ele>400.8</ele>
      </trkpt>
      <trkpt lat="-39.4001344" lon="-71.5520453">
        <ele>401.3</ele>
      </trkpt>
      <trkpt lat="-39.3996805" lon="-71.5527052">
        <ele>401.6</ele>
      </trkpt>
      <trkpt lat="-39.3995189" lon="-71.5529439">
        <ele>401.8</ele>
      </trkpt>
      <trkpt lat="-39.3993655" lon="-71.5531933">
        <ele>402</ele>
      </trkpt>
      <trkpt lat="-39.3992204" lon="-71.5534481">
        <ele>401.5</ele>
      </trkpt>
      <trkpt lat="-39.3991126" lon="-71.5536466">
        <ele>401</ele>
      </trkpt>
      <trkpt lat="-39.399009" lon="-71.5538505">
        <ele>400.8</ele>
      </trkpt>
      <trkpt lat="-39.3983354" lon="-71.5551111">
        <ele>396.2</ele>
      </trkpt>
      <trkpt lat="-39.3980017" lon="-71.5557173">
        <ele>395.2</ele>
      </trkpt>
      <trkpt lat="-39.3978649" lon="-71.5559614">
        <ele>395.5</ele>
      </trkpt>
      <trkpt lat="-39.3977467" lon="-71.5561572">
        <ele>396</ele>
      </trkpt>
      <trkpt lat="-39.3976389" lon="-71.5563154">
        <ele>396.8</ele>
      </trkpt>
      <trkpt lat="-39.3975332" lon="-71.5564629">
        <ele>397.5</ele>
      </trkpt>
      <trkpt lat="-39.3974275" lon="-71.5566051">
        <ele>398</ele>
      </trkpt>
      <trkpt lat="-39.3973156" lon="-71.5567499">
        <ele>397.5</ele>
      </trkpt>
      <trkpt lat="-39.3971912" lon="-71.5569001">
        <ele>397</ele>
      </trkpt>
      <trkpt lat="-39.3970648" lon="-71.5570477">
        <ele>396.8</ele>
      </trkpt>
      <trkpt lat="-39.3969073" lon="-71.5572086">
        <ele>396.2</ele>
      </trkpt>
      <trkpt lat="-39.3960181" lon="-71.5581045">
        <ele>394</ele>
      </trkpt>
      <trkpt lat="-39.3958813" lon="-71.5582493">
        <ele>393.8</ele>
      </trkpt>
      <trkpt lat="-39.3957963" lon="-71.5583459">
        <ele>393.8</ele>
      </trkpt>
      <trkpt lat="-39.3956947" lon="-71.5584773">
        <ele>394</ele>
      </trkpt>
      <trkpt lat="-39.3946542" lon="-71.5598345">
        <ele>395.8</ele>
      </trkpt>
      <trkpt lat="-39.3944676" lon="-71.5600759">
        <ele>394.8</ele>
      </trkpt>
      <trkpt lat="-39.3941857" lon="-71.5604085">
        <ele>392.2</ele>
      </trkpt>
      <trkpt lat="-39.3940531" lon="-71.5605694">
        <ele>391.9</ele>
      </trkpt>
      <trkpt lat="-39.3939038" lon="-71.5607625">
        <ele>391.5</ele>
      </trkpt>
      <trkpt lat="-39.3937256" lon="-71.5610012">
        <ele>392</ele>
      </trkpt>
      <trkpt lat="-39.3935473" lon="-71.5612373">
        <ele>392.8</ele>
      </trkpt>
      <trkpt lat="-39.3933918" lon="-71.5614304">
        <ele>395</ele>
      </trkpt>
      <trkpt lat="-39.3933069" lon="-71.5615243">
        <ele>396.5</ele>
      </trkpt>
      <trkpt lat="-39.393139" lon="-71.5617093">
        <ele>398.5</ele>
      </trkpt>
      <trkpt lat="-39.3929794" lon="-71.561873">
        <ele>399.2</ele>
      </trkpt>
      <trkpt lat="-39.392059" lon="-71.5628386">
        <ele>399</ele>
      </trkpt>
      <trkpt lat="-39.3919409" lon="-71.5629914">
        <ele>398.5</ele>
      </trkpt>
      <trkpt lat="-39.3918289" lon="-71.5631497">
        <ele>398.2</ele>
      </trkpt>
      <trkpt lat="-39.3917253" lon="-71.5633187">
        <ele>397.8</ele>
      </trkpt>
      <trkpt lat="-39.3916361" lon="-71.5634796">
        <ele>397.4</ele>
      </trkpt>
      <trkpt lat="-39.3915532" lon="-71.5636459">
        <ele>397</ele>
      </trkpt>
      <trkpt lat="-39.3914786" lon="-71.5638202">
        <ele>397.1</ele>
      </trkpt>
      <trkpt lat="-39.3914102" lon="-71.5639973">
        <ele>397.1</ele>
      </trkpt>
      <trkpt lat="-39.391348" lon="-71.5641797">
        <ele>397.2</ele>
      </trkpt>
      <trkpt lat="-39.3912941" lon="-71.5643674">
        <ele>397.2</ele>
      </trkpt>
      <trkpt lat="-39.3905354" lon="-71.5665829">
        <ele>398.8</ele>
      </trkpt>
      <trkpt lat="-39.3904608" lon="-71.566827">
        <ele>398.5</ele>
      </trkpt>
      <trkpt lat="-39.3903779" lon="-71.5670657">
        <ele>398.2</ele>
      </trkpt>
      <trkpt lat="-39.3902888" lon="-71.5673018">
        <ele>397.5</ele>
      </trkpt>
      <trkpt lat="-39.3901913" lon="-71.5675324">
        <ele>397.2</ele>
      </trkpt>
      <trkpt lat="-39.390096" lon="-71.567747">
        <ele>397.8</ele>
      </trkpt>
      <trkpt lat="-39.3899944" lon="-71.5679562">
        <ele>398</ele>
      </trkpt>
      <trkpt lat="-39.3898866" lon="-71.5681601">
        <ele>398.2</ele>
      </trkpt>
      <trkpt lat="-39.3881847" lon="-71.5710595">
        <ele>396.8</ele>
      </trkpt>
      <trkpt lat="-39.3872063" lon="-71.5725428">
        <ele>394.5</ele>
      </trkpt>
      <trkpt lat="-39.3871399" lon="-71.5726286">
        <ele>394.6</ele>
      </trkpt>
      <trkpt lat="-39.3870715" lon="-71.5727064">
        <ele>394.7</ele>
      </trkpt>
      <trkpt lat="-39.3869969" lon="-71.5727788">
        <ele>394.8</ele>
      </trkpt>
      <trkpt lat="-39.3869202" lon="-71.5728459">
        <ele>394.5</ele>
      </trkpt>
      <trkpt lat="-39.3868207" lon="-71.5729156">
        <ele>394.2</ele>
      </trkpt>
      <trkpt lat="-39.3867191" lon="-71.5729746">
        <ele>394.2</ele>
      </trkpt>
      <trkpt lat="-39.3866134" lon="-71.5730229">
        <ele>394.1</ele>
      </trkpt>
      <trkpt lat="-39.3865035" lon="-71.5730605">
        <ele>394</ele>
      </trkpt>
      <trkpt lat="-39.3856826" lon="-71.5734199">
        <ele>393.2</ele>
      </trkpt>
      <trkpt lat="-39.3848637" lon="-71.5737149">
        <ele>392.5</ele>
      </trkpt>
      <trkpt lat="-39.3838976" lon="-71.5741038">
        <ele>392</ele>
      </trkpt>
      <trkpt lat="-39.3834602" lon="-71.5742809">
        <ele>391.8</ele>
      </trkpt>
      <trkpt lat="-39.3830249" lon="-71.5744686">
        <ele>392.2</ele>
      </trkpt>
      <trkpt lat="-39.3825916" lon="-71.5746617">
        <ele>393</ele>
      </trkpt>
      <trkpt lat="-39.382179" lon="-71.5748602">
        <ele>393.8</ele>
      </trkpt>
      <trkpt lat="-39.3817665" lon="-71.5750641">
        <ele>393</ele>
      </trkpt>
      <trkpt lat="-39.3800498" lon="-71.5760618">
        <ele>395.2</ele>
      </trkpt>
      <trkpt lat="-39.3797886" lon="-71.5761235">
        <ele>397</ele>
      </trkpt>
      <trkpt lat="-39.3793304" lon="-71.5761825">
        <ele>400.2</ele>
      </trkpt>
      <trkpt lat="-39.3785613" lon="-71.5762255">
        <ele>403.8</ele>
      </trkpt>
      <trkpt lat="-39.3783747" lon="-71.5762496">
        <ele>403.5</ele>
      </trkpt>
      <trkpt lat="-39.3781881" lon="-71.5762845">
        <ele>403.6</ele>
      </trkpt>
      <trkpt lat="-39.3780015" lon="-71.5763327">
        <ele>403.8</ele>
      </trkpt>
      <trkpt lat="-39.377819" lon="-71.5763864">
        <ele>403.2</ele>
      </trkpt>
      <trkpt lat="-39.3776366" lon="-71.5764534">
        <ele>403</ele>
      </trkpt>
      <trkpt lat="-39.3774603" lon="-71.5765285">
        <ele>402.2</ele>
      </trkpt>
      <trkpt lat="-39.3772862" lon="-71.5766117">
        <ele>401.9</ele>
      </trkpt>
      <trkpt lat="-39.3771141" lon="-71.5767056">
        <ele>401.5</ele>
      </trkpt>
      <trkpt lat="-39.3769462" lon="-71.5768075">
        <ele>401</ele>
      </trkpt>
      <trkpt lat="-39.3767989" lon="-71.5769067">
        <ele>400.2</ele>
      </trkpt>
      <trkpt lat="-39.3766559" lon="-71.5770113">
        <ele>399.8</ele>
      </trkpt>
      <trkpt lat="-39.3765149" lon="-71.5771267">
        <ele>400.2</ele>
      </trkpt>
      <trkpt lat="-39.3763781" lon="-71.5772474">
        <ele>400.5</ele>
      </trkpt>
      <trkpt lat="-39.3748313" lon="-71.578677">
        <ele>408.8</ele>
      </trkpt>
      <trkpt lat="-39.3739087" lon="-71.5794575">
        <ele>405</ele>
      </trkpt>
      <trkpt lat="-39.3737594" lon="-71.5795863">
        <ele>404.5</ele>
      </trkpt>
      <trkpt lat="-39.3736039" lon="-71.579707">
        <ele>404</ele>
      </trkpt>
      <trkpt lat="-39.3734442" lon="-71.5798169">
        <ele>403.8</ele>
      </trkpt>
      <trkpt lat="-39.3732804" lon="-71.5799189">
        <ele>403</ele>
      </trkpt>
      <trkpt lat="-39.3731146" lon="-71.5800101">
        <ele>402</ele>
      </trkpt>
      <trkpt lat="-39.3729715" lon="-71.5800825">
        <ele>400.8</ele>
      </trkpt>
      <trkpt lat="-39.3728264" lon="-71.5801468">
        <ele>399.2</ele>
      </trkpt>
      <trkpt lat="-39.3726771" lon="-71.5802032">
        <ele>398</ele>
      </trkpt>
      <trkpt lat="-39.3725278" lon="-71.5802541">
        <ele>397</ele>
      </trkpt>
      <trkpt lat="-39.3717938" lon="-71.5804929">
        <ele>392.8</ele>
      </trkpt>
      <trkpt lat="-39.3712858" lon="-71.5806645">
        <ele>391</ele>
      </trkpt>
      <trkpt lat="-39.3710681" lon="-71.5807369">
        <ele>389.8</ele>
      </trkpt>
      <trkpt lat="-39.3708524" lon="-71.5808201">
        <ele>389.2</ele>
      </trkpt>
      <trkpt lat="-39.3706699" lon="-71.5808979">
        <ele>389.8</ele>
      </trkpt>
      <trkpt lat="-39.3704895" lon="-71.580981">
        <ele>389.9</ele>
      </trkpt>
      <trkpt lat="-39.3703091" lon="-71.5810722">
        <ele>390</ele>
      </trkpt>
      <trkpt lat="-39.3697742" lon="-71.5813619">
        <ele>390.5</ele>
      </trkpt>
      <trkpt lat="-39.3694445" lon="-71.5815282">
        <ele>390.2</ele>
      </trkpt>
      <trkpt lat="-39.36802" lon="-71.5822443">
        <ele>394</ele>
      </trkpt>
      <trkpt lat="-39.3665705" lon="-71.5829739">
        <ele>393.8</ele>
      </trkpt>
      <trkpt lat="-39.3657265" lon="-71.5833843">
        <ele>392.1</ele>
      </trkpt>
      <trkpt lat="-39.3655378" lon="-71.5834728">
        <ele>391.8</ele>
      </trkpt>
      <trkpt lat="-39.3653471" lon="-71.5835533">
        <ele>391.4</ele>
      </trkpt>
      <trkpt lat="-39.3651231" lon="-71.5836337">
        <ele>391</ele>
      </trkpt>
      <trkpt lat="-39.364895" lon="-71.5837061">
        <ele>391.2</ele>
      </trkpt>
      <trkpt lat="-39.3646669" lon="-71.5837651">
        <ele>391</ele>
      </trkpt>
      <trkpt lat="-39.3645756" lon="-71.5837571">
        <ele>390.5</ele>
      </trkpt>
      <trkpt lat="-39.3644823" lon="-71.5837517">
        <ele>390.2</ele>
      </trkpt>
      <trkpt lat="-39.3643579" lon="-71.5837544">
        <ele>390</ele>
      </trkpt>
      <trkpt lat="-39.3642335" lon="-71.5837651">
        <ele>389.8</ele>
      </trkpt>
      <trkpt lat="-39.3641573" lon="-71.5837767">
        <ele>389.4</ele>
      </trkpt>
      <extensions>
        <osmand:route>
          <segment id="1352094032" length="15" startTrkptIdx="0" segmentTime="15.42" speed="12.5" turnType="C" types="0,1,2,3" pointTypes=";;;;;;;;;;;;;;" names="37" />
          <segment id="1352094034" length="9" startTrkptIdx="14" segmentTime="2.52" speed="12.5" types="0,4,2,3" pointTypes=";;;;;;;;" names="37" />
          <segment id="1352094031" length="17" startTrkptIdx="22" segmentTime="8.66" speed="12.5" types="0,1,2,3" pointTypes=";;;;;;;;;;;;;;;;" names="37" />
          <segment id="623176748" length="40" startTrkptIdx="38" segmentTime="47.36" speed="16.44" turnType="TR" turnAngle="115.93" types="5,6,7,1,122,8,9,10,11,12" pointTypes=";;;19;;13;13;;20;20;;;;20;13;14;;14;14;14;14;;;14;;;19;;;19;19;19;;20;13;15;14;19;;20" names="38,39,40,41,42,43,44,45,46" />
          <segment id="623176771" length="10" startTrkptIdx="77" segmentTime="10.53" speed="11.11" types="6,27,26,1,63,9,65,11,12" pointTypes=";13;14;14;;;19;19;19;19" names="38,39,40,41,42,43,44,45,46" />
          <segment id="320876544" length="9" startTrkptIdx="86" segmentTime="13.82" speed="3.07" types="5,6,66,26,4,63,9,65,11,12" pointTypes=";19;;;;19;123,124,19;;" names="38,39,40,41,42,43,44,45,46" />
          <segment id="1352094035" length="6" startTrkptIdx="94" segmentTime="1.36" speed="8.33" turnType="RNDB1" turnAngle="-68.93" types="6,125,66,75,4,63,65,21,22" pointTypes=";;;;15;" names="38,39,42,45" />
          <segment id="1352269386" length="27" startTrkptIdx="99" segmentTime="35.09" speed="7.94" types="6,66,26,4,63,9,65,11,12" pointTypes=";20;13;13;15;15;15;15;15;14;;;14;13;13;13;13;15;20;;13;13;13;123,124,15;15;15;15" names="38,39,40,41,42,43,44,45,46" />
          <segment id="689970221" length="8" startTrkptIdx="125" segmentTime="2.12" speed="8.33" turnType="RNDB2" turnAngle="-31.74" types="6,125,66,75,4,63,9,126,65,127,128" pointTypes="14;14;15" names="38,39,189,190,41,191,192,43,193,194,195,196,46,197" />
          <segment id="689970215" length="9" startTrkptIdx="132" segmentTime="3.72" speed="11.11" types="6,66,26,4,63,9,65,11,12" pointTypes=";13;15;15;13;13;20" names="38,39,40,41,42,43,44,45,46" />
          <segment id="1352269396" length="2" startTrkptIdx="140" segmentTime="0.71" speed="11.11" types="23,6,27,26,1,63,9,65,11,12" names="38,39,40,41,42,43,44,45,46" />
          <segment id="258588886" length="7" startTrkptIdx="141" segmentTime="15.6" speed="16.44" types="6,27,7,1,63,9,65,11,12" pointTypes=";;;;;;" names="38,39,40,41,42,43,44,45,46" />
          <segment id="1352269395" length="2" startTrkptIdx="147" segmentTime="0.79" speed="16.44" types="23,6,27,7,1,63,9,65,11,12" names="38,39,40,41,42,43,44,45,46" />
          <segment id="1352269394" length="2" startTrkptIdx="148" segmentTime="3.27" speed="16.44" types="6,27,7,1,63,9,65,11,12" pointTypes=";" names="38,39,40,41,42,43,44,45,46" />
          <segment id="294768116" length="32" startTrkptIdx="149" segmentTime="64.1" speed="10.03" types="6,27,76,7,4,129,73,63,9,74,78,11,12" pointTypes=";;;;;;;;;;;;;;;;;;;;;;;;123,124;;;130,131,132;;123,124" names="38,39,40,41,42,43,44,45,46" />
          <segment id="1340074434" length="2" startTrkptIdx="180" segmentTime="0.23" speed="11.11" types="133,134,135,27,26,4,63,136,126,65,137,138,139,140,141,142,143,144,145,146,147,148,149,150" names="198,199,200,190,201,191,202,43,203,204,205,206,196,46,207,208,209,210,211" />
          <segment id="207324340" length="11" startTrkptIdx="181" segmentTime="13.81" speed="2.3" turnType="TSLL" turnLanes="TSLL|+TSLL,TSLR" turnAngle="-22.17" types="133,134,135,27,75,4,63,136,126,65,137,138,139,140,141,142,143,144,145,146,147,148,149,150" pointTypes=";;;;;;123,124;;;;" names="198,199,200,190,201,191,202,43,203,204,205,206,196,46,207,208,209,210,211" />
          <segment id="258395434" length="13" startTrkptIdx="191" segmentTime="8.48" speed="11.11" types="133,134,135,27,76,26,4,151,63,136,126,74,137,138,139,140,141,142,143,144,145,146,147,148,149,150" pointTypes=";;;;;20;20;20;20;20;;" names="198,199,200,190,201,191,202,43,203,204,205,206,196,46,207,208,209,210,211" />
          <segment id="258402093" length="4" startTrkptIdx="203" segmentTime="0.76" speed="11.11" types="133,134,135,27,26,4,63,136,126,65,137,138,139,140,141,142,143,144,145,146,147,148,149,150" names="198,199,200,190,201,191,202,43,203,204,205,206,196,46,207,208,209,210,211" />
          <segment id="297983056" length="2" startTrkptIdx="206" segmentTime="0.3" speed="11.11" types="133,134,135,27,26,4,63,136,126,65,137,138,139,140,141,142,143,144,145,146,147,148,149,150" names="198,199,200,190,201,191,202,43,203,204,205,206,196,46,207,208,209,210,211" />
          <segment id="258402090" length="8" startTrkptIdx="207" segmentTime="4.82" speed="11.11" turnType="TSLL" turnLanes="TL|+TSLL,TL" turnAngle="-10.83" types="133,134,135,66,76,26,4,79,63,136,65,137,138,139,152,153,154,144,145,146,155,156,157" pointTypes=";20;20;20;20;20;20;20" names="212,213,200,201,202,214,205,206,215,209,210,211" />
          <segment id="258395432" length="2" startTrkptIdx="214" segmentTime="27.08" speed="11.11" types="133,134,135,27,76,26,1,79,63,136,65,137,138,139,152,153,154,144,145,146,155,156,157" pointTypes=";20" names="212,213,200,201,202,214,205,206,215,209,210,211" />
          <segment id="258589578" length="8" startTrkptIdx="215" segmentTime="14.84" speed="3.63" types="133,134,135,66,76,26,4,63,136,65,137,138,139,152,153,154,144,145,146,155,156,157" pointTypes=";20;20;20;;123,124" names="212,213,200,201,202,214,205,206,215,209,210,211" />
          <segment id="1215459690" length="2" startTrkptIdx="222" segmentTime="0.49" speed="8.33" turnType="RNDB2" turnAngle="-46.55" types="133,134,135,125,27,76,75,4,63,136,126,65,137,138,139,140,141,142,143,144,145,146,147,148,149,150" names="216,217,200,218,201,191,202,219,203,220,205,206,221,222,207,223,209,210,211" />
          <segment id="297563383" length="6" startTrkptIdx="223" segmentTime="2.44" speed="8.33" types="133,134,135,125,27,76,75,4,63,136,126,65,137,138,139,140,141,142,143,144,145,146,147,148,149,150" names="216,217,200,218,201,191,202,219,203,220,205,206,221,222,207,223,209,210,211" />
          <segment id="296308634" length="3" startTrkptIdx="228" segmentTime="0.97" speed="8.33" types="133,134,135,125,27,76,75,4,63,136,126,65,137,138,139,140,141,142,143,144,145,146,147,148,149,150" names="216,217,200,218,201,191,202,219,203,220,205,206,221,222,207,223,209,210,211" />
          <segment id="296375941" length="8" startTrkptIdx="230" segmentTime="4.35" speed="11.11" types="133,134,135,66,76,26,4,63,136,65,137,138,139,152,153,154,144,145,146,155,156,157" pointTypes=";;13;13;13;20" names="212,213,200,201,202,214,205,206,215,209,210,211" />
          <segment id="1353264012" length="44" startTrkptIdx="237" segmentTime="87.15" speed="6.01" types="133,134,135,27,76,26,1,63,136,65,137,138,139,152,153,154,144,145,146,155,156,157" pointTypes=";;;;20;20;20;;;;;;;;;;;;;;20;13;13;20;;;;;;;;158,159;160,161,162,132,163;158,164;;;;;130,161,162,132,163;;;;;" names="212,213,200,201,202,214,205,206,215,209,210,211" />
          <segment id="1361558395" length="12" startTrkptIdx="280" segmentTime="6.59" speed="11.11" types="133,134,135,27,76,26,1,63,136,65,137,138,139,152,153,154,144,145,146,155,156,157" pointTypes=";;;;;;;165,166;;;;" names="212,213,200,201,202,214,205,206,215,209,210,211" />
          <segment id="258590103" length="6" startTrkptIdx="291" segmentTime="14.26" speed="3.32" types="133,134,135,66,76,26,4,79,63,136,65,137,138,139,152,153,154,144,145,146,155,156,157" pointTypes=";;;123,124;;" names="212,213,200,201,202,214,205,206,215,209,210,211" />
          <segment id="297563389" length="9" startTrkptIdx="296" segmentTime="3.91" speed="8.33" turnType="RNDB2" turnAngle="-56.3" types="135,125,27,76,75,4,63,136,65,137,138,139,152,153,154,144,145,146,155,156,157" pointTypes=";;;;;;;;13" names="224,213,200,201,202,214,205,206,215,209,210,211" />
          <segment id="297190872" length="2" startTrkptIdx="304" segmentTime="0.49" speed="8.33" types="135,125,27,76,75,4,79,63,136,65,137,138,139,152,153,154,144,145,146,155,156,157" pointTypes=";" names="224,213,200,201,202,214,205,206,215,209,210,211" />
          <segment id="297190873" length="6" startTrkptIdx="305" segmentTime="4.76" speed="11.11" types="135,66,76,26,4,79,63,136,65,137,138,139,152,153,154,144,145,146,155,156,157" pointTypes=";15;13;13;13;14,167,168" names="225,213,200,201,202,214,205,206,215,209,210,211" />
          <segment id="258395437" length="35" startTrkptIdx="310" segmentTime="58.3" speed="9.21" types="135,27,26,72,1,63,136,65,137,138,139,152,153,154,144,145,146,155,156,157" pointTypes="167,168;14;14;15;13;20;;20;20;167,168;;13;130,161,162,132,163,20;;;;;;;;;;;;;;130,161,162,132,163;;;;;;;;" names="225,213,200,201,202,214,205,206,215,209,210,211" />
          <segment id="1357879733" length="6" startTrkptIdx="344" segmentTime="4.49" speed="11.11" types="135,66,76,26,4,63,136,65,137,138,139,152,153,154,144,145,146,155,156,157" pointTypes=";;;" names="225,213,200,201,202,214,205,206,215,209,210,211" />
          <segment id="433184787" length="3" startTrkptIdx="349" segmentTime="14.31" speed="7.23" types="135,27,76,26,4,63,169,136,65,137,138,139,152,153,154,144,145,146,155,156,157" pointTypes=";130,161,162,132,163;20" names="225,213,200,201,202,214,205,206,215,209,210,211" />
          <segment id="1357879736" length="2" startTrkptIdx="351" segmentTime="8.74" speed="11.11" turnType="C" turnLanes="TL|+C" turnAngle="-0.22" skipTurn="true" types="135,27,76,26,4,63,170,136,65,137,138,139,152,153,154,144,145,146,155,156,157" pointTypes=";" names="225,213,200,201,202,214,205,206,215,209,210,211" />
          <segment id="1357879734" length="6" startTrkptIdx="352" segmentTime="5.44" speed="11.11" types="135,66,76,26,4,63,136,65,137,138,139,152,153,154,144,145,146,155,156,157" pointTypes=";;;;;13" names="225,213,200,201,202,214,205,206,215,209,210,211" />
          <segment id="433184786" length="7" startTrkptIdx="357" segmentTime="21.03" speed="16.44" types="135,27,76,7,72,1,63,136,65,137,138,139,152,153,154,144,145,146,155,156,157" pointTypes=";;15;165,166,20;;20;20" names="225,213,200,201,202,214,205,206,215,209,210,211" />
          <segment id="433184786" length="12" startTrkptIdx="363" segmentTime="24.25" speed="13.05" turnType="C" turnLanes="+C,TSLR" turnAngle="0.06" skipTurn="true" types="135,27,76,7,72,1,63,136,65,137,138,139,152,153,154,144,145,146,155,156,157" pointTypes="20;130,161,162,132,171,163;;;;;;;20;;;20" names="225,213,200,201,202,214,205,206,215,209,210,211" />
          <segment id="315947316" length="9" startTrkptIdx="374" segmentTime="35.02" speed="7.94" types="135,27,76,26,1,63,136,65,137,138,139,152,153,154,144,145,146,155,156,157" pointTypes=";20;20;130,161,162,132,171,163,172;;;;;" names="225,213,200,201,202,214,205,206,215,209,210,211" />
          <segment id="1378245287" length="9" startTrkptIdx="382" segmentTime="9.42" speed="11.11" types="135,27,76,26,1,63,136,65,137,138,139,152,153,154,144,145,146,155,156,157" pointTypes=";;;;;;;;" names="225,213,200,201,202,214,205,206,215,209,210,211" />
          <segment id="1364162072" length="5" startTrkptIdx="390" segmentTime="24.51" speed="6.58" turnType="C" turnLanes="+C,TSLR" turnAngle="1.01" skipTurn="true" types="135,27,76,26,1,63,136,65,137,138,139,152,153,154,144,145,146,155,156,157" pointTypes=";130,173,132,172,20;165,166;;" names="225,213,200,201,202,214,205,206,215,209,210,211" />
          <segment id="1364162071" length="3" startTrkptIdx="394" segmentTime="4.09" speed="11.11" types="135,27,76,26,1,63,136,65,137,138,139,152,153,154,144,145,146,155,156,157" pointTypes=";;20" names="225,213,200,201,202,214,205,206,215,209,210,211" />
          <segment id="258588939" length="4" startTrkptIdx="396" segmentTime="25.41" speed="6.74" types="135,27,76,26,1,79,63,136,65,137,138,139,152,153,154,144,145,146,155,156,157" pointTypes=";;130,161,162,132,163,172;" names="225,213,200,201,202,214,205,206,215,209,210,211" />
          <segment id="258588479" length="5" startTrkptIdx="399" segmentTime="4" speed="11.11" types="135,27,76,26,72,1,63,136,65,137,138,139,152,153,154,144,145,146,155,156,157" pointTypes=";;;" names="225,213,200,201,202,214,205,206,215,209,210,211" />
          <segment id="1365808076" length="19" startTrkptIdx="403" segmentTime="36.64" speed="11.11" types="135,27,76,26,72,1,79,63,136,65,137,138,139,152,153,154,144,145,146,155,156,157" pointTypes=";;;;;;;;;;;;13;13;;20;;;" names="225,213,200,201,202,214,205,206,215,209,210,211" />
          <segment id="1379002678" length="15" startTrkptIdx="421" segmentTime="23.23" speed="11.11" types="135,27,76,26,72,1,79,63,136,65,137,138,139,152,153,154,144,145,146,155,156,157" pointTypes=";;20;;;;;20;20;;;;;;" names="225,213,200,201,202,214,205,206,215,209,210,211" />
          <segment id="1379016162" length="4" startTrkptIdx="435" segmentTime="10.28" speed="16.44" types="135,27,76,7,72,1,79,63,136,65,137,138,139,152,153,154,144,145,146,155,156,157" pointTypes=";;165,166;" names="225,213,200,201,202,214,205,206,215,209,210,211" />
          <segment id="778158639" length="16" startTrkptIdx="438" segmentTime="33.97" speed="16.44" types="135,27,76,7,72,1,79,63,136,65,137,138,139,152,153,154,144,145,146,155,156,157" pointTypes=";;;;;;13;13;;;;;;;;174,173,132,20" names="225,213,200,201,202,214,205,206,215,209,210,211" />
          <segment id="1365808085" length="19" startTrkptIdx="453" segmentTime="34.02" speed="15.96" types="133,134,135,27,76,7,72,1,79,63,136,65,137,138,139,152,153,154,144,145,146,155,156,157" pointTypes="174,173,132;20;;;;;;;;;;;;;;;;165,166;" names="225,213,200,201,202,214,205,206,215,209,210,211" />
          <segment id="1389404262" length="2" startTrkptIdx="471" segmentTime="17.14" speed="11.11" types="133,134,135,27,76,26,72,1,63,136,65,78,137,138,139,152,153,154,144,145,146,155,156,157" pointTypes=";" names="225,213,200,201,202,214,205,206,215,209,210,211" />
          <segment id="258589518" length="28" startTrkptIdx="472" segmentTime="116.15" speed="7.76" types="133,134,135,27,76,26,72,1,63,136,65,78,137,138,139,152,153,154,144,145,146,155,156,157" pointTypes=";13;158,159,15;160,161,162,132,163,15;158,164,20;;;;20;20;20;20;;;;;;;;;;;;;;;165,166;" names="225,213,200,201,202,214,205,206,215,209,210,211" />
          <segment id="1340123923" length="3" startTrkptIdx="499" segmentTime="21.89" speed="6.04" types="133,134,135,27,76,26,72,1,63,136,65,78,137,138,139,152,153,154,144,145,146,155,156,157" pointTypes=";130,161,162,132,163,172" names="225,213,200,201,202,214,205,206,215,209,210,211" />
          <segment id="1385435213" length="3" startTrkptIdx="501" segmentTime="12.26" speed="11.11" types="133,134,135,27,76,26,1,63,136,65,137,138,139,152,153,154,144,145,146,155,156,157" pointTypes=";;" names="225,213,200,201,202,214,205,206,215,209,210,211" />
          <segment id="258395433" length="12" startTrkptIdx="503" segmentTime="24.27" speed="11.11" types="133,134,135,27,76,26,1,63,136,65,137,138,139,152,153,154,144,145,146,155,156,157" pointTypes=";;;;;;;;;;;" names="225,213,200,201,202,214,205,206,215,209,210,211" />
          <segment id="1388393753" length="4" startTrkptIdx="514" segmentTime="2.06" speed="16.44" types="135,27,76,7,1,63,136,65,137,138,139,152,153,154,144,145,146,155,156,157" pointTypes=";;;" names="225,213,200,201,202,214,205,206,215,209,210,211" />
          <segment id="1388393752" length="6" startTrkptIdx="517" segmentTime="3.1" speed="16.44" types="135,27,76,7,1,63,136,65,137,138,139,152,153,154,144,145,146,155,156,157" pointTypes=";;;;;" names="225,213,200,201,202,214,205,206,215,209,210,211" />
          <segment id="1391246764" length="57" startTrkptIdx="522" segmentTime="75.24" speed="16.44" types="135,27,7,1,151,63,136,74,137,138,139,152,153,154,144,145,146,155,156,157" pointTypes=";;;;165,166;;;;20;20;;;;;;;;;;;;;;;;;;;;;;;;;;;;;;;;;;;;;;;;;20;13;13;20;;;13" names="225,213,200,201,202,214,205,206,215,209,210,211" />
          <segment id="1391246765" length="53" startTrkptIdx="578" segmentTime="29.16" speed="11.11" types="135,27,26,1,151,63,136,74,137,138,139,152,153,154,144,145,146,155,156,157" pointTypes=";13;20;20;20;;;;;;;;;;;;;;;;;;;;;;;;;;;;;;;;;;;;;;;;;;165,166;;;;;;" names="225,213,200,201,202,214,205,206,215,209,210,211" />
          <segment id="1390596752" length="73" startTrkptIdx="630" segmentTime="169.33" speed="14.02" types="135,27,7,1,151,63,136,74,137,138,139,152,153,154,144,145,146,155,156,157" pointTypes=";;;;;;;;;;;;;20;20;20;;;;;;;;;;20;20;;;;;165,166;;;;;;;;;;;;;20;20;20;;;;;;;;;;;;;;;;;;;;158,159;130,161,162,132,163;;;158,164;165,166,20;" names="225,213,200,201,202,214,205,206,215,209,210,211" />
          <segment id="1393342784" length="3" startTrkptIdx="702" segmentTime="12.39" speed="21.26" types="135,27,175,1,122,63,136,65,137,138,139,152,153,154,144,145,146,155,156,157" pointTypes=";" names="225,213,200,201,202,214,205,206,215,209,210,211" />
          <segment id="1390596758" length="2" startTrkptIdx="704" segmentTime="8.18" speed="21.26" types="135,27,175,1,122,63,136,65,137,138,139,152,153,154,144,145,146,155,156,157" pointTypes=";" names="225,213,200,201,202,214,205,206,215,209,210,211" />
          <segment id="1390596758" length="3" startTrkptIdx="705" segmentTime="1.43" speed="21.26" turnType="C" turnLanes="+C,TSLR" turnAngle="-0.52" skipTurn="true" types="135,27,175,1,122,63,136,65,137,138,139,152,153,154,144,145,146,155,156,157" pointTypes=";;" names="225,213,200,201,202,214,205,206,215,209,210,211" />
          <segment id="1390596758" length="17" startTrkptIdx="707" segmentTime="25.58" speed="21.26" types="135,27,175,1,122,63,136,65,137,138,139,152,153,154,144,145,146,155,156,157" pointTypes=";;;;;;;;;;20;20;;20;20;165,166,20;" names="225,213,200,201,202,214,205,206,215,209,210,211" />
          <segment id="1390596758" length="2" startTrkptIdx="723" segmentTime="2.52" speed="21.26" turnType="C" turnLanes="+C,TSLR" turnAngle="-0.1" skipTurn="true" types="135,27,175,1,122,63,136,65,137,138,139,152,153,154,144,145,146,155,156,157" pointTypes=";" names="225,213,200,201,202,214,205,206,215,209,210,211" />
          <segment id="1390596767" length="2" startTrkptIdx="724" segmentTime="2.91" speed="21.26" types="135,176,177,178,175,1,122,63,179,136,65,137,138,139,152,153,154,144,145,146,155,156,157" pointTypes=";" names="225,213,200,201,202,214,205,206,215,209,210,211" />
          <segment id="1390596768" length="3" startTrkptIdx="725" segmentTime="2.69" speed="21.26" types="135,176,177,178,175,1,122,63,180,136,65,137,138,139,152,153,154,144,145,146,155,156,157" pointTypes=";;" names="225,213,200,201,202,214,205,206,215,209,210,211" />
          <segment id="1390596766" length="3" startTrkptIdx="727" segmentTime="9.45" speed="21.26" types="135,27,175,1,122,63,136,65,137,138,139,152,153,154,144,145,146,155,156,157" pointTypes=";;" names="225,213,200,201,202,214,205,206,215,209,210,211" />
          <segment id="778158648" length="16" startTrkptIdx="729" segmentTime="63.11" speed="21.26" types="135,27,175,1,63,136,65,137,138,139,152,153,154,144,145,146,155,156,157" pointTypes=";;;;20;20;20;;;20;;;20;;;20" names="225,213,200,201,202,214,205,206,215,209,210,211" />
          <segment id="778158648" length="12" startTrkptIdx="744" segmentTime="52.93" speed="21.26" turnType="C" turnLanes="+C,TSLR" turnAngle="-0.02" skipTurn="true" types="135,27,175,1,63,136,65,137,138,139,152,153,154,144,145,146,155,156,157" pointTypes="20;;20;20;20;;20;20;;20;;" names="225,213,200,201,202,214,205,206,215,209,210,211" />
          <segment id="815735978" length="2" startTrkptIdx="755" segmentTime="2.15" speed="17.65" types="23,135,27,1,63,136,65,137,138,139,152,153,154,144,145,146,155,156,157" names="225,213,200,201,202,214,205,206,215,209,210,211" />
          <segment id="394222599" length="30" startTrkptIdx="756" segmentTime="379.2" speed="17.65" types="135,27,1,63,136,65,137,138,139,152,153,154,144,145,146,155,156,157" pointTypes=";;;;;;;20;20;20;20;20;20;;;;;;;;20;20;;20;;;;;;20" names="225,213,200,201,202,214,205,206,215,209,210,211" />
          <segment id="394222599" length="16" startTrkptIdx="785" segmentTime="162.42" speed="17.65" types="135,27,1,63,136,65,137,138,139,152,153,154,144,145,146,155,156,157" pointTypes="20;;;;;;20;13;20;20;20;;20;;;20" names="225,213,200,201,202,214,205,206,215,209,210,211" />
          <segment id="194937714" length="38" startTrkptIdx="800" segmentTime="38.31" speed="17.65" turnType="C" turnLanes="+C,TSLR" turnAngle="-2.57" skipTurn="true" types="135,27,1,63,136,65,137,138,139,152,153,154,144,145,146,155,156,157" pointTypes=";20;;;;;;;;20;;;13;;;;;;;;20;13;;;;;;;;;;;20;20;13;20;166,20;20" names="225,213,200,201,202,214,205,206,215,209,210,211" />
          <segment id="196111345" length="2" startTrkptIdx="837" segmentTime="2.88" speed="17.65" types="23,135,27,63,136,65,137,138,139,152,153,154,144,145,146,155,156,157" names="225,213,200,201,202,214,205,206,215,209,210,211" />
          <segment id="196111346" length="43" startTrkptIdx="838" segmentTime="277.33" speed="17.65" types="135,27,63,136,65,137,138,139,152,153,154,144,145,146,155,156,157" pointTypes=";;;;;;;;13;20;;;20;;;;;;;;;;;;;;;;13;14;13;13;;;;;;;13;;;20;" names="225,213,200,201,202,214,205,206,215,209,210,211" />
          <segment id="196111346" length="26" startTrkptIdx="880" segmentTime="196.68" speed="17.65" types="135,27,63,136,65,137,138,139,152,153,154,144,145,146,155,156,157" pointTypes=";;;;;;;;;;;;13;20;;;;;;;;;;;;" names="225,213,200,201,202,214,205,206,215,209,210,211" />
          <segment id="433846518" length="2" startTrkptIdx="905" segmentTime="2.03" speed="21.26" types="23,135,27,175,1,24,136,25,137,138,139,152,153,154,144,145,146,155,156,157" names="225,213,200,201,202,214,205,206,215,209,210,211" />
          <segment id="452157806" length="9" startTrkptIdx="906" segmentTime="50.32" speed="16.44" types="135,27,7,1,63,136,65,137,138,139,152,153,154,144,145,146,155,156,157" pointTypes=";;;;;;;20" names="225,213,200,201,202,214,205,206,215,209,210,211" />
          <segment id="433846519" length="5" startTrkptIdx="914" segmentTime="25.4" speed="16.44" types="135,27,7,1,63,136,65,137,138,139,152,153,154,144,145,146,155,156,157" pointTypes=";20;20;20;20" names="225,213,200,201,202,214,205,206,215,209,210,211" />
          <segment id="887946396" length="4" startTrkptIdx="918" segmentTime="20.9" speed="17.65" types="135,27,63,136,65,137,138,139,152,153,154,144,145,146,155,156,157" pointTypes=";;;" names="225,213,200,201,202,214,205,206,215,209,210,211" />
          <segment id="572923378" length="4" startTrkptIdx="921" segmentTime="24.61" speed="17.65" types="135,27,63,136,65,137,138,139,152,153,154,144,145,146,155,156,157" pointTypes=";20;;" names="225,213,200,201,202,214,205,206,215,209,210,211" />
          <segment id="864281269" length="3" startTrkptIdx="924" segmentTime="4.27" speed="17.65" types="135,27,63,136,65,137,138,139,152,153,154,144,145,146,155,156,157" pointTypes=";" names="225,213,200,201,202,214,205,206,215,209,210,211" />
          <segment id="572923382" length="4" startTrkptIdx="926" segmentTime="24.34" speed="16.44" types="135,27,7,1,63,136,65,137,138,139,152,153,154,144,145,146,155,156,157" pointTypes=";;;" names="225,213,200,201,202,214,205,206,215,209,210,211" />
          <segment id="452157807" length="9" startTrkptIdx="929" segmentTime="32.56" speed="16.44" types="135,27,7,63,136,65,137,138,139,152,153,154,144,145,146,155,156,157" pointTypes=";;;;;;;;" names="225,213,200,201,202,214,205,206,215,209,210,211" />
          <segment id="722965224" length="5" startTrkptIdx="937" segmentTime="17.57" speed="16.44" types="135,27,7,63,136,65,137,138,139,152,153,154,144,145,146,155,156,157" pointTypes=";;;;" names="225,213,200,201,202,214,205,206,215,209,210,211" />
          <segment id="722965224" length="7" startTrkptIdx="941" segmentTime="30.79" speed="5.76" turnType="C" turnLanes="+C,TSLR" turnAngle="-0.24" skipTurn="true" types="135,27,7,63,136,65,137,138,139,152,153,154,144,145,146,155,156,157" pointTypes=";;;;110,160,158;;" names="225,213,200,201,202,214,205,206,215,209,210,211" />
          <segment id="452157780" length="4" startTrkptIdx="947" segmentTime="11.24" speed="16.44" types="134,135,27,7,4,63,65,137,138,139,144,145,146" pointTypes=";;;" names="225,213,202,206" />
          <segment id="1490891955" length="2" startTrkptIdx="950" segmentTime="5.37" speed="16.44" types="134,135,27,7,4,63,65,137,138,139,144,145,146" names="225,213,202,206" />
          <segment id="452157778" length="4" startTrkptIdx="951" segmentTime="6.43" speed="16.44" types="134,135,27,7,4,63,65,137,138,139,144,145,146" pointTypes=";;;" names="225,213,202,206" />
          <segment id="452157776" length="3" startTrkptIdx="954" segmentTime="2.65" speed="16.44" types="134,135,176,7,4,63,181,65,137,138,139,144,145,146" pointTypes=";20;158" names="225,213,202,206" />
          <segment id="452157774" length="4" startTrkptIdx="956" segmentTime="27.08" speed="4.3" types="135,27,7,4,63,65,137,138,139,144,145,146" pointTypes="158;;;158,20" names="225,213,202,206" />
          <segment id="452157773" length="2" startTrkptIdx="959" segmentTime="20.29" speed="0.23" types="135,176,7,4,63,181,65,137,138,139,144,145,146" pointTypes="158;158" names="225,213,202,206" />
          <segment id="183515145" length="4" startTrkptIdx="960" segmentTime="39.78" speed="8.18" types="5,135,27,7,4,63,65,137,138,139,144,145,146" pointTypes="158;;;" names="225,213,202,206" />
          <segment id="452157767" length="4" startTrkptIdx="963" segmentTime="13.76" speed="16.44" types="5,135,27,7,4,63,65,137,138,139,144,145,146" names="225,213,202,206" />
          <segment id="722965227" length="8" startTrkptIdx="966" segmentTime="47.27" speed="9.49" types="5,135,27,7,1,63,136,65,137,138,139,152,153,154,144,145,146,155,156,157" pointTypes=";110,160,158;;;;;;158" names="225,213,200,201,202,214,205,206,215,209,210,211" />
          <segment id="621840394" length="8" startTrkptIdx="973" segmentTime="45.82" speed="9.27" types="5,135,27,7,1,63,136,65,137,138,139,152,153,154,144,145,146,155,156,157" pointTypes="158;;20;20;20;20;;" names="225,213,200,201,202,214,205,206,215,209,210,211" />
          <segment id="572923395" length="5" startTrkptIdx="980" segmentTime="20.29" speed="21.26" types="5,135,27,175,1,79,73,63,136,74,137,138,139,152,153,154,144,145,146,155,156,157" pointTypes=";;;;" names="225,213,200,201,202,214,205,206,215,209,210,211" />
          <segment id="572923395" length="3" startTrkptIdx="984" segmentTime="18.15" speed="21.26" types="5,135,27,175,1,79,73,63,136,74,137,138,139,152,153,154,144,145,146,155,156,157" pointTypes=";;" names="225,213,200,201,202,214,205,206,215,209,210,211" />
          <segment id="621840395" length="32" startTrkptIdx="986" segmentTime="50.64" speed="21.26" types="5,135,27,175,1,63,136,65,137,138,139,152,153,154,144,145,146,155,156,157" pointTypes=";;;;;;;;;;;;;20;13;;;;;;;;;;20;20;;;20;13;20;" names="225,213,200,201,202,214,205,206,215,209,210,211" />
          <segment id="271153637" length="26" startTrkptIdx="1017" segmentTime="27.82" speed="21.26" types="5,135,27,175,1,63,136,65,137,138,139,152,153,154,144,145,146,155,156,157" pointTypes=";;;;;;;;;;;;;;;;;;;;;;;;;" names="225,213,200,201,202,214,205,206,215,209,210,211" />
          <segment id="193432467" length="2" startTrkptIdx="1042" segmentTime="6.75" speed="21.26" types="23,5,135,27,175,1,63,136,65,137,138,139,152,153,154,144,145,146,155,156,157" names="225,213,200,201,202,214,205,206,215,209,210,211" />
          <segment id="562883487" length="2" startTrkptIdx="1043" segmentTime="6.14" speed="28.48" types="110,5,135,27,182,1,63,136,65,137,138,139,152,153,154,144,145,146,155,156,157" pointTypes=";" names="225,213,200,201,202,214,205,206,215,209,210,211" />
          <segment id="562883487" length="2" startTrkptIdx="1044" segmentTime="4.5" speed="28.48" types="110,5,135,27,182,1,63,136,65,137,138,139,152,153,154,144,145,146,155,156,157" pointTypes=";20" names="225,213,200,201,202,214,205,206,215,209,210,211" />
          <segment id="28995597" length="19" startTrkptIdx="1045" segmentTime="18.17" speed="11.11" turnType="KL" turnLanes="+C,TSLR" turnAngle="0.97" types="5,135,26,1,63,9,65,11,12" pointTypes=";20;20;20;;;;;;;;;;;;;;;" names="226,227,228,41,229,230,231,232,233" />
          <segment id="1259204449" length="58" startTrkptIdx="1063" segmentTime="227.19" speed="30.89" types="5,135,27,183,1,63,9,65,11,12" pointTypes=";;;;;;;20;;;;;;;;;;;;;;;;;;;;;;;;;;;;;20;20;20;;;13;14;15;13;13;15;;14;13;20;;20;;20;;20;15" names="226,227,228,41,229,230,231,232,233" />
          <segment id="1259445525" length="2" startTrkptIdx="1120" segmentTime="0.99" speed="30.89" types="5,135,27,183,1,63,9,65,11,12" pointTypes=";15" names="226,227,228,41,229,230,231,232,233" />
          <segment id="1259445524" length="2" startTrkptIdx="1121" segmentTime="4.12" speed="30.89" types="5,135,27,183,1,63,9,65,11,12" pointTypes=";13" names="226,227,228,41,229,230,231,232,233" />
          <segment id="1259204448" length="2" startTrkptIdx="1122" segmentTime="2.56" speed="30.89" types="5,135,27,183,1,63,9,65,11,12" names="226,227,228,41,229,230,231,232,233" />
          <segment id="1261897284" length="2" startTrkptIdx="1123" segmentTime="0.76" speed="30.89" types="135,27,183,1,63,65,21,22" pointTypes=";20" names="226,227,229,232" />
          <segment id="1259452025" length="3" startTrkptIdx="1124" segmentTime="0.6" speed="30.89" types="5,135,27,183,1,63,9,65,11,12" pointTypes=";13" names="226,227,228,41,229,230,231,232,233" />
          <segment id="1261897283" length="3" startTrkptIdx="1126" segmentTime="13.97" speed="30.89" types="135,27,183,1,63,65,21,22" pointTypes=";;" names="226,227,229,232" />
          <segment id="1259452024" length="2" startTrkptIdx="1128" segmentTime="0.53" speed="30.89" types="5,135,27,183,1,63,9,65,11,12" pointTypes=";20" names="226,227,228,41,229,230,231,232,233" />
          <segment id="1261897282" length="2" startTrkptIdx="1129" segmentTime="11.25" speed="30.89" types="135,27,183,1,63,65,21,22" pointTypes=";" names="226,227,229,232" />
          <segment id="1261897281" length="3" startTrkptIdx="1130" segmentTime="0.7" speed="30.89" types="135,27,183,1,63,65,21,22" pointTypes=";20" names="226,227,229,232" />
          <segment id="1261897280" length="7" startTrkptIdx="1132" segmentTime="21.64" speed="30.89" types="135,27,183,1,63,65,21,22" pointTypes=";;;15;15;;20" names="226,227,229,232" />
          <segment id="1261897279" length="3" startTrkptIdx="1138" segmentTime="0.73" speed="30.89" types="135,27,183,1,63,65,21,22" pointTypes=";13;13" names="226,227,229,232" />
          <segment id="1259452047" length="10" startTrkptIdx="1140" segmentTime="16.4" speed="30.89" types="5,135,27,183,1,63,9,65,11,12" pointTypes=";;;20;;20;20;13;15;20" names="226,227,228,41,229,230,231,232,233" />
          <segment id="1259452046" length="2" startTrkptIdx="1149" segmentTime="0.6" speed="30.89" types="135,27,183,1,63,9,65,11,12" names="226,227,228,41,229,230,231,232,233" />
          <segment id="1261874895" length="5" startTrkptIdx="1150" segmentTime="13.38" speed="30.89" types="135,27,183,1,63,65,21,22" pointTypes=";;;20;" names="226,227,229,232" />
          <segment id="1261874889" length="3" startTrkptIdx="1154" segmentTime="0.39" speed="30.89" types="135,27,183,1,63,65,21,22" names="226,227,229,232" />
          <segment id="1261874888" length="3" startTrkptIdx="1156" segmentTime="7.38" speed="30.89" types="135,27,183,1,63,65,21,22" pointTypes=";20;20" names="226,227,229,232" />
          <segment id="1261874891" length="3" startTrkptIdx="1158" segmentTime="0.47" speed="30.89" types="135,27,183,1,63,65,21,22" names="226,227,229,232" />
          <segment id="1261874890" length="2" startTrkptIdx="1160" segmentTime="5.96" speed="30.89" types="135,27,183,1,63,65,21,22" pointTypes=";" names="226,227,229,232" />
          <segment id="1261874893" length="3" startTrkptIdx="1161" segmentTime="0.41" speed="30.89" types="135,27,183,1,63,65,21,22" names="226,227,229,232" />
          <segment id="1261874892" length="3" startTrkptIdx="1163" segmentTime="18.17" speed="30.89" types="135,27,183,1,63,65,21,22" pointTypes=";;" names="226,227,229,232" />
          <segment id="1261874894" length="3" startTrkptIdx="1165" segmentTime="0.42" speed="30.89" types="135,27,183,1,63,65,21,22" pointTypes=";" names="226,227,229,232" />
          <segment id="395655110" length="38" startTrkptIdx="1167" segmentTime="143.2" speed="30.89" types="5,135,27,183,1,63,9,65,11,12" pointTypes=";;;20;20;;;;;;;;;;;;;20;;20;20;;;;;;;;20;13;13;20;13;15;15;13;20;13" names="226,227,228,41,229,230,231,232,233" />
          <segment id="1197822231" length="2" startTrkptIdx="1204" segmentTime="1.67" speed="30.89" types="135,27,183,1,63,65,21,22" pointTypes=";15" names="226,227,229,232" />
          <segment id="1197822231" length="2" startTrkptIdx="1205" segmentTime="3.05" speed="30.89" turnType="C" turnLanes="+C,TSLL" turnAngle="-0.22" skipTurn="true" types="135,27,183,1,63,65,21,22" pointTypes="15;13" names="226,227,229,232" />
          <segment id="1220407919" length="2" startTrkptIdx="1206" segmentTime="0.55" speed="17.65" types="23,135,27,1,63,9,65,11,12" names="234,227,228,41,229,230,231,232,233" />
          <segment id="1220407920" length="2" startTrkptIdx="1207" segmentTime="2.8" speed="17.65" types="23,135,27,1,63,9,65,11,12" names="234,227,228,41,229,230,231,232,233" />
          <segment id="795718699" length="2" startTrkptIdx="1208" segmentTime="1.25" speed="17.65" types="23,135,27,1,63,9,65,11,12" names="234,227,228,41,229,230,231,232,233" />
          <segment id="795718700" length="10" startTrkptIdx="1209" segmentTime="20.18" speed="17.65" types="5,135,27,1,63,9,65,11,12" pointTypes=";20;;;;;;;;" names="226,227,228,41,229,230,231,232,233" />
          <segment id="795718700" length="2" startTrkptIdx="1218" segmentTime="9.84" speed="17.65" types="5,135,27,1,63,9,65,11,12" pointTypes=";" names="226,227,228,41,229,230,231,232,233" />
          <segment id="621840389" length="6" startTrkptIdx="1219" segmentTime="18.79" speed="17.65" types="110,184,5,135,27,1,79,63,9,65,11,12" pointTypes=";;;;;" names="235,236,237,41,238,239,240,241,242" />
          <segment id="621840389" length="53" startTrkptIdx="1224" segmentTime="164.21" speed="17.65" types="110,184,5,135,27,1,79,63,9,65,11,12" pointTypes=";;;;;;;20;20;20;20;15;13;20;13;;;;;;;;;;;;20;;;;;;20;20;;;;20;;20;20;;20;13;20;;;;;;;20;20" names="235,236,237,41,238,239,240,241,242" />
          <segment id="1261874897" length="3" startTrkptIdx="1276" segmentTime="1.14" speed="17.65" types="110,184,5,135,27,185,1,79,63,9,65,11,12" pointTypes=";20;13" names="235,236,237,41,238,239,240,241,242" />
          <segment id="1261874896" length="9" startTrkptIdx="1278" segmentTime="20.31" speed="17.65" types="110,184,5,135,27,1,79,63,9,65,11,12" pointTypes=";;;20;13" names="235,236,237,41,238,239,240,241,242" />
          <segment id="1261874899" length="3" startTrkptIdx="1286" segmentTime="0.6" speed="17.65" types="110,184,5,135,27,185,1,79,63,9,65,11,12" names="235,236,237,41,238,239,240,241,242" />
          <segment id="1261874898" length="5" startTrkptIdx="1288" segmentTime="12.92" speed="17.65" types="110,184,5,135,27,1,79,63,9,65,11,12" pointTypes=";;;" names="235,236,237,41,238,239,240,241,242" />
          <segment id="1261874901" length="3" startTrkptIdx="1292" segmentTime="1.18" speed="17.65" types="110,184,5,135,27,1,79,63,9,65,11,12" names="235,236,237,41,238,239,240,241,242" />
          <segment id="1261874900" length="13" startTrkptIdx="1294" segmentTime="52.27" speed="17.65" types="110,184,5,135,27,1,79,63,9,65,11,12" pointTypes=";;;;;;;;13;14;;13;13" names="235,236,237,41,238,239,240,241,242" />
          <segment id="1261874903" length="3" startTrkptIdx="1306" segmentTime="12.44" speed="17.65" types="110,184,5,135,27,185,1,79,63,9,65,11,12" pointTypes=";20;" names="235,236,237,41,238,239,240,241,242" />
          <segment id="1261874902" length="4" startTrkptIdx="1308" segmentTime="1.4" speed="17.65" types="110,184,5,135,27,1,79,63,9,65,11,12" pointTypes=";;;" names="235,236,237,41,238,239,240,241,242" />
          <segment id="1261874902" length="52" startTrkptIdx="1311" segmentTime="170.77" speed="17.65" types="110,184,5,135,27,1,79,63,9,65,11,12" pointTypes=";;20;13;13;20;20;;;20;;;;;20;;20;;;;20;20;13;20;20;13;13;;20;20;;;;;;;;20;;;20;;;;20;15;14;14;14;14;14;" names="235,236,237,41,238,239,240,241,242" />
          <segment id="240244508" length="2" startTrkptIdx="1362" segmentTime="2.22" speed="17.65" types="23,135,27,186,9,25,11,12" names="235,236,237,41,238,239,240,241,242" />
          <segment id="1215450769" length="63" startTrkptIdx="1363" segmentTime="355.71" speed="17.65" types="135,27,186,9,25,11,12" pointTypes=";20;;;;;;;;;;;;;15;15;20;;;;;;20;;;;;;;;;;;;;;;;;;;;;;;;;;;;;;;;;;;;;;;;" names="235,236,237,41,238,239,240,241,242" />
          <segment id="1215450770" length="9" startTrkptIdx="1425" segmentTime="40.84" speed="17.65" types="135,27,186,9,25,11,12" pointTypes=";;;;;;;;" names="235,236,237,41,238,239,240,241,242" />
          <segment id="1239183950" length="45" startTrkptIdx="1433" segmentTime="344.62" speed="17.65" types="135,27,186,9,25,11,12" pointTypes=";;;;;;;;;;;;;;;;;;;;;;20;;;;;;;;;;;20;20;;20;;;;;20;20;;" names="235,236,237,41,238,239,240,241,242" />
          <segment id="1239183950" length="5" startTrkptIdx="1477" segmentTime="115.8" speed="17.65" types="135,27,186,9,25,11,12" pointTypes=";20;20;20;" names="235,236,237,41,238,239,240,241,242" />
          <segment id="1239471278" length="2" startTrkptIdx="1481" segmentTime="0.17" speed="17.65" types="23,135,27,186,9,25,11,12" names="235,236,237,41,238,239,240,241,242" />
          <segment id="1239471277" length="3" startTrkptIdx="1482" segmentTime="36.44" speed="17.65" types="135,27,186,9,25,11,12" pointTypes=";;" names="235,236,237,41,238,239,240,241,242" />
          <segment id="1239183947" length="3" startTrkptIdx="1484" segmentTime="1.13" speed="17.65" types="23,135,27,186,9,25,11,12" names="235,236,237,41,238,239,240,241,242" />
          <segment id="1239183948" length="8" startTrkptIdx="1486" segmentTime="56.89" speed="17.65" types="135,27,186,9,25,11,12" pointTypes=";;;;;;;13" names="235,236,237,41,238,239,240,241,242" />
          <segment id="1239183949" length="3" startTrkptIdx="1493" segmentTime="1.35" speed="17.65" types="23,135,27,186,9,25,11,12" names="235,236,237,41,238,239,240,241,242" />
          <segment id="1239183946" length="9" startTrkptIdx="1495" segmentTime="55.5" speed="17.65" types="135,27,186,9,25,11,12" pointTypes=";;;20;;;;20;15" names="235,236,237,41,238,239,240,241,242" />
          <segment id="1239516291" length="2" startTrkptIdx="1503" segmentTime="2.52" speed="17.65" types="23,135,27,186,25,21,22" names="235,236,238,241" />
          <segment id="240244506" length="21" startTrkptIdx="1504" segmentTime="119.45" speed="17.65" types="135,27,186,9,25,11,12" pointTypes=";20;;20;;20;20;13;20;;;;;;;;;;;20;20" names="235,236,237,41,238,239,240,241,242" />
          <segment id="240244509" length="2" startTrkptIdx="1524" segmentTime="2.63" speed="17.65" types="110,23,184,5,135,27,1,79,186,9,25,11,12" names="235,236,237,41,238,239,240,241,242" />
          <segment id="240244507" length="10" startTrkptIdx="1525" segmentTime="128.04" speed="17.65" types="110,184,5,135,27,1,79,186,9,25,11,12" pointTypes=";;;;;;;;;" names="235,236,237,41,238,239,240,241,242" />
          <segment id="1239471459" length="4" startTrkptIdx="1534" segmentTime="85.47" speed="17.65" types="110,184,5,135,27,1,79,186,9,25,11,12" pointTypes=";;;" names="235,236,237,41,238,239,240,241,242" />
          <segment id="1239471275" length="9" startTrkptIdx="1537" segmentTime="110.17" speed="17.65" types="110,184,5,135,27,1,79,186,9,25,11,12" pointTypes=";;;;;;;;" names="235,236,237,41,238,239,240,241,242" />
          <segment id="498598143" length="3" startTrkptIdx="1545" segmentTime="27.56" speed="17.65" types="110,184,5,135,27,1,79,63,9,65,11,12" pointTypes=";;" names="235,236,237,41,238,239,240,241,242" />
          <segment id="240244511" length="83" startTrkptIdx="1547" segmentTime="531.16" speed="17.65" types="110,184,5,135,27,79,187,9,3,11,12" pointTypes=";;;;;;;;;;;;;;;;;;;;;;;;;;;;;;;;;;;;;;;;;;;;;;;;;;;;;;;;;;;;;;;;;;;;;;;;;;;;;;;;20;20;20" names="235,236,237,41,238,239,240,241,242" />
          <segment id="240244511" length="12" startTrkptIdx="1629" segmentTime="24.24" speed="17.65" turnType="TL" turnAngle="-45.63" types="110,184,5,135,27,79,187,9,3,11,12" pointTypes="20;;;;;;;;;;;" names="235,236,237,41,238,239,240,241,242" />
          <segment id="422694201" length="2" startTrkptIdx="1640" segmentTime="0.82" speed="17.65" types="110,23,184,5,135,27,1,79,63,9,65,11,12" names="235,236,237,41,238,239,240,241,242" />
          <segment id="422694202" length="17" startTrkptIdx="1641" segmentTime="99.78" speed="16.44" types="135,7,1,79,2,9,3,11,12" pointTypes=";;;;;;;;;20;20;;;;;;" names="235,236,237,41,238,239,240,241,242" />
          <segment id="1410449231" length="13" startTrkptIdx="1657" segmentTime="6.41" speed="11.11" types="135,26,1,79,2,9,3,11,12" pointTypes=";;;;;;20;;;;;;" names="235,236,237,41,238,239,240,241,242" />
          <segment id="1130572081" length="3" startTrkptIdx="1669" segmentTime="28.2" speed="0.63" types="135,27,28,1,79,24,9,25,11,12" pointTypes=";29,30,31,32,33,34;" names="243,236,237,41,238,239,240,241,242" />
          <segment id="1410449228" length="7" startTrkptIdx="1671" segmentTime="7.69" speed="11.11" types="135,26,1,79,2,9,3,11,12" pointTypes=";;;;;;" names="243,236,237,41,238,239,240,241,242" />
          <segment id="1410449223" length="48" startTrkptIdx="1677" segmentTime="35.93" speed="16.44" types="135,7,1,79,2,9,3,11,12" pointTypes=";;;;;;;;;;;;;;;;;;;;;;;;;;;;;;;;;;;;;;;;;;;;;;;" names="243,236,237,41,238,239,240,241,242" />
          <segment id="1410449223" length="3" startTrkptIdx="1724" segmentTime="0.41" speed="16.44" turnType="C" types="135,7,1,79,2,9,3,11,12" pointTypes=";" names="243,236,237,41,238,239,240,241,242" />
          <segment id="1410449225" length="2" startTrkptIdx="1726" segmentTime="0.29" speed="16.44" types="135,7,1,79,2,9,3,11,12" names="243,236,237,41,238,239,240,241,242" />
          <segment id="263136263" length="45" startTrkptIdx="1727" segmentTime="36.61" speed="17.65" types="135,27,63,64,65" pointTypes=";;;;;;;13;13;20;20;20;20;;;;;;;;;;;;;;;;;;;;;;;;" names="263,264,85,265,266,88,267,90,268,269,270" />
          <segment id="240244504" length="11" startTrkptIdx="1771" segmentTime="20.67" speed="4.84" types="110,184,5,135,27,4,79,24,64,25,68,69" pointTypes=";13;13;255,256,13;13;20;;;;;13" names="263,264,85,265,266,88,267,90,268,269,270" />
          <segment id="240244498" length="3" startTrkptIdx="1781" segmentTime="26.86" speed="1.22" types="110,184,5,135,27,4,79,24,257,64,25,68,69" pointTypes=";30,110,31,5,32,258,33,34" names="263,264,85,265,266,88,267,90,268,269,270" />
          <segment id="240244502" length="11" startTrkptIdx="1783" segmentTime="20.86" speed="4.96" types="110,184,5,135,27,4,79,24,64,25,68,69" pointTypes=";;;;20;20;;255,256,20;20;;20" names="263,264,85,265,266,88,267,90,268,269,270" />
          <segment id="524813586" length="54" startTrkptIdx="1793" segmentTime="144.8" speed="17.65" types="110,184,5,135,27,79,63,64,65,68,69" pointTypes=";;;;;;;;;;;;;;;;;;;;;;;;;;;;;;;;;20;;;;;;;;;;;;;;20;13;15;13;;;" names="263,264,85,265,266,88,267,90,268,269,270" />
          <segment id="946645026" length="4" startTrkptIdx="1846" segmentTime="6.95" speed="17.65" types="110,184,5,135,27,4,79,63,64,65,68,69" pointTypes=";15;13;13" names="263,264,85,265,266,88,267,90,268,269,270" />
          <segment id="946645024" length="91" startTrkptIdx="1849" segmentTime="109.05" speed="17.65" types="110,184,5,135,27,79,63,64,65,68,69" pointTypes=";;;;;;;13;;;;;;;;;20;20;20;;;;;;;;;;;;;;;;;;;;;;;;;;;;;;;;;;;;;;;;;;;;;;13;20;;;;;;;;;;;;;;;;;;;;;;;;;" names="263,264,85,265,266,88,267,90,268,269,270" />
          <segment id="524813585" length="2" startTrkptIdx="1939" segmentTime="1.19" speed="17.65" types="110,23,184,5,135,27,79,63,64,65,68,69" names="263,264,85,265,266,88,267,90,268,269,270" />
          <segment id="240244505" length="242" startTrkptIdx="1940" segmentTime="313.79" speed="17.65" types="110,184,5,135,27,79,63,64,65,68,69" pointTypes=";20;20;15;15;15;15;15;14;;19;14;14;;13;20;20;20;13;;;;;;;20;13;;14;19;15;20;13;15;13;20;;;;;;20;15;;14;15;13;;;;;;;;;;;20;;;;;;;;;;;;;;;;;;13;15;;;;;;;;;;;;;;13;15;;19;;19;15;;;;;;;;;;;;;;;20;15;13;;;;;;;;;;;;20;20;;20;13;;20;20;20;;;;;;;;;;;;;;;20;20;20;20;20;13;15;20;;;;;;13;15;15;13;15;20;;;;;;;20;;20;14;14;14;15;20;;;;;;;;;;20;13;20;20;20;13;20;;20;;;;;;;;;;;;;;;;;;;;;;;;;;;;;;;;;;;;;;;;;;;" names="263,264,85,265,266,88,267,90,268,269,270" />
          <segment id="105610536" length="2" startTrkptIdx="2181" segmentTime="3" speed="17.65" types="23,135,27,186,64,25,68,69" names="263,264,85,265,266,88,267,90,268,269,270" />
          <segment id="505947561" length="24" startTrkptIdx="2182" segmentTime="44.93" speed="17.65" types="110,184,5,135,27,79,63,64,65,68,69" pointTypes=";;;;;;14;;;;;;;14;;14;;;;;;;;" names="263,264,85,265,266,88,267,90,268,269,270" />
          <segment id="1529277220" length="56" startTrkptIdx="2205" segmentTime="80.6" speed="17.65" types="110,184,5,135,27,79,63,64,65,68,69" pointTypes="13;15;13;20;;;;;;;;;;;;;;;;;;;;;;;;;;;;;;;;;;;;;;;;;;;;;;;;;;;;" names="263,264,85,265,266,88,267,90,268,269,270" />
          <segment id="1529277221" length="2" startTrkptIdx="2260" segmentTime="0.81" speed="17.65" types="110,184,5,135,27,79,63,16,259,64,17,65,68,69" pointTypes=";" names="263,264,85,265,266,88,267,271,100,50,51,272,53,273,274,104,275,276,277,278,279,280,281,282,90,268,269,270" />
          <segment id="105761325" length="259" startTrkptIdx="2261" segmentTime="166.02" speed="17.65" types="110,184,5,135,27,79,63,64,65,68,69" pointTypes=";;;;;;;;;20;;;20;20;13;13;20;;;;;;;;;;;;;;;;;;;;;;;;;;;;;;;;;;;;;;;;;;;;;13;13;;13;;;;;;;;20;13;14;19;;19;;15;13;;;;;;;;;;;;;;;;;;;;;;15;19;;;;;;19;13;;;;;;;;;;;;;;;;;;;;;;;;;;;;;;;;;;;;;;;;;;;;;;;;;;;;;;;;;;;;;20;13;15;13;;;;;;;;;;;;;;;;;;;;;;;;;;;;;;;;;;;;;;;;;;20;15;19;;19;;14;;;;;;;;;;;;;;;;;;;;;;;;;13;15;13;;;;;;;;;" names="263,264,85,265,266,88,267,90,268,269,270" />
          <segment id="461260058" length="19" startTrkptIdx="2519" segmentTime="24.76" speed="17.65" types="110,184,5,135,27,79,63,16,259,64,17,65,68,69" pointTypes=";;;;;;;;;;;;;;;;;;" names="263,264,85,265,266,88,267,271,100,50,51,272,53,273,274,104,283,276,284,278,285,280,286,90,268,269,270" />
          <segment id="461260059" length="7" startTrkptIdx="2537" segmentTime="2.39" speed="17.65" types="110,184,5,135,27,79,63,64,65,68,69" pointTypes="20;20;20;13;" names="263,264,85,265,266,88,267,90,268,269,270" />
          <segment id="105761331" length="2" startTrkptIdx="2543" segmentTime="2.33" speed="17.65" types="23,135,27,24,64,25,68,69" names="263,264,85,265,266,88,267,90,268,269,270" />
          <segment id="505947559" length="42" startTrkptIdx="2544" segmentTime="56.86" speed="17.65" types="135,27,63,64,65,68,69" pointTypes="14;14;14;14;15;13;;;;;;;;;;;;;;;;;;;;;;;;13;20;13;;;;13;15;15;13;13;20;" names="263,264,85,265,266,88,267,90,268,269,270" />
          <segment id="505947560" length="58" startTrkptIdx="2585" segmentTime="62.28" speed="17.65" types="135,176,260,261,1,63,64,65,68,69" pointTypes=";;;;;;;;;;;;;;20;20;20;;;;;;;;;;;;;;;;;;;;;;;;;;;;;;;;;;;;;;;;;" names="263,264,85,265,266,88,267,90,268,269,270" />
          <segment id="105610546" length="67" startTrkptIdx="2642" segmentTime="77.67" speed="17.65" types="135,27,63,64,65,68,69" pointTypes=";;;;;;;;;;;;;;;13;;15;13;20;;;;13;13;14;19;;14;13;;;;;;;;;;;;;13;14;14;13;;;;;;;;;20;;;;;;;;15;13;20;;" names="263,264,85,265,266,88,267,90,268,269,270" />
          <segment id="505947558" length="37" startTrkptIdx="2708" segmentTime="34.34" speed="17.65" types="135,176,260,261,1,63,64,65,68,69" pointTypes=";;;;;;;;;;;;;;;;;;;;;;;;;;;;;;;;;20;20;13;" names="263,264,85,265,266,88,267,90,268,269,270" />
          <segment id="505947555" length="2" startTrkptIdx="2744" segmentTime="0.96" speed="17.65" types="23,135,27,1,24,64,25,68,69" names="263,264,85,265,266,88,267,90,268,269,270" />
          <segment id="505947556" length="33" startTrkptIdx="2745" segmentTime="36.03" speed="17.65" types="135,176,260,261,1,63,64,65,68,69" pointTypes="15;15;15;;;;;;;;;;;;;;;;;;;;;;;;;;;;;;" names="263,264,85,265,266,88,267,90,268,269,270" />
          <segment id="505947557" length="9" startTrkptIdx="2777" segmentTime="6.86" speed="17.65" types="135,27,63,64,65,68,69" pointTypes=";;;;;;;;" names="263,264,85,265,266,88,267,90,268,269,270" />
          <segment id="105610545" length="2" startTrkptIdx="2785" segmentTime="2.04" speed="17.65" types="23,135,27,262,63,64,65,68,69" names="263,264,85,265,266,88,267,90,268,269,270" />
          <segment id="171420217" length="23" startTrkptIdx="2786" segmentTime="54.77" speed="17.65" types="135,27,63,64,65,68,69" pointTypes=";;20;15;14;13;15;13;20;20;;20;;;;;;;15;19;;;" names="263,264,85,265,266,88,267,90,268,269,270" />
          <segment id="171420216" length="2" startTrkptIdx="2808" segmentTime="0.86" speed="17.65" types="23,135,27,63,64,65,68,69" names="263,264,85,265,266,88,267,90,268,269,270" />
          <segment id="171420214" length="60" startTrkptIdx="2809" segmentTime="180.96" speed="17.65" types="135,27,63,64,65,68,69" pointTypes=";;;;;;;;;20;20;20;13;20;20;;;;;;;;;;;;;;;;;;;;20;13;20;13;20;20;;;;20;20;15;15;14;19;14;;;;;;15;15;14;;" names="263,264,85,265,266,88,267,90,268,269,270" />
          <segment id="171419509" length="2" startTrkptIdx="2868" segmentTime="1.06" speed="17.65" types="23,135,27,63,64,65,68,69" names="263,264,85,265,266,88,267,90,268,269,270" />
          <segment id="171419508" length="28" startTrkptIdx="2869" segmentTime="49.49" speed="17.65" types="135,27,63,64,65,68,69" pointTypes="15;15;;;;;;;;20;13;15;20;;14;13;13;;;;;;;;;;;" names="263,264,85,265,266,88,267,90,268,269,270" />
          <segment id="171419416" length="2" startTrkptIdx="2896" segmentTime="1.35" speed="17.65" types="23,135,27,63,64,65,68,69" names="263,264,85,265,266,88,267,90,268,269,270" />
          <segment id="171419419" length="211" startTrkptIdx="2897" segmentTime="504.45" speed="17.65" types="135,27,63,64,65,68,69" pointTypes=";20;;;;;;;;;20;;;;20;20;;;;20;;20;;;;20;;20;13;14;14;15;13;20;20;;13;13;;;;;;;;20;;;13;15;15;15;13;15;15;13;20;20;20;;20;;;;;;;;;;;;;;;;;;;;;;;20;;;;;;;;;;;;;;;;;;;;;;;;;;;;;20;;;;20;;;;20;13;20;;;;;;20;13;13;13;13;13;15;15;13;15;13;;;;;;;;;;20;20;13;13;13;;;;;;;;20;;;;;;20;20;14;19;14;13;;;;;;;;;;;;;;;;20;20;20;;;20;;;;;;;;;;;;;20;20;;20;15;" names="263,264,85,265,266,88,267,90,268,269,270" />
          <segment id="520469118" length="34" startTrkptIdx="3107" segmentTime="65.63" speed="17.65" types="135,27,186,64,25,68,69" pointTypes="15;13;;20;;;;;;;;;;13;20;13;;;;;;;;;;;;;;;20;;;" names="287,264,85,265,266,88,267,90,268,269,270" />
          <segment id="1391845778" length="11" startTrkptIdx="3140" segmentTime="37.94" speed="17.65" types="135,27,186,64,25,78,68,69" pointTypes=";;20;;;;;;;;" names="287,264,85,265,266,88,267,90,268,269,270" />
          <segment id="1391845774" length="6" startTrkptIdx="3150" segmentTime="3.22" speed="17.65" types="135,27,4,186,64,25,78,68,69" pointTypes=";13;13;20;20;" names="287,264,288,265,266,88,267,289,268,269,270" />
        </osmand:route>
        <osmand:types>
          <type t="highway" v="tertiary" />
          <type t="oneway" v="no" />
          <type t="surface" v="unpaved" />
          <type t="osmand_highway_integrity_brouting" v="4" />
          <type t="oneway" v="yes" />
          <type t="foot" v="yes" />
          <type t="highway" v="secondary" />
          <type t="maxspeed" v="60" />
          <type t="surface" v="compacted" />
          <type t="route_road_1_network" v="ar:provincial" />
          <type t="osmand_highway_integrity_brouting" v="2" />
          <type t="route_road_2_shield_order" v="2" />
          <type t="road_shield_order_2" v="2" />
          <type t="osmand_ele_decline_3" v="1" />
          <type t="osmand_ele_decline_7" v="1" />
          <type t="osmand_ele_decline_5" v="1" />
          <type t="route_hiking_1" v="" />
          <type t="route_hiking" v="" />
          <type t="route_mtb" v="" />
          <type t="osmand_ele_decline_11" v="1" />
          <type t="osmand_ele_decline_1" v="1" />
          <type t="route_road_1_shield_order" v="2" />
          <type t="road_shield_order_1" v="2" />
          <type t="bridge" v="yes" />
          <type t="surface" v="concrete" />
          <type t="osmand_highway_integrity_brouting" v="1" />
          <type t="maxspeed" v="40" />
          <type t="lanes" v="2" />
          <type t="maxspeed" v="20" />
          <type t="access" v="permit" />
          <type t="barrier" v="border_control" />
          <type t="bus" v="yes" />
          <type t="hgv" v="no" />
          <type t="motorcar" v="yes" />
          <type t="motorcycle" v="yes" />
          <type t="name" v="" />
          <type t="ref" v="" />
          <type t="name" v="Los Pañiles" />
          <type t="name" v="Ruta Provincial 48" />
          <type t="ref" v="RP48" />
          <type t="road_name_1" v="Ruta Provincial 48" />
          <type t="road_network_1" v="ar:provincial" />
          <type t="road_ref_1" v="48" />
          <type t="road_ref_2" v="48" />
          <type t="route_road_1_name" v="Ruta Provincial 48" />
          <type t="route_road_1_ref" v="48" />
          <type t="route_road_2_ref" v="48" />
          <type t="route_hiking_1_distance" v="11.4" />
          <type t="route_hiking_1_name" v="Etapa 16: Laguna Rosales - San Martín de Los Andes" />
          <type t="route_hiking_1_network" v="nwn" />
          <type t="route_hiking_1_osmc_background" v="white_4" />
          <type t="route_hiking_1_osmc_stub_name" v="." />
          <type t="route_hiking_1_osmc_text" v="ELRSMLA" />
          <type t="route_hiking_1_osmc_textcolor" v="black" />
          <type t="route_hiking_1_relation_id" v="9379221" />
          <type t="route_mtb_1" v="" />
          <type t="route_mtb_1_name" v="Etapa 16: Laguna Rosales - San Martín de Los Andes" />
          <type t="route_mtb_1_osmc_background" v="white_4" />
          <type t="route_mtb_1_osmc_stub_name" v="." />
          <type t="route_mtb_1_osmc_text" v="ELRSMLA" />
          <type t="route_mtb_1_osmc_textcolor" v="black" />
          <type t="route_mtb_1_relation_id" v="18336053" />
          <type t="name" v="Paso Internacional Hua Hum" />
          <type t="surface" v="asphalt" />
          <type t="route_road_2_network" v="cl:national" />
          <type t="osmand_highway_integrity_brouting" v="0" />
          <type t="lanes" v="1" />
          <type t="route_road_1_network" v="#" />
          <type t="route_road_2_shield_color" v="green" />
          <type t="road_shield_color_2" v="green" />
          <type t="lit" v="no" />
          <type t="maxspeed" v="50" />
          <type t="maxspeed:type" v="sign" />
          <type t="smoothness" v="excellent" />
          <type t="osmand_highway_integrity_brouting" v="-1" />
          <type t="maxspeed" v="30" />
          <type t="lit" v="yes" />
          <type t="sidewalk:left:surface" v="concrete:plates" />
          <type t="sidewalk" v="yes" />
          <type t="sidewalk" v="no" />
          <type t="hgv" v="designated" />
          <type t="motor_vehicle" v="yes" />
          <type t="width" v="10" />
          <type t="name" v="Ruta 203 CH" />
          <type t="ref" v="203" />
          <type t="road_name_1" v="Ejes Transversales Red Interlagos" />
          <type t="road_name_2" v="Ruta 203 CH" />
          <type t="road_name_3" v="Circuito Siete Lagos" />
          <type t="road_network_2" v="cl:national" />
          <type t="road_ref_2" v="203" />
          <type t="route_road_1_name" v="Ejes Transversales Red Interlagos" />
          <type t="route_road_2_name" v="Ruta 203 CH" />
          <type t="route_road_2_ref" v="203" />
          <type t="route_road_3_name" v="Circuito Siete Lagos" />
          <type t="road_name_1" v="Circuito Siete Lagos" />
          <type t="road_network_1" v="#" />
          <type t="road_ref_1" v="203" />
          <type t="route_road_1_name" v="Circuito Siete Lagos" />
          <type t="route_road_1_ref" v="203" />
          <type t="route_hiking_1_name" v="Greater Patagonian Trail Section 18: Lago Pirihueico" />
          <type t="route_hiking_1_network" v="iwn" />
          <type t="route_hiking_1_osmc_text" v="GPT18" />
          <type t="route_hiking_1_ref" v="GPT18" />
          <type t="route_hiking_1_relation_id" v="6814233" />
          <type t="route_hiking_1_website" v="https://www.wikiexplora.com/index.php/Greater_Patagonian_Trail" />
          <type t="name" v="Paso Hua-Hum" />
          <type t="name" v="Complejo Fronterizo Hua Hum" />
          <type t="maxspeed:type" v="CL:urban" />
          <type t="amenity" v="ferry_terminal" />
          <type t="ferry" v="yes" />
          <type t="bicycle" v="yes" />
          <type t="ferry" v="secondary" />
          <type t="route" v="ferry" />
          <type t="public_transport" v="station" />
          <type t="duration" v="01:30" />
          <type t="name" v="Ferry Lago Pirihueico" />
          <type t="route_hiking_1_name" v="Greater Patagonian Trail Section 17: Liquiñe" />
          <type t="route_hiking_1_osmc_text" v="GPT17" />
          <type t="route_hiking_1_ref" v="GPT17" />
          <type t="route_hiking_1_relation_id" v="6814241" />
          <type t="name" v="Pirehueico" />
          <type t="name" v="Terminal de Embarque Puerto Fuy" />
          <type t="smoothness" v="intermediate" />
          <type t="direction" v="forward" />
          <type t="highway" v="give_way" />
          <type t="junction" v="roundabout" />
          <type t="route_road_2_network" v="ar:provincial" />
          <type t="route_road_3_shield_order" v="2" />
          <type t="road_shield_order_3" v="2" />
          <type t="sidewalk:right:surface" v="compacted" />
          <type t="crossing" v="uncontrolled" />
          <type t="crossing:markings" v="yes" />
          <type t="highway" v="crossing" />
          <type t="bicycle" v="no" />
          <type t="foot" v="no" />
          <type t="highway" v="primary" />
          <type t="route_road_1_network" v="ar:national" />
          <type t="route_road_1_shield_color" v="white" />
          <type t="route_road_1_shield_shape" v="pentagon" />
          <type t="route_road_1_shield_order" v="1" />
          <type t="route_road_3_shield_color" v="white" />
          <type t="route_road_3_shield_shape" v="pentagon" />
          <type t="route_road_3_shield_order" v="1" />
          <type t="route_road_4_shield_order" v="2" />
          <type t="road_shield_color_1" v="white" />
          <type t="road_shield_shape_1" v="pentagon" />
          <type t="road_shield_order_1" v="1" />
          <type t="road_shield_color_3" v="white" />
          <type t="road_shield_shape_3" v="pentagon" />
          <type t="road_shield_order_3" v="1" />
          <type t="road_shield_order_4" v="2" />
          <type t="smoothness" v="good" />
          <type t="route_road_2_shield_color" v="white" />
          <type t="route_road_2_shield_shape" v="pentagon" />
          <type t="route_road_2_shield_order" v="1" />
          <type t="road_shield_color_2" v="white" />
          <type t="road_shield_shape_2" v="pentagon" />
          <type t="road_shield_order_2" v="1" />
          <type t="highway" v="traffic_signals" />
          <type t="traffic_signals:direction" v="forward" />
          <type t="crossing" v="traffic_signals" />
          <type t="crossing:island" v="no" />
          <type t="crossing:markings" v="zebra" />
          <type t="tactile_paving" v="no" />
          <type t="traffic_signals:direction" v="backward" />
          <type t="direction" v="both" />
          <type t="highway" v="milestone" />
          <type t="enforcement" v="maxspeed" />
          <type t="highway" v="speed_camera" />
          <type t="turn:lanes" v="left|through" />
          <type t="turn:lanes" v="merge_to_right|through" />
          <type t="kerb" v="no" />
          <type t="traffic_calming" v="table" />
          <type t="crossing:markings" v="no" />
          <type t="crossing" v="unmarked" />
          <type t="maxspeed" v="80" />
          <type t="lanes" v="3" />
          <type t="lanes:backward" v="2" />
          <type t="lanes:forward" v="1" />
          <type t="turn:lanes:backward" v="through|merge_to_left" />
          <type t="turn:lanes:backward" v="right|through" />
          <type t="turn:lanes" v="left|through|none" />
          <type t="maxspeed" v="110" />
          <type t="maxspeed" v="120" />
          <type t="cycleway" v="no" />
          <type t="maxheight" v="1" />
          <type t="surface" v="paved" />
          <type t="surface" v="gravel" />
          <type t="direction" v="" />
          <type t="road_name_1" v="Ruta Provincial 62" />
          <type t="road_name_2" v="Ruta Provincial 48" />
          <type t="road_network_2" v="ar:provincial" />
          <type t="road_ref_1" v="62" />
          <type t="road_ref_3" v="48" />
          <type t="route_road_1_name" v="Ruta Provincial 62" />
          <type t="route_road_1_ref" v="62" />
          <type t="route_road_2_name" v="Ruta Provincial 48" />
          <type t="route_road_3_ref" v="48" />
          <type t="name" v="Rotonda Natalia Ciccioli" />
          <type t="ref" v="RN40;RP48" />
          <type t="road_name_1" v="Ruta Nacional 40" />
          <type t="road_network_1" v="ar:national" />
          <type t="road_ref_1" v="40" />
          <type t="road_ref_3" v="40" />
          <type t="road_ref_4" v="48" />
          <type t="route_road_1_name" v="Ruta Nacional 40" />
          <type t="route_road_1_ref" v="40" />
          <type t="route_road_3_ref" v="40" />
          <type t="route_road_4_ref" v="48" />
          <type t="route_road_1_name:de" v="Nationalstraße 40" />
          <type t="route_road_1_name:es" v="Ruta Nacional 40" />
          <type t="route_road_1_name:fr" v="Route nationale 40" />
          <type t="name" v="Cuesta de los Andes" />
          <type t="ref" v="RN40" />
          <type t="road_ref_2" v="40" />
          <type t="route_road_2_ref" v="40" />
          <type t="name" v="Rotonda Fortín Maipú" />
          <type t="ref" v="RN40;RP62" />
          <type t="road_name_2" v="Ruta Provincial 62" />
          <type t="road_ref_2" v="62" />
          <type t="road_ref_4" v="62" />
          <type t="route_road_2_name" v="Ruta Provincial 62" />
          <type t="route_road_2_ref" v="62" />
          <type t="route_road_4_ref" v="62" />
          <type t="name" v="Rotonda Gobernadores Neuquinos" />
          <type t="name" v="Ruta Nacional 40" />
          <type t="name" v="Ruta del Pehuén" />
          <type t="ref" v="RP23" />
          <type t="road_name_1" v="Ruta Provincial 23" />
          <type t="road_ref_1" v="23" />
          <type t="road_ref_2" v="23" />
          <type t="route_road_1_name" v="Ruta Provincial 23" />
          <type t="route_road_1_ref" v="23" />
          <type t="route_road_2_ref" v="23" />
          <type t="name" v="Puente Malleo" />
          <type t="name" v="Ruta Provincial 60" />
          <type t="ref" v="RP60" />
          <type t="road_name_1" v="Ruta Provincial 60" />
          <type t="road_ref_1" v="60" />
          <type t="road_ref_2" v="60" />
          <type t="route_road_1_name" v="Ruta Provincial 60" />
          <type t="route_road_1_ref" v="60" />
          <type t="route_road_2_ref" v="60" />
          <type t="name" v="Paso Internacional Mamuil Malal" />
          <type t="name" v="Km 2216" />
          <type t="name" v="Km 2217" />
          <type t="name" v="Km 2218" />
          <type t="name" v="Km 2219" />
          <type t="name" v="Km 2220" />
          <type t="name" v="Km 2221" />
          <type t="name" v="Km 2222" />
          <type t="name" v="Km 2223" />
          <type t="name" v="Km 2224" />
          <type t="name" v="Km 2225" />
          <type t="name" v="Km 2226" />
          <type t="access" v="permissive" />
          <type t="barrier" v="lift_gate" />
          <type t="tunnel" v="building_passage" />
          <type t="horse" v="yes" />
          <type t="route_hiking_2" v="" />
          <type t="lanes:backward" v="1" />
          <type t="lanes:forward" v="2" />
          <type t="maxweight:signed" v="no" />
          <type t="name" v="Camino Internacional Monseñor Francisco Valdés Subercaseaux" />
          <type t="ref" v="199" />
          <type t="road_name_2" v="Camino Internacional Monseñor Francisco Valdés Subercaseaux" />
          <type t="road_name_3" v="Circuito Araucanía Lacustre" />
          <type t="road_ref_2" v="199" />
          <type t="route_road_2_name" v="Camino Internacional Monseñor Francisco Valdés Subercaseaux" />
          <type t="route_road_2_ref" v="199" />
          <type t="route_road_3_name" v="Circuito Araucanía Lacustre" />
          <type t="route_hiking_1_name" v="Greater Patagonian Trail Section 16: Volcán Quetrupillán" />
          <type t="route_hiking_1_osmc_text" v="GPT16" />
          <type t="route_hiking_1_ref" v="GPT16" />
          <type t="route_hiking_1_relation_id" v="6814251" />
          <type t="route_hiking_2_name" v="Sendero de Chile: Tramo Parque Nacional Villarrica" />
          <type t="route_hiking_2_network" v="nwn" />
          <type t="route_hiking_2_osmc_background" v="white_4" />
          <type t="route_hiking_2_osmc_stub_name" v="." />
          <type t="route_hiking_2_osmc_text" v="SCTPNV" />
          <type t="route_hiking_2_osmc_textcolor" v="black" />
          <type t="route_hiking_2_relation_id" v="17082263" />
          <type t="route_hiking_2_roundtrip" v="no" />
          <type t="route_hiking_2_name" v="Sendero de Chile" />
          <type t="route_hiking_2_osmc_background" v="white_2" />
          <type t="route_hiking_2_osmc_text" v="SC" />
          <type t="route_hiking_2_relation_id" v="16751408" />
          <type t="name" v="Bernardo O'Higgins" />
          <type t="road_name_1" v="Longitudinal Red Interlagos" />
          <type t="route_road_1_name" v="Longitudinal Red Interlagos" />
          <type t="name" v="Complejo Fronterizo Mamuil Malal" />
        </osmand:types>
      </extensions>
    </trkseg>
  </trk>
</gpx>