<?xml version='1.0' encoding='UTF-8' standalone='yes' ?>
<gpx version="1.1" creator="OsmAndRouterV2" xmlns="http://www.topografix.com/GPX/1/1" xmlns:osmand="https://osmand.net/docs/technical/osmand-file-formats/osmand-gpx" xmlns:gpxtpx="https://www8.garmin.com/xmlschemas/TrackPointExtensionv1.xsd" xmlns:xsi="http://www.w3.org/2001/XMLSchema-instance" xsi:schemaLocation="http://www.topografix.com/GPX/1/1 https://www.topografix.com/GPX/1/1/gpx.xsd">
  <metadata>
    <name>Mon Jul 13 2026</name>
  </metadata>
  <rte>
    <rtept lat="-40.6860281" lon="-72.5924689">
      <extensions>
        <osmand:profile>car</osmand:profile>
        <osmand:trkpt_idx>0</osmand:trkpt_idx>
      </extensions>
    </rtept>
    <rtept lat="-40.7125489" lon="-71.9445276">
      <extensions>
        <osmand:profile>car</osmand:profile>
        <osmand:trkpt_idx>1763</osmand:trkpt_idx>
      </extensions>
    </rtept>
    <rtept lat="-40.1472289" lon="-71.3406122">
      <extensions>
        <osmand:profile>car</osmand:profile>
        <osmand:trkpt_idx>5994</osmand:trkpt_idx>
      </extensions>
    </rtept>
  </rte>
  <trk>
    <trkseg>
      <trkpt lat="-40.6860128" lon="-72.5924746">
        <ele>211.9</ele>
      </trkpt>
      <trkpt lat="-40.6860057" lon="-72.5924394">
        <ele>211.8</ele>
      </trkpt>
      <trkpt lat="-40.6858389" lon="-72.5915837">
        <ele>211.6</ele>
      </trkpt>
      <trkpt lat="-40.6857311" lon="-72.5910285">
        <ele>211.4</ele>
      </trkpt>
      <trkpt lat="-40.6856803" lon="-72.5907603">
        <ele>211.3</ele>
      </trkpt>
      <trkpt lat="-40.6855115" lon="-72.5898725">
        <ele>211</ele>
      </trkpt>
      <trkpt lat="-40.6854199" lon="-72.5893655">
        <ele>210.5</ele>
      </trkpt>
      <trkpt lat="-40.6846776" lon="-72.5854683">
        <ele>198</ele>
      </trkpt>
      <trkpt lat="-40.6845413" lon="-72.5847548">
        <ele>195.2</ele>
      </trkpt>
      <trkpt lat="-40.6844762" lon="-72.5844866">
        <ele>194.8</ele>
      </trkpt>
      <trkpt lat="-40.684344" lon="-72.5838858">
        <ele>195</ele>
      </trkpt>
      <trkpt lat="-40.6842972" lon="-72.5836846">
        <ele>194.9</ele>
      </trkpt>
      <trkpt lat="-40.6842443" lon="-72.5834888">
        <ele>194.8</ele>
      </trkpt>
      <trkpt lat="-40.6841853" lon="-72.5832957">
        <ele>194.8</ele>
      </trkpt>
      <trkpt lat="-40.6841203" lon="-72.5831053">
        <ele>195</ele>
      </trkpt>
      <trkpt lat="-40.684047" lon="-72.5829175">
        <ele>195.2</ele>
      </trkpt>
      <trkpt lat="-40.6839697" lon="-72.5827378">
        <ele>195.4</ele>
      </trkpt>
      <trkpt lat="-40.6838945" lon="-72.5825796">
        <ele>195.5</ele>
      </trkpt>
      <trkpt lat="-40.6838152" lon="-72.5824267">
        <ele>195.7</ele>
      </trkpt>
      <trkpt lat="-40.6837297" lon="-72.5822765">
        <ele>195.8</ele>
      </trkpt>
      <trkpt lat="-40.6836382" lon="-72.5821263">
        <ele>196</ele>
      </trkpt>
      <trkpt lat="-40.6835406" lon="-72.5819814">
        <ele>196.8</ele>
      </trkpt>
      <trkpt lat="-40.6829975" lon="-72.5811821">
        <ele>198.2</ele>
      </trkpt>
      <trkpt lat="-40.6823324" lon="-72.5802273">
        <ele>198</ele>
      </trkpt>
      <trkpt lat="-40.6817832" lon="-72.579495">
        <ele>197.8</ele>
      </trkpt>
      <trkpt lat="-40.6817059" lon="-72.5793877">
        <ele>197.6</ele>
      </trkpt>
      <trkpt lat="-40.6814333" lon="-72.5789425">
        <ele>197</ele>
      </trkpt>
      <trkpt lat="-40.6807906" lon="-72.5778884">
        <ele>195.5</ele>
      </trkpt>
      <trkpt lat="-40.6804489" lon="-72.5771937">
        <ele>194</ele>
      </trkpt>
      <trkpt lat="-40.680398" lon="-72.5770167">
        <ele>194.2</ele>
      </trkpt>
      <trkpt lat="-40.6803553" lon="-72.5768343">
        <ele>194.3</ele>
      </trkpt>
      <trkpt lat="-40.6803187" lon="-72.5766519">
        <ele>194.4</ele>
      </trkpt>
      <trkpt lat="-40.6802882" lon="-72.5764668">
        <ele>194.4</ele>
      </trkpt>
      <trkpt lat="-40.6802638" lon="-72.5762871">
        <ele>194.5</ele>
      </trkpt>
      <trkpt lat="-40.6802454" lon="-72.5761074">
        <ele>194.5</ele>
      </trkpt>
      <trkpt lat="-40.6802353" lon="-72.575925">
        <ele>194.4</ele>
      </trkpt>
      <trkpt lat="-40.6802251" lon="-72.5757506">
        <ele>194.2</ele>
      </trkpt>
      <trkpt lat="-40.6802332" lon="-72.5754476">
        <ele>195.2</ele>
      </trkpt>
      <trkpt lat="-40.6802454" lon="-72.5751901">
        <ele>194.5</ele>
      </trkpt>
      <trkpt lat="-40.6803492" lon="-72.5739643">
        <ele>195.5</ele>
      </trkpt>
      <trkpt lat="-40.6804733" lon="-72.5727332">
        <ele>196.5</ele>
      </trkpt>
      <trkpt lat="-40.6804956" lon="-72.572532">
        <ele>196.2</ele>
      </trkpt>
      <trkpt lat="-40.680516" lon="-72.5723469">
        <ele>196.5</ele>
      </trkpt>
      <trkpt lat="-40.6805424" lon="-72.5721645">
        <ele>196.8</ele>
      </trkpt>
      <trkpt lat="-40.680575" lon="-72.5719848">
        <ele>197</ele>
      </trkpt>
      <trkpt lat="-40.6806136" lon="-72.5718132">
        <ele>196.8</ele>
      </trkpt>
      <trkpt lat="-40.6806584" lon="-72.5716415">
        <ele>196.6</ele>
      </trkpt>
      <trkpt lat="-40.6807072" lon="-72.5714752">
        <ele>196.4</ele>
      </trkpt>
      <trkpt lat="-40.6807621" lon="-72.5713116">
        <ele>196.2</ele>
      </trkpt>
      <trkpt lat="-40.6817791" lon="-72.5692329">
        <ele>194.5</ele>
      </trkpt>
      <trkpt lat="-40.682906" lon="-72.5669262">
        <ele>194.9</ele>
      </trkpt>
      <trkpt lat="-40.6830524" lon="-72.5665399">
        <ele>195</ele>
      </trkpt>
      <trkpt lat="-40.6831826" lon="-72.5661403">
        <ele>194.5</ele>
      </trkpt>
      <trkpt lat="-40.6832579" lon="-72.5657219">
        <ele>194.2</ele>
      </trkpt>
      <trkpt lat="-40.6833229" lon="-72.5652498">
        <ele>194</ele>
      </trkpt>
      <trkpt lat="-40.683508" lon="-72.5621465">
        <ele>193.8</ele>
      </trkpt>
      <trkpt lat="-40.6835406" lon="-72.561897">
        <ele>193.5</ele>
      </trkpt>
      <trkpt lat="-40.6835833" lon="-72.5616476">
        <ele>193.2</ele>
      </trkpt>
      <trkpt lat="-40.6836321" lon="-72.5614008">
        <ele>193</ele>
      </trkpt>
      <trkpt lat="-40.6836911" lon="-72.5611594">
        <ele>192.5</ele>
      </trkpt>
      <trkpt lat="-40.6837562" lon="-72.560918">
        <ele>192</ele>
      </trkpt>
      <trkpt lat="-40.6838294" lon="-72.5606847">
        <ele>192.2</ele>
      </trkpt>
      <trkpt lat="-40.6839108" lon="-72.5604486">
        <ele>192.8</ele>
      </trkpt>
      <trkpt lat="-40.6840003" lon="-72.5602207">
        <ele>193</ele>
      </trkpt>
      <trkpt lat="-40.6840958" lon="-72.5599954">
        <ele>193.8</ele>
      </trkpt>
      <trkpt lat="-40.6841996" lon="-72.5597781">
        <ele>194.5</ele>
      </trkpt>
      <trkpt lat="-40.6843114" lon="-72.5595662">
        <ele>195</ele>
      </trkpt>
      <trkpt lat="-40.6844294" lon="-72.5593597">
        <ele>195.2</ele>
      </trkpt>
      <trkpt lat="-40.6845535" lon="-72.5591612">
        <ele>195.5</ele>
      </trkpt>
      <trkpt lat="-40.6846857" lon="-72.5589707">
        <ele>196</ele>
      </trkpt>
      <trkpt lat="-40.684822" lon="-72.5587857">
        <ele>196.2</ele>
      </trkpt>
      <trkpt lat="-40.6849643" lon="-72.5586113">
        <ele>197</ele>
      </trkpt>
      <trkpt lat="-40.6895954" lon="-72.5538048">
        <ele>196.8</ele>
      </trkpt>
      <trkpt lat="-40.6897053" lon="-72.5537002">
        <ele>197.2</ele>
      </trkpt>
      <trkpt lat="-40.689809" lon="-72.5535849">
        <ele>197.5</ele>
      </trkpt>
      <trkpt lat="-40.6899107" lon="-72.5534642">
        <ele>198</ele>
      </trkpt>
      <trkpt lat="-40.6900042" lon="-72.5533354">
        <ele>198.5</ele>
      </trkpt>
      <trkpt lat="-40.6900917" lon="-72.5531986">
        <ele>198.4</ele>
      </trkpt>
      <trkpt lat="-40.690173" lon="-72.5530565">
        <ele>198.2</ele>
      </trkpt>
      <trkpt lat="-40.6902483" lon="-72.5529063">
        <ele>197.8</ele>
      </trkpt>
      <trkpt lat="-40.6903174" lon="-72.5527507">
        <ele>197.2</ele>
      </trkpt>
      <trkpt lat="-40.6903764" lon="-72.5525898">
        <ele>197</ele>
      </trkpt>
      <trkpt lat="-40.6904313" lon="-72.5524262">
        <ele>197.3</ele>
      </trkpt>
      <trkpt lat="-40.6914828" lon="-72.5493711">
        <ele>202.2</ele>
      </trkpt>
      <trkpt lat="-40.6926806" lon="-72.5460237">
        <ele>193.8</ele>
      </trkpt>
      <trkpt lat="-40.6932765" lon="-72.5443098">
        <ele>192.2</ele>
      </trkpt>
      <trkpt lat="-40.695241" lon="-72.5389132">
        <ele>198.8</ele>
      </trkpt>
      <trkpt lat="-40.6956457" lon="-72.5377759">
        <ele>197</ele>
      </trkpt>
      <trkpt lat="-40.6960707" lon="-72.536805">
        <ele>195.8</ele>
      </trkpt>
      <trkpt lat="-40.6961683" lon="-72.5366145">
        <ele>195.2</ele>
      </trkpt>
      <trkpt lat="-40.6962721" lon="-72.5364268">
        <ele>195.5</ele>
      </trkpt>
      <trkpt lat="-40.6963798" lon="-72.5362471">
        <ele>195.8</ele>
      </trkpt>
      <trkpt lat="-40.6965161" lon="-72.5360352">
        <ele>196.2</ele>
      </trkpt>
      <trkpt lat="-40.6966605" lon="-72.535834">
        <ele>197.5</ele>
      </trkpt>
      <trkpt lat="-40.69991" lon="-72.5317463">
        <ele>190.5</ele>
      </trkpt>
      <trkpt lat="-40.7000422" lon="-72.5316149">
        <ele>190.8</ele>
      </trkpt>
      <trkpt lat="-40.7001683" lon="-72.5314754">
        <ele>191.2</ele>
      </trkpt>
      <trkpt lat="-40.7002903" lon="-72.5313279">
        <ele>191.8</ele>
      </trkpt>
      <trkpt lat="-40.7004062" lon="-72.5311723">
        <ele>192</ele>
      </trkpt>
      <trkpt lat="-40.700516" lon="-72.5310087">
        <ele>192.2</ele>
      </trkpt>
      <trkpt lat="-40.7006177" lon="-72.5308397">
        <ele>192.5</ele>
      </trkpt>
      <trkpt lat="-40.7007153" lon="-72.5306627">
        <ele>192.1</ele>
      </trkpt>
      <trkpt lat="-40.7008048" lon="-72.5304857">
        <ele>191.8</ele>
      </trkpt>
      <trkpt lat="-40.7008861" lon="-72.5303033">
        <ele>191.5</ele>
      </trkpt>
      <trkpt lat="-40.7009613" lon="-72.5301155">
        <ele>191.4</ele>
      </trkpt>
      <trkpt lat="-40.7010284" lon="-72.5299224">
        <ele>191.2</ele>
      </trkpt>
      <trkpt lat="-40.7010895" lon="-72.5297266">
        <ele>191</ele>
      </trkpt>
      <trkpt lat="-40.7027487" lon="-72.5242147">
        <ele>190.5</ele>
      </trkpt>
      <trkpt lat="-40.7028362" lon="-72.5239867">
        <ele>191</ele>
      </trkpt>
      <trkpt lat="-40.7029277" lon="-72.5237614">
        <ele>191.8</ele>
      </trkpt>
      <trkpt lat="-40.7030212" lon="-72.5235388">
        <ele>191.5</ele>
      </trkpt>
      <trkpt lat="-40.7031412" lon="-72.5232786">
        <ele>192</ele>
      </trkpt>
      <trkpt lat="-40.7032672" lon="-72.5230238">
        <ele>191.5</ele>
      </trkpt>
      <trkpt lat="-40.7058496" lon="-72.5191748">
        <ele>191</ele>
      </trkpt>
      <trkpt lat="-40.7087551" lon="-72.5148457">
        <ele>197.5</ele>
      </trkpt>
      <trkpt lat="-40.7089116" lon="-72.5146124">
        <ele>197.3</ele>
      </trkpt>
      <trkpt lat="-40.7090763" lon="-72.5143093">
        <ele>197</ele>
      </trkpt>
      <trkpt lat="-40.7091231" lon="-72.5142208">
        <ele>196.8</ele>
      </trkpt>
      <trkpt lat="-40.7098266" lon="-72.5129119">
        <ele>195.8</ele>
      </trkpt>
      <trkpt lat="-40.7100909" lon="-72.512421">
        <ele>194</ele>
      </trkpt>
      <trkpt lat="-40.7106073" lon="-72.5114581">
        <ele>191.5</ele>
      </trkpt>
      <trkpt lat="-40.7136468" lon="-72.5058013">
        <ele>193.2</ele>
      </trkpt>
      <trkpt lat="-40.7141225" lon="-72.5049189">
        <ele>196</ele>
      </trkpt>
      <trkpt lat="-40.7155985" lon="-72.5021723">
        <ele>195</ele>
      </trkpt>
      <trkpt lat="-40.7184894" lon="-72.4967918">
        <ele>195.8</ele>
      </trkpt>
      <trkpt lat="-40.7185422" lon="-72.4966952">
        <ele>196</ele>
      </trkpt>
      <trkpt lat="-40.7247708" lon="-72.485033">
        <ele>200.8</ele>
      </trkpt>
      <trkpt lat="-40.7292711" lon="-72.4766108">
        <ele>203.2</ele>
      </trkpt>
      <trkpt lat="-40.7296898" lon="-72.475318">
        <ele>204</ele>
      </trkpt>
      <trkpt lat="-40.7298137" lon="-72.4742854">
        <ele>205.5</ele>
      </trkpt>
      <trkpt lat="-40.7298646" lon="-72.4712464">
        <ele>205.2</ele>
      </trkpt>
      <trkpt lat="-40.7299581" lon="-72.4687734">
        <ele>208</ele>
      </trkpt>
      <trkpt lat="-40.7300495" lon="-72.4668476">
        <ele>210</ele>
      </trkpt>
      <trkpt lat="-40.7300902" lon="-72.4653322">
        <ele>209.5</ele>
      </trkpt>
      <trkpt lat="-40.7301674" lon="-72.4637309">
        <ele>209</ele>
      </trkpt>
      <trkpt lat="-40.7302121" lon="-72.4623442">
        <ele>210</ele>
      </trkpt>
      <trkpt lat="-40.7302589" lon="-72.4593991">
        <ele>211</ele>
      </trkpt>
      <trkpt lat="-40.7302548" lon="-72.4592274">
        <ele>210.9</ele>
      </trkpt>
      <trkpt lat="-40.7302447" lon="-72.4590585">
        <ele>210.9</ele>
      </trkpt>
      <trkpt lat="-40.7302284" lon="-72.4588868">
        <ele>210.8</ele>
      </trkpt>
      <trkpt lat="-40.730204" lon="-72.4587205">
        <ele>210.8</ele>
      </trkpt>
      <trkpt lat="-40.7301776" lon="-72.458573">
        <ele>210.7</ele>
      </trkpt>
      <trkpt lat="-40.7301451" lon="-72.4584255">
        <ele>210.7</ele>
      </trkpt>
      <trkpt lat="-40.7301064" lon="-72.4582833">
        <ele>210.6</ele>
      </trkpt>
      <trkpt lat="-40.7293828" lon="-72.4555877">
        <ele>209.8</ele>
      </trkpt>
      <trkpt lat="-40.7293503" lon="-72.4554697">
        <ele>209.2</ele>
      </trkpt>
      <trkpt lat="-40.728456" lon="-72.4522537">
        <ele>208.2</ele>
      </trkpt>
      <trkpt lat="-40.7276673" lon="-72.4494132">
        <ele>204.2</ele>
      </trkpt>
      <trkpt lat="-40.7271409" lon="-72.4475169">
        <ele>204.5</ele>
      </trkpt>
      <trkpt lat="-40.7262729" lon="-72.4443975">
        <ele>205</ele>
      </trkpt>
      <trkpt lat="-40.725905" lon="-72.4429357">
        <ele>205.5</ele>
      </trkpt>
      <trkpt lat="-40.7257973" lon="-72.4425361">
        <ele>205</ele>
      </trkpt>
      <trkpt lat="-40.7257322" lon="-72.4422759">
        <ele>204.5</ele>
      </trkpt>
      <trkpt lat="-40.7253054" lon="-72.4408624">
        <ele>205</ele>
      </trkpt>
      <trkpt lat="-40.7248846" lon="-72.439363">
        <ele>207</ele>
      </trkpt>
      <trkpt lat="-40.7247789" lon="-72.4389875">
        <ele>207.8</ele>
      </trkpt>
      <trkpt lat="-40.7246813" lon="-72.4386066">
        <ele>208.5</ele>
      </trkpt>
      <trkpt lat="-40.7245899" lon="-72.4382204">
        <ele>207.9</ele>
      </trkpt>
      <trkpt lat="-40.7245024" lon="-72.43781">
        <ele>207.2</ele>
      </trkpt>
      <trkpt lat="-40.7244252" lon="-72.4373943">
        <ele>206</ele>
      </trkpt>
      <trkpt lat="-40.7243541" lon="-72.4369758">
        <ele>204.8</ele>
      </trkpt>
      <trkpt lat="-40.7241691" lon="-72.4352539">
        <ele>199.5</ele>
      </trkpt>
      <trkpt lat="-40.7241447" lon="-72.4349374">
        <ele>198.2</ele>
      </trkpt>
      <trkpt lat="-40.7240126" lon="-72.4335882">
        <ele>198</ele>
      </trkpt>
      <trkpt lat="-40.7239841" lon="-72.4332932">
        <ele>198</ele>
      </trkpt>
      <trkpt lat="-40.7239312" lon="-72.432754">
        <ele>201.2</ele>
      </trkpt>
      <trkpt lat="-40.7237259" lon="-72.4303696">
        <ele>209.8</ele>
      </trkpt>
      <trkpt lat="-40.7237076" lon="-72.4300691">
        <ele>210.2</ele>
      </trkpt>
      <trkpt lat="-40.7236812" lon="-72.4297714">
        <ele>210.8</ele>
      </trkpt>
      <trkpt lat="-40.7236467" lon="-72.4294361">
        <ele>211.2</ele>
      </trkpt>
      <trkpt lat="-40.7236019" lon="-72.4291009">
        <ele>211.6</ele>
      </trkpt>
      <trkpt lat="-40.7235491" lon="-72.428771">
        <ele>212</ele>
      </trkpt>
      <trkpt lat="-40.7234901" lon="-72.428441">
        <ele>212.2</ele>
      </trkpt>
      <trkpt lat="-40.723421" lon="-72.4281138">
        <ele>212.8</ele>
      </trkpt>
      <trkpt lat="-40.7233458" lon="-72.4277893">
        <ele>213.8</ele>
      </trkpt>
      <trkpt lat="-40.7226547" lon="-72.425496">
        <ele>218.2</ele>
      </trkpt>
      <trkpt lat="-40.7224697" lon="-72.4249327">
        <ele>219.5</ele>
      </trkpt>
      <trkpt lat="-40.7221526" lon="-72.4238786">
        <ele>220.5</ele>
      </trkpt>
      <trkpt lat="-40.7218903" lon="-72.4229988">
        <ele>220</ele>
      </trkpt>
      <trkpt lat="-40.7217379" lon="-72.4225053">
        <ele>220.5</ele>
      </trkpt>
      <trkpt lat="-40.7177616" lon="-72.4093893">
        <ele>236.5</ele>
      </trkpt>
      <trkpt lat="-40.7176559" lon="-72.4090353">
        <ele>234.5</ele>
      </trkpt>
      <trkpt lat="-40.7175461" lon="-72.4086839">
        <ele>232.8</ele>
      </trkpt>
      <trkpt lat="-40.7174302" lon="-72.4083352">
        <ele>231</ele>
      </trkpt>
      <trkpt lat="-40.7173021" lon="-72.4079677">
        <ele>228.2</ele>
      </trkpt>
      <trkpt lat="-40.7171659" lon="-72.407603">
        <ele>226.2</ele>
      </trkpt>
      <trkpt lat="-40.7170236" lon="-72.4072409">
        <ele>225</ele>
      </trkpt>
      <trkpt lat="-40.716489" lon="-72.4060714">
        <ele>220</ele>
      </trkpt>
      <trkpt lat="-40.7163365" lon="-72.4057522">
        <ele>217</ele>
      </trkpt>
      <trkpt lat="-40.7157977" lon="-72.4046203">
        <ele>205.3</ele>
      </trkpt>
      <trkpt lat="-40.7156493" lon="-72.4043065">
        <ele>202</ele>
      </trkpt>
      <trkpt lat="-40.7143421" lon="-72.4015599">
        <ele>205.8</ele>
      </trkpt>
      <trkpt lat="-40.7142466" lon="-72.4013454">
        <ele>206.5</ele>
      </trkpt>
      <trkpt lat="-40.7141449" lon="-72.4011362">
        <ele>207</ele>
      </trkpt>
      <trkpt lat="-40.7140371" lon="-72.4009296">
        <ele>208.2</ele>
      </trkpt>
      <trkpt lat="-40.7139233" lon="-72.4007311">
        <ele>208.8</ele>
      </trkpt>
      <trkpt lat="-40.7138115" lon="-72.4005461">
        <ele>209.2</ele>
      </trkpt>
      <trkpt lat="-40.7136936" lon="-72.4003664">
        <ele>210</ele>
      </trkpt>
      <trkpt lat="-40.7135716" lon="-72.400192">
        <ele>210.5</ele>
      </trkpt>
      <trkpt lat="-40.7134435" lon="-72.400023">
        <ele>211.5</ele>
      </trkpt>
      <trkpt lat="-40.7133134" lon="-72.3998594">
        <ele>212.5</ele>
      </trkpt>
      <trkpt lat="-40.7125469" lon="-72.3987329">
        <ele>213.5</ele>
      </trkpt>
      <trkpt lat="-40.7123863" lon="-72.3984781">
        <ele>212.2</ele>
      </trkpt>
      <trkpt lat="-40.7122318" lon="-72.3982206">
        <ele>211.2</ele>
      </trkpt>
      <trkpt lat="-40.7120854" lon="-72.3979551">
        <ele>210</ele>
      </trkpt>
      <trkpt lat="-40.7119451" lon="-72.3976842">
        <ele>209.2</ele>
      </trkpt>
      <trkpt lat="-40.7118109" lon="-72.3974079">
        <ele>208.8</ele>
      </trkpt>
      <trkpt lat="-40.7116849" lon="-72.3971263">
        <ele>209</ele>
      </trkpt>
      <trkpt lat="-40.7112721" lon="-72.3961741">
        <ele>207</ele>
      </trkpt>
      <trkpt lat="-40.711138" lon="-72.3958763">
        <ele>205.8</ele>
      </trkpt>
      <trkpt lat="-40.7107761" lon="-72.3951307">
        <ele>203.2</ele>
      </trkpt>
      <trkpt lat="-40.7106907" lon="-72.3949966">
        <ele>203</ele>
      </trkpt>
      <trkpt lat="-40.7105971" lon="-72.3948678">
        <ele>202.5</ele>
      </trkpt>
      <trkpt lat="-40.7104996" lon="-72.3947471">
        <ele>202.2</ele>
      </trkpt>
      <trkpt lat="-40.7103959" lon="-72.3946345">
        <ele>202.2</ele>
      </trkpt>
      <trkpt lat="-40.7102881" lon="-72.3945299">
        <ele>202.1</ele>
      </trkpt>
      <trkpt lat="-40.7101722" lon="-72.3944306">
        <ele>202.1</ele>
      </trkpt>
      <trkpt lat="-40.7100502" lon="-72.3943421">
        <ele>202</ele>
      </trkpt>
      <trkpt lat="-40.7099262" lon="-72.3942643">
        <ele>201.5</ele>
      </trkpt>
      <trkpt lat="-40.7097981" lon="-72.3941973">
        <ele>201</ele>
      </trkpt>
      <trkpt lat="-40.7080963" lon="-72.3938003">
        <ele>202.8</ele>
      </trkpt>
      <trkpt lat="-40.7079642" lon="-72.3937413">
        <ele>204</ele>
      </trkpt>
      <trkpt lat="-40.7078361" lon="-72.3936689">
        <ele>204.8</ele>
      </trkpt>
      <trkpt lat="-40.707712" lon="-72.3935884">
        <ele>205.5</ele>
      </trkpt>
      <trkpt lat="-40.7075921" lon="-72.3934972">
        <ele>206.5</ele>
      </trkpt>
      <trkpt lat="-40.7074742" lon="-72.393398">
        <ele>207.5</ele>
      </trkpt>
      <trkpt lat="-40.7073644" lon="-72.393288">
        <ele>208.2</ele>
      </trkpt>
      <trkpt lat="-40.7072546" lon="-72.3931646">
        <ele>208.8</ele>
      </trkpt>
      <trkpt lat="-40.7071529" lon="-72.3930332">
        <ele>209</ele>
      </trkpt>
      <trkpt lat="-40.7070573" lon="-72.3928937">
        <ele>209.2</ele>
      </trkpt>
      <trkpt lat="-40.7069679" lon="-72.3927462">
        <ele>209.8</ele>
      </trkpt>
      <trkpt lat="-40.7068865" lon="-72.3925906">
        <ele>210.8</ele>
      </trkpt>
      <trkpt lat="-40.7068113" lon="-72.392427">
        <ele>211.5</ele>
      </trkpt>
      <trkpt lat="-40.7067462" lon="-72.3922607">
        <ele>212.8</ele>
      </trkpt>
      <trkpt lat="-40.7066873" lon="-72.3920891">
        <ele>215</ele>
      </trkpt>
      <trkpt lat="-40.7064779" lon="-72.3915821">
        <ele>219</ele>
      </trkpt>
      <trkpt lat="-40.7062949" lon="-72.3910135">
        <ele>220.8</ele>
      </trkpt>
      <trkpt lat="-40.7061505" lon="-72.3904395">
        <ele>220.5</ele>
      </trkpt>
      <trkpt lat="-40.7057377" lon="-72.3882964">
        <ele>223</ele>
      </trkpt>
      <trkpt lat="-40.7056828" lon="-72.3880282">
        <ele>221.5</ele>
      </trkpt>
      <trkpt lat="-40.7056198" lon="-72.3877653">
        <ele>219.8</ele>
      </trkpt>
      <trkpt lat="-40.7055507" lon="-72.3875052">
        <ele>216.8</ele>
      </trkpt>
      <trkpt lat="-40.7054775" lon="-72.387253">
        <ele>213</ele>
      </trkpt>
      <trkpt lat="-40.7053982" lon="-72.3870063">
        <ele>210.5</ele>
      </trkpt>
      <trkpt lat="-40.7053128" lon="-72.3867649">
        <ele>208.8</ele>
      </trkpt>
      <trkpt lat="-40.7052213" lon="-72.3865235">
        <ele>207.8</ele>
      </trkpt>
      <trkpt lat="-40.7051237" lon="-72.3862901">
        <ele>208</ele>
      </trkpt>
      <trkpt lat="-40.7043734" lon="-72.3843911">
        <ele>209</ele>
      </trkpt>
      <trkpt lat="-40.70368" lon="-72.3825887">
        <ele>197.2</ele>
      </trkpt>
      <trkpt lat="-40.7035234" lon="-72.3821837">
        <ele>197.5</ele>
      </trkpt>
      <trkpt lat="-40.7031798" lon="-72.3812878">
        <ele>202.2</ele>
      </trkpt>
      <trkpt lat="-40.7030659" lon="-72.3809847">
        <ele>203.5</ele>
      </trkpt>
      <trkpt lat="-40.7028687" lon="-72.3804858">
        <ele>206.5</ele>
      </trkpt>
      <trkpt lat="-40.7027935" lon="-72.3802659">
        <ele>208.5</ele>
      </trkpt>
      <trkpt lat="-40.7027223" lon="-72.380046">
        <ele>210.5</ele>
      </trkpt>
      <trkpt lat="-40.7026572" lon="-72.3798206">
        <ele>211.8</ele>
      </trkpt>
      <trkpt lat="-40.7025962" lon="-72.3795953">
        <ele>213</ele>
      </trkpt>
      <trkpt lat="-40.7025332" lon="-72.3793271">
        <ele>215.2</ele>
      </trkpt>
      <trkpt lat="-40.7024783" lon="-72.3790589">
        <ele>216.8</ele>
      </trkpt>
      <trkpt lat="-40.7018581" lon="-72.3747915">
        <ele>234</ele>
      </trkpt>
      <trkpt lat="-40.7018357" lon="-72.3745716">
        <ele>235.5</ele>
      </trkpt>
      <trkpt lat="-40.7018032" lon="-72.3743543">
        <ele>237.2</ele>
      </trkpt>
      <trkpt lat="-40.7017625" lon="-72.3741424">
        <ele>238.2</ele>
      </trkpt>
      <trkpt lat="-40.7017137" lon="-72.3739305">
        <ele>239</ele>
      </trkpt>
      <trkpt lat="-40.7016547" lon="-72.373724">
        <ele>240.5</ele>
      </trkpt>
      <trkpt lat="-40.7015897" lon="-72.3735255">
        <ele>241.5</ele>
      </trkpt>
      <trkpt lat="-40.7015165" lon="-72.3733351">
        <ele>243</ele>
      </trkpt>
      <trkpt lat="-40.7014351" lon="-72.3731473">
        <ele>244.5</ele>
      </trkpt>
      <trkpt lat="-40.7013457" lon="-72.3729676">
        <ele>245.8</ele>
      </trkpt>
      <trkpt lat="-40.7012501" lon="-72.3727933">
        <ele>247</ele>
      </trkpt>
      <trkpt lat="-40.7011464" lon="-72.372627">
        <ele>248.2</ele>
      </trkpt>
      <trkpt lat="-40.6998368" lon="-72.3708245">
        <ele>253.5</ele>
      </trkpt>
      <trkpt lat="-40.699363" lon="-72.3701647">
        <ele>260</ele>
      </trkpt>
      <trkpt lat="-40.6979233" lon="-72.3676568">
        <ele>297.2</ele>
      </trkpt>
      <trkpt lat="-40.6977952" lon="-72.3673698">
        <ele>296.2</ele>
      </trkpt>
      <trkpt lat="-40.6976752" lon="-72.3670748">
        <ele>295.2</ele>
      </trkpt>
      <trkpt lat="-40.6975634" lon="-72.3667744">
        <ele>294.2</ele>
      </trkpt>
      <trkpt lat="-40.6974597" lon="-72.3664713">
        <ele>292.2</ele>
      </trkpt>
      <trkpt lat="-40.6973641" lon="-72.3661628">
        <ele>291</ele>
      </trkpt>
      <trkpt lat="-40.6972746" lon="-72.365849">
        <ele>290.2</ele>
      </trkpt>
      <trkpt lat="-40.6971953" lon="-72.3655325">
        <ele>290.7</ele>
      </trkpt>
      <trkpt lat="-40.6971221" lon="-72.3652133">
        <ele>291.2</ele>
      </trkpt>
      <trkpt lat="-40.697059" lon="-72.3648888">
        <ele>292.8</ele>
      </trkpt>
      <trkpt lat="-40.6970021" lon="-72.3645642">
        <ele>294.5</ele>
      </trkpt>
      <trkpt lat="-40.6969553" lon="-72.3642343">
        <ele>296.5</ele>
      </trkpt>
      <trkpt lat="-40.6969187" lon="-72.3639286">
        <ele>297.2</ele>
      </trkpt>
      <trkpt lat="-40.6968903" lon="-72.3636201">
        <ele>296.8</ele>
      </trkpt>
      <trkpt lat="-40.6968679" lon="-72.3633116">
        <ele>295</ele>
      </trkpt>
      <trkpt lat="-40.6968537" lon="-72.3630032">
        <ele>293.2</ele>
      </trkpt>
      <trkpt lat="-40.6968598" lon="-72.3607689">
        <ele>289.8</ele>
      </trkpt>
      <trkpt lat="-40.6968598" lon="-72.3605275">
        <ele>289</ele>
      </trkpt>
      <trkpt lat="-40.6968598" lon="-72.3601842">
        <ele>287.5</ele>
      </trkpt>
      <trkpt lat="-40.6969391" lon="-72.358422">
        <ele>282.2</ele>
      </trkpt>
      <trkpt lat="-40.6969431" lon="-72.3580277">
        <ele>280.8</ele>
      </trkpt>
      <trkpt lat="-40.696937" lon="-72.3576361">
        <ele>279.2</ele>
      </trkpt>
      <trkpt lat="-40.6969248" lon="-72.3572445">
        <ele>277</ele>
      </trkpt>
      <trkpt lat="-40.6969025" lon="-72.3568073">
        <ele>273.5</ele>
      </trkpt>
      <trkpt lat="-40.696872" lon="-72.3563701">
        <ele>270.8</ele>
      </trkpt>
      <trkpt lat="-40.6968333" lon="-72.3559329">
        <ele>267.8</ele>
      </trkpt>
      <trkpt lat="-40.6967845" lon="-72.3555011">
        <ele>265.8</ele>
      </trkpt>
      <trkpt lat="-40.6967276" lon="-72.3550665">
        <ele>263.5</ele>
      </trkpt>
      <trkpt lat="-40.6966727" lon="-72.3546749">
        <ele>261.8</ele>
      </trkpt>
      <trkpt lat="-40.6966218" lon="-72.3543933">
        <ele>259.8</ele>
      </trkpt>
      <trkpt lat="-40.6965608" lon="-72.3541144">
        <ele>257.8</ele>
      </trkpt>
      <trkpt lat="-40.6964957" lon="-72.3538381">
        <ele>256</ele>
      </trkpt>
      <trkpt lat="-40.6964246" lon="-72.3535645">
        <ele>254</ele>
      </trkpt>
      <trkpt lat="-40.6963371" lon="-72.3532721">
        <ele>252.2</ele>
      </trkpt>
      <trkpt lat="-40.6962436" lon="-72.3529798">
        <ele>250.8</ele>
      </trkpt>
      <trkpt lat="-40.6961419" lon="-72.3526928">
        <ele>249.8</ele>
      </trkpt>
      <trkpt lat="-40.6960341" lon="-72.3524112">
        <ele>248.5</ele>
      </trkpt>
      <trkpt lat="-40.6959182" lon="-72.3521349">
        <ele>246.8</ele>
      </trkpt>
      <trkpt lat="-40.6957962" lon="-72.351864">
        <ele>244.2</ele>
      </trkpt>
      <trkpt lat="-40.6956071" lon="-72.3515072">
        <ele>238.8</ele>
      </trkpt>
      <trkpt lat="-40.6953671" lon="-72.3510996">
        <ele>233.5</ele>
      </trkpt>
      <trkpt lat="-40.6949299" lon="-72.3505256">
        <ele>225.5</ele>
      </trkpt>
      <trkpt lat="-40.6944947" lon="-72.3498872">
        <ele>222.5</ele>
      </trkpt>
      <trkpt lat="-40.6939822" lon="-72.3490852">
        <ele>222.8</ele>
      </trkpt>
      <trkpt lat="-40.6934941" lon="-72.3482859">
        <ele>220</ele>
      </trkpt>
      <trkpt lat="-40.6925362" lon="-72.346411">
        <ele>211</ele>
      </trkpt>
      <trkpt lat="-40.6919973" lon="-72.3453623">
        <ele>205.8</ele>
      </trkpt>
      <trkpt lat="-40.6917411" lon="-72.3447454">
        <ele>207.2</ele>
      </trkpt>
      <trkpt lat="-40.6915865" lon="-72.3443162">
        <ele>207</ele>
      </trkpt>
      <trkpt lat="-40.6915235" lon="-72.3440802">
        <ele>206.5</ele>
      </trkpt>
      <trkpt lat="-40.6914685" lon="-72.3438415">
        <ele>205.8</ele>
      </trkpt>
      <trkpt lat="-40.6914218" lon="-72.3435974">
        <ele>205</ele>
      </trkpt>
      <trkpt lat="-40.6913831" lon="-72.3433533">
        <ele>205.4</ele>
      </trkpt>
      <trkpt lat="-40.6913526" lon="-72.3431066">
        <ele>205.8</ele>
      </trkpt>
      <trkpt lat="-40.6913323" lon="-72.3428571">
        <ele>206.8</ele>
      </trkpt>
      <trkpt lat="-40.6913201" lon="-72.3426077">
        <ele>208</ele>
      </trkpt>
      <trkpt lat="-40.691316" lon="-72.3423609">
        <ele>209</ele>
      </trkpt>
      <trkpt lat="-40.6913201" lon="-72.3421168">
        <ele>210</ele>
      </trkpt>
      <trkpt lat="-40.6913323" lon="-72.3418728">
        <ele>211.5</ele>
      </trkpt>
      <trkpt lat="-40.6913547" lon="-72.3416287">
        <ele>212.5</ele>
      </trkpt>
      <trkpt lat="-40.6913831" lon="-72.3413873">
        <ele>212.6</ele>
      </trkpt>
      <trkpt lat="-40.6914218" lon="-72.3411486">
        <ele>212.8</ele>
      </trkpt>
      <trkpt lat="-40.6914665" lon="-72.3409098">
        <ele>213</ele>
      </trkpt>
      <trkpt lat="-40.6915214" lon="-72.3406765">
        <ele>212.8</ele>
      </trkpt>
      <trkpt lat="-40.6915824" lon="-72.3404458">
        <ele>212.5</ele>
      </trkpt>
      <trkpt lat="-40.6916516" lon="-72.3402178">
        <ele>212.2</ele>
      </trkpt>
      <trkpt lat="-40.691857" lon="-72.3396948">
        <ele>210.2</ele>
      </trkpt>
      <trkpt lat="-40.6920482" lon="-72.3392817">
        <ele>208.8</ele>
      </trkpt>
      <trkpt lat="-40.6923044" lon="-72.3388365">
        <ele>208</ele>
      </trkpt>
      <trkpt lat="-40.6941347" lon="-72.3364279">
        <ele>214.2</ele>
      </trkpt>
      <trkpt lat="-40.6942771" lon="-72.3362535">
        <ele>215.2</ele>
      </trkpt>
      <trkpt lat="-40.694452" lon="-72.3360604">
        <ele>216.8</ele>
      </trkpt>
      <trkpt lat="-40.6947265" lon="-72.3357868">
        <ele>219.5</ele>
      </trkpt>
      <trkpt lat="-40.6949726" lon="-72.3355749">
        <ele>221.2</ele>
      </trkpt>
      <trkpt lat="-40.6952369" lon="-72.3353899">
        <ele>223.8</ele>
      </trkpt>
      <trkpt lat="-40.6955217" lon="-72.3352209">
        <ele>227</ele>
      </trkpt>
      <trkpt lat="-40.6956254" lon="-72.3351699">
        <ele>228.2</ele>
      </trkpt>
      <trkpt lat="-40.6958186" lon="-72.3350814">
        <ele>229.8</ele>
      </trkpt>
      <trkpt lat="-40.6959324" lon="-72.3350358">
        <ele>230.2</ele>
      </trkpt>
      <trkpt lat="-40.6960219" lon="-72.3350009">
        <ele>230.5</ele>
      </trkpt>
      <trkpt lat="-40.6962599" lon="-72.3349231">
        <ele>232</ele>
      </trkpt>
      <trkpt lat="-40.6964713" lon="-72.3348668">
        <ele>233</ele>
      </trkpt>
      <trkpt lat="-40.6967011" lon="-72.3348266">
        <ele>233.8</ele>
      </trkpt>
      <trkpt lat="-40.696933" lon="-72.3348024">
        <ele>235</ele>
      </trkpt>
      <trkpt lat="-40.697238" lon="-72.3347864">
        <ele>236</ele>
      </trkpt>
      <trkpt lat="-40.6977972" lon="-72.3347542">
        <ele>238.2</ele>
      </trkpt>
      <trkpt lat="-40.6987815" lon="-72.334722">
        <ele>234.8</ele>
      </trkpt>
      <trkpt lat="-40.6989563" lon="-72.3347059">
        <ele>233.2</ele>
      </trkpt>
      <trkpt lat="-40.6991292" lon="-72.3346791">
        <ele>231.2</ele>
      </trkpt>
      <trkpt lat="-40.6993" lon="-72.3346469">
        <ele>229.2</ele>
      </trkpt>
      <trkpt lat="-40.6995176" lon="-72.3345932">
        <ele>227</ele>
      </trkpt>
      <trkpt lat="-40.6997331" lon="-72.3345289">
        <ele>225</ele>
      </trkpt>
      <trkpt lat="-40.7008576" lon="-72.3338664">
        <ele>226.8</ele>
      </trkpt>
      <trkpt lat="-40.701612" lon="-72.3333755">
        <ele>228</ele>
      </trkpt>
      <trkpt lat="-40.702399" lon="-72.3328954">
        <ele>236.2</ele>
      </trkpt>
      <trkpt lat="-40.7037898" lon="-72.332013">
        <ele>256.2</ele>
      </trkpt>
      <trkpt lat="-40.7050505" lon="-72.3313692">
        <ele>272.2</ele>
      </trkpt>
      <trkpt lat="-40.7058394" lon="-72.3310232">
        <ele>279.8</ele>
      </trkpt>
      <trkpt lat="-40.706181" lon="-72.3308542">
        <ele>283.5</ele>
      </trkpt>
      <trkpt lat="-40.706301" lon="-72.3307899">
        <ele>284.8</ele>
      </trkpt>
      <trkpt lat="-40.7064189" lon="-72.3307174">
        <ele>286</ele>
      </trkpt>
      <trkpt lat="-40.7065307" lon="-72.3306343">
        <ele>287.5</ele>
      </trkpt>
      <trkpt lat="-40.7066385" lon="-72.3305404">
        <ele>289</ele>
      </trkpt>
      <trkpt lat="-40.7067422" lon="-72.3304358">
        <ele>290</ele>
      </trkpt>
      <trkpt lat="-40.7068398" lon="-72.3303258">
        <ele>291.2</ele>
      </trkpt>
      <trkpt lat="-40.7069313" lon="-72.3302051">
        <ele>292.2</ele>
      </trkpt>
      <trkpt lat="-40.7070167" lon="-72.3300764">
        <ele>293.5</ele>
      </trkpt>
      <trkpt lat="-40.707096" lon="-72.3299423">
        <ele>294.8</ele>
      </trkpt>
      <trkpt lat="-40.7071671" lon="-72.3298001">
        <ele>295.8</ele>
      </trkpt>
      <trkpt lat="-40.7072322" lon="-72.3296526">
        <ele>297.2</ele>
      </trkpt>
      <trkpt lat="-40.7072912" lon="-72.3294944">
        <ele>298.8</ele>
      </trkpt>
      <trkpt lat="-40.70734" lon="-72.3293334">
        <ele>299.8</ele>
      </trkpt>
      <trkpt lat="-40.7073806" lon="-72.3291671">
        <ele>300.8</ele>
      </trkpt>
      <trkpt lat="-40.7074132" lon="-72.3289981">
        <ele>302</ele>
      </trkpt>
      <trkpt lat="-40.7074376" lon="-72.3288265">
        <ele>303.2</ele>
      </trkpt>
      <trkpt lat="-40.7074518" lon="-72.3286521">
        <ele>304.5</ele>
      </trkpt>
      <trkpt lat="-40.7074559" lon="-72.3284778">
        <ele>305.8</ele>
      </trkpt>
      <trkpt lat="-40.7074538" lon="-72.3283035">
        <ele>306.8</ele>
      </trkpt>
      <trkpt lat="-40.7074396" lon="-72.3281291">
        <ele>307</ele>
      </trkpt>
      <trkpt lat="-40.7074193" lon="-72.3279575">
        <ele>307.2</ele>
      </trkpt>
      <trkpt lat="-40.7073562" lon="-72.3275337">
        <ele>308</ele>
      </trkpt>
      <trkpt lat="-40.7073013" lon="-72.3272681">
        <ele>308.4</ele>
      </trkpt>
      <trkpt lat="-40.7072485" lon="-72.3270535">
        <ele>308.8</ele>
      </trkpt>
      <trkpt lat="-40.7055303" lon="-72.3205599">
        <ele>329.8</ele>
      </trkpt>
      <trkpt lat="-40.7055019" lon="-72.320458">
        <ele>330</ele>
      </trkpt>
      <trkpt lat="-40.7043591" lon="-72.3161396">
        <ele>320.2</ele>
      </trkpt>
      <trkpt lat="-40.7042188" lon="-72.3156112">
        <ele>319</ele>
      </trkpt>
      <trkpt lat="-40.7041416" lon="-72.3153323">
        <ele>320.2</ele>
      </trkpt>
      <trkpt lat="-40.7040989" lon="-72.3151794">
        <ele>321.5</ele>
      </trkpt>
      <trkpt lat="-40.7040562" lon="-72.3150292">
        <ele>322.8</ele>
      </trkpt>
      <trkpt lat="-40.7040033" lon="-72.3148844">
        <ele>323.5</ele>
      </trkpt>
      <trkpt lat="-40.7039423" lon="-72.3147288">
        <ele>324.5</ele>
      </trkpt>
      <trkpt lat="-40.7038772" lon="-72.3145813">
        <ele>326.2</ele>
      </trkpt>
      <trkpt lat="-40.7038183" lon="-72.3144659">
        <ele>327.5</ele>
      </trkpt>
      <trkpt lat="-40.7037593" lon="-72.3143479">
        <ele>328.5</ele>
      </trkpt>
      <trkpt lat="-40.7036902" lon="-72.3142299">
        <ele>329.8</ele>
      </trkpt>
      <trkpt lat="-40.7036109" lon="-72.3141146">
        <ele>331</ele>
      </trkpt>
      <trkpt lat="-40.7035173" lon="-72.3139831">
        <ele>332.2</ele>
      </trkpt>
      <trkpt lat="-40.7034279" lon="-72.3138705">
        <ele>333</ele>
      </trkpt>
      <trkpt lat="-40.7033181" lon="-72.3137471">
        <ele>333.8</ele>
      </trkpt>
      <trkpt lat="-40.7032144" lon="-72.3136425">
        <ele>334</ele>
      </trkpt>
      <trkpt lat="-40.7031269" lon="-72.313562">
        <ele>334</ele>
      </trkpt>
      <trkpt lat="-40.7030497" lon="-72.3134977">
        <ele>334</ele>
      </trkpt>
      <trkpt lat="-40.7029683" lon="-72.3134333">
        <ele>334.1</ele>
      </trkpt>
      <trkpt lat="-40.7028789" lon="-72.3133716">
        <ele>334.1</ele>
      </trkpt>
      <trkpt lat="-40.7027711" lon="-72.3133045">
        <ele>334.1</ele>
      </trkpt>
      <trkpt lat="-40.702643" lon="-72.3132348">
        <ele>334.2</ele>
      </trkpt>
      <trkpt lat="-40.7023461" lon="-72.3130819">
        <ele>334.2</ele>
      </trkpt>
      <trkpt lat="-40.701305" lon="-72.3125803">
        <ele>334.5</ele>
      </trkpt>
      <trkpt lat="-40.7006787" lon="-72.3122638">
        <ele>332.8</ele>
      </trkpt>
      <trkpt lat="-40.6994993" lon="-72.3116818">
        <ele>322.5</ele>
      </trkpt>
      <trkpt lat="-40.6982385" lon="-72.3110595">
        <ele>309.2</ele>
      </trkpt>
      <trkpt lat="-40.6969106" lon="-72.3104051">
        <ele>301.8</ele>
      </trkpt>
      <trkpt lat="-40.6965324" lon="-72.3102146">
        <ele>300.8</ele>
      </trkpt>
      <trkpt lat="-40.6963493" lon="-72.3101154">
        <ele>299.8</ele>
      </trkpt>
      <trkpt lat="-40.6962009" lon="-72.3100296">
        <ele>299.2</ele>
      </trkpt>
      <trkpt lat="-40.6960362" lon="-72.3099276">
        <ele>298.8</ele>
      </trkpt>
      <trkpt lat="-40.6960036" lon="-72.3099035">
        <ele>298.5</ele>
      </trkpt>
      <trkpt lat="-40.6958694" lon="-72.3098177">
        <ele>298</ele>
      </trkpt>
      <trkpt lat="-40.695725" lon="-72.3097023">
        <ele>297</ele>
      </trkpt>
      <trkpt lat="-40.6955888" lon="-72.309595">
        <ele>295.5</ele>
      </trkpt>
      <trkpt lat="-40.6954505" lon="-72.309477">
        <ele>294.2</ele>
      </trkpt>
      <trkpt lat="-40.6953203" lon="-72.3093536">
        <ele>293</ele>
      </trkpt>
      <trkpt lat="-40.6951922" lon="-72.3092249">
        <ele>291.8</ele>
      </trkpt>
      <trkpt lat="-40.6949095" lon="-72.3089299">
        <ele>291.4</ele>
      </trkpt>
      <trkpt lat="-40.6946614" lon="-72.3086643">
        <ele>291</ele>
      </trkpt>
      <trkpt lat="-40.6943605" lon="-72.3083344">
        <ele>291.2</ele>
      </trkpt>
      <trkpt lat="-40.6941713" lon="-72.3081279">
        <ele>292</ele>
      </trkpt>
      <trkpt lat="-40.6937829" lon="-72.30768">
        <ele>294</ele>
      </trkpt>
      <trkpt lat="-40.6936649" lon="-72.3075405">
        <ele>294.8</ele>
      </trkpt>
      <trkpt lat="-40.6935287" lon="-72.3073876">
        <ele>295.5</ele>
      </trkpt>
      <trkpt lat="-40.6932867" lon="-72.3071274">
        <ele>296.5</ele>
      </trkpt>
      <trkpt lat="-40.6927905" lon="-72.3066205">
        <ele>296.2</ele>
      </trkpt>
      <trkpt lat="-40.6922393" lon="-72.3060492">
        <ele>295</ele>
      </trkpt>
      <trkpt lat="-40.6916963" lon="-72.305494">
        <ele>294.2</ele>
      </trkpt>
      <trkpt lat="-40.6911167" lon="-72.3048931">
        <ele>298</ele>
      </trkpt>
      <trkpt lat="-40.6906774" lon="-72.3044237">
        <ele>307</ele>
      </trkpt>
      <trkpt lat="-40.6900917" lon="-72.3037961">
        <ele>319.8</ele>
      </trkpt>
      <trkpt lat="-40.6898578" lon="-72.303552">
        <ele>320.8</ele>
      </trkpt>
      <trkpt lat="-40.6897663" lon="-72.3034555">
        <ele>320.9</ele>
      </trkpt>
      <trkpt lat="-40.6896931" lon="-72.3033831">
        <ele>320.9</ele>
      </trkpt>
      <trkpt lat="-40.6896239" lon="-72.3033214">
        <ele>321</ele>
      </trkpt>
      <trkpt lat="-40.6895365" lon="-72.3032436">
        <ele>320.9</ele>
      </trkpt>
      <trkpt lat="-40.6894409" lon="-72.3031685">
        <ele>320.8</ele>
      </trkpt>
      <trkpt lat="-40.6893392" lon="-72.3030934">
        <ele>320.2</ele>
      </trkpt>
      <trkpt lat="-40.6892416" lon="-72.3030236">
        <ele>320</ele>
      </trkpt>
      <trkpt lat="-40.6891358" lon="-72.3029619">
        <ele>319.8</ele>
      </trkpt>
      <trkpt lat="-40.689028" lon="-72.3029056">
        <ele>319.8</ele>
      </trkpt>
      <trkpt lat="-40.688904" lon="-72.3028439">
        <ele>319.9</ele>
      </trkpt>
      <trkpt lat="-40.6887982" lon="-72.302801">
        <ele>320</ele>
      </trkpt>
      <trkpt lat="-40.6886599" lon="-72.3027474">
        <ele>320.4</ele>
      </trkpt>
      <trkpt lat="-40.6881677" lon="-72.3025569">
        <ele>321.8</ele>
      </trkpt>
      <trkpt lat="-40.688064" lon="-72.3025113">
        <ele>322</ele>
      </trkpt>
      <trkpt lat="-40.6879908" lon="-72.3024738">
        <ele>322.5</ele>
      </trkpt>
      <trkpt lat="-40.6879298" lon="-72.3024309">
        <ele>323.2</ele>
      </trkpt>
      <trkpt lat="-40.6878789" lon="-72.302388">
        <ele>323.8</ele>
      </trkpt>
      <trkpt lat="-40.687822" lon="-72.3023289">
        <ele>324.2</ele>
      </trkpt>
      <trkpt lat="-40.6877752" lon="-72.3022673">
        <ele>324.3</ele>
      </trkpt>
      <trkpt lat="-40.6877162" lon="-72.3021787">
        <ele>324.4</ele>
      </trkpt>
      <trkpt lat="-40.6876796" lon="-72.3021117">
        <ele>324.4</ele>
      </trkpt>
      <trkpt lat="-40.687645" lon="-72.3020312">
        <ele>324.5</ele>
      </trkpt>
      <trkpt lat="-40.6876125" lon="-72.3019266">
        <ele>324.6</ele>
      </trkpt>
      <trkpt lat="-40.687584" lon="-72.3017818">
        <ele>324.6</ele>
      </trkpt>
      <trkpt lat="-40.6875576" lon="-72.3016047">
        <ele>324.8</ele>
      </trkpt>
      <trkpt lat="-40.6874986" lon="-72.3012051">
        <ele>325</ele>
      </trkpt>
      <trkpt lat="-40.6874701" lon="-72.3010683">
        <ele>325.2</ele>
      </trkpt>
      <trkpt lat="-40.6874416" lon="-72.300953">
        <ele>325.5</ele>
      </trkpt>
      <trkpt lat="-40.6874071" lon="-72.300851">
        <ele>325.8</ele>
      </trkpt>
      <trkpt lat="-40.6873684" lon="-72.3007572">
        <ele>325.8</ele>
      </trkpt>
      <trkpt lat="-40.6873216" lon="-72.300666">
        <ele>325.8</ele>
      </trkpt>
      <trkpt lat="-40.6872749" lon="-72.3005828">
        <ele>325.8</ele>
      </trkpt>
      <trkpt lat="-40.6872179" lon="-72.3004943">
        <ele>325.9</ele>
      </trkpt>
      <trkpt lat="-40.687161" lon="-72.3004219">
        <ele>325.9</ele>
      </trkpt>
      <trkpt lat="-40.6870959" lon="-72.3003548">
        <ele>325.9</ele>
      </trkpt>
      <trkpt lat="-40.6870328" lon="-72.3002958">
        <ele>326</ele>
      </trkpt>
      <trkpt lat="-40.6869576" lon="-72.3002422">
        <ele>326</ele>
      </trkpt>
      <trkpt lat="-40.6868864" lon="-72.3001939">
        <ele>326.2</ele>
      </trkpt>
      <trkpt lat="-40.6868091" lon="-72.3001537">
        <ele>326.5</ele>
      </trkpt>
      <trkpt lat="-40.6867176" lon="-72.3001188">
        <ele>326.6</ele>
      </trkpt>
      <trkpt lat="-40.6866382" lon="-72.3000973">
        <ele>326.7</ele>
      </trkpt>
      <trkpt lat="-40.6865488" lon="-72.3000786">
        <ele>326.8</ele>
      </trkpt>
      <trkpt lat="-40.6864247" lon="-72.3000571">
        <ele>327.2</ele>
      </trkpt>
      <trkpt lat="-40.6854688" lon="-72.2999123">
        <ele>325</ele>
      </trkpt>
      <trkpt lat="-40.6847203" lon="-72.2997996">
        <ele>321.2</ele>
      </trkpt>
      <trkpt lat="-40.6843928" lon="-72.2997567">
        <ele>320.2</ele>
      </trkpt>
      <trkpt lat="-40.6842382" lon="-72.2997406">
        <ele>319.8</ele>
      </trkpt>
      <trkpt lat="-40.6840979" lon="-72.2997326">
        <ele>319.5</ele>
      </trkpt>
      <trkpt lat="-40.683984" lon="-72.2997352">
        <ele>319.5</ele>
      </trkpt>
      <trkpt lat="-40.6838579" lon="-72.2997406">
        <ele>319.6</ele>
      </trkpt>
      <trkpt lat="-40.6837318" lon="-72.299754">
        <ele>319.7</ele>
      </trkpt>
      <trkpt lat="-40.6836199" lon="-72.2997782">
        <ele>319.7</ele>
      </trkpt>
      <trkpt lat="-40.6835304" lon="-72.2997969">
        <ele>319.8</ele>
      </trkpt>
      <trkpt lat="-40.6834328" lon="-72.2998238">
        <ele>320</ele>
      </trkpt>
      <trkpt lat="-40.6833433" lon="-72.2998533">
        <ele>320.2</ele>
      </trkpt>
      <trkpt lat="-40.6832456" lon="-72.2998881">
        <ele>320</ele>
      </trkpt>
      <trkpt lat="-40.6831216" lon="-72.2999445">
        <ele>319.2</ele>
      </trkpt>
      <trkpt lat="-40.6830382" lon="-72.2999874">
        <ele>318.8</ele>
      </trkpt>
      <trkpt lat="-40.6829405" lon="-72.300041">
        <ele>318.5</ele>
      </trkpt>
      <trkpt lat="-40.6828409" lon="-72.3001054">
        <ele>318.2</ele>
      </trkpt>
      <trkpt lat="-40.6827473" lon="-72.3001724">
        <ele>317.8</ele>
      </trkpt>
      <trkpt lat="-40.6826354" lon="-72.300261">
        <ele>316.8</ele>
      </trkpt>
      <trkpt lat="-40.6825358" lon="-72.3003495">
        <ele>316</ele>
      </trkpt>
      <trkpt lat="-40.6824463" lon="-72.300438">
        <ele>315.2</ele>
      </trkpt>
      <trkpt lat="-40.6823242" lon="-72.3005667">
        <ele>314</ele>
      </trkpt>
      <trkpt lat="-40.6815371" lon="-72.3014063">
        <ele>312.8</ele>
      </trkpt>
      <trkpt lat="-40.6811099" lon="-72.3018542">
        <ele>314.8</ele>
      </trkpt>
      <trkpt lat="-40.680217" lon="-72.3027554">
        <ele>316</ele>
      </trkpt>
      <trkpt lat="-40.6800034" lon="-72.302978">
        <ele>316.8</ele>
      </trkpt>
      <trkpt lat="-40.6799017" lon="-72.30308">
        <ele>317</ele>
      </trkpt>
      <trkpt lat="-40.6797857" lon="-72.3031899">
        <ele>316.5</ele>
      </trkpt>
      <trkpt lat="-40.6797003" lon="-72.3032624">
        <ele>316.2</ele>
      </trkpt>
      <trkpt lat="-40.6796169" lon="-72.3033214">
        <ele>315.8</ele>
      </trkpt>
      <trkpt lat="-40.6795437" lon="-72.303367">
        <ele>315.5</ele>
      </trkpt>
      <trkpt lat="-40.6794522" lon="-72.3034126">
        <ele>315</ele>
      </trkpt>
      <trkpt lat="-40.6793708" lon="-72.3034421">
        <ele>314.8</ele>
      </trkpt>
      <trkpt lat="-40.6792915" lon="-72.3034635">
        <ele>314.5</ele>
      </trkpt>
      <trkpt lat="-40.6791979" lon="-72.3034796">
        <ele>314.2</ele>
      </trkpt>
      <trkpt lat="-40.6791186" lon="-72.3034903">
        <ele>314</ele>
      </trkpt>
      <trkpt lat="-40.6790311" lon="-72.3034877">
        <ele>313.8</ele>
      </trkpt>
      <trkpt lat="-40.6789314" lon="-72.3034769">
        <ele>313.2</ele>
      </trkpt>
      <trkpt lat="-40.678844" lon="-72.3034635">
        <ele>312.8</ele>
      </trkpt>
      <trkpt lat="-40.6787321" lon="-72.303434">
        <ele>311.8</ele>
      </trkpt>
      <trkpt lat="-40.6786283" lon="-72.3033965">
        <ele>310.8</ele>
      </trkpt>
      <trkpt lat="-40.6785246" lon="-72.3033455">
        <ele>310</ele>
      </trkpt>
      <trkpt lat="-40.6784351" lon="-72.3032919">
        <ele>309.5</ele>
      </trkpt>
      <trkpt lat="-40.6783558" lon="-72.3032328">
        <ele>309.2</ele>
      </trkpt>
      <trkpt lat="-40.6782744" lon="-72.3031712">
        <ele>308.8</ele>
      </trkpt>
      <trkpt lat="-40.6782012" lon="-72.3030961">
        <ele>308.2</ele>
      </trkpt>
      <trkpt lat="-40.6781198" lon="-72.3030102">
        <ele>307.5</ele>
      </trkpt>
      <trkpt lat="-40.6780506" lon="-72.3029163">
        <ele>306.8</ele>
      </trkpt>
      <trkpt lat="-40.6779876" lon="-72.3028198">
        <ele>305.8</ele>
      </trkpt>
      <trkpt lat="-40.6779245" lon="-72.3027071">
        <ele>305</ele>
      </trkpt>
      <trkpt lat="-40.6778635" lon="-72.3025757">
        <ele>304.2</ele>
      </trkpt>
      <trkpt lat="-40.6778106" lon="-72.302447">
        <ele>303.5</ele>
      </trkpt>
      <trkpt lat="-40.6777618" lon="-72.3022887">
        <ele>302.5</ele>
      </trkpt>
      <trkpt lat="-40.6777313" lon="-72.302168">
        <ele>301.8</ele>
      </trkpt>
      <trkpt lat="-40.6777069" lon="-72.3020527">
        <ele>301</ele>
      </trkpt>
      <trkpt lat="-40.6776906" lon="-72.3018971">
        <ele>300.2</ele>
      </trkpt>
      <trkpt lat="-40.6776764" lon="-72.301704">
        <ele>299.2</ele>
      </trkpt>
      <trkpt lat="-40.6776682" lon="-72.3015001">
        <ele>297.8</ele>
      </trkpt>
      <trkpt lat="-40.677656" lon="-72.300894">
        <ele>295.5</ele>
      </trkpt>
      <trkpt lat="-40.6776479" lon="-72.3007116">
        <ele>295</ele>
      </trkpt>
      <trkpt lat="-40.6776357" lon="-72.3005748">
        <ele>294.8</ele>
      </trkpt>
      <trkpt lat="-40.6776174" lon="-72.3004621">
        <ele>294.9</ele>
      </trkpt>
      <trkpt lat="-40.677593" lon="-72.3003441">
        <ele>295</ele>
      </trkpt>
      <trkpt lat="-40.6775584" lon="-72.3002288">
        <ele>295.2</ele>
      </trkpt>
      <trkpt lat="-40.6775218" lon="-72.3001295">
        <ele>295.5</ele>
      </trkpt>
      <trkpt lat="-40.6774811" lon="-72.3000383">
        <ele>295.4</ele>
      </trkpt>
      <trkpt lat="-40.6774343" lon="-72.2999659">
        <ele>295.2</ele>
      </trkpt>
      <trkpt lat="-40.6773672" lon="-72.2998828">
        <ele>294.5</ele>
      </trkpt>
      <trkpt lat="-40.6772797" lon="-72.2997808">
        <ele>293.2</ele>
      </trkpt>
      <trkpt lat="-40.6770824" lon="-72.2995448">
        <ele>290</ele>
      </trkpt>
      <trkpt lat="-40.6769908" lon="-72.2994241">
        <ele>288.8</ele>
      </trkpt>
      <trkpt lat="-40.6769074" lon="-72.2993061">
        <ele>288</ele>
      </trkpt>
      <trkpt lat="-40.6767976" lon="-72.2991452">
        <ele>287.2</ele>
      </trkpt>
      <trkpt lat="-40.6767" lon="-72.2989842">
        <ele>286.5</ele>
      </trkpt>
      <trkpt lat="-40.6766186" lon="-72.2988313">
        <ele>286.2</ele>
      </trkpt>
      <trkpt lat="-40.6765616" lon="-72.2987133">
        <ele>286.4</ele>
      </trkpt>
      <trkpt lat="-40.6765148" lon="-72.2986034">
        <ele>286.5</ele>
      </trkpt>
      <trkpt lat="-40.676464" lon="-72.2984585">
        <ele>286.3</ele>
      </trkpt>
      <trkpt lat="-40.6764091" lon="-72.2982842">
        <ele>286</ele>
      </trkpt>
      <trkpt lat="-40.6763277" lon="-72.2979891">
        <ele>284</ele>
      </trkpt>
      <trkpt lat="-40.6762626" lon="-72.2977155">
        <ele>280</ele>
      </trkpt>
      <trkpt lat="-40.6762118" lon="-72.297442">
        <ele>275.5</ele>
      </trkpt>
      <trkpt lat="-40.6761833" lon="-72.2972381">
        <ele>272.5</ele>
      </trkpt>
      <trkpt lat="-40.6761528" lon="-72.2969887">
        <ele>270</ele>
      </trkpt>
      <trkpt lat="-40.6761243" lon="-72.2966856">
        <ele>266.5</ele>
      </trkpt>
      <trkpt lat="-40.6760897" lon="-72.2962189">
        <ele>264.2</ele>
      </trkpt>
      <trkpt lat="-40.676047" lon="-72.2956154">
        <ele>262.2</ele>
      </trkpt>
      <trkpt lat="-40.6760246" lon="-72.2953928">
        <ele>261.5</ele>
      </trkpt>
      <trkpt lat="-40.6760002" lon="-72.2951835">
        <ele>260.2</ele>
      </trkpt>
      <trkpt lat="-40.6759636" lon="-72.2948831">
        <ele>257.8</ele>
      </trkpt>
      <trkpt lat="-40.6758985" lon="-72.2944245">
        <ele>255.2</ele>
      </trkpt>
      <trkpt lat="-40.6757113" lon="-72.2930914">
        <ele>244.8</ele>
      </trkpt>
      <trkpt lat="-40.6754082" lon="-72.2909269">
        <ele>224</ele>
      </trkpt>
      <trkpt lat="-40.6751723" lon="-72.2892129">
        <ele>217.2</ele>
      </trkpt>
      <trkpt lat="-40.6751336" lon="-72.2889715">
        <ele>216.5</ele>
      </trkpt>
      <trkpt lat="-40.6751031" lon="-72.2887623">
        <ele>216.8</ele>
      </trkpt>
      <trkpt lat="-40.6750726" lon="-72.2886094">
        <ele>217</ele>
      </trkpt>
      <trkpt lat="-40.6750421" lon="-72.2884539">
        <ele>216.9</ele>
      </trkpt>
      <trkpt lat="-40.6749994" lon="-72.2882688">
        <ele>216.8</ele>
      </trkpt>
      <trkpt lat="-40.6749485" lon="-72.2880676">
        <ele>216.8</ele>
      </trkpt>
      <trkpt lat="-40.6744562" lon="-72.2862035">
        <ele>217.5</ele>
      </trkpt>
      <trkpt lat="-40.6738846" lon="-72.2840738">
        <ele>226.5</ele>
      </trkpt>
      <trkpt lat="-40.6732723" lon="-72.2817913">
        <ele>218.2</ele>
      </trkpt>
      <trkpt lat="-40.6728023" lon="-72.2800183">
        <ele>206.8</ele>
      </trkpt>
      <trkpt lat="-40.6724769" lon="-72.2788247">
        <ele>209.8</ele>
      </trkpt>
      <trkpt lat="-40.672251" lon="-72.2779718">
        <ele>212</ele>
      </trkpt>
      <trkpt lat="-40.6716184" lon="-72.2755551">
        <ele>227.5</ele>
      </trkpt>
      <trkpt lat="-40.671299" lon="-72.2743374">
        <ele>235.5</ele>
      </trkpt>
      <trkpt lat="-40.6708229" lon="-72.2725698">
        <ele>230.8</ele>
      </trkpt>
      <trkpt lat="-40.6703754" lon="-72.2709095">
        <ele>215</ele>
      </trkpt>
      <trkpt lat="-40.6699095" lon="-72.2691447">
        <ele>216.9</ele>
      </trkpt>
      <trkpt lat="-40.6693826" lon="-72.2671625">
        <ele>219</ele>
      </trkpt>
      <trkpt lat="-40.6688984" lon="-72.2653493">
        <ele>219.2</ele>
      </trkpt>
      <trkpt lat="-40.6686014" lon="-72.2642282">
        <ele>220.2</ele>
      </trkpt>
      <trkpt lat="-40.6685363" lon="-72.2639894">
        <ele>220</ele>
      </trkpt>
      <trkpt lat="-40.6684874" lon="-72.2638232">
        <ele>219.5</ele>
      </trkpt>
      <trkpt lat="-40.6684366" lon="-72.2636569">
        <ele>218.8</ele>
      </trkpt>
      <trkpt lat="-40.6683837" lon="-72.2634986">
        <ele>218.2</ele>
      </trkpt>
      <trkpt lat="-40.6683186" lon="-72.2633269">
        <ele>217.8</ele>
      </trkpt>
      <trkpt lat="-40.6682535" lon="-72.2631633">
        <ele>217</ele>
      </trkpt>
      <trkpt lat="-40.6681904" lon="-72.2630212">
        <ele>216.5</ele>
      </trkpt>
      <trkpt lat="-40.6681314" lon="-72.2629032">
        <ele>216.2</ele>
      </trkpt>
      <trkpt lat="-40.6680683" lon="-72.2627798">
        <ele>215.8</ele>
      </trkpt>
      <trkpt lat="-40.6680053" lon="-72.2626671">
        <ele>215.5</ele>
      </trkpt>
      <trkpt lat="-40.6679483" lon="-72.2625706">
        <ele>215.2</ele>
      </trkpt>
      <trkpt lat="-40.6678669" lon="-72.2624391">
        <ele>214.8</ele>
      </trkpt>
      <trkpt lat="-40.667751" lon="-72.2622648">
        <ele>213.8</ele>
      </trkpt>
      <trkpt lat="-40.6670694" lon="-72.2612965">
        <ele>215.2</ele>
      </trkpt>
      <trkpt lat="-40.6662821" lon="-72.2601941">
        <ele>216.8</ele>
      </trkpt>
      <trkpt lat="-40.665511" lon="-72.2591186">
        <ele>216.5</ele>
      </trkpt>
      <trkpt lat="-40.6650085" lon="-72.2584078">
        <ele>216.4</ele>
      </trkpt>
      <trkpt lat="-40.6646972" lon="-72.2579759">
        <ele>216.3</ele>
      </trkpt>
      <trkpt lat="-40.6645853" lon="-72.2578123">
        <ele>216.2</ele>
      </trkpt>
      <trkpt lat="-40.6644917" lon="-72.2576621">
        <ele>216.1</ele>
      </trkpt>
      <trkpt lat="-40.6644164" lon="-72.2575441">
        <ele>216</ele>
      </trkpt>
      <trkpt lat="-40.6643554" lon="-72.2574341">
        <ele>215.5</ele>
      </trkpt>
      <trkpt lat="-40.6642801" lon="-72.2572973">
        <ele>215</ele>
      </trkpt>
      <trkpt lat="-40.664213" lon="-72.2571686">
        <ele>214.8</ele>
      </trkpt>
      <trkpt lat="-40.6641153" lon="-72.2569755">
        <ele>214</ele>
      </trkpt>
      <trkpt lat="-40.6640217" lon="-72.2567743">
        <ele>213.2</ele>
      </trkpt>
      <trkpt lat="-40.6639322" lon="-72.2565731">
        <ele>212.8</ele>
      </trkpt>
      <trkpt lat="-40.6638569" lon="-72.2563827">
        <ele>212.2</ele>
      </trkpt>
      <trkpt lat="-40.6637674" lon="-72.2561467">
        <ele>211.8</ele>
      </trkpt>
      <trkpt lat="-40.663684" lon="-72.255908">
        <ele>211.5</ele>
      </trkpt>
      <trkpt lat="-40.6636087" lon="-72.25568">
        <ele>211.2</ele>
      </trkpt>
      <trkpt lat="-40.6635436" lon="-72.2554627">
        <ele>211.5</ele>
      </trkpt>
      <trkpt lat="-40.6634785" lon="-72.255232">
        <ele>212.2</ele>
      </trkpt>
      <trkpt lat="-40.6634276" lon="-72.2550389">
        <ele>212.4</ele>
      </trkpt>
      <trkpt lat="-40.6633828" lon="-72.2548512">
        <ele>212.5</ele>
      </trkpt>
      <trkpt lat="-40.6633442" lon="-72.2546607">
        <ele>212.7</ele>
      </trkpt>
      <trkpt lat="-40.6633015" lon="-72.2544301">
        <ele>212.8</ele>
      </trkpt>
      <trkpt lat="-40.6632608" lon="-72.2541779">
        <ele>213</ele>
      </trkpt>
      <trkpt lat="-40.6631611" lon="-72.2535288">
        <ele>213.5</ele>
      </trkpt>
      <trkpt lat="-40.6631346" lon="-72.2533652">
        <ele>214.2</ele>
      </trkpt>
      <trkpt lat="-40.6631122" lon="-72.2532445">
        <ele>214.5</ele>
      </trkpt>
      <trkpt lat="-40.6630899" lon="-72.253156">
        <ele>214.5</ele>
      </trkpt>
      <trkpt lat="-40.6630593" lon="-72.2530594">
        <ele>214.4</ele>
      </trkpt>
      <trkpt lat="-40.6630248" lon="-72.2529602">
        <ele>214.4</ele>
      </trkpt>
      <trkpt lat="-40.6629841" lon="-72.2528663">
        <ele>214.3</ele>
      </trkpt>
      <trkpt lat="-40.6629434" lon="-72.2527778">
        <ele>214.3</ele>
      </trkpt>
      <trkpt lat="-40.6629027" lon="-72.2527134">
        <ele>214.2</ele>
      </trkpt>
      <trkpt lat="-40.6628498" lon="-72.2526383">
        <ele>213.8</ele>
      </trkpt>
      <trkpt lat="-40.6627969" lon="-72.2525632">
        <ele>213.5</ele>
      </trkpt>
      <trkpt lat="-40.6627318" lon="-72.2524908">
        <ele>213.2</ele>
      </trkpt>
      <trkpt lat="-40.6626606" lon="-72.2524211">
        <ele>212.8</ele>
      </trkpt>
      <trkpt lat="-40.6624632" lon="-72.2522306">
        <ele>212.9</ele>
      </trkpt>
      <trkpt lat="-40.661218" lon="-72.2510102">
        <ele>214</ele>
      </trkpt>
      <trkpt lat="-40.660512" lon="-72.250286">
        <ele>218.8</ele>
      </trkpt>
      <trkpt lat="-40.6602902" lon="-72.2500446">
        <ele>221</ele>
      </trkpt>
      <trkpt lat="-40.6602007" lon="-72.2499266">
        <ele>222.2</ele>
      </trkpt>
      <trkpt lat="-40.6601193" lon="-72.2498193">
        <ele>223.2</ele>
      </trkpt>
      <trkpt lat="-40.6600318" lon="-72.2496933">
        <ele>224.5</ele>
      </trkpt>
      <trkpt lat="-40.6599545" lon="-72.2495672">
        <ele>226</ele>
      </trkpt>
      <trkpt lat="-40.6598446" lon="-72.2493875">
        <ele>228.2</ele>
      </trkpt>
      <trkpt lat="-40.6596818" lon="-72.2490925">
        <ele>231.5</ele>
      </trkpt>
      <trkpt lat="-40.6595679" lon="-72.2488752">
        <ele>234</ele>
      </trkpt>
      <trkpt lat="-40.6594906" lon="-72.2487089">
        <ele>235</ele>
      </trkpt>
      <trkpt lat="-40.659399" lon="-72.2484916">
        <ele>236.2</ele>
      </trkpt>
      <trkpt lat="-40.6593217" lon="-72.2482905">
        <ele>237.2</ele>
      </trkpt>
      <trkpt lat="-40.6587296" lon="-72.2466329">
        <ele>240.8</ele>
      </trkpt>
      <trkpt lat="-40.6586156" lon="-72.2463405">
        <ele>240.6</ele>
      </trkpt>
      <trkpt lat="-40.6584935" lon="-72.2460535">
        <ele>240.5</ele>
      </trkpt>
      <trkpt lat="-40.6583613" lon="-72.2457746">
        <ele>240</ele>
      </trkpt>
      <trkpt lat="-40.6582392" lon="-72.2455332">
        <ele>239.5</ele>
      </trkpt>
      <trkpt lat="-40.658109" lon="-72.2452971">
        <ele>239</ele>
      </trkpt>
      <trkpt lat="-40.6579747" lon="-72.2450665">
        <ele>239.5</ele>
      </trkpt>
      <trkpt lat="-40.6557995" lon="-72.2414723">
        <ele>244.8</ele>
      </trkpt>
      <trkpt lat="-40.6556632" lon="-72.2412524">
        <ele>245</ele>
      </trkpt>
      <trkpt lat="-40.6555329" lon="-72.2410271">
        <ele>245.5</ele>
      </trkpt>
      <trkpt lat="-40.6554088" lon="-72.2407937">
        <ele>246</ele>
      </trkpt>
      <trkpt lat="-40.6552949" lon="-72.2405523">
        <ele>247.8</ele>
      </trkpt>
      <trkpt lat="-40.655187" lon="-72.2403055">
        <ele>248.5</ele>
      </trkpt>
      <trkpt lat="-40.6550914" lon="-72.2400695">
        <ele>249.5</ele>
      </trkpt>
      <trkpt lat="-40.6550039" lon="-72.2398308">
        <ele>249.8</ele>
      </trkpt>
      <trkpt lat="-40.6549245" lon="-72.2395867">
        <ele>249.4</ele>
      </trkpt>
      <trkpt lat="-40.6548513" lon="-72.2393373">
        <ele>249</ele>
      </trkpt>
      <trkpt lat="-40.6547861" lon="-72.2390851">
        <ele>248</ele>
      </trkpt>
      <trkpt lat="-40.6547292" lon="-72.2388303">
        <ele>247.9</ele>
      </trkpt>
      <trkpt lat="-40.6546783" lon="-72.2385728">
        <ele>247.8</ele>
      </trkpt>
      <trkpt lat="-40.6546356" lon="-72.23831">
        <ele>247.5</ele>
      </trkpt>
      <trkpt lat="-40.654135" lon="-72.2339997">
        <ele>249.8</ele>
      </trkpt>
      <trkpt lat="-40.6540251" lon="-72.2330663">
        <ele>249.9</ele>
      </trkpt>
      <trkpt lat="-40.6539966" lon="-72.2328168">
        <ele>249.9</ele>
      </trkpt>
      <trkpt lat="-40.6539763" lon="-72.232562">
        <ele>250</ele>
      </trkpt>
      <trkpt lat="-40.653962" lon="-72.2323099">
        <ele>250</ele>
      </trkpt>
      <trkpt lat="-40.6539559" lon="-72.2320551">
        <ele>250.8</ele>
      </trkpt>
      <trkpt lat="-40.6539559" lon="-72.2318029">
        <ele>251.8</ele>
      </trkpt>
      <trkpt lat="-40.6539641" lon="-72.2315481">
        <ele>252.8</ele>
      </trkpt>
      <trkpt lat="-40.6539803" lon="-72.231296">
        <ele>253.5</ele>
      </trkpt>
      <trkpt lat="-40.6540027" lon="-72.2310358">
        <ele>253.8</ele>
      </trkpt>
      <trkpt lat="-40.6540332" lon="-72.2307757">
        <ele>254.8</ele>
      </trkpt>
      <trkpt lat="-40.6540719" lon="-72.2305208">
        <ele>255</ele>
      </trkpt>
      <trkpt lat="-40.6544585" lon="-72.2286138">
        <ele>259.2</ele>
      </trkpt>
      <trkpt lat="-40.6552033" lon="-72.2252771">
        <ele>259</ele>
      </trkpt>
      <trkpt lat="-40.6553742" lon="-72.2243947">
        <ele>259.5</ele>
      </trkpt>
      <trkpt lat="-40.6553905" lon="-72.2243115">
        <ele>259.5</ele>
      </trkpt>
      <trkpt lat="-40.6554373" lon="-72.2239682">
        <ele>259.6</ele>
      </trkpt>
      <trkpt lat="-40.655478" lon="-72.2236222">
        <ele>259.8</ele>
      </trkpt>
      <trkpt lat="-40.6555105" lon="-72.2232762">
        <ele>260</ele>
      </trkpt>
      <trkpt lat="-40.655535" lon="-72.2229221">
        <ele>260.2</ele>
      </trkpt>
      <trkpt lat="-40.6555492" lon="-72.2225681">
        <ele>260.8</ele>
      </trkpt>
      <trkpt lat="-40.6555553" lon="-72.222214">
        <ele>262.8</ele>
      </trkpt>
      <trkpt lat="-40.6555614" lon="-72.2123328">
        <ele>290.8</ele>
      </trkpt>
      <trkpt lat="-40.6555553" lon="-72.2023872">
        <ele>329</ele>
      </trkpt>
      <trkpt lat="-40.6556041" lon="-72.1917066">
        <ele>341.2</ele>
      </trkpt>
      <trkpt lat="-40.6556001" lon="-72.1891558">
        <ele>345</ele>
      </trkpt>
      <trkpt lat="-40.655598" lon="-72.1884558">
        <ele>346</ele>
      </trkpt>
      <trkpt lat="-40.6556021" lon="-72.1882787">
        <ele>346.3</ele>
      </trkpt>
      <trkpt lat="-40.6556143" lon="-72.1881044">
        <ele>346.5</ele>
      </trkpt>
      <trkpt lat="-40.6556367" lon="-72.18793">
        <ele>346.8</ele>
      </trkpt>
      <trkpt lat="-40.6556672" lon="-72.1877584">
        <ele>347</ele>
      </trkpt>
      <trkpt lat="-40.6557059" lon="-72.1875867">
        <ele>346.9</ele>
      </trkpt>
      <trkpt lat="-40.6557283" lon="-72.1875036">
        <ele>346.9</ele>
      </trkpt>
      <trkpt lat="-40.6557527" lon="-72.1874204">
        <ele>346.9</ele>
      </trkpt>
      <trkpt lat="-40.6557954" lon="-72.1873051">
        <ele>346.8</ele>
      </trkpt>
      <trkpt lat="-40.6558402" lon="-72.1871898">
        <ele>346.8</ele>
      </trkpt>
      <trkpt lat="-40.6558911" lon="-72.1870771">
        <ele>346.8</ele>
      </trkpt>
      <trkpt lat="-40.655946" lon="-72.1869698">
        <ele>346.5</ele>
      </trkpt>
      <trkpt lat="-40.6560213" lon="-72.1868357">
        <ele>346</ele>
      </trkpt>
      <trkpt lat="-40.6561047" lon="-72.1867096">
        <ele>345.8</ele>
      </trkpt>
      <trkpt lat="-40.6561942" lon="-72.1865889">
        <ele>345.2</ele>
      </trkpt>
      <trkpt lat="-40.6562899" lon="-72.1864736">
        <ele>344.8</ele>
      </trkpt>
      <trkpt lat="-40.6564201" lon="-72.1863341">
        <ele>344.5</ele>
      </trkpt>
      <trkpt lat="-40.6573887" lon="-72.1853337">
        <ele>346.8</ele>
      </trkpt>
      <trkpt lat="-40.6583328" lon="-72.1843734">
        <ele>351</ele>
      </trkpt>
      <trkpt lat="-40.6593522" lon="-72.1833193">
        <ele>354.8</ele>
      </trkpt>
      <trkpt lat="-40.6600338" lon="-72.1825978">
        <ele>355.5</ele>
      </trkpt>
      <trkpt lat="-40.6603207" lon="-72.1822813">
        <ele>355.9</ele>
      </trkpt>
      <trkpt lat="-40.6604245" lon="-72.1821767">
        <ele>356</ele>
      </trkpt>
      <trkpt lat="-40.6605303" lon="-72.1820748">
        <ele>356.2</ele>
      </trkpt>
      <trkpt lat="-40.6606381" lon="-72.1819782">
        <ele>356.1</ele>
      </trkpt>
      <trkpt lat="-40.66075" lon="-72.1818843">
        <ele>356</ele>
      </trkpt>
      <trkpt lat="-40.6611326" lon="-72.1816161">
        <ele>355.5</ele>
      </trkpt>
      <trkpt lat="-40.6615171" lon="-72.1813533">
        <ele>352.2</ele>
      </trkpt>
      <trkpt lat="-40.6619057" lon="-72.1811011">
        <ele>348</ele>
      </trkpt>
      <trkpt lat="-40.6622292" lon="-72.1809027">
        <ele>343.8</ele>
      </trkpt>
      <trkpt lat="-40.6625568" lon="-72.1807095">
        <ele>340.2</ele>
      </trkpt>
      <trkpt lat="-40.663861" lon="-72.1799263">
        <ele>336.8</ele>
      </trkpt>
      <trkpt lat="-40.6645568" lon="-72.179473">
        <ele>335</ele>
      </trkpt>
      <trkpt lat="-40.6669128" lon="-72.1779469">
        <ele>347</ele>
      </trkpt>
      <trkpt lat="-40.6670267" lon="-72.1778744">
        <ele>347.5</ele>
      </trkpt>
      <trkpt lat="-40.6671386" lon="-72.177794">
        <ele>348</ele>
      </trkpt>
      <trkpt lat="-40.6672444" lon="-72.1777028">
        <ele>348.5</ele>
      </trkpt>
      <trkpt lat="-40.6673461" lon="-72.1776009">
        <ele>349.2</ele>
      </trkpt>
      <trkpt lat="-40.6674417" lon="-72.1774909">
        <ele>350</ele>
      </trkpt>
      <trkpt lat="-40.6675333" lon="-72.1773756">
        <ele>350.5</ele>
      </trkpt>
      <trkpt lat="-40.6676147" lon="-72.1772522">
        <ele>350.8</ele>
      </trkpt>
      <trkpt lat="-40.6676899" lon="-72.1771207">
        <ele>351.2</ele>
      </trkpt>
      <trkpt lat="-40.6677591" lon="-72.1769866">
        <ele>352</ele>
      </trkpt>
      <trkpt lat="-40.6678201" lon="-72.1768445">
        <ele>352.5</ele>
      </trkpt>
      <trkpt lat="-40.6678751" lon="-72.176697">
        <ele>352.8</ele>
      </trkpt>
      <trkpt lat="-40.6679219" lon="-72.1765468">
        <ele>352.9</ele>
      </trkpt>
      <trkpt lat="-40.6679748" lon="-72.1763483">
        <ele>353</ele>
      </trkpt>
      <trkpt lat="-40.6680195" lon="-72.1761498">
        <ele>353.2</ele>
      </trkpt>
      <trkpt lat="-40.6680561" lon="-72.1759459">
        <ele>353.2</ele>
      </trkpt>
      <trkpt lat="-40.6683104" lon="-72.1742347">
        <ele>353</ele>
      </trkpt>
      <trkpt lat="-40.6683735" lon="-72.1738163">
        <ele>353</ele>
      </trkpt>
      <trkpt lat="-40.6686075" lon="-72.1722203">
        <ele>361</ele>
      </trkpt>
      <trkpt lat="-40.6689859" lon="-72.1694067">
        <ele>385.8</ele>
      </trkpt>
      <trkpt lat="-40.6689981" lon="-72.1693021">
        <ele>386.2</ele>
      </trkpt>
      <trkpt lat="-40.6690001" lon="-72.1691948">
        <ele>386.8</ele>
      </trkpt>
      <trkpt lat="-40.6689961" lon="-72.1690875">
        <ele>387.2</ele>
      </trkpt>
      <trkpt lat="-40.6689818" lon="-72.1689829">
        <ele>387.8</ele>
      </trkpt>
      <trkpt lat="-40.6689615" lon="-72.1688783">
        <ele>388.5</ele>
      </trkpt>
      <trkpt lat="-40.6689289" lon="-72.1687764">
        <ele>389.5</ele>
      </trkpt>
      <trkpt lat="-40.6688903" lon="-72.1686772">
        <ele>390.8</ele>
      </trkpt>
      <trkpt lat="-40.6688435" lon="-72.1685833">
        <ele>392</ele>
      </trkpt>
      <trkpt lat="-40.6687885" lon="-72.1684974">
        <ele>393.2</ele>
      </trkpt>
      <trkpt lat="-40.6687275" lon="-72.1684223">
        <ele>394.8</ele>
      </trkpt>
      <trkpt lat="-40.6686665" lon="-72.1683553">
        <ele>396.2</ele>
      </trkpt>
      <trkpt lat="-40.6685993" lon="-72.1683016">
        <ele>397.8</ele>
      </trkpt>
      <trkpt lat="-40.6685281" lon="-72.1682534">
        <ele>399.2</ele>
      </trkpt>
      <trkpt lat="-40.6684549" lon="-72.1682185">
        <ele>400.5</ele>
      </trkpt>
      <trkpt lat="-40.6683776" lon="-72.1681917">
        <ele>401.8</ele>
      </trkpt>
      <trkpt lat="-40.6682982" lon="-72.1681756">
        <ele>402.8</ele>
      </trkpt>
      <trkpt lat="-40.6682189" lon="-72.1681702">
        <ele>403.5</ele>
      </trkpt>
      <trkpt lat="-40.6677388" lon="-72.1681675">
        <ele>407.8</ele>
      </trkpt>
      <trkpt lat="-40.6660583" lon="-72.1682373">
        <ele>413.8</ele>
      </trkpt>
      <trkpt lat="-40.6653503" lon="-72.1682775">
        <ele>413.5</ele>
      </trkpt>
      <trkpt lat="-40.6652669" lon="-72.1682829">
        <ele>413.2</ele>
      </trkpt>
      <trkpt lat="-40.6651834" lon="-72.1682775">
        <ele>413.4</ele>
      </trkpt>
      <trkpt lat="-40.6651" lon="-72.1682614">
        <ele>413.5</ele>
      </trkpt>
      <trkpt lat="-40.6650186" lon="-72.1682373">
        <ele>413.8</ele>
      </trkpt>
      <trkpt lat="-40.6649393" lon="-72.1681997">
        <ele>414.2</ele>
      </trkpt>
      <trkpt lat="-40.6648599" lon="-72.1681514">
        <ele>415</ele>
      </trkpt>
      <trkpt lat="-40.6647826" lon="-72.1680924">
        <ele>416.2</ele>
      </trkpt>
      <trkpt lat="-40.6647094" lon="-72.1680254">
        <ele>417.8</ele>
      </trkpt>
      <trkpt lat="-40.6646748" lon="-72.1679851">
        <ele>418.5</ele>
      </trkpt>
      <trkpt lat="-40.6646443" lon="-72.1679449">
        <ele>419.2</ele>
      </trkpt>
      <trkpt lat="-40.6645853" lon="-72.1678618">
        <ele>420.8</ele>
      </trkpt>
      <trkpt lat="-40.6645324" lon="-72.1677706">
        <ele>422.5</ele>
      </trkpt>
      <trkpt lat="-40.6644897" lon="-72.167674">
        <ele>424.2</ele>
      </trkpt>
      <trkpt lat="-40.664453" lon="-72.1675694">
        <ele>426</ele>
      </trkpt>
      <trkpt lat="-40.6644246" lon="-72.1674621">
        <ele>427.8</ele>
      </trkpt>
      <trkpt lat="-40.6644042" lon="-72.1673521">
        <ele>429.2</ele>
      </trkpt>
      <trkpt lat="-40.664392" lon="-72.1672368">
        <ele>430.5</ele>
      </trkpt>
      <trkpt lat="-40.6643798" lon="-72.1670276">
        <ele>432.2</ele>
      </trkpt>
      <trkpt lat="-40.6643737" lon="-72.1668184">
        <ele>433.5</ele>
      </trkpt>
      <trkpt lat="-40.6643676" lon="-72.1658474">
        <ele>438</ele>
      </trkpt>
      <trkpt lat="-40.6642964" lon="-72.1614674">
        <ele>448.8</ele>
      </trkpt>
      <trkpt lat="-40.6642455" lon="-72.1572992">
        <ele>447.5</ele>
      </trkpt>
      <trkpt lat="-40.6641784" lon="-72.1549442">
        <ele>442.8</ele>
      </trkpt>
      <trkpt lat="-40.6641682" lon="-72.154794">
        <ele>441.2</ele>
      </trkpt>
      <trkpt lat="-40.6641499" lon="-72.1546465">
        <ele>439.8</ele>
      </trkpt>
      <trkpt lat="-40.6641255" lon="-72.1545017">
        <ele>438.8</ele>
      </trkpt>
      <trkpt lat="-40.6640929" lon="-72.1543595">
        <ele>437.8</ele>
      </trkpt>
      <trkpt lat="-40.6640563" lon="-72.15422">
        <ele>437</ele>
      </trkpt>
      <trkpt lat="-40.6640115" lon="-72.1540886">
        <ele>436.2</ele>
      </trkpt>
      <trkpt lat="-40.6639647" lon="-72.1539626">
        <ele>435.8</ele>
      </trkpt>
      <trkpt lat="-40.6639098" lon="-72.1538392">
        <ele>435.5</ele>
      </trkpt>
      <trkpt lat="-40.6638488" lon="-72.1537238">
        <ele>435.8</ele>
      </trkpt>
      <trkpt lat="-40.6637857" lon="-72.1536085">
        <ele>436</ele>
      </trkpt>
      <trkpt lat="-40.6637084" lon="-72.1534905">
        <ele>435.9</ele>
      </trkpt>
      <trkpt lat="-40.663625" lon="-72.1533778">
        <ele>435.7</ele>
      </trkpt>
      <trkpt lat="-40.6635395" lon="-72.1532732">
        <ele>435.6</ele>
      </trkpt>
      <trkpt lat="-40.663448" lon="-72.153174">
        <ele>435.4</ele>
      </trkpt>
      <trkpt lat="-40.6633503" lon="-72.1530855">
        <ele>435.3</ele>
      </trkpt>
      <trkpt lat="-40.6624164" lon="-72.1523479">
        <ele>432.7</ele>
      </trkpt>
      <trkpt lat="-40.6621438" lon="-72.1521387">
        <ele>432</ele>
      </trkpt>
      <trkpt lat="-40.6620705" lon="-72.152077">
        <ele>431.2</ele>
      </trkpt>
      <trkpt lat="-40.6619993" lon="-72.1520126">
        <ele>430.5</ele>
      </trkpt>
      <trkpt lat="-40.6619322" lon="-72.1519402">
        <ele>429.8</ele>
      </trkpt>
      <trkpt lat="-40.6618589" lon="-72.1518463">
        <ele>429</ele>
      </trkpt>
      <trkpt lat="-40.6617918" lon="-72.151747">
        <ele>428.5</ele>
      </trkpt>
      <trkpt lat="-40.6617511" lon="-72.1516719">
        <ele>428.2</ele>
      </trkpt>
      <trkpt lat="-40.6617145" lon="-72.1515888">
        <ele>428</ele>
      </trkpt>
      <trkpt lat="-40.6616819" lon="-72.1515056">
        <ele>427.8</ele>
      </trkpt>
      <trkpt lat="-40.6616555" lon="-72.1514171">
        <ele>427.5</ele>
      </trkpt>
      <trkpt lat="-40.661629" lon="-72.1513098">
        <ele>427.2</ele>
      </trkpt>
      <trkpt lat="-40.6616107" lon="-72.1512026">
        <ele>427.5</ele>
      </trkpt>
      <trkpt lat="-40.6616005" lon="-72.1510899">
        <ele>427.8</ele>
      </trkpt>
      <trkpt lat="-40.6615985" lon="-72.1509799">
        <ele>428</ele>
      </trkpt>
      <trkpt lat="-40.6616209" lon="-72.1499687">
        <ele>432</ele>
      </trkpt>
      <trkpt lat="-40.6616371" lon="-72.1496898">
        <ele>433.2</ele>
      </trkpt>
      <trkpt lat="-40.6616575" lon="-72.1494108">
        <ele>433.5</ele>
      </trkpt>
      <trkpt lat="-40.6616758" lon="-72.1491909">
        <ele>433</ele>
      </trkpt>
      <trkpt lat="-40.6616982" lon="-72.1489736">
        <ele>432.5</ele>
      </trkpt>
      <trkpt lat="-40.6617145" lon="-72.1488637">
        <ele>432.2</ele>
      </trkpt>
      <trkpt lat="-40.6617348" lon="-72.1487537">
        <ele>432</ele>
      </trkpt>
      <trkpt lat="-40.6617613" lon="-72.1486464">
        <ele>431.8</ele>
      </trkpt>
      <trkpt lat="-40.6617938" lon="-72.1485257">
        <ele>431.5</ele>
      </trkpt>
      <trkpt lat="-40.6618325" lon="-72.148405">
        <ele>431.6</ele>
      </trkpt>
      <trkpt lat="-40.6618772" lon="-72.1482897">
        <ele>431.8</ele>
      </trkpt>
      <trkpt lat="-40.6619281" lon="-72.148177">
        <ele>432</ele>
      </trkpt>
      <trkpt lat="-40.6619932" lon="-72.148051">
        <ele>432.5</ele>
      </trkpt>
      <trkpt lat="-40.6620644" lon="-72.1479303">
        <ele>433.2</ele>
      </trkpt>
      <trkpt lat="-40.6621417" lon="-72.1478149">
        <ele>434</ele>
      </trkpt>
      <trkpt lat="-40.6622353" lon="-72.1476889">
        <ele>435</ele>
      </trkpt>
      <trkpt lat="-40.662331" lon="-72.1475628">
        <ele>436.2</ele>
      </trkpt>
      <trkpt lat="-40.6624307" lon="-72.1474448">
        <ele>437.8</ele>
      </trkpt>
      <trkpt lat="-40.6625141" lon="-72.1473482">
        <ele>439</ele>
      </trkpt>
      <trkpt lat="-40.6625975" lon="-72.1472543">
        <ele>440.2</ele>
      </trkpt>
      <trkpt lat="-40.6626992" lon="-72.1471524">
        <ele>441.8</ele>
      </trkpt>
      <trkpt lat="-40.66286" lon="-72.1470049">
        <ele>444</ele>
      </trkpt>
      <trkpt lat="-40.663155" lon="-72.1467581">
        <ele>447.8</ele>
      </trkpt>
      <trkpt lat="-40.6632241" lon="-72.1466991">
        <ele>448.5</ele>
      </trkpt>
      <trkpt lat="-40.6632893" lon="-72.1466321">
        <ele>449</ele>
      </trkpt>
      <trkpt lat="-40.6633503" lon="-72.1465597">
        <ele>449.2</ele>
      </trkpt>
      <trkpt lat="-40.6634134" lon="-72.1464685">
        <ele>449.5</ele>
      </trkpt>
      <trkpt lat="-40.6634683" lon="-72.1463719">
        <ele>449.8</ele>
      </trkpt>
      <trkpt lat="-40.6635151" lon="-72.14627">
        <ele>449.6</ele>
      </trkpt>
      <trkpt lat="-40.6635558" lon="-72.14616">
        <ele>449.5</ele>
      </trkpt>
      <trkpt lat="-40.6635761" lon="-72.1460688">
        <ele>449.2</ele>
      </trkpt>
      <trkpt lat="-40.6635904" lon="-72.1459749">
        <ele>449.5</ele>
      </trkpt>
      <trkpt lat="-40.6636026" lon="-72.1458811">
        <ele>449.8</ele>
      </trkpt>
      <trkpt lat="-40.6636107" lon="-72.1457496">
        <ele>450</ele>
      </trkpt>
      <trkpt lat="-40.6636128" lon="-72.1456182">
        <ele>450.4</ele>
      </trkpt>
      <trkpt lat="-40.6635965" lon="-72.1454707">
        <ele>450.8</ele>
      </trkpt>
      <trkpt lat="-40.6634846" lon="-72.1445158">
        <ele>453.5</ele>
      </trkpt>
      <trkpt lat="-40.663155" lon="-72.1416351">
        <ele>458.5</ele>
      </trkpt>
      <trkpt lat="-40.6626789" lon="-72.1373489">
        <ele>459</ele>
      </trkpt>
      <trkpt lat="-40.6621621" lon="-72.1328723">
        <ele>463.5</ele>
      </trkpt>
      <trkpt lat="-40.6620848" lon="-72.1321642">
        <ele>462</ele>
      </trkpt>
      <trkpt lat="-40.661979" lon="-72.131153">
        <ele>459.5</ele>
      </trkpt>
      <trkpt lat="-40.6618121" lon="-72.1294606">
        <ele>448</ele>
      </trkpt>
      <trkpt lat="-40.6618243" lon="-72.1293908">
        <ele>447.8</ele>
      </trkpt>
      <trkpt lat="-40.6618264" lon="-72.1293184">
        <ele>447.5</ele>
      </trkpt>
      <trkpt lat="-40.6618162" lon="-72.1291816">
        <ele>447</ele>
      </trkpt>
      <trkpt lat="-40.6617999" lon="-72.1291173">
        <ele>446.8</ele>
      </trkpt>
      <trkpt lat="-40.6617755" lon="-72.1290556">
        <ele>447</ele>
      </trkpt>
      <trkpt lat="-40.6617023" lon="-72.1282858">
        <ele>445.4</ele>
      </trkpt>
      <trkpt lat="-40.661631" lon="-72.1275669">
        <ele>444</ele>
      </trkpt>
      <trkpt lat="-40.6616209" lon="-72.1274382">
        <ele>444</ele>
      </trkpt>
      <trkpt lat="-40.6617735" lon="-72.1271217">
        <ele>445</ele>
      </trkpt>
      <trkpt lat="-40.6617857" lon="-72.1270949">
        <ele>445</ele>
      </trkpt>
      <trkpt lat="-40.6617938" lon="-72.127068">
        <ele>445</ele>
      </trkpt>
      <trkpt lat="-40.6617999" lon="-72.1270332">
        <ele>445</ele>
      </trkpt>
      <trkpt lat="-40.6617999" lon="-72.1269983">
        <ele>445</ele>
      </trkpt>
      <trkpt lat="-40.6617979" lon="-72.126942">
        <ele>445</ele>
      </trkpt>
      <trkpt lat="-40.6617328" lon="-72.1263251">
        <ele>445</ele>
      </trkpt>
      <trkpt lat="-40.6616677" lon="-72.1258181">
        <ele>445.2</ele>
      </trkpt>
      <trkpt lat="-40.6616453" lon="-72.1257055">
        <ele>445.2</ele>
      </trkpt>
      <trkpt lat="-40.6616148" lon="-72.1255901">
        <ele>445.2</ele>
      </trkpt>
      <trkpt lat="-40.6615863" lon="-72.125507">
        <ele>445.5</ele>
      </trkpt>
      <trkpt lat="-40.6615558" lon="-72.1254238">
        <ele>445.8</ele>
      </trkpt>
      <trkpt lat="-40.6615415" lon="-72.1253917">
        <ele>445.7</ele>
      </trkpt>
      <trkpt lat="-40.6615212" lon="-72.1253407">
        <ele>445.7</ele>
      </trkpt>
      <trkpt lat="-40.6614459" lon="-72.1251664">
        <ele>445.5</ele>
      </trkpt>
      <trkpt lat="-40.6613747" lon="-72.1249866">
        <ele>445.2</ele>
      </trkpt>
      <trkpt lat="-40.6613279" lon="-72.1248338">
        <ele>444.8</ele>
      </trkpt>
      <trkpt lat="-40.661275" lon="-72.124646">
        <ele>444.5</ele>
      </trkpt>
      <trkpt lat="-40.6612628" lon="-72.124595">
        <ele>444.6</ele>
      </trkpt>
      <trkpt lat="-40.6612343" lon="-72.1244797">
        <ele>444.8</ele>
      </trkpt>
      <trkpt lat="-40.66122" lon="-72.1244261">
        <ele>445</ele>
      </trkpt>
      <trkpt lat="-40.6612017" lon="-72.1243697">
        <ele>445.2</ele>
      </trkpt>
      <trkpt lat="-40.6611814" lon="-72.1243188">
        <ele>445.6</ele>
      </trkpt>
      <trkpt lat="-40.661157" lon="-72.1242678">
        <ele>446</ele>
      </trkpt>
      <trkpt lat="-40.6611122" lon="-72.1241015">
        <ele>446.5</ele>
      </trkpt>
      <trkpt lat="-40.6610593" lon="-72.1239379">
        <ele>447.5</ele>
      </trkpt>
      <trkpt lat="-40.6610003" lon="-72.123777">
        <ele>448.2</ele>
      </trkpt>
      <trkpt lat="-40.6609291" lon="-72.123608">
        <ele>449.5</ele>
      </trkpt>
      <trkpt lat="-40.6608518" lon="-72.1234417">
        <ele>451</ele>
      </trkpt>
      <trkpt lat="-40.6607663" lon="-72.1232808">
        <ele>452</ele>
      </trkpt>
      <trkpt lat="-40.6606625" lon="-72.1230984">
        <ele>453.8</ele>
      </trkpt>
      <trkpt lat="-40.6605506" lon="-72.122924">
        <ele>454.8</ele>
      </trkpt>
      <trkpt lat="-40.6604306" lon="-72.1227577">
        <ele>455</ele>
      </trkpt>
      <trkpt lat="-40.6592627" lon="-72.1211752">
        <ele>447.8</ele>
      </trkpt>
      <trkpt lat="-40.6591691" lon="-72.1210384">
        <ele>447.2</ele>
      </trkpt>
      <trkpt lat="-40.6590775" lon="-72.1208963">
        <ele>446.5</ele>
      </trkpt>
      <trkpt lat="-40.6589778" lon="-72.1207246">
        <ele>445.8</ele>
      </trkpt>
      <trkpt lat="-40.6588842" lon="-72.1205503">
        <ele>445.5</ele>
      </trkpt>
      <trkpt lat="-40.6587825" lon="-72.1203277">
        <ele>446.5</ele>
      </trkpt>
      <trkpt lat="-40.6587072" lon="-72.1201399">
        <ele>447.2</ele>
      </trkpt>
      <trkpt lat="-40.658636" lon="-72.1199495">
        <ele>447.5</ele>
      </trkpt>
      <trkpt lat="-40.6585709" lon="-72.1197537">
        <ele>447.8</ele>
      </trkpt>
      <trkpt lat="-40.6585119" lon="-72.1195552">
        <ele>448.5</ele>
      </trkpt>
      <trkpt lat="-40.6582026" lon="-72.1185333">
        <ele>451.2</ele>
      </trkpt>
      <trkpt lat="-40.6580764" lon="-72.1181229">
        <ele>452.5</ele>
      </trkpt>
      <trkpt lat="-40.6579523" lon="-72.1177152">
        <ele>453.5</ele>
      </trkpt>
      <trkpt lat="-40.6577631" lon="-72.1170607">
        <ele>456.5</ele>
      </trkpt>
      <trkpt lat="-40.6575779" lon="-72.1164036">
        <ele>458.2</ele>
      </trkpt>
      <trkpt lat="-40.6575311" lon="-72.1162319">
        <ele>457.8</ele>
      </trkpt>
      <trkpt lat="-40.6574904" lon="-72.1160576">
        <ele>457</ele>
      </trkpt>
      <trkpt lat="-40.6574558" lon="-72.1158832">
        <ele>456.5</ele>
      </trkpt>
      <trkpt lat="-40.6574294" lon="-72.1156928">
        <ele>455.8</ele>
      </trkpt>
      <trkpt lat="-40.6574131" lon="-72.1155426">
        <ele>454.8</ele>
      </trkpt>
      <trkpt lat="-40.6574029" lon="-72.1153173">
        <ele>453.8</ele>
      </trkpt>
      <trkpt lat="-40.6573988" lon="-72.1151483">
        <ele>453</ele>
      </trkpt>
      <trkpt lat="-40.6574049" lon="-72.1149579">
        <ele>452</ele>
      </trkpt>
      <trkpt lat="-40.6574192" lon="-72.1147567">
        <ele>451.5</ele>
      </trkpt>
      <trkpt lat="-40.6574436" lon="-72.1145663">
        <ele>451.2</ele>
      </trkpt>
      <trkpt lat="-40.6574843" lon="-72.1143544">
        <ele>450.5</ele>
      </trkpt>
      <trkpt lat="-40.6575392" lon="-72.1141183">
        <ele>450.8</ele>
      </trkpt>
      <trkpt lat="-40.6577305" lon="-72.11348">
        <ele>451.5</ele>
      </trkpt>
      <trkpt lat="-40.6583491" lon="-72.1117365">
        <ele>451.2</ele>
      </trkpt>
      <trkpt lat="-40.6593034" lon="-72.1092206">
        <ele>455.2</ele>
      </trkpt>
      <trkpt lat="-40.6593664" lon="-72.1090141">
        <ele>457</ele>
      </trkpt>
      <trkpt lat="-40.6594214" lon="-72.1088076">
        <ele>459.5</ele>
      </trkpt>
      <trkpt lat="-40.6594682" lon="-72.108593">
        <ele>461.8</ele>
      </trkpt>
      <trkpt lat="-40.6595048" lon="-72.1083784">
        <ele>464.2</ele>
      </trkpt>
      <trkpt lat="-40.6595333" lon="-72.1081612">
        <ele>467</ele>
      </trkpt>
      <trkpt lat="-40.6595496" lon="-72.1079895">
        <ele>469.2</ele>
      </trkpt>
      <trkpt lat="-40.6595597" lon="-72.1078151">
        <ele>471.5</ele>
      </trkpt>
      <trkpt lat="-40.6595658" lon="-72.1076408">
        <ele>473.2</ele>
      </trkpt>
      <trkpt lat="-40.6595658" lon="-72.1074691">
        <ele>474.2</ele>
      </trkpt>
      <trkpt lat="-40.6595577" lon="-72.1065894">
        <ele>473.8</ele>
      </trkpt>
      <trkpt lat="-40.6595618" lon="-72.106415">
        <ele>472.8</ele>
      </trkpt>
      <trkpt lat="-40.6595719" lon="-72.1062997">
        <ele>472.2</ele>
      </trkpt>
      <trkpt lat="-40.6595862" lon="-72.1061522">
        <ele>471.5</ele>
      </trkpt>
      <trkpt lat="-40.6596147" lon="-72.1060181">
        <ele>471.2</ele>
      </trkpt>
      <trkpt lat="-40.6596513" lon="-72.1058786">
        <ele>471</ele>
      </trkpt>
      <trkpt lat="-40.659692" lon="-72.1057606">
        <ele>471.2</ele>
      </trkpt>
      <trkpt lat="-40.6597429" lon="-72.1056291">
        <ele>471.3</ele>
      </trkpt>
      <trkpt lat="-40.6598039" lon="-72.1055111">
        <ele>471.5</ele>
      </trkpt>
      <trkpt lat="-40.659867" lon="-72.1053904">
        <ele>472</ele>
      </trkpt>
      <trkpt lat="-40.6599484" lon="-72.1052751">
        <ele>472</ele>
      </trkpt>
      <trkpt lat="-40.6600257" lon="-72.1051732">
        <ele>473</ele>
      </trkpt>
      <trkpt lat="-40.6601681" lon="-72.1050149">
        <ele>475.2</ele>
      </trkpt>
      <trkpt lat="-40.6602515" lon="-72.1049184">
        <ele>476.8</ele>
      </trkpt>
      <trkpt lat="-40.6603126" lon="-72.1048352">
        <ele>478.2</ele>
      </trkpt>
      <trkpt lat="-40.6603736" lon="-72.1047306">
        <ele>479.5</ele>
      </trkpt>
      <trkpt lat="-40.660455" lon="-72.1045697">
        <ele>481.2</ele>
      </trkpt>
      <trkpt lat="-40.6605547" lon="-72.1043497">
        <ele>483</ele>
      </trkpt>
      <trkpt lat="-40.6608803" lon="-72.1036068">
        <ele>490.2</ele>
      </trkpt>
      <trkpt lat="-40.6610369" lon="-72.1032339">
        <ele>492</ele>
      </trkpt>
      <trkpt lat="-40.6610796" lon="-72.1031401">
        <ele>492.5</ele>
      </trkpt>
      <trkpt lat="-40.6611285" lon="-72.1030435">
        <ele>493.2</ele>
      </trkpt>
      <trkpt lat="-40.6611916" lon="-72.1029389">
        <ele>494</ele>
      </trkpt>
      <trkpt lat="-40.6612506" lon="-72.1028584">
        <ele>494.2</ele>
      </trkpt>
      <trkpt lat="-40.6613055" lon="-72.1027967">
        <ele>494.5</ele>
      </trkpt>
      <trkpt lat="-40.6613604" lon="-72.1027538">
        <ele>495</ele>
      </trkpt>
      <trkpt lat="-40.6614296" lon="-72.1027055">
        <ele>495.5</ele>
      </trkpt>
      <trkpt lat="-40.6615191" lon="-72.1026599">
        <ele>496.5</ele>
      </trkpt>
      <trkpt lat="-40.6616107" lon="-72.1026251">
        <ele>497.2</ele>
      </trkpt>
      <trkpt lat="-40.6616982" lon="-72.1025982">
        <ele>497.8</ele>
      </trkpt>
      <trkpt lat="-40.6617958" lon="-72.1025795">
        <ele>498.2</ele>
      </trkpt>
      <trkpt lat="-40.6618793" lon="-72.1025795">
        <ele>499</ele>
      </trkpt>
      <trkpt lat="-40.6619627" lon="-72.1025875">
        <ele>500</ele>
      </trkpt>
      <trkpt lat="-40.6620542" lon="-72.1026143">
        <ele>501.2</ele>
      </trkpt>
      <trkpt lat="-40.6621417" lon="-72.1026492">
        <ele>502.8</ele>
      </trkpt>
      <trkpt lat="-40.6622252" lon="-72.1027002">
        <ele>504.2</ele>
      </trkpt>
      <trkpt lat="-40.6623065" lon="-72.1027726">
        <ele>506</ele>
      </trkpt>
      <trkpt lat="-40.6623757" lon="-72.1028477">
        <ele>507.2</ele>
      </trkpt>
      <trkpt lat="-40.6624327" lon="-72.1029201">
        <ele>508.2</ele>
      </trkpt>
      <trkpt lat="-40.6624815" lon="-72.1029952">
        <ele>509.2</ele>
      </trkpt>
      <trkpt lat="-40.6625344" lon="-72.103081">
        <ele>510.2</ele>
      </trkpt>
      <trkpt lat="-40.6625792" lon="-72.1031749">
        <ele>511.2</ele>
      </trkpt>
      <trkpt lat="-40.6626178" lon="-72.1032822">
        <ele>512.5</ele>
      </trkpt>
      <trkpt lat="-40.6626585" lon="-72.1034163">
        <ele>513.8</ele>
      </trkpt>
      <trkpt lat="-40.6627338" lon="-72.1037328">
        <ele>517.2</ele>
      </trkpt>
      <trkpt lat="-40.6628355" lon="-72.1042022">
        <ele>520.2</ele>
      </trkpt>
      <trkpt lat="-40.6628681" lon="-72.1043283">
        <ele>521</ele>
      </trkpt>
      <trkpt lat="-40.6629006" lon="-72.1044329">
        <ele>522</ele>
      </trkpt>
      <trkpt lat="-40.6629434" lon="-72.1045536">
        <ele>523.2</ele>
      </trkpt>
      <trkpt lat="-40.6629922" lon="-72.1046582">
        <ele>524.5</ele>
      </trkpt>
      <trkpt lat="-40.6630492" lon="-72.1047521">
        <ele>525.8</ele>
      </trkpt>
      <trkpt lat="-40.6631" lon="-72.1048272">
        <ele>527</ele>
      </trkpt>
      <trkpt lat="-40.6631448" lon="-72.1048808">
        <ele>528.2</ele>
      </trkpt>
      <trkpt lat="-40.6632018" lon="-72.1049371">
        <ele>529.8</ele>
      </trkpt>
      <trkpt lat="-40.663334" lon="-72.1050471">
        <ele>533</ele>
      </trkpt>
      <trkpt lat="-40.663452" lon="-72.1051276">
        <ele>535.8</ele>
      </trkpt>
      <trkpt lat="-40.6635314" lon="-72.1051785">
        <ele>537.5</ele>
      </trkpt>
      <trkpt lat="-40.6636229" lon="-72.1052188">
        <ele>539.5</ele>
      </trkpt>
      <trkpt lat="-40.6637023" lon="-72.1052402">
        <ele>541</ele>
      </trkpt>
      <trkpt lat="-40.6637999" lon="-72.105251">
        <ele>542.8</ele>
      </trkpt>
      <trkpt lat="-40.6638935" lon="-72.1052402">
        <ele>544</ele>
      </trkpt>
      <trkpt lat="-40.6640034" lon="-72.1052054">
        <ele>545</ele>
      </trkpt>
      <trkpt lat="-40.6641173" lon="-72.1051463">
        <ele>545.8</ele>
      </trkpt>
      <trkpt lat="-40.6641885" lon="-72.1051034">
        <ele>546.2</ele>
      </trkpt>
      <trkpt lat="-40.6642781" lon="-72.105023">
        <ele>546.5</ele>
      </trkpt>
      <trkpt lat="-40.6643696" lon="-72.1049184">
        <ele>546.2</ele>
      </trkpt>
      <trkpt lat="-40.6645242" lon="-72.1047172">
        <ele>545.8</ele>
      </trkpt>
      <trkpt lat="-40.6646972" lon="-72.1044946">
        <ele>545.5</ele>
      </trkpt>
      <trkpt lat="-40.664923" lon="-72.1041968">
        <ele>545.8</ele>
      </trkpt>
      <trkpt lat="-40.6653238" lon="-72.1036229">
        <ele>546.3</ele>
      </trkpt>
      <trkpt lat="-40.6654968" lon="-72.1033868">
        <ele>546.5</ele>
      </trkpt>
      <trkpt lat="-40.6663228" lon="-72.1023193">
        <ele>555</ele>
      </trkpt>
      <trkpt lat="-40.6665811" lon="-72.1019733">
        <ele>560.5</ele>
      </trkpt>
      <trkpt lat="-40.6667236" lon="-72.1017694">
        <ele>563</ele>
      </trkpt>
      <trkpt lat="-40.6668253" lon="-72.1016085">
        <ele>564.8</ele>
      </trkpt>
      <trkpt lat="-40.6669148" lon="-72.1014342">
        <ele>566.5</ele>
      </trkpt>
      <trkpt lat="-40.6669738" lon="-72.101292">
        <ele>567.5</ele>
      </trkpt>
      <trkpt lat="-40.667045" lon="-72.1011016">
        <ele>569</ele>
      </trkpt>
      <trkpt lat="-40.6671081" lon="-72.1009031">
        <ele>570.2</ele>
      </trkpt>
      <trkpt lat="-40.6671671" lon="-72.1006939">
        <ele>571</ele>
      </trkpt>
      <trkpt lat="-40.6672261" lon="-72.1004605">
        <ele>572</ele>
      </trkpt>
      <trkpt lat="-40.6672749" lon="-72.1002111">
        <ele>571.8</ele>
      </trkpt>
      <trkpt lat="-40.6677001" lon="-72.0976469">
        <ele>581.5</ele>
      </trkpt>
      <trkpt lat="-40.6680948" lon="-72.0954823">
        <ele>594</ele>
      </trkpt>
      <trkpt lat="-40.6682128" lon="-72.0948011">
        <ele>595</ele>
      </trkpt>
      <trkpt lat="-40.6682881" lon="-72.0943987">
        <ele>595.8</ele>
      </trkpt>
      <trkpt lat="-40.6683654" lon="-72.0940447">
        <ele>597</ele>
      </trkpt>
      <trkpt lat="-40.668463" lon="-72.0936692">
        <ele>597.8</ele>
      </trkpt>
      <trkpt lat="-40.6685363" lon="-72.0934197">
        <ele>597.9</ele>
      </trkpt>
      <trkpt lat="-40.6686319" lon="-72.0931435">
        <ele>598</ele>
      </trkpt>
      <trkpt lat="-40.6693256" lon="-72.0910889">
        <ele>607</ele>
      </trkpt>
      <trkpt lat="-40.6700641" lon="-72.0888224">
        <ele>611</ele>
      </trkpt>
      <trkpt lat="-40.6724809" lon="-72.0815268">
        <ele>616.5</ele>
      </trkpt>
      <trkpt lat="-40.6725379" lon="-72.081331">
        <ele>615.8</ele>
      </trkpt>
      <trkpt lat="-40.6725826" lon="-72.0811594">
        <ele>615</ele>
      </trkpt>
      <trkpt lat="-40.6726193" lon="-72.0809904">
        <ele>614.2</ele>
      </trkpt>
      <trkpt lat="-40.6726498" lon="-72.0808053">
        <ele>613</ele>
      </trkpt>
      <trkpt lat="-40.6726721" lon="-72.0806175">
        <ele>611.8</ele>
      </trkpt>
      <trkpt lat="-40.6726884" lon="-72.0804217">
        <ele>610.5</ele>
      </trkpt>
      <trkpt lat="-40.6726966" lon="-72.0802394">
        <ele>609.8</ele>
      </trkpt>
      <trkpt lat="-40.6726966" lon="-72.0800811">
        <ele>609.2</ele>
      </trkpt>
      <trkpt lat="-40.6726945" lon="-72.0798907">
        <ele>608.5</ele>
      </trkpt>
      <trkpt lat="-40.6726742" lon="-72.0796493">
        <ele>607.8</ele>
      </trkpt>
      <trkpt lat="-40.6726538" lon="-72.0794535">
        <ele>607</ele>
      </trkpt>
      <trkpt lat="-40.6726172" lon="-72.0792094">
        <ele>606.5</ele>
      </trkpt>
      <trkpt lat="-40.6725684" lon="-72.0789224">
        <ele>606.9</ele>
      </trkpt>
      <trkpt lat="-40.6725175" lon="-72.0786273">
        <ele>607.2</ele>
      </trkpt>
      <trkpt lat="-40.6722063" lon="-72.0770019">
        <ele>621.5</ele>
      </trkpt>
      <trkpt lat="-40.6721717" lon="-72.0768061">
        <ele>623</ele>
      </trkpt>
      <trkpt lat="-40.6721473" lon="-72.0766318">
        <ele>624.5</ele>
      </trkpt>
      <trkpt lat="-40.6721331" lon="-72.0764574">
        <ele>625.5</ele>
      </trkpt>
      <trkpt lat="-40.672129" lon="-72.0762751">
        <ele>626.8</ele>
      </trkpt>
      <trkpt lat="-40.672131" lon="-72.0761114">
        <ele>628</ele>
      </trkpt>
      <trkpt lat="-40.6721392" lon="-72.0759585">
        <ele>628.8</ele>
      </trkpt>
      <trkpt lat="-40.6721615" lon="-72.0757815">
        <ele>629.2</ele>
      </trkpt>
      <trkpt lat="-40.6721982" lon="-72.0755669">
        <ele>630</ele>
      </trkpt>
      <trkpt lat="-40.6722368" lon="-72.0753926">
        <ele>629.9</ele>
      </trkpt>
      <trkpt lat="-40.6722856" lon="-72.0752102">
        <ele>629.8</ele>
      </trkpt>
      <trkpt lat="-40.6723283" lon="-72.0750546">
        <ele>629</ele>
      </trkpt>
      <trkpt lat="-40.6724016" lon="-72.0748615">
        <ele>628.8</ele>
      </trkpt>
      <trkpt lat="-40.6724748" lon="-72.0746872">
        <ele>629.2</ele>
      </trkpt>
      <trkpt lat="-40.6725643" lon="-72.0745102">
        <ele>629.5</ele>
      </trkpt>
      <trkpt lat="-40.6726823" lon="-72.0743224">
        <ele>629.8</ele>
      </trkpt>
      <trkpt lat="-40.6728084" lon="-72.0741534">
        <ele>630</ele>
      </trkpt>
      <trkpt lat="-40.6735815" lon="-72.073212">
        <ele>626.5</ele>
      </trkpt>
      <trkpt lat="-40.6737178" lon="-72.0730805">
        <ele>627</ele>
      </trkpt>
      <trkpt lat="-40.6738114" lon="-72.0730001">
        <ele>627.8</ele>
      </trkpt>
      <trkpt lat="-40.6739436" lon="-72.0729089">
        <ele>628.8</ele>
      </trkpt>
      <trkpt lat="-40.6740575" lon="-72.0728579">
        <ele>629.8</ele>
      </trkpt>
      <trkpt lat="-40.6742162" lon="-72.0728204">
        <ele>632</ele>
      </trkpt>
      <trkpt lat="-40.6749872" lon="-72.0726594">
        <ele>639.8</ele>
      </trkpt>
      <trkpt lat="-40.6751011" lon="-72.072638">
        <ele>641.2</ele>
      </trkpt>
      <trkpt lat="-40.6752048" lon="-72.0726138">
        <ele>642.8</ele>
      </trkpt>
      <trkpt lat="-40.6753045" lon="-72.072579">
        <ele>644</ele>
      </trkpt>
      <trkpt lat="-40.6753879" lon="-72.0725361">
        <ele>645.2</ele>
      </trkpt>
      <trkpt lat="-40.6754693" lon="-72.0724744">
        <ele>646.5</ele>
      </trkpt>
      <trkpt lat="-40.6755547" lon="-72.0724019">
        <ele>648</ele>
      </trkpt>
      <trkpt lat="-40.6756279" lon="-72.0723188">
        <ele>649</ele>
      </trkpt>
      <trkpt lat="-40.6756991" lon="-72.0722276">
        <ele>650</ele>
      </trkpt>
      <trkpt lat="-40.6757581" lon="-72.0721364">
        <ele>650.8</ele>
      </trkpt>
      <trkpt lat="-40.675809" lon="-72.0720398">
        <ele>651.2</ele>
      </trkpt>
      <trkpt lat="-40.6758741" lon="-72.071903">
        <ele>651.8</ele>
      </trkpt>
      <trkpt lat="-40.6759697" lon="-72.0716885">
        <ele>652.2</ele>
      </trkpt>
      <trkpt lat="-40.6762036" lon="-72.0711333">
        <ele>654.8</ele>
      </trkpt>
      <trkpt lat="-40.6762992" lon="-72.0708945">
        <ele>655.8</ele>
      </trkpt>
      <trkpt lat="-40.6763684" lon="-72.0707175">
        <ele>656.5</ele>
      </trkpt>
      <trkpt lat="-40.6764864" lon="-72.0703688">
        <ele>655.8</ele>
      </trkpt>
      <trkpt lat="-40.6765962" lon="-72.0700657">
        <ele>656</ele>
      </trkpt>
      <trkpt lat="-40.6766369" lon="-72.0699584">
        <ele>656.2</ele>
      </trkpt>
      <trkpt lat="-40.6766878" lon="-72.0698512">
        <ele>656.8</ele>
      </trkpt>
      <trkpt lat="-40.6767406" lon="-72.0697626">
        <ele>657.2</ele>
      </trkpt>
      <trkpt lat="-40.6768078" lon="-72.0696607">
        <ele>657.8</ele>
      </trkpt>
      <trkpt lat="-40.6769135" lon="-72.0695427">
        <ele>659.2</ele>
      </trkpt>
      <trkpt lat="-40.6770478" lon="-72.0694059">
        <ele>660.8</ele>
      </trkpt>
      <trkpt lat="-40.6773387" lon="-72.0691404">
        <ele>660</ele>
      </trkpt>
      <trkpt lat="-40.6774485" lon="-72.0690438">
        <ele>659.8</ele>
      </trkpt>
      <trkpt lat="-40.6775401" lon="-72.0689419">
        <ele>658</ele>
      </trkpt>
      <trkpt lat="-40.6776214" lon="-72.0688453">
        <ele>656.2</ele>
      </trkpt>
      <trkpt lat="-40.6777211" lon="-72.0687166">
        <ele>654</ele>
      </trkpt>
      <trkpt lat="-40.6778147" lon="-72.068561">
        <ele>651.8</ele>
      </trkpt>
      <trkpt lat="-40.6779917" lon="-72.0682284">
        <ele>650.2</ele>
      </trkpt>
      <trkpt lat="-40.6781951" lon="-72.0678368">
        <ele>651</ele>
      </trkpt>
      <trkpt lat="-40.6784107" lon="-72.0674559">
        <ele>653.8</ele>
      </trkpt>
      <trkpt lat="-40.6788968" lon="-72.0665655">
        <ele>658.2</ele>
      </trkpt>
      <trkpt lat="-40.6796454" lon="-72.0651251">
        <ele>658</ele>
      </trkpt>
      <trkpt lat="-40.6801885" lon="-72.0640925">
        <ele>661.8</ele>
      </trkpt>
      <trkpt lat="-40.6802454" lon="-72.0639583">
        <ele>662.2</ele>
      </trkpt>
      <trkpt lat="-40.6802902" lon="-72.0638376">
        <ele>662.8</ele>
      </trkpt>
      <trkpt lat="-40.6803207" lon="-72.0637089">
        <ele>663.5</ele>
      </trkpt>
      <trkpt lat="-40.680339" lon="-72.063607">
        <ele>664.2</ele>
      </trkpt>
      <trkpt lat="-40.6803533" lon="-72.0634729">
        <ele>665.2</ele>
      </trkpt>
      <trkpt lat="-40.6803594" lon="-72.0633441">
        <ele>666.2</ele>
      </trkpt>
      <trkpt lat="-40.6803573" lon="-72.0632422">
        <ele>667</ele>
      </trkpt>
      <trkpt lat="-40.6803451" lon="-72.0631376">
        <ele>667.8</ele>
      </trkpt>
      <trkpt lat="-40.6803207" lon="-72.0630196">
        <ele>668.8</ele>
      </trkpt>
      <trkpt lat="-40.6802841" lon="-72.0628989">
        <ele>670.2</ele>
      </trkpt>
      <trkpt lat="-40.6802332" lon="-72.0627809">
        <ele>672</ele>
      </trkpt>
      <trkpt lat="-40.6801641" lon="-72.0626414">
        <ele>674.5</ele>
      </trkpt>
      <trkpt lat="-40.6801112" lon="-72.0625663">
        <ele>676</ele>
      </trkpt>
      <trkpt lat="-40.6800502" lon="-72.0625019">
        <ele>677.5</ele>
      </trkpt>
      <trkpt lat="-40.679979" lon="-72.0624402">
        <ele>679</ele>
      </trkpt>
      <trkpt lat="-40.679863" lon="-72.0623624">
        <ele>681.2</ele>
      </trkpt>
      <trkpt lat="-40.6793566" lon="-72.0620754">
        <ele>688</ele>
      </trkpt>
      <trkpt lat="-40.679265" lon="-72.0620245">
        <ele>688.5</ele>
      </trkpt>
      <trkpt lat="-40.6792121" lon="-72.0619869">
        <ele>689</ele>
      </trkpt>
      <trkpt lat="-40.6791369" lon="-72.0619279">
        <ele>689.8</ele>
      </trkpt>
      <trkpt lat="-40.6790453" lon="-72.0618287">
        <ele>691.2</ele>
      </trkpt>
      <trkpt lat="-40.6789782" lon="-72.0617482">
        <ele>692</ele>
      </trkpt>
      <trkpt lat="-40.6788928" lon="-72.0616436">
        <ele>692.5</ele>
      </trkpt>
      <trkpt lat="-40.6788053" lon="-72.0615363">
        <ele>693</ele>
      </trkpt>
      <trkpt lat="-40.6787422" lon="-72.0614424">
        <ele>693</ele>
      </trkpt>
      <trkpt lat="-40.6784188" lon="-72.0609409">
        <ele>697.8</ele>
      </trkpt>
      <trkpt lat="-40.67837" lon="-72.0608792">
        <ele>698.2</ele>
      </trkpt>
      <trkpt lat="-40.6783212" lon="-72.0608175">
        <ele>699</ele>
      </trkpt>
      <trkpt lat="-40.6782337" lon="-72.0607692">
        <ele>699.8</ele>
      </trkpt>
      <trkpt lat="-40.6781361" lon="-72.0607316">
        <ele>701</ele>
      </trkpt>
      <trkpt lat="-40.6780608" lon="-72.0607182">
        <ele>702</ele>
      </trkpt>
      <trkpt lat="-40.6779774" lon="-72.0607209">
        <ele>703.2</ele>
      </trkpt>
      <trkpt lat="-40.6778838" lon="-72.060737">
        <ele>704.8</ele>
      </trkpt>
      <trkpt lat="-40.6777862" lon="-72.0607638">
        <ele>706.5</ele>
      </trkpt>
      <trkpt lat="-40.6777069" lon="-72.0608094">
        <ele>707.8</ele>
      </trkpt>
      <trkpt lat="-40.6776418" lon="-72.0608604">
        <ele>708.5</ele>
      </trkpt>
      <trkpt lat="-40.6775808" lon="-72.0609275">
        <ele>709</ele>
      </trkpt>
      <trkpt lat="-40.6775116" lon="-72.0610374">
        <ele>709.2</ele>
      </trkpt>
      <trkpt lat="-40.6774546" lon="-72.0611608">
        <ele>708.8</ele>
      </trkpt>
      <trkpt lat="-40.6774079" lon="-72.0613003">
        <ele>708.2</ele>
      </trkpt>
      <trkpt lat="-40.6771983" lon="-72.0619386">
        <ele>709.5</ele>
      </trkpt>
      <trkpt lat="-40.6770865" lon="-72.0622417">
        <ele>709.2</ele>
      </trkpt>
      <trkpt lat="-40.6770336" lon="-72.0623678">
        <ele>709.5</ele>
      </trkpt>
      <trkpt lat="-40.6769725" lon="-72.0624778">
        <ele>710.2</ele>
      </trkpt>
      <trkpt lat="-40.6768973" lon="-72.0625877">
        <ele>711</ele>
      </trkpt>
      <trkpt lat="-40.6767996" lon="-72.0627111">
        <ele>711.5</ele>
      </trkpt>
      <trkpt lat="-40.6767183" lon="-72.062805">
        <ele>711.2</ele>
      </trkpt>
      <trkpt lat="-40.6766471" lon="-72.0628694">
        <ele>711.4</ele>
      </trkpt>
      <trkpt lat="-40.6765799" lon="-72.062915">
        <ele>711.5</ele>
      </trkpt>
      <trkpt lat="-40.6765108" lon="-72.0629472">
        <ele>712</ele>
      </trkpt>
      <trkpt lat="-40.6764253" lon="-72.0629686">
        <ele>713</ele>
      </trkpt>
      <trkpt lat="-40.6763297" lon="-72.0629928">
        <ele>713.8</ele>
      </trkpt>
      <trkpt lat="-40.6762382" lon="-72.0630115">
        <ele>714.5</ele>
      </trkpt>
      <trkpt lat="-40.6761182" lon="-72.0630223">
        <ele>715.8</ele>
      </trkpt>
      <trkpt lat="-40.6759636" lon="-72.0630223">
        <ele>717</ele>
      </trkpt>
      <trkpt lat="-40.675868" lon="-72.0630169">
        <ele>717.8</ele>
      </trkpt>
      <trkpt lat="-40.6757337" lon="-72.0629928">
        <ele>719.2</ele>
      </trkpt>
      <trkpt lat="-40.6751743" lon="-72.0628694">
        <ele>727.2</ele>
      </trkpt>
      <trkpt lat="-40.6750482" lon="-72.0628372">
        <ele>728.5</ele>
      </trkpt>
      <trkpt lat="-40.6749343" lon="-72.0627996">
        <ele>729.8</ele>
      </trkpt>
      <trkpt lat="-40.6748244" lon="-72.0627514">
        <ele>731.2</ele>
      </trkpt>
      <trkpt lat="-40.6747207" lon="-72.0626897">
        <ele>732.8</ele>
      </trkpt>
      <trkpt lat="-40.674623" lon="-72.0626253">
        <ele>734</ele>
      </trkpt>
      <trkpt lat="-40.6745457" lon="-72.0625663">
        <ele>735</ele>
      </trkpt>
      <trkpt lat="-40.6744623" lon="-72.0624965">
        <ele>736.2</ele>
      </trkpt>
      <trkpt lat="-40.6743748" lon="-72.062408">
        <ele>737.5</ele>
      </trkpt>
      <trkpt lat="-40.6742833" lon="-72.0623034">
        <ele>738.2</ele>
      </trkpt>
      <trkpt lat="-40.674208" lon="-72.0622095">
        <ele>739</ele>
      </trkpt>
      <trkpt lat="-40.6741307" lon="-72.0621049">
        <ele>740</ele>
      </trkpt>
      <trkpt lat="-40.6740595" lon="-72.061995">
        <ele>741</ele>
      </trkpt>
      <trkpt lat="-40.6739904" lon="-72.0618743">
        <ele>741.8</ele>
      </trkpt>
      <trkpt lat="-40.6739171" lon="-72.0617267">
        <ele>742.5</ele>
      </trkpt>
      <trkpt lat="-40.6736303" lon="-72.0611554">
        <ele>744</ele>
      </trkpt>
      <trkpt lat="-40.6735713" lon="-72.0610267">
        <ele>744.2</ele>
      </trkpt>
      <trkpt lat="-40.6735286" lon="-72.060914">
        <ele>744.8</ele>
      </trkpt>
      <trkpt lat="-40.6734879" lon="-72.0608041">
        <ele>745.5</ele>
      </trkpt>
      <trkpt lat="-40.6734513" lon="-72.0606914">
        <ele>746.2</ele>
      </trkpt>
      <trkpt lat="-40.6734004" lon="-72.060509">
        <ele>748</ele>
      </trkpt>
      <trkpt lat="-40.6733719" lon="-72.0603696">
        <ele>749.8</ele>
      </trkpt>
      <trkpt lat="-40.6733496" lon="-72.0602193">
        <ele>752</ele>
      </trkpt>
      <trkpt lat="-40.6733333" lon="-72.0600799">
        <ele>754.2</ele>
      </trkpt>
      <trkpt lat="-40.6733231" lon="-72.0599431">
        <ele>756.5</ele>
      </trkpt>
      <trkpt lat="-40.6733211" lon="-72.0598304">
        <ele>758.5</ele>
      </trkpt>
      <trkpt lat="-40.6733211" lon="-72.059699">
        <ele>761</ele>
      </trkpt>
      <trkpt lat="-40.6733414" lon="-72.0592216">
        <ele>768</ele>
      </trkpt>
      <trkpt lat="-40.6733496" lon="-72.0590526">
        <ele>769.2</ele>
      </trkpt>
      <trkpt lat="-40.6733597" lon="-72.0589292">
        <ele>770.5</ele>
      </trkpt>
      <trkpt lat="-40.673378" lon="-72.0587951">
        <ele>771.8</ele>
      </trkpt>
      <trkpt lat="-40.6734065" lon="-72.058669">
        <ele>773</ele>
      </trkpt>
      <trkpt lat="-40.6734391" lon="-72.0585483">
        <ele>774</ele>
      </trkpt>
      <trkpt lat="-40.6735021" lon="-72.0583713">
        <ele>775.5</ele>
      </trkpt>
      <trkpt lat="-40.673671" lon="-72.0579422">
        <ele>782</ele>
      </trkpt>
      <trkpt lat="-40.6737015" lon="-72.0578483">
        <ele>783.8</ele>
      </trkpt>
      <trkpt lat="-40.6737239" lon="-72.0577544">
        <ele>785.2</ele>
      </trkpt>
      <trkpt lat="-40.6737381" lon="-72.0576659">
        <ele>786.5</ele>
      </trkpt>
      <trkpt lat="-40.6737483" lon="-72.057564">
        <ele>788</ele>
      </trkpt>
      <trkpt lat="-40.6737463" lon="-72.057462">
        <ele>789</ele>
      </trkpt>
      <trkpt lat="-40.6737361" lon="-72.0573735">
        <ele>789.5</ele>
      </trkpt>
      <trkpt lat="-40.6737157" lon="-72.0572716">
        <ele>789.8</ele>
      </trkpt>
      <trkpt lat="-40.6736771" lon="-72.0571589">
        <ele>789.5</ele>
      </trkpt>
      <trkpt lat="-40.6736364" lon="-72.0570704">
        <ele>789.2</ele>
      </trkpt>
      <trkpt lat="-40.6735733" lon="-72.0569631">
        <ele>788.5</ele>
      </trkpt>
      <trkpt lat="-40.6734838" lon="-72.0568344">
        <ele>788</ele>
      </trkpt>
      <trkpt lat="-40.6731563" lon="-72.0564455">
        <ele>787</ele>
      </trkpt>
      <trkpt lat="-40.6730892" lon="-72.0563623">
        <ele>786.8</ele>
      </trkpt>
      <trkpt lat="-40.6730282" lon="-72.0562658">
        <ele>787</ele>
      </trkpt>
      <trkpt lat="-40.6729712" lon="-72.0561746">
        <ele>787.2</ele>
      </trkpt>
      <trkpt lat="-40.6729203" lon="-72.0560834">
        <ele>787.5</ele>
      </trkpt>
      <trkpt lat="-40.6728817" lon="-72.0559868">
        <ele>788</ele>
      </trkpt>
      <trkpt lat="-40.6728491" lon="-72.0558661">
        <ele>788.5</ele>
      </trkpt>
      <trkpt lat="-40.6728227" lon="-72.0557427">
        <ele>788.8</ele>
      </trkpt>
      <trkpt lat="-40.6728084" lon="-72.0556301">
        <ele>789.2</ele>
      </trkpt>
      <trkpt lat="-40.6728044" lon="-72.0554906">
        <ele>790</ele>
      </trkpt>
      <trkpt lat="-40.6728064" lon="-72.055378">
        <ele>790.8</ele>
      </trkpt>
      <trkpt lat="-40.6728186" lon="-72.0552599">
        <ele>791.8</ele>
      </trkpt>
      <trkpt lat="-40.672841" lon="-72.0551527">
        <ele>792.8</ele>
      </trkpt>
      <trkpt lat="-40.6728756" lon="-72.0550373">
        <ele>794.2</ele>
      </trkpt>
      <trkpt lat="-40.6729183" lon="-72.0549193">
        <ele>796</ele>
      </trkpt>
      <trkpt lat="-40.6729793" lon="-72.0547771">
        <ele>798</ele>
      </trkpt>
      <trkpt lat="-40.6732499" lon="-72.0542836">
        <ele>803.2</ele>
      </trkpt>
      <trkpt lat="-40.6733455" lon="-72.0541173">
        <ele>804.2</ele>
      </trkpt>
      <trkpt lat="-40.6734187" lon="-72.0539993">
        <ele>804.8</ele>
      </trkpt>
      <trkpt lat="-40.6734716" lon="-72.0539296">
        <ele>805.2</ele>
      </trkpt>
      <trkpt lat="-40.6735266" lon="-72.0538706">
        <ele>806</ele>
      </trkpt>
      <trkpt lat="-40.6735855" lon="-72.053833">
        <ele>807</ele>
      </trkpt>
      <trkpt lat="-40.6736588" lon="-72.0538035">
        <ele>808.5</ele>
      </trkpt>
      <trkpt lat="-40.6737483" lon="-72.0537874">
        <ele>810.5</ele>
      </trkpt>
      <trkpt lat="-40.6740026" lon="-72.0537928">
        <ele>816.2</ele>
      </trkpt>
      <trkpt lat="-40.6741043" lon="-72.0537901">
        <ele>818.5</ele>
      </trkpt>
      <trkpt lat="-40.6741612" lon="-72.0537847">
        <ele>819.8</ele>
      </trkpt>
      <trkpt lat="-40.6742263" lon="-72.0537686">
        <ele>821</ele>
      </trkpt>
      <trkpt lat="-40.6742975" lon="-72.0537445">
        <ele>822.2</ele>
      </trkpt>
      <trkpt lat="-40.6743586" lon="-72.0536962">
        <ele>823.2</ele>
      </trkpt>
      <trkpt lat="-40.6744115" lon="-72.0536265">
        <ele>824</ele>
      </trkpt>
      <trkpt lat="-40.6744562" lon="-72.0535433">
        <ele>824.8</ele>
      </trkpt>
      <trkpt lat="-40.6744847" lon="-72.0534602">
        <ele>825.2</ele>
      </trkpt>
      <trkpt lat="-40.674503" lon="-72.0533717">
        <ele>825.5</ele>
      </trkpt>
      <trkpt lat="-40.674501" lon="-72.0532805">
        <ele>825.4</ele>
      </trkpt>
      <trkpt lat="-40.6744928" lon="-72.0531973">
        <ele>825.3</ele>
      </trkpt>
      <trkpt lat="-40.6744745" lon="-72.0531115">
        <ele>825.2</ele>
      </trkpt>
      <trkpt lat="-40.6744257" lon="-72.0529774">
        <ele>824.8</ele>
      </trkpt>
      <trkpt lat="-40.6740372" lon="-72.0520842">
        <ele>825.5</ele>
      </trkpt>
      <trkpt lat="-40.6739822" lon="-72.0519367">
        <ele>826</ele>
      </trkpt>
      <trkpt lat="-40.6739415" lon="-72.0518106">
        <ele>826.2</ele>
      </trkpt>
      <trkpt lat="-40.673911" lon="-72.0516899">
        <ele>826.3</ele>
      </trkpt>
      <trkpt lat="-40.6738866" lon="-72.0515692">
        <ele>826.4</ele>
      </trkpt>
      <trkpt lat="-40.6738703" lon="-72.0514539">
        <ele>826.5</ele>
      </trkpt>
      <trkpt lat="-40.6738642" lon="-72.0513439">
        <ele>827</ele>
      </trkpt>
      <trkpt lat="-40.6738622" lon="-72.0512125">
        <ele>828</ele>
      </trkpt>
      <trkpt lat="-40.6738683" lon="-72.0510757">
        <ele>829.2</ele>
      </trkpt>
      <trkpt lat="-40.6738805" lon="-72.0509335">
        <ele>830.2</ele>
      </trkpt>
      <trkpt lat="-40.6739029" lon="-72.0508021">
        <ele>830.8</ele>
      </trkpt>
      <trkpt lat="-40.6739334" lon="-72.0506653">
        <ele>831.5</ele>
      </trkpt>
      <trkpt lat="-40.6739741" lon="-72.0505366">
        <ele>832.5</ele>
      </trkpt>
      <trkpt lat="-40.6740229" lon="-72.0504159">
        <ele>833.5</ele>
      </trkpt>
      <trkpt lat="-40.6740717" lon="-72.0503139">
        <ele>834.8</ele>
      </trkpt>
      <trkpt lat="-40.6741287" lon="-72.050212">
        <ele>836.2</ele>
      </trkpt>
      <trkpt lat="-40.6742223" lon="-72.0500806">
        <ele>840</ele>
      </trkpt>
      <trkpt lat="-40.6756117" lon="-72.048313">
        <ele>848.2</ele>
      </trkpt>
      <trkpt lat="-40.6757073" lon="-72.0481789">
        <ele>848.1</ele>
      </trkpt>
      <trkpt lat="-40.6758008" lon="-72.0480448">
        <ele>848</ele>
      </trkpt>
      <trkpt lat="-40.6758659" lon="-72.0479482">
        <ele>847.8</ele>
      </trkpt>
      <trkpt lat="-40.675929" lon="-72.0478302">
        <ele>847.9</ele>
      </trkpt>
      <trkpt lat="-40.6759921" lon="-72.0476988">
        <ele>848</ele>
      </trkpt>
      <trkpt lat="-40.6760368" lon="-72.0475915">
        <ele>848.2</ele>
      </trkpt>
      <trkpt lat="-40.6760836" lon="-72.0474601">
        <ele>848.5</ele>
      </trkpt>
      <trkpt lat="-40.6761182" lon="-72.0473421">
        <ele>848.6</ele>
      </trkpt>
      <trkpt lat="-40.6761487" lon="-72.0472321">
        <ele>848.7</ele>
      </trkpt>
      <trkpt lat="-40.6761711" lon="-72.0470953">
        <ele>848.8</ele>
      </trkpt>
      <trkpt lat="-40.6761955" lon="-72.0469263">
        <ele>849.2</ele>
      </trkpt>
      <trkpt lat="-40.6762626" lon="-72.0463657">
        <ele>851.2</ele>
      </trkpt>
      <trkpt lat="-40.6764436" lon="-72.0440644">
        <ele>860</ele>
      </trkpt>
      <trkpt lat="-40.6766206" lon="-72.0419723">
        <ele>885</ele>
      </trkpt>
      <trkpt lat="-40.6766674" lon="-72.041468">
        <ele>890</ele>
      </trkpt>
      <trkpt lat="-40.6766857" lon="-72.0413473">
        <ele>890.5</ele>
      </trkpt>
      <trkpt lat="-40.6767162" lon="-72.0411944">
        <ele>891</ele>
      </trkpt>
      <trkpt lat="-40.6767447" lon="-72.0410791">
        <ele>891.5</ele>
      </trkpt>
      <trkpt lat="-40.6767813" lon="-72.0409611">
        <ele>891.8</ele>
      </trkpt>
      <trkpt lat="-40.676822" lon="-72.0408484">
        <ele>891.2</ele>
      </trkpt>
      <trkpt lat="-40.6768729" lon="-72.0407331">
        <ele>890.8</ele>
      </trkpt>
      <trkpt lat="-40.6769461" lon="-72.040599">
        <ele>890.5</ele>
      </trkpt>
      <trkpt lat="-40.6770132" lon="-72.0404971">
        <ele>890.2</ele>
      </trkpt>
      <trkpt lat="-40.6770885" lon="-72.0404005">
        <ele>890.3</ele>
      </trkpt>
      <trkpt lat="-40.6771597" lon="-72.0403147">
        <ele>890.3</ele>
      </trkpt>
      <trkpt lat="-40.6772431" lon="-72.0402342">
        <ele>890.4</ele>
      </trkpt>
      <trkpt lat="-40.6773244" lon="-72.0401645">
        <ele>890.4</ele>
      </trkpt>
      <trkpt lat="-40.6774201" lon="-72.0401028">
        <ele>890.5</ele>
      </trkpt>
      <trkpt lat="-40.6775197" lon="-72.0400491">
        <ele>891</ele>
      </trkpt>
      <trkpt lat="-40.6785246" lon="-72.0395958">
        <ele>893.8</ele>
      </trkpt>
      <trkpt lat="-40.6797939" lon="-72.0389923">
        <ele>897.2</ele>
      </trkpt>
      <trkpt lat="-40.6798895" lon="-72.0389387">
        <ele>897.8</ele>
      </trkpt>
      <trkpt lat="-40.679981" lon="-72.0388743">
        <ele>898.2</ele>
      </trkpt>
      <trkpt lat="-40.6800359" lon="-72.0388287">
        <ele>898.5</ele>
      </trkpt>
      <trkpt lat="-40.6801214" lon="-72.0387456">
        <ele>899</ele>
      </trkpt>
      <trkpt lat="-40.6801905" lon="-72.0386678">
        <ele>899.5</ele>
      </trkpt>
      <trkpt lat="-40.6802393" lon="-72.0386007">
        <ele>900</ele>
      </trkpt>
      <trkpt lat="-40.6802922" lon="-72.0385042">
        <ele>901</ele>
      </trkpt>
      <trkpt lat="-40.6803288" lon="-72.0384103">
        <ele>902</ele>
      </trkpt>
      <trkpt lat="-40.6803634" lon="-72.038295">
        <ele>903.2</ele>
      </trkpt>
      <trkpt lat="-40.6803939" lon="-72.0381743">
        <ele>904.8</ele>
      </trkpt>
      <trkpt lat="-40.6804102" lon="-72.0380509">
        <ele>906.2</ele>
      </trkpt>
      <trkpt lat="-40.6804183" lon="-72.0379168">
        <ele>908</ele>
      </trkpt>
      <trkpt lat="-40.6804143" lon="-72.0377961">
        <ele>909.5</ele>
      </trkpt>
      <trkpt lat="-40.680398" lon="-72.0376593">
        <ele>911</ele>
      </trkpt>
      <trkpt lat="-40.6803797" lon="-72.0375466">
        <ele>912</ele>
      </trkpt>
      <trkpt lat="-40.6800298" lon="-72.0359319">
        <ele>925.5</ele>
      </trkpt>
      <trkpt lat="-40.6800034" lon="-72.0358327">
        <ele>926.5</ele>
      </trkpt>
      <trkpt lat="-40.6799586" lon="-72.0357147">
        <ele>927.2</ele>
      </trkpt>
      <trkpt lat="-40.6799098" lon="-72.0356154">
        <ele>927.5</ele>
      </trkpt>
      <trkpt lat="-40.6798508" lon="-72.0355377">
        <ele>927.4</ele>
      </trkpt>
      <trkpt lat="-40.679802" lon="-72.0354974">
        <ele>927.3</ele>
      </trkpt>
      <trkpt lat="-40.6797308" lon="-72.0354545">
        <ele>927.2</ele>
      </trkpt>
      <trkpt lat="-40.6796576" lon="-72.035425">
        <ele>927.4</ele>
      </trkpt>
      <trkpt lat="-40.6795722" lon="-72.0354009">
        <ele>927.5</ele>
      </trkpt>
      <trkpt lat="-40.6794786" lon="-72.0353955">
        <ele>927.8</ele>
      </trkpt>
      <trkpt lat="-40.6793932" lon="-72.0354009">
        <ele>928</ele>
      </trkpt>
      <trkpt lat="-40.6793138" lon="-72.0354196">
        <ele>927.9</ele>
      </trkpt>
      <trkpt lat="-40.6792426" lon="-72.0354438">
        <ele>927.8</ele>
      </trkpt>
      <trkpt lat="-40.6791674" lon="-72.035476">
        <ele>927.5</ele>
      </trkpt>
      <trkpt lat="-40.6787646" lon="-72.0357093">
        <ele>926.8</ele>
      </trkpt>
      <trkpt lat="-40.6786731" lon="-72.0357549">
        <ele>926.2</ele>
      </trkpt>
      <trkpt lat="-40.6785958" lon="-72.0357844">
        <ele>926</ele>
      </trkpt>
      <trkpt lat="-40.6785022" lon="-72.0358086">
        <ele>926.2</ele>
      </trkpt>
      <trkpt lat="-40.6784331" lon="-72.0358166">
        <ele>926.8</ele>
      </trkpt>
      <trkpt lat="-40.678368" lon="-72.0358112">
        <ele>927.2</ele>
      </trkpt>
      <trkpt lat="-40.6782947" lon="-72.0357898">
        <ele>928</ele>
      </trkpt>
      <trkpt lat="-40.6782174" lon="-72.0357496">
        <ele>929</ele>
      </trkpt>
      <trkpt lat="-40.6781585" lon="-72.0357066">
        <ele>929.8</ele>
      </trkpt>
      <trkpt lat="-40.6780954" lon="-72.0356396">
        <ele>931</ele>
      </trkpt>
      <trkpt lat="-40.6780405" lon="-72.0355591">
        <ele>932.2</ele>
      </trkpt>
      <trkpt lat="-40.6779937" lon="-72.0354679">
        <ele>933.8</ele>
      </trkpt>
      <trkpt lat="-40.6779489" lon="-72.035358">
        <ele>935.5</ele>
      </trkpt>
      <trkpt lat="-40.6779123" lon="-72.0352212">
        <ele>937.8</ele>
      </trkpt>
      <trkpt lat="-40.6777842" lon="-72.034497">
        <ele>948</ele>
      </trkpt>
      <trkpt lat="-40.6777598" lon="-72.0343119">
        <ele>950.8</ele>
      </trkpt>
      <trkpt lat="-40.6777415" lon="-72.0341563">
        <ele>953</ele>
      </trkpt>
      <trkpt lat="-40.6777252" lon="-72.0339954">
        <ele>955.2</ele>
      </trkpt>
      <trkpt lat="-40.6777191" lon="-72.0338452">
        <ele>957.2</ele>
      </trkpt>
      <trkpt lat="-40.6777231" lon="-72.0336682">
        <ele>960</ele>
      </trkpt>
      <trkpt lat="-40.6777333" lon="-72.0335206">
        <ele>962.5</ele>
      </trkpt>
      <trkpt lat="-40.6777598" lon="-72.0332953">
        <ele>966</ele>
      </trkpt>
      <trkpt lat="-40.6778452" lon="-72.0326382">
        <ele>972.5</ele>
      </trkpt>
      <trkpt lat="-40.6781646" lon="-72.0299935">
        <ele>983.5</ele>
      </trkpt>
      <trkpt lat="-40.6782195" lon="-72.0295">
        <ele>984.8</ele>
      </trkpt>
      <trkpt lat="-40.6782561" lon="-72.029205">
        <ele>985.2</ele>
      </trkpt>
      <trkpt lat="-40.6782886" lon="-72.0288536">
        <ele>986.5</ele>
      </trkpt>
      <trkpt lat="-40.678313" lon="-72.0285425">
        <ele>988</ele>
      </trkpt>
      <trkpt lat="-40.6783334" lon="-72.0281455">
        <ele>990.8</ele>
      </trkpt>
      <trkpt lat="-40.6783619" lon="-72.0274428">
        <ele>994.8</ele>
      </trkpt>
      <trkpt lat="-40.678372" lon="-72.0273006">
        <ele>995.2</ele>
      </trkpt>
      <trkpt lat="-40.6783883" lon="-72.027145">
        <ele>996</ele>
      </trkpt>
      <trkpt lat="-40.6784127" lon="-72.0269948">
        <ele>997</ele>
      </trkpt>
      <trkpt lat="-40.6784453" lon="-72.0268366">
        <ele>998</ele>
      </trkpt>
      <trkpt lat="-40.6784941" lon="-72.0266595">
        <ele>999.5</ele>
      </trkpt>
      <trkpt lat="-40.678549" lon="-72.0265228">
        <ele>1000.8</ele>
      </trkpt>
      <trkpt lat="-40.6786141" lon="-72.026386">
        <ele>1001.8</ele>
      </trkpt>
      <trkpt lat="-40.6786914" lon="-72.0262545">
        <ele>1003</ele>
      </trkpt>
      <trkpt lat="-40.6787687" lon="-72.0261285">
        <ele>1005</ele>
      </trkpt>
      <trkpt lat="-40.6788582" lon="-72.0260051">
        <ele>1006</ele>
      </trkpt>
      <trkpt lat="-40.6790331" lon="-72.0257986">
        <ele>1008</ele>
      </trkpt>
      <trkpt lat="-40.6793708" lon="-72.0254311">
        <ele>1010.8</ele>
      </trkpt>
      <trkpt lat="-40.6794562" lon="-72.0253345">
        <ele>1011</ele>
      </trkpt>
      <trkpt lat="-40.67968" lon="-72.0250797">
        <ele>1012.5</ele>
      </trkpt>
      <trkpt lat="-40.6797817" lon="-72.0249483">
        <ele>1013</ele>
      </trkpt>
      <trkpt lat="-40.6798956" lon="-72.0247981">
        <ele>1013.8</ele>
      </trkpt>
      <trkpt lat="-40.6799831" lon="-72.0246693">
        <ele>1014.2</ele>
      </trkpt>
      <trkpt lat="-40.6800563" lon="-72.024554">
        <ele>1014.8</ele>
      </trkpt>
      <trkpt lat="-40.6801315" lon="-72.0244172">
        <ele>1015.5</ele>
      </trkpt>
      <trkpt lat="-40.6802251" lon="-72.0242429">
        <ele>1016.8</ele>
      </trkpt>
      <trkpt lat="-40.6803777" lon="-72.0239371">
        <ele>1018</ele>
      </trkpt>
      <trkpt lat="-40.6805058" lon="-72.0236689">
        <ele>1018.5</ele>
      </trkpt>
      <trkpt lat="-40.6806136" lon="-72.0234329">
        <ele>1017.8</ele>
      </trkpt>
      <trkpt lat="-40.6808557" lon="-72.0228937">
        <ele>1016.2</ele>
      </trkpt>
      <trkpt lat="-40.6809147" lon="-72.0227757">
        <ele>1016</ele>
      </trkpt>
      <trkpt lat="-40.6809858" lon="-72.0226443">
        <ele>1015.8</ele>
      </trkpt>
      <trkpt lat="-40.6810753" lon="-72.0224994">
        <ele>1015.2</ele>
      </trkpt>
      <trkpt lat="-40.6811547" lon="-72.0223761">
        <ele>1015</ele>
      </trkpt>
      <trkpt lat="-40.6812604" lon="-72.0222366">
        <ele>1014.5</ele>
      </trkpt>
      <trkpt lat="-40.6813621" lon="-72.0221025">
        <ele>1014</ele>
      </trkpt>
      <trkpt lat="-40.6814903" lon="-72.0219469">
        <ele>1013.8</ele>
      </trkpt>
      <trkpt lat="-40.6816184" lon="-72.0217994">
        <ele>1013.5</ele>
      </trkpt>
      <trkpt lat="-40.6817344" lon="-72.0216653">
        <ele>1013.2</ele>
      </trkpt>
      <trkpt lat="-40.6819825" lon="-72.0214024">
        <ele>1012.8</ele>
      </trkpt>
      <trkpt lat="-40.6820883" lon="-72.0212924">
        <ele>1012.2</ele>
      </trkpt>
      <trkpt lat="-40.6823995" lon="-72.0209303">
        <ele>1012</ele>
      </trkpt>
      <trkpt lat="-40.6824646" lon="-72.0208526">
        <ele>1012.2</ele>
      </trkpt>
      <trkpt lat="-40.6825378" lon="-72.0207775">
        <ele>1012.5</ele>
      </trkpt>
      <trkpt lat="-40.6829161" lon="-72.0204207">
        <ele>1016.8</ele>
      </trkpt>
      <trkpt lat="-40.6829914" lon="-72.0203403">
        <ele>1017.8</ele>
      </trkpt>
      <trkpt lat="-40.6830504" lon="-72.0202625">
        <ele>1018.5</ele>
      </trkpt>
      <trkpt lat="-40.6831073" lon="-72.020174">
        <ele>1019.2</ele>
      </trkpt>
      <trkpt lat="-40.6831602" lon="-72.0200801">
        <ele>1020</ele>
      </trkpt>
      <trkpt lat="-40.6832172" lon="-72.0199594">
        <ele>1021</ele>
      </trkpt>
      <trkpt lat="-40.6832538" lon="-72.0198467">
        <ele>1021.5</ele>
      </trkpt>
      <trkpt lat="-40.6832802" lon="-72.0197502">
        <ele>1021.8</ele>
      </trkpt>
      <trkpt lat="-40.6832985" lon="-72.0196295">
        <ele>1022.2</ele>
      </trkpt>
      <trkpt lat="-40.6833128" lon="-72.0194793">
        <ele>1023.8</ele>
      </trkpt>
      <trkpt lat="-40.6833148" lon="-72.0193452">
        <ele>1025.2</ele>
      </trkpt>
      <trkpt lat="-40.6833067" lon="-72.0192111">
        <ele>1026.2</ele>
      </trkpt>
      <trkpt lat="-40.6832843" lon="-72.0190743">
        <ele>1027.2</ele>
      </trkpt>
      <trkpt lat="-40.6832497" lon="-72.0189536">
        <ele>1028.5</ele>
      </trkpt>
      <trkpt lat="-40.6831948" lon="-72.0188221">
        <ele>1030</ele>
      </trkpt>
      <trkpt lat="-40.6831317" lon="-72.0187095">
        <ele>1031.2</ele>
      </trkpt>
      <trkpt lat="-40.6830483" lon="-72.0185861">
        <ele>1032.5</ele>
      </trkpt>
      <trkpt lat="-40.682908" lon="-72.0184305">
        <ele>1034.2</ele>
      </trkpt>
      <trkpt lat="-40.6825317" lon="-72.0180792">
        <ele>1036.8</ele>
      </trkpt>
      <trkpt lat="-40.6822714" lon="-72.0178324">
        <ele>1037.5</ele>
      </trkpt>
      <trkpt lat="-40.681948" lon="-72.0175213">
        <ele>1039.8</ele>
      </trkpt>
      <trkpt lat="-40.681773" lon="-72.0173684">
        <ele>1041.2</ele>
      </trkpt>
      <trkpt lat="-40.6814801" lon="-72.0171323">
        <ele>1043.5</ele>
      </trkpt>
      <trkpt lat="-40.6813825" lon="-72.0170465">
        <ele>1044.5</ele>
      </trkpt>
      <trkpt lat="-40.681295" lon="-72.016958">
        <ele>1045.8</ele>
      </trkpt>
      <trkpt lat="-40.681232" lon="-72.0168856">
        <ele>1046.8</ele>
      </trkpt>
      <trkpt lat="-40.6811791" lon="-72.0168132">
        <ele>1047.8</ele>
      </trkpt>
      <trkpt lat="-40.681116" lon="-72.0167032">
        <ele>1049.2</ele>
      </trkpt>
      <trkpt lat="-40.6810611" lon="-72.0165852">
        <ele>1050.8</ele>
      </trkpt>
      <trkpt lat="-40.6810184" lon="-72.0164618">
        <ele>1052.5</ele>
      </trkpt>
      <trkpt lat="-40.6809838" lon="-72.0163277">
        <ele>1054.5</ele>
      </trkpt>
      <trkpt lat="-40.6809635" lon="-72.0161909">
        <ele>1056</ele>
      </trkpt>
      <trkpt lat="-40.6809553" lon="-72.01603">
        <ele>1057.2</ele>
      </trkpt>
      <trkpt lat="-40.6809594" lon="-72.0158851">
        <ele>1058.2</ele>
      </trkpt>
      <trkpt lat="-40.6809757" lon="-72.0157751">
        <ele>1059</ele>
      </trkpt>
      <trkpt lat="-40.6810123" lon="-72.0156115">
        <ele>1060.2</ele>
      </trkpt>
      <trkpt lat="-40.6811262" lon="-72.0152253">
        <ele>1061.8</ele>
      </trkpt>
      <trkpt lat="-40.6811709" lon="-72.0150697">
        <ele>1061.5</ele>
      </trkpt>
      <trkpt lat="-40.6812035" lon="-72.0149276">
        <ele>1061</ele>
      </trkpt>
      <trkpt lat="-40.681232" lon="-72.01478">
        <ele>1060.5</ele>
      </trkpt>
      <trkpt lat="-40.6812442" lon="-72.0146057">
        <ele>1060.2</ele>
      </trkpt>
      <trkpt lat="-40.6812503" lon="-72.0144045">
        <ele>1059.8</ele>
      </trkpt>
      <trkpt lat="-40.6812381" lon="-72.0135543">
        <ele>1057</ele>
      </trkpt>
      <trkpt lat="-40.681236" lon="-72.0132351">
        <ele>1055.8</ele>
      </trkpt>
      <trkpt lat="-40.6812442" lon="-72.012924">
        <ele>1053.2</ele>
      </trkpt>
      <trkpt lat="-40.6812604" lon="-72.0126343">
        <ele>1051</ele>
      </trkpt>
      <trkpt lat="-40.6812788" lon="-72.0123178">
        <ele>1049.2</ele>
      </trkpt>
      <trkpt lat="-40.6813194" lon="-72.0119154">
        <ele>1047.2</ele>
      </trkpt>
      <trkpt lat="-40.6815106" lon="-72.0098099">
        <ele>1043.5</ele>
      </trkpt>
      <trkpt lat="-40.6815147" lon="-72.009657">
        <ele>1043.2</ele>
      </trkpt>
      <trkpt lat="-40.6815127" lon="-72.0095015">
        <ele>1043.5</ele>
      </trkpt>
      <trkpt lat="-40.6815066" lon="-72.0093754">
        <ele>1044</ele>
      </trkpt>
      <trkpt lat="-40.6814903" lon="-72.0092332">
        <ele>1044.8</ele>
      </trkpt>
      <trkpt lat="-40.6814659" lon="-72.0090884">
        <ele>1045.8</ele>
      </trkpt>
      <trkpt lat="-40.6814293" lon="-72.0089462">
        <ele>1046</ele>
      </trkpt>
      <trkpt lat="-40.6813805" lon="-72.0087907">
        <ele>1045.8</ele>
      </trkpt>
      <trkpt lat="-40.6813235" lon="-72.0086485">
        <ele>1045.7</ele>
      </trkpt>
      <trkpt lat="-40.6812625" lon="-72.0085144">
        <ele>1045.5</ele>
      </trkpt>
      <trkpt lat="-40.6811872" lon="-72.0083803">
        <ele>1045</ele>
      </trkpt>
      <trkpt lat="-40.6811038" lon="-72.0082515">
        <ele>1044.5</ele>
      </trkpt>
      <trkpt lat="-40.6810082" lon="-72.0081201">
        <ele>1043.2</ele>
      </trkpt>
      <trkpt lat="-40.6809147" lon="-72.0080101">
        <ele>1042</ele>
      </trkpt>
      <trkpt lat="-40.680813" lon="-72.0079055">
        <ele>1041</ele>
      </trkpt>
      <trkpt lat="-40.6807031" lon="-72.0078009">
        <ele>1040.2</ele>
      </trkpt>
      <trkpt lat="-40.6805485" lon="-72.0076883">
        <ele>1038.8</ele>
      </trkpt>
      <trkpt lat="-40.6797491" lon="-72.0071384">
        <ele>1029.2</ele>
      </trkpt>
      <trkpt lat="-40.6795539" lon="-72.0069936">
        <ele>1025.8</ele>
      </trkpt>
      <trkpt lat="-40.6794481" lon="-72.0069104">
        <ele>1023.8</ele>
      </trkpt>
      <trkpt lat="-40.6793199" lon="-72.0067924">
        <ele>1021.2</ele>
      </trkpt>
      <trkpt lat="-40.679206" lon="-72.0066664">
        <ele>1019</ele>
      </trkpt>
      <trkpt lat="-40.6791084" lon="-72.0065483">
        <ele>1017.2</ele>
      </trkpt>
      <trkpt lat="-40.6790352" lon="-72.0064437">
        <ele>1016.2</ele>
      </trkpt>
      <trkpt lat="-40.6789558" lon="-72.0063177">
        <ele>1015.2</ele>
      </trkpt>
      <trkpt lat="-40.6788928" lon="-72.0062077">
        <ele>1014.2</ele>
      </trkpt>
      <trkpt lat="-40.6788236" lon="-72.0060468">
        <ele>1012.5</ele>
      </trkpt>
      <trkpt lat="-40.6787606" lon="-72.0058885">
        <ele>1011.2</ele>
      </trkpt>
      <trkpt lat="-40.6787077" lon="-72.0057061">
        <ele>1010.8</ele>
      </trkpt>
      <trkpt lat="-40.678667" lon="-72.0055291">
        <ele>1010.2</ele>
      </trkpt>
      <trkpt lat="-40.6786365" lon="-72.005336">
        <ele>1009.8</ele>
      </trkpt>
      <trkpt lat="-40.6786182" lon="-72.0050973">
        <ele>1009.5</ele>
      </trkpt>
      <trkpt lat="-40.678606" lon="-72.0047969">
        <ele>1009.9</ele>
      </trkpt>
      <trkpt lat="-40.678551" lon="-72.0025223">
        <ele>1012.8</ele>
      </trkpt>
      <trkpt lat="-40.6785388" lon="-72.0021817">
        <ele>1013.8</ele>
      </trkpt>
      <trkpt lat="-40.6785287" lon="-72.0020047">
        <ele>1015</ele>
      </trkpt>
      <trkpt lat="-40.6785124" lon="-72.0018438">
        <ele>1016.8</ele>
      </trkpt>
      <trkpt lat="-40.6784859" lon="-72.0016801">
        <ele>1018.8</ele>
      </trkpt>
      <trkpt lat="-40.6784554" lon="-72.0015407">
        <ele>1020.5</ele>
      </trkpt>
      <trkpt lat="-40.6784209" lon="-72.0014012">
        <ele>1022</ele>
      </trkpt>
      <trkpt lat="-40.6783598" lon="-72.0012242">
        <ele>1024</ele>
      </trkpt>
      <trkpt lat="-40.6780934" lon="-72.0004839">
        <ele>1031.5</ele>
      </trkpt>
      <trkpt lat="-40.6775726" lon="-71.9989845">
        <ele>1042.2</ele>
      </trkpt>
      <trkpt lat="-40.6772268" lon="-71.9980001">
        <ele>1042.5</ele>
      </trkpt>
      <trkpt lat="-40.6770092" lon="-71.9973511">
        <ele>1036.2</ele>
      </trkpt>
      <trkpt lat="-40.6768403" lon="-71.9968173">
        <ele>1032.2</ele>
      </trkpt>
      <trkpt lat="-40.6766186" lon="-71.9961548">
        <ele>1033.8</ele>
      </trkpt>
      <trkpt lat="-40.6763602" lon="-71.9954172">
        <ele>1035</ele>
      </trkpt>
      <trkpt lat="-40.6763135" lon="-71.9952562">
        <ele>1034.2</ele>
      </trkpt>
      <trkpt lat="-40.6762789" lon="-71.9950765">
        <ele>1033.8</ele>
      </trkpt>
      <trkpt lat="-40.6762626" lon="-71.9949102">
        <ele>1033.5</ele>
      </trkpt>
      <trkpt lat="-40.6762646" lon="-71.9947413">
        <ele>1033.2</ele>
      </trkpt>
      <trkpt lat="-40.6762789" lon="-71.9945911">
        <ele>1032.8</ele>
      </trkpt>
      <trkpt lat="-40.6763053" lon="-71.9944516">
        <ele>1032.2</ele>
      </trkpt>
      <trkpt lat="-40.6763541" lon="-71.9942933">
        <ele>1031.8</ele>
      </trkpt>
      <trkpt lat="-40.6764172" lon="-71.9941244">
        <ele>1031</ele>
      </trkpt>
      <trkpt lat="-40.6764925" lon="-71.9939795">
        <ele>1030.2</ele>
      </trkpt>
      <trkpt lat="-40.6765799" lon="-71.9938561">
        <ele>1029.5</ele>
      </trkpt>
      <trkpt lat="-40.6766898" lon="-71.9937354">
        <ele>1029</ele>
      </trkpt>
      <trkpt lat="-40.6768647" lon="-71.9936121">
        <ele>1028.5</ele>
      </trkpt>
      <trkpt lat="-40.6771373" lon="-71.9934618">
        <ele>1027.2</ele>
      </trkpt>
      <trkpt lat="-40.6778859" lon="-71.993089">
        <ele>1023.8</ele>
      </trkpt>
      <trkpt lat="-40.6780832" lon="-71.992979">
        <ele>1022</ele>
      </trkpt>
      <trkpt lat="-40.6782764" lon="-71.992861">
        <ele>1019.2</ele>
      </trkpt>
      <trkpt lat="-40.678551" lon="-71.9926733">
        <ele>1015.5</ele>
      </trkpt>
      <trkpt lat="-40.6788724" lon="-71.9924319">
        <ele>1010.2</ele>
      </trkpt>
      <trkpt lat="-40.678968" lon="-71.9923541">
        <ele>1009</ele>
      </trkpt>
      <trkpt lat="-40.6790392" lon="-71.992287">
        <ele>1008</ele>
      </trkpt>
      <trkpt lat="-40.6791796" lon="-71.9921315">
        <ele>1005.8</ele>
      </trkpt>
      <trkpt lat="-40.6794644" lon="-71.9918096">
        <ele>1004.2</ele>
      </trkpt>
      <trkpt lat="-40.6796434" lon="-71.9916138">
        <ele>1004</ele>
      </trkpt>
      <trkpt lat="-40.6802109" lon="-71.9910291">
        <ele>1006.5</ele>
      </trkpt>
      <trkpt lat="-40.6808943" lon="-71.9902861">
        <ele>1008</ele>
      </trkpt>
      <trkpt lat="-40.6811038" lon="-71.9900393">
        <ele>1007.8</ele>
      </trkpt>
      <trkpt lat="-40.6812137" lon="-71.9899026">
        <ele>1007.4</ele>
      </trkpt>
      <trkpt lat="-40.6813479" lon="-71.9897121">
        <ele>1007</ele>
      </trkpt>
      <trkpt lat="-40.6814577" lon="-71.9895297">
        <ele>1006.5</ele>
      </trkpt>
      <trkpt lat="-40.6815676" lon="-71.9893205">
        <ele>1006.7</ele>
      </trkpt>
      <trkpt lat="-40.6816673" lon="-71.9891006">
        <ele>1007</ele>
      </trkpt>
      <trkpt lat="-40.6817852" lon="-71.9888163">
        <ele>1007.2</ele>
      </trkpt>
      <trkpt lat="-40.6819398" lon="-71.9883871">
        <ele>1008.8</ele>
      </trkpt>
      <trkpt lat="-40.6821249" lon="-71.987856">
        <ele>1007.5</ele>
      </trkpt>
      <trkpt lat="-40.682548" lon="-71.9865417">
        <ele>1004.5</ele>
      </trkpt>
      <trkpt lat="-40.6828836" lon="-71.9855627">
        <ele>1003.8</ele>
      </trkpt>
      <trkpt lat="-40.6832497" lon="-71.9844604">
        <ele>1003.2</ele>
      </trkpt>
      <trkpt lat="-40.6833616" lon="-71.9841331">
        <ele>1003</ele>
      </trkpt>
      <trkpt lat="-40.6837114" lon="-71.9831353">
        <ele>1003.6</ele>
      </trkpt>
      <trkpt lat="-40.6838335" lon="-71.9828081">
        <ele>1003.8</ele>
      </trkpt>
      <trkpt lat="-40.6839331" lon="-71.9825721">
        <ele>1004.8</ele>
      </trkpt>
      <trkpt lat="-40.6840287" lon="-71.9823763">
        <ele>1005.2</ele>
      </trkpt>
      <trkpt lat="-40.6841142" lon="-71.982218">
        <ele>1005.8</ele>
      </trkpt>
      <trkpt lat="-40.6842179" lon="-71.982049">
        <ele>1006.8</ele>
      </trkpt>
      <trkpt lat="-40.6843135" lon="-71.9819096">
        <ele>1007.5</ele>
      </trkpt>
      <trkpt lat="-40.6844559" lon="-71.9817165">
        <ele>1008.8</ele>
      </trkpt>
      <trkpt lat="-40.684885" lon="-71.9811559">
        <ele>1011.5</ele>
      </trkpt>
      <trkpt lat="-40.6858796" lon="-71.9798523">
        <ele>1011.8</ele>
      </trkpt>
      <trkpt lat="-40.6867705" lon="-71.9787472">
        <ele>1021</ele>
      </trkpt>
      <trkpt lat="-40.6870979" lon="-71.9783798">
        <ele>1021.8</ele>
      </trkpt>
      <trkpt lat="-40.6874803" lon="-71.9779372">
        <ele>1024</ele>
      </trkpt>
      <trkpt lat="-40.6878138" lon="-71.9775644">
        <ele>1028.5</ele>
      </trkpt>
      <trkpt lat="-40.6884219" lon="-71.9769555">
        <ele>1035.2</ele>
      </trkpt>
      <trkpt lat="-40.6889304" lon="-71.9764566">
        <ele>1038.2</ele>
      </trkpt>
      <trkpt lat="-40.6891012" lon="-71.976293">
        <ele>1040</ele>
      </trkpt>
      <trkpt lat="-40.6892334" lon="-71.976175">
        <ele>1041.5</ele>
      </trkpt>
      <trkpt lat="-40.6895344" lon="-71.975939">
        <ele>1042.5</ele>
      </trkpt>
      <trkpt lat="-40.6897419" lon="-71.9757807">
        <ele>1043.8</ele>
      </trkpt>
      <trkpt lat="-40.6902158" lon="-71.9753972">
        <ele>1047.5</ele>
      </trkpt>
      <trkpt lat="-40.6909926" lon="-71.9747347">
        <ele>1052</ele>
      </trkpt>
      <trkpt lat="-40.6911798" lon="-71.9745684">
        <ele>1053</ele>
      </trkpt>
      <trkpt lat="-40.691318" lon="-71.9744396">
        <ele>1054</ele>
      </trkpt>
      <trkpt lat="-40.6914136" lon="-71.9743377">
        <ele>1054.8</ele>
      </trkpt>
      <trkpt lat="-40.6915194" lon="-71.9742116">
        <ele>1055.5</ele>
      </trkpt>
      <trkpt lat="-40.6916394" lon="-71.974048">
        <ele>1056.5</ele>
      </trkpt>
      <trkpt lat="-40.6917655" lon="-71.9738576">
        <ele>1058</ele>
      </trkpt>
      <trkpt lat="-40.6918834" lon="-71.9736886">
        <ele>1059</ele>
      </trkpt>
      <trkpt lat="-40.6919546" lon="-71.9735706">
        <ele>1059.2</ele>
      </trkpt>
      <trkpt lat="-40.6920136" lon="-71.9734579">
        <ele>1059.5</ele>
      </trkpt>
      <trkpt lat="-40.6920787" lon="-71.9733158">
        <ele>1060</ele>
      </trkpt>
      <trkpt lat="-40.6921376" lon="-71.9731683">
        <ele>1060.8</ele>
      </trkpt>
      <trkpt lat="-40.6922109" lon="-71.9729725">
        <ele>1062</ele>
      </trkpt>
      <trkpt lat="-40.6922739" lon="-71.9727901">
        <ele>1063.5</ele>
      </trkpt>
      <trkpt lat="-40.6923207" lon="-71.9726238">
        <ele>1064.5</ele>
      </trkpt>
      <trkpt lat="-40.6923674" lon="-71.9724306">
        <ele>1065.2</ele>
      </trkpt>
      <trkpt lat="-40.6924081" lon="-71.9722134">
        <ele>1066</ele>
      </trkpt>
      <trkpt lat="-40.6924427" lon="-71.9720337">
        <ele>1066.2</ele>
      </trkpt>
      <trkpt lat="-40.6924752" lon="-71.971803">
        <ele>1066.8</ele>
      </trkpt>
      <trkpt lat="-40.6926949" lon="-71.9701803">
        <ele>1067</ele>
      </trkpt>
      <trkpt lat="-40.6928474" lon="-71.9691986">
        <ele>1069.8</ele>
      </trkpt>
      <trkpt lat="-40.6933152" lon="-71.9662938">
        <ele>1086.2</ele>
      </trkpt>
      <trkpt lat="-40.6936873" lon="-71.9640541">
        <ele>1095.8</ele>
      </trkpt>
      <trkpt lat="-40.693728" lon="-71.96381">
        <ele>1097</ele>
      </trkpt>
      <trkpt lat="-40.6937626" lon="-71.9636276">
        <ele>1097.8</ele>
      </trkpt>
      <trkpt lat="-40.6938012" lon="-71.9634721">
        <ele>1098</ele>
      </trkpt>
      <trkpt lat="-40.693848" lon="-71.9633085">
        <ele>1098.2</ele>
      </trkpt>
      <trkpt lat="-40.6939171" lon="-71.9631127">
        <ele>1099</ele>
      </trkpt>
      <trkpt lat="-40.6940046" lon="-71.9628739">
        <ele>1099.8</ele>
      </trkpt>
      <trkpt lat="-40.6940737" lon="-71.9627023">
        <ele>1100</ele>
      </trkpt>
      <trkpt lat="-40.6941551" lon="-71.9625172">
        <ele>1100.2</ele>
      </trkpt>
      <trkpt lat="-40.6942384" lon="-71.9623563">
        <ele>1101.2</ele>
      </trkpt>
      <trkpt lat="-40.6944032" lon="-71.9620907">
        <ele>1101.8</ele>
      </trkpt>
      <trkpt lat="-40.6956193" lon="-71.9603956">
        <ele>1112</ele>
      </trkpt>
      <trkpt lat="-40.6957067" lon="-71.9602641">
        <ele>1112.8</ele>
      </trkpt>
      <trkpt lat="-40.6957555" lon="-71.960181">
        <ele>1113</ele>
      </trkpt>
      <trkpt lat="-40.6958023" lon="-71.9600925">
        <ele>1113.2</ele>
      </trkpt>
      <trkpt lat="-40.6958409" lon="-71.9600067">
        <ele>1113.8</ele>
      </trkpt>
      <trkpt lat="-40.6958857" lon="-71.9598994">
        <ele>1114.5</ele>
      </trkpt>
      <trkpt lat="-40.6959202" lon="-71.9597867">
        <ele>1115.2</ele>
      </trkpt>
      <trkpt lat="-40.6959446" lon="-71.959658">
        <ele>1116.2</ele>
      </trkpt>
      <trkpt lat="-40.6959528" lon="-71.9595399">
        <ele>1117.2</ele>
      </trkpt>
      <trkpt lat="-40.6959528" lon="-71.9594219">
        <ele>1118.2</ele>
      </trkpt>
      <trkpt lat="-40.6959467" lon="-71.959312">
        <ele>1119</ele>
      </trkpt>
      <trkpt lat="-40.6959324" lon="-71.9591752">
        <ele>1120</ele>
      </trkpt>
      <trkpt lat="-40.695906" lon="-71.9590518">
        <ele>1120.8</ele>
      </trkpt>
      <trkpt lat="-40.6958755" lon="-71.9589499">
        <ele>1121.8</ele>
      </trkpt>
      <trkpt lat="-40.6958084" lon="-71.9587889">
        <ele>1123.5</ele>
      </trkpt>
      <trkpt lat="-40.6957576" lon="-71.9586763">
        <ele>1124.8</ele>
      </trkpt>
      <trkpt lat="-40.6957087" lon="-71.9585717">
        <ele>1125.8</ele>
      </trkpt>
      <trkpt lat="-40.6955908" lon="-71.9583544">
        <ele>1126.8</ele>
      </trkpt>
      <trkpt lat="-40.6955481" lon="-71.9582364">
        <ele>1127.2</ele>
      </trkpt>
      <trkpt lat="-40.6955095" lon="-71.9581157">
        <ele>1128.2</ele>
      </trkpt>
      <trkpt lat="-40.6954912" lon="-71.957995">
        <ele>1129.8</ele>
      </trkpt>
      <trkpt lat="-40.6954912" lon="-71.9579092">
        <ele>1131</ele>
      </trkpt>
      <trkpt lat="-40.6955034" lon="-71.9578072">
        <ele>1132.2</ele>
      </trkpt>
      <trkpt lat="-40.6955339" lon="-71.9577026">
        <ele>1133.8</ele>
      </trkpt>
      <trkpt lat="-40.6955827" lon="-71.9576088">
        <ele>1135.2</ele>
      </trkpt>
      <trkpt lat="-40.6956396" lon="-71.957539">
        <ele>1137</ele>
      </trkpt>
      <trkpt lat="-40.6956986" lon="-71.9574907">
        <ele>1138.5</ele>
      </trkpt>
      <trkpt lat="-40.6957657" lon="-71.9574505">
        <ele>1140</ele>
      </trkpt>
      <trkpt lat="-40.6958308" lon="-71.9574264">
        <ele>1141</ele>
      </trkpt>
      <trkpt lat="-40.6959101" lon="-71.9574103">
        <ele>1142</ele>
      </trkpt>
      <trkpt lat="-40.6963046" lon="-71.9573513">
        <ele>1145</ele>
      </trkpt>
      <trkpt lat="-40.6964795" lon="-71.9573191">
        <ele>1146</ele>
      </trkpt>
      <trkpt lat="-40.6966523" lon="-71.9572601">
        <ele>1147.8</ele>
      </trkpt>
      <trkpt lat="-40.6968882" lon="-71.9571662">
        <ele>1150.5</ele>
      </trkpt>
      <trkpt lat="-40.6971302" lon="-71.9570643">
        <ele>1153.5</ele>
      </trkpt>
      <trkpt lat="-40.6972461" lon="-71.9570294">
        <ele>1154.8</ele>
      </trkpt>
      <trkpt lat="-40.6973824" lon="-71.9569919">
        <ele>1156.2</ele>
      </trkpt>
      <trkpt lat="-40.6977322" lon="-71.9569194">
        <ele>1158.8</ele>
      </trkpt>
      <trkpt lat="-40.6978643" lon="-71.9568953">
        <ele>1160</ele>
      </trkpt>
      <trkpt lat="-40.6979558" lon="-71.9568738">
        <ele>1161</ele>
      </trkpt>
      <trkpt lat="-40.6980453" lon="-71.956847">
        <ele>1162.2</ele>
      </trkpt>
      <trkpt lat="-40.698147" lon="-71.9568095">
        <ele>1163.8</ele>
      </trkpt>
      <trkpt lat="-40.6983544" lon="-71.9567263">
        <ele>1167.5</ele>
      </trkpt>
      <trkpt lat="-40.6984561" lon="-71.9566941">
        <ele>1168.8</ele>
      </trkpt>
      <trkpt lat="-40.6985761" lon="-71.9566646">
        <ele>1170</ele>
      </trkpt>
      <trkpt lat="-40.6987062" lon="-71.9566485">
        <ele>1171.2</ele>
      </trkpt>
      <trkpt lat="-40.6988242" lon="-71.9566432">
        <ele>1172.2</ele>
      </trkpt>
      <trkpt lat="-40.6989665" lon="-71.9566512">
        <ele>1173.5</ele>
      </trkpt>
      <trkpt lat="-40.6990824" lon="-71.9566673">
        <ele>1174.2</ele>
      </trkpt>
      <trkpt lat="-40.6992065" lon="-71.9566914">
        <ele>1175</ele>
      </trkpt>
      <trkpt lat="-40.6994891" lon="-71.9567719">
        <ele>1177.5</ele>
      </trkpt>
      <trkpt lat="-40.6996376" lon="-71.9568148">
        <ele>1179.8</ele>
      </trkpt>
      <trkpt lat="-40.6997494" lon="-71.9568524">
        <ele>1181.5</ele>
      </trkpt>
      <trkpt lat="-40.6998633" lon="-71.956898">
        <ele>1183.2</ele>
      </trkpt>
      <trkpt lat="-40.699967" lon="-71.9569516">
        <ele>1184.8</ele>
      </trkpt>
      <trkpt lat="-40.7000626" lon="-71.957016">
        <ele>1185.8</ele>
      </trkpt>
      <trkpt lat="-40.7001744" lon="-71.9571072">
        <ele>1186.2</ele>
      </trkpt>
      <trkpt lat="-40.7011911" lon="-71.958003">
        <ele>1197</ele>
      </trkpt>
      <trkpt lat="-40.7021529" lon="-71.9588426">
        <ele>1205.8</ele>
      </trkpt>
      <trkpt lat="-40.7025637" lon="-71.9592181">
        <ele>1210.2</ele>
      </trkpt>
      <trkpt lat="-40.7036271" lon="-71.9602346">
        <ele>1217.8</ele>
      </trkpt>
      <trkpt lat="-40.7037085" lon="-71.9603017">
        <ele>1218.2</ele>
      </trkpt>
      <trkpt lat="-40.7038101" lon="-71.9603714">
        <ele>1218.8</ele>
      </trkpt>
      <trkpt lat="-40.7039098" lon="-71.9604251">
        <ele>1219.2</ele>
      </trkpt>
      <trkpt lat="-40.7040074" lon="-71.9604626">
        <ele>1220.2</ele>
      </trkpt>
      <trkpt lat="-40.7040907" lon="-71.9604841">
        <ele>1221.2</ele>
      </trkpt>
      <trkpt lat="-40.7041822" lon="-71.9605002">
        <ele>1222</ele>
      </trkpt>
      <trkpt lat="-40.70429" lon="-71.9605002">
        <ele>1223</ele>
      </trkpt>
      <trkpt lat="-40.704414" lon="-71.9604948">
        <ele>1224.5</ele>
      </trkpt>
      <trkpt lat="-40.7045462" lon="-71.960476">
        <ele>1226.8</ele>
      </trkpt>
      <trkpt lat="-40.705022" lon="-71.9603822">
        <ele>1234.8</ele>
      </trkpt>
      <trkpt lat="-40.7051521" lon="-71.9603634">
        <ele>1236.5</ele>
      </trkpt>
      <trkpt lat="-40.7052579" lon="-71.960358">
        <ele>1238</ele>
      </trkpt>
      <trkpt lat="-40.7053636" lon="-71.9603688">
        <ele>1239.5</ele>
      </trkpt>
      <trkpt lat="-40.7054775" lon="-71.9603956">
        <ele>1241</ele>
      </trkpt>
      <trkpt lat="-40.7055751" lon="-71.9604304">
        <ele>1241.8</ele>
      </trkpt>
      <trkpt lat="-40.7056788" lon="-71.9604841">
        <ele>1242</ele>
      </trkpt>
      <trkpt lat="-40.7060305" lon="-71.9607094">
        <ele>1241.5</ele>
      </trkpt>
      <trkpt lat="-40.7061342" lon="-71.9607657">
        <ele>1241.7</ele>
      </trkpt>
      <trkpt lat="-40.7062481" lon="-71.9608113">
        <ele>1242</ele>
      </trkpt>
      <trkpt lat="-40.7063498" lon="-71.9608381">
        <ele>1242.5</ele>
      </trkpt>
      <trkpt lat="-40.7064596" lon="-71.9608435">
        <ele>1243</ele>
      </trkpt>
      <trkpt lat="-40.7065714" lon="-71.9608408">
        <ele>1243.5</ele>
      </trkpt>
      <trkpt lat="-40.706671" lon="-71.960822">
        <ele>1243.8</ele>
      </trkpt>
      <trkpt lat="-40.7067686" lon="-71.9607845">
        <ele>1244</ele>
      </trkpt>
      <trkpt lat="-40.7068703" lon="-71.9607148">
        <ele>1244.2</ele>
      </trkpt>
      <trkpt lat="-40.706976" lon="-71.9606236">
        <ele>1244.5</ele>
      </trkpt>
      <trkpt lat="-40.7070716" lon="-71.9605136">
        <ele>1245.2</ele>
      </trkpt>
      <trkpt lat="-40.7071753" lon="-71.960358">
        <ele>1246.2</ele>
      </trkpt>
      <trkpt lat="-40.7079194" lon="-71.9591054">
        <ele>1254.2</ele>
      </trkpt>
      <trkpt lat="-40.708017" lon="-71.9589177">
        <ele>1256.2</ele>
      </trkpt>
      <trkpt lat="-40.7081045" lon="-71.9587085">
        <ele>1258</ele>
      </trkpt>
      <trkpt lat="-40.7081675" lon="-71.9585207">
        <ele>1258.8</ele>
      </trkpt>
      <trkpt lat="-40.7082203" lon="-71.9583115">
        <ele>1259.2</ele>
      </trkpt>
      <trkpt lat="-40.7082529" lon="-71.9581157">
        <ele>1260</ele>
      </trkpt>
      <trkpt lat="-40.7082752" lon="-71.9578877">
        <ele>1261</ele>
      </trkpt>
      <trkpt lat="-40.7082834" lon="-71.9576517">
        <ele>1260</ele>
      </trkpt>
      <trkpt lat="-40.7082813" lon="-71.9574076">
        <ele>1259.9</ele>
      </trkpt>
      <trkpt lat="-40.708263" lon="-71.9571742">
        <ele>1259.8</ele>
      </trkpt>
      <trkpt lat="-40.7082183" lon="-71.9568256">
        <ele>1259.5</ele>
      </trkpt>
      <trkpt lat="-40.7078564" lon="-71.9546154">
        <ele>1255.5</ele>
      </trkpt>
      <trkpt lat="-40.707834" lon="-71.9544384">
        <ele>1255.4</ele>
      </trkpt>
      <trkpt lat="-40.7078178" lon="-71.9542614">
        <ele>1255.2</ele>
      </trkpt>
      <trkpt lat="-40.7078117" lon="-71.9540736">
        <ele>1254.2</ele>
      </trkpt>
      <trkpt lat="-40.7078117" lon="-71.9539797">
        <ele>1253.8</ele>
      </trkpt>
      <trkpt lat="-40.7078137" lon="-71.9538859">
        <ele>1253.2</ele>
      </trkpt>
      <trkpt lat="-40.7078218" lon="-71.9537598">
        <ele>1252.8</ele>
      </trkpt>
      <trkpt lat="-40.7078381" lon="-71.9536364">
        <ele>1252.5</ele>
      </trkpt>
      <trkpt lat="-40.7078605" lon="-71.953513">
        <ele>1252.2</ele>
      </trkpt>
      <trkpt lat="-40.707891" lon="-71.9533762">
        <ele>1252</ele>
      </trkpt>
      <trkpt lat="-40.7079296" lon="-71.9532421">
        <ele>1251.8</ele>
      </trkpt>
      <trkpt lat="-40.7079743" lon="-71.9531134">
        <ele>1251.9</ele>
      </trkpt>
      <trkpt lat="-40.7080252" lon="-71.9529873">
        <ele>1252</ele>
      </trkpt>
      <trkpt lat="-40.7080821" lon="-71.9528666">
        <ele>1252.1</ele>
      </trkpt>
      <trkpt lat="-40.7082773" lon="-71.9524696">
        <ele>1252.5</ele>
      </trkpt>
      <trkpt lat="-40.7090174" lon="-71.9510213">
        <ele>1260.5</ele>
      </trkpt>
      <trkpt lat="-40.7097452" lon="-71.9496453">
        <ele>1276.2</ele>
      </trkpt>
      <trkpt lat="-40.7098245" lon="-71.9494978">
        <ele>1278</ele>
      </trkpt>
      <trkpt lat="-40.7098998" lon="-71.9493476">
        <ele>1279.2</ele>
      </trkpt>
      <trkpt lat="-40.709973" lon="-71.9491947">
        <ele>1280.2</ele>
      </trkpt>
      <trkpt lat="-40.7100502" lon="-71.949015">
        <ele>1281.2</ele>
      </trkpt>
      <trkpt lat="-40.7101214" lon="-71.9488326">
        <ele>1282.5</ele>
      </trkpt>
      <trkpt lat="-40.7101885" lon="-71.9486475">
        <ele>1283.5</ele>
      </trkpt>
      <trkpt lat="-40.7102434" lon="-71.9484785">
        <ele>1284.8</ele>
      </trkpt>
      <trkpt lat="-40.7102901" lon="-71.9483069">
        <ele>1285.5</ele>
      </trkpt>
      <trkpt lat="-40.7103328" lon="-71.9481325">
        <ele>1286.5</ele>
      </trkpt>
      <trkpt lat="-40.7106093" lon="-71.9468585">
        <ele>1294</ele>
      </trkpt>
      <trkpt lat="-40.710648" lon="-71.9466734">
        <ele>1294.5</ele>
      </trkpt>
      <trkpt lat="-40.7106927" lon="-71.946491">
        <ele>1294.8</ele>
      </trkpt>
      <trkpt lat="-40.7107456" lon="-71.946314">
        <ele>1295</ele>
      </trkpt>
      <trkpt lat="-40.7107984" lon="-71.9461477">
        <ele>1294.9</ele>
      </trkpt>
      <trkpt lat="-40.7108594" lon="-71.9459841">
        <ele>1294.8</ele>
      </trkpt>
      <trkpt lat="-40.7109245" lon="-71.9458231">
        <ele>1295</ele>
      </trkpt>
      <trkpt lat="-40.711018" lon="-71.9456032">
        <ele>1295.5</ele>
      </trkpt>
      <trkpt lat="-40.7111156" lon="-71.9453833">
        <ele>1296</ele>
      </trkpt>
      <trkpt lat="-40.711203" lon="-71.9451982">
        <ele>1296.5</ele>
      </trkpt>
      <trkpt lat="-40.7113677" lon="-71.9449058">
        <ele>1298</ele>
      </trkpt>
      <trkpt lat="-40.7113962" lon="-71.9448575">
        <ele>1298.2</ele>
      </trkpt>
      <trkpt lat="-40.7114328" lon="-71.9448066">
        <ele>1298.3</ele>
      </trkpt>
      <trkpt lat="-40.7114694" lon="-71.9447556">
        <ele>1298.3</ele>
      </trkpt>
      <trkpt lat="-40.7115121" lon="-71.9447047">
        <ele>1298.4</ele>
      </trkpt>
      <trkpt lat="-40.7115588" lon="-71.9446591">
        <ele>1298.4</ele>
      </trkpt>
      <trkpt lat="-40.7116076" lon="-71.9446215">
        <ele>1298.4</ele>
      </trkpt>
      <trkpt lat="-40.7116625" lon="-71.9445866">
        <ele>1298.5</ele>
      </trkpt>
      <trkpt lat="-40.7117113" lon="-71.9445652">
        <ele>1298.5</ele>
      </trkpt>
      <trkpt lat="-40.7117621" lon="-71.9445437">
        <ele>1298.8</ele>
      </trkpt>
      <trkpt lat="-40.711815" lon="-71.9445303">
        <ele>1299</ele>
      </trkpt>
      <trkpt lat="-40.7118679" lon="-71.9445196">
        <ele>1299.2</ele>
      </trkpt>
      <trkpt lat="-40.7119207" lon="-71.9445115">
        <ele>1299.5</ele>
      </trkpt>
      <trkpt lat="-40.7119797" lon="-71.9445062">
        <ele>1299.5</ele>
      </trkpt>
      <trkpt lat="-40.7125367" lon="-71.9444525">
        <ele>1299</ele>
      </trkpt>
      <trkpt lat="-40.7125488" lon="-71.9444525">
        <ele>1299</ele>
      </trkpt>
      <trkpt lat="-40.7125489" lon="-71.9444525">
        <ele>1299</ele>
      </trkpt>
      <trkpt lat="-40.712551" lon="-71.9444525">
        <ele>1299</ele>
      </trkpt>
      <trkpt lat="-40.7126038" lon="-71.9444472">
        <ele>1299</ele>
      </trkpt>
      <trkpt lat="-40.7128824" lon="-71.9444203">
        <ele>1299.2</ele>
      </trkpt>
      <trkpt lat="-40.712923" lon="-71.944415">
        <ele>1299.2</ele>
      </trkpt>
      <trkpt lat="-40.7129617" lon="-71.9444096">
        <ele>1299.2</ele>
      </trkpt>
      <trkpt lat="-40.7130023" lon="-71.9444016">
        <ele>1299.3</ele>
      </trkpt>
      <trkpt lat="-40.713043" lon="-71.9443882">
        <ele>1299.3</ele>
      </trkpt>
      <trkpt lat="-40.7130836" lon="-71.9443721">
        <ele>1299.3</ele>
      </trkpt>
      <trkpt lat="-40.7131182" lon="-71.9443533">
        <ele>1299.4</ele>
      </trkpt>
      <trkpt lat="-40.7131528" lon="-71.9443291">
        <ele>1299.4</ele>
      </trkpt>
      <trkpt lat="-40.7131894" lon="-71.9442943">
        <ele>1299.4</ele>
      </trkpt>
      <trkpt lat="-40.7132056" lon="-71.9442728">
        <ele>1299.4</ele>
      </trkpt>
      <trkpt lat="-40.7132199" lon="-71.944254">
        <ele>1299.4</ele>
      </trkpt>
      <trkpt lat="-40.7132443" lon="-71.9442165">
        <ele>1299.5</ele>
      </trkpt>
      <trkpt lat="-40.7132727" lon="-71.9441682">
        <ele>1299.5</ele>
      </trkpt>
      <trkpt lat="-40.7132991" lon="-71.9441199">
        <ele>1299.2</ele>
      </trkpt>
      <trkpt lat="-40.7134618" lon="-71.9437632">
        <ele>1297.2</ele>
      </trkpt>
      <trkpt lat="-40.7134862" lon="-71.9437015">
        <ele>1297</ele>
      </trkpt>
      <trkpt lat="-40.7135086" lon="-71.9436371">
        <ele>1296.8</ele>
      </trkpt>
      <trkpt lat="-40.7135248" lon="-71.9435701">
        <ele>1296.5</ele>
      </trkpt>
      <trkpt lat="-40.713537" lon="-71.943503">
        <ele>1296.2</ele>
      </trkpt>
      <trkpt lat="-40.7135451" lon="-71.9434306">
        <ele>1296</ele>
      </trkpt>
      <trkpt lat="-40.7135492" lon="-71.9433555">
        <ele>1295.8</ele>
      </trkpt>
      <trkpt lat="-40.7135472" lon="-71.9432831">
        <ele>1295.5</ele>
      </trkpt>
      <trkpt lat="-40.7135411" lon="-71.943208">
        <ele>1295.2</ele>
      </trkpt>
      <trkpt lat="-40.7135289" lon="-71.9431382">
        <ele>1294.8</ele>
      </trkpt>
      <trkpt lat="-40.7135167" lon="-71.9430766">
        <ele>1294.2</ele>
      </trkpt>
      <trkpt lat="-40.7134984" lon="-71.9430068">
        <ele>1293.5</ele>
      </trkpt>
      <trkpt lat="-40.7134781" lon="-71.9429398">
        <ele>1292.8</ele>
      </trkpt>
      <trkpt lat="-40.7133154" lon="-71.9425133">
        <ele>1289.8</ele>
      </trkpt>
      <trkpt lat="-40.7132951" lon="-71.9424543">
        <ele>1289.5</ele>
      </trkpt>
      <trkpt lat="-40.7132768" lon="-71.9423953">
        <ele>1289.2</ele>
      </trkpt>
      <trkpt lat="-40.7132626" lon="-71.9423336">
        <ele>1289</ele>
      </trkpt>
      <trkpt lat="-40.7132524" lon="-71.9422719">
        <ele>1288.8</ele>
      </trkpt>
      <trkpt lat="-40.7132443" lon="-71.9422102">
        <ele>1288.5</ele>
      </trkpt>
      <trkpt lat="-40.7132382" lon="-71.9421485">
        <ele>1288.2</ele>
      </trkpt>
      <trkpt lat="-40.7132341" lon="-71.9420868">
        <ele>1288</ele>
      </trkpt>
      <trkpt lat="-40.7132341" lon="-71.9420224">
        <ele>1287.8</ele>
      </trkpt>
      <trkpt lat="-40.7132361" lon="-71.9419634">
        <ele>1287.5</ele>
      </trkpt>
      <trkpt lat="-40.7132402" lon="-71.9419017">
        <ele>1287</ele>
      </trkpt>
      <trkpt lat="-40.7132483" lon="-71.9418401">
        <ele>1286.8</ele>
      </trkpt>
      <trkpt lat="-40.7132605" lon="-71.9417757">
        <ele>1286.5</ele>
      </trkpt>
      <trkpt lat="-40.7132768" lon="-71.9417167">
        <ele>1286.4</ele>
      </trkpt>
      <trkpt lat="-40.7132951" lon="-71.941655">
        <ele>1286.4</ele>
      </trkpt>
      <trkpt lat="-40.7133134" lon="-71.9415987">
        <ele>1286.3</ele>
      </trkpt>
      <trkpt lat="-40.7133357" lon="-71.941545">
        <ele>1286.2</ele>
      </trkpt>
      <trkpt lat="-40.7134882" lon="-71.9411775">
        <ele>1283.2</ele>
      </trkpt>
      <trkpt lat="-40.7135106" lon="-71.9411239">
        <ele>1283</ele>
      </trkpt>
      <trkpt lat="-40.713537" lon="-71.9410703">
        <ele>1282.8</ele>
      </trkpt>
      <trkpt lat="-40.7135695" lon="-71.9410166">
        <ele>1282.5</ele>
      </trkpt>
      <trkpt lat="-40.7136041" lon="-71.9409683">
        <ele>1282.5</ele>
      </trkpt>
      <trkpt lat="-40.7136387" lon="-71.9409254">
        <ele>1282.4</ele>
      </trkpt>
      <trkpt lat="-40.7136773" lon="-71.9408852">
        <ele>1282.4</ele>
      </trkpt>
      <trkpt lat="-40.7137139" lon="-71.9408557">
        <ele>1282.4</ele>
      </trkpt>
      <trkpt lat="-40.7137546" lon="-71.9408262">
        <ele>1282.4</ele>
      </trkpt>
      <trkpt lat="-40.7137952" lon="-71.940802">
        <ele>1282.3</ele>
      </trkpt>
      <trkpt lat="-40.7138359" lon="-71.9407806">
        <ele>1282.3</ele>
      </trkpt>
      <trkpt lat="-40.7138786" lon="-71.9407618">
        <ele>1282.3</ele>
      </trkpt>
      <trkpt lat="-40.7139233" lon="-71.9407484">
        <ele>1282.2</ele>
      </trkpt>
      <trkpt lat="-40.7144112" lon="-71.940617">
        <ele>1280.2</ele>
      </trkpt>
      <trkpt lat="-40.714456" lon="-71.9406036">
        <ele>1280</ele>
      </trkpt>
      <trkpt lat="-40.7145007" lon="-71.9405875">
        <ele>1279.5</ele>
      </trkpt>
      <trkpt lat="-40.7145434" lon="-71.9405633">
        <ele>1279</ele>
      </trkpt>
      <trkpt lat="-40.7145861" lon="-71.9405365">
        <ele>1278.5</ele>
      </trkpt>
      <trkpt lat="-40.7146267" lon="-71.940507">
        <ele>1278</ele>
      </trkpt>
      <trkpt lat="-40.7146674" lon="-71.9404668">
        <ele>1277.2</ele>
      </trkpt>
      <trkpt lat="-40.714704" lon="-71.9404265">
        <ele>1276.5</ele>
      </trkpt>
      <trkpt lat="-40.7147406" lon="-71.9403836">
        <ele>1275.8</ele>
      </trkpt>
      <trkpt lat="-40.7147751" lon="-71.9403327">
        <ele>1275</ele>
      </trkpt>
      <trkpt lat="-40.7152346" lon="-71.9396165">
        <ele>1267.5</ele>
      </trkpt>
      <trkpt lat="-40.715261" lon="-71.9395736">
        <ele>1267.2</ele>
      </trkpt>
      <trkpt lat="-40.7152895" lon="-71.9395334">
        <ele>1266.8</ele>
      </trkpt>
      <trkpt lat="-40.7153241" lon="-71.9394878">
        <ele>1266.2</ele>
      </trkpt>
      <trkpt lat="-40.7153545" lon="-71.9394475">
        <ele>1265.8</ele>
      </trkpt>
      <trkpt lat="-40.7153891" lon="-71.9394073">
        <ele>1265.2</ele>
      </trkpt>
      <trkpt lat="-40.7154237" lon="-71.9393697">
        <ele>1265</ele>
      </trkpt>
      <trkpt lat="-40.7154562" lon="-71.9393322">
        <ele>1264.8</ele>
      </trkpt>
      <trkpt lat="-40.7154908" lon="-71.9392973">
        <ele>1264.5</ele>
      </trkpt>
      <trkpt lat="-40.7155274" lon="-71.9392624">
        <ele>1264.2</ele>
      </trkpt>
      <trkpt lat="-40.7155639" lon="-71.9392276">
        <ele>1264</ele>
      </trkpt>
      <trkpt lat="-40.7156026" lon="-71.9391927">
        <ele>1263.8</ele>
      </trkpt>
      <trkpt lat="-40.7156392" lon="-71.9391632">
        <ele>1263.5</ele>
      </trkpt>
      <trkpt lat="-40.7166292" lon="-71.9384497">
        <ele>1258.5</ele>
      </trkpt>
      <trkpt lat="-40.7166841" lon="-71.9384095">
        <ele>1258</ele>
      </trkpt>
      <trkpt lat="-40.7167431" lon="-71.9383612">
        <ele>1257.5</ele>
      </trkpt>
      <trkpt lat="-40.716798" lon="-71.9383103">
        <ele>1257</ele>
      </trkpt>
      <trkpt lat="-40.7168529" lon="-71.9382513">
        <ele>1256.8</ele>
      </trkpt>
      <trkpt lat="-40.7169037" lon="-71.9381896">
        <ele>1256.5</ele>
      </trkpt>
      <trkpt lat="-40.7169545" lon="-71.9381198">
        <ele>1256</ele>
      </trkpt>
      <trkpt lat="-40.7169992" lon="-71.9380501">
        <ele>1255.5</ele>
      </trkpt>
      <trkpt lat="-40.717044" lon="-71.9379723">
        <ele>1254.8</ele>
      </trkpt>
      <trkpt lat="-40.7173001" lon="-71.9375244">
        <ele>1250.2</ele>
      </trkpt>
      <trkpt lat="-40.7173591" lon="-71.9374278">
        <ele>1249.2</ele>
      </trkpt>
      <trkpt lat="-40.717418" lon="-71.9373366">
        <ele>1248.5</ele>
      </trkpt>
      <trkpt lat="-40.717479" lon="-71.9372481">
        <ele>1248</ele>
      </trkpt>
      <trkpt lat="-40.71754" lon="-71.9371623">
        <ele>1247.8</ele>
      </trkpt>
      <trkpt lat="-40.7176071" lon="-71.9370791">
        <ele>1247.5</ele>
      </trkpt>
      <trkpt lat="-40.7176762" lon="-71.936996">
        <ele>1247.4</ele>
      </trkpt>
      <trkpt lat="-40.7177433" lon="-71.9369236">
        <ele>1247.4</ele>
      </trkpt>
      <trkpt lat="-40.7178144" lon="-71.9368538">
        <ele>1247.3</ele>
      </trkpt>
      <trkpt lat="-40.7178897" lon="-71.9367868">
        <ele>1247.2</ele>
      </trkpt>
      <trkpt lat="-40.717971" lon="-71.9367224">
        <ele>1247.5</ele>
      </trkpt>
      <trkpt lat="-40.7180503" lon="-71.9366634">
        <ele>1247.8</ele>
      </trkpt>
      <trkpt lat="-40.7181316" lon="-71.9366124">
        <ele>1248.5</ele>
      </trkpt>
      <trkpt lat="-40.7182149" lon="-71.9365641">
        <ele>1249.2</ele>
      </trkpt>
      <trkpt lat="-40.7182983" lon="-71.9365239">
        <ele>1250</ele>
      </trkpt>
      <trkpt lat="-40.7183816" lon="-71.936489">
        <ele>1250.8</ele>
      </trkpt>
      <trkpt lat="-40.7184609" lon="-71.9364595">
        <ele>1251.2</ele>
      </trkpt>
      <trkpt lat="-40.7185402" lon="-71.9364354">
        <ele>1251.8</ele>
      </trkpt>
      <trkpt lat="-40.7186174" lon="-71.9364193">
        <ele>1252</ele>
      </trkpt>
      <trkpt lat="-40.7190505" lon="-71.9363067">
        <ele>1252.1</ele>
      </trkpt>
      <trkpt lat="-40.7190952" lon="-71.9362932">
        <ele>1252.1</ele>
      </trkpt>
      <trkpt lat="-40.7191358" lon="-71.9362745">
        <ele>1252.2</ele>
      </trkpt>
      <trkpt lat="-40.7191826" lon="-71.936253">
        <ele>1252.2</ele>
      </trkpt>
      <trkpt lat="-40.7192273" lon="-71.9362262">
        <ele>1252.2</ele>
      </trkpt>
      <trkpt lat="-40.719272" lon="-71.936194">
        <ele>1252.2</ele>
      </trkpt>
      <trkpt lat="-40.7193147" lon="-71.9361565">
        <ele>1252.2</ele>
      </trkpt>
      <trkpt lat="-40.7193513" lon="-71.9361216">
        <ele>1252.2</ele>
      </trkpt>
      <trkpt lat="-40.7193879" lon="-71.9360813">
        <ele>1252.2</ele>
      </trkpt>
      <trkpt lat="-40.7194245" lon="-71.9360331">
        <ele>1252.2</ele>
      </trkpt>
      <trkpt lat="-40.719457" lon="-71.9359821">
        <ele>1252.5</ele>
      </trkpt>
      <trkpt lat="-40.7194835" lon="-71.9359285">
        <ele>1252.5</ele>
      </trkpt>
      <trkpt lat="-40.7195099" lon="-71.9358721">
        <ele>1252.6</ele>
      </trkpt>
      <trkpt lat="-40.7195302" lon="-71.9358158">
        <ele>1252.6</ele>
      </trkpt>
      <trkpt lat="-40.7195485" lon="-71.9357568">
        <ele>1252.7</ele>
      </trkpt>
      <trkpt lat="-40.7195627" lon="-71.9357005">
        <ele>1252.7</ele>
      </trkpt>
      <trkpt lat="-40.719577" lon="-71.9356441">
        <ele>1252.8</ele>
      </trkpt>
      <trkpt lat="-40.7197152" lon="-71.9348931">
        <ele>1251.8</ele>
      </trkpt>
      <trkpt lat="-40.7197233" lon="-71.9348502">
        <ele>1251.5</ele>
      </trkpt>
      <trkpt lat="-40.7197355" lon="-71.9348019">
        <ele>1251.2</ele>
      </trkpt>
      <trkpt lat="-40.7197498" lon="-71.9347563">
        <ele>1251</ele>
      </trkpt>
      <trkpt lat="-40.719766" lon="-71.9347107">
        <ele>1250.8</ele>
      </trkpt>
      <trkpt lat="-40.7197823" lon="-71.9346678">
        <ele>1250.5</ele>
      </trkpt>
      <trkpt lat="-40.7197986" lon="-71.9346222">
        <ele>1250.2</ele>
      </trkpt>
      <trkpt lat="-40.7198189" lon="-71.9345793">
        <ele>1250</ele>
      </trkpt>
      <trkpt lat="-40.7198392" lon="-71.9345364">
        <ele>1249.8</ele>
      </trkpt>
      <trkpt lat="-40.7198616" lon="-71.9344962">
        <ele>1249.2</ele>
      </trkpt>
      <trkpt lat="-40.719886" lon="-71.9344532">
        <ele>1248.8</ele>
      </trkpt>
      <trkpt lat="-40.7199124" lon="-71.9344157">
        <ele>1248.2</ele>
      </trkpt>
      <trkpt lat="-40.7199388" lon="-71.9343835">
        <ele>1247.8</ele>
      </trkpt>
      <trkpt lat="-40.7199673" lon="-71.9343486">
        <ele>1247.2</ele>
      </trkpt>
      <trkpt lat="-40.7199978" lon="-71.9343191">
        <ele>1246.8</ele>
      </trkpt>
      <trkpt lat="-40.7200303" lon="-71.934287">
        <ele>1246.5</ele>
      </trkpt>
      <trkpt lat="-40.7200608" lon="-71.9342601">
        <ele>1246.2</ele>
      </trkpt>
      <trkpt lat="-40.7203678" lon="-71.9340214">
        <ele>1242.8</ele>
      </trkpt>
      <trkpt lat="-40.7203982" lon="-71.9339946">
        <ele>1242.2</ele>
      </trkpt>
      <trkpt lat="-40.7204308" lon="-71.9339651">
        <ele>1241.8</ele>
      </trkpt>
      <trkpt lat="-40.7204633" lon="-71.9339275">
        <ele>1241</ele>
      </trkpt>
      <trkpt lat="-40.7204958" lon="-71.9338873">
        <ele>1240.2</ele>
      </trkpt>
      <trkpt lat="-40.7205283" lon="-71.9338417">
        <ele>1239.5</ele>
      </trkpt>
      <trkpt lat="-40.7205568" lon="-71.9337961">
        <ele>1239</ele>
      </trkpt>
      <trkpt lat="-40.7205812" lon="-71.9337505">
        <ele>1238.5</ele>
      </trkpt>
      <trkpt lat="-40.7206076" lon="-71.9336995">
        <ele>1238</ele>
      </trkpt>
      <trkpt lat="-40.7208617" lon="-71.9331765">
        <ele>1233.5</ele>
      </trkpt>
      <trkpt lat="-40.721065" lon="-71.9327635">
        <ele>1230.2</ele>
      </trkpt>
      <trkpt lat="-40.7210975" lon="-71.9326991">
        <ele>1230</ele>
      </trkpt>
      <trkpt lat="-40.7211362" lon="-71.9326374">
        <ele>1229.8</ele>
      </trkpt>
      <trkpt lat="-40.7211789" lon="-71.9325784">
        <ele>1229.5</ele>
      </trkpt>
      <trkpt lat="-40.7212256" lon="-71.9325221">
        <ele>1229.2</ele>
      </trkpt>
      <trkpt lat="-40.7212764" lon="-71.9324684">
        <ele>1229</ele>
      </trkpt>
      <trkpt lat="-40.7213252" lon="-71.9324201">
        <ele>1228.8</ele>
      </trkpt>
      <trkpt lat="-40.721372" lon="-71.9323826">
        <ele>1228.5</ele>
      </trkpt>
      <trkpt lat="-40.7214248" lon="-71.932345">
        <ele>1228.2</ele>
      </trkpt>
      <trkpt lat="-40.7214858" lon="-71.9323128">
        <ele>1227.8</ele>
      </trkpt>
      <trkpt lat="-40.7215488" lon="-71.9322833">
        <ele>1227.2</ele>
      </trkpt>
      <trkpt lat="-40.7216098" lon="-71.9322592">
        <ele>1226.8</ele>
      </trkpt>
      <trkpt lat="-40.7216749" lon="-71.9322404">
        <ele>1226.5</ele>
      </trkpt>
      <trkpt lat="-40.7217379" lon="-71.9322297">
        <ele>1226.2</ele>
      </trkpt>
      <trkpt lat="-40.7218029" lon="-71.9322243">
        <ele>1225.8</ele>
      </trkpt>
      <trkpt lat="-40.7218639" lon="-71.9322217">
        <ele>1225.2</ele>
      </trkpt>
      <trkpt lat="-40.7219249" lon="-71.9322243">
        <ele>1224.8</ele>
      </trkpt>
      <trkpt lat="-40.7231446" lon="-71.9323182">
        <ele>1210.5</ele>
      </trkpt>
      <trkpt lat="-40.7232035" lon="-71.9323263">
        <ele>1210</ele>
      </trkpt>
      <trkpt lat="-40.7232625" lon="-71.932337">
        <ele>1209.5</ele>
      </trkpt>
      <trkpt lat="-40.7233255" lon="-71.9323558">
        <ele>1209</ele>
      </trkpt>
      <trkpt lat="-40.7233865" lon="-71.9323799">
        <ele>1208.8</ele>
      </trkpt>
      <trkpt lat="-40.7234434" lon="-71.9324121">
        <ele>1208.5</ele>
      </trkpt>
      <trkpt lat="-40.7235003" lon="-71.9324443">
        <ele>1208</ele>
      </trkpt>
      <trkpt lat="-40.7238377" lon="-71.9326749">
        <ele>1204.8</ele>
      </trkpt>
      <trkpt lat="-40.7238825" lon="-71.9327018">
        <ele>1204.2</ele>
      </trkpt>
      <trkpt lat="-40.7239312" lon="-71.9327259">
        <ele>1203.8</ele>
      </trkpt>
      <trkpt lat="-40.7239841" lon="-71.932742">
        <ele>1203.2</ele>
      </trkpt>
      <trkpt lat="-40.724037" lon="-71.9327527">
        <ele>1203</ele>
      </trkpt>
      <trkpt lat="-40.7240939" lon="-71.9327554">
        <ele>1202.8</ele>
      </trkpt>
      <trkpt lat="-40.7241488" lon="-71.93275">
        <ele>1202.7</ele>
      </trkpt>
      <trkpt lat="-40.7242036" lon="-71.9327366">
        <ele>1202.7</ele>
      </trkpt>
      <trkpt lat="-40.7242565" lon="-71.9327098">
        <ele>1202.6</ele>
      </trkpt>
      <trkpt lat="-40.7243032" lon="-71.9326723">
        <ele>1202.6</ele>
      </trkpt>
      <trkpt lat="-40.7243459" lon="-71.9326267">
        <ele>1202.5</ele>
      </trkpt>
      <trkpt lat="-40.7243866" lon="-71.932573">
        <ele>1202.5</ele>
      </trkpt>
      <trkpt lat="-40.7244211" lon="-71.9325113">
        <ele>1202.2</ele>
      </trkpt>
      <trkpt lat="-40.7244516" lon="-71.932455">
        <ele>1202</ele>
      </trkpt>
      <trkpt lat="-40.7244842" lon="-71.9323853">
        <ele>1201.8</ele>
      </trkpt>
      <trkpt lat="-40.7245106" lon="-71.9323209">
        <ele>1201.5</ele>
      </trkpt>
      <trkpt lat="-40.724537" lon="-71.9322512">
        <ele>1201.2</ele>
      </trkpt>
      <trkpt lat="-40.7245594" lon="-71.9321868">
        <ele>1201</ele>
      </trkpt>
      <trkpt lat="-40.7245797" lon="-71.9321224">
        <ele>1200.8</ele>
      </trkpt>
      <trkpt lat="-40.724596" lon="-71.932058">
        <ele>1200.5</ele>
      </trkpt>
      <trkpt lat="-40.7246102" lon="-71.9319937">
        <ele>1200.2</ele>
      </trkpt>
      <trkpt lat="-40.7246203" lon="-71.9319239">
        <ele>1200</ele>
      </trkpt>
      <trkpt lat="-40.7246264" lon="-71.9318515">
        <ele>1199.8</ele>
      </trkpt>
      <trkpt lat="-40.7246285" lon="-71.9317791">
        <ele>1199.7</ele>
      </trkpt>
      <trkpt lat="-40.7246203" lon="-71.931704">
        <ele>1199.6</ele>
      </trkpt>
      <trkpt lat="-40.7246081" lon="-71.9316316">
        <ele>1199.6</ele>
      </trkpt>
      <trkpt lat="-40.7245899" lon="-71.9315618">
        <ele>1199.5</ele>
      </trkpt>
      <trkpt lat="-40.7245695" lon="-71.9314921">
        <ele>1199.2</ele>
      </trkpt>
      <trkpt lat="-40.7245451" lon="-71.9314277">
        <ele>1198.8</ele>
      </trkpt>
      <trkpt lat="-40.7243439" lon="-71.9309878">
        <ele>1196.5</ele>
      </trkpt>
      <trkpt lat="-40.7243195" lon="-71.9309315">
        <ele>1196.2</ele>
      </trkpt>
      <trkpt lat="-40.7242971" lon="-71.9308645">
        <ele>1196</ele>
      </trkpt>
      <trkpt lat="-40.7242727" lon="-71.930792">
        <ele>1195.8</ele>
      </trkpt>
      <trkpt lat="-40.7242545" lon="-71.9307223">
        <ele>1195.5</ele>
      </trkpt>
      <trkpt lat="-40.7242423" lon="-71.9306526">
        <ele>1195</ele>
      </trkpt>
      <trkpt lat="-40.7242341" lon="-71.9305748">
        <ele>1194.5</ele>
      </trkpt>
      <trkpt lat="-40.7242301" lon="-71.9304943">
        <ele>1193.8</ele>
      </trkpt>
      <trkpt lat="-40.7242321" lon="-71.9304219">
        <ele>1193.2</ele>
      </trkpt>
      <trkpt lat="-40.7242382" lon="-71.9303468">
        <ele>1192.5</ele>
      </trkpt>
      <trkpt lat="-40.7242484" lon="-71.930277">
        <ele>1192</ele>
      </trkpt>
      <trkpt lat="-40.7242585" lon="-71.9302046">
        <ele>1191.5</ele>
      </trkpt>
      <trkpt lat="-40.7242727" lon="-71.9301376">
        <ele>1190.8</ele>
      </trkpt>
      <trkpt lat="-40.724348" lon="-71.9298103">
        <ele>1186.5</ele>
      </trkpt>
      <trkpt lat="-40.7243602" lon="-71.9297513">
        <ele>1185.8</ele>
      </trkpt>
      <trkpt lat="-40.7243703" lon="-71.9296896">
        <ele>1185</ele>
      </trkpt>
      <trkpt lat="-40.7243785" lon="-71.9296226">
        <ele>1184.2</ele>
      </trkpt>
      <trkpt lat="-40.7243825" lon="-71.9295555">
        <ele>1183.5</ele>
      </trkpt>
      <trkpt lat="-40.7243845" lon="-71.9294912">
        <ele>1183</ele>
      </trkpt>
      <trkpt lat="-40.7243825" lon="-71.9294268">
        <ele>1182.5</ele>
      </trkpt>
      <trkpt lat="-40.7243785" lon="-71.9293624">
        <ele>1182.2</ele>
      </trkpt>
      <trkpt lat="-40.7243683" lon="-71.929298">
        <ele>1182</ele>
      </trkpt>
      <trkpt lat="-40.724352" lon="-71.9292337">
        <ele>1181.8</ele>
      </trkpt>
      <trkpt lat="-40.7243358" lon="-71.9291747">
        <ele>1181.6</ele>
      </trkpt>
      <trkpt lat="-40.7243154" lon="-71.9291183">
        <ele>1181.5</ele>
      </trkpt>
      <trkpt lat="-40.7242118" lon="-71.9288743">
        <ele>1181.2</ele>
      </trkpt>
      <trkpt lat="-40.7241528" lon="-71.9287375">
        <ele>1181</ele>
      </trkpt>
      <trkpt lat="-40.7239922" lon="-71.928362">
        <ele>1180.5</ele>
      </trkpt>
      <trkpt lat="-40.7239719" lon="-71.9283056">
        <ele>1180.2</ele>
      </trkpt>
      <trkpt lat="-40.7239556" lon="-71.9282493">
        <ele>1180</ele>
      </trkpt>
      <trkpt lat="-40.7239414" lon="-71.9281957">
        <ele>1179.5</ele>
      </trkpt>
      <trkpt lat="-40.7239333" lon="-71.9281366">
        <ele>1179</ele>
      </trkpt>
      <trkpt lat="-40.7239312" lon="-71.9280776">
        <ele>1178.5</ele>
      </trkpt>
      <trkpt lat="-40.7239333" lon="-71.9280159">
        <ele>1177.8</ele>
      </trkpt>
      <trkpt lat="-40.7239394" lon="-71.9279569">
        <ele>1177</ele>
      </trkpt>
      <trkpt lat="-40.7239536" lon="-71.9278979">
        <ele>1176.2</ele>
      </trkpt>
      <trkpt lat="-40.723976" lon="-71.9278416">
        <ele>1175.5</ele>
      </trkpt>
      <trkpt lat="-40.7240044" lon="-71.9277906">
        <ele>1174.8</ele>
      </trkpt>
      <trkpt lat="-40.724039" lon="-71.927745">
        <ele>1174</ele>
      </trkpt>
      <trkpt lat="-40.7240776" lon="-71.9277048">
        <ele>1173.2</ele>
      </trkpt>
      <trkpt lat="-40.7241203" lon="-71.9276753">
        <ele>1172.5</ele>
      </trkpt>
      <trkpt lat="-40.724165" lon="-71.9276538">
        <ele>1171.8</ele>
      </trkpt>
      <trkpt lat="-40.7242077" lon="-71.9276378">
        <ele>1171</ele>
      </trkpt>
      <trkpt lat="-40.7242504" lon="-71.9276297">
        <ele>1170.5</ele>
      </trkpt>
      <trkpt lat="-40.7242951" lon="-71.9276243">
        <ele>1170</ele>
      </trkpt>
      <trkpt lat="-40.7243378" lon="-71.9276297">
        <ele>1169.5</ele>
      </trkpt>
      <trkpt lat="-40.7243785" lon="-71.9276378">
        <ele>1169.2</ele>
      </trkpt>
      <trkpt lat="-40.7244171" lon="-71.9276512">
        <ele>1169</ele>
      </trkpt>
      <trkpt lat="-40.7244557" lon="-71.9276726">
        <ele>1168.8</ele>
      </trkpt>
      <trkpt lat="-40.7244882" lon="-71.9276968">
        <ele>1168.5</ele>
      </trkpt>
      <trkpt lat="-40.7245248" lon="-71.9277263">
        <ele>1168.4</ele>
      </trkpt>
      <trkpt lat="-40.7245553" lon="-71.9277611">
        <ele>1168.4</ele>
      </trkpt>
      <trkpt lat="-40.7245817" lon="-71.9278014">
        <ele>1168.4</ele>
      </trkpt>
      <trkpt lat="-40.7246081" lon="-71.9278443">
        <ele>1168.3</ele>
      </trkpt>
      <trkpt lat="-40.7246305" lon="-71.9278899">
        <ele>1168.2</ele>
      </trkpt>
      <trkpt lat="-40.7246488" lon="-71.9279355">
        <ele>1168.5</ele>
      </trkpt>
      <trkpt lat="-40.7246651" lon="-71.9279864">
        <ele>1168.8</ele>
      </trkpt>
      <trkpt lat="-40.7246752" lon="-71.9280401">
        <ele>1169</ele>
      </trkpt>
      <trkpt lat="-40.7246834" lon="-71.9280937">
        <ele>1169.2</ele>
      </trkpt>
      <trkpt lat="-40.7246874" lon="-71.9281474">
        <ele>1169.5</ele>
      </trkpt>
      <trkpt lat="-40.7246976" lon="-71.9285443">
        <ele>1172.2</ele>
      </trkpt>
      <trkpt lat="-40.7246996" lon="-71.9285926">
        <ele>1172.5</ele>
      </trkpt>
      <trkpt lat="-40.7247037" lon="-71.9286436">
        <ele>1172.8</ele>
      </trkpt>
      <trkpt lat="-40.7247098" lon="-71.9286945">
        <ele>1173</ele>
      </trkpt>
      <trkpt lat="-40.7247159" lon="-71.9287455">
        <ele>1173.2</ele>
      </trkpt>
      <trkpt lat="-40.724724" lon="-71.9287965">
        <ele>1173.5</ele>
      </trkpt>
      <trkpt lat="-40.7247362" lon="-71.9288474">
        <ele>1173.8</ele>
      </trkpt>
      <trkpt lat="-40.7247525" lon="-71.928893">
        <ele>1173.8</ele>
      </trkpt>
      <trkpt lat="-40.7247708" lon="-71.9289333">
        <ele>1173.8</ele>
      </trkpt>
      <trkpt lat="-40.7247952" lon="-71.9289708">
        <ele>1173.9</ele>
      </trkpt>
      <trkpt lat="-40.7248216" lon="-71.9290057">
        <ele>1173.9</ele>
      </trkpt>
      <trkpt lat="-40.72485" lon="-71.9290352">
        <ele>1173.9</ele>
      </trkpt>
      <trkpt lat="-40.7248805" lon="-71.9290566">
        <ele>1174</ele>
      </trkpt>
      <trkpt lat="-40.724909" lon="-71.9290754">
        <ele>1174</ele>
      </trkpt>
      <trkpt lat="-40.7249415" lon="-71.9290888">
        <ele>1173.8</ele>
      </trkpt>
      <trkpt lat="-40.724974" lon="-71.9290969">
        <ele>1173.5</ele>
      </trkpt>
      <trkpt lat="-40.7250086" lon="-71.9291022">
        <ele>1173.2</ele>
      </trkpt>
      <trkpt lat="-40.7250452" lon="-71.9291022">
        <ele>1173</ele>
      </trkpt>
      <trkpt lat="-40.7250797" lon="-71.9290996">
        <ele>1172.5</ele>
      </trkpt>
      <trkpt lat="-40.7251184" lon="-71.9290861">
        <ele>1172</ele>
      </trkpt>
      <trkpt lat="-40.7251549" lon="-71.9290674">
        <ele>1171.5</ele>
      </trkpt>
      <trkpt lat="-40.7251875" lon="-71.9290459">
        <ele>1171</ele>
      </trkpt>
      <trkpt lat="-40.72522" lon="-71.9290137">
        <ele>1170.5</ele>
      </trkpt>
      <trkpt lat="-40.7252505" lon="-71.9289789">
        <ele>1170</ele>
      </trkpt>
      <trkpt lat="-40.7252789" lon="-71.9289333">
        <ele>1169.8</ele>
      </trkpt>
      <trkpt lat="-40.7252993" lon="-71.9288903">
        <ele>1169.5</ele>
      </trkpt>
      <trkpt lat="-40.7253135" lon="-71.9288394">
        <ele>1169.2</ele>
      </trkpt>
      <trkpt lat="-40.7253216" lon="-71.9287857">
        <ele>1169</ele>
      </trkpt>
      <trkpt lat="-40.7253237" lon="-71.9287294">
        <ele>1168.8</ele>
      </trkpt>
      <trkpt lat="-40.7253196" lon="-71.9286758">
        <ele>1168.5</ele>
      </trkpt>
      <trkpt lat="-40.7253115" lon="-71.9286221">
        <ele>1168.2</ele>
      </trkpt>
      <trkpt lat="-40.7253013" lon="-71.9285685">
        <ele>1168</ele>
      </trkpt>
      <trkpt lat="-40.7252871" lon="-71.9285175">
        <ele>1167.8</ele>
      </trkpt>
      <trkpt lat="-40.7250838" lon="-71.9277853">
        <ele>1164</ele>
      </trkpt>
      <trkpt lat="-40.7250736" lon="-71.9277504">
        <ele>1164</ele>
      </trkpt>
      <trkpt lat="-40.7250635" lon="-71.9277155">
        <ele>1163.8</ele>
      </trkpt>
      <trkpt lat="-40.7250574" lon="-71.9276807">
        <ele>1163.5</ele>
      </trkpt>
      <trkpt lat="-40.7250492" lon="-71.9276431">
        <ele>1163.2</ele>
      </trkpt>
      <trkpt lat="-40.7250432" lon="-71.9276083">
        <ele>1163</ele>
      </trkpt>
      <trkpt lat="-40.7250371" lon="-71.9275707">
        <ele>1162.8</ele>
      </trkpt>
      <trkpt lat="-40.725033" lon="-71.9275305">
        <ele>1162.5</ele>
      </trkpt>
      <trkpt lat="-40.725031" lon="-71.9274902">
        <ele>1162.2</ele>
      </trkpt>
      <trkpt lat="-40.725031" lon="-71.92745">
        <ele>1162</ele>
      </trkpt>
      <trkpt lat="-40.725033" lon="-71.9274098">
        <ele>1161.8</ele>
      </trkpt>
      <trkpt lat="-40.7250371" lon="-71.9273669">
        <ele>1161.5</ele>
      </trkpt>
      <trkpt lat="-40.7250452" lon="-71.9273239">
        <ele>1161</ele>
      </trkpt>
      <trkpt lat="-40.7250574" lon="-71.927281">
        <ele>1160.5</ele>
      </trkpt>
      <trkpt lat="-40.7250716" lon="-71.9272435">
        <ele>1160</ele>
      </trkpt>
      <trkpt lat="-40.7250858" lon="-71.9272059">
        <ele>1159.5</ele>
      </trkpt>
      <trkpt lat="-40.7251062" lon="-71.9271737">
        <ele>1159.2</ele>
      </trkpt>
      <trkpt lat="-40.7252546" lon="-71.9269323">
        <ele>1157</ele>
      </trkpt>
      <trkpt lat="-40.7256164" lon="-71.9262806">
        <ele>1155.5</ele>
      </trkpt>
      <trkpt lat="-40.7256428" lon="-71.9262242">
        <ele>1155.8</ele>
      </trkpt>
      <trkpt lat="-40.7256713" lon="-71.9261652">
        <ele>1156</ele>
      </trkpt>
      <trkpt lat="-40.7256977" lon="-71.9260982">
        <ele>1156.2</ele>
      </trkpt>
      <trkpt lat="-40.7257261" lon="-71.9260284">
        <ele>1156.5</ele>
      </trkpt>
      <trkpt lat="-40.7257526" lon="-71.9259533">
        <ele>1156.8</ele>
      </trkpt>
      <trkpt lat="-40.7257729" lon="-71.9258755">
        <ele>1157.2</ele>
      </trkpt>
      <trkpt lat="-40.7257912" lon="-71.9258004">
        <ele>1157.8</ele>
      </trkpt>
      <trkpt lat="-40.7258074" lon="-71.9257253">
        <ele>1158.2</ele>
      </trkpt>
      <trkpt lat="-40.7258196" lon="-71.9256449">
        <ele>1158.3</ele>
      </trkpt>
      <trkpt lat="-40.7258278" lon="-71.9255698">
        <ele>1158.4</ele>
      </trkpt>
      <trkpt lat="-40.7258318" lon="-71.9254893">
        <ele>1158.4</ele>
      </trkpt>
      <trkpt lat="-40.7258339" lon="-71.9254062">
        <ele>1158.5</ele>
      </trkpt>
      <trkpt lat="-40.7258339" lon="-71.925323">
        <ele>1158.8</ele>
      </trkpt>
      <trkpt lat="-40.7258318" lon="-71.9252318">
        <ele>1159</ele>
      </trkpt>
      <trkpt lat="-40.7256591" lon="-71.9220427">
        <ele>1155</ele>
      </trkpt>
      <trkpt lat="-40.7255981" lon="-71.9209242">
        <ele>1150.8</ele>
      </trkpt>
      <trkpt lat="-40.7255757" lon="-71.9204816">
        <ele>1148</ele>
      </trkpt>
      <trkpt lat="-40.7255676" lon="-71.9203153">
        <ele>1147.9</ele>
      </trkpt>
      <trkpt lat="-40.7255615" lon="-71.920141">
        <ele>1147.9</ele>
      </trkpt>
      <trkpt lat="-40.7255554" lon="-71.919964">
        <ele>1147.8</ele>
      </trkpt>
      <trkpt lat="-40.7255554" lon="-71.9197896">
        <ele>1147.8</ele>
      </trkpt>
      <trkpt lat="-40.7255391" lon="-71.9190949">
        <ele>1150</ele>
      </trkpt>
      <trkpt lat="-40.7255351" lon="-71.9190198">
        <ele>1150.2</ele>
      </trkpt>
      <trkpt lat="-40.7255269" lon="-71.9189447">
        <ele>1150.5</ele>
      </trkpt>
      <trkpt lat="-40.7255147" lon="-71.9188643">
        <ele>1150.6</ele>
      </trkpt>
      <trkpt lat="-40.7254985" lon="-71.9187891">
        <ele>1150.7</ele>
      </trkpt>
      <trkpt lat="-40.7254802" lon="-71.9187194">
        <ele>1150.8</ele>
      </trkpt>
      <trkpt lat="-40.7254578" lon="-71.918647">
        <ele>1150.5</ele>
      </trkpt>
      <trkpt lat="-40.7254334" lon="-71.9185853">
        <ele>1150.2</ele>
      </trkpt>
      <trkpt lat="-40.7254029" lon="-71.9185236">
        <ele>1150</ele>
      </trkpt>
      <trkpt lat="-40.7253684" lon="-71.9184592">
        <ele>1149.8</ele>
      </trkpt>
      <trkpt lat="-40.7253298" lon="-71.9184029">
        <ele>1149.5</ele>
      </trkpt>
      <trkpt lat="-40.7252891" lon="-71.9183439">
        <ele>1149.2</ele>
      </trkpt>
      <trkpt lat="-40.7252505" lon="-71.9182956">
        <ele>1149</ele>
      </trkpt>
      <trkpt lat="-40.7251306" lon="-71.9181535">
        <ele>1148.4</ele>
      </trkpt>
      <trkpt lat="-40.7250391" lon="-71.9180462">
        <ele>1148</ele>
      </trkpt>
      <trkpt lat="-40.7249415" lon="-71.9179335">
        <ele>1147.9</ele>
      </trkpt>
      <trkpt lat="-40.7249049" lon="-71.9178826">
        <ele>1147.8</ele>
      </trkpt>
      <trkpt lat="-40.7248683" lon="-71.9178289">
        <ele>1147.8</ele>
      </trkpt>
      <trkpt lat="-40.7248317" lon="-71.9177672">
        <ele>1147.8</ele>
      </trkpt>
      <trkpt lat="-40.7247992" lon="-71.9177029">
        <ele>1148</ele>
      </trkpt>
      <trkpt lat="-40.7247687" lon="-71.9176331">
        <ele>1148.2</ele>
      </trkpt>
      <trkpt lat="-40.7247464" lon="-71.9175634">
        <ele>1148.5</ele>
      </trkpt>
      <trkpt lat="-40.7247321" lon="-71.9174963">
        <ele>1148.8</ele>
      </trkpt>
      <trkpt lat="-40.724722" lon="-71.9174239">
        <ele>1149</ele>
      </trkpt>
      <trkpt lat="-40.7247199" lon="-71.9173488">
        <ele>1149.2</ele>
      </trkpt>
      <trkpt lat="-40.724722" lon="-71.9172764">
        <ele>1149.8</ele>
      </trkpt>
      <trkpt lat="-40.7247301" lon="-71.9172066">
        <ele>1150.2</ele>
      </trkpt>
      <trkpt lat="-40.7247484" lon="-71.9171315">
        <ele>1151</ele>
      </trkpt>
      <trkpt lat="-40.7247728" lon="-71.9170618">
        <ele>1151.8</ele>
      </trkpt>
      <trkpt lat="-40.7248013" lon="-71.9169948">
        <ele>1152.5</ele>
      </trkpt>
      <trkpt lat="-40.7248338" lon="-71.9169384">
        <ele>1153.2</ele>
      </trkpt>
      <trkpt lat="-40.7248704" lon="-71.9168848">
        <ele>1154</ele>
      </trkpt>
      <trkpt lat="-40.7249131" lon="-71.9168365">
        <ele>1155</ele>
      </trkpt>
      <trkpt lat="-40.7249659" lon="-71.9167909">
        <ele>1156</ele>
      </trkpt>
      <trkpt lat="-40.7250167" lon="-71.916756">
        <ele>1156.8</ele>
      </trkpt>
      <trkpt lat="-40.7250696" lon="-71.9167292">
        <ele>1157.5</ele>
      </trkpt>
      <trkpt lat="-40.7251204" lon="-71.9167051">
        <ele>1158</ele>
      </trkpt>
      <trkpt lat="-40.7251732" lon="-71.9166863">
        <ele>1158.5</ele>
      </trkpt>
      <trkpt lat="-40.7252281" lon="-71.9166702">
        <ele>1159</ele>
      </trkpt>
      <trkpt lat="-40.725285" lon="-71.9166568">
        <ele>1159.5</ele>
      </trkpt>
      <trkpt lat="-40.7261022" lon="-71.9164824">
        <ele>1163.5</ele>
      </trkpt>
      <trkpt lat="-40.7262262" lon="-71.9164422">
        <ele>1164</ele>
      </trkpt>
      <trkpt lat="-40.7262872" lon="-71.9164208">
        <ele>1164.2</ele>
      </trkpt>
      <trkpt lat="-40.7263481" lon="-71.9163859">
        <ele>1164.5</ele>
      </trkpt>
      <trkpt lat="-40.7264091" lon="-71.9163483">
        <ele>1165</ele>
      </trkpt>
      <trkpt lat="-40.7264701" lon="-71.9163001">
        <ele>1165.5</ele>
      </trkpt>
      <trkpt lat="-40.726527" lon="-71.9162437">
        <ele>1166.2</ele>
      </trkpt>
      <trkpt lat="-40.7265778" lon="-71.916182">
        <ele>1167</ele>
      </trkpt>
      <trkpt lat="-40.7266266" lon="-71.9161177">
        <ele>1167.5</ele>
      </trkpt>
      <trkpt lat="-40.7266693" lon="-71.9160426">
        <ele>1168</ele>
      </trkpt>
      <trkpt lat="-40.7267079" lon="-71.9159567">
        <ele>1168.5</ele>
      </trkpt>
      <trkpt lat="-40.7267404" lon="-71.9158682">
        <ele>1169</ele>
      </trkpt>
      <trkpt lat="-40.7267648" lon="-71.9157851">
        <ele>1169.5</ele>
      </trkpt>
      <trkpt lat="-40.7267872" lon="-71.9156939">
        <ele>1170</ele>
      </trkpt>
      <trkpt lat="-40.7268035" lon="-71.9156027">
        <ele>1170.8</ele>
      </trkpt>
      <trkpt lat="-40.7268156" lon="-71.9155088">
        <ele>1171.2</ele>
      </trkpt>
      <trkpt lat="-40.7270616" lon="-71.9127032">
        <ele>1175.8</ele>
      </trkpt>
      <trkpt lat="-40.727084" lon="-71.9124994">
        <ele>1176.2</ele>
      </trkpt>
      <trkpt lat="-40.7271084" lon="-71.9122928">
        <ele>1176.5</ele>
      </trkpt>
      <trkpt lat="-40.7271368" lon="-71.9120863">
        <ele>1176</ele>
      </trkpt>
      <trkpt lat="-40.7271653" lon="-71.9118851">
        <ele>1175.5</ele>
      </trkpt>
      <trkpt lat="-40.727338" lon="-71.9108579">
        <ele>1174.8</ele>
      </trkpt>
      <trkpt lat="-40.7273502" lon="-71.910764">
        <ele>1174.5</ele>
      </trkpt>
      <trkpt lat="-40.7273604" lon="-71.9106728">
        <ele>1174.2</ele>
      </trkpt>
      <trkpt lat="-40.7273665" lon="-71.9105762">
        <ele>1174</ele>
      </trkpt>
      <trkpt lat="-40.7273706" lon="-71.9104823">
        <ele>1173.8</ele>
      </trkpt>
      <trkpt lat="-40.7273726" lon="-71.9103885">
        <ele>1173.5</ele>
      </trkpt>
      <trkpt lat="-40.7273685" lon="-71.9102839">
        <ele>1173</ele>
      </trkpt>
      <trkpt lat="-40.7273197" lon="-71.9094524">
        <ele>1166.8</ele>
      </trkpt>
      <trkpt lat="-40.7273157" lon="-71.9093665">
        <ele>1166</ele>
      </trkpt>
      <trkpt lat="-40.7273157" lon="-71.9092807">
        <ele>1165.2</ele>
      </trkpt>
      <trkpt lat="-40.7273177" lon="-71.9091949">
        <ele>1164.5</ele>
      </trkpt>
      <trkpt lat="-40.7273238" lon="-71.9091064">
        <ele>1163.8</ele>
      </trkpt>
      <trkpt lat="-40.727336" lon="-71.9090205">
        <ele>1163</ele>
      </trkpt>
      <trkpt lat="-40.7273502" lon="-71.9089347">
        <ele>1162.2</ele>
      </trkpt>
      <trkpt lat="-40.7273685" lon="-71.9088516">
        <ele>1161.5</ele>
      </trkpt>
      <trkpt lat="-40.7273929" lon="-71.9087684">
        <ele>1161</ele>
      </trkpt>
      <trkpt lat="-40.727769" lon="-71.9076928">
        <ele>1156.8</ele>
      </trkpt>
      <trkpt lat="-40.7277913" lon="-71.9076177">
        <ele>1156.5</ele>
      </trkpt>
      <trkpt lat="-40.7278116" lon="-71.9075319">
        <ele>1156.2</ele>
      </trkpt>
      <trkpt lat="-40.7278259" lon="-71.9074461">
        <ele>1155.8</ele>
      </trkpt>
      <trkpt lat="-40.7278381" lon="-71.9073576">
        <ele>1155.2</ele>
      </trkpt>
      <trkpt lat="-40.7278462" lon="-71.9072691">
        <ele>1154.8</ele>
      </trkpt>
      <trkpt lat="-40.7278503" lon="-71.9071805">
        <ele>1154</ele>
      </trkpt>
      <trkpt lat="-40.7278482" lon="-71.9070894">
        <ele>1153.2</ele>
      </trkpt>
      <trkpt lat="-40.7278401" lon="-71.9070008">
        <ele>1152.5</ele>
      </trkpt>
      <trkpt lat="-40.7277547" lon="-71.9064027">
        <ele>1146.8</ele>
      </trkpt>
      <trkpt lat="-40.7277446" lon="-71.9063169">
        <ele>1145.8</ele>
      </trkpt>
      <trkpt lat="-40.7277364" lon="-71.9062284">
        <ele>1144.8</ele>
      </trkpt>
      <trkpt lat="-40.7277324" lon="-71.9061399">
        <ele>1144.2</ele>
      </trkpt>
      <trkpt lat="-40.7277364" lon="-71.906054">
        <ele>1144</ele>
      </trkpt>
      <trkpt lat="-40.7277446" lon="-71.9059601">
        <ele>1143.8</ele>
      </trkpt>
      <trkpt lat="-40.7277588" lon="-71.9058689">
        <ele>1143.5</ele>
      </trkpt>
      <trkpt lat="-40.7277771" lon="-71.9057804">
        <ele>1143</ele>
      </trkpt>
      <trkpt lat="-40.7278015" lon="-71.9057">
        <ele>1142.5</ele>
      </trkpt>
      <trkpt lat="-40.7278299" lon="-71.9056222">
        <ele>1142</ele>
      </trkpt>
      <trkpt lat="-40.7278604" lon="-71.9055417">
        <ele>1141.2</ele>
      </trkpt>
      <trkpt lat="-40.727897" lon="-71.9054666">
        <ele>1140.8</ele>
      </trkpt>
      <trkpt lat="-40.7279336" lon="-71.9054022">
        <ele>1140.2</ele>
      </trkpt>
      <trkpt lat="-40.7279743" lon="-71.9053352">
        <ele>1140</ele>
      </trkpt>
      <trkpt lat="-40.7280129" lon="-71.9052735">
        <ele>1139.8</ele>
      </trkpt>
      <trkpt lat="-40.7285271" lon="-71.9045278">
        <ele>1135.2</ele>
      </trkpt>
      <trkpt lat="-40.728582" lon="-71.9044474">
        <ele>1134.8</ele>
      </trkpt>
      <trkpt lat="-40.728643" lon="-71.9043696">
        <ele>1134.6</ele>
      </trkpt>
      <trkpt lat="-40.7287121" lon="-71.9042864">
        <ele>1134.5</ele>
      </trkpt>
      <trkpt lat="-40.7287771" lon="-71.9042113">
        <ele>1134.2</ele>
      </trkpt>
      <trkpt lat="-40.7288422" lon="-71.9041443">
        <ele>1134</ele>
      </trkpt>
      <trkpt lat="-40.7289093" lon="-71.9040772">
        <ele>1133.5</ele>
      </trkpt>
      <trkpt lat="-40.7289784" lon="-71.9040129">
        <ele>1133</ele>
      </trkpt>
      <trkpt lat="-40.7290495" lon="-71.9039485">
        <ele>1132.8</ele>
      </trkpt>
      <trkpt lat="-40.7291267" lon="-71.9038761">
        <ele>1132.5</ele>
      </trkpt>
      <trkpt lat="-40.7291999" lon="-71.9038117">
        <ele>1132.2</ele>
      </trkpt>
      <trkpt lat="-40.7292731" lon="-71.90375">
        <ele>1132</ele>
      </trkpt>
      <trkpt lat="-40.7293503" lon="-71.903691">
        <ele>1131.5</ele>
      </trkpt>
      <trkpt lat="-40.7298381" lon="-71.9033396">
        <ele>1128.5</ele>
      </trkpt>
      <trkpt lat="-40.7298849" lon="-71.9033101">
        <ele>1128</ele>
      </trkpt>
      <trkpt lat="-40.7299377" lon="-71.9032779">
        <ele>1127.8</ele>
      </trkpt>
      <trkpt lat="-40.7299926" lon="-71.9032511">
        <ele>1127.5</ele>
      </trkpt>
      <trkpt lat="-40.7300516" lon="-71.903227">
        <ele>1127</ele>
      </trkpt>
      <trkpt lat="-40.7301146" lon="-71.9032028">
        <ele>1126.5</ele>
      </trkpt>
      <trkpt lat="-40.7301735" lon="-71.9031894">
        <ele>1126.2</ele>
      </trkpt>
      <trkpt lat="-40.7302345" lon="-71.9031867">
        <ele>1126.2</ele>
      </trkpt>
      <trkpt lat="-40.7302955" lon="-71.9031975">
        <ele>1126.2</ele>
      </trkpt>
      <trkpt lat="-40.7303585" lon="-71.9032162">
        <ele>1126.2</ele>
      </trkpt>
      <trkpt lat="-40.7304134" lon="-71.9032404">
        <ele>1126.1</ele>
      </trkpt>
      <trkpt lat="-40.7304703" lon="-71.9032672">
        <ele>1126.1</ele>
      </trkpt>
      <trkpt lat="-40.7305251" lon="-71.9033048">
        <ele>1126.1</ele>
      </trkpt>
      <trkpt lat="-40.73058" lon="-71.903345">
        <ele>1126</ele>
      </trkpt>
      <trkpt lat="-40.7306288" lon="-71.9033825">
        <ele>1126</ele>
      </trkpt>
      <trkpt lat="-40.7308768" lon="-71.9035918">
        <ele>1125.8</ele>
      </trkpt>
      <trkpt lat="-40.7309154" lon="-71.9036213">
        <ele>1125.5</ele>
      </trkpt>
      <trkpt lat="-40.730952" lon="-71.9036454">
        <ele>1125.2</ele>
      </trkpt>
      <trkpt lat="-40.7309906" lon="-71.9036695">
        <ele>1125</ele>
      </trkpt>
      <trkpt lat="-40.7310312" lon="-71.9036937">
        <ele>1124.8</ele>
      </trkpt>
      <trkpt lat="-40.7310699" lon="-71.9037125">
        <ele>1124.5</ele>
      </trkpt>
      <trkpt lat="-40.7311085" lon="-71.9037312">
        <ele>1124.5</ele>
      </trkpt>
      <trkpt lat="-40.7311491" lon="-71.9037473">
        <ele>1124.4</ele>
      </trkpt>
      <trkpt lat="-40.7311898" lon="-71.903758">
        <ele>1124.4</ele>
      </trkpt>
      <trkpt lat="-40.7312304" lon="-71.9037634">
        <ele>1124.4</ele>
      </trkpt>
      <trkpt lat="-40.7312711" lon="-71.9037688">
        <ele>1124.3</ele>
      </trkpt>
      <trkpt lat="-40.7313158" lon="-71.9037661">
        <ele>1124.3</ele>
      </trkpt>
      <trkpt lat="-40.7313605" lon="-71.9037634">
        <ele>1124.3</ele>
      </trkpt>
      <trkpt lat="-40.7314073" lon="-71.903758">
        <ele>1124.2</ele>
      </trkpt>
      <trkpt lat="-40.731454" lon="-71.9037473">
        <ele>1124</ele>
      </trkpt>
      <trkpt lat="-40.7314987" lon="-71.9037339">
        <ele>1123.8</ele>
      </trkpt>
      <trkpt lat="-40.7315414" lon="-71.9037151">
        <ele>1123.5</ele>
      </trkpt>
      <trkpt lat="-40.7319357" lon="-71.9035167">
        <ele>1122.5</ele>
      </trkpt>
      <trkpt lat="-40.7319865" lon="-71.9034845">
        <ele>1122.2</ele>
      </trkpt>
      <trkpt lat="-40.7320373" lon="-71.9034496">
        <ele>1122</ele>
      </trkpt>
      <trkpt lat="-40.7320882" lon="-71.903412">
        <ele>1122</ele>
      </trkpt>
      <trkpt lat="-40.732139" lon="-71.9033664">
        <ele>1121.9</ele>
      </trkpt>
      <trkpt lat="-40.7321857" lon="-71.9033235">
        <ele>1121.9</ele>
      </trkpt>
      <trkpt lat="-40.7322365" lon="-71.9032726">
        <ele>1121.8</ele>
      </trkpt>
      <trkpt lat="-40.7322853" lon="-71.9032162">
        <ele>1121.8</ele>
      </trkpt>
      <trkpt lat="-40.7323341" lon="-71.9031599">
        <ele>1121.8</ele>
      </trkpt>
      <trkpt lat="-40.7323788" lon="-71.9031009">
        <ele>1121.5</ele>
      </trkpt>
      <trkpt lat="-40.7324255" lon="-71.9030392">
        <ele>1121.2</ele>
      </trkpt>
      <trkpt lat="-40.7324682" lon="-71.9029722">
        <ele>1121</ele>
      </trkpt>
      <trkpt lat="-40.7325109" lon="-71.9028997">
        <ele>1120.9</ele>
      </trkpt>
      <trkpt lat="-40.7325536" lon="-71.90283">
        <ele>1120.8</ele>
      </trkpt>
      <trkpt lat="-40.7325942" lon="-71.9027549">
        <ele>1120.8</ele>
      </trkpt>
      <trkpt lat="-40.7326308" lon="-71.9026798">
        <ele>1120.5</ele>
      </trkpt>
      <trkpt lat="-40.7326654" lon="-71.902602">
        <ele>1120.2</ele>
      </trkpt>
      <trkpt lat="-40.7327142" lon="-71.9024652">
        <ele>1119.5</ele>
      </trkpt>
      <trkpt lat="-40.7327589" lon="-71.9023311">
        <ele>1118.8</ele>
      </trkpt>
      <trkpt lat="-40.7328056" lon="-71.9021729">
        <ele>1117.5</ele>
      </trkpt>
      <trkpt lat="-40.7328544" lon="-71.9019985">
        <ele>1116</ele>
      </trkpt>
      <trkpt lat="-40.7329011" lon="-71.9018188">
        <ele>1114.8</ele>
      </trkpt>
      <trkpt lat="-40.7329438" lon="-71.9016445">
        <ele>1113.5</ele>
      </trkpt>
      <trkpt lat="-40.7329865" lon="-71.9014594">
        <ele>1112.5</ele>
      </trkpt>
      <trkpt lat="-40.7330028" lon="-71.9013709">
        <ele>1112</ele>
      </trkpt>
      <trkpt lat="-40.733017" lon="-71.9012797">
        <ele>1111.5</ele>
      </trkpt>
      <trkpt lat="-40.7330312" lon="-71.9011858">
        <ele>1111</ele>
      </trkpt>
      <trkpt lat="-40.7330414" lon="-71.9010919">
        <ele>1110.2</ele>
      </trkpt>
      <trkpt lat="-40.7330515" lon="-71.9009981">
        <ele>1109.5</ele>
      </trkpt>
      <trkpt lat="-40.7330576" lon="-71.9009042">
        <ele>1108.8</ele>
      </trkpt>
      <trkpt lat="-40.7330617" lon="-71.9008103">
        <ele>1108</ele>
      </trkpt>
      <trkpt lat="-40.7330637" lon="-71.9007218">
        <ele>1107.2</ele>
      </trkpt>
      <trkpt lat="-40.7330698" lon="-71.8992627">
        <ele>1097.8</ele>
      </trkpt>
      <trkpt lat="-40.7330719" lon="-71.8992063">
        <ele>1097.2</ele>
      </trkpt>
      <trkpt lat="-40.7330739" lon="-71.8991473">
        <ele>1096.8</ele>
      </trkpt>
      <trkpt lat="-40.73308" lon="-71.8990883">
        <ele>1096.2</ele>
      </trkpt>
      <trkpt lat="-40.7330861" lon="-71.8990293">
        <ele>1095.8</ele>
      </trkpt>
      <trkpt lat="-40.7330963" lon="-71.898973">
        <ele>1095.2</ele>
      </trkpt>
      <trkpt lat="-40.7331125" lon="-71.8989167">
        <ele>1094.8</ele>
      </trkpt>
      <trkpt lat="-40.7331328" lon="-71.898863">
        <ele>1094.2</ele>
      </trkpt>
      <trkpt lat="-40.7331532" lon="-71.8988121">
        <ele>1093.8</ele>
      </trkpt>
      <trkpt lat="-40.7331796" lon="-71.8987638">
        <ele>1093.2</ele>
      </trkpt>
      <trkpt lat="-40.7332101" lon="-71.8987182">
        <ele>1093</ele>
      </trkpt>
      <trkpt lat="-40.7332446" lon="-71.8986779">
        <ele>1092.8</ele>
      </trkpt>
      <trkpt lat="-40.7332832" lon="-71.8986404">
        <ele>1092.5</ele>
      </trkpt>
      <trkpt lat="-40.7333239" lon="-71.8986082">
        <ele>1092.2</ele>
      </trkpt>
      <trkpt lat="-40.7333686" lon="-71.898576">
        <ele>1092</ele>
      </trkpt>
      <trkpt lat="-40.7334194" lon="-71.8985492">
        <ele>1091.8</ele>
      </trkpt>
      <trkpt lat="-40.7334682" lon="-71.8985304">
        <ele>1091.5</ele>
      </trkpt>
      <trkpt lat="-40.733519" lon="-71.8985224">
        <ele>1091.4</ele>
      </trkpt>
      <trkpt lat="-40.7335719" lon="-71.8985224">
        <ele>1091.4</ele>
      </trkpt>
      <trkpt lat="-40.7336247" lon="-71.8985304">
        <ele>1091.3</ele>
      </trkpt>
      <trkpt lat="-40.7336735" lon="-71.8985412">
        <ele>1091.3</ele>
      </trkpt>
      <trkpt lat="-40.7337202" lon="-71.8985599">
        <ele>1091.2</ele>
      </trkpt>
      <trkpt lat="-40.733769" lon="-71.8985814">
        <ele>1091.5</ele>
      </trkpt>
      <trkpt lat="-40.7338157" lon="-71.8986082">
        <ele>1091.8</ele>
      </trkpt>
      <trkpt lat="-40.7338605" lon="-71.8986377">
        <ele>1092</ele>
      </trkpt>
      <trkpt lat="-40.7339031" lon="-71.8986699">
        <ele>1092.2</ele>
      </trkpt>
      <trkpt lat="-40.7343259" lon="-71.8989784">
        <ele>1094.5</ele>
      </trkpt>
      <trkpt lat="-40.7343584" lon="-71.8990025">
        <ele>1094.8</ele>
      </trkpt>
      <trkpt lat="-40.734397" lon="-71.899024">
        <ele>1095</ele>
      </trkpt>
      <trkpt lat="-40.7344356" lon="-71.8990427">
        <ele>1095.2</ele>
      </trkpt>
      <trkpt lat="-40.7344804" lon="-71.8990615">
        <ele>1095.5</ele>
      </trkpt>
      <trkpt lat="-40.7345251" lon="-71.8990722">
        <ele>1095.8</ele>
      </trkpt>
      <trkpt lat="-40.7345718" lon="-71.8990776">
        <ele>1096</ele>
      </trkpt>
      <trkpt lat="-40.7346186" lon="-71.8990749">
        <ele>1096.2</ele>
      </trkpt>
      <trkpt lat="-40.7346653" lon="-71.8990695">
        <ele>1096.3</ele>
      </trkpt>
      <trkpt lat="-40.7347141" lon="-71.8990588">
        <ele>1096.4</ele>
      </trkpt>
      <trkpt lat="-40.7347588" lon="-71.8990427">
        <ele>1096.4</ele>
      </trkpt>
      <trkpt lat="-40.7348015" lon="-71.899024">
        <ele>1096.5</ele>
      </trkpt>
      <trkpt lat="-40.7348462" lon="-71.8989944">
        <ele>1096.2</ele>
      </trkpt>
      <trkpt lat="-40.7348889" lon="-71.8989569">
        <ele>1096</ele>
      </trkpt>
      <trkpt lat="-40.7349234" lon="-71.8989193">
        <ele>1095.8</ele>
      </trkpt>
      <trkpt lat="-40.7349559" lon="-71.8988764">
        <ele>1095.5</ele>
      </trkpt>
      <trkpt lat="-40.7349864" lon="-71.8988308">
        <ele>1095.2</ele>
      </trkpt>
      <trkpt lat="-40.7350088" lon="-71.8987799">
        <ele>1095</ele>
      </trkpt>
      <trkpt lat="-40.7350291" lon="-71.8987262">
        <ele>1094.8</ele>
      </trkpt>
      <trkpt lat="-40.7350433" lon="-71.8986672">
        <ele>1094.5</ele>
      </trkpt>
      <trkpt lat="-40.7350535" lon="-71.8986082">
        <ele>1094</ele>
      </trkpt>
      <trkpt lat="-40.7350596" lon="-71.8985465">
        <ele>1093.5</ele>
      </trkpt>
      <trkpt lat="-40.7350596" lon="-71.8984875">
        <ele>1093.2</ele>
      </trkpt>
      <trkpt lat="-40.7350535" lon="-71.8984231">
        <ele>1092.8</ele>
      </trkpt>
      <trkpt lat="-40.7350433" lon="-71.8983614">
        <ele>1092.5</ele>
      </trkpt>
      <trkpt lat="-40.7350271" lon="-71.8982998">
        <ele>1092.2</ele>
      </trkpt>
      <trkpt lat="-40.7350047" lon="-71.8982381">
        <ele>1092</ele>
      </trkpt>
      <trkpt lat="-40.7349803" lon="-71.8981817">
        <ele>1091.5</ele>
      </trkpt>
      <trkpt lat="-40.7348035" lon="-71.8978438">
        <ele>1086.8</ele>
      </trkpt>
      <trkpt lat="-40.734773" lon="-71.8977794">
        <ele>1086</ele>
      </trkpt>
      <trkpt lat="-40.7347466" lon="-71.8977123">
        <ele>1085.2</ele>
      </trkpt>
      <trkpt lat="-40.7347202" lon="-71.8976372">
        <ele>1084.5</ele>
      </trkpt>
      <trkpt lat="-40.7347019" lon="-71.8975621">
        <ele>1083.8</ele>
      </trkpt>
      <trkpt lat="-40.7346897" lon="-71.897479">
        <ele>1082.8</ele>
      </trkpt>
      <trkpt lat="-40.7346836" lon="-71.8973985">
        <ele>1081.8</ele>
      </trkpt>
      <trkpt lat="-40.7346836" lon="-71.8973154">
        <ele>1080.8</ele>
      </trkpt>
      <trkpt lat="-40.7346917" lon="-71.8972296">
        <ele>1079.8</ele>
      </trkpt>
      <trkpt lat="-40.734706" lon="-71.8971464">
        <ele>1078.8</ele>
      </trkpt>
      <trkpt lat="-40.7347222" lon="-71.8970713">
        <ele>1077.8</ele>
      </trkpt>
      <trkpt lat="-40.7347446" lon="-71.8969962">
        <ele>1076.8</ele>
      </trkpt>
      <trkpt lat="-40.7347751" lon="-71.8969211">
        <ele>1075.8</ele>
      </trkpt>
      <trkpt lat="-40.7348076" lon="-71.8968514">
        <ele>1075</ele>
      </trkpt>
      <trkpt lat="-40.7348421" lon="-71.8967897">
        <ele>1074.2</ele>
      </trkpt>
      <trkpt lat="-40.7348787" lon="-71.8967333">
        <ele>1073.8</ele>
      </trkpt>
      <trkpt lat="-40.7349214" lon="-71.896677">
        <ele>1073.2</ele>
      </trkpt>
      <trkpt lat="-40.7349661" lon="-71.8966314">
        <ele>1073</ele>
      </trkpt>
      <trkpt lat="-40.7350128" lon="-71.8965858">
        <ele>1072.8</ele>
      </trkpt>
      <trkpt lat="-40.7350596" lon="-71.8965483">
        <ele>1072.5</ele>
      </trkpt>
      <trkpt lat="-40.7351104" lon="-71.8965161">
        <ele>1072.2</ele>
      </trkpt>
      <trkpt lat="-40.7351632" lon="-71.8964866">
        <ele>1072</ele>
      </trkpt>
      <trkpt lat="-40.7352141" lon="-71.8964624">
        <ele>1071.8</ele>
      </trkpt>
      <trkpt lat="-40.735273" lon="-71.8964383">
        <ele>1071.6</ele>
      </trkpt>
      <trkpt lat="-40.7353299" lon="-71.8964195">
        <ele>1071.5</ele>
      </trkpt>
      <trkpt lat="-40.7359701" lon="-71.8962452">
        <ele>1072</ele>
      </trkpt>
      <trkpt lat="-40.736025" lon="-71.8962291">
        <ele>1072.2</ele>
      </trkpt>
      <trkpt lat="-40.7360799" lon="-71.8962076">
        <ele>1072.3</ele>
      </trkpt>
      <trkpt lat="-40.7361347" lon="-71.8961862">
        <ele>1072.4</ele>
      </trkpt>
      <trkpt lat="-40.7361876" lon="-71.8961567">
        <ele>1072.5</ele>
      </trkpt>
      <trkpt lat="-40.7362384" lon="-71.8961245">
        <ele>1072.2</ele>
      </trkpt>
      <trkpt lat="-40.7362872" lon="-71.8960869">
        <ele>1072</ele>
      </trkpt>
      <trkpt lat="-40.736338" lon="-71.896036">
        <ele>1071.5</ele>
      </trkpt>
      <trkpt lat="-40.7363867" lon="-71.8959823">
        <ele>1070.8</ele>
      </trkpt>
      <trkpt lat="-40.7364315" lon="-71.895926">
        <ele>1070.2</ele>
      </trkpt>
      <trkpt lat="-40.7364721" lon="-71.8958724">
        <ele>1069.8</ele>
      </trkpt>
      <trkpt lat="-40.7365981" lon="-71.8956953">
        <ele>1068.5</ele>
      </trkpt>
      <trkpt lat="-40.7370229" lon="-71.8950999">
        <ele>1067</ele>
      </trkpt>
      <trkpt lat="-40.7370696" lon="-71.8950275">
        <ele>1067</ele>
      </trkpt>
      <trkpt lat="-40.7371143" lon="-71.8949524">
        <ele>1067.5</ele>
      </trkpt>
      <trkpt lat="-40.7371611" lon="-71.8948692">
        <ele>1068</ele>
      </trkpt>
      <trkpt lat="-40.7372037" lon="-71.8947861">
        <ele>1068.5</ele>
      </trkpt>
      <trkpt lat="-40.7372241" lon="-71.8947431">
        <ele>1068.8</ele>
      </trkpt>
      <trkpt lat="-40.7372424" lon="-71.8947002">
        <ele>1069</ele>
      </trkpt>
      <trkpt lat="-40.7372566" lon="-71.8946546">
        <ele>1069.1</ele>
      </trkpt>
      <trkpt lat="-40.7372688" lon="-71.8946037">
        <ele>1069.2</ele>
      </trkpt>
      <trkpt lat="-40.7372789" lon="-71.8945527">
        <ele>1069.2</ele>
      </trkpt>
      <trkpt lat="-40.737283" lon="-71.8945044">
        <ele>1069</ele>
      </trkpt>
      <trkpt lat="-40.737283" lon="-71.8944535">
        <ele>1068.8</ele>
      </trkpt>
      <trkpt lat="-40.7372789" lon="-71.8944025">
        <ele>1068.2</ele>
      </trkpt>
      <trkpt lat="-40.7372688" lon="-71.8943515">
        <ele>1067.5</ele>
      </trkpt>
      <trkpt lat="-40.7372546" lon="-71.8943033">
        <ele>1066.8</ele>
      </trkpt>
      <trkpt lat="-40.7372383" lon="-71.8942603">
        <ele>1066</ele>
      </trkpt>
      <trkpt lat="-40.7372159" lon="-71.8942201">
        <ele>1065</ele>
      </trkpt>
      <trkpt lat="-40.7370859" lon="-71.8940216">
        <ele>1059.5</ele>
      </trkpt>
      <trkpt lat="-40.7370615" lon="-71.8939814">
        <ele>1058.2</ele>
      </trkpt>
      <trkpt lat="-40.7370391" lon="-71.8939412">
        <ele>1057</ele>
      </trkpt>
      <trkpt lat="-40.7370147" lon="-71.8938956">
        <ele>1055.8</ele>
      </trkpt>
      <trkpt lat="-40.7369964" lon="-71.89385">
        <ele>1054.5</ele>
      </trkpt>
      <trkpt lat="-40.7369802" lon="-71.893799">
        <ele>1053.2</ele>
      </trkpt>
      <trkpt lat="-40.736966" lon="-71.893748">
        <ele>1052</ele>
      </trkpt>
      <trkpt lat="-40.7369558" lon="-71.8936944">
        <ele>1050.2</ele>
      </trkpt>
      <trkpt lat="-40.7369477" lon="-71.8936381">
        <ele>1049.2</ele>
      </trkpt>
      <trkpt lat="-40.7369436" lon="-71.8935817">
        <ele>1048.2</ele>
      </trkpt>
      <trkpt lat="-40.7369416" lon="-71.8935308">
        <ele>1047.5</ele>
      </trkpt>
      <trkpt lat="-40.7369416" lon="-71.8934745">
        <ele>1046.8</ele>
      </trkpt>
      <trkpt lat="-40.7369456" lon="-71.8934155">
        <ele>1046</ele>
      </trkpt>
      <trkpt lat="-40.7369517" lon="-71.8933591">
        <ele>1045.5</ele>
      </trkpt>
      <trkpt lat="-40.7369619" lon="-71.8933055">
        <ele>1045.2</ele>
      </trkpt>
      <trkpt lat="-40.7369741" lon="-71.8932545">
        <ele>1045</ele>
      </trkpt>
      <trkpt lat="-40.7369883" lon="-71.8932009">
        <ele>1044.8</ele>
      </trkpt>
      <trkpt lat="-40.7370046" lon="-71.8931526">
        <ele>1044.5</ele>
      </trkpt>
      <trkpt lat="-40.7370229" lon="-71.8931043">
        <ele>1044.2</ele>
      </trkpt>
      <trkpt lat="-40.7370432" lon="-71.893056">
        <ele>1044</ele>
      </trkpt>
      <trkpt lat="-40.7370655" lon="-71.8930104">
        <ele>1043.8</ele>
      </trkpt>
      <trkpt lat="-40.7370899" lon="-71.8929648">
        <ele>1043.7</ele>
      </trkpt>
      <trkpt lat="-40.7371164" lon="-71.8929219">
        <ele>1043.6</ele>
      </trkpt>
      <trkpt lat="-40.7371428" lon="-71.8928817">
        <ele>1043.5</ele>
      </trkpt>
      <trkpt lat="-40.7371733" lon="-71.8928441">
        <ele>1043.8</ele>
      </trkpt>
      <trkpt lat="-40.7375736" lon="-71.8924204">
        <ele>1046.5</ele>
      </trkpt>
      <trkpt lat="-40.7376082" lon="-71.8923828">
        <ele>1046.7</ele>
      </trkpt>
      <trkpt lat="-40.7376448" lon="-71.8923372">
        <ele>1047</ele>
      </trkpt>
      <trkpt lat="-40.7376813" lon="-71.8922916">
        <ele>1046.8</ele>
      </trkpt>
      <trkpt lat="-40.7377159" lon="-71.8922433">
        <ele>1046.2</ele>
      </trkpt>
      <trkpt lat="-40.7377484" lon="-71.8921924">
        <ele>1045.8</ele>
      </trkpt>
      <trkpt lat="-40.7377789" lon="-71.8921414">
        <ele>1045</ele>
      </trkpt>
      <trkpt lat="-40.7380187" lon="-71.8916854">
        <ele>1037.5</ele>
      </trkpt>
      <trkpt lat="-40.7380594" lon="-71.891613">
        <ele>1036.2</ele>
      </trkpt>
      <trkpt lat="-40.738098" lon="-71.891546">
        <ele>1035</ele>
      </trkpt>
      <trkpt lat="-40.7381467" lon="-71.8914735">
        <ele>1033.8</ele>
      </trkpt>
      <trkpt lat="-40.7381996" lon="-71.8914118">
        <ele>1032.8</ele>
      </trkpt>
      <trkpt lat="-40.7382585" lon="-71.8913502">
        <ele>1032</ele>
      </trkpt>
      <trkpt lat="-40.7383215" lon="-71.8912992">
        <ele>1031.5</ele>
      </trkpt>
      <trkpt lat="-40.7383866" lon="-71.8912563">
        <ele>1031.4</ele>
      </trkpt>
      <trkpt lat="-40.7384516" lon="-71.8912241">
        <ele>1031.3</ele>
      </trkpt>
      <trkpt lat="-40.7385187" lon="-71.8911973">
        <ele>1031.2</ele>
      </trkpt>
      <trkpt lat="-40.7385959" lon="-71.8911758">
        <ele>1031.5</ele>
      </trkpt>
      <trkpt lat="-40.738665" lon="-71.8911624">
        <ele>1031.8</ele>
      </trkpt>
      <trkpt lat="-40.7387341" lon="-71.8911517">
        <ele>1032</ele>
      </trkpt>
      <trkpt lat="-40.7391385" lon="-71.8911007">
        <ele>1033</ele>
      </trkpt>
      <trkpt lat="-40.7391832" lon="-71.8910953">
        <ele>1033.1</ele>
      </trkpt>
      <trkpt lat="-40.7392279" lon="-71.8910873">
        <ele>1033.2</ele>
      </trkpt>
      <trkpt lat="-40.7392706" lon="-71.8910766">
        <ele>1033.2</ele>
      </trkpt>
      <trkpt lat="-40.7393112" lon="-71.8910632">
        <ele>1033</ele>
      </trkpt>
      <trkpt lat="-40.7393519" lon="-71.8910497">
        <ele>1032.8</ele>
      </trkpt>
      <trkpt lat="-40.7393905" lon="-71.891031">
        <ele>1032.5</ele>
      </trkpt>
      <trkpt lat="-40.7394332" lon="-71.8910068">
        <ele>1032.2</ele>
      </trkpt>
      <trkpt lat="-40.7394738" lon="-71.8909773">
        <ele>1032</ele>
      </trkpt>
      <trkpt lat="-40.7395165" lon="-71.8909425">
        <ele>1031.8</ele>
      </trkpt>
      <trkpt lat="-40.7395531" lon="-71.8909049">
        <ele>1031.2</ele>
      </trkpt>
      <trkpt lat="-40.7395876" lon="-71.8908593">
        <ele>1030.8</ele>
      </trkpt>
      <trkpt lat="-40.7396202" lon="-71.890811">
        <ele>1030.2</ele>
      </trkpt>
      <trkpt lat="-40.7396506" lon="-71.8907627">
        <ele>1029.8</ele>
      </trkpt>
      <trkpt lat="-40.7396811" lon="-71.8907091">
        <ele>1029</ele>
      </trkpt>
      <trkpt lat="-40.7397096" lon="-71.8906581">
        <ele>1028.2</ele>
      </trkpt>
      <trkpt lat="-40.7398193" lon="-71.8904087">
        <ele>1025.2</ele>
      </trkpt>
      <trkpt lat="-40.7398396" lon="-71.8903551">
        <ele>1024.8</ele>
      </trkpt>
      <trkpt lat="-40.73986" lon="-71.890296">
        <ele>1024.5</ele>
      </trkpt>
      <trkpt lat="-40.7398762" lon="-71.8902344">
        <ele>1024</ele>
      </trkpt>
      <trkpt lat="-40.7398925" lon="-71.89017">
        <ele>1023.5</ele>
      </trkpt>
      <trkpt lat="-40.7399026" lon="-71.8901083">
        <ele>1023</ele>
      </trkpt>
      <trkpt lat="-40.7399108" lon="-71.8900466">
        <ele>1022.2</ele>
      </trkpt>
      <trkpt lat="-40.7399169" lon="-71.8899876">
        <ele>1021.5</ele>
      </trkpt>
      <trkpt lat="-40.7399189" lon="-71.8899286">
        <ele>1020.8</ele>
      </trkpt>
      <trkpt lat="-40.7399169" lon="-71.8898723">
        <ele>1020</ele>
      </trkpt>
      <trkpt lat="-40.7399087" lon="-71.8898159">
        <ele>1019.2</ele>
      </trkpt>
      <trkpt lat="-40.7398965" lon="-71.8897596">
        <ele>1018.5</ele>
      </trkpt>
      <trkpt lat="-40.7398823" lon="-71.8897086">
        <ele>1017.8</ele>
      </trkpt>
      <trkpt lat="-40.7398661" lon="-71.8896657">
        <ele>1017.2</ele>
      </trkpt>
      <trkpt lat="-40.7397543" lon="-71.8893841">
        <ele>1014.2</ele>
      </trkpt>
      <trkpt lat="-40.7397401" lon="-71.8893465">
        <ele>1014</ele>
      </trkpt>
      <trkpt lat="-40.7397279" lon="-71.8893063">
        <ele>1013.8</ele>
      </trkpt>
      <trkpt lat="-40.7397177" lon="-71.8892688">
        <ele>1013.2</ele>
      </trkpt>
      <trkpt lat="-40.7397096" lon="-71.8892285">
        <ele>1013</ele>
      </trkpt>
      <trkpt lat="-40.7397035" lon="-71.8891856">
        <ele>1012.8</ele>
      </trkpt>
      <trkpt lat="-40.7396994" lon="-71.8891454">
        <ele>1012.5</ele>
      </trkpt>
      <trkpt lat="-40.7396974" lon="-71.8891078">
        <ele>1012</ele>
      </trkpt>
      <trkpt lat="-40.7396974" lon="-71.8890649">
        <ele>1011.5</ele>
      </trkpt>
      <trkpt lat="-40.7396994" lon="-71.8890193">
        <ele>1011</ele>
      </trkpt>
      <trkpt lat="-40.7397401" lon="-71.8886063">
        <ele>1004.2</ele>
      </trkpt>
      <trkpt lat="-40.7397441" lon="-71.8885446">
        <ele>1003.2</ele>
      </trkpt>
      <trkpt lat="-40.7397462" lon="-71.8884856">
        <ele>1002.2</ele>
      </trkpt>
      <trkpt lat="-40.7397441" lon="-71.8884265">
        <ele>1001.2</ele>
      </trkpt>
      <trkpt lat="-40.7397401" lon="-71.8883675">
        <ele>1000.2</ele>
      </trkpt>
      <trkpt lat="-40.7397319" lon="-71.8883139">
        <ele>999.2</ele>
      </trkpt>
      <trkpt lat="-40.7397197" lon="-71.8882602">
        <ele>998.5</ele>
      </trkpt>
      <trkpt lat="-40.7397035" lon="-71.8882146">
        <ele>997.8</ele>
      </trkpt>
      <trkpt lat="-40.7396832" lon="-71.8881717">
        <ele>997.2</ele>
      </trkpt>
      <trkpt lat="-40.7396567" lon="-71.8881342">
        <ele>996.8</ele>
      </trkpt>
      <trkpt lat="-40.7396303" lon="-71.888102">
        <ele>996.5</ele>
      </trkpt>
      <trkpt lat="-40.7396039" lon="-71.8880752">
        <ele>996.2</ele>
      </trkpt>
      <trkpt lat="-40.7395754" lon="-71.888051">
        <ele>996</ele>
      </trkpt>
      <trkpt lat="-40.739545" lon="-71.8880296">
        <ele>996</ele>
      </trkpt>
      <trkpt lat="-40.7395145" lon="-71.8880135">
        <ele>995.9</ele>
      </trkpt>
      <trkpt lat="-40.739484" lon="-71.8880001">
        <ele>995.9</ele>
      </trkpt>
      <trkpt lat="-40.7394535" lon="-71.887992">
        <ele>995.9</ele>
      </trkpt>
      <trkpt lat="-40.739423" lon="-71.8879893">
        <ele>995.9</ele>
      </trkpt>
      <trkpt lat="-40.7393946" lon="-71.8879893">
        <ele>995.8</ele>
      </trkpt>
      <trkpt lat="-40.73936" lon="-71.8879947">
        <ele>995.8</ele>
      </trkpt>
      <trkpt lat="-40.7393255" lon="-71.8880001">
        <ele>995.8</ele>
      </trkpt>
      <trkpt lat="-40.7392909" lon="-71.8880108">
        <ele>995.8</ele>
      </trkpt>
      <trkpt lat="-40.7392625" lon="-71.8880269">
        <ele>996</ele>
      </trkpt>
      <trkpt lat="-40.739234" lon="-71.8880457">
        <ele>996.2</ele>
      </trkpt>
      <trkpt lat="-40.7392076" lon="-71.8880671">
        <ele>996.5</ele>
      </trkpt>
      <trkpt lat="-40.7391832" lon="-71.8880939">
        <ele>996.8</ele>
      </trkpt>
      <trkpt lat="-40.7391588" lon="-71.8881261">
        <ele>997</ele>
      </trkpt>
      <trkpt lat="-40.7391365" lon="-71.888161">
        <ele>997.2</ele>
      </trkpt>
      <trkpt lat="-40.7391121" lon="-71.8882039">
        <ele>997.8</ele>
      </trkpt>
      <trkpt lat="-40.7390918" lon="-71.8882468">
        <ele>998.2</ele>
      </trkpt>
      <trkpt lat="-40.7390755" lon="-71.8882897">
        <ele>998.8</ele>
      </trkpt>
      <trkpt lat="-40.7388906" lon="-71.8888101">
        <ele>1003.2</ele>
      </trkpt>
      <trkpt lat="-40.7388723" lon="-71.888853">
        <ele>1003.3</ele>
      </trkpt>
      <trkpt lat="-40.7388519" lon="-71.8888879">
        <ele>1003.4</ele>
      </trkpt>
      <trkpt lat="-40.7388296" lon="-71.8889228">
        <ele>1003.4</ele>
      </trkpt>
      <trkpt lat="-40.7388052" lon="-71.8889523">
        <ele>1003.5</ele>
      </trkpt>
      <trkpt lat="-40.7387768" lon="-71.8889791">
        <ele>1003.2</ele>
      </trkpt>
      <trkpt lat="-40.7387503" lon="-71.8889979">
        <ele>1003</ele>
      </trkpt>
      <trkpt lat="-40.7387219" lon="-71.8890166">
        <ele>1002.5</ele>
      </trkpt>
      <trkpt lat="-40.7386914" lon="-71.8890274">
        <ele>1002</ele>
      </trkpt>
      <trkpt lat="-40.7386589" lon="-71.8890381">
        <ele>1001.5</ele>
      </trkpt>
      <trkpt lat="-40.7386243" lon="-71.8890435">
        <ele>1000.8</ele>
      </trkpt>
      <trkpt lat="-40.7385898" lon="-71.8890461">
        <ele>1000</ele>
      </trkpt>
      <trkpt lat="-40.7385573" lon="-71.8890408">
        <ele>999.2</ele>
      </trkpt>
      <trkpt lat="-40.7385248" lon="-71.8890327">
        <ele>998.5</ele>
      </trkpt>
      <trkpt lat="-40.7384922" lon="-71.8890193">
        <ele>997.8</ele>
      </trkpt>
      <trkpt lat="-40.7384638" lon="-71.8890005">
        <ele>997</ele>
      </trkpt>
      <trkpt lat="-40.7384394" lon="-71.8889818">
        <ele>996.2</ele>
      </trkpt>
      <trkpt lat="-40.738415" lon="-71.8889576">
        <ele>995.5</ele>
      </trkpt>
      <trkpt lat="-40.7383947" lon="-71.8889308">
        <ele>994.8</ele>
      </trkpt>
      <trkpt lat="-40.7383764" lon="-71.888904">
        <ele>994</ele>
      </trkpt>
      <trkpt lat="-40.7383601" lon="-71.8888718">
        <ele>993.2</ele>
      </trkpt>
      <trkpt lat="-40.7383459" lon="-71.8888369">
        <ele>992.5</ele>
      </trkpt>
      <trkpt lat="-40.7383357" lon="-71.8887994">
        <ele>991.8</ele>
      </trkpt>
      <trkpt lat="-40.7383276" lon="-71.8887645">
        <ele>991</ele>
      </trkpt>
      <trkpt lat="-40.7383215" lon="-71.8887269">
        <ele>990.5</ele>
      </trkpt>
      <trkpt lat="-40.7383195" lon="-71.8886921">
        <ele>990</ele>
      </trkpt>
      <trkpt lat="-40.7383215" lon="-71.8886545">
        <ele>989.8</ele>
      </trkpt>
      <trkpt lat="-40.7383256" lon="-71.888617">
        <ele>989.5</ele>
      </trkpt>
      <trkpt lat="-40.7383317" lon="-71.8885821">
        <ele>989.2</ele>
      </trkpt>
      <trkpt lat="-40.7383378" lon="-71.8885472">
        <ele>989.2</ele>
      </trkpt>
      <trkpt lat="-40.7383479" lon="-71.8885151">
        <ele>989.2</ele>
      </trkpt>
      <trkpt lat="-40.7383622" lon="-71.8884802">
        <ele>989.1</ele>
      </trkpt>
      <trkpt lat="-40.7383744" lon="-71.8884507">
        <ele>989.1</ele>
      </trkpt>
      <trkpt lat="-40.7383886" lon="-71.8884239">
        <ele>989.1</ele>
      </trkpt>
      <trkpt lat="-40.7384048" lon="-71.8883944">
        <ele>989</ele>
      </trkpt>
      <trkpt lat="-40.7384211" lon="-71.8883702">
        <ele>989</ele>
      </trkpt>
      <trkpt lat="-40.7386568" lon="-71.8880296">
        <ele>988.2</ele>
      </trkpt>
      <trkpt lat="-40.7386914" lon="-71.8879732">
        <ele>988</ele>
      </trkpt>
      <trkpt lat="-40.7387239" lon="-71.8879142">
        <ele>987.8</ele>
      </trkpt>
      <trkpt lat="-40.7387544" lon="-71.8878472">
        <ele>987.2</ele>
      </trkpt>
      <trkpt lat="-40.7387829" lon="-71.8877774">
        <ele>987</ele>
      </trkpt>
      <trkpt lat="-40.7388113" lon="-71.8876997">
        <ele>986.8</ele>
      </trkpt>
      <trkpt lat="-40.7388337" lon="-71.8876165">
        <ele>986.2</ele>
      </trkpt>
      <trkpt lat="-40.7388499" lon="-71.8875334">
        <ele>985.8</ele>
      </trkpt>
      <trkpt lat="-40.7388601" lon="-71.8874556">
        <ele>985.2</ele>
      </trkpt>
      <trkpt lat="-40.7388662" lon="-71.8873724">
        <ele>984.5</ele>
      </trkpt>
      <trkpt lat="-40.7388662" lon="-71.887292">
        <ele>983.5</ele>
      </trkpt>
      <trkpt lat="-40.7388621" lon="-71.8872169">
        <ele>982.2</ele>
      </trkpt>
      <trkpt lat="-40.7388519" lon="-71.887131">
        <ele>981</ele>
      </trkpt>
      <trkpt lat="-40.7387442" lon="-71.8865517">
        <ele>975</ele>
      </trkpt>
      <trkpt lat="-40.7387361" lon="-71.8864954">
        <ele>974.5</ele>
      </trkpt>
      <trkpt lat="-40.73873" lon="-71.886439">
        <ele>974</ele>
      </trkpt>
      <trkpt lat="-40.7387259" lon="-71.8863773">
        <ele>973.5</ele>
      </trkpt>
      <trkpt lat="-40.7387259" lon="-71.8863156">
        <ele>973</ele>
      </trkpt>
      <trkpt lat="-40.738728" lon="-71.8862566">
        <ele>972.5</ele>
      </trkpt>
      <trkpt lat="-40.7387341" lon="-71.886203">
        <ele>972.2</ele>
      </trkpt>
      <trkpt lat="-40.7387463" lon="-71.8861467">
        <ele>972.2</ele>
      </trkpt>
      <trkpt lat="-40.7387625" lon="-71.8860903">
        <ele>972.2</ele>
      </trkpt>
      <trkpt lat="-40.7387829" lon="-71.886034">
        <ele>972.1</ele>
      </trkpt>
      <trkpt lat="-40.7388113" lon="-71.8859777">
        <ele>972.1</ele>
      </trkpt>
      <trkpt lat="-40.7388438" lon="-71.8859294">
        <ele>972</ele>
      </trkpt>
      <trkpt lat="-40.7388763" lon="-71.8858892">
        <ele>971.8</ele>
      </trkpt>
      <trkpt lat="-40.7389109" lon="-71.8858516">
        <ele>971.5</ele>
      </trkpt>
      <trkpt lat="-40.7389515" lon="-71.8858194">
        <ele>971.2</ele>
      </trkpt>
      <trkpt lat="-40.7389922" lon="-71.8857953">
        <ele>971</ele>
      </trkpt>
      <trkpt lat="-40.7390389" lon="-71.8857765">
        <ele>970.8</ele>
      </trkpt>
      <trkpt lat="-40.7390897" lon="-71.8857631">
        <ele>970.2</ele>
      </trkpt>
      <trkpt lat="-40.7391426" lon="-71.8857551">
        <ele>969.8</ele>
      </trkpt>
      <trkpt lat="-40.7391954" lon="-71.8857551">
        <ele>969.5</ele>
      </trkpt>
      <trkpt lat="-40.7392482" lon="-71.8857604">
        <ele>969.2</ele>
      </trkpt>
      <trkpt lat="-40.739297" lon="-71.8857712">
        <ele>969</ele>
      </trkpt>
      <trkpt lat="-40.7393478" lon="-71.8857899">
        <ele>968.8</ele>
      </trkpt>
      <trkpt lat="-40.7394007" lon="-71.8858194">
        <ele>968.5</ele>
      </trkpt>
      <trkpt lat="-40.7394494" lon="-71.8858489">
        <ele>968.2</ele>
      </trkpt>
      <trkpt lat="-40.7400103" lon="-71.8862244">
        <ele>967.1</ele>
      </trkpt>
      <trkpt lat="-40.7400307" lon="-71.8862352">
        <ele>967.1</ele>
      </trkpt>
      <trkpt lat="-40.740051" lon="-71.8862432">
        <ele>967.1</ele>
      </trkpt>
      <trkpt lat="-40.7400713" lon="-71.8862486">
        <ele>967</ele>
      </trkpt>
      <trkpt lat="-40.7400916" lon="-71.886254">
        <ele>967.1</ele>
      </trkpt>
      <trkpt lat="-40.7403822" lon="-71.8862781">
        <ele>968</ele>
      </trkpt>
      <trkpt lat="-40.7404168" lon="-71.8862754">
        <ele>968</ele>
      </trkpt>
      <trkpt lat="-40.7404534" lon="-71.8862674">
        <ele>968.2</ele>
      </trkpt>
      <trkpt lat="-40.7404879" lon="-71.8862513">
        <ele>968.5</ele>
      </trkpt>
      <trkpt lat="-40.7405225" lon="-71.8862352">
        <ele>968.8</ele>
      </trkpt>
      <trkpt lat="-40.740559" lon="-71.8862137">
        <ele>969</ele>
      </trkpt>
      <trkpt lat="-40.7405936" lon="-71.8861896">
        <ele>969.2</ele>
      </trkpt>
      <trkpt lat="-40.7406281" lon="-71.8861628">
        <ele>969.5</ele>
      </trkpt>
      <trkpt lat="-40.7406607" lon="-71.8861359">
        <ele>969.6</ele>
      </trkpt>
      <trkpt lat="-40.7406932" lon="-71.8861011">
        <ele>969.6</ele>
      </trkpt>
      <trkpt lat="-40.7407257" lon="-71.8860608">
        <ele>969.7</ele>
      </trkpt>
      <trkpt lat="-40.7407521" lon="-71.8860152">
        <ele>969.8</ele>
      </trkpt>
      <trkpt lat="-40.7407765" lon="-71.885967">
        <ele>969.5</ele>
      </trkpt>
      <trkpt lat="-40.7407989" lon="-71.885916">
        <ele>969.2</ele>
      </trkpt>
      <trkpt lat="-40.7408192" lon="-71.8858624">
        <ele>968.8</ele>
      </trkpt>
      <trkpt lat="-40.7408354" lon="-71.8858087">
        <ele>968.2</ele>
      </trkpt>
      <trkpt lat="-40.7408476" lon="-71.8857524">
        <ele>967.8</ele>
      </trkpt>
      <trkpt lat="-40.7409269" lon="-71.8853742">
        <ele>963.5</ele>
      </trkpt>
      <trkpt lat="-40.7409472" lon="-71.8852669">
        <ele>962.8</ele>
      </trkpt>
      <trkpt lat="-40.7409696" lon="-71.8851596">
        <ele>962.2</ele>
      </trkpt>
      <trkpt lat="-40.7409939" lon="-71.8850523">
        <ele>961.8</ele>
      </trkpt>
      <trkpt lat="-40.7410163" lon="-71.884945">
        <ele>961.2</ele>
      </trkpt>
      <trkpt lat="-40.7412785" lon="-71.8837649">
        <ele>957</ele>
      </trkpt>
      <trkpt lat="-40.7413069" lon="-71.8836415">
        <ele>956.9</ele>
      </trkpt>
      <trkpt lat="-40.7413374" lon="-71.8835154">
        <ele>956.8</ele>
      </trkpt>
      <trkpt lat="-40.741374" lon="-71.8833947">
        <ele>956.7</ele>
      </trkpt>
      <trkpt lat="-40.7414126" lon="-71.8832713">
        <ele>956.6</ele>
      </trkpt>
      <trkpt lat="-40.7414512" lon="-71.8831533">
        <ele>956.5</ele>
      </trkpt>
      <trkpt lat="-40.7414939" lon="-71.8830326">
        <ele>956.4</ele>
      </trkpt>
      <trkpt lat="-40.7415386" lon="-71.8829146">
        <ele>956.3</ele>
      </trkpt>
      <trkpt lat="-40.7415853" lon="-71.8827993">
        <ele>956.2</ele>
      </trkpt>
      <trkpt lat="-40.7416382" lon="-71.8826839">
        <ele>956.5</ele>
      </trkpt>
      <trkpt lat="-40.7416971" lon="-71.8825686">
        <ele>956.8</ele>
      </trkpt>
      <trkpt lat="-40.741754" lon="-71.8824586">
        <ele>956.2</ele>
      </trkpt>
      <trkpt lat="-40.741815" lon="-71.8823513">
        <ele>955.8</ele>
      </trkpt>
      <trkpt lat="-40.74188" lon="-71.8822494">
        <ele>955.2</ele>
      </trkpt>
      <trkpt lat="-40.7419471" lon="-71.8821475">
        <ele>954.8</ele>
      </trkpt>
      <trkpt lat="-40.7420182" lon="-71.8820509">
        <ele>954.2</ele>
      </trkpt>
      <trkpt lat="-40.7420934" lon="-71.8819544">
        <ele>953.8</ele>
      </trkpt>
      <trkpt lat="-40.7429469" lon="-71.8808842">
        <ele>948.2</ele>
      </trkpt>
      <trkpt lat="-40.7430322" lon="-71.8807876">
        <ele>947.8</ele>
      </trkpt>
      <trkpt lat="-40.7431176" lon="-71.8806884">
        <ele>947</ele>
      </trkpt>
      <trkpt lat="-40.743205" lon="-71.8805945">
        <ele>946.5</ele>
      </trkpt>
      <trkpt lat="-40.7432924" lon="-71.8805006">
        <ele>946.2</ele>
      </trkpt>
      <trkpt lat="-40.7439589" lon="-71.8797925">
        <ele>947.2</ele>
      </trkpt>
      <trkpt lat="-40.7440056" lon="-71.8797389">
        <ele>947.8</ele>
      </trkpt>
      <trkpt lat="-40.7440544" lon="-71.8796825">
        <ele>948.2</ele>
      </trkpt>
      <trkpt lat="-40.7441011" lon="-71.8796262">
        <ele>948.8</ele>
      </trkpt>
      <trkpt lat="-40.7441479" lon="-71.8795618">
        <ele>949.2</ele>
      </trkpt>
      <trkpt lat="-40.7441926" lon="-71.8795002">
        <ele>949.5</ele>
      </trkpt>
      <trkpt lat="-40.7442332" lon="-71.8794358">
        <ele>949.8</ele>
      </trkpt>
      <trkpt lat="-40.7442759" lon="-71.8793687">
        <ele>950.2</ele>
      </trkpt>
      <trkpt lat="-40.7443165" lon="-71.879299">
        <ele>950.8</ele>
      </trkpt>
      <trkpt lat="-40.7446498" lon="-71.8786526">
        <ele>955</ele>
      </trkpt>
      <trkpt lat="-40.7449282" lon="-71.8781161">
        <ele>956.2</ele>
      </trkpt>
      <trkpt lat="-40.7451009" lon="-71.8777809">
        <ele>956</ele>
      </trkpt>
      <trkpt lat="-40.7451416" lon="-71.8777031">
        <ele>956</ele>
      </trkpt>
      <trkpt lat="-40.7451822" lon="-71.877628">
        <ele>955.8</ele>
      </trkpt>
      <trkpt lat="-40.745229" lon="-71.8775502">
        <ele>955.5</ele>
      </trkpt>
      <trkpt lat="-40.7452737" lon="-71.8774751">
        <ele>955.2</ele>
      </trkpt>
      <trkpt lat="-40.7453163" lon="-71.8774053">
        <ele>955</ele>
      </trkpt>
      <trkpt lat="-40.7453631" lon="-71.8773356">
        <ele>954.9</ele>
      </trkpt>
      <trkpt lat="-40.7454139" lon="-71.8772686">
        <ele>954.9</ele>
      </trkpt>
      <trkpt lat="-40.7454667" lon="-71.8772015">
        <ele>954.8</ele>
      </trkpt>
      <trkpt lat="-40.7455216" lon="-71.8771344">
        <ele>954.8</ele>
      </trkpt>
      <trkpt lat="-40.7455744" lon="-71.8770728">
        <ele>955</ele>
      </trkpt>
      <trkpt lat="-40.7456313" lon="-71.8770164">
        <ele>955.2</ele>
      </trkpt>
      <trkpt lat="-40.7456882" lon="-71.8769628">
        <ele>955.5</ele>
      </trkpt>
      <trkpt lat="-40.7459158" lon="-71.8767455">
        <ele>954.2</ele>
      </trkpt>
      <trkpt lat="-40.7459625" lon="-71.8766972">
        <ele>953.8</ele>
      </trkpt>
      <trkpt lat="-40.7460113" lon="-71.8766409">
        <ele>953.5</ele>
      </trkpt>
      <trkpt lat="-40.7460601" lon="-71.8765792">
        <ele>953.5</ele>
      </trkpt>
      <trkpt lat="-40.7461068" lon="-71.8765122">
        <ele>953.4</ele>
      </trkpt>
      <trkpt lat="-40.7461515" lon="-71.8764451">
        <ele>953.4</ele>
      </trkpt>
      <trkpt lat="-40.7461922" lon="-71.8763807">
        <ele>953.3</ele>
      </trkpt>
      <trkpt lat="-40.7462308" lon="-71.876311">
        <ele>953.3</ele>
      </trkpt>
      <trkpt lat="-40.7462755" lon="-71.8762279">
        <ele>953.2</ele>
      </trkpt>
      <trkpt lat="-40.7464157" lon="-71.875965">
        <ele>952.9</ele>
      </trkpt>
      <trkpt lat="-40.7464523" lon="-71.8759006">
        <ele>952.8</ele>
      </trkpt>
      <trkpt lat="-40.7464889" lon="-71.8758363">
        <ele>953</ele>
      </trkpt>
      <trkpt lat="-40.7465275" lon="-71.8757692">
        <ele>953.2</ele>
      </trkpt>
      <trkpt lat="-40.7465661" lon="-71.8757102">
        <ele>953.5</ele>
      </trkpt>
      <trkpt lat="-40.7467266" lon="-71.8754688">
        <ele>952.8</ele>
      </trkpt>
      <trkpt lat="-40.746755" lon="-71.8754259">
        <ele>952.5</ele>
      </trkpt>
      <trkpt lat="-40.7467815" lon="-71.8753803">
        <ele>952.2</ele>
      </trkpt>
      <trkpt lat="-40.7468038" lon="-71.8753293">
        <ele>952.2</ele>
      </trkpt>
      <trkpt lat="-40.7468262" lon="-71.8752784">
        <ele>952.1</ele>
      </trkpt>
      <trkpt lat="-40.7468424" lon="-71.8752274">
        <ele>952.1</ele>
      </trkpt>
      <trkpt lat="-40.7468567" lon="-71.8751711">
        <ele>952</ele>
      </trkpt>
      <trkpt lat="-40.7468668" lon="-71.8751121">
        <ele>952.2</ele>
      </trkpt>
      <trkpt lat="-40.7468729" lon="-71.875053">
        <ele>952.5</ele>
      </trkpt>
      <trkpt lat="-40.7468993" lon="-71.8747419">
        <ele>952.8</ele>
      </trkpt>
      <trkpt lat="-40.7469075" lon="-71.8746668">
        <ele>952.9</ele>
      </trkpt>
      <trkpt lat="-40.7469156" lon="-71.8745917">
        <ele>953</ele>
      </trkpt>
      <trkpt lat="-40.7469278" lon="-71.8745193">
        <ele>953</ele>
      </trkpt>
      <trkpt lat="-40.746942" lon="-71.8744442">
        <ele>953.1</ele>
      </trkpt>
      <trkpt lat="-40.7469583" lon="-71.8743691">
        <ele>953.2</ele>
      </trkpt>
      <trkpt lat="-40.7469786" lon="-71.8742967">
        <ele>953.2</ele>
      </trkpt>
      <trkpt lat="-40.747003" lon="-71.8742296">
        <ele>953</ele>
      </trkpt>
      <trkpt lat="-40.7470294" lon="-71.8741626">
        <ele>952.8</ele>
      </trkpt>
      <trkpt lat="-40.747515" lon="-71.8729797">
        <ele>946.5</ele>
      </trkpt>
      <trkpt lat="-40.7475475" lon="-71.8728966">
        <ele>946</ele>
      </trkpt>
      <trkpt lat="-40.747578" lon="-71.8728054">
        <ele>945.5</ele>
      </trkpt>
      <trkpt lat="-40.7476044" lon="-71.8727168">
        <ele>945</ele>
      </trkpt>
      <trkpt lat="-40.7476288" lon="-71.872623">
        <ele>945</ele>
      </trkpt>
      <trkpt lat="-40.7476491" lon="-71.8725291">
        <ele>944.9</ele>
      </trkpt>
      <trkpt lat="-40.7476674" lon="-71.8724325">
        <ele>944.9</ele>
      </trkpt>
      <trkpt lat="-40.7476837" lon="-71.8723333">
        <ele>944.8</ele>
      </trkpt>
      <trkpt lat="-40.7476938" lon="-71.872226">
        <ele>944.8</ele>
      </trkpt>
      <trkpt lat="-40.7477182" lon="-71.8719283">
        <ele>944.9</ele>
      </trkpt>
      <trkpt lat="-40.7477223" lon="-71.87188">
        <ele>944.9</ele>
      </trkpt>
      <trkpt lat="-40.7477304" lon="-71.8718317">
        <ele>944.9</ele>
      </trkpt>
      <trkpt lat="-40.7477365" lon="-71.8717834">
        <ele>945</ele>
      </trkpt>
      <trkpt lat="-40.7477467" lon="-71.8717352">
        <ele>945</ele>
      </trkpt>
      <trkpt lat="-40.7477589" lon="-71.8716869">
        <ele>945</ele>
      </trkpt>
      <trkpt lat="-40.7477731" lon="-71.8716413">
        <ele>944.8</ele>
      </trkpt>
      <trkpt lat="-40.7477934" lon="-71.8715957">
        <ele>944.2</ele>
      </trkpt>
      <trkpt lat="-40.7478198" lon="-71.8715554">
        <ele>943.8</ele>
      </trkpt>
      <trkpt lat="-40.7478483" lon="-71.8715233">
        <ele>943</ele>
      </trkpt>
      <trkpt lat="-40.7478808" lon="-71.8714938">
        <ele>942.2</ele>
      </trkpt>
      <trkpt lat="-40.7479133" lon="-71.8714696">
        <ele>941.5</ele>
      </trkpt>
      <trkpt lat="-40.7479478" lon="-71.8714508">
        <ele>940.5</ele>
      </trkpt>
      <trkpt lat="-40.7482344" lon="-71.871314">
        <ele>933</ele>
      </trkpt>
      <trkpt lat="-40.7482791" lon="-71.8712899">
        <ele>930.8</ele>
      </trkpt>
      <trkpt lat="-40.7483258" lon="-71.871255">
        <ele>929.5</ele>
      </trkpt>
      <trkpt lat="-40.7483725" lon="-71.8712202">
        <ele>928.5</ele>
      </trkpt>
      <trkpt lat="-40.7484152" lon="-71.8711773">
        <ele>927.5</ele>
      </trkpt>
      <trkpt lat="-40.7484599" lon="-71.8711263">
        <ele>926.5</ele>
      </trkpt>
      <trkpt lat="-40.7484985" lon="-71.8710646">
        <ele>925.5</ele>
      </trkpt>
      <trkpt lat="-40.748527" lon="-71.8709975">
        <ele>924.8</ele>
      </trkpt>
      <trkpt lat="-40.7485473" lon="-71.8709251">
        <ele>924</ele>
      </trkpt>
      <trkpt lat="-40.7485595" lon="-71.87085">
        <ele>923.2</ele>
      </trkpt>
      <trkpt lat="-40.7485656" lon="-71.8707776">
        <ele>922.5</ele>
      </trkpt>
      <trkpt lat="-40.7485676" lon="-71.8706998">
        <ele>922</ele>
      </trkpt>
      <trkpt lat="-40.7485656" lon="-71.8706301">
        <ele>921.5</ele>
      </trkpt>
      <trkpt lat="-40.7485595" lon="-71.870555">
        <ele>921</ele>
      </trkpt>
      <trkpt lat="-40.7485514" lon="-71.8704826">
        <ele>920.8</ele>
      </trkpt>
      <trkpt lat="-40.7485392" lon="-71.8704075">
        <ele>920.5</ele>
      </trkpt>
      <trkpt lat="-40.7485249" lon="-71.8703377">
        <ele>920.2</ele>
      </trkpt>
      <trkpt lat="-40.7485006" lon="-71.8702358">
        <ele>919.8</ele>
      </trkpt>
      <trkpt lat="-40.7484782" lon="-71.8701419">
        <ele>919.2</ele>
      </trkpt>
      <trkpt lat="-40.7484498" lon="-71.8700454">
        <ele>918.8</ele>
      </trkpt>
      <trkpt lat="-40.7484193" lon="-71.8699461">
        <ele>918.2</ele>
      </trkpt>
      <trkpt lat="-40.7483949" lon="-71.8698817">
        <ele>917.8</ele>
      </trkpt>
      <trkpt lat="-40.7483685" lon="-71.8698174">
        <ele>917.2</ele>
      </trkpt>
      <trkpt lat="-40.7483421" lon="-71.8697584">
        <ele>917</ele>
      </trkpt>
      <trkpt lat="-40.7483136" lon="-71.8697047">
        <ele>916.8</ele>
      </trkpt>
      <trkpt lat="-40.7482811" lon="-71.8696457">
        <ele>916.7</ele>
      </trkpt>
      <trkpt lat="-40.7482466" lon="-71.8695921">
        <ele>916.6</ele>
      </trkpt>
      <trkpt lat="-40.7482079" lon="-71.8695411">
        <ele>916.6</ele>
      </trkpt>
      <trkpt lat="-40.7481653" lon="-71.8694928">
        <ele>916.5</ele>
      </trkpt>
      <trkpt lat="-40.7481165" lon="-71.8694445">
        <ele>916.8</ele>
      </trkpt>
      <trkpt lat="-40.7480677" lon="-71.8694043">
        <ele>917</ele>
      </trkpt>
      <trkpt lat="-40.748021" lon="-71.8693694">
        <ele>917.2</ele>
      </trkpt>
      <trkpt lat="-40.7479743" lon="-71.8693399">
        <ele>917.5</ele>
      </trkpt>
      <trkpt lat="-40.74783" lon="-71.8692622">
        <ele>917.9</ele>
      </trkpt>
      <trkpt lat="-40.7477853" lon="-71.8692461">
        <ele>918</ele>
      </trkpt>
      <trkpt lat="-40.7477446" lon="-71.8692327">
        <ele>918.2</ele>
      </trkpt>
      <trkpt lat="-40.7476999" lon="-71.8692219">
        <ele>918.5</ele>
      </trkpt>
      <trkpt lat="-40.7476573" lon="-71.8692166">
        <ele>918.8</ele>
      </trkpt>
      <trkpt lat="-40.7476187" lon="-71.8692112">
        <ele>919</ele>
      </trkpt>
      <trkpt lat="-40.747576" lon="-71.8692112">
        <ele>919.2</ele>
      </trkpt>
      <trkpt lat="-40.7475333" lon="-71.8692112">
        <ele>919.5</ele>
      </trkpt>
      <trkpt lat="-40.7474886" lon="-71.8692139">
        <ele>919.8</ele>
      </trkpt>
      <trkpt lat="-40.7473261" lon="-71.8692246">
        <ele>920.5</ele>
      </trkpt>
      <trkpt lat="-40.7472651" lon="-71.86923">
        <ele>920.8</ele>
      </trkpt>
      <trkpt lat="-40.7472062" lon="-71.86923">
        <ele>921</ele>
      </trkpt>
      <trkpt lat="-40.7471452" lon="-71.86923">
        <ele>921.1</ele>
      </trkpt>
      <trkpt lat="-40.7470863" lon="-71.8692219">
        <ele>921.2</ele>
      </trkpt>
      <trkpt lat="-40.7470233" lon="-71.8692085">
        <ele>921.2</ele>
      </trkpt>
      <trkpt lat="-40.7469643" lon="-71.8691871">
        <ele>921</ele>
      </trkpt>
      <trkpt lat="-40.7469075" lon="-71.8691549">
        <ele>920.8</ele>
      </trkpt>
      <trkpt lat="-40.7468506" lon="-71.8691173">
        <ele>920.2</ele>
      </trkpt>
      <trkpt lat="-40.7467998" lon="-71.8690744">
        <ele>919.8</ele>
      </trkpt>
      <trkpt lat="-40.746755" lon="-71.8690208">
        <ele>919</ele>
      </trkpt>
      <trkpt lat="-40.7467144" lon="-71.8689644">
        <ele>918</ele>
      </trkpt>
      <trkpt lat="-40.7466778" lon="-71.8688974">
        <ele>917</ele>
      </trkpt>
      <trkpt lat="-40.7466474" lon="-71.8688276">
        <ele>915.8</ele>
      </trkpt>
      <trkpt lat="-40.746623" lon="-71.8687525">
        <ele>914.5</ele>
      </trkpt>
      <trkpt lat="-40.7466047" lon="-71.8686748">
        <ele>913.2</ele>
      </trkpt>
      <trkpt lat="-40.7465905" lon="-71.868597">
        <ele>912</ele>
      </trkpt>
      <trkpt lat="-40.7464543" lon="-71.8677467">
        <ele>897.5</ele>
      </trkpt>
      <trkpt lat="-40.7464421" lon="-71.8676877">
        <ele>897</ele>
      </trkpt>
      <trkpt lat="-40.7464279" lon="-71.8676287">
        <ele>896.5</ele>
      </trkpt>
      <trkpt lat="-40.7464137" lon="-71.8675724">
        <ele>896</ele>
      </trkpt>
      <trkpt lat="-40.7463974" lon="-71.8675134">
        <ele>895.8</ele>
      </trkpt>
      <trkpt lat="-40.7463791" lon="-71.8674543">
        <ele>895.5</ele>
      </trkpt>
      <trkpt lat="-40.7463608" lon="-71.867398">
        <ele>895.5</ele>
      </trkpt>
      <trkpt lat="-40.7463405" lon="-71.867339">
        <ele>895.4</ele>
      </trkpt>
      <trkpt lat="-40.7463182" lon="-71.8672827">
        <ele>895.4</ele>
      </trkpt>
      <trkpt lat="-40.7462958" lon="-71.867229">
        <ele>895.4</ele>
      </trkpt>
      <trkpt lat="-40.7462694" lon="-71.8671754">
        <ele>895.3</ele>
      </trkpt>
      <trkpt lat="-40.746243" lon="-71.8671218">
        <ele>895.3</ele>
      </trkpt>
      <trkpt lat="-40.7462186" lon="-71.8670735">
        <ele>895.2</ele>
      </trkpt>
      <trkpt lat="-40.7461536" lon="-71.8669581">
        <ele>895.8</ele>
      </trkpt>
      <trkpt lat="-40.746121" lon="-71.8669045">
        <ele>896</ele>
      </trkpt>
      <trkpt lat="-40.7460885" lon="-71.8668535">
        <ele>896.2</ele>
      </trkpt>
      <trkpt lat="-40.746054" lon="-71.8668053">
        <ele>896.5</ele>
      </trkpt>
      <trkpt lat="-40.7460194" lon="-71.8667597">
        <ele>897.3</ele>
      </trkpt>
      <trkpt lat="-40.7458162" lon="-71.8664968">
        <ele>902</ele>
      </trkpt>
      <trkpt lat="-40.7457898" lon="-71.8664593">
        <ele>903.2</ele>
      </trkpt>
      <trkpt lat="-40.7457634" lon="-71.8664217">
        <ele>904.2</ele>
      </trkpt>
      <trkpt lat="-40.745739" lon="-71.8663841">
        <ele>905.2</ele>
      </trkpt>
      <trkpt lat="-40.7457187" lon="-71.8663439">
        <ele>906.2</ele>
      </trkpt>
      <trkpt lat="-40.7456984" lon="-71.8662983">
        <ele>907.2</ele>
      </trkpt>
      <trkpt lat="-40.7456821" lon="-71.86625">
        <ele>908.2</ele>
      </trkpt>
      <trkpt lat="-40.7456659" lon="-71.8662018">
        <ele>909.2</ele>
      </trkpt>
      <trkpt lat="-40.7456537" lon="-71.8661508">
        <ele>910.2</ele>
      </trkpt>
      <trkpt lat="-40.7456455" lon="-71.8660945">
        <ele>911.2</ele>
      </trkpt>
      <trkpt lat="-40.7456415" lon="-71.8660328">
        <ele>912</ele>
      </trkpt>
      <trkpt lat="-40.7456394" lon="-71.8659657">
        <ele>912.8</ele>
      </trkpt>
      <trkpt lat="-40.7456435" lon="-71.865904">
        <ele>913.2</ele>
      </trkpt>
      <trkpt lat="-40.7456496" lon="-71.8658423">
        <ele>913.4</ele>
      </trkpt>
      <trkpt lat="-40.7456577" lon="-71.865778">
        <ele>913.5</ele>
      </trkpt>
      <trkpt lat="-40.7456699" lon="-71.8657082">
        <ele>913.2</ele>
      </trkpt>
      <trkpt lat="-40.7457715" lon="-71.8651101">
        <ele>909.5</ele>
      </trkpt>
      <trkpt lat="-40.7457817" lon="-71.8650511">
        <ele>909</ele>
      </trkpt>
      <trkpt lat="-40.7457898" lon="-71.8649867">
        <ele>908.8</ele>
      </trkpt>
      <trkpt lat="-40.7457979" lon="-71.8649197">
        <ele>908.5</ele>
      </trkpt>
      <trkpt lat="-40.745802" lon="-71.8648526">
        <ele>908.2</ele>
      </trkpt>
      <trkpt lat="-40.745804" lon="-71.8647882">
        <ele>908</ele>
      </trkpt>
      <trkpt lat="-40.745802" lon="-71.8647239">
        <ele>907.8</ele>
      </trkpt>
      <trkpt lat="-40.745737" lon="-71.864005">
        <ele>908.2</ele>
      </trkpt>
      <trkpt lat="-40.7456902" lon="-71.8634793">
        <ele>914</ele>
      </trkpt>
      <trkpt lat="-40.7456801" lon="-71.8633533">
        <ele>915.2</ele>
      </trkpt>
      <trkpt lat="-40.745672" lon="-71.8632272">
        <ele>916.2</ele>
      </trkpt>
      <trkpt lat="-40.7456659" lon="-71.8631038">
        <ele>917.2</ele>
      </trkpt>
      <trkpt lat="-40.7456618" lon="-71.8629697">
        <ele>918.2</ele>
      </trkpt>
      <trkpt lat="-40.7456638" lon="-71.862849">
        <ele>919</ele>
      </trkpt>
      <trkpt lat="-40.7456659" lon="-71.8627256">
        <ele>919.8</ele>
      </trkpt>
      <trkpt lat="-40.745672" lon="-71.8626076">
        <ele>920.5</ele>
      </trkpt>
      <trkpt lat="-40.7456781" lon="-71.8624949">
        <ele>920.6</ele>
      </trkpt>
      <trkpt lat="-40.7456882" lon="-71.8623796">
        <ele>920.8</ele>
      </trkpt>
      <trkpt lat="-40.7457004" lon="-71.8622643">
        <ele>920.5</ele>
      </trkpt>
      <trkpt lat="-40.7457146" lon="-71.8621543">
        <ele>920</ele>
      </trkpt>
      <trkpt lat="-40.7457289" lon="-71.8620497">
        <ele>919.2</ele>
      </trkpt>
      <trkpt lat="-40.7457492" lon="-71.8619397">
        <ele>918.2</ele>
      </trkpt>
      <trkpt lat="-40.7457695" lon="-71.8618324">
        <ele>917</ele>
      </trkpt>
      <trkpt lat="-40.7457939" lon="-71.8617305">
        <ele>915.5</ele>
      </trkpt>
      <trkpt lat="-40.7458183" lon="-71.8616286">
        <ele>914</ele>
      </trkpt>
      <trkpt lat="-40.7458609" lon="-71.861473">
        <ele>912.1</ele>
      </trkpt>
      <trkpt lat="-40.7459097" lon="-71.861296">
        <ele>910</ele>
      </trkpt>
      <trkpt lat="-40.7460885" lon="-71.8606469">
        <ele>903</ele>
      </trkpt>
      <trkpt lat="-40.7461109" lon="-71.8605638">
        <ele>902.8</ele>
      </trkpt>
      <trkpt lat="-40.7461312" lon="-71.8604699">
        <ele>902.5</ele>
      </trkpt>
      <trkpt lat="-40.7461515" lon="-71.8603787">
        <ele>902.2</ele>
      </trkpt>
      <trkpt lat="-40.7461658" lon="-71.8602875">
        <ele>902</ele>
      </trkpt>
      <trkpt lat="-40.74618" lon="-71.8601936">
        <ele>901.5</ele>
      </trkpt>
      <trkpt lat="-40.7461901" lon="-71.8601051">
        <ele>901</ele>
      </trkpt>
      <trkpt lat="-40.7461983" lon="-71.8600139">
        <ele>900.8</ele>
      </trkpt>
      <trkpt lat="-40.7462023" lon="-71.8599254">
        <ele>901</ele>
      </trkpt>
      <trkpt lat="-40.7462125" lon="-71.8586165">
        <ele>899.8</ele>
      </trkpt>
      <trkpt lat="-40.7462145" lon="-71.8585011">
        <ele>900</ele>
      </trkpt>
      <trkpt lat="-40.7462186" lon="-71.8583858">
        <ele>900.2</ele>
      </trkpt>
      <trkpt lat="-40.7462227" lon="-71.8582758">
        <ele>900.5</ele>
      </trkpt>
      <trkpt lat="-40.7462287" lon="-71.8581605">
        <ele>901</ele>
      </trkpt>
      <trkpt lat="-40.7462369" lon="-71.8580478">
        <ele>901.5</ele>
      </trkpt>
      <trkpt lat="-40.7462491" lon="-71.8579352">
        <ele>902</ele>
      </trkpt>
      <trkpt lat="-40.7463405" lon="-71.8571734">
        <ele>907.8</ele>
      </trkpt>
      <trkpt lat="-40.7463527" lon="-71.8570849">
        <ele>908.8</ele>
      </trkpt>
      <trkpt lat="-40.746369" lon="-71.8569964">
        <ele>909.5</ele>
      </trkpt>
      <trkpt lat="-40.7463933" lon="-71.8569052">
        <ele>910</ele>
      </trkpt>
      <trkpt lat="-40.7464218" lon="-71.8568194">
        <ele>910.1</ele>
      </trkpt>
      <trkpt lat="-40.7464523" lon="-71.8567362">
        <ele>910.2</ele>
      </trkpt>
      <trkpt lat="-40.7464889" lon="-71.8566558">
        <ele>910</ele>
      </trkpt>
      <trkpt lat="-40.7465275" lon="-71.856578">
        <ele>909.5</ele>
      </trkpt>
      <trkpt lat="-40.7465701" lon="-71.8565056">
        <ele>908.8</ele>
      </trkpt>
      <trkpt lat="-40.7468709" lon="-71.8560496">
        <ele>904.5</ele>
      </trkpt>
      <trkpt lat="-40.7469034" lon="-71.8559933">
        <ele>904.2</ele>
      </trkpt>
      <trkpt lat="-40.7469359" lon="-71.8559316">
        <ele>904</ele>
      </trkpt>
      <trkpt lat="-40.7469684" lon="-71.8558645">
        <ele>903.8</ele>
      </trkpt>
      <trkpt lat="-40.7470009" lon="-71.8557975">
        <ele>903.5</ele>
      </trkpt>
      <trkpt lat="-40.7470314" lon="-71.8557304">
        <ele>903.4</ele>
      </trkpt>
      <trkpt lat="-40.7470599" lon="-71.8556607">
        <ele>903.3</ele>
      </trkpt>
      <trkpt lat="-40.7470863" lon="-71.8555883">
        <ele>903.2</ele>
      </trkpt>
      <trkpt lat="-40.7471107" lon="-71.8555158">
        <ele>903.5</ele>
      </trkpt>
      <trkpt lat="-40.7473809" lon="-71.8545449">
        <ele>906.1</ele>
      </trkpt>
      <trkpt lat="-40.7473951" lon="-71.8544993">
        <ele>906.3</ele>
      </trkpt>
      <trkpt lat="-40.7474114" lon="-71.8544564">
        <ele>906.4</ele>
      </trkpt>
      <trkpt lat="-40.7474277" lon="-71.8544134">
        <ele>906.5</ele>
      </trkpt>
      <trkpt lat="-40.7474459" lon="-71.8543732">
        <ele>906.2</ele>
      </trkpt>
      <trkpt lat="-40.7474683" lon="-71.8543303">
        <ele>906</ele>
      </trkpt>
      <trkpt lat="-40.7474886" lon="-71.8542901">
        <ele>905.8</ele>
      </trkpt>
      <trkpt lat="-40.747511" lon="-71.8542498">
        <ele>905.5</ele>
      </trkpt>
      <trkpt lat="-40.7475333" lon="-71.8542096">
        <ele>905</ele>
      </trkpt>
      <trkpt lat="-40.747702" lon="-71.8539333">
        <ele>901.5</ele>
      </trkpt>
      <trkpt lat="-40.7477284" lon="-71.8538797">
        <ele>901</ele>
      </trkpt>
      <trkpt lat="-40.7477548" lon="-71.8538207">
        <ele>900.5</ele>
      </trkpt>
      <trkpt lat="-40.7477792" lon="-71.8537617">
        <ele>900.2</ele>
      </trkpt>
      <trkpt lat="-40.7477995" lon="-71.8536973">
        <ele>900.2</ele>
      </trkpt>
      <trkpt lat="-40.7478178" lon="-71.8536356">
        <ele>900.1</ele>
      </trkpt>
      <trkpt lat="-40.7478341" lon="-71.8535712">
        <ele>900</ele>
      </trkpt>
      <trkpt lat="-40.7478483" lon="-71.8535069">
        <ele>900.2</ele>
      </trkpt>
      <trkpt lat="-40.7478584" lon="-71.8534398">
        <ele>900.5</ele>
      </trkpt>
      <trkpt lat="-40.7479702" lon="-71.8526298">
        <ele>900.3</ele>
      </trkpt>
      <trkpt lat="-40.7479824" lon="-71.8525279">
        <ele>900.3</ele>
      </trkpt>
      <trkpt lat="-40.7479885" lon="-71.852434">
        <ele>900.3</ele>
      </trkpt>
      <trkpt lat="-40.7479946" lon="-71.8523321">
        <ele>900.2</ele>
      </trkpt>
      <trkpt lat="-40.7479966" lon="-71.8522301">
        <ele>900</ele>
      </trkpt>
      <trkpt lat="-40.7480047" lon="-71.851455">
        <ele>893.5</ele>
      </trkpt>
      <trkpt lat="-40.7480047" lon="-71.8514067">
        <ele>893</ele>
      </trkpt>
      <trkpt lat="-40.7480007" lon="-71.8513584">
        <ele>892.5</ele>
      </trkpt>
      <trkpt lat="-40.7479966" lon="-71.8513101">
        <ele>892</ele>
      </trkpt>
      <trkpt lat="-40.7479905" lon="-71.8512619">
        <ele>891.5</ele>
      </trkpt>
      <trkpt lat="-40.7479824" lon="-71.8512163">
        <ele>891</ele>
      </trkpt>
      <trkpt lat="-40.7479743" lon="-71.851168">
        <ele>890.5</ele>
      </trkpt>
      <trkpt lat="-40.7479641" lon="-71.8511251">
        <ele>890</ele>
      </trkpt>
      <trkpt lat="-40.7479499" lon="-71.8510821">
        <ele>889.5</ele>
      </trkpt>
      <trkpt lat="-40.7479357" lon="-71.8510392">
        <ele>889.2</ele>
      </trkpt>
      <trkpt lat="-40.7479194" lon="-71.850999">
        <ele>889</ele>
      </trkpt>
      <trkpt lat="-40.7479011" lon="-71.8509588">
        <ele>888.8</ele>
      </trkpt>
      <trkpt lat="-40.7478808" lon="-71.8509212">
        <ele>888.7</ele>
      </trkpt>
      <trkpt lat="-40.7478625" lon="-71.8508863">
        <ele>888.7</ele>
      </trkpt>
      <trkpt lat="-40.7478422" lon="-71.8508542">
        <ele>888.7</ele>
      </trkpt>
      <trkpt lat="-40.7474764" lon="-71.8503016">
        <ele>888.5</ele>
      </trkpt>
      <trkpt lat="-40.7474236" lon="-71.8502185">
        <ele>889.2</ele>
      </trkpt>
      <trkpt lat="-40.7473708" lon="-71.85013">
        <ele>890.2</ele>
      </trkpt>
      <trkpt lat="-40.74732" lon="-71.8500414">
        <ele>891.5</ele>
      </trkpt>
      <trkpt lat="-40.7472732" lon="-71.8499476">
        <ele>892.8</ele>
      </trkpt>
      <trkpt lat="-40.7472468" lon="-71.8498859">
        <ele>893.5</ele>
      </trkpt>
      <trkpt lat="-40.7472204" lon="-71.8498242">
        <ele>894.2</ele>
      </trkpt>
      <trkpt lat="-40.747198" lon="-71.8497598">
        <ele>895</ele>
      </trkpt>
      <trkpt lat="-40.7471777" lon="-71.8496954">
        <ele>896</ele>
      </trkpt>
      <trkpt lat="-40.7471615" lon="-71.8496284">
        <ele>897</ele>
      </trkpt>
      <trkpt lat="-40.7471493" lon="-71.8495587">
        <ele>898</ele>
      </trkpt>
      <trkpt lat="-40.7471391" lon="-71.8494889">
        <ele>899</ele>
      </trkpt>
      <trkpt lat="-40.7471371" lon="-71.8494192">
        <ele>899.8</ele>
      </trkpt>
      <trkpt lat="-40.7471391" lon="-71.8493441">
        <ele>900.5</ele>
      </trkpt>
      <trkpt lat="-40.7471493" lon="-71.849269">
        <ele>901</ele>
      </trkpt>
      <trkpt lat="-40.7471655" lon="-71.8491939">
        <ele>901.5</ele>
      </trkpt>
      <trkpt lat="-40.7471838" lon="-71.8491241">
        <ele>901.6</ele>
      </trkpt>
      <trkpt lat="-40.7472062" lon="-71.8490598">
        <ele>901.8</ele>
      </trkpt>
      <trkpt lat="-40.7472326" lon="-71.8489954">
        <ele>901.5</ele>
      </trkpt>
      <trkpt lat="-40.7472631" lon="-71.8489337">
        <ele>901.2</ele>
      </trkpt>
      <trkpt lat="-40.7472996" lon="-71.848872">
        <ele>900.8</ele>
      </trkpt>
      <trkpt lat="-40.7476004" lon="-71.8483597">
        <ele>895.8</ele>
      </trkpt>
      <trkpt lat="-40.7476227" lon="-71.8483168">
        <ele>895.7</ele>
      </trkpt>
      <trkpt lat="-40.747643" lon="-71.8482712">
        <ele>895.7</ele>
      </trkpt>
      <trkpt lat="-40.7476634" lon="-71.8482229">
        <ele>895.7</ele>
      </trkpt>
      <trkpt lat="-40.7476776" lon="-71.8481746">
        <ele>895.7</ele>
      </trkpt>
      <trkpt lat="-40.7476918" lon="-71.8481264">
        <ele>895.6</ele>
      </trkpt>
      <trkpt lat="-40.747702" lon="-71.8480754">
        <ele>895.6</ele>
      </trkpt>
      <trkpt lat="-40.7477121" lon="-71.8480244">
        <ele>895.6</ele>
      </trkpt>
      <trkpt lat="-40.7477182" lon="-71.8479735">
        <ele>895.6</ele>
      </trkpt>
      <trkpt lat="-40.7477223" lon="-71.8479198">
        <ele>895.5</ele>
      </trkpt>
      <trkpt lat="-40.7477243" lon="-71.8478715">
        <ele>895.5</ele>
      </trkpt>
      <trkpt lat="-40.7477223" lon="-71.8478233">
        <ele>895.5</ele>
      </trkpt>
      <trkpt lat="-40.7477182" lon="-71.8477696">
        <ele>895.8</ele>
      </trkpt>
      <trkpt lat="-40.7477142" lon="-71.8477187">
        <ele>896</ele>
      </trkpt>
      <trkpt lat="-40.747706" lon="-71.847665">
        <ele>896.2</ele>
      </trkpt>
      <trkpt lat="-40.7476979" lon="-71.8476194">
        <ele>896.5</ele>
      </trkpt>
      <trkpt lat="-40.7476898" lon="-71.8475711">
        <ele>896.8</ele>
      </trkpt>
      <trkpt lat="-40.7476613" lon="-71.8474451">
        <ele>897</ele>
      </trkpt>
      <trkpt lat="-40.7476248" lon="-71.8473136">
        <ele>897.1</ele>
      </trkpt>
      <trkpt lat="-40.7475882" lon="-71.8471849">
        <ele>897.2</ele>
      </trkpt>
      <trkpt lat="-40.7475455" lon="-71.8470642">
        <ele>896.8</ele>
      </trkpt>
      <trkpt lat="-40.7475211" lon="-71.8470025">
        <ele>896.2</ele>
      </trkpt>
      <trkpt lat="-40.7474947" lon="-71.8469435">
        <ele>895.8</ele>
      </trkpt>
      <trkpt lat="-40.7474642" lon="-71.8468872">
        <ele>895.2</ele>
      </trkpt>
      <trkpt lat="-40.7474317" lon="-71.8468335">
        <ele>894.8</ele>
      </trkpt>
      <trkpt lat="-40.7473972" lon="-71.8467826">
        <ele>894.2</ele>
      </trkpt>
      <trkpt lat="-40.7473606" lon="-71.846737">
        <ele>893.8</ele>
      </trkpt>
      <trkpt lat="-40.747324" lon="-71.8466914">
        <ele>893.2</ele>
      </trkpt>
      <trkpt lat="-40.7472834" lon="-71.8466511">
        <ele>893</ele>
      </trkpt>
      <trkpt lat="-40.746755" lon="-71.8462139">
        <ele>891.2</ele>
      </trkpt>
      <trkpt lat="-40.7467164" lon="-71.8461791">
        <ele>891</ele>
      </trkpt>
      <trkpt lat="-40.7466778" lon="-71.8461442">
        <ele>890.8</ele>
      </trkpt>
      <trkpt lat="-40.7466392" lon="-71.8461066">
        <ele>890.2</ele>
      </trkpt>
      <trkpt lat="-40.7466006" lon="-71.8460691">
        <ele>889.8</ele>
      </trkpt>
      <trkpt lat="-40.746564" lon="-71.8460262">
        <ele>889</ele>
      </trkpt>
      <trkpt lat="-40.7465315" lon="-71.8459833">
        <ele>888.2</ele>
      </trkpt>
      <trkpt lat="-40.746501" lon="-71.8459323">
        <ele>887.2</ele>
      </trkpt>
      <trkpt lat="-40.7464726" lon="-71.8458813">
        <ele>886</ele>
      </trkpt>
      <trkpt lat="-40.7463669" lon="-71.8456641">
        <ele>880.8</ele>
      </trkpt>
      <trkpt lat="-40.7463324" lon="-71.8455997">
        <ele>879.2</ele>
      </trkpt>
      <trkpt lat="-40.7462917" lon="-71.8455353">
        <ele>877.8</ele>
      </trkpt>
      <trkpt lat="-40.7462491" lon="-71.8454763">
        <ele>876.5</ele>
      </trkpt>
      <trkpt lat="-40.7462064" lon="-71.84542">
        <ele>875.5</ele>
      </trkpt>
      <trkpt lat="-40.7461597" lon="-71.845369">
        <ele>874.5</ele>
      </trkpt>
      <trkpt lat="-40.7461129" lon="-71.8453208">
        <ele>873.5</ele>
      </trkpt>
      <trkpt lat="-40.7460662" lon="-71.8452752">
        <ele>872.5</ele>
      </trkpt>
      <trkpt lat="-40.7460154" lon="-71.8452322">
        <ele>871.5</ele>
      </trkpt>
      <trkpt lat="-40.7459646" lon="-71.8451974">
        <ele>870.8</ele>
      </trkpt>
      <trkpt lat="-40.7459117" lon="-71.8451625">
        <ele>870</ele>
      </trkpt>
      <trkpt lat="-40.7458548" lon="-71.8451384">
        <ele>869.5</ele>
      </trkpt>
      <trkpt lat="-40.7457979" lon="-71.8451196">
        <ele>869.4</ele>
      </trkpt>
      <trkpt lat="-40.745739" lon="-71.8451115">
        <ele>869.3</ele>
      </trkpt>
      <trkpt lat="-40.7456781" lon="-71.8451062">
        <ele>869.2</ele>
      </trkpt>
      <trkpt lat="-40.7456171" lon="-71.8451062">
        <ele>869.5</ele>
      </trkpt>
      <trkpt lat="-40.7455602" lon="-71.8451142">
        <ele>870.2</ele>
      </trkpt>
      <trkpt lat="-40.7453143" lon="-71.8451625">
        <ele>875</ele>
      </trkpt>
      <trkpt lat="-40.7452838" lon="-71.8451679">
        <ele>875.8</ele>
      </trkpt>
      <trkpt lat="-40.7452513" lon="-71.8451732">
        <ele>876.5</ele>
      </trkpt>
      <trkpt lat="-40.7452188" lon="-71.8451732">
        <ele>877</ele>
      </trkpt>
      <trkpt lat="-40.7451883" lon="-71.8451732">
        <ele>877.5</ele>
      </trkpt>
      <trkpt lat="-40.7451558" lon="-71.8451706">
        <ele>878</ele>
      </trkpt>
      <trkpt lat="-40.7451233" lon="-71.8451652">
        <ele>878.5</ele>
      </trkpt>
      <trkpt lat="-40.7450908" lon="-71.8451545">
        <ele>878.6</ele>
      </trkpt>
      <trkpt lat="-40.7450603" lon="-71.8451411">
        <ele>878.6</ele>
      </trkpt>
      <trkpt lat="-40.7450298" lon="-71.8451276">
        <ele>878.7</ele>
      </trkpt>
      <trkpt lat="-40.7450014" lon="-71.8451115">
        <ele>878.8</ele>
      </trkpt>
      <trkpt lat="-40.7449729" lon="-71.8450928">
        <ele>878.5</ele>
      </trkpt>
      <trkpt lat="-40.7449465" lon="-71.8450713">
        <ele>878.2</ele>
      </trkpt>
      <trkpt lat="-40.7449201" lon="-71.8450499">
        <ele>878</ele>
      </trkpt>
      <trkpt lat="-40.7448937" lon="-71.8450257">
        <ele>877.5</ele>
      </trkpt>
      <trkpt lat="-40.7448693" lon="-71.8449989">
        <ele>877</ele>
      </trkpt>
      <trkpt lat="-40.7448449" lon="-71.8449694">
        <ele>876.2</ele>
      </trkpt>
      <trkpt lat="-40.7448266" lon="-71.8449453">
        <ele>875.8</ele>
      </trkpt>
      <trkpt lat="-40.7448063" lon="-71.8449184">
        <ele>875</ele>
      </trkpt>
      <trkpt lat="-40.744788" lon="-71.8448916">
        <ele>874.2</ele>
      </trkpt>
      <trkpt lat="-40.7447697" lon="-71.8448621">
        <ele>873.5</ele>
      </trkpt>
      <trkpt lat="-40.7446966" lon="-71.8447521">
        <ele>871</ele>
      </trkpt>
      <trkpt lat="-40.744664" lon="-71.8447065">
        <ele>870</ele>
      </trkpt>
      <trkpt lat="-40.7446315" lon="-71.8446609">
        <ele>869</ele>
      </trkpt>
      <trkpt lat="-40.744599" lon="-71.844618">
        <ele>868.2</ele>
      </trkpt>
      <trkpt lat="-40.7445604" lon="-71.8445724">
        <ele>867.5</ele>
      </trkpt>
      <trkpt lat="-40.7445198" lon="-71.8445241">
        <ele>867</ele>
      </trkpt>
      <trkpt lat="-40.7444791" lon="-71.8444812">
        <ele>866.5</ele>
      </trkpt>
      <trkpt lat="-40.7443633" lon="-71.8443632">
        <ele>865.2</ele>
      </trkpt>
      <trkpt lat="-40.7442495" lon="-71.8442452">
        <ele>864</ele>
      </trkpt>
      <trkpt lat="-40.7441987" lon="-71.8441942">
        <ele>863.5</ele>
      </trkpt>
      <trkpt lat="-40.7441458" lon="-71.8441433">
        <ele>863</ele>
      </trkpt>
      <trkpt lat="-40.7440971" lon="-71.844095">
        <ele>862.5</ele>
      </trkpt>
      <trkpt lat="-40.7440442" lon="-71.8440467">
        <ele>862.2</ele>
      </trkpt>
      <trkpt lat="-40.7434122" lon="-71.8434861">
        <ele>856</ele>
      </trkpt>
      <trkpt lat="-40.7433655" lon="-71.8434513">
        <ele>855.2</ele>
      </trkpt>
      <trkpt lat="-40.7433208" lon="-71.8434164">
        <ele>854.5</ele>
      </trkpt>
      <trkpt lat="-40.7432741" lon="-71.8433869">
        <ele>853.8</ele>
      </trkpt>
      <trkpt lat="-40.7432273" lon="-71.8433601">
        <ele>853</ele>
      </trkpt>
      <trkpt lat="-40.7431765" lon="-71.8433332">
        <ele>852.2</ele>
      </trkpt>
      <trkpt lat="-40.7431277" lon="-71.8433118">
        <ele>851.8</ele>
      </trkpt>
      <trkpt lat="-40.7430769" lon="-71.8432957">
        <ele>851.2</ele>
      </trkpt>
      <trkpt lat="-40.7430282" lon="-71.8432823">
        <ele>850.8</ele>
      </trkpt>
      <trkpt lat="-40.7429774" lon="-71.8432742">
        <ele>850.5</ele>
      </trkpt>
      <trkpt lat="-40.7429286" lon="-71.8432716">
        <ele>850.5</ele>
      </trkpt>
      <trkpt lat="-40.7428758" lon="-71.8432716">
        <ele>850.4</ele>
      </trkpt>
      <trkpt lat="-40.742825" lon="-71.8432742">
        <ele>850.3</ele>
      </trkpt>
      <trkpt lat="-40.7427762" lon="-71.8432823">
        <ele>850.3</ele>
      </trkpt>
      <trkpt lat="-40.7427274" lon="-71.8432903">
        <ele>850.2</ele>
      </trkpt>
      <trkpt lat="-40.7426807" lon="-71.8433011">
        <ele>850.5</ele>
      </trkpt>
      <trkpt lat="-40.7426319" lon="-71.8433145">
        <ele>850.8</ele>
      </trkpt>
      <trkpt lat="-40.742258" lon="-71.8434271">
        <ele>850.5</ele>
      </trkpt>
      <trkpt lat="-40.7422173" lon="-71.8434379">
        <ele>850.2</ele>
      </trkpt>
      <trkpt lat="-40.7421787" lon="-71.8434513">
        <ele>850</ele>
      </trkpt>
      <trkpt lat="-40.7421421" lon="-71.8434647">
        <ele>849.8</ele>
      </trkpt>
      <trkpt lat="-40.7421056" lon="-71.8434781">
        <ele>849.7</ele>
      </trkpt>
      <trkpt lat="-40.742069" lon="-71.8434942">
        <ele>849.6</ele>
      </trkpt>
      <trkpt lat="-40.7420344" lon="-71.843513">
        <ele>849.5</ele>
      </trkpt>
      <trkpt lat="-40.7419999" lon="-71.8435344">
        <ele>849.8</ele>
      </trkpt>
      <trkpt lat="-40.7419694" lon="-71.8435612">
        <ele>850</ele>
      </trkpt>
      <trkpt lat="-40.7419389" lon="-71.8435907">
        <ele>850.5</ele>
      </trkpt>
      <trkpt lat="-40.7419105" lon="-71.8436202">
        <ele>851</ele>
      </trkpt>
      <trkpt lat="-40.7418861" lon="-71.8436551">
        <ele>851.8</ele>
      </trkpt>
      <trkpt lat="-40.7418617" lon="-71.84369">
        <ele>852.5</ele>
      </trkpt>
      <trkpt lat="-40.7416727" lon="-71.8440306">
        <ele>859.2</ele>
      </trkpt>
      <trkpt lat="-40.7416382" lon="-71.8440923">
        <ele>860</ele>
      </trkpt>
      <trkpt lat="-40.7416036" lon="-71.8441486">
        <ele>860.8</ele>
      </trkpt>
      <trkpt lat="-40.7415691" lon="-71.844205">
        <ele>861</ele>
      </trkpt>
      <trkpt lat="-40.7415305" lon="-71.8442613">
        <ele>861.2</ele>
      </trkpt>
      <trkpt lat="-40.7414918" lon="-71.8443123">
        <ele>861</ele>
      </trkpt>
      <trkpt lat="-40.7414512" lon="-71.8443578">
        <ele>860.5</ele>
      </trkpt>
      <trkpt lat="-40.7414065" lon="-71.8444008">
        <ele>860</ele>
      </trkpt>
      <trkpt lat="-40.7413577" lon="-71.8444383">
        <ele>859.2</ele>
      </trkpt>
      <trkpt lat="-40.7413069" lon="-71.8444705">
        <ele>858.2</ele>
      </trkpt>
      <trkpt lat="-40.7412541" lon="-71.8445">
        <ele>857.2</ele>
      </trkpt>
      <trkpt lat="-40.7412053" lon="-71.8445188">
        <ele>856.2</ele>
      </trkpt>
      <trkpt lat="-40.7411525" lon="-71.8445322">
        <ele>855.2</ele>
      </trkpt>
      <trkpt lat="-40.7411017" lon="-71.8445402">
        <ele>854.2</ele>
      </trkpt>
      <trkpt lat="-40.7410569" lon="-71.8445456">
        <ele>853.2</ele>
      </trkpt>
      <trkpt lat="-40.7410122" lon="-71.8445456">
        <ele>852.2</ele>
      </trkpt>
      <trkpt lat="-40.7409655" lon="-71.8445429">
        <ele>851.2</ele>
      </trkpt>
      <trkpt lat="-40.7409188" lon="-71.8445376">
        <ele>850.2</ele>
      </trkpt>
      <trkpt lat="-40.740874" lon="-71.8445268">
        <ele>849</ele>
      </trkpt>
      <trkpt lat="-40.7405692" lon="-71.8444383">
        <ele>843.5</ele>
      </trkpt>
      <trkpt lat="-40.7405062" lon="-71.8444222">
        <ele>842.8</ele>
      </trkpt>
      <trkpt lat="-40.7404452" lon="-71.8444115">
        <ele>842</ele>
      </trkpt>
      <trkpt lat="-40.7403822" lon="-71.8444008">
        <ele>841.2</ele>
      </trkpt>
      <trkpt lat="-40.7403192" lon="-71.84439">
        <ele>840.5</ele>
      </trkpt>
      <trkpt lat="-40.7402522" lon="-71.8443847">
        <ele>840</ele>
      </trkpt>
      <trkpt lat="-40.7401831" lon="-71.8443793">
        <ele>839.5</ele>
      </trkpt>
      <trkpt lat="-40.7398152" lon="-71.8443686">
        <ele>838.9</ele>
      </trkpt>
      <trkpt lat="-40.7397665" lon="-71.8443659">
        <ele>838.8</ele>
      </trkpt>
      <trkpt lat="-40.7397157" lon="-71.8443605">
        <ele>838.8</ele>
      </trkpt>
      <trkpt lat="-40.7396628" lon="-71.8443498">
        <ele>838.5</ele>
      </trkpt>
      <trkpt lat="-40.739612" lon="-71.8443364">
        <ele>838.2</ele>
      </trkpt>
      <trkpt lat="-40.7395632" lon="-71.8443203">
        <ele>838</ele>
      </trkpt>
      <trkpt lat="-40.7395124" lon="-71.8443015">
        <ele>837.8</ele>
      </trkpt>
      <trkpt lat="-40.7394657" lon="-71.8442774">
        <ele>837.5</ele>
      </trkpt>
      <trkpt lat="-40.739421" lon="-71.8442532">
        <ele>837.2</ele>
      </trkpt>
      <trkpt lat="-40.7393783" lon="-71.8442237">
        <ele>837.2</ele>
      </trkpt>
      <trkpt lat="-40.7393377" lon="-71.8441969">
        <ele>837.2</ele>
      </trkpt>
      <trkpt lat="-40.739293" lon="-71.8441647">
        <ele>837.2</ele>
      </trkpt>
      <trkpt lat="-40.7392503" lon="-71.8441325">
        <ele>837.2</ele>
      </trkpt>
      <trkpt lat="-40.7386731" lon="-71.8436578">
        <ele>837</ele>
      </trkpt>
      <trkpt lat="-40.7385695" lon="-71.8435773">
        <ele>837.5</ele>
      </trkpt>
      <trkpt lat="-40.7384658" lon="-71.8434995">
        <ele>837.8</ele>
      </trkpt>
      <trkpt lat="-40.7383642" lon="-71.8434244">
        <ele>838</ele>
      </trkpt>
      <trkpt lat="-40.7382585" lon="-71.843352">
        <ele>837.8</ele>
      </trkpt>
      <trkpt lat="-40.7371082" lon="-71.8425393">
        <ele>834.6</ele>
      </trkpt>
      <trkpt lat="-40.7369863" lon="-71.8424508">
        <ele>834.2</ele>
      </trkpt>
      <trkpt lat="-40.7368704" lon="-71.8423596">
        <ele>834</ele>
      </trkpt>
      <trkpt lat="-40.7367566" lon="-71.8422657">
        <ele>833.5</ele>
      </trkpt>
      <trkpt lat="-40.7366428" lon="-71.8421665">
        <ele>832.8</ele>
      </trkpt>
      <trkpt lat="-40.736531" lon="-71.8420646">
        <ele>832</ele>
      </trkpt>
      <trkpt lat="-40.7364193" lon="-71.8419546">
        <ele>831.8</ele>
      </trkpt>
      <trkpt lat="-40.7363136" lon="-71.8418446">
        <ele>831.7</ele>
      </trkpt>
      <trkpt lat="-40.7362099" lon="-71.841732">
        <ele>831.5</ele>
      </trkpt>
      <trkpt lat="-40.7361063" lon="-71.8416113">
        <ele>831</ele>
      </trkpt>
      <trkpt lat="-40.7360026" lon="-71.8414825">
        <ele>830.5</ele>
      </trkpt>
      <trkpt lat="-40.7359051" lon="-71.8413538">
        <ele>830</ele>
      </trkpt>
      <trkpt lat="-40.7358075" lon="-71.8412197">
        <ele>829.5</ele>
      </trkpt>
      <trkpt lat="-40.735714" lon="-71.8410882">
        <ele>829</ele>
      </trkpt>
      <trkpt lat="-40.7356205" lon="-71.8409461">
        <ele>828.2</ele>
      </trkpt>
      <trkpt lat="-40.7355311" lon="-71.8408066">
        <ele>827.8</ele>
      </trkpt>
      <trkpt lat="-40.7354478" lon="-71.8406591">
        <ele>827.5</ele>
      </trkpt>
      <trkpt lat="-40.7352181" lon="-71.8402219">
        <ele>827.2</ele>
      </trkpt>
      <trkpt lat="-40.735149" lon="-71.8400851">
        <ele>827.5</ele>
      </trkpt>
      <trkpt lat="-40.7350799" lon="-71.8399483">
        <ele>827.8</ele>
      </trkpt>
      <trkpt lat="-40.7350128" lon="-71.8398061">
        <ele>827.9</ele>
      </trkpt>
      <trkpt lat="-40.7349519" lon="-71.8396613">
        <ele>828</ele>
      </trkpt>
      <trkpt lat="-40.7348909" lon="-71.8395191">
        <ele>827.8</ele>
      </trkpt>
      <trkpt lat="-40.734832" lon="-71.8393689">
        <ele>827</ele>
      </trkpt>
      <trkpt lat="-40.734773" lon="-71.8392161">
        <ele>826</ele>
      </trkpt>
      <trkpt lat="-40.7347202" lon="-71.8390739">
        <ele>825.2</ele>
      </trkpt>
      <trkpt lat="-40.7346694" lon="-71.8389156">
        <ele>824.2</ele>
      </trkpt>
      <trkpt lat="-40.7346226" lon="-71.8387574">
        <ele>823.2</ele>
      </trkpt>
      <trkpt lat="-40.7345799" lon="-71.8385965">
        <ele>822.2</ele>
      </trkpt>
      <trkpt lat="-40.7345434" lon="-71.8384355">
        <ele>821.2</ele>
      </trkpt>
      <trkpt lat="-40.7345068" lon="-71.8382719">
        <ele>821</ele>
      </trkpt>
      <trkpt lat="-40.7344743" lon="-71.8381056">
        <ele>821.2</ele>
      </trkpt>
      <trkpt lat="-40.7344458" lon="-71.837942">
        <ele>820.8</ele>
      </trkpt>
      <trkpt lat="-40.7344194" lon="-71.8377784">
        <ele>820.2</ele>
      </trkpt>
      <trkpt lat="-40.7337162" lon="-71.8329611">
        <ele>810.2</ele>
      </trkpt>
      <trkpt lat="-40.7336328" lon="-71.8323791">
        <ele>809</ele>
      </trkpt>
      <trkpt lat="-40.7334032" lon="-71.83081">
        <ele>826.2</ele>
      </trkpt>
      <trkpt lat="-40.7329926" lon="-71.8279991">
        <ele>812</ele>
      </trkpt>
      <trkpt lat="-40.7329784" lon="-71.8279105">
        <ele>811.8</ele>
      </trkpt>
      <trkpt lat="-40.7329621" lon="-71.827822">
        <ele>811.7</ele>
      </trkpt>
      <trkpt lat="-40.7329459" lon="-71.8277389">
        <ele>811.6</ele>
      </trkpt>
      <trkpt lat="-40.7329276" lon="-71.8276611">
        <ele>811.6</ele>
      </trkpt>
      <trkpt lat="-40.7329072" lon="-71.8275833">
        <ele>811.5</ele>
      </trkpt>
      <trkpt lat="-40.7328849" lon="-71.8275002">
        <ele>811.2</ele>
      </trkpt>
      <trkpt lat="-40.7328605" lon="-71.8274224">
        <ele>811</ele>
      </trkpt>
      <trkpt lat="-40.7328341" lon="-71.8273473">
        <ele>810.8</ele>
      </trkpt>
      <trkpt lat="-40.7328036" lon="-71.8272641">
        <ele>810.7</ele>
      </trkpt>
      <trkpt lat="-40.7327751" lon="-71.8271917">
        <ele>810.6</ele>
      </trkpt>
      <trkpt lat="-40.7327426" lon="-71.8271166">
        <ele>810.6</ele>
      </trkpt>
      <trkpt lat="-40.7327081" lon="-71.8270469">
        <ele>810.5</ele>
      </trkpt>
      <trkpt lat="-40.7326735" lon="-71.8269745">
        <ele>810.5</ele>
      </trkpt>
      <trkpt lat="-40.7326369" lon="-71.8269074">
        <ele>810.5</ele>
      </trkpt>
      <trkpt lat="-40.7326003" lon="-71.8268457">
        <ele>810.4</ele>
      </trkpt>
      <trkpt lat="-40.7325617" lon="-71.8267813">
        <ele>810.4</ele>
      </trkpt>
      <trkpt lat="-40.7323422" lon="-71.8264407">
        <ele>810.2</ele>
      </trkpt>
      <trkpt lat="-40.7322995" lon="-71.8263683">
        <ele>810.5</ele>
      </trkpt>
      <trkpt lat="-40.7322589" lon="-71.8262985">
        <ele>810.8</ele>
      </trkpt>
      <trkpt lat="-40.7322182" lon="-71.8262208">
        <ele>811</ele>
      </trkpt>
      <trkpt lat="-40.7321816" lon="-71.8261456">
        <ele>811.5</ele>
      </trkpt>
      <trkpt lat="-40.7321451" lon="-71.8260652">
        <ele>812.2</ele>
      </trkpt>
      <trkpt lat="-40.7321125" lon="-71.8259794">
        <ele>813</ele>
      </trkpt>
      <trkpt lat="-40.7320861" lon="-71.8258962">
        <ele>813.8</ele>
      </trkpt>
      <trkpt lat="-40.7320617" lon="-71.8258104">
        <ele>814.2</ele>
      </trkpt>
      <trkpt lat="-40.7320414" lon="-71.8257219">
        <ele>814.8</ele>
      </trkpt>
      <trkpt lat="-40.7320251" lon="-71.8256333">
        <ele>815.2</ele>
      </trkpt>
      <trkpt lat="-40.7320129" lon="-71.8255395">
        <ele>815.8</ele>
      </trkpt>
      <trkpt lat="-40.7320048" lon="-71.825451">
        <ele>816.2</ele>
      </trkpt>
      <trkpt lat="-40.7320008" lon="-71.8253598">
        <ele>816.5</ele>
      </trkpt>
      <trkpt lat="-40.7319987" lon="-71.8252686">
        <ele>816.6</ele>
      </trkpt>
      <trkpt lat="-40.7320008" lon="-71.8251801">
        <ele>816.7</ele>
      </trkpt>
      <trkpt lat="-40.7320048" lon="-71.8250862">
        <ele>816.8</ele>
      </trkpt>
      <trkpt lat="-40.7322487" lon="-71.8216047">
        <ele>812.2</ele>
      </trkpt>
      <trkpt lat="-40.7322528" lon="-71.8215108">
        <ele>812.5</ele>
      </trkpt>
      <trkpt lat="-40.7322589" lon="-71.8214169">
        <ele>812.5</ele>
      </trkpt>
      <trkpt lat="-40.7322609" lon="-71.8213284">
        <ele>812.6</ele>
      </trkpt>
      <trkpt lat="-40.732265" lon="-71.8212372">
        <ele>812.6</ele>
      </trkpt>
      <trkpt lat="-40.732267" lon="-71.8211433">
        <ele>812.6</ele>
      </trkpt>
      <trkpt lat="-40.732267" lon="-71.8210521">
        <ele>812.7</ele>
      </trkpt>
      <trkpt lat="-40.732265" lon="-71.8209609">
        <ele>812.7</ele>
      </trkpt>
      <trkpt lat="-40.7322629" lon="-71.8208697">
        <ele>812.8</ele>
      </trkpt>
      <trkpt lat="-40.7322284" lon="-71.8200463">
        <ele>813.8</ele>
      </trkpt>
      <trkpt lat="-40.7322243" lon="-71.8199766">
        <ele>814</ele>
      </trkpt>
      <trkpt lat="-40.7322243" lon="-71.8199068">
        <ele>814.2</ele>
      </trkpt>
      <trkpt lat="-40.7322243" lon="-71.8198371">
        <ele>814.5</ele>
      </trkpt>
      <trkpt lat="-40.7322284" lon="-71.8197674">
        <ele>814.8</ele>
      </trkpt>
      <trkpt lat="-40.7322345" lon="-71.8196976">
        <ele>815</ele>
      </trkpt>
      <trkpt lat="-40.7322426" lon="-71.8196306">
        <ele>815.2</ele>
      </trkpt>
      <trkpt lat="-40.7322528" lon="-71.8195608">
        <ele>815.5</ele>
      </trkpt>
      <trkpt lat="-40.732265" lon="-71.8194938">
        <ele>815.6</ele>
      </trkpt>
      <trkpt lat="-40.7322812" lon="-71.8194267">
        <ele>815.8</ele>
      </trkpt>
      <trkpt lat="-40.7322995" lon="-71.8193597">
        <ele>815.5</ele>
      </trkpt>
      <trkpt lat="-40.7323219" lon="-71.8192953">
        <ele>815.2</ele>
      </trkpt>
      <trkpt lat="-40.7323483" lon="-71.8192336">
        <ele>815</ele>
      </trkpt>
      <trkpt lat="-40.7323768" lon="-71.8191719">
        <ele>814.8</ele>
      </trkpt>
      <trkpt lat="-40.7324052" lon="-71.8191156">
        <ele>814.5</ele>
      </trkpt>
      <trkpt lat="-40.7324377" lon="-71.8190593">
        <ele>814.2</ele>
      </trkpt>
      <trkpt lat="-40.7324703" lon="-71.8190083">
        <ele>814</ele>
      </trkpt>
      <trkpt lat="-40.7329235" lon="-71.8183324">
        <ele>809.2</ele>
      </trkpt>
      <trkpt lat="-40.7329784" lon="-71.8182439">
        <ele>808.8</ele>
      </trkpt>
      <trkpt lat="-40.7330312" lon="-71.8181473">
        <ele>808</ele>
      </trkpt>
      <trkpt lat="-40.733082" lon="-71.8180507">
        <ele>807.2</ele>
      </trkpt>
      <trkpt lat="-40.7331308" lon="-71.8179515">
        <ele>806.5</ele>
      </trkpt>
      <trkpt lat="-40.7331613" lon="-71.8178818">
        <ele>806</ele>
      </trkpt>
      <trkpt lat="-40.7331898" lon="-71.817804">
        <ele>805.5</ele>
      </trkpt>
      <trkpt lat="-40.7332101" lon="-71.8177208">
        <ele>805</ele>
      </trkpt>
      <trkpt lat="-40.7332284" lon="-71.8176377">
        <ele>804.5</ele>
      </trkpt>
      <trkpt lat="-40.7332426" lon="-71.8175519">
        <ele>804.2</ele>
      </trkpt>
      <trkpt lat="-40.7332507" lon="-71.8174687">
        <ele>804.2</ele>
      </trkpt>
      <trkpt lat="-40.7332568" lon="-71.8173829">
        <ele>804.2</ele>
      </trkpt>
      <trkpt lat="-40.7332568" lon="-71.8172997">
        <ele>804.2</ele>
      </trkpt>
      <trkpt lat="-40.7332528" lon="-71.8172139">
        <ele>804.2</ele>
      </trkpt>
      <trkpt lat="-40.7332446" lon="-71.8171307">
        <ele>804.1</ele>
      </trkpt>
      <trkpt lat="-40.7332345" lon="-71.8170449">
        <ele>804.1</ele>
      </trkpt>
      <trkpt lat="-40.7332182" lon="-71.8169644">
        <ele>804.1</ele>
      </trkpt>
      <trkpt lat="-40.7331999" lon="-71.8168813">
        <ele>804.1</ele>
      </trkpt>
      <trkpt lat="-40.7331776" lon="-71.8168035">
        <ele>804.1</ele>
      </trkpt>
      <trkpt lat="-40.7331532" lon="-71.8167257">
        <ele>804</ele>
      </trkpt>
      <trkpt lat="-40.7331267" lon="-71.816656">
        <ele>804</ele>
      </trkpt>
      <trkpt lat="-40.7331003" lon="-71.8165889">
        <ele>804</ele>
      </trkpt>
      <trkpt lat="-40.7330678" lon="-71.8165165">
        <ele>803.8</ele>
      </trkpt>
      <trkpt lat="-40.7321959" lon="-71.814875">
        <ele>799.8</ele>
      </trkpt>
      <trkpt lat="-40.731763" lon="-71.8140596">
        <ele>797.2</ele>
      </trkpt>
      <trkpt lat="-40.7316105" lon="-71.8137673">
        <ele>797</ele>
      </trkpt>
      <trkpt lat="-40.7314581" lon="-71.8134695">
        <ele>797.5</ele>
      </trkpt>
      <trkpt lat="-40.7313077" lon="-71.8131745">
        <ele>796.8</ele>
      </trkpt>
      <trkpt lat="-40.7311796" lon="-71.8129224">
        <ele>796</ele>
      </trkpt>
      <trkpt lat="-40.7303951" lon="-71.8114686">
        <ele>787.2</ele>
      </trkpt>
      <trkpt lat="-40.7303605" lon="-71.8114042">
        <ele>787</ele>
      </trkpt>
      <trkpt lat="-40.730328" lon="-71.8113425">
        <ele>786.8</ele>
      </trkpt>
      <trkpt lat="-40.7296776" lon="-71.8101141">
        <ele>781.5</ele>
      </trkpt>
      <trkpt lat="-40.7296572" lon="-71.8100739">
        <ele>781.2</ele>
      </trkpt>
      <trkpt lat="-40.7296389" lon="-71.8100417">
        <ele>781</ele>
      </trkpt>
      <trkpt lat="-40.7296146" lon="-71.809988">
        <ele>780.9</ele>
      </trkpt>
      <trkpt lat="-40.7295576" lon="-71.8098566">
        <ele>780.8</ele>
      </trkpt>
      <trkpt lat="-40.7295434" lon="-71.8098244">
        <ele>780.7</ele>
      </trkpt>
      <trkpt lat="-40.7295292" lon="-71.8097922">
        <ele>780.7</ele>
      </trkpt>
      <trkpt lat="-40.729517" lon="-71.80976">
        <ele>780.7</ele>
      </trkpt>
      <trkpt lat="-40.7295048" lon="-71.8097305">
        <ele>780.7</ele>
      </trkpt>
      <trkpt lat="-40.7294926" lon="-71.8096957">
        <ele>780.6</ele>
      </trkpt>
      <trkpt lat="-40.7294845" lon="-71.8096662">
        <ele>780.6</ele>
      </trkpt>
      <trkpt lat="-40.7294418" lon="-71.8095267">
        <ele>780.5</ele>
      </trkpt>
      <trkpt lat="-40.7294337" lon="-71.8095025">
        <ele>780.4</ele>
      </trkpt>
      <trkpt lat="-40.7294255" lon="-71.8094784">
        <ele>780.2</ele>
      </trkpt>
      <trkpt lat="-40.7294154" lon="-71.8094543">
        <ele>780.1</ele>
      </trkpt>
      <trkpt lat="-40.7294072" lon="-71.8094355">
        <ele>780</ele>
      </trkpt>
      <trkpt lat="-40.7292934" lon="-71.8092209">
        <ele>780.5</ele>
      </trkpt>
      <trkpt lat="-40.7291776" lon="-71.8090037">
        <ele>780</ele>
      </trkpt>
      <trkpt lat="-40.7291633" lon="-71.8089768">
        <ele>780</ele>
      </trkpt>
      <trkpt lat="-40.7291491" lon="-71.8089527">
        <ele>780</ele>
      </trkpt>
      <trkpt lat="-40.7291328" lon="-71.8089259">
        <ele>780</ele>
      </trkpt>
      <trkpt lat="-40.7291186" lon="-71.8089017">
        <ele>780</ele>
      </trkpt>
      <trkpt lat="-40.7288178" lon="-71.8084833">
        <ele>780</ele>
      </trkpt>
      <trkpt lat="-40.7283279" lon="-71.8075553">
        <ele>780.2</ele>
      </trkpt>
      <trkpt lat="-40.7282507" lon="-71.8074104">
        <ele>780</ele>
      </trkpt>
      <trkpt lat="-40.7281897" lon="-71.8073031">
        <ele>780.2</ele>
      </trkpt>
      <trkpt lat="-40.7281247" lon="-71.8071985">
        <ele>780</ele>
      </trkpt>
      <trkpt lat="-40.7280576" lon="-71.8070993">
        <ele>779.8</ele>
      </trkpt>
      <trkpt lat="-40.7279885" lon="-71.8070027">
        <ele>779.5</ele>
      </trkpt>
      <trkpt lat="-40.7279173" lon="-71.8069142">
        <ele>779.2</ele>
      </trkpt>
      <trkpt lat="-40.7278401" lon="-71.8068257">
        <ele>779</ele>
      </trkpt>
      <trkpt lat="-40.7277608" lon="-71.8067345">
        <ele>778.9</ele>
      </trkpt>
      <trkpt lat="-40.7276775" lon="-71.8066487">
        <ele>778.9</ele>
      </trkpt>
      <trkpt lat="-40.7275942" lon="-71.8065682">
        <ele>778.8</ele>
      </trkpt>
      <trkpt lat="-40.7275108" lon="-71.8064931">
        <ele>778.8</ele>
      </trkpt>
      <trkpt lat="-40.7274214" lon="-71.8064234">
        <ele>778.8</ele>
      </trkpt>
      <trkpt lat="-40.7273319" lon="-71.8063563">
        <ele>778.5</ele>
      </trkpt>
      <trkpt lat="-40.7272445" lon="-71.8062973">
        <ele>778.4</ele>
      </trkpt>
      <trkpt lat="-40.7271571" lon="-71.8062437">
        <ele>778.3</ele>
      </trkpt>
      <trkpt lat="-40.7270657" lon="-71.80619">
        <ele>778.2</ele>
      </trkpt>
      <trkpt lat="-40.7269783" lon="-71.8061444">
        <ele>778.3</ele>
      </trkpt>
      <trkpt lat="-40.7268868" lon="-71.8061015">
        <ele>778.4</ele>
      </trkpt>
      <trkpt lat="-40.7267872" lon="-71.8060586">
        <ele>778.5</ele>
      </trkpt>
      <trkpt lat="-40.7266917" lon="-71.8060237">
        <ele>778.2</ele>
      </trkpt>
      <trkpt lat="-40.7265941" lon="-71.8059942">
        <ele>778</ele>
      </trkpt>
      <trkpt lat="-40.7265006" lon="-71.8059701">
        <ele>777.9</ele>
      </trkpt>
      <trkpt lat="-40.726399" lon="-71.8059433">
        <ele>777.8</ele>
      </trkpt>
      <trkpt lat="-40.7263075" lon="-71.8059245">
        <ele>777.8</ele>
      </trkpt>
      <trkpt lat="-40.726214" lon="-71.8059084">
        <ele>778</ele>
      </trkpt>
      <trkpt lat="-40.7259396" lon="-71.8058521">
        <ele>778.8</ele>
      </trkpt>
      <trkpt lat="-40.7252749" lon="-71.8057179">
        <ele>781</ele>
      </trkpt>
      <trkpt lat="-40.7251732" lon="-71.8056723">
        <ele>781.1</ele>
      </trkpt>
      <trkpt lat="-40.7251631" lon="-71.8056697">
        <ele>781.1</ele>
      </trkpt>
      <trkpt lat="-40.7251529" lon="-71.8056643">
        <ele>781.1</ele>
      </trkpt>
      <trkpt lat="-40.7251428" lon="-71.8056616">
        <ele>781.1</ele>
      </trkpt>
      <trkpt lat="-40.7251326" lon="-71.8056589">
        <ele>781.2</ele>
      </trkpt>
      <trkpt lat="-40.7250513" lon="-71.8056402">
        <ele>781.2</ele>
      </trkpt>
      <trkpt lat="-40.7250106" lon="-71.8056321">
        <ele>781.4</ele>
      </trkpt>
      <trkpt lat="-40.72497" lon="-71.8056214">
        <ele>781.5</ele>
      </trkpt>
      <trkpt lat="-40.724846" lon="-71.8055946">
        <ele>782.2</ele>
      </trkpt>
      <trkpt lat="-40.7248317" lon="-71.8055919">
        <ele>782.3</ele>
      </trkpt>
      <trkpt lat="-40.7248175" lon="-71.8055919">
        <ele>782.4</ele>
      </trkpt>
      <trkpt lat="-40.7248033" lon="-71.8055892">
        <ele>782.4</ele>
      </trkpt>
      <trkpt lat="-40.724787" lon="-71.8055919">
        <ele>782.5</ele>
      </trkpt>
      <trkpt lat="-40.7246752" lon="-71.8055946">
        <ele>783</ele>
      </trkpt>
      <trkpt lat="-40.7239394" lon="-71.8054417">
        <ele>783</ele>
      </trkpt>
      <trkpt lat="-40.7238621" lon="-71.8054229">
        <ele>783.1</ele>
      </trkpt>
      <trkpt lat="-40.7237849" lon="-71.8054041">
        <ele>783.2</ele>
      </trkpt>
      <trkpt lat="-40.7237097" lon="-71.8053827">
        <ele>783.2</ele>
      </trkpt>
      <trkpt lat="-40.7236345" lon="-71.8053558">
        <ele>783.3</ele>
      </trkpt>
      <trkpt lat="-40.7235593" lon="-71.8053237">
        <ele>783.4</ele>
      </trkpt>
      <trkpt lat="-40.7234881" lon="-71.8052834">
        <ele>783.5</ele>
      </trkpt>
      <trkpt lat="-40.723419" lon="-71.8052378">
        <ele>783.5</ele>
      </trkpt>
      <trkpt lat="-40.7233519" lon="-71.8051895">
        <ele>783.6</ele>
      </trkpt>
      <trkpt lat="-40.7232869" lon="-71.8051332">
        <ele>783.7</ele>
      </trkpt>
      <trkpt lat="-40.7232238" lon="-71.8050689">
        <ele>783.8</ele>
      </trkpt>
      <trkpt lat="-40.7231669" lon="-71.8050018">
        <ele>783.5</ele>
      </trkpt>
      <trkpt lat="-40.723112" lon="-71.8049294">
        <ele>783</ele>
      </trkpt>
      <trkpt lat="-40.7230612" lon="-71.8048516">
        <ele>782.5</ele>
      </trkpt>
      <trkpt lat="-40.7230165" lon="-71.8047684">
        <ele>782</ele>
      </trkpt>
      <trkpt lat="-40.7229738" lon="-71.8046853">
        <ele>781.5</ele>
      </trkpt>
      <trkpt lat="-40.7229332" lon="-71.8045995">
        <ele>781</ele>
      </trkpt>
      <trkpt lat="-40.7225754" lon="-71.8037599">
        <ele>783.5</ele>
      </trkpt>
      <trkpt lat="-40.7213455" lon="-71.8008819">
        <ele>792.5</ele>
      </trkpt>
      <trkpt lat="-40.7213069" lon="-71.8007827">
        <ele>792.6</ele>
      </trkpt>
      <trkpt lat="-40.7212683" lon="-71.8006834">
        <ele>792.8</ele>
      </trkpt>
      <trkpt lat="-40.7212297" lon="-71.8005788">
        <ele>792.5</ele>
      </trkpt>
      <trkpt lat="-40.7211951" lon="-71.8004769">
        <ele>792.2</ele>
      </trkpt>
      <trkpt lat="-40.7211585" lon="-71.8003669">
        <ele>792</ele>
      </trkpt>
      <trkpt lat="-40.721126" lon="-71.800257">
        <ele>791.8</ele>
      </trkpt>
      <trkpt lat="-40.7206544" lon="-71.7986396">
        <ele>791.2</ele>
      </trkpt>
      <trkpt lat="-40.7205507" lon="-71.7982829">
        <ele>790.8</ele>
      </trkpt>
      <trkpt lat="-40.7205141" lon="-71.7981595">
        <ele>790</ele>
      </trkpt>
      <trkpt lat="-40.7204755" lon="-71.7980415">
        <ele>789.5</ele>
      </trkpt>
      <trkpt lat="-40.7204348" lon="-71.7979154">
        <ele>789.4</ele>
      </trkpt>
      <trkpt lat="-40.7203942" lon="-71.797792">
        <ele>789.2</ele>
      </trkpt>
      <trkpt lat="-40.7203515" lon="-71.7976713">
        <ele>788.8</ele>
      </trkpt>
      <trkpt lat="-40.7203088" lon="-71.7975479">
        <ele>788.2</ele>
      </trkpt>
      <trkpt lat="-40.7202661" lon="-71.7974326">
        <ele>788</ele>
      </trkpt>
      <trkpt lat="-40.7202234" lon="-71.7973173">
        <ele>787.8</ele>
      </trkpt>
      <trkpt lat="-40.7201787" lon="-71.7972073">
        <ele>787.5</ele>
      </trkpt>
      <trkpt lat="-40.720136" lon="-71.7971">
        <ele>787</ele>
      </trkpt>
      <trkpt lat="-40.7200893" lon="-71.7969954">
        <ele>786.9</ele>
      </trkpt>
      <trkpt lat="-40.7200466" lon="-71.7968962">
        <ele>786.8</ele>
      </trkpt>
      <trkpt lat="-40.7199978" lon="-71.7967916">
        <ele>787</ele>
      </trkpt>
      <trkpt lat="-40.7199429" lon="-71.7966869">
        <ele>787.2</ele>
      </trkpt>
      <trkpt lat="-40.7198941" lon="-71.7965904">
        <ele>787</ele>
      </trkpt>
      <trkpt lat="-40.7198392" lon="-71.7964911">
        <ele>786.5</ele>
      </trkpt>
      <trkpt lat="-40.7197843" lon="-71.7963946">
        <ele>786</ele>
      </trkpt>
      <trkpt lat="-40.7197274" lon="-71.7963007">
        <ele>785.8</ele>
      </trkpt>
      <trkpt lat="-40.7196705" lon="-71.7962041">
        <ele>785.5</ele>
      </trkpt>
      <trkpt lat="-40.7196034" lon="-71.7960995">
        <ele>785.2</ele>
      </trkpt>
      <trkpt lat="-40.7195322" lon="-71.7959896">
        <ele>785</ele>
      </trkpt>
      <trkpt lat="-40.7194591" lon="-71.795885">
        <ele>784.8</ele>
      </trkpt>
      <trkpt lat="-40.7179059" lon="-71.7936668">
        <ele>786</ele>
      </trkpt>
      <trkpt lat="-40.7178124" lon="-71.7935354">
        <ele>785.9</ele>
      </trkpt>
      <trkpt lat="-40.7177189" lon="-71.7934039">
        <ele>785.8</ele>
      </trkpt>
      <trkpt lat="-40.7176254" lon="-71.7932752">
        <ele>785.5</ele>
      </trkpt>
      <trkpt lat="-40.7175298" lon="-71.7931491">
        <ele>785</ele>
      </trkpt>
      <trkpt lat="-40.7173042" lon="-71.7928514">
        <ele>784</ele>
      </trkpt>
      <trkpt lat="-40.7172229" lon="-71.7927548">
        <ele>783.5</ele>
      </trkpt>
      <trkpt lat="-40.7171415" lon="-71.792661">
        <ele>783.5</ele>
      </trkpt>
      <trkpt lat="-40.7170562" lon="-71.7925671">
        <ele>783.5</ele>
      </trkpt>
      <trkpt lat="-40.7169708" lon="-71.7924786">
        <ele>783.5</ele>
      </trkpt>
      <trkpt lat="-40.7168834" lon="-71.7923927">
        <ele>783.4</ele>
      </trkpt>
      <trkpt lat="-40.7167898" lon="-71.7923069">
        <ele>783.4</ele>
      </trkpt>
      <trkpt lat="-40.7165215" lon="-71.7920682">
        <ele>783.4</ele>
      </trkpt>
      <trkpt lat="-40.7164381" lon="-71.7919984">
        <ele>783.4</ele>
      </trkpt>
      <trkpt lat="-40.7163649" lon="-71.7919368">
        <ele>783.3</ele>
      </trkpt>
      <trkpt lat="-40.7162918" lon="-71.7918804">
        <ele>783.3</ele>
      </trkpt>
      <trkpt lat="-40.7162165" lon="-71.7918268">
        <ele>783.3</ele>
      </trkpt>
      <trkpt lat="-40.7161454" lon="-71.7917758">
        <ele>783.3</ele>
      </trkpt>
      <trkpt lat="-40.7160722" lon="-71.7917222">
        <ele>783.3</ele>
      </trkpt>
      <trkpt lat="-40.7159929" lon="-71.7916712">
        <ele>783.3</ele>
      </trkpt>
      <trkpt lat="-40.7159197" lon="-71.7916256">
        <ele>783.3</ele>
      </trkpt>
      <trkpt lat="-40.7158364" lon="-71.7915773">
        <ele>783.2</ele>
      </trkpt>
      <trkpt lat="-40.715753" lon="-71.7915291">
        <ele>783.5</ele>
      </trkpt>
      <trkpt lat="-40.7146044" lon="-71.7909417">
        <ele>786.7</ele>
      </trkpt>
      <trkpt lat="-40.7145068" lon="-71.7908934">
        <ele>787</ele>
      </trkpt>
      <trkpt lat="-40.7144092" lon="-71.7908478">
        <ele>787.2</ele>
      </trkpt>
      <trkpt lat="-40.7143116" lon="-71.7908049">
        <ele>787.5</ele>
      </trkpt>
      <trkpt lat="-40.71421" lon="-71.7907646">
        <ele>787.8</ele>
      </trkpt>
      <trkpt lat="-40.7141124" lon="-71.7907271">
        <ele>787.5</ele>
      </trkpt>
      <trkpt lat="-40.7140209" lon="-71.7906976">
        <ele>787.2</ele>
      </trkpt>
      <trkpt lat="-40.7131914" lon="-71.7904347">
        <ele>780.2</ele>
      </trkpt>
      <trkpt lat="-40.7130999" lon="-71.7904025">
        <ele>779.2</ele>
      </trkpt>
      <trkpt lat="-40.7130084" lon="-71.7903703">
        <ele>778.2</ele>
      </trkpt>
      <trkpt lat="-40.7129169" lon="-71.7903355">
        <ele>777.5</ele>
      </trkpt>
      <trkpt lat="-40.7128315" lon="-71.7903006">
        <ele>777.4</ele>
      </trkpt>
      <trkpt lat="-40.7125286" lon="-71.7901745">
        <ele>777</ele>
      </trkpt>
      <trkpt lat="-40.7106317" lon="-71.7893377">
        <ele>782</ele>
      </trkpt>
      <trkpt lat="-40.7105605" lon="-71.7893055">
        <ele>782.5</ele>
      </trkpt>
      <trkpt lat="-40.7104874" lon="-71.789268">
        <ele>783</ele>
      </trkpt>
      <trkpt lat="-40.7104121" lon="-71.7892224">
        <ele>783.5</ele>
      </trkpt>
      <trkpt lat="-40.710341" lon="-71.7891741">
        <ele>784</ele>
      </trkpt>
      <trkpt lat="-40.7102718" lon="-71.7891258">
        <ele>784.5</ele>
      </trkpt>
      <trkpt lat="-40.7102047" lon="-71.7890695">
        <ele>785</ele>
      </trkpt>
      <trkpt lat="-40.7101377" lon="-71.7890131">
        <ele>785.5</ele>
      </trkpt>
      <trkpt lat="-40.7100746" lon="-71.7889541">
        <ele>786</ele>
      </trkpt>
      <trkpt lat="-40.7100096" lon="-71.7888871">
        <ele>786.5</ele>
      </trkpt>
      <trkpt lat="-40.7099486" lon="-71.7888227">
        <ele>786.8</ele>
      </trkpt>
      <trkpt lat="-40.7098916" lon="-71.788753">
        <ele>787</ele>
      </trkpt>
      <trkpt lat="-40.7098388" lon="-71.7886806">
        <ele>787.1</ele>
      </trkpt>
      <trkpt lat="-40.709794" lon="-71.7886108">
        <ele>787.1</ele>
      </trkpt>
      <trkpt lat="-40.7097534" lon="-71.7885411">
        <ele>787.2</ele>
      </trkpt>
      <trkpt lat="-40.7097148" lon="-71.7884633">
        <ele>787.2</ele>
      </trkpt>
      <trkpt lat="-40.7096822" lon="-71.7883882">
        <ele>787.2</ele>
      </trkpt>
      <trkpt lat="-40.7096517" lon="-71.7883077">
        <ele>787.5</ele>
      </trkpt>
      <trkpt lat="-40.7096253" lon="-71.7882246">
        <ele>787.8</ele>
      </trkpt>
      <trkpt lat="-40.7096029" lon="-71.7881387">
        <ele>787.8</ele>
      </trkpt>
      <trkpt lat="-40.7095846" lon="-71.7880502">
        <ele>787.9</ele>
      </trkpt>
      <trkpt lat="-40.7095704" lon="-71.7879617">
        <ele>787.9</ele>
      </trkpt>
      <trkpt lat="-40.7095602" lon="-71.7878732">
        <ele>788</ele>
      </trkpt>
      <trkpt lat="-40.7095521" lon="-71.7877793">
        <ele>787.8</ele>
      </trkpt>
      <trkpt lat="-40.7095521" lon="-71.7876881">
        <ele>787.5</ele>
      </trkpt>
      <trkpt lat="-40.7095521" lon="-71.7875969">
        <ele>787.4</ele>
      </trkpt>
      <trkpt lat="-40.7095562" lon="-71.7875084">
        <ele>787.4</ele>
      </trkpt>
      <trkpt lat="-40.7095643" lon="-71.7874146">
        <ele>787.3</ele>
      </trkpt>
      <trkpt lat="-40.7095765" lon="-71.787326">
        <ele>787.2</ele>
      </trkpt>
      <trkpt lat="-40.7097087" lon="-71.7864329">
        <ele>785.2</ele>
      </trkpt>
      <trkpt lat="-40.7097229" lon="-71.7863363">
        <ele>785</ele>
      </trkpt>
      <trkpt lat="-40.7097371" lon="-71.786229">
        <ele>784.8</ele>
      </trkpt>
      <trkpt lat="-40.7097493" lon="-71.7861244">
        <ele>784.5</ele>
      </trkpt>
      <trkpt lat="-40.7097595" lon="-71.7860198">
        <ele>784</ele>
      </trkpt>
      <trkpt lat="-40.7097676" lon="-71.7859152">
        <ele>783.2</ele>
      </trkpt>
      <trkpt lat="-40.7097757" lon="-71.7858133">
        <ele>782.8</ele>
      </trkpt>
      <trkpt lat="-40.7097818" lon="-71.785706">
        <ele>782.5</ele>
      </trkpt>
      <trkpt lat="-40.7097839" lon="-71.7855906">
        <ele>782.2</ele>
      </trkpt>
      <trkpt lat="-40.7097839" lon="-71.785486">
        <ele>782.2</ele>
      </trkpt>
      <trkpt lat="-40.7097818" lon="-71.7853814">
        <ele>782.2</ele>
      </trkpt>
      <trkpt lat="-40.7097778" lon="-71.7852715">
        <ele>782.1</ele>
      </trkpt>
      <trkpt lat="-40.7097696" lon="-71.7851669">
        <ele>782.1</ele>
      </trkpt>
      <trkpt lat="-40.7097615" lon="-71.7850596">
        <ele>782</ele>
      </trkpt>
      <trkpt lat="-40.7097493" lon="-71.7849496">
        <ele>781.8</ele>
      </trkpt>
      <trkpt lat="-40.7097371" lon="-71.7848477">
        <ele>781.5</ele>
      </trkpt>
      <trkpt lat="-40.7097188" lon="-71.7847404">
        <ele>781.2</ele>
      </trkpt>
      <trkpt lat="-40.7097005" lon="-71.7846358">
        <ele>781</ele>
      </trkpt>
      <trkpt lat="-40.7096802" lon="-71.7845312">
        <ele>780.9</ele>
      </trkpt>
      <trkpt lat="-40.7096578" lon="-71.7844293">
        <ele>780.9</ele>
      </trkpt>
      <trkpt lat="-40.7096314" lon="-71.7843246">
        <ele>780.8</ele>
      </trkpt>
      <trkpt lat="-40.709605" lon="-71.7842227">
        <ele>780.8</ele>
      </trkpt>
      <trkpt lat="-40.7095745" lon="-71.7841235">
        <ele>780.5</ele>
      </trkpt>
      <trkpt lat="-40.709544" lon="-71.7840242">
        <ele>780.2</ele>
      </trkpt>
      <trkpt lat="-40.7095094" lon="-71.7839277">
        <ele>780</ele>
      </trkpt>
      <trkpt lat="-40.708936" lon="-71.7823747">
        <ele>782.8</ele>
      </trkpt>
      <trkpt lat="-40.7088913" lon="-71.7822593">
        <ele>783</ele>
      </trkpt>
      <trkpt lat="-40.7088445" lon="-71.7821494">
        <ele>783.2</ele>
      </trkpt>
      <trkpt lat="-40.7087978" lon="-71.7820394">
        <ele>783</ele>
      </trkpt>
      <trkpt lat="-40.708747" lon="-71.7819321">
        <ele>782.9</ele>
      </trkpt>
      <trkpt lat="-40.7086961" lon="-71.7818195">
        <ele>782.8</ele>
      </trkpt>
      <trkpt lat="-40.7086412" lon="-71.7817095">
        <ele>782.9</ele>
      </trkpt>
      <trkpt lat="-40.7085884" lon="-71.7816076">
        <ele>783</ele>
      </trkpt>
      <trkpt lat="-40.7085375" lon="-71.781511">
        <ele>782.8</ele>
      </trkpt>
      <trkpt lat="-40.7084765" lon="-71.7814037">
        <ele>782.6</ele>
      </trkpt>
      <trkpt lat="-40.7084135" lon="-71.7813045">
        <ele>782.5</ele>
      </trkpt>
      <trkpt lat="-40.7083484" lon="-71.7812052">
        <ele>782.8</ele>
      </trkpt>
      <trkpt lat="-40.7082813" lon="-71.781114">
        <ele>783</ele>
      </trkpt>
      <trkpt lat="-40.7082102" lon="-71.7810228">
        <ele>782.8</ele>
      </trkpt>
      <trkpt lat="-40.7081411" lon="-71.780937">
        <ele>782.5</ele>
      </trkpt>
      <trkpt lat="-40.7080679" lon="-71.7808512">
        <ele>782.4</ele>
      </trkpt>
      <trkpt lat="-40.7079926" lon="-71.7807734">
        <ele>782.4</ele>
      </trkpt>
      <trkpt lat="-40.7079133" lon="-71.7806956">
        <ele>782.4</ele>
      </trkpt>
      <trkpt lat="-40.707832" lon="-71.7806232">
        <ele>782.3</ele>
      </trkpt>
      <trkpt lat="-40.7077486" lon="-71.7805535">
        <ele>782.2</ele>
      </trkpt>
      <trkpt lat="-40.7076653" lon="-71.7804918">
        <ele>782.5</ele>
      </trkpt>
      <trkpt lat="-40.7075758" lon="-71.7804328">
        <ele>782.8</ele>
      </trkpt>
      <trkpt lat="-40.7074864" lon="-71.7803818">
        <ele>783</ele>
      </trkpt>
      <trkpt lat="-40.7073949" lon="-71.7803362">
        <ele>783.1</ele>
      </trkpt>
      <trkpt lat="-40.7073013" lon="-71.780296">
        <ele>783.2</ele>
      </trkpt>
      <trkpt lat="-40.7072037" lon="-71.7802611">
        <ele>783.5</ele>
      </trkpt>
      <trkpt lat="-40.7071061" lon="-71.780237">
        <ele>784</ele>
      </trkpt>
      <trkpt lat="-40.7070085" lon="-71.7802128">
        <ele>784.5</ele>
      </trkpt>
      <trkpt lat="-40.7069109" lon="-71.7801967">
        <ele>785</ele>
      </trkpt>
      <trkpt lat="-40.7068113" lon="-71.7801833">
        <ele>785.2</ele>
      </trkpt>
      <trkpt lat="-40.7067117" lon="-71.7801753">
        <ele>785.5</ele>
      </trkpt>
      <trkpt lat="-40.7065124" lon="-71.7801672">
        <ele>786</ele>
      </trkpt>
      <trkpt lat="-40.7058536" lon="-71.7801592">
        <ele>787.5</ele>
      </trkpt>
      <trkpt lat="-40.7012237" lon="-71.7800921">
        <ele>823.5</ele>
      </trkpt>
      <trkpt lat="-40.7011301" lon="-71.7800894">
        <ele>824</ele>
      </trkpt>
      <trkpt lat="-40.7010325" lon="-71.7800841">
        <ele>824.2</ele>
      </trkpt>
      <trkpt lat="-40.700939" lon="-71.7800733">
        <ele>824.5</ele>
      </trkpt>
      <trkpt lat="-40.7008434" lon="-71.7800626">
        <ele>824.5</ele>
      </trkpt>
      <trkpt lat="-40.7007417" lon="-71.7800465">
        <ele>824.6</ele>
      </trkpt>
      <trkpt lat="-40.7006441" lon="-71.7800277">
        <ele>824.6</ele>
      </trkpt>
      <trkpt lat="-40.7005547" lon="-71.7800036">
        <ele>824.6</ele>
      </trkpt>
      <trkpt lat="-40.7004672" lon="-71.7799768">
        <ele>824.7</ele>
      </trkpt>
      <trkpt lat="-40.7003798" lon="-71.77995">
        <ele>824.7</ele>
      </trkpt>
      <trkpt lat="-40.7002944" lon="-71.7799231">
        <ele>824.8</ele>
      </trkpt>
      <trkpt lat="-40.7002049" lon="-71.779891">
        <ele>825</ele>
      </trkpt>
      <trkpt lat="-40.7001154" lon="-71.7798561">
        <ele>825.5</ele>
      </trkpt>
      <trkpt lat="-40.6975085" lon="-71.7788959">
        <ele>821.5</ele>
      </trkpt>
      <trkpt lat="-40.6974027" lon="-71.7788556">
        <ele>821.8</ele>
      </trkpt>
      <trkpt lat="-40.697297" lon="-71.7788261">
        <ele>822</ele>
      </trkpt>
      <trkpt lat="-40.6971912" lon="-71.778802">
        <ele>822.1</ele>
      </trkpt>
      <trkpt lat="-40.6970855" lon="-71.7787832">
        <ele>822.2</ele>
      </trkpt>
      <trkpt lat="-40.6969818" lon="-71.7787698">
        <ele>822.2</ele>
      </trkpt>
      <trkpt lat="-40.6968862" lon="-71.7787591">
        <ele>822.5</ele>
      </trkpt>
      <trkpt lat="-40.6954728" lon="-71.7785767">
        <ele>826.5</ele>
      </trkpt>
      <trkpt lat="-40.6953712" lon="-71.7785579">
        <ele>826.2</ele>
      </trkpt>
      <trkpt lat="-40.6952695" lon="-71.7785391">
        <ele>826.2</ele>
      </trkpt>
      <trkpt lat="-40.6951678" lon="-71.7785123">
        <ele>826.1</ele>
      </trkpt>
      <trkpt lat="-40.6950783" lon="-71.7784828">
        <ele>826</ele>
      </trkpt>
      <trkpt lat="-40.6949807" lon="-71.7784479">
        <ele>825.9</ele>
      </trkpt>
      <trkpt lat="-40.6948953" lon="-71.7784104">
        <ele>825.8</ele>
      </trkpt>
      <trkpt lat="-40.6948038" lon="-71.7783675">
        <ele>826</ele>
      </trkpt>
      <trkpt lat="-40.6947123" lon="-71.7783219">
        <ele>826.5</ele>
      </trkpt>
      <trkpt lat="-40.6938663" lon="-71.7778605">
        <ele>833.2</ele>
      </trkpt>
      <trkpt lat="-40.6937727" lon="-71.7778149">
        <ele>834.2</ele>
      </trkpt>
      <trkpt lat="-40.6936812" lon="-71.777772">
        <ele>835.2</ele>
      </trkpt>
      <trkpt lat="-40.6935816" lon="-71.7777345">
        <ele>836.2</ele>
      </trkpt>
      <trkpt lat="-40.6934799" lon="-71.777705">
        <ele>837.2</ele>
      </trkpt>
      <trkpt lat="-40.6933762" lon="-71.7776835">
        <ele>838.2</ele>
      </trkpt>
      <trkpt lat="-40.6932826" lon="-71.7776674">
        <ele>839</ele>
      </trkpt>
      <trkpt lat="-40.693185" lon="-71.777662">
        <ele>839.5</ele>
      </trkpt>
      <trkpt lat="-40.6930914" lon="-71.7776567">
        <ele>840</ele>
      </trkpt>
      <trkpt lat="-40.6918183" lon="-71.7776138">
        <ele>843.7</ele>
      </trkpt>
      <trkpt lat="-40.6917472" lon="-71.7776111">
        <ele>843.9</ele>
      </trkpt>
      <trkpt lat="-40.6916821" lon="-71.7776057">
        <ele>844.1</ele>
      </trkpt>
      <trkpt lat="-40.6916211" lon="-71.7775977">
        <ele>844.2</ele>
      </trkpt>
      <trkpt lat="-40.6915621" lon="-71.7775869">
        <ele>844.5</ele>
      </trkpt>
      <trkpt lat="-40.691497" lon="-71.7775708">
        <ele>844.8</ele>
      </trkpt>
      <trkpt lat="-40.691434" lon="-71.7775548">
        <ele>845.2</ele>
      </trkpt>
      <trkpt lat="-40.691375" lon="-71.777536">
        <ele>845.8</ele>
      </trkpt>
      <trkpt lat="-40.6913201" lon="-71.7775172">
        <ele>846.2</ele>
      </trkpt>
      <trkpt lat="-40.6905696" lon="-71.7772382">
        <ele>852.5</ele>
      </trkpt>
      <trkpt lat="-40.6905106" lon="-71.7772168">
        <ele>853</ele>
      </trkpt>
      <trkpt lat="-40.6904557" lon="-71.7771953">
        <ele>853.5</ele>
      </trkpt>
      <trkpt lat="-40.6904029" lon="-71.7771712">
        <ele>854</ele>
      </trkpt>
      <trkpt lat="-40.6903479" lon="-71.7771444">
        <ele>854.5</ele>
      </trkpt>
      <trkpt lat="-40.690293" lon="-71.7771122">
        <ele>855</ele>
      </trkpt>
      <trkpt lat="-40.6902361" lon="-71.7770827">
        <ele>855.5</ele>
      </trkpt>
      <trkpt lat="-40.6901791" lon="-71.7770478">
        <ele>856</ele>
      </trkpt>
      <trkpt lat="-40.6901161" lon="-71.7770076">
        <ele>856.8</ele>
      </trkpt>
      <trkpt lat="-40.6894124" lon="-71.7765489">
        <ele>860.8</ele>
      </trkpt>
      <trkpt lat="-40.6893351" lon="-71.7764953">
        <ele>861.2</ele>
      </trkpt>
      <trkpt lat="-40.6892578" lon="-71.7764416">
        <ele>862</ele>
      </trkpt>
      <trkpt lat="-40.6891785" lon="-71.7763773">
        <ele>863</ele>
      </trkpt>
      <trkpt lat="-40.6891073" lon="-71.7763102">
        <ele>864</ele>
      </trkpt>
      <trkpt lat="-40.6890382" lon="-71.7762351">
        <ele>865.2</ele>
      </trkpt>
      <trkpt lat="-40.6889731" lon="-71.7761573">
        <ele>866.5</ele>
      </trkpt>
      <trkpt lat="-40.6889121" lon="-71.7760688">
        <ele>867.8</ele>
      </trkpt>
      <trkpt lat="-40.6888551" lon="-71.7759803">
        <ele>869</ele>
      </trkpt>
      <trkpt lat="-40.6885989" lon="-71.7755592">
        <ele>875.5</ele>
      </trkpt>
      <trkpt lat="-40.6885379" lon="-71.7754626">
        <ele>877.5</ele>
      </trkpt>
      <trkpt lat="-40.6884748" lon="-71.7753741">
        <ele>879.2</ele>
      </trkpt>
      <trkpt lat="-40.6884057" lon="-71.7752829">
        <ele>881</ele>
      </trkpt>
      <trkpt lat="-40.6883325" lon="-71.7751971">
        <ele>882.5</ele>
      </trkpt>
      <trkpt lat="-40.6882572" lon="-71.7751193">
        <ele>883.8</ele>
      </trkpt>
      <trkpt lat="-40.688184" lon="-71.775063">
        <ele>884.8</ele>
      </trkpt>
      <trkpt lat="-40.6881067" lon="-71.7750147">
        <ele>885.5</ele>
      </trkpt>
      <trkpt lat="-40.6880233" lon="-71.7749718">
        <ele>886</ele>
      </trkpt>
      <trkpt lat="-40.6879399" lon="-71.7749423">
        <ele>886.2</ele>
      </trkpt>
      <trkpt lat="-40.6878586" lon="-71.7749128">
        <ele>886.3</ele>
      </trkpt>
      <trkpt lat="-40.6877731" lon="-71.7748886">
        <ele>886.4</ele>
      </trkpt>
      <trkpt lat="-40.6876938" lon="-71.7748725">
        <ele>886.5</ele>
      </trkpt>
      <trkpt lat="-40.6876145" lon="-71.7748591">
        <ele>886.6</ele>
      </trkpt>
      <trkpt lat="-40.6875372" lon="-71.7748538">
        <ele>886.8</ele>
      </trkpt>
      <trkpt lat="-40.6874579" lon="-71.7748511">
        <ele>886.5</ele>
      </trkpt>
      <trkpt lat="-40.6862579" lon="-71.7748886">
        <ele>880</ele>
      </trkpt>
      <trkpt lat="-40.6861766" lon="-71.7748886">
        <ele>879.9</ele>
      </trkpt>
      <trkpt lat="-40.6860952" lon="-71.774886">
        <ele>879.8</ele>
      </trkpt>
      <trkpt lat="-40.6860118" lon="-71.7748779">
        <ele>880</ele>
      </trkpt>
      <trkpt lat="-40.6859345" lon="-71.7748672">
        <ele>880.5</ele>
      </trkpt>
      <trkpt lat="-40.6858552" lon="-71.7748511">
        <ele>881</ele>
      </trkpt>
      <trkpt lat="-40.6857718" lon="-71.7748323">
        <ele>881.5</ele>
      </trkpt>
      <trkpt lat="-40.6846531" lon="-71.7745507">
        <ele>888.5</ele>
      </trkpt>
      <trkpt lat="-40.6845962" lon="-71.7745346">
        <ele>889</ele>
      </trkpt>
      <trkpt lat="-40.6845413" lon="-71.7745265">
        <ele>889.2</ele>
      </trkpt>
      <trkpt lat="-40.6844904" lon="-71.7745212">
        <ele>889.3</ele>
      </trkpt>
      <trkpt lat="-40.6844376" lon="-71.7745185">
        <ele>889.4</ele>
      </trkpt>
      <trkpt lat="-40.6843847" lon="-71.7745239">
        <ele>889.5</ele>
      </trkpt>
      <trkpt lat="-40.6843277" lon="-71.7745319">
        <ele>889.2</ele>
      </trkpt>
      <trkpt lat="-40.6842748" lon="-71.7745426">
        <ele>889</ele>
      </trkpt>
      <trkpt lat="-40.6820273" lon="-71.775071">
        <ele>886</ele>
      </trkpt>
      <trkpt lat="-40.681948" lon="-71.7750898">
        <ele>885.9</ele>
      </trkpt>
      <trkpt lat="-40.6818686" lon="-71.7750978">
        <ele>885.8</ele>
      </trkpt>
      <trkpt lat="-40.6817893" lon="-71.7751032">
        <ele>886</ele>
      </trkpt>
      <trkpt lat="-40.68171" lon="-71.7751005">
        <ele>886.2</ele>
      </trkpt>
      <trkpt lat="-40.6816286" lon="-71.7750952">
        <ele>886.8</ele>
      </trkpt>
      <trkpt lat="-40.6815472" lon="-71.7750818">
        <ele>887.5</ele>
      </trkpt>
      <trkpt lat="-40.68147" lon="-71.7750657">
        <ele>888.2</ele>
      </trkpt>
      <trkpt lat="-40.6813886" lon="-71.7750442">
        <ele>889.2</ele>
      </trkpt>
      <trkpt lat="-40.6813113" lon="-71.7750174">
        <ele>890.2</ele>
      </trkpt>
      <trkpt lat="-40.681232" lon="-71.7749879">
        <ele>891</ele>
      </trkpt>
      <trkpt lat="-40.6811567" lon="-71.7749557">
        <ele>892</ele>
      </trkpt>
      <trkpt lat="-40.6810855" lon="-71.7749181">
        <ele>893</ele>
      </trkpt>
      <trkpt lat="-40.6810164" lon="-71.7748806">
        <ele>894</ele>
      </trkpt>
      <trkpt lat="-40.6809472" lon="-71.7748404">
        <ele>895.2</ele>
      </trkpt>
      <trkpt lat="-40.680878" lon="-71.7747974">
        <ele>896.5</ele>
      </trkpt>
      <trkpt lat="-40.6808089" lon="-71.7747518">
        <ele>897.8</ele>
      </trkpt>
      <trkpt lat="-40.6802922" lon="-71.7743737">
        <ele>906.8</ele>
      </trkpt>
      <trkpt lat="-40.6802312" lon="-71.7743227">
        <ele>907.2</ele>
      </trkpt>
      <trkpt lat="-40.6801702" lon="-71.7742664">
        <ele>907.8</ele>
      </trkpt>
      <trkpt lat="-40.6801153" lon="-71.77421">
        <ele>908.2</ele>
      </trkpt>
      <trkpt lat="-40.6800665" lon="-71.7741483">
        <ele>908.8</ele>
      </trkpt>
      <trkpt lat="-40.6800176" lon="-71.7740786">
        <ele>909</ele>
      </trkpt>
      <trkpt lat="-40.6799708" lon="-71.7740062">
        <ele>909.1</ele>
      </trkpt>
      <trkpt lat="-40.6799302" lon="-71.7739338">
        <ele>909.2</ele>
      </trkpt>
      <trkpt lat="-40.6798915" lon="-71.7738506">
        <ele>909.5</ele>
      </trkpt>
      <trkpt lat="-40.6798569" lon="-71.7737675">
        <ele>909.8</ele>
      </trkpt>
      <trkpt lat="-40.6798264" lon="-71.7736736">
        <ele>909.8</ele>
      </trkpt>
      <trkpt lat="-40.679802" lon="-71.7735797">
        <ele>909.9</ele>
      </trkpt>
      <trkpt lat="-40.6797796" lon="-71.7734858">
        <ele>909.9</ele>
      </trkpt>
      <trkpt lat="-40.6797634" lon="-71.7733893">
        <ele>910</ele>
      </trkpt>
      <trkpt lat="-40.6797532" lon="-71.77329">
        <ele>910.2</ele>
      </trkpt>
      <trkpt lat="-40.6797471" lon="-71.7731908">
        <ele>910.8</ele>
      </trkpt>
      <trkpt lat="-40.679743" lon="-71.7730916">
        <ele>911.5</ele>
      </trkpt>
      <trkpt lat="-40.679564" lon="-71.7617324">
        <ele>925.5</ele>
      </trkpt>
      <trkpt lat="-40.6795396" lon="-71.7602196">
        <ele>920.8</ele>
      </trkpt>
      <trkpt lat="-40.6795152" lon="-71.7585781">
        <ele>922.2</ele>
      </trkpt>
      <trkpt lat="-40.6795132" lon="-71.758436">
        <ele>922.4</ele>
      </trkpt>
      <trkpt lat="-40.6795152" lon="-71.7582884">
        <ele>922.5</ele>
      </trkpt>
      <trkpt lat="-40.6795172" lon="-71.7581463">
        <ele>922.2</ele>
      </trkpt>
      <trkpt lat="-40.6795233" lon="-71.7580068">
        <ele>922</ele>
      </trkpt>
      <trkpt lat="-40.679562" lon="-71.7571673">
        <ele>921.4</ele>
      </trkpt>
      <trkpt lat="-40.6795661" lon="-71.7570868">
        <ele>921.4</ele>
      </trkpt>
      <trkpt lat="-40.6795742" lon="-71.7569983">
        <ele>921.3</ele>
      </trkpt>
      <trkpt lat="-40.6795844" lon="-71.7569071">
        <ele>921.2</ele>
      </trkpt>
      <trkpt lat="-40.6795945" lon="-71.7568213">
        <ele>921.3</ele>
      </trkpt>
      <trkpt lat="-40.6796108" lon="-71.7567354">
        <ele>921.4</ele>
      </trkpt>
      <trkpt lat="-40.6796291" lon="-71.7566469">
        <ele>921.5</ele>
      </trkpt>
      <trkpt lat="-40.6796515" lon="-71.7565611">
        <ele>921.4</ele>
      </trkpt>
      <trkpt lat="-40.6796779" lon="-71.7564753">
        <ele>921.3</ele>
      </trkpt>
      <trkpt lat="-40.6797044" lon="-71.7563921">
        <ele>921.2</ele>
      </trkpt>
      <trkpt lat="-40.6797329" lon="-71.7563117">
        <ele>921.5</ele>
      </trkpt>
      <trkpt lat="-40.6797613" lon="-71.7562312">
        <ele>921.8</ele>
      </trkpt>
      <trkpt lat="-40.6797898" lon="-71.7561561">
        <ele>922</ele>
      </trkpt>
      <trkpt lat="-40.6804611" lon="-71.7544019">
        <ele>923.8</ele>
      </trkpt>
      <trkpt lat="-40.6804834" lon="-71.7543429">
        <ele>923.9</ele>
      </trkpt>
      <trkpt lat="-40.6805058" lon="-71.7542759">
        <ele>923.9</ele>
      </trkpt>
      <trkpt lat="-40.6805241" lon="-71.7542034">
        <ele>924</ele>
      </trkpt>
      <trkpt lat="-40.6805404" lon="-71.754131">
        <ele>924.2</ele>
      </trkpt>
      <trkpt lat="-40.6805526" lon="-71.7540586">
        <ele>924.5</ele>
      </trkpt>
      <trkpt lat="-40.6805607" lon="-71.7539781">
        <ele>924.6</ele>
      </trkpt>
      <trkpt lat="-40.6805648" lon="-71.7539003">
        <ele>924.8</ele>
      </trkpt>
      <trkpt lat="-40.6805628" lon="-71.7538226">
        <ele>924.5</ele>
      </trkpt>
      <trkpt lat="-40.6805546" lon="-71.7537394">
        <ele>924</ele>
      </trkpt>
      <trkpt lat="-40.6805424" lon="-71.7536616">
        <ele>923.5</ele>
      </trkpt>
      <trkpt lat="-40.6805241" lon="-71.7535865">
        <ele>923</ele>
      </trkpt>
      <trkpt lat="-40.6804997" lon="-71.7535141">
        <ele>922.5</ele>
      </trkpt>
      <trkpt lat="-40.6804733" lon="-71.7534444">
        <ele>922</ele>
      </trkpt>
      <trkpt lat="-40.6802434" lon="-71.7528918">
        <ele>917</ele>
      </trkpt>
      <trkpt lat="-40.6802149" lon="-71.7528194">
        <ele>916.2</ele>
      </trkpt>
      <trkpt lat="-40.6801885" lon="-71.7527416">
        <ele>915.5</ele>
      </trkpt>
      <trkpt lat="-40.6801641" lon="-71.7526639">
        <ele>914.8</ele>
      </trkpt>
      <trkpt lat="-40.6801437" lon="-71.752578">
        <ele>914.2</ele>
      </trkpt>
      <trkpt lat="-40.6801254" lon="-71.7524895">
        <ele>913.8</ele>
      </trkpt>
      <trkpt lat="-40.6801092" lon="-71.752401">
        <ele>913.5</ele>
      </trkpt>
      <trkpt lat="-40.6797654" lon="-71.749877">
        <ele>899.5</ele>
      </trkpt>
      <trkpt lat="-40.6797532" lon="-71.7497993">
        <ele>899.2</ele>
      </trkpt>
      <trkpt lat="-40.6797369" lon="-71.7497188">
        <ele>899</ele>
      </trkpt>
      <trkpt lat="-40.6797166" lon="-71.7496356">
        <ele>898.2</ele>
      </trkpt>
      <trkpt lat="-40.6796922" lon="-71.7495525">
        <ele>897.5</ele>
      </trkpt>
      <trkpt lat="-40.6796657" lon="-71.7494747">
        <ele>896.8</ele>
      </trkpt>
      <trkpt lat="-40.6796352" lon="-71.7493969">
        <ele>896.2</ele>
      </trkpt>
      <trkpt lat="-40.6796006" lon="-71.7493218">
        <ele>896</ele>
      </trkpt>
      <trkpt lat="-40.679564" lon="-71.7492494">
        <ele>895.8</ele>
      </trkpt>
      <trkpt lat="-40.6795274" lon="-71.7491823">
        <ele>895.5</ele>
      </trkpt>
      <trkpt lat="-40.6794847" lon="-71.7491207">
        <ele>895</ele>
      </trkpt>
      <trkpt lat="-40.679442" lon="-71.7490616">
        <ele>894.5</ele>
      </trkpt>
      <trkpt lat="-40.6793952" lon="-71.749008">
        <ele>894</ele>
      </trkpt>
      <trkpt lat="-40.6793464" lon="-71.748957">
        <ele>893.5</ele>
      </trkpt>
      <trkpt lat="-40.6792955" lon="-71.7489061">
        <ele>893</ele>
      </trkpt>
      <trkpt lat="-40.6792426" lon="-71.7488578">
        <ele>892.8</ele>
      </trkpt>
      <trkpt lat="-40.6791918" lon="-71.7488176">
        <ele>892.5</ele>
      </trkpt>
      <trkpt lat="-40.6764782" lon="-71.7467737">
        <ele>877</ele>
      </trkpt>
      <trkpt lat="-40.6763969" lon="-71.7467067">
        <ele>876.5</ele>
      </trkpt>
      <trkpt lat="-40.6763155" lon="-71.7466369">
        <ele>876</ele>
      </trkpt>
      <trkpt lat="-40.6762341" lon="-71.7465645">
        <ele>875.2</ele>
      </trkpt>
      <trkpt lat="-40.6761589" lon="-71.7464867">
        <ele>874.8</ele>
      </trkpt>
      <trkpt lat="-40.6760836" lon="-71.7464089">
        <ele>874.5</ele>
      </trkpt>
      <trkpt lat="-40.6760144" lon="-71.7463258">
        <ele>874.2</ele>
      </trkpt>
      <trkpt lat="-40.6759473" lon="-71.7462426">
        <ele>874</ele>
      </trkpt>
      <trkpt lat="-40.6758802" lon="-71.7461541">
        <ele>874</ele>
      </trkpt>
      <trkpt lat="-40.6758151" lon="-71.7460576">
        <ele>873.9</ele>
      </trkpt>
      <trkpt lat="-40.675752" lon="-71.7459556">
        <ele>873.9</ele>
      </trkpt>
      <trkpt lat="-40.675693" lon="-71.7458537">
        <ele>873.8</ele>
      </trkpt>
      <trkpt lat="-40.6756381" lon="-71.7457464">
        <ele>873.8</ele>
      </trkpt>
      <trkpt lat="-40.6755852" lon="-71.7456391">
        <ele>873.5</ele>
      </trkpt>
      <trkpt lat="-40.6755384" lon="-71.7455292">
        <ele>873</ele>
      </trkpt>
      <trkpt lat="-40.6754937" lon="-71.7454165">
        <ele>872.5</ele>
      </trkpt>
      <trkpt lat="-40.675451" lon="-71.7452985">
        <ele>872</ele>
      </trkpt>
      <trkpt lat="-40.6754164" lon="-71.7451993">
        <ele>871.8</ele>
      </trkpt>
      <trkpt lat="-40.6753798" lon="-71.7450947">
        <ele>871.5</ele>
      </trkpt>
      <trkpt lat="-40.6744359" lon="-71.7423025">
        <ele>854</ele>
      </trkpt>
      <trkpt lat="-40.673437" lon="-71.7393494">
        <ele>849</ele>
      </trkpt>
      <trkpt lat="-40.6734065" lon="-71.7392609">
        <ele>849.2</ele>
      </trkpt>
      <trkpt lat="-40.6733801" lon="-71.739175">
        <ele>849.5</ele>
      </trkpt>
      <trkpt lat="-40.6733557" lon="-71.7390999">
        <ele>849.2</ele>
      </trkpt>
      <trkpt lat="-40.6733313" lon="-71.7390168">
        <ele>849</ele>
      </trkpt>
      <trkpt lat="-40.6733109" lon="-71.7389363">
        <ele>848.9</ele>
      </trkpt>
      <trkpt lat="-40.6732885" lon="-71.7388558">
        <ele>848.8</ele>
      </trkpt>
      <trkpt lat="-40.6732702" lon="-71.7387781">
        <ele>849</ele>
      </trkpt>
      <trkpt lat="-40.673254" lon="-71.7387056">
        <ele>849.2</ele>
      </trkpt>
      <trkpt lat="-40.6732418" lon="-71.7386332">
        <ele>849.4</ele>
      </trkpt>
      <trkpt lat="-40.6732295" lon="-71.7385581">
        <ele>849.5</ele>
      </trkpt>
      <trkpt lat="-40.6732173" lon="-71.738475">
        <ele>849.2</ele>
      </trkpt>
      <trkpt lat="-40.6732092" lon="-71.7383945">
        <ele>849.1</ele>
      </trkpt>
      <trkpt lat="-40.6732031" lon="-71.738314">
        <ele>849</ele>
      </trkpt>
      <trkpt lat="-40.673197" lon="-71.7382416">
        <ele>849.2</ele>
      </trkpt>
      <trkpt lat="-40.673197" lon="-71.7381665">
        <ele>849.5</ele>
      </trkpt>
      <trkpt lat="-40.673197" lon="-71.7380914">
        <ele>849.6</ele>
      </trkpt>
      <trkpt lat="-40.673197" lon="-71.7380109">
        <ele>849.8</ele>
      </trkpt>
      <trkpt lat="-40.6732011" lon="-71.7379278">
        <ele>849.5</ele>
      </trkpt>
      <trkpt lat="-40.6732072" lon="-71.737842">
        <ele>849.2</ele>
      </trkpt>
      <trkpt lat="-40.6732153" lon="-71.7377481">
        <ele>849</ele>
      </trkpt>
      <trkpt lat="-40.6732255" lon="-71.7376542">
        <ele>848.8</ele>
      </trkpt>
      <trkpt lat="-40.6732397" lon="-71.7375576">
        <ele>848.5</ele>
      </trkpt>
      <trkpt lat="-40.673254" lon="-71.7374638">
        <ele>848.2</ele>
      </trkpt>
      <trkpt lat="-40.6734086" lon="-71.7366028">
        <ele>844.8</ele>
      </trkpt>
      <trkpt lat="-40.6734208" lon="-71.736525">
        <ele>844.5</ele>
      </trkpt>
      <trkpt lat="-40.673435" lon="-71.7364392">
        <ele>844.2</ele>
      </trkpt>
      <trkpt lat="-40.6734492" lon="-71.7363533">
        <ele>844.2</ele>
      </trkpt>
      <trkpt lat="-40.6734615" lon="-71.7362648">
        <ele>844.1</ele>
      </trkpt>
      <trkpt lat="-40.6734716" lon="-71.7361709">
        <ele>844.1</ele>
      </trkpt>
      <trkpt lat="-40.6734818" lon="-71.7360771">
        <ele>844</ele>
      </trkpt>
      <trkpt lat="-40.6736079" lon="-71.7348835">
        <ele>849.8</ele>
      </trkpt>
      <trkpt lat="-40.6736181" lon="-71.7348003">
        <ele>850.5</ele>
      </trkpt>
      <trkpt lat="-40.6736323" lon="-71.7347118">
        <ele>851.2</ele>
      </trkpt>
      <trkpt lat="-40.6736486" lon="-71.7346287">
        <ele>851.8</ele>
      </trkpt>
      <trkpt lat="-40.6736669" lon="-71.7345428">
        <ele>852</ele>
      </trkpt>
      <trkpt lat="-40.6736873" lon="-71.734457">
        <ele>852.2</ele>
      </trkpt>
      <trkpt lat="-40.6737096" lon="-71.7343712">
        <ele>852.8</ele>
      </trkpt>
      <trkpt lat="-40.6737808" lon="-71.7341217">
        <ele>854.5</ele>
      </trkpt>
      <trkpt lat="-40.6738032" lon="-71.7340493">
        <ele>854.8</ele>
      </trkpt>
      <trkpt lat="-40.6738256" lon="-71.7339796">
        <ele>855</ele>
      </trkpt>
      <trkpt lat="-40.6738541" lon="-71.7339018">
        <ele>855.2</ele>
      </trkpt>
      <trkpt lat="-40.6738826" lon="-71.733824">
        <ele>855.5</ele>
      </trkpt>
      <trkpt lat="-40.6739151" lon="-71.7337462">
        <ele>856</ele>
      </trkpt>
      <trkpt lat="-40.6739497" lon="-71.7336631">
        <ele>856.5</ele>
      </trkpt>
      <trkpt lat="-40.6739863" lon="-71.7335826">
        <ele>856.6</ele>
      </trkpt>
      <trkpt lat="-40.674027" lon="-71.7334995">
        <ele>856.7</ele>
      </trkpt>
      <trkpt lat="-40.6740677" lon="-71.733419">
        <ele>856.8</ele>
      </trkpt>
      <trkpt lat="-40.6741145" lon="-71.7333332">
        <ele>857</ele>
      </trkpt>
      <trkpt lat="-40.6741592" lon="-71.7332554">
        <ele>857.2</ele>
      </trkpt>
      <trkpt lat="-40.674208" lon="-71.7331776">
        <ele>857.8</ele>
      </trkpt>
      <trkpt lat="-40.674265" lon="-71.7330971">
        <ele>858</ele>
      </trkpt>
      <trkpt lat="-40.6748244" lon="-71.7322415">
        <ele>851.8</ele>
      </trkpt>
      <trkpt lat="-40.674861" lon="-71.7321771">
        <ele>851</ele>
      </trkpt>
      <trkpt lat="-40.6748956" lon="-71.7321101">
        <ele>850.5</ele>
      </trkpt>
      <trkpt lat="-40.6749282" lon="-71.732035">
        <ele>850</ele>
      </trkpt>
      <trkpt lat="-40.6749546" lon="-71.7319545">
        <ele>849.8</ele>
      </trkpt>
      <trkpt lat="-40.674979" lon="-71.7318714">
        <ele>849.5</ele>
      </trkpt>
      <trkpt lat="-40.6749994" lon="-71.7317936">
        <ele>849.2</ele>
      </trkpt>
      <trkpt lat="-40.6750461" lon="-71.7315924">
        <ele>849.5</ele>
      </trkpt>
      <trkpt lat="-40.6752353" lon="-71.730769">
        <ele>853</ele>
      </trkpt>
      <trkpt lat="-40.6755669" lon="-71.7293286">
        <ele>853.5</ele>
      </trkpt>
      <trkpt lat="-40.6755832" lon="-71.7292616">
        <ele>853.4</ele>
      </trkpt>
      <trkpt lat="-40.6755974" lon="-71.7291865">
        <ele>853.3</ele>
      </trkpt>
      <trkpt lat="-40.6756076" lon="-71.7291087">
        <ele>853.2</ele>
      </trkpt>
      <trkpt lat="-40.6756137" lon="-71.7290336">
        <ele>853.5</ele>
      </trkpt>
      <trkpt lat="-40.6756178" lon="-71.7289558">
        <ele>853.8</ele>
      </trkpt>
      <trkpt lat="-40.6756198" lon="-71.7288834">
        <ele>854</ele>
      </trkpt>
      <trkpt lat="-40.6756157" lon="-71.7288083">
        <ele>854.2</ele>
      </trkpt>
      <trkpt lat="-40.6756076" lon="-71.7287359">
        <ele>854.5</ele>
      </trkpt>
      <trkpt lat="-40.6755974" lon="-71.7286608">
        <ele>854.6</ele>
      </trkpt>
      <trkpt lat="-40.6755811" lon="-71.7285857">
        <ele>854.8</ele>
      </trkpt>
      <trkpt lat="-40.6755608" lon="-71.7285106">
        <ele>854.5</ele>
      </trkpt>
      <trkpt lat="-40.6755384" lon="-71.7284381">
        <ele>854.2</ele>
      </trkpt>
      <trkpt lat="-40.6755099" lon="-71.7283657">
        <ele>854</ele>
      </trkpt>
      <trkpt lat="-40.6754815" lon="-71.728304">
        <ele>853.8</ele>
      </trkpt>
      <trkpt lat="-40.6749912" lon="-71.727325">
        <ele>850.5</ele>
      </trkpt>
      <trkpt lat="-40.6749668" lon="-71.7272741">
        <ele>850.2</ele>
      </trkpt>
      <trkpt lat="-40.6749424" lon="-71.7272258">
        <ele>850</ele>
      </trkpt>
      <trkpt lat="-40.67492" lon="-71.7271748">
        <ele>849.8</ele>
      </trkpt>
      <trkpt lat="-40.6748997" lon="-71.7271239">
        <ele>849.5</ele>
      </trkpt>
      <trkpt lat="-40.6748793" lon="-71.7270702">
        <ele>849.2</ele>
      </trkpt>
      <trkpt lat="-40.674861" lon="-71.7270193">
        <ele>849</ele>
      </trkpt>
      <trkpt lat="-40.6748427" lon="-71.7269629">
        <ele>848.5</ele>
      </trkpt>
      <trkpt lat="-40.6748264" lon="-71.7269039">
        <ele>848</ele>
      </trkpt>
      <trkpt lat="-40.6748142" lon="-71.7268503">
        <ele>847.5</ele>
      </trkpt>
      <trkpt lat="-40.6748041" lon="-71.7267939">
        <ele>847</ele>
      </trkpt>
      <trkpt lat="-40.6747939" lon="-71.7267376">
        <ele>846.5</ele>
      </trkpt>
      <trkpt lat="-40.6747878" lon="-71.7266759">
        <ele>846</ele>
      </trkpt>
      <trkpt lat="-40.6747858" lon="-71.7266169">
        <ele>845.8</ele>
      </trkpt>
      <trkpt lat="-40.6747858" lon="-71.7265579">
        <ele>845.5</ele>
      </trkpt>
      <trkpt lat="-40.6747878" lon="-71.7264962">
        <ele>845.2</ele>
      </trkpt>
      <trkpt lat="-40.6747939" lon="-71.7264372">
        <ele>845.2</ele>
      </trkpt>
      <trkpt lat="-40.6748" lon="-71.7263782">
        <ele>845.2</ele>
      </trkpt>
      <trkpt lat="-40.6748081" lon="-71.7263192">
        <ele>845.2</ele>
      </trkpt>
      <trkpt lat="-40.6748183" lon="-71.7262629">
        <ele>845.2</ele>
      </trkpt>
      <trkpt lat="-40.6748285" lon="-71.7262065">
        <ele>845.2</ele>
      </trkpt>
      <trkpt lat="-40.6748407" lon="-71.7261502">
        <ele>845.1</ele>
      </trkpt>
      <trkpt lat="-40.6748549" lon="-71.7260966">
        <ele>845.1</ele>
      </trkpt>
      <trkpt lat="-40.6748692" lon="-71.7260402">
        <ele>845.1</ele>
      </trkpt>
      <trkpt lat="-40.6748834" lon="-71.7259866">
        <ele>845.1</ele>
      </trkpt>
      <trkpt lat="-40.6749017" lon="-71.7259303">
        <ele>845.1</ele>
      </trkpt>
      <trkpt lat="-40.674918" lon="-71.7258793">
        <ele>845</ele>
      </trkpt>
      <trkpt lat="-40.6749383" lon="-71.7258203">
        <ele>845</ele>
      </trkpt>
      <trkpt lat="-40.6749587" lon="-71.7257667">
        <ele>845</ele>
      </trkpt>
      <trkpt lat="-40.674981" lon="-71.725713">
        <ele>844.8</ele>
      </trkpt>
      <trkpt lat="-40.6750014" lon="-71.7256594">
        <ele>844.5</ele>
      </trkpt>
      <trkpt lat="-40.675278" lon="-71.7249915">
        <ele>841.8</ele>
      </trkpt>
      <trkpt lat="-40.6753208" lon="-71.7248976">
        <ele>841.2</ele>
      </trkpt>
      <trkpt lat="-40.6753655" lon="-71.7248064">
        <ele>840.8</ele>
      </trkpt>
      <trkpt lat="-40.6754164" lon="-71.7247152">
        <ele>840.6</ele>
      </trkpt>
      <trkpt lat="-40.6754672" lon="-71.7246321">
        <ele>840.4</ele>
      </trkpt>
      <trkpt lat="-40.6755201" lon="-71.7245489">
        <ele>840.2</ele>
      </trkpt>
      <trkpt lat="-40.675573" lon="-71.7244685">
        <ele>840</ele>
      </trkpt>
      <trkpt lat="-40.6756259" lon="-71.7243934">
        <ele>839.8</ele>
      </trkpt>
      <trkpt lat="-40.6756829" lon="-71.7243183">
        <ele>839.5</ele>
      </trkpt>
      <trkpt lat="-40.6761833" lon="-71.7236692">
        <ele>836.8</ele>
      </trkpt>
      <trkpt lat="-40.6762423" lon="-71.7235941">
        <ele>836.6</ele>
      </trkpt>
      <trkpt lat="-40.6763114" lon="-71.7235163">
        <ele>836.5</ele>
      </trkpt>
      <trkpt lat="-40.6763867" lon="-71.7234385">
        <ele>836.2</ele>
      </trkpt>
      <trkpt lat="-40.6764518" lon="-71.7233688">
        <ele>836</ele>
      </trkpt>
      <trkpt lat="-40.6765311" lon="-71.7232963">
        <ele>835.8</ele>
      </trkpt>
      <trkpt lat="-40.6766064" lon="-71.7232266">
        <ele>835.5</ele>
      </trkpt>
      <trkpt lat="-40.6766857" lon="-71.7231596">
        <ele>835.2</ele>
      </trkpt>
      <trkpt lat="-40.6767671" lon="-71.7230898">
        <ele>835</ele>
      </trkpt>
      <trkpt lat="-40.6768485" lon="-71.7230254">
        <ele>834.8</ele>
      </trkpt>
      <trkpt lat="-40.6769237" lon="-71.7229664">
        <ele>834.5</ele>
      </trkpt>
      <trkpt lat="-40.6770092" lon="-71.7229047">
        <ele>834.8</ele>
      </trkpt>
      <trkpt lat="-40.6770926" lon="-71.7228457">
        <ele>834.8</ele>
      </trkpt>
      <trkpt lat="-40.677178" lon="-71.7227894">
        <ele>834.9</ele>
      </trkpt>
      <trkpt lat="-40.6772594" lon="-71.7227384">
        <ele>835</ele>
      </trkpt>
      <trkpt lat="-40.6773387" lon="-71.7226875">
        <ele>834.8</ele>
      </trkpt>
      <trkpt lat="-40.6775889" lon="-71.72254">
        <ele>833.8</ele>
      </trkpt>
      <trkpt lat="-40.6776845" lon="-71.722481">
        <ele>833.2</ele>
      </trkpt>
      <trkpt lat="-40.6777862" lon="-71.7224246">
        <ele>833</ele>
      </trkpt>
      <trkpt lat="-40.6778879" lon="-71.7223683">
        <ele>832.8</ele>
      </trkpt>
      <trkpt lat="-40.6779876" lon="-71.7223173">
        <ele>832.7</ele>
      </trkpt>
      <trkpt lat="-40.6781747" lon="-71.7222235">
        <ele>832.5</ele>
      </trkpt>
      <trkpt lat="-40.6786283" lon="-71.7219955">
        <ele>833</ele>
      </trkpt>
      <trkpt lat="-40.6787199" lon="-71.7219472">
        <ele>833.8</ele>
      </trkpt>
      <trkpt lat="-40.6788073" lon="-71.7219016">
        <ele>834.8</ele>
      </trkpt>
      <trkpt lat="-40.6788928" lon="-71.721856">
        <ele>835.5</ele>
      </trkpt>
      <trkpt lat="-40.6789782" lon="-71.7218077">
        <ele>836.2</ele>
      </trkpt>
      <trkpt lat="-40.6801682" lon="-71.7210889">
        <ele>840.5</ele>
      </trkpt>
      <trkpt lat="-40.6802597" lon="-71.7210352">
        <ele>840</ele>
      </trkpt>
      <trkpt lat="-40.6803553" lon="-71.7209843">
        <ele>839.8</ele>
      </trkpt>
      <trkpt lat="-40.6804489" lon="-71.720936">
        <ele>839.5</ele>
      </trkpt>
      <trkpt lat="-40.6805404" lon="-71.7208904">
        <ele>839.2</ele>
      </trkpt>
      <trkpt lat="-40.6814272" lon="-71.7204773">
        <ele>837.4</ele>
      </trkpt>
      <trkpt lat="-40.6814801" lon="-71.7204532">
        <ele>837.2</ele>
      </trkpt>
      <trkpt lat="-40.681535" lon="-71.7204264">
        <ele>837.5</ele>
      </trkpt>
      <trkpt lat="-40.6815859" lon="-71.7203969">
        <ele>837.8</ele>
      </trkpt>
      <trkpt lat="-40.6816388" lon="-71.7203674">
        <ele>837.8</ele>
      </trkpt>
      <trkpt lat="-40.6816917" lon="-71.7203325">
        <ele>837.8</ele>
      </trkpt>
      <trkpt lat="-40.6817466" lon="-71.7202923">
        <ele>837.9</ele>
      </trkpt>
      <trkpt lat="-40.6818015" lon="-71.7202494">
        <ele>837.9</ele>
      </trkpt>
      <trkpt lat="-40.6818585" lon="-71.7202011">
        <ele>837.9</ele>
      </trkpt>
      <trkpt lat="-40.6819134" lon="-71.7201501">
        <ele>838</ele>
      </trkpt>
      <trkpt lat="-40.6819683" lon="-71.7200965">
        <ele>838</ele>
      </trkpt>
      <trkpt lat="-40.6820252" lon="-71.7200321">
        <ele>837.8</ele>
      </trkpt>
      <trkpt lat="-40.6820802" lon="-71.719965">
        <ele>837.7</ele>
      </trkpt>
      <trkpt lat="-40.6821778" lon="-71.7198363">
        <ele>837.5</ele>
      </trkpt>
      <trkpt lat="-40.6827432" lon="-71.7191067">
        <ele>839.8</ele>
      </trkpt>
      <trkpt lat="-40.6827941" lon="-71.7190397">
        <ele>840.8</ele>
      </trkpt>
      <trkpt lat="-40.6828531" lon="-71.7189646">
        <ele>841.8</ele>
      </trkpt>
      <trkpt lat="-40.6829161" lon="-71.7188895">
        <ele>842.8</ele>
      </trkpt>
      <trkpt lat="-40.6829751" lon="-71.7188171">
        <ele>843.5</ele>
      </trkpt>
      <trkpt lat="-40.6830341" lon="-71.7187473">
        <ele>844</ele>
      </trkpt>
      <trkpt lat="-40.6830992" lon="-71.7186776">
        <ele>844.5</ele>
      </trkpt>
      <trkpt lat="-40.6841711" lon="-71.7175296">
        <ele>850</ele>
      </trkpt>
      <trkpt lat="-40.6842382" lon="-71.7174599">
        <ele>850.5</ele>
      </trkpt>
      <trkpt lat="-40.6843094" lon="-71.7173928">
        <ele>851</ele>
      </trkpt>
      <trkpt lat="-40.6843786" lon="-71.7173257">
        <ele>851.2</ele>
      </trkpt>
      <trkpt lat="-40.6844498" lon="-71.7172614">
        <ele>851.8</ele>
      </trkpt>
      <trkpt lat="-40.6852613" lon="-71.7165157">
        <ele>858.5</ele>
      </trkpt>
      <trkpt lat="-40.6853081" lon="-71.7164701">
        <ele>858.8</ele>
      </trkpt>
      <trkpt lat="-40.6853569" lon="-71.7164218">
        <ele>858.9</ele>
      </trkpt>
      <trkpt lat="-40.6853996" lon="-71.7163709">
        <ele>859</ele>
      </trkpt>
      <trkpt lat="-40.6854443" lon="-71.7163146">
        <ele>858.8</ele>
      </trkpt>
      <trkpt lat="-40.6854891" lon="-71.7162555">
        <ele>858.2</ele>
      </trkpt>
      <trkpt lat="-40.6855359" lon="-71.7161858">
        <ele>857.5</ele>
      </trkpt>
      <trkpt lat="-40.6856498" lon="-71.7160061">
        <ele>855.8</ele>
      </trkpt>
      <trkpt lat="-40.6859244" lon="-71.7155689">
        <ele>852</ele>
      </trkpt>
      <trkpt lat="-40.6859549" lon="-71.7155233">
        <ele>851.8</ele>
      </trkpt>
      <trkpt lat="-40.6859874" lon="-71.715475">
        <ele>851.6</ele>
      </trkpt>
      <trkpt lat="-40.686024" lon="-71.7154241">
        <ele>851.5</ele>
      </trkpt>
      <trkpt lat="-40.6860627" lon="-71.7153731">
        <ele>851.8</ele>
      </trkpt>
      <trkpt lat="-40.6862071" lon="-71.715188">
        <ele>854</ele>
      </trkpt>
      <trkpt lat="-40.686264" lon="-71.7151102">
        <ele>855.2</ele>
      </trkpt>
      <trkpt lat="-40.686323" lon="-71.7150298">
        <ele>856.8</ele>
      </trkpt>
      <trkpt lat="-40.686382" lon="-71.7149413">
        <ele>858</ele>
      </trkpt>
      <trkpt lat="-40.6864389" lon="-71.7148528">
        <ele>859</ele>
      </trkpt>
      <trkpt lat="-40.6864918" lon="-71.7147589">
        <ele>859.8</ele>
      </trkpt>
      <trkpt lat="-40.6865427" lon="-71.7146677">
        <ele>860</ele>
      </trkpt>
      <trkpt lat="-40.6865894" lon="-71.7145711">
        <ele>860.2</ele>
      </trkpt>
      <trkpt lat="-40.6866362" lon="-71.7144665">
        <ele>860.5</ele>
      </trkpt>
      <trkpt lat="-40.6866789" lon="-71.7143646">
        <ele>860.8</ele>
      </trkpt>
      <trkpt lat="-40.6867176" lon="-71.7142546">
        <ele>861</ele>
      </trkpt>
      <trkpt lat="-40.6867562" lon="-71.7141446">
        <ele>861.2</ele>
      </trkpt>
      <trkpt lat="-40.6867908" lon="-71.7140374">
        <ele>861</ele>
      </trkpt>
      <trkpt lat="-40.6868233" lon="-71.7139247">
        <ele>860.5</ele>
      </trkpt>
      <trkpt lat="-40.6868518" lon="-71.7138121">
        <ele>860</ele>
      </trkpt>
      <trkpt lat="-40.6868782" lon="-71.7136967">
        <ele>859.5</ele>
      </trkpt>
      <trkpt lat="-40.6869027" lon="-71.7135814">
        <ele>859</ele>
      </trkpt>
      <trkpt lat="-40.686925" lon="-71.7134634">
        <ele>858.8</ele>
      </trkpt>
      <trkpt lat="-40.6869433" lon="-71.7133427">
        <ele>858.2</ele>
      </trkpt>
      <trkpt lat="-40.6869576" lon="-71.713222">
        <ele>857.5</ele>
      </trkpt>
      <trkpt lat="-40.6869698" lon="-71.7130986">
        <ele>856.8</ele>
      </trkpt>
      <trkpt lat="-40.6869779" lon="-71.7129806">
        <ele>856.7</ele>
      </trkpt>
      <trkpt lat="-40.6869942" lon="-71.7123932">
        <ele>856.2</ele>
      </trkpt>
      <trkpt lat="-40.6869942" lon="-71.7122805">
        <ele>856.8</ele>
      </trkpt>
      <trkpt lat="-40.6869921" lon="-71.7121652">
        <ele>857.2</ele>
      </trkpt>
      <trkpt lat="-40.6869881" lon="-71.7120472">
        <ele>857.8</ele>
      </trkpt>
      <trkpt lat="-40.6869779" lon="-71.7119265">
        <ele>858.2</ele>
      </trkpt>
      <trkpt lat="-40.6869677" lon="-71.7118111">
        <ele>859</ele>
      </trkpt>
      <trkpt lat="-40.6869515" lon="-71.7116958">
        <ele>859.8</ele>
      </trkpt>
      <trkpt lat="-40.6869332" lon="-71.7115831">
        <ele>860.2</ele>
      </trkpt>
      <trkpt lat="-40.6869067" lon="-71.7114651">
        <ele>860.5</ele>
      </trkpt>
      <trkpt lat="-40.6868782" lon="-71.7113551">
        <ele>861</ele>
      </trkpt>
      <trkpt lat="-40.6868477" lon="-71.7112398">
        <ele>861.8</ele>
      </trkpt>
      <trkpt lat="-40.6868152" lon="-71.7111325">
        <ele>862.5</ele>
      </trkpt>
      <trkpt lat="-40.6867806" lon="-71.7110279">
        <ele>863</ele>
      </trkpt>
      <trkpt lat="-40.6858288" lon="-71.7084208">
        <ele>874</ele>
      </trkpt>
      <trkpt lat="-40.6858023" lon="-71.708335">
        <ele>873.8</ele>
      </trkpt>
      <trkpt lat="-40.6857779" lon="-71.7082518">
        <ele>873.5</ele>
      </trkpt>
      <trkpt lat="-40.6857555" lon="-71.7081633">
        <ele>873.4</ele>
      </trkpt>
      <trkpt lat="-40.6857372" lon="-71.7080748">
        <ele>873.3</ele>
      </trkpt>
      <trkpt lat="-40.685723" lon="-71.7079782">
        <ele>873.2</ele>
      </trkpt>
      <trkpt lat="-40.6857169" lon="-71.7078844">
        <ele>873.5</ele>
      </trkpt>
      <trkpt lat="-40.6857169" lon="-71.7077878">
        <ele>873.8</ele>
      </trkpt>
      <trkpt lat="-40.685721" lon="-71.7076913">
        <ele>874</ele>
      </trkpt>
      <trkpt lat="-40.6857311" lon="-71.7076001">
        <ele>874.5</ele>
      </trkpt>
      <trkpt lat="-40.6857474" lon="-71.7075089">
        <ele>875</ele>
      </trkpt>
      <trkpt lat="-40.6857657" lon="-71.7074203">
        <ele>875.5</ele>
      </trkpt>
      <trkpt lat="-40.6857881" lon="-71.7073345">
        <ele>876</ele>
      </trkpt>
      <trkpt lat="-40.6858105" lon="-71.7072514">
        <ele>876.5</ele>
      </trkpt>
      <trkpt lat="-40.6858369" lon="-71.7071629">
        <ele>877</ele>
      </trkpt>
      <trkpt lat="-40.6858674" lon="-71.7070717">
        <ele>877.2</ele>
      </trkpt>
      <trkpt lat="-40.6858959" lon="-71.7069912">
        <ele>877.5</ele>
      </trkpt>
      <trkpt lat="-40.6862966" lon="-71.7058861">
        <ele>885.5</ele>
      </trkpt>
      <trkpt lat="-40.6866972" lon="-71.7047784">
        <ele>886</ele>
      </trkpt>
      <trkpt lat="-40.6867257" lon="-71.7047086">
        <ele>886</ele>
      </trkpt>
      <trkpt lat="-40.6867562" lon="-71.7046362">
        <ele>886.2</ele>
      </trkpt>
      <trkpt lat="-40.6867908" lon="-71.7045611">
        <ele>886.8</ele>
      </trkpt>
      <trkpt lat="-40.6868274" lon="-71.704486">
        <ele>887.2</ele>
      </trkpt>
      <trkpt lat="-40.6868681" lon="-71.7044163">
        <ele>888</ele>
      </trkpt>
      <trkpt lat="-40.6869088" lon="-71.7043465">
        <ele>889</ele>
      </trkpt>
      <trkpt lat="-40.6871874" lon="-71.7038825">
        <ele>896</ele>
      </trkpt>
      <trkpt lat="-40.6872321" lon="-71.7037994">
        <ele>896.2</ele>
      </trkpt>
      <trkpt lat="-40.6872749" lon="-71.7037109">
        <ele>896.5</ele>
      </trkpt>
      <trkpt lat="-40.6873196" lon="-71.7036089">
        <ele>896.7</ele>
      </trkpt>
      <trkpt lat="-40.6873582" lon="-71.7035124">
        <ele>897</ele>
      </trkpt>
      <trkpt lat="-40.6873928" lon="-71.7034104">
        <ele>897.2</ele>
      </trkpt>
      <trkpt lat="-40.6874274" lon="-71.7033058">
        <ele>897</ele>
      </trkpt>
      <trkpt lat="-40.6874599" lon="-71.7031878">
        <ele>896</ele>
      </trkpt>
      <trkpt lat="-40.688003" lon="-71.7011172">
        <ele>876.2</ele>
      </trkpt>
      <trkpt lat="-40.6880274" lon="-71.7010313">
        <ele>875</ele>
      </trkpt>
      <trkpt lat="-40.6880538" lon="-71.7009294">
        <ele>873.5</ele>
      </trkpt>
      <trkpt lat="-40.6880843" lon="-71.7008275">
        <ele>872.2</ele>
      </trkpt>
      <trkpt lat="-40.6881108" lon="-71.7007363">
        <ele>871.2</ele>
      </trkpt>
      <trkpt lat="-40.6881413" lon="-71.7006397">
        <ele>870.5</ele>
      </trkpt>
      <trkpt lat="-40.6881738" lon="-71.7005458">
        <ele>869.8</ele>
      </trkpt>
      <trkpt lat="-40.6882104" lon="-71.7004493">
        <ele>869</ele>
      </trkpt>
      <trkpt lat="-40.688247" lon="-71.7003554">
        <ele>868.5</ele>
      </trkpt>
      <trkpt lat="-40.6882836" lon="-71.7002669">
        <ele>868.4</ele>
      </trkpt>
      <trkpt lat="-40.6883202" lon="-71.7001757">
        <ele>868.3</ele>
      </trkpt>
      <trkpt lat="-40.6883569" lon="-71.7000899">
        <ele>868.1</ele>
      </trkpt>
      <trkpt lat="-40.6884016" lon="-71.6999933">
        <ele>868</ele>
      </trkpt>
      <trkpt lat="-40.6884443" lon="-71.6998994">
        <ele>867.2</ele>
      </trkpt>
      <trkpt lat="-40.6884891" lon="-71.6998056">
        <ele>866.8</ele>
      </trkpt>
      <trkpt lat="-40.6885318" lon="-71.6997197">
        <ele>866.5</ele>
      </trkpt>
      <trkpt lat="-40.6885765" lon="-71.6996366">
        <ele>866.2</ele>
      </trkpt>
      <trkpt lat="-40.6886213" lon="-71.6995561">
        <ele>866</ele>
      </trkpt>
      <trkpt lat="-40.6886884" lon="-71.6994354">
        <ele>865.9</ele>
      </trkpt>
      <trkpt lat="-40.6887657" lon="-71.699304">
        <ele>865.8</ele>
      </trkpt>
      <trkpt lat="-40.6888389" lon="-71.6991833">
        <ele>865.8</ele>
      </trkpt>
      <trkpt lat="-40.6889162" lon="-71.6990653">
        <ele>865.5</ele>
      </trkpt>
      <trkpt lat="-40.688965" lon="-71.6989955">
        <ele>865.4</ele>
      </trkpt>
      <trkpt lat="-40.6890178" lon="-71.6989258">
        <ele>865.2</ele>
      </trkpt>
      <trkpt lat="-40.6890707" lon="-71.6988534">
        <ele>865</ele>
      </trkpt>
      <trkpt lat="-40.6891236" lon="-71.698789">
        <ele>864.5</ele>
      </trkpt>
      <trkpt lat="-40.6891806" lon="-71.6987193">
        <ele>863.8</ele>
      </trkpt>
      <trkpt lat="-40.6892355" lon="-71.6986549">
        <ele>863</ele>
      </trkpt>
      <trkpt lat="-40.6892944" lon="-71.6985878">
        <ele>862.5</ele>
      </trkpt>
      <trkpt lat="-40.6893514" lon="-71.6985261">
        <ele>862.2</ele>
      </trkpt>
      <trkpt lat="-40.6896219" lon="-71.6982472">
        <ele>861</ele>
      </trkpt>
      <trkpt lat="-40.6902015" lon="-71.6976437">
        <ele>856</ele>
      </trkpt>
      <trkpt lat="-40.6907283" lon="-71.6971153">
        <ele>855</ele>
      </trkpt>
      <trkpt lat="-40.6907588" lon="-71.6970885">
        <ele>854.9</ele>
      </trkpt>
      <trkpt lat="-40.6907893" lon="-71.697059">
        <ele>854.9</ele>
      </trkpt>
      <trkpt lat="-40.6908259" lon="-71.6970268">
        <ele>854.8</ele>
      </trkpt>
      <trkpt lat="-40.6908645" lon="-71.6969946">
        <ele>854.8</ele>
      </trkpt>
      <trkpt lat="-40.6909032" lon="-71.6969651">
        <ele>855</ele>
      </trkpt>
      <trkpt lat="-40.6909398" lon="-71.6969383">
        <ele>854.8</ele>
      </trkpt>
      <trkpt lat="-40.6909764" lon="-71.6969141">
        <ele>855</ele>
      </trkpt>
      <trkpt lat="-40.691015" lon="-71.6968927">
        <ele>855.2</ele>
      </trkpt>
      <trkpt lat="-40.6910557" lon="-71.6968712">
        <ele>855.8</ele>
      </trkpt>
      <trkpt lat="-40.6910984" lon="-71.6968524">
        <ele>856.2</ele>
      </trkpt>
      <trkpt lat="-40.691137" lon="-71.6968337">
        <ele>856.8</ele>
      </trkpt>
      <trkpt lat="-40.6911818" lon="-71.6968176">
        <ele>857.5</ele>
      </trkpt>
      <trkpt lat="-40.6912245" lon="-71.6968015">
        <ele>858.2</ele>
      </trkpt>
      <trkpt lat="-40.6912652" lon="-71.6967881">
        <ele>859</ele>
      </trkpt>
      <trkpt lat="-40.6913099" lon="-71.6967773">
        <ele>860</ele>
      </trkpt>
      <trkpt lat="-40.6913526" lon="-71.6967666">
        <ele>861</ele>
      </trkpt>
      <trkpt lat="-40.6913953" lon="-71.6967586">
        <ele>862</ele>
      </trkpt>
      <trkpt lat="-40.6914401" lon="-71.6967505">
        <ele>863</ele>
      </trkpt>
      <trkpt lat="-40.6914868" lon="-71.6967452">
        <ele>864</ele>
      </trkpt>
      <trkpt lat="-40.6915296" lon="-71.6967425">
        <ele>865</ele>
      </trkpt>
      <trkpt lat="-40.6915702" lon="-71.6967425">
        <ele>866</ele>
      </trkpt>
      <trkpt lat="-40.691615" lon="-71.6967398">
        <ele>867</ele>
      </trkpt>
      <trkpt lat="-40.6916577" lon="-71.6967425">
        <ele>868</ele>
      </trkpt>
      <trkpt lat="-40.6917024" lon="-71.6967452">
        <ele>869</ele>
      </trkpt>
      <trkpt lat="-40.6917472" lon="-71.6967478">
        <ele>870</ele>
      </trkpt>
      <trkpt lat="-40.6917899" lon="-71.6967532">
        <ele>871</ele>
      </trkpt>
      <trkpt lat="-40.6918326" lon="-71.6967586">
        <ele>872</ele>
      </trkpt>
      <trkpt lat="-40.6918509" lon="-71.6967505">
        <ele>872.5</ele>
      </trkpt>
      <trkpt lat="-40.6918672" lon="-71.6967425">
        <ele>873</ele>
      </trkpt>
      <trkpt lat="-40.6918834" lon="-71.6967291">
        <ele>873.5</ele>
      </trkpt>
      <trkpt lat="-40.6918977" lon="-71.696713">
        <ele>874</ele>
      </trkpt>
      <trkpt lat="-40.6919099" lon="-71.6966969">
        <ele>874.2</ele>
      </trkpt>
      <trkpt lat="-40.69192" lon="-71.6966754">
        <ele>874.5</ele>
      </trkpt>
      <trkpt lat="-40.6919302" lon="-71.696654">
        <ele>874.8</ele>
      </trkpt>
      <trkpt lat="-40.6919383" lon="-71.6966325">
        <ele>875</ele>
      </trkpt>
      <trkpt lat="-40.6919465" lon="-71.6966057">
        <ele>875.2</ele>
      </trkpt>
      <trkpt lat="-40.6919526" lon="-71.6965815">
        <ele>875.5</ele>
      </trkpt>
      <trkpt lat="-40.6919566" lon="-71.6965494">
        <ele>875.8</ele>
      </trkpt>
      <trkpt lat="-40.6919587" lon="-71.6965172">
        <ele>875.7</ele>
      </trkpt>
      <trkpt lat="-40.6919587" lon="-71.6964796">
        <ele>875.6</ele>
      </trkpt>
      <trkpt lat="-40.6919566" lon="-71.6964447">
        <ele>875.6</ele>
      </trkpt>
      <trkpt lat="-40.6919526" lon="-71.6964099">
        <ele>875.5</ele>
      </trkpt>
      <trkpt lat="-40.6919444" lon="-71.6963777">
        <ele>875.2</ele>
      </trkpt>
      <trkpt lat="-40.6919282" lon="-71.6963026">
        <ele>875</ele>
      </trkpt>
      <trkpt lat="-40.6919221" lon="-71.6962785">
        <ele>874.8</ele>
      </trkpt>
      <trkpt lat="-40.691916" lon="-71.6962543">
        <ele>874.5</ele>
      </trkpt>
      <trkpt lat="-40.6919119" lon="-71.6962275">
        <ele>874.3</ele>
      </trkpt>
      <trkpt lat="-40.6919099" lon="-71.6962007">
        <ele>874</ele>
      </trkpt>
      <trkpt lat="-40.6918977" lon="-71.696021">
        <ele>874.2</ele>
      </trkpt>
      <trkpt lat="-40.6918956" lon="-71.6959888">
        <ele>874.2</ele>
      </trkpt>
      <trkpt lat="-40.6918916" lon="-71.6959539">
        <ele>874.1</ele>
      </trkpt>
      <trkpt lat="-40.6918855" lon="-71.695919">
        <ele>874.1</ele>
      </trkpt>
      <trkpt lat="-40.6918794" lon="-71.6958842">
        <ele>874</ele>
      </trkpt>
      <trkpt lat="-40.6918" lon="-71.6955489">
        <ele>872</ele>
      </trkpt>
      <trkpt lat="-40.6915784" lon="-71.6946155">
        <ele>872.8</ele>
      </trkpt>
      <trkpt lat="-40.6915479" lon="-71.6944975">
        <ele>873.5</ele>
      </trkpt>
      <trkpt lat="-40.6915153" lon="-71.6943848">
        <ele>873.8</ele>
      </trkpt>
      <trkpt lat="-40.6914787" lon="-71.6942668">
        <ele>873.5</ele>
      </trkpt>
      <trkpt lat="-40.691438" lon="-71.6941488">
        <ele>873</ele>
      </trkpt>
      <trkpt lat="-40.6913994" lon="-71.6940442">
        <ele>872.5</ele>
      </trkpt>
      <trkpt lat="-40.6913547" lon="-71.6939342">
        <ele>872</ele>
      </trkpt>
      <trkpt lat="-40.6913038" lon="-71.6938296">
        <ele>871</ele>
      </trkpt>
      <trkpt lat="-40.6912509" lon="-71.693733">
        <ele>869.5</ele>
      </trkpt>
      <trkpt lat="-40.6911981" lon="-71.6936392">
        <ele>867.8</ele>
      </trkpt>
      <trkpt lat="-40.6911472" lon="-71.6935506">
        <ele>866</ele>
      </trkpt>
      <trkpt lat="-40.6910882" lon="-71.6934568">
        <ele>864</ele>
      </trkpt>
      <trkpt lat="-40.6910252" lon="-71.6933656">
        <ele>862</ele>
      </trkpt>
      <trkpt lat="-40.6909398" lon="-71.6932556">
        <ele>860</ele>
      </trkpt>
      <trkpt lat="-40.6908523" lon="-71.6931456">
        <ele>858.2</ele>
      </trkpt>
      <trkpt lat="-40.6907628" lon="-71.6930437">
        <ele>856.2</ele>
      </trkpt>
      <trkpt lat="-40.6906693" lon="-71.6929418">
        <ele>853.8</ele>
      </trkpt>
      <trkpt lat="-40.6905757" lon="-71.6928452">
        <ele>851.5</ele>
      </trkpt>
      <trkpt lat="-40.690474" lon="-71.692746">
        <ele>849.8</ele>
      </trkpt>
      <trkpt lat="-40.6903724" lon="-71.6926521">
        <ele>848.2</ele>
      </trkpt>
      <trkpt lat="-40.6902666" lon="-71.6925636">
        <ele>846.8</ele>
      </trkpt>
      <trkpt lat="-40.690171" lon="-71.6924858">
        <ele>845.5</ele>
      </trkpt>
      <trkpt lat="-40.6900612" lon="-71.6923973">
        <ele>844.2</ele>
      </trkpt>
      <trkpt lat="-40.6899595" lon="-71.6923195">
        <ele>843.2</ele>
      </trkpt>
      <trkpt lat="-40.6898639" lon="-71.6922498">
        <ele>842</ele>
      </trkpt>
      <trkpt lat="-40.6897907" lon="-71.6921988">
        <ele>841</ele>
      </trkpt>
      <trkpt lat="-40.6897114" lon="-71.6921505">
        <ele>839.8</ele>
      </trkpt>
      <trkpt lat="-40.6896341" lon="-71.6921076">
        <ele>838.5</ele>
      </trkpt>
      <trkpt lat="-40.6895609" lon="-71.6920701">
        <ele>837.5</ele>
      </trkpt>
      <trkpt lat="-40.6894775" lon="-71.6920325">
        <ele>836.2</ele>
      </trkpt>
      <trkpt lat="-40.6893961" lon="-71.6919976">
        <ele>835.2</ele>
      </trkpt>
      <trkpt lat="-40.6893107" lon="-71.6919681">
        <ele>834.5</ele>
      </trkpt>
      <trkpt lat="-40.6892314" lon="-71.691944">
        <ele>834</ele>
      </trkpt>
      <trkpt lat="-40.6884545" lon="-71.6917107">
        <ele>828.2</ele>
      </trkpt>
      <trkpt lat="-40.6883752" lon="-71.6916892">
        <ele>827.5</ele>
      </trkpt>
      <trkpt lat="-40.6882958" lon="-71.6916758">
        <ele>827</ele>
      </trkpt>
      <trkpt lat="-40.6882206" lon="-71.6916651">
        <ele>826.8</ele>
      </trkpt>
      <trkpt lat="-40.6881433" lon="-71.6916597">
        <ele>826.5</ele>
      </trkpt>
      <trkpt lat="-40.6880701" lon="-71.6916543">
        <ele>826.2</ele>
      </trkpt>
      <trkpt lat="-40.6879867" lon="-71.691657">
        <ele>825.8</ele>
      </trkpt>
      <trkpt lat="-40.6879033" lon="-71.6916651">
        <ele>825.2</ele>
      </trkpt>
      <trkpt lat="-40.6878281" lon="-71.6916758">
        <ele>824.8</ele>
      </trkpt>
      <trkpt lat="-40.6877528" lon="-71.6916892">
        <ele>824.2</ele>
      </trkpt>
      <trkpt lat="-40.6876735" lon="-71.691708">
        <ele>823.8</ele>
      </trkpt>
      <trkpt lat="-40.6875962" lon="-71.6917267">
        <ele>823.2</ele>
      </trkpt>
      <trkpt lat="-40.687523" lon="-71.6917536">
        <ele>823</ele>
      </trkpt>
      <trkpt lat="-40.6871101" lon="-71.6919065">
        <ele>820.5</ele>
      </trkpt>
      <trkpt lat="-40.6868864" lon="-71.6919681">
        <ele>819.8</ele>
      </trkpt>
      <trkpt lat="-40.6866871" lon="-71.6919976">
        <ele>818.5</ele>
      </trkpt>
      <trkpt lat="-40.6864857" lon="-71.692003">
        <ele>817.5</ele>
      </trkpt>
      <trkpt lat="-40.6862681" lon="-71.6919681">
        <ele>816.8</ele>
      </trkpt>
      <trkpt lat="-40.6860179" lon="-71.6918957">
        <ele>815.8</ele>
      </trkpt>
      <trkpt lat="-40.6857393" lon="-71.6917831">
        <ele>814.5</ele>
      </trkpt>
      <trkpt lat="-40.6850823" lon="-71.6914693">
        <ele>810.5</ele>
      </trkpt>
      <trkpt lat="-40.6847752" lon="-71.6913834">
        <ele>809.5</ele>
      </trkpt>
      <trkpt lat="-40.6846898" lon="-71.6913807">
        <ele>809.4</ele>
      </trkpt>
      <trkpt lat="-40.6845392" lon="-71.6913915">
        <ele>809.2</ele>
      </trkpt>
      <trkpt lat="-40.6842809" lon="-71.6914773">
        <ele>810.8</ele>
      </trkpt>
      <trkpt lat="-40.6838579" lon="-71.6916382">
        <ele>815</ele>
      </trkpt>
      <trkpt lat="-40.6831602" lon="-71.6918904">
        <ele>821</ele>
      </trkpt>
      <trkpt lat="-40.6828348" lon="-71.6920513">
        <ele>822.5</ele>
      </trkpt>
      <trkpt lat="-40.6826436" lon="-71.6921988">
        <ele>824.2</ele>
      </trkpt>
      <trkpt lat="-40.6825032" lon="-71.6923383">
        <ele>826.2</ele>
      </trkpt>
      <trkpt lat="-40.6823731" lon="-71.6925234">
        <ele>829.5</ele>
      </trkpt>
      <trkpt lat="-40.6822836" lon="-71.6927996">
        <ele>833.2</ele>
      </trkpt>
      <trkpt lat="-40.6821941" lon="-71.6933817">
        <ele>838.5</ele>
      </trkpt>
      <trkpt lat="-40.6821391" lon="-71.6937143">
        <ele>838</ele>
      </trkpt>
      <trkpt lat="-40.68207" lon="-71.6940174">
        <ele>835.2</ele>
      </trkpt>
      <trkpt lat="-40.6819459" lon="-71.6942614">
        <ele>832.5</ele>
      </trkpt>
      <trkpt lat="-40.6818056" lon="-71.6944626">
        <ele>830</ele>
      </trkpt>
      <trkpt lat="-40.6816449" lon="-71.6946021">
        <ele>828</ele>
      </trkpt>
      <trkpt lat="-40.6814883" lon="-71.6947013">
        <ele>827.5</ele>
      </trkpt>
      <trkpt lat="-40.681232" lon="-71.6947979">
        <ele>829</ele>
      </trkpt>
      <trkpt lat="-40.6805241" lon="-71.6951063">
        <ele>833.2</ele>
      </trkpt>
      <trkpt lat="-40.6797817" lon="-71.6953397">
        <ele>834.5</ele>
      </trkpt>
      <trkpt lat="-40.6783273" lon="-71.695793">
        <ele>829.8</ele>
      </trkpt>
      <trkpt lat="-40.6774668" lon="-71.6960344">
        <ele>832.5</ele>
      </trkpt>
      <trkpt lat="-40.6768546" lon="-71.6962168">
        <ele>832</ele>
      </trkpt>
      <trkpt lat="-40.6763867" lon="-71.6963723">
        <ele>830.2</ele>
      </trkpt>
      <trkpt lat="-40.6755079" lon="-71.6966996">
        <ele>825.5</ele>
      </trkpt>
      <trkpt lat="-40.675038" lon="-71.6969115">
        <ele>824.2</ele>
      </trkpt>
      <trkpt lat="-40.6745945" lon="-71.6971663">
        <ele>821</ele>
      </trkpt>
      <trkpt lat="-40.6743769" lon="-71.6972816">
        <ele>820.2</ele>
      </trkpt>
      <trkpt lat="-40.6742426" lon="-71.6973004">
        <ele>819.8</ele>
      </trkpt>
      <trkpt lat="-40.6741084" lon="-71.6972843">
        <ele>820.2</ele>
      </trkpt>
      <trkpt lat="-40.6736323" lon="-71.6971582">
        <ele>822.8</ele>
      </trkpt>
      <trkpt lat="-40.6731848" lon="-71.6970429">
        <ele>826</ele>
      </trkpt>
      <trkpt lat="-40.6729488" lon="-71.6970214">
        <ele>826.3</ele>
      </trkpt>
      <trkpt lat="-40.6726762" lon="-71.6970402">
        <ele>826.8</ele>
      </trkpt>
      <trkpt lat="-40.6718503" lon="-71.6970965">
        <ele>827</ele>
      </trkpt>
      <trkpt lat="-40.6713926" lon="-71.6971663">
        <ele>828</ele>
      </trkpt>
      <trkpt lat="-40.671006" lon="-71.6972387">
        <ele>829.2</ele>
      </trkpt>
      <trkpt lat="-40.6708006" lon="-71.6972896">
        <ele>830.5</ele>
      </trkpt>
      <trkpt lat="-40.6706561" lon="-71.6973487">
        <ele>830.8</ele>
      </trkpt>
      <trkpt lat="-40.6703937" lon="-71.6975766">
        <ele>829.2</ele>
      </trkpt>
      <trkpt lat="-40.6698892" lon="-71.6980755">
        <ele>823.2</ele>
      </trkpt>
      <trkpt lat="-40.6697386" lon="-71.698148">
        <ele>822.5</ele>
      </trkpt>
      <trkpt lat="-40.6695331" lon="-71.6982177">
        <ele>822</ele>
      </trkpt>
      <trkpt lat="-40.6693704" lon="-71.698215">
        <ele>822.5</ele>
      </trkpt>
      <trkpt lat="-40.6691161" lon="-71.6981372">
        <ele>824.5</ele>
      </trkpt>
      <trkpt lat="-40.6683532" lon="-71.6978583">
        <ele>830</ele>
      </trkpt>
      <trkpt lat="-40.6681843" lon="-71.6978154">
        <ele>831.2</ele>
      </trkpt>
      <trkpt lat="-40.6679809" lon="-71.69781">
        <ele>832.2</ele>
      </trkpt>
      <trkpt lat="-40.667812" lon="-71.6978663">
        <ele>832.1</ele>
      </trkpt>
      <trkpt lat="-40.6676818" lon="-71.6979387">
        <ele>832</ele>
      </trkpt>
      <trkpt lat="-40.6675313" lon="-71.6980621">
        <ele>831.2</ele>
      </trkpt>
      <trkpt lat="-40.6663899" lon="-71.69943">
        <ele>823.8</ele>
      </trkpt>
      <trkpt lat="-40.6658345" lon="-71.7001677">
        <ele>830</ele>
      </trkpt>
      <trkpt lat="-40.6655273" lon="-71.7005137">
        <ele>834.2</ele>
      </trkpt>
      <trkpt lat="-40.6652201" lon="-71.7008194">
        <ele>836.5</ele>
      </trkpt>
      <trkpt lat="-40.6644123" lon="-71.7015436">
        <ele>839.8</ele>
      </trkpt>
      <trkpt lat="-40.6635395" lon="-71.702241">
        <ele>841.8</ele>
      </trkpt>
      <trkpt lat="-40.6632038" lon="-71.7025843">
        <ele>843</ele>
      </trkpt>
      <trkpt lat="-40.6628986" lon="-71.702992">
        <ele>844</ele>
      </trkpt>
      <trkpt lat="-40.662101" lon="-71.7041534">
        <ele>845.8</ele>
      </trkpt>
      <trkpt lat="-40.6617633" lon="-71.7045799">
        <ele>849.2</ele>
      </trkpt>
      <trkpt lat="-40.6615924" lon="-71.7047355">
        <ele>851</ele>
      </trkpt>
      <trkpt lat="-40.6613462" lon="-71.7048696">
        <ele>852.5</ele>
      </trkpt>
      <trkpt lat="-40.6610776" lon="-71.70495">
        <ele>853.8</ele>
      </trkpt>
      <trkpt lat="-40.6608497" lon="-71.7049822">
        <ele>855</ele>
      </trkpt>
      <trkpt lat="-40.6606686" lon="-71.7049634">
        <ele>855.5</ele>
      </trkpt>
      <trkpt lat="-40.6604001" lon="-71.7048883">
        <ele>855.2</ele>
      </trkpt>
      <trkpt lat="-40.6600928" lon="-71.7047864">
        <ele>854.8</ele>
      </trkpt>
      <trkpt lat="-40.6594519" lon="-71.7045075">
        <ele>854.2</ele>
      </trkpt>
      <trkpt lat="-40.6583715" lon="-71.7039952">
        <ele>857.8</ele>
      </trkpt>
      <trkpt lat="-40.6580296" lon="-71.7038557">
        <ele>861</ele>
      </trkpt>
      <trkpt lat="-40.6578404" lon="-71.703845">
        <ele>862.8</ele>
      </trkpt>
      <trkpt lat="-40.6576634" lon="-71.7038798">
        <ele>863.5</ele>
      </trkpt>
      <trkpt lat="-40.6567538" lon="-71.70425">
        <ele>855.5</ele>
      </trkpt>
      <trkpt lat="-40.6564445" lon="-71.7043304">
        <ele>851.5</ele>
      </trkpt>
      <trkpt lat="-40.6561413" lon="-71.7043412">
        <ele>848</ele>
      </trkpt>
      <trkpt lat="-40.6558036" lon="-71.7042151">
        <ele>844</ele>
      </trkpt>
      <trkpt lat="-40.6555248" lon="-71.7040059">
        <ele>841.5</ele>
      </trkpt>
      <trkpt lat="-40.6549795" lon="-71.7034453">
        <ele>839.5</ele>
      </trkpt>
      <trkpt lat="-40.6547638" lon="-71.7032602">
        <ele>839</ele>
      </trkpt>
      <trkpt lat="-40.6545318" lon="-71.7031074">
        <ele>840.2</ele>
      </trkpt>
      <trkpt lat="-40.6542388" lon="-71.7030537">
        <ele>843.2</ele>
      </trkpt>
      <trkpt lat="-40.6540027" lon="-71.7030618">
        <ele>846.8</ele>
      </trkpt>
      <trkpt lat="-40.6538074" lon="-71.7030993">
        <ele>850.2</ele>
      </trkpt>
      <trkpt lat="-40.6535835" lon="-71.7031905">
        <ele>853.5</ele>
      </trkpt>
      <trkpt lat="-40.653376" lon="-71.703338">
        <ele>854.2</ele>
      </trkpt>
      <trkpt lat="-40.6528693" lon="-71.7038316">
        <ele>853.8</ele>
      </trkpt>
      <trkpt lat="-40.6519597" lon="-71.7047355">
        <ele>855.5</ele>
      </trkpt>
      <trkpt lat="-40.6516056" lon="-71.7050225">
        <ele>856.8</ele>
      </trkpt>
      <trkpt lat="-40.6507468" lon="-71.7056313">
        <ele>853</ele>
      </trkpt>
      <trkpt lat="-40.6502666" lon="-71.7058942">
        <ele>846.5</ele>
      </trkpt>
      <trkpt lat="-40.6497965" lon="-71.7060658">
        <ele>839.2</ele>
      </trkpt>
      <trkpt lat="-40.649127" lon="-71.706216">
        <ele>828.8</ele>
      </trkpt>
      <trkpt lat="-40.6489031" lon="-71.7061999">
        <ele>826.2</ele>
      </trkpt>
      <trkpt lat="-40.6486264" lon="-71.7061141">
        <ele>823</ele>
      </trkpt>
      <trkpt lat="-40.6481013" lon="-71.705803">
        <ele>818</ele>
      </trkpt>
      <trkpt lat="-40.6478368" lon="-71.7054865">
        <ele>814.2</ele>
      </trkpt>
      <trkpt lat="-40.6476943" lon="-71.7052719">
        <ele>812.2</ele>
      </trkpt>
      <trkpt lat="-40.6476271" lon="-71.7050064">
        <ele>811.8</ele>
      </trkpt>
      <trkpt lat="-40.6476007" lon="-71.7046979">
        <ele>811</ele>
      </trkpt>
      <trkpt lat="-40.6477269" lon="-71.7033032">
        <ele>809.5</ele>
      </trkpt>
      <trkpt lat="-40.647733" lon="-71.703051">
        <ele>808.8</ele>
      </trkpt>
      <trkpt lat="-40.647678" lon="-71.7027721">
        <ele>805.5</ele>
      </trkpt>
      <trkpt lat="-40.6475864" lon="-71.7025253">
        <ele>802</ele>
      </trkpt>
      <trkpt lat="-40.6474338" lon="-71.7023268">
        <ele>798.8</ele>
      </trkpt>
      <trkpt lat="-40.647153" lon="-71.7021284">
        <ele>796.7</ele>
      </trkpt>
      <trkpt lat="-40.6471306" lon="-71.7021123">
        <ele>796.5</ele>
      </trkpt>
      <trkpt lat="-40.6468762" lon="-71.702013">
        <ele>798</ele>
      </trkpt>
      <trkpt lat="-40.6465343" lon="-71.7018843">
        <ele>803.8</ele>
      </trkpt>
      <trkpt lat="-40.6463715" lon="-71.7018574">
        <ele>807.2</ele>
      </trkpt>
      <trkpt lat="-40.6461782" lon="-71.7018279">
        <ele>812</ele>
      </trkpt>
      <trkpt lat="-40.6459706" lon="-71.7018279">
        <ele>817</ele>
      </trkpt>
      <trkpt lat="-40.6458627" lon="-71.7018574">
        <ele>821.2</ele>
      </trkpt>
      <trkpt lat="-40.6457569" lon="-71.7019138">
        <ele>823</ele>
      </trkpt>
      <trkpt lat="-40.6456633" lon="-71.7019755">
        <ele>824.2</ele>
      </trkpt>
      <trkpt lat="-40.6455534" lon="-71.7021096">
        <ele>824</ele>
      </trkpt>
      <trkpt lat="-40.6454211" lon="-71.7022651">
        <ele>823.8</ele>
      </trkpt>
      <trkpt lat="-40.6453356" lon="-71.702418">
        <ele>822.2</ele>
      </trkpt>
      <trkpt lat="-40.64524" lon="-71.7026219">
        <ele>821.2</ele>
      </trkpt>
      <trkpt lat="-40.6451077" lon="-71.7028579">
        <ele>820.2</ele>
      </trkpt>
      <trkpt lat="-40.6449449" lon="-71.7031127">
        <ele>819</ele>
      </trkpt>
      <trkpt lat="-40.6447617" lon="-71.7033246">
        <ele>819.5</ele>
      </trkpt>
      <trkpt lat="-40.6445704" lon="-71.7035607">
        <ele>821.2</ele>
      </trkpt>
      <trkpt lat="-40.6443689" lon="-71.7038369">
        <ele>820.8</ele>
      </trkpt>
      <trkpt lat="-40.6441817" lon="-71.70414">
        <ele>821</ele>
      </trkpt>
      <trkpt lat="-40.6440148" lon="-71.7043626">
        <ele>823.2</ele>
      </trkpt>
      <trkpt lat="-40.6438479" lon="-71.7045584">
        <ele>825.5</ele>
      </trkpt>
      <trkpt lat="-40.6437604" lon="-71.7046496">
        <ele>826.2</ele>
      </trkpt>
      <trkpt lat="-40.6436139" lon="-71.7047542">
        <ele>827.8</ele>
      </trkpt>
      <trkpt lat="-40.6434714" lon="-71.704824">
        <ele>829.2</ele>
      </trkpt>
      <trkpt lat="-40.6433208" lon="-71.7048642">
        <ele>830.8</ele>
      </trkpt>
      <trkpt lat="-40.6431824" lon="-71.7048937">
        <ele>832.5</ele>
      </trkpt>
      <trkpt lat="-40.6430379" lon="-71.7049018">
        <ele>835</ele>
      </trkpt>
      <trkpt lat="-40.6429076" lon="-71.7049044">
        <ele>836.8</ele>
      </trkpt>
      <trkpt lat="-40.6428669" lon="-71.7049071">
        <ele>837.2</ele>
      </trkpt>
      <trkpt lat="-40.6424029" lon="-71.7049125">
        <ele>842.5</ele>
      </trkpt>
      <trkpt lat="-40.6420325" lon="-71.7049634">
        <ele>847</ele>
      </trkpt>
      <trkpt lat="-40.6418473" lon="-71.7050037">
        <ele>848.5</ele>
      </trkpt>
      <trkpt lat="-40.6416397" lon="-71.7050815">
        <ele>850</ele>
      </trkpt>
      <trkpt lat="-40.6414484" lon="-71.705178">
        <ele>850.8</ele>
      </trkpt>
      <trkpt lat="-40.6412347" lon="-71.7052934">
        <ele>851</ele>
      </trkpt>
      <trkpt lat="-40.6409233" lon="-71.7054918">
        <ele>849.2</ele>
      </trkpt>
      <trkpt lat="-40.640791" lon="-71.7055508">
        <ele>849</ele>
      </trkpt>
      <trkpt lat="-40.6406526" lon="-71.7055857">
        <ele>848.8</ele>
      </trkpt>
      <trkpt lat="-40.6404491" lon="-71.705642">
        <ele>848.5</ele>
      </trkpt>
      <trkpt lat="-40.6400074" lon="-71.7057118">
        <ele>848.2</ele>
      </trkpt>
      <trkpt lat="-40.6397652" lon="-71.7057279">
        <ele>849.2</ele>
      </trkpt>
      <trkpt lat="-40.6394945" lon="-71.7057171">
        <ele>851.5</ele>
      </trkpt>
      <trkpt lat="-40.639291" lon="-71.705685">
        <ele>853.5</ele>
      </trkpt>
      <trkpt lat="-40.6391017" lon="-71.705626">
        <ele>855.8</ele>
      </trkpt>
      <trkpt lat="-40.6388208" lon="-71.705524">
        <ele>858.5</ele>
      </trkpt>
      <trkpt lat="-40.6382611" lon="-71.7053095">
        <ele>864.8</ele>
      </trkpt>
      <trkpt lat="-40.6380881" lon="-71.7052397">
        <ele>866.2</ele>
      </trkpt>
      <trkpt lat="-40.6378744" lon="-71.7051244">
        <ele>867.5</ele>
      </trkpt>
      <trkpt lat="-40.6375528" lon="-71.7049205">
        <ele>868</ele>
      </trkpt>
      <trkpt lat="-40.6368913" lon="-71.7044806">
        <ele>864.8</ele>
      </trkpt>
      <trkpt lat="-40.6366572" lon="-71.7043412">
        <ele>863.2</ele>
      </trkpt>
      <trkpt lat="-40.6364699" lon="-71.7042419">
        <ele>862.5</ele>
      </trkpt>
      <trkpt lat="-40.6362542" lon="-71.7041561">
        <ele>862.2</ele>
      </trkpt>
      <trkpt lat="-40.6359509" lon="-71.7040542">
        <ele>862.8</ele>
      </trkpt>
      <trkpt lat="-40.635668" lon="-71.7039818">
        <ele>864.5</ele>
      </trkpt>
      <trkpt lat="-40.6354115" lon="-71.7039254">
        <ele>866.8</ele>
      </trkpt>
      <trkpt lat="-40.6351469" lon="-71.7038825">
        <ele>869</ele>
      </trkpt>
      <trkpt lat="-40.6348945" lon="-71.7038798">
        <ele>871.8</ele>
      </trkpt>
      <trkpt lat="-40.6346177" lon="-71.7039147">
        <ele>874</ele>
      </trkpt>
      <trkpt lat="-40.6343429" lon="-71.7039576">
        <ele>876.2</ele>
      </trkpt>
      <trkpt lat="-40.6335104" lon="-71.7041266">
        <ele>881</ele>
      </trkpt>
      <trkpt lat="-40.6331358" lon="-71.7042446">
        <ele>883.8</ele>
      </trkpt>
      <trkpt lat="-40.6328733" lon="-71.7043707">
        <ele>887</ele>
      </trkpt>
      <trkpt lat="-40.6326188" lon="-71.704545">
        <ele>889.2</ele>
      </trkpt>
      <trkpt lat="-40.6313344" lon="-71.7056689">
        <ele>890.5</ele>
      </trkpt>
      <trkpt lat="-40.6300459" lon="-71.7070153">
        <ele>888.2</ele>
      </trkpt>
      <trkpt lat="-40.6298647" lon="-71.707179">
        <ele>888.8</ele>
      </trkpt>
      <trkpt lat="-40.6296978" lon="-71.707297">
        <ele>889.5</ele>
      </trkpt>
      <trkpt lat="-40.6294942" lon="-71.7073748">
        <ele>889</ele>
      </trkpt>
      <trkpt lat="-40.6292479" lon="-71.7073962">
        <ele>887.5</ele>
      </trkpt>
      <trkpt lat="-40.628967" lon="-71.7073882">
        <ele>885.8</ele>
      </trkpt>
      <trkpt lat="-40.6269171" lon="-71.7069724">
        <ele>881.8</ele>
      </trkpt>
      <trkpt lat="-40.6256814" lon="-71.7065969">
        <ele>884</ele>
      </trkpt>
      <trkpt lat="-40.6254351" lon="-71.7065218">
        <ele>883.8</ele>
      </trkpt>
      <trkpt lat="-40.6251195" lon="-71.7064065">
        <ele>884</ele>
      </trkpt>
      <trkpt lat="-40.6249363" lon="-71.706318">
        <ele>884.8</ele>
      </trkpt>
      <trkpt lat="-40.6241444" lon="-71.7058861">
        <ele>884</ele>
      </trkpt>
      <trkpt lat="-40.6238573" lon="-71.7057118">
        <ele>883.2</ele>
      </trkpt>
      <trkpt lat="-40.6234807" lon="-71.7054462">
        <ele>883.5</ele>
      </trkpt>
      <trkpt lat="-40.6229656" lon="-71.7050654">
        <ele>887.2</ele>
      </trkpt>
      <trkpt lat="-40.6228374" lon="-71.7049715">
        <ele>889</ele>
      </trkpt>
      <trkpt lat="-40.6227193" lon="-71.7049232">
        <ele>890.5</ele>
      </trkpt>
      <trkpt lat="-40.6225646" lon="-71.7049098">
        <ele>892</ele>
      </trkpt>
      <trkpt lat="-40.6224567" lon="-71.7049205">
        <ele>892.8</ele>
      </trkpt>
      <trkpt lat="-40.6222592" lon="-71.7049661">
        <ele>893</ele>
      </trkpt>
      <trkpt lat="-40.6211049" lon="-71.705457">
        <ele>882.8</ele>
      </trkpt>
      <trkpt lat="-40.6197836" lon="-71.7057359">
        <ele>880.2</ele>
      </trkpt>
      <trkpt lat="-40.6194884" lon="-71.7058513">
        <ele>880.8</ele>
      </trkpt>
      <trkpt lat="-40.618389" lon="-71.7063931">
        <ele>884.5</ele>
      </trkpt>
      <trkpt lat="-40.6180204" lon="-71.7065969">
        <ele>886.8</ele>
      </trkpt>
      <trkpt lat="-40.6179248" lon="-71.7066666">
        <ele>887.5</ele>
      </trkpt>
      <trkpt lat="-40.6178352" lon="-71.7067766">
        <ele>888</ele>
      </trkpt>
      <trkpt lat="-40.6177374" lon="-71.7069429">
        <ele>888.2</ele>
      </trkpt>
      <trkpt lat="-40.6176336" lon="-71.707187">
        <ele>888.5</ele>
      </trkpt>
      <trkpt lat="-40.6175298" lon="-71.7074391">
        <ele>888.7</ele>
      </trkpt>
      <trkpt lat="-40.6174402" lon="-71.7076027">
        <ele>888.8</ele>
      </trkpt>
      <trkpt lat="-40.6173506" lon="-71.70771">
        <ele>888.9</ele>
      </trkpt>
      <trkpt lat="-40.6172936" lon="-71.7077529">
        <ele>889</ele>
      </trkpt>
      <trkpt lat="-40.6172407" lon="-71.7077905">
        <ele>889</ele>
      </trkpt>
      <trkpt lat="-40.6171307" lon="-71.7078254">
        <ele>889.2</ele>
      </trkpt>
      <trkpt lat="-40.6170228" lon="-71.7078334">
        <ele>889.5</ele>
      </trkpt>
      <trkpt lat="-40.6168945" lon="-71.707828">
        <ele>890</ele>
      </trkpt>
      <trkpt lat="-40.6167541" lon="-71.7077985">
        <ele>890.8</ele>
      </trkpt>
      <trkpt lat="-40.6160557" lon="-71.7076188">
        <ele>894</ele>
      </trkpt>
      <trkpt lat="-40.6146406" lon="-71.7071977">
        <ele>894.4</ele>
      </trkpt>
      <trkpt lat="-40.6144513" lon="-71.7071629">
        <ele>894.5</ele>
      </trkpt>
      <trkpt lat="-40.6142762" lon="-71.7071655">
        <ele>894.5</ele>
      </trkpt>
      <trkpt lat="-40.6140889" lon="-71.7072165">
        <ele>894.2</ele>
      </trkpt>
      <trkpt lat="-40.6132846" lon="-71.7075786">
        <ele>887.2</ele>
      </trkpt>
      <trkpt lat="-40.6131461" lon="-71.7076215">
        <ele>884.8</ele>
      </trkpt>
      <trkpt lat="-40.6129955" lon="-71.7076617">
        <ele>881.8</ele>
      </trkpt>
      <trkpt lat="-40.6128835" lon="-71.7076483">
        <ele>878.8</ele>
      </trkpt>
      <trkpt lat="-40.6127919" lon="-71.7075866">
        <ele>876</ele>
      </trkpt>
      <trkpt lat="-40.6127247" lon="-71.7075008">
        <ele>873.8</ele>
      </trkpt>
      <trkpt lat="-40.6126778" lon="-71.707364">
        <ele>872</ele>
      </trkpt>
      <trkpt lat="-40.6126636" lon="-71.7071736">
        <ele>871</ele>
      </trkpt>
      <trkpt lat="-40.6126636" lon="-71.7068973">
        <ele>870</ele>
      </trkpt>
      <trkpt lat="-40.6127471" lon="-71.705752">
        <ele>871.3</ele>
      </trkpt>
      <trkpt lat="-40.612745" lon="-71.7055589">
        <ele>871.5</ele>
      </trkpt>
      <trkpt lat="-40.6127206" lon="-71.7054302">
        <ele>870.5</ele>
      </trkpt>
      <trkpt lat="-40.6126473" lon="-71.7052504">
        <ele>867.8</ele>
      </trkpt>
      <trkpt lat="-40.6125272" lon="-71.705111">
        <ele>864</ele>
      </trkpt>
      <trkpt lat="-40.6124213" lon="-71.7050546">
        <ele>860.5</ele>
      </trkpt>
      <trkpt lat="-40.6123154" lon="-71.7050359">
        <ele>856.8</ele>
      </trkpt>
      <trkpt lat="-40.6122075" lon="-71.7050466">
        <ele>853</ele>
      </trkpt>
      <trkpt lat="-40.6120527" lon="-71.7051163">
        <ele>848</ele>
      </trkpt>
      <trkpt lat="-40.6118308" lon="-71.7053604">
        <ele>842.5</ele>
      </trkpt>
      <trkpt lat="-40.6116557" lon="-71.7056286">
        <ele>839.8</ele>
      </trkpt>
      <trkpt lat="-40.6114378" lon="-71.7059854">
        <ele>835.5</ele>
      </trkpt>
      <trkpt lat="-40.6111996" lon="-71.7064413">
        <ele>830.5</ele>
      </trkpt>
      <trkpt lat="-40.6110652" lon="-71.7067981">
        <ele>828</ele>
      </trkpt>
      <trkpt lat="-40.610886" lon="-71.7073533">
        <ele>824.8</ele>
      </trkpt>
      <trkpt lat="-40.6105969" lon="-71.7083269">
        <ele>817.8</ele>
      </trkpt>
      <trkpt lat="-40.6105317" lon="-71.7086166">
        <ele>815.8</ele>
      </trkpt>
      <trkpt lat="-40.6104401" lon="-71.7090029">
        <ele>815.2</ele>
      </trkpt>
      <trkpt lat="-40.6103729" lon="-71.7092335">
        <ele>814.8</ele>
      </trkpt>
      <trkpt lat="-40.6103118" lon="-71.7093757">
        <ele>814.2</ele>
      </trkpt>
      <trkpt lat="-40.6102426" lon="-71.7094535">
        <ele>812.8</ele>
      </trkpt>
      <trkpt lat="-40.6100043" lon="-71.7096734">
        <ele>807.8</ele>
      </trkpt>
      <trkpt lat="-40.6097294" lon="-71.7098799">
        <ele>803.8</ele>
      </trkpt>
      <trkpt lat="-40.6094749" lon="-71.7100221">
        <ele>800.5</ele>
      </trkpt>
      <trkpt lat="-40.6091491" lon="-71.7101696">
        <ele>798</ele>
      </trkpt>
      <trkpt lat="-40.6089007" lon="-71.7102984">
        <ele>799</ele>
      </trkpt>
      <trkpt lat="-40.6088192" lon="-71.7103198">
        <ele>799.2</ele>
      </trkpt>
      <trkpt lat="-40.608693" lon="-71.7103305">
        <ele>799</ele>
      </trkpt>
      <trkpt lat="-40.608583" lon="-71.7103252">
        <ele>798.5</ele>
      </trkpt>
      <trkpt lat="-40.6084894" lon="-71.710293">
        <ele>797.5</ele>
      </trkpt>
      <trkpt lat="-40.608188" lon="-71.7101911">
        <ele>795.8</ele>
      </trkpt>
      <trkpt lat="-40.6076077" lon="-71.7099577">
        <ele>794</ele>
      </trkpt>
      <trkpt lat="-40.6073979" lon="-71.7098612">
        <ele>794.8</ele>
      </trkpt>
      <trkpt lat="-40.6072676" lon="-71.7097834">
        <ele>795.8</ele>
      </trkpt>
      <trkpt lat="-40.6071027" lon="-71.7096305">
        <ele>796.8</ele>
      </trkpt>
      <trkpt lat="-40.6066404" lon="-71.7091504">
        <ele>799</ele>
      </trkpt>
      <trkpt lat="-40.6063187" lon="-71.7087319">
        <ele>799.5</ele>
      </trkpt>
      <trkpt lat="-40.6062372" lon="-71.708622">
        <ele>799.8</ele>
      </trkpt>
      <trkpt lat="-40.6061985" lon="-71.7085576">
        <ele>799.9</ele>
      </trkpt>
      <trkpt lat="-40.6061558" lon="-71.7084637">
        <ele>800</ele>
      </trkpt>
      <trkpt lat="-40.6061171" lon="-71.7083564">
        <ele>799.8</ele>
      </trkpt>
      <trkpt lat="-40.6060947" lon="-71.7082679">
        <ele>799.2</ele>
      </trkpt>
      <trkpt lat="-40.6060397" lon="-71.7078146">
        <ele>795</ele>
      </trkpt>
      <trkpt lat="-40.6060356" lon="-71.7077744">
        <ele>794.5</ele>
      </trkpt>
      <trkpt lat="-40.6059725" lon="-71.7074659">
        <ele>793.2</ele>
      </trkpt>
      <trkpt lat="-40.6059094" lon="-71.7073104">
        <ele>792</ele>
      </trkpt>
      <trkpt lat="-40.605834" lon="-71.7071763">
        <ele>790.8</ele>
      </trkpt>
      <trkpt lat="-40.6057811" lon="-71.7071146">
        <ele>790.2</ele>
      </trkpt>
      <trkpt lat="-40.6056996" lon="-71.7070422">
        <ele>789.8</ele>
      </trkpt>
      <trkpt lat="-40.6056059" lon="-71.7069778">
        <ele>789.5</ele>
      </trkpt>
      <trkpt lat="-40.6055082" lon="-71.7069536">
        <ele>789.8</ele>
      </trkpt>
      <trkpt lat="-40.6053718" lon="-71.7069402">
        <ele>790.2</ele>
      </trkpt>
      <trkpt lat="-40.6052801" lon="-71.7069483">
        <ele>790.8</ele>
      </trkpt>
      <trkpt lat="-40.6048179" lon="-71.707018">
        <ele>792.5</ele>
      </trkpt>
      <trkpt lat="-40.6046977" lon="-71.7070153">
        <ele>792</ele>
      </trkpt>
      <trkpt lat="-40.6045878" lon="-71.7069939">
        <ele>790.8</ele>
      </trkpt>
      <trkpt lat="-40.6045063" lon="-71.7069617">
        <ele>789.2</ele>
      </trkpt>
      <trkpt lat="-40.6041622" lon="-71.7067471">
        <ele>784.4</ele>
      </trkpt>
      <trkpt lat="-40.6037101" lon="-71.7064521">
        <ele>778</ele>
      </trkpt>
      <trkpt lat="-40.6031175" lon="-71.7061061">
        <ele>777.2</ele>
      </trkpt>
      <trkpt lat="-40.6024841" lon="-71.7056689">
        <ele>780</ele>
      </trkpt>
      <trkpt lat="-40.601918" lon="-71.7054221">
        <ele>782.8</ele>
      </trkpt>
      <trkpt lat="-40.6017103" lon="-71.7052987">
        <ele>783.3</ele>
      </trkpt>
      <trkpt lat="-40.6015718" lon="-71.7051566">
        <ele>783.8</ele>
      </trkpt>
      <trkpt lat="-40.6014313" lon="-71.7049634">
        <ele>784.5</ele>
      </trkpt>
      <trkpt lat="-40.6011217" lon="-71.7044646">
        <ele>790.8</ele>
      </trkpt>
      <trkpt lat="-40.6008794" lon="-71.7040139">
        <ele>797.8</ele>
      </trkpt>
      <trkpt lat="-40.6007185" lon="-71.7036465">
        <ele>802.2</ele>
      </trkpt>
      <trkpt lat="-40.6006534" lon="-71.7033783">
        <ele>802.8</ele>
      </trkpt>
      <trkpt lat="-40.6005841" lon="-71.7030376">
        <ele>802.8</ele>
      </trkpt>
      <trkpt lat="-40.6005536" lon="-71.7027882">
        <ele>802.9</ele>
      </trkpt>
      <trkpt lat="-40.600578" lon="-71.7024878">
        <ele>803</ele>
      </trkpt>
      <trkpt lat="-40.6006717" lon="-71.7022356">
        <ele>803.8</ele>
      </trkpt>
      <trkpt lat="-40.6007857" lon="-71.7021176">
        <ele>804.2</ele>
      </trkpt>
      <trkpt lat="-40.6012195" lon="-71.7017046">
        <ele>808.5</ele>
      </trkpt>
      <trkpt lat="-40.6014578" lon="-71.7014363">
        <ele>810</ele>
      </trkpt>
      <trkpt lat="-40.6016818" lon="-71.7011467">
        <ele>810.8</ele>
      </trkpt>
      <trkpt lat="-40.6018549" lon="-71.7007551">
        <ele>809.5</ele>
      </trkpt>
      <trkpt lat="-40.6019771" lon="-71.7003822">
        <ele>807.5</ele>
      </trkpt>
      <trkpt lat="-40.6020972" lon="-71.6999397">
        <ele>804.5</ele>
      </trkpt>
      <trkpt lat="-40.602142" lon="-71.699481">
        <ele>805.2</ele>
      </trkpt>
      <trkpt lat="-40.6021502" lon="-71.6989177">
        <ele>808</ele>
      </trkpt>
      <trkpt lat="-40.6021766" lon="-71.6987059">
        <ele>809</ele>
      </trkpt>
      <trkpt lat="-40.6022438" lon="-71.6985127">
        <ele>808.5</ele>
      </trkpt>
      <trkpt lat="-40.6027346" lon="-71.6977188">
        <ele>804.8</ele>
      </trkpt>
      <trkpt lat="-40.6028568" lon="-71.6974962">
        <ele>803.8</ele>
      </trkpt>
      <trkpt lat="-40.6031154" lon="-71.6968659">
        <ele>807.5</ele>
      </trkpt>
      <trkpt lat="-40.603816" lon="-71.6951573">
        <ele>819.5</ele>
      </trkpt>
      <trkpt lat="-40.6039606" lon="-71.6948891">
        <ele>814</ele>
      </trkpt>
      <trkpt lat="-40.6041072" lon="-71.6947281">
        <ele>807.5</ele>
      </trkpt>
      <trkpt lat="-40.6041825" lon="-71.6946343">
        <ele>804.2</ele>
      </trkpt>
      <trkpt lat="-40.6042334" lon="-71.6945323">
        <ele>802.2</ele>
      </trkpt>
      <trkpt lat="-40.6042457" lon="-71.6943821">
        <ele>802</ele>
      </trkpt>
      <trkpt lat="-40.6041051" lon="-71.6939208">
        <ele>810.2</ele>
      </trkpt>
      <trkpt lat="-40.6040827" lon="-71.6936579">
        <ele>813.8</ele>
      </trkpt>
      <trkpt lat="-40.6041092" lon="-71.6934434">
        <ele>815.2</ele>
      </trkpt>
      <trkpt lat="-40.6041805" lon="-71.6932824">
        <ele>814.5</ele>
      </trkpt>
      <trkpt lat="-40.6044025" lon="-71.693033">
        <ele>813</ele>
      </trkpt>
      <trkpt lat="-40.6046387" lon="-71.6928667">
        <ele>810.2</ele>
      </trkpt>
      <trkpt lat="-40.6047568" lon="-71.6927996">
        <ele>808.2</ele>
      </trkpt>
      <trkpt lat="-40.604936" lon="-71.6925958">
        <ele>806.2</ele>
      </trkpt>
      <trkpt lat="-40.6050276" lon="-71.6923678">
        <ele>807.2</ele>
      </trkpt>
      <trkpt lat="-40.6050907" lon="-71.6921639">
        <ele>809</ele>
      </trkpt>
      <trkpt lat="-40.60516" lon="-71.6918957">
        <ele>811.5</ele>
      </trkpt>
      <trkpt lat="-40.6052027" lon="-71.6914773">
        <ele>814</ele>
      </trkpt>
      <trkpt lat="-40.6051478" lon="-71.691024">
        <ele>815.5</ele>
      </trkpt>
      <trkpt lat="-40.6051315" lon="-71.6908202">
        <ele>815.6</ele>
      </trkpt>
      <trkpt lat="-40.6051498" lon="-71.6906431">
        <ele>815.8</ele>
      </trkpt>
      <trkpt lat="-40.6051987" lon="-71.6904446">
        <ele>815.9</ele>
      </trkpt>
      <trkpt lat="-40.6052801" lon="-71.6903052">
        <ele>816.1</ele>
      </trkpt>
      <trkpt lat="-40.6053657" lon="-71.6901791">
        <ele>816.2</ele>
      </trkpt>
      <trkpt lat="-40.6055082" lon="-71.6900691">
        <ele>815.2</ele>
      </trkpt>
      <trkpt lat="-40.6061639" lon="-71.6897768">
        <ele>809.5</ele>
      </trkpt>
      <trkpt lat="-40.6064429" lon="-71.6896105">
        <ele>809</ele>
      </trkpt>
      <trkpt lat="-40.6066852" lon="-71.6894415">
        <ele>808.5</ele>
      </trkpt>
      <trkpt lat="-40.6070314" lon="-71.6890955">
        <ele>807.8</ele>
      </trkpt>
      <trkpt lat="-40.6074386" lon="-71.6886422">
        <ele>807.2</ele>
      </trkpt>
      <trkpt lat="-40.6076667" lon="-71.688374">
        <ele>806.2</ele>
      </trkpt>
      <trkpt lat="-40.6082633" lon="-71.6875505">
        <ele>800.8</ele>
      </trkpt>
      <trkpt lat="-40.6087663" lon="-71.6867942">
        <ele>795.5</ele>
      </trkpt>
      <trkpt lat="-40.6088722" lon="-71.6864964">
        <ele>794.5</ele>
      </trkpt>
      <trkpt lat="-40.608917" lon="-71.6861987">
        <ele>796</ele>
      </trkpt>
      <trkpt lat="-40.6089292" lon="-71.6857293">
        <ele>799.5</ele>
      </trkpt>
      <trkpt lat="-40.6089964" lon="-71.6854316">
        <ele>801</ele>
      </trkpt>
      <trkpt lat="-40.6092204" lon="-71.6848147">
        <ele>799.2</ele>
      </trkpt>
      <trkpt lat="-40.6095299" lon="-71.6839483">
        <ele>798.2</ele>
      </trkpt>
      <trkpt lat="-40.6095849" lon="-71.6836908">
        <ele>799</ele>
      </trkpt>
      <trkpt lat="-40.6097355" lon="-71.6828486">
        <ele>802</ele>
      </trkpt>
      <trkpt lat="-40.6098394" lon="-71.6825831">
        <ele>801.5</ele>
      </trkpt>
      <trkpt lat="-40.6113523" lon="-71.6797614">
        <ele>790.2</ele>
      </trkpt>
      <trkpt lat="-40.6114174" lon="-71.679469">
        <ele>791</ele>
      </trkpt>
      <trkpt lat="-40.611393" lon="-71.6790828">
        <ele>793</ele>
      </trkpt>
      <trkpt lat="-40.6111792" lon="-71.6782889">
        <ele>799.2</ele>
      </trkpt>
      <trkpt lat="-40.6111039" lon="-71.6780126">
        <ele>800.8</ele>
      </trkpt>
      <trkpt lat="-40.6109247" lon="-71.6774815">
        <ele>802.4</ele>
      </trkpt>
      <trkpt lat="-40.6109186" lon="-71.6774601">
        <ele>802.5</ele>
      </trkpt>
      <trkpt lat="-40.6108534" lon="-71.6772965">
        <ele>803.8</ele>
      </trkpt>
      <trkpt lat="-40.6108208" lon="-71.677157">
        <ele>804.5</ele>
      </trkpt>
      <trkpt lat="-40.6108392" lon="-71.6769692">
        <ele>803.5</ele>
      </trkpt>
      <trkpt lat="-40.6108799" lon="-71.6768163">
        <ele>802.5</ele>
      </trkpt>
      <trkpt lat="-40.6111487" lon="-71.6760466">
        <ele>802.2</ele>
      </trkpt>
      <trkpt lat="-40.6113014" lon="-71.6757086">
        <ele>802</ele>
      </trkpt>
      <trkpt lat="-40.6114745" lon="-71.6754457">
        <ele>801.5</ele>
      </trkpt>
      <trkpt lat="-40.6119835" lon="-71.6749281">
        <ele>803</ele>
      </trkpt>
      <trkpt lat="-40.6123541" lon="-71.6745687">
        <ele>804</ele>
      </trkpt>
      <trkpt lat="-40.613024" lon="-71.6739169">
        <ele>802</ele>
      </trkpt>
      <trkpt lat="-40.6140257" lon="-71.6727662">
        <ele>796.1</ele>
      </trkpt>
      <trkpt lat="-40.6144085" lon="-71.6723692">
        <ele>794</ele>
      </trkpt>
      <trkpt lat="-40.6149399" lon="-71.6718704">
        <ele>797.5</ele>
      </trkpt>
      <trkpt lat="-40.6164039" lon="-71.6705641">
        <ele>802.8</ele>
      </trkpt>
      <trkpt lat="-40.6167276" lon="-71.6702101">
        <ele>806.8</ele>
      </trkpt>
      <trkpt lat="-40.6173771" lon="-71.669561">
        <ele>805.8</ele>
      </trkpt>
      <trkpt lat="-40.6178576" lon="-71.6690916">
        <ele>802.5</ele>
      </trkpt>
      <trkpt lat="-40.618053" lon="-71.6688797">
        <ele>800.2</ele>
      </trkpt>
      <trkpt lat="-40.6182485" lon="-71.6686061">
        <ele>798.8</ele>
      </trkpt>
      <trkpt lat="-40.6184684" lon="-71.6682145">
        <ele>799</ele>
      </trkpt>
      <trkpt lat="-40.6187778" lon="-71.6676083">
        <ele>804.2</ele>
      </trkpt>
      <trkpt lat="-40.6188857" lon="-71.6674313">
        <ele>804.5</ele>
      </trkpt>
      <trkpt lat="-40.6191117" lon="-71.6671363">
        <ele>803.2</ele>
      </trkpt>
      <trkpt lat="-40.6196472" lon="-71.6665381">
        <ele>798.8</ele>
      </trkpt>
      <trkpt lat="-40.6199607" lon="-71.6662779">
        <ele>795</ele>
      </trkpt>
      <trkpt lat="-40.6202926" lon="-71.6660714">
        <ele>792.2</ele>
      </trkpt>
      <trkpt lat="-40.6206122" lon="-71.6659293">
        <ele>791.5</ele>
      </trkpt>
      <trkpt lat="-40.6209074" lon="-71.6658193">
        <ele>791.4</ele>
      </trkpt>
      <trkpt lat="-40.6211945" lon="-71.665653">
        <ele>791.2</ele>
      </trkpt>
      <trkpt lat="-40.6213492" lon="-71.6655323">
        <ele>791</ele>
      </trkpt>
      <trkpt lat="-40.6214774" lon="-71.6653821">
        <ele>791.1</ele>
      </trkpt>
      <trkpt lat="-40.6215507" lon="-71.6652587">
        <ele>791.2</ele>
      </trkpt>
      <trkpt lat="-40.62162" lon="-71.665087">
        <ele>790.5</ele>
      </trkpt>
      <trkpt lat="-40.6216993" lon="-71.664792">
        <ele>790</ele>
      </trkpt>
      <trkpt lat="-40.6217523" lon="-71.6644943">
        <ele>791.1</ele>
      </trkpt>
      <trkpt lat="-40.6217828" lon="-71.6642261">
        <ele>792</ele>
      </trkpt>
      <trkpt lat="-40.6218419" lon="-71.6638693">
        <ele>794.8</ele>
      </trkpt>
      <trkpt lat="-40.6218989" lon="-71.6636735">
        <ele>796.8</ele>
      </trkpt>
      <trkpt lat="-40.6219457" lon="-71.663518">
        <ele>798.2</ele>
      </trkpt>
      <trkpt lat="-40.6220414" lon="-71.6632873">
        <ele>799.5</ele>
      </trkpt>
      <trkpt lat="-40.6221595" lon="-71.6630593">
        <ele>801.5</ele>
      </trkpt>
      <trkpt lat="-40.6222897" lon="-71.6628769">
        <ele>802.5</ele>
      </trkpt>
      <trkpt lat="-40.6224669" lon="-71.6626784">
        <ele>803.2</ele>
      </trkpt>
      <trkpt lat="-40.6226318" lon="-71.6625094">
        <ele>804</ele>
      </trkpt>
      <trkpt lat="-40.6241261" lon="-71.6611844">
        <ele>811.8</ele>
      </trkpt>
      <trkpt lat="-40.6252111" lon="-71.6602725">
        <ele>815.8</ele>
      </trkpt>
      <trkpt lat="-40.6262962" lon="-71.6593927">
        <ele>821.8</ele>
      </trkpt>
      <trkpt lat="-40.6265486" lon="-71.6591647">
        <ele>822.2</ele>
      </trkpt>
      <trkpt lat="-40.6266952" lon="-71.6590011">
        <ele>823.2</ele>
      </trkpt>
      <trkpt lat="-40.6268275" lon="-71.6587973">
        <ele>825</ele>
      </trkpt>
      <trkpt lat="-40.6269598" lon="-71.6585505">
        <ele>826.2</ele>
      </trkpt>
      <trkpt lat="-40.6270921" lon="-71.6582018">
        <ele>826.5</ele>
      </trkpt>
      <trkpt lat="-40.6280306" lon="-71.6548973">
        <ele>837.5</ele>
      </trkpt>
      <trkpt lat="-40.6283278" lon="-71.6535616">
        <ele>841.8</ele>
      </trkpt>
      <trkpt lat="-40.6283502" lon="-71.6532236">
        <ele>842.8</ele>
      </trkpt>
      <trkpt lat="-40.628338" lon="-71.652832">
        <ele>844.5</ele>
      </trkpt>
      <trkpt lat="-40.6282769" lon="-71.6524726">
        <ele>845.8</ele>
      </trkpt>
      <trkpt lat="-40.6281425" lon="-71.6521749">
        <ele>846.8</ele>
      </trkpt>
      <trkpt lat="-40.6279451" lon="-71.6519389">
        <ele>847.2</ele>
      </trkpt>
      <trkpt lat="-40.6276682" lon="-71.6517323">
        <ele>848.5</ele>
      </trkpt>
      <trkpt lat="-40.6274036" lon="-71.6515794">
        <ele>849</ele>
      </trkpt>
      <trkpt lat="-40.6262371" lon="-71.6510752">
        <ele>852</ele>
      </trkpt>
      <trkpt lat="-40.626003" lon="-71.6509545">
        <ele>852.2</ele>
      </trkpt>
      <trkpt lat="-40.6257078" lon="-71.6507614">
        <ele>853.8</ele>
      </trkpt>
      <trkpt lat="-40.6253434" lon="-71.6504771">
        <ele>855.5</ele>
      </trkpt>
      <trkpt lat="-40.6248345" lon="-71.650072">
        <ele>855.8</ele>
      </trkpt>
      <trkpt lat="-40.6245658" lon="-71.6498682">
        <ele>856.8</ele>
      </trkpt>
      <trkpt lat="-40.6242767" lon="-71.6497046">
        <ele>857</ele>
      </trkpt>
      <trkpt lat="-40.620317" lon="-71.6475159">
        <ele>874.2</ele>
      </trkpt>
      <trkpt lat="-40.6191382" lon="-71.6469097">
        <ele>884</ele>
      </trkpt>
      <trkpt lat="-40.6188817" lon="-71.6468078">
        <ele>885.2</ele>
      </trkpt>
      <trkpt lat="-40.618617" lon="-71.6467649">
        <ele>884.8</ele>
      </trkpt>
      <trkpt lat="-40.6181121" lon="-71.6467488">
        <ele>883.2</ele>
      </trkpt>
      <trkpt lat="-40.6173486" lon="-71.6467246">
        <ele>883</ele>
      </trkpt>
      <trkpt lat="-40.6170615" lon="-71.6466951">
        <ele>884</ele>
      </trkpt>
      <trkpt lat="-40.6164649" lon="-71.6465718">
        <ele>885</ele>
      </trkpt>
      <trkpt lat="-40.6158338" lon="-71.646376">
        <ele>885.2</ele>
      </trkpt>
      <trkpt lat="-40.6118959" lon="-71.645169">
        <ele>906</ele>
      </trkpt>
      <trkpt lat="-40.6114745" lon="-71.6451019">
        <ele>906.8</ele>
      </trkpt>
      <trkpt lat="-40.6112159" lon="-71.645067">
        <ele>907.8</ele>
      </trkpt>
      <trkpt lat="-40.6109736" lon="-71.6450617">
        <ele>908.5</ele>
      </trkpt>
      <trkpt lat="-40.6107292" lon="-71.6450804">
        <ele>908.8</ele>
      </trkpt>
      <trkpt lat="-40.6104889" lon="-71.6451287">
        <ele>907.5</ele>
      </trkpt>
      <trkpt lat="-40.6100695" lon="-71.6452253">
        <ele>905.8</ele>
      </trkpt>
      <trkpt lat="-40.6095462" lon="-71.6453379">
        <ele>902.2</ele>
      </trkpt>
      <trkpt lat="-40.6092957" lon="-71.6453701">
        <ele>901</ele>
      </trkpt>
      <trkpt lat="-40.6090554" lon="-71.6453701">
        <ele>900.2</ele>
      </trkpt>
      <trkpt lat="-40.6089353" lon="-71.6453567">
        <ele>901</ele>
      </trkpt>
      <trkpt lat="-40.6087948" lon="-71.6453245">
        <ele>901.8</ele>
      </trkpt>
      <trkpt lat="-40.6086523" lon="-71.6452816">
        <ele>903.5</ele>
      </trkpt>
      <trkpt lat="-40.6085545" lon="-71.6452387">
        <ele>905</ele>
      </trkpt>
      <trkpt lat="-40.6082124" lon="-71.6450644">
        <ele>911</ele>
      </trkpt>
      <trkpt lat="-40.6081045" lon="-71.6450429">
        <ele>912</ele>
      </trkpt>
      <trkpt lat="-40.6079294" lon="-71.6450214">
        <ele>912.5</ele>
      </trkpt>
      <trkpt lat="-40.6077135" lon="-71.6450268">
        <ele>913.8</ele>
      </trkpt>
      <trkpt lat="-40.6070416" lon="-71.6451019">
        <ele>916.5</ele>
      </trkpt>
      <trkpt lat="-40.6054247" lon="-71.6452897">
        <ele>926</ele>
      </trkpt>
      <trkpt lat="-40.6051233" lon="-71.6453299">
        <ele>929.5</ele>
      </trkpt>
      <trkpt lat="-40.6048566" lon="-71.645456">
        <ele>930</ele>
      </trkpt>
      <trkpt lat="-40.6042721" lon="-71.6458181">
        <ele>930.5</ele>
      </trkpt>
      <trkpt lat="-40.6040644" lon="-71.6459066">
        <ele>929.2</ele>
      </trkpt>
      <trkpt lat="-40.6038404" lon="-71.6459548">
        <ele>928.2</ele>
      </trkpt>
      <trkpt lat="-40.6022622" lon="-71.6459173">
        <ele>935.2</ele>
      </trkpt>
      <trkpt lat="-40.6010077" lon="-71.6459656">
        <ele>944.8</ele>
      </trkpt>
      <trkpt lat="-40.6007083" lon="-71.6459978">
        <ele>945.8</ele>
      </trkpt>
      <trkpt lat="-40.6003092" lon="-71.6460863">
        <ele>947</ele>
      </trkpt>
      <trkpt lat="-40.5999752" lon="-71.6461989">
        <ele>947.8</ele>
      </trkpt>
      <trkpt lat="-40.5986413" lon="-71.6470009">
        <ele>952.8</ele>
      </trkpt>
      <trkpt lat="-40.5980201" lon="-71.647355">
        <ele>954.5</ele>
      </trkpt>
      <trkpt lat="-40.5976678" lon="-71.6476017">
        <ele>955.6</ele>
      </trkpt>
      <trkpt lat="-40.5974723" lon="-71.6477814">
        <ele>956.2</ele>
      </trkpt>
      <trkpt lat="-40.5973195" lon="-71.6479692">
        <ele>956.5</ele>
      </trkpt>
      <trkpt lat="-40.5972258" lon="-71.6481757">
        <ele>956.8</ele>
      </trkpt>
      <trkpt lat="-40.5971749" lon="-71.6484654">
        <ele>955.5</ele>
      </trkpt>
      <trkpt lat="-40.597179" lon="-71.6488704">
        <ele>955.2</ele>
      </trkpt>
      <trkpt lat="-40.5972258" lon="-71.6492003">
        <ele>955</ele>
      </trkpt>
      <trkpt lat="-40.5973419" lon="-71.6495302">
        <ele>954.8</ele>
      </trkpt>
      <trkpt lat="-40.5979468" lon="-71.6505897">
        <ele>955.2</ele>
      </trkpt>
      <trkpt lat="-40.5980425" lon="-71.6509089">
        <ele>954.8</ele>
      </trkpt>
      <trkpt lat="-40.598071" lon="-71.6511959">
        <ele>954.5</ele>
      </trkpt>
      <trkpt lat="-40.5980282" lon="-71.6514775">
        <ele>954.2</ele>
      </trkpt>
      <trkpt lat="-40.597792" lon="-71.6521963">
        <ele>955</ele>
      </trkpt>
      <trkpt lat="-40.5975232" lon="-71.6529769">
        <ele>950.2</ele>
      </trkpt>
      <trkpt lat="-40.597348" lon="-71.653237">
        <ele>949</ele>
      </trkpt>
      <trkpt lat="-40.5971607" lon="-71.6534516">
        <ele>948</ele>
      </trkpt>
      <trkpt lat="-40.5965273" lon="-71.6539291">
        <ele>946</ele>
      </trkpt>
      <trkpt lat="-40.5953969" lon="-71.6547042">
        <ele>943.2</ele>
      </trkpt>
      <trkpt lat="-40.5951892" lon="-71.6547632">
        <ele>942.2</ele>
      </trkpt>
      <trkpt lat="-40.59501" lon="-71.6547632">
        <ele>941.8</ele>
      </trkpt>
      <trkpt lat="-40.59479" lon="-71.6547471">
        <ele>940.8</ele>
      </trkpt>
      <trkpt lat="-40.5936861" lon="-71.6545942">
        <ele>934.8</ele>
      </trkpt>
      <trkpt lat="-40.5926148" lon="-71.6544735">
        <ele>931.8</ele>
      </trkpt>
      <trkpt lat="-40.5922645" lon="-71.6544977">
        <ele>930.8</ele>
      </trkpt>
      <trkpt lat="-40.5917858" lon="-71.6545969">
        <ele>929</ele>
      </trkpt>
      <trkpt lat="-40.5910363" lon="-71.6548759">
        <ele>925.8</ele>
      </trkpt>
      <trkpt lat="-40.5907063" lon="-71.6550314">
        <ele>924</ele>
      </trkpt>
      <trkpt lat="-40.5903478" lon="-71.6552219">
        <ele>922</ele>
      </trkpt>
      <trkpt lat="-40.589635" lon="-71.6556886">
        <ele>915.2</ele>
      </trkpt>
      <trkpt lat="-40.5887774" lon="-71.6561928">
        <ele>914.8</ele>
      </trkpt>
      <trkpt lat="-40.5881664" lon="-71.656453">
        <ele>915</ele>
      </trkpt>
      <trkpt lat="-40.5866468" lon="-71.6568688">
        <ele>918</ele>
      </trkpt>
      <trkpt lat="-40.5863393" lon="-71.6569331">
        <ele>918.5</ele>
      </trkpt>
      <trkpt lat="-40.585936" lon="-71.656968">
        <ele>919.2</ele>
      </trkpt>
      <trkpt lat="-40.584836" lon="-71.6569009">
        <ele>917.3</ele>
      </trkpt>
      <trkpt lat="-40.5845223" lon="-71.6569036">
        <ele>916.8</ele>
      </trkpt>
      <trkpt lat="-40.5843064" lon="-71.6569358">
        <ele>916.5</ele>
      </trkpt>
      <trkpt lat="-40.5840619" lon="-71.6570216">
        <ele>916.2</ele>
      </trkpt>
      <trkpt lat="-40.5837421" lon="-71.6571611">
        <ele>915.8</ele>
      </trkpt>
      <trkpt lat="-40.5833592" lon="-71.6573569">
        <ele>915.5</ele>
      </trkpt>
      <trkpt lat="-40.5826788" lon="-71.657711">
        <ele>915.8</ele>
      </trkpt>
      <trkpt lat="-40.5823773" lon="-71.6578317">
        <ele>915.9</ele>
      </trkpt>
      <trkpt lat="-40.5820371" lon="-71.6579497">
        <ele>916</ele>
      </trkpt>
      <trkpt lat="-40.5813914" lon="-71.6581267">
        <ele>915.5</ele>
      </trkpt>
      <trkpt lat="-40.58022" lon="-71.6583386">
        <ele>918.2</ele>
      </trkpt>
      <trkpt lat="-40.5799654" lon="-71.6583601">
        <ele>919</ele>
      </trkpt>
      <trkpt lat="-40.5796537" lon="-71.6583386">
        <ele>921</ele>
      </trkpt>
      <trkpt lat="-40.5793909" lon="-71.6582742">
        <ele>922.5</ele>
      </trkpt>
      <trkpt lat="-40.5790976" lon="-71.6581589">
        <ele>925.5</ele>
      </trkpt>
      <trkpt lat="-40.578299" lon="-71.6577995">
        <ele>931.2</ele>
      </trkpt>
      <trkpt lat="-40.5771154" lon="-71.6572604">
        <ele>937</ele>
      </trkpt>
      <trkpt lat="-40.5763942" lon="-71.6569465">
        <ele>939</ele>
      </trkpt>
      <trkpt lat="-40.5760071" lon="-71.6568312">
        <ele>941</ele>
      </trkpt>
      <trkpt lat="-40.5756221" lon="-71.6568071">
        <ele>941.8</ele>
      </trkpt>
      <trkpt lat="-40.5749009" lon="-71.6568366">
        <ele>942.2</ele>
      </trkpt>
      <trkpt lat="-40.5716595" lon="-71.6567641">
        <ele>954.2</ele>
      </trkpt>
      <trkpt lat="-40.5711094" lon="-71.6567427">
        <ele>956</ele>
      </trkpt>
      <trkpt lat="-40.5708404" lon="-71.6567266">
        <ele>956.5</ele>
      </trkpt>
      <trkpt lat="-40.5705389" lon="-71.6566944">
        <ele>957.8</ele>
      </trkpt>
      <trkpt lat="-40.5695731" lon="-71.6565093">
        <ele>962.2</ele>
      </trkpt>
      <trkpt lat="-40.5693918" lon="-71.6564852">
        <ele>963</ele>
      </trkpt>
      <trkpt lat="-40.5691779" lon="-71.6564745">
        <ele>963.5</ele>
      </trkpt>
      <trkpt lat="-40.5690556" lon="-71.6564879">
        <ele>963.8</ele>
      </trkpt>
      <trkpt lat="-40.5689313" lon="-71.6565093">
        <ele>963.9</ele>
      </trkpt>
      <trkpt lat="-40.5687724" lon="-71.656563">
        <ele>964</ele>
      </trkpt>
      <trkpt lat="-40.5684525" lon="-71.6567212">
        <ele>964.5</ele>
      </trkpt>
      <trkpt lat="-40.5679635" lon="-71.6569573">
        <ele>965.8</ele>
      </trkpt>
      <trkpt lat="-40.5677068" lon="-71.6570538">
        <ele>967.2</ele>
      </trkpt>
      <trkpt lat="-40.5675051" lon="-71.6570941">
        <ele>967.8</ele>
      </trkpt>
      <trkpt lat="-40.5672056" lon="-71.6571075">
        <ele>968.8</ele>
      </trkpt>
      <trkpt lat="-40.5661624" lon="-71.657137">
        <ele>972.2</ele>
      </trkpt>
      <trkpt lat="-40.5659301" lon="-71.6571155">
        <ele>972.8</ele>
      </trkpt>
      <trkpt lat="-40.5656571" lon="-71.6570431">
        <ele>973.5</ele>
      </trkpt>
      <trkpt lat="-40.5653596" lon="-71.6568875">
        <ele>975.2</ele>
      </trkpt>
      <trkpt lat="-40.565111" lon="-71.6566676">
        <ele>977</ele>
      </trkpt>
      <trkpt lat="-40.5640188" lon="-71.6556752">
        <ele>982.2</ele>
      </trkpt>
      <trkpt lat="-40.563809" lon="-71.6555142">
        <ele>984.5</ele>
      </trkpt>
      <trkpt lat="-40.5635746" lon="-71.6553855">
        <ele>987.2</ele>
      </trkpt>
      <trkpt lat="-40.5633403" lon="-71.6553131">
        <ele>989</ele>
      </trkpt>
      <trkpt lat="-40.5630408" lon="-71.6552407">
        <ele>991.8</ele>
      </trkpt>
      <trkpt lat="-40.562784" lon="-71.6552272">
        <ele>994</ele>
      </trkpt>
      <trkpt lat="-40.5625171" lon="-71.6552272">
        <ele>996</ele>
      </trkpt>
      <trkpt lat="-40.561325" lon="-71.6552567">
        <ele>997.8</ele>
      </trkpt>
      <trkpt lat="-40.561052" lon="-71.6552353">
        <ele>998.5</ele>
      </trkpt>
      <trkpt lat="-40.560836" lon="-71.6551897">
        <ele>999.2</ele>
      </trkpt>
      <trkpt lat="-40.5606526" lon="-71.6551226">
        <ele>999.8</ele>
      </trkpt>
      <trkpt lat="-40.5596419" lon="-71.654495">
        <ele>1005.5</ele>
      </trkpt>
      <trkpt lat="-40.5591976" lon="-71.6542643">
        <ele>1006.2</ele>
      </trkpt>
      <trkpt lat="-40.5589878" lon="-71.6541892">
        <ele>1006.8</ele>
      </trkpt>
      <trkpt lat="-40.558786" lon="-71.6541409">
        <ele>1007.8</ele>
      </trkpt>
      <trkpt lat="-40.5585129" lon="-71.6541088">
        <ele>1009</ele>
      </trkpt>
      <trkpt lat="-40.5582399" lon="-71.6541195">
        <ele>1010</ele>
      </trkpt>
      <trkpt lat="-40.5580218" lon="-71.6541678">
        <ele>1010.5</ele>
      </trkpt>
      <trkpt lat="-40.557759" lon="-71.6542429">
        <ele>1011</ele>
      </trkpt>
      <trkpt lat="-40.5561287" lon="-71.6547203">
        <ele>1012.2</ele>
      </trkpt>
      <trkpt lat="-40.555876" lon="-71.6547632">
        <ele>1012.3</ele>
      </trkpt>
      <trkpt lat="-40.5556233" lon="-71.6547579">
        <ele>1012.5</ele>
      </trkpt>
      <trkpt lat="-40.5554093" lon="-71.6547203">
        <ele>1012.8</ele>
      </trkpt>
      <trkpt lat="-40.5551464" lon="-71.6545969">
        <ele>1012.5</ele>
      </trkpt>
      <trkpt lat="-40.5547857" lon="-71.6543931">
        <ele>1012.8</ele>
      </trkpt>
      <trkpt lat="-40.5534305" lon="-71.653524">
        <ele>1014</ele>
      </trkpt>
      <trkpt lat="-40.5526255" lon="-71.6530359">
        <ele>1012.8</ele>
      </trkpt>
      <trkpt lat="-40.5521975" lon="-71.6527972">
        <ele>1012.5</ele>
      </trkpt>
      <trkpt lat="-40.5518001" lon="-71.6526014">
        <ele>1013.5</ele>
      </trkpt>
      <trkpt lat="-40.5511867" lon="-71.652309">
        <ele>1016.5</ele>
      </trkpt>
      <trkpt lat="-40.5505855" lon="-71.6520703">
        <ele>1019</ele>
      </trkpt>
      <trkpt lat="-40.5498151" lon="-71.6518021">
        <ele>1020</ele>
      </trkpt>
      <trkpt lat="-40.5490569" lon="-71.6515607">
        <ele>1018</ele>
      </trkpt>
      <trkpt lat="-40.5479075" lon="-71.6513139">
        <ele>1016.5</ele>
      </trkpt>
      <trkpt lat="-40.5473042" lon="-71.6511744">
        <ele>1017.5</ele>
      </trkpt>
      <trkpt lat="-40.5467376" lon="-71.6510296">
        <ele>1017.8</ele>
      </trkpt>
      <trkpt lat="-40.5465623" lon="-71.6510189">
        <ele>1018</ele>
      </trkpt>
      <trkpt lat="-40.5463626" lon="-71.6510296">
        <ele>1017.8</ele>
      </trkpt>
      <trkpt lat="-40.5460038" lon="-71.6510993">
        <ele>1016.2</ele>
      </trkpt>
      <trkpt lat="-40.5457878" lon="-71.6511127">
        <ele>1016.1</ele>
      </trkpt>
      <trkpt lat="-40.545531" lon="-71.6511154">
        <ele>1016</ele>
      </trkpt>
      <trkpt lat="-40.54473" lon="-71.6510108">
        <ele>1015.8</ele>
      </trkpt>
      <trkpt lat="-40.5444997" lon="-71.6510081">
        <ele>1015.5</ele>
      </trkpt>
      <trkpt lat="-40.5443244" lon="-71.6510001">
        <ele>1015.2</ele>
      </trkpt>
      <trkpt lat="-40.5432604" lon="-71.6511261">
        <ele>1013.2</ele>
      </trkpt>
      <trkpt lat="-40.5429893" lon="-71.6511396">
        <ele>1014</ele>
      </trkpt>
      <trkpt lat="-40.542384" lon="-71.6511369">
        <ele>1016.2</ele>
      </trkpt>
      <trkpt lat="-40.5421434" lon="-71.6511181">
        <ele>1017.2</ele>
      </trkpt>
      <trkpt lat="-40.5419253" lon="-71.6510618">
        <ele>1018.2</ele>
      </trkpt>
      <trkpt lat="-40.5417052" lon="-71.6509518">
        <ele>1020.2</ele>
      </trkpt>
      <trkpt lat="-40.5396037" lon="-71.6498011">
        <ele>1035.2</ele>
      </trkpt>
      <trkpt lat="-40.5392775" lon="-71.6496724">
        <ele>1037.2</ele>
      </trkpt>
      <trkpt lat="-40.5389392" lon="-71.6495651">
        <ele>1038.5</ele>
      </trkpt>
      <trkpt lat="-40.5385193" lon="-71.6495007">
        <ele>1039.3</ele>
      </trkpt>
      <trkpt lat="-40.5382828" lon="-71.6495061">
        <ele>1039.8</ele>
      </trkpt>
      <trkpt lat="-40.5380239" lon="-71.649541">
        <ele>1039.5</ele>
      </trkpt>
      <trkpt lat="-40.5355554" lon="-71.6499192">
        <ele>1039</ele>
      </trkpt>
      <trkpt lat="-40.5352231" lon="-71.6499272">
        <ele>1038.5</ele>
      </trkpt>
      <trkpt lat="-40.5348337" lon="-71.6498923">
        <ele>1038.8</ele>
      </trkpt>
      <trkpt lat="-40.5343241" lon="-71.6497636">
        <ele>1037.2</ele>
      </trkpt>
      <trkpt lat="-40.5335474" lon="-71.649549">
        <ele>1038.5</ele>
      </trkpt>
      <trkpt lat="-40.5312907" lon="-71.6489428">
        <ele>1026.2</ele>
      </trkpt>
      <trkpt lat="-40.529668" lon="-71.6485566">
        <ele>1022.5</ele>
      </trkpt>
      <trkpt lat="-40.5294458" lon="-71.6485271">
        <ele>1021.8</ele>
      </trkpt>
      <trkpt lat="-40.5291787" lon="-71.6485137">
        <ele>1019.5</ele>
      </trkpt>
      <trkpt lat="-40.5285977" lon="-71.6484922">
        <ele>1013</ele>
      </trkpt>
      <trkpt lat="-40.5274539" lon="-71.6484547">
        <ele>1005.2</ele>
      </trkpt>
      <trkpt lat="-40.5261614" lon="-71.6485003">
        <ele>997.5</ele>
      </trkpt>
      <trkpt lat="-40.5258189" lon="-71.6485029">
        <ele>997.2</ele>
      </trkpt>
      <trkpt lat="-40.52546" lon="-71.6484761">
        <ele>999.8</ele>
      </trkpt>
      <trkpt lat="-40.5238738" lon="-71.648275">
        <ele>992.5</ele>
      </trkpt>
      <trkpt lat="-40.5235272" lon="-71.6482535">
        <ele>989.2</ele>
      </trkpt>
      <trkpt lat="-40.5212396" lon="-71.6482535">
        <ele>986</ele>
      </trkpt>
      <trkpt lat="-40.5207788" lon="-71.6482803">
        <ele>984</ele>
      </trkpt>
      <trkpt lat="-40.5203751" lon="-71.6483206">
        <ele>982.8</ele>
      </trkpt>
      <trkpt lat="-40.5199918" lon="-71.6484171">
        <ele>981</ele>
      </trkpt>
      <trkpt lat="-40.5195677" lon="-71.6485566">
        <ele>978.2</ele>
      </trkpt>
      <trkpt lat="-40.5183871" lon="-71.6490179">
        <ele>965.8</ele>
      </trkpt>
      <trkpt lat="-40.5176224" lon="-71.6492352">
        <ele>957.8</ele>
      </trkpt>
      <trkpt lat="-40.5173064" lon="-71.6493049">
        <ele>955</ele>
      </trkpt>
      <trkpt lat="-40.5150267" lon="-71.6495597">
        <ele>950</ele>
      </trkpt>
      <trkpt lat="-40.5136523" lon="-71.6496885">
        <ele>952</ele>
      </trkpt>
      <trkpt lat="-40.5129611" lon="-71.6497368">
        <ele>950.2</ele>
      </trkpt>
      <trkpt lat="-40.5123942" lon="-71.6497341">
        <ele>951</ele>
      </trkpt>
      <trkpt lat="-40.5120149" lon="-71.6497314">
        <ele>954</ele>
      </trkpt>
      <trkpt lat="-40.5115785" lon="-71.6496885">
        <ele>958.5</ele>
      </trkpt>
      <trkpt lat="-40.5113501" lon="-71.6496295">
        <ele>960.8</ele>
      </trkpt>
      <trkpt lat="-40.5112033" lon="-71.6495785">
        <ele>962</ele>
      </trkpt>
      <trkpt lat="-40.5110483" lon="-71.6494846">
        <ele>964</ele>
      </trkpt>
      <trkpt lat="-40.5106058" lon="-71.6491333">
        <ele>969</ele>
      </trkpt>
      <trkpt lat="-40.5103468" lon="-71.6490099">
        <ele>970</ele>
      </trkpt>
      <trkpt lat="-40.5099634" lon="-71.648916">
        <ele>969.5</ele>
      </trkpt>
      <trkpt lat="-40.5095657" lon="-71.6487765">
        <ele>972</ele>
      </trkpt>
      <trkpt lat="-40.5093394" lon="-71.648739">
        <ele>973.2</ele>
      </trkpt>
      <trkpt lat="-40.5091661" lon="-71.6487497">
        <ele>973.8</ele>
      </trkpt>
      <trkpt lat="-40.5090009" lon="-71.6487712">
        <ele>974.2</ele>
      </trkpt>
      <trkpt lat="-40.5079833" lon="-71.6491199">
        <ele>969.2</ele>
      </trkpt>
      <trkpt lat="-40.5075183" lon="-71.6492701">
        <ele>963.8</ele>
      </trkpt>
      <trkpt lat="-40.5070941" lon="-71.6493881">
        <ele>957.5</ele>
      </trkpt>
      <trkpt lat="-40.5062009" lon="-71.6495597">
        <ele>945.5</ele>
      </trkpt>
      <trkpt lat="-40.5050914" lon="-71.6497046">
        <ele>935</ele>
      </trkpt>
      <trkpt lat="-40.5046856" lon="-71.649726">
        <ele>932.2</ele>
      </trkpt>
      <trkpt lat="-40.5044959" lon="-71.6497046">
        <ele>931.2</ele>
      </trkpt>
      <trkpt lat="-40.504292" lon="-71.6496536">
        <ele>930.5</ele>
      </trkpt>
      <trkpt lat="-40.5038698" lon="-71.6494685">
        <ele>930.2</ele>
      </trkpt>
      <trkpt lat="-40.5035598" lon="-71.6492915">
        <ele>929</ele>
      </trkpt>
      <trkpt lat="-40.5027012" lon="-71.6489267">
        <ele>924.8</ele>
      </trkpt>
      <trkpt lat="-40.5010043" lon="-71.6482991">
        <ele>911.2</ele>
      </trkpt>
      <trkpt lat="-40.5005515" lon="-71.6482213">
        <ele>911.5</ele>
      </trkpt>
      <trkpt lat="-40.5003333" lon="-71.6482186">
        <ele>911.8</ele>
      </trkpt>
      <trkpt lat="-40.5001049" lon="-71.6482401">
        <ele>912.8</ele>
      </trkpt>
      <trkpt lat="-40.4996684" lon="-71.648342">
        <ele>913.5</ele>
      </trkpt>
      <trkpt lat="-40.4989749" lon="-71.6484761">
        <ele>910.5</ele>
      </trkpt>
      <trkpt lat="-40.4988281" lon="-71.6484788">
        <ele>909.5</ele>
      </trkpt>
      <trkpt lat="-40.4986649" lon="-71.6484386">
        <ele>908.8</ele>
      </trkpt>
      <trkpt lat="-40.4985038" lon="-71.6483206">
        <ele>909</ele>
      </trkpt>
      <trkpt lat="-40.4983264" lon="-71.6481435">
        <ele>908.8</ele>
      </trkpt>
      <trkpt lat="-40.4981142" lon="-71.647827">
        <ele>907.5</ele>
      </trkpt>
      <trkpt lat="-40.497435" lon="-71.6462982">
        <ele>899.8</ele>
      </trkpt>
      <trkpt lat="-40.4971515" lon="-71.6456115">
        <ele>899.6</ele>
      </trkpt>
      <trkpt lat="-40.4970251" lon="-71.6453728">
        <ele>899.5</ele>
      </trkpt>
      <trkpt lat="-40.4968966" lon="-71.645177">
        <ele>899.2</ele>
      </trkpt>
      <trkpt lat="-40.4964601" lon="-71.6446245">
        <ele>898.5</ele>
      </trkpt>
      <trkpt lat="-40.496046" lon="-71.6440666">
        <ele>897.5</ele>
      </trkpt>
      <trkpt lat="-40.4957645" lon="-71.6437259">
        <ele>897</ele>
      </trkpt>
      <trkpt lat="-40.4955014" lon="-71.6434953">
        <ele>894.5</ele>
      </trkpt>
      <trkpt lat="-40.4953444" lon="-71.643388">
        <ele>891.8</ele>
      </trkpt>
      <trkpt lat="-40.4951628" lon="-71.6433156">
        <ele>889</ele>
      </trkpt>
      <trkpt lat="-40.4949935" lon="-71.6432431">
        <ele>887.8</ele>
      </trkpt>
      <trkpt lat="-40.4948406" lon="-71.6432136">
        <ele>886.5</ele>
      </trkpt>
      <trkpt lat="-40.4944081" lon="-71.6432056">
        <ele>883.5</ele>
      </trkpt>
      <trkpt lat="-40.4940022" lon="-71.6431841">
        <ele>883.8</ele>
      </trkpt>
      <trkpt lat="-40.4936228" lon="-71.64316">
        <ele>883</ele>
      </trkpt>
      <trkpt lat="-40.4932944" lon="-71.6430742">
        <ele>883.5</ele>
      </trkpt>
      <trkpt lat="-40.4930762" lon="-71.6429776">
        <ele>884.2</ele>
      </trkpt>
      <trkpt lat="-40.4928314" lon="-71.6428381">
        <ele>884.5</ele>
      </trkpt>
      <trkpt lat="-40.4924704" lon="-71.6426075">
        <ele>884.2</ele>
      </trkpt>
      <trkpt lat="-40.4917625" lon="-71.642071">
        <ele>883.8</ele>
      </trkpt>
      <trkpt lat="-40.4901919" lon="-71.6409123">
        <ele>884</ele>
      </trkpt>
      <trkpt lat="-40.4899389" lon="-71.6406977">
        <ele>882.8</ele>
      </trkpt>
      <trkpt lat="-40.4898104" lon="-71.6405261">
        <ele>882.2</ele>
      </trkpt>
      <trkpt lat="-40.489739" lon="-71.6403893">
        <ele>881.8</ele>
      </trkpt>
      <trkpt lat="-40.4896778" lon="-71.6402203">
        <ele>881.2</ele>
      </trkpt>
      <trkpt lat="-40.4893025" lon="-71.6387719">
        <ele>879.5</ele>
      </trkpt>
      <trkpt lat="-40.4892454" lon="-71.6385546">
        <ele>879.2</ele>
      </trkpt>
      <trkpt lat="-40.4891434" lon="-71.6383159">
        <ele>879</ele>
      </trkpt>
      <trkpt lat="-40.4889802" lon="-71.6380745">
        <ele>879.2</ele>
      </trkpt>
      <trkpt lat="-40.4888251" lon="-71.6378894">
        <ele>878.8</ele>
      </trkpt>
      <trkpt lat="-40.4886252" lon="-71.6376776">
        <ele>878.2</ele>
      </trkpt>
      <trkpt lat="-40.4877807" lon="-71.6368568">
        <ele>877.2</ele>
      </trkpt>
      <trkpt lat="-40.4875114" lon="-71.6366583">
        <ele>877.1</ele>
      </trkpt>
      <trkpt lat="-40.4872748" lon="-71.6365269">
        <ele>877</ele>
      </trkpt>
      <trkpt lat="-40.486877" lon="-71.6363686">
        <ele>875.7</ele>
      </trkpt>
      <trkpt lat="-40.4867566" lon="-71.6362855">
        <ele>875.2</ele>
      </trkpt>
      <trkpt lat="-40.4866628" lon="-71.6361916">
        <ele>875.5</ele>
      </trkpt>
      <trkpt lat="-40.4858468" lon="-71.635403">
        <ele>877</ele>
      </trkpt>
      <trkpt lat="-40.4853776" lon="-71.6350865">
        <ele>874.2</ele>
      </trkpt>
      <trkpt lat="-40.4849778" lon="-71.6347969">
        <ele>869.8</ele>
      </trkpt>
      <trkpt lat="-40.484837" lon="-71.6346279">
        <ele>869</ele>
      </trkpt>
      <trkpt lat="-40.4847044" lon="-71.6344079">
        <ele>868.5</ele>
      </trkpt>
      <trkpt lat="-40.4844596" lon="-71.6339493">
        <ele>868</ele>
      </trkpt>
      <trkpt lat="-40.4843413" lon="-71.6337991">
        <ele>867.7</ele>
      </trkpt>
      <trkpt lat="-40.4842229" lon="-71.6336757">
        <ele>867.5</ele>
      </trkpt>
      <trkpt lat="-40.4840026" lon="-71.6335201">
        <ele>866.2</ele>
      </trkpt>
      <trkpt lat="-40.4829744" lon="-71.6330588">
        <ele>857.5</ele>
      </trkpt>
      <trkpt lat="-40.4823298" lon="-71.6327584">
        <ele>852.5</ele>
      </trkpt>
      <trkpt lat="-40.4820319" lon="-71.6326135">
        <ele>851.2</ele>
      </trkpt>
      <trkpt lat="-40.4819217" lon="-71.6325277">
        <ele>851.5</ele>
      </trkpt>
      <trkpt lat="-40.4817483" lon="-71.6322783">
        <ele>854.2</ele>
      </trkpt>
      <trkpt lat="-40.4814321" lon="-71.6318196">
        <ele>858.5</ele>
      </trkpt>
      <trkpt lat="-40.4810873" lon="-71.6313851">
        <ele>857</ele>
      </trkpt>
      <trkpt lat="-40.4809119" lon="-71.631192">
        <ele>856.2</ele>
      </trkpt>
      <trkpt lat="-40.4806895" lon="-71.6310364">
        <ele>854</ele>
      </trkpt>
      <trkpt lat="-40.4798" lon="-71.6305053">
        <ele>845.5</ele>
      </trkpt>
      <trkpt lat="-40.4796" lon="-71.6303283">
        <ele>847.2</ele>
      </trkpt>
      <trkpt lat="-40.4792695" lon="-71.6299555">
        <ele>852</ele>
      </trkpt>
      <trkpt lat="-40.4787921" lon="-71.6294834">
        <ele>864</ele>
      </trkpt>
      <trkpt lat="-40.4786248" lon="-71.6293627">
        <ele>865.8</ele>
      </trkpt>
      <trkpt lat="-40.4776149" lon="-71.6288263">
        <ele>859.5</ele>
      </trkpt>
      <trkpt lat="-40.4770579" lon="-71.6285473">
        <ele>854.5</ele>
      </trkpt>
      <trkpt lat="-40.4768151" lon="-71.6283864">
        <ele>850.5</ele>
      </trkpt>
      <trkpt lat="-40.4766213" lon="-71.6281021">
        <ele>849.8</ele>
      </trkpt>
      <trkpt lat="-40.4764948" lon="-71.6277802">
        <ele>851.8</ele>
      </trkpt>
      <trkpt lat="-40.4763785" lon="-71.6273081">
        <ele>856.5</ele>
      </trkpt>
      <trkpt lat="-40.4762826" lon="-71.6265464">
        <ele>860.5</ele>
      </trkpt>
      <trkpt lat="-40.4762704" lon="-71.6258785">
        <ele>861.8</ele>
      </trkpt>
      <trkpt lat="-40.4762785" lon="-71.6255379">
        <ele>861.5</ele>
      </trkpt>
      <trkpt lat="-40.4763418" lon="-71.625216">
        <ele>864</ele>
      </trkpt>
      <trkpt lat="-40.4764662" lon="-71.6248029">
        <ele>867.5</ele>
      </trkpt>
      <trkpt lat="-40.4767233" lon="-71.6240627">
        <ele>869</ele>
      </trkpt>
      <trkpt lat="-40.4767845" lon="-71.6238374">
        <ele>869.5</ele>
      </trkpt>
      <trkpt lat="-40.4767927" lon="-71.6235799">
        <ele>867.2</ele>
      </trkpt>
      <trkpt lat="-40.4768029" lon="-71.6230139">
        <ele>860.8</ele>
      </trkpt>
      <trkpt lat="-40.4767804" lon="-71.6221395">
        <ele>852</ele>
      </trkpt>
      <trkpt lat="-40.4767315" lon="-71.6215977">
        <ele>847</ele>
      </trkpt>
      <trkpt lat="-40.4766274" lon="-71.6208413">
        <ele>841.8</ele>
      </trkpt>
      <trkpt lat="-40.4765866" lon="-71.6200018">
        <ele>840</ele>
      </trkpt>
      <trkpt lat="-40.4765846" lon="-71.6194332">
        <ele>837.5</ele>
      </trkpt>
      <trkpt lat="-40.4766193" lon="-71.6191784">
        <ele>837</ele>
      </trkpt>
      <trkpt lat="-40.4766866" lon="-71.6188753">
        <ele>836.7</ele>
      </trkpt>
      <trkpt lat="-40.476909" lon="-71.6183469">
        <ele>836.2</ele>
      </trkpt>
      <trkpt lat="-40.477466" lon="-71.617443">
        <ele>835.5</ele>
      </trkpt>
      <trkpt lat="-40.4782637" lon="-71.6160053">
        <ele>836.2</ele>
      </trkpt>
      <trkpt lat="-40.4785555" lon="-71.615493">
        <ele>836.8</ele>
      </trkpt>
      <trkpt lat="-40.4788023" lon="-71.6151336">
        <ele>837.5</ele>
      </trkpt>
      <trkpt lat="-40.4791594" lon="-71.6146669">
        <ele>841.8</ele>
      </trkpt>
      <trkpt lat="-40.4796612" lon="-71.6141734">
        <ele>853.5</ele>
      </trkpt>
      <trkpt lat="-40.4797816" lon="-71.6140258">
        <ele>854.8</ele>
      </trkpt>
      <trkpt lat="-40.4799408" lon="-71.613771">
        <ele>852.5</ele>
      </trkpt>
      <trkpt lat="-40.4801264" lon="-71.6134465">
        <ele>848.2</ele>
      </trkpt>
      <trkpt lat="-40.4806099" lon="-71.6125453">
        <ele>839.2</ele>
      </trkpt>
      <trkpt lat="-40.4812567" lon="-71.6113034">
        <ele>824.5</ele>
      </trkpt>
      <trkpt lat="-40.4814505" lon="-71.6110137">
        <ele>823.4</ele>
      </trkpt>
      <trkpt lat="-40.4815933" lon="-71.6108555">
        <ele>822.8</ele>
      </trkpt>
      <trkpt lat="-40.4817504" lon="-71.6107187">
        <ele>823.5</ele>
      </trkpt>
      <trkpt lat="-40.4819585" lon="-71.6106087">
        <ele>825</ele>
      </trkpt>
      <trkpt lat="-40.4823379" lon="-71.61048">
        <ele>828.2</ele>
      </trkpt>
      <trkpt lat="-40.4828949" lon="-71.6103351">
        <ele>829.8</ele>
      </trkpt>
      <trkpt lat="-40.4839781" lon="-71.6100186">
        <ele>825.5</ele>
      </trkpt>
      <trkpt lat="-40.4842556" lon="-71.6099033">
        <ele>824.2</ele>
      </trkpt>
      <trkpt lat="-40.4844106" lon="-71.609796">
        <ele>824</ele>
      </trkpt>
      <trkpt lat="-40.4845494" lon="-71.6096672">
        <ele>823.5</ele>
      </trkpt>
      <trkpt lat="-40.4848166" lon="-71.6093078">
        <ele>823</ele>
      </trkpt>
      <trkpt lat="-40.4857672" lon="-71.6077012">
        <ele>822.8</ele>
      </trkpt>
      <trkpt lat="-40.4868301" lon="-71.6059309">
        <ele>820.9</ele>
      </trkpt>
      <trkpt lat="-40.4872299" lon="-71.6052684">
        <ele>820.2</ele>
      </trkpt>
      <trkpt lat="-40.4878113" lon="-71.6043055">
        <ele>824</ele>
      </trkpt>
      <trkpt lat="-40.488001" lon="-71.603989">
        <ele>825</ele>
      </trkpt>
      <trkpt lat="-40.4881887" lon="-71.6036376">
        <ele>825.8</ele>
      </trkpt>
      <trkpt lat="-40.4883274" lon="-71.6032836">
        <ele>826.8</ele>
      </trkpt>
      <trkpt lat="-40.4888088" lon="-71.6017494">
        <ele>829</ele>
      </trkpt>
      <trkpt lat="-40.4890067" lon="-71.6010574">
        <ele>830.5</ele>
      </trkpt>
      <trkpt lat="-40.4890985" lon="-71.6007516">
        <ele>829.8</ele>
      </trkpt>
      <trkpt lat="-40.4892209" lon="-71.6004512">
        <ele>830.2</ele>
      </trkpt>
      <trkpt lat="-40.4895758" lon="-71.5997002">
        <ele>830.4</ele>
      </trkpt>
      <trkpt lat="-40.4896615" lon="-71.5994105">
        <ele>830.5</ele>
      </trkpt>
      <trkpt lat="-40.4897349" lon="-71.5990081">
        <ele>829.8</ele>
      </trkpt>
      <trkpt lat="-40.4897635" lon="-71.598579">
        <ele>827.5</ele>
      </trkpt>
      <trkpt lat="-40.4897818" lon="-71.597895">
        <ele>826</ele>
      </trkpt>
      <trkpt lat="-40.4898043" lon="-71.5970045">
        <ele>824</ele>
      </trkpt>
      <trkpt lat="-40.4898124" lon="-71.5966371">
        <ele>822.2</ele>
      </trkpt>
      <trkpt lat="-40.4898594" lon="-71.5959558">
        <ele>818.8</ele>
      </trkpt>
      <trkpt lat="-40.4898634" lon="-71.5956286">
        <ele>816.2</ele>
      </trkpt>
      <trkpt lat="-40.4898512" lon="-71.5954381">
        <ele>815</ele>
      </trkpt>
      <trkpt lat="-40.4897737" lon="-71.5951028">
        <ele>813.9</ele>
      </trkpt>
      <trkpt lat="-40.4895065" lon="-71.5942553">
        <ele>811</ele>
      </trkpt>
      <trkpt lat="-40.4894147" lon="-71.5940219">
        <ele>811.4</ele>
      </trkpt>
      <trkpt lat="-40.4892964" lon="-71.5937752">
        <ele>811.8</ele>
      </trkpt>
      <trkpt lat="-40.4891332" lon="-71.5934828">
        <ele>812.2</ele>
      </trkpt>
      <trkpt lat="-40.488921" lon="-71.593236">
        <ele>813</ele>
      </trkpt>
      <trkpt lat="-40.4886538" lon="-71.5929812">
        <ele>815</ele>
      </trkpt>
      <trkpt lat="-40.488207" lon="-71.5927184">
        <ele>817.2</ele>
      </trkpt>
      <trkpt lat="-40.4869892" lon="-71.5920156">
        <ele>826</ele>
      </trkpt>
      <trkpt lat="-40.4865037" lon="-71.5917635">
        <ele>833</ele>
      </trkpt>
      <trkpt lat="-40.4861426" lon="-71.5916052">
        <ele>840.8</ele>
      </trkpt>
      <trkpt lat="-40.485808" lon="-71.5915087">
        <ele>849.2</ele>
      </trkpt>
      <trkpt lat="-40.485651" lon="-71.591447">
        <ele>853.5</ele>
      </trkpt>
      <trkpt lat="-40.4855306" lon="-71.5913424">
        <ele>857</ele>
      </trkpt>
      <trkpt lat="-40.4854266" lon="-71.5911412">
        <ele>859.5</ele>
      </trkpt>
      <trkpt lat="-40.4853654" lon="-71.5908998">
        <ele>860</ele>
      </trkpt>
      <trkpt lat="-40.485345" lon="-71.5905994">
        <ele>858.5</ele>
      </trkpt>
      <trkpt lat="-40.4853817" lon="-71.5902185">
        <ele>855.2</ele>
      </trkpt>
      <trkpt lat="-40.4854143" lon="-71.5898001">
        <ele>854</ele>
      </trkpt>
      <trkpt lat="-40.4853817" lon="-71.5893951">
        <ele>856</ele>
      </trkpt>
      <trkpt lat="-40.4852593" lon="-71.5888882">
        <ele>860.5</ele>
      </trkpt>
      <trkpt lat="-40.4851328" lon="-71.5885341">
        <ele>864.2</ele>
      </trkpt>
      <trkpt lat="-40.4850022" lon="-71.588341">
        <ele>867.2</ele>
      </trkpt>
      <trkpt lat="-40.4848309" lon="-71.5881425">
        <ele>871.8</ele>
      </trkpt>
      <trkpt lat="-40.4847228" lon="-71.5879682">
        <ele>875</ele>
      </trkpt>
      <trkpt lat="-40.4846758" lon="-71.5877724">
        <ele>875.5</ele>
      </trkpt>
      <trkpt lat="-40.4846473" lon="-71.5874022">
        <ele>875</ele>
      </trkpt>
      <trkpt lat="-40.4846187" lon="-71.5871072">
        <ele>875.2</ele>
      </trkpt>
      <trkpt lat="-40.4845698" lon="-71.5868658">
        <ele>875.8</ele>
      </trkpt>
      <trkpt lat="-40.48448" lon="-71.5866995">
        <ele>877</ele>
      </trkpt>
      <trkpt lat="-40.4842107" lon="-71.5864849">
        <ele>881.5</ele>
      </trkpt>
      <trkpt lat="-40.4840108" lon="-71.5862596">
        <ele>883.5</ele>
      </trkpt>
      <trkpt lat="-40.4838353" lon="-71.5859807">
        <ele>885.2</ele>
      </trkpt>
      <trkpt lat="-40.483615" lon="-71.5856051">
        <ele>886.5</ele>
      </trkpt>
      <trkpt lat="-40.4833824" lon="-71.5853047">
        <ele>888.2</ele>
      </trkpt>
      <trkpt lat="-40.4831866" lon="-71.5851063">
        <ele>889.8</ele>
      </trkpt>
      <trkpt lat="-40.4830805" lon="-71.5849239">
        <ele>891.8</ele>
      </trkpt>
      <trkpt lat="-40.4830438" lon="-71.5846825">
        <ele>892.8</ele>
      </trkpt>
      <trkpt lat="-40.4831091" lon="-71.5844384">
        <ele>894.8</ele>
      </trkpt>
      <trkpt lat="-40.4832152" lon="-71.5842533">
        <ele>897</ele>
      </trkpt>
      <trkpt lat="-40.4833824" lon="-71.5841568">
        <ele>897.5</ele>
      </trkpt>
      <trkpt lat="-40.4835497" lon="-71.5841568">
        <ele>896.5</ele>
      </trkpt>
      <trkpt lat="-40.4837395" lon="-71.5841997">
        <ele>895.2</ele>
      </trkpt>
      <trkpt lat="-40.4841658" lon="-71.5844116">
        <ele>892</ele>
      </trkpt>
      <trkpt lat="-40.484329" lon="-71.5844008">
        <ele>893</ele>
      </trkpt>
      <trkpt lat="-40.4844637" lon="-71.5843177">
        <ele>894.2</ele>
      </trkpt>
      <trkpt lat="-40.4846024" lon="-71.5842158">
        <ele>897</ele>
      </trkpt>
      <trkpt lat="-40.4846922" lon="-71.5840924">
        <ele>899.8</ele>
      </trkpt>
      <trkpt lat="-40.4846962" lon="-71.5838698">
        <ele>903</ele>
      </trkpt>
      <trkpt lat="-40.4846983" lon="-71.5836364">
        <ele>906.5</ele>
      </trkpt>
      <trkpt lat="-40.4846146" lon="-71.5834594">
        <ele>908.5</ele>
      </trkpt>
      <trkpt lat="-40.4844759" lon="-71.5832341">
        <ele>910.8</ele>
      </trkpt>
      <trkpt lat="-40.4842841" lon="-71.5829498">
        <ele>915</ele>
      </trkpt>
      <trkpt lat="-40.4840842" lon="-71.5826789">
        <ele>919.5</ele>
      </trkpt>
      <trkpt lat="-40.4838272" lon="-71.5823704">
        <ele>925</ele>
      </trkpt>
      <trkpt lat="-40.4835497" lon="-71.5818286">
        <ele>937.8</ele>
      </trkpt>
      <trkpt lat="-40.4824073" lon="-71.5810668">
        <ele>945.5</ele>
      </trkpt>
      <trkpt lat="-40.4815586" lon="-71.580627">
        <ele>948.5</ele>
      </trkpt>
      <trkpt lat="-40.4813219" lon="-71.5805197">
        <ele>949.2</ele>
      </trkpt>
      <trkpt lat="-40.4811057" lon="-71.5805036">
        <ele>949</ele>
      </trkpt>
      <trkpt lat="-40.4808833" lon="-71.5805036">
        <ele>949.5</ele>
      </trkpt>
      <trkpt lat="-40.4806079" lon="-71.5805787">
        <ele>949.4</ele>
      </trkpt>
      <trkpt lat="-40.4802713" lon="-71.5807021">
        <ele>949.2</ele>
      </trkpt>
      <trkpt lat="-40.4792471" lon="-71.5812814">
        <ele>949.5</ele>
      </trkpt>
      <trkpt lat="-40.478584" lon="-71.5816677">
        <ele>954</ele>
      </trkpt>
      <trkpt lat="-40.4783392" lon="-71.5817964">
        <ele>955.5</ele>
      </trkpt>
      <trkpt lat="-40.478125" lon="-71.5818849">
        <ele>957</ele>
      </trkpt>
      <trkpt lat="-40.4779373" lon="-71.5819332">
        <ele>959</ele>
      </trkpt>
      <trkpt lat="-40.4777067" lon="-71.5819842">
        <ele>960.8</ele>
      </trkpt>
      <trkpt lat="-40.47696" lon="-71.5820539">
        <ele>965.8</ele>
      </trkpt>
      <trkpt lat="-40.4760786" lon="-71.5821236">
        <ele>967.5</ele>
      </trkpt>
      <trkpt lat="-40.4755848" lon="-71.5822041">
        <ele>967.2</ele>
      </trkpt>
      <trkpt lat="-40.4752951" lon="-71.5823114">
        <ele>967</ele>
      </trkpt>
      <trkpt lat="-40.474985" lon="-71.5825313">
        <ele>966</ele>
      </trkpt>
      <trkpt lat="-40.4746218" lon="-71.5828505">
        <ele>966.2</ele>
      </trkpt>
      <trkpt lat="-40.4742423" lon="-71.5831053">
        <ele>967.5</ele>
      </trkpt>
      <trkpt lat="-40.4738669" lon="-71.5833199">
        <ele>968.2</ele>
      </trkpt>
      <trkpt lat="-40.4734343" lon="-71.5835077">
        <ele>969.8</ele>
      </trkpt>
      <trkpt lat="-40.4717183" lon="-71.5841487">
        <ele>969.2</ele>
      </trkpt>
      <trkpt lat="-40.4706675" lon="-71.5845081">
        <ele>964</ele>
      </trkpt>
      <trkpt lat="-40.4703451" lon="-71.584602">
        <ele>962.8</ele>
      </trkpt>
      <trkpt lat="-40.4699819" lon="-71.5846798">
        <ele>963.5</ele>
      </trkpt>
      <trkpt lat="-40.4693963" lon="-71.5847361">
        <ele>965.2</ele>
      </trkpt>
      <trkpt lat="-40.4686841" lon="-71.5847898">
        <ele>965</ele>
      </trkpt>
      <trkpt lat="-40.468423" lon="-71.5847817">
        <ele>965.2</ele>
      </trkpt>
      <trkpt lat="-40.4677557" lon="-71.5846449">
        <ele>969.5</ele>
      </trkpt>
      <trkpt lat="-40.4675476" lon="-71.5846422">
        <ele>970</ele>
      </trkpt>
      <trkpt lat="-40.4670782" lon="-71.5847468">
        <ele>968</ele>
      </trkpt>
      <trkpt lat="-40.4668721" lon="-71.584771">
        <ele>968.2</ele>
      </trkpt>
      <trkpt lat="-40.4659131" lon="-71.5847495">
        <ele>965.8</ele>
      </trkpt>
      <trkpt lat="-40.4656539" lon="-71.5847093">
        <ele>965.2</ele>
      </trkpt>
      <trkpt lat="-40.4653458" lon="-71.5846342">
        <ele>964.9</ele>
      </trkpt>
      <trkpt lat="-40.4650397" lon="-71.5845054">
        <ele>964.5</ele>
      </trkpt>
      <trkpt lat="-40.4647479" lon="-71.5843257">
        <ele>965.8</ele>
      </trkpt>
      <trkpt lat="-40.4637092" lon="-71.5835667">
        <ele>962.8</ele>
      </trkpt>
      <trkpt lat="-40.4631908" lon="-71.5830892">
        <ele>960.5</ele>
      </trkpt>
      <trkpt lat="-40.4623786" lon="-71.5821585">
        <ele>966.2</ele>
      </trkpt>
      <trkpt lat="-40.4615807" lon="-71.5814504">
        <ele>968</ele>
      </trkpt>
      <trkpt lat="-40.4614664" lon="-71.5813109">
        <ele>969</ele>
      </trkpt>
      <trkpt lat="-40.461393" lon="-71.58115">
        <ele>971.2</ele>
      </trkpt>
      <trkpt lat="-40.4612624" lon="-71.5807825">
        <ele>975.5</ele>
      </trkpt>
      <trkpt lat="-40.4611726" lon="-71.5804848">
        <ele>979.2</ele>
      </trkpt>
      <trkpt lat="-40.4610726" lon="-71.580289">
        <ele>980.8</ele>
      </trkpt>
      <trkpt lat="-40.4608807" lon="-71.58012">
        <ele>980.2</ele>
      </trkpt>
      <trkpt lat="-40.4605644" lon="-71.5798169">
        <ele>981</ele>
      </trkpt>
      <trkpt lat="-40.4603359" lon="-71.5795889">
        <ele>982</ele>
      </trkpt>
      <trkpt lat="-40.4600114" lon="-71.5792054">
        <ele>986.2</ele>
      </trkpt>
      <trkpt lat="-40.4598134" lon="-71.5790284">
        <ele>987</ele>
      </trkpt>
      <trkpt lat="-40.4595338" lon="-71.5788943">
        <ele>984.5</ele>
      </trkpt>
      <trkpt lat="-40.459244" lon="-71.5787548">
        <ele>980.5</ele>
      </trkpt>
      <trkpt lat="-40.4589726" lon="-71.5785858">
        <ele>979.2</ele>
      </trkpt>
      <trkpt lat="-40.4588175" lon="-71.5784302">
        <ele>979.5</ele>
      </trkpt>
      <trkpt lat="-40.4586828" lon="-71.5782639">
        <ele>980.2</ele>
      </trkpt>
      <trkpt lat="-40.4585685" lon="-71.5780735">
        <ele>983.8</ele>
      </trkpt>
      <trkpt lat="-40.4583767" lon="-71.5778697">
        <ele>986.5</ele>
      </trkpt>
      <trkpt lat="-40.458042" lon="-71.5775853">
        <ele>987.2</ele>
      </trkpt>
      <trkpt lat="-40.4577889" lon="-71.5773734">
        <ele>986.6</ele>
      </trkpt>
      <trkpt lat="-40.4575277" lon="-71.5771857">
        <ele>986</ele>
      </trkpt>
      <trkpt lat="-40.4572542" lon="-71.5770167">
        <ele>986.5</ele>
      </trkpt>
      <trkpt lat="-40.4570767" lon="-71.5768665">
        <ele>989</ele>
      </trkpt>
      <trkpt lat="-40.4569134" lon="-71.5767083">
        <ele>992.5</ele>
      </trkpt>
      <trkpt lat="-40.4567807" lon="-71.5765956">
        <ele>995.2</ele>
      </trkpt>
      <trkpt lat="-40.4565256" lon="-71.5763783">
        <ele>1004</ele>
      </trkpt>
      <trkpt lat="-40.4563317" lon="-71.5762737">
        <ele>1007.2</ele>
      </trkpt>
      <trkpt lat="-40.4561664" lon="-71.5762362">
        <ele>1008</ele>
      </trkpt>
      <trkpt lat="-40.4560093" lon="-71.5762523">
        <ele>1006.5</ele>
      </trkpt>
      <trkpt lat="-40.4558052" lon="-71.5764052">
        <ele>999</ele>
      </trkpt>
      <trkpt lat="-40.4556787" lon="-71.5765044">
        <ele>995</ele>
      </trkpt>
      <trkpt lat="-40.4555787" lon="-71.5765715">
        <ele>992.2</ele>
      </trkpt>
      <trkpt lat="-40.4554889" lon="-71.5765902">
        <ele>991.5</ele>
      </trkpt>
      <trkpt lat="-40.4553317" lon="-71.5765661">
        <ele>992</ele>
      </trkpt>
      <trkpt lat="-40.454899" lon="-71.5764025">
        <ele>998.5</ele>
      </trkpt>
      <trkpt lat="-40.4542704" lon="-71.5761155">
        <ele>1007.8</ele>
      </trkpt>
      <trkpt lat="-40.4537969" lon="-71.575909">
        <ele>1013.5</ele>
      </trkpt>
      <trkpt lat="-40.4536132" lon="-71.5758607">
        <ele>1014</ele>
      </trkpt>
      <trkpt lat="-40.4533846" lon="-71.5758392">
        <ele>1013</ele>
      </trkpt>
      <trkpt lat="-40.4531928" lon="-71.5758419">
        <ele>1012</ele>
      </trkpt>
      <trkpt lat="-40.4529846" lon="-71.5758392">
        <ele>1011.5</ele>
      </trkpt>
      <trkpt lat="-40.4528132" lon="-71.5758044">
        <ele>1010.8</ele>
      </trkpt>
      <trkpt lat="-40.4526907" lon="-71.5757373">
        <ele>1010.2</ele>
      </trkpt>
      <trkpt lat="-40.4526254" lon="-71.5756407">
        <ele>1010.5</ele>
      </trkpt>
      <trkpt lat="-40.4525846" lon="-71.5755066">
        <ele>1011.5</ele>
      </trkpt>
      <trkpt lat="-40.4525539" lon="-71.5752733">
        <ele>1013.5</ele>
      </trkpt>
      <trkpt lat="-40.4524846" lon="-71.5749943">
        <ele>1014.5</ele>
      </trkpt>
      <trkpt lat="-40.4523703" lon="-71.5746832">
        <ele>1014</ele>
      </trkpt>
      <trkpt lat="-40.4521968" lon="-71.5742272">
        <ele>1012.2</ele>
      </trkpt>
      <trkpt lat="-40.4520743" lon="-71.5739375">
        <ele>1009.8</ele>
      </trkpt>
      <trkpt lat="-40.4519784" lon="-71.5736854">
        <ele>1008</ele>
      </trkpt>
      <trkpt lat="-40.4519478" lon="-71.573554">
        <ele>1007.5</ele>
      </trkpt>
      <trkpt lat="-40.4519233" lon="-71.5733045">
        <ele>1007.2</ele>
      </trkpt>
      <trkpt lat="-40.4519355" lon="-71.5729398">
        <ele>1007.5</ele>
      </trkpt>
      <trkpt lat="-40.4519804" lon="-71.572583">
        <ele>1009.2</ele>
      </trkpt>
      <trkpt lat="-40.4519865" lon="-71.5722129">
        <ele>1007.8</ele>
      </trkpt>
      <trkpt lat="-40.4519825" lon="-71.571022">
        <ele>1001.2</ele>
      </trkpt>
      <trkpt lat="-40.452011" lon="-71.5706867">
        <ele>1000.2</ele>
      </trkpt>
      <trkpt lat="-40.4520539" lon="-71.570397">
        <ele>999.9</ele>
      </trkpt>
      <trkpt lat="-40.4521662" lon="-71.5699625">
        <ele>999.2</ele>
      </trkpt>
      <trkpt lat="-40.4527519" lon="-71.5687555">
        <ele>1006.5</ele>
      </trkpt>
      <trkpt lat="-40.4528642" lon="-71.5684068">
        <ele>1007.8</ele>
      </trkpt>
      <trkpt lat="-40.4529519" lon="-71.5680957">
        <ele>1010</ele>
      </trkpt>
      <trkpt lat="-40.4529887" lon="-71.567798">
        <ele>1009.8</ele>
      </trkpt>
      <trkpt lat="-40.4529724" lon="-71.5674546">
        <ele>1006.8</ele>
      </trkpt>
      <trkpt lat="-40.4528009" lon="-71.5667278">
        <ele>994</ele>
      </trkpt>
      <trkpt lat="-40.4526376" lon="-71.5659311">
        <ele>986</ele>
      </trkpt>
      <trkpt lat="-40.4525519" lon="-71.5654618">
        <ele>983</ele>
      </trkpt>
      <trkpt lat="-40.4525254" lon="-71.5651748">
        <ele>983.8</ele>
      </trkpt>
      <trkpt lat="-40.4525254" lon="-71.564928">
        <ele>984.8</ele>
      </trkpt>
      <trkpt lat="-40.4525478" lon="-71.5643728">
        <ele>989</ele>
      </trkpt>
      <trkpt lat="-40.4525805" lon="-71.5638122">
        <ele>993.5</ele>
      </trkpt>
      <trkpt lat="-40.4525682" lon="-71.5634984">
        <ele>994.2</ele>
      </trkpt>
      <trkpt lat="-40.4525458" lon="-71.5633026">
        <ele>994.8</ele>
      </trkpt>
      <trkpt lat="-40.4524743" lon="-71.5630826">
        <ele>994</ele>
      </trkpt>
      <trkpt lat="-40.4522478" lon="-71.5625677">
        <ele>991.5</ele>
      </trkpt>
      <trkpt lat="-40.4519314" lon="-71.5619615">
        <ele>983.8</ele>
      </trkpt>
      <trkpt lat="-40.4518314" lon="-71.5617415">
        <ele>981.2</ele>
      </trkpt>
      <trkpt lat="-40.4517539" lon="-71.5614519">
        <ele>980</ele>
      </trkpt>
      <trkpt lat="-40.4517273" lon="-71.5612614">
        <ele>980</ele>
      </trkpt>
      <trkpt lat="-40.4517192" lon="-71.5610227">
        <ele>979.9</ele>
      </trkpt>
      <trkpt lat="-40.4516804" lon="-71.5593356">
        <ele>979.5</ele>
      </trkpt>
      <trkpt lat="-40.4516702" lon="-71.5589842">
        <ele>981</ele>
      </trkpt>
      <trkpt lat="-40.4516437" lon="-71.5586329">
        <ele>983.5</ele>
      </trkpt>
      <trkpt lat="-40.4515926" lon="-71.5583298">
        <ele>985.2</ele>
      </trkpt>
      <trkpt lat="-40.4511844" lon="-71.5571657">
        <ele>976.8</ele>
      </trkpt>
      <trkpt lat="-40.4510864" lon="-71.556825">
        <ele>972.8</ele>
      </trkpt>
      <trkpt lat="-40.4510579" lon="-71.5565515">
        <ele>970.5</ele>
      </trkpt>
      <trkpt lat="-40.451064" lon="-71.5562618">
        <ele>969.8</ele>
      </trkpt>
      <trkpt lat="-40.4511293" lon="-71.5557039">
        <ele>969.5</ele>
      </trkpt>
      <trkpt lat="-40.4511885" lon="-71.5549958">
        <ele>968.2</ele>
      </trkpt>
      <trkpt lat="-40.4511885" lon="-71.5545881">
        <ele>966.8</ele>
      </trkpt>
      <trkpt lat="-40.4511375" lon="-71.5541804">
        <ele>964.8</ele>
      </trkpt>
      <trkpt lat="-40.4510048" lon="-71.5537217">
        <ele>961</ele>
      </trkpt>
      <trkpt lat="-40.4503108" lon="-71.5518039">
        <ele>963.8</ele>
      </trkpt>
      <trkpt lat="-40.4491597" lon="-71.5489259">
        <ele>963.5</ele>
      </trkpt>
      <trkpt lat="-40.4480636" lon="-71.5461659">
        <ele>950</ele>
      </trkpt>
      <trkpt lat="-40.4474716" lon="-71.544672">
        <ele>941.8</ele>
      </trkpt>
      <trkpt lat="-40.4470859" lon="-71.5437895">
        <ele>938</ele>
      </trkpt>
      <trkpt lat="-40.4469083" lon="-71.5434676">
        <ele>936.8</ele>
      </trkpt>
      <trkpt lat="-40.4467756" lon="-71.5432879">
        <ele>935.8</ele>
      </trkpt>
      <trkpt lat="-40.4466123" lon="-71.5430814">
        <ele>935</ele>
      </trkpt>
      <trkpt lat="-40.4463837" lon="-71.5428561">
        <ele>934.2</ele>
      </trkpt>
      <trkpt lat="-40.4460816" lon="-71.5425879">
        <ele>933.2</ele>
      </trkpt>
      <trkpt lat="-40.4457325" lon="-71.5422365">
        <ele>932</ele>
      </trkpt>
      <trkpt lat="-40.4441363" lon="-71.5406728">
        <ele>931</ele>
      </trkpt>
      <trkpt lat="-40.4437954" lon="-71.5403697">
        <ele>930</ele>
      </trkpt>
      <trkpt lat="-40.4429585" lon="-71.5396723">
        <ele>931</ele>
      </trkpt>
      <trkpt lat="-40.442097" lon="-71.5390393">
        <ele>929.2</ele>
      </trkpt>
      <trkpt lat="-40.4406089" lon="-71.537945">
        <ele>930.2</ele>
      </trkpt>
      <trkpt lat="-40.4404599" lon="-71.5377948">
        <ele>930.5</ele>
      </trkpt>
      <trkpt lat="-40.4403272" lon="-71.5375721">
        <ele>930.8</ele>
      </trkpt>
      <trkpt lat="-40.4402108" lon="-71.5372583">
        <ele>930.2</ele>
      </trkpt>
      <trkpt lat="-40.4399067" lon="-71.5364268">
        <ele>930</ele>
      </trkpt>
      <trkpt lat="-40.4398434" lon="-71.5362257">
        <ele>930</ele>
      </trkpt>
      <trkpt lat="-40.4394902" lon="-71.5352708">
        <ele>932</ele>
      </trkpt>
      <trkpt lat="-40.4394576" lon="-71.5351957">
        <ele>931.8</ele>
      </trkpt>
      <trkpt lat="-40.4394126" lon="-71.5350965">
        <ele>931.5</ele>
      </trkpt>
      <trkpt lat="-40.4393351" lon="-71.5349275">
        <ele>931.2</ele>
      </trkpt>
      <trkpt lat="-40.4391534" lon="-71.5346244">
        <ele>931</ele>
      </trkpt>
      <trkpt lat="-40.438939" lon="-71.5343589">
        <ele>930.8</ele>
      </trkpt>
      <trkpt lat="-40.438643" lon="-71.5340209">
        <ele>929.8</ele>
      </trkpt>
      <trkpt lat="-40.4375161" lon="-71.533058">
        <ele>932.5</ele>
      </trkpt>
      <trkpt lat="-40.4372732" lon="-71.5327978">
        <ele>933</ele>
      </trkpt>
      <trkpt lat="-40.4366751" lon="-71.5321085">
        <ele>936</ele>
      </trkpt>
      <trkpt lat="-40.4361606" lon="-71.5314782">
        <ele>936.5</ele>
      </trkpt>
      <trkpt lat="-40.4360504" lon="-71.531277">
        <ele>938</ele>
      </trkpt>
      <trkpt lat="-40.4359503" lon="-71.531041">
        <ele>939.5</ele>
      </trkpt>
      <trkpt lat="-40.4358768" lon="-71.5307942">
        <ele>940.2</ele>
      </trkpt>
      <trkpt lat="-40.4357258" lon="-71.5301853">
        <ele>943.2</ele>
      </trkpt>
      <trkpt lat="-40.4356421" lon="-71.5299574">
        <ele>945.2</ele>
      </trkpt>
      <trkpt lat="-40.4355747" lon="-71.5298045">
        <ele>947.5</ele>
      </trkpt>
      <trkpt lat="-40.4354052" lon="-71.5295738">
        <ele>952</ele>
      </trkpt>
      <trkpt lat="-40.4353072" lon="-71.5294987">
        <ele>953.8</ele>
      </trkpt>
      <trkpt lat="-40.435199" lon="-71.5294397">
        <ele>955.5</ele>
      </trkpt>
      <trkpt lat="-40.4351072" lon="-71.5294129">
        <ele>956.8</ele>
      </trkpt>
      <trkpt lat="-40.4350153" lon="-71.5294129">
        <ele>958</ele>
      </trkpt>
      <trkpt lat="-40.4348806" lon="-71.529437">
        <ele>959.8</ele>
      </trkpt>
      <trkpt lat="-40.4347438" lon="-71.5294853">
        <ele>961.2</ele>
      </trkpt>
      <trkpt lat="-40.4345866" lon="-71.5295872">
        <ele>962.2</ele>
      </trkpt>
      <trkpt lat="-40.4342375" lon="-71.5299332">
        <ele>963.8</ele>
      </trkpt>
      <trkpt lat="-40.4339312" lon="-71.5302041">
        <ele>966</ele>
      </trkpt>
      <trkpt lat="-40.433774" lon="-71.5303034">
        <ele>967</ele>
      </trkpt>
      <trkpt lat="-40.4334862" lon="-71.5304321">
        <ele>969.2</ele>
      </trkpt>
      <trkpt lat="-40.4330411" lon="-71.5306413">
        <ele>970.5</ele>
      </trkpt>
      <trkpt lat="-40.4328288" lon="-71.5306896">
        <ele>970.2</ele>
      </trkpt>
      <trkpt lat="-40.4326614" lon="-71.5306869">
        <ele>970</ele>
      </trkpt>
      <trkpt lat="-40.4325552" lon="-71.5306574">
        <ele>970.1</ele>
      </trkpt>
      <trkpt lat="-40.432398" lon="-71.5306064">
        <ele>970.2</ele>
      </trkpt>
      <trkpt lat="-40.4322469" lon="-71.5305206">
        <ele>970.5</ele>
      </trkpt>
      <trkpt lat="-40.432102" lon="-71.5303919">
        <ele>971.5</ele>
      </trkpt>
      <trkpt lat="-40.4319386" lon="-71.5302068">
        <ele>972.5</ele>
      </trkpt>
      <trkpt lat="-40.4317569" lon="-71.5299225">
        <ele>974.2</ele>
      </trkpt>
      <trkpt lat="-40.4316161" lon="-71.5296999">
        <ele>976.2</ele>
      </trkpt>
      <trkpt lat="-40.431173" lon="-71.5289757">
        <ele>981.5</ele>
      </trkpt>
      <trkpt lat="-40.4309688" lon="-71.5286055">
        <ele>984.2</ele>
      </trkpt>
      <trkpt lat="-40.4308872" lon="-71.528399">
        <ele>986.8</ele>
      </trkpt>
      <trkpt lat="-40.4308096" lon="-71.5280905">
        <ele>989.8</ele>
      </trkpt>
      <trkpt lat="-40.4307912" lon="-71.5279779">
        <ele>990.8</ele>
      </trkpt>
      <trkpt lat="-40.4307708" lon="-71.5278518">
        <ele>992</ele>
      </trkpt>
      <trkpt lat="-40.4307136" lon="-71.5272537">
        <ele>996.5</ele>
      </trkpt>
      <trkpt lat="-40.4306932" lon="-71.5270257">
        <ele>997.8</ele>
      </trkpt>
      <trkpt lat="-40.4306299" lon="-71.5264437">
        <ele>1000</ele>
      </trkpt>
      <trkpt lat="-40.4304339" lon="-71.5252179">
        <ele>1003.8</ele>
      </trkpt>
      <trkpt lat="-40.4303686" lon="-71.5246975">
        <ele>1006.2</ele>
      </trkpt>
      <trkpt lat="-40.4302543" lon="-71.5231419">
        <ele>1010</ele>
      </trkpt>
      <trkpt lat="-40.4301991" lon="-71.5228415">
        <ele>1011</ele>
      </trkpt>
      <trkpt lat="-40.430095" lon="-71.5224847">
        <ele>1012.8</ele>
      </trkpt>
      <trkpt lat="-40.4299766" lon="-71.5221843">
        <ele>1014.8</ele>
      </trkpt>
      <trkpt lat="-40.4297806" lon="-71.5218893">
        <ele>1015.2</ele>
      </trkpt>
      <trkpt lat="-40.4294907" lon="-71.5214494">
        <ele>1015.8</ele>
      </trkpt>
      <trkpt lat="-40.4286066" lon="-71.5199152">
        <ele>1011</ele>
      </trkpt>
      <trkpt lat="-40.4284065" lon="-71.5194699">
        <ele>1010.2</ele>
      </trkpt>
      <trkpt lat="-40.4283065" lon="-71.5190837">
        <ele>1010.8</ele>
      </trkpt>
      <trkpt lat="-40.4282697" lon="-71.5186733">
        <ele>1012.2</ele>
      </trkpt>
      <trkpt lat="-40.4282697" lon="-71.5182576">
        <ele>1013.8</ele>
      </trkpt>
      <trkpt lat="-40.428578" lon="-71.5156639">
        <ele>1012.2</ele>
      </trkpt>
      <trkpt lat="-40.428627" lon="-71.5152052">
        <ele>1010.8</ele>
      </trkpt>
      <trkpt lat="-40.4286168" lon="-71.5148941">
        <ele>1010.5</ele>
      </trkpt>
      <trkpt lat="-40.4285535" lon="-71.5143871">
        <ele>1010</ele>
      </trkpt>
      <trkpt lat="-40.4284841" lon="-71.5140277">
        <ele>1010.5</ele>
      </trkpt>
      <trkpt lat="-40.4284147" lon="-71.5137863">
        <ele>1011.8</ele>
      </trkpt>
      <trkpt lat="-40.4283126" lon="-71.5135449">
        <ele>1012.5</ele>
      </trkpt>
      <trkpt lat="-40.4281921" lon="-71.5133491">
        <ele>1012.6</ele>
      </trkpt>
      <trkpt lat="-40.4279941" lon="-71.5130621">
        <ele>1012.8</ele>
      </trkpt>
      <trkpt lat="-40.4275143" lon="-71.5125203">
        <ele>1011.2</ele>
      </trkpt>
      <trkpt lat="-40.4272305" lon="-71.5122306">
        <ele>1009.8</ele>
      </trkpt>
      <trkpt lat="-40.4262933" lon="-71.5111336">
        <ele>1007.5</ele>
      </trkpt>
      <trkpt lat="-40.4249416" lon="-71.5095779">
        <ele>1012</ele>
      </trkpt>
      <trkpt lat="-40.4238716" lon="-71.5084434">
        <ele>1014.2</ele>
      </trkpt>
      <trkpt lat="-40.4235817" lon="-71.508151">
        <ele>1014</ele>
      </trkpt>
      <trkpt lat="-40.4234041" lon="-71.5079901">
        <ele>1014.5</ele>
      </trkpt>
      <trkpt lat="-40.4232223" lon="-71.5078506">
        <ele>1015</ele>
      </trkpt>
      <trkpt lat="-40.422718" lon="-71.5075395">
        <ele>1013.8</ele>
      </trkpt>
      <trkpt lat="-40.4203268" lon="-71.5060937">
        <ele>1020.8</ele>
      </trkpt>
      <trkpt lat="-40.4162693" lon="-71.5035966">
        <ele>1021.5</ele>
      </trkpt>
      <trkpt lat="-40.4159732" lon="-71.503382">
        <ele>1021.9</ele>
      </trkpt>
      <trkpt lat="-40.4157322" lon="-71.5031675">
        <ele>1022.2</ele>
      </trkpt>
      <trkpt lat="-40.4155729" lon="-71.5030012">
        <ele>1023</ele>
      </trkpt>
      <trkpt lat="-40.4154014" lon="-71.5027973">
        <ele>1023.8</ele>
      </trkpt>
      <trkpt lat="-40.4152176" lon="-71.5025425">
        <ele>1024.8</ele>
      </trkpt>
      <trkpt lat="-40.413737" lon="-71.5002197">
        <ele>1026</ele>
      </trkpt>
      <trkpt lat="-40.4120502" lon="-71.4975938">
        <ele>1020</ele>
      </trkpt>
      <trkpt lat="-40.4119154" lon="-71.4973792">
        <ele>1020.2</ele>
      </trkpt>
      <trkpt lat="-40.4117826" lon="-71.4971942">
        <ele>1021.8</ele>
      </trkpt>
      <trkpt lat="-40.4116621" lon="-71.4970493">
        <ele>1022.8</ele>
      </trkpt>
      <trkpt lat="-40.4115437" lon="-71.4969313">
        <ele>1023</ele>
      </trkpt>
      <trkpt lat="-40.411368" lon="-71.4967892">
        <ele>1023.2</ele>
      </trkpt>
      <trkpt lat="-40.4112128" lon="-71.4966658">
        <ele>1023.5</ele>
      </trkpt>
      <trkpt lat="-40.409532" lon="-71.4956439">
        <ele>1029.2</ele>
      </trkpt>
      <trkpt lat="-40.4093748" lon="-71.4955232">
        <ele>1030</ele>
      </trkpt>
      <trkpt lat="-40.4092053" lon="-71.4953676">
        <ele>1031.2</ele>
      </trkpt>
      <trkpt lat="-40.4089704" lon="-71.4950994">
        <ele>1033</ele>
      </trkpt>
      <trkpt lat="-40.4076776" lon="-71.4933291">
        <ele>1026.5</ele>
      </trkpt>
      <trkpt lat="-40.4061111" lon="-71.4911726">
        <ele>1022.8</ele>
      </trkpt>
      <trkpt lat="-40.4057945" lon="-71.490781">
        <ele>1025.5</ele>
      </trkpt>
      <trkpt lat="-40.40558" lon="-71.4905503">
        <ele>1027</ele>
      </trkpt>
      <trkpt lat="-40.4053595" lon="-71.4903679">
        <ele>1027.5</ele>
      </trkpt>
      <trkpt lat="-40.4001837" lon="-71.4870045">
        <ele>1030.8</ele>
      </trkpt>
      <trkpt lat="-40.3999672" lon="-71.4868274">
        <ele>1031.2</ele>
      </trkpt>
      <trkpt lat="-40.3997956" lon="-71.486637">
        <ele>1031.5</ele>
      </trkpt>
      <trkpt lat="-40.399622" lon="-71.4863822">
        <ele>1032.5</ele>
      </trkpt>
      <trkpt lat="-40.3995035" lon="-71.4861757">
        <ele>1033</ele>
      </trkpt>
      <trkpt lat="-40.3994565" lon="-71.4860979">
        <ele>1033.2</ele>
      </trkpt>
      <trkpt lat="-40.3993401" lon="-71.4858538">
        <ele>1033.8</ele>
      </trkpt>
      <trkpt lat="-40.3992339" lon="-71.4856392">
        <ele>1034</ele>
      </trkpt>
      <trkpt lat="-40.3991563" lon="-71.4854354">
        <ele>1033.8</ele>
      </trkpt>
      <trkpt lat="-40.3990153" lon="-71.4848131">
        <ele>1034.5</ele>
      </trkpt>
      <trkpt lat="-40.3989418" lon="-71.4841667">
        <ele>1036.5</ele>
      </trkpt>
      <trkpt lat="-40.3988662" lon="-71.4832655">
        <ele>1037</ele>
      </trkpt>
      <trkpt lat="-40.3988376" lon="-71.4829624">
        <ele>1037.5</ele>
      </trkpt>
      <trkpt lat="-40.398758" lon="-71.4820316">
        <ele>1037.8</ele>
      </trkpt>
      <trkpt lat="-40.3987294" lon="-71.4814255">
        <ele>1038.8</ele>
      </trkpt>
      <trkpt lat="-40.3987334" lon="-71.4811411">
        <ele>1040.2</ele>
      </trkpt>
      <trkpt lat="-40.3987825" lon="-71.4795935">
        <ele>1050.2</ele>
      </trkpt>
      <trkpt lat="-40.398758" lon="-71.4792877">
        <ele>1051.2</ele>
      </trkpt>
      <trkpt lat="-40.3987294" lon="-71.4790249">
        <ele>1051.8</ele>
      </trkpt>
      <trkpt lat="-40.398664" lon="-71.4786413">
        <ele>1053</ele>
      </trkpt>
      <trkpt lat="-40.3985925" lon="-71.4783221">
        <ele>1053.2</ele>
      </trkpt>
      <trkpt lat="-40.3984863" lon="-71.4779574">
        <ele>1054</ele>
      </trkpt>
      <trkpt lat="-40.3983801" lon="-71.4776784">
        <ele>1054.2</ele>
      </trkpt>
      <trkpt lat="-40.3982718" lon="-71.4774236">
        <ele>1054.5</ele>
      </trkpt>
      <trkpt lat="-40.3980165" lon="-71.4769274">
        <ele>1056</ele>
      </trkpt>
      <trkpt lat="-40.3968583" lon="-71.4750284">
        <ele>1057.2</ele>
      </trkpt>
      <trkpt lat="-40.395314" lon="-71.4724535">
        <ele>1069.8</ele>
      </trkpt>
      <trkpt lat="-40.3951403" lon="-71.4722362">
        <ele>1071</ele>
      </trkpt>
      <trkpt lat="-40.3949238" lon="-71.4720404">
        <ele>1071.2</ele>
      </trkpt>
      <trkpt lat="-40.394646" lon="-71.4718929">
        <ele>1071.5</ele>
      </trkpt>
      <trkpt lat="-40.3918964" lon="-71.470879">
        <ele>1060</ele>
      </trkpt>
      <trkpt lat="-40.3916635" lon="-71.4707315">
        <ele>1058.5</ele>
      </trkpt>
      <trkpt lat="-40.3914306" lon="-71.4705303">
        <ele>1058.1</ele>
      </trkpt>
      <trkpt lat="-40.391306" lon="-71.4703453">
        <ele>1057.8</ele>
      </trkpt>
      <trkpt lat="-40.3911793" lon="-71.4700958">
        <ele>1056.8</ele>
      </trkpt>
      <trkpt lat="-40.3903703" lon="-71.4681298">
        <ele>1056</ele>
      </trkpt>
      <trkpt lat="-40.389974" lon="-71.4672178">
        <ele>1058</ele>
      </trkpt>
      <trkpt lat="-40.3898698" lon="-71.4669979">
        <ele>1058.8</ele>
      </trkpt>
      <trkpt lat="-40.3897656" lon="-71.4668155">
        <ele>1059.2</ele>
      </trkpt>
      <trkpt lat="-40.3896717" lon="-71.4666894">
        <ele>1059.4</ele>
      </trkpt>
      <trkpt lat="-40.3895184" lon="-71.4665312">
        <ele>1059.5</ele>
      </trkpt>
      <trkpt lat="-40.3892427" lon="-71.4663032">
        <ele>1059.2</ele>
      </trkpt>
      <trkpt lat="-40.3856388" lon="-71.4640072">
        <ele>1059.8</ele>
      </trkpt>
      <trkpt lat="-40.3816507" lon="-71.4614645">
        <ele>1054</ele>
      </trkpt>
      <trkpt lat="-40.3767163" lon="-71.4583424">
        <ele>1045</ele>
      </trkpt>
      <trkpt lat="-40.3765855" lon="-71.4582592">
        <ele>1044.8</ele>
      </trkpt>
      <trkpt lat="-40.3763648" lon="-71.4581922">
        <ele>1044.2</ele>
      </trkpt>
      <trkpt lat="-40.3760338" lon="-71.4581573">
        <ele>1043</ele>
      </trkpt>
      <trkpt lat="-40.3759235" lon="-71.45816">
        <ele>1042.5</ele>
      </trkpt>
      <trkpt lat="-40.3757988" lon="-71.4581653">
        <ele>1042</ele>
      </trkpt>
      <trkpt lat="-40.3744584" lon="-71.4583263">
        <ele>1040</ele>
      </trkpt>
      <trkpt lat="-40.3735143" lon="-71.4584631">
        <ele>1038.5</ele>
      </trkpt>
      <trkpt lat="-40.3728625" lon="-71.458557">
        <ele>1035.8</ele>
      </trkpt>
      <trkpt lat="-40.3727011" lon="-71.4585811">
        <ele>1034.8</ele>
      </trkpt>
      <trkpt lat="-40.3726541" lon="-71.4585784">
        <ele>1034.5</ele>
      </trkpt>
      <trkpt lat="-40.3723966" lon="-71.4585704">
        <ele>1033.8</ele>
      </trkpt>
      <trkpt lat="-40.3721166" lon="-71.4585489">
        <ele>1033</ele>
      </trkpt>
      <trkpt lat="-40.3716998" lon="-71.4584416">
        <ele>1032.2</ele>
      </trkpt>
      <trkpt lat="-40.3714729" lon="-71.4583638">
        <ele>1031.8</ele>
      </trkpt>
      <trkpt lat="-40.3712277" lon="-71.4582485">
        <ele>1031.9</ele>
      </trkpt>
      <trkpt lat="-40.3709253" lon="-71.4580768">
        <ele>1032</ele>
      </trkpt>
      <trkpt lat="-40.3707659" lon="-71.4579588">
        <ele>1032.2</ele>
      </trkpt>
      <trkpt lat="-40.3704226" lon="-71.4576665">
        <ele>1033.2</ele>
      </trkpt>
      <trkpt lat="-40.3700813" lon="-71.4573446">
        <ele>1033.4</ele>
      </trkpt>
      <trkpt lat="-40.369832" lon="-71.4570925">
        <ele>1033.5</ele>
      </trkpt>
      <trkpt lat="-40.3693375" lon="-71.4565855">
        <ele>1033.2</ele>
      </trkpt>
      <trkpt lat="-40.3679336" lon="-71.4551264">
        <ele>1028.8</ele>
      </trkpt>
      <trkpt lat="-40.3677905" lon="-71.454995">
        <ele>1028</ele>
      </trkpt>
      <trkpt lat="-40.3658429" lon="-71.452986">
        <ele>1024</ele>
      </trkpt>
      <trkpt lat="-40.363926" lon="-71.4510012">
        <ele>1023.8</ele>
      </trkpt>
      <trkpt lat="-40.3634988" lon="-71.4506257">
        <ele>1022.5</ele>
      </trkpt>
      <trkpt lat="-40.3632291" lon="-71.4504138">
        <ele>1023.5</ele>
      </trkpt>
      <trkpt lat="-40.3629654" lon="-71.4502287">
        <ele>1024.2</ele>
      </trkpt>
      <trkpt lat="-40.3624811" lon="-71.4499846">
        <ele>1023.5</ele>
      </trkpt>
      <trkpt lat="-40.3620049" lon="-71.44977">
        <ele>1023.2</ele>
      </trkpt>
      <trkpt lat="-40.3592662" lon="-71.4490324">
        <ele>1012.2</ele>
      </trkpt>
      <trkpt lat="-40.3579724" lon="-71.4486462">
        <ele>1015.5</ele>
      </trkpt>
      <trkpt lat="-40.3578743" lon="-71.4486167">
        <ele>1015.8</ele>
      </trkpt>
      <trkpt lat="-40.3510351" lon="-71.446723">
        <ele>1009</ele>
      </trkpt>
      <trkpt lat="-40.3507203" lon="-71.4466184">
        <ele>1008.2</ele>
      </trkpt>
      <trkpt lat="-40.3504076" lon="-71.446479">
        <ele>1008.5</ele>
      </trkpt>
      <trkpt lat="-40.3498925" lon="-71.4461732">
        <ele>1011</ele>
      </trkpt>
      <trkpt lat="-40.3491157" lon="-71.4455831">
        <ele>1015</ele>
      </trkpt>
      <trkpt lat="-40.3465768" lon="-71.4433944">
        <ele>1014.8</ele>
      </trkpt>
      <trkpt lat="-40.3459431" lon="-71.4427319">
        <ele>1013.3</ele>
      </trkpt>
      <trkpt lat="-40.345708" lon="-71.4424583">
        <ele>1012.8</ele>
      </trkpt>
      <trkpt lat="-40.3455097" lon="-71.4421928">
        <ele>1012.2</ele>
      </trkpt>
      <trkpt lat="-40.3453074" lon="-71.4418924">
        <ele>1012.8</ele>
      </trkpt>
      <trkpt lat="-40.3451152" lon="-71.4415839">
        <ele>1013</ele>
      </trkpt>
      <trkpt lat="-40.3447574" lon="-71.4408785">
        <ele>1014.2</ele>
      </trkpt>
      <trkpt lat="-40.3445878" lon="-71.440495">
        <ele>1013.2</ele>
      </trkpt>
      <trkpt lat="-40.3444426" lon="-71.4401329">
        <ele>1011.5</ele>
      </trkpt>
      <trkpt lat="-40.3442627" lon="-71.4395937">
        <ele>1008.5</ele>
      </trkpt>
      <trkpt lat="-40.3441196" lon="-71.4390439">
        <ele>1005.8</ele>
      </trkpt>
      <trkpt lat="-40.3436842" lon="-71.4367211">
        <ele>1000</ele>
      </trkpt>
      <trkpt lat="-40.3430075" lon="-71.4328668">
        <ele>1004.2</ele>
      </trkpt>
      <trkpt lat="-40.3427234" lon="-71.4312118">
        <ele>1006.2</ele>
      </trkpt>
      <trkpt lat="-40.342339" lon="-71.4291117">
        <ele>1008.8</ele>
      </trkpt>
      <trkpt lat="-40.3421877" lon="-71.4282078">
        <ele>1007.7</ele>
      </trkpt>
      <trkpt lat="-40.342016" lon="-71.4273655">
        <ele>1006.8</ele>
      </trkpt>
      <trkpt lat="-40.3419404" lon="-71.4270464">
        <ele>1007.8</ele>
      </trkpt>
      <trkpt lat="-40.341832" lon="-71.4266467">
        <ele>1010</ele>
      </trkpt>
      <trkpt lat="-40.3417012" lon="-71.4262336">
        <ele>1011.2</ele>
      </trkpt>
      <trkpt lat="-40.3414967" lon="-71.4257187">
        <ele>1012</ele>
      </trkpt>
      <trkpt lat="-40.341231" lon="-71.425193">
        <ele>1013.8</ele>
      </trkpt>
      <trkpt lat="-40.341047" lon="-71.424804">
        <ele>1015.5</ele>
      </trkpt>
      <trkpt lat="-40.3408773" lon="-71.424517">
        <ele>1017.2</ele>
      </trkpt>
      <trkpt lat="-40.3407158" lon="-71.4242435">
        <ele>1019</ele>
      </trkpt>
      <trkpt lat="-40.3405318" lon="-71.4239645">
        <ele>1019.3</ele>
      </trkpt>
      <trkpt lat="-40.3403437" lon="-71.4237151">
        <ele>1019.6</ele>
      </trkpt>
      <trkpt lat="-40.3398837" lon="-71.4231277">
        <ele>1020.2</ele>
      </trkpt>
      <trkpt lat="-40.3388431" lon="-71.4220977">
        <ele>1019</ele>
      </trkpt>
      <trkpt lat="-40.3378863" lon="-71.4212206">
        <ele>1018</ele>
      </trkpt>
      <trkpt lat="-40.3370071" lon="-71.4203972">
        <ele>1019.5</ele>
      </trkpt>
      <trkpt lat="-40.3359971" lon="-71.4194021">
        <ele>1032.2</ele>
      </trkpt>
      <trkpt lat="-40.3356209" lon="-71.4191177">
        <ele>1034.8</ele>
      </trkpt>
      <trkpt lat="-40.3353204" lon="-71.4189005">
        <ele>1035.5</ele>
      </trkpt>
      <trkpt lat="-40.3350423" lon="-71.4187422">
        <ele>1035.2</ele>
      </trkpt>
      <trkpt lat="-40.3347765" lon="-71.4186296">
        <ele>1034.5</ele>
      </trkpt>
      <trkpt lat="-40.3338258" lon="-71.4182675">
        <ele>1029.2</ele>
      </trkpt>
      <trkpt lat="-40.333286" lon="-71.4180851">
        <ele>1028.8</ele>
      </trkpt>
      <trkpt lat="-40.3331163" lon="-71.41801">
        <ele>1029.2</ele>
      </trkpt>
      <trkpt lat="-40.3330775" lon="-71.4179751">
        <ele>1029.8</ele>
      </trkpt>
      <trkpt lat="-40.3329343" lon="-71.4178544">
        <ele>1030.8</ele>
      </trkpt>
      <trkpt lat="-40.3327749" lon="-71.4176479">
        <ele>1032.5</ele>
      </trkpt>
      <trkpt lat="-40.3325827" lon="-71.4172858">
        <ele>1034</ele>
      </trkpt>
      <trkpt lat="-40.332552" lon="-71.4172214">
        <ele>1034.2</ele>
      </trkpt>
      <trkpt lat="-40.3323025" lon="-71.4168486">
        <ele>1035.8</ele>
      </trkpt>
      <trkpt lat="-40.3321103" lon="-71.4166448">
        <ele>1034.5</ele>
      </trkpt>
      <trkpt lat="-40.3318609" lon="-71.4164785">
        <ele>1032</ele>
      </trkpt>
      <trkpt lat="-40.3315297" lon="-71.4162317">
        <ele>1032.2</ele>
      </trkpt>
      <trkpt lat="-40.331362" lon="-71.41606">
        <ele>1033.5</ele>
      </trkpt>
      <trkpt lat="-40.331227" lon="-71.4158937">
        <ele>1034.2</ele>
      </trkpt>
      <trkpt lat="-40.3310573" lon="-71.415588">
        <ele>1035.8</ele>
      </trkpt>
      <trkpt lat="-40.3309347" lon="-71.4152634">
        <ele>1036.8</ele>
      </trkpt>
      <trkpt lat="-40.330859" lon="-71.4149255">
        <ele>1036.2</ele>
      </trkpt>
      <trkpt lat="-40.3301822" lon="-71.4110604">
        <ele>1028.8</ele>
      </trkpt>
      <trkpt lat="-40.3299164" lon="-71.4095664">
        <ele>1033.5</ele>
      </trkpt>
      <trkpt lat="-40.3298428" lon="-71.4090407">
        <ele>1033.7</ele>
      </trkpt>
      <trkpt lat="-40.3298182" lon="-71.4087617">
        <ele>1033.8</ele>
      </trkpt>
      <trkpt lat="-40.3297794" lon="-71.4083433">
        <ele>1033.5</ele>
      </trkpt>
      <trkpt lat="-40.3297405" lon="-71.4077479">
        <ele>1033</ele>
      </trkpt>
      <trkpt lat="-40.3293848" lon="-71.4007822">
        <ele>1012.2</ele>
      </trkpt>
      <trkpt lat="-40.3292948" lon="-71.3999641">
        <ele>1012.5</ele>
      </trkpt>
      <trkpt lat="-40.3292232" lon="-71.39961">
        <ele>1013</ele>
      </trkpt>
      <trkpt lat="-40.3288797" lon="-71.3980812">
        <ele>1016.8</ele>
      </trkpt>
      <trkpt lat="-40.3284176" lon="-71.3961929">
        <ele>1013.5</ele>
      </trkpt>
      <trkpt lat="-40.3282724" lon="-71.3957745">
        <ele>1013.2</ele>
      </trkpt>
      <trkpt lat="-40.3280945" lon="-71.3954124">
        <ele>1013</ele>
      </trkpt>
      <trkpt lat="-40.3278307" lon="-71.3950315">
        <ele>1012.5</ele>
      </trkpt>
      <trkpt lat="-40.3275158" lon="-71.3946506">
        <ele>1011</ele>
      </trkpt>
      <trkpt lat="-40.3268206" lon="-71.3939452">
        <ele>1006.8</ele>
      </trkpt>
      <trkpt lat="-40.3263421" lon="-71.3933927">
        <ele>1002.2</ele>
      </trkpt>
      <trkpt lat="-40.3261519" lon="-71.3931218">
        <ele>1001.2</ele>
      </trkpt>
      <trkpt lat="-40.3260149" lon="-71.3927945">
        <ele>1000.3</ele>
      </trkpt>
      <trkpt lat="-40.3259454" lon="-71.3925853">
        <ele>999.8</ele>
      </trkpt>
      <trkpt lat="-40.3259045" lon="-71.3923681">
        <ele>999.2</ele>
      </trkpt>
      <trkpt lat="-40.3258759" lon="-71.3920221">
        <ele>999</ele>
      </trkpt>
      <trkpt lat="-40.3258922" lon="-71.3916117">
        <ele>999.5</ele>
      </trkpt>
      <trkpt lat="-40.3261867" lon="-71.3901821">
        <ele>1010</ele>
      </trkpt>
      <trkpt lat="-40.3265057" lon="-71.3888034">
        <ele>1013.8</ele>
      </trkpt>
      <trkpt lat="-40.3265854" lon="-71.3882643">
        <ele>1014.2</ele>
      </trkpt>
      <trkpt lat="-40.3266141" lon="-71.3878191">
        <ele>1013</ele>
      </trkpt>
      <trkpt lat="-40.326612" lon="-71.387457">
        <ele>1011.8</ele>
      </trkpt>
      <trkpt lat="-40.3265957" lon="-71.3871324">
        <ele>1010.5</ele>
      </trkpt>
      <trkpt lat="-40.3265589" lon="-71.3867596">
        <ele>1009</ele>
      </trkpt>
      <trkpt lat="-40.3264996" lon="-71.386435">
        <ele>1006.5</ele>
      </trkpt>
      <trkpt lat="-40.3263298" lon="-71.3857859">
        <ele>1000.8</ele>
      </trkpt>
      <trkpt lat="-40.3262092" lon="-71.3854721">
        <ele>997.2</ele>
      </trkpt>
      <trkpt lat="-40.3260783" lon="-71.3851878">
        <ele>994.8</ele>
      </trkpt>
      <trkpt lat="-40.3258268" lon="-71.3848203">
        <ele>991.5</ele>
      </trkpt>
      <trkpt lat="-40.3255405" lon="-71.3845173">
        <ele>988.2</ele>
      </trkpt>
      <trkpt lat="-40.3251868" lon="-71.3842866">
        <ele>983.2</ele>
      </trkpt>
      <trkpt lat="-40.3248125" lon="-71.3840801">
        <ele>978.8</ele>
      </trkpt>
      <trkpt lat="-40.3245467" lon="-71.3839674">
        <ele>975</ele>
      </trkpt>
      <trkpt lat="-40.3242134" lon="-71.3838869">
        <ele>971.2</ele>
      </trkpt>
      <trkpt lat="-40.3237533" lon="-71.3838708">
        <ele>966.8</ele>
      </trkpt>
      <trkpt lat="-40.3233054" lon="-71.3838923">
        <ele>964.5</ele>
      </trkpt>
      <trkpt lat="-40.3210683" lon="-71.3839754">
        <ele>966</ele>
      </trkpt>
      <trkpt lat="-40.3207636" lon="-71.3839781">
        <ele>966.5</ele>
      </trkpt>
      <trkpt lat="-40.3204936" lon="-71.3839513">
        <ele>967</ele>
      </trkpt>
      <trkpt lat="-40.3199701" lon="-71.3838467">
        <ele>966.5</ele>
      </trkpt>
      <trkpt lat="-40.3196367" lon="-71.3837555">
        <ele>964.5</ele>
      </trkpt>
      <trkpt lat="-40.319283" lon="-71.3836133">
        <ele>961</ele>
      </trkpt>
      <trkpt lat="-40.3186633" lon="-71.3832432">
        <ele>955.8</ele>
      </trkpt>
      <trkpt lat="-40.3179393" lon="-71.3827658">
        <ele>955.5</ele>
      </trkpt>
      <trkpt lat="-40.3177001" lon="-71.3826075">
        <ele>956</ele>
      </trkpt>
      <trkpt lat="-40.3166059" lon="-71.3819048">
        <ele>954.8</ele>
      </trkpt>
      <trkpt lat="-40.3162398" lon="-71.381658">
        <ele>953.8</ele>
      </trkpt>
      <trkpt lat="-40.3159269" lon="-71.3814461">
        <ele>953</ele>
      </trkpt>
      <trkpt lat="-40.3157081" lon="-71.3813093">
        <ele>953</ele>
      </trkpt>
      <trkpt lat="-40.3154893" lon="-71.3811994">
        <ele>953.2</ele>
      </trkpt>
      <trkpt lat="-40.3152479" lon="-71.3811162">
        <ele>954.5</ele>
      </trkpt>
      <trkpt lat="-40.3152173" lon="-71.3811082">
        <ele>954.8</ele>
      </trkpt>
      <trkpt lat="-40.3149575" lon="-71.3810626">
        <ele>955.8</ele>
      </trkpt>
      <trkpt lat="-40.3147755" lon="-71.3810652">
        <ele>956.5</ele>
      </trkpt>
      <trkpt lat="-40.3146242" lon="-71.3810787">
        <ele>957.2</ele>
      </trkpt>
      <trkpt lat="-40.3143174" lon="-71.3811269">
        <ele>958.2</ele>
      </trkpt>
      <trkpt lat="-40.3142499" lon="-71.3811377">
        <ele>958.5</ele>
      </trkpt>
      <trkpt lat="-40.3138327" lon="-71.3812181">
        <ele>960.8</ele>
      </trkpt>
      <trkpt lat="-40.3137406" lon="-71.3812423">
        <ele>961.5</ele>
      </trkpt>
      <trkpt lat="-40.3134379" lon="-71.3813174">
        <ele>964</ele>
      </trkpt>
      <trkpt lat="-40.3132436" lon="-71.3814005">
        <ele>964.8</ele>
      </trkpt>
      <trkpt lat="-40.3130514" lon="-71.381481">
        <ele>965.2</ele>
      </trkpt>
      <trkpt lat="-40.3128632" lon="-71.3815802">
        <ele>966.2</ele>
      </trkpt>
      <trkpt lat="-40.3124112" lon="-71.3818914">
        <ele>966.8</ele>
      </trkpt>
      <trkpt lat="-40.3122415" lon="-71.3819799">
        <ele>967</ele>
      </trkpt>
      <trkpt lat="-40.3121228" lon="-71.3820067">
        <ele>967.8</ele>
      </trkpt>
      <trkpt lat="-40.3120124" lon="-71.381996">
        <ele>969.2</ele>
      </trkpt>
      <trkpt lat="-40.3114827" lon="-71.381937">
        <ele>975.5</ele>
      </trkpt>
      <trkpt lat="-40.3112618" lon="-71.3819048">
        <ele>977</ele>
      </trkpt>
      <trkpt lat="-40.3110634" lon="-71.3818914">
        <ele>978</ele>
      </trkpt>
      <trkpt lat="-40.3108936" lon="-71.3818914">
        <ele>979</ele>
      </trkpt>
      <trkpt lat="-40.3107239" lon="-71.3819236">
        <ele>979</ele>
      </trkpt>
      <trkpt lat="-40.3103925" lon="-71.3820416">
        <ele>979.1</ele>
      </trkpt>
      <trkpt lat="-40.309961" lon="-71.3822213">
        <ele>979.2</ele>
      </trkpt>
      <trkpt lat="-40.3097094" lon="-71.3823286">
        <ele>979.1</ele>
      </trkpt>
      <trkpt lat="-40.3095683" lon="-71.382401">
        <ele>979</ele>
      </trkpt>
      <trkpt lat="-40.3084822" lon="-71.3829562">
        <ele>980.2</ele>
      </trkpt>
      <trkpt lat="-40.3083144" lon="-71.3830474">
        <ele>980.8</ele>
      </trkpt>
      <trkpt lat="-40.3070463" lon="-71.3837394">
        <ele>986.5</ele>
      </trkpt>
      <trkpt lat="-40.3067702" lon="-71.3838896">
        <ele>991.5</ele>
      </trkpt>
      <trkpt lat="-40.3066311" lon="-71.3840076">
        <ele>993.8</ele>
      </trkpt>
      <trkpt lat="-40.3063386" lon="-71.3842919">
        <ele>998</ele>
      </trkpt>
      <trkpt lat="-40.3060563" lon="-71.3846004">
        <ele>999</ele>
      </trkpt>
      <trkpt lat="-40.3058968" lon="-71.3847399">
        <ele>1000</ele>
      </trkpt>
      <trkpt lat="-40.3056861" lon="-71.3848928">
        <ele>1000.5</ele>
      </trkpt>
      <trkpt lat="-40.3054611" lon="-71.3850215">
        <ele>1001.2</ele>
      </trkpt>
      <trkpt lat="-40.3052811" lon="-71.385102">
        <ele>1002.5</ele>
      </trkpt>
      <trkpt lat="-40.3051072" lon="-71.3851476">
        <ele>1003.1</ele>
      </trkpt>
      <trkpt lat="-40.3048413" lon="-71.3852227">
        <ele>1004</ele>
      </trkpt>
      <trkpt lat="-40.3039331" lon="-71.3853729">
        <ele>1007</ele>
      </trkpt>
      <trkpt lat="-40.303706" lon="-71.3854453">
        <ele>1009</ele>
      </trkpt>
      <trkpt lat="-40.3035199" lon="-71.3855472">
        <ele>1010.2</ele>
      </trkpt>
      <trkpt lat="-40.3033481" lon="-71.3856786">
        <ele>1011</ele>
      </trkpt>
      <trkpt lat="-40.3031681" lon="-71.3858745">
        <ele>1012</ele>
      </trkpt>
      <trkpt lat="-40.3021432" lon="-71.3871431">
        <ele>1018.2</ele>
      </trkpt>
      <trkpt lat="-40.3020123" lon="-71.3873094">
        <ele>1018.8</ele>
      </trkpt>
      <trkpt lat="-40.3018241" lon="-71.387465">
        <ele>1019.8</ele>
      </trkpt>
      <trkpt lat="-40.3017014" lon="-71.3875455">
        <ele>1020.8</ele>
      </trkpt>
      <trkpt lat="-40.3014989" lon="-71.3876608">
        <ele>1022.5</ele>
      </trkpt>
      <trkpt lat="-40.3011429" lon="-71.3878351">
        <ele>1023.3</ele>
      </trkpt>
      <trkpt lat="-40.3004413" lon="-71.3881972">
        <ele>1024.8</ele>
      </trkpt>
      <trkpt lat="-40.3002163" lon="-71.3882938">
        <ele>1024</ele>
      </trkpt>
      <trkpt lat="-40.2999565" lon="-71.3883662">
        <ele>1022.8</ele>
      </trkpt>
      <trkpt lat="-40.2996946" lon="-71.3883528">
        <ele>1022</ele>
      </trkpt>
      <trkpt lat="-40.2994655" lon="-71.3882884">
        <ele>1022.5</ele>
      </trkpt>
      <trkpt lat="-40.2992303" lon="-71.3881516">
        <ele>1023.5</ele>
      </trkpt>
      <trkpt lat="-40.298995" lon="-71.3878834">
        <ele>1026.2</ele>
      </trkpt>
      <trkpt lat="-40.29877" lon="-71.387524">
        <ele>1028.8</ele>
      </trkpt>
      <trkpt lat="-40.2984018" lon="-71.3867623">
        <ele>1034</ele>
      </trkpt>
      <trkpt lat="-40.2982218" lon="-71.3864082">
        <ele>1037.2</ele>
      </trkpt>
      <trkpt lat="-40.2980315" lon="-71.3861158">
        <ele>1039.8</ele>
      </trkpt>
      <trkpt lat="-40.297784" lon="-71.3858369">
        <ele>1039.2</ele>
      </trkpt>
      <trkpt lat="-40.2975815" lon="-71.3856867">
        <ele>1037.8</ele>
      </trkpt>
      <trkpt lat="-40.2973973" lon="-71.385566">
        <ele>1036.8</ele>
      </trkpt>
      <trkpt lat="-40.2965422" lon="-71.3851127">
        <ele>1041</ele>
      </trkpt>
      <trkpt lat="-40.2961167" lon="-71.3848874">
        <ele>1043.2</ele>
      </trkpt>
      <trkpt lat="-40.2956892" lon="-71.3846943">
        <ele>1045.5</ele>
      </trkpt>
      <trkpt lat="-40.2953127" lon="-71.3845682">
        <ele>1047.5</ele>
      </trkpt>
      <trkpt lat="-40.2950059" lon="-71.384477">
        <ele>1049.2</ele>
      </trkpt>
      <trkpt lat="-40.2941773" lon="-71.3842919">
        <ele>1054.5</ele>
      </trkpt>
      <trkpt lat="-40.293805" lon="-71.3842088">
        <ele>1056</ele>
      </trkpt>
      <trkpt lat="-40.2936781" lon="-71.384182">
        <ele>1056.8</ele>
      </trkpt>
      <trkpt lat="-40.2934797" lon="-71.3841632">
        <ele>1058</ele>
      </trkpt>
      <trkpt lat="-40.2932772" lon="-71.3841686">
        <ele>1059.2</ele>
      </trkpt>
      <trkpt lat="-40.2930869" lon="-71.3842115">
        <ele>1059.8</ele>
      </trkpt>
      <trkpt lat="-40.2922031" lon="-71.3845226">
        <ele>1061.8</ele>
      </trkpt>
      <trkpt lat="-40.2917837" lon="-71.3846567">
        <ele>1065.8</ele>
      </trkpt>
      <trkpt lat="-40.2912702" lon="-71.3848525">
        <ele>1071</ele>
      </trkpt>
      <trkpt lat="-40.2908753" lon="-71.3849974">
        <ele>1074.2</ele>
      </trkpt>
      <trkpt lat="-40.2907096" lon="-71.3850564">
        <ele>1075.2</ele>
      </trkpt>
      <trkpt lat="-40.2905398" lon="-71.3851556">
        <ele>1076</ele>
      </trkpt>
      <trkpt lat="-40.2903659" lon="-71.3852817">
        <ele>1077.2</ele>
      </trkpt>
      <trkpt lat="-40.2902001" lon="-71.3854533">
        <ele>1078.8</ele>
      </trkpt>
      <trkpt lat="-40.2900692" lon="-71.3856277">
        <ele>1079.8</ele>
      </trkpt>
      <trkpt lat="-40.2896948" lon="-71.3863036">
        <ele>1083</ele>
      </trkpt>
      <trkpt lat="-40.2888764" lon="-71.3879478">
        <ele>1082</ele>
      </trkpt>
      <trkpt lat="-40.2884161" lon="-71.3888517">
        <ele>1088.3</ele>
      </trkpt>
      <trkpt lat="-40.2882831" lon="-71.3890448">
        <ele>1089.8</ele>
      </trkpt>
      <trkpt lat="-40.2881337" lon="-71.3891736">
        <ele>1090</ele>
      </trkpt>
      <trkpt lat="-40.2879066" lon="-71.3892969">
        <ele>1089.8</ele>
      </trkpt>
      <trkpt lat="-40.2877511" lon="-71.3893184">
        <ele>1089.5</ele>
      </trkpt>
      <trkpt lat="-40.2875772" lon="-71.3893157">
        <ele>1089</ele>
      </trkpt>
      <trkpt lat="-40.2865665" lon="-71.389069">
        <ele>1087.2</ele>
      </trkpt>
      <trkpt lat="-40.2864151" lon="-71.3890556">
        <ele>1087</ele>
      </trkpt>
      <trkpt lat="-40.2862555" lon="-71.3890743">
        <ele>1086.8</ele>
      </trkpt>
      <trkpt lat="-40.2859649" lon="-71.3891414">
        <ele>1086.2</ele>
      </trkpt>
      <trkpt lat="-40.2853184" lon="-71.3893667">
        <ele>1085.6</ele>
      </trkpt>
      <trkpt lat="-40.2849624" lon="-71.389474">
        <ele>1085.2</ele>
      </trkpt>
      <trkpt lat="-40.284725" lon="-71.3895115">
        <ele>1084.8</ele>
      </trkpt>
      <trkpt lat="-40.2844917" lon="-71.389533">
        <ele>1085.2</ele>
      </trkpt>
      <trkpt lat="-40.284191" lon="-71.3895303">
        <ele>1086.2</ele>
      </trkpt>
      <trkpt lat="-40.2820261" lon="-71.3893908">
        <ele>1094</ele>
      </trkpt>
      <trkpt lat="-40.2804874" lon="-71.3892943">
        <ele>1090.2</ele>
      </trkpt>
      <trkpt lat="-40.2786908" lon="-71.3891789">
        <ele>1089.5</ele>
      </trkpt>
      <trkpt lat="-40.2785169" lon="-71.3891655">
        <ele>1089.8</ele>
      </trkpt>
      <trkpt lat="-40.2760347" lon="-71.3889751">
        <ele>1100.1</ele>
      </trkpt>
      <trkpt lat="-40.2759283" lon="-71.3889697">
        <ele>1100.5</ele>
      </trkpt>
      <trkpt lat="-40.2731206" lon="-71.3887793">
        <ele>1098.2</ele>
      </trkpt>
      <trkpt lat="-40.2713995" lon="-71.3886613">
        <ele>1102</ele>
      </trkpt>
      <trkpt lat="-40.2711805" lon="-71.3886532">
        <ele>1102.8</ele>
      </trkpt>
      <trkpt lat="-40.2705891" lon="-71.3886344">
        <ele>1103</ele>
      </trkpt>
      <trkpt lat="-40.2696906" lon="-71.3885513">
        <ele>1107.5</ele>
      </trkpt>
      <trkpt lat="-40.2694983" lon="-71.3885218">
        <ele>1108.2</ele>
      </trkpt>
      <trkpt lat="-40.2693079" lon="-71.3884413">
        <ele>1109</ele>
      </trkpt>
      <trkpt lat="-40.2690255" lon="-71.3882536">
        <ele>1110.2</ele>
      </trkpt>
      <trkpt lat="-40.2680779" lon="-71.3875911">
        <ele>1111</ele>
      </trkpt>
      <trkpt lat="-40.2673002" lon="-71.3870171">
        <ele>1110.2</ele>
      </trkpt>
      <trkpt lat="-40.2664939" lon="-71.3865316">
        <ele>1109.2</ele>
      </trkpt>
      <trkpt lat="-40.2659515" lon="-71.3862634">
        <ele>1108.2</ele>
      </trkpt>
      <trkpt lat="-40.2654419" lon="-71.386081">
        <ele>1107.2</ele>
      </trkpt>
      <trkpt lat="-40.2641279" lon="-71.3857216">
        <ele>1109.2</ele>
      </trkpt>
      <trkpt lat="-40.2618928" lon="-71.3852012">
        <ele>1110.8</ele>
      </trkpt>
      <trkpt lat="-40.2590088" lon="-71.3844475">
        <ele>1116</ele>
      </trkpt>
      <trkpt lat="-40.2570581" lon="-71.3839352">
        <ele>1123</ele>
      </trkpt>
      <trkpt lat="-40.2565935" lon="-71.3837421">
        <ele>1125.8</ele>
      </trkpt>
      <trkpt lat="-40.256178" lon="-71.3835275">
        <ele>1127.2</ele>
      </trkpt>
      <trkpt lat="-40.2558648" lon="-71.3833264">
        <ele>1127.8</ele>
      </trkpt>
      <trkpt lat="-40.2555925" lon="-71.3830635">
        <ele>1128.2</ele>
      </trkpt>
      <trkpt lat="-40.2550705" lon="-71.3825431">
        <ele>1130</ele>
      </trkpt>
      <trkpt lat="-40.2530583" lon="-71.3803169">
        <ele>1137.8</ele>
      </trkpt>
      <trkpt lat="-40.2524073" lon="-71.3796303">
        <ele>1140.5</ele>
      </trkpt>
      <trkpt lat="-40.2521064" lon="-71.3793835">
        <ele>1141.2</ele>
      </trkpt>
      <trkpt lat="-40.2516786" lon="-71.3791072">
        <ele>1141.8</ele>
      </trkpt>
      <trkpt lat="-40.2505854" lon="-71.3783884">
        <ele>1151.5</ele>
      </trkpt>
      <trkpt lat="-40.2503684" lon="-71.3782489">
        <ele>1153</ele>
      </trkpt>
      <trkpt lat="-40.2489845" lon="-71.3773853">
        <ele>1158.2</ele>
      </trkpt>
      <trkpt lat="-40.2486652" lon="-71.3771868">
        <ele>1157.2</ele>
      </trkpt>
      <trkpt lat="-40.2470929" lon="-71.3761836">
        <ele>1155.5</ele>
      </trkpt>
      <trkpt lat="-40.2450846" lon="-71.3748372">
        <ele>1167</ele>
      </trkpt>
      <trkpt lat="-40.244802" lon="-71.3746038">
        <ele>1170.2</ele>
      </trkpt>
      <trkpt lat="-40.244583" lon="-71.3743973">
        <ele>1172.5</ele>
      </trkpt>
      <trkpt lat="-40.2436699" lon="-71.3734129">
        <ele>1179.5</ele>
      </trkpt>
      <trkpt lat="-40.2433873" lon="-71.3731715">
        <ele>1177.8</ele>
      </trkpt>
      <trkpt lat="-40.243113" lon="-71.3729891">
        <ele>1175.5</ele>
      </trkpt>
      <trkpt lat="-40.2428079" lon="-71.3728201">
        <ele>1174.6</ele>
      </trkpt>
      <trkpt lat="-40.2425172" lon="-71.3726968">
        <ele>1173.8</ele>
      </trkpt>
      <trkpt lat="-40.2422306" lon="-71.3725787">
        <ele>1174.7</ele>
      </trkpt>
      <trkpt lat="-40.2421569" lon="-71.3725492">
        <ele>1174.6</ele>
      </trkpt>
      <trkpt lat="-40.2419091" lon="-71.37245">
        <ele>1174</ele>
      </trkpt>
      <trkpt lat="-40.2416532" lon="-71.3723427">
        <ele>1175.5</ele>
      </trkpt>
      <trkpt lat="-40.2413072" lon="-71.3722435">
        <ele>1176.2</ele>
      </trkpt>
      <trkpt lat="-40.2410513" lon="-71.3721952">
        <ele>1176.6</ele>
      </trkpt>
      <trkpt lat="-40.2408179" lon="-71.3721979">
        <ele>1177</ele>
      </trkpt>
      <trkpt lat="-40.2390263" lon="-71.3724044">
        <ele>1169.5</ele>
      </trkpt>
      <trkpt lat="-40.2375153" lon="-71.3725948">
        <ele>1166.5</ele>
      </trkpt>
      <trkpt lat="-40.2369256" lon="-71.3726592">
        <ele>1167</ele>
      </trkpt>
      <trkpt lat="-40.2362786" lon="-71.3726941">
        <ele>1166.5</ele>
      </trkpt>
      <trkpt lat="-40.2360902" lon="-71.3726807">
        <ele>1166</ele>
      </trkpt>
      <trkpt lat="-40.2359039" lon="-71.3726404">
        <ele>1165.8</ele>
      </trkpt>
      <trkpt lat="-40.2356643" lon="-71.3725358">
        <ele>1166.2</ele>
      </trkpt>
      <trkpt lat="-40.2353858" lon="-71.3723239">
        <ele>1167.8</ele>
      </trkpt>
      <trkpt lat="-40.2337477" lon="-71.3709426">
        <ele>1164.5</ele>
      </trkpt>
      <trkpt lat="-40.2333566" lon="-71.3706556">
        <ele>1162.8</ele>
      </trkpt>
      <trkpt lat="-40.2331293" lon="-71.3705188">
        <ele>1163.5</ele>
      </trkpt>
      <trkpt lat="-40.2329205" lon="-71.3704303">
        <ele>1164</ele>
      </trkpt>
      <trkpt lat="-40.2326809" lon="-71.3703632">
        <ele>1164.2</ele>
      </trkpt>
      <trkpt lat="-40.2323963" lon="-71.3703284">
        <ele>1164.1</ele>
      </trkpt>
      <trkpt lat="-40.2321096" lon="-71.3703203">
        <ele>1164</ele>
      </trkpt>
      <trkpt lat="-40.2318884" lon="-71.3703632">
        <ele>1163.8</ele>
      </trkpt>
      <trkpt lat="-40.2316611" lon="-71.3704303">
        <ele>1164</ele>
      </trkpt>
      <trkpt lat="-40.2311042" lon="-71.3706931">
        <ele>1163.2</ele>
      </trkpt>
      <trkpt lat="-40.2303117" lon="-71.3710982">
        <ele>1163</ele>
      </trkpt>
      <trkpt lat="-40.2280161" lon="-71.3722596">
        <ele>1155</ele>
      </trkpt>
      <trkpt lat="-40.2278236" lon="-71.3723186">
        <ele>1154</ele>
      </trkpt>
      <trkpt lat="-40.2276209" lon="-71.3723373">
        <ele>1153.2</ele>
      </trkpt>
      <trkpt lat="-40.227195" lon="-71.3722515">
        <ele>1152.2</ele>
      </trkpt>
      <trkpt lat="-40.226898" lon="-71.372163">
        <ele>1150.5</ele>
      </trkpt>
      <trkpt lat="-40.2265355" lon="-71.3719994">
        <ele>1148.8</ele>
      </trkpt>
      <trkpt lat="-40.2261567" lon="-71.3717526">
        <ele>1146</ele>
      </trkpt>
      <trkpt lat="-40.2259867" lon="-71.3715649">
        <ele>1145.2</ele>
      </trkpt>
      <trkpt lat="-40.2258188" lon="-71.3712993">
        <ele>1145.5</ele>
      </trkpt>
      <trkpt lat="-40.225231" lon="-71.3701782">
        <ele>1147.2</ele>
      </trkpt>
      <trkpt lat="-40.2250058" lon="-71.3698027">
        <ele>1147.5</ele>
      </trkpt>
      <trkpt lat="-40.2248133" lon="-71.369521">
        <ele>1148.5</ele>
      </trkpt>
      <trkpt lat="-40.2245491" lon="-71.3692501">
        <ele>1146.8</ele>
      </trkpt>
      <trkpt lat="-40.2242296" lon="-71.3690436">
        <ele>1141.2</ele>
      </trkpt>
      <trkpt lat="-40.2238856" lon="-71.3688853">
        <ele>1137.2</ele>
      </trkpt>
      <trkpt lat="-40.2231381" lon="-71.3685876">
        <ele>1132.8</ele>
      </trkpt>
      <trkpt lat="-40.2228124" lon="-71.3684455">
        <ele>1130.5</ele>
      </trkpt>
      <trkpt lat="-40.2225503" lon="-71.3682121">
        <ele>1129.2</ele>
      </trkpt>
      <trkpt lat="-40.2223598" lon="-71.3679251">
        <ele>1130.5</ele>
      </trkpt>
      <trkpt lat="-40.221768" lon="-71.3669515">
        <ele>1128.5</ele>
      </trkpt>
      <trkpt lat="-40.220873" lon="-71.3656801">
        <ele>1123</ele>
      </trkpt>
      <trkpt lat="-40.2205084" lon="-71.3651812">
        <ele>1122.8</ele>
      </trkpt>
      <trkpt lat="-40.2203896" lon="-71.3649639">
        <ele>1122.5</ele>
      </trkpt>
      <trkpt lat="-40.2201091" lon="-71.3642853">
        <ele>1122.8</ele>
      </trkpt>
      <trkpt lat="-40.2199821" lon="-71.364111">
        <ele>1121.8</ele>
      </trkpt>
      <trkpt lat="-40.2198715" lon="-71.3639688">
        <ele>1121.5</ele>
      </trkpt>
      <trkpt lat="-40.219767" lon="-71.3638803">
        <ele>1121.2</ele>
      </trkpt>
      <trkpt lat="-40.2196237" lon="-71.3638026">
        <ele>1120</ele>
      </trkpt>
      <trkpt lat="-40.2195848" lon="-71.3637865">
        <ele>1119.5</ele>
      </trkpt>
      <trkpt lat="-40.2194639" lon="-71.3637382">
        <ele>1118.2</ele>
      </trkpt>
      <trkpt lat="-40.2193451" lon="-71.3637033">
        <ele>1117.2</ele>
      </trkpt>
      <trkpt lat="-40.2190871" lon="-71.3636389">
        <ele>1115</ele>
      </trkpt>
      <trkpt lat="-40.2189089" lon="-71.3636041">
        <ele>1114</ele>
      </trkpt>
      <trkpt lat="-40.2187532" lon="-71.363588">
        <ele>1113</ele>
      </trkpt>
      <trkpt lat="-40.2186201" lon="-71.3635933">
        <ele>1112</ele>
      </trkpt>
      <trkpt lat="-40.2184726" lon="-71.3636175">
        <ele>1110.8</ele>
      </trkpt>
      <trkpt lat="-40.2183068" lon="-71.3636658">
        <ele>1109.2</ele>
      </trkpt>
      <trkpt lat="-40.21819" lon="-71.3637221">
        <ele>1107.8</ele>
      </trkpt>
      <trkpt lat="-40.2180978" lon="-71.3637784">
        <ele>1106.5</ele>
      </trkpt>
      <trkpt lat="-40.2179872" lon="-71.3638669">
        <ele>1105</ele>
      </trkpt>
      <trkpt lat="-40.2178562" lon="-71.363993">
        <ele>1103.2</ele>
      </trkpt>
      <trkpt lat="-40.2175633" lon="-71.3643578">
        <ele>1099.5</ele>
      </trkpt>
      <trkpt lat="-40.2173585" lon="-71.3646045">
        <ele>1097.5</ele>
      </trkpt>
      <trkpt lat="-40.2172704" lon="-71.3647091">
        <ele>1096.8</ele>
      </trkpt>
      <trkpt lat="-40.2171844" lon="-71.3647977">
        <ele>1096</ele>
      </trkpt>
      <trkpt lat="-40.2171147" lon="-71.3648567">
        <ele>1095.2</ele>
      </trkpt>
      <trkpt lat="-40.2170287" lon="-71.3649291">
        <ele>1094.5</ele>
      </trkpt>
      <trkpt lat="-40.2169284" lon="-71.3649908">
        <ele>1094.4</ele>
      </trkpt>
      <trkpt lat="-40.2168587" lon="-71.3650256">
        <ele>1094.3</ele>
      </trkpt>
      <trkpt lat="-40.2167645" lon="-71.3650578">
        <ele>1094.2</ele>
      </trkpt>
      <trkpt lat="-40.2166334" lon="-71.3650846">
        <ele>1094</ele>
      </trkpt>
      <trkpt lat="-40.2164982" lon="-71.3651061">
        <ele>1093.5</ele>
      </trkpt>
      <trkpt lat="-40.2163672" lon="-71.3651007">
        <ele>1093</ele>
      </trkpt>
      <trkpt lat="-40.2162217" lon="-71.3650686">
        <ele>1092.2</ele>
      </trkpt>
      <trkpt lat="-40.2160968" lon="-71.3650203">
        <ele>1091.5</ele>
      </trkpt>
      <trkpt lat="-40.2159596" lon="-71.3649479">
        <ele>1090.5</ele>
      </trkpt>
      <trkpt lat="-40.2158408" lon="-71.3648674">
        <ele>1089.5</ele>
      </trkpt>
      <trkpt lat="-40.2157486" lon="-71.3647869">
        <ele>1088.8</ele>
      </trkpt>
      <trkpt lat="-40.2156503" lon="-71.3646716">
        <ele>1088.2</ele>
      </trkpt>
      <trkpt lat="-40.215554" lon="-71.3645321">
        <ele>1087.8</ele>
      </trkpt>
      <trkpt lat="-40.2154803" lon="-71.3644141">
        <ele>1087</ele>
      </trkpt>
      <trkpt lat="-40.2154189" lon="-71.3642907">
        <ele>1086.2</ele>
      </trkpt>
      <trkpt lat="-40.2150358" lon="-71.3629067">
        <ele>1082</ele>
      </trkpt>
      <trkpt lat="-40.2148474" lon="-71.3624802">
        <ele>1084</ele>
      </trkpt>
      <trkpt lat="-40.2146958" lon="-71.3622764">
        <ele>1084.5</ele>
      </trkpt>
      <trkpt lat="-40.2145443" lon="-71.3621235">
        <ele>1084</ele>
      </trkpt>
      <trkpt lat="-40.2142493" lon="-71.3619384">
        <ele>1081</ele>
      </trkpt>
      <trkpt lat="-40.2138602" lon="-71.3617346">
        <ele>1077</ele>
      </trkpt>
      <trkpt lat="-40.2135243" lon="-71.3615575">
        <ele>1072</ele>
      </trkpt>
      <trkpt lat="-40.2130388" lon="-71.3612974">
        <ele>1068.8</ele>
      </trkpt>
      <trkpt lat="-40.2114452" lon="-71.3602996">
        <ele>1058</ele>
      </trkpt>
      <trkpt lat="-40.2112691" lon="-71.3601494">
        <ele>1057.8</ele>
      </trkpt>
      <trkpt lat="-40.2111278" lon="-71.3599589">
        <ele>1057.5</ele>
      </trkpt>
      <trkpt lat="-40.21097" lon="-71.3596907">
        <ele>1057.2</ele>
      </trkpt>
      <trkpt lat="-40.2106894" lon="-71.358937">
        <ele>1056</ele>
      </trkpt>
      <trkpt lat="-40.2104498" lon="-71.358363">
        <ele>1054</ele>
      </trkpt>
      <trkpt lat="-40.2102265" lon="-71.3580331">
        <ele>1052</ele>
      </trkpt>
      <trkpt lat="-40.2099254" lon="-71.3577488">
        <ele>1051</ele>
      </trkpt>
      <trkpt lat="-40.2095956" lon="-71.357553">
        <ele>1048.2</ele>
      </trkpt>
      <trkpt lat="-40.2093334" lon="-71.3574591">
        <ele>1045.5</ele>
      </trkpt>
      <trkpt lat="-40.2090569" lon="-71.3573948">
        <ele>1043.2</ele>
      </trkpt>
      <trkpt lat="-40.2082109" lon="-71.3573143">
        <ele>1034.5</ele>
      </trkpt>
      <trkpt lat="-40.2075882" lon="-71.3573384">
        <ele>1028.8</ele>
      </trkpt>
      <trkpt lat="-40.2069941" lon="-71.3573545">
        <ele>1026.2</ele>
      </trkpt>
      <trkpt lat="-40.2068261" lon="-71.3573599">
        <ele>1025.5</ele>
      </trkpt>
      <trkpt lat="-40.2066254" lon="-71.3573304">
        <ele>1025.4</ele>
      </trkpt>
      <trkpt lat="-40.2063796" lon="-71.3572472">
        <ele>1025.2</ele>
      </trkpt>
      <trkpt lat="-40.2061542" lon="-71.3570836">
        <ele>1025</ele>
      </trkpt>
      <trkpt lat="-40.2059002" lon="-71.3567564">
        <ele>1024</ele>
      </trkpt>
      <trkpt lat="-40.2054004" lon="-71.3558954">
        <ele>1020.2</ele>
      </trkpt>
      <trkpt lat="-40.2050788" lon="-71.3555118">
        <ele>1019</ele>
      </trkpt>
      <trkpt lat="-40.2048166" lon="-71.3552839">
        <ele>1019.4</ele>
      </trkpt>
      <trkpt lat="-40.2045154" lon="-71.3551122">
        <ele>1019.8</ele>
      </trkpt>
      <trkpt lat="-40.204286" lon="-71.3550505">
        <ele>1018.8</ele>
      </trkpt>
      <trkpt lat="-40.2040566" lon="-71.3550398">
        <ele>1017.5</ele>
      </trkpt>
      <trkpt lat="-40.20378" lon="-71.3550505">
        <ele>1016.5</ele>
      </trkpt>
      <trkpt lat="-40.2035158" lon="-71.3550934">
        <ele>1015</ele>
      </trkpt>
      <trkpt lat="-40.2032597" lon="-71.3552034">
        <ele>1012.5</ele>
      </trkpt>
      <trkpt lat="-40.2030507" lon="-71.3553321">
        <ele>1010</ele>
      </trkpt>
      <trkpt lat="-40.2028479" lon="-71.3555011">
        <ele>1008</ele>
      </trkpt>
      <trkpt lat="-40.2025427" lon="-71.3558847">
        <ele>1005.8</ele>
      </trkpt>
      <trkpt lat="-40.2023849" lon="-71.3561851">
        <ele>1005</ele>
      </trkpt>
      <trkpt lat="-40.2022682" lon="-71.3564613">
        <ele>1004</ele>
      </trkpt>
      <trkpt lat="-40.2018277" lon="-71.3580412">
        <ele>997.2</ele>
      </trkpt>
      <trkpt lat="-40.2016188" lon="-71.3585454">
        <ele>993</ele>
      </trkpt>
      <trkpt lat="-40.2014733" lon="-71.3588002">
        <ele>989.5</ele>
      </trkpt>
      <trkpt lat="-40.2013299" lon="-71.358988">
        <ele>986.5</ele>
      </trkpt>
      <trkpt lat="-40.2011148" lon="-71.3591489">
        <ele>984.5</ele>
      </trkpt>
      <trkpt lat="-40.2007501" lon="-71.3593099">
        <ele>982.8</ele>
      </trkpt>
      <trkpt lat="-40.2000823" lon="-71.3594654">
        <ele>980.8</ele>
      </trkpt>
      <trkpt lat="-40.199861" lon="-71.359562">
        <ele>980.2</ele>
      </trkpt>
      <trkpt lat="-40.1996418" lon="-71.3597015">
        <ele>980</ele>
      </trkpt>
      <trkpt lat="-40.1991256" lon="-71.3601118">
        <ele>977</ele>
      </trkpt>
      <trkpt lat="-40.1989678" lon="-71.3601869">
        <ele>976.5</ele>
      </trkpt>
      <trkpt lat="-40.1987445" lon="-71.3602164">
        <ele>976</ele>
      </trkpt>
      <trkpt lat="-40.1985765" lon="-71.360195">
        <ele>975.8</ele>
      </trkpt>
      <trkpt lat="-40.1983368" lon="-71.3601065">
        <ele>975.5</ele>
      </trkpt>
      <trkpt lat="-40.1973616" lon="-71.3592589">
        <ele>974.2</ele>
      </trkpt>
      <trkpt lat="-40.197126" lon="-71.3589934">
        <ele>973.2</ele>
      </trkpt>
      <trkpt lat="-40.1969232" lon="-71.3586929">
        <ele>973</ele>
      </trkpt>
      <trkpt lat="-40.1966753" lon="-71.3581806">
        <ele>971.8</ele>
      </trkpt>
      <trkpt lat="-40.1963659" lon="-71.3573653">
        <ele>968</ele>
      </trkpt>
      <trkpt lat="-40.1961221" lon="-71.3569683">
        <ele>967</ele>
      </trkpt>
      <trkpt lat="-40.1958107" lon="-71.3567403">
        <ele>968</ele>
      </trkpt>
      <trkpt lat="-40.1956468" lon="-71.3567001">
        <ele>969.8</ele>
      </trkpt>
      <trkpt lat="-40.1954604" lon="-71.3566893">
        <ele>971.2</ele>
      </trkpt>
      <trkpt lat="-40.1951817" lon="-71.3567188">
        <ele>972</ele>
      </trkpt>
      <trkpt lat="-40.1950014" lon="-71.3568047">
        <ele>971</ele>
      </trkpt>
      <trkpt lat="-40.1948293" lon="-71.3569388">
        <ele>967.8</ele>
      </trkpt>
      <trkpt lat="-40.1946654" lon="-71.357097">
        <ele>964.2</ele>
      </trkpt>
      <trkpt lat="-40.1946347" lon="-71.3571507">
        <ele>963</ele>
      </trkpt>
      <trkpt lat="-40.1945015" lon="-71.357376">
        <ele>959.8</ele>
      </trkpt>
      <trkpt lat="-40.1944093" lon="-71.3576335">
        <ele>958.8</ele>
      </trkpt>
      <trkpt lat="-40.1943581" lon="-71.3579017">
        <ele>958.5</ele>
      </trkpt>
      <trkpt lat="-40.1943417" lon="-71.3582021">
        <ele>959.2</ele>
      </trkpt>
      <trkpt lat="-40.1943704" lon="-71.3585401">
        <ele>959.8</ele>
      </trkpt>
      <trkpt lat="-40.194438" lon="-71.3588431">
        <ele>959</ele>
      </trkpt>
      <trkpt lat="-40.1946019" lon="-71.3595888">
        <ele>960.2</ele>
      </trkpt>
      <trkpt lat="-40.1947884" lon="-71.3602889">
        <ele>959.5</ele>
      </trkpt>
      <trkpt lat="-40.1949133" lon="-71.3606134">
        <ele>958</ele>
      </trkpt>
      <trkpt lat="-40.1950936" lon="-71.3609272">
        <ele>956.8</ele>
      </trkpt>
      <trkpt lat="-40.1952596" lon="-71.3611445">
        <ele>956.2</ele>
      </trkpt>
      <trkpt lat="-40.1954235" lon="-71.3613108">
        <ele>956</ele>
      </trkpt>
      <trkpt lat="-40.1962573" lon="-71.3620028">
        <ele>953.2</ele>
      </trkpt>
      <trkpt lat="-40.1964315" lon="-71.3621476">
        <ele>952</ele>
      </trkpt>
      <trkpt lat="-40.1966118" lon="-71.3623488">
        <ele>951.2</ele>
      </trkpt>
      <trkpt lat="-40.1968146" lon="-71.3626599">
        <ele>950.2</ele>
      </trkpt>
      <trkpt lat="-40.1981074" lon="-71.3650659">
        <ele>941</ele>
      </trkpt>
      <trkpt lat="-40.1982631" lon="-71.365259">
        <ele>941.3</ele>
      </trkpt>
      <trkpt lat="-40.1984249" lon="-71.3654092">
        <ele>941.5</ele>
      </trkpt>
      <trkpt lat="-40.1985191" lon="-71.3654575">
        <ele>941.6</ele>
      </trkpt>
      <trkpt lat="-40.1987732" lon="-71.3655862">
        <ele>941.8</ele>
      </trkpt>
      <trkpt lat="-40.1989862" lon="-71.3656318">
        <ele>941.6</ele>
      </trkpt>
      <trkpt lat="-40.1991993" lon="-71.3656452">
        <ele>941.5</ele>
      </trkpt>
      <trkpt lat="-40.1994288" lon="-71.3656104">
        <ele>941.8</ele>
      </trkpt>
      <trkpt lat="-40.1997914" lon="-71.365554">
        <ele>941.5</ele>
      </trkpt>
      <trkpt lat="-40.2000864" lon="-71.3655379">
        <ele>940.5</ele>
      </trkpt>
      <trkpt lat="-40.2003425" lon="-71.3655701">
        <ele>939</ele>
      </trkpt>
      <trkpt lat="-40.2005412" lon="-71.3656345">
        <ele>937.5</ele>
      </trkpt>
      <trkpt lat="-40.2007481" lon="-71.3657928">
        <ele>936.8</ele>
      </trkpt>
      <trkpt lat="-40.2012971" lon="-71.3663051">
        <ele>933.5</ele>
      </trkpt>
      <trkpt lat="-40.2015819" lon="-71.3666591">
        <ele>929</ele>
      </trkpt>
      <trkpt lat="-40.2016495" lon="-71.3668442">
        <ele>926.5</ele>
      </trkpt>
      <trkpt lat="-40.2016823" lon="-71.3670722">
        <ele>923.2</ele>
      </trkpt>
      <trkpt lat="-40.2016987" lon="-71.3672572">
        <ele>920.8</ele>
      </trkpt>
      <trkpt lat="-40.201672" lon="-71.3674745">
        <ele>918.2</ele>
      </trkpt>
      <trkpt lat="-40.2015901" lon="-71.3676569">
        <ele>917.2</ele>
      </trkpt>
      <trkpt lat="-40.2014487" lon="-71.3678366">
        <ele>917.5</ele>
      </trkpt>
      <trkpt lat="-40.2007891" lon="-71.3686761">
        <ele>914</ele>
      </trkpt>
      <trkpt lat="-40.2006846" lon="-71.3688478">
        <ele>912.2</ele>
      </trkpt>
      <trkpt lat="-40.2005678" lon="-71.3690811">
        <ele>910</ele>
      </trkpt>
      <trkpt lat="-40.2004551" lon="-71.3692635">
        <ele>908.8</ele>
      </trkpt>
      <trkpt lat="-40.2002523" lon="-71.3695076">
        <ele>907.8</ele>
      </trkpt>
      <trkpt lat="-40.1997873" lon="-71.3698938">
        <ele>910</ele>
      </trkpt>
      <trkpt lat="-40.1996582" lon="-71.3700119">
        <ele>911</ele>
      </trkpt>
      <trkpt lat="-40.199564" lon="-71.370154">
        <ele>910.8</ele>
      </trkpt>
      <trkpt lat="-40.1994779" lon="-71.370331">
        <ele>909.2</ele>
      </trkpt>
      <trkpt lat="-40.1992259" lon="-71.3709238">
        <ele>902.2</ele>
      </trkpt>
      <trkpt lat="-40.1990805" lon="-71.3711625">
        <ele>900</ele>
      </trkpt>
      <trkpt lat="-40.1988305" lon="-71.3714039">
        <ele>899.2</ele>
      </trkpt>
      <trkpt lat="-40.1983266" lon="-71.3717526">
        <ele>899.8</ele>
      </trkpt>
      <trkpt lat="-40.1969806" lon="-71.3725787">
        <ele>901</ele>
      </trkpt>
      <trkpt lat="-40.1968576" lon="-71.3726699">
        <ele>900.5</ele>
      </trkpt>
      <trkpt lat="-40.1967163" lon="-71.3728389">
        <ele>898.2</ele>
      </trkpt>
      <trkpt lat="-40.1965339" lon="-71.3731259">
        <ele>894.2</ele>
      </trkpt>
      <trkpt lat="-40.1962184" lon="-71.3737187">
        <ele>887.8</ele>
      </trkpt>
      <trkpt lat="-40.1960893" lon="-71.3738769">
        <ele>887.2</ele>
      </trkpt>
      <trkpt lat="-40.1959111" lon="-71.3739896">
        <ele>886.5</ele>
      </trkpt>
      <trkpt lat="-40.1956939" lon="-71.3740969">
        <ele>885.8</ele>
      </trkpt>
      <trkpt lat="-40.1954665" lon="-71.3741532">
        <ele>885.5</ele>
      </trkpt>
      <trkpt lat="-40.1940036" lon="-71.3741076">
        <ele>888</ele>
      </trkpt>
      <trkpt lat="-40.1937947" lon="-71.374121">
        <ele>888.5</ele>
      </trkpt>
      <trkpt lat="-40.1935898" lon="-71.3741612">
        <ele>889</ele>
      </trkpt>
      <trkpt lat="-40.1933992" lon="-71.3742605">
        <ele>888.5</ele>
      </trkpt>
      <trkpt lat="-40.1931944" lon="-71.3743919">
        <ele>887</ele>
      </trkpt>
      <trkpt lat="-40.1930263" lon="-71.3745689">
        <ele>884.5</ele>
      </trkpt>
      <trkpt lat="-40.1928522" lon="-71.3747889">
        <ele>882.8</ele>
      </trkpt>
      <trkpt lat="-40.1926862" lon="-71.3750651">
        <ele>880.8</ele>
      </trkpt>
      <trkpt lat="-40.1915696" lon="-71.3774416">
        <ele>860.5</ele>
      </trkpt>
      <trkpt lat="-40.1911393" lon="-71.3781416">
        <ele>857.5</ele>
      </trkpt>
      <trkpt lat="-40.1906537" lon="-71.3787881">
        <ele>855.8</ele>
      </trkpt>
      <trkpt lat="-40.1903259" lon="-71.3792494">
        <ele>854</ele>
      </trkpt>
      <trkpt lat="-40.1900247" lon="-71.3797322">
        <ele>851.2</ele>
      </trkpt>
      <trkpt lat="-40.1894038" lon="-71.38073">
        <ele>846.5</ele>
      </trkpt>
      <trkpt lat="-40.1885638" lon="-71.3819155">
        <ele>842.8</ele>
      </trkpt>
      <trkpt lat="-40.188365" lon="-71.3821998">
        <ele>839.8</ele>
      </trkpt>
      <trkpt lat="-40.188154" lon="-71.3824037">
        <ele>838.2</ele>
      </trkpt>
      <trkpt lat="-40.1879327" lon="-71.3825834">
        <ele>838</ele>
      </trkpt>
      <trkpt lat="-40.1877155" lon="-71.382696">
        <ele>838.8</ele>
      </trkpt>
      <trkpt lat="-40.1874778" lon="-71.3827899">
        <ele>839</ele>
      </trkpt>
      <trkpt lat="-40.1872606" lon="-71.3828596">
        <ele>839.2</ele>
      </trkpt>
      <trkpt lat="-40.1867176" lon="-71.3829857">
        <ele>838.8</ele>
      </trkpt>
      <trkpt lat="-40.1863938" lon="-71.3830689">
        <ele>837.2</ele>
      </trkpt>
      <trkpt lat="-40.1857996" lon="-71.3832995">
        <ele>833.8</ele>
      </trkpt>
      <trkpt lat="-40.1853099" lon="-71.3834658">
        <ele>831.5</ele>
      </trkpt>
      <trkpt lat="-40.1846521" lon="-71.3836294">
        <ele>830.2</ele>
      </trkpt>
      <trkpt lat="-40.1838447" lon="-71.3837662">
        <ele>828.2</ele>
      </trkpt>
      <trkpt lat="-40.1833673" lon="-71.3838735">
        <ele>826.8</ele>
      </trkpt>
      <trkpt lat="-40.1830988" lon="-71.3839701">
        <ele>824.8</ele>
      </trkpt>
      <trkpt lat="-40.1828161" lon="-71.3841739">
        <ele>821.5</ele>
      </trkpt>
      <trkpt lat="-40.182564" lon="-71.3844368">
        <ele>816.8</ele>
      </trkpt>
      <trkpt lat="-40.1823714" lon="-71.3846943">
        <ele>813.2</ele>
      </trkpt>
      <trkpt lat="-40.1822341" lon="-71.3849679">
        <ele>810.8</ele>
      </trkpt>
      <trkpt lat="-40.182105" lon="-71.3853112">
        <ele>808.5</ele>
      </trkpt>
      <trkpt lat="-40.1820128" lon="-71.385743">
        <ele>806.5</ele>
      </trkpt>
      <trkpt lat="-40.1819533" lon="-71.38625">
        <ele>804.5</ele>
      </trkpt>
      <trkpt lat="-40.1817587" lon="-71.3878646">
        <ele>806.5</ele>
      </trkpt>
      <trkpt lat="-40.1816234" lon="-71.3890287">
        <ele>803.2</ele>
      </trkpt>
      <trkpt lat="-40.1813099" lon="-71.3914186">
        <ele>788.5</ele>
      </trkpt>
      <trkpt lat="-40.1813017" lon="-71.3916948">
        <ele>785.5</ele>
      </trkpt>
      <trkpt lat="-40.181357" lon="-71.3919872">
        <ele>783.8</ele>
      </trkpt>
      <trkpt lat="-40.1814615" lon="-71.3922742">
        <ele>782.5</ele>
      </trkpt>
      <trkpt lat="-40.1817279" lon="-71.3929662">
        <ele>778.2</ele>
      </trkpt>
      <trkpt lat="-40.181816" lon="-71.3933685">
        <ele>774.8</ele>
      </trkpt>
      <trkpt lat="-40.1818652" lon="-71.3937306">
        <ele>770.5</ele>
      </trkpt>
      <trkpt lat="-40.1818591" lon="-71.3941625">
        <ele>766.8</ele>
      </trkpt>
      <trkpt lat="-40.1818099" lon="-71.3945916">
        <ele>764.2</ele>
      </trkpt>
      <trkpt lat="-40.1817382" lon="-71.3948089">
        <ele>763</ele>
      </trkpt>
      <trkpt lat="-40.1816234" lon="-71.3950261">
        <ele>761.2</ele>
      </trkpt>
      <trkpt lat="-40.1814513" lon="-71.3952193">
        <ele>759.2</ele>
      </trkpt>
      <trkpt lat="-40.1812525" lon="-71.3953105">
        <ele>758.8</ele>
      </trkpt>
      <trkpt lat="-40.1809328" lon="-71.3953507">
        <ele>758.5</ele>
      </trkpt>
      <trkpt lat="-40.1803078" lon="-71.3952622">
        <ele>761.8</ele>
      </trkpt>
      <trkpt lat="-40.180068" lon="-71.3952917">
        <ele>760.5</ele>
      </trkpt>
      <trkpt lat="-40.1797893" lon="-71.3954231">
        <ele>756.8</ele>
      </trkpt>
      <trkpt lat="-40.1794881" lon="-71.3956028">
        <ele>752</ele>
      </trkpt>
      <trkpt lat="-40.179234" lon="-71.395686">
        <ele>751</ele>
      </trkpt>
      <trkpt lat="-40.178986" lon="-71.3956913">
        <ele>751.4</ele>
      </trkpt>
      <trkpt lat="-40.1783958" lon="-71.3956538">
        <ele>752.2</ele>
      </trkpt>
      <trkpt lat="-40.1780126" lon="-71.3956726">
        <ele>750.2</ele>
      </trkpt>
      <trkpt lat="-40.1770351" lon="-71.3958603">
        <ele>739.5</ele>
      </trkpt>
      <trkpt lat="-40.1766764" lon="-71.395863">
        <ele>736.8</ele>
      </trkpt>
      <trkpt lat="-40.1763629" lon="-71.3957986">
        <ele>735.5</ele>
      </trkpt>
      <trkpt lat="-40.1756579" lon="-71.3953668">
        <ele>734.7</ele>
      </trkpt>
      <trkpt lat="-40.1755308" lon="-71.3952836">
        <ele>734.5</ele>
      </trkpt>
      <trkpt lat="-40.1754202" lon="-71.3952085">
        <ele>734</ele>
      </trkpt>
      <trkpt lat="-40.1750021" lon="-71.394892">
        <ele>731.2</ele>
      </trkpt>
      <trkpt lat="-40.1748525" lon="-71.3947392">
        <ele>729.8</ele>
      </trkpt>
      <trkpt lat="-40.1747398" lon="-71.3945568">
        <ele>728</ele>
      </trkpt>
      <trkpt lat="-40.1746906" lon="-71.3944522">
        <ele>727</ele>
      </trkpt>
      <trkpt lat="-40.1746291" lon="-71.3942939">
        <ele>725.5</ele>
      </trkpt>
      <trkpt lat="-40.1745717" lon="-71.3940874">
        <ele>724</ele>
      </trkpt>
      <trkpt lat="-40.1745451" lon="-71.3938567">
        <ele>722.2</ele>
      </trkpt>
      <trkpt lat="-40.1745369" lon="-71.3936046">
        <ele>720</ele>
      </trkpt>
      <trkpt lat="-40.1745594" lon="-71.3933122">
        <ele>718.5</ele>
      </trkpt>
      <trkpt lat="-40.1746065" lon="-71.3929152">
        <ele>716</ele>
      </trkpt>
      <trkpt lat="-40.174748" lon="-71.3921991">
        <ele>711.2</ele>
      </trkpt>
      <trkpt lat="-40.1748996" lon="-71.3916627">
        <ele>709.5</ele>
      </trkpt>
      <trkpt lat="-40.175041" lon="-71.3913327">
        <ele>710.8</ele>
      </trkpt>
      <trkpt lat="-40.1751804" lon="-71.3911289">
        <ele>713</ele>
      </trkpt>
      <trkpt lat="-40.1754878" lon="-71.390681">
        <ele>720</ele>
      </trkpt>
      <trkpt lat="-40.1757091" lon="-71.390276">
        <ele>723.5</ele>
      </trkpt>
      <trkpt lat="-40.1757972" lon="-71.3899863">
        <ele>722.5</ele>
      </trkpt>
      <trkpt lat="-40.1758915" lon="-71.3896054">
        <ele>720.2</ele>
      </trkpt>
      <trkpt lat="-40.1760329" lon="-71.3889939">
        <ele>716.3</ele>
      </trkpt>
      <trkpt lat="-40.1761333" lon="-71.3887364">
        <ele>714.5</ele>
      </trkpt>
      <trkpt lat="-40.1762563" lon="-71.3885111">
        <ele>716</ele>
      </trkpt>
      <trkpt lat="-40.1764571" lon="-71.3881195">
        <ele>720</ele>
      </trkpt>
      <trkpt lat="-40.1767092" lon="-71.3873872">
        <ele>722.5</ele>
      </trkpt>
      <trkpt lat="-40.176906" lon="-71.3867542">
        <ele>720</ele>
      </trkpt>
      <trkpt lat="-40.1770412" lon="-71.3862124">
        <ele>716.2</ele>
      </trkpt>
      <trkpt lat="-40.1770843" lon="-71.3858879">
        <ele>712</ele>
      </trkpt>
      <trkpt lat="-40.1771088" lon="-71.3855472">
        <ele>709.5</ele>
      </trkpt>
      <trkpt lat="-40.1770965" lon="-71.3849571">
        <ele>705.8</ele>
      </trkpt>
      <trkpt lat="-40.1769797" lon="-71.3835302">
        <ele>706.5</ele>
      </trkpt>
      <trkpt lat="-40.1768035" lon="-71.3824412">
        <ele>705.2</ele>
      </trkpt>
      <trkpt lat="-40.1767748" lon="-71.3820979">
        <ele>706</ele>
      </trkpt>
      <trkpt lat="-40.1767953" lon="-71.381532">
        <ele>710.8</ele>
      </trkpt>
      <trkpt lat="-40.1768629" lon="-71.3810438">
        <ele>719.2</ele>
      </trkpt>
      <trkpt lat="-40.1768691" lon="-71.3807863">
        <ele>721.5</ele>
      </trkpt>
      <trkpt lat="-40.1768424" lon="-71.380502">
        <ele>720.5</ele>
      </trkpt>
      <trkpt lat="-40.1766723" lon="-71.379818">
        <ele>708</ele>
      </trkpt>
      <trkpt lat="-40.1766539" lon="-71.3794667">
        <ele>706.8</ele>
      </trkpt>
      <trkpt lat="-40.1766498" lon="-71.379059">
        <ele>707.2</ele>
      </trkpt>
      <trkpt lat="-40.1766826" lon="-71.3785815">
        <ele>709.8</ele>
      </trkpt>
      <trkpt lat="-40.1767809" lon="-71.3778546">
        <ele>714.5</ele>
      </trkpt>
      <trkpt lat="-40.1769101" lon="-71.3772565">
        <ele>719.2</ele>
      </trkpt>
      <trkpt lat="-40.1770535" lon="-71.3767254">
        <ele>725.2</ele>
      </trkpt>
      <trkpt lat="-40.177322" lon="-71.3758698">
        <ele>735.5</ele>
      </trkpt>
      <trkpt lat="-40.1774736" lon="-71.3753816">
        <ele>737</ele>
      </trkpt>
      <trkpt lat="-40.1775638" lon="-71.3749552">
        <ele>735.8</ele>
      </trkpt>
      <trkpt lat="-40.1776109" lon="-71.3745448">
        <ele>733.5</ele>
      </trkpt>
      <trkpt lat="-40.1776171" lon="-71.37418">
        <ele>732</ele>
      </trkpt>
      <trkpt lat="-40.1775126" lon="-71.3736275">
        <ele>724.8</ele>
      </trkpt>
      <trkpt lat="-40.177074" lon="-71.3722086">
        <ele>714</ele>
      </trkpt>
      <trkpt lat="-40.176785" lon="-71.3715407">
        <ele>713.2</ele>
      </trkpt>
      <trkpt lat="-40.17666" lon="-71.3711545">
        <ele>714.5</ele>
      </trkpt>
      <trkpt lat="-40.1764244" lon="-71.3700199">
        <ele>713.2</ele>
      </trkpt>
      <trkpt lat="-40.1763137" lon="-71.3693199">
        <ele>709.5</ele>
      </trkpt>
      <trkpt lat="-40.176283" lon="-71.3686252">
        <ele>710.9</ele>
      </trkpt>
      <trkpt lat="-40.1762358" lon="-71.368306">
        <ele>711.5</ele>
      </trkpt>
      <trkpt lat="-40.1761538" lon="-71.3680404">
        <ele>709.2</ele>
      </trkpt>
      <trkpt lat="-40.1759387" lon="-71.3675335">
        <ele>708.1</ele>
      </trkpt>
      <trkpt lat="-40.1758239" lon="-71.3672626">
        <ele>707.5</ele>
      </trkpt>
      <trkpt lat="-40.1756866" lon="-71.3668442">
        <ele>713.2</ele>
      </trkpt>
      <trkpt lat="-40.1755657" lon="-71.3665518">
        <ele>715</ele>
      </trkpt>
      <trkpt lat="-40.1753197" lon="-71.3660342">
        <ele>715.5</ele>
      </trkpt>
      <trkpt lat="-40.1751005" lon="-71.3654387">
        <ele>717.2</ele>
      </trkpt>
      <trkpt lat="-40.1748012" lon="-71.3647547">
        <ele>713.5</ele>
      </trkpt>
      <trkpt lat="-40.1745328" lon="-71.36406">
        <ele>713</ele>
      </trkpt>
      <trkpt lat="-40.1742807" lon="-71.3633224">
        <ele>711.3</ele>
      </trkpt>
      <trkpt lat="-40.1740265" lon="-71.3626599">
        <ele>709.8</ele>
      </trkpt>
      <trkpt lat="-40.1738278" lon="-71.3622656">
        <ele>709.5</ele>
      </trkpt>
      <trkpt lat="-40.1736064" lon="-71.3619277">
        <ele>707.5</ele>
      </trkpt>
      <trkpt lat="-40.1733297" lon="-71.3615978">
        <ele>704.8</ele>
      </trkpt>
      <trkpt lat="-40.1730592" lon="-71.3613376">
        <ele>703.5</ele>
      </trkpt>
      <trkpt lat="-40.1727149" lon="-71.3610747">
        <ele>700.5</ele>
      </trkpt>
      <trkpt lat="-40.1723767" lon="-71.360887">
        <ele>696.5</ele>
      </trkpt>
      <trkpt lat="-40.1719258" lon="-71.3606885">
        <ele>687.8</ele>
      </trkpt>
      <trkpt lat="-40.1717455" lon="-71.3605732">
        <ele>687.2</ele>
      </trkpt>
      <trkpt lat="-40.1715282" lon="-71.3603827">
        <ele>689.5</ele>
      </trkpt>
      <trkpt lat="-40.1711614" lon="-71.3600019">
        <ele>692.5</ele>
      </trkpt>
      <trkpt lat="-40.1707412" lon="-71.3594466">
        <ele>696.5</ele>
      </trkpt>
      <trkpt lat="-40.1705404" lon="-71.3592321">
        <ele>697</ele>
      </trkpt>
      <trkpt lat="-40.1701079" lon="-71.3590094">
        <ele>688.8</ele>
      </trkpt>
      <trkpt lat="-40.1691016" lon="-71.3583228">
        <ele>687.8</ele>
      </trkpt>
      <trkpt lat="-40.1683842" lon="-71.3578641">
        <ele>686.5</ele>
      </trkpt>
      <trkpt lat="-40.1680993" lon="-71.3576683">
        <ele>689.2</ele>
      </trkpt>
      <trkpt lat="-40.1678738" lon="-71.3575637">
        <ele>687.8</ele>
      </trkpt>
      <trkpt lat="-40.1675705" lon="-71.3574752">
        <ele>682.8</ele>
      </trkpt>
      <trkpt lat="-40.1670294" lon="-71.3573679">
        <ele>673.5</ele>
      </trkpt>
      <trkpt lat="-40.1667055" lon="-71.3572606">
        <ele>671.2</ele>
      </trkpt>
      <trkpt lat="-40.166355" lon="-71.3571292">
        <ele>670.8</ele>
      </trkpt>
      <trkpt lat="-40.1660681" lon="-71.3569817">
        <ele>672.8</ele>
      </trkpt>
      <trkpt lat="-40.1658795" lon="-71.35692">
        <ele>672</ele>
      </trkpt>
      <trkpt lat="-40.165611" lon="-71.3568422">
        <ele>671</ele>
      </trkpt>
      <trkpt lat="-40.1649387" lon="-71.3566786">
        <ele>663</ele>
      </trkpt>
      <trkpt lat="-40.1640717" lon="-71.3564694">
        <ele>652</ele>
      </trkpt>
      <trkpt lat="-40.1639917" lon="-71.3564533">
        <ele>652</ele>
      </trkpt>
      <trkpt lat="-40.1639138" lon="-71.3564399">
        <ele>651.5</ele>
      </trkpt>
      <trkpt lat="-40.1638359" lon="-71.3564318">
        <ele>650.8</ele>
      </trkpt>
      <trkpt lat="-40.1637601" lon="-71.3564318">
        <ele>649.8</ele>
      </trkpt>
      <trkpt lat="-40.1636822" lon="-71.3564345">
        <ele>648.8</ele>
      </trkpt>
      <trkpt lat="-40.1636064" lon="-71.3564426">
        <ele>648</ele>
      </trkpt>
      <trkpt lat="-40.1635285" lon="-71.3564533">
        <ele>647.2</ele>
      </trkpt>
      <trkpt lat="-40.1634465" lon="-71.3564694">
        <ele>646.8</ele>
      </trkpt>
      <trkpt lat="-40.1633686" lon="-71.3564909">
        <ele>646.2</ele>
      </trkpt>
      <trkpt lat="-40.1632928" lon="-71.356515">
        <ele>646</ele>
      </trkpt>
      <trkpt lat="-40.1632169" lon="-71.3565472">
        <ele>645.9</ele>
      </trkpt>
      <trkpt lat="-40.1631452" lon="-71.3565767">
        <ele>645.9</ele>
      </trkpt>
      <trkpt lat="-40.1630673" lon="-71.3566196">
        <ele>645.8</ele>
      </trkpt>
      <trkpt lat="-40.1629935" lon="-71.3566679">
        <ele>645.8</ele>
      </trkpt>
      <trkpt lat="-40.1629135" lon="-71.3567215">
        <ele>645.5</ele>
      </trkpt>
      <trkpt lat="-40.1628398" lon="-71.3567752">
        <ele>645.2</ele>
      </trkpt>
      <trkpt lat="-40.1627701" lon="-71.3568234">
        <ele>645</ele>
      </trkpt>
      <trkpt lat="-40.1624974" lon="-71.3570729">
        <ele>645</ele>
      </trkpt>
      <trkpt lat="-40.1624175" lon="-71.3571694">
        <ele>645.2</ele>
      </trkpt>
      <trkpt lat="-40.1623847" lon="-71.357207">
        <ele>645.3</ele>
      </trkpt>
      <trkpt lat="-40.1623499" lon="-71.3572392">
        <ele>645.4</ele>
      </trkpt>
      <trkpt lat="-40.1623109" lon="-71.3572687">
        <ele>645.4</ele>
      </trkpt>
      <trkpt lat="-40.162272" lon="-71.3572901">
        <ele>645.5</ele>
      </trkpt>
      <trkpt lat="-40.1615361" lon="-71.3576952">
        <ele>647</ele>
      </trkpt>
      <trkpt lat="-40.1610113" lon="-71.3579741">
        <ele>648</ele>
      </trkpt>
      <trkpt lat="-40.1607223" lon="-71.358127">
        <ele>647.5</ele>
      </trkpt>
      <trkpt lat="-40.1605419" lon="-71.3582236">
        <ele>647</ele>
      </trkpt>
      <trkpt lat="-40.1603841" lon="-71.3577461">
        <ele>647.8</ele>
      </trkpt>
      <trkpt lat="-40.1602754" lon="-71.3574135">
        <ele>647.2</ele>
      </trkpt>
      <trkpt lat="-40.1601914" lon="-71.3571614">
        <ele>647.5</ele>
      </trkpt>
      <trkpt lat="-40.1601135" lon="-71.3569281">
        <ele>648.2</ele>
      </trkpt>
      <trkpt lat="-40.1596851" lon="-71.3556325">
        <ele>648</ele>
      </trkpt>
      <trkpt lat="-40.1594575" lon="-71.3549405">
        <ele>649</ele>
      </trkpt>
      <trkpt lat="-40.1592464" lon="-71.3543049">
        <ele>650</ele>
      </trkpt>
      <trkpt lat="-40.1588221" lon="-71.3530174">
        <ele>650.2</ele>
      </trkpt>
      <trkpt lat="-40.1583916" lon="-71.3517192">
        <ele>650.5</ele>
      </trkpt>
      <trkpt lat="-40.1579672" lon="-71.3504344">
        <ele>650.8</ele>
      </trkpt>
      <trkpt lat="-40.1575347" lon="-71.3491255">
        <ele>651.4</ele>
      </trkpt>
      <trkpt lat="-40.1570878" lon="-71.3477737">
        <ele>652</ele>
      </trkpt>
      <trkpt lat="-40.1566614" lon="-71.3464782">
        <ele>655</ele>
      </trkpt>
      <trkpt lat="-40.156235" lon="-71.3451853">
        <ele>659</ele>
      </trkpt>
      <trkpt lat="-40.1558107" lon="-71.3438952">
        <ele>665.5</ele>
      </trkpt>
      <trkpt lat="-40.1554191" lon="-71.342707">
        <ele>671.2</ele>
      </trkpt>
      <trkpt lat="-40.1554068" lon="-71.3426775">
        <ele>671.1</ele>
      </trkpt>
      <trkpt lat="-40.1553904" lon="-71.3426533">
        <ele>671</ele>
      </trkpt>
      <trkpt lat="-40.1553679" lon="-71.3426372">
        <ele>671</ele>
      </trkpt>
      <trkpt lat="-40.1553433" lon="-71.3426319">
        <ele>670.5</ele>
      </trkpt>
      <trkpt lat="-40.1553187" lon="-71.3426372">
        <ele>669.8</ele>
      </trkpt>
      <trkpt lat="-40.1552941" lon="-71.342648">
        <ele>669</ele>
      </trkpt>
      <trkpt lat="-40.1545335" lon="-71.3430718">
        <ele>656.8</ele>
      </trkpt>
      <trkpt lat="-40.1545048" lon="-71.3430852">
        <ele>656.5</ele>
      </trkpt>
      <trkpt lat="-40.1544761" lon="-71.3430932">
        <ele>656.3</ele>
      </trkpt>
      <trkpt lat="-40.1544474" lon="-71.3430986">
        <ele>656.2</ele>
      </trkpt>
      <trkpt lat="-40.1544187" lon="-71.3430986">
        <ele>656</ele>
      </trkpt>
      <trkpt lat="-40.1544044" lon="-71.3430959">
        <ele>656</ele>
      </trkpt>
      <trkpt lat="-40.15439" lon="-71.3430932">
        <ele>656</ele>
      </trkpt>
      <trkpt lat="-40.1543757" lon="-71.3430959">
        <ele>656</ele>
      </trkpt>
      <trkpt lat="-40.1543613" lon="-71.3431013">
        <ele>656</ele>
      </trkpt>
      <trkpt lat="-40.154347" lon="-71.3431147">
        <ele>656</ele>
      </trkpt>
      <trkpt lat="-40.1543367" lon="-71.3431308">
        <ele>656</ele>
      </trkpt>
      <trkpt lat="-40.1543285" lon="-71.3431495">
        <ele>656</ele>
      </trkpt>
      <trkpt lat="-40.1543224" lon="-71.343171">
        <ele>656</ele>
      </trkpt>
      <trkpt lat="-40.154306" lon="-71.3431978">
        <ele>656</ele>
      </trkpt>
      <trkpt lat="-40.1542834" lon="-71.343222">
        <ele>656</ele>
      </trkpt>
      <trkpt lat="-40.1542568" lon="-71.3432407">
        <ele>656</ele>
      </trkpt>
      <trkpt lat="-40.1542322" lon="-71.3432541">
        <ele>656</ele>
      </trkpt>
      <trkpt lat="-40.1535721" lon="-71.3435814">
        <ele>656.2</ele>
      </trkpt>
      <trkpt lat="-40.1534655" lon="-71.343635">
        <ele>656</ele>
      </trkpt>
      <trkpt lat="-40.1534142" lon="-71.3436618">
        <ele>656</ele>
      </trkpt>
      <trkpt lat="-40.153367" lon="-71.3436887">
        <ele>656</ele>
      </trkpt>
      <trkpt lat="-40.1533219" lon="-71.3437128">
        <ele>656</ele>
      </trkpt>
      <trkpt lat="-40.1532809" lon="-71.3437369">
        <ele>656</ele>
      </trkpt>
      <trkpt lat="-40.1532317" lon="-71.3437665">
        <ele>656</ele>
      </trkpt>
      <trkpt lat="-40.1531866" lon="-71.3437933">
        <ele>656</ele>
      </trkpt>
      <trkpt lat="-40.1531456" lon="-71.3438174">
        <ele>656</ele>
      </trkpt>
      <trkpt lat="-40.1531026" lon="-71.3438442">
        <ele>656</ele>
      </trkpt>
      <trkpt lat="-40.1528156" lon="-71.3440213">
        <ele>656.5</ele>
      </trkpt>
      <trkpt lat="-40.1527971" lon="-71.3440347">
        <ele>656.4</ele>
      </trkpt>
      <trkpt lat="-40.1527828" lon="-71.3440481">
        <ele>656.4</ele>
      </trkpt>
      <trkpt lat="-40.1527684" lon="-71.3440642">
        <ele>656.3</ele>
      </trkpt>
      <trkpt lat="-40.1527582" lon="-71.344083">
        <ele>656.2</ele>
      </trkpt>
      <trkpt lat="-40.1527479" lon="-71.3441044">
        <ele>656.2</ele>
      </trkpt>
      <trkpt lat="-40.1527397" lon="-71.3441259">
        <ele>656.1</ele>
      </trkpt>
      <trkpt lat="-40.1525757" lon="-71.344665">
        <ele>654.5</ele>
      </trkpt>
      <trkpt lat="-40.1525675" lon="-71.3446864">
        <ele>654.4</ele>
      </trkpt>
      <trkpt lat="-40.1525573" lon="-71.3447052">
        <ele>654.4</ele>
      </trkpt>
      <trkpt lat="-40.152545" lon="-71.3447186">
        <ele>654.3</ele>
      </trkpt>
      <trkpt lat="-40.1525327" lon="-71.3447347">
        <ele>654.3</ele>
      </trkpt>
      <trkpt lat="-40.1525204" lon="-71.3447455">
        <ele>654.2</ele>
      </trkpt>
      <trkpt lat="-40.1525081" lon="-71.3447535">
        <ele>654.2</ele>
      </trkpt>
      <trkpt lat="-40.152465" lon="-71.3447803">
        <ele>654</ele>
      </trkpt>
      <trkpt lat="-40.1523625" lon="-71.3444772">
        <ele>655.7</ele>
      </trkpt>
      <trkpt lat="-40.1522826" lon="-71.3442492">
        <ele>657</ele>
      </trkpt>
      <trkpt lat="-40.1522682" lon="-71.3442063">
        <ele>657</ele>
      </trkpt>
      <trkpt lat="-40.1522539" lon="-71.3441607">
        <ele>657.2</ele>
      </trkpt>
      <trkpt lat="-40.1522416" lon="-71.3441098">
        <ele>657.5</ele>
      </trkpt>
      <trkpt lat="-40.1522292" lon="-71.3440561">
        <ele>657.8</ele>
      </trkpt>
      <trkpt lat="-40.1522169" lon="-71.3440078">
        <ele>658</ele>
      </trkpt>
      <trkpt lat="-40.1522046" lon="-71.3439596">
        <ele>658.2</ele>
      </trkpt>
      <trkpt lat="-40.1521903" lon="-71.343914">
        <ele>658.5</ele>
      </trkpt>
      <trkpt lat="-40.1521759" lon="-71.3438711">
        <ele>658.8</ele>
      </trkpt>
      <trkpt lat="-40.1519914" lon="-71.3433239">
        <ele>662</ele>
      </trkpt>
      <trkpt lat="-40.1519402" lon="-71.3431683">
        <ele>663</ele>
      </trkpt>
      <trkpt lat="-40.1518295" lon="-71.3428438">
        <ele>665</ele>
      </trkpt>
      <trkpt lat="-40.151647" lon="-71.3422993">
        <ele>668</ele>
      </trkpt>
      <trkpt lat="-40.1515199" lon="-71.3419184">
        <ele>668.5</ele>
      </trkpt>
      <trkpt lat="-40.1513969" lon="-71.3415536">
        <ele>671</ele>
      </trkpt>
      <trkpt lat="-40.1512062" lon="-71.340985">
        <ele>675.5</ele>
      </trkpt>
      <trkpt lat="-40.1508126" lon="-71.3398182">
        <ele>692</ele>
      </trkpt>
      <trkpt lat="-40.1505891" lon="-71.3391504">
        <ele>699.5</ele>
      </trkpt>
      <trkpt lat="-40.1505727" lon="-71.3391021">
        <ele>699.8</ele>
      </trkpt>
      <trkpt lat="-40.1505543" lon="-71.3390511">
        <ele>700</ele>
      </trkpt>
      <trkpt lat="-40.1505338" lon="-71.3390002">
        <ele>700.2</ele>
      </trkpt>
      <trkpt lat="-40.1505133" lon="-71.3389492">
        <ele>700.5</ele>
      </trkpt>
      <trkpt lat="-40.1504928" lon="-71.3389009">
        <ele>700.8</ele>
      </trkpt>
      <trkpt lat="-40.1504702" lon="-71.33885">
        <ele>701</ele>
      </trkpt>
      <trkpt lat="-40.1504477" lon="-71.3388017">
        <ele>701.2</ele>
      </trkpt>
      <trkpt lat="-40.1504272" lon="-71.3387614">
        <ele>701.5</ele>
      </trkpt>
      <trkpt lat="-40.1504026" lon="-71.3387239">
        <ele>702</ele>
      </trkpt>
      <trkpt lat="-40.1489039" lon="-71.3396466">
        <ele>729</ele>
      </trkpt>
      <trkpt lat="-40.1485349" lon="-71.3398692">
        <ele>734.8</ele>
      </trkpt>
      <trkpt lat="-40.1481125" lon="-71.3401401">
        <ele>740.2</ele>
      </trkpt>
      <trkpt lat="-40.1478091" lon="-71.3403305">
        <ele>745.2</ele>
      </trkpt>
      <trkpt lat="-40.1473621" lon="-71.3406792">
        <ele>750.2</ele>
      </trkpt>
      <trkpt lat="-40.1472863" lon="-71.3406578">
        <ele>751</ele>
      </trkpt>
      <trkpt lat="-40.147235" lon="-71.3406256">
        <ele>752</ele>
      </trkpt>
      <trkpt lat="-40.1472326" lon="-71.3406113">
        <ele>752</ele>
      </trkpt>
      <extensions>
        <osmand:route>
          <segment id="209068506" length="6" startTrkptIdx="0" segmentTime="13.77" speed="16.44" turnType="C" types="219,1,2,26,15,4,16,5,18,19" pointTypes=";;;;;7" names="305,306,91,307,308,85,309,92,310,311,312" />
          <segment id="1112699970" length="3" startTrkptIdx="5" segmentTime="23.28" speed="16.44" types="219,1,2,26,15,4,16,5,18,19" pointTypes=";7;8" names="305,306,91,307,308,85,309,92,310,311,312" />
          <segment id="1112699971" length="17" startTrkptIdx="7" segmentTime="31.86" speed="16.44" types="219,1,2,26,15,4,16,5,18,19" pointTypes=";8;7;;;;;;;;;;;;;;" names="305,306,91,307,308,85,309,92,310,311,312" />
          <segment id="445814282" length="95" startTrkptIdx="23" segmentTime="258.04" speed="26.07" types="219,1,15,4,16,5,18,19" pointTypes=";;;7;7;7;;;;;;;;7;;8;;;;;;;;;;8;;;;7;;;;7;;;7;7;;;;;;;;;;;;;;;;;;7;7;8;7;;;7;;;7;7;8;;;;;7;;;;;;;;8;7;;;7;;;;;;7;;;217;7;7" names="305,306,91,307,308,85,309,92,310,311,312" />
          <segment id="445814282" length="17" startTrkptIdx="117" segmentTime="185.8" speed="26.07" turnType="C" turnLanes="+C,TSLR" turnAngle="-0.13" skipTurn="true" types="219,1,15,4,16,5,18,19" pointTypes="7;;8;7;;;;;217;;;;;;;;" names="305,306,91,307,308,85,309,92,310,311,312" />
          <segment id="445814282" length="31" startTrkptIdx="133" segmentTime="112.08" speed="24.91" types="219,1,15,4,16,5,18,19" pointTypes=";;;;;;;;;;;;8;;7;;;;9,11,7;7;;;;;;8;8;8;8;8;7" names="305,306,91,307,308,85,309,92,310,311,312" />
          <segment id="1456346821" length="2" startTrkptIdx="163" segmentTime="0.96" speed="26.07" types="30,219,1,15,4,16,5,18,19" names="305,306,91,307,308,85,309,92,310,311,312" />
          <segment id="1456346820" length="15" startTrkptIdx="164" segmentTime="34.72" speed="26.07" types="219,1,15,4,16,5,18,19" pointTypes=";;;;;;;;;;;;;;" names="305,306,91,307,308,85,309,92,310,311,312" />
          <segment id="1456346820" length="10" startTrkptIdx="178" segmentTime="59.44" speed="26.07" turnType="C" turnLanes="+C,TSLR" turnAngle="-0.71" skipTurn="true" types="219,1,15,4,16,5,18,19" pointTypes=";;;21;21;21;20;21;8;8" names="305,306,91,307,308,85,309,92,310,311,312" />
          <segment id="850234798" length="2" startTrkptIdx="187" segmentTime="1.22" speed="26.07" types="219,1,15,4,16,5,18,19" pointTypes=";23" names="305,306,91,307,308,85,309,92,310,311,312" />
          <segment id="1456345317" length="2" startTrkptIdx="188" segmentTime="4.32" speed="26.07" types="219,1,15,4,16,5,18,19" pointTypes=";" names="305,306,91,307,308,85,309,92,310,311,312" />
          <segment id="1456345316" length="2" startTrkptIdx="189" segmentTime="1.2" speed="26.07" types="30,219,1,15,4,16,5,18,19" names="305,306,91,307,308,85,309,92,310,311,312" />
          <segment id="850234797" length="152" startTrkptIdx="190" segmentTime="248.43" speed="26.07" types="219,1,15,4,16,5,18,19" pointTypes=";;;;;;;;;;;;8;8;8;8;7;;7;8;8;7;8;7;;;;7;7;8;;;;;;;;;;;;;;;;;;;;21;20;23;;;20;8;;;21;;;;;;;;;;;;;;;;;;;;;;;;;;8;8;8;20;8;7;;;;;;;7;21;21;7;8;8;8;8;8;21;;20;20;21;21;21;20;20;20;20;21;21;8;8;21;20;;23;23;8;;8;8;8;;;7;8;8;;;;;;;;;;;;7;7;7;8;8;7" names="305,306,91,307,308,85,309,92,310,311,312" />
          <segment id="445709001" length="25" startTrkptIdx="341" segmentTime="78.13" speed="13.89" types="219,1,3,15,4,16,5,18,19" pointTypes=";;;;;;;;;;;;;;;;;;8;20;;;;20;7" names="305,306,91,307,308,85,309,92,310,311,312" />
          <segment id="53541257" length="2" startTrkptIdx="365" segmentTime="3.59" speed="26.07" types="30,219,1,15,4,16,5,18,19" names="305,306,91,307,308,85,309,92,310,311,312" />
          <segment id="521984819" length="26" startTrkptIdx="366" segmentTime="32.31" speed="26.07" types="219,1,15,4,16,5,18,19" pointTypes=";;;;;;;;;;;;;;;;;;;;;;;;;" names="305,306,91,307,308,85,309,92,310,311,312" />
          <segment id="1267637002" length="3" startTrkptIdx="391" segmentTime="1.96" speed="26.07" types="219,1,15,4,16,5,18,19" pointTypes=";;" names="305,306,91,307,308,85,309,92,310,311,312" />
          <segment id="1267637003" length="6" startTrkptIdx="393" segmentTime="39" speed="26.07" types="219,1,15,4,16,5,18,19" pointTypes=";;;;;8" names="305,306,91,307,308,85,309,92,310,311,312" />
          <segment id="521984818" length="2" startTrkptIdx="398" segmentTime="1.81" speed="26.07" types="30,219,1,15,32,16,25,18,19" names="305,306,91,307,308,85,309,92,310,311,312" />
          <segment id="521984817" length="39" startTrkptIdx="399" segmentTime="46.55" speed="26.07" types="219,1,15,4,16,5,18,19" pointTypes=";;;;;;;;;;;;;;;;;;;;;;;7;20;20;8;7;8;7;8;8;7;8;20;20;20;20;7" names="305,306,91,307,308,85,309,92,310,311,312" />
          <segment id="521984816" length="2" startTrkptIdx="437" segmentTime="1.36" speed="26.07" types="30,219,1,15,32,16,25,18,19" names="305,306,91,307,308,85,309,92,310,311,312" />
          <segment id="53541256" length="223" startTrkptIdx="438" segmentTime="266.84" speed="26.07" types="219,1,15,4,16,5,18,19" pointTypes=";;;;;;;;7;;;;;;;;;;7;8;7;7;;;;;;;;;;;;;;;;;;;;;;;;;;;;;;;;;;;;7;8;7;8;7;;;;;;;;7;8;8;7;8;21;20;21;21;20;7;;;;;7;8;8;8;8;8;8;8;8;8;8;21;20;20;21;8;8;8;8;21;20;20;21;21;21;21;21;20;21;21;20;8;7;7;;;;;;8;20;;23;20;21;8;8;7;;;;8;20;;;;23;;21;8;8;21;;21;;23;8;8;;;;;;;;8;20;;;;;7;;;;;;;7;8;7;8;8;8;7;8;7;7;8;21;;;;;;7;;7;8;8;7;8;8;8;7;7;7;;;;;;;;;;;;;;;;;8;8;8;8;8;21" names="305,306,91,307,308,85,309,92,310,311,312" />
          <segment id="25734936" length="2" startTrkptIdx="660" segmentTime="6.62" speed="26.07" types="30,219,1,15,32,16,25,18,19" names="305,306,91,307,308,85,309,92,310,311,312" />
          <segment id="220283931" length="60" startTrkptIdx="661" segmentTime="210.57" speed="26.07" types="219,1,15,4,16,5,18,19" pointTypes=";;;;;;;;;;;;;;;7;7;7;7;;;;;;;;;;;7;8;;;;;;;;;;;;;;;;;;;;;;;;;;;;;" names="305,306,91,307,308,85,309,92,310,311,312" />
          <segment id="461255318" length="33" startTrkptIdx="720" segmentTime="48.41" speed="26.07" types="219,1,15,4,52,304,16,53,5,18,19" pointTypes=";;;;;;;;;;;7;8;8;7;8;7;7;;;;;;;;;;7;21;20;;20;8" names="305,306,91,307,308,85,309,313,113,114,115,314,117,315,316,120,317,318,319,320,321,322,323,92,310,311,312" />
          <segment id="152286021" length="2" startTrkptIdx="752" segmentTime="3.31" speed="26.07" types="30,219,1,15,4,52,304,16,53,5,18,19" names="305,306,91,307,308,85,309,313,113,114,115,314,117,315,316,120,317,318,319,320,321,322,323,92,310,311,312" />
          <segment id="25733053" length="18" startTrkptIdx="753" segmentTime="25.29" speed="26.07" types="219,1,15,4,52,304,16,53,5,18,19" pointTypes=";;;;;;;;;;;;;;;" names="305,306,91,307,308,85,309,313,113,114,115,314,117,315,316,120,317,318,319,320,321,322,323,92,310,311,312" />
          <segment id="254540485" length="2" startTrkptIdx="770" segmentTime="1.38" speed="26.07" types="30,219,1,15,4,52,304,16,53,5,18,19" names="305,306,91,307,308,85,309,313,113,114,115,314,117,315,316,120,317,318,319,320,321,322,323,92,310,311,312" />
          <segment id="461247566" length="2" startTrkptIdx="771" segmentTime="5.26" speed="26.07" types="219,1,15,4,52,304,16,53,5,18,19" pointTypes=";" names="305,306,91,307,308,85,309,313,113,114,115,314,117,315,316,120,317,318,319,320,321,322,323,92,310,311,312" />
          <segment id="1126808902" length="61" startTrkptIdx="772" segmentTime="84.94" speed="26.07" types="219,1,15,4,16,5,18,19" pointTypes=";;;;;;;;;;;;;;;;;;;;;;7;;;;;;;;;;;;;;;;;;;;;;7;23;23;20;20;21;21;8;7;;;;;;;;7" names="305,306,91,307,308,85,309,92,310,311,312" />
          <segment id="1126808901" length="2" startTrkptIdx="832" segmentTime="1.35" speed="26.07" types="30,219,1,15,4,16,5,18,19" names="305,306,91,307,308,85,309,92,310,311,312" />
          <segment id="254540486" length="57" startTrkptIdx="833" segmentTime="78.19" speed="26.07" types="219,1,15,4,16,5,18,19" pointTypes=";20;20;20;21;8;7;7;8;8;7;;;;;;;7;7;7;7;7;7;;;;;;;;;;;;;;;;;;;;;8;7;;;;;;;;;;7;7;20" names="305,306,91,307,308,85,309,92,310,311,312" />
          <segment id="1131861724" length="4" startTrkptIdx="889" segmentTime="0.91" speed="26.07" types="219,28,29,4,16,5,18,19" pointTypes=";8;8;222,302,8" names="305,306,91,307,308,85,309,92,310,311,312" />
          <segment id="1131861720" length="3" startTrkptIdx="892" segmentTime="15.44" speed="0.75" types="219,28,29,4,16,5,18,19" pointTypes="222,302;8" names="305,306,91,307,308,85,309,92,310,311,312" />
          <segment id="1131861723" length="2" startTrkptIdx="894" segmentTime="2.51" speed="26.07" types="219,1,15,4,16,5,18,19" pointTypes=";7" names="305,306,91,307,308,85,309,92,310,311,312" />
          <segment id="152286022" length="2" startTrkptIdx="895" segmentTime="2.35" speed="26.07" types="30,219,1,15,4,16,5,18,19" names="305,306,91,307,308,85,309,92,310,311,312" />
          <segment id="152286020" length="2" startTrkptIdx="896" segmentTime="0.42" speed="26.07" types="219,1,15,4,16,5,18,19" names="305,306,91,307,308,85,309,92,310,311,312" />
          <segment id="123164279" length="8" startTrkptIdx="897" segmentTime="12" speed="8.33" types="219,1,64,29,4,16,5,18,19" pointTypes=";;;;;;;69,70,51,59" names="305,306,91,307,308,85,309,92,310,311,312" />
          <segment id="850235870" length="18" startTrkptIdx="904" segmentTime="77.38" speed="2.41" types="219,1,64,29,4,16,5,18,19" pointTypes="69,70,51,59;;;;;;;;;8;7;;222,302;;;222,301" names="305,306,91,307,308,85,309,92,310,311,312" />
          <segment id="452958264" length="60" startTrkptIdx="921" segmentTime="68.59" speed="26.07" types="219,1,15,4,16,5,18,19" pointTypes=";;;;;;;;;;8;8;21;8;7;;;;;;;;;;;8;21;8;21;20;21;21;21;7;7;8;;;;;;;;;;;;;;;21;8;21;7;7;;;;;" names="305,306,91,307,308,85,309,92,310,311,312" />
          <segment id="452958265" length="62" startTrkptIdx="980" segmentTime="40.03" speed="26.07" types="219,40,41,224,15,4,16,5,18,19" pointTypes=";;;;;;;;;;;;;;;;;;;;;;;;;;;;;;;;;;;;;;;;;;;;;;;;;;;;;;;7;7;7;;;;" names="305,306,91,307,308,85,309,92,310,311,312" />
          <segment id="452958273" length="120" startTrkptIdx="1041" segmentTime="157.21" speed="26.07" types="219,1,15,4,16,5,18,19" pointTypes=";;;;;;;;;;7;;;;;;;;;;;;8;8;8;20;20;21;8;8;8;8;8;7;;;;;;;;;;;;;7;21;7;;;;;7;;;;;;;;;;;;;;;;;;;;;;7;;;;;;;;;21;23;;;;8;;;;;;;;;;;;;;;;;;;;;;;;;;;;;;" names="305,306,91,307,308,85,309,92,310,311,312" />
          <segment id="452958266" length="134" startTrkptIdx="1160" segmentTime="72.14" speed="26.07" types="219,40,41,224,15,4,16,5,18,19" pointTypes=";;;;;;;;;;;;;;8;8;;;;;;;7;;;;;;;;;;;;;;;;;;;;;;;;;;;;;;;;;;;;;;;;;;;;;;;;;;;;;7;8;21;8;7;7;;;;;;;;;;;;;;;;;;;;;;;;;;;;;;;;;;;8;8;;;;;;;;;;;;;;;;;" names="305,306,91,307,308,85,309,92,310,311,312" />
          <segment id="452958267" length="17" startTrkptIdx="1293" segmentTime="31.25" speed="26.07" types="219,1,15,4,16,5,18,19" pointTypes=";;;;7;;;;;;;;;;;;" names="305,306,91,307,308,85,309,92,310,311,312" />
          <segment id="452958268" length="85" startTrkptIdx="1309" segmentTime="68.95" speed="26.07" types="219,40,41,224,15,4,16,5,18,19" pointTypes=";;;;;8;8;7;7;;;;;;;;;;;;;;;;;;;;;;;;;;;;;;7;;;;;;7;7;7;8;7;;;;;;;;;;;;;;;;;;;;;;;;;;;;;;;;;;;;" names="305,306,91,307,308,85,309,92,310,311,312" />
          <segment id="452958269" length="163" startTrkptIdx="1393" segmentTime="168.8" speed="26.07" types="219,1,15,4,16,5,18,19" pointTypes=";;;;;;;;;;;;;;;8;7;7;7;7;7;8;7;7;7;7;7;;;;;;;;;;;;;;;;;;;;;;;;;;;;;;;;;;;;;;;;;7;8;8;7;8;8;8;;20;21;21;7;7;;;;;;;;7;8;8;20;;21;8;20;;;;;;23;20;21;20;23;20;8;8;8;;;;;;;;;;;;;;;20;;;21;8;7;7;8;8;8;8;21;8;8;7;8;8;20;23;23;;;;;8;;;;;;8;7;;;;;7;7;;7" names="305,306,91,307,308,85,309,92,310,311,312" />
          <segment id="452958272" length="2" startTrkptIdx="1555" segmentTime="1.16" speed="26.07" types="30,219,1,15,4,16,5,18,19" names="305,306,91,307,308,85,309,92,310,311,312" />
          <segment id="25733057" length="192" startTrkptIdx="1556" segmentTime="217.23" speed="26.07" types="219,1,15,4,16,5" pointTypes=";;;;;;;;;;;;;;;;;;;;;;;;;;;;;;;;;;;;;;;;;;;;;;;;;;;;;;;;;;;;;;;;;;;;;;;;;;;;;;;;;;;;;;;;;;;;;;;;;;;;;;;;;;;;;;;;;;;;;;;;;;;;;;;;;;;;7;;;;;;;;;;;;;;;;;;;8;;;;7;;7;21;21;8;8;8;8;7;7;;;;;;;;;;;;;;;;;;;;;7;;;;;" names="305,306,91,307,308,85,309,92,310,311,312" />
          <segment id="1410800509" length="15" startTrkptIdx="1747" segmentTime="6.64" speed="21.26" types="219,40,300,203,216,15,4,16,5" pointTypes=";;;;;;;;;;;;;;" names="305,306,91,307,308,85,309,92,310,311,312" />
          <segment id="1410800523" length="2" startTrkptIdx="1761" segmentTime="0.06" speed="21.26" types="219,40,41,224,68,216,15,4,183,5,184,185,186,187,188,189,190,191,192,193,194,195" names="266,259,260,233,261,262,263,264,265" />
          <segment id="1410800523" length="111" startTrkptIdx="1762" segmentTime="52.7" speed="20.45" turnType="C" types="219,40,41,224,68,216,15,4,183,5,184,185,186,187,188,189,190,191,192,193,194,195" pointTypes="225,226,11;169,217,7;;;;;;;;;;225,226,11;;;;;;;;;;;;;;;;;;;;;;;;;;;;;;;;;;;;;;;;;;;;;;;169,217;;;;;;;;;;;;;;;;;;;;;;;;;;;;;;;;;;;;;;;;;;7;7;21;20;20;20;21;8;8;" names="266,259,260,233,261,262,263,264,265" />
          <segment id="402080590" length="125" startTrkptIdx="1872" segmentTime="55.72" speed="21.26" types="219,1,68,216,15,4,183,5,184,185,186,187,188,189,190,191,192,193,194,195" pointTypes="7;;;;;;;;;;7;7;;;;;;;;;;;;;;;;;;;;;;;;;;;;;;;;;169,217;;;;;;;;;;;;;;;;;;;;;;;;;;;;;;;;;;;;;;;;;;;;;;;;;;;;;;;;;;;;;;;;;;;;;;;;;;;;;;;;" names="266,259,260,233,261,262,263,264,265" />
          <segment id="1411242564" length="68" startTrkptIdx="1996" segmentTime="26.04" speed="16.44" types="219,40,41,224,68,26,15,4,183,5,184,185,186,187,188,189,190,191,192,193,194,195" pointTypes=";;;;;;;;;;;;;;;;;;;;;;;;;;;;8;21;21;21;20;20;169,217,20;20;21;21;21;8;8;;;;;;;;;;;;;;;;;;;;;;;;;;;" names="266,259,260,233,261,262,263,264,265" />
          <segment id="1411242565" length="17" startTrkptIdx="2063" segmentTime="3.3" speed="16.44" types="219,1,26,15,4,183,5,184,185,186,187,188,189,190,191,192,193,194,195" pointTypes=";;;;;;;;;;;;;;;;" names="266,259,260,233,261,262,263,264,265" />
          <segment id="402080591" length="2" startTrkptIdx="2079" segmentTime="1.59" speed="16.44" types="30,219,1,68,26,15,4,183,5,184,185,186,187,188,189,190,191,192,193,194,195" names="266,259,260,233,261,262,263,264,265" />
          <segment id="336929746" length="37" startTrkptIdx="2080" segmentTime="36.44" speed="21.26" types="219,1,68,216,15,4,183,5,184,185,186,187,188,189,190,191,192,193,194,195" pointTypes=";8;8;8;8;8;21;20;20;21;;;;7;8;;;;;;;;8;169,217,8;8;7;;;;;;;;;;;" names="266,259,260,233,261,262,263,264,265" />
          <segment id="336929745" length="2" startTrkptIdx="2116" segmentTime="0.64" speed="21.26" types="30,219,1,68,216,15,4,183,5,184,185,186,187,188,189,190,191,192,193,194,195" names="266,259,260,233,261,262,263,264,265" />
          <segment id="254540488" length="256" startTrkptIdx="2117" segmentTime="138.03" speed="21.26" types="219,1,68,216,15,4,183,5,184,185,186,187,188,189,190,191,192,193,194,195" pointTypes="7;;;;8;8;8;8;8;8;21;20;;;23;23;;;;23;;;20;20;20;8;8;8;8;21;21;20;20;20;21;8;21;21;20;20;20;7;7;;;;;;;;;;;;169,217;;;;;;;;;;;;;;;;;;;;;;;;;;;;;;;;;;;;;;;;;;;;;;;;;;;;;;;;;;;;;;;;;;;;;;;;;;;;;;;;;;;;;;;;;;;;;;169,217;;;;;;;;;;;;;;;;;;;;;;;;;;;;;;;;;;;;;7;8;8;8;8;21;21;8;21;21;8;8;7;;;;;;;;;;;;;;;;;;;;;;;;;;;;;;;;;;;;;;;;;;;;;;7;7;;;;;;;;;;169,217;" names="266,259,260,233,261,262,263,264,265" />
          <segment id="1411359108" length="24" startTrkptIdx="2372" segmentTime="6.28" speed="21.26" types="219,40,41,224,68,216,15,4,183,5,184,185,186,187,188,189,190,191,192,193,194,195" pointTypes="21;21;21;21;21;8;8;;;;;;;;;;;;;;;;;" names="266,259,260,233,261,262,263,264,265" />
          <segment id="1411359113" length="40" startTrkptIdx="2395" segmentTime="16.97" speed="21.26" types="219,1,68,216,15,4,183,5,184,185,186,187,188,189,190,191,192,193,194,195" pointTypes=";;;;;;;;;;;;;;;;;8;21;;;;;;;;;;;;;;;;;7;8;8;7;" names="266,259,260,233,261,262,263,264,265" />
          <segment id="1411359131" length="40" startTrkptIdx="2434" segmentTime="13.7" speed="16.44" types="219,1,68,26,15,4,183,5,184,185,186,187,188,189,190,191,192,193,194,195" pointTypes=";;;;;;;;;;;;;;;;;;;;;;;;;;;;;;;;;;;;" names="266,259,260,233,261,262,263,264,265" />
          <segment id="1411359107" length="68" startTrkptIdx="2473" segmentTime="29.02" speed="11.11" types="219,40,41,224,68,14,15,4,183,5,184,185,186,187,188,189,190,191,192,193,194,195" pointTypes=";;;;;;;;;;;;;;;;;;;;;;8;21;21;21;20;20;20;;;;21;;;;;;;;;;;169,217;;;;;;;;;;;;;;;;;;;;;;;;" names="266,259,260,233,261,262,263,264,265" />
          <segment id="1411359119" length="44" startTrkptIdx="2540" segmentTime="34.1" speed="11.11" types="219,1,68,14,15,4,183,5,184,185,186,187,188,189,190,191,192,193,194,195" pointTypes=";;;;;;;;;;;;;;;;;;;;;;;;;;;;;;;;;;;;;;;;;;;" names="266,259,260,233,261,262,263,264,265,267" />
          <segment id="438302285" length="2" startTrkptIdx="2583" segmentTime="2.91" speed="11.11" types="30,219,1,68,14,15,4,183,5,184,185,186,187,188,189,190,191,192,193,194,195" names="266,259,260,233,261,262,263,264,265" />
          <segment id="1411962173" length="23" startTrkptIdx="2584" segmentTime="15.02" speed="16.44" types="219,1,68,26,15,4,183,5,184,185,186,187,188,189,190,191,192,193,194,195" pointTypes="20;20;21;21;21;21;8;8;;;;;;;;;;;;;;;" names="266,259,260,233,261,262,263,264,265" />
          <segment id="438302290" length="101" startTrkptIdx="2606" segmentTime="63.19" speed="21.26" types="219,1,68,216,15,4,183,5,184,185,186,187,188,189,190,191,192,193,194,195" pointTypes=";;;;;;;;7;7;;;;;;;;;;;;169,217;20;20;20;21;21;21;21;20;21;7;;;;;;;;;;;7;7;7;;;;;;;;;;;;7;7;7;;;;;;;;8;8;7;;;;;;;;;;169,217;;;;;;;;;;;;;;;;;;;;;;" names="266,259,260,233,261,262,263,264,265" />
          <segment id="1411962196" length="59" startTrkptIdx="2706" segmentTime="18.36" speed="21.26" types="219,40,41,224,68,216,15,4,183,5,184,185,186,187,188,189,190,191,192,193,194,195" pointTypes=";;;;;;;;;;;;;;;;;;;;;;;;;;;;7;8;8;8;7;;7;8;8;21;21;21;21;8;8;8;7;;;;;;;;;;;;;;" names="266,259,260,233,261,262,263,264,265" />
          <segment id="1411962197" length="19" startTrkptIdx="2764" segmentTime="8.03" speed="21.26" types="219,1,68,216,15,4,183,5,184,185,186,187,188,189,190,191,192,193,194,195" pointTypes=";;;;;;;;;;;;;8;21;21;21;20;" names="266,259,260,233,261,262,263,264,265" />
          <segment id="438302287" length="2" startTrkptIdx="2782" segmentTime="1.49" speed="21.26" types="30,219,1,68,216,15,4,183,5,184,185,186,187,188,189,190,191,192,193,194,195" names="266,259,260,233,261,262,263,264,265" />
          <segment id="1412365199" length="42" startTrkptIdx="2783" segmentTime="20.44" speed="21.26" types="219,1,68,216,15,4,183,5,184,185,186,187,188,189,190,191,192,193,194,195" pointTypes=";;;;;;;;;;23;20;8;;;;;;;;;;;169,217,23;23;;;;20;20;21;8;;;;;;;;;;" names="266,259,260,233,261,262,263,264,265" />
          <segment id="1412365200" length="2" startTrkptIdx="2824" segmentTime="0.75" speed="21.26" types="30,219,1,68,216,15,4,183,5,184,185,186,187,188,189,190,191,192,193,194,195" names="266,259,260,233,261,262,263,264,265" />
          <segment id="438302292" length="292" startTrkptIdx="2825" segmentTime="169.01" speed="21.26" types="219,1,68,216,15,4,183,5,184,185,186,187,188,189,190,191,192,193,194,195" pointTypes=";;;;;;;;7;;7;8;8;8;21;21;20;23;;20;8;;;;;;;;;;;;;7;8;;;;;;;;;;;;;;;;7;8;;169,217;;;;;;;;;;;;;;;;;;;;20;;23;23;23;23;;;;;;;;20;21;7;;;;;;;;;;;;;;;;;8;8;8;8;8;7;7;;;;;;;;;;;;;;;;;;;;;;;;;;;;;;;;;;;21;;;;;;;23;;21;;;;;;;;;;;;;;;;;;;;;;169,217;;;;;;;;;;;;;;;;;;;;7;8;;;;;;;;8;20;;;;;;;;21;;;;;;;;;;;;;;;;;;;;;;;;;;;;;;;;;;;;;8;8;;;;;;;;;;;;169,217;;;;;;;;;7;7;7;;;;;;;;;;;7;;;;" names="266,259,260,233,261,262,263,264,265" />
          <segment id="254540487" length="2" startTrkptIdx="3116" segmentTime="2.35" speed="21.26" types="30,219,1,68,216,15,4,183,5,184,185,186,187,188,189,190,191,192,193,194,195" names="266,259,260,233,261,262,263,264,265" />
          <segment id="180072243" length="62" startTrkptIdx="3117" segmentTime="55.15" speed="21.26" types="219,1,68,216,15,4,183,5,184,185,186,187,188,189,190,191,192,193,194,195" pointTypes=";169,217;;;;;;;;;;;;;;;;;;8;8;8;21;;;;20;21;21;21;21;8;8;;;;8;7;;;;;;;7;8;8;8;8;21;21;8;7;169,217;;;;;;;;" names="266,259,260,233,261,262,263,264,265" />
          <segment id="1412403849" length="30" startTrkptIdx="3178" segmentTime="37.2" speed="16.44" types="219,1,68,26,15,4,183,5,184,185,186,187,188,189,190,191,192,193,194,195" pointTypes=";;;;;;;;;;;;;;;;;;;;;;;;;;7;;;" names="266,259,260,233,261,262,263,264,265" />
          <segment id="1412403851" length="3" startTrkptIdx="3207" segmentTime="14.14" speed="11.11" types="219,1,68,14,15,4,183,5,184,185,186,187,188,189,190,191,192,193,194,195" pointTypes=";;" names="266,259,260,233,261,262,263,264,265" />
          <segment id="1412830993" length="5" startTrkptIdx="3209" segmentTime="12.61" speed="11.11" types="51,219,1,68,14,15,4,183,5,184,185,186,187,188,189,190,191,192,193,194,195" pointTypes=";;169,217;;" names="266,259,260,233,261,262,263,264,265" />
          <segment id="180072242" length="14" startTrkptIdx="3213" segmentTime="15.32" speed="3.74" types="51,219,28,2,137,29,4,183,5,184,185,186,187,188,189,190,191,192,193,194,195" pointTypes=";;7;;;;;;9,10,11;7" names="266,259,260,233,261,262,263,264,265" />
          <segment id="838354139" length="3" startTrkptIdx="3226" segmentTime="33" speed="1.35" types="51,219,28,2,137,29,32,183,25,184,185,186,187,188,189,190,191,192,193,194,195" pointTypes=";69,70,51,71,72;7" names="266,259,260,233,261,262,263,264,265" />
          <segment id="838354138" length="6" startTrkptIdx="3228" segmentTime="10.7" speed="5.56" types="51,219,28,2,137,29,4,183,5,184,185,186,187,188,189,190,191,192,193,194,195" pointTypes=";;;;;" names="258,259,260,233,261,262,263,264,265" />
          <segment id="1412830994" length="3" startTrkptIdx="3233" segmentTime="9.92" speed="11.11" types="51,219,1,68,14,15,4,183,5,184,185,186,187,188,189,190,191,192,193,194,195" pointTypes=";" names="258,259,260,233,261,262,263,264,265" />
          <segment id="1131861701" length="25" startTrkptIdx="3235" segmentTime="24.05" speed="11.11" types="219,1,68,14,15,4,183,5,184,185,186,187,188,189,190,191,192,193,194,195" pointTypes=";;;;;;;;;;;;;;;7;;;;;;;;7;" names="258,259,260,233,261,262,263,264,265" />
          <segment id="1412830989" length="3" startTrkptIdx="3259" segmentTime="9.51" speed="11.11" types="219,1,68,14,15,4,183,5,184,185,186,187,188,189,190,191,192,193,194,195" pointTypes="7;8;" names="258,259,260,233,261,262,263,264,265" />
          <segment id="1412831023" length="15" startTrkptIdx="3261" segmentTime="57.24" speed="1.19" types="219,2,137,29,326,327,184,185,186,190,191,192" pointTypes=";;;;;;12,221;;222,223;;;;;;" names="258,259,261,264" />
          <segment id="1412831041" length="2" startTrkptIdx="3275" segmentTime="5.04" speed="16.44" types="219,1,68,26,15,4,183,5,184,185,186,187,188,189,190,191,192,193,194,195" pointTypes=";" names="258,259,260,233,261,262,263,264,265" />
          <segment id="1412831040" length="17" startTrkptIdx="3276" segmentTime="8.4" speed="16.44" types="219,1,68,26,15,4,183,5,184,185,186,187,188,189,190,191,192,193,194,195" pointTypes=";;;;;;" names="258,259,260,233,261,262,263,264,265" />
          <segment id="402081118" length="10" startTrkptIdx="3292" segmentTime="26.52" speed="21.26" types="219,1,68,216,15,4,183,5,184,185,186,187,188,189,190,191,192,193,194,195" pointTypes="7;169,217,8;7;;;;;;;" names="258,259,260,233,261,262,263,264,265" />
          <segment id="402081118" length="59" startTrkptIdx="3301" segmentTime="54.95" speed="21.26" types="219,1,68,216,15,4,183,5,184,185,186,187,188,189,190,191,192,193,194,195" pointTypes=";;;;;;;;;;;;;7;7;;;;;;;;;;169,217;;;;;;;;;;;;;;;;;;;;;7;7;;7;7;7;;;;;;;;" names="258,259,260,233,261,262,263,264,265" />
          <segment id="402081117" length="2" startTrkptIdx="3359" segmentTime="2.15" speed="16.44" types="30,219,1,68,26,15,4,183,5,184,185,186,187,188,189,190,191,192,193,194,195" names="258,259,260,233,261,262,263,264,265" />
          <segment id="1413369535" length="55" startTrkptIdx="3360" segmentTime="45.19" speed="16.44" types="219,1,68,26,15,4,183,5,184,185,186,187,188,189,190,191,192,193,194,195" pointTypes="7;21;21;21;21;21;21;8;8;8;8;8;169,217,7;;;;;7;7;7;;;;;;;;;;;;;;;;;;;;;;;;;;;;;;;;;;;" names="258,259,260,233,261,262,263,264,265" />
          <segment id="1413369536" length="33" startTrkptIdx="3414" segmentTime="23.24" speed="21.26" types="219,1,68,216,15,4,183,5,184,185,186,187,188,189,190,191,192,193,194,195" pointTypes="7;8;;;;;7;;;;;7;7;;;;;;;;7;7;7;7;;7;8;8;8;7;7;7;" names="258,259,260,233,261,262,263,264,265" />
          <segment id="1414346143" length="458" startTrkptIdx="3446" segmentTime="358.16" speed="28.48" types="219,1,68,220,15,4,183,5,184,185,186,187,188,189,190,191,192,193,194,195" pointTypes="8;169,217,21;8;7;7;7;;;;;;;7;8;;7;7;7;;;7;169,217,7;;;;;;;7;8;21;;;20;20;20;21;8;8;7;;;;8;8;21;21;20;20;21;20;;20;20;20;20;20;8;8;20;;23;23;23;;;;;;;169,217;23;;20;21;7;7;;;7;;;;;;7;21;21;21;21;21;8;7;;;;;;;;7;8;21;20;;;;;;23;;;;;;21;21;21;21;8;7;;169,217,7;7;7;;;;8;21;20;7;169,217;7;;;;;;;;;7;;;;;;8;8;8;7;;;;8;8;8;;;;;;;;;;;;;;;;;;;;;;;;;;;;;;;;;;;;;;;;;;;;;;;;;;;;169,217;8;7;;;;;8;8;7;;;;;7;8;7;;;;;;;;;;;;;;;21;;;21;8;8;21;20;21;8;8;8;21;8;8;;;7;8;8;8;;;;;;;;7;169,217,8;;;;;7;7;8;8;8;7;;;;;;;;;;;;;;;;;;;;;;;;;;;;;;;;;;;;;;;;;;;;;;;;;;;;;;;;;7;7;;;;;;;;;;169,217,7;20;;20;21;7;;;;;;;7;7;7;;;;;;;;;;7;;;;20;21;21;8;8;8;7;21;21;8;8;;;;;;169,217;;;;7;;;;;;21;8;7;7;7;7;7;;;;;;;;;;;;8;8;8;8;20;20;8;8;8;21;21;21;8;;;;;;7;8;8;8;21;20;20;20;8;7;8;20;169,217;;7;21;20;23;;;" names="258,259,260,233,261,262,263,264,265" />
          <segment id="1414716050" length="21" startTrkptIdx="3903" segmentTime="12.5" speed="28.48" types="219,1,68,220,15,4,183,5,184,185,186,187,188,189,190,191,192,193,194,195" pointTypes="21;;;;;;;;;;;;;;;;;;;;" names="258,259,260,233,261,262,263,264,265" />
          <segment id="1414759943" length="19" startTrkptIdx="3923" segmentTime="7.08" speed="28.48" types="219,1,68,220,15,4,183,5,184,185,186,187,188,189,190,191,192,193,194,195" pointTypes=";;;;;;;;;;;;;;;;;;" names="258,259,260,233,261,262,263,264,265" />
          <segment id="1414759944" length="2" startTrkptIdx="3941" segmentTime="3.86" speed="21.26" types="219,1,68,216,15,4,183,5,184,185,186,187,188,189,190,191,192,193,194,195" pointTypes=";" names="258,259,260,233,261,262,263,264,265" />
          <segment id="1414759947" length="7" startTrkptIdx="3942" segmentTime="5.89" speed="16.44" types="219,1,68,26,15,4,183,5,184,185,186,187,188,189,190,191,192,193,194,195" pointTypes=";;;;;8;" names="258,259,260,233,261,262,263,264,265" />
          <segment id="1415894300" length="11" startTrkptIdx="3948" segmentTime="4.33" speed="11.11" types="219,1,68,14,15,4,183,5,184,185,186,187,188,189,190,191,192,193,194,195" pointTypes="21;21;20;20;;23;23;;;;" names="258,259,260,233,261,262,263,264,265" />
          <segment id="1414716049" length="12" startTrkptIdx="3958" segmentTime="4.83" speed="11.11" types="219,1,68,14,15,4,183,5,184,185,186,187,188,189,190,191,192,193,194,195" pointTypes=";;;;;;;;;;;" names="258,259,260,233,261,262,263,264,265" />
          <segment id="1176288105" length="2" startTrkptIdx="3969" segmentTime="0.43" speed="11.11" types="219,1,68,14,15,4,183,208,5,184,185,186,34,201,36,209,210,211,190,191,192,37,202,39,212,213,214" pointTypes=";" names="242,231,232,249,250,233,251,234,245,252,236,237,253,254,247,255,239,240,241" />
          <segment id="1414759954" length="22" startTrkptIdx="3970" segmentTime="6.48" speed="8.33" turnType="KL" turnLanes="+KL,KR" turnAngle="-29.19" types="182,28,68,64,29,4,183,208,5,184,185,186,34,201,36,209,210,211,190,191,192,37,202,39,212,213,214" pointTypes=";;;;;;;;;;;;;;;8;21;21" names="330,242,231,232,249,250,233,251,234,245,252,236,237,253,254,247,255,239,240,241" />
          <segment id="1414759951" length="7" startTrkptIdx="3991" segmentTime="5.09" speed="11.11" types="182,28,68,14,29,4,183,208,5,184,185,186,34,201,36,209,210,211,190,191,192,37,202,39,212,213,214" pointTypes=";;;;;21;20" names="242,231,232,249,250,233,251,234,245,252,236,237,253,254,247,255,239,240,241" />
          <segment id="1415046682" length="14" startTrkptIdx="3997" segmentTime="18.51" speed="11.11" types="182,1,68,14,15,4,183,208,5,184,185,186,34,201,36,209,210,211,190,191,192,37,202,39,212,213,214" pointTypes=";21;7;;;;;;;;;;;" names="242,231,232,249,250,233,251,234,245,252,236,237,253,254,247,255,239,240,241" />
          <segment id="1414759957" length="21" startTrkptIdx="4010" segmentTime="14.33" speed="16.44" types="182,1,68,26,15,4,183,208,5,184,185,186,34,201,36,209,210,211,190,191,192,37,202,39,212,213,214" pointTypes=";;;;;;;;;;;;169,217;;;;;;;;" names="242,231,232,249,250,233,251,234,245,252,236,237,253,254,247,255,239,240,241" />
          <segment id="1415046681" length="14" startTrkptIdx="4030" segmentTime="9.09" speed="21.26" types="182,1,68,216,15,4,183,208,5,184,185,186,34,201,36,209,210,211,190,191,192,37,202,39,212,213,214" pointTypes=";;;;;;;;;;;;;" names="242,231,232,249,250,233,251,234,245,252,236,237,253,254,247,255,239,240,241" />
          <segment id="447483453" length="28" startTrkptIdx="4043" segmentTime="51.95" speed="16.44" types="182,1,26,4,183,208,5,184,185,186,34,201,36,209,210,211,190,191,192,37,202,39,212,213,214" pointTypes=";;;;;;;;;;;21;20;20;8;20;;;;;;;;;;;8;" names="248,231,232,249,250,233,251,234,245,252,236,237,253,254,247,255,239,240,241" />
          <segment id="447483451" length="95" startTrkptIdx="4070" segmentTime="259.96" speed="17.65" types="182,4,183,208,5,184,185,186,34,201,36,209,210,211,190,191,192,37,202,39,212,213,214" pointTypes="21;7;;7;;;;;;;;8;8;21;7;;;7;7;21;7;;;;;8;21;21;21;8;;;;;20;;21;8;7;7;7;7;21;20;21;8;21;7;;;;7;20;20;8;;;;;;;;8;;;;23;8;;7;7;;;;;;;;;;;;;;;;;;;8;;;;;" names="248,231,232,249,250,233,251,234,245,252,236,237,253,254,247,255,239,240,241" />
          <segment id="247084788" length="67" startTrkptIdx="4164" segmentTime="142.88" speed="16.44" types="182,1,41,203,26,4,183,208,5,204,184,185,186,34,201,36,209,210,211,190,191,192,37,202,39,212,213,214" pointTypes=";;23;;;;;;;7;21;;7;20;20;21;20;20;20;;;23;;;;20;21;8;7;;;;;;8;20;20;;20;;20;8;7;;;;;7;21;20;20;;20;20;21;21;;21;;;7;8;;;;;7" names="248,231,232,249,250,233,251,234,245,252,236,237,253,254,247,255,239,240,241" />
          <segment id="247084788" length="104" startTrkptIdx="4230" segmentTime="196.24" speed="16.44" types="182,1,41,203,26,4,183,208,5,204,184,185,186,34,201,36,209,210,211,190,191,192,37,202,39,212,213,214" pointTypes="7;;;8;;;;21;;;20;21;7;;;7;7;8;21,205;8;7;7;7;;;;;7;7;8;8;8;;;;;;;;;;;;;;7;;;;;;;;;;;;;;;;;;;;;;;;;8;7;;;;;;7;21;8;8;;7;7;;;;;;;;;;;;7;8;21;8;;;;;" names="248,231,232,249,250,233,251,234,245,252,236,237,253,254,247,255,239,240,241" />
          <segment id="247084787" length="2" startTrkptIdx="4333" segmentTime="3.18" speed="17.65" types="30,182,4,183,208,5,184,185,186,34,201,36,209,210,211,190,191,192,37,202,39,212,213,214" names="248,231,232,249,250,233,251,234,245,252,236,237,253,254,247,255,239,240,241" />
          <segment id="692491457" length="14" startTrkptIdx="4334" segmentTime="31.79" speed="16.44" types="182,1,41,203,26,4,183,208,5,204,184,185,186,34,201,36,209,210,211,190,191,192,37,202,39,212,213,214" pointTypes=";8;8;8;;8;23;;23;7;;;;8" names="248,231,232,249,250,233,251,234,245,252,236,237,253,254,247,255,239,240,241" />
          <segment id="692491457" length="26" startTrkptIdx="4347" segmentTime="55.96" speed="16.44" turnType="TSLR" turnLanes="+TSLR,TSLL" turnAngle="19.96" skipTurn="true" types="182,1,41,203,26,4,183,208,5,204,184,185,186,34,201,36,209,210,211,190,191,192,37,202,39,212,213,214" pointTypes="8;8;21;8;7;;205;;7;21;21;;;;21;20;;;;;;;;20;;" names="248,231,232,249,250,233,251,234,245,252,236,237,253,254,247,255,239,240,241" />
          <segment id="692491456" length="2" startTrkptIdx="4372" segmentTime="1.84" speed="17.65" types="30,182,4,183,208,5,184,185,186,34,201,36,209,210,211,190,191,192,37,202,39,212,213,214" names="248,231,232,249,250,233,251,234,245,252,236,237,253,254,247,255,239,240,241" />
          <segment id="444621102" length="37" startTrkptIdx="4373" segmentTime="97.04" speed="16.44" types="182,1,41,203,26,4,183,208,5,204,184,185,186,34,201,36,209,210,211,190,191,192,37,202,39,212,213,214" pointTypes=";;;21;;;20;8;7;;7;;;;;;;;;;;;;21,205;20;21;;;8;8;;;7;21;20;21;8" names="248,231,232,249,250,233,251,234,245,252,236,237,253,254,247,255,239,240,241" />
          <segment id="444621102" length="12" startTrkptIdx="4409" segmentTime="22.22" speed="16.44" types="182,1,41,203,26,4,183,208,5,204,184,185,186,34,201,36,209,210,211,190,191,192,37,202,39,212,213,214" pointTypes="8;;20;21;;;;;;7;7;" names="248,231,232,249,250,233,251,234,245,252,236,237,253,254,247,255,239,240,241" />
          <segment id="1375415497" length="27" startTrkptIdx="4420" segmentTime="83.48" speed="16.44" types="182,1,41,203,26,4,183,208,5,184,185,186,34,201,36,209,210,211,190,191,192,37,202,39,212,213,214" pointTypes=";;;8;7;20;;;;;;20;7;;;;;;;;;7;;;;8;" names="248,231,232,249,250,233,251,234,245,252,236,237,253,254,247,255,239,240,241" />
          <segment id="444621101" length="2" startTrkptIdx="4446" segmentTime="1.3" speed="17.65" types="30,182,4,183,208,5,184,185,186,34,201,36,209,210,211,190,191,192,37,202,39,212,213,214" names="248,231,232,249,250,233,251,234,245,252,236,237,253,254,247,255,239,240,241" />
          <segment id="1375415496" length="3" startTrkptIdx="4447" segmentTime="2.95" speed="16.44" types="182,1,41,203,26,4,183,208,5,204,184,185,186,34,201,36,209,210,211,190,191,192,37,202,39,212,213,214" pointTypes="20;70,215,23;23" names="248,231,232,249,250,233,251,234,245,252,236,237,253,254,247,255,239,240,241" />
          <segment id="1375415496" length="25" startTrkptIdx="4449" segmentTime="92.59" speed="16.44" turnType="C" turnLanes="+C,TSLR" turnAngle="0.65" skipTurn="true" types="182,1,41,203,26,4,183,208,5,204,184,185,186,34,201,36,209,210,211,190,191,192,37,202,39,212,213,214" pointTypes="23;21;20;8;7;8;8;7;8;7;8;20,205;8;;8;8;8;8;8;8;7;8;7;7;" names="248,231,232,249,250,233,251,234,245,252,236,237,253,254,247,255,239,240,241" />
          <segment id="1038799759" length="27" startTrkptIdx="4473" segmentTime="114.41" speed="17.65" types="182,4,183,208,5,184,185,186,34,201,36,209,210,211,190,191,192,37,202,39,212,213,214" pointTypes="8;8;;8;;8;21;8;;;;8;7;;8;7;8;7;7;;;;;;21;" names="248,231,232,249,250,233,251,234,245,252,236,237,253,254,247,255,239,240,241" />
          <segment id="1038799758" length="4" startTrkptIdx="4499" segmentTime="2.47" speed="17.65" turnType="TSLR" turnLanes="+TSLR,TR" turnAngle="5.02" skipTurn="true" types="182,4,183,208,5,184,185,186,34,201,36,209,210,211,190,191,192,37,202,39,212,213,214" pointTypes=";;23;" names="248,231,232,249,250,233,251,234,245,252,236,237,253,254,247,255,239,240,241" />
          <segment id="447483454" length="2" startTrkptIdx="4502" segmentTime="2.31" speed="17.65" types="182,4,183,208,5,184,185,186,34,201,36,209,210,211,190,191,192,37,202,39,212,213,214" pointTypes=";" names="248,231,232,249,250,233,251,234,245,252,236,237,253,254,247,255,239,240,241" />
          <segment id="454672592" length="2" startTrkptIdx="4503" segmentTime="0.69" speed="17.65" types="182,4,183,200,5,184,185,186,187,188,189,34,201,36,190,191,192,193,194,195,37,202,39" pointTypes="20;" names="248,231,232,243,233,244,234,235,245,236,237,246,238,247,239,240,241" />
          <segment id="447483449" length="14" startTrkptIdx="4504" segmentTime="49.82" speed="17.65" types="58,182,4,183,200,5,184,185,186,187,188,189,34,201,36,190,191,192,193,194,195,37,202,39" pointTypes="21;21;8;21;;7;;;;8;21;7;7;" names="248,231,232,243,233,244,234,235,245,236,237,246,238,247,239,240,241" />
          <segment id="229108677" length="163" startTrkptIdx="4517" segmentTime="645.05" speed="16.44" types="58,182,1,26,15,4,183,200,5,184,185,186,187,188,189,34,201,36,190,191,192,193,194,195,37,202,39" pointTypes="7;8;7;8;;7;7;;;;;;;;;7;;;;;;;;;;;;;;;;;;;7;7;7;;;;;;;;;;;7;7;21;21;20;21;8;7;8;7;;8;7;7;8;8;8;7;7;7;;7;7;8;7;7;8;7;7;8;21;8;20;;21;20;20;21;7;7;7;7;8;7;7;8;8;7;7;7;;;;;;;;;;7;8;8;;;;7;;7;;;;;;;;;7;8;8;8;20;21;21;8;7;;;;;;;7;;;;;;;;;21;;;;;;;;;;;;7;;7;" names="248,231,232,243,233,244,234,235,245,236,237,246,238,247,239,240,241" />
          <segment id="1371370009" length="5" startTrkptIdx="4679" segmentTime="8.13" speed="16.44" types="206,58,207,182,1,26,15,141,183,200,142,184,185,186,187,188,189,34,201,36,190,191,192,193,194,195,37,202,39" pointTypes="21;;20,205;20;" names="248,231,232,243,233,244,234,235,245,236,237,246,238,247,239,240,241" />
          <segment id="1371370010" length="141" startTrkptIdx="4683" segmentTime="437.49" speed="16.44" types="58,182,1,26,15,4,183,200,5,184,185,186,187,188,189,34,201,36,190,191,192,193,194,195,37,202,39" pointTypes="23;20;8;;21;8;8;7;;;;;;;;;;;;;;7;8;7;;;;7;;;;;;;;;;;;;;;;;;7;7;7;;;;;;;;;;;;;;;;;;;7;7;;;;;;;;;;;;7;;20;;;;;21;;;20;;;;;21;23;21;7;;20;;7;;;;;;;;;;;;;;;7;20;;21;;;;;;;8;21;20;7;;;;;;;;;8;7;" names="248,231,232,243,233,244,234,235,245,236,237,246,238,247,239,240,241" />
          <segment id="454672596" length="4" startTrkptIdx="4823" segmentTime="11.92" speed="17.65" types="182,4,183,200,5,184,185,186,187,188,189,34,201,36,190,191,192,193,194,195,37,202,39" pointTypes="7;7;7;" names="248,231,232,243,233,244,234,235,245,236,237,246,238,247,239,240,241" />
          <segment id="447483450" length="11" startTrkptIdx="4826" segmentTime="27.73" speed="16.44" types="58,182,1,41,203,26,4,183,200,5,184,185,186,187,188,189,34,201,36,190,191,192,193,194,195,37,202,39" pointTypes="7;;7;;;;;;;;" names="248,231,232,243,233,244,234,235,245,236,237,246,238,247,239,240,241" />
          <segment id="447483450" length="4" startTrkptIdx="4836" segmentTime="6.19" speed="16.44" types="58,182,1,41,203,26,4,183,200,5,184,185,186,187,188,189,34,201,36,190,191,192,193,194,195,37,202,39" pointTypes=";;;" names="248,231,232,243,233,244,234,235,245,236,237,246,238,247,239,240,241" />
          <segment id="454672597" length="2" startTrkptIdx="4839" segmentTime="1.68" speed="17.65" types="182,1,41,203,4,183,200,5,184,185,186,187,188,189,34,201,36,190,191,192,193,194,195,37,202,39" pointTypes=";" names="248,231,232,243,233,244,234,235,245,236,237,246,238,247,239,240,241" />
          <segment id="229108676" length="2" startTrkptIdx="4840" segmentTime="6.99" speed="11.11" types="30,58,182,1,41,203,14,4,183,200,5,184,185,186,187,188,189,34,201,36,190,191,192,193,194,195,37,202,39" names="248,231,232,243,233,244,234,235,245,236,237,246,238,247,239,240,241" />
          <segment id="1371370011" length="8" startTrkptIdx="4841" segmentTime="21.17" speed="16.44" types="58,182,1,41,203,26,4,183,200,5,204,184,185,186,187,188,189,34,201,36,190,191,192,193,194,195,37,202,39" pointTypes="7;;;7,205;21;8;21;" names="248,231,232,243,233,244,234,235,245,236,237,246,238,247,239,240,241" />
          <segment id="456268542" length="37" startTrkptIdx="4848" segmentTime="90.85" speed="11.11" types="58,182,1,41,203,14,4,183,200,5,204,184,185,186,187,188,189,34,201,36,190,191,192,193,194,195,37,202,39" pointTypes="23;;;;;23;7;;;;21;;23;;;;7;;7,205;7;20;23;21;21;8;8;21;;21;;23;7;;;;21;" names="248,231,232,243,233,244,234,235,245,236,237,246,238,247,239,240,241" />
          <segment id="1371370012" length="11" startTrkptIdx="4884" segmentTime="20.9" speed="11.11" types="58,182,1,41,203,14,4,183,200,5,204,184,185,186,187,188,189,34,201,36,190,191,192,193,194,195,37,202,39" pointTypes="23;;;;;23,205;20;;;;" names="248,231,232,243,233,244,234,235,245,236,237,246,238,247,239,240,241" />
          <segment id="132211495" length="77" startTrkptIdx="4894" segmentTime="215.06" speed="16.44" types="58,182,1,41,203,26,4,183,200,5,204,184,185,186,187,188,189,34,201,36,190,191,192,193,194,195,37,202,39" pointTypes=";21;7;7;;7;;;;21;21;21;;21;21;7;;;;;7;7;7;;;;7;7;;7;21;7;;;;;;;8,205;;;8;7;21;;23;;20;;7;8;20;7;;;;7;8;;;7;;;7;;;;;;8;;;;;;8;" names="248,231,232,243,233,244,234,235,245,236,237,246,238,247,239,240,241" />
          <segment id="456268541" length="7" startTrkptIdx="4970" segmentTime="15.04" speed="16.44" types="58,182,1,41,203,26,4,183,200,5,204,184,185,186,187,188,189,34,201,36,190,191,192,193,194,195,37,202,39" pointTypes="23;23;;7,205;;;" names="248,231,232,243,233,244,234,235,245,236,237,246,238,247,239,240,241" />
          <segment id="447483455" length="55" startTrkptIdx="4976" segmentTime="122.53" speed="16.44" types="58,182,1,41,203,26,4,183,200,5,204,184,185,186,187,188,189,34,201,36,190,191,192,193,194,195,37,202,39" pointTypes=";;;8;20;;8;;;;;;;7;21;;;;;;21;8;20;;;;;205;7;8;;;8;7;;;;;;;;;21;20;21;;;;;;;;;;" names="248,231,232,243,233,244,234,235,245,236,237,246,238,247,239,240,241" />
          <segment id="1371370014" length="11" startTrkptIdx="5030" segmentTime="66.86" speed="16.44" types="58,182,1,41,203,26,4,183,200,5,184,185,186,187,188,189,34,201,36,190,191,192,193,194,195,37,202,39" pointTypes="7;;;;;;;;;;" names="248,231,232,243,233,244,234,235,245,236,237,246,238,247,239,240,241" />
          <segment id="132211494" length="2" startTrkptIdx="5040" segmentTime="2.77" speed="17.65" types="30,58,182,4,183,200,5,184,185,186,187,188,189,34,201,36,190,191,192,193,194,195,37,202,39" names="248,231,232,243,233,244,234,235,245,236,237,246,238,247,239,240,241" />
          <segment id="430117534" length="10" startTrkptIdx="5041" segmentTime="47" speed="17.65" types="58,182,4,183,200,5,184,185,186,187,188,189,34,201,36,190,191,192,193,194,195,37,202,39" pointTypes=";;;;;7;;;;" names="248,231,232,243,233,244,234,235,245,236,237,246,238,247,239,240,241" />
          <segment id="430117533" length="2" startTrkptIdx="5050" segmentTime="1.04" speed="17.65" types="30,58,182,4,183,200,5,184,185,186,187,188,189,34,201,36,190,191,192,193,194,195,37,202,39" names="248,231,232,243,233,244,234,235,245,236,237,246,238,247,239,240,241" />
          <segment id="227143872" length="159" startTrkptIdx="5051" segmentTime="666.13" speed="16.44" types="58,182,1,26,15,4,183,200,5,184,185,186,187,188,189,34,201,36,190,191,192,193,194,195,37,202,39" pointTypes=";;;;;;;7;7;8;;20;21;7;21;;;;;;23;23;23;;21;7;21;8;21;7;;;7;;7;21;8;21;20;21;20;23;23;23;23;20;21;8;8;21;7;8;21;21;8;;;;7;8;8;;;;;7;21;7;7;;;;;7;7;;7;7;;7;;7;;8;8;8;;;7;21;8;7;7;7;7;8;21;21;;;21;8;7;;7;;8;7;7;7;;;7;8;;7;;7;21;20;8;7;8;7;7;7;7;7;;8;;7;;;;;;;;7;8;7;7;;;;;;;;;;;;;;;;" names="248,231,232,243,233,244,234,235,245,236,237,246,238,247,239,240,241" />
          <segment id="227143872" length="69" startTrkptIdx="5209" segmentTime="367.71" speed="16.44" turnType="TSLR" turnLanes="+TSLR,TSLL" turnAngle="5.85" skipTurn="true" types="58,182,1,26,15,4,183,200,5,184,185,186,187,188,189,34,201,36,190,191,192,193,194,195,37,202,39" pointTypes=";;;;;;7;7;;;;;;;;;7;7;;;;7;;;;;8;8;;;;;7;;7;;;;;;7;7;7;;;8;21;8;7;8;8;21;21;8;;;;;7;;21;7;;;;;8;20;21" names="248,231,232,243,233,244,234,235,245,236,237,246,238,247,239,240,241" />
          <segment id="227143872" length="65" startTrkptIdx="5277" segmentTime="245.8" speed="16.44" types="58,182,1,26,15,4,183,200,5,184,185,186,187,188,189,34,201,36,190,191,192,193,194,195,37,202,39" pointTypes="21;20;8;21;8;;;;21;8;8;8;;;8;;;;;;;7;7;;;;;;;;;;;;;7;20;8;7;;;;;;;;;;;;;;;;;;7;7;;;;;;7;" names="248,231,232,243,233,244,234,235,245,236,237,246,238,247,239,240,241" />
          <segment id="1371370016" length="3" startTrkptIdx="5341" segmentTime="11.02" speed="16.44" types="58,182,1,26,15,4,183,200,5,184,185,186,187,188,189,34,201,36,190,191,192,193,194,195,37,202,39" pointTypes=";;" names="248,231,232,243,233,244,234,235,245,236,237,246,238,247,239,240,241" />
          <segment id="248168361" length="2" startTrkptIdx="5343" segmentTime="2.22" speed="17.65" types="30,58,182,15,4,183,200,5,184,185,186,187,188,189,34,201,36,190,191,192,193,194,195,37,202,39" names="248,231,232,243,233,244,234,235,245,236,237,246,238,247,239,240,241" />
          <segment id="1252839917" length="17" startTrkptIdx="5344" segmentTime="23.15" speed="17.65" types="58,182,1,15,4,183,200,5,184,185,186,187,188,189,34,201,36,190,191,192,193,194,195,37,202,39" pointTypes=";7;8;8;8;8;8;8;7;21;20;20;8;7;8;7;" names="248,231,232,243,233,244,234,235,245,236,237,246,238,247,239,240,241" />
          <segment id="1252839917" length="13" startTrkptIdx="5360" segmentTime="18.4" speed="17.65" types="58,182,1,15,4,183,200,5,184,185,186,187,188,189,34,201,36,190,191,192,193,194,195,37,202,39" pointTypes=";21;23;;21;21;8;;;;;;" names="248,231,232,243,233,244,234,235,245,236,237,246,238,247,239,240,241" />
          <segment id="248168360" length="82" startTrkptIdx="5372" segmentTime="254.82" speed="16.44" types="58,182,1,41,203,26,15,4,183,200,5,184,185,186,187,188,189,34,201,36,190,191,192,193,194,195,37,202,39" pointTypes="7;7;8;;23;;7;8;7;7;21;20;;7;20;21;8;8;8;7;8;21;20;21;;;;;7;8;20;21;21;20;20;;;;8;8;8;8;21;21;8;21;21;21;7;7;20;20;21;21;8;21;21;21;8;;20;;7;;;;;;;;;;;7;8;8;;;7;8;;" names="248,231,232,243,233,244,234,235,245,236,237,246,238,247,239,240,241" />
          <segment id="248168360" length="3" startTrkptIdx="5453" segmentTime="30.67" speed="16.44" types="58,182,1,41,203,26,15,4,183,200,5,184,185,186,187,188,189,34,201,36,190,191,192,193,194,195,37,202,39" pointTypes=";7;" names="248,231,232,243,233,244,234,235,245,236,237,246,238,247,239,240,241" />
          <segment id="430812882" length="2" startTrkptIdx="5455" segmentTime="1.38" speed="17.65" types="58,182,1,15,4,183,200,5,184,185,186,187,188,189,34,201,36,190,191,192,193,194,195,37,202,39" pointTypes=";" names="248,231,232,243,233,244,234,235,245,236,237,246,238,247,239,240,241" />
          <segment id="430812882" length="25" startTrkptIdx="5456" segmentTime="141.86" speed="17.65" turnType="C" turnLanes="+C,TSLL" turnAngle="-0.22" skipTurn="true" types="58,182,1,15,4,183,200,5,184,185,186,187,188,189,34,201,36,190,191,192,193,194,195,37,202,39" pointTypes=";8;8;8;8;;;;;;7;;7;8;8;7;7;;7;7;7;7;7;20;21" names="248,231,232,243,233,244,234,235,245,236,237,246,238,247,239,240,241" />
          <segment id="430812882" length="15" startTrkptIdx="5480" segmentTime="60.37" speed="17.65" types="58,182,1,15,4,183,200,5,184,185,186,187,188,189,34,201,36,190,191,192,193,194,195,37,202,39" pointTypes="21;8;;;8;20;20;21;;;;;8;;" names="248,231,232,243,233,244,234,235,245,236,237,246,238,247,239,240,241" />
          <segment id="430812881" length="2" startTrkptIdx="5494" segmentTime="1.63" speed="17.65" types="30,58,182,1,15,4,183,200,5,184,185,186,187,188,189,34,201,36,190,191,192,193,194,195,37,202,39" names="248,231,232,243,233,244,234,235,245,236,237,246,238,247,239,240,241" />
          <segment id="215909800" length="153" startTrkptIdx="5495" segmentTime="387.72" speed="16.44" types="58,182,1,26,65,15,4,183,200,5,184,185,186,187,188,189,34,201,36,190,191,192,193,194,195,37,202,39" pointTypes="8;7;7;;;;;;;;7;8;;;8;7;;;;;;;;;;;;;;;;;7;;7;;;;;;;8;;;;;;;;;;;;;;;;;;;;;;;;;;;;;;;;;;;;;;;;;;;;;21;7;;;;;;;;;;;;;;;;;;;;;;;;;;;7;;;;;;;;;;;;;;;;;;;;;;;;;;;;;;;;7;;20;7;;;" names="248,231,232,243,233,244,234,235,245,236,237,246,238,247,239,240,241" />
          <segment id="215909800" length="218" startTrkptIdx="5647" segmentTime="597" speed="16.44" turnType="TSLL" turnLanes="+TSLL,TSLR" turnAngle="-5.65" skipTurn="true" types="58,182,1,26,65,15,4,183,200,5,184,185,186,187,188,189,34,201,36,190,191,192,193,194,195,37,202,39" pointTypes=";;;;;8;7;;7;;;;;;;;;;;7;;7;;;;;;;;;;;;;;;;;;;;;;;8;21;;;;;;;;;;;;;;;;7;7;7;;;;;;;;;;;;;;;;8;7;;;;;;;;;;;;;;;;;7;;;;;;;;;;;;;;;;8;;;;;8;;;;;;;;;;;;;;;;;;;;;8;;;20;;;;;21;;8;;;;;;;;7;;;;;;;7;21;20;20;23;;8;;;;;;;8;;;8;;;;;;21;;8;;;;;;;;;;;;;20;21;21;7;;;;20;;;;;;21;;;" names="248,231,232,243,233,244,234,235,245,236,237,246,238,247,239,240,241" />
          <segment id="1351039948" length="2" startTrkptIdx="5864" segmentTime="4.63" speed="16.44" types="182,1,26,65,15,4,183,200,5,184,185,186,187,188,189,34,201,36,190,191,192,193,194,195,37,202,39" pointTypes=";" names="242,231,232,243,233,244,234,235,245,236,237,246,238,247,239,240,241" />
          <segment id="1351039948" length="2" startTrkptIdx="5865" segmentTime="5.96" speed="16.44" types="182,1,26,65,15,4,183,200,5,184,185,186,187,188,189,34,201,36,190,191,192,193,194,195,37,202,39" pointTypes=";" names="242,231,232,243,233,244,234,235,245,236,237,246,238,247,239,240,241" />
          <segment id="1351039949" length="18" startTrkptIdx="5866" segmentTime="13.63" speed="11.11" types="58,182,1,14,65,15,4,183,200,5,184,185,186,187,188,189,34,201,36,190,191,192,193,194,195,37,202,39" pointTypes=";;;;;;197,198;;;;;;;;;;;" names="242,231,232,243,233,244,234,235,245,236,237,246,238,247,239,240,241" />
          <segment id="297214271" length="2" startTrkptIdx="5883" segmentTime="3.33" speed="11.11" types="182,1,2,14,15,199,172,32,183,200,5,50,184,185,186,187,188,189,34,201,36,190,191,192,193,194,195,37,202,39" pointTypes="197,198" names="242,231,232,243,233,244,234,235,245,236,237,246,238,247,239,240,241" />
          <segment id="258402981" length="7" startTrkptIdx="5884" segmentTime="10.82" speed="11.11" types="58,182,1,14,180,15,196,32,183,25,184,185,186,187,188,189,190,191,192,193,194,195" pointTypes="197,198;;;;;;" names="230,231,232,233,234,235,236,237,238,239,240,241" />
          <segment id="296308627" length="2" startTrkptIdx="5890" segmentTime="5.67" speed="11.11" types="179,182,1,14,15,32,183,25,184,185,186,187,188,189,190,191,192,193,194,195" pointTypes=";" names="230,231,232,233,234,235,236,237,238,239,240,241" />
          <segment id="296308629" length="3" startTrkptIdx="5891" segmentTime="5.07" speed="11.11" types="182,1,14,15,32,183,25,184,185,186,187,188,189,190,191,192,193,194,195" pointTypes=";7" names="230,231,232,233,234,235,236,237,238,239,240,241" />
          <segment id="296375611" length="13" startTrkptIdx="5893" segmentTime="87.1" speed="11.11" turnType="TR" turnAngle="88.86" types="182,1,14,29,32,25" pointTypes=";;7;;;;;;;;;;" names="331" />
          <segment id="1360983350" length="3" startTrkptIdx="5905" segmentTime="21.56" speed="11.11" types="182,1,14,29,32,25" pointTypes=";;" names="331" />
          <segment id="296308624" length="6" startTrkptIdx="5907" segmentTime="21.41" speed="11.11" types="182,1,14,29,32,25" pointTypes=";;;;21;" names="331" />
          <segment id="824710791" length="9" startTrkptIdx="5912" segmentTime="10.21" speed="11.11" turnType="TL" turnAngle="-52.46" types="182,1,14,29,32,25" pointTypes=";;;;;8" names="228" />
          <segment id="47896290" length="9" startTrkptIdx="5920" segmentTime="1.26" speed="11.11" types="328,182,28,14,29,17,32,25" names="228" />
          <segment id="258402092" length="7" startTrkptIdx="5928" segmentTime="9.33" speed="11.11" types="179,0,1,14,29,32,25" pointTypes=";;;;;" names="228" />
          <segment id="296083144" length="9" startTrkptIdx="5934" segmentTime="3.97" speed="11.11" turnType="KR" turnLanes="TSLL|+C" turnAngle="-1.58" types="0,28,14,29,32,25" names="228" />
          <segment id="433206879" length="16" startTrkptIdx="5942" segmentTime="6.89" speed="16.44" types="0,15,172,32,173,5" pointTypes=";;;;;;;;8" names="228" />
          <segment id="1351039969" length="2" startTrkptIdx="5957" segmentTime="2.54" speed="11.11" turnType="TR" turnAngle="91.84" types="58,0,1,14,15,4,5" pointTypes="8;" names="227" />
          <segment id="214528608" length="2" startTrkptIdx="5958" segmentTime="1.92" speed="11.11" types="30,58,0,1,14,15,4,5" names="227" />
          <segment id="1352238613" length="12" startTrkptIdx="5959" segmentTime="21.68" speed="5.99" types="0,1,14,15,4,5" pointTypes="21;21;20;20;20;20;20;21;21;21;169,170,171,21;" names="227" />
          <segment id="778168956" length="6" startTrkptIdx="5970" segmentTime="35.29" speed="7.96" types="0,1,14,15,4,5" pointTypes="8;7;169,170,171,20;20;;" names="227" />
          <segment id="778168960" length="11" startTrkptIdx="5975" segmentTime="9.35" speed="11.11" types="0,1,14,15,4,5" pointTypes=";21;21;21;8;21;21;20;20;20;" names="227" />
          <segment id="1352094032" length="2" startTrkptIdx="5985" segmentTime="14.74" speed="12.5" turnType="TL" turnAngle="-78.02" types="144,15,132,134" pointTypes=";" names="167" />
          <segment id="1352094032" length="5" startTrkptIdx="5986" segmentTime="15.43" speed="12.5" turnType="C" turnLanes="+C,TSLR" turnAngle="0.45" skipTurn="true" types="144,15,132,134" pointTypes=";;;;" names="167" />
          <segment id="1352094032" length="3" startTrkptIdx="5990" segmentTime="1.2" speed="12.5" turnType="TR" turnAngle="48.69" types="144,15,132,134" pointTypes=";;" names="167" />
          <segment id="96820824" length="2" startTrkptIdx="5992" segmentTime="0.13" speed="9.72" turnType="TR" turnAngle="60.59" types="329,15,132,134" pointTypes="8;" names="332" />
        </osmand:route>
        <osmand:types>
          <type t="highway" v="secondary" />
          <type t="lanes" v="2" />
          <type t="lit" v="yes" />
          <type t="maxspeed" v="50" />
          <type t="surface" v="asphalt" />
          <type t="osmand_highway_integrity_brouting" v="0" />
          <type t="highway" v="traffic_signals" />
          <type t="osmand_ele_decline_1" v="1" />
          <type t="osmand_ele_decline_3" v="1" />
          <type t="crossing" v="uncontrolled" />
          <type t="crossing:markings" v="zebra" />
          <type t="highway" v="crossing" />
          <type t="direction" v="forward" />
          <type t="highway" v="give_way" />
          <type t="maxspeed" v="40" />
          <type t="oneway" v="no" />
          <type t="route_road_2_network" v="cl:national" />
          <type t="sidewalk" v="no" />
          <type t="route_road_2_shield_color" v="green" />
          <type t="road_shield_color_2" v="green" />
          <type t="osmand_ele_decline_7" v="1" />
          <type t="osmand_ele_decline_5" v="1" />
          <type t="traffic_calming" v="hump" />
          <type t="osmand_ele_decline_11" v="1" />
          <type t="surface" v="paved" />
          <type t="osmand_highway_integrity_brouting" v="1" />
          <type t="maxspeed" v="60" />
          <type t="highway" v="secondary_link" />
          <type t="lanes" v="1" />
          <type t="oneway" v="yes" />
          <type t="bridge" v="yes" />
          <type t="maxspeed" v="70" />
          <type t="surface" v="concrete" />
          <type t="route_road_3_network" v="#" />
          <type t="route_road_3_shield_color" v="white" />
          <type t="route_road_3_shield_shape" v="usshield" />
          <type t="route_road_3_shield_order" v="1" />
          <type t="road_shield_color_3" v="white" />
          <type t="road_shield_shape_3" v="usshield" />
          <type t="road_shield_order_3" v="1" />
          <type t="lanes" v="3" />
          <type t="lanes:backward" v="1" />
          <type t="turn:lanes:forward" v="merge_to_right|" />
          <type t="turn:lanes:forward" v="left|" />
          <type t="cycleway" v="lane" />
          <type t="bicycle" v="yes" />
          <type t="cycleway:buffer" v="0.5" />
          <type t="cycleway:foot" v="segregated" />
          <type t="maxspeed:conditional" v="30 &#64; (Mo-Fr 08:00-09:30,14:30-16:00; PH off; SH off)" />
          <type t="cycleway" v="opposite" />
          <type t="sidewalk" v="yes" />
          <type t="hgv" v="no" />
          <type t="route_hiking_1" v="" />
          <type t="route_hiking" v="" />
          <type t="amenity" v="ferry_terminal" />
          <type t="ferry" v="yes" />
          <type t="public_transport" v="station" />
          <type t="ferry" v="secondary" />
          <type t="foot" v="yes" />
          <type t="motor_vehicle" v="yes" />
          <type t="route" v="ferry" />
          <type t="maxspeed:type" v="CL:urban" />
          <type t="smoothness" v="excellent" />
          <type t="osmand_highway_integrity_brouting" v="-1" />
          <type t="maxspeed" v="30" />
          <type t="maxspeed:type" v="sign" />
          <type t="sidewalk:right:surface" v="concrete:plates" />
          <type t="width" v="10" />
          <type t="lit" v="no" />
          <type t="barrier" v="border_control" />
          <type t="bus" v="yes" />
          <type t="motorcar" v="yes" />
          <type t="motorcycle" v="yes" />
          <type t="name" v="" />
          <type t="ref" v="" />
          <type t="name" v="Juan Bautista Etchegaray" />
          <type t="road_name_1" v="Longitudinal Red Interlagos" />
          <type t="road_name_2" v="Circuito Siete Lagos" />
          <type t="route_road_1_name" v="Longitudinal Red Interlagos" />
          <type t="route_road_2_name" v="Circuito Siete Lagos" />
          <type t="direction" v="" />
          <type t="name" v="Ramón Freire" />
          <type t="ref" v="203" />
          <type t="road_name_2" v="Ruta 203 CH" />
          <type t="road_name_3" v="Circuito Siete Lagos" />
          <type t="road_network_2" v="cl:national" />
          <type t="road_ref_2" v="203" />
          <type t="route_road_2_name" v="Ruta 203 CH" />
          <type t="route_road_2_ref" v="203" />
          <type t="route_road_3_name" v="Circuito Siete Lagos" />
          <type t="name" v="Ruta 203 CH" />
          <type t="road_name_1" v="Ejes Transversales Red Interlagos" />
          <type t="route_road_1_name" v="Ejes Transversales Red Interlagos" />
          <type t="bridge:name" v="Puente Huenehue" />
          <type t="bridge:name" v="Puente Curaco" />
          <type t="bridge:name" v="Puente Niltre" />
          <type t="bridge:name" v="Puente Llamué" />
          <type t="bridge:name" v="Puente Rucatrehua" />
          <type t="ref" v="203 CH" />
          <type t="road_network_3" v="#" />
          <type t="road_ref_3" v="203 CH" />
          <type t="route_road_3_ref" v="203 CH" />
          <type t="bridge:name" v="Puente Puñir" />
          <type t="bridge:name" v="Puente Toledo" />
          <type t="bridge:name" v="Puente Blanco" />
          <type t="bridge:name" v="Puente Paillahuinte" />
          <type t="name" v="Puente Llanquihue" />
          <type t="bridge:name" v="Puente Llanquihue" />
          <type t="bridge:name" v="Puente Punahue" />
          <type t="bridge:name" v="Puente Truful" />
          <type t="bridge:name" v="Puente Huilo Huilo" />
          <type t="bridge:name" v="Puente Llallalca" />
          <type t="route_hiking_1_name" v="Greater Patagonian Trail Section 17: Liquiñe" />
          <type t="route_hiking_1_network" v="iwn" />
          <type t="route_hiking_1_osmc_background" v="white_4" />
          <type t="route_hiking_1_osmc_stub_name" v="." />
          <type t="route_hiking_1_osmc_text" v="GPT17" />
          <type t="route_hiking_1_osmc_textcolor" v="black" />
          <type t="route_hiking_1_ref" v="GPT17" />
          <type t="route_hiking_1_relation_id" v="6814241" />
          <type t="route_hiking_1_website" v="https://www.wikiexplora.com/index.php/Greater_Patagonian_Trail" />
          <type t="duration" v="01:30" />
          <type t="name" v="Ferry Lago Pirihueico" />
          <type t="road_name_1" v="Circuito Siete Lagos" />
          <type t="route_hiking_1_name" v="Greater Patagonian Trail Section 18: Lago Pirihueico" />
          <type t="route_hiking_1_osmc_text" v="GPT18" />
          <type t="route_hiking_1_ref" v="GPT18" />
          <type t="route_hiking_1_relation_id" v="6814233" />
          <type t="route_road_1_name" v="Circuito Siete Lagos" />
          <type t="name" v="Terminal de Embarque Puerto Fuy" />
          <type t="name" v="Pirehueico" />
          <type t="name" v="Complejo Fronterizo Hua Hum" />
          <type t="surface" v="unpaved" />
          <type t="route_road_1_network" v="ar:provincial" />
          <type t="osmand_highway_integrity_brouting" v="4" />
          <type t="route_road_2_shield_order" v="2" />
          <type t="road_shield_order_2" v="2" />
          <type t="maxspeed" v="20" />
          <type t="route_road_1_shield_order" v="2" />
          <type t="road_shield_order_1" v="2" />
          <type t="access" v="permit" />
          <type t="surface" v="compacted" />
          <type t="osmand_highway_integrity_brouting" v="2" />
          <type t="route_mtb" v="" />
          <type t="highway" v="tertiary" />
          <type t="name" v="Paso Internacional Hua Hum" />
          <type t="ref" v="RP48" />
          <type t="road_name_1" v="Ruta Provincial 48" />
          <type t="road_network_1" v="ar:provincial" />
          <type t="road_ref_1" v="48" />
          <type t="road_ref_2" v="48" />
          <type t="route_road_1_name" v="Ruta Provincial 48" />
          <type t="route_road_1_ref" v="48" />
          <type t="route_road_2_ref" v="48" />
          <type t="name" v="Ruta Provincial 48" />
          <type t="route_hiking_1_distance" v="11.4" />
          <type t="route_hiking_1_name" v="Etapa 16: Laguna Rosales - San Martín de Los Andes" />
          <type t="route_hiking_1_network" v="nwn" />
          <type t="route_hiking_1_osmc_text" v="ELRSMLA" />
          <type t="route_hiking_1_relation_id" v="9379221" />
          <type t="route_mtb_1" v="" />
          <type t="route_mtb_1_name" v="Etapa 16: Laguna Rosales - San Martín de Los Andes" />
          <type t="route_mtb_1_osmc_background" v="white_4" />
          <type t="route_mtb_1_osmc_stub_name" v="." />
          <type t="route_mtb_1_osmc_text" v="ELRSMLA" />
          <type t="route_mtb_1_osmc_textcolor" v="black" />
          <type t="route_mtb_1_relation_id" v="18336053" />
          <type t="name" v="Los Pañiles" />
          <type t="name" v="Paso Hua-Hum" />
          <type t="direction" v="both" />
          <type t="surface" v="plastic" />
          <type t="traffic_calming" v="bump" />
          <type t="smoothness" v="good" />
          <type t="width" v="12" />
          <type t="sidewalk:right:surface" v="paving_stones" />
          <type t="width" v="7" />
          <type t="kerb" v="lowered" />
          <type t="tactile_paving" v="no" />
          <type t="traffic_calming" v="table" />
          <type t="hgv" v="yes" />
          <type t="maxspeed:type" v="AR:urban" />
          <type t="sidewalk:left:surface" v="paving_stones" />
          <type t="highway" v="primary" />
          <type t="route_road_1_network" v="ar:national" />
          <type t="route_road_1_shield_color" v="white" />
          <type t="route_road_1_shield_shape" v="pentagon" />
          <type t="route_road_1_shield_order" v="1" />
          <type t="route_road_2_shield_color" v="white" />
          <type t="route_road_2_shield_shape" v="pentagon" />
          <type t="route_road_2_shield_order" v="1" />
          <type t="road_shield_color_1" v="white" />
          <type t="road_shield_shape_1" v="pentagon" />
          <type t="road_shield_order_1" v="1" />
          <type t="road_shield_color_2" v="white" />
          <type t="road_shield_shape_2" v="pentagon" />
          <type t="road_shield_order_2" v="1" />
          <type t="oneway:conditional" v="yes &#64; (Dec 1 - Mar 31); no &#64; (Apr 1 - Nov 30)" />
          <type t="enforcement" v="maxspeed" />
          <type t="highway" v="speed_camera" />
          <type t="sidewalk:right:surface" v="compacted" />
          <type t="route_road_2_network" v="ar:national" />
          <type t="route_road_3_shield_shape" v="pentagon" />
          <type t="road_shield_shape_3" v="pentagon" />
          <type t="lanes:forward" v="1" />
          <type t="hazard" v="curves" />
          <type t="hazard" v="" />
          <type t="construction:surface" v="asphalt" />
          <type t="hazard" v="roadworks" />
          <type t="route_road_3_network" v="ar:national" />
          <type t="route_road_4_shield_color" v="white" />
          <type t="route_road_4_shield_shape" v="pentagon" />
          <type t="route_road_4_shield_order" v="1" />
          <type t="road_shield_color_4" v="white" />
          <type t="road_shield_shape_4" v="pentagon" />
          <type t="road_shield_order_4" v="1" />
          <type t="public_transport" v="stop_position" />
          <type t="maxspeed" v="80" />
          <type t="highway" v="milestone" />
          <type t="highway" v="trunk_link" />
          <type t="highway" v="trunk" />
          <type t="maxspeed" v="110" />
          <type t="highway" v="stop" />
          <type t="access" v="permissive" />
          <type t="barrier" v="swing_gate" />
          <type t="lanes:forward" v="2" />
          <type t="crossing" v="unmarked" />
          <type t="crossing:markings" v="no" />
          <type t="name" v="Perito Moreno" />
          <type t="name" v="Cacique Curruhuinca" />
          <type t="name" v="Teniente General Roca" />
          <type t="name" v="Juez del Valle" />
          <type t="ref" v="RN40" />
          <type t="road_name_1" v="Ruta Nacional 40" />
          <type t="road_network_1" v="ar:national" />
          <type t="road_ref_1" v="40" />
          <type t="road_ref_2" v="40" />
          <type t="route_road_1_name" v="Ruta Nacional 40" />
          <type t="route_road_1_ref" v="40" />
          <type t="route_road_2_ref" v="40" />
          <type t="route_road_1_name:de" v="Nationalstraße 40" />
          <type t="route_road_1_name:es" v="Ruta Nacional 40" />
          <type t="route_road_1_name:fr" v="Route nationale 40" />
          <type t="name" v="Ruta Nacional 40" />
          <type t="road_name_2" v="Camino de los Siete Lagos" />
          <type t="road_network_2" v="ar:national" />
          <type t="road_ref_3" v="40" />
          <type t="route_road_2_name" v="Camino de los Siete Lagos" />
          <type t="route_road_3_ref" v="40" />
          <type t="name" v="Camino de los Siete Lagos" />
          <type t="road_name_2" v="Circuito Grande" />
          <type t="road_name_3" v="Camino de los Siete Lagos" />
          <type t="road_network_3" v="ar:national" />
          <type t="road_ref_4" v="40" />
          <type t="route_road_2_name" v="Circuito Grande" />
          <type t="route_road_3_name" v="Camino de los Siete Lagos" />
          <type t="route_road_4_ref" v="40" />
          <type t="destination" v="Límite con Chile" />
          <type t="destination:ref" v="RN231" />
          <type t="name" v="Ruta Nacional 231" />
          <type t="ref" v="RN231" />
          <type t="road_name_1" v="Ruta Nacional 231" />
          <type t="road_ref_1" v="231" />
          <type t="road_ref_2" v="231" />
          <type t="route_road_1_name" v="Ruta Nacional 231" />
          <type t="route_road_1_ref" v="231" />
          <type t="route_road_2_ref" v="231" />
          <type t="name" v="Paso Internacional Cardenal Samoré" />
          <type t="destination:forward" v="Paso Internacional Cardenal Samoré" />
          <type t="name" v="Km 2125" />
          <type t="name" v="Km 1" />
          <type t="name" v="Km 2" />
          <type t="name" v="Km 3" />
          <type t="name" v="Km 4" />
          <type t="name" v="Km 5" />
          <type t="name" v="Km 7" />
          <type t="name" v="Km 8" />
          <type t="name" v="Km 9" />
          <type t="name" v="Km 10" />
          <type t="name" v="Km 11" />
          <type t="name" v="Km 12" />
          <type t="name" v="Km 13" />
          <type t="name" v="Km 14" />
          <type t="name" v="Km 15" />
          <type t="name" v="Km 16" />
          <type t="name" v="Km 17" />
          <type t="name" v="Km 18" />
          <type t="name" v="Km 19" />
          <type t="name" v="Km 20" />
          <type t="name" v="Km 21" />
          <type t="name" v="Km 22" />
          <type t="name" v="Km 23" />
          <type t="name" v="Km 24" />
          <type t="name" v="Km 25" />
          <type t="name" v="Km 26" />
          <type t="name" v="Km 27" />
          <type t="name" v="Km 28" />
          <type t="name" v="Km 29" />
          <type t="name" v="Km 30" />
          <type t="name" v="Km 31" />
          <type t="name" v="Km 32" />
          <type t="lanes:backward" v="2" />
          <type t="barrier" v="gate" />
          <type t="barrier" v="lift_gate" />
          <type t="tunnel" v="building_passage" />
          <type t="route_hiking_2" v="" />
          <type t="name" v="Ruta 215 CH" />
          <type t="ref" v="215" />
          <type t="road_name_2" v="Ruta 215 CH" />
          <type t="road_name_3" v="Circuito Nor Patagonia" />
          <type t="road_ref_2" v="215" />
          <type t="route_road_2_name" v="Ruta 215 CH" />
          <type t="route_road_2_ref" v="215" />
          <type t="route_road_3_name" v="Circuito Nor Patagonia" />
          <type t="route_hiking_1_name" v="Greater Patagonian Trail Section 19: Volcán Puyehue" />
          <type t="route_hiking_1_osmc_text" v="GPT19" />
          <type t="route_hiking_1_ref" v="GPT19" />
          <type t="route_hiking_1_relation_id" v="6814222" />
          <type t="route_hiking_2_name" v="Sendero de Chile" />
          <type t="route_hiking_2_network" v="nwn" />
          <type t="route_hiking_2_osmc_background" v="white_2" />
          <type t="route_hiking_2_osmc_stub_name" v="." />
          <type t="route_hiking_2_osmc_text" v="SC" />
          <type t="route_hiking_2_osmc_textcolor" v="black" />
          <type t="route_hiking_2_relation_id" v="16751408" />
          <type t="name" v="Paso Cardenal Antonio Samoré" />
          <type t="name" v="Complejo Fronterizo Cardenal Samoré" />
          <type t="surface" v="dirt" />
          <type t="osmand_highway_integrity_brouting" v="3" />
          <type t="foot" v="no" />
          <type t="highway" v="residential" />
          <type t="destination" v="San Martín de los Andes" />
          <type t="name" v="General Villegas" />
          <type t="name" v="Las Frutillas" />
        </osmand:types>
      </extensions>
    </trkseg>
  </trk>
</gpx>