<?xml version='1.0' encoding='UTF-8' standalone='yes' ?>
<gpx version="1.1" creator="OsmAndRouterV2" xmlns="http://www.topografix.com/GPX/1/1" xmlns:osmand="https://osmand.net/docs/technical/osmand-file-formats/osmand-gpx" xmlns:gpxtpx="https://www8.garmin.com/xmlschemas/TrackPointExtensionv1.xsd" xmlns:xsi="http://www.w3.org/2001/XMLSchema-instance" xsi:schemaLocation="http://www.topografix.com/GPX/1/1 https://www.topografix.com/GPX/1/1/gpx.xsd">
  <metadata>
    <name>Mon Jul 13 2026</name>
  </metadata>
  <rte>
    <rtept lat="-39.7466744" lon="-71.8543679">
      <extensions>
        <osmand:profile>car</osmand:profile>
        <osmand:trkpt_idx>0</osmand:trkpt_idx>
      </extensions>
    </rtept>
    <rtept lat="-39.7888931" lon="-71.6812634">
      <extensions>
        <osmand:profile>car</osmand:profile>
        <osmand:trkpt_idx>968</osmand:trkpt_idx>
      </extensions>
    </rtept>
    <rtept lat="-40.1472289" lon="-71.340639">
      <extensions>
        <osmand:profile>car</osmand:profile>
        <osmand:trkpt_idx>3480</osmand:trkpt_idx>
      </extensions>
    </rtept>
  </rte>
  <trk>
    <trkseg>
      <trkpt lat="-39.7466866" lon="-71.8543561">
        <ele>283.7</ele>
      </trkpt>
      <trkpt lat="-39.7469446" lon="-71.8548024">
        <ele>286.5</ele>
      </trkpt>
      <trkpt lat="-39.7470972" lon="-71.8550384">
        <ele>289</ele>
      </trkpt>
      <trkpt lat="-39.7471528" lon="-71.8551001">
        <ele>290</ele>
      </trkpt>
      <trkpt lat="-39.7472106" lon="-71.8551564">
        <ele>291</ele>
      </trkpt>
      <trkpt lat="-39.7472704" lon="-71.8552074">
        <ele>291.8</ele>
      </trkpt>
      <trkpt lat="-39.7473343" lon="-71.8552503">
        <ele>292.5</ele>
      </trkpt>
      <trkpt lat="-39.7473983" lon="-71.8552878">
        <ele>293.2</ele>
      </trkpt>
      <trkpt lat="-39.7474725" lon="-71.8553227">
        <ele>294</ele>
      </trkpt>
      <trkpt lat="-39.7475612" lon="-71.8553603">
        <ele>294.8</ele>
      </trkpt>
      <trkpt lat="-39.747654" lon="-71.8553844">
        <ele>295.2</ele>
      </trkpt>
      <trkpt lat="-39.7477695" lon="-71.8554005">
        <ele>295.8</ele>
      </trkpt>
      <trkpt lat="-39.7482603" lon="-71.8554649">
        <ele>300</ele>
      </trkpt>
      <trkpt lat="-39.7487903" lon="-71.8555158">
        <ele>303.8</ele>
      </trkpt>
      <trkpt lat="-39.7491677" lon="-71.8555319">
        <ele>306.2</ele>
      </trkpt>
      <trkpt lat="-39.7496317" lon="-71.8555292">
        <ele>308.8</ele>
      </trkpt>
      <trkpt lat="-39.7502215" lon="-71.8554997">
        <ele>312.2</ele>
      </trkpt>
      <trkpt lat="-39.7510484" lon="-71.8554407">
        <ele>316.8</ele>
      </trkpt>
      <trkpt lat="-39.7511371" lon="-71.8554273">
        <ele>317.2</ele>
      </trkpt>
      <trkpt lat="-39.751234" lon="-71.8554059">
        <ele>317.5</ele>
      </trkpt>
      <trkpt lat="-39.7512979" lon="-71.8553817">
        <ele>317.3</ele>
      </trkpt>
      <trkpt lat="-39.7513618" lon="-71.8553549">
        <ele>317.2</ele>
      </trkpt>
      <trkpt lat="-39.7514237" lon="-71.85532">
        <ele>317.3</ele>
      </trkpt>
      <trkpt lat="-39.7517021" lon="-71.8551591">
        <ele>318</ele>
      </trkpt>
      <trkpt lat="-39.752296" lon="-71.8547675">
        <ele>321.8</ele>
      </trkpt>
      <trkpt lat="-39.7524362" lon="-71.8546709">
        <ele>322</ele>
      </trkpt>
      <trkpt lat="-39.7525744" lon="-71.8545663">
        <ele>322.5</ele>
      </trkpt>
      <trkpt lat="-39.7527105" lon="-71.854459">
        <ele>323.5</ele>
      </trkpt>
      <trkpt lat="-39.7528466" lon="-71.8543437">
        <ele>324.2</ele>
      </trkpt>
      <trkpt lat="-39.7530796" lon="-71.8541318">
        <ele>325.5</ele>
      </trkpt>
      <trkpt lat="-39.753558" lon="-71.8537027">
        <ele>325</ele>
      </trkpt>
      <trkpt lat="-39.7541766" lon="-71.8531045">
        <ele>324.4</ele>
      </trkpt>
      <trkpt lat="-39.7543354" lon="-71.8529382">
        <ele>324.2</ele>
      </trkpt>
      <trkpt lat="-39.7544839" lon="-71.8527773">
        <ele>323.8</ele>
      </trkpt>
      <trkpt lat="-39.7546323" lon="-71.8526164">
        <ele>324</ele>
      </trkpt>
      <trkpt lat="-39.7547602" lon="-71.8524608">
        <ele>324.2</ele>
      </trkpt>
      <trkpt lat="-39.7548839" lon="-71.8522999">
        <ele>324</ele>
      </trkpt>
      <trkpt lat="-39.754987" lon="-71.8521523">
        <ele>323.2</ele>
      </trkpt>
      <trkpt lat="-39.755086" lon="-71.8519968">
        <ele>322.2</ele>
      </trkpt>
      <trkpt lat="-39.7552283" lon="-71.85175">
        <ele>321.2</ele>
      </trkpt>
      <trkpt lat="-39.7553623" lon="-71.8515113">
        <ele>320.8</ele>
      </trkpt>
      <trkpt lat="-39.755451" lon="-71.8513048">
        <ele>319.2</ele>
      </trkpt>
      <trkpt lat="-39.7555252" lon="-71.8511304">
        <ele>318</ele>
      </trkpt>
      <trkpt lat="-39.7555932" lon="-71.8509561">
        <ele>317.5</ele>
      </trkpt>
      <trkpt lat="-39.7556737" lon="-71.8507442">
        <ele>316.5</ele>
      </trkpt>
      <trkpt lat="-39.7557479" lon="-71.8505269">
        <ele>315.5</ele>
      </trkpt>
      <trkpt lat="-39.7558572" lon="-71.8501487">
        <ele>314.5</ele>
      </trkpt>
      <trkpt lat="-39.755983" lon="-71.8496954">
        <ele>314.8</ele>
      </trkpt>
      <trkpt lat="-39.75615" lon="-71.8491268">
        <ele>317.8</ele>
      </trkpt>
      <trkpt lat="-39.7562964" lon="-71.8485904">
        <ele>320.2</ele>
      </trkpt>
      <trkpt lat="-39.7563727" lon="-71.8483168">
        <ele>321.8</ele>
      </trkpt>
      <trkpt lat="-39.7564717" lon="-71.8479359">
        <ele>324</ele>
      </trkpt>
      <trkpt lat="-39.7567253" lon="-71.8470883">
        <ele>331.8</ele>
      </trkpt>
      <trkpt lat="-39.756717" lon="-71.8468952">
        <ele>333.5</ele>
      </trkpt>
      <trkpt lat="-39.7567212" lon="-71.8468416">
        <ele>334.2</ele>
      </trkpt>
      <trkpt lat="-39.7567191" lon="-71.8467879">
        <ele>334.8</ele>
      </trkpt>
      <trkpt lat="-39.7567109" lon="-71.846737">
        <ele>335.2</ele>
      </trkpt>
      <trkpt lat="-39.7566985" lon="-71.8466967">
        <ele>335.5</ele>
      </trkpt>
      <trkpt lat="-39.756684" lon="-71.8466565">
        <ele>335.8</ele>
      </trkpt>
      <trkpt lat="-39.7566634" lon="-71.8466216">
        <ele>336</ele>
      </trkpt>
      <trkpt lat="-39.7564077" lon="-71.8460181">
        <ele>340.2</ele>
      </trkpt>
      <trkpt lat="-39.7563541" lon="-71.8458599">
        <ele>342</ele>
      </trkpt>
      <trkpt lat="-39.7563088" lon="-71.8456936">
        <ele>344.8</ele>
      </trkpt>
      <trkpt lat="-39.7562716" lon="-71.8455246">
        <ele>348.2</ele>
      </trkpt>
      <trkpt lat="-39.7562448" lon="-71.8453556">
        <ele>352.2</ele>
      </trkpt>
      <trkpt lat="-39.7562263" lon="-71.8451813">
        <ele>355.8</ele>
      </trkpt>
      <trkpt lat="-39.7562201" lon="-71.8450123">
        <ele>359.2</ele>
      </trkpt>
      <trkpt lat="-39.7562201" lon="-71.844846">
        <ele>363</ele>
      </trkpt>
      <trkpt lat="-39.7562304" lon="-71.844677">
        <ele>366.5</ele>
      </trkpt>
      <trkpt lat="-39.756249" lon="-71.8445107">
        <ele>369.5</ele>
      </trkpt>
      <trkpt lat="-39.7562758" lon="-71.8443471">
        <ele>371.5</ele>
      </trkpt>
      <trkpt lat="-39.7563108" lon="-71.8441835">
        <ele>373</ele>
      </trkpt>
      <trkpt lat="-39.7563562" lon="-71.8440253">
        <ele>374.5</ele>
      </trkpt>
      <trkpt lat="-39.7564077" lon="-71.8438724">
        <ele>375.5</ele>
      </trkpt>
      <trkpt lat="-39.7564737" lon="-71.8437544">
        <ele>376.2</ele>
      </trkpt>
      <trkpt lat="-39.7565315" lon="-71.843631">
        <ele>377</ele>
      </trkpt>
      <trkpt lat="-39.7565809" lon="-71.8435022">
        <ele>378</ele>
      </trkpt>
      <trkpt lat="-39.7566222" lon="-71.8433654">
        <ele>379</ele>
      </trkpt>
      <trkpt lat="-39.7566572" lon="-71.8432233">
        <ele>380</ele>
      </trkpt>
      <trkpt lat="-39.756684" lon="-71.8430784">
        <ele>380.8</ele>
      </trkpt>
      <trkpt lat="-39.7567005" lon="-71.8429309">
        <ele>381</ele>
      </trkpt>
      <trkpt lat="-39.7567088" lon="-71.8427834">
        <ele>381.2</ele>
      </trkpt>
      <trkpt lat="-39.7567067" lon="-71.8426332">
        <ele>381</ele>
      </trkpt>
      <trkpt lat="-39.7566964" lon="-71.8424857">
        <ele>380.8</ele>
      </trkpt>
      <trkpt lat="-39.756684" lon="-71.8424106">
        <ele>380.2</ele>
      </trkpt>
      <trkpt lat="-39.7566758" lon="-71.8423381">
        <ele>379.8</ele>
      </trkpt>
      <trkpt lat="-39.7566696" lon="-71.8422121">
        <ele>379.5</ele>
      </trkpt>
      <trkpt lat="-39.7566696" lon="-71.842086">
        <ele>379.4</ele>
      </trkpt>
      <trkpt lat="-39.7566779" lon="-71.84196">
        <ele>379.3</ele>
      </trkpt>
      <trkpt lat="-39.7566944" lon="-71.8418366">
        <ele>379.2</ele>
      </trkpt>
      <trkpt lat="-39.7567191" lon="-71.8417159">
        <ele>379</ele>
      </trkpt>
      <trkpt lat="-39.75675" lon="-71.8415979">
        <ele>378.5</ele>
      </trkpt>
      <trkpt lat="-39.7567913" lon="-71.8414825">
        <ele>378</ele>
      </trkpt>
      <trkpt lat="-39.7571397" lon="-71.8408281">
        <ele>373.2</ele>
      </trkpt>
      <trkpt lat="-39.7571769" lon="-71.840761">
        <ele>372.5</ele>
      </trkpt>
      <trkpt lat="-39.7572181" lon="-71.8406966">
        <ele>371.8</ele>
      </trkpt>
      <trkpt lat="-39.7572635" lon="-71.8406376">
        <ele>371.2</ele>
      </trkpt>
      <trkpt lat="-39.757313" lon="-71.8405867">
        <ele>371</ele>
      </trkpt>
      <trkpt lat="-39.7573666" lon="-71.8405411">
        <ele>371.1</ele>
      </trkpt>
      <trkpt lat="-39.7574284" lon="-71.8404981">
        <ele>371.2</ele>
      </trkpt>
      <trkpt lat="-39.7574923" lon="-71.840466">
        <ele>371.8</ele>
      </trkpt>
      <trkpt lat="-39.7575583" lon="-71.8404391">
        <ele>372.2</ele>
      </trkpt>
      <trkpt lat="-39.7576264" lon="-71.840423">
        <ele>373</ele>
      </trkpt>
      <trkpt lat="-39.7576944" lon="-71.8404177">
        <ele>374</ele>
      </trkpt>
      <trkpt lat="-39.7577625" lon="-71.8404177">
        <ele>375.5</ele>
      </trkpt>
      <trkpt lat="-39.7578346" lon="-71.840415">
        <ele>377.2</ele>
      </trkpt>
      <trkpt lat="-39.7579068" lon="-71.8404016">
        <ele>379</ele>
      </trkpt>
      <trkpt lat="-39.7579769" lon="-71.8403774">
        <ele>380.5</ele>
      </trkpt>
      <trkpt lat="-39.7580429" lon="-71.8403399">
        <ele>382</ele>
      </trkpt>
      <trkpt lat="-39.7581047" lon="-71.8402916">
        <ele>383.2</ele>
      </trkpt>
      <trkpt lat="-39.7581625" lon="-71.8402326">
        <ele>384.5</ele>
      </trkpt>
      <trkpt lat="-39.758212" lon="-71.8401656">
        <ele>385.5</ele>
      </trkpt>
      <trkpt lat="-39.7582553" lon="-71.8400905">
        <ele>386.2</ele>
      </trkpt>
      <trkpt lat="-39.7582924" lon="-71.8400073">
        <ele>386.8</ele>
      </trkpt>
      <trkpt lat="-39.7583192" lon="-71.8399215">
        <ele>387</ele>
      </trkpt>
      <trkpt lat="-39.7583377" lon="-71.8398303">
        <ele>386.5</ele>
      </trkpt>
      <trkpt lat="-39.758346" lon="-71.8397364">
        <ele>386.4</ele>
      </trkpt>
      <trkpt lat="-39.7583542" lon="-71.8395165">
        <ele>386</ele>
      </trkpt>
      <trkpt lat="-39.7583316" lon="-71.8393904">
        <ele>385.2</ele>
      </trkpt>
      <trkpt lat="-39.7582759" lon="-71.8391973">
        <ele>383.8</ele>
      </trkpt>
      <trkpt lat="-39.758181" lon="-71.8388888">
        <ele>381.2</ele>
      </trkpt>
      <trkpt lat="-39.7580903" lon="-71.8385348">
        <ele>379.2</ele>
      </trkpt>
      <trkpt lat="-39.7580243" lon="-71.83817">
        <ele>378.5</ele>
      </trkpt>
      <trkpt lat="-39.7579748" lon="-71.8377945">
        <ele>377</ele>
      </trkpt>
      <trkpt lat="-39.7579542" lon="-71.8375102">
        <ele>378.1</ele>
      </trkpt>
      <trkpt lat="-39.7579748" lon="-71.8372795">
        <ele>379</ele>
      </trkpt>
      <trkpt lat="-39.7580202" lon="-71.8369201">
        <ele>382</ele>
      </trkpt>
      <trkpt lat="-39.7580697" lon="-71.8366358">
        <ele>384.5</ele>
      </trkpt>
      <trkpt lat="-39.7580738" lon="-71.8364051">
        <ele>383.8</ele>
      </trkpt>
      <trkpt lat="-39.7581027" lon="-71.8360403">
        <ele>382.2</ele>
      </trkpt>
      <trkpt lat="-39.7581316" lon="-71.835697">
        <ele>379.5</ele>
      </trkpt>
      <trkpt lat="-39.7582099" lon="-71.8352947">
        <ele>376.8</ele>
      </trkpt>
      <trkpt lat="-39.7583295" lon="-71.8348816">
        <ele>373.8</ele>
      </trkpt>
      <trkpt lat="-39.758412" lon="-71.8346831">
        <ele>372</ele>
      </trkpt>
      <trkpt lat="-39.7584862" lon="-71.834549">
        <ele>371</ele>
      </trkpt>
      <trkpt lat="-39.7586223" lon="-71.8344203">
        <ele>373</ele>
      </trkpt>
      <trkpt lat="-39.758812" lon="-71.8342379">
        <ele>375.2</ele>
      </trkpt>
      <trkpt lat="-39.7592409" lon="-71.8339053">
        <ele>381</ele>
      </trkpt>
      <trkpt lat="-39.7594182" lon="-71.8337712">
        <ele>383.2</ele>
      </trkpt>
      <trkpt lat="-39.7595048" lon="-71.8336853">
        <ele>384</ele>
      </trkpt>
      <trkpt lat="-39.7595708" lon="-71.8336156">
        <ele>385</ele>
      </trkpt>
      <trkpt lat="-39.7596203" lon="-71.833511">
        <ele>383.5</ele>
      </trkpt>
      <trkpt lat="-39.7596615" lon="-71.8333313">
        <ele>381.3</ele>
      </trkpt>
      <trkpt lat="-39.7596821" lon="-71.8331355">
        <ele>379</ele>
      </trkpt>
      <trkpt lat="-39.7596821" lon="-71.8330362">
        <ele>377.5</ele>
      </trkpt>
      <trkpt lat="-39.7596677" lon="-71.8328619">
        <ele>375</ele>
      </trkpt>
      <trkpt lat="-39.759645" lon="-71.8326983">
        <ele>373.5</ele>
      </trkpt>
      <trkpt lat="-39.7596326" lon="-71.8325347">
        <ele>372.8</ele>
      </trkpt>
      <trkpt lat="-39.7596285" lon="-71.8323684">
        <ele>371.2</ele>
      </trkpt>
      <trkpt lat="-39.7596347" lon="-71.8322021">
        <ele>370</ele>
      </trkpt>
      <trkpt lat="-39.7596512" lon="-71.8320385">
        <ele>369.5</ele>
      </trkpt>
      <trkpt lat="-39.7596739" lon="-71.8318748">
        <ele>369.2</ele>
      </trkpt>
      <trkpt lat="-39.7597089" lon="-71.8317139">
        <ele>369.5</ele>
      </trkpt>
      <trkpt lat="-39.7597522" lon="-71.8315583">
        <ele>370.2</ele>
      </trkpt>
      <trkpt lat="-39.7598038" lon="-71.8314081">
        <ele>371.2</ele>
      </trkpt>
      <trkpt lat="-39.7598594" lon="-71.8312687">
        <ele>372</ele>
      </trkpt>
      <trkpt lat="-39.7599234" lon="-71.8311346">
        <ele>373</ele>
      </trkpt>
      <trkpt lat="-39.7599955" lon="-71.8310058">
        <ele>374.8</ele>
      </trkpt>
      <trkpt lat="-39.7600718" lon="-71.8308851">
        <ele>377</ele>
      </trkpt>
      <trkpt lat="-39.7602017" lon="-71.8306974">
        <ele>380.2</ele>
      </trkpt>
      <trkpt lat="-39.7603378" lon="-71.8305203">
        <ele>384.2</ele>
      </trkpt>
      <trkpt lat="-39.7604533" lon="-71.8303111">
        <ele>386.2</ele>
      </trkpt>
      <trkpt lat="-39.7606265" lon="-71.8299839">
        <ele>389.2</ele>
      </trkpt>
      <trkpt lat="-39.7607502" lon="-71.829721">
        <ele>390.8</ele>
      </trkpt>
      <trkpt lat="-39.7608533" lon="-71.829426">
        <ele>391.5</ele>
      </trkpt>
      <trkpt lat="-39.7608863" lon="-71.8293455">
        <ele>392</ele>
      </trkpt>
      <trkpt lat="-39.7609151" lon="-71.8292597">
        <ele>392.2</ele>
      </trkpt>
      <trkpt lat="-39.7609357" lon="-71.8291712">
        <ele>392.5</ele>
      </trkpt>
      <trkpt lat="-39.7609502" lon="-71.82908">
        <ele>392.4</ele>
      </trkpt>
      <trkpt lat="-39.7609584" lon="-71.8289888">
        <ele>392.3</ele>
      </trkpt>
      <trkpt lat="-39.7609605" lon="-71.8288949">
        <ele>392.2</ele>
      </trkpt>
      <trkpt lat="-39.7609543" lon="-71.8287876">
        <ele>391.8</ele>
      </trkpt>
      <trkpt lat="-39.7609378" lon="-71.8286803">
        <ele>391.2</ele>
      </trkpt>
      <trkpt lat="-39.7609131" lon="-71.8285757">
        <ele>391</ele>
      </trkpt>
      <trkpt lat="-39.760878" lon="-71.8284765">
        <ele>390.5</ele>
      </trkpt>
      <trkpt lat="-39.7608368" lon="-71.8283826">
        <ele>389.8</ele>
      </trkpt>
      <trkpt lat="-39.7607873" lon="-71.8282941">
        <ele>388.5</ele>
      </trkpt>
      <trkpt lat="-39.7605687" lon="-71.8278167">
        <ele>386.2</ele>
      </trkpt>
      <trkpt lat="-39.7603997" lon="-71.8274251">
        <ele>381.8</ele>
      </trkpt>
      <trkpt lat="-39.7602058" lon="-71.8269959">
        <ele>377.2</ele>
      </trkpt>
      <trkpt lat="-39.7601234" lon="-71.8267599">
        <ele>375.8</ele>
      </trkpt>
      <trkpt lat="-39.7600079" lon="-71.8263361">
        <ele>377.2</ele>
      </trkpt>
      <trkpt lat="-39.7599378" lon="-71.8260089">
        <ele>379.2</ele>
      </trkpt>
      <trkpt lat="-39.7598471" lon="-71.825746">
        <ele>379.8</ele>
      </trkpt>
      <trkpt lat="-39.7597481" lon="-71.8255904">
        <ele>378.8</ele>
      </trkpt>
      <trkpt lat="-39.7595955" lon="-71.8253973">
        <ele>376</ele>
      </trkpt>
      <trkpt lat="-39.7593316" lon="-71.8250486">
        <ele>371.5</ele>
      </trkpt>
      <trkpt lat="-39.7592285" lon="-71.8248716">
        <ele>370.5</ele>
      </trkpt>
      <trkpt lat="-39.7591852" lon="-71.8247777">
        <ele>370.2</ele>
      </trkpt>
      <trkpt lat="-39.7591481" lon="-71.8246812">
        <ele>370</ele>
      </trkpt>
      <trkpt lat="-39.7591172" lon="-71.8245792">
        <ele>369.8</ele>
      </trkpt>
      <trkpt lat="-39.7590924" lon="-71.8244746">
        <ele>369.5</ele>
      </trkpt>
      <trkpt lat="-39.7590759" lon="-71.8243673">
        <ele>369.6</ele>
      </trkpt>
      <trkpt lat="-39.7590677" lon="-71.8242788">
        <ele>369.7</ele>
      </trkpt>
      <trkpt lat="-39.7590635" lon="-71.8241876">
        <ele>369.8</ele>
      </trkpt>
      <trkpt lat="-39.7590635" lon="-71.8240991">
        <ele>370</ele>
      </trkpt>
      <trkpt lat="-39.7590471" lon="-71.8238041">
        <ele>369.8</ele>
      </trkpt>
      <trkpt lat="-39.7590306" lon="-71.8234983">
        <ele>369</ele>
      </trkpt>
      <trkpt lat="-39.7590512" lon="-71.8231067">
        <ele>368.2</ele>
      </trkpt>
      <trkpt lat="-39.7590574" lon="-71.8229967">
        <ele>367.8</ele>
      </trkpt>
      <trkpt lat="-39.7590697" lon="-71.8228868">
        <ele>367.2</ele>
      </trkpt>
      <trkpt lat="-39.7590883" lon="-71.8227795">
        <ele>366.8</ele>
      </trkpt>
      <trkpt lat="-39.7591151" lon="-71.8226695">
        <ele>366.2</ele>
      </trkpt>
      <trkpt lat="-39.7591481" lon="-71.8225622">
        <ele>365.8</ele>
      </trkpt>
      <trkpt lat="-39.7591873" lon="-71.8224576">
        <ele>365.2</ele>
      </trkpt>
      <trkpt lat="-39.7592326" lon="-71.8223584">
        <ele>364.8</ele>
      </trkpt>
      <trkpt lat="-39.7592862" lon="-71.8222645">
        <ele>364.5</ele>
      </trkpt>
      <trkpt lat="-39.759344" lon="-71.822176">
        <ele>364.2</ele>
      </trkpt>
      <trkpt lat="-39.7594058" lon="-71.8220928">
        <ele>364.5</ele>
      </trkpt>
      <trkpt lat="-39.7596862" lon="-71.8216744">
        <ele>366</ele>
      </trkpt>
      <trkpt lat="-39.7597976" lon="-71.821433">
        <ele>365.2</ele>
      </trkpt>
      <trkpt lat="-39.7598265" lon="-71.821374">
        <ele>365</ele>
      </trkpt>
      <trkpt lat="-39.7598512" lon="-71.8213123">
        <ele>364.5</ele>
      </trkpt>
      <trkpt lat="-39.7598698" lon="-71.8212479">
        <ele>363.8</ele>
      </trkpt>
      <trkpt lat="-39.7598842" lon="-71.8211809">
        <ele>362.8</ele>
      </trkpt>
      <trkpt lat="-39.7598945" lon="-71.8210897">
        <ele>361.2</ele>
      </trkpt>
      <trkpt lat="-39.7598966" lon="-71.8209985">
        <ele>359.8</ele>
      </trkpt>
      <trkpt lat="-39.7598904" lon="-71.8209073">
        <ele>358</ele>
      </trkpt>
      <trkpt lat="-39.7598739" lon="-71.8208188">
        <ele>356.2</ele>
      </trkpt>
      <trkpt lat="-39.7598491" lon="-71.820733">
        <ele>354.5</ele>
      </trkpt>
      <trkpt lat="-39.7598161" lon="-71.8206525">
        <ele>352.8</ele>
      </trkpt>
      <trkpt lat="-39.7597749" lon="-71.8205801">
        <ele>351</ele>
      </trkpt>
      <trkpt lat="-39.7597275" lon="-71.820513">
        <ele>349</ele>
      </trkpt>
      <trkpt lat="-39.7596718" lon="-71.820454">
        <ele>347</ele>
      </trkpt>
      <trkpt lat="-39.759645" lon="-71.8204245">
        <ele>346</ele>
      </trkpt>
      <trkpt lat="-39.7595419" lon="-71.8203011">
        <ele>342.8</ele>
      </trkpt>
      <trkpt lat="-39.7593976" lon="-71.8200436">
        <ele>339.2</ele>
      </trkpt>
      <trkpt lat="-39.7592904" lon="-71.819829">
        <ele>336.5</ele>
      </trkpt>
      <trkpt lat="-39.7592244" lon="-71.8196574">
        <ele>333.8</ele>
      </trkpt>
      <trkpt lat="-39.7591996" lon="-71.8195984">
        <ele>332.8</ele>
      </trkpt>
      <trkpt lat="-39.7591831" lon="-71.8195367">
        <ele>331.8</ele>
      </trkpt>
      <trkpt lat="-39.7591749" lon="-71.8194723">
        <ele>331</ele>
      </trkpt>
      <trkpt lat="-39.759177" lon="-71.8194053">
        <ele>330.2</ele>
      </trkpt>
      <trkpt lat="-39.7591873" lon="-71.8193409">
        <ele>329.8</ele>
      </trkpt>
      <trkpt lat="-39.7592038" lon="-71.8192846">
        <ele>329.2</ele>
      </trkpt>
      <trkpt lat="-39.7592285" lon="-71.8192309">
        <ele>329</ele>
      </trkpt>
      <trkpt lat="-39.7592594" lon="-71.8191826">
        <ele>328.8</ele>
      </trkpt>
      <trkpt lat="-39.7592965" lon="-71.8191424">
        <ele>328.5</ele>
      </trkpt>
      <trkpt lat="-39.7593378" lon="-71.8191102">
        <ele>328.6</ele>
      </trkpt>
      <trkpt lat="-39.7593811" lon="-71.8190888">
        <ele>328.8</ele>
      </trkpt>
      <trkpt lat="-39.7595543" lon="-71.8189976">
        <ele>329</ele>
      </trkpt>
      <trkpt lat="-39.7597192" lon="-71.8189171">
        <ele>328.8</ele>
      </trkpt>
      <trkpt lat="-39.7598883" lon="-71.8188474">
        <ele>329</ele>
      </trkpt>
      <trkpt lat="-39.7599687" lon="-71.8187883">
        <ele>328.8</ele>
      </trkpt>
      <trkpt lat="-39.7600388" lon="-71.8186918">
        <ele>327.7</ele>
      </trkpt>
      <trkpt lat="-39.7602718" lon="-71.8179917">
        <ele>322</ele>
      </trkpt>
      <trkpt lat="-39.7604512" lon="-71.817348">
        <ele>324.8</ele>
      </trkpt>
      <trkpt lat="-39.7605481" lon="-71.8168867">
        <ele>331.8</ele>
      </trkpt>
      <trkpt lat="-39.7605646" lon="-71.816774">
        <ele>333.8</ele>
      </trkpt>
      <trkpt lat="-39.7605749" lon="-71.8166587">
        <ele>335.8</ele>
      </trkpt>
      <trkpt lat="-39.7605749" lon="-71.8165433">
        <ele>337.8</ele>
      </trkpt>
      <trkpt lat="-39.7605708" lon="-71.816428">
        <ele>339.8</ele>
      </trkpt>
      <trkpt lat="-39.7605564" lon="-71.8163127">
        <ele>341.8</ele>
      </trkpt>
      <trkpt lat="-39.7605337" lon="-71.816192">
        <ele>343.8</ele>
      </trkpt>
      <trkpt lat="-39.7605028" lon="-71.816074">
        <ele>345.2</ele>
      </trkpt>
      <trkpt lat="-39.7604636" lon="-71.8159586">
        <ele>346.2</ele>
      </trkpt>
      <trkpt lat="-39.7604162" lon="-71.8158513">
        <ele>346.8</ele>
      </trkpt>
      <trkpt lat="-39.7602265" lon="-71.8155295">
        <ele>347</ele>
      </trkpt>
      <trkpt lat="-39.7600739" lon="-71.8152988">
        <ele>346.5</ele>
      </trkpt>
      <trkpt lat="-39.759911" lon="-71.8151057">
        <ele>346</ele>
      </trkpt>
      <trkpt lat="-39.7596945" lon="-71.8148509">
        <ele>345</ele>
      </trkpt>
      <trkpt lat="-39.7593935" lon="-71.8144941">
        <ele>344.8</ele>
      </trkpt>
      <trkpt lat="-39.7589893" lon="-71.8139845">
        <ele>345.2</ele>
      </trkpt>
      <trkpt lat="-39.7589213" lon="-71.8139094">
        <ele>344.8</ele>
      </trkpt>
      <trkpt lat="-39.7588594" lon="-71.8138263">
        <ele>344.5</ele>
      </trkpt>
      <trkpt lat="-39.7588037" lon="-71.8137351">
        <ele>344.6</ele>
      </trkpt>
      <trkpt lat="-39.7587543" lon="-71.8136385">
        <ele>344.6</ele>
      </trkpt>
      <trkpt lat="-39.758711" lon="-71.8135366">
        <ele>344.7</ele>
      </trkpt>
      <trkpt lat="-39.7586759" lon="-71.8134293">
        <ele>344.8</ele>
      </trkpt>
      <trkpt lat="-39.758647" lon="-71.8133193">
        <ele>345.5</ele>
      </trkpt>
      <trkpt lat="-39.7586305" lon="-71.8132362">
        <ele>346.5</ele>
      </trkpt>
      <trkpt lat="-39.7586202" lon="-71.813153">
        <ele>347.5</ele>
      </trkpt>
      <trkpt lat="-39.758614" lon="-71.8130672">
        <ele>349</ele>
      </trkpt>
      <trkpt lat="-39.7585769" lon="-71.8126085">
        <ele>354.2</ele>
      </trkpt>
      <trkpt lat="-39.7585584" lon="-71.8124637">
        <ele>356</ele>
      </trkpt>
      <trkpt lat="-39.7585336" lon="-71.8123189">
        <ele>357.8</ele>
      </trkpt>
      <trkpt lat="-39.7584986" lon="-71.8121767">
        <ele>359</ele>
      </trkpt>
      <trkpt lat="-39.7584635" lon="-71.8120587">
        <ele>359.8</ele>
      </trkpt>
      <trkpt lat="-39.7584223" lon="-71.811946">
        <ele>360.2</ele>
      </trkpt>
      <trkpt lat="-39.7583749" lon="-71.8118334">
        <ele>360.5</ele>
      </trkpt>
      <trkpt lat="-39.7583212" lon="-71.8117288">
        <ele>360.9</ele>
      </trkpt>
      <trkpt lat="-39.7582738" lon="-71.8116134">
        <ele>361.2</ele>
      </trkpt>
      <trkpt lat="-39.7582326" lon="-71.8114927">
        <ele>362.5</ele>
      </trkpt>
      <trkpt lat="-39.7582017" lon="-71.8113667">
        <ele>364</ele>
      </trkpt>
      <trkpt lat="-39.7581831" lon="-71.811246">
        <ele>366</ele>
      </trkpt>
      <trkpt lat="-39.7581728" lon="-71.8111092">
        <ele>368.5</ele>
      </trkpt>
      <trkpt lat="-39.7581584" lon="-71.811026">
        <ele>370</ele>
      </trkpt>
      <trkpt lat="-39.758146" lon="-71.8109509">
        <ele>371.2</ele>
      </trkpt>
      <trkpt lat="-39.7581254" lon="-71.8108866">
        <ele>372.2</ele>
      </trkpt>
      <trkpt lat="-39.7581006" lon="-71.8108141">
        <ele>373.2</ele>
      </trkpt>
      <trkpt lat="-39.7580656" lon="-71.8107364">
        <ele>374.2</ele>
      </trkpt>
      <trkpt lat="-39.7579996" lon="-71.8106452">
        <ele>375.2</ele>
      </trkpt>
      <trkpt lat="-39.7578985" lon="-71.810495">
        <ele>377.5</ele>
      </trkpt>
      <trkpt lat="-39.757847" lon="-71.8103904">
        <ele>379.8</ele>
      </trkpt>
      <trkpt lat="-39.7578037" lon="-71.8102831">
        <ele>382</ele>
      </trkpt>
      <trkpt lat="-39.7577707" lon="-71.8101704">
        <ele>384</ele>
      </trkpt>
      <trkpt lat="-39.7577439" lon="-71.8100524">
        <ele>386</ele>
      </trkpt>
      <trkpt lat="-39.7577253" lon="-71.8099344">
        <ele>388</ele>
      </trkpt>
      <trkpt lat="-39.757715" lon="-71.8098137">
        <ele>389.8</ele>
      </trkpt>
      <trkpt lat="-39.757715" lon="-71.809693">
        <ele>391.2</ele>
      </trkpt>
      <trkpt lat="-39.7577192" lon="-71.8093014">
        <ele>394</ele>
      </trkpt>
      <trkpt lat="-39.7577336" lon="-71.8090841">
        <ele>394.8</ele>
      </trkpt>
      <trkpt lat="-39.7577583" lon="-71.8088695">
        <ele>395.2</ele>
      </trkpt>
      <trkpt lat="-39.7577913" lon="-71.8086576">
        <ele>394.5</ele>
      </trkpt>
      <trkpt lat="-39.7578326" lon="-71.8084511">
        <ele>394</ele>
      </trkpt>
      <trkpt lat="-39.7578821" lon="-71.80825">
        <ele>393.2</ele>
      </trkpt>
      <trkpt lat="-39.757913" lon="-71.8081507">
        <ele>393</ele>
      </trkpt>
      <trkpt lat="-39.7579398" lon="-71.8080515">
        <ele>392.8</ele>
      </trkpt>
      <trkpt lat="-39.7579769" lon="-71.8078852">
        <ele>392.2</ele>
      </trkpt>
      <trkpt lat="-39.7580078" lon="-71.8077189">
        <ele>391.5</ele>
      </trkpt>
      <trkpt lat="-39.7580285" lon="-71.8075472">
        <ele>390.8</ele>
      </trkpt>
      <trkpt lat="-39.7580429" lon="-71.8073756">
        <ele>390.2</ele>
      </trkpt>
      <trkpt lat="-39.758047" lon="-71.8072039">
        <ele>389.8</ele>
      </trkpt>
      <trkpt lat="-39.7580429" lon="-71.8070322">
        <ele>389.2</ele>
      </trkpt>
      <trkpt lat="-39.7580429" lon="-71.8066728">
        <ele>387</ele>
      </trkpt>
      <trkpt lat="-39.7579645" lon="-71.8062705">
        <ele>385.2</ele>
      </trkpt>
      <trkpt lat="-39.7579522" lon="-71.8060291">
        <ele>384.2</ele>
      </trkpt>
      <trkpt lat="-39.7580016" lon="-71.8056858">
        <ele>383.2</ele>
      </trkpt>
      <trkpt lat="-39.7580016" lon="-71.8053961">
        <ele>382.8</ele>
      </trkpt>
      <trkpt lat="-39.7580264" lon="-71.8049696">
        <ele>384.5</ele>
      </trkpt>
      <trkpt lat="-39.7580388" lon="-71.8045539">
        <ele>388.2</ele>
      </trkpt>
      <trkpt lat="-39.7580367" lon="-71.8044332">
        <ele>389.2</ele>
      </trkpt>
      <trkpt lat="-39.7580285" lon="-71.8043178">
        <ele>389.8</ele>
      </trkpt>
      <trkpt lat="-39.758014" lon="-71.8041998">
        <ele>390</ele>
      </trkpt>
      <trkpt lat="-39.7579913" lon="-71.8040845">
        <ele>390.2</ele>
      </trkpt>
      <trkpt lat="-39.7579625" lon="-71.8039718">
        <ele>390.5</ele>
      </trkpt>
      <trkpt lat="-39.7579336" lon="-71.8038484">
        <ele>390.6</ele>
      </trkpt>
      <trkpt lat="-39.7578985" lon="-71.803768">
        <ele>390.7</ele>
      </trkpt>
      <trkpt lat="-39.7578326" lon="-71.8036607">
        <ele>390.8</ele>
      </trkpt>
      <trkpt lat="-39.757779" lon="-71.803607">
        <ele>391.8</ele>
      </trkpt>
      <trkpt lat="-39.757546" lon="-71.8034273">
        <ele>396</ele>
      </trkpt>
      <trkpt lat="-39.7574862" lon="-71.8033522">
        <ele>397.5</ele>
      </trkpt>
      <trkpt lat="-39.757447" lon="-71.8032154">
        <ele>398</ele>
      </trkpt>
      <trkpt lat="-39.757447" lon="-71.8030652">
        <ele>396.8</ele>
      </trkpt>
      <trkpt lat="-39.7575006" lon="-71.8028855">
        <ele>393.5</ele>
      </trkpt>
      <trkpt lat="-39.7575789" lon="-71.8027353">
        <ele>390.2</ele>
      </trkpt>
      <trkpt lat="-39.7576655" lon="-71.8026039">
        <ele>387.5</ele>
      </trkpt>
      <trkpt lat="-39.7578821" lon="-71.8021157">
        <ele>384</ele>
      </trkpt>
      <trkpt lat="-39.7581151" lon="-71.8015176">
        <ele>385.5</ele>
      </trkpt>
      <trkpt lat="-39.7582718" lon="-71.8010187">
        <ele>389</ele>
      </trkpt>
      <trkpt lat="-39.7583687" lon="-71.8005762">
        <ele>393</ele>
      </trkpt>
      <trkpt lat="-39.7583975" lon="-71.8001363">
        <ele>398.2</ele>
      </trkpt>
      <trkpt lat="-39.7584182" lon="-71.7995998">
        <ele>405</ele>
      </trkpt>
      <trkpt lat="-39.7584615" lon="-71.7993611">
        <ele>407.8</ele>
      </trkpt>
      <trkpt lat="-39.7585439" lon="-71.7991707">
        <ele>408.5</ele>
      </trkpt>
      <trkpt lat="-39.7587275" lon="-71.7989185">
        <ele>407.8</ele>
      </trkpt>
      <trkpt lat="-39.7588079" lon="-71.798653">
        <ele>410.2</ele>
      </trkpt>
      <trkpt lat="-39.7588409" lon="-71.7984545">
        <ele>412.2</ele>
      </trkpt>
      <trkpt lat="-39.75888" lon="-71.7982963">
        <ele>413.5</ele>
      </trkpt>
      <trkpt lat="-39.7590285" lon="-71.7980763">
        <ele>413.2</ele>
      </trkpt>
      <trkpt lat="-39.759177" lon="-71.7979288">
        <ele>412.2</ele>
      </trkpt>
      <trkpt lat="-39.7593069" lon="-71.7978698">
        <ele>411</ele>
      </trkpt>
      <trkpt lat="-39.7594574" lon="-71.7978296">
        <ele>409.8</ele>
      </trkpt>
      <trkpt lat="-39.7596038" lon="-71.7977223">
        <ele>409.2</ele>
      </trkpt>
      <trkpt lat="-39.7597234" lon="-71.7975721">
        <ele>410.2</ele>
      </trkpt>
      <trkpt lat="-39.7600842" lon="-71.7971268">
        <ele>414.8</ele>
      </trkpt>
      <trkpt lat="-39.760179" lon="-71.7970356">
        <ele>415.8</ele>
      </trkpt>
      <trkpt lat="-39.7603296" lon="-71.7968962">
        <ele>416.5</ele>
      </trkpt>
      <trkpt lat="-39.7604326" lon="-71.7967647">
        <ele>416.8</ele>
      </trkpt>
      <trkpt lat="-39.7604656" lon="-71.7966306">
        <ele>418.2</ele>
      </trkpt>
      <trkpt lat="-39.7604759" lon="-71.7964482">
        <ele>420.8</ele>
      </trkpt>
      <trkpt lat="-39.7604966" lon="-71.7962819">
        <ele>422.4</ele>
      </trkpt>
      <trkpt lat="-39.7605667" lon="-71.7960244">
        <ele>425</ele>
      </trkpt>
      <trkpt lat="-39.7606698" lon="-71.7957696">
        <ele>427</ele>
      </trkpt>
      <trkpt lat="-39.7607564" lon="-71.7955443">
        <ele>429.5</ele>
      </trkpt>
      <trkpt lat="-39.7607852" lon="-71.795488">
        <ele>430.2</ele>
      </trkpt>
      <trkpt lat="-39.7608223" lon="-71.795437">
        <ele>430.8</ele>
      </trkpt>
      <trkpt lat="-39.7608636" lon="-71.7953941">
        <ele>431</ele>
      </trkpt>
      <trkpt lat="-39.7609089" lon="-71.7953619">
        <ele>431.2</ele>
      </trkpt>
      <trkpt lat="-39.7609461" lon="-71.7953405">
        <ele>431.2</ele>
      </trkpt>
      <trkpt lat="-39.7609832" lon="-71.7953271">
        <ele>431.1</ele>
      </trkpt>
      <trkpt lat="-39.7610223" lon="-71.7953163">
        <ele>431</ele>
      </trkpt>
      <trkpt lat="-39.7614574" lon="-71.7952922">
        <ele>428.2</ele>
      </trkpt>
      <trkpt lat="-39.7618636" lon="-71.7952815">
        <ele>427.8</ele>
      </trkpt>
      <trkpt lat="-39.762043" lon="-71.7953029">
        <ele>427</ele>
      </trkpt>
      <trkpt lat="-39.7621275" lon="-71.7953056">
        <ele>426.5</ele>
      </trkpt>
      <trkpt lat="-39.7622388" lon="-71.7952573">
        <ele>427</ele>
      </trkpt>
      <trkpt lat="-39.7623708" lon="-71.7951742">
        <ele>427.8</ele>
      </trkpt>
      <trkpt lat="-39.7625997" lon="-71.7950401">
        <ele>428.2</ele>
      </trkpt>
      <trkpt lat="-39.7629811" lon="-71.7948201">
        <ele>427.1</ele>
      </trkpt>
      <trkpt lat="-39.7631996" lon="-71.7946967">
        <ele>426.5</ele>
      </trkpt>
      <trkpt lat="-39.7632491" lon="-71.7946619">
        <ele>426</ele>
      </trkpt>
      <trkpt lat="-39.7632965" lon="-71.794619">
        <ele>425.8</ele>
      </trkpt>
      <trkpt lat="-39.7633357" lon="-71.794568">
        <ele>425.6</ele>
      </trkpt>
      <trkpt lat="-39.7633708" lon="-71.7945117">
        <ele>425.5</ele>
      </trkpt>
      <trkpt lat="-39.7634718" lon="-71.7943481">
        <ele>425.2</ele>
      </trkpt>
      <trkpt lat="-39.7637316" lon="-71.7939404">
        <ele>423.2</ele>
      </trkpt>
      <trkpt lat="-39.7641378" lon="-71.7932054">
        <ele>424</ele>
      </trkpt>
      <trkpt lat="-39.7642326" lon="-71.7930284">
        <ele>424.2</ele>
      </trkpt>
      <trkpt lat="-39.7643027" lon="-71.7928407">
        <ele>424.8</ele>
      </trkpt>
      <trkpt lat="-39.7643377" lon="-71.7927173">
        <ele>425.2</ele>
      </trkpt>
      <trkpt lat="-39.7643975" lon="-71.7925885">
        <ele>425</ele>
      </trkpt>
      <trkpt lat="-39.7645192" lon="-71.7924303">
        <ele>423.2</ele>
      </trkpt>
      <trkpt lat="-39.7645955" lon="-71.7922989">
        <ele>422.8</ele>
      </trkpt>
      <trkpt lat="-39.7646161" lon="-71.7921942">
        <ele>423.2</ele>
      </trkpt>
      <trkpt lat="-39.764612" lon="-71.7920789">
        <ele>424.2</ele>
      </trkpt>
      <trkpt lat="-39.7646016" lon="-71.7919528">
        <ele>425.5</ele>
      </trkpt>
      <trkpt lat="-39.7646181" lon="-71.7918724">
        <ele>425.8</ele>
      </trkpt>
      <trkpt lat="-39.7646779" lon="-71.7917678">
        <ele>425.2</ele>
      </trkpt>
      <trkpt lat="-39.7648099" lon="-71.7915478">
        <ele>423.8</ele>
      </trkpt>
      <trkpt lat="-39.7648594" lon="-71.7914271">
        <ele>423.5</ele>
      </trkpt>
      <trkpt lat="-39.7649027" lon="-71.7913064">
        <ele>423.8</ele>
      </trkpt>
      <trkpt lat="-39.7649336" lon="-71.7910784">
        <ele>425</ele>
      </trkpt>
      <trkpt lat="-39.7649831" lon="-71.7909631">
        <ele>424.5</ele>
      </trkpt>
      <trkpt lat="-39.7650965" lon="-71.7908639">
        <ele>422</ele>
      </trkpt>
      <trkpt lat="-39.7652367" lon="-71.7907298">
        <ele>419.5</ele>
      </trkpt>
      <trkpt lat="-39.7653006" lon="-71.7905796">
        <ele>419.2</ele>
      </trkpt>
      <trkpt lat="-39.7653171" lon="-71.7904294">
        <ele>420.8</ele>
      </trkpt>
      <trkpt lat="-39.7653212" lon="-71.790196">
        <ele>424.2</ele>
      </trkpt>
      <trkpt lat="-39.7653398" lon="-71.7900109">
        <ele>427.2</ele>
      </trkpt>
      <trkpt lat="-39.7654614" lon="-71.789799">
        <ele>428.2</ele>
      </trkpt>
      <trkpt lat="-39.7657171" lon="-71.7892814">
        <ele>434</ele>
      </trkpt>
      <trkpt lat="-39.7664964" lon="-71.7877632">
        <ele>438.8</ele>
      </trkpt>
      <trkpt lat="-39.7666572" lon="-71.7873663">
        <ele>438.2</ele>
      </trkpt>
      <trkpt lat="-39.7667067" lon="-71.7871839">
        <ele>439.2</ele>
      </trkpt>
      <trkpt lat="-39.7667355" lon="-71.7869237">
        <ele>442.8</ele>
      </trkpt>
      <trkpt lat="-39.7667665" lon="-71.7867574">
        <ele>444</ele>
      </trkpt>
      <trkpt lat="-39.7668366" lon="-71.7866072">
        <ele>443.1</ele>
      </trkpt>
      <trkpt lat="-39.7669829" lon="-71.7864811">
        <ele>442</ele>
      </trkpt>
      <trkpt lat="-39.7671169" lon="-71.7863739">
        <ele>439.8</ele>
      </trkpt>
      <trkpt lat="-39.767187" lon="-71.7862344">
        <ele>440.3</ele>
      </trkpt>
      <trkpt lat="-39.7672571" lon="-71.7860332">
        <ele>441</ele>
      </trkpt>
      <trkpt lat="-39.7672943" lon="-71.7858937">
        <ele>442.5</ele>
      </trkpt>
      <trkpt lat="-39.7673808" lon="-71.7857516">
        <ele>442.2</ele>
      </trkpt>
      <trkpt lat="-39.7674118" lon="-71.7857167">
        <ele>441.8</ele>
      </trkpt>
      <trkpt lat="-39.7674386" lon="-71.7856792">
        <ele>441.5</ele>
      </trkpt>
      <trkpt lat="-39.7674633" lon="-71.7856389">
        <ele>441.2</ele>
      </trkpt>
      <trkpt lat="-39.767486" lon="-71.7856014">
        <ele>441.9</ele>
      </trkpt>
      <trkpt lat="-39.7675355" lon="-71.7853788">
        <ele>445</ele>
      </trkpt>
      <trkpt lat="-39.7675685" lon="-71.7851588">
        <ele>446.2</ele>
      </trkpt>
      <trkpt lat="-39.7675849" lon="-71.7849147">
        <ele>447.8</ele>
      </trkpt>
      <trkpt lat="-39.7676097" lon="-71.7845875">
        <ele>450</ele>
      </trkpt>
      <trkpt lat="-39.7676654" lon="-71.7839894">
        <ele>450.8</ele>
      </trkpt>
      <trkpt lat="-39.7676757" lon="-71.7836621">
        <ele>451.5</ele>
      </trkpt>
      <trkpt lat="-39.7676818" lon="-71.7833483">
        <ele>452.3</ele>
      </trkpt>
      <trkpt lat="-39.7676447" lon="-71.7829567">
        <ele>453.2</ele>
      </trkpt>
      <trkpt lat="-39.7676365" lon="-71.7826536">
        <ele>453.8</ele>
      </trkpt>
      <trkpt lat="-39.7676654" lon="-71.7822298">
        <ele>454</ele>
      </trkpt>
      <trkpt lat="-39.7677437" lon="-71.7816317">
        <ele>453</ele>
      </trkpt>
      <trkpt lat="-39.7678138" lon="-71.7811087">
        <ele>453.2</ele>
      </trkpt>
      <trkpt lat="-39.767954" lon="-71.7803657">
        <ele>453</ele>
      </trkpt>
      <trkpt lat="-39.767987" lon="-71.7801753">
        <ele>453.5</ele>
      </trkpt>
      <trkpt lat="-39.7680096" lon="-71.7799929">
        <ele>454.5</ele>
      </trkpt>
      <trkpt lat="-39.7680303" lon="-71.7798266">
        <ele>455.8</ele>
      </trkpt>
      <trkpt lat="-39.7680674" lon="-71.7796522">
        <ele>457.2</ele>
      </trkpt>
      <trkpt lat="-39.7681148" lon="-71.7794833">
        <ele>459</ele>
      </trkpt>
      <trkpt lat="-39.7682199" lon="-71.7791963">
        <ele>460</ele>
      </trkpt>
      <trkpt lat="-39.7682735" lon="-71.7790219">
        <ele>460.2</ele>
      </trkpt>
      <trkpt lat="-39.7683251" lon="-71.7788315">
        <ele>461.2</ele>
      </trkpt>
      <trkpt lat="-39.7683519" lon="-71.778684">
        <ele>462.2</ele>
      </trkpt>
      <trkpt lat="-39.768389" lon="-71.7784292">
        <ele>463.2</ele>
      </trkpt>
      <trkpt lat="-39.7684075" lon="-71.7783138">
        <ele>463.5</ele>
      </trkpt>
      <trkpt lat="-39.768457" lon="-71.7780858">
        <ele>464</ele>
      </trkpt>
      <trkpt lat="-39.7685003" lon="-71.7779249">
        <ele>464.8</ele>
      </trkpt>
      <trkpt lat="-39.7685601" lon="-71.7777184">
        <ele>465.5</ele>
      </trkpt>
      <trkpt lat="-39.7686034" lon="-71.7775843">
        <ele>465.8</ele>
      </trkpt>
      <trkpt lat="-39.7686343" lon="-71.7774421">
        <ele>466.2</ele>
      </trkpt>
      <trkpt lat="-39.7686549" lon="-71.7772678">
        <ele>467</ele>
      </trkpt>
      <trkpt lat="-39.7686756" lon="-71.7770103">
        <ele>468.2</ele>
      </trkpt>
      <trkpt lat="-39.7686921" lon="-71.7765623">
        <ele>471</ele>
      </trkpt>
      <trkpt lat="-39.7687498" lon="-71.7755833">
        <ele>479.2</ele>
      </trkpt>
      <trkpt lat="-39.7687621" lon="-71.7753205">
        <ele>482.5</ele>
      </trkpt>
      <trkpt lat="-39.7688034" lon="-71.7750952">
        <ele>484.2</ele>
      </trkpt>
      <trkpt lat="-39.768857" lon="-71.7749369">
        <ele>483.8</ele>
      </trkpt>
      <trkpt lat="-39.7689766" lon="-71.7746767">
        <ele>483</ele>
      </trkpt>
      <trkpt lat="-39.7690034" lon="-71.7745212">
        <ele>484.2</ele>
      </trkpt>
      <trkpt lat="-39.7690034" lon="-71.7742449">
        <ele>488</ele>
      </trkpt>
      <trkpt lat="-39.7690363" lon="-71.7738801">
        <ele>491.8</ele>
      </trkpt>
      <trkpt lat="-39.7691044" lon="-71.773113">
        <ele>498</ele>
      </trkpt>
      <trkpt lat="-39.7691436" lon="-71.7727777">
        <ele>501</ele>
      </trkpt>
      <trkpt lat="-39.7691559" lon="-71.7726678">
        <ele>501.8</ele>
      </trkpt>
      <trkpt lat="-39.7691662" lon="-71.7724371">
        <ele>503.8</ele>
      </trkpt>
      <trkpt lat="-39.7691765" lon="-71.7723432">
        <ele>504.5</ele>
      </trkpt>
      <trkpt lat="-39.7692095" lon="-71.7722064">
        <ele>505</ele>
      </trkpt>
      <trkpt lat="-39.7692611" lon="-71.7720696">
        <ele>505.2</ele>
      </trkpt>
      <trkpt lat="-39.769459" lon="-71.7716324">
        <ele>505.4</ele>
      </trkpt>
      <trkpt lat="-39.7695497" lon="-71.7714366">
        <ele>505.5</ele>
      </trkpt>
      <trkpt lat="-39.7696363" lon="-71.7711657">
        <ele>508</ele>
      </trkpt>
      <trkpt lat="-39.7696754" lon="-71.7709726">
        <ele>510.2</ele>
      </trkpt>
      <trkpt lat="-39.7697002" lon="-71.7708117">
        <ele>512.2</ele>
      </trkpt>
      <trkpt lat="-39.7697126" lon="-71.7707258">
        <ele>513.2</ele>
      </trkpt>
      <trkpt lat="-39.7697455" lon="-71.7706132">
        <ele>514.1</ele>
      </trkpt>
      <trkpt lat="-39.7698342" lon="-71.7703664">
        <ele>516</ele>
      </trkpt>
      <trkpt lat="-39.7698713" lon="-71.7702967">
        <ele>516.2</ele>
      </trkpt>
      <trkpt lat="-39.769927" lon="-71.7702001">
        <ele>516.8</ele>
      </trkpt>
      <trkpt lat="-39.7699806" lon="-71.7701331">
        <ele>517</ele>
      </trkpt>
      <trkpt lat="-39.7700548" lon="-71.7700553">
        <ele>516.8</ele>
      </trkpt>
      <trkpt lat="-39.770162" lon="-71.7699373">
        <ele>516.2</ele>
      </trkpt>
      <trkpt lat="-39.7702341" lon="-71.7697978">
        <ele>517</ele>
      </trkpt>
      <trkpt lat="-39.7704877" lon="-71.7691407">
        <ele>521</ele>
      </trkpt>
      <trkpt lat="-39.7705454" lon="-71.7689046">
        <ele>523.5</ele>
      </trkpt>
      <trkpt lat="-39.7705599" lon="-71.7685881">
        <ele>529.8</ele>
      </trkpt>
      <trkpt lat="-39.7705372" lon="-71.7683387">
        <ele>535</ele>
      </trkpt>
      <trkpt lat="-39.7705661" lon="-71.7681643">
        <ele>536.5</ele>
      </trkpt>
      <trkpt lat="-39.7706444" lon="-71.76788">
        <ele>538.8</ele>
      </trkpt>
      <trkpt lat="-39.7708835" lon="-71.7671987">
        <ele>544.8</ele>
      </trkpt>
      <trkpt lat="-39.7710052" lon="-71.7669439">
        <ele>549</ele>
      </trkpt>
      <trkpt lat="-39.7711062" lon="-71.7667803">
        <ele>551.2</ele>
      </trkpt>
      <trkpt lat="-39.7712422" lon="-71.7666703">
        <ele>551</ele>
      </trkpt>
      <trkpt lat="-39.7713763" lon="-71.7665818">
        <ele>550.5</ele>
      </trkpt>
      <trkpt lat="-39.7717391" lon="-71.7664289">
        <ele>549</ele>
      </trkpt>
      <trkpt lat="-39.7718999" lon="-71.7663565">
        <ele>548.2</ele>
      </trkpt>
      <trkpt lat="-39.7719968" lon="-71.7662841">
        <ele>549</ele>
      </trkpt>
      <trkpt lat="-39.7721205" lon="-71.7661339">
        <ele>551.5</ele>
      </trkpt>
      <trkpt lat="-39.7722503" lon="-71.7658925">
        <ele>554.8</ele>
      </trkpt>
      <trkpt lat="-39.7723575" lon="-71.7656887">
        <ele>556.8</ele>
      </trkpt>
      <trkpt lat="-39.7723885" lon="-71.7655143">
        <ele>559</ele>
      </trkpt>
      <trkpt lat="-39.7724111" lon="-71.765281">
        <ele>561.8</ele>
      </trkpt>
      <trkpt lat="-39.772405" lon="-71.7645514">
        <ele>565.8</ele>
      </trkpt>
      <trkpt lat="-39.7723947" lon="-71.7633095">
        <ele>567.2</ele>
      </trkpt>
      <trkpt lat="-39.7724153" lon="-71.7630413">
        <ele>568</ele>
      </trkpt>
      <trkpt lat="-39.7724586" lon="-71.7627302">
        <ele>569</ele>
      </trkpt>
      <trkpt lat="-39.7725451" lon="-71.7625102">
        <ele>568</ele>
      </trkpt>
      <trkpt lat="-39.7726833" lon="-71.7623305">
        <ele>564.8</ele>
      </trkpt>
      <trkpt lat="-39.7728709" lon="-71.7621481">
        <ele>560.5</ele>
      </trkpt>
      <trkpt lat="-39.7730378" lon="-71.7619228">
        <ele>558.5</ele>
      </trkpt>
      <trkpt lat="-39.7730853" lon="-71.7617378">
        <ele>559.2</ele>
      </trkpt>
      <trkpt lat="-39.7731017" lon="-71.7615151">
        <ele>560.5</ele>
      </trkpt>
      <trkpt lat="-39.7730543" lon="-71.7612737">
        <ele>564.2</ele>
      </trkpt>
      <trkpt lat="-39.7730255" lon="-71.7610189">
        <ele>567.5</ele>
      </trkpt>
      <trkpt lat="-39.7730543" lon="-71.7608044">
        <ele>567</ele>
      </trkpt>
      <trkpt lat="-39.7730667" lon="-71.7605522">
        <ele>566.5</ele>
      </trkpt>
      <trkpt lat="-39.7730296" lon="-71.7603967">
        <ele>568.5</ele>
      </trkpt>
      <trkpt lat="-39.7729719" lon="-71.7602062">
        <ele>570.8</ele>
      </trkpt>
      <trkpt lat="-39.772807" lon="-71.7599192">
        <ele>577.5</ele>
      </trkpt>
      <trkpt lat="-39.7727534" lon="-71.7598066">
        <ele>580</ele>
      </trkpt>
      <trkpt lat="-39.7727101" lon="-71.7596805">
        <ele>581.6</ele>
      </trkpt>
      <trkpt lat="-39.7726977" lon="-71.7593908">
        <ele>585</ele>
      </trkpt>
      <trkpt lat="-39.7727266" lon="-71.759195">
        <ele>584.2</ele>
      </trkpt>
      <trkpt lat="-39.7727802" lon="-71.7590126">
        <ele>582.2</ele>
      </trkpt>
      <trkpt lat="-39.7728502" lon="-71.7587578">
        <ele>580.5</ele>
      </trkpt>
      <trkpt lat="-39.7729739" lon="-71.7584226">
        <ele>577</ele>
      </trkpt>
      <trkpt lat="-39.7730317" lon="-71.7582482">
        <ele>576.2</ele>
      </trkpt>
      <trkpt lat="-39.7731182" lon="-71.7580739">
        <ele>575.2</ele>
      </trkpt>
      <trkpt lat="-39.7731904" lon="-71.7579424">
        <ele>574.5</ele>
      </trkpt>
      <trkpt lat="-39.77331" lon="-71.7577466">
        <ele>572.8</ele>
      </trkpt>
      <trkpt lat="-39.7734151" lon="-71.7575696">
        <ele>571.8</ele>
      </trkpt>
      <trkpt lat="-39.7734872" lon="-71.7574248">
        <ele>571</ele>
      </trkpt>
      <trkpt lat="-39.7735553" lon="-71.7572799">
        <ele>570.5</ele>
      </trkpt>
      <trkpt lat="-39.7736934" lon="-71.7569071">
        <ele>569.9</ele>
      </trkpt>
      <trkpt lat="-39.7738831" lon="-71.7563626">
        <ele>569</ele>
      </trkpt>
      <trkpt lat="-39.7741985" lon="-71.7554078">
        <ele>572.5</ele>
      </trkpt>
      <trkpt lat="-39.774316" lon="-71.7550322">
        <ele>573</ele>
      </trkpt>
      <trkpt lat="-39.7743964" lon="-71.7547908">
        <ele>573.2</ele>
      </trkpt>
      <trkpt lat="-39.7744603" lon="-71.7546406">
        <ele>573.2</ele>
      </trkpt>
      <trkpt lat="-39.774551" lon="-71.7544395">
        <ele>573.8</ele>
      </trkpt>
      <trkpt lat="-39.7747551" lon="-71.7539889">
        <ele>575.5</ele>
      </trkpt>
      <trkpt lat="-39.7748458" lon="-71.753777">
        <ele>577.8</ele>
      </trkpt>
      <trkpt lat="-39.7749241" lon="-71.7535651">
        <ele>580</ele>
      </trkpt>
      <trkpt lat="-39.7749571" lon="-71.7534766">
        <ele>581</ele>
      </trkpt>
      <trkpt lat="-39.7749962" lon="-71.7533934">
        <ele>582</ele>
      </trkpt>
      <trkpt lat="-39.7750395" lon="-71.7533156">
        <ele>583</ele>
      </trkpt>
      <trkpt lat="-39.7751014" lon="-71.7532137">
        <ele>584.2</ele>
      </trkpt>
      <trkpt lat="-39.7751715" lon="-71.7531225">
        <ele>585.5</ele>
      </trkpt>
      <trkpt lat="-39.7752457" lon="-71.7530394">
        <ele>586.8</ele>
      </trkpt>
      <trkpt lat="-39.7759899" lon="-71.7522588">
        <ele>592.8</ele>
      </trkpt>
      <trkpt lat="-39.7763217" lon="-71.7518377">
        <ele>595</ele>
      </trkpt>
      <trkpt lat="-39.7765712" lon="-71.7515641">
        <ele>595.5</ele>
      </trkpt>
      <trkpt lat="-39.7768969" lon="-71.7511323">
        <ele>596.2</ele>
      </trkpt>
      <trkpt lat="-39.7769999" lon="-71.7509499">
        <ele>596.8</ele>
      </trkpt>
      <trkpt lat="-39.7771855" lon="-71.7506146">
        <ele>598</ele>
      </trkpt>
      <trkpt lat="-39.7772988" lon="-71.750451">
        <ele>598.5</ele>
      </trkpt>
      <trkpt lat="-39.7774947" lon="-71.7502686">
        <ele>598.2</ele>
      </trkpt>
      <trkpt lat="-39.7778266" lon="-71.7499655">
        <ele>599</ele>
      </trkpt>
      <trkpt lat="-39.7779812" lon="-71.7498261">
        <ele>598.5</ele>
      </trkpt>
      <trkpt lat="-39.7781687" lon="-71.7496008">
        <ele>600.2</ele>
      </trkpt>
      <trkpt lat="-39.7784882" lon="-71.7491421">
        <ele>603.2</ele>
      </trkpt>
      <trkpt lat="-39.778647" lon="-71.7489168">
        <ele>604.2</ele>
      </trkpt>
      <trkpt lat="-39.7788242" lon="-71.7487478">
        <ele>604.8</ele>
      </trkpt>
      <trkpt lat="-39.778983" lon="-71.748544">
        <ele>606.2</ele>
      </trkpt>
      <trkpt lat="-39.7790737" lon="-71.748383">
        <ele>607.5</ele>
      </trkpt>
      <trkpt lat="-39.7791953" lon="-71.7481014">
        <ele>611.5</ele>
      </trkpt>
      <trkpt lat="-39.7793664" lon="-71.7478117">
        <ele>616.8</ele>
      </trkpt>
      <trkpt lat="-39.7794241" lon="-71.7477152">
        <ele>618.5</ele>
      </trkpt>
      <trkpt lat="-39.7794859" lon="-71.7476213">
        <ele>620</ele>
      </trkpt>
      <trkpt lat="-39.779554" lon="-71.7475355">
        <ele>621.2</ele>
      </trkpt>
      <trkpt lat="-39.7796282" lon="-71.7474496">
        <ele>622.5</ele>
      </trkpt>
      <trkpt lat="-39.7797106" lon="-71.7473719">
        <ele>623.2</ele>
      </trkpt>
      <trkpt lat="-39.7797951" lon="-71.7473021">
        <ele>624</ele>
      </trkpt>
      <trkpt lat="-39.7798838" lon="-71.7472404">
        <ele>624.5</ele>
      </trkpt>
      <trkpt lat="-39.7799765" lon="-71.7471895">
        <ele>625</ele>
      </trkpt>
      <trkpt lat="-39.7800734" lon="-71.7471492">
        <ele>625.2</ele>
      </trkpt>
      <trkpt lat="-39.7802713" lon="-71.7470849">
        <ele>625.9</ele>
      </trkpt>
      <trkpt lat="-39.7805331" lon="-71.7469963">
        <ele>626.8</ele>
      </trkpt>
      <trkpt lat="-39.7807124" lon="-71.7469212">
        <ele>628.2</ele>
      </trkpt>
      <trkpt lat="-39.7808196" lon="-71.7468354">
        <ele>629.2</ele>
      </trkpt>
      <trkpt lat="-39.7809391" lon="-71.7467201">
        <ele>630.5</ele>
      </trkpt>
      <trkpt lat="-39.7810546" lon="-71.7465538">
        <ele>632</ele>
      </trkpt>
      <trkpt lat="-39.7811411" lon="-71.7463446">
        <ele>634</ele>
      </trkpt>
      <trkpt lat="-39.7812731" lon="-71.7461219">
        <ele>637</ele>
      </trkpt>
      <trkpt lat="-39.7814586" lon="-71.7458457">
        <ele>640.2</ele>
      </trkpt>
      <trkpt lat="-39.7816668" lon="-71.7454943">
        <ele>645.5</ele>
      </trkpt>
      <trkpt lat="-39.7817368" lon="-71.745387">
        <ele>647</ele>
      </trkpt>
      <trkpt lat="-39.7818626" lon="-71.7452449">
        <ele>649</ele>
      </trkpt>
      <trkpt lat="-39.7819801" lon="-71.7451">
        <ele>650.8</ele>
      </trkpt>
      <trkpt lat="-39.7820605" lon="-71.7449766">
        <ele>652.2</ele>
      </trkpt>
      <trkpt lat="-39.7821408" lon="-71.7447969">
        <ele>654.2</ele>
      </trkpt>
      <trkpt lat="-39.7821883" lon="-71.7446119">
        <ele>656.5</ele>
      </trkpt>
      <trkpt lat="-39.7822089" lon="-71.7444187">
        <ele>659</ele>
      </trkpt>
      <trkpt lat="-39.7822047" lon="-71.7442685">
        <ele>660.8</ele>
      </trkpt>
      <trkpt lat="-39.7822233" lon="-71.7441344">
        <ele>662</ele>
      </trkpt>
      <trkpt lat="-39.7822686" lon="-71.7439815">
        <ele>663.2</ele>
      </trkpt>
      <trkpt lat="-39.7823511" lon="-71.7437455">
        <ele>665</ele>
      </trkpt>
      <trkpt lat="-39.7824006" lon="-71.743606">
        <ele>665.5</ele>
      </trkpt>
      <trkpt lat="-39.7824335" lon="-71.7434344">
        <ele>666.5</ele>
      </trkpt>
      <trkpt lat="-39.7825552" lon="-71.7428711">
        <ele>668.5</ele>
      </trkpt>
      <trkpt lat="-39.7826232" lon="-71.7425224">
        <ele>668.8</ele>
      </trkpt>
      <trkpt lat="-39.7827304" lon="-71.7422059">
        <ele>668</ele>
      </trkpt>
      <trkpt lat="-39.7828004" lon="-71.7419216">
        <ele>668.2</ele>
      </trkpt>
      <trkpt lat="-39.7828272" lon="-71.7418143">
        <ele>668.5</ele>
      </trkpt>
      <trkpt lat="-39.7828458" lon="-71.7417043">
        <ele>669</ele>
      </trkpt>
      <trkpt lat="-39.7828561" lon="-71.7415917">
        <ele>669.5</ele>
      </trkpt>
      <trkpt lat="-39.7828561" lon="-71.741479">
        <ele>670.2</ele>
      </trkpt>
      <trkpt lat="-39.7828478" lon="-71.7413637">
        <ele>671.2</ele>
      </trkpt>
      <trkpt lat="-39.7828334" lon="-71.7412564">
        <ele>672.5</ele>
      </trkpt>
      <trkpt lat="-39.7828087" lon="-71.7411491">
        <ele>673.8</ele>
      </trkpt>
      <trkpt lat="-39.7827365" lon="-71.7408299">
        <ele>676.5</ele>
      </trkpt>
      <trkpt lat="-39.7825861" lon="-71.7401835">
        <ele>682.8</ele>
      </trkpt>
      <trkpt lat="-39.7825119" lon="-71.7398295">
        <ele>685</ele>
      </trkpt>
      <trkpt lat="-39.7824892" lon="-71.7397329">
        <ele>685.5</ele>
      </trkpt>
      <trkpt lat="-39.7824562" lon="-71.7396417">
        <ele>686.2</ele>
      </trkpt>
      <trkpt lat="-39.7824191" lon="-71.7395532">
        <ele>686.8</ele>
      </trkpt>
      <trkpt lat="-39.7823738" lon="-71.7394727">
        <ele>687.2</ele>
      </trkpt>
      <trkpt lat="-39.7823305" lon="-71.739403">
        <ele>687.8</ele>
      </trkpt>
      <trkpt lat="-39.782281" lon="-71.7393413">
        <ele>688.2</ele>
      </trkpt>
      <trkpt lat="-39.7814792" lon="-71.7384213">
        <ele>706.2</ele>
      </trkpt>
      <trkpt lat="-39.7813679" lon="-71.7382658">
        <ele>709.2</ele>
      </trkpt>
      <trkpt lat="-39.7812586" lon="-71.7381021">
        <ele>711.8</ele>
      </trkpt>
      <trkpt lat="-39.7811576" lon="-71.7379332">
        <ele>713.5</ele>
      </trkpt>
      <trkpt lat="-39.7810649" lon="-71.7377561">
        <ele>714.8</ele>
      </trkpt>
      <trkpt lat="-39.7809804" lon="-71.7375872">
        <ele>715.8</ele>
      </trkpt>
      <trkpt lat="-39.7809041" lon="-71.7374128">
        <ele>716.2</ele>
      </trkpt>
      <trkpt lat="-39.780834" lon="-71.7372331">
        <ele>716.5</ele>
      </trkpt>
      <trkpt lat="-39.7807722" lon="-71.737048">
        <ele>717</ele>
      </trkpt>
      <trkpt lat="-39.7804857" lon="-71.7363426">
        <ele>722.5</ele>
      </trkpt>
      <trkpt lat="-39.7803682" lon="-71.7360261">
        <ele>723.8</ele>
      </trkpt>
      <trkpt lat="-39.7802981" lon="-71.7358196">
        <ele>725</ele>
      </trkpt>
      <trkpt lat="-39.7802672" lon="-71.7355782">
        <ele>724</ele>
      </trkpt>
      <trkpt lat="-39.780193" lon="-71.7351356">
        <ele>723.2</ele>
      </trkpt>
      <trkpt lat="-39.7801455" lon="-71.7348352">
        <ele>724.2</ele>
      </trkpt>
      <trkpt lat="-39.7801414" lon="-71.7347413">
        <ele>724</ele>
      </trkpt>
      <trkpt lat="-39.7801497" lon="-71.7346394">
        <ele>723.2</ele>
      </trkpt>
      <trkpt lat="-39.7801868" lon="-71.7344624">
        <ele>721</ele>
      </trkpt>
      <trkpt lat="-39.7802074" lon="-71.7343417">
        <ele>720</ele>
      </trkpt>
      <trkpt lat="-39.7802177" lon="-71.7342237">
        <ele>719.5</ele>
      </trkpt>
      <trkpt lat="-39.7802136" lon="-71.7341459">
        <ele>719.7</ele>
      </trkpt>
      <trkpt lat="-39.7801971" lon="-71.7340627">
        <ele>720</ele>
      </trkpt>
      <trkpt lat="-39.780162" lon="-71.7339528">
        <ele>721.2</ele>
      </trkpt>
      <trkpt lat="-39.7800281" lon="-71.7335933">
        <ele>726</ele>
      </trkpt>
      <trkpt lat="-39.7798631" lon="-71.7332125">
        <ele>734.5</ele>
      </trkpt>
      <trkpt lat="-39.7798405" lon="-71.7330998">
        <ele>736.2</ele>
      </trkpt>
      <trkpt lat="-39.779824" lon="-71.7329872">
        <ele>737.8</ele>
      </trkpt>
      <trkpt lat="-39.7798157" lon="-71.7328718">
        <ele>739</ele>
      </trkpt>
      <trkpt lat="-39.7798116" lon="-71.7327753">
        <ele>739.8</ele>
      </trkpt>
      <trkpt lat="-39.7798157" lon="-71.732676">
        <ele>740.2</ele>
      </trkpt>
      <trkpt lat="-39.7798735" lon="-71.7322844">
        <ele>741.5</ele>
      </trkpt>
      <trkpt lat="-39.7798961" lon="-71.7321691">
        <ele>741.8</ele>
      </trkpt>
      <trkpt lat="-39.7799085" lon="-71.7320511">
        <ele>742.5</ele>
      </trkpt>
      <trkpt lat="-39.7799147" lon="-71.7319331">
        <ele>743.8</ele>
      </trkpt>
      <trkpt lat="-39.7799106" lon="-71.731815">
        <ele>745</ele>
      </trkpt>
      <trkpt lat="-39.7798982" lon="-71.7317158">
        <ele>746.2</ele>
      </trkpt>
      <trkpt lat="-39.7798817" lon="-71.7316192">
        <ele>747.5</ele>
      </trkpt>
      <trkpt lat="-39.779857" lon="-71.7315227">
        <ele>749</ele>
      </trkpt>
      <trkpt lat="-39.779826" lon="-71.7314288">
        <ele>750.8</ele>
      </trkpt>
      <trkpt lat="-39.7796343" lon="-71.730938">
        <ele>760.8</ele>
      </trkpt>
      <trkpt lat="-39.7795643" lon="-71.7306778">
        <ele>764.8</ele>
      </trkpt>
      <trkpt lat="-39.7795375" lon="-71.7304578">
        <ele>766.2</ele>
      </trkpt>
      <trkpt lat="-39.7795436" lon="-71.7300716">
        <ele>768.1</ele>
      </trkpt>
      <trkpt lat="-39.7795375" lon="-71.729688">
        <ele>770</ele>
      </trkpt>
      <trkpt lat="-39.7795272" lon="-71.7293313">
        <ele>772.8</ele>
      </trkpt>
      <trkpt lat="-39.7794983" lon="-71.729055">
        <ele>775</ele>
      </trkpt>
      <trkpt lat="-39.7794468" lon="-71.7288002">
        <ele>778</ele>
      </trkpt>
      <trkpt lat="-39.7793705" lon="-71.7285401">
        <ele>780.8</ele>
      </trkpt>
      <trkpt lat="-39.7792922" lon="-71.7282692">
        <ele>784</ele>
      </trkpt>
      <trkpt lat="-39.7792592" lon="-71.7281672">
        <ele>785.8</ele>
      </trkpt>
      <trkpt lat="-39.7792324" lon="-71.7280626">
        <ele>787.2</ele>
      </trkpt>
      <trkpt lat="-39.7792138" lon="-71.7279553">
        <ele>788.5</ele>
      </trkpt>
      <trkpt lat="-39.7791973" lon="-71.72784">
        <ele>789.5</ele>
      </trkpt>
      <trkpt lat="-39.7791912" lon="-71.727722">
        <ele>790.2</ele>
      </trkpt>
      <trkpt lat="-39.7791912" lon="-71.727604">
        <ele>790.8</ele>
      </trkpt>
      <trkpt lat="-39.7791973" lon="-71.727486">
        <ele>791</ele>
      </trkpt>
      <trkpt lat="-39.7792138" lon="-71.7273679">
        <ele>791.2</ele>
      </trkpt>
      <trkpt lat="-39.7792983" lon="-71.7267188">
        <ele>792.2</ele>
      </trkpt>
      <trkpt lat="-39.7793561" lon="-71.7263514">
        <ele>793.8</ele>
      </trkpt>
      <trkpt lat="-39.7793705" lon="-71.72611">
        <ele>795.8</ele>
      </trkpt>
      <trkpt lat="-39.7793499" lon="-71.7258283">
        <ele>798.2</ele>
      </trkpt>
      <trkpt lat="-39.7793025" lon="-71.7256835">
        <ele>800.1</ele>
      </trkpt>
      <trkpt lat="-39.7791747" lon="-71.7254046">
        <ele>804</ele>
      </trkpt>
      <trkpt lat="-39.779084" lon="-71.7251685">
        <ele>808.2</ele>
      </trkpt>
      <trkpt lat="-39.778983" lon="-71.7248923">
        <ele>814</ele>
      </trkpt>
      <trkpt lat="-39.7789603" lon="-71.7248225">
        <ele>815.5</ele>
      </trkpt>
      <trkpt lat="-39.7789438" lon="-71.7247501">
        <ele>817</ele>
      </trkpt>
      <trkpt lat="-39.7789335" lon="-71.724675">
        <ele>818.5</ele>
      </trkpt>
      <trkpt lat="-39.7789294" lon="-71.7246026">
        <ele>819.8</ele>
      </trkpt>
      <trkpt lat="-39.7789294" lon="-71.7245087">
        <ele>821</ele>
      </trkpt>
      <trkpt lat="-39.7789397" lon="-71.7244175">
        <ele>822</ele>
      </trkpt>
      <trkpt lat="-39.7789582" lon="-71.724329">
        <ele>822.5</ele>
      </trkpt>
      <trkpt lat="-39.778985" lon="-71.7242458">
        <ele>822.8</ele>
      </trkpt>
      <trkpt lat="-39.7790201" lon="-71.7241654">
        <ele>823.1</ele>
      </trkpt>
      <trkpt lat="-39.7790634" lon="-71.7240903">
        <ele>823.5</ele>
      </trkpt>
      <trkpt lat="-39.7799415" lon="-71.7221645">
        <ele>832.2</ele>
      </trkpt>
      <trkpt lat="-39.7799848" lon="-71.7220813">
        <ele>832.4</ele>
      </trkpt>
      <trkpt lat="-39.7800219" lon="-71.7219955">
        <ele>832.5</ele>
      </trkpt>
      <trkpt lat="-39.7800528" lon="-71.7219016">
        <ele>832.8</ele>
      </trkpt>
      <trkpt lat="-39.7800734" lon="-71.7218104">
        <ele>833.2</ele>
      </trkpt>
      <trkpt lat="-39.7800858" lon="-71.7217138">
        <ele>833.8</ele>
      </trkpt>
      <trkpt lat="-39.780092" lon="-71.72162">
        <ele>834.5</ele>
      </trkpt>
      <trkpt lat="-39.7800899" lon="-71.7215234">
        <ele>835.2</ele>
      </trkpt>
      <trkpt lat="-39.7800528" lon="-71.7208663">
        <ele>839.5</ele>
      </trkpt>
      <trkpt lat="-39.7800363" lon="-71.7205927">
        <ele>840.8</ele>
      </trkpt>
      <trkpt lat="-39.780026" lon="-71.7205256">
        <ele>841.2</ele>
      </trkpt>
      <trkpt lat="-39.7800116" lon="-71.7204586">
        <ele>841.8</ele>
      </trkpt>
      <trkpt lat="-39.7799868" lon="-71.7203808">
        <ele>842.2</ele>
      </trkpt>
      <trkpt lat="-39.77996" lon="-71.7203084">
        <ele>843</ele>
      </trkpt>
      <trkpt lat="-39.779925" lon="-71.7202386">
        <ele>843.8</ele>
      </trkpt>
      <trkpt lat="-39.7798858" lon="-71.7201743">
        <ele>844.8</ele>
      </trkpt>
      <trkpt lat="-39.7798425" lon="-71.7201152">
        <ele>845.8</ele>
      </trkpt>
      <trkpt lat="-39.779723" lon="-71.7200294">
        <ele>848.5</ele>
      </trkpt>
      <trkpt lat="-39.7796797" lon="-71.7200133">
        <ele>849.5</ele>
      </trkpt>
      <trkpt lat="-39.7796385" lon="-71.7199892">
        <ele>850.5</ele>
      </trkpt>
      <trkpt lat="-39.7796014" lon="-71.7199543">
        <ele>851.2</ele>
      </trkpt>
      <trkpt lat="-39.7795704" lon="-71.7199114">
        <ele>852</ele>
      </trkpt>
      <trkpt lat="-39.7795436" lon="-71.7198631">
        <ele>852.8</ele>
      </trkpt>
      <trkpt lat="-39.7795272" lon="-71.7198148">
        <ele>853.2</ele>
      </trkpt>
      <trkpt lat="-39.7795168" lon="-71.7197639">
        <ele>853.8</ele>
      </trkpt>
      <trkpt lat="-39.7795107" lon="-71.7197129">
        <ele>854</ele>
      </trkpt>
      <trkpt lat="-39.7795045" lon="-71.7194554">
        <ele>855</ele>
      </trkpt>
      <trkpt lat="-39.7794901" lon="-71.7191979">
        <ele>857</ele>
      </trkpt>
      <trkpt lat="-39.7794571" lon="-71.7190075">
        <ele>859.2</ele>
      </trkpt>
      <trkpt lat="-39.7793664" lon="-71.7187768">
        <ele>862.8</ele>
      </trkpt>
      <trkpt lat="-39.7792777" lon="-71.718455">
        <ele>867</ele>
      </trkpt>
      <trkpt lat="-39.7792077" lon="-71.718176">
        <ele>870.2</ele>
      </trkpt>
      <trkpt lat="-39.7791602" lon="-71.7179668">
        <ele>871.8</ele>
      </trkpt>
      <trkpt lat="-39.7791541" lon="-71.7177254">
        <ele>872.8</ele>
      </trkpt>
      <trkpt lat="-39.7791541" lon="-71.7174625">
        <ele>873.7</ele>
      </trkpt>
      <trkpt lat="-39.7791602" lon="-71.717079">
        <ele>875</ele>
      </trkpt>
      <trkpt lat="-39.779152" lon="-71.7168751">
        <ele>875.5</ele>
      </trkpt>
      <trkpt lat="-39.7791437" lon="-71.7166203">
        <ele>875.4</ele>
      </trkpt>
      <trkpt lat="-39.7791334" lon="-71.7163548">
        <ele>875.4</ele>
      </trkpt>
      <trkpt lat="-39.7791252" lon="-71.7161885">
        <ele>875.3</ele>
      </trkpt>
      <trkpt lat="-39.779117" lon="-71.71599">
        <ele>875.3</ele>
      </trkpt>
      <trkpt lat="-39.7791437" lon="-71.7158478">
        <ele>875.2</ele>
      </trkpt>
      <trkpt lat="-39.7792468" lon="-71.7157003">
        <ele>874.8</ele>
      </trkpt>
      <trkpt lat="-39.7793169" lon="-71.7155528">
        <ele>874.5</ele>
      </trkpt>
      <trkpt lat="-39.7793829" lon="-71.7153248">
        <ele>874.1</ele>
      </trkpt>
      <trkpt lat="-39.7794736" lon="-71.7149091">
        <ele>873.5</ele>
      </trkpt>
      <trkpt lat="-39.7795065" lon="-71.7145711">
        <ele>872.8</ele>
      </trkpt>
      <trkpt lat="-39.7795107" lon="-71.7143995">
        <ele>872.5</ele>
      </trkpt>
      <trkpt lat="-39.7794777" lon="-71.7141044">
        <ele>872</ele>
      </trkpt>
      <trkpt lat="-39.7794426" lon="-71.7138147">
        <ele>873.2</ele>
      </trkpt>
      <trkpt lat="-39.7794035" lon="-71.713104">
        <ele>879.2</ele>
      </trkpt>
      <trkpt lat="-39.779389" lon="-71.7127284">
        <ele>884</ele>
      </trkpt>
      <trkpt lat="-39.7794014" lon="-71.7121679">
        <ele>890</ele>
      </trkpt>
      <trkpt lat="-39.7794426" lon="-71.7115697">
        <ele>894</ele>
      </trkpt>
      <trkpt lat="-39.7794797" lon="-71.7112076">
        <ele>896.2</ele>
      </trkpt>
      <trkpt lat="-39.7795704" lon="-71.7108455">
        <ele>896.8</ele>
      </trkpt>
      <trkpt lat="-39.7795993" lon="-71.7107141">
        <ele>896.5</ele>
      </trkpt>
      <trkpt lat="-39.7796199" lon="-71.71058">
        <ele>896.6</ele>
      </trkpt>
      <trkpt lat="-39.7796364" lon="-71.7104459">
        <ele>896.8</ele>
      </trkpt>
      <trkpt lat="-39.7796446" lon="-71.7103091">
        <ele>897</ele>
      </trkpt>
      <trkpt lat="-39.7796446" lon="-71.7101723">
        <ele>897.2</ele>
      </trkpt>
      <trkpt lat="-39.7796385" lon="-71.7100248">
        <ele>897.4</ele>
      </trkpt>
      <trkpt lat="-39.779624" lon="-71.7098746">
        <ele>897.5</ele>
      </trkpt>
      <trkpt lat="-39.7796014" lon="-71.7097297">
        <ele>897.8</ele>
      </trkpt>
      <trkpt lat="-39.7795725" lon="-71.7095849">
        <ele>898</ele>
      </trkpt>
      <trkpt lat="-39.7795333" lon="-71.7094454">
        <ele>898.5</ele>
      </trkpt>
      <trkpt lat="-39.779488" lon="-71.7093086">
        <ele>899.2</ele>
      </trkpt>
      <trkpt lat="-39.7794365" lon="-71.7091745">
        <ele>900</ele>
      </trkpt>
      <trkpt lat="-39.7792922" lon="-71.7088339">
        <ele>901</ele>
      </trkpt>
      <trkpt lat="-39.7790778" lon="-71.7084476">
        <ele>902.5</ele>
      </trkpt>
      <trkpt lat="-39.7788078" lon="-71.7080399">
        <ele>905.8</ele>
      </trkpt>
      <trkpt lat="-39.7785666" lon="-71.7077395">
        <ele>911.2</ele>
      </trkpt>
      <trkpt lat="-39.7783604" lon="-71.7074928">
        <ele>915</ele>
      </trkpt>
      <trkpt lat="-39.7782615" lon="-71.7073506">
        <ele>916.8</ele>
      </trkpt>
      <trkpt lat="-39.7781337" lon="-71.7071173">
        <ele>917.5</ele>
      </trkpt>
      <trkpt lat="-39.7780389" lon="-71.7068759">
        <ele>916.8</ele>
      </trkpt>
      <trkpt lat="-39.7778162" lon="-71.7063421">
        <ele>914.5</ele>
      </trkpt>
      <trkpt lat="-39.7773957" lon="-71.705685">
        <ele>914.2</ele>
      </trkpt>
      <trkpt lat="-39.7771587" lon="-71.705009">
        <ele>909.5</ele>
      </trkpt>
      <trkpt lat="-39.776967" lon="-71.7045611">
        <ele>908.8</ele>
      </trkpt>
      <trkpt lat="-39.7767917" lon="-71.7042875">
        <ele>910.5</ele>
      </trkpt>
      <trkpt lat="-39.7766083" lon="-71.7039952">
        <ele>912</ele>
      </trkpt>
      <trkpt lat="-39.7764805" lon="-71.703743">
        <ele>911</ele>
      </trkpt>
      <trkpt lat="-39.7763898" lon="-71.7035446">
        <ele>910</ele>
      </trkpt>
      <trkpt lat="-39.7761424" lon="-71.7028874">
        <ele>907.5</ele>
      </trkpt>
      <trkpt lat="-39.7760228" lon="-71.7023751">
        <ele>904.2</ele>
      </trkpt>
      <trkpt lat="-39.7760167" lon="-71.7022866">
        <ele>903.5</ele>
      </trkpt>
      <trkpt lat="-39.7760146" lon="-71.7021981">
        <ele>902.8</ele>
      </trkpt>
      <trkpt lat="-39.7760167" lon="-71.7020854">
        <ele>901.8</ele>
      </trkpt>
      <trkpt lat="-39.7760228" lon="-71.7019755">
        <ele>901.2</ele>
      </trkpt>
      <trkpt lat="-39.7760538" lon="-71.7017046">
        <ele>900</ele>
      </trkpt>
      <trkpt lat="-39.7761135" lon="-71.7014095">
        <ele>899</ele>
      </trkpt>
      <trkpt lat="-39.776161" lon="-71.7012298">
        <ele>899.8</ele>
      </trkpt>
      <trkpt lat="-39.776196" lon="-71.7010742">
        <ele>901</ele>
      </trkpt>
      <trkpt lat="-39.7762517" lon="-71.7008436">
        <ele>903</ele>
      </trkpt>
      <trkpt lat="-39.7762949" lon="-71.7006746">
        <ele>905.5</ele>
      </trkpt>
      <trkpt lat="-39.7763424" lon="-71.7004842">
        <ele>909</ele>
      </trkpt>
      <trkpt lat="-39.7763939" lon="-71.7003152">
        <ele>913.2</ele>
      </trkpt>
      <trkpt lat="-39.7764599" lon="-71.7001703">
        <ele>916.5</ele>
      </trkpt>
      <trkpt lat="-39.7765856" lon="-71.6999799">
        <ele>920.5</ele>
      </trkpt>
      <trkpt lat="-39.7767072" lon="-71.6998404">
        <ele>923.5</ele>
      </trkpt>
      <trkpt lat="-39.776936" lon="-71.6995481">
        <ele>930</ele>
      </trkpt>
      <trkpt lat="-39.7771154" lon="-71.6993147">
        <ele>936</ele>
      </trkpt>
      <trkpt lat="-39.7772411" lon="-71.6991726">
        <ele>939.2</ele>
      </trkpt>
      <trkpt lat="-39.7772803" lon="-71.6991323">
        <ele>940.5</ele>
      </trkpt>
      <trkpt lat="-39.7773215" lon="-71.6990975">
        <ele>941.8</ele>
      </trkpt>
      <trkpt lat="-39.7773669" lon="-71.6990733">
        <ele>942.8</ele>
      </trkpt>
      <trkpt lat="-39.7774163" lon="-71.6990572">
        <ele>943.5</ele>
      </trkpt>
      <trkpt lat="-39.7774658" lon="-71.6990519">
        <ele>944</ele>
      </trkpt>
      <trkpt lat="-39.7775153" lon="-71.6990572">
        <ele>944.2</ele>
      </trkpt>
      <trkpt lat="-39.7775627" lon="-71.6990706">
        <ele>944.1</ele>
      </trkpt>
      <trkpt lat="-39.7776101" lon="-71.6990948">
        <ele>944</ele>
      </trkpt>
      <trkpt lat="-39.7776513" lon="-71.699127">
        <ele>943.5</ele>
      </trkpt>
      <trkpt lat="-39.7776905" lon="-71.6991672">
        <ele>942.8</ele>
      </trkpt>
      <trkpt lat="-39.777841" lon="-71.6993791">
        <ele>938.8</ele>
      </trkpt>
      <trkpt lat="-39.7779544" lon="-71.6994971">
        <ele>937.2</ele>
      </trkpt>
      <trkpt lat="-39.7780925" lon="-71.6996151">
        <ele>936.5</ele>
      </trkpt>
      <trkpt lat="-39.7782203" lon="-71.6996983">
        <ele>937</ele>
      </trkpt>
      <trkpt lat="-39.778412" lon="-71.6998082">
        <ele>938.2</ele>
      </trkpt>
      <trkpt lat="-39.7787212" lon="-71.6999477">
        <ele>941.2</ele>
      </trkpt>
      <trkpt lat="-39.7789376" lon="-71.7000067">
        <ele>946</ele>
      </trkpt>
      <trkpt lat="-39.7791809" lon="-71.7000443">
        <ele>950.5</ele>
      </trkpt>
      <trkpt lat="-39.779319" lon="-71.7000604">
        <ele>953.5</ele>
      </trkpt>
      <trkpt lat="-39.7793396" lon="-71.7000711">
        <ele>953.8</ele>
      </trkpt>
      <trkpt lat="-39.7793643" lon="-71.7000738">
        <ele>954.2</ele>
      </trkpt>
      <trkpt lat="-39.779387" lon="-71.7000657">
        <ele>955</ele>
      </trkpt>
      <trkpt lat="-39.7794055" lon="-71.7000496">
        <ele>955.8</ele>
      </trkpt>
      <trkpt lat="-39.77942" lon="-71.7000255">
        <ele>956.5</ele>
      </trkpt>
      <trkpt lat="-39.7794282" lon="-71.6999987">
        <ele>957.2</ele>
      </trkpt>
      <trkpt lat="-39.7794303" lon="-71.6999692">
        <ele>958</ele>
      </trkpt>
      <trkpt lat="-39.7794241" lon="-71.6999424">
        <ele>958.5</ele>
      </trkpt>
      <trkpt lat="-39.7794138" lon="-71.6999182">
        <ele>958.8</ele>
      </trkpt>
      <trkpt lat="-39.7793973" lon="-71.6998994">
        <ele>958.8</ele>
      </trkpt>
      <trkpt lat="-39.779288" lon="-71.6997734">
        <ele>959</ele>
      </trkpt>
      <trkpt lat="-39.7791211" lon="-71.6996178">
        <ele>959.8</ele>
      </trkpt>
      <trkpt lat="-39.7790634" lon="-71.6995615">
        <ele>960.2</ele>
      </trkpt>
      <trkpt lat="-39.7790407" lon="-71.6995454">
        <ele>960.4</ele>
      </trkpt>
      <trkpt lat="-39.7790201" lon="-71.6995212">
        <ele>960.5</ele>
      </trkpt>
      <trkpt lat="-39.7790056" lon="-71.6994917">
        <ele>961</ele>
      </trkpt>
      <trkpt lat="-39.7790015" lon="-71.6994569">
        <ele>961.8</ele>
      </trkpt>
      <trkpt lat="-39.7790036" lon="-71.699422">
        <ele>962.8</ele>
      </trkpt>
      <trkpt lat="-39.7790139" lon="-71.6993925">
        <ele>963.8</ele>
      </trkpt>
      <trkpt lat="-39.7790283" lon="-71.6993657">
        <ele>964.8</ele>
      </trkpt>
      <trkpt lat="-39.7790469" lon="-71.6993496">
        <ele>965.5</ele>
      </trkpt>
      <trkpt lat="-39.7790695" lon="-71.6993389">
        <ele>966.2</ele>
      </trkpt>
      <trkpt lat="-39.7791211" lon="-71.6993281">
        <ele>967.5</ele>
      </trkpt>
      <trkpt lat="-39.779488" lon="-71.6993067">
        <ele>973.5</ele>
      </trkpt>
      <trkpt lat="-39.7797518" lon="-71.6992959">
        <ele>979</ele>
      </trkpt>
      <trkpt lat="-39.7800095" lon="-71.6992852">
        <ele>983.2</ele>
      </trkpt>
      <trkpt lat="-39.7801991" lon="-71.6992584">
        <ele>985.2</ele>
      </trkpt>
      <trkpt lat="-39.7802507" lon="-71.6992477">
        <ele>985.8</ele>
      </trkpt>
      <trkpt lat="-39.7803022" lon="-71.6992316">
        <ele>986.5</ele>
      </trkpt>
      <trkpt lat="-39.7803517" lon="-71.6992047">
        <ele>987.5</ele>
      </trkpt>
      <trkpt lat="-39.780397" lon="-71.6991699">
        <ele>988.5</ele>
      </trkpt>
      <trkpt lat="-39.7804382" lon="-71.699127">
        <ele>989.5</ele>
      </trkpt>
      <trkpt lat="-39.7804754" lon="-71.6990787">
        <ele>990.5</ele>
      </trkpt>
      <trkpt lat="-39.7805063" lon="-71.6990277">
        <ele>991.5</ele>
      </trkpt>
      <trkpt lat="-39.780531" lon="-71.6989714">
        <ele>992.5</ele>
      </trkpt>
      <trkpt lat="-39.7805496" lon="-71.6989124">
        <ele>993.5</ele>
      </trkpt>
      <trkpt lat="-39.780564" lon="-71.6988507">
        <ele>994.5</ele>
      </trkpt>
      <trkpt lat="-39.7805722" lon="-71.6987863">
        <ele>995</ele>
      </trkpt>
      <trkpt lat="-39.780566" lon="-71.6985959">
        <ele>996.2</ele>
      </trkpt>
      <trkpt lat="-39.7805289" lon="-71.6983518">
        <ele>998.5</ele>
      </trkpt>
      <trkpt lat="-39.7805166" lon="-71.6982928">
        <ele>999.2</ele>
      </trkpt>
      <trkpt lat="-39.7805104" lon="-71.6982311">
        <ele>1000</ele>
      </trkpt>
      <trkpt lat="-39.7805104" lon="-71.6981694">
        <ele>1001</ele>
      </trkpt>
      <trkpt lat="-39.7805166" lon="-71.6981077">
        <ele>1002</ele>
      </trkpt>
      <trkpt lat="-39.7805289" lon="-71.6980487">
        <ele>1003</ele>
      </trkpt>
      <trkpt lat="-39.7805475" lon="-71.6979897">
        <ele>1004.2</ele>
      </trkpt>
      <trkpt lat="-39.7805722" lon="-71.6979334">
        <ele>1005.2</ele>
      </trkpt>
      <trkpt lat="-39.7806031" lon="-71.6978824">
        <ele>1006.2</ele>
      </trkpt>
      <trkpt lat="-39.7806382" lon="-71.6978368">
        <ele>1007.2</ele>
      </trkpt>
      <trkpt lat="-39.7807598" lon="-71.6977134">
        <ele>1009.8</ele>
      </trkpt>
      <trkpt lat="-39.7809865" lon="-71.6975176">
        <ele>1013.2</ele>
      </trkpt>
      <trkpt lat="-39.7812298" lon="-71.6973218">
        <ele>1018</ele>
      </trkpt>
      <trkpt lat="-39.7816255" lon="-71.697008">
        <ele>1026</ele>
      </trkpt>
      <trkpt lat="-39.7816894" lon="-71.696949">
        <ele>1027.2</ele>
      </trkpt>
      <trkpt lat="-39.7817575" lon="-71.6968954">
        <ele>1028.5</ele>
      </trkpt>
      <trkpt lat="-39.7818275" lon="-71.6968498">
        <ele>1029.8</ele>
      </trkpt>
      <trkpt lat="-39.781912" lon="-71.6968042">
        <ele>1031.2</ele>
      </trkpt>
      <trkpt lat="-39.7820007" lon="-71.6967693">
        <ele>1032.8</ele>
      </trkpt>
      <trkpt lat="-39.7820914" lon="-71.6967452">
        <ele>1034.2</ele>
      </trkpt>
      <trkpt lat="-39.7824397" lon="-71.6966486">
        <ele>1039.8</ele>
      </trkpt>
      <trkpt lat="-39.7828375" lon="-71.6965681">
        <ele>1045.8</ele>
      </trkpt>
      <trkpt lat="-39.7830684" lon="-71.6965038">
        <ele>1050</ele>
      </trkpt>
      <trkpt lat="-39.783155" lon="-71.6964769">
        <ele>1051.8</ele>
      </trkpt>
      <trkpt lat="-39.7832395" lon="-71.6964394">
        <ele>1053.5</ele>
      </trkpt>
      <trkpt lat="-39.7833199" lon="-71.6963911">
        <ele>1055.2</ele>
      </trkpt>
      <trkpt lat="-39.7833961" lon="-71.6963321">
        <ele>1056.8</ele>
      </trkpt>
      <trkpt lat="-39.7834683" lon="-71.696265">
        <ele>1058</ele>
      </trkpt>
      <trkpt lat="-39.7835342" lon="-71.6961873">
        <ele>1059.2</ele>
      </trkpt>
      <trkpt lat="-39.7835899" lon="-71.6961095">
        <ele>1060.2</ele>
      </trkpt>
      <trkpt lat="-39.7836373" lon="-71.6960263">
        <ele>1061.2</ele>
      </trkpt>
      <trkpt lat="-39.7836806" lon="-71.6959351">
        <ele>1062.2</ele>
      </trkpt>
      <trkpt lat="-39.7837156" lon="-71.6958413">
        <ele>1063.2</ele>
      </trkpt>
      <trkpt lat="-39.7837465" lon="-71.695742">
        <ele>1064.2</ele>
      </trkpt>
      <trkpt lat="-39.7837671" lon="-71.6956401">
        <ele>1065.2</ele>
      </trkpt>
      <trkpt lat="-39.7837774" lon="-71.6954121">
        <ele>1066.8</ele>
      </trkpt>
      <trkpt lat="-39.7837774" lon="-71.6952431">
        <ele>1067.8</ele>
      </trkpt>
      <trkpt lat="-39.7837754" lon="-71.6951627">
        <ele>1068.5</ele>
      </trkpt>
      <trkpt lat="-39.7837651" lon="-71.6951036">
        <ele>1069</ele>
      </trkpt>
      <trkpt lat="-39.7837403" lon="-71.6950554">
        <ele>1069.2</ele>
      </trkpt>
      <trkpt lat="-39.7837094" lon="-71.6950259">
        <ele>1069.2</ele>
      </trkpt>
      <trkpt lat="-39.78366" lon="-71.6950071">
        <ele>1069.1</ele>
      </trkpt>
      <trkpt lat="-39.7836022" lon="-71.6950098">
        <ele>1069</ele>
      </trkpt>
      <trkpt lat="-39.7835322" lon="-71.6950232">
        <ele>1068.8</ele>
      </trkpt>
      <trkpt lat="-39.7833199" lon="-71.6950902">
        <ele>1068.2</ele>
      </trkpt>
      <trkpt lat="-39.783256" lon="-71.6950983">
        <ele>1068.4</ele>
      </trkpt>
      <trkpt lat="-39.7832312" lon="-71.6950876">
        <ele>1068.5</ele>
      </trkpt>
      <trkpt lat="-39.7832106" lon="-71.6950607">
        <ele>1069</ele>
      </trkpt>
      <trkpt lat="-39.7832024" lon="-71.6950178">
        <ele>1069.5</ele>
      </trkpt>
      <trkpt lat="-39.7832086" lon="-71.6949776">
        <ele>1070</ele>
      </trkpt>
      <trkpt lat="-39.7832354" lon="-71.6949266">
        <ele>1070.5</ele>
      </trkpt>
      <trkpt lat="-39.7833302" lon="-71.6947362">
        <ele>1073</ele>
      </trkpt>
      <trkpt lat="-39.78346" lon="-71.6944787">
        <ele>1075.2</ele>
      </trkpt>
      <trkpt lat="-39.7835548" lon="-71.6942614">
        <ele>1077.2</ele>
      </trkpt>
      <trkpt lat="-39.7836826" lon="-71.6939315">
        <ele>1081.5</ele>
      </trkpt>
      <trkpt lat="-39.7838187" lon="-71.6935641">
        <ele>1087.8</ele>
      </trkpt>
      <trkpt lat="-39.783862" lon="-71.6934031">
        <ele>1089.5</ele>
      </trkpt>
      <trkpt lat="-39.783897" lon="-71.6932073">
        <ele>1091.5</ele>
      </trkpt>
      <trkpt lat="-39.7839506" lon="-71.6929203">
        <ele>1094.5</ele>
      </trkpt>
      <trkpt lat="-39.7839671" lon="-71.6927701">
        <ele>1096</ele>
      </trkpt>
      <trkpt lat="-39.7839794" lon="-71.6925743">
        <ele>1098</ele>
      </trkpt>
      <trkpt lat="-39.7839856" lon="-71.6925019">
        <ele>1098.8</ele>
      </trkpt>
      <trkpt lat="-39.7840083" lon="-71.6923892">
        <ele>1099.8</ele>
      </trkpt>
      <trkpt lat="-39.7840392" lon="-71.6922954">
        <ele>1100.5</ele>
      </trkpt>
      <trkpt lat="-39.7840846" lon="-71.6921854">
        <ele>1101.2</ele>
      </trkpt>
      <trkpt lat="-39.7841382" lon="-71.6920996">
        <ele>1101.8</ele>
      </trkpt>
      <trkpt lat="-39.7842556" lon="-71.6918716">
        <ele>1103.2</ele>
      </trkpt>
      <trkpt lat="-39.7849441" lon="-71.6907102">
        <ele>1110.2</ele>
      </trkpt>
      <trkpt lat="-39.7850966" lon="-71.6904849">
        <ele>1112.5</ele>
      </trkpt>
      <trkpt lat="-39.7856098" lon="-71.6897821">
        <ele>1117.8</ele>
      </trkpt>
      <trkpt lat="-39.7860859" lon="-71.6891545">
        <ele>1119.8</ele>
      </trkpt>
      <trkpt lat="-39.7864116" lon="-71.6887414">
        <ele>1119.5</ele>
      </trkpt>
      <trkpt lat="-39.786527" lon="-71.6885912">
        <ele>1119.2</ele>
      </trkpt>
      <trkpt lat="-39.7866362" lon="-71.688433">
        <ele>1118.8</ele>
      </trkpt>
      <trkpt lat="-39.7867393" lon="-71.6882667">
        <ele>1119</ele>
      </trkpt>
      <trkpt lat="-39.7868341" lon="-71.688095">
        <ele>1120</ele>
      </trkpt>
      <trkpt lat="-39.7869227" lon="-71.6879207">
        <ele>1121.2</ele>
      </trkpt>
      <trkpt lat="-39.7870031" lon="-71.6877383">
        <ele>1122.8</ele>
      </trkpt>
      <trkpt lat="-39.7870773" lon="-71.6875505">
        <ele>1123.2</ele>
      </trkpt>
      <trkpt lat="-39.7871433" lon="-71.6873574">
        <ele>1124.5</ele>
      </trkpt>
      <trkpt lat="-39.787203" lon="-71.6871616">
        <ele>1126.5</ele>
      </trkpt>
      <trkpt lat="-39.7874153" lon="-71.6865179">
        <ele>1128.2</ele>
      </trkpt>
      <trkpt lat="-39.7874834" lon="-71.6862336">
        <ele>1128.8</ele>
      </trkpt>
      <trkpt lat="-39.7875411" lon="-71.6859493">
        <ele>1130.2</ele>
      </trkpt>
      <trkpt lat="-39.7876462" lon="-71.6855738">
        <ele>1131.8</ele>
      </trkpt>
      <trkpt lat="-39.7877121" lon="-71.6853672">
        <ele>1132.8</ele>
      </trkpt>
      <trkpt lat="-39.7877863" lon="-71.6852009">
        <ele>1133.5</ele>
      </trkpt>
      <trkpt lat="-39.7879471" lon="-71.6849005">
        <ele>1135</ele>
      </trkpt>
      <trkpt lat="-39.7880708" lon="-71.6846913">
        <ele>1136</ele>
      </trkpt>
      <trkpt lat="-39.7881882" lon="-71.6845223">
        <ele>1136.2</ele>
      </trkpt>
      <trkpt lat="-39.7884129" lon="-71.6842192">
        <ele>1135</ele>
      </trkpt>
      <trkpt lat="-39.7885922" lon="-71.6839859">
        <ele>1133.2</ele>
      </trkpt>
      <trkpt lat="-39.7887509" lon="-71.6837928">
        <ele>1131.5</ele>
      </trkpt>
      <trkpt lat="-39.7887859" lon="-71.6837391">
        <ele>1131.2</ele>
      </trkpt>
      <trkpt lat="-39.7888169" lon="-71.6836828">
        <ele>1131</ele>
      </trkpt>
      <trkpt lat="-39.7888478" lon="-71.6836104">
        <ele>1130.8</ele>
      </trkpt>
      <trkpt lat="-39.7888725" lon="-71.6835326">
        <ele>1130.8</ele>
      </trkpt>
      <trkpt lat="-39.788889" lon="-71.6834521">
        <ele>1130.9</ele>
      </trkpt>
      <trkpt lat="-39.7888972" lon="-71.683369">
        <ele>1131</ele>
      </trkpt>
      <trkpt lat="-39.7889158" lon="-71.6830364">
        <ele>1133</ele>
      </trkpt>
      <trkpt lat="-39.7889261" lon="-71.6825482">
        <ele>1135.5</ele>
      </trkpt>
      <trkpt lat="-39.788924" lon="-71.6822317">
        <ele>1137</ele>
      </trkpt>
      <trkpt lat="-39.7889137" lon="-71.6819394">
        <ele>1138.2</ele>
      </trkpt>
      <trkpt lat="-39.7888849" lon="-71.6815075">
        <ele>1139</ele>
      </trkpt>
      <trkpt lat="-39.7888663" lon="-71.6812795">
        <ele>1138</ele>
      </trkpt>
      <trkpt lat="-39.7888654" lon="-71.681267">
        <ele>1138</ele>
      </trkpt>
      <trkpt lat="-39.7888654" lon="-71.681267">
        <ele>1138</ele>
      </trkpt>
      <trkpt lat="-39.7888643" lon="-71.68125">
        <ele>1138</ele>
      </trkpt>
      <trkpt lat="-39.7888601" lon="-71.6812232">
        <ele>1138</ele>
      </trkpt>
      <trkpt lat="-39.7886788" lon="-71.6802254">
        <ele>1138.8</ele>
      </trkpt>
      <trkpt lat="-39.7886643" lon="-71.6800672">
        <ele>1138.5</ele>
      </trkpt>
      <trkpt lat="-39.7886953" lon="-71.6780582">
        <ele>1134.5</ele>
      </trkpt>
      <trkpt lat="-39.7887159" lon="-71.6777498">
        <ele>1133.2</ele>
      </trkpt>
      <trkpt lat="-39.7887591" lon="-71.6774279">
        <ele>1133</ele>
      </trkpt>
      <trkpt lat="-39.7888684" lon="-71.6771275">
        <ele>1131</ele>
      </trkpt>
      <trkpt lat="-39.7889632" lon="-71.6769102">
        <ele>1128.5</ele>
      </trkpt>
      <trkpt lat="-39.7890312" lon="-71.6767144">
        <ele>1126.8</ele>
      </trkpt>
      <trkpt lat="-39.7890539" lon="-71.6764623">
        <ele>1125</ele>
      </trkpt>
      <trkpt lat="-39.7890972" lon="-71.6762182">
        <ele>1122.5</ele>
      </trkpt>
      <trkpt lat="-39.7891549" lon="-71.6760331">
        <ele>1120.5</ele>
      </trkpt>
      <trkpt lat="-39.7892249" lon="-71.6759044">
        <ele>1119.2</ele>
      </trkpt>
      <trkpt lat="-39.7894764" lon="-71.6755557">
        <ele>1116.2</ele>
      </trkpt>
      <trkpt lat="-39.789633" lon="-71.675266">
        <ele>1115</ele>
      </trkpt>
      <trkpt lat="-39.789767" lon="-71.6749308">
        <ele>1113</ele>
      </trkpt>
      <trkpt lat="-39.7899772" lon="-71.6743621">
        <ele>1106.2</ele>
      </trkpt>
      <trkpt lat="-39.7900452" lon="-71.674228">
        <ele>1105</ele>
      </trkpt>
      <trkpt lat="-39.7901256" lon="-71.6741422">
        <ele>1104</ele>
      </trkpt>
      <trkpt lat="-39.7902925" lon="-71.6739598">
        <ele>1102.2</ele>
      </trkpt>
      <trkpt lat="-39.7903709" lon="-71.673874">
        <ele>1101.8</ele>
      </trkpt>
      <trkpt lat="-39.7904492" lon="-71.6737425">
        <ele>1101.2</ele>
      </trkpt>
      <trkpt lat="-39.7907501" lon="-71.6728145">
        <ele>1100</ele>
      </trkpt>
      <trkpt lat="-39.7907934" lon="-71.6726187">
        <ele>1100.5</ele>
      </trkpt>
      <trkpt lat="-39.7908119" lon="-71.6723907">
        <ele>1100.8</ele>
      </trkpt>
      <trkpt lat="-39.7908346" lon="-71.6713902">
        <ele>1104.8</ele>
      </trkpt>
      <trkpt lat="-39.7908366" lon="-71.6708055">
        <ele>1110</ele>
      </trkpt>
      <trkpt lat="-39.7908428" lon="-71.6702154">
        <ele>1112.2</ele>
      </trkpt>
      <trkpt lat="-39.7908593" lon="-71.6697299">
        <ele>1112</ele>
      </trkpt>
      <trkpt lat="-39.7908964" lon="-71.6692472">
        <ele>1111</ele>
      </trkpt>
      <trkpt lat="-39.7909459" lon="-71.6688797">
        <ele>1108.8</ele>
      </trkpt>
      <trkpt lat="-39.7909747" lon="-71.6687161">
        <ele>1107.8</ele>
      </trkpt>
      <trkpt lat="-39.7910159" lon="-71.6685498">
        <ele>1107.2</ele>
      </trkpt>
      <trkpt lat="-39.7912323" lon="-71.668008">
        <ele>1108.2</ele>
      </trkpt>
      <trkpt lat="-39.791356" lon="-71.6677317">
        <ele>1108.5</ele>
      </trkpt>
      <trkpt lat="-39.7914467" lon="-71.667619">
        <ele>1110.2</ele>
      </trkpt>
      <trkpt lat="-39.7916816" lon="-71.6674045">
        <ele>1115.5</ele>
      </trkpt>
      <trkpt lat="-39.7917888" lon="-71.6673025">
        <ele>1117.5</ele>
      </trkpt>
      <trkpt lat="-39.7918939" lon="-71.6671604">
        <ele>1119.2</ele>
      </trkpt>
      <trkpt lat="-39.7921392" lon="-71.6667205">
        <ele>1125.2</ele>
      </trkpt>
      <trkpt lat="-39.7924586" lon="-71.6659534">
        <ele>1131.2</ele>
      </trkpt>
      <trkpt lat="-39.7925287" lon="-71.6658676">
        <ele>1133.8</ele>
      </trkpt>
      <trkpt lat="-39.7926049" lon="-71.6658059">
        <ele>1137</ele>
      </trkpt>
      <trkpt lat="-39.7926668" lon="-71.6657254">
        <ele>1139.5</ele>
      </trkpt>
      <trkpt lat="-39.7926812" lon="-71.665602">
        <ele>1139</ele>
      </trkpt>
      <trkpt lat="-39.7926523" lon="-71.665417">
        <ele>1135.2</ele>
      </trkpt>
      <trkpt lat="-39.7926564" lon="-71.6653258">
        <ele>1134.2</ele>
      </trkpt>
      <trkpt lat="-39.7926688" lon="-71.6652158">
        <ele>1133.8</ele>
      </trkpt>
      <trkpt lat="-39.7927224" lon="-71.665028">
        <ele>1134.5</ele>
      </trkpt>
      <trkpt lat="-39.7928151" lon="-71.6646525">
        <ele>1135.2</ele>
      </trkpt>
      <trkpt lat="-39.7929965" lon="-71.6641536">
        <ele>1138.2</ele>
      </trkpt>
      <trkpt lat="-39.7938147" lon="-71.6620481">
        <ele>1140.5</ele>
      </trkpt>
      <trkpt lat="-39.7940599" lon="-71.6616082">
        <ele>1142.2</ele>
      </trkpt>
      <trkpt lat="-39.7943876" lon="-71.6609511">
        <ele>1140.2</ele>
      </trkpt>
      <trkpt lat="-39.7950718" lon="-71.6593418">
        <ele>1143.2</ele>
      </trkpt>
      <trkpt lat="-39.7952016" lon="-71.6590601">
        <ele>1144.8</ele>
      </trkpt>
      <trkpt lat="-39.7953541" lon="-71.6587704">
        <ele>1146.5</ele>
      </trkpt>
      <trkpt lat="-39.7956653" lon="-71.6582099">
        <ele>1150.2</ele>
      </trkpt>
      <trkpt lat="-39.7959641" lon="-71.6575661">
        <ele>1150</ele>
      </trkpt>
      <trkpt lat="-39.7960651" lon="-71.6572362">
        <ele>1147.8</ele>
      </trkpt>
      <trkpt lat="-39.7961537" lon="-71.6567963">
        <ele>1143.8</ele>
      </trkpt>
      <trkpt lat="-39.7962856" lon="-71.6562358">
        <ele>1142.2</ele>
      </trkpt>
      <trkpt lat="-39.7963248" lon="-71.6558576">
        <ele>1140.5</ele>
      </trkpt>
      <trkpt lat="-39.7963681" lon="-71.6554418">
        <ele>1138.8</ele>
      </trkpt>
      <trkpt lat="-39.796469" lon="-71.6549242">
        <ele>1138.2</ele>
      </trkpt>
      <trkpt lat="-39.7965556" lon="-71.654546">
        <ele>1137.2</ele>
      </trkpt>
      <trkpt lat="-39.7966133" lon="-71.6543797">
        <ele>1137.4</ele>
      </trkpt>
      <trkpt lat="-39.7969492" lon="-71.653752">
        <ele>1138</ele>
      </trkpt>
      <trkpt lat="-39.7972501" lon="-71.6531512">
        <ele>1137.8</ele>
      </trkpt>
      <trkpt lat="-39.7973572" lon="-71.6529822">
        <ele>1137.9</ele>
      </trkpt>
      <trkpt lat="-39.7974747" lon="-71.6528749">
        <ele>1138</ele>
      </trkpt>
      <trkpt lat="-39.7977715" lon="-71.6526496">
        <ele>1137</ele>
      </trkpt>
      <trkpt lat="-39.7978662" lon="-71.6525584">
        <ele>1136.8</ele>
      </trkpt>
      <trkpt lat="-39.7980229" lon="-71.6523358">
        <ele>1136</ele>
      </trkpt>
      <trkpt lat="-39.7981362" lon="-71.6522044">
        <ele>1135.8</ele>
      </trkpt>
      <trkpt lat="-39.798231" lon="-71.6521212">
        <ele>1135.2</ele>
      </trkpt>
      <trkpt lat="-39.7984783" lon="-71.6519469">
        <ele>1133.8</ele>
      </trkpt>
      <trkpt lat="-39.7990656" lon="-71.6515473">
        <ele>1128</ele>
      </trkpt>
      <trkpt lat="-39.7992593" lon="-71.651389">
        <ele>1126</ele>
      </trkpt>
      <trkpt lat="-39.7993665" lon="-71.6513193">
        <ele>1124.5</ele>
      </trkpt>
      <trkpt lat="-39.7996323" lon="-71.6511825">
        <ele>1120.5</ele>
      </trkpt>
      <trkpt lat="-39.7996962" lon="-71.6511396">
        <ele>1119.5</ele>
      </trkpt>
      <trkpt lat="-39.8000486" lon="-71.6505012">
        <ele>1120.2</ele>
      </trkpt>
      <trkpt lat="-39.8002258" lon="-71.650241">
        <ele>1120.5</ele>
      </trkpt>
      <trkpt lat="-39.8002979" lon="-71.6500586">
        <ele>1121.8</ele>
      </trkpt>
      <trkpt lat="-39.8003371" lon="-71.6499728">
        <ele>1122</ele>
      </trkpt>
      <trkpt lat="-39.8003783" lon="-71.6499138">
        <ele>1121.1</ele>
      </trkpt>
      <trkpt lat="-39.8004401" lon="-71.6499245">
        <ele>1120.2</ele>
      </trkpt>
      <trkpt lat="-39.8004999" lon="-71.6499996">
        <ele>1117.5</ele>
      </trkpt>
      <trkpt lat="-39.8005782" lon="-71.6500345">
        <ele>1115</ele>
      </trkpt>
      <trkpt lat="-39.8008048" lon="-71.6499647">
        <ele>1111.2</ele>
      </trkpt>
      <trkpt lat="-39.8009058" lon="-71.6499621">
        <ele>1109</ele>
      </trkpt>
      <trkpt lat="-39.8010954" lon="-71.6500479">
        <ele>1103.2</ele>
      </trkpt>
      <trkpt lat="-39.8012108" lon="-71.6500828">
        <ele>1100.2</ele>
      </trkpt>
      <trkpt lat="-39.8013612" lon="-71.6500801">
        <ele>1097.2</ele>
      </trkpt>
      <trkpt lat="-39.8015405" lon="-71.6500774">
        <ele>1094</ele>
      </trkpt>
      <trkpt lat="-39.8016373" lon="-71.6501096">
        <ele>1091.5</ele>
      </trkpt>
      <trkpt lat="-39.8016724" lon="-71.6501284">
        <ele>1090.5</ele>
      </trkpt>
      <trkpt lat="-39.8017218" lon="-71.6501874">
        <ele>1088.5</ele>
      </trkpt>
      <trkpt lat="-39.8017095" lon="-71.6502732">
        <ele>1087</ele>
      </trkpt>
      <trkpt lat="-39.8016394" lon="-71.6503698">
        <ele>1086.5</ele>
      </trkpt>
      <trkpt lat="-39.8015632" lon="-71.6504341">
        <ele>1086.8</ele>
      </trkpt>
      <trkpt lat="-39.8015178" lon="-71.6505226">
        <ele>1086</ele>
      </trkpt>
      <trkpt lat="-39.8015034" lon="-71.6506621">
        <ele>1083.5</ele>
      </trkpt>
      <trkpt lat="-39.801559" lon="-71.6508016">
        <ele>1080.2</ele>
      </trkpt>
      <trkpt lat="-39.8016394" lon="-71.6508767">
        <ele>1078</ele>
      </trkpt>
      <trkpt lat="-39.8017259" lon="-71.6509223">
        <ele>1076</ele>
      </trkpt>
      <trkpt lat="-39.8018661" lon="-71.6509491">
        <ele>1073.5</ele>
      </trkpt>
      <trkpt lat="-39.8020721" lon="-71.6509089">
        <ele>1070.2</ele>
      </trkpt>
      <trkpt lat="-39.8024637" lon="-71.6507855">
        <ele>1065</ele>
      </trkpt>
      <trkpt lat="-39.802882" lon="-71.6505817">
        <ele>1061.5</ele>
      </trkpt>
      <trkpt lat="-39.8030963" lon="-71.6504475">
        <ele>1060</ele>
      </trkpt>
      <trkpt lat="-39.803191" lon="-71.650359">
        <ele>1060.2</ele>
      </trkpt>
      <trkpt lat="-39.8032776" lon="-71.6502303">
        <ele>1061.5</ele>
      </trkpt>
      <trkpt lat="-39.8033312" lon="-71.650182">
        <ele>1061.1</ele>
      </trkpt>
      <trkpt lat="-39.8033971" lon="-71.6501606">
        <ele>1060.8</ele>
      </trkpt>
      <trkpt lat="-39.8036815" lon="-71.6502196">
        <ele>1054.5</ele>
      </trkpt>
      <trkpt lat="-39.803803" lon="-71.6502705">
        <ele>1051.2</ele>
      </trkpt>
      <trkpt lat="-39.8051816" lon="-71.6509089">
        <ele>1037.8</ele>
      </trkpt>
      <trkpt lat="-39.8052475" lon="-71.6509196">
        <ele>1038</ele>
      </trkpt>
      <trkpt lat="-39.8053134" lon="-71.6509169">
        <ele>1037.9</ele>
      </trkpt>
      <trkpt lat="-39.8055133" lon="-71.6508633">
        <ele>1037.8</ele>
      </trkpt>
      <trkpt lat="-39.8057317" lon="-71.6507855">
        <ele>1037.8</ele>
      </trkpt>
      <trkpt lat="-39.8058533" lon="-71.6507506">
        <ele>1037.8</ele>
      </trkpt>
      <trkpt lat="-39.8066857" lon="-71.6506487">
        <ele>1038</ele>
      </trkpt>
      <trkpt lat="-39.8068423" lon="-71.6506138">
        <ele>1037.8</ele>
      </trkpt>
      <trkpt lat="-39.8076542" lon="-71.6503">
        <ele>1031.5</ele>
      </trkpt>
      <trkpt lat="-39.8082105" lon="-71.650115">
        <ele>1026.2</ele>
      </trkpt>
      <trkpt lat="-39.8083094" lon="-71.6501069">
        <ele>1025.5</ele>
      </trkpt>
      <trkpt lat="-39.8085546" lon="-71.6501015">
        <ele>1023.5</ele>
      </trkpt>
      <trkpt lat="-39.8086658" lon="-71.6500586">
        <ele>1022.5</ele>
      </trkpt>
      <trkpt lat="-39.8087977" lon="-71.6499862">
        <ele>1021.8</ele>
      </trkpt>
      <trkpt lat="-39.8090326" lon="-71.649828">
        <ele>1020</ele>
      </trkpt>
      <trkpt lat="-39.8091047" lon="-71.6497904">
        <ele>1019.5</ele>
      </trkpt>
      <trkpt lat="-39.8091748" lon="-71.6497931">
        <ele>1019.2</ele>
      </trkpt>
      <trkpt lat="-39.8094426" lon="-71.6499326">
        <ele>1021.5</ele>
      </trkpt>
      <trkpt lat="-39.8095457" lon="-71.6499782">
        <ele>1023</ele>
      </trkpt>
      <trkpt lat="-39.8096136" lon="-71.6499594">
        <ele>1023.5</ele>
      </trkpt>
      <trkpt lat="-39.8096858" lon="-71.6498253">
        <ele>1022</ele>
      </trkpt>
      <trkpt lat="-39.8097558" lon="-71.6497314">
        <ele>1021</ele>
      </trkpt>
      <trkpt lat="-39.8100175" lon="-71.6495007">
        <ele>1018.5</ele>
      </trkpt>
      <trkpt lat="-39.8117276" lon="-71.647945">
        <ele>1015.2</ele>
      </trkpt>
      <trkpt lat="-39.8118265" lon="-71.6478351">
        <ele>1014.2</ele>
      </trkpt>
      <trkpt lat="-39.8119254" lon="-71.6476983">
        <ele>1013.2</ele>
      </trkpt>
      <trkpt lat="-39.8122241" lon="-71.6472235">
        <ele>1011.5</ele>
      </trkpt>
      <trkpt lat="-39.8123436" lon="-71.6470706">
        <ele>1010.5</ele>
      </trkpt>
      <trkpt lat="-39.8124631" lon="-71.6469848">
        <ele>1010</ele>
      </trkpt>
      <trkpt lat="-39.8131121" lon="-71.6465181">
        <ele>1005.8</ele>
      </trkpt>
      <trkpt lat="-39.8132811" lon="-71.6463599">
        <ele>1003.5</ele>
      </trkpt>
      <trkpt lat="-39.8133903" lon="-71.6462311">
        <ele>1001.8</ele>
      </trkpt>
      <trkpt lat="-39.8135613" lon="-71.645987">
        <ele>999</ele>
      </trkpt>
      <trkpt lat="-39.8137591" lon="-71.6457644">
        <ele>995.5</ele>
      </trkpt>
      <trkpt lat="-39.8139074" lon="-71.6456786">
        <ele>993.5</ele>
      </trkpt>
      <trkpt lat="-39.8140413" lon="-71.6456357">
        <ele>992.2</ele>
      </trkpt>
      <trkpt lat="-39.8145049" lon="-71.6456008">
        <ele>990.2</ele>
      </trkpt>
      <trkpt lat="-39.8146203" lon="-71.6455445">
        <ele>988.5</ele>
      </trkpt>
      <trkpt lat="-39.8147068" lon="-71.6454613">
        <ele>986.2</ele>
      </trkpt>
      <trkpt lat="-39.8147542" lon="-71.6453353">
        <ele>983</ele>
      </trkpt>
      <trkpt lat="-39.8148366" lon="-71.6451931">
        <ele>979.2</ele>
      </trkpt>
      <trkpt lat="-39.8150179" lon="-71.645008">
        <ele>974.5</ele>
      </trkpt>
      <trkpt lat="-39.8153352" lon="-71.6448256">
        <ele>970.8</ele>
      </trkpt>
      <trkpt lat="-39.8156133" lon="-71.6447103">
        <ele>970.2</ele>
      </trkpt>
      <trkpt lat="-39.8158399" lon="-71.644654">
        <ele>970.8</ele>
      </trkpt>
      <trkpt lat="-39.8162643" lon="-71.6446003">
        <ele>975</ele>
      </trkpt>
      <trkpt lat="-39.8163179" lon="-71.6445681">
        <ele>974.8</ele>
      </trkpt>
      <trkpt lat="-39.8163694" lon="-71.6445145">
        <ele>974.2</ele>
      </trkpt>
      <trkpt lat="-39.8164312" lon="-71.6443509">
        <ele>971.5</ele>
      </trkpt>
      <trkpt lat="-39.8165363" lon="-71.6441229">
        <ele>969</ele>
      </trkpt>
      <trkpt lat="-39.8166599" lon="-71.6439646">
        <ele>967.5</ele>
      </trkpt>
      <trkpt lat="-39.8167856" lon="-71.6438547">
        <ele>966.5</ele>
      </trkpt>
      <trkpt lat="-39.816903" lon="-71.6437769">
        <ele>966.2</ele>
      </trkpt>
      <trkpt lat="-39.8170431" lon="-71.6437232">
        <ele>966.5</ele>
      </trkpt>
      <trkpt lat="-39.8172285" lon="-71.6437098">
        <ele>967.5</ele>
      </trkpt>
      <trkpt lat="-39.8176179" lon="-71.6437206">
        <ele>970.5</ele>
      </trkpt>
      <trkpt lat="-39.8178095" lon="-71.6436562">
        <ele>971.2</ele>
      </trkpt>
      <trkpt lat="-39.8179393" lon="-71.6435596">
        <ele>971.8</ele>
      </trkpt>
      <trkpt lat="-39.8180237" lon="-71.6433853">
        <ele>970.5</ele>
      </trkpt>
      <trkpt lat="-39.8180979" lon="-71.64316">
        <ele>968.8</ele>
      </trkpt>
      <trkpt lat="-39.8181679" lon="-71.6428944">
        <ele>967.5</ele>
      </trkpt>
      <trkpt lat="-39.8182606" lon="-71.642637">
        <ele>967.2</ele>
      </trkpt>
      <trkpt lat="-39.8183472" lon="-71.6425055">
        <ele>967.8</ele>
      </trkpt>
      <trkpt lat="-39.8188292" lon="-71.6421032">
        <ele>975.8</ele>
      </trkpt>
      <trkpt lat="-39.8190394" lon="-71.6419744">
        <ele>978.8</ele>
      </trkpt>
      <trkpt lat="-39.8191547" lon="-71.6419315">
        <ele>980.2</ele>
      </trkpt>
      <trkpt lat="-39.8192701" lon="-71.6419128">
        <ele>981.2</ele>
      </trkpt>
      <trkpt lat="-39.81961" lon="-71.6418913">
        <ele>981.5</ele>
      </trkpt>
      <trkpt lat="-39.82009" lon="-71.6418242">
        <ele>976.8</ele>
      </trkpt>
      <trkpt lat="-39.8202116" lon="-71.6417599">
        <ele>974.5</ele>
      </trkpt>
      <trkpt lat="-39.8202693" lon="-71.6416821">
        <ele>973.5</ele>
      </trkpt>
      <trkpt lat="-39.8203475" lon="-71.6415024">
        <ele>972.5</ele>
      </trkpt>
      <trkpt lat="-39.8203908" lon="-71.6413361">
        <ele>972.2</ele>
      </trkpt>
      <trkpt lat="-39.8204135" lon="-71.641143">
        <ele>973</ele>
      </trkpt>
      <trkpt lat="-39.8204258" lon="-71.6408828">
        <ele>975.2</ele>
      </trkpt>
      <trkpt lat="-39.8204505" lon="-71.640636">
        <ele>976.8</ele>
      </trkpt>
      <trkpt lat="-39.8204897" lon="-71.6404885">
        <ele>976.9</ele>
      </trkpt>
      <trkpt lat="-39.8205371" lon="-71.6403544">
        <ele>977</ele>
      </trkpt>
      <trkpt lat="-39.8207184" lon="-71.6399494">
        <ele>975.2</ele>
      </trkpt>
      <trkpt lat="-39.8207905" lon="-71.6398823">
        <ele>973.8</ele>
      </trkpt>
      <trkpt lat="-39.8208687" lon="-71.6398796">
        <ele>971.5</ele>
      </trkpt>
      <trkpt lat="-39.8209058" lon="-71.6399655">
        <ele>969.8</ele>
      </trkpt>
      <trkpt lat="-39.8209017" lon="-71.6400754">
        <ele>969.2</ele>
      </trkpt>
      <trkpt lat="-39.820879" lon="-71.6401827">
        <ele>969</ele>
      </trkpt>
      <trkpt lat="-39.8207946" lon="-71.6403624">
        <ele>969.8</ele>
      </trkpt>
      <trkpt lat="-39.820739" lon="-71.6405207">
        <ele>969.5</ele>
      </trkpt>
      <trkpt lat="-39.8207245" lon="-71.6407916">
        <ele>967.5</ele>
      </trkpt>
      <trkpt lat="-39.8207781" lon="-71.6410652">
        <ele>963.5</ele>
      </trkpt>
      <trkpt lat="-39.8208749" lon="-71.6413575">
        <ele>958.8</ele>
      </trkpt>
      <trkpt lat="-39.8209223" lon="-71.6415104">
        <ele>956.8</ele>
      </trkpt>
      <trkpt lat="-39.8210933" lon="-71.6418886">
        <ele>950</ele>
      </trkpt>
      <trkpt lat="-39.8211118" lon="-71.6420576">
        <ele>948.8</ele>
      </trkpt>
      <trkpt lat="-39.8210953" lon="-71.6422561">
        <ele>948.2</ele>
      </trkpt>
      <trkpt lat="-39.8210953" lon="-71.6424921">
        <ele>947</ele>
      </trkpt>
      <trkpt lat="-39.8211036" lon="-71.6426101">
        <ele>946.8</ele>
      </trkpt>
      <trkpt lat="-39.821153" lon="-71.6426826">
        <ele>945.2</ele>
      </trkpt>
      <trkpt lat="-39.8212231" lon="-71.6427067">
        <ele>943</ele>
      </trkpt>
      <trkpt lat="-39.8213405" lon="-71.6426879">
        <ele>939.2</ele>
      </trkpt>
      <trkpt lat="-39.8214208" lon="-71.642637">
        <ele>936.8</ele>
      </trkpt>
      <trkpt lat="-39.8215506" lon="-71.6425323">
        <ele>932.8</ele>
      </trkpt>
      <trkpt lat="-39.8216433" lon="-71.6423929">
        <ele>930.5</ele>
      </trkpt>
      <trkpt lat="-39.8217237" lon="-71.6421515">
        <ele>930.2</ele>
      </trkpt>
      <trkpt lat="-39.8217422" lon="-71.6420254">
        <ele>930.8</ele>
      </trkpt>
      <trkpt lat="-39.8217134" lon="-71.6418833">
        <ele>931.5</ele>
      </trkpt>
      <trkpt lat="-39.821668" lon="-71.6416875">
        <ele>934</ele>
      </trkpt>
      <trkpt lat="-39.8216124" lon="-71.6414943">
        <ele>936.5</ele>
      </trkpt>
      <trkpt lat="-39.8215877" lon="-71.6413602">
        <ele>937.8</ele>
      </trkpt>
      <trkpt lat="-39.8215774" lon="-71.6411939">
        <ele>939.2</ele>
      </trkpt>
      <trkpt lat="-39.8216001" lon="-71.6410974">
        <ele>938.9</ele>
      </trkpt>
      <trkpt lat="-39.8216516" lon="-71.6410223">
        <ele>938.5</ele>
      </trkpt>
      <trkpt lat="-39.8216907" lon="-71.6410035">
        <ele>937.5</ele>
      </trkpt>
      <trkpt lat="-39.8217175" lon="-71.6410115">
        <ele>936.8</ele>
      </trkpt>
      <trkpt lat="-39.8217381" lon="-71.6410625">
        <ele>936</ele>
      </trkpt>
      <trkpt lat="-39.8217546" lon="-71.6411805">
        <ele>934.8</ele>
      </trkpt>
      <trkpt lat="-39.8217607" lon="-71.641497">
        <ele>933</ele>
      </trkpt>
      <trkpt lat="-39.8217649" lon="-71.6415426">
        <ele>932.8</ele>
      </trkpt>
      <trkpt lat="-39.8217752" lon="-71.6415855">
        <ele>932.2</ele>
      </trkpt>
      <trkpt lat="-39.8217916" lon="-71.6416258">
        <ele>931.5</ele>
      </trkpt>
      <trkpt lat="-39.8218143" lon="-71.6416606">
        <ele>930.8</ele>
      </trkpt>
      <trkpt lat="-39.821839" lon="-71.6416875">
        <ele>930</ele>
      </trkpt>
      <trkpt lat="-39.8218679" lon="-71.6417062">
        <ele>929.2</ele>
      </trkpt>
      <trkpt lat="-39.8219008" lon="-71.6417196">
        <ele>928.5</ele>
      </trkpt>
      <trkpt lat="-39.8219358" lon="-71.6417223">
        <ele>927.8</ele>
      </trkpt>
      <trkpt lat="-39.8219709" lon="-71.6417143">
        <ele>927</ele>
      </trkpt>
      <trkpt lat="-39.8220038" lon="-71.6416982">
        <ele>926.2</ele>
      </trkpt>
      <trkpt lat="-39.8220327" lon="-71.641674">
        <ele>925.8</ele>
      </trkpt>
      <trkpt lat="-39.8221377" lon="-71.6415372">
        <ele>924.3</ele>
      </trkpt>
      <trkpt lat="-39.8222242" lon="-71.6414031">
        <ele>923</ele>
      </trkpt>
      <trkpt lat="-39.8222778" lon="-71.6413227">
        <ele>922.8</ele>
      </trkpt>
      <trkpt lat="-39.8223046" lon="-71.6412851">
        <ele>922.5</ele>
      </trkpt>
      <trkpt lat="-39.8223376" lon="-71.6412395">
        <ele>922.2</ele>
      </trkpt>
      <trkpt lat="-39.8223746" lon="-71.6411993">
        <ele>922</ele>
      </trkpt>
      <trkpt lat="-39.8224158" lon="-71.6411617">
        <ele>921.8</ele>
      </trkpt>
      <trkpt lat="-39.8228546" lon="-71.6408131">
        <ele>918.8</ele>
      </trkpt>
      <trkpt lat="-39.8228835" lon="-71.6407943">
        <ele>918.5</ele>
      </trkpt>
      <trkpt lat="-39.8229102" lon="-71.6407782">
        <ele>918.2</ele>
      </trkpt>
      <trkpt lat="-39.8229391" lon="-71.6407675">
        <ele>918</ele>
      </trkpt>
      <trkpt lat="-39.822972" lon="-71.6407621">
        <ele>917.8</ele>
      </trkpt>
      <trkpt lat="-39.8230009" lon="-71.6407648">
        <ele>917.5</ele>
      </trkpt>
      <trkpt lat="-39.8230318" lon="-71.6407755">
        <ele>917.2</ele>
      </trkpt>
      <trkpt lat="-39.8230606" lon="-71.6407943">
        <ele>917</ele>
      </trkpt>
      <trkpt lat="-39.8230833" lon="-71.6408211">
        <ele>916.8</ele>
      </trkpt>
      <trkpt lat="-39.8230998" lon="-71.640856">
        <ele>916.7</ele>
      </trkpt>
      <trkpt lat="-39.8231595" lon="-71.6409874">
        <ele>916</ele>
      </trkpt>
      <trkpt lat="-39.8231904" lon="-71.6410464">
        <ele>916.1</ele>
      </trkpt>
      <trkpt lat="-39.8232192" lon="-71.6411">
        <ele>916.1</ele>
      </trkpt>
      <trkpt lat="-39.8232481" lon="-71.6411483">
        <ele>916.2</ele>
      </trkpt>
      <trkpt lat="-39.8232749" lon="-71.6411912">
        <ele>916.2</ele>
      </trkpt>
      <trkpt lat="-39.8233037" lon="-71.6412368">
        <ele>916.2</ele>
      </trkpt>
      <trkpt lat="-39.8233367" lon="-71.6412798">
        <ele>916.5</ele>
      </trkpt>
      <trkpt lat="-39.8233696" lon="-71.64132">
        <ele>917</ele>
      </trkpt>
      <trkpt lat="-39.8234005" lon="-71.6413549">
        <ele>917</ele>
      </trkpt>
      <trkpt lat="-39.8234376" lon="-71.6413924">
        <ele>917</ele>
      </trkpt>
      <trkpt lat="-39.8234747" lon="-71.6414273">
        <ele>917</ele>
      </trkpt>
      <trkpt lat="-39.8235138" lon="-71.6414568">
        <ele>917</ele>
      </trkpt>
      <trkpt lat="-39.823553" lon="-71.6414809">
        <ele>917</ele>
      </trkpt>
      <trkpt lat="-39.8235942" lon="-71.6415024">
        <ele>917</ele>
      </trkpt>
      <trkpt lat="-39.8236374" lon="-71.6415238">
        <ele>917</ele>
      </trkpt>
      <trkpt lat="-39.8244779" lon="-71.6418752">
        <ele>921</ele>
      </trkpt>
      <trkpt lat="-39.8245706" lon="-71.6419047">
        <ele>921.5</ele>
      </trkpt>
      <trkpt lat="-39.8246653" lon="-71.6419235">
        <ele>922</ele>
      </trkpt>
      <trkpt lat="-39.824758" lon="-71.6419315">
        <ele>922.5</ele>
      </trkpt>
      <trkpt lat="-39.8248466" lon="-71.6419289">
        <ele>922.8</ele>
      </trkpt>
      <trkpt lat="-39.8249352" lon="-71.6419181">
        <ele>923</ele>
      </trkpt>
      <trkpt lat="-39.8250238" lon="-71.6418993">
        <ele>923.2</ele>
      </trkpt>
      <trkpt lat="-39.8250835" lon="-71.6418698">
        <ele>923.2</ele>
      </trkpt>
      <trkpt lat="-39.8251433" lon="-71.6418323">
        <ele>923.2</ele>
      </trkpt>
      <trkpt lat="-39.8251989" lon="-71.6417921">
        <ele>923.1</ele>
      </trkpt>
      <trkpt lat="-39.8252689" lon="-71.6417277">
        <ele>923.1</ele>
      </trkpt>
      <trkpt lat="-39.8253328" lon="-71.6416526">
        <ele>923</ele>
      </trkpt>
      <trkpt lat="-39.8253904" lon="-71.6415721">
        <ele>922.9</ele>
      </trkpt>
      <trkpt lat="-39.8263442" lon="-71.6396168">
        <ele>921.8</ele>
      </trkpt>
      <trkpt lat="-39.8267067" lon="-71.6388202">
        <ele>924.8</ele>
      </trkpt>
      <trkpt lat="-39.8270116" lon="-71.6378331">
        <ele>923.5</ele>
      </trkpt>
      <trkpt lat="-39.8272176" lon="-71.6370392">
        <ele>920.5</ele>
      </trkpt>
      <trkpt lat="-39.8272917" lon="-71.6366422">
        <ele>918.8</ele>
      </trkpt>
      <trkpt lat="-39.8273577" lon="-71.636433">
        <ele>918</ele>
      </trkpt>
      <trkpt lat="-39.8274153" lon="-71.636256">
        <ele>917.5</ele>
      </trkpt>
      <trkpt lat="-39.8276131" lon="-71.635859">
        <ele>918</ele>
      </trkpt>
      <trkpt lat="-39.8277367" lon="-71.635505">
        <ele>919.8</ele>
      </trkpt>
      <trkpt lat="-39.8277614" lon="-71.6353172">
        <ele>920.2</ele>
      </trkpt>
      <trkpt lat="-39.8277429" lon="-71.6351187">
        <ele>920</ele>
      </trkpt>
      <trkpt lat="-39.8277017" lon="-71.6348934">
        <ele>919.8</ele>
      </trkpt>
      <trkpt lat="-39.8276296" lon="-71.6347325">
        <ele>918.8</ele>
      </trkpt>
      <trkpt lat="-39.8270446" lon="-71.6338634">
        <ele>912</ele>
      </trkpt>
      <trkpt lat="-39.8269107" lon="-71.6336864">
        <ele>910.2</ele>
      </trkpt>
      <trkpt lat="-39.8266717" lon="-71.6334826">
        <ele>908</ele>
      </trkpt>
      <trkpt lat="-39.8266161" lon="-71.6333699">
        <ele>907.8</ele>
      </trkpt>
      <trkpt lat="-39.8265811" lon="-71.6332573">
        <ele>907.8</ele>
      </trkpt>
      <trkpt lat="-39.8265584" lon="-71.6330481">
        <ele>908</ele>
      </trkpt>
      <trkpt lat="-39.8266326" lon="-71.6328308">
        <ele>909</ele>
      </trkpt>
      <trkpt lat="-39.8268221" lon="-71.6318464">
        <ele>910.2</ele>
      </trkpt>
      <trkpt lat="-39.8270528" lon="-71.631192">
        <ele>912</ele>
      </trkpt>
      <trkpt lat="-39.8271681" lon="-71.6308916">
        <ele>913.5</ele>
      </trkpt>
      <trkpt lat="-39.8272011" lon="-71.6307333">
        <ele>914.2</ele>
      </trkpt>
      <trkpt lat="-39.827199" lon="-71.6305509">
        <ele>914.5</ele>
      </trkpt>
      <trkpt lat="-39.8271414" lon="-71.6288692">
        <ele>917</ele>
      </trkpt>
      <trkpt lat="-39.8271681" lon="-71.6286063">
        <ele>918.5</ele>
      </trkpt>
      <trkpt lat="-39.8272876" lon="-71.6281557">
        <ele>920.5</ele>
      </trkpt>
      <trkpt lat="-39.8273082" lon="-71.6279197">
        <ele>919.3</ele>
      </trkpt>
      <trkpt lat="-39.827302" lon="-71.6271284">
        <ele>915.5</ele>
      </trkpt>
      <trkpt lat="-39.8273082" lon="-71.6268575">
        <ele>913.8</ele>
      </trkpt>
      <trkpt lat="-39.8273165" lon="-71.6265035">
        <ele>913</ele>
      </trkpt>
      <trkpt lat="-39.8273824" lon="-71.625849">
        <ele>917</ele>
      </trkpt>
      <trkpt lat="-39.8273474" lon="-71.6256773">
        <ele>917.5</ele>
      </trkpt>
      <trkpt lat="-39.8272753" lon="-71.6255379">
        <ele>917</ele>
      </trkpt>
      <trkpt lat="-39.8270693" lon="-71.6253045">
        <ele>914.8</ele>
      </trkpt>
      <trkpt lat="-39.8262453" lon="-71.6243255">
        <ele>911.8</ele>
      </trkpt>
      <trkpt lat="-39.8260805" lon="-71.6240895">
        <ele>911.2</ele>
      </trkpt>
      <trkpt lat="-39.8259816" lon="-71.6238829">
        <ele>911.8</ele>
      </trkpt>
      <trkpt lat="-39.8256809" lon="-71.6231212">
        <ele>912.2</ele>
      </trkpt>
      <trkpt lat="-39.8256521" lon="-71.6229415">
        <ele>913.2</ele>
      </trkpt>
      <trkpt lat="-39.8256438" lon="-71.6227511">
        <ele>914.5</ele>
      </trkpt>
      <trkpt lat="-39.8256541" lon="-71.6226143">
        <ele>915.2</ele>
      </trkpt>
      <trkpt lat="-39.8256953" lon="-71.6223916">
        <ele>917</ele>
      </trkpt>
      <trkpt lat="-39.8256994" lon="-71.6223004">
        <ele>917.8</ele>
      </trkpt>
      <trkpt lat="-39.8256685" lon="-71.6221046">
        <ele>917.9</ele>
      </trkpt>
      <trkpt lat="-39.8255841" lon="-71.6219383">
        <ele>918</ele>
      </trkpt>
      <trkpt lat="-39.8254131" lon="-71.6216755">
        <ele>917.8</ele>
      </trkpt>
      <trkpt lat="-39.8253122" lon="-71.621587">
        <ele>917.5</ele>
      </trkpt>
      <trkpt lat="-39.8252112" lon="-71.6215307">
        <ele>917.8</ele>
      </trkpt>
      <trkpt lat="-39.8248858" lon="-71.6214636">
        <ele>917</ele>
      </trkpt>
      <trkpt lat="-39.8247951" lon="-71.6214448">
        <ele>916.8</ele>
      </trkpt>
      <trkpt lat="-39.8247024" lon="-71.6213724">
        <ele>917.5</ele>
      </trkpt>
      <trkpt lat="-39.8245603" lon="-71.6211712">
        <ele>919.5</ele>
      </trkpt>
      <trkpt lat="-39.8241236" lon="-71.62049">
        <ele>927.5</ele>
      </trkpt>
      <trkpt lat="-39.8240453" lon="-71.6202942">
        <ele>930.8</ele>
      </trkpt>
      <trkpt lat="-39.8240474" lon="-71.6201895">
        <ele>932.2</ele>
      </trkpt>
      <trkpt lat="-39.8240927" lon="-71.620101">
        <ele>933</ele>
      </trkpt>
      <trkpt lat="-39.8242431" lon="-71.6199937">
        <ele>933.8</ele>
      </trkpt>
      <trkpt lat="-39.8243646" lon="-71.619975">
        <ele>934</ele>
      </trkpt>
      <trkpt lat="-39.8246056" lon="-71.6200152">
        <ele>933.8</ele>
      </trkpt>
      <trkpt lat="-39.8247766" lon="-71.6201091">
        <ele>932.8</ele>
      </trkpt>
      <trkpt lat="-39.8249084" lon="-71.6201225">
        <ele>932.5</ele>
      </trkpt>
      <trkpt lat="-39.8250094" lon="-71.6200984">
        <ele>932.8</ele>
      </trkpt>
      <trkpt lat="-39.825133" lon="-71.620034">
        <ele>933.5</ele>
      </trkpt>
      <trkpt lat="-39.8254234" lon="-71.6198248">
        <ele>936</ele>
      </trkpt>
      <trkpt lat="-39.8255635" lon="-71.6197014">
        <ele>938</ele>
      </trkpt>
      <trkpt lat="-39.8255903" lon="-71.619578">
        <ele>939.5</ele>
      </trkpt>
      <trkpt lat="-39.8255697" lon="-71.6194412">
        <ele>941</ele>
      </trkpt>
      <trkpt lat="-39.8253183" lon="-71.6191059">
        <ele>943.8</ele>
      </trkpt>
      <trkpt lat="-39.825203" lon="-71.618953">
        <ele>945.5</ele>
      </trkpt>
      <trkpt lat="-39.8251" lon="-71.6187465">
        <ele>948.5</ele>
      </trkpt>
      <trkpt lat="-39.8250526" lon="-71.6185132">
        <ele>951</ele>
      </trkpt>
      <trkpt lat="-39.8249702" lon="-71.6178346">
        <ele>955.5</ele>
      </trkpt>
      <trkpt lat="-39.8248404" lon="-71.6170272">
        <ele>956.5</ele>
      </trkpt>
      <trkpt lat="-39.8247766" lon="-71.6167644">
        <ele>955.5</ele>
      </trkpt>
      <trkpt lat="-39.8246695" lon="-71.6165257">
        <ele>954</ele>
      </trkpt>
      <trkpt lat="-39.8239794" lon="-71.6153911">
        <ele>943.8</ele>
      </trkpt>
      <trkpt lat="-39.8237981" lon="-71.6151524">
        <ele>941</ele>
      </trkpt>
      <trkpt lat="-39.8236168" lon="-71.6150022">
        <ele>940</ele>
      </trkpt>
      <trkpt lat="-39.8229391" lon="-71.6145006">
        <ele>940.2</ele>
      </trkpt>
      <trkpt lat="-39.8225127" lon="-71.6141868">
        <ele>942</ele>
      </trkpt>
      <trkpt lat="-39.8221501" lon="-71.6139507">
        <ele>943.2</ele>
      </trkpt>
      <trkpt lat="-39.82201" lon="-71.6138917">
        <ele>943</ele>
      </trkpt>
      <trkpt lat="-39.8218267" lon="-71.6138461">
        <ele>943.2</ele>
      </trkpt>
      <trkpt lat="-39.8213178" lon="-71.6137254">
        <ele>941.5</ele>
      </trkpt>
      <trkpt lat="-39.8211613" lon="-71.6136611">
        <ele>940.8</ele>
      </trkpt>
      <trkpt lat="-39.8210377" lon="-71.6135591">
        <ele>940.2</ele>
      </trkpt>
      <trkpt lat="-39.8204938" lon="-71.6126955">
        <ele>932.5</ele>
      </trkpt>
      <trkpt lat="-39.8204299" lon="-71.612556">
        <ele>930.2</ele>
      </trkpt>
      <trkpt lat="-39.8203949" lon="-71.6124165">
        <ele>928.8</ele>
      </trkpt>
      <trkpt lat="-39.8203887" lon="-71.6122717">
        <ele>927.8</ele>
      </trkpt>
      <trkpt lat="-39.8204032" lon="-71.6121376">
        <ele>927.2</ele>
      </trkpt>
      <trkpt lat="-39.8205185" lon="-71.611805">
        <ele>928</ele>
      </trkpt>
      <trkpt lat="-39.8207328" lon="-71.6112363">
        <ele>931.5</ele>
      </trkpt>
      <trkpt lat="-39.8207946" lon="-71.6108742">
        <ele>930.6</ele>
      </trkpt>
      <trkpt lat="-39.8207905" lon="-71.6105175">
        <ele>929.8</ele>
      </trkpt>
      <trkpt lat="-39.8206916" lon="-71.6101098">
        <ele>927.5</ele>
      </trkpt>
      <trkpt lat="-39.8205268" lon="-71.609745">
        <ele>927</ele>
      </trkpt>
      <trkpt lat="-39.8201889" lon="-71.6093266">
        <ele>928</ele>
      </trkpt>
      <trkpt lat="-39.8196533" lon="-71.6088438">
        <ele>927.5</ele>
      </trkpt>
      <trkpt lat="-39.8195565" lon="-71.6087231">
        <ele>928</ele>
      </trkpt>
      <trkpt lat="-39.8194967" lon="-71.6084871">
        <ele>928.8</ele>
      </trkpt>
      <trkpt lat="-39.819266" lon="-71.6075242">
        <ele>931.2</ele>
      </trkpt>
      <trkpt lat="-39.8191424" lon="-71.607213">
        <ele>933.8</ele>
      </trkpt>
      <trkpt lat="-39.8189673" lon="-71.6069984">
        <ele>935.2</ele>
      </trkpt>
      <trkpt lat="-39.818582" lon="-71.606698">
        <ele>933.5</ele>
      </trkpt>
      <trkpt lat="-39.8182606" lon="-71.6065264">
        <ele>931</ele>
      </trkpt>
      <trkpt lat="-39.8181205" lon="-71.6064835">
        <ele>929.8</ele>
      </trkpt>
      <trkpt lat="-39.8177312" lon="-71.6064432">
        <ele>924.2</ele>
      </trkpt>
      <trkpt lat="-39.8159677" lon="-71.605947">
        <ele>924</ele>
      </trkpt>
      <trkpt lat="-39.815809" lon="-71.605888">
        <ele>925</ele>
      </trkpt>
      <trkpt lat="-39.8152115" lon="-71.6056144">
        <ele>930.5</ele>
      </trkpt>
      <trkpt lat="-39.815057" lon="-71.6055715">
        <ele>931.8</ele>
      </trkpt>
      <trkpt lat="-39.8146924" lon="-71.6055608">
        <ele>931.2</ele>
      </trkpt>
      <trkpt lat="-39.8140001" lon="-71.6056252">
        <ele>931.5</ele>
      </trkpt>
      <trkpt lat="-39.8138724" lon="-71.60566">
        <ele>931.5</ele>
      </trkpt>
      <trkpt lat="-39.8137199" lon="-71.6056466">
        <ele>932.5</ele>
      </trkpt>
      <trkpt lat="-39.8133326" lon="-71.6055393">
        <ele>935.5</ele>
      </trkpt>
      <trkpt lat="-39.8130112" lon="-71.6055179">
        <ele>935.8</ele>
      </trkpt>
      <trkpt lat="-39.8127145" lon="-71.6054642">
        <ele>935.5</ele>
      </trkpt>
      <trkpt lat="-39.812595" lon="-71.6053918">
        <ele>936.2</ele>
      </trkpt>
      <trkpt lat="-39.8124755" lon="-71.6052389">
        <ele>938</ele>
      </trkpt>
      <trkpt lat="-39.8123416" lon="-71.6049895">
        <ele>939.8</ele>
      </trkpt>
      <trkpt lat="-39.8122695" lon="-71.6047239">
        <ele>942.2</ele>
      </trkpt>
      <trkpt lat="-39.8121953" lon="-71.6040587">
        <ele>943.8</ele>
      </trkpt>
      <trkpt lat="-39.8120964" lon="-71.6034231">
        <ele>939.2</ele>
      </trkpt>
      <trkpt lat="-39.8119645" lon="-71.6028571">
        <ele>934.8</ele>
      </trkpt>
      <trkpt lat="-39.8115051" lon="-71.6015348">
        <ele>934.2</ele>
      </trkpt>
      <trkpt lat="-39.8114536" lon="-71.6013336">
        <ele>935</ele>
      </trkpt>
      <trkpt lat="-39.8114247" lon="-71.60117">
        <ele>935.2</ele>
      </trkpt>
      <trkpt lat="-39.8114206" lon="-71.6009259">
        <ele>936.5</ele>
      </trkpt>
      <trkpt lat="-39.8115669" lon="-71.5998128">
        <ele>941.2</ele>
      </trkpt>
      <trkpt lat="-39.8115792" lon="-71.599507">
        <ele>940.8</ele>
      </trkpt>
      <trkpt lat="-39.8115277" lon="-71.5988767">
        <ele>939.2</ele>
      </trkpt>
      <trkpt lat="-39.8114865" lon="-71.598013">
        <ele>938.5</ele>
      </trkpt>
      <trkpt lat="-39.8114865" lon="-71.597718">
        <ele>937.5</ele>
      </trkpt>
      <trkpt lat="-39.8114845" lon="-71.5975571">
        <ele>936.5</ele>
      </trkpt>
      <trkpt lat="-39.811503" lon="-71.5974069">
        <ele>936</ele>
      </trkpt>
      <trkpt lat="-39.8116102" lon="-71.5969884">
        <ele>936.8</ele>
      </trkpt>
      <trkpt lat="-39.8117338" lon="-71.5965271">
        <ele>937</ele>
      </trkpt>
      <trkpt lat="-39.8118162" lon="-71.5960658">
        <ele>933.2</ele>
      </trkpt>
      <trkpt lat="-39.8118945" lon="-71.5956071">
        <ele>928.8</ele>
      </trkpt>
      <trkpt lat="-39.8119728" lon="-71.595422">
        <ele>927.5</ele>
      </trkpt>
      <trkpt lat="-39.8121046" lon="-71.595304">
        <ele>929</ele>
      </trkpt>
      <trkpt lat="-39.8122942" lon="-71.5951967">
        <ele>932.5</ele>
      </trkpt>
      <trkpt lat="-39.8125497" lon="-71.5951109">
        <ele>937.2</ele>
      </trkpt>
      <trkpt lat="-39.8127145" lon="-71.5950251">
        <ele>939.5</ele>
      </trkpt>
      <trkpt lat="-39.8127804" lon="-71.5949178">
        <ele>938.7</ele>
      </trkpt>
      <trkpt lat="-39.8127928" lon="-71.5947971">
        <ele>938</ele>
      </trkpt>
      <trkpt lat="-39.8127351" lon="-71.5944242">
        <ele>931.8</ele>
      </trkpt>
      <trkpt lat="-39.8126815" lon="-71.5942526">
        <ele>928.5</ele>
      </trkpt>
      <trkpt lat="-39.8125991" lon="-71.5940809">
        <ele>924.2</ele>
      </trkpt>
      <trkpt lat="-39.8125888" lon="-71.5939468">
        <ele>922.5</ele>
      </trkpt>
      <trkpt lat="-39.8126177" lon="-71.5937993">
        <ele>921.8</ele>
      </trkpt>
      <trkpt lat="-39.812698" lon="-71.5937269">
        <ele>923.5</ele>
      </trkpt>
      <trkpt lat="-39.8128628" lon="-71.5936625">
        <ele>928.5</ele>
      </trkpt>
      <trkpt lat="-39.8129082" lon="-71.5936035">
        <ele>929.8</ele>
      </trkpt>
      <trkpt lat="-39.8129452" lon="-71.5935016">
        <ele>930.2</ele>
      </trkpt>
      <trkpt lat="-39.8130029" lon="-71.5932441">
        <ele>930.8</ele>
      </trkpt>
      <trkpt lat="-39.8130689" lon="-71.5929651">
        <ele>931.5</ele>
      </trkpt>
      <trkpt lat="-39.8131224" lon="-71.5928659">
        <ele>932.8</ele>
      </trkpt>
      <trkpt lat="-39.8132337" lon="-71.5927318">
        <ele>935.8</ele>
      </trkpt>
      <trkpt lat="-39.8132873" lon="-71.5926352">
        <ele>937.2</ele>
      </trkpt>
      <trkpt lat="-39.8134232" lon="-71.5921605">
        <ele>939.2</ele>
      </trkpt>
      <trkpt lat="-39.8135221" lon="-71.5916455">
        <ele>940</ele>
      </trkpt>
      <trkpt lat="-39.8135716" lon="-71.5908945">
        <ele>941</ele>
      </trkpt>
      <trkpt lat="-39.813654" lon="-71.5902185">
        <ele>945.5</ele>
      </trkpt>
      <trkpt lat="-39.8136705" lon="-71.5897679">
        <ele>947.2</ele>
      </trkpt>
      <trkpt lat="-39.8136705" lon="-71.5894917">
        <ele>947.8</ele>
      </trkpt>
      <trkpt lat="-39.813621" lon="-71.5892851">
        <ele>946.5</ele>
      </trkpt>
      <trkpt lat="-39.813415" lon="-71.5889096">
        <ele>941</ele>
      </trkpt>
      <trkpt lat="-39.8133326" lon="-71.588738">
        <ele>939</ele>
      </trkpt>
      <trkpt lat="-39.8132667" lon="-71.58851">
        <ele>938.2</ele>
      </trkpt>
      <trkpt lat="-39.8129123" lon="-71.5865815">
        <ele>939</ele>
      </trkpt>
      <trkpt lat="-39.8128793" lon="-71.5863132">
        <ele>939.8</ele>
      </trkpt>
      <trkpt lat="-39.812904" lon="-71.5860772">
        <ele>943</ele>
      </trkpt>
      <trkpt lat="-39.812937" lon="-71.5859163">
        <ele>945.8</ele>
      </trkpt>
      <trkpt lat="-39.8129432" lon="-71.5857795">
        <ele>947.2</ele>
      </trkpt>
      <trkpt lat="-39.8128958" lon="-71.5856534">
        <ele>946.5</ele>
      </trkpt>
      <trkpt lat="-39.8128216" lon="-71.5856051">
        <ele>943.8</ele>
      </trkpt>
      <trkpt lat="-39.8126486" lon="-71.5855086">
        <ele>938</ele>
      </trkpt>
      <trkpt lat="-39.8126115" lon="-71.5854898">
        <ele>936.8</ele>
      </trkpt>
      <trkpt lat="-39.8124693" lon="-71.5850472">
        <ele>934.2</ele>
      </trkpt>
      <trkpt lat="-39.8124549" lon="-71.5849051">
        <ele>934.5</ele>
      </trkpt>
      <trkpt lat="-39.8124755" lon="-71.5846825">
        <ele>936.2</ele>
      </trkpt>
      <trkpt lat="-39.8124755" lon="-71.5844142">
        <ele>935.8</ele>
      </trkpt>
      <trkpt lat="-39.812391" lon="-71.5840226">
        <ele>931</ele>
      </trkpt>
      <trkpt lat="-39.8123725" lon="-71.5837947">
        <ele>928.5</ele>
      </trkpt>
      <trkpt lat="-39.8123951" lon="-71.583623">
        <ele>927.8</ele>
      </trkpt>
      <trkpt lat="-39.812459" lon="-71.5834057">
        <ele>927.2</ele>
      </trkpt>
      <trkpt lat="-39.8125414" lon="-71.5830088">
        <ele>923</ele>
      </trkpt>
      <trkpt lat="-39.8126321" lon="-71.5827835">
        <ele>922.2</ele>
      </trkpt>
      <trkpt lat="-39.8128134" lon="-71.5825689">
        <ele>925.8</ele>
      </trkpt>
      <trkpt lat="-39.8128937" lon="-71.5824214">
        <ele>928</ele>
      </trkpt>
      <trkpt lat="-39.8129102" lon="-71.582137">
        <ele>927.8</ele>
      </trkpt>
      <trkpt lat="-39.8128587" lon="-71.5816033">
        <ele>926.5</ele>
      </trkpt>
      <trkpt lat="-39.8127289" lon="-71.5810347">
        <ele>926.2</ele>
      </trkpt>
      <trkpt lat="-39.8126156" lon="-71.5806726">
        <ele>926.5</ele>
      </trkpt>
      <trkpt lat="-39.8125085" lon="-71.5804526">
        <ele>926</ele>
      </trkpt>
      <trkpt lat="-39.8122942" lon="-71.5801334">
        <ele>925.2</ele>
      </trkpt>
      <trkpt lat="-39.8122736" lon="-71.5800422">
        <ele>925.8</ele>
      </trkpt>
      <trkpt lat="-39.8122695" lon="-71.5799081">
        <ele>927</ele>
      </trkpt>
      <trkpt lat="-39.8123354" lon="-71.5794897">
        <ele>931.2</ele>
      </trkpt>
      <trkpt lat="-39.8124013" lon="-71.5790284">
        <ele>935.8</ele>
      </trkpt>
      <trkpt lat="-39.8124075" lon="-71.5787789">
        <ele>936.8</ele>
      </trkpt>
      <trkpt lat="-39.8123519" lon="-71.5784168">
        <ele>937.5</ele>
      </trkpt>
      <trkpt lat="-39.812253" lon="-71.5779018">
        <ele>938.2</ele>
      </trkpt>
      <trkpt lat="-39.812185" lon="-71.577757">
        <ele>937</ele>
      </trkpt>
      <trkpt lat="-39.8119151" lon="-71.5774298">
        <ele>931</ele>
      </trkpt>
      <trkpt lat="-39.8118409" lon="-71.5772957">
        <ele>930.5</ele>
      </trkpt>
      <trkpt lat="-39.811775" lon="-71.5770972">
        <ele>930.8</ele>
      </trkpt>
      <trkpt lat="-39.8117132" lon="-71.5768987">
        <ele>931.5</ele>
      </trkpt>
      <trkpt lat="-39.8116781" lon="-71.5767378">
        <ele>931.8</ele>
      </trkpt>
      <trkpt lat="-39.8116987" lon="-71.5764803">
        <ele>933</ele>
      </trkpt>
      <trkpt lat="-39.811775" lon="-71.5763462">
        <ele>935.2</ele>
      </trkpt>
      <trkpt lat="-39.8119398" lon="-71.5761852">
        <ele>940</ele>
      </trkpt>
      <trkpt lat="-39.8119996" lon="-71.5761182">
        <ele>942</ele>
      </trkpt>
      <trkpt lat="-39.8120469" lon="-71.5760243">
        <ele>943.8</ele>
      </trkpt>
      <trkpt lat="-39.8120717" lon="-71.5756702">
        <ele>944.5</ele>
      </trkpt>
      <trkpt lat="-39.8120717" lon="-71.5753591">
        <ele>944.8</ele>
      </trkpt>
      <trkpt lat="-39.8120222" lon="-71.575166">
        <ele>943.2</ele>
      </trkpt>
      <trkpt lat="-39.8118492" lon="-71.5748763">
        <ele>938.8</ele>
      </trkpt>
      <trkpt lat="-39.8118059" lon="-71.5747395">
        <ele>937.5</ele>
      </trkpt>
      <trkpt lat="-39.8117997" lon="-71.5745759">
        <ele>937.2</ele>
      </trkpt>
      <trkpt lat="-39.8118327" lon="-71.5742326">
        <ele>938.2</ele>
      </trkpt>
      <trkpt lat="-39.8119645" lon="-71.5736961">
        <ele>942</ele>
      </trkpt>
      <trkpt lat="-39.8120305" lon="-71.5732884">
        <ele>944.5</ele>
      </trkpt>
      <trkpt lat="-39.8120263" lon="-71.5730792">
        <ele>944.2</ele>
      </trkpt>
      <trkpt lat="-39.811981" lon="-71.5729076">
        <ele>942.8</ele>
      </trkpt>
      <trkpt lat="-39.8119151" lon="-71.5727949">
        <ele>940.8</ele>
      </trkpt>
      <trkpt lat="-39.8115195" lon="-71.5721834">
        <ele>929.5</ele>
      </trkpt>
      <trkpt lat="-39.8114803" lon="-71.5720654">
        <ele>928</ele>
      </trkpt>
      <trkpt lat="-39.8114618" lon="-71.5719473">
        <ele>927</ele>
      </trkpt>
      <trkpt lat="-39.811503" lon="-71.571604">
        <ele>927.5</ele>
      </trkpt>
      <trkpt lat="-39.8115195" lon="-71.5714297">
        <ele>926.8</ele>
      </trkpt>
      <trkpt lat="-39.8114948" lon="-71.5712929">
        <ele>926.2</ele>
      </trkpt>
      <trkpt lat="-39.8114453" lon="-71.5710247">
        <ele>924</ele>
      </trkpt>
      <trkpt lat="-39.8114453" lon="-71.5707028">
        <ele>922.5</ele>
      </trkpt>
      <trkpt lat="-39.8115277" lon="-71.5704668">
        <ele>922</ele>
      </trkpt>
      <trkpt lat="-39.8116926" lon="-71.5701878">
        <ele>922.5</ele>
      </trkpt>
      <trkpt lat="-39.8117915" lon="-71.5698981">
        <ele>921</ele>
      </trkpt>
      <trkpt lat="-39.8118656" lon="-71.5695119">
        <ele>919.5</ele>
      </trkpt>
      <trkpt lat="-39.8120943" lon="-71.5676638">
        <ele>925.8</ele>
      </trkpt>
      <trkpt lat="-39.812185" lon="-71.567224">
        <ele>929.5</ele>
      </trkpt>
      <trkpt lat="-39.8124776" lon="-71.5661511">
        <ele>938.2</ele>
      </trkpt>
      <trkpt lat="-39.8125991" lon="-71.5657997">
        <ele>941</ele>
      </trkpt>
      <trkpt lat="-39.8127227" lon="-71.56551">
        <ele>943.5</ele>
      </trkpt>
      <trkpt lat="-39.8128051" lon="-71.5652847">
        <ele>944.8</ele>
      </trkpt>
      <trkpt lat="-39.8129123" lon="-71.565156">
        <ele>945.8</ele>
      </trkpt>
      <trkpt lat="-39.8131018" lon="-71.5650487">
        <ele>948</ele>
      </trkpt>
      <trkpt lat="-39.8134418" lon="-71.5648797">
        <ele>951.5</ele>
      </trkpt>
      <trkpt lat="-39.8135942" lon="-71.5648448">
        <ele>952.8</ele>
      </trkpt>
      <trkpt lat="-39.813724" lon="-71.5648502">
        <ele>954.5</ele>
      </trkpt>
      <trkpt lat="-39.8140248" lon="-71.5648985">
        <ele>959.5</ele>
      </trkpt>
      <trkpt lat="-39.8141608" lon="-71.5649119">
        <ele>961.8</ele>
      </trkpt>
      <trkpt lat="-39.8142391" lon="-71.5649629">
        <ele>963.8</ele>
      </trkpt>
      <trkpt lat="-39.8143957" lon="-71.565156">
        <ele>969.5</ele>
      </trkpt>
      <trkpt lat="-39.8144781" lon="-71.5652472">
        <ele>972.5</ele>
      </trkpt>
      <trkpt lat="-39.8145626" lon="-71.5652633">
        <ele>974.2</ele>
      </trkpt>
      <trkpt lat="-39.8146429" lon="-71.5652364">
        <ele>975.2</ele>
      </trkpt>
      <trkpt lat="-39.8147583" lon="-71.5651238">
        <ele>975</ele>
      </trkpt>
      <trkpt lat="-39.8151868" lon="-71.5647483">
        <ele>972.5</ele>
      </trkpt>
      <trkpt lat="-39.8153475" lon="-71.5646946">
        <ele>973.2</ele>
      </trkpt>
      <trkpt lat="-39.815739" lon="-71.5645981">
        <ele>976.2</ele>
      </trkpt>
      <trkpt lat="-39.8162911" lon="-71.5644801">
        <ele>979</ele>
      </trkpt>
      <trkpt lat="-39.8169586" lon="-71.5642869">
        <ele>979.8</ele>
      </trkpt>
      <trkpt lat="-39.8171564" lon="-71.5641984">
        <ele>979</ele>
      </trkpt>
      <trkpt lat="-39.8172367" lon="-71.5641394">
        <ele>978</ele>
      </trkpt>
      <trkpt lat="-39.8173027" lon="-71.5640321">
        <ele>975</ele>
      </trkpt>
      <trkpt lat="-39.8173377" lon="-71.5638497">
        <ele>971</ele>
      </trkpt>
      <trkpt lat="-39.8172882" lon="-71.5633321">
        <ele>966</ele>
      </trkpt>
      <trkpt lat="-39.8171852" lon="-71.562852">
        <ele>965.2</ele>
      </trkpt>
      <trkpt lat="-39.8171172" lon="-71.5627125">
        <ele>965</ele>
      </trkpt>
      <trkpt lat="-39.8170431" lon="-71.5625972">
        <ele>964.8</ele>
      </trkpt>
      <trkpt lat="-39.8169215" lon="-71.5625194">
        <ele>964.5</ele>
      </trkpt>
      <trkpt lat="-39.8168968" lon="-71.5625033">
        <ele>964.4</ele>
      </trkpt>
      <trkpt lat="-39.8168185" lon="-71.5624148">
        <ele>964</ele>
      </trkpt>
      <trkpt lat="-39.8167938" lon="-71.5622941">
        <ele>963.5</ele>
      </trkpt>
      <trkpt lat="-39.8167938" lon="-71.5621841">
        <ele>963</ele>
      </trkpt>
      <trkpt lat="-39.8168329" lon="-71.5621009">
        <ele>963.3</ele>
      </trkpt>
      <trkpt lat="-39.816903" lon="-71.5619293">
        <ele>964</ele>
      </trkpt>
      <trkpt lat="-39.8169215" lon="-71.5618059">
        <ele>963.9</ele>
      </trkpt>
      <trkpt lat="-39.8168927" lon="-71.5617013">
        <ele>963.8</ele>
      </trkpt>
      <trkpt lat="-39.816835" lon="-71.5615806">
        <ele>963.5</ele>
      </trkpt>
      <trkpt lat="-39.816734" lon="-71.5614599">
        <ele>964</ele>
      </trkpt>
      <trkpt lat="-39.8160295" lon="-71.560733">
        <ele>964.5</ele>
      </trkpt>
      <trkpt lat="-39.8159182" lon="-71.5606123">
        <ele>964.9</ele>
      </trkpt>
      <trkpt lat="-39.815844" lon="-71.5604541">
        <ele>965.2</ele>
      </trkpt>
      <trkpt lat="-39.8157946" lon="-71.5603334">
        <ele>965.8</ele>
      </trkpt>
      <trkpt lat="-39.8157657" lon="-71.5601939">
        <ele>966.5</ele>
      </trkpt>
      <trkpt lat="-39.8158049" lon="-71.5598693">
        <ele>970</ele>
      </trkpt>
      <trkpt lat="-39.8159038" lon="-71.5594724">
        <ele>976.5</ele>
      </trkpt>
      <trkpt lat="-39.8160356" lon="-71.5591908">
        <ele>983</ele>
      </trkpt>
      <trkpt lat="-39.816184" lon="-71.5589654">
        <ele>989</ele>
      </trkpt>
      <trkpt lat="-39.8162808" lon="-71.5588796">
        <ele>992</ele>
      </trkpt>
      <trkpt lat="-39.8164065" lon="-71.558826">
        <ele>994.5</ele>
      </trkpt>
      <trkpt lat="-39.8167279" lon="-71.5588367">
        <ele>996.5</ele>
      </trkpt>
      <trkpt lat="-39.8168886" lon="-71.5588045">
        <ele>997.2</ele>
      </trkpt>
      <trkpt lat="-39.8170493" lon="-71.5587294">
        <ele>998.5</ele>
      </trkpt>
      <trkpt lat="-39.817179" lon="-71.5586489">
        <ele>999.8</ele>
      </trkpt>
      <trkpt lat="-39.8172718" lon="-71.5585685">
        <ele>1000.8</ele>
      </trkpt>
      <trkpt lat="-39.817486" lon="-71.558311">
        <ele>1003</ele>
      </trkpt>
      <trkpt lat="-39.817587" lon="-71.5582225">
        <ele>1003.2</ele>
      </trkpt>
      <trkpt lat="-39.8177044" lon="-71.5581742">
        <ele>1003</ele>
      </trkpt>
      <trkpt lat="-39.8178404" lon="-71.5581608">
        <ele>1002.2</ele>
      </trkpt>
      <trkpt lat="-39.8182524" lon="-71.5581822">
        <ele>999</ele>
      </trkpt>
      <trkpt lat="-39.8187963" lon="-71.5582144">
        <ele>996.2</ele>
      </trkpt>
      <trkpt lat="-39.818891" lon="-71.5582037">
        <ele>996</ele>
      </trkpt>
      <trkpt lat="-39.8189858" lon="-71.5581769">
        <ele>995.8</ele>
      </trkpt>
      <trkpt lat="-39.8192742" lon="-71.5580428">
        <ele>995.5</ele>
      </trkpt>
      <trkpt lat="-39.8213632" lon="-71.5570289">
        <ele>999.2</ele>
      </trkpt>
      <trkpt lat="-39.8223561" lon="-71.5564871">
        <ele>1001.2</ele>
      </trkpt>
      <trkpt lat="-39.8224921" lon="-71.5564013">
        <ele>1001.5</ele>
      </trkpt>
      <trkpt lat="-39.822628" lon="-71.5562725">
        <ele>1002</ele>
      </trkpt>
      <trkpt lat="-39.8232048" lon="-71.5555966">
        <ele>998.2</ele>
      </trkpt>
      <trkpt lat="-39.8235056" lon="-71.5551513">
        <ele>996.5</ele>
      </trkpt>
      <trkpt lat="-39.8235756" lon="-71.5550065">
        <ele>996.8</ele>
      </trkpt>
      <trkpt lat="-39.8239382" lon="-71.5539551">
        <ele>1004.5</ele>
      </trkpt>
      <trkpt lat="-39.8242183" lon="-71.5528715">
        <ele>1006.2</ele>
      </trkpt>
      <trkpt lat="-39.8242863" lon="-71.5525013">
        <ele>1007.2</ele>
      </trkpt>
      <trkpt lat="-39.8242925" lon="-71.5520668">
        <ele>1008.8</ele>
      </trkpt>
      <trkpt lat="-39.824309" lon="-71.5511763">
        <ele>1012</ele>
      </trkpt>
      <trkpt lat="-39.8243378" lon="-71.5508947">
        <ele>1013.2</ele>
      </trkpt>
      <trkpt lat="-39.8243914" lon="-71.5506613">
        <ele>1014</ele>
      </trkpt>
      <trkpt lat="-39.8244779" lon="-71.5504494">
        <ele>1014.1</ele>
      </trkpt>
      <trkpt lat="-39.8245644" lon="-71.5502858">
        <ele>1014.2</ele>
      </trkpt>
      <trkpt lat="-39.8248981" lon="-71.5497655">
        <ele>1013.2</ele>
      </trkpt>
      <trkpt lat="-39.825032" lon="-71.5494731">
        <ele>1014.8</ele>
      </trkpt>
      <trkpt lat="-39.8261547" lon="-71.546123">
        <ele>1012.2</ele>
      </trkpt>
      <trkpt lat="-39.8262618" lon="-71.5456617">
        <ele>1012.8</ele>
      </trkpt>
      <trkpt lat="-39.8264925" lon="-71.544342">
        <ele>1018</ele>
      </trkpt>
      <trkpt lat="-39.8266161" lon="-71.5437841">
        <ele>1023.2</ele>
      </trkpt>
      <trkpt lat="-39.8267726" lon="-71.5433389">
        <ele>1027</ele>
      </trkpt>
      <trkpt lat="-39.8270034" lon="-71.5427542">
        <ele>1031.5</ele>
      </trkpt>
      <trkpt lat="-39.8273165" lon="-71.5421534">
        <ele>1033.8</ele>
      </trkpt>
      <trkpt lat="-39.8275286" lon="-71.5419361">
        <ele>1034.8</ele>
      </trkpt>
      <trkpt lat="-39.8277284" lon="-71.5417671">
        <ele>1036.2</ele>
      </trkpt>
      <trkpt lat="-39.8279035" lon="-71.5416518">
        <ele>1037.5</ele>
      </trkpt>
      <trkpt lat="-39.828058" lon="-71.541574">
        <ele>1038</ele>
      </trkpt>
      <trkpt lat="-39.8284288" lon="-71.5414989">
        <ele>1039.2</ele>
      </trkpt>
      <trkpt lat="-39.8287481" lon="-71.5414774">
        <ele>1040.5</ele>
      </trkpt>
      <trkpt lat="-39.8289479" lon="-71.5414882">
        <ele>1041</ele>
      </trkpt>
      <trkpt lat="-39.8294299" lon="-71.5415981">
        <ele>1039.2</ele>
      </trkpt>
      <trkpt lat="-39.8296235" lon="-71.5415955">
        <ele>1038.8</ele>
      </trkpt>
      <trkpt lat="-39.8300148" lon="-71.5414613">
        <ele>1041</ele>
      </trkpt>
      <trkpt lat="-39.8302085" lon="-71.5414453">
        <ele>1040.8</ele>
      </trkpt>
      <trkpt lat="-39.8306204" lon="-71.5414774">
        <ele>1038.5</ele>
      </trkpt>
      <trkpt lat="-39.8308326" lon="-71.5414721">
        <ele>1036.8</ele>
      </trkpt>
      <trkpt lat="-39.8310241" lon="-71.5414238">
        <ele>1036.2</ele>
      </trkpt>
      <trkpt lat="-39.8314855" lon="-71.5412092">
        <ele>1031.8</ele>
      </trkpt>
      <trkpt lat="-39.8318975" lon="-71.5409946">
        <ele>1023.5</ele>
      </trkpt>
      <trkpt lat="-39.8319922" lon="-71.5409222">
        <ele>1021.2</ele>
      </trkpt>
      <trkpt lat="-39.832087" lon="-71.5408123">
        <ele>1019</ele>
      </trkpt>
      <trkpt lat="-39.8321096" lon="-71.5406969">
        <ele>1018.8</ele>
      </trkpt>
      <trkpt lat="-39.8321117" lon="-71.5405762">
        <ele>1019.2</ele>
      </trkpt>
      <trkpt lat="-39.8319799" lon="-71.5401685">
        <ele>1024.5</ele>
      </trkpt>
      <trkpt lat="-39.8319551" lon="-71.5399942">
        <ele>1025.8</ele>
      </trkpt>
      <trkpt lat="-39.831914" lon="-71.5391815">
        <ele>1029.2</ele>
      </trkpt>
      <trkpt lat="-39.831914" lon="-71.5389481">
        <ele>1029.5</ele>
      </trkpt>
      <trkpt lat="-39.8319222" lon="-71.5387738">
        <ele>1030</ele>
      </trkpt>
      <trkpt lat="-39.8319613" lon="-71.5385833">
        <ele>1029.5</ele>
      </trkpt>
      <trkpt lat="-39.8320375" lon="-71.5383661">
        <ele>1028.8</ele>
      </trkpt>
      <trkpt lat="-39.8328038" lon="-71.5365636">
        <ele>1023.8</ele>
      </trkpt>
      <trkpt lat="-39.8328552" lon="-71.5364107">
        <ele>1022.2</ele>
      </trkpt>
      <trkpt lat="-39.8328861" lon="-71.536231">
        <ele>1022</ele>
      </trkpt>
      <trkpt lat="-39.8328861" lon="-71.5359628">
        <ele>1024.8</ele>
      </trkpt>
      <trkpt lat="-39.8327626" lon="-71.5354183">
        <ele>1038.2</ele>
      </trkpt>
      <trkpt lat="-39.8327646" lon="-71.5352976">
        <ele>1040.5</ele>
      </trkpt>
      <trkpt lat="-39.8328182" lon="-71.5351367">
        <ele>1041</ele>
      </trkpt>
      <trkpt lat="-39.8332734" lon="-71.5344286">
        <ele>1026</ele>
      </trkpt>
      <trkpt lat="-39.8333805" lon="-71.5341818">
        <ele>1022.8</ele>
      </trkpt>
      <trkpt lat="-39.8334175" lon="-71.533986">
        <ele>1021.8</ele>
      </trkpt>
      <trkpt lat="-39.8334155" lon="-71.5338627">
        <ele>1022.4</ele>
      </trkpt>
      <trkpt lat="-39.8333887" lon="-71.5337044">
        <ele>1023.2</ele>
      </trkpt>
      <trkpt lat="-39.8333887" lon="-71.5335488">
        <ele>1024</ele>
      </trkpt>
      <trkpt lat="-39.8334958" lon="-71.5333235">
        <ele>1019.5</ele>
      </trkpt>
      <trkpt lat="-39.8336029" lon="-71.5330768">
        <ele>1015.2</ele>
      </trkpt>
      <trkpt lat="-39.8336524" lon="-71.5327764">
        <ele>1015</ele>
      </trkpt>
      <trkpt lat="-39.8336462" lon="-71.5326074">
        <ele>1016.2</ele>
      </trkpt>
      <trkpt lat="-39.8336029" lon="-71.5324759">
        <ele>1018.2</ele>
      </trkpt>
      <trkpt lat="-39.8335123" lon="-71.5323043">
        <ele>1022.5</ele>
      </trkpt>
      <trkpt lat="-39.833502" lon="-71.5322131">
        <ele>1023.8</ele>
      </trkpt>
      <trkpt lat="-39.8335288" lon="-71.5320817">
        <ele>1024</ele>
      </trkpt>
      <trkpt lat="-39.8335782" lon="-71.5320253">
        <ele>1023</ele>
      </trkpt>
      <trkpt lat="-39.8337759" lon="-71.5318322">
        <ele>1017.5</ele>
      </trkpt>
      <trkpt lat="-39.8338604" lon="-71.5317142">
        <ele>1015</ele>
      </trkpt>
      <trkpt lat="-39.8339242" lon="-71.5315318">
        <ele>1013.2</ele>
      </trkpt>
      <trkpt lat="-39.8339716" lon="-71.5313119">
        <ele>1013</ele>
      </trkpt>
      <trkpt lat="-39.8339984" lon="-71.5310383">
        <ele>1012.8</ele>
      </trkpt>
      <trkpt lat="-39.8339943" lon="-71.5306869">
        <ele>1012.4</ele>
      </trkpt>
      <trkpt lat="-39.8339489" lon="-71.5302336">
        <ele>1012</ele>
      </trkpt>
      <trkpt lat="-39.8337368" lon="-71.5280852">
        <ele>1005.5</ele>
      </trkpt>
      <trkpt lat="-39.8337203" lon="-71.527876">
        <ele>1006</ele>
      </trkpt>
      <trkpt lat="-39.8337265" lon="-71.5276694">
        <ele>1005.8</ele>
      </trkpt>
      <trkpt lat="-39.8338336" lon="-71.5261459">
        <ele>1003.5</ele>
      </trkpt>
      <trkpt lat="-39.8338439" lon="-71.5252501">
        <ele>1001</ele>
      </trkpt>
      <trkpt lat="-39.8338666" lon="-71.5242308">
        <ele>999.8</ele>
      </trkpt>
      <trkpt lat="-39.8338892" lon="-71.5240216">
        <ele>999.2</ele>
      </trkpt>
      <trkpt lat="-39.8339263" lon="-71.5238687">
        <ele>998.8</ele>
      </trkpt>
      <trkpt lat="-39.834054" lon="-71.5235978">
        <ele>996.5</ele>
      </trkpt>
      <trkpt lat="-39.8349726" lon="-71.5219858">
        <ele>995.2</ele>
      </trkpt>
      <trkpt lat="-39.8350735" lon="-71.5218812">
        <ele>994.5</ele>
      </trkpt>
      <trkpt lat="-39.8352095" lon="-71.5218437">
        <ele>993.2</ele>
      </trkpt>
      <trkpt lat="-39.8354443" lon="-71.5219349">
        <ele>991</ele>
      </trkpt>
      <trkpt lat="-39.8356543" lon="-71.5220368">
        <ele>987.9</ele>
      </trkpt>
      <trkpt lat="-39.8358582" lon="-71.5221119">
        <ele>985</ele>
      </trkpt>
      <trkpt lat="-39.8359818" lon="-71.5221521">
        <ele>984.8</ele>
      </trkpt>
      <trkpt lat="-39.8360951" lon="-71.5221843">
        <ele>984.9</ele>
      </trkpt>
      <trkpt lat="-39.8362125" lon="-71.5221789">
        <ele>985</ele>
      </trkpt>
      <trkpt lat="-39.8363237" lon="-71.5221065">
        <ele>985.5</ele>
      </trkpt>
      <trkpt lat="-39.8364102" lon="-71.5219671">
        <ele>985.8</ele>
      </trkpt>
      <trkpt lat="-39.8372135" lon="-71.5199876">
        <ele>987.5</ele>
      </trkpt>
      <trkpt lat="-39.8373597" lon="-71.5197408">
        <ele>988</ele>
      </trkpt>
      <trkpt lat="-39.8389023" lon="-71.5173912">
        <ele>995.5</ele>
      </trkpt>
      <trkpt lat="-39.839343" lon="-71.5167314">
        <ele>994.2</ele>
      </trkpt>
      <trkpt lat="-39.8394625" lon="-71.5165597">
        <ele>994.1</ele>
      </trkpt>
      <trkpt lat="-39.8395613" lon="-71.5164363">
        <ele>994</ele>
      </trkpt>
      <trkpt lat="-39.8397179" lon="-71.5161896">
        <ele>994.9</ele>
      </trkpt>
      <trkpt lat="-39.8400041" lon="-71.5158623">
        <ele>996.2</ele>
      </trkpt>
      <trkpt lat="-39.8401504" lon="-71.5157309">
        <ele>997.8</ele>
      </trkpt>
      <trkpt lat="-39.8402822" lon="-71.5156344">
        <ele>999.2</ele>
      </trkpt>
      <trkpt lat="-39.8409268" lon="-71.5152186">
        <ele>1007.8</ele>
      </trkpt>
      <trkpt lat="-39.841141" lon="-71.5150738">
        <ele>1011.2</ele>
      </trkpt>
      <trkpt lat="-39.8411945" lon="-71.5149879">
        <ele>1012.5</ele>
      </trkpt>
      <trkpt lat="-39.8412151" lon="-71.5148914">
        <ele>1012.8</ele>
      </trkpt>
      <trkpt lat="-39.8411904" lon="-71.5146446">
        <ele>1009.5</ele>
      </trkpt>
      <trkpt lat="-39.841176" lon="-71.5143684">
        <ele>1006.8</ele>
      </trkpt>
      <trkpt lat="-39.8411513" lon="-71.5142155">
        <ele>1005.5</ele>
      </trkpt>
      <trkpt lat="-39.8411698" lon="-71.5141109">
        <ele>1005.8</ele>
      </trkpt>
      <trkpt lat="-39.8413304" lon="-71.513907">
        <ele>1009.2</ele>
      </trkpt>
      <trkpt lat="-39.8414705" lon="-71.5137005">
        <ele>1012.8</ele>
      </trkpt>
      <trkpt lat="-39.8420286" lon="-71.5126356">
        <ele>1017.8</ele>
      </trkpt>
      <trkpt lat="-39.8422366" lon="-71.512244">
        <ele>1023.8</ele>
      </trkpt>
      <trkpt lat="-39.8422943" lon="-71.5119866">
        <ele>1024.8</ele>
      </trkpt>
      <trkpt lat="-39.8423087" lon="-71.5117291">
        <ele>1023.8</ele>
      </trkpt>
      <trkpt lat="-39.8422675" lon="-71.5104282">
        <ele>1016</ele>
      </trkpt>
      <trkpt lat="-39.8422881" lon="-71.5101412">
        <ele>1015.8</ele>
      </trkpt>
      <trkpt lat="-39.8425888" lon="-71.5085533">
        <ele>1014.5</ele>
      </trkpt>
      <trkpt lat="-39.842667" lon="-71.5083361">
        <ele>1015.3</ele>
      </trkpt>
      <trkpt lat="-39.8427823" lon="-71.508159">
        <ele>1016</ele>
      </trkpt>
      <trkpt lat="-39.8428977" lon="-71.5080786">
        <ele>1018.5</ele>
      </trkpt>
      <trkpt lat="-39.8431489" lon="-71.5079659">
        <ele>1024.2</ele>
      </trkpt>
      <trkpt lat="-39.8432663" lon="-71.5078828">
        <ele>1026.2</ele>
      </trkpt>
      <trkpt lat="-39.8433631" lon="-71.5077138">
        <ele>1025</ele>
      </trkpt>
      <trkpt lat="-39.8438512" lon="-71.5068367">
        <ele>1024.2</ele>
      </trkpt>
      <trkpt lat="-39.8440983" lon="-71.5063083">
        <ele>1025.2</ele>
      </trkpt>
      <trkpt lat="-39.8442383" lon="-71.5060991">
        <ele>1026</ele>
      </trkpt>
      <trkpt lat="-39.8446976" lon="-71.5054902">
        <ele>1031.5</ele>
      </trkpt>
      <trkpt lat="-39.8447532" lon="-71.50534">
        <ele>1031</ele>
      </trkpt>
      <trkpt lat="-39.84492" lon="-71.5045166">
        <ele>1022.2</ele>
      </trkpt>
      <trkpt lat="-39.8449838" lon="-71.5043986">
        <ele>1021.8</ele>
      </trkpt>
      <trkpt lat="-39.8452557" lon="-71.5041357">
        <ele>1024.5</ele>
      </trkpt>
      <trkpt lat="-39.8453277" lon="-71.5040231">
        <ele>1024.8</ele>
      </trkpt>
      <trkpt lat="-39.8455646" lon="-71.503492">
        <ele>1019.8</ele>
      </trkpt>
      <trkpt lat="-39.8457437" lon="-71.5031514">
        <ele>1021.5</ele>
      </trkpt>
      <trkpt lat="-39.845859" lon="-71.5030333">
        <ele>1023.5</ele>
      </trkpt>
      <trkpt lat="-39.8459311" lon="-71.5029421">
        <ele>1024.8</ele>
      </trkpt>
      <trkpt lat="-39.845927" lon="-71.5028295">
        <ele>1023.8</ele>
      </trkpt>
      <trkpt lat="-39.8458796" lon="-71.5026337">
        <ele>1021.8</ele>
      </trkpt>
      <trkpt lat="-39.8458446" lon="-71.5024325">
        <ele>1020.8</ele>
      </trkpt>
      <trkpt lat="-39.8458735" lon="-71.5022394">
        <ele>1022</ele>
      </trkpt>
      <trkpt lat="-39.8459805" lon="-71.5019792">
        <ele>1025.8</ele>
      </trkpt>
      <trkpt lat="-39.8459908" lon="-71.5018022">
        <ele>1026.5</ele>
      </trkpt>
      <trkpt lat="-39.8459599" lon="-71.5016708">
        <ele>1026.1</ele>
      </trkpt>
      <trkpt lat="-39.8456799" lon="-71.5011504">
        <ele>1024.2</ele>
      </trkpt>
      <trkpt lat="-39.8455954" lon="-71.5009117">
        <ele>1024</ele>
      </trkpt>
      <trkpt lat="-39.8455851" lon="-71.5007401">
        <ele>1024.8</ele>
      </trkpt>
      <trkpt lat="-39.8456037" lon="-71.4998174">
        <ele>1027.2</ele>
      </trkpt>
      <trkpt lat="-39.8456366" lon="-71.4995223">
        <ele>1026.2</ele>
      </trkpt>
      <trkpt lat="-39.8457149" lon="-71.4992756">
        <ele>1026.5</ele>
      </trkpt>
      <trkpt lat="-39.8457931" lon="-71.4991039">
        <ele>1026.8</ele>
      </trkpt>
      <trkpt lat="-39.845859" lon="-71.4990181">
        <ele>1027.5</ele>
      </trkpt>
      <trkpt lat="-39.8460691" lon="-71.4989001">
        <ele>1033.5</ele>
      </trkpt>
      <trkpt lat="-39.8461638" lon="-71.4988089">
        <ele>1035.8</ele>
      </trkpt>
      <trkpt lat="-39.8462153" lon="-71.4986479">
        <ele>1035.5</ele>
      </trkpt>
      <trkpt lat="-39.8462256" lon="-71.4984387">
        <ele>1033.2</ele>
      </trkpt>
      <trkpt lat="-39.8462544" lon="-71.4967516">
        <ele>1030</ele>
      </trkpt>
      <trkpt lat="-39.8462812" lon="-71.4960757">
        <ele>1023.8</ele>
      </trkpt>
      <trkpt lat="-39.8463347" lon="-71.4956599">
        <ele>1021.2</ele>
      </trkpt>
      <trkpt lat="-39.8464542" lon="-71.4953569">
        <ele>1022.2</ele>
      </trkpt>
      <trkpt lat="-39.8468207" lon="-71.4947399">
        <ele>1024.5</ele>
      </trkpt>
      <trkpt lat="-39.8473294" lon="-71.4939192">
        <ele>1025.2</ele>
      </trkpt>
      <trkpt lat="-39.8474962" lon="-71.4937663">
        <ele>1028</ele>
      </trkpt>
      <trkpt lat="-39.8480089" lon="-71.4934015">
        <ele>1033.8</ele>
      </trkpt>
      <trkpt lat="-39.8480913" lon="-71.4933291">
        <ele>1033.4</ele>
      </trkpt>
      <trkpt lat="-39.8482149" lon="-71.4931655">
        <ele>1032.8</ele>
      </trkpt>
      <trkpt lat="-39.8483014" lon="-71.4929295">
        <ele>1031.3</ele>
      </trkpt>
      <trkpt lat="-39.8483672" lon="-71.4927149">
        <ele>1030</ele>
      </trkpt>
      <trkpt lat="-39.8483817" lon="-71.4925539">
        <ele>1030.2</ele>
      </trkpt>
      <trkpt lat="-39.8484002" lon="-71.4923635">
        <ele>1032.2</ele>
      </trkpt>
      <trkpt lat="-39.8483775" lon="-71.4922348">
        <ele>1033.5</ele>
      </trkpt>
      <trkpt lat="-39.8483261" lon="-71.4921892">
        <ele>1033.1</ele>
      </trkpt>
      <trkpt lat="-39.8482334" lon="-71.4921623">
        <ele>1032.5</ele>
      </trkpt>
      <trkpt lat="-39.8480398" lon="-71.4921194">
        <ele>1030.2</ele>
      </trkpt>
      <trkpt lat="-39.8478771" lon="-71.4920712">
        <ele>1028.2</ele>
      </trkpt>
      <trkpt lat="-39.8476197" lon="-71.4919102">
        <ele>1027.8</ele>
      </trkpt>
      <trkpt lat="-39.8473603" lon="-71.49176">
        <ele>1025.8</ele>
      </trkpt>
      <trkpt lat="-39.8472161" lon="-71.49165">
        <ele>1024.5</ele>
      </trkpt>
      <trkpt lat="-39.8469196" lon="-71.4913416">
        <ele>1022.8</ele>
      </trkpt>
      <trkpt lat="-39.846448" lon="-71.49073">
        <ele>1021</ele>
      </trkpt>
      <trkpt lat="-39.8463183" lon="-71.4905477">
        <ele>1019</ele>
      </trkpt>
      <trkpt lat="-39.8462235" lon="-71.4903224">
        <ele>1018.5</ele>
      </trkpt>
      <trkpt lat="-39.8462132" lon="-71.4901131">
        <ele>1020.2</ele>
      </trkpt>
      <trkpt lat="-39.8462359" lon="-71.4896786">
        <ele>1024</ele>
      </trkpt>
      <trkpt lat="-39.8462132" lon="-71.4894962">
        <ele>1024.2</ele>
      </trkpt>
      <trkpt lat="-39.84617" lon="-71.4893702">
        <ele>1023.2</ele>
      </trkpt>
      <trkpt lat="-39.8460526" lon="-71.4891341">
        <ele>1020.2</ele>
      </trkpt>
      <trkpt lat="-39.8459496" lon="-71.4889276">
        <ele>1017.8</ele>
      </trkpt>
      <trkpt lat="-39.8459332" lon="-71.4887559">
        <ele>1017.5</ele>
      </trkpt>
      <trkpt lat="-39.8459744" lon="-71.4886031">
        <ele>1018.5</ele>
      </trkpt>
      <trkpt lat="-39.8460794" lon="-71.4884475">
        <ele>1021.2</ele>
      </trkpt>
      <trkpt lat="-39.8461597" lon="-71.4883187">
        <ele>1023.2</ele>
      </trkpt>
      <trkpt lat="-39.8461844" lon="-71.4881632">
        <ele>1024</ele>
      </trkpt>
      <trkpt lat="-39.8461659" lon="-71.4880076">
        <ele>1023.5</ele>
      </trkpt>
      <trkpt lat="-39.8460011" lon="-71.487447">
        <ele>1019.5</ele>
      </trkpt>
      <trkpt lat="-39.8459538" lon="-71.4872888">
        <ele>1018.2</ele>
      </trkpt>
      <trkpt lat="-39.8459579" lon="-71.4871117">
        <ele>1018</ele>
      </trkpt>
      <trkpt lat="-39.8459991" lon="-71.4868811">
        <ele>1018.5</ele>
      </trkpt>
      <trkpt lat="-39.8461041" lon="-71.486468">
        <ele>1018.8</ele>
      </trkpt>
      <trkpt lat="-39.8461267" lon="-71.4861006">
        <ele>1016.2</ele>
      </trkpt>
      <trkpt lat="-39.8461741" lon="-71.4859718">
        <ele>1016.5</ele>
      </trkpt>
      <trkpt lat="-39.8462874" lon="-71.4857894">
        <ele>1018.8</ele>
      </trkpt>
      <trkpt lat="-39.8463924" lon="-71.4855319">
        <ele>1019.8</ele>
      </trkpt>
      <trkpt lat="-39.84638" lon="-71.4853361">
        <ele>1016.8</ele>
      </trkpt>
      <trkpt lat="-39.8464501" lon="-71.4850733">
        <ele>1018.5</ele>
      </trkpt>
      <trkpt lat="-39.8465571" lon="-71.4848721">
        <ele>1020</ele>
      </trkpt>
      <trkpt lat="-39.8466622" lon="-71.484797">
        <ele>1024</ele>
      </trkpt>
      <trkpt lat="-39.8467034" lon="-71.4846924">
        <ele>1025</ele>
      </trkpt>
      <trkpt lat="-39.8466972" lon="-71.4844537">
        <ele>1023.2</ele>
      </trkpt>
      <trkpt lat="-39.8466622" lon="-71.4840567">
        <ele>1021.2</ele>
      </trkpt>
      <trkpt lat="-39.8466663" lon="-71.4837858">
        <ele>1020.5</ele>
      </trkpt>
      <trkpt lat="-39.8467219" lon="-71.4835122">
        <ele>1021.2</ele>
      </trkpt>
      <trkpt lat="-39.8468207" lon="-71.4832199">
        <ele>1023.5</ele>
      </trkpt>
      <trkpt lat="-39.846829" lon="-71.4830428">
        <ele>1022.5</ele>
      </trkpt>
      <trkpt lat="-39.8468084" lon="-71.4823991">
        <ele>1016.5</ele>
      </trkpt>
      <trkpt lat="-39.8467734" lon="-71.4820156">
        <ele>1013.5</ele>
      </trkpt>
      <trkpt lat="-39.8467898" lon="-71.4817956">
        <ele>1013.2</ele>
      </trkpt>
      <trkpt lat="-39.846829" lon="-71.4816776">
        <ele>1014.2</ele>
      </trkpt>
      <trkpt lat="-39.8469134" lon="-71.4813799">
        <ele>1016</ele>
      </trkpt>
      <trkpt lat="-39.8469216" lon="-71.4812297">
        <ele>1015</ele>
      </trkpt>
      <trkpt lat="-39.8468557" lon="-71.4807683">
        <ele>1009.2</ele>
      </trkpt>
      <trkpt lat="-39.846829" lon="-71.4804304">
        <ele>1006.5</ele>
      </trkpt>
      <trkpt lat="-39.8468702" lon="-71.48013">
        <ele>1006</ele>
      </trkpt>
      <trkpt lat="-39.8469546" lon="-71.4798886">
        <ele>1007.2</ele>
      </trkpt>
      <trkpt lat="-39.8471029" lon="-71.4794379">
        <ele>1008</ele>
      </trkpt>
      <trkpt lat="-39.8472594" lon="-71.4789954">
        <ele>1008.5</ele>
      </trkpt>
      <trkpt lat="-39.8474303" lon="-71.4785635">
        <ele>1007.5</ele>
      </trkpt>
      <trkpt lat="-39.847558" lon="-71.478357">
        <ele>1008</ele>
      </trkpt>
      <trkpt lat="-39.8480357" lon="-71.4778152">
        <ele>1008.5</ele>
      </trkpt>
      <trkpt lat="-39.8482293" lon="-71.4776462">
        <ele>1009.2</ele>
      </trkpt>
      <trkpt lat="-39.8484043" lon="-71.4775604">
        <ele>1011.8</ele>
      </trkpt>
      <trkpt lat="-39.8485938" lon="-71.4775041">
        <ele>1016.2</ele>
      </trkpt>
      <trkpt lat="-39.8487008" lon="-71.4774263">
        <ele>1018.5</ele>
      </trkpt>
      <trkpt lat="-39.8487585" lon="-71.4772654">
        <ele>1018.4</ele>
      </trkpt>
      <trkpt lat="-39.8487956" lon="-71.4770937">
        <ele>1018.2</ele>
      </trkpt>
      <trkpt lat="-39.848812" lon="-71.4768282">
        <ele>1017.5</ele>
      </trkpt>
      <trkpt lat="-39.8488203" lon="-71.4762515">
        <ele>1016</ele>
      </trkpt>
      <trkpt lat="-39.848985" lon="-71.4746395">
        <ele>1018</ele>
      </trkpt>
      <trkpt lat="-39.84909" lon="-71.4740145">
        <ele>1019</ele>
      </trkpt>
      <trkpt lat="-39.8492507" lon="-71.4731643">
        <ele>1018.2</ele>
      </trkpt>
      <trkpt lat="-39.8494072" lon="-71.4726305">
        <ele>1013.2</ele>
      </trkpt>
      <trkpt lat="-39.8495719" lon="-71.4722791">
        <ele>1013.8</ele>
      </trkpt>
      <trkpt lat="-39.8508507" lon="-71.4703023">
        <ele>1019.8</ele>
      </trkpt>
      <trkpt lat="-39.850968" lon="-71.4701629">
        <ele>1020.1</ele>
      </trkpt>
      <trkpt lat="-39.8513119" lon="-71.4698195">
        <ele>1021</ele>
      </trkpt>
      <trkpt lat="-39.8514458" lon="-71.469723">
        <ele>1022</ele>
      </trkpt>
      <trkpt lat="-39.8516475" lon="-71.4696613">
        <ele>1025.2</ele>
      </trkpt>
      <trkpt lat="-39.8523394" lon="-71.4697042">
        <ele>1039.2</ele>
      </trkpt>
      <trkpt lat="-39.85243" lon="-71.4696667">
        <ele>1039</ele>
      </trkpt>
      <trkpt lat="-39.8525186" lon="-71.4695621">
        <ele>1036.5</ele>
      </trkpt>
      <trkpt lat="-39.8526915" lon="-71.4690578">
        <ele>1023.8</ele>
      </trkpt>
      <trkpt lat="-39.8527739" lon="-71.4689612">
        <ele>1022.2</ele>
      </trkpt>
      <trkpt lat="-39.8528995" lon="-71.468913">
        <ele>1022.5</ele>
      </trkpt>
      <trkpt lat="-39.8529983" lon="-71.4689317">
        <ele>1024.2</ele>
      </trkpt>
      <trkpt lat="-39.8548433" lon="-71.4697552">
        <ele>1028.8</ele>
      </trkpt>
      <trkpt lat="-39.8550492" lon="-71.4697954">
        <ele>1030.2</ele>
      </trkpt>
      <trkpt lat="-39.8551727" lon="-71.46979">
        <ele>1030.8</ele>
      </trkpt>
      <trkpt lat="-39.8563587" lon="-71.4692751">
        <ele>1034.2</ele>
      </trkpt>
      <trkpt lat="-39.8578" lon="-71.4686018">
        <ele>1045.5</ele>
      </trkpt>
      <trkpt lat="-39.857938" lon="-71.4685214">
        <ele>1047.8</ele>
      </trkpt>
      <trkpt lat="-39.8580697" lon="-71.4684141">
        <ele>1049.5</ele>
      </trkpt>
      <trkpt lat="-39.8589489" lon="-71.4674458">
        <ele>1052.2</ele>
      </trkpt>
      <trkpt lat="-39.8591774" lon="-71.4672366">
        <ele>1053.2</ele>
      </trkpt>
      <trkpt lat="-39.8603448" lon="-71.466271">
        <ele>1066.8</ele>
      </trkpt>
      <trkpt lat="-39.8611849" lon="-71.4654019">
        <ele>1074.8</ele>
      </trkpt>
      <trkpt lat="-39.8613207" lon="-71.4652142">
        <ele>1075</ele>
      </trkpt>
      <trkpt lat="-39.8620455" lon="-71.4638114">
        <ele>1062.2</ele>
      </trkpt>
      <trkpt lat="-39.8622637" lon="-71.463511">
        <ele>1062.8</ele>
      </trkpt>
      <trkpt lat="-39.8624943" lon="-71.4633071">
        <ele>1067.5</ele>
      </trkpt>
      <trkpt lat="-39.8631655" lon="-71.4628109">
        <ele>1079.2</ele>
      </trkpt>
      <trkpt lat="-39.864166" lon="-71.4618507">
        <ele>1084</ele>
      </trkpt>
      <trkpt lat="-39.8642587" lon="-71.461722">
        <ele>1084.2</ele>
      </trkpt>
      <trkpt lat="-39.8643328" lon="-71.4615905">
        <ele>1084</ele>
      </trkpt>
      <trkpt lat="-39.8644604" lon="-71.4612257">
        <ele>1081.5</ele>
      </trkpt>
      <trkpt lat="-39.8647919" lon="-71.4600483">
        <ele>1083.5</ele>
      </trkpt>
      <trkpt lat="-39.8649669" lon="-71.4595038">
        <ele>1083.8</ele>
      </trkpt>
      <trkpt lat="-39.8650698" lon="-71.4593133">
        <ele>1084.1</ele>
      </trkpt>
      <trkpt lat="-39.8651892" lon="-71.4591497">
        <ele>1084.5</ele>
      </trkpt>
      <trkpt lat="-39.8654857" lon="-71.4588198">
        <ele>1085</ele>
      </trkpt>
      <trkpt lat="-39.8656236" lon="-71.4587313">
        <ele>1086</ele>
      </trkpt>
      <trkpt lat="-39.8662639" lon="-71.4584309">
        <ele>1090</ele>
      </trkpt>
      <trkpt lat="-39.8665356" lon="-71.4582646">
        <ele>1091</ele>
      </trkpt>
      <trkpt lat="-39.8666365" lon="-71.4581734">
        <ele>1090.2</ele>
      </trkpt>
      <trkpt lat="-39.8667292" lon="-71.4580259">
        <ele>1088.5</ele>
      </trkpt>
      <trkpt lat="-39.8668444" lon="-71.4577577">
        <ele>1085.2</ele>
      </trkpt>
      <trkpt lat="-39.8669227" lon="-71.4576101">
        <ele>1084.2</ele>
      </trkpt>
      <trkpt lat="-39.8670091" lon="-71.4574492">
        <ele>1084.3</ele>
      </trkpt>
      <trkpt lat="-39.8678573" lon="-71.4563897">
        <ele>1085</ele>
      </trkpt>
      <trkpt lat="-39.8681188" lon="-71.4561">
        <ele>1083.5</ele>
      </trkpt>
      <trkpt lat="-39.8686787" lon="-71.4555851">
        <ele>1081.2</ele>
      </trkpt>
      <trkpt lat="-39.8687899" lon="-71.4555261">
        <ele>1081.5</ele>
      </trkpt>
      <trkpt lat="-39.8689134" lon="-71.4555046">
        <ele>1082.8</ele>
      </trkpt>
      <trkpt lat="-39.869568" lon="-71.4554134">
        <ele>1087.5</ele>
      </trkpt>
      <trkpt lat="-39.8697286" lon="-71.4553812">
        <ele>1088</ele>
      </trkpt>
      <trkpt lat="-39.8698027" lon="-71.455349">
        <ele>1087.7</ele>
      </trkpt>
      <trkpt lat="-39.8699015" lon="-71.4552847">
        <ele>1087.2</ele>
      </trkpt>
      <trkpt lat="-39.8699736" lon="-71.4551666">
        <ele>1085.2</ele>
      </trkpt>
      <trkpt lat="-39.8700374" lon="-71.4550111">
        <ele>1083.2</ele>
      </trkpt>
      <trkpt lat="-39.8701156" lon="-71.4546838">
        <ele>1080</ele>
      </trkpt>
      <trkpt lat="-39.8701939" lon="-71.4542976">
        <ele>1074.5</ele>
      </trkpt>
      <trkpt lat="-39.8702371" lon="-71.4541528">
        <ele>1072.8</ele>
      </trkpt>
      <trkpt lat="-39.8703091" lon="-71.4540187">
        <ele>1071.5</ele>
      </trkpt>
      <trkpt lat="-39.8703894" lon="-71.4539409">
        <ele>1071.2</ele>
      </trkpt>
      <trkpt lat="-39.8704779" lon="-71.4538899">
        <ele>1071.5</ele>
      </trkpt>
      <trkpt lat="-39.8707867" lon="-71.4538255">
        <ele>1073.8</ele>
      </trkpt>
      <trkpt lat="-39.8709596" lon="-71.4538416">
        <ele>1075.5</ele>
      </trkpt>
      <trkpt lat="-39.8711449" lon="-71.4539167">
        <ele>1077.5</ele>
      </trkpt>
      <trkpt lat="-39.8712211" lon="-71.4539865">
        <ele>1078.5</ele>
      </trkpt>
      <trkpt lat="-39.8712808" lon="-71.454083">
        <ele>1079.2</ele>
      </trkpt>
      <trkpt lat="-39.8714681" lon="-71.4548904">
        <ele>1084.2</ele>
      </trkpt>
      <trkpt lat="-39.8715443" lon="-71.4550111">
        <ele>1084.5</ele>
      </trkpt>
      <trkpt lat="-39.8716554" lon="-71.4550862">
        <ele>1084.2</ele>
      </trkpt>
      <trkpt lat="-39.8717769" lon="-71.4551345">
        <ele>1084</ele>
      </trkpt>
      <trkpt lat="-39.8719272" lon="-71.4551345">
        <ele>1083.5</ele>
      </trkpt>
      <trkpt lat="-39.8721063" lon="-71.4550754">
        <ele>1082.8</ele>
      </trkpt>
      <trkpt lat="-39.8722771" lon="-71.4550057">
        <ele>1082.2</ele>
      </trkpt>
      <trkpt lat="-39.8725653" lon="-71.4548233">
        <ele>1080.8</ele>
      </trkpt>
      <trkpt lat="-39.8728206" lon="-71.4546356">
        <ele>1078.2</ele>
      </trkpt>
      <trkpt lat="-39.8729482" lon="-71.4545283">
        <ele>1077.2</ele>
      </trkpt>
      <trkpt lat="-39.8730717" lon="-71.45448">
        <ele>1077.5</ele>
      </trkpt>
      <trkpt lat="-39.8733475" lon="-71.4544344">
        <ele>1079.2</ele>
      </trkpt>
      <trkpt lat="-39.8735863" lon="-71.4544371">
        <ele>1081.5</ele>
      </trkpt>
      <trkpt lat="-39.8739816" lon="-71.4544693">
        <ele>1085</ele>
      </trkpt>
      <trkpt lat="-39.8740968" lon="-71.4544612">
        <ele>1086</ele>
      </trkpt>
      <trkpt lat="-39.8741874" lon="-71.4544263">
        <ele>1086.2</ele>
      </trkpt>
      <trkpt lat="-39.8745332" lon="-71.4541903">
        <ele>1086</ele>
      </trkpt>
      <trkpt lat="-39.8749923" lon="-71.4539087">
        <ele>1085.7</ele>
      </trkpt>
      <trkpt lat="-39.8751343" lon="-71.4538336">
        <ele>1085.6</ele>
      </trkpt>
      <trkpt lat="-39.8753113" lon="-71.4537022">
        <ele>1085.5</ele>
      </trkpt>
      <trkpt lat="-39.8758733" lon="-71.4533186">
        <ele>1085</ele>
      </trkpt>
      <trkpt lat="-39.8760071" lon="-71.4532623">
        <ele>1084.8</ele>
      </trkpt>
      <trkpt lat="-39.876112" lon="-71.453222">
        <ele>1084.5</ele>
      </trkpt>
      <trkpt lat="-39.87625" lon="-71.4531764">
        <ele>1084</ele>
      </trkpt>
      <trkpt lat="-39.8763591" lon="-71.4531523">
        <ele>1083.5</ele>
      </trkpt>
      <trkpt lat="-39.8764537" lon="-71.4532033">
        <ele>1083.7</ele>
      </trkpt>
      <trkpt lat="-39.8765361" lon="-71.4532837">
        <ele>1084</ele>
      </trkpt>
      <trkpt lat="-39.8766184" lon="-71.4534125">
        <ele>1084.8</ele>
      </trkpt>
      <trkpt lat="-39.8768387" lon="-71.453737">
        <ele>1086.2</ele>
      </trkpt>
      <trkpt lat="-39.8770651" lon="-71.4540803">
        <ele>1088.5</ele>
      </trkpt>
      <trkpt lat="-39.8772689" lon="-71.4543647">
        <ele>1090</ele>
      </trkpt>
      <trkpt lat="-39.8774624" lon="-71.4545926">
        <ele>1091.5</ele>
      </trkpt>
      <trkpt lat="-39.8775756" lon="-71.4546919">
        <ele>1092</ele>
      </trkpt>
      <trkpt lat="-39.877767" lon="-71.4547831">
        <ele>1091.2</ele>
      </trkpt>
      <trkpt lat="-39.8783042" lon="-71.4550433">
        <ele>1087.5</ele>
      </trkpt>
      <trkpt lat="-39.8785121" lon="-71.4551559">
        <ele>1087</ele>
      </trkpt>
      <trkpt lat="-39.8787138" lon="-71.4552525">
        <ele>1086.6</ele>
      </trkpt>
      <trkpt lat="-39.8788559" lon="-71.4552927">
        <ele>1086.2</ele>
      </trkpt>
      <trkpt lat="-39.8789382" lon="-71.4552793">
        <ele>1085.9</ele>
      </trkpt>
      <trkpt lat="-39.8791173" lon="-71.455231">
        <ele>1085</ele>
      </trkpt>
      <trkpt lat="-39.8791584" lon="-71.4551961">
        <ele>1085.2</ele>
      </trkpt>
      <trkpt lat="-39.879179" lon="-71.4551023">
        <ele>1085.8</ele>
      </trkpt>
      <trkpt lat="-39.8791667" lon="-71.4550218">
        <ele>1086</ele>
      </trkpt>
      <trkpt lat="-39.8791276" lon="-71.4549065">
        <ele>1086.2</ele>
      </trkpt>
      <trkpt lat="-39.8790699" lon="-71.454775">
        <ele>1085.8</ele>
      </trkpt>
      <trkpt lat="-39.8786727" lon="-71.4541635">
        <ele>1083.2</ele>
      </trkpt>
      <trkpt lat="-39.8784216" lon="-71.4536244">
        <ele>1082.5</ele>
      </trkpt>
      <trkpt lat="-39.8783104" lon="-71.4534044">
        <ele>1082.2</ele>
      </trkpt>
      <trkpt lat="-39.8782466" lon="-71.4532676">
        <ele>1082</ele>
      </trkpt>
      <trkpt lat="-39.8781992" lon="-71.4531067">
        <ele>1082.7</ele>
      </trkpt>
      <trkpt lat="-39.8781643" lon="-71.4522377">
        <ele>1086.5</ele>
      </trkpt>
      <trkpt lat="-39.878154" lon="-71.4521465">
        <ele>1087.2</ele>
      </trkpt>
      <trkpt lat="-39.8780922" lon="-71.4520258">
        <ele>1087</ele>
      </trkpt>
      <trkpt lat="-39.8780016" lon="-71.4518648">
        <ele>1085.8</ele>
      </trkpt>
      <trkpt lat="-39.8779152" lon="-71.4517227">
        <ele>1084.2</ele>
      </trkpt>
      <trkpt lat="-39.8778432" lon="-71.4515644">
        <ele>1083.8</ele>
      </trkpt>
      <trkpt lat="-39.8778226" lon="-71.4514384">
        <ele>1084.5</ele>
      </trkpt>
      <trkpt lat="-39.8778123" lon="-71.4512667">
        <ele>1086</ele>
      </trkpt>
      <trkpt lat="-39.877767" lon="-71.4509851">
        <ele>1088.5</ele>
      </trkpt>
      <trkpt lat="-39.8776579" lon="-71.4507571">
        <ele>1089.2</ele>
      </trkpt>
      <trkpt lat="-39.877555" lon="-71.4506069">
        <ele>1089.5</ele>
      </trkpt>
      <trkpt lat="-39.8774541" lon="-71.4505801">
        <ele>1087.5</ele>
      </trkpt>
      <trkpt lat="-39.877275" lon="-71.4505559">
        <ele>1083.5</ele>
      </trkpt>
      <trkpt lat="-39.8771906" lon="-71.4505264">
        <ele>1082</ele>
      </trkpt>
      <trkpt lat="-39.8771371" lon="-71.4504781">
        <ele>1081.8</ele>
      </trkpt>
      <trkpt lat="-39.8770836" lon="-71.450395">
        <ele>1082.2</ele>
      </trkpt>
      <trkpt lat="-39.8770342" lon="-71.4502662">
        <ele>1083.8</ele>
      </trkpt>
      <trkpt lat="-39.8770075" lon="-71.4499578">
        <ele>1088.2</ele>
      </trkpt>
      <trkpt lat="-39.8770342" lon="-71.4496815">
        <ele>1092.2</ele>
      </trkpt>
      <trkpt lat="-39.8771001" lon="-71.4488554">
        <ele>1098.5</ele>
      </trkpt>
      <trkpt lat="-39.8771227" lon="-71.4481419">
        <ele>1100.8</ele>
      </trkpt>
      <trkpt lat="-39.8771021" lon="-71.4473936">
        <ele>1098.2</ele>
      </trkpt>
      <trkpt lat="-39.8771412" lon="-71.4471012">
        <ele>1098.8</ele>
      </trkpt>
      <trkpt lat="-39.8771886" lon="-71.4468893">
        <ele>1098.5</ele>
      </trkpt>
      <trkpt lat="-39.8772606" lon="-71.4467311">
        <ele>1099.8</ele>
      </trkpt>
      <trkpt lat="-39.877343" lon="-71.4465809">
        <ele>1101.2</ele>
      </trkpt>
      <trkpt lat="-39.8774479" lon="-71.4464495">
        <ele>1103</ele>
      </trkpt>
      <trkpt lat="-39.8776847" lon="-71.4462429">
        <ele>1107</ele>
      </trkpt>
      <trkpt lat="-39.8778905" lon="-71.4459506">
        <ele>1109</ele>
      </trkpt>
      <trkpt lat="-39.8782528" lon="-71.4453954">
        <ele>1111</ele>
      </trkpt>
      <trkpt lat="-39.8785986" lon="-71.4450064">
        <ele>1114</ele>
      </trkpt>
      <trkpt lat="-39.8791255" lon="-71.4445639">
        <ele>1125.8</ele>
      </trkpt>
      <trkpt lat="-39.8793478" lon="-71.4443091">
        <ele>1130.5</ele>
      </trkpt>
      <trkpt lat="-39.8794713" lon="-71.4440596">
        <ele>1132</ele>
      </trkpt>
      <trkpt lat="-39.8796298" lon="-71.4437726">
        <ele>1133</ele>
      </trkpt>
      <trkpt lat="-39.8798274" lon="-71.4433005">
        <ele>1131.5</ele>
      </trkpt>
      <trkpt lat="-39.879955" lon="-71.4429411">
        <ele>1129</ele>
      </trkpt>
      <trkpt lat="-39.8801073" lon="-71.4424637">
        <ele>1126.5</ele>
      </trkpt>
      <trkpt lat="-39.8802617" lon="-71.4422277">
        <ele>1128.2</ele>
      </trkpt>
      <trkpt lat="-39.8805622" lon="-71.4418522">
        <ele>1132.8</ele>
      </trkpt>
      <trkpt lat="-39.8809533" lon="-71.4411816">
        <ele>1133.2</ele>
      </trkpt>
      <trkpt lat="-39.8813896" lon="-71.4404172">
        <ele>1134.2</ele>
      </trkpt>
      <trkpt lat="-39.881439" lon="-71.4403287">
        <ele>1134.5</ele>
      </trkpt>
      <trkpt lat="-39.8815008" lon="-71.4400953">
        <ele>1133.5</ele>
      </trkpt>
      <trkpt lat="-39.8816737" lon="-71.4392236">
        <ele>1130.8</ele>
      </trkpt>
      <trkpt lat="-39.8817457" lon="-71.438714">
        <ele>1129</ele>
      </trkpt>
      <trkpt lat="-39.8817889" lon="-71.4384189">
        <ele>1128.8</ele>
      </trkpt>
      <trkpt lat="-39.8818074" lon="-71.4378181">
        <ele>1127.2</ele>
      </trkpt>
      <trkpt lat="-39.881826" lon="-71.4376277">
        <ele>1127.8</ele>
      </trkpt>
      <trkpt lat="-39.8819742" lon="-71.4367667">
        <ele>1126</ele>
      </trkpt>
      <trkpt lat="-39.8820256" lon="-71.4363563">
        <ele>1125.9</ele>
      </trkpt>
      <trkpt lat="-39.8820462" lon="-71.4360371">
        <ele>1125.8</ele>
      </trkpt>
      <trkpt lat="-39.8820935" lon="-71.4358172">
        <ele>1126.2</ele>
      </trkpt>
      <trkpt lat="-39.8821903" lon="-71.435616">
        <ele>1127.8</ele>
      </trkpt>
      <trkpt lat="-39.8824208" lon="-71.43516">
        <ele>1129.2</ele>
      </trkpt>
      <trkpt lat="-39.8825052" lon="-71.4349777">
        <ele>1130.2</ele>
      </trkpt>
      <trkpt lat="-39.8825217" lon="-71.4348945">
        <ele>1129.9</ele>
      </trkpt>
      <trkpt lat="-39.8824949" lon="-71.4347818">
        <ele>1129.5</ele>
      </trkpt>
      <trkpt lat="-39.8823323" lon="-71.4345297">
        <ele>1126.2</ele>
      </trkpt>
      <trkpt lat="-39.8822664" lon="-71.4343312">
        <ele>1123.8</ele>
      </trkpt>
      <trkpt lat="-39.882217" lon="-71.4341864">
        <ele>1122.2</ele>
      </trkpt>
      <trkpt lat="-39.8821903" lon="-71.4339933">
        <ele>1121.2</ele>
      </trkpt>
      <trkpt lat="-39.882182" lon="-71.4338028">
        <ele>1120.5</ele>
      </trkpt>
      <trkpt lat="-39.882217" lon="-71.4335668">
        <ele>1119.8</ele>
      </trkpt>
      <trkpt lat="-39.8822788" lon="-71.4332986">
        <ele>1118.5</ele>
      </trkpt>
      <trkpt lat="-39.8823652" lon="-71.433017">
        <ele>1118.6</ele>
      </trkpt>
      <trkpt lat="-39.8829292" lon="-71.4319119">
        <ele>1119.2</ele>
      </trkpt>
      <trkpt lat="-39.8830897" lon="-71.4315739">
        <ele>1120.5</ele>
      </trkpt>
      <trkpt lat="-39.8832276" lon="-71.4312521">
        <ele>1121.5</ele>
      </trkpt>
      <trkpt lat="-39.8833161" lon="-71.4308792">
        <ele>1122.2</ele>
      </trkpt>
      <trkpt lat="-39.8834026" lon="-71.4299324">
        <ele>1120.2</ele>
      </trkpt>
      <trkpt lat="-39.8834314" lon="-71.4297017">
        <ele>1120</ele>
      </trkpt>
      <trkpt lat="-39.8835652" lon="-71.4291573">
        <ele>1120.2</ele>
      </trkpt>
      <trkpt lat="-39.8835899" lon="-71.428932">
        <ele>1120.4</ele>
      </trkpt>
      <trkpt lat="-39.8835981" lon="-71.4281622">
        <ele>1120.8</ele>
      </trkpt>
      <trkpt lat="-39.8835899" lon="-71.4279851">
        <ele>1120.6</ele>
      </trkpt>
      <trkpt lat="-39.8835261" lon="-71.4274728">
        <ele>1120.2</ele>
      </trkpt>
      <trkpt lat="-39.8835261" lon="-71.4272609">
        <ele>1120.8</ele>
      </trkpt>
      <trkpt lat="-39.8835631" lon="-71.4270651">
        <ele>1121</ele>
      </trkpt>
      <trkpt lat="-39.8836166" lon="-71.4268962">
        <ele>1121.5</ele>
      </trkpt>
      <trkpt lat="-39.883701" lon="-71.4267567">
        <ele>1122.2</ele>
      </trkpt>
      <trkpt lat="-39.8840694" lon="-71.4264375">
        <ele>1128</ele>
      </trkpt>
      <trkpt lat="-39.8841415" lon="-71.4263222">
        <ele>1128.2</ele>
      </trkpt>
      <trkpt lat="-39.8841908" lon="-71.4261881">
        <ele>1127.8</ele>
      </trkpt>
      <trkpt lat="-39.8844872" lon="-71.4247718">
        <ele>1123.2</ele>
      </trkpt>
      <trkpt lat="-39.8848495" lon="-71.423184">
        <ele>1118</ele>
      </trkpt>
      <trkpt lat="-39.8850306" lon="-71.4224705">
        <ele>1115</ele>
      </trkpt>
      <trkpt lat="-39.8850594" lon="-71.4223123">
        <ele>1113.8</ele>
      </trkpt>
      <trkpt lat="-39.885115" lon="-71.4215183">
        <ele>1107</ele>
      </trkpt>
      <trkpt lat="-39.8851438" lon="-71.4212286">
        <ele>1105.2</ele>
      </trkpt>
      <trkpt lat="-39.8851705" lon="-71.4210865">
        <ele>1105.6</ele>
      </trkpt>
      <trkpt lat="-39.8852158" lon="-71.4210194">
        <ele>1105.8</ele>
      </trkpt>
      <trkpt lat="-39.885294" lon="-71.4209631">
        <ele>1106.5</ele>
      </trkpt>
      <trkpt lat="-39.8856748" lon="-71.4209041">
        <ele>1114</ele>
      </trkpt>
      <trkpt lat="-39.8857571" lon="-71.4208424">
        <ele>1115.5</ele>
      </trkpt>
      <trkpt lat="-39.885825" lon="-71.4207217">
        <ele>1116.5</ele>
      </trkpt>
      <trkpt lat="-39.8858353" lon="-71.420542">
        <ele>1116.2</ele>
      </trkpt>
      <trkpt lat="-39.8858579" lon="-71.4201182">
        <ele>1116</ele>
      </trkpt>
      <trkpt lat="-39.8858497" lon="-71.4197749">
        <ele>1114.8</ele>
      </trkpt>
      <trkpt lat="-39.8858703" lon="-71.4184204">
        <ele>1114.2</ele>
      </trkpt>
      <trkpt lat="-39.8858971" lon="-71.4170524">
        <ele>1112</ele>
      </trkpt>
      <trkpt lat="-39.8859115" lon="-71.4169291">
        <ele>1111.5</ele>
      </trkpt>
      <trkpt lat="-39.8859485" lon="-71.4168164">
        <ele>1111.9</ele>
      </trkpt>
      <trkpt lat="-39.8859979" lon="-71.4167199">
        <ele>1112.3</ele>
      </trkpt>
      <trkpt lat="-39.8860638" lon="-71.4166287">
        <ele>1112.7</ele>
      </trkpt>
      <trkpt lat="-39.8863889" lon="-71.4163336">
        <ele>1114.5</ele>
      </trkpt>
      <trkpt lat="-39.8864713" lon="-71.4162397">
        <ele>1114.8</ele>
      </trkpt>
      <trkpt lat="-39.8865433" lon="-71.4161056">
        <ele>1114.5</ele>
      </trkpt>
      <trkpt lat="-39.8865886" lon="-71.4159474">
        <ele>1113.5</ele>
      </trkpt>
      <trkpt lat="-39.8866133" lon="-71.4157811">
        <ele>1112.5</ele>
      </trkpt>
      <trkpt lat="-39.8867594" lon="-71.4135602">
        <ele>1100.2</ele>
      </trkpt>
      <trkpt lat="-39.8868294" lon="-71.4123291">
        <ele>1094.2</ele>
      </trkpt>
      <trkpt lat="-39.8868314" lon="-71.4119455">
        <ele>1091.5</ele>
      </trkpt>
      <trkpt lat="-39.8867676" lon="-71.4108217">
        <ele>1086.2</ele>
      </trkpt>
      <trkpt lat="-39.8867532" lon="-71.4106151">
        <ele>1085.8</ele>
      </trkpt>
      <trkpt lat="-39.8866606" lon="-71.4100519">
        <ele>1079.5</ele>
      </trkpt>
      <trkpt lat="-39.8866009" lon="-71.4095235">
        <ele>1075</ele>
      </trkpt>
      <trkpt lat="-39.8865906" lon="-71.4091507">
        <ele>1073.2</ele>
      </trkpt>
      <trkpt lat="-39.8866092" lon="-71.4088342">
        <ele>1073</ele>
      </trkpt>
      <trkpt lat="-39.8866688" lon="-71.4083111">
        <ele>1073.5</ele>
      </trkpt>
      <trkpt lat="-39.8866668" lon="-71.4081582">
        <ele>1073.2</ele>
      </trkpt>
      <trkpt lat="-39.8866441" lon="-71.4080054">
        <ele>1072.5</ele>
      </trkpt>
      <trkpt lat="-39.8864486" lon="-71.4073536">
        <ele>1066.2</ele>
      </trkpt>
      <trkpt lat="-39.8863745" lon="-71.4069217">
        <ele>1064.5</ele>
      </trkpt>
      <trkpt lat="-39.8863087" lon="-71.4064416">
        <ele>1064.8</ele>
      </trkpt>
      <trkpt lat="-39.8862696" lon="-71.4062887">
        <ele>1063.5</ele>
      </trkpt>
      <trkpt lat="-39.8862243" lon="-71.40616">
        <ele>1061.8</ele>
      </trkpt>
      <trkpt lat="-39.8860102" lon="-71.4057443">
        <ele>1053.2</ele>
      </trkpt>
      <trkpt lat="-39.8859547" lon="-71.4055672">
        <ele>1051</ele>
      </trkpt>
      <trkpt lat="-39.8859691" lon="-71.4053741">
        <ele>1052.2</ele>
      </trkpt>
      <trkpt lat="-39.8860926" lon="-71.4049664">
        <ele>1058.5</ele>
      </trkpt>
      <trkpt lat="-39.8861379" lon="-71.4047197">
        <ele>1061.2</ele>
      </trkpt>
      <trkpt lat="-39.8861193" lon="-71.4044407">
        <ele>1060</ele>
      </trkpt>
      <trkpt lat="-39.8859753" lon="-71.4028314">
        <ele>1051.8</ele>
      </trkpt>
      <trkpt lat="-39.8859711" lon="-71.4026865">
        <ele>1051.5</ele>
      </trkpt>
      <trkpt lat="-39.8859897" lon="-71.4025202">
        <ele>1052.8</ele>
      </trkpt>
      <trkpt lat="-39.8861399" lon="-71.4018229">
        <ele>1059.8</ele>
      </trkpt>
      <trkpt lat="-39.8861728" lon="-71.401619">
        <ele>1060.5</ele>
      </trkpt>
      <trkpt lat="-39.8861502" lon="-71.4011657">
        <ele>1056.8</ele>
      </trkpt>
      <trkpt lat="-39.8861687" lon="-71.4009807">
        <ele>1056.2</ele>
      </trkpt>
      <trkpt lat="-39.8862346" lon="-71.4007929">
        <ele>1057.8</ele>
      </trkpt>
      <trkpt lat="-39.8863395" lon="-71.4005327">
        <ele>1061.2</ele>
      </trkpt>
      <trkpt lat="-39.8863889" lon="-71.4002913">
        <ele>1062.2</ele>
      </trkpt>
      <trkpt lat="-39.8863889" lon="-71.400125">
        <ele>1061.8</ele>
      </trkpt>
      <trkpt lat="-39.8863457" lon="-71.3998622">
        <ele>1059.5</ele>
      </trkpt>
      <trkpt lat="-39.8862264" lon="-71.3991192">
        <ele>1052.8</ele>
      </trkpt>
      <trkpt lat="-39.8861996" lon="-71.3985935">
        <ele>1049</ele>
      </trkpt>
      <trkpt lat="-39.8862325" lon="-71.3983065">
        <ele>1049.2</ele>
      </trkpt>
      <trkpt lat="-39.8863107" lon="-71.3980141">
        <ele>1050.5</ele>
      </trkpt>
      <trkpt lat="-39.8865927" lon="-71.397239">
        <ele>1051.5</ele>
      </trkpt>
      <trkpt lat="-39.8867347" lon="-71.3969547">
        <ele>1051</ele>
      </trkpt>
      <trkpt lat="-39.8868808" lon="-71.3967481">
        <ele>1051.5</ele>
      </trkpt>
      <trkpt lat="-39.8872204" lon="-71.3963619">
        <ele>1054.8</ele>
      </trkpt>
      <trkpt lat="-39.8874838" lon="-71.3960722">
        <ele>1057</ele>
      </trkpt>
      <trkpt lat="-39.8875621" lon="-71.3959301">
        <ele>1056.1</ele>
      </trkpt>
      <trkpt lat="-39.8876135" lon="-71.3957664">
        <ele>1055.1</ele>
      </trkpt>
      <trkpt lat="-39.8877679" lon="-71.3949564">
        <ele>1050.8</ele>
      </trkpt>
      <trkpt lat="-39.8878646" lon="-71.3946721">
        <ele>1050.2</ele>
      </trkpt>
      <trkpt lat="-39.8879119" lon="-71.3945675">
        <ele>1050.5</ele>
      </trkpt>
      <trkpt lat="-39.8879778" lon="-71.3944682">
        <ele>1051</ele>
      </trkpt>
      <trkpt lat="-39.8880478" lon="-71.39442">
        <ele>1052</ele>
      </trkpt>
      <trkpt lat="-39.888128" lon="-71.3943878">
        <ele>1053.5</ele>
      </trkpt>
      <trkpt lat="-39.8884841" lon="-71.3942403">
        <ele>1058.5</ele>
      </trkpt>
      <trkpt lat="-39.8888771" lon="-71.3939881">
        <ele>1062.2</ele>
      </trkpt>
      <trkpt lat="-39.8890644" lon="-71.3939023">
        <ele>1064</ele>
      </trkpt>
      <trkpt lat="-39.8892579" lon="-71.3938299">
        <ele>1065.2</ele>
      </trkpt>
      <trkpt lat="-39.889723" lon="-71.3937333">
        <ele>1066.2</ele>
      </trkpt>
      <trkpt lat="-39.8898012" lon="-71.3936931">
        <ele>1066.5</ele>
      </trkpt>
      <trkpt lat="-39.8898876" lon="-71.3936153">
        <ele>1066.8</ele>
      </trkpt>
      <trkpt lat="-39.8899391" lon="-71.3935456">
        <ele>1066.6</ele>
      </trkpt>
      <trkpt lat="-39.8899823" lon="-71.3934276">
        <ele>1066.4</ele>
      </trkpt>
      <trkpt lat="-39.8900029" lon="-71.3933042">
        <ele>1066.2</ele>
      </trkpt>
      <trkpt lat="-39.890007" lon="-71.3931674">
        <ele>1065.8</ele>
      </trkpt>
      <trkpt lat="-39.8899576" lon="-71.3927624">
        <ele>1063.5</ele>
      </trkpt>
      <trkpt lat="-39.8899411" lon="-71.3925183">
        <ele>1061.8</ele>
      </trkpt>
      <trkpt lat="-39.889972" lon="-71.3923386">
        <ele>1061.2</ele>
      </trkpt>
      <trkpt lat="-39.8900317" lon="-71.3921964">
        <ele>1060.8</ele>
      </trkpt>
      <trkpt lat="-39.8902066" lon="-71.3918987">
        <ele>1059.8</ele>
      </trkpt>
      <trkpt lat="-39.8903301" lon="-71.3917324">
        <ele>1060.1</ele>
      </trkpt>
      <trkpt lat="-39.8903918" lon="-71.3916278">
        <ele>1060.2</ele>
      </trkpt>
      <trkpt lat="-39.8904309" lon="-71.3914856">
        <ele>1060</ele>
      </trkpt>
      <trkpt lat="-39.890433" lon="-71.3913676">
        <ele>1059</ele>
      </trkpt>
      <trkpt lat="-39.8904083" lon="-71.3909921">
        <ele>1054.5</ele>
      </trkpt>
      <trkpt lat="-39.8904186" lon="-71.3908553">
        <ele>1053.5</ele>
      </trkpt>
      <trkpt lat="-39.8904577" lon="-71.3907105">
        <ele>1053.2</ele>
      </trkpt>
      <trkpt lat="-39.890645" lon="-71.390225">
        <ele>1054</ele>
      </trkpt>
      <trkpt lat="-39.8906861" lon="-71.3900426">
        <ele>1053.5</ele>
      </trkpt>
      <trkpt lat="-39.8906923" lon="-71.3898522">
        <ele>1052.5</ele>
      </trkpt>
      <trkpt lat="-39.8906265" lon="-71.3894445">
        <ele>1044.8</ele>
      </trkpt>
      <trkpt lat="-39.8906203" lon="-71.3892916">
        <ele>1042.8</ele>
      </trkpt>
      <trkpt lat="-39.8906429" lon="-71.3890958">
        <ele>1041.8</ele>
      </trkpt>
      <trkpt lat="-39.8908569" lon="-71.3884842">
        <ele>1041</ele>
      </trkpt>
      <trkpt lat="-39.8910854" lon="-71.3877547">
        <ele>1039.5</ele>
      </trkpt>
      <trkpt lat="-39.891143" lon="-71.3875857">
        <ele>1040.1</ele>
      </trkpt>
      <trkpt lat="-39.8912089" lon="-71.3874784">
        <ele>1040.5</ele>
      </trkpt>
      <trkpt lat="-39.8913611" lon="-71.3873014">
        <ele>1043</ele>
      </trkpt>
      <trkpt lat="-39.8914373" lon="-71.3871405">
        <ele>1043.2</ele>
      </trkpt>
      <trkpt lat="-39.8917213" lon="-71.3858986">
        <ele>1042</ele>
      </trkpt>
      <trkpt lat="-39.8919724" lon="-71.3849357">
        <ele>1043</ele>
      </trkpt>
      <trkpt lat="-39.8920773" lon="-71.3846165">
        <ele>1043.5</ele>
      </trkpt>
      <trkpt lat="-39.8921699" lon="-71.3844073">
        <ele>1044.2</ele>
      </trkpt>
      <trkpt lat="-39.8924498" lon="-71.3839191">
        <ele>1045.2</ele>
      </trkpt>
      <trkpt lat="-39.8926576" lon="-71.3835892">
        <ele>1045.5</ele>
      </trkpt>
      <trkpt lat="-39.8928367" lon="-71.3832352">
        <ele>1046.2</ele>
      </trkpt>
      <trkpt lat="-39.893238" lon="-71.3823152">
        <ele>1051.5</ele>
      </trkpt>
      <trkpt lat="-39.8933594" lon="-71.3820389">
        <ele>1051.9</ele>
      </trkpt>
      <trkpt lat="-39.8937545" lon="-71.3812262">
        <ele>1053</ele>
      </trkpt>
      <trkpt lat="-39.8938677" lon="-71.3808936">
        <ele>1054</ele>
      </trkpt>
      <trkpt lat="-39.8939397" lon="-71.3806415">
        <ele>1054.8</ele>
      </trkpt>
      <trkpt lat="-39.8940467" lon="-71.3802391">
        <ele>1054.2</ele>
      </trkpt>
      <trkpt lat="-39.894129" lon="-71.3797966">
        <ele>1053.1</ele>
      </trkpt>
      <trkpt lat="-39.8942916" lon="-71.3784072">
        <ele>1049.5</ele>
      </trkpt>
      <trkpt lat="-39.8943657" lon="-71.3778278">
        <ele>1047.2</ele>
      </trkpt>
      <trkpt lat="-39.8944254" lon="-71.3772726">
        <ele>1043.2</ele>
      </trkpt>
      <trkpt lat="-39.8944583" lon="-71.377109">
        <ele>1042.2</ele>
      </trkpt>
      <trkpt lat="-39.8946147" lon="-71.3766664">
        <ele>1040.5</ele>
      </trkpt>
      <trkpt lat="-39.8947958" lon="-71.376189">
        <ele>1039.2</ele>
      </trkpt>
      <trkpt lat="-39.8949604" lon="-71.3758376">
        <ele>1039.4</ele>
      </trkpt>
      <trkpt lat="-39.8953535" lon="-71.3752046">
        <ele>1039.8</ele>
      </trkpt>
      <trkpt lat="-39.8955263" lon="-71.3749444">
        <ele>1040</ele>
      </trkpt>
      <trkpt lat="-39.8956992" lon="-71.3747942">
        <ele>1041.8</ele>
      </trkpt>
      <trkpt lat="-39.8958082" lon="-71.3747406">
        <ele>1042.8</ele>
      </trkpt>
      <trkpt lat="-39.8959276" lon="-71.3747218">
        <ele>1044.2</ele>
      </trkpt>
      <trkpt lat="-39.896012" lon="-71.3747701">
        <ele>1046.5</ele>
      </trkpt>
      <trkpt lat="-39.8960984" lon="-71.3748559">
        <ele>1049</ele>
      </trkpt>
      <trkpt lat="-39.8963885" lon="-71.3751966">
        <ele>1054</ele>
      </trkpt>
      <trkpt lat="-39.8965038" lon="-71.3752288">
        <ele>1054.5</ele>
      </trkpt>
      <trkpt lat="-39.8966252" lon="-71.37521">
        <ele>1054</ele>
      </trkpt>
      <trkpt lat="-39.897224" lon="-71.3749149">
        <ele>1051.2</ele>
      </trkpt>
      <trkpt lat="-39.8974833" lon="-71.3747916">
        <ele>1050.5</ele>
      </trkpt>
      <trkpt lat="-39.8978372" lon="-71.3746762">
        <ele>1050</ele>
      </trkpt>
      <trkpt lat="-39.8980554" lon="-71.3745743">
        <ele>1049.8</ele>
      </trkpt>
      <trkpt lat="-39.8982385" lon="-71.3744187">
        <ele>1049.4</ele>
      </trkpt>
      <trkpt lat="-39.8983537" lon="-71.3742337">
        <ele>1049.1</ele>
      </trkpt>
      <trkpt lat="-39.8984031" lon="-71.374011">
        <ele>1048.7</ele>
      </trkpt>
      <trkpt lat="-39.8983846" lon="-71.3738796">
        <ele>1048.6</ele>
      </trkpt>
      <trkpt lat="-39.898327" lon="-71.3737616">
        <ele>1048.4</ele>
      </trkpt>
      <trkpt lat="-39.8982447" lon="-71.373716">
        <ele>1048.2</ele>
      </trkpt>
      <trkpt lat="-39.8981438" lon="-71.3736972">
        <ele>1048.1</ele>
      </trkpt>
      <trkpt lat="-39.8978228" lon="-71.3736972">
        <ele>1047.5</ele>
      </trkpt>
      <trkpt lat="-39.8976253" lon="-71.3736758">
        <ele>1046</ele>
      </trkpt>
      <trkpt lat="-39.8974586" lon="-71.3736141">
        <ele>1044</ele>
      </trkpt>
      <trkpt lat="-39.8973681" lon="-71.3735417">
        <ele>1042.5</ele>
      </trkpt>
      <trkpt lat="-39.897296" lon="-71.3734451">
        <ele>1040.8</ele>
      </trkpt>
      <trkpt lat="-39.8972137" lon="-71.3732493">
        <ele>1038.2</ele>
      </trkpt>
      <trkpt lat="-39.8971396" lon="-71.372458">
        <ele>1034.5</ele>
      </trkpt>
      <trkpt lat="-39.8970717" lon="-71.372155">
        <ele>1032.8</ele>
      </trkpt>
      <trkpt lat="-39.8969874" lon="-71.371817">
        <ele>1030.5</ele>
      </trkpt>
      <trkpt lat="-39.896975" lon="-71.3716426">
        <ele>1029.8</ele>
      </trkpt>
      <trkpt lat="-39.896975" lon="-71.3714844">
        <ele>1029.2</ele>
      </trkpt>
      <trkpt lat="-39.8970697" lon="-71.3710928">
        <ele>1029.5</ele>
      </trkpt>
      <trkpt lat="-39.8971232" lon="-71.3708836">
        <ele>1028.2</ele>
      </trkpt>
      <trkpt lat="-39.8972261" lon="-71.3706207">
        <ele>1028</ele>
      </trkpt>
      <trkpt lat="-39.897331" lon="-71.3704759">
        <ele>1027.8</ele>
      </trkpt>
      <trkpt lat="-39.897438" lon="-71.3703954">
        <ele>1028.1</ele>
      </trkpt>
      <trkpt lat="-39.8978331" lon="-71.3702103">
        <ele>1029.2</ele>
      </trkpt>
      <trkpt lat="-39.8979854" lon="-71.3701245">
        <ele>1028.8</ele>
      </trkpt>
      <trkpt lat="-39.8983126" lon="-71.3698697">
        <ele>1027.8</ele>
      </trkpt>
      <trkpt lat="-39.8984669" lon="-71.3698053">
        <ele>1028</ele>
      </trkpt>
      <trkpt lat="-39.8989031" lon="-71.3696739">
        <ele>1028.2</ele>
      </trkpt>
      <trkpt lat="-39.8992653" lon="-71.3695532">
        <ele>1028</ele>
      </trkpt>
      <trkpt lat="-39.8993785" lon="-71.3695505">
        <ele>1028.2</ele>
      </trkpt>
      <trkpt lat="-39.899897" lon="-71.3696766">
        <ele>1031.5</ele>
      </trkpt>
      <trkpt lat="-39.8999896" lon="-71.3696578">
        <ele>1031</ele>
      </trkpt>
      <trkpt lat="-39.9001172" lon="-71.3695908">
        <ele>1030</ele>
      </trkpt>
      <trkpt lat="-39.9002612" lon="-71.3694245">
        <ele>1028.2</ele>
      </trkpt>
      <trkpt lat="-39.9004793" lon="-71.369057">
        <ele>1026.6</ele>
      </trkpt>
      <trkpt lat="-39.9005575" lon="-71.3689229">
        <ele>1026</ele>
      </trkpt>
      <trkpt lat="-39.900609" lon="-71.3688236">
        <ele>1026</ele>
      </trkpt>
      <trkpt lat="-39.9006645" lon="-71.3686761">
        <ele>1026.5</ele>
      </trkpt>
      <trkpt lat="-39.9006604" lon="-71.3684937">
        <ele>1027</ele>
      </trkpt>
      <trkpt lat="-39.9005843" lon="-71.3683087">
        <ele>1025.5</ele>
      </trkpt>
      <trkpt lat="-39.9004649" lon="-71.3682094">
        <ele>1023.8</ele>
      </trkpt>
      <trkpt lat="-39.900218" lon="-71.3680726">
        <ele>1021.2</ele>
      </trkpt>
      <trkpt lat="-39.9001295" lon="-71.3679627">
        <ele>1021</ele>
      </trkpt>
      <trkpt lat="-39.9000802" lon="-71.3678205">
        <ele>1020.8</ele>
      </trkpt>
      <trkpt lat="-39.9000802" lon="-71.3676998">
        <ele>1021.2</ele>
      </trkpt>
      <trkpt lat="-39.9001048" lon="-71.3675389">
        <ele>1021.8</ele>
      </trkpt>
      <trkpt lat="-39.9002962" lon="-71.3671607">
        <ele>1023.5</ele>
      </trkpt>
      <trkpt lat="-39.9005308" lon="-71.3668469">
        <ele>1025.8</ele>
      </trkpt>
      <trkpt lat="-39.9006275" lon="-71.3666806">
        <ele>1027.2</ele>
      </trkpt>
      <trkpt lat="-39.9007304" lon="-71.3663936">
        <ele>1028.2</ele>
      </trkpt>
      <trkpt lat="-39.9007757" lon="-71.3662595">
        <ele>1028.8</ele>
      </trkpt>
      <trkpt lat="-39.9008703" lon="-71.3661897">
        <ele>1029.2</ele>
      </trkpt>
      <trkpt lat="-39.9012119" lon="-71.3660824">
        <ele>1031.2</ele>
      </trkpt>
      <trkpt lat="-39.9014382" lon="-71.3659617">
        <ele>1033.5</ele>
      </trkpt>
      <trkpt lat="-39.9017613" lon="-71.3656881">
        <ele>1035.5</ele>
      </trkpt>
      <trkpt lat="-39.902502" lon="-71.3649103">
        <ele>1042.5</ele>
      </trkpt>
      <trkpt lat="-39.9027983" lon="-71.3646233">
        <ele>1046.5</ele>
      </trkpt>
      <trkpt lat="-39.9031995" lon="-71.3641593">
        <ele>1052.2</ele>
      </trkpt>
      <trkpt lat="-39.9040349" lon="-71.3629737">
        <ele>1051.8</ele>
      </trkpt>
      <trkpt lat="-39.9042201" lon="-71.3627136">
        <ele>1049.2</ele>
      </trkpt>
      <trkpt lat="-39.9043888" lon="-71.3625553">
        <ele>1048</ele>
      </trkpt>
      <trkpt lat="-39.9045658" lon="-71.3624427">
        <ele>1047.8</ele>
      </trkpt>
      <trkpt lat="-39.9054444" lon="-71.3621047">
        <ele>1047.3</ele>
      </trkpt>
      <trkpt lat="-39.9064258" lon="-71.3617614">
        <ele>1046.8</ele>
      </trkpt>
      <trkpt lat="-39.9071665" lon="-71.3614717">
        <ele>1048.2</ele>
      </trkpt>
      <trkpt lat="-39.9073825" lon="-71.3613537">
        <ele>1048</ele>
      </trkpt>
      <trkpt lat="-39.907578" lon="-71.3612303">
        <ele>1047.8</ele>
      </trkpt>
      <trkpt lat="-39.9087302" lon="-71.3603586">
        <ele>1048.5</ele>
      </trkpt>
      <trkpt lat="-39.9094297" lon="-71.3598248">
        <ele>1049.2</ele>
      </trkpt>
      <trkpt lat="-39.9098679" lon="-71.3594306">
        <ele>1052</ele>
      </trkpt>
      <trkpt lat="-39.9102053" lon="-71.3591006">
        <ele>1055.2</ele>
      </trkpt>
      <trkpt lat="-39.9112237" lon="-71.3579822">
        <ele>1060</ele>
      </trkpt>
      <trkpt lat="-39.9114932" lon="-71.3576603">
        <ele>1062.8</ele>
      </trkpt>
      <trkpt lat="-39.9115838" lon="-71.3575289">
        <ele>1063.8</ele>
      </trkpt>
      <trkpt lat="-39.9117586" lon="-71.357097">
        <ele>1064.8</ele>
      </trkpt>
      <trkpt lat="-39.9118492" lon="-71.3568074">
        <ele>1064</ele>
      </trkpt>
      <trkpt lat="-39.9119212" lon="-71.3564667">
        <ele>1063</ele>
      </trkpt>
      <trkpt lat="-39.9119808" lon="-71.3560429">
        <ele>1062.2</ele>
      </trkpt>
      <trkpt lat="-39.9120199" lon="-71.3554904">
        <ele>1063</ele>
      </trkpt>
      <trkpt lat="-39.9119993" lon="-71.3550451">
        <ele>1062.2</ele>
      </trkpt>
      <trkpt lat="-39.9119459" lon="-71.354557">
        <ele>1059.2</ele>
      </trkpt>
      <trkpt lat="-39.91195" lon="-71.35427">
        <ele>1057.8</ele>
      </trkpt>
      <trkpt lat="-39.9120055" lon="-71.3540098">
        <ele>1058</ele>
      </trkpt>
      <trkpt lat="-39.912129" lon="-71.3536343">
        <ele>1060.5</ele>
      </trkpt>
      <trkpt lat="-39.912201" lon="-71.3535324">
        <ele>1062.5</ele>
      </trkpt>
      <trkpt lat="-39.9123799" lon="-71.3533553">
        <ele>1068.5</ele>
      </trkpt>
      <trkpt lat="-39.9124725" lon="-71.3532105">
        <ele>1071.2</ele>
      </trkpt>
      <trkpt lat="-39.9125013" lon="-71.3531086">
        <ele>1071.5</ele>
      </trkpt>
      <trkpt lat="-39.9125075" lon="-71.3529503">
        <ele>1070.5</ele>
      </trkpt>
      <trkpt lat="-39.9124808" lon="-71.3525802">
        <ele>1068.5</ele>
      </trkpt>
      <trkpt lat="-39.9124376" lon="-71.3522208">
        <ele>1068.2</ele>
      </trkpt>
      <trkpt lat="-39.9123717" lon="-71.3519767">
        <ele>1068</ele>
      </trkpt>
      <trkpt lat="-39.9122359" lon="-71.3517594">
        <ele>1063.2</ele>
      </trkpt>
      <trkpt lat="-39.9120734" lon="-71.3514671">
        <ele>1059.5</ele>
      </trkpt>
      <trkpt lat="-39.9119932" lon="-71.3512847">
        <ele>1058.5</ele>
      </trkpt>
      <trkpt lat="-39.9119438" lon="-71.3510808">
        <ele>1059.2</ele>
      </trkpt>
      <trkpt lat="-39.9118738" lon="-71.3501582">
        <ele>1067.8</ele>
      </trkpt>
      <trkpt lat="-39.9118265" lon="-71.3498819">
        <ele>1068.5</ele>
      </trkpt>
      <trkpt lat="-39.9115426" lon="-71.3489833">
        <ele>1064.2</ele>
      </trkpt>
      <trkpt lat="-39.9114727" lon="-71.3487768">
        <ele>1062</ele>
      </trkpt>
      <trkpt lat="-39.9114747" lon="-71.3485059">
        <ele>1064</ele>
      </trkpt>
      <trkpt lat="-39.9114521" lon="-71.3476101">
        <ele>1066.2</ele>
      </trkpt>
      <trkpt lat="-39.9113533" lon="-71.3463655">
        <ele>1062.5</ele>
      </trkpt>
      <trkpt lat="-39.9113081" lon="-71.3458022">
        <ele>1063.2</ele>
      </trkpt>
      <trkpt lat="-39.9111702" lon="-71.3448554">
        <ele>1065.8</ele>
      </trkpt>
      <trkpt lat="-39.9110591" lon="-71.3443699">
        <ele>1065</ele>
      </trkpt>
      <trkpt lat="-39.9109624" lon="-71.3439971">
        <ele>1063.2</ele>
      </trkpt>
      <trkpt lat="-39.910874" lon="-71.3437155">
        <ele>1063</ele>
      </trkpt>
      <trkpt lat="-39.9103679" lon="-71.342656">
        <ele>1062.5</ele>
      </trkpt>
      <trkpt lat="-39.9101683" lon="-71.3422456">
        <ele>1064.8</ele>
      </trkpt>
      <trkpt lat="-39.9097403" lon="-71.3412157">
        <ele>1067.5</ele>
      </trkpt>
      <trkpt lat="-39.9096354" lon="-71.340993">
        <ele>1068.8</ele>
      </trkpt>
      <trkpt lat="-39.9095181" lon="-71.3408214">
        <ele>1068</ele>
      </trkpt>
      <trkpt lat="-39.9093885" lon="-71.3406765">
        <ele>1066.8</ele>
      </trkpt>
      <trkpt lat="-39.9089626" lon="-71.3403037">
        <ele>1062.2</ele>
      </trkpt>
      <trkpt lat="-39.9088207" lon="-71.3401669">
        <ele>1060.8</ele>
      </trkpt>
      <trkpt lat="-39.908726" lon="-71.3400435">
        <ele>1060.9</ele>
      </trkpt>
      <trkpt lat="-39.9084113" lon="-71.339668">
        <ele>1061.2</ele>
      </trkpt>
      <trkpt lat="-39.9082014" lon="-71.3393971">
        <ele>1062.2</ele>
      </trkpt>
      <trkpt lat="-39.9079998" lon="-71.3390726">
        <ele>1062.8</ele>
      </trkpt>
      <trkpt lat="-39.9077446" lon="-71.33863">
        <ele>1064</ele>
      </trkpt>
      <trkpt lat="-39.9075348" lon="-71.3382652">
        <ele>1063.2</ele>
      </trkpt>
      <trkpt lat="-39.9074072" lon="-71.3379836">
        <ele>1062.5</ele>
      </trkpt>
      <trkpt lat="-39.9073887" lon="-71.3378924">
        <ele>1062.8</ele>
      </trkpt>
      <trkpt lat="-39.9074072" lon="-71.3378093">
        <ele>1064.2</ele>
      </trkpt>
      <trkpt lat="-39.9074751" lon="-71.3377154">
        <ele>1068</ele>
      </trkpt>
      <trkpt lat="-39.9075121" lon="-71.3376349">
        <ele>1070.2</ele>
      </trkpt>
      <trkpt lat="-39.907506" lon="-71.3374954">
        <ele>1070.8</ele>
      </trkpt>
      <trkpt lat="-39.9073578" lon="-71.3366264">
        <ele>1064.8</ele>
      </trkpt>
      <trkpt lat="-39.9073249" lon="-71.3363582">
        <ele>1062.8</ele>
      </trkpt>
      <trkpt lat="-39.9072858" lon="-71.3358003">
        <ele>1060.2</ele>
      </trkpt>
      <trkpt lat="-39.9072858" lon="-71.3356286">
        <ele>1059.8</ele>
      </trkpt>
      <trkpt lat="-39.9073043" lon="-71.335465">
        <ele>1059</ele>
      </trkpt>
      <trkpt lat="-39.9074257" lon="-71.3347703">
        <ele>1056.2</ele>
      </trkpt>
      <trkpt lat="-39.9074442" lon="-71.3342258">
        <ele>1054</ele>
      </trkpt>
      <trkpt lat="-39.9074463" lon="-71.3338584">
        <ele>1052.5</ele>
      </trkpt>
      <trkpt lat="-39.9074957" lon="-71.3314658">
        <ele>1048.8</ele>
      </trkpt>
      <trkpt lat="-39.9075677" lon="-71.3305405">
        <ele>1043</ele>
      </trkpt>
      <trkpt lat="-39.9076767" lon="-71.3297841">
        <ele>1040.2</ele>
      </trkpt>
      <trkpt lat="-39.9080265" lon="-71.327987">
        <ele>1044</ele>
      </trkpt>
      <trkpt lat="-39.9080862" lon="-71.3275579">
        <ele>1043</ele>
      </trkpt>
      <trkpt lat="-39.9080759" lon="-71.3271663">
        <ele>1042.2</ele>
      </trkpt>
      <trkpt lat="-39.9080327" lon="-71.3269436">
        <ele>1041</ele>
      </trkpt>
      <trkpt lat="-39.9079668" lon="-71.3267478">
        <ele>1040</ele>
      </trkpt>
      <trkpt lat="-39.9073208" lon="-71.3256857">
        <ele>1033.2</ele>
      </trkpt>
      <trkpt lat="-39.907222" lon="-71.3255301">
        <ele>1032</ele>
      </trkpt>
      <trkpt lat="-39.9071562" lon="-71.3254014">
        <ele>1031</ele>
      </trkpt>
      <trkpt lat="-39.9071274" lon="-71.3252243">
        <ele>1030.5</ele>
      </trkpt>
      <trkpt lat="-39.9071397" lon="-71.3249078">
        <ele>1030</ele>
      </trkpt>
      <trkpt lat="-39.9076335" lon="-71.3232341">
        <ele>1025.8</ele>
      </trkpt>
      <trkpt lat="-39.9077097" lon="-71.3227487">
        <ele>1023.8</ele>
      </trkpt>
      <trkpt lat="-39.907757" lon="-71.3222283">
        <ele>1022.5</ele>
      </trkpt>
      <trkpt lat="-39.9078928" lon="-71.320155">
        <ele>1014.5</ele>
      </trkpt>
      <trkpt lat="-39.9081212" lon="-71.3179502">
        <ele>1009.2</ele>
      </trkpt>
      <trkpt lat="-39.9081911" lon="-71.3174674">
        <ele>1008</ele>
      </trkpt>
      <trkpt lat="-39.9082919" lon="-71.3171294">
        <ele>1008.2</ele>
      </trkpt>
      <trkpt lat="-39.9084154" lon="-71.3169149">
        <ele>1008.8</ele>
      </trkpt>
      <trkpt lat="-39.9086458" lon="-71.3165876">
        <ele>1008.2</ele>
      </trkpt>
      <trkpt lat="-39.9087816" lon="-71.3163999">
        <ele>1008</ele>
      </trkpt>
      <trkpt lat="-39.9088927" lon="-71.3161907">
        <ele>1007</ele>
      </trkpt>
      <trkpt lat="-39.909691" lon="-71.3137364">
        <ele>1002.8</ele>
      </trkpt>
      <trkpt lat="-39.9098597" lon="-71.3131008">
        <ele>1001.8</ele>
      </trkpt>
      <trkpt lat="-39.9106703" lon="-71.3098043">
        <ele>1001</ele>
      </trkpt>
      <trkpt lat="-39.9109892" lon="-71.3081816">
        <ele>1000.5</ele>
      </trkpt>
      <trkpt lat="-39.9112422" lon="-71.3067386">
        <ele>1000</ele>
      </trkpt>
      <trkpt lat="-39.9114315" lon="-71.3056093">
        <ele>999.8</ele>
      </trkpt>
      <trkpt lat="-39.91152" lon="-71.3052499">
        <ele>999</ele>
      </trkpt>
      <trkpt lat="-39.9116743" lon="-71.30492">
        <ele>998.5</ele>
      </trkpt>
      <trkpt lat="-39.911845" lon="-71.3046572">
        <ele>997.5</ele>
      </trkpt>
      <trkpt lat="-39.9120446" lon="-71.3044345">
        <ele>997.1</ele>
      </trkpt>
      <trkpt lat="-39.9122442" lon="-71.3042521">
        <ele>996.8</ele>
      </trkpt>
      <trkpt lat="-39.9124026" lon="-71.3041529">
        <ele>997</ele>
      </trkpt>
      <trkpt lat="-39.912847" lon="-71.3039142">
        <ele>1000.5</ele>
      </trkpt>
      <trkpt lat="-39.913065" lon="-71.3037586">
        <ele>1003.2</ele>
      </trkpt>
      <trkpt lat="-39.9131905" lon="-71.3036352">
        <ele>1005</ele>
      </trkpt>
      <trkpt lat="-39.9132625" lon="-71.3034877">
        <ele>1004.8</ele>
      </trkpt>
      <trkpt lat="-39.9136925" lon="-71.302447">
        <ele>1001.8</ele>
      </trkpt>
      <trkpt lat="-39.9138242" lon="-71.3021117">
        <ele>1000.5</ele>
      </trkpt>
      <trkpt lat="-39.9139209" lon="-71.3019025">
        <ele>999</ele>
      </trkpt>
      <trkpt lat="-39.9140155" lon="-71.3017389">
        <ele>998</ele>
      </trkpt>
      <trkpt lat="-39.9141965" lon="-71.3015592">
        <ele>997.5</ele>
      </trkpt>
      <trkpt lat="-39.9145257" lon="-71.3013098">
        <ele>997</ele>
      </trkpt>
      <trkpt lat="-39.9145895" lon="-71.3012373">
        <ele>996.2</ele>
      </trkpt>
      <trkpt lat="-39.9146533" lon="-71.3011461">
        <ele>995.2</ele>
      </trkpt>
      <trkpt lat="-39.9147973" lon="-71.3008484">
        <ele>992.8</ele>
      </trkpt>
      <trkpt lat="-39.9149228" lon="-71.3006392">
        <ele>991.8</ele>
      </trkpt>
      <trkpt lat="-39.9156613" lon="-71.2998453">
        <ele>990.8</ele>
      </trkpt>
      <trkpt lat="-39.91619" lon="-71.2990835">
        <ele>989.5</ele>
      </trkpt>
      <trkpt lat="-39.9163093" lon="-71.2988797">
        <ele>989.8</ele>
      </trkpt>
      <trkpt lat="-39.9163834" lon="-71.2987107">
        <ele>989.6</ele>
      </trkpt>
      <trkpt lat="-39.9165377" lon="-71.2982789">
        <ele>989.2</ele>
      </trkpt>
      <trkpt lat="-39.9166282" lon="-71.298126">
        <ele>989.8</ele>
      </trkpt>
      <trkpt lat="-39.9168833" lon="-71.2977746">
        <ele>991</ele>
      </trkpt>
      <trkpt lat="-39.9175107" lon="-71.2968144">
        <ele>994.5</ele>
      </trkpt>
      <trkpt lat="-39.917807" lon="-71.2963772">
        <ele>993.2</ele>
      </trkpt>
      <trkpt lat="-39.9179098" lon="-71.2962672">
        <ele>993</ele>
      </trkpt>
      <trkpt lat="-39.9180168" lon="-71.2961867">
        <ele>992.8</ele>
      </trkpt>
      <trkpt lat="-39.9184776" lon="-71.295889">
        <ele>992</ele>
      </trkpt>
      <trkpt lat="-39.9187944" lon="-71.295661">
        <ele>992.5</ele>
      </trkpt>
      <trkpt lat="-39.9189137" lon="-71.295535">
        <ele>992.2</ele>
      </trkpt>
      <trkpt lat="-39.9190268" lon="-71.2953928">
        <ele>992</ele>
      </trkpt>
      <trkpt lat="-39.9193724" lon="-71.2945908">
        <ele>985.8</ele>
      </trkpt>
      <trkpt lat="-39.9195103" lon="-71.2943253">
        <ele>985.5</ele>
      </trkpt>
      <trkpt lat="-39.9197407" lon="-71.2939283">
        <ele>985</ele>
      </trkpt>
      <trkpt lat="-39.9198867" lon="-71.2936091">
        <ele>983.8</ele>
      </trkpt>
      <trkpt lat="-39.9199772" lon="-71.2932685">
        <ele>982.2</ele>
      </trkpt>
      <trkpt lat="-39.9200019" lon="-71.2929574">
        <ele>981.5</ele>
      </trkpt>
      <trkpt lat="-39.9199669" lon="-71.2926435">
        <ele>980.2</ele>
      </trkpt>
      <trkpt lat="-39.9199464" lon="-71.2924585">
        <ele>979.5</ele>
      </trkpt>
      <trkpt lat="-39.9199279" lon="-71.2922734">
        <ele>978.8</ele>
      </trkpt>
      <trkpt lat="-39.9199443" lon="-71.291863">
        <ele>977.5</ele>
      </trkpt>
      <trkpt lat="-39.9199772" lon="-71.2906614">
        <ele>974</ele>
      </trkpt>
      <trkpt lat="-39.9199875" lon="-71.2887302">
        <ele>972.5</ele>
      </trkpt>
      <trkpt lat="-39.9200101" lon="-71.2882179">
        <ele>972.8</ele>
      </trkpt>
      <trkpt lat="-39.9200616" lon="-71.2878773">
        <ele>972.2</ele>
      </trkpt>
      <trkpt lat="-39.9201912" lon="-71.2874722">
        <ele>971.9</ele>
      </trkpt>
      <trkpt lat="-39.9203167" lon="-71.2870297">
        <ele>971.5</ele>
      </trkpt>
      <trkpt lat="-39.9203722" lon="-71.2867373">
        <ele>972</ele>
      </trkpt>
      <trkpt lat="-39.9203907" lon="-71.2863323">
        <ele>972.2</ele>
      </trkpt>
      <trkpt lat="-39.9202015" lon="-71.284385">
        <ele>970.8</ele>
      </trkpt>
      <trkpt lat="-39.9202015" lon="-71.2834355">
        <ele>970</ele>
      </trkpt>
      <trkpt lat="-39.9201377" lon="-71.2815312">
        <ele>970.5</ele>
      </trkpt>
      <trkpt lat="-39.920004" lon="-71.2789562">
        <ele>967</ele>
      </trkpt>
      <trkpt lat="-39.920076" lon="-71.2779075">
        <ele>965.8</ele>
      </trkpt>
      <trkpt lat="-39.9201212" lon="-71.2775213">
        <ele>966.2</ele>
      </trkpt>
      <trkpt lat="-39.9202323" lon="-71.2770519">
        <ele>965.9</ele>
      </trkpt>
      <trkpt lat="-39.9204462" lon="-71.2766093">
        <ele>965.5</ele>
      </trkpt>
      <trkpt lat="-39.9215694" lon="-71.2751421">
        <ele>965.2</ele>
      </trkpt>
      <trkpt lat="-39.9217443" lon="-71.2749436">
        <ele>964.8</ele>
      </trkpt>
      <trkpt lat="-39.9219191" lon="-71.2748042">
        <ele>964.5</ele>
      </trkpt>
      <trkpt lat="-39.923357" lon="-71.2737018">
        <ele>961.8</ele>
      </trkpt>
      <trkpt lat="-39.9249676" lon="-71.2723151">
        <ele>959.2</ele>
      </trkpt>
      <trkpt lat="-39.9281331" lon="-71.2695953">
        <ele>957</ele>
      </trkpt>
      <trkpt lat="-39.9291533" lon="-71.2685922">
        <ele>955.2</ele>
      </trkpt>
      <trkpt lat="-39.9294084" lon="-71.2683427">
        <ele>953.2</ele>
      </trkpt>
      <trkpt lat="-39.9302517" lon="-71.2674952">
        <ele>949.8</ele>
      </trkpt>
      <trkpt lat="-39.9303874" lon="-71.2673852">
        <ele>949.6</ele>
      </trkpt>
      <trkpt lat="-39.9305273" lon="-71.2673128">
        <ele>949.5</ele>
      </trkpt>
      <trkpt lat="-39.9306754" lon="-71.2673101">
        <ele>950</ele>
      </trkpt>
      <trkpt lat="-39.9308008" lon="-71.267353">
        <ele>950.5</ele>
      </trkpt>
      <trkpt lat="-39.9313253" lon="-71.2674522">
        <ele>953.2</ele>
      </trkpt>
      <trkpt lat="-39.9315947" lon="-71.2674657">
        <ele>953.8</ele>
      </trkpt>
      <trkpt lat="-39.9318518" lon="-71.267404">
        <ele>954.2</ele>
      </trkpt>
      <trkpt lat="-39.9321007" lon="-71.267294">
        <ele>953.2</ele>
      </trkpt>
      <trkpt lat="-39.9327218" lon="-71.2669587">
        <ele>951.5</ele>
      </trkpt>
      <trkpt lat="-39.933055" lon="-71.2667522">
        <ele>950.8</ele>
      </trkpt>
      <trkpt lat="-39.9335856" lon="-71.266323">
        <ele>948.2</ele>
      </trkpt>
      <trkpt lat="-39.9339373" lon="-71.2660897">
        <ele>947</ele>
      </trkpt>
      <trkpt lat="-39.9354757" lon="-71.2651455">
        <ele>944.2</ele>
      </trkpt>
      <trkpt lat="-39.9370284" lon="-71.2642524">
        <ele>945</ele>
      </trkpt>
      <trkpt lat="-39.937411" lon="-71.264011">
        <ele>946.5</ele>
      </trkpt>
      <trkpt lat="-39.9377482" lon="-71.2637642">
        <ele>947</ele>
      </trkpt>
      <trkpt lat="-39.9389657" lon="-71.2627664">
        <ele>946.8</ele>
      </trkpt>
      <trkpt lat="-39.9397513" lon="-71.2621307">
        <ele>947.8</ele>
      </trkpt>
      <trkpt lat="-39.9404608" lon="-71.2615702">
        <ele>950</ele>
      </trkpt>
      <trkpt lat="-39.9417954" lon="-71.2604061">
        <ele>944.8</ele>
      </trkpt>
      <trkpt lat="-39.942036" lon="-71.2601593">
        <ele>943.2</ele>
      </trkpt>
      <trkpt lat="-39.9424083" lon="-71.2597194">
        <ele>940.5</ele>
      </trkpt>
      <trkpt lat="-39.9425645" lon="-71.2595773">
        <ele>939</ele>
      </trkpt>
      <trkpt lat="-39.9426818" lon="-71.2594914">
        <ele>938</ele>
      </trkpt>
      <trkpt lat="-39.9428319" lon="-71.2594646">
        <ele>937.5</ele>
      </trkpt>
      <trkpt lat="-39.9429799" lon="-71.2594834">
        <ele>938</ele>
      </trkpt>
      <trkpt lat="-39.9433439" lon="-71.2596765">
        <ele>940.8</ele>
      </trkpt>
      <trkpt lat="-39.9434982" lon="-71.2597758">
        <ele>941</ele>
      </trkpt>
      <trkpt lat="-39.9436215" lon="-71.2598911">
        <ele>941.2</ele>
      </trkpt>
      <trkpt lat="-39.9437593" lon="-71.2600601">
        <ele>941.5</ele>
      </trkpt>
      <trkpt lat="-39.9440122" lon="-71.2603766">
        <ele>943</ele>
      </trkpt>
      <trkpt lat="-39.9442878" lon="-71.2606394">
        <ele>944</ele>
      </trkpt>
      <trkpt lat="-39.9446189" lon="-71.2609667">
        <ele>946.8</ele>
      </trkpt>
      <trkpt lat="-39.9447443" lon="-71.2611437">
        <ele>949</ele>
      </trkpt>
      <trkpt lat="-39.9448492" lon="-71.2614736">
        <ele>952</ele>
      </trkpt>
      <trkpt lat="-39.9448965" lon="-71.2616748">
        <ele>953.8</ele>
      </trkpt>
      <trkpt lat="-39.944917" lon="-71.2619162">
        <ele>954.2</ele>
      </trkpt>
      <trkpt lat="-39.9449314" lon="-71.2633994">
        <ele>952.5</ele>
      </trkpt>
      <trkpt lat="-39.9449602" lon="-71.2637052">
        <ele>952</ele>
      </trkpt>
      <trkpt lat="-39.9450692" lon="-71.2640673">
        <ele>952.8</ele>
      </trkpt>
      <trkpt lat="-39.9452008" lon="-71.2642658">
        <ele>953.5</ele>
      </trkpt>
      <trkpt lat="-39.9454599" lon="-71.2645179">
        <ele>955.5</ele>
      </trkpt>
      <trkpt lat="-39.945682" lon="-71.2646466">
        <ele>956.5</ele>
      </trkpt>
      <trkpt lat="-39.9459411" lon="-71.2647083">
        <ele>958</ele>
      </trkpt>
      <trkpt lat="-39.9463955" lon="-71.2647459">
        <ele>960</ele>
      </trkpt>
      <trkpt lat="-39.9467883" lon="-71.2647942">
        <ele>962.2</ele>
      </trkpt>
      <trkpt lat="-39.9470494" lon="-71.264872">
        <ele>962.8</ele>
      </trkpt>
      <trkpt lat="-39.9474422" lon="-71.2650248">
        <ele>964.8</ele>
      </trkpt>
      <trkpt lat="-39.9488034" lon="-71.2655962">
        <ele>969.5</ele>
      </trkpt>
      <trkpt lat="-39.9511763" lon="-71.2666449">
        <ele>985.5</ele>
      </trkpt>
      <trkpt lat="-39.9520604" lon="-71.267015">
        <ele>990</ele>
      </trkpt>
      <trkpt lat="-39.9523236" lon="-71.2671223">
        <ele>992</ele>
      </trkpt>
      <trkpt lat="-39.9524614" lon="-71.267117">
        <ele>992.2</ele>
      </trkpt>
      <trkpt lat="-39.9525889" lon="-71.2670687">
        <ele>992</ele>
      </trkpt>
      <trkpt lat="-39.9527204" lon="-71.2669587">
        <ele>991.2</ele>
      </trkpt>
      <trkpt lat="-39.9529075" lon="-71.2667361">
        <ele>990.2</ele>
      </trkpt>
      <trkpt lat="-39.953072" lon="-71.2664866">
        <ele>988.5</ele>
      </trkpt>
      <trkpt lat="-39.9531872" lon="-71.2662962">
        <ele>986.8</ele>
      </trkpt>
      <trkpt lat="-39.9536724" lon="-71.2652984">
        <ele>979.5</ele>
      </trkpt>
      <trkpt lat="-39.9546367" lon="-71.2634772">
        <ele>970.8</ele>
      </trkpt>
      <trkpt lat="-39.954756" lon="-71.2632787">
        <ele>970.2</ele>
      </trkpt>
      <trkpt lat="-39.9548896" lon="-71.2630856">
        <ele>970</ele>
      </trkpt>
      <trkpt lat="-39.9558107" lon="-71.2619939">
        <ele>966.2</ele>
      </trkpt>
      <trkpt lat="-39.955967" lon="-71.2618518">
        <ele>965.2</ele>
      </trkpt>
      <trkpt lat="-39.9561397" lon="-71.2617365">
        <ele>965</ele>
      </trkpt>
      <trkpt lat="-39.9563083" lon="-71.2616694">
        <ele>964.5</ele>
      </trkpt>
      <trkpt lat="-39.9565118" lon="-71.2616104">
        <ele>963.2</ele>
      </trkpt>
      <trkpt lat="-39.9569066" lon="-71.2615138">
        <ele>960.8</ele>
      </trkpt>
      <trkpt lat="-39.9570772" lon="-71.2614575">
        <ele>960</ele>
      </trkpt>
      <trkpt lat="-39.9579243" lon="-71.2610579">
        <ele>956.5</ele>
      </trkpt>
      <trkpt lat="-39.9580579" lon="-71.2609667">
        <ele>956.2</ele>
      </trkpt>
      <trkpt lat="-39.9581915" lon="-71.2608433">
        <ele>956</ele>
      </trkpt>
      <trkpt lat="-39.9584054" lon="-71.2605402">
        <ele>955.9</ele>
      </trkpt>
      <trkpt lat="-39.9584938" lon="-71.2604356">
        <ele>955.8</ele>
      </trkpt>
      <trkpt lat="-39.9585739" lon="-71.2603632">
        <ele>955.8</ele>
      </trkpt>
      <trkpt lat="-39.9586829" lon="-71.2603229">
        <ele>956</ele>
      </trkpt>
      <trkpt lat="-39.9588926" lon="-71.2603068">
        <ele>956.8</ele>
      </trkpt>
      <trkpt lat="-39.9590345" lon="-71.2602773">
        <ele>957</ele>
      </trkpt>
      <trkpt lat="-39.9592277" lon="-71.2601727">
        <ele>956.8</ele>
      </trkpt>
      <trkpt lat="-39.959421" lon="-71.2600172">
        <ele>956.5</ele>
      </trkpt>
      <trkpt lat="-39.9604572" lon="-71.2588397">
        <ele>955</ele>
      </trkpt>
      <trkpt lat="-39.9610801" lon="-71.2581235">
        <ele>953.9</ele>
      </trkpt>
      <trkpt lat="-39.9617524" lon="-71.2574235">
        <ele>952.8</ele>
      </trkpt>
      <trkpt lat="-39.9628399" lon="-71.2561816">
        <ele>949.5</ele>
      </trkpt>
      <trkpt lat="-39.9640713" lon="-71.2544864">
        <ele>949.8</ele>
      </trkpt>
      <trkpt lat="-39.9642337" lon="-71.2542263">
        <ele>949</ele>
      </trkpt>
      <trkpt lat="-39.9643961" lon="-71.2539259">
        <ele>948.8</ele>
      </trkpt>
      <trkpt lat="-39.9649224" lon="-71.2527779">
        <ele>947.7</ele>
      </trkpt>
      <trkpt lat="-39.9650313" lon="-71.2525901">
        <ele>947.5</ele>
      </trkpt>
      <trkpt lat="-39.9651547" lon="-71.2524238">
        <ele>947.8</ele>
      </trkpt>
      <trkpt lat="-39.9652595" lon="-71.2523139">
        <ele>948.2</ele>
      </trkpt>
      <trkpt lat="-39.9657118" lon="-71.2519088">
        <ele>948.8</ele>
      </trkpt>
      <trkpt lat="-39.9660613" lon="-71.2516299">
        <ele>948.1</ele>
      </trkpt>
      <trkpt lat="-39.9662298" lon="-71.2515414">
        <ele>947.8</ele>
      </trkpt>
      <trkpt lat="-39.966384" lon="-71.2514931">
        <ele>947.5</ele>
      </trkpt>
      <trkpt lat="-39.9666348" lon="-71.251469">
        <ele>946.5</ele>
      </trkpt>
      <trkpt lat="-39.9668692" lon="-71.2514877">
        <ele>945.8</ele>
      </trkpt>
      <trkpt lat="-39.9677675" lon="-71.2517211">
        <ele>943.5</ele>
      </trkpt>
      <trkpt lat="-39.9682608" lon="-71.2518445">
        <ele>943.8</ele>
      </trkpt>
      <trkpt lat="-39.9683986" lon="-71.2518927">
        <ele>943.5</ele>
      </trkpt>
      <trkpt lat="-39.9685322" lon="-71.2519678">
        <ele>943.8</ele>
      </trkpt>
      <trkpt lat="-39.9686679" lon="-71.2520671">
        <ele>944.2</ele>
      </trkpt>
      <trkpt lat="-39.9689783" lon="-71.2523219">
        <ele>945</ele>
      </trkpt>
      <trkpt lat="-39.9693935" lon="-71.2527269">
        <ele>946.2</ele>
      </trkpt>
      <trkpt lat="-39.9696361" lon="-71.2529817">
        <ele>946.6</ele>
      </trkpt>
      <trkpt lat="-39.9697388" lon="-71.2531024">
        <ele>946.8</ele>
      </trkpt>
      <trkpt lat="-39.9698437" lon="-71.2532607">
        <ele>947</ele>
      </trkpt>
      <trkpt lat="-39.9702322" lon="-71.2539393">
        <ele>948.5</ele>
      </trkpt>
      <trkpt lat="-39.9705528" lon="-71.2544382">
        <ele>949.2</ele>
      </trkpt>
      <trkpt lat="-39.9707317" lon="-71.254701">
        <ele>950.8</ele>
      </trkpt>
      <trkpt lat="-39.9709105" lon="-71.2549156">
        <ele>951</ele>
      </trkpt>
      <trkpt lat="-39.9710852" lon="-71.2550658">
        <ele>951.2</ele>
      </trkpt>
      <trkpt lat="-39.971297" lon="-71.2551945">
        <ele>950.8</ele>
      </trkpt>
      <trkpt lat="-39.9720431" lon="-71.2555888">
        <ele>949.5</ele>
      </trkpt>
      <trkpt lat="-39.9722405" lon="-71.2557229">
        <ele>948.8</ele>
      </trkpt>
      <trkpt lat="-39.9724481" lon="-71.2558812">
        <ele>948.2</ele>
      </trkpt>
      <trkpt lat="-39.9741829" lon="-71.2576005">
        <ele>946.8</ele>
      </trkpt>
      <trkpt lat="-39.9743597" lon="-71.2577319">
        <ele>946</ele>
      </trkpt>
      <trkpt lat="-39.9745426" lon="-71.2578741">
        <ele>944.2</ele>
      </trkpt>
      <trkpt lat="-39.9746372" lon="-71.2579787">
        <ele>943.8</ele>
      </trkpt>
      <trkpt lat="-39.9747214" lon="-71.2580806">
        <ele>943.2</ele>
      </trkpt>
      <trkpt lat="-39.9748756" lon="-71.2582818">
        <ele>942</ele>
      </trkpt>
      <trkpt lat="-39.9750112" lon="-71.2584561">
        <ele>940.5</ele>
      </trkpt>
      <trkpt lat="-39.9751181" lon="-71.2585849">
        <ele>940</ele>
      </trkpt>
      <trkpt lat="-39.9751695" lon="-71.2586868">
        <ele>939.8</ele>
      </trkpt>
      <trkpt lat="-39.9752661" lon="-71.259006">
        <ele>941</ele>
      </trkpt>
      <trkpt lat="-39.9753751" lon="-71.2593466">
        <ele>942</ele>
      </trkpt>
      <trkpt lat="-39.9754449" lon="-71.2594727">
        <ele>942.2</ele>
      </trkpt>
      <trkpt lat="-39.97556" lon="-71.2596148">
        <ele>942.5</ele>
      </trkpt>
      <trkpt lat="-39.9763678" lon="-71.2605509">
        <ele>940.8</ele>
      </trkpt>
      <trkpt lat="-39.9771078" lon="-71.2614253">
        <ele>942.8</ele>
      </trkpt>
      <trkpt lat="-39.9774222" lon="-71.2618437">
        <ele>944</ele>
      </trkpt>
      <trkpt lat="-39.9776874" lon="-71.2622595">
        <ele>946.5</ele>
      </trkpt>
      <trkpt lat="-39.9778107" lon="-71.2624794">
        <ele>947</ele>
      </trkpt>
      <trkpt lat="-39.9779361" lon="-71.2627584">
        <ele>946.5</ele>
      </trkpt>
      <trkpt lat="-39.9781149" lon="-71.2632841">
        <ele>945.8</ele>
      </trkpt>
      <trkpt lat="-39.978526" lon="-71.2647539">
        <ele>947.5</ele>
      </trkpt>
      <trkpt lat="-39.9786411" lon="-71.2651429">
        <ele>948.5</ele>
      </trkpt>
      <trkpt lat="-39.9787521" lon="-71.2654647">
        <ele>950.2</ele>
      </trkpt>
      <trkpt lat="-39.978863" lon="-71.265749">
        <ele>950.5</ele>
      </trkpt>
      <trkpt lat="-39.9789658" lon="-71.2659851">
        <ele>950.8</ele>
      </trkpt>
      <trkpt lat="-39.9793214" lon="-71.2666127">
        <ele>950.6</ele>
      </trkpt>
      <trkpt lat="-39.979457" lon="-71.2668514">
        <ele>950.5</ele>
      </trkpt>
      <trkpt lat="-39.9798146" lon="-71.2675971">
        <ele>952</ele>
      </trkpt>
      <trkpt lat="-39.9800366" lon="-71.2680879">
        <ele>953.8</ele>
      </trkpt>
      <trkpt lat="-39.9801044" lon="-71.2682837">
        <ele>954.8</ele>
      </trkpt>
      <trkpt lat="-39.9801702" lon="-71.2686029">
        <ele>956.2</ele>
      </trkpt>
      <trkpt lat="-39.9802463" lon="-71.2688094">
        <ele>957</ele>
      </trkpt>
      <trkpt lat="-39.9808526" lon="-71.2701184">
        <ele>958.2</ele>
      </trkpt>
      <trkpt lat="-39.9809615" lon="-71.2703061">
        <ele>959</ele>
      </trkpt>
      <trkpt lat="-39.9810704" lon="-71.2704483">
        <ele>959.8</ele>
      </trkpt>
      <trkpt lat="-39.9812184" lon="-71.2705985">
        <ele>960.5</ele>
      </trkpt>
      <trkpt lat="-39.9819706" lon="-71.2711698">
        <ele>959</ele>
      </trkpt>
      <trkpt lat="-39.9827208" lon="-71.2718189">
        <ele>959.8</ele>
      </trkpt>
      <trkpt lat="-39.9835079" lon="-71.2725779">
        <ele>962.2</ele>
      </trkpt>
      <trkpt lat="-39.9838491" lon="-71.2729642">
        <ele>965</ele>
      </trkpt>
      <trkpt lat="-39.9841409" lon="-71.273396">
        <ele>968</ele>
      </trkpt>
      <trkpt lat="-39.9842519" lon="-71.2735945">
        <ele>970</ele>
      </trkpt>
      <trkpt lat="-39.9843444" lon="-71.2738332">
        <ele>972.2</ele>
      </trkpt>
      <trkpt lat="-39.9844019" lon="-71.2741014">
        <ele>974.5</ele>
      </trkpt>
      <trkpt lat="-39.9844369" lon="-71.2744126">
        <ele>977.8</ele>
      </trkpt>
      <trkpt lat="-39.9844574" lon="-71.2746271">
        <ele>979.2</ele>
      </trkpt>
      <trkpt lat="-39.9844512" lon="-71.2748283">
        <ele>981.2</ele>
      </trkpt>
      <trkpt lat="-39.9843916" lon="-71.2750858">
        <ele>985.2</ele>
      </trkpt>
      <trkpt lat="-39.9843608" lon="-71.2751743">
        <ele>987</ele>
      </trkpt>
      <trkpt lat="-39.9843177" lon="-71.2753326">
        <ele>989.2</ele>
      </trkpt>
      <trkpt lat="-39.9843218" lon="-71.2754774">
        <ele>989</ele>
      </trkpt>
      <trkpt lat="-39.9843793" lon="-71.2757376">
        <ele>986.8</ele>
      </trkpt>
      <trkpt lat="-39.9844101" lon="-71.2760192">
        <ele>985</ele>
      </trkpt>
      <trkpt lat="-39.9844492" lon="-71.2766442">
        <ele>981.2</ele>
      </trkpt>
      <trkpt lat="-39.9844471" lon="-71.2773013">
        <ele>977.5</ele>
      </trkpt>
      <trkpt lat="-39.9843855" lon="-71.2776124">
        <ele>977.8</ele>
      </trkpt>
      <trkpt lat="-39.9843094" lon="-71.2778431">
        <ele>977.5</ele>
      </trkpt>
      <trkpt lat="-39.98418" lon="-71.2780845">
        <ele>978.2</ele>
      </trkpt>
      <trkpt lat="-39.9840484" lon="-71.2783098">
        <ele>979.5</ele>
      </trkpt>
      <trkpt lat="-39.9839107" lon="-71.2786183">
        <ele>979.8</ele>
      </trkpt>
      <trkpt lat="-39.9838039" lon="-71.2789106">
        <ele>980</ele>
      </trkpt>
      <trkpt lat="-39.9836456" lon="-71.2793961">
        <ele>978.2</ele>
      </trkpt>
      <trkpt lat="-39.9835881" lon="-71.2796643">
        <ele>976.5</ele>
      </trkpt>
      <trkpt lat="-39.9835799" lon="-71.279895">
        <ele>974.2</ele>
      </trkpt>
      <trkpt lat="-39.9835983" lon="-71.2800747">
        <ele>972.8</ele>
      </trkpt>
      <trkpt lat="-39.9836579" lon="-71.2803429">
        <ele>972.2</ele>
      </trkpt>
      <trkpt lat="-39.9841265" lon="-71.2820676">
        <ele>977.5</ele>
      </trkpt>
      <trkpt lat="-39.9842889" lon="-71.2826979">
        <ele>978.5</ele>
      </trkpt>
      <trkpt lat="-39.9843279" lon="-71.2829474">
        <ele>979.2</ele>
      </trkpt>
      <trkpt lat="-39.9843423" lon="-71.283237">
        <ele>979.4</ele>
      </trkpt>
      <trkpt lat="-39.9842766" lon="-71.2838164">
        <ele>979.7</ele>
      </trkpt>
      <trkpt lat="-39.9842848" lon="-71.283921">
        <ele>979.8</ele>
      </trkpt>
      <trkpt lat="-39.9843177" lon="-71.284039">
        <ele>980</ele>
      </trkpt>
      <trkpt lat="-39.9843567" lon="-71.2841436">
        <ele>980.2</ele>
      </trkpt>
      <trkpt lat="-39.9844286" lon="-71.2842295">
        <ele>980.4</ele>
      </trkpt>
      <trkpt lat="-39.9844862" lon="-71.2842643">
        <ele>980.5</ele>
      </trkpt>
      <trkpt lat="-39.9845766" lon="-71.284267">
        <ele>980.2</ele>
      </trkpt>
      <trkpt lat="-39.9846999" lon="-71.2842295">
        <ele>980.6</ele>
      </trkpt>
      <trkpt lat="-39.9848438" lon="-71.284157">
        <ele>981</ele>
      </trkpt>
      <trkpt lat="-39.9849054" lon="-71.2841544">
        <ele>982.2</ele>
      </trkpt>
      <trkpt lat="-39.984965" lon="-71.2841678">
        <ele>982.8</ele>
      </trkpt>
      <trkpt lat="-39.9850205" lon="-71.2841946">
        <ele>983.2</ele>
      </trkpt>
      <trkpt lat="-39.985076" lon="-71.2842456">
        <ele>983.8</ele>
      </trkpt>
      <trkpt lat="-39.9854911" lon="-71.2852567">
        <ele>986</ele>
      </trkpt>
      <trkpt lat="-39.9856823" lon="-71.2863806">
        <ele>988.5</ele>
      </trkpt>
      <trkpt lat="-39.9857152" lon="-71.2867293">
        <ele>990.2</ele>
      </trkpt>
      <trkpt lat="-39.9856925" lon="-71.2870029">
        <ele>989.8</ele>
      </trkpt>
      <trkpt lat="-39.9856884" lon="-71.2872201">
        <ele>990.5</ele>
      </trkpt>
      <trkpt lat="-39.9857398" lon="-71.2874857">
        <ele>991.8</ele>
      </trkpt>
      <trkpt lat="-39.9858878" lon="-71.2881911">
        <ele>997.2</ele>
      </trkpt>
      <trkpt lat="-39.9859885" lon="-71.2887248">
        <ele>1000</ele>
      </trkpt>
      <trkpt lat="-39.9859947" lon="-71.2889796">
        <ele>999</ele>
      </trkpt>
      <trkpt lat="-39.9859823" lon="-71.2892586">
        <ele>996.5</ele>
      </trkpt>
      <trkpt lat="-39.9860049" lon="-71.2893927">
        <ele>996</ele>
      </trkpt>
      <trkpt lat="-39.9860686" lon="-71.2894866">
        <ele>996.5</ele>
      </trkpt>
      <trkpt lat="-39.9862002" lon="-71.2895831">
        <ele>998.5</ele>
      </trkpt>
      <trkpt lat="-39.9863399" lon="-71.2896663">
        <ele>1000.8</ele>
      </trkpt>
      <trkpt lat="-39.986529" lon="-71.2897468">
        <ele>1003.8</ele>
      </trkpt>
      <trkpt lat="-39.9866769" lon="-71.2897709">
        <ele>1006</ele>
      </trkpt>
      <trkpt lat="-39.9868927" lon="-71.289854">
        <ele>1008.8</ele>
      </trkpt>
      <trkpt lat="-39.9871065" lon="-71.2900069">
        <ele>1010.5</ele>
      </trkpt>
      <trkpt lat="-39.9873839" lon="-71.290361">
        <ele>1012.2</ele>
      </trkpt>
      <trkpt lat="-39.9875093" lon="-71.2903985">
        <ele>1014</ele>
      </trkpt>
      <trkpt lat="-39.9876284" lon="-71.2903905">
        <ele>1016.2</ele>
      </trkpt>
      <trkpt lat="-39.9878237" lon="-71.2903315">
        <ele>1020.5</ele>
      </trkpt>
      <trkpt lat="-39.9880538" lon="-71.2903073">
        <ele>1025.5</ele>
      </trkpt>
      <trkpt lat="-39.9882429" lon="-71.2903127">
        <ele>1029</ele>
      </trkpt>
      <trkpt lat="-39.988469" lon="-71.2904468">
        <ele>1031.2</ele>
      </trkpt>
      <trkpt lat="-39.9886478" lon="-71.2905943">
        <ele>1034.2</ele>
      </trkpt>
      <trkpt lat="-39.9887423" lon="-71.2907633">
        <ele>1036.2</ele>
      </trkpt>
      <trkpt lat="-39.9889457" lon="-71.2917075">
        <ele>1041.5</ele>
      </trkpt>
      <trkpt lat="-39.9890156" lon="-71.2920776">
        <ele>1042</ele>
      </trkpt>
      <trkpt lat="-39.9890855" lon="-71.29237">
        <ele>1041.8</ele>
      </trkpt>
      <trkpt lat="-39.9892006" lon="-71.2926704">
        <ele>1041</ele>
      </trkpt>
      <trkpt lat="-39.9894451" lon="-71.2930807">
        <ele>1039.5</ele>
      </trkpt>
      <trkpt lat="-39.9897575" lon="-71.2935501">
        <ele>1038</ele>
      </trkpt>
      <trkpt lat="-39.9901459" lon="-71.2939659">
        <ele>1037.8</ele>
      </trkpt>
      <trkpt lat="-39.9910336" lon="-71.2948671">
        <ele>1033</ele>
      </trkpt>
      <trkpt lat="-39.9911014" lon="-71.2949824">
        <ele>1032.8</ele>
      </trkpt>
      <trkpt lat="-39.9911528" lon="-71.2951273">
        <ele>1032.2</ele>
      </trkpt>
      <trkpt lat="-39.9911322" lon="-71.2953231">
        <ele>1031.2</ele>
      </trkpt>
      <trkpt lat="-39.9908671" lon="-71.2960392">
        <ele>1026.5</ele>
      </trkpt>
      <trkpt lat="-39.9907439" lon="-71.2963772">
        <ele>1024.2</ele>
      </trkpt>
      <trkpt lat="-39.9907048" lon="-71.2967125">
        <ele>1021.5</ele>
      </trkpt>
      <trkpt lat="-39.9908034" lon="-71.2970343">
        <ele>1020.8</ele>
      </trkpt>
      <trkpt lat="-39.9911877" lon="-71.2975949">
        <ele>1021.2</ele>
      </trkpt>
      <trkpt lat="-39.9918556" lon="-71.2986866">
        <ele>1021</ele>
      </trkpt>
      <trkpt lat="-39.9921535" lon="-71.2993088">
        <ele>1025.8</ele>
      </trkpt>
      <trkpt lat="-39.9922111" lon="-71.2995529">
        <ele>1026</ele>
      </trkpt>
      <trkpt lat="-39.9922337" lon="-71.2997514">
        <ele>1026.2</ele>
      </trkpt>
      <trkpt lat="-39.9922542" lon="-71.2999794">
        <ele>1026.5</ele>
      </trkpt>
      <trkpt lat="-39.9923138" lon="-71.300143">
        <ele>1027.8</ele>
      </trkpt>
      <trkpt lat="-39.9923878" lon="-71.3004139">
        <ele>1028.5</ele>
      </trkpt>
      <trkpt lat="-39.9924844" lon="-71.3008967">
        <ele>1029</ele>
      </trkpt>
      <trkpt lat="-39.9924638" lon="-71.3012025">
        <ele>1028</ele>
      </trkpt>
      <trkpt lat="-39.9924988" lon="-71.3014117">
        <ele>1028.2</ele>
      </trkpt>
      <trkpt lat="-39.9925851" lon="-71.3016799">
        <ele>1029.8</ele>
      </trkpt>
      <trkpt lat="-39.9929426" lon="-71.3024685">
        <ele>1035</ele>
      </trkpt>
      <trkpt lat="-39.9930146" lon="-71.3027045">
        <ele>1036.2</ele>
      </trkpt>
      <trkpt lat="-39.9930413" lon="-71.303021">
        <ele>1035.9</ele>
      </trkpt>
      <trkpt lat="-39.9930577" lon="-71.3031551">
        <ele>1035.8</ele>
      </trkpt>
      <trkpt lat="-39.993105" lon="-71.3032866">
        <ele>1036.8</ele>
      </trkpt>
      <trkpt lat="-39.9931728" lon="-71.3034046">
        <ele>1038.2</ele>
      </trkpt>
      <trkpt lat="-39.9933742" lon="-71.3036969">
        <ele>1042.2</ele>
      </trkpt>
      <trkpt lat="-39.9934625" lon="-71.3038793">
        <ele>1043.8</ele>
      </trkpt>
      <trkpt lat="-39.9938077" lon="-71.3050783">
        <ele>1048.8</ele>
      </trkpt>
      <trkpt lat="-39.9939372" lon="-71.3055477">
        <ele>1048</ele>
      </trkpt>
      <trkpt lat="-39.9940708" lon="-71.3058668">
        <ele>1049.5</ele>
      </trkpt>
      <trkpt lat="-39.9942454" lon="-71.3061136">
        <ele>1050.8</ele>
      </trkpt>
      <trkpt lat="-39.9953797" lon="-71.3071409">
        <ele>1062.5</ele>
      </trkpt>
      <trkpt lat="-39.9960311" lon="-71.3079804">
        <ele>1062.8</ele>
      </trkpt>
      <trkpt lat="-39.9968201" lon="-71.3090292">
        <ele>1058.8</ele>
      </trkpt>
      <trkpt lat="-39.9969557" lon="-71.3091901">
        <ele>1058</ele>
      </trkpt>
      <trkpt lat="-39.9971448" lon="-71.3093001">
        <ele>1058.5</ele>
      </trkpt>
      <trkpt lat="-39.9973441" lon="-71.3093054">
        <ele>1060.2</ele>
      </trkpt>
      <trkpt lat="-39.9976646" lon="-71.3092464">
        <ele>1062.2</ele>
      </trkpt>
      <trkpt lat="-39.9978393" lon="-71.3092437">
        <ele>1062.6</ele>
      </trkpt>
      <trkpt lat="-39.9980386" lon="-71.3093269">
        <ele>1063</ele>
      </trkpt>
      <trkpt lat="-39.9982133" lon="-71.3094637">
        <ele>1062.5</ele>
      </trkpt>
      <trkpt lat="-39.9985297" lon="-71.3099304">
        <ele>1059.5</ele>
      </trkpt>
      <trkpt lat="-39.9990208" lon="-71.310786">
        <ele>1057.5</ele>
      </trkpt>
      <trkpt lat="-39.9992365" lon="-71.3111293">
        <ele>1056.2</ele>
      </trkpt>
      <trkpt lat="-39.9995303" lon="-71.3114753">
        <ele>1055.8</ele>
      </trkpt>
      <trkpt lat="-40.0014884" lon="-71.3130632">
        <ele>1056</ele>
      </trkpt>
      <trkpt lat="-40.0016282" lon="-71.3132027">
        <ele>1056</ele>
      </trkpt>
      <trkpt lat="-40.0017761" lon="-71.3134226">
        <ele>1055.5</ele>
      </trkpt>
      <trkpt lat="-40.0018829" lon="-71.3137498">
        <ele>1053.5</ele>
      </trkpt>
      <trkpt lat="-40.0018644" lon="-71.3144204">
        <ele>1051.5</ele>
      </trkpt>
      <trkpt lat="-40.0018706" lon="-71.3145679">
        <ele>1051.2</ele>
      </trkpt>
      <trkpt lat="-40.0019199" lon="-71.3147315">
        <ele>1051.5</ele>
      </trkpt>
      <trkpt lat="-40.0021131" lon="-71.3149944">
        <ele>1052.2</ele>
      </trkpt>
      <trkpt lat="-40.0030006" lon="-71.3162068">
        <ele>1053.5</ele>
      </trkpt>
      <trkpt lat="-40.0032883" lon="-71.3167217">
        <ele>1054.8</ele>
      </trkpt>
      <trkpt lat="-40.0035595" lon="-71.3173011">
        <ele>1055.8</ele>
      </trkpt>
      <trkpt lat="-40.0038882" lon="-71.3181272">
        <ele>1058.2</ele>
      </trkpt>
      <trkpt lat="-40.003991" lon="-71.3183337">
        <ele>1059</ele>
      </trkpt>
      <trkpt lat="-40.0041841" lon="-71.3185135">
        <ele>1060</ele>
      </trkpt>
      <trkpt lat="-40.005499" lon="-71.3188997">
        <ele>1067.2</ele>
      </trkpt>
      <trkpt lat="-40.0060414" lon="-71.3190445">
        <ele>1070</ele>
      </trkpt>
      <trkpt lat="-40.0064811" lon="-71.3192645">
        <ele>1073.2</ele>
      </trkpt>
      <trkpt lat="-40.0068242" lon="-71.3195649">
        <ele>1073.8</ele>
      </trkpt>
      <trkpt lat="-40.0071488" lon="-71.3198894">
        <ele>1074.8</ele>
      </trkpt>
      <trkpt lat="-40.0073891" lon="-71.3202408">
        <ele>1073.5</ele>
      </trkpt>
      <trkpt lat="-40.0075186" lon="-71.320568">
        <ele>1071.2</ele>
      </trkpt>
      <trkpt lat="-40.0076788" lon="-71.3210374">
        <ele>1069.8</ele>
      </trkpt>
      <trkpt lat="-40.0080609" lon="-71.3215256">
        <ele>1070.5</ele>
      </trkpt>
      <trkpt lat="-40.0083876" lon="-71.3219091">
        <ele>1071.5</ele>
      </trkpt>
      <trkpt lat="-40.0088519" lon="-71.3225126">
        <ele>1073.5</ele>
      </trkpt>
      <trkpt lat="-40.0094621" lon="-71.3235801">
        <ele>1073.2</ele>
      </trkpt>
      <trkpt lat="-40.0099859" lon="-71.3242185">
        <ele>1076.8</ele>
      </trkpt>
      <trkpt lat="-40.0107276" lon="-71.3256723">
        <ele>1078.2</ele>
      </trkpt>
      <trkpt lat="-40.0113726" lon="-71.3269061">
        <ele>1076.8</ele>
      </trkpt>
      <trkpt lat="-40.0116746" lon="-71.3273326">
        <ele>1074.8</ele>
      </trkpt>
      <trkpt lat="-40.0121327" lon="-71.3279736">
        <ele>1074</ele>
      </trkpt>
      <trkpt lat="-40.0122848" lon="-71.3283196">
        <ele>1073.5</ele>
      </trkpt>
      <trkpt lat="-40.0123032" lon="-71.3286844">
        <ele>1071.5</ele>
      </trkpt>
      <trkpt lat="-40.0123875" lon="-71.3294837">
        <ele>1070.2</ele>
      </trkpt>
      <trkpt lat="-40.0124779" lon="-71.3299397">
        <ele>1070.5</ele>
      </trkpt>
      <trkpt lat="-40.0126319" lon="-71.330401">
        <ele>1071.2</ele>
      </trkpt>
      <trkpt lat="-40.0129278" lon="-71.3308114">
        <ele>1073.8</ele>
      </trkpt>
      <trkpt lat="-40.0132544" lon="-71.33127">
        <ele>1075.2</ele>
      </trkpt>
      <trkpt lat="-40.0142096" lon="-71.332182">
        <ele>1070.2</ele>
      </trkpt>
      <trkpt lat="-40.0153251" lon="-71.3329571">
        <ele>1059.8</ele>
      </trkpt>
      <trkpt lat="-40.0159742" lon="-71.3334185">
        <ele>1053</ele>
      </trkpt>
      <trkpt lat="-40.017102" lon="-71.3343063">
        <ele>1042.8</ele>
      </trkpt>
      <trkpt lat="-40.0173053" lon="-71.3344163">
        <ele>1040.8</ele>
      </trkpt>
      <trkpt lat="-40.0174758" lon="-71.3344941">
        <ele>1039.2</ele>
      </trkpt>
      <trkpt lat="-40.0184331" lon="-71.3347033">
        <ele>1036.2</ele>
      </trkpt>
      <trkpt lat="-40.018657" lon="-71.3347864">
        <ele>1035.8</ele>
      </trkpt>
      <trkpt lat="-40.0188932" lon="-71.3349634">
        <ele>1034</ele>
      </trkpt>
      <trkpt lat="-40.0204872" lon="-71.3365379">
        <ele>1023.8</ele>
      </trkpt>
      <trkpt lat="-40.0206268" lon="-71.3367203">
        <ele>1022.8</ele>
      </trkpt>
      <trkpt lat="-40.0209062" lon="-71.3371602">
        <ele>1018.8</ele>
      </trkpt>
      <trkpt lat="-40.0211445" lon="-71.337482">
        <ele>1016.2</ele>
      </trkpt>
      <trkpt lat="-40.0226316" lon="-71.3388231">
        <ele>1006.8</ele>
      </trkpt>
      <trkpt lat="-40.0229684" lon="-71.3390806">
        <ele>1004.8</ele>
      </trkpt>
      <trkpt lat="-40.0236257" lon="-71.3396171">
        <ele>1000.2</ele>
      </trkpt>
      <trkpt lat="-40.0240201" lon="-71.340014">
        <ele>997.5</ele>
      </trkpt>
      <trkpt lat="-40.0247349" lon="-71.3407007">
        <ele>995.5</ele>
      </trkpt>
      <trkpt lat="-40.0252525" lon="-71.3411084">
        <ele>993.2</ele>
      </trkpt>
      <trkpt lat="-40.0260576" lon="-71.3416341">
        <ele>989.5</ele>
      </trkpt>
      <trkpt lat="-40.0264602" lon="-71.3419774">
        <ele>983.8</ele>
      </trkpt>
      <trkpt lat="-40.026988" lon="-71.3424656">
        <ele>976.2</ele>
      </trkpt>
      <trkpt lat="-40.0271872" lon="-71.342538">
        <ele>974.5</ele>
      </trkpt>
      <trkpt lat="-40.0273659" lon="-71.342589">
        <ele>972.8</ele>
      </trkpt>
      <trkpt lat="-40.0280252" lon="-71.3426346">
        <ele>968.8</ele>
      </trkpt>
      <trkpt lat="-40.0282552" lon="-71.3425782">
        <ele>968.2</ele>
      </trkpt>
      <trkpt lat="-40.0284401" lon="-71.3424602">
        <ele>967.8</ele>
      </trkpt>
      <trkpt lat="-40.0291302" lon="-71.3419023">
        <ele>964.8</ele>
      </trkpt>
      <trkpt lat="-40.0293458" lon="-71.3418353">
        <ele>962.8</ele>
      </trkpt>
      <trkpt lat="-40.0297217" lon="-71.3418165">
        <ele>959.5</ele>
      </trkpt>
      <trkpt lat="-40.0301242" lon="-71.3416985">
        <ele>956.5</ele>
      </trkpt>
      <trkpt lat="-40.0305391" lon="-71.3414034">
        <ele>952.2</ele>
      </trkpt>
      <trkpt lat="-40.0309375" lon="-71.3409823">
        <ele>948.2</ele>
      </trkpt>
      <trkpt lat="-40.0312024" lon="-71.3405129">
        <ele>946</ele>
      </trkpt>
      <trkpt lat="-40.0317508" lon="-71.3386676">
        <ele>941</ele>
      </trkpt>
      <trkpt lat="-40.0318843" lon="-71.3384745">
        <ele>940.2</ele>
      </trkpt>
      <trkpt lat="-40.0324141" lon="-71.3382035">
        <ele>934.8</ele>
      </trkpt>
      <trkpt lat="-40.0327017" lon="-71.3380212">
        <ele>932.2</ele>
      </trkpt>
      <trkpt lat="-40.0330734" lon="-71.337525">
        <ele>929.8</ele>
      </trkpt>
      <trkpt lat="-40.0332356" lon="-71.3371521">
        <ele>930</ele>
      </trkpt>
      <trkpt lat="-40.0332562" lon="-71.3371012">
        <ele>930.1</ele>
      </trkpt>
      <trkpt lat="-40.0336936" lon="-71.3361678">
        <ele>931.2</ele>
      </trkpt>
      <trkpt lat="-40.0340324" lon="-71.3357145">
        <ele>931.5</ele>
      </trkpt>
      <trkpt lat="-40.0344309" lon="-71.3352585">
        <ele>930.2</ele>
      </trkpt>
      <trkpt lat="-40.0354392" lon="-71.3345209">
        <ele>928.5</ele>
      </trkpt>
      <trkpt lat="-40.0356384" lon="-71.334419">
        <ele>928.4</ele>
      </trkpt>
      <trkpt lat="-40.036657" lon="-71.3339067">
        <ele>927.9</ele>
      </trkpt>
      <trkpt lat="-40.0368829" lon="-71.3339335">
        <ele>927.8</ele>
      </trkpt>
      <trkpt lat="-40.037041" lon="-71.3340113">
        <ele>927.2</ele>
      </trkpt>
      <trkpt lat="-40.0385606" lon="-71.3352504">
        <ele>918.8</ele>
      </trkpt>
      <trkpt lat="-40.0403821" lon="-71.3366961">
        <ele>909</ele>
      </trkpt>
      <trkpt lat="-40.0411788" lon="-71.337305">
        <ele>906</ele>
      </trkpt>
      <trkpt lat="-40.0413883" lon="-71.3373989">
        <ele>905.2</ele>
      </trkpt>
      <trkpt lat="-40.041569" lon="-71.3374364">
        <ele>904.5</ele>
      </trkpt>
      <trkpt lat="-40.04176" lon="-71.3373935">
        <ele>903.8</ele>
      </trkpt>
      <trkpt lat="-40.0418708" lon="-71.3373211">
        <ele>903.5</ele>
      </trkpt>
      <trkpt lat="-40.0420351" lon="-71.3372084">
        <ele>903.2</ele>
      </trkpt>
      <trkpt lat="-40.0429263" lon="-71.3362885">
        <ele>901.2</ele>
      </trkpt>
      <trkpt lat="-40.0430639" lon="-71.3360497">
        <ele>901.1</ele>
      </trkpt>
      <trkpt lat="-40.0434314" lon="-71.335296">
        <ele>900.8</ele>
      </trkpt>
      <trkpt lat="-40.0437312" lon="-71.3348052">
        <ele>901.3</ele>
      </trkpt>
      <trkpt lat="-40.0441049" lon="-71.3344458">
        <ele>901.8</ele>
      </trkpt>
      <trkpt lat="-40.0444622" lon="-71.334258">
        <ele>902.5</ele>
      </trkpt>
      <trkpt lat="-40.0447867" lon="-71.3342205">
        <ele>902.8</ele>
      </trkpt>
      <trkpt lat="-40.0461768" lon="-71.3342071">
        <ele>902.2</ele>
      </trkpt>
      <trkpt lat="-40.0464416" lon="-71.3341561">
        <ele>903</ele>
      </trkpt>
      <trkpt lat="-40.047727" lon="-71.3336626">
        <ele>906.8</ele>
      </trkpt>
      <trkpt lat="-40.0489343" lon="-71.3330939">
        <ele>905</ele>
      </trkpt>
      <trkpt lat="-40.0494599" lon="-71.3328257">
        <ele>903</ele>
      </trkpt>
      <trkpt lat="-40.0509259" lon="-71.3319325">
        <ele>907</ele>
      </trkpt>
      <trkpt lat="-40.0512092" lon="-71.3317958">
        <ele>907.5</ele>
      </trkpt>
      <trkpt lat="-40.0516999" lon="-71.331667">
        <ele>907.2</ele>
      </trkpt>
      <trkpt lat="-40.0519093" lon="-71.3316429">
        <ele>906.8</ele>
      </trkpt>
      <trkpt lat="-40.0521085" lon="-71.331667">
        <ele>905.8</ele>
      </trkpt>
      <trkpt lat="-40.0524965" lon="-71.3317421">
        <ele>903.8</ele>
      </trkpt>
      <trkpt lat="-40.053018" lon="-71.3318494">
        <ele>900.5</ele>
      </trkpt>
      <trkpt lat="-40.0532562" lon="-71.3318253">
        <ele>899.8</ele>
      </trkpt>
      <trkpt lat="-40.0537941" lon="-71.3314739">
        <ele>899.2</ele>
      </trkpt>
      <trkpt lat="-40.0540281" lon="-71.3312057">
        <ele>900.2</ele>
      </trkpt>
      <trkpt lat="-40.0542642" lon="-71.3308302">
        <ele>901.8</ele>
      </trkpt>
      <trkpt lat="-40.0546276" lon="-71.3301247">
        <ele>900.2</ele>
      </trkpt>
      <trkpt lat="-40.0549992" lon="-71.3293335">
        <ele>901.2</ele>
      </trkpt>
      <trkpt lat="-40.0552312" lon="-71.3288748">
        <ele>902</ele>
      </trkpt>
      <trkpt lat="-40.0561694" lon="-71.3270107">
        <ele>904.5</ele>
      </trkpt>
      <trkpt lat="-40.0563871" lon="-71.3266352">
        <ele>904.2</ele>
      </trkpt>
      <trkpt lat="-40.0565985" lon="-71.3264179">
        <ele>903.9</ele>
      </trkpt>
      <trkpt lat="-40.0571877" lon="-71.3260236">
        <ele>903</ele>
      </trkpt>
      <trkpt lat="-40.0578241" lon="-71.3256374">
        <ele>903.2</ele>
      </trkpt>
      <trkpt lat="-40.0584359" lon="-71.325337">
        <ele>903.5</ele>
      </trkpt>
      <trkpt lat="-40.0592571" lon="-71.3250044">
        <ele>901.8</ele>
      </trkpt>
      <trkpt lat="-40.0594767" lon="-71.3248274">
        <ele>901.2</ele>
      </trkpt>
      <trkpt lat="-40.059721" lon="-71.3245028">
        <ele>901</ele>
      </trkpt>
      <trkpt lat="-40.0603636" lon="-71.3231027">
        <ele>901.3</ele>
      </trkpt>
      <trkpt lat="-40.0609363" lon="-71.3220003">
        <ele>901.5</ele>
      </trkpt>
      <trkpt lat="-40.0610985" lon="-71.3214988">
        <ele>902</ele>
      </trkpt>
      <trkpt lat="-40.0616671" lon="-71.3192591">
        <ele>900.2</ele>
      </trkpt>
      <trkpt lat="-40.0618663" lon="-71.318433">
        <ele>900.5</ele>
      </trkpt>
      <trkpt lat="-40.0620695" lon="-71.3177785">
        <ele>900.8</ele>
      </trkpt>
      <trkpt lat="-40.0622132" lon="-71.3173977">
        <ele>902</ele>
      </trkpt>
      <trkpt lat="-40.0623569" lon="-71.3171723">
        <ele>902.8</ele>
      </trkpt>
      <trkpt lat="-40.0625478" lon="-71.3169846">
        <ele>903.5</ele>
      </trkpt>
      <trkpt lat="-40.0627079" lon="-71.3169068">
        <ele>904.2</ele>
      </trkpt>
      <trkpt lat="-40.063061" lon="-71.316888">
        <ele>904</ele>
      </trkpt>
      <trkpt lat="-40.0632889" lon="-71.3169336">
        <ele>903.5</ele>
      </trkpt>
      <trkpt lat="-40.0635639" lon="-71.3170114">
        <ele>902.2</ele>
      </trkpt>
      <trkpt lat="-40.0640197" lon="-71.3171402">
        <ele>901</ele>
      </trkpt>
      <trkpt lat="-40.0643317" lon="-71.3172153">
        <ele>900.8</ele>
      </trkpt>
      <trkpt lat="-40.0646026" lon="-71.3173413">
        <ele>900.2</ele>
      </trkpt>
      <trkpt lat="-40.0651364" lon="-71.3176551">
        <ele>901</ele>
      </trkpt>
      <trkpt lat="-40.0667046" lon="-71.318728">
        <ele>902.2</ele>
      </trkpt>
      <trkpt lat="-40.067031" lon="-71.3189614">
        <ele>902</ele>
      </trkpt>
      <trkpt lat="-40.0673102" lon="-71.3190955">
        <ele>901.6</ele>
      </trkpt>
      <trkpt lat="-40.0675113" lon="-71.3191599">
        <ele>901.2</ele>
      </trkpt>
      <trkpt lat="-40.0676961" lon="-71.3191491">
        <ele>900.8</ele>
      </trkpt>
      <trkpt lat="-40.067928" lon="-71.319066">
        <ele>901</ele>
      </trkpt>
      <trkpt lat="-40.068201" lon="-71.3188004">
        <ele>902</ele>
      </trkpt>
      <trkpt lat="-40.0684206" lon="-71.3185564">
        <ele>902.2</ele>
      </trkpt>
      <trkpt lat="-40.069096" lon="-71.3174567">
        <ele>902.5</ele>
      </trkpt>
      <trkpt lat="-40.0692848" lon="-71.3171402">
        <ele>901.8</ele>
      </trkpt>
      <trkpt lat="-40.0694962" lon="-71.3170275">
        <ele>901.5</ele>
      </trkpt>
      <trkpt lat="-40.0696789" lon="-71.3170758">
        <ele>902</ele>
      </trkpt>
      <trkpt lat="-40.0703501" lon="-71.3172233">
        <ele>904</ele>
      </trkpt>
      <trkpt lat="-40.070502" lon="-71.3172314">
        <ele>905</ele>
      </trkpt>
      <trkpt lat="-40.0715673" lon="-71.3176551">
        <ele>909.5</ele>
      </trkpt>
      <trkpt lat="-40.0720065" lon="-71.3178107">
        <ele>909.6</ele>
      </trkpt>
      <trkpt lat="-40.0723144" lon="-71.3178805">
        <ele>909.8</ele>
      </trkpt>
      <trkpt lat="-40.0725545" lon="-71.3178778">
        <ele>909.9</ele>
      </trkpt>
      <trkpt lat="-40.0727864" lon="-71.3178027">
        <ele>910</ele>
      </trkpt>
      <trkpt lat="-40.0729794" lon="-71.3176551">
        <ele>910.5</ele>
      </trkpt>
      <trkpt lat="-40.0731251" lon="-71.3174647">
        <ele>911</ele>
      </trkpt>
      <trkpt lat="-40.0733673" lon="-71.3168639">
        <ele>913</ele>
      </trkpt>
      <trkpt lat="-40.0744838" lon="-71.3141012">
        <ele>915.8</ele>
      </trkpt>
      <trkpt lat="-40.0747917" lon="-71.3134924">
        <ele>914.9</ele>
      </trkpt>
      <trkpt lat="-40.0791715" lon="-71.3077176">
        <ele>905.2</ele>
      </trkpt>
      <trkpt lat="-40.082098" lon="-71.3036996">
        <ele>903.8</ele>
      </trkpt>
      <trkpt lat="-40.0829681" lon="-71.302506">
        <ele>902.5</ele>
      </trkpt>
      <trkpt lat="-40.0876593" lon="-71.2956396">
        <ele>889.8</ele>
      </trkpt>
      <trkpt lat="-40.0877639" lon="-71.295535">
        <ele>890</ele>
      </trkpt>
      <trkpt lat="-40.0878727" lon="-71.2955162">
        <ele>890.8</ele>
      </trkpt>
      <trkpt lat="-40.0879835" lon="-71.2954947">
        <ele>891</ele>
      </trkpt>
      <trkpt lat="-40.0881579" lon="-71.2955028">
        <ele>891.8</ele>
      </trkpt>
      <trkpt lat="-40.0888228" lon="-71.2958756">
        <ele>897.5</ele>
      </trkpt>
      <trkpt lat="-40.0898508" lon="-71.2964952">
        <ele>901.8</ele>
      </trkpt>
      <trkpt lat="-40.09037" lon="-71.2968385">
        <ele>900.2</ele>
      </trkpt>
      <trkpt lat="-40.0904911" lon="-71.2969378">
        <ele>899.8</ele>
      </trkpt>
      <trkpt lat="-40.0905998" lon="-71.2970424">
        <ele>899.9</ele>
      </trkpt>
      <trkpt lat="-40.0907065" lon="-71.2971765">
        <ele>900</ele>
      </trkpt>
      <trkpt lat="-40.0907927" lon="-71.297316">
        <ele>900.2</ele>
      </trkpt>
      <trkpt lat="-40.0911169" lon="-71.297965">
        <ele>900.1</ele>
      </trkpt>
      <trkpt lat="-40.0911969" lon="-71.2981126">
        <ele>900</ele>
      </trkpt>
      <trkpt lat="-40.0912852" lon="-71.2982225">
        <ele>900</ele>
      </trkpt>
      <trkpt lat="-40.0914124" lon="-71.2983245">
        <ele>899.5</ele>
      </trkpt>
      <trkpt lat="-40.0945887" lon="-71.3003951">
        <ele>903.8</ele>
      </trkpt>
      <trkpt lat="-40.0949355" lon="-71.300599">
        <ele>903.5</ele>
      </trkpt>
      <trkpt lat="-40.0953212" lon="-71.3008136">
        <ele>904.2</ele>
      </trkpt>
      <trkpt lat="-40.0962733" lon="-71.3012615">
        <ele>904</ele>
      </trkpt>
      <trkpt lat="-40.0969093" lon="-71.3015673">
        <ele>902.2</ele>
      </trkpt>
      <trkpt lat="-40.0987497" lon="-71.3024819">
        <ele>904.5</ele>
      </trkpt>
      <trkpt lat="-40.0991498" lon="-71.3026804">
        <ele>905.2</ele>
      </trkpt>
      <trkpt lat="-40.0992544" lon="-71.3027367">
        <ele>905.5</ele>
      </trkpt>
      <trkpt lat="-40.0998576" lon="-71.3030505">
        <ele>905.4</ele>
      </trkpt>
      <trkpt lat="-40.0999787" lon="-71.3031524">
        <ele>905.3</ele>
      </trkpt>
      <trkpt lat="-40.1000833" lon="-71.3033053">
        <ele>905.3</ele>
      </trkpt>
      <trkpt lat="-40.100188" lon="-71.3035119">
        <ele>905.2</ele>
      </trkpt>
      <trkpt lat="-40.1004342" lon="-71.3040644">
        <ele>905.8</ele>
      </trkpt>
      <trkpt lat="-40.1008281" lon="-71.3049522">
        <ele>910</ele>
      </trkpt>
      <trkpt lat="-40.1010271" lon="-71.3053572">
        <ele>912.5</ele>
      </trkpt>
      <trkpt lat="-40.1011625" lon="-71.3055503">
        <ele>913</ele>
      </trkpt>
      <trkpt lat="-40.1013184" lon="-71.3057086">
        <ele>914</ele>
      </trkpt>
      <trkpt lat="-40.1014477" lon="-71.3057891">
        <ele>914.5</ele>
      </trkpt>
      <trkpt lat="-40.1023258" lon="-71.3062263">
        <ele>922</ele>
      </trkpt>
      <trkpt lat="-40.1025884" lon="-71.306406">
        <ele>925.5</ele>
      </trkpt>
      <trkpt lat="-40.1034234" lon="-71.3071597">
        <ele>934</ele>
      </trkpt>
      <trkpt lat="-40.1035649" lon="-71.3072857">
        <ele>935</ele>
      </trkpt>
      <trkpt lat="-40.1039301" lon="-71.307503">
        <ele>935.2</ele>
      </trkpt>
      <trkpt lat="-40.1043137" lon="-71.3076693">
        <ele>935</ele>
      </trkpt>
      <trkpt lat="-40.1047815" lon="-71.3077819">
        <ele>933.8</ele>
      </trkpt>
      <trkpt lat="-40.10504" lon="-71.3078222">
        <ele>934.2</ele>
      </trkpt>
      <trkpt lat="-40.105241" lon="-71.3078383">
        <ele>934.5</ele>
      </trkpt>
      <trkpt lat="-40.1060616" lon="-71.307849">
        <ele>936.8</ele>
      </trkpt>
      <trkpt lat="-40.1063632" lon="-71.3079">
        <ele>938</ele>
      </trkpt>
      <trkpt lat="-40.1066299" lon="-71.3079804">
        <ele>940</ele>
      </trkpt>
      <trkpt lat="-40.1068392" lon="-71.3080636">
        <ele>941.5</ele>
      </trkpt>
      <trkpt lat="-40.1070176" lon="-71.3082057">
        <ele>943.8</ele>
      </trkpt>
      <trkpt lat="-40.1073602" lon="-71.3085571">
        <ele>947.2</ele>
      </trkpt>
      <trkpt lat="-40.107512" lon="-71.3086751">
        <ele>948.2</ele>
      </trkpt>
      <trkpt lat="-40.1076618" lon="-71.3087019">
        <ele>948.5</ele>
      </trkpt>
      <trkpt lat="-40.1078608" lon="-71.3086644">
        <ele>947.5</ele>
      </trkpt>
      <trkpt lat="-40.1081193" lon="-71.3085464">
        <ele>946.5</ele>
      </trkpt>
      <trkpt lat="-40.1082813" lon="-71.3084927">
        <ele>946.2</ele>
      </trkpt>
      <trkpt lat="-40.1085316" lon="-71.3084525">
        <ele>945.8</ele>
      </trkpt>
      <trkpt lat="-40.1088885" lon="-71.3085169">
        <ele>944.5</ele>
      </trkpt>
      <trkpt lat="-40.1090075" lon="-71.308541">
        <ele>944</ele>
      </trkpt>
      <trkpt lat="-40.1090752" lon="-71.3085571">
        <ele>943.8</ele>
      </trkpt>
      <trkpt lat="-40.1094506" lon="-71.3086751">
        <ele>942</ele>
      </trkpt>
      <trkpt lat="-40.1096209" lon="-71.3087127">
        <ele>941.5</ele>
      </trkpt>
      <trkpt lat="-40.1097481" lon="-71.3087153">
        <ele>940.8</ele>
      </trkpt>
      <trkpt lat="-40.111102" lon="-71.3086858">
        <ele>932.5</ele>
      </trkpt>
      <trkpt lat="-40.111504" lon="-71.3086617">
        <ele>929</ele>
      </trkpt>
      <trkpt lat="-40.1117666" lon="-71.3086081">
        <ele>927.5</ele>
      </trkpt>
      <trkpt lat="-40.1117912" lon="-71.3086027">
        <ele>927.2</ele>
      </trkpt>
      <trkpt lat="-40.112023" lon="-71.3085195">
        <ele>926</ele>
      </trkpt>
      <trkpt lat="-40.1125748" lon="-71.3083103">
        <ele>924</ele>
      </trkpt>
      <trkpt lat="-40.1130712" lon="-71.3082567">
        <ele>925</ele>
      </trkpt>
      <trkpt lat="-40.1136353" lon="-71.3082567">
        <ele>928.8</ele>
      </trkpt>
      <trkpt lat="-40.1136948" lon="-71.308254">
        <ele>929.5</ele>
      </trkpt>
      <trkpt lat="-40.1137523" lon="-71.308246">
        <ele>930.2</ele>
      </trkpt>
      <trkpt lat="-40.1138118" lon="-71.3082299">
        <ele>931</ele>
      </trkpt>
      <trkpt lat="-40.1138712" lon="-71.308203">
        <ele>931.5</ele>
      </trkpt>
      <trkpt lat="-40.1139205" lon="-71.3081735">
        <ele>932</ele>
      </trkpt>
      <trkpt lat="-40.1139697" lon="-71.3081306">
        <ele>932.2</ele>
      </trkpt>
      <trkpt lat="-40.1140128" lon="-71.3080797">
        <ele>932.3</ele>
      </trkpt>
      <trkpt lat="-40.1140518" lon="-71.3080233">
        <ele>932.4</ele>
      </trkpt>
      <trkpt lat="-40.1140866" lon="-71.307959">
        <ele>932.5</ele>
      </trkpt>
      <trkpt lat="-40.1141133" lon="-71.3078946">
        <ele>932.2</ele>
      </trkpt>
      <trkpt lat="-40.1141318" lon="-71.3078222">
        <ele>932.2</ele>
      </trkpt>
      <trkpt lat="-40.1141461" lon="-71.3077497">
        <ele>932.1</ele>
      </trkpt>
      <trkpt lat="-40.1141584" lon="-71.3076746">
        <ele>932.1</ele>
      </trkpt>
      <trkpt lat="-40.1141666" lon="-71.3076076">
        <ele>932</ele>
      </trkpt>
      <trkpt lat="-40.1142364" lon="-71.3070443">
        <ele>931.5</ele>
      </trkpt>
      <trkpt lat="-40.1142446" lon="-71.3069826">
        <ele>931.2</ele>
      </trkpt>
      <trkpt lat="-40.1142569" lon="-71.3069183">
        <ele>931</ele>
      </trkpt>
      <trkpt lat="-40.1142712" lon="-71.3068566">
        <ele>930.8</ele>
      </trkpt>
      <trkpt lat="-40.1142876" lon="-71.3067976">
        <ele>930.5</ele>
      </trkpt>
      <trkpt lat="-40.1143041" lon="-71.3067439">
        <ele>930.2</ele>
      </trkpt>
      <trkpt lat="-40.1143225" lon="-71.3066903">
        <ele>930</ele>
      </trkpt>
      <trkpt lat="-40.1146282" lon="-71.3057917">
        <ele>925.5</ele>
      </trkpt>
      <trkpt lat="-40.1146528" lon="-71.30573">
        <ele>924.8</ele>
      </trkpt>
      <trkpt lat="-40.1146774" lon="-71.3056737">
        <ele>924.2</ele>
      </trkpt>
      <trkpt lat="-40.1147082" lon="-71.3056228">
        <ele>923.8</ele>
      </trkpt>
      <trkpt lat="-40.114743" lon="-71.3055745">
        <ele>923.5</ele>
      </trkpt>
      <trkpt lat="-40.1147779" lon="-71.3055342">
        <ele>923.5</ele>
      </trkpt>
      <trkpt lat="-40.1148189" lon="-71.3055021">
        <ele>923.4</ele>
      </trkpt>
      <trkpt lat="-40.1148599" lon="-71.3054726">
        <ele>923.4</ele>
      </trkpt>
      <trkpt lat="-40.114901" lon="-71.3054511">
        <ele>923.3</ele>
      </trkpt>
      <trkpt lat="-40.114944" lon="-71.3054377">
        <ele>923.3</ele>
      </trkpt>
      <trkpt lat="-40.1149912" lon="-71.305427">
        <ele>923.2</ele>
      </trkpt>
      <trkpt lat="-40.1150405" lon="-71.3054216">
        <ele>923.5</ele>
      </trkpt>
      <trkpt lat="-40.1150856" lon="-71.3054243">
        <ele>923.8</ele>
      </trkpt>
      <trkpt lat="-40.1151369" lon="-71.3054296">
        <ele>924</ele>
      </trkpt>
      <trkpt lat="-40.1151861" lon="-71.305443">
        <ele>924.2</ele>
      </trkpt>
      <trkpt lat="-40.1152333" lon="-71.3054645">
        <ele>924.8</ele>
      </trkpt>
      <trkpt lat="-40.1152804" lon="-71.3054886">
        <ele>925.2</ele>
      </trkpt>
      <trkpt lat="-40.1153235" lon="-71.3055208">
        <ele>925.8</ele>
      </trkpt>
      <trkpt lat="-40.1154856" lon="-71.3056523">
        <ele>927</ele>
      </trkpt>
      <trkpt lat="-40.1155389" lon="-71.3056925">
        <ele>927.5</ele>
      </trkpt>
      <trkpt lat="-40.1155902" lon="-71.3057274">
        <ele>927.8</ele>
      </trkpt>
      <trkpt lat="-40.1156435" lon="-71.3057569">
        <ele>928</ele>
      </trkpt>
      <trkpt lat="-40.1156927" lon="-71.3057783">
        <ele>928.2</ele>
      </trkpt>
      <trkpt lat="-40.1157481" lon="-71.3058025">
        <ele>928.3</ele>
      </trkpt>
      <trkpt lat="-40.1158076" lon="-71.3058239">
        <ele>928.3</ele>
      </trkpt>
      <trkpt lat="-40.1158609" lon="-71.3058427">
        <ele>928.3</ele>
      </trkpt>
      <trkpt lat="-40.1159143" lon="-71.3058561">
        <ele>928.4</ele>
      </trkpt>
      <trkpt lat="-40.1159738" lon="-71.3058695">
        <ele>928.4</ele>
      </trkpt>
      <trkpt lat="-40.1160332" lon="-71.3058776">
        <ele>928.4</ele>
      </trkpt>
      <trkpt lat="-40.1160886" lon="-71.3058829">
        <ele>928.4</ele>
      </trkpt>
      <trkpt lat="-40.1161419" lon="-71.3058856">
        <ele>928.5</ele>
      </trkpt>
      <trkpt lat="-40.1161994" lon="-71.3058883">
        <ele>928.5</ele>
      </trkpt>
      <trkpt lat="-40.1162548" lon="-71.3058829">
        <ele>928.5</ele>
      </trkpt>
      <trkpt lat="-40.1173706" lon="-71.3057756">
        <ele>928</ele>
      </trkpt>
      <trkpt lat="-40.1174383" lon="-71.305773">
        <ele>928</ele>
      </trkpt>
      <trkpt lat="-40.1175039" lon="-71.305773">
        <ele>927.9</ele>
      </trkpt>
      <trkpt lat="-40.1175675" lon="-71.3057756">
        <ele>927.9</ele>
      </trkpt>
      <trkpt lat="-40.1176332" lon="-71.3057837">
        <ele>927.8</ele>
      </trkpt>
      <trkpt lat="-40.1176967" lon="-71.3057971">
        <ele>927.8</ele>
      </trkpt>
      <trkpt lat="-40.1177624" lon="-71.3058186">
        <ele>927.7</ele>
      </trkpt>
      <trkpt lat="-40.117826" lon="-71.3058427">
        <ele>927.6</ele>
      </trkpt>
      <trkpt lat="-40.1178895" lon="-71.3058722">
        <ele>927.6</ele>
      </trkpt>
      <trkpt lat="-40.117949" lon="-71.3059071">
        <ele>927.5</ele>
      </trkpt>
      <trkpt lat="-40.1180085" lon="-71.30595">
        <ele>927.4</ele>
      </trkpt>
      <trkpt lat="-40.1180618" lon="-71.3059956">
        <ele>927.4</ele>
      </trkpt>
      <trkpt lat="-40.1181111" lon="-71.3060465">
        <ele>927.3</ele>
      </trkpt>
      <trkpt lat="-40.1181603" lon="-71.3061029">
        <ele>927.2</ele>
      </trkpt>
      <trkpt lat="-40.1184577" lon="-71.3064489">
        <ele>927</ele>
      </trkpt>
      <trkpt lat="-40.1185746" lon="-71.3066205">
        <ele>927.2</ele>
      </trkpt>
      <trkpt lat="-40.1186013" lon="-71.3066608">
        <ele>927.2</ele>
      </trkpt>
      <trkpt lat="-40.1186341" lon="-71.3067037">
        <ele>927.1</ele>
      </trkpt>
      <trkpt lat="-40.1186649" lon="-71.3067412">
        <ele>927</ele>
      </trkpt>
      <trkpt lat="-40.1186956" lon="-71.3067761">
        <ele>927</ele>
      </trkpt>
      <trkpt lat="-40.1190505" lon="-71.307157">
        <ele>926</ele>
      </trkpt>
      <trkpt lat="-40.1193438" lon="-71.3074708">
        <ele>927</ele>
      </trkpt>
      <trkpt lat="-40.1193807" lon="-71.3075083">
        <ele>926.9</ele>
      </trkpt>
      <trkpt lat="-40.1194197" lon="-71.3075432">
        <ele>926.7</ele>
      </trkpt>
      <trkpt lat="-40.1194566" lon="-71.3075781">
        <ele>926.6</ele>
      </trkpt>
      <trkpt lat="-40.1194935" lon="-71.307613">
        <ele>926.5</ele>
      </trkpt>
      <trkpt lat="-40.1196432" lon="-71.3077363">
        <ele>926</ele>
      </trkpt>
      <trkpt lat="-40.1197273" lon="-71.3078275">
        <ele>926.8</ele>
      </trkpt>
      <trkpt lat="-40.1198319" lon="-71.3079402">
        <ele>927</ele>
      </trkpt>
      <trkpt lat="-40.1203324" lon="-71.308482">
        <ele>927.2</ele>
      </trkpt>
      <trkpt lat="-40.1203734" lon="-71.3085222">
        <ele>927.2</ele>
      </trkpt>
      <trkpt lat="-40.1204247" lon="-71.3085705">
        <ele>927.2</ele>
      </trkpt>
      <trkpt lat="-40.1204739" lon="-71.3086161">
        <ele>927</ele>
      </trkpt>
      <trkpt lat="-40.1205252" lon="-71.3086563">
        <ele>926.5</ele>
      </trkpt>
      <trkpt lat="-40.1205765" lon="-71.3086966">
        <ele>926.2</ele>
      </trkpt>
      <trkpt lat="-40.1212513" lon="-71.3091955">
        <ele>920.5</ele>
      </trkpt>
      <trkpt lat="-40.1213128" lon="-71.3092464">
        <ele>920</ele>
      </trkpt>
      <trkpt lat="-40.1213682" lon="-71.3092947">
        <ele>919.5</ele>
      </trkpt>
      <trkpt lat="-40.1214236" lon="-71.3093403">
        <ele>919</ele>
      </trkpt>
      <trkpt lat="-40.1214789" lon="-71.3093939">
        <ele>918.5</ele>
      </trkpt>
      <trkpt lat="-40.1215302" lon="-71.3094449">
        <ele>918.2</ele>
      </trkpt>
      <trkpt lat="-40.1215794" lon="-71.3094959">
        <ele>918</ele>
      </trkpt>
      <trkpt lat="-40.1216246" lon="-71.3095468">
        <ele>917.5</ele>
      </trkpt>
      <trkpt lat="-40.1216717" lon="-71.3096005">
        <ele>917</ele>
      </trkpt>
      <trkpt lat="-40.1217169" lon="-71.3096568">
        <ele>916.5</ele>
      </trkpt>
      <trkpt lat="-40.1217599" lon="-71.3097158">
        <ele>916.2</ele>
      </trkpt>
      <trkpt lat="-40.121801" lon="-71.3097775">
        <ele>916</ele>
      </trkpt>
      <trkpt lat="-40.1218379" lon="-71.3098338">
        <ele>915.8</ele>
      </trkpt>
      <trkpt lat="-40.1226296" lon="-71.3111857">
        <ele>916.2</ele>
      </trkpt>
      <trkpt lat="-40.1229516" lon="-71.3117355">
        <ele>915.2</ele>
      </trkpt>
      <trkpt lat="-40.1232695" lon="-71.31228">
        <ele>913.2</ele>
      </trkpt>
      <trkpt lat="-40.1232982" lon="-71.312331">
        <ele>913</ele>
      </trkpt>
      <trkpt lat="-40.1233289" lon="-71.3123873">
        <ele>912.8</ele>
      </trkpt>
      <trkpt lat="-40.1233597" lon="-71.312449">
        <ele>912.5</ele>
      </trkpt>
      <trkpt lat="-40.1233884" lon="-71.312508">
        <ele>912.4</ele>
      </trkpt>
      <trkpt lat="-40.1234171" lon="-71.3125724">
        <ele>912.3</ele>
      </trkpt>
      <trkpt lat="-40.1234438" lon="-71.3126421">
        <ele>912.2</ele>
      </trkpt>
      <trkpt lat="-40.1238786" lon="-71.3138545">
        <ele>909</ele>
      </trkpt>
      <trkpt lat="-40.1239483" lon="-71.3140503">
        <ele>908.8</ele>
      </trkpt>
      <trkpt lat="-40.1239709" lon="-71.3141146">
        <ele>908.5</ele>
      </trkpt>
      <trkpt lat="-40.1239894" lon="-71.3141763">
        <ele>908.4</ele>
      </trkpt>
      <trkpt lat="-40.1240078" lon="-71.3142407">
        <ele>908.3</ele>
      </trkpt>
      <trkpt lat="-40.1240263" lon="-71.3143051">
        <ele>908.2</ele>
      </trkpt>
      <trkpt lat="-40.1241616" lon="-71.3148415">
        <ele>905.8</ele>
      </trkpt>
      <trkpt lat="-40.124178" lon="-71.3149086">
        <ele>905.5</ele>
      </trkpt>
      <trkpt lat="-40.1241924" lon="-71.3149729">
        <ele>905.2</ele>
      </trkpt>
      <trkpt lat="-40.1242047" lon="-71.3150346">
        <ele>905</ele>
      </trkpt>
      <trkpt lat="-40.124217" lon="-71.315091">
        <ele>904.8</ele>
      </trkpt>
      <trkpt lat="-40.1243565" lon="-71.3157722">
        <ele>901.8</ele>
      </trkpt>
      <trkpt lat="-40.1243708" lon="-71.3158366">
        <ele>901.5</ele>
      </trkpt>
      <trkpt lat="-40.1243872" lon="-71.3158983">
        <ele>901.2</ele>
      </trkpt>
      <trkpt lat="-40.1244037" lon="-71.3159546">
        <ele>901</ele>
      </trkpt>
      <trkpt lat="-40.1244242" lon="-71.316011">
        <ele>900.5</ele>
      </trkpt>
      <trkpt lat="-40.1244447" lon="-71.3160673">
        <ele>900</ele>
      </trkpt>
      <trkpt lat="-40.1244672" lon="-71.3161182">
        <ele>899.8</ele>
      </trkpt>
      <trkpt lat="-40.1246087" lon="-71.3164401">
        <ele>899</ele>
      </trkpt>
      <trkpt lat="-40.1246785" lon="-71.3166118">
        <ele>898.2</ele>
      </trkpt>
      <trkpt lat="-40.1246949" lon="-71.3166574">
        <ele>898</ele>
      </trkpt>
      <trkpt lat="-40.1247072" lon="-71.3167003">
        <ele>897.8</ele>
      </trkpt>
      <trkpt lat="-40.1247174" lon="-71.3167486">
        <ele>897.5</ele>
      </trkpt>
      <trkpt lat="-40.1247236" lon="-71.3167968">
        <ele>897</ele>
      </trkpt>
      <trkpt lat="-40.1247236" lon="-71.316829">
        <ele>897.1</ele>
      </trkpt>
      <trkpt lat="-40.1247297" lon="-71.3168612">
        <ele>897.1</ele>
      </trkpt>
      <trkpt lat="-40.1247441" lon="-71.3168907">
        <ele>897.2</ele>
      </trkpt>
      <trkpt lat="-40.1247605" lon="-71.3169122">
        <ele>897.2</ele>
      </trkpt>
      <trkpt lat="-40.1247831" lon="-71.3169309">
        <ele>897</ele>
      </trkpt>
      <trkpt lat="-40.1248159" lon="-71.3169712">
        <ele>897.5</ele>
      </trkpt>
      <trkpt lat="-40.1248528" lon="-71.3170141">
        <ele>898</ele>
      </trkpt>
      <trkpt lat="-40.1248836" lon="-71.3170597">
        <ele>898.5</ele>
      </trkpt>
      <trkpt lat="-40.1249102" lon="-71.3171107">
        <ele>899</ele>
      </trkpt>
      <trkpt lat="-40.1250169" lon="-71.3173172">
        <ele>900</ele>
      </trkpt>
      <trkpt lat="-40.1254271" lon="-71.318315">
        <ele>899</ele>
      </trkpt>
      <trkpt lat="-40.1255542" lon="-71.3186905">
        <ele>898</ele>
      </trkpt>
      <trkpt lat="-40.1255686" lon="-71.318728">
        <ele>897.9</ele>
      </trkpt>
      <trkpt lat="-40.1255809" lon="-71.3187683">
        <ele>897.9</ele>
      </trkpt>
      <trkpt lat="-40.1255952" lon="-71.3188031">
        <ele>897.8</ele>
      </trkpt>
      <trkpt lat="-40.1256096" lon="-71.318838">
        <ele>897.8</ele>
      </trkpt>
      <trkpt lat="-40.1258824" lon="-71.31942">
        <ele>896.8</ele>
      </trkpt>
      <trkpt lat="-40.1261756" lon="-71.3200423">
        <ele>892.2</ele>
      </trkpt>
      <trkpt lat="-40.1261941" lon="-71.3200825">
        <ele>892</ele>
      </trkpt>
      <trkpt lat="-40.1262146" lon="-71.3201174">
        <ele>891.8</ele>
      </trkpt>
      <trkpt lat="-40.1262351" lon="-71.3201576">
        <ele>891.5</ele>
      </trkpt>
      <trkpt lat="-40.1262556" lon="-71.3201925">
        <ele>891.2</ele>
      </trkpt>
      <trkpt lat="-40.1265653" lon="-71.320737">
        <ele>888</ele>
      </trkpt>
      <trkpt lat="-40.126592" lon="-71.3207853">
        <ele>887</ele>
      </trkpt>
      <trkpt lat="-40.1266248" lon="-71.3208336">
        <ele>886.8</ele>
      </trkpt>
      <trkpt lat="-40.1266576" lon="-71.3208818">
        <ele>886.5</ele>
      </trkpt>
      <trkpt lat="-40.1266945" lon="-71.3209248">
        <ele>886</ele>
      </trkpt>
      <trkpt lat="-40.1267355" lon="-71.320965">
        <ele>885.5</ele>
      </trkpt>
      <trkpt lat="-40.1267807" lon="-71.3209999">
        <ele>885</ele>
      </trkpt>
      <trkpt lat="-40.1268278" lon="-71.3210267">
        <ele>884.5</ele>
      </trkpt>
      <trkpt lat="-40.1277158" lon="-71.3214853">
        <ele>874.5</ele>
      </trkpt>
      <trkpt lat="-40.1292642" lon="-71.322282">
        <ele>847</ele>
      </trkpt>
      <trkpt lat="-40.1300353" lon="-71.3226789">
        <ele>835</ele>
      </trkpt>
      <trkpt lat="-40.1300784" lon="-71.3227004">
        <ele>835</ele>
      </trkpt>
      <trkpt lat="-40.1301194" lon="-71.3227192">
        <ele>834.2</ele>
      </trkpt>
      <trkpt lat="-40.1301584" lon="-71.3227352">
        <ele>833.5</ele>
      </trkpt>
      <trkpt lat="-40.1301994" lon="-71.3227513">
        <ele>832.8</ele>
      </trkpt>
      <trkpt lat="-40.1302404" lon="-71.3227648">
        <ele>831.8</ele>
      </trkpt>
      <trkpt lat="-40.1302793" lon="-71.3227755">
        <ele>830.8</ele>
      </trkpt>
      <trkpt lat="-40.1303245" lon="-71.3227862">
        <ele>829.5</ele>
      </trkpt>
      <trkpt lat="-40.1303675" lon="-71.3227916">
        <ele>828.2</ele>
      </trkpt>
      <trkpt lat="-40.1304085" lon="-71.3227943">
        <ele>827</ele>
      </trkpt>
      <trkpt lat="-40.1304537" lon="-71.3227943">
        <ele>825.8</ele>
      </trkpt>
      <trkpt lat="-40.1304967" lon="-71.3227889">
        <ele>824.8</ele>
      </trkpt>
      <trkpt lat="-40.1305418" lon="-71.3227808">
        <ele>823.8</ele>
      </trkpt>
      <trkpt lat="-40.130587" lon="-71.3227674">
        <ele>822.8</ele>
      </trkpt>
      <trkpt lat="-40.1306259" lon="-71.3227513">
        <ele>822</ele>
      </trkpt>
      <trkpt lat="-40.130669" lon="-71.3227299">
        <ele>821.2</ele>
      </trkpt>
      <trkpt lat="-40.130708" lon="-71.3227084">
        <ele>820.5</ele>
      </trkpt>
      <trkpt lat="-40.130749" lon="-71.3226789">
        <ele>819.8</ele>
      </trkpt>
      <trkpt lat="-40.1307879" lon="-71.3226521">
        <ele>819.2</ele>
      </trkpt>
      <trkpt lat="-40.1308269" lon="-71.3226172">
        <ele>818.8</ele>
      </trkpt>
      <trkpt lat="-40.1308638" lon="-71.3225797">
        <ele>818.2</ele>
      </trkpt>
      <trkpt lat="-40.1309007" lon="-71.3225394">
        <ele>818</ele>
      </trkpt>
      <trkpt lat="-40.1309356" lon="-71.3224965">
        <ele>817.8</ele>
      </trkpt>
      <trkpt lat="-40.1310853" lon="-71.3222873">
        <ele>816.8</ele>
      </trkpt>
      <trkpt lat="-40.1311181" lon="-71.322239">
        <ele>816.7</ele>
      </trkpt>
      <trkpt lat="-40.1311448" lon="-71.3221908">
        <ele>816.6</ele>
      </trkpt>
      <trkpt lat="-40.1311694" lon="-71.3221425">
        <ele>816.6</ele>
      </trkpt>
      <trkpt lat="-40.1311899" lon="-71.3220915">
        <ele>816.5</ele>
      </trkpt>
      <trkpt lat="-40.1312104" lon="-71.3220379">
        <ele>816.8</ele>
      </trkpt>
      <trkpt lat="-40.1312288" lon="-71.3219815">
        <ele>816.8</ele>
      </trkpt>
      <trkpt lat="-40.1312453" lon="-71.3219172">
        <ele>816.9</ele>
      </trkpt>
      <trkpt lat="-40.1312596" lon="-71.3218555">
        <ele>816.9</ele>
      </trkpt>
      <trkpt lat="-40.1312699" lon="-71.3217911">
        <ele>817</ele>
      </trkpt>
      <trkpt lat="-40.1313355" lon="-71.3212815">
        <ele>816.5</ele>
      </trkpt>
      <trkpt lat="-40.1313437" lon="-71.3212439">
        <ele>816.2</ele>
      </trkpt>
      <trkpt lat="-40.1313519" lon="-71.3212091">
        <ele>815.8</ele>
      </trkpt>
      <trkpt lat="-40.1313642" lon="-71.3211742">
        <ele>815.2</ele>
      </trkpt>
      <trkpt lat="-40.1313785" lon="-71.321142">
        <ele>814.8</ele>
      </trkpt>
      <trkpt lat="-40.131395" lon="-71.3211152">
        <ele>814</ele>
      </trkpt>
      <trkpt lat="-40.1314134" lon="-71.3210884">
        <ele>813.2</ele>
      </trkpt>
      <trkpt lat="-40.1314319" lon="-71.3210669">
        <ele>812.5</ele>
      </trkpt>
      <trkpt lat="-40.1314565" lon="-71.3210481">
        <ele>811.8</ele>
      </trkpt>
      <trkpt lat="-40.1314811" lon="-71.3210347">
        <ele>811</ele>
      </trkpt>
      <trkpt lat="-40.1315077" lon="-71.3210294">
        <ele>810.2</ele>
      </trkpt>
      <trkpt lat="-40.1315324" lon="-71.3210267">
        <ele>809.5</ele>
      </trkpt>
      <trkpt lat="-40.131559" lon="-71.3210294">
        <ele>808.8</ele>
      </trkpt>
      <trkpt lat="-40.1315836" lon="-71.3210347">
        <ele>808.2</ele>
      </trkpt>
      <trkpt lat="-40.1316103" lon="-71.3210481">
        <ele>807.8</ele>
      </trkpt>
      <trkpt lat="-40.1316349" lon="-71.3210616">
        <ele>807.2</ele>
      </trkpt>
      <trkpt lat="-40.1316595" lon="-71.3210803">
        <ele>806.8</ele>
      </trkpt>
      <trkpt lat="-40.13168" lon="-71.3211045">
        <ele>806.5</ele>
      </trkpt>
      <trkpt lat="-40.1316985" lon="-71.3211367">
        <ele>806.2</ele>
      </trkpt>
      <trkpt lat="-40.1317149" lon="-71.3211715">
        <ele>806.2</ele>
      </trkpt>
      <trkpt lat="-40.1317231" lon="-71.3212064">
        <ele>806.1</ele>
      </trkpt>
      <trkpt lat="-40.1317272" lon="-71.3212466">
        <ele>806</ele>
      </trkpt>
      <trkpt lat="-40.1317251" lon="-71.3212895">
        <ele>806.2</ele>
      </trkpt>
      <trkpt lat="-40.131719" lon="-71.3213325">
        <ele>806.5</ele>
      </trkpt>
      <trkpt lat="-40.1317087" lon="-71.3213754">
        <ele>807</ele>
      </trkpt>
      <trkpt lat="-40.1316964" lon="-71.3214156">
        <ele>807.5</ele>
      </trkpt>
      <trkpt lat="-40.1316369" lon="-71.3215953">
        <ele>809.5</ele>
      </trkpt>
      <trkpt lat="-40.1316246" lon="-71.3216382">
        <ele>809.6</ele>
      </trkpt>
      <trkpt lat="-40.1316185" lon="-71.3216811">
        <ele>809.8</ele>
      </trkpt>
      <trkpt lat="-40.1316185" lon="-71.3217267">
        <ele>809.5</ele>
      </trkpt>
      <trkpt lat="-40.1316226" lon="-71.3217697">
        <ele>809</ele>
      </trkpt>
      <trkpt lat="-40.1316328" lon="-71.3218126">
        <ele>808.2</ele>
      </trkpt>
      <trkpt lat="-40.1316472" lon="-71.3218528">
        <ele>807.5</ele>
      </trkpt>
      <trkpt lat="-40.1316657" lon="-71.321893">
        <ele>806.5</ele>
      </trkpt>
      <trkpt lat="-40.1316882" lon="-71.3219279">
        <ele>805.5</ele>
      </trkpt>
      <trkpt lat="-40.1317108" lon="-71.3219574">
        <ele>804.5</ele>
      </trkpt>
      <trkpt lat="-40.1317374" lon="-71.3219842">
        <ele>803.5</ele>
      </trkpt>
      <trkpt lat="-40.1317641" lon="-71.3220003">
        <ele>802.5</ele>
      </trkpt>
      <trkpt lat="-40.1317928" lon="-71.3220137">
        <ele>801.5</ele>
      </trkpt>
      <trkpt lat="-40.1318256" lon="-71.3220164">
        <ele>800.5</ele>
      </trkpt>
      <trkpt lat="-40.1318584" lon="-71.3220111">
        <ele>799.5</ele>
      </trkpt>
      <trkpt lat="-40.1318871" lon="-71.321995">
        <ele>798.8</ele>
      </trkpt>
      <trkpt lat="-40.1319138" lon="-71.3219708">
        <ele>798.2</ele>
      </trkpt>
      <trkpt lat="-40.1319343" lon="-71.3219386">
        <ele>798.2</ele>
      </trkpt>
      <trkpt lat="-40.1319487" lon="-71.3218984">
        <ele>798.1</ele>
      </trkpt>
      <trkpt lat="-40.131961" lon="-71.3218555">
        <ele>798</ele>
      </trkpt>
      <trkpt lat="-40.1319692" lon="-71.3218072">
        <ele>798.2</ele>
      </trkpt>
      <trkpt lat="-40.1319753" lon="-71.3217509">
        <ele>798.5</ele>
      </trkpt>
      <trkpt lat="-40.1319794" lon="-71.3216972">
        <ele>798.8</ele>
      </trkpt>
      <trkpt lat="-40.1319794" lon="-71.3216436">
        <ele>799</ele>
      </trkpt>
      <trkpt lat="-40.1319753" lon="-71.321134">
        <ele>798.2</ele>
      </trkpt>
      <trkpt lat="-40.1319733" lon="-71.3210776">
        <ele>797.8</ele>
      </trkpt>
      <trkpt lat="-40.1319692" lon="-71.3210186">
        <ele>797.2</ele>
      </trkpt>
      <trkpt lat="-40.131961" lon="-71.3209516">
        <ele>796.8</ele>
      </trkpt>
      <trkpt lat="-40.1319507" lon="-71.3208899">
        <ele>796.2</ele>
      </trkpt>
      <trkpt lat="-40.1319404" lon="-71.3208362">
        <ele>796</ele>
      </trkpt>
      <trkpt lat="-40.1319281" lon="-71.3207826">
        <ele>795.8</ele>
      </trkpt>
      <trkpt lat="-40.131883" lon="-71.320619">
        <ele>794.8</ele>
      </trkpt>
      <trkpt lat="-40.1318666" lon="-71.3205627">
        <ele>794.5</ele>
      </trkpt>
      <trkpt lat="-40.1318482" lon="-71.3205117">
        <ele>794.2</ele>
      </trkpt>
      <trkpt lat="-40.1318277" lon="-71.3204607">
        <ele>794.2</ele>
      </trkpt>
      <trkpt lat="-40.1318051" lon="-71.3204071">
        <ele>794.1</ele>
      </trkpt>
      <trkpt lat="-40.1317784" lon="-71.3203615">
        <ele>794</ele>
      </trkpt>
      <trkpt lat="-40.1317497" lon="-71.3203159">
        <ele>794.2</ele>
      </trkpt>
      <trkpt lat="-40.131721" lon="-71.3202757">
        <ele>794.5</ele>
      </trkpt>
      <trkpt lat="-40.1316903" lon="-71.3202408">
        <ele>794.8</ele>
      </trkpt>
      <trkpt lat="-40.1314811" lon="-71.3200155">
        <ele>796.5</ele>
      </trkpt>
      <trkpt lat="-40.1314565" lon="-71.319986">
        <ele>796.8</ele>
      </trkpt>
      <trkpt lat="-40.131436" lon="-71.3199565">
        <ele>796.9</ele>
      </trkpt>
      <trkpt lat="-40.1314196" lon="-71.3199216">
        <ele>797</ele>
      </trkpt>
      <trkpt lat="-40.1314052" lon="-71.3198814">
        <ele>796.8</ele>
      </trkpt>
      <trkpt lat="-40.131397" lon="-71.3198438">
        <ele>796.5</ele>
      </trkpt>
      <trkpt lat="-40.1313909" lon="-71.3198036">
        <ele>796</ele>
      </trkpt>
      <trkpt lat="-40.1313929" lon="-71.3197634">
        <ele>795.2</ele>
      </trkpt>
      <trkpt lat="-40.1314011" lon="-71.3197124">
        <ele>794.2</ele>
      </trkpt>
      <trkpt lat="-40.1314155" lon="-71.3196695">
        <ele>793.2</ele>
      </trkpt>
      <trkpt lat="-40.131436" lon="-71.3196373">
        <ele>792.2</ele>
      </trkpt>
      <trkpt lat="-40.1314626" lon="-71.3196132">
        <ele>791.2</ele>
      </trkpt>
      <trkpt lat="-40.1314954" lon="-71.3195971">
        <ele>790.2</ele>
      </trkpt>
      <trkpt lat="-40.1315324" lon="-71.3195917">
        <ele>789.2</ele>
      </trkpt>
      <trkpt lat="-40.1315713" lon="-71.3195997">
        <ele>788.2</ele>
      </trkpt>
      <trkpt lat="-40.1316123" lon="-71.3196185">
        <ele>787.5</ele>
      </trkpt>
      <trkpt lat="-40.1316513" lon="-71.319648">
        <ele>786.8</ele>
      </trkpt>
      <trkpt lat="-40.1316841" lon="-71.3196829">
        <ele>786.2</ele>
      </trkpt>
      <trkpt lat="-40.1317149" lon="-71.3197231">
        <ele>786</ele>
      </trkpt>
      <trkpt lat="-40.1317395" lon="-71.319766">
        <ele>786</ele>
      </trkpt>
      <trkpt lat="-40.1318072" lon="-71.3198921">
        <ele>785.9</ele>
      </trkpt>
      <trkpt lat="-40.1318338" lon="-71.3199458">
        <ele>785.8</ele>
      </trkpt>
      <trkpt lat="-40.1318625" lon="-71.3199967">
        <ele>785.8</ele>
      </trkpt>
      <trkpt lat="-40.1318933" lon="-71.3200477">
        <ele>785.8</ele>
      </trkpt>
      <trkpt lat="-40.131924" lon="-71.320096">
        <ele>785.5</ele>
      </trkpt>
      <trkpt lat="-40.1322747" lon="-71.3205975">
        <ele>782.5</ele>
      </trkpt>
      <trkpt lat="-40.1323137" lon="-71.3206512">
        <ele>782</ele>
      </trkpt>
      <trkpt lat="-40.1323547" lon="-71.3206995">
        <ele>781.2</ele>
      </trkpt>
      <trkpt lat="-40.1323998" lon="-71.3207451">
        <ele>780.5</ele>
      </trkpt>
      <trkpt lat="-40.1324449" lon="-71.3207853">
        <ele>779.8</ele>
      </trkpt>
      <trkpt lat="-40.1327197" lon="-71.3210106">
        <ele>773.8</ele>
      </trkpt>
      <trkpt lat="-40.1327587" lon="-71.3210481">
        <ele>773</ele>
      </trkpt>
      <trkpt lat="-40.1327956" lon="-71.3210884">
        <ele>772.2</ele>
      </trkpt>
      <trkpt lat="-40.1328346" lon="-71.3211367">
        <ele>771.8</ele>
      </trkpt>
      <trkpt lat="-40.1328674" lon="-71.3211903">
        <ele>771.2</ele>
      </trkpt>
      <trkpt lat="-40.1328961" lon="-71.3212466">
        <ele>771</ele>
      </trkpt>
      <trkpt lat="-40.1329207" lon="-71.3213083">
        <ele>770.8</ele>
      </trkpt>
      <trkpt lat="-40.1330417" lon="-71.3216355">
        <ele>769.8</ele>
      </trkpt>
      <trkpt lat="-40.1330622" lon="-71.3216838">
        <ele>769.5</ele>
      </trkpt>
      <trkpt lat="-40.1330847" lon="-71.3217321">
        <ele>769.2</ele>
      </trkpt>
      <trkpt lat="-40.1331093" lon="-71.3217723">
        <ele>768.8</ele>
      </trkpt>
      <trkpt lat="-40.133136" lon="-71.3218126">
        <ele>768.2</ele>
      </trkpt>
      <trkpt lat="-40.1331647" lon="-71.3218501">
        <ele>767.8</ele>
      </trkpt>
      <trkpt lat="-40.1331955" lon="-71.3218823">
        <ele>767.2</ele>
      </trkpt>
      <trkpt lat="-40.1332283" lon="-71.3219118">
        <ele>767</ele>
      </trkpt>
      <trkpt lat="-40.133259" lon="-71.321936">
        <ele>766.8</ele>
      </trkpt>
      <trkpt lat="-40.133296" lon="-71.3219547">
        <ele>766.5</ele>
      </trkpt>
      <trkpt lat="-40.133337" lon="-71.3219735">
        <ele>766.2</ele>
      </trkpt>
      <trkpt lat="-40.1333759" lon="-71.3219842">
        <ele>766</ele>
      </trkpt>
      <trkpt lat="-40.1334149" lon="-71.3219923">
        <ele>765.8</ele>
      </trkpt>
      <trkpt lat="-40.1334539" lon="-71.321995">
        <ele>765.5</ele>
      </trkpt>
      <trkpt lat="-40.1334949" lon="-71.321995">
        <ele>765.2</ele>
      </trkpt>
      <trkpt lat="-40.1335359" lon="-71.3219896">
        <ele>765</ele>
      </trkpt>
      <trkpt lat="-40.1335748" lon="-71.3219789">
        <ele>764.8</ele>
      </trkpt>
      <trkpt lat="-40.1336138" lon="-71.3219628">
        <ele>764.5</ele>
      </trkpt>
      <trkpt lat="-40.1336507" lon="-71.3219413">
        <ele>764.2</ele>
      </trkpt>
      <trkpt lat="-40.1336897" lon="-71.3219145">
        <ele>764</ele>
      </trkpt>
      <trkpt lat="-40.1337266" lon="-71.3218796">
        <ele>763.5</ele>
      </trkpt>
      <trkpt lat="-40.133944" lon="-71.3216409">
        <ele>761.5</ele>
      </trkpt>
      <trkpt lat="-40.133987" lon="-71.3216007">
        <ele>761.4</ele>
      </trkpt>
      <trkpt lat="-40.1340383" lon="-71.3215604">
        <ele>761.3</ele>
      </trkpt>
      <trkpt lat="-40.1340875" lon="-71.3215336">
        <ele>761.2</ele>
      </trkpt>
      <trkpt lat="-40.1341449" lon="-71.3215095">
        <ele>761</ele>
      </trkpt>
      <trkpt lat="-40.1341982" lon="-71.3214988">
        <ele>760.8</ele>
      </trkpt>
      <trkpt lat="-40.1342516" lon="-71.3214907">
        <ele>760.5</ele>
      </trkpt>
      <trkpt lat="-40.134311" lon="-71.3214853">
        <ele>760.2</ele>
      </trkpt>
      <trkpt lat="-40.1343685" lon="-71.3214853">
        <ele>760</ele>
      </trkpt>
      <trkpt lat="-40.1344341" lon="-71.3214907">
        <ele>759.8</ele>
      </trkpt>
      <trkpt lat="-40.1344956" lon="-71.3214988">
        <ele>759.5</ele>
      </trkpt>
      <trkpt lat="-40.1345592" lon="-71.3215095">
        <ele>759.2</ele>
      </trkpt>
      <trkpt lat="-40.1346186" lon="-71.3215229">
        <ele>759</ele>
      </trkpt>
      <trkpt lat="-40.1354573" lon="-71.3217455">
        <ele>754.2</ele>
      </trkpt>
      <trkpt lat="-40.1357178" lon="-71.3218153">
        <ele>752</ele>
      </trkpt>
      <trkpt lat="-40.1366077" lon="-71.3220513">
        <ele>749</ele>
      </trkpt>
      <trkpt lat="-40.1367574" lon="-71.3221183">
        <ele>748.5</ele>
      </trkpt>
      <trkpt lat="-40.1367964" lon="-71.3221344">
        <ele>748.2</ele>
      </trkpt>
      <trkpt lat="-40.1368333" lon="-71.3221478">
        <ele>748</ele>
      </trkpt>
      <trkpt lat="-40.1368722" lon="-71.3221586">
        <ele>747.8</ele>
      </trkpt>
      <trkpt lat="-40.1369133" lon="-71.3221693">
        <ele>748</ele>
      </trkpt>
      <trkpt lat="-40.1369338" lon="-71.322172">
        <ele>748</ele>
      </trkpt>
      <trkpt lat="-40.1370322" lon="-71.3221908">
        <ele>747.8</ele>
      </trkpt>
      <trkpt lat="-40.1370547" lon="-71.3221961">
        <ele>747.7</ele>
      </trkpt>
      <trkpt lat="-40.1370793" lon="-71.3221988">
        <ele>747.6</ele>
      </trkpt>
      <trkpt lat="-40.137104" lon="-71.3222015">
        <ele>747.5</ele>
      </trkpt>
      <trkpt lat="-40.1371286" lon="-71.3222042">
        <ele>747.4</ele>
      </trkpt>
      <trkpt lat="-40.1372208" lon="-71.3222095">
        <ele>747</ele>
      </trkpt>
      <trkpt lat="-40.1378709" lon="-71.3223758">
        <ele>744</ele>
      </trkpt>
      <trkpt lat="-40.1378729" lon="-71.3223758">
        <ele>744.2</ele>
      </trkpt>
      <trkpt lat="-40.1400793" lon="-71.3229418">
        <ele>738</ele>
      </trkpt>
      <trkpt lat="-40.1401736" lon="-71.3229686">
        <ele>737.8</ele>
      </trkpt>
      <trkpt lat="-40.1402699" lon="-71.3229927">
        <ele>737.5</ele>
      </trkpt>
      <trkpt lat="-40.1403643" lon="-71.3230196">
        <ele>737.2</ele>
      </trkpt>
      <trkpt lat="-40.1404627" lon="-71.3230437">
        <ele>737</ele>
      </trkpt>
      <trkpt lat="-40.1421051" lon="-71.3234165">
        <ele>732</ele>
      </trkpt>
      <trkpt lat="-40.1422425" lon="-71.3234675">
        <ele>731.2</ele>
      </trkpt>
      <trkpt lat="-40.1422753" lon="-71.3234809">
        <ele>731</ele>
      </trkpt>
      <trkpt lat="-40.1423101" lon="-71.323497">
        <ele>730.8</ele>
      </trkpt>
      <trkpt lat="-40.1423429" lon="-71.3235131">
        <ele>730.5</ele>
      </trkpt>
      <trkpt lat="-40.1423757" lon="-71.3235319">
        <ele>730</ele>
      </trkpt>
      <trkpt lat="-40.1423921" lon="-71.3235453">
        <ele>730</ele>
      </trkpt>
      <trkpt lat="-40.1424044" lon="-71.3235694">
        <ele>729.8</ele>
      </trkpt>
      <trkpt lat="-40.1424167" lon="-71.3235909">
        <ele>729.5</ele>
      </trkpt>
      <trkpt lat="-40.1424311" lon="-71.3236123">
        <ele>729.2</ele>
      </trkpt>
      <trkpt lat="-40.1424434" lon="-71.3236284">
        <ele>729.2</ele>
      </trkpt>
      <trkpt lat="-40.1425111" lon="-71.3237008">
        <ele>728.8</ele>
      </trkpt>
      <trkpt lat="-40.1425193" lon="-71.3237116">
        <ele>728.7</ele>
      </trkpt>
      <trkpt lat="-40.1425295" lon="-71.3237196">
        <ele>728.6</ele>
      </trkpt>
      <trkpt lat="-40.1425398" lon="-71.3237303">
        <ele>728.5</ele>
      </trkpt>
      <trkpt lat="-40.14255" lon="-71.3237384">
        <ele>728.4</ele>
      </trkpt>
      <trkpt lat="-40.142589" lon="-71.3237706">
        <ele>728</ele>
      </trkpt>
      <trkpt lat="-40.1434276" lon="-71.3248622">
        <ele>722.2</ele>
      </trkpt>
      <trkpt lat="-40.1434932" lon="-71.3249534">
        <ele>721.5</ele>
      </trkpt>
      <trkpt lat="-40.1435588" lon="-71.3250554">
        <ele>720.8</ele>
      </trkpt>
      <trkpt lat="-40.1436183" lon="-71.32516">
        <ele>720</ele>
      </trkpt>
      <trkpt lat="-40.1436777" lon="-71.3252699">
        <ele>719.2</ele>
      </trkpt>
      <trkpt lat="-40.1441862" lon="-71.3263267">
        <ele>715.8</ele>
      </trkpt>
      <trkpt lat="-40.1442272" lon="-71.3264287">
        <ele>716.2</ele>
      </trkpt>
      <trkpt lat="-40.1442682" lon="-71.3265359">
        <ele>716.8</ele>
      </trkpt>
      <trkpt lat="-40.1443051" lon="-71.3266486">
        <ele>717.2</ele>
      </trkpt>
      <trkpt lat="-40.1443359" lon="-71.3267586">
        <ele>717.5</ele>
      </trkpt>
      <trkpt lat="-40.1443625" lon="-71.3268659">
        <ele>717.8</ele>
      </trkpt>
      <trkpt lat="-40.1443831" lon="-71.3269839">
        <ele>718</ele>
      </trkpt>
      <trkpt lat="-40.1445061" lon="-71.3279414">
        <ele>724.5</ele>
      </trkpt>
      <trkpt lat="-40.1445143" lon="-71.3280138">
        <ele>725</ele>
      </trkpt>
      <trkpt lat="-40.1445245" lon="-71.3280863">
        <ele>725.5</ele>
      </trkpt>
      <trkpt lat="-40.1445368" lon="-71.3281587">
        <ele>726.2</ele>
      </trkpt>
      <trkpt lat="-40.1445491" lon="-71.3282257">
        <ele>726.8</ele>
      </trkpt>
      <trkpt lat="-40.1446373" lon="-71.3286817">
        <ele>729.5</ele>
      </trkpt>
      <trkpt lat="-40.1446578" lon="-71.3287809">
        <ele>730.5</ele>
      </trkpt>
      <trkpt lat="-40.1446845" lon="-71.3288802">
        <ele>731.5</ele>
      </trkpt>
      <trkpt lat="-40.1447111" lon="-71.328966">
        <ele>731.6</ele>
      </trkpt>
      <trkpt lat="-40.1447419" lon="-71.3290438">
        <ele>731.6</ele>
      </trkpt>
      <trkpt lat="-40.1447788" lon="-71.3291243">
        <ele>731.7</ele>
      </trkpt>
      <trkpt lat="-40.1448136" lon="-71.329194">
        <ele>731.7</ele>
      </trkpt>
      <trkpt lat="-40.1448546" lon="-71.3292611">
        <ele>731.8</ele>
      </trkpt>
      <trkpt lat="-40.1448956" lon="-71.3293254">
        <ele>731.8</ele>
      </trkpt>
      <trkpt lat="-40.1449407" lon="-71.3293898">
        <ele>731.9</ele>
      </trkpt>
      <trkpt lat="-40.1449858" lon="-71.3294515">
        <ele>731.9</ele>
      </trkpt>
      <trkpt lat="-40.1450351" lon="-71.3295132">
        <ele>732</ele>
      </trkpt>
      <trkpt lat="-40.1450863" lon="-71.3295695">
        <ele>732</ele>
      </trkpt>
      <trkpt lat="-40.1451417" lon="-71.3296232">
        <ele>731.8</ele>
      </trkpt>
      <trkpt lat="-40.1451991" lon="-71.3296714">
        <ele>731.5</ele>
      </trkpt>
      <trkpt lat="-40.1452606" lon="-71.329717">
        <ele>730.8</ele>
      </trkpt>
      <trkpt lat="-40.1453242" lon="-71.3297546">
        <ele>729.8</ele>
      </trkpt>
      <trkpt lat="-40.1453898" lon="-71.3297868">
        <ele>728.8</ele>
      </trkpt>
      <trkpt lat="-40.1454554" lon="-71.3298136">
        <ele>727.8</ele>
      </trkpt>
      <trkpt lat="-40.1456748" lon="-71.3298914">
        <ele>724.8</ele>
      </trkpt>
      <trkpt lat="-40.1457178" lon="-71.3299075">
        <ele>724.2</ele>
      </trkpt>
      <trkpt lat="-40.145765" lon="-71.3299263">
        <ele>723.8</ele>
      </trkpt>
      <trkpt lat="-40.1458121" lon="-71.3299477">
        <ele>723</ele>
      </trkpt>
      <trkpt lat="-40.1458572" lon="-71.3299665">
        <ele>722.2</ele>
      </trkpt>
      <trkpt lat="-40.146011" lon="-71.3300389">
        <ele>720</ele>
      </trkpt>
      <trkpt lat="-40.1460582" lon="-71.3300765">
        <ele>719.5</ele>
      </trkpt>
      <trkpt lat="-40.1460705" lon="-71.3300818">
        <ele>719.4</ele>
      </trkpt>
      <trkpt lat="-40.1460807" lon="-71.3300899">
        <ele>719.4</ele>
      </trkpt>
      <trkpt lat="-40.146091" lon="-71.3300952">
        <ele>719.3</ele>
      </trkpt>
      <trkpt lat="-40.1461033" lon="-71.3301006">
        <ele>719.3</ele>
      </trkpt>
      <trkpt lat="-40.1461607" lon="-71.3301221">
        <ele>719</ele>
      </trkpt>
      <trkpt lat="-40.1461894" lon="-71.3301355">
        <ele>718.8</ele>
      </trkpt>
      <trkpt lat="-40.1462201" lon="-71.3301489">
        <ele>718.5</ele>
      </trkpt>
      <trkpt lat="-40.1462488" lon="-71.330165">
        <ele>718.2</ele>
      </trkpt>
      <trkpt lat="-40.1462775" lon="-71.3301837">
        <ele>717</ele>
      </trkpt>
      <trkpt lat="-40.146296" lon="-71.3302052">
        <ele>717</ele>
      </trkpt>
      <trkpt lat="-40.1463165" lon="-71.3302454">
        <ele>717.1</ele>
      </trkpt>
      <trkpt lat="-40.146337" lon="-71.3302937">
        <ele>717.2</ele>
      </trkpt>
      <trkpt lat="-40.1463534" lon="-71.3303447">
        <ele>717.3</ele>
      </trkpt>
      <trkpt lat="-40.1463637" lon="-71.330401">
        <ele>717.4</ele>
      </trkpt>
      <trkpt lat="-40.1463698" lon="-71.3304546">
        <ele>717.5</ele>
      </trkpt>
      <trkpt lat="-40.146458" lon="-71.3313773">
        <ele>719</ele>
      </trkpt>
      <trkpt lat="-40.1464682" lon="-71.3314497">
        <ele>719.2</ele>
      </trkpt>
      <trkpt lat="-40.1464785" lon="-71.3315248">
        <ele>719.5</ele>
      </trkpt>
      <trkpt lat="-40.1464887" lon="-71.3316">
        <ele>719.8</ele>
      </trkpt>
      <trkpt lat="-40.1465031" lon="-71.3316911">
        <ele>720</ele>
      </trkpt>
      <trkpt lat="-40.1465195" lon="-71.331785">
        <ele>720.5</ele>
      </trkpt>
      <trkpt lat="-40.1465359" lon="-71.3318709">
        <ele>721.2</ele>
      </trkpt>
      <trkpt lat="-40.1465584" lon="-71.331962">
        <ele>722</ele>
      </trkpt>
      <trkpt lat="-40.1465769" lon="-71.3320372">
        <ele>722.5</ele>
      </trkpt>
      <trkpt lat="-40.1465994" lon="-71.3321096">
        <ele>723</ele>
      </trkpt>
      <trkpt lat="-40.146622" lon="-71.332182">
        <ele>723.5</ele>
      </trkpt>
      <trkpt lat="-40.1466466" lon="-71.332249">
        <ele>723.8</ele>
      </trkpt>
      <trkpt lat="-40.1466712" lon="-71.3323215">
        <ele>724</ele>
      </trkpt>
      <trkpt lat="-40.1466978" lon="-71.3323858">
        <ele>724.2</ele>
      </trkpt>
      <trkpt lat="-40.1467245" lon="-71.3324475">
        <ele>724.5</ele>
      </trkpt>
      <trkpt lat="-40.1467512" lon="-71.3325092">
        <ele>724.8</ele>
      </trkpt>
      <trkpt lat="-40.1469418" lon="-71.3329384">
        <ele>726.5</ele>
      </trkpt>
      <trkpt lat="-40.1469562" lon="-71.3329732">
        <ele>726.6</ele>
      </trkpt>
      <trkpt lat="-40.1469705" lon="-71.3330135">
        <ele>726.8</ele>
      </trkpt>
      <trkpt lat="-40.1469787" lon="-71.3330537">
        <ele>727</ele>
      </trkpt>
      <trkpt lat="-40.1469869" lon="-71.3330966">
        <ele>727.2</ele>
      </trkpt>
      <trkpt lat="-40.1469931" lon="-71.3331369">
        <ele>727.5</ele>
      </trkpt>
      <trkpt lat="-40.1469951" lon="-71.3331771">
        <ele>727.8</ele>
      </trkpt>
      <trkpt lat="-40.1469972" lon="-71.3332146">
        <ele>728</ele>
      </trkpt>
      <trkpt lat="-40.1469972" lon="-71.3332871">
        <ele>729.5</ele>
      </trkpt>
      <trkpt lat="-40.1469972" lon="-71.3333112">
        <ele>730</ele>
      </trkpt>
      <trkpt lat="-40.146991" lon="-71.3334185">
        <ele>730.8</ele>
      </trkpt>
      <trkpt lat="-40.1469869" lon="-71.333448">
        <ele>731</ele>
      </trkpt>
      <trkpt lat="-40.1469828" lon="-71.3334802">
        <ele>731.2</ele>
      </trkpt>
      <trkpt lat="-40.1469767" lon="-71.3335097">
        <ele>731.5</ele>
      </trkpt>
      <trkpt lat="-40.1469705" lon="-71.3335365">
        <ele>731.8</ele>
      </trkpt>
      <trkpt lat="-40.1469193" lon="-71.3337511">
        <ele>733</ele>
      </trkpt>
      <trkpt lat="-40.1468947" lon="-71.3338262">
        <ele>733.8</ele>
      </trkpt>
      <trkpt lat="-40.146866" lon="-71.3339013">
        <ele>734.8</ele>
      </trkpt>
      <trkpt lat="-40.146825" lon="-71.3339791">
        <ele>735.8</ele>
      </trkpt>
      <trkpt lat="-40.146784" lon="-71.3340542">
        <ele>736.5</ele>
      </trkpt>
      <trkpt lat="-40.1467348" lon="-71.3341212">
        <ele>737.2</ele>
      </trkpt>
      <trkpt lat="-40.1466835" lon="-71.334191">
        <ele>738</ele>
      </trkpt>
      <trkpt lat="-40.1466384" lon="-71.3342392">
        <ele>738.5</ele>
      </trkpt>
      <trkpt lat="-40.1465912" lon="-71.3342902">
        <ele>739</ele>
      </trkpt>
      <trkpt lat="-40.1461586" lon="-71.334663">
        <ele>741</ele>
      </trkpt>
      <trkpt lat="-40.1456194" lon="-71.3352183">
        <ele>743.8</ele>
      </trkpt>
      <trkpt lat="-40.1453242" lon="-71.3355374">
        <ele>748.5</ele>
      </trkpt>
      <trkpt lat="-40.1452544" lon="-71.3356394">
        <ele>749.8</ele>
      </trkpt>
      <trkpt lat="-40.1452011" lon="-71.3357547">
        <ele>750.8</ele>
      </trkpt>
      <trkpt lat="-40.1451827" lon="-71.3358647">
        <ele>751.2</ele>
      </trkpt>
      <trkpt lat="-40.1451847" lon="-71.3360015">
        <ele>751.5</ele>
      </trkpt>
      <trkpt lat="-40.1452196" lon="-71.3361409">
        <ele>751.8</ele>
      </trkpt>
      <trkpt lat="-40.1452749" lon="-71.3363662">
        <ele>753.8</ele>
      </trkpt>
      <trkpt lat="-40.1453016" lon="-71.3365594">
        <ele>755.8</ele>
      </trkpt>
      <trkpt lat="-40.1453036" lon="-71.3367444">
        <ele>757.8</ele>
      </trkpt>
      <trkpt lat="-40.1452995" lon="-71.3368732">
        <ele>759.2</ele>
      </trkpt>
      <trkpt lat="-40.1452852" lon="-71.3370126">
        <ele>760.8</ele>
      </trkpt>
      <trkpt lat="-40.1452585" lon="-71.3371736">
        <ele>762.8</ele>
      </trkpt>
      <trkpt lat="-40.1452032" lon="-71.3373291">
        <ele>764.5</ele>
      </trkpt>
      <trkpt lat="-40.1451171" lon="-71.3375089">
        <ele>766.5</ele>
      </trkpt>
      <trkpt lat="-40.1451089" lon="-71.337525">
        <ele>766.8</ele>
      </trkpt>
      <trkpt lat="-40.1449592" lon="-71.3377798">
        <ele>768.8</ele>
      </trkpt>
      <trkpt lat="-40.1449038" lon="-71.3379273">
        <ele>770</ele>
      </trkpt>
      <trkpt lat="-40.1448608" lon="-71.3380828">
        <ele>771.5</ele>
      </trkpt>
      <trkpt lat="-40.1448362" lon="-71.3381982">
        <ele>772.2</ele>
      </trkpt>
      <trkpt lat="-40.1448321" lon="-71.3383216">
        <ele>773</ele>
      </trkpt>
      <trkpt lat="-40.1448444" lon="-71.338461">
        <ele>774</ele>
      </trkpt>
      <trkpt lat="-40.1448628" lon="-71.338622">
        <ele>775.2</ele>
      </trkpt>
      <trkpt lat="-40.1449284" lon="-71.3390002">
        <ele>778.2</ele>
      </trkpt>
      <trkpt lat="-40.1449961" lon="-71.3393649">
        <ele>780.8</ele>
      </trkpt>
      <trkpt lat="-40.145031" lon="-71.3395983">
        <ele>781.5</ele>
      </trkpt>
      <trkpt lat="-40.1450515" lon="-71.3397995">
        <ele>781.7</ele>
      </trkpt>
      <trkpt lat="-40.1450597" lon="-71.3399953">
        <ele>781.8</ele>
      </trkpt>
      <trkpt lat="-40.1450597" lon="-71.3402072">
        <ele>782</ele>
      </trkpt>
      <trkpt lat="-40.1450351" lon="-71.3410869">
        <ele>780.5</ele>
      </trkpt>
      <trkpt lat="-40.1450207" lon="-71.34128">
        <ele>781</ele>
      </trkpt>
      <trkpt lat="-40.1449858" lon="-71.3415295">
        <ele>781.8</ele>
      </trkpt>
      <trkpt lat="-40.1449653" lon="-71.3417575">
        <ele>782</ele>
      </trkpt>
      <trkpt lat="-40.1449592" lon="-71.3419747">
        <ele>782.8</ele>
      </trkpt>
      <trkpt lat="-40.1449735" lon="-71.3422483">
        <ele>783.8</ele>
      </trkpt>
      <trkpt lat="-40.1449982" lon="-71.3424039">
        <ele>785</ele>
      </trkpt>
      <trkpt lat="-40.145033" lon="-71.342538">
        <ele>786.5</ele>
      </trkpt>
      <trkpt lat="-40.1451253" lon="-71.342766">
        <ele>789.5</ele>
      </trkpt>
      <trkpt lat="-40.1452114" lon="-71.3429564">
        <ele>792</ele>
      </trkpt>
      <trkpt lat="-40.1452913" lon="-71.3427982">
        <ele>788.8</ele>
      </trkpt>
      <trkpt lat="-40.1453057" lon="-71.3427633">
        <ele>788</ele>
      </trkpt>
      <trkpt lat="-40.1453159" lon="-71.3427231">
        <ele>787.2</ele>
      </trkpt>
      <trkpt lat="-40.1453221" lon="-71.3426802">
        <ele>786.5</ele>
      </trkpt>
      <trkpt lat="-40.1453242" lon="-71.3426319">
        <ele>785.8</ele>
      </trkpt>
      <trkpt lat="-40.1453283" lon="-71.3424924">
        <ele>783.5</ele>
      </trkpt>
      <trkpt lat="-40.1453283" lon="-71.3424388">
        <ele>782.8</ele>
      </trkpt>
      <trkpt lat="-40.1453324" lon="-71.3423851">
        <ele>782</ele>
      </trkpt>
      <trkpt lat="-40.1453385" lon="-71.3423288">
        <ele>781.2</ele>
      </trkpt>
      <trkpt lat="-40.1453508" lon="-71.3422725">
        <ele>780.5</ele>
      </trkpt>
      <trkpt lat="-40.1453652" lon="-71.3422161">
        <ele>779.8</ele>
      </trkpt>
      <trkpt lat="-40.1453836" lon="-71.3421598">
        <ele>779</ele>
      </trkpt>
      <trkpt lat="-40.1454041" lon="-71.3421035">
        <ele>778.2</ele>
      </trkpt>
      <trkpt lat="-40.1454287" lon="-71.3420445">
        <ele>777.5</ele>
      </trkpt>
      <trkpt lat="-40.1454595" lon="-71.3419881">
        <ele>776.8</ele>
      </trkpt>
      <trkpt lat="-40.145564" lon="-71.3418058">
        <ele>774</ele>
      </trkpt>
      <trkpt lat="-40.1456173" lon="-71.3417494">
        <ele>772.8</ele>
      </trkpt>
      <trkpt lat="-40.1456317" lon="-71.3417307">
        <ele>772.5</ele>
      </trkpt>
      <trkpt lat="-40.1456481" lon="-71.3417065">
        <ele>772.2</ele>
      </trkpt>
      <trkpt lat="-40.1456645" lon="-71.3416824">
        <ele>772</ele>
      </trkpt>
      <trkpt lat="-40.1456768" lon="-71.3416582">
        <ele>771.8</ele>
      </trkpt>
      <trkpt lat="-40.1456891" lon="-71.3416287">
        <ele>771.5</ele>
      </trkpt>
      <trkpt lat="-40.1457014" lon="-71.3415992">
        <ele>771.2</ele>
      </trkpt>
      <trkpt lat="-40.1457322" lon="-71.3415161">
        <ele>771</ele>
      </trkpt>
      <trkpt lat="-40.1459003" lon="-71.341221">
        <ele>767.5</ele>
      </trkpt>
      <trkpt lat="-40.1459269" lon="-71.3411781">
        <ele>767.2</ele>
      </trkpt>
      <trkpt lat="-40.1459556" lon="-71.3411406">
        <ele>767</ele>
      </trkpt>
      <trkpt lat="-40.1459905" lon="-71.3410977">
        <ele>766.8</ele>
      </trkpt>
      <trkpt lat="-40.1460254" lon="-71.3410628">
        <ele>766.2</ele>
      </trkpt>
      <trkpt lat="-40.1460643" lon="-71.3410306">
        <ele>765.8</ele>
      </trkpt>
      <trkpt lat="-40.1461033" lon="-71.3410011">
        <ele>765.2</ele>
      </trkpt>
      <trkpt lat="-40.1467265" lon="-71.340588">
        <ele>758</ele>
      </trkpt>
      <trkpt lat="-40.1467635" lon="-71.3405719">
        <ele>757.5</ele>
      </trkpt>
      <trkpt lat="-40.1468004" lon="-71.3405585">
        <ele>757</ele>
      </trkpt>
      <trkpt lat="-40.1468434" lon="-71.3405532">
        <ele>756.5</ele>
      </trkpt>
      <trkpt lat="-40.1468844" lon="-71.3405532">
        <ele>756</ele>
      </trkpt>
      <trkpt lat="-40.1469234" lon="-71.3405585">
        <ele>755.5</ele>
      </trkpt>
      <trkpt lat="-40.1472307" lon="-71.3406247">
        <ele>751.8</ele>
      </trkpt>
      <extensions>
        <osmand:route>
          <segment id="447804625" length="13" startTrkptIdx="0" segmentTime="16.92" speed="12.5" turnType="C" types="144,1,4,52,16,53,5,18,19" pointTypes=";;;;;;;;;;;;" names="371,372,91,373,84,85,374,112,113,114,115,116,117,118,119,120,92,375,376,89" />
          <segment id="461258534" length="11" startTrkptIdx="12" segmentTime="28.3" speed="12.5" types="144,1,4,16,5,18,19" pointTypes=";;;;;;;" names="371,372,91,373,84,85,374,92,375,376,89" />
          <segment id="447804608" length="2" startTrkptIdx="22" segmentTime="2.71" speed="12.5" types="30,144,1,24,16,25,18,19" names="371,372,91,373,84,85,374,92,375,376,89" />
          <segment id="447804603" length="28" startTrkptIdx="23" segmentTime="65.1" speed="12.5" types="144,1,4,16,5,18,19" pointTypes=";;;;;;;;;8;7;;;;8;21;8;7;20;20;8;8;8;7;;;;" names="371,372,91,373,84,85,374,92,375,376,89" />
          <segment id="447804620" length="2" startTrkptIdx="50" segmentTime="2.75" speed="12.5" types="30,144,1,24,16,25,18,19" names="371,372,91,373,84,85,374,92,375,376,89" />
          <segment id="447804626" length="66" startTrkptIdx="51" segmentTime="66.27" speed="12.5" types="144,1,132,16,134,18,19" pointTypes=";;;;;;;;;;;;;;;;;;;;;;;;;;;;;;;;8;20;21;8;;;7;8;21;21;20;23;;21;7;;;;;;;;;;;;;;;;;;;8" names="371,372,91,373,84,85,374,92,375,376,89" />
          <segment id="447804605" length="2" startTrkptIdx="116" segmentTime="1.51" speed="12.5" types="30,144,1,132,16,134,18,19" names="371,372,91,373,84,85,374,92,375,376,89" />
          <segment id="447804622" length="25" startTrkptIdx="117" segmentTime="47.73" speed="12.5" types="144,1,132,16,134,18,19" pointTypes=";21;20;20;21;7;8;;;;;8;8;;20;20;;21;;;;;;;7" names="371,372,91,373,84,85,374,92,375,376,89" />
          <segment id="447804624" length="3" startTrkptIdx="141" segmentTime="2.63" speed="12.5" types="30,144,1,132,16,134,18,19" names="371,372,91,373,84,85,374,92,375,376,89" />
          <segment id="447804636" length="102" startTrkptIdx="143" segmentTime="116.07" speed="12.5" types="144,1,132,16,134,18,19" pointTypes=";;;23;21;;20;8;;;;;;;;;;;;;;;;;;;;8;8;21;8;8;21;23;8;23;;21;;;;21;23;;8;8;8;8;7;;;;;;8;7;21;21;21;21;8;8;8;8;7;;;7;8;;;;;;;;;;;;;;;;23;;;;;23;;20;21;8;8;;;;;;7;20" names="371,372,91,373,84,85,374,92,375,376,89" />
          <segment id="447804613" length="2" startTrkptIdx="244" segmentTime="5.22" speed="12.5" types="30,144,28,340,16,25,18,19" names="371,372,91,373,84,85,374,92,375,376,89" />
          <segment id="1130560282" length="28" startTrkptIdx="245" segmentTime="40.69" speed="12.5" types="144,1,132,16,134,18,19" pointTypes=";;;;;;;;;;;;;;8;7;;;8;7;;;;;;;;" names="371,372,91,373,84,85,374,92,375,376,89" />
          <segment id="447804631" length="57" startTrkptIdx="272" segmentTime="67.11" speed="12.5" turnType="C" turnLanes="+C,TSLL" turnAngle="1.23" skipTurn="true" types="144,1,24,16,25,18,19" pointTypes=";;;;;;;;;;;;;;;;;;;;;;;;;;;;;;;8;7;8;8;7;7;21;21;8;7;8;20;8;8;8;7;;;;;;;;;;" names="371,372,91,373,84,85,374,92,375,376,89" />
          <segment id="447804631" length="2" startTrkptIdx="328" segmentTime="0.6" speed="12.5" turnType="TSLL" turnLanes="+TSLL,TSLR" turnAngle="-13.77" skipTurn="true" types="144,1,24,16,25,18,19" pointTypes=";" names="371,372,91,373,84,85,374,92,375,376,89" />
          <segment id="447804618" length="2" startTrkptIdx="329" segmentTime="2.41" speed="12.5" types="30,144,1,24,16,25,18,19" names="371,372,91,373,84,85,374,92,375,376,89" />
          <segment id="447804627" length="32" startTrkptIdx="330" segmentTime="59.51" speed="12.5" types="144,1,24,16,25,18,19" pointTypes=";;;;;;;20;;;;;;;;7;;;;7;8;20;20;7;;;;;;;;" names="371,372,91,373,84,85,374,92,375,376,89" />
          <segment id="447804610" length="2" startTrkptIdx="361" segmentTime="1.87" speed="12.5" types="30,144,1,24,16,25,18,19" names="371,372,91,373,84,85,374,92,375,376,89" />
          <segment id="447804634" length="66" startTrkptIdx="362" segmentTime="101.9" speed="12.5" types="144,1,132,16,134,18,19" pointTypes=";;;;;;;;;8;21;7;8;8;;;;;21;21;8;;;8;8;;;;;7;20;8;;;;;8;21;7;;;8;;;7;;;;;;;7;;;;;;23;;;;7;20;21;8" names="371,372,91,373,84,85,374,92,375,376,89" />
          <segment id="447804621" length="2" startTrkptIdx="427" segmentTime="1.59" speed="12.5" types="30,144,1,132,16,134,18,19" names="371,372,91,373,84,85,374,92,375,376,89" />
          <segment id="447804629" length="54" startTrkptIdx="428" segmentTime="104.09" speed="12.5" types="144,1,132,16,134,18,19" pointTypes=";;;;;;;;;;7;;;;;;;;;;;;;;;;;;;;;;;;;;8;;;;;;;;;;;;;;;;;" names="371,372,91,373,84,85,374,92,375,376,89" />
          <segment id="447804609" length="2" startTrkptIdx="481" segmentTime="1.86" speed="12.5" types="30,144,1,132,16,134,18,19" names="371,372,91,373,84,85,374,92,375,376,89" />
          <segment id="447804630" length="45" startTrkptIdx="482" segmentTime="86.03" speed="12.5" types="144,1,132,16,134,18,19" pointTypes=";;;;7;8;;;;;;;;;;;7;8;8;8;;;;;;;;;;;8;;;20;;;;;7;7;;;;;" names="371,372,91,373,84,85,374,92,375,376,89" />
          <segment id="447804619" length="2" startTrkptIdx="526" segmentTime="1.98" speed="12.5" types="30,144,132,16,134,18,19" names="371,372,91,373,84,85,374,92,375,376,89" />
          <segment id="447804600" length="13" startTrkptIdx="527" segmentTime="19.33" speed="12.5" types="144,132,16,134,18,19" pointTypes=";8;23;20;;21;21;21;20;21;8;8;7" names="371,372,91,373,84,85,374,92,375,376,89" />
          <segment id="447804615" length="2" startTrkptIdx="539" segmentTime="4.09" speed="12.5" types="30,144,132,16,134,18,19" names="371,372,91,373,84,85,374,92,375,376,89" />
          <segment id="447804633" length="62" startTrkptIdx="540" segmentTime="116.54" speed="12.5" types="144,1,132,16,134,18,19" pointTypes=";;;;;;;;;;;;;;;;;;;;;;;;7;;;;;;;;;;;;;;;;;;;;;;;;;;;;;;;;;;;;;" names="371,372,91,373,84,85,374,92,375,376,89" />
          <segment id="447804612" length="2" startTrkptIdx="601" segmentTime="1.77" speed="12.5" types="30,144,1,132,16,134,18,19" names="371,372,91,373,84,85,374,92,375,376,89" />
          <segment id="447804632" length="66" startTrkptIdx="602" segmentTime="103.22" speed="12.5" types="144,1,132,16,134,18,19" pointTypes=";;;;;7;;;;;;;;;;;;;;;;;;;;;;;;;;;;;;21;7;;7;;;;8;;;;;;;;;;;;;;;;;;;;;;;" names="371,372,91,373,84,85,374,92,375,376,89" />
          <segment id="447804606" length="2" startTrkptIdx="667" segmentTime="2.62" speed="12.5" types="30,144,1,132,16,134,18,19" names="371,372,91,373,84,85,374,92,375,376,89" />
          <segment id="447804602" length="19" startTrkptIdx="668" segmentTime="28.08" speed="12.5" types="144,1,132,16,134,18,19" pointTypes=";;;;;;;;;;;;;;;;;;" names="371,372,91,373,84,85,374,92,375,376,89" />
          <segment id="447804617" length="2" startTrkptIdx="686" segmentTime="2.22" speed="12.5" types="30,144,1,132,16,134,18,19" names="371,372,91,373,84,85,374,92,375,376,89" />
          <segment id="447804623" length="48" startTrkptIdx="687" segmentTime="60.11" speed="12.5" types="144,1,132,16,134,18,19" pointTypes=";;;;;;;;;;;;;;;;;;;;;;;;;;;;;;;;;;;;;;;;;;;;;;;" names="371,372,91,373,84,85,374,92,375,376,89" />
          <segment id="447804611" length="2" startTrkptIdx="734" segmentTime="2.62" speed="12.5" types="30,144,132,16,134,18,19" names="371,372,91,373,84,85,374,92,375,376,89" />
          <segment id="447804601" length="13" startTrkptIdx="735" segmentTime="19.13" speed="12.5" types="144,132,16,134,18,19" pointTypes=";;;;;;7;7;;;8;7;7" names="371,372,91,373,84,85,374,92,375,376,89" />
          <segment id="447804616" length="2" startTrkptIdx="747" segmentTime="2.04" speed="12.5" types="30,144,132,16,134,18,19" names="371,372,91,373,84,85,374,92,375,376,89" />
          <segment id="447804628" length="42" startTrkptIdx="748" segmentTime="93.14" speed="12.5" types="144,132,16,134,18,19" pointTypes=";;;;;;;;7;;;;;;;;;;;;;;;;;;;7;8;;20;7;;;8;8;8;21;20;20;;" names="371,372,91,373,84,85,374,92,375,376,89" />
          <segment id="447804604" length="2" startTrkptIdx="789" segmentTime="1.87" speed="12.5" types="30,144,132,16,134,18,19" names="371,372,91,373,84,85,374,92,375,376,89" />
          <segment id="117337184" length="177" startTrkptIdx="790" segmentTime="249.06" speed="11.25" types="144,132,16,134" pointTypes=";8;;;341,69,342,51;;;;;;;;;;;;;;;;;21;;;;;8;;;;;;;;;;;;;;;;;;;;;;;;;;;;;;;;;;;;;;;;;;;;;;;;;;;;;;;;;;;;;;;;;;;;;;;;;;;;;;;;;;;;;;;;8;8;7;;;;;;;;;;;;;;;;;;;;;;;;;;;;7;7;;;;;;;;;;;;;;;;;8;21;20;21;8;7;;;;;;;;;" names="371,372,91,373,84,85,374,92,375,376,89" />
          <segment id="1130560288" length="2" startTrkptIdx="966" segmentTime="0.09" speed="12.5" types="144,132,16,134" names="371,372,91,373,84,85,374,92,375,376,89" />
          <segment id="1130560288" length="2" startTrkptIdx="967" segmentTime="0.12" speed="12.5" turnType="C" types="144,132,16,134" names="371,372,91,373,84,85,374,92,375,376,89" />
          <segment id="1130560289" length="2" startTrkptIdx="968" segmentTime="0.14" speed="16.44" types="144,26,15,132,133,134,135,136" names="370,357,343,148,346,358,348,349,359" />
          <segment id="562883483" length="68" startTrkptIdx="969" segmentTime="158.55" speed="16.44" types="144,26,15,141,133,142,135,136" pointTypes=";;7;7;21;7;20;23;;20;23;23;;20;8;21;23;;20;20;8;8;7;;;;;;;7;21;21;7;;;;;;;;;;;;21;;;21;;;;;;7;;;;;;20;;7;21;8;;7;;" names="370,357,343,148,346,358,348,349,359" />
          <segment id="438224306" length="178" startTrkptIdx="1036" segmentTime="234.8" speed="16.44" types="144,26,15,141,133,52,53,142,135,136" pointTypes=";;;;7;7;8;7;8;21;20;20;23;23;23;;;;;;;;;;;;;;;;;;;8;;20;;;;;;;23;21;21;;;;;;;20;;;;;;;7;21;20;20;20;20;21;21;21;7;;;;23;20;21;7;20;21;8;21;7;21;;;;23;23;20;8;23;;;;;;7;;;7;20;;23;20;21;7;;;;;;20;20;8;;;;;;;;20;;;21;7;;;;;;8;;;;21;7;;;20;;;;;20;8;21;8;;;;;;;7;;;;;;;;;;;;23;21;20;23;;;;;;;;;;20" names="370,357,343,148,346,358,367,157,114,115,368,117,369,348,349,359" />
          <segment id="434624691" length="2" startTrkptIdx="1213" segmentTime="1.35" speed="11.11" types="30,144,28,14,15,340,133,52,53,25,135,136" names="370,357,343,148,346,358,367,157,114,115,368,117,369,348,349,359" />
          <segment id="1410444020" length="17" startTrkptIdx="1214" segmentTime="11.81" speed="11.11" types="144,14,15,141,133,52,53,142,135,136" pointTypes=";7;8;21;21;21;21;;;;;;20;21" names="370,357,343,148,346,358,367,157,114,115,368,117,369,348,349,359" />
          <segment id="1410444021" length="8" startTrkptIdx="1230" segmentTime="6.64" speed="5.56" types="144,137,15,141,133,52,53,142,135,136" pointTypes=";;;;;;;341,140,69,342,51" names="370,357,343,148,346,358,367,157,114,115,368,117,369,348,349,359" />
          <segment id="1410444023" length="8" startTrkptIdx="1237" segmentTime="31.26" speed="1.11" types="144,137,15,141,133,52,53,142,135,136" pointTypes="341,140,69,342,51" names="356,357,343,148,346,358,367,157,114,115,368,117,369,348,349,359" />
          <segment id="1410444022" length="2" startTrkptIdx="1244" segmentTime="8.84" speed="11.11" types="144,14,15,141,133,52,53,142,135,136" pointTypes=";" names="356,357,343,148,346,358,367,157,114,115,368,117,369,348,349,359" />
          <segment id="434807284" length="33" startTrkptIdx="1245" segmentTime="59.35" speed="16.44" types="58,144,26,15,141,133,52,53,142,135,136" pointTypes=";;;;;;;;;;;;;;;7;8;21;8;8;;;;7;7;21;21;20;20;7;;;" names="356,357,343,148,346,358,367,157,114,115,368,117,369,348,349,359" />
          <segment id="1320190998" length="27" startTrkptIdx="1277" segmentTime="61.09" speed="16.44" types="58,144,26,15,141,133,52,53,142,135,136" pointTypes=";;;;;;;;;;20;20;7;;;8;20;7;7;;;;;;;;" names="356,357,343,148,346,358,364,157,114,115,365,117,366,348,349,359" />
          <segment id="434807283" length="2" startTrkptIdx="1303" segmentTime="1.04" speed="16.44" types="30,58,144,28,26,15,340,133,52,53,25,135,136" names="356,357,343,148,346,358,364,157,114,115,365,117,366,348,349,359" />
          <segment id="208506774" length="224" startTrkptIdx="1304" segmentTime="420.41" speed="16.44" types="58,144,26,15,141,133,52,53,142,135,136" pointTypes=";7;7;;7;7;;;;;;;;;7;8;7;;;;;;;;;;;;;8;21;20;;8;;;;;;8;8;7;20;;23;20;8;;;;21;21;7;;;;;;;;8;21;20;23;;;;;7;;;;;;;;;;;;20;20;;;;;;7;7;7;8;20;8;;;;23;21;;;;;;;;;;;8;;;;;;;;;;;;;;;;21;;;8;;;;;;21;;;;21;;;7;;23;21;7;23;7;;;7;7;;;;8;;;;;;;;20;;8;;;;;;;;;;;20;;;7;;;;7;;;;;;;;;;21;7;;21;8;;;;;;;;;;;;;;;;;;;7;8;;;;;8;;" names="356,357,343,148,346,358,364,157,114,115,365,117,366,348,349,359" />
          <segment id="1305580274" length="2" startTrkptIdx="1527" segmentTime="0.98" speed="16.44" types="30,58,144,28,26,15,340,133,52,53,25,135,136" names="356,357,343,148,346,358,364,157,114,115,365,117,366,348,349,359" />
          <segment id="1305580273" length="11" startTrkptIdx="1528" segmentTime="10.47" speed="16.44" types="58,144,26,15,141,133,52,53,142,135,136" pointTypes=";23;7;;7;7;;8;21;8" names="356,357,343,148,346,358,364,157,114,115,365,117,366,348,349,359" />
          <segment id="434439675" length="2" startTrkptIdx="1538" segmentTime="1.01" speed="16.44" types="30,58,144,28,26,15,340,133,52,53,25,135,136" names="356,357,343,148,346,358,364,157,114,115,365,117,366,348,349,359" />
          <segment id="434439677" length="125" startTrkptIdx="1539" segmentTime="292.46" speed="16.44" types="58,144,26,15,141,133,52,53,142,135,136" pointTypes=";;7;7;;;;;;;;;;;;;;;;;;;;7;21;20;8;7;7;;;;;;8;8;;;;;;;;;;;7;;;;;;;;;;;;;;;;8;7;;;8;20;7;20;;;;8;;;;;;;7;8;7;;7;;;;;;;21;;;;;;;;;;;;;;;;;7;;7;8;;;7;8;7;8;8;20;;8;20;20;20" names="356,357,343,148,346,358,364,157,114,115,365,117,366,348,349,359" />
          <segment id="434439674" length="2" startTrkptIdx="1663" segmentTime="1.43" speed="16.44" types="30,144,28,26,15,340,133,52,53,25,135,136" names="356,357,343,148,346,358,364,157,114,115,365,117,366,348,349,359" />
          <segment id="434811883" length="11" startTrkptIdx="1664" segmentTime="39.26" speed="16.44" types="144,26,15,141,133,142,135,136" pointTypes=";7;;;;;;;;7;7" names="356,357,343,148,346,358,348,349,359" />
          <segment id="434811882" length="2" startTrkptIdx="1674" segmentTime="0.93" speed="16.44" types="30,144,28,26,15,340,133,25,135,136" names="356,357,343,148,346,358,348,349,359" />
          <segment id="434439676" length="71" startTrkptIdx="1675" segmentTime="148.22" speed="16.44" types="144,26,15,141,133,142,135,136" pointTypes=";;;;;;;;;;23;;;;;;;;8;21;;7;;;;;;21;;;;;7;23;8;;;;;;;;23;21;;;;;8;;;;8;;;;;;7;23;7;;21;;;;;;;8;23" names="356,357,343,148,346,358,348,349,359" />
          <segment id="434814815" length="2" startTrkptIdx="1745" segmentTime="1.2" speed="16.44" types="30,144,28,26,15,340,133,25,135,136" names="356,357,343,148,346,358,348,349,359" />
          <segment id="434814814" length="17" startTrkptIdx="1746" segmentTime="24.07" speed="16.44" types="144,26,15,141,133,142,135,136" pointTypes=";;;;;20;;23;7;21;21;8;7;;7;;" names="356,357,343,148,346,358,348,349,359" />
          <segment id="434808582" length="165" startTrkptIdx="1762" segmentTime="352.49" speed="16.44" types="144,26,15,141,133,142,135,136" pointTypes=";;20;23;23;7;;;;;8;20;;7;;;20;;;;;;;;;20;21;8;;;20;;;;;;21;;;7;;;;7;;;;;;;;7;8;7;;;;;;;;;;;;8;;;23;;;;;;;;;;;;;;;20;;;;;;7;21;;;;;;;;;8;23;23;21;;;8;7;;;;;;21;;;23;;23;20;7;;;;;;;;;7;7;8;8;7;8;20;21;;;;;;;;;;7;;7;7;8;8;;;;;;;;;8;21;7;;8;20" names="356,357,343,148,346,358,348,349,359" />
          <segment id="434808583" length="2" startTrkptIdx="1926" segmentTime="1.24" speed="16.44" types="30,144,28,26,15,340,133,25,135,136" names="356,357,343,148,346,358,348,349,359" />
          <segment id="27238344" length="278" startTrkptIdx="1927" segmentTime="542.93" speed="16.44" turnType="TL" turnAngle="-46.31" types="144,26,15,141,133,142,135,136" pointTypes=";;;;;;8;;8;7;;;;7;20;;7;;;;;;;;;8;;;;;;;8;;;;;;;;;;;;;;8;20;21;;;;;;8;8;8;;8;;7;;;;;;;;21;23;;;21;8;8;21;;;;;;7;7;;;;;7;;;;;;;;8;8;8;;;20;;;;;;;7;;8;;7;8;;;;;;7;21;20;21;21;20;21;8;23;;21;7;;7;21;;8;;;;;;;;;8;21;7;;;;;7;;;;8;;;20;;;;7;;;;;;20;7;;;;;;;;;;;;;;8;21;21;20;8;7;7;;;7;;;20;7;;7;21;;;21;7;7;;;;;7;;;;;;;;;;;;7;;8;8;20;21;8;7;;;;;;;;;;;;8;7;7;7;;;;;;;;21;21;;;;;21;21;20;8;8;;21;7;7;;;;8;;;;;;8;21;20;7" names="356,357,343,148,346,358,348,349,359" />
          <segment id="434761658" length="2" startTrkptIdx="2204" segmentTime="0.87" speed="16.44" types="30,144,28,26,15,340,133,25,135,136" names="356,357,343,148,346,358,348,349,359" />
          <segment id="433846516" length="199" startTrkptIdx="2205" segmentTime="643.51" speed="16.44" types="144,26,15,141,133,142,135,136" pointTypes="20;20;;;;;;;8;8;8;21;20;8;8;8;8;20;8;21;;;;;;;;;7;;;;;8;21;8;21;20;7;;;;7;;;;;21;;;;8;;;;;;;;8;;8;;;;7;;7;8;;;;;21;7;21;;;;;8;;7;7;7;;;8;;;;8;;;;;;;;;;;;7;;;;;;;;;;;;;;;;;7;;;;;;;;;;;;;;;7;21;;;;;;;;;;;;;;;;7;;;7;8;8;;;;;7;;;;;;;;;;;;;;;;;;;7;;;;;;;7;;;;;;;;;;" names="356,357,343,148,346,358,348,349,359" />
          <segment id="433846516" length="35" startTrkptIdx="2403" segmentTime="117.64" speed="16.44" types="144,26,15,141,133,142,135,136" pointTypes=";;;;8;8;8;8;;;;;;;;;8;7;;;7;;;;;;;8;21;8;;7;8;7;21" names="356,357,343,148,346,358,348,349,359" />
          <segment id="433846516" length="3" startTrkptIdx="2437" segmentTime="4.06" speed="16.44" turnType="KR" turnLanes="+C,TSLL" turnAngle="0.97" types="144,26,15,141,133,142,135,136" pointTypes="21;;" names="356,357,343,148,346,358,348,349,359" />
          <segment id="1264408646" length="161" startTrkptIdx="2439" segmentTime="429.76" speed="16.44" types="144,26,15,141,133,142,135,136" pointTypes="20;;7;;;7;8;21;8;21;8;21;7;8;7;21;8;21;7;;;;;;;;;;;;;;;;;;;;;;;7;8;7;;;;;;;;;;;;7;7;;;;;;;;;;7;8;7;7;7;;;7;7;8;7;;;;;;;;;;;;;;;8;8;8;;;7;7;21;7;;;7;7;21;7;;;;7;8;21;21;8;;8;8;8;;;7;21;21;;;;23;20;23;;;;;;;;;;;8;21;7;;;;;;;8;7;8;7;;;7;7;7;;;;" names="356,357,343,148,346,358,348,349,359" />
          <segment id="433846517" length="2" startTrkptIdx="2599" segmentTime="1.04" speed="16.44" types="30,144,28,26,15,32,133,25,135,136" names="356,357,343,148,346,358,348,349,359" />
          <segment id="247078156" length="163" startTrkptIdx="2600" segmentTime="502.19" speed="16.44" types="144,26,15,141,133,142,135,136" pointTypes="20;20;20;20;7;7;21;;8;21;20;21;;;;21;23;;;;23;21;8;;;;;;20;23;23;21;7;;;;;;;;;;;;;;;;20;8;;;20;8;7;;7;21;21;21;;;20;23;23;20;8;;8;8;20;;;;7;20;21;8;;;;;;;;;;;;;7;7;;7;7;8;8;8;8;8;21;7;7;;;;7;7;7;;8;7;;;;;;;;7;21;7;;;;;;;;;;;;;;;;;;;;;;;;;;;;;;;;;;;;;;;;;" names="356,357,343,148,346,358,348,349,359" />
          <segment id="562883482" length="64" startTrkptIdx="2762" segmentTime="263.4" speed="16.44" types="58,144,26,15,141,133,52,53,142,135,136" pointTypes=";;;;7;7;;;7;7;8;8;7;8;8;8;7;7;7;;;;;;;;;;7;8;;;;7;8;8;21;7;;;;7;;;;;;7;;;7;7;;;;;;;;;;;;" names="356,357,343,148,346,358,361,157,114,115,362,117,363,348,349,359" />
          <segment id="1431627598" length="19" startTrkptIdx="2825" segmentTime="76.78" speed="11.11" types="58,144,14,15,141,133,52,53,142,135,136" pointTypes=";7;8;7;;7;;;;;8;7;;;;;7;7;" names="356,357,343,148,346,358,361,157,114,115,362,117,363,348,349,359" />
          <segment id="247078157" length="2" startTrkptIdx="2843" segmentTime="4.6" speed="16.44" types="30,58,0,15,32,133,52,53,25,135,136" names="356,357,343,148,346,358,361,157,114,115,362,117,363,348,349,359" />
          <segment id="258650307" length="9" startTrkptIdx="2844" segmentTime="19.9" speed="16.44" types="58,0,15,132,133,52,53,134,135,136" pointTypes=";;;;;;;;" names="356,357,343,148,346,358,361,157,114,115,362,117,363,348,349,359" />
          <segment id="836971990" length="2" startTrkptIdx="2852" segmentTime="3.51" speed="16.44" types="58,0,15,141,133,52,53,142,135,136" pointTypes=";" names="356,357,343,148,346,358,361,157,114,115,362,117,363,348,349,359" />
          <segment id="836971987" length="10" startTrkptIdx="2853" segmentTime="149.3" speed="16.44" types="58,0,15,141,133,52,53,142,135,136" pointTypes=";;;7;;;7;;;" names="356,357,343,148,346,358,361,157,114,115,362,117,363,348,349,359" />
          <segment id="836971982" length="17" startTrkptIdx="2862" segmentTime="64.51" speed="16.44" types="58,0,15,141,133,52,53,142,135,136" pointTypes=";;;;7;8;;;;;;7;8;;;;" names="356,357,343,148,346,358,361,157,114,115,362,117,363,348,349,359" />
          <segment id="836965254" length="18" startTrkptIdx="2878" segmentTime="59.26" speed="16.44" types="58,0,15,141,133,52,53,142,135,136" pointTypes=";7;;;;;;;7;;;;;;;;;" names="356,357,343,148,346,358,361,157,114,115,362,117,363,348,349,359" />
          <segment id="836971979" length="23" startTrkptIdx="2895" segmentTime="42.84" speed="16.44" types="58,0,15,141,133,52,53,142,135,136" pointTypes=";;;;7;;;;;;;;;;;8;8;7;7;7;8;8;21" names="356,357,343,148,346,358,361,157,114,115,362,117,363,348,349,359" />
          <segment id="836965252" length="9" startTrkptIdx="2917" segmentTime="21.39" speed="16.44" types="58,0,15,141,133,52,53,142,135,136" pointTypes=";7;21;21;20;21;21;8;7" names="356,357,343,148,346,358,361,157,114,115,362,117,363,348,349,359" />
          <segment id="1360989445" length="2" startTrkptIdx="2925" segmentTime="3.37" speed="16.44" types="58,0,15,141,133,52,53,142,135,136" pointTypes=";" names="356,357,343,148,346,358,361,157,114,115,362,117,363,348,349,359" />
          <segment id="1359727384" length="58" startTrkptIdx="2926" segmentTime="58.62" speed="11.11" types="0,1,14,15,4,133,5,135,136" pointTypes="21;;;;20;20;21;8;;;;;;;;;;;;;;;;;;;;;;;;;;7;8;21;21;20;21;20;21;21;21;8;7;7;;;;;;;;;;;;" names="356,357,343,148,346,358,348,349,359" />
          <segment id="1362437388" length="14" startTrkptIdx="2983" segmentTime="11.85" speed="11.11" types="0,1,14,15,4,133,5,135,136" pointTypes=";;;;;" names="356,357,343,148,346,358,348,349,359" />
          <segment id="1359727387" length="6" startTrkptIdx="2996" segmentTime="3.46" speed="11.11" types="0,28,14,29,4,133,5,135,136" pointTypes=";;;;8;8" names="356,357,343,148,346,358,348,349,359" />
          <segment id="836965256" length="2" startTrkptIdx="3001" segmentTime="4.6" speed="11.11" types="0,1,14,29,4,338,133,5,135,136" pointTypes=";" names="356,357,343,148,346,358,348,349,359" />
          <segment id="1359727392" length="2" startTrkptIdx="3002" segmentTime="3.79" speed="11.11" types="0,1,14,29,4,339,133,5,135,136" pointTypes=";" names="356,357,343,148,346,358,348,349,359" />
          <segment id="1359727386" length="6" startTrkptIdx="3003" segmentTime="3.62" speed="11.11" types="0,28,14,29,4,133,5,135,136" pointTypes=";;;;;7" names="356,357,343,148,346,358,348,349,359" />
          <segment id="1362137270" length="7" startTrkptIdx="3008" segmentTime="10.7" speed="11.11" types="0,1,14,15,4,133,5,135,136" pointTypes="7;;;;;;" names="356,357,343,148,346,358,348,349,359" />
          <segment id="1248973082" length="19" startTrkptIdx="3014" segmentTime="40.21" speed="11.11" types="0,1,14,15,4,133,5,135,136" pointTypes=";;;;;;;;;;;;;;;;;;" names="356,357,343,148,346,358,348,349,359" />
          <segment id="1248973082" length="8" startTrkptIdx="3032" segmentTime="13.53" speed="11.11" types="0,1,14,15,4,133,5,135,136" pointTypes=";;;;;;;" names="356,357,343,148,346,358,348,349,359" />
          <segment id="1362048939" length="19" startTrkptIdx="3039" segmentTime="21.19" speed="11.11" types="0,1,14,15,4,133,5,135,136" pointTypes=";;;;;;;;;;;;;;;;;;" names="356,357,343,148,346,358,348,349,359" />
          <segment id="1248973085" length="6" startTrkptIdx="3057" segmentTime="12.98" speed="2.55" types="0,28,14,29,4,133,5,135,136" pointTypes=";8;8;12,13,21;8;8" names="356,357,343,148,346,358,348,349,359" />
          <segment id="1248973088" length="6" startTrkptIdx="3062" segmentTime="1.69" speed="8.33" turnType="RNDB2" turnAngle="-35.11" types="0,334,28,64,29,4,133,5,135,136" pointTypes=";;;;;" names="356,357,343,148,346,358,348,349,359" />
          <segment id="1248973084" length="6" startTrkptIdx="3067" segmentTime="3.79" speed="11.11" types="0,28,14,29,4,133,5,135,136" pointTypes=";;;;;" names="356,357,343,148,346,358,348,349,359" />
          <segment id="332033830" length="2" startTrkptIdx="3072" segmentTime="8.67" speed="11.11" types="0,1,14,15,4,133,5,135,136" pointTypes=";" names="356,357,343,148,346,358,348,349,359" />
          <segment id="1359727372" length="13" startTrkptIdx="3073" segmentTime="21.82" speed="11.11" types="0,28,14,29,4,133,5,135,136" pointTypes=";7;;;;;7;20;20;21;21;8;21" names="356,357,343,148,346,358,348,349,359" />
          <segment id="1359727373" length="11" startTrkptIdx="3085" segmentTime="38" speed="11.11" types="0,1,14,15,4,133,5,135,136" pointTypes=";;;;;;;;;;" names="356,357,343,148,346,358,348,349,359" />
          <segment id="1359727370" length="170" startTrkptIdx="3095" segmentTime="95.66" speed="11.11" types="0,1,14,15,4,133,5,135,136" pointTypes=";;;;;;;;;;;;;;;;;;;;;;;;;;;7;7;;;;;;;;;;;;;;;;;;;;;;;;;;21;20;;;23;20;;;;;;;;;;;;;;;;;;;8;8;8;8;;;;;;;;;;;;;;8;8;8;21;20;8;;;;;;;;;;;;;;;;;;;;;;;;;;;;;;;;;;;;;;;;;;;;;;;;;;;;;;;;;;;;;;;;;;;;;" names="360,357,343,148,346,358,348,349,359" />
          <segment id="219029552" length="3" startTrkptIdx="3264" segmentTime="11.23" speed="11.11" types="0,1,14,15,4,133,5,135,136" pointTypes=";;" names="356,357,343,148,346,358,348,349,359" />
          <segment id="778158622" length="2" startTrkptIdx="3266" segmentTime="6.14" speed="16.44" types="0,1,15,4,133,5,135,136" pointTypes=";" names="356,357,343,148,346,358,348,349,359" />
          <segment id="1026266204" length="6" startTrkptIdx="3267" segmentTime="13.19" speed="2.69" types="0,28,14,29,4,133,5,135,136" pointTypes=";7;8;12,13,8;8" names="356,357,343,148,346,358,348,349,359" />
          <segment id="1338099673" length="2" startTrkptIdx="3272" segmentTime="0.21" speed="11.11" turnType="RNDB1" turnAngle="-3.3" types="0,334,28,14,29,4,133,5,135,136" names="356,357,343,148,346,358,348,349,359" />
          <segment id="1026266206" length="7" startTrkptIdx="3273" segmentTime="2.89" speed="11.11" types="0,28,14,29,4,133,5,135,136" pointTypes=";7;;;;;7" names="356,357,343,148,346,358,348,349,359" />
          <segment id="1359749474" length="2" startTrkptIdx="3279" segmentTime="6.63" speed="11.11" types="0,1,14,15,4,133,5,135,136" pointTypes=";" names="356,357,343,148,346,358,348,349,359" />
          <segment id="685299354" length="8" startTrkptIdx="3280" segmentTime="43.13" speed="11.11" types="0,1,14,15,4,133,5,135,136" pointTypes=";;;;;;" names="356,357,343,148,346,358,348,349,359" />
          <segment id="685299353" length="6" startTrkptIdx="3287" segmentTime="12.85" speed="2.47" types="0,28,14,29,4,133,5,135,136" pointTypes=";8;21;12,13,21;21;21" names="356,357,343,148,346,358,348,349,359" />
          <segment id="1340074463" length="2" startTrkptIdx="3292" segmentTime="0.26" speed="8.33" turnType="RNDB1" turnAngle="30.66" types="0,334,28,64,29,4,133,5,135,136" pointTypes=";21" names="356,357,343,148,346,358,348,349,359" />
          <segment id="685299349" length="11" startTrkptIdx="3293" segmentTime="2.64" speed="11.11" types="0,28,14,29,4,133,5,135,136" pointTypes=";20;20;21;;21;;;;;8" names="352,353,343,148,346,354,348,349,355" />
          <segment id="293866106" length="43" startTrkptIdx="3303" segmentTime="42.14" speed="16.44" types="0,1,26,15,4,133,5,135,136" pointTypes=";;;;;;21;8;8;8;7;7;20;;;;;21;23;;21;;;;;;;;;;;;;;;;;;;;;;" names="352,353,343,148,346,354,348,349,355" />
          <segment id="689970216" length="11" startTrkptIdx="3345" segmentTime="12.9" speed="2.5" types="0,28,14,29,4,133,5,135,136" pointTypes=";20;;;;;20;20;12,13,20;21;21" names="352,353,343,148,346,354,348,349,355" />
          <segment id="689970221" length="2" startTrkptIdx="3355" segmentTime="0.33" speed="8.33" turnType="RNDB1" turnAngle="33.88" types="0,334,28,64,29,4,133,335,5,336,337" pointTypes=";" names="154,146,343,344,148,345,346,150,347,348,349,350,153,351" />
          <segment id="320876547" length="31" startTrkptIdx="3356" segmentTime="34.96" speed="7.93" types="0,28,14,29,4,133,5,135,136" pointTypes=";;;;;;;;;;;;;;;;;;;;;;;;;;;;12,13;;" names="154,146,147,148,149,150,151,152,153" />
          <segment id="1352094035" length="2" startTrkptIdx="3386" segmentTime="0.25" speed="8.33" turnType="RNDB1" turnAngle="7" types="0,334,28,64,29,4,5,138,139" pointTypes=";" names="154,146,149,152" />
          <segment id="320876546" length="7" startTrkptIdx="3387" segmentTime="3.47" speed="11.11" types="58,0,28,14,29,4,133,5,135,136" pointTypes=";;;;;;" names="154,146,147,148,149,150,151,152,153" />
          <segment id="623176771" length="10" startTrkptIdx="3393" segmentTime="10.53" speed="11.11" types="0,1,14,15,4,133,5,135,136" pointTypes="23;23;23;23;;;20;20;8;" names="154,146,147,148,149,150,151,152,153" />
          <segment id="623176748" length="40" startTrkptIdx="3402" segmentTime="47.36" speed="16.44" types="58,0,26,15,333,141,133,142,135,136" pointTypes="7;;23;20;21;8;7;;23;23;23;;;23;;;20;;;20;20;20;20;;20;8;7;;;;7;7;;8;8;;23;;;" names="154,146,147,148,149,150,151,152,153" />
          <segment id="1352094031" length="17" startTrkptIdx="3441" segmentTime="8.66" speed="12.5" turnType="TL" turnAngle="-115.93" types="144,15,132,134" pointTypes=";;;;;;;;;;;;;;;;" names="167" />
          <segment id="1352094033" length="9" startTrkptIdx="3457" segmentTime="2.51" speed="12.5" types="144,29,132,134" pointTypes=";;;;23;;20;21;8" names="167" />
          <segment id="1352094032" length="15" startTrkptIdx="3465" segmentTime="15.64" speed="12.5" types="144,15,132,134" pointTypes=";;;;;;;;;;;;;;" names="167" />
        </osmand:route>
        <osmand:types>
          <type t="highway" v="secondary" />
          <type t="lanes" v="2" />
          <type t="lit" v="yes" />
          <type t="maxspeed" v="50" />
          <type t="surface" v="asphalt" />
          <type t="osmand_highway_integrity_brouting" v="0" />
          <type t="highway" v="traffic_signals" />
          <type t="osmand_ele_decline_1" v="1" />
          <type t="osmand_ele_decline_3" v="1" />
          <type t="crossing" v="uncontrolled" />
          <type t="crossing:markings" v="zebra" />
          <type t="highway" v="crossing" />
          <type t="direction" v="forward" />
          <type t="highway" v="give_way" />
          <type t="maxspeed" v="40" />
          <type t="oneway" v="no" />
          <type t="route_road_2_network" v="cl:national" />
          <type t="sidewalk" v="no" />
          <type t="route_road_2_shield_color" v="green" />
          <type t="road_shield_color_2" v="green" />
          <type t="osmand_ele_decline_7" v="1" />
          <type t="osmand_ele_decline_5" v="1" />
          <type t="traffic_calming" v="hump" />
          <type t="osmand_ele_decline_11" v="1" />
          <type t="surface" v="paved" />
          <type t="osmand_highway_integrity_brouting" v="1" />
          <type t="maxspeed" v="60" />
          <type t="highway" v="secondary_link" />
          <type t="lanes" v="1" />
          <type t="oneway" v="yes" />
          <type t="bridge" v="yes" />
          <type t="maxspeed" v="70" />
          <type t="surface" v="concrete" />
          <type t="route_road_3_network" v="#" />
          <type t="route_road_3_shield_color" v="white" />
          <type t="route_road_3_shield_shape" v="usshield" />
          <type t="route_road_3_shield_order" v="1" />
          <type t="road_shield_color_3" v="white" />
          <type t="road_shield_shape_3" v="usshield" />
          <type t="road_shield_order_3" v="1" />
          <type t="lanes" v="3" />
          <type t="lanes:backward" v="1" />
          <type t="turn:lanes:forward" v="merge_to_right|" />
          <type t="turn:lanes:forward" v="left|" />
          <type t="cycleway" v="lane" />
          <type t="bicycle" v="yes" />
          <type t="cycleway:buffer" v="0.5" />
          <type t="cycleway:foot" v="segregated" />
          <type t="maxspeed:conditional" v="30 &#64; (Mo-Fr 08:00-09:30,14:30-16:00; PH off; SH off)" />
          <type t="cycleway" v="opposite" />
          <type t="sidewalk" v="yes" />
          <type t="hgv" v="no" />
          <type t="route_hiking_1" v="" />
          <type t="route_hiking" v="" />
          <type t="amenity" v="ferry_terminal" />
          <type t="ferry" v="yes" />
          <type t="public_transport" v="station" />
          <type t="ferry" v="secondary" />
          <type t="foot" v="yes" />
          <type t="motor_vehicle" v="yes" />
          <type t="route" v="ferry" />
          <type t="maxspeed:type" v="CL:urban" />
          <type t="smoothness" v="excellent" />
          <type t="osmand_highway_integrity_brouting" v="-1" />
          <type t="maxspeed" v="30" />
          <type t="maxspeed:type" v="sign" />
          <type t="sidewalk:right:surface" v="concrete:plates" />
          <type t="width" v="10" />
          <type t="lit" v="no" />
          <type t="barrier" v="border_control" />
          <type t="bus" v="yes" />
          <type t="motorcar" v="yes" />
          <type t="motorcycle" v="yes" />
          <type t="name" v="" />
          <type t="ref" v="" />
          <type t="name" v="Juan Bautista Etchegaray" />
          <type t="road_name_1" v="Longitudinal Red Interlagos" />
          <type t="road_name_2" v="Circuito Siete Lagos" />
          <type t="route_road_1_name" v="Longitudinal Red Interlagos" />
          <type t="route_road_2_name" v="Circuito Siete Lagos" />
          <type t="direction" v="" />
          <type t="name" v="Ramón Freire" />
          <type t="ref" v="203" />
          <type t="road_name_2" v="Ruta 203 CH" />
          <type t="road_name_3" v="Circuito Siete Lagos" />
          <type t="road_network_2" v="cl:national" />
          <type t="road_ref_2" v="203" />
          <type t="route_road_2_name" v="Ruta 203 CH" />
          <type t="route_road_2_ref" v="203" />
          <type t="route_road_3_name" v="Circuito Siete Lagos" />
          <type t="name" v="Ruta 203 CH" />
          <type t="road_name_1" v="Ejes Transversales Red Interlagos" />
          <type t="route_road_1_name" v="Ejes Transversales Red Interlagos" />
          <type t="bridge:name" v="Puente Huenehue" />
          <type t="bridge:name" v="Puente Curaco" />
          <type t="bridge:name" v="Puente Niltre" />
          <type t="bridge:name" v="Puente Llamué" />
          <type t="bridge:name" v="Puente Rucatrehua" />
          <type t="ref" v="203 CH" />
          <type t="road_network_3" v="#" />
          <type t="road_ref_3" v="203 CH" />
          <type t="route_road_3_ref" v="203 CH" />
          <type t="bridge:name" v="Puente Puñir" />
          <type t="bridge:name" v="Puente Toledo" />
          <type t="bridge:name" v="Puente Blanco" />
          <type t="bridge:name" v="Puente Paillahuinte" />
          <type t="name" v="Puente Llanquihue" />
          <type t="bridge:name" v="Puente Llanquihue" />
          <type t="bridge:name" v="Puente Punahue" />
          <type t="bridge:name" v="Puente Truful" />
          <type t="bridge:name" v="Puente Huilo Huilo" />
          <type t="bridge:name" v="Puente Llallalca" />
          <type t="route_hiking_1_name" v="Greater Patagonian Trail Section 17: Liquiñe" />
          <type t="route_hiking_1_network" v="iwn" />
          <type t="route_hiking_1_osmc_background" v="white_4" />
          <type t="route_hiking_1_osmc_stub_name" v="." />
          <type t="route_hiking_1_osmc_text" v="GPT17" />
          <type t="route_hiking_1_osmc_textcolor" v="black" />
          <type t="route_hiking_1_ref" v="GPT17" />
          <type t="route_hiking_1_relation_id" v="6814241" />
          <type t="route_hiking_1_website" v="https://www.wikiexplora.com/index.php/Greater_Patagonian_Trail" />
          <type t="duration" v="01:30" />
          <type t="name" v="Ferry Lago Pirihueico" />
          <type t="road_name_1" v="Circuito Siete Lagos" />
          <type t="route_hiking_1_name" v="Greater Patagonian Trail Section 18: Lago Pirihueico" />
          <type t="route_hiking_1_osmc_text" v="GPT18" />
          <type t="route_hiking_1_ref" v="GPT18" />
          <type t="route_hiking_1_relation_id" v="6814233" />
          <type t="route_road_1_name" v="Circuito Siete Lagos" />
          <type t="name" v="Terminal de Embarque Puerto Fuy" />
          <type t="name" v="Pirehueico" />
          <type t="name" v="Complejo Fronterizo Hua Hum" />
          <type t="surface" v="unpaved" />
          <type t="route_road_1_network" v="ar:provincial" />
          <type t="osmand_highway_integrity_brouting" v="4" />
          <type t="route_road_2_shield_order" v="2" />
          <type t="road_shield_order_2" v="2" />
          <type t="maxspeed" v="20" />
          <type t="route_road_1_shield_order" v="2" />
          <type t="road_shield_order_1" v="2" />
          <type t="access" v="permit" />
          <type t="surface" v="compacted" />
          <type t="osmand_highway_integrity_brouting" v="2" />
          <type t="route_mtb" v="" />
          <type t="highway" v="tertiary" />
          <type t="name" v="Paso Internacional Hua Hum" />
          <type t="ref" v="RP48" />
          <type t="road_name_1" v="Ruta Provincial 48" />
          <type t="road_network_1" v="ar:provincial" />
          <type t="road_ref_1" v="48" />
          <type t="road_ref_2" v="48" />
          <type t="route_road_1_name" v="Ruta Provincial 48" />
          <type t="route_road_1_ref" v="48" />
          <type t="route_road_2_ref" v="48" />
          <type t="name" v="Ruta Provincial 48" />
          <type t="route_hiking_1_distance" v="11.4" />
          <type t="route_hiking_1_name" v="Etapa 16: Laguna Rosales - San Martín de Los Andes" />
          <type t="route_hiking_1_network" v="nwn" />
          <type t="route_hiking_1_osmc_text" v="ELRSMLA" />
          <type t="route_hiking_1_relation_id" v="9379221" />
          <type t="route_mtb_1" v="" />
          <type t="route_mtb_1_name" v="Etapa 16: Laguna Rosales - San Martín de Los Andes" />
          <type t="route_mtb_1_osmc_background" v="white_4" />
          <type t="route_mtb_1_osmc_stub_name" v="." />
          <type t="route_mtb_1_osmc_text" v="ELRSMLA" />
          <type t="route_mtb_1_osmc_textcolor" v="black" />
          <type t="route_mtb_1_relation_id" v="18336053" />
          <type t="name" v="Los Pañiles" />
          <type t="name" v="Paso Hua-Hum" />
          <type t="direction" v="both" />
          <type t="surface" v="plastic" />
          <type t="traffic_calming" v="bump" />
          <type t="smoothness" v="good" />
          <type t="width" v="12" />
          <type t="sidewalk:right:surface" v="paving_stones" />
          <type t="width" v="7" />
          <type t="kerb" v="lowered" />
          <type t="tactile_paving" v="no" />
          <type t="traffic_calming" v="table" />
          <type t="hgv" v="yes" />
          <type t="maxspeed:type" v="AR:urban" />
          <type t="sidewalk:left:surface" v="paving_stones" />
          <type t="highway" v="primary" />
          <type t="route_road_1_network" v="ar:national" />
          <type t="route_road_1_shield_color" v="white" />
          <type t="route_road_1_shield_shape" v="pentagon" />
          <type t="route_road_1_shield_order" v="1" />
          <type t="route_road_2_shield_color" v="white" />
          <type t="route_road_2_shield_shape" v="pentagon" />
          <type t="route_road_2_shield_order" v="1" />
          <type t="road_shield_color_1" v="white" />
          <type t="road_shield_shape_1" v="pentagon" />
          <type t="road_shield_order_1" v="1" />
          <type t="road_shield_color_2" v="white" />
          <type t="road_shield_shape_2" v="pentagon" />
          <type t="road_shield_order_2" v="1" />
          <type t="oneway:conditional" v="yes &#64; (Dec 1 - Mar 31); no &#64; (Apr 1 - Nov 30)" />
          <type t="enforcement" v="maxspeed" />
          <type t="highway" v="speed_camera" />
          <type t="sidewalk:right:surface" v="compacted" />
          <type t="route_road_2_network" v="ar:national" />
          <type t="route_road_3_shield_shape" v="pentagon" />
          <type t="road_shield_shape_3" v="pentagon" />
          <type t="lanes:forward" v="1" />
          <type t="hazard" v="curves" />
          <type t="hazard" v="" />
          <type t="construction:surface" v="asphalt" />
          <type t="hazard" v="roadworks" />
          <type t="route_road_3_network" v="ar:national" />
          <type t="route_road_4_shield_color" v="white" />
          <type t="route_road_4_shield_shape" v="pentagon" />
          <type t="route_road_4_shield_order" v="1" />
          <type t="road_shield_color_4" v="white" />
          <type t="road_shield_shape_4" v="pentagon" />
          <type t="road_shield_order_4" v="1" />
          <type t="public_transport" v="stop_position" />
          <type t="maxspeed" v="80" />
          <type t="highway" v="milestone" />
          <type t="highway" v="trunk_link" />
          <type t="highway" v="trunk" />
          <type t="maxspeed" v="110" />
          <type t="highway" v="stop" />
          <type t="access" v="permissive" />
          <type t="barrier" v="swing_gate" />
          <type t="lanes:forward" v="2" />
          <type t="crossing" v="unmarked" />
          <type t="crossing:markings" v="no" />
          <type t="name" v="Perito Moreno" />
          <type t="name" v="Cacique Curruhuinca" />
          <type t="name" v="Teniente General Roca" />
          <type t="name" v="Juez del Valle" />
          <type t="ref" v="RN40" />
          <type t="road_name_1" v="Ruta Nacional 40" />
          <type t="road_network_1" v="ar:national" />
          <type t="road_ref_1" v="40" />
          <type t="road_ref_2" v="40" />
          <type t="route_road_1_name" v="Ruta Nacional 40" />
          <type t="route_road_1_ref" v="40" />
          <type t="route_road_2_ref" v="40" />
          <type t="route_road_1_name:de" v="Nationalstraße 40" />
          <type t="route_road_1_name:es" v="Ruta Nacional 40" />
          <type t="route_road_1_name:fr" v="Route nationale 40" />
          <type t="name" v="Ruta Nacional 40" />
          <type t="road_name_2" v="Camino de los Siete Lagos" />
          <type t="road_network_2" v="ar:national" />
          <type t="road_ref_3" v="40" />
          <type t="route_road_2_name" v="Camino de los Siete Lagos" />
          <type t="route_road_3_ref" v="40" />
          <type t="name" v="Camino de los Siete Lagos" />
          <type t="road_name_2" v="Circuito Grande" />
          <type t="road_name_3" v="Camino de los Siete Lagos" />
          <type t="road_network_3" v="ar:national" />
          <type t="road_ref_4" v="40" />
          <type t="route_road_2_name" v="Circuito Grande" />
          <type t="route_road_3_name" v="Camino de los Siete Lagos" />
          <type t="route_road_4_ref" v="40" />
          <type t="destination" v="Límite con Chile" />
          <type t="destination:ref" v="RN231" />
          <type t="name" v="Ruta Nacional 231" />
          <type t="ref" v="RN231" />
          <type t="road_name_1" v="Ruta Nacional 231" />
          <type t="road_ref_1" v="231" />
          <type t="road_ref_2" v="231" />
          <type t="route_road_1_name" v="Ruta Nacional 231" />
          <type t="route_road_1_ref" v="231" />
          <type t="route_road_2_ref" v="231" />
          <type t="name" v="Paso Internacional Cardenal Samoré" />
          <type t="destination:forward" v="Paso Internacional Cardenal Samoré" />
          <type t="name" v="Km 2125" />
          <type t="name" v="Km 1" />
          <type t="name" v="Km 2" />
          <type t="name" v="Km 3" />
          <type t="name" v="Km 4" />
          <type t="name" v="Km 5" />
          <type t="name" v="Km 7" />
          <type t="name" v="Km 8" />
          <type t="name" v="Km 9" />
          <type t="name" v="Km 10" />
          <type t="name" v="Km 11" />
          <type t="name" v="Km 12" />
          <type t="name" v="Km 13" />
          <type t="name" v="Km 14" />
          <type t="name" v="Km 15" />
          <type t="name" v="Km 16" />
          <type t="name" v="Km 17" />
          <type t="name" v="Km 18" />
          <type t="name" v="Km 19" />
          <type t="name" v="Km 20" />
          <type t="name" v="Km 21" />
          <type t="name" v="Km 22" />
          <type t="name" v="Km 23" />
          <type t="name" v="Km 24" />
          <type t="name" v="Km 25" />
          <type t="name" v="Km 26" />
          <type t="name" v="Km 27" />
          <type t="name" v="Km 28" />
          <type t="name" v="Km 29" />
          <type t="name" v="Km 30" />
          <type t="name" v="Km 31" />
          <type t="name" v="Km 32" />
          <type t="lanes:backward" v="2" />
          <type t="barrier" v="gate" />
          <type t="barrier" v="lift_gate" />
          <type t="tunnel" v="building_passage" />
          <type t="route_hiking_2" v="" />
          <type t="name" v="Ruta 215 CH" />
          <type t="ref" v="215" />
          <type t="road_name_2" v="Ruta 215 CH" />
          <type t="road_name_3" v="Circuito Nor Patagonia" />
          <type t="road_ref_2" v="215" />
          <type t="route_road_2_name" v="Ruta 215 CH" />
          <type t="route_road_2_ref" v="215" />
          <type t="route_road_3_name" v="Circuito Nor Patagonia" />
          <type t="route_hiking_1_name" v="Greater Patagonian Trail Section 19: Volcán Puyehue" />
          <type t="route_hiking_1_osmc_text" v="GPT19" />
          <type t="route_hiking_1_ref" v="GPT19" />
          <type t="route_hiking_1_relation_id" v="6814222" />
          <type t="route_hiking_2_name" v="Sendero de Chile" />
          <type t="route_hiking_2_network" v="nwn" />
          <type t="route_hiking_2_osmc_background" v="white_2" />
          <type t="route_hiking_2_osmc_stub_name" v="." />
          <type t="route_hiking_2_osmc_text" v="SC" />
          <type t="route_hiking_2_osmc_textcolor" v="black" />
          <type t="route_hiking_2_relation_id" v="16751408" />
          <type t="name" v="Paso Cardenal Antonio Samoré" />
          <type t="name" v="Complejo Fronterizo Cardenal Samoré" />
          <type t="surface" v="dirt" />
          <type t="osmand_highway_integrity_brouting" v="3" />
          <type t="foot" v="no" />
          <type t="highway" v="residential" />
          <type t="destination" v="San Martín de los Andes" />
          <type t="name" v="General Villegas" />
          <type t="name" v="Las Frutillas" />
          <type t="smoothness" v="intermediate" />
          <type t="junction" v="roundabout" />
          <type t="route_road_2_network" v="ar:provincial" />
          <type t="route_road_3_shield_order" v="2" />
          <type t="road_shield_order_3" v="2" />
          <type t="turn:lanes" v="left|through" />
          <type t="turn:lanes" v="merge_to_right|through" />
          <type t="surface" v="wood" />
          <type t="4wd_only" v="yes" />
          <type t="bus" v="no" />
          <type t="road_name_1" v="Ruta Provincial 62" />
          <type t="road_name_2" v="Ruta Provincial 48" />
          <type t="road_network_2" v="ar:provincial" />
          <type t="road_ref_1" v="62" />
          <type t="road_ref_3" v="48" />
          <type t="route_road_1_name" v="Ruta Provincial 62" />
          <type t="route_road_1_ref" v="62" />
          <type t="route_road_2_name" v="Ruta Provincial 48" />
          <type t="route_road_3_ref" v="48" />
          <type t="name" v="Ruta Alternativa Norte" />
          <type t="ref" v="RP1V62" />
          <type t="road_ref_2" v="1V62" />
          <type t="route_road_2_ref" v="1V62" />
          <type t="name" v="Ruta Provincial 62" />
          <type t="ref" v="RP62" />
          <type t="road_ref_2" v="62" />
          <type t="route_road_2_ref" v="62" />
          <type t="name" v="Cuesta Alihuén" />
          <type t="route_hiking_1_name" v="Etapa 15: Puerto Arturo – Laguna Rosales" />
          <type t="route_hiking_1_osmc_text" v="EPALR" />
          <type t="route_hiking_1_relation_id" v="18114645" />
          <type t="route_hiking_1_name" v="Etapa 11: Termas de Epulaufquen – Laguna Verde" />
          <type t="route_hiking_1_osmc_text" v="ETELV" />
          <type t="route_hiking_1_relation_id" v="18114649" />
          <type t="route_hiking_1_name" v="Etapa 10: Aila – Termas de Epulafquen" />
          <type t="route_hiking_1_osmc_text" v="EATE" />
          <type t="route_hiking_1_relation_id" v="18114650" />
          <type t="name" v="Paso Internacional Carirriñe" />
          <type t="name" v="Ruta 201 CH" />
          <type t="ref" v="201" />
          <type t="road_name_2" v="Ruta 201 CH" />
          <type t="road_ref_2" v="201" />
          <type t="route_road_2_name" v="Ruta 201 CH" />
          <type t="route_road_2_ref" v="201" />
          <type t="name" v="Complejo Fronterizo Carirriñe" />
        </osmand:types>
      </extensions>
    </trkseg>
  </trk>
</gpx>