<?xml version="1.0" encoding="UTF-8" standalone="yes"?>
<gpx version="1.1" creator="OsmAndRouterV2" xmlns="http://www.topografix.com/GPX/1/1" xmlns:osmand="https://osmand.net/docs/technical/osmand-file-formats/osmand-gpx" xmlns:gpxtpx="https://www8.garmin.com/xmlschemas/TrackPointExtensionv1.xsd" xmlns:xsi="http://www.w3.org/2001/XMLSchema-instance" xsi:schemaLocation="http://www.topografix.com/GPX/1/1 https://www.topografix.com/GPX/1/1/gpx.xsd">
    <metadata>
        <name>_2026-07-07_</name>
    </metadata>
    <wpt lat="-40.147184" lon="-71.3406147">
        <name>Los Pañiles, Altos del Sol</name>
        <desc>Los Pañiles, Altos del Sol</desc>
    </wpt>
    <trk>
        <name>2026-07-07_20-54_Tue</name>
        <trkseg>
            <trkpt lat="-39.6415021" lon="-72.3376934">
                <ele>157</ele>
                <extensions>
                    <osmand:speed>1.2</osmand:speed>
                </extensions>
            </trkpt>
            <trkpt lat="-39.6413325" lon="-72.3376375">
                <ele>157.5</ele>
                <extensions>
                    <osmand:speed>1.2</osmand:speed>
                </extensions>
            </trkpt>
            <trkpt lat="-39.6413034" lon="-72.3376297">
                <ele>157.3</ele>
                <extensions>
                    <osmand:speed>1.2</osmand:speed>
                </extensions>
            </trkpt>
            <trkpt lat="-39.6412664" lon="-72.3376216">
                <ele>157</ele>
                <extensions>
                    <osmand:speed>7.4</osmand:speed>
                </extensions>
            </trkpt>
            <trkpt lat="-39.6413055" lon="-72.337549">
                <ele>156.8</ele>
                <extensions>
                    <osmand:speed>7.4</osmand:speed>
                </extensions>
            </trkpt>
            <trkpt lat="-39.6415843" lon="-72.3370662">
                <ele>155</ele>
                <extensions>
                    <osmand:speed>7.4</osmand:speed>
                </extensions>
            </trkpt>
            <trkpt lat="-39.6417022" lon="-72.336876">
                <ele>155</ele>
                <extensions>
                    <osmand:speed>13.9</osmand:speed>
                </extensions>
            </trkpt>
            <trkpt lat="-39.641921" lon="-72.3364146">
                <ele>154.2</ele>
                <extensions>
                    <osmand:speed>13.9</osmand:speed>
                </extensions>
            </trkpt>
            <trkpt lat="-39.6419831" lon="-72.3362803">
                <ele>153.5</ele>
                <extensions>
                    <osmand:speed>13.9</osmand:speed>
                </extensions>
            </trkpt>
            <trkpt lat="-39.6420263" lon="-72.3361705">
                <ele>153</ele>
                <extensions>
                    <osmand:speed>13.9</osmand:speed>
                </extensions>
            </trkpt>
            <trkpt lat="-39.6420595" lon="-72.3360472">
                <ele>152.5</ele>
                <extensions>
                    <osmand:speed>13.9</osmand:speed>
                </extensions>
            </trkpt>
            <trkpt lat="-39.6420781" lon="-72.3359343">
                <ele>152</ele>
                <extensions>
                    <osmand:speed>13.9</osmand:speed>
                </extensions>
            </trkpt>
            <trkpt lat="-39.6420967" lon="-72.3358297">
                <ele>151</ele>
                <extensions>
                    <osmand:speed>6.7</osmand:speed>
                </extensions>
            </trkpt>
            <trkpt lat="-39.6421029" lon="-72.3357573">
                <ele>150.9</ele>
                <extensions>
                    <osmand:speed>6.7</osmand:speed>
                </extensions>
            </trkpt>
            <trkpt lat="-39.6421153" lon="-72.3356609">
                <ele>150.8</ele>
                <extensions>
                    <osmand:speed>6.7</osmand:speed>
                </extensions>
            </trkpt>
            <trkpt lat="-39.6421275" lon="-72.3354759">
                <ele>150.5</ele>
                <extensions>
                    <osmand:speed>6.7</osmand:speed>
                </extensions>
            </trkpt>
            <trkpt lat="-39.6421318" lon="-72.3352961">
                <ele>149.8</ele>
                <extensions>
                    <osmand:speed>6.7</osmand:speed>
                </extensions>
            </trkpt>
            <trkpt lat="-39.6421275" lon="-72.3351164">
                <ele>149.2</ele>
                <extensions>
                    <osmand:speed>6.7</osmand:speed>
                </extensions>
            </trkpt>
            <trkpt lat="-39.6421194" lon="-72.3349392">
                <ele>148.8</ele>
                <extensions>
                    <osmand:speed>6.7</osmand:speed>
                </extensions>
            </trkpt>
            <trkpt lat="-39.6420986" lon="-72.3347114">
                <ele>148</ele>
                <extensions>
                    <osmand:speed>6.7</osmand:speed>
                </extensions>
            </trkpt>
            <trkpt lat="-39.6420719" lon="-72.3344083">
                <ele>147</ele>
                <extensions>
                    <osmand:speed>6.7</osmand:speed>
                </extensions>
            </trkpt>
            <trkpt lat="-39.6420697" lon="-72.3343223">
                <ele>147</ele>
                <extensions>
                    <osmand:speed>13.9</osmand:speed>
                </extensions>
            </trkpt>
            <trkpt lat="-39.6420759" lon="-72.3342286">
                <ele>146.8</ele>
                <extensions>
                    <osmand:speed>13.9</osmand:speed>
                </extensions>
            </trkpt>
            <trkpt lat="-39.6421215" lon="-72.334038">
                <ele>146</ele>
                <extensions>
                    <osmand:speed>3.6</osmand:speed>
                </extensions>
            </trkpt>
            <trkpt lat="-39.6421296" lon="-72.3339951">
                <ele>145.8</ele>
                <extensions>
                    <osmand:speed>3.6</osmand:speed>
                </extensions>
            </trkpt>
            <trkpt lat="-39.6421585" lon="-72.3338612">
                <ele>145.5</ele>
                <extensions>
                    <osmand:speed>3.6</osmand:speed>
                </extensions>
            </trkpt>
            <trkpt lat="-39.6423444" lon="-72.3329921">
                <ele>143.5</ele>
                <extensions>
                    <osmand:speed>3.6</osmand:speed>
                </extensions>
            </trkpt>
            <trkpt lat="-39.6423528" lon="-72.3329573">
                <ele>143</ele>
                <extensions>
                    <osmand:speed>1.1</osmand:speed>
                </extensions>
            </trkpt>
            <trkpt lat="-39.6422991" lon="-72.3329438">
                <ele>143.2</ele>
                <extensions>
                    <osmand:speed>1.1</osmand:speed>
                </extensions>
            </trkpt>
            <trkpt lat="-39.6422721" lon="-72.3329356">
                <ele>143.3</ele>
                <extensions>
                    <osmand:speed>1.1</osmand:speed>
                </extensions>
            </trkpt>
            <trkpt lat="-39.6422103" lon="-72.3329195">
                <ele>143.5</ele>
                <extensions>
                    <osmand:speed>1.1</osmand:speed>
                </extensions>
            </trkpt>
            <trkpt lat="-39.6421256" lon="-72.3329034">
                <ele>143.8</ele>
                <extensions>
                    <osmand:speed>1.1</osmand:speed>
                </extensions>
            </trkpt>
            <trkpt lat="-39.6420616" lon="-72.3328982">
                <ele>144</ele>
                <extensions>
                    <osmand:speed>1.1</osmand:speed>
                </extensions>
            </trkpt>
            <trkpt lat="-39.6420079" lon="-72.3329009">
                <ele>144.2</ele>
                <extensions>
                    <osmand:speed>1.1</osmand:speed>
                </extensions>
            </trkpt>
            <trkpt lat="-39.6419583" lon="-72.3329088">
                <ele>144.5</ele>
                <extensions>
                    <osmand:speed>1.1</osmand:speed>
                </extensions>
            </trkpt>
            <trkpt lat="-39.6419065" lon="-72.3329249">
                <ele>144</ele>
                <extensions>
                    <osmand:speed>13.9</osmand:speed>
                </extensions>
            </trkpt>
            <trkpt lat="-39.6418735" lon="-72.3329438">
                <ele>144.2</ele>
                <extensions>
                    <osmand:speed>13.9</osmand:speed>
                </extensions>
            </trkpt>
            <trkpt lat="-39.6418385" lon="-72.3329651">
                <ele>144.5</ele>
                <extensions>
                    <osmand:speed>13.9</osmand:speed>
                </extensions>
            </trkpt>
            <trkpt lat="-39.6418034" lon="-72.3329973">
                <ele>144.8</ele>
                <extensions>
                    <osmand:speed>13.9</osmand:speed>
                </extensions>
            </trkpt>
            <trkpt lat="-39.6417764" lon="-72.3330268">
                <ele>145</ele>
                <extensions>
                    <osmand:speed>13.9</osmand:speed>
                </extensions>
            </trkpt>
            <trkpt lat="-39.6417454" lon="-72.3330697">
                <ele>145.2</ele>
                <extensions>
                    <osmand:speed>13.9</osmand:speed>
                </extensions>
            </trkpt>
            <trkpt lat="-39.641727" lon="-72.3331128">
                <ele>146</ele>
                <extensions>
                    <osmand:speed>10.8</osmand:speed>
                </extensions>
            </trkpt>
            <trkpt lat="-39.641696" lon="-72.3330107">
                <ele>145.2</ele>
                <extensions>
                    <osmand:speed>10.8</osmand:speed>
                </extensions>
            </trkpt>
            <trkpt lat="-39.6416774" lon="-72.3329544">
                <ele>145</ele>
                <extensions>
                    <osmand:speed>10.8</osmand:speed>
                </extensions>
            </trkpt>
            <trkpt lat="-39.6416609" lon="-72.3328956">
                <ele>145</ele>
                <extensions>
                    <osmand:speed>10.8</osmand:speed>
                </extensions>
            </trkpt>
            <trkpt lat="-39.6413552" lon="-72.331871">
                <ele>144.8</ele>
                <extensions>
                    <osmand:speed>10.8</osmand:speed>
                </extensions>
            </trkpt>
            <trkpt lat="-39.6412869" lon="-72.3316322">
                <ele>144.8</ele>
                <extensions>
                    <osmand:speed>10.8</osmand:speed>
                </extensions>
            </trkpt>
            <trkpt lat="-39.6409793" lon="-72.3305781">
                <ele>145.2</ele>
                <extensions>
                    <osmand:speed>10.8</osmand:speed>
                </extensions>
            </trkpt>
            <trkpt lat="-39.6409504" lon="-72.3304708">
                <ele>145.8</ele>
                <extensions>
                    <osmand:speed>10.8</osmand:speed>
                </extensions>
            </trkpt>
            <trkpt lat="-39.6409256" lon="-72.3303528">
                <ele>145.8</ele>
                <extensions>
                    <osmand:speed>10.8</osmand:speed>
                </extensions>
            </trkpt>
            <trkpt lat="-39.6409151" lon="-72.3302802">
                <ele>145.9</ele>
                <extensions>
                    <osmand:speed>10.8</osmand:speed>
                </extensions>
            </trkpt>
            <trkpt lat="-39.6409089" lon="-72.3302373">
                <ele>145.9</ele>
                <extensions>
                    <osmand:speed>10.8</osmand:speed>
                </extensions>
            </trkpt>
            <trkpt lat="-39.6409089" lon="-72.3301783">
                <ele>146</ele>
                <extensions>
                    <osmand:speed>10.8</osmand:speed>
                </extensions>
            </trkpt>
            <trkpt lat="-39.640907" lon="-72.3301436">
                <ele>146</ele>
                <extensions>
                    <osmand:speed>10.8</osmand:speed>
                </extensions>
            </trkpt>
            <trkpt lat="-39.6409132" lon="-72.3299825">
                <ele>146.5</ele>
                <extensions>
                    <osmand:speed>10.8</osmand:speed>
                </extensions>
            </trkpt>
            <trkpt lat="-39.6409297" lon="-72.3297198">
                <ele>147.2</ele>
                <extensions>
                    <osmand:speed>10.8</osmand:speed>
                </extensions>
            </trkpt>
            <trkpt lat="-39.6409607" lon="-72.3292395">
                <ele>147</ele>
                <extensions>
                    <osmand:speed>10.8</osmand:speed>
                </extensions>
            </trkpt>
            <trkpt lat="-39.640975" lon="-72.3290759">
                <ele>147.5</ele>
                <extensions>
                    <osmand:speed>10.8</osmand:speed>
                </extensions>
            </trkpt>
            <trkpt lat="-39.6409771" lon="-72.328974">
                <ele>148</ele>
                <extensions>
                    <osmand:speed>10.8</osmand:speed>
                </extensions>
            </trkpt>
            <trkpt lat="-39.6409731" lon="-72.328864">
                <ele>148.1</ele>
                <extensions>
                    <osmand:speed>10.8</osmand:speed>
                </extensions>
            </trkpt>
            <trkpt lat="-39.6409669" lon="-72.3287972">
                <ele>148.2</ele>
                <extensions>
                    <osmand:speed>10.8</osmand:speed>
                </extensions>
            </trkpt>
            <trkpt lat="-39.6409626" lon="-72.3287542">
                <ele>148.2</ele>
                <extensions>
                    <osmand:speed>10.8</osmand:speed>
                </extensions>
            </trkpt>
            <trkpt lat="-39.6409442" lon="-72.3286092">
                <ele>148.5</ele>
                <extensions>
                    <osmand:speed>10.8</osmand:speed>
                </extensions>
            </trkpt>
            <trkpt lat="-39.6409151" lon="-72.3284055">
                <ele>149</ele>
                <extensions>
                    <osmand:speed>10.8</osmand:speed>
                </extensions>
            </trkpt>
            <trkpt lat="-39.6409089" lon="-72.3283249">
                <ele>149.1</ele>
                <extensions>
                    <osmand:speed>10.8</osmand:speed>
                </extensions>
            </trkpt>
            <trkpt lat="-39.6409132" lon="-72.3282741">
                <ele>149.1</ele>
                <extensions>
                    <osmand:speed>10.8</osmand:speed>
                </extensions>
            </trkpt>
            <trkpt lat="-39.6409172" lon="-72.3282203">
                <ele>149.2</ele>
                <extensions>
                    <osmand:speed>10.8</osmand:speed>
                </extensions>
            </trkpt>
            <trkpt lat="-39.6409318" lon="-72.3281398">
                <ele>149.2</ele>
                <extensions>
                    <osmand:speed>10.8</osmand:speed>
                </extensions>
            </trkpt>
            <trkpt lat="-39.640975" lon="-72.328003">
                <ele>149.5</ele>
                <extensions>
                    <osmand:speed>10.8</osmand:speed>
                </extensions>
            </trkpt>
            <trkpt lat="-39.6410805" lon="-72.327708">
                <ele>149.9</ele>
                <extensions>
                    <osmand:speed>10.8</osmand:speed>
                </extensions>
            </trkpt>
            <trkpt lat="-39.6411032" lon="-72.3276545">
                <ele>150</ele>
                <extensions>
                    <osmand:speed>3.9</osmand:speed>
                </extensions>
            </trkpt>
            <trkpt lat="-39.6411361" lon="-72.3275712">
                <ele>150</ele>
                <extensions>
                    <osmand:speed>3.9</osmand:speed>
                </extensions>
            </trkpt>
            <trkpt lat="-39.6413757" lon="-72.3269811">
                <ele>150.2</ele>
                <extensions>
                    <osmand:speed>3.9</osmand:speed>
                </extensions>
            </trkpt>
            <trkpt lat="-39.6415659" lon="-72.3265278">
                <ele>152</ele>
                <extensions>
                    <osmand:speed>11.7</osmand:speed>
                </extensions>
            </trkpt>
            <trkpt lat="-39.6414378" lon="-72.3263213">
                <ele>155.5</ele>
                <extensions>
                    <osmand:speed>11.7</osmand:speed>
                </extensions>
            </trkpt>
            <trkpt lat="-39.6413676" lon="-72.3262113">
                <ele>157.5</ele>
                <extensions>
                    <osmand:speed>11.7</osmand:speed>
                </extensions>
            </trkpt>
            <trkpt lat="-39.6412953" lon="-72.3261176">
                <ele>159.2</ele>
                <extensions>
                    <osmand:speed>11.7</osmand:speed>
                </extensions>
            </trkpt>
            <trkpt lat="-39.6411941" lon="-72.3259994">
                <ele>161</ele>
                <extensions>
                    <osmand:speed>11.7</osmand:speed>
                </extensions>
            </trkpt>
            <trkpt lat="-39.6406156" lon="-72.3253478">
                <ele>173</ele>
                <extensions>
                    <osmand:speed>11.7</osmand:speed>
                </extensions>
            </trkpt>
            <trkpt lat="-39.6405662" lon="-72.3253047">
                <ele>174</ele>
                <extensions>
                    <osmand:speed>11.7</osmand:speed>
                </extensions>
            </trkpt>
            <trkpt lat="-39.6405144" lon="-72.3252752">
                <ele>174.8</ele>
                <extensions>
                    <osmand:speed>11.7</osmand:speed>
                </extensions>
            </trkpt>
            <trkpt lat="-39.6404669" lon="-72.3252566">
                <ele>175.5</ele>
                <extensions>
                    <osmand:speed>11.7</osmand:speed>
                </extensions>
            </trkpt>
            <trkpt lat="-39.6395684" lon="-72.324967">
                <ele>183.8</ele>
                <extensions>
                    <osmand:speed>11.7</osmand:speed>
                </extensions>
            </trkpt>
            <trkpt lat="-39.63924" lon="-72.3248407">
                <ele>186</ele>
                <extensions>
                    <osmand:speed>11.7</osmand:speed>
                </extensions>
            </trkpt>
            <trkpt lat="-39.6388064" lon="-72.3246987">
                <ele>189</ele>
                <extensions>
                    <osmand:speed>11.7</osmand:speed>
                </extensions>
            </trkpt>
            <trkpt lat="-39.6387114" lon="-72.3246639">
                <ele>189.8</ele>
                <extensions>
                    <osmand:speed>11.7</osmand:speed>
                </extensions>
            </trkpt>
            <trkpt lat="-39.6386143" lon="-72.3246344">
                <ele>190.5</ele>
                <extensions>
                    <osmand:speed>11.7</osmand:speed>
                </extensions>
            </trkpt>
            <trkpt lat="-39.6385088" lon="-72.3246127">
                <ele>191.5</ele>
                <extensions>
                    <osmand:speed>11.7</osmand:speed>
                </extensions>
            </trkpt>
            <trkpt lat="-39.6384036" lon="-72.3245993">
                <ele>192.5</ele>
                <extensions>
                    <osmand:speed>11.7</osmand:speed>
                </extensions>
            </trkpt>
            <trkpt lat="-39.6382983" lon="-72.3245941">
                <ele>193.5</ele>
                <extensions>
                    <osmand:speed>11.7</osmand:speed>
                </extensions>
            </trkpt>
            <trkpt lat="-39.6381928" lon="-72.3245966">
                <ele>194.5</ele>
                <extensions>
                    <osmand:speed>11.7</osmand:speed>
                </extensions>
            </trkpt>
            <trkpt lat="-39.6381391" lon="-72.324602">
                <ele>195</ele>
                <extensions>
                    <osmand:speed>11.7</osmand:speed>
                </extensions>
            </trkpt>
            <trkpt lat="-39.6380854" lon="-72.3246075">
                <ele>195.5</ele>
                <extensions>
                    <osmand:speed>11.7</osmand:speed>
                </extensions>
            </trkpt>
            <trkpt lat="-39.6374287" lon="-72.3246639">
                <ele>204</ele>
                <extensions>
                    <osmand:speed>11.7</osmand:speed>
                </extensions>
            </trkpt>
            <trkpt lat="-39.6373502" lon="-72.3246717">
                <ele>205</ele>
                <extensions>
                    <osmand:speed>11.7</osmand:speed>
                </extensions>
            </trkpt>
            <trkpt lat="-39.6365651" lon="-72.3247417">
                <ele>215</ele>
                <extensions>
                    <osmand:speed>11.7</osmand:speed>
                </extensions>
            </trkpt>
            <trkpt lat="-39.6364847" lon="-72.3247417">
                <ele>216</ele>
                <extensions>
                    <osmand:speed>11.7</osmand:speed>
                </extensions>
            </trkpt>
            <trkpt lat="-39.636404" lon="-72.3247309">
                <ele>217</ele>
                <extensions>
                    <osmand:speed>11.7</osmand:speed>
                </extensions>
            </trkpt>
            <trkpt lat="-39.6363236" lon="-72.3247066">
                <ele>218</ele>
                <extensions>
                    <osmand:speed>11.7</osmand:speed>
                </extensions>
            </trkpt>
            <trkpt lat="-39.636247" lon="-72.3246744">
                <ele>218.8</ele>
                <extensions>
                    <osmand:speed>11.7</osmand:speed>
                </extensions>
            </trkpt>
            <trkpt lat="-39.6361728" lon="-72.3246315">
                <ele>219.2</ele>
                <extensions>
                    <osmand:speed>11.7</osmand:speed>
                </extensions>
            </trkpt>
            <trkpt lat="-39.6361045" lon="-72.324578">
                <ele>219.8</ele>
                <extensions>
                    <osmand:speed>11.7</osmand:speed>
                </extensions>
            </trkpt>
            <trkpt lat="-39.6360384" lon="-72.3245137">
                <ele>220.2</ele>
                <extensions>
                    <osmand:speed>11.7</osmand:speed>
                </extensions>
            </trkpt>
            <trkpt lat="-39.6359869" lon="-72.3244491">
                <ele>221</ele>
                <extensions>
                    <osmand:speed>11.7</osmand:speed>
                </extensions>
            </trkpt>
            <trkpt lat="-39.6359394" lon="-72.3243796">
                <ele>221.8</ele>
                <extensions>
                    <osmand:speed>11.7</osmand:speed>
                </extensions>
            </trkpt>
            <trkpt lat="-39.635896" lon="-72.3243045">
                <ele>222.5</ele>
                <extensions>
                    <osmand:speed>11.7</osmand:speed>
                </extensions>
            </trkpt>
            <trkpt lat="-39.6358609" lon="-72.3242211">
                <ele>223.2</ele>
                <extensions>
                    <osmand:speed>11.7</osmand:speed>
                </extensions>
            </trkpt>
            <trkpt lat="-39.6358299" lon="-72.3241382">
                <ele>223.8</ele>
                <extensions>
                    <osmand:speed>11.7</osmand:speed>
                </extensions>
            </trkpt>
            <trkpt lat="-39.6358072" lon="-72.3240496">
                <ele>224</ele>
                <extensions>
                    <osmand:speed>11.7</osmand:speed>
                </extensions>
            </trkpt>
            <trkpt lat="-39.6357886" lon="-72.3239584">
                <ele>224.2</ele>
                <extensions>
                    <osmand:speed>11.7</osmand:speed>
                </extensions>
            </trkpt>
            <trkpt lat="-39.6356874" lon="-72.3232503">
                <ele>226.2</ele>
                <extensions>
                    <osmand:speed>11.7</osmand:speed>
                </extensions>
            </trkpt>
            <trkpt lat="-39.6352989" lon="-72.3205706">
                <ele>229</ele>
                <extensions>
                    <osmand:speed>11.7</osmand:speed>
                </extensions>
            </trkpt>
            <trkpt lat="-39.6352433" lon="-72.3201817">
                <ele>231</ele>
                <extensions>
                    <osmand:speed>11.7</osmand:speed>
                </extensions>
            </trkpt>
            <trkpt lat="-39.6351192" lon="-72.319428">
                <ele>232.5</ele>
                <extensions>
                    <osmand:speed>11.1</osmand:speed>
                </extensions>
            </trkpt>
            <trkpt lat="-39.6350903" lon="-72.3190741">
                <ele>233</ele>
                <extensions>
                    <osmand:speed>16.4</osmand:speed>
                </extensions>
            </trkpt>
            <trkpt lat="-39.6346689" lon="-72.3157936">
                <ele>246.5</ele>
                <extensions>
                    <osmand:speed>16.4</osmand:speed>
                </extensions>
            </trkpt>
            <trkpt lat="-39.6345966" lon="-72.3150587">
                <ele>244.5</ele>
                <extensions>
                    <osmand:speed>16.4</osmand:speed>
                </extensions>
            </trkpt>
            <trkpt lat="-39.6345823" lon="-72.3149648">
                <ele>244.2</ele>
                <extensions>
                    <osmand:speed>16.4</osmand:speed>
                </extensions>
            </trkpt>
            <trkpt lat="-39.6340079" lon="-72.3111212">
                <ele>247.8</ele>
                <extensions>
                    <osmand:speed>16.4</osmand:speed>
                </extensions>
            </trkpt>
            <trkpt lat="-39.6339874" lon="-72.31099">
                <ele>248.2</ele>
                <extensions>
                    <osmand:speed>16.4</osmand:speed>
                </extensions>
            </trkpt>
            <trkpt lat="-39.6339583" lon="-72.3108612">
                <ele>248.8</ele>
                <extensions>
                    <osmand:speed>16.4</osmand:speed>
                </extensions>
            </trkpt>
            <trkpt lat="-39.6339254" lon="-72.3107378">
                <ele>249.2</ele>
                <extensions>
                    <osmand:speed>16.4</osmand:speed>
                </extensions>
            </trkpt>
            <trkpt lat="-39.6338841" lon="-72.3106145">
                <ele>249.5</ele>
                <extensions>
                    <osmand:speed>16.4</osmand:speed>
                </extensions>
            </trkpt>
            <trkpt lat="-39.6338283" lon="-72.3104777">
                <ele>249.8</ele>
                <extensions>
                    <osmand:speed>16.4</osmand:speed>
                </extensions>
            </trkpt>
            <trkpt lat="-39.6337662" lon="-72.3103462">
                <ele>250</ele>
                <extensions>
                    <osmand:speed>16.4</osmand:speed>
                </extensions>
            </trkpt>
            <trkpt lat="-39.6336961" lon="-72.31022">
                <ele>250.2</ele>
                <extensions>
                    <osmand:speed>16.4</osmand:speed>
                </extensions>
            </trkpt>
            <trkpt lat="-39.6317315" lon="-72.3069182">
                <ele>241.5</ele>
                <extensions>
                    <osmand:speed>16.4</osmand:speed>
                </extensions>
            </trkpt>
            <trkpt lat="-39.631397" lon="-72.3062585">
                <ele>240.2</ele>
                <extensions>
                    <osmand:speed>16.4</osmand:speed>
                </extensions>
            </trkpt>
            <trkpt lat="-39.6303393" lon="-72.3041772">
                <ele>234.8</ele>
                <extensions>
                    <osmand:speed>16.4</osmand:speed>
                </extensions>
            </trkpt>
            <trkpt lat="-39.6287032" lon="-72.3009531">
                <ele>221.2</ele>
                <extensions>
                    <osmand:speed>16.4</osmand:speed>
                </extensions>
            </trkpt>
            <trkpt lat="-39.6285999" lon="-72.3007091">
                <ele>220.8</ele>
                <extensions>
                    <osmand:speed>16.4</osmand:speed>
                </extensions>
            </trkpt>
            <trkpt lat="-39.6285028" lon="-72.3004621">
                <ele>220</ele>
                <extensions>
                    <osmand:speed>16.4</osmand:speed>
                </extensions>
            </trkpt>
            <trkpt lat="-39.6284097" lon="-72.3002102">
                <ele>219.2</ele>
                <extensions>
                    <osmand:speed>16.4</osmand:speed>
                </extensions>
            </trkpt>
            <trkpt lat="-39.6283188" lon="-72.2999446">
                <ele>218.8</ele>
                <extensions>
                    <osmand:speed>16.4</osmand:speed>
                </extensions>
            </trkpt>
            <trkpt lat="-39.6282322" lon="-72.2996762">
                <ele>218.2</ele>
                <extensions>
                    <osmand:speed>16.4</osmand:speed>
                </extensions>
            </trkpt>
            <trkpt lat="-39.6273315" lon="-72.2966723">
                <ele>209</ele>
                <extensions>
                    <osmand:speed>16.4</osmand:speed>
                </extensions>
            </trkpt>
            <trkpt lat="-39.6272425" lon="-72.2963853">
                <ele>207.8</ele>
                <extensions>
                    <osmand:speed>16.4</osmand:speed>
                </extensions>
            </trkpt>
            <trkpt lat="-39.6271435" lon="-72.296101">
                <ele>206.5</ele>
                <extensions>
                    <osmand:speed>16.4</osmand:speed>
                </extensions>
            </trkpt>
            <trkpt lat="-39.6270297" lon="-72.2958031">
                <ele>205</ele>
                <extensions>
                    <osmand:speed>16.4</osmand:speed>
                </extensions>
            </trkpt>
            <trkpt lat="-39.6269099" lon="-72.2955109">
                <ele>203.5</ele>
                <extensions>
                    <osmand:speed>16.4</osmand:speed>
                </extensions>
            </trkpt>
            <trkpt lat="-39.6255774" lon="-72.2924691">
                <ele>193.2</ele>
                <extensions>
                    <osmand:speed>16.4</osmand:speed>
                </extensions>
            </trkpt>
            <trkpt lat="-39.6249349" lon="-72.2910368">
                <ele>187.8</ele>
                <extensions>
                    <osmand:speed>16.4</osmand:speed>
                </extensions>
            </trkpt>
            <trkpt lat="-39.6247965" lon="-72.2907286">
                <ele>187.1</ele>
                <extensions>
                    <osmand:speed>16.4</osmand:speed>
                </extensions>
            </trkpt>
            <trkpt lat="-39.6222844" lon="-72.2851227">
                <ele>175.5</ele>
                <extensions>
                    <osmand:speed>16.4</osmand:speed>
                </extensions>
            </trkpt>
            <trkpt lat="-39.6195448" lon="-72.2789242">
                <ele>178.5</ele>
                <extensions>
                    <osmand:speed>16.4</osmand:speed>
                </extensions>
            </trkpt>
            <trkpt lat="-39.6194436" lon="-72.2786906">
                <ele>178</ele>
                <extensions>
                    <osmand:speed>16.4</osmand:speed>
                </extensions>
            </trkpt>
            <trkpt lat="-39.6193463" lon="-72.2784519">
                <ele>177.5</ele>
                <extensions>
                    <osmand:speed>16.4</osmand:speed>
                </extensions>
            </trkpt>
            <trkpt lat="-39.6192554" lon="-72.2782105">
                <ele>176.8</ele>
                <extensions>
                    <osmand:speed>16.4</osmand:speed>
                </extensions>
            </trkpt>
            <trkpt lat="-39.6191688" lon="-72.2779639">
                <ele>176.2</ele>
                <extensions>
                    <osmand:speed>16.4</osmand:speed>
                </extensions>
            </trkpt>
            <trkpt lat="-39.6190736" lon="-72.2776742">
                <ele>174.5</ele>
                <extensions>
                    <osmand:speed>16.4</osmand:speed>
                </extensions>
            </trkpt>
            <trkpt lat="-39.6189849" lon="-72.277379">
                <ele>172.2</ele>
                <extensions>
                    <osmand:speed>16.4</osmand:speed>
                </extensions>
            </trkpt>
            <trkpt lat="-39.6189042" lon="-72.2770786">
                <ele>170</ele>
                <extensions>
                    <osmand:speed>16.4</osmand:speed>
                </extensions>
            </trkpt>
            <trkpt lat="-39.618832" lon="-72.2767782">
                <ele>168</ele>
                <extensions>
                    <osmand:speed>16.4</osmand:speed>
                </extensions>
            </trkpt>
            <trkpt lat="-39.618493" lon="-72.2754693">
                <ele>157.5</ele>
                <extensions>
                    <osmand:speed>16.4</osmand:speed>
                </extensions>
            </trkpt>
            <trkpt lat="-39.6180469" lon="-72.2737956">
                <ele>152.5</ele>
                <extensions>
                    <osmand:speed>16.4</osmand:speed>
                </extensions>
            </trkpt>
            <trkpt lat="-39.6157493" lon="-72.2651778">
                <ele>148.2</ele>
                <extensions>
                    <osmand:speed>16.4</osmand:speed>
                </extensions>
            </trkpt>
            <trkpt lat="-39.6148319" lon="-72.2617366">
                <ele>148.8</ele>
                <extensions>
                    <osmand:speed>16.4</osmand:speed>
                </extensions>
            </trkpt>
            <trkpt lat="-39.6143422" lon="-72.2599019">
                <ele>147</ele>
                <extensions>
                    <osmand:speed>9.7</osmand:speed>
                </extensions>
            </trkpt>
            <trkpt lat="-39.6144619" lon="-72.2598241">
                <ele>147.2</ele>
                <extensions>
                    <osmand:speed>9.7</osmand:speed>
                </extensions>
            </trkpt>
            <trkpt lat="-39.6145404" lon="-72.2597812">
                <ele>147.2</ele>
                <extensions>
                    <osmand:speed>9.7</osmand:speed>
                </extensions>
            </trkpt>
            <trkpt lat="-39.6146232" lon="-72.2597464">
                <ele>147.5</ele>
                <extensions>
                    <osmand:speed>9.7</osmand:speed>
                </extensions>
            </trkpt>
            <trkpt lat="-39.6147181" lon="-72.2597195">
                <ele>147.8</ele>
                <extensions>
                    <osmand:speed>9.7</osmand:speed>
                </extensions>
            </trkpt>
            <trkpt lat="-39.6148152" lon="-72.2597034">
                <ele>148</ele>
                <extensions>
                    <osmand:speed>9.7</osmand:speed>
                </extensions>
            </trkpt>
            <trkpt lat="-39.6149125" lon="-72.2597008">
                <ele>148.2</ele>
                <extensions>
                    <osmand:speed>9.7</osmand:speed>
                </extensions>
            </trkpt>
            <trkpt lat="-39.6150074" lon="-72.2596874">
                <ele>148.3</ele>
                <extensions>
                    <osmand:speed>9.7</osmand:speed>
                </extensions>
            </trkpt>
            <trkpt lat="-39.6151005" lon="-72.2596684">
                <ele>148.3</ele>
                <extensions>
                    <osmand:speed>9.7</osmand:speed>
                </extensions>
            </trkpt>
            <trkpt lat="-39.6151458" lon="-72.2596578">
                <ele>148.3</ele>
                <extensions>
                    <osmand:speed>9.7</osmand:speed>
                </extensions>
            </trkpt>
            <trkpt lat="-39.6151935" lon="-72.2596389">
                <ele>148.4</ele>
                <extensions>
                    <osmand:speed>9.7</osmand:speed>
                </extensions>
            </trkpt>
            <trkpt lat="-39.6152369" lon="-72.2596174">
                <ele>148.4</ele>
                <extensions>
                    <osmand:speed>9.7</osmand:speed>
                </extensions>
            </trkpt>
            <trkpt lat="-39.6152801" lon="-72.2595879">
                <ele>148.4</ele>
                <extensions>
                    <osmand:speed>9.7</osmand:speed>
                </extensions>
            </trkpt>
            <trkpt lat="-39.6153216" lon="-72.2595559">
                <ele>148.4</ele>
                <extensions>
                    <osmand:speed>9.7</osmand:speed>
                </extensions>
            </trkpt>
            <trkpt lat="-39.6153939" lon="-72.259505">
                <ele>148.5</ele>
                <extensions>
                    <osmand:speed>9.7</osmand:speed>
                </extensions>
            </trkpt>
            <trkpt lat="-39.6154683" lon="-72.2594647">
                <ele>148.5</ele>
                <extensions>
                    <osmand:speed>9.7</osmand:speed>
                </extensions>
            </trkpt>
            <trkpt lat="-39.6155468" lon="-72.2594377">
                <ele>148.8</ele>
                <extensions>
                    <osmand:speed>9.7</osmand:speed>
                </extensions>
            </trkpt>
            <trkpt lat="-39.615615" lon="-72.2594191">
                <ele>149</ele>
                <extensions>
                    <osmand:speed>9.7</osmand:speed>
                </extensions>
            </trkpt>
            <trkpt lat="-39.6156851" lon="-72.2594109">
                <ele>149.2</ele>
                <extensions>
                    <osmand:speed>9.7</osmand:speed>
                </extensions>
            </trkpt>
            <trkpt lat="-39.6157555" lon="-72.2594082">
                <ele>149.5</ele>
                <extensions>
                    <osmand:speed>9.7</osmand:speed>
                </extensions>
            </trkpt>
            <trkpt lat="-39.6160923" lon="-72.2593975">
                <ele>150</ele>
                <extensions>
                    <osmand:speed>9.7</osmand:speed>
                </extensions>
            </trkpt>
            <trkpt lat="-39.6161686" lon="-72.2593896">
                <ele>150.5</ele>
                <extensions>
                    <osmand:speed>9.7</osmand:speed>
                </extensions>
            </trkpt>
            <trkpt lat="-39.6162452" lon="-72.2593735">
                <ele>151.2</ele>
                <extensions>
                    <osmand:speed>9.7</osmand:speed>
                </extensions>
            </trkpt>
            <trkpt lat="-39.6163194" lon="-72.2593465">
                <ele>152</ele>
                <extensions>
                    <osmand:speed>9.7</osmand:speed>
                </extensions>
            </trkpt>
            <trkpt lat="-39.6163919" lon="-72.2593145">
                <ele>152.8</ele>
                <extensions>
                    <osmand:speed>9.7</osmand:speed>
                </extensions>
            </trkpt>
            <trkpt lat="-39.6164682" lon="-72.2592636">
                <ele>153.5</ele>
                <extensions>
                    <osmand:speed>9.7</osmand:speed>
                </extensions>
            </trkpt>
            <trkpt lat="-39.6165427" lon="-72.2592046">
                <ele>154.2</ele>
                <extensions>
                    <osmand:speed>9.7</osmand:speed>
                </extensions>
            </trkpt>
            <trkpt lat="-39.6166109" lon="-72.2591373">
                <ele>155</ele>
                <extensions>
                    <osmand:speed>9.7</osmand:speed>
                </extensions>
            </trkpt>
            <trkpt lat="-39.6166729" lon="-72.2590622">
                <ele>155.8</ele>
                <extensions>
                    <osmand:speed>9.7</osmand:speed>
                </extensions>
            </trkpt>
            <trkpt lat="-39.6167306" lon="-72.2589819">
                <ele>156.8</ele>
                <extensions>
                    <osmand:speed>9.7</osmand:speed>
                </extensions>
            </trkpt>
            <trkpt lat="-39.6167843" lon="-72.2588959">
                <ele>158</ele>
                <extensions>
                    <osmand:speed>9.7</osmand:speed>
                </extensions>
            </trkpt>
            <trkpt lat="-39.616832" lon="-72.2588047">
                <ele>159.2</ele>
                <extensions>
                    <osmand:speed>9.7</osmand:speed>
                </extensions>
            </trkpt>
            <trkpt lat="-39.6169207" lon="-72.258652">
                <ele>161.2</ele>
                <extensions>
                    <osmand:speed>9.7</osmand:speed>
                </extensions>
            </trkpt>
            <trkpt lat="-39.6170157" lon="-72.258507">
                <ele>163.2</ele>
                <extensions>
                    <osmand:speed>9.7</osmand:speed>
                </extensions>
            </trkpt>
            <trkpt lat="-39.6171192" lon="-72.2583675">
                <ele>165.5</ele>
                <extensions>
                    <osmand:speed>9.7</osmand:speed>
                </extensions>
            </trkpt>
            <trkpt lat="-39.6181006" lon="-72.2572973">
                <ele>185.2</ele>
                <extensions>
                    <osmand:speed>9.7</osmand:speed>
                </extensions>
            </trkpt>
            <trkpt lat="-39.618144" lon="-72.2572626">
                <ele>186</ele>
                <extensions>
                    <osmand:speed>9.7</osmand:speed>
                </extensions>
            </trkpt>
            <trkpt lat="-39.6181874" lon="-72.2572331">
                <ele>186.8</ele>
                <extensions>
                    <osmand:speed>9.7</osmand:speed>
                </extensions>
            </trkpt>
            <trkpt lat="-39.6182349" lon="-72.2572088">
                <ele>187.5</ele>
                <extensions>
                    <osmand:speed>9.7</osmand:speed>
                </extensions>
            </trkpt>
            <trkpt lat="-39.6182845" lon="-72.25719">
                <ele>188.2</ele>
                <extensions>
                    <osmand:speed>9.7</osmand:speed>
                </extensions>
            </trkpt>
            <trkpt lat="-39.6183382" lon="-72.2571793">
                <ele>188.8</ele>
                <extensions>
                    <osmand:speed>9.7</osmand:speed>
                </extensions>
            </trkpt>
            <trkpt lat="-39.6183897" lon="-72.2571741">
                <ele>189.2</ele>
                <extensions>
                    <osmand:speed>9.7</osmand:speed>
                </extensions>
            </trkpt>
            <trkpt lat="-39.6184517" lon="-72.257158">
                <ele>189.8</ele>
                <extensions>
                    <osmand:speed>9.7</osmand:speed>
                </extensions>
            </trkpt>
            <trkpt lat="-39.6185116" lon="-72.2571337">
                <ele>190.2</ele>
                <extensions>
                    <osmand:speed>9.7</osmand:speed>
                </extensions>
            </trkpt>
            <trkpt lat="-39.6185696" lon="-72.2571015">
                <ele>191</ele>
                <extensions>
                    <osmand:speed>9.7</osmand:speed>
                </extensions>
            </trkpt>
            <trkpt lat="-39.6187122" lon="-72.2570157">
                <ele>193</ele>
                <extensions>
                    <osmand:speed>9.7</osmand:speed>
                </extensions>
            </trkpt>
            <trkpt lat="-39.6188525" lon="-72.2569218">
                <ele>195.2</ele>
                <extensions>
                    <osmand:speed>9.7</osmand:speed>
                </extensions>
            </trkpt>
            <trkpt lat="-39.6189331" lon="-72.2568655">
                <ele>196.5</ele>
                <extensions>
                    <osmand:speed>9.7</osmand:speed>
                </extensions>
            </trkpt>
            <trkpt lat="-39.6190137" lon="-72.2568172">
                <ele>197.5</ele>
                <extensions>
                    <osmand:speed>9.7</osmand:speed>
                </extensions>
            </trkpt>
            <trkpt lat="-39.6190963" lon="-72.2567743">
                <ele>198.5</ele>
                <extensions>
                    <osmand:speed>9.7</osmand:speed>
                </extensions>
            </trkpt>
            <trkpt lat="-39.6191915" lon="-72.2567369">
                <ele>199.5</ele>
                <extensions>
                    <osmand:speed>9.7</osmand:speed>
                </extensions>
            </trkpt>
            <trkpt lat="-39.6192886" lon="-72.2567047">
                <ele>200.2</ele>
                <extensions>
                    <osmand:speed>9.7</osmand:speed>
                </extensions>
            </trkpt>
            <trkpt lat="-39.6193878" lon="-72.2566804">
                <ele>201</ele>
                <extensions>
                    <osmand:speed>9.7</osmand:speed>
                </extensions>
            </trkpt>
            <trkpt lat="-39.6198754" lon="-72.2565034">
                <ele>204.2</ele>
                <extensions>
                    <osmand:speed>9.7</osmand:speed>
                </extensions>
            </trkpt>
            <trkpt lat="-39.622088" lon="-72.2555863">
                <ele>219.5</ele>
                <extensions>
                    <osmand:speed>9.7</osmand:speed>
                </extensions>
            </trkpt>
            <trkpt lat="-39.6224807" lon="-72.2555083">
                <ele>221.5</ele>
                <extensions>
                    <osmand:speed>9.7</osmand:speed>
                </extensions>
            </trkpt>
            <trkpt lat="-39.6228338" lon="-72.2554548">
                <ele>222.8</ele>
                <extensions>
                    <osmand:speed>9.7</osmand:speed>
                </extensions>
            </trkpt>
            <trkpt lat="-39.6228999" lon="-72.2554439">
                <ele>223</ele>
                <extensions>
                    <osmand:speed>9.7</osmand:speed>
                </extensions>
            </trkpt>
            <trkpt lat="-39.624369" lon="-72.2548082">
                <ele>229</ele>
                <extensions>
                    <osmand:speed>9.7</osmand:speed>
                </extensions>
            </trkpt>
            <trkpt lat="-39.6265258" lon="-72.253824">
                <ele>212</ele>
                <extensions>
                    <osmand:speed>9.7</osmand:speed>
                </extensions>
            </trkpt>
            <trkpt lat="-39.6311159" lon="-72.2516112">
                <ele>187.8</ele>
                <extensions>
                    <osmand:speed>9.7</osmand:speed>
                </extensions>
            </trkpt>
            <trkpt lat="-39.6311491" lon="-72.2515924">
                <ele>187.7</ele>
                <extensions>
                    <osmand:speed>9.7</osmand:speed>
                </extensions>
            </trkpt>
            <trkpt lat="-39.6311801" lon="-72.2515629">
                <ele>187.6</ele>
                <extensions>
                    <osmand:speed>9.7</osmand:speed>
                </extensions>
            </trkpt>
            <trkpt lat="-39.6312047" lon="-72.2515279">
                <ele>187.5</ele>
                <extensions>
                    <osmand:speed>9.7</osmand:speed>
                </extensions>
            </trkpt>
            <trkpt lat="-39.6312214" lon="-72.2514878">
                <ele>187.2</ele>
                <extensions>
                    <osmand:speed>9.7</osmand:speed>
                </extensions>
            </trkpt>
            <trkpt lat="-39.6312338" lon="-72.2514422">
                <ele>187</ele>
                <extensions>
                    <osmand:speed>9.7</osmand:speed>
                </extensions>
            </trkpt>
            <trkpt lat="-39.6312379" lon="-72.2513966">
                <ele>186.8</ele>
                <extensions>
                    <osmand:speed>9.7</osmand:speed>
                </extensions>
            </trkpt>
            <trkpt lat="-39.6312338" lon="-72.251351">
                <ele>186.5</ele>
                <extensions>
                    <osmand:speed>9.7</osmand:speed>
                </extensions>
            </trkpt>
            <trkpt lat="-39.6312233" lon="-72.2513081">
                <ele>186.2</ele>
                <extensions>
                    <osmand:speed>9.7</osmand:speed>
                </extensions>
            </trkpt>
            <trkpt lat="-39.6312068" lon="-72.2512677">
                <ele>186</ele>
                <extensions>
                    <osmand:speed>9.7</osmand:speed>
                </extensions>
            </trkpt>
            <trkpt lat="-39.6311842" lon="-72.251233">
                <ele>185.8</ele>
                <extensions>
                    <osmand:speed>9.7</osmand:speed>
                </extensions>
            </trkpt>
            <trkpt lat="-39.6308723" lon="-72.2508734">
                <ele>182</ele>
                <extensions>
                    <osmand:speed>9.7</osmand:speed>
                </extensions>
            </trkpt>
            <trkpt lat="-39.6308494" lon="-72.2508227">
                <ele>181.5</ele>
                <extensions>
                    <osmand:speed>9.7</osmand:speed>
                </extensions>
            </trkpt>
            <trkpt lat="-39.630837" lon="-72.2507688">
                <ele>181</ele>
                <extensions>
                    <osmand:speed>9.7</osmand:speed>
                </extensions>
            </trkpt>
            <trkpt lat="-39.6308308" lon="-72.2507125">
                <ele>180.5</ele>
                <extensions>
                    <osmand:speed>9.7</osmand:speed>
                </extensions>
            </trkpt>
            <trkpt lat="-39.6308351" lon="-72.2506564">
                <ele>180.2</ele>
                <extensions>
                    <osmand:speed>9.7</osmand:speed>
                </extensions>
            </trkpt>
            <trkpt lat="-39.6308413" lon="-72.2506134">
                <ele>180</ele>
                <extensions>
                    <osmand:speed>9.7</osmand:speed>
                </extensions>
            </trkpt>
            <trkpt lat="-39.6308537" lon="-72.250573">
                <ele>179.8</ele>
                <extensions>
                    <osmand:speed>9.7</osmand:speed>
                </extensions>
            </trkpt>
            <trkpt lat="-39.6308702" lon="-72.2505383">
                <ele>179.7</ele>
                <extensions>
                    <osmand:speed>9.7</osmand:speed>
                </extensions>
            </trkpt>
            <trkpt lat="-39.6309611" lon="-72.2502887">
                <ele>179.5</ele>
                <extensions>
                    <osmand:speed>9.7</osmand:speed>
                </extensions>
            </trkpt>
            <trkpt lat="-39.6311944" lon="-72.2497147">
                <ele>181.8</ele>
                <extensions>
                    <osmand:speed>9.7</osmand:speed>
                </extensions>
            </trkpt>
            <trkpt lat="-39.6312214" lon="-72.2496369">
                <ele>181.6</ele>
                <extensions>
                    <osmand:speed>9.7</osmand:speed>
                </extensions>
            </trkpt>
            <trkpt lat="-39.6312357" lon="-72.2495779">
                <ele>181.6</ele>
                <extensions>
                    <osmand:speed>9.7</osmand:speed>
                </extensions>
            </trkpt>
            <trkpt lat="-39.63124" lon="-72.2495271">
                <ele>180</ele>
                <extensions>
                    <osmand:speed>9.7</osmand:speed>
                </extensions>
            </trkpt>
            <trkpt lat="-39.6312233" lon="-72.2494894">
                <ele>179.8</ele>
                <extensions>
                    <osmand:speed>9.7</osmand:speed>
                </extensions>
            </trkpt>
            <trkpt lat="-39.6312006" lon="-72.2494547">
                <ele>179.2</ele>
                <extensions>
                    <osmand:speed>9.7</osmand:speed>
                </extensions>
            </trkpt>
            <trkpt lat="-39.6311696" lon="-72.2494252">
                <ele>178.8</ele>
                <extensions>
                    <osmand:speed>9.7</osmand:speed>
                </extensions>
            </trkpt>
            <trkpt lat="-39.6304385" lon="-72.2489771">
                <ele>171.8</ele>
                <extensions>
                    <osmand:speed>9.7</osmand:speed>
                </extensions>
            </trkpt>
            <trkpt lat="-39.630298" lon="-72.2489154">
                <ele>170.8</ele>
                <extensions>
                    <osmand:speed>9.7</osmand:speed>
                </extensions>
            </trkpt>
            <trkpt lat="-39.6301906" lon="-72.2488752">
                <ele>170.5</ele>
                <extensions>
                    <osmand:speed>9.7</osmand:speed>
                </extensions>
            </trkpt>
            <trkpt lat="-39.6300107" lon="-72.2489129">
                <ele>171.2</ele>
                <extensions>
                    <osmand:speed>9.7</osmand:speed>
                </extensions>
            </trkpt>
            <trkpt lat="-39.6293333" lon="-72.2491702">
                <ele>169.5</ele>
                <extensions>
                    <osmand:speed>9.7</osmand:speed>
                </extensions>
            </trkpt>
            <trkpt lat="-39.6292114" lon="-72.2491702">
                <ele>169.2</ele>
                <extensions>
                    <osmand:speed>9.7</osmand:speed>
                </extensions>
            </trkpt>
            <trkpt lat="-39.6290792" lon="-72.24913">
                <ele>169</ele>
                <extensions>
                    <osmand:speed>9.7</osmand:speed>
                </extensions>
            </trkpt>
            <trkpt lat="-39.6288974" lon="-72.2490039">
                <ele>168.8</ele>
                <extensions>
                    <osmand:speed>9.7</osmand:speed>
                </extensions>
            </trkpt>
            <trkpt lat="-39.6287528" lon="-72.248819">
                <ele>168.5</ele>
                <extensions>
                    <osmand:speed>9.7</osmand:speed>
                </extensions>
            </trkpt>
            <trkpt lat="-39.6285419" lon="-72.2484621">
                <ele>167.8</ele>
                <extensions>
                    <osmand:speed>9.7</osmand:speed>
                </extensions>
            </trkpt>
            <trkpt lat="-39.6283603" lon="-72.2479981">
                <ele>165.2</ele>
                <extensions>
                    <osmand:speed>9.7</osmand:speed>
                </extensions>
            </trkpt>
            <trkpt lat="-39.6281" lon="-72.2476199">
                <ele>160</ele>
                <extensions>
                    <osmand:speed>9.7</osmand:speed>
                </extensions>
            </trkpt>
            <trkpt lat="-39.6277777" lon="-72.2472687">
                <ele>153.5</ele>
                <extensions>
                    <osmand:speed>9.7</osmand:speed>
                </extensions>
            </trkpt>
            <trkpt lat="-39.627693" lon="-72.2471775">
                <ele>151.8</ele>
                <extensions>
                    <osmand:speed>9.7</osmand:speed>
                </extensions>
            </trkpt>
            <trkpt lat="-39.6276042" lon="-72.2470971">
                <ele>150</ele>
                <extensions>
                    <osmand:speed>9.7</osmand:speed>
                </extensions>
            </trkpt>
            <trkpt lat="-39.627509" lon="-72.2470246">
                <ele>148.8</ele>
                <extensions>
                    <osmand:speed>9.7</osmand:speed>
                </extensions>
            </trkpt>
            <trkpt lat="-39.6274141" lon="-72.2469601">
                <ele>147.8</ele>
                <extensions>
                    <osmand:speed>9.7</osmand:speed>
                </extensions>
            </trkpt>
            <trkpt lat="-39.6273272" lon="-72.2469145">
                <ele>147.2</ele>
                <extensions>
                    <osmand:speed>9.7</osmand:speed>
                </extensions>
            </trkpt>
            <trkpt lat="-39.6272406" lon="-72.2468744">
                <ele>147.2</ele>
                <extensions>
                    <osmand:speed>9.7</osmand:speed>
                </extensions>
            </trkpt>
            <trkpt lat="-39.6271538" lon="-72.2468394">
                <ele>147.1</ele>
                <extensions>
                    <osmand:speed>9.7</osmand:speed>
                </extensions>
            </trkpt>
            <trkpt lat="-39.6271125" lon="-72.2468288">
                <ele>147.1</ele>
                <extensions>
                    <osmand:speed>9.7</osmand:speed>
                </extensions>
            </trkpt>
            <trkpt lat="-39.6270753" lon="-72.2468101">
                <ele>147</ele>
                <extensions>
                    <osmand:speed>9.7</osmand:speed>
                </extensions>
            </trkpt>
            <trkpt lat="-39.6270402" lon="-72.2467832">
                <ele>147</ele>
                <extensions>
                    <osmand:speed>9.7</osmand:speed>
                </extensions>
            </trkpt>
            <trkpt lat="-39.6270113" lon="-72.2467482">
                <ele>146.8</ele>
                <extensions>
                    <osmand:speed>9.7</osmand:speed>
                </extensions>
            </trkpt>
            <trkpt lat="-39.6269822" lon="-72.2467055">
                <ele>146.2</ele>
                <extensions>
                    <osmand:speed>9.7</osmand:speed>
                </extensions>
            </trkpt>
            <trkpt lat="-39.6269595" lon="-72.246657">
                <ele>145.8</ele>
                <extensions>
                    <osmand:speed>9.7</osmand:speed>
                </extensions>
            </trkpt>
            <trkpt lat="-39.6269431" lon="-72.2466035">
                <ele>145.2</ele>
                <extensions>
                    <osmand:speed>9.7</osmand:speed>
                </extensions>
            </trkpt>
            <trkpt lat="-39.6269369" lon="-72.246547">
                <ele>144.8</ele>
                <extensions>
                    <osmand:speed>9.7</osmand:speed>
                </extensions>
            </trkpt>
            <trkpt lat="-39.6269307" lon="-72.2464802">
                <ele>144</ele>
                <extensions>
                    <osmand:speed>9.7</osmand:speed>
                </extensions>
            </trkpt>
            <trkpt lat="-39.6269307" lon="-72.2464129">
                <ele>143.2</ele>
                <extensions>
                    <osmand:speed>9.7</osmand:speed>
                </extensions>
            </trkpt>
            <trkpt lat="-39.6269369" lon="-72.2463487">
                <ele>142.5</ele>
                <extensions>
                    <osmand:speed>9.7</osmand:speed>
                </extensions>
            </trkpt>
            <trkpt lat="-39.6269512" lon="-72.2462709">
                <ele>141.5</ele>
                <extensions>
                    <osmand:speed>9.7</osmand:speed>
                </extensions>
            </trkpt>
            <trkpt lat="-39.6269741" lon="-72.2461985">
                <ele>142</ele>
                <extensions>
                    <osmand:speed>9.7</osmand:speed>
                </extensions>
            </trkpt>
            <trkpt lat="-39.6271869" lon="-72.2458577">
                <ele>138</ele>
                <extensions>
                    <osmand:speed>9.7</osmand:speed>
                </extensions>
            </trkpt>
            <trkpt lat="-39.6272012" lon="-72.2458282">
                <ele>137.8</ele>
                <extensions>
                    <osmand:speed>9.7</osmand:speed>
                </extensions>
            </trkpt>
            <trkpt lat="-39.6272074" lon="-72.2457933">
                <ele>137.5</ele>
                <extensions>
                    <osmand:speed>9.7</osmand:speed>
                </extensions>
            </trkpt>
            <trkpt lat="-39.6272096" lon="-72.2457586">
                <ele>137.2</ele>
                <extensions>
                    <osmand:speed>9.7</osmand:speed>
                </extensions>
            </trkpt>
            <trkpt lat="-39.6272034" lon="-72.2457209">
                <ele>137</ele>
                <extensions>
                    <osmand:speed>9.7</osmand:speed>
                </extensions>
            </trkpt>
            <trkpt lat="-39.627191" lon="-72.2456887">
                <ele>136.9</ele>
                <extensions>
                    <osmand:speed>9.7</osmand:speed>
                </extensions>
            </trkpt>
            <trkpt lat="-39.6271724" lon="-72.2456619">
                <ele>136.8</ele>
                <extensions>
                    <osmand:speed>9.7</osmand:speed>
                </extensions>
            </trkpt>
            <trkpt lat="-39.6271497" lon="-72.2456406">
                <ele>136.8</ele>
                <extensions>
                    <osmand:speed>9.7</osmand:speed>
                </extensions>
            </trkpt>
            <trkpt lat="-39.6270175" lon="-72.2454904">
                <ele>136.2</ele>
                <extensions>
                    <osmand:speed>9.7</osmand:speed>
                </extensions>
            </trkpt>
            <trkpt lat="-39.6269512" lon="-72.2453965">
                <ele>136.1</ele>
                <extensions>
                    <osmand:speed>9.7</osmand:speed>
                </extensions>
            </trkpt>
            <trkpt lat="-39.6268894" lon="-72.2452971">
                <ele>136</ele>
                <extensions>
                    <osmand:speed>9.7</osmand:speed>
                </extensions>
            </trkpt>
            <trkpt lat="-39.6268336" lon="-72.2451952">
                <ele>135.8</ele>
                <extensions>
                    <osmand:speed>9.7</osmand:speed>
                </extensions>
            </trkpt>
            <trkpt lat="-39.6267818" lon="-72.2450852">
                <ele>135.2</ele>
                <extensions>
                    <osmand:speed>9.7</osmand:speed>
                </extensions>
            </trkpt>
            <trkpt lat="-39.6267386" lon="-72.2449754">
                <ele>135</ele>
                <extensions>
                    <osmand:speed>9.7</osmand:speed>
                </extensions>
            </trkpt>
            <trkpt lat="-39.6266992" lon="-72.2448599">
                <ele>134.9</ele>
                <extensions>
                    <osmand:speed>9.7</osmand:speed>
                </extensions>
            </trkpt>
            <trkpt lat="-39.6266663" lon="-72.2447419">
                <ele>134.8</ele>
                <extensions>
                    <osmand:speed>9.7</osmand:speed>
                </extensions>
            </trkpt>
            <trkpt lat="-39.6266394" lon="-72.2446185">
                <ele>134.5</ele>
                <extensions>
                    <osmand:speed>9.7</osmand:speed>
                </extensions>
            </trkpt>
            <trkpt lat="-39.6266167" lon="-72.2444978">
                <ele>134</ele>
                <extensions>
                    <osmand:speed>9.7</osmand:speed>
                </extensions>
            </trkpt>
            <trkpt lat="-39.6265568" lon="-72.2443449">
                <ele>133.5</ele>
                <extensions>
                    <osmand:speed>9.7</osmand:speed>
                </extensions>
            </trkpt>
            <trkpt lat="-39.6264886" lon="-72.2441974">
                <ele>133.4</ele>
                <extensions>
                    <osmand:speed>9.7</osmand:speed>
                </extensions>
            </trkpt>
            <trkpt lat="-39.6264163" lon="-72.2440581">
                <ele>133.2</ele>
                <extensions>
                    <osmand:speed>9.7</osmand:speed>
                </extensions>
            </trkpt>
            <trkpt lat="-39.626344" lon="-72.2439374">
                <ele>133.2</ele>
                <extensions>
                    <osmand:speed>9.7</osmand:speed>
                </extensions>
            </trkpt>
            <trkpt lat="-39.6262674" lon="-72.2438246">
                <ele>133.1</ele>
                <extensions>
                    <osmand:speed>9.7</osmand:speed>
                </extensions>
            </trkpt>
            <trkpt lat="-39.626187" lon="-72.2437173">
                <ele>133</ele>
                <extensions>
                    <osmand:speed>9.7</osmand:speed>
                </extensions>
            </trkpt>
            <trkpt lat="-39.6261023" lon="-72.2436182">
                <ele>132.9</ele>
                <extensions>
                    <osmand:speed>9.7</osmand:speed>
                </extensions>
            </trkpt>
            <trkpt lat="-39.6260217" lon="-72.2435322">
                <ele>132.9</ele>
                <extensions>
                    <osmand:speed>9.7</osmand:speed>
                </extensions>
            </trkpt>
            <trkpt lat="-39.625937" lon="-72.2434546">
                <ele>132.8</ele>
                <extensions>
                    <osmand:speed>9.7</osmand:speed>
                </extensions>
            </trkpt>
            <trkpt lat="-39.6258501" lon="-72.243382">
                <ele>132.8</ele>
                <extensions>
                    <osmand:speed>9.7</osmand:speed>
                </extensions>
            </trkpt>
            <trkpt lat="-39.6256003" lon="-72.2431433">
                <ele>132.9</ele>
                <extensions>
                    <osmand:speed>9.7</osmand:speed>
                </extensions>
            </trkpt>
            <trkpt lat="-39.6255073" lon="-72.2430521">
                <ele>133</ele>
                <extensions>
                    <osmand:speed>9.7</osmand:speed>
                </extensions>
            </trkpt>
            <trkpt lat="-39.6254123" lon="-72.2429691">
                <ele>132.5</ele>
                <extensions>
                    <osmand:speed>9.7</osmand:speed>
                </extensions>
            </trkpt>
            <trkpt lat="-39.6253109" lon="-72.2428885">
                <ele>132</ele>
                <extensions>
                    <osmand:speed>9.7</osmand:speed>
                </extensions>
            </trkpt>
            <trkpt lat="-39.6252098" lon="-72.2428189">
                <ele>132</ele>
                <extensions>
                    <osmand:speed>9.7</osmand:speed>
                </extensions>
            </trkpt>
            <trkpt lat="-39.6251251" lon="-72.2427651">
                <ele>131.9</ele>
                <extensions>
                    <osmand:speed>9.7</osmand:speed>
                </extensions>
            </trkpt>
            <trkpt lat="-39.6250444" lon="-72.2427034">
                <ele>131.9</ele>
                <extensions>
                    <osmand:speed>9.7</osmand:speed>
                </extensions>
            </trkpt>
            <trkpt lat="-39.62497" lon="-72.2426337">
                <ele>131.9</ele>
                <extensions>
                    <osmand:speed>9.7</osmand:speed>
                </extensions>
            </trkpt>
            <trkpt lat="-39.6248977" lon="-72.2425532">
                <ele>131.9</ele>
                <extensions>
                    <osmand:speed>9.7</osmand:speed>
                </extensions>
            </trkpt>
            <trkpt lat="-39.6248524" lon="-72.2424969">
                <ele>131.9</ele>
                <extensions>
                    <osmand:speed>9.7</osmand:speed>
                </extensions>
            </trkpt>
            <trkpt lat="-39.6248089" lon="-72.2424325">
                <ele>131.8</ele>
                <extensions>
                    <osmand:speed>9.7</osmand:speed>
                </extensions>
            </trkpt>
            <trkpt lat="-39.6247159" lon="-72.24232">
                <ele>131.8</ele>
                <extensions>
                    <osmand:speed>9.7</osmand:speed>
                </extensions>
            </trkpt>
            <trkpt lat="-39.6246169" lon="-72.2422099">
                <ele>131.8</ele>
                <extensions>
                    <osmand:speed>9.7</osmand:speed>
                </extensions>
            </trkpt>
            <trkpt lat="-39.6245341" lon="-72.2421269">
                <ele>131.8</ele>
                <extensions>
                    <osmand:speed>9.7</osmand:speed>
                </extensions>
            </trkpt>
            <trkpt lat="-39.6244475" lon="-72.2420491">
                <ele>132</ele>
                <extensions>
                    <osmand:speed>9.7</osmand:speed>
                </extensions>
            </trkpt>
            <trkpt lat="-39.6243566" lon="-72.2419767">
                <ele>132.5</ele>
                <extensions>
                    <osmand:speed>9.7</osmand:speed>
                </extensions>
            </trkpt>
            <trkpt lat="-39.623398" lon="-72.2415447">
                <ele>132.7</ele>
                <extensions>
                    <osmand:speed>9.7</osmand:speed>
                </extensions>
            </trkpt>
            <trkpt lat="-39.6232802" lon="-72.2414991">
                <ele>132.7</ele>
                <extensions>
                    <osmand:speed>9.7</osmand:speed>
                </extensions>
            </trkpt>
            <trkpt lat="-39.6231645" lon="-72.2414456">
                <ele>132.7</ele>
                <extensions>
                    <osmand:speed>9.7</osmand:speed>
                </extensions>
            </trkpt>
            <trkpt lat="-39.6230509" lon="-72.2413784">
                <ele>132.7</ele>
                <extensions>
                    <osmand:speed>9.7</osmand:speed>
                </extensions>
            </trkpt>
            <trkpt lat="-39.6229517" lon="-72.2413115">
                <ele>132.8</ele>
                <extensions>
                    <osmand:speed>9.7</osmand:speed>
                </extensions>
            </trkpt>
            <trkpt lat="-39.6228546" lon="-72.2412364">
                <ele>132.2</ele>
                <extensions>
                    <osmand:speed>9.7</osmand:speed>
                </extensions>
            </trkpt>
            <trkpt lat="-39.6227596" lon="-72.2411531">
                <ele>131.8</ele>
                <extensions>
                    <osmand:speed>9.7</osmand:speed>
                </extensions>
            </trkpt>
            <trkpt lat="-39.6222307" lon="-72.2406008">
                <ele>131.5</ele>
                <extensions>
                    <osmand:speed>9.7</osmand:speed>
                </extensions>
            </trkpt>
            <trkpt lat="-39.6214043" lon="-72.2398522">
                <ele>132.2</ele>
                <extensions>
                    <osmand:speed>9.7</osmand:speed>
                </extensions>
            </trkpt>
            <trkpt lat="-39.6211066" lon="-72.2395896">
                <ele>131.8</ele>
                <extensions>
                    <osmand:speed>9.7</osmand:speed>
                </extensions>
            </trkpt>
            <trkpt lat="-39.6208897" lon="-72.2394016">
                <ele>131.5</ele>
                <extensions>
                    <osmand:speed>9.7</osmand:speed>
                </extensions>
            </trkpt>
            <trkpt lat="-39.6199207" lon="-72.2388573">
                <ele>132.5</ele>
                <extensions>
                    <osmand:speed>9.7</osmand:speed>
                </extensions>
            </trkpt>
            <trkpt lat="-39.6193732" lon="-72.2384092">
                <ele>133.3</ele>
                <extensions>
                    <osmand:speed>9.7</osmand:speed>
                </extensions>
            </trkpt>
            <trkpt lat="-39.619274" lon="-72.2383289">
                <ele>133.5</ele>
                <extensions>
                    <osmand:speed>9.7</osmand:speed>
                </extensions>
            </trkpt>
            <trkpt lat="-39.6186294" lon="-72.2376289">
                <ele>132</ele>
                <extensions>
                    <osmand:speed>9.7</osmand:speed>
                </extensions>
            </trkpt>
            <trkpt lat="-39.6177678" lon="-72.2373819">
                <ele>131.5</ele>
                <extensions>
                    <osmand:speed>9.7</osmand:speed>
                </extensions>
            </trkpt>
            <trkpt lat="-39.6169663" lon="-72.2373658">
                <ele>132.8</ele>
                <extensions>
                    <osmand:speed>9.7</osmand:speed>
                </extensions>
            </trkpt>
            <trkpt lat="-39.6152183" lon="-72.2371488">
                <ele>135.5</ele>
                <extensions>
                    <osmand:speed>9.7</osmand:speed>
                </extensions>
            </trkpt>
            <trkpt lat="-39.6147637" lon="-72.2373338">
                <ele>135.8</ele>
                <extensions>
                    <osmand:speed>9.7</osmand:speed>
                </extensions>
            </trkpt>
            <trkpt lat="-39.6143918" lon="-72.2377549">
                <ele>135.5</ele>
                <extensions>
                    <osmand:speed>9.7</osmand:speed>
                </extensions>
            </trkpt>
            <trkpt lat="-39.6141046" lon="-72.2378622">
                <ele>136.5</ele>
                <extensions>
                    <osmand:speed>9.7</osmand:speed>
                </extensions>
            </trkpt>
            <trkpt lat="-39.6133752" lon="-72.2378005">
                <ele>137.2</ele>
                <extensions>
                    <osmand:speed>9.7</osmand:speed>
                </extensions>
            </trkpt>
            <trkpt lat="-39.6127758" lon="-72.2375509">
                <ele>137.5</ele>
                <extensions>
                    <osmand:speed>9.7</osmand:speed>
                </extensions>
            </trkpt>
            <trkpt lat="-39.6114597" lon="-72.2362366">
                <ele>139</ele>
                <extensions>
                    <osmand:speed>16.4</osmand:speed>
                </extensions>
            </trkpt>
            <trkpt lat="-39.6120321" lon="-72.2357887">
                <ele>137.2</ele>
                <extensions>
                    <osmand:speed>16.4</osmand:speed>
                </extensions>
            </trkpt>
            <trkpt lat="-39.6121974" lon="-72.2356626">
                <ele>136.8</ele>
                <extensions>
                    <osmand:speed>16.4</osmand:speed>
                </extensions>
            </trkpt>
            <trkpt lat="-39.6122904" lon="-72.2355768">
                <ele>136.2</ele>
                <extensions>
                    <osmand:speed>16.4</osmand:speed>
                </extensions>
            </trkpt>
            <trkpt lat="-39.6123813" lon="-72.2354911">
                <ele>135.8</ele>
                <extensions>
                    <osmand:speed>16.4</osmand:speed>
                </extensions>
            </trkpt>
            <trkpt lat="-39.6124762" lon="-72.2353892">
                <ele>135.8</ele>
                <extensions>
                    <osmand:speed>16.4</osmand:speed>
                </extensions>
            </trkpt>
            <trkpt lat="-39.6125528" lon="-72.2352871">
                <ele>135.8</ele>
                <extensions>
                    <osmand:speed>16.4</osmand:speed>
                </extensions>
            </trkpt>
            <trkpt lat="-39.6126334" lon="-72.2351637">
                <ele>135.8</ele>
                <extensions>
                    <osmand:speed>16.4</osmand:speed>
                </extensions>
            </trkpt>
            <trkpt lat="-39.6127057" lon="-72.235035">
                <ele>135.9</ele>
                <extensions>
                    <osmand:speed>16.4</osmand:speed>
                </extensions>
            </trkpt>
            <trkpt lat="-39.6127696" lon="-72.2348876">
                <ele>135.9</ele>
                <extensions>
                    <osmand:speed>16.4</osmand:speed>
                </extensions>
            </trkpt>
            <trkpt lat="-39.6128235" lon="-72.2347453">
                <ele>135.9</ele>
                <extensions>
                    <osmand:speed>16.4</osmand:speed>
                </extensions>
            </trkpt>
            <trkpt lat="-39.6128648" lon="-72.2346141">
                <ele>135.9</ele>
                <extensions>
                    <osmand:speed>16.4</osmand:speed>
                </extensions>
            </trkpt>
            <trkpt lat="-39.6128958" lon="-72.2344717">
                <ele>136</ele>
                <extensions>
                    <osmand:speed>16.4</osmand:speed>
                </extensions>
            </trkpt>
            <trkpt lat="-39.6129246" lon="-72.2343163">
                <ele>136</ele>
                <extensions>
                    <osmand:speed>16.4</osmand:speed>
                </extensions>
            </trkpt>
            <trkpt lat="-39.6129411" lon="-72.2341635">
                <ele>136.5</ele>
                <extensions>
                    <osmand:speed>16.4</osmand:speed>
                </extensions>
            </trkpt>
            <trkpt lat="-39.6129494" lon="-72.2340077">
                <ele>136.4</ele>
                <extensions>
                    <osmand:speed>16.4</osmand:speed>
                </extensions>
            </trkpt>
            <trkpt lat="-39.6129454" lon="-72.2338496">
                <ele>136.2</ele>
                <extensions>
                    <osmand:speed>16.4</osmand:speed>
                </extensions>
            </trkpt>
            <trkpt lat="-39.612937" lon="-72.2337207">
                <ele>136.1</ele>
                <extensions>
                    <osmand:speed>16.4</osmand:speed>
                </extensions>
            </trkpt>
            <trkpt lat="-39.6129184" lon="-72.2335866">
                <ele>135.9</ele>
                <extensions>
                    <osmand:speed>16.4</osmand:speed>
                </extensions>
            </trkpt>
            <trkpt lat="-39.6128834" lon="-72.2333881">
                <ele>135.8</ele>
                <extensions>
                    <osmand:speed>16.4</osmand:speed>
                </extensions>
            </trkpt>
            <trkpt lat="-39.6128338" lon="-72.2331789">
                <ele>135.5</ele>
                <extensions>
                    <osmand:speed>16.4</osmand:speed>
                </extensions>
            </trkpt>
            <trkpt lat="-39.6125299" lon="-72.2321625">
                <ele>135.5</ele>
                <extensions>
                    <osmand:speed>16.4</osmand:speed>
                </extensions>
            </trkpt>
            <trkpt lat="-39.612185" lon="-72.2311352">
                <ele>136</ele>
                <extensions>
                    <osmand:speed>18.9</osmand:speed>
                </extensions>
            </trkpt>
            <trkpt lat="-39.6121044" lon="-72.2308804">
                <ele>136.2</ele>
                <extensions>
                    <osmand:speed>18.9</osmand:speed>
                </extensions>
            </trkpt>
            <trkpt lat="-39.6120259" lon="-72.2305773">
                <ele>137</ele>
                <extensions>
                    <osmand:speed>18.9</osmand:speed>
                </extensions>
            </trkpt>
            <trkpt lat="-39.612003" lon="-72.2304432">
                <ele>137.5</ele>
                <extensions>
                    <osmand:speed>18.9</osmand:speed>
                </extensions>
            </trkpt>
            <trkpt lat="-39.6119865" lon="-72.2303064">
                <ele>138</ele>
                <extensions>
                    <osmand:speed>18.9</osmand:speed>
                </extensions>
            </trkpt>
            <trkpt lat="-39.6119803" lon="-72.230167">
                <ele>138.5</ele>
                <extensions>
                    <osmand:speed>18.9</osmand:speed>
                </extensions>
            </trkpt>
            <trkpt lat="-39.6119803" lon="-72.2300273">
                <ele>138.8</ele>
                <extensions>
                    <osmand:speed>18.9</osmand:speed>
                </extensions>
            </trkpt>
            <trkpt lat="-39.6119906" lon="-72.2298637">
                <ele>139</ele>
                <extensions>
                    <osmand:speed>9.7</osmand:speed>
                </extensions>
            </trkpt>
            <trkpt lat="-39.6118377" lon="-72.2298692">
                <ele>139.5</ele>
                <extensions>
                    <osmand:speed>9.7</osmand:speed>
                </extensions>
            </trkpt>
            <trkpt lat="-39.611193" lon="-72.2298905">
                <ele>140</ele>
                <extensions>
                    <osmand:speed>9.7</osmand:speed>
                </extensions>
            </trkpt>
            <trkpt lat="-39.6093333" lon="-72.2299656">
                <ele>142.5</ele>
                <extensions>
                    <osmand:speed>9.7</osmand:speed>
                </extensions>
            </trkpt>
            <trkpt lat="-39.609044" lon="-72.2299765">
                <ele>142.6</ele>
                <extensions>
                    <osmand:speed>9.7</osmand:speed>
                </extensions>
            </trkpt>
            <trkpt lat="-39.6089408" lon="-72.2299577">
                <ele>142.7</ele>
                <extensions>
                    <osmand:speed>9.7</osmand:speed>
                </extensions>
            </trkpt>
            <trkpt lat="-39.6088332" lon="-72.2299282">
                <ele>142.7</ele>
                <extensions>
                    <osmand:speed>9.7</osmand:speed>
                </extensions>
            </trkpt>
            <trkpt lat="-39.6087278" lon="-72.2298826">
                <ele>142.8</ele>
                <extensions>
                    <osmand:speed>9.7</osmand:speed>
                </extensions>
            </trkpt>
            <trkpt lat="-39.6085935" lon="-72.229802">
                <ele>143</ele>
                <extensions>
                    <osmand:speed>9.7</osmand:speed>
                </extensions>
            </trkpt>
            <trkpt lat="-39.608484" lon="-72.2297269">
                <ele>143.2</ele>
                <extensions>
                    <osmand:speed>9.7</osmand:speed>
                </extensions>
            </trkpt>
            <trkpt lat="-39.608391" lon="-72.2296357">
                <ele>143.5</ele>
                <extensions>
                    <osmand:speed>9.7</osmand:speed>
                </extensions>
            </trkpt>
            <trkpt lat="-39.6082961" lon="-72.2295311">
                <ele>143.8</ele>
                <extensions>
                    <osmand:speed>9.7</osmand:speed>
                </extensions>
            </trkpt>
            <trkpt lat="-39.6078952" lon="-72.2289866">
                <ele>147</ele>
                <extensions>
                    <osmand:speed>9.7</osmand:speed>
                </extensions>
            </trkpt>
            <trkpt lat="-39.6075191" lon="-72.2284421">
                <ele>150.5</ele>
                <extensions>
                    <osmand:speed>9.7</osmand:speed>
                </extensions>
            </trkpt>
            <trkpt lat="-39.6073848" lon="-72.2282651">
                <ele>151.8</ele>
                <extensions>
                    <osmand:speed>9.7</osmand:speed>
                </extensions>
            </trkpt>
            <trkpt lat="-39.6073042" lon="-72.2281605">
                <ele>152.5</ele>
                <extensions>
                    <osmand:speed>9.7</osmand:speed>
                </extensions>
            </trkpt>
            <trkpt lat="-39.607236" lon="-72.2280561">
                <ele>153</ele>
                <extensions>
                    <osmand:speed>9.7</osmand:speed>
                </extensions>
            </trkpt>
            <trkpt lat="-39.6069383" lon="-72.2275625">
                <ele>152.3</ele>
                <extensions>
                    <osmand:speed>9.7</osmand:speed>
                </extensions>
            </trkpt>
            <trkpt lat="-39.6067917" lon="-72.2273238">
                <ele>152</ele>
                <extensions>
                    <osmand:speed>9.7</osmand:speed>
                </extensions>
            </trkpt>
            <trkpt lat="-39.6067256" lon="-72.227246">
                <ele>151.2</ele>
                <extensions>
                    <osmand:speed>9.7</osmand:speed>
                </extensions>
            </trkpt>
            <trkpt lat="-39.6066636" lon="-72.2271978">
                <ele>150.5</ele>
                <extensions>
                    <osmand:speed>9.7</osmand:speed>
                </extensions>
            </trkpt>
            <trkpt lat="-39.6065644" lon="-72.2271548">
                <ele>149</ele>
                <extensions>
                    <osmand:speed>9.7</osmand:speed>
                </extensions>
            </trkpt>
            <trkpt lat="-39.6064363" lon="-72.227128">
                <ele>147</ele>
                <extensions>
                    <osmand:speed>9.7</osmand:speed>
                </extensions>
            </trkpt>
            <trkpt lat="-39.6062584" lon="-72.2271066">
                <ele>144.8</ele>
                <extensions>
                    <osmand:speed>9.7</osmand:speed>
                </extensions>
            </trkpt>
            <trkpt lat="-39.6061964" lon="-72.2270849">
                <ele>144.2</ele>
                <extensions>
                    <osmand:speed>9.7</osmand:speed>
                </extensions>
            </trkpt>
            <trkpt lat="-39.6061468" lon="-72.2270315">
                <ele>144</ele>
                <extensions>
                    <osmand:speed>9.7</osmand:speed>
                </extensions>
            </trkpt>
            <trkpt lat="-39.6060581" lon="-72.2269295">
                <ele>143.2</ele>
                <extensions>
                    <osmand:speed>9.7</osmand:speed>
                </extensions>
            </trkpt>
            <trkpt lat="-39.6059796" lon="-72.2268033">
                <ele>142.8</ele>
                <extensions>
                    <osmand:speed>9.7</osmand:speed>
                </extensions>
            </trkpt>
            <trkpt lat="-39.6058224" lon="-72.2265136">
                <ele>143</ele>
                <extensions>
                    <osmand:speed>9.7</osmand:speed>
                </extensions>
            </trkpt>
            <trkpt lat="-39.6056839" lon="-72.2261971">
                <ele>143.8</ele>
                <extensions>
                    <osmand:speed>9.7</osmand:speed>
                </extensions>
            </trkpt>
            <trkpt lat="-39.6053347" lon="-72.225449">
                <ele>143.5</ele>
                <extensions>
                    <osmand:speed>9.7</osmand:speed>
                </extensions>
            </trkpt>
            <trkpt lat="-39.6052768" lon="-72.2252905">
                <ele>143.2</ele>
                <extensions>
                    <osmand:speed>9.7</osmand:speed>
                </extensions>
            </trkpt>
            <trkpt lat="-39.6052563" lon="-72.2251752">
                <ele>142.8</ele>
                <extensions>
                    <osmand:speed>9.7</osmand:speed>
                </extensions>
            </trkpt>
            <trkpt lat="-39.6052315" lon="-72.2249554">
                <ele>142</ele>
                <extensions>
                    <osmand:speed>9.7</osmand:speed>
                </extensions>
            </trkpt>
            <trkpt lat="-39.6052129" lon="-72.2246684">
                <ele>141.2</ele>
                <extensions>
                    <osmand:speed>9.7</osmand:speed>
                </extensions>
            </trkpt>
            <trkpt lat="-39.6051673" lon="-72.2242178">
                <ele>140.5</ele>
                <extensions>
                    <osmand:speed>9.7</osmand:speed>
                </extensions>
            </trkpt>
            <trkpt lat="-39.6051509" lon="-72.2240433">
                <ele>140.9</ele>
                <extensions>
                    <osmand:speed>9.7</osmand:speed>
                </extensions>
            </trkpt>
            <trkpt lat="-39.6051571" lon="-72.2238986">
                <ele>141.2</ele>
                <extensions>
                    <osmand:speed>9.7</osmand:speed>
                </extensions>
            </trkpt>
            <trkpt lat="-39.6051776" lon="-72.2236946">
                <ele>142.5</ele>
                <extensions>
                    <osmand:speed>9.7</osmand:speed>
                </extensions>
            </trkpt>
            <trkpt lat="-39.6051735" lon="-72.2235204">
                <ele>143.5</ele>
                <extensions>
                    <osmand:speed>9.7</osmand:speed>
                </extensions>
            </trkpt>
            <trkpt lat="-39.6051549" lon="-72.2232925">
                <ele>144.5</ele>
                <extensions>
                    <osmand:speed>9.7</osmand:speed>
                </extensions>
            </trkpt>
            <trkpt lat="-39.6051301" lon="-72.2231288">
                <ele>145.8</ele>
                <extensions>
                    <osmand:speed>9.7</osmand:speed>
                </extensions>
            </trkpt>
            <trkpt lat="-39.6051053" lon="-72.2230537">
                <ele>146.2</ele>
                <extensions>
                    <osmand:speed>9.7</osmand:speed>
                </extensions>
            </trkpt>
            <trkpt lat="-39.6050641" lon="-72.2229491">
                <ele>146.5</ele>
                <extensions>
                    <osmand:speed>9.7</osmand:speed>
                </extensions>
            </trkpt>
            <trkpt lat="-39.6048904" lon="-72.2226916">
                <ele>146.7</ele>
                <extensions>
                    <osmand:speed>9.7</osmand:speed>
                </extensions>
            </trkpt>
            <trkpt lat="-39.6048346" lon="-72.2225949">
                <ele>146.8</ele>
                <extensions>
                    <osmand:speed>9.7</osmand:speed>
                </extensions>
            </trkpt>
            <trkpt lat="-39.604816" lon="-72.2225093">
                <ele>147</ele>
                <extensions>
                    <osmand:speed>9.7</osmand:speed>
                </extensions>
            </trkpt>
            <trkpt lat="-39.6048284" lon="-72.2224046">
                <ele>146.9</ele>
                <extensions>
                    <osmand:speed>9.7</osmand:speed>
                </extensions>
            </trkpt>
            <trkpt lat="-39.6048697" lon="-72.2222115">
                <ele>146.8</ele>
                <extensions>
                    <osmand:speed>9.7</osmand:speed>
                </extensions>
            </trkpt>
            <trkpt lat="-39.6048966" lon="-72.2220721">
                <ele>146.2</ele>
                <extensions>
                    <osmand:speed>9.7</osmand:speed>
                </extensions>
            </trkpt>
            <trkpt lat="-39.6049028" lon="-72.2219592">
                <ele>145.8</ele>
                <extensions>
                    <osmand:speed>9.7</osmand:speed>
                </extensions>
            </trkpt>
            <trkpt lat="-39.6048864" lon="-72.2218923">
                <ele>145.8</ele>
                <extensions>
                    <osmand:speed>9.7</osmand:speed>
                </extensions>
            </trkpt>
            <trkpt lat="-39.6048492" lon="-72.2217929">
                <ele>146</ele>
                <extensions>
                    <osmand:speed>9.7</osmand:speed>
                </extensions>
            </trkpt>
            <trkpt lat="-39.6047748" lon="-72.2216483">
                <ele>146.2</ele>
                <extensions>
                    <osmand:speed>9.7</osmand:speed>
                </extensions>
            </trkpt>
            <trkpt lat="-39.604688" lon="-72.2215276">
                <ele>146.5</ele>
                <extensions>
                    <osmand:speed>9.7</osmand:speed>
                </extensions>
            </trkpt>
            <trkpt lat="-39.604599" lon="-72.2214335">
                <ele>147</ele>
                <extensions>
                    <osmand:speed>9.7</osmand:speed>
                </extensions>
            </trkpt>
            <trkpt lat="-39.6043904" lon="-72.2211921">
                <ele>148.8</ele>
                <extensions>
                    <osmand:speed>9.7</osmand:speed>
                </extensions>
            </trkpt>
            <trkpt lat="-39.604289" lon="-72.2210553">
                <ele>149</ele>
                <extensions>
                    <osmand:speed>9.7</osmand:speed>
                </extensions>
            </trkpt>
            <trkpt lat="-39.6042105" lon="-72.2209268">
                <ele>149.2</ele>
                <extensions>
                    <osmand:speed>9.7</osmand:speed>
                </extensions>
            </trkpt>
            <trkpt lat="-39.6041631" lon="-72.2208032">
                <ele>149.5</ele>
                <extensions>
                    <osmand:speed>9.7</osmand:speed>
                </extensions>
            </trkpt>
            <trkpt lat="-39.6041445" lon="-72.2207497">
                <ele>149.8</ele>
                <extensions>
                    <osmand:speed>9.7</osmand:speed>
                </extensions>
            </trkpt>
            <trkpt lat="-39.6040989" lon="-72.2205834">
                <ele>150.5</ele>
                <extensions>
                    <osmand:speed>9.7</osmand:speed>
                </extensions>
            </trkpt>
            <trkpt lat="-39.6040493" lon="-72.2204037">
                <ele>150.8</ele>
                <extensions>
                    <osmand:speed>9.7</osmand:speed>
                </extensions>
            </trkpt>
            <trkpt lat="-39.6040267" lon="-72.2202587">
                <ele>150.9</ele>
                <extensions>
                    <osmand:speed>9.7</osmand:speed>
                </extensions>
            </trkpt>
            <trkpt lat="-39.6040102" lon="-72.2200575">
                <ele>151</ele>
                <extensions>
                    <osmand:speed>9.7</osmand:speed>
                </extensions>
            </trkpt>
            <trkpt lat="-39.6039833" lon="-72.2196069">
                <ele>151.3</ele>
                <extensions>
                    <osmand:speed>9.7</osmand:speed>
                </extensions>
            </trkpt>
            <trkpt lat="-39.6039873" lon="-72.2193872">
                <ele>151.5</ele>
                <extensions>
                    <osmand:speed>9.7</osmand:speed>
                </extensions>
            </trkpt>
            <trkpt lat="-39.6040121" lon="-72.2191885">
                <ele>151.8</ele>
                <extensions>
                    <osmand:speed>9.7</osmand:speed>
                </extensions>
            </trkpt>
            <trkpt lat="-39.6040391" lon="-72.2190573">
                <ele>151.9</ele>
                <extensions>
                    <osmand:speed>9.7</osmand:speed>
                </extensions>
            </trkpt>
            <trkpt lat="-39.6040825" lon="-72.2189149">
                <ele>152.1</ele>
                <extensions>
                    <osmand:speed>9.7</osmand:speed>
                </extensions>
            </trkpt>
            <trkpt lat="-39.6041464" lon="-72.2187459">
                <ele>152.2</ele>
                <extensions>
                    <osmand:speed>9.7</osmand:speed>
                </extensions>
            </trkpt>
            <trkpt lat="-39.6042084" lon="-72.2185584">
                <ele>152.8</ele>
                <extensions>
                    <osmand:speed>9.7</osmand:speed>
                </extensions>
            </trkpt>
            <trkpt lat="-39.6042477" lon="-72.2184294">
                <ele>152.9</ele>
                <extensions>
                    <osmand:speed>9.7</osmand:speed>
                </extensions>
            </trkpt>
            <trkpt lat="-39.6042787" lon="-72.2182472">
                <ele>153.1</ele>
                <extensions>
                    <osmand:speed>9.7</osmand:speed>
                </extensions>
            </trkpt>
            <trkpt lat="-39.6042933" lon="-72.2180566">
                <ele>153.2</ele>
                <extensions>
                    <osmand:speed>9.7</osmand:speed>
                </extensions>
            </trkpt>
            <trkpt lat="-39.6042995" lon="-72.2178529">
                <ele>153.4</ele>
                <extensions>
                    <osmand:speed>9.7</osmand:speed>
                </extensions>
            </trkpt>
            <trkpt lat="-39.6042871" lon="-72.2177027">
                <ele>153.6</ele>
                <extensions>
                    <osmand:speed>9.7</osmand:speed>
                </extensions>
            </trkpt>
            <trkpt lat="-39.6042663" lon="-72.2175928">
                <ele>153.7</ele>
                <extensions>
                    <osmand:speed>9.7</osmand:speed>
                </extensions>
            </trkpt>
            <trkpt lat="-39.6042146" lon="-72.2174692">
                <ele>153.8</ele>
                <extensions>
                    <osmand:speed>9.7</osmand:speed>
                </extensions>
            </trkpt>
            <trkpt lat="-39.604035" lon="-72.2170697">
                <ele>154.2</ele>
                <extensions>
                    <osmand:speed>9.7</osmand:speed>
                </extensions>
            </trkpt>
            <trkpt lat="-39.6040081" lon="-72.2169998">
                <ele>154.5</ele>
                <extensions>
                    <osmand:speed>9.7</osmand:speed>
                </extensions>
            </trkpt>
            <trkpt lat="-39.6039315" lon="-72.2167772">
                <ele>155.5</ele>
                <extensions>
                    <osmand:speed>9.7</osmand:speed>
                </extensions>
            </trkpt>
            <trkpt lat="-39.6038738" lon="-72.2165413">
                <ele>156</ele>
                <extensions>
                    <osmand:speed>9.7</osmand:speed>
                </extensions>
            </trkpt>
            <trkpt lat="-39.6038035" lon="-72.2161336">
                <ele>156.1</ele>
                <extensions>
                    <osmand:speed>9.7</osmand:speed>
                </extensions>
            </trkpt>
            <trkpt lat="-39.6037889" lon="-72.2158545">
                <ele>156.1</ele>
                <extensions>
                    <osmand:speed>9.7</osmand:speed>
                </extensions>
            </trkpt>
            <trkpt lat="-39.6038035" lon="-72.2155945">
                <ele>156.1</ele>
                <extensions>
                    <osmand:speed>9.7</osmand:speed>
                </extensions>
            </trkpt>
            <trkpt lat="-39.6038075" lon="-72.2155328">
                <ele>156.1</ele>
                <extensions>
                    <osmand:speed>9.7</osmand:speed>
                </extensions>
            </trkpt>
            <trkpt lat="-39.6038304" lon="-72.2152966">
                <ele>156.2</ele>
                <extensions>
                    <osmand:speed>9.7</osmand:speed>
                </extensions>
            </trkpt>
            <trkpt lat="-39.6039234" lon="-72.214846">
                <ele>156.2</ele>
                <extensions>
                    <osmand:speed>9.7</osmand:speed>
                </extensions>
            </trkpt>
            <trkpt lat="-39.6040267" lon="-72.2145268">
                <ele>157.5</ele>
                <extensions>
                    <osmand:speed>9.7</osmand:speed>
                </extensions>
            </trkpt>
            <trkpt lat="-39.6041569" lon="-72.2142346">
                <ele>158.8</ele>
                <extensions>
                    <osmand:speed>9.7</osmand:speed>
                </extensions>
            </trkpt>
            <trkpt lat="-39.6042828" lon="-72.213985">
                <ele>159.2</ele>
                <extensions>
                    <osmand:speed>9.7</osmand:speed>
                </extensions>
            </trkpt>
            <trkpt lat="-39.6043469" lon="-72.2138965">
                <ele>159</ele>
                <extensions>
                    <osmand:speed>9.7</osmand:speed>
                </extensions>
            </trkpt>
            <trkpt lat="-39.6044028" lon="-72.2138616">
                <ele>159</ele>
                <extensions>
                    <osmand:speed>9.7</osmand:speed>
                </extensions>
            </trkpt>
            <trkpt lat="-39.6044648" lon="-72.2138564">
                <ele>158.9</ele>
                <extensions>
                    <osmand:speed>9.7</osmand:speed>
                </extensions>
            </trkpt>
            <trkpt lat="-39.6045599" lon="-72.2138831">
                <ele>158.9</ele>
                <extensions>
                    <osmand:speed>9.7</osmand:speed>
                </extensions>
            </trkpt>
            <trkpt lat="-39.6047106" lon="-72.2139394">
                <ele>158.8</ele>
                <extensions>
                    <osmand:speed>9.7</osmand:speed>
                </extensions>
            </trkpt>
            <trkpt lat="-39.6053657" lon="-72.214154">
                <ele>159</ele>
                <extensions>
                    <osmand:speed>9.7</osmand:speed>
                </extensions>
            </trkpt>
            <trkpt lat="-39.6060373" lon="-72.2144009">
                <ele>159.2</ele>
                <extensions>
                    <osmand:speed>9.7</osmand:speed>
                </extensions>
            </trkpt>
            <trkpt lat="-39.6060972" lon="-72.2144009">
                <ele>159.5</ele>
                <extensions>
                    <osmand:speed>9.7</osmand:speed>
                </extensions>
            </trkpt>
            <trkpt lat="-39.6061716" lon="-72.2143739">
                <ele>160.2</ele>
                <extensions>
                    <osmand:speed>9.7</osmand:speed>
                </extensions>
            </trkpt>
            <trkpt lat="-39.6062274" lon="-72.2143149">
                <ele>161</ele>
                <extensions>
                    <osmand:speed>9.7</osmand:speed>
                </extensions>
            </trkpt>
            <trkpt lat="-39.6063991" lon="-72.2140038">
                <ele>163</ele>
                <extensions>
                    <osmand:speed>9.7</osmand:speed>
                </extensions>
            </trkpt>
            <trkpt lat="-39.6064692" lon="-72.2138404">
                <ele>164.2</ele>
                <extensions>
                    <osmand:speed>9.7</osmand:speed>
                </extensions>
            </trkpt>
            <trkpt lat="-39.6065229" lon="-72.2136606">
                <ele>165.2</ele>
                <extensions>
                    <osmand:speed>9.7</osmand:speed>
                </extensions>
            </trkpt>
            <trkpt lat="-39.6065396" lon="-72.213521">
                <ele>165.5</ele>
                <extensions>
                    <osmand:speed>9.7</osmand:speed>
                </extensions>
            </trkpt>
            <trkpt lat="-39.6065498" lon="-72.2133386">
                <ele>165.7</ele>
                <extensions>
                    <osmand:speed>9.7</osmand:speed>
                </extensions>
            </trkpt>
            <trkpt lat="-39.6065374" lon="-72.2131133">
                <ele>166</ele>
                <extensions>
                    <osmand:speed>9.7</osmand:speed>
                </extensions>
            </trkpt>
            <trkpt lat="-39.6064692" lon="-72.2125527">
                <ele>165</ele>
                <extensions>
                    <osmand:speed>9.7</osmand:speed>
                </extensions>
            </trkpt>
            <trkpt lat="-39.6064134" lon="-72.2120942">
                <ele>163.8</ele>
                <extensions>
                    <osmand:speed>9.7</osmand:speed>
                </extensions>
            </trkpt>
            <trkpt lat="-39.6063846" lon="-72.2119358">
                <ele>163.5</ele>
                <extensions>
                    <osmand:speed>9.7</osmand:speed>
                </extensions>
            </trkpt>
            <trkpt lat="-39.6062854" lon="-72.2114586">
                <ele>163.6</ele>
                <extensions>
                    <osmand:speed>9.7</osmand:speed>
                </extensions>
            </trkpt>
            <trkpt lat="-39.6062088" lon="-72.2111821">
                <ele>163.6</ele>
                <extensions>
                    <osmand:speed>9.7</osmand:speed>
                </extensions>
            </trkpt>
            <trkpt lat="-39.6060395" lon="-72.2106403">
                <ele>163.7</ele>
                <extensions>
                    <osmand:speed>9.7</osmand:speed>
                </extensions>
            </trkpt>
            <trkpt lat="-39.6060249" lon="-72.2105598">
                <ele>163.8</ele>
                <extensions>
                    <osmand:speed>9.7</osmand:speed>
                </extensions>
            </trkpt>
            <trkpt lat="-39.6060187" lon="-72.2104795">
                <ele>164.2</ele>
                <extensions>
                    <osmand:speed>9.7</osmand:speed>
                </extensions>
            </trkpt>
            <trkpt lat="-39.6060187" lon="-72.2103962">
                <ele>164.8</ele>
                <extensions>
                    <osmand:speed>9.7</osmand:speed>
                </extensions>
            </trkpt>
            <trkpt lat="-39.6060249" lon="-72.2103025">
                <ele>165.5</ele>
                <extensions>
                    <osmand:speed>9.7</osmand:speed>
                </extensions>
            </trkpt>
            <trkpt lat="-39.6060373" lon="-72.2102113">
                <ele>166.2</ele>
                <extensions>
                    <osmand:speed>9.7</osmand:speed>
                </extensions>
            </trkpt>
            <trkpt lat="-39.6060581" lon="-72.2101226">
                <ele>166</ele>
                <extensions>
                    <osmand:speed>9.7</osmand:speed>
                </extensions>
            </trkpt>
            <trkpt lat="-39.6064714" lon="-72.2082263">
                <ele>170.2</ele>
                <extensions>
                    <osmand:speed>9.7</osmand:speed>
                </extensions>
            </trkpt>
            <trkpt lat="-39.60649" lon="-72.2081755">
                <ele>170.3</ele>
                <extensions>
                    <osmand:speed>9.7</osmand:speed>
                </extensions>
            </trkpt>
            <trkpt lat="-39.6065148" lon="-72.2081299">
                <ele>170.3</ele>
                <extensions>
                    <osmand:speed>9.7</osmand:speed>
                </extensions>
            </trkpt>
            <trkpt lat="-39.6065436" lon="-72.2080895">
                <ele>170.3</ele>
                <extensions>
                    <osmand:speed>9.7</osmand:speed>
                </extensions>
            </trkpt>
            <trkpt lat="-39.6065787" lon="-72.2080573">
                <ele>170.3</ele>
                <extensions>
                    <osmand:speed>9.7</osmand:speed>
                </extensions>
            </trkpt>
            <trkpt lat="-39.606614" lon="-72.2080332">
                <ele>170.4</ele>
                <extensions>
                    <osmand:speed>9.7</osmand:speed>
                </extensions>
            </trkpt>
            <trkpt lat="-39.6066491" lon="-72.20802">
                <ele>170.4</ele>
                <extensions>
                    <osmand:speed>9.7</osmand:speed>
                </extensions>
            </trkpt>
            <trkpt lat="-39.6066863" lon="-72.2080117">
                <ele>170.4</ele>
                <extensions>
                    <osmand:speed>9.7</osmand:speed>
                </extensions>
            </trkpt>
            <trkpt lat="-39.6067256" lon="-72.2080144">
                <ele>170.4</ele>
                <extensions>
                    <osmand:speed>9.7</osmand:speed>
                </extensions>
            </trkpt>
            <trkpt lat="-39.6068804" lon="-72.2080144">
                <ele>170.5</ele>
                <extensions>
                    <osmand:speed>9.7</osmand:speed>
                </extensions>
            </trkpt>
            <trkpt lat="-39.6070645" lon="-72.2080117">
                <ele>171.2</ele>
                <extensions>
                    <osmand:speed>9.7</osmand:speed>
                </extensions>
            </trkpt>
            <trkpt lat="-39.6076369" lon="-72.2080521">
                <ele>172.2</ele>
                <extensions>
                    <osmand:speed>9.7</osmand:speed>
                </extensions>
            </trkpt>
            <trkpt lat="-39.6077733" lon="-72.20806">
                <ele>172.5</ele>
                <extensions>
                    <osmand:speed>9.7</osmand:speed>
                </extensions>
            </trkpt>
            <trkpt lat="-39.6079076" lon="-72.20806">
                <ele>172.6</ele>
                <extensions>
                    <osmand:speed>9.7</osmand:speed>
                </extensions>
            </trkpt>
            <trkpt lat="-39.608044" lon="-72.2080439">
                <ele>172.8</ele>
                <extensions>
                    <osmand:speed>9.7</osmand:speed>
                </extensions>
            </trkpt>
            <trkpt lat="-39.6081492" lon="-72.2080253">
                <ele>173.2</ele>
                <extensions>
                    <osmand:speed>9.7</osmand:speed>
                </extensions>
            </trkpt>
            <trkpt lat="-39.6082568" lon="-72.2079958">
                <ele>173.8</ele>
                <extensions>
                    <osmand:speed>9.7</osmand:speed>
                </extensions>
            </trkpt>
            <trkpt lat="-39.6083622" lon="-72.207961">
                <ele>174.2</ele>
                <extensions>
                    <osmand:speed>9.7</osmand:speed>
                </extensions>
            </trkpt>
            <trkpt lat="-39.6084633" lon="-72.207918">
                <ele>174.8</ele>
                <extensions>
                    <osmand:speed>9.7</osmand:speed>
                </extensions>
            </trkpt>
            <trkpt lat="-39.6094512" lon="-72.2075745">
                <ele>183.5</ele>
                <extensions>
                    <osmand:speed>9.7</osmand:speed>
                </extensions>
            </trkpt>
            <trkpt lat="-39.609507" lon="-72.2075559">
                <ele>184.2</ele>
                <extensions>
                    <osmand:speed>9.7</osmand:speed>
                </extensions>
            </trkpt>
            <trkpt lat="-39.6095585" lon="-72.2075289">
                <ele>185</ele>
                <extensions>
                    <osmand:speed>9.7</osmand:speed>
                </extensions>
            </trkpt>
            <trkpt lat="-39.6096081" lon="-72.2074942">
                <ele>185.8</ele>
                <extensions>
                    <osmand:speed>9.7</osmand:speed>
                </extensions>
            </trkpt>
            <trkpt lat="-39.6096558" lon="-72.2074513">
                <ele>186.5</ele>
                <extensions>
                    <osmand:speed>9.7</osmand:speed>
                </extensions>
            </trkpt>
            <trkpt lat="-39.6096971" lon="-72.2073975">
                <ele>187</ele>
                <extensions>
                    <osmand:speed>9.7</osmand:speed>
                </extensions>
            </trkpt>
            <trkpt lat="-39.6097343" lon="-72.2073385">
                <ele>187.5</ele>
                <extensions>
                    <osmand:speed>9.7</osmand:speed>
                </extensions>
            </trkpt>
            <trkpt lat="-39.6097631" lon="-72.2072741">
                <ele>187.8</ele>
                <extensions>
                    <osmand:speed>9.7</osmand:speed>
                </extensions>
            </trkpt>
            <trkpt lat="-39.6098335" lon="-72.207167">
                <ele>188.8</ele>
                <extensions>
                    <osmand:speed>9.7</osmand:speed>
                </extensions>
            </trkpt>
            <trkpt lat="-39.6101476" lon="-72.2065097">
                <ele>192.5</ele>
                <extensions>
                    <osmand:speed>9.7</osmand:speed>
                </extensions>
            </trkpt>
            <trkpt lat="-39.6101991" lon="-72.2064051">
                <ele>193.2</ele>
                <extensions>
                    <osmand:speed>9.7</osmand:speed>
                </extensions>
            </trkpt>
            <trkpt lat="-39.610259" lon="-72.206306">
                <ele>194</ele>
                <extensions>
                    <osmand:speed>9.7</osmand:speed>
                </extensions>
            </trkpt>
            <trkpt lat="-39.6103253" lon="-72.2062093">
                <ele>195</ele>
                <extensions>
                    <osmand:speed>9.7</osmand:speed>
                </extensions>
            </trkpt>
            <trkpt lat="-39.6103852" lon="-72.2061342">
                <ele>196</ele>
                <extensions>
                    <osmand:speed>9.7</osmand:speed>
                </extensions>
            </trkpt>
            <trkpt lat="-39.6104512" lon="-72.2060646">
                <ele>197</ele>
                <extensions>
                    <osmand:speed>9.7</osmand:speed>
                </extensions>
            </trkpt>
            <trkpt lat="-39.6105194" lon="-72.2060003">
                <ele>197.8</ele>
                <extensions>
                    <osmand:speed>9.7</osmand:speed>
                </extensions>
            </trkpt>
            <trkpt lat="-39.6105939" lon="-72.2059439">
                <ele>198.5</ele>
                <extensions>
                    <osmand:speed>9.7</osmand:speed>
                </extensions>
            </trkpt>
            <trkpt lat="-39.6109161" lon="-72.2056782">
                <ele>202</ele>
                <extensions>
                    <osmand:speed>9.7</osmand:speed>
                </extensions>
            </trkpt>
            <trkpt lat="-39.6112345" lon="-72.205445">
                <ele>206</ele>
                <extensions>
                    <osmand:speed>9.7</osmand:speed>
                </extensions>
            </trkpt>
            <trkpt lat="-39.6113955" lon="-72.2053243">
                <ele>208.8</ele>
                <extensions>
                    <osmand:speed>9.7</osmand:speed>
                </extensions>
            </trkpt>
            <trkpt lat="-39.6115939" lon="-72.2051768">
                <ele>212.2</ele>
                <extensions>
                    <osmand:speed>9.7</osmand:speed>
                </extensions>
            </trkpt>
            <trkpt lat="-39.6116684" lon="-72.205123">
                <ele>213.5</ele>
                <extensions>
                    <osmand:speed>9.7</osmand:speed>
                </extensions>
            </trkpt>
            <trkpt lat="-39.6117385" lon="-72.2050613">
                <ele>214.8</ele>
                <extensions>
                    <osmand:speed>9.7</osmand:speed>
                </extensions>
            </trkpt>
            <trkpt lat="-39.6118088" lon="-72.2049917">
                <ele>216</ele>
                <extensions>
                    <osmand:speed>9.7</osmand:speed>
                </extensions>
            </trkpt>
            <trkpt lat="-39.611904" lon="-72.2052249">
                <ele>218</ele>
                <extensions>
                    <osmand:speed>9.7</osmand:speed>
                </extensions>
            </trkpt>
            <trkpt lat="-39.6119701" lon="-72.2055092">
                <ele>220.2</ele>
                <extensions>
                    <osmand:speed>9.7</osmand:speed>
                </extensions>
            </trkpt>
            <trkpt lat="-39.6119906" lon="-72.2055631">
                <ele>221</ele>
                <extensions>
                    <osmand:speed>9.7</osmand:speed>
                </extensions>
            </trkpt>
            <trkpt lat="-39.6120154" lon="-72.2056113">
                <ele>221.8</ele>
                <extensions>
                    <osmand:speed>9.7</osmand:speed>
                </extensions>
            </trkpt>
            <trkpt lat="-39.6120445" lon="-72.2056569">
                <ele>222.5</ele>
                <extensions>
                    <osmand:speed>9.7</osmand:speed>
                </extensions>
            </trkpt>
            <trkpt lat="-39.6120858" lon="-72.2057104">
                <ele>223.5</ele>
                <extensions>
                    <osmand:speed>9.7</osmand:speed>
                </extensions>
            </trkpt>
            <trkpt lat="-39.6121332" lon="-72.2057589">
                <ele>224.8</ele>
                <extensions>
                    <osmand:speed>9.7</osmand:speed>
                </extensions>
            </trkpt>
            <trkpt lat="-39.612185" lon="-72.2057989">
                <ele>226</ele>
                <extensions>
                    <osmand:speed>9.7</osmand:speed>
                </extensions>
            </trkpt>
            <trkpt lat="-39.6122408" lon="-72.2058311">
                <ele>227.5</ele>
                <extensions>
                    <osmand:speed>9.7</osmand:speed>
                </extensions>
            </trkpt>
            <trkpt lat="-39.6122966" lon="-72.2058527">
                <ele>229</ele>
                <extensions>
                    <osmand:speed>9.7</osmand:speed>
                </extensions>
            </trkpt>
            <trkpt lat="-39.6123565" lon="-72.2058661">
                <ele>230.2</ele>
                <extensions>
                    <osmand:speed>9.7</osmand:speed>
                </extensions>
            </trkpt>
            <trkpt lat="-39.6124163" lon="-72.2058713">
                <ele>231.5</ele>
                <extensions>
                    <osmand:speed>9.7</osmand:speed>
                </extensions>
            </trkpt>
            <trkpt lat="-39.6125485" lon="-72.2058713">
                <ele>233.5</ele>
                <extensions>
                    <osmand:speed>9.7</osmand:speed>
                </extensions>
            </trkpt>
            <trkpt lat="-39.6130031" lon="-72.2059169">
                <ele>239.8</ele>
                <extensions>
                    <osmand:speed>9.7</osmand:speed>
                </extensions>
            </trkpt>
            <trkpt lat="-39.6131107" lon="-72.2059573">
                <ele>241.5</ele>
                <extensions>
                    <osmand:speed>9.7</osmand:speed>
                </extensions>
            </trkpt>
            <trkpt lat="-39.613557" lon="-72.2061744">
                <ele>246.8</ele>
                <extensions>
                    <osmand:speed>9.7</osmand:speed>
                </extensions>
            </trkpt>
            <trkpt lat="-39.6136209" lon="-72.2061961">
                <ele>247.8</ele>
                <extensions>
                    <osmand:speed>9.7</osmand:speed>
                </extensions>
            </trkpt>
            <trkpt lat="-39.6136872" lon="-72.2062093">
                <ele>248.8</ele>
                <extensions>
                    <osmand:speed>9.7</osmand:speed>
                </extensions>
            </trkpt>
            <trkpt lat="-39.6137554" lon="-72.2062148">
                <ele>249.8</ele>
                <extensions>
                    <osmand:speed>9.7</osmand:speed>
                </extensions>
            </trkpt>
            <trkpt lat="-39.6138277" lon="-72.2062093">
                <ele>250.5</ele>
                <extensions>
                    <osmand:speed>9.7</osmand:speed>
                </extensions>
            </trkpt>
            <trkpt lat="-39.6139" lon="-72.2061987">
                <ele>251</ele>
                <extensions>
                    <osmand:speed>9.7</osmand:speed>
                </extensions>
            </trkpt>
            <trkpt lat="-39.6139701" lon="-72.2061744">
                <ele>251.5</ele>
                <extensions>
                    <osmand:speed>9.7</osmand:speed>
                </extensions>
            </trkpt>
            <trkpt lat="-39.6144042" lon="-72.205874">
                <ele>254.5</ele>
                <extensions>
                    <osmand:speed>9.7</osmand:speed>
                </extensions>
            </trkpt>
            <trkpt lat="-39.6146189" lon="-72.2058179">
                <ele>255.2</ele>
                <extensions>
                    <osmand:speed>9.7</osmand:speed>
                </extensions>
            </trkpt>
            <trkpt lat="-39.6151086" lon="-72.2053456">
                <ele>258</ele>
                <extensions>
                    <osmand:speed>9.7</osmand:speed>
                </extensions>
            </trkpt>
            <trkpt lat="-39.6155673" lon="-72.2049728">
                <ele>261</ele>
                <extensions>
                    <osmand:speed>9.7</osmand:speed>
                </extensions>
            </trkpt>
            <trkpt lat="-39.6156231" lon="-72.204914">
                <ele>261.5</ele>
                <extensions>
                    <osmand:speed>9.7</osmand:speed>
                </extensions>
            </trkpt>
            <trkpt lat="-39.6156727" lon="-72.2048494">
                <ele>262</ele>
                <extensions>
                    <osmand:speed>9.7</osmand:speed>
                </extensions>
            </trkpt>
            <trkpt lat="-39.6157202" lon="-72.204777">
                <ele>262.5</ele>
                <extensions>
                    <osmand:speed>9.7</osmand:speed>
                </extensions>
            </trkpt>
            <trkpt lat="-39.6157636" lon="-72.204694">
                <ele>263.2</ele>
                <extensions>
                    <osmand:speed>9.7</osmand:speed>
                </extensions>
            </trkpt>
            <trkpt lat="-39.615803" lon="-72.2046053">
                <ele>264</ele>
                <extensions>
                    <osmand:speed>9.7</osmand:speed>
                </extensions>
            </trkpt>
            <trkpt lat="-39.615834" lon="-72.2045116">
                <ele>264.5</ele>
                <extensions>
                    <osmand:speed>9.7</osmand:speed>
                </extensions>
            </trkpt>
            <trkpt lat="-39.6158566" lon="-72.2044149">
                <ele>265</ele>
                <extensions>
                    <osmand:speed>9.7</osmand:speed>
                </extensions>
            </trkpt>
            <trkpt lat="-39.6159394" lon="-72.2039645">
                <ele>265.5</ele>
                <extensions>
                    <osmand:speed>9.7</osmand:speed>
                </extensions>
            </trkpt>
            <trkpt lat="-39.615958" lon="-72.2038786">
                <ele>265.8</ele>
                <extensions>
                    <osmand:speed>9.7</osmand:speed>
                </extensions>
            </trkpt>
            <trkpt lat="-39.6159847" lon="-72.2037982">
                <ele>265.8</ele>
                <extensions>
                    <osmand:speed>9.7</osmand:speed>
                </extensions>
            </trkpt>
            <trkpt lat="-39.6160198" lon="-72.2037123">
                <ele>265.8</ele>
                <extensions>
                    <osmand:speed>9.7</osmand:speed>
                </extensions>
            </trkpt>
            <trkpt lat="-39.6160653" lon="-72.2036345">
                <ele>265.9</ele>
                <extensions>
                    <osmand:speed>9.7</osmand:speed>
                </extensions>
            </trkpt>
            <trkpt lat="-39.616115" lon="-72.2035646">
                <ele>265.9</ele>
                <extensions>
                    <osmand:speed>9.7</osmand:speed>
                </extensions>
            </trkpt>
            <trkpt lat="-39.6161727" lon="-72.2035031">
                <ele>266</ele>
                <extensions>
                    <osmand:speed>9.7</osmand:speed>
                </extensions>
            </trkpt>
            <trkpt lat="-39.6162347" lon="-72.2034522">
                <ele>266.2</ele>
                <extensions>
                    <osmand:speed>9.7</osmand:speed>
                </extensions>
            </trkpt>
            <trkpt lat="-39.6163029" lon="-72.2034092">
                <ele>266.5</ele>
                <extensions>
                    <osmand:speed>9.7</osmand:speed>
                </extensions>
            </trkpt>
            <trkpt lat="-39.6163733" lon="-72.2033797">
                <ele>267</ele>
                <extensions>
                    <osmand:speed>9.7</osmand:speed>
                </extensions>
            </trkpt>
            <trkpt lat="-39.6170715" lon="-72.2032535">
                <ele>270.5</ele>
                <extensions>
                    <osmand:speed>9.7</osmand:speed>
                </extensions>
            </trkpt>
            <trkpt lat="-39.6174229" lon="-72.2033554">
                <ele>272.5</ele>
                <extensions>
                    <osmand:speed>9.7</osmand:speed>
                </extensions>
            </trkpt>
            <trkpt lat="-39.6177287" lon="-72.2033958">
                <ele>274.5</ele>
                <extensions>
                    <osmand:speed>9.7</osmand:speed>
                </extensions>
            </trkpt>
            <trkpt lat="-39.6187864" lon="-72.2034119">
                <ele>280</ele>
                <extensions>
                    <osmand:speed>9.7</osmand:speed>
                </extensions>
            </trkpt>
            <trkpt lat="-39.6189641" lon="-72.2033849">
                <ele>280.8</ele>
                <extensions>
                    <osmand:speed>9.7</osmand:speed>
                </extensions>
            </trkpt>
            <trkpt lat="-39.6195054" lon="-72.2032052">
                <ele>282.2</ele>
                <extensions>
                    <osmand:speed>9.7</osmand:speed>
                </extensions>
            </trkpt>
            <trkpt lat="-39.6195944" lon="-72.2031757">
                <ele>282.8</ele>
                <extensions>
                    <osmand:speed>9.7</osmand:speed>
                </extensions>
            </trkpt>
            <trkpt lat="-39.6196831" lon="-72.2031544">
                <ele>283.2</ele>
                <extensions>
                    <osmand:speed>9.7</osmand:speed>
                </extensions>
            </trkpt>
            <trkpt lat="-39.6197762" lon="-72.2031489">
                <ele>283.8</ele>
                <extensions>
                    <osmand:speed>9.7</osmand:speed>
                </extensions>
            </trkpt>
            <trkpt lat="-39.6198692" lon="-72.2031544">
                <ele>284</ele>
                <extensions>
                    <osmand:speed>9.7</osmand:speed>
                </extensions>
            </trkpt>
            <trkpt lat="-39.6199539" lon="-72.2031705">
                <ele>284</ele>
                <extensions>
                    <osmand:speed>9.7</osmand:speed>
                </extensions>
            </trkpt>
            <trkpt lat="-39.6200386" lon="-72.2031973">
                <ele>283.9</ele>
                <extensions>
                    <osmand:speed>9.7</osmand:speed>
                </extensions>
            </trkpt>
            <trkpt lat="-39.6202948" lon="-72.2033393">
                <ele>283.8</ele>
                <extensions>
                    <osmand:speed>9.7</osmand:speed>
                </extensions>
            </trkpt>
            <trkpt lat="-39.6203649" lon="-72.2033554">
                <ele>284</ele>
                <extensions>
                    <osmand:speed>9.7</osmand:speed>
                </extensions>
            </trkpt>
            <trkpt lat="-39.6204372" lon="-72.2033688">
                <ele>284.2</ele>
                <extensions>
                    <osmand:speed>9.7</osmand:speed>
                </extensions>
            </trkpt>
            <trkpt lat="-39.62052" lon="-72.2033742">
                <ele>284.3</ele>
                <extensions>
                    <osmand:speed>9.7</osmand:speed>
                </extensions>
            </trkpt>
            <trkpt lat="-39.6206047" lon="-72.2033742">
                <ele>284.3</ele>
                <extensions>
                    <osmand:speed>9.7</osmand:speed>
                </extensions>
            </trkpt>
            <trkpt lat="-39.6206872" lon="-72.2033688">
                <ele>284.4</ele>
                <extensions>
                    <osmand:speed>9.7</osmand:speed>
                </extensions>
            </trkpt>
            <trkpt lat="-39.6210157" lon="-72.2033368">
                <ele>284.5</ele>
                <extensions>
                    <osmand:speed>9.7</osmand:speed>
                </extensions>
            </trkpt>
            <trkpt lat="-39.6216295" lon="-72.203232">
                <ele>283</ele>
                <extensions>
                    <osmand:speed>9.7</osmand:speed>
                </extensions>
            </trkpt>
            <trkpt lat="-39.6219826" lon="-72.2031973">
                <ele>281</ele>
                <extensions>
                    <osmand:speed>9.7</osmand:speed>
                </extensions>
            </trkpt>
            <trkpt lat="-39.6222906" lon="-72.2031115">
                <ele>280</ele>
                <extensions>
                    <osmand:speed>9.7</osmand:speed>
                </extensions>
            </trkpt>
            <trkpt lat="-39.6226272" lon="-72.2029477">
                <ele>281.5</ele>
                <extensions>
                    <osmand:speed>9.7</osmand:speed>
                </extensions>
            </trkpt>
            <trkpt lat="-39.622772" lon="-72.202913">
                <ele>282.2</ele>
                <extensions>
                    <osmand:speed>9.7</osmand:speed>
                </extensions>
            </trkpt>
            <trkpt lat="-39.6231955" lon="-72.2028458">
                <ele>285.5</ele>
                <extensions>
                    <osmand:speed>9.7</osmand:speed>
                </extensions>
            </trkpt>
            <trkpt lat="-39.6232367" lon="-72.2028324">
                <ele>286</ele>
                <extensions>
                    <osmand:speed>9.7</osmand:speed>
                </extensions>
            </trkpt>
            <trkpt lat="-39.623274" lon="-72.2028109">
                <ele>286.5</ele>
                <extensions>
                    <osmand:speed>9.7</osmand:speed>
                </extensions>
            </trkpt>
            <trkpt lat="-39.623309" lon="-72.2027762">
                <ele>287.2</ele>
                <extensions>
                    <osmand:speed>9.7</osmand:speed>
                </extensions>
            </trkpt>
            <trkpt lat="-39.623336" lon="-72.2027358">
                <ele>288</ele>
                <extensions>
                    <osmand:speed>9.7</osmand:speed>
                </extensions>
            </trkpt>
            <trkpt lat="-39.6233546" lon="-72.2026877">
                <ele>288.5</ele>
                <extensions>
                    <osmand:speed>9.7</osmand:speed>
                </extensions>
            </trkpt>
            <trkpt lat="-39.623367" lon="-72.2026339">
                <ele>289</ele>
                <extensions>
                    <osmand:speed>9.7</osmand:speed>
                </extensions>
            </trkpt>
            <trkpt lat="-39.6233918" lon="-72.2025375">
                <ele>290</ele>
                <extensions>
                    <osmand:speed>9.7</osmand:speed>
                </extensions>
            </trkpt>
            <trkpt lat="-39.6234207" lon="-72.202441">
                <ele>291</ele>
                <extensions>
                    <osmand:speed>9.7</osmand:speed>
                </extensions>
            </trkpt>
            <trkpt lat="-39.6234558" lon="-72.2023469">
                <ele>292</ele>
                <extensions>
                    <osmand:speed>9.7</osmand:speed>
                </extensions>
            </trkpt>
            <trkpt lat="-39.6234992" lon="-72.2022423">
                <ele>292.8</ele>
                <extensions>
                    <osmand:speed>9.7</osmand:speed>
                </extensions>
            </trkpt>
            <trkpt lat="-39.6235507" lon="-72.2021432">
                <ele>293.5</ele>
                <extensions>
                    <osmand:speed>9.7</osmand:speed>
                </extensions>
            </trkpt>
            <trkpt lat="-39.6236065" lon="-72.2020494">
                <ele>294.5</ele>
                <extensions>
                    <osmand:speed>9.7</osmand:speed>
                </extensions>
            </trkpt>
            <trkpt lat="-39.6236686" lon="-72.201958">
                <ele>295.5</ele>
                <extensions>
                    <osmand:speed>9.7</osmand:speed>
                </extensions>
            </trkpt>
            <trkpt lat="-39.6236974" lon="-72.2019018">
                <ele>296</ele>
                <extensions>
                    <osmand:speed>9.7</osmand:speed>
                </extensions>
            </trkpt>
            <trkpt lat="-39.6237325" lon="-72.201848">
                <ele>296.5</ele>
                <extensions>
                    <osmand:speed>9.7</osmand:speed>
                </extensions>
            </trkpt>
            <trkpt lat="-39.6237697" lon="-72.2017999">
                <ele>296.8</ele>
                <extensions>
                    <osmand:speed>9.7</osmand:speed>
                </extensions>
            </trkpt>
            <trkpt lat="-39.623811" lon="-72.2017568">
                <ele>297</ele>
                <extensions>
                    <osmand:speed>9.7</osmand:speed>
                </extensions>
            </trkpt>
            <trkpt lat="-39.623869" lon="-72.2017087">
                <ele>297.2</ele>
                <extensions>
                    <osmand:speed>9.7</osmand:speed>
                </extensions>
            </trkpt>
            <trkpt lat="-39.6239288" lon="-72.201671">
                <ele>297.3</ele>
                <extensions>
                    <osmand:speed>9.7</osmand:speed>
                </extensions>
            </trkpt>
            <trkpt lat="-39.623993" lon="-72.2016443">
                <ele>297.3</ele>
                <extensions>
                    <osmand:speed>9.7</osmand:speed>
                </extensions>
            </trkpt>
            <trkpt lat="-39.6240591" lon="-72.2016254">
                <ele>297.3</ele>
                <extensions>
                    <osmand:speed>9.7</osmand:speed>
                </extensions>
            </trkpt>
            <trkpt lat="-39.6241829" lon="-72.2015988">
                <ele>297.3</ele>
                <extensions>
                    <osmand:speed>9.7</osmand:speed>
                </extensions>
            </trkpt>
            <trkpt lat="-39.624307" lon="-72.2015798">
                <ele>297.4</ele>
                <extensions>
                    <osmand:speed>9.7</osmand:speed>
                </extensions>
            </trkpt>
            <trkpt lat="-39.624437" lon="-72.2015771">
                <ele>297.4</ele>
                <extensions>
                    <osmand:speed>9.7</osmand:speed>
                </extensions>
            </trkpt>
            <trkpt lat="-39.6245632" lon="-72.2015853">
                <ele>297.4</ele>
                <extensions>
                    <osmand:speed>9.7</osmand:speed>
                </extensions>
            </trkpt>
            <trkpt lat="-39.6246665" lon="-72.2015988">
                <ele>297.5</ele>
                <extensions>
                    <osmand:speed>9.7</osmand:speed>
                </extensions>
            </trkpt>
            <trkpt lat="-39.6247677" lon="-72.2016066">
                <ele>297.5</ele>
                <extensions>
                    <osmand:speed>9.7</osmand:speed>
                </extensions>
            </trkpt>
            <trkpt lat="-39.624871" lon="-72.2016066">
                <ele>297.8</ele>
                <extensions>
                    <osmand:speed>9.7</osmand:speed>
                </extensions>
            </trkpt>
            <trkpt lat="-39.6249845" lon="-72.2015932">
                <ele>298</ele>
                <extensions>
                    <osmand:speed>9.7</osmand:speed>
                </extensions>
            </trkpt>
            <trkpt lat="-39.6250981" lon="-72.2015719">
                <ele>298.2</ele>
                <extensions>
                    <osmand:speed>9.7</osmand:speed>
                </extensions>
            </trkpt>
            <trkpt lat="-39.6252119" lon="-72.2015424">
                <ele>298.5</ele>
                <extensions>
                    <osmand:speed>9.7</osmand:speed>
                </extensions>
            </trkpt>
            <trkpt lat="-39.6253441" lon="-72.2014968">
                <ele>298.8</ele>
                <extensions>
                    <osmand:speed>9.7</osmand:speed>
                </extensions>
            </trkpt>
            <trkpt lat="-39.6255817" lon="-72.2013869">
                <ele>299.2</ele>
                <extensions>
                    <osmand:speed>9.7</osmand:speed>
                </extensions>
            </trkpt>
            <trkpt lat="-39.62578" lon="-72.2012767">
                <ele>300</ele>
                <extensions>
                    <osmand:speed>9.7</osmand:speed>
                </extensions>
            </trkpt>
            <trkpt lat="-39.6259742" lon="-72.201156">
                <ele>300.5</ele>
                <extensions>
                    <osmand:speed>9.7</osmand:speed>
                </extensions>
            </trkpt>
            <trkpt lat="-39.62616" lon="-72.2010301">
                <ele>301</ele>
                <extensions>
                    <osmand:speed>9.7</osmand:speed>
                </extensions>
            </trkpt>
            <trkpt lat="-39.626255" lon="-72.2009684">
                <ele>301</ele>
                <extensions>
                    <osmand:speed>9.7</osmand:speed>
                </extensions>
            </trkpt>
            <trkpt lat="-39.626344" lon="-72.2008958">
                <ele>301.1</ele>
                <extensions>
                    <osmand:speed>9.7</osmand:speed>
                </extensions>
            </trkpt>
            <trkpt lat="-39.6264306" lon="-72.2008129">
                <ele>301.1</ele>
                <extensions>
                    <osmand:speed>9.7</osmand:speed>
                </extensions>
            </trkpt>
            <trkpt lat="-39.6265112" lon="-72.2007215">
                <ele>301.1</ele>
                <extensions>
                    <osmand:speed>9.7</osmand:speed>
                </extensions>
            </trkpt>
            <trkpt lat="-39.6265857" lon="-72.2006249">
                <ele>301.2</ele>
                <extensions>
                    <osmand:speed>9.7</osmand:speed>
                </extensions>
            </trkpt>
            <trkpt lat="-39.6266539" lon="-72.2005203">
                <ele>301.2</ele>
                <extensions>
                    <osmand:speed>9.7</osmand:speed>
                </extensions>
            </trkpt>
            <trkpt lat="-39.6267241" lon="-72.2004291">
                <ele>301.2</ele>
                <extensions>
                    <osmand:speed>9.7</osmand:speed>
                </extensions>
            </trkpt>
            <trkpt lat="-39.6267963" lon="-72.2003433">
                <ele>301.5</ele>
                <extensions>
                    <osmand:speed>9.7</osmand:speed>
                </extensions>
            </trkpt>
            <trkpt lat="-39.6268748" lon="-72.2002682">
                <ele>301.8</ele>
                <extensions>
                    <osmand:speed>9.7</osmand:speed>
                </extensions>
            </trkpt>
            <trkpt lat="-39.6269555" lon="-72.2001986">
                <ele>302.2</ele>
                <extensions>
                    <osmand:speed>9.7</osmand:speed>
                </extensions>
            </trkpt>
            <trkpt lat="-39.6274594" lon="-72.1997666">
                <ele>305.5</ele>
                <extensions>
                    <osmand:speed>9.7</osmand:speed>
                </extensions>
            </trkpt>
            <trkpt lat="-39.6274885" lon="-72.1997427">
                <ele>305.6</ele>
                <extensions>
                    <osmand:speed>9.7</osmand:speed>
                </extensions>
            </trkpt>
            <trkpt lat="-39.6275133" lon="-72.1997103">
                <ele>305.8</ele>
                <extensions>
                    <osmand:speed>9.7</osmand:speed>
                </extensions>
            </trkpt>
            <trkpt lat="-39.6275298" lon="-72.1996837">
                <ele>306</ele>
                <extensions>
                    <osmand:speed>9.7</osmand:speed>
                </extensions>
            </trkpt>
            <trkpt lat="-39.6275462" lon="-72.1996486">
                <ele>307.5</ele>
                <extensions>
                    <osmand:speed>9.7</osmand:speed>
                </extensions>
            </trkpt>
            <trkpt lat="-39.6275835" lon="-72.1996676">
                <ele>307.2</ele>
                <extensions>
                    <osmand:speed>9.7</osmand:speed>
                </extensions>
            </trkpt>
            <trkpt lat="-39.6286576" lon="-72.2000992">
                <ele>302</ele>
                <extensions>
                    <osmand:speed>9.7</osmand:speed>
                </extensions>
            </trkpt>
            <trkpt lat="-39.629544" lon="-72.2004801">
                <ele>297.5</ele>
                <extensions>
                    <osmand:speed>9.7</osmand:speed>
                </extensions>
            </trkpt>
            <trkpt lat="-39.6310045" lon="-72.2010943">
                <ele>289.8</ele>
                <extensions>
                    <osmand:speed>9.7</osmand:speed>
                </extensions>
            </trkpt>
            <trkpt lat="-39.6322336" lon="-72.2016066">
                <ele>288.5</ele>
                <extensions>
                    <osmand:speed>9.7</osmand:speed>
                </extensions>
            </trkpt>
            <trkpt lat="-39.6336982" lon="-72.2022262">
                <ele>284</ele>
                <extensions>
                    <osmand:speed>9.7</osmand:speed>
                </extensions>
            </trkpt>
            <trkpt lat="-39.6338283" lon="-72.20228">
                <ele>283.2</ele>
                <extensions>
                    <osmand:speed>9.7</osmand:speed>
                </extensions>
            </trkpt>
            <trkpt lat="-39.6345802" lon="-72.2025266">
                <ele>282.2</ele>
                <extensions>
                    <osmand:speed>9.7</osmand:speed>
                </extensions>
            </trkpt>
            <trkpt lat="-39.6348259" lon="-72.2026473">
                <ele>281.2</ele>
                <extensions>
                    <osmand:speed>9.7</osmand:speed>
                </extensions>
            </trkpt>
            <trkpt lat="-39.6349314" lon="-72.2027063">
                <ele>280.8</ele>
                <extensions>
                    <osmand:speed>9.7</osmand:speed>
                </extensions>
            </trkpt>
            <trkpt lat="-39.6350326" lon="-72.2027762">
                <ele>280.2</ele>
                <extensions>
                    <osmand:speed>9.7</osmand:speed>
                </extensions>
            </trkpt>
            <trkpt lat="-39.6351111" lon="-72.2028404">
                <ele>279.8</ele>
                <extensions>
                    <osmand:speed>9.7</osmand:speed>
                </extensions>
            </trkpt>
            <trkpt lat="-39.6351853" lon="-72.2029075">
                <ele>279.2</ele>
                <extensions>
                    <osmand:speed>9.7</osmand:speed>
                </extensions>
            </trkpt>
            <trkpt lat="-39.6352784" lon="-72.2030067">
                <ele>278.2</ele>
                <extensions>
                    <osmand:speed>9.7</osmand:speed>
                </extensions>
            </trkpt>
            <trkpt lat="-39.635365" lon="-72.2031167">
                <ele>277</ele>
                <extensions>
                    <osmand:speed>9.7</osmand:speed>
                </extensions>
            </trkpt>
            <trkpt lat="-39.6354457" lon="-72.203232">
                <ele>276</ele>
                <extensions>
                    <osmand:speed>9.7</osmand:speed>
                </extensions>
            </trkpt>
            <trkpt lat="-39.6355903" lon="-72.2035056">
                <ele>273.2</ele>
                <extensions>
                    <osmand:speed>9.7</osmand:speed>
                </extensions>
            </trkpt>
            <trkpt lat="-39.6358215" lon="-72.2040852">
                <ele>268.2</ele>
                <extensions>
                    <osmand:speed>9.7</osmand:speed>
                </extensions>
            </trkpt>
            <trkpt lat="-39.6359186" lon="-72.2042781">
                <ele>266</ele>
                <extensions>
                    <osmand:speed>9.7</osmand:speed>
                </extensions>
            </trkpt>
            <trkpt lat="-39.6361542" lon="-72.2043561">
                <ele>265</ele>
                <extensions>
                    <osmand:speed>9.7</osmand:speed>
                </extensions>
            </trkpt>
            <trkpt lat="-39.6363071" lon="-72.2043666">
                <ele>264.2</ele>
                <extensions>
                    <osmand:speed>9.7</osmand:speed>
                </extensions>
            </trkpt>
            <trkpt lat="-39.636462" lon="-72.2043532">
                <ele>264</ele>
                <extensions>
                    <osmand:speed>9.7</osmand:speed>
                </extensions>
            </trkpt>
            <trkpt lat="-39.6367841" lon="-72.2043076">
                <ele>263.8</ele>
                <extensions>
                    <osmand:speed>9.7</osmand:speed>
                </extensions>
            </trkpt>
            <trkpt lat="-39.6370154" lon="-72.2042593">
                <ele>263.5</ele>
                <extensions>
                    <osmand:speed>9.7</osmand:speed>
                </extensions>
            </trkpt>
            <trkpt lat="-39.6372013" lon="-72.2042137">
                <ele>263.7</ele>
                <extensions>
                    <osmand:speed>9.7</osmand:speed>
                </extensions>
            </trkpt>
            <trkpt lat="-39.6372633" lon="-72.2041842">
                <ele>263.8</ele>
                <extensions>
                    <osmand:speed>9.7</osmand:speed>
                </extensions>
            </trkpt>
            <trkpt lat="-39.6373232" lon="-72.2041469">
                <ele>264</ele>
                <extensions>
                    <osmand:speed>9.7</osmand:speed>
                </extensions>
            </trkpt>
            <trkpt lat="-39.6373977" lon="-72.2040905">
                <ele>264.5</ele>
                <extensions>
                    <osmand:speed>9.7</osmand:speed>
                </extensions>
            </trkpt>
            <trkpt lat="-39.6374657" lon="-72.2040233">
                <ele>264.8</ele>
                <extensions>
                    <osmand:speed>9.7</osmand:speed>
                </extensions>
            </trkpt>
            <trkpt lat="-39.6375299" lon="-72.2039484">
                <ele>265</ele>
                <extensions>
                    <osmand:speed>9.7</osmand:speed>
                </extensions>
            </trkpt>
            <trkpt lat="-39.6375876" lon="-72.2038652">
                <ele>265.5</ele>
                <extensions>
                    <osmand:speed>9.7</osmand:speed>
                </extensions>
            </trkpt>
            <trkpt lat="-39.6376392" lon="-72.2037765">
                <ele>266.5</ele>
                <extensions>
                    <osmand:speed>9.7</osmand:speed>
                </extensions>
            </trkpt>
            <trkpt lat="-39.6376807" lon="-72.2036775">
                <ele>267.5</ele>
                <extensions>
                    <osmand:speed>9.7</osmand:speed>
                </extensions>
            </trkpt>
            <trkpt lat="-39.6377177" lon="-72.2035755">
                <ele>268.5</ele>
                <extensions>
                    <osmand:speed>9.7</osmand:speed>
                </extensions>
            </trkpt>
            <trkpt lat="-39.6378005" lon="-72.2033368">
                <ele>270.5</ele>
                <extensions>
                    <osmand:speed>9.7</osmand:speed>
                </extensions>
            </trkpt>
            <trkpt lat="-39.6378542" lon="-72.2032374">
                <ele>271</ele>
                <extensions>
                    <osmand:speed>9.7</osmand:speed>
                </extensions>
            </trkpt>
            <trkpt lat="-39.6379389" lon="-72.2031115">
                <ele>271.2</ele>
                <extensions>
                    <osmand:speed>9.7</osmand:speed>
                </extensions>
            </trkpt>
            <trkpt lat="-39.638195" lon="-72.2027789">
                <ele>272.2</ele>
                <extensions>
                    <osmand:speed>9.7</osmand:speed>
                </extensions>
            </trkpt>
            <trkpt lat="-39.6382859" lon="-72.2026473">
                <ele>273</ele>
                <extensions>
                    <osmand:speed>9.7</osmand:speed>
                </extensions>
            </trkpt>
            <trkpt lat="-39.6384656" lon="-72.2023417">
                <ele>274.5</ele>
                <extensions>
                    <osmand:speed>9.7</osmand:speed>
                </extensions>
            </trkpt>
            <trkpt lat="-39.6384945" lon="-72.20228">
                <ele>274.8</ele>
                <extensions>
                    <osmand:speed>9.7</osmand:speed>
                </extensions>
            </trkpt>
            <trkpt lat="-39.6385193" lon="-72.2022157">
                <ele>275.2</ele>
                <extensions>
                    <osmand:speed>9.7</osmand:speed>
                </extensions>
            </trkpt>
            <trkpt lat="-39.6385398" lon="-72.2021459">
                <ele>275.8</ele>
                <extensions>
                    <osmand:speed>9.7</osmand:speed>
                </extensions>
            </trkpt>
            <trkpt lat="-39.6385544" lon="-72.2020787">
                <ele>276.5</ele>
                <extensions>
                    <osmand:speed>9.7</osmand:speed>
                </extensions>
            </trkpt>
            <trkpt lat="-39.6385668" lon="-72.2020064">
                <ele>277.2</ele>
                <extensions>
                    <osmand:speed>9.7</osmand:speed>
                </extensions>
            </trkpt>
            <trkpt lat="-39.638604" lon="-72.2018051">
                <ele>279.5</ele>
                <extensions>
                    <osmand:speed>9.7</osmand:speed>
                </extensions>
            </trkpt>
            <trkpt lat="-39.6386143" lon="-72.2017461">
                <ele>280.2</ele>
                <extensions>
                    <osmand:speed>9.7</osmand:speed>
                </extensions>
            </trkpt>
            <trkpt lat="-39.6386329" lon="-72.2016899">
                <ele>281</ele>
                <extensions>
                    <osmand:speed>9.7</osmand:speed>
                </extensions>
            </trkpt>
            <trkpt lat="-39.6386577" lon="-72.2016388">
                <ele>281.8</ele>
                <extensions>
                    <osmand:speed>9.7</osmand:speed>
                </extensions>
            </trkpt>
            <trkpt lat="-39.6386928" lon="-72.2015932">
                <ele>282.2</ele>
                <extensions>
                    <osmand:speed>9.7</osmand:speed>
                </extensions>
            </trkpt>
            <trkpt lat="-39.63873" lon="-72.2015558">
                <ele>282.8</ele>
                <extensions>
                    <osmand:speed>9.7</osmand:speed>
                </extensions>
            </trkpt>
            <trkpt lat="-39.6387754" lon="-72.2015263">
                <ele>283</ele>
                <extensions>
                    <osmand:speed>9.7</osmand:speed>
                </extensions>
            </trkpt>
            <trkpt lat="-39.6390066" lon="-72.2013384">
                <ele>285.2</ele>
                <extensions>
                    <osmand:speed>9.7</osmand:speed>
                </extensions>
            </trkpt>
            <trkpt lat="-39.6391739" lon="-72.2012098">
                <ele>287.5</ele>
                <extensions>
                    <osmand:speed>9.7</osmand:speed>
                </extensions>
            </trkpt>
            <trkpt lat="-39.6394467" lon="-72.201014">
                <ele>291.2</ele>
                <extensions>
                    <osmand:speed>9.7</osmand:speed>
                </extensions>
            </trkpt>
            <trkpt lat="-39.639713" lon="-72.2008395">
                <ele>294.5</ele>
                <extensions>
                    <osmand:speed>9.7</osmand:speed>
                </extensions>
            </trkpt>
            <trkpt lat="-39.6401075" lon="-72.2006385">
                <ele>298.5</ele>
                <extensions>
                    <osmand:speed>9.7</osmand:speed>
                </extensions>
            </trkpt>
            <trkpt lat="-39.6401757" lon="-72.2005981">
                <ele>299</ele>
                <extensions>
                    <osmand:speed>9.7</osmand:speed>
                </extensions>
            </trkpt>
            <trkpt lat="-39.6402481" lon="-72.2005607">
                <ele>299.5</ele>
                <extensions>
                    <osmand:speed>9.7</osmand:speed>
                </extensions>
            </trkpt>
            <trkpt lat="-39.6403223" lon="-72.2005312">
                <ele>300</ele>
                <extensions>
                    <osmand:speed>9.7</osmand:speed>
                </extensions>
            </trkpt>
            <trkpt lat="-39.6404154" lon="-72.2005042">
                <ele>300.8</ele>
                <extensions>
                    <osmand:speed>9.7</osmand:speed>
                </extensions>
            </trkpt>
            <trkpt lat="-39.6405103" lon="-72.2004856">
                <ele>301.5</ele>
                <extensions>
                    <osmand:speed>9.7</osmand:speed>
                </extensions>
            </trkpt>
            <trkpt lat="-39.6406053" lon="-72.2004774">
                <ele>302.2</ele>
                <extensions>
                    <osmand:speed>9.7</osmand:speed>
                </extensions>
            </trkpt>
            <trkpt lat="-39.6407003" lon="-72.2004801">
                <ele>303</ele>
                <extensions>
                    <osmand:speed>9.7</osmand:speed>
                </extensions>
            </trkpt>
            <trkpt lat="-39.6407974" lon="-72.2004908">
                <ele>303.5</ele>
                <extensions>
                    <osmand:speed>9.7</osmand:speed>
                </extensions>
            </trkpt>
            <trkpt lat="-39.6411755" lon="-72.2004883">
                <ele>307.8</ele>
                <extensions>
                    <osmand:speed>9.7</osmand:speed>
                </extensions>
            </trkpt>
            <trkpt lat="-39.6415122" lon="-72.2005069">
                <ele>311</ele>
                <extensions>
                    <osmand:speed>9.7</osmand:speed>
                </extensions>
            </trkpt>
            <trkpt lat="-39.6418034" lon="-72.2005257">
                <ele>313.8</ele>
                <extensions>
                    <osmand:speed>9.7</osmand:speed>
                </extensions>
            </trkpt>
            <trkpt lat="-39.642043" lon="-72.2005364">
                <ele>315</ele>
                <extensions>
                    <osmand:speed>9.7</osmand:speed>
                </extensions>
            </trkpt>
            <trkpt lat="-39.6422659" lon="-72.2005203">
                <ele>316</ele>
                <extensions>
                    <osmand:speed>9.7</osmand:speed>
                </extensions>
            </trkpt>
            <trkpt lat="-39.6423755" lon="-72.2005286">
                <ele>316.2</ele>
                <extensions>
                    <osmand:speed>9.7</osmand:speed>
                </extensions>
            </trkpt>
            <trkpt lat="-39.6424664" lon="-72.2005552">
                <ele>316</ele>
                <extensions>
                    <osmand:speed>9.7</osmand:speed>
                </extensions>
            </trkpt>
            <trkpt lat="-39.6425902" lon="-72.2005876">
                <ele>315.8</ele>
                <extensions>
                    <osmand:speed>9.7</osmand:speed>
                </extensions>
            </trkpt>
            <trkpt lat="-39.6427039" lon="-72.2005929">
                <ele>316</ele>
                <extensions>
                    <osmand:speed>9.7</osmand:speed>
                </extensions>
            </trkpt>
            <trkpt lat="-39.6428112" lon="-72.2005768">
                <ele>316.5</ele>
                <extensions>
                    <osmand:speed>9.7</osmand:speed>
                </extensions>
            </trkpt>
            <trkpt lat="-39.6429022" lon="-72.2005364">
                <ele>317.2</ele>
                <extensions>
                    <osmand:speed>9.7</osmand:speed>
                </extensions>
            </trkpt>
            <trkpt lat="-39.6430053" lon="-72.2004586">
                <ele>319</ele>
                <extensions>
                    <osmand:speed>9.7</osmand:speed>
                </extensions>
            </trkpt>
            <trkpt lat="-39.6431046" lon="-72.2003649">
                <ele>321.5</ele>
                <extensions>
                    <osmand:speed>9.7</osmand:speed>
                </extensions>
            </trkpt>
            <trkpt lat="-39.6431747" lon="-72.2003193">
                <ele>322.8</ele>
                <extensions>
                    <osmand:speed>9.7</osmand:speed>
                </extensions>
            </trkpt>
            <trkpt lat="-39.6432306" lon="-72.2003084">
                <ele>323</ele>
                <extensions>
                    <osmand:speed>9.7</osmand:speed>
                </extensions>
            </trkpt>
            <trkpt lat="-39.643338" lon="-72.200295">
                <ele>323.2</ele>
                <extensions>
                    <osmand:speed>9.7</osmand:speed>
                </extensions>
            </trkpt>
            <trkpt lat="-39.6438461" lon="-72.2002711">
                <ele>324.8</ele>
                <extensions>
                    <osmand:speed>9.7</osmand:speed>
                </extensions>
            </trkpt>
            <trkpt lat="-39.6439576" lon="-72.2002521">
                <ele>325.2</ele>
                <extensions>
                    <osmand:speed>9.7</osmand:speed>
                </extensions>
            </trkpt>
            <trkpt lat="-39.6440731" lon="-72.2002092">
                <ele>326.2</ele>
                <extensions>
                    <osmand:speed>9.7</osmand:speed>
                </extensions>
            </trkpt>
            <trkpt lat="-39.6442239" lon="-72.2001287">
                <ele>328.2</ele>
                <extensions>
                    <osmand:speed>9.7</osmand:speed>
                </extensions>
            </trkpt>
            <trkpt lat="-39.6443065" lon="-72.2000618">
                <ele>329.8</ele>
                <extensions>
                    <osmand:speed>9.7</osmand:speed>
                </extensions>
            </trkpt>
            <trkpt lat="-39.6444471" lon="-72.1999599">
                <ele>331.8</ele>
                <extensions>
                    <osmand:speed>9.7</osmand:speed>
                </extensions>
            </trkpt>
            <trkpt lat="-39.6448249" lon="-72.1996459">
                <ele>339</ele>
                <extensions>
                    <osmand:speed>9.7</osmand:speed>
                </extensions>
            </trkpt>
            <trkpt lat="-39.644891" lon="-72.199603">
                <ele>340.2</ele>
                <extensions>
                    <osmand:speed>9.7</osmand:speed>
                </extensions>
            </trkpt>
            <trkpt lat="-39.6449633" lon="-72.1995683">
                <ele>341.5</ele>
                <extensions>
                    <osmand:speed>9.7</osmand:speed>
                </extensions>
            </trkpt>
            <trkpt lat="-39.6450357" lon="-72.199544">
                <ele>342.5</ele>
                <extensions>
                    <osmand:speed>9.7</osmand:speed>
                </extensions>
            </trkpt>
            <trkpt lat="-39.645112" lon="-72.1995335">
                <ele>343.2</ele>
                <extensions>
                    <osmand:speed>9.7</osmand:speed>
                </extensions>
            </trkpt>
            <trkpt lat="-39.6451884" lon="-72.1995306">
                <ele>343.8</ele>
                <extensions>
                    <osmand:speed>9.7</osmand:speed>
                </extensions>
            </trkpt>
            <trkpt lat="-39.645265" lon="-72.1995413">
                <ele>343.6</ele>
                <extensions>
                    <osmand:speed>9.7</osmand:speed>
                </extensions>
            </trkpt>
            <trkpt lat="-39.6453414" lon="-72.1995656">
                <ele>343.5</ele>
                <extensions>
                    <osmand:speed>9.7</osmand:speed>
                </extensions>
            </trkpt>
            <trkpt lat="-39.6454156" lon="-72.1995978">
                <ele>343</ele>
                <extensions>
                    <osmand:speed>9.7</osmand:speed>
                </extensions>
            </trkpt>
            <trkpt lat="-39.6454858" lon="-72.1996434">
                <ele>342.2</ele>
                <extensions>
                    <osmand:speed>9.7</osmand:speed>
                </extensions>
            </trkpt>
            <trkpt lat="-39.6455519" lon="-72.1996971">
                <ele>341.5</ele>
                <extensions>
                    <osmand:speed>9.7</osmand:speed>
                </extensions>
            </trkpt>
            <trkpt lat="-39.6457502" lon="-72.1998551">
                <ele>340.8</ele>
                <extensions>
                    <osmand:speed>9.7</osmand:speed>
                </extensions>
            </trkpt>
            <trkpt lat="-39.6458763" lon="-72.1999195">
                <ele>340.5</ele>
                <extensions>
                    <osmand:speed>9.7</osmand:speed>
                </extensions>
            </trkpt>
            <trkpt lat="-39.6459961" lon="-72.1999463">
                <ele>340.6</ele>
                <extensions>
                    <osmand:speed>9.7</osmand:speed>
                </extensions>
            </trkpt>
            <trkpt lat="-39.6461138" lon="-72.1999651">
                <ele>340.8</ele>
                <extensions>
                    <osmand:speed>9.7</osmand:speed>
                </extensions>
            </trkpt>
            <trkpt lat="-39.6462274" lon="-72.1999572">
                <ele>341.2</ele>
                <extensions>
                    <osmand:speed>9.7</osmand:speed>
                </extensions>
            </trkpt>
            <trkpt lat="-39.6464009" lon="-72.1999304">
                <ele>342</ele>
                <extensions>
                    <osmand:speed>9.7</osmand:speed>
                </extensions>
            </trkpt>
            <trkpt lat="-39.6465639" lon="-72.19989">
                <ele>342.5</ele>
                <extensions>
                    <osmand:speed>9.7</osmand:speed>
                </extensions>
            </trkpt>
            <trkpt lat="-39.6465909" lon="-72.1998821">
                <ele>342.6</ele>
                <extensions>
                    <osmand:speed>9.7</osmand:speed>
                </extensions>
            </trkpt>
            <trkpt lat="-39.6467644" lon="-72.1998256">
                <ele>343.5</ele>
                <extensions>
                    <osmand:speed>9.7</osmand:speed>
                </extensions>
            </trkpt>
            <trkpt lat="-39.6468861" lon="-72.1997775">
                <ele>344.2</ele>
                <extensions>
                    <osmand:speed>9.7</osmand:speed>
                </extensions>
            </trkpt>
            <trkpt lat="-39.6469668" lon="-72.1997185">
                <ele>345.2</ele>
                <extensions>
                    <osmand:speed>9.7</osmand:speed>
                </extensions>
            </trkpt>
            <trkpt lat="-39.6470389" lon="-72.1996434">
                <ele>346.5</ele>
                <extensions>
                    <osmand:speed>9.7</osmand:speed>
                </extensions>
            </trkpt>
            <trkpt lat="-39.6471795" lon="-72.1994744">
                <ele>349.2</ele>
                <extensions>
                    <osmand:speed>9.7</osmand:speed>
                </extensions>
            </trkpt>
            <trkpt lat="-39.6472372" lon="-72.1993967">
                <ele>350.2</ele>
                <extensions>
                    <osmand:speed>9.7</osmand:speed>
                </extensions>
            </trkpt>
            <trkpt lat="-39.647295" lon="-72.1993455">
                <ele>351</ele>
                <extensions>
                    <osmand:speed>9.7</osmand:speed>
                </extensions>
            </trkpt>
            <trkpt lat="-39.6473509" lon="-72.1993133">
                <ele>351.2</ele>
                <extensions>
                    <osmand:speed>9.7</osmand:speed>
                </extensions>
            </trkpt>
            <trkpt lat="-39.6473983" lon="-72.1993026">
                <ele>351.2</ele>
                <extensions>
                    <osmand:speed>9.7</osmand:speed>
                </extensions>
            </trkpt>
            <trkpt lat="-39.6474769" lon="-72.1993187">
                <ele>351</ele>
                <extensions>
                    <osmand:speed>9.7</osmand:speed>
                </extensions>
            </trkpt>
            <trkpt lat="-39.6475449" lon="-72.1993564">
                <ele>350.5</ele>
                <extensions>
                    <osmand:speed>9.7</osmand:speed>
                </extensions>
            </trkpt>
            <trkpt lat="-39.6476628" lon="-72.1994394">
                <ele>349.5</ele>
                <extensions>
                    <osmand:speed>9.7</osmand:speed>
                </extensions>
            </trkpt>
            <trkpt lat="-39.6480385" lon="-72.1996915">
                <ele>345.8</ele>
                <extensions>
                    <osmand:speed>9.7</osmand:speed>
                </extensions>
            </trkpt>
            <trkpt lat="-39.6483319" lon="-72.1999195">
                <ele>342.5</ele>
                <extensions>
                    <osmand:speed>9.7</osmand:speed>
                </extensions>
            </trkpt>
            <trkpt lat="-39.6484166" lon="-72.1999733">
                <ele>341.8</ele>
                <extensions>
                    <osmand:speed>9.7</osmand:speed>
                </extensions>
            </trkpt>
            <trkpt lat="-39.6484908" lon="-72.1999894">
                <ele>341.5</ele>
                <extensions>
                    <osmand:speed>9.7</osmand:speed>
                </extensions>
            </trkpt>
            <trkpt lat="-39.6485858" lon="-72.1999867">
                <ele>341.8</ele>
                <extensions>
                    <osmand:speed>9.7</osmand:speed>
                </extensions>
            </trkpt>
            <trkpt lat="-39.6487553" lon="-72.1999867">
                <ele>342.2</ele>
                <extensions>
                    <osmand:speed>9.7</osmand:speed>
                </extensions>
            </trkpt>
            <trkpt lat="-39.6489556" lon="-72.1999572">
                <ele>343.5</ele>
                <extensions>
                    <osmand:speed>9.7</osmand:speed>
                </extensions>
            </trkpt>
            <trkpt lat="-39.649036" lon="-72.1999356">
                <ele>344</ele>
                <extensions>
                    <osmand:speed>9.7</osmand:speed>
                </extensions>
            </trkpt>
            <trkpt lat="-39.6492095" lon="-72.1998848">
                <ele>345</ele>
                <extensions>
                    <osmand:speed>9.7</osmand:speed>
                </extensions>
            </trkpt>
            <trkpt lat="-39.6495566" lon="-72.1998097">
                <ele>347</ele>
                <extensions>
                    <osmand:speed>9.7</osmand:speed>
                </extensions>
            </trkpt>
            <trkpt lat="-39.6495812" lon="-72.1998044">
                <ele>347.2</ele>
                <extensions>
                    <osmand:speed>9.7</osmand:speed>
                </extensions>
            </trkpt>
            <trkpt lat="-39.6496805" lon="-72.1997883">
                <ele>348</ele>
                <extensions>
                    <osmand:speed>9.7</osmand:speed>
                </extensions>
            </trkpt>
            <trkpt lat="-39.6497631" lon="-72.1998015">
                <ele>348.2</ele>
                <extensions>
                    <osmand:speed>9.7</osmand:speed>
                </extensions>
            </trkpt>
            <trkpt lat="-39.6498891" lon="-72.1998417">
                <ele>348.5</ele>
                <extensions>
                    <osmand:speed>9.7</osmand:speed>
                </extensions>
            </trkpt>
            <trkpt lat="-39.6503247" lon="-72.1999651">
                <ele>348.2</ele>
                <extensions>
                    <osmand:speed>9.7</osmand:speed>
                </extensions>
            </trkpt>
            <trkpt lat="-39.6504529" lon="-72.2000107">
                <ele>347.9</ele>
                <extensions>
                    <osmand:speed>9.7</osmand:speed>
                </extensions>
            </trkpt>
            <trkpt lat="-39.6505023" lon="-72.2000402">
                <ele>347.7</ele>
                <extensions>
                    <osmand:speed>9.7</osmand:speed>
                </extensions>
            </trkpt>
            <trkpt lat="-39.6505684" lon="-72.2001235">
                <ele>347.5</ele>
                <extensions>
                    <osmand:speed>9.7</osmand:speed>
                </extensions>
            </trkpt>
            <trkpt lat="-39.6507026" lon="-72.2003649">
                <ele>344</ele>
                <extensions>
                    <osmand:speed>9.7</osmand:speed>
                </extensions>
            </trkpt>
            <trkpt lat="-39.6507749" lon="-72.2005069">
                <ele>341</ele>
                <extensions>
                    <osmand:speed>9.7</osmand:speed>
                </extensions>
            </trkpt>
            <trkpt lat="-39.6508969" lon="-72.2007939">
                <ele>337</ele>
                <extensions>
                    <osmand:speed>9.7</osmand:speed>
                </extensions>
            </trkpt>
            <trkpt lat="-39.6509382" lon="-72.200928">
                <ele>334.5</ele>
                <extensions>
                    <osmand:speed>9.7</osmand:speed>
                </extensions>
            </trkpt>
            <trkpt lat="-39.6509444" lon="-72.2010031">
                <ele>333</ele>
                <extensions>
                    <osmand:speed>9.7</osmand:speed>
                </extensions>
            </trkpt>
            <trkpt lat="-39.6509382" lon="-72.2011077">
                <ele>330.8</ele>
                <extensions>
                    <osmand:speed>9.7</osmand:speed>
                </extensions>
            </trkpt>
            <trkpt lat="-39.6509031" lon="-72.2013223">
                <ele>326.2</ele>
                <extensions>
                    <osmand:speed>9.7</osmand:speed>
                </extensions>
            </trkpt>
            <trkpt lat="-39.6508947" lon="-72.201443">
                <ele>324.2</ele>
                <extensions>
                    <osmand:speed>9.7</osmand:speed>
                </extensions>
            </trkpt>
            <trkpt lat="-39.6509093" lon="-72.2015476">
                <ele>322.8</ele>
                <extensions>
                    <osmand:speed>9.7</osmand:speed>
                </extensions>
            </trkpt>
            <trkpt lat="-39.6509339" lon="-72.20162">
                <ele>322</ele>
                <extensions>
                    <osmand:speed>9.7</osmand:speed>
                </extensions>
            </trkpt>
            <trkpt lat="-39.6510103" lon="-72.2017382">
                <ele>321</ele>
                <extensions>
                    <osmand:speed>9.7</osmand:speed>
                </extensions>
            </trkpt>
            <trkpt lat="-39.6511282" lon="-72.2018589">
                <ele>320.2</ele>
                <extensions>
                    <osmand:speed>9.7</osmand:speed>
                </extensions>
            </trkpt>
            <trkpt lat="-39.6515082" lon="-72.2021298">
                <ele>320</ele>
                <extensions>
                    <osmand:speed>9.7</osmand:speed>
                </extensions>
            </trkpt>
            <trkpt lat="-39.651597" lon="-72.2021806">
                <ele>320.1</ele>
                <extensions>
                    <osmand:speed>9.7</osmand:speed>
                </extensions>
            </trkpt>
            <trkpt lat="-39.651661" lon="-72.2021996">
                <ele>320.2</ele>
                <extensions>
                    <osmand:speed>9.7</osmand:speed>
                </extensions>
            </trkpt>
            <trkpt lat="-39.6517641" lon="-72.2022157">
                <ele>321.2</ele>
                <extensions>
                    <osmand:speed>9.7</osmand:speed>
                </extensions>
            </trkpt>
            <trkpt lat="-39.6519128" lon="-72.2022289">
                <ele>322.8</ele>
                <extensions>
                    <osmand:speed>9.7</osmand:speed>
                </extensions>
            </trkpt>
            <trkpt lat="-39.6520429" lon="-72.2022478">
                <ele>324</ele>
                <extensions>
                    <osmand:speed>9.7</osmand:speed>
                </extensions>
            </trkpt>
            <trkpt lat="-39.6521277" lon="-72.2022718">
                <ele>324.8</ele>
                <extensions>
                    <osmand:speed>9.7</osmand:speed>
                </extensions>
            </trkpt>
            <trkpt lat="-39.6522186" lon="-72.2023147">
                <ele>325.2</ele>
                <extensions>
                    <osmand:speed>9.7</osmand:speed>
                </extensions>
            </trkpt>
            <trkpt lat="-39.6523425" lon="-72.2023791">
                <ele>325.5</ele>
                <extensions>
                    <osmand:speed>9.7</osmand:speed>
                </extensions>
            </trkpt>
            <trkpt lat="-39.6525096" lon="-72.2024463">
                <ele>326.2</ele>
                <extensions>
                    <osmand:speed>9.7</osmand:speed>
                </extensions>
            </trkpt>
            <trkpt lat="-39.6526254" lon="-72.2024732">
                <ele>327.5</ele>
                <extensions>
                    <osmand:speed>9.7</osmand:speed>
                </extensions>
            </trkpt>
            <trkpt lat="-39.6525552" lon="-72.2021511">
                <ele>331.5</ele>
                <extensions>
                    <osmand:speed>9.7</osmand:speed>
                </extensions>
            </trkpt>
            <trkpt lat="-39.652553" lon="-72.2020572">
                <ele>333.5</ele>
                <extensions>
                    <osmand:speed>9.7</osmand:speed>
                </extensions>
            </trkpt>
            <trkpt lat="-39.6525676" lon="-72.2020038">
                <ele>334.8</ele>
                <extensions>
                    <osmand:speed>9.7</osmand:speed>
                </extensions>
            </trkpt>
            <trkpt lat="-39.6526046" lon="-72.2019501">
                <ele>336.2</ele>
                <extensions>
                    <osmand:speed>9.7</osmand:speed>
                </extensions>
            </trkpt>
            <trkpt lat="-39.6526583" lon="-72.2019204">
                <ele>337.5</ele>
                <extensions>
                    <osmand:speed>9.7</osmand:speed>
                </extensions>
            </trkpt>
            <trkpt lat="-39.6529185" lon="-72.2018775">
                <ele>342</ele>
                <extensions>
                    <osmand:speed>9.7</osmand:speed>
                </extensions>
            </trkpt>
            <trkpt lat="-39.65322" lon="-72.2018428">
                <ele>346.5</ele>
                <extensions>
                    <osmand:speed>9.7</osmand:speed>
                </extensions>
            </trkpt>
            <trkpt lat="-39.6536743" lon="-72.2018051">
                <ele>352.2</ele>
                <extensions>
                    <osmand:speed>9.7</osmand:speed>
                </extensions>
            </trkpt>
            <trkpt lat="-39.6540875" lon="-72.2017785">
                <ele>357.5</ele>
                <extensions>
                    <osmand:speed>9.7</osmand:speed>
                </extensions>
            </trkpt>
            <trkpt lat="-39.6544384" lon="-72.2017139">
                <ele>363</ele>
                <extensions>
                    <osmand:speed>9.7</osmand:speed>
                </extensions>
            </trkpt>
            <trkpt lat="-39.6547275" lon="-72.201671">
                <ele>368.5</ele>
                <extensions>
                    <osmand:speed>9.7</osmand:speed>
                </extensions>
            </trkpt>
            <trkpt lat="-39.6549588" lon="-72.201671">
                <ele>372.8</ele>
                <extensions>
                    <osmand:speed>9.7</osmand:speed>
                </extensions>
            </trkpt>
            <trkpt lat="-39.6555289" lon="-72.2017139">
                <ele>383</ele>
                <extensions>
                    <osmand:speed>9.7</osmand:speed>
                </extensions>
            </trkpt>
            <trkpt lat="-39.6557891" lon="-72.2017139">
                <ele>387.5</ele>
                <extensions>
                    <osmand:speed>9.7</osmand:speed>
                </extensions>
            </trkpt>
            <trkpt lat="-39.6559832" lon="-72.2016817">
                <ele>391</ele>
                <extensions>
                    <osmand:speed>9.7</osmand:speed>
                </extensions>
            </trkpt>
            <trkpt lat="-39.6560429" lon="-72.2016683">
                <ele>392.2</ele>
                <extensions>
                    <osmand:speed>9.7</osmand:speed>
                </extensions>
            </trkpt>
            <trkpt lat="-39.6561009" lon="-72.2016417">
                <ele>393.8</ele>
                <extensions>
                    <osmand:speed>9.7</osmand:speed>
                </extensions>
            </trkpt>
            <trkpt lat="-39.6561565" lon="-72.2016039">
                <ele>395.2</ele>
                <extensions>
                    <osmand:speed>9.7</osmand:speed>
                </extensions>
            </trkpt>
            <trkpt lat="-39.6562062" lon="-72.2015558">
                <ele>396.8</ele>
                <extensions>
                    <osmand:speed>9.7</osmand:speed>
                </extensions>
            </trkpt>
            <trkpt lat="-39.6562494" lon="-72.2014993">
                <ele>398.2</ele>
                <extensions>
                    <osmand:speed>9.7</osmand:speed>
                </extensions>
            </trkpt>
            <trkpt lat="-39.6562866" lon="-72.2014378">
                <ele>400</ele>
                <extensions>
                    <osmand:speed>9.7</osmand:speed>
                </extensions>
            </trkpt>
            <trkpt lat="-39.6563177" lon="-72.2013652">
                <ele>401.8</ele>
                <extensions>
                    <osmand:speed>9.7</osmand:speed>
                </extensions>
            </trkpt>
            <trkpt lat="-39.6563363" lon="-72.2012983">
                <ele>403.8</ele>
                <extensions>
                    <osmand:speed>9.7</osmand:speed>
                </extensions>
            </trkpt>
            <trkpt lat="-39.6563506" lon="-72.2012259">
                <ele>405.8</ele>
                <extensions>
                    <osmand:speed>9.7</osmand:speed>
                </extensions>
            </trkpt>
            <trkpt lat="-39.6563549" lon="-72.2011533">
                <ele>407.8</ele>
                <extensions>
                    <osmand:speed>9.7</osmand:speed>
                </extensions>
            </trkpt>
            <trkpt lat="-39.6563528" lon="-72.2010782">
                <ele>409.8</ele>
                <extensions>
                    <osmand:speed>9.7</osmand:speed>
                </extensions>
            </trkpt>
            <trkpt lat="-39.6563425" lon="-72.2010058">
                <ele>411.5</ele>
                <extensions>
                    <osmand:speed>9.7</osmand:speed>
                </extensions>
            </trkpt>
            <trkpt lat="-39.656326" lon="-72.2009362">
                <ele>413</ele>
                <extensions>
                    <osmand:speed>9.7</osmand:speed>
                </extensions>
            </trkpt>
            <trkpt lat="-39.6563012" lon="-72.200869">
                <ele>414.2</ele>
                <extensions>
                    <osmand:speed>9.7</osmand:speed>
                </extensions>
            </trkpt>
            <trkpt lat="-39.6562723" lon="-72.2008073">
                <ele>415.2</ele>
                <extensions>
                    <osmand:speed>9.7</osmand:speed>
                </extensions>
            </trkpt>
            <trkpt lat="-39.656045" lon="-72.2005498">
                <ele>416.8</ele>
                <extensions>
                    <osmand:speed>9.7</osmand:speed>
                </extensions>
            </trkpt>
            <trkpt lat="-39.6558882" lon="-72.2003623">
                <ele>419.5</ele>
                <extensions>
                    <osmand:speed>9.7</osmand:speed>
                </extensions>
            </trkpt>
            <trkpt lat="-39.6557559" lon="-72.2001743">
                <ele>422.5</ele>
                <extensions>
                    <osmand:speed>9.7</osmand:speed>
                </extensions>
            </trkpt>
            <trkpt lat="-39.6556485" lon="-72.1999222">
                <ele>427.2</ele>
                <extensions>
                    <osmand:speed>9.7</osmand:speed>
                </extensions>
            </trkpt>
            <trkpt lat="-39.6555413" lon="-72.1995683">
                <ele>434.2</ele>
                <extensions>
                    <osmand:speed>9.7</osmand:speed>
                </extensions>
            </trkpt>
            <trkpt lat="-39.6555" lon="-72.1993269">
                <ele>440.2</ele>
                <extensions>
                    <osmand:speed>9.7</osmand:speed>
                </extensions>
            </trkpt>
            <trkpt lat="-39.6554979" lon="-72.1992652">
                <ele>441.8</ele>
                <extensions>
                    <osmand:speed>9.7</osmand:speed>
                </extensions>
            </trkpt>
            <trkpt lat="-39.6555041" lon="-72.1992035">
                <ele>443.5</ele>
                <extensions>
                    <osmand:speed>9.7</osmand:speed>
                </extensions>
            </trkpt>
            <trkpt lat="-39.6555184" lon="-72.1991418">
                <ele>445.2</ele>
                <extensions>
                    <osmand:speed>9.7</osmand:speed>
                </extensions>
            </trkpt>
            <trkpt lat="-39.6555432" lon="-72.1990802">
                <ele>447</ele>
                <extensions>
                    <osmand:speed>9.7</osmand:speed>
                </extensions>
            </trkpt>
            <trkpt lat="-39.6555743" lon="-72.199029">
                <ele>448.8</ele>
                <extensions>
                    <osmand:speed>9.7</osmand:speed>
                </extensions>
            </trkpt>
            <trkpt lat="-39.6556134" lon="-72.1989834">
                <ele>450.2</ele>
                <extensions>
                    <osmand:speed>9.7</osmand:speed>
                </extensions>
            </trkpt>
            <trkpt lat="-39.6556569" lon="-72.1989487">
                <ele>451.5</ele>
                <extensions>
                    <osmand:speed>9.7</osmand:speed>
                </extensions>
            </trkpt>
            <trkpt lat="-39.6557065" lon="-72.1989244">
                <ele>452.8</ele>
                <extensions>
                    <osmand:speed>9.7</osmand:speed>
                </extensions>
            </trkpt>
            <trkpt lat="-39.6558509" lon="-72.1989566">
                <ele>454.2</ele>
                <extensions>
                    <osmand:speed>9.7</osmand:speed>
                </extensions>
            </trkpt>
            <trkpt lat="-39.6559584" lon="-72.1989566">
                <ele>455.8</ele>
                <extensions>
                    <osmand:speed>9.7</osmand:speed>
                </extensions>
            </trkpt>
            <trkpt lat="-39.6561112" lon="-72.198887">
                <ele>459.2</ele>
                <extensions>
                    <osmand:speed>9.7</osmand:speed>
                </extensions>
            </trkpt>
            <trkpt lat="-39.656363" lon="-72.1988332">
                <ele>464</ele>
                <extensions>
                    <osmand:speed>9.7</osmand:speed>
                </extensions>
            </trkpt>
            <trkpt lat="-39.6565282" lon="-72.198801">
                <ele>467</ele>
                <extensions>
                    <osmand:speed>9.7</osmand:speed>
                </extensions>
            </trkpt>
            <trkpt lat="-39.6566397" lon="-72.1987476">
                <ele>469.8</ele>
                <extensions>
                    <osmand:speed>9.7</osmand:speed>
                </extensions>
            </trkpt>
            <trkpt lat="-39.6567431" lon="-72.1986079">
                <ele>474</ele>
                <extensions>
                    <osmand:speed>9.7</osmand:speed>
                </extensions>
            </trkpt>
            <trkpt lat="-39.6568546" lon="-72.1984954">
                <ele>477.2</ele>
                <extensions>
                    <osmand:speed>9.7</osmand:speed>
                </extensions>
            </trkpt>
            <trkpt lat="-39.6569701" lon="-72.1984845">
                <ele>479.2</ele>
                <extensions>
                    <osmand:speed>9.7</osmand:speed>
                </extensions>
            </trkpt>
            <trkpt lat="-39.6571064" lon="-72.1984845">
                <ele>481.8</ele>
                <extensions>
                    <osmand:speed>9.7</osmand:speed>
                </extensions>
            </trkpt>
            <trkpt lat="-39.6573213" lon="-72.1985757">
                <ele>484.5</ele>
                <extensions>
                    <osmand:speed>9.7</osmand:speed>
                </extensions>
            </trkpt>
            <trkpt lat="-39.6575483" lon="-72.1986725">
                <ele>487.2</ele>
                <extensions>
                    <osmand:speed>9.7</osmand:speed>
                </extensions>
            </trkpt>
            <trkpt lat="-39.6578002" lon="-72.1988441">
                <ele>488</ele>
                <extensions>
                    <osmand:speed>9.7</osmand:speed>
                </extensions>
            </trkpt>
            <trkpt lat="-39.6581101" lon="-72.1990907">
                <ele>489.3</ele>
                <extensions>
                    <osmand:speed>9.7</osmand:speed>
                </extensions>
            </trkpt>
            <trkpt lat="-39.6583001" lon="-72.1992838">
                <ele>490.1</ele>
                <extensions>
                    <osmand:speed>9.7</osmand:speed>
                </extensions>
            </trkpt>
            <trkpt lat="-39.6585188" lon="-72.1994771">
                <ele>491</ele>
                <extensions>
                    <osmand:speed>9.7</osmand:speed>
                </extensions>
            </trkpt>
            <trkpt lat="-39.6586181" lon="-72.1995522">
                <ele>490.8</ele>
                <extensions>
                    <osmand:speed>9.7</osmand:speed>
                </extensions>
            </trkpt>
            <trkpt lat="-39.6590517" lon="-72.1997559">
                <ele>493.8</ele>
                <extensions>
                    <osmand:speed>9.7</osmand:speed>
                </extensions>
            </trkpt>
            <trkpt lat="-39.6591796" lon="-72.1997936">
                <ele>494.8</ele>
                <extensions>
                    <osmand:speed>9.7</osmand:speed>
                </extensions>
            </trkpt>
            <trkpt lat="-39.6593097" lon="-72.1998178">
                <ele>495.5</ele>
                <extensions>
                    <osmand:speed>9.7</osmand:speed>
                </extensions>
            </trkpt>
            <trkpt lat="-39.6594399" lon="-72.1998283">
                <ele>496.8</ele>
                <extensions>
                    <osmand:speed>9.7</osmand:speed>
                </extensions>
            </trkpt>
            <trkpt lat="-39.6595721" lon="-72.1998256">
                <ele>498.5</ele>
                <extensions>
                    <osmand:speed>9.7</osmand:speed>
                </extensions>
            </trkpt>
            <trkpt lat="-39.659702" lon="-72.1998122">
                <ele>500.2</ele>
                <extensions>
                    <osmand:speed>9.7</osmand:speed>
                </extensions>
            </trkpt>
            <trkpt lat="-39.6598321" lon="-72.1997883">
                <ele>501.8</ele>
                <extensions>
                    <osmand:speed>9.7</osmand:speed>
                </extensions>
            </trkpt>
            <trkpt lat="-39.6599603" lon="-72.1997505">
                <ele>503.2</ele>
                <extensions>
                    <osmand:speed>9.7</osmand:speed>
                </extensions>
            </trkpt>
            <trkpt lat="-39.660084" lon="-72.1997024">
                <ele>504.8</ele>
                <extensions>
                    <osmand:speed>9.7</osmand:speed>
                </extensions>
            </trkpt>
            <trkpt lat="-39.6602079" lon="-72.1996407">
                <ele>506.2</ele>
                <extensions>
                    <osmand:speed>9.7</osmand:speed>
                </extensions>
            </trkpt>
            <trkpt lat="-39.6603256" lon="-72.1995683">
                <ele>508</ele>
                <extensions>
                    <osmand:speed>9.7</osmand:speed>
                </extensions>
            </trkpt>
            <trkpt lat="-39.6604414" lon="-72.199485">
                <ele>510</ele>
                <extensions>
                    <osmand:speed>9.7</osmand:speed>
                </extensions>
            </trkpt>
            <trkpt lat="-39.6605507" lon="-72.1993911">
                <ele>512.2</ele>
                <extensions>
                    <osmand:speed>9.7</osmand:speed>
                </extensions>
            </trkpt>
            <trkpt lat="-39.6607324" lon="-72.1990963">
                <ele>519.2</ele>
                <extensions>
                    <osmand:speed>9.7</osmand:speed>
                </extensions>
            </trkpt>
            <trkpt lat="-39.6610442" lon="-72.1986751">
                <ele>526.5</ele>
                <extensions>
                    <osmand:speed>9.7</osmand:speed>
                </extensions>
            </trkpt>
            <trkpt lat="-39.6610896" lon="-72.1986161">
                <ele>527.5</ele>
                <extensions>
                    <osmand:speed>9.7</osmand:speed>
                </extensions>
            </trkpt>
            <trkpt lat="-39.6611433" lon="-72.1985623">
                <ele>528.2</ele>
                <extensions>
                    <osmand:speed>9.7</osmand:speed>
                </extensions>
            </trkpt>
            <trkpt lat="-39.6612011" lon="-72.1985223">
                <ele>528.8</ele>
                <extensions>
                    <osmand:speed>9.7</osmand:speed>
                </extensions>
            </trkpt>
            <trkpt lat="-39.6612632" lon="-72.1984928">
                <ele>528.9</ele>
                <extensions>
                    <osmand:speed>9.7</osmand:speed>
                </extensions>
            </trkpt>
            <trkpt lat="-39.6613272" lon="-72.1984711">
                <ele>529</ele>
                <extensions>
                    <osmand:speed>9.7</osmand:speed>
                </extensions>
            </trkpt>
            <trkpt lat="-39.6613933" lon="-72.1984632">
                <ele>528.8</ele>
                <extensions>
                    <osmand:speed>9.7</osmand:speed>
                </extensions>
            </trkpt>
            <trkpt lat="-39.661453" lon="-72.1984684">
                <ele>528.5</ele>
                <extensions>
                    <osmand:speed>9.7</osmand:speed>
                </extensions>
            </trkpt>
            <trkpt lat="-39.6615129" lon="-72.198482">
                <ele>528.2</ele>
                <extensions>
                    <osmand:speed>9.7</osmand:speed>
                </extensions>
            </trkpt>
            <trkpt lat="-39.6615707" lon="-72.1985033">
                <ele>527.8</ele>
                <extensions>
                    <osmand:speed>9.7</osmand:speed>
                </extensions>
            </trkpt>
            <trkpt lat="-39.6616266" lon="-72.1985355">
                <ele>527.2</ele>
                <extensions>
                    <osmand:speed>9.7</osmand:speed>
                </extensions>
            </trkpt>
            <trkpt lat="-39.6616781" lon="-72.1985757">
                <ele>526.5</ele>
                <extensions>
                    <osmand:speed>9.7</osmand:speed>
                </extensions>
            </trkpt>
            <trkpt lat="-39.6623306" lon="-72.1991336">
                <ele>524.5</ele>
                <extensions>
                    <osmand:speed>9.7</osmand:speed>
                </extensions>
            </trkpt>
            <trkpt lat="-39.6627683" lon="-72.1994879">
                <ele>522.8</ele>
                <extensions>
                    <osmand:speed>9.7</osmand:speed>
                </extensions>
            </trkpt>
            <trkpt lat="-39.6629913" lon="-72.1996273">
                <ele>522.3</ele>
                <extensions>
                    <osmand:speed>9.7</osmand:speed>
                </extensions>
            </trkpt>
            <trkpt lat="-39.6631565" lon="-72.1996971">
                <ele>522</ele>
                <extensions>
                    <osmand:speed>9.7</osmand:speed>
                </extensions>
            </trkpt>
            <trkpt lat="-39.6633239" lon="-72.1997532">
                <ele>521.8</ele>
                <extensions>
                    <osmand:speed>9.7</osmand:speed>
                </extensions>
            </trkpt>
            <trkpt lat="-39.6634932" lon="-72.1997988">
                <ele>521.5</ele>
                <extensions>
                    <osmand:speed>9.7</osmand:speed>
                </extensions>
            </trkpt>
            <trkpt lat="-39.6636646" lon="-72.199831">
                <ele>522.2</ele>
                <extensions>
                    <osmand:speed>9.7</osmand:speed>
                </extensions>
            </trkpt>
            <trkpt lat="-39.663838" lon="-72.19985">
                <ele>523.5</ele>
                <extensions>
                    <osmand:speed>9.7</osmand:speed>
                </extensions>
            </trkpt>
            <trkpt lat="-39.6640113" lon="-72.1998578">
                <ele>524.5</ele>
                <extensions>
                    <osmand:speed>9.7</osmand:speed>
                </extensions>
            </trkpt>
            <trkpt lat="-39.6641579" lon="-72.1998551">
                <ele>525.5</ele>
                <extensions>
                    <osmand:speed>9.7</osmand:speed>
                </extensions>
            </trkpt>
            <trkpt lat="-39.6643045" lon="-72.1998444">
                <ele>526.8</ele>
                <extensions>
                    <osmand:speed>9.7</osmand:speed>
                </extensions>
            </trkpt>
            <trkpt lat="-39.6644533" lon="-72.1998231">
                <ele>528.2</ele>
                <extensions>
                    <osmand:speed>9.7</osmand:speed>
                </extensions>
            </trkpt>
            <trkpt lat="-39.6644986" lon="-72.1998178">
                <ele>528.8</ele>
                <extensions>
                    <osmand:speed>9.7</osmand:speed>
                </extensions>
            </trkpt>
            <trkpt lat="-39.664544" lon="-72.1998231">
                <ele>528.9</ele>
                <extensions>
                    <osmand:speed>9.7</osmand:speed>
                </extensions>
            </trkpt>
            <trkpt lat="-39.6645896" lon="-72.1998339">
                <ele>529</ele>
                <extensions>
                    <osmand:speed>9.7</osmand:speed>
                </extensions>
            </trkpt>
            <trkpt lat="-39.664635" lon="-72.1998526">
                <ele>528.8</ele>
                <extensions>
                    <osmand:speed>9.7</osmand:speed>
                </extensions>
            </trkpt>
            <trkpt lat="-39.6646722" lon="-72.1998795">
                <ele>528.5</ele>
                <extensions>
                    <osmand:speed>9.7</osmand:speed>
                </extensions>
            </trkpt>
            <trkpt lat="-39.6647073" lon="-72.199909">
                <ele>528</ele>
                <extensions>
                    <osmand:speed>9.7</osmand:speed>
                </extensions>
            </trkpt>
            <trkpt lat="-39.6648952" lon="-72.2002281">
                <ele>522</ele>
                <extensions>
                    <osmand:speed>9.7</osmand:speed>
                </extensions>
            </trkpt>
            <trkpt lat="-39.664926" lon="-72.2002872">
                <ele>521</ele>
                <extensions>
                    <osmand:speed>9.7</osmand:speed>
                </extensions>
            </trkpt>
            <trkpt lat="-39.6649654" lon="-72.2003406">
                <ele>520</ele>
                <extensions>
                    <osmand:speed>9.7</osmand:speed>
                </extensions>
            </trkpt>
            <trkpt lat="-39.6650108" lon="-72.2003835">
                <ele>519.2</ele>
                <extensions>
                    <osmand:speed>9.7</osmand:speed>
                </extensions>
            </trkpt>
            <trkpt lat="-39.6650624" lon="-72.2004239">
                <ele>519</ele>
                <extensions>
                    <osmand:speed>9.7</osmand:speed>
                </extensions>
            </trkpt>
            <trkpt lat="-39.6651201" lon="-72.2004508">
                <ele>518.8</ele>
                <extensions>
                    <osmand:speed>9.7</osmand:speed>
                </extensions>
            </trkpt>
            <trkpt lat="-39.6651801" lon="-72.200464">
                <ele>519</ele>
                <extensions>
                    <osmand:speed>9.7</osmand:speed>
                </extensions>
            </trkpt>
            <trkpt lat="-39.6653245" lon="-72.2004586">
                <ele>521.2</ele>
                <extensions>
                    <osmand:speed>9.7</osmand:speed>
                </extensions>
            </trkpt>
            <trkpt lat="-39.6654568" lon="-72.2003996">
                <ele>525</ele>
                <extensions>
                    <osmand:speed>9.7</osmand:speed>
                </extensions>
            </trkpt>
            <trkpt lat="-39.6654795" lon="-72.2003889">
                <ele>525.8</ele>
                <extensions>
                    <osmand:speed>9.7</osmand:speed>
                </extensions>
            </trkpt>
            <trkpt lat="-39.6655062" lon="-72.2003862">
                <ele>526.2</ele>
                <extensions>
                    <osmand:speed>9.7</osmand:speed>
                </extensions>
            </trkpt>
            <trkpt lat="-39.6655311" lon="-72.2003918">
                <ele>526.4</ele>
                <extensions>
                    <osmand:speed>9.7</osmand:speed>
                </extensions>
            </trkpt>
            <trkpt lat="-39.6655559" lon="-72.200405">
                <ele>526.5</ele>
                <extensions>
                    <osmand:speed>9.7</osmand:speed>
                </extensions>
            </trkpt>
            <trkpt lat="-39.6655745" lon="-72.2004291">
                <ele>526.2</ele>
                <extensions>
                    <osmand:speed>9.7</osmand:speed>
                </extensions>
            </trkpt>
            <trkpt lat="-39.665591" lon="-72.2004561">
                <ele>525.8</ele>
                <extensions>
                    <osmand:speed>9.7</osmand:speed>
                </extensions>
            </trkpt>
            <trkpt lat="-39.6655991" lon="-72.2004908">
                <ele>525.2</ele>
                <extensions>
                    <osmand:speed>9.7</osmand:speed>
                </extensions>
            </trkpt>
            <trkpt lat="-39.6656013" lon="-72.200523">
                <ele>524.5</ele>
                <extensions>
                    <osmand:speed>9.7</osmand:speed>
                </extensions>
            </trkpt>
            <trkpt lat="-39.6656426" lon="-72.2006627">
                <ele>522.5</ele>
                <extensions>
                    <osmand:speed>9.7</osmand:speed>
                </extensions>
            </trkpt>
            <trkpt lat="-39.665655" lon="-72.2007215">
                <ele>521.8</ele>
                <extensions>
                    <osmand:speed>9.7</osmand:speed>
                </extensions>
            </trkpt>
            <trkpt lat="-39.6656755" lon="-72.2007778">
                <ele>521</ele>
                <extensions>
                    <osmand:speed>9.7</osmand:speed>
                </extensions>
            </trkpt>
            <trkpt lat="-39.6657044" lon="-72.200829">
                <ele>520.5</ele>
                <extensions>
                    <osmand:speed>9.7</osmand:speed>
                </extensions>
            </trkpt>
            <trkpt lat="-39.6657355" lon="-72.2008746">
                <ele>520</ele>
                <extensions>
                    <osmand:speed>9.7</osmand:speed>
                </extensions>
            </trkpt>
            <trkpt lat="-39.6657746" lon="-72.2009119">
                <ele>520</ele>
                <extensions>
                    <osmand:speed>9.7</osmand:speed>
                </extensions>
            </trkpt>
            <trkpt lat="-39.6658159" lon="-72.2009414">
                <ele>519.9</ele>
                <extensions>
                    <osmand:speed>9.7</osmand:speed>
                </extensions>
            </trkpt>
            <trkpt lat="-39.6659976" lon="-72.2010648">
                <ele>519.8</ele>
                <extensions>
                    <osmand:speed>9.7</osmand:speed>
                </extensions>
            </trkpt>
            <trkpt lat="-39.6663033" lon="-72.201215">
                <ele>520.8</ele>
                <extensions>
                    <osmand:speed>9.7</osmand:speed>
                </extensions>
            </trkpt>
            <trkpt lat="-39.6664477" lon="-72.2012794">
                <ele>521.8</ele>
                <extensions>
                    <osmand:speed>9.7</osmand:speed>
                </extensions>
            </trkpt>
            <trkpt lat="-39.6665633" lon="-72.2013974">
                <ele>521.5</ele>
                <extensions>
                    <osmand:speed>9.7</osmand:speed>
                </extensions>
            </trkpt>
            <trkpt lat="-39.6667863" lon="-72.2015744">
                <ele>521</ele>
                <extensions>
                    <osmand:speed>9.7</osmand:speed>
                </extensions>
            </trkpt>
            <trkpt lat="-39.6671497" lon="-72.2018106">
                <ele>521.8</ele>
                <extensions>
                    <osmand:speed>9.7</osmand:speed>
                </extensions>
            </trkpt>
            <trkpt lat="-39.6673728" lon="-72.2019553">
                <ele>522</ele>
                <extensions>
                    <osmand:speed>9.7</osmand:speed>
                </extensions>
            </trkpt>
            <trkpt lat="-39.6675215" lon="-72.2020894">
                <ele>520.8</ele>
                <extensions>
                    <osmand:speed>9.7</osmand:speed>
                </extensions>
            </trkpt>
            <trkpt lat="-39.667666" lon="-72.2022774">
                <ele>517.8</ele>
                <extensions>
                    <osmand:speed>9.7</osmand:speed>
                </extensions>
            </trkpt>
            <trkpt lat="-39.6678104" lon="-72.2024649">
                <ele>516</ele>
                <extensions>
                    <osmand:speed>9.7</osmand:speed>
                </extensions>
            </trkpt>
            <trkpt lat="-39.6678455" lon="-72.2025483">
                <ele>514.8</ele>
                <extensions>
                    <osmand:speed>9.7</osmand:speed>
                </extensions>
            </trkpt>
            <trkpt lat="-39.6678558" lon="-72.2026956">
                <ele>511.5</ele>
                <extensions>
                    <osmand:speed>9.7</osmand:speed>
                </extensions>
            </trkpt>
            <trkpt lat="-39.6678229" lon="-72.2028297">
                <ele>507.5</ele>
                <extensions>
                    <osmand:speed>9.7</osmand:speed>
                </extensions>
            </trkpt>
            <trkpt lat="-39.6678312" lon="-72.2029264">
                <ele>505</ele>
                <extensions>
                    <osmand:speed>9.7</osmand:speed>
                </extensions>
            </trkpt>
            <trkpt lat="-39.6678847" lon="-72.2030282">
                <ele>503.2</ele>
                <extensions>
                    <osmand:speed>9.7</osmand:speed>
                </extensions>
            </trkpt>
            <trkpt lat="-39.6681077" lon="-72.203302">
                <ele>501.5</ele>
                <extensions>
                    <osmand:speed>9.7</osmand:speed>
                </extensions>
            </trkpt>
            <trkpt lat="-39.6682068" lon="-72.2034949">
                <ele>498.5</ele>
                <extensions>
                    <osmand:speed>9.7</osmand:speed>
                </extensions>
            </trkpt>
            <trkpt lat="-39.6682811" lon="-72.203747">
                <ele>492.8</ele>
                <extensions>
                    <osmand:speed>9.7</osmand:speed>
                </extensions>
            </trkpt>
            <trkpt lat="-39.6683618" lon="-72.2039215">
                <ele>489.2</ele>
                <extensions>
                    <osmand:speed>9.7</osmand:speed>
                </extensions>
            </trkpt>
            <trkpt lat="-39.6683699" lon="-72.203951">
                <ele>488.8</ele>
                <extensions>
                    <osmand:speed>9.7</osmand:speed>
                </extensions>
            </trkpt>
            <trkpt lat="-39.6683721" lon="-72.2039832">
                <ele>488</ele>
                <extensions>
                    <osmand:speed>9.7</osmand:speed>
                </extensions>
            </trkpt>
            <trkpt lat="-39.668368" lon="-72.2040127">
                <ele>487.2</ele>
                <extensions>
                    <osmand:speed>9.7</osmand:speed>
                </extensions>
            </trkpt>
            <trkpt lat="-39.6683596" lon="-72.2040396">
                <ele>486.2</ele>
                <extensions>
                    <osmand:speed>9.7</osmand:speed>
                </extensions>
            </trkpt>
            <trkpt lat="-39.6683451" lon="-72.2040635">
                <ele>485.5</ele>
                <extensions>
                    <osmand:speed>9.7</osmand:speed>
                </extensions>
            </trkpt>
            <trkpt lat="-39.6683267" lon="-72.2040823">
                <ele>484.8</ele>
                <extensions>
                    <osmand:speed>9.7</osmand:speed>
                </extensions>
            </trkpt>
            <trkpt lat="-39.6683081" lon="-72.204093">
                <ele>484</ele>
                <extensions>
                    <osmand:speed>9.7</osmand:speed>
                </extensions>
            </trkpt>
            <trkpt lat="-39.6680664" lon="-72.2041924">
                <ele>477.2</ele>
                <extensions>
                    <osmand:speed>9.7</osmand:speed>
                </extensions>
            </trkpt>
            <trkpt lat="-39.6678064" lon="-72.2042781">
                <ele>470.5</ele>
                <extensions>
                    <osmand:speed>9.7</osmand:speed>
                </extensions>
            </trkpt>
            <trkpt lat="-39.6676082" lon="-72.2043478">
                <ele>465.2</ele>
                <extensions>
                    <osmand:speed>9.7</osmand:speed>
                </extensions>
            </trkpt>
            <trkpt lat="-39.6674843" lon="-72.2043532">
                <ele>463</ele>
                <extensions>
                    <osmand:speed>9.7</osmand:speed>
                </extensions>
            </trkpt>
            <trkpt lat="-39.6672737" lon="-72.2043587">
                <ele>459</ele>
                <extensions>
                    <osmand:speed>9.7</osmand:speed>
                </extensions>
            </trkpt>
            <trkpt lat="-39.667096" lon="-72.2043961">
                <ele>454.8</ele>
                <extensions>
                    <osmand:speed>9.7</osmand:speed>
                </extensions>
            </trkpt>
            <trkpt lat="-39.6668938" lon="-72.2043909">
                <ele>451.2</ele>
                <extensions>
                    <osmand:speed>9.7</osmand:speed>
                </extensions>
            </trkpt>
            <trkpt lat="-39.6666583" lon="-72.2043693">
                <ele>448.5</ele>
                <extensions>
                    <osmand:speed>9.7</osmand:speed>
                </extensions>
            </trkpt>
            <trkpt lat="-39.6662371" lon="-72.2043158">
                <ele>443.2</ele>
                <extensions>
                    <osmand:speed>9.7</osmand:speed>
                </extensions>
            </trkpt>
            <trkpt lat="-39.6660389" lon="-72.204321">
                <ele>440.2</ele>
                <extensions>
                    <osmand:speed>9.7</osmand:speed>
                </extensions>
            </trkpt>
            <trkpt lat="-39.6660122" lon="-72.204321">
                <ele>440</ele>
                <extensions>
                    <osmand:speed>9.7</osmand:speed>
                </extensions>
            </trkpt>
            <trkpt lat="-39.6659874" lon="-72.2043266">
                <ele>439.5</ele>
                <extensions>
                    <osmand:speed>9.7</osmand:speed>
                </extensions>
            </trkpt>
            <trkpt lat="-39.6659647" lon="-72.2043398">
                <ele>438.8</ele>
                <extensions>
                    <osmand:speed>9.7</osmand:speed>
                </extensions>
            </trkpt>
            <trkpt lat="-39.6659439" lon="-72.2043614">
                <ele>437.8</ele>
                <extensions>
                    <osmand:speed>9.7</osmand:speed>
                </extensions>
            </trkpt>
            <trkpt lat="-39.6659296" lon="-72.2043882">
                <ele>436.8</ele>
                <extensions>
                    <osmand:speed>9.7</osmand:speed>
                </extensions>
            </trkpt>
            <trkpt lat="-39.6659193" lon="-72.2044178">
                <ele>435.5</ele>
                <extensions>
                    <osmand:speed>9.7</osmand:speed>
                </extensions>
            </trkpt>
            <trkpt lat="-39.665915" lon="-72.2044551">
                <ele>434</ele>
                <extensions>
                    <osmand:speed>9.7</osmand:speed>
                </extensions>
            </trkpt>
            <trkpt lat="-39.6659172" lon="-72.2044929">
                <ele>432.8</ele>
                <extensions>
                    <osmand:speed>9.7</osmand:speed>
                </extensions>
            </trkpt>
            <trkpt lat="-39.6659296" lon="-72.2045277">
                <ele>431.8</ele>
                <extensions>
                    <osmand:speed>9.7</osmand:speed>
                </extensions>
            </trkpt>
            <trkpt lat="-39.6659482" lon="-72.2045572">
                <ele>431</ele>
                <extensions>
                    <osmand:speed>9.7</osmand:speed>
                </extensions>
            </trkpt>
            <trkpt lat="-39.6659957" lon="-72.204627">
                <ele>429.2</ele>
                <extensions>
                    <osmand:speed>9.7</osmand:speed>
                </extensions>
            </trkpt>
            <trkpt lat="-39.6661464" lon="-72.2048254">
                <ele>425</ele>
                <extensions>
                    <osmand:speed>9.7</osmand:speed>
                </extensions>
            </trkpt>
            <trkpt lat="-39.666357" lon="-72.2051259">
                <ele>418.8</ele>
                <extensions>
                    <osmand:speed>9.7</osmand:speed>
                </extensions>
            </trkpt>
            <trkpt lat="-39.6664642" lon="-72.2052492">
                <ele>416</ele>
                <extensions>
                    <osmand:speed>9.7</osmand:speed>
                </extensions>
            </trkpt>
            <trkpt lat="-39.6664704" lon="-72.2052761">
                <ele>415.2</ele>
                <extensions>
                    <osmand:speed>9.7</osmand:speed>
                </extensions>
            </trkpt>
            <trkpt lat="-39.6664726" lon="-72.2053027">
                <ele>414.2</ele>
                <extensions>
                    <osmand:speed>9.7</osmand:speed>
                </extensions>
            </trkpt>
            <trkpt lat="-39.6664685" lon="-72.2053295">
                <ele>413</ele>
                <extensions>
                    <osmand:speed>9.7</osmand:speed>
                </extensions>
            </trkpt>
            <trkpt lat="-39.6664561" lon="-72.2053565">
                <ele>411.8</ele>
                <extensions>
                    <osmand:speed>9.7</osmand:speed>
                </extensions>
            </trkpt>
            <trkpt lat="-39.6664375" lon="-72.2053751">
                <ele>410.8</ele>
                <extensions>
                    <osmand:speed>9.7</osmand:speed>
                </extensions>
            </trkpt>
            <trkpt lat="-39.6664169" lon="-72.2053833">
                <ele>410</ele>
                <extensions>
                    <osmand:speed>9.7</osmand:speed>
                </extensions>
            </trkpt>
            <trkpt lat="-39.666394" lon="-72.2053833">
                <ele>409.5</ele>
                <extensions>
                    <osmand:speed>9.7</osmand:speed>
                </extensions>
            </trkpt>
            <trkpt lat="-39.6662825" lon="-72.2053833">
                <ele>407.2</ele>
                <extensions>
                    <osmand:speed>9.7</osmand:speed>
                </extensions>
            </trkpt>
            <trkpt lat="-39.666043" lon="-72.2053833">
                <ele>403</ele>
                <extensions>
                    <osmand:speed>9.7</osmand:speed>
                </extensions>
            </trkpt>
            <trkpt lat="-39.6658553" lon="-72.2053833">
                <ele>400.8</ele>
                <extensions>
                    <osmand:speed>9.7</osmand:speed>
                </extensions>
            </trkpt>
            <trkpt lat="-39.6658305" lon="-72.2053939">
                <ele>400</ele>
                <extensions>
                    <osmand:speed>9.7</osmand:speed>
                </extensions>
            </trkpt>
            <trkpt lat="-39.6658097" lon="-72.2054129">
                <ele>399</ele>
                <extensions>
                    <osmand:speed>9.7</osmand:speed>
                </extensions>
            </trkpt>
            <trkpt lat="-39.6657932" lon="-72.2054368">
                <ele>398</ele>
                <extensions>
                    <osmand:speed>9.7</osmand:speed>
                </extensions>
            </trkpt>
            <trkpt lat="-39.665783" lon="-72.2054663">
                <ele>396.8</ele>
                <extensions>
                    <osmand:speed>9.7</osmand:speed>
                </extensions>
            </trkpt>
            <trkpt lat="-39.6657789" lon="-72.2055014">
                <ele>395.5</ele>
                <extensions>
                    <osmand:speed>9.7</osmand:speed>
                </extensions>
            </trkpt>
            <trkpt lat="-39.665783" lon="-72.2055336">
                <ele>394.5</ele>
                <extensions>
                    <osmand:speed>9.7</osmand:speed>
                </extensions>
            </trkpt>
            <trkpt lat="-39.6657932" lon="-72.2055631">
                <ele>393.5</ele>
                <extensions>
                    <osmand:speed>9.7</osmand:speed>
                </extensions>
            </trkpt>
            <trkpt lat="-39.6658097" lon="-72.205587">
                <ele>392.8</ele>
                <extensions>
                    <osmand:speed>9.7</osmand:speed>
                </extensions>
            </trkpt>
            <trkpt lat="-39.6658324" lon="-72.2056031">
                <ele>392.5</ele>
                <extensions>
                    <osmand:speed>9.7</osmand:speed>
                </extensions>
            </trkpt>
            <trkpt lat="-39.6662744" lon="-72.2060108">
                <ele>386.8</ele>
                <extensions>
                    <osmand:speed>9.7</osmand:speed>
                </extensions>
            </trkpt>
            <trkpt lat="-39.6664974" lon="-72.2062093">
                <ele>383.2</ele>
                <extensions>
                    <osmand:speed>9.7</osmand:speed>
                </extensions>
            </trkpt>
            <trkpt lat="-39.6666832" lon="-72.2064292">
                <ele>378.5</ele>
                <extensions>
                    <osmand:speed>9.7</osmand:speed>
                </extensions>
            </trkpt>
            <trkpt lat="-39.6668897" lon="-72.2066438">
                <ele>375.5</ele>
                <extensions>
                    <osmand:speed>9.7</osmand:speed>
                </extensions>
            </trkpt>
            <trkpt lat="-39.666964" lon="-72.2067511">
                <ele>373.2</ele>
                <extensions>
                    <osmand:speed>9.7</osmand:speed>
                </extensions>
            </trkpt>
            <trkpt lat="-39.666968" lon="-72.2067779">
                <ele>372.5</ele>
                <extensions>
                    <osmand:speed>9.7</osmand:speed>
                </extensions>
            </trkpt>
            <trkpt lat="-39.6669661" lon="-72.2068074">
                <ele>371.5</ele>
                <extensions>
                    <osmand:speed>9.7</osmand:speed>
                </extensions>
            </trkpt>
            <trkpt lat="-39.6669599" lon="-72.2068317">
                <ele>370.5</ele>
                <extensions>
                    <osmand:speed>9.7</osmand:speed>
                </extensions>
            </trkpt>
            <trkpt lat="-39.6669475" lon="-72.2068503">
                <ele>369.8</ele>
                <extensions>
                    <osmand:speed>9.7</osmand:speed>
                </extensions>
            </trkpt>
            <trkpt lat="-39.6669329" lon="-72.2068664">
                <ele>369</ele>
                <extensions>
                    <osmand:speed>9.7</osmand:speed>
                </extensions>
            </trkpt>
            <trkpt lat="-39.6669143" lon="-72.2068747">
                <ele>368.5</ele>
                <extensions>
                    <osmand:speed>9.7</osmand:speed>
                </extensions>
            </trkpt>
            <trkpt lat="-39.6668978" lon="-72.2068747">
                <ele>368.2</ele>
                <extensions>
                    <osmand:speed>9.7</osmand:speed>
                </extensions>
            </trkpt>
            <trkpt lat="-39.666613" lon="-72.2069603">
                <ele>362.5</ele>
                <extensions>
                    <osmand:speed>9.7</osmand:speed>
                </extensions>
            </trkpt>
            <trkpt lat="-39.6664229" lon="-72.2070463">
                <ele>357.8</ele>
                <extensions>
                    <osmand:speed>9.7</osmand:speed>
                </extensions>
            </trkpt>
            <trkpt lat="-39.6661712" lon="-72.2071427">
                <ele>352.8</ele>
                <extensions>
                    <osmand:speed>9.7</osmand:speed>
                </extensions>
            </trkpt>
            <trkpt lat="-39.6661483" lon="-72.2071643">
                <ele>352</ele>
                <extensions>
                    <osmand:speed>9.7</osmand:speed>
                </extensions>
            </trkpt>
            <trkpt lat="-39.6661299" lon="-72.2071883">
                <ele>351.2</ele>
                <extensions>
                    <osmand:speed>9.7</osmand:speed>
                </extensions>
            </trkpt>
            <trkpt lat="-39.6661153" lon="-72.2072178">
                <ele>350.5</ele>
                <extensions>
                    <osmand:speed>9.7</osmand:speed>
                </extensions>
            </trkpt>
            <trkpt lat="-39.6661091" lon="-72.2072502">
                <ele>349.8</ele>
                <extensions>
                    <osmand:speed>9.7</osmand:speed>
                </extensions>
            </trkpt>
            <trkpt lat="-39.666107" lon="-72.2072929">
                <ele>348.8</ele>
                <extensions>
                    <osmand:speed>9.7</osmand:speed>
                </extensions>
            </trkpt>
            <trkpt lat="-39.6661132" lon="-72.2073331">
                <ele>348</ele>
                <extensions>
                    <osmand:speed>9.7</osmand:speed>
                </extensions>
            </trkpt>
            <trkpt lat="-39.6661278" lon="-72.2073709">
                <ele>347.2</ele>
                <extensions>
                    <osmand:speed>9.7</osmand:speed>
                </extensions>
            </trkpt>
            <trkpt lat="-39.6661504" lon="-72.2074002">
                <ele>346.8</ele>
                <extensions>
                    <osmand:speed>9.7</osmand:speed>
                </extensions>
            </trkpt>
            <trkpt lat="-39.6661793" lon="-72.2074218">
                <ele>346.5</ele>
                <extensions>
                    <osmand:speed>9.7</osmand:speed>
                </extensions>
            </trkpt>
            <trkpt lat="-39.6663446" lon="-72.2075238">
                <ele>345.5</ele>
                <extensions>
                    <osmand:speed>9.7</osmand:speed>
                </extensions>
            </trkpt>
            <trkpt lat="-39.6664809" lon="-72.2075772">
                <ele>345.2</ele>
                <extensions>
                    <osmand:speed>9.7</osmand:speed>
                </extensions>
            </trkpt>
            <trkpt lat="-39.666745" lon="-72.2077274">
                <ele>343.2</ele>
                <extensions>
                    <osmand:speed>9.7</osmand:speed>
                </extensions>
            </trkpt>
            <trkpt lat="-39.6667574" lon="-72.2077435">
                <ele>343</ele>
                <extensions>
                    <osmand:speed>9.7</osmand:speed>
                </extensions>
            </trkpt>
            <trkpt lat="-39.6667677" lon="-72.2077652">
                <ele>342.5</ele>
                <extensions>
                    <osmand:speed>9.7</osmand:speed>
                </extensions>
            </trkpt>
            <trkpt lat="-39.6667739" lon="-72.2077864">
                <ele>342</ele>
                <extensions>
                    <osmand:speed>9.7</osmand:speed>
                </extensions>
            </trkpt>
            <trkpt lat="-39.6667739" lon="-72.2078134">
                <ele>341.2</ele>
                <extensions>
                    <osmand:speed>9.7</osmand:speed>
                </extensions>
            </trkpt>
            <trkpt lat="-39.6667677" lon="-72.2078347">
                <ele>340.5</ele>
                <extensions>
                    <osmand:speed>9.7</osmand:speed>
                </extensions>
            </trkpt>
            <trkpt lat="-39.6667596" lon="-72.2078563">
                <ele>340</ele>
                <extensions>
                    <osmand:speed>9.7</osmand:speed>
                </extensions>
            </trkpt>
            <trkpt lat="-39.666745" lon="-72.2078724">
                <ele>339.5</ele>
                <extensions>
                    <osmand:speed>9.7</osmand:speed>
                </extensions>
            </trkpt>
            <trkpt lat="-39.6667285" lon="-72.207883">
                <ele>339</ele>
                <extensions>
                    <osmand:speed>9.7</osmand:speed>
                </extensions>
            </trkpt>
            <trkpt lat="-39.6664726" lon="-72.2080117">
                <ele>334</ele>
                <extensions>
                    <osmand:speed>9.7</osmand:speed>
                </extensions>
            </trkpt>
            <trkpt lat="-39.6661958" lon="-72.208146">
                <ele>329.2</ele>
                <extensions>
                    <osmand:speed>9.7</osmand:speed>
                </extensions>
            </trkpt>
            <trkpt lat="-39.6659976" lon="-72.2082585">
                <ele>326</ele>
                <extensions>
                    <osmand:speed>9.7</osmand:speed>
                </extensions>
            </trkpt>
            <trkpt lat="-39.665979" lon="-72.2082692">
                <ele>325.8</ele>
                <extensions>
                    <osmand:speed>9.7</osmand:speed>
                </extensions>
            </trkpt>
            <trkpt lat="-39.6659647" lon="-72.2082853">
                <ele>325.5</ele>
                <extensions>
                    <osmand:speed>9.7</osmand:speed>
                </extensions>
            </trkpt>
            <trkpt lat="-39.6659544" lon="-72.208307">
                <ele>325</ele>
                <extensions>
                    <osmand:speed>9.7</osmand:speed>
                </extensions>
            </trkpt>
            <trkpt lat="-39.6659482" lon="-72.2083282">
                <ele>324.5</ele>
                <extensions>
                    <osmand:speed>9.7</osmand:speed>
                </extensions>
            </trkpt>
            <trkpt lat="-39.6659461" lon="-72.2083579">
                <ele>324</ele>
                <extensions>
                    <osmand:speed>9.7</osmand:speed>
                </extensions>
            </trkpt>
            <trkpt lat="-39.6659523" lon="-72.2083847">
                <ele>323.5</ele>
                <extensions>
                    <osmand:speed>9.7</osmand:speed>
                </extensions>
            </trkpt>
            <trkpt lat="-39.6659647" lon="-72.2084087">
                <ele>323</ele>
                <extensions>
                    <osmand:speed>9.7</osmand:speed>
                </extensions>
            </trkpt>
            <trkpt lat="-39.6660554" lon="-72.2084999">
                <ele>321.2</ele>
                <extensions>
                    <osmand:speed>9.7</osmand:speed>
                </extensions>
            </trkpt>
            <trkpt lat="-39.6662784" lon="-72.2087468">
                <ele>317.5</ele>
                <extensions>
                    <osmand:speed>9.7</osmand:speed>
                </extensions>
            </trkpt>
            <trkpt lat="-39.6663983" lon="-72.2088915">
                <ele>314.8</ele>
                <extensions>
                    <osmand:speed>9.7</osmand:speed>
                </extensions>
            </trkpt>
            <trkpt lat="-39.6664148" lon="-72.2089158">
                <ele>314.2</ele>
                <extensions>
                    <osmand:speed>9.7</osmand:speed>
                </extensions>
            </trkpt>
            <trkpt lat="-39.6664291" lon="-72.2089426">
                <ele>313.8</ele>
                <extensions>
                    <osmand:speed>9.7</osmand:speed>
                </extensions>
            </trkpt>
            <trkpt lat="-39.6664396" lon="-72.2089721">
                <ele>313.2</ele>
                <extensions>
                    <osmand:speed>9.7</osmand:speed>
                </extensions>
            </trkpt>
            <trkpt lat="-39.6664437" lon="-72.2090122">
                <ele>312.5</ele>
                <extensions>
                    <osmand:speed>9.7</osmand:speed>
                </extensions>
            </trkpt>
            <trkpt lat="-39.6664437" lon="-72.2090524">
                <ele>311.8</ele>
                <extensions>
                    <osmand:speed>9.7</osmand:speed>
                </extensions>
            </trkpt>
            <trkpt lat="-39.6664353" lon="-72.2090902">
                <ele>311</ele>
                <extensions>
                    <osmand:speed>9.7</osmand:speed>
                </extensions>
            </trkpt>
            <trkpt lat="-39.666421" lon="-72.209125">
                <ele>310.2</ele>
                <extensions>
                    <osmand:speed>9.7</osmand:speed>
                </extensions>
            </trkpt>
            <trkpt lat="-39.6664024" lon="-72.2091545">
                <ele>309.5</ele>
                <extensions>
                    <osmand:speed>9.7</osmand:speed>
                </extensions>
            </trkpt>
            <trkpt lat="-39.665911" lon="-72.2098839">
                <ele>295.2</ele>
                <extensions>
                    <osmand:speed>9.7</osmand:speed>
                </extensions>
            </trkpt>
            <trkpt lat="-39.6657376" lon="-72.2101253">
                <ele>290.8</ele>
                <extensions>
                    <osmand:speed>9.7</osmand:speed>
                </extensions>
            </trkpt>
            <trkpt lat="-39.665659" lon="-72.2102113">
                <ele>289.2</ele>
                <extensions>
                    <osmand:speed>9.7</osmand:speed>
                </extensions>
            </trkpt>
            <trkpt lat="-39.6655022" lon="-72.2102594">
                <ele>288.2</ele>
                <extensions>
                    <osmand:speed>9.7</osmand:speed>
                </extensions>
            </trkpt>
            <trkpt lat="-39.6651717" lon="-72.2104257">
                <ele>284</ele>
                <extensions>
                    <osmand:speed>9.7</osmand:speed>
                </extensions>
            </trkpt>
            <trkpt lat="-39.6649446" lon="-72.210533">
                <ele>281.2</ele>
                <extensions>
                    <osmand:speed>9.7</osmand:speed>
                </extensions>
            </trkpt>
            <trkpt lat="-39.6647092" lon="-72.2106941">
                <ele>279</ele>
                <extensions>
                    <osmand:speed>9.7</osmand:speed>
                </extensions>
            </trkpt>
            <trkpt lat="-39.6644573" lon="-72.2109194">
                <ele>275</ele>
                <extensions>
                    <osmand:speed>9.7</osmand:speed>
                </extensions>
            </trkpt>
            <trkpt lat="-39.6643088" lon="-72.2110426">
                <ele>272.8</ele>
                <extensions>
                    <osmand:speed>9.7</osmand:speed>
                </extensions>
            </trkpt>
            <trkpt lat="-39.664061" lon="-72.2111928">
                <ele>269.5</ele>
                <extensions>
                    <osmand:speed>9.7</osmand:speed>
                </extensions>
            </trkpt>
            <trkpt lat="-39.6637264" lon="-72.2114235">
                <ele>263.5</ele>
                <extensions>
                    <osmand:speed>9.7</osmand:speed>
                </extensions>
            </trkpt>
            <trkpt lat="-39.6635488" lon="-72.2115202">
                <ele>260.5</ele>
                <extensions>
                    <osmand:speed>9.7</osmand:speed>
                </extensions>
            </trkpt>
            <trkpt lat="-39.6633258" lon="-72.2116059">
                <ele>258</ele>
                <extensions>
                    <osmand:speed>9.7</osmand:speed>
                </extensions>
            </trkpt>
            <trkpt lat="-39.6632267" lon="-72.2116971">
                <ele>256.2</ele>
                <extensions>
                    <osmand:speed>9.7</osmand:speed>
                </extensions>
            </trkpt>
            <trkpt lat="-39.6632019" lon="-72.2118207">
                <ele>254.2</ele>
                <extensions>
                    <osmand:speed>9.7</osmand:speed>
                </extensions>
            </trkpt>
            <trkpt lat="-39.663231" lon="-72.2119814">
                <ele>252</ele>
                <extensions>
                    <osmand:speed>9.7</osmand:speed>
                </extensions>
            </trkpt>
            <trkpt lat="-39.6633053" lon="-72.2120833">
                <ele>251.7</ele>
                <extensions>
                    <osmand:speed>9.7</osmand:speed>
                </extensions>
            </trkpt>
            <trkpt lat="-39.6634168" lon="-72.2121693">
                <ele>251.2</ele>
                <extensions>
                    <osmand:speed>9.7</osmand:speed>
                </extensions>
            </trkpt>
            <trkpt lat="-39.6635777" lon="-72.2121906">
                <ele>252.5</ele>
                <extensions>
                    <osmand:speed>9.7</osmand:speed>
                </extensions>
            </trkpt>
            <trkpt lat="-39.663747" lon="-72.2122067">
                <ele>253.5</ele>
                <extensions>
                    <osmand:speed>9.7</osmand:speed>
                </extensions>
            </trkpt>
            <trkpt lat="-39.6638793" lon="-72.2122657">
                <ele>253.7</ele>
                <extensions>
                    <osmand:speed>9.7</osmand:speed>
                </extensions>
            </trkpt>
            <trkpt lat="-39.6641352" lon="-72.2124429">
                <ele>254</ele>
                <extensions>
                    <osmand:speed>9.7</osmand:speed>
                </extensions>
            </trkpt>
            <trkpt lat="-39.6643004" lon="-72.2125127">
                <ele>253.5</ele>
                <extensions>
                    <osmand:speed>9.7</osmand:speed>
                </extensions>
            </trkpt>
            <trkpt lat="-39.6644924" lon="-72.2125688">
                <ele>253.2</ele>
                <extensions>
                    <osmand:speed>9.7</osmand:speed>
                </extensions>
            </trkpt>
            <trkpt lat="-39.6648291" lon="-72.2126843">
                <ele>252.8</ele>
                <extensions>
                    <osmand:speed>9.7</osmand:speed>
                </extensions>
            </trkpt>
            <trkpt lat="-39.6650521" lon="-72.2127968">
                <ele>252</ele>
                <extensions>
                    <osmand:speed>9.7</osmand:speed>
                </extensions>
            </trkpt>
            <trkpt lat="-39.6658572" lon="-72.2132208">
                <ele>251.2</ele>
                <extensions>
                    <osmand:speed>9.7</osmand:speed>
                </extensions>
            </trkpt>
            <trkpt lat="-39.6660802" lon="-72.2133332">
                <ele>250.2</ele>
                <extensions>
                    <osmand:speed>9.7</osmand:speed>
                </extensions>
            </trkpt>
            <trkpt lat="-39.666262" lon="-72.2133576">
                <ele>250.5</ele>
                <extensions>
                    <osmand:speed>9.7</osmand:speed>
                </extensions>
            </trkpt>
            <trkpt lat="-39.6663384" lon="-72.2133576">
                <ele>250.8</ele>
                <extensions>
                    <osmand:speed>9.7</osmand:speed>
                </extensions>
            </trkpt>
            <trkpt lat="-39.6664126" lon="-72.2133681">
                <ele>250.8</ele>
                <extensions>
                    <osmand:speed>9.7</osmand:speed>
                </extensions>
            </trkpt>
            <trkpt lat="-39.6664871" lon="-72.2133871">
                <ele>250.9</ele>
                <extensions>
                    <osmand:speed>9.7</osmand:speed>
                </extensions>
            </trkpt>
            <trkpt lat="-39.6665573" lon="-72.2134137">
                <ele>251</ele>
                <extensions>
                    <osmand:speed>9.7</osmand:speed>
                </extensions>
            </trkpt>
            <trkpt lat="-39.6666254" lon="-72.2134514">
                <ele>250.8</ele>
                <extensions>
                    <osmand:speed>9.7</osmand:speed>
                </extensions>
            </trkpt>
            <trkpt lat="-39.6666872" lon="-72.2134943">
                <ele>250.2</ele>
                <extensions>
                    <osmand:speed>9.7</osmand:speed>
                </extensions>
            </trkpt>
            <trkpt lat="-39.6667493" lon="-72.2135451">
                <ele>249.5</ele>
                <extensions>
                    <osmand:speed>9.7</osmand:speed>
                </extensions>
            </trkpt>
            <trkpt lat="-39.6667885" lon="-72.2136177">
                <ele>248.2</ele>
                <extensions>
                    <osmand:speed>9.7</osmand:speed>
                </extensions>
            </trkpt>
            <trkpt lat="-39.666836" lon="-72.2136846">
                <ele>247</ele>
                <extensions>
                    <osmand:speed>9.7</osmand:speed>
                </extensions>
            </trkpt>
            <trkpt lat="-39.6668854" lon="-72.2137463">
                <ele>246</ele>
                <extensions>
                    <osmand:speed>9.7</osmand:speed>
                </extensions>
            </trkpt>
            <trkpt lat="-39.6669475" lon="-72.2138135">
                <ele>245</ele>
                <extensions>
                    <osmand:speed>9.7</osmand:speed>
                </extensions>
            </trkpt>
            <trkpt lat="-39.6670134" lon="-72.2138699">
                <ele>244.2</ele>
                <extensions>
                    <osmand:speed>9.7</osmand:speed>
                </extensions>
            </trkpt>
            <trkpt lat="-39.6670857" lon="-72.2139181">
                <ele>243.5</ele>
                <extensions>
                    <osmand:speed>9.7</osmand:speed>
                </extensions>
            </trkpt>
            <trkpt lat="-39.6672612" lon="-72.2140306">
                <ele>242.2</ele>
                <extensions>
                    <osmand:speed>9.7</osmand:speed>
                </extensions>
            </trkpt>
            <trkpt lat="-39.6674346" lon="-72.2141486">
                <ele>241.5</ele>
                <extensions>
                    <osmand:speed>9.7</osmand:speed>
                </extensions>
            </trkpt>
            <trkpt lat="-39.6676039" lon="-72.2142776">
                <ele>240.5</ele>
                <extensions>
                    <osmand:speed>9.7</osmand:speed>
                </extensions>
            </trkpt>
            <trkpt lat="-39.667703" lon="-72.2143605">
                <ele>240.2</ele>
                <extensions>
                    <osmand:speed>9.7</osmand:speed>
                </extensions>
            </trkpt>
            <trkpt lat="-39.6678021" lon="-72.2144439">
                <ele>240.2</ele>
                <extensions>
                    <osmand:speed>9.7</osmand:speed>
                </extensions>
            </trkpt>
            <trkpt lat="-39.6680294" lon="-72.214535">
                <ele>240</ele>
                <extensions>
                    <osmand:speed>9.7</osmand:speed>
                </extensions>
            </trkpt>
            <trkpt lat="-39.6682606" lon="-72.2145833">
                <ele>240.2</ele>
                <extensions>
                    <osmand:speed>9.7</osmand:speed>
                </extensions>
            </trkpt>
            <trkpt lat="-39.6684134" lon="-72.2145941">
                <ele>240.3</ele>
                <extensions>
                    <osmand:speed>9.7</osmand:speed>
                </extensions>
            </trkpt>
            <trkpt lat="-39.6687436" lon="-72.2146531">
                <ele>240.5</ele>
                <extensions>
                    <osmand:speed>9.7</osmand:speed>
                </extensions>
            </trkpt>
            <trkpt lat="-39.6689337" lon="-72.2146531">
                <ele>241.2</ele>
                <extensions>
                    <osmand:speed>9.7</osmand:speed>
                </extensions>
            </trkpt>
            <trkpt lat="-39.6691071" lon="-72.2145941">
                <ele>243.5</ele>
                <extensions>
                    <osmand:speed>9.7</osmand:speed>
                </extensions>
            </trkpt>
            <trkpt lat="-39.6693382" lon="-72.2145082">
                <ele>245.8</ele>
                <extensions>
                    <osmand:speed>9.7</osmand:speed>
                </extensions>
            </trkpt>
            <trkpt lat="-39.6695407" lon="-72.214476">
                <ele>246.5</ele>
                <extensions>
                    <osmand:speed>9.7</osmand:speed>
                </extensions>
            </trkpt>
            <trkpt lat="-39.6698874" lon="-72.214449">
                <ele>247</ele>
                <extensions>
                    <osmand:speed>9.7</osmand:speed>
                </extensions>
            </trkpt>
            <trkpt lat="-39.6701683" lon="-72.2145082">
                <ele>245.2</ele>
                <extensions>
                    <osmand:speed>9.7</osmand:speed>
                </extensions>
            </trkpt>
            <trkpt lat="-39.6704078" lon="-72.2145994">
                <ele>242.5</ele>
                <extensions>
                    <osmand:speed>9.7</osmand:speed>
                </extensions>
            </trkpt>
            <trkpt lat="-39.6712832" lon="-72.2149159">
                <ele>240.2</ele>
                <extensions>
                    <osmand:speed>9.7</osmand:speed>
                </extensions>
            </trkpt>
            <trkpt lat="-39.6720264" lon="-72.2151841">
                <ele>239.2</ele>
                <extensions>
                    <osmand:speed>9.7</osmand:speed>
                </extensions>
            </trkpt>
            <trkpt lat="-39.6730628" lon="-72.2155219">
                <ele>224.8</ele>
                <extensions>
                    <osmand:speed>9.7</osmand:speed>
                </extensions>
            </trkpt>
            <trkpt lat="-39.6740455" lon="-72.2158654">
                <ele>209</ele>
                <extensions>
                    <osmand:speed>9.7</osmand:speed>
                </extensions>
            </trkpt>
            <trkpt lat="-39.6748011" lon="-72.2161336">
                <ele>198.5</ele>
                <extensions>
                    <osmand:speed>18.9</osmand:speed>
                </extensions>
            </trkpt>
            <trkpt lat="-39.6768263" lon="-72.2155112">
                <ele>211.8</ele>
                <extensions>
                    <osmand:speed>18.9</osmand:speed>
                </extensions>
            </trkpt>
            <trkpt lat="-39.6777511" lon="-72.2152619">
                <ele>218</ele>
                <extensions>
                    <osmand:speed>18.9</osmand:speed>
                </extensions>
            </trkpt>
            <trkpt lat="-39.6790618" lon="-72.2148299">
                <ele>219</ele>
                <extensions>
                    <osmand:speed>18.9</osmand:speed>
                </extensions>
            </trkpt>
            <trkpt lat="-39.679576" lon="-72.2146636">
                <ele>218.5</ele>
                <extensions>
                    <osmand:speed>18.9</osmand:speed>
                </extensions>
            </trkpt>
            <trkpt lat="-39.6798134" lon="-72.2145724">
                <ele>219.7</ele>
                <extensions>
                    <osmand:speed>18.9</osmand:speed>
                </extensions>
            </trkpt>
            <trkpt lat="-39.6824804" lon="-72.2135292">
                <ele>233.5</ele>
                <extensions>
                    <osmand:speed>18.9</osmand:speed>
                </extensions>
            </trkpt>
            <trkpt lat="-39.6826352" lon="-72.2134888">
                <ele>234.5</ele>
                <extensions>
                    <osmand:speed>18.9</osmand:speed>
                </extensions>
            </trkpt>
            <trkpt lat="-39.6827921" lon="-72.2134593">
                <ele>235.8</ele>
                <extensions>
                    <osmand:speed>18.9</osmand:speed>
                </extensions>
            </trkpt>
            <trkpt lat="-39.6829469" lon="-72.213438">
                <ele>236.8</ele>
                <extensions>
                    <osmand:speed>18.9</osmand:speed>
                </extensions>
            </trkpt>
            <trkpt lat="-39.6831038" lon="-72.2134271">
                <ele>237.8</ele>
                <extensions>
                    <osmand:speed>18.9</osmand:speed>
                </extensions>
            </trkpt>
            <trkpt lat="-39.6832605" lon="-72.2134244">
                <ele>238.5</ele>
                <extensions>
                    <osmand:speed>18.9</osmand:speed>
                </extensions>
            </trkpt>
            <trkpt lat="-39.6834258" lon="-72.2134327">
                <ele>239</ele>
                <extensions>
                    <osmand:speed>18.9</osmand:speed>
                </extensions>
            </trkpt>
            <trkpt lat="-39.6835908" lon="-72.2134514">
                <ele>239</ele>
                <extensions>
                    <osmand:speed>13.9</osmand:speed>
                </extensions>
            </trkpt>
            <trkpt lat="-39.6837559" lon="-72.2134783">
                <ele>238.7</ele>
                <extensions>
                    <osmand:speed>13.9</osmand:speed>
                </extensions>
            </trkpt>
            <trkpt lat="-39.6839169" lon="-72.2135183">
                <ele>238.5</ele>
                <extensions>
                    <osmand:speed>13.9</osmand:speed>
                </extensions>
            </trkpt>
            <trkpt lat="-39.6840781" lon="-72.2135639">
                <ele>237.5</ele>
                <extensions>
                    <osmand:speed>13.9</osmand:speed>
                </extensions>
            </trkpt>
            <trkpt lat="-39.684241" lon="-72.2135829">
                <ele>237.6</ele>
                <extensions>
                    <osmand:speed>13.9</osmand:speed>
                </extensions>
            </trkpt>
            <trkpt lat="-39.684402" lon="-72.2135882">
                <ele>237.8</ele>
                <extensions>
                    <osmand:speed>13.9</osmand:speed>
                </extensions>
            </trkpt>
            <trkpt lat="-39.684563" lon="-72.2135855">
                <ele>238</ele>
                <extensions>
                    <osmand:speed>13.9</osmand:speed>
                </extensions>
            </trkpt>
            <trkpt lat="-39.6847262" lon="-72.2135746">
                <ele>238.2</ele>
                <extensions>
                    <osmand:speed>13.9</osmand:speed>
                </extensions>
            </trkpt>
            <trkpt lat="-39.6848871" lon="-72.2135534">
                <ele>239</ele>
                <extensions>
                    <osmand:speed>13.9</osmand:speed>
                </extensions>
            </trkpt>
            <trkpt lat="-39.685046" lon="-72.2135239">
                <ele>240</ele>
                <extensions>
                    <osmand:speed>13.9</osmand:speed>
                </extensions>
            </trkpt>
            <trkpt lat="-39.6852113" lon="-72.2135078">
                <ele>240.5</ele>
                <extensions>
                    <osmand:speed>13.9</osmand:speed>
                </extensions>
            </trkpt>
            <trkpt lat="-39.6853021" lon="-72.213497">
                <ele>240.8</ele>
                <extensions>
                    <osmand:speed>13.9</osmand:speed>
                </extensions>
            </trkpt>
            <trkpt lat="-39.6854733" lon="-72.2134648">
                <ele>240.8</ele>
                <extensions>
                    <osmand:speed>13.9</osmand:speed>
                </extensions>
            </trkpt>
            <trkpt lat="-39.6858242" lon="-72.2133949">
                <ele>244</ele>
                <extensions>
                    <osmand:speed>13.9</osmand:speed>
                </extensions>
            </trkpt>
            <trkpt lat="-39.6860409" lon="-72.2133629">
                <ele>246.2</ele>
                <extensions>
                    <osmand:speed>13.9</osmand:speed>
                </extensions>
            </trkpt>
            <trkpt lat="-39.6862019" lon="-72.2133386">
                <ele>248</ele>
                <extensions>
                    <osmand:speed>13.9</osmand:speed>
                </extensions>
            </trkpt>
            <trkpt lat="-39.686458" lon="-72.2132395">
                <ele>252</ele>
                <extensions>
                    <osmand:speed>13.9</osmand:speed>
                </extensions>
            </trkpt>
            <trkpt lat="-39.6867346" lon="-72.2131723">
                <ele>254</ele>
                <extensions>
                    <osmand:speed>13.9</osmand:speed>
                </extensions>
            </trkpt>
            <trkpt lat="-39.6872465" lon="-72.2130489">
                <ele>253.5</ele>
                <extensions>
                    <osmand:speed>13.9</osmand:speed>
                </extensions>
            </trkpt>
            <trkpt lat="-39.6878451" lon="-72.2128987">
                <ele>251.2</ele>
                <extensions>
                    <osmand:speed>13.9</osmand:speed>
                </extensions>
            </trkpt>
            <trkpt lat="-39.6888606" lon="-72.2126655">
                <ele>246</ele>
                <extensions>
                    <osmand:speed>18.9</osmand:speed>
                </extensions>
            </trkpt>
            <trkpt lat="-39.6891" lon="-72.2126387">
                <ele>244.8</ele>
                <extensions>
                    <osmand:speed>18.9</osmand:speed>
                </extensions>
            </trkpt>
            <trkpt lat="-39.6894404" lon="-72.2125983">
                <ele>243.8</ele>
                <extensions>
                    <osmand:speed>18.9</osmand:speed>
                </extensions>
            </trkpt>
            <trkpt lat="-39.6896181" lon="-72.2125931">
                <ele>243.7</ele>
                <extensions>
                    <osmand:speed>18.9</osmand:speed>
                </extensions>
            </trkpt>
            <trkpt lat="-39.6897935" lon="-72.2125983">
                <ele>243.6</ele>
                <extensions>
                    <osmand:speed>18.9</osmand:speed>
                </extensions>
            </trkpt>
            <trkpt lat="-39.689938" lon="-72.2126144">
                <ele>243.5</ele>
                <extensions>
                    <osmand:speed>18.9</osmand:speed>
                </extensions>
            </trkpt>
            <trkpt lat="-39.6900804" lon="-72.212636">
                <ele>243.4</ele>
                <extensions>
                    <osmand:speed>18.9</osmand:speed>
                </extensions>
            </trkpt>
            <trkpt lat="-39.6902249" lon="-72.2126682">
                <ele>243.3</ele>
                <extensions>
                    <osmand:speed>18.9</osmand:speed>
                </extensions>
            </trkpt>
            <trkpt lat="-39.6903673" lon="-72.2127085">
                <ele>243.2</ele>
                <extensions>
                    <osmand:speed>18.9</osmand:speed>
                </extensions>
            </trkpt>
            <trkpt lat="-39.6909781" lon="-72.2129981">
                <ele>236</ele>
                <extensions>
                    <osmand:speed>18.9</osmand:speed>
                </extensions>
            </trkpt>
            <trkpt lat="-39.6910959" lon="-72.2130464">
                <ele>235.2</ele>
                <extensions>
                    <osmand:speed>18.9</osmand:speed>
                </extensions>
            </trkpt>
            <trkpt lat="-39.6912175" lon="-72.2130838">
                <ele>235</ele>
                <extensions>
                    <osmand:speed>18.9</osmand:speed>
                </extensions>
            </trkpt>
            <trkpt lat="-39.6913415" lon="-72.2131133">
                <ele>235.2</ele>
                <extensions>
                    <osmand:speed>18.9</osmand:speed>
                </extensions>
            </trkpt>
            <trkpt lat="-39.6914652" lon="-72.2131294">
                <ele>235.5</ele>
                <extensions>
                    <osmand:speed>18.9</osmand:speed>
                </extensions>
            </trkpt>
            <trkpt lat="-39.6915911" lon="-72.2131374">
                <ele>235.8</ele>
                <extensions>
                    <osmand:speed>18.9</osmand:speed>
                </extensions>
            </trkpt>
            <trkpt lat="-39.6917149" lon="-72.2131374">
                <ele>236</ele>
                <extensions>
                    <osmand:speed>18.9</osmand:speed>
                </extensions>
            </trkpt>
            <trkpt lat="-39.6918367" lon="-72.213124">
                <ele>236.5</ele>
                <extensions>
                    <osmand:speed>18.9</osmand:speed>
                </extensions>
            </trkpt>
            <trkpt lat="-39.6919564" lon="-72.2131027">
                <ele>237</ele>
                <extensions>
                    <osmand:speed>18.9</osmand:speed>
                </extensions>
            </trkpt>
            <trkpt lat="-39.6920742" lon="-72.2130732">
                <ele>237.2</ele>
                <extensions>
                    <osmand:speed>18.9</osmand:speed>
                </extensions>
            </trkpt>
            <trkpt lat="-39.6932381" lon="-72.2128558">
                <ele>231</ele>
                <extensions>
                    <osmand:speed>18.9</osmand:speed>
                </extensions>
            </trkpt>
            <trkpt lat="-39.6933559" lon="-72.2128209">
                <ele>230.5</ele>
                <extensions>
                    <osmand:speed>18.9</osmand:speed>
                </extensions>
            </trkpt>
            <trkpt lat="-39.6934713" lon="-72.212778">
                <ele>230.4</ele>
                <extensions>
                    <osmand:speed>18.9</osmand:speed>
                </extensions>
            </trkpt>
            <trkpt lat="-39.6935848" lon="-72.2127324">
                <ele>230.2</ele>
                <extensions>
                    <osmand:speed>18.9</osmand:speed>
                </extensions>
            </trkpt>
            <trkpt lat="-39.6937417" lon="-72.2126573">
                <ele>229.5</ele>
                <extensions>
                    <osmand:speed>18.9</osmand:speed>
                </extensions>
            </trkpt>
            <trkpt lat="-39.6938966" lon="-72.2125715">
                <ele>228.8</ele>
                <extensions>
                    <osmand:speed>18.9</osmand:speed>
                </extensions>
            </trkpt>
            <trkpt lat="-39.6940492" lon="-72.2124749">
                <ele>228.2</ele>
                <extensions>
                    <osmand:speed>18.9</osmand:speed>
                </extensions>
            </trkpt>
            <trkpt lat="-39.6946458" lon="-72.2121532">
                <ele>226</ele>
                <extensions>
                    <osmand:speed>18.9</osmand:speed>
                </extensions>
            </trkpt>
            <trkpt lat="-39.694819" lon="-72.2120647">
                <ele>225.8</ele>
                <extensions>
                    <osmand:speed>18.9</osmand:speed>
                </extensions>
            </trkpt>
            <trkpt lat="-39.6949924" lon="-72.2119814">
                <ele>225.9</ele>
                <extensions>
                    <osmand:speed>18.9</osmand:speed>
                </extensions>
            </trkpt>
            <trkpt lat="-39.6952091" lon="-72.2118875">
                <ele>226</ele>
                <extensions>
                    <osmand:speed>18.9</osmand:speed>
                </extensions>
            </trkpt>
            <trkpt lat="-39.695428" lon="-72.2118017">
                <ele>225</ele>
                <extensions>
                    <osmand:speed>18.9</osmand:speed>
                </extensions>
            </trkpt>
            <trkpt lat="-39.6956487" lon="-72.2117239">
                <ele>224</ele>
                <extensions>
                    <osmand:speed>18.9</osmand:speed>
                </extensions>
            </trkpt>
            <trkpt lat="-39.6958344" lon="-72.2116436">
                <ele>223.8</ele>
                <extensions>
                    <osmand:speed>18.9</osmand:speed>
                </extensions>
            </trkpt>
            <trkpt lat="-39.6960181" lon="-72.2115603">
                <ele>223.2</ele>
                <extensions>
                    <osmand:speed>18.9</osmand:speed>
                </extensions>
            </trkpt>
            <trkpt lat="-39.6963194" lon="-72.2114156">
                <ele>222.5</ele>
                <extensions>
                    <osmand:speed>18.9</osmand:speed>
                </extensions>
            </trkpt>
            <trkpt lat="-39.6966166" lon="-72.2112599">
                <ele>223.2</ele>
                <extensions>
                    <osmand:speed>18.9</osmand:speed>
                </extensions>
            </trkpt>
            <trkpt lat="-39.6969098" lon="-72.2110909">
                <ele>225.2</ele>
                <extensions>
                    <osmand:speed>18.9</osmand:speed>
                </extensions>
            </trkpt>
            <trkpt lat="-39.6970789" lon="-72.2109997">
                <ele>225.8</ele>
                <extensions>
                    <osmand:speed>18.9</osmand:speed>
                </extensions>
            </trkpt>
            <trkpt lat="-39.6972462" lon="-72.2108951">
                <ele>226.2</ele>
                <extensions>
                    <osmand:speed>18.9</osmand:speed>
                </extensions>
            </trkpt>
            <trkpt lat="-39.6974091" lon="-72.2107853">
                <ele>226.5</ele>
                <extensions>
                    <osmand:speed>18.9</osmand:speed>
                </extensions>
            </trkpt>
            <trkpt lat="-39.6975866" lon="-72.2106485">
                <ele>226.2</ele>
                <extensions>
                    <osmand:speed>18.9</osmand:speed>
                </extensions>
            </trkpt>
            <trkpt lat="-39.6977601" lon="-72.2105008">
                <ele>225.8</ele>
                <extensions>
                    <osmand:speed>18.9</osmand:speed>
                </extensions>
            </trkpt>
            <trkpt lat="-39.6988518" lon="-72.2095352">
                <ele>215.5</ele>
                <extensions>
                    <osmand:speed>18.9</osmand:speed>
                </extensions>
            </trkpt>
            <trkpt lat="-39.6991696" lon="-72.2092831">
                <ele>211.5</ele>
                <extensions>
                    <osmand:speed>18.9</osmand:speed>
                </extensions>
            </trkpt>
            <trkpt lat="-39.6992706" lon="-72.209227">
                <ele>210.2</ele>
                <extensions>
                    <osmand:speed>18.9</osmand:speed>
                </extensions>
            </trkpt>
            <trkpt lat="-39.6993717" lon="-72.2091814">
                <ele>209</ele>
                <extensions>
                    <osmand:speed>18.9</osmand:speed>
                </extensions>
            </trkpt>
            <trkpt lat="-39.6994771" lon="-72.2091411">
                <ele>207.8</ele>
                <extensions>
                    <osmand:speed>18.9</osmand:speed>
                </extensions>
            </trkpt>
            <trkpt lat="-39.6995844" lon="-72.2091141">
                <ele>206.5</ele>
                <extensions>
                    <osmand:speed>18.9</osmand:speed>
                </extensions>
            </trkpt>
            <trkpt lat="-39.6996916" lon="-72.2090955">
                <ele>205.2</ele>
                <extensions>
                    <osmand:speed>18.9</osmand:speed>
                </extensions>
            </trkpt>
            <trkpt lat="-39.6997989" lon="-72.2090846">
                <ele>204</ele>
                <extensions>
                    <osmand:speed>18.9</osmand:speed>
                </extensions>
            </trkpt>
            <trkpt lat="-39.6999084" lon="-72.2090873">
                <ele>202.8</ele>
                <extensions>
                    <osmand:speed>18.9</osmand:speed>
                </extensions>
            </trkpt>
            <trkpt lat="-39.7000178" lon="-72.209098">
                <ele>201.8</ele>
                <extensions>
                    <osmand:speed>18.9</osmand:speed>
                </extensions>
            </trkpt>
            <trkpt lat="-39.700121" lon="-72.2091168">
                <ele>200.8</ele>
                <extensions>
                    <osmand:speed>18.9</osmand:speed>
                </extensions>
            </trkpt>
            <trkpt lat="-39.700224" lon="-72.2091463">
                <ele>199.8</ele>
                <extensions>
                    <osmand:speed>18.9</osmand:speed>
                </extensions>
            </trkpt>
            <trkpt lat="-39.7003253" lon="-72.209184">
                <ele>198.8</ele>
                <extensions>
                    <osmand:speed>18.9</osmand:speed>
                </extensions>
            </trkpt>
            <trkpt lat="-39.7004264" lon="-72.2092323">
                <ele>197.8</ele>
                <extensions>
                    <osmand:speed>18.9</osmand:speed>
                </extensions>
            </trkpt>
            <trkpt lat="-39.70171" lon="-72.2098571">
                <ele>186.5</ele>
                <extensions>
                    <osmand:speed>18.9</osmand:speed>
                </extensions>
            </trkpt>
            <trkpt lat="-39.7021062" lon="-72.2101067">
                <ele>183</ele>
                <extensions>
                    <osmand:speed>18.9</osmand:speed>
                </extensions>
            </trkpt>
            <trkpt lat="-39.7022175" lon="-72.2101791">
                <ele>182</ele>
                <extensions>
                    <osmand:speed>18.9</osmand:speed>
                </extensions>
            </trkpt>
            <trkpt lat="-39.7023332" lon="-72.2102433">
                <ele>181</ele>
                <extensions>
                    <osmand:speed>18.9</osmand:speed>
                </extensions>
            </trkpt>
            <trkpt lat="-39.7024529" lon="-72.2102998">
                <ele>180</ele>
                <extensions>
                    <osmand:speed>18.9</osmand:speed>
                </extensions>
            </trkpt>
            <trkpt lat="-39.7025745" lon="-72.2103428">
                <ele>178.8</ele>
                <extensions>
                    <osmand:speed>18.9</osmand:speed>
                </extensions>
            </trkpt>
            <trkpt lat="-39.7026985" lon="-72.2103749">
                <ele>177.5</ele>
                <extensions>
                    <osmand:speed>18.9</osmand:speed>
                </extensions>
            </trkpt>
            <trkpt lat="-39.7027996" lon="-72.210391">
                <ele>176.8</ele>
                <extensions>
                    <osmand:speed>18.9</osmand:speed>
                </extensions>
            </trkpt>
            <trkpt lat="-39.7028985" lon="-72.2104018">
                <ele>176.2</ele>
                <extensions>
                    <osmand:speed>18.9</osmand:speed>
                </extensions>
            </trkpt>
            <trkpt lat="-39.7029996" lon="-72.2104044">
                <ele>175.8</ele>
                <extensions>
                    <osmand:speed>18.9</osmand:speed>
                </extensions>
            </trkpt>
            <trkpt lat="-39.7031009" lon="-72.2103989">
                <ele>175.2</ele>
                <extensions>
                    <osmand:speed>18.9</osmand:speed>
                </extensions>
            </trkpt>
            <trkpt lat="-39.7039571" lon="-72.2103372">
                <ele>173.8</ele>
                <extensions>
                    <osmand:speed>18.9</osmand:speed>
                </extensions>
            </trkpt>
            <trkpt lat="-39.7044092" lon="-72.2102916">
                <ele>174.2</ele>
                <extensions>
                    <osmand:speed>18.9</osmand:speed>
                </extensions>
            </trkpt>
            <trkpt lat="-39.7045268" lon="-72.2102811">
                <ele>174.1</ele>
                <extensions>
                    <osmand:speed>18.9</osmand:speed>
                </extensions>
            </trkpt>
            <trkpt lat="-39.7046443" lon="-72.2102569">
                <ele>174</ele>
                <extensions>
                    <osmand:speed>18.9</osmand:speed>
                </extensions>
            </trkpt>
            <trkpt lat="-39.7047619" lon="-72.2102221">
                <ele>173.8</ele>
                <extensions>
                    <osmand:speed>18.9</osmand:speed>
                </extensions>
            </trkpt>
            <trkpt lat="-39.7048754" lon="-72.2101736">
                <ele>173.9</ele>
                <extensions>
                    <osmand:speed>18.9</osmand:speed>
                </extensions>
            </trkpt>
            <trkpt lat="-39.704987" lon="-72.2101174">
                <ele>174</ele>
                <extensions>
                    <osmand:speed>18.9</osmand:speed>
                </extensions>
            </trkpt>
            <trkpt lat="-39.70509" lon="-72.2100558">
                <ele>174.2</ele>
                <extensions>
                    <osmand:speed>18.9</osmand:speed>
                </extensions>
            </trkpt>
            <trkpt lat="-39.7051892" lon="-72.2099833">
                <ele>174.2</ele>
                <extensions>
                    <osmand:speed>18.9</osmand:speed>
                </extensions>
            </trkpt>
            <trkpt lat="-39.7052862" lon="-72.2099">
                <ele>174.1</ele>
                <extensions>
                    <osmand:speed>18.9</osmand:speed>
                </extensions>
            </trkpt>
            <trkpt lat="-39.705377" lon="-72.2098115">
                <ele>174</ele>
                <extensions>
                    <osmand:speed>18.9</osmand:speed>
                </extensions>
            </trkpt>
            <trkpt lat="-39.7054616" lon="-72.2097149">
                <ele>173.5</ele>
                <extensions>
                    <osmand:speed>18.9</osmand:speed>
                </extensions>
            </trkpt>
            <trkpt lat="-39.7055419" lon="-72.2096078">
                <ele>173</ele>
                <extensions>
                    <osmand:speed>18.9</osmand:speed>
                </extensions>
            </trkpt>
            <trkpt lat="-39.7058473" lon="-72.2091597">
                <ele>171</ele>
                <extensions>
                    <osmand:speed>18.9</osmand:speed>
                </extensions>
            </trkpt>
            <trkpt lat="-39.706547" lon="-72.2082585">
                <ele>166.2</ele>
                <extensions>
                    <osmand:speed>18.9</osmand:speed>
                </extensions>
            </trkpt>
            <trkpt lat="-39.7066954" lon="-72.2080682">
                <ele>164.8</ele>
                <extensions>
                    <osmand:speed>18.9</osmand:speed>
                </extensions>
            </trkpt>
            <trkpt lat="-39.7068481" lon="-72.207883">
                <ele>163.2</ele>
                <extensions>
                    <osmand:speed>18.9</osmand:speed>
                </extensions>
            </trkpt>
            <trkpt lat="-39.7070051" lon="-72.2077035">
                <ele>162.2</ele>
                <extensions>
                    <osmand:speed>18.9</osmand:speed>
                </extensions>
            </trkpt>
            <trkpt lat="-39.707164" lon="-72.2075316">
                <ele>161</ele>
                <extensions>
                    <osmand:speed>18.9</osmand:speed>
                </extensions>
            </trkpt>
            <trkpt lat="-39.7073702" lon="-72.2073224">
                <ele>159</ele>
                <extensions>
                    <osmand:speed>18.9</osmand:speed>
                </extensions>
            </trkpt>
            <trkpt lat="-39.7075808" lon="-72.2071266">
                <ele>157.2</ele>
                <extensions>
                    <osmand:speed>18.9</osmand:speed>
                </extensions>
            </trkpt>
            <trkpt lat="-39.7077973" lon="-72.206939">
                <ele>157.2</ele>
                <extensions>
                    <osmand:speed>18.9</osmand:speed>
                </extensions>
            </trkpt>
            <trkpt lat="-39.7081689" lon="-72.2065848">
                <ele>154</ele>
                <extensions>
                    <osmand:speed>18.9</osmand:speed>
                </extensions>
            </trkpt>
            <trkpt lat="-39.7082638" lon="-72.2064884">
                <ele>154.1</ele>
                <extensions>
                    <osmand:speed>18.9</osmand:speed>
                </extensions>
            </trkpt>
            <trkpt lat="-39.7083627" lon="-72.2063972">
                <ele>154.2</ele>
                <extensions>
                    <osmand:speed>18.9</osmand:speed>
                </extensions>
            </trkpt>
            <trkpt lat="-39.708466" lon="-72.2063112">
                <ele>155</ele>
                <extensions>
                    <osmand:speed>18.9</osmand:speed>
                </extensions>
            </trkpt>
            <trkpt lat="-39.7085711" lon="-72.2062334">
                <ele>156</ele>
                <extensions>
                    <osmand:speed>18.9</osmand:speed>
                </extensions>
            </trkpt>
            <trkpt lat="-39.7086806" lon="-72.206161">
                <ele>157</ele>
                <extensions>
                    <osmand:speed>18.9</osmand:speed>
                </extensions>
            </trkpt>
            <trkpt lat="-39.7088187" lon="-72.2060832">
                <ele>158</ele>
                <extensions>
                    <osmand:speed>18.9</osmand:speed>
                </extensions>
            </trkpt>
            <trkpt lat="-39.7089611" lon="-72.2060164">
                <ele>158.8</ele>
                <extensions>
                    <osmand:speed>18.9</osmand:speed>
                </extensions>
            </trkpt>
            <trkpt lat="-39.7091057" lon="-72.2059625">
                <ele>159.2</ele>
                <extensions>
                    <osmand:speed>18.9</osmand:speed>
                </extensions>
            </trkpt>
            <trkpt lat="-39.7092541" lon="-72.2059196">
                <ele>159.8</ele>
                <extensions>
                    <osmand:speed>18.9</osmand:speed>
                </extensions>
            </trkpt>
            <trkpt lat="-39.7094028" lon="-72.2058874">
                <ele>160.2</ele>
                <extensions>
                    <osmand:speed>18.9</osmand:speed>
                </extensions>
            </trkpt>
            <trkpt lat="-39.7095533" lon="-72.2058688">
                <ele>159.8</ele>
                <extensions>
                    <osmand:speed>18.9</osmand:speed>
                </extensions>
            </trkpt>
            <trkpt lat="-39.7097041" lon="-72.2058606">
                <ele>158.8</ele>
                <extensions>
                    <osmand:speed>18.9</osmand:speed>
                </extensions>
            </trkpt>
            <trkpt lat="-39.7098587" lon="-72.2058554">
                <ele>157.8</ele>
                <extensions>
                    <osmand:speed>18.9</osmand:speed>
                </extensions>
            </trkpt>
            <trkpt lat="-39.7100155" lon="-72.2058418">
                <ele>157</ele>
                <extensions>
                    <osmand:speed>18.9</osmand:speed>
                </extensions>
            </trkpt>
            <trkpt lat="-39.7101682" lon="-72.205815">
                <ele>156.5</ele>
                <extensions>
                    <osmand:speed>18.9</osmand:speed>
                </extensions>
            </trkpt>
            <trkpt lat="-39.7103231" lon="-72.2057828">
                <ele>156</ele>
                <extensions>
                    <osmand:speed>18.9</osmand:speed>
                </extensions>
            </trkpt>
            <trkpt lat="-39.7104839" lon="-72.2057347">
                <ele>155.2</ele>
                <extensions>
                    <osmand:speed>18.9</osmand:speed>
                </extensions>
            </trkpt>
            <trkpt lat="-39.7106429" lon="-72.2056755">
                <ele>155.2</ele>
                <extensions>
                    <osmand:speed>18.9</osmand:speed>
                </extensions>
            </trkpt>
            <trkpt lat="-39.7107996" lon="-72.2056058">
                <ele>155.1</ele>
                <extensions>
                    <osmand:speed>18.9</osmand:speed>
                </extensions>
            </trkpt>
            <trkpt lat="-39.7109524" lon="-72.2055228">
                <ele>155</ele>
                <extensions>
                    <osmand:speed>18.9</osmand:speed>
                </extensions>
            </trkpt>
            <trkpt lat="-39.7111029" lon="-72.2054289">
                <ele>155.5</ele>
                <extensions>
                    <osmand:speed>18.9</osmand:speed>
                </extensions>
            </trkpt>
            <trkpt lat="-39.7112516" lon="-72.205327">
                <ele>156</ele>
                <extensions>
                    <osmand:speed>18.9</osmand:speed>
                </extensions>
            </trkpt>
            <trkpt lat="-39.711394" lon="-72.2052197">
                <ele>156.2</ele>
                <extensions>
                    <osmand:speed>18.9</osmand:speed>
                </extensions>
            </trkpt>
            <trkpt lat="-39.7115527" lon="-72.2050881">
                <ele>156.3</ele>
                <extensions>
                    <osmand:speed>18.9</osmand:speed>
                </extensions>
            </trkpt>
            <trkpt lat="-39.7117076" lon="-72.2049488">
                <ele>156.5</ele>
                <extensions>
                    <osmand:speed>18.9</osmand:speed>
                </extensions>
            </trkpt>
            <trkpt lat="-39.711856" lon="-72.2047986">
                <ele>157</ele>
                <extensions>
                    <osmand:speed>18.9</osmand:speed>
                </extensions>
            </trkpt>
            <trkpt lat="-39.7120006" lon="-72.2046431">
                <ele>157.5</ele>
                <extensions>
                    <osmand:speed>18.9</osmand:speed>
                </extensions>
            </trkpt>
            <trkpt lat="-39.7121387" lon="-72.2044768">
                <ele>158.8</ele>
                <extensions>
                    <osmand:speed>18.9</osmand:speed>
                </extensions>
            </trkpt>
            <trkpt lat="-39.7122709" lon="-72.2043049">
                <ele>160.5</ele>
                <extensions>
                    <osmand:speed>18.9</osmand:speed>
                </extensions>
            </trkpt>
            <trkpt lat="-39.7123966" lon="-72.2041225">
                <ele>162.2</ele>
                <extensions>
                    <osmand:speed>18.9</osmand:speed>
                </extensions>
            </trkpt>
            <trkpt lat="-39.7125185" lon="-72.2039376">
                <ele>164.2</ele>
                <extensions>
                    <osmand:speed>18.9</osmand:speed>
                </extensions>
            </trkpt>
            <trkpt lat="-39.7125782" lon="-72.2038704">
                <ele>164.8</ele>
                <extensions>
                    <osmand:speed>18.9</osmand:speed>
                </extensions>
            </trkpt>
            <trkpt lat="-39.7126423" lon="-72.2038114">
                <ele>165</ele>
                <extensions>
                    <osmand:speed>18.9</osmand:speed>
                </extensions>
            </trkpt>
            <trkpt lat="-39.7127104" lon="-72.2037604">
                <ele>165.2</ele>
                <extensions>
                    <osmand:speed>18.9</osmand:speed>
                </extensions>
            </trkpt>
            <trkpt lat="-39.7127804" lon="-72.2037175">
                <ele>165.1</ele>
                <extensions>
                    <osmand:speed>18.9</osmand:speed>
                </extensions>
            </trkpt>
            <trkpt lat="-39.7128548" lon="-72.2036828">
                <ele>165</ele>
                <extensions>
                    <osmand:speed>18.9</osmand:speed>
                </extensions>
            </trkpt>
            <trkpt lat="-39.7129291" lon="-72.2036558">
                <ele>164.8</ele>
                <extensions>
                    <osmand:speed>18.9</osmand:speed>
                </extensions>
            </trkpt>
            <trkpt lat="-39.7130115" lon="-72.2036397">
                <ele>164.5</ele>
                <extensions>
                    <osmand:speed>18.9</osmand:speed>
                </extensions>
            </trkpt>
            <trkpt lat="-39.7130921" lon="-72.2036319">
                <ele>164.3</ele>
                <extensions>
                    <osmand:speed>18.9</osmand:speed>
                </extensions>
            </trkpt>
            <trkpt lat="-39.7131745" lon="-72.2036345">
                <ele>164.1</ele>
                <extensions>
                    <osmand:speed>18.9</osmand:speed>
                </extensions>
            </trkpt>
            <trkpt lat="-39.713257" lon="-72.2036451">
                <ele>163.9</ele>
                <extensions>
                    <osmand:speed>18.9</osmand:speed>
                </extensions>
            </trkpt>
            <trkpt lat="-39.7133375" lon="-72.2036667">
                <ele>163.7</ele>
                <extensions>
                    <osmand:speed>18.9</osmand:speed>
                </extensions>
            </trkpt>
            <trkpt lat="-39.7134159" lon="-72.2036962">
                <ele>163.5</ele>
                <extensions>
                    <osmand:speed>18.9</osmand:speed>
                </extensions>
            </trkpt>
            <trkpt lat="-39.7134903" lon="-72.2037392">
                <ele>163.3</ele>
                <extensions>
                    <osmand:speed>18.9</osmand:speed>
                </extensions>
            </trkpt>
            <trkpt lat="-39.714006" lon="-72.2042003">
                <ele>161.8</ele>
                <extensions>
                    <osmand:speed>18.9</osmand:speed>
                </extensions>
            </trkpt>
            <trkpt lat="-39.7140555" lon="-72.2042515">
                <ele>161.2</ele>
                <extensions>
                    <osmand:speed>18.9</osmand:speed>
                </extensions>
            </trkpt>
            <trkpt lat="-39.7141093" lon="-72.2042971">
                <ele>160.8</ele>
                <extensions>
                    <osmand:speed>18.9</osmand:speed>
                </extensions>
            </trkpt>
            <trkpt lat="-39.7141669" lon="-72.2043344">
                <ele>160.5</ele>
                <extensions>
                    <osmand:speed>18.9</osmand:speed>
                </extensions>
            </trkpt>
            <trkpt lat="-39.7142269" lon="-72.2043639">
                <ele>160.2</ele>
                <extensions>
                    <osmand:speed>18.9</osmand:speed>
                </extensions>
            </trkpt>
            <trkpt lat="-39.7142888" lon="-72.2043882">
                <ele>160</ele>
                <extensions>
                    <osmand:speed>18.9</osmand:speed>
                </extensions>
            </trkpt>
            <trkpt lat="-39.714361" lon="-72.2044017">
                <ele>160.1</ele>
                <extensions>
                    <osmand:speed>18.9</osmand:speed>
                </extensions>
            </trkpt>
            <trkpt lat="-39.7144372" lon="-72.2044043">
                <ele>160.2</ele>
                <extensions>
                    <osmand:speed>18.9</osmand:speed>
                </extensions>
            </trkpt>
            <trkpt lat="-39.7145115" lon="-72.2043961">
                <ele>160.5</ele>
                <extensions>
                    <osmand:speed>18.9</osmand:speed>
                </extensions>
            </trkpt>
            <trkpt lat="-39.7145859" lon="-72.2043775">
                <ele>160.8</ele>
                <extensions>
                    <osmand:speed>18.9</osmand:speed>
                </extensions>
            </trkpt>
            <trkpt lat="-39.7159848" lon="-72.2038464">
                <ele>163.5</ele>
                <extensions>
                    <osmand:speed>18.9</osmand:speed>
                </extensions>
            </trkpt>
            <trkpt lat="-39.7161127" lon="-72.2037926">
                <ele>163.2</ele>
                <extensions>
                    <osmand:speed>18.9</osmand:speed>
                </extensions>
            </trkpt>
            <trkpt lat="-39.7162406" lon="-72.2037309">
                <ele>163</ele>
                <extensions>
                    <osmand:speed>18.9</osmand:speed>
                </extensions>
            </trkpt>
            <trkpt lat="-39.7163622" lon="-72.2036585">
                <ele>163.2</ele>
                <extensions>
                    <osmand:speed>18.9</osmand:speed>
                </extensions>
            </trkpt>
            <trkpt lat="-39.716482" lon="-72.2035782">
                <ele>163.5</ele>
                <extensions>
                    <osmand:speed>18.9</osmand:speed>
                </extensions>
            </trkpt>
            <trkpt lat="-39.7165996" lon="-72.203487">
                <ele>163.4</ele>
                <extensions>
                    <osmand:speed>18.9</osmand:speed>
                </extensions>
            </trkpt>
            <trkpt lat="-39.7166945" lon="-72.203401">
                <ele>163.2</ele>
                <extensions>
                    <osmand:speed>18.9</osmand:speed>
                </extensions>
            </trkpt>
            <trkpt lat="-39.7167853" lon="-72.2033073">
                <ele>163.5</ele>
                <extensions>
                    <osmand:speed>18.9</osmand:speed>
                </extensions>
            </trkpt>
            <trkpt lat="-39.716874" lon="-72.2032079">
                <ele>163.8</ele>
                <extensions>
                    <osmand:speed>18.9</osmand:speed>
                </extensions>
            </trkpt>
            <trkpt lat="-39.7169586" lon="-72.2031033">
                <ele>164.2</ele>
                <extensions>
                    <osmand:speed>18.9</osmand:speed>
                </extensions>
            </trkpt>
            <trkpt lat="-39.7174641" lon="-72.2024971">
                <ele>171.2</ele>
                <extensions>
                    <osmand:speed>18.9</osmand:speed>
                </extensions>
            </trkpt>
            <trkpt lat="-39.7175487" lon="-72.2024032">
                <ele>172.8</ele>
                <extensions>
                    <osmand:speed>18.9</osmand:speed>
                </extensions>
            </trkpt>
            <trkpt lat="-39.7176331" lon="-72.2023122">
                <ele>173.8</ele>
                <extensions>
                    <osmand:speed>18.9</osmand:speed>
                </extensions>
            </trkpt>
            <trkpt lat="-39.7177239" lon="-72.2022289">
                <ele>174.5</ele>
                <extensions>
                    <osmand:speed>18.9</osmand:speed>
                </extensions>
            </trkpt>
            <trkpt lat="-39.7178169" lon="-72.2021484">
                <ele>175</ele>
                <extensions>
                    <osmand:speed>18.9</osmand:speed>
                </extensions>
            </trkpt>
            <trkpt lat="-39.7179407" lon="-72.2020572">
                <ele>175.2</ele>
                <extensions>
                    <osmand:speed>18.9</osmand:speed>
                </extensions>
            </trkpt>
            <trkpt lat="-39.7180686" lon="-72.2019769">
                <ele>175.5</ele>
                <extensions>
                    <osmand:speed>18.9</osmand:speed>
                </extensions>
            </trkpt>
            <trkpt lat="-39.7182005" lon="-72.2019045">
                <ele>176</ele>
                <extensions>
                    <osmand:speed>18.9</osmand:speed>
                </extensions>
            </trkpt>
            <trkpt lat="-39.7183346" lon="-72.2018453">
                <ele>176.5</ele>
                <extensions>
                    <osmand:speed>18.9</osmand:speed>
                </extensions>
            </trkpt>
            <trkpt lat="-39.7184728" lon="-72.2017972">
                <ele>177.2</ele>
                <extensions>
                    <osmand:speed>18.9</osmand:speed>
                </extensions>
            </trkpt>
            <trkpt lat="-39.7186131" lon="-72.2017624">
                <ele>178</ele>
                <extensions>
                    <osmand:speed>18.9</osmand:speed>
                </extensions>
            </trkpt>
            <trkpt lat="-39.7187556" lon="-72.2017382">
                <ele>178.5</ele>
                <extensions>
                    <osmand:speed>18.9</osmand:speed>
                </extensions>
            </trkpt>
            <trkpt lat="-39.7189805" lon="-72.2017034">
                <ele>180</ele>
                <extensions>
                    <osmand:speed>18.9</osmand:speed>
                </extensions>
            </trkpt>
            <trkpt lat="-39.7192054" lon="-72.2016549">
                <ele>182.5</ele>
                <extensions>
                    <osmand:speed>18.9</osmand:speed>
                </extensions>
            </trkpt>
            <trkpt lat="-39.7193971" lon="-72.2016066">
                <ele>185</ele>
                <extensions>
                    <osmand:speed>18.9</osmand:speed>
                </extensions>
            </trkpt>
            <trkpt lat="-39.7195869" lon="-72.2015476">
                <ele>186.5</ele>
                <extensions>
                    <osmand:speed>18.9</osmand:speed>
                </extensions>
            </trkpt>
            <trkpt lat="-39.7197748" lon="-72.2014807">
                <ele>187.8</ele>
                <extensions>
                    <osmand:speed>18.9</osmand:speed>
                </extensions>
            </trkpt>
            <trkpt lat="-39.7199027" lon="-72.2014351">
                <ele>188.2</ele>
                <extensions>
                    <osmand:speed>18.9</osmand:speed>
                </extensions>
            </trkpt>
            <trkpt lat="-39.7200284" lon="-72.2013813">
                <ele>189</ele>
                <extensions>
                    <osmand:speed>18.9</osmand:speed>
                </extensions>
            </trkpt>
            <trkpt lat="-39.7201503" lon="-72.2013196">
                <ele>189.8</ele>
                <extensions>
                    <osmand:speed>18.9</osmand:speed>
                </extensions>
            </trkpt>
            <trkpt lat="-39.7202679" lon="-72.2012472">
                <ele>190.8</ele>
                <extensions>
                    <osmand:speed>18.9</osmand:speed>
                </extensions>
            </trkpt>
            <trkpt lat="-39.7203834" lon="-72.2011642">
                <ele>192</ele>
                <extensions>
                    <osmand:speed>18.9</osmand:speed>
                </extensions>
            </trkpt>
            <trkpt lat="-39.7204969" lon="-72.2010757">
                <ele>193</ele>
                <extensions>
                    <osmand:speed>18.9</osmand:speed>
                </extensions>
            </trkpt>
            <trkpt lat="-39.7206124" lon="-72.2009658">
                <ele>194.2</ele>
                <extensions>
                    <osmand:speed>18.9</osmand:speed>
                </extensions>
            </trkpt>
            <trkpt lat="-39.7207216" lon="-72.2008502">
                <ele>195.5</ele>
                <extensions>
                    <osmand:speed>18.9</osmand:speed>
                </extensions>
            </trkpt>
            <trkpt lat="-39.7208268" lon="-72.2007244">
                <ele>196.8</ele>
                <extensions>
                    <osmand:speed>18.9</osmand:speed>
                </extensions>
            </trkpt>
            <trkpt lat="-39.720926" lon="-72.2005902">
                <ele>197.8</ele>
                <extensions>
                    <osmand:speed>18.9</osmand:speed>
                </extensions>
            </trkpt>
            <trkpt lat="-39.7210166" lon="-72.2004452">
                <ele>199</ele>
                <extensions>
                    <osmand:speed>18.9</osmand:speed>
                </extensions>
            </trkpt>
            <trkpt lat="-39.7211012" lon="-72.2002977">
                <ele>200.8</ele>
                <extensions>
                    <osmand:speed>18.9</osmand:speed>
                </extensions>
            </trkpt>
            <trkpt lat="-39.7211777" lon="-72.2001396">
                <ele>201.8</ele>
                <extensions>
                    <osmand:speed>18.9</osmand:speed>
                </extensions>
            </trkpt>
            <trkpt lat="-39.7212456" lon="-72.1999785">
                <ele>202.5</ele>
                <extensions>
                    <osmand:speed>18.9</osmand:speed>
                </extensions>
            </trkpt>
            <trkpt lat="-39.7213056" lon="-72.1998097">
                <ele>203.5</ele>
                <extensions>
                    <osmand:speed>18.9</osmand:speed>
                </extensions>
            </trkpt>
            <trkpt lat="-39.7213572" lon="-72.1996352">
                <ele>204.8</ele>
                <extensions>
                    <osmand:speed>18.9</osmand:speed>
                </extensions>
            </trkpt>
            <trkpt lat="-39.7214005" lon="-72.199461">
                <ele>206.5</ele>
                <extensions>
                    <osmand:speed>18.9</osmand:speed>
                </extensions>
            </trkpt>
            <trkpt lat="-39.7214335" lon="-72.1992813">
                <ele>207.5</ele>
                <extensions>
                    <osmand:speed>18.9</osmand:speed>
                </extensions>
            </trkpt>
            <trkpt lat="-39.7215284" lon="-72.1981251">
                <ele>211.2</ele>
                <extensions>
                    <osmand:speed>18.9</osmand:speed>
                </extensions>
            </trkpt>
            <trkpt lat="-39.7215511" lon="-72.1979856">
                <ele>211.5</ele>
                <extensions>
                    <osmand:speed>18.9</osmand:speed>
                </extensions>
            </trkpt>
            <trkpt lat="-39.7215819" lon="-72.1978463">
                <ele>212</ele>
                <extensions>
                    <osmand:speed>18.9</osmand:speed>
                </extensions>
            </trkpt>
            <trkpt lat="-39.7216211" lon="-72.1977095">
                <ele>212.2</ele>
                <extensions>
                    <osmand:speed>18.9</osmand:speed>
                </extensions>
            </trkpt>
            <trkpt lat="-39.7216665" lon="-72.1975781">
                <ele>212.2</ele>
                <extensions>
                    <osmand:speed>18.9</osmand:speed>
                </extensions>
            </trkpt>
            <trkpt lat="-39.7217201" lon="-72.1974521">
                <ele>212.1</ele>
                <extensions>
                    <osmand:speed>18.9</osmand:speed>
                </extensions>
            </trkpt>
            <trkpt lat="-39.7217801" lon="-72.1973314">
                <ele>212</ele>
                <extensions>
                    <osmand:speed>18.9</osmand:speed>
                </extensions>
            </trkpt>
            <trkpt lat="-39.7218482" lon="-72.197216">
                <ele>211.8</ele>
                <extensions>
                    <osmand:speed>18.9</osmand:speed>
                </extensions>
            </trkpt>
            <trkpt lat="-39.7219204" lon="-72.1971087">
                <ele>211.2</ele>
                <extensions>
                    <osmand:speed>18.9</osmand:speed>
                </extensions>
            </trkpt>
            <trkpt lat="-39.7219904" lon="-72.1970202">
                <ele>210.5</ele>
                <extensions>
                    <osmand:speed>18.9</osmand:speed>
                </extensions>
            </trkpt>
            <trkpt lat="-39.7220626" lon="-72.1969369">
                <ele>209.5</ele>
                <extensions>
                    <osmand:speed>18.9</osmand:speed>
                </extensions>
            </trkpt>
            <trkpt lat="-39.7221389" lon="-72.1968591">
                <ele>208.5</ele>
                <extensions>
                    <osmand:speed>18.9</osmand:speed>
                </extensions>
            </trkpt>
            <trkpt lat="-39.7247694" lon="-72.1950513">
                <ele>192</ele>
                <extensions>
                    <osmand:speed>18.9</osmand:speed>
                </extensions>
            </trkpt>
            <trkpt lat="-39.7249468" lon="-72.194904">
                <ele>193</ele>
                <extensions>
                    <osmand:speed>18.9</osmand:speed>
                </extensions>
            </trkpt>
            <trkpt lat="-39.725122" lon="-72.1947455">
                <ele>195</ele>
                <extensions>
                    <osmand:speed>18.9</osmand:speed>
                </extensions>
            </trkpt>
            <trkpt lat="-39.7252932" lon="-72.1945846">
                <ele>196.2</ele>
                <extensions>
                    <osmand:speed>18.9</osmand:speed>
                </extensions>
            </trkpt>
            <trkpt lat="-39.7254603" lon="-72.1944156">
                <ele>197</ele>
                <extensions>
                    <osmand:speed>18.9</osmand:speed>
                </extensions>
            </trkpt>
            <trkpt lat="-39.7256193" lon="-72.1942441">
                <ele>196</ele>
                <extensions>
                    <osmand:speed>18.9</osmand:speed>
                </extensions>
            </trkpt>
            <trkpt lat="-39.7257739" lon="-72.1940696">
                <ele>195.2</ele>
                <extensions>
                    <osmand:speed>18.9</osmand:speed>
                </extensions>
            </trkpt>
            <trkpt lat="-39.7259246" lon="-72.1938872">
                <ele>194</ele>
                <extensions>
                    <osmand:speed>18.9</osmand:speed>
                </extensions>
            </trkpt>
            <trkpt lat="-39.7260711" lon="-72.1936996">
                <ele>192.8</ele>
                <extensions>
                    <osmand:speed>18.9</osmand:speed>
                </extensions>
            </trkpt>
            <trkpt lat="-39.7276203" lon="-72.1909609">
                <ele>175</ele>
                <extensions>
                    <osmand:speed>13.9</osmand:speed>
                </extensions>
            </trkpt>
            <trkpt lat="-39.7276965" lon="-72.190835">
                <ele>173.8</ele>
                <extensions>
                    <osmand:speed>13.9</osmand:speed>
                </extensions>
            </trkpt>
            <trkpt lat="-39.7277668" lon="-72.1907036">
                <ele>172.8</ele>
                <extensions>
                    <osmand:speed>13.9</osmand:speed>
                </extensions>
            </trkpt>
            <trkpt lat="-39.7278285" lon="-72.1905668">
                <ele>172</ele>
                <extensions>
                    <osmand:speed>13.9</osmand:speed>
                </extensions>
            </trkpt>
            <trkpt lat="-39.7278801" lon="-72.1904379">
                <ele>171.8</ele>
                <extensions>
                    <osmand:speed>13.9</osmand:speed>
                </extensions>
            </trkpt>
            <trkpt lat="-39.7279234" lon="-72.1903093">
                <ele>172</ele>
                <extensions>
                    <osmand:speed>13.9</osmand:speed>
                </extensions>
            </trkpt>
            <trkpt lat="-39.7279607" lon="-72.1901752">
                <ele>172.2</ele>
                <extensions>
                    <osmand:speed>13.9</osmand:speed>
                </extensions>
            </trkpt>
            <trkpt lat="-39.7279937" lon="-72.1900384">
                <ele>172.8</ele>
                <extensions>
                    <osmand:speed>13.9</osmand:speed>
                </extensions>
            </trkpt>
            <trkpt lat="-39.7280183" lon="-72.189899">
                <ele>173.8</ele>
                <extensions>
                    <osmand:speed>13.9</osmand:speed>
                </extensions>
            </trkpt>
            <trkpt lat="-39.728037" lon="-72.1897566">
                <ele>175.2</ele>
                <extensions>
                    <osmand:speed>13.9</osmand:speed>
                </extensions>
            </trkpt>
            <trkpt lat="-39.7280886" lon="-72.189612">
                <ele>175</ele>
                <extensions>
                    <osmand:speed>13.9</osmand:speed>
                </extensions>
            </trkpt>
            <trkpt lat="-39.7281443" lon="-72.1894671">
                <ele>174.2</ele>
                <extensions>
                    <osmand:speed>13.9</osmand:speed>
                </extensions>
            </trkpt>
            <trkpt lat="-39.7282041" lon="-72.1893221">
                <ele>174</ele>
                <extensions>
                    <osmand:speed>13.9</osmand:speed>
                </extensions>
            </trkpt>
            <trkpt lat="-39.7282947" lon="-72.1891318">
                <ele>173.5</ele>
                <extensions>
                    <osmand:speed>13.9</osmand:speed>
                </extensions>
            </trkpt>
            <trkpt lat="-39.7283918" lon="-72.1889466">
                <ele>172.2</ele>
                <extensions>
                    <osmand:speed>13.9</osmand:speed>
                </extensions>
            </trkpt>
            <trkpt lat="-39.7284948" lon="-72.1887642">
                <ele>171.2</ele>
                <extensions>
                    <osmand:speed>13.9</osmand:speed>
                </extensions>
            </trkpt>
            <trkpt lat="-39.729974" lon="-72.1866077">
                <ele>164.5</ele>
                <extensions>
                    <osmand:speed>13.9</osmand:speed>
                </extensions>
            </trkpt>
            <trkpt lat="-39.7302317" lon="-72.1862994">
                <ele>164</ele>
                <extensions>
                    <osmand:speed>13.9</osmand:speed>
                </extensions>
            </trkpt>
            <trkpt lat="-39.7304835" lon="-72.1859829">
                <ele>164.5</ele>
                <extensions>
                    <osmand:speed>13.9</osmand:speed>
                </extensions>
            </trkpt>
            <trkpt lat="-39.7306733" lon="-72.1857281">
                <ele>164</ele>
                <extensions>
                    <osmand:speed>13.9</osmand:speed>
                </extensions>
            </trkpt>
            <trkpt lat="-39.7308588" lon="-72.1854679">
                <ele>163.5</ele>
                <extensions>
                    <osmand:speed>13.9</osmand:speed>
                </extensions>
            </trkpt>
            <trkpt lat="-39.7310403" lon="-72.1852049">
                <ele>164</ele>
                <extensions>
                    <osmand:speed>13.9</osmand:speed>
                </extensions>
            </trkpt>
            <trkpt lat="-39.7312158" lon="-72.184934">
                <ele>163.8</ele>
                <extensions>
                    <osmand:speed>13.9</osmand:speed>
                </extensions>
            </trkpt>
            <trkpt lat="-39.7313497" lon="-72.1847572">
                <ele>162.8</ele>
                <extensions>
                    <osmand:speed>13.9</osmand:speed>
                </extensions>
            </trkpt>
            <trkpt lat="-39.7314881" lon="-72.1845828">
                <ele>162.9</ele>
                <extensions>
                    <osmand:speed>13.9</osmand:speed>
                </extensions>
            </trkpt>
            <trkpt lat="-39.7316304" lon="-72.1844165">
                <ele>163</ele>
                <extensions>
                    <osmand:speed>13.9</osmand:speed>
                </extensions>
            </trkpt>
            <trkpt lat="-39.7317767" lon="-72.1842527">
                <ele>163.8</ele>
                <extensions>
                    <osmand:speed>13.9</osmand:speed>
                </extensions>
            </trkpt>
            <trkpt lat="-39.73195" lon="-72.1840786">
                <ele>163.5</ele>
                <extensions>
                    <osmand:speed>13.9</osmand:speed>
                </extensions>
            </trkpt>
            <trkpt lat="-39.7321274" lon="-72.1839094">
                <ele>162.5</ele>
                <extensions>
                    <osmand:speed>13.9</osmand:speed>
                </extensions>
            </trkpt>
            <trkpt lat="-39.7323111" lon="-72.1837513">
                <ele>161</ele>
                <extensions>
                    <osmand:speed>13.9</osmand:speed>
                </extensions>
            </trkpt>
            <trkpt lat="-39.7324988" lon="-72.1836011">
                <ele>159.5</ele>
                <extensions>
                    <osmand:speed>13.9</osmand:speed>
                </extensions>
            </trkpt>
            <trkpt lat="-39.7326886" lon="-72.1834588">
                <ele>159</ele>
                <extensions>
                    <osmand:speed>13.9</osmand:speed>
                </extensions>
            </trkpt>
            <trkpt lat="-39.7328082" lon="-72.1833837">
                <ele>158</ele>
                <extensions>
                    <osmand:speed>18.9</osmand:speed>
                </extensions>
            </trkpt>
            <trkpt lat="-39.7336952" lon="-72.1828179">
                <ele>154.2</ele>
                <extensions>
                    <osmand:speed>18.9</osmand:speed>
                </extensions>
            </trkpt>
            <trkpt lat="-39.7347224" lon="-72.1821713">
                <ele>154.2</ele>
                <extensions>
                    <osmand:speed>18.9</osmand:speed>
                </extensions>
            </trkpt>
            <trkpt lat="-39.7349409" lon="-72.1820265">
                <ele>161</ele>
                <extensions>
                    <osmand:speed>18.9</osmand:speed>
                </extensions>
            </trkpt>
            <trkpt lat="-39.7350791" lon="-72.1819382">
                <ele>161.8</ele>
                <extensions>
                    <osmand:speed>18.9</osmand:speed>
                </extensions>
            </trkpt>
            <trkpt lat="-39.7352152" lon="-72.1818414">
                <ele>162</ele>
                <extensions>
                    <osmand:speed>18.9</osmand:speed>
                </extensions>
            </trkpt>
            <trkpt lat="-39.7353453" lon="-72.1817368">
                <ele>162.2</ele>
                <extensions>
                    <osmand:speed>18.9</osmand:speed>
                </extensions>
            </trkpt>
            <trkpt lat="-39.735471" lon="-72.181627">
                <ele>162.5</ele>
                <extensions>
                    <osmand:speed>18.9</osmand:speed>
                </extensions>
            </trkpt>
            <trkpt lat="-39.7355949" lon="-72.1815115">
                <ele>163.2</ele>
                <extensions>
                    <osmand:speed>18.9</osmand:speed>
                </extensions>
            </trkpt>
            <trkpt lat="-39.7357123" lon="-72.1813856">
                <ele>163.9</ele>
                <extensions>
                    <osmand:speed>18.9</osmand:speed>
                </extensions>
            </trkpt>
            <trkpt lat="-39.7358237" lon="-72.181254">
                <ele>164.6</ele>
                <extensions>
                    <osmand:speed>18.9</osmand:speed>
                </extensions>
            </trkpt>
            <trkpt lat="-39.7365272" lon="-72.1804361">
                <ele>169</ele>
                <extensions>
                    <osmand:speed>18.9</osmand:speed>
                </extensions>
            </trkpt>
            <trkpt lat="-39.7367087" lon="-72.1802267">
                <ele>170.2</ele>
                <extensions>
                    <osmand:speed>18.9</osmand:speed>
                </extensions>
            </trkpt>
            <trkpt lat="-39.7368983" lon="-72.1800257">
                <ele>171</ele>
                <extensions>
                    <osmand:speed>18.9</osmand:speed>
                </extensions>
            </trkpt>
            <trkpt lat="-39.7370903" lon="-72.1798326">
                <ele>171.2</ele>
                <extensions>
                    <osmand:speed>18.9</osmand:speed>
                </extensions>
            </trkpt>
            <trkpt lat="-39.7372656" lon="-72.1796715">
                <ele>171.2</ele>
                <extensions>
                    <osmand:speed>18.9</osmand:speed>
                </extensions>
            </trkpt>
            <trkpt lat="-39.7374449" lon="-72.1795161">
                <ele>171.1</ele>
                <extensions>
                    <osmand:speed>18.9</osmand:speed>
                </extensions>
            </trkpt>
            <trkpt lat="-39.7376286" lon="-72.1793659">
                <ele>171</ele>
                <extensions>
                    <osmand:speed>18.9</osmand:speed>
                </extensions>
            </trkpt>
            <trkpt lat="-39.7391692" lon="-72.1781453">
                <ele>173.5</ele>
                <extensions>
                    <osmand:speed>18.9</osmand:speed>
                </extensions>
            </trkpt>
            <trkpt lat="-39.7393467" lon="-72.178006">
                <ele>176</ele>
                <extensions>
                    <osmand:speed>18.9</osmand:speed>
                </extensions>
            </trkpt>
            <trkpt lat="-39.739526" lon="-72.1778719">
                <ele>178.2</ele>
                <extensions>
                    <osmand:speed>18.9</osmand:speed>
                </extensions>
            </trkpt>
            <trkpt lat="-39.7397427" lon="-72.1777108">
                <ele>181</ele>
                <extensions>
                    <osmand:speed>18.9</osmand:speed>
                </extensions>
            </trkpt>
            <trkpt lat="-39.7399634" lon="-72.1775579">
                <ele>183.8</ele>
                <extensions>
                    <osmand:speed>18.9</osmand:speed>
                </extensions>
            </trkpt>
            <trkpt lat="-39.7401841" lon="-72.1774077">
                <ele>186</ele>
                <extensions>
                    <osmand:speed>18.9</osmand:speed>
                </extensions>
            </trkpt>
            <trkpt lat="-39.7403675" lon="-72.1772924">
                <ele>187.5</ele>
                <extensions>
                    <osmand:speed>18.9</osmand:speed>
                </extensions>
            </trkpt>
            <trkpt lat="-39.740549" lon="-72.1771663">
                <ele>188.5</ele>
                <extensions>
                    <osmand:speed>18.9</osmand:speed>
                </extensions>
            </trkpt>
            <trkpt lat="-39.7407243" lon="-72.1770322">
                <ele>188.7</ele>
                <extensions>
                    <osmand:speed>18.9</osmand:speed>
                </extensions>
            </trkpt>
            <trkpt lat="-39.7409018" lon="-72.1768902">
                <ele>189</ele>
                <extensions>
                    <osmand:speed>18.9</osmand:speed>
                </extensions>
            </trkpt>
            <trkpt lat="-39.7410749" lon="-72.1767427">
                <ele>189.4</ele>
                <extensions>
                    <osmand:speed>18.9</osmand:speed>
                </extensions>
            </trkpt>
            <trkpt lat="-39.7412442" lon="-72.1765843">
                <ele>189.8</ele>
                <extensions>
                    <osmand:speed>18.9</osmand:speed>
                </extensions>
            </trkpt>
            <trkpt lat="-39.7414092" lon="-72.1764209">
                <ele>190.2</ele>
                <extensions>
                    <osmand:speed>18.9</osmand:speed>
                </extensions>
            </trkpt>
            <trkpt lat="-39.7415721" lon="-72.1762517">
                <ele>190</ele>
                <extensions>
                    <osmand:speed>18.9</osmand:speed>
                </extensions>
            </trkpt>
            <trkpt lat="-39.7419908" lon="-72.1758896">
                <ele>189</ele>
                <extensions>
                    <osmand:speed>18.9</osmand:speed>
                </extensions>
            </trkpt>
            <trkpt lat="-39.7424136" lon="-72.1755382">
                <ele>189.2</ele>
                <extensions>
                    <osmand:speed>18.9</osmand:speed>
                </extensions>
            </trkpt>
            <trkpt lat="-39.7428405" lon="-72.1751922">
                <ele>189.8</ele>
                <extensions>
                    <osmand:speed>18.9</osmand:speed>
                </extensions>
            </trkpt>
            <trkpt lat="-39.7431643" lon="-72.174943">
                <ele>191.2</ele>
                <extensions>
                    <osmand:speed>18.9</osmand:speed>
                </extensions>
            </trkpt>
            <trkpt lat="-39.74349" lon="-72.174696">
                <ele>191.8</ele>
                <extensions>
                    <osmand:speed>18.9</osmand:speed>
                </extensions>
            </trkpt>
            <trkpt lat="-39.7438181" lon="-72.1744546">
                <ele>193</ele>
                <extensions>
                    <osmand:speed>13.9</osmand:speed>
                </extensions>
            </trkpt>
            <trkpt lat="-39.7439788" lon="-72.1743609">
                <ele>194</ele>
                <extensions>
                    <osmand:speed>13.9</osmand:speed>
                </extensions>
            </trkpt>
            <trkpt lat="-39.7441335" lon="-72.1742588">
                <ele>195</ele>
                <extensions>
                    <osmand:speed>13.9</osmand:speed>
                </extensions>
            </trkpt>
            <trkpt lat="-39.7442842" lon="-72.1741437">
                <ele>196</ele>
                <extensions>
                    <osmand:speed>13.9</osmand:speed>
                </extensions>
            </trkpt>
            <trkpt lat="-39.7444306" lon="-72.1740201">
                <ele>197</ele>
                <extensions>
                    <osmand:speed>13.9</osmand:speed>
                </extensions>
            </trkpt>
            <trkpt lat="-39.7445688" lon="-72.1738833">
                <ele>198.2</ele>
                <extensions>
                    <osmand:speed>13.9</osmand:speed>
                </extensions>
            </trkpt>
            <trkpt lat="-39.7447008" lon="-72.1737438">
                <ele>200.2</ele>
                <extensions>
                    <osmand:speed>13.9</osmand:speed>
                </extensions>
            </trkpt>
            <trkpt lat="-39.7448266" lon="-72.1735936">
                <ele>202</ele>
                <extensions>
                    <osmand:speed>13.9</osmand:speed>
                </extensions>
            </trkpt>
            <trkpt lat="-39.7460619" lon="-72.1718396">
                <ele>219</ele>
                <extensions>
                    <osmand:speed>13.9</osmand:speed>
                </extensions>
            </trkpt>
            <trkpt lat="-39.7461484" lon="-72.1717163">
                <ele>218.8</ele>
                <extensions>
                    <osmand:speed>13.9</osmand:speed>
                </extensions>
            </trkpt>
            <trkpt lat="-39.7462434" lon="-72.1716034">
                <ele>218.5</ele>
                <extensions>
                    <osmand:speed>13.9</osmand:speed>
                </extensions>
            </trkpt>
            <trkpt lat="-39.7463424" lon="-72.1715015">
                <ele>217.8</ele>
                <extensions>
                    <osmand:speed>13.9</osmand:speed>
                </extensions>
            </trkpt>
            <trkpt lat="-39.746429" lon="-72.1714185">
                <ele>217</ele>
                <extensions>
                    <osmand:speed>13.9</osmand:speed>
                </extensions>
            </trkpt>
            <trkpt lat="-39.7465196" lon="-72.1713459">
                <ele>215.8</ele>
                <extensions>
                    <osmand:speed>13.9</osmand:speed>
                </extensions>
            </trkpt>
            <trkpt lat="-39.7466146" lon="-72.1712791">
                <ele>214.5</ele>
                <extensions>
                    <osmand:speed>13.9</osmand:speed>
                </extensions>
            </trkpt>
            <trkpt lat="-39.7467114" lon="-72.1712201">
                <ele>213.5</ele>
                <extensions>
                    <osmand:speed>13.9</osmand:speed>
                </extensions>
            </trkpt>
            <trkpt lat="-39.7468126" lon="-72.1711689">
                <ele>212.5</ele>
                <extensions>
                    <osmand:speed>13.9</osmand:speed>
                </extensions>
            </trkpt>
            <trkpt lat="-39.7472498" lon="-72.1709518">
                <ele>206</ele>
                <extensions>
                    <osmand:speed>13.9</osmand:speed>
                </extensions>
            </trkpt>
            <trkpt lat="-39.7473507" lon="-72.1708953">
                <ele>205</ele>
                <extensions>
                    <osmand:speed>13.9</osmand:speed>
                </extensions>
            </trkpt>
            <trkpt lat="-39.7474457" lon="-72.1708336">
                <ele>203.8</ele>
                <extensions>
                    <osmand:speed>13.9</osmand:speed>
                </extensions>
            </trkpt>
            <trkpt lat="-39.7475406" lon="-72.1707612">
                <ele>202.8</ele>
                <extensions>
                    <osmand:speed>13.9</osmand:speed>
                </extensions>
            </trkpt>
            <trkpt lat="-39.7476394" lon="-72.1706756">
                <ele>202</ele>
                <extensions>
                    <osmand:speed>13.9</osmand:speed>
                </extensions>
            </trkpt>
            <trkpt lat="-39.7477343" lon="-72.1705788">
                <ele>201</ele>
                <extensions>
                    <osmand:speed>13.9</osmand:speed>
                </extensions>
            </trkpt>
            <trkpt lat="-39.7478231" lon="-72.1704742">
                <ele>199.8</ele>
                <extensions>
                    <osmand:speed>13.9</osmand:speed>
                </extensions>
            </trkpt>
            <trkpt lat="-39.7479075" lon="-72.1703617">
                <ele>198.5</ele>
                <extensions>
                    <osmand:speed>13.9</osmand:speed>
                </extensions>
            </trkpt>
            <trkpt lat="-39.7479838" lon="-72.1702437">
                <ele>196.8</ele>
                <extensions>
                    <osmand:speed>13.9</osmand:speed>
                </extensions>
            </trkpt>
            <trkpt lat="-39.7480541" lon="-72.1701148">
                <ele>194.5</ele>
                <extensions>
                    <osmand:speed>13.9</osmand:speed>
                </extensions>
            </trkpt>
            <trkpt lat="-39.748118" lon="-72.1699836">
                <ele>192.2</ele>
                <extensions>
                    <osmand:speed>13.9</osmand:speed>
                </extensions>
            </trkpt>
            <trkpt lat="-39.7481737" lon="-72.1698439">
                <ele>190.2</ele>
                <extensions>
                    <osmand:speed>13.9</osmand:speed>
                </extensions>
            </trkpt>
            <trkpt lat="-39.7485119" lon="-72.1689802">
                <ele>174.8</ele>
                <extensions>
                    <osmand:speed>13.9</osmand:speed>
                </extensions>
            </trkpt>
            <trkpt lat="-39.7491098" lon="-72.1673496">
                <ele>153</ele>
                <extensions>
                    <osmand:speed>13.9</osmand:speed>
                </extensions>
            </trkpt>
            <trkpt lat="-39.7499101" lon="-72.1653004">
                <ele>143.5</ele>
                <extensions>
                    <osmand:speed>13.9</osmand:speed>
                </extensions>
            </trkpt>
            <trkpt lat="-39.7500089" lon="-72.1650186">
                <ele>140.8</ele>
                <extensions>
                    <osmand:speed>13.9</osmand:speed>
                </extensions>
            </trkpt>
            <trkpt lat="-39.7500998" lon="-72.1647343">
                <ele>139.2</ele>
                <extensions>
                    <osmand:speed>13.9</osmand:speed>
                </extensions>
            </trkpt>
            <trkpt lat="-39.7501677" lon="-72.1645036">
                <ele>138.5</ele>
                <extensions>
                    <osmand:speed>13.9</osmand:speed>
                </extensions>
            </trkpt>
            <trkpt lat="-39.7502296" lon="-72.1642704">
                <ele>137.5</ele>
                <extensions>
                    <osmand:speed>13.9</osmand:speed>
                </extensions>
            </trkpt>
            <trkpt lat="-39.7502854" lon="-72.1640342">
                <ele>137</ele>
                <extensions>
                    <osmand:speed>13.9</osmand:speed>
                </extensions>
            </trkpt>
            <trkpt lat="-39.7504688" lon="-72.1630713">
                <ele>137</ele>
                <extensions>
                    <osmand:speed>13.9</osmand:speed>
                </extensions>
            </trkpt>
            <trkpt lat="-39.7505473" lon="-72.1627092">
                <ele>144</ele>
                <extensions>
                    <osmand:speed>13.9</osmand:speed>
                </extensions>
            </trkpt>
            <trkpt lat="-39.750675" lon="-72.1621352">
                <ele>150.2</ele>
                <extensions>
                    <osmand:speed>13.9</osmand:speed>
                </extensions>
            </trkpt>
            <trkpt lat="-39.7507039" lon="-72.1619689">
                <ele>153</ele>
                <extensions>
                    <osmand:speed>13.9</osmand:speed>
                </extensions>
            </trkpt>
            <trkpt lat="-39.7507432" lon="-72.1618053">
                <ele>155.8</ele>
                <extensions>
                    <osmand:speed>13.9</osmand:speed>
                </extensions>
            </trkpt>
            <trkpt lat="-39.7507886" lon="-72.1616472">
                <ele>157.8</ele>
                <extensions>
                    <osmand:speed>13.9</osmand:speed>
                </extensions>
            </trkpt>
            <trkpt lat="-39.7508319" lon="-72.1615131">
                <ele>158.8</ele>
                <extensions>
                    <osmand:speed>13.9</osmand:speed>
                </extensions>
            </trkpt>
            <trkpt lat="-39.7508812" lon="-72.1613815">
                <ele>159.5</ele>
                <extensions>
                    <osmand:speed>13.9</osmand:speed>
                </extensions>
            </trkpt>
            <trkpt lat="-39.7509369" lon="-72.161253">
                <ele>160</ele>
                <extensions>
                    <osmand:speed>13.9</osmand:speed>
                </extensions>
            </trkpt>
            <trkpt lat="-39.7509989" lon="-72.1611294">
                <ele>160.5</ele>
                <extensions>
                    <osmand:speed>13.9</osmand:speed>
                </extensions>
            </trkpt>
            <trkpt lat="-39.7517556" lon="-72.1594773">
                <ele>161.5</ele>
                <extensions>
                    <osmand:speed>13.9</osmand:speed>
                </extensions>
            </trkpt>
            <trkpt lat="-39.7518154" lon="-72.1593484">
                <ele>162</ele>
                <extensions>
                    <osmand:speed>13.9</osmand:speed>
                </extensions>
            </trkpt>
            <trkpt lat="-39.751869" lon="-72.159217">
                <ele>162.2</ele>
                <extensions>
                    <osmand:speed>13.9</osmand:speed>
                </extensions>
            </trkpt>
            <trkpt lat="-39.7519164" lon="-72.1590802">
                <ele>162.5</ele>
                <extensions>
                    <osmand:speed>13.9</osmand:speed>
                </extensions>
            </trkpt>
            <trkpt lat="-39.7519721" lon="-72.1589033">
                <ele>162.8</ele>
                <extensions>
                    <osmand:speed>13.9</osmand:speed>
                </extensions>
            </trkpt>
            <trkpt lat="-39.7520197" lon="-72.1587181">
                <ele>163</ele>
                <extensions>
                    <osmand:speed>13.9</osmand:speed>
                </extensions>
            </trkpt>
            <trkpt lat="-39.7520568" lon="-72.158533">
                <ele>164</ele>
                <extensions>
                    <osmand:speed>13.9</osmand:speed>
                </extensions>
            </trkpt>
            <trkpt lat="-39.7520855" lon="-72.1583428">
                <ele>166.2</ele>
                <extensions>
                    <osmand:speed>13.9</osmand:speed>
                </extensions>
            </trkpt>
            <trkpt lat="-39.7521434" lon="-72.1577176">
                <ele>173.8</ele>
                <extensions>
                    <osmand:speed>13.9</osmand:speed>
                </extensions>
            </trkpt>
            <trkpt lat="-39.7521599" lon="-72.1575944">
                <ele>174.8</ele>
                <extensions>
                    <osmand:speed>13.9</osmand:speed>
                </extensions>
            </trkpt>
            <trkpt lat="-39.7521867" lon="-72.157471">
                <ele>175.2</ele>
                <extensions>
                    <osmand:speed>13.9</osmand:speed>
                </extensions>
            </trkpt>
            <trkpt lat="-39.7522175" lon="-72.1573504">
                <ele>175</ele>
                <extensions>
                    <osmand:speed>13.9</osmand:speed>
                </extensions>
            </trkpt>
            <trkpt lat="-39.7522546" lon="-72.1572348">
                <ele>174.2</ele>
                <extensions>
                    <osmand:speed>13.9</osmand:speed>
                </extensions>
            </trkpt>
            <trkpt lat="-39.7523022" lon="-72.1571116">
                <ele>172.8</ele>
                <extensions>
                    <osmand:speed>13.9</osmand:speed>
                </extensions>
            </trkpt>
            <trkpt lat="-39.7523577" lon="-72.1569909">
                <ele>171</ele>
                <extensions>
                    <osmand:speed>13.9</osmand:speed>
                </extensions>
            </trkpt>
            <trkpt lat="-39.7524196" lon="-72.1568781">
                <ele>169</ele>
                <extensions>
                    <osmand:speed>13.9</osmand:speed>
                </extensions>
            </trkpt>
            <trkpt lat="-39.7527476" lon="-72.1562746">
                <ele>163</ele>
                <extensions>
                    <osmand:speed>13.9</osmand:speed>
                </extensions>
            </trkpt>
            <trkpt lat="-39.7528239" lon="-72.1561568">
                <ele>162.8</ele>
                <extensions>
                    <osmand:speed>13.9</osmand:speed>
                </extensions>
            </trkpt>
            <trkpt lat="-39.7529021" lon="-72.1560414">
                <ele>162.2</ele>
                <extensions>
                    <osmand:speed>13.9</osmand:speed>
                </extensions>
            </trkpt>
            <trkpt lat="-39.7529827" lon="-72.1559341">
                <ele>161.5</ele>
                <extensions>
                    <osmand:speed>13.9</osmand:speed>
                </extensions>
            </trkpt>
            <trkpt lat="-39.7530671" lon="-72.1558322">
                <ele>160.8</ele>
                <extensions>
                    <osmand:speed>13.9</osmand:speed>
                </extensions>
            </trkpt>
            <trkpt lat="-39.7535147" lon="-72.1553707">
                <ele>153.2</ele>
                <extensions>
                    <osmand:speed>13.9</osmand:speed>
                </extensions>
            </trkpt>
            <trkpt lat="-39.7539682" lon="-72.1549147">
                <ele>146.8</ele>
                <extensions>
                    <osmand:speed>13.9</osmand:speed>
                </extensions>
            </trkpt>
            <trkpt lat="-39.7541725" lon="-72.1547245">
                <ele>147.9</ele>
                <extensions>
                    <osmand:speed>13.9</osmand:speed>
                </extensions>
            </trkpt>
            <trkpt lat="-39.7543746" lon="-72.1545231">
                <ele>149</ele>
                <extensions>
                    <osmand:speed>13.9</osmand:speed>
                </extensions>
            </trkpt>
            <trkpt lat="-39.7545518" lon="-72.1543382">
                <ele>151.2</ele>
                <extensions>
                    <osmand:speed>13.9</osmand:speed>
                </extensions>
            </trkpt>
            <trkpt lat="-39.7546425" lon="-72.154247">
                <ele>151.5</ele>
                <extensions>
                    <osmand:speed>13.9</osmand:speed>
                </extensions>
            </trkpt>
            <trkpt lat="-39.7547272" lon="-72.1541476">
                <ele>152</ele>
                <extensions>
                    <osmand:speed>13.9</osmand:speed>
                </extensions>
            </trkpt>
            <trkpt lat="-39.7548138" lon="-72.154019">
                <ele>153.5</ele>
                <extensions>
                    <osmand:speed>13.9</osmand:speed>
                </extensions>
            </trkpt>
            <trkpt lat="-39.7548963" lon="-72.1538849">
                <ele>156</ele>
                <extensions>
                    <osmand:speed>13.9</osmand:speed>
                </extensions>
            </trkpt>
            <trkpt lat="-39.7549726" lon="-72.1537481">
                <ele>159.2</ele>
                <extensions>
                    <osmand:speed>13.9</osmand:speed>
                </extensions>
            </trkpt>
            <trkpt lat="-39.7550446" lon="-72.1535979">
                <ele>163</ele>
                <extensions>
                    <osmand:speed>13.9</osmand:speed>
                </extensions>
            </trkpt>
            <trkpt lat="-39.7551128" lon="-72.1534422">
                <ele>167.5</ele>
                <extensions>
                    <osmand:speed>13.9</osmand:speed>
                </extensions>
            </trkpt>
            <trkpt lat="-39.7551417" lon="-72.1533644">
                <ele>170.2</ele>
                <extensions>
                    <osmand:speed>13.9</osmand:speed>
                </extensions>
            </trkpt>
            <trkpt lat="-39.7551726" lon="-72.1532866">
                <ele>172.5</ele>
                <extensions>
                    <osmand:speed>13.9</osmand:speed>
                </extensions>
            </trkpt>
            <trkpt lat="-39.7552221" lon="-72.1531847">
                <ele>174.5</ele>
                <extensions>
                    <osmand:speed>13.9</osmand:speed>
                </extensions>
            </trkpt>
            <trkpt lat="-39.7552778" lon="-72.1530908">
                <ele>176</ele>
                <extensions>
                    <osmand:speed>13.9</osmand:speed>
                </extensions>
            </trkpt>
            <trkpt lat="-39.7553376" lon="-72.1530023">
                <ele>177</ele>
                <extensions>
                    <osmand:speed>13.9</osmand:speed>
                </extensions>
            </trkpt>
            <trkpt lat="-39.7554034" lon="-72.152922">
                <ele>177.8</ele>
                <extensions>
                    <osmand:speed>13.9</osmand:speed>
                </extensions>
            </trkpt>
            <trkpt lat="-39.7554735" lon="-72.1528469">
                <ele>178</ele>
                <extensions>
                    <osmand:speed>13.9</osmand:speed>
                </extensions>
            </trkpt>
            <trkpt lat="-39.7555479" lon="-72.1527825">
                <ele>177.5</ele>
                <extensions>
                    <osmand:speed>13.9</osmand:speed>
                </extensions>
            </trkpt>
            <trkpt lat="-39.7556737" lon="-72.1526618">
                <ele>176.8</ele>
                <extensions>
                    <osmand:speed>13.9</osmand:speed>
                </extensions>
            </trkpt>
            <trkpt lat="-39.7557974" lon="-72.1525329">
                <ele>177</ele>
                <extensions>
                    <osmand:speed>18.9</osmand:speed>
                </extensions>
            </trkpt>
            <trkpt lat="-39.7559148" lon="-72.1524015">
                <ele>176</ele>
                <extensions>
                    <osmand:speed>18.9</osmand:speed>
                </extensions>
            </trkpt>
            <trkpt lat="-39.7559727" lon="-72.1523319">
                <ele>175.2</ele>
                <extensions>
                    <osmand:speed>18.9</osmand:speed>
                </extensions>
            </trkpt>
            <trkpt lat="-39.7560263" lon="-72.152262">
                <ele>174.8</ele>
                <extensions>
                    <osmand:speed>18.9</osmand:speed>
                </extensions>
            </trkpt>
            <trkpt lat="-39.7561148" lon="-72.1521388">
                <ele>174</ele>
                <extensions>
                    <osmand:speed>18.9</osmand:speed>
                </extensions>
            </trkpt>
            <trkpt lat="-39.7561954" lon="-72.1520072">
                <ele>173.5</ele>
                <extensions>
                    <osmand:speed>18.9</osmand:speed>
                </extensions>
            </trkpt>
            <trkpt lat="-39.7562696" lon="-72.1518704">
                <ele>173.2</ele>
                <extensions>
                    <osmand:speed>18.9</osmand:speed>
                </extensions>
            </trkpt>
            <trkpt lat="-39.7563356" lon="-72.1517311">
                <ele>173</ele>
                <extensions>
                    <osmand:speed>18.9</osmand:speed>
                </extensions>
            </trkpt>
            <trkpt lat="-39.7565334" lon="-72.1513234">
                <ele>173.5</ele>
                <extensions>
                    <osmand:speed>18.9</osmand:speed>
                </extensions>
            </trkpt>
            <trkpt lat="-39.7567191" lon="-72.1508914">
                <ele>176.8</ele>
                <extensions>
                    <osmand:speed>18.9</osmand:speed>
                </extensions>
            </trkpt>
            <trkpt lat="-39.7569253" lon="-72.1504113">
                <ele>177.5</ele>
                <extensions>
                    <osmand:speed>18.9</osmand:speed>
                </extensions>
            </trkpt>
            <trkpt lat="-39.7571006" lon="-72.1499902">
                <ele>177.2</ele>
                <extensions>
                    <osmand:speed>18.9</osmand:speed>
                </extensions>
            </trkpt>
            <trkpt lat="-39.7572262" lon="-72.1496388">
                <ele>176.5</ele>
                <extensions>
                    <osmand:speed>18.9</osmand:speed>
                </extensions>
            </trkpt>
            <trkpt lat="-39.7573068" lon="-72.1494108">
                <ele>177.5</ele>
                <extensions>
                    <osmand:speed>18.9</osmand:speed>
                </extensions>
            </trkpt>
            <trkpt lat="-39.7579211" lon="-72.1475011">
                <ele>179</ele>
                <extensions>
                    <osmand:speed>18.9</osmand:speed>
                </extensions>
            </trkpt>
            <trkpt lat="-39.7579955" lon="-72.1472921">
                <ele>177.5</ele>
                <extensions>
                    <osmand:speed>18.9</osmand:speed>
                </extensions>
            </trkpt>
            <trkpt lat="-39.7580778" lon="-72.1470882">
                <ele>176.2</ele>
                <extensions>
                    <osmand:speed>18.9</osmand:speed>
                </extensions>
            </trkpt>
            <trkpt lat="-39.758146" lon="-72.1469271">
                <ele>175.8</ele>
                <extensions>
                    <osmand:speed>18.9</osmand:speed>
                </extensions>
            </trkpt>
            <trkpt lat="-39.7582182" lon="-72.1467717">
                <ele>175.2</ele>
                <extensions>
                    <osmand:speed>18.9</osmand:speed>
                </extensions>
            </trkpt>
            <trkpt lat="-39.7583316" lon="-72.1465142">
                <ele>175.6</ele>
                <extensions>
                    <osmand:speed>18.9</osmand:speed>
                </extensions>
            </trkpt>
            <trkpt lat="-39.7590306" lon="-72.1450576">
                <ele>177.8</ele>
                <extensions>
                    <osmand:speed>18.9</osmand:speed>
                </extensions>
            </trkpt>
            <trkpt lat="-39.7591191" lon="-72.1448861">
                <ele>177.5</ele>
                <extensions>
                    <osmand:speed>18.9</osmand:speed>
                </extensions>
            </trkpt>
            <trkpt lat="-39.7592141" lon="-72.1447089">
                <ele>177.2</ele>
                <extensions>
                    <osmand:speed>18.9</osmand:speed>
                </extensions>
            </trkpt>
            <trkpt lat="-39.7593069" lon="-72.1445535">
                <ele>177</ele>
                <extensions>
                    <osmand:speed>18.9</osmand:speed>
                </extensions>
            </trkpt>
            <trkpt lat="-39.7594057" lon="-72.1444112">
                <ele>176.2</ele>
                <extensions>
                    <osmand:speed>18.9</osmand:speed>
                </extensions>
            </trkpt>
            <trkpt lat="-39.7595129" lon="-72.1442744">
                <ele>175</ele>
                <extensions>
                    <osmand:speed>18.9</osmand:speed>
                </extensions>
            </trkpt>
            <trkpt lat="-39.7596181" lon="-72.144151">
                <ele>173.5</ele>
                <extensions>
                    <osmand:speed>18.9</osmand:speed>
                </extensions>
            </trkpt>
            <trkpt lat="-39.7597543" lon="-72.1440196">
                <ele>171</ele>
                <extensions>
                    <osmand:speed>18.9</osmand:speed>
                </extensions>
            </trkpt>
            <trkpt lat="-39.7605337" lon="-72.1433249">
                <ele>166</ele>
                <extensions>
                    <osmand:speed>18.9</osmand:speed>
                </extensions>
            </trkpt>
            <trkpt lat="-39.7606162" lon="-72.1432498">
                <ele>165.5</ele>
                <extensions>
                    <osmand:speed>18.9</osmand:speed>
                </extensions>
            </trkpt>
            <trkpt lat="-39.7607172" lon="-72.143172">
                <ele>165.2</ele>
                <extensions>
                    <osmand:speed>18.9</osmand:speed>
                </extensions>
            </trkpt>
            <trkpt lat="-39.76081" lon="-72.1431078">
                <ele>165</ele>
                <extensions>
                    <osmand:speed>18.9</osmand:speed>
                </extensions>
            </trkpt>
            <trkpt lat="-39.7608966" lon="-72.1430486">
                <ele>164.8</ele>
                <extensions>
                    <osmand:speed>18.9</osmand:speed>
                </extensions>
            </trkpt>
            <trkpt lat="-39.7609729" lon="-72.1430057">
                <ele>164.5</ele>
                <extensions>
                    <osmand:speed>18.9</osmand:speed>
                </extensions>
            </trkpt>
            <trkpt lat="-39.7610801" lon="-72.142971">
                <ele>164</ele>
                <extensions>
                    <osmand:speed>18.9</osmand:speed>
                </extensions>
            </trkpt>
            <trkpt lat="-39.7611605" lon="-72.1429494">
                <ele>163.5</ele>
                <extensions>
                    <osmand:speed>18.9</osmand:speed>
                </extensions>
            </trkpt>
            <trkpt lat="-39.7612533" lon="-72.142944">
                <ele>162.8</ele>
                <extensions>
                    <osmand:speed>18.9</osmand:speed>
                </extensions>
            </trkpt>
            <trkpt lat="-39.7613502" lon="-72.1429467">
                <ele>162</ele>
                <extensions>
                    <osmand:speed>18.9</osmand:speed>
                </extensions>
            </trkpt>
            <trkpt lat="-39.7614306" lon="-72.1429683">
                <ele>161.5</ele>
                <extensions>
                    <osmand:speed>18.9</osmand:speed>
                </extensions>
            </trkpt>
            <trkpt lat="-39.7615131" lon="-72.1429896">
                <ele>161.6</ele>
                <extensions>
                    <osmand:speed>18.9</osmand:speed>
                </extensions>
            </trkpt>
            <trkpt lat="-39.76161" lon="-72.1430245">
                <ele>161.8</ele>
                <extensions>
                    <osmand:speed>18.9</osmand:speed>
                </extensions>
            </trkpt>
            <trkpt lat="-39.7617337" lon="-72.143073">
                <ele>162</ele>
                <extensions>
                    <osmand:speed>18.9</osmand:speed>
                </extensions>
            </trkpt>
            <trkpt lat="-39.7623686" lon="-72.1433383">
                <ele>163.5</ele>
                <extensions>
                    <osmand:speed>18.9</osmand:speed>
                </extensions>
            </trkpt>
            <trkpt lat="-39.76281" lon="-72.1435289">
                <ele>163</ele>
                <extensions>
                    <osmand:speed>18.9</osmand:speed>
                </extensions>
            </trkpt>
            <trkpt lat="-39.7629378" lon="-72.1435745">
                <ele>162.2</ele>
                <extensions>
                    <osmand:speed>18.9</osmand:speed>
                </extensions>
            </trkpt>
            <trkpt lat="-39.7630801" lon="-72.1436253">
                <ele>161</ele>
                <extensions>
                    <osmand:speed>18.9</osmand:speed>
                </extensions>
            </trkpt>
            <trkpt lat="-39.7631646" lon="-72.1436443">
                <ele>160.2</ele>
                <extensions>
                    <osmand:speed>18.9</osmand:speed>
                </extensions>
            </trkpt>
            <trkpt lat="-39.763245" lon="-72.1436521">
                <ele>159.8</ele>
                <extensions>
                    <osmand:speed>18.9</osmand:speed>
                </extensions>
            </trkpt>
            <trkpt lat="-39.7633232" lon="-72.1436521">
                <ele>159.5</ele>
                <extensions>
                    <osmand:speed>18.9</osmand:speed>
                </extensions>
            </trkpt>
            <trkpt lat="-39.7633933" lon="-72.1436496">
                <ele>159.2</ele>
                <extensions>
                    <osmand:speed>18.9</osmand:speed>
                </extensions>
            </trkpt>
            <trkpt lat="-39.763478" lon="-72.1436309">
                <ele>159.3</ele>
                <extensions>
                    <osmand:speed>18.9</osmand:speed>
                </extensions>
            </trkpt>
            <trkpt lat="-39.763544" lon="-72.143604">
                <ele>159.4</ele>
                <extensions>
                    <osmand:speed>18.9</osmand:speed>
                </extensions>
            </trkpt>
            <trkpt lat="-39.7636306" lon="-72.1435502">
                <ele>159.5</ele>
                <extensions>
                    <osmand:speed>18.9</osmand:speed>
                </extensions>
            </trkpt>
            <trkpt lat="-39.7637088" lon="-72.1434941">
                <ele>160</ele>
                <extensions>
                    <osmand:speed>18.9</osmand:speed>
                </extensions>
            </trkpt>
            <trkpt lat="-39.7637749" lon="-72.1434243">
                <ele>160.5</ele>
                <extensions>
                    <osmand:speed>18.9</osmand:speed>
                </extensions>
            </trkpt>
            <trkpt lat="-39.7638388" lon="-72.1433517">
                <ele>160.8</ele>
                <extensions>
                    <osmand:speed>18.9</osmand:speed>
                </extensions>
            </trkpt>
            <trkpt lat="-39.7638902" lon="-72.1432659">
                <ele>161</ele>
                <extensions>
                    <osmand:speed>18.9</osmand:speed>
                </extensions>
            </trkpt>
            <trkpt lat="-39.76395" lon="-72.1431425">
                <ele>161.8</ele>
                <extensions>
                    <osmand:speed>18.9</osmand:speed>
                </extensions>
            </trkpt>
            <trkpt lat="-39.7639955" lon="-72.1430379">
                <ele>162.2</ele>
                <extensions>
                    <osmand:speed>18.9</osmand:speed>
                </extensions>
            </trkpt>
            <trkpt lat="-39.7640285" lon="-72.1429494">
                <ele>162.8</ele>
                <extensions>
                    <osmand:speed>18.9</osmand:speed>
                </extensions>
            </trkpt>
            <trkpt lat="-39.7640718" lon="-72.1428126">
                <ele>163.8</ele>
                <extensions>
                    <osmand:speed>18.9</osmand:speed>
                </extensions>
            </trkpt>
            <trkpt lat="-39.7641316" lon="-72.1425955">
                <ele>165.5</ele>
                <extensions>
                    <osmand:speed>18.9</osmand:speed>
                </extensions>
            </trkpt>
            <trkpt lat="-39.7641625" lon="-72.1424907">
                <ele>166.2</ele>
                <extensions>
                    <osmand:speed>18.9</osmand:speed>
                </extensions>
            </trkpt>
            <trkpt lat="-39.7642017" lon="-72.1423944">
                <ele>166.8</ele>
                <extensions>
                    <osmand:speed>18.9</osmand:speed>
                </extensions>
            </trkpt>
            <trkpt lat="-39.7642428" lon="-72.1422815">
                <ele>167.2</ele>
                <extensions>
                    <osmand:speed>18.9</osmand:speed>
                </extensions>
            </trkpt>
            <trkpt lat="-39.7642924" lon="-72.1421878">
                <ele>167.5</ele>
                <extensions>
                    <osmand:speed>18.9</osmand:speed>
                </extensions>
            </trkpt>
            <trkpt lat="-39.7643419" lon="-72.1420991">
                <ele>167.8</ele>
                <extensions>
                    <osmand:speed>18.9</osmand:speed>
                </extensions>
            </trkpt>
            <trkpt lat="-39.7644182" lon="-72.1419999">
                <ele>167.7</ele>
                <extensions>
                    <osmand:speed>18.9</osmand:speed>
                </extensions>
            </trkpt>
            <trkpt lat="-39.7644943" lon="-72.141925">
                <ele>167.6</ele>
                <extensions>
                    <osmand:speed>18.9</osmand:speed>
                </extensions>
            </trkpt>
            <trkpt lat="-39.7645809" lon="-72.1418577">
                <ele>167.5</ele>
                <extensions>
                    <osmand:speed>18.9</osmand:speed>
                </extensions>
            </trkpt>
            <trkpt lat="-39.7646881" lon="-72.1417987">
                <ele>166.8</ele>
                <extensions>
                    <osmand:speed>18.9</osmand:speed>
                </extensions>
            </trkpt>
            <trkpt lat="-39.7647893" lon="-72.141764">
                <ele>165.5</ele>
                <extensions>
                    <osmand:speed>18.9</osmand:speed>
                </extensions>
            </trkpt>
            <trkpt lat="-39.7648924" lon="-72.1417263">
                <ele>164.5</ele>
                <extensions>
                    <osmand:speed>18.9</osmand:speed>
                </extensions>
            </trkpt>
            <trkpt lat="-39.7649953" lon="-72.1417023">
                <ele>163.2</ele>
                <extensions>
                    <osmand:speed>18.9</osmand:speed>
                </extensions>
            </trkpt>
            <trkpt lat="-39.7654841" lon="-72.1416029">
                <ele>159</ele>
                <extensions>
                    <osmand:speed>18.9</osmand:speed>
                </extensions>
            </trkpt>
            <trkpt lat="-39.7664593" lon="-72.1413803">
                <ele>154.5</ele>
                <extensions>
                    <osmand:speed>18.9</osmand:speed>
                </extensions>
            </trkpt>
            <trkpt lat="-39.7671314" lon="-72.1412383">
                <ele>154</ele>
                <extensions>
                    <osmand:speed>18.9</osmand:speed>
                </extensions>
            </trkpt>
            <trkpt lat="-39.7676963" lon="-72.1411015">
                <ele>154.2</ele>
                <extensions>
                    <osmand:speed>18.9</osmand:speed>
                </extensions>
            </trkpt>
            <trkpt lat="-39.767787" lon="-72.1410772">
                <ele>154.4</ele>
                <extensions>
                    <osmand:speed>18.9</osmand:speed>
                </extensions>
            </trkpt>
            <trkpt lat="-39.7678776" lon="-72.141045">
                <ele>154.5</ele>
                <extensions>
                    <osmand:speed>18.9</osmand:speed>
                </extensions>
            </trkpt>
            <trkpt lat="-39.7679621" lon="-72.1409994">
                <ele>154.8</ele>
                <extensions>
                    <osmand:speed>18.9</osmand:speed>
                </extensions>
            </trkpt>
            <trkpt lat="-39.7680468" lon="-72.140946">
                <ele>155</ele>
                <extensions>
                    <osmand:speed>18.9</osmand:speed>
                </extensions>
            </trkpt>
            <trkpt lat="-39.768125" lon="-72.1408841">
                <ele>154.7</ele>
                <extensions>
                    <osmand:speed>18.9</osmand:speed>
                </extensions>
            </trkpt>
            <trkpt lat="-39.7682014" lon="-72.1408331">
                <ele>154.5</ele>
                <extensions>
                    <osmand:speed>18.9</osmand:speed>
                </extensions>
            </trkpt>
            <trkpt lat="-39.7682715" lon="-72.1407419">
                <ele>154</ele>
                <extensions>
                    <osmand:speed>18.9</osmand:speed>
                </extensions>
            </trkpt>
            <trkpt lat="-39.7683354" lon="-72.1406561">
                <ele>153.2</ele>
                <extensions>
                    <osmand:speed>18.9</osmand:speed>
                </extensions>
            </trkpt>
            <trkpt lat="-39.7683911" lon="-72.140557">
                <ele>152.5</ele>
                <extensions>
                    <osmand:speed>18.9</osmand:speed>
                </extensions>
            </trkpt>
            <trkpt lat="-39.7684426" lon="-72.1404603">
                <ele>151.8</ele>
                <extensions>
                    <osmand:speed>18.9</osmand:speed>
                </extensions>
            </trkpt>
            <trkpt lat="-39.768488" lon="-72.140353">
                <ele>151.5</ele>
                <extensions>
                    <osmand:speed>18.9</osmand:speed>
                </extensions>
            </trkpt>
            <trkpt lat="-39.7685395" lon="-72.1401815">
                <ele>151.2</ele>
                <extensions>
                    <osmand:speed>18.9</osmand:speed>
                </extensions>
            </trkpt>
            <trkpt lat="-39.7688364" lon="-72.1389906">
                <ele>149.5</ele>
                <extensions>
                    <osmand:speed>18.9</osmand:speed>
                </extensions>
            </trkpt>
            <trkpt lat="-39.7688632" lon="-72.1388939">
                <ele>148.8</ele>
                <extensions>
                    <osmand:speed>18.9</osmand:speed>
                </extensions>
            </trkpt>
            <trkpt lat="-39.7688857" lon="-72.1387973">
                <ele>148.2</ele>
                <extensions>
                    <osmand:speed>18.9</osmand:speed>
                </extensions>
            </trkpt>
            <trkpt lat="-39.7689065" lon="-72.1386981">
                <ele>148.4</ele>
                <extensions>
                    <osmand:speed>18.9</osmand:speed>
                </extensions>
            </trkpt>
            <trkpt lat="-39.7689209" lon="-72.1385854">
                <ele>148.5</ele>
                <extensions>
                    <osmand:speed>18.9</osmand:speed>
                </extensions>
            </trkpt>
            <trkpt lat="-39.768929" lon="-72.1384674">
                <ele>149</ele>
                <extensions>
                    <osmand:speed>18.9</osmand:speed>
                </extensions>
            </trkpt>
            <trkpt lat="-39.7689333" lon="-72.1383494">
                <ele>149.8</ele>
                <extensions>
                    <osmand:speed>18.9</osmand:speed>
                </extensions>
            </trkpt>
            <trkpt lat="-39.7689498" lon="-72.1378988">
                <ele>152.8</ele>
                <extensions>
                    <osmand:speed>18.9</osmand:speed>
                </extensions>
            </trkpt>
            <trkpt lat="-39.7689579" lon="-72.1377781">
                <ele>154</ele>
                <extensions>
                    <osmand:speed>18.9</osmand:speed>
                </extensions>
            </trkpt>
            <trkpt lat="-39.7689704" lon="-72.1376547">
                <ele>155</ele>
                <extensions>
                    <osmand:speed>18.9</osmand:speed>
                </extensions>
            </trkpt>
            <trkpt lat="-39.7689931" lon="-72.1375367">
                <ele>155.5</ele>
                <extensions>
                    <osmand:speed>18.9</osmand:speed>
                </extensions>
            </trkpt>
            <trkpt lat="-39.7690199" lon="-72.1374189">
                <ele>156</ele>
                <extensions>
                    <osmand:speed>18.9</osmand:speed>
                </extensions>
            </trkpt>
            <trkpt lat="-39.7690548" lon="-72.1373035">
                <ele>156.2</ele>
                <extensions>
                    <osmand:speed>18.9</osmand:speed>
                </extensions>
            </trkpt>
            <trkpt lat="-39.7690941" lon="-72.1371935">
                <ele>156.5</ele>
                <extensions>
                    <osmand:speed>18.9</osmand:speed>
                </extensions>
            </trkpt>
            <trkpt lat="-39.7691455" lon="-72.137078">
                <ele>156.8</ele>
                <extensions>
                    <osmand:speed>18.9</osmand:speed>
                </extensions>
            </trkpt>
            <trkpt lat="-39.7692054" lon="-72.1369682">
                <ele>156.5</ele>
                <extensions>
                    <osmand:speed>18.9</osmand:speed>
                </extensions>
            </trkpt>
            <trkpt lat="-39.7692692" lon="-72.1368663">
                <ele>156.2</ele>
                <extensions>
                    <osmand:speed>18.9</osmand:speed>
                </extensions>
            </trkpt>
            <trkpt lat="-39.7693393" lon="-72.1367698">
                <ele>155.2</ele>
                <extensions>
                    <osmand:speed>18.9</osmand:speed>
                </extensions>
            </trkpt>
            <trkpt lat="-39.7694568" lon="-72.1366517">
                <ele>153.2</ele>
                <extensions>
                    <osmand:speed>18.9</osmand:speed>
                </extensions>
            </trkpt>
            <trkpt lat="-39.769894" lon="-72.1363243">
                <ele>144.5</ele>
                <extensions>
                    <osmand:speed>18.9</osmand:speed>
                </extensions>
            </trkpt>
            <trkpt lat="-39.7708382" lon="-72.1357049">
                <ele>138.2</ele>
                <extensions>
                    <osmand:speed>18.9</osmand:speed>
                </extensions>
            </trkpt>
            <trkpt lat="-39.7709392" lon="-72.1356245">
                <ele>138.3</ele>
                <extensions>
                    <osmand:speed>18.9</osmand:speed>
                </extensions>
            </trkpt>
            <trkpt lat="-39.7710339" lon="-72.1355333">
                <ele>138.4</ele>
                <extensions>
                    <osmand:speed>18.9</osmand:speed>
                </extensions>
            </trkpt>
            <trkpt lat="-39.7711267" lon="-72.135434">
                <ele>138.4</ele>
                <extensions>
                    <osmand:speed>18.9</osmand:speed>
                </extensions>
            </trkpt>
            <trkpt lat="-39.7712112" lon="-72.1353267">
                <ele>138.5</ele>
                <extensions>
                    <osmand:speed>18.9</osmand:speed>
                </extensions>
            </trkpt>
            <trkpt lat="-39.7712875" lon="-72.1352168">
                <ele>138.8</ele>
                <extensions>
                    <osmand:speed>18.9</osmand:speed>
                </extensions>
            </trkpt>
            <trkpt lat="-39.7713555" lon="-72.1350987">
                <ele>138.8</ele>
                <extensions>
                    <osmand:speed>18.9</osmand:speed>
                </extensions>
            </trkpt>
            <trkpt lat="-39.7714194" lon="-72.1349754">
                <ele>138.9</ele>
                <extensions>
                    <osmand:speed>18.9</osmand:speed>
                </extensions>
            </trkpt>
            <trkpt lat="-39.7714751" lon="-72.1348464">
                <ele>138.9</ele>
                <extensions>
                    <osmand:speed>18.9</osmand:speed>
                </extensions>
            </trkpt>
            <trkpt lat="-39.7715247" lon="-72.1347123">
                <ele>139</ele>
                <extensions>
                    <osmand:speed>18.9</osmand:speed>
                </extensions>
            </trkpt>
            <trkpt lat="-39.7715658" lon="-72.1345755">
                <ele>139</ele>
                <extensions>
                    <osmand:speed>18.9</osmand:speed>
                </extensions>
            </trkpt>
            <trkpt lat="-39.771601" lon="-72.1344336">
                <ele>139.2</ele>
                <extensions>
                    <osmand:speed>18.9</osmand:speed>
                </extensions>
            </trkpt>
            <trkpt lat="-39.7716278" lon="-72.1342912">
                <ele>139.5</ele>
                <extensions>
                    <osmand:speed>18.9</osmand:speed>
                </extensions>
            </trkpt>
            <trkpt lat="-39.7718874" lon="-72.1323978">
                <ele>140</ele>
                <extensions>
                    <osmand:speed>18.9</osmand:speed>
                </extensions>
            </trkpt>
            <trkpt lat="-39.7719307" lon="-72.1320784">
                <ele>140</ele>
                <extensions>
                    <osmand:speed>16.4</osmand:speed>
                </extensions>
            </trkpt>
            <trkpt lat="-39.7720236" lon="-72.1313597">
                <ele>136</ele>
                <extensions>
                    <osmand:speed>16.4</osmand:speed>
                </extensions>
            </trkpt>
            <trkpt lat="-39.7722009" lon="-72.1300238">
                <ele>135.8</ele>
                <extensions>
                    <osmand:speed>16.4</osmand:speed>
                </extensions>
            </trkpt>
            <trkpt lat="-39.7723225" lon="-72.1291333">
                <ele>138</ele>
                <extensions>
                    <osmand:speed>16.4</osmand:speed>
                </extensions>
            </trkpt>
            <trkpt lat="-39.7724091" lon="-72.128589">
                <ele>139.2</ele>
                <extensions>
                    <osmand:speed>16.4</osmand:speed>
                </extensions>
            </trkpt>
            <trkpt lat="-39.772444" lon="-72.1284522">
                <ele>139.2</ele>
                <extensions>
                    <osmand:speed>16.4</osmand:speed>
                </extensions>
            </trkpt>
            <trkpt lat="-39.7724854" lon="-72.1283206">
                <ele>139.2</ele>
                <extensions>
                    <osmand:speed>16.4</osmand:speed>
                </extensions>
            </trkpt>
            <trkpt lat="-39.7725431" lon="-72.1281677">
                <ele>139.1</ele>
                <extensions>
                    <osmand:speed>16.4</osmand:speed>
                </extensions>
            </trkpt>
            <trkpt lat="-39.772607" lon="-72.1280202">
                <ele>139.1</ele>
                <extensions>
                    <osmand:speed>16.4</osmand:speed>
                </extensions>
            </trkpt>
            <trkpt lat="-39.7726811" lon="-72.1278809">
                <ele>139</ele>
                <extensions>
                    <osmand:speed>16.4</osmand:speed>
                </extensions>
            </trkpt>
            <trkpt lat="-39.7727637" lon="-72.1277466">
                <ele>138.2</ele>
                <extensions>
                    <osmand:speed>16.4</osmand:speed>
                </extensions>
            </trkpt>
            <trkpt lat="-39.7734129" lon="-72.126722">
                <ele>137</ele>
                <extensions>
                    <osmand:speed>16.4</osmand:speed>
                </extensions>
            </trkpt>
            <trkpt lat="-39.7741387" lon="-72.1255901">
                <ele>136</ele>
                <extensions>
                    <osmand:speed>16.4</osmand:speed>
                </extensions>
            </trkpt>
            <trkpt lat="-39.7742169" lon="-72.1254642">
                <ele>136.2</ele>
                <extensions>
                    <osmand:speed>16.4</osmand:speed>
                </extensions>
            </trkpt>
            <trkpt lat="-39.774287" lon="-72.1253353">
                <ele>137</ele>
                <extensions>
                    <osmand:speed>16.4</osmand:speed>
                </extensions>
            </trkpt>
            <trkpt lat="-39.7743488" lon="-72.1252094">
                <ele>137.8</ele>
                <extensions>
                    <osmand:speed>16.4</osmand:speed>
                </extensions>
            </trkpt>
            <trkpt lat="-39.7744045" lon="-72.1250778">
                <ele>138.2</ele>
                <extensions>
                    <osmand:speed>16.4</osmand:speed>
                </extensions>
            </trkpt>
            <trkpt lat="-39.774456" lon="-72.1249437">
                <ele>138.5</ele>
                <extensions>
                    <osmand:speed>16.4</osmand:speed>
                </extensions>
            </trkpt>
            <trkpt lat="-39.7745015" lon="-72.1248069">
                <ele>138.9</ele>
                <extensions>
                    <osmand:speed>16.4</osmand:speed>
                </extensions>
            </trkpt>
            <trkpt lat="-39.774786" lon="-72.1237745">
                <ele>142.2</ele>
                <extensions>
                    <osmand:speed>16.4</osmand:speed>
                </extensions>
            </trkpt>
            <trkpt lat="-39.7748396" lon="-72.1236053">
                <ele>143.2</ele>
                <extensions>
                    <osmand:speed>16.4</osmand:speed>
                </extensions>
            </trkpt>
            <trkpt lat="-39.7749013" lon="-72.123439">
                <ele>144</ele>
                <extensions>
                    <osmand:speed>16.4</osmand:speed>
                </extensions>
            </trkpt>
            <trkpt lat="-39.7749736" lon="-72.1232622">
                <ele>144.2</ele>
                <extensions>
                    <osmand:speed>16.4</osmand:speed>
                </extensions>
            </trkpt>
            <trkpt lat="-39.775054" lon="-72.1230876">
                <ele>143.9</ele>
                <extensions>
                    <osmand:speed>16.4</osmand:speed>
                </extensions>
            </trkpt>
            <trkpt lat="-39.7760043" lon="-72.1212129">
                <ele>140</ele>
                <extensions>
                    <osmand:speed>16.4</osmand:speed>
                </extensions>
            </trkpt>
            <trkpt lat="-39.7761526" lon="-72.1208909">
                <ele>140.2</ele>
                <extensions>
                    <osmand:speed>16.4</osmand:speed>
                </extensions>
            </trkpt>
            <trkpt lat="-39.776262" lon="-72.1206255">
                <ele>141</ele>
                <extensions>
                    <osmand:speed>16.4</osmand:speed>
                </extensions>
            </trkpt>
            <trkpt lat="-39.7763733" lon="-72.1203169">
                <ele>142.5</ele>
                <extensions>
                    <osmand:speed>16.4</osmand:speed>
                </extensions>
            </trkpt>
            <trkpt lat="-39.7767732" lon="-72.1191984">
                <ele>153</ele>
                <extensions>
                    <osmand:speed>16.4</osmand:speed>
                </extensions>
            </trkpt>
            <trkpt lat="-39.7768308" lon="-72.119067">
                <ele>154.2</ele>
                <extensions>
                    <osmand:speed>16.4</osmand:speed>
                </extensions>
            </trkpt>
            <trkpt lat="-39.7768969" lon="-72.1189436">
                <ele>155</ele>
                <extensions>
                    <osmand:speed>16.4</osmand:speed>
                </extensions>
            </trkpt>
            <trkpt lat="-39.7769689" lon="-72.1188256">
                <ele>155.2</ele>
                <extensions>
                    <osmand:speed>16.4</osmand:speed>
                </extensions>
            </trkpt>
            <trkpt lat="-39.7770515" lon="-72.1187183">
                <ele>155.8</ele>
                <extensions>
                    <osmand:speed>16.4</osmand:speed>
                </extensions>
            </trkpt>
            <trkpt lat="-39.7771297" lon="-72.1186219">
                <ele>155.5</ele>
                <extensions>
                    <osmand:speed>16.4</osmand:speed>
                </extensions>
            </trkpt>
            <trkpt lat="-39.7771896" lon="-72.1185576">
                <ele>155.2</ele>
                <extensions>
                    <osmand:speed>16.4</osmand:speed>
                </extensions>
            </trkpt>
            <trkpt lat="-39.7772513" lon="-72.1185012">
                <ele>154.5</ele>
                <extensions>
                    <osmand:speed>16.4</osmand:speed>
                </extensions>
            </trkpt>
            <trkpt lat="-39.7773174" lon="-72.1184447">
                <ele>153.5</ele>
                <extensions>
                    <osmand:speed>16.4</osmand:speed>
                </extensions>
            </trkpt>
            <trkpt lat="-39.7774143" lon="-72.1183779">
                <ele>152.2</ele>
                <extensions>
                    <osmand:speed>16.4</osmand:speed>
                </extensions>
            </trkpt>
            <trkpt lat="-39.7775153" lon="-72.1183215">
                <ele>150.8</ele>
                <extensions>
                    <osmand:speed>16.4</osmand:speed>
                </extensions>
            </trkpt>
            <trkpt lat="-39.7776287" lon="-72.1182759">
                <ele>149</ele>
                <extensions>
                    <osmand:speed>16.4</osmand:speed>
                </extensions>
            </trkpt>
            <trkpt lat="-39.77774" lon="-72.1182355">
                <ele>147.2</ele>
                <extensions>
                    <osmand:speed>16.4</osmand:speed>
                </extensions>
            </trkpt>
            <trkpt lat="-39.7778472" lon="-72.1182142">
                <ele>145.8</ele>
                <extensions>
                    <osmand:speed>16.4</osmand:speed>
                </extensions>
            </trkpt>
            <trkpt lat="-39.7779482" lon="-72.1182033">
                <ele>144.2</ele>
                <extensions>
                    <osmand:speed>16.4</osmand:speed>
                </extensions>
            </trkpt>
            <trkpt lat="-39.7780532" lon="-72.1181955">
                <ele>144.2</ele>
                <extensions>
                    <osmand:speed>16.4</osmand:speed>
                </extensions>
            </trkpt>
            <trkpt lat="-39.7787128" lon="-72.1181872">
                <ele>138</ele>
                <extensions>
                    <osmand:speed>16.4</osmand:speed>
                </extensions>
            </trkpt>
            <trkpt lat="-39.7793848" lon="-72.118166">
                <ele>139</ele>
                <extensions>
                    <osmand:speed>16.4</osmand:speed>
                </extensions>
            </trkpt>
            <trkpt lat="-39.7808071" lon="-72.1181257">
                <ele>142.2</ele>
                <extensions>
                    <osmand:speed>16.4</osmand:speed>
                </extensions>
            </trkpt>
            <trkpt lat="-39.7819863" lon="-72.1180962">
                <ele>144.2</ele>
                <extensions>
                    <osmand:speed>16.4</osmand:speed>
                </extensions>
            </trkpt>
            <trkpt lat="-39.7834621" lon="-72.118088">
                <ele>144.5</ele>
                <extensions>
                    <osmand:speed>16.4</osmand:speed>
                </extensions>
            </trkpt>
            <trkpt lat="-39.784806" lon="-72.1180558">
                <ele>141</ele>
                <extensions>
                    <osmand:speed>16.4</osmand:speed>
                </extensions>
            </trkpt>
            <trkpt lat="-39.7851976" lon="-72.1180453">
                <ele>139.5</ele>
                <extensions>
                    <osmand:speed>16.4</osmand:speed>
                </extensions>
            </trkpt>
            <trkpt lat="-39.7853934" lon="-72.118037">
                <ele>139</ele>
                <extensions>
                    <osmand:speed>16.4</osmand:speed>
                </extensions>
            </trkpt>
            <trkpt lat="-39.785587" lon="-72.1180397">
                <ele>138.9</ele>
                <extensions>
                    <osmand:speed>16.4</osmand:speed>
                </extensions>
            </trkpt>
            <trkpt lat="-39.785789" lon="-72.1180585">
                <ele>138.8</ele>
                <extensions>
                    <osmand:speed>16.4</osmand:speed>
                </extensions>
            </trkpt>
            <trkpt lat="-39.7859664" lon="-72.1180935">
                <ele>138.8</ele>
                <extensions>
                    <osmand:speed>16.4</osmand:speed>
                </extensions>
            </trkpt>
            <trkpt lat="-39.7861435" lon="-72.1181365">
                <ele>138.5</ele>
                <extensions>
                    <osmand:speed>16.4</osmand:speed>
                </extensions>
            </trkpt>
            <trkpt lat="-39.7863187" lon="-72.1182033">
                <ele>138.8</ele>
                <extensions>
                    <osmand:speed>16.4</osmand:speed>
                </extensions>
            </trkpt>
            <trkpt lat="-39.7865806" lon="-72.118324">
                <ele>138.5</ele>
                <extensions>
                    <osmand:speed>16.4</osmand:speed>
                </extensions>
            </trkpt>
            <trkpt lat="-39.7874195" lon="-72.1187371">
                <ele>140.2</ele>
                <extensions>
                    <osmand:speed>16.4</osmand:speed>
                </extensions>
            </trkpt>
            <trkpt lat="-39.7878791" lon="-72.1189624">
                <ele>141.5</ele>
                <extensions>
                    <osmand:speed>16.4</osmand:speed>
                </extensions>
            </trkpt>
            <trkpt lat="-39.7880007" lon="-72.119008">
                <ele>141.8</ele>
                <extensions>
                    <osmand:speed>16.4</osmand:speed>
                </extensions>
            </trkpt>
            <trkpt lat="-39.7880955" lon="-72.1190375">
                <ele>142.2</ele>
                <extensions>
                    <osmand:speed>16.4</osmand:speed>
                </extensions>
            </trkpt>
            <trkpt lat="-39.7882171" lon="-72.119067">
                <ele>142.8</ele>
                <extensions>
                    <osmand:speed>16.4</osmand:speed>
                </extensions>
            </trkpt>
            <trkpt lat="-39.7883303" lon="-72.1190777">
                <ele>143.5</ele>
                <extensions>
                    <osmand:speed>16.4</osmand:speed>
                </extensions>
            </trkpt>
            <trkpt lat="-39.7884375" lon="-72.1190777">
                <ele>144.2</ele>
                <extensions>
                    <osmand:speed>16.4</osmand:speed>
                </extensions>
            </trkpt>
            <trkpt lat="-39.7885675" lon="-72.1190725">
                <ele>145.2</ele>
                <extensions>
                    <osmand:speed>16.4</osmand:speed>
                </extensions>
            </trkpt>
            <trkpt lat="-39.7887056" lon="-72.1190591">
                <ele>146.5</ele>
                <extensions>
                    <osmand:speed>16.4</osmand:speed>
                </extensions>
            </trkpt>
            <trkpt lat="-39.7890558" lon="-72.1189892">
                <ele>150</ele>
                <extensions>
                    <osmand:speed>13.9</osmand:speed>
                </extensions>
            </trkpt>
            <trkpt lat="-39.7893526" lon="-72.1189302">
                <ele>152.2</ele>
                <extensions>
                    <osmand:speed>13.9</osmand:speed>
                </extensions>
            </trkpt>
            <trkpt lat="-39.7894742" lon="-72.1189089">
                <ele>152.5</ele>
                <extensions>
                    <osmand:speed>13.9</osmand:speed>
                </extensions>
            </trkpt>
            <trkpt lat="-39.7896248" lon="-72.1188658">
                <ele>153</ele>
                <extensions>
                    <osmand:speed>13.9</osmand:speed>
                </extensions>
            </trkpt>
            <trkpt lat="-39.7899525" lon="-72.1187721">
                <ele>153.2</ele>
                <extensions>
                    <osmand:speed>13.9</osmand:speed>
                </extensions>
            </trkpt>
            <trkpt lat="-39.7902328" lon="-72.1187022">
                <ele>152.8</ele>
                <extensions>
                    <osmand:speed>13.9</osmand:speed>
                </extensions>
            </trkpt>
            <trkpt lat="-39.7903276" lon="-72.1186593">
                <ele>153.5</ele>
                <extensions>
                    <osmand:speed>13.9</osmand:speed>
                </extensions>
            </trkpt>
            <trkpt lat="-39.7904243" lon="-72.1186298">
                <ele>154</ele>
                <extensions>
                    <osmand:speed>13.9</osmand:speed>
                </extensions>
            </trkpt>
            <trkpt lat="-39.7905253" lon="-72.118611">
                <ele>154.2</ele>
                <extensions>
                    <osmand:speed>13.9</osmand:speed>
                </extensions>
            </trkpt>
            <trkpt lat="-39.7906244" lon="-72.1186032">
                <ele>154.1</ele>
                <extensions>
                    <osmand:speed>13.9</osmand:speed>
                </extensions>
            </trkpt>
            <trkpt lat="-39.7907252" lon="-72.1186085">
                <ele>154</ele>
                <extensions>
                    <osmand:speed>13.9</osmand:speed>
                </extensions>
            </trkpt>
            <trkpt lat="-39.7908243" lon="-72.1186271">
                <ele>153.5</ele>
                <extensions>
                    <osmand:speed>13.9</osmand:speed>
                </extensions>
            </trkpt>
            <trkpt lat="-39.7909191" lon="-72.1186541">
                <ele>152.8</ele>
                <extensions>
                    <osmand:speed>13.9</osmand:speed>
                </extensions>
            </trkpt>
            <trkpt lat="-39.7910098" lon="-72.1186915">
                <ele>151.8</ele>
                <extensions>
                    <osmand:speed>13.9</osmand:speed>
                </extensions>
            </trkpt>
            <trkpt lat="-39.7910984" lon="-72.1187317">
                <ele>150.8</ele>
                <extensions>
                    <osmand:speed>13.9</osmand:speed>
                </extensions>
            </trkpt>
            <trkpt lat="-39.7914261" lon="-72.1188846">
                <ele>150</ele>
                <extensions>
                    <osmand:speed>13.9</osmand:speed>
                </extensions>
            </trkpt>
            <trkpt lat="-39.7915147" lon="-72.1189329">
                <ele>149.5</ele>
                <extensions>
                    <osmand:speed>13.9</osmand:speed>
                </extensions>
            </trkpt>
            <trkpt lat="-39.7916054" lon="-72.1189731">
                <ele>149.2</ele>
                <extensions>
                    <osmand:speed>13.9</osmand:speed>
                </extensions>
            </trkpt>
            <trkpt lat="-39.7917064" lon="-72.1190109">
                <ele>149.5</ele>
                <extensions>
                    <osmand:speed>13.9</osmand:speed>
                </extensions>
            </trkpt>
            <trkpt lat="-39.7918093" lon="-72.1190348">
                <ele>150.2</ele>
                <extensions>
                    <osmand:speed>13.9</osmand:speed>
                </extensions>
            </trkpt>
            <trkpt lat="-39.7919144" lon="-72.1190509">
                <ele>151.5</ele>
                <extensions>
                    <osmand:speed>13.9</osmand:speed>
                </extensions>
            </trkpt>
            <trkpt lat="-39.7920195" lon="-72.1190565">
                <ele>153</ele>
                <extensions>
                    <osmand:speed>13.9</osmand:speed>
                </extensions>
            </trkpt>
            <trkpt lat="-39.7921227" lon="-72.1190509">
                <ele>154.8</ele>
                <extensions>
                    <osmand:speed>13.9</osmand:speed>
                </extensions>
            </trkpt>
            <trkpt lat="-39.7922278" lon="-72.1190348">
                <ele>157</ele>
                <extensions>
                    <osmand:speed>13.9</osmand:speed>
                </extensions>
            </trkpt>
            <trkpt lat="-39.7923307" lon="-72.1190109">
                <ele>159.8</ele>
                <extensions>
                    <osmand:speed>13.9</osmand:speed>
                </extensions>
            </trkpt>
            <trkpt lat="-39.7924339" lon="-72.1189731">
                <ele>163</ele>
                <extensions>
                    <osmand:speed>13.9</osmand:speed>
                </extensions>
            </trkpt>
            <trkpt lat="-39.7926668" lon="-72.1189463">
                <ele>168.2</ele>
                <extensions>
                    <osmand:speed>13.9</osmand:speed>
                </extensions>
            </trkpt>
            <trkpt lat="-39.7927573" lon="-72.1189358">
                <ele>170.2</ele>
                <extensions>
                    <osmand:speed>13.9</osmand:speed>
                </extensions>
            </trkpt>
            <trkpt lat="-39.7928502" lon="-72.1189329">
                <ele>171.8</ele>
                <extensions>
                    <osmand:speed>13.9</osmand:speed>
                </extensions>
            </trkpt>
            <trkpt lat="-39.7929409" lon="-72.1189409">
                <ele>172.8</ele>
                <extensions>
                    <osmand:speed>13.9</osmand:speed>
                </extensions>
            </trkpt>
            <trkpt lat="-39.7930295" lon="-72.118957">
                <ele>173.2</ele>
                <extensions>
                    <osmand:speed>13.9</osmand:speed>
                </extensions>
            </trkpt>
            <trkpt lat="-39.7931159" lon="-72.118984">
                <ele>173</ele>
                <extensions>
                    <osmand:speed>13.9</osmand:speed>
                </extensions>
            </trkpt>
            <trkpt lat="-39.7932004" lon="-72.1190187">
                <ele>172.2</ele>
                <extensions>
                    <osmand:speed>13.9</osmand:speed>
                </extensions>
            </trkpt>
            <trkpt lat="-39.7932808" lon="-72.1190616">
                <ele>171</ele>
                <extensions>
                    <osmand:speed>13.9</osmand:speed>
                </extensions>
            </trkpt>
            <trkpt lat="-39.7933613" lon="-72.1191126">
                <ele>169.5</ele>
                <extensions>
                    <osmand:speed>13.9</osmand:speed>
                </extensions>
            </trkpt>
            <trkpt lat="-39.7935509" lon="-72.1192145">
                <ele>167</ele>
                <extensions>
                    <osmand:speed>13.9</osmand:speed>
                </extensions>
            </trkpt>
            <trkpt lat="-39.7936229" lon="-72.1192549">
                <ele>165.8</ele>
                <extensions>
                    <osmand:speed>13.9</osmand:speed>
                </extensions>
            </trkpt>
            <trkpt lat="-39.7936993" lon="-72.1192844">
                <ele>165</ele>
                <extensions>
                    <osmand:speed>13.9</osmand:speed>
                </extensions>
            </trkpt>
            <trkpt lat="-39.7937776" lon="-72.1193005">
                <ele>164.5</ele>
                <extensions>
                    <osmand:speed>13.9</osmand:speed>
                </extensions>
            </trkpt>
            <trkpt lat="-39.793858" lon="-72.119303">
                <ele>164.6</ele>
                <extensions>
                    <osmand:speed>13.9</osmand:speed>
                </extensions>
            </trkpt>
            <trkpt lat="-39.7939363" lon="-72.119295">
                <ele>164.8</ele>
                <extensions>
                    <osmand:speed>13.9</osmand:speed>
                </extensions>
            </trkpt>
            <trkpt lat="-39.7940084" lon="-72.1192789">
                <ele>165</ele>
                <extensions>
                    <osmand:speed>13.9</osmand:speed>
                </extensions>
            </trkpt>
            <trkpt lat="-39.7940785" lon="-72.1192494">
                <ele>165.5</ele>
                <extensions>
                    <osmand:speed>13.9</osmand:speed>
                </extensions>
            </trkpt>
            <trkpt lat="-39.7941465" lon="-72.119212">
                <ele>166.2</ele>
                <extensions>
                    <osmand:speed>13.9</osmand:speed>
                </extensions>
            </trkpt>
            <trkpt lat="-39.7942104" lon="-72.1191664">
                <ele>167.2</ele>
                <extensions>
                    <osmand:speed>13.9</osmand:speed>
                </extensions>
            </trkpt>
            <trkpt lat="-39.7942681" lon="-72.1191099">
                <ele>168.2</ele>
                <extensions>
                    <osmand:speed>13.9</osmand:speed>
                </extensions>
            </trkpt>
            <trkpt lat="-39.7943236" lon="-72.1190457">
                <ele>169.5</ele>
                <extensions>
                    <osmand:speed>13.9</osmand:speed>
                </extensions>
            </trkpt>
            <trkpt lat="-39.794371" lon="-72.1189758">
                <ele>170.8</ele>
                <extensions>
                    <osmand:speed>13.9</osmand:speed>
                </extensions>
            </trkpt>
            <trkpt lat="-39.7944144" lon="-72.118898">
                <ele>172.2</ele>
                <extensions>
                    <osmand:speed>13.9</osmand:speed>
                </extensions>
            </trkpt>
            <trkpt lat="-39.7944515" lon="-72.1188151">
                <ele>174</ele>
                <extensions>
                    <osmand:speed>13.9</osmand:speed>
                </extensions>
            </trkpt>
            <trkpt lat="-39.7949255" lon="-72.117836">
                <ele>193.2</ele>
                <extensions>
                    <osmand:speed>13.9</osmand:speed>
                </extensions>
            </trkpt>
            <trkpt lat="-39.7950574" lon="-72.1176081">
                <ele>196.8</ele>
                <extensions>
                    <osmand:speed>13.9</osmand:speed>
                </extensions>
            </trkpt>
            <trkpt lat="-39.7951151" lon="-72.1175061">
                <ele>198.2</ele>
                <extensions>
                    <osmand:speed>13.9</osmand:speed>
                </extensions>
            </trkpt>
            <trkpt lat="-39.795179" lon="-72.1174094">
                <ele>199.2</ele>
                <extensions>
                    <osmand:speed>13.9</osmand:speed>
                </extensions>
            </trkpt>
            <trkpt lat="-39.795247" lon="-72.1173182">
                <ele>200</ele>
                <extensions>
                    <osmand:speed>13.9</osmand:speed>
                </extensions>
            </trkpt>
            <trkpt lat="-39.7953212" lon="-72.1172377">
                <ele>200.8</ele>
                <extensions>
                    <osmand:speed>13.9</osmand:speed>
                </extensions>
            </trkpt>
            <trkpt lat="-39.7953995" lon="-72.1171626">
                <ele>201</ele>
                <extensions>
                    <osmand:speed>13.9</osmand:speed>
                </extensions>
            </trkpt>
            <trkpt lat="-39.7954818" lon="-72.1170958">
                <ele>201.1</ele>
                <extensions>
                    <osmand:speed>13.9</osmand:speed>
                </extensions>
            </trkpt>
            <trkpt lat="-39.7955685" lon="-72.1170394">
                <ele>201.2</ele>
                <extensions>
                    <osmand:speed>13.9</osmand:speed>
                </extensions>
            </trkpt>
            <trkpt lat="-39.795659" lon="-72.1169883">
                <ele>201.2</ele>
                <extensions>
                    <osmand:speed>13.9</osmand:speed>
                </extensions>
            </trkpt>
            <trkpt lat="-39.7957519" lon="-72.1169482">
                <ele>201.5</ele>
                <extensions>
                    <osmand:speed>13.9</osmand:speed>
                </extensions>
            </trkpt>
            <trkpt lat="-39.7958467" lon="-72.1169187">
                <ele>201.9</ele>
                <extensions>
                    <osmand:speed>13.9</osmand:speed>
                </extensions>
            </trkpt>
            <trkpt lat="-39.7959434" lon="-72.1168971">
                <ele>202.4</ele>
                <extensions>
                    <osmand:speed>13.9</osmand:speed>
                </extensions>
            </trkpt>
            <trkpt lat="-39.7960404" lon="-72.1168865">
                <ele>202.8</ele>
                <extensions>
                    <osmand:speed>13.9</osmand:speed>
                </extensions>
            </trkpt>
            <trkpt lat="-39.7961371" lon="-72.1168865">
                <ele>203.3</ele>
                <extensions>
                    <osmand:speed>13.9</osmand:speed>
                </extensions>
            </trkpt>
            <trkpt lat="-39.7962362" lon="-72.1168944">
                <ele>203.7</ele>
                <extensions>
                    <osmand:speed>13.9</osmand:speed>
                </extensions>
            </trkpt>
            <trkpt lat="-39.796331" lon="-72.116916">
                <ele>204.1</ele>
                <extensions>
                    <osmand:speed>13.9</osmand:speed>
                </extensions>
            </trkpt>
            <trkpt lat="-39.7969781" lon="-72.1172136">
                <ele>207.2</ele>
                <extensions>
                    <osmand:speed>13.9</osmand:speed>
                </extensions>
            </trkpt>
            <trkpt lat="-39.7974665" lon="-72.1174067">
                <ele>217</ele>
                <extensions>
                    <osmand:speed>13.9</osmand:speed>
                </extensions>
            </trkpt>
            <trkpt lat="-39.7975345" lon="-72.1174149">
                <ele>218.2</ele>
                <extensions>
                    <osmand:speed>13.9</osmand:speed>
                </extensions>
            </trkpt>
            <trkpt lat="-39.7976025" lon="-72.1174094">
                <ele>219.2</ele>
                <extensions>
                    <osmand:speed>13.9</osmand:speed>
                </extensions>
            </trkpt>
            <trkpt lat="-39.7976705" lon="-72.1173962">
                <ele>220.2</ele>
                <extensions>
                    <osmand:speed>13.9</osmand:speed>
                </extensions>
            </trkpt>
            <trkpt lat="-39.7977385" lon="-72.117372">
                <ele>221.2</ele>
                <extensions>
                    <osmand:speed>13.9</osmand:speed>
                </extensions>
            </trkpt>
            <trkpt lat="-39.7978024" lon="-72.1173398">
                <ele>222.2</ele>
                <extensions>
                    <osmand:speed>13.9</osmand:speed>
                </extensions>
            </trkpt>
            <trkpt lat="-39.797862" lon="-72.1172969">
                <ele>223.2</ele>
                <extensions>
                    <osmand:speed>13.9</osmand:speed>
                </extensions>
            </trkpt>
            <trkpt lat="-39.7979197" lon="-72.117246">
                <ele>224.2</ele>
                <extensions>
                    <osmand:speed>13.9</osmand:speed>
                </extensions>
            </trkpt>
            <trkpt lat="-39.7979712" lon="-72.1171896">
                <ele>225.2</ele>
                <extensions>
                    <osmand:speed>13.9</osmand:speed>
                </extensions>
            </trkpt>
            <trkpt lat="-39.7980229" lon="-72.117117">
                <ele>226.2</ele>
                <extensions>
                    <osmand:speed>13.9</osmand:speed>
                </extensions>
            </trkpt>
            <trkpt lat="-39.798066" lon="-72.1170394">
                <ele>227</ele>
                <extensions>
                    <osmand:speed>13.9</osmand:speed>
                </extensions>
            </trkpt>
            <trkpt lat="-39.7981031" lon="-72.1169561">
                <ele>227.5</ele>
                <extensions>
                    <osmand:speed>13.9</osmand:speed>
                </extensions>
            </trkpt>
            <trkpt lat="-39.7981321" lon="-72.1168676">
                <ele>228</ele>
                <extensions>
                    <osmand:speed>13.9</osmand:speed>
                </extensions>
            </trkpt>
            <trkpt lat="-39.7981527" lon="-72.1167764">
                <ele>228.5</ele>
                <extensions>
                    <osmand:speed>13.9</osmand:speed>
                </extensions>
            </trkpt>
            <trkpt lat="-39.7981651" lon="-72.1166798">
                <ele>229</ele>
                <extensions>
                    <osmand:speed>13.9</osmand:speed>
                </extensions>
            </trkpt>
            <trkpt lat="-39.7981692" lon="-72.1165861">
                <ele>229.2</ele>
                <extensions>
                    <osmand:speed>13.9</osmand:speed>
                </extensions>
            </trkpt>
            <trkpt lat="-39.798163" lon="-72.1164894">
                <ele>229.5</ele>
                <extensions>
                    <osmand:speed>13.9</osmand:speed>
                </extensions>
            </trkpt>
            <trkpt lat="-39.7981486" lon="-72.1163955">
                <ele>229.8</ele>
                <extensions>
                    <osmand:speed>13.9</osmand:speed>
                </extensions>
            </trkpt>
            <trkpt lat="-39.798027" lon="-72.1159905">
                <ele>231</ele>
                <extensions>
                    <osmand:speed>13.9</osmand:speed>
                </extensions>
            </trkpt>
            <trkpt lat="-39.7978189" lon="-72.1152155">
                <ele>234.8</ele>
                <extensions>
                    <osmand:speed>13.9</osmand:speed>
                </extensions>
            </trkpt>
            <trkpt lat="-39.7978084" lon="-72.1151">
                <ele>235.8</ele>
                <extensions>
                    <osmand:speed>13.9</osmand:speed>
                </extensions>
            </trkpt>
            <trkpt lat="-39.7978024" lon="-72.1149875">
                <ele>236.5</ele>
                <extensions>
                    <osmand:speed>13.9</osmand:speed>
                </extensions>
            </trkpt>
            <trkpt lat="-39.7978024" lon="-72.114872">
                <ele>237.2</ele>
                <extensions>
                    <osmand:speed>13.9</osmand:speed>
                </extensions>
            </trkpt>
            <trkpt lat="-39.7978065" lon="-72.1147567">
                <ele>238</ele>
                <extensions>
                    <osmand:speed>13.9</osmand:speed>
                </extensions>
            </trkpt>
            <trkpt lat="-39.7978208" lon="-72.1146199">
                <ele>238.8</ele>
                <extensions>
                    <osmand:speed>13.9</osmand:speed>
                </extensions>
            </trkpt>
            <trkpt lat="-39.7978436" lon="-72.1144831">
                <ele>239.2</ele>
                <extensions>
                    <osmand:speed>13.9</osmand:speed>
                </extensions>
            </trkpt>
            <trkpt lat="-39.7978723" lon="-72.1143519">
                <ele>239.8</ele>
                <extensions>
                    <osmand:speed>13.9</osmand:speed>
                </extensions>
            </trkpt>
            <trkpt lat="-39.7979094" lon="-72.1142204">
                <ele>240.2</ele>
                <extensions>
                    <osmand:speed>13.9</osmand:speed>
                </extensions>
            </trkpt>
            <trkpt lat="-39.7979549" lon="-72.1140944">
                <ele>240.5</ele>
                <extensions>
                    <osmand:speed>13.9</osmand:speed>
                </extensions>
            </trkpt>
            <trkpt lat="-39.7990284" lon="-72.1117097">
                <ele>249</ele>
                <extensions>
                    <osmand:speed>13.9</osmand:speed>
                </extensions>
            </trkpt>
            <trkpt lat="-39.7990718" lon="-72.1115997">
                <ele>249.2</ele>
                <extensions>
                    <osmand:speed>13.9</osmand:speed>
                </extensions>
            </trkpt>
            <trkpt lat="-39.7991089" lon="-72.1114873">
                <ele>250</ele>
                <extensions>
                    <osmand:speed>13.9</osmand:speed>
                </extensions>
            </trkpt>
            <trkpt lat="-39.7991398" lon="-72.1113692">
                <ele>250.8</ele>
                <extensions>
                    <osmand:speed>13.9</osmand:speed>
                </extensions>
            </trkpt>
            <trkpt lat="-39.7991625" lon="-72.1112485">
                <ele>251.5</ele>
                <extensions>
                    <osmand:speed>13.9</osmand:speed>
                </extensions>
            </trkpt>
            <trkpt lat="-39.7991769" lon="-72.1111278">
                <ele>251.8</ele>
                <extensions>
                    <osmand:speed>13.9</osmand:speed>
                </extensions>
            </trkpt>
            <trkpt lat="-39.799185" lon="-72.1110071">
                <ele>252</ele>
                <extensions>
                    <osmand:speed>13.9</osmand:speed>
                </extensions>
            </trkpt>
            <trkpt lat="-39.799185" lon="-72.1108864">
                <ele>252.5</ele>
                <extensions>
                    <osmand:speed>13.9</osmand:speed>
                </extensions>
            </trkpt>
            <trkpt lat="-39.7991788" lon="-72.1107657">
                <ele>253</ele>
                <extensions>
                    <osmand:speed>13.9</osmand:speed>
                </extensions>
            </trkpt>
            <trkpt lat="-39.7991644" lon="-72.1106477">
                <ele>253.2</ele>
                <extensions>
                    <osmand:speed>13.9</osmand:speed>
                </extensions>
            </trkpt>
            <trkpt lat="-39.7991438" lon="-72.1105295">
                <ele>253.5</ele>
                <extensions>
                    <osmand:speed>13.9</osmand:speed>
                </extensions>
            </trkpt>
            <trkpt lat="-39.799117" lon="-72.1104142">
                <ele>254</ele>
                <extensions>
                    <osmand:speed>13.9</osmand:speed>
                </extensions>
            </trkpt>
            <trkpt lat="-39.7989935" lon="-72.1100172">
                <ele>255.8</ele>
                <extensions>
                    <osmand:speed>13.9</osmand:speed>
                </extensions>
            </trkpt>
            <trkpt lat="-39.7988719" lon="-72.1095961">
                <ele>258.2</ele>
                <extensions>
                    <osmand:speed>13.9</osmand:speed>
                </extensions>
            </trkpt>
            <trkpt lat="-39.7987668" lon="-72.10932">
                <ele>259.2</ele>
                <extensions>
                    <osmand:speed>13.9</osmand:speed>
                </extensions>
            </trkpt>
            <trkpt lat="-39.7986698" lon="-72.1090865">
                <ele>260.2</ele>
                <extensions>
                    <osmand:speed>13.9</osmand:speed>
                </extensions>
            </trkpt>
            <trkpt lat="-39.7983011" lon="-72.1082228">
                <ele>262</ele>
                <extensions>
                    <osmand:speed>13.9</osmand:speed>
                </extensions>
            </trkpt>
            <trkpt lat="-39.7976169" lon="-72.1067129">
                <ele>260.2</ele>
                <extensions>
                    <osmand:speed>13.9</osmand:speed>
                </extensions>
            </trkpt>
            <trkpt lat="-39.7972934" lon="-72.1059483">
                <ele>260</ele>
                <extensions>
                    <osmand:speed>13.9</osmand:speed>
                </extensions>
            </trkpt>
            <trkpt lat="-39.7971737" lon="-72.1056157">
                <ele>261.5</ele>
                <extensions>
                    <osmand:speed>13.9</osmand:speed>
                </extensions>
            </trkpt>
            <trkpt lat="-39.7971079" lon="-72.1054147">
                <ele>262.8</ele>
                <extensions>
                    <osmand:speed>13.9</osmand:speed>
                </extensions>
            </trkpt>
            <trkpt lat="-39.7970605" lon="-72.1052458">
                <ele>264</ele>
                <extensions>
                    <osmand:speed>13.9</osmand:speed>
                </extensions>
            </trkpt>
            <trkpt lat="-39.7970193" lon="-72.1050739">
                <ele>265</ele>
                <extensions>
                    <osmand:speed>13.9</osmand:speed>
                </extensions>
            </trkpt>
            <trkpt lat="-39.79698" lon="-72.1048808">
                <ele>265.5</ele>
                <extensions>
                    <osmand:speed>13.9</osmand:speed>
                </extensions>
            </trkpt>
            <trkpt lat="-39.7969451" lon="-72.1046823">
                <ele>266.5</ele>
                <extensions>
                    <osmand:speed>13.9</osmand:speed>
                </extensions>
            </trkpt>
            <trkpt lat="-39.7968955" lon="-72.1042773">
                <ele>268.2</ele>
                <extensions>
                    <osmand:speed>13.9</osmand:speed>
                </extensions>
            </trkpt>
            <trkpt lat="-39.7968771" lon="-72.1041648">
                <ele>269</ele>
                <extensions>
                    <osmand:speed>13.9</osmand:speed>
                </extensions>
            </trkpt>
            <trkpt lat="-39.7968503" lon="-72.1039932">
                <ele>270.8</ele>
                <extensions>
                    <osmand:speed>13.9</osmand:speed>
                </extensions>
            </trkpt>
            <trkpt lat="-39.7968235" lon="-72.1038991">
                <ele>271.8</ele>
                <extensions>
                    <osmand:speed>13.9</osmand:speed>
                </extensions>
            </trkpt>
            <trkpt lat="-39.7967904" lon="-72.1038079">
                <ele>272.8</ele>
                <extensions>
                    <osmand:speed>13.9</osmand:speed>
                </extensions>
            </trkpt>
            <trkpt lat="-39.7967492" lon="-72.1037223">
                <ele>273.8</ele>
                <extensions>
                    <osmand:speed>13.9</osmand:speed>
                </extensions>
            </trkpt>
            <trkpt lat="-39.7967018" lon="-72.1036443">
                <ele>274.8</ele>
                <extensions>
                    <osmand:speed>13.9</osmand:speed>
                </extensions>
            </trkpt>
            <trkpt lat="-39.7966482" lon="-72.1035721">
                <ele>275.5</ele>
                <extensions>
                    <osmand:speed>13.9</osmand:speed>
                </extensions>
            </trkpt>
            <trkpt lat="-39.7965905" lon="-72.1035075">
                <ele>276</ele>
                <extensions>
                    <osmand:speed>13.9</osmand:speed>
                </extensions>
            </trkpt>
            <trkpt lat="-39.7965266" lon="-72.1034485">
                <ele>275.9</ele>
                <extensions>
                    <osmand:speed>13.9</osmand:speed>
                </extensions>
            </trkpt>
            <trkpt lat="-39.7964586" lon="-72.1034029">
                <ele>275.8</ele>
                <extensions>
                    <osmand:speed>13.9</osmand:speed>
                </extensions>
            </trkpt>
            <trkpt lat="-39.7963887" lon="-72.1033628">
                <ele>275</ele>
                <extensions>
                    <osmand:speed>13.9</osmand:speed>
                </extensions>
            </trkpt>
            <trkpt lat="-39.7963145" lon="-72.1033333">
                <ele>274</ele>
                <extensions>
                    <osmand:speed>13.9</osmand:speed>
                </extensions>
            </trkpt>
            <trkpt lat="-39.7962381" lon="-72.1033172">
                <ele>272.8</ele>
                <extensions>
                    <osmand:speed>13.9</osmand:speed>
                </extensions>
            </trkpt>
            <trkpt lat="-39.796162" lon="-72.1033065">
                <ele>271.5</ele>
                <extensions>
                    <osmand:speed>13.9</osmand:speed>
                </extensions>
            </trkpt>
            <trkpt lat="-39.7960856" lon="-72.103309">
                <ele>270</ele>
                <extensions>
                    <osmand:speed>13.9</osmand:speed>
                </extensions>
            </trkpt>
            <trkpt lat="-39.7960095" lon="-72.1033199">
                <ele>268.5</ele>
                <extensions>
                    <osmand:speed>13.9</osmand:speed>
                </extensions>
            </trkpt>
            <trkpt lat="-39.7959353" lon="-72.1033439">
                <ele>267</ele>
                <extensions>
                    <osmand:speed>13.9</osmand:speed>
                </extensions>
            </trkpt>
            <trkpt lat="-39.7958632" lon="-72.1033734">
                <ele>265.2</ele>
                <extensions>
                    <osmand:speed>13.9</osmand:speed>
                </extensions>
            </trkpt>
            <trkpt lat="-39.7957931" lon="-72.1034163">
                <ele>263.5</ele>
                <extensions>
                    <osmand:speed>13.9</osmand:speed>
                </extensions>
            </trkpt>
            <trkpt lat="-39.7957291" lon="-72.1034728">
                <ele>261.8</ele>
                <extensions>
                    <osmand:speed>13.9</osmand:speed>
                </extensions>
            </trkpt>
            <trkpt lat="-39.7956714" lon="-72.1035343">
                <ele>260</ele>
                <extensions>
                    <osmand:speed>13.9</osmand:speed>
                </extensions>
            </trkpt>
            <trkpt lat="-39.79562" lon="-72.1036016">
                <ele>258.8</ele>
                <extensions>
                    <osmand:speed>13.9</osmand:speed>
                </extensions>
            </trkpt>
            <trkpt lat="-39.7955745" lon="-72.1036686">
                <ele>258</ele>
                <extensions>
                    <osmand:speed>13.9</osmand:speed>
                </extensions>
            </trkpt>
            <trkpt lat="-39.7955168" lon="-72.103765">
                <ele>257.2</ele>
                <extensions>
                    <osmand:speed>13.9</osmand:speed>
                </extensions>
            </trkpt>
            <trkpt lat="-39.7954756" lon="-72.1038591">
                <ele>256.8</ele>
                <extensions>
                    <osmand:speed>13.9</osmand:speed>
                </extensions>
            </trkpt>
            <trkpt lat="-39.7954366" lon="-72.1039581">
                <ele>256.5</ele>
                <extensions>
                    <osmand:speed>13.9</osmand:speed>
                </extensions>
            </trkpt>
            <trkpt lat="-39.7952305" lon="-72.1046045">
                <ele>258.2</ele>
                <extensions>
                    <osmand:speed>13.9</osmand:speed>
                </extensions>
            </trkpt>
            <trkpt lat="-39.7951974" lon="-72.1046984">
                <ele>258.5</ele>
                <extensions>
                    <osmand:speed>13.9</osmand:speed>
                </extensions>
            </trkpt>
            <trkpt lat="-39.7951563" lon="-72.1047869">
                <ele>258.4</ele>
                <extensions>
                    <osmand:speed>13.9</osmand:speed>
                </extensions>
            </trkpt>
            <trkpt lat="-39.7951048" lon="-72.1048754">
                <ele>258.2</ele>
                <extensions>
                    <osmand:speed>13.9</osmand:speed>
                </extensions>
            </trkpt>
            <trkpt lat="-39.795049" lon="-72.1049559">
                <ele>258</ele>
                <extensions>
                    <osmand:speed>13.9</osmand:speed>
                </extensions>
            </trkpt>
            <trkpt lat="-39.7949729" lon="-72.1050417">
                <ele>257.8</ele>
                <extensions>
                    <osmand:speed>13.9</osmand:speed>
                </extensions>
            </trkpt>
            <trkpt lat="-39.7949193" lon="-72.1050927">
                <ele>257.5</ele>
                <extensions>
                    <osmand:speed>13.9</osmand:speed>
                </extensions>
            </trkpt>
            <trkpt lat="-39.7948553" lon="-72.1051356">
                <ele>257.2</ele>
                <extensions>
                    <osmand:speed>13.9</osmand:speed>
                </extensions>
            </trkpt>
            <trkpt lat="-39.7947914" lon="-72.1051678">
                <ele>257</ele>
                <extensions>
                    <osmand:speed>13.9</osmand:speed>
                </extensions>
            </trkpt>
            <trkpt lat="-39.7947256" lon="-72.1051946">
                <ele>257.1</ele>
                <extensions>
                    <osmand:speed>13.9</osmand:speed>
                </extensions>
            </trkpt>
            <trkpt lat="-39.7946576" lon="-72.1052107">
                <ele>257.1</ele>
                <extensions>
                    <osmand:speed>13.9</osmand:speed>
                </extensions>
            </trkpt>
            <trkpt lat="-39.7945896" lon="-72.1052216">
                <ele>257.2</ele>
                <extensions>
                    <osmand:speed>13.9</osmand:speed>
                </extensions>
            </trkpt>
            <trkpt lat="-39.7945235" lon="-72.1052241">
                <ele>257.2</ele>
                <extensions>
                    <osmand:speed>13.9</osmand:speed>
                </extensions>
            </trkpt>
            <trkpt lat="-39.7944577" lon="-72.1052189">
                <ele>257.5</ele>
                <extensions>
                    <osmand:speed>13.9</osmand:speed>
                </extensions>
            </trkpt>
            <trkpt lat="-39.7943897" lon="-72.105208">
                <ele>257.8</ele>
                <extensions>
                    <osmand:speed>13.9</osmand:speed>
                </extensions>
            </trkpt>
            <trkpt lat="-39.7943236" lon="-72.1051785">
                <ele>258</ele>
                <extensions>
                    <osmand:speed>13.9</osmand:speed>
                </extensions>
            </trkpt>
            <trkpt lat="-39.7942578" lon="-72.1051463">
                <ele>258.2</ele>
                <extensions>
                    <osmand:speed>13.9</osmand:speed>
                </extensions>
            </trkpt>
            <trkpt lat="-39.7941939" lon="-72.1051034">
                <ele>258.8</ele>
                <extensions>
                    <osmand:speed>13.9</osmand:speed>
                </extensions>
            </trkpt>
            <trkpt lat="-39.7941259" lon="-72.1050526">
                <ele>259.2</ele>
                <extensions>
                    <osmand:speed>13.9</osmand:speed>
                </extensions>
            </trkpt>
            <trkpt lat="-39.794062" lon="-72.1049961">
                <ele>260</ele>
                <extensions>
                    <osmand:speed>13.9</osmand:speed>
                </extensions>
            </trkpt>
            <trkpt lat="-39.7940002" lon="-72.1049319">
                <ele>260.8</ele>
                <extensions>
                    <osmand:speed>13.9</osmand:speed>
                </extensions>
            </trkpt>
            <trkpt lat="-39.7938743" lon="-72.1047762">
                <ele>262.2</ele>
                <extensions>
                    <osmand:speed>13.9</osmand:speed>
                </extensions>
            </trkpt>
            <trkpt lat="-39.7937817" lon="-72.104634">
                <ele>263.5</ele>
                <extensions>
                    <osmand:speed>13.9</osmand:speed>
                </extensions>
            </trkpt>
            <trkpt lat="-39.7936519" lon="-72.1044087">
                <ele>264.5</ele>
                <extensions>
                    <osmand:speed>13.9</osmand:speed>
                </extensions>
            </trkpt>
            <trkpt lat="-39.7935777" lon="-72.1042585">
                <ele>265.2</ele>
                <extensions>
                    <osmand:speed>13.9</osmand:speed>
                </extensions>
            </trkpt>
            <trkpt lat="-39.7934932" lon="-72.1040736">
                <ele>266</ele>
                <extensions>
                    <osmand:speed>18.9</osmand:speed>
                </extensions>
            </trkpt>
            <trkpt lat="-39.7934458" lon="-72.1039637">
                <ele>266.5</ele>
                <extensions>
                    <osmand:speed>18.9</osmand:speed>
                </extensions>
            </trkpt>
            <trkpt lat="-39.7934046" lon="-72.1038483">
                <ele>267</ele>
                <extensions>
                    <osmand:speed>18.9</osmand:speed>
                </extensions>
            </trkpt>
            <trkpt lat="-39.7933632" lon="-72.1037194">
                <ele>267.2</ele>
                <extensions>
                    <osmand:speed>18.9</osmand:speed>
                </extensions>
            </trkpt>
            <trkpt lat="-39.7933304" lon="-72.1035908">
                <ele>267.1</ele>
                <extensions>
                    <osmand:speed>18.9</osmand:speed>
                </extensions>
            </trkpt>
            <trkpt lat="-39.7932933" lon="-72.103419">
                <ele>267</ele>
                <extensions>
                    <osmand:speed>18.9</osmand:speed>
                </extensions>
            </trkpt>
            <trkpt lat="-39.7932643" lon="-72.1032126">
                <ele>266.2</ele>
                <extensions>
                    <osmand:speed>18.9</osmand:speed>
                </extensions>
            </trkpt>
            <trkpt lat="-39.7932478" lon="-72.1031025">
                <ele>266.1</ele>
                <extensions>
                    <osmand:speed>18.9</osmand:speed>
                </extensions>
            </trkpt>
            <trkpt lat="-39.7932356" lon="-72.10299">
                <ele>266</ele>
                <extensions>
                    <osmand:speed>18.9</osmand:speed>
                </extensions>
            </trkpt>
            <trkpt lat="-39.7932272" lon="-72.1028718">
                <ele>265.5</ele>
                <extensions>
                    <osmand:speed>18.9</osmand:speed>
                </extensions>
            </trkpt>
            <trkpt lat="-39.7932232" lon="-72.1027511">
                <ele>264.8</ele>
                <extensions>
                    <osmand:speed>18.9</osmand:speed>
                </extensions>
            </trkpt>
            <trkpt lat="-39.7932253" lon="-72.1026279">
                <ele>264</ele>
                <extensions>
                    <osmand:speed>18.9</osmand:speed>
                </extensions>
            </trkpt>
            <trkpt lat="-39.7932313" lon="-72.1023812">
                <ele>262.5</ele>
                <extensions>
                    <osmand:speed>18.9</osmand:speed>
                </extensions>
            </trkpt>
            <trkpt lat="-39.7932643" lon="-72.1019974">
                <ele>260</ele>
                <extensions>
                    <osmand:speed>18.9</osmand:speed>
                </extensions>
            </trkpt>
            <trkpt lat="-39.7933077" lon="-72.1016757">
                <ele>257.2</ele>
                <extensions>
                    <osmand:speed>18.9</osmand:speed>
                </extensions>
            </trkpt>
            <trkpt lat="-39.7933675" lon="-72.1012142">
                <ele>253.5</ele>
                <extensions>
                    <osmand:speed>18.9</osmand:speed>
                </extensions>
            </trkpt>
            <trkpt lat="-39.7935612" lon="-72.0997551">
                <ele>249.5</ele>
                <extensions>
                    <osmand:speed>18.9</osmand:speed>
                </extensions>
            </trkpt>
            <trkpt lat="-39.7935942" lon="-72.0994788">
                <ele>248.8</ele>
                <extensions>
                    <osmand:speed>18.9</osmand:speed>
                </extensions>
            </trkpt>
            <trkpt lat="-39.7936457" lon="-72.099184">
                <ele>247.8</ele>
                <extensions>
                    <osmand:speed>18.9</osmand:speed>
                </extensions>
            </trkpt>
            <trkpt lat="-39.7936993" lon="-72.0989209">
                <ele>246.8</ele>
                <extensions>
                    <osmand:speed>18.9</osmand:speed>
                </extensions>
            </trkpt>
            <trkpt lat="-39.7939341" lon="-72.0978026">
                <ele>243.2</ele>
                <extensions>
                    <osmand:speed>18.9</osmand:speed>
                </extensions>
            </trkpt>
            <trkpt lat="-39.7940682" lon="-72.0969307">
                <ele>242</ele>
                <extensions>
                    <osmand:speed>18.9</osmand:speed>
                </extensions>
            </trkpt>
            <trkpt lat="-39.7941527" lon="-72.0965339">
                <ele>243</ele>
                <extensions>
                    <osmand:speed>18.9</osmand:speed>
                </extensions>
            </trkpt>
            <trkpt lat="-39.7942475" lon="-72.0962201">
                <ele>244</ele>
                <extensions>
                    <osmand:speed>18.9</osmand:speed>
                </extensions>
            </trkpt>
            <trkpt lat="-39.7944" lon="-72.0958015">
                <ele>245.8</ele>
                <extensions>
                    <osmand:speed>18.9</osmand:speed>
                </extensions>
            </trkpt>
            <trkpt lat="-39.7945585" lon="-72.0953643">
                <ele>246.5</ele>
                <extensions>
                    <osmand:speed>18.9</osmand:speed>
                </extensions>
            </trkpt>
            <trkpt lat="-39.7946164" lon="-72.0952358">
                <ele>247</ele>
                <extensions>
                    <osmand:speed>18.9</osmand:speed>
                </extensions>
            </trkpt>
            <trkpt lat="-39.7946782" lon="-72.0951095">
                <ele>247.5</ele>
                <extensions>
                    <osmand:speed>18.9</osmand:speed>
                </extensions>
            </trkpt>
            <trkpt lat="-39.7947399" lon="-72.0950049">
                <ele>248.2</ele>
                <extensions>
                    <osmand:speed>18.9</osmand:speed>
                </extensions>
            </trkpt>
            <trkpt lat="-39.7948079" lon="-72.0949032">
                <ele>248.5</ele>
                <extensions>
                    <osmand:speed>18.9</osmand:speed>
                </extensions>
            </trkpt>
            <trkpt lat="-39.7948781" lon="-72.0948064">
                <ele>248.4</ele>
                <extensions>
                    <osmand:speed>18.9</osmand:speed>
                </extensions>
            </trkpt>
            <trkpt lat="-39.7949523" lon="-72.0947152">
                <ele>248.2</ele>
                <extensions>
                    <osmand:speed>18.9</osmand:speed>
                </extensions>
            </trkpt>
            <trkpt lat="-39.796094" lon="-72.0935431">
                <ele>247</ele>
                <extensions>
                    <osmand:speed>18.9</osmand:speed>
                </extensions>
            </trkpt>
            <trkpt lat="-39.7976911" lon="-72.0920974">
                <ele>250.8</ele>
                <extensions>
                    <osmand:speed>18.9</osmand:speed>
                </extensions>
            </trkpt>
            <trkpt lat="-39.7980909" lon="-72.0917165">
                <ele>249.8</ele>
                <extensions>
                    <osmand:speed>18.9</osmand:speed>
                </extensions>
            </trkpt>
            <trkpt lat="-39.7984845" lon="-72.0913276">
                <ele>249.3</ele>
                <extensions>
                    <osmand:speed>18.9</osmand:speed>
                </extensions>
            </trkpt>
            <trkpt lat="-39.798874" lon="-72.0909306">
                <ele>248.8</ele>
                <extensions>
                    <osmand:speed>18.9</osmand:speed>
                </extensions>
            </trkpt>
            <trkpt lat="-39.7992324" lon="-72.0905444">
                <ele>247</ele>
                <extensions>
                    <osmand:speed>18.9</osmand:speed>
                </extensions>
            </trkpt>
            <trkpt lat="-39.799587" lon="-72.0901528">
                <ele>244.8</ele>
                <extensions>
                    <osmand:speed>18.9</osmand:speed>
                </extensions>
            </trkpt>
            <trkpt lat="-39.7999351" lon="-72.0897533">
                <ele>242.5</ele>
                <extensions>
                    <osmand:speed>18.9</osmand:speed>
                </extensions>
            </trkpt>
            <trkpt lat="-39.8002773" lon="-72.0893456">
                <ele>241</ele>
                <extensions>
                    <osmand:speed>18.9</osmand:speed>
                </extensions>
            </trkpt>
            <trkpt lat="-39.8006151" lon="-72.0889297">
                <ele>239.5</ele>
                <extensions>
                    <osmand:speed>18.9</osmand:speed>
                </extensions>
            </trkpt>
            <trkpt lat="-39.8009469" lon="-72.0885059">
                <ele>237.8</ele>
                <extensions>
                    <osmand:speed>18.9</osmand:speed>
                </extensions>
            </trkpt>
            <trkpt lat="-39.8019073" lon="-72.0872159">
                <ele>229.2</ele>
                <extensions>
                    <osmand:speed>18.9</osmand:speed>
                </extensions>
            </trkpt>
            <trkpt lat="-39.8028655" lon="-72.0859231">
                <ele>219.8</ele>
                <extensions>
                    <osmand:speed>18.9</osmand:speed>
                </extensions>
            </trkpt>
            <trkpt lat="-39.8029479" lon="-72.0858237">
                <ele>218.5</ele>
                <extensions>
                    <osmand:speed>18.9</osmand:speed>
                </extensions>
            </trkpt>
            <trkpt lat="-39.8030343" lon="-72.0857352">
                <ele>217.2</ele>
                <extensions>
                    <osmand:speed>18.9</osmand:speed>
                </extensions>
            </trkpt>
            <trkpt lat="-39.803125" lon="-72.0856522">
                <ele>216</ele>
                <extensions>
                    <osmand:speed>18.9</osmand:speed>
                </extensions>
            </trkpt>
            <trkpt lat="-39.803222" lon="-72.0855796">
                <ele>215.2</ele>
                <extensions>
                    <osmand:speed>18.9</osmand:speed>
                </extensions>
            </trkpt>
            <trkpt lat="-39.8033209" lon="-72.0855179">
                <ele>214.8</ele>
                <extensions>
                    <osmand:speed>18.9</osmand:speed>
                </extensions>
            </trkpt>
            <trkpt lat="-39.8034217" lon="-72.0854645">
                <ele>214.5</ele>
                <extensions>
                    <osmand:speed>18.9</osmand:speed>
                </extensions>
            </trkpt>
            <trkpt lat="-39.8035268" lon="-72.0854216">
                <ele>214</ele>
                <extensions>
                    <osmand:speed>18.9</osmand:speed>
                </extensions>
            </trkpt>
            <trkpt lat="-39.8036341" lon="-72.0853894">
                <ele>213.5</ele>
                <extensions>
                    <osmand:speed>18.9</osmand:speed>
                </extensions>
            </trkpt>
            <trkpt lat="-39.8037411" lon="-72.0853652">
                <ele>212.8</ele>
                <extensions>
                    <osmand:speed>18.9</osmand:speed>
                </extensions>
            </trkpt>
            <trkpt lat="-39.8039061" lon="-72.0853382">
                <ele>211.8</ele>
                <extensions>
                    <osmand:speed>18.9</osmand:speed>
                </extensions>
            </trkpt>
            <trkpt lat="-39.8052618" lon="-72.0852097">
                <ele>205.8</ele>
                <extensions>
                    <osmand:speed>18.9</osmand:speed>
                </extensions>
            </trkpt>
            <trkpt lat="-39.8053835" lon="-72.085188">
                <ele>205.2</ele>
                <extensions>
                    <osmand:speed>18.9</osmand:speed>
                </extensions>
            </trkpt>
            <trkpt lat="-39.8055008" lon="-72.0851585">
                <ele>204.8</ele>
                <extensions>
                    <osmand:speed>18.9</osmand:speed>
                </extensions>
            </trkpt>
            <trkpt lat="-39.805672" lon="-72.0851102">
                <ele>204.2</ele>
                <extensions>
                    <osmand:speed>18.9</osmand:speed>
                </extensions>
            </trkpt>
            <trkpt lat="-39.805814" lon="-72.0850512">
                <ele>204</ele>
                <extensions>
                    <osmand:speed>18.9</osmand:speed>
                </extensions>
            </trkpt>
            <trkpt lat="-39.8064282" lon="-72.0847508">
                <ele>204</ele>
                <extensions>
                    <osmand:speed>18.9</osmand:speed>
                </extensions>
            </trkpt>
            <trkpt lat="-39.8068032" lon="-72.0845684">
                <ele>203</ele>
                <extensions>
                    <osmand:speed>18.9</osmand:speed>
                </extensions>
            </trkpt>
            <trkpt lat="-39.8077737" lon="-72.0841178">
                <ele>199.2</ele>
                <extensions>
                    <osmand:speed>18.9</osmand:speed>
                </extensions>
            </trkpt>
            <trkpt lat="-39.810483" lon="-72.0829001">
                <ele>182</ele>
                <extensions>
                    <osmand:speed>13.9</osmand:speed>
                </extensions>
            </trkpt>
            <trkpt lat="-39.810887" lon="-72.0827232">
                <ele>181.5</ele>
                <extensions>
                    <osmand:speed>13.9</osmand:speed>
                </extensions>
            </trkpt>
            <trkpt lat="-39.8109734" lon="-72.0826989">
                <ele>182.2</ele>
                <extensions>
                    <osmand:speed>13.9</osmand:speed>
                </extensions>
            </trkpt>
            <trkpt lat="-39.8110621" lon="-72.0826803">
                <ele>183</ele>
                <extensions>
                    <osmand:speed>13.9</osmand:speed>
                </extensions>
            </trkpt>
            <trkpt lat="-39.8111507" lon="-72.0826694">
                <ele>183.8</ele>
                <extensions>
                    <osmand:speed>13.9</osmand:speed>
                </extensions>
            </trkpt>
            <trkpt lat="-39.8112412" lon="-72.0826694">
                <ele>184.5</ele>
                <extensions>
                    <osmand:speed>13.9</osmand:speed>
                </extensions>
            </trkpt>
            <trkpt lat="-39.811336" lon="-72.0826777">
                <ele>185</ele>
                <extensions>
                    <osmand:speed>13.9</osmand:speed>
                </extensions>
            </trkpt>
            <trkpt lat="-39.8114246" lon="-72.0826964">
                <ele>185.2</ele>
                <extensions>
                    <osmand:speed>13.9</osmand:speed>
                </extensions>
            </trkpt>
            <trkpt lat="-39.8115113" lon="-72.0827284">
                <ele>185.5</ele>
                <extensions>
                    <osmand:speed>13.9</osmand:speed>
                </extensions>
            </trkpt>
            <trkpt lat="-39.8115894" lon="-72.0827794">
                <ele>185.2</ele>
                <extensions>
                    <osmand:speed>13.9</osmand:speed>
                </extensions>
            </trkpt>
            <trkpt lat="-39.8116926" lon="-72.0828518">
                <ele>184.8</ele>
                <extensions>
                    <osmand:speed>13.9</osmand:speed>
                </extensions>
            </trkpt>
            <trkpt lat="-39.8119357" lon="-72.0830558">
                <ele>183.2</ele>
                <extensions>
                    <osmand:speed>13.9</osmand:speed>
                </extensions>
            </trkpt>
            <trkpt lat="-39.8120386" lon="-72.0831283">
                <ele>182</ele>
                <extensions>
                    <osmand:speed>13.9</osmand:speed>
                </extensions>
            </trkpt>
            <trkpt lat="-39.8121026" lon="-72.0831683">
                <ele>181</ele>
                <extensions>
                    <osmand:speed>13.9</osmand:speed>
                </extensions>
            </trkpt>
            <trkpt lat="-39.8121684" lon="-72.0832034">
                <ele>180</ele>
                <extensions>
                    <osmand:speed>13.9</osmand:speed>
                </extensions>
            </trkpt>
            <trkpt lat="-39.8122386" lon="-72.08323">
                <ele>179</ele>
                <extensions>
                    <osmand:speed>13.9</osmand:speed>
                </extensions>
            </trkpt>
            <trkpt lat="-39.8123085" lon="-72.083249">
                <ele>178</ele>
                <extensions>
                    <osmand:speed>13.9</osmand:speed>
                </extensions>
            </trkpt>
            <trkpt lat="-39.8123806" lon="-72.0832595">
                <ele>177.2</ele>
                <extensions>
                    <osmand:speed>13.9</osmand:speed>
                </extensions>
            </trkpt>
            <trkpt lat="-39.8124527" lon="-72.0832622">
                <ele>176.5</ele>
                <extensions>
                    <osmand:speed>13.9</osmand:speed>
                </extensions>
            </trkpt>
            <trkpt lat="-39.8125351" lon="-72.0832543">
                <ele>175.5</ele>
                <extensions>
                    <osmand:speed>13.9</osmand:speed>
                </extensions>
            </trkpt>
            <trkpt lat="-39.8126156" lon="-72.0832382">
                <ele>174.5</ele>
                <extensions>
                    <osmand:speed>13.9</osmand:speed>
                </extensions>
            </trkpt>
            <trkpt lat="-39.8126939" lon="-72.0832112">
                <ele>173.5</ele>
                <extensions>
                    <osmand:speed>13.9</osmand:speed>
                </extensions>
            </trkpt>
            <trkpt lat="-39.8127681" lon="-72.0831792">
                <ele>172.5</ele>
                <extensions>
                    <osmand:speed>13.9</osmand:speed>
                </extensions>
            </trkpt>
            <trkpt lat="-39.812838" lon="-72.0831415">
                <ele>171.5</ele>
                <extensions>
                    <osmand:speed>13.9</osmand:speed>
                </extensions>
            </trkpt>
            <trkpt lat="-39.8129061" lon="-72.0830932">
                <ele>170.8</ele>
                <extensions>
                    <osmand:speed>13.9</osmand:speed>
                </extensions>
            </trkpt>
            <trkpt lat="-39.81297" lon="-72.0830424">
                <ele>170.2</ele>
                <extensions>
                    <osmand:speed>13.9</osmand:speed>
                </extensions>
            </trkpt>
            <trkpt lat="-39.8130277" lon="-72.0829807">
                <ele>170</ele>
                <extensions>
                    <osmand:speed>13.9</osmand:speed>
                </extensions>
            </trkpt>
            <trkpt lat="-39.8130936" lon="-72.0828947">
                <ele>170.2</ele>
                <extensions>
                    <osmand:speed>13.9</osmand:speed>
                </extensions>
            </trkpt>
            <trkpt lat="-39.8131822" lon="-72.0827662">
                <ele>171</ele>
                <extensions>
                    <osmand:speed>13.9</osmand:speed>
                </extensions>
            </trkpt>
            <trkpt lat="-39.8132708" lon="-72.0826077">
                <ele>172.2</ele>
                <extensions>
                    <osmand:speed>13.9</osmand:speed>
                </extensions>
            </trkpt>
            <trkpt lat="-39.8133635" lon="-72.0824523">
                <ele>172.5</ele>
                <extensions>
                    <osmand:speed>13.9</osmand:speed>
                </extensions>
            </trkpt>
            <trkpt lat="-39.8134418" lon="-72.0823316">
                <ele>172.2</ele>
                <extensions>
                    <osmand:speed>13.9</osmand:speed>
                </extensions>
            </trkpt>
            <trkpt lat="-39.8135242" lon="-72.082227">
                <ele>171.5</ele>
                <extensions>
                    <osmand:speed>13.9</osmand:speed>
                </extensions>
            </trkpt>
            <trkpt lat="-39.813625" lon="-72.0821115">
                <ele>170</ele>
                <extensions>
                    <osmand:speed>13.9</osmand:speed>
                </extensions>
            </trkpt>
            <trkpt lat="-39.8136911" lon="-72.0820473">
                <ele>169</ele>
                <extensions>
                    <osmand:speed>13.9</osmand:speed>
                </extensions>
            </trkpt>
            <trkpt lat="-39.8138003" lon="-72.0819506">
                <ele>166.5</ele>
                <extensions>
                    <osmand:speed>13.9</osmand:speed>
                </extensions>
            </trkpt>
            <trkpt lat="-39.8139239" lon="-72.0818488">
                <ele>163.2</ele>
                <extensions>
                    <osmand:speed>13.9</osmand:speed>
                </extensions>
            </trkpt>
            <trkpt lat="-39.8140412" lon="-72.0817281">
                <ele>160.8</ele>
                <extensions>
                    <osmand:speed>13.9</osmand:speed>
                </extensions>
            </trkpt>
            <trkpt lat="-39.8141485" lon="-72.0815858">
                <ele>158.8</ele>
                <extensions>
                    <osmand:speed>13.9</osmand:speed>
                </extensions>
            </trkpt>
            <trkpt lat="-39.8142309" lon="-72.0814678">
                <ele>158</ele>
                <extensions>
                    <osmand:speed>13.9</osmand:speed>
                </extensions>
            </trkpt>
            <trkpt lat="-39.8143277" lon="-72.0812775">
                <ele>157.8</ele>
                <extensions>
                    <osmand:speed>13.9</osmand:speed>
                </extensions>
            </trkpt>
            <trkpt lat="-39.8143916" lon="-72.0811407">
                <ele>158</ele>
                <extensions>
                    <osmand:speed>13.9</osmand:speed>
                </extensions>
            </trkpt>
            <trkpt lat="-39.8144431" lon="-72.081044">
                <ele>158.1</ele>
                <extensions>
                    <osmand:speed>13.9</osmand:speed>
                </extensions>
            </trkpt>
            <trkpt lat="-39.8144884" lon="-72.0809449">
                <ele>158.2</ele>
                <extensions>
                    <osmand:speed>13.9</osmand:speed>
                </extensions>
            </trkpt>
            <trkpt lat="-39.8145377" lon="-72.0808511">
                <ele>158.1</ele>
                <extensions>
                    <osmand:speed>13.9</osmand:speed>
                </extensions>
            </trkpt>
            <trkpt lat="-39.8145954" lon="-72.0807679">
                <ele>158</ele>
                <extensions>
                    <osmand:speed>13.9</osmand:speed>
                </extensions>
            </trkpt>
            <trkpt lat="-39.8146572" lon="-72.0806901">
                <ele>157.2</ele>
                <extensions>
                    <osmand:speed>13.9</osmand:speed>
                </extensions>
            </trkpt>
            <trkpt lat="-39.8147274" lon="-72.0806175">
                <ele>156.2</ele>
                <extensions>
                    <osmand:speed>13.9</osmand:speed>
                </extensions>
            </trkpt>
            <trkpt lat="-39.8148016" lon="-72.0805585">
                <ele>155.2</ele>
                <extensions>
                    <osmand:speed>13.9</osmand:speed>
                </extensions>
            </trkpt>
            <trkpt lat="-39.8148797" lon="-72.0805051">
                <ele>154.2</ele>
                <extensions>
                    <osmand:speed>13.9</osmand:speed>
                </extensions>
            </trkpt>
            <trkpt lat="-39.8149623" lon="-72.0804648">
                <ele>153.2</ele>
                <extensions>
                    <osmand:speed>13.9</osmand:speed>
                </extensions>
            </trkpt>
            <trkpt lat="-39.8150466" lon="-72.0804353">
                <ele>152</ele>
                <extensions>
                    <osmand:speed>13.9</osmand:speed>
                </extensions>
            </trkpt>
            <trkpt lat="-39.8151333" lon="-72.0804165">
                <ele>150.5</ele>
                <extensions>
                    <osmand:speed>13.9</osmand:speed>
                </extensions>
            </trkpt>
            <trkpt lat="-39.8152217" lon="-72.0804058">
                <ele>149</ele>
                <extensions>
                    <osmand:speed>13.9</osmand:speed>
                </extensions>
            </trkpt>
            <trkpt lat="-39.8154176" lon="-72.0803976">
                <ele>145.8</ele>
                <extensions>
                    <osmand:speed>13.9</osmand:speed>
                </extensions>
            </trkpt>
            <trkpt lat="-39.8155225" lon="-72.0803761">
                <ele>144.5</ele>
                <extensions>
                    <osmand:speed>13.9</osmand:speed>
                </extensions>
            </trkpt>
            <trkpt lat="-39.8156276" lon="-72.0803414">
                <ele>143.5</ele>
                <extensions>
                    <osmand:speed>13.9</osmand:speed>
                </extensions>
            </trkpt>
            <trkpt lat="-39.8157306" lon="-72.0802985">
                <ele>143</ele>
                <extensions>
                    <osmand:speed>13.9</osmand:speed>
                </extensions>
            </trkpt>
            <trkpt lat="-39.8158295" lon="-72.080242">
                <ele>142.5</ele>
                <extensions>
                    <osmand:speed>13.9</osmand:speed>
                </extensions>
            </trkpt>
            <trkpt lat="-39.8159244" lon="-72.0801752">
                <ele>142</ele>
                <extensions>
                    <osmand:speed>13.9</osmand:speed>
                </extensions>
            </trkpt>
            <trkpt lat="-39.8160149" lon="-72.0801">
                <ele>142</ele>
                <extensions>
                    <osmand:speed>18.9</osmand:speed>
                </extensions>
            </trkpt>
            <trkpt lat="-39.8161016" lon="-72.0800142">
                <ele>141.8</ele>
                <extensions>
                    <osmand:speed>18.9</osmand:speed>
                </extensions>
            </trkpt>
            <trkpt lat="-39.8161778" lon="-72.0799255">
                <ele>141.5</ele>
                <extensions>
                    <osmand:speed>18.9</osmand:speed>
                </extensions>
            </trkpt>
            <trkpt lat="-39.8162477" lon="-72.0798291">
                <ele>141.2</ele>
                <extensions>
                    <osmand:speed>18.9</osmand:speed>
                </extensions>
            </trkpt>
            <trkpt lat="-39.8163116" lon="-72.0797245">
                <ele>140.8</ele>
                <extensions>
                    <osmand:speed>18.9</osmand:speed>
                </extensions>
            </trkpt>
            <trkpt lat="-39.8163694" lon="-72.0796144">
                <ele>140.5</ele>
                <extensions>
                    <osmand:speed>18.9</osmand:speed>
                </extensions>
            </trkpt>
            <trkpt lat="-39.8164209" lon="-72.0794992">
                <ele>140.2</ele>
                <extensions>
                    <osmand:speed>18.9</osmand:speed>
                </extensions>
            </trkpt>
            <trkpt lat="-39.8164661" lon="-72.0793785">
                <ele>140</ele>
                <extensions>
                    <osmand:speed>18.9</osmand:speed>
                </extensions>
            </trkpt>
            <trkpt lat="-39.8165135" lon="-72.0792578">
                <ele>140</ele>
                <extensions>
                    <osmand:speed>18.9</osmand:speed>
                </extensions>
            </trkpt>
            <trkpt lat="-39.8166455" lon="-72.0789252">
                <ele>139</ele>
                <extensions>
                    <osmand:speed>18.9</osmand:speed>
                </extensions>
            </trkpt>
            <trkpt lat="-39.8167794" lon="-72.0785926">
                <ele>139.5</ele>
                <extensions>
                    <osmand:speed>18.9</osmand:speed>
                </extensions>
            </trkpt>
            <trkpt lat="-39.8168721" lon="-72.0783378">
                <ele>139.3</ele>
                <extensions>
                    <osmand:speed>18.9</osmand:speed>
                </extensions>
            </trkpt>
            <trkpt lat="-39.8169298" lon="-72.0781794">
                <ele>139.2</ele>
                <extensions>
                    <osmand:speed>18.9</osmand:speed>
                </extensions>
            </trkpt>
            <trkpt lat="-39.8177889" lon="-72.0758432">
                <ele>141</ele>
                <extensions>
                    <osmand:speed>18.9</osmand:speed>
                </extensions>
            </trkpt>
            <trkpt lat="-39.8211117" lon="-72.0668043">
                <ele>143.8</ele>
                <extensions>
                    <osmand:speed>18.9</osmand:speed>
                </extensions>
            </trkpt>
            <trkpt lat="-39.8213405" lon="-72.0661821">
                <ele>144</ele>
                <extensions>
                    <osmand:speed>18.9</osmand:speed>
                </extensions>
            </trkpt>
            <trkpt lat="-39.8233118" lon="-72.0608203">
                <ele>149.5</ele>
                <extensions>
                    <osmand:speed>18.9</osmand:speed>
                </extensions>
            </trkpt>
            <trkpt lat="-39.8233942" lon="-72.0605789">
                <ele>148.8</ele>
                <extensions>
                    <osmand:speed>18.9</osmand:speed>
                </extensions>
            </trkpt>
            <trkpt lat="-39.8234706" lon="-72.0603375">
                <ele>148.5</ele>
                <extensions>
                    <osmand:speed>18.9</osmand:speed>
                </extensions>
            </trkpt>
            <trkpt lat="-39.8235427" lon="-72.0600906">
                <ele>148.2</ele>
                <extensions>
                    <osmand:speed>18.9</osmand:speed>
                </extensions>
            </trkpt>
            <trkpt lat="-39.8236086" lon="-72.0598438">
                <ele>148</ele>
                <extensions>
                    <osmand:speed>18.9</osmand:speed>
                </extensions>
            </trkpt>
            <trkpt lat="-39.8236723" lon="-72.0595785">
                <ele>147.8</ele>
                <extensions>
                    <osmand:speed>18.9</osmand:speed>
                </extensions>
            </trkpt>
            <trkpt lat="-39.82373" lon="-72.0593076">
                <ele>148.2</ele>
                <extensions>
                    <osmand:speed>18.9</osmand:speed>
                </extensions>
            </trkpt>
            <trkpt lat="-39.8237796" lon="-72.0590393">
                <ele>148.8</ele>
                <extensions>
                    <osmand:speed>18.9</osmand:speed>
                </extensions>
            </trkpt>
            <trkpt lat="-39.8240062" lon="-72.0577785">
                <ele>151.5</ele>
                <extensions>
                    <osmand:speed>18.9</osmand:speed>
                </extensions>
            </trkpt>
            <trkpt lat="-39.8240328" lon="-72.0575666">
                <ele>152.8</ele>
                <extensions>
                    <osmand:speed>18.9</osmand:speed>
                </extensions>
            </trkpt>
            <trkpt lat="-39.8240515" lon="-72.0573547">
                <ele>154.2</ele>
                <extensions>
                    <osmand:speed>18.9</osmand:speed>
                </extensions>
            </trkpt>
            <trkpt lat="-39.8240618" lon="-72.0571403">
                <ele>156.5</ele>
                <extensions>
                    <osmand:speed>18.9</osmand:speed>
                </extensions>
            </trkpt>
            <trkpt lat="-39.8240618" lon="-72.0569229">
                <ele>158.2</ele>
                <extensions>
                    <osmand:speed>18.9</osmand:speed>
                </extensions>
            </trkpt>
            <trkpt lat="-39.8240534" lon="-72.0567083">
                <ele>159.5</ele>
                <extensions>
                    <osmand:speed>18.9</osmand:speed>
                </extensions>
            </trkpt>
            <trkpt lat="-39.8240371" lon="-72.0564939">
                <ele>160.2</ele>
                <extensions>
                    <osmand:speed>18.9</osmand:speed>
                </extensions>
            </trkpt>
            <trkpt lat="-39.8240122" lon="-72.056282">
                <ele>160.5</ele>
                <extensions>
                    <osmand:speed>18.9</osmand:speed>
                </extensions>
            </trkpt>
            <trkpt lat="-39.8238599" lon="-72.0544876">
                <ele>159.5</ele>
                <extensions>
                    <osmand:speed>18.9</osmand:speed>
                </extensions>
            </trkpt>
            <trkpt lat="-39.8237135" lon="-72.0527817">
                <ele>157.8</ele>
                <extensions>
                    <osmand:speed>18.9</osmand:speed>
                </extensions>
            </trkpt>
            <trkpt lat="-39.8237013" lon="-72.0525938">
                <ele>157.5</ele>
                <extensions>
                    <osmand:speed>18.9</osmand:speed>
                </extensions>
            </trkpt>
            <trkpt lat="-39.8236991" lon="-72.0524036">
                <ele>157.6</ele>
                <extensions>
                    <osmand:speed>18.9</osmand:speed>
                </extensions>
            </trkpt>
            <trkpt lat="-39.8237054" lon="-72.0522131">
                <ele>157.7</ele>
                <extensions>
                    <osmand:speed>18.9</osmand:speed>
                </extensions>
            </trkpt>
            <trkpt lat="-39.8237219" lon="-72.0520254">
                <ele>157.8</ele>
                <extensions>
                    <osmand:speed>18.9</osmand:speed>
                </extensions>
            </trkpt>
            <trkpt lat="-39.8237466" lon="-72.0518374">
                <ele>158.2</ele>
                <extensions>
                    <osmand:speed>18.9</osmand:speed>
                </extensions>
            </trkpt>
            <trkpt lat="-39.8237796" lon="-72.0516711">
                <ele>158.4</ele>
                <extensions>
                    <osmand:speed>18.9</osmand:speed>
                </extensions>
            </trkpt>
            <trkpt lat="-39.8238187" lon="-72.0515075">
                <ele>158.6</ele>
                <extensions>
                    <osmand:speed>18.9</osmand:speed>
                </extensions>
            </trkpt>
            <trkpt lat="-39.8238639" lon="-72.0513494">
                <ele>158.8</ele>
                <extensions>
                    <osmand:speed>18.9</osmand:speed>
                </extensions>
            </trkpt>
            <trkpt lat="-39.8239176" lon="-72.051191">
                <ele>159.2</ele>
                <extensions>
                    <osmand:speed>18.9</osmand:speed>
                </extensions>
            </trkpt>
            <trkpt lat="-39.8239794" lon="-72.0510408">
                <ele>159.5</ele>
                <extensions>
                    <osmand:speed>18.9</osmand:speed>
                </extensions>
            </trkpt>
            <trkpt lat="-39.8254727" lon="-72.0474198">
                <ele>162</ele>
                <extensions>
                    <osmand:speed>13.9</osmand:speed>
                </extensions>
            </trkpt>
            <trkpt lat="-39.8255985" lon="-72.0471033">
                <ele>162.2</ele>
                <extensions>
                    <osmand:speed>13.9</osmand:speed>
                </extensions>
            </trkpt>
            <trkpt lat="-39.825654" lon="-72.0469531">
                <ele>162.5</ele>
                <extensions>
                    <osmand:speed>13.9</osmand:speed>
                </extensions>
            </trkpt>
            <trkpt lat="-39.8257158" lon="-72.04676">
                <ele>162.8</ele>
                <extensions>
                    <osmand:speed>13.9</osmand:speed>
                </extensions>
            </trkpt>
            <trkpt lat="-39.8257714" lon="-72.0465669">
                <ele>163.5</ele>
                <extensions>
                    <osmand:speed>13.9</osmand:speed>
                </extensions>
            </trkpt>
            <trkpt lat="-39.825821" lon="-72.0463684">
                <ele>164.2</ele>
                <extensions>
                    <osmand:speed>13.9</osmand:speed>
                </extensions>
            </trkpt>
            <trkpt lat="-39.8258622" lon="-72.0461674">
                <ele>165.2</ele>
                <extensions>
                    <osmand:speed>13.9</osmand:speed>
                </extensions>
            </trkpt>
            <trkpt lat="-39.8258972" lon="-72.0459634">
                <ele>166</ele>
                <extensions>
                    <osmand:speed>13.9</osmand:speed>
                </extensions>
            </trkpt>
            <trkpt lat="-39.825924" lon="-72.045757">
                <ele>166.8</ele>
                <extensions>
                    <osmand:speed>13.9</osmand:speed>
                </extensions>
            </trkpt>
            <trkpt lat="-39.8259465" lon="-72.0455317">
                <ele>167.8</ele>
                <extensions>
                    <osmand:speed>13.9</osmand:speed>
                </extensions>
            </trkpt>
            <trkpt lat="-39.825959" lon="-72.0453038">
                <ele>169.5</ele>
                <extensions>
                    <osmand:speed>13.9</osmand:speed>
                </extensions>
            </trkpt>
            <trkpt lat="-39.825963" lon="-72.0450784">
                <ele>171.5</ele>
                <extensions>
                    <osmand:speed>13.9</osmand:speed>
                </extensions>
            </trkpt>
            <trkpt lat="-39.825959" lon="-72.0448505">
                <ele>173.2</ele>
                <extensions>
                    <osmand:speed>13.9</osmand:speed>
                </extensions>
            </trkpt>
            <trkpt lat="-39.8259446" lon="-72.0446223">
                <ele>175.2</ele>
                <extensions>
                    <osmand:speed>13.9</osmand:speed>
                </extensions>
            </trkpt>
            <trkpt lat="-39.8259218" lon="-72.0443972">
                <ele>177.5</ele>
                <extensions>
                    <osmand:speed>13.9</osmand:speed>
                </extensions>
            </trkpt>
            <trkpt lat="-39.825895" lon="-72.0441502">
                <ele>179.5</ele>
                <extensions>
                    <osmand:speed>13.9</osmand:speed>
                </extensions>
            </trkpt>
            <trkpt lat="-39.8258457" lon="-72.043858">
                <ele>182.8</ele>
                <extensions>
                    <osmand:speed>13.9</osmand:speed>
                </extensions>
            </trkpt>
            <trkpt lat="-39.8257942" lon="-72.0435923">
                <ele>185.8</ele>
                <extensions>
                    <osmand:speed>13.9</osmand:speed>
                </extensions>
            </trkpt>
            <trkpt lat="-39.82565" lon="-72.0429863">
                <ele>190</ele>
                <extensions>
                    <osmand:speed>13.9</osmand:speed>
                </extensions>
            </trkpt>
            <trkpt lat="-39.8256272" lon="-72.0428815">
                <ele>190.2</ele>
                <extensions>
                    <osmand:speed>13.9</osmand:speed>
                </extensions>
            </trkpt>
            <trkpt lat="-39.8256109" lon="-72.0427769">
                <ele>190.5</ele>
                <extensions>
                    <osmand:speed>13.9</osmand:speed>
                </extensions>
            </trkpt>
            <trkpt lat="-39.8256006" lon="-72.042675">
                <ele>190.3</ele>
                <extensions>
                    <osmand:speed>13.9</osmand:speed>
                </extensions>
            </trkpt>
            <trkpt lat="-39.8255944" lon="-72.0425704">
                <ele>190</ele>
                <extensions>
                    <osmand:speed>13.9</osmand:speed>
                </extensions>
            </trkpt>
            <trkpt lat="-39.8255944" lon="-72.0424874">
                <ele>189.2</ele>
                <extensions>
                    <osmand:speed>13.9</osmand:speed>
                </extensions>
            </trkpt>
            <trkpt lat="-39.8256025" lon="-72.0424041">
                <ele>188.5</ele>
                <extensions>
                    <osmand:speed>13.9</osmand:speed>
                </extensions>
            </trkpt>
            <trkpt lat="-39.825615" lon="-72.0423236">
                <ele>187.8</ele>
                <extensions>
                    <osmand:speed>13.9</osmand:speed>
                </extensions>
            </trkpt>
            <trkpt lat="-39.8256375" lon="-72.0422405">
                <ele>187</ele>
                <extensions>
                    <osmand:speed>13.9</osmand:speed>
                </extensions>
            </trkpt>
            <trkpt lat="-39.8256643" lon="-72.0421575">
                <ele>186.2</ele>
                <extensions>
                    <osmand:speed>13.9</osmand:speed>
                </extensions>
            </trkpt>
            <trkpt lat="-39.8256993" lon="-72.0420824">
                <ele>185.5</ele>
                <extensions>
                    <osmand:speed>13.9</osmand:speed>
                </extensions>
            </trkpt>
            <trkpt lat="-39.8257364" lon="-72.0420125">
                <ele>184.8</ele>
                <extensions>
                    <osmand:speed>13.9</osmand:speed>
                </extensions>
            </trkpt>
            <trkpt lat="-39.8257798" lon="-72.0419508">
                <ele>184</ele>
                <extensions>
                    <osmand:speed>13.9</osmand:speed>
                </extensions>
            </trkpt>
            <trkpt lat="-39.825827" lon="-72.0418973">
                <ele>183</ele>
                <extensions>
                    <osmand:speed>13.9</osmand:speed>
                </extensions>
            </trkpt>
            <trkpt lat="-39.8258766" lon="-72.0418544">
                <ele>182</ele>
                <extensions>
                    <osmand:speed>13.9</osmand:speed>
                </extensions>
            </trkpt>
            <trkpt lat="-39.82593" lon="-72.0418196">
                <ele>180.8</ele>
                <extensions>
                    <osmand:speed>13.9</osmand:speed>
                </extensions>
            </trkpt>
            <trkpt lat="-39.8259858" lon="-72.0417901">
                <ele>179.2</ele>
                <extensions>
                    <osmand:speed>13.9</osmand:speed>
                </extensions>
            </trkpt>
            <trkpt lat="-39.8260495" lon="-72.0417657">
                <ele>177.8</ele>
                <extensions>
                    <osmand:speed>13.9</osmand:speed>
                </extensions>
            </trkpt>
            <trkpt lat="-39.8261135" lon="-72.0417471">
                <ele>176</ele>
                <extensions>
                    <osmand:speed>13.9</osmand:speed>
                </extensions>
            </trkpt>
            <trkpt lat="-39.8261794" lon="-72.0417362">
                <ele>174.2</ele>
                <extensions>
                    <osmand:speed>13.9</osmand:speed>
                </extensions>
            </trkpt>
            <trkpt lat="-39.826239" lon="-72.041731">
                <ele>172.8</ele>
                <extensions>
                    <osmand:speed>13.9</osmand:speed>
                </extensions>
            </trkpt>
            <trkpt lat="-39.8262967" lon="-72.0417337">
                <ele>171.2</ele>
                <extensions>
                    <osmand:speed>13.9</osmand:speed>
                </extensions>
            </trkpt>
            <trkpt lat="-39.8264019" lon="-72.0417445">
                <ele>168.5</ele>
                <extensions>
                    <osmand:speed>13.9</osmand:speed>
                </extensions>
            </trkpt>
            <trkpt lat="-39.8265212" lon="-72.0417657">
                <ele>168.5</ele>
                <extensions>
                    <osmand:speed>13.9</osmand:speed>
                </extensions>
            </trkpt>
            <trkpt lat="-39.8271124" lon="-72.0419213">
                <ele>162</ele>
                <extensions>
                    <osmand:speed>13.9</osmand:speed>
                </extensions>
            </trkpt>
            <trkpt lat="-39.8285028" lon="-72.0423372">
                <ele>174.5</ele>
                <extensions>
                    <osmand:speed>13.9</osmand:speed>
                </extensions>
            </trkpt>
            <trkpt lat="-39.8286779" lon="-72.0423853">
                <ele>175.2</ele>
                <extensions>
                    <osmand:speed>13.9</osmand:speed>
                </extensions>
            </trkpt>
            <trkpt lat="-39.8288593" lon="-72.0424284">
                <ele>176.8</ele>
                <extensions>
                    <osmand:speed>13.9</osmand:speed>
                </extensions>
            </trkpt>
            <trkpt lat="-39.8290282" lon="-72.0424526">
                <ele>177.8</ele>
                <extensions>
                    <osmand:speed>13.9</osmand:speed>
                </extensions>
            </trkpt>
            <trkpt lat="-39.8291683" lon="-72.0424604">
                <ele>178.2</ele>
                <extensions>
                    <osmand:speed>13.9</osmand:speed>
                </extensions>
            </trkpt>
            <trkpt lat="-39.8292919" lon="-72.0424658">
                <ele>178.8</ele>
                <extensions>
                    <osmand:speed>13.9</osmand:speed>
                </extensions>
            </trkpt>
            <trkpt lat="-39.8294505" lon="-72.0424497">
                <ele>179.2</ele>
                <extensions>
                    <osmand:speed>13.9</osmand:speed>
                </extensions>
            </trkpt>
            <trkpt lat="-39.8295966" lon="-72.0424363">
                <ele>179.8</ele>
                <extensions>
                    <osmand:speed>13.9</osmand:speed>
                </extensions>
            </trkpt>
            <trkpt lat="-39.8297327" lon="-72.0424041">
                <ele>180.2</ele>
                <extensions>
                    <osmand:speed>13.9</osmand:speed>
                </extensions>
            </trkpt>
            <trkpt lat="-39.8298707" lon="-72.0423614">
                <ele>181</ele>
                <extensions>
                    <osmand:speed>13.9</osmand:speed>
                </extensions>
            </trkpt>
            <trkpt lat="-39.8300168" lon="-72.0422995">
                <ele>181.8</ele>
                <extensions>
                    <osmand:speed>13.9</osmand:speed>
                </extensions>
            </trkpt>
            <trkpt lat="-39.8301817" lon="-72.0422165">
                <ele>182.5</ele>
                <extensions>
                    <osmand:speed>13.9</osmand:speed>
                </extensions>
            </trkpt>
            <trkpt lat="-39.8303506" lon="-72.0421227">
                <ele>183.5</ele>
                <extensions>
                    <osmand:speed>13.9</osmand:speed>
                </extensions>
            </trkpt>
            <trkpt lat="-39.8309849" lon="-72.0417471">
                <ele>185.1</ele>
                <extensions>
                    <osmand:speed>13.9</osmand:speed>
                </extensions>
            </trkpt>
            <trkpt lat="-39.8310755" lon="-72.0416906">
                <ele>185.3</ele>
                <extensions>
                    <osmand:speed>13.9</osmand:speed>
                </extensions>
            </trkpt>
            <trkpt lat="-39.8311395" lon="-72.0416477">
                <ele>185.5</ele>
                <extensions>
                    <osmand:speed>13.9</osmand:speed>
                </extensions>
            </trkpt>
            <trkpt lat="-39.8312384" lon="-72.0415726">
                <ele>185.8</ele>
                <extensions>
                    <osmand:speed>13.9</osmand:speed>
                </extensions>
            </trkpt>
            <trkpt lat="-39.8313124" lon="-72.0415084">
                <ele>186</ele>
                <extensions>
                    <osmand:speed>16.4</osmand:speed>
                </extensions>
            </trkpt>
            <trkpt lat="-39.8314195" lon="-72.0414011">
                <ele>186</ele>
                <extensions>
                    <osmand:speed>13.9</osmand:speed>
                </extensions>
            </trkpt>
            <trkpt lat="-39.8314998" lon="-72.0413099">
                <ele>186.8</ele>
                <extensions>
                    <osmand:speed>13.9</osmand:speed>
                </extensions>
            </trkpt>
            <trkpt lat="-39.8315762" lon="-72.0412132">
                <ele>187.5</ele>
                <extensions>
                    <osmand:speed>13.9</osmand:speed>
                </extensions>
            </trkpt>
            <trkpt lat="-39.8316462" lon="-72.0411086">
                <ele>188</ele>
                <extensions>
                    <osmand:speed>13.9</osmand:speed>
                </extensions>
            </trkpt>
            <trkpt lat="-39.8317161" lon="-72.0409908">
                <ele>188</ele>
                <extensions>
                    <osmand:speed>13.9</osmand:speed>
                </extensions>
            </trkpt>
            <trkpt lat="-39.8317779" lon="-72.0408672">
                <ele>188.5</ele>
                <extensions>
                    <osmand:speed>13.9</osmand:speed>
                </extensions>
            </trkpt>
            <trkpt lat="-39.8318357" lon="-72.0407386">
                <ele>189</ele>
                <extensions>
                    <osmand:speed>13.9</osmand:speed>
                </extensions>
            </trkpt>
            <trkpt lat="-39.8318831" lon="-72.0406392">
                <ele>188.9</ele>
                <extensions>
                    <osmand:speed>13.9</osmand:speed>
                </extensions>
            </trkpt>
            <trkpt lat="-39.8319243" lon="-72.0405346">
                <ele>188.8</ele>
                <extensions>
                    <osmand:speed>13.9</osmand:speed>
                </extensions>
            </trkpt>
            <trkpt lat="-39.8319571" lon="-72.0404246">
                <ele>188.5</ele>
                <extensions>
                    <osmand:speed>13.9</osmand:speed>
                </extensions>
            </trkpt>
            <trkpt lat="-39.8319799" lon="-72.04032">
                <ele>188.8</ele>
                <extensions>
                    <osmand:speed>13.9</osmand:speed>
                </extensions>
            </trkpt>
            <trkpt lat="-39.8319962" lon="-72.0402129">
                <ele>189</ele>
                <extensions>
                    <osmand:speed>13.9</osmand:speed>
                </extensions>
            </trkpt>
            <trkpt lat="-39.8320024" lon="-72.0401029">
                <ele>188.5</ele>
                <extensions>
                    <osmand:speed>13.9</osmand:speed>
                </extensions>
            </trkpt>
            <trkpt lat="-39.831984" lon="-72.0397248">
                <ele>187</ele>
                <extensions>
                    <osmand:speed>13.9</osmand:speed>
                </extensions>
            </trkpt>
            <trkpt lat="-39.8319777" lon="-72.0396307">
                <ele>187</ele>
                <extensions>
                    <osmand:speed>13.9</osmand:speed>
                </extensions>
            </trkpt>
            <trkpt lat="-39.8319509" lon="-72.0392364">
                <ele>186</ele>
                <extensions>
                    <osmand:speed>9.5</osmand:speed>
                </extensions>
            </trkpt>
            <trkpt lat="-39.8318975" lon="-72.0380428">
                <ele>187</ele>
                <extensions>
                    <osmand:speed>9.5</osmand:speed>
                </extensions>
            </trkpt>
            <trkpt lat="-39.831881" lon="-72.0377989">
                <ele>187.2</ele>
                <extensions>
                    <osmand:speed>9.5</osmand:speed>
                </extensions>
            </trkpt>
            <trkpt lat="-39.8318707" lon="-72.0376083">
                <ele>187.5</ele>
                <extensions>
                    <osmand:speed>9.5</osmand:speed>
                </extensions>
            </trkpt>
            <trkpt lat="-39.8318067" lon="-72.0365542">
                <ele>189</ele>
                <extensions>
                    <osmand:speed>9.5</osmand:speed>
                </extensions>
            </trkpt>
            <trkpt lat="-39.8317636" lon="-72.0358729">
                <ele>189.8</ele>
                <extensions>
                    <osmand:speed>9.5</osmand:speed>
                </extensions>
            </trkpt>
            <trkpt lat="-39.831708" lon="-72.0349422">
                <ele>188.9</ele>
                <extensions>
                    <osmand:speed>9.5</osmand:speed>
                </extensions>
            </trkpt>
            <trkpt lat="-39.8316256" lon="-72.0335823">
                <ele>187.8</ele>
                <extensions>
                    <osmand:speed>9.5</osmand:speed>
                </extensions>
            </trkpt>
            <trkpt lat="-39.831541" lon="-72.032177">
                <ele>189</ele>
                <extensions>
                    <osmand:speed>7.4</osmand:speed>
                </extensions>
            </trkpt>
            <trkpt lat="-39.8315041" lon="-72.0315948">
                <ele>190.2</ele>
                <extensions>
                    <osmand:speed>7.4</osmand:speed>
                </extensions>
            </trkpt>
            <trkpt lat="-39.8314813" lon="-72.0312434">
                <ele>190</ele>
                <extensions>
                    <osmand:speed>11.2</osmand:speed>
                </extensions>
            </trkpt>
            <trkpt lat="-39.8314607" lon="-72.0309269">
                <ele>189.7</ele>
                <extensions>
                    <osmand:speed>11.2</osmand:speed>
                </extensions>
            </trkpt>
            <trkpt lat="-39.8311766" lon="-72.0264612">
                <ele>185.2</ele>
                <extensions>
                    <osmand:speed>11.2</osmand:speed>
                </extensions>
            </trkpt>
            <trkpt lat="-39.8310137" lon="-72.0240685">
                <ele>188</ele>
                <extensions>
                    <osmand:speed>11.2</osmand:speed>
                </extensions>
            </trkpt>
            <trkpt lat="-39.8310096" lon="-72.0239856">
                <ele>187.8</ele>
                <extensions>
                    <osmand:speed>11.2</osmand:speed>
                </extensions>
            </trkpt>
            <trkpt lat="-39.8310034" lon="-72.0239049">
                <ele>187.5</ele>
                <extensions>
                    <osmand:speed>11.2</osmand:speed>
                </extensions>
            </trkpt>
            <trkpt lat="-39.8307645" lon="-72.0200023">
                <ele>191.8</ele>
                <extensions>
                    <osmand:speed>11.2</osmand:speed>
                </extensions>
            </trkpt>
            <trkpt lat="-39.8306512" lon="-72.018232">
                <ele>195.8</ele>
                <extensions>
                    <osmand:speed>11.2</osmand:speed>
                </extensions>
            </trkpt>
            <trkpt lat="-39.8306203" lon="-72.017709">
                <ele>196.5</ele>
                <extensions>
                    <osmand:speed>11.2</osmand:speed>
                </extensions>
            </trkpt>
            <trkpt lat="-39.8305154" lon="-72.0158717">
                <ele>204.2</ele>
                <extensions>
                    <osmand:speed>11.2</osmand:speed>
                </extensions>
            </trkpt>
            <trkpt lat="-39.8304639" lon="-72.0149733">
                <ele>207.5</ele>
                <extensions>
                    <osmand:speed>11.2</osmand:speed>
                </extensions>
            </trkpt>
            <trkpt lat="-39.8304186" lon="-72.0143564">
                <ele>210</ele>
                <extensions>
                    <osmand:speed>18.9</osmand:speed>
                </extensions>
            </trkpt>
            <trkpt lat="-39.8298789" lon="-72.0063929">
                <ele>222.8</ele>
                <extensions>
                    <osmand:speed>18.9</osmand:speed>
                </extensions>
            </trkpt>
            <trkpt lat="-39.8298501" lon="-72.0061111">
                <ele>223.5</ele>
                <extensions>
                    <osmand:speed>18.9</osmand:speed>
                </extensions>
            </trkpt>
            <trkpt lat="-39.8298273" lon="-72.0059236">
                <ele>223.8</ele>
                <extensions>
                    <osmand:speed>18.9</osmand:speed>
                </extensions>
            </trkpt>
            <trkpt lat="-39.8297986" lon="-72.0057356">
                <ele>224.2</ele>
                <extensions>
                    <osmand:speed>18.9</osmand:speed>
                </extensions>
            </trkpt>
            <trkpt lat="-39.8297634" lon="-72.005548">
                <ele>224.4</ele>
                <extensions>
                    <osmand:speed>18.9</osmand:speed>
                </extensions>
            </trkpt>
            <trkpt lat="-39.8297224" lon="-72.0053657">
                <ele>224.6</ele>
                <extensions>
                    <osmand:speed>18.9</osmand:speed>
                </extensions>
            </trkpt>
            <trkpt lat="-39.829675" lon="-72.005186">
                <ele>224.8</ele>
                <extensions>
                    <osmand:speed>18.9</osmand:speed>
                </extensions>
            </trkpt>
            <trkpt lat="-39.8296194" lon="-72.0050089">
                <ele>225</ele>
                <extensions>
                    <osmand:speed>18.9</osmand:speed>
                </extensions>
            </trkpt>
            <trkpt lat="-39.8295514" lon="-72.0048156">
                <ele>225.5</ele>
                <extensions>
                    <osmand:speed>18.9</osmand:speed>
                </extensions>
            </trkpt>
            <trkpt lat="-39.8294711" lon="-72.0046198">
                <ele>226.8</ele>
                <extensions>
                    <osmand:speed>18.9</osmand:speed>
                </extensions>
            </trkpt>
            <trkpt lat="-39.8293887" lon="-72.004424">
                <ele>228.8</ele>
                <extensions>
                    <osmand:speed>18.9</osmand:speed>
                </extensions>
            </trkpt>
            <trkpt lat="-39.8293063" lon="-72.0042443">
                <ele>230.8</ele>
                <extensions>
                    <osmand:speed>18.9</osmand:speed>
                </extensions>
            </trkpt>
            <trkpt lat="-39.8291992" lon="-72.0040485">
                <ele>232.8</ele>
                <extensions>
                    <osmand:speed>18.9</osmand:speed>
                </extensions>
            </trkpt>
            <trkpt lat="-39.8290919" lon="-72.0038715">
                <ele>233.5</ele>
                <extensions>
                    <osmand:speed>18.9</osmand:speed>
                </extensions>
            </trkpt>
            <trkpt lat="-39.8289417" lon="-72.0036435">
                <ele>234.2</ele>
                <extensions>
                    <osmand:speed>18.9</osmand:speed>
                </extensions>
            </trkpt>
            <trkpt lat="-39.8277532" lon="-72.0019966">
                <ele>231</ele>
                <extensions>
                    <osmand:speed>18.9</osmand:speed>
                </extensions>
            </trkpt>
            <trkpt lat="-39.8262433" lon="-71.9999583">
                <ele>236</ele>
                <extensions>
                    <osmand:speed>18.9</osmand:speed>
                </extensions>
            </trkpt>
            <trkpt lat="-39.8259094" lon="-71.9994807">
                <ele>234.8</ele>
                <extensions>
                    <osmand:speed>18.9</osmand:speed>
                </extensions>
            </trkpt>
            <trkpt lat="-39.8256397" lon="-71.9990757">
                <ele>234.5</ele>
                <extensions>
                    <osmand:speed>18.9</osmand:speed>
                </extensions>
            </trkpt>
            <trkpt lat="-39.8254624" lon="-71.9988103">
                <ele>233.5</ele>
                <extensions>
                    <osmand:speed>18.9</osmand:speed>
                </extensions>
            </trkpt>
            <trkpt lat="-39.8253019" lon="-71.9985446">
                <ele>232.2</ele>
                <extensions>
                    <osmand:speed>18.9</osmand:speed>
                </extensions>
            </trkpt>
            <trkpt lat="-39.8251371" lon="-71.9982685">
                <ele>232.2</ele>
                <extensions>
                    <osmand:speed>16.4</osmand:speed>
                </extensions>
            </trkpt>
            <trkpt lat="-39.8249764" lon="-71.9980028">
                <ele>228</ele>
                <extensions>
                    <osmand:speed>16.4</osmand:speed>
                </extensions>
            </trkpt>
            <trkpt lat="-39.8244058" lon="-71.9970481">
                <ele>228</ele>
                <extensions>
                    <osmand:speed>16.4</osmand:speed>
                </extensions>
            </trkpt>
            <trkpt lat="-39.8238723" lon="-71.9961737">
                <ele>226</ele>
                <extensions>
                    <osmand:speed>16.4</osmand:speed>
                </extensions>
            </trkpt>
            <trkpt lat="-39.8238371" lon="-71.9961172">
                <ele>226.8</ele>
                <extensions>
                    <osmand:speed>16.4</osmand:speed>
                </extensions>
            </trkpt>
            <trkpt lat="-39.8236929" lon="-71.9958733">
                <ele>230.5</ele>
                <extensions>
                    <osmand:speed>16.4</osmand:speed>
                </extensions>
            </trkpt>
            <trkpt lat="-39.8236311" lon="-71.9957473">
                <ele>232.2</ele>
                <extensions>
                    <osmand:speed>16.4</osmand:speed>
                </extensions>
            </trkpt>
            <trkpt lat="-39.8235715" lon="-71.9956319">
                <ele>234</ele>
                <extensions>
                    <osmand:speed>16.4</osmand:speed>
                </extensions>
            </trkpt>
            <trkpt lat="-39.8235159" lon="-71.9955085">
                <ele>235.5</ele>
                <extensions>
                    <osmand:speed>16.4</osmand:speed>
                </extensions>
            </trkpt>
            <trkpt lat="-39.8234788" lon="-71.9954039">
                <ele>236.5</ele>
                <extensions>
                    <osmand:speed>16.4</osmand:speed>
                </extensions>
            </trkpt>
            <trkpt lat="-39.8234313" lon="-71.9952645">
                <ele>237.2</ele>
                <extensions>
                    <osmand:speed>16.4</osmand:speed>
                </extensions>
            </trkpt>
            <trkpt lat="-39.8233923" lon="-71.9951169">
                <ele>237.8</ele>
                <extensions>
                    <osmand:speed>16.4</osmand:speed>
                </extensions>
            </trkpt>
            <trkpt lat="-39.8233614" lon="-71.9949612">
                <ele>238.2</ele>
                <extensions>
                    <osmand:speed>16.4</osmand:speed>
                </extensions>
            </trkpt>
            <trkpt lat="-39.8233408" lon="-71.9948112">
                <ele>239</ele>
                <extensions>
                    <osmand:speed>16.4</osmand:speed>
                </extensions>
            </trkpt>
            <trkpt lat="-39.8233305" lon="-71.9946393">
                <ele>240.2</ele>
                <extensions>
                    <osmand:speed>16.4</osmand:speed>
                </extensions>
            </trkpt>
            <trkpt lat="-39.8233283" lon="-71.9944678">
                <ele>241</ele>
                <extensions>
                    <osmand:speed>16.4</osmand:speed>
                </extensions>
            </trkpt>
            <trkpt lat="-39.8233324" lon="-71.994296">
                <ele>241.5</ele>
                <extensions>
                    <osmand:speed>16.4</osmand:speed>
                </extensions>
            </trkpt>
            <trkpt lat="-39.823347" lon="-71.994127">
                <ele>242.2</ele>
                <extensions>
                    <osmand:speed>16.4</osmand:speed>
                </extensions>
            </trkpt>
            <trkpt lat="-39.8233695" lon="-71.9939582">
                <ele>243.2</ele>
                <extensions>
                    <osmand:speed>16.4</osmand:speed>
                </extensions>
            </trkpt>
            <trkpt lat="-39.8233985" lon="-71.9937944">
                <ele>244.5</ele>
                <extensions>
                    <osmand:speed>16.4</osmand:speed>
                </extensions>
            </trkpt>
            <trkpt lat="-39.8234376" lon="-71.9936281">
                <ele>245.2</ele>
                <extensions>
                    <osmand:speed>16.4</osmand:speed>
                </extensions>
            </trkpt>
            <trkpt lat="-39.8234809" lon="-71.9934406">
                <ele>246</ele>
                <extensions>
                    <osmand:speed>16.4</osmand:speed>
                </extensions>
            </trkpt>
            <trkpt lat="-39.8236517" lon="-71.9928532">
                <ele>247</ele>
                <extensions>
                    <osmand:speed>16.4</osmand:speed>
                </extensions>
            </trkpt>
            <trkpt lat="-39.8238227" lon="-71.992228">
                <ele>248</ele>
                <extensions>
                    <osmand:speed>16.4</osmand:speed>
                </extensions>
            </trkpt>
            <trkpt lat="-39.8239401" lon="-71.9918069">
                <ele>248</ele>
                <extensions>
                    <osmand:speed>16.4</osmand:speed>
                </extensions>
            </trkpt>
            <trkpt lat="-39.8239938" lon="-71.9916084">
                <ele>248</ele>
                <extensions>
                    <osmand:speed>16.4</osmand:speed>
                </extensions>
            </trkpt>
            <trkpt lat="-39.8240474" lon="-71.991418">
                <ele>247</ele>
                <extensions>
                    <osmand:speed>16.4</osmand:speed>
                </extensions>
            </trkpt>
            <trkpt lat="-39.8241523" lon="-71.9910319">
                <ele>247</ele>
                <extensions>
                    <osmand:speed>16.4</osmand:speed>
                </extensions>
            </trkpt>
            <trkpt lat="-39.8244922" lon="-71.9897872">
                <ele>249.2</ele>
                <extensions>
                    <osmand:speed>16.4</osmand:speed>
                </extensions>
            </trkpt>
            <trkpt lat="-39.82455" lon="-71.9895592">
                <ele>250.2</ele>
                <extensions>
                    <osmand:speed>16.4</osmand:speed>
                </extensions>
            </trkpt>
            <trkpt lat="-39.8246015" lon="-71.9893287">
                <ele>251</ele>
                <extensions>
                    <osmand:speed>16.4</osmand:speed>
                </extensions>
            </trkpt>
            <trkpt lat="-39.8246446" lon="-71.9890925">
                <ele>251.8</ele>
                <extensions>
                    <osmand:speed>16.4</osmand:speed>
                </extensions>
            </trkpt>
            <trkpt lat="-39.8246839" lon="-71.9888567">
                <ele>253.2</ele>
                <extensions>
                    <osmand:speed>16.4</osmand:speed>
                </extensions>
            </trkpt>
            <trkpt lat="-39.8247148" lon="-71.9886179">
                <ele>254.5</ele>
                <extensions>
                    <osmand:speed>16.4</osmand:speed>
                </extensions>
            </trkpt>
            <trkpt lat="-39.8247373" lon="-71.9883792">
                <ele>255.8</ele>
                <extensions>
                    <osmand:speed>16.4</osmand:speed>
                </extensions>
            </trkpt>
            <trkpt lat="-39.8248322" lon="-71.9865526">
                <ele>262</ele>
                <extensions>
                    <osmand:speed>16.4</osmand:speed>
                </extensions>
            </trkpt>
            <trkpt lat="-39.8248837" lon="-71.9855763">
                <ele>266.8</ele>
                <extensions>
                    <osmand:speed>16.4</osmand:speed>
                </extensions>
            </trkpt>
            <trkpt lat="-39.824898" lon="-71.9853644">
                <ele>267.8</ele>
                <extensions>
                    <osmand:speed>16.4</osmand:speed>
                </extensions>
            </trkpt>
            <trkpt lat="-39.8249208" lon="-71.985155">
                <ele>268.8</ele>
                <extensions>
                    <osmand:speed>16.4</osmand:speed>
                </extensions>
            </trkpt>
            <trkpt lat="-39.8249476" lon="-71.9849458">
                <ele>270</ele>
                <extensions>
                    <osmand:speed>16.4</osmand:speed>
                </extensions>
            </trkpt>
            <trkpt lat="-39.8249888" lon="-71.9847071">
                <ele>271.2</ele>
                <extensions>
                    <osmand:speed>16.4</osmand:speed>
                </extensions>
            </trkpt>
            <trkpt lat="-39.825036" lon="-71.9844684">
                <ele>272</ele>
                <extensions>
                    <osmand:speed>16.4</osmand:speed>
                </extensions>
            </trkpt>
            <trkpt lat="-39.8250918" lon="-71.984235">
                <ele>272.8</ele>
                <extensions>
                    <osmand:speed>16.4</osmand:speed>
                </extensions>
            </trkpt>
            <trkpt lat="-39.8252482" lon="-71.983602">
                <ele>274.5</ele>
                <extensions>
                    <osmand:speed>16.4</osmand:speed>
                </extensions>
            </trkpt>
            <trkpt lat="-39.8257077" lon="-71.9817461">
                <ele>273.2</ele>
                <extensions>
                    <osmand:speed>16.4</osmand:speed>
                </extensions>
            </trkpt>
            <trkpt lat="-39.825753" lon="-71.9815771">
                <ele>273.5</ele>
                <extensions>
                    <osmand:speed>16.4</osmand:speed>
                </extensions>
            </trkpt>
            <trkpt lat="-39.8258045" lon="-71.9814135">
                <ele>274.2</ele>
                <extensions>
                    <osmand:speed>16.4</osmand:speed>
                </extensions>
            </trkpt>
            <trkpt lat="-39.8258622" lon="-71.9812497">
                <ele>275</ele>
                <extensions>
                    <osmand:speed>16.4</osmand:speed>
                </extensions>
            </trkpt>
            <trkpt lat="-39.825924" lon="-71.9810917">
                <ele>275.8</ele>
                <extensions>
                    <osmand:speed>16.4</osmand:speed>
                </extensions>
            </trkpt>
            <trkpt lat="-39.8259939" lon="-71.9809386">
                <ele>276.5</ele>
                <extensions>
                    <osmand:speed>16.4</osmand:speed>
                </extensions>
            </trkpt>
            <trkpt lat="-39.8260682" lon="-71.9807884">
                <ele>277.2</ele>
                <extensions>
                    <osmand:speed>16.4</osmand:speed>
                </extensions>
            </trkpt>
            <trkpt lat="-39.8261463" lon="-71.9806437">
                <ele>278.2</ele>
                <extensions>
                    <osmand:speed>16.4</osmand:speed>
                </extensions>
            </trkpt>
            <trkpt lat="-39.826233" lon="-71.9805043">
                <ele>279.5</ele>
                <extensions>
                    <osmand:speed>16.4</osmand:speed>
                </extensions>
            </trkpt>
            <trkpt lat="-39.8263255" lon="-71.9803646">
                <ele>280.8</ele>
                <extensions>
                    <osmand:speed>16.4</osmand:speed>
                </extensions>
            </trkpt>
            <trkpt lat="-39.8264266" lon="-71.9802305">
                <ele>281.5</ele>
                <extensions>
                    <osmand:speed>16.4</osmand:speed>
                </extensions>
            </trkpt>
            <trkpt lat="-39.8265315" lon="-71.9801044">
                <ele>282</ele>
                <extensions>
                    <osmand:speed>16.4</osmand:speed>
                </extensions>
            </trkpt>
            <trkpt lat="-39.8266407" lon="-71.9799864">
                <ele>282.5</ele>
                <extensions>
                    <osmand:speed>16.4</osmand:speed>
                </extensions>
            </trkpt>
            <trkpt lat="-39.8267562" lon="-71.9798766">
                <ele>282.8</ele>
                <extensions>
                    <osmand:speed>16.4</osmand:speed>
                </extensions>
            </trkpt>
            <trkpt lat="-39.8268755" lon="-71.9797745">
                <ele>283.5</ele>
                <extensions>
                    <osmand:speed>16.4</osmand:speed>
                </extensions>
            </trkpt>
            <trkpt lat="-39.8276584" lon="-71.9791147">
                <ele>290.2</ele>
                <extensions>
                    <osmand:speed>16.4</osmand:speed>
                </extensions>
            </trkpt>
            <trkpt lat="-39.8277592" lon="-71.9790342">
                <ele>292</ele>
                <extensions>
                    <osmand:speed>16.4</osmand:speed>
                </extensions>
            </trkpt>
            <trkpt lat="-39.8278622" lon="-71.9789645">
                <ele>293.5</ele>
                <extensions>
                    <osmand:speed>16.4</osmand:speed>
                </extensions>
            </trkpt>
            <trkpt lat="-39.8279693" lon="-71.9789001">
                <ele>294.8</ele>
                <extensions>
                    <osmand:speed>16.4</osmand:speed>
                </extensions>
            </trkpt>
            <trkpt lat="-39.8280807" lon="-71.9788493">
                <ele>295.8</ele>
                <extensions>
                    <osmand:speed>16.4</osmand:speed>
                </extensions>
            </trkpt>
            <trkpt lat="-39.8281856" lon="-71.9788064">
                <ele>296.8</ele>
                <extensions>
                    <osmand:speed>16.4</osmand:speed>
                </extensions>
            </trkpt>
            <trkpt lat="-39.8282908" lon="-71.9787742">
                <ele>297.5</ele>
                <extensions>
                    <osmand:speed>16.4</osmand:speed>
                </extensions>
            </trkpt>
            <trkpt lat="-39.8283979" lon="-71.9787499">
                <ele>298</ele>
                <extensions>
                    <osmand:speed>16.4</osmand:speed>
                </extensions>
            </trkpt>
            <trkpt lat="-39.828505" lon="-71.9787338">
                <ele>298.5</ele>
                <extensions>
                    <osmand:speed>16.4</osmand:speed>
                </extensions>
            </trkpt>
            <trkpt lat="-39.8286142" lon="-71.9787286">
                <ele>298.8</ele>
                <extensions>
                    <osmand:speed>16.4</osmand:speed>
                </extensions>
            </trkpt>
            <trkpt lat="-39.8287728" lon="-71.9787231">
                <ele>299</ele>
                <extensions>
                    <osmand:speed>16.4</osmand:speed>
                </extensions>
            </trkpt>
            <trkpt lat="-39.8289314" lon="-71.9787286">
                <ele>299.2</ele>
                <extensions>
                    <osmand:speed>16.4</osmand:speed>
                </extensions>
            </trkpt>
            <trkpt lat="-39.829164" lon="-71.9787313">
                <ele>299.5</ele>
                <extensions>
                    <osmand:speed>16.4</osmand:speed>
                </extensions>
            </trkpt>
            <trkpt lat="-39.8293104" lon="-71.9787286">
                <ele>299.8</ele>
                <extensions>
                    <osmand:speed>16.4</osmand:speed>
                </extensions>
            </trkpt>
            <trkpt lat="-39.8294565" lon="-71.9787177">
                <ele>300</ele>
                <extensions>
                    <osmand:speed>16.4</osmand:speed>
                </extensions>
            </trkpt>
            <trkpt lat="-39.8296029" lon="-71.9786991">
                <ele>300.2</ele>
                <extensions>
                    <osmand:speed>16.4</osmand:speed>
                </extensions>
            </trkpt>
            <trkpt lat="-39.829743" lon="-71.9786721">
                <ele>300.5</ele>
                <extensions>
                    <osmand:speed>16.4</osmand:speed>
                </extensions>
            </trkpt>
            <trkpt lat="-39.829881" lon="-71.9786374">
                <ele>300.8</ele>
                <extensions>
                    <osmand:speed>16.4</osmand:speed>
                </extensions>
            </trkpt>
            <trkpt lat="-39.830019" lon="-71.9785945">
                <ele>301.2</ele>
                <extensions>
                    <osmand:speed>16.4</osmand:speed>
                </extensions>
            </trkpt>
            <trkpt lat="-39.8307193" lon="-71.9783422">
                <ele>304</ele>
                <extensions>
                    <osmand:speed>16.4</osmand:speed>
                </extensions>
            </trkpt>
            <trkpt lat="-39.8308551" lon="-71.9782888">
                <ele>304.5</ele>
                <extensions>
                    <osmand:speed>16.4</osmand:speed>
                </extensions>
            </trkpt>
            <trkpt lat="-39.8309871" lon="-71.9782269">
                <ele>305</ele>
                <extensions>
                    <osmand:speed>16.4</osmand:speed>
                </extensions>
            </trkpt>
            <trkpt lat="-39.831092" lon="-71.9781734">
                <ele>305.5</ele>
                <extensions>
                    <osmand:speed>16.4</osmand:speed>
                </extensions>
            </trkpt>
            <trkpt lat="-39.8311929" lon="-71.9781142">
                <ele>306.2</ele>
                <extensions>
                    <osmand:speed>16.4</osmand:speed>
                </extensions>
            </trkpt>
            <trkpt lat="-39.8312918" lon="-71.9780527">
                <ele>307.2</ele>
                <extensions>
                    <osmand:speed>16.4</osmand:speed>
                </extensions>
            </trkpt>
            <trkpt lat="-39.8317142" lon="-71.9777496">
                <ele>312.2</ele>
                <extensions>
                    <osmand:speed>16.4</osmand:speed>
                </extensions>
            </trkpt>
            <trkpt lat="-39.8318129" lon="-71.9776797">
                <ele>312.8</ele>
                <extensions>
                    <osmand:speed>16.4</osmand:speed>
                </extensions>
            </trkpt>
            <trkpt lat="-39.8319159" lon="-71.977618">
                <ele>313.2</ele>
                <extensions>
                    <osmand:speed>16.4</osmand:speed>
                </extensions>
            </trkpt>
            <trkpt lat="-39.8320211" lon="-71.9775617">
                <ele>313.8</ele>
                <extensions>
                    <osmand:speed>16.4</osmand:speed>
                </extensions>
            </trkpt>
            <trkpt lat="-39.8321363" lon="-71.9775134">
                <ele>314.2</ele>
                <extensions>
                    <osmand:speed>16.4</osmand:speed>
                </extensions>
            </trkpt>
            <trkpt lat="-39.8322516" lon="-71.9774705">
                <ele>314.8</ele>
                <extensions>
                    <osmand:speed>16.4</osmand:speed>
                </extensions>
            </trkpt>
            <trkpt lat="-39.8323671" lon="-71.9774383">
                <ele>315</ele>
                <extensions>
                    <osmand:speed>16.4</osmand:speed>
                </extensions>
            </trkpt>
            <trkpt lat="-39.8324866" lon="-71.9774115">
                <ele>315.2</ele>
                <extensions>
                    <osmand:speed>16.4</osmand:speed>
                </extensions>
            </trkpt>
            <trkpt lat="-39.8327811" lon="-71.9773553">
                <ele>315.2</ele>
                <extensions>
                    <osmand:speed>16.4</osmand:speed>
                </extensions>
            </trkpt>
            <trkpt lat="-39.8329931" lon="-71.9773124">
                <ele>317</ele>
                <extensions>
                    <osmand:speed>18.9</osmand:speed>
                </extensions>
            </trkpt>
            <trkpt lat="-39.8331991" lon="-71.977272">
                <ele>317.8</ele>
                <extensions>
                    <osmand:speed>18.9</osmand:speed>
                </extensions>
            </trkpt>
            <trkpt lat="-39.8332815" lon="-71.9772559">
                <ele>318.2</ele>
                <extensions>
                    <osmand:speed>18.9</osmand:speed>
                </extensions>
            </trkpt>
            <trkpt lat="-39.8333661" lon="-71.9772347">
                <ele>318.8</ele>
                <extensions>
                    <osmand:speed>18.9</osmand:speed>
                </extensions>
            </trkpt>
            <trkpt lat="-39.8334464" lon="-71.9772051">
                <ele>319</ele>
                <extensions>
                    <osmand:speed>18.9</osmand:speed>
                </extensions>
            </trkpt>
            <trkpt lat="-39.8334792" lon="-71.9771891">
                <ele>319</ele>
                <extensions>
                    <osmand:speed>9.7</osmand:speed>
                </extensions>
            </trkpt>
            <trkpt lat="-39.8336771" lon="-71.9763307">
                <ele>321</ele>
                <extensions>
                    <osmand:speed>9.7</osmand:speed>
                </extensions>
            </trkpt>
            <trkpt lat="-39.8340849" lon="-71.9748502">
                <ele>327</ele>
                <extensions>
                    <osmand:speed>9.7</osmand:speed>
                </extensions>
            </trkpt>
            <trkpt lat="-39.8341879" lon="-71.9746515">
                <ele>328.5</ele>
                <extensions>
                    <osmand:speed>9.7</osmand:speed>
                </extensions>
            </trkpt>
            <trkpt lat="-39.8344761" lon="-71.9743996">
                <ele>331.5</ele>
                <extensions>
                    <osmand:speed>9.7</osmand:speed>
                </extensions>
            </trkpt>
            <trkpt lat="-39.8348676" lon="-71.9741447">
                <ele>334.2</ele>
                <extensions>
                    <osmand:speed>18.9</osmand:speed>
                </extensions>
            </trkpt>
            <trkpt lat="-39.8349273" lon="-71.9740401">
                <ele>334.8</ele>
                <extensions>
                    <osmand:speed>18.9</osmand:speed>
                </extensions>
            </trkpt>
            <trkpt lat="-39.8349932" lon="-71.9739434">
                <ele>335</ele>
                <extensions>
                    <osmand:speed>18.9</osmand:speed>
                </extensions>
            </trkpt>
            <trkpt lat="-39.8350631" lon="-71.9738495">
                <ele>335.2</ele>
                <extensions>
                    <osmand:speed>18.9</osmand:speed>
                </extensions>
            </trkpt>
            <trkpt lat="-39.8351393" lon="-71.9737637">
                <ele>335.5</ele>
                <extensions>
                    <osmand:speed>18.9</osmand:speed>
                </extensions>
            </trkpt>
            <trkpt lat="-39.8352177" lon="-71.9736832">
                <ele>335.8</ele>
                <extensions>
                    <osmand:speed>18.9</osmand:speed>
                </extensions>
            </trkpt>
            <trkpt lat="-39.8358315" lon="-71.9730772">
                <ele>341.2</ele>
                <extensions>
                    <osmand:speed>18.9</osmand:speed>
                </extensions>
            </trkpt>
            <trkpt lat="-39.8365563" lon="-71.972377">
                <ele>345.2</ele>
                <extensions>
                    <osmand:speed>18.9</osmand:speed>
                </extensions>
            </trkpt>
            <trkpt lat="-39.8366449" lon="-71.9722887">
                <ele>345.8</ele>
                <extensions>
                    <osmand:speed>18.9</osmand:speed>
                </extensions>
            </trkpt>
            <trkpt lat="-39.8367295" lon="-71.9721919">
                <ele>346</ele>
                <extensions>
                    <osmand:speed>18.9</osmand:speed>
                </extensions>
            </trkpt>
            <trkpt lat="-39.8368057" lon="-71.9720873">
                <ele>346.2</ele>
                <extensions>
                    <osmand:speed>18.9</osmand:speed>
                </extensions>
            </trkpt>
            <trkpt lat="-39.8368797" lon="-71.9719748">
                <ele>346.8</ele>
                <extensions>
                    <osmand:speed>18.9</osmand:speed>
                </extensions>
            </trkpt>
            <trkpt lat="-39.8369478" lon="-71.9718568">
                <ele>347.2</ele>
                <extensions>
                    <osmand:speed>18.9</osmand:speed>
                </extensions>
            </trkpt>
            <trkpt lat="-39.8370096" lon="-71.9717308">
                <ele>347.9</ele>
                <extensions>
                    <osmand:speed>18.9</osmand:speed>
                </extensions>
            </trkpt>
            <trkpt lat="-39.8380888" lon="-71.9693382">
                <ele>359</ele>
                <extensions>
                    <osmand:speed>18.9</osmand:speed>
                </extensions>
            </trkpt>
            <trkpt lat="-39.8381547" lon="-71.9691853">
                <ele>360</ele>
                <extensions>
                    <osmand:speed>18.9</osmand:speed>
                </extensions>
            </trkpt>
            <trkpt lat="-39.8382165" lon="-71.9690269">
                <ele>361</ele>
                <extensions>
                    <osmand:speed>18.9</osmand:speed>
                </extensions>
            </trkpt>
            <trkpt lat="-39.8382721" lon="-71.9688688">
                <ele>362.5</ele>
                <extensions>
                    <osmand:speed>18.9</osmand:speed>
                </extensions>
            </trkpt>
            <trkpt lat="-39.8383339" lon="-71.9686704">
                <ele>364.5</ele>
                <extensions>
                    <osmand:speed>18.9</osmand:speed>
                </extensions>
            </trkpt>
            <trkpt lat="-39.8383895" lon="-71.968469">
                <ele>366.2</ele>
                <extensions>
                    <osmand:speed>18.9</osmand:speed>
                </extensions>
            </trkpt>
            <trkpt lat="-39.8384389" lon="-71.9682653">
                <ele>367.5</ele>
                <extensions>
                    <osmand:speed>18.9</osmand:speed>
                </extensions>
            </trkpt>
            <trkpt lat="-39.8387642" lon="-71.9667497">
                <ele>375.8</ele>
                <extensions>
                    <osmand:speed>18.9</osmand:speed>
                </extensions>
            </trkpt>
            <trkpt lat="-39.8388033" lon="-71.9665727">
                <ele>376</ele>
                <extensions>
                    <osmand:speed>18.9</osmand:speed>
                </extensions>
            </trkpt>
            <trkpt lat="-39.8388529" lon="-71.966401">
                <ele>377</ele>
                <extensions>
                    <osmand:speed>18.9</osmand:speed>
                </extensions>
            </trkpt>
            <trkpt lat="-39.8389085" lon="-71.9662295">
                <ele>378.8</ele>
                <extensions>
                    <osmand:speed>18.9</osmand:speed>
                </extensions>
            </trkpt>
            <trkpt lat="-39.8389744" lon="-71.9660659">
                <ele>380</ele>
                <extensions>
                    <osmand:speed>18.9</osmand:speed>
                </extensions>
            </trkpt>
            <trkpt lat="-39.8390484" lon="-71.9659021">
                <ele>381.5</ele>
                <extensions>
                    <osmand:speed>18.9</osmand:speed>
                </extensions>
            </trkpt>
            <trkpt lat="-39.8391308" lon="-71.9657441">
                <ele>383.5</ele>
                <extensions>
                    <osmand:speed>18.9</osmand:speed>
                </extensions>
            </trkpt>
            <trkpt lat="-39.8392195" lon="-71.9655965">
                <ele>385.8</ele>
                <extensions>
                    <osmand:speed>18.9</osmand:speed>
                </extensions>
            </trkpt>
            <trkpt lat="-39.8393163" lon="-71.9654515">
                <ele>387.8</ele>
                <extensions>
                    <osmand:speed>18.9</osmand:speed>
                </extensions>
            </trkpt>
            <trkpt lat="-39.8394234" lon="-71.9653174">
                <ele>389.5</ele>
                <extensions>
                    <osmand:speed>18.9</osmand:speed>
                </extensions>
            </trkpt>
            <trkpt lat="-39.8395365" lon="-71.9651915">
                <ele>391</ele>
                <extensions>
                    <osmand:speed>18.9</osmand:speed>
                </extensions>
            </trkpt>
            <trkpt lat="-39.8396539" lon="-71.965076">
                <ele>392</ele>
                <extensions>
                    <osmand:speed>18.9</osmand:speed>
                </extensions>
            </trkpt>
            <trkpt lat="-39.839757" lon="-71.9649848">
                <ele>392.8</ele>
                <extensions>
                    <osmand:speed>18.9</osmand:speed>
                </extensions>
            </trkpt>
            <trkpt lat="-39.839866" lon="-71.9649019">
                <ele>393.5</ele>
                <extensions>
                    <osmand:speed>18.9</osmand:speed>
                </extensions>
            </trkpt>
            <trkpt lat="-39.8399752" lon="-71.9648268">
                <ele>394.5</ele>
                <extensions>
                    <osmand:speed>18.9</osmand:speed>
                </extensions>
            </trkpt>
            <trkpt lat="-39.8400886" lon="-71.9647568">
                <ele>395.8</ele>
                <extensions>
                    <osmand:speed>18.9</osmand:speed>
                </extensions>
            </trkpt>
            <trkpt lat="-39.8403481" lon="-71.9646227">
                <ele>398.5</ele>
                <extensions>
                    <osmand:speed>18.9</osmand:speed>
                </extensions>
            </trkpt>
            <trkpt lat="-39.8405664" lon="-71.9645154">
                <ele>400.8</ele>
                <extensions>
                    <osmand:speed>18.9</osmand:speed>
                </extensions>
            </trkpt>
            <trkpt lat="-39.8407847" lon="-71.9644108">
                <ele>402.5</ele>
                <extensions>
                    <osmand:speed>18.9</osmand:speed>
                </extensions>
            </trkpt>
            <trkpt lat="-39.8443288" lon="-71.9627264">
                <ele>421.2</ele>
                <extensions>
                    <osmand:speed>18.9</osmand:speed>
                </extensions>
            </trkpt>
            <trkpt lat="-39.8444812" lon="-71.9626542">
                <ele>422.2</ele>
                <extensions>
                    <osmand:speed>18.9</osmand:speed>
                </extensions>
            </trkpt>
            <trkpt lat="-39.8446276" lon="-71.9625735">
                <ele>423.8</ele>
                <extensions>
                    <osmand:speed>18.9</osmand:speed>
                </extensions>
            </trkpt>
            <trkpt lat="-39.8447738" lon="-71.962485">
                <ele>425.2</ele>
                <extensions>
                    <osmand:speed>18.9</osmand:speed>
                </extensions>
            </trkpt>
            <trkpt lat="-39.8449097" lon="-71.9623911">
                <ele>426.2</ele>
                <extensions>
                    <osmand:speed>18.9</osmand:speed>
                </extensions>
            </trkpt>
            <trkpt lat="-39.8450415" lon="-71.9622865">
                <ele>427.2</ele>
                <extensions>
                    <osmand:speed>18.9</osmand:speed>
                </extensions>
            </trkpt>
            <trkpt lat="-39.8451692" lon="-71.9621767">
                <ele>427.8</ele>
                <extensions>
                    <osmand:speed>18.9</osmand:speed>
                </extensions>
            </trkpt>
            <trkpt lat="-39.8492567" lon="-71.9584912">
                <ele>453.8</ele>
                <extensions>
                    <osmand:speed>18.9</osmand:speed>
                </extensions>
            </trkpt>
            <trkpt lat="-39.8493391" lon="-71.9584134">
                <ele>454</ele>
                <extensions>
                    <osmand:speed>18.9</osmand:speed>
                </extensions>
            </trkpt>
            <trkpt lat="-39.8494175" lon="-71.9583331">
                <ele>454.2</ele>
                <extensions>
                    <osmand:speed>18.9</osmand:speed>
                </extensions>
            </trkpt>
            <trkpt lat="-39.8494916" lon="-71.9582444">
                <ele>454.5</ele>
                <extensions>
                    <osmand:speed>18.9</osmand:speed>
                </extensions>
            </trkpt>
            <trkpt lat="-39.8495637" lon="-71.9581481">
                <ele>454.8</ele>
                <extensions>
                    <osmand:speed>18.9</osmand:speed>
                </extensions>
            </trkpt>
            <trkpt lat="-39.8496315" lon="-71.9580461">
                <ele>455.5</ele>
                <extensions>
                    <osmand:speed>18.9</osmand:speed>
                </extensions>
            </trkpt>
            <trkpt lat="-39.8496934" lon="-71.9579415">
                <ele>456.5</ele>
                <extensions>
                    <osmand:speed>18.9</osmand:speed>
                </extensions>
            </trkpt>
            <trkpt lat="-39.849749" lon="-71.9578287">
                <ele>457.2</ele>
                <extensions>
                    <osmand:speed>18.9</osmand:speed>
                </extensions>
            </trkpt>
            <trkpt lat="-39.8499342" lon="-71.9574721">
                <ele>458.8</ele>
                <extensions>
                    <osmand:speed>18.9</osmand:speed>
                </extensions>
            </trkpt>
            <trkpt lat="-39.8501032" lon="-71.9571447">
                <ele>459.8</ele>
                <extensions>
                    <osmand:speed>18.9</osmand:speed>
                </extensions>
            </trkpt>
            <trkpt lat="-39.8501648" lon="-71.9570079">
                <ele>460</ele>
                <extensions>
                    <osmand:speed>18.9</osmand:speed>
                </extensions>
            </trkpt>
            <trkpt lat="-39.8502225" lon="-71.9568686">
                <ele>460.2</ele>
                <extensions>
                    <osmand:speed>18.9</osmand:speed>
                </extensions>
            </trkpt>
            <trkpt lat="-39.8502741" lon="-71.9567236">
                <ele>460.5</ele>
                <extensions>
                    <osmand:speed>18.9</osmand:speed>
                </extensions>
            </trkpt>
            <trkpt lat="-39.8503275" lon="-71.9565466">
                <ele>460.8</ele>
                <extensions>
                    <osmand:speed>18.9</osmand:speed>
                </extensions>
            </trkpt>
            <trkpt lat="-39.850375" lon="-71.9563642">
                <ele>461</ele>
                <extensions>
                    <osmand:speed>18.9</osmand:speed>
                </extensions>
            </trkpt>
            <trkpt lat="-39.85041" lon="-71.9561791">
                <ele>462</ele>
                <extensions>
                    <osmand:speed>18.9</osmand:speed>
                </extensions>
            </trkpt>
            <trkpt lat="-39.8504306" lon="-71.9560611">
                <ele>462.7</ele>
                <extensions>
                    <osmand:speed>18.9</osmand:speed>
                </extensions>
            </trkpt>
            <trkpt lat="-39.850445" lon="-71.9559431">
                <ele>463.3</ele>
                <extensions>
                    <osmand:speed>18.9</osmand:speed>
                </extensions>
            </trkpt>
            <trkpt lat="-39.8505787" lon="-71.9543769">
                <ele>471.8</ele>
                <extensions>
                    <osmand:speed>18.9</osmand:speed>
                </extensions>
            </trkpt>
            <trkpt lat="-39.8506817" lon="-71.9532772">
                <ele>478.8</ele>
                <extensions>
                    <osmand:speed>18.9</osmand:speed>
                </extensions>
            </trkpt>
            <trkpt lat="-39.8507786" lon="-71.9520244">
                <ele>484.5</ele>
                <extensions>
                    <osmand:speed>18.9</osmand:speed>
                </extensions>
            </trkpt>
            <trkpt lat="-39.8508033" lon="-71.9516569">
                <ele>484.8</ele>
                <extensions>
                    <osmand:speed>18.9</osmand:speed>
                </extensions>
            </trkpt>
            <trkpt lat="-39.8508239" lon="-71.9512841">
                <ele>485.8</ele>
                <extensions>
                    <osmand:speed>18.9</osmand:speed>
                </extensions>
            </trkpt>
            <trkpt lat="-39.8508507" lon="-71.9507183">
                <ele>487.2</ele>
                <extensions>
                    <osmand:speed>18.9</osmand:speed>
                </extensions>
            </trkpt>
            <trkpt lat="-39.8509329" lon="-71.948999">
                <ele>493</ele>
                <extensions>
                    <osmand:speed>13.9</osmand:speed>
                </extensions>
            </trkpt>
            <trkpt lat="-39.8509432" lon="-71.9485992">
                <ele>494.5</ele>
                <extensions>
                    <osmand:speed>13.9</osmand:speed>
                </extensions>
            </trkpt>
            <trkpt lat="-39.8509516" lon="-71.9482614">
                <ele>496</ele>
                <extensions>
                    <osmand:speed>9.7</osmand:speed>
                </extensions>
            </trkpt>
            <trkpt lat="-39.8504222" lon="-71.9482854">
                <ele>496.4</ele>
                <extensions>
                    <osmand:speed>9.7</osmand:speed>
                </extensions>
            </trkpt>
            <trkpt lat="-39.8485176" lon="-71.9482883">
                <ele>498</ele>
                <extensions>
                    <osmand:speed>9.7</osmand:speed>
                </extensions>
            </trkpt>
            <trkpt lat="-39.8484639" lon="-71.9482775">
                <ele>498.1</ele>
                <extensions>
                    <osmand:speed>9.7</osmand:speed>
                </extensions>
            </trkpt>
            <trkpt lat="-39.8484124" lon="-71.9482587">
                <ele>498.1</ele>
                <extensions>
                    <osmand:speed>9.7</osmand:speed>
                </extensions>
            </trkpt>
            <trkpt lat="-39.848363" lon="-71.9482344">
                <ele>498.2</ele>
                <extensions>
                    <osmand:speed>9.7</osmand:speed>
                </extensions>
            </trkpt>
            <trkpt lat="-39.8483136" lon="-71.9482024">
                <ele>498.2</ele>
                <extensions>
                    <osmand:speed>9.7</osmand:speed>
                </extensions>
            </trkpt>
            <trkpt lat="-39.8480088" lon="-71.9478859">
                <ele>498.5</ele>
                <extensions>
                    <osmand:speed>9.7</osmand:speed>
                </extensions>
            </trkpt>
            <trkpt lat="-39.8479532" lon="-71.9478321">
                <ele>498.5</ele>
                <extensions>
                    <osmand:speed>9.7</osmand:speed>
                </extensions>
            </trkpt>
            <trkpt lat="-39.8478957" lon="-71.9477865">
                <ele>498.8</ele>
                <extensions>
                    <osmand:speed>9.7</osmand:speed>
                </extensions>
            </trkpt>
            <trkpt lat="-39.8478339" lon="-71.9477464">
                <ele>499</ele>
                <extensions>
                    <osmand:speed>9.7</osmand:speed>
                </extensions>
            </trkpt>
            <trkpt lat="-39.847772" lon="-71.9477143">
                <ele>498.9</ele>
                <extensions>
                    <osmand:speed>9.7</osmand:speed>
                </extensions>
            </trkpt>
            <trkpt lat="-39.8477102" lon="-71.9476874">
                <ele>498.8</ele>
                <extensions>
                    <osmand:speed>9.7</osmand:speed>
                </extensions>
            </trkpt>
            <trkpt lat="-39.8476486" lon="-71.9476713">
                <ele>498.5</ele>
                <extensions>
                    <osmand:speed>9.7</osmand:speed>
                </extensions>
            </trkpt>
            <trkpt lat="-39.8475868" lon="-71.9476579">
                <ele>498.2</ele>
                <extensions>
                    <osmand:speed>9.7</osmand:speed>
                </extensions>
            </trkpt>
            <trkpt lat="-39.8475228" lon="-71.9476526">
                <ele>498</ele>
                <extensions>
                    <osmand:speed>9.7</osmand:speed>
                </extensions>
            </trkpt>
            <trkpt lat="-39.8474734" lon="-71.9469711">
                <ele>500</ele>
                <extensions>
                    <osmand:speed>9.7</osmand:speed>
                </extensions>
            </trkpt>
            <trkpt lat="-39.8474528" lon="-71.9459787">
                <ele>500</ele>
                <extensions>
                    <osmand:speed>9.7</osmand:speed>
                </extensions>
            </trkpt>
            <trkpt lat="-39.8468" lon="-71.9459331">
                <ele>499</ele>
                <extensions>
                    <osmand:speed>9.7</osmand:speed>
                </extensions>
            </trkpt>
            <trkpt lat="-39.8461556" lon="-71.9458635">
                <ele>498</ele>
                <extensions>
                    <osmand:speed>9.7</osmand:speed>
                </extensions>
            </trkpt>
            <trkpt lat="-39.8461865" lon="-71.9453459">
                <ele>499.4</ele>
                <extensions>
                    <osmand:speed>9.7</osmand:speed>
                </extensions>
            </trkpt>
            <trkpt lat="-39.8461968" lon="-71.9451957">
                <ele>499.8</ele>
                <extensions>
                    <osmand:speed>9.7</osmand:speed>
                </extensions>
            </trkpt>
            <trkpt lat="-39.8462256" lon="-71.9447261">
                <ele>500.8</ele>
                <extensions>
                    <osmand:speed>9.7</osmand:speed>
                </extensions>
            </trkpt>
            <trkpt lat="-39.8462565" lon="-71.9442138">
                <ele>500.5</ele>
                <extensions>
                    <osmand:speed>9.7</osmand:speed>
                </extensions>
            </trkpt>
            <trkpt lat="-39.8462874" lon="-71.9437256">
                <ele>500.6</ele>
                <extensions>
                    <osmand:speed>9.7</osmand:speed>
                </extensions>
            </trkpt>
            <trkpt lat="-39.8463368" lon="-71.9428943">
                <ele>501.2</ele>
                <extensions>
                    <osmand:speed>9.7</osmand:speed>
                </extensions>
            </trkpt>
            <trkpt lat="-39.8452267" lon="-71.9427493">
                <ele>502.5</ele>
                <extensions>
                    <osmand:speed>9.7</osmand:speed>
                </extensions>
            </trkpt>
            <trkpt lat="-39.844891" lon="-71.9427037">
                <ele>505</ele>
                <extensions>
                    <osmand:speed>9.7</osmand:speed>
                </extensions>
            </trkpt>
            <trkpt lat="-39.8448953" lon="-71.9425696">
                <ele>503.5</ele>
                <extensions>
                    <osmand:speed>9.7</osmand:speed>
                </extensions>
            </trkpt>
            <trkpt lat="-39.8450662" lon="-71.9407269">
                <ele>504.2</ele>
                <extensions>
                    <osmand:speed>9.7</osmand:speed>
                </extensions>
            </trkpt>
            <trkpt lat="-39.845163" lon="-71.9396165">
                <ele>505</ele>
                <extensions>
                    <osmand:speed>9.7</osmand:speed>
                </extensions>
            </trkpt>
            <trkpt lat="-39.8452639" lon="-71.938439">
                <ele>505.2</ele>
                <extensions>
                    <osmand:speed>9.7</osmand:speed>
                </extensions>
            </trkpt>
            <trkpt lat="-39.8454328" lon="-71.9364838">
                <ele>508</ele>
                <extensions>
                    <osmand:speed>9.7</osmand:speed>
                </extensions>
            </trkpt>
            <trkpt lat="-39.8454841" lon="-71.9359016">
                <ele>509.2</ele>
                <extensions>
                    <osmand:speed>9.7</osmand:speed>
                </extensions>
            </trkpt>
            <trkpt lat="-39.8455006" lon="-71.9357301">
                <ele>509.8</ele>
                <extensions>
                    <osmand:speed>9.7</osmand:speed>
                </extensions>
            </trkpt>
            <trkpt lat="-39.8455275" lon="-71.9355639">
                <ele>510.2</ele>
                <extensions>
                    <osmand:speed>9.7</osmand:speed>
                </extensions>
            </trkpt>
            <trkpt lat="-39.8455603" lon="-71.9353976">
                <ele>510.8</ele>
                <extensions>
                    <osmand:speed>9.7</osmand:speed>
                </extensions>
            </trkpt>
            <trkpt lat="-39.8455974" lon="-71.9352608">
                <ele>511.2</ele>
                <extensions>
                    <osmand:speed>9.7</osmand:speed>
                </extensions>
            </trkpt>
            <trkpt lat="-39.8456406" lon="-71.9351267">
                <ele>512</ele>
                <extensions>
                    <osmand:speed>9.7</osmand:speed>
                </extensions>
            </trkpt>
            <trkpt lat="-39.845688" lon="-71.9349977">
                <ele>512.5</ele>
                <extensions>
                    <osmand:speed>9.7</osmand:speed>
                </extensions>
            </trkpt>
            <trkpt lat="-39.8457417" lon="-71.9348718">
                <ele>513</ele>
                <extensions>
                    <osmand:speed>9.7</osmand:speed>
                </extensions>
            </trkpt>
            <trkpt lat="-39.8463121" lon="-71.9334851">
                <ele>520.5</ele>
                <extensions>
                    <osmand:speed>9.7</osmand:speed>
                </extensions>
            </trkpt>
            <trkpt lat="-39.8465448" lon="-71.9329378">
                <ele>522.2</ele>
                <extensions>
                    <osmand:speed>9.7</osmand:speed>
                </extensions>
            </trkpt>
            <trkpt lat="-39.8465922" lon="-71.9328278">
                <ele>522.5</ele>
                <extensions>
                    <osmand:speed>9.7</osmand:speed>
                </extensions>
            </trkpt>
            <trkpt lat="-39.8466126" lon="-71.9327554">
                <ele>522.6</ele>
                <extensions>
                    <osmand:speed>9.7</osmand:speed>
                </extensions>
            </trkpt>
            <trkpt lat="-39.8466272" lon="-71.9327071">
                <ele>522.8</ele>
                <extensions>
                    <osmand:speed>9.7</osmand:speed>
                </extensions>
            </trkpt>
            <trkpt lat="-39.8466272" lon="-71.9326481">
                <ele>522.9</ele>
                <extensions>
                    <osmand:speed>9.7</osmand:speed>
                </extensions>
            </trkpt>
            <trkpt lat="-39.8466313" lon="-71.9326134">
                <ele>523</ele>
                <extensions>
                    <osmand:speed>9.7</osmand:speed>
                </extensions>
            </trkpt>
            <trkpt lat="-39.8466416" lon="-71.932514">
                <ele>523.2</ele>
                <extensions>
                    <osmand:speed>9.7</osmand:speed>
                </extensions>
            </trkpt>
            <trkpt lat="-39.8466579" lon="-71.9324283">
                <ele>523.4</ele>
                <extensions>
                    <osmand:speed>9.7</osmand:speed>
                </extensions>
            </trkpt>
            <trkpt lat="-39.8466972" lon="-71.9323477">
                <ele>523.5</ele>
                <extensions>
                    <osmand:speed>9.7</osmand:speed>
                </extensions>
            </trkpt>
            <trkpt lat="-39.847078" lon="-71.9313338">
                <ele>527</ele>
                <extensions>
                    <osmand:speed>9.7</osmand:speed>
                </extensions>
            </trkpt>
            <trkpt lat="-39.8472882" lon="-71.931366">
                <ele>525.5</ele>
                <extensions>
                    <osmand:speed>9.7</osmand:speed>
                </extensions>
            </trkpt>
            <trkpt lat="-39.8473107" lon="-71.9310899">
                <ele>528</ele>
                <extensions>
                    <osmand:speed>9.7</osmand:speed>
                </extensions>
            </trkpt>
            <trkpt lat="-39.8473519" lon="-71.9306311">
                <ele>532</ele>
                <extensions>
                    <osmand:speed>9.7</osmand:speed>
                </extensions>
            </trkpt>
            <trkpt lat="-39.847424" lon="-71.9297835">
                <ele>541</ele>
                <extensions>
                    <osmand:speed>5.6</osmand:speed>
                </extensions>
            </trkpt>
            <trkpt lat="-39.8474859" lon="-71.9297352">
                <ele>540.5</ele>
                <extensions>
                    <osmand:speed>5.6</osmand:speed>
                </extensions>
            </trkpt>
            <trkpt lat="-39.8475496" lon="-71.9296979">
                <ele>540.2</ele>
                <extensions>
                    <osmand:speed>5.6</osmand:speed>
                </extensions>
            </trkpt>
            <trkpt lat="-39.8476155" lon="-71.929671">
                <ele>540</ele>
                <extensions>
                    <osmand:speed>5.6</osmand:speed>
                </extensions>
            </trkpt>
            <trkpt lat="-39.8476855" lon="-71.9296523">
                <ele>539.8</ele>
                <extensions>
                    <osmand:speed>5.6</osmand:speed>
                </extensions>
            </trkpt>
            <trkpt lat="-39.8477536" lon="-71.9296415">
                <ele>539.5</ele>
                <extensions>
                    <osmand:speed>5.6</osmand:speed>
                </extensions>
            </trkpt>
            <trkpt lat="-39.8478257" lon="-71.929644">
                <ele>539</ele>
                <extensions>
                    <osmand:speed>5.6</osmand:speed>
                </extensions>
            </trkpt>
            <trkpt lat="-39.8478688" lon="-71.9296494">
                <ele>538.5</ele>
                <extensions>
                    <osmand:speed>5.6</osmand:speed>
                </extensions>
            </trkpt>
            <trkpt lat="-39.8479141" lon="-71.9296576">
                <ele>538</ele>
                <extensions>
                    <osmand:speed>5.6</osmand:speed>
                </extensions>
            </trkpt>
            <trkpt lat="-39.8480047" lon="-71.9296628">
                <ele>537</ele>
                <extensions>
                    <osmand:speed>5.6</osmand:speed>
                </extensions>
            </trkpt>
            <trkpt lat="-39.8480975" lon="-71.9296601">
                <ele>536.2</ele>
                <extensions>
                    <osmand:speed>5.6</osmand:speed>
                </extensions>
            </trkpt>
            <trkpt lat="-39.8481737" lon="-71.9296467">
                <ele>536</ele>
                <extensions>
                    <osmand:speed>5.6</osmand:speed>
                </extensions>
            </trkpt>
            <trkpt lat="-39.8482499" lon="-71.9296281">
                <ele>535.8</ele>
                <extensions>
                    <osmand:speed>5.6</osmand:speed>
                </extensions>
            </trkpt>
            <trkpt lat="-39.8484002" lon="-71.9295877">
                <ele>535.5</ele>
                <extensions>
                    <osmand:speed>5.6</osmand:speed>
                </extensions>
            </trkpt>
            <trkpt lat="-39.8485485" lon="-71.9295369">
                <ele>535.2</ele>
                <extensions>
                    <osmand:speed>5.6</osmand:speed>
                </extensions>
            </trkpt>
            <trkpt lat="-39.8486822" lon="-71.9294804">
                <ele>535</ele>
                <extensions>
                    <osmand:speed>5.6</osmand:speed>
                </extensions>
            </trkpt>
            <trkpt lat="-39.8488119" lon="-71.9294187">
                <ele>534.8</ele>
                <extensions>
                    <osmand:speed>5.6</osmand:speed>
                </extensions>
            </trkpt>
            <trkpt lat="-39.8488531" lon="-71.9294053">
                <ele>534.5</ele>
                <extensions>
                    <osmand:speed>5.6</osmand:speed>
                </extensions>
            </trkpt>
            <trkpt lat="-39.8488943" lon="-71.9294053">
                <ele>534.2</ele>
                <extensions>
                    <osmand:speed>5.6</osmand:speed>
                </extensions>
            </trkpt>
            <trkpt lat="-39.8489356" lon="-71.9294162">
                <ele>533.8</ele>
                <extensions>
                    <osmand:speed>5.6</osmand:speed>
                </extensions>
            </trkpt>
            <trkpt lat="-39.8489727" lon="-71.9294348">
                <ele>533.2</ele>
                <extensions>
                    <osmand:speed>5.6</osmand:speed>
                </extensions>
            </trkpt>
            <trkpt lat="-39.8490077" lon="-71.9294643">
                <ele>532.8</ele>
                <extensions>
                    <osmand:speed>5.6</osmand:speed>
                </extensions>
            </trkpt>
            <trkpt lat="-39.8490324" lon="-71.9294992">
                <ele>532.2</ele>
                <extensions>
                    <osmand:speed>5.6</osmand:speed>
                </extensions>
            </trkpt>
            <trkpt lat="-39.8490633" lon="-71.929526">
                <ele>531.8</ele>
                <extensions>
                    <osmand:speed>5.6</osmand:speed>
                </extensions>
            </trkpt>
            <trkpt lat="-39.8490983" lon="-71.9295448">
                <ele>531.2</ele>
                <extensions>
                    <osmand:speed>5.6</osmand:speed>
                </extensions>
            </trkpt>
            <trkpt lat="-39.849127" lon="-71.9295555">
                <ele>530.8</ele>
                <extensions>
                    <osmand:speed>5.6</osmand:speed>
                </extensions>
            </trkpt>
            <trkpt lat="-39.849158" lon="-71.9295611">
                <ele>530.5</ele>
                <extensions>
                    <osmand:speed>5.6</osmand:speed>
                </extensions>
            </trkpt>
            <trkpt lat="-39.8491889" lon="-71.9295582">
                <ele>530.2</ele>
                <extensions>
                    <osmand:speed>5.6</osmand:speed>
                </extensions>
            </trkpt>
            <trkpt lat="-39.8492814" lon="-71.9295637">
                <ele>529.5</ele>
                <extensions>
                    <osmand:speed>5.6</osmand:speed>
                </extensions>
            </trkpt>
            <trkpt lat="-39.8493701" lon="-71.9295582">
                <ele>529</ele>
                <extensions>
                    <osmand:speed>5.6</osmand:speed>
                </extensions>
            </trkpt>
            <trkpt lat="-39.8494566" lon="-71.9295448">
                <ele>528.5</ele>
                <extensions>
                    <osmand:speed>5.6</osmand:speed>
                </extensions>
            </trkpt>
            <trkpt lat="-39.8495409" lon="-71.929526">
                <ele>528</ele>
                <extensions>
                    <osmand:speed>5.6</osmand:speed>
                </extensions>
            </trkpt>
            <trkpt lat="-39.8498005" lon="-71.9294965">
                <ele>526</ele>
                <extensions>
                    <osmand:speed>5.6</osmand:speed>
                </extensions>
            </trkpt>
            <trkpt lat="-39.8498952" lon="-71.9294913">
                <ele>525</ele>
                <extensions>
                    <osmand:speed>5.6</osmand:speed>
                </extensions>
            </trkpt>
            <trkpt lat="-39.8499879" lon="-71.9294726">
                <ele>524</ele>
                <extensions>
                    <osmand:speed>5.6</osmand:speed>
                </extensions>
            </trkpt>
            <trkpt lat="-39.8500785" lon="-71.9294457">
                <ele>523.2</ele>
                <extensions>
                    <osmand:speed>5.6</osmand:speed>
                </extensions>
            </trkpt>
            <trkpt lat="-39.8501691" lon="-71.929408">
                <ele>522.8</ele>
                <extensions>
                    <osmand:speed>5.6</osmand:speed>
                </extensions>
            </trkpt>
            <trkpt lat="-39.8502535" lon="-71.9293597">
                <ele>522.2</ele>
                <extensions>
                    <osmand:speed>5.6</osmand:speed>
                </extensions>
            </trkpt>
            <trkpt lat="-39.8503359" lon="-71.9293007">
                <ele>522</ele>
                <extensions>
                    <osmand:speed>5.6</osmand:speed>
                </extensions>
            </trkpt>
            <trkpt lat="-39.8504222" lon="-71.9292524">
                <ele>521.8</ele>
                <extensions>
                    <osmand:speed>5.6</osmand:speed>
                </extensions>
            </trkpt>
            <trkpt lat="-39.8505109" lon="-71.9292122">
                <ele>521.5</ele>
                <extensions>
                    <osmand:speed>5.6</osmand:speed>
                </extensions>
            </trkpt>
            <trkpt lat="-39.8506015" lon="-71.92918">
                <ele>521</ele>
                <extensions>
                    <osmand:speed>5.6</osmand:speed>
                </extensions>
            </trkpt>
            <trkpt lat="-39.8507024" lon="-71.9291587">
                <ele>520.5</ele>
                <extensions>
                    <osmand:speed>5.6</osmand:speed>
                </extensions>
            </trkpt>
            <trkpt lat="-39.8508054" lon="-71.9291453">
                <ele>520</ele>
                <extensions>
                    <osmand:speed>5.6</osmand:speed>
                </extensions>
            </trkpt>
            <trkpt lat="-39.8509104" lon="-71.9291453">
                <ele>519.5</ele>
                <extensions>
                    <osmand:speed>5.6</osmand:speed>
                </extensions>
            </trkpt>
            <trkpt lat="-39.8509948" lon="-71.9291505">
                <ele>519</ele>
                <extensions>
                    <osmand:speed>5.6</osmand:speed>
                </extensions>
            </trkpt>
            <trkpt lat="-39.8510791" lon="-71.9291639">
                <ele>518.5</ele>
                <extensions>
                    <osmand:speed>5.6</osmand:speed>
                </extensions>
            </trkpt>
            <trkpt lat="-39.8512481" lon="-71.9291882">
                <ele>517.5</ele>
                <extensions>
                    <osmand:speed>5.6</osmand:speed>
                </extensions>
            </trkpt>
            <trkpt lat="-39.8514312" lon="-71.9292177">
                <ele>516</ele>
                <extensions>
                    <osmand:speed>5.6</osmand:speed>
                </extensions>
            </trkpt>
            <trkpt lat="-39.8516167" lon="-71.9292524">
                <ele>513.9</ele>
                <extensions>
                    <osmand:speed>13.9</osmand:speed>
                </extensions>
            </trkpt>
            <trkpt lat="-39.8516723" lon="-71.9286598">
                <ele>513.5</ele>
                <extensions>
                    <osmand:speed>13.9</osmand:speed>
                </extensions>
            </trkpt>
            <trkpt lat="-39.8517176" lon="-71.9280669">
                <ele>512.5</ele>
                <extensions>
                    <osmand:speed>13.9</osmand:speed>
                </extensions>
            </trkpt>
            <trkpt lat="-39.8517545" lon="-71.9275519">
                <ele>513</ele>
                <extensions>
                    <osmand:speed>13.9</osmand:speed>
                </extensions>
            </trkpt>
            <trkpt lat="-39.8517835" lon="-71.9270369">
                <ele>514.8</ele>
                <extensions>
                    <osmand:speed>13.9</osmand:speed>
                </extensions>
            </trkpt>
            <trkpt lat="-39.8518657" lon="-71.9254732">
                <ele>523</ele>
                <extensions>
                    <osmand:speed>18.9</osmand:speed>
                </extensions>
            </trkpt>
            <trkpt lat="-39.8519688" lon="-71.9234859">
                <ele>532.8</ele>
                <extensions>
                    <osmand:speed>18.9</osmand:speed>
                </extensions>
            </trkpt>
            <trkpt lat="-39.8519954" lon="-71.9231343">
                <ele>531.8</ele>
                <extensions>
                    <osmand:speed>18.9</osmand:speed>
                </extensions>
            </trkpt>
            <trkpt lat="-39.8520285" lon="-71.922869">
                <ele>529.5</ele>
                <extensions>
                    <osmand:speed>18.9</osmand:speed>
                </extensions>
            </trkpt>
            <trkpt lat="-39.8520635" lon="-71.9226732">
                <ele>528</ele>
                <extensions>
                    <osmand:speed>18.9</osmand:speed>
                </extensions>
            </trkpt>
            <trkpt lat="-39.8521047" lon="-71.9224827">
                <ele>526.2</ele>
                <extensions>
                    <osmand:speed>18.9</osmand:speed>
                </extensions>
            </trkpt>
            <trkpt lat="-39.85215" lon="-71.9222894">
                <ele>524.5</ele>
                <extensions>
                    <osmand:speed>18.9</osmand:speed>
                </extensions>
            </trkpt>
            <trkpt lat="-39.8522137" lon="-71.9220614">
                <ele>523.8</ele>
                <extensions>
                    <osmand:speed>18.9</osmand:speed>
                </extensions>
            </trkpt>
            <trkpt lat="-39.8522509" lon="-71.921949">
                <ele>524</ele>
                <extensions>
                    <osmand:speed>18.9</osmand:speed>
                </extensions>
            </trkpt>
            <trkpt lat="-39.85229" lon="-71.9218388">
                <ele>524.2</ele>
                <extensions>
                    <osmand:speed>18.9</osmand:speed>
                </extensions>
            </trkpt>
            <trkpt lat="-39.8523456" lon="-71.9216915">
                <ele>525.8</ele>
                <extensions>
                    <osmand:speed>18.9</osmand:speed>
                </extensions>
            </trkpt>
            <trkpt lat="-39.8524074" lon="-71.9215466">
                <ele>527.2</ele>
                <extensions>
                    <osmand:speed>18.9</osmand:speed>
                </extensions>
            </trkpt>
            <trkpt lat="-39.852463" lon="-71.9214206">
                <ele>528.2</ele>
                <extensions>
                    <osmand:speed>18.9</osmand:speed>
                </extensions>
            </trkpt>
            <trkpt lat="-39.8527101" lon="-71.9209161">
                <ele>530.2</ele>
                <extensions>
                    <osmand:speed>18.9</osmand:speed>
                </extensions>
            </trkpt>
            <trkpt lat="-39.8529407" lon="-71.9204442">
                <ele>526.5</ele>
                <extensions>
                    <osmand:speed>18.9</osmand:speed>
                </extensions>
            </trkpt>
            <trkpt lat="-39.8531425" lon="-71.9200365">
                <ele>522.5</ele>
                <extensions>
                    <osmand:speed>18.9</osmand:speed>
                </extensions>
            </trkpt>
            <trkpt lat="-39.8532309" lon="-71.9198542">
                <ele>521.2</ele>
                <extensions>
                    <osmand:speed>18.9</osmand:speed>
                </extensions>
            </trkpt>
            <trkpt lat="-39.8533299" lon="-71.9196771">
                <ele>520.8</ele>
                <extensions>
                    <osmand:speed>18.9</osmand:speed>
                </extensions>
            </trkpt>
            <trkpt lat="-39.8534349" lon="-71.9195081">
                <ele>520.5</ele>
                <extensions>
                    <osmand:speed>18.9</osmand:speed>
                </extensions>
            </trkpt>
            <trkpt lat="-39.8535212" lon="-71.9193848">
                <ele>520</ele>
                <extensions>
                    <osmand:speed>18.9</osmand:speed>
                </extensions>
            </trkpt>
            <trkpt lat="-39.8536099" lon="-71.9192667">
                <ele>519.5</ele>
                <extensions>
                    <osmand:speed>18.9</osmand:speed>
                </extensions>
            </trkpt>
            <trkpt lat="-39.8537024" lon="-71.9191539">
                <ele>519.2</ele>
                <extensions>
                    <osmand:speed>18.9</osmand:speed>
                </extensions>
            </trkpt>
            <trkpt lat="-39.8538014" lon="-71.9190466">
                <ele>519.5</ele>
                <extensions>
                    <osmand:speed>18.9</osmand:speed>
                </extensions>
            </trkpt>
            <trkpt lat="-39.8539145" lon="-71.9189342">
                <ele>520</ele>
                <extensions>
                    <osmand:speed>18.9</osmand:speed>
                </extensions>
            </trkpt>
            <trkpt lat="-39.8540298" lon="-71.9188269">
                <ele>520.5</ele>
                <extensions>
                    <osmand:speed>18.9</osmand:speed>
                </extensions>
            </trkpt>
            <trkpt lat="-39.8541513" lon="-71.9187276">
                <ele>521.2</ele>
                <extensions>
                    <osmand:speed>18.9</osmand:speed>
                </extensions>
            </trkpt>
            <trkpt lat="-39.854275" lon="-71.9186364">
                <ele>522</ele>
                <extensions>
                    <osmand:speed>18.9</osmand:speed>
                </extensions>
            </trkpt>
            <trkpt lat="-39.8544272" lon="-71.9185318">
                <ele>522.2</ele>
                <extensions>
                    <osmand:speed>18.9</osmand:speed>
                </extensions>
            </trkpt>
            <trkpt lat="-39.8545859" lon="-71.9184379">
                <ele>522.3</ele>
                <extensions>
                    <osmand:speed>18.9</osmand:speed>
                </extensions>
            </trkpt>
            <trkpt lat="-39.8547465" lon="-71.9183546">
                <ele>522.4</ele>
                <extensions>
                    <osmand:speed>18.9</osmand:speed>
                </extensions>
            </trkpt>
            <trkpt lat="-39.8549092" lon="-71.9182822">
                <ele>522.5</ele>
                <extensions>
                    <osmand:speed>18.9</osmand:speed>
                </extensions>
            </trkpt>
            <trkpt lat="-39.8578021" lon="-71.9172605">
                <ele>522</ele>
                <extensions>
                    <osmand:speed>18.9</osmand:speed>
                </extensions>
            </trkpt>
            <trkpt lat="-39.8595563" lon="-71.9166409">
                <ele>522.8</ele>
                <extensions>
                    <osmand:speed>18.9</osmand:speed>
                </extensions>
            </trkpt>
            <trkpt lat="-39.8638324" lon="-71.9151522">
                <ele>535.8</ele>
                <extensions>
                    <osmand:speed>18.9</osmand:speed>
                </extensions>
            </trkpt>
            <trkpt lat="-39.8641721" lon="-71.9150342">
                <ele>538</ele>
                <extensions>
                    <osmand:speed>18.9</osmand:speed>
                </extensions>
            </trkpt>
            <trkpt lat="-39.8647137" lon="-71.9148463">
                <ele>543.5</ele>
                <extensions>
                    <osmand:speed>18.9</osmand:speed>
                </extensions>
            </trkpt>
            <trkpt lat="-39.8649359" lon="-71.9147685">
                <ele>546.2</ele>
                <extensions>
                    <osmand:speed>18.9</osmand:speed>
                </extensions>
            </trkpt>
            <trkpt lat="-39.8660476" lon="-71.9143742">
                <ele>558.2</ele>
                <extensions>
                    <osmand:speed>18.9</osmand:speed>
                </extensions>
            </trkpt>
            <trkpt lat="-39.8670152" lon="-71.9140309">
                <ele>565.5</ele>
                <extensions>
                    <osmand:speed>18.9</osmand:speed>
                </extensions>
            </trkpt>
            <trkpt lat="-39.8680982" lon="-71.91365">
                <ele>576.8</ele>
                <extensions>
                    <osmand:speed>18.9</osmand:speed>
                </extensions>
            </trkpt>
            <trkpt lat="-39.8689546" lon="-71.9133578">
                <ele>586</ele>
                <extensions>
                    <osmand:speed>18.9</osmand:speed>
                </extensions>
            </trkpt>
            <trkpt lat="-39.8692922" lon="-71.9132423">
                <ele>588</ele>
                <extensions>
                    <osmand:speed>18.9</osmand:speed>
                </extensions>
            </trkpt>
            <trkpt lat="-39.8694053" lon="-71.9132021">
                <ele>588.8</ele>
                <extensions>
                    <osmand:speed>18.9</osmand:speed>
                </extensions>
            </trkpt>
            <trkpt lat="-39.8700477" lon="-71.9129848">
                <ele>594.2</ele>
                <extensions>
                    <osmand:speed>18.9</osmand:speed>
                </extensions>
            </trkpt>
            <trkpt lat="-39.8708751" lon="-71.9127061">
                <ele>603.8</ele>
                <extensions>
                    <osmand:speed>18.9</osmand:speed>
                </extensions>
            </trkpt>
            <trkpt lat="-39.8710626" lon="-71.9126415">
                <ele>606.8</ele>
                <extensions>
                    <osmand:speed>18.9</osmand:speed>
                </extensions>
            </trkpt>
            <trkpt lat="-39.8711592" lon="-71.9126093">
                <ele>608.2</ele>
                <extensions>
                    <osmand:speed>18.9</osmand:speed>
                </extensions>
            </trkpt>
            <trkpt lat="-39.8735924" lon="-71.9117458">
                <ele>624</ele>
                <extensions>
                    <osmand:speed>5.6</osmand:speed>
                </extensions>
            </trkpt>
            <trkpt lat="-39.8735781" lon="-71.9116732">
                <ele>624.5</ele>
                <extensions>
                    <osmand:speed>5.6</osmand:speed>
                </extensions>
            </trkpt>
            <trkpt lat="-39.8735699" lon="-71.9115981">
                <ele>625.2</ele>
                <extensions>
                    <osmand:speed>5.6</osmand:speed>
                </extensions>
            </trkpt>
            <trkpt lat="-39.8735718" lon="-71.911523">
                <ele>626.2</ele>
                <extensions>
                    <osmand:speed>5.6</osmand:speed>
                </extensions>
            </trkpt>
            <trkpt lat="-39.8735843" lon="-71.9114479">
                <ele>627.2</ele>
                <extensions>
                    <osmand:speed>5.6</osmand:speed>
                </extensions>
            </trkpt>
            <trkpt lat="-39.8736049" lon="-71.9113755">
                <ele>628.2</ele>
                <extensions>
                    <osmand:speed>5.6</osmand:speed>
                </extensions>
            </trkpt>
            <trkpt lat="-39.8736253" lon="-71.9113299">
                <ele>629</ele>
                <extensions>
                    <osmand:speed>5.6</osmand:speed>
                </extensions>
            </trkpt>
            <trkpt lat="-39.87365" lon="-71.9112843">
                <ele>629.8</ele>
                <extensions>
                    <osmand:speed>5.6</osmand:speed>
                </extensions>
            </trkpt>
            <trkpt lat="-39.873679" lon="-71.9112443">
                <ele>630.2</ele>
                <extensions>
                    <osmand:speed>5.6</osmand:speed>
                </extensions>
            </trkpt>
            <trkpt lat="-39.8737572" lon="-71.911118">
                <ele>632</ele>
                <extensions>
                    <osmand:speed>5.6</osmand:speed>
                </extensions>
            </trkpt>
            <trkpt lat="-39.8738188" lon="-71.9110324">
                <ele>633.2</ele>
                <extensions>
                    <osmand:speed>5.6</osmand:speed>
                </extensions>
            </trkpt>
            <trkpt lat="-39.8738826" lon="-71.9109492">
                <ele>634.2</ele>
                <extensions>
                    <osmand:speed>5.6</osmand:speed>
                </extensions>
            </trkpt>
            <trkpt lat="-39.8740104" lon="-71.9107829">
                <ele>636.5</ele>
                <extensions>
                    <osmand:speed>5.6</osmand:speed>
                </extensions>
            </trkpt>
            <trkpt lat="-39.8741195" lon="-71.9106408">
                <ele>638.5</ele>
                <extensions>
                    <osmand:speed>5.6</osmand:speed>
                </extensions>
            </trkpt>
            <trkpt lat="-39.8742245" lon="-71.9104932">
                <ele>641</ele>
                <extensions>
                    <osmand:speed>5.6</osmand:speed>
                </extensions>
            </trkpt>
            <trkpt lat="-39.8743252" lon="-71.9103375">
                <ele>643.5</ele>
                <extensions>
                    <osmand:speed>5.6</osmand:speed>
                </extensions>
            </trkpt>
            <trkpt lat="-39.8744221" lon="-71.9101794">
                <ele>645.5</ele>
                <extensions>
                    <osmand:speed>5.6</osmand:speed>
                </extensions>
            </trkpt>
            <trkpt lat="-39.8745106" lon="-71.9100156">
                <ele>648</ele>
                <extensions>
                    <osmand:speed>5.6</osmand:speed>
                </extensions>
            </trkpt>
            <trkpt lat="-39.874564" lon="-71.909911">
                <ele>649.5</ele>
                <extensions>
                    <osmand:speed>5.6</osmand:speed>
                </extensions>
            </trkpt>
            <trkpt lat="-39.8746113" lon="-71.9098037">
                <ele>651</ele>
                <extensions>
                    <osmand:speed>5.6</osmand:speed>
                </extensions>
            </trkpt>
            <trkpt lat="-39.8746506" lon="-71.9096939">
                <ele>652.2</ele>
                <extensions>
                    <osmand:speed>5.6</osmand:speed>
                </extensions>
            </trkpt>
            <trkpt lat="-39.8746835" lon="-71.9095893">
                <ele>653.2</ele>
                <extensions>
                    <osmand:speed>5.6</osmand:speed>
                </extensions>
            </trkpt>
            <trkpt lat="-39.8747204" lon="-71.9094872">
                <ele>654.2</ele>
                <extensions>
                    <osmand:speed>5.6</osmand:speed>
                </extensions>
            </trkpt>
            <trkpt lat="-39.8747616" lon="-71.9093909">
                <ele>655.2</ele>
                <extensions>
                    <osmand:speed>5.6</osmand:speed>
                </extensions>
            </trkpt>
            <trkpt lat="-39.8748091" lon="-71.9092941">
                <ele>656.2</ele>
                <extensions>
                    <osmand:speed>5.6</osmand:speed>
                </extensions>
            </trkpt>
            <trkpt lat="-39.8748729" lon="-71.9091816">
                <ele>657</ele>
                <extensions>
                    <osmand:speed>5.6</osmand:speed>
                </extensions>
            </trkpt>
            <trkpt lat="-39.8749429" lon="-71.909077">
                <ele>657.5</ele>
                <extensions>
                    <osmand:speed>5.6</osmand:speed>
                </extensions>
            </trkpt>
            <trkpt lat="-39.8750211" lon="-71.9089776">
                <ele>658</ele>
                <extensions>
                    <osmand:speed>5.6</osmand:speed>
                </extensions>
            </trkpt>
            <trkpt lat="-39.8751055" lon="-71.9088864">
                <ele>658.5</ele>
                <extensions>
                    <osmand:speed>5.6</osmand:speed>
                </extensions>
            </trkpt>
            <trkpt lat="-39.8760812" lon="-71.9071458">
                <ele>654</ele>
                <extensions>
                    <osmand:speed>5.6</osmand:speed>
                </extensions>
            </trkpt>
            <trkpt lat="-39.8761037" lon="-71.9070895">
                <ele>653.8</ele>
                <extensions>
                    <osmand:speed>5.6</osmand:speed>
                </extensions>
            </trkpt>
            <trkpt lat="-39.8761203" lon="-71.9070303">
                <ele>653.5</ele>
                <extensions>
                    <osmand:speed>5.6</osmand:speed>
                </extensions>
            </trkpt>
            <trkpt lat="-39.8761306" lon="-71.9069688">
                <ele>653.2</ele>
                <extensions>
                    <osmand:speed>5.6</osmand:speed>
                </extensions>
            </trkpt>
            <trkpt lat="-39.8761306" lon="-71.9069018">
                <ele>653</ele>
                <extensions>
                    <osmand:speed>5.6</osmand:speed>
                </extensions>
            </trkpt>
            <trkpt lat="-39.8761244" lon="-71.9068372">
                <ele>652.9</ele>
                <extensions>
                    <osmand:speed>5.6</osmand:speed>
                </extensions>
            </trkpt>
            <trkpt lat="-39.87611" lon="-71.9067755">
                <ele>652.8</ele>
                <extensions>
                    <osmand:speed>5.6</osmand:speed>
                </extensions>
            </trkpt>
            <trkpt lat="-39.8759618" lon="-71.9062471">
                <ele>651</ele>
                <extensions>
                    <osmand:speed>5.6</osmand:speed>
                </extensions>
            </trkpt>
            <trkpt lat="-39.8752556" lon="-71.9039057">
                <ele>646.5</ele>
                <extensions>
                    <osmand:speed>5.6</osmand:speed>
                </extensions>
            </trkpt>
            <trkpt lat="-39.875229" lon="-71.9037607">
                <ele>645.8</ele>
                <extensions>
                    <osmand:speed>5.6</osmand:speed>
                </extensions>
            </trkpt>
            <trkpt lat="-39.8752352" lon="-71.9036938">
                <ele>645.2</ele>
                <extensions>
                    <osmand:speed>5.6</osmand:speed>
                </extensions>
            </trkpt>
            <trkpt lat="-39.8752371" lon="-71.9036239">
                <ele>644.8</ele>
                <extensions>
                    <osmand:speed>5.6</osmand:speed>
                </extensions>
            </trkpt>
            <trkpt lat="-39.8752331" lon="-71.9035571">
                <ele>644.2</ele>
                <extensions>
                    <osmand:speed>5.6</osmand:speed>
                </extensions>
            </trkpt>
            <trkpt lat="-39.8752206" lon="-71.9034898">
                <ele>644</ele>
                <extensions>
                    <osmand:speed>5.6</osmand:speed>
                </extensions>
            </trkpt>
            <trkpt lat="-39.8752043" lon="-71.9034281">
                <ele>643.8</ele>
                <extensions>
                    <osmand:speed>5.6</osmand:speed>
                </extensions>
            </trkpt>
            <trkpt lat="-39.8751774" lon="-71.9033612">
                <ele>643.6</ele>
                <extensions>
                    <osmand:speed>5.6</osmand:speed>
                </extensions>
            </trkpt>
            <trkpt lat="-39.8751446" lon="-71.9032996">
                <ele>643.5</ele>
                <extensions>
                    <osmand:speed>5.6</osmand:speed>
                </extensions>
            </trkpt>
            <trkpt lat="-39.875087" lon="-71.9031706">
                <ele>643.2</ele>
                <extensions>
                    <osmand:speed>5.6</osmand:speed>
                </extensions>
            </trkpt>
            <trkpt lat="-39.8750252" lon="-71.9030043">
                <ele>642.2</ele>
                <extensions>
                    <osmand:speed>5.6</osmand:speed>
                </extensions>
            </trkpt>
            <trkpt lat="-39.8749676" lon="-71.9028382">
                <ele>641</ele>
                <extensions>
                    <osmand:speed>5.6</osmand:speed>
                </extensions>
            </trkpt>
            <trkpt lat="-39.8749182" lon="-71.9026666">
                <ele>640</ele>
                <extensions>
                    <osmand:speed>5.6</osmand:speed>
                </extensions>
            </trkpt>
            <trkpt lat="-39.8748748" lon="-71.902492">
                <ele>639</ele>
                <extensions>
                    <osmand:speed>5.6</osmand:speed>
                </extensions>
            </trkpt>
            <trkpt lat="-39.8748379" lon="-71.902315">
                <ele>637.5</ele>
                <extensions>
                    <osmand:speed>5.6</osmand:speed>
                </extensions>
            </trkpt>
            <trkpt lat="-39.8747741" lon="-71.9020736">
                <ele>634.8</ele>
                <extensions>
                    <osmand:speed>5.6</osmand:speed>
                </extensions>
            </trkpt>
            <trkpt lat="-39.8747391" lon="-71.9019719">
                <ele>634</ele>
                <extensions>
                    <osmand:speed>5.6</osmand:speed>
                </extensions>
            </trkpt>
            <trkpt lat="-39.8746978" lon="-71.9018726">
                <ele>633.5</ele>
                <extensions>
                    <osmand:speed>5.6</osmand:speed>
                </extensions>
            </trkpt>
            <trkpt lat="-39.8746463" lon="-71.9017814">
                <ele>633</ele>
                <extensions>
                    <osmand:speed>5.6</osmand:speed>
                </extensions>
            </trkpt>
            <trkpt lat="-39.8746053" lon="-71.9017142">
                <ele>632.5</ele>
                <extensions>
                    <osmand:speed>5.6</osmand:speed>
                </extensions>
            </trkpt>
            <trkpt lat="-39.8745703" lon="-71.9016446">
                <ele>631.8</ele>
                <extensions>
                    <osmand:speed>5.6</osmand:speed>
                </extensions>
            </trkpt>
            <trkpt lat="-39.8745415" lon="-71.9015695">
                <ele>631</ele>
                <extensions>
                    <osmand:speed>5.6</osmand:speed>
                </extensions>
            </trkpt>
            <trkpt lat="-39.8745187" lon="-71.9014918">
                <ele>630</ele>
                <extensions>
                    <osmand:speed>5.6</osmand:speed>
                </extensions>
            </trkpt>
            <trkpt lat="-39.8745022" lon="-71.9014084">
                <ele>629</ele>
                <extensions>
                    <osmand:speed>5.6</osmand:speed>
                </extensions>
            </trkpt>
            <trkpt lat="-39.8744962" lon="-71.9013521">
                <ele>628.2</ele>
                <extensions>
                    <osmand:speed>5.6</osmand:speed>
                </extensions>
            </trkpt>
            <trkpt lat="-39.874494" lon="-71.9012933">
                <ele>627.5</ele>
                <extensions>
                    <osmand:speed>5.6</osmand:speed>
                </extensions>
            </trkpt>
            <trkpt lat="-39.8744756" lon="-71.9011804">
                <ele>626</ele>
                <extensions>
                    <osmand:speed>5.6</osmand:speed>
                </extensions>
            </trkpt>
            <trkpt lat="-39.8744509" lon="-71.901068">
                <ele>624.5</ele>
                <extensions>
                    <osmand:speed>5.6</osmand:speed>
                </extensions>
            </trkpt>
            <trkpt lat="-39.8744159" lon="-71.9009605">
                <ele>623.2</ele>
                <extensions>
                    <osmand:speed>5.6</osmand:speed>
                </extensions>
            </trkpt>
            <trkpt lat="-39.8743768" lon="-71.9008587">
                <ele>622</ele>
                <extensions>
                    <osmand:speed>5.6</osmand:speed>
                </extensions>
            </trkpt>
            <trkpt lat="-39.8743377" lon="-71.9007781">
                <ele>621</ele>
                <extensions>
                    <osmand:speed>5.6</osmand:speed>
                </extensions>
            </trkpt>
            <trkpt lat="-39.8743068" lon="-71.9006925">
                <ele>620</ele>
                <extensions>
                    <osmand:speed>5.6</osmand:speed>
                </extensions>
            </trkpt>
            <trkpt lat="-39.8742842" lon="-71.9006039">
                <ele>619</ele>
                <extensions>
                    <osmand:speed>5.6</osmand:speed>
                </extensions>
            </trkpt>
            <trkpt lat="-39.8742677" lon="-71.9005101">
                <ele>618</ele>
                <extensions>
                    <osmand:speed>5.6</osmand:speed>
                </extensions>
            </trkpt>
            <trkpt lat="-39.8742595" lon="-71.900416">
                <ele>617</ele>
                <extensions>
                    <osmand:speed>5.6</osmand:speed>
                </extensions>
            </trkpt>
            <trkpt lat="-39.8742614" lon="-71.9003275">
                <ele>616.2</ele>
                <extensions>
                    <osmand:speed>5.6</osmand:speed>
                </extensions>
            </trkpt>
            <trkpt lat="-39.8742533" lon="-71.9002392">
                <ele>615.5</ele>
                <extensions>
                    <osmand:speed>5.6</osmand:speed>
                </extensions>
            </trkpt>
            <trkpt lat="-39.8742367" lon="-71.9001506">
                <ele>615</ele>
                <extensions>
                    <osmand:speed>5.6</osmand:speed>
                </extensions>
            </trkpt>
            <trkpt lat="-39.874212" lon="-71.9000673">
                <ele>614.9</ele>
                <extensions>
                    <osmand:speed>5.6</osmand:speed>
                </extensions>
            </trkpt>
            <trkpt lat="-39.8741792" lon="-71.8999895">
                <ele>614.9</ele>
                <extensions>
                    <osmand:speed>5.6</osmand:speed>
                </extensions>
            </trkpt>
            <trkpt lat="-39.874142" lon="-71.8999227">
                <ele>614.8</ele>
                <extensions>
                    <osmand:speed>5.6</osmand:speed>
                </extensions>
            </trkpt>
            <trkpt lat="-39.8741008" lon="-71.8998636">
                <ele>614.8</ele>
                <extensions>
                    <osmand:speed>5.6</osmand:speed>
                </extensions>
            </trkpt>
            <trkpt lat="-39.8740557" lon="-71.8998125">
                <ele>615</ele>
                <extensions>
                    <osmand:speed>9.7</osmand:speed>
                </extensions>
            </trkpt>
            <trkpt lat="-39.8740742" lon="-71.8997885">
                <ele>614.8</ele>
                <extensions>
                    <osmand:speed>9.7</osmand:speed>
                </extensions>
            </trkpt>
            <trkpt lat="-39.8740845" lon="-71.8997617">
                <ele>614.5</ele>
                <extensions>
                    <osmand:speed>9.7</osmand:speed>
                </extensions>
            </trkpt>
            <trkpt lat="-39.8741276" lon="-71.8995793">
                <ele>614</ele>
                <extensions>
                    <osmand:speed>9.7</osmand:speed>
                </extensions>
            </trkpt>
            <trkpt lat="-39.8737675" lon="-71.899327">
                <ele>616.5</ele>
                <extensions>
                    <osmand:speed>9.7</osmand:speed>
                </extensions>
            </trkpt>
            <trkpt lat="-39.873051" lon="-71.8988469">
                <ele>620.5</ele>
                <extensions>
                    <osmand:speed>9.7</osmand:speed>
                </extensions>
            </trkpt>
            <trkpt lat="-39.872946" lon="-71.8987827">
                <ele>621.8</ele>
                <extensions>
                    <osmand:speed>9.7</osmand:speed>
                </extensions>
            </trkpt>
            <trkpt lat="-39.8728472" lon="-71.8987101">
                <ele>623</ele>
                <extensions>
                    <osmand:speed>9.7</osmand:speed>
                </extensions>
            </trkpt>
            <trkpt lat="-39.8727525" lon="-71.8986272">
                <ele>624</ele>
                <extensions>
                    <osmand:speed>9.7</osmand:speed>
                </extensions>
            </trkpt>
            <trkpt lat="-39.8726621" lon="-71.898536">
                <ele>625</ele>
                <extensions>
                    <osmand:speed>9.7</osmand:speed>
                </extensions>
            </trkpt>
            <trkpt lat="-39.8725777" lon="-71.8984365">
                <ele>626</ele>
                <extensions>
                    <osmand:speed>9.7</osmand:speed>
                </extensions>
            </trkpt>
            <trkpt lat="-39.8725137" lon="-71.898348">
                <ele>627</ele>
                <extensions>
                    <osmand:speed>9.7</osmand:speed>
                </extensions>
            </trkpt>
            <trkpt lat="-39.8724521" lon="-71.8982543">
                <ele>628</ele>
                <extensions>
                    <osmand:speed>9.7</osmand:speed>
                </extensions>
            </trkpt>
            <trkpt lat="-39.8723964" lon="-71.8981549">
                <ele>629</ele>
                <extensions>
                    <osmand:speed>9.7</osmand:speed>
                </extensions>
            </trkpt>
            <trkpt lat="-39.8723449" lon="-71.8980532">
                <ele>629.8</ele>
                <extensions>
                    <osmand:speed>9.7</osmand:speed>
                </extensions>
            </trkpt>
            <trkpt lat="-39.8722998" lon="-71.8979457">
                <ele>630.2</ele>
                <extensions>
                    <osmand:speed>9.7</osmand:speed>
                </extensions>
            </trkpt>
            <trkpt lat="-39.8718488" lon="-71.8968755">
                <ele>636</ele>
                <extensions>
                    <osmand:speed>5.6</osmand:speed>
                </extensions>
            </trkpt>
            <trkpt lat="-39.8718428" lon="-71.8963339">
                <ele>632</ele>
                <extensions>
                    <osmand:speed>5.6</osmand:speed>
                </extensions>
            </trkpt>
            <trkpt lat="-39.8718778" lon="-71.8959689">
                <ele>630.5</ele>
                <extensions>
                    <osmand:speed>5.6</osmand:speed>
                </extensions>
            </trkpt>
            <trkpt lat="-39.871956" lon="-71.8953897">
                <ele>629.8</ele>
                <extensions>
                    <osmand:speed>5.6</osmand:speed>
                </extensions>
            </trkpt>
            <trkpt lat="-39.8720404" lon="-71.894813">
                <ele>628.8</ele>
                <extensions>
                    <osmand:speed>5.6</osmand:speed>
                </extensions>
            </trkpt>
            <trkpt lat="-39.8721145" lon="-71.8943515">
                <ele>627.2</ele>
                <extensions>
                    <osmand:speed>5.6</osmand:speed>
                </extensions>
            </trkpt>
            <trkpt lat="-39.8721948" lon="-71.8938957">
                <ele>626.8</ele>
                <extensions>
                    <osmand:speed>5.6</osmand:speed>
                </extensions>
            </trkpt>
            <trkpt lat="-39.8722276" lon="-71.8937107">
                <ele>626.5</ele>
                <extensions>
                    <osmand:speed>5.6</osmand:speed>
                </extensions>
            </trkpt>
            <trkpt lat="-39.8722545" lon="-71.8935254">
                <ele>625.8</ele>
                <extensions>
                    <osmand:speed>5.6</osmand:speed>
                </extensions>
            </trkpt>
            <trkpt lat="-39.8722708" lon="-71.8933378">
                <ele>625.5</ele>
                <extensions>
                    <osmand:speed>5.6</osmand:speed>
                </extensions>
            </trkpt>
            <trkpt lat="-39.872277" lon="-71.8931499">
                <ele>625.2</ele>
                <extensions>
                    <osmand:speed>5.6</osmand:speed>
                </extensions>
            </trkpt>
            <trkpt lat="-39.8722751" lon="-71.8929623">
                <ele>624</ele>
                <extensions>
                    <osmand:speed>5.6</osmand:speed>
                </extensions>
            </trkpt>
            <trkpt lat="-39.8722689" lon="-71.8928173">
                <ele>623</ele>
                <extensions>
                    <osmand:speed>5.6</osmand:speed>
                </extensions>
            </trkpt>
            <trkpt lat="-39.8722564" lon="-71.8926753">
                <ele>622</ele>
                <extensions>
                    <osmand:speed>5.6</osmand:speed>
                </extensions>
            </trkpt>
            <trkpt lat="-39.8722379" lon="-71.892533">
                <ele>621</ele>
                <extensions>
                    <osmand:speed>5.6</osmand:speed>
                </extensions>
            </trkpt>
            <trkpt lat="-39.8722092" lon="-71.892104">
                <ele>618</ele>
                <extensions>
                    <osmand:speed>5.6</osmand:speed>
                </extensions>
            </trkpt>
            <trkpt lat="-39.8721926" lon="-71.8917122">
                <ele>615.2</ele>
                <extensions>
                    <osmand:speed>5.6</osmand:speed>
                </extensions>
            </trkpt>
            <trkpt lat="-39.8721845" lon="-71.8913206">
                <ele>614</ele>
                <extensions>
                    <osmand:speed>5.6</osmand:speed>
                </extensions>
            </trkpt>
            <trkpt lat="-39.8721804" lon="-71.8911999">
                <ele>613.5</ele>
                <extensions>
                    <osmand:speed>5.6</osmand:speed>
                </extensions>
            </trkpt>
            <trkpt lat="-39.8721823" lon="-71.8910767">
                <ele>613</ele>
                <extensions>
                    <osmand:speed>5.6</osmand:speed>
                </extensions>
            </trkpt>
            <trkpt lat="-39.8721948" lon="-71.8909534">
                <ele>612.5</ele>
                <extensions>
                    <osmand:speed>5.6</osmand:speed>
                </extensions>
            </trkpt>
            <trkpt lat="-39.8722132" lon="-71.8908327">
                <ele>612</ele>
                <extensions>
                    <osmand:speed>5.6</osmand:speed>
                </extensions>
            </trkpt>
            <trkpt lat="-39.8722401" lon="-71.8907171">
                <ele>611.5</ele>
                <extensions>
                    <osmand:speed>5.6</osmand:speed>
                </extensions>
            </trkpt>
            <trkpt lat="-39.872273" lon="-71.89061">
                <ele>611</ele>
                <extensions>
                    <osmand:speed>5.6</osmand:speed>
                </extensions>
            </trkpt>
            <trkpt lat="-39.8723101" lon="-71.8905079">
                <ele>610.5</ele>
                <extensions>
                    <osmand:speed>5.6</osmand:speed>
                </extensions>
            </trkpt>
            <trkpt lat="-39.8723533" lon="-71.8904089">
                <ele>610</ele>
                <extensions>
                    <osmand:speed>16.4</osmand:speed>
                </extensions>
            </trkpt>
            <trkpt lat="-39.8722667" lon="-71.8903525">
                <ele>610</ele>
                <extensions>
                    <osmand:speed>16.4</osmand:speed>
                </extensions>
            </trkpt>
            <trkpt lat="-39.8721823" lon="-71.8902826">
                <ele>610</ele>
                <extensions>
                    <osmand:speed>16.4</osmand:speed>
                </extensions>
            </trkpt>
            <trkpt lat="-39.872102" lon="-71.8902048">
                <ele>610</ele>
                <extensions>
                    <osmand:speed>16.4</osmand:speed>
                </extensions>
            </trkpt>
            <trkpt lat="-39.8720485" lon="-71.8901458">
                <ele>610</ele>
                <extensions>
                    <osmand:speed>16.4</osmand:speed>
                </extensions>
            </trkpt>
            <trkpt lat="-39.8719807" lon="-71.8900707">
                <ele>610</ele>
                <extensions>
                    <osmand:speed>16.4</osmand:speed>
                </extensions>
            </trkpt>
            <trkpt lat="-39.8721948" lon="-71.8891482">
                <ele>607</ele>
                <extensions>
                    <osmand:speed>16.4</osmand:speed>
                </extensions>
            </trkpt>
            <trkpt lat="-39.8721288" lon="-71.8889792">
                <ele>606</ele>
                <extensions>
                    <osmand:speed>16.4</osmand:speed>
                </extensions>
            </trkpt>
            <trkpt lat="-39.871921" lon="-71.8884535">
                <ele>606</ele>
                <extensions>
                    <osmand:speed>5.6</osmand:speed>
                </extensions>
            </trkpt>
            <trkpt lat="-39.8719725" lon="-71.887952">
                <ele>606</ele>
                <extensions>
                    <osmand:speed>5.6</osmand:speed>
                </extensions>
            </trkpt>
            <trkpt lat="-39.8721123" lon="-71.8873377">
                <ele>606</ele>
                <extensions>
                    <osmand:speed>5.6</osmand:speed>
                </extensions>
            </trkpt>
            <trkpt lat="-39.872242" lon="-71.8868601">
                <ele>606</ele>
                <extensions>
                    <osmand:speed>5.6</osmand:speed>
                </extensions>
            </trkpt>
            <trkpt lat="-39.8725365" lon="-71.8858303">
                <ele>606</ele>
                <extensions>
                    <osmand:speed>5.6</osmand:speed>
                </extensions>
            </trkpt>
            <trkpt lat="-39.872841" lon="-71.8847896">
                <ele>606</ele>
                <extensions>
                    <osmand:speed>5.6</osmand:speed>
                </extensions>
            </trkpt>
            <trkpt lat="-39.8729954" lon="-71.8842639">
                <ele>606</ele>
                <extensions>
                    <osmand:speed>5.6</osmand:speed>
                </extensions>
            </trkpt>
            <trkpt lat="-39.8731539" lon="-71.8837541">
                <ele>606</ele>
                <extensions>
                    <osmand:speed>5.6</osmand:speed>
                </extensions>
            </trkpt>
            <trkpt lat="-39.8733208" lon="-71.88325">
                <ele>606</ele>
                <extensions>
                    <osmand:speed>5.6</osmand:speed>
                </extensions>
            </trkpt>
            <trkpt lat="-39.8734937" lon="-71.8827512">
                <ele>606</ele>
                <extensions>
                    <osmand:speed>5.6</osmand:speed>
                </extensions>
            </trkpt>
            <trkpt lat="-39.8736728" lon="-71.8822549">
                <ele>606</ele>
                <extensions>
                    <osmand:speed>5.6</osmand:speed>
                </extensions>
            </trkpt>
            <trkpt lat="-39.8740989" lon="-71.8814556">
                <ele>606</ele>
                <extensions>
                    <osmand:speed>5.6</osmand:speed>
                </extensions>
            </trkpt>
            <trkpt lat="-39.8776641" lon="-71.8746936">
                <ele>606</ele>
                <extensions>
                    <osmand:speed>5.6</osmand:speed>
                </extensions>
            </trkpt>
            <trkpt lat="-39.8789403" lon="-71.8720786">
                <ele>606</ele>
                <extensions>
                    <osmand:speed>5.6</osmand:speed>
                </extensions>
            </trkpt>
            <trkpt lat="-39.8799528" lon="-71.8699865">
                <ele>606</ele>
                <extensions>
                    <osmand:speed>5.6</osmand:speed>
                </extensions>
            </trkpt>
            <trkpt lat="-39.8807207" lon="-71.8681626">
                <ele>606</ele>
                <extensions>
                    <osmand:speed>5.6</osmand:speed>
                </extensions>
            </trkpt>
            <trkpt lat="-39.88119" lon="-71.8668535">
                <ele>606</ele>
                <extensions>
                    <osmand:speed>5.6</osmand:speed>
                </extensions>
            </trkpt>
            <trkpt lat="-39.8815255" lon="-71.8658316">
                <ele>606</ele>
                <extensions>
                    <osmand:speed>5.6</osmand:speed>
                </extensions>
            </trkpt>
            <trkpt lat="-39.8817313" lon="-71.865212">
                <ele>606</ele>
                <extensions>
                    <osmand:speed>5.6</osmand:speed>
                </extensions>
            </trkpt>
            <trkpt lat="-39.8820956" lon="-71.8637824">
                <ele>606</ele>
                <extensions>
                    <osmand:speed>5.6</osmand:speed>
                </extensions>
            </trkpt>
            <trkpt lat="-39.8822829" lon="-71.8625593">
                <ele>606</ele>
                <extensions>
                    <osmand:speed>5.6</osmand:speed>
                </extensions>
            </trkpt>
            <trkpt lat="-39.8823241" lon="-71.861701">
                <ele>606</ele>
                <extensions>
                    <osmand:speed>5.6</osmand:speed>
                </extensions>
            </trkpt>
            <trkpt lat="-39.8823488" lon="-71.8607275">
                <ele>606</ele>
                <extensions>
                    <osmand:speed>5.6</osmand:speed>
                </extensions>
            </trkpt>
            <trkpt lat="-39.8823179" lon="-71.8597619">
                <ele>606</ele>
                <extensions>
                    <osmand:speed>5.6</osmand:speed>
                </extensions>
            </trkpt>
            <trkpt lat="-39.8815193" lon="-71.8541829">
                <ele>606</ele>
                <extensions>
                    <osmand:speed>5.6</osmand:speed>
                </extensions>
            </trkpt>
            <trkpt lat="-39.8808442" lon="-71.8495908">
                <ele>606</ele>
                <extensions>
                    <osmand:speed>5.6</osmand:speed>
                </extensions>
            </trkpt>
            <trkpt lat="-39.8807022" lon="-71.8483999">
                <ele>606</ele>
                <extensions>
                    <osmand:speed>5.6</osmand:speed>
                </extensions>
            </trkpt>
            <trkpt lat="-39.8805972" lon="-71.846745">
                <ele>606</ele>
                <extensions>
                    <osmand:speed>5.6</osmand:speed>
                </extensions>
            </trkpt>
            <trkpt lat="-39.8805375" lon="-71.8460932">
                <ele>606</ele>
                <extensions>
                    <osmand:speed>5.6</osmand:speed>
                </extensions>
            </trkpt>
            <trkpt lat="-39.8805293" lon="-71.8448272">
                <ele>606</ele>
                <extensions>
                    <osmand:speed>5.6</osmand:speed>
                </extensions>
            </trkpt>
            <trkpt lat="-39.8805478" lon="-71.84413">
                <ele>606</ele>
                <extensions>
                    <osmand:speed>5.6</osmand:speed>
                </extensions>
            </trkpt>
            <trkpt lat="-39.8806713" lon="-71.8429711">
                <ele>606</ele>
                <extensions>
                    <osmand:speed>5.6</osmand:speed>
                </extensions>
            </trkpt>
            <trkpt lat="-39.8807742" lon="-71.8424832">
                <ele>606</ele>
                <extensions>
                    <osmand:speed>5.6</osmand:speed>
                </extensions>
            </trkpt>
            <trkpt lat="-39.880908" lon="-71.8420889">
                <ele>606</ele>
                <extensions>
                    <osmand:speed>5.6</osmand:speed>
                </extensions>
            </trkpt>
            <trkpt lat="-39.8810478" lon="-71.8416999">
                <ele>606</ele>
                <extensions>
                    <osmand:speed>5.6</osmand:speed>
                </extensions>
            </trkpt>
            <trkpt lat="-39.8811981" lon="-71.8413162">
                <ele>606</ele>
                <extensions>
                    <osmand:speed>5.6</osmand:speed>
                </extensions>
            </trkpt>
            <trkpt lat="-39.8813567" lon="-71.8409353">
                <ele>606</ele>
                <extensions>
                    <osmand:speed>5.6</osmand:speed>
                </extensions>
            </trkpt>
            <trkpt lat="-39.8815255" lon="-71.8405598">
                <ele>606</ele>
                <extensions>
                    <osmand:speed>5.6</osmand:speed>
                </extensions>
            </trkpt>
            <trkpt lat="-39.8817003" lon="-71.8401899">
                <ele>606</ele>
                <extensions>
                    <osmand:speed>5.6</osmand:speed>
                </extensions>
            </trkpt>
            <trkpt lat="-39.8818857" lon="-71.8398304">
                <ele>606</ele>
                <extensions>
                    <osmand:speed>5.6</osmand:speed>
                </extensions>
            </trkpt>
            <trkpt lat="-39.8820771" lon="-71.8394735">
                <ele>606</ele>
                <extensions>
                    <osmand:speed>5.6</osmand:speed>
                </extensions>
            </trkpt>
            <trkpt lat="-39.8822766" lon="-71.8391275">
                <ele>606</ele>
                <extensions>
                    <osmand:speed>5.6</osmand:speed>
                </extensions>
            </trkpt>
            <trkpt lat="-39.8824845" lon="-71.8387869">
                <ele>606</ele>
                <extensions>
                    <osmand:speed>5.6</osmand:speed>
                </extensions>
            </trkpt>
            <trkpt lat="-39.8826987" lon="-71.8384572">
                <ele>606</ele>
                <extensions>
                    <osmand:speed>5.6</osmand:speed>
                </extensions>
            </trkpt>
            <trkpt lat="-39.8829208" lon="-71.8381324">
                <ele>606</ele>
                <extensions>
                    <osmand:speed>5.6</osmand:speed>
                </extensions>
            </trkpt>
            <trkpt lat="-39.8831515" lon="-71.8378186">
                <ele>606</ele>
                <extensions>
                    <osmand:speed>5.6</osmand:speed>
                </extensions>
            </trkpt>
            <trkpt lat="-39.8833882" lon="-71.837513">
                <ele>606</ele>
                <extensions>
                    <osmand:speed>5.6</osmand:speed>
                </extensions>
            </trkpt>
            <trkpt lat="-39.8836309" lon="-71.8372151">
                <ele>606</ele>
                <extensions>
                    <osmand:speed>5.6</osmand:speed>
                </extensions>
            </trkpt>
            <trkpt lat="-39.8838801" lon="-71.8369281">
                <ele>606</ele>
                <extensions>
                    <osmand:speed>5.6</osmand:speed>
                </extensions>
            </trkpt>
            <trkpt lat="-39.8926309" lon="-71.8262343">
                <ele>606</ele>
                <extensions>
                    <osmand:speed>5.6</osmand:speed>
                </extensions>
            </trkpt>
            <trkpt lat="-39.8940982" lon="-71.8243031">
                <ele>606</ele>
                <extensions>
                    <osmand:speed>5.6</osmand:speed>
                </extensions>
            </trkpt>
            <trkpt lat="-39.8957095" lon="-71.8220499">
                <ele>606</ele>
                <extensions>
                    <osmand:speed>5.6</osmand:speed>
                </extensions>
            </trkpt>
            <trkpt lat="-39.9021646" lon="-71.8126675">
                <ele>606</ele>
                <extensions>
                    <osmand:speed>5.6</osmand:speed>
                </extensions>
            </trkpt>
            <trkpt lat="-39.9024403" lon="-71.8122707">
                <ele>606</ele>
                <extensions>
                    <osmand:speed>5.6</osmand:speed>
                </extensions>
            </trkpt>
            <trkpt lat="-39.9027222" lon="-71.8118791">
                <ele>606</ele>
                <extensions>
                    <osmand:speed>5.6</osmand:speed>
                </extensions>
            </trkpt>
            <trkpt lat="-39.9030101" lon="-71.8114981">
                <ele>606</ele>
                <extensions>
                    <osmand:speed>5.6</osmand:speed>
                </extensions>
            </trkpt>
            <trkpt lat="-39.9033045" lon="-71.8111228">
                <ele>606</ele>
                <extensions>
                    <osmand:speed>5.6</osmand:speed>
                </extensions>
            </trkpt>
            <trkpt lat="-39.9036049" lon="-71.8107578">
                <ele>606</ele>
                <extensions>
                    <osmand:speed>5.6</osmand:speed>
                </extensions>
            </trkpt>
            <trkpt lat="-39.9039134" lon="-71.8103986">
                <ele>606</ele>
                <extensions>
                    <osmand:speed>5.6</osmand:speed>
                </extensions>
            </trkpt>
            <trkpt lat="-39.9042263" lon="-71.8100497">
                <ele>606</ele>
                <extensions>
                    <osmand:speed>5.6</osmand:speed>
                </extensions>
            </trkpt>
            <trkpt lat="-39.9045451" lon="-71.8097092">
                <ele>606</ele>
                <extensions>
                    <osmand:speed>5.6</osmand:speed>
                </extensions>
            </trkpt>
            <trkpt lat="-39.9048703" lon="-71.8093766">
                <ele>606</ele>
                <extensions>
                    <osmand:speed>5.6</osmand:speed>
                </extensions>
            </trkpt>
            <trkpt lat="-39.9051994" lon="-71.8090546">
                <ele>606</ele>
                <extensions>
                    <osmand:speed>5.6</osmand:speed>
                </extensions>
            </trkpt>
            <trkpt lat="-39.9055349" lon="-71.808741">
                <ele>606</ele>
                <extensions>
                    <osmand:speed>5.6</osmand:speed>
                </extensions>
            </trkpt>
            <trkpt lat="-39.9058744" lon="-71.8084377">
                <ele>606</ele>
                <extensions>
                    <osmand:speed>5.6</osmand:speed>
                </extensions>
            </trkpt>
            <trkpt lat="-39.9062199" lon="-71.8081453">
                <ele>606</ele>
                <extensions>
                    <osmand:speed>5.6</osmand:speed>
                </extensions>
            </trkpt>
            <trkpt lat="-39.9065697" lon="-71.807861">
                <ele>606</ele>
                <extensions>
                    <osmand:speed>5.6</osmand:speed>
                </extensions>
            </trkpt>
            <trkpt lat="-39.9069236" lon="-71.8075849">
                <ele>606</ele>
                <extensions>
                    <osmand:speed>5.6</osmand:speed>
                </extensions>
            </trkpt>
            <trkpt lat="-39.9072838" lon="-71.8073219">
                <ele>606</ele>
                <extensions>
                    <osmand:speed>5.6</osmand:speed>
                </extensions>
            </trkpt>
            <trkpt lat="-39.9076478" lon="-71.8070673">
                <ele>606</ele>
                <extensions>
                    <osmand:speed>5.6</osmand:speed>
                </extensions>
            </trkpt>
            <trkpt lat="-39.9080142" lon="-71.806823">
                <ele>606</ele>
                <extensions>
                    <osmand:speed>5.6</osmand:speed>
                </extensions>
            </trkpt>
            <trkpt lat="-39.908724" lon="-71.8063831">
                <ele>606</ele>
                <extensions>
                    <osmand:speed>5.6</osmand:speed>
                </extensions>
            </trkpt>
            <trkpt lat="-39.9173894" lon="-71.8015339">
                <ele>606</ele>
                <extensions>
                    <osmand:speed>5.6</osmand:speed>
                </extensions>
            </trkpt>
            <trkpt lat="-39.9177842" lon="-71.8012791">
                <ele>606</ele>
                <extensions>
                    <osmand:speed>5.6</osmand:speed>
                </extensions>
            </trkpt>
            <trkpt lat="-39.9181752" lon="-71.8010108">
                <ele>606</ele>
                <extensions>
                    <osmand:speed>5.6</osmand:speed>
                </extensions>
            </trkpt>
            <trkpt lat="-39.9185618" lon="-71.8007317">
                <ele>606</ele>
                <extensions>
                    <osmand:speed>5.6</osmand:speed>
                </extensions>
            </trkpt>
            <trkpt lat="-39.9189446" lon="-71.8004447">
                <ele>606</ele>
                <extensions>
                    <osmand:speed>5.6</osmand:speed>
                </extensions>
            </trkpt>
            <trkpt lat="-39.9193209" lon="-71.8001443">
                <ele>606</ele>
                <extensions>
                    <osmand:speed>5.6</osmand:speed>
                </extensions>
            </trkpt>
            <trkpt lat="-39.9196934" lon="-71.799836">
                <ele>606</ele>
                <extensions>
                    <osmand:speed>5.6</osmand:speed>
                </extensions>
            </trkpt>
            <trkpt lat="-39.9200594" lon="-71.7995142">
                <ele>606</ele>
                <extensions>
                    <osmand:speed>5.6</osmand:speed>
                </extensions>
            </trkpt>
            <trkpt lat="-39.9204194" lon="-71.7991843">
                <ele>606</ele>
                <extensions>
                    <osmand:speed>5.6</osmand:speed>
                </extensions>
            </trkpt>
            <trkpt lat="-39.9207754" lon="-71.7988434">
                <ele>606</ele>
                <extensions>
                    <osmand:speed>5.6</osmand:speed>
                </extensions>
            </trkpt>
            <trkpt lat="-39.9211251" lon="-71.7984922">
                <ele>606</ele>
                <extensions>
                    <osmand:speed>5.6</osmand:speed>
                </extensions>
            </trkpt>
            <trkpt lat="-39.9214707" lon="-71.7981328">
                <ele>606</ele>
                <extensions>
                    <osmand:speed>5.6</osmand:speed>
                </extensions>
            </trkpt>
            <trkpt lat="-39.9218079" lon="-71.7977625">
                <ele>606</ele>
                <extensions>
                    <osmand:speed>5.6</osmand:speed>
                </extensions>
            </trkpt>
            <trkpt lat="-39.9221391" lon="-71.7973843">
                <ele>606</ele>
                <extensions>
                    <osmand:speed>5.6</osmand:speed>
                </extensions>
            </trkpt>
            <trkpt lat="-39.9224663" lon="-71.7969954">
                <ele>606</ele>
                <extensions>
                    <osmand:speed>5.6</osmand:speed>
                </extensions>
            </trkpt>
            <trkpt lat="-39.9228921" lon="-71.7965798">
                <ele>606</ele>
                <extensions>
                    <osmand:speed>5.6</osmand:speed>
                </extensions>
            </trkpt>
            <trkpt lat="-39.9233138" lon="-71.7960648">
                <ele>606</ele>
                <extensions>
                    <osmand:speed>5.6</osmand:speed>
                </extensions>
            </trkpt>
            <trkpt lat="-39.9237581" lon="-71.795496">
                <ele>606</ele>
                <extensions>
                    <osmand:speed>5.6</osmand:speed>
                </extensions>
            </trkpt>
            <trkpt lat="-39.9241345" lon="-71.794949">
                <ele>606</ele>
                <extensions>
                    <osmand:speed>5.6</osmand:speed>
                </extensions>
            </trkpt>
            <trkpt lat="-39.924622" lon="-71.7941871">
                <ele>606</ele>
                <extensions>
                    <osmand:speed>5.6</osmand:speed>
                </extensions>
            </trkpt>
            <trkpt lat="-39.9252864" lon="-71.7932966">
                <ele>606</ele>
                <extensions>
                    <osmand:speed>5.6</osmand:speed>
                </extensions>
            </trkpt>
            <trkpt lat="-39.9255826" lon="-71.7928138">
                <ele>606</ele>
                <extensions>
                    <osmand:speed>5.6</osmand:speed>
                </extensions>
            </trkpt>
            <trkpt lat="-39.9260516" lon="-71.7920306">
                <ele>606</ele>
                <extensions>
                    <osmand:speed>5.6</osmand:speed>
                </extensions>
            </trkpt>
            <trkpt lat="-39.9263663" lon="-71.791352">
                <ele>606</ele>
                <extensions>
                    <osmand:speed>5.6</osmand:speed>
                </extensions>
            </trkpt>
            <trkpt lat="-39.9267756" lon="-71.7906253">
                <ele>606</ele>
                <extensions>
                    <osmand:speed>5.6</osmand:speed>
                </extensions>
            </trkpt>
            <trkpt lat="-39.9271397" lon="-71.7897668">
                <ele>606</ele>
                <extensions>
                    <osmand:speed>5.6</osmand:speed>
                </extensions>
            </trkpt>
            <trkpt lat="-39.9274009" lon="-71.7889516">
                <ele>606</ele>
                <extensions>
                    <osmand:speed>5.6</osmand:speed>
                </extensions>
            </trkpt>
            <trkpt lat="-39.9277876" lon="-71.7877285">
                <ele>606</ele>
                <extensions>
                    <osmand:speed>5.6</osmand:speed>
                </extensions>
            </trkpt>
            <trkpt lat="-39.9280754" lon="-71.7864382">
                <ele>606</ele>
                <extensions>
                    <osmand:speed>5.6</osmand:speed>
                </extensions>
            </trkpt>
            <trkpt lat="-39.9283469" lon="-71.7851722">
                <ele>606</ele>
                <extensions>
                    <osmand:speed>5.6</osmand:speed>
                </extensions>
            </trkpt>
            <trkpt lat="-39.9286926" lon="-71.7836487">
                <ele>606</ele>
                <extensions>
                    <osmand:speed>5.6</osmand:speed>
                </extensions>
            </trkpt>
            <trkpt lat="-39.9288654" lon="-71.7826645">
                <ele>606</ele>
                <extensions>
                    <osmand:speed>5.6</osmand:speed>
                </extensions>
            </trkpt>
            <trkpt lat="-39.9292274" lon="-71.7805588">
                <ele>606</ele>
                <extensions>
                    <osmand:speed>5.6</osmand:speed>
                </extensions>
            </trkpt>
            <trkpt lat="-39.9295503" lon="-71.7775574">
                <ele>606</ele>
                <extensions>
                    <osmand:speed>5.6</osmand:speed>
                </extensions>
            </trkpt>
            <trkpt lat="-39.9297951" lon="-71.7746606">
                <ele>606</ele>
                <extensions>
                    <osmand:speed>5.6</osmand:speed>
                </extensions>
            </trkpt>
            <trkpt lat="-39.9300357" lon="-71.7715707">
                <ele>606</ele>
                <extensions>
                    <osmand:speed>5.6</osmand:speed>
                </extensions>
            </trkpt>
            <trkpt lat="-39.9302063" lon="-71.768285">
                <ele>606</ele>
                <extensions>
                    <osmand:speed>5.6</osmand:speed>
                </extensions>
            </trkpt>
            <trkpt lat="-39.9302229" lon="-71.7678961">
                <ele>606</ele>
                <extensions>
                    <osmand:speed>5.6</osmand:speed>
                </extensions>
            </trkpt>
            <trkpt lat="-39.9302474" lon="-71.7675074">
                <ele>606</ele>
                <extensions>
                    <osmand:speed>5.6</osmand:speed>
                </extensions>
            </trkpt>
            <trkpt lat="-39.9302824" lon="-71.7671211">
                <ele>606</ele>
                <extensions>
                    <osmand:speed>5.6</osmand:speed>
                </extensions>
            </trkpt>
            <trkpt lat="-39.9303256" lon="-71.7667374">
                <ele>606</ele>
                <extensions>
                    <osmand:speed>5.6</osmand:speed>
                </extensions>
            </trkpt>
            <trkpt lat="-39.930377" lon="-71.7663538">
                <ele>606</ele>
                <extensions>
                    <osmand:speed>5.6</osmand:speed>
                </extensions>
            </trkpt>
            <trkpt lat="-39.9304224" lon="-71.7658415">
                <ele>606</ele>
                <extensions>
                    <osmand:speed>5.6</osmand:speed>
                </extensions>
            </trkpt>
            <trkpt lat="-39.930552" lon="-71.76486">
                <ele>606</ele>
                <extensions>
                    <osmand:speed>5.6</osmand:speed>
                </extensions>
            </trkpt>
            <trkpt lat="-39.9306548" lon="-71.7643502">
                <ele>606</ele>
                <extensions>
                    <osmand:speed>5.6</osmand:speed>
                </extensions>
            </trkpt>
            <trkpt lat="-39.930842" lon="-71.7633685">
                <ele>606</ele>
                <extensions>
                    <osmand:speed>5.6</osmand:speed>
                </extensions>
            </trkpt>
            <trkpt lat="-39.9310065" lon="-71.7628026">
                <ele>606</ele>
                <extensions>
                    <osmand:speed>5.6</osmand:speed>
                </extensions>
            </trkpt>
            <trkpt lat="-39.9311277" lon="-71.7624941">
                <ele>606</ele>
                <extensions>
                    <osmand:speed>5.6</osmand:speed>
                </extensions>
            </trkpt>
            <trkpt lat="-39.9314158" lon="-71.7619845">
                <ele>606</ele>
                <extensions>
                    <osmand:speed>5.6</osmand:speed>
                </extensions>
            </trkpt>
            <trkpt lat="-39.931712" lon="-71.7614804">
                <ele>606</ele>
                <extensions>
                    <osmand:speed>5.6</osmand:speed>
                </extensions>
            </trkpt>
            <trkpt lat="-39.9319485" lon="-71.7611961">
                <ele>606</ele>
                <extensions>
                    <osmand:speed>5.6</osmand:speed>
                </extensions>
            </trkpt>
            <trkpt lat="-39.9321295" lon="-71.7609116">
                <ele>606</ele>
                <extensions>
                    <osmand:speed>5.6</osmand:speed>
                </extensions>
            </trkpt>
            <trkpt lat="-39.9325676" lon="-71.7604532">
                <ele>606</ele>
                <extensions>
                    <osmand:speed>5.6</osmand:speed>
                </extensions>
            </trkpt>
            <trkpt lat="-39.9328432" lon="-71.7601794">
                <ele>606</ele>
                <extensions>
                    <osmand:speed>5.6</osmand:speed>
                </extensions>
            </trkpt>
            <trkpt lat="-39.9333738" lon="-71.7597906">
                <ele>606</ele>
                <extensions>
                    <osmand:speed>5.6</osmand:speed>
                </extensions>
            </trkpt>
            <trkpt lat="-39.9339579" lon="-71.7593801">
                <ele>606</ele>
                <extensions>
                    <osmand:speed>5.6</osmand:speed>
                </extensions>
            </trkpt>
            <trkpt lat="-39.9346654" lon="-71.758908">
                <ele>606</ele>
                <extensions>
                    <osmand:speed>5.6</osmand:speed>
                </extensions>
            </trkpt>
            <trkpt lat="-39.9489474" lon="-71.7497806">
                <ele>606</ele>
                <extensions>
                    <osmand:speed>5.6</osmand:speed>
                </extensions>
            </trkpt>
            <trkpt lat="-39.9520152" lon="-71.7480209">
                <ele>606</ele>
                <extensions>
                    <osmand:speed>5.6</osmand:speed>
                </extensions>
            </trkpt>
            <trkpt lat="-39.9539048" lon="-71.7468917">
                <ele>606</ele>
                <extensions>
                    <osmand:speed>5.6</osmand:speed>
                </extensions>
            </trkpt>
            <trkpt lat="-39.9554016" lon="-71.7461219">
                <ele>606</ele>
                <extensions>
                    <osmand:speed>5.6</osmand:speed>
                </extensions>
            </trkpt>
            <trkpt lat="-39.9562917" lon="-71.7456284">
                <ele>606</ele>
                <extensions>
                    <osmand:speed>5.6</osmand:speed>
                </extensions>
            </trkpt>
            <trkpt lat="-39.9571451" lon="-71.7452558">
                <ele>606</ele>
                <extensions>
                    <osmand:speed>5.6</osmand:speed>
                </extensions>
            </trkpt>
            <trkpt lat="-39.9580024" lon="-71.7448937">
                <ele>606</ele>
                <extensions>
                    <osmand:speed>5.6</osmand:speed>
                </extensions>
            </trkpt>
            <trkpt lat="-39.9588637" lon="-71.7445448">
                <ele>606</ele>
                <extensions>
                    <osmand:speed>5.6</osmand:speed>
                </extensions>
            </trkpt>
            <trkpt lat="-39.9597272" lon="-71.7442068">
                <ele>606</ele>
                <extensions>
                    <osmand:speed>5.6</osmand:speed>
                </extensions>
            </trkpt>
            <trkpt lat="-39.9605927" lon="-71.7438825">
                <ele>606</ele>
                <extensions>
                    <osmand:speed>5.6</osmand:speed>
                </extensions>
            </trkpt>
            <trkpt lat="-39.9614603" lon="-71.7435686">
                <ele>606</ele>
                <extensions>
                    <osmand:speed>5.6</osmand:speed>
                </extensions>
            </trkpt>
            <trkpt lat="-39.9623321" lon="-71.7432656">
                <ele>606</ele>
                <extensions>
                    <osmand:speed>5.6</osmand:speed>
                </extensions>
            </trkpt>
            <trkpt lat="-39.9632038" lon="-71.742973">
                <ele>606</ele>
                <extensions>
                    <osmand:speed>5.6</osmand:speed>
                </extensions>
            </trkpt>
            <trkpt lat="-39.9640794" lon="-71.7426969">
                <ele>606</ele>
                <extensions>
                    <osmand:speed>5.6</osmand:speed>
                </extensions>
            </trkpt>
            <trkpt lat="-39.9649572" lon="-71.7424285">
                <ele>606</ele>
                <extensions>
                    <osmand:speed>5.6</osmand:speed>
                </extensions>
            </trkpt>
            <trkpt lat="-39.9658372" lon="-71.7421737">
                <ele>606</ele>
                <extensions>
                    <osmand:speed>5.6</osmand:speed>
                </extensions>
            </trkpt>
            <trkpt lat="-39.9667191" lon="-71.7419323">
                <ele>606</ele>
                <extensions>
                    <osmand:speed>5.6</osmand:speed>
                </extensions>
            </trkpt>
            <trkpt lat="-39.967601" lon="-71.7417018">
                <ele>606</ele>
                <extensions>
                    <osmand:speed>5.6</osmand:speed>
                </extensions>
            </trkpt>
            <trkpt lat="-39.9684027" lon="-71.7415033">
                <ele>606</ele>
                <extensions>
                    <osmand:speed>5.6</osmand:speed>
                </extensions>
            </trkpt>
            <trkpt lat="-39.9692044" lon="-71.7413127">
                <ele>606</ele>
                <extensions>
                    <osmand:speed>5.6</osmand:speed>
                </extensions>
            </trkpt>
            <trkpt lat="-39.970008" lon="-71.7411357">
                <ele>606</ele>
                <extensions>
                    <osmand:speed>5.6</osmand:speed>
                </extensions>
            </trkpt>
            <trkpt lat="-39.9708117" lon="-71.7409667">
                <ele>606</ele>
                <extensions>
                    <osmand:speed>5.6</osmand:speed>
                </extensions>
            </trkpt>
            <trkpt lat="-39.9716175" lon="-71.7408058">
                <ele>606</ele>
                <extensions>
                    <osmand:speed>5.6</osmand:speed>
                </extensions>
            </trkpt>
            <trkpt lat="-39.9724234" lon="-71.7406585">
                <ele>606</ele>
                <extensions>
                    <osmand:speed>5.6</osmand:speed>
                </extensions>
            </trkpt>
            <trkpt lat="-39.9732311" lon="-71.7405188">
                <ele>606</ele>
                <extensions>
                    <osmand:speed>5.6</osmand:speed>
                </extensions>
            </trkpt>
            <trkpt lat="-40.0169397" lon="-71.7341056">
                <ele>606</ele>
                <extensions>
                    <osmand:speed>5.6</osmand:speed>
                </extensions>
            </trkpt>
            <trkpt lat="-40.0176977" lon="-71.7339742">
                <ele>606</ele>
                <extensions>
                    <osmand:speed>5.6</osmand:speed>
                </extensions>
            </trkpt>
            <trkpt lat="-40.0184023" lon="-71.7337974">
                <ele>606</ele>
                <extensions>
                    <osmand:speed>5.6</osmand:speed>
                </extensions>
            </trkpt>
            <trkpt lat="-40.0186611" lon="-71.7336954">
                <ele>606</ele>
                <extensions>
                    <osmand:speed>5.6</osmand:speed>
                </extensions>
            </trkpt>
            <trkpt lat="-40.0189177" lon="-71.7335826">
                <ele>606</ele>
                <extensions>
                    <osmand:speed>5.6</osmand:speed>
                </extensions>
            </trkpt>
            <trkpt lat="-40.0191705" lon="-71.7334592">
                <ele>606</ele>
                <extensions>
                    <osmand:speed>5.6</osmand:speed>
                </extensions>
            </trkpt>
            <trkpt lat="-40.0194211" lon="-71.7333251">
                <ele>606</ele>
                <extensions>
                    <osmand:speed>5.6</osmand:speed>
                </extensions>
            </trkpt>
            <trkpt lat="-40.0196676" lon="-71.7331805">
                <ele>606</ele>
                <extensions>
                    <osmand:speed>5.6</osmand:speed>
                </extensions>
            </trkpt>
            <trkpt lat="-40.01991" lon="-71.7330247">
                <ele>606</ele>
                <extensions>
                    <osmand:speed>5.6</osmand:speed>
                </extensions>
            </trkpt>
            <trkpt lat="-40.0201481" lon="-71.7328584">
                <ele>606</ele>
                <extensions>
                    <osmand:speed>5.6</osmand:speed>
                </extensions>
            </trkpt>
            <trkpt lat="-40.0203823" lon="-71.7326842">
                <ele>606</ele>
                <extensions>
                    <osmand:speed>5.6</osmand:speed>
                </extensions>
            </trkpt>
            <trkpt lat="-40.0206125" lon="-71.732499">
                <ele>606</ele>
                <extensions>
                    <osmand:speed>5.6</osmand:speed>
                </extensions>
            </trkpt>
            <trkpt lat="-40.0208383" lon="-71.7323032">
                <ele>606</ele>
                <extensions>
                    <osmand:speed>5.6</osmand:speed>
                </extensions>
            </trkpt>
            <trkpt lat="-40.0210581" lon="-71.7320995">
                <ele>606</ele>
                <extensions>
                    <osmand:speed>5.6</osmand:speed>
                </extensions>
            </trkpt>
            <trkpt lat="-40.0212717" lon="-71.7318849">
                <ele>606</ele>
                <extensions>
                    <osmand:speed>5.6</osmand:speed>
                </extensions>
            </trkpt>
            <trkpt lat="-40.0214812" lon="-71.7316623">
                <ele>606</ele>
                <extensions>
                    <osmand:speed>5.6</osmand:speed>
                </extensions>
            </trkpt>
            <trkpt lat="-40.0216866" lon="-71.7314317">
                <ele>606</ele>
                <extensions>
                    <osmand:speed>5.6</osmand:speed>
                </extensions>
            </trkpt>
            <trkpt lat="-40.0218838" lon="-71.7311929">
                <ele>606</ele>
                <extensions>
                    <osmand:speed>5.6</osmand:speed>
                </extensions>
            </trkpt>
            <trkpt lat="-40.022075" lon="-71.7309433">
                <ele>606</ele>
                <extensions>
                    <osmand:speed>5.6</osmand:speed>
                </extensions>
            </trkpt>
            <trkpt lat="-40.022266" lon="-71.7306806">
                <ele>606</ele>
                <extensions>
                    <osmand:speed>5.6</osmand:speed>
                </extensions>
            </trkpt>
            <trkpt lat="-40.0224488" lon="-71.7304122">
                <ele>606</ele>
                <extensions>
                    <osmand:speed>5.6</osmand:speed>
                </extensions>
            </trkpt>
            <trkpt lat="-40.0226234" lon="-71.7301335">
                <ele>606</ele>
                <extensions>
                    <osmand:speed>5.6</osmand:speed>
                </extensions>
            </trkpt>
            <trkpt lat="-40.0227917" lon="-71.7298491">
                <ele>606</ele>
                <extensions>
                    <osmand:speed>5.6</osmand:speed>
                </extensions>
            </trkpt>
            <trkpt lat="-40.0229541" lon="-71.7295539">
                <ele>606</ele>
                <extensions>
                    <osmand:speed>5.6</osmand:speed>
                </extensions>
            </trkpt>
            <trkpt lat="-40.023108" lon="-71.7292562">
                <ele>606</ele>
                <extensions>
                    <osmand:speed>5.6</osmand:speed>
                </extensions>
            </trkpt>
            <trkpt lat="-40.023254" lon="-71.7289504">
                <ele>606</ele>
                <extensions>
                    <osmand:speed>5.6</osmand:speed>
                </extensions>
            </trkpt>
            <trkpt lat="-40.0233916" lon="-71.7286366">
                <ele>606</ele>
                <extensions>
                    <osmand:speed>5.6</osmand:speed>
                </extensions>
            </trkpt>
            <trkpt lat="-40.0235229" lon="-71.7283201">
                <ele>606</ele>
                <extensions>
                    <osmand:speed>5.6</osmand:speed>
                </extensions>
            </trkpt>
            <trkpt lat="-40.0236441" lon="-71.7279957">
                <ele>606</ele>
                <extensions>
                    <osmand:speed>5.6</osmand:speed>
                </extensions>
            </trkpt>
            <trkpt lat="-40.0237572" lon="-71.7276683">
                <ele>606</ele>
                <extensions>
                    <osmand:speed>5.6</osmand:speed>
                </extensions>
            </trkpt>
            <trkpt lat="-40.0238618" lon="-71.7273359">
                <ele>606</ele>
                <extensions>
                    <osmand:speed>5.6</osmand:speed>
                </extensions>
            </trkpt>
            <trkpt lat="-40.0239585" lon="-71.726998">
                <ele>606</ele>
                <extensions>
                    <osmand:speed>5.6</osmand:speed>
                </extensions>
            </trkpt>
            <trkpt lat="-40.0240468" lon="-71.7266546">
                <ele>606</ele>
                <extensions>
                    <osmand:speed>5.6</osmand:speed>
                </extensions>
            </trkpt>
            <trkpt lat="-40.0241269" lon="-71.7263086">
                <ele>606</ele>
                <extensions>
                    <osmand:speed>5.6</osmand:speed>
                </extensions>
            </trkpt>
            <trkpt lat="-40.0241966" lon="-71.7259626">
                <ele>606</ele>
                <extensions>
                    <osmand:speed>5.6</osmand:speed>
                </extensions>
            </trkpt>
            <trkpt lat="-40.0242582" lon="-71.7256084">
                <ele>606</ele>
                <extensions>
                    <osmand:speed>5.6</osmand:speed>
                </extensions>
            </trkpt>
            <trkpt lat="-40.0243118" lon="-71.725257">
                <ele>606</ele>
                <extensions>
                    <osmand:speed>5.6</osmand:speed>
                </extensions>
            </trkpt>
            <trkpt lat="-40.0243549" lon="-71.7249003">
                <ele>606</ele>
                <extensions>
                    <osmand:speed>5.6</osmand:speed>
                </extensions>
            </trkpt>
            <trkpt lat="-40.0243897" lon="-71.7245411">
                <ele>606</ele>
                <extensions>
                    <osmand:speed>5.6</osmand:speed>
                </extensions>
            </trkpt>
            <trkpt lat="-40.0244143" lon="-71.7241843">
                <ele>606</ele>
                <extensions>
                    <osmand:speed>5.6</osmand:speed>
                </extensions>
            </trkpt>
            <trkpt lat="-40.0245151" lon="-71.7227089">
                <ele>607</ele>
                <extensions>
                    <osmand:speed>16.4</osmand:speed>
                </extensions>
            </trkpt>
            <trkpt lat="-40.0249485" lon="-71.7226472">
                <ele>609</ele>
                <extensions>
                    <osmand:speed>8.3</osmand:speed>
                </extensions>
            </trkpt>
            <trkpt lat="-40.0250327" lon="-71.7226365">
                <ele>609</ele>
                <extensions>
                    <osmand:speed>8.3</osmand:speed>
                </extensions>
            </trkpt>
            <trkpt lat="-40.0250594" lon="-71.7226286">
                <ele>609.2</ele>
                <extensions>
                    <osmand:speed>8.3</osmand:speed>
                </extensions>
            </trkpt>
            <trkpt lat="-40.0250861" lon="-71.7226152">
                <ele>609.5</ele>
                <extensions>
                    <osmand:speed>8.3</osmand:speed>
                </extensions>
            </trkpt>
            <trkpt lat="-40.0251087" lon="-71.7225936">
                <ele>609.8</ele>
                <extensions>
                    <osmand:speed>8.3</osmand:speed>
                </extensions>
            </trkpt>
            <trkpt lat="-40.0251313" lon="-71.7225614">
                <ele>610</ele>
                <extensions>
                    <osmand:speed>8.3</osmand:speed>
                </extensions>
            </trkpt>
            <trkpt lat="-40.0251457" lon="-71.722524">
                <ele>610.2</ele>
                <extensions>
                    <osmand:speed>8.3</osmand:speed>
                </extensions>
            </trkpt>
            <trkpt lat="-40.0251517" lon="-71.7224811">
                <ele>610.1</ele>
                <extensions>
                    <osmand:speed>8.3</osmand:speed>
                </extensions>
            </trkpt>
            <trkpt lat="-40.0251517" lon="-71.722438">
                <ele>610</ele>
                <extensions>
                    <osmand:speed>8.3</osmand:speed>
                </extensions>
            </trkpt>
            <trkpt lat="-40.025119" lon="-71.7216174">
                <ele>608</ele>
                <extensions>
                    <osmand:speed>8.3</osmand:speed>
                </extensions>
            </trkpt>
            <trkpt lat="-40.0251169" lon="-71.7215529">
                <ele>607.8</ele>
                <extensions>
                    <osmand:speed>8.3</osmand:speed>
                </extensions>
            </trkpt>
            <trkpt lat="-40.0251231" lon="-71.7214885">
                <ele>607.5</ele>
                <extensions>
                    <osmand:speed>8.3</osmand:speed>
                </extensions>
            </trkpt>
            <trkpt lat="-40.0251332" lon="-71.721419">
                <ele>607.2</ele>
                <extensions>
                    <osmand:speed>8.3</osmand:speed>
                </extensions>
            </trkpt>
            <trkpt lat="-40.0251539" lon="-71.7213517">
                <ele>607</ele>
                <extensions>
                    <osmand:speed>8.3</osmand:speed>
                </extensions>
            </trkpt>
            <trkpt lat="-40.0253367" lon="-71.7211398">
                <ele>606.2</ele>
                <extensions>
                    <osmand:speed>8.3</osmand:speed>
                </extensions>
            </trkpt>
            <trkpt lat="-40.0260946" lon="-71.7202869">
                <ele>605</ele>
                <extensions>
                    <osmand:speed>8.3</osmand:speed>
                </extensions>
            </trkpt>
            <trkpt lat="-40.0274871" lon="-71.71875">
                <ele>610</ele>
                <extensions>
                    <osmand:speed>8.3</osmand:speed>
                </extensions>
            </trkpt>
            <trkpt lat="-40.0278916" lon="-71.7182913">
                <ele>611</ele>
                <extensions>
                    <osmand:speed>8.3</osmand:speed>
                </extensions>
            </trkpt>
            <trkpt lat="-40.0283908" lon="-71.71772">
                <ele>611.4</ele>
                <extensions>
                    <osmand:speed>8.3</osmand:speed>
                </extensions>
            </trkpt>
            <trkpt lat="-40.0285324" lon="-71.7175725">
                <ele>611.5</ele>
                <extensions>
                    <osmand:speed>8.3</osmand:speed>
                </extensions>
            </trkpt>
            <trkpt lat="-40.0286782" lon="-71.7174305">
                <ele>612</ele>
                <extensions>
                    <osmand:speed>8.3</osmand:speed>
                </extensions>
            </trkpt>
            <trkpt lat="-40.0288242" lon="-71.7172937">
                <ele>612.5</ele>
                <extensions>
                    <osmand:speed>8.3</osmand:speed>
                </extensions>
            </trkpt>
            <trkpt lat="-40.0289885" lon="-71.7171487">
                <ele>613</ele>
                <extensions>
                    <osmand:speed>8.3</osmand:speed>
                </extensions>
            </trkpt>
            <trkpt lat="-40.0291547" lon="-71.7170146">
                <ele>613.2</ele>
                <extensions>
                    <osmand:speed>8.3</osmand:speed>
                </extensions>
            </trkpt>
            <trkpt lat="-40.0293253" lon="-71.716886">
                <ele>614</ele>
                <extensions>
                    <osmand:speed>8.3</osmand:speed>
                </extensions>
            </trkpt>
            <trkpt lat="-40.0302762" lon="-71.7162287">
                <ele>620</ele>
                <extensions>
                    <osmand:speed>13.9</osmand:speed>
                </extensions>
            </trkpt>
            <trkpt lat="-40.0315372" lon="-71.7153543">
                <ele>621.5</ele>
                <extensions>
                    <osmand:speed>13.9</osmand:speed>
                </extensions>
            </trkpt>
            <trkpt lat="-40.0333505" lon="-71.7140778">
                <ele>621.5</ele>
                <extensions>
                    <osmand:speed>16.4</osmand:speed>
                </extensions>
            </trkpt>
            <trkpt lat="-40.0339195" lon="-71.7136672">
                <ele>609</ele>
                <extensions>
                    <osmand:speed>16.4</osmand:speed>
                </extensions>
            </trkpt>
            <trkpt lat="-40.0339955" lon="-71.7136189">
                <ele>610</ele>
                <extensions>
                    <osmand:speed>16.4</osmand:speed>
                </extensions>
            </trkpt>
            <trkpt lat="-40.0340715" lon="-71.713576">
                <ele>611</ele>
                <extensions>
                    <osmand:speed>16.4</osmand:speed>
                </extensions>
            </trkpt>
            <trkpt lat="-40.0341516" lon="-71.7135438">
                <ele>611.8</ele>
                <extensions>
                    <osmand:speed>16.4</osmand:speed>
                </extensions>
            </trkpt>
            <trkpt lat="-40.0342336" lon="-71.7135225">
                <ele>612.5</ele>
                <extensions>
                    <osmand:speed>16.4</osmand:speed>
                </extensions>
            </trkpt>
            <trkpt lat="-40.0343159" lon="-71.7135091">
                <ele>613.2</ele>
                <extensions>
                    <osmand:speed>16.4</osmand:speed>
                </extensions>
            </trkpt>
            <trkpt lat="-40.0344083" lon="-71.7135038">
                <ele>614.2</ele>
                <extensions>
                    <osmand:speed>16.4</osmand:speed>
                </extensions>
            </trkpt>
            <trkpt lat="-40.0345007" lon="-71.7135143">
                <ele>615.2</ele>
                <extensions>
                    <osmand:speed>16.4</osmand:speed>
                </extensions>
            </trkpt>
            <trkpt lat="-40.0345931" lon="-71.713536">
                <ele>616</ele>
                <extensions>
                    <osmand:speed>16.4</osmand:speed>
                </extensions>
            </trkpt>
            <trkpt lat="-40.0346813" lon="-71.7135681">
                <ele>616.5</ele>
                <extensions>
                    <osmand:speed>16.4</osmand:speed>
                </extensions>
            </trkpt>
            <trkpt lat="-40.0347677" lon="-71.7136137">
                <ele>616.9</ele>
                <extensions>
                    <osmand:speed>16.4</osmand:speed>
                </extensions>
            </trkpt>
            <trkpt lat="-40.0370491" lon="-71.7150621">
                <ele>628.5</ele>
                <extensions>
                    <osmand:speed>16.4</osmand:speed>
                </extensions>
            </trkpt>
            <trkpt lat="-40.0393636" lon="-71.7164783">
                <ele>638</ele>
                <extensions>
                    <osmand:speed>16.4</osmand:speed>
                </extensions>
            </trkpt>
            <trkpt lat="-40.0413738" lon="-71.7177765">
                <ele>652.2</ele>
                <extensions>
                    <osmand:speed>16.4</osmand:speed>
                </extensions>
            </trkpt>
            <trkpt lat="-40.0439325" lon="-71.7193776">
                <ele>650.5</ele>
                <extensions>
                    <osmand:speed>16.4</osmand:speed>
                </extensions>
            </trkpt>
            <trkpt lat="-40.0465443" lon="-71.7210808">
                <ele>621.2</ele>
                <extensions>
                    <osmand:speed>16.4</osmand:speed>
                </extensions>
            </trkpt>
            <trkpt lat="-40.0466797" lon="-71.7211642">
                <ele>619.8</ele>
                <extensions>
                    <osmand:speed>16.4</osmand:speed>
                </extensions>
            </trkpt>
            <trkpt lat="-40.0468193" lon="-71.7212393">
                <ele>618.5</ele>
                <extensions>
                    <osmand:speed>16.4</osmand:speed>
                </extensions>
            </trkpt>
            <trkpt lat="-40.0469632" lon="-71.7213036">
                <ele>617.5</ele>
                <extensions>
                    <osmand:speed>16.4</osmand:speed>
                </extensions>
            </trkpt>
            <trkpt lat="-40.0471069" lon="-71.72136">
                <ele>616.5</ele>
                <extensions>
                    <osmand:speed>16.4</osmand:speed>
                </extensions>
            </trkpt>
            <trkpt lat="-40.0472546" lon="-71.7214082">
                <ele>616.2</ele>
                <extensions>
                    <osmand:speed>16.4</osmand:speed>
                </extensions>
            </trkpt>
            <trkpt lat="-40.0474026" lon="-71.7214429">
                <ele>616.3</ele>
                <extensions>
                    <osmand:speed>16.4</osmand:speed>
                </extensions>
            </trkpt>
            <trkpt lat="-40.0475525" lon="-71.7214724">
                <ele>616.4</ele>
                <extensions>
                    <osmand:speed>16.4</osmand:speed>
                </extensions>
            </trkpt>
            <trkpt lat="-40.0477085" lon="-71.7214885">
                <ele>616.4</ele>
                <extensions>
                    <osmand:speed>16.4</osmand:speed>
                </extensions>
            </trkpt>
            <trkpt lat="-40.0478644" lon="-71.7214967">
                <ele>616.5</ele>
                <extensions>
                    <osmand:speed>16.4</osmand:speed>
                </extensions>
            </trkpt>
            <trkpt lat="-40.0480225" lon="-71.7214912">
                <ele>616.8</ele>
                <extensions>
                    <osmand:speed>16.4</osmand:speed>
                </extensions>
            </trkpt>
            <trkpt lat="-40.0481787" lon="-71.7214778">
                <ele>617</ele>
                <extensions>
                    <osmand:speed>16.4</osmand:speed>
                </extensions>
            </trkpt>
            <trkpt lat="-40.0483327" lon="-71.7214538">
                <ele>617.5</ele>
                <extensions>
                    <osmand:speed>16.4</osmand:speed>
                </extensions>
            </trkpt>
            <trkpt lat="-40.0484867" lon="-71.7214161">
                <ele>618</ele>
                <extensions>
                    <osmand:speed>16.4</osmand:speed>
                </extensions>
            </trkpt>
            <trkpt lat="-40.0486385" lon="-71.7213705">
                <ele>618.2</ele>
                <extensions>
                    <osmand:speed>16.4</osmand:speed>
                </extensions>
            </trkpt>
            <trkpt lat="-40.0554179" lon="-71.7190021">
                <ele>611</ele>
                <extensions>
                    <osmand:speed>16.4</osmand:speed>
                </extensions>
            </trkpt>
            <trkpt lat="-40.0591483" lon="-71.7176692">
                <ele>619</ele>
                <extensions>
                    <osmand:speed>16.4</osmand:speed>
                </extensions>
            </trkpt>
            <trkpt lat="-40.0603636" lon="-71.7172454">
                <ele>625.5</ele>
                <extensions>
                    <osmand:speed>16.4</osmand:speed>
                </extensions>
            </trkpt>
            <trkpt lat="-40.062094" lon="-71.7166875">
                <ele>623</ele>
                <extensions>
                    <osmand:speed>16.4</osmand:speed>
                </extensions>
            </trkpt>
            <trkpt lat="-40.0627367" lon="-71.7164835">
                <ele>625.2</ele>
                <extensions>
                    <osmand:speed>16.4</osmand:speed>
                </extensions>
            </trkpt>
            <trkpt lat="-40.0667334" lon="-71.7152604">
                <ele>617.2</ele>
                <extensions>
                    <osmand:speed>16.4</osmand:speed>
                </extensions>
            </trkpt>
            <trkpt lat="-40.0697097" lon="-71.7144157">
                <ele>616.5</ele>
                <extensions>
                    <osmand:speed>16.4</osmand:speed>
                </extensions>
            </trkpt>
            <trkpt lat="-40.0709987" lon="-71.7140695">
                <ele>618.5</ele>
                <extensions>
                    <osmand:speed>16.4</osmand:speed>
                </extensions>
            </trkpt>
            <trkpt lat="-40.0711012" lon="-71.7140375">
                <ele>618.8</ele>
                <extensions>
                    <osmand:speed>16.4</osmand:speed>
                </extensions>
            </trkpt>
            <trkpt lat="-40.071204" lon="-71.7139944">
                <ele>619</ele>
                <extensions>
                    <osmand:speed>16.4</osmand:speed>
                </extensions>
            </trkpt>
            <trkpt lat="-40.0713025" lon="-71.7139436">
                <ele>619.2</ele>
                <extensions>
                    <osmand:speed>16.4</osmand:speed>
                </extensions>
            </trkpt>
            <trkpt lat="-40.0713988" lon="-71.7138846">
                <ele>619.5</ele>
                <extensions>
                    <osmand:speed>16.4</osmand:speed>
                </extensions>
            </trkpt>
            <trkpt lat="-40.0714934" lon="-71.7138147">
                <ele>619.8</ele>
                <extensions>
                    <osmand:speed>16.4</osmand:speed>
                </extensions>
            </trkpt>
            <trkpt lat="-40.0715611" lon="-71.7137584">
                <ele>620</ele>
                <extensions>
                    <osmand:speed>16.4</osmand:speed>
                </extensions>
            </trkpt>
            <trkpt lat="-40.0716268" lon="-71.7136967">
                <ele>620.2</ele>
                <extensions>
                    <osmand:speed>16.4</osmand:speed>
                </extensions>
            </trkpt>
            <trkpt lat="-40.0716966" lon="-71.7136137">
                <ele>620.5</ele>
                <extensions>
                    <osmand:speed>16.4</osmand:speed>
                </extensions>
            </trkpt>
            <trkpt lat="-40.0718093" lon="-71.7134526">
                <ele>620</ele>
                <extensions>
                    <osmand:speed>16.4</osmand:speed>
                </extensions>
            </trkpt>
            <trkpt lat="-40.0721974" lon="-71.7129673">
                <ele>618</ele>
                <extensions>
                    <osmand:speed>16.4</osmand:speed>
                </extensions>
            </trkpt>
            <trkpt lat="-40.0725053" lon="-71.7125757">
                <ele>617</ele>
                <extensions>
                    <osmand:speed>16.4</osmand:speed>
                </extensions>
            </trkpt>
            <trkpt lat="-40.07269" lon="-71.7123529">
                <ele>618.2</ele>
                <extensions>
                    <osmand:speed>16.4</osmand:speed>
                </extensions>
            </trkpt>
            <trkpt lat="-40.0729055" lon="-71.7121303">
                <ele>619</ele>
                <extensions>
                    <osmand:speed>16.4</osmand:speed>
                </extensions>
            </trkpt>
            <trkpt lat="-40.0731477" lon="-71.711905">
                <ele>620.5</ele>
                <extensions>
                    <osmand:speed>16.4</osmand:speed>
                </extensions>
            </trkpt>
            <trkpt lat="-40.0733119" lon="-71.7117416">
                <ele>620.8</ele>
                <extensions>
                    <osmand:speed>16.4</osmand:speed>
                </extensions>
            </trkpt>
            <trkpt lat="-40.0734679" lon="-71.711567">
                <ele>621.2</ele>
                <extensions>
                    <osmand:speed>16.4</osmand:speed>
                </extensions>
            </trkpt>
            <trkpt lat="-40.0736095" lon="-71.7114007">
                <ele>621.4</ele>
                <extensions>
                    <osmand:speed>16.4</osmand:speed>
                </extensions>
            </trkpt>
            <trkpt lat="-40.0737469" lon="-71.7112264">
                <ele>621.5</ele>
                <extensions>
                    <osmand:speed>16.4</osmand:speed>
                </extensions>
            </trkpt>
            <trkpt lat="-40.0738784" lon="-71.7110495">
                <ele>622.2</ele>
                <extensions>
                    <osmand:speed>16.4</osmand:speed>
                </extensions>
            </trkpt>
            <trkpt lat="-40.074059" lon="-71.7107974">
                <ele>623.8</ele>
                <extensions>
                    <osmand:speed>16.4</osmand:speed>
                </extensions>
            </trkpt>
            <trkpt lat="-40.0743484" lon="-71.7103119">
                <ele>626.8</ele>
                <extensions>
                    <osmand:speed>16.4</osmand:speed>
                </extensions>
            </trkpt>
            <trkpt lat="-40.0744736" lon="-71.7101322">
                <ele>628.2</ele>
                <extensions>
                    <osmand:speed>16.4</osmand:speed>
                </extensions>
            </trkpt>
            <trkpt lat="-40.0745865" lon="-71.7099928">
                <ele>629</ele>
                <extensions>
                    <osmand:speed>16.4</osmand:speed>
                </extensions>
            </trkpt>
            <trkpt lat="-40.0747035" lon="-71.7098638">
                <ele>630</ele>
                <extensions>
                    <osmand:speed>16.4</osmand:speed>
                </extensions>
            </trkpt>
            <trkpt lat="-40.0748244" lon="-71.7097406">
                <ele>631</ele>
                <extensions>
                    <osmand:speed>16.4</osmand:speed>
                </extensions>
            </trkpt>
            <trkpt lat="-40.0749518" lon="-71.7096251">
                <ele>632</ele>
                <extensions>
                    <osmand:speed>16.4</osmand:speed>
                </extensions>
            </trkpt>
            <trkpt lat="-40.0750914" lon="-71.7095126">
                <ele>633.5</ele>
                <extensions>
                    <osmand:speed>16.4</osmand:speed>
                </extensions>
            </trkpt>
            <trkpt lat="-40.075239" lon="-71.709408">
                <ele>634.2</ele>
                <extensions>
                    <osmand:speed>16.4</osmand:speed>
                </extensions>
            </trkpt>
            <trkpt lat="-40.075389" lon="-71.7093142">
                <ele>634</ele>
                <extensions>
                    <osmand:speed>16.4</osmand:speed>
                </extensions>
            </trkpt>
            <trkpt lat="-40.0774392" lon="-71.7081286">
                <ele>638.8</ele>
                <extensions>
                    <osmand:speed>16.4</osmand:speed>
                </extensions>
            </trkpt>
            <trkpt lat="-40.0789129" lon="-71.7073506">
                <ele>642.2</ele>
                <extensions>
                    <osmand:speed>16.4</osmand:speed>
                </extensions>
            </trkpt>
            <trkpt lat="-40.0798467" lon="-71.7068599">
                <ele>634</ele>
                <extensions>
                    <osmand:speed>16.4</osmand:speed>
                </extensions>
            </trkpt>
            <trkpt lat="-40.0807415" lon="-71.706385">
                <ele>625.2</ele>
                <extensions>
                    <osmand:speed>16.4</osmand:speed>
                </extensions>
            </trkpt>
            <trkpt lat="-40.0817286" lon="-71.7057842">
                <ele>623.8</ele>
                <extensions>
                    <osmand:speed>16.4</osmand:speed>
                </extensions>
            </trkpt>
            <trkpt lat="-40.0823053" lon="-71.7054167">
                <ele>625</ele>
                <extensions>
                    <osmand:speed>16.4</osmand:speed>
                </extensions>
            </trkpt>
            <trkpt lat="-40.0828204" lon="-71.7050868">
                <ele>629.5</ele>
                <extensions>
                    <osmand:speed>16.4</osmand:speed>
                </extensions>
            </trkpt>
            <trkpt lat="-40.0831118" lon="-71.7049019">
                <ele>632.5</ele>
                <extensions>
                    <osmand:speed>16.4</osmand:speed>
                </extensions>
            </trkpt>
            <trkpt lat="-40.0838588" lon="-71.7044377">
                <ele>637</ele>
                <extensions>
                    <osmand:speed>16.4</osmand:speed>
                </extensions>
            </trkpt>
            <trkpt lat="-40.0840086" lon="-71.7043358">
                <ele>636.5</ele>
                <extensions>
                    <osmand:speed>16.4</osmand:speed>
                </extensions>
            </trkpt>
            <trkpt lat="-40.0841521" lon="-71.7042258">
                <ele>635.5</ele>
                <extensions>
                    <osmand:speed>16.4</osmand:speed>
                </extensions>
            </trkpt>
            <trkpt lat="-40.0842918" lon="-71.7041051">
                <ele>635</ele>
                <extensions>
                    <osmand:speed>16.4</osmand:speed>
                </extensions>
            </trkpt>
            <trkpt lat="-40.0844088" lon="-71.7040005">
                <ele>634.8</ele>
                <extensions>
                    <osmand:speed>16.4</osmand:speed>
                </extensions>
            </trkpt>
            <trkpt lat="-40.0845237" lon="-71.703888">
                <ele>634.2</ele>
                <extensions>
                    <osmand:speed>16.4</osmand:speed>
                </extensions>
            </trkpt>
            <trkpt lat="-40.0846345" lon="-71.7037725">
                <ele>633.8</ele>
                <extensions>
                    <osmand:speed>16.4</osmand:speed>
                </extensions>
            </trkpt>
            <trkpt lat="-40.0853013" lon="-71.7028795">
                <ele>632</ele>
                <extensions>
                    <osmand:speed>16.4</osmand:speed>
                </extensions>
            </trkpt>
            <trkpt lat="-40.0867318" lon="-71.7009884">
                <ele>635.5</ele>
                <extensions>
                    <osmand:speed>16.4</osmand:speed>
                </extensions>
            </trkpt>
            <trkpt lat="-40.087495" lon="-71.6999372">
                <ele>634.5</ele>
                <extensions>
                    <osmand:speed>16.4</osmand:speed>
                </extensions>
            </trkpt>
            <trkpt lat="-40.0887715" lon="-71.6983169">
                <ele>628</ele>
                <extensions>
                    <osmand:speed>16.4</osmand:speed>
                </extensions>
            </trkpt>
            <trkpt lat="-40.0899822" lon="-71.6968446">
                <ele>628.8</ele>
                <extensions>
                    <osmand:speed>16.4</osmand:speed>
                </extensions>
            </trkpt>
            <trkpt lat="-40.0900684" lon="-71.6967371">
                <ele>628.5</ele>
                <extensions>
                    <osmand:speed>16.4</osmand:speed>
                </extensions>
            </trkpt>
            <trkpt lat="-40.0901484" lon="-71.6966219">
                <ele>628</ele>
                <extensions>
                    <osmand:speed>16.4</osmand:speed>
                </extensions>
            </trkpt>
            <trkpt lat="-40.0902242" lon="-71.6965012">
                <ele>627.8</ele>
                <extensions>
                    <osmand:speed>16.4</osmand:speed>
                </extensions>
            </trkpt>
            <trkpt lat="-40.090296" lon="-71.696375">
                <ele>627.5</ele>
                <extensions>
                    <osmand:speed>16.4</osmand:speed>
                </extensions>
            </trkpt>
            <trkpt lat="-40.0903495" lon="-71.696265">
                <ele>627.2</ele>
                <extensions>
                    <osmand:speed>16.4</osmand:speed>
                </extensions>
            </trkpt>
            <trkpt lat="-40.0904008" lon="-71.6961497">
                <ele>627</ele>
                <extensions>
                    <osmand:speed>16.4</osmand:speed>
                </extensions>
            </trkpt>
            <trkpt lat="-40.0904499" lon="-71.6960211">
                <ele>626.8</ele>
                <extensions>
                    <osmand:speed>16.4</osmand:speed>
                </extensions>
            </trkpt>
            <trkpt lat="-40.090493" lon="-71.695887">
                <ele>626.2</ele>
                <extensions>
                    <osmand:speed>16.4</osmand:speed>
                </extensions>
            </trkpt>
            <trkpt lat="-40.0908213" lon="-71.6948892">
                <ele>626</ele>
                <extensions>
                    <osmand:speed>16.4</osmand:speed>
                </extensions>
            </trkpt>
            <trkpt lat="-40.0912811" lon="-71.6934031">
                <ele>632.2</ele>
                <extensions>
                    <osmand:speed>16.4</osmand:speed>
                </extensions>
            </trkpt>
            <trkpt lat="-40.0913057" lon="-71.6932958">
                <ele>633.5</ele>
                <extensions>
                    <osmand:speed>16.4</osmand:speed>
                </extensions>
            </trkpt>
            <trkpt lat="-40.0913324" lon="-71.6931912">
                <ele>634.8</ele>
                <extensions>
                    <osmand:speed>16.4</osmand:speed>
                </extensions>
            </trkpt>
            <trkpt lat="-40.0913671" lon="-71.6930866">
                <ele>636</ele>
                <extensions>
                    <osmand:speed>16.4</osmand:speed>
                </extensions>
            </trkpt>
            <trkpt lat="-40.0914042" lon="-71.6929847">
                <ele>637.2</ele>
                <extensions>
                    <osmand:speed>16.4</osmand:speed>
                </extensions>
            </trkpt>
            <trkpt lat="-40.0914555" lon="-71.6928774">
                <ele>638.5</ele>
                <extensions>
                    <osmand:speed>16.4</osmand:speed>
                </extensions>
            </trkpt>
            <trkpt lat="-40.0915109" lon="-71.6927728">
                <ele>639.2</ele>
                <extensions>
                    <osmand:speed>16.4</osmand:speed>
                </extensions>
            </trkpt>
            <trkpt lat="-40.0915723" lon="-71.6926762">
                <ele>639.1</ele>
                <extensions>
                    <osmand:speed>16.4</osmand:speed>
                </extensions>
            </trkpt>
            <trkpt lat="-40.0916072" lon="-71.6926306">
                <ele>639</ele>
                <extensions>
                    <osmand:speed>16.4</osmand:speed>
                </extensions>
            </trkpt>
            <trkpt lat="-40.0916381" lon="-71.6925852">
                <ele>638.8</ele>
                <extensions>
                    <osmand:speed>16.4</osmand:speed>
                </extensions>
            </trkpt>
            <trkpt lat="-40.091679" lon="-71.6925153">
                <ele>638.5</ele>
                <extensions>
                    <osmand:speed>16.4</osmand:speed>
                </extensions>
            </trkpt>
            <trkpt lat="-40.0917161" lon="-71.6924402">
                <ele>638.6</ele>
                <extensions>
                    <osmand:speed>16.4</osmand:speed>
                </extensions>
            </trkpt>
            <trkpt lat="-40.0917448" lon="-71.6923651">
                <ele>638.8</ele>
                <extensions>
                    <osmand:speed>16.4</osmand:speed>
                </extensions>
            </trkpt>
            <trkpt lat="-40.0917715" lon="-71.6922846">
                <ele>639.2</ele>
                <extensions>
                    <osmand:speed>16.4</osmand:speed>
                </extensions>
            </trkpt>
            <trkpt lat="-40.091798" lon="-71.69218">
                <ele>639.8</ele>
                <extensions>
                    <osmand:speed>16.4</osmand:speed>
                </extensions>
            </trkpt>
            <trkpt lat="-40.0918206" lon="-71.6920754">
                <ele>640.5</ele>
                <extensions>
                    <osmand:speed>16.4</osmand:speed>
                </extensions>
            </trkpt>
            <trkpt lat="-40.091837" lon="-71.6919681">
                <ele>641.2</ele>
                <extensions>
                    <osmand:speed>16.4</osmand:speed>
                </extensions>
            </trkpt>
            <trkpt lat="-40.0918474" lon="-71.691861">
                <ele>642</ele>
                <extensions>
                    <osmand:speed>16.4</osmand:speed>
                </extensions>
            </trkpt>
            <trkpt lat="-40.0918534" lon="-71.6917321">
                <ele>642.8</ele>
                <extensions>
                    <osmand:speed>16.4</osmand:speed>
                </extensions>
            </trkpt>
            <trkpt lat="-40.0918515" lon="-71.691606">
                <ele>643.8</ele>
                <extensions>
                    <osmand:speed>16.4</osmand:speed>
                </extensions>
            </trkpt>
            <trkpt lat="-40.0918411" lon="-71.6914801">
                <ele>645</ele>
                <extensions>
                    <osmand:speed>16.4</osmand:speed>
                </extensions>
            </trkpt>
            <trkpt lat="-40.0918228" lon="-71.6913539">
                <ele>646.5</ele>
                <extensions>
                    <osmand:speed>16.4</osmand:speed>
                </extensions>
            </trkpt>
            <trkpt lat="-40.0918042" lon="-71.6912548">
                <ele>648</ele>
                <extensions>
                    <osmand:speed>16.4</osmand:speed>
                </extensions>
            </trkpt>
            <trkpt lat="-40.091792" lon="-71.6911502">
                <ele>649.5</ele>
                <extensions>
                    <osmand:speed>16.4</osmand:speed>
                </extensions>
            </trkpt>
            <trkpt lat="-40.091792" lon="-71.6910456">
                <ele>650.8</ele>
                <extensions>
                    <osmand:speed>16.4</osmand:speed>
                </extensions>
            </trkpt>
            <trkpt lat="-40.091798" lon="-71.690941">
                <ele>652</ele>
                <extensions>
                    <osmand:speed>16.4</osmand:speed>
                </extensions>
            </trkpt>
            <trkpt lat="-40.0918146" lon="-71.6908389">
                <ele>653</ele>
                <extensions>
                    <osmand:speed>16.4</osmand:speed>
                </extensions>
            </trkpt>
            <trkpt lat="-40.0918411" lon="-71.6907399">
                <ele>653.8</ele>
                <extensions>
                    <osmand:speed>16.4</osmand:speed>
                </extensions>
            </trkpt>
            <trkpt lat="-40.0918741" lon="-71.6906458">
                <ele>654.2</ele>
                <extensions>
                    <osmand:speed>16.4</osmand:speed>
                </extensions>
            </trkpt>
            <trkpt lat="-40.0919172" lon="-71.6905546">
                <ele>654.5</ele>
                <extensions>
                    <osmand:speed>16.4</osmand:speed>
                </extensions>
            </trkpt>
            <trkpt lat="-40.0923356" lon="-71.6899271">
                <ele>654.8</ele>
                <extensions>
                    <osmand:speed>16.4</osmand:speed>
                </extensions>
            </trkpt>
            <trkpt lat="-40.0924158" lon="-71.6898009">
                <ele>655.2</ele>
                <extensions>
                    <osmand:speed>16.4</osmand:speed>
                </extensions>
            </trkpt>
            <trkpt lat="-40.0924876" lon="-71.6896723">
                <ele>656.2</ele>
                <extensions>
                    <osmand:speed>16.4</osmand:speed>
                </extensions>
            </trkpt>
            <trkpt lat="-40.0925389" lon="-71.6895677">
                <ele>657.5</ele>
                <extensions>
                    <osmand:speed>16.4</osmand:speed>
                </extensions>
            </trkpt>
            <trkpt lat="-40.0925861" lon="-71.6894604">
                <ele>657.5</ele>
                <extensions>
                    <osmand:speed>16.4</osmand:speed>
                </extensions>
            </trkpt>
            <trkpt lat="-40.0927605" lon="-71.6890928">
                <ele>663</ele>
                <extensions>
                    <osmand:speed>16.4</osmand:speed>
                </extensions>
            </trkpt>
            <trkpt lat="-40.0928221" lon="-71.6890043">
                <ele>663.5</ele>
                <extensions>
                    <osmand:speed>16.4</osmand:speed>
                </extensions>
            </trkpt>
            <trkpt lat="-40.0928898" lon="-71.6889186">
                <ele>664</ele>
                <extensions>
                    <osmand:speed>16.4</osmand:speed>
                </extensions>
            </trkpt>
            <trkpt lat="-40.0929676" lon="-71.6888301">
                <ele>664.2</ele>
                <extensions>
                    <osmand:speed>16.4</osmand:speed>
                </extensions>
            </trkpt>
            <trkpt lat="-40.0930478" lon="-71.6887523">
                <ele>664</ele>
                <extensions>
                    <osmand:speed>16.4</osmand:speed>
                </extensions>
            </trkpt>
            <trkpt lat="-40.0931338" lon="-71.6886799">
                <ele>663.5</ele>
                <extensions>
                    <osmand:speed>16.4</osmand:speed>
                </extensions>
            </trkpt>
            <trkpt lat="-40.0932222" lon="-71.6886155">
                <ele>662.8</ele>
                <extensions>
                    <osmand:speed>16.4</osmand:speed>
                </extensions>
            </trkpt>
            <trkpt lat="-40.0934602" lon="-71.6884358">
                <ele>660.5</ele>
                <extensions>
                    <osmand:speed>16.4</osmand:speed>
                </extensions>
            </trkpt>
            <trkpt lat="-40.0935442" lon="-71.6883525">
                <ele>659.5</ele>
                <extensions>
                    <osmand:speed>16.4</osmand:speed>
                </extensions>
            </trkpt>
            <trkpt lat="-40.0936223" lon="-71.6882613">
                <ele>658.8</ele>
                <extensions>
                    <osmand:speed>16.4</osmand:speed>
                </extensions>
            </trkpt>
            <trkpt lat="-40.0937022" lon="-71.6881594">
                <ele>658</ele>
                <extensions>
                    <osmand:speed>16.4</osmand:speed>
                </extensions>
            </trkpt>
            <trkpt lat="-40.0937762" lon="-71.6880494">
                <ele>657.2</ele>
                <extensions>
                    <osmand:speed>16.4</osmand:speed>
                </extensions>
            </trkpt>
            <trkpt lat="-40.0938171" lon="-71.6879718">
                <ele>657</ele>
                <extensions>
                    <osmand:speed>16.4</osmand:speed>
                </extensions>
            </trkpt>
            <trkpt lat="-40.0938499" lon="-71.6878885">
                <ele>657.1</ele>
                <extensions>
                    <osmand:speed>16.4</osmand:speed>
                </extensions>
            </trkpt>
            <trkpt lat="-40.0938747" lon="-71.6878028">
                <ele>657.2</ele>
                <extensions>
                    <osmand:speed>16.4</osmand:speed>
                </extensions>
            </trkpt>
            <trkpt lat="-40.0938911" lon="-71.6877222">
                <ele>657.5</ele>
                <extensions>
                    <osmand:speed>16.4</osmand:speed>
                </extensions>
            </trkpt>
            <trkpt lat="-40.0938993" lon="-71.6876444">
                <ele>657.8</ele>
                <extensions>
                    <osmand:speed>16.4</osmand:speed>
                </extensions>
            </trkpt>
            <trkpt lat="-40.0938993" lon="-71.6875641">
                <ele>658</ele>
                <extensions>
                    <osmand:speed>16.4</osmand:speed>
                </extensions>
            </trkpt>
            <trkpt lat="-40.0938952" lon="-71.6874837">
                <ele>658.5</ele>
                <extensions>
                    <osmand:speed>16.4</osmand:speed>
                </extensions>
            </trkpt>
            <trkpt lat="-40.0938829" lon="-71.687403">
                <ele>659.2</ele>
                <extensions>
                    <osmand:speed>16.4</osmand:speed>
                </extensions>
            </trkpt>
            <trkpt lat="-40.0938398" lon="-71.6870838">
                <ele>661.2</ele>
                <extensions>
                    <osmand:speed>16.4</osmand:speed>
                </extensions>
            </trkpt>
            <trkpt lat="-40.0938275" lon="-71.6869336">
                <ele>661.5</ele>
                <extensions>
                    <osmand:speed>16.4</osmand:speed>
                </extensions>
            </trkpt>
            <trkpt lat="-40.0938212" lon="-71.6867861">
                <ele>661.2</ele>
                <extensions>
                    <osmand:speed>16.4</osmand:speed>
                </extensions>
            </trkpt>
            <trkpt lat="-40.0938234" lon="-71.6866359">
                <ele>660.5</ele>
                <extensions>
                    <osmand:speed>16.4</osmand:speed>
                </extensions>
            </trkpt>
            <trkpt lat="-40.0938294" lon="-71.6865098">
                <ele>660</ele>
                <extensions>
                    <osmand:speed>16.4</osmand:speed>
                </extensions>
            </trkpt>
            <trkpt lat="-40.0938417" lon="-71.6863811">
                <ele>659.2</ele>
                <extensions>
                    <osmand:speed>16.4</osmand:speed>
                </extensions>
            </trkpt>
            <trkpt lat="-40.0938581" lon="-71.686255">
                <ele>658</ele>
                <extensions>
                    <osmand:speed>16.4</osmand:speed>
                </extensions>
            </trkpt>
            <trkpt lat="-40.0938829" lon="-71.6861318">
                <ele>656.8</ele>
                <extensions>
                    <osmand:speed>16.4</osmand:speed>
                </extensions>
            </trkpt>
            <trkpt lat="-40.0939116" lon="-71.6860029">
                <ele>655.5</ele>
                <extensions>
                    <osmand:speed>16.4</osmand:speed>
                </extensions>
            </trkpt>
            <trkpt lat="-40.0939443" lon="-71.6858795">
                <ele>654.2</ele>
                <extensions>
                    <osmand:speed>16.4</osmand:speed>
                </extensions>
            </trkpt>
            <trkpt lat="-40.0939833" lon="-71.6857561">
                <ele>653</ele>
                <extensions>
                    <osmand:speed>16.4</osmand:speed>
                </extensions>
            </trkpt>
            <trkpt lat="-40.0940286" lon="-71.6856381">
                <ele>652</ele>
                <extensions>
                    <osmand:speed>16.4</osmand:speed>
                </extensions>
            </trkpt>
            <trkpt lat="-40.0941599" lon="-71.6852438">
                <ele>650.8</ele>
                <extensions>
                    <osmand:speed>16.4</osmand:speed>
                </extensions>
            </trkpt>
            <trkpt lat="-40.0945087" lon="-71.6842031">
                <ele>653</ele>
                <extensions>
                    <osmand:speed>16.4</osmand:speed>
                </extensions>
            </trkpt>
            <trkpt lat="-40.0945518" lon="-71.6840773">
                <ele>652.9</ele>
                <extensions>
                    <osmand:speed>16.4</osmand:speed>
                </extensions>
            </trkpt>
            <trkpt lat="-40.0946031" lon="-71.6839566">
                <ele>652.9</ele>
                <extensions>
                    <osmand:speed>16.4</osmand:speed>
                </extensions>
            </trkpt>
            <trkpt lat="-40.0946626" lon="-71.683841">
                <ele>652.8</ele>
                <extensions>
                    <osmand:speed>16.4</osmand:speed>
                </extensions>
            </trkpt>
            <trkpt lat="-40.094724" lon="-71.6837312">
                <ele>652.8</ele>
                <extensions>
                    <osmand:speed>16.4</osmand:speed>
                </extensions>
            </trkpt>
            <trkpt lat="-40.0947917" lon="-71.6836293">
                <ele>652.8</ele>
                <extensions>
                    <osmand:speed>16.4</osmand:speed>
                </extensions>
            </trkpt>
            <trkpt lat="-40.0948656" lon="-71.6835328">
                <ele>652.2</ele>
                <extensions>
                    <osmand:speed>16.4</osmand:speed>
                </extensions>
            </trkpt>
            <trkpt lat="-40.0949437" lon="-71.6834414">
                <ele>651.5</ele>
                <extensions>
                    <osmand:speed>16.4</osmand:speed>
                </extensions>
            </trkpt>
            <trkpt lat="-40.0950463" lon="-71.6833287">
                <ele>650.5</ele>
                <extensions>
                    <osmand:speed>16.4</osmand:speed>
                </extensions>
            </trkpt>
            <trkpt lat="-40.0951489" lon="-71.6832189">
                <ele>649.5</ele>
                <extensions>
                    <osmand:speed>16.4</osmand:speed>
                </extensions>
            </trkpt>
            <trkpt lat="-40.0954115" lon="-71.6829827">
                <ele>645.8</ele>
                <extensions>
                    <osmand:speed>16.4</osmand:speed>
                </extensions>
            </trkpt>
            <trkpt lat="-40.0954524" lon="-71.6829398">
                <ele>645.2</ele>
                <extensions>
                    <osmand:speed>16.4</osmand:speed>
                </extensions>
            </trkpt>
            <trkpt lat="-40.0954895" lon="-71.6828942">
                <ele>645</ele>
                <extensions>
                    <osmand:speed>16.4</osmand:speed>
                </extensions>
            </trkpt>
            <trkpt lat="-40.0955201" lon="-71.6828408">
                <ele>644.8</ele>
                <extensions>
                    <osmand:speed>16.4</osmand:speed>
                </extensions>
            </trkpt>
            <trkpt lat="-40.095549" lon="-71.6827844">
                <ele>644.8</ele>
                <extensions>
                    <osmand:speed>16.4</osmand:speed>
                </extensions>
            </trkpt>
            <trkpt lat="-40.0955695" lon="-71.6827201">
                <ele>644.9</ele>
                <extensions>
                    <osmand:speed>16.4</osmand:speed>
                </extensions>
            </trkpt>
            <trkpt lat="-40.0955859" lon="-71.6826501">
                <ele>644.9</ele>
                <extensions>
                    <osmand:speed>16.4</osmand:speed>
                </extensions>
            </trkpt>
            <trkpt lat="-40.0955962" lon="-71.6825804">
                <ele>645</ele>
                <extensions>
                    <osmand:speed>16.4</osmand:speed>
                </extensions>
            </trkpt>
            <trkpt lat="-40.0956844" lon="-71.6819769">
                <ele>648.8</ele>
                <extensions>
                    <osmand:speed>16.4</osmand:speed>
                </extensions>
            </trkpt>
            <trkpt lat="-40.0958219" lon="-71.6807915">
                <ele>654.2</ele>
                <extensions>
                    <osmand:speed>16.4</osmand:speed>
                </extensions>
            </trkpt>
            <trkpt lat="-40.0958465" lon="-71.6806492">
                <ele>654.1</ele>
                <extensions>
                    <osmand:speed>16.4</osmand:speed>
                </extensions>
            </trkpt>
            <trkpt lat="-40.0958773" lon="-71.6805097">
                <ele>654</ele>
                <extensions>
                    <osmand:speed>16.4</osmand:speed>
                </extensions>
            </trkpt>
            <trkpt lat="-40.095912" lon="-71.6803917">
                <ele>653.5</ele>
                <extensions>
                    <osmand:speed>16.4</osmand:speed>
                </extensions>
            </trkpt>
            <trkpt lat="-40.0959532" lon="-71.6802819">
                <ele>653.5</ele>
                <extensions>
                    <osmand:speed>16.4</osmand:speed>
                </extensions>
            </trkpt>
            <trkpt lat="-40.096103" lon="-71.6799679">
                <ele>650</ele>
                <extensions>
                    <osmand:speed>16.4</osmand:speed>
                </extensions>
            </trkpt>
            <trkpt lat="-40.0961377" lon="-71.6798955">
                <ele>649.2</ele>
                <extensions>
                    <osmand:speed>16.4</osmand:speed>
                </extensions>
            </trkpt>
            <trkpt lat="-40.0961789" lon="-71.6798286">
                <ele>648.5</ele>
                <extensions>
                    <osmand:speed>16.4</osmand:speed>
                </extensions>
            </trkpt>
            <trkpt lat="-40.0962261" lon="-71.6797669">
                <ele>647.8</ele>
                <extensions>
                    <osmand:speed>16.4</osmand:speed>
                </extensions>
            </trkpt>
            <trkpt lat="-40.0962712" lon="-71.6797131">
                <ele>647.2</ele>
                <extensions>
                    <osmand:speed>16.4</osmand:speed>
                </extensions>
            </trkpt>
            <trkpt lat="-40.0963203" lon="-71.6796675">
                <ele>646.8</ele>
                <extensions>
                    <osmand:speed>16.4</osmand:speed>
                </extensions>
            </trkpt>
            <trkpt lat="-40.0963716" lon="-71.6796275">
                <ele>646</ele>
                <extensions>
                    <osmand:speed>16.4</osmand:speed>
                </extensions>
            </trkpt>
            <trkpt lat="-40.0964251" lon="-71.6795924">
                <ele>645.2</ele>
                <extensions>
                    <osmand:speed>16.4</osmand:speed>
                </extensions>
            </trkpt>
            <trkpt lat="-40.0965072" lon="-71.6795307">
                <ele>644.5</ele>
                <extensions>
                    <osmand:speed>16.4</osmand:speed>
                </extensions>
            </trkpt>
            <trkpt lat="-40.0965831" lon="-71.6794583">
                <ele>644.2</ele>
                <extensions>
                    <osmand:speed>16.4</osmand:speed>
                </extensions>
            </trkpt>
            <trkpt lat="-40.0966549" lon="-71.6793805">
                <ele>643.8</ele>
                <extensions>
                    <osmand:speed>16.4</osmand:speed>
                </extensions>
            </trkpt>
            <trkpt lat="-40.0967185" lon="-71.6793002">
                <ele>643.2</ele>
                <extensions>
                    <osmand:speed>16.4</osmand:speed>
                </extensions>
            </trkpt>
            <trkpt lat="-40.0967739" lon="-71.6792142">
                <ele>643</ele>
                <extensions>
                    <osmand:speed>16.4</osmand:speed>
                </extensions>
            </trkpt>
            <trkpt lat="-40.0968271" lon="-71.6791257">
                <ele>643.2</ele>
                <extensions>
                    <osmand:speed>16.4</osmand:speed>
                </extensions>
            </trkpt>
            <trkpt lat="-40.0968724" lon="-71.6790318">
                <ele>644</ele>
                <extensions>
                    <osmand:speed>16.4</osmand:speed>
                </extensions>
            </trkpt>
            <trkpt lat="-40.0972971" lon="-71.6780503">
                <ele>652.2</ele>
                <extensions>
                    <osmand:speed>16.4</osmand:speed>
                </extensions>
            </trkpt>
            <trkpt lat="-40.0979742" lon="-71.6764757">
                <ele>658.2</ele>
                <extensions>
                    <osmand:speed>16.4</osmand:speed>
                </extensions>
            </trkpt>
            <trkpt lat="-40.0981751" lon="-71.6760118">
                <ele>660.2</ele>
                <extensions>
                    <osmand:speed>16.4</osmand:speed>
                </extensions>
            </trkpt>
            <trkpt lat="-40.0990452" lon="-71.6739921">
                <ele>663</ele>
                <extensions>
                    <osmand:speed>4.2</osmand:speed>
                </extensions>
            </trkpt>
            <trkpt lat="-40.0992401" lon="-71.6736944">
                <ele>663.2</ele>
                <extensions>
                    <osmand:speed>4.2</osmand:speed>
                </extensions>
            </trkpt>
            <trkpt lat="-40.0993242" lon="-71.6735762">
                <ele>663.5</ele>
                <extensions>
                    <osmand:speed>4.2</osmand:speed>
                </extensions>
            </trkpt>
            <trkpt lat="-40.0994022" lon="-71.6734798">
                <ele>663.4</ele>
                <extensions>
                    <osmand:speed>4.2</osmand:speed>
                </extensions>
            </trkpt>
            <trkpt lat="-40.0995848" lon="-71.6732892">
                <ele>663.2</ele>
                <extensions>
                    <osmand:speed>4.2</osmand:speed>
                </extensions>
            </trkpt>
            <trkpt lat="-40.0999765" lon="-71.672879">
                <ele>665</ele>
                <extensions>
                    <osmand:speed>16.4</osmand:speed>
                </extensions>
            </trkpt>
            <trkpt lat="-40.1004135" lon="-71.6724123">
                <ele>663</ele>
                <extensions>
                    <osmand:speed>16.4</osmand:speed>
                </extensions>
            </trkpt>
            <trkpt lat="-40.1004588" lon="-71.6723614">
                <ele>662.2</ele>
                <extensions>
                    <osmand:speed>16.4</osmand:speed>
                </extensions>
            </trkpt>
            <trkpt lat="-40.100512" lon="-71.6722968">
                <ele>661.5</ele>
                <extensions>
                    <osmand:speed>16.4</osmand:speed>
                </extensions>
            </trkpt>
            <trkpt lat="-40.1005614" lon="-71.6722351">
                <ele>660.8</ele>
                <extensions>
                    <osmand:speed>16.4</osmand:speed>
                </extensions>
            </trkpt>
            <trkpt lat="-40.1006127" lon="-71.6721682">
                <ele>660</ele>
                <extensions>
                    <osmand:speed>16.4</osmand:speed>
                </extensions>
            </trkpt>
            <trkpt lat="-40.1007586" lon="-71.6719575">
                <ele>659.4</ele>
                <extensions>
                    <osmand:speed>16.4</osmand:speed>
                </extensions>
            </trkpt>
            <trkpt lat="-40.1009122" lon="-71.6717362">
                <ele>658.8</ele>
                <extensions>
                    <osmand:speed>16.4</osmand:speed>
                </extensions>
            </trkpt>
            <trkpt lat="-40.100988" lon="-71.6716316">
                <ele>658.5</ele>
                <extensions>
                    <osmand:speed>16.4</osmand:speed>
                </extensions>
            </trkpt>
            <trkpt lat="-40.1010639" lon="-71.6715431">
                <ele>658.4</ele>
                <extensions>
                    <osmand:speed>16.4</osmand:speed>
                </extensions>
            </trkpt>
            <trkpt lat="-40.101142" lon="-71.6714653">
                <ele>658.4</ele>
                <extensions>
                    <osmand:speed>16.4</osmand:speed>
                </extensions>
            </trkpt>
            <trkpt lat="-40.101222" lon="-71.6713984">
                <ele>658.3</ele>
                <extensions>
                    <osmand:speed>16.4</osmand:speed>
                </extensions>
            </trkpt>
            <trkpt lat="-40.1013041" lon="-71.6713421">
                <ele>658.2</ele>
                <extensions>
                    <osmand:speed>16.4</osmand:speed>
                </extensions>
            </trkpt>
            <trkpt lat="-40.101386" lon="-71.6712912">
                <ele>658.5</ele>
                <extensions>
                    <osmand:speed>16.4</osmand:speed>
                </extensions>
            </trkpt>
            <trkpt lat="-40.1018847" lon="-71.6709934">
                <ele>660.2</ele>
                <extensions>
                    <osmand:speed>16.4</osmand:speed>
                </extensions>
            </trkpt>
            <trkpt lat="-40.1019606" lon="-71.6709478">
                <ele>660.8</ele>
                <extensions>
                    <osmand:speed>16.4</osmand:speed>
                </extensions>
            </trkpt>
            <trkpt lat="-40.1020406" lon="-71.6708861">
                <ele>661.2</ele>
                <extensions>
                    <osmand:speed>16.4</osmand:speed>
                </extensions>
            </trkpt>
            <trkpt lat="-40.1021145" lon="-71.6708162">
                <ele>662</ele>
                <extensions>
                    <osmand:speed>16.4</osmand:speed>
                </extensions>
            </trkpt>
            <trkpt lat="-40.1021822" lon="-71.6707333">
                <ele>663.2</ele>
                <extensions>
                    <osmand:speed>16.4</osmand:speed>
                </extensions>
            </trkpt>
            <trkpt lat="-40.1022417" lon="-71.6706392">
                <ele>665</ele>
                <extensions>
                    <osmand:speed>16.4</osmand:speed>
                </extensions>
            </trkpt>
            <trkpt lat="-40.1022928" lon="-71.6705453">
                <ele>666.8</ele>
                <extensions>
                    <osmand:speed>16.4</osmand:speed>
                </extensions>
            </trkpt>
            <trkpt lat="-40.102334" lon="-71.6704434">
                <ele>668</ele>
                <extensions>
                    <osmand:speed>16.4</osmand:speed>
                </extensions>
            </trkpt>
            <trkpt lat="-40.1023689" lon="-71.6703388">
                <ele>669</ele>
                <extensions>
                    <osmand:speed>16.4</osmand:speed>
                </extensions>
            </trkpt>
            <trkpt lat="-40.1026397" lon="-71.6694217">
                <ele>675.8</ele>
                <extensions>
                    <osmand:speed>16.4</osmand:speed>
                </extensions>
            </trkpt>
            <trkpt lat="-40.1026684" lon="-71.6693358">
                <ele>676</ele>
                <extensions>
                    <osmand:speed>16.4</osmand:speed>
                </extensions>
            </trkpt>
            <trkpt lat="-40.1027033" lon="-71.669242">
                <ele>676.1</ele>
                <extensions>
                    <osmand:speed>16.4</osmand:speed>
                </extensions>
            </trkpt>
            <trkpt lat="-40.1027402" lon="-71.6691586">
                <ele>676.2</ele>
                <extensions>
                    <osmand:speed>16.4</osmand:speed>
                </extensions>
            </trkpt>
            <trkpt lat="-40.1027792" lon="-71.6690835">
                <ele>676.5</ele>
                <extensions>
                    <osmand:speed>16.4</osmand:speed>
                </extensions>
            </trkpt>
            <trkpt lat="-40.1028223" lon="-71.669014">
                <ele>676.8</ele>
                <extensions>
                    <osmand:speed>16.4</osmand:speed>
                </extensions>
            </trkpt>
            <trkpt lat="-40.1028715" lon="-71.6689494">
                <ele>677</ele>
                <extensions>
                    <osmand:speed>16.4</osmand:speed>
                </extensions>
            </trkpt>
            <trkpt lat="-40.1029206" lon="-71.6688877">
                <ele>677.2</ele>
                <extensions>
                    <osmand:speed>16.4</osmand:speed>
                </extensions>
            </trkpt>
            <trkpt lat="-40.1037043" lon="-71.6680777">
                <ele>677.4</ele>
                <extensions>
                    <osmand:speed>16.4</osmand:speed>
                </extensions>
            </trkpt>
            <trkpt lat="-40.1037455" lon="-71.6680428">
                <ele>677.4</ele>
                <extensions>
                    <osmand:speed>16.4</osmand:speed>
                </extensions>
            </trkpt>
            <trkpt lat="-40.1037865" lon="-71.6680108">
                <ele>677.4</ele>
                <extensions>
                    <osmand:speed>16.4</osmand:speed>
                </extensions>
            </trkpt>
            <trkpt lat="-40.1038296" lon="-71.6679838">
                <ele>677.4</ele>
                <extensions>
                    <osmand:speed>16.4</osmand:speed>
                </extensions>
            </trkpt>
            <trkpt lat="-40.1038746" lon="-71.6679625">
                <ele>677.5</ele>
                <extensions>
                    <osmand:speed>16.4</osmand:speed>
                </extensions>
            </trkpt>
            <trkpt lat="-40.103924" lon="-71.6679491">
                <ele>677.5</ele>
                <extensions>
                    <osmand:speed>16.4</osmand:speed>
                </extensions>
            </trkpt>
            <trkpt lat="-40.1041536" lon="-71.6678901">
                <ele>677.5</ele>
                <extensions>
                    <osmand:speed>16.4</osmand:speed>
                </extensions>
            </trkpt>
            <trkpt lat="-40.1042194" lon="-71.6678765">
                <ele>677.8</ele>
                <extensions>
                    <osmand:speed>16.4</osmand:speed>
                </extensions>
            </trkpt>
            <trkpt lat="-40.1042808" lon="-71.6678713">
                <ele>677.7</ele>
                <extensions>
                    <osmand:speed>16.4</osmand:speed>
                </extensions>
            </trkpt>
            <trkpt lat="-40.1043444" lon="-71.667874">
                <ele>677.6</ele>
                <extensions>
                    <osmand:speed>16.4</osmand:speed>
                </extensions>
            </trkpt>
            <trkpt lat="-40.104408" lon="-71.6678848">
                <ele>677.5</ele>
                <extensions>
                    <osmand:speed>16.4</osmand:speed>
                </extensions>
            </trkpt>
            <trkpt lat="-40.1044697" lon="-71.6678982">
                <ele>677.2</ele>
                <extensions>
                    <osmand:speed>16.4</osmand:speed>
                </extensions>
            </trkpt>
            <trkpt lat="-40.1054729" lon="-71.6681583">
                <ele>671.2</ele>
                <extensions>
                    <osmand:speed>16.4</osmand:speed>
                </extensions>
            </trkpt>
            <trkpt lat="-40.1055261" lon="-71.6681689">
                <ele>670.5</ele>
                <extensions>
                    <osmand:speed>16.4</osmand:speed>
                </extensions>
            </trkpt>
            <trkpt lat="-40.1055775" lon="-71.6681718">
                <ele>669.8</ele>
                <extensions>
                    <osmand:speed>16.4</osmand:speed>
                </extensions>
            </trkpt>
            <trkpt lat="-40.1056266" lon="-71.6681689">
                <ele>669.2</ele>
                <extensions>
                    <osmand:speed>16.4</osmand:speed>
                </extensions>
            </trkpt>
            <trkpt lat="-40.1056779" lon="-71.6681583">
                <ele>668.8</ele>
                <extensions>
                    <osmand:speed>16.4</osmand:speed>
                </extensions>
            </trkpt>
            <trkpt lat="-40.1057271" lon="-71.6681422">
                <ele>668.2</ele>
                <extensions>
                    <osmand:speed>16.4</osmand:speed>
                </extensions>
            </trkpt>
            <trkpt lat="-40.1057765" lon="-71.6681206">
                <ele>668</ele>
                <extensions>
                    <osmand:speed>16.4</osmand:speed>
                </extensions>
            </trkpt>
            <trkpt lat="-40.1058215" lon="-71.6680938">
                <ele>668.1</ele>
                <extensions>
                    <osmand:speed>16.4</osmand:speed>
                </extensions>
            </trkpt>
            <trkpt lat="-40.1058606" lon="-71.6680589">
                <ele>668.2</ele>
                <extensions>
                    <osmand:speed>16.4</osmand:speed>
                </extensions>
            </trkpt>
            <trkpt lat="-40.1058974" lon="-71.6680189">
                <ele>668.5</ele>
                <extensions>
                    <osmand:speed>16.4</osmand:speed>
                </extensions>
            </trkpt>
            <trkpt lat="-40.1059796" lon="-71.6679304">
                <ele>669</ele>
                <extensions>
                    <osmand:speed>16.4</osmand:speed>
                </extensions>
            </trkpt>
            <trkpt lat="-40.1060246" lon="-71.6678874">
                <ele>668.9</ele>
                <extensions>
                    <osmand:speed>16.4</osmand:speed>
                </extensions>
            </trkpt>
            <trkpt lat="-40.1060759" lon="-71.6678553">
                <ele>668.8</ele>
                <extensions>
                    <osmand:speed>16.4</osmand:speed>
                </extensions>
            </trkpt>
            <trkpt lat="-40.1061273" lon="-71.6678309">
                <ele>668.2</ele>
                <extensions>
                    <osmand:speed>16.4</osmand:speed>
                </extensions>
            </trkpt>
            <trkpt lat="-40.1061846" lon="-71.6678123">
                <ele>667.2</ele>
                <extensions>
                    <osmand:speed>16.4</osmand:speed>
                </extensions>
            </trkpt>
            <trkpt lat="-40.1066176" lon="-71.6676755">
                <ele>661</ele>
                <extensions>
                    <osmand:speed>16.4</osmand:speed>
                </extensions>
            </trkpt>
            <trkpt lat="-40.1066771" lon="-71.6676512">
                <ele>660.2</ele>
                <extensions>
                    <osmand:speed>16.4</osmand:speed>
                </extensions>
            </trkpt>
            <trkpt lat="-40.1067325" lon="-71.6676244">
                <ele>659.5</ele>
                <extensions>
                    <osmand:speed>16.4</osmand:speed>
                </extensions>
            </trkpt>
            <trkpt lat="-40.1067898" lon="-71.6675949">
                <ele>658.8</ele>
                <extensions>
                    <osmand:speed>16.4</osmand:speed>
                </extensions>
            </trkpt>
            <trkpt lat="-40.1068452" lon="-71.6675575">
                <ele>658</ele>
                <extensions>
                    <osmand:speed>16.4</osmand:speed>
                </extensions>
            </trkpt>
            <trkpt lat="-40.1068966" lon="-71.6675171">
                <ele>657.5</ele>
                <extensions>
                    <osmand:speed>16.4</osmand:speed>
                </extensions>
            </trkpt>
            <trkpt lat="-40.1087019" lon="-71.6659936">
                <ele>652.8</ele>
                <extensions>
                    <osmand:speed>16.4</osmand:speed>
                </extensions>
            </trkpt>
            <trkpt lat="-40.1087551" lon="-71.6659536">
                <ele>653</ele>
                <extensions>
                    <osmand:speed>16.4</osmand:speed>
                </extensions>
            </trkpt>
            <trkpt lat="-40.1088043" lon="-71.6659212">
                <ele>653.2</ele>
                <extensions>
                    <osmand:speed>16.4</osmand:speed>
                </extensions>
            </trkpt>
            <trkpt lat="-40.1088597" lon="-71.6658917">
                <ele>653.5</ele>
                <extensions>
                    <osmand:speed>16.4</osmand:speed>
                </extensions>
            </trkpt>
            <trkpt lat="-40.1089151" lon="-71.6658677">
                <ele>653.8</ele>
                <extensions>
                    <osmand:speed>16.4</osmand:speed>
                </extensions>
            </trkpt>
            <trkpt lat="-40.1089746" lon="-71.6658461">
                <ele>654</ele>
                <extensions>
                    <osmand:speed>16.4</osmand:speed>
                </extensions>
            </trkpt>
            <trkpt lat="-40.1090301" lon="-71.66583">
                <ele>654.2</ele>
                <extensions>
                    <osmand:speed>16.4</osmand:speed>
                </extensions>
            </trkpt>
            <trkpt lat="-40.1090855" lon="-71.6658221">
                <ele>654.4</ele>
                <extensions>
                    <osmand:speed>16.4</osmand:speed>
                </extensions>
            </trkpt>
            <trkpt lat="-40.1091428" lon="-71.6658195">
                <ele>654.6</ele>
                <extensions>
                    <osmand:speed>16.4</osmand:speed>
                </extensions>
            </trkpt>
            <trkpt lat="-40.1092659" lon="-71.6658112">
                <ele>654.6</ele>
                <extensions>
                    <osmand:speed>16.4</osmand:speed>
                </extensions>
            </trkpt>
            <trkpt lat="-40.1093787" lon="-71.665806">
                <ele>655</ele>
                <extensions>
                    <osmand:speed>16.4</osmand:speed>
                </extensions>
            </trkpt>
            <trkpt lat="-40.1105008" lon="-71.6657522">
                <ele>654</ele>
                <extensions>
                    <osmand:speed>16.4</osmand:speed>
                </extensions>
            </trkpt>
            <trkpt lat="-40.1105767" lon="-71.6657444">
                <ele>653.8</ele>
                <extensions>
                    <osmand:speed>16.4</osmand:speed>
                </extensions>
            </trkpt>
            <trkpt lat="-40.1106526" lon="-71.6657309">
                <ele>653.5</ele>
                <extensions>
                    <osmand:speed>16.4</osmand:speed>
                </extensions>
            </trkpt>
            <trkpt lat="-40.1107266" lon="-71.6657093">
                <ele>653.4</ele>
                <extensions>
                    <osmand:speed>16.4</osmand:speed>
                </extensions>
            </trkpt>
            <trkpt lat="-40.1108025" lon="-71.6656771">
                <ele>653.4</ele>
                <extensions>
                    <osmand:speed>16.4</osmand:speed>
                </extensions>
            </trkpt>
            <trkpt lat="-40.1108721" lon="-71.6656397">
                <ele>653.3</ele>
                <extensions>
                    <osmand:speed>16.4</osmand:speed>
                </extensions>
            </trkpt>
            <trkpt lat="-40.1109379" lon="-71.6655968">
                <ele>653.2</ele>
                <extensions>
                    <osmand:speed>16.4</osmand:speed>
                </extensions>
            </trkpt>
            <trkpt lat="-40.1110034" lon="-71.6655486">
                <ele>653</ele>
                <extensions>
                    <osmand:speed>16.4</osmand:speed>
                </extensions>
            </trkpt>
            <trkpt lat="-40.1126446" lon="-71.6641214">
                <ele>657</ele>
                <extensions>
                    <osmand:speed>11.1</osmand:speed>
                </extensions>
            </trkpt>
            <trkpt lat="-40.1131369" lon="-71.6638371">
                <ele>658.2</ele>
                <extensions>
                    <osmand:speed>11.1</osmand:speed>
                </extensions>
            </trkpt>
            <trkpt lat="-40.1131655" lon="-71.6638185">
                <ele>658.2</ele>
                <extensions>
                    <osmand:speed>11.1</osmand:speed>
                </extensions>
            </trkpt>
            <trkpt lat="-40.1131964" lon="-71.6637998">
                <ele>658.2</ele>
                <extensions>
                    <osmand:speed>11.1</osmand:speed>
                </extensions>
            </trkpt>
            <trkpt lat="-40.113227" lon="-71.6637754">
                <ele>658.2</ele>
                <extensions>
                    <osmand:speed>11.1</osmand:speed>
                </extensions>
            </trkpt>
            <trkpt lat="-40.1132559" lon="-71.6637542">
                <ele>658.2</ele>
                <extensions>
                    <osmand:speed>11.1</osmand:speed>
                </extensions>
            </trkpt>
            <trkpt lat="-40.113461" lon="-71.6635823">
                <ele>658</ele>
                <extensions>
                    <osmand:speed>5.6</osmand:speed>
                </extensions>
            </trkpt>
            <trkpt lat="-40.1135655" lon="-71.6634938">
                <ele>658</ele>
                <extensions>
                    <osmand:speed>0.5</osmand:speed>
                </extensions>
            </trkpt>
            <trkpt lat="-40.1136169" lon="-71.6634511">
                <ele>658</ele>
                <extensions>
                    <osmand:speed>0.5</osmand:speed>
                </extensions>
            </trkpt>
            <trkpt lat="-40.1136682" lon="-71.6634081">
                <ele>658</ele>
                <extensions>
                    <osmand:speed>5.6</osmand:speed>
                </extensions>
            </trkpt>
            <trkpt lat="-40.1137152" lon="-71.6633704">
                <ele>658</ele>
                <extensions>
                    <osmand:speed>11.1</osmand:speed>
                </extensions>
            </trkpt>
            <trkpt lat="-40.1138159" lon="-71.6632901">
                <ele>657.8</ele>
                <extensions>
                    <osmand:speed>11.1</osmand:speed>
                </extensions>
            </trkpt>
            <trkpt lat="-40.1138446" lon="-71.6632631">
                <ele>657.8</ele>
                <extensions>
                    <osmand:speed>11.1</osmand:speed>
                </extensions>
            </trkpt>
            <trkpt lat="-40.1138711" lon="-71.663239">
                <ele>657.8</ele>
                <extensions>
                    <osmand:speed>11.1</osmand:speed>
                </extensions>
            </trkpt>
            <trkpt lat="-40.1139019" lon="-71.6632097">
                <ele>657.8</ele>
                <extensions>
                    <osmand:speed>11.1</osmand:speed>
                </extensions>
            </trkpt>
            <trkpt lat="-40.1139306" lon="-71.6631802">
                <ele>657.8</ele>
                <extensions>
                    <osmand:speed>11.1</osmand:speed>
                </extensions>
            </trkpt>
            <trkpt lat="-40.1139574" lon="-71.6631533">
                <ele>657.8</ele>
                <extensions>
                    <osmand:speed>11.1</osmand:speed>
                </extensions>
            </trkpt>
            <trkpt lat="-40.1139841" lon="-71.6631212">
                <ele>657.8</ele>
                <extensions>
                    <osmand:speed>11.1</osmand:speed>
                </extensions>
            </trkpt>
            <trkpt lat="-40.1143697" lon="-71.6626518">
                <ele>658</ele>
                <extensions>
                    <osmand:speed>16.4</osmand:speed>
                </extensions>
            </trkpt>
            <trkpt lat="-40.1150179" lon="-71.6621017">
                <ele>656.5</ele>
                <extensions>
                    <osmand:speed>16.4</osmand:speed>
                </extensions>
            </trkpt>
            <trkpt lat="-40.1151839" lon="-71.6619569">
                <ele>656.4</ele>
                <extensions>
                    <osmand:speed>16.4</osmand:speed>
                </extensions>
            </trkpt>
            <trkpt lat="-40.1153562" lon="-71.6618201">
                <ele>656.2</ele>
                <extensions>
                    <osmand:speed>16.4</osmand:speed>
                </extensions>
            </trkpt>
            <trkpt lat="-40.1155307" lon="-71.6616915">
                <ele>656</ele>
                <extensions>
                    <osmand:speed>16.4</osmand:speed>
                </extensions>
            </trkpt>
            <trkpt lat="-40.1157256" lon="-71.6615547">
                <ele>655.5</ele>
                <extensions>
                    <osmand:speed>16.4</osmand:speed>
                </extensions>
            </trkpt>
            <trkpt lat="-40.1159266" lon="-71.6614258">
                <ele>655.2</ele>
                <extensions>
                    <osmand:speed>16.4</osmand:speed>
                </extensions>
            </trkpt>
            <trkpt lat="-40.1161317" lon="-71.6613078">
                <ele>654.5</ele>
                <extensions>
                    <osmand:speed>16.4</osmand:speed>
                </extensions>
            </trkpt>
            <trkpt lat="-40.1165399" lon="-71.6610959">
                <ele>654</ele>
                <extensions>
                    <osmand:speed>16.4</osmand:speed>
                </extensions>
            </trkpt>
            <trkpt lat="-40.1175388" lon="-71.6605809">
                <ele>652</ele>
                <extensions>
                    <osmand:speed>16.4</osmand:speed>
                </extensions>
            </trkpt>
            <trkpt lat="-40.1181193" lon="-71.6602726">
                <ele>651.7</ele>
                <extensions>
                    <osmand:speed>16.4</osmand:speed>
                </extensions>
            </trkpt>
            <trkpt lat="-40.1183757" lon="-71.6601464">
                <ele>651.5</ele>
                <extensions>
                    <osmand:speed>16.4</osmand:speed>
                </extensions>
            </trkpt>
            <trkpt lat="-40.1186668" lon="-71.6600339">
                <ele>650</ele>
                <extensions>
                    <osmand:speed>16.4</osmand:speed>
                </extensions>
            </trkpt>
            <trkpt lat="-40.1191633" lon="-71.6598247">
                <ele>646.5</ele>
                <extensions>
                    <osmand:speed>16.4</osmand:speed>
                </extensions>
            </trkpt>
            <trkpt lat="-40.1192411" lon="-71.6597791">
                <ele>646</ele>
                <extensions>
                    <osmand:speed>16.4</osmand:speed>
                </extensions>
            </trkpt>
            <trkpt lat="-40.1193211" lon="-71.6597121">
                <ele>645.5</ele>
                <extensions>
                    <osmand:speed>16.4</osmand:speed>
                </extensions>
            </trkpt>
            <trkpt lat="-40.1193724" lon="-71.6596502">
                <ele>645.2</ele>
                <extensions>
                    <osmand:speed>16.4</osmand:speed>
                </extensions>
            </trkpt>
            <trkpt lat="-40.1194175" lon="-71.6595619">
                <ele>645</ele>
                <extensions>
                    <osmand:speed>16.4</osmand:speed>
                </extensions>
            </trkpt>
            <trkpt lat="-40.1194462" lon="-71.6594812">
                <ele>644.8</ele>
                <extensions>
                    <osmand:speed>16.4</osmand:speed>
                </extensions>
            </trkpt>
            <trkpt lat="-40.1194751" lon="-71.6593714">
                <ele>644.2</ele>
                <extensions>
                    <osmand:speed>16.4</osmand:speed>
                </extensions>
            </trkpt>
            <trkpt lat="-40.1194792" lon="-71.6592963">
                <ele>644</ele>
                <extensions>
                    <osmand:speed>16.4</osmand:speed>
                </extensions>
            </trkpt>
            <trkpt lat="-40.1194792" lon="-71.659213">
                <ele>643.8</ele>
                <extensions>
                    <osmand:speed>16.4</osmand:speed>
                </extensions>
            </trkpt>
            <trkpt lat="-40.1194134" lon="-71.6584166">
                <ele>643</ele>
                <extensions>
                    <osmand:speed>16.4</osmand:speed>
                </extensions>
            </trkpt>
            <trkpt lat="-40.1193847" lon="-71.6579633">
                <ele>643.2</ele>
                <extensions>
                    <osmand:speed>16.4</osmand:speed>
                </extensions>
            </trkpt>
            <trkpt lat="-40.1193929" lon="-71.6577138">
                <ele>643.5</ele>
                <extensions>
                    <osmand:speed>16.4</osmand:speed>
                </extensions>
            </trkpt>
            <trkpt lat="-40.1194279" lon="-71.6574588">
                <ele>643.8</ele>
                <extensions>
                    <osmand:speed>16.4</osmand:speed>
                </extensions>
            </trkpt>
            <trkpt lat="-40.1194811" lon="-71.6571801">
                <ele>645.5</ele>
                <extensions>
                    <osmand:speed>16.4</osmand:speed>
                </extensions>
            </trkpt>
            <trkpt lat="-40.1195571" lon="-71.6569036">
                <ele>646</ele>
                <extensions>
                    <osmand:speed>16.4</osmand:speed>
                </extensions>
            </trkpt>
            <trkpt lat="-40.12016" lon="-71.6552433">
                <ele>643.5</ele>
                <extensions>
                    <osmand:speed>16.4</osmand:speed>
                </extensions>
            </trkpt>
            <trkpt lat="-40.1205333" lon="-71.654184">
                <ele>645</ele>
                <extensions>
                    <osmand:speed>16.4</osmand:speed>
                </extensions>
            </trkpt>
            <trkpt lat="-40.1207078" lon="-71.6537897">
                <ele>646.2</ele>
                <extensions>
                    <osmand:speed>16.4</osmand:speed>
                </extensions>
            </trkpt>
            <trkpt lat="-40.1208676" lon="-71.6534572">
                <ele>648</ele>
                <extensions>
                    <osmand:speed>16.4</osmand:speed>
                </extensions>
            </trkpt>
            <trkpt lat="-40.1210686" lon="-71.6531619">
                <ele>650</ele>
                <extensions>
                    <osmand:speed>16.4</osmand:speed>
                </extensions>
            </trkpt>
            <trkpt lat="-40.121239" lon="-71.6528937">
                <ele>652</ele>
                <extensions>
                    <osmand:speed>16.4</osmand:speed>
                </extensions>
            </trkpt>
            <trkpt lat="-40.1220512" lon="-71.6517218">
                <ele>651.8</ele>
                <extensions>
                    <osmand:speed>16.4</osmand:speed>
                </extensions>
            </trkpt>
            <trkpt lat="-40.1222541" lon="-71.6513246">
                <ele>649.2</ele>
                <extensions>
                    <osmand:speed>16.4</osmand:speed>
                </extensions>
            </trkpt>
            <trkpt lat="-40.1227525" lon="-71.649973">
                <ele>643.2</ele>
                <extensions>
                    <osmand:speed>16.4</osmand:speed>
                </extensions>
            </trkpt>
            <trkpt lat="-40.1229126" lon="-71.6494151">
                <ele>645.8</ele>
                <extensions>
                    <osmand:speed>16.4</osmand:speed>
                </extensions>
            </trkpt>
            <trkpt lat="-40.1230294" lon="-71.6490986">
                <ele>647.5</ele>
                <extensions>
                    <osmand:speed>16.4</osmand:speed>
                </extensions>
            </trkpt>
            <trkpt lat="-40.1231567" lon="-71.6488221">
                <ele>650.5</ele>
                <extensions>
                    <osmand:speed>16.4</osmand:speed>
                </extensions>
            </trkpt>
            <trkpt lat="-40.1233391" lon="-71.6486158">
                <ele>651.5</ele>
                <extensions>
                    <osmand:speed>16.4</osmand:speed>
                </extensions>
            </trkpt>
            <trkpt lat="-40.1235565" lon="-71.6484493">
                <ele>651.8</ele>
                <extensions>
                    <osmand:speed>16.4</osmand:speed>
                </extensions>
            </trkpt>
            <trkpt lat="-40.124584" lon="-71.6479372">
                <ele>650.5</ele>
                <extensions>
                    <osmand:speed>16.4</osmand:speed>
                </extensions>
            </trkpt>
            <trkpt lat="-40.1247522" lon="-71.6478297">
                <ele>650.6</ele>
                <extensions>
                    <osmand:speed>16.4</osmand:speed>
                </extensions>
            </trkpt>
            <trkpt lat="-40.1252835" lon="-71.6474705">
                <ele>651</ele>
                <extensions>
                    <osmand:speed>16.4</osmand:speed>
                </extensions>
            </trkpt>
            <trkpt lat="-40.1257202" lon="-71.647154">
                <ele>652.2</ele>
                <extensions>
                    <osmand:speed>16.4</osmand:speed>
                </extensions>
            </trkpt>
            <trkpt lat="-40.1258453" lon="-71.6470199">
                <ele>653</ele>
                <extensions>
                    <osmand:speed>16.4</osmand:speed>
                </extensions>
            </trkpt>
            <trkpt lat="-40.125948" lon="-71.6468641">
                <ele>654</ele>
                <extensions>
                    <osmand:speed>16.4</osmand:speed>
                </extensions>
            </trkpt>
            <trkpt lat="-40.1260157" lon="-71.6466873">
                <ele>654.8</ele>
                <extensions>
                    <osmand:speed>16.4</osmand:speed>
                </extensions>
            </trkpt>
            <trkpt lat="-40.1263232" lon="-71.6458395">
                <ele>655.5</ele>
                <extensions>
                    <osmand:speed>16.4</osmand:speed>
                </extensions>
            </trkpt>
            <trkpt lat="-40.1264011" lon="-71.6456975">
                <ele>655.2</ele>
                <extensions>
                    <osmand:speed>16.4</osmand:speed>
                </extensions>
            </trkpt>
            <trkpt lat="-40.1264874" lon="-71.6455632">
                <ele>655.5</ele>
                <extensions>
                    <osmand:speed>16.4</osmand:speed>
                </extensions>
            </trkpt>
            <trkpt lat="-40.1265898" lon="-71.6454935">
                <ele>655</ele>
                <extensions>
                    <osmand:speed>16.4</osmand:speed>
                </extensions>
            </trkpt>
            <trkpt lat="-40.1267458" lon="-71.6454157">
                <ele>654.5</ele>
                <extensions>
                    <osmand:speed>16.4</osmand:speed>
                </extensions>
            </trkpt>
            <trkpt lat="-40.1278408" lon="-71.6449975">
                <ele>653</ele>
                <extensions>
                    <osmand:speed>16.4</osmand:speed>
                </extensions>
            </trkpt>
            <trkpt lat="-40.1279967" lon="-71.6449224">
                <ele>653.4</ele>
                <extensions>
                    <osmand:speed>16.4</osmand:speed>
                </extensions>
            </trkpt>
            <trkpt lat="-40.1284417" lon="-71.6446191">
                <ele>654.8</ele>
                <extensions>
                    <osmand:speed>16.4</osmand:speed>
                </extensions>
            </trkpt>
            <trkpt lat="-40.1285567" lon="-71.6445925">
                <ele>654</ele>
                <extensions>
                    <osmand:speed>16.4</osmand:speed>
                </extensions>
            </trkpt>
            <trkpt lat="-40.1293379" lon="-71.6445574">
                <ele>649.5</ele>
                <extensions>
                    <osmand:speed>16.4</osmand:speed>
                </extensions>
            </trkpt>
            <trkpt lat="-40.1297173" lon="-71.6444583">
                <ele>651.2</ele>
                <extensions>
                    <osmand:speed>16.4</osmand:speed>
                </extensions>
            </trkpt>
            <trkpt lat="-40.1298711" lon="-71.6443911">
                <ele>652.5</ele>
                <extensions>
                    <osmand:speed>16.4</osmand:speed>
                </extensions>
            </trkpt>
            <trkpt lat="-40.1299984" lon="-71.644316">
                <ele>653.5</ele>
                <extensions>
                    <osmand:speed>16.4</osmand:speed>
                </extensions>
            </trkpt>
            <trkpt lat="-40.1303163" lon="-71.6440129">
                <ele>657.2</ele>
                <extensions>
                    <osmand:speed>16.4</osmand:speed>
                </extensions>
            </trkpt>
            <trkpt lat="-40.1304597" lon="-71.6439299">
                <ele>657.8</ele>
                <extensions>
                    <osmand:speed>16.4</osmand:speed>
                </extensions>
            </trkpt>
            <trkpt lat="-40.1306135" lon="-71.6438736">
                <ele>658</ele>
                <extensions>
                    <osmand:speed>16.4</osmand:speed>
                </extensions>
            </trkpt>
            <trkpt lat="-40.1313765" lon="-71.6436322">
                <ele>658.8</ele>
                <extensions>
                    <osmand:speed>16.4</osmand:speed>
                </extensions>
            </trkpt>
            <trkpt lat="-40.1314953" lon="-71.6435784">
                <ele>659.2</ele>
                <extensions>
                    <osmand:speed>16.4</osmand:speed>
                </extensions>
            </trkpt>
            <trkpt lat="-40.1316573" lon="-71.6434471">
                <ele>660.5</ele>
                <extensions>
                    <osmand:speed>16.4</osmand:speed>
                </extensions>
            </trkpt>
            <trkpt lat="-40.1317701" lon="-71.6432943">
                <ele>661.8</ele>
                <extensions>
                    <osmand:speed>16.4</osmand:speed>
                </extensions>
            </trkpt>
            <trkpt lat="-40.1320348" lon="-71.6427686">
                <ele>670.8</ele>
                <extensions>
                    <osmand:speed>16.4</osmand:speed>
                </extensions>
            </trkpt>
            <trkpt lat="-40.1321763" lon="-71.6425111">
                <ele>674.2</ele>
                <extensions>
                    <osmand:speed>16.4</osmand:speed>
                </extensions>
            </trkpt>
            <trkpt lat="-40.1322869" lon="-71.6423743">
                <ele>676</ele>
                <extensions>
                    <osmand:speed>16.4</osmand:speed>
                </extensions>
            </trkpt>
            <trkpt lat="-40.1323956" lon="-71.6422909">
                <ele>677.2</ele>
                <extensions>
                    <osmand:speed>16.4</osmand:speed>
                </extensions>
            </trkpt>
            <trkpt lat="-40.133505" lon="-71.6415669">
                <ele>680</ele>
                <extensions>
                    <osmand:speed>16.4</osmand:speed>
                </extensions>
            </trkpt>
            <trkpt lat="-40.134713" lon="-71.6408506">
                <ele>673.5</ele>
                <extensions>
                    <osmand:speed>16.4</osmand:speed>
                </extensions>
            </trkpt>
            <trkpt lat="-40.1355107" lon="-71.6405262">
                <ele>664.8</ele>
                <extensions>
                    <osmand:speed>16.4</osmand:speed>
                </extensions>
            </trkpt>
            <trkpt lat="-40.1357607" lon="-71.6403894">
                <ele>661.8</ele>
                <extensions>
                    <osmand:speed>16.4</osmand:speed>
                </extensions>
            </trkpt>
            <trkpt lat="-40.135976" lon="-71.6402231">
                <ele>659.8</ele>
                <extensions>
                    <osmand:speed>16.4</osmand:speed>
                </extensions>
            </trkpt>
            <trkpt lat="-40.1363574" lon="-71.6398367">
                <ele>656.2</ele>
                <extensions>
                    <osmand:speed>16.4</osmand:speed>
                </extensions>
            </trkpt>
            <trkpt lat="-40.1365093" lon="-71.6396704">
                <ele>656</ele>
                <extensions>
                    <osmand:speed>16.4</osmand:speed>
                </extensions>
            </trkpt>
            <trkpt lat="-40.1366426" lon="-71.6395606">
                <ele>656.2</ele>
                <extensions>
                    <osmand:speed>16.4</osmand:speed>
                </extensions>
            </trkpt>
            <trkpt lat="-40.1367759" lon="-71.6394372">
                <ele>657.2</ele>
                <extensions>
                    <osmand:speed>16.4</osmand:speed>
                </extensions>
            </trkpt>
            <trkpt lat="-40.1369338" lon="-71.6393405">
                <ele>656.8</ele>
                <extensions>
                    <osmand:speed>16.4</osmand:speed>
                </extensions>
            </trkpt>
            <trkpt lat="-40.1371696" lon="-71.6391851">
                <ele>656.2</ele>
                <extensions>
                    <osmand:speed>16.4</osmand:speed>
                </extensions>
            </trkpt>
            <trkpt lat="-40.1373439" lon="-71.6390644">
                <ele>656</ele>
                <extensions>
                    <osmand:speed>16.4</osmand:speed>
                </extensions>
            </trkpt>
            <trkpt lat="-40.1375018" lon="-71.6389355">
                <ele>655.5</ele>
                <extensions>
                    <osmand:speed>16.4</osmand:speed>
                </extensions>
            </trkpt>
            <trkpt lat="-40.1376597" lon="-71.6387665">
                <ele>655</ele>
                <extensions>
                    <osmand:speed>16.4</osmand:speed>
                </extensions>
            </trkpt>
            <trkpt lat="-40.1377827" lon="-71.6386136">
                <ele>655.4</ele>
                <extensions>
                    <osmand:speed>16.4</osmand:speed>
                </extensions>
            </trkpt>
            <trkpt lat="-40.1378996" lon="-71.6383883">
                <ele>656</ele>
                <extensions>
                    <osmand:speed>16.4</osmand:speed>
                </extensions>
            </trkpt>
            <trkpt lat="-40.1380616" lon="-71.6380371">
                <ele>657.5</ele>
                <extensions>
                    <osmand:speed>16.4</osmand:speed>
                </extensions>
            </trkpt>
            <trkpt lat="-40.1382277" lon="-71.6376051">
                <ele>660.8</ele>
                <extensions>
                    <osmand:speed>16.4</osmand:speed>
                </extensions>
            </trkpt>
            <trkpt lat="-40.1382933" lon="-71.6374522">
                <ele>661</ele>
                <extensions>
                    <osmand:speed>16.4</osmand:speed>
                </extensions>
            </trkpt>
            <trkpt lat="-40.1383712" lon="-71.6372725">
                <ele>661.5</ele>
                <extensions>
                    <osmand:speed>16.4</osmand:speed>
                </extensions>
            </trkpt>
            <trkpt lat="-40.1384676" lon="-71.6371518">
                <ele>661</ele>
                <extensions>
                    <osmand:speed>16.4</osmand:speed>
                </extensions>
            </trkpt>
            <trkpt lat="-40.1385742" lon="-71.6370581">
                <ele>660</ele>
                <extensions>
                    <osmand:speed>16.4</osmand:speed>
                </extensions>
            </trkpt>
            <trkpt lat="-40.1386952" lon="-71.6369855">
                <ele>658.2</ele>
                <extensions>
                    <osmand:speed>16.4</osmand:speed>
                </extensions>
            </trkpt>
            <trkpt lat="-40.13881" lon="-71.6369265">
                <ele>656.8</ele>
                <extensions>
                    <osmand:speed>16.4</osmand:speed>
                </extensions>
            </trkpt>
            <trkpt lat="-40.1389597" lon="-71.6368809">
                <ele>655.2</ele>
                <extensions>
                    <osmand:speed>16.4</osmand:speed>
                </extensions>
            </trkpt>
            <trkpt lat="-40.1391504" lon="-71.6368675">
                <ele>653.5</ele>
                <extensions>
                    <osmand:speed>16.4</osmand:speed>
                </extensions>
            </trkpt>
            <trkpt lat="-40.1393575" lon="-71.6368784">
                <ele>651.2</ele>
                <extensions>
                    <osmand:speed>16.4</osmand:speed>
                </extensions>
            </trkpt>
            <trkpt lat="-40.1399009" lon="-71.6369694">
                <ele>645.8</ele>
                <extensions>
                    <osmand:speed>16.4</osmand:speed>
                </extensions>
            </trkpt>
            <trkpt lat="-40.1400916" lon="-71.6370016">
                <ele>644.2</ele>
                <extensions>
                    <osmand:speed>16.4</osmand:speed>
                </extensions>
            </trkpt>
            <trkpt lat="-40.1402638" lon="-71.6370016">
                <ele>643.2</ele>
                <extensions>
                    <osmand:speed>16.4</osmand:speed>
                </extensions>
            </trkpt>
            <trkpt lat="-40.1404217" lon="-71.6369855">
                <ele>643</ele>
                <extensions>
                    <osmand:speed>16.4</osmand:speed>
                </extensions>
            </trkpt>
            <trkpt lat="-40.1405468" lon="-71.6369508">
                <ele>643.2</ele>
                <extensions>
                    <osmand:speed>16.4</osmand:speed>
                </extensions>
            </trkpt>
            <trkpt lat="-40.1406821" lon="-71.6368809">
                <ele>643.5</ele>
                <extensions>
                    <osmand:speed>16.4</osmand:speed>
                </extensions>
            </trkpt>
            <trkpt lat="-40.140799" lon="-71.6368192">
                <ele>644</ele>
                <extensions>
                    <osmand:speed>16.4</osmand:speed>
                </extensions>
            </trkpt>
            <trkpt lat="-40.1409979" lon="-71.6366744">
                <ele>644.5</ele>
                <extensions>
                    <osmand:speed>16.4</osmand:speed>
                </extensions>
            </trkpt>
            <trkpt lat="-40.1411168" lon="-71.6365644">
                <ele>645.5</ele>
                <extensions>
                    <osmand:speed>16.4</osmand:speed>
                </extensions>
            </trkpt>
            <trkpt lat="-40.1412214" lon="-71.6364437">
                <ele>646.8</ele>
                <extensions>
                    <osmand:speed>16.4</osmand:speed>
                </extensions>
            </trkpt>
            <trkpt lat="-40.1413157" lon="-71.6362883">
                <ele>648</ele>
                <extensions>
                    <osmand:speed>16.4</osmand:speed>
                </extensions>
            </trkpt>
            <trkpt lat="-40.1413854" lon="-71.6361272">
                <ele>648.8</ele>
                <extensions>
                    <osmand:speed>16.4</osmand:speed>
                </extensions>
            </trkpt>
            <trkpt lat="-40.1414264" lon="-71.6359475">
                <ele>649.5</ele>
                <extensions>
                    <osmand:speed>16.4</osmand:speed>
                </extensions>
            </trkpt>
            <trkpt lat="-40.1414449" lon="-71.6357733">
                <ele>650.5</ele>
                <extensions>
                    <osmand:speed>16.4</osmand:speed>
                </extensions>
            </trkpt>
            <trkpt lat="-40.1414613" lon="-71.6355264">
                <ele>652</ele>
                <extensions>
                    <osmand:speed>16.4</osmand:speed>
                </extensions>
            </trkpt>
            <trkpt lat="-40.1414613" lon="-71.6350384">
                <ele>654.2</ele>
                <extensions>
                    <osmand:speed>16.4</osmand:speed>
                </extensions>
            </trkpt>
            <trkpt lat="-40.1414531" lon="-71.6348989">
                <ele>655.2</ele>
                <extensions>
                    <osmand:speed>16.4</osmand:speed>
                </extensions>
            </trkpt>
            <trkpt lat="-40.1414654" lon="-71.6347514">
                <ele>656.2</ele>
                <extensions>
                    <osmand:speed>16.4</osmand:speed>
                </extensions>
            </trkpt>
            <trkpt lat="-40.1414941" lon="-71.6345876">
                <ele>657.5</ele>
                <extensions>
                    <osmand:speed>16.4</osmand:speed>
                </extensions>
            </trkpt>
            <trkpt lat="-40.1415351" lon="-71.6344374">
                <ele>658.8</ele>
                <extensions>
                    <osmand:speed>16.4</osmand:speed>
                </extensions>
            </trkpt>
            <trkpt lat="-40.1415966" lon="-71.634306">
                <ele>660</ele>
                <extensions>
                    <osmand:speed>16.4</osmand:speed>
                </extensions>
            </trkpt>
            <trkpt lat="-40.1417258" lon="-71.6341184">
                <ele>661.2</ele>
                <extensions>
                    <osmand:speed>16.4</osmand:speed>
                </extensions>
            </trkpt>
            <trkpt lat="-40.1417996" lon="-71.6340002">
                <ele>662</ele>
                <extensions>
                    <osmand:speed>16.4</osmand:speed>
                </extensions>
            </trkpt>
            <trkpt lat="-40.1418939" lon="-71.6338448">
                <ele>663.2</ele>
                <extensions>
                    <osmand:speed>16.4</osmand:speed>
                </extensions>
            </trkpt>
            <trkpt lat="-40.1419698" lon="-71.6337132">
                <ele>664</ele>
                <extensions>
                    <osmand:speed>16.4</osmand:speed>
                </extensions>
            </trkpt>
            <trkpt lat="-40.14206" lon="-71.6334772">
                <ele>664.5</ele>
                <extensions>
                    <osmand:speed>16.4</osmand:speed>
                </extensions>
            </trkpt>
            <trkpt lat="-40.142142" lon="-71.6332626">
                <ele>665.2</ele>
                <extensions>
                    <osmand:speed>16.4</osmand:speed>
                </extensions>
            </trkpt>
            <trkpt lat="-40.1422712" lon="-71.6327181">
                <ele>666</ele>
                <extensions>
                    <osmand:speed>16.4</osmand:speed>
                </extensions>
            </trkpt>
            <trkpt lat="-40.1423901" lon="-71.63212">
                <ele>667</ele>
                <extensions>
                    <osmand:speed>16.4</osmand:speed>
                </extensions>
            </trkpt>
            <trkpt lat="-40.1424988" lon="-71.6315355">
                <ele>670.5</ele>
                <extensions>
                    <osmand:speed>16.4</osmand:speed>
                </extensions>
            </trkpt>
            <trkpt lat="-40.142554" lon="-71.6312243">
                <ele>672</ele>
                <extensions>
                    <osmand:speed>16.4</osmand:speed>
                </extensions>
            </trkpt>
            <trkpt lat="-40.1425909" lon="-71.6309802">
                <ele>672.8</ele>
                <extensions>
                    <osmand:speed>16.4</osmand:speed>
                </extensions>
            </trkpt>
            <trkpt lat="-40.1426114" lon="-71.6307494">
                <ele>673</ele>
                <extensions>
                    <osmand:speed>16.4</osmand:speed>
                </extensions>
            </trkpt>
            <trkpt lat="-40.1426136" lon="-71.6307199">
                <ele>673.2</ele>
                <extensions>
                    <osmand:speed>16.4</osmand:speed>
                </extensions>
            </trkpt>
            <trkpt lat="-40.1426237" lon="-71.6305616">
                <ele>674</ele>
                <extensions>
                    <osmand:speed>16.4</osmand:speed>
                </extensions>
            </trkpt>
            <trkpt lat="-40.1426278" lon="-71.6303658">
                <ele>673.6</ele>
                <extensions>
                    <osmand:speed>16.4</osmand:speed>
                </extensions>
            </trkpt>
            <trkpt lat="-40.14263" lon="-71.6301836">
                <ele>673.2</ele>
                <extensions>
                    <osmand:speed>16.4</osmand:speed>
                </extensions>
            </trkpt>
            <trkpt lat="-40.1424884" lon="-71.6255219">
                <ele>673.8</ele>
                <extensions>
                    <osmand:speed>16.4</osmand:speed>
                </extensions>
            </trkpt>
            <trkpt lat="-40.1424701" lon="-71.6249211">
                <ele>673.8</ele>
                <extensions>
                    <osmand:speed>16.4</osmand:speed>
                </extensions>
            </trkpt>
            <trkpt lat="-40.1424701" lon="-71.6246502">
                <ele>680</ele>
                <extensions>
                    <osmand:speed>16.4</osmand:speed>
                </extensions>
            </trkpt>
            <trkpt lat="-40.1424742" lon="-71.6244569">
                <ele>680.8</ele>
                <extensions>
                    <osmand:speed>16.4</osmand:speed>
                </extensions>
            </trkpt>
            <trkpt lat="-40.1424824" lon="-71.624296">
                <ele>681</ele>
                <extensions>
                    <osmand:speed>16.4</osmand:speed>
                </extensions>
            </trkpt>
            <trkpt lat="-40.1424988" lon="-71.6241808">
                <ele>680.8</ele>
                <extensions>
                    <osmand:speed>16.4</osmand:speed>
                </extensions>
            </trkpt>
            <trkpt lat="-40.1425253" lon="-71.6240197">
                <ele>680.2</ele>
                <extensions>
                    <osmand:speed>16.4</osmand:speed>
                </extensions>
            </trkpt>
            <trkpt lat="-40.1425603" lon="-71.6238749">
                <ele>679.5</ele>
                <extensions>
                    <osmand:speed>16.4</osmand:speed>
                </extensions>
            </trkpt>
            <trkpt lat="-40.1425991" lon="-71.6237302">
                <ele>678.8</ele>
                <extensions>
                    <osmand:speed>16.4</osmand:speed>
                </extensions>
            </trkpt>
            <trkpt lat="-40.1426464" lon="-71.6235961">
                <ele>678</ele>
                <extensions>
                    <osmand:speed>16.4</osmand:speed>
                </extensions>
            </trkpt>
            <trkpt lat="-40.1427037" lon="-71.6234593">
                <ele>676.8</ele>
                <extensions>
                    <osmand:speed>16.4</osmand:speed>
                </extensions>
            </trkpt>
            <trkpt lat="-40.1427633" lon="-71.6233411">
                <ele>675.5</ele>
                <extensions>
                    <osmand:speed>16.4</osmand:speed>
                </extensions>
            </trkpt>
            <trkpt lat="-40.1429068" lon="-71.6230702">
                <ele>672.5</ele>
                <extensions>
                    <osmand:speed>16.4</osmand:speed>
                </extensions>
            </trkpt>
            <trkpt lat="-40.1433825" lon="-71.6222228">
                <ele>669</ele>
                <extensions>
                    <osmand:speed>16.4</osmand:speed>
                </extensions>
            </trkpt>
            <trkpt lat="-40.1440263" lon="-71.6210532">
                <ele>667.8</ele>
                <extensions>
                    <osmand:speed>16.4</osmand:speed>
                </extensions>
            </trkpt>
            <trkpt lat="-40.1444446" lon="-71.6202861">
                <ele>670</ele>
                <extensions>
                    <osmand:speed>16.4</osmand:speed>
                </extensions>
            </trkpt>
            <trkpt lat="-40.1447706" lon="-71.6196747">
                <ele>669.6</ele>
                <extensions>
                    <osmand:speed>16.4</osmand:speed>
                </extensions>
            </trkpt>
            <trkpt lat="-40.1448772" lon="-71.6194628">
                <ele>669.5</ele>
                <extensions>
                    <osmand:speed>16.4</osmand:speed>
                </extensions>
            </trkpt>
            <trkpt lat="-40.1450638" lon="-71.6191302">
                <ele>669</ele>
                <extensions>
                    <osmand:speed>16.4</osmand:speed>
                </extensions>
            </trkpt>
            <trkpt lat="-40.1452032" lon="-71.6187976">
                <ele>668.5</ele>
                <extensions>
                    <osmand:speed>16.4</osmand:speed>
                </extensions>
            </trkpt>
            <trkpt lat="-40.1452975" lon="-71.6185614">
                <ele>668.6</ele>
                <extensions>
                    <osmand:speed>16.4</osmand:speed>
                </extensions>
            </trkpt>
            <trkpt lat="-40.1453652" lon="-71.6183415">
                <ele>668.7</ele>
                <extensions>
                    <osmand:speed>16.4</osmand:speed>
                </extensions>
            </trkpt>
            <trkpt lat="-40.1454103" lon="-71.6181378">
                <ele>668.8</ele>
                <extensions>
                    <osmand:speed>16.4</osmand:speed>
                </extensions>
            </trkpt>
            <trkpt lat="-40.1454554" lon="-71.6178721">
                <ele>669.8</ele>
                <extensions>
                    <osmand:speed>16.4</osmand:speed>
                </extensions>
            </trkpt>
            <trkpt lat="-40.1457013" lon="-71.6159436">
                <ele>673.5</ele>
                <extensions>
                    <osmand:speed>16.4</osmand:speed>
                </extensions>
            </trkpt>
            <trkpt lat="-40.1458224" lon="-71.6153751">
                <ele>674.5</ele>
                <extensions>
                    <osmand:speed>16.4</osmand:speed>
                </extensions>
            </trkpt>
            <trkpt lat="-40.1460295" lon="-71.6146293">
                <ele>673</ele>
                <extensions>
                    <osmand:speed>16.4</osmand:speed>
                </extensions>
            </trkpt>
            <trkpt lat="-40.146343" lon="-71.6136771">
                <ele>669</ele>
                <extensions>
                    <osmand:speed>16.4</osmand:speed>
                </extensions>
            </trkpt>
            <trkpt lat="-40.1469294" lon="-71.6122262">
                <ele>662.8</ele>
                <extensions>
                    <osmand:speed>16.4</osmand:speed>
                </extensions>
            </trkpt>
            <trkpt lat="-40.1470893" lon="-71.6118159">
                <ele>662</ele>
                <extensions>
                    <osmand:speed>16.4</osmand:speed>
                </extensions>
            </trkpt>
            <trkpt lat="-40.1474831" lon="-71.6110783">
                <ele>661.2</ele>
                <extensions>
                    <osmand:speed>16.4</osmand:speed>
                </extensions>
            </trkpt>
            <trkpt lat="-40.147893" lon="-71.6104345">
                <ele>658.8</ele>
                <extensions>
                    <osmand:speed>16.4</osmand:speed>
                </extensions>
            </trkpt>
            <trkpt lat="-40.148832" lon="-71.6092222">
                <ele>659.8</ele>
                <extensions>
                    <osmand:speed>16.4</osmand:speed>
                </extensions>
            </trkpt>
            <trkpt lat="-40.1490473" lon="-71.6089834">
                <ele>659.1</ele>
                <extensions>
                    <osmand:speed>16.4</osmand:speed>
                </extensions>
            </trkpt>
            <trkpt lat="-40.1510648" lon="-71.6071352">
                <ele>653.8</ele>
                <extensions>
                    <osmand:speed>16.4</osmand:speed>
                </extensions>
            </trkpt>
            <trkpt lat="-40.1521307" lon="-71.606092">
                <ele>661.5</ele>
                <extensions>
                    <osmand:speed>16.4</osmand:speed>
                </extensions>
            </trkpt>
            <trkpt lat="-40.1527746" lon="-71.6055046">
                <ele>663.5</ele>
                <extensions>
                    <osmand:speed>16.4</osmand:speed>
                </extensions>
            </trkpt>
            <trkpt lat="-40.1529796" lon="-71.605255">
                <ele>663.9</ele>
                <extensions>
                    <osmand:speed>16.4</osmand:speed>
                </extensions>
            </trkpt>
            <trkpt lat="-40.1531313" lon="-71.6050109">
                <ele>664.2</ele>
                <extensions>
                    <osmand:speed>16.4</osmand:speed>
                </extensions>
            </trkpt>
            <trkpt lat="-40.1533587" lon="-71.6044934">
                <ele>667.8</ele>
                <extensions>
                    <osmand:speed>16.4</osmand:speed>
                </extensions>
            </trkpt>
            <trkpt lat="-40.154183" lon="-71.6022431">
                <ele>679</ele>
                <extensions>
                    <osmand:speed>16.4</osmand:speed>
                </extensions>
            </trkpt>
            <trkpt lat="-40.1542117" lon="-71.6019961">
                <ele>679.5</ele>
                <extensions>
                    <osmand:speed>16.4</osmand:speed>
                </extensions>
            </trkpt>
            <trkpt lat="-40.1541051" lon="-71.6004404">
                <ele>684</ele>
                <extensions>
                    <osmand:speed>16.4</osmand:speed>
                </extensions>
            </trkpt>
            <trkpt lat="-40.1540496" lon="-71.600167">
                <ele>686.2</ele>
                <extensions>
                    <osmand:speed>16.4</osmand:speed>
                </extensions>
            </trkpt>
            <trkpt lat="-40.1539534" lon="-71.5999308">
                <ele>687.8</ele>
                <extensions>
                    <osmand:speed>16.4</osmand:speed>
                </extensions>
            </trkpt>
            <trkpt lat="-40.1535371" lon="-71.5989761">
                <ele>702.5</ele>
                <extensions>
                    <osmand:speed>16.4</osmand:speed>
                </extensions>
            </trkpt>
            <trkpt lat="-40.1533751" lon="-71.5986621">
                <ele>708.2</ele>
                <extensions>
                    <osmand:speed>16.4</osmand:speed>
                </extensions>
            </trkpt>
            <trkpt lat="-40.1530083" lon="-71.5982115">
                <ele>716.5</ele>
                <extensions>
                    <osmand:speed>16.4</osmand:speed>
                </extensions>
            </trkpt>
            <trkpt lat="-40.1528607" lon="-71.5978737">
                <ele>722.8</ele>
                <extensions>
                    <osmand:speed>16.4</osmand:speed>
                </extensions>
            </trkpt>
            <trkpt lat="-40.1528074" lon="-71.5975919">
                <ele>725.5</ele>
                <extensions>
                    <osmand:speed>16.4</osmand:speed>
                </extensions>
            </trkpt>
            <trkpt lat="-40.152756" lon="-71.5972863">
                <ele>726.8</ele>
                <extensions>
                    <osmand:speed>16.4</osmand:speed>
                </extensions>
            </trkpt>
            <trkpt lat="-40.1527869" lon="-71.5961462">
                <ele>726.2</ele>
                <extensions>
                    <osmand:speed>16.4</osmand:speed>
                </extensions>
            </trkpt>
            <trkpt lat="-40.1527724" lon="-71.5959477">
                <ele>725.8</ele>
                <extensions>
                    <osmand:speed>16.4</osmand:speed>
                </extensions>
            </trkpt>
            <trkpt lat="-40.1527049" lon="-71.5957063">
                <ele>725</ele>
                <extensions>
                    <osmand:speed>16.4</osmand:speed>
                </extensions>
            </trkpt>
            <trkpt lat="-40.1525942" lon="-71.5954732">
                <ele>725.2</ele>
                <extensions>
                    <osmand:speed>16.4</osmand:speed>
                </extensions>
            </trkpt>
            <trkpt lat="-40.1524608" lon="-71.5952613">
                <ele>726.5</ele>
                <extensions>
                    <osmand:speed>16.4</osmand:speed>
                </extensions>
            </trkpt>
            <trkpt lat="-40.1522312" lon="-71.5948992">
                <ele>728.2</ele>
                <extensions>
                    <osmand:speed>16.4</osmand:speed>
                </extensions>
            </trkpt>
            <trkpt lat="-40.1519134" lon="-71.5945449">
                <ele>732.5</ele>
                <extensions>
                    <osmand:speed>16.4</osmand:speed>
                </extensions>
            </trkpt>
            <trkpt lat="-40.1514113" lon="-71.5938556">
                <ele>737.2</ele>
                <extensions>
                    <osmand:speed>16.4</osmand:speed>
                </extensions>
            </trkpt>
            <trkpt lat="-40.1513436" lon="-71.5936437">
                <ele>738.8</ele>
                <extensions>
                    <osmand:speed>16.4</osmand:speed>
                </extensions>
            </trkpt>
            <trkpt lat="-40.1512963" lon="-71.5934023">
                <ele>741</ele>
                <extensions>
                    <osmand:speed>16.4</osmand:speed>
                </extensions>
            </trkpt>
            <trkpt lat="-40.1513086" lon="-71.5929143">
                <ele>745.8</ele>
                <extensions>
                    <osmand:speed>16.4</osmand:speed>
                </extensions>
            </trkpt>
            <trkpt lat="-40.1513845" lon="-71.5927158">
                <ele>748</ele>
                <extensions>
                    <osmand:speed>16.4</osmand:speed>
                </extensions>
            </trkpt>
            <trkpt lat="-40.1514687" lon="-71.5925896">
                <ele>749.2</ele>
                <extensions>
                    <osmand:speed>16.4</osmand:speed>
                </extensions>
            </trkpt>
            <trkpt lat="-40.1519626" lon="-71.5921901">
                <ele>754.2</ele>
                <extensions>
                    <osmand:speed>16.4</osmand:speed>
                </extensions>
            </trkpt>
            <trkpt lat="-40.1520468" lon="-71.5920156">
                <ele>756.8</ele>
                <extensions>
                    <osmand:speed>16.4</osmand:speed>
                </extensions>
            </trkpt>
            <trkpt lat="-40.1520856" lon="-71.5917503">
                <ele>759</ele>
                <extensions>
                    <osmand:speed>16.4</osmand:speed>
                </extensions>
            </trkpt>
            <trkpt lat="-40.1520632" lon="-71.5912272">
                <ele>761.2</ele>
                <extensions>
                    <osmand:speed>16.4</osmand:speed>
                </extensions>
            </trkpt>
            <trkpt lat="-40.1519462" lon="-71.5897332">
                <ele>757.2</ele>
                <extensions>
                    <osmand:speed>16.4</osmand:speed>
                </extensions>
            </trkpt>
            <trkpt lat="-40.1519525" lon="-71.5895777">
                <ele>756.5</ele>
                <extensions>
                    <osmand:speed>16.4</osmand:speed>
                </extensions>
            </trkpt>
            <trkpt lat="-40.1519749" lon="-71.5894033">
                <ele>755.5</ele>
                <extensions>
                    <osmand:speed>16.4</osmand:speed>
                </extensions>
            </trkpt>
            <trkpt lat="-40.1523255" lon="-71.5880166">
                <ele>748.2</ele>
                <extensions>
                    <osmand:speed>16.4</osmand:speed>
                </extensions>
            </trkpt>
            <trkpt lat="-40.1523769" lon="-71.5876114">
                <ele>747.5</ele>
                <extensions>
                    <osmand:speed>16.4</osmand:speed>
                </extensions>
            </trkpt>
            <trkpt lat="-40.1523993" lon="-71.587169">
                <ele>747.2</ele>
                <extensions>
                    <osmand:speed>16.4</osmand:speed>
                </extensions>
            </trkpt>
            <trkpt lat="-40.1523665" lon="-71.5868631">
                <ele>746</ele>
                <extensions>
                    <osmand:speed>16.4</osmand:speed>
                </extensions>
            </trkpt>
            <trkpt lat="-40.1522886" lon="-71.5865387">
                <ele>744.2</ele>
                <extensions>
                    <osmand:speed>16.4</osmand:speed>
                </extensions>
            </trkpt>
            <trkpt lat="-40.1520446" lon="-71.5859833">
                <ele>740.8</ele>
                <extensions>
                    <osmand:speed>16.4</osmand:speed>
                </extensions>
            </trkpt>
            <trkpt lat="-40.1519976" lon="-71.5857446">
                <ele>739.2</ele>
                <extensions>
                    <osmand:speed>16.4</osmand:speed>
                </extensions>
            </trkpt>
            <trkpt lat="-40.1519913" lon="-71.5854658">
                <ele>738.2</ele>
                <extensions>
                    <osmand:speed>16.4</osmand:speed>
                </extensions>
            </trkpt>
            <trkpt lat="-40.1521452" lon="-71.583859">
                <ele>731</ele>
                <extensions>
                    <osmand:speed>16.4</osmand:speed>
                </extensions>
            </trkpt>
            <trkpt lat="-40.1521307" lon="-71.5831321">
                <ele>722.5</ele>
                <extensions>
                    <osmand:speed>16.4</osmand:speed>
                </extensions>
            </trkpt>
            <trkpt lat="-40.1521471" lon="-71.5829068">
                <ele>719.8</ele>
                <extensions>
                    <osmand:speed>16.4</osmand:speed>
                </extensions>
            </trkpt>
            <trkpt lat="-40.1521676" lon="-71.5826629">
                <ele>716.2</ele>
                <extensions>
                    <osmand:speed>16.4</osmand:speed>
                </extensions>
            </trkpt>
            <trkpt lat="-40.1522826" lon="-71.5820673">
                <ele>710.5</ele>
                <extensions>
                    <osmand:speed>16.4</osmand:speed>
                </extensions>
            </trkpt>
            <trkpt lat="-40.1523747" lon="-71.5808603">
                <ele>701.5</ele>
                <extensions>
                    <osmand:speed>16.4</osmand:speed>
                </extensions>
            </trkpt>
            <trkpt lat="-40.1528462" lon="-71.5777248">
                <ele>689.2</ele>
                <extensions>
                    <osmand:speed>16.4</osmand:speed>
                </extensions>
            </trkpt>
            <trkpt lat="-40.1528913" lon="-71.5770947">
                <ele>685.8</ele>
                <extensions>
                    <osmand:speed>16.4</osmand:speed>
                </extensions>
            </trkpt>
            <trkpt lat="-40.1528894" lon="-71.576845">
                <ele>684</ele>
                <extensions>
                    <osmand:speed>16.4</osmand:speed>
                </extensions>
            </trkpt>
            <trkpt lat="-40.1528525" lon="-71.5765661">
                <ele>683</ele>
                <extensions>
                    <osmand:speed>16.4</osmand:speed>
                </extensions>
            </trkpt>
            <trkpt lat="-40.1524854" lon="-71.575319">
                <ele>681</ele>
                <extensions>
                    <osmand:speed>16.4</osmand:speed>
                </extensions>
            </trkpt>
            <trkpt lat="-40.1519626" lon="-71.5732482">
                <ele>679.8</ele>
                <extensions>
                    <osmand:speed>16.4</osmand:speed>
                </extensions>
            </trkpt>
            <trkpt lat="-40.151891" lon="-71.5729719">
                <ele>678.5</ele>
                <extensions>
                    <osmand:speed>16.4</osmand:speed>
                </extensions>
            </trkpt>
            <trkpt lat="-40.1517065" lon="-71.5722477">
                <ele>677</ele>
                <extensions>
                    <osmand:speed>16.4</osmand:speed>
                </extensions>
            </trkpt>
            <trkpt lat="-40.1515425" lon="-71.5716603">
                <ele>676.5</ele>
                <extensions>
                    <osmand:speed>16.4</osmand:speed>
                </extensions>
            </trkpt>
            <trkpt lat="-40.151079" lon="-71.5699198">
                <ele>673.2</ele>
                <extensions>
                    <osmand:speed>16.4</osmand:speed>
                </extensions>
            </trkpt>
            <trkpt lat="-40.1509582" lon="-71.5695682">
                <ele>673.8</ele>
                <extensions>
                    <osmand:speed>16.4</osmand:speed>
                </extensions>
            </trkpt>
            <trkpt lat="-40.1508639" lon="-71.5692061">
                <ele>674.2</ele>
                <extensions>
                    <osmand:speed>16.4</osmand:speed>
                </extensions>
            </trkpt>
            <trkpt lat="-40.1507696" lon="-71.5688066">
                <ele>675.8</ele>
                <extensions>
                    <osmand:speed>16.4</osmand:speed>
                </extensions>
            </trkpt>
            <trkpt lat="-40.1506999" lon="-71.5684819">
                <ele>676.2</ele>
                <extensions>
                    <osmand:speed>16.4</osmand:speed>
                </extensions>
            </trkpt>
            <trkpt lat="-40.1506731" lon="-71.5679696">
                <ele>675.8</ele>
                <extensions>
                    <osmand:speed>16.4</osmand:speed>
                </extensions>
            </trkpt>
            <trkpt lat="-40.1507245" lon="-71.5674494">
                <ele>673.5</ele>
                <extensions>
                    <osmand:speed>16.4</osmand:speed>
                </extensions>
            </trkpt>
            <trkpt lat="-40.150956" lon="-71.5664114">
                <ele>673</ele>
                <extensions>
                    <osmand:speed>16.4</osmand:speed>
                </extensions>
            </trkpt>
            <trkpt lat="-40.1512575" lon="-71.5655504">
                <ele>675</ele>
                <extensions>
                    <osmand:speed>16.4</osmand:speed>
                </extensions>
            </trkpt>
            <trkpt lat="-40.1521206" lon="-71.5636219">
                <ele>667.8</ele>
                <extensions>
                    <osmand:speed>16.4</osmand:speed>
                </extensions>
            </trkpt>
            <trkpt lat="-40.1524157" lon="-71.5629458">
                <ele>667.8</ele>
                <extensions>
                    <osmand:speed>16.4</osmand:speed>
                </extensions>
            </trkpt>
            <trkpt lat="-40.1525491" lon="-71.5626268">
                <ele>668</ele>
                <extensions>
                    <osmand:speed>16.4</osmand:speed>
                </extensions>
            </trkpt>
            <trkpt lat="-40.1526207" lon="-71.5624471">
                <ele>667.8</ele>
                <extensions>
                    <osmand:speed>16.4</osmand:speed>
                </extensions>
            </trkpt>
            <trkpt lat="-40.1528484" lon="-71.5618114">
                <ele>667</ele>
                <extensions>
                    <osmand:speed>16.4</osmand:speed>
                </extensions>
            </trkpt>
            <trkpt lat="-40.1529427" lon="-71.5615189">
                <ele>665.8</ele>
                <extensions>
                    <osmand:speed>16.4</osmand:speed>
                </extensions>
            </trkpt>
            <trkpt lat="-40.1539061" lon="-71.5582332">
                <ele>660</ele>
                <extensions>
                    <osmand:speed>16.4</osmand:speed>
                </extensions>
            </trkpt>
            <trkpt lat="-40.1541174" lon="-71.5576916">
                <ele>657.5</ele>
                <extensions>
                    <osmand:speed>16.4</osmand:speed>
                </extensions>
            </trkpt>
            <trkpt lat="-40.154347" lon="-71.5572032">
                <ele>655.5</ele>
                <extensions>
                    <osmand:speed>16.4</osmand:speed>
                </extensions>
            </trkpt>
            <trkpt lat="-40.1550172" lon="-71.5560874">
                <ele>657.5</ele>
                <extensions>
                    <osmand:speed>16.4</osmand:speed>
                </extensions>
            </trkpt>
            <trkpt lat="-40.1557511" lon="-71.5547034">
                <ele>657.9</ele>
                <extensions>
                    <osmand:speed>16.4</osmand:speed>
                </extensions>
            </trkpt>
            <trkpt lat="-40.1558372" lon="-71.5544702">
                <ele>658</ele>
                <extensions>
                    <osmand:speed>16.4</osmand:speed>
                </extensions>
            </trkpt>
            <trkpt lat="-40.1561592" lon="-71.5536144">
                <ele>657.2</ele>
                <extensions>
                    <osmand:speed>16.4</osmand:speed>
                </extensions>
            </trkpt>
            <trkpt lat="-40.1563273" lon="-71.5532121">
                <ele>656.5</ele>
                <extensions>
                    <osmand:speed>16.4</osmand:speed>
                </extensions>
            </trkpt>
            <trkpt lat="-40.1563847" lon="-71.5531103">
                <ele>656.2</ele>
                <extensions>
                    <osmand:speed>16.4</osmand:speed>
                </extensions>
            </trkpt>
            <trkpt lat="-40.1565178" lon="-71.5528824">
                <ele>656</ele>
                <extensions>
                    <osmand:speed>16.4</osmand:speed>
                </extensions>
            </trkpt>
            <trkpt lat="-40.1567023" lon="-71.5525764">
                <ele>656.8</ele>
                <extensions>
                    <osmand:speed>16.4</osmand:speed>
                </extensions>
            </trkpt>
            <trkpt lat="-40.1568726" lon="-71.5523082">
                <ele>657.5</ele>
                <extensions>
                    <osmand:speed>16.4</osmand:speed>
                </extensions>
            </trkpt>
            <trkpt lat="-40.157838" lon="-71.5511173">
                <ele>654.5</ele>
                <extensions>
                    <osmand:speed>16.4</osmand:speed>
                </extensions>
            </trkpt>
            <trkpt lat="-40.1580532" lon="-71.5508008">
                <ele>654</ele>
                <extensions>
                    <osmand:speed>16.4</osmand:speed>
                </extensions>
            </trkpt>
            <trkpt lat="-40.1587543" lon="-71.5496101">
                <ele>651.2</ele>
                <extensions>
                    <osmand:speed>16.4</osmand:speed>
                </extensions>
            </trkpt>
            <trkpt lat="-40.1589142" lon="-71.549229">
                <ele>652</ele>
                <extensions>
                    <osmand:speed>16.4</osmand:speed>
                </extensions>
            </trkpt>
            <trkpt lat="-40.1590189" lon="-71.5488696">
                <ele>653.5</ele>
                <extensions>
                    <osmand:speed>16.4</osmand:speed>
                </extensions>
            </trkpt>
            <trkpt lat="-40.1591007" lon="-71.5485075">
                <ele>656.2</ele>
                <extensions>
                    <osmand:speed>16.4</osmand:speed>
                </extensions>
            </trkpt>
            <trkpt lat="-40.1591499" lon="-71.5482929">
                <ele>656.8</ele>
                <extensions>
                    <osmand:speed>16.4</osmand:speed>
                </extensions>
            </trkpt>
            <trkpt lat="-40.1592382" lon="-71.5480732">
                <ele>657.2</ele>
                <extensions>
                    <osmand:speed>16.4</osmand:speed>
                </extensions>
            </trkpt>
            <trkpt lat="-40.1594596" lon="-71.5476492">
                <ele>656.5</ele>
                <extensions>
                    <osmand:speed>16.4</osmand:speed>
                </extensions>
            </trkpt>
            <trkpt lat="-40.1595558" lon="-71.5472817">
                <ele>658</ele>
                <extensions>
                    <osmand:speed>16.4</osmand:speed>
                </extensions>
            </trkpt>
            <trkpt lat="-40.1595845" lon="-71.5472175">
                <ele>658.2</ele>
                <extensions>
                    <osmand:speed>16.4</osmand:speed>
                </extensions>
            </trkpt>
            <trkpt lat="-40.1597507" lon="-71.5469652">
                <ele>657.5</ele>
                <extensions>
                    <osmand:speed>16.4</osmand:speed>
                </extensions>
            </trkpt>
            <trkpt lat="-40.1597712" lon="-71.5468393">
                <ele>658</ele>
                <extensions>
                    <osmand:speed>16.4</osmand:speed>
                </extensions>
            </trkpt>
            <trkpt lat="-40.1597179" lon="-71.5466167">
                <ele>661</ele>
                <extensions>
                    <osmand:speed>16.4</osmand:speed>
                </extensions>
            </trkpt>
            <trkpt lat="-40.1597261" lon="-71.5465039">
                <ele>661.5</ele>
                <extensions>
                    <osmand:speed>16.4</osmand:speed>
                </extensions>
            </trkpt>
            <trkpt lat="-40.1603573" lon="-71.5453237">
                <ele>655</ele>
                <extensions>
                    <osmand:speed>16.4</osmand:speed>
                </extensions>
            </trkpt>
            <trkpt lat="-40.1603901" lon="-71.5451817">
                <ele>656</ele>
                <extensions>
                    <osmand:speed>16.4</osmand:speed>
                </extensions>
            </trkpt>
            <trkpt lat="-40.16038" lon="-71.5450289">
                <ele>657.8</ele>
                <extensions>
                    <osmand:speed>16.4</osmand:speed>
                </extensions>
            </trkpt>
            <trkpt lat="-40.1600889" lon="-71.5440416">
                <ele>673.5</ele>
                <extensions>
                    <osmand:speed>16.4</osmand:speed>
                </extensions>
            </trkpt>
            <trkpt lat="-40.1600151" lon="-71.5439157">
                <ele>676.2</ele>
                <extensions>
                    <osmand:speed>16.4</osmand:speed>
                </extensions>
            </trkpt>
            <trkpt lat="-40.1599065" lon="-71.5438136">
                <ele>680</ele>
                <extensions>
                    <osmand:speed>16.4</osmand:speed>
                </extensions>
            </trkpt>
            <trkpt lat="-40.1596911" lon="-71.5436287">
                <ele>687.8</ele>
                <extensions>
                    <osmand:speed>16.4</osmand:speed>
                </extensions>
            </trkpt>
            <trkpt lat="-40.1596441" lon="-71.5435241">
                <ele>689.5</ele>
                <extensions>
                    <osmand:speed>16.4</osmand:speed>
                </extensions>
            </trkpt>
            <trkpt lat="-40.1596132" lon="-71.5433873">
                <ele>691</ele>
                <extensions>
                    <osmand:speed>16.4</osmand:speed>
                </extensions>
            </trkpt>
            <trkpt lat="-40.1596195" lon="-71.5429984">
                <ele>692.2</ele>
                <extensions>
                    <osmand:speed>16.4</osmand:speed>
                </extensions>
            </trkpt>
            <trkpt lat="-40.1596851" lon="-71.5428078">
                <ele>690.5</ele>
                <extensions>
                    <osmand:speed>16.4</osmand:speed>
                </extensions>
            </trkpt>
            <trkpt lat="-40.1598961" lon="-71.5423062">
                <ele>685.5</ele>
                <extensions>
                    <osmand:speed>16.4</osmand:speed>
                </extensions>
            </trkpt>
            <trkpt lat="-40.1600375" lon="-71.5416707">
                <ele>681.2</ele>
                <extensions>
                    <osmand:speed>16.4</osmand:speed>
                </extensions>
            </trkpt>
            <trkpt lat="-40.1600725" lon="-71.5414266">
                <ele>680</ele>
                <extensions>
                    <osmand:speed>16.4</osmand:speed>
                </extensions>
            </trkpt>
            <trkpt lat="-40.1600684" lon="-71.5411368">
                <ele>680.2</ele>
                <extensions>
                    <osmand:speed>16.4</osmand:speed>
                </extensions>
            </trkpt>
            <trkpt lat="-40.1599412" lon="-71.5402036">
                <ele>682.8</ele>
                <extensions>
                    <osmand:speed>16.4</osmand:speed>
                </extensions>
            </trkpt>
            <trkpt lat="-40.1598901" lon="-71.5400668">
                <ele>684</ele>
                <extensions>
                    <osmand:speed>16.4</osmand:speed>
                </extensions>
            </trkpt>
            <trkpt lat="-40.1597835" lon="-71.5399488">
                <ele>688</ele>
                <extensions>
                    <osmand:speed>16.4</osmand:speed>
                </extensions>
            </trkpt>
            <trkpt lat="-40.1596214" lon="-71.5397825">
                <ele>695</ele>
                <extensions>
                    <osmand:speed>16.4</osmand:speed>
                </extensions>
            </trkpt>
            <trkpt lat="-40.1595047" lon="-71.539624">
                <ele>700.2</ele>
                <extensions>
                    <osmand:speed>16.4</osmand:speed>
                </extensions>
            </trkpt>
            <trkpt lat="-40.1594287" lon="-71.5394686">
                <ele>703</ele>
                <extensions>
                    <osmand:speed>16.4</osmand:speed>
                </extensions>
            </trkpt>
            <trkpt lat="-40.159359" lon="-71.5392914">
                <ele>705.5</ele>
                <extensions>
                    <osmand:speed>16.4</osmand:speed>
                </extensions>
            </trkpt>
            <trkpt lat="-40.159312" lon="-71.5389376">
                <ele>705.6</ele>
                <extensions>
                    <osmand:speed>16.4</osmand:speed>
                </extensions>
            </trkpt>
            <trkpt lat="-40.1592729" lon="-71.5385352">
                <ele>705.8</ele>
                <extensions>
                    <osmand:speed>16.4</osmand:speed>
                </extensions>
            </trkpt>
            <trkpt lat="-40.1592893" lon="-71.5374328">
                <ele>701</ele>
                <extensions>
                    <osmand:speed>16.4</osmand:speed>
                </extensions>
            </trkpt>
            <trkpt lat="-40.1592751" lon="-71.5370142">
                <ele>701.8</ele>
                <extensions>
                    <osmand:speed>16.4</osmand:speed>
                </extensions>
            </trkpt>
            <trkpt lat="-40.1592032" lon="-71.536486">
                <ele>707</ele>
                <extensions>
                    <osmand:speed>16.4</osmand:speed>
                </extensions>
            </trkpt>
            <trkpt lat="-40.1591909" lon="-71.5362176">
                <ele>708</ele>
                <extensions>
                    <osmand:speed>16.4</osmand:speed>
                </extensions>
            </trkpt>
            <trkpt lat="-40.1592382" lon="-71.5358181">
                <ele>707.5</ele>
                <extensions>
                    <osmand:speed>16.4</osmand:speed>
                </extensions>
            </trkpt>
            <trkpt lat="-40.1592852" lon="-71.5356168">
                <ele>707.2</ele>
                <extensions>
                    <osmand:speed>16.4</osmand:speed>
                </extensions>
            </trkpt>
            <trkpt lat="-40.1593366" lon="-71.5355151">
                <ele>705.8</ele>
                <extensions>
                    <osmand:speed>16.4</osmand:speed>
                </extensions>
            </trkpt>
            <trkpt lat="-40.160017" lon="-71.53452">
                <ele>684.5</ele>
                <extensions>
                    <osmand:speed>16.4</osmand:speed>
                </extensions>
            </trkpt>
            <trkpt lat="-40.1600908" lon="-71.5343698">
                <ele>682.5</ele>
                <extensions>
                    <osmand:speed>16.4</osmand:speed>
                </extensions>
            </trkpt>
            <trkpt lat="-40.1601627" lon="-71.5341471">
                <ele>681</ele>
                <extensions>
                    <osmand:speed>16.4</osmand:speed>
                </extensions>
            </trkpt>
            <trkpt lat="-40.1602589" lon="-71.5337178">
                <ele>681.2</ele>
                <extensions>
                    <osmand:speed>16.4</osmand:speed>
                </extensions>
            </trkpt>
            <trkpt lat="-40.1603226" lon="-71.5332913">
                <ele>682.2</ele>
                <extensions>
                    <osmand:speed>16.4</osmand:speed>
                </extensions>
            </trkpt>
            <trkpt lat="-40.1603901" lon="-71.5330018">
                <ele>681.8</ele>
                <extensions>
                    <osmand:speed>16.4</osmand:speed>
                </extensions>
            </trkpt>
            <trkpt lat="-40.1604557" lon="-71.5328758">
                <ele>680</ele>
                <extensions>
                    <osmand:speed>16.4</osmand:speed>
                </extensions>
            </trkpt>
            <trkpt lat="-40.1605194" lon="-71.5327924">
                <ele>678</ele>
                <extensions>
                    <osmand:speed>16.4</osmand:speed>
                </extensions>
            </trkpt>
            <trkpt lat="-40.1608904" lon="-71.532433">
                <ele>667.5</ele>
                <extensions>
                    <osmand:speed>16.4</osmand:speed>
                </extensions>
            </trkpt>
            <trkpt lat="-40.160962" lon="-71.5322937">
                <ele>667</ele>
                <extensions>
                    <osmand:speed>16.4</osmand:speed>
                </extensions>
            </trkpt>
            <trkpt lat="-40.1610134" lon="-71.5320791">
                <ele>669.5</ele>
                <extensions>
                    <osmand:speed>16.4</osmand:speed>
                </extensions>
            </trkpt>
            <trkpt lat="-40.1610604" lon="-71.5313898">
                <ele>678.5</ele>
                <extensions>
                    <osmand:speed>16.4</osmand:speed>
                </extensions>
            </trkpt>
            <trkpt lat="-40.1611383" lon="-71.5310946">
                <ele>681</ele>
                <extensions>
                    <osmand:speed>16.4</osmand:speed>
                </extensions>
            </trkpt>
            <trkpt lat="-40.1612121" lon="-71.5309178">
                <ele>682.2</ele>
                <extensions>
                    <osmand:speed>16.4</osmand:speed>
                </extensions>
            </trkpt>
            <trkpt lat="-40.1612982" lon="-71.5308183">
                <ele>681.2</ele>
                <extensions>
                    <osmand:speed>16.4</osmand:speed>
                </extensions>
            </trkpt>
            <trkpt lat="-40.1614232" lon="-71.5307593">
                <ele>678.8</ele>
                <extensions>
                    <osmand:speed>16.4</osmand:speed>
                </extensions>
            </trkpt>
            <trkpt lat="-40.1619582" lon="-71.5306629">
                <ele>667.2</ele>
                <extensions>
                    <osmand:speed>16.4</osmand:speed>
                </extensions>
            </trkpt>
            <trkpt lat="-40.1622657" lon="-71.5306334">
                <ele>661.2</ele>
                <extensions>
                    <osmand:speed>16.4</osmand:speed>
                </extensions>
            </trkpt>
            <trkpt lat="-40.1624112" lon="-71.5305691">
                <ele>659.8</ele>
                <extensions>
                    <osmand:speed>16.4</osmand:speed>
                </extensions>
            </trkpt>
            <trkpt lat="-40.1625282" lon="-71.5304106">
                <ele>660.5</ele>
                <extensions>
                    <osmand:speed>16.4</osmand:speed>
                </extensions>
            </trkpt>
            <trkpt lat="-40.1625834" lon="-71.5302363">
                <ele>662.2</ele>
                <extensions>
                    <osmand:speed>16.4</osmand:speed>
                </extensions>
            </trkpt>
            <trkpt lat="-40.1626859" lon="-71.5297161">
                <ele>668.5</ele>
                <extensions>
                    <osmand:speed>16.4</osmand:speed>
                </extensions>
            </trkpt>
            <trkpt lat="-40.1627045" lon="-71.5294343">
                <ele>672.8</ele>
                <extensions>
                    <osmand:speed>16.4</osmand:speed>
                </extensions>
            </trkpt>
            <trkpt lat="-40.1626777" lon="-71.5284474">
                <ele>683</ele>
                <extensions>
                    <osmand:speed>16.4</osmand:speed>
                </extensions>
            </trkpt>
            <trkpt lat="-40.1626881" lon="-71.52823">
                <ele>683.5</ele>
                <extensions>
                    <osmand:speed>16.4</osmand:speed>
                </extensions>
            </trkpt>
            <trkpt lat="-40.162725" lon="-71.5280154">
                <ele>682.8</ele>
                <extensions>
                    <osmand:speed>16.4</osmand:speed>
                </extensions>
            </trkpt>
            <trkpt lat="-40.1629033" lon="-71.5275569">
                <ele>679.5</ele>
                <extensions>
                    <osmand:speed>16.4</osmand:speed>
                </extensions>
            </trkpt>
            <trkpt lat="-40.1634156" lon="-71.5263204">
                <ele>670.5</ele>
                <extensions>
                    <osmand:speed>16.4</osmand:speed>
                </extensions>
            </trkpt>
            <trkpt lat="-40.1635017" lon="-71.5260817">
                <ele>669.5</ele>
                <extensions>
                    <osmand:speed>16.4</osmand:speed>
                </extensions>
            </trkpt>
            <trkpt lat="-40.1635367" lon="-71.5258294">
                <ele>669</ele>
                <extensions>
                    <osmand:speed>16.4</osmand:speed>
                </extensions>
            </trkpt>
            <trkpt lat="-40.1635058" lon="-71.5254192">
                <ele>669.8</ele>
                <extensions>
                    <osmand:speed>16.4</osmand:speed>
                </extensions>
            </trkpt>
            <trkpt lat="-40.1634361" lon="-71.5249016">
                <ele>668.8</ele>
                <extensions>
                    <osmand:speed>16.4</osmand:speed>
                </extensions>
            </trkpt>
            <trkpt lat="-40.1633828" lon="-71.5246385">
                <ele>669.2</ele>
                <extensions>
                    <osmand:speed>16.4</osmand:speed>
                </extensions>
            </trkpt>
            <trkpt lat="-40.1632928" lon="-71.5244027">
                <ele>670</ele>
                <extensions>
                    <osmand:speed>16.4</osmand:speed>
                </extensions>
            </trkpt>
            <trkpt lat="-40.1630241" lon="-71.5238553">
                <ele>672.8</ele>
                <extensions>
                    <osmand:speed>16.4</osmand:speed>
                </extensions>
            </trkpt>
            <trkpt lat="-40.1627556" lon="-71.5234424">
                <ele>675.2</ele>
                <extensions>
                    <osmand:speed>16.4</osmand:speed>
                </extensions>
            </trkpt>
            <trkpt lat="-40.1625774" lon="-71.5232574">
                <ele>678</ele>
                <extensions>
                    <osmand:speed>16.4</osmand:speed>
                </extensions>
            </trkpt>
            <trkpt lat="-40.1623991" lon="-71.523115">
                <ele>680</ele>
                <extensions>
                    <osmand:speed>16.4</osmand:speed>
                </extensions>
            </trkpt>
            <trkpt lat="-40.1620115" lon="-71.5228307">
                <ele>681.8</ele>
                <extensions>
                    <osmand:speed>16.4</osmand:speed>
                </extensions>
            </trkpt>
            <trkpt lat="-40.1619254" lon="-71.5227665">
                <ele>682</ele>
                <extensions>
                    <osmand:speed>16.4</osmand:speed>
                </extensions>
            </trkpt>
            <trkpt lat="-40.1618436" lon="-71.5227317">
                <ele>682.8</ele>
                <extensions>
                    <osmand:speed>16.4</osmand:speed>
                </extensions>
            </trkpt>
            <trkpt lat="-40.1617288" lon="-71.5226832">
                <ele>683.5</ele>
                <extensions>
                    <osmand:speed>16.4</osmand:speed>
                </extensions>
            </trkpt>
            <trkpt lat="-40.161614" lon="-71.5226376">
                <ele>684.5</ele>
                <extensions>
                    <osmand:speed>16.4</osmand:speed>
                </extensions>
            </trkpt>
            <trkpt lat="-40.1612225" lon="-71.5223747">
                <ele>687</ele>
                <extensions>
                    <osmand:speed>16.4</osmand:speed>
                </extensions>
            </trkpt>
            <trkpt lat="-40.1610891" lon="-71.5222728">
                <ele>688.2</ele>
                <extensions>
                    <osmand:speed>16.4</osmand:speed>
                </extensions>
            </trkpt>
            <trkpt lat="-40.1609847" lon="-71.5221335">
                <ele>688</ele>
                <extensions>
                    <osmand:speed>16.4</osmand:speed>
                </extensions>
            </trkpt>
            <trkpt lat="-40.1607365" lon="-71.5215218">
                <ele>687</ele>
                <extensions>
                    <osmand:speed>16.4</osmand:speed>
                </extensions>
            </trkpt>
            <trkpt lat="-40.1607037" lon="-71.5213315">
                <ele>686</ele>
                <extensions>
                    <osmand:speed>16.4</osmand:speed>
                </extensions>
            </trkpt>
            <trkpt lat="-40.1607119" lon="-71.5211196">
                <ele>683.5</ele>
                <extensions>
                    <osmand:speed>16.4</osmand:speed>
                </extensions>
            </trkpt>
            <trkpt lat="-40.1607939" lon="-71.5205696">
                <ele>678</ele>
                <extensions>
                    <osmand:speed>16.4</osmand:speed>
                </extensions>
            </trkpt>
            <trkpt lat="-40.1608021" lon="-71.5204006">
                <ele>677</ele>
                <extensions>
                    <osmand:speed>16.4</osmand:speed>
                </extensions>
            </trkpt>
            <trkpt lat="-40.1607756" lon="-71.5202397">
                <ele>676.8</ele>
                <extensions>
                    <osmand:speed>16.4</osmand:speed>
                </extensions>
            </trkpt>
            <trkpt lat="-40.1606689" lon="-71.5199126">
                <ele>677</ele>
                <extensions>
                    <osmand:speed>16.4</osmand:speed>
                </extensions>
            </trkpt>
            <trkpt lat="-40.1605254" lon="-71.5196713">
                <ele>678.5</ele>
                <extensions>
                    <osmand:speed>16.4</osmand:speed>
                </extensions>
            </trkpt>
            <trkpt lat="-40.1604866" lon="-71.5196391">
                <ele>679.2</ele>
                <extensions>
                    <osmand:speed>16.4</osmand:speed>
                </extensions>
            </trkpt>
            <trkpt lat="-40.1604251" lon="-71.5196308">
                <ele>681.2</ele>
                <extensions>
                    <osmand:speed>16.4</osmand:speed>
                </extensions>
            </trkpt>
            <trkpt lat="-40.1603778" lon="-71.5196847">
                <ele>683.5</ele>
                <extensions>
                    <osmand:speed>16.4</osmand:speed>
                </extensions>
            </trkpt>
            <trkpt lat="-40.1603513" lon="-71.5197624">
                <ele>685.2</ele>
                <extensions>
                    <osmand:speed>16.4</osmand:speed>
                </extensions>
            </trkpt>
            <trkpt lat="-40.1603554" lon="-71.5199448">
                <ele>687.2</ele>
                <extensions>
                    <osmand:speed>16.4</osmand:speed>
                </extensions>
            </trkpt>
            <trkpt lat="-40.1604374" lon="-71.520154">
                <ele>686.2</ele>
                <extensions>
                    <osmand:speed>16.4</osmand:speed>
                </extensions>
            </trkpt>
            <trkpt lat="-40.1604885" lon="-71.5203069">
                <ele>687.3</ele>
                <extensions>
                    <osmand:speed>16.4</osmand:speed>
                </extensions>
            </trkpt>
            <trkpt lat="-40.1604661" lon="-71.5205027">
                <ele>688.5</ele>
                <extensions>
                    <osmand:speed>16.4</osmand:speed>
                </extensions>
            </trkpt>
            <trkpt lat="-40.1603737" lon="-71.5206474">
                <ele>692</ele>
                <extensions>
                    <osmand:speed>16.4</osmand:speed>
                </extensions>
            </trkpt>
            <trkpt lat="-40.1602939" lon="-71.5207171">
                <ele>695</ele>
                <extensions>
                    <osmand:speed>16.4</osmand:speed>
                </extensions>
            </trkpt>
            <trkpt lat="-40.1601605" lon="-71.520728">
                <ele>698.8</ele>
                <extensions>
                    <osmand:speed>16.4</osmand:speed>
                </extensions>
            </trkpt>
            <trkpt lat="-40.1596441" lon="-71.5205752">
                <ele>706.5</ele>
                <extensions>
                    <osmand:speed>16.4</osmand:speed>
                </extensions>
            </trkpt>
            <trkpt lat="-40.1595416" lon="-71.5205857">
                <ele>707.8</ele>
                <extensions>
                    <osmand:speed>16.4</osmand:speed>
                </extensions>
            </trkpt>
            <trkpt lat="-40.1594432" lon="-71.5206556">
                <ele>709.2</ele>
                <extensions>
                    <osmand:speed>16.4</osmand:speed>
                </extensions>
            </trkpt>
            <trkpt lat="-40.1592095" lon="-71.5213555">
                <ele>715</ele>
                <extensions>
                    <osmand:speed>16.4</osmand:speed>
                </extensions>
            </trkpt>
            <trkpt lat="-40.1590476" lon="-71.5218222">
                <ele>720</ele>
                <extensions>
                    <osmand:speed>16.4</osmand:speed>
                </extensions>
            </trkpt>
            <trkpt lat="-40.1589984" lon="-71.5218812">
                <ele>720.5</ele>
                <extensions>
                    <osmand:speed>16.4</osmand:speed>
                </extensions>
            </trkpt>
            <trkpt lat="-40.1589224" lon="-71.5219028">
                <ele>720.8</ele>
                <extensions>
                    <osmand:speed>16.4</osmand:speed>
                </extensions>
            </trkpt>
            <trkpt lat="-40.1588404" lon="-71.5218894">
                <ele>720.9</ele>
                <extensions>
                    <osmand:speed>16.4</osmand:speed>
                </extensions>
            </trkpt>
            <trkpt lat="-40.1587524" lon="-71.5218517">
                <ele>721</ele>
                <extensions>
                    <osmand:speed>16.4</osmand:speed>
                </extensions>
            </trkpt>
            <trkpt lat="-40.158572" lon="-71.521691">
                <ele>721.2</ele>
                <extensions>
                    <osmand:speed>16.4</osmand:speed>
                </extensions>
            </trkpt>
            <trkpt lat="-40.1584837" lon="-71.5215756">
                <ele>721.5</ele>
                <extensions>
                    <osmand:speed>16.4</osmand:speed>
                </extensions>
            </trkpt>
            <trkpt lat="-40.1584304" lon="-71.5214762">
                <ele>721.2</ele>
                <extensions>
                    <osmand:speed>16.4</osmand:speed>
                </extensions>
            </trkpt>
            <trkpt lat="-40.1583834" lon="-71.5212242">
                <ele>718.8</ele>
                <extensions>
                    <osmand:speed>16.4</osmand:speed>
                </extensions>
            </trkpt>
            <trkpt lat="-40.158332" lon="-71.5182068">
                <ele>725</ele>
                <extensions>
                    <osmand:speed>16.4</osmand:speed>
                </extensions>
            </trkpt>
            <trkpt lat="-40.1583361" lon="-71.5177989">
                <ele>726</ele>
                <extensions>
                    <osmand:speed>16.4</osmand:speed>
                </extensions>
            </trkpt>
            <trkpt lat="-40.1583465" lon="-71.517378">
                <ele>724.8</ele>
                <extensions>
                    <osmand:speed>16.4</osmand:speed>
                </extensions>
            </trkpt>
            <trkpt lat="-40.1583875" lon="-71.5169917">
                <ele>721.2</ele>
                <extensions>
                    <osmand:speed>16.4</osmand:speed>
                </extensions>
            </trkpt>
            <trkpt lat="-40.1583793" lon="-71.5167476">
                <ele>719.8</ele>
                <extensions>
                    <osmand:speed>16.4</osmand:speed>
                </extensions>
            </trkpt>
            <trkpt lat="-40.1583443" lon="-71.5166616">
                <ele>720</ele>
                <extensions>
                    <osmand:speed>16.4</osmand:speed>
                </extensions>
            </trkpt>
            <trkpt lat="-40.158291" lon="-71.5165653">
                <ele>720.2</ele>
                <extensions>
                    <osmand:speed>16.4</osmand:speed>
                </extensions>
            </trkpt>
            <trkpt lat="-40.1580983" lon="-71.5163317">
                <ele>722</ele>
                <extensions>
                    <osmand:speed>16.4</osmand:speed>
                </extensions>
            </trkpt>
            <trkpt lat="-40.1577664" lon="-71.5160234">
                <ele>727.5</ele>
                <extensions>
                    <osmand:speed>16.4</osmand:speed>
                </extensions>
            </trkpt>
            <trkpt lat="-40.1575756" lon="-71.5159106">
                <ele>730.8</ele>
                <extensions>
                    <osmand:speed>16.4</osmand:speed>
                </extensions>
            </trkpt>
            <trkpt lat="-40.1574772" lon="-71.5158867">
                <ele>732.5</ele>
                <extensions>
                    <osmand:speed>16.4</osmand:speed>
                </extensions>
            </trkpt>
            <trkpt lat="-40.1573646" lon="-71.5158623">
                <ele>734.2</ele>
                <extensions>
                    <osmand:speed>16.4</osmand:speed>
                </extensions>
            </trkpt>
            <trkpt lat="-40.1567023" lon="-71.515782">
                <ele>748</ele>
                <extensions>
                    <osmand:speed>16.4</osmand:speed>
                </extensions>
            </trkpt>
            <trkpt lat="-40.1566225" lon="-71.5157338">
                <ele>749.2</ele>
                <extensions>
                    <osmand:speed>16.4</osmand:speed>
                </extensions>
            </trkpt>
            <trkpt lat="-40.1565547" lon="-71.5156719">
                <ele>750.2</ele>
                <extensions>
                    <osmand:speed>16.4</osmand:speed>
                </extensions>
            </trkpt>
            <trkpt lat="-40.1564481" lon="-71.5155085">
                <ele>751</ele>
                <extensions>
                    <osmand:speed>16.4</osmand:speed>
                </extensions>
            </trkpt>
            <trkpt lat="-40.1563784" lon="-71.5153259">
                <ele>750.8</ele>
                <extensions>
                    <osmand:speed>16.4</osmand:speed>
                </extensions>
            </trkpt>
            <trkpt lat="-40.1563355" lon="-71.515133">
                <ele>750</ele>
                <extensions>
                    <osmand:speed>16.4</osmand:speed>
                </extensions>
            </trkpt>
            <trkpt lat="-40.1563232" lon="-71.5149398">
                <ele>749.5</ele>
                <extensions>
                    <osmand:speed>16.4</osmand:speed>
                </extensions>
            </trkpt>
            <trkpt lat="-40.1563415" lon="-71.5145429">
                <ele>746.8</ele>
                <extensions>
                    <osmand:speed>16.4</osmand:speed>
                </extensions>
            </trkpt>
            <trkpt lat="-40.1563292" lon="-71.5143147">
                <ele>746.2</ele>
                <extensions>
                    <osmand:speed>16.4</osmand:speed>
                </extensions>
            </trkpt>
            <trkpt lat="-40.1562636" lon="-71.513985">
                <ele>746</ele>
                <extensions>
                    <osmand:speed>16.4</osmand:speed>
                </extensions>
            </trkpt>
            <trkpt lat="-40.1561734" lon="-71.5135987">
                <ele>744.5</ele>
                <extensions>
                    <osmand:speed>16.4</osmand:speed>
                </extensions>
            </trkpt>
            <trkpt lat="-40.15611" lon="-71.5134137">
                <ele>744.8</ele>
                <extensions>
                    <osmand:speed>16.4</osmand:speed>
                </extensions>
            </trkpt>
            <trkpt lat="-40.1560526" lon="-71.5133196">
                <ele>745</ele>
                <extensions>
                    <osmand:speed>16.4</osmand:speed>
                </extensions>
            </trkpt>
            <trkpt lat="-40.1559848" lon="-71.5132257">
                <ele>745.8</ele>
                <extensions>
                    <osmand:speed>16.4</osmand:speed>
                </extensions>
            </trkpt>
            <trkpt lat="-40.1557306" lon="-71.512947">
                <ele>750</ele>
                <extensions>
                    <osmand:speed>16.4</osmand:speed>
                </extensions>
            </trkpt>
            <trkpt lat="-40.155659" lon="-71.5128019">
                <ele>751.2</ele>
                <extensions>
                    <osmand:speed>16.4</osmand:speed>
                </extensions>
            </trkpt>
            <trkpt lat="-40.155618" lon="-71.5126356">
                <ele>752</ele>
                <extensions>
                    <osmand:speed>16.4</osmand:speed>
                </extensions>
            </trkpt>
            <trkpt lat="-40.1556404" lon="-71.5121126">
                <ele>753</ele>
                <extensions>
                    <osmand:speed>16.4</osmand:speed>
                </extensions>
            </trkpt>
            <trkpt lat="-40.1556057" lon="-71.5119731">
                <ele>753.2</ele>
                <extensions>
                    <osmand:speed>16.4</osmand:speed>
                </extensions>
            </trkpt>
            <trkpt lat="-40.1555584" lon="-71.5118928">
                <ele>754.5</ele>
                <extensions>
                    <osmand:speed>16.4</osmand:speed>
                </extensions>
            </trkpt>
            <trkpt lat="-40.1554846" lon="-71.5118095">
                <ele>756.5</ele>
                <extensions>
                    <osmand:speed>16.4</osmand:speed>
                </extensions>
            </trkpt>
            <trkpt lat="-40.1550869" lon="-71.5114796">
                <ele>766.8</ele>
                <extensions>
                    <osmand:speed>16.4</osmand:speed>
                </extensions>
            </trkpt>
            <trkpt lat="-40.1550131" lon="-71.5113696">
                <ele>768.5</ele>
                <extensions>
                    <osmand:speed>16.4</osmand:speed>
                </extensions>
            </trkpt>
            <trkpt lat="-40.1549762" lon="-71.5112382">
                <ele>769.5</ele>
                <extensions>
                    <osmand:speed>16.4</osmand:speed>
                </extensions>
            </trkpt>
            <trkpt lat="-40.1549948" lon="-71.5110909">
                <ele>769.2</ele>
                <extensions>
                    <osmand:speed>16.4</osmand:speed>
                </extensions>
            </trkpt>
            <trkpt lat="-40.1550399" lon="-71.5109594">
                <ele>768.5</ele>
                <extensions>
                    <osmand:speed>16.4</osmand:speed>
                </extensions>
            </trkpt>
            <trkpt lat="-40.1553105" lon="-71.5105812">
                <ele>763.5</ele>
                <extensions>
                    <osmand:speed>16.4</osmand:speed>
                </extensions>
            </trkpt>
            <trkpt lat="-40.1554253" lon="-71.5104255">
                <ele>759.8</ele>
                <extensions>
                    <osmand:speed>16.4</osmand:speed>
                </extensions>
            </trkpt>
            <trkpt lat="-40.1554786" lon="-71.5103182">
                <ele>758</ele>
                <extensions>
                    <osmand:speed>16.4</osmand:speed>
                </extensions>
            </trkpt>
            <trkpt lat="-40.1554928" lon="-71.5102002">
                <ele>757.5</ele>
                <extensions>
                    <osmand:speed>16.4</osmand:speed>
                </extensions>
            </trkpt>
            <trkpt lat="-40.155132" lon="-71.5075421">
                <ele>765.2</ele>
                <extensions>
                    <osmand:speed>16.4</osmand:speed>
                </extensions>
            </trkpt>
            <trkpt lat="-40.1550768" lon="-71.5073758">
                <ele>766.2</ele>
                <extensions>
                    <osmand:speed>16.4</osmand:speed>
                </extensions>
            </trkpt>
            <trkpt lat="-40.1550172" lon="-71.507239">
                <ele>767.5</ele>
                <extensions>
                    <osmand:speed>16.4</osmand:speed>
                </extensions>
            </trkpt>
            <trkpt lat="-40.1549434" lon="-71.5071478">
                <ele>769.5</ele>
                <extensions>
                    <osmand:speed>16.4</osmand:speed>
                </extensions>
            </trkpt>
            <trkpt lat="-40.1548103" lon="-71.5070971">
                <ele>773.8</ele>
                <extensions>
                    <osmand:speed>16.4</osmand:speed>
                </extensions>
            </trkpt>
            <trkpt lat="-40.1546094" lon="-71.5070647">
                <ele>779.8</ele>
                <extensions>
                    <osmand:speed>16.4</osmand:speed>
                </extensions>
            </trkpt>
            <trkpt lat="-40.1544823" lon="-71.5070515">
                <ele>783.5</ele>
                <extensions>
                    <osmand:speed>16.4</osmand:speed>
                </extensions>
            </trkpt>
            <trkpt lat="-40.1543552" lon="-71.5070781">
                <ele>787</ele>
                <extensions>
                    <osmand:speed>16.4</osmand:speed>
                </extensions>
            </trkpt>
            <trkpt lat="-40.1542199" lon="-71.5071505">
                <ele>790</ele>
                <extensions>
                    <osmand:speed>16.4</osmand:speed>
                </extensions>
            </trkpt>
            <trkpt lat="-40.1540395" lon="-71.5074001">
                <ele>793.5</ele>
                <extensions>
                    <osmand:speed>16.4</osmand:speed>
                </extensions>
            </trkpt>
            <trkpt lat="-40.1539184" lon="-71.5076147">
                <ele>795.2</ele>
                <extensions>
                    <osmand:speed>16.4</osmand:speed>
                </extensions>
            </trkpt>
            <trkpt lat="-40.1537484" lon="-71.5079498">
                <ele>797.5</ele>
                <extensions>
                    <osmand:speed>16.4</osmand:speed>
                </extensions>
            </trkpt>
            <trkpt lat="-40.1536109" lon="-71.5082234">
                <ele>799</ele>
                <extensions>
                    <osmand:speed>16.4</osmand:speed>
                </extensions>
            </trkpt>
            <trkpt lat="-40.1535658" lon="-71.5084031">
                <ele>799.2</ele>
                <extensions>
                    <osmand:speed>16.4</osmand:speed>
                </extensions>
            </trkpt>
            <trkpt lat="-40.1535598" lon="-71.5085454">
                <ele>799</ele>
                <extensions>
                    <osmand:speed>16.4</osmand:speed>
                </extensions>
            </trkpt>
            <trkpt lat="-40.153568" lon="-71.5087842">
                <ele>799.2</ele>
                <extensions>
                    <osmand:speed>16.4</osmand:speed>
                </extensions>
            </trkpt>
            <trkpt lat="-40.1535557" lon="-71.5088966">
                <ele>799.2</ele>
                <extensions>
                    <osmand:speed>16.4</osmand:speed>
                </extensions>
            </trkpt>
            <trkpt lat="-40.153533" lon="-71.5089961">
                <ele>799.8</ele>
                <extensions>
                    <osmand:speed>16.4</osmand:speed>
                </extensions>
            </trkpt>
            <trkpt lat="-40.1534469" lon="-71.509079">
                <ele>801.8</ele>
                <extensions>
                    <osmand:speed>16.4</osmand:speed>
                </extensions>
            </trkpt>
            <trkpt lat="-40.1533997" lon="-71.5090899">
                <ele>802.8</ele>
                <extensions>
                    <osmand:speed>16.4</osmand:speed>
                </extensions>
            </trkpt>
            <trkpt lat="-40.1533464" lon="-71.5090844">
                <ele>804</ele>
                <extensions>
                    <osmand:speed>16.4</osmand:speed>
                </extensions>
            </trkpt>
            <trkpt lat="-40.1532808" lon="-71.5090334">
                <ele>805.5</ele>
                <extensions>
                    <osmand:speed>16.4</osmand:speed>
                </extensions>
            </trkpt>
            <trkpt lat="-40.153242" lon="-71.5089422">
                <ele>806</ele>
                <extensions>
                    <osmand:speed>16.4</osmand:speed>
                </extensions>
            </trkpt>
            <trkpt lat="-40.1531988" lon="-71.508843">
                <ele>806.8</ele>
                <extensions>
                    <osmand:speed>16.4</osmand:speed>
                </extensions>
            </trkpt>
            <trkpt lat="-40.1531619" lon="-71.5086098">
                <ele>807.8</ele>
                <extensions>
                    <osmand:speed>16.4</osmand:speed>
                </extensions>
            </trkpt>
            <trkpt lat="-40.1531496" lon="-71.5084594">
                <ele>808.5</ele>
                <extensions>
                    <osmand:speed>16.4</osmand:speed>
                </extensions>
            </trkpt>
            <trkpt lat="-40.1531414" lon="-71.5083092">
                <ele>809.2</ele>
                <extensions>
                    <osmand:speed>16.4</osmand:speed>
                </extensions>
            </trkpt>
            <trkpt lat="-40.1531496" lon="-71.5078695">
                <ele>812.5</ele>
                <extensions>
                    <osmand:speed>16.4</osmand:speed>
                </extensions>
            </trkpt>
            <trkpt lat="-40.1531764" lon="-71.5077301">
                <ele>812.8</ele>
                <extensions>
                    <osmand:speed>16.4</osmand:speed>
                </extensions>
            </trkpt>
            <trkpt lat="-40.1532152" lon="-71.5076172">
                <ele>812.5</ele>
                <extensions>
                    <osmand:speed>16.4</osmand:speed>
                </extensions>
            </trkpt>
            <trkpt lat="-40.1534161" lon="-71.5073572">
                <ele>808.8</ele>
                <extensions>
                    <osmand:speed>16.4</osmand:speed>
                </extensions>
            </trkpt>
            <trkpt lat="-40.1534737" lon="-71.5072178">
                <ele>807.5</ele>
                <extensions>
                    <osmand:speed>16.4</osmand:speed>
                </extensions>
            </trkpt>
            <trkpt lat="-40.153492" lon="-71.507121">
                <ele>807.2</ele>
                <extensions>
                    <osmand:speed>16.4</osmand:speed>
                </extensions>
            </trkpt>
            <trkpt lat="-40.1534737" lon="-71.5069951">
                <ele>808.2</ele>
                <extensions>
                    <osmand:speed>16.4</osmand:speed>
                </extensions>
            </trkpt>
            <trkpt lat="-40.1534325" lon="-71.5067777">
                <ele>810</ele>
                <extensions>
                    <osmand:speed>16.4</osmand:speed>
                </extensions>
            </trkpt>
            <trkpt lat="-40.1534202" lon="-71.5066733">
                <ele>810.2</ele>
                <extensions>
                    <osmand:speed>16.4</osmand:speed>
                </extensions>
            </trkpt>
            <trkpt lat="-40.1534265" lon="-71.5065687">
                <ele>810</ele>
                <extensions>
                    <osmand:speed>16.4</osmand:speed>
                </extensions>
            </trkpt>
            <trkpt lat="-40.1534797" lon="-71.5062627">
                <ele>809.5</ele>
                <extensions>
                    <osmand:speed>16.4</osmand:speed>
                </extensions>
            </trkpt>
            <trkpt lat="-40.1534778" lon="-71.5061232">
                <ele>810</ele>
                <extensions>
                    <osmand:speed>16.4</osmand:speed>
                </extensions>
            </trkpt>
            <trkpt lat="-40.1534265" lon="-71.5059839">
                <ele>811.8</ele>
                <extensions>
                    <osmand:speed>16.4</osmand:speed>
                </extensions>
            </trkpt>
            <trkpt lat="-40.1530657" lon="-71.5053804">
                <ele>824.2</ele>
                <extensions>
                    <osmand:speed>16.4</osmand:speed>
                </extensions>
            </trkpt>
            <trkpt lat="-40.1530083" lon="-71.5052597">
                <ele>826.2</ele>
                <extensions>
                    <osmand:speed>16.4</osmand:speed>
                </extensions>
            </trkpt>
            <trkpt lat="-40.1529878" lon="-71.5051576">
                <ele>827.5</ele>
                <extensions>
                    <osmand:speed>16.4</osmand:speed>
                </extensions>
            </trkpt>
            <trkpt lat="-40.1530184" lon="-71.504836">
                <ele>829</ele>
                <extensions>
                    <osmand:speed>16.4</osmand:speed>
                </extensions>
            </trkpt>
            <trkpt lat="-40.1530206" lon="-71.5047553">
                <ele>829.2</ele>
                <extensions>
                    <osmand:speed>16.4</osmand:speed>
                </extensions>
            </trkpt>
            <trkpt lat="-40.1529979" lon="-71.5046857">
                <ele>830</ele>
                <extensions>
                    <osmand:speed>16.4</osmand:speed>
                </extensions>
            </trkpt>
            <trkpt lat="-40.1529591" lon="-71.5046668">
                <ele>831</ele>
                <extensions>
                    <osmand:speed>16.4</osmand:speed>
                </extensions>
            </trkpt>
            <trkpt lat="-40.1529282" lon="-71.5046831">
                <ele>831.8</ele>
                <extensions>
                    <osmand:speed>16.4</osmand:speed>
                </extensions>
            </trkpt>
            <trkpt lat="-40.1528976" lon="-71.5047287">
                <ele>832.2</ele>
                <extensions>
                    <osmand:speed>16.4</osmand:speed>
                </extensions>
            </trkpt>
            <trkpt lat="-40.1528607" lon="-71.5048252">
                <ele>832.8</ele>
                <extensions>
                    <osmand:speed>16.4</osmand:speed>
                </extensions>
            </trkpt>
            <trkpt lat="-40.1528033" lon="-71.5049833">
                <ele>833.5</ele>
                <extensions>
                    <osmand:speed>16.4</osmand:speed>
                </extensions>
            </trkpt>
            <trkpt lat="-40.1527232" lon="-71.5051846">
                <ele>834.8</ele>
                <extensions>
                    <osmand:speed>16.4</osmand:speed>
                </extensions>
            </trkpt>
            <trkpt lat="-40.1526393" lon="-71.5054017">
                <ele>835.2</ele>
                <extensions>
                    <osmand:speed>16.4</osmand:speed>
                </extensions>
            </trkpt>
            <trkpt lat="-40.1525901" lon="-71.5054824">
                <ele>836.2</ele>
                <extensions>
                    <osmand:speed>16.4</osmand:speed>
                </extensions>
            </trkpt>
            <trkpt lat="-40.1525059" lon="-71.5055653">
                <ele>838.2</ele>
                <extensions>
                    <osmand:speed>16.4</osmand:speed>
                </extensions>
            </trkpt>
            <trkpt lat="-40.1524198" lon="-71.5055923">
                <ele>840.5</ele>
                <extensions>
                    <osmand:speed>16.4</osmand:speed>
                </extensions>
            </trkpt>
            <trkpt lat="-40.1523378" lon="-71.5055385">
                <ele>842.5</ele>
                <extensions>
                    <osmand:speed>16.4</osmand:speed>
                </extensions>
            </trkpt>
            <trkpt lat="-40.1522826" lon="-71.50545">
                <ele>844</ele>
                <extensions>
                    <osmand:speed>16.4</osmand:speed>
                </extensions>
            </trkpt>
            <trkpt lat="-40.1522498" lon="-71.5053053">
                <ele>845</ele>
                <extensions>
                    <osmand:speed>16.4</osmand:speed>
                </extensions>
            </trkpt>
            <trkpt lat="-40.1522517" lon="-71.5051846">
                <ele>844.7</ele>
                <extensions>
                    <osmand:speed>16.4</osmand:speed>
                </extensions>
            </trkpt>
            <trkpt lat="-40.1522826" lon="-71.5051095">
                <ele>844.5</ele>
                <extensions>
                    <osmand:speed>16.4</osmand:speed>
                </extensions>
            </trkpt>
            <trkpt lat="-40.1523277" lon="-71.5050745">
                <ele>843.5</ele>
                <extensions>
                    <osmand:speed>16.4</osmand:speed>
                </extensions>
            </trkpt>
            <trkpt lat="-40.1524835" lon="-71.5050423">
                <ele>840.5</ele>
                <extensions>
                    <osmand:speed>16.4</osmand:speed>
                </extensions>
            </trkpt>
            <trkpt lat="-40.1525614" lon="-71.5049806">
                <ele>839</ele>
                <extensions>
                    <osmand:speed>16.4</osmand:speed>
                </extensions>
            </trkpt>
            <trkpt lat="-40.1526229" lon="-71.504895">
                <ele>838</ele>
                <extensions>
                    <osmand:speed>16.4</osmand:speed>
                </extensions>
            </trkpt>
            <trkpt lat="-40.152627" lon="-71.5048143">
                <ele>838.2</ele>
                <extensions>
                    <osmand:speed>16.4</osmand:speed>
                </extensions>
            </trkpt>
            <trkpt lat="-40.1526229" lon="-71.504734">
                <ele>838.5</ele>
                <extensions>
                    <osmand:speed>16.4</osmand:speed>
                </extensions>
            </trkpt>
            <trkpt lat="-40.1525879" lon="-71.5046641">
                <ele>839.5</ele>
                <extensions>
                    <osmand:speed>16.4</osmand:speed>
                </extensions>
            </trkpt>
            <trkpt lat="-40.1525491" lon="-71.5046133">
                <ele>840.5</ele>
                <extensions>
                    <osmand:speed>16.4</osmand:speed>
                </extensions>
            </trkpt>
            <trkpt lat="-40.1524794" lon="-71.5046158">
                <ele>842</ele>
                <extensions>
                    <osmand:speed>16.4</osmand:speed>
                </extensions>
            </trkpt>
            <trkpt lat="-40.1523829" lon="-71.504648">
                <ele>843.8</ele>
                <extensions>
                    <osmand:speed>16.4</osmand:speed>
                </extensions>
            </trkpt>
            <trkpt lat="-40.1522312" lon="-71.5047448">
                <ele>846.2</ele>
                <extensions>
                    <osmand:speed>16.4</osmand:speed>
                </extensions>
            </trkpt>
            <trkpt lat="-40.1520938" lon="-71.5048143">
                <ele>849</ele>
                <extensions>
                    <osmand:speed>16.4</osmand:speed>
                </extensions>
            </trkpt>
            <trkpt lat="-40.1519812" lon="-71.5047635">
                <ele>852.5</ele>
                <extensions>
                    <osmand:speed>16.4</osmand:speed>
                </extensions>
            </trkpt>
            <trkpt lat="-40.1519279" lon="-71.5046562">
                <ele>854.5</ele>
                <extensions>
                    <osmand:speed>16.4</osmand:speed>
                </extensions>
            </trkpt>
            <trkpt lat="-40.1519134" lon="-71.5045382">
                <ele>855.2</ele>
                <extensions>
                    <osmand:speed>16.4</osmand:speed>
                </extensions>
            </trkpt>
            <trkpt lat="-40.1519134" lon="-71.5043181">
                <ele>856</ele>
                <extensions>
                    <osmand:speed>16.4</osmand:speed>
                </extensions>
            </trkpt>
            <trkpt lat="-40.1519257" lon="-71.5041223">
                <ele>857</ele>
                <extensions>
                    <osmand:speed>16.4</osmand:speed>
                </extensions>
            </trkpt>
            <trkpt lat="-40.151979" lon="-71.5038569">
                <ele>857.8</ele>
                <extensions>
                    <osmand:speed>16.4</osmand:speed>
                </extensions>
            </trkpt>
            <trkpt lat="-40.1524466" lon="-71.5024513">
                <ele>857</ele>
                <extensions>
                    <osmand:speed>16.4</osmand:speed>
                </extensions>
            </trkpt>
            <trkpt lat="-40.1524712" lon="-71.5023118">
                <ele>857.2</ele>
                <extensions>
                    <osmand:speed>16.4</osmand:speed>
                </extensions>
            </trkpt>
            <trkpt lat="-40.152463" lon="-71.5021403">
                <ele>858.8</ele>
                <extensions>
                    <osmand:speed>16.4</osmand:speed>
                </extensions>
            </trkpt>
            <trkpt lat="-40.1523892" lon="-71.501915">
                <ele>861.5</ele>
                <extensions>
                    <osmand:speed>16.4</osmand:speed>
                </extensions>
            </trkpt>
            <trkpt lat="-40.1523031" lon="-71.5017566">
                <ele>864.2</ele>
                <extensions>
                    <osmand:speed>16.4</osmand:speed>
                </extensions>
            </trkpt>
            <trkpt lat="-40.1521676" lon="-71.5016093">
                <ele>867.8</ele>
                <extensions>
                    <osmand:speed>16.4</osmand:speed>
                </extensions>
            </trkpt>
            <trkpt lat="-40.1520181" lon="-71.5015476">
                <ele>870.8</ele>
                <extensions>
                    <osmand:speed>16.4</osmand:speed>
                </extensions>
            </trkpt>
            <trkpt lat="-40.1516428" lon="-71.5015554">
                <ele>875.2</ele>
                <extensions>
                    <osmand:speed>16.4</osmand:speed>
                </extensions>
            </trkpt>
            <trkpt lat="-40.1512799" lon="-71.5016414">
                <ele>877.2</ele>
                <extensions>
                    <osmand:speed>16.4</osmand:speed>
                </extensions>
            </trkpt>
            <trkpt lat="-40.1510976" lon="-71.5017217">
                <ele>879</ele>
                <extensions>
                    <osmand:speed>16.4</osmand:speed>
                </extensions>
            </trkpt>
            <trkpt lat="-40.1505603" lon="-71.5020972">
                <ele>885</ele>
                <extensions>
                    <osmand:speed>16.4</osmand:speed>
                </extensions>
            </trkpt>
            <trkpt lat="-40.1504988" lon="-71.5021967">
                <ele>886</ele>
                <extensions>
                    <osmand:speed>16.4</osmand:speed>
                </extensions>
            </trkpt>
            <trkpt lat="-40.1504537" lon="-71.5022905">
                <ele>887</ele>
                <extensions>
                    <osmand:speed>16.4</osmand:speed>
                </extensions>
            </trkpt>
            <trkpt lat="-40.1503903" lon="-71.5026848">
                <ele>890.5</ele>
                <extensions>
                    <osmand:speed>16.4</osmand:speed>
                </extensions>
            </trkpt>
            <trkpt lat="-40.1503165" lon="-71.5028268">
                <ele>892.5</ele>
                <extensions>
                    <osmand:speed>16.4</osmand:speed>
                </extensions>
            </trkpt>
            <trkpt lat="-40.15022" lon="-71.5029074">
                <ele>894.5</ele>
                <extensions>
                    <osmand:speed>16.4</osmand:speed>
                </extensions>
            </trkpt>
            <trkpt lat="-40.1500683" lon="-71.5029475">
                <ele>896.5</ele>
                <extensions>
                    <osmand:speed>16.4</osmand:speed>
                </extensions>
            </trkpt>
            <trkpt lat="-40.14997" lon="-71.5028592">
                <ele>896.8</ele>
                <extensions>
                    <osmand:speed>16.4</osmand:speed>
                </extensions>
            </trkpt>
            <trkpt lat="-40.1499167" lon="-71.5027222">
                <ele>896.2</ele>
                <extensions>
                    <osmand:speed>16.4</osmand:speed>
                </extensions>
            </trkpt>
            <trkpt lat="-40.1498224" lon="-71.5019445">
                <ele>892.8</ele>
                <extensions>
                    <osmand:speed>16.4</osmand:speed>
                </extensions>
            </trkpt>
            <trkpt lat="-40.1496972" lon="-71.5010835">
                <ele>893.5</ele>
                <extensions>
                    <osmand:speed>16.4</osmand:speed>
                </extensions>
            </trkpt>
            <trkpt lat="-40.149519" lon="-71.5002036">
                <ele>898.8</ele>
                <extensions>
                    <osmand:speed>16.4</osmand:speed>
                </extensions>
            </trkpt>
            <trkpt lat="-40.1493179" lon="-71.4994043">
                <ele>905.5</ele>
                <extensions>
                    <osmand:speed>16.4</osmand:speed>
                </extensions>
            </trkpt>
            <trkpt lat="-40.1491233" lon="-71.4986774">
                <ele>911.2</ele>
                <extensions>
                    <osmand:speed>16.4</osmand:speed>
                </extensions>
            </trkpt>
            <trkpt lat="-40.1489202" lon="-71.4980687">
                <ele>915</ele>
                <extensions>
                    <osmand:speed>16.4</osmand:speed>
                </extensions>
            </trkpt>
            <trkpt lat="-40.1485185" lon="-71.4971514">
                <ele>923</ele>
                <extensions>
                    <osmand:speed>16.4</osmand:speed>
                </extensions>
            </trkpt>
            <trkpt lat="-40.1483953" lon="-71.4967866">
                <ele>924.8</ele>
                <extensions>
                    <osmand:speed>16.4</osmand:speed>
                </extensions>
            </trkpt>
            <trkpt lat="-40.1483606" lon="-71.4965426">
                <ele>925.2</ele>
                <extensions>
                    <osmand:speed>16.4</osmand:speed>
                </extensions>
            </trkpt>
            <trkpt lat="-40.1483625" lon="-71.4963065">
                <ele>925.5</ele>
                <extensions>
                    <osmand:speed>16.4</osmand:speed>
                </extensions>
            </trkpt>
            <trkpt lat="-40.1484488" lon="-71.4956009">
                <ele>925.8</ele>
                <extensions>
                    <osmand:speed>16.4</osmand:speed>
                </extensions>
            </trkpt>
            <trkpt lat="-40.1484201" lon="-71.4952683">
                <ele>926.8</ele>
                <extensions>
                    <osmand:speed>16.4</osmand:speed>
                </extensions>
            </trkpt>
            <trkpt lat="-40.1483401" lon="-71.4948955">
                <ele>928</ele>
                <extensions>
                    <osmand:speed>16.4</osmand:speed>
                </extensions>
            </trkpt>
            <trkpt lat="-40.1481616" lon="-71.4941579">
                <ele>927.2</ele>
                <extensions>
                    <osmand:speed>16.4</osmand:speed>
                </extensions>
            </trkpt>
            <trkpt lat="-40.1476429" lon="-71.4923234">
                <ele>923.5</ele>
                <extensions>
                    <osmand:speed>16.4</osmand:speed>
                </extensions>
            </trkpt>
            <trkpt lat="-40.1474071" lon="-71.491363">
                <ele>925.5</ele>
                <extensions>
                    <osmand:speed>16.4</osmand:speed>
                </extensions>
            </trkpt>
            <trkpt lat="-40.1473784" lon="-71.4910843">
                <ele>927.2</ele>
                <extensions>
                    <osmand:speed>16.4</osmand:speed>
                </extensions>
            </trkpt>
            <trkpt lat="-40.1473866" lon="-71.4908373">
                <ele>928</ele>
                <extensions>
                    <osmand:speed>16.4</osmand:speed>
                </extensions>
            </trkpt>
            <trkpt lat="-40.1474339" lon="-71.4905047">
                <ele>927.5</ele>
                <extensions>
                    <osmand:speed>16.4</osmand:speed>
                </extensions>
            </trkpt>
            <trkpt lat="-40.1475219" lon="-71.4902365">
                <ele>926</ele>
                <extensions>
                    <osmand:speed>16.4</osmand:speed>
                </extensions>
            </trkpt>
            <trkpt lat="-40.1478337" lon="-71.4894428">
                <ele>924</ele>
                <extensions>
                    <osmand:speed>16.4</osmand:speed>
                </extensions>
            </trkpt>
            <trkpt lat="-40.147887" lon="-71.489228">
                <ele>924.8</ele>
                <extensions>
                    <osmand:speed>16.4</osmand:speed>
                </extensions>
            </trkpt>
            <trkpt lat="-40.1478911" lon="-71.4889921">
                <ele>926.2</ele>
                <extensions>
                    <osmand:speed>16.4</osmand:speed>
                </extensions>
            </trkpt>
            <trkpt lat="-40.1478378" lon="-71.4886969">
                <ele>928.8</ele>
                <extensions>
                    <osmand:speed>16.4</osmand:speed>
                </extensions>
            </trkpt>
            <trkpt lat="-40.1475096" lon="-71.4880856">
                <ele>935</ele>
                <extensions>
                    <osmand:speed>16.4</osmand:speed>
                </extensions>
            </trkpt>
            <trkpt lat="-40.147397" lon="-71.4878225">
                <ele>935.2</ele>
                <extensions>
                    <osmand:speed>16.4</osmand:speed>
                </extensions>
            </trkpt>
            <trkpt lat="-40.1472841" lon="-71.4874765">
                <ele>934.2</ele>
                <extensions>
                    <osmand:speed>16.4</osmand:speed>
                </extensions>
            </trkpt>
            <trkpt lat="-40.1470341" lon="-71.4866103">
                <ele>934</ele>
                <extensions>
                    <osmand:speed>16.4</osmand:speed>
                </extensions>
            </trkpt>
            <trkpt lat="-40.1469376" lon="-71.4863741">
                <ele>933.5</ele>
                <extensions>
                    <osmand:speed>16.4</osmand:speed>
                </extensions>
            </trkpt>
            <trkpt lat="-40.1467531" lon="-71.4860174">
                <ele>932</ele>
                <extensions>
                    <osmand:speed>16.4</osmand:speed>
                </extensions>
            </trkpt>
            <trkpt lat="-40.1463329" lon="-71.485489">
                <ele>930.2</ele>
                <extensions>
                    <osmand:speed>16.4</osmand:speed>
                </extensions>
            </trkpt>
            <trkpt lat="-40.1462796" lon="-71.4853817">
                <ele>929.2</ele>
                <extensions>
                    <osmand:speed>16.4</osmand:speed>
                </extensions>
            </trkpt>
            <trkpt lat="-40.1462468" lon="-71.4851886">
                <ele>927.2</ele>
                <extensions>
                    <osmand:speed>16.4</osmand:speed>
                </extensions>
            </trkpt>
            <trkpt lat="-40.1462345" lon="-71.4850008">
                <ele>925.2</ele>
                <extensions>
                    <osmand:speed>16.4</osmand:speed>
                </extensions>
            </trkpt>
            <trkpt lat="-40.1462364" lon="-71.4842151">
                <ele>916.2</ele>
                <extensions>
                    <osmand:speed>16.4</osmand:speed>
                </extensions>
            </trkpt>
            <trkpt lat="-40.1461853" lon="-71.4838582">
                <ele>911.8</ele>
                <extensions>
                    <osmand:speed>16.4</osmand:speed>
                </extensions>
            </trkpt>
            <trkpt lat="-40.1461197" lon="-71.4835685">
                <ele>907.5</ele>
                <extensions>
                    <osmand:speed>16.4</osmand:speed>
                </extensions>
            </trkpt>
            <trkpt lat="-40.1459801" lon="-71.4832091">
                <ele>904.8</ele>
                <extensions>
                    <osmand:speed>16.4</osmand:speed>
                </extensions>
            </trkpt>
            <trkpt lat="-40.1458511" lon="-71.4830106">
                <ele>903.5</ele>
                <extensions>
                    <osmand:speed>16.4</osmand:speed>
                </extensions>
            </trkpt>
            <trkpt lat="-40.1456748" lon="-71.4828363">
                <ele>902.8</ele>
                <extensions>
                    <osmand:speed>16.4</osmand:speed>
                </extensions>
            </trkpt>
            <trkpt lat="-40.1453117" lon="-71.4825119">
                <ele>903.2</ele>
                <extensions>
                    <osmand:speed>16.4</osmand:speed>
                </extensions>
            </trkpt>
            <trkpt lat="-40.1452032" lon="-71.4823347">
                <ele>902.5</ele>
                <extensions>
                    <osmand:speed>16.4</osmand:speed>
                </extensions>
            </trkpt>
            <trkpt lat="-40.1450739" lon="-71.482072">
                <ele>899</ele>
                <extensions>
                    <osmand:speed>16.4</osmand:speed>
                </extensions>
            </trkpt>
            <trkpt lat="-40.1449797" lon="-71.4819513">
                <ele>897</ele>
                <extensions>
                    <osmand:speed>16.4</osmand:speed>
                </extensions>
            </trkpt>
            <trkpt lat="-40.1448731" lon="-71.4818467">
                <ele>895</ele>
                <extensions>
                    <osmand:speed>16.4</osmand:speed>
                </extensions>
            </trkpt>
            <trkpt lat="-40.1447643" lon="-71.4817743">
                <ele>893.5</ele>
                <extensions>
                    <osmand:speed>16.4</osmand:speed>
                </extensions>
            </trkpt>
            <trkpt lat="-40.1423346" lon="-71.4803928">
                <ele>888.2</ele>
                <extensions>
                    <osmand:speed>16.4</osmand:speed>
                </extensions>
            </trkpt>
            <trkpt lat="-40.1421338" lon="-71.4802426">
                <ele>886.2</ele>
                <extensions>
                    <osmand:speed>16.4</osmand:speed>
                </extensions>
            </trkpt>
            <trkpt lat="-40.1419985" lon="-71.4800924">
                <ele>884.8</ele>
                <extensions>
                    <osmand:speed>16.4</osmand:speed>
                </extensions>
            </trkpt>
            <trkpt lat="-40.1418138" lon="-71.4797975">
                <ele>881.5</ele>
                <extensions>
                    <osmand:speed>16.4</osmand:speed>
                </extensions>
            </trkpt>
            <trkpt lat="-40.1414777" lon="-71.4791965">
                <ele>875</ele>
                <extensions>
                    <osmand:speed>16.4</osmand:speed>
                </extensions>
            </trkpt>
            <trkpt lat="-40.1406739" lon="-71.4775121">
                <ele>874.2</ele>
                <extensions>
                    <osmand:speed>16.4</osmand:speed>
                </extensions>
            </trkpt>
            <trkpt lat="-40.1406411" lon="-71.477378">
                <ele>873.7</ele>
                <extensions>
                    <osmand:speed>16.4</osmand:speed>
                </extensions>
            </trkpt>
            <trkpt lat="-40.1406553" lon="-71.4772439">
                <ele>873.2</ele>
                <extensions>
                    <osmand:speed>16.4</osmand:speed>
                </extensions>
            </trkpt>
            <trkpt lat="-40.1407086" lon="-71.4771205">
                <ele>871.5</ele>
                <extensions>
                    <osmand:speed>16.4</osmand:speed>
                </extensions>
            </trkpt>
            <trkpt lat="-40.14084" lon="-71.4769168">
                <ele>868</ele>
                <extensions>
                    <osmand:speed>16.4</osmand:speed>
                </extensions>
            </trkpt>
            <trkpt lat="-40.1409198" lon="-71.476662">
                <ele>867</ele>
                <extensions>
                    <osmand:speed>16.4</osmand:speed>
                </extensions>
            </trkpt>
            <trkpt lat="-40.140963" lon="-71.4763455">
                <ele>867.5</ele>
                <extensions>
                    <osmand:speed>16.4</osmand:speed>
                </extensions>
            </trkpt>
            <trkpt lat="-40.1409815" lon="-71.4759673">
                <ele>868.5</ele>
                <extensions>
                    <osmand:speed>16.4</osmand:speed>
                </extensions>
            </trkpt>
            <trkpt lat="-40.1409752" lon="-71.4755891">
                <ele>868</ele>
                <extensions>
                    <osmand:speed>16.4</osmand:speed>
                </extensions>
            </trkpt>
            <trkpt lat="-40.1409198" lon="-71.4752215">
                <ele>867</ele>
                <extensions>
                    <osmand:speed>16.4</osmand:speed>
                </extensions>
            </trkpt>
            <trkpt lat="-40.1408277" lon="-71.4749749">
                <ele>866.5</ele>
                <extensions>
                    <osmand:speed>16.4</osmand:speed>
                </extensions>
            </trkpt>
            <trkpt lat="-40.1406903" lon="-71.4746797">
                <ele>868</ele>
                <extensions>
                    <osmand:speed>16.4</osmand:speed>
                </extensions>
            </trkpt>
            <trkpt lat="-40.1399725" lon="-71.4736685">
                <ele>878</ele>
                <extensions>
                    <osmand:speed>16.4</osmand:speed>
                </extensions>
            </trkpt>
            <trkpt lat="-40.1397799" lon="-71.4733763">
                <ele>879</ele>
                <extensions>
                    <osmand:speed>16.4</osmand:speed>
                </extensions>
            </trkpt>
            <trkpt lat="-40.1396752" lon="-71.4731669">
                <ele>879.2</ele>
                <extensions>
                    <osmand:speed>16.4</osmand:speed>
                </extensions>
            </trkpt>
            <trkpt lat="-40.1396321" lon="-71.4729686">
                <ele>878.8</ele>
                <extensions>
                    <osmand:speed>16.4</osmand:speed>
                </extensions>
            </trkpt>
            <trkpt lat="-40.1396465" lon="-71.4727996">
                <ele>878.2</ele>
                <extensions>
                    <osmand:speed>16.4</osmand:speed>
                </extensions>
            </trkpt>
            <trkpt lat="-40.1396856" lon="-71.4725717">
                <ele>878.7</ele>
                <extensions>
                    <osmand:speed>16.4</osmand:speed>
                </extensions>
            </trkpt>
            <trkpt lat="-40.1397736" lon="-71.4723624">
                <ele>879.2</ele>
                <extensions>
                    <osmand:speed>16.4</osmand:speed>
                </extensions>
            </trkpt>
            <trkpt lat="-40.1398599" lon="-71.4722283">
                <ele>880.8</ele>
                <extensions>
                    <osmand:speed>16.4</osmand:speed>
                </extensions>
            </trkpt>
            <trkpt lat="-40.1409384" lon="-71.4712788">
                <ele>887.5</ele>
                <extensions>
                    <osmand:speed>16.4</osmand:speed>
                </extensions>
            </trkpt>
            <trkpt lat="-40.1410777" lon="-71.4711338">
                <ele>887.2</ele>
                <extensions>
                    <osmand:speed>16.4</osmand:speed>
                </extensions>
            </trkpt>
            <trkpt lat="-40.141172" lon="-71.4709757">
                <ele>888</ele>
                <extensions>
                    <osmand:speed>16.4</osmand:speed>
                </extensions>
            </trkpt>
            <trkpt lat="-40.1412583" lon="-71.4707449">
                <ele>889.5</ele>
                <extensions>
                    <osmand:speed>16.4</osmand:speed>
                </extensions>
            </trkpt>
            <trkpt lat="-40.1414242" lon="-71.4701764">
                <ele>894</ele>
                <extensions>
                    <osmand:speed>16.4</osmand:speed>
                </extensions>
            </trkpt>
            <trkpt lat="-40.1416231" lon="-71.4695166">
                <ele>901</ele>
                <extensions>
                    <osmand:speed>16.4</osmand:speed>
                </extensions>
            </trkpt>
            <trkpt lat="-40.1416395" lon="-71.4694093">
                <ele>902.5</ele>
                <extensions>
                    <osmand:speed>16.4</osmand:speed>
                </extensions>
            </trkpt>
            <trkpt lat="-40.1416253" lon="-71.4692886">
                <ele>904.2</ele>
                <extensions>
                    <osmand:speed>16.4</osmand:speed>
                </extensions>
            </trkpt>
            <trkpt lat="-40.1415679" lon="-71.469184">
                <ele>905.8</ele>
                <extensions>
                    <osmand:speed>16.4</osmand:speed>
                </extensions>
            </trkpt>
            <trkpt lat="-40.1415165" lon="-71.4691329">
                <ele>906.5</ele>
                <extensions>
                    <osmand:speed>16.4</osmand:speed>
                </extensions>
            </trkpt>
            <trkpt lat="-40.1413977" lon="-71.4691089">
                <ele>907</ele>
                <extensions>
                    <osmand:speed>16.4</osmand:speed>
                </extensions>
            </trkpt>
            <trkpt lat="-40.1412889" lon="-71.4691545">
                <ele>906.8</ele>
                <extensions>
                    <osmand:speed>16.4</osmand:speed>
                </extensions>
            </trkpt>
            <trkpt lat="-40.1411947" lon="-71.4692886">
                <ele>905.5</ele>
                <extensions>
                    <osmand:speed>16.4</osmand:speed>
                </extensions>
            </trkpt>
            <trkpt lat="-40.1411556" lon="-71.4695352">
                <ele>902.5</ele>
                <extensions>
                    <osmand:speed>16.4</osmand:speed>
                </extensions>
            </trkpt>
            <trkpt lat="-40.1410859" lon="-71.4696693">
                <ele>901.5</ele>
                <extensions>
                    <osmand:speed>16.4</osmand:speed>
                </extensions>
            </trkpt>
            <trkpt lat="-40.1409834" lon="-71.4697285">
                <ele>902</ele>
                <extensions>
                    <osmand:speed>16.4</osmand:speed>
                </extensions>
            </trkpt>
            <trkpt lat="-40.1408255" lon="-71.4697553">
                <ele>904</ele>
                <extensions>
                    <osmand:speed>16.4</osmand:speed>
                </extensions>
            </trkpt>
            <trkpt lat="-40.1407498" lon="-71.4697927">
                <ele>904.8</ele>
                <extensions>
                    <osmand:speed>16.4</osmand:speed>
                </extensions>
            </trkpt>
            <trkpt lat="-40.1406739" lon="-71.4698812">
                <ele>905</ele>
                <extensions>
                    <osmand:speed>16.4</osmand:speed>
                </extensions>
            </trkpt>
            <trkpt lat="-40.140516" lon="-71.470104">
                <ele>906</ele>
                <extensions>
                    <osmand:speed>16.4</osmand:speed>
                </extensions>
            </trkpt>
            <trkpt lat="-40.1403807" lon="-71.4702247">
                <ele>907</ele>
                <extensions>
                    <osmand:speed>16.4</osmand:speed>
                </extensions>
            </trkpt>
            <trkpt lat="-40.1396403" lon="-71.4706029">
                <ele>912.5</ele>
                <extensions>
                    <osmand:speed>16.4</osmand:speed>
                </extensions>
            </trkpt>
            <trkpt lat="-40.1395236" lon="-71.4706163">
                <ele>913.8</ele>
                <extensions>
                    <osmand:speed>16.4</osmand:speed>
                </extensions>
            </trkpt>
            <trkpt lat="-40.1393862" lon="-71.4705868">
                <ele>915.5</ele>
                <extensions>
                    <osmand:speed>16.4</osmand:speed>
                </extensions>
            </trkpt>
            <trkpt lat="-40.1391791" lon="-71.4704313">
                <ele>918</ele>
                <extensions>
                    <osmand:speed>16.4</osmand:speed>
                </extensions>
            </trkpt>
            <trkpt lat="-40.1390621" lon="-71.4701952">
                <ele>919</ele>
                <extensions>
                    <osmand:speed>16.4</osmand:speed>
                </extensions>
            </trkpt>
            <trkpt lat="-40.1390274" lon="-71.4699377">
                <ele>919.2</ele>
                <extensions>
                    <osmand:speed>16.4</osmand:speed>
                </extensions>
            </trkpt>
            <trkpt lat="-40.1390274" lon="-71.4688003">
                <ele>922</ele>
                <extensions>
                    <osmand:speed>16.4</osmand:speed>
                </extensions>
            </trkpt>
            <trkpt lat="-40.1390416" lon="-71.468237">
                <ele>925.2</ele>
                <extensions>
                    <osmand:speed>16.4</osmand:speed>
                </extensions>
            </trkpt>
            <trkpt lat="-40.1390233" lon="-71.4680226">
                <ele>927.5</ele>
                <extensions>
                    <osmand:speed>16.4</osmand:speed>
                </extensions>
            </trkpt>
            <trkpt lat="-40.1389698" lon="-71.4677408">
                <ele>931</ele>
                <extensions>
                    <osmand:speed>16.4</osmand:speed>
                </extensions>
            </trkpt>
            <trkpt lat="-40.1388859" lon="-71.4675343">
                <ele>933.8</ele>
                <extensions>
                    <osmand:speed>16.4</osmand:speed>
                </extensions>
            </trkpt>
            <trkpt lat="-40.1386766" lon="-71.4674004">
                <ele>936.8</ele>
                <extensions>
                    <osmand:speed>16.4</osmand:speed>
                </extensions>
            </trkpt>
            <trkpt lat="-40.1380226" lon="-71.4672663">
                <ele>940.8</ele>
                <extensions>
                    <osmand:speed>16.4</osmand:speed>
                </extensions>
            </trkpt>
            <trkpt lat="-40.1377518" lon="-71.4671804">
                <ele>941.5</ele>
                <extensions>
                    <osmand:speed>16.4</osmand:speed>
                </extensions>
            </trkpt>
            <trkpt lat="-40.1375201" lon="-71.4670783">
                <ele>941.3</ele>
                <extensions>
                    <osmand:speed>16.4</osmand:speed>
                </extensions>
            </trkpt>
            <trkpt lat="-40.1370896" lon="-71.4667296">
                <ele>941</ele>
                <extensions>
                    <osmand:speed>16.4</osmand:speed>
                </extensions>
            </trkpt>
            <trkpt lat="-40.1363164" lon="-71.4660698">
                <ele>940.6</ele>
                <extensions>
                    <osmand:speed>16.4</osmand:speed>
                </extensions>
            </trkpt>
            <trkpt lat="-40.1357689" lon="-71.4656004">
                <ele>940.2</ele>
                <extensions>
                    <osmand:speed>16.4</osmand:speed>
                </extensions>
            </trkpt>
            <trkpt lat="-40.1356602" lon="-71.4655387">
                <ele>939.5</ele>
                <extensions>
                    <osmand:speed>16.4</osmand:speed>
                </extensions>
            </trkpt>
            <trkpt lat="-40.1355372" lon="-71.4655201">
                <ele>939</ele>
                <extensions>
                    <osmand:speed>16.4</osmand:speed>
                </extensions>
            </trkpt>
            <trkpt lat="-40.1353261" lon="-71.4655309">
                <ele>938.5</ele>
                <extensions>
                    <osmand:speed>16.4</osmand:speed>
                </extensions>
            </trkpt>
            <trkpt lat="-40.1348564" lon="-71.4655709">
                <ele>938.3</ele>
                <extensions>
                    <osmand:speed>16.4</osmand:speed>
                </extensions>
            </trkpt>
            <trkpt lat="-40.1345939" lon="-71.4655818">
                <ele>938.2</ele>
                <extensions>
                    <osmand:speed>16.4</osmand:speed>
                </extensions>
            </trkpt>
            <trkpt lat="-40.1344647" lon="-71.4655387">
                <ele>938</ele>
                <extensions>
                    <osmand:speed>16.4</osmand:speed>
                </extensions>
            </trkpt>
            <trkpt lat="-40.13435" lon="-71.4654584">
                <ele>937.8</ele>
                <extensions>
                    <osmand:speed>16.4</osmand:speed>
                </extensions>
            </trkpt>
            <trkpt lat="-40.1342453" lon="-71.4653243">
                <ele>937.2</ele>
                <extensions>
                    <osmand:speed>16.4</osmand:speed>
                </extensions>
            </trkpt>
            <trkpt lat="-40.1341161" lon="-71.4651337">
                <ele>936.5</ele>
                <extensions>
                    <osmand:speed>16.4</osmand:speed>
                </extensions>
            </trkpt>
            <trkpt lat="-40.133944" lon="-71.4649274">
                <ele>936.2</ele>
                <extensions>
                    <osmand:speed>16.4</osmand:speed>
                </extensions>
            </trkpt>
            <trkpt lat="-40.1337615" lon="-71.4647986">
                <ele>936.5</ele>
                <extensions>
                    <osmand:speed>16.4</osmand:speed>
                </extensions>
            </trkpt>
            <trkpt lat="-40.1334785" lon="-71.4646536">
                <ele>937</ele>
                <extensions>
                    <osmand:speed>16.4</osmand:speed>
                </extensions>
            </trkpt>
            <trkpt lat="-40.1332897" lon="-71.4645329">
                <ele>937.2</ele>
                <extensions>
                    <osmand:speed>16.4</osmand:speed>
                </extensions>
            </trkpt>
            <trkpt lat="-40.1320799" lon="-71.4635112">
                <ele>943.8</ele>
                <extensions>
                    <osmand:speed>16.4</osmand:speed>
                </extensions>
            </trkpt>
            <trkpt lat="-40.131846" lon="-71.4632751">
                <ele>945.2</ele>
                <extensions>
                    <osmand:speed>16.4</osmand:speed>
                </extensions>
            </trkpt>
            <trkpt lat="-40.1317537" lon="-71.4630255">
                <ele>946.8</ele>
                <extensions>
                    <osmand:speed>16.4</osmand:speed>
                </extensions>
            </trkpt>
            <trkpt lat="-40.1317641" lon="-71.4628538">
                <ele>946.6</ele>
                <extensions>
                    <osmand:speed>16.4</osmand:speed>
                </extensions>
            </trkpt>
            <trkpt lat="-40.1318605" lon="-71.4624032">
                <ele>946.2</ele>
                <extensions>
                    <osmand:speed>16.4</osmand:speed>
                </extensions>
            </trkpt>
            <trkpt lat="-40.1318665" lon="-71.4621162">
                <ele>946.5</ele>
                <extensions>
                    <osmand:speed>16.4</osmand:speed>
                </extensions>
            </trkpt>
            <trkpt lat="-40.1318113" lon="-71.4619582">
                <ele>948.2</ele>
                <extensions>
                    <osmand:speed>16.4</osmand:speed>
                </extensions>
            </trkpt>
            <trkpt lat="-40.1315734" lon="-71.461561">
                <ele>954.5</ele>
                <extensions>
                    <osmand:speed>16.4</osmand:speed>
                </extensions>
            </trkpt>
            <trkpt lat="-40.1314975" lon="-71.4613144">
                <ele>957</ele>
                <extensions>
                    <osmand:speed>16.4</osmand:speed>
                </extensions>
            </trkpt>
            <trkpt lat="-40.1314051" lon="-71.4608772">
                <ele>961.2</ele>
                <extensions>
                    <osmand:speed>16.4</osmand:speed>
                </extensions>
            </trkpt>
            <trkpt lat="-40.1313374" lon="-71.4605471">
                <ele>964.2</ele>
                <extensions>
                    <osmand:speed>16.4</osmand:speed>
                </extensions>
            </trkpt>
            <trkpt lat="-40.1312472" lon="-71.4603084">
                <ele>967</ele>
                <extensions>
                    <osmand:speed>16.4</osmand:speed>
                </extensions>
            </trkpt>
            <trkpt lat="-40.1306444" lon="-71.4593911">
                <ele>977.8</ele>
                <extensions>
                    <osmand:speed>16.4</osmand:speed>
                </extensions>
            </trkpt>
            <trkpt lat="-40.1305029" lon="-71.4590612">
                <ele>979.5</ele>
                <extensions>
                    <osmand:speed>16.4</osmand:speed>
                </extensions>
            </trkpt>
            <trkpt lat="-40.1303573" lon="-71.4585222">
                <ele>981.2</ele>
                <extensions>
                    <osmand:speed>16.4</osmand:speed>
                </extensions>
            </trkpt>
            <trkpt lat="-40.13023" lon="-71.4578866">
                <ele>982.2</ele>
                <extensions>
                    <osmand:speed>16.4</osmand:speed>
                </extensions>
            </trkpt>
            <trkpt lat="-40.1302054" lon="-71.4574681">
                <ele>980.8</ele>
                <extensions>
                    <osmand:speed>16.4</osmand:speed>
                </extensions>
            </trkpt>
            <trkpt lat="-40.1301871" lon="-71.4572641">
                <ele>980.5</ele>
                <extensions>
                    <osmand:speed>16.4</osmand:speed>
                </extensions>
            </trkpt>
            <trkpt lat="-40.1300784" lon="-71.4570227">
                <ele>980.8</ele>
                <extensions>
                    <osmand:speed>16.4</osmand:speed>
                </extensions>
            </trkpt>
            <trkpt lat="-40.1299451" lon="-71.4568859">
                <ele>982</ele>
                <extensions>
                    <osmand:speed>16.4</osmand:speed>
                </extensions>
            </trkpt>
            <trkpt lat="-40.1298036" lon="-71.4568056">
                <ele>983.5</ele>
                <extensions>
                    <osmand:speed>16.4</osmand:speed>
                </extensions>
            </trkpt>
            <trkpt lat="-40.1295288" lon="-71.456725">
                <ele>987</ele>
                <extensions>
                    <osmand:speed>16.4</osmand:speed>
                </extensions>
            </trkpt>
            <trkpt lat="-40.1294261" lon="-71.4566606">
                <ele>988</ele>
                <extensions>
                    <osmand:speed>16.4</osmand:speed>
                </extensions>
            </trkpt>
            <trkpt lat="-40.1293133" lon="-71.4564891">
                <ele>987.8</ele>
                <extensions>
                    <osmand:speed>16.4</osmand:speed>
                </extensions>
            </trkpt>
            <trkpt lat="-40.1291617" lon="-71.4562316">
                <ele>987.5</ele>
                <extensions>
                    <osmand:speed>16.4</osmand:speed>
                </extensions>
            </trkpt>
            <trkpt lat="-40.129012" lon="-71.4560332">
                <ele>987.8</ele>
                <extensions>
                    <osmand:speed>16.4</osmand:speed>
                </extensions>
            </trkpt>
            <trkpt lat="-40.1288416" lon="-71.4558747">
                <ele>989.2</ele>
                <extensions>
                    <osmand:speed>16.4</osmand:speed>
                </extensions>
            </trkpt>
            <trkpt lat="-40.1286244" lon="-71.4557167">
                <ele>992.8</ele>
                <extensions>
                    <osmand:speed>16.4</osmand:speed>
                </extensions>
            </trkpt>
            <trkpt lat="-40.1283125" lon="-71.4555904">
                <ele>1000</ele>
                <extensions>
                    <osmand:speed>16.4</osmand:speed>
                </extensions>
            </trkpt>
            <trkpt lat="-40.1281035" lon="-71.4554241">
                <ele>1002.8</ele>
                <extensions>
                    <osmand:speed>16.4</osmand:speed>
                </extensions>
            </trkpt>
            <trkpt lat="-40.1274349" lon="-71.4547216">
                <ele>1010.2</ele>
                <extensions>
                    <osmand:speed>16.4</osmand:speed>
                </extensions>
            </trkpt>
            <trkpt lat="-40.1270328" lon="-71.454346">
                <ele>1012.5</ele>
                <extensions>
                    <osmand:speed>16.4</osmand:speed>
                </extensions>
            </trkpt>
            <trkpt lat="-40.1267313" lon="-71.454083">
                <ele>1015.8</ele>
                <extensions>
                    <osmand:speed>16.4</osmand:speed>
                </extensions>
            </trkpt>
            <trkpt lat="-40.1262208" lon="-71.4535412">
                <ele>1019</ele>
                <extensions>
                    <osmand:speed>16.4</osmand:speed>
                </extensions>
            </trkpt>
            <trkpt lat="-40.126034" lon="-71.4534366">
                <ele>1021.5</ele>
                <extensions>
                    <osmand:speed>16.4</osmand:speed>
                </extensions>
            </trkpt>
            <trkpt lat="-40.1258865" lon="-71.4533749">
                <ele>1023.5</ele>
                <extensions>
                    <osmand:speed>16.4</osmand:speed>
                </extensions>
            </trkpt>
            <trkpt lat="-40.1257306" lon="-71.4533561">
                <ele>1025.2</ele>
                <extensions>
                    <osmand:speed>16.4</osmand:speed>
                </extensions>
            </trkpt>
            <trkpt lat="-40.1255112" lon="-71.453391">
                <ele>1027.2</ele>
                <extensions>
                    <osmand:speed>16.4</osmand:speed>
                </extensions>
            </trkpt>
            <trkpt lat="-40.1251398" lon="-71.4534582">
                <ele>1031</ele>
                <extensions>
                    <osmand:speed>16.4</osmand:speed>
                </extensions>
            </trkpt>
            <trkpt lat="-40.1249369" lon="-71.4534634">
                <ele>1031.8</ele>
                <extensions>
                    <osmand:speed>16.4</osmand:speed>
                </extensions>
            </trkpt>
            <trkpt lat="-40.1247113" lon="-71.4534153">
                <ele>1031.5</ele>
                <extensions>
                    <osmand:speed>16.4</osmand:speed>
                </extensions>
            </trkpt>
            <trkpt lat="-40.1243133" lon="-71.4533214">
                <ele>1032.2</ele>
                <extensions>
                    <osmand:speed>16.4</osmand:speed>
                </extensions>
            </trkpt>
            <trkpt lat="-40.1238171" lon="-71.4532703">
                <ele>1032.8</ele>
                <extensions>
                    <osmand:speed>16.4</osmand:speed>
                </extensions>
            </trkpt>
            <trkpt lat="-40.1236426" lon="-71.4532893">
                <ele>1033</ele>
                <extensions>
                    <osmand:speed>16.4</osmand:speed>
                </extensions>
            </trkpt>
            <trkpt lat="-40.1235216" lon="-71.4533561">
                <ele>1034.2</ele>
                <extensions>
                    <osmand:speed>16.4</osmand:speed>
                </extensions>
            </trkpt>
            <trkpt lat="-40.1233432" lon="-71.4534795">
                <ele>1036.2</ele>
                <extensions>
                    <osmand:speed>16.4</osmand:speed>
                </extensions>
            </trkpt>
            <trkpt lat="-40.1231731" lon="-71.4535734">
                <ele>1037.2</ele>
                <extensions>
                    <osmand:speed>16.4</osmand:speed>
                </extensions>
            </trkpt>
            <trkpt lat="-40.1230212" lon="-71.4535897">
                <ele>1037</ele>
                <extensions>
                    <osmand:speed>16.4</osmand:speed>
                </extensions>
            </trkpt>
            <trkpt lat="-40.1225474" lon="-71.4535628">
                <ele>1034.5</ele>
                <extensions>
                    <osmand:speed>16.4</osmand:speed>
                </extensions>
            </trkpt>
            <trkpt lat="-40.1222891" lon="-71.4535897">
                <ele>1033.2</ele>
                <extensions>
                    <osmand:speed>16.4</osmand:speed>
                </extensions>
            </trkpt>
            <trkpt lat="-40.1221495" lon="-71.4536163">
                <ele>1033</ele>
                <extensions>
                    <osmand:speed>16.4</osmand:speed>
                </extensions>
            </trkpt>
            <trkpt lat="-40.1220471" lon="-71.4536058">
                <ele>1032.2</ele>
                <extensions>
                    <osmand:speed>16.4</osmand:speed>
                </extensions>
            </trkpt>
            <trkpt lat="-40.1219567" lon="-71.453536">
                <ele>1031</ele>
                <extensions>
                    <osmand:speed>16.4</osmand:speed>
                </extensions>
            </trkpt>
            <trkpt lat="-40.121801" lon="-71.4531791">
                <ele>1028</ele>
                <extensions>
                    <osmand:speed>16.4</osmand:speed>
                </extensions>
            </trkpt>
            <trkpt lat="-40.1216574" lon="-71.4527848">
                <ele>1027.8</ele>
                <extensions>
                    <osmand:speed>16.4</osmand:speed>
                </extensions>
            </trkpt>
            <trkpt lat="-40.1215487" lon="-71.4524014">
                <ele>1028</ele>
                <extensions>
                    <osmand:speed>16.4</osmand:speed>
                </extensions>
            </trkpt>
            <trkpt lat="-40.1208206" lon="-71.4498129">
                <ele>1028.8</ele>
                <extensions>
                    <osmand:speed>16.4</osmand:speed>
                </extensions>
            </trkpt>
            <trkpt lat="-40.1203979" lon="-71.4481258">
                <ele>1022.2</ele>
                <extensions>
                    <osmand:speed>16.4</osmand:speed>
                </extensions>
            </trkpt>
            <trkpt lat="-40.1202914" lon="-71.4477825">
                <ele>1020.8</ele>
                <extensions>
                    <osmand:speed>16.4</osmand:speed>
                </extensions>
            </trkpt>
            <trkpt lat="-40.1201622" lon="-71.4474581">
                <ele>1019.2</ele>
                <extensions>
                    <osmand:speed>16.4</osmand:speed>
                </extensions>
            </trkpt>
            <trkpt lat="-40.1193929" lon="-71.4461383">
                <ele>1009</ele>
                <extensions>
                    <osmand:speed>16.4</osmand:speed>
                </extensions>
            </trkpt>
            <trkpt lat="-40.1191838" lon="-71.445712">
                <ele>1007.5</ele>
                <extensions>
                    <osmand:speed>16.4</osmand:speed>
                </extensions>
            </trkpt>
            <trkpt lat="-40.1187427" lon="-71.4447867">
                <ele>1002.2</ele>
                <extensions>
                    <osmand:speed>16.4</osmand:speed>
                </extensions>
            </trkpt>
            <trkpt lat="-40.1185068" lon="-71.4443761">
                <ele>999.8</ele>
                <extensions>
                    <osmand:speed>16.4</osmand:speed>
                </extensions>
            </trkpt>
            <trkpt lat="-40.1177397" lon="-71.4433461">
                <ele>997.8</ele>
                <extensions>
                    <osmand:speed>16.4</osmand:speed>
                </extensions>
            </trkpt>
            <trkpt lat="-40.1175819" lon="-71.4430244">
                <ele>996.2</ele>
                <extensions>
                    <osmand:speed>16.4</osmand:speed>
                </extensions>
            </trkpt>
            <trkpt lat="-40.1173973" lon="-71.4424556">
                <ele>992.8</ele>
                <extensions>
                    <osmand:speed>16.4</osmand:speed>
                </extensions>
            </trkpt>
            <trkpt lat="-40.1173356" lon="-71.4423324">
                <ele>991.8</ele>
                <extensions>
                    <osmand:speed>16.4</osmand:speed>
                </extensions>
            </trkpt>
            <trkpt lat="-40.1172701" lon="-71.4422895">
                <ele>991.2</ele>
                <extensions>
                    <osmand:speed>16.4</osmand:speed>
                </extensions>
            </trkpt>
            <trkpt lat="-40.1171141" lon="-71.4422303">
                <ele>990.8</ele>
                <extensions>
                    <osmand:speed>16.4</osmand:speed>
                </extensions>
            </trkpt>
            <trkpt lat="-40.11703" lon="-71.4422491">
                <ele>991.2</ele>
                <extensions>
                    <osmand:speed>16.4</osmand:speed>
                </extensions>
            </trkpt>
            <trkpt lat="-40.1169582" lon="-71.4423054">
                <ele>992.2</ele>
                <extensions>
                    <osmand:speed>16.4</osmand:speed>
                </extensions>
            </trkpt>
            <trkpt lat="-40.1168291" lon="-71.4425148">
                <ele>994.2</ele>
                <extensions>
                    <osmand:speed>16.4</osmand:speed>
                </extensions>
            </trkpt>
            <trkpt lat="-40.1165953" lon="-71.4429225">
                <ele>997.2</ele>
                <extensions>
                    <osmand:speed>16.4</osmand:speed>
                </extensions>
            </trkpt>
            <trkpt lat="-40.1165131" lon="-71.4430135">
                <ele>997.5</ele>
                <extensions>
                    <osmand:speed>16.4</osmand:speed>
                </extensions>
            </trkpt>
            <trkpt lat="-40.11639" lon="-71.4430727">
                <ele>997</ele>
                <extensions>
                    <osmand:speed>16.4</osmand:speed>
                </extensions>
            </trkpt>
            <trkpt lat="-40.1161849" lon="-71.4430806">
                <ele>996.5</ele>
                <extensions>
                    <osmand:speed>16.4</osmand:speed>
                </extensions>
            </trkpt>
            <trkpt lat="-40.1160353" lon="-71.4430405">
                <ele>996.6</ele>
                <extensions>
                    <osmand:speed>16.4</osmand:speed>
                </extensions>
            </trkpt>
            <trkpt lat="-40.1158957" lon="-71.4429011">
                <ele>996.8</ele>
                <extensions>
                    <osmand:speed>16.4</osmand:speed>
                </extensions>
            </trkpt>
            <trkpt lat="-40.1158015" lon="-71.4427185">
                <ele>997.5</ele>
                <extensions>
                    <osmand:speed>16.4</osmand:speed>
                </extensions>
            </trkpt>
            <trkpt lat="-40.1157726" lon="-71.4424639">
                <ele>997.8</ele>
                <extensions>
                    <osmand:speed>16.4</osmand:speed>
                </extensions>
            </trkpt>
            <trkpt lat="-40.115789" lon="-71.4420345">
                <ele>996.5</ele>
                <extensions>
                    <osmand:speed>16.4</osmand:speed>
                </extensions>
            </trkpt>
            <trkpt lat="-40.1157666" lon="-71.4415839">
                <ele>995</ele>
                <extensions>
                    <osmand:speed>16.4</osmand:speed>
                </extensions>
            </trkpt>
            <trkpt lat="-40.1155798" lon="-71.44064">
                <ele>997.2</ele>
                <extensions>
                    <osmand:speed>16.4</osmand:speed>
                </extensions>
            </trkpt>
            <trkpt lat="-40.1149952" lon="-71.4383706">
                <ele>1000.8</ele>
                <extensions>
                    <osmand:speed>16.4</osmand:speed>
                </extensions>
            </trkpt>
            <trkpt lat="-40.1148557" lon="-71.4378422">
                <ele>1001.2</ele>
                <extensions>
                    <osmand:speed>16.4</osmand:speed>
                </extensions>
            </trkpt>
            <trkpt lat="-40.1147492" lon="-71.4375822">
                <ele>1001.5</ele>
                <extensions>
                    <osmand:speed>16.4</osmand:speed>
                </extensions>
            </trkpt>
            <trkpt lat="-40.1146424" lon="-71.4373916">
                <ele>1001</ele>
                <extensions>
                    <osmand:speed>16.4</osmand:speed>
                </extensions>
            </trkpt>
            <trkpt lat="-40.1140024" lon="-71.4364716">
                <ele>1003</ele>
                <extensions>
                    <osmand:speed>16.4</osmand:speed>
                </extensions>
            </trkpt>
            <trkpt lat="-40.1126937" lon="-71.434586">
                <ele>1005.5</ele>
                <extensions>
                    <osmand:speed>16.4</osmand:speed>
                </extensions>
            </trkpt>
            <trkpt lat="-40.1123347" lon="-71.4341086">
                <ele>1007.8</ele>
                <extensions>
                    <osmand:speed>16.4</osmand:speed>
                </extensions>
            </trkpt>
            <trkpt lat="-40.1121419" lon="-71.4336821">
                <ele>1009.8</ele>
                <extensions>
                    <osmand:speed>16.4</osmand:speed>
                </extensions>
            </trkpt>
            <trkpt lat="-40.112021" lon="-71.4334087">
                <ele>1011.8</ele>
                <extensions>
                    <osmand:speed>16.4</osmand:speed>
                </extensions>
            </trkpt>
            <trkpt lat="-40.1118978" lon="-71.4330196">
                <ele>1014.5</ele>
                <extensions>
                    <osmand:speed>16.4</osmand:speed>
                </extensions>
            </trkpt>
            <trkpt lat="-40.1114342" lon="-71.4313459">
                <ele>1013.8</ele>
                <extensions>
                    <osmand:speed>16.4</osmand:speed>
                </extensions>
            </trkpt>
            <trkpt lat="-40.111381" lon="-71.4309999">
                <ele>1012.8</ele>
                <extensions>
                    <osmand:speed>16.4</osmand:speed>
                </extensions>
            </trkpt>
            <trkpt lat="-40.1113829" lon="-71.4307989">
                <ele>1012</ele>
                <extensions>
                    <osmand:speed>16.4</osmand:speed>
                </extensions>
            </trkpt>
            <trkpt lat="-40.1114015" lon="-71.4305736">
                <ele>1011.2</ele>
                <extensions>
                    <osmand:speed>16.4</osmand:speed>
                </extensions>
            </trkpt>
            <trkpt lat="-40.1114588" lon="-71.4303401">
                <ele>1010.8</ele>
                <extensions>
                    <osmand:speed>16.4</osmand:speed>
                </extensions>
            </trkpt>
            <trkpt lat="-40.1117316" lon="-71.4292593">
                <ele>1010.2</ele>
                <extensions>
                    <osmand:speed>16.4</osmand:speed>
                </extensions>
            </trkpt>
            <trkpt lat="-40.1125111" lon="-71.4263974">
                <ele>1007.8</ele>
                <extensions>
                    <osmand:speed>16.4</osmand:speed>
                </extensions>
            </trkpt>
            <trkpt lat="-40.1141133" lon="-71.4203812">
                <ele>995.2</ele>
                <extensions>
                    <osmand:speed>16.4</osmand:speed>
                </extensions>
            </trkpt>
            <trkpt lat="-40.1156434" lon="-71.4145903">
                <ele>981.5</ele>
                <extensions>
                    <osmand:speed>16.4</osmand:speed>
                </extensions>
            </trkpt>
            <trkpt lat="-40.1162321" lon="-71.4124365">
                <ele>977</ele>
                <extensions>
                    <osmand:speed>16.4</osmand:speed>
                </extensions>
            </trkpt>
            <trkpt lat="-40.1164885" lon="-71.4114736">
                <ele>976</ele>
                <extensions>
                    <osmand:speed>16.4</osmand:speed>
                </extensions>
            </trkpt>
            <trkpt lat="-40.1180248" lon="-71.4049315">
                <ele>969.2</ele>
                <extensions>
                    <osmand:speed>16.4</osmand:speed>
                </extensions>
            </trkpt>
            <trkpt lat="-40.1189396" lon="-71.4011444">
                <ele>969</ele>
                <extensions>
                    <osmand:speed>16.4</osmand:speed>
                </extensions>
            </trkpt>
            <trkpt lat="-40.1202463" lon="-71.3953723">
                <ele>968.8</ele>
                <extensions>
                    <osmand:speed>16.4</osmand:speed>
                </extensions>
            </trkpt>
            <trkpt lat="-40.1203569" lon="-71.3949805">
                <ele>967.2</ele>
                <extensions>
                    <osmand:speed>16.4</osmand:speed>
                </extensions>
            </trkpt>
            <trkpt lat="-40.1205006" lon="-71.3946104">
                <ele>965.5</ele>
                <extensions>
                    <osmand:speed>16.4</osmand:speed>
                </extensions>
            </trkpt>
            <trkpt lat="-40.1206934" lon="-71.3942">
                <ele>964.8</ele>
                <extensions>
                    <osmand:speed>16.4</osmand:speed>
                </extensions>
            </trkpt>
            <trkpt lat="-40.1209435" lon="-71.3937655">
                <ele>965.2</ele>
                <extensions>
                    <osmand:speed>16.4</osmand:speed>
                </extensions>
            </trkpt>
            <trkpt lat="-40.1225269" lon="-71.3917592">
                <ele>975</ele>
                <extensions>
                    <osmand:speed>16.4</osmand:speed>
                </extensions>
            </trkpt>
            <trkpt lat="-40.1228058" lon="-71.3912791">
                <ele>975.5</ele>
                <extensions>
                    <osmand:speed>16.4</osmand:speed>
                </extensions>
            </trkpt>
            <trkpt lat="-40.1230109" lon="-71.3908231">
                <ele>974.2</ele>
                <extensions>
                    <osmand:speed>16.4</osmand:speed>
                </extensions>
            </trkpt>
            <trkpt lat="-40.1232982" lon="-71.3899487">
                <ele>968.2</ele>
                <extensions>
                    <osmand:speed>16.4</osmand:speed>
                </extensions>
            </trkpt>
            <trkpt lat="-40.1233823" lon="-71.3897395">
                <ele>966</ele>
                <extensions>
                    <osmand:speed>16.4</osmand:speed>
                </extensions>
            </trkpt>
            <trkpt lat="-40.1234664" lon="-71.3896188">
                <ele>964.5</ele>
                <extensions>
                    <osmand:speed>16.4</osmand:speed>
                </extensions>
            </trkpt>
            <trkpt lat="-40.1236262" lon="-71.3895063">
                <ele>962.2</ele>
                <extensions>
                    <osmand:speed>16.4</osmand:speed>
                </extensions>
            </trkpt>
            <trkpt lat="-40.1247277" lon="-71.3891628">
                <ele>953.8</ele>
                <extensions>
                    <osmand:speed>16.4</osmand:speed>
                </extensions>
            </trkpt>
            <trkpt lat="-40.1248445" lon="-71.3891011">
                <ele>953</ele>
                <extensions>
                    <osmand:speed>16.4</osmand:speed>
                </extensions>
            </trkpt>
            <trkpt lat="-40.1249595" lon="-71.3890048">
                <ele>952.2</ele>
                <extensions>
                    <osmand:speed>16.4</osmand:speed>
                </extensions>
            </trkpt>
            <trkpt lat="-40.1251256" lon="-71.3887256">
                <ele>950.8</ele>
                <extensions>
                    <osmand:speed>16.4</osmand:speed>
                </extensions>
            </trkpt>
            <trkpt lat="-40.1251892" lon="-71.3884469">
                <ele>948.5</ele>
                <extensions>
                    <osmand:speed>16.4</osmand:speed>
                </extensions>
            </trkpt>
            <trkpt lat="-40.1252056" lon="-71.3882832">
                <ele>947.8</ele>
                <extensions>
                    <osmand:speed>16.4</osmand:speed>
                </extensions>
            </trkpt>
            <trkpt lat="-40.1251829" lon="-71.3880819">
                <ele>947</ele>
                <extensions>
                    <osmand:speed>16.4</osmand:speed>
                </extensions>
            </trkpt>
            <trkpt lat="-40.1250641" lon="-71.3877978">
                <ele>945.2</ele>
                <extensions>
                    <osmand:speed>16.4</osmand:speed>
                </extensions>
            </trkpt>
            <trkpt lat="-40.1250065" lon="-71.3875669">
                <ele>943.5</ele>
                <extensions>
                    <osmand:speed>16.4</osmand:speed>
                </extensions>
            </trkpt>
            <trkpt lat="-40.1250516" lon="-71.387315">
                <ele>941.8</ele>
                <extensions>
                    <osmand:speed>16.4</osmand:speed>
                </extensions>
            </trkpt>
            <trkpt lat="-40.1252772" lon="-71.3867193">
                <ele>936.2</ele>
                <extensions>
                    <osmand:speed>16.4</osmand:speed>
                </extensions>
            </trkpt>
            <trkpt lat="-40.1254804" lon="-71.3851638">
                <ele>933</ele>
                <extensions>
                    <osmand:speed>16.4</osmand:speed>
                </extensions>
            </trkpt>
            <trkpt lat="-40.12555" lon="-71.3848498">
                <ele>931.8</ele>
                <extensions>
                    <osmand:speed>16.4</osmand:speed>
                </extensions>
            </trkpt>
            <trkpt lat="-40.1257368" lon="-71.383989">
                <ele>928.8</ele>
                <extensions>
                    <osmand:speed>16.4</osmand:speed>
                </extensions>
            </trkpt>
            <trkpt lat="-40.1280973" lon="-71.3744643">
                <ele>920.5</ele>
                <extensions>
                    <osmand:speed>16.4</osmand:speed>
                </extensions>
            </trkpt>
            <trkpt lat="-40.1295758" lon="-71.3684991">
                <ele>917</ele>
                <extensions>
                    <osmand:speed>16.4</osmand:speed>
                </extensions>
            </trkpt>
            <trkpt lat="-40.1296703" lon="-71.3681504">
                <ele>917.8</ele>
                <extensions>
                    <osmand:speed>16.4</osmand:speed>
                </extensions>
            </trkpt>
            <trkpt lat="-40.1297501" lon="-71.3678634">
                <ele>917.2</ele>
                <extensions>
                    <osmand:speed>16.4</osmand:speed>
                </extensions>
            </trkpt>
            <trkpt lat="-40.1299369" lon="-71.3673377">
                <ele>917.5</ele>
                <extensions>
                    <osmand:speed>16.4</osmand:speed>
                </extensions>
            </trkpt>
            <trkpt lat="-40.1306362" lon="-71.3656157">
                <ele>924</ele>
                <extensions>
                    <osmand:speed>16.4</osmand:speed>
                </extensions>
            </trkpt>
            <trkpt lat="-40.1307632" lon="-71.3651973">
                <ele>926.5</ele>
                <extensions>
                    <osmand:speed>16.4</osmand:speed>
                </extensions>
            </trkpt>
            <trkpt lat="-40.1308473" lon="-71.3647522">
                <ele>927</ele>
                <extensions>
                    <osmand:speed>16.4</osmand:speed>
                </extensions>
            </trkpt>
            <trkpt lat="-40.1309765" lon="-71.3637462">
                <ele>926.5</ele>
                <extensions>
                    <osmand:speed>16.4</osmand:speed>
                </extensions>
            </trkpt>
            <trkpt lat="-40.1310443" lon="-71.3634485">
                <ele>926.8</ele>
                <extensions>
                    <osmand:speed>16.4</osmand:speed>
                </extensions>
            </trkpt>
            <trkpt lat="-40.1311057" lon="-71.3632768">
                <ele>927</ele>
                <extensions>
                    <osmand:speed>16.4</osmand:speed>
                </extensions>
            </trkpt>
            <trkpt lat="-40.1311858" lon="-71.3631588">
                <ele>927.8</ele>
                <extensions>
                    <osmand:speed>16.4</osmand:speed>
                </extensions>
            </trkpt>
            <trkpt lat="-40.1313046" lon="-71.3630168">
                <ele>928.8</ele>
                <extensions>
                    <osmand:speed>16.4</osmand:speed>
                </extensions>
            </trkpt>
            <trkpt lat="-40.131801" lon="-71.3625635">
                <ele>932.2</ele>
                <extensions>
                    <osmand:speed>16.4</osmand:speed>
                </extensions>
            </trkpt>
            <trkpt lat="-40.1324224" lon="-71.36196">
                <ele>935.5</ele>
                <extensions>
                    <osmand:speed>16.4</osmand:speed>
                </extensions>
            </trkpt>
            <trkpt lat="-40.1326478" lon="-71.3616997">
                <ele>936.5</ele>
                <extensions>
                    <osmand:speed>16.4</osmand:speed>
                </extensions>
            </trkpt>
            <trkpt lat="-40.1328529" lon="-71.3614316">
                <ele>937.2</ele>
                <extensions>
                    <osmand:speed>16.4</osmand:speed>
                </extensions>
            </trkpt>
            <trkpt lat="-40.1329248" lon="-71.3612358">
                <ele>936.5</ele>
                <extensions>
                    <osmand:speed>16.4</osmand:speed>
                </extensions>
            </trkpt>
            <trkpt lat="-40.1329699" lon="-71.3609889">
                <ele>936.2</ele>
                <extensions>
                    <osmand:speed>16.4</osmand:speed>
                </extensions>
            </trkpt>
            <trkpt lat="-40.1329739" lon="-71.3607504">
                <ele>936</ele>
                <extensions>
                    <osmand:speed>16.4</osmand:speed>
                </extensions>
            </trkpt>
            <trkpt lat="-40.1328387" lon="-71.3595756">
                <ele>936.8</ele>
                <extensions>
                    <osmand:speed>16.4</osmand:speed>
                </extensions>
            </trkpt>
            <trkpt lat="-40.1327442" lon="-71.3587655">
                <ele>941.5</ele>
                <extensions>
                    <osmand:speed>16.4</osmand:speed>
                </extensions>
            </trkpt>
            <trkpt lat="-40.1327442" lon="-71.358551">
                <ele>942.5</ele>
                <extensions>
                    <osmand:speed>16.4</osmand:speed>
                </extensions>
            </trkpt>
            <trkpt lat="-40.132777" lon="-71.3583657">
                <ele>943</ele>
                <extensions>
                    <osmand:speed>16.4</osmand:speed>
                </extensions>
            </trkpt>
            <trkpt lat="-40.1330089" lon="-71.3574135">
                <ele>947.5</ele>
                <extensions>
                    <osmand:speed>16.4</osmand:speed>
                </extensions>
            </trkpt>
            <trkpt lat="-40.1330354" lon="-71.3572016">
                <ele>949</ele>
                <extensions>
                    <osmand:speed>16.4</osmand:speed>
                </extensions>
            </trkpt>
            <trkpt lat="-40.1330417" lon="-71.3569897">
                <ele>950.8</ele>
                <extensions>
                    <osmand:speed>16.4</osmand:speed>
                </extensions>
            </trkpt>
            <trkpt lat="-40.1330335" lon="-71.3569363">
                <ele>951.2</ele>
                <extensions>
                    <osmand:speed>16.4</osmand:speed>
                </extensions>
            </trkpt>
            <trkpt lat="-40.1330089" lon="-71.3567939">
                <ele>952.8</ele>
                <extensions>
                    <osmand:speed>16.4</osmand:speed>
                </extensions>
            </trkpt>
            <trkpt lat="-40.1329453" lon="-71.3566303">
                <ele>953.8</ele>
                <extensions>
                    <osmand:speed>16.4</osmand:speed>
                </extensions>
            </trkpt>
            <trkpt lat="-40.1328715" lon="-71.3564561">
                <ele>954.2</ele>
                <extensions>
                    <osmand:speed>16.4</osmand:speed>
                </extensions>
            </trkpt>
            <trkpt lat="-40.1326868" lon="-71.3560485">
                <ele>954</ele>
                <extensions>
                    <osmand:speed>16.4</osmand:speed>
                </extensions>
            </trkpt>
            <trkpt lat="-40.1326601" lon="-71.3558766">
                <ele>953.2</ele>
                <extensions>
                    <osmand:speed>16.4</osmand:speed>
                </extensions>
            </trkpt>
            <trkpt lat="-40.1326601" lon="-71.3556998">
                <ele>952.8</ele>
                <extensions>
                    <osmand:speed>16.4</osmand:speed>
                </extensions>
            </trkpt>
            <trkpt lat="-40.1328324" lon="-71.3549754">
                <ele>947.5</ele>
                <extensions>
                    <osmand:speed>16.4</osmand:speed>
                </extensions>
            </trkpt>
            <trkpt lat="-40.1332261" lon="-71.353358">
                <ele>935.8</ele>
                <extensions>
                    <osmand:speed>16.4</osmand:speed>
                </extensions>
            </trkpt>
            <trkpt lat="-40.1332979" lon="-71.3529825">
                <ele>935.5</ele>
                <extensions>
                    <osmand:speed>16.4</osmand:speed>
                </extensions>
            </trkpt>
            <trkpt lat="-40.1333184" lon="-71.352607">
                <ele>934.5</ele>
                <extensions>
                    <osmand:speed>16.4</osmand:speed>
                </extensions>
            </trkpt>
            <trkpt lat="-40.1333102" lon="-71.3519313">
                <ele>931</ele>
                <extensions>
                    <osmand:speed>16.4</osmand:speed>
                </extensions>
            </trkpt>
            <trkpt lat="-40.1333307" lon="-71.351518">
                <ele>928.2</ele>
                <extensions>
                    <osmand:speed>16.4</osmand:speed>
                </extensions>
            </trkpt>
            <trkpt lat="-40.1333821" lon="-71.351113">
                <ele>925.5</ele>
                <extensions>
                    <osmand:speed>16.4</osmand:speed>
                </extensions>
            </trkpt>
            <trkpt lat="-40.1334826" lon="-71.350625">
                <ele>922.5</ele>
                <extensions>
                    <osmand:speed>16.4</osmand:speed>
                </extensions>
            </trkpt>
            <trkpt lat="-40.1336487" lon="-71.3501474">
                <ele>919.8</ele>
                <extensions>
                    <osmand:speed>16.4</osmand:speed>
                </extensions>
            </trkpt>
            <trkpt lat="-40.1338885" lon="-71.3495977">
                <ele>916</ele>
                <extensions>
                    <osmand:speed>16.4</osmand:speed>
                </extensions>
            </trkpt>
            <trkpt lat="-40.1341101" lon="-71.3492678">
                <ele>913.2</ele>
                <extensions>
                    <osmand:speed>16.4</osmand:speed>
                </extensions>
            </trkpt>
            <trkpt lat="-40.1343685" lon="-71.348986">
                <ele>911</ele>
                <extensions>
                    <osmand:speed>16.4</osmand:speed>
                </extensions>
            </trkpt>
            <trkpt lat="-40.1349548" lon="-71.3485114">
                <ele>909.2</ele>
                <extensions>
                    <osmand:speed>16.4</osmand:speed>
                </extensions>
            </trkpt>
            <trkpt lat="-40.135037" lon="-71.3484068">
                <ele>908.8</ele>
                <extensions>
                    <osmand:speed>16.4</osmand:speed>
                </extensions>
            </trkpt>
            <trkpt lat="-40.1350862" lon="-71.3482511">
                <ele>907.2</ele>
                <extensions>
                    <osmand:speed>16.4</osmand:speed>
                </extensions>
            </trkpt>
            <trkpt lat="-40.1351067" lon="-71.3474008">
                <ele>896</ele>
                <extensions>
                    <osmand:speed>16.4</osmand:speed>
                </extensions>
            </trkpt>
            <trkpt lat="-40.1351455" lon="-71.3472615">
                <ele>894.2</ele>
                <extensions>
                    <osmand:speed>16.4</osmand:speed>
                </extensions>
            </trkpt>
            <trkpt lat="-40.1351845" lon="-71.3471998">
                <ele>893.5</ele>
                <extensions>
                    <osmand:speed>16.4</osmand:speed>
                </extensions>
            </trkpt>
            <trkpt lat="-40.1352993" lon="-71.3470979">
                <ele>892.8</ele>
                <extensions>
                    <osmand:speed>16.4</osmand:speed>
                </extensions>
            </trkpt>
            <trkpt lat="-40.1353897" lon="-71.3470602">
                <ele>893</ele>
                <extensions>
                    <osmand:speed>16.4</osmand:speed>
                </extensions>
            </trkpt>
            <trkpt lat="-40.1359864" lon="-71.3469611">
                <ele>899</ele>
                <extensions>
                    <osmand:speed>16.4</osmand:speed>
                </extensions>
            </trkpt>
            <trkpt lat="-40.1360888" lon="-71.3469155">
                <ele>900</ele>
                <extensions>
                    <osmand:speed>16.4</osmand:speed>
                </extensions>
            </trkpt>
            <trkpt lat="-40.1361831" lon="-71.3467839">
                <ele>898.8</ele>
                <extensions>
                    <osmand:speed>16.4</osmand:speed>
                </extensions>
            </trkpt>
            <trkpt lat="-40.1364888" lon="-71.3461887">
                <ele>891.2</ele>
                <extensions>
                    <osmand:speed>16.4</osmand:speed>
                </extensions>
            </trkpt>
            <trkpt lat="-40.1365235" lon="-71.3461402">
                <ele>891</ele>
                <extensions>
                    <osmand:speed>16.4</osmand:speed>
                </extensions>
            </trkpt>
            <trkpt lat="-40.1367759" lon="-71.3457915">
                <ele>889.5</ele>
                <extensions>
                    <osmand:speed>16.4</osmand:speed>
                </extensions>
            </trkpt>
            <trkpt lat="-40.1368024" lon="-71.3456924">
                <ele>888.5</ele>
                <extensions>
                    <osmand:speed>16.4</osmand:speed>
                </extensions>
            </trkpt>
            <trkpt lat="-40.1368311" lon="-71.3455957">
                <ele>887.8</ele>
                <extensions>
                    <osmand:speed>16.4</osmand:speed>
                </extensions>
            </trkpt>
            <trkpt lat="-40.1367759" lon="-71.345392">
                <ele>884</ele>
                <extensions>
                    <osmand:speed>16.4</osmand:speed>
                </extensions>
            </trkpt>
            <trkpt lat="-40.1356932" lon="-71.3430744">
                <ele>868.2</ele>
                <extensions>
                    <osmand:speed>16.4</osmand:speed>
                </extensions>
            </trkpt>
            <trkpt lat="-40.1356583" lon="-71.3428708">
                <ele>868</ele>
                <extensions>
                    <osmand:speed>16.4</osmand:speed>
                </extensions>
            </trkpt>
            <trkpt lat="-40.1357178" lon="-71.3426937">
                <ele>868.5</ele>
                <extensions>
                    <osmand:speed>16.4</osmand:speed>
                </extensions>
            </trkpt>
            <trkpt lat="-40.1365276" lon="-71.3412344">
                <ele>871</ele>
                <extensions>
                    <osmand:speed>16.4</osmand:speed>
                </extensions>
            </trkpt>
            <trkpt lat="-40.1366303" lon="-71.3411381">
                <ele>871.1</ele>
                <extensions>
                    <osmand:speed>16.4</osmand:speed>
                </extensions>
            </trkpt>
            <trkpt lat="-40.1367431" lon="-71.3410764">
                <ele>871.2</ele>
                <extensions>
                    <osmand:speed>16.4</osmand:speed>
                </extensions>
            </trkpt>
            <trkpt lat="-40.1370814" lon="-71.340961">
                <ele>874.2</ele>
                <extensions>
                    <osmand:speed>16.4</osmand:speed>
                </extensions>
            </trkpt>
            <trkpt lat="-40.137186" lon="-71.3408723">
                <ele>874</ele>
                <extensions>
                    <osmand:speed>16.4</osmand:speed>
                </extensions>
            </trkpt>
            <trkpt lat="-40.1372906" lon="-71.340757">
                <ele>873.8</ele>
                <extensions>
                    <osmand:speed>16.4</osmand:speed>
                </extensions>
            </trkpt>
            <trkpt lat="-40.1376761" lon="-71.3399016">
                <ele>864.5</ele>
                <extensions>
                    <osmand:speed>16.4</osmand:speed>
                </extensions>
            </trkpt>
            <trkpt lat="-40.137713" lon="-71.339609">
                <ele>861.5</ele>
                <extensions>
                    <osmand:speed>16.4</osmand:speed>
                </extensions>
            </trkpt>
            <trkpt lat="-40.137672" lon="-71.3392739">
                <ele>856.5</ele>
                <extensions>
                    <osmand:speed>16.4</osmand:speed>
                </extensions>
            </trkpt>
            <trkpt lat="-40.1375059" lon="-71.3385792">
                <ele>850.5</ele>
                <extensions>
                    <osmand:speed>16.4</osmand:speed>
                </extensions>
            </trkpt>
            <trkpt lat="-40.1374996" lon="-71.3382627">
                <ele>849.5</ele>
                <extensions>
                    <osmand:speed>16.4</osmand:speed>
                </extensions>
            </trkpt>
            <trkpt lat="-40.1375324" lon="-71.3379167">
                <ele>848.8</ele>
                <extensions>
                    <osmand:speed>16.4</osmand:speed>
                </extensions>
            </trkpt>
            <trkpt lat="-40.1376043" lon="-71.3376456">
                <ele>848.4</ele>
                <extensions>
                    <osmand:speed>16.4</osmand:speed>
                </extensions>
            </trkpt>
            <trkpt lat="-40.1376821" lon="-71.3374096">
                <ele>848.2</ele>
                <extensions>
                    <osmand:speed>16.4</osmand:speed>
                </extensions>
            </trkpt>
            <trkpt lat="-40.1378523" lon="-71.3371147">
                <ele>847.8</ele>
                <extensions>
                    <osmand:speed>16.4</osmand:speed>
                </extensions>
            </trkpt>
            <trkpt lat="-40.1380021" lon="-71.3369429">
                <ele>847.5</ele>
                <extensions>
                    <osmand:speed>16.4</osmand:speed>
                </extensions>
            </trkpt>
            <trkpt lat="-40.1381742" lon="-71.3368143">
                <ele>847</ele>
                <extensions>
                    <osmand:speed>16.4</osmand:speed>
                </extensions>
            </trkpt>
            <trkpt lat="-40.1383157" lon="-71.3367149">
                <ele>846.2</ele>
                <extensions>
                    <osmand:speed>16.4</osmand:speed>
                </extensions>
            </trkpt>
            <trkpt lat="-40.1384654" lon="-71.3366532">
                <ele>846</ele>
                <extensions>
                    <osmand:speed>16.4</osmand:speed>
                </extensions>
            </trkpt>
            <trkpt lat="-40.1388408" lon="-71.3365674">
                <ele>851</ele>
                <extensions>
                    <osmand:speed>16.4</osmand:speed>
                </extensions>
            </trkpt>
            <trkpt lat="-40.1391135" lon="-71.33653">
                <ele>850</ele>
                <extensions>
                    <osmand:speed>16.4</osmand:speed>
                </extensions>
            </trkpt>
            <trkpt lat="-40.1397859" lon="-71.3363637">
                <ele>846</ele>
                <extensions>
                    <osmand:speed>16.4</osmand:speed>
                </extensions>
            </trkpt>
            <trkpt lat="-40.1399829" lon="-71.3363394">
                <ele>845.2</ele>
                <extensions>
                    <osmand:speed>16.4</osmand:speed>
                </extensions>
            </trkpt>
            <trkpt lat="-40.1401837" lon="-71.3363823">
                <ele>844.2</ele>
                <extensions>
                    <osmand:speed>16.4</osmand:speed>
                </extensions>
            </trkpt>
            <trkpt lat="-40.1403069" lon="-71.3364066">
                <ele>843.5</ele>
                <extensions>
                    <osmand:speed>16.4</osmand:speed>
                </extensions>
            </trkpt>
            <trkpt lat="-40.1404605" lon="-71.3364762">
                <ele>842.8</ele>
                <extensions>
                    <osmand:speed>16.4</osmand:speed>
                </extensions>
            </trkpt>
            <trkpt lat="-40.1406389" lon="-71.336589">
                <ele>842</ele>
                <extensions>
                    <osmand:speed>16.4</osmand:speed>
                </extensions>
            </trkpt>
            <trkpt lat="-40.1407744" lon="-71.3367122">
                <ele>841.2</ele>
                <extensions>
                    <osmand:speed>16.4</osmand:speed>
                </extensions>
            </trkpt>
            <trkpt lat="-40.1411843" lon="-71.3371977">
                <ele>837</ele>
                <extensions>
                    <osmand:speed>16.4</osmand:speed>
                </extensions>
            </trkpt>
            <trkpt lat="-40.1414878" lon="-71.3377127">
                <ele>832.5</ele>
                <extensions>
                    <osmand:speed>16.4</osmand:speed>
                </extensions>
            </trkpt>
            <trkpt lat="-40.1415966" lon="-71.337997">
                <ele>831.2</ele>
                <extensions>
                    <osmand:speed>16.4</osmand:speed>
                </extensions>
            </trkpt>
            <trkpt lat="-40.1416518" lon="-71.3382813">
                <ele>829.8</ele>
                <extensions>
                    <osmand:speed>16.4</osmand:speed>
                </extensions>
            </trkpt>
            <trkpt lat="-40.1416704" lon="-71.3385792">
                <ele>829.2</ele>
                <extensions>
                    <osmand:speed>16.4</osmand:speed>
                </extensions>
            </trkpt>
            <trkpt lat="-40.1416477" lon="-71.3387346">
                <ele>829.8</ele>
                <extensions>
                    <osmand:speed>16.4</osmand:speed>
                </extensions>
            </trkpt>
            <trkpt lat="-40.1415679" lon="-71.3388875">
                <ele>831.2</ele>
                <extensions>
                    <osmand:speed>16.4</osmand:speed>
                </extensions>
            </trkpt>
            <trkpt lat="-40.1414018" lon="-71.3391774">
                <ele>834</ele>
                <extensions>
                    <osmand:speed>16.4</osmand:speed>
                </extensions>
            </trkpt>
            <trkpt lat="-40.1413567" lon="-71.3393354">
                <ele>835.5</ele>
                <extensions>
                    <osmand:speed>16.4</osmand:speed>
                </extensions>
            </trkpt>
            <trkpt lat="-40.1413649" lon="-71.3394992">
                <ele>836.8</ele>
                <extensions>
                    <osmand:speed>16.4</osmand:speed>
                </extensions>
            </trkpt>
            <trkpt lat="-40.1414387" lon="-71.3396573">
                <ele>837</ele>
                <extensions>
                    <osmand:speed>16.4</osmand:speed>
                </extensions>
            </trkpt>
            <trkpt lat="-40.1416559" lon="-71.3398157">
                <ele>836.2</ele>
                <extensions>
                    <osmand:speed>16.4</osmand:speed>
                </extensions>
            </trkpt>
            <trkpt lat="-40.1419922" lon="-71.3400276">
                <ele>832.2</ele>
                <extensions>
                    <osmand:speed>16.4</osmand:speed>
                </extensions>
            </trkpt>
            <trkpt lat="-40.1422731" lon="-71.3402715">
                <ele>828</ele>
                <extensions>
                    <osmand:speed>16.4</osmand:speed>
                </extensions>
            </trkpt>
            <trkpt lat="-40.1424289" lon="-71.3404755">
                <ele>825</ele>
                <extensions>
                    <osmand:speed>16.4</osmand:speed>
                </extensions>
            </trkpt>
            <trkpt lat="-40.1424619" lon="-71.3405641">
                <ele>824</ele>
                <extensions>
                    <osmand:speed>16.4</osmand:speed>
                </extensions>
            </trkpt>
            <trkpt lat="-40.1425685" lon="-71.340934">
                <ele>819</ele>
                <extensions>
                    <osmand:speed>16.4</osmand:speed>
                </extensions>
            </trkpt>
            <trkpt lat="-40.1426136" lon="-71.3411997">
                <ele>815.5</ele>
                <extensions>
                    <osmand:speed>16.4</osmand:speed>
                </extensions>
            </trkpt>
            <trkpt lat="-40.1426218" lon="-71.3414168">
                <ele>814.5</ele>
                <extensions>
                    <osmand:speed>16.4</osmand:speed>
                </extensions>
            </trkpt>
            <trkpt lat="-40.1425991" lon="-71.3417387">
                <ele>816.8</ele>
                <extensions>
                    <osmand:speed>16.4</osmand:speed>
                </extensions>
            </trkpt>
            <trkpt lat="-40.1424783" lon="-71.3421332">
                <ele>819.8</ele>
                <extensions>
                    <osmand:speed>16.4</osmand:speed>
                </extensions>
            </trkpt>
            <trkpt lat="-40.1424701" lon="-71.342286">
                <ele>821.2</ele>
                <extensions>
                    <osmand:speed>16.4</osmand:speed>
                </extensions>
            </trkpt>
            <trkpt lat="-40.1425234" lon="-71.3424119">
                <ele>821</ele>
                <extensions>
                    <osmand:speed>16.4</osmand:speed>
                </extensions>
            </trkpt>
            <trkpt lat="-40.1426382" lon="-71.3425757">
                <ele>819.8</ele>
                <extensions>
                    <osmand:speed>16.4</osmand:speed>
                </extensions>
            </trkpt>
            <trkpt lat="-40.1429538" lon="-71.3428813">
                <ele>815.2</ele>
                <extensions>
                    <osmand:speed>16.4</osmand:speed>
                </extensions>
            </trkpt>
            <trkpt lat="-40.1430073" lon="-71.3429564">
                <ele>815.5</ele>
                <extensions>
                    <osmand:speed>16.4</osmand:speed>
                </extensions>
            </trkpt>
            <trkpt lat="-40.1430543" lon="-71.3430476">
                <ele>816.2</ele>
                <extensions>
                    <osmand:speed>16.4</osmand:speed>
                </extensions>
            </trkpt>
            <trkpt lat="-40.1431281" lon="-71.3432434">
                <ele>818.2</ele>
                <extensions>
                    <osmand:speed>16.4</osmand:speed>
                </extensions>
            </trkpt>
            <trkpt lat="-40.1431609" lon="-71.3432972">
                <ele>818.5</ele>
                <extensions>
                    <osmand:speed>16.4</osmand:speed>
                </extensions>
            </trkpt>
            <trkpt lat="-40.1432491" lon="-71.3433802">
                <ele>818.2</ele>
                <extensions>
                    <osmand:speed>16.4</osmand:speed>
                </extensions>
            </trkpt>
            <trkpt lat="-40.1433967" lon="-71.3434714">
                <ele>817</ele>
                <extensions>
                    <osmand:speed>16.4</osmand:speed>
                </extensions>
            </trkpt>
            <trkpt lat="-40.1435669" lon="-71.3435572">
                <ele>815</ele>
                <extensions>
                    <osmand:speed>16.4</osmand:speed>
                </extensions>
            </trkpt>
            <trkpt lat="-40.1436694" lon="-71.3436406">
                <ele>814.5</ele>
                <extensions>
                    <osmand:speed>16.4</osmand:speed>
                </extensions>
            </trkpt>
            <trkpt lat="-40.1439238" lon="-71.3438954">
                <ele>816</ele>
                <extensions>
                    <osmand:speed>16.4</osmand:speed>
                </extensions>
            </trkpt>
            <trkpt lat="-40.1442558" lon="-71.3442707">
                <ele>818.2</ele>
                <extensions>
                    <osmand:speed>16.4</osmand:speed>
                </extensions>
            </trkpt>
            <trkpt lat="-40.1444159" lon="-71.3443887">
                <ele>818.5</ele>
                <extensions>
                    <osmand:speed>16.4</osmand:speed>
                </extensions>
            </trkpt>
            <trkpt lat="-40.1445553" lon="-71.3444586">
                <ele>818</ele>
                <extensions>
                    <osmand:speed>16.4</osmand:speed>
                </extensions>
            </trkpt>
            <trkpt lat="-40.144705" lon="-71.3444989">
                <ele>817</ele>
                <extensions>
                    <osmand:speed>16.4</osmand:speed>
                </extensions>
            </trkpt>
            <trkpt lat="-40.1448444" lon="-71.3445067">
                <ele>816.2</ele>
                <extensions>
                    <osmand:speed>16.4</osmand:speed>
                </extensions>
            </trkpt>
            <trkpt lat="-40.1449939" lon="-71.3445042">
                <ele>815.2</ele>
                <extensions>
                    <osmand:speed>16.4</osmand:speed>
                </extensions>
            </trkpt>
            <trkpt lat="-40.1451007" lon="-71.344472">
                <ele>813.8</ele>
                <extensions>
                    <osmand:speed>16.4</osmand:speed>
                </extensions>
            </trkpt>
            <trkpt lat="-40.1455598" lon="-71.3442333">
                <ele>804</ele>
                <extensions>
                    <osmand:speed>16.4</osmand:speed>
                </extensions>
            </trkpt>
            <trkpt lat="-40.1456584" lon="-71.344209">
                <ele>802</ele>
                <extensions>
                    <osmand:speed>16.4</osmand:speed>
                </extensions>
            </trkpt>
            <trkpt lat="-40.1457669" lon="-71.3441985">
                <ele>799.8</ele>
                <extensions>
                    <osmand:speed>16.4</osmand:speed>
                </extensions>
            </trkpt>
            <trkpt lat="-40.1458593" lon="-71.3442063">
                <ele>798</ele>
                <extensions>
                    <osmand:speed>16.4</osmand:speed>
                </extensions>
            </trkpt>
            <trkpt lat="-40.1460377" lon="-71.3442333">
                <ele>794.2</ele>
                <extensions>
                    <osmand:speed>16.4</osmand:speed>
                </extensions>
            </trkpt>
            <trkpt lat="-40.1461585" lon="-71.3442546">
                <ele>790.5</ele>
                <extensions>
                    <osmand:speed>16.4</osmand:speed>
                </extensions>
            </trkpt>
            <trkpt lat="-40.1462405" lon="-71.3442601">
                <ele>787.5</ele>
                <extensions>
                    <osmand:speed>16.4</osmand:speed>
                </extensions>
            </trkpt>
            <trkpt lat="-40.1462837" lon="-71.3442441">
                <ele>785.8</ele>
                <extensions>
                    <osmand:speed>16.4</osmand:speed>
                </extensions>
            </trkpt>
            <trkpt lat="-40.1463165" lon="-71.3442224">
                <ele>784.2</ele>
                <extensions>
                    <osmand:speed>16.4</osmand:speed>
                </extensions>
            </trkpt>
            <trkpt lat="-40.146343" lon="-71.3441741">
                <ele>783</ele>
                <extensions>
                    <osmand:speed>16.4</osmand:speed>
                </extensions>
            </trkpt>
            <trkpt lat="-40.1463656" lon="-71.3440912">
                <ele>781.8</ele>
                <extensions>
                    <osmand:speed>16.4</osmand:speed>
                </extensions>
            </trkpt>
            <trkpt lat="-40.1463615" lon="-71.3440105">
                <ele>781</ele>
                <extensions>
                    <osmand:speed>16.4</osmand:speed>
                </extensions>
            </trkpt>
            <trkpt lat="-40.1463247" lon="-71.343941">
                <ele>781.8</ele>
                <extensions>
                    <osmand:speed>16.4</osmand:speed>
                </extensions>
            </trkpt>
            <trkpt lat="-40.1462304" lon="-71.3438764">
                <ele>784.2</ele>
                <extensions>
                    <osmand:speed>16.4</osmand:speed>
                </extensions>
            </trkpt>
            <trkpt lat="-40.1458161" lon="-71.3436298">
                <ele>792.5</ele>
                <extensions>
                    <osmand:speed>16.4</osmand:speed>
                </extensions>
            </trkpt>
            <trkpt lat="-40.1456871" lon="-71.3435494">
                <ele>793.8</ele>
                <extensions>
                    <osmand:speed>16.4</osmand:speed>
                </extensions>
            </trkpt>
            <trkpt lat="-40.1455598" lon="-71.3434448">
                <ele>794.5</ele>
                <extensions>
                    <osmand:speed>16.4</osmand:speed>
                </extensions>
            </trkpt>
            <trkpt lat="-40.1454778" lon="-71.3433507">
                <ele>794.3</ele>
                <extensions>
                    <osmand:speed>16.4</osmand:speed>
                </extensions>
            </trkpt>
            <trkpt lat="-40.1453876" lon="-71.34323">
                <ele>794</ele>
                <extensions>
                    <osmand:speed>16.4</osmand:speed>
                </extensions>
            </trkpt>
            <trkpt lat="-40.1452114" lon="-71.3429564">
                <ele>792</ele>
                <extensions>
                    <osmand:speed>12.5</osmand:speed>
                </extensions>
            </trkpt>
            <trkpt lat="-40.1452912" lon="-71.3427983">
                <ele>788.8</ele>
                <extensions>
                    <osmand:speed>12.5</osmand:speed>
                </extensions>
            </trkpt>
            <trkpt lat="-40.1453057" lon="-71.3427633">
                <ele>788</ele>
                <extensions>
                    <osmand:speed>12.5</osmand:speed>
                </extensions>
            </trkpt>
            <trkpt lat="-40.1453158" lon="-71.3427232">
                <ele>787.2</ele>
                <extensions>
                    <osmand:speed>12.5</osmand:speed>
                </extensions>
            </trkpt>
            <trkpt lat="-40.145322" lon="-71.3426803">
                <ele>786.5</ele>
                <extensions>
                    <osmand:speed>12.5</osmand:speed>
                </extensions>
            </trkpt>
            <trkpt lat="-40.1453242" lon="-71.342632">
                <ele>785.8</ele>
                <extensions>
                    <osmand:speed>12.5</osmand:speed>
                </extensions>
            </trkpt>
            <trkpt lat="-40.1453283" lon="-71.3424924">
                <ele>783.5</ele>
                <extensions>
                    <osmand:speed>12.5</osmand:speed>
                </extensions>
            </trkpt>
            <trkpt lat="-40.1453283" lon="-71.3424389">
                <ele>782.8</ele>
                <extensions>
                    <osmand:speed>12.5</osmand:speed>
                </extensions>
            </trkpt>
            <trkpt lat="-40.1453324" lon="-71.3423851">
                <ele>782</ele>
                <extensions>
                    <osmand:speed>12.5</osmand:speed>
                </extensions>
            </trkpt>
            <trkpt lat="-40.1453384" lon="-71.342329">
                <ele>781.2</ele>
                <extensions>
                    <osmand:speed>12.5</osmand:speed>
                </extensions>
            </trkpt>
            <trkpt lat="-40.1453507" lon="-71.3422726">
                <ele>780.5</ele>
                <extensions>
                    <osmand:speed>12.5</osmand:speed>
                </extensions>
            </trkpt>
            <trkpt lat="-40.1453652" lon="-71.3422161">
                <ele>779.8</ele>
                <extensions>
                    <osmand:speed>12.5</osmand:speed>
                </extensions>
            </trkpt>
            <trkpt lat="-40.1453835" lon="-71.3421598">
                <ele>779</ele>
                <extensions>
                    <osmand:speed>12.5</osmand:speed>
                </extensions>
            </trkpt>
            <trkpt lat="-40.145404" lon="-71.3421036">
                <ele>778.2</ele>
                <extensions>
                    <osmand:speed>12.5</osmand:speed>
                </extensions>
            </trkpt>
            <trkpt lat="-40.1454286" lon="-71.3420446">
                <ele>777.5</ele>
                <extensions>
                    <osmand:speed>12.5</osmand:speed>
                </extensions>
            </trkpt>
            <trkpt lat="-40.1454595" lon="-71.3419881">
                <ele>776.8</ele>
                <extensions>
                    <osmand:speed>12.5</osmand:speed>
                </extensions>
            </trkpt>
            <trkpt lat="-40.1455639" lon="-71.3418059">
                <ele>774</ele>
                <extensions>
                    <osmand:speed>12.5</osmand:speed>
                </extensions>
            </trkpt>
            <trkpt lat="-40.1456172" lon="-71.3417494">
                <ele>772.8</ele>
                <extensions>
                    <osmand:speed>12.5</osmand:speed>
                </extensions>
            </trkpt>
            <trkpt lat="-40.1456317" lon="-71.3417308">
                <ele>772.5</ele>
                <extensions>
                    <osmand:speed>12.5</osmand:speed>
                </extensions>
            </trkpt>
            <trkpt lat="-40.1456481" lon="-71.3417065">
                <ele>772.2</ele>
                <extensions>
                    <osmand:speed>12.5</osmand:speed>
                </extensions>
            </trkpt>
            <trkpt lat="-40.1456644" lon="-71.3416825">
                <ele>772</ele>
                <extensions>
                    <osmand:speed>12.5</osmand:speed>
                </extensions>
            </trkpt>
            <trkpt lat="-40.1456767" lon="-71.3416582">
                <ele>771.8</ele>
                <extensions>
                    <osmand:speed>12.5</osmand:speed>
                </extensions>
            </trkpt>
            <trkpt lat="-40.145689" lon="-71.3416287">
                <ele>771.5</ele>
                <extensions>
                    <osmand:speed>12.5</osmand:speed>
                </extensions>
            </trkpt>
            <trkpt lat="-40.1457013" lon="-71.3415992">
                <ele>771.2</ele>
                <extensions>
                    <osmand:speed>12.5</osmand:speed>
                </extensions>
            </trkpt>
            <trkpt lat="-40.1457322" lon="-71.3415162">
                <ele>771</ele>
                <extensions>
                    <osmand:speed>12.5</osmand:speed>
                </extensions>
            </trkpt>
            <trkpt lat="-40.1459003" lon="-71.341221">
                <ele>767.5</ele>
                <extensions>
                    <osmand:speed>12.5</osmand:speed>
                </extensions>
            </trkpt>
            <trkpt lat="-40.1459268" lon="-71.3411781">
                <ele>767.2</ele>
                <extensions>
                    <osmand:speed>12.5</osmand:speed>
                </extensions>
            </trkpt>
            <trkpt lat="-40.1459555" lon="-71.3411407">
                <ele>767</ele>
                <extensions>
                    <osmand:speed>12.5</osmand:speed>
                </extensions>
            </trkpt>
            <trkpt lat="-40.1459905" lon="-71.3410978">
                <ele>766.8</ele>
                <extensions>
                    <osmand:speed>12.5</osmand:speed>
                </extensions>
            </trkpt>
            <trkpt lat="-40.1460254" lon="-71.341063">
                <ele>766.2</ele>
                <extensions>
                    <osmand:speed>12.5</osmand:speed>
                </extensions>
            </trkpt>
            <trkpt lat="-40.1460642" lon="-71.3410308">
                <ele>765.8</ele>
                <extensions>
                    <osmand:speed>12.5</osmand:speed>
                </extensions>
            </trkpt>
            <trkpt lat="-40.1461033" lon="-71.3410013">
                <ele>765.2</ele>
                <extensions>
                    <osmand:speed>12.5</osmand:speed>
                </extensions>
            </trkpt>
            <trkpt lat="-40.1467264" lon="-71.340588">
                <ele>758</ele>
                <extensions>
                    <osmand:speed>12.5</osmand:speed>
                </extensions>
            </trkpt>
            <trkpt lat="-40.1467635" lon="-71.3405719">
                <ele>757.5</ele>
                <extensions>
                    <osmand:speed>12.5</osmand:speed>
                </extensions>
            </trkpt>
            <trkpt lat="-40.1468004" lon="-71.3405585">
                <ele>757</ele>
                <extensions>
                    <osmand:speed>12.5</osmand:speed>
                </extensions>
            </trkpt>
            <trkpt lat="-40.1468433" lon="-71.3405533">
                <ele>756.5</ele>
                <extensions>
                    <osmand:speed>12.5</osmand:speed>
                </extensions>
            </trkpt>
            <trkpt lat="-40.1468843" lon="-71.3405533">
                <ele>756</ele>
                <extensions>
                    <osmand:speed>12.5</osmand:speed>
                </extensions>
            </trkpt>
            <trkpt lat="-40.1469234" lon="-71.3405585">
                <ele>755.5</ele>
                <extensions>
                    <osmand:speed>12.5</osmand:speed>
                </extensions>
            </trkpt>
            <trkpt lat="-40.1471839" lon="-71.3406149">
                <ele>752.4</ele>
                <extensions>
                    <osmand:speed>12.5</osmand:speed>
                </extensions>
            </trkpt>
            <extensions>
                <osmand:route>
                    <segment id="83030749" length="4" startTrkptIdx="0" segmentTime="21.94" speed="1.23" turnType="C" turnAngle="" types="0,1,2,3,4,5,6,7" pointTypes=";8,9;10,11,12" names="0,100,101,102,103"/>
                    <segment id="1019080411" length="4" startTrkptIdx="3" segmentTime="10.77" speed="7.44" turnType="TR" turnAngle="116.03" types="13,1,2,3,5,14,6,7,15,16" pointTypes=";17;10,11,12,17;17" names="0,0,100,104,105,106,107,102,108,109,110"/>
                    <segment id="1113047567" length="7" startTrkptIdx="6" segmentTime="7.25" speed="13.89" turnType="" turnAngle="" types="13,18,19,2,3,4,5,14,6,7,15,16" pointTypes=";20;21;21;21;17;20" names="0,0,111,104,105,106,107,112,108,109,110"/>
                    <segment id="83030450" length="10" startTrkptIdx="12" segmentTime="19.34" speed="6.71" turnType="" turnAngle="" types="13,1,2,3,4,5,14,6,7,15,16" pointTypes=";10,11,12;;20;17;17;10,11,12,17;17;17;17" names="0,0,111,104,105,106,107,112,108,109,110"/>
                    <segment id="1158547697" length="3" startTrkptIdx="21" segmentTime="1.81" speed="13.89" turnType="" turnAngle="" types="13,22,2,3,23,5,14,6,7,15,16" pointTypes=";17;17" names="0,0,111,104,105,106,107,112,108,109,110"/>
                    <segment id="258031464" length="5" startTrkptIdx="23" segmentTime="26.92" speed="3.57" turnType="" turnAngle="" types="13,1,2,3,23,5,14,6,7,15,16" pointTypes=";10,11,12,17;20;24,12,20;25,21" names="0,0,111,104,105,106,107,112,108,109,110"/>
                    <segment id="204883599" length="9" startTrkptIdx="27" segmentTime="43.62" speed="1.15" turnType="TL" turnAngle="-93.99" types="13,1,2,3,23,5,6" pointTypes="25;24,12;;;;;;10,11,12;" names="0,111,101,112,103"/>
                    <segment id="781621178" length="2" startTrkptIdx="35" segmentTime="0.29" speed="13.89" turnType="" turnAngle="" types="13,1,2,3,23,5,6" pointTypes=";" names="0,111,101,112,103"/>
                    <segment id="781621178" length="6" startTrkptIdx="36" segmentTime="1.60" speed="13.89" turnType="TSLL" turnAngle="-6.84" types="13,1,2,3,23,5,6" pointTypes=";;;;;" names="0,111,101,112,103"/>
                    <segment id="83030454" length="30" startTrkptIdx="41" segmentTime="45.23" speed="10.82" turnType="TSHR" turnAngle="120.99" types="13,1,2,3,5,6" pointTypes=";;10,11,12;8,26;;;17;20;;10,11,12;;;17;17;;17;17;20;;;20;17;20;;;;20;20;;25" names="0,111,101,112,103"/>
                    <segment id="781474173" length="4" startTrkptIdx="70" segmentTime="27.87" speed="3.92" turnType="" turnAngle="" types="27,1,2,3,28,29" pointTypes="25;;;" names="0"/>
                    <segment id="83030458" length="41" startTrkptIdx="73" segmentTime="95.71" speed="11.71" turnType="TL" turnAngle="-67.40" types="30,1,3,31,32" pointTypes=";;;33;;;;;34;21;21;34;34;34;34;34;34;;;33;33;33;;;;34;21;21;21;34;;;34;21;17;17;17;20;21;35,9,20;" names="0"/>
                    <segment id="83030451" length="2" startTrkptIdx="113" segmentTime="2.74" speed="11.11" turnType="" turnAngle="" types="13,1,2,36,4,5,14,6,7,15,16" pointTypes="20;" names="0,0,111,104,105,106,107,112,108,109,110"/>
                    <segment id="515980256" length="39" startTrkptIdx="114" segmentTime="249.04" speed="16.44" turnType="" turnAngle="" types="13,1,5,14,6,15,16" pointTypes=";;17;20;;;;;;;;;20;20;20;17;20;20;17;20;20;17;21;21;21;21;17;17;;20;;20;20;17;20;21;34;34;" names="0,0,111,104,105,106,107,112,108,109,110"/>
                    <segment id="1201803683" length="5" startTrkptIdx="152" segmentTime="82.91" speed="16.44" turnType="" turnAngle="" types="13,1,37,14,29,15,16" pointTypes=";34;17;;" names="0,0,111,104,105,106,107,112,108,109,110"/>
                    <segment id="1201803683" length="2" startTrkptIdx="156" segmentTime="10.12" speed="16.44" turnType="" turnAngle="" types="13,1,37,14,29,15,16" pointTypes=";20" names="0,0,111,104,105,106,107,112,108,109,110"/>
                    <segment id="460068098" length="58" startTrkptIdx="157" segmentTime="108.47" speed="9.72" turnType="TR" turnAngle="82.55" types="30,31,32" pointTypes=";;;;;;;;;;;;;;;;;;;;;;;;;;;;;;;;;;;;;;;;;;;;;;;;;;;;;;;;;" names="0"/>
                    <segment id="460068098" length="27" startTrkptIdx="214" segmentTime="121.80" speed="9.72" turnType="TSLL" turnAngle="-11.69" types="30,31,32" pointTypes=";;21;17;;;17;21;21;34;;;;34;34;34;34;34;34;21;17;;;;;;17" names="0"/>
                    <segment id="933733795" length="37" startTrkptIdx="240" segmentTime="64.24" speed="9.72" turnType="TL" turnAngle="-47.51" types="27,31,32" pointTypes=";;;;34;21;20;;20;20;;;20;20;21;33;;;;33;34;17;;;;;17;21;34;;;33;33;33;;;33" names="0"/>
                    <segment id="598097495" length="69" startTrkptIdx="276" segmentTime="217.66" speed="9.72" turnType="" turnAngle="" types="30,31,32" pointTypes=";;;;;;;;;;;;;;;;;;;;;;;;;;;;;;;;;;;;;;;;;;20;17;;;;;;;;;;;;;20;;;;20;20;;;20;;;;" names="0"/>
                    <segment id="83030583" length="22" startTrkptIdx="344" segmentTime="26.36" speed="16.44" turnType="TR" turnAngle="111.35" types="13,1,5,14,6,15,16" pointTypes="20;20;20;17;20;;;;;;;;;;;;;;;17;20;20" names="0,0,113,104,105,106,107,114,108,109,110"/>
                    <segment id="225121534" length="2" startTrkptIdx="365" segmentTime="5.84" speed="16.44" turnType="" turnAngle="" types="38,13,1,37,14,29,15,16" pointTypes="" names="0,0,113,104,105,106,107,114,108,109,110,115"/>
                    <segment id="452969642" length="8" startTrkptIdx="366" segmentTime="5.97" speed="18.85" turnType="" turnAngle="" types="13,1,39,5,14,6,15,16" pointTypes=";;;;;;;" names="0,0,113,104,105,106,107,114,108,109,110"/>
                    <segment id="447808572" length="120" startTrkptIdx="373" segmentTime="265.72" speed="9.72" turnType="TL" turnAngle="-96.23" types="30,31,32,40,41" pointTypes=";35,9;;;;;;;;;;;;;;;;;17;34;;33;;;34;17;21;20;;;;20;17;17;17;20;;;;;;;;;;;;;20;17;17;;;;;;;;;;;;;;;;;;;;;;;;;;;;;;;;;;;;;;;;;;20;;;;20;;;;;;;;;;;;20;17;20;;;;;;;;;" names="0,0,116,117"/>
                    <segment id="1201803693" length="39" startTrkptIdx="492" segmentTime="81.26" speed="9.72" turnType="" turnAngle="" types="30,31,32,40,41" pointTypes=";;;;;;;;;;;;;;;;;;;;;;;;;;;;;;;;;;;;;;" names="0,0,116,117"/>
                    <segment id="1201803695" length="6" startTrkptIdx="530" segmentTime="7.70" speed="9.72" turnType="" turnAngle="" types="30,31,32,40,41" pointTypes=";;;;;" names="0,0,116,117"/>
                    <segment id="933851891" length="120" startTrkptIdx="535" segmentTime="208.36" speed="9.72" turnType="TR" turnAngle="97.91" types="30,31,32" pointTypes=";;;;;;;;;;;;;;;;;;;;;;;;;;;;;;;;;;;;;;;;;;;;;;;;;;;;;;;;;;;;;;;20;21;20;;;;;;;;;;;;;;;;;;;;;;;;;;;;;;;;;;;;;;;;;;;;;;;;;;;;;;" names="0"/>
                    <segment id="1187340259" length="20" startTrkptIdx="654" segmentTime="106.96" speed="9.72" turnType="TR" turnAngle="68.68" types="30,31,32,40,41" pointTypes=";;;;;;;;;;;;;;;;;;;" names="0,0,118,119"/>
                    <segment id="447810303" length="141" startTrkptIdx="673" segmentTime="225.34" speed="9.72" turnType="KL" turnAngle="-42.59" types="30,31,32,40,41" pointTypes=";17;17;20;;;;;;;;;;;;;;;;;;;;;;;;;;;;;;;;;;;;;;;;;;;;;;;;;;20;20;;;;;;;;;;;;;;;;;;;;;;20;21;34;34;17;20;;;;;;;;;;;;;;;;20;17;21;34;34;34;17;;;;;;;;;;;;;;34;;;;;;;;;;33;34;17;;;;;;;;;;;" names="0,0,120,121"/>
                    <segment id="231840623" length="318" startTrkptIdx="813" segmentTime="543.49" speed="9.72" turnType="TL" turnAngle="-115.94" types="30,31,32" pointTypes=";;;;;;;33;33;;;;;;;;;;;;;;;;;;;;;;17;33;;;;;;;;;;;;;;33;;;;;;;;;33;;20;34;;;;21;21;21;34;33;33;;33;;;33;;;;;;33;34;20;;;;;;;;;;;;;;17;21;21;21;34;34;34;17;;;;;;;;;;;17;;;;;34;;;;;;;;;;;;;;20;21;;;20;;;;;;;;;;;;;;;;;;;;;;;;;;;;;;;;;;;;;;;;;;;;;;;;;;;;;;;;;;;;;;;;;;;;;;;;;;;;;;;;;;;;;;;;;;;;;;;;;;;;;;;;;;;;;;;;;;;;;;;;;;;;;;;;;;;;;;;;;;34;21;17;;;;;;;;20;17;20;;;;;;;;;;;;;;;;;;20;20;;17;;34;17;20;;;;;;;;" names="0"/>
                    <segment id="452969642" length="2" startTrkptIdx="1130" segmentTime="12.28" speed="18.85" turnType="" turnAngle="" types="13,1,39,5,14,6,15,16" pointTypes=";" names="0,0,113,104,105,106,107,114,108,109,110"/>
                    <segment id="452969642" length="13" startTrkptIdx="1131" segmentTime="41.16" speed="18.85" turnType="" turnAngle="" types="13,1,39,5,14,6,15,16" pointTypes=";;;;;;;;;;;;" names="0,0,113,104,105,106,107,114,108,109,110"/>
                    <segment id="1252113396" length="10" startTrkptIdx="1143" segmentTime="11.75" speed="13.89" turnType="" turnAngle="" types="13,1,3,5,14,6,15,16" pointTypes=";;20;21;;;;;;" names="0,0,113,104,105,106,107,114,108,109,110"/>
                    <segment id="452969641" length="4" startTrkptIdx="1152" segmentTime="3.44" speed="13.89" turnType="" turnAngle="" types="13,22,3,23,5,14,6,15,16" pointTypes=";;;" names="0,0,113,104,105,106,107,114,108,109,110"/>
                    <segment id="452969638" length="2" startTrkptIdx="1155" segmentTime="2.84" speed="13.89" turnType="" turnAngle="" types="38,13,22,3,23,28,14,29,15,16" pointTypes="" names="0,0,113,104,105,106,107,114,108,109,110,122"/>
                    <segment id="452969637" length="4" startTrkptIdx="1156" segmentTime="5.18" speed="13.89" turnType="" turnAngle="" types="13,22,3,23,5,14,6,15,16" pointTypes=";;;" names="0,0,113,104,105,106,107,114,108,109,110"/>
                    <segment id="1252113394" length="5" startTrkptIdx="1159" segmentTime="19.56" speed="13.89" turnType="" turnAngle="" types="13,1,3,4,5,14,6,15,16" pointTypes=";;;17;17" names="0,0,113,104,105,106,107,114,108,109,110"/>
                    <segment id="452969645" length="89" startTrkptIdx="1163" segmentTime="122.86" speed="18.85" turnType="" turnAngle="" types="13,1,39,4,5,14,6,15,16" pointTypes=";17;20;;;;;;17;;21;20;;;;;;;;17;17;;20;17;17;20;17;;;;17;17;;20;20;;;;;;20;20;34;;;;;;;;;34;34;34;34;34;34;34;34;21;34;;34;21;17;17;17;20;;;20;20;;;;;;20;17;17;17;17;21;21;17;17;21;21;20" names="0,0,113,104,105,106,107,114,108,109,110"/>
                    <segment id="452969644" length="2" startTrkptIdx="1251" segmentTime="2.72" speed="18.85" turnType="" turnAngle="" types="38,13,1,39,4,28,14,29,15,16" pointTypes="" names="0,0,113,104,105,106,107,114,108,109,110,123"/>
                    <segment id="452969647" length="122" startTrkptIdx="1252" segmentTime="146.58" speed="18.85" turnType="" turnAngle="" types="13,1,39,4,5,14,6,15,16" pointTypes=";;;;;;;;;;;20;21;21;17;20;17;17;;;;;;;;;;;;;;;;;;;20;20;20;;;;;;;17;34;21;21;17;20;;;;;;20;20;;;;20;;;;;;;;;;;;;;;;;;;;;;;;;;;;;;;;;;;;;;;;;;;;;20;20;17;34;;;17;;;;;17;17;21;21;21" names="0,0,113,104,105,106,107,114,108,109,110"/>
                    <segment id="1252113392" length="33" startTrkptIdx="1373" segmentTime="63.53" speed="13.89" turnType="" turnAngle="" types="13,1,3,4,5,14,6,15,16" pointTypes=";34;34;21;20;;;;;;20;21;20;20;34;21;20;20;;20;20;;;17;;;;20;17;21;21;20;21" names="0,0,113,104,105,106,107,114,108,109,110"/>
                    <segment id="1252113389" length="3" startTrkptIdx="1405" segmentTime="12.56" speed="18.85" turnType="" turnAngle="" types="13,1,39,4,5,14,6,15,16" pointTypes=";17;" names="0,0,113,104,105,106,107,114,108,109,110"/>
                    <segment id="452969646" length="2" startTrkptIdx="1407" segmentTime="1.45" speed="18.85" turnType="" turnAngle="" types="38,13,1,39,4,28,14,29,15,16" pointTypes="" names="0,0,113,104,105,106,107,114,108,109,110,124"/>
                    <segment id="452969649" length="35" startTrkptIdx="1408" segmentTime="62.82" speed="18.85" turnType="" turnAngle="" types="13,1,39,4,5,14,6,15,16" pointTypes=";;;;;;;;;;;;;;;;;;;;;;;;;;;;20;20;;;;;" names="0,0,113,104,105,106,107,114,108,109,110"/>
                    <segment id="1252113390" length="38" startTrkptIdx="1442" segmentTime="91.50" speed="13.89" turnType="" turnAngle="" types="13,1,3,4,5,14,6,15,16" pointTypes=";;;;;;;;;;17;17;34;;;;;33;;;34;21;34;;;;;;;;;17;;21;20;17;20;" names="0,0,113,104,105,106,107,114,108,109,110"/>
                    <segment id="452969648" length="2" startTrkptIdx="1479" segmentTime="2.32" speed="13.89" turnType="" turnAngle="" types="38,13,1,3,4,28,14,29,15,16" pointTypes="" names="0,0,113,104,105,106,107,114,108,109,110,125"/>
                    <segment id="1252113388" length="2" startTrkptIdx="1480" segmentTime="3.68" speed="13.89" turnType="" turnAngle="" types="13,1,3,4,5,14,6,15,16" pointTypes=";" names="0,0,113,104,105,106,107,114,108,109,110"/>
                    <segment id="1252113388" length="51" startTrkptIdx="1481" segmentTime="74.13" speed="13.89" turnType="" turnAngle="" types="13,1,3,4,5,14,6,15,16" pointTypes=";;;;;;;;;;;;;;;;;;;20;34;33;;;;20;17;21;21;33;;;;;;;;;;;;;;;;;;;17;17;17" names="0,0,113,104,105,106,107,114,108,109,110"/>
                    <segment id="25735015" length="45" startTrkptIdx="1531" segmentTime="66.12" speed="18.85" turnType="" turnAngle="" types="13,1,2,39,4,5,14,6,15,16" pointTypes=";21;34;21;17;17;20;20;;;;;20;;;34;21;17;17;;;;20;20;17;34;;;17;17;20;20;20;20;17;21;34;21;17;;;;;;21" names="0,0,113,104,105,106,107,114,108,109,110"/>
                    <segment id="25735015" length="51" startTrkptIdx="1575" segmentTime="47.13" speed="18.85" turnType="" turnAngle="" types="13,1,2,39,4,5,14,6,15,16" pointTypes="21;34;21;21;17;17;;;;;;;;;;;;;;;;;;;;20;21;33;;;34;17;;;;;;;;21;17;34;34;21;17;20;20;34;21;;" names="0,0,113,104,105,106,107,114,108,109,110"/>
                    <segment id="25735015" length="31" startTrkptIdx="1625" segmentTime="37.32" speed="18.85" turnType="" turnAngle="" types="13,1,2,39,4,5,14,6,15,16" pointTypes=";;;;;;;;;;;;17;34;33;;21;;;;;;;;;;;;;;17" names="0,0,113,104,105,106,107,114,108,109,110"/>
                    <segment id="225121535" length="2" startTrkptIdx="1655" segmentTime="3.79" speed="16.44" turnType="" turnAngle="" types="38,13,1,2,4,28,14,42,29,15,43,44,45,16,46,47,48" pointTypes="" names="0,0,113,104,105,106,126,107,127,114,108,109,110,128,129"/>
                    <segment id="225121533" length="43" startTrkptIdx="1656" segmentTime="82.74" speed="16.44" turnType="" turnAngle="" types="13,1,2,4,5,14,6,15,16" pointTypes=";;;;;;;;20;17;20;;;;;;;;;;;;;20;;;;;;;;;;21;34;;33;33;33;;;;33" names="0,0,113,104,105,106,107,114,108,109,110"/>
                    <segment id="225121536" length="2" startTrkptIdx="1698" segmentTime="4.46" speed="16.44" turnType="" turnAngle="" types="38,13,1,2,4,28,14,29,15,16" pointTypes="" names="0,0,113,104,105,106,107,114,108,109,110,130"/>
                    <segment id="1252113387" length="24" startTrkptIdx="1699" segmentTime="70.87" speed="16.44" turnType="" turnAngle="" types="13,1,2,4,5,14,6,15,16" pointTypes=";;;;;20;17;20;;;20;20;;;;;;;;;;;;" names="0,0,113,104,105,106,107,114,108,109,110"/>
                    <segment id="225121532" length="5" startTrkptIdx="1722" segmentTime="7.31" speed="13.89" turnType="" turnAngle="" types="13,1,3,4,5,14,6,15,16" pointTypes=";;;;" names="0,0,113,104,105,106,107,114,108,109,110"/>
                    <segment id="225121532" length="171" startTrkptIdx="1726" segmentTime="199.79" speed="13.89" turnType="" turnAngle="" types="13,1,3,4,5,14,6,15,16" pointTypes=";20;;;;;20;17;21;;;20;17;20;;;;;;;;;;;;;;20;34;33;;33;;;17;;;;;;;;;;;;;;;;;;;;;;;;;;;;;;;;;;;;;;;;;;;;;;;;;;;;;;;;;;;;;;;;;;;;;;;;;;;;20;;;;;;;;;;;;;;;;;;17;34;33;;;;;;;;;;;;34;21;20;;;;20;17;17;20;20;20;;;;;;;;;;;;;;;;;" names="0,0,113,104,105,106,107,114,108,109,110"/>
                    <segment id="1252113386" length="61" startTrkptIdx="1896" segmentTime="128.24" speed="18.85" turnType="" turnAngle="" types="13,1,39,4,5,14,6,15,16" pointTypes=";;;;;20;17;;20;17;21;34;34;34;;;17;20;17;17;17;20;;;;;;;;;;20;;;20;;20;17;17;17;20;20;17;21;21;;33;;21;17;20;17;17;21;21;17;20;17;20;20;20" names="0,0,113,104,105,106,107,114,108,109,110"/>
                    <segment id="524815020" length="2" startTrkptIdx="1956" segmentTime="2.36" speed="18.85" turnType="" turnAngle="" types="38,13,1,39,4,28,14,29,15,16" pointTypes="" names="0,0,113,104,105,106,107,114,108,109,110,131"/>
                    <segment id="1252113383" length="3" startTrkptIdx="1957" segmentTime="22.99" speed="18.85" turnType="" turnAngle="" types="13,1,39,5,14,6,15,16" pointTypes=";17;21" names="0,0,113,104,105,106,107,114,108,109,110"/>
                    <segment id="1252113384" length="58" startTrkptIdx="1959" segmentTime="50.32" speed="13.89" turnType="" turnAngle="" types="13,1,3,5,14,6,15,16" pointTypes=";20;;;;;;;;20;17;17;;;;;33;;;;33;33;33;33;;34;20;;;;;20;21;;33;;;;33;21;20;;;;;20;21;;;;;33;;;;33;34;17" names="0,0,113,104,105,106,107,114,108,109,110"/>
                    <segment id="1252113384" length="4" startTrkptIdx="2016" segmentTime="2.59" speed="13.89" turnType="C" turnAngle="-5.88" types="13,1,3,5,14,6,15,16" pointTypes="17;17;17;17" names="0,0,113,104,105,106,107,114,108,109,110"/>
                    <segment id="1252113382" length="9" startTrkptIdx="2019" segmentTime="4.88" speed="18.85" turnType="" turnAngle="" types="13,1,39,5,14,6,15,16" pointTypes=";20;;17;17;20;20;20;20" names="0,0,113,104,105,106,107,114,108,109,110"/>
                    <segment id="1252113381" length="2" startTrkptIdx="2027" segmentTime="1.70" speed="18.85" turnType="" turnAngle="" types="38,13,1,39,28,14,29,15,16" pointTypes="" names="0,0,113,104,105,106,107,114,108,109,110,132"/>
                    <segment id="524815019" length="36" startTrkptIdx="2028" segmentTime="154.98" speed="18.85" turnType="" turnAngle="" types="13,1,39,5,14,6,15,16" pointTypes=";;;;;;;;17;20;20;;;;;;;;;;;;;;20;20;;;;;;;;;;" names="0,0,113,104,105,106,107,114,108,109,110"/>
                    <segment id="1252113378" length="42" startTrkptIdx="2063" segmentTime="41.35" speed="13.89" turnType="" turnAngle="" types="13,1,3,5,14,6,15,16" pointTypes=";;;;;;;;;;;;;;;;;;;;;;21;;;;;;;;33;33;;;;;;;;;;" names="0,0,113,104,105,106,107,114,108,109,110"/>
                    <segment id="170398609" length="2" startTrkptIdx="2104" segmentTime="4.83" speed="13.89" turnType="" turnAngle="" types="38,13,1,3,28,14,29,15,16" pointTypes="" names="0,0,113,104,105,106,107,114,108,109,110,133"/>
                    <segment id="170398610" length="19" startTrkptIdx="2105" segmentTime="35.21" speed="13.89" turnType="" turnAngle="" types="13,1,3,5,14,6,15,16" pointTypes="34;17;34;21;17;17;20;20;20;21;21;17;17;20;;;20;20;" names="0,0,113,104,105,106,107,114,108,109,110"/>
                    <segment id="1113308918" length="2" startTrkptIdx="2123" segmentTime="0.91" speed="16.44" turnType="TSLL" turnAngle="-5.81" types="13,1,5,14,6,15,16" pointTypes="20;" names="0,0,113,104,105,106,107,114,108,109,110"/>
                    <segment id="1113308919" length="4" startTrkptIdx="2124" segmentTime="2.56" speed="13.89" turnType="" turnAngle="" types="13,18,49,3,5,50,14,6,15,16" pointTypes="17;21;17;" names="0,0,113,104,105,106,107,114,108,109,110"/>
                    <segment id="1113308920" length="4" startTrkptIdx="2127" segmentTime="2.74" speed="13.89" turnType="" turnAngle="" types="13,18,49,3,5,51,14,6,15,16" pointTypes="20;17;17;" names="0,0,113,104,105,106,107,114,108,109,110"/>
                    <segment id="205122893" length="8" startTrkptIdx="2130" segmentTime="6.52" speed="13.89" turnType="" turnAngle="" types="13,22,3,23,5,14,6,15,16" pointTypes=";;20;20;;;;21" names="0,0,113,104,105,106,107,114,108,109,110"/>
                    <segment id="25734940" length="2" startTrkptIdx="2137" segmentTime="0.58" speed="13.89" turnType="" turnAngle="" types="13,1,3,37,14,29,15,16" pointTypes=";" names="0,0,113,104,105,106,107,114,108,109,110"/>
                    <segment id="107863022" length="2" startTrkptIdx="2138" segmentTime="2.43" speed="13.89" turnType="" turnAngle="" types="38,13,1,3,28,14,29,15,16" pointTypes="" names="0,0,113,104,105,106,107,114,108,109,110,134"/>
                    <segment id="1178324938" length="9" startTrkptIdx="2139" segmentTime="63.54" speed="9.52" turnType="" turnAngle="" types="13,1,3,37,14,29,52,15,16" pointTypes=";;;;53;;53;20;" names="0,0,113,104,105,106,107,114,108,109,110"/>
                    <segment id="1178324937" length="3" startTrkptIdx="2147" segmentTime="10.76" speed="7.44" turnType="" turnAngle="" types="13,1,3,37,14,29,52,15,16" pointTypes=";10,11,12" names="0,0,113,104,105,106,107,114,108,109,110"/>
                    <segment id="1252113377" length="12" startTrkptIdx="2149" segmentTime="129.20" speed="11.20" turnType="" turnAngle="" types="13,1,3,37,14,29,52,15,16" pointTypes=";;20;10,11,12;20;17;;;53;53;;" names="0,0,113,104,105,106,107,114,108,109,110"/>
                    <segment id="205122896" length="23" startTrkptIdx="2160" segmentTime="83.24" speed="18.85" turnType="" turnAngle="" types="13,1,2,39,37,14,29,52,15,16" pointTypes=";;;;;;;;;;;;;;;;20;;20;;17;17;21" names="0,0,113,104,105,106,107,114,108,109,110"/>
                    <segment id="208505375" length="2" startTrkptIdx="2182" segmentTime="1.76" speed="16.44" turnType="" turnAngle="" types="54,38,13,1,2,5,14,6,15,16" pointTypes="" names="0,0,113,104,105,106,107,114,108,109,110,135"/>
                    <segment id="208505377" length="2" startTrkptIdx="2183" segmentTime="6.28" speed="16.44" turnType="" turnAngle="" types="13,1,2,5,14,6,52,15,16" pointTypes=";" names="0,0,113,104,105,106,107,114,108,109,110"/>
                    <segment id="170399169" length="2" startTrkptIdx="2184" segmentTime="5.80" speed="16.44" turnType="" turnAngle="" types="54,38,13,1,2,5,14,6,15,16" pointTypes="" names="0,0,113,104,105,106,107,114,108,109,110,136"/>
                    <segment id="1085254529" length="19" startTrkptIdx="2185" segmentTime="15.29" speed="16.44" turnType="" turnAngle="" types="13,1,2,5,14,6,52,15,16" pointTypes=";;;;;;;;;;;;;;;;;;" names="0,0,113,104,105,106,107,114,108,109,110"/>
                    <segment id="1086503164" length="2" startTrkptIdx="2203" segmentTime="3.26" speed="16.44" turnType="" turnAngle="" types="13,1,5,14,6,52,15,16" pointTypes=";" names="0,0,113,104,105,106,107,114,108,109,110"/>
                    <segment id="1086503165" length="2" startTrkptIdx="2204" segmentTime="3.45" speed="16.44" turnType="" turnAngle="" types="13,1,5,14,6,52,15,16" pointTypes=";" names="0,0,113,104,105,106,107,114,108,109,110"/>
                    <segment id="1085254528" length="2" startTrkptIdx="2205" segmentTime="2.33" speed="16.44" turnType="" turnAngle="" types="13,1,5,14,6,52,15,16" pointTypes=";" names="0,0,113,104,105,106,107,114,108,109,110"/>
                    <segment id="1085254527" length="2" startTrkptIdx="2206" segmentTime="1.09" speed="16.44" turnType="" turnAngle="" types="13,1,5,14,6,52,15,16" pointTypes="" names="0,0,113,104,105,106,107,114,108,109,110"/>
                    <segment id="1086503162" length="2" startTrkptIdx="2207" segmentTime="1.05" speed="16.44" turnType="" turnAngle="" types="13,1,5,14,6,52,15,16" pointTypes=";20" names="0,0,113,104,105,106,107,114,108,109,110"/>
                    <segment id="1086503163" length="2" startTrkptIdx="2208" segmentTime="2.13" speed="16.44" turnType="" turnAngle="" types="13,1,5,14,6,52,15,16" pointTypes=";20" names="0,0,113,104,105,106,107,114,108,109,110"/>
                    <segment id="1086503167" length="66" startTrkptIdx="2209" segmentTime="105.51" speed="16.44" turnType="" turnAngle="" types="13,1,2,5,14,6,52,15,16" pointTypes=";;;;;;;;;;;;;;;;;;;;;;;;;;;;;;;;;;;;;;;;;;;;;;;;;;;;;;;;;;;;;;;;;" names="0,0,113,104,105,106,107,114,108,109,110"/>
                    <segment id="1086503166" length="2" startTrkptIdx="2274" segmentTime="1.45" speed="16.44" turnType="" turnAngle="" types="38,13,1,2,28,14,29,15,16" pointTypes="" names="0,0,113,104,105,106,107,114,108,109,110,137"/>
                    <segment id="1086503160" length="6" startTrkptIdx="2275" segmentTime="2.93" speed="18.85" turnType="" turnAngle="" types="55,13,1,2,39,5,14,6,52,15,16" pointTypes=";;;;;" names="0,0,113,104,105,106,107,114,108,109,110"/>
                    <segment id="1396052067" length="6" startTrkptIdx="2280" segmentTime="32.77" speed="9.72" turnType="TL" turnAngle="-56.12" types="30,31,32" pointTypes="20;17;21;34;21;" names="0"/>
                    <segment id="1086503160" length="56" startTrkptIdx="2285" segmentTime="121.88" speed="18.85" turnType="" turnAngle="" types="55,13,1,2,39,5,14,6,52,15,16" pointTypes=";;;;;;;;;;;;;;;;;;;;;;;;;;;;;;;;;;;;;;;;;;;;;;;;;;;;;;;" names="0,0,113,104,105,106,107,114,108,109,110"/>
                    <segment id="1086503160" length="17" startTrkptIdx="2340" segmentTime="39.23" speed="18.85" turnType="" turnAngle="" types="55,13,1,2,39,5,14,6,52,15,16" pointTypes=";;;;;;;;;;;;;;;;" names="0,0,113,104,105,106,107,114,108,109,110"/>
                    <segment id="1086503159" length="3" startTrkptIdx="2356" segmentTime="4.54" speed="13.89" turnType="" turnAngle="" types="56,13,1,2,3,57,5,14,6,58,59,15,16" pointTypes=";;" names="0,0,113,104,105,106,107,114,108,109,110"/>
                    <segment id="170399160" length="16" startTrkptIdx="2358" segmentTime="40.80" speed="9.72" turnType="TL" turnAngle="-93.82" types="27,31,32" pointTypes=";;;;;;;;;;;;20;20;17;17" names="0"/>
                    <segment id="934764426" length="3" startTrkptIdx="2373" segmentTime="14.73" speed="9.72" turnType="TR" turnAngle="78.06" types="27,31,32" pointTypes=";;" names="0"/>
                    <segment id="170399145" length="3" startTrkptIdx="2375" segmentTime="14.88" speed="9.72" turnType="TL" turnAngle="-85.38" types="27,1,2,31,32" pointTypes=";20;20" names="0"/>
                    <segment id="170399168" length="7" startTrkptIdx="2377" segmentTime="26.16" speed="9.72" turnType="TR" turnAngle="89.70" types="27,1,2,31,32" pointTypes="17;;20;;;;20" names="0"/>
                    <segment id="1264413302" length="3" startTrkptIdx="2383" segmentTime="16.62" speed="9.72" turnType="TL" turnAngle="-88.71" types="27,1,31,32" pointTypes=";21;" names="0"/>
                    <segment id="170399140" length="14" startTrkptIdx="2385" segmentTime="69.73" speed="9.72" turnType="TR" turnAngle="86.34" types="27,31,32" pointTypes=";;;;20;20;17;17;17;17;21;17;17;" names="0"/>
                    <segment id="1167370902" length="12" startTrkptIdx="2398" segmentTime="34.79" speed="9.72" turnType="" turnAngle="" types="27,31,32" pointTypes="17;17;17;17;;21;;17;20;;17;" names="0"/>
                    <segment id="1167354850" length="2" startTrkptIdx="2409" segmentTime="2.42" speed="9.72" turnType="TR" turnAngle="70.63" types="27,31,32" pointTypes=";21" names="0"/>
                    <segment id="170399159" length="3" startTrkptIdx="2410" segmentTime="6.50" speed="9.72" turnType="TL" turnAngle="-90.61" types="27,31,32" pointTypes=";;33" names="0"/>
                    <segment id="170399159" length="2" startTrkptIdx="2412" segmentTime="7.49" speed="9.72" turnType="" turnAngle="" types="27,31,32" pointTypes="33;" names="0"/>
                    <segment id="1167354851" length="50" startTrkptIdx="2413" segmentTime="86.64" speed="5.56" turnType="TR" turnAngle="56.00" types="60,61,31,32" pointTypes=";;;;;;;;;;;;;;;;;;;;;;;;;;;;;;;;;;;;;;;;;;;;;;;;" names="0"/>
                    <segment id="1167354834" length="6" startTrkptIdx="2462" segmentTime="23.32" speed="13.89" turnType="TL" turnAngle="-91.25" types="55,13,1,2,3,5,14,6,52,59,15,16" pointTypes=";20;20;;;" names="0,0,113,104,105,106,107,114,108,109,110"/>
                    <segment id="100760429" length="12" startTrkptIdx="2467" segmentTime="18.26" speed="18.85" turnType="" turnAngle="" types="55,13,1,39,5,14,6,52,15,16" pointTypes=";;17;;;;;17;;;;" names="0,0,113,104,105,106,107,114,108,109,110"/>
                    <segment id="100760429" length="37" startTrkptIdx="2478" segmentTime="135.64" speed="18.85" turnType="" turnAngle="" types="55,13,1,39,5,14,6,52,15,16" pointTypes=";;;34;;21;20;20;17;20;20;;;;;;;;;;;;;;;;;;;;;;;;;;" names="0,0,113,104,105,106,107,114,108,109,110"/>
                    <segment id="1167201719" length="6" startTrkptIdx="2514" segmentTime="5.84" speed="5.56" turnType="TL" turnAngle="-86.07" types="61,62,63" pointTypes=";33;;;;" names="0"/>
                    <segment id="1167201719" length="75" startTrkptIdx="2519" segmentTime="203.90" speed="5.56" turnType="TSLR" turnAngle="16.69" types="61,62,63" pointTypes=";;;33;33;33;33;33;;;33;;;;33;33;33;33;;21;17;17;17;;;;;;;;;;;;;;;;;;;;;;;;;;;;;;;;;;;;;;;;;;;;;;;;;;;20;" names="0"/>
                    <segment id="1167201720" length="4" startTrkptIdx="2593" segmentTime="2.24" speed="9.72" turnType="TR" turnAngle="67.61" types="30,31,32" pointTypes="34;34;34;21" names="0"/>
                    <segment id="934764431" length="14" startTrkptIdx="2596" segmentTime="36.53" speed="9.72" turnType="TL" turnAngle="-78.92" types="30,31,32" pointTypes=";;;;;;;;;;;;;" names="0"/>
                    <segment id="1167201722" length="26" startTrkptIdx="2609" segmentTime="100.93" speed="5.56" turnType="TSLR" turnAngle="27.91" types="61,31,32" pointTypes=";;;;;;;;;;;;;;;;;;;;;;;;;" names="0"/>
                    <segment id="1167201730" length="5" startTrkptIdx="2634" segmentTime="2.48" speed="16.44" turnType="TL" turnAngle="-90.91" types="55,13,1,2,5,14,6,52,15,16" pointTypes="" names="0,0,113,104,105,106,107,114,108,109,110"/>
                    <segment id="1167201724" length="2" startTrkptIdx="2638" segmentTime="0.60" speed="16.44" turnType="" turnAngle="" types="55,13,1,2,5,14,6,59,15,16" pointTypes=";" names="0,0,113,104,105,106,107,114,108,109,110"/>
                    <segment id="1168191797" length="2" startTrkptIdx="2639" segmentTime="5.00" speed="16.44" turnType="TR" turnAngle="66.51" types="64,13,1,2,23,28,14,29,15,16" pointTypes=";17" names="0,0,113,104,105,106,107,114,108,109,110"/>
                    <segment id="1168191796" length="2" startTrkptIdx="2640" segmentTime="0.98" speed="16.44" turnType="" turnAngle="" types="13,1,2,23,28,14,29,15,16" pointTypes=";21" names="0,0,113,104,105,106,107,114,108,109,110"/>
                    <segment id="1167201725" length="2" startTrkptIdx="2641" segmentTime="3.07" speed="16.44" turnType="" turnAngle="" types="13,1,2,4,28,65,14,66,29,15,16" pointTypes=";67,68,69,17" names="0,0,113,104,105,106,107,138,139,140,141,142,143,144,145,146,114,108,109,110"/>
                    <segment id="148653704" length="195" startTrkptIdx="2642" segmentTime="4499.17" speed="5.56" turnType="" turnAngle="" types="54,70,71,72,73,65,66" pointTypes="67,68,69;;;;;;;;;;;;;;;;;;;;;;;;;;;;;;;;;;;;;;;;;;;;;;;;;;;;;;;;;;;;;;;;;;;;;;;;;;;;;;;;;;;;;;;;;;;;;;;;;;;;;;;;;;;;;;;;;;;;;;;;;;;;;;;;;;;;;;;;;;;;;;;;;;;;;;;;;;;;;;;;;;;;;;;;;;;;;;;;;;;;;;;;;;;;;;;;;;67,68" names="147,0,148,149,139,140,141,150,143,151,152,146,153"/>
                    <segment id="1168191795" length="2" startTrkptIdx="2836" segmentTime="2.95" speed="16.44" turnType="TR" turnAngle="78.69" types="13,1,2,74,4,7,75,28,65,14,66,76,15,16" pointTypes="67,68;" names="0,0,113,104,105,106,107,149,139,140,141,150,143,151,152,146,114,108,109,110"/>
                    <segment id="1168191789" length="2" startTrkptIdx="2837" segmentTime="1.13" speed="8.33" turnType="" turnAngle="" types="13,1,2,77,78,4,79,75,28,14,76,59,15,16" pointTypes=";" names="0,0,113,104,105,106,107,114,108,109,110"/>
                    <segment id="1168191801" length="9" startTrkptIdx="2838" segmentTime="11.28" speed="8.33" turnType="" turnAngle="" types="13,1,2,77,78,23,79,75,28,14,76,59,15,16" pointTypes=";;;;;;;;20" names="0,0,113,104,105,106,107,114,108,109,110"/>
                    <segment id="1168191793" length="5" startTrkptIdx="2846" segmentTime="2.79" speed="8.33" turnType="TSLR" turnAngle="5.38" types="13,22,2,77,78,23,79,75,28,80,14,76,59,15,16" pointTypes=";17;17;17;17" names="0,0,113,104,105,106,107,114,108,109,110"/>
                    <segment id="25734858" length="13" startTrkptIdx="2850" segmentTime="86.45" speed="8.33" turnType="" turnAngle="" types="13,1,81,77,78,75,5,65,14,66,76,15,16" pointTypes=";17;20;;;;;;;;;;" names="0,0,113,104,105,106,107,149,139,140,141,150,143,151,152,146,114,108,109,110"/>
                    <segment id="461257698" length="3" startTrkptIdx="2862" segmentTime="27.93" speed="13.89" turnType="" turnAngle="" types="13,1,81,3,78,75,5,14,76,15,16" pointTypes=";;21" names="0,0,113,104,105,106,107,114,108,109,110"/>
                    <segment id="207832696" length="2" startTrkptIdx="2864" segmentTime="4.40" speed="16.44" turnType="" turnAngle="" types="38,13,1,28,14,29,15,16" pointTypes="" names="0,0,113,104,105,106,107,114,108,109,110"/>
                    <segment id="1130564490" length="31" startTrkptIdx="2865" segmentTime="156.53" speed="16.44" turnType="" turnAngle="" types="13,1,5,14,6,15,16" pointTypes=";;;;;;;;;;;;;;;;;34;21;21;20;;;;;;;;;;" names="0,0,113,104,105,106,107,114,108,109,110"/>
                    <segment id="207832697" length="53" startTrkptIdx="2895" segmentTime="222.83" speed="16.44" turnType="" turnAngle="" types="13,1,5,14,6,15,16" pointTypes=";;;20;;20;;;;;;;;;;;20;17;20;;;;;;;;;;;;;;;;;;;;;34;34;20;;;;;20;17;20;20;20;17;" names="0,0,113,104,105,106,107,114,108,109,110"/>
                    <segment id="1160007215" length="49" startTrkptIdx="2947" segmentTime="87.72" speed="16.44" turnType="" turnAngle="" types="13,1,5,14,6,15,16" pointTypes=";;;17;;20;17;20;20;20;20;20;17;;;;;;;;;;21;17;20;;;;;;;;;;;;;;;;;;;;;;;;" names="0,0,113,104,105,106,107,114,108,109,110"/>
                    <segment id="1130564497" length="2" startTrkptIdx="2995" segmentTime="2.24" speed="16.44" turnType="" turnAngle="" types="38,13,1,28,14,29,15,16" pointTypes="" names="0,0,113,104,105,106,107,114,108,109,110"/>
                    <segment id="1130564496" length="57" startTrkptIdx="2996" segmentTime="53.44" speed="16.44" turnType="" turnAngle="" types="13,1,5,14,6,15,16" pointTypes=";;;;20;21;34;34;34;21;21;21;17;;;;;;;;;;20;21;21;34;;33;33;;;;17;;;;;;20;17;21;21;34;;;21;20;;;;;;;;20;17;21" names="0,0,113,104,105,106,107,114,108,109,110"/>
                    <segment id="1130564495" length="2" startTrkptIdx="3052" segmentTime="1.91" speed="16.44" turnType="" turnAngle="" types="38,13,1,28,14,29,15,16" pointTypes="" names="0,0,113,104,105,106,107,114,108,109,110"/>
                    <segment id="1130564494" length="19" startTrkptIdx="3053" segmentTime="37.14" speed="16.44" turnType="" turnAngle="" types="13,1,5,14,6,15,16" pointTypes=";34;34;34;34;;;;21;17;17;17;20;;;;;;" names="0,0,113,104,105,106,107,114,108,109,110"/>
                    <segment id="704101749" length="6" startTrkptIdx="3071" segmentTime="33.56" speed="4.20" turnType="" turnAngle="" types="13,22,23,28,14,29,15,16" pointTypes=";;;;82,83,64,84,85;" names="0,0,113,104,105,106,107,114,108,109,110"/>
                    <segment id="740450364" length="2" startTrkptIdx="3076" segmentTime="3.82" speed="16.44" turnType="" turnAngle="" types="13,1,5,14,6,15,16" pointTypes=";20" names="0,0,113,104,105,106,107,114,108,109,110"/>
                    <segment id="1410441108" length="6" startTrkptIdx="3077" segmentTime="3.32" speed="16.44" turnType="" turnAngle="" types="13,86,4,31,87,32,40,15,41,16" pointTypes=";;;;34;" names="0,99,154,155,156,157,158,159,160"/>
                    <segment id="1410441108" length="68" startTrkptIdx="3082" segmentTime="70.54" speed="16.44" turnType="C" turnAngle="" types="13,86,4,31,87,32,40,15,41,16" pointTypes=";20;20;;;;20;;;;;;;;;;;;;;;;;;;;;;;;;;;;;20;17;21;;33;;34;21;17;;;;;;21;;;33;33;33;;;34;20;;;;;;" names="0,99,154,155,156,157,158,159,160"/>
                    <segment id="1410441109" length="2" startTrkptIdx="3149" segmentTime="0.76" speed="16.44" turnType="" turnAngle="" types="38,13,1,86,4,28,87,29,88,89" pointTypes="" names="0,99,154,155,156,161,158,159,162"/>
                    <segment id="433293328" length="10" startTrkptIdx="3150" segmentTime="24.53" speed="16.44" turnType="" turnAngle="" types="13,86,4,31,87,32,88,89" pointTypes=";;20;20;;;;20;17;" names="0,99,154,155,156,161,158,159,162"/>
                    <segment id="206711300" length="7" startTrkptIdx="3159" segmentTime="9.18" speed="11.11" turnType="" turnAngle="" types="13,36,23,31,87,32,88,89" pointTypes=";;;;;;" names="0,99,154,155,156,161,158,159,162"/>
                    <segment id="1410441117" length="2" startTrkptIdx="3165" segmentTime="2.49" speed="5.56" turnType="" turnAngle="" types="13,1,90,23,28,87,29,88,89" pointTypes="" names="0,99,154,155,156,161,158,159,162"/>
                    <segment id="690495394" length="3" startTrkptIdx="3166" segmentTime="27.44" speed="0.49" turnType="" turnAngle="" types="13,1,90,23,28,29,91,92" pointTypes=";93,82,83,64,84,85" names="0,99,156,159"/>
                    <segment id="1410441118" length="2" startTrkptIdx="3168" segmentTime="1.11" speed="5.56" turnType="" turnAngle="" types="13,1,90,23,28,87,29,88,89" pointTypes="" names="0,99,154,155,156,161,158,159,162"/>
                    <segment id="690495393" length="9" startTrkptIdx="3169" segmentTime="8.58" speed="11.11" turnType="" turnAngle="" types="13,36,23,31,87,32,88,89" pointTypes=";20;;;;;;;" names="0,99,154,155,156,161,158,159,162"/>
                    <segment id="562883479" length="10" startTrkptIdx="3177" segmentTime="24.05" speed="16.44" turnType="" turnAngle="" types="13,86,4,31,87,32,88,89" pointTypes=";20;;20;;20;20;20;20;20" names="0,99,154,155,156,161,158,159,162"/>
                    <segment id="206711293" length="4" startTrkptIdx="3186" segmentTime="8.15" speed="16.44" turnType="" turnAngle="" types="71,13,86,4,31,87,32,88,89" pointTypes=";;20;17" names="0,99,154,155,156,161,158,159,162"/>
                    <segment id="206711293" length="127" startTrkptIdx="3189" segmentTime="274.67" speed="16.44" turnType="" turnAngle="" types="71,13,86,4,31,87,32,88,89" pointTypes="17;21;21;21;17;20;20;17;21;21;20;;;;;;20;;;;;;;21;17;;;;;;20;;;;;;;;20;;17;17;20;;;21;21;;;;;;;;;;;;;;;;17;;;34;21;20;;;20;20;;20;20;;;;;;;17;34;33;33;34;34;;34;21;21;20;;;;;;;;;;;;;;;;;;;;;;;;;;;;;;;;;17;;" names="0,99,154,155,156,161,158,159,162"/>
                    <segment id="395621945" length="2" startTrkptIdx="3315" segmentTime="1.40" speed="16.44" turnType="" turnAngle="" types="38,71,13,86,4,28,87,29,88,89" pointTypes="" names="0,99,154,155,156,161,158,159,162"/>
                    <segment id="432619401" length="103" startTrkptIdx="3316" segmentTime="363.66" speed="16.44" turnType="" turnAngle="" types="71,13,86,4,31,87,32,88,89" pointTypes=";;;20;17;21;17;21;;33;;17;20;;;20;20;20;;;;;;;20;17;17;20;;17;;;20;;;;;;;;;;;;;;;;;;20;17;;;;;;;;;;;;;;;17;21;34;21;20;;17;21;21;21;17;21;;;;;34;17;21;34;17;20;;17;20;;20;;;;;20;17;;;17;" names="0,99,154,155,156,161,158,159,162"/>
                    <segment id="432619400" length="2" startTrkptIdx="3418" segmentTime="1.88" speed="16.44" turnType="" turnAngle="" types="38,71,13,86,4,31,87,32,88,89" pointTypes="" names="0,99,154,155,156,161,158,159,162"/>
                    <segment id="395621943" length="454" startTrkptIdx="3419" segmentTime="869.79" speed="16.44" turnType="" turnAngle="" types="71,13,86,4,94,87,95,88,89" pointTypes=";20;20;21;20;17;17;;;;;20;20;;;;20;20;20;;;;;;20;;;20;;;;21;;;;;;;;;;;;34;21;;;;;;;;;;;21;;;;;17;;;;34;;;20;;;;17;;;;;34;;;;34;;;;;;;17;34;34;17;20;;20;;;;;;;;;;;;;;20;20;21;;33;34;20;;;;;;;;17;;;;;;;;;;;;;;;;;20;;;;17;;34;;;;;;;;;;;;20;17;20;34;20;20;17;;;;;;;;;;;;;;20;21;33;;;17;;;;;;;;;;;;;;;20;;;;;;;;;;;;;;;20;33;34;20;;;;20;20;;;;;;;;;;;;;;;;;;;;;;;34;;;;;;;;;;;;;;;;;;;;;;;;;;;;;;;;;;;;;17;21;;;;;;;;;;;;;20;20;;;;20;21;20;;;;;;20;;20;17;20;34;33;33;;;;34;21;17;;17;;;;33;20;34;34;;;;;34;;;17;;;20;20;20;;;;;20;17;;;;;20;;;;;;;;;;20;34;;34;;;;;;;;;;;;;;;;;;;;;;;;20;17;17;20;;;20;20;17;17;;;;;;;;;;;;;;;;;;;;;17;;;;;;;;20;;;;;;;;;;;;;;;;20;;;;;;;20;17;17;20" names="0,99,154,155,156,161,158,159,162"/>
                    <segment id="395621943" length="169" startTrkptIdx="3872" segmentTime="703.85" speed="16.44" turnType="TSLR" turnAngle="12.94" types="71,13,86,4,94,87,95,88,89" pointTypes="20;21;;34;;;;17;21;17;34;17;21;21;20;17;21;34;21;17;;;;;;20;20;;;;;17;17;;;;;20;;;;;;;;17;17;17;20;;;20;20;20;20;20;;;17;21;20;;;;20;34;;33;33;21;17;17;21;34;21;17;21;34;34;;20;17;17;;;;20;;;;;;;;;;;;;;17;;20;;;;;;;;;;;;;17;17;34;34;;20;21;34;34;34;21;21;34;21;20;17;;;;;17;;;;34;33;21;17;;;;21;20;;;;;;;17;;33;;;17;20;;;20;20;20;17;;" names="0,99,154,155,156,161,158,159,162"/>
                    <segment id="623233874" length="2" startTrkptIdx="4040" segmentTime="1.85" speed="16.44" turnType="" turnAngle="" types="71,13,86,4,94,65,66,96,95,91,92" pointTypes=";20" names="0,99,156,163,164,165,140,141,166,143,167,168,169,170,171,172,173,174,159"/>
                    <segment id="623233871" length="19" startTrkptIdx="4041" segmentTime="29.88" speed="16.44" turnType="" turnAngle="" types="71,13,86,4,94,87,95,88,89" pointTypes=";21;17;17;21;17;17;17;21;34;17;21;20;;;;;;" names="0,99,154,155,156,161,158,159,162"/>
                    <segment id="675130949" length="24" startTrkptIdx="4059" segmentTime="30.91" speed="16.44" turnType="" turnAngle="" types="71,13,86,4,94,87,95,88,89" pointTypes=";20;;33;33;;;;21;;;;20;21;;;;;;20;21;;17;" names="0,99,154,155,156,161,158,159,162"/>
                    <segment id="1305114149" length="9" startTrkptIdx="4082" segmentTime="12.29" speed="16.44" turnType="" turnAngle="" types="71,13,86,4,94,65,87,66,96,95,88,89" pointTypes=";;;17;21;21;21;33;" names="0,99,154,155,156,161,163,164,165,140,141,166,143,167,168,169,170,171,172,173,174,158,159,162"/>
                    <segment id="675195074" length="10" startTrkptIdx="4090" segmentTime="5.49" speed="16.44" turnType="" turnAngle="" types="71,13,86,4,94,87,95,88,89" pointTypes=";;;;;;;;;" names="0,99,154,155,156,161,158,159,162"/>
                    <segment id="675195074" length="3" startTrkptIdx="4099" segmentTime="0.87" speed="16.44" turnType="" turnAngle="" types="71,13,86,4,94,87,95,88,89" pointTypes=";;21" names="0,99,154,155,156,161,158,159,162"/>
                    <segment id="778158618" length="9" startTrkptIdx="4101" segmentTime="9.68" speed="16.44" turnType="TL" turnAngle="-60.39" types="71,13,86,4,94,87,95,88,89" pointTypes=";;;;;;;17;34" names="0,99,154,155,156,161,158,159,162"/>
                    <segment id="1352094031" length="17" startTrkptIdx="4109" segmentTime="8.66" speed="12.50" turnType="TR" turnAngle="73.60" types="97,4,31,32" pointTypes=";;;;;;;;;;;;;;;;" names="0"/>
                    <segment id="1352094033" length="9" startTrkptIdx="4125" segmentTime="2.51" speed="12.50" turnType="" turnAngle="" types="97,23,31,32" pointTypes=";;;;33;;34;21;17" names="0"/>
                    <segment id="1352094032" length="15" startTrkptIdx="4133" segmentTime="15.22" speed="12.50" turnType="" turnAngle="" types="97,4,31,32" pointTypes=";;;;;;;;;;;;;;" names="0"/>
                </osmand:route>
                <osmand:types>
                    <type t="highway" v="primary"/>
                    <type t="lanes" v="2"/>
                    <type t="lit" v="yes"/>
                    <type t="maxspeed" v="50"/>
                    <type t="oneway" v="no"/>
                    <type t="surface" v="asphalt"/>
                    <type t="osmand_highway_integrity_brouting" v="0"/>
                    <type t="sidewalk" v="no"/>
                    <type t="direction" v="forward"/>
                    <type t="highway" v="stop"/>
                    <type t="crossing" v="uncontrolled"/>
                    <type t="crossing:markings" v="zebra"/>
                    <type t="highway" v="crossing"/>
                    <type t="highway" v="secondary"/>
                    <type t="route_road_2_network" v="cl:national"/>
                    <type t="route_road_2_shield_color" v="green"/>
                    <type t="road_shield_color_2" v="green"/>
                    <type t="osmand_ele_decline_3" v="1"/>
                    <type t="lanes" v="3"/>
                    <type t="lanes:backward" v="2"/>
                    <type t="osmand_ele_decline_1" v="1"/>
                    <type t="osmand_ele_decline_5" v="1"/>
                    <type t="lanes" v="1"/>
                    <type t="oneway" v="yes"/>
                    <type t="crossing" v="traffic_signals"/>
                    <type t="highway" v="traffic_signals"/>
                    <type t="highway" v="give_way"/>
                    <type t="highway" v="residential"/>
                    <type t="surface" v="concrete"/>
                    <type t="osmand_highway_integrity_brouting" v="1"/>
                    <type t="highway" v="unclassified"/>
                    <type t="surface" v="unpaved"/>
                    <type t="osmand_highway_integrity_brouting" v="4"/>
                    <type t="osmand_ele_decline_11" v="1"/>
                    <type t="osmand_ele_decline_7" v="1"/>
                    <type t="direction" v="backward"/>
                    <type t="maxspeed" v="40"/>
                    <type t="surface" v="paved"/>
                    <type t="bridge" v="yes"/>
                    <type t="maxspeed" v="70"/>
                    <type t="route_road_1_shield_color" v="green"/>
                    <type t="road_shield_color_1" v="green"/>
                    <type t="route_road_3_network" v="#"/>
                    <type t="route_road_3_shield_color" v="white"/>
                    <type t="route_road_3_shield_shape" v="usshield"/>
                    <type t="route_road_3_shield_order" v="1"/>
                    <type t="road_shield_color_3" v="white"/>
                    <type t="road_shield_shape_3" v="usshield"/>
                    <type t="road_shield_order_3" v="1"/>
                    <type t="lanes:backward" v="1"/>
                    <type t="turn:lanes:forward" v="merge_to_right|"/>
                    <type t="turn:lanes:forward" v="left|"/>
                    <type t="cycleway" v="lane"/>
                    <type t="traffic_calming" v="hump"/>
                    <type t="bicycle" v="yes"/>
                    <type t="cycleway:buffer" v="0.5"/>
                    <type t="cycleway:foot" v="segregated"/>
                    <type t="maxspeed:conditional" v="30 @ (Mo-Fr 08:00-09:30,14:30-16:00; PH off; SH off)"/>
                    <type t="cycleway" v="opposite"/>
                    <type t="sidewalk" v="yes"/>
                    <type t="access" v="permissive"/>
                    <type t="highway" v="track"/>
                    <type t="surface" v="ground"/>
                    <type t="osmand_highway_integrity_brouting" v="3"/>
                    <type t="hgv" v="no"/>
                    <type t="route_hiking_1" v=""/>
                    <type t="route_hiking" v=""/>
                    <type t="amenity" v="ferry_terminal"/>
                    <type t="ferry" v="yes"/>
                    <type t="public_transport" v="station"/>
                    <type t="ferry" v="secondary"/>
                    <type t="foot" v="yes"/>
                    <type t="motor_vehicle" v="yes"/>
                    <type t="route" v="ferry"/>
                    <type t="maxspeed:type" v="CL:urban"/>
                    <type t="smoothness" v="excellent"/>
                    <type t="osmand_highway_integrity_brouting" v="-1"/>
                    <type t="maxspeed" v="30"/>
                    <type t="maxspeed:type" v="sign"/>
                    <type t="sidewalk:right:surface" v="concrete:plates"/>
                    <type t="width" v="10"/>
                    <type t="lit" v="no"/>
                    <type t="barrier" v="border_control"/>
                    <type t="bus" v="yes"/>
                    <type t="motorcar" v="yes"/>
                    <type t="motorcycle" v="yes"/>
                    <type t="maxspeed" v="60"/>
                    <type t="route_road_1_network" v="ar:provincial"/>
                    <type t="route_road_2_shield_order" v="2"/>
                    <type t="road_shield_order_2" v="2"/>
                    <type t="maxspeed" v="20"/>
                    <type t="route_road_1_shield_order" v="2"/>
                    <type t="road_shield_order_1" v="2"/>
                    <type t="access" v="permit"/>
                    <type t="surface" v="compacted"/>
                    <type t="osmand_highway_integrity_brouting" v="2"/>
                    <type t="route_mtb" v=""/>
                    <type t="highway" v="tertiary"/>
                    <type t="name" v="Paso Hua-Hum"/>
                    <type t="ref" v="RP48"/>
                    <type t="road_name_1" v="Caminos Complementarios Red Interlagos"/>
                    <type t="road_name_2" v="Circuito Siete Lagos"/>
                    <type t="route_road_1_name" v="Caminos Complementarios Red Interlagos"/>
                    <type t="route_road_2_name" v="Circuito Siete Lagos"/>
                    <type t="road_name_2" v="Ruta 203 CH"/>
                    <type t="road_name_3" v="Circuito Siete Lagos"/>
                    <type t="road_network_2" v="cl:national"/>
                    <type t="road_ref_2" v="203"/>
                    <type t="route_road_2_name" v="Ruta 203 CH"/>
                    <type t="route_road_2_ref" v="203"/>
                    <type t="route_road_3_name" v="Circuito Siete Lagos"/>
                    <type t="road_name_1" v="Longitudinal Red Interlagos"/>
                    <type t="route_road_1_name" v="Longitudinal Red Interlagos"/>
                    <type t="road_name_1" v="Ejes Transversales Red Interlagos"/>
                    <type t="route_road_1_name" v="Ejes Transversales Red Interlagos"/>
                    <type t="bridge:name" v="Puente Huenehue"/>
                    <type t="road_ref_1" v="T-265"/>
                    <type t="route_road_1_ref" v="T-265"/>
                    <type t="road_ref_1" v="T-283"/>
                    <type t="route_road_1_ref" v="T-283"/>
                    <type t="road_ref_1" v="T-277"/>
                    <type t="route_road_1_ref" v="T-277"/>
                    <type t="bridge:name" v="Puente Curaco"/>
                    <type t="bridge:name" v="Puente Niltre"/>
                    <type t="bridge:name" v="Puente Llamué"/>
                    <type t="bridge:name" v="Puente Rucatrehua"/>
                    <type t="road_network_3" v="#"/>
                    <type t="road_ref_3" v="203 CH"/>
                    <type t="route_road_3_ref" v="203 CH"/>
                    <type t="bridge:name" v="Puente Puñir"/>
                    <type t="bridge:name" v="Puente Toledo"/>
                    <type t="bridge:name" v="Puente Blanco"/>
                    <type t="bridge:name" v="Puente Paillahuinte"/>
                    <type t="bridge:name" v="Puente Llanquihue"/>
                    <type t="bridge:name" v="Puente Punahue"/>
                    <type t="bridge:name" v="Puente Truful"/>
                    <type t="bridge:name" v="Puente Huilo Huilo"/>
                    <type t="bridge:name" v="Puente Llallalca"/>
                    <type t="route_hiking_1_name" v="Greater Patagonian Trail Section 17: Liquiñe"/>
                    <type t="route_hiking_1_network" v="rwn"/>
                    <type t="route_hiking_1_osmc_background" v="white_4"/>
                    <type t="route_hiking_1_osmc_stub_name" v="."/>
                    <type t="route_hiking_1_osmc_text" v="GPT17"/>
                    <type t="route_hiking_1_osmc_textcolor" v="black"/>
                    <type t="route_hiking_1_ref" v="GPT17"/>
                    <type t="route_hiking_1_relation_id" v="6814241"/>
                    <type t="route_hiking_1_website" v="http://www.wikiexplora.com/index.php/Greater_Patagonian_Trail"/>
                    <type t="duration" v="01:30"/>
                    <type t="road_name_1" v="Circuito Siete Lagos"/>
                    <type t="route_hiking_1_name" v="Greater Patagonian Trail Section 18: Lago Pirihueico"/>
                    <type t="route_hiking_1_osmc_text" v="GPT18"/>
                    <type t="route_hiking_1_ref" v="GPT18"/>
                    <type t="route_hiking_1_relation_id" v="6814233"/>
                    <type t="route_road_1_name" v="Circuito Siete Lagos"/>
                    <type t="road_name_1" v="Ruta Provincial 48"/>
                    <type t="road_network_1" v="ar:provincial"/>
                    <type t="road_ref_1" v="48"/>
                    <type t="road_ref_2" v="RP48"/>
                    <type t="route_road_1_name" v="Ruta Provincial 48"/>
                    <type t="route_road_1_ref" v="48"/>
                    <type t="route_road_2_ref" v="RP48"/>
                    <type t="road_ref_2" v="48"/>
                    <type t="route_road_2_ref" v="48"/>
                    <type t="route_hiking_1_distance" v="11.4"/>
                    <type t="route_hiking_1_name" v="Etapa 16: Laguna Rosales - San Martín de Los Andes"/>
                    <type t="route_hiking_1_network" v="nwn"/>
                    <type t="route_hiking_1_osmc_text" v="ELRSMLA"/>
                    <type t="route_hiking_1_relation_id" v="9379221"/>
                    <type t="route_mtb_1" v=""/>
                    <type t="route_mtb_1_name" v="Etapa 16: Laguna Rosales - San Martín de Los Andes"/>
                    <type t="route_mtb_1_osmc_background" v="white_4"/>
                    <type t="route_mtb_1_osmc_stub_name" v="."/>
                    <type t="route_mtb_1_osmc_text" v="ELRSMLA"/>
                    <type t="route_mtb_1_osmc_textcolor" v="black"/>
                    <type t="route_mtb_1_relation_id" v="18336053"/>
                </osmand:types>
            </extensions>
        </trkseg>
    </trk>
    <extensions>
        <osmand:points_groups>
            <group name=""/>
        </osmand:points_groups>
    </extensions>
</gpx>
