Name,altitudeMode,distance,angle,X,Y
"Directions from Troyo, Lonquimay, Chile to Angol, Chile",,0.00000000000000,279.95807059836545,-71.304,-38.254
"Directions from Troyo, Lonquimay, Chile to Angol, Chile",,0.00266007518691,283.53039978348886,-71.307,-38.253
"Directions from Troyo, Lonquimay, Chile to Angol, Chile",,0.00279608989200,278.55136448430613,-71.307,-38.253
"Directions from Troyo, Lonquimay, Chile to Angol, Chile",,0.00281608989201,281.30993247474288,-71.307,-38.253
"Directions from Troyo, Lonquimay, Chile to Angol, Chile",,0.00294608989200,295.46031035802622,-71.307,-38.253
"Directions from Troyo, Lonquimay, Chile to Angol, Chile",,0.00309373812260,304.96714755100686,-71.307,-38.253
"Directions from Troyo, Lonquimay, Chile to Angol, Chile",,0.00321415406839,314.93661981570966,-71.307,-38.253
"Directions from Troyo, Lonquimay, Chile to Angol, Chile",,0.00396488704356,325.83732455537591,-71.308,-38.253
"Directions from Troyo, Lonquimay, Chile to Angol, Chile",,0.00398724772333,326.00246238176862,-71.308,-38.253
"Directions from Troyo, Lonquimay, Chile to Angol, Chile",,0.00796182946233,323.28229637056563,-71.310,-38.250
"Directions from Troyo, Lonquimay, Chile to Angol, Chile",,0.00805616927366,321.49730840636477,-71.311,-38.250
"Directions from Troyo, Lonquimay, Chile to Angol, Chile",,0.00807031140927,320.65496624718793,-71.311,-38.250
"Directions from Troyo, Lonquimay, Chile to Angol, Chile",,0.00825058897305,332.44848149922149,-71.311,-38.249
"Directions from Troyo, Lonquimay, Chile to Angol, Chile",,0.00879840281004,340.56992105108446,-71.311,-38.249
"Directions from Troyo, Lonquimay, Chile to Angol, Chile",,0.00916528153659,344.72180168964553,-71.311,-38.249
"Directions from Troyo, Lonquimay, Chile to Angol, Chile",,0.01066434791271,350.59009933313109,-71.311,-38.247
"Directions from Troyo, Lonquimay, Chile to Angol, Chile",,0.01086534542513,351.99228019634717,-71.311,-38.247
"Directions from Troyo, Lonquimay, Chile to Angol, Chile",,0.01097714882401,354.84757676398851,-71.311,-38.247
"Directions from Troyo, Lonquimay, Chile to Angol, Chile",,0.01103714882401,355.26883889791270,-71.311,-38.247
"Directions from Troyo, Lonquimay, Chile to Angol, Chile",,0.01115880407461,353.32957664657033,-71.311,-38.247
"Directions from Troyo, Lonquimay, Chile to Angol, Chile",,0.01175015845230,358.06073774865769,-71.311,-38.246
"Directions from Troyo, Lonquimay, Chile to Angol, Chile",,0.01188015845229,4.73116109906146,-71.311,-38.246
"Directions from Troyo, Lonquimay, Chile to Angol, Chile",,0.01194098607759,4.73116109906146,-71.311,-38.246
"Directions from Troyo, Lonquimay, Chile to Angol, Chile",,0.01207098607759,3.71570398672132,-71.311,-38.246
"Directions from Troyo, Lonquimay, Chile to Angol, Chile",,0.01230293434769,9.81593835012762,-71.311,-38.245
"Directions from Troyo, Lonquimay, Chile to Angol, Chile",,0.01268148421231,18.77332233460991,-71.311,-38.245
"Directions from Troyo, Lonquimay, Chile to Angol, Chile",,0.01289172217272,29.51812173341060,-71.311,-38.245
"Directions from Troyo, Lonquimay, Chile to Angol, Chile",,0.01303594422374,16.84503376220700,-71.311,-38.245
"Directions from Troyo, Lonquimay, Chile to Angol, Chile",,0.01304594422374,14.52730204992264,-71.311,-38.245
"Directions from Troyo, Lonquimay, Chile to Angol, Chile",,0.01335481312797,25.83723452406330,-71.311,-38.245
"Directions from Troyo, Lonquimay, Chile to Angol, Chile",,0.01348481312797,26.94179832127246,-71.311,-38.244
"Directions from Troyo, Lonquimay, Chile to Angol, Chile",,0.01381237991505,33.12787594477175,-71.311,-38.244
"Directions from Troyo, Lonquimay, Chile to Angol, Chile",,0.01393444547121,26.71348451113652,-71.311,-38.244
"Directions from Troyo, Lonquimay, Chile to Angol, Chile",,0.01396606824781,24.08991506259400,-71.311,-38.244
"Directions from Troyo, Lonquimay, Chile to Angol, Chile",,0.01404669082529,23.22206276460026,-71.311,-38.244
"Directions from Troyo, Lonquimay, Chile to Angol, Chile",,0.01415109389038,8.34962211550282,-71.311,-38.244
"Directions from Troyo, Lonquimay, Chile to Angol, Chile",,0.01478109389038,357.40278554896906,-71.311,-38.243
"Directions from Troyo, Lonquimay, Chile to Angol, Chile",,0.01489154750055,350.38466381530509,-71.311,-38.243
"Directions from Troyo, Lonquimay, Chile to Angol, Chile",,0.01505647172558,340.16137535333638,-71.311,-38.243
"Directions from Troyo, Lonquimay, Chile to Angol, Chile",,0.01533378021806,337.45947967287049,-71.311,-38.243
"Directions from Troyo, Lonquimay, Chile to Angol, Chile",,0.01587461290938,346.01459978154310,-71.311,-38.242
"Directions from Troyo, Lonquimay, Chile to Angol, Chile",,0.01607685039354,347.82502022203278,-71.311,-38.242
"Directions from Troyo, Lonquimay, Chile to Angol, Chile",,0.01670046886664,352.09040302635987,-71.311,-38.241
"Directions from Troyo, Lonquimay, Chile to Angol, Chile",,0.01673046886664,352.02730204723412,-71.311,-38.241
"Directions from Troyo, Lonquimay, Chile to Angol, Chile",,0.01680326996554,341.74927943764163,-71.311,-38.241
"Directions from Troyo, Lonquimay, Chile to Angol, Chile",,0.01740135022771,336.86700049984313,-71.311,-38.241
"Directions from Troyo, Lonquimay, Chile to Angol, Chile",,0.01770101670898,332.27258246049485,-71.311,-38.240
"Directions from Troyo, Lonquimay, Chile to Angol, Chile",,0.01802350701892,345.12755935105918,-71.312,-38.240
"Directions from Troyo, Lonquimay, Chile to Angol, Chile",,0.01803350701892,346.71747441204258,-71.312,-38.240
"Directions from Troyo, Lonquimay, Chile to Angol, Chile",,0.01819003177734,338.95541891343208,-71.312,-38.240
"Directions from Troyo, Lonquimay, Chile to Angol, Chile",,0.01837684719426,329.73794450138956,-71.312,-38.240
"Directions from Troyo, Lonquimay, Chile to Angol, Chile",,0.01839098932989,337.49999999999994,-71.312,-38.240
"Directions from Troyo, Lonquimay, Chile to Angol, Chile",,0.01840098932989,350.78252558853899,-71.312,-38.240
"Directions from Troyo, Lonquimay, Chile to Angol, Chile",,0.01855910321290,337.50000001221326,-71.312,-38.240
"Directions from Troyo, Lonquimay, Chile to Angol, Chile",,0.01858146389267,339.04240617734564,-71.312,-38.240
"Directions from Troyo, Lonquimay, Chile to Angol, Chile",,0.01911033060556,352.32493175367131,-71.312,-38.239
"Directions from Troyo, Lonquimay, Chile to Angol, Chile",,0.01913033060556,352.53429141110018,-71.312,-38.239
"Directions from Troyo, Lonquimay, Chile to Angol, Chile",,0.01928557235252,339.25176581849007,-71.312,-38.239
"Directions from Troyo, Lonquimay, Chile to Angol, Chile",,0.01930793303229,343.15496623184288,-71.312,-38.239
"Directions from Troyo, Lonquimay, Chile to Angol, Chile",,0.01946917818726,355.00628921297073,-71.312,-38.239
"Directions from Troyo, Lonquimay, Chile to Angol, Chile",,0.01966942803120,1.73889326023153,-71.312,-38.239
"Directions from Troyo, Lonquimay, Chile to Angol, Chile",,0.01985053573397,3.17009587171377,-71.312,-38.238
"Directions from Troyo, Lonquimay, Chile to Angol, Chile",,0.01990053573397,4.06505117672903,-71.312,-38.238
"Directions from Troyo, Lonquimay, Chile to Angol, Chile",,0.02039551048080,11.08317291248835,-71.312,-38.238
"Directions from Troyo, Lonquimay, Chile to Angol, Chile",,0.02047797259331,17.91882647858426,-71.312,-38.238
"Directions from Troyo, Lonquimay, Chile to Angol, Chile",,0.02069337918560,25.77314539254871,-71.312,-38.238
"Directions from Troyo, Lonquimay, Chile to Angol, Chile",,0.02093524691805,35.17308797150757,-71.312,-38.237
"Directions from Troyo, Lonquimay, Chile to Angol, Chile",,0.02111963780719,44.58881450924288,-71.312,-38.237
"Directions from Troyo, Lonquimay, Chile to Angol, Chile",,0.02134635348816,53.15034503012996,-71.311,-38.237
"Directions from Troyo, Lonquimay, Chile to Angol, Chile",,0.02157107553871,61.32038083963588,-71.311,-38.237
"Directions from Troyo, Lonquimay, Chile to Angol, Chile",,0.02260895799834,77.45820299696501,-71.310,-38.237
"Directions from Troyo, Lonquimay, Chile to Angol, Chile",,0.02262895799833,76.71747441146103,-71.310,-38.237
"Directions from Troyo, Lonquimay, Chile to Angol, Chile",,0.02265131867811,76.71747441146103,-71.310,-38.237
"Directions from Troyo, Lonquimay, Chile to Angol, Chile",,0.02266131867811,83.37974004216169,-71.310,-38.237
"Directions from Troyo, Lonquimay, Chile to Angol, Chile",,0.02318524615400,79.31468886528727,-71.310,-38.236
"Directions from Troyo, Lonquimay, Chile to Angol, Chile",,0.02360951022272,79.83471445971928,-71.309,-38.236
"Directions from Troyo, Lonquimay, Chile to Angol, Chile",,0.02398806008734,83.89976563659370,-71.309,-38.236
"Directions from Troyo, Lonquimay, Chile to Angol, Chile",,0.02399806008733,78.98188652980832,-71.309,-38.236
"Directions from Troyo, Lonquimay, Chile to Angol, Chile",,0.02445116051770,71.61010511246943,-71.309,-38.236
"Directions from Troyo, Lonquimay, Chile to Angol, Chile",,0.02464762934475,82.62821858266113,-71.308,-38.236
"Directions from Troyo, Lonquimay, Chile to Angol, Chile",,0.02466762934474,84.17035367299746,-71.308,-38.236
"Directions from Troyo, Lonquimay, Chile to Angol, Chile",,0.02531090222618,70.88782809260070,-71.308,-38.236
"Directions from Troyo, Lonquimay, Chile to Angol, Chile",,0.02533326290596,69.69935268516105,-71.308,-38.236
"Directions from Troyo, Lonquimay, Chile to Angol, Chile",,0.02553941818724,60.48187826555780,-71.307,-38.236
"Directions from Troyo, Lonquimay, Chile to Angol, Chile",,0.02555356032287,60.80375112412912,-71.307,-38.236
"Directions from Troyo, Lonquimay, Chile to Angol, Chile",,0.02576943065432,82.73086970484624,-71.307,-38.236
"Directions from Troyo, Lonquimay, Chile to Angol, Chile",,0.02626953064431,91.33415599772719,-71.307,-38.236
"Directions from Troyo, Lonquimay, Chile to Angol, Chile",,0.02657019657189,90.22380708592689,-71.306,-38.236
"Directions from Troyo, Lonquimay, Chile to Angol, Chile",,0.02674049043555,80.12199950151046,-71.306,-38.236
"Directions from Troyo, Lonquimay, Chile to Angol, Chile",,0.02691769088701,77.07406872748052,-71.306,-38.236
"Directions from Troyo, Lonquimay, Chile to Angol, Chile",,0.02697851851232,71.11846101190704,-71.306,-38.236
"Directions from Troyo, Lonquimay, Chile to Angol, Chile",,0.02756911143472,53.34962212210904,-71.306,-38.235
"Directions from Troyo, Lonquimay, Chile to Angol, Chile",,0.02759739570597,51.64928516995364,-71.306,-38.235
"Directions from Troyo, Lonquimay, Chile to Angol, Chile",,0.02799702053002,55.21179333915908,-71.305,-38.235
"Directions from Troyo, Lonquimay, Chile to Angol, Chile",,0.02822505561504,42.90754193728422,-71.305,-38.235
"Directions from Troyo, Lonquimay, Chile to Angol, Chile",,0.02836927766606,36.48973719434084,-71.305,-38.235
"Directions from Troyo, Lonquimay, Chile to Angol, Chile",,0.02851140437009,47.79966966731718,-71.305,-38.235
"Directions from Troyo, Lonquimay, Chile to Angol, Chile",,0.02861957090836,50.65496624614402,-71.305,-38.235
"Directions from Troyo, Lonquimay, Chile to Angol, Chile",,0.02863371304398,51.69624888626706,-71.305,-38.235
"Directions from Troyo, Lonquimay, Chile to Angol, Chile",,0.02878635641921,52.51453739716332,-71.305,-38.235
"Directions from Troyo, Lonquimay, Chile to Angol, Chile",,0.02903394478727,39.49201027090801,-71.304,-38.235
"Directions from Troyo, Lonquimay, Chile to Angol, Chile",,0.02938905040537,38.67372176001179,-71.304,-38.234
"Directions from Troyo, Lonquimay, Chile to Angol, Chile",,0.02940319254099,22.50000001017778,-71.304,-38.234
"Directions from Troyo, Lonquimay, Chile to Angol, Chile",,0.02941319254099,14.03624346764474,-71.304,-38.234
"Directions from Troyo, Lonquimay, Chile to Angol, Chile",,0.02958319254099,23.25371788114130,-71.304,-38.234
"Directions from Troyo, Lonquimay, Chile to Angol, Chile",,0.02961481531759,27.45209160859715,-71.304,-38.234
"Directions from Troyo, Lonquimay, Chile to Angol, Chile",,0.02990082231051,39.86676489974000,-71.304,-38.234
"Directions from Troyo, Lonquimay, Chile to Angol, Chile",,0.03013427466111,45.11961471037052,-71.304,-38.234
"Directions from Troyo, Lonquimay, Chile to Angol, Chile",,0.03033945750640,49.44308056540002,-71.304,-38.233
"Directions from Troyo, Lonquimay, Chile to Angol, Chile",,0.03080956387734,57.67308797112992,-71.303,-38.233
"Directions from Troyo, Lonquimay, Chile to Angol, Chile",,0.03083192455711,51.83565356708062,-71.303,-38.233
"Directions from Troyo, Lonquimay, Chile to Angol, Chile",,0.03100221842077,36.48579229152642,-71.303,-38.233
"Directions from Troyo, Lonquimay, Chile to Angol, Chile",,0.03116865159054,39.33720860858867,-71.303,-38.233
"Directions from Troyo, Lonquimay, Chile to Angol, Chile",,0.03160004468275,48.63969134662976,-71.303,-38.233
"Directions from Troyo, Lonquimay, Chile to Angol, Chile",,0.03172810716750,46.80694037653424,-71.303,-38.233
"Directions from Troyo, Lonquimay, Chile to Angol, Chile",,0.03202542854244,37.64877828037735,-71.302,-38.232
"Directions from Troyo, Lonquimay, Chile to Angol, Chile",,0.03226396575127,39.01193377924497,-71.302,-38.232
"Directions from Troyo, Lonquimay, Chile to Angol, Chile",,0.03236296070065,49.73116110381634,-71.302,-38.232
"Directions from Troyo, Lonquimay, Chile to Angol, Chile",,0.03244898395331,51.77396949296978,-71.302,-38.232
"Directions from Troyo, Lonquimay, Chile to Angol, Chile",,0.03264747828573,40.02468665424940,-71.302,-38.232
"Directions from Troyo, Lonquimay, Chile to Angol, Chile",,0.03276409732362,28.23065401026772,-71.302,-38.232
"Directions from Troyo, Lonquimay, Chile to Angol, Chile",,0.03348423619912,18.40374198598454,-71.302,-38.231
"Directions from Troyo, Lonquimay, Chile to Angol, Chile",,0.03353522639425,14.20633072322483,-71.302,-38.231
"Directions from Troyo, Lonquimay, Chile to Angol, Chile",,0.03367124109934,8.55136448386601,-71.302,-38.231
"Directions from Troyo, Lonquimay, Chile to Angol, Chile",,0.03375124109934,347.61242971717274,-71.302,-38.231
"Directions from Troyo, Lonquimay, Chile to Angol, Chile",,0.03389441930997,333.46205183405283,-71.302,-38.231
"Directions from Troyo, Lonquimay, Chile to Angol, Chile",,0.03448501223238,337.17260979853211,-71.302,-38.230
"Directions from Troyo, Lonquimay, Chile to Angol, Chile",,0.03465264277852,351.32298768165202,-71.302,-38.230
"Directions from Troyo, Lonquimay, Chile to Angol, Chile",,0.03467264277852,353.73559614566375,-71.302,-38.230
"Directions from Troyo, Lonquimay, Chile to Angol, Chile",,0.03485703366767,355.37084010662613,-71.302,-38.230
"Directions from Troyo, Lonquimay, Chile to Angol, Chile",,0.03520760463052,355.37084010878141,-71.302,-38.229
"Directions from Troyo, Lonquimay, Chile to Angol, Chile",,0.03529980007510,338.86315549997420,-71.302,-38.229
"Directions from Troyo, Lonquimay, Chile to Angol, Chile",,0.03538042265258,345.12755935215523,-71.302,-38.229
"Directions from Troyo, Lonquimay, Chile to Angol, Chile",,0.03539042265258,345.47269795007736,-71.302,-38.229
"Directions from Troyo, Lonquimay, Chile to Angol, Chile",,0.03549337895399,335.48114468942458,-71.302,-38.229
"Directions from Troyo, Lonquimay, Chile to Angol, Chile",,0.03561042595310,348.94789854068182,-71.302,-38.229
"Directions from Troyo, Lonquimay, Chile to Angol, Chile",,0.03588061107482,0.30260729874832,-71.302,-38.229
"Directions from Troyo, Lonquimay, Chile to Angol, Chile",,0.03609084903523,359.85676174487219,-71.302,-38.229
"Directions from Troyo, Lonquimay, Chile to Angol, Chile",,0.03628111201114,345.21108065484833,-71.302,-38.228
"Directions from Troyo, Lonquimay, Chile to Angol, Chile",,0.03630347269092,340.68909314050660,-71.302,-38.228
"Directions from Troyo, Lonquimay, Chile to Angol, Chile",,0.03735670580851,353.97161873311666,-71.302,-38.227
"Directions from Troyo, Lonquimay, Chile to Angol, Chile",,0.03740670580851,11.59929525998272,-71.302,-38.227
"Directions from Troyo, Lonquimay, Chile to Angol, Chile",,0.03748286353958,27.08117352542079,-71.302,-38.227
"Directions from Troyo, Lonquimay, Chile to Angol, Chile",,0.03754117305852,36.61872276903758,-71.302,-38.227
"Directions from Troyo, Lonquimay, Chile to Angol, Chile",,0.03768983374599,49.29181073669508,-71.302,-38.227
"Directions from Troyo, Lonquimay, Chile to Angol, Chile",,0.03776194477150,50.65496623818448,-71.302,-38.227
"Directions from Troyo, Lonquimay, Chile to Angol, Chile",,0.03779022904275,56.59929526261490,-71.302,-38.227
"Directions from Troyo, Lonquimay, Chile to Angol, Chile",,0.03789793233889,72.45001009222788,-71.302,-38.227
"Directions from Troyo, Lonquimay, Chile to Angol, Chile",,0.03846308718492,74.13324042324088,-71.302,-38.227
"Directions from Troyo, Lonquimay, Chile to Angol, Chile",,0.03877931495095,63.28651548762030,-71.301,-38.227
"Directions from Troyo, Lonquimay, Chile to Angol, Chile",,0.03890138050710,48.49759614755192,-71.301,-38.227
"Directions from Troyo, Lonquimay, Chile to Angol, Chile",,0.03903591674757,36.28321968465279,-71.301,-38.227
"Directions from Troyo, Lonquimay, Chile to Angol, Chile",,0.03929145539435,33.24447497642199,-71.301,-38.226
"Directions from Troyo, Lonquimay, Chile to Angol, Chile",,0.03964950567015,41.37866667222147,-71.301,-38.226
"Directions from Troyo, Lonquimay, Chile to Angol, Chile",,0.03986882279215,50.92779503279338,-71.301,-38.226
"Directions from Troyo, Lonquimay, Chile to Angol, Chile",,0.04023501946061,59.22146431227276,-71.300,-38.226
"Directions from Troyo, Lonquimay, Chile to Angol, Chile",,0.04025738014039,58.28252558853900,-71.300,-38.226
"Directions from Troyo, Lonquimay, Chile to Angol, Chile",,0.04045738014039,39.84757676765254,-71.300,-38.226
"Directions from Troyo, Lonquimay, Chile to Angol, Chile",,0.04050210149995,23.05085306020312,-71.300,-38.226
"Directions from Troyo, Lonquimay, Chile to Angol, Chile",,0.04083103918401,23.05085305694624,-71.300,-38.225
"Directions from Troyo, Lonquimay, Chile to Angol, Chile",,0.04105464598176,36.92783060818170,-71.300,-38.225
"Directions from Troyo, Lonquimay, Chile to Angol, Chile",,0.04123156404189,53.96642825001202,-71.300,-38.225
"Directions from Troyo, Lonquimay, Chile to Angol, Chile",,0.04159871523690,62.56418801517534,-71.299,-38.225
"Directions from Troyo, Lonquimay, Chile to Angol, Chile",,0.04208626010663,62.20877337539176,-71.299,-38.225
"Directions from Troyo, Lonquimay, Chile to Angol, Chile",,0.04230580509063,56.53075976684950,-71.299,-38.224
"Directions from Troyo, Lonquimay, Chile to Angol, Chile",,0.04250580509064,51.26440385507866,-71.299,-38.224
"Directions from Troyo, Lonquimay, Chile to Angol, Chile",,0.04296678231350,44.34405610803759,-71.298,-38.224
"Directions from Troyo, Lonquimay, Chile to Angol, Chile",,0.04310890901754,42.14470343117101,-71.298,-38.224
"Directions from Troyo, Lonquimay, Chile to Angol, Chile",,0.04330689891627,42.40278554619220,-71.298,-38.224
"Directions from Troyo, Lonquimay, Chile to Angol, Chile",,0.04338500141304,43.73428592869101,-71.298,-38.224
"Directions from Troyo, Lonquimay, Chile to Angol, Chile",,0.04399377066324,46.04503103418968,-71.297,-38.223
"Directions from Troyo, Lonquimay, Chile to Angol, Chile",,0.04540805493452,40.64847947429300,-71.296,-38.222
"Directions from Troyo, Lonquimay, Chile to Angol, Chile",,0.04550805493452,39.57179332692863,-71.296,-38.222
"Directions from Troyo, Lonquimay, Chile to Angol, Chile",,0.04565671562200,39.57179332570729,-71.296,-38.222
"Directions from Troyo, Lonquimay, Chile to Angol, Chile",,0.04590671562199,31.71747441217346,-71.296,-38.222
"Directions from Troyo, Lonquimay, Chile to Angol, Chile",,0.04608560106020,24.18323033300761,-71.296,-38.222
"Directions from Troyo, Lonquimay, Chile to Angol, Chile",,0.04640871094862,16.05312797716211,-71.296,-38.221
"Directions from Troyo, Lonquimay, Chile to Angol, Chile",,0.04663231774637,12.91447873283059,-71.296,-38.221
"Directions from Troyo, Lonquimay, Chile to Angol, Chile",,0.04681913316329,7.76205549861043,-71.296,-38.221
"Directions from Troyo, Lonquimay, Chile to Angol, Chile",,0.04685913316330,7.01812173381357,-71.296,-38.221
"Directions from Troyo, Lonquimay, Chile to Angol, Chile",,0.04718898161334,7.01812173381358,-71.296,-38.221
"Directions from Troyo, Lonquimay, Chile to Angol, Chile",,0.04729898161334,354.34503376533860,-71.296,-38.221
"Directions from Troyo, Lonquimay, Chile to Angol, Chile",,0.04740096200362,342.36378927846920,-71.296,-38.220
"Directions from Troyo, Lonquimay, Chile to Angol, Chile",,0.04749945058163,340.25670001452022,-71.296,-38.220
"Directions from Troyo, Lonquimay, Chile to Angol, Chile",,0.04768626599856,357.89291073213644,-71.296,-38.220
"Directions from Troyo, Lonquimay, Chile to Angol, Chile",,0.04773725619369,16.17372174387747,-71.296,-38.220
"Directions from Troyo, Lonquimay, Chile to Angol, Chile",,0.04787654007646,33.01875551482690,-71.296,-38.220
"Directions from Troyo, Lonquimay, Chile to Angol, Chile",,0.04796139289021,50.15242323591648,-71.296,-38.220
"Directions from Troyo, Lonquimay, Chile to Angol, Chile",,0.04811950677321,50.15242323422018,-71.296,-38.220
"Directions from Troyo, Lonquimay, Chile to Angol, Chile",,0.04813364890884,52.60898095616716,-71.296,-38.220
"Directions from Troyo, Lonquimay, Chile to Angol, Chile",,0.05004626491840,64.20827621369318,-71.294,-38.219
"Directions from Troyo, Lonquimay, Chile to Angol, Chile",,0.05010011656647,62.58736147937728,-71.294,-38.219
"Directions from Troyo, Lonquimay, Chile to Angol, Chile",,0.05057719098414,51.65417614900614,-71.294,-38.219
"Directions from Troyo, Lonquimay, Chile to Angol, Chile",,0.05088132911066,68.16610992715488,-71.293,-38.218
"Directions from Troyo, Lonquimay, Chile to Angol, Chile",,0.05089132911066,68.42380513232018,-71.293,-38.218
"Directions from Troyo, Lonquimay, Chile to Angol, Chile",,0.05132996335464,44.56064963591970,-71.293,-38.218
"Directions from Troyo, Lonquimay, Chile to Angol, Chile",,0.05147862404212,38.39110599813563,-71.293,-38.218
"Directions from Troyo, Lonquimay, Chile to Angol, Chile",,0.05167278892051,31.93313826587133,-71.293,-38.218
"Directions from Troyo, Lonquimay, Chile to Angol, Chile",,0.05185636451802,27.18732350956806,-71.293,-38.218
"Directions from Troyo, Lonquimay, Chile to Angol, Chile",,0.05202189397159,12.50844673823281,-71.293,-38.218
"Directions from Troyo, Lonquimay, Chile to Angol, Chile",,0.05204189397159,5.65496623857592,-71.293,-38.218
"Directions from Troyo, Lonquimay, Chile to Angol, Chile",,0.05209288416672,3.27314539237053,-71.293,-38.217
"Directions from Troyo, Lonquimay, Chile to Angol, Chile",,0.05221330011251,353.13186584711667,-71.293,-38.217
"Directions from Troyo, Lonquimay, Chile to Angol, Chile",,0.05240565395313,344.01932829209159,-71.293,-38.217
"Directions from Troyo, Lonquimay, Chile to Angol, Chile",,0.05276412291970,348.50564159876956,-71.293,-38.217
"Directions from Troyo, Lonquimay, Chile to Angol, Chile",,0.05277412291971,347.08950401249342,-71.293,-38.217
"Directions from Troyo, Lonquimay, Chile to Angol, Chile",,0.05311850642686,331.60762574729483,-71.293,-38.217
"Directions from Troyo, Lonquimay, Chile to Angol, Chile",,0.05341005402160,324.06093012473713,-71.293,-38.216
"Directions from Troyo, Lonquimay, Chile to Angol, Chile",,0.05360854835401,324.06093012330030,-71.293,-38.216
"Directions from Troyo, Lonquimay, Chile to Angol, Chile",,0.05372516739191,326.74928283572689,-71.293,-38.216
"Directions from Troyo, Lonquimay, Chile to Angol, Chile",,0.05381119064458,328.19491763528112,-71.293,-38.216
"Directions from Troyo, Lonquimay, Chile to Angol, Chile",,0.05398119064458,341.23259542725543,-71.293,-38.216
"Directions from Troyo, Lonquimay, Chile to Angol, Chile",,0.05404201826988,346.05136448338465,-71.293,-38.216
"Directions from Troyo, Lonquimay, Chile to Angol, Chile",,0.05416850937629,350.78252558904785,-71.293,-38.216
"Directions from Troyo, Lonquimay, Chile to Angol, Chile",,0.05422850937629,355.26883889672069,-71.293,-38.216
"Directions from Troyo, Lonquimay, Chile to Angol, Chile",,0.05441099225220,355.26883889672069,-71.294,-38.215
"Directions from Troyo, Lonquimay, Chile to Angol, Chile",,0.05443099225220,353.98470195180954,-71.294,-38.215
"Directions from Troyo, Lonquimay, Chile to Angol, Chile",,0.05505469089738,350.76390190176556,-71.294,-38.215
"Directions from Troyo, Lonquimay, Chile to Angol, Chile",,0.05567862999697,356.77919994995602,-71.294,-38.214
"Directions from Troyo, Lonquimay, Chile to Angol, Chile",,0.05573862999697,355.93494882360051,-71.294,-38.214
"Directions from Troyo, Lonquimay, Chile to Angol, Chile",,0.05595076203133,349.53281579071722,-71.294,-38.214
"Directions from Troyo, Lonquimay, Chile to Angol, Chile",,0.05617637231478,343.95284385647960,-71.294,-38.214
"Directions from Troyo, Lonquimay, Chile to Angol, Chile",,0.05638826851579,327.85497690971852,-71.294,-38.213
"Directions from Troyo, Lonquimay, Chile to Angol, Chile",,0.05640241065140,328.28252560821602,-71.294,-38.213
"Directions from Troyo, Lonquimay, Chile to Angol, Chile",,0.05659214731102,337.49999999525033,-71.294,-38.213
"Directions from Troyo, Lonquimay, Chile to Angol, Chile",,0.05663686867057,324.21747442774546,-71.294,-38.213
"Directions from Troyo, Lonquimay, Chile to Angol, Chile",,0.05665101080619,321.49730841539895,-71.294,-38.213
"Directions from Troyo, Lonquimay, Chile to Angol, Chile",,0.05683969042882,323.24907421755387,-71.294,-38.213
"Directions from Troyo, Lonquimay, Chile to Angol, Chile",,0.05718682152798,315.99804794314412,-71.294,-38.213
"Directions from Troyo, Lonquimay, Chile to Angol, Chile",,0.05772440873021,310.68377394633933,-71.295,-38.212
"Directions from Troyo, Lonquimay, Chile to Angol, Chile",,0.05783842627272,333.93749182570565,-71.295,-38.212
"Directions from Troyo, Lonquimay, Chile to Angol, Chile",,0.05784842627272,330.12821858092087,-71.295,-38.212
"Directions from Troyo, Lonquimay, Chile to Angol, Chile",,0.05798735071262,307.62821858237487,-71.295,-38.212
"Directions from Troyo, Lonquimay, Chile to Angol, Chile",,0.05808634566199,324.21747441427198,-71.295,-38.212
"Directions from Troyo, Lonquimay, Chile to Angol, Chile",,0.05815342770131,329.87244064356491,-71.295,-38.212
"Directions from Troyo, Lonquimay, Chile to Angol, Chile",,0.05818948321406,331.17372174387748,-71.295,-38.212
"Directions from Troyo, Lonquimay, Chile to Angol, Chile",,0.05838646037010,326.76353197359248,-71.295,-38.212
"Directions from Troyo, Lonquimay, Chile to Angol, Chile",,0.05854924857606,311.66360293743588,-71.295,-38.212
"Directions from Troyo, Lonquimay, Chile to Angol, Chile",,0.05877128460917,308.13186584712059,-71.295,-38.212
"Directions from Troyo, Lonquimay, Chile to Angol, Chile",,0.05912596756619,312.71303937099475,-71.296,-38.211
"Directions from Troyo, Lonquimay, Chile to Angol, Chile",,0.05929567319368,320.24573850687898,-71.296,-38.211
"Directions from Troyo, Lonquimay, Chile to Angol, Chile",,0.05968400295045,331.55567098119531,-71.296,-38.211
"Directions from Troyo, Lonquimay, Chile to Angol, Chile",,0.05986785071356,343.50010483547385,-71.296,-38.211
"Directions from Troyo, Lonquimay, Chile to Angol, Chile",,0.06003063891953,354.69017236030936,-71.296,-38.211
"Directions from Troyo, Lonquimay, Chile to Angol, Chile",,0.06019063891952,2.38182084606500,-71.296,-38.211
"Directions from Troyo, Lonquimay, Chile to Angol, Chile",,0.06031105486531,8.03678708464092,-71.296,-38.210
"Directions from Troyo, Lonquimay, Chile to Angol, Chile",,0.06036204506045,5.65496623857591,-71.296,-38.210
"Directions from Troyo, Lonquimay, Chile to Angol, Chile",,0.06059204506045,357.61817915379464,-71.296,-38.210
"Directions from Troyo, Lonquimay, Chile to Angol, Chile",,0.06071246100623,352.46575591778316,-71.296,-38.210
"Directions from Troyo, Lonquimay, Chile to Angol, Chile",,0.06082426440511,346.29621228012246,-71.296,-38.210
"Directions from Troyo, Lonquimay, Chile to Angol, Chile",,0.06096027911020,340.13870304139107,-71.296,-38.210
"Directions from Troyo, Lonquimay, Chile to Angol, Chile",,0.06109027911020,303.69006752525712,-71.296,-38.210
"Directions from Troyo, Lonquimay, Chile to Angol, Chile",,0.06110027911019,307.98187826364193,-71.296,-38.210
"Directions from Troyo, Lonquimay, Chile to Angol, Chile",,0.06114151016644,338.61198061823757,-71.296,-38.210
"Directions from Troyo, Lonquimay, Chile to Angol, Chile",,0.06149506355704,334.72939761177071,-71.296,-38.209
"Directions from Troyo, Lonquimay, Chile to Angol, Chile",,0.06171047014932,330.66434643262460,-71.296,-38.209
"Directions from Troyo, Lonquimay, Chile to Angol, Chile",,0.06191047014933,324.72001741245970,-71.297,-38.209
"Directions from Troyo, Lonquimay, Chile to Angol, Chile",,0.06216285873861,320.65496623701017,-71.297,-38.209
"Directions from Troyo, Lonquimay, Chile to Angol, Chile",,0.06223356941673,319.06505117870643,-71.297,-38.209
"Directions from Troyo, Lonquimay, Chile to Angol, Chile",,0.06228356941673,319.06505117963167,-71.297,-38.209
"Directions from Troyo, Lonquimay, Chile to Angol, Chile",,0.06243913290858,310.93494882344010,-71.297,-38.209
"Directions from Troyo, Lonquimay, Chile to Angol, Chile",,0.06263913290859,310.93494882081859,-71.297,-38.208
"Directions from Troyo, Lonquimay, Chile to Angol, Chile",,0.06272398572234,305.78252558684267,-71.297,-38.208
"Directions from Troyo, Lonquimay, Chile to Angol, Chile",,0.06301467455941,298.02047008992855,-71.297,-38.208
"Directions from Troyo, Lonquimay, Chile to Angol, Chile",,0.06327887145568,301.58297826474080,-71.298,-38.208
"Directions from Troyo, Lonquimay, Chile to Angol, Chile",,0.06374759312149,301.97325234520025,-71.298,-38.208
"Directions from Troyo, Lonquimay, Chile to Angol, Chile",,0.06444221532095,301.71747441129219,-71.299,-38.207
"Directions from Troyo, Lonquimay, Chile to Angol, Chile",,0.06475285981231,309.08925583453214,-71.299,-38.207
"Directions from Troyo, Lonquimay, Chile to Angol, Chile",,0.06478114408355,310.26883890038840,-71.299,-38.207
"Directions from Troyo, Lonquimay, Chile to Angol, Chile",,0.06495319058889,307.95110718173004,-71.299,-38.207
"Directions from Troyo, Lonquimay, Chile to Angol, Chile",,0.06521567868386,321.89974269707733,-71.299,-38.207
"Directions from Troyo, Lonquimay, Chile to Angol, Chile",,0.06532748208274,330.60309569353808,-71.299,-38.207
"Directions from Troyo, Lonquimay, Chile to Angol, Chile",,0.06587126512771,335.53599916682828,-71.300,-38.206
"Directions from Troyo, Lonquimay, Chile to Angol, Chile",,0.06597566819279,354.50567444946216,-71.300,-38.206
"Directions from Troyo, Lonquimay, Chile to Angol, Chile",,0.06607616694901,9.87341830188319,-71.300,-38.206
"Directions from Troyo, Lonquimay, Chile to Angol, Chile",,0.06615862906152,29.51812173635801,-71.300,-38.206
"Directions from Troyo, Lonquimay, Chile to Angol, Chile",,0.06617277119714,38.86761313656821,-71.300,-38.206
"Directions from Troyo, Lonquimay, Chile to Angol, Chile",,0.06633920436691,41.72290970431032,-71.299,-38.206
"Directions from Troyo, Lonquimay, Chile to Angol, Chile",,0.06648133107094,38.63782215628113,-71.299,-38.206
"Directions from Troyo, Lonquimay, Chile to Angol, Chile",,0.06650369175072,33.87548817067327,-71.299,-38.206
"Directions from Troyo, Lonquimay, Chile to Angol, Chile",,0.06660999320884,36.82855872911513,-71.299,-38.206
"Directions from Troyo, Lonquimay, Chile to Angol, Chile",,0.06674037725695,16.23559614698083,-71.299,-38.206
"Directions from Troyo, Lonquimay, Chile to Angol, Chile",,0.06675037725696,18.12691886795759,-71.299,-38.206
"Directions from Troyo, Lonquimay, Chile to Angol, Chile",,0.06693638800933,32.80579563929283,-71.299,-38.206
"Directions from Troyo, Lonquimay, Chile to Angol, Chile",,0.06711996360683,23.89635118686735,-71.299,-38.205
"Directions from Troyo, Lonquimay, Chile to Angol, Chile",,0.06715158638343,22.50000000407111,-71.299,-38.205
"Directions from Troyo, Lonquimay, Chile to Angol, Chile",,0.06726338978231,23.56054819813155,-71.299,-38.205
"Directions from Troyo, Lonquimay, Chile to Angol, Chile",,0.06786147004448,14.88353588040655,-71.299,-38.205
"Directions from Troyo, Lonquimay, Chile to Angol, Chile",,0.06823630334076,11.62363500468513,-71.299,-38.204
"Directions from Troyo, Lonquimay, Chile to Angol, Chile",,0.06877230707209,7.01812173387113,-71.299,-38.204
"Directions from Troyo, Lonquimay, Chile to Angol, Chile",,0.06879230707209,3.79732168536239,-71.299,-38.204
"Directions from Troyo, Lonquimay, Chile to Angol, Chile",,0.06894363453160,357.74994314477118,-71.299,-38.204
"Directions from Troyo, Lonquimay, Chile to Angol, Chile",,0.06908681274223,353.15705132469031,-71.299,-38.203
"Directions from Troyo, Lonquimay, Chile to Angol, Chile",,0.06944695160434,356.03433399133371,-71.299,-38.203
"Directions from Troyo, Lonquimay, Chile to Angol, Chile",,0.06962805930710,355.23998906674626,-71.299,-38.203
"Directions from Troyo, Lonquimay, Chile to Angol, Chile",,0.06998861443465,1.58018081315267,-71.299,-38.203
"Directions from Troyo, Lonquimay, Chile to Angol, Chile",,0.07026027598879,355.19739791969261,-71.299,-38.202
"Directions from Troyo, Lonquimay, Chile to Angol, Chile",,0.07033307708769,340.21261318183900,-71.299,-38.202
"Directions from Troyo, Lonquimay, Chile to Angol, Chile",,0.07068236207162,341.16718940782596,-71.299,-38.202
"Directions from Troyo, Lonquimay, Chile to Angol, Chile",,0.07072359312787,342.08117353004519,-71.299,-38.202
"Directions from Troyo, Lonquimay, Chile to Angol, Chile",,0.07083129642401,345.80832292825443,-71.299,-38.202
"Directions from Troyo, Lonquimay, Chile to Angol, Chile",,0.07109302147058,356.70902767143036,-71.299,-38.202
"Directions from Troyo, Lonquimay, Chile to Angol, Chile",,0.07132302147058,5.06233582779955,-71.299,-38.201
"Directions from Troyo, Lonquimay, Chile to Angol, Chile",,0.07160745072365,13.82512001484044,-71.299,-38.201
"Directions from Troyo, Lonquimay, Chile to Angol, Chile",,0.07240444507746,18.30213145537169,-71.299,-38.200
"Directions from Troyo, Lonquimay, Chile to Angol, Chile",,0.07381174746145,19.87655964912297,-71.298,-38.199
"Directions from Troyo, Lonquimay, Chile to Angol, Chile",,0.07437822782298,17.35533411715015,-71.298,-38.198
"Directions from Troyo, Lonquimay, Chile to Angol, Chile",,0.07441945887924,19.20635604434906,-71.298,-38.198
"Directions from Troyo, Lonquimay, Chile to Angol, Chile",,0.07512209676606,26.49346414201089,-71.298,-38.198
"Directions from Troyo, Lonquimay, Chile to Angol, Chile",,0.07524739640693,26.75761423794996,-71.298,-38.198
"Directions from Troyo, Lonquimay, Chile to Angol, Chile",,0.07586481036854,34.95238441410789,-71.297,-38.197
"Directions from Troyo, Lonquimay, Chile to Angol, Chile",,0.07587895250417,29.51812174653580,-71.297,-38.197
"Directions from Troyo, Lonquimay, Chile to Angol, Chile",,0.07592018356042,19.61868355840357,-71.297,-38.197
"Directions from Troyo, Lonquimay, Chile to Angol, Chile",,0.07610806650270,35.10056183222334,-71.297,-38.197
"Directions from Troyo, Lonquimay, Chile to Angol, Chile",,0.07612220863833,34.09929526688488,-71.297,-38.197
"Directions from Troyo, Lonquimay, Chile to Angol, Chile",,0.07635068183151,17.58736147832584,-71.297,-38.197
"Directions from Troyo, Lonquimay, Chile to Angol, Chile",,0.07668802438737,5.98806622161872,-71.297,-38.196
"Directions from Troyo, Lonquimay, Chile to Angol, Chile",,0.07680802438737,4.32627089607448,-71.297,-38.196
"Directions from Troyo, Lonquimay, Chile to Angol, Chile",,0.07727331999234,3.13329888052729,-71.297,-38.196
"Directions from Troyo, Lonquimay, Chile to Angol, Chile",,0.07751352823533,351.34131939555300,-71.297,-38.195
"Directions from Troyo, Lonquimay, Chile to Angol, Chile",,0.07782401172925,341.40977958242189,-71.297,-38.195
"Directions from Troyo, Lonquimay, Chile to Angol, Chile",,0.07806170901573,336.20240020032543,-71.297,-38.195
"Directions from Troyo, Lonquimay, Chile to Angol, Chile",,0.07848218493656,330.18347354009768,-71.297,-38.195
"Directions from Troyo, Lonquimay, Chile to Angol, Chile",,0.07901472601480,342.85656151109407,-71.298,-38.194
"Directions from Troyo, Lonquimay, Chile to Angol, Chile",,0.07902472601480,331.84503376455575,-71.298,-38.194
"Directions from Troyo, Lonquimay, Chile to Angol, Chile",,0.07906078152755,309.76019150766757,-71.298,-38.194
"Directions from Troyo, Lonquimay, Chile to Angol, Chile",,0.08003669135945,306.19768333979312,-71.298,-38.193
"Directions from Troyo, Lonquimay, Chile to Angol, Chile",,0.08005905203922,304.53774913445261,-71.298,-38.193
"Directions from Troyo, Lonquimay, Chile to Angol, Chile",,0.08022184024519,314.57351205884544,-71.298,-38.193
"Directions from Troyo, Lonquimay, Chile to Angol, Chile",,0.08046942861325,318.67358508972308,-71.299,-38.193
"Directions from Troyo, Lonquimay, Chile to Angol, Chile",,0.08061155531728,314.68520069599202,-71.299,-38.193
"Directions from Troyo, Lonquimay, Chile to Angol, Chile",,0.08093171152915,306.17493788876698,-71.299,-38.193
"Directions from Troyo, Lonquimay, Chile to Angol, Chile",,0.08107593358018,301.71747441036496,-71.299,-38.193
"Directions from Troyo, Lonquimay, Chile to Angol, Chile",,0.08123717873514,302.22001741472070,-71.299,-38.193
"Directions from Troyo, Lonquimay, Chile to Angol, Chile",,0.08139529261815,308.60280030524120,-71.299,-38.193
"Directions from Troyo, Lonquimay, Chile to Angol, Chile",,0.08155808082411,315.26161729099061,-71.299,-38.192
"Directions from Troyo, Lonquimay, Chile to Angol, Chile",,0.08169261706458,294.00639375152934,-71.300,-38.192
"Directions from Troyo, Lonquimay, Chile to Angol, Chile",,0.08170261706458,296.87308113268955,-71.300,-38.192
"Directions from Troyo, Lonquimay, Chile to Angol, Chile",,0.08188862781696,328.59055554007944,-71.300,-38.192
"Directions from Troyo, Lonquimay, Chile to Angol, Chile",,0.08195570985628,336.19871889698737,-71.300,-38.192
"Directions from Troyo, Lonquimay, Chile to Angol, Chile",,0.08209499373905,344.17141684990685,-71.300,-38.192
"Directions from Troyo, Lonquimay, Chile to Angol, Chile",,0.08225778194501,352.90200517310109,-71.300,-38.192
"Directions from Troyo, Lonquimay, Chile to Angol, Chile",,0.08273871853127,358.65253481122249,-71.300,-38.191
"Directions from Troyo, Lonquimay, Chile to Angol, Chile",,0.08338879544980,357.46727047132163,-71.300,-38.191
"Directions from Troyo, Lonquimay, Chile to Angol, Chile",,0.08387139259028,355.23840128483772,-71.300,-38.190
"Directions from Troyo, Lonquimay, Chile to Angol, Chile",,0.08419201698112,357.49578472014423,-71.300,-38.190
"Directions from Troyo, Lonquimay, Chile to Angol, Chile",,0.08499226694206,357.16575450800144,-71.300,-38.189
"Directions from Troyo, Lonquimay, Chile to Angol, Chile",,0.08526300666948,357.88180259980408,-71.300,-38.189
"Directions from Troyo, Lonquimay, Chile to Angol, Chile",,0.08549300666948,2.85529656975752,-71.300,-38.189
"Directions from Troyo, Lonquimay, Chile to Angol, Chile",,0.08559350542569,9.35260496480091,-71.300,-38.188
"Directions from Troyo, Lonquimay, Chile to Angol, Chile",,0.08572692206633,9.09452284957818,-71.300,-38.188
"Directions from Troyo, Lonquimay, Chile to Angol, Chile",,0.08583737567651,359.03470627883127,-71.300,-38.188
"Directions from Troyo, Lonquimay, Chile to Angol, Chile",,0.08591799825399,347.22001741588878,-71.300,-38.188
"Directions from Troyo, Lonquimay, Chile to Angol, Chile",,0.08598124380719,335.30064732196342,-71.300,-38.188
"Directions from Troyo, Lonquimay, Chile to Angol, Chile",,0.08603955332614,316.36315549492684,-71.300,-38.188
"Directions from Troyo, Lonquimay, Chile to Angol, Chile",,0.08611166435164,312.90754193744078,-71.300,-38.188
"Directions from Troyo, Lonquimay, Chile to Angol, Chile",,0.08622568189416,330.16180343041106,-71.300,-38.188
"Directions from Troyo, Lonquimay, Chile to Angol, Chile",,0.08633338519030,349.09929525752602,-71.300,-38.188
"Directions from Troyo, Lonquimay, Chile to Angol, Chile",,0.08636338519030,5.30982763723262,-71.300,-38.188
"Directions from Troyo, Lonquimay, Chile to Angol, Chile",,0.08652617339626,18.59235322984273,-71.300,-38.188
"Directions from Troyo, Lonquimay, Chile to Angol, Chile",,0.08657089475581,23.27407885266862,-71.300,-38.188
"Directions from Troyo, Lonquimay, Chile to Angol, Chile",,0.08668794175492,14.05660443876493,-71.300,-38.187
"Directions from Troyo, Lonquimay, Chile to Angol, Chile",,0.08675865243303,357.36880230169982,-71.300,-38.187
"Directions from Troyo, Lonquimay, Chile to Angol, Chile",,0.08697452276449,343.31219786234055,-71.300,-38.187
"Directions from Troyo, Lonquimay, Chile to Angol, Chile",,0.08709156976359,352.20779941594697,-71.300,-38.187
"Directions from Troyo, Lonquimay, Chile to Angol, Chile",,0.08735233785980,7.35177591261118,-71.300,-38.187
"Directions from Troyo, Lonquimay, Chile to Angol, Chile",,0.08746414125868,7.53424408221683,-71.300,-38.187
"Directions from Troyo, Lonquimay, Chile to Angol, Chile",,0.08758455720446,358.31676966790604,-71.300,-38.187
"Directions from Troyo, Lonquimay, Chile to Angol, Chile",,0.08772597856070,348.46924023280081,-71.300,-38.186
"Directions from Troyo, Lonquimay, Chile to Angol, Chile",,0.08788122030766,352.53429141110018,-71.300,-38.186
"Directions from Troyo, Lonquimay, Chile to Angol, Chile",,0.08790122030766,349.34104386268956,-71.300,-38.186
"Directions from Troyo, Lonquimay, Chile to Angol, Chile",,0.08834133392936,337.11906647206308,-71.300,-38.186
"Directions from Troyo, Lonquimay, Chile to Angol, Chile",,0.08858299484883,331.22235162886346,-71.300,-38.186
"Directions from Troyo, Lonquimay, Chile to Angol, Chile",,0.08885758545319,321.71840786868188,-71.300,-38.185
"Directions from Troyo, Lonquimay, Chile to Angol, Chile",,0.08911931049975,313.32453262318870,-71.301,-38.185
"Directions from Troyo, Lonquimay, Chile to Angol, Chile",,0.08936770534671,314.14036883324002,-71.301,-38.185
"Directions from Troyo, Lonquimay, Chile to Angol, Chile",,0.08962265632240,322.67564416398562,-71.301,-38.185
"Directions from Troyo, Lonquimay, Chile to Angol, Chile",,0.08999157365731,329.88194138570117,-71.301,-38.185
"Directions from Troyo, Lonquimay, Chile to Angol, Chile",,0.09029571178383,323.79621228095880,-71.301,-38.184
"Directions from Troyo, Lonquimay, Chile to Angol, Chile",,0.09042299100444,309.79835363581765,-71.301,-38.184
"Directions from Troyo, Lonquimay, Chile to Angol, Chile",,0.09410388763434,296.51582804117203,-71.304,-38.182
"Directions from Troyo, Lonquimay, Chile to Angol, Chile",,0.09413551041095,295.04784995398398,-71.305,-38.182
"Directions from Troyo, Lonquimay, Chile to Angol, Chile",,0.09484042175288,303.20833182519431,-71.305,-38.182
"Directions from Troyo, Lonquimay, Chile to Angol, Chile",,0.09543682765493,307.37139939933274,-71.306,-38.181
"Directions from Troyo, Lonquimay, Chile to Angol, Chile",,0.09584142622141,311.31679468934789,-71.306,-38.181
"Directions from Troyo, Lonquimay, Chile to Angol, Chile",,0.09635804987554,336.32335156657979,-71.306,-38.181
"Directions from Troyo, Lonquimay, Chile to Angol, Chile",,0.09636804987555,333.43494882129357,-71.306,-38.181
"Directions from Troyo, Lonquimay, Chile to Angol, Chile",,0.09641804987554,311.99549701995886,-71.306,-38.181
"Directions from Troyo, Lonquimay, Chile to Angol, Chile",,0.09660909960729,338.56054819866534,-71.306,-38.181
"Directions from Troyo, Lonquimay, Chile to Angol, Chile",,0.09662909960729,337.49999999999994,-71.306,-38.181
"Directions from Troyo, Lonquimay, Chile to Angol, Chile",,0.09664324174291,337.49999999999994,-71.306,-38.181
"Directions from Troyo, Lonquimay, Chile to Angol, Chile",,0.09667324174291,14.52730204992264,-71.306,-38.181
"Directions from Troyo, Lonquimay, Chile to Angol, Chile",,0.09698211064714,19.25846315200993,-71.306,-38.180
"Directions from Troyo, Lonquimay, Chile to Angol, Chile",,0.09710376589775,355.51368670080404,-71.306,-38.180
"Directions from Troyo, Lonquimay, Chile to Angol, Chile",,0.09713538867435,350.78252559871675,-71.306,-38.180
"Directions from Troyo, Lonquimay, Chile to Angol, Chile",,0.09714538867435,350.78252558650343,-71.306,-38.180
"Directions from Troyo, Lonquimay, Chile to Angol, Chile",,0.09717701145095,305.78252558650343,-71.306,-38.180
"Directions from Troyo, Lonquimay, Chile to Angol, Chile",,0.09718701145095,292.49999998982224,-71.306,-38.180
"Directions from Troyo, Lonquimay, Chile to Angol, Chile",,0.09720115358658,304.88757027523116,-71.306,-38.180
"Directions from Troyo, Lonquimay, Chile to Angol, Chile",,0.09734433179721,289.40569201697741,-71.306,-38.180
"Directions from Troyo, Lonquimay, Chile to Angol, Chile",,0.09738556285346,277.01812173156844,-71.307,-38.180
"Directions from Troyo, Lonquimay, Chile to Angol, Chile",,0.09742556285346,262.37244065003694,-71.307,-38.180
"Directions from Troyo, Lonquimay, Chile to Angol, Chile",,0.09753958039598,250.39119616127888,-71.307,-38.180
"Directions from Troyo, Lonquimay, Chile to Angol, Chile",,0.09763806897400,249.34174319369083,-71.307,-38.180
"Directions from Troyo, Lonquimay, Chile to Angol, Chile",,0.09780569952013,261.32298768244891,-71.307,-38.180
"Directions from Troyo, Lonquimay, Chile to Angol, Chile",,0.09783569952013,265.26883889488693,-71.307,-38.180
"Directions from Troyo, Lonquimay, Chile to Angol, Chile",,0.09789652714544,265.26883889488693,-71.307,-38.180
"Directions from Troyo, Lonquimay, Chile to Angol, Chile",,0.09795652714544,283.28252559668118,-71.307,-38.180
"Directions from Troyo, Lonquimay, Chile to Angol, Chile",,0.09797888782521,301.98520391247433,-71.307,-38.180
"Directions from Troyo, Lonquimay, Chile to Angol, Chile",,0.09819289717080,310.14213011712781,-71.307,-38.180
"Directions from Troyo, Lonquimay, Chile to Angol, Chile",,0.09838394690254,307.67504794616025,-71.307,-38.180
"Directions from Troyo, Lonquimay, Chile to Angol, Chile",,0.09851433095065,299.51812173336452,-71.307,-38.180
"Directions from Troyo, Lonquimay, Chile to Angol, Chile",,0.09864849502930,288.93749182581001,-71.308,-38.180
"Directions from Troyo, Lonquimay, Chile to Angol, Chile",,0.09880146561471,286.55567097974506,-71.308,-38.180
"Directions from Troyo, Lonquimay, Chile to Angol, Chile",,0.09885531726278,280.90070474247403,-71.308,-38.180
"Directions from Troyo, Lonquimay, Chile to Angol, Chile",,0.09886531726279,283.28252559668118,-71.308,-38.180
"Directions from Troyo, Lonquimay, Chile to Angol, Chile",,0.09888767794256,301.71747442014606,-71.308,-38.180
"Directions from Troyo, Lonquimay, Chile to Angol, Chile",,0.09903767794255,310.93494882244704,-71.308,-38.180
"Directions from Troyo, Lonquimay, Chile to Angol, Chile",,0.09917909929879,316.90703741630750,-71.308,-38.180
"Directions from Troyo, Lonquimay, Chile to Angol, Chile",,0.09949800367317,326.12451182471517,-71.308,-38.179
"Directions from Troyo, Lonquimay, Chile to Angol, Chile",,0.09952036435294,324.21747440738989,-71.308,-38.179
"Directions from Troyo, Lonquimay, Chile to Angol, Chile",,0.09966178570919,337.49999999999994,-71.308,-38.179
"Directions from Troyo, Lonquimay, Chile to Angol, Chile",,0.09967178570919,328.28252558039679,-71.308,-38.179
"Directions from Troyo, Lonquimay, Chile to Angol, Chile",,0.09969414638897,301.71747440494721,-71.308,-38.179
"Directions from Troyo, Lonquimay, Chile to Angol, Chile",,0.09974414638897,288.43494882455047,-71.308,-38.179
"Directions from Troyo, Lonquimay, Chile to Angol, Chile",,0.09976414638896,276.26440385433625,-71.308,-38.179
"Directions from Troyo, Lonquimay, Chile to Angol, Chile",,0.09985634183353,274.47623666636241,-71.309,-38.179
"Directions from Troyo, Lonquimay, Chile to Angol, Chile",,0.10001665402896,258.99435840260065,-71.309,-38.179
"Directions from Troyo, Lonquimay, Chile to Angol, Chile",,0.10004827680556,266.43749182719324,-71.309,-38.179
"Directions from Troyo, Lonquimay, Chile to Angol, Chile",,0.10015025719583,284.41775042301862,-71.309,-38.179
"Directions from Troyo, Lonquimay, Chile to Angol, Chile",,0.10034950578429,278.76278418639998,-71.309,-38.179
"Directions from Troyo, Lonquimay, Chile to Angol, Chile",,0.10035950578427,284.40539687101767,-71.309,-38.179
"Directions from Troyo, Lonquimay, Chile to Angol, Chile",,0.10058776002849,306.90539687610652,-71.309,-38.179
"Directions from Troyo, Lonquimay, Chile to Angol, Chile",,0.10061604429973,307.37244065402979,-71.309,-38.179
"Directions from Troyo, Lonquimay, Chile to Angol, Chile",,0.10077728945470,307.37244063876312,-71.309,-38.179
"Directions from Troyo, Lonquimay, Chile to Angol, Chile",,0.10079143159032,309.91224456827467,-71.309,-38.179
"Directions from Troyo, Lonquimay, Chile to Angol, Chile",,0.10107161010485,306.11492289462342,-71.310,-38.179
"Directions from Troyo, Lonquimay, Chile to Angol, Chile",,0.10149962879603,305.42933304291813,-71.310,-38.178
"Directions from Troyo, Lonquimay, Chile to Angol, Chile",,0.10217082176381,306.90892301359128,-71.311,-38.178
"Directions from Troyo, Lonquimay, Chile to Angol, Chile",,0.10243330985877,314.58930570389924,-71.311,-38.178
"Directions from Troyo, Lonquimay, Chile to Angol, Chile",,0.10264591277503,311.25207117534762,-71.311,-38.178
"Directions from Troyo, Lonquimay, Chile to Angol, Chile",,0.10268196828779,315.84234215813888,-71.311,-38.178
"Directions from Troyo, Lonquimay, Chile to Angol, Chile",,0.10277630809911,334.77983398567125,-71.311,-38.178
"Directions from Troyo, Lonquimay, Chile to Angol, Chile",,0.10287117642892,328.28252557564713,-71.311,-38.177
"Directions from Troyo, Lonquimay, Chile to Angol, Chile",,0.10288531856454,337.49999998982219,-71.311,-38.177
"Directions from Troyo, Lonquimay, Chile to Angol, Chile",,0.10309531856455,3.17009587394791,-71.311,-38.177
"Directions from Troyo, Lonquimay, Chile to Angol, Chile",,0.10318587241593,3.17009587394791,-71.311,-38.177
"Directions from Troyo, Lonquimay, Chile to Angol, Chile",,0.10343587241593,3.12095717407584,-71.311,-38.177
"Directions from Troyo, Lonquimay, Chile to Angol, Chile",,0.10407968916004,3.12095717407584,-71.311,-38.176
"Directions from Troyo, Lonquimay, Chile to Angol, Chile",,0.10427968916004,356.07334334915345,-71.311,-38.176
"Directions from Troyo, Lonquimay, Chile to Angol, Chile",,0.10457243478340,356.07334334915345,-71.311,-38.176
"Directions from Troyo, Lonquimay, Chile to Angol, Chile",,0.10463243478341,352.98187826364199,-71.311,-38.176
"Directions from Troyo, Lonquimay, Chile to Angol, Chile",,0.10467366583966,351.19371107558885,-71.311,-38.176
"Directions from Troyo, Lonquimay, Chile to Angol, Chile",,0.10499429023050,358.21183281194692,-71.311,-38.175
"Directions from Troyo, Lonquimay, Chile to Angol, Chile",,0.10528429023050,354.75426149367217,-71.311,-38.175
"Directions from Troyo, Lonquimay, Chile to Angol, Chile",,0.10555888083486,342.77301700680283,-71.311,-38.175
"Directions from Troyo, Lonquimay, Chile to Angol, Chile",,0.10565736941288,325.51875552330841,-71.311,-38.175
"Directions from Troyo, Lonquimay, Chile to Angol, Chile",,0.10567151154849,309.34503376847022,-71.311,-38.175
"Directions from Troyo, Lonquimay, Chile to Angol, Chile",,0.10570756706125,314.34902366065245,-71.311,-38.175
"Directions from Troyo, Lonquimay, Chile to Angol, Chile",,0.10582963261741,331.60328515497270,-71.311,-38.175
"Directions from Troyo, Lonquimay, Chile to Angol, Chile",,0.10588348426548,349.09929525261259,-71.311,-38.175
"Directions from Troyo, Lonquimay, Chile to Angol, Chile",,0.10590348426548,355.93494882129357,-71.311,-38.175
"Directions from Troyo, Lonquimay, Chile to Angol, Chile",,0.10597419494360,355.93494882129357,-71.311,-38.174
"Directions from Troyo, Lonquimay, Chile to Angol, Chile",,0.10606419494360,358.02740688630018,-71.311,-38.174
"Directions from Troyo, Lonquimay, Chile to Angol, Chile",,0.10635488378068,348.80993247178594,-71.311,-38.174
"Directions from Troyo, Lonquimay, Chile to Angol, Chile",,0.10641812933388,328.28252559566346,-71.311,-38.174
"Directions from Troyo, Lonquimay, Chile to Angol, Chile",,0.10643227146949,323.34962212633428,-71.311,-38.174
"Directions from Troyo, Lonquimay, Chile to Angol, Chile",,0.10657991970011,327.99627641552729,-71.311,-38.174
"Directions from Troyo, Lonquimay, Chile to Angol, Chile",,0.10697400091001,328.69853581668883,-71.312,-38.174
"Directions from Troyo, Lonquimay, Chile to Angol, Chile",,0.10774769335536,331.76296217706965,-71.312,-38.173
"Directions from Troyo, Lonquimay, Chile to Angol, Chile",,0.10817313430309,335.49106324478674,-71.312,-38.173
"Directions from Troyo, Lonquimay, Chile to Angol, Chile",,0.10835341186686,336.67192680637078,-71.312,-38.172
"Directions from Troyo, Lonquimay, Chile to Angol, Chile",,0.11032127873227,329.04436745555591,-71.313,-38.171
"Directions from Troyo, Lonquimay, Chile to Angol, Chile",,0.11047939261528,328.12512118429754,-71.313,-38.170
"Directions from Troyo, Lonquimay, Chile to Angol, Chile",,0.11058234891669,322.97269795516621,-71.313,-38.170
"Directions from Troyo, Lonquimay, Chile to Angol, Chile",,0.11061063318793,324.21747441756770,-71.313,-38.170
"Directions from Troyo, Lonquimay, Chile to Angol, Chile",,0.11070007590704,339.34569299387431,-71.313,-38.170
"Directions from Troyo, Lonquimay, Chile to Angol, Chile",,0.11089654473408,337.75577793355075,-71.313,-38.170
"Directions from Troyo, Lonquimay, Chile to Angol, Chile",,0.11097716731156,345.12755935215523,-71.313,-38.170
"Directions from Troyo, Lonquimay, Chile to Angol, Chile",,0.11098716731156,342.23116110373769,-71.313,-38.170
"Directions from Troyo, Lonquimay, Chile to Angol, Chile",,0.11107319056424,321.41439143601411,-71.313,-38.170
"Directions from Troyo, Lonquimay, Chile to Angol, Chile",,0.11119360651002,325.59267478922015,-71.314,-38.170
"Directions from Troyo, Lonquimay, Chile to Angol, Chile",,0.11160953919688,335.78419170228557,-71.314,-38.169
"Directions from Troyo, Lonquimay, Chile to Angol, Chile",,0.11180267127604,342.35662551167803,-71.314,-38.169
"Directions from Troyo, Lonquimay, Chile to Angol, Chile",,0.11196759550107,330.48187827142505,-71.314,-38.169
"Directions from Troyo, Lonquimay, Chile to Angol, Chile",,0.11199587977231,322.01812173845349,-71.314,-38.169
"Directions from Troyo, Lonquimay, Chile to Angol, Chile",,0.11211249881021,326.08317291207095,-71.314,-38.169
"Directions from Troyo, Lonquimay, Chile to Angol, Chile",,0.11216249881021,319.06505117778119,-71.314,-38.169
"Directions from Troyo, Lonquimay, Chile to Angol, Chile",,0.11231806230207,322.01812173543277,-71.314,-38.169
"Directions from Troyo, Lonquimay, Chile to Angol, Chile",,0.11237637182102,344.51812173635801,-71.314,-38.169
"Directions from Troyo, Lonquimay, Chile to Angol, Chile",,0.11239637182102,346.71747440738994,-71.314,-38.169
"Directions from Troyo, Lonquimay, Chile to Angol, Chile",,0.11241873250080,351.09055554007944,-71.314,-38.169
"Directions from Troyo, Lonquimay, Chile to Angol, Chile",,0.11255026196518,4.37308113268954,-71.314,-38.169
"Directions from Troyo, Lonquimay, Chile to Angol, Chile",,0.11270026196517,355.26883889488693,-71.314,-38.168
"Directions from Troyo, Lonquimay, Chile to Angol, Chile",,0.11276108959048,332.76883888979802,-71.314,-38.168
"Directions from Troyo, Lonquimay, Chile to Angol, Chile",,0.11278937386173,328.28252559159239,-71.314,-38.168
"Directions from Troyo, Lonquimay, Chile to Angol, Chile",,0.11282099663833,319.06505118522017,-71.314,-38.168
"Directions from Troyo, Lonquimay, Chile to Angol, Chile",,0.11284335731811,305.78252558345008,-71.314,-38.168
"Directions from Troyo, Lonquimay, Chile to Angol, Chile",,0.11287164158936,292.49999999491115,-71.314,-38.168
"Directions from Troyo, Lonquimay, Chile to Angol, Chile",,0.11289164158935,277.01812173396326,-71.314,-38.168
"Directions from Troyo, Lonquimay, Chile to Angol, Chile",,0.11297410370186,292.50000000059867,-71.314,-38.168
"Directions from Troyo, Lonquimay, Chile to Angol, Chile",,0.11309072273976,298.76440385401128,-71.314,-38.168
"Directions from Troyo, Lonquimay, Chile to Angol, Chile",,0.11324724749819,292.92754869678879,-71.314,-38.168
"Directions from Troyo, Lonquimay, Chile to Angol, Chile",,0.11345914369920,296.49005687396874,-71.315,-38.168
"Directions from Troyo, Lonquimay, Chile to Angol, Chile",,0.11353125472470,298.82627825331372,-71.315,-38.168
"Directions from Troyo, Lonquimay, Chile to Angol, Chile",,0.11362974330272,297.10946306967890,-71.315,-38.168
"Directions from Troyo, Lonquimay, Chile to Angol, Chile",,0.11376866774262,307.62821858092087,-71.315,-38.168
"Directions from Troyo, Lonquimay, Chile to Angol, Chile",,0.11388180482761,320.65496624327335,-71.315,-38.168
"Directions from Troyo, Lonquimay, Chile to Angol, Chile",,0.11391786034036,333.93749182774121,-71.315,-38.168
"Directions from Troyo, Lonquimay, Chile to Angol, Chile",,0.11394948311696,345.63010234845649,-71.315,-38.168
"Directions from Troyo, Lonquimay, Chile to Angol, Chile",,0.11406128651584,352.46575591960811,-71.315,-38.168
"Directions from Troyo, Lonquimay, Chile to Angol, Chile",,0.11430211840742,344.33565356300954,-71.315,-38.167
"Directions from Troyo, Lonquimay, Chile to Angol, Chile",,0.11434683976697,325.58062990581669,-71.315,-38.167
"Directions from Troyo, Lonquimay, Chile to Angol, Chile",,0.11449550045443,308.73559614501897,-71.315,-38.167
"Directions from Troyo, Lonquimay, Chile to Angol, Chile",,0.11457612303192,304.20234477388539,-71.315,-38.167
"Directions from Troyo, Lonquimay, Chile to Angol, Chile",,0.11470418551668,313.07468058875378,-71.315,-38.167
"Directions from Troyo, Lonquimay, Chile to Angol, Chile",,0.11486697372263,321.89974269533894,-71.315,-38.167
"Directions from Troyo, Lonquimay, Chile to Angol, Chile",,0.11490302923539,320.65496622370068,-71.316,-38.167
"Directions from Troyo, Lonquimay, Chile to Angol, Chile",,0.11491717137101,329.67887676191248,-71.316,-38.167
"Directions from Troyo, Lonquimay, Chile to Angol, Chile",,0.11517678647073,349.00878089814233,-71.316,-38.167
"Directions from Troyo, Lonquimay, Chile to Angol, Chile",,0.11526734032211,0.00000000000000,-71.316,-38.167
"Directions from Troyo, Lonquimay, Chile to Angol, Chile",,0.11535789417349,14.76939113147391,-71.316,-38.167
"Directions from Troyo, Lonquimay, Chile to Angol, Chile",,0.11551020963561,27.96690839343284,-71.316,-38.166
"Directions from Troyo, Lonquimay, Chile to Angol, Chile",,0.11567664280538,23.38573486907180,-71.315,-38.166
"Directions from Troyo, Lonquimay, Chile to Angol, Chile",,0.11580033597415,16.23559614462598,-71.315,-38.166
"Directions from Troyo, Lonquimay, Chile to Angol, Chile",,0.11595844985716,27.65242323275457,-71.315,-38.166
"Directions from Troyo, Lonquimay, Chile to Angol, Chile",,0.11600844985716,31.71747441390368,-71.315,-38.166
"Directions from Troyo, Lonquimay, Chile to Angol, Chile",,0.11607553189648,30.77853569025006,-71.315,-38.166
"Directions from Troyo, Lonquimay, Chile to Angol, Chile",,0.11619759745264,36.90170211625864,-71.315,-38.166
"Directions from Troyo, Lonquimay, Chile to Angol, Chile",,0.11678793633836,41.90569201801998,-71.315,-38.165
"Directions from Troyo, Lonquimay, Chile to Angol, Chile",,0.11702835264397,40.93494882286611,-71.315,-38.165
"Directions from Troyo, Lonquimay, Chile to Angol, Chile",,0.11717835264397,63.43494882346484,-71.315,-38.165
"Directions from Troyo, Lonquimay, Chile to Angol, Chile",,0.11718835264397,56.59929525506932,-71.315,-38.165
"Directions from Troyo, Lonquimay, Chile to Angol, Chile",,0.11734066810608,25.63553872482708,-71.315,-38.165
"Directions from Troyo, Lonquimay, Chile to Angol, Chile",,0.11751066810609,25.22631099480410,-71.314,-38.165
"Directions from Troyo, Lonquimay, Chile to Angol, Chile",,0.11787836363230,27.42566367071004,-71.314,-38.164
"Directions from Troyo, Lonquimay, Chile to Angol, Chile",,0.11813913172851,26.22714940631656,-71.314,-38.164
"Directions from Troyo, Lonquimay, Chile to Angol, Chile",,0.11825617872761,7.87335586195653,-71.314,-38.164
"Directions from Troyo, Lonquimay, Chile to Angol, Chile",,0.11852691845503,1.05189847525162,-71.314,-38.164
"Directions from Troyo, Lonquimay, Chile to Angol, Chile",,0.11861747230641,3.17009587394791,-71.314,-38.164
"Directions from Troyo, Lonquimay, Chile to Angol, Chile",,0.11867747230642,5.94432901970600,-71.314,-38.164
"Directions from Troyo, Lonquimay, Chile to Angol, Chile",,0.11887163718480,19.22685460824499,-71.314,-38.164
"Directions from Troyo, Lonquimay, Chile to Angol, Chile",,0.11898344058368,13.28252558853900,-71.314,-38.163
"Directions from Troyo, Lonquimay, Chile to Angol, Chile",,0.11899344058368,10.27802260825809,-71.314,-38.163
"Directions from Troyo, Lonquimay, Chile to Angol, Chile",,0.11916432065858,14.34307378655742,-71.314,-38.163
"Directions from Troyo, Lonquimay, Chile to Angol, Chile",,0.11923503133670,353.16434643933491,-71.314,-38.163
"Directions from Troyo, Lonquimay, Chile to Angol, Chile",,0.11928888298477,326.59929525085784,-71.314,-38.163
"Directions from Troyo, Lonquimay, Chile to Angol, Chile",,0.11930302512039,292.49999998982224,-71.314,-38.163
"Directions from Troyo, Lonquimay, Chile to Angol, Chile",,0.11931302512040,292.49999999491115,-71.314,-38.163
"Directions from Troyo, Lonquimay, Chile to Angol, Chile",,0.11934130939165,292.49999999491115,-71.314,-38.163
"Directions from Troyo, Lonquimay, Chile to Angol, Chile",,0.11938130939165,274.73116110621345,-71.314,-38.163
"Directions from Troyo, Lonquimay, Chile to Angol, Chile",,0.11944213701694,274.73116110621345,-71.314,-38.163
"Directions from Troyo, Lonquimay, Chile to Angol, Chile",,0.11950213701694,275.65496623466134,-71.314,-38.163
"Directions from Troyo, Lonquimay, Chile to Angol, Chile",,0.11955312721208,292.50000000391447,-71.314,-38.163
"Directions from Troyo, Lonquimay, Chile to Angol, Chile",,0.11958918272484,286.84503376925312,-71.314,-38.163
"Directions from Troyo, Lonquimay, Chile to Angol, Chile",,0.11959918272484,292.50000000000006,-71.314,-38.163
"Directions from Troyo, Lonquimay, Chile to Angol, Chile",,0.11964160913170,324.21747440738989,-71.314,-38.163
"Directions from Troyo, Lonquimay, Chile to Angol, Chile",,0.11966396981148,346.71747440738994,-71.314,-38.163
"Directions from Troyo, Lonquimay, Chile to Angol, Chile",,0.11973396981148,7.01812173635801,-71.314,-38.163
"Directions from Troyo, Lonquimay, Chile to Angol, Chile",,0.11977520086774,7.01812173635802,-71.314,-38.163
"Directions from Troyo, Lonquimay, Chile to Angol, Chile",,0.11978520086774,9.72001741283545,-71.314,-38.163
"Directions from Troyo, Lonquimay, Chile to Angol, Chile",,0.11996547843151,23.00254300341000,-71.314,-38.163
"Directions from Troyo, Lonquimay, Chile to Angol, Chile",,0.12001019979106,19.90278554803469,-71.314,-38.163
"Directions from Troyo, Lonquimay, Chile to Angol, Chile",,0.12018484228303,14.85026736344146,-71.314,-38.163
"Directions from Troyo, Lonquimay, Chile to Angol, Chile",,0.12064364507290,20.45198479625932,-71.314,-38.162
"Directions from Troyo, Lonquimay, Chile to Angol, Chile",,0.12088530599238,34.72197740045575,-71.314,-38.162
"Directions from Troyo, Lonquimay, Chile to Angol, Chile",,0.12089944812800,30.47269795756667,-71.314,-38.162
"Directions from Troyo, Lonquimay, Chile to Angol, Chile",,0.12097224922690,13.62766418361609,-71.314,-38.162
"Directions from Troyo, Lonquimay, Chile to Angol, Chile",,0.12112521981230,0.92380513342470,-71.314,-38.162
"Directions from Troyo, Lonquimay, Chile to Angol, Chile",,0.12142935793882,353.67892383676434,-71.314,-38.161
"Directions from Troyo, Lonquimay, Chile to Angol, Chile",,0.12178991306636,358.41008493956684,-71.314,-38.161
"Directions from Troyo, Lonquimay, Chile to Angol, Chile",,0.12201991306636,352.98187826723415,-71.314,-38.161
"Directions from Troyo, Lonquimay, Chile to Angol, Chile",,0.12214360623513,339.69935267869516,-71.314,-38.161
"Directions from Troyo, Lonquimay, Chile to Angol, Chile",,0.12225540963401,324.21747440976469,-71.314,-38.161
"Directions from Troyo, Lonquimay, Chile to Angol, Chile",,0.12234026244775,320.65496623740154,-71.314,-38.160
"Directions from Troyo, Lonquimay, Chile to Angol, Chile",,0.12244842898601,333.93749182458350,-71.314,-38.160
"Directions from Troyo, Lonquimay, Chile to Angol, Chile",,0.12251167453921,337.49999999287553,-71.314,-38.160
"Directions from Troyo, Lonquimay, Chile to Angol, Chile",,0.12253403521899,339.69935267222922,-71.314,-38.160
"Directions from Troyo, Lonquimay, Chile to Angol, Chile",,0.12257526627525,357.52701672677483,-71.314,-38.160
"Directions from Troyo, Lonquimay, Chile to Angol, Chile",,0.12282844605327,17.82766404436778,-71.314,-38.160
"Directions from Troyo, Lonquimay, Chile to Angol, Chile",,0.12287316741282,35.78252558534026,-71.314,-38.160
"Directions from Troyo, Lonquimay, Chile to Angol, Chile",,0.12297216236219,35.78252558534026,-71.314,-38.160
"Directions from Troyo, Lonquimay, Chile to Angol, Chile",,0.12301688372174,13.28252558243233,-71.314,-38.160
"Directions from Troyo, Lonquimay, Chile to Angol, Chile",,0.12302688372174,350.78252558650343,-71.314,-38.160
"Directions from Troyo, Lonquimay, Chile to Angol, Chile",,0.12305850649834,319.06505117504241,-71.314,-38.160
"Directions from Troyo, Lonquimay, Chile to Angol, Chile",,0.12308086717811,305.78252558853899,-71.314,-38.160
"Directions from Troyo, Lonquimay, Chile to Angol, Chile",,0.12309500931374,292.50000000000006,-71.314,-38.160
"Directions from Troyo, Lonquimay, Chile to Angol, Chile",,0.12328500931374,277.01812173635801,-71.314,-38.160
"Directions from Troyo, Lonquimay, Chile to Angol, Chile",,0.12332624037000,278.92515915320291,-71.314,-38.160
"Directions from Troyo, Lonquimay, Chile to Angol, Chile",,0.12377723926135,281.12451183237710,-71.315,-38.160
"Directions from Troyo, Lonquimay, Chile to Angol, Chile",,0.12380886203795,296.06250817695621,-71.315,-38.160
"Directions from Troyo, Lonquimay, Chile to Angol, Chile",,0.12395308408897,315.00000000469737,-71.315,-38.160
"Directions from Troyo, Lonquimay, Chile to Angol, Chile",,0.12398913960172,320.65496623818444,-71.315,-38.160
"Directions from Troyo, Lonquimay, Chile to Angol, Chile",,0.12401742387297,326.59929525594669,-71.315,-38.160
"Directions from Troyo, Lonquimay, Chile to Angol, Chile",,0.12407127552104,349.09929526103559,-71.315,-38.160
"Directions from Troyo, Lonquimay, Chile to Angol, Chile",,0.12409127552104,4.73116110387527,-71.315,-38.160
"Directions from Troyo, Lonquimay, Chile to Angol, Chile",,0.12433458602225,14.84359081846636,-71.315,-38.159
"Directions from Troyo, Lonquimay, Chile to Angol, Chile",,0.12453707058957,22.50000000000000,-71.315,-38.159
"Directions from Troyo, Lonquimay, Chile to Angol, Chile",,0.12468024880020,19.40569202176694,-71.315,-38.159
"Directions from Troyo, Lonquimay, Chile to Angol, Chile",,0.12472147985646,7.01812173635802,-71.315,-38.159
"Directions from Troyo, Lonquimay, Chile to Angol, Chile",,0.12476147985645,337.49999999999994,-71.315,-38.159
"Directions from Troyo, Lonquimay, Chile to Angol, Chile",,0.12481804839895,301.71747441146101,-71.315,-38.159
"Directions from Troyo, Lonquimay, Chile to Angol, Chile",,0.12484967117556,279.21747441146101,-71.315,-38.159
"Directions from Troyo, Lonquimay, Chile to Angol, Chile",,0.12493967117556,260.78252558824823,-71.315,-38.159
"Directions from Troyo, Lonquimay, Chile to Angol, Chile",,0.12516103061177,249.47259311350535,-71.315,-38.159
"Directions from Troyo, Lonquimay, Chile to Angol, Chile",,0.12529103061176,250.71736957594791,-71.315,-38.159
"Directions from Troyo, Lonquimay, Chile to Angol, Chile",,0.12536383171066,262.02730205069076,-71.315,-38.159
"Directions from Troyo, Lonquimay, Chile to Angol, Chile",,0.12538383171066,266.20267831597096,-71.315,-38.159
"Directions from Troyo, Lonquimay, Chile to Angol, Chile",,0.12553515917017,266.20267831597096,-71.316,-38.159
"Directions from Troyo, Lonquimay, Chile to Angol, Chile",,0.12568515917017,274.06505117870648,-71.316,-38.159
"Directions from Troyo, Lonquimay, Chile to Angol, Chile",,0.12575586984828,288.93749182780385,-71.316,-38.159
"Directions from Troyo, Lonquimay, Chile to Angol, Chile",,0.12583649242576,307.37244064400852,-71.316,-38.159
"Directions from Troyo, Lonquimay, Chile to Angol, Chile",,0.12586477669701,334.32990412096319,-71.316,-38.159
"Directions from Troyo, Lonquimay, Chile to Angol, Chile",,0.12595533054839,356.82990412605210,-71.316,-38.159
"Directions from Troyo, Lonquimay, Chile to Angol, Chile",,0.12606533054839,2.85529656955598,-71.316,-38.159
"Directions from Troyo, Lonquimay, Chile to Angol, Chile",,0.12616582930461,8.51026280891480,-71.316,-38.159
"Directions from Troyo, Lonquimay, Chile to Angol, Chile",,0.12621681949974,1.58991506105950,-71.316,-38.159
"Directions from Troyo, Lonquimay, Chile to Angol, Chile",,0.12628753017786,346.71747440820417,-71.316,-38.159
"Directions from Troyo, Lonquimay, Chile to Angol, Chile",,0.12635077573107,335.30064732106541,-71.316,-38.158
"Directions from Troyo, Lonquimay, Chile to Angol, Chile",,0.12640908525001,325.18821760850989,-71.316,-38.158
"Directions from Troyo, Lonquimay, Chile to Angol, Chile",,0.12653714773476,315.57288141941308,-71.316,-38.158
"Directions from Troyo, Lonquimay, Chile to Angol, Chile",,0.12661525023152,306.74781931002087,-71.316,-38.158
"Directions from Troyo, Lonquimay, Chile to Angol, Chile",,0.12668736125702,300.12755935173766,-71.316,-38.158
"Directions from Troyo, Lonquimay, Chile to Angol, Chile",,0.12682152533568,290.30064732114522,-71.316,-38.158
"Directions from Troyo, Lonquimay, Chile to Angol, Chile",,0.12690398744819,280.58062990966681,-71.316,-38.158
"Directions from Troyo, Lonquimay, Chile to Angol, Chile",,0.12698461002567,273.56250817570356,-71.316,-38.158
"Directions from Troyo, Lonquimay, Chile to Angol, Chile",,0.12717461002567,264.34503376338131,-71.317,-38.158
"Directions from Troyo, Lonquimay, Chile to Angol, Chile",,0.12727659041595,256.71747441122614,-71.317,-38.158
"Directions from Troyo, Lonquimay, Chile to Angol, Chile",,0.12750462550097,262.37244064784477,-71.317,-38.158
"Directions from Troyo, Lonquimay, Chile to Angol, Chile",,0.12753462550096,258.25071716213722,-71.317,-38.158
"Directions from Troyo, Lonquimay, Chile to Angol, Chile",,0.12803622294913,244.27523264829793,-71.317,-38.158
"Directions from Troyo, Lonquimay, Chile to Angol, Chile",,0.12859093007906,246.03296222491363,-71.318,-38.159
"Directions from Troyo, Lonquimay, Chile to Angol, Chile",,0.12870797707816,245.48114468883023,-71.318,-38.159
"Directions from Troyo, Lonquimay, Chile to Angol, Chile",,0.12881093337957,246.25522353861635,-71.318,-38.159
"Directions from Troyo, Lonquimay, Chile to Angol, Chile",,0.12884255615618,241.63744399182693,-71.318,-38.159
"Directions from Troyo, Lonquimay, Chile to Angol, Chile",,0.12908463052491,236.70454052131188,-71.318,-38.159
"Directions from Troyo, Lonquimay, Chile to Angol, Chile",,0.12923227875552,251.11846101511145,-71.318,-38.159
"Directions from Troyo, Lonquimay, Chile to Angol, Chile",,0.12929310638082,257.64127954540203,-71.318,-38.159
"Directions from Troyo, Lonquimay, Chile to Angol, Chile",,0.12940712392333,262.37244064831452,-71.319,-38.159
"Directions from Troyo, Lonquimay, Chile to Angol, Chile",,0.12942712392333,280.90070474247403,-71.319,-38.159
"Directions from Troyo, Lonquimay, Chile to Angol, Chile",,0.12948097557140,303.40070473738507,-71.319,-38.159
"Directions from Troyo, Lonquimay, Chile to Angol, Chile",,0.12950925984265,320.65496623818444,-71.319,-38.159
"Directions from Troyo, Lonquimay, Chile to Angol, Chile",,0.12954531535540,329.87244065446299,-71.319,-38.159
"Directions from Troyo, Lonquimay, Chile to Angol, Chile",,0.12988072555203,327.87035417800303,-71.319,-38.159
"Directions from Troyo, Lonquimay, Chile to Angol, Chile",,0.13015875432752,318.65287976477788,-71.319,-38.158
"Directions from Troyo, Lonquimay, Chile to Angol, Chile",,0.13022946500563,318.17009587191239,-71.319,-38.158
"Directions from Troyo, Lonquimay, Chile to Angol, Chile",,0.13029349624801,327.38757028133773,-71.319,-38.158
"Directions from Troyo, Lonquimay, Chile to Angol, Chile",,0.13033821760756,337.50000000610663,-71.319,-38.158
"Directions from Troyo, Lonquimay, Chile to Angol, Chile",,0.13036984038416,350.78252559871675,-71.319,-38.158
"Directions from Troyo, Lonquimay, Chile to Angol, Chile",,0.13042984038416,4.06505117259977,-71.319,-38.158
"Directions from Troyo, Lonquimay, Chile to Angol, Chile",,0.13050055106228,16.04629565946915,-71.319,-38.158
"Directions from Troyo, Lonquimay, Chile to Angol, Chile",,0.13059903964029,28.07911145506583,-71.319,-38.158
"Directions from Troyo, Lonquimay, Chile to Angol, Chile",,0.13091810076297,29.38039255402136,-71.319,-38.158
"Directions from Troyo, Lonquimay, Chile to Angol, Chile",,0.13098518280230,22.50000000033926,-71.319,-38.158
"Directions from Troyo, Lonquimay, Chile to Angol, Chile",,0.13104842835550,13.94863551357579,-71.319,-38.158
"Directions from Troyo, Lonquimay, Chile to Angol, Chile",,0.13110925598080,0.80450444821487,-71.319,-38.158
"Directions from Troyo, Lonquimay, Chile to Angol, Chile",,0.13140200160417,357.98038076688402,-71.319,-38.157
"Directions from Troyo, Lonquimay, Chile to Angol, Chile",,0.13170266753174,358.34452924202708,-71.319,-38.157
"Directions from Troyo, Lonquimay, Chile to Angol, Chile",,0.13178329010922,356.43749182429650,-71.319,-38.157
"Directions from Troyo, Lonquimay, Chile to Angol, Chile",,0.13184329010922,7.01812173635801,-71.319,-38.157
"Directions from Troyo, Lonquimay, Chile to Angol, Chile",,0.13188452116548,20.30064732353996,-71.319,-38.157
"Directions from Troyo, Lonquimay, Chile to Angol, Chile",,0.13195160320480,22.50000000169628,-71.319,-38.157
"Directions from Troyo, Lonquimay, Chile to Angol, Chile",,0.13201484875800,20.81676966958364,-71.319,-38.157
"Directions from Troyo, Lonquimay, Chile to Angol, Chile",,0.13216716422012,18.61741699082861,-71.319,-38.157
"Directions from Troyo, Lonquimay, Chile to Angol, Chile",,0.13224962633264,8.92515915353497,-71.319,-38.157
"Directions from Troyo, Lonquimay, Chile to Angol, Chile",,0.13239995929642,352.68956300427908,-71.319,-38.156
"Directions from Troyo, Lonquimay, Chile to Angol, Chile",,0.13243158207302,348.58317290828728,-71.319,-38.156
"Directions from Troyo, Lonquimay, Chile to Angol, Chile",,0.13256196612113,352.14568108555665,-71.319,-38.156
"Directions from Troyo, Lonquimay, Chile to Angol, Chile",,0.13271493670653,344.51812173456193,-71.319,-38.156
"Directions from Troyo, Lonquimay, Chile to Angol, Chile",,0.13286359739401,332.40424907452683,-71.319,-38.156
"Directions from Troyo, Lonquimay, Chile to Angol, Chile",,0.13294962064668,316.87586453418169,-71.319,-38.156
"Directions from Troyo, Lonquimay, Chile to Angol, Chile",,0.13309174735072,316.72587695346999,-71.319,-38.156
"Directions from Troyo, Lonquimay, Chile to Angol, Chile",,0.13331378338383,321.89890523668413,-71.319,-38.156
"Directions from Troyo, Lonquimay, Chile to Angol, Chile",,0.13357627147880,321.38278289024754,-71.319,-38.155
"Directions from Troyo, Lonquimay, Chile to Angol, Chile",,0.13382627147880,321.51459740374725,-71.319,-38.155
"Directions from Troyo, Lonquimay, Chile to Angol, Chile",,0.13407466632576,316.46207922142668,-71.320,-38.155
"Directions from Troyo, Lonquimay, Chile to Angol, Chile",,0.13427984917105,315.07308119293418,-71.320,-38.155
"Directions from Troyo, Lonquimay, Chile to Angol, Chile",,0.13447089890280,319.53702693241820,-71.320,-38.155
"Directions from Troyo, Lonquimay, Chile to Angol, Chile",,0.13476296054012,329.37718347868361,-71.320,-38.154
"Directions from Troyo, Lonquimay, Chile to Angol, Chile",,0.13483911827118,342.74573850635477,-71.320,-38.154
"Directions from Troyo, Lonquimay, Chile to Angol, Chile",,0.13489010846632,354.34503376142408,-71.320,-38.154
"Directions from Troyo, Lonquimay, Chile to Angol, Chile",,0.13495010846632,7.62755935340786,-71.320,-38.154
"Directions from Troyo, Lonquimay, Chile to Angol, Chile",,0.13506412600883,7.62755935340786,-71.320,-38.154
"Directions from Troyo, Lonquimay, Chile to Angol, Chile",,0.13508412600883,346.71747440738994,-71.320,-38.154
"Directions from Troyo, Lonquimay, Chile to Angol, Chile",,0.13510648668861,346.71747440738994,-71.320,-38.154
"Directions from Troyo, Lonquimay, Chile to Angol, Chile",,0.13512648668861,350.78252558650343,-71.320,-38.154
"Directions from Troyo, Lonquimay, Chile to Angol, Chile",,0.13515810946521,350.78252558650343,-71.320,-38.154
"Directions from Troyo, Lonquimay, Chile to Angol, Chile",,0.13517810946521,337.49999999999994,-71.320,-38.154
"Directions from Troyo, Lonquimay, Chile to Angol, Chile",,0.13522053587208,303.40070474247398,-71.320,-38.154
"Directions from Troyo, Lonquimay, Chile to Angol, Chile",,0.13527438752015,279.97689960983644,-71.320,-38.154
"Directions from Troyo, Lonquimay, Chile to Angol, Chile",,0.13558454876853,278.29366927271673,-71.321,-38.154
"Directions from Troyo, Lonquimay, Chile to Angol, Chile",,0.13561617154514,284.22146430655317,-71.321,-38.154
"Directions from Troyo, Lonquimay, Chile to Angol, Chile",,0.13578879831016,290.48586816783427,-71.321,-38.154
"Directions from Troyo, Lonquimay, Chile to Angol, Chile",,0.13584710782911,285.48187826663548,-71.321,-38.154
"Directions from Troyo, Lonquimay, Chile to Angol, Chile",,0.13586710782910,292.49999999854600,-71.321,-38.154
"Directions from Troyo, Lonquimay, Chile to Angol, Chile",,0.13596610277847,320.65496623555612,-71.321,-38.154
"Directions from Troyo, Lonquimay, Chile to Angol, Chile",,0.13611032482949,328.89340693424026,-71.321,-38.154
"Directions from Troyo, Lonquimay, Chile to Angol, Chile",,0.13663387043400,323.23844069044497,-71.321,-38.153
"Directions from Troyo, Lonquimay, Chile to Angol, Chile",,0.13667629684087,311.82990412174922,-71.321,-38.153
"Directions from Troyo, Lonquimay, Chile to Angol, Chile",,0.13674032808325,298.54737853795990,-71.321,-38.153
"Directions from Troyo, Lonquimay, Chile to Angol, Chile",,0.13677195085985,279.21747440942545,-71.321,-38.153
"Directions from Troyo, Lonquimay, Chile to Angol, Chile",,0.13683195085985,277.01812173635801,-71.321,-38.153
"Directions from Troyo, Lonquimay, Chile to Angol, Chile",,0.13687318191611,277.01812173635801,-71.321,-38.153
"Directions from Troyo, Lonquimay, Chile to Angol, Chile",,0.13696318191611,262.98187826364199,-71.321,-38.153
"Directions from Troyo, Lonquimay, Chile to Angol, Chile",,0.13700441297236,253.12788884222101,-71.322,-38.153
"Directions from Troyo, Lonquimay, Chile to Angol, Chile",,0.13771610110631,251.34979829762025,-71.322,-38.153
"Directions from Troyo, Lonquimay, Chile to Angol, Chile",,0.13814621736966,261.20378771904126,-71.323,-38.154
"Directions from Troyo, Lonquimay, Chile to Angol, Chile",,0.13815621736965,262.74991661648551,-71.323,-38.154
"Directions from Troyo, Lonquimay, Chile to Angol, Chile",,0.13875530000168,259.32852991081222,-71.323,-38.154
"Directions from Troyo, Lonquimay, Chile to Angol, Chile",,0.13900709356793,270.64366447018335,-71.323,-38.154
"Directions from Troyo, Lonquimay, Chile to Angol, Chile",,0.13907780424604,286.28702856578604,-71.324,-38.154
"Directions from Troyo, Lonquimay, Chile to Angol, Chile",,0.13919863470578,306.08513288632992,-71.324,-38.154
"Directions from Troyo, Lonquimay, Chile to Angol, Chile",,0.13934729539326,325.58062992007484,-71.324,-38.154
"Directions from Troyo, Lonquimay, Chile to Angol, Chile",,0.13936965607303,328.28252559586701,-71.324,-38.154
"Directions from Troyo, Lonquimay, Chile to Angol, Chile",,0.13941965607303,329.17748088996126,-71.324,-38.154
"Directions from Troyo, Lonquimay, Chile to Angol, Chile",,0.13956283428367,347.61242971776858,-71.324,-38.153
"Directions from Troyo, Lonquimay, Chile to Angol, Chile",,0.13957283428366,337.49999999936387,-71.324,-38.153
"Directions from Troyo, Lonquimay, Chile to Angol, Chile",,0.13979910845365,305.78252558790291,-71.324,-38.153
"Directions from Troyo, Lonquimay, Chile to Angol, Chile",,0.14011215797050,299.28521719166588,-71.324,-38.153
"Directions from Troyo, Lonquimay, Chile to Angol, Chile",,0.14020649778182,305.33259573166134,-71.324,-38.153
"Directions from Troyo, Lonquimay, Chile to Angol, Chile",,0.14027052902420,311.82990412853445,-71.324,-38.153
"Directions from Troyo, Lonquimay, Chile to Angol, Chile",,0.14045437678730,311.82990412820345,-71.325,-38.153
"Directions from Troyo, Lonquimay, Chile to Angol, Chile",,0.14064647051442,307.01113507139991,-71.325,-38.153
"Directions from Troyo, Lonquimay, Chile to Angol, Chile",,0.14140673362678,304.08099657988248,-71.325,-38.152
"Directions from Troyo, Lonquimay, Chile to Angol, Chile",,0.14194208397934,301.27220628489619,-71.326,-38.152
"Directions from Troyo, Lonquimay, Chile to Angol, Chile",,0.14242581944424,301.71747441146101,-71.326,-38.152
"Directions from Troyo, Lonquimay, Chile to Angol, Chile",,0.14264215252077,309.34503376155459,-71.326,-38.152
"Directions from Troyo, Lonquimay, Chile to Angol, Chile",,0.14272700533451,305.78252558684267,-71.326,-38.152
"Directions from Troyo, Lonquimay, Chile to Angol, Chile",,0.14277172669406,305.78252559193152,-71.326,-38.152
"Directions from Troyo, Lonquimay, Chile to Angol, Chile",,0.14281415310093,304.48124449026199,-71.326,-38.152
"Directions from Troyo, Lonquimay, Chile to Angol, Chile",,0.14291264167895,297.46312275200813,-71.327,-38.152
"Directions from Troyo, Lonquimay, Chile to Angol, Chile",,0.14302926071685,298.76440385367772,-71.327,-38.151
"Directions from Troyo, Lonquimay, Chile to Angol, Chile",,0.14314106411573,304.96423706806269,-71.327,-38.151
"Directions from Troyo, Lonquimay, Chile to Angol, Chile",,0.14338865248379,309.45055037560257,-71.327,-38.151
"Directions from Troyo, Lonquimay, Chile to Angol, Chile",,0.14364672224180,302.29614094600151,-71.327,-38.151
"Directions from Troyo, Lonquimay, Chile to Angol, Chile",,0.14374967854321,302.54098874115408,-71.327,-38.151
"Directions from Troyo, Lonquimay, Chile to Angol, Chile",,0.14388569324830,288.01368669123144,-71.327,-38.151
"Directions from Troyo, Lonquimay, Chile to Angol, Chile",,0.14389569324829,286.84503376325085,-71.327,-38.151
"Directions from Troyo, Lonquimay, Chile to Angol, Chile",,0.14411202632482,309.34503376070643,-71.328,-38.151
"Directions from Troyo, Lonquimay, Chile to Angol, Chile",,0.14422516340982,320.91074416820209,-71.328,-38.151
"Directions from Troyo, Lonquimay, Chile to Angol, Chile",,0.14453580790116,320.91074417074657,-71.328,-38.151
"Directions from Troyo, Lonquimay, Chile to Angol, Chile",,0.14463480285052,307.37244064878422,-71.328,-38.150
"Directions from Troyo, Lonquimay, Chile to Angol, Chile",,0.14471542542801,302.64127954449640,-71.328,-38.150
"Directions from Troyo, Lonquimay, Chile to Angol, Chile",,0.14480144868067,298.66954363994091,-71.328,-38.150
"Directions from Troyo, Lonquimay, Chile to Angol, Chile",,0.14490915197682,293.63237727537154,-71.328,-38.150
"Directions from Troyo, Lonquimay, Chile to Angol, Chile",,0.14537434011079,297.41054930193434,-71.329,-38.150
"Directions from Troyo, Lonquimay, Chile to Angol, Chile",,0.14555791570831,307.17887676061383,-71.329,-38.150
"Directions from Troyo, Lonquimay, Chile to Angol, Chile",,0.14557205784393,306.86989763567163,-71.329,-38.150
"Directions from Troyo, Lonquimay, Chile to Angol, Chile",,0.14663271801571,301.51333613497070,-71.330,-38.150
"Directions from Troyo, Lonquimay, Chile to Angol, Chile",,0.14689898855482,305.79541262849267,-71.330,-38.149
"Directions from Troyo, Lonquimay, Chile to Angol, Chile",,0.14716299613047,303.64279382375088,-71.330,-38.149
"Directions from Troyo, Lonquimay, Chile to Angol, Chile",,0.14746316275086,297.59138150596368,-71.330,-38.149
"Directions from Troyo, Lonquimay, Chile to Angol, Chile",,0.14765104569315,305.10056184193974,-71.330,-38.149
"Directions from Troyo, Lonquimay, Chile to Angol, Chile",,0.14766518782877,307.73277247974534,-71.330,-38.149
"Directions from Troyo, Lonquimay, Chile to Angol, Chile",,0.14805964948724,307.73277245938976,-71.331,-38.149
"Directions from Troyo, Lonquimay, Chile to Angol, Chile",,0.14807379162287,307.16023793881072,-71.331,-38.149
"Directions from Troyo, Lonquimay, Chile to Angol, Chile",,0.14891104905042,296.40952077704560,-71.332,-38.148
"Directions from Troyo, Lonquimay, Chile to Angol, Chile",,0.14916184777450,288.76740457124026,-71.332,-38.148
"Directions from Troyo, Lonquimay, Chile to Angol, Chile",,0.14936800305579,279.61533618787382,-71.332,-38.148
"Directions from Troyo, Lonquimay, Chile to Angol, Chile",,0.14947845666595,278.25218069148718,-71.332,-38.148
"Directions from Troyo, Lonquimay, Chile to Angol, Chile",,0.14978439783678,287.25426149519751,-71.332,-38.148
"Directions from Troyo, Lonquimay, Chile to Angol, Chile",,0.14986055556783,289.57199320942436,-71.332,-38.148
"Directions from Troyo, Lonquimay, Chile to Angol, Chile",,0.14993335666672,293.10091653176642,-71.333,-38.148
"Directions from Troyo, Lonquimay, Chile to Angol, Chile",,0.15007228110662,307.62821858092087,-71.333,-38.148
"Directions from Troyo, Lonquimay, Chile to Angol, Chile",,0.15012884964911,322.97269795007736,-71.333,-38.148
"Directions from Troyo, Lonquimay, Chile to Angol, Chile",,0.15023180595052,333.25072055945088,-71.333,-38.148
"Directions from Troyo, Lonquimay, Chile to Angol, Chile",,0.15035263641026,328.84053078507702,-71.333,-38.148
"Directions from Troyo, Lonquimay, Chile to Angol, Chile",,0.15046665395277,317.50195997703827,-71.333,-38.148
"Directions from Troyo, Lonquimay, Chile to Angol, Chile",,0.15065770368451,310.76935592866931,-71.333,-38.148
"Directions from Troyo, Lonquimay, Chile to Angol, Chile",,0.15142607859300,302.61242971587359,-71.334,-38.147
"Directions from Troyo, Lonquimay, Chile to Angol, Chile",,0.15144843927278,300.89132207235332,-71.334,-38.147
"Directions from Troyo, Lonquimay, Chile to Angol, Chile",,0.15165652579324,310.10879648381427,-71.334,-38.147
"Directions from Troyo, Lonquimay, Chile to Angol, Chile",,0.15167066792887,309.11585553343082,-71.334,-38.147
"Directions from Troyo, Lonquimay, Chile to Angol, Chile",,0.15201736664534,305.94575966345474,-71.334,-38.147
"Directions from Troyo, Lonquimay, Chile to Angol, Chile",,0.15208139788771,302.61242971856291,-71.334,-38.147
"Directions from Troyo, Lonquimay, Chile to Angol, Chile",,0.15210375856749,302.92722901898304,-71.334,-38.147
"Directions from Troyo, Lonquimay, Chile to Angol, Chile",,0.15224588527153,311.30236127152227,-71.334,-38.147
"Directions from Troyo, Lonquimay, Chile to Angol, Chile",,0.15272692581036,316.75487229523168,-71.335,-38.146
"Directions from Troyo, Lonquimay, Chile to Angol, Chile",,0.15327364328767,318.65776265209377,-71.335,-38.146
"Directions from Troyo, Lonquimay, Chile to Angol, Chile",,0.15346469301941,293.56054819794036,-71.335,-38.146
"Directions from Troyo, Lonquimay, Chile to Angol, Chile",,0.15347469301942,292.50000000000006,-71.335,-38.146
"Directions from Troyo, Lonquimay, Chile to Angol, Chile",,0.15367268291815,312.08682898512149,-71.335,-38.146
"Directions from Troyo, Lonquimay, Chile to Angol, Chile",,0.15402096441350,315.25692485906933,-71.336,-38.145
"Directions from Troyo, Lonquimay, Chile to Angol, Chile",,0.15408499565587,312.51512963850359,-71.336,-38.145
"Directions from Troyo, Lonquimay, Chile to Angol, Chile",,0.15412105116862,311.94224821742199,-71.336,-38.145
"Directions from Troyo, Lonquimay, Chile to Angol, Chile",,0.15419915366538,325.22477380502153,-71.336,-38.145
"Directions from Troyo, Lonquimay, Chile to Angol, Chile",,0.15427977624286,332.52699753010967,-71.336,-38.145
"Directions from Troyo, Lonquimay, Chile to Angol, Chile",,0.15446765918515,324.89943817286553,-71.336,-38.145
"Directions from Troyo, Lonquimay, Chile to Angol, Chile",,0.15449594345640,323.55136447946478,-71.336,-38.145
"Directions from Troyo, Lonquimay, Chile to Angol, Chile",,0.15488065113763,346.05136448455369,-71.336,-38.145
"Directions from Troyo, Lonquimay, Chile to Angol, Chile",,0.15489065113763,346.71747441180025,-71.336,-38.145
"Directions from Troyo, Lonquimay, Chile to Angol, Chile",,0.15515897929492,337.49999999830368,-71.336,-38.144
"Directions from Troyo, Lonquimay, Chile to Angol, Chile",,0.15519060207153,350.78252558650343,-71.336,-38.144
"Directions from Troyo, Lonquimay, Chile to Angol, Chile",,0.15520060207153,7.01812173635801,-71.336,-38.144
"Directions from Troyo, Lonquimay, Chile to Angol, Chile",,0.15524183312779,20.30064732896812,-71.336,-38.144
"Directions from Troyo, Lonquimay, Chile to Angol, Chile",,0.15526419380756,13.28252559261011,-71.336,-38.144
"Directions from Troyo, Lonquimay, Chile to Angol, Chile",,0.15527419380756,15.71478280650440,-71.336,-38.144
"Directions from Troyo, Lonquimay, Chile to Angol, Chile",,0.15548514403865,15.71478280650439,-71.336,-38.144
"Directions from Troyo, Lonquimay, Chile to Angol, Chile",,0.15550514403866,7.01812173635801,-71.336,-38.144
"Directions from Troyo, Lonquimay, Chile to Angol, Chile",,0.15554637509492,355.41882648128876,-71.336,-38.144
"Directions from Troyo, Lonquimay, Chile to Angol, Chile",,0.15562253282597,348.40070474493064,-71.336,-38.144
"Directions from Troyo, Lonquimay, Chile to Angol, Chile",,0.15564253282597,343.15496623701011,-71.336,-38.144
"Directions from Troyo, Lonquimay, Chile to Angol, Chile",,0.15571464385148,320.65496623555612,-71.336,-38.144
"Directions from Troyo, Lonquimay, Chile to Angol, Chile",,0.15581363880085,310.26883889618364,-71.336,-38.144
"Directions from Troyo, Lonquimay, Chile to Angol, Chile",,0.15589966205352,297.76039215769612,-71.336,-38.144
"Directions from Troyo, Lonquimay, Chile to Angol, Chile",,0.15601670905263,296.83658702148256,-71.336,-38.144
"Directions from Troyo, Lonquimay, Chile to Angol, Chile",,0.15608882007814,309.34503376142413,-71.336,-38.144
"Directions from Troyo, Lonquimay, Chile to Angol, Chile",,0.15614538862064,320.65496623909780,-71.336,-38.144
"Directions from Troyo, Lonquimay, Chile to Angol, Chile",,0.15625355515889,333.93749182560128,-71.336,-38.144
"Directions from Troyo, Lonquimay, Chile to Angol, Chile",,0.15628517793550,346.71747440820417,-71.336,-38.143
"Directions from Troyo, Lonquimay, Chile to Angol, Chile",,0.15635588861362,347.96225087431185,-71.336,-38.143
"Directions from Troyo, Lonquimay, Chile to Angol, Chile",,0.15642868971251,332.12451650547740,-71.336,-38.143
"Directions from Troyo, Lonquimay, Chile to Angol, Chile",,0.15650679220927,325.22477380502153,-71.337,-38.143
"Directions from Troyo, Lonquimay, Chile to Angol, Chile",,0.15658741478675,322.62755935113739,-71.337,-38.143
"Directions from Troyo, Lonquimay, Chile to Angol, Chile",,0.15672883614299,321.49730839516923,-71.337,-38.143
"Directions from Troyo, Lonquimay, Chile to Angol, Chile",,0.15682317595431,332.39801314111764,-71.337,-38.143
"Directions from Troyo, Lonquimay, Chile to Angol, Chile",,0.15689933368537,333.52826409708592,-71.337,-38.143
"Directions from Troyo, Lonquimay, Chile to Angol, Chile",,0.15697995626285,337.15486140054156,-71.337,-38.143
"Directions from Troyo, Lonquimay, Chile to Angol, Chile",,0.15727116065843,337.15486140054156,-71.337,-38.143
"Directions from Troyo, Lonquimay, Chile to Angol, Chile",,0.15735178323591,335.91008493865871,-71.337,-38.143
"Directions from Troyo, Lonquimay, Chile to Angol, Chile",,0.15738340601251,331.45262145846544,-71.337,-38.143
"Directions from Troyo, Lonquimay, Chile to Angol, Chile",,0.15744743725488,318.17009587341596,-71.337,-38.142
"Directions from Troyo, Lonquimay, Chile to Angol, Chile",,0.15754643220425,320.65496623533244,-71.337,-38.142
"Directions from Troyo, Lonquimay, Chile to Angol, Chile",,0.15758248771701,320.65496623387844,-71.337,-38.142
"Directions from Troyo, Lonquimay, Chile to Angol, Chile",,0.15765319839513,320.65496623909780,-71.337,-38.142
"Directions from Troyo, Lonquimay, Chile to Angol, Chile",,0.15776136493339,332.25426149592192,-71.337,-38.142
"Directions from Troyo, Lonquimay, Chile to Angol, Chile",,0.15786906822952,342.83489140033254,-71.337,-38.142
"Directions from Troyo, Lonquimay, Chile to Angol, Chile",,0.15796126367410,353.73559614350842,-71.337,-38.142
"Directions from Troyo, Lonquimay, Chile to Angol, Chile",,0.15804126367410,7.01812173635801,-71.337,-38.142
"Directions from Troyo, Lonquimay, Chile to Angol, Chile",,0.15812372578661,29.51812171600246,-71.337,-38.142
"Directions from Troyo, Lonquimay, Chile to Angol, Chile",,0.15813786792223,36.44863549533831,-71.337,-38.142
"Directions from Troyo, Lonquimay, Chile to Angol, Chile",,0.15833022176285,31.44464561606612,-71.337,-38.142
"Directions from Troyo, Lonquimay, Chile to Angol, Chile",,0.15845228731901,22.22717120603550,-71.337,-38.142
"Directions from Troyo, Lonquimay, Chile to Angol, Chile",,0.15851311494431,13.94863551576723,-71.337,-38.142
"Directions from Troyo, Lonquimay, Chile to Angol, Chile",,0.15860798327412,15.48187826659553,-71.337,-38.141
"Directions from Troyo, Lonquimay, Chile to Angol, Chile",,0.15870017871869,19.54692944095945,-71.337,-38.141
"Directions from Troyo, Lonquimay, Chile to Angol, Chile",,0.15874490007823,19.77983397951127,-71.337,-38.141
"Directions from Troyo, Lonquimay, Chile to Angol, Chile",,0.15887831671887,18.09660365256941,-71.337,-38.141
"Directions from Troyo, Lonquimay, Chile to Angol, Chile",,0.15903063218099,29.79147116588249,-71.337,-38.141
"Directions from Troyo, Lonquimay, Chile to Angol, Chile",,0.15926664065542,39.91809705862976,-71.337,-38.141
"Directions from Troyo, Lonquimay, Chile to Angol, Chile",,0.15952836570199,47.39601702422120,-71.337,-38.141
"Directions from Troyo, Lonquimay, Chile to Angol, Chile",,0.15959239694436,54.86634475003720,-71.336,-38.141
"Directions from Troyo, Lonquimay, Chile to Angol, Chile",,0.15974504031959,61.80867859197122,-71.336,-38.141
"Directions from Troyo, Lonquimay, Chile to Angol, Chile",,0.15988821853022,68.39495530034982,-71.336,-38.140
"Directions from Troyo, Lonquimay, Chile to Angol, Chile",,0.15991984130681,49.06505117707800,-71.336,-38.140
"Directions from Troyo, Lonquimay, Chile to Angol, Chile",,0.15994220198659,31.05136448887238,-71.336,-38.140
"Directions from Troyo, Lonquimay, Chile to Angol, Chile",,0.16002822523926,22.70174236772975,-71.336,-38.140
"Directions from Troyo, Lonquimay, Chile to Angol, Chile",,0.16026167758986,12.90560142423331,-71.336,-38.140
"Directions from Troyo, Lonquimay, Chile to Angol, Chile",,0.16033447868875,13.12512118519470,-71.336,-38.140
"Directions from Troyo, Lonquimay, Chile to Angol, Chile",,0.16044628208762,27.65242323242888,-71.336,-38.140
"Directions from Troyo, Lonquimay, Chile to Angol, Chile",,0.16046042422325,27.23116110566327,-71.336,-38.140
"Directions from Troyo, Lonquimay, Chile to Angol, Chile",,0.16052125184855,4.73116110566325,-71.336,-38.140
"Directions from Troyo, Lonquimay, Chile to Angol, Chile",,0.16074125184855,355.26883889488693,-71.336,-38.140
"Directions from Troyo, Lonquimay, Chile to Angol, Chile",,0.16080207947386,346.91921677882385,-71.336,-38.140
"Directions from Troyo, Lonquimay, Chile to Angol, Chile",,0.16090648253894,333.88153898767462,-71.336,-38.140
"Directions from Troyo, Lonquimay, Chile to Angol, Chile",,0.16099250579162,319.73116110373775,-71.336,-38.139
"Directions from Troyo, Lonquimay, Chile to Angol, Chile",,0.16100664792725,320.00398990140371,-71.336,-38.139
"Directions from Troyo, Lonquimay, Chile to Angol, Chile",,0.16112871348340,323.06174168403305,-71.336,-38.139
"Directions from Troyo, Lonquimay, Chile to Angol, Chile",,0.16152695963844,324.32215563828277,-71.336,-38.139
"Directions from Troyo, Lonquimay, Chile to Angol, Chile",,0.16165734368654,324.82691202853846,-71.337,-38.139
"Directions from Troyo, Lonquimay, Chile to Angol, Chile",,0.16177136122905,318.56250817627767,-71.337,-38.139
"Directions from Troyo, Lonquimay, Chile to Angol, Chile",,0.16181378763592,319.62305637621711,-71.337,-38.139
"Directions from Troyo, Lonquimay, Chile to Angol, Chile",,0.16212184607194,313.96809013738022,-71.337,-38.139
"Directions from Troyo, Lonquimay, Chile to Angol, Chile",,0.16215790158469,309.34503376455569,-71.337,-38.139
"Directions from Troyo, Lonquimay, Chile to Angol, Chile",,0.16222861226281,319.73116110236236,-71.337,-38.138
"Directions from Troyo, Lonquimay, Chile to Angol, Chile",,0.16231463551547,328.94863551382332,-71.337,-38.138
"Directions from Troyo, Lonquimay, Chile to Angol, Chile",,0.16233699619526,339.69935267510294,-71.337,-38.138
"Directions from Troyo, Lonquimay, Chile to Angol, Chile",,0.16237822725151,357.71303936930519,-71.337,-38.138
"Directions from Troyo, Lonquimay, Chile to Angol, Chile",,0.16243905487681,15.00918371350309,-71.337,-38.138
"Directions from Troyo, Lonquimay, Chile to Angol, Chile",,0.16252449491427,10.27802260783983,-71.337,-38.138
"Directions from Troyo, Lonquimay, Chile to Angol, Chile",,0.16253449491426,5.65496623857592,-71.337,-38.138
"Directions from Troyo, Lonquimay, Chile to Angol, Chile",,0.16258548510940,0.92380513291265,-71.337,-38.138
"Directions from Troyo, Lonquimay, Chile to Angol, Chile",,0.16264631273470,347.44771566642697,-71.337,-38.138
"Directions from Troyo, Lonquimay, Chile to Angol, Chile",,0.16290592783442,352.17887677209023,-71.337,-38.138
"Directions from Troyo, Lonquimay, Chile to Angol, Chile",,0.16291592783442,354.34503376064117,-71.337,-38.138
"Directions from Troyo, Lonquimay, Chile to Angol, Chile",,0.16296691802955,354.34503376064117,-71.337,-38.138
"Directions from Troyo, Lonquimay, Chile to Angol, Chile",,0.16299691802955,13.28252559261011,-71.337,-38.138
"Directions from Troyo, Lonquimay, Chile to Angol, Chile",,0.16301927870933,13.28252559261011,-71.337,-38.138
"Directions from Troyo, Lonquimay, Chile to Angol, Chile",,0.16302927870933,22.50000001017778,-71.337,-38.138
"Directions from Troyo, Lonquimay, Chile to Angol, Chile",,0.16304342084496,54.21747441349656,-71.337,-38.138
"Directions from Troyo, Lonquimay, Chile to Angol, Chile",,0.16306578152473,54.21747440840768,-71.337,-38.138
"Directions from Troyo, Lonquimay, Chile to Angol, Chile",,0.16309406579598,50.65496624366482,-71.337,-38.138
"Directions from Troyo, Lonquimay, Chile to Angol, Chile",,0.16316617682149,50.65496623518334,-71.337,-38.138
"Directions from Troyo, Lonquimay, Chile to Angol, Chile",,0.16320860322836,35.78252558107529,-71.337,-38.138
"Directions from Troyo, Lonquimay, Chile to Angol, Chile",,0.16325332458790,22.49999999796445,-71.337,-38.138
"Directions from Troyo, Lonquimay, Chile to Angol, Chile",,0.16328494736451,9.21747441349656,-71.337,-38.138
"Directions from Troyo, Lonquimay, Chile to Angol, Chile",,0.16329494736451,7.01812173635801,-71.337,-38.138
"Directions from Troyo, Lonquimay, Chile to Angol, Chile",,0.16333617842076,7.01812173635802,-71.337,-38.138
"Directions from Troyo, Lonquimay, Chile to Angol, Chile",,0.16341617842077,344.51812173246651,-71.337,-38.137
"Directions from Troyo, Lonquimay, Chile to Angol, Chile",,0.16353279745866,322.01812173450202,-71.337,-38.137
"Directions from Troyo, Lonquimay, Chile to Angol, Chile",,0.16367421881489,309.34503376032802,-71.337,-38.137
"Directions from Troyo, Lonquimay, Chile to Angol, Chile",,0.16371027432766,306.96321291299955,-71.337,-38.137
"Directions from Troyo, Lonquimay, Chile to Angol, Chile",,0.16388056819131,313.28428908186197,-71.337,-38.137
"Directions from Troyo, Lonquimay, Chile to Angol, Chile",,0.16418470631782,320.28916629997940,-71.337,-38.137
"Directions from Troyo, Lonquimay, Chile to Angol, Chile",,0.16449276475384,327.25061572497975,-71.338,-38.137
"Directions from Troyo, Lonquimay, Chile to Angol, Chile",,0.16465400990881,333.14631486528583,-71.338,-38.136
"Directions from Troyo, Lonquimay, Chile to Angol, Chile",,0.16475249848682,332.01606390817398,-71.338,-38.136
"Directions from Troyo, Lonquimay, Chile to Angol, Chile",,0.16484683829814,332.39801313506064,-71.338,-38.136
"Directions from Troyo, Lonquimay, Chile to Angol, Chile",,0.16492299602921,332.30283777290066,-71.338,-38.136
"Directions from Troyo, Lonquimay, Chile to Angol, Chile",,0.16524205715188,317.02905190107629,-71.338,-38.136
"Directions from Troyo, Lonquimay, Chile to Angol, Chile",,0.16542806790426,301.40944446487413,-71.338,-38.136
"Directions from Troyo, Lonquimay, Chile to Angol, Chile",,0.16545042858403,303.66432819688799,-71.338,-38.136
"Directions from Troyo, Lonquimay, Chile to Angol, Chile",,0.16583331237841,290.38180260020675,-71.338,-38.136
"Directions from Troyo, Lonquimay, Chile to Angol, Chile",,0.16584331237840,315.00000000000000,-71.338,-38.136
"Directions from Troyo, Lonquimay, Chile to Angol, Chile",,0.16585331237840,335.59296258231439,-71.338,-38.136
"Directions from Troyo, Lonquimay, Chile to Angol, Chile",,0.16606591529466,314.71281273052438,-71.339,-38.135
"Directions from Troyo, Lonquimay, Chile to Angol, Chile",,0.16644128178224,319.78994602116495,-71.339,-38.135
"Directions from Troyo, Lonquimay, Chile to Angol, Chile",,0.16688950047886,319.03794816749382,-71.339,-38.135
"Directions from Troyo, Lonquimay, Chile to Angol, Chile",,0.16758985753065,329.15037788104235,-71.340,-38.134
"Directions from Troyo, Lonquimay, Chile to Angol, Chile",,0.16762148030726,336.83389007080956,-71.340,-38.134
"Directions from Troyo, Lonquimay, Chile to Angol, Chile",,0.16781383414787,329.20633072131625,-71.340,-38.134
"Directions from Troyo, Lonquimay, Chile to Angol, Chile",,0.16788594517338,339.08991505871080,-71.340,-38.134
"Directions from Troyo, Lonquimay, Chile to Angol, Chile",,0.16802736652962,355.93494882170069,-71.340,-38.134
"Directions from Troyo, Lonquimay, Chile to Angol, Chile",,0.16820736652962,2.85529656955598,-71.340,-38.134
"Directions from Troyo, Lonquimay, Chile to Angol, Chile",,0.16830786528584,8.51026280891480,-71.340,-38.134
"Directions from Troyo, Lonquimay, Chile to Angol, Chile",,0.16835885548097,5.65496623935882,-71.340,-38.134
"Directions from Troyo, Lonquimay, Chile to Angol, Chile",,0.16838885548097,9.82691202921087,-71.340,-38.134
"Directions from Troyo, Lonquimay, Chile to Angol, Chile",,0.16853751616844,27.08117352201919,-71.340,-38.133
"Directions from Troyo, Lonquimay, Chile to Angol, Chile",,0.16873168104683,30.53678708541843,-71.340,-38.133
"Directions from Troyo, Lonquimay, Chile to Angol, Chile",,0.16877640240638,37.98187827082631,-71.339,-38.133
"Directions from Troyo, Lonquimay, Chile to Angol, Chile",,0.16896079329553,56.87884976556062,-71.339,-38.133
"Directions from Troyo, Lonquimay, Chile to Angol, Chile",,0.16923810178800,59.41065819108216,-71.339,-38.133
"Directions from Troyo, Lonquimay, Chile to Angol, Chile",,0.16941014829334,49.73116110373774,-71.339,-38.133
"Directions from Troyo, Lonquimay, Chile to Angol, Chile",,0.16945257470021,40.93494882780734,-71.339,-38.133
"Directions from Troyo, Lonquimay, Chile to Angol, Chile",,0.16950257470021,27.65242322909058,-71.339,-38.133
"Directions from Troyo, Lonquimay, Chile to Angol, Chile",,0.16953419747681,9.21747440128323,-71.339,-38.133
"Directions from Troyo, Lonquimay, Chile to Angol, Chile",,0.16955419747681,13.28252559261011,-71.339,-38.133
"Directions from Troyo, Lonquimay, Chile to Angol, Chile",,0.16957655815659,13.28252559261011,-71.339,-38.133
"Directions from Troyo, Lonquimay, Chile to Angol, Chile",,0.16997655815659,354.84757676789678,-71.339,-38.132
"Directions from Troyo, Lonquimay, Chile to Angol, Chile",,0.17008836155547,338.00254300386308,-71.339,-38.132
"Directions from Troyo, Lonquimay, Chile to Angol, Chile",,0.17019652809373,320.65496623596624,-71.339,-38.132
"Directions from Troyo, Lonquimay, Chile to Angol, Chile",,0.17023895450060,324.21747440738989,-71.339,-38.132
"Directions from Troyo, Lonquimay, Chile to Angol, Chile",,0.17026131518037,318.56250816881396,-71.339,-38.132
"Directions from Troyo, Lonquimay, Chile to Angol, Chile",,0.17033342620589,300.12755935098085,-71.339,-38.132
"Directions from Troyo, Lonquimay, Chile to Angol, Chile",,0.17051231164408,298.76440385469550,-71.339,-38.132
"Directions from Troyo, Lonquimay, Chile to Angol, Chile",,0.17062893068198,304.81178239243201,-71.339,-38.132
"Directions from Troyo, Lonquimay, Chile to Angol, Chile",,0.17075699316674,314.02925680479103,-71.339,-38.132
"Directions from Troyo, Lonquimay, Chile to Angol, Chile",,0.17094138405587,323.24673121555696,-71.340,-38.132
"Directions from Troyo, Lonquimay, Chile to Angol, Chile",,0.17114386862319,325.11242971676563,-71.340,-38.132
"Directions from Troyo, Lonquimay, Chile to Angol, Chile",,0.17124386862319,326.08317290907752,-71.340,-38.131
"Directions from Troyo, Lonquimay, Chile to Angol, Chile",,0.17130217814214,322.01812173545994,-71.340,-38.131
"Directions from Troyo, Lonquimay, Chile to Angol, Chile",,0.17133046241338,324.21747441247879,-71.340,-38.131
"Directions from Troyo, Lonquimay, Chile to Angol, Chile",,0.17137518377293,346.71747440738994,-71.340,-38.131
"Directions from Troyo, Lonquimay, Chile to Angol, Chile",,0.17143518377294,10.90070474738740,-71.340,-38.131
"Directions from Troyo, Lonquimay, Chile to Angol, Chile",,0.17148903542101,25.12216905918656,-71.340,-38.131
"Directions from Troyo, Lonquimay, Chile to Angol, Chile",,0.17176198230229,21.23958604815714,-71.340,-38.131
"Directions from Troyo, Lonquimay, Chile to Angol, Chile",,0.17184444441480,7.01812173635802,-71.340,-38.131
"Directions from Troyo, Lonquimay, Chile to Angol, Chile",,0.17187444441480,354.55723647243832,-71.340,-38.131
"Directions from Troyo, Lonquimay, Chile to Angol, Chile",,0.17213920846070,350.84153248571704,-71.340,-38.131
"Directions from Troyo, Lonquimay, Chile to Angol, Chile",,0.17237115673080,356.28429601327866,-71.340,-38.130
"Directions from Troyo, Lonquimay, Chile to Angol, Chile",,0.17240115673080,354.34503376847022,-71.340,-38.130
"Directions from Troyo, Lonquimay, Chile to Angol, Chile",,0.17245214692593,341.06250817721713,-71.340,-38.130
"Directions from Troyo, Lonquimay, Chile to Angol, Chile",,0.17251922896526,330.91372328597191,-71.340,-38.130
"Directions from Troyo, Lonquimay, Chile to Angol, Chile",,0.17267187234048,323.12745148972249,-71.340,-38.130
"Directions from Troyo, Lonquimay, Chile to Angol, Chile",,0.17295506838565,316.43120261249754,-71.340,-38.130
"Directions from Troyo, Lonquimay, Chile to Angol, Chile",,0.17320962682688,310.93494882455047,-71.340,-38.130
"Directions from Troyo, Lonquimay, Chile to Angol, Chile",,0.17325962682688,301.71747441308946,-71.340,-38.130
"Directions from Troyo, Lonquimay, Chile to Angol, Chile",,0.17330434818643,292.50000000407113,-71.340,-38.130
"Directions from Troyo, Lonquimay, Chile to Angol, Chile",,0.17333597096303,279.21747441553214,-71.340,-38.130
"Directions from Troyo, Lonquimay, Chile to Angol, Chile",,0.17334597096303,283.28252558853899,-71.340,-38.130
"Directions from Troyo, Lonquimay, Chile to Angol, Chile",,0.17339069232258,289.07861329353040,-71.340,-38.130
"Directions from Troyo, Lonquimay, Chile to Angol, Chile",,0.17378881290732,283.61721093344482,-71.341,-38.130
"Directions from Troyo, Lonquimay, Chile to Angol, Chile",,0.17404842800704,287.03859764008399,-71.341,-38.129
"Directions from Troyo, Lonquimay, Chile to Angol, Chile",,0.17442790132627,294.08991506072806,-71.341,-38.129
"Directions from Troyo, Lonquimay, Chile to Angol, Chile",,0.17450852390374,297.54552861988657,-71.341,-38.129
"Directions from Troyo, Lonquimay, Chile to Angol, Chile",,0.17471876186416,302.57587351692172,-71.342,-38.129
"Directions from Troyo, Lonquimay, Chile to Angol, Chile",,0.17487496685767,316.46783672076793,-71.342,-38.129
"Directions from Troyo, Lonquimay, Chile to Angol, Chile",,0.17492496685769,319.06505117463530,-71.342,-38.129
"Directions from Troyo, Lonquimay, Chile to Angol, Chile",,0.17496739326455,321.26440385475541,-71.342,-38.129
"Directions from Troyo, Lonquimay, Chile to Angol, Chile",,0.17522816136076,336.74628212318686,-71.342,-38.129
"Directions from Troyo, Lonquimay, Chile to Angol, Chile",,0.17531062347327,336.13684450231000,-71.342,-38.129
"Directions from Troyo, Lonquimay, Chile to Angol, Chile",,0.17534667898603,335.06036310532591,-71.342,-38.129
"Directions from Troyo, Lonquimay, Chile to Angol, Chile",,0.17566947923386,341.22008573684263,-71.342,-38.128
"Directions from Troyo, Lonquimay, Chile to Angol, Chile",,0.17591646101457,340.09721445418859,-71.342,-38.128
"Directions from Troyo, Lonquimay, Chile to Angol, Chile",,0.17616944322738,350.78252558879348,-71.342,-38.128
"Directions from Troyo, Lonquimay, Chile to Angol, Chile",,0.17617944322737,351.44863551591396,-71.342,-38.128
"Directions from Troyo, Lonquimay, Chile to Angol, Chile",,0.17645147263755,344.43051378195065,-71.342,-38.128
"Directions from Troyo, Lonquimay, Chile to Angol, Chile",,0.17682255214386,348.60879713334720,-71.342,-38.127
"Directions from Troyo, Lonquimay, Chile to Angol, Chile",,0.17695408160824,348.60879713414545,-71.342,-38.127
"Directions from Troyo, Lonquimay, Chile to Angol, Chile",,0.17707777477700,352.98187826683505,-71.342,-38.127
"Directions from Troyo, Lonquimay, Chile to Angol, Chile",,0.17708777477700,351.32298768165202,-71.342,-38.127
"Directions from Troyo, Lonquimay, Chile to Angol, Chile",,0.17725540532315,351.32298768165202,-71.342,-38.127
"Directions from Troyo, Lonquimay, Chile to Angol, Chile",,0.17731540532315,354.34503376142408,-71.342,-38.127
"Directions from Troyo, Lonquimay, Chile to Angol, Chile",,0.17736639551828,354.34503376142408,-71.343,-38.127
"Directions from Troyo, Lonquimay, Chile to Angol, Chile",,0.17744639551828,11.59929525506931,-71.343,-38.127
"Directions from Troyo, Lonquimay, Chile to Angol, Chile",,0.17752255324934,27.08117352469822,-71.342,-38.127
"Directions from Troyo, Lonquimay, Chile to Angol, Chile",,0.17758086276829,34.41937009392537,-71.342,-38.127
"Directions from Troyo, Lonquimay, Chile to Angol, Chile",,0.17769488031080,41.43749182429645,-71.342,-38.127
"Directions from Troyo, Lonquimay, Chile to Angol, Chile",,0.17780801739579,40.93494882536467,-71.342,-38.126
"Directions from Troyo, Lonquimay, Chile to Angol, Chile",,0.17785801739580,31.71747440983257,-71.342,-38.126
"Directions from Troyo, Lonquimay, Chile to Angol, Chile",,0.17790273875534,17.34757676276721,-71.342,-38.126
"Directions from Troyo, Lonquimay, Chile to Angol, Chile",,0.17797344943346,360.00000000000000,-71.342,-38.126
"Directions from Troyo, Lonquimay, Chile to Angol, Chile",,0.17804416011158,355.93494882170069,-71.342,-38.126
"Directions from Troyo, Lonquimay, Chile to Angol, Chile",,0.17807416011158,353.37974004280676,-71.342,-38.126
"Directions from Troyo, Lonquimay, Chile to Angol, Chile",,0.17824880260355,342.37409844366493,-71.342,-38.126
"Directions from Troyo, Lonquimay, Chile to Angol, Chile",,0.17875575427777,336.60678811674006,-71.342,-38.126
"Directions from Troyo, Lonquimay, Chile to Angol, Chile",,0.17904211069903,331.60973811092526,-71.343,-38.125
"Directions from Troyo, Lonquimay, Chile to Angol, Chile",,0.17913645051035,324.66740426899128,-71.343,-38.125
"Directions from Troyo, Lonquimay, Chile to Angol, Chile",,0.17932854423748,311.15197413908663,-71.343,-38.125
"Directions from Troyo, Lonquimay, Chile to Angol, Chile",,0.17944516327537,293.61198061922960,-71.343,-38.125
"Directions from Troyo, Lonquimay, Chile to Angol, Chile",,0.17969516327538,278.13010235409087,-71.343,-38.125
"Directions from Troyo, Lonquimay, Chile to Angol, Chile",,0.17979516327537,266.43749182586225,-71.343,-38.125
"Directions from Troyo, Lonquimay, Chile to Angol, Chile",,0.17995640843034,251.56505117676485,-71.343,-38.125
"Directions from Troyo, Lonquimay, Chile to Angol, Chile",,0.18003703100782,232.62755934750999,-71.343,-38.125
"Directions from Troyo, Lonquimay, Chile to Angol, Chile",,0.18007945741469,221.15197413612484,-71.343,-38.125
"Directions from Troyo, Lonquimay, Chile to Angol, Chile",,0.18034346499035,223.05901155738312,-71.344,-38.125
"Directions from Troyo, Lonquimay, Chile to Angol, Chile",,0.18044976644847,234.87973536794308,-71.344,-38.125
"Directions from Troyo, Lonquimay, Chile to Angol, Chile",,0.18055272274988,243.87340269360419,-71.344,-38.125
"Directions from Troyo, Lonquimay, Chile to Angol, Chile",,0.18062888048094,251.02892332465865,-71.344,-38.125
"Directions from Troyo, Lonquimay, Chile to Angol, Chile",,0.18082534930798,257.47579534691164,-71.344,-38.125
"Directions from Troyo, Lonquimay, Chile to Angol, Chile",,0.18104895610573,264.84757676577982,-71.344,-38.125
"Directions from Troyo, Lonquimay, Chile to Angol, Chile",,0.18107895610574,266.28429601414888,-71.344,-38.125
"Directions from Troyo, Lonquimay, Chile to Angol, Chile",,0.18131090437583,257.06682160472343,-71.345,-38.125
"Directions from Troyo, Lonquimay, Chile to Angol, Chile",,0.18134252715243,257.22001741596705,-71.345,-38.125
"Directions from Troyo, Lonquimay, Chile to Angol, Chile",,0.18198750777230,253.15496623685351,-71.345,-38.126
"Directions from Troyo, Lonquimay, Chile to Angol, Chile",,0.18200986845206,251.06250817484235,-71.345,-38.126
"Directions from Troyo, Lonquimay, Chile to Angol, Chile",,0.18221382923261,253.91780474290692,-71.345,-38.126
"Directions from Troyo, Lonquimay, Chile to Angol, Chile",,0.18243855128315,246.29024539098657,-71.346,-38.126
"Directions from Troyo, Lonquimay, Chile to Angol, Chile",,0.18248327264270,240.71478280753365,-71.346,-38.126
"Directions from Troyo, Lonquimay, Chile to Angol, Chile",,0.18286063188799,222.27983398868273,-71.346,-38.126
"Directions from Troyo, Lonquimay, Chile to Angol, Chile",,0.18288299256776,225.00000000407107,-71.346,-38.126
"Directions from Troyo, Lonquimay, Chile to Angol, Chile",,0.18297243528686,239.87244064690529,-71.346,-38.126
"Directions from Troyo, Lonquimay, Chile to Angol, Chile",,0.18300849079961,247.49999999686841,-71.346,-38.126
"Directions from Troyo, Lonquimay, Chile to Angol, Chile",,0.18305948099475,264.34503376142413,-71.346,-38.126
"Directions from Troyo, Lonquimay, Chile to Angol, Chile",,0.18313948099474,277.01812173635801,-71.346,-38.126
"Directions from Troyo, Lonquimay, Chile to Angol, Chile",,0.18318071205100,294.78696062931931,-71.346,-38.126
"Directions from Troyo, Lonquimay, Chile to Angol, Chile",,0.18326673530367,315.92380512892760,-71.346,-38.126
"Directions from Troyo, Lonquimay, Chile to Angol, Chile",,0.18337490184194,329.87244065068415,-71.346,-38.126
"Directions from Troyo, Lonquimay, Chile to Angol, Chile",,0.18348670524081,329.62441317145101,-71.346,-38.126
"Directions from Troyo, Lonquimay, Chile to Angol, Chile",,0.18412740798000,323.00415321126792,-71.347,-38.125
"Directions from Troyo, Lonquimay, Chile to Angol, Chile",,0.18420551047676,310.57909271817675,-71.347,-38.125
"Directions from Troyo, Lonquimay, Chile to Angol, Chile",,0.18426381999571,285.48187826364199,-71.347,-38.125
"Directions from Troyo, Lonquimay, Chile to Angol, Chile",,0.18427381999571,280.90070474247403,-71.347,-38.125
"Directions from Troyo, Lonquimay, Chile to Angol, Chile",,0.18432767164378,285.63186584758711,-71.347,-38.125
"Directions from Troyo, Lonquimay, Chile to Angol, Chile",,0.18438849926909,277.11298195047624,-71.347,-38.125
"Directions from Troyo, Lonquimay, Chile to Angol, Chile",,0.18462933116066,270.18246816792526,-71.347,-38.125
"Directions from Troyo, Lonquimay, Chile to Angol, Chile",,0.18489009925686,263.84706597095959,-71.348,-38.125
"Directions from Troyo, Lonquimay, Chile to Angol, Chile",,0.18525355489377,259.02829691443429,-71.348,-38.125
"Directions from Troyo, Lonquimay, Chile to Angol, Chile",,0.18545971017506,253.76440385457579,-71.348,-38.125
"Directions from Troyo, Lonquimay, Chile to Angol, Chile",,0.18587080627088,247.50000000271407,-71.348,-38.125
"Directions from Troyo, Lonquimay, Chile to Angol, Chile",,0.18593788831020,247.50000000118740,-71.349,-38.125
"Directions from Troyo, Lonquimay, Chile to Angol, Chile",,0.18606437941661,248.02559037341649,-71.349,-38.125
"Directions from Troyo, Lonquimay, Chile to Angol, Chile",,0.18655192428633,240.87545165049727,-71.349,-38.126
"Directions from Troyo, Lonquimay, Chile to Angol, Chile",,0.18671835745611,234.69489503838747,-71.349,-38.126
"Directions from Troyo, Lonquimay, Chile to Angol, Chile",,0.18706041008364,237.77998258575531,-71.350,-38.126
"Directions from Troyo, Lonquimay, Chile to Angol, Chile",,0.18712749212297,241.00269160413325,-71.350,-38.126
"Directions from Troyo, Lonquimay, Chile to Angol, Chile",,0.18733844235407,242.06323980288224,-71.350,-38.126
"Directions from Troyo, Lonquimay, Chile to Angol, Chile",,0.18745927281379,253.04686150509687,-71.350,-38.126
"Directions from Troyo, Lonquimay, Chile to Angol, Chile",,0.18752010043910,265.26883889488693,-71.350,-38.126
"Directions from Troyo, Lonquimay, Chile to Angol, Chile",,0.18756010043910,262.02730205069076,-71.350,-38.126
"Directions from Troyo, Lonquimay, Chile to Angol, Chile",,0.18763290153800,260.23913486255844,-71.350,-38.126
"Directions from Troyo, Lonquimay, Chile to Angol, Chile",,0.18779321373341,273.86679905044360,-71.350,-38.126
"Directions from Troyo, Lonquimay, Chile to Angol, Chile",,0.18784420392855,278.25218069160906,-71.350,-38.126
"Directions from Troyo, Lonquimay, Chile to Angol, Chile",,0.18795465753872,279.42242402049010,-71.350,-38.126
"Directions from Troyo, Lonquimay, Chile to Angol, Chile",,0.18867500467726,276.82520956745697,-71.351,-38.126
"Directions from Troyo, Lonquimay, Chile to Angol, Chile",,0.18869500467726,275.88414446607806,-71.351,-38.126
"Directions from Troyo, Lonquimay, Chile to Angol, Chile",,0.18894015769070,280.14952727055442,-71.351,-38.126
"Directions from Troyo, Lonquimay, Chile to Angol, Chile",,0.18914239517486,275.94861313661244,-71.352,-38.126
"Directions from Troyo, Lonquimay, Chile to Angol, Chile",,0.18931268903853,267.75657368119448,-71.352,-38.126
"Directions from Troyo, Lonquimay, Chile to Angol, Chile",,0.18960543466189,259.05522161509515,-71.352,-38.126
"Directions from Troyo, Lonquimay, Chile to Angol, Chile",,0.18981158994317,262.98187826603674,-71.352,-38.126
"Directions from Troyo, Lonquimay, Chile to Angol, Chile",,0.18982158994316,258.01875551218626,-71.352,-38.126
"Directions from Troyo, Lonquimay, Chile to Angol, Chile",,0.19001856709920,258.01875551218626,-71.352,-38.126
"Directions from Troyo, Lonquimay, Chile to Angol, Chile",,0.19004856709921,253.15496623544433,-71.352,-38.126
"Directions from Troyo, Lonquimay, Chile to Angol, Chile",,0.19008462261196,247.84513859844213,-71.352,-38.126
"Directions from Troyo, Lonquimay, Chile to Angol, Chile",,0.19024741081793,263.49720034738010,-71.353,-38.126
"Directions from Troyo, Lonquimay, Chile to Angol, Chile",,0.19048761906091,264.74197680750785,-71.353,-38.126
"Directions from Troyo, Lonquimay, Chile to Angol, Chile",,0.19062904041715,258.56316740478468,-71.353,-38.126
"Directions from Troyo, Lonquimay, Chile to Angol, Chile",,0.19082550924420,247.14634031579345,-71.353,-38.126
"Directions from Troyo, Lonquimay, Chile to Angol, Chile",,0.19123367587683,244.74979426508892,-71.354,-38.126
"Directions from Troyo, Lonquimay, Chile to Angol, Chile",,0.19156261356090,260.23167253095460,-71.354,-38.126
"Directions from Troyo, Lonquimay, Chile to Angol, Chile",,0.19164261356089,278.96395988074858,-71.354,-38.126
"Directions from Troyo, Lonquimay, Chile to Angol, Chile",,0.19199996492861,292.24648546928756,-71.354,-38.126
"Directions from Troyo, Lonquimay, Chile to Angol, Chile",,0.19204468628815,290.99360624781832,-71.354,-38.126
"Directions from Troyo, Lonquimay, Chile to Angol, Chile",,0.19234551846728,282.08416179043928,-71.355,-38.126
"Directions from Troyo, Lonquimay, Chile to Angol, Chile",,0.19247704793165,274.37308113115995,-71.355,-38.126
"Directions from Troyo, Lonquimay, Chile to Angol, Chile",,0.19256704793165,266.64508159646891,-71.355,-38.126
"Directions from Troyo, Lonquimay, Chile to Angol, Chile",,0.19273822035935,254.89579875833104,-71.355,-38.126
"Directions from Troyo, Lonquimay, Chile to Angol, Chile",,0.19298901908342,251.23259542789893,-71.355,-38.126
"Directions from Troyo, Lonquimay, Chile to Angol, Chile",,0.19336009858972,262.98187826603674,-71.356,-38.126
"Directions from Troyo, Lonquimay, Chile to Angol, Chile",,0.19339009858973,266.43749182429644,-71.356,-38.126
"Directions from Troyo, Lonquimay, Chile to Angol, Chile",,0.19347072116721,266.43749182429644,-71.356,-38.126
"Directions from Troyo, Lonquimay, Chile to Angol, Chile",,0.19362072116722,272.04280839060743,-71.356,-38.126
"Directions from Troyo, Lonquimay, Chile to Angol, Chile",,0.19376107785570,270.04735184120631,-71.356,-38.126
"Directions from Troyo, Lonquimay, Chile to Angol, Chile",,0.19419212309694,268.00454345059893,-71.356,-38.127
"Directions from Troyo, Lonquimay, Chile to Angol, Chile",,0.19430212309693,265.26883889488693,-71.356,-38.127
"Directions from Troyo, Lonquimay, Chile to Angol, Chile",,0.19436295072224,266.70004150834882,-71.357,-38.127
"Directions from Troyo, Lonquimay, Chile to Angol, Chile",,0.19456320056619,274.85258932013056,-71.357,-38.127
"Directions from Troyo, Lonquimay, Chile to Angol, Chile",,0.19481499413242,280.16925334697413,-71.357,-38.126
"Directions from Troyo, Lonquimay, Chile to Angol, Chile",,0.19507209333506,288.72911112717486,-71.357,-38.126
"Directions from Troyo, Lonquimay, Chile to Angol, Chile",,0.19517058191308,298.82627824516180,-71.357,-38.126
"Directions from Troyo, Lonquimay, Chile to Angol, Chile",,0.19520663742584,298.82627824705054,-71.357,-38.126
"Directions from Troyo, Lonquimay, Chile to Angol, Chile",,0.19530512600386,304.48124448968326,-71.357,-38.126
"Directions from Troyo, Lonquimay, Chile to Angol, Chile",,0.19546068949572,321.26440385394437,-71.358,-38.126
"Directions from Troyo, Lonquimay, Chile to Angol, Chile",,0.19559107354382,321.26440384284138,-71.358,-38.126
"Directions from Troyo, Lonquimay, Chile to Angol, Chile",,0.19560521567945,323.09460311915615,-71.358,-38.126
"Directions from Troyo, Lonquimay, Chile to Angol, Chile",,0.19583346992365,335.94958001869685,-71.358,-38.126
"Directions from Troyo, Lonquimay, Chile to Angol, Chile",,0.19604536612466,345.20255365530556,-71.358,-38.126
"Directions from Troyo, Lonquimay, Chile to Angol, Chile",,0.19626897292242,344.85602350528990,-71.358,-38.125
"Directions from Troyo, Lonquimay, Chile to Angol, Chile",,0.19650306692063,335.85806885606388,-71.358,-38.125
"Directions from Troyo, Lonquimay, Chile to Angol, Chile",,0.19709365984303,329.48200898080984,-71.358,-38.125
"Directions from Troyo, Lonquimay, Chile to Angol, Chile",,0.19759295935235,325.50546799613556,-71.359,-38.124
"Directions from Troyo, Lonquimay, Chile to Angol, Chile",,0.19777897010472,333.11029694466828,-71.359,-38.124
"Directions from Troyo, Lonquimay, Chile to Angol, Chile",,0.19797821869318,351.23721581262583,-71.359,-38.124
"Directions from Troyo, Lonquimay, Chile to Angol, Chile",,0.19803821869318,356.82990412605210,-71.359,-38.124
"Directions from Troyo, Lonquimay, Chile to Angol, Chile",,0.19812877254456,356.29944828112934,-71.359,-38.124
"Directions from Troyo, Lonquimay, Chile to Angol, Chile",,0.19920895771387,356.01393059567539,-71.359,-38.123
"Directions from Troyo, Lonquimay, Chile to Angol, Chile",,0.19954137311664,349.92412648327155,-71.359,-38.122
"Directions from Troyo, Lonquimay, Chile to Angol, Chile",,0.19989065810057,344.82837555550645,-71.359,-38.122
"Directions from Troyo, Lonquimay, Chile to Angol, Chile",,0.20002667280566,336.76975874343071,-71.359,-38.122
"Directions from Troyo, Lonquimay, Chile to Angol, Chile",,0.20021024840316,334.42041848321026,-71.359,-38.122
"Directions from Troyo, Lonquimay, Chile to Angol, Chile",,0.20026410005123,333.61741698697494,-71.359,-38.122
"Directions from Troyo, Lonquimay, Chile to Angol, Chile",,0.20043902860808,335.51604093147466,-71.359,-38.122
"Directions from Troyo, Lonquimay, Chile to Angol, Chile",,0.20085962342498,345.34295295994565,-71.359,-38.121
"Directions from Troyo, Lonquimay, Chile to Angol, Chile",,0.20111457440066,341.06250817022317,-71.359,-38.121
"Directions from Troyo, Lonquimay, Chile to Angol, Chile",,0.20113693508043,338.52270423998351,-71.359,-38.121
"Directions from Troyo, Lonquimay, Chile to Angol, Chile",,0.20131413553190,340.90452509128949,-71.359,-38.121
"Directions from Troyo, Lonquimay, Chile to Angol, Chile",,0.20147569047611,349.09929525869592,-71.359,-38.121
"Directions from Troyo, Lonquimay, Chile to Angol, Chile",,0.20150569047611,350.41049598592753,-71.359,-38.121
"Directions from Troyo, Lonquimay, Chile to Angol, Chile",,0.20174920638935,343.62527879391860,-71.359,-38.120
"Directions from Troyo, Lonquimay, Chile to Angol, Chile",,0.20204753506715,342.93676019931468,-71.360,-38.120
"Directions from Troyo, Lonquimay, Chile to Angol, Chile",,0.20213297510460,342.70385565616300,-71.360,-38.120
"Directions from Troyo, Lonquimay, Chile to Angol, Chile",,0.20217420616087,341.85736643616116,-71.360,-38.120
"Directions from Troyo, Lonquimay, Chile to Angol, Chile",,0.20241190344734,303.87548817132176,-71.360,-38.120
"Directions from Troyo, Lonquimay, Chile to Angol, Chile",,0.20242190344735,297.23116110373775,-71.360,-38.120
"Directions from Troyo, Lonquimay, Chile to Angol, Chile",,0.20250792670002,319.73116110373775,-71.360,-38.120
"Directions from Troyo, Lonquimay, Chile to Angol, Chile",,0.20255035310688,310.93494882455047,-71.360,-38.120
"Directions from Troyo, Lonquimay, Chile to Angol, Chile",,0.20260035310688,310.93494881946157,-71.360,-38.120
"Directions from Troyo, Lonquimay, Chile to Angol, Chile",,0.20262863737814,305.78252558616418,-71.360,-38.120
"Directions from Troyo, Lonquimay, Chile to Angol, Chile",,0.20269571941745,304.41937009291837,-71.360,-38.120
"Directions from Troyo, Lonquimay, Chile to Angol, Chile",,0.20284438010493,316.23405895536581,-71.360,-38.119
"Directions from Troyo, Lonquimay, Chile to Angol, Chile",,0.20300058509845,326.81468886567040,-71.360,-38.119
"Directions from Troyo, Lonquimay, Chile to Angol, Chile",,0.20317947053665,338.46529372140043,-71.360,-38.119
"Directions from Troyo, Lonquimay, Chile to Angol, Chile",,0.20346107309346,334.25180920810197,-71.360,-38.119
"Directions from Troyo, Lonquimay, Chile to Angol, Chile",,0.20358313864962,342.50398989867148,-71.360,-38.119
"Directions from Troyo, Lonquimay, Chile to Angol, Chile",,0.20359313864962,340.67009587295496,-71.360,-38.119
"Directions from Troyo, Lonquimay, Chile to Angol, Chile",,0.20372120113436,315.00000000148941,-71.360,-38.119
"Directions from Troyo, Lonquimay, Chile to Angol, Chile",,0.20378523237674,311.82990412853445,-71.360,-38.119
"Directions from Troyo, Lonquimay, Chile to Angol, Chile",,0.20384180091924,312.14470343225787,-71.360,-38.119
"Directions from Troyo, Lonquimay, Chile to Angol, Chile",,0.20398392762326,306.48973719472588,-71.361,-38.118
"Directions from Troyo, Lonquimay, Chile to Angol, Chile",,0.20420026069979,300.12755935100699,-71.361,-38.118
"Directions from Troyo, Lonquimay, Chile to Angol, Chile",,0.20451331021664,299.51812173336452,-71.361,-38.118
"Directions from Troyo, Lonquimay, Chile to Angol, Chile",,0.20464369426475,309.88090116653501,-71.361,-38.118
"Directions from Troyo, Lonquimay, Chile to Angol, Chile",,0.20482061232488,322.64261341732458,-71.361,-38.118
"Directions from Troyo, Lonquimay, Chile to Angol, Chile",,0.20500929194752,298.99730839561516,-71.361,-38.118
"Directions from Troyo, Lonquimay, Chile to Angol, Chile",,0.20501929194751,297.23116110373775,-71.361,-38.118
"Directions from Troyo, Lonquimay, Chile to Angol, Chile",,0.20519133845286,326.51637829558661,-71.361,-38.118
"Directions from Troyo, Lonquimay, Chile to Angol, Chile",,0.20540228868396,331.68465536934195,-71.362,-38.118
"Directions from Troyo, Lonquimay, Chile to Angol, Chile",,0.20559017162623,324.89943817749310,-71.362,-38.117
"Directions from Troyo, Lonquimay, Chile to Angol, Chile",,0.20560431376186,292.50000000000006,-71.362,-38.117
"Directions from Troyo, Lonquimay, Chile to Angol, Chile",,0.20562431376185,283.28252558039674,-71.362,-38.117
"Directions from Troyo, Lonquimay, Chile to Angol, Chile",,0.20564667444163,283.28252558039674,-71.362,-38.117
"Directions from Troyo, Lonquimay, Chile to Angol, Chile",,0.20572667444163,292.50000000000006,-71.362,-38.117
"Directions from Troyo, Lonquimay, Chile to Angol, Chile",,0.20574081657726,292.50000000000006,-71.362,-38.117
"Directions from Troyo, Lonquimay, Chile to Angol, Chile",,0.20576081657725,292.49999999321483,-71.362,-38.117
"Directions from Troyo, Lonquimay, Chile to Angol, Chile",,0.20580324298413,324.21747442096023,-71.362,-38.117
"Directions from Troyo, Lonquimay, Chile to Angol, Chile",,0.20582560366390,346.71747442774551,-71.362,-38.117
"Directions from Troyo, Lonquimay, Chile to Angol, Chile",,0.20606560366390,2.14457666408058,-71.362,-38.117
"Directions from Troyo, Lonquimay, Chile to Angol, Chile",,0.20646672708630,7.79954289874196,-71.362,-38.117
"Directions from Troyo, Lonquimay, Chile to Angol, Chile",,0.20656870747657,0.92380513229904,-71.362,-38.117
"Directions from Troyo, Lonquimay, Chile to Angol, Chile",,0.20669036272717,344.75008338450698,-71.362,-38.116
"Directions from Troyo, Lonquimay, Chile to Angol, Chile",,0.20682964660995,335.00574688326299,-71.362,-38.116
"Directions from Troyo, Lonquimay, Chile to Angol, Chile",,0.20736676857002,329.21488086019644,-71.362,-38.116
"Directions from Troyo, Lonquimay, Chile to Angol, Chile",,0.20766358501162,324.50663577204551,-71.362,-38.116
"Directions from Troyo, Lonquimay, Chile to Angol, Chile",,0.20796968956891,316.11690463026594,-71.362,-38.115
"Directions from Troyo, Lonquimay, Chile to Angol, Chile",,0.20806188501350,307.14568108657897,-71.363,-38.115
"Directions from Troyo, Lonquimay, Chile to Angol, Chile",,0.20809794052625,298.44432902102886,-71.363,-38.115
"Directions from Troyo, Lonquimay, Chile to Angol, Chile",,0.20817409825731,288.61741699043637,-71.363,-38.115
"Directions from Troyo, Lonquimay, Chile to Angol, Chile",,0.20825656036982,279.30508236388130,-71.363,-38.115
"Directions from Troyo, Lonquimay, Chile to Angol, Chile",,0.20850735909390,271.22641243125270,-71.363,-38.115
"Directions from Troyo, Lonquimay, Chile to Angol, Chile",,0.20877754421562,264.56637067017471,-71.363,-38.115
"Directions from Troyo, Lonquimay, Chile to Angol, Chile",,0.20904060314438,258.60879713487685,-71.364,-38.115
"Directions from Troyo, Lonquimay, Chile to Angol, Chile",,0.20941168265068,253.76440385457579,-71.364,-38.115
"Directions from Troyo, Lonquimay, Chile to Angol, Chile",,0.20956979653370,255.12755935387759,-71.364,-38.115
"Directions from Troyo, Lonquimay, Chile to Angol, Chile",,0.20962078672883,261.96321291913324,-71.364,-38.115
"Directions from Troyo, Lonquimay, Chile to Angol, Chile",,0.20974120267462,269.30140948607101,-71.364,-38.115
"Directions from Troyo, Lonquimay, Chile to Angol, Chile",,0.20991149653827,278.70135206464317,-71.364,-38.115
"Directions from Troyo, Lonquimay, Chile to Angol, Chile",,0.21003518970705,287.29614434327380,-71.364,-38.115
"Directions from Troyo, Lonquimay, Chile to Angol, Chile",,0.21012062974450,294.10101029295754,-71.365,-38.115
"Directions from Troyo, Lonquimay, Chile to Angol, Chile",,0.21035769513632,302.52566599784359,-71.365,-38.115
"Directions from Troyo, Lonquimay, Chile to Angol, Chile",,0.21057170448191,311.20267831579321,-71.365,-38.115
"Directions from Troyo, Lonquimay, Chile to Angol, Chile",,0.21071312583815,292.50000000000006,-71.365,-38.115
"Directions from Troyo, Lonquimay, Chile to Angol, Chile",,0.21072312583815,288.43494882346482,-71.365,-38.115
"Directions from Troyo, Lonquimay, Chile to Angol, Chile",,0.21087312583815,303.91682708710681,-71.365,-38.115
"Directions from Troyo, Lonquimay, Chile to Angol, Chile",,0.21093143535710,303.71649545889187,-71.365,-38.115
"Directions from Troyo, Lonquimay, Chile to Angol, Chile",,0.21121744235002,301.51714278378887,-71.365,-38.115
"Directions from Troyo, Lonquimay, Chile to Angol, Chile",,0.21157521322642,297.80982763788552,-71.366,-38.115
"Directions from Troyo, Lonquimay, Chile to Angol, Chile",,0.21188408213065,300.66512420667561,-71.366,-38.114
"Directions from Troyo, Lonquimay, Chile to Angol, Chile",,0.21210880418120,297.73711741438717,-71.366,-38.114
"Directions from Troyo, Lonquimay, Chile to Angol, Chile",,0.21233727737437,287.25426149367672,-71.366,-38.114
"Directions from Troyo, Lonquimay, Chile to Angol, Chile",,0.21254123815492,277.85431891405653,-71.367,-38.114
"Directions from Troyo, Lonquimay, Chile to Angol, Chile",,0.21306277434733,271.21188567235959,-71.367,-38.114
"Directions from Troyo, Lonquimay, Chile to Angol, Chile",,0.21335294670990,262.31628411813347,-71.367,-38.114
"Directions from Troyo, Lonquimay, Chile to Angol, Chile",,0.21356881704135,263.30375112321184,-71.368,-38.114
"Directions from Troyo, Lonquimay, Chile to Angol, Chile",,0.21357881704134,261.32298768201423,-71.368,-38.114
"Directions from Troyo, Lonquimay, Chile to Angol, Chile",,0.21374644758749,246.87969679816925,-71.368,-38.114
"Directions from Troyo, Lonquimay, Chile to Angol, Chile",,0.21407765749072,233.05670911669068,-71.368,-38.114
"Directions from Troyo, Lonquimay, Chile to Angol, Chile",,0.21434635806757,219.69017236207401,-71.368,-38.115
"Directions from Troyo, Lonquimay, Chile to Angol, Chile",,0.21457657535624,217.49081968499851,-71.368,-38.115
"Directions from Troyo, Lonquimay, Chile to Angol, Chile",,0.21476096624539,223.94595234516959,-71.369,-38.115
"Directions from Troyo, Lonquimay, Chile to Angol, Chile",,0.21493788430552,223.94595234181693,-71.369,-38.115
"Directions from Troyo, Lonquimay, Chile to Angol, Chile",,0.21503007975009,211.89994258009017,-71.369,-38.115
"Directions from Troyo, Lonquimay, Chile to Angol, Chile",,0.21510623748115,191.59929525998271,-71.369,-38.115
"Directions from Troyo, Lonquimay, Chile to Angol, Chile",,0.21519623748115,168.87548817132179,-71.369,-38.115
"Directions from Troyo, Lonquimay, Chile to Angol, Chile",,0.21543393476763,163.72306493531028,-71.369,-38.115
"Directions from Troyo, Lonquimay, Chile to Angol, Chile",,0.21554573816650,152.34757676398854,-71.369,-38.116
"Directions from Troyo, Lonquimay, Chile to Angol, Chile",,0.21555988030213,157.50000000000000,-71.369,-38.116
"Directions from Troyo, Lonquimay, Chile to Angol, Chile",,0.21561988030213,187.01812173635804,-71.369,-38.116
"Directions from Troyo, Lonquimay, Chile to Angol, Chile",,0.21566111135838,200.30064732387925,-71.369,-38.116
"Directions from Troyo, Lonquimay, Chile to Angol, Chile",,0.21575055407749,213.87548817253773,-71.369,-38.116
"Directions from Troyo, Lonquimay, Chile to Angol, Chile",,0.21585685553562,228.95551859251563,-71.369,-38.116
"Directions from Troyo, Lonquimay, Chile to Angol, Chile",,0.21623960871980,235.23563713801201,-71.369,-38.116
"Directions from Troyo, Lonquimay, Chile to Angol, Chile",,0.21642561947217,226.20298525755783,-71.369,-38.116
"Directions from Troyo, Lonquimay, Chile to Angol, Chile",,0.21655368195691,244.32990412704504,-71.369,-38.116
"Directions from Troyo, Lonquimay, Chile to Angol, Chile",,0.21656368195692,241.00269160381305,-71.369,-38.116
"Directions from Troyo, Lonquimay, Chile to Angol, Chile",,0.21665802176824,202.26709545814927,-71.369,-38.116
"Directions from Troyo, Lonquimay, Chile to Angol, Chile",,0.21684241265739,189.68579056171123,-71.369,-38.117
"Directions from Troyo, Lonquimay, Chile to Angol, Chile",,0.21709420622363,182.39868246259425,-71.369,-38.117
"Directions from Troyo, Lonquimay, Chile to Angol, Chile",,0.21737438473815,180.76546294200512,-71.369,-38.117
"Directions from Troyo, Lonquimay, Chile to Angol, Chile",,0.21769500912899,187.44313342536176,-71.369,-38.117
"Directions from Troyo, Lonquimay, Chile to Angol, Chile",,0.21774599932413,196.55567098596333,-71.369,-38.117
"Directions from Troyo, Lonquimay, Chile to Angol, Chile",,0.21779985097220,213.40070474738735,-71.370,-38.117
"Directions from Troyo, Lonquimay, Chile to Angol, Chile",,0.21787056165032,230.65496623544433,-71.370,-38.118
"Directions from Troyo, Lonquimay, Chile to Angol, Chile",,0.21794267267582,239.87244064690529,-71.370,-38.118
"Directions from Troyo, Lonquimay, Chile to Angol, Chile",,0.21805447607470,236.41682708883900,-71.370,-38.118
"Directions from Troyo, Lonquimay, Chile to Angol, Chile",,0.21823886696385,220.18123094102000,-71.370,-38.118
"Directions from Troyo, Lonquimay, Chile to Angol, Chile",,0.21829717648279,205.07138227706227,-71.370,-38.118
"Directions from Troyo, Lonquimay, Chile to Angol, Chile",,0.21878420830927,189.58950401342028,-71.370,-38.118
"Directions from Troyo, Lonquimay, Chile to Angol, Chile",,0.21879420830927,188.19477016520224,-71.370,-38.118
"Directions from Troyo, Lonquimay, Chile to Angol, Chile",,0.21897140876073,210.69477017538003,-71.370,-38.118
"Directions from Troyo, Lonquimay, Chile to Angol, Chile",,0.21898555089635,210.37558684228861,-71.370,-38.118
"Directions from Troyo, Lonquimay, Chile to Angol, Chile",,0.21939076688815,192.60674793777403,-71.370,-38.119
"Directions from Troyo, Lonquimay, Chile to Angol, Chile",,0.21945159451345,180.00000000055016,-71.370,-38.119
"Directions from Troyo, Lonquimay, Chile to Angol, Chile",,0.21951242213876,167.29614094212107,-71.370,-38.119
"Directions from Troyo, Lonquimay, Chile to Angol, Chile",,0.21958522323765,157.72207221606669,-71.370,-38.119
"Directions from Troyo, Lonquimay, Chile to Angol, Chile",,0.21971052287851,148.84973640521631,-71.370,-38.119
"Directions from Troyo, Lonquimay, Chile to Angol, Chile",,0.21989080044228,163.15496623638379,-71.370,-38.119
"Directions from Troyo, Lonquimay, Chile to Angol, Chile",,0.21991080044228,169.48124448686937,-71.370,-38.119
"Directions from Troyo, Lonquimay, Chile to Angol, Chile",,0.22005008432505,169.48124448686937,-71.370,-38.119
"Directions from Troyo, Lonquimay, Chile to Angol, Chile",,0.22009008432505,166.71747441146101,-71.370,-38.119
"Directions from Troyo, Lonquimay, Chile to Angol, Chile",,0.22011244500483,166.71747441146101,-71.370,-38.119
"Directions from Troyo, Lonquimay, Chile to Angol, Chile",,0.22020244500483,184.06505117870643,-71.370,-38.120
"Directions from Troyo, Lonquimay, Chile to Angol, Chile",,0.22027315568295,191.08317290967625,-71.370,-38.120
"Directions from Troyo, Lonquimay, Chile to Angol, Chile",,0.22035561779546,201.54542378089235,-71.370,-38.120
"Directions from Troyo, Lonquimay, Chile to Angol, Chile",,0.22045857409687,202.87692416972067,-71.370,-38.120
"Directions from Troyo, Lonquimay, Chile to Angol, Chile",,0.22056297716196,191.20491868532315,-71.370,-38.120
"Directions from Troyo, Lonquimay, Chile to Angol, Chile",,0.22066347591817,190.82799451829104,-71.370,-38.120
"Directions from Troyo, Lonquimay, Chile to Angol, Chile",,0.22073627701707,201.25522354537597,-71.370,-38.120
"Directions from Troyo, Lonquimay, Chile to Angol, Chile",,0.22078099837662,221.43749182805439,-71.370,-38.120
"Directions from Troyo, Lonquimay, Chile to Angol, Chile",,0.22081705388937,243.93749181991217,-71.370,-38.120
"Directions from Troyo, Lonquimay, Chile to Angol, Chile",,0.22084867666597,256.05136448265569,-71.370,-38.120
"Directions from Troyo, Lonquimay, Chile to Angol, Chile",,0.22090950429127,265.26883889818777,-71.370,-38.120
"Directions from Troyo, Lonquimay, Chile to Angol, Chile",,0.22098950429127,279.21747440942545,-71.370,-38.120
"Directions from Troyo, Lonquimay, Chile to Angol, Chile",,0.22102112706787,296.06250816771791,-71.370,-38.120
"Directions from Troyo, Lonquimay, Chile to Angol, Chile",,0.22105718258063,286.84503375829246,-71.370,-38.120
"Directions from Troyo, Lonquimay, Chile to Angol, Chile",,0.22106718258063,286.84503376925312,-71.370,-38.120
"Directions from Troyo, Lonquimay, Chile to Angol, Chile",,0.22110323809339,309.34503376925318,-71.370,-38.120
"Directions from Troyo, Lonquimay, Chile to Angol, Chile",,0.22114566450025,309.34503375829246,-71.370,-38.120
"Directions from Troyo, Lonquimay, Chile to Angol, Chile",,0.22118172001301,294.81773170913795,-71.371,-38.120
"Directions from Troyo, Lonquimay, Chile to Angol, Chile",,0.22125452111190,283.12512118555418,-71.371,-38.120
"Directions from Troyo, Lonquimay, Chile to Angol, Chile",,0.22158993130853,272.43225721925171,-71.371,-38.120
"Directions from Troyo, Lonquimay, Chile to Angol, Chile",,0.22180088153962,258.06235957155531,-71.371,-38.120
"Directions from Troyo, Lonquimay, Chile to Angol, Chile",,0.22192737264603,247.50000000661552,-71.371,-38.120
"Directions from Troyo, Lonquimay, Chile to Angol, Chile",,0.22194973332581,247.50000000746371,-71.371,-38.120
"Directions from Troyo, Lonquimay, Chile to Angol, Chile",,0.22204460165561,249.31647536901451,-71.371,-38.120
"Directions from Troyo, Lonquimay, Chile to Angol, Chile",,0.22232691353988,253.80278867934183,-71.372,-38.120
"Directions from Troyo, Lonquimay, Chile to Angol, Chile",,0.22238774116519,257.29614094465381,-71.372,-38.120
"Directions from Troyo, Lonquimay, Chile to Angol, Chile",,0.22246054226408,256.37233581049981,-71.372,-38.120
"Directions from Troyo, Lonquimay, Chile to Angol, Chile",,0.22261351284949,264.34503376403381,-71.372,-38.120
"Directions from Troyo, Lonquimay, Chile to Angol, Chile",,0.22263351284948,260.78252558955677,-71.372,-38.120
"Directions from Troyo, Lonquimay, Chile to Angol, Chile",,0.22269675840269,247.96202267690117,-71.372,-38.120
"Directions from Troyo, Lonquimay, Chile to Angol, Chile",,0.22297406689516,249.20679913803517,-71.372,-38.120
"Directions from Troyo, Lonquimay, Chile to Angol, Chile",,0.22304686799406,258.73632972280461,-71.372,-38.120
"Directions from Troyo, Lonquimay, Chile to Angol, Chile",,0.22330859304062,266.70902767211385,-71.373,-38.120
"Directions from Troyo, Lonquimay, Chile to Angol, Chile",,0.22350859304062,272.19935267797672,-71.373,-38.120
"Directions from Troyo, Lonquimay, Chile to Angol, Chile",,0.22363897708873,269.34405610801764,-71.373,-38.120
"Directions from Troyo, Lonquimay, Chile to Angol, Chile",,0.22373947584493,267.14470343004092,-71.373,-38.120
"Directions from Troyo, Lonquimay, Chile to Angol, Chile",,0.22378947584494,266.64508159619106,-71.373,-38.120
"Directions from Troyo, Lonquimay, Chile to Angol, Chile",,0.22396064827262,266.64508159619106,-71.373,-38.120
"Directions from Troyo, Lonquimay, Chile to Angol, Chile",,0.22401064827262,266.28429601501909,-71.373,-38.120
"Directions from Troyo, Lonquimay, Chile to Angol, Chile",,0.22424259654272,264.88794483172757,-71.373,-38.120
"Directions from Troyo, Lonquimay, Chile to Angol, Chile",,0.22465308405776,269.70494789795220,-71.374,-38.121
"Directions from Troyo, Lonquimay, Chile to Angol, Chile",,0.22491327629438,276.75626531786236,-71.374,-38.121
"Directions from Troyo, Lonquimay, Chile to Angol, Chile",,0.22501525668465,278.82506211056653,-71.374,-38.120
"Directions from Troyo, Lonquimay, Chile to Angol, Chile",,0.22510581053604,286.45262145434469,-71.374,-38.120
"Directions from Troyo, Lonquimay, Chile to Angol, Chile",,0.22512817121581,289.03944117267383,-71.374,-38.120
"Directions from Troyo, Lonquimay, Chile to Angol, Chile",,0.22623035087448,277.79972398288447,-71.375,-38.120
"Directions from Troyo, Lonquimay, Chile to Angol, Chile",,0.22637070756296,267.89423590572363,-71.376,-38.120
"Directions from Troyo, Lonquimay, Chile to Angol, Chile",,0.22685578487639,258.43818752980673,-71.376,-38.120
"Directions from Troyo, Lonquimay, Chile to Angol, Chile",,0.22720749498429,248.43638213140721,-71.376,-38.120
"Directions from Troyo, Lonquimay, Chile to Angol, Chile",,0.22735514321489,244.94891737424268,-71.377,-38.120
"Directions from Troyo, Lonquimay, Chile to Angol, Chile",,0.22740899486296,241.75171849174615,-71.377,-38.120
"Directions from Troyo, Lonquimay, Chile to Angol, Chile",,0.22756710874597,238.34719340240443,-71.377,-38.121
"Directions from Troyo, Lonquimay, Chile to Angol, Chile",,0.22769240838684,237.92593127054667,-71.377,-38.121
"Directions from Troyo, Lonquimay, Chile to Angol, Chile",,0.22777843163950,237.66913435478983,-71.377,-38.121
"Directions from Troyo, Lonquimay, Chile to Angol, Chile",,0.22857974306460,234.52788831286065,-71.378,-38.121
"Directions from Troyo, Lonquimay, Chile to Angol, Chile",,0.22883469404028,219.57179332407520,-71.378,-38.121
"Directions from Troyo, Lonquimay, Chile to Angol, Chile",,0.22889300355923,202.49999999999997,-71.378,-38.121
"Directions from Troyo, Lonquimay, Chile to Angol, Chile",,0.22893423461548,187.01812173635804,-71.378,-38.121
"Directions from Troyo, Lonquimay, Chile to Angol, Chile",,0.22896423461549,172.37244064956718,-71.378,-38.121
"Directions from Troyo, Lonquimay, Chile to Angol, Chile",,0.22907825215799,167.64127954390389,-71.378,-38.121
"Directions from Troyo, Lonquimay, Chile to Angol, Chile",,0.22913907978330,175.26883889433677,-71.378,-38.122
"Directions from Troyo, Lonquimay, Chile to Angol, Chile",,0.22917907978329,202.50000000508888,-71.378,-38.122
"Directions from Troyo, Lonquimay, Chile to Angol, Chile",,0.22920736405455,229.06505118053843,-71.378,-38.122
"Directions from Troyo, Lonquimay, Chile to Angol, Chile",,0.22925736405455,229.06505117205697,-71.378,-38.122
"Directions from Troyo, Lonquimay, Chile to Angol, Chile",,0.22929979046142,234.21747440806843,-71.378,-38.122
"Directions from Troyo, Lonquimay, Chile to Angol, Chile",,0.22950103657939,245.20472840734780,-71.378,-38.122
"Directions from Troyo, Lonquimay, Chile to Angol, Chile",,0.23037028913187,245.20472840660764,-71.379,-38.122
"Directions from Troyo, Lonquimay, Chile to Angol, Chile",,0.23061625660940,246.94914694167545,-71.379,-38.122
"Directions from Troyo, Lonquimay, Chile to Angol, Chile",,0.23094519429346,215.23167253095465,-71.379,-38.122
"Directions from Troyo, Lonquimay, Chile to Angol, Chile",,0.23095519429346,215.78252558853899,-71.379,-38.122
"Directions from Troyo, Lonquimay, Chile to Angol, Chile",,0.23111330817647,249.18323033224132,-71.380,-38.122
"Directions from Troyo, Lonquimay, Chile to Angol, Chile",,0.23126562363859,244.09547490890455,-71.380,-38.122
"Directions from Troyo, Lonquimay, Chile to Angol, Chile",,0.23139092327945,237.25982134879399,-71.380,-38.122
"Directions from Troyo, Lonquimay, Chile to Angol, Chile",,0.23144092327946,237.25982134879399,-71.380,-38.123
"Directions from Troyo, Lonquimay, Chile to Angol, Chile",,0.23156622292031,244.09547491118579,-71.380,-38.123
"Directions from Troyo, Lonquimay, Chile to Angol, Chile",,0.23164238065138,254.33565356727715,-71.380,-38.123
"Directions from Troyo, Lonquimay, Chile to Angol, Chile",,0.23171309132949,265.93494882129357,-71.380,-38.123
"Directions from Troyo, Lonquimay, Chile to Angol, Chile",,0.23179309132949,274.06505117721366,-71.380,-38.123
"Directions from Troyo, Lonquimay, Chile to Angol, Chile",,0.23200522336385,274.06505117721366,-71.380,-38.123
"Directions from Troyo, Lonquimay, Chile to Angol, Chile",,0.23217522336385,261.65037788150920,-71.381,-38.123
"Directions from Troyo, Lonquimay, Chile to Angol, Chile",,0.23227962642893,239.15037789168696,-71.381,-38.123
"Directions from Troyo, Lonquimay, Chile to Angol, Chile",,0.23229376856455,215.78252560278787,-71.381,-38.123
"Directions from Troyo, Lonquimay, Chile to Angol, Chile",,0.23231612924433,215.78252559261011,-71.381,-38.123
"Directions from Troyo, Lonquimay, Chile to Angol, Chile",,0.23234441351559,202.49999999999997,-71.381,-38.123
"Directions from Troyo, Lonquimay, Chile to Angol, Chile",,0.23236441351559,189.21747440331879,-71.381,-38.123
"Directions from Troyo, Lonquimay, Chile to Angol, Chile",,0.23239603629218,189.21747440331879,-71.381,-38.123
"Directions from Troyo, Lonquimay, Chile to Angol, Chile",,0.23253603629218,185.65496623857592,-71.381,-38.123
"Directions from Troyo, Lonquimay, Chile to Angol, Chile",,0.23258702648732,201.13684450221797,-71.381,-38.123
"Directions from Troyo, Lonquimay, Chile to Angol, Chile",,0.23264533600627,240.48187826364199,-71.381,-38.123
"Directions from Troyo, Lonquimay, Chile to Angol, Chile",,0.23265533600627,242.25426149513004,-71.381,-38.123
"Directions from Troyo, Lonquimay, Chile to Angol, Chile",,0.23284950088466,210.53678708366903,-71.381,-38.123
"Directions from Troyo, Lonquimay, Chile to Angol, Chile",,0.23287186156444,219.49822957450360,-71.381,-38.123
"Directions from Troyo, Lonquimay, Chile to Angol, Chile",,0.23303587375910,228.71570398596461,-71.381,-38.123
"Directions from Troyo, Lonquimay, Chile to Angol, Chile",,0.23316315297972,218.86761313612729,-71.381,-38.123
"Directions from Troyo, Lonquimay, Chile to Angol, Chile",,0.23366245248903,220.11238959666599,-71.381,-38.124
"Directions from Troyo, Lonquimay, Chile to Angol, Chile",,0.23382524069499,248.74477646053867,-71.381,-38.124
"Directions from Troyo, Lonquimay, Chile to Angol, Chile",,0.23383524069499,255.12755934871041,-71.381,-38.124
"Directions from Troyo, Lonquimay, Chile to Angol, Chile",,0.23391586327247,251.95746347699665,-71.382,-38.124
"Directions from Troyo, Lonquimay, Chile to Angol, Chile",,0.23400641712385,266.82990412828627,-71.382,-38.124
"Directions from Troyo, Lonquimay, Chile to Angol, Chile",,0.23412641712385,260.78252558853899,-71.382,-38.124
"Directions from Troyo, Lonquimay, Chile to Angol, Chile",,0.23415803990046,260.78252558853899,-71.382,-38.124
"Directions from Troyo, Lonquimay, Chile to Angol, Chile",,0.23418803990045,258.40070474598360,-71.382,-38.124
"Directions from Troyo, Lonquimay, Chile to Angol, Chile",,0.23426419763152,258.40070474598360,-71.382,-38.124
"Directions from Troyo, Lonquimay, Chile to Angol, Chile",,0.23428419763151,260.78252558446786,-71.382,-38.124
"Directions from Troyo, Lonquimay, Chile to Angol, Chile",,0.23431582040811,256.05136448265569,-71.382,-38.124
"Directions from Troyo, Lonquimay, Chile to Angol, Chile",,0.23437664803342,244.86129696040976,-71.382,-38.124
"Directions from Troyo, Lonquimay, Chile to Angol, Chile",,0.23466733687049,285.37498364872539,-71.382,-38.124
"Directions from Troyo, Lonquimay, Chile to Angol, Chile",,0.23469895964710,336.25522353658079,-71.382,-38.124
"Directions from Troyo, Lonquimay, Chile to Angol, Chile",,0.23480191594851,319.80260207612946,-71.382,-38.124
"Directions from Troyo, Lonquimay, Chile to Angol, Chile",,0.23492997843326,304.20234477504511,-71.382,-38.124
"Directions from Troyo, Lonquimay, Chile to Angol, Chile",,0.23517184616570,287.87694362757293,-71.383,-38.124
"Directions from Troyo, Lonquimay, Chile to Angol, Chile",,0.23536289589745,268.27334187236653,-71.383,-38.124
"Directions from Troyo, Lonquimay, Chile to Angol, Chile",,0.23542372352275,256.05136448334338,-71.383,-38.124
"Directions from Troyo, Lonquimay, Chile to Angol, Chile",,0.23548696907595,247.50000000101775,-71.383,-38.124
"Directions from Troyo, Lonquimay, Chile to Angol, Chile",,0.23557641179505,234.21747441146101,-71.383,-38.124
"Directions from Troyo, Lonquimay, Chile to Angol, Chile",,0.23564712247317,217.37244064784477,-71.383,-38.124
"Directions from Troyo, Lonquimay, Chile to Angol, Chile",,0.23580836762814,194.87244064784480,-71.383,-38.124
"Directions from Troyo, Lonquimay, Chile to Angol, Chile",,0.23581836762813,196.00269160381305,-71.383,-38.124
"Directions from Troyo, Lonquimay, Chile to Angol, Chile",,0.23591270743946,224.15765784552059,-71.383,-38.124
"Directions from Troyo, Lonquimay, Chile to Angol, Chile",,0.23594876295222,241.17372175483817,-71.383,-38.124
"Directions from Troyo, Lonquimay, Chile to Angol, Chile",,0.23604725153024,251.00063377916737,-71.383,-38.124
"Directions from Troyo, Lonquimay, Chile to Angol, Chile",,0.23612971364275,260.54962104721136,-71.383,-38.124
"Directions from Troyo, Lonquimay, Chile to Angol, Chile",,0.23660141269934,261.91277654455598,-71.384,-38.124
"Directions from Troyo, Lonquimay, Chile to Angol, Chile",,0.23670339308962,260.54771207917446,-71.384,-38.124
"Directions from Troyo, Lonquimay, Chile to Angol, Chile",,0.23700604800862,266.20267831579315,-71.384,-38.124
"Directions from Troyo, Lonquimay, Chile to Angol, Chile",,0.23712604800863,279.21747440942545,-71.384,-38.124
"Directions from Troyo, Lonquimay, Chile to Angol, Chile",,0.23715767078523,282.38757028225626,-71.384,-38.124
"Directions from Troyo, Lonquimay, Chile to Angol, Chile",,0.23751988619075,273.17009587283081,-71.385,-38.124
"Directions from Troyo, Lonquimay, Chile to Angol, Chile",,0.23769988619075,265.19739792247015,-71.385,-38.124
"Directions from Troyo, Lonquimay, Chile to Angol, Chile",,0.23835912817970,262.60018346977068,-71.386,-38.124
"Directions from Troyo, Lonquimay, Chile to Angol, Chile",,0.23846958178988,262.03333699687118,-71.386,-38.124
"Directions from Troyo, Lonquimay, Chile to Angol, Chile",,0.23905992067561,264.63055144957065,-71.386,-38.125
"Directions from Troyo, Lonquimay, Chile to Angol, Chile",,0.23915992067561,274.37308113115995,-71.386,-38.125
"Directions from Troyo, Lonquimay, Chile to Angol, Chile",,0.23942297960436,276.91288506106747,-71.387,-38.124
"Directions from Troyo, Lonquimay, Chile to Angol, Chile",,0.23987475388429,272.53980392990752,-71.387,-38.124
"Directions from Troyo, Lonquimay, Chile to Angol, Chile",,0.24005475388429,265.26883889378655,-71.387,-38.124
"Directions from Troyo, Lonquimay, Chile to Angol, Chile",,0.24011558150958,265.26883889378655,-71.387,-38.124
"Directions from Troyo, Lonquimay, Chile to Angol, Chile",,0.24016558150958,275.44276352741650,-71.387,-38.124
"Directions from Troyo, Lonquimay, Chile to Angol, Chile",,0.24069510960139,282.10502915849531,-71.388,-38.124
"Directions from Troyo, Lonquimay, Chile to Angol, Chile",,0.24108562208518,281.52605490663439,-71.388,-38.124
"Directions from Troyo, Lonquimay, Chile to Angol, Chile",,0.24144072770327,266.89109132624628,-71.389,-38.124
"Directions from Troyo, Lonquimay, Chile to Angol, Chile",,0.24151352880217,248.74477646215175,-71.389,-38.124
"Directions from Troyo, Lonquimay, Chile to Angol, Chile",,0.24153588948193,256.71747441146101,-71.389,-38.124
"Directions from Troyo, Lonquimay, Chile to Angol, Chile",,0.24161588948194,283.28252558853899,-71.389,-38.124
"Directions from Troyo, Lonquimay, Chile to Angol, Chile",,0.24163825016171,292.49999999898228,-71.389,-38.124
"Directions from Troyo, Lonquimay, Chile to Angol, Chile",,0.24170149571492,279.21747441044323,-71.389,-38.124
"Directions from Troyo, Lonquimay, Chile to Angol, Chile",,0.24180149571492,272.44954622710833,-71.389,-38.124
"Directions from Troyo, Lonquimay, Chile to Angol, Chile",,0.24215277907632,294.94954621693051,-71.389,-38.124
"Directions from Troyo, Lonquimay, Chile to Angol, Chile",,0.24216692121195,292.49999998982224,-71.389,-38.124
"Directions from Troyo, Lonquimay, Chile to Angol, Chile",,0.24217692121194,292.50000000000006,-71.389,-38.124
"Directions from Troyo, Lonquimay, Chile to Angol, Chile",,0.24219106334756,324.21747440738989,-71.389,-38.124
"Directions from Troyo, Lonquimay, Chile to Angol, Chile",,0.24223578470711,324.21747442774546,-71.389,-38.124
"Directions from Troyo, Lonquimay, Chile to Angol, Chile",,0.24224992684273,292.50000002035557,-71.389,-38.124
"Directions from Troyo, Lonquimay, Chile to Angol, Chile",,0.24226992684274,283.28252558039674,-71.389,-38.124
"Directions from Troyo, Lonquimay, Chile to Angol, Chile",,0.24229228752252,283.28252558039674,-71.389,-38.124
"Directions from Troyo, Lonquimay, Chile to Angol, Chile",,0.24237228752252,280.90070474247403,-71.389,-38.124
"Directions from Troyo, Lonquimay, Chile to Angol, Chile",,0.24242613917059,303.40070476282955,-71.390,-38.124
"Directions from Troyo, Lonquimay, Chile to Angol, Chile",,0.24244028130621,305.78252560889456,-71.390,-38.124
"Directions from Troyo, Lonquimay, Chile to Angol, Chile",,0.24246264198599,301.71747440983256,-71.390,-38.124
"Directions from Troyo, Lonquimay, Chile to Angol, Chile",,0.24251264198598,310.93494882129357,-71.390,-38.124
"Directions from Troyo, Lonquimay, Chile to Angol, Chile",,0.24256921052848,303.40070474598360,-71.390,-38.124
"Directions from Troyo, Lonquimay, Chile to Angol, Chile",,0.24262306217655,287.91882647755199,-71.390,-38.124
"Directions from Troyo, Lonquimay, Chile to Angol, Chile",,0.24266429323281,292.49999999820392,-71.390,-38.124
"Directions from Troyo, Lonquimay, Chile to Angol, Chile",,0.24272260275176,312.04692944534190,-71.390,-38.124
"Directions from Troyo, Lonquimay, Chile to Angol, Chile",,0.24277260275175,332.34757676520991,-71.390,-38.124
"Directions from Troyo, Lonquimay, Chile to Angol, Chile",,0.24280422552836,328.28252557632567,-71.390,-38.124
"Directions from Troyo, Lonquimay, Chile to Angol, Chile",,0.24281836766398,305.78252557836123,-71.390,-38.124
"Directions from Troyo, Lonquimay, Chile to Angol, Chile",,0.24284072834376,283.28252558853899,-71.390,-38.124
"Directions from Troyo, Lonquimay, Chile to Angol, Chile",,0.24285072834375,283.28252558039674,-71.390,-38.124
"Directions from Troyo, Lonquimay, Chile to Angol, Chile",,0.24287308902353,283.28252558039674,-71.390,-38.124
"Directions from Troyo, Lonquimay, Chile to Angol, Chile",,0.24291308902353,264.34503376338131,-71.390,-38.124
"Directions from Troyo, Lonquimay, Chile to Angol, Chile",,0.24301506941380,255.12755935395589,-71.390,-38.124
"Directions from Troyo, Lonquimay, Chile to Angol, Chile",,0.24304669219040,260.78252559057455,-71.390,-38.124
"Directions from Troyo, Lonquimay, Chile to Angol, Chile",,0.24320669219039,273.56250817257194,-71.390,-38.124
"Directions from Troyo, Lonquimay, Chile to Angol, Chile",,0.24328731476789,282.02626470468061,-71.390,-38.124
"Directions from Troyo, Lonquimay, Chile to Angol, Chile",,0.24352773107349,288.74177914178892,-71.391,-38.124
"Directions from Troyo, Lonquimay, Chile to Angol, Chile",,0.24395493126076,288.04007810829069,-71.391,-38.124
"Directions from Troyo, Lonquimay, Chile to Angol, Chile",,0.24432856209460,284.34082686872205,-71.391,-38.124
"Directions from Troyo, Lonquimay, Chile to Angol, Chile",,0.24511932122353,278.69696876955766,-71.392,-38.123
"Directions from Troyo, Lonquimay, Chile to Angol, Chile",,0.24539006095095,272.11819739944610,-71.392,-38.123
"Directions from Troyo, Lonquimay, Chile to Angol, Chile",,0.24555006095095,273.56250817570356,-71.392,-38.123
"Directions from Troyo, Lonquimay, Chile to Angol, Chile",,0.24563068352843,275.06890192771084,-71.393,-38.123
"Directions from Troyo, Lonquimay, Chile to Angol, Chile",,0.24601120948025,275.38897676064198,-71.393,-38.123
"Directions from Troyo, Lonquimay, Chile to Angol, Chile",,0.24623324551336,280.14698686297083,-71.393,-38.123
"Directions from Troyo, Lonquimay, Chile to Angol, Chile",,0.24632544095793,280.06172553920976,-71.393,-38.123
"Directions from Troyo, Lonquimay, Chile to Angol, Chile",,0.24662809587694,273.79732168487351,-71.394,-38.123
"Directions from Troyo, Lonquimay, Chile to Angol, Chile",,0.24669809587693,275.65496623466134,-71.394,-38.123
"Directions from Troyo, Lonquimay, Chile to Angol, Chile",,0.24674908607207,275.65496623466134,-71.394,-38.123
"Directions from Troyo, Lonquimay, Chile to Angol, Chile",,0.24691908607207,267.23622992394104,-71.394,-38.123
"Directions from Troyo, Lonquimay, Chile to Angol, Chile",,0.24723053430211,260.21810819117519,-71.394,-38.123
"Directions from Troyo, Lonquimay, Chile to Angol, Chile",,0.24731299641464,262.98187826723415,-71.394,-38.123
"Directions from Troyo, Lonquimay, Chile to Angol, Chile",,0.24733299641463,262.98187826843156,-71.394,-38.123
"Directions from Troyo, Lonquimay, Chile to Angol, Chile",,0.24737422747088,252.99032500837308,-71.394,-38.123
"Directions from Troyo, Lonquimay, Chile to Angol, Chile",,0.24749127446999,246.72592115140256,-71.394,-38.123
"Directions from Troyo, Lonquimay, Chile to Angol, Chile",,0.24793848806549,246.57619486685036,-71.395,-38.123
"Directions from Troyo, Lonquimay, Chile to Angol, Chile",,0.24842889605891,256.29621228093845,-71.395,-38.124
"Directions from Troyo, Lonquimay, Chile to Angol, Chile",,0.24859014121387,269.44199480412902,-71.395,-38.124
"Directions from Troyo, Lonquimay, Chile to Angol, Chile",,0.24878119094562,287.30973281195151,-71.396,-38.124
"Directions from Troyo, Lonquimay, Chile to Angol, Chile",,0.24890649058647,295.90452508984470,-71.396,-38.124
"Directions from Troyo, Lonquimay, Chile to Angol, Chile",,0.24898264831754,297.60198686142974,-71.396,-38.124
"Directions from Troyo, Lonquimay, Chile to Angol, Chile",,0.24907698812886,296.90339634743060,-71.396,-38.124
"Directions from Troyo, Lonquimay, Chile to Angol, Chile",,0.24913083977693,303.40070474247398,-71.396,-38.124
"Directions from Troyo, Lonquimay, Chile to Angol, Chile",,0.24914498191256,300.47269795007730,-71.396,-38.123
"Directions from Troyo, Lonquimay, Chile to Angol, Chile",,0.24929058411034,282.70385905298986,-71.396,-38.123
"Directions from Troyo, Lonquimay, Chile to Angol, Chile",,0.24935141173564,288.01368669145148,-71.396,-38.123
"Directions from Troyo, Lonquimay, Chile to Angol, Chile",,0.24937377241542,288.93749182633206,-71.396,-38.123
"Directions from Troyo, Lonquimay, Chile to Angol, Chile",,0.24952674300082,278.03678708203302,-71.396,-38.123
"Directions from Troyo, Lonquimay, Chile to Angol, Chile",,0.24964715894662,271.18884882946890,-71.396,-38.123
"Directions from Troyo, Lonquimay, Chile to Angol, Chile",,0.24988736718960,266.08686196951271,-71.397,-38.123
"Directions from Troyo, Lonquimay, Chile to Angol, Chile",,0.25052021788289,261.62486774766506,-71.397,-38.123
"Directions from Troyo, Lonquimay, Chile to Angol, Chile",,0.25072417866344,260.18220859834577,-71.397,-38.124
"Directions from Troyo, Lonquimay, Chile to Angol, Chile",,0.25113854565054,260.59846303693433,-71.398,-38.124
"Directions from Troyo, Lonquimay, Chile to Angol, Chile",,0.25262330152273,256.31789263990277,-71.399,-38.124
"Directions from Troyo, Lonquimay, Chile to Angol, Chile",,0.25320853651827,250.65589969475701,-71.400,-38.124
"Directions from Troyo, Lonquimay, Chile to Angol, Chile",,0.25342394311055,251.12659730751483,-71.400,-38.124
"Directions from Troyo, Lonquimay, Chile to Angol, Chile",,0.25349674420945,248.74477646215175,-71.400,-38.124
"Directions from Troyo, Lonquimay, Chile to Angol, Chile",,0.25394395780495,236.95615877561804,-71.401,-38.124
"Directions from Troyo, Lonquimay, Chile to Angol, Chile",,0.25446251349145,234.66919814557701,-71.401,-38.125
"Directions from Troyo, Lonquimay, Chile to Angol, Chile",,0.25502331648716,231.93051378141999,-71.401,-38.125
"Directions from Troyo, Lonquimay, Chile to Angol, Chile",,0.25519302211464,217.62821858292480,-71.402,-38.125
"Directions from Troyo, Lonquimay, Chile to Angol, Chile",,0.25533194655454,206.02892332610071,-71.402,-38.125
"Directions from Troyo, Lonquimay, Chile to Angol, Chile",,0.25543964985068,197.91882647833657,-71.402,-38.125
"Directions from Troyo, Lonquimay, Chile to Angol, Chile",,0.25548088090694,188.92515915023424,-71.402,-38.125
"Directions from Troyo, Lonquimay, Chile to Angol, Chile",,0.25563121387072,174.27947806464078,-71.402,-38.125
"Directions from Troyo, Lonquimay, Chile to Angol, Chile",,0.25574523141323,156.89056238592519,-71.402,-38.126
"Directions from Troyo, Lonquimay, Chile to Angol, Chile",,0.25580354093217,151.91755991385111,-71.402,-38.126
"Directions from Troyo, Lonquimay, Chile to Angol, Chile",,0.25599142387445,150.36084053736735,-71.402,-38.126
"Directions from Troyo, Lonquimay, Chile to Angol, Chile",,0.25640191138949,147.15765123596353,-71.401,-38.126
"Directions from Troyo, Lonquimay, Chile to Angol, Chile",,0.25670719813994,157.67343034453452,-71.401,-38.126
"Directions from Troyo, Lonquimay, Chile to Angol, Chile",,0.25754892256041,170.41942968573895,-71.401,-38.127
"Directions from Troyo, Lonquimay, Chile to Angol, Chile",,0.25783052511721,171.28728198263229,-71.401,-38.127
"Directions from Troyo, Lonquimay, Chile to Angol, Chile",,0.25793250550748,177.90754193603155,-71.401,-38.128
"Directions from Troyo, Lonquimay, Chile to Angol, Chile",,0.25801312808496,183.56250817069295,-71.401,-38.128
"Directions from Troyo, Lonquimay, Chile to Angol, Chile",,0.25830312808496,183.63750247923477,-71.401,-38.128
"Directions from Troyo, Lonquimay, Chile to Angol, Chile",,0.25925075670420,180.78220590957804,-71.401,-38.129
"Directions from Troyo, Lonquimay, Chile to Angol, Chile",,0.25945175421662,172.59956497012263,-71.401,-38.129
"Directions from Troyo, Lonquimay, Chile to Angol, Chile",,0.25970493399465,178.80977994463049,-71.401,-38.129
"Directions from Troyo, Lonquimay, Chile to Angol, Chile",,0.25987610642234,189.97517836231123,-71.401,-38.130
"Directions from Troyo, Lonquimay, Chile to Angol, Chile",,0.26005074891430,195.83773436586776,-71.401,-38.130
"Directions from Troyo, Lonquimay, Chile to Angol, Chile",,0.26011399446750,206.82627089325624,-71.401,-38.130
"Directions from Troyo, Lonquimay, Chile to Angol, Chile",,0.26032208098798,220.10879648339457,-71.401,-38.130
"Directions from Troyo, Lonquimay, Chile to Angol, Chile",,0.26042107593734,234.21747441000699,-71.401,-38.130
"Directions from Troyo, Lonquimay, Chile to Angol, Chile",,0.26062232205531,238.62087075894681,-71.401,-38.130
"Directions from Troyo, Lonquimay, Chile to Angol, Chile",,0.26113035748715,230.42610059154049,-71.402,-38.130
"Directions from Troyo, Lonquimay, Chile to Angol, Chile",,0.26152658974227,229.93035101783747,-71.402,-38.131
"Directions from Troyo, Lonquimay, Chile to Angol, Chile",,0.26189059523673,228.90764677378283,-71.402,-38.131
"Directions from Troyo, Lonquimay, Chile to Angol, Chile",,0.26223000649171,229.37308113051279,-71.403,-38.131
"Directions from Troyo, Lonquimay, Chile to Angol, Chile",,0.26241601724408,237.56785129791916,-71.403,-38.131
"Directions from Troyo, Lonquimay, Chile to Angol, Chile",,0.26266661652580,239.55694801007724,-71.403,-38.131
"Directions from Troyo, Lonquimay, Chile to Angol, Chile",,0.26311606062689,242.04748897787641,-71.403,-38.132
"Directions from Troyo, Lonquimay, Chile to Angol, Chile",,0.26329070311885,244.61047028621857,-71.404,-38.132
"Directions from Troyo, Lonquimay, Chile to Angol, Chile",,0.26372899525886,247.20768473955204,-71.404,-38.132
"Directions from Troyo, Lonquimay, Chile to Angol, Chile",,0.26401360024828,249.47259311500056,-71.404,-38.132
"Directions from Troyo, Lonquimay, Chile to Angol, Chile",,0.26414360024829,240.25511870191113,-71.404,-38.132
"Directions from Troyo, Lonquimay, Chile to Angol, Chile",,0.26424360024829,223.41008493843944,-71.404,-38.132
"Directions from Troyo, Lonquimay, Chile to Angol, Chile",,0.26438782229930,220.40558196126483,-71.405,-38.132
"Directions from Troyo, Lonquimay, Chile to Angol, Chile",,0.26476992176280,228.82431827439680,-71.405,-38.132
"Directions from Troyo, Lonquimay, Chile to Angol, Chile",,0.26499014891825,243.24564833976393,-71.405,-38.133
"Directions from Troyo, Lonquimay, Chile to Angol, Chile",,0.26503137997450,250.59430797952393,-71.405,-38.133
"Directions from Troyo, Lonquimay, Chile to Angol, Chile",,0.26517455818513,250.99216975895573,-71.405,-38.133
"Directions from Troyo, Lonquimay, Chile to Angol, Chile",,0.26534920067711,254.16226563059499,-71.405,-38.133
"Directions from Troyo, Lonquimay, Chile to Angol, Chile",,0.26541244623031,256.71747440962906,-71.405,-38.133
"Directions from Troyo, Lonquimay, Chile to Angol, Chile",,0.26548315690843,259.12145139223264,-71.405,-38.133
"Directions from Troyo, Lonquimay, Chile to Angol, Chile",,0.26582271544535,253.28706439315073,-71.406,-38.133
"Directions from Troyo, Lonquimay, Chile to Angol, Chile",,0.26608842205047,255.36940071681249,-71.406,-38.133
"Directions from Troyo, Lonquimay, Chile to Angol, Chile",,0.26614924967576,251.98631330524756,-71.406,-38.133
"Directions from Troyo, Lonquimay, Chile to Angol, Chile",,0.26617161035555,256.71747441146101,-71.406,-38.133
"Directions from Troyo, Lonquimay, Chile to Angol, Chile",,0.26621161035554,274.06505117870648,-71.406,-38.133
"Directions from Troyo, Lonquimay, Chile to Angol, Chile",,0.26628232103366,274.06505117870648,-71.406,-38.133
"Directions from Troyo, Lonquimay, Chile to Angol, Chile",,0.26631232103367,265.26883889378655,-71.406,-38.133
"Directions from Troyo, Lonquimay, Chile to Angol, Chile",,0.26637314865896,265.26883889378655,-71.406,-38.133
"Directions from Troyo, Lonquimay, Chile to Angol, Chile",,0.26639314865897,264.34503376533866,-71.406,-38.133
"Directions from Troyo, Lonquimay, Chile to Angol, Chile",,0.26644413885410,251.06250817679967,-71.406,-38.133
"Directions from Troyo, Lonquimay, Chile to Angol, Chile",,0.26653358157320,236.12451182788564,-71.406,-38.133
"Directions from Troyo, Lonquimay, Chile to Angol, Chile",,0.26663988303133,221.81928199547349,-71.407,-38.133
"Directions from Troyo, Lonquimay, Chile to Angol, Chile",,0.26692006154586,208.31294931801327,-71.407,-38.133
"Directions from Troyo, Lonquimay, Chile to Angol, Chile",,0.26697391319393,198.87340269173029,-71.407,-38.133
"Directions from Troyo, Lonquimay, Chile to Angol, Chile",,0.26704671429282,190.56991240746748,-71.407,-38.133
"Directions from Troyo, Lonquimay, Chile to Angol, Chile",,0.26715716790299,173.37974004283356,-71.407,-38.133
"Directions from Troyo, Lonquimay, Chile to Angol, Chile",,0.26731528178600,157.04530977517277,-71.407,-38.134
"Directions from Troyo, Lonquimay, Chile to Angol, Chile",,0.26759706184207,166.26278418704089,-71.407,-38.134
"Directions from Troyo, Lonquimay, Chile to Angol, Chile",,0.26765706184207,157.50000000000000,-71.407,-38.134
"Directions from Troyo, Lonquimay, Chile to Angol, Chile",,0.26767120397770,157.50000000000000,-71.407,-38.134
"Directions from Troyo, Lonquimay, Chile to Angol, Chile",,0.26776120397770,193.28252558853899,-71.407,-38.134
"Directions from Troyo, Lonquimay, Chile to Angol, Chile",,0.26785064669679,211.05136448480127,-71.407,-38.134
"Directions from Troyo, Lonquimay, Chile to Angol, Chile",,0.26793666994947,229.48631330772329,-71.407,-38.134
"Directions from Troyo, Lonquimay, Chile to Angol, Chile",,0.26802611266856,234.21747441654989,-71.407,-38.134
"Directions from Troyo, Lonquimay, Chile to Angol, Chile",,0.26805439693981,232.01812173825385,-71.407,-38.134
"Directions from Troyo, Lonquimay, Chile to Angol, Chile",,0.26822932549665,232.01812173316495,-71.407,-38.134
"Directions from Troyo, Lonquimay, Chile to Angol, Chile",,0.26831417831040,202.49999999999997,-71.407,-38.134
"Directions from Troyo, Lonquimay, Chile to Angol, Chile",,0.26832417831040,197.76883889626228,-71.407,-38.134
"Directions from Troyo, Lonquimay, Chile to Angol, Chile",,0.26841020156307,203.81621743377536,-71.407,-38.134
"Directions from Troyo, Lonquimay, Chile to Angol, Chile",,0.26855337977370,189.28891538408627,-71.407,-38.135
"Directions from Troyo, Lonquimay, Chile to Angol, Chile",,0.26899621157021,183.24153684657321,-71.407,-38.135
"Directions from Troyo, Lonquimay, Chile to Angol, Chile",,0.26905621157021,183.29097232756919,-71.407,-38.135
"Directions from Troyo, Lonquimay, Chile to Angol, Chile",,0.26984138670991,183.29097232756919,-71.407,-38.136
"Directions from Troyo, Lonquimay, Chile to Angol, Chile",,0.27001138670991,182.38182084606501,-71.407,-38.136
"Directions from Troyo, Lonquimay, Chile to Angol, Chile",,0.27013180265570,197.51003942719683,-71.407,-38.136
"Directions from Troyo, Lonquimay, Chile to Angol, Chile",,0.27027072709559,213.56316740893917,-71.407,-38.136
"Directions from Troyo, Lonquimay, Chile to Angol, Chile",,0.27032072709559,219.57179332845945,-71.407,-38.136
"Directions from Troyo, Lonquimay, Chile to Angol, Chile",,0.27046938778306,227.09245806032101,-71.407,-38.136
"Directions from Troyo, Lonquimay, Chile to Angol, Chile",,0.27093949415401,229.51616175833425,-71.408,-38.137
"Directions from Troyo, Lonquimay, Chile to Angol, Chile",,0.27132159361750,228.82431827407373,-71.408,-38.137
"Directions from Troyo, Lonquimay, Chile to Angol, Chile",,0.27154182077295,220.49654253576625,-71.408,-38.137
"Directions from Troyo, Lonquimay, Chile to Angol, Chile",,0.27173905160219,212.90282592089491,-71.408,-38.137
"Directions from Troyo, Lonquimay, Chile to Angol, Chile",,0.27241329191543,210.95257904907604,-71.409,-38.138
"Directions from Troyo, Lonquimay, Chile to Angol, Chile",,0.27250273463452,208.91439143567084,-71.409,-38.138
"Directions from Troyo, Lonquimay, Chile to Angol, Chile",,0.27283030142160,214.06681467249649,-71.409,-38.138
"Directions from Troyo, Lonquimay, Chile to Angol, Chile",,0.27288030142161,214.19603744851787,-71.409,-38.138
"Directions from Troyo, Lonquimay, Chile to Angol, Chile",,0.27376013095055,207.36038388313588,-71.409,-38.139
"Directions from Troyo, Lonquimay, Chile to Angol, Chile",,0.27383628868161,205.74967314205216,-71.409,-38.139
"Directions from Troyo, Lonquimay, Chile to Angol, Chile",,0.27398393691221,194.15037788206945,-71.410,-38.139
"Directions from Troyo, Lonquimay, Chile to Angol, Chile",,0.27402393691221,184.73116110538820,-71.410,-38.139
"Directions from Troyo, Lonquimay, Chile to Angol, Chile",,0.27414559216282,184.73116110538820,-71.410,-38.139
"Directions from Troyo, Lonquimay, Chile to Angol, Chile",,0.27417559216282,193.28252559261011,-71.410,-38.139
"Directions from Troyo, Lonquimay, Chile to Angol, Chile",,0.27419795284260,194.58380669243303,-71.410,-38.139
"Directions from Troyo, Lonquimay, Chile to Angol, Chile",,0.27441817999805,176.88037382011967,-71.410,-38.140
"Directions from Troyo, Lonquimay, Chile to Angol, Chile",,0.27487359189952,175.57909272029676,-71.409,-38.140
"Directions from Troyo, Lonquimay, Chile to Angol, Chile",,0.27492359189952,172.26068091728189,-71.409,-38.140
"Directions from Troyo, Lonquimay, Chile to Angol, Chile",,0.27559805464868,161.35997616989448,-71.409,-38.141
"Directions from Troyo, Lonquimay, Chile to Angol, Chile",,0.27565190629675,161.75063561314329,-71.409,-38.141
"Directions from Troyo, Lonquimay, Chile to Angol, Chile",,0.27628254089776,172.65134036053070,-71.409,-38.141
"Directions from Troyo, Lonquimay, Chile to Angol, Chile",,0.27633254089777,174.69017236276738,-71.409,-38.142
"Directions from Troyo, Lonquimay, Chile to Angol, Chile",,0.27649532910373,175.83547738281848,-71.409,-38.142
"Directions from Troyo, Lonquimay, Chile to Angol, Chile",,0.27674552902379,189.82231733876131,-71.409,-38.142
"Directions from Troyo, Lonquimay, Chile to Angol, Chile",,0.27691315956993,204.39179512686133,-71.409,-38.142
"Directions from Troyo, Lonquimay, Chile to Angol, Chile",,0.27712410980103,220.12182022457577,-71.409,-38.142
"Directions from Troyo, Lonquimay, Chile to Angol, Chile",,0.27733671271728,233.92515915046269,-71.409,-38.142
"Directions from Troyo, Lonquimay, Chile to Angol, Chile",,0.27780318886887,241.23559614346351,-71.410,-38.143
"Directions from Troyo, Lonquimay, Chile to Angol, Chile",,0.27789263158797,240.77207850852068,-71.410,-38.143
"Directions from Troyo, Lonquimay, Chile to Angol, Chile",,0.27895263158797,240.77207851055624,-71.411,-38.143
"Directions from Troyo, Lonquimay, Chile to Angol, Chile",,0.27899735294752,235.64867702470724,-71.411,-38.143
"Directions from Troyo, Lonquimay, Chile to Angol, Chile",,0.27956374503786,226.54625376083160,-71.411,-38.144
"Directions from Troyo, Lonquimay, Chile to Angol, Chile",,0.28132445512188,218.09692941422085,-71.413,-38.145
"Directions from Troyo, Lonquimay, Chile to Angol, Chile",,0.28144107415979,201.13684450168833,-71.413,-38.145
"Directions from Troyo, Lonquimay, Chile to Angol, Chile",,0.28154305455005,183.27314539235704,-71.413,-38.145
"Directions from Troyo, Lonquimay, Chile to Angol, Chile",,0.28166347049584,166.71747441132061,-71.413,-38.145
"Directions from Troyo, Lonquimay, Chile to Angol, Chile",,0.28171732214392,169.09929525401643,-71.413,-38.145
"Directions from Troyo, Lonquimay, Chile to Angol, Chile",,0.28172732214391,161.56505118114910,-71.413,-38.145
"Directions from Troyo, Lonquimay, Chile to Angol, Chile",,0.28177732214392,134.06106127878905,-71.413,-38.145
"Directions from Troyo, Lonquimay, Chile to Angol, Chile",,0.28189938770007,129.55530809921402,-71.412,-38.145
"Directions from Troyo, Lonquimay, Chile to Angol, Chile",,0.28235906149746,127.00874892101523,-71.412,-38.146
"Directions from Troyo, Lonquimay, Chile to Angol, Chile",,0.28282047237726,123.07636978892835,-71.412,-38.146
"Directions from Troyo, Lonquimay, Chile to Angol, Chile",,0.28300648312963,130.62691886609460,-71.412,-38.146
"Directions from Troyo, Lonquimay, Chile to Angol, Chile",,0.28304890953651,144.64502310633779,-71.412,-38.146
"Directions from Troyo, Lonquimay, Chile to Angol, Chile",,0.28334857601779,144.64502309955262,-71.411,-38.146
"Directions from Troyo, Lonquimay, Chile to Angol, Chile",,0.28336271815341,139.58117351284824,-71.411,-38.146
"Directions from Troyo, Lonquimay, Chile to Angol, Chile",,0.28358475418652,140.56864052914392,-71.411,-38.147
"Directions from Troyo, Lonquimay, Chile to Angol, Chile",,0.28399511987709,138.18681968337617,-71.411,-38.147
"Directions from Troyo, Lonquimay, Chile to Angol, Chile",,0.28491707432282,142.28710809940222,-71.410,-38.148
"Directions from Troyo, Lonquimay, Chile to Angol, Chile",,0.28519725283734,150.36577803151744,-71.410,-38.148
"Directions from Troyo, Lonquimay, Chile to Angol, Chile",,0.28531808329708,167.77802260937347,-71.410,-38.148
"Directions from Troyo, Lonquimay, Chile to Angol, Chile",,0.28541808329708,193.28252558853899,-71.410,-38.148
"Directions from Troyo, Lonquimay, Chile to Angol, Chile",,0.28550752601618,213.18531113400425,-71.410,-38.148
"Directions from Troyo, Lonquimay, Chile to Angol, Chile",,0.28558562851294,224.60213822224455,-71.410,-38.148
"Directions from Troyo, Lonquimay, Chile to Angol, Chile",,0.28567782395751,249.69935267677931,-71.410,-38.148
"Directions from Troyo, Lonquimay, Chile to Angol, Chile",,0.28568782395751,247.49999999949111,-71.410,-38.148
"Directions from Troyo, Lonquimay, Chile to Angol, Chile",,0.28597066666998,219.34503376352487,-71.411,-38.148
"Directions from Troyo, Lonquimay, Chile to Angol, Chile",,0.28607883320824,210.12755935664387,-71.411,-38.148
"Directions from Troyo, Lonquimay, Chile to Angol, Chile",,0.28612355456780,212.06682160566177,-71.411,-38.148
"Directions from Troyo, Lonquimay, Chile to Angol, Chile",,0.28628756676246,214.53642937293091,-71.411,-38.149
"Directions from Troyo, Lonquimay, Chile to Angol, Chile",,0.28665115994171,213.52097225614153,-71.411,-38.149
"Directions from Troyo, Lonquimay, Chile to Angol, Chile",,0.28673718319438,208.28759440886827,-71.411,-38.149
"Directions from Troyo, Lonquimay, Chile to Angol, Chile",,0.28687646707716,196.56613405041699,-71.411,-38.149
"Directions from Troyo, Lonquimay, Chile to Angol, Chile",,0.28701964528779,199.32990413042108,-71.411,-38.149
"Directions from Troyo, Lonquimay, Chile to Angol, Chile",,0.28704200596756,193.28252559261011,-71.411,-38.149
"Directions from Troyo, Lonquimay, Chile to Angol, Chile",,0.28730200596757,185.94432901970600,-71.411,-38.150
"Directions from Troyo, Lonquimay, Chile to Angol, Chile",,0.28749617084595,202.78936278295683,-71.411,-38.150
"Directions from Troyo, Lonquimay, Chile to Angol, Chile",,0.28792883699901,217.55686657452449,-71.411,-38.150
"Directions from Troyo, Lonquimay, Chile to Angol, Chile",,0.28815555267999,223.21183281200064,-71.411,-38.150
"Directions from Troyo, Lonquimay, Chile to Angol, Chile",,0.28835354257872,226.40777834294173,-71.412,-38.150
"Directions from Troyo, Lonquimay, Chile to Angol, Chile",,0.28878539903635,230.85863635837237,-71.412,-38.151
"Directions from Troyo, Lonquimay, Chile to Angol, Chile",,0.28937945290596,232.30615458480668,-71.412,-38.151
"Directions from Troyo, Lonquimay, Chile to Angol, Chile",,0.28966370631403,223.79024539319951,-71.413,-38.151
"Directions from Troyo, Lonquimay, Chile to Angol, Chile",,0.28976370631403,213.30738947239524,-71.413,-38.151
"Directions from Troyo, Lonquimay, Chile to Angol, Chile",,0.28984432889151,217.37244065123741,-71.413,-38.151
"Directions from Troyo, Lonquimay, Chile to Angol, Chile",,0.28988675529839,229.89120351957831,-71.413,-38.151
"Directions from Troyo, Lonquimay, Chile to Angol, Chile",,0.29009484181886,229.89120351618567,-71.413,-38.152
"Directions from Troyo, Lonquimay, Chile to Angol, Chile",,0.29022212103947,221.28429601501907,-71.413,-38.152
"Directions from Troyo, Lonquimay, Chile to Angol, Chile",,0.29038613323414,211.00627340188129,-71.413,-38.152
"Directions from Troyo, Lonquimay, Chile to Angol, Chile",,0.29050696369388,199.24009912322015,-71.413,-38.152
"Directions from Troyo, Lonquimay, Chile to Angol, Chile",,0.29063065686264,189.39994258242305,-71.413,-38.152
"Directions from Troyo, Lonquimay, Chile to Angol, Chile",,0.29075107280843,182.38182084606501,-71.413,-38.152
"Directions from Troyo, Lonquimay, Chile to Angol, Chile",,0.29090107280843,186.13238686240300,-71.413,-38.152
"Directions from Troyo, Lonquimay, Chile to Angol, Chile",,0.29113644485435,189.30248273635087,-71.413,-38.152
"Directions from Troyo, Lonquimay, Chile to Angol, Chile",,0.29122699870573,194.07080061805971,-71.413,-38.153
"Directions from Troyo, Lonquimay, Chile to Angol, Chile",,0.29138855364994,205.57958151544705,-71.413,-38.153
"Directions from Troyo, Lonquimay, Chile to Angol, Chile",,0.29157212924745,212.73854719622065,-71.413,-38.153
"Directions from Troyo, Lonquimay, Chile to Angol, Chile",,0.29203016854707,221.62021862277001,-71.414,-38.153
"Directions from Troyo, Lonquimay, Chile to Angol, Chile",,0.29222121827882,233.07866993094979,-71.414,-38.153
"Directions from Troyo, Lonquimay, Chile to Angol, Chile",,0.29233783731671,244.52656847300673,-71.414,-38.153
"Directions from Troyo, Lonquimay, Chile to Angol, Chile",,0.29245488431582,260.00844673994152,-71.414,-38.153
"Directions from Troyo, Lonquimay, Chile to Angol, Chile",,0.29247488431583,262.98187826364199,-71.414,-38.153
"Directions from Troyo, Lonquimay, Chile to Angol, Chile",,0.29251611537209,262.68654965643333,-71.414,-38.153
"Directions from Troyo, Lonquimay, Chile to Angol, Chile",,0.29348616691710,264.39484375409927,-71.415,-38.153
"Directions from Troyo, Lonquimay, Chile to Angol, Chile",,0.29364895512306,256.90390056313635,-71.415,-38.154
"Directions from Troyo, Lonquimay, Chile to Angol, Chile",,0.29428220073103,248.93120261328937,-71.416,-38.154
"Directions from Troyo, Lonquimay, Chile to Angol, Chile",,0.29432692209057,246.72592114857943,-71.416,-38.154
"Directions from Troyo, Lonquimay, Chile to Angol, Chile",,0.29444396908968,240.67854261106635,-71.416,-38.154
"Directions from Troyo, Lonquimay, Chile to Angol, Chile",,0.29450800033205,241.45262146859355,-71.416,-38.154
"Directions from Troyo, Lonquimay, Chile to Angol, Chile",,0.29453962310866,238.28252558446792,-71.416,-38.154
"Directions from Troyo, Lonquimay, Chile to Angol, Chile",,0.29456790737991,229.06505116736548,-71.416,-38.154
"Directions from Troyo, Lonquimay, Chile to Angol, Chile",,0.29491790737991,229.06505117415071,-71.416,-38.154
"Directions from Troyo, Lonquimay, Chile to Angol, Chile",,0.29496033378678,228.65287976342083,-71.416,-38.154
"Directions from Troyo, Lonquimay, Chile to Angol, Chile",,0.29523836256226,226.45352709027355,-71.417,-38.154
"Directions from Troyo, Lonquimay, Chile to Angol, Chile",,0.29533055800684,217.14568108958164,-71.417,-38.154
"Directions from Troyo, Lonquimay, Chile to Angol, Chile",,0.29536661351960,228.56250817758252,-71.417,-38.154
"Directions from Troyo, Lonquimay, Chile to Angol, Chile",,0.29538897419937,225.75371787854229,-71.417,-38.154
"Directions from Troyo, Lonquimay, Chile to Angol, Chile",,0.29555897419937,196.63345792178291,-71.417,-38.154
"Directions from Troyo, Lonquimay, Chile to Angol, Chile",,0.29566942780954,179.03470628077272,-71.417,-38.155
"Directions from Troyo, Lonquimay, Chile to Angol, Chile",,0.29591129554199,175.68377394644406,-71.417,-38.155
"Directions from Troyo, Lonquimay, Chile to Angol, Chile",,0.29629142709816,189.69516486964565,-71.417,-38.155
"Directions from Troyo, Lonquimay, Chile to Angol, Chile",,0.29688015453934,204.59926063311616,-71.417,-38.156
"Directions from Troyo, Lonquimay, Chile to Angol, Chile",,0.29702780276995,215.58982968590325,-71.417,-38.156
"Directions from Troyo, Lonquimay, Chile to Angol, Chile",,0.29721885250169,218.78702856710669,-71.417,-38.156
"Directions from Troyo, Lonquimay, Chile to Angol, Chile",,0.29737696638470,210.63010235765711,-71.417,-38.156
"Directions from Troyo, Lonquimay, Chile to Angol, Chile",,0.29739932706448,193.28252559261011,-71.417,-38.156
"Directions from Troyo, Lonquimay, Chile to Angol, Chile",,0.29740932706448,193.28252558752121,-71.417,-38.156
"Directions from Troyo, Lonquimay, Chile to Angol, Chile",,0.29749876978358,193.28252558752121,-71.417,-38.156
"Directions from Troyo, Lonquimay, Chile to Angol, Chile",,0.29755876978358,189.21747441349655,-71.417,-38.156
"Directions from Troyo, Lonquimay, Chile to Angol, Chile",,0.29759039256018,193.94863551585891,-71.417,-38.156
"Directions from Troyo, Lonquimay, Chile to Angol, Chile",,0.29771204781078,187.18070732884385,-71.417,-38.156
"Directions from Troyo, Lonquimay, Chile to Angol, Chile",,0.29806333117219,182.44954622648152,-71.417,-38.157
"Directions from Troyo, Lonquimay, Chile to Angol, Chile",,0.29813333117219,183.30673024162144,-71.417,-38.157
"Directions from Troyo, Lonquimay, Chile to Angol, Chile",,0.29882795337166,183.30673024162144,-71.417,-38.158
"Directions from Troyo, Lonquimay, Chile to Angol, Chile",,0.29885795337166,183.79732168269567,-71.417,-38.158
"Directions from Troyo, Lonquimay, Chile to Angol, Chile",,0.29900928083117,193.01479609822783,-71.417,-38.158
"Directions from Troyo, Lonquimay, Chile to Angol, Chile",,0.29904090360777,191.12451183321767,-71.417,-38.158
"Directions from Troyo, Lonquimay, Chile to Angol, Chile",,0.29919123657155,191.12451182100435,-71.418,-38.158
"Directions from Troyo, Lonquimay, Chile to Angol, Chile",,0.29922285934815,191.50443503398117,-71.418,-38.158
"Directions from Troyo, Lonquimay, Chile to Angol, Chile",,0.29972445679631,182.28696063066241,-71.418,-38.158
"Directions from Troyo, Lonquimay, Chile to Angol, Chile",,0.29992445679631,202.49999997964443,-71.418,-38.159
"Directions from Troyo, Lonquimay, Chile to Angol, Chile",,0.29993859893193,211.71747439151261,-71.418,-38.159
"Directions from Troyo, Lonquimay, Chile to Angol, Chile",,0.30009671281494,209.51812173532829,-71.418,-38.159
"Directions from Troyo, Lonquimay, Chile to Angol, Chile",,0.30018890825951,217.14568108645005,-71.418,-38.159
"Directions from Troyo, Lonquimay, Chile to Angol, Chile",,0.30026101928502,222.51512963693776,-71.418,-38.159
"Directions from Troyo, Lonquimay, Chile to Angol, Chile",,0.30038908176977,228.17009587394793,-71.418,-38.159
"Directions from Troyo, Lonquimay, Chile to Angol, Chile",,0.30051636099038,227.85529656774213,-71.418,-38.159
"Directions from Troyo, Lonquimay, Chile to Angol, Chile",,0.30065848769441,222.20033033386369,-71.418,-38.159
"Directions from Troyo, Lonquimay, Chile to Angol, Chile",,0.30069454320717,217.43799634699485,-71.418,-38.159
"Directions from Troyo, Lonquimay, Chile to Angol, Chile",,0.30080084466530,214.89819241489317,-71.418,-38.159
"Directions from Troyo, Lonquimay, Chile to Angol, Chile",,0.30092614430616,213.63513396205784,-71.418,-38.159
"Directions from Troyo, Lonquimay, Chile to Angol, Chile",,0.30099017554853,209.60792673587781,-71.418,-38.160
"Directions from Troyo, Lonquimay, Chile to Angol, Chile",,0.30107561558599,197.29614434419784,-71.418,-38.160
"Directions from Troyo, Lonquimay, Chile to Angol, Chile",,0.30115807769850,198.99936622322741,-71.418,-38.160
"Directions from Troyo, Lonquimay, Chile to Angol, Chile",,0.30145354343255,208.82627825299093,-71.418,-38.160
"Directions from Troyo, Lonquimay, Chile to Angol, Chile",,0.30148959894531,205.89691528320483,-71.418,-38.160
"Directions from Troyo, Lonquimay, Chile to Angol, Chile",,0.30203668211997,201.03312600487604,-71.419,-38.160
"Directions from Troyo, Lonquimay, Chile to Angol, Chile",,0.30252912501006,202.60649724048619,-71.419,-38.161
"Directions from Troyo, Lonquimay, Chile to Angol, Chile",,0.30272225708922,194.89063555687119,-71.419,-38.161
"Directions from Troyo, Lonquimay, Chile to Angol, Chile",,0.30292449457338,184.26538280417776,-71.419,-38.161
"Directions from Troyo, Lonquimay, Chile to Angol, Chile",,0.30295449457338,184.58117352302605,-71.419,-38.161
"Directions from Troyo, Lonquimay, Chile to Angol, Chile",,0.30358250731210,196.56241800989545,-71.419,-38.162
"Directions from Troyo, Lonquimay, Chile to Angol, Chile",,0.30368099589012,191.98124448686940,-71.419,-38.162
"Directions from Troyo, Lonquimay, Chile to Angol, Chile",,0.30370099589013,197.45124780858436,-71.419,-38.162
"Directions from Troyo, Lonquimay, Chile to Angol, Chile",,0.30422530495928,216.40700996948473,-71.419,-38.163
"Directions from Troyo, Lonquimay, Chile to Angol, Chile",,0.30697575946718,214.95845376528521,-71.421,-38.165
"Directions from Troyo, Lonquimay, Chile to Angol, Chile",,0.30716443908982,210.60143462728732,-71.421,-38.165
"Directions from Troyo, Lonquimay, Chile to Angol, Chile",,0.30833289961547,203.81621743843465,-71.422,-38.166
"Directions from Troyo, Lonquimay, Chile to Angol, Chile",,0.30836452239207,202.50000000305332,-71.422,-38.166
"Directions from Troyo, Lonquimay, Chile to Angol, Chile",,0.30845396511117,213.80236967228964,-71.422,-38.166
"Directions from Troyo, Lonquimay, Chile to Angol, Chile",,0.31029684329488,217.86742085054823,-71.423,-38.167
"Directions from Troyo, Lonquimay, Chile to Angol, Chile",,0.31092929882691,217.27153591460819,-71.423,-38.168
"Directions from Troyo, Lonquimay, Chile to Angol, Chile",,0.31266163828557,222.42395914713208,-71.424,-38.169
"Directions from Troyo, Lonquimay, Chile to Angol, Chile",,0.31274649109930,219.34503376233749,-71.424,-38.169
"Directions from Troyo, Lonquimay, Chile to Angol, Chile",,0.31285465763757,219.34503376325088,-71.425,-38.169
"Directions from Troyo, Lonquimay, Chile to Angol, Chile",,0.31303850540068,231.90751267036376,-71.425,-38.169
"Directions from Troyo, Lonquimay, Chile to Angol, Chile",,0.31348269004697,242.01994238573775,-71.425,-38.170
"Directions from Troyo, Lonquimay, Chile to Angol, Chile",,0.31362586825761,240.76739595316701,-71.425,-38.170
"Directions from Troyo, Lonquimay, Chile to Angol, Chile",,0.31369797928312,240.64651949870873,-71.425,-38.170
"Directions from Troyo, Lonquimay, Chile to Angol, Chile",,0.31386350873668,247.54897070349847,-71.425,-38.170
"Directions from Troyo, Lonquimay, Chile to Angol, Chile",,0.31436330869667,249.22942292407456,-71.426,-38.170
"Directions from Troyo, Lonquimay, Chile to Angol, Chile",,0.31582659267457,245.88947989216993,-71.427,-38.171
"Directions from Troyo, Lonquimay, Chile to Angol, Chile",,0.31591603539367,248.10943761774993,-71.427,-38.171
"Directions from Troyo, Lonquimay, Chile to Angol, Chile",,0.31665933883104,249.51721595966447,-71.428,-38.171
"Directions from Troyo, Lonquimay, Chile to Angol, Chile",,0.31693246883671,251.10713101701765,-71.428,-38.171
"Directions from Troyo, Lonquimay, Chile to Angol, Chile",,0.31697369989297,249.69935267510303,-71.428,-38.171
"Directions from Troyo, Lonquimay, Chile to Angol, Chile",,0.31744327416825,240.78448556507743,-71.429,-38.171
"Directions from Troyo, Lonquimay, Chile to Angol, Chile",,0.31787893458647,236.61576334535053,-71.429,-38.171
"Directions from Troyo, Lonquimay, Chile to Angol, Chile",,0.31840324365562,236.83396938440629,-71.429,-38.172
"Directions from Troyo, Lonquimay, Chile to Angol, Chile",,0.31861419388672,233.98456987005028,-71.430,-38.172
"Directions from Troyo, Lonquimay, Chile to Angol, Chile",,0.31879858477587,213.91682709291013,-71.430,-38.172
"Directions from Troyo, Lonquimay, Chile to Angol, Chile",,0.31883020755246,211.71747441213952,-71.430,-38.172
"Directions from Troyo, Lonquimay, Chile to Angol, Chile",,0.31887263395933,202.49999999660739,-71.430,-38.172
"Directions from Troyo, Lonquimay, Chile to Angol, Chile",,0.31889263395933,190.27802260783983,-71.430,-38.172
"Directions from Troyo, Lonquimay, Chile to Angol, Chile",,0.31897807399679,203.56054820044997,-71.430,-38.172
"Directions from Troyo, Lonquimay, Chile to Angol, Chile",,0.31902279535634,202.50000000101775,-71.430,-38.172
"Directions from Troyo, Lonquimay, Chile to Angol, Chile",,0.31908604090954,194.87244064698359,-71.430,-38.172
"Directions from Troyo, Lonquimay, Chile to Angol, Chile",,0.31913703110468,194.87244065309028,-71.430,-38.172
"Directions from Troyo, Lonquimay, Chile to Angol, Chile",,0.31920027665788,193.94863551357579,-71.430,-38.172
"Directions from Troyo, Lonquimay, Chile to Angol, Chile",,0.31926110428318,184.73116109906147,-71.430,-38.172
"Directions from Troyo, Lonquimay, Chile to Angol, Chile",,0.31938110428318,177.80064732489697,-71.430,-38.173
"Directions from Troyo, Lonquimay, Chile to Angol, Chile",,0.31951148833128,172.64822408888554,-71.430,-38.173
"Directions from Troyo, Lonquimay, Chile to Angol, Chile",,0.31962329173016,174.84757676398854,-71.430,-38.173
"Directions from Troyo, Lonquimay, Chile to Angol, Chile",,0.31965329173016,172.37244064784480,-71.430,-38.173
"Directions from Troyo, Lonquimay, Chile to Angol, Chile",,0.31988132681518,159.08991506256268,-71.430,-38.173
"Directions from Troyo, Lonquimay, Chile to Angol, Chile",,0.31999313021405,155.81676966803241,-71.430,-38.173
"Directions from Troyo, Lonquimay, Chile to Angol, Chile",,0.32010083351020,164.36813415122725,-71.430,-38.173
"Directions from Troyo, Lonquimay, Chile to Angol, Chile",,0.32022248876081,179.64192002754305,-71.430,-38.173
"Directions from Troyo, Lonquimay, Chile to Angol, Chile",,0.32035401822518,184.37308112963032,-71.430,-38.173
"Directions from Troyo, Lonquimay, Chile to Angol, Chile",,0.32040401822518,187.82112322941981,-71.430,-38.173
"Directions from Troyo, Lonquimay, Chile to Angol, Chile",,0.32066363332490,201.10364881795880,-71.430,-38.174
"Directions from Troyo, Lonquimay, Chile to Angol, Chile",,0.32075307604400,216.32298768204319,-71.430,-38.174
"Directions from Troyo, Lonquimay, Chile to Angol, Chile",,0.32112790934028,221.69243623240828,-71.430,-38.174
"Directions from Troyo, Lonquimay, Chile to Angol, Chile",,0.32165592449158,221.15197413890411,-71.430,-38.175
"Directions from Troyo, Lonquimay, Chile to Angol, Chile",,0.32183977225469,221.82990412605207,-71.431,-38.175
"Directions from Troyo, Lonquimay, Chile to Angol, Chile",,0.32190380349706,221.82990412605207,-71.431,-38.175
"Directions from Troyo, Lonquimay, Chile to Angol, Chile",,0.32220078834515,220.93494882332911,-71.431,-38.175
"Directions from Troyo, Lonquimay, Chile to Angol, Chile",,0.32230078834516,219.63366772210020,-71.431,-38.175
"Directions from Troyo, Lonquimay, Chile to Angol, Chile",,0.32261223657520,218.61096347781995,-71.431,-38.175
"Directions from Troyo, Lonquimay, Chile to Angol, Chile",,0.32289241508973,219.91224457904889,-71.431,-38.175
"Directions from Troyo, Lonquimay, Chile to Angol, Chile",,0.32309040498846,229.06505117626375,-71.431,-38.176
"Directions from Troyo, Lonquimay, Chile to Angol, Chile",,0.32329040498846,241.28702856758741,-71.432,-38.176
"Directions from Troyo, Lonquimay, Chile to Angol, Chile",,0.32337584502591,254.99081628694407,-71.432,-38.176
"Directions from Troyo, Lonquimay, Chile to Angol, Chile",,0.32355832790182,254.14432706694217,-71.432,-38.176
"Directions from Troyo, Lonquimay, Chile to Angol, Chile",,0.32379602518830,241.10664927643492,-71.432,-38.176
"Directions from Troyo, Lonquimay, Chile to Angol, Chile",,0.32388204844098,236.74928283817837,-71.432,-38.176
"Directions from Troyo, Lonquimay, Chile to Angol, Chile",,0.32399866747886,231.31953121970747,-71.432,-38.176
"Directions from Troyo, Lonquimay, Chile to Angol, Chile",,0.32428866747887,220.23635830793583,-71.432,-38.176
"Directions from Troyo, Lonquimay, Chile to Angol, Chile",,0.32433866747887,210.24963768775655,-71.432,-38.176
"Directions from Troyo, Lonquimay, Chile to Angol, Chile",,0.32451330997084,206.34199091638561,-71.433,-38.176
"Directions from Troyo, Lonquimay, Chile to Angol, Chile",,0.32461626627225,211.37233581082481,-71.433,-38.176
"Directions from Troyo, Lonquimay, Chile to Angol, Chile",,0.32472443281051,218.35756675584801,-71.433,-38.177
"Directions from Troyo, Lonquimay, Chile to Angol, Chile",,0.32492961565579,229.66749923665333,-71.433,-38.177
"Directions from Troyo, Lonquimay, Chile to Angol, Chile",,0.32496567116855,229.29181074328068,-71.433,-38.177
"Directions from Troyo, Lonquimay, Chile to Angol, Chile",,0.32511433185602,216.61872276820864,-71.433,-38.177
"Directions from Troyo, Lonquimay, Chile to Angol, Chile",,0.32523095089392,207.70385565726201,-71.433,-38.177
"Directions from Troyo, Lonquimay, Chile to Angol, Chile",,0.32535178135366,200.19467534083191,-71.433,-38.177
"Directions from Troyo, Lonquimay, Chile to Angol, Chile",,0.32578858794701,210.47269795020537,-71.433,-38.177
"Directions from Troyo, Lonquimay, Chile to Angol, Chile",,0.32580273008264,216.07484084857373,-71.433,-38.177
"Directions from Troyo, Lonquimay, Chile to Angol, Chile",,0.32624102222265,216.07484085196623,-71.433,-38.178
"Directions from Troyo, Lonquimay, Chile to Angol, Chile",,0.32628344862953,216.27640579157000,-71.433,-38.178
"Directions from Troyo, Lonquimay, Chile to Angol, Chile",,0.32654287106494,201.14818720651823,-71.434,-38.178
"Directions from Troyo, Lonquimay, Chile to Angol, Chile",,0.32673933989199,187.37178141834087,-71.434,-38.178
"Directions from Troyo, Lonquimay, Chile to Angol, Chile",,0.32679933989199,183.56250817539041,-71.434,-38.178
"Directions from Troyo, Lonquimay, Chile to Angol, Chile",,0.32687996246948,185.06890192689164,-71.434,-38.178
"Directions from Troyo, Lonquimay, Chile to Angol, Chile",,0.32726048842128,181.05170352740416,-71.434,-38.179
"Directions from Troyo, Lonquimay, Chile to Angol, Chile",,0.32789056778137,188.76278418702464,-71.434,-38.179
"Directions from Troyo, Lonquimay, Chile to Angol, Chile",,0.32827004110059,201.23958604564496,-71.434,-38.180
"Directions from Troyo, Lonquimay, Chile to Angol, Chile",,0.32898179948655,192.02211163452321,-71.434,-38.180
"Directions from Troyo, Lonquimay, Chile to Angol, Chile",,0.32899179948655,190.62525275465808,-71.434,-38.180
"Directions from Troyo, Lonquimay, Chile to Angol, Chile",,0.32918493156571,196.28021899323397,-71.434,-38.181
"Directions from Troyo, Lonquimay, Chile to Angol, Chile",,0.32923592176085,185.65496623857592,-71.434,-38.181
"Directions from Troyo, Lonquimay, Chile to Angol, Chile",,0.32927592176085,166.71747440738991,-71.434,-38.181
"Directions from Troyo, Lonquimay, Chile to Angol, Chile",,0.32929828244062,166.71747440738991,-71.434,-38.181
"Directions from Troyo, Lonquimay, Chile to Angol, Chile",,0.32931828244062,165.96375653235526,-71.434,-38.181
"Directions from Troyo, Lonquimay, Chile to Angol, Chile",,0.32948828244062,120.96375653235526,-71.434,-38.181
"Directions from Troyo, Lonquimay, Chile to Angol, Chile",,0.32949828244062,129.34503376142408,-71.434,-38.181
"Directions from Troyo, Lonquimay, Chile to Angol, Chile",,0.32954927263576,161.06250817695619,-71.434,-38.181
"Directions from Troyo, Lonquimay, Chile to Angol, Chile",,0.32959399399531,159.80314892905591,-71.434,-38.181
"Directions from Troyo, Lonquimay, Chile to Angol, Chile",,0.33026339671416,173.08567451352377,-71.434,-38.182
"Directions from Troyo, Lonquimay, Chile to Angol, Chile",,0.33028339671416,173.59786696711669,-71.434,-38.182
"Directions from Troyo, Lonquimay, Chile to Angol, Chile",,0.33050900699762,173.59786696711669,-71.434,-38.182
"Directions from Troyo, Lonquimay, Chile to Angol, Chile",,0.33068900699762,175.93494882170069,-71.434,-38.182
"Directions from Troyo, Lonquimay, Chile to Angol, Chile",,0.33075971767574,175.93494882170069,-71.434,-38.182
"Directions from Troyo, Lonquimay, Chile to Angol, Chile",,0.33079971767573,187.01812173635804,-71.434,-38.182
"Directions from Troyo, Lonquimay, Chile to Angol, Chile",,0.33084094873199,200.30064732896813,-71.434,-38.182
"Directions from Troyo, Lonquimay, Chile to Angol, Chile",,0.33088567009154,213.40070474640476,-71.434,-38.182
"Directions from Troyo, Lonquimay, Chile to Angol, Chile",,0.33105596395519,224.81753183177133,-71.434,-38.182
"Directions from Troyo, Lonquimay, Chile to Angol, Chile",,0.33114815939978,227.19935267744103,-71.434,-38.182
"Directions from Troyo, Lonquimay, Chile to Angol, Chile",,0.33141685997662,221.82990412799879,-71.434,-38.183
"Directions from Troyo, Lonquimay, Chile to Angol, Chile",,0.33154492246138,216.58416562134275,-71.434,-38.183
"Directions from Troyo, Lonquimay, Chile to Angol, Chile",,0.33173908733976,207.87951424746640,-71.434,-38.183
"Directions from Troyo, Lonquimay, Chile to Angol, Chile",,0.33193221941892,192.21516781399515,-71.434,-38.183
"Directions from Troyo, Lonquimay, Chile to Angol, Chile",,0.33229277454646,187.24488129791305,-71.434,-38.183
"Directions from Troyo, Lonquimay, Chile to Angol, Chile",,0.33234376474160,197.63621072544527,-71.434,-38.184
"Directions from Troyo, Lonquimay, Chile to Angol, Chile",,0.33244225331962,206.08992241410243,-71.434,-38.184
"Directions from Troyo, Lonquimay, Chile to Angol, Chile",,0.33290754892458,204.10023118870305,-71.435,-38.184
"Directions from Troyo, Lonquimay, Chile to Angol, Chile",,0.33337573692101,205.99424486444445,-71.435,-38.184
"Directions from Troyo, Lonquimay, Chile to Angol, Chile",,0.33365875635497,207.60198686076367,-71.435,-38.185
"Directions from Troyo, Lonquimay, Chile to Angol, Chile",,0.33396338727921,208.05191671858807,-71.435,-38.185
"Directions from Troyo, Lonquimay, Chile to Angol, Chile",,0.33416587184652,217.89207326213355,-71.435,-38.185
"Directions from Troyo, Lonquimay, Chile to Angol, Chile",,0.33435692157826,220.76935592970369,-71.435,-38.185
"Directions from Troyo, Lonquimay, Chile to Angol, Chile",,0.33454901530539,244.32990412836901,-71.435,-38.185
"Directions from Troyo, Lonquimay, Chile to Angol, Chile",,0.33455901530538,247.49999999745555,-71.435,-38.185
"Directions from Troyo, Lonquimay, Chile to Angol, Chile",,0.33461558384788,220.20852763575604,-71.436,-38.185
"Directions from Troyo, Lonquimay, Chile to Angol, Chile",,0.33516776135557,216.85360923515148,-71.436,-38.186
"Directions from Troyo, Lonquimay, Chile to Angol, Chile",,0.33540983572431,225.20758977114531,-71.436,-38.186
"Directions from Troyo, Lonquimay, Chile to Angol, Chile",,0.33552385326682,229.92566367078692,-71.436,-38.186
"Directions from Troyo, Lonquimay, Chile to Angol, Chile",,0.33567251395428,233.38127722985712,-71.436,-38.186
"Directions from Troyo, Lonquimay, Chile to Angol, Chile",,0.33573082347323,235.81544341872691,-71.436,-38.186
"Directions from Troyo, Lonquimay, Chile to Angol, Chile",,0.33594483281883,235.29463008040577,-71.436,-38.186
"Directions from Troyo, Lonquimay, Chile to Angol, Chile",,0.33613351244147,240.71478280650436,-71.437,-38.187
"Directions from Troyo, Lonquimay, Chile to Angol, Chile",,0.33682669351449,235.90070474310571,-71.437,-38.187
"Directions from Troyo, Lonquimay, Chile to Angol, Chile",,0.33706752540607,224.08601587844467,-71.437,-38.187
"Directions from Troyo, Lonquimay, Chile to Angol, Chile",,0.33745803788987,216.74781930770217,-71.438,-38.187
"Directions from Troyo, Lonquimay, Chile to Angol, Chile",,0.33756620442813,221.31762687534865,-71.438,-38.187
"Directions from Troyo, Lonquimay, Chile to Angol, Chile",,0.33797730052395,226.97259311317427,-71.438,-38.188
"Directions from Troyo, Lonquimay, Chile to Angol, Chile",,0.33809043760894,230.65496623730365,-71.438,-38.188
"Directions from Troyo, Lonquimay, Chile to Angol, Chile",,0.33816254863445,241.55567098210281,-71.438,-38.188
"Directions from Troyo, Lonquimay, Chile to Angol, Chile",,0.33823870636552,251.38258300956363,-71.438,-38.188
"Directions from Troyo, Lonquimay, Chile to Angol, Chile",,0.33840363059054,253.76440385508465,-71.438,-38.188
"Directions from Troyo, Lonquimay, Chile to Angol, Chile",,0.33865661280335,247.49999999779479,-71.439,-38.188
"Directions from Troyo, Lonquimay, Chile to Angol, Chile",,0.33872369484267,246.43945179951291,-71.439,-38.188
"Directions from Troyo, Lonquimay, Chile to Angol, Chile",,0.33880913488014,244.24009912393095,-71.439,-38.188
"Directions from Troyo, Lonquimay, Chile to Angol, Chile",,0.33898406343697,229.63630088878455,-71.439,-38.188
"Directions from Troyo, Lonquimay, Chile to Angol, Chile",,0.33915435730064,212.97315604588923,-71.439,-38.188
"Directions from Troyo, Lonquimay, Chile to Angol, Chile",,0.33945402378191,212.00005848580065,-71.439,-38.188
"Directions from Troyo, Lonquimay, Chile to Angol, Chile",,0.33969609815064,214.62695986186711,-71.439,-38.189
"Directions from Troyo, Lonquimay, Chile to Angol, Chile",,0.34016257430223,207.46312275320551,-71.440,-38.189
"Directions from Troyo, Lonquimay, Chile to Angol, Chile",,0.34026106288025,194.02405287747681,-71.440,-38.189
"Directions from Troyo, Lonquimay, Chile to Angol, Chile",,0.34040141956873,176.38784215438022,-71.440,-38.189
"Directions from Troyo, Lonquimay, Chile to Angol, Chile",,0.34055439015413,164.55847084812152,-71.440,-38.189
"Directions from Troyo, Lonquimay, Chile to Angol, Chile",,0.34103198831158,163.94903323216769,-71.439,-38.190
"Directions from Troyo, Lonquimay, Chile to Angol, Chile",,0.34112418375616,170.05940646799786,-71.439,-38.190
"Directions from Troyo, Lonquimay, Chile to Angol, Chile",,0.34143675374832,176.76451231798342,-71.439,-38.190
"Directions from Troyo, Lonquimay, Chile to Angol, Chile",,0.34208683066684,177.84348754694045,-71.439,-38.191
"Directions from Troyo, Lonquimay, Chile to Angol, Chile",,0.34219728427702,199.90278553895811,-71.439,-38.191
"Directions from Troyo, Lonquimay, Chile to Angol, Chile",,0.34221142641263,207.23116109548553,-71.439,-38.191
"Directions from Troyo, Lonquimay, Chile to Angol, Chile",,0.34227225403793,192.35872045758359,-71.439,-38.191
"Directions from Troyo, Lonquimay, Chile to Angol, Chile",,0.34250028912296,202.75577793305217,-71.439,-38.191
"Directions from Troyo, Lonquimay, Chile to Angol, Chile",,0.34263921356285,195.12821858113185,-71.439,-38.191
"Directions from Troyo, Lonquimay, Chile to Angol, Chile",,0.34264921356285,208.15496623857592,-71.439,-38.191
"Directions from Troyo, Lonquimay, Chile to Angol, Chile",,0.34272132458836,239.20633072288203,-71.440,-38.192
"Directions from Troyo, Lonquimay, Chile to Angol, Chile",,0.34291367842898,245.77334187339903,-71.440,-38.192
"Directions from Troyo, Lonquimay, Chile to Angol, Chile",,0.34299911846643,252.01089673017347,-71.440,-38.192
"Directions from Troyo, Lonquimay, Chile to Angol, Chile",,0.34329995064556,258.49159765693298,-71.440,-38.192
"Directions from Troyo, Lonquimay, Chile to Angol, Chile",,0.34375393302408,243.70267831585247,-71.441,-38.192
"Directions from Troyo, Lonquimay, Chile to Angol, Chile",,0.34376807515971,241.45262146050104,-71.441,-38.192
"Directions from Troyo, Lonquimay, Chile to Angol, Chile",,0.34391125337033,250.67009587331901,-71.441,-38.192
"Directions from Troyo, Lonquimay, Chile to Angol, Chile",,0.34404541744898,236.12451182924269,-71.441,-38.192
"Directions from Troyo, Lonquimay, Chile to Angol, Chile",,0.34415171890711,231.63819851878699,-71.441,-38.192
"Directions from Troyo, Lonquimay, Chile to Angol, Chile",,0.34423774215978,239.72271436464956,-71.441,-38.192
"Directions from Troyo, Lonquimay, Chile to Angol, Chile",,0.34440327161335,257.49155326228720,-71.441,-38.192
"Directions from Troyo, Lonquimay, Chile to Angol, Chile",,0.34442327161336,247.49999998982219,-71.441,-38.192
"Directions from Troyo, Lonquimay, Chile to Angol, Chile",,0.34445155588460,230.65496622526652,-71.441,-38.192
"Directions from Troyo, Lonquimay, Chile to Angol, Chile",,0.34448761139735,230.65496624053321,-71.441,-38.192
"Directions from Troyo, Lonquimay, Chile to Angol, Chile",,0.34451589566861,209.51812173825388,-71.441,-38.192
"Directions from Troyo, Lonquimay, Chile to Angol, Chile",,0.34463958883737,183.45561356278520,-71.441,-38.192
"Directions from Troyo, Lonquimay, Chile to Angol, Chile",,0.34472021141485,176.43749182962020,-71.441,-38.192
"Directions from Troyo, Lonquimay, Chile to Angol, Chile",,0.34476021141485,193.28252557632567,-71.441,-38.192
"Directions from Troyo, Lonquimay, Chile to Angol, Chile",,0.34478257209462,215.78252557632567,-71.441,-38.192
"Directions from Troyo, Lonquimay, Chile to Angol, Chile",,0.34485328277274,232.97269795007736,-71.441,-38.192
"Directions from Troyo, Lonquimay, Chile to Angol, Chile",,0.34495623907415,237.70385905477789,-71.441,-38.193
"Directions from Troyo, Lonquimay, Chile to Angol, Chile",,0.34512828557949,226.56106523141457,-71.441,-38.193
"Directions from Troyo, Lonquimay, Chile to Angol, Chile",,0.34532037930661,208.54737853919289,-71.442,-38.193
"Directions from Troyo, Lonquimay, Chile to Angol, Chile",,0.34557336151943,189.21747441247877,-71.442,-38.193
"Directions from Troyo, Lonquimay, Chile to Angol, Chile",,0.34558336151943,202.49999999491109,-71.442,-38.193
"Directions from Troyo, Lonquimay, Chile to Angol, Chile",,0.34561164579067,232.62755934612684,-71.442,-38.193
"Directions from Troyo, Lonquimay, Chile to Angol, Chile",,0.34569226836816,255.12755935121572,-71.442,-38.193
"Directions from Troyo, Lonquimay, Chile to Angol, Chile",,0.34571226836816,256.71747441960326,-71.442,-38.193
"Directions from Troyo, Lonquimay, Chile to Angol, Chile",,0.34573462904794,249.69935268324525,-71.442,-38.193
"Directions from Troyo, Lonquimay, Chile to Angol, Chile",,0.34577586010419,264.66510859591841,-71.442,-38.193
"Directions from Troyo, Lonquimay, Chile to Angol, Chile",,0.34594615396785,260.78252558980239,-71.442,-38.193
"Directions from Troyo, Lonquimay, Chile to Angol, Chile",,0.34600000561592,236.59929525243717,-71.442,-38.193
"Directions from Troyo, Lonquimay, Chile to Angol, Chile",,0.34602828988716,202.49999999491109,-71.442,-38.193
"Directions from Troyo, Lonquimay, Chile to Angol, Chile",,0.34603828988716,196.84503376612153,-71.442,-38.193
"Directions from Troyo, Lonquimay, Chile to Angol, Chile",,0.34607434539992,208.15496624086444,-71.442,-38.193
"Directions from Troyo, Lonquimay, Chile to Angol, Chile",,0.34620434539992,236.30993247474288,-71.442,-38.193
"Directions from Troyo, Lonquimay, Chile to Angol, Chile",,0.34621434539992,232.62755935043279,-71.442,-38.193
"Directions from Troyo, Lonquimay, Chile to Angol, Chile",,0.34632836294243,197.90558195827268,-71.442,-38.193
"Directions from Troyo, Lonquimay, Chile to Angol, Chile",,0.34641380297989,192.32083099844724,-71.442,-38.193
"Directions from Troyo, Lonquimay, Chile to Angol, Chile",,0.34655415966837,186.10785956911027,-71.442,-38.194
"Directions from Troyo, Lonquimay, Chile to Angol, Chile",,0.34669558102460,184.06505117850287,-71.442,-38.194
"Directions from Troyo, Lonquimay, Chile to Angol, Chile",,0.34675558102460,193.28252557632567,-71.442,-38.194
"Directions from Troyo, Lonquimay, Chile to Angol, Chile",,0.34677794170437,192.08955356243655,-71.442,-38.194
"Directions from Troyo, Lonquimay, Chile to Angol, Chile",,0.34701814994736,192.08955357057877,-71.442,-38.194
"Directions from Troyo, Lonquimay, Chile to Angol, Chile",,0.34706287130691,200.30064732082593,-71.442,-38.194
"Directions from Troyo, Lonquimay, Chile to Angol, Chile",,0.34710410236316,198.61741699142732,-71.442,-38.194
"Directions from Troyo, Lonquimay, Chile to Angol, Chile",,0.34718026009422,210.92919938360379,-71.442,-38.194
"Directions from Troyo, Lonquimay, Chile to Angol, Chile",,0.34730832257898,220.63693211251103,-71.442,-38.194
"Directions from Troyo, Lonquimay, Chile to Angol, Chile",,0.34764802833400,225.84983637458396,-71.443,-38.195
"Directions from Troyo, Lonquimay, Chile to Angol, Chile",,0.34784652266641,227.04280839162519,-71.443,-38.195
"Directions from Troyo, Lonquimay, Chile to Angol, Chile",,0.34798794402265,227.84185316864847,-71.443,-38.195
"Directions from Troyo, Lonquimay, Chile to Angol, Chile",,0.34948731055556,233.23400210132291,-71.444,-38.196
"Directions from Troyo, Lonquimay, Chile to Angol, Chile",,0.34978963488471,234.06833861407597,-71.444,-38.196
"Directions from Troyo, Lonquimay, Chile to Angol, Chile",,0.35023167560682,237.89366409184467,-71.445,-38.196
"Directions from Troyo, Lonquimay, Chile to Angol, Chile",,0.35047764308435,246.03216327655585,-71.445,-38.196
"Directions from Troyo, Lonquimay, Chile to Angol, Chile",,0.35097160664575,251.11991869833673,-71.445,-38.196
"Directions from Troyo, Lonquimay, Chile to Angol, Chile",,0.35114880709723,248.52270424470291,-71.445,-38.197
"Directions from Troyo, Lonquimay, Chile to Angol, Chile",,0.35119352845677,248.36785229446423,-71.446,-38.197
"Directions from Troyo, Lonquimay, Chile to Angol, Chile",,0.35140233458694,248.91870535146535,-71.446,-38.197
"Directions from Troyo, Lonquimay, Chile to Angol, Chile",,0.35163492865393,241.55354466113437,-71.446,-38.197
"Directions from Troyo, Lonquimay, Chile to Angol, Chile",,0.35184587888503,245.06774278121125,-71.446,-38.197
"Directions from Troyo, Lonquimay, Chile to Angol, Chile",,0.35187750166164,241.70391229511131,-71.446,-38.197
"Directions from Troyo, Lonquimay, Chile to Angol, Chile",,0.35205554659979,225.25129083262445,-71.446,-38.197
"Directions from Troyo, Lonquimay, Chile to Angol, Chile",,0.35211957784217,228.84802586001533,-71.446,-38.197
"Directions from Troyo, Lonquimay, Chile to Angol, Chile",,0.35235281591795,226.36315549799701,-71.447,-38.197
"Directions from Troyo, Lonquimay, Chile to Angol, Chile",,0.35246098245622,219.34503376064117,-71.447,-38.197
"Directions from Troyo, Lonquimay, Chile to Angol, Chile",,0.35250340886309,219.99601009609168,-71.447,-38.197
"Directions from Troyo, Lonquimay, Chile to Angol, Chile",,0.35274753997540,212.02331214940693,-71.447,-38.197
"Directions from Troyo, Lonquimay, Chile to Angol, Chile",,0.35285049627681,199.25846315558593,-71.447,-38.198
"Directions from Troyo, Lonquimay, Chile to Angol, Chile",,0.35291132390211,182.34934025959825,-71.447,-38.198
"Directions from Troyo, Lonquimay, Chile to Angol, Chile",,0.35303173984791,171.35377529744341,-71.447,-38.198
"Directions from Troyo, Lonquimay, Chile to Angol, Chile",,0.35312393529248,179.78297468380180,-71.447,-38.198
"Directions from Troyo, Lonquimay, Chile to Angol, Chile",,0.35326711350312,200.35260837146089,-71.447,-38.198
"Directions from Troyo, Lonquimay, Chile to Angol, Chile",,0.35339241314397,203.52270424568181,-71.447,-38.198
"Directions from Troyo, Lonquimay, Chile to Angol, Chile",,0.35345565869718,209.41742658135064,-71.447,-38.198
"Directions from Troyo, Lonquimay, Chile to Angol, Chile",,0.35407282966214,214.42141647899064,-71.447,-38.199
"Directions from Troyo, Lonquimay, Chile to Angol, Chile",,0.35434577654342,195.72785806472399,-71.447,-38.199
"Directions from Troyo, Lonquimay, Chile to Angol, Chile",,0.35472630249523,176.77523264745653,-71.447,-38.199
"Directions from Troyo, Lonquimay, Chile to Angol, Chile",,0.35478713012054,173.48067170675461,-71.447,-38.199
"Directions from Troyo, Lonquimay, Chile to Angol, Chile",,0.35494744231595,155.71183281186771,-71.447,-38.199
"Directions from Troyo, Lonquimay, Chile to Angol, Chile",,0.35496158445158,151.84503376494717,-71.447,-38.199
"Directions from Troyo, Lonquimay, Chile to Angol, Chile",,0.35506356484185,162.36378927807777,-71.447,-38.200
"Directions from Troyo, Lonquimay, Chile to Angol, Chile",,0.35516205341986,147.42579292937512,-71.447,-38.200
"Directions from Troyo, Lonquimay, Chile to Angol, Chile",,0.35526835487800,146.12451183177660,-71.447,-38.200
"Directions from Troyo, Lonquimay, Chile to Angol, Chile",,0.35531307623754,166.71747441553214,-71.447,-38.200
"Directions from Troyo, Lonquimay, Chile to Angol, Chile",,0.35534307623755,193.28252558446789,-71.447,-38.200
"Directions from Troyo, Lonquimay, Chile to Angol, Chile",,0.35538779759709,211.98520390026104,-71.447,-38.200
"Directions from Troyo, Lonquimay, Chile to Angol, Chile",,0.35560180694268,208.81510803227084,-71.447,-38.200
"Directions from Troyo, Lonquimay, Chile to Angol, Chile",,0.35580429151000,193.28252559042559,-71.447,-38.200
"Directions from Troyo, Lonquimay, Chile to Angol, Chile",,0.35589484536138,183.17009587394793,-71.448,-38.200
"Directions from Troyo, Lonquimay, Chile to Angol, Chile",,0.35593484536138,165.12755935215520,-71.448,-38.200
"Directions from Troyo, Lonquimay, Chile to Angol, Chile",,0.35601546793886,137.27099783978355,-71.447,-38.200
"Directions from Troyo, Lonquimay, Chile to Angol, Chile",,0.35628173847798,136.66156022398633,-71.447,-38.201
"Directions from Troyo, Lonquimay, Chile to Angol, Chile",,0.35639835751588,173.73559615189012,-71.447,-38.201
"Directions from Troyo, Lonquimay, Chile to Angol, Chile",,0.35642998029248,206.06250817225876,-71.447,-38.201
"Directions from Troyo, Lonquimay, Chile to Angol, Chile",,0.35646603580523,196.84503375672665,-71.447,-38.201
"Directions from Troyo, Lonquimay, Chile to Angol, Chile",,0.35649603580523,185.65496623857592,-71.447,-38.201
"Directions from Troyo, Lonquimay, Chile to Angol, Chile",,0.35654702600037,202.50000000156581,-71.447,-38.201
"Directions from Troyo, Lonquimay, Chile to Angol, Chile",,0.35661913702588,216.17493789003493,-71.447,-38.201
"Directions from Troyo, Lonquimay, Chile to Angol, Chile",,0.35674719951062,221.82990412577283,-71.447,-38.201
"Directions from Troyo, Lonquimay, Chile to Angol, Chile",,0.35686033659561,230.65496623730365,-71.447,-38.201
"Directions from Troyo, Lonquimay, Chile to Angol, Chile",,0.35693244762112,247.50000000000000,-71.447,-38.201
"Directions from Troyo, Lonquimay, Chile to Angol, Chile",,0.35698343781626,255.12755935098087,-71.448,-38.201
"Directions from Troyo, Lonquimay, Chile to Angol, Chile",,0.35704668336947,260.78252558955677,-71.448,-38.201
"Directions from Troyo, Lonquimay, Chile to Angol, Chile",,0.35710668336946,263.89976563659371,-71.448,-38.201
"Directions from Troyo, Lonquimay, Chile to Angol, Chile",,0.35748523323408,254.68229122513273,-71.448,-38.201
"Directions from Troyo, Lonquimay, Chile to Angol, Chile",,0.35789632932990,248.66865292990047,-71.448,-38.201
"Directions from Troyo, Lonquimay, Chile to Angol, Chile",,0.35811564645190,237.58548001646443,-71.449,-38.201
"Directions from Troyo, Lonquimay, Chile to Angol, Chile",,0.35820784189647,226.65889058159885,-71.449,-38.201
"Directions from Troyo, Lonquimay, Chile to Angol, Chile",,0.35858267519275,226.14276823877225,-71.449,-38.202
"Directions from Troyo, Lonquimay, Chile to Angol, Chile",,0.35882350708432,232.03979184401649,-71.449,-38.202
"Directions from Troyo, Lonquimay, Chile to Angol, Chile",,0.35908977762345,237.72834292934263,-71.449,-38.202
"Directions from Troyo, Lonquimay, Chile to Angol, Chile",,0.35922870206334,237.37577131832325,-71.449,-38.202
"Directions from Troyo, Lonquimay, Chile to Angol, Chile",,0.35947283317564,239.22146431218164,-71.450,-38.202
"Directions from Troyo, Lonquimay, Chile to Angol, Chile",,0.35965171861385,256.71747441146101,-71.450,-38.202
"Directions from Troyo, Lonquimay, Chile to Angol, Chile",,0.35966171861385,257.61242971588189,-71.450,-38.202
"Directions from Troyo, Lonquimay, Chile to Angol, Chile",,0.35980489682448,249.63973176503637,-71.450,-38.202
"Directions from Troyo, Lonquimay, Chile to Angol, Chile",,0.35987769792337,249.80532465927161,-71.450,-38.202
"Directions from Troyo, Lonquimay, Chile to Angol, Chile",,0.36024018930258,242.29614434348159,-71.450,-38.203
"Directions from Troyo, Lonquimay, Chile to Angol, Chile",,0.36029849882153,254.51812173336452,-71.450,-38.203
"Directions from Troyo, Lonquimay, Chile to Angol, Chile",,0.36030849882152,254.33565356604177,-71.450,-38.203
"Directions from Troyo, Lonquimay, Chile to Angol, Chile",,0.36057775706188,242.35440907917240,-71.451,-38.203
"Directions from Troyo, Lonquimay, Chile to Angol, Chile",,0.36067624563990,242.53687724649512,-71.451,-38.203
"Directions from Troyo, Lonquimay, Chile to Angol, Chile",,0.36073455515885,254.51812173336452,-71.451,-38.203
"Directions from Troyo, Lonquimay, Chile to Angol, Chile",,0.36074455515885,249.00639375254153,-71.451,-38.203
"Directions from Troyo, Lonquimay, Chile to Angol, Chile",,0.36087909139933,224.46358536260581,-71.451,-38.203
"Directions from Troyo, Lonquimay, Chile to Angol, Chile",,0.36107758573174,200.45719161006423,-71.451,-38.203
"Directions from Troyo, Lonquimay, Chile to Angol, Chile",,0.36108758573174,203.15097633649961,-71.451,-38.203
"Directions from Troyo, Lonquimay, Chile to Angol, Chile",,0.36171000038452,219.99601009322629,-71.451,-38.203
"Directions from Troyo, Lonquimay, Chile to Angol, Chile",,0.36174605589727,221.38784214733408,-71.452,-38.203
"Directions from Troyo, Lonquimay, Chile to Angol, Chile",,0.36194455022969,227.04280839060741,-71.452,-38.204
"Directions from Troyo, Lonquimay, Chile to Angol, Chile",,0.36208597158593,229.06505117707800,-71.452,-38.204
"Directions from Troyo, Lonquimay, Chile to Angol, Chile",,0.36218597158593,225.64366447050563,-71.452,-38.204
"Directions from Troyo, Lonquimay, Chile to Angol, Chile",,0.36254206146223,214.56049155886575,-71.452,-38.204
"Directions from Troyo, Lonquimay, Chile to Angol, Chile",,0.36260037098117,213.67405417328291,-71.452,-38.204
"Directions from Troyo, Lonquimay, Chile to Angol, Chile",,0.36283637945559,221.16177138086576,-71.452,-38.204
"Directions from Troyo, Lonquimay, Chile to Angol, Chile",,0.36326777254779,222.74942945765545,-71.453,-38.205
"Directions from Troyo, Lonquimay, Chile to Angol, Chile",,0.36356610122560,223.14768627876251,-71.453,-38.205
"Directions from Troyo, Lonquimay, Chile to Angol, Chile",,0.36379955357620,223.55012058106081,-71.453,-38.205
"Directions from Troyo, Lonquimay, Chile to Angol, Chile",,0.36432452976614,222.68226828547876,-71.453,-38.205
"Directions from Troyo, Lonquimay, Chile to Angol, Chile",,0.36442352471550,220.26883889480831,-71.453,-38.205
"Directions from Troyo, Lonquimay, Chile to Angol, Chile",,0.36468159447352,220.26883889456599,-71.453,-38.206
"Directions from Troyo, Lonquimay, Chile to Angol, Chile",,0.36476644728725,222.14470342965464,-71.454,-38.206
"Directions from Troyo, Lonquimay, Chile to Angol, Chile",,0.36490857399129,214.51714407919573,-71.454,-38.206
"Directions from Troyo, Lonquimay, Chile to Angol, Chile",,0.36498919656877,218.19072916891881,-71.454,-38.206
"Directions from Troyo, Lonquimay, Chile to Angol, Chile",,0.36523678493683,220.76953632943619,-71.454,-38.206
"Directions from Troyo, Lonquimay, Chile to Angol, Chile",,0.36576109400599,203.10621404693811,-71.454,-38.206
"Directions from Troyo, Lonquimay, Chile to Angol, Chile",,0.36581208420113,208.15496622839817,-71.454,-38.207
"Directions from Troyo, Lonquimay, Chile to Angol, Chile",,0.36582622633675,202.49999998982219,-71.454,-38.207
"Directions from Troyo, Lonquimay, Chile to Angol, Chile",,0.36587622633675,170.00844673934716,-71.454,-38.207
"Directions from Troyo, Lonquimay, Chile to Angol, Chile",,0.36599327333585,170.00844673934716,-71.454,-38.207
"Directions from Troyo, Lonquimay, Chile to Angol, Chile",,0.36600327333586,169.09929526103556,-71.454,-38.207
"Directions from Troyo, Lonquimay, Chile to Angol, Chile",,0.36605712498393,164.36813415537233,-71.454,-38.207
"Directions from Troyo, Lonquimay, Chile to Angol, Chile",,0.36611795260923,164.99081628445205,-71.454,-38.207
"Directions from Troyo, Lonquimay, Chile to Angol, Chile",,0.36637427272159,167.23710702529635,-71.454,-38.207
"Directions from Troyo, Lonquimay, Chile to Angol, Chile",,0.36660514064920,178.46970585197295,-71.454,-38.207
"Directions from Troyo, Lonquimay, Chile to Angol, Chile",,0.36690530726960,184.51708439072087,-71.454,-38.208
"Directions from Troyo, Lonquimay, Chile to Angol, Chile",,0.36714717500205,191.75727834133531,-71.454,-38.208
"Directions from Troyo, Lonquimay, Chile to Angol, Chile",,0.36732437545351,192.56785130009587,-71.454,-38.208
"Directions from Troyo, Lonquimay, Chile to Angol, Chile",,0.36745590491789,180.81057295729917,-71.454,-38.208
"Directions from Troyo, Lonquimay, Chile to Angol, Chile",,0.36753652749538,176.43749182460962,-71.454,-38.208
"Directions from Troyo, Lonquimay, Chile to Angol, Chile",,0.36772652749537,191.98124448686940,-71.454,-38.208
"Directions from Troyo, Lonquimay, Chile to Angol, Chile",,0.36792350465141,201.19871889782152,-71.454,-38.209
"Directions from Troyo, Lonquimay, Chile to Angol, Chile",,0.36804999575782,195.83773437068135,-71.454,-38.209
"Directions from Troyo, Lonquimay, Chile to Angol, Chile",,0.36822463824978,188.66306834744347,-71.454,-38.209
"Directions from Troyo, Lonquimay, Chile to Angol, Chile",,0.36836499493826,195.32533398032433,-71.454,-38.209
"Directions from Troyo, Lonquimay, Chile to Angol, Chile",,0.36838735561804,193.28252559261011,-71.454,-38.209
"Directions from Troyo, Lonquimay, Chile to Angol, Chile",,0.36878735561803,176.43749182460962,-71.454,-38.209
"Directions from Troyo, Lonquimay, Chile to Angol, Chile",,0.36886797819552,174.93109807257417,-71.454,-38.210
"Directions from Troyo, Lonquimay, Chile to Angol, Chile",,0.36962903009914,182.05611442351156,-71.454,-38.210
"Directions from Troyo, Lonquimay, Chile to Angol, Chile",,0.36979027525411,191.53520612293588,-71.454,-38.210
"Directions from Troyo, Lonquimay, Chile to Angol, Chile",,0.36986307635300,192.70385905126415,-71.454,-38.211
"Directions from Troyo, Lonquimay, Chile to Angol, Chile",,0.37010638685421,186.49188779289321,-71.454,-38.211
"Directions from Troyo, Lonquimay, Chile to Angol, Chile",,0.37075761646042,186.24703999586097,-71.454,-38.211
"Directions from Troyo, Lonquimay, Chile to Angol, Chile",,0.37094997030103,186.86813415290803,-71.454,-38.212
"Directions from Troyo, Lonquimay, Chile to Angol, Chile",,0.37107038624682,187.11298194934429,-71.454,-38.212
"Directions from Troyo, Lonquimay, Chile to Angol, Chile",,0.37125286912273,184.73116110327928,-71.454,-38.212
"Directions from Troyo, Lonquimay, Chile to Angol, Chile",,0.37131286912273,184.37308113268955,-71.454,-38.212
"Directions from Troyo, Lonquimay, Chile to Angol, Chile",,0.37144439858710,185.84381362962955,-71.454,-38.212
"Directions from Troyo, Lonquimay, Chile to Angol, Chile",,0.37397773630640,184.32602906521956,-71.455,-38.215
"Directions from Troyo, Lonquimay, Chile to Angol, Chile",,0.37458072884367,184.14197629982183,-71.455,-38.215
"Directions from Troyo, Lonquimay, Chile to Angol, Chile",,0.37547162726661,179.54201727907537,-71.455,-38.216
"Directions from Troyo, Lonquimay, Chile to Angol, Chile",,0.37629315024255,171.23721581333041,-71.455,-38.217
"Directions from Troyo, Lonquimay, Chile to Angol, Chile",,0.37670546080511,172.98187826579732,-71.454,-38.217
"Directions from Troyo, Lonquimay, Chile to Angol, Chile",,0.37684546080511,183.56250817570353,-71.454,-38.217
"Directions from Troyo, Lonquimay, Chile to Angol, Chile",,0.37692608338259,189.82691202788456,-71.454,-38.218
"Directions from Troyo, Lonquimay, Chile to Angol, Chile",,0.37701827882716,199.54692944071999,-71.455,-38.218
"Directions from Troyo, Lonquimay, Chile to Angol, Chile",,0.37704063950695,200.30064732489703,-71.455,-38.218
"Directions from Troyo, Lonquimay, Chile to Angol, Chile",,0.37708187056320,196.73813915007031,-71.455,-38.218
"Directions from Troyo, Lonquimay, Chile to Angol, Chile",,0.37744242569075,195.37498365307113,-71.455,-38.218
"Directions from Troyo, Lonquimay, Chile to Angol, Chile",,0.37749341588588,200.78318481975231,-71.455,-38.218
"Directions from Troyo, Lonquimay, Chile to Angol, Chile",,0.37763234032577,217.62821858039351,-71.455,-38.218
"Directions from Troyo, Lonquimay, Chile to Angol, Chile",,0.37764648246140,217.68956300548601,-71.455,-38.218
"Directions from Troyo, Lonquimay, Chile to Angol, Chile",,0.37798263718768,208.47208859538205,-71.455,-38.218
"Directions from Troyo, Lonquimay, Chile to Angol, Chile",,0.37811680126633,193.28252558989607,-71.455,-38.219
"Directions from Troyo, Lonquimay, Chile to Angol, Chile",,0.37813680126633,189.21747441010396,-71.455,-38.219
"Directions from Troyo, Lonquimay, Chile to Angol, Chile",,0.37823166959613,192.38757028405189,-71.455,-38.219
"Directions from Troyo, Lonquimay, Chile to Angol, Chile",,0.37832222344751,183.17009587394793,-71.455,-38.219
"Directions from Troyo, Lonquimay, Chile to Angol, Chile",,0.37838222344752,175.26883889433677,-71.455,-38.219
"Directions from Troyo, Lonquimay, Chile to Angol, Chile",,0.37844305107282,160.96360906174306,-71.455,-38.219
"Directions from Troyo, Lonquimay, Chile to Angol, Chile",,0.37869365035454,144.55792566380686,-71.455,-38.219
"Directions from Troyo, Lonquimay, Chile to Angol, Chile",,0.37884231104201,134.81612646727550,-71.455,-38.219
"Directions from Troyo, Lonquimay, Chile to Angol, Chile",,0.37936633394228,135.13620130315144,-71.454,-38.220
"Directions from Troyo, Lonquimay, Chile to Angol, Chile",,0.37948674988806,145.03285244777928,-71.454,-38.220
"Directions from Troyo, Lonquimay, Chile to Angol, Chile",,0.37963439811867,148.70618362638155,-71.454,-38.220
"Directions from Troyo, Lonquimay, Chile to Angol, Chile",,0.37990066865778,148.32925946441273,-71.454,-38.220
"Directions from Troyo, Lonquimay, Chile to Angol, Chile",,0.38000362495919,165.47269795353398,-71.454,-38.220
"Directions from Troyo, Lonquimay, Chile to Angol, Chile",,0.38006362495918,135.00000000000000,-71.454,-38.220
"Directions from Troyo, Lonquimay, Chile to Angol, Chile",,0.38007362495919,147.38757028282723,-71.454,-38.220
"Directions from Troyo, Lonquimay, Chile to Angol, Chile",,0.38021680316981,214.88757028342593,-71.454,-38.220
"Directions from Troyo, Lonquimay, Chile to Angol, Chile",,0.38045721947543,220.10879648441295,-71.454,-38.221
"Directions from Troyo, Lonquimay, Chile to Angol, Chile",,0.38066530599589,211.91402631783416,-71.454,-38.221
"Directions from Troyo, Lonquimay, Chile to Angol, Chile",,0.38079060563675,204.93048258769559,-71.454,-38.221
"Directions from Troyo, Lonquimay, Chile to Angol, Chile",,0.38117686979507,207.47028651040239,-71.455,-38.221
"Directions from Troyo, Lonquimay, Chile to Angol, Chile",,0.38121292530782,210.12755934567275,-71.455,-38.221
"Directions from Troyo, Lonquimay, Chile to Angol, Chile",,0.38143653210558,203.10943761815699,-71.455,-38.221
"Directions from Troyo, Lonquimay, Chile to Angol, Chile",,0.38158519279305,192.20873287204708,-71.455,-38.222
"Directions from Troyo, Lonquimay, Chile to Angol, Chile",,0.38170560873883,182.38182084283619,-71.455,-38.222
"Directions from Troyo, Lonquimay, Chile to Angol, Chile",,0.38203560873884,177.14470343235863,-71.455,-38.222
"Directions from Troyo, Lonquimay, Chile to Angol, Chile",,0.38223660625126,180.31479930556185,-71.455,-38.222
"Directions from Troyo, Lonquimay, Chile to Angol, Chile",,0.38277992935955,179.60758769760403,-71.455,-38.223
"Directions from Troyo, Lonquimay, Chile to Angol, Chile",,0.38302179709200,175.19271536301719,-71.455,-38.223
"Directions from Troyo, Lonquimay, Chile to Angol, Chile",,0.38325201438066,180.72781665376144,-71.455,-38.223
"Directions from Troyo, Lonquimay, Chile to Angol, Chile",,0.38383339205481,186.90549658661260,-71.455,-38.224
"Directions from Troyo, Lonquimay, Chile to Angol, Chile",,0.38406684440541,195.55815622514325,-71.455,-38.224
"Directions from Troyo, Lonquimay, Chile to Angol, Chile",,0.38445310856373,205.65954416350897,-71.455,-38.224
"Directions from Troyo, Lonquimay, Chile to Angol, Chile",,0.38467265354773,195.03429140983320,-71.455,-38.225
"Directions from Troyo, Lonquimay, Chile to Angol, Chile",,0.38468265354772,195.48187826563759,-71.455,-38.225
"Directions from Troyo, Lonquimay, Chile to Angol, Chile",,0.38485758210457,213.25071716189987,-71.455,-38.225
"Directions from Troyo, Lonquimay, Chile to Angol, Chile",,0.38494360535724,205.69852202942897,-71.455,-38.225
"Directions from Troyo, Lonquimay, Chile to Angol, Chile",,0.38585842774437,202.45698518308927,-71.455,-38.226
"Directions from Troyo, Lonquimay, Chile to Angol, Chile",,0.38596138404578,206.74927944054917,-71.456,-38.226
"Directions from Troyo, Lonquimay, Chile to Angol, Chile",,0.38608221450552,211.55188151667861,-71.456,-38.226
"Directions from Troyo, Lonquimay, Chile to Angol, Chile",,0.38627430823264,212.61242971540531,-71.456,-38.226
"Directions from Troyo, Lonquimay, Chile to Angol, Chile",,0.38638611163151,200.30064732571125,-71.456,-38.226
"Directions from Troyo, Lonquimay, Chile to Angol, Chile",,0.38642734268777,187.01812173635804,-71.456,-38.226
"Directions from Troyo, Lonquimay, Chile to Angol, Chile",,0.38649734268777,171.65037788449717,-71.456,-38.226
"Directions from Troyo, Lonquimay, Chile to Angol, Chile",,0.38660174575286,168.79508131473963,-71.456,-38.226
"Directions from Troyo, Lonquimay, Chile to Angol, Chile",,0.38670224450907,178.20525162890780,-71.456,-38.226
"Directions from Troyo, Lonquimay, Chile to Angol, Chile",,0.38724261475251,179.86757618308292,-71.456,-38.227
"Directions from Troyo, Lonquimay, Chile to Angol, Chile",,0.38748282299550,174.54164517809969,-71.456,-38.227
"Directions from Troyo, Lonquimay, Chile to Angol, Chile",,0.38768506047966,167.38499507674757,-71.456,-38.227
"Directions from Troyo, Lonquimay, Chile to Angol, Chile",,0.38799826967493,165.76623341844376,-71.456,-38.228
"Directions from Troyo, Lonquimay, Chile to Angol, Chile",,0.38824342268837,174.11585553537833,-71.456,-38.228
"Directions from Troyo, Lonquimay, Chile to Angol, Chile",,0.38833342268837,185.65496623074685,-71.456,-38.228
"Directions from Troyo, Lonquimay, Chile to Angol, Chile",,0.38838441288351,187.24488129118009,-71.456,-38.228
"Directions from Troyo, Lonquimay, Chile to Angol, Chile",,0.38856469044728,187.01006778760737,-71.456,-38.228
"Directions from Troyo, Lonquimay, Chile to Angol, Chile",,0.38904322989184,188.14031874258549,-71.456,-38.229
"Directions from Troyo, Lonquimay, Chile to Angol, Chile",,0.38946513035403,175.70204428264543,-71.456,-38.229
"Directions from Troyo, Lonquimay, Chile to Angol, Chile",,0.38958882352280,168.25071716184596,-71.456,-38.229
"Directions from Troyo, Lonquimay, Chile to Angol, Chile",,0.38971047877341,180.92380513397063,-71.456,-38.229
"Directions from Troyo, Lonquimay, Chile to Angol, Chile",,0.38976146896854,198.93749183196897,-71.456,-38.229
"Directions from Troyo, Lonquimay, Chile to Angol, Chile",,0.38978382964832,193.28252559261011,-71.456,-38.229
"Directions from Troyo, Lonquimay, Chile to Angol, Chile",,0.38979382964832,206.56505117544953,-71.456,-38.229
"Directions from Troyo, Lonquimay, Chile to Angol, Chile",,0.38984382964832,229.06505117748512,-71.456,-38.229
"Directions from Troyo, Lonquimay, Chile to Angol, Chile",,0.38991454032644,221.82990412808763,-71.456,-38.230
"Directions from Troyo, Lonquimay, Chile to Angol, Chile",,0.39004260281119,213.63513396007193,-71.456,-38.230
"Directions from Troyo, Lonquimay, Chile to Angol, Chile",,0.39016790245205,199.30921973405745,-71.456,-38.230
"Directions from Troyo, Lonquimay, Chile to Angol, Chile",,0.39034052921707,186.91102731776823,-71.456,-38.230
"Directions from Troyo, Lonquimay, Chile to Angol, Chile",,0.39064119514464,180.72635008869037,-71.456,-38.230
"Directions from Troyo, Lonquimay, Chile to Angol, Chile",,0.39161201953659,175.11199752540946,-71.456,-38.231
"Directions from Troyo, Lonquimay, Chile to Angol, Chile",,0.39308433064502,176.95879478160461,-71.456,-38.233
"Directions from Troyo, Lonquimay, Chile to Angol, Chile",,0.39351444690836,184.57375670015429,-71.456,-38.233
"Directions from Troyo, Lonquimay, Chile to Angol, Chile",,0.39402922841542,184.78211979524568,-71.456,-38.234
"Directions from Troyo, Lonquimay, Chile to Angol, Chile",,0.39533983896016,185.24755415493584,-71.456,-38.235
"Directions from Troyo, Lonquimay, Chile to Angol, Chile",,0.39547136842454,197.65560672122851,-71.456,-38.235
"Directions from Troyo, Lonquimay, Chile to Angol, Chile",,0.39558317182342,238.28252558853899,-71.456,-38.235
"Directions from Troyo, Lonquimay, Chile to Angol, Chile",,0.39559317182341,244.90278554713373,-71.456,-38.235
"Directions from Troyo, Lonquimay, Chile to Angol, Chile",,0.39574937681692,228.05775178257801,-71.456,-38.235
"Directions from Troyo, Lonquimay, Chile to Angol, Chile",,0.39578543232967,230.65496623544433,-71.456,-38.235
"Directions from Troyo, Lonquimay, Chile to Angol, Chile",,0.39587028514342,220.62691886972257,-71.456,-38.235
"Directions from Troyo, Lonquimay, Chile to Angol, Chile",,0.39605629589580,209.10720087957037,-71.456,-38.235
"Directions from Troyo, Lonquimay, Chile to Angol, Chile",,0.39672480169233,210.31018613589993,-71.456,-38.236
"Directions from Troyo, Lonquimay, Chile to Angol, Chile",,0.39678883293471,221.82990412477983,-71.457,-38.236
"Directions from Troyo, Lonquimay, Chile to Angol, Chile",,0.39690197001970,232.97269795053339,-71.457,-38.236
"Directions from Troyo, Lonquimay, Chile to Angol, Chile",,0.39700492632110,250.20310608733195,-71.457,-38.236
"Directions from Troyo, Lonquimay, Chile to Angol, Chile",,0.39744230487569,256.75771018468078,-71.457,-38.236
"Directions from Troyo, Lonquimay, Chile to Angol, Chile",,0.39751510597457,247.72207221733876,-71.457,-38.236
"Directions from Troyo, Lonquimay, Chile to Angol, Chile",,0.39764040561544,233.19477016673031,-71.457,-38.236
"Directions from Troyo, Lonquimay, Chile to Angol, Chile",,0.39773940056480,216.44863551423992,-71.457,-38.237
"Directions from Troyo, Lonquimay, Chile to Angol, Chile",,0.39793175440542,203.94018877679244,-71.457,-38.237
"Directions from Troyo, Lonquimay, Chile to Angol, Chile",,0.39863403640006,203.96703777493781,-71.458,-38.237
"Directions from Troyo, Lonquimay, Chile to Angol, Chile",,0.39918874353000,203.56498852633268,-71.458,-38.238
"Directions from Troyo, Lonquimay, Chile to Angol, Chile",,0.39943225944323,189.58950401249345,-71.458,-38.238
"Directions from Troyo, Lonquimay, Chile to Angol, Chile",,0.39946225944323,184.73116110547988,-71.458,-38.238
"Directions from Troyo, Lonquimay, Chile to Angol, Chile",,0.39964474231914,186.63819852185949,-71.458,-38.238
"Directions from Troyo, Lonquimay, Chile to Angol, Chile",,0.39994540824671,179.05174084788891,-71.458,-38.239
"Directions from Troyo, Lonquimay, Chile to Angol, Chile",,0.40064889954019,177.14470343150930,-71.458,-38.239
"Directions from Troyo, Lonquimay, Chile to Angol, Chile",,0.40080889954019,182.38182084283619,-71.458,-38.239
"Directions from Troyo, Lonquimay, Chile to Angol, Chile",,0.40092931548597,189.39994257919423,-71.458,-38.240
"Directions from Troyo, Lonquimay, Chile to Angol, Chile",,0.40097054654223,209.51812173635801,-71.458,-38.240
"Directions from Troyo, Lonquimay, Chile to Angol, Chile",,0.40099883081349,234.21747441146101,-71.458,-38.240
"Directions from Troyo, Lonquimay, Chile to Angol, Chile",,0.40104355217303,249.69935267749776,-71.458,-38.240
"Directions from Troyo, Lonquimay, Chile to Angol, Chile",,0.40112601428554,262.98187826603674,-71.458,-38.240
"Directions from Troyo, Lonquimay, Chile to Angol, Chile",,0.40120601428554,265.51368669332203,-71.458,-38.240
"Directions from Troyo, Lonquimay, Chile to Angol, Chile",,0.40139836812616,263.83045636104566,-71.458,-38.240
"Directions from Troyo, Lonquimay, Chile to Angol, Chile",,0.40156866198982,264.75426149358583,-71.459,-38.240
"Directions from Troyo, Lonquimay, Chile to Angol, Chile",,0.40172990714479,257.22001741338346,-71.459,-38.240
"Directions from Troyo, Lonquimay, Chile to Angol, Chile",,0.40179315269798,260.78252558752121,-71.459,-38.240
"Directions from Troyo, Lonquimay, Chile to Angol, Chile",,0.40180315269799,247.50000000092521,-71.459,-38.240
"Directions from Troyo, Lonquimay, Chile to Angol, Chile",,0.40195871618985,222.14470343197388,-71.459,-38.240
"Directions from Troyo, Lonquimay, Chile to Angol, Chile",,0.40238509630196,216.75255449735644,-71.459,-38.240
"Directions from Troyo, Lonquimay, Chile to Angol, Chile",,0.40268742063111,210.75763717130511,-71.459,-38.240
"Directions from Troyo, Lonquimay, Chile to Angol, Chile",,0.40303627590197,201.20033518563747,-71.460,-38.241
"Directions from Troyo, Lonquimay, Chile to Angol, Chile",,0.40368880942600,196.76802349210112,-71.460,-38.241
"Directions from Troyo, Lonquimay, Chile to Angol, Chile",,0.40384692330902,200.81676966851904,-71.460,-38.242
"Directions from Troyo, Lonquimay, Chile to Angol, Chile",,0.40407539650219,198.29554413406464,-71.460,-38.242
"Directions from Troyo, Lonquimay, Chile to Angol, Chile",,0.40450713716509,197.59695362033847,-71.460,-38.242
"Directions from Troyo, Lonquimay, Chile to Angol, Chile",,0.40499180199773,198.52826409329495,-71.460,-38.243
"Directions from Troyo, Lonquimay, Chile to Angol, Chile",,0.40510581954024,197.61911261225029,-71.460,-38.243
"Directions from Troyo, Lonquimay, Chile to Angol, Chile",,0.40533991353846,197.00967498906616,-71.460,-38.243
"Directions from Troyo, Lonquimay, Chile to Angol, Chile",,0.40538114459471,200.30064731938904,-71.460,-38.243
"Directions from Troyo, Lonquimay, Chile to Angol, Chile",,0.40540350527449,202.94992986176879,-71.460,-38.243
"Directions from Troyo, Lonquimay, Chile to Angol, Chile",,0.40600757480692,202.94992985787468,-71.460,-38.244
"Directions from Troyo, Lonquimay, Chile to Angol, Chile",,0.40652187044174,208.76440385235799,-71.461,-38.244
"Directions from Troyo, Lonquimay, Chile to Angol, Chile",,0.40663848947963,208.76440385292119,-71.461,-38.244
"Directions from Troyo, Lonquimay, Chile to Angol, Chile",,0.40688445695716,193.28252558927920,-71.461,-38.244
"Directions from Troyo, Lonquimay, Chile to Angol, Chile",,0.40689445695716,192.73167253116156,-71.461,-38.244
"Directions from Troyo, Lonquimay, Chile to Angol, Chile",,0.40712705102415,200.70437047855049,-71.461,-38.245
"Directions from Troyo, Lonquimay, Chile to Angol, Chile",,0.40719985212304,201.25522353457083,-71.461,-38.245
"Directions from Troyo, Lonquimay, Chile to Angol, Chile",,0.40726693416237,202.90728852403481,-71.461,-38.245
"Directions from Troyo, Lonquimay, Chile to Angol, Chile",,0.40793424218720,202.90728852403481,-71.461,-38.245
"Directions from Troyo, Lonquimay, Chile to Angol, Chile",,0.40800132422652,200.91008493761481,-71.461,-38.245
"Directions from Troyo, Lonquimay, Chile to Angol, Chile",,0.40811534176903,199.34190575459607,-71.461,-38.245
"Directions from Troyo, Lonquimay, Chile to Angol, Chile",,0.40844229742351,205.38928429459915,-71.461,-38.246
"Directions from Troyo, Lonquimay, Chile to Angol, Chile",,0.40876879397786,209.64027894215016,-71.462,-38.246
"Directions from Troyo, Lonquimay, Chile to Angol, Chile",,0.40958181304283,216.26598837433619,-71.462,-38.247
"Directions from Troyo, Lonquimay, Chile to Angol, Chile",,0.40995059482112,222.80064732315765,-71.462,-38.247
"Directions from Troyo, Lonquimay, Chile to Angol, Chile",,0.41021929539797,222.80064732287823,-71.462,-38.247
"Directions from Troyo, Lonquimay, Chile to Angol, Chile",,0.41049588173170,222.80064732064633,-71.463,-38.247
"Directions from Troyo, Lonquimay, Chile to Angol, Chile",,0.41058073454543,211.71747441180028,-71.463,-38.247
"Directions from Troyo, Lonquimay, Chile to Angol, Chile",,0.41061235732203,205.16287031456437,-71.463,-38.248
"Directions from Troyo, Lonquimay, Chile to Angol, Chile",,0.41114235732204,208.45384263930063,-71.463,-38.248
"Directions from Troyo, Lonquimay, Chile to Angol, Chile",,0.41130788677561,210.16405345906131,-71.463,-38.248
"Directions from Troyo, Lonquimay, Chile to Angol, Chile",,0.41160199559901,206.41839090625427,-71.463,-38.248
"Directions from Troyo, Lonquimay, Chile to Angol, Chile",,0.41180124418746,191.93288005825664,-71.463,-38.249
"Directions from Troyo, Lonquimay, Chile to Angol, Chile",,0.41216345959299,193.23824758763277,-71.463,-38.249
"Directions from Troyo, Lonquimay, Chile to Angol, Chile",,0.41248299049916,207.19266821829609,-71.463,-38.249
"Directions from Troyo, Lonquimay, Chile to Angol, Chile",,0.41305158525819,217.02730204895931,-71.464,-38.250
"Directions from Troyo, Lonquimay, Chile to Angol, Chile",,0.41312968775496,216.74781930636735,-71.464,-38.250
"Directions from Troyo, Lonquimay, Chile to Angol, Chile",,0.41323785429321,196.84503376090217,-71.464,-38.250
"Directions from Troyo, Lonquimay, Chile to Angol, Chile",,0.41324785429321,192.60056182204556,-71.464,-38.250
"Directions from Troyo, Lonquimay, Chile to Angol, Chile",,0.41343573723549,202.87858443193025,-71.464,-38.250
"Directions from Troyo, Lonquimay, Chile to Angol, Chile",,0.41369205734785,198.95503492823269,-71.464,-38.250
"Directions from Troyo, Lonquimay, Chile to Angol, Chile",,0.41385968789399,191.73476410249179,-71.464,-38.250
"Directions from Troyo, Lonquimay, Chile to Angol, Chile",,0.41414129045080,191.08774543757957,-71.464,-38.251
"Directions from Troyo, Lonquimay, Chile to Angol, Chile",,0.41551489883749,198.93069839941936,-71.464,-38.252
"Directions from Troyo, Lonquimay, Chile to Angol, Chile",,0.41556875048557,197.91882647874939,-71.465,-38.252
"Directions from Troyo, Lonquimay, Chile to Angol, Chile",,0.41569244365434,192.08045756069123,-71.465,-38.252
"Directions from Troyo, Lonquimay, Chile to Angol, Chile",,0.41597687290740,207.56233582792541,-71.465,-38.252
"Directions from Troyo, Lonquimay, Chile to Angol, Chile",,0.41599101504303,206.23577958818865,-71.465,-38.252
"Directions from Troyo, Lonquimay, Chile to Angol, Chile",,0.41660623857963,189.01628493340257,-71.465,-38.253
"Directions from Troyo, Lonquimay, Chile to Angol, Chile",,0.41720640522316,198.56303093782401,-71.465,-38.254
"Directions from Troyo, Lonquimay, Chile to Angol, Chile",,0.41729584794226,210.12755934933676,-71.465,-38.254
"Directions from Troyo, Lonquimay, Chile to Angol, Chile",,0.41733190345502,219.34503375587852,-71.465,-38.254
"Directions from Troyo, Lonquimay, Chile to Angol, Chile",,0.41750160908250,230.65496624085941,-71.465,-38.254
"Directions from Troyo, Lonquimay, Chile to Angol, Chile",,0.41753766459526,230.65496624107143,-71.465,-38.254
"Directions from Troyo, Lonquimay, Chile to Angol, Chile",,0.41776393876524,221.28429601438299,-71.465,-38.254
"Directions from Troyo, Lonquimay, Chile to Angol, Chile",,0.41792795095991,212.06682160762921,-71.465,-38.254
"Directions from Troyo, Lonquimay, Chile to Angol, Chile",,0.41797267231946,212.11533619174472,-71.465,-38.254
"Directions from Troyo, Lonquimay, Chile to Angol, Chile",,0.41869274176055,225.00900027895580,-71.466,-38.255
"Directions from Troyo, Lonquimay, Chile to Angol, Chile",,0.41913478248266,234.33115591683131,-71.466,-38.255
"Directions from Troyo, Lonquimay, Chile to Angol, Chile",,0.41945928209745,239.87244064847107,-71.466,-38.255
"Directions from Troyo, Lonquimay, Chile to Angol, Chile",,0.41952636413677,238.28252559179592,-71.466,-38.255
"Directions from Troyo, Lonquimay, Chile to Angol, Chile",,0.41957636413678,238.28252559179592,-71.466,-38.255
"Directions from Troyo, Lonquimay, Chile to Angol, Chile",,0.41971052821542,249.40703741664083,-71.467,-38.255
"Directions from Troyo, Lonquimay, Chile to Angol, Chile",,0.41994822550191,249.40703741664083,-71.467,-38.255
"Directions from Troyo, Lonquimay, Chile to Angol, Chile",,0.41997058618167,249.08991505977551,-71.467,-38.255
"Directions from Troyo, Lonquimay, Chile to Angol, Chile",,0.42008460372419,248.42380513262069,-71.467,-38.255
"Directions from Troyo, Lonquimay, Chile to Angol, Chile",,0.42027695756480,236.14857893817353,-71.467,-38.256
"Directions from Troyo, Lonquimay, Chile to Angol, Chile",,0.42043316255832,223.88151046888652,-71.467,-38.256
"Directions from Troyo, Lonquimay, Chile to Angol, Chile",,0.42059717475298,208.61120804423001,-71.467,-38.256
"Directions from Troyo, Lonquimay, Chile to Angol, Chile",,0.42074583544046,189.82691202921083,-71.467,-38.256
"Directions from Troyo, Lonquimay, Chile to Angol, Chile",,0.42077583544046,186.26440385649155,-71.467,-38.256
"Directions from Troyo, Lonquimay, Chile to Angol, Chile",,0.42086803088504,186.26440385649155,-71.467,-38.256
"Directions from Troyo, Lonquimay, Chile to Angol, Chile",,0.42095803088504,177.14470343024249,-71.467,-38.256
"Directions from Troyo, Lonquimay, Chile to Angol, Chile",,0.42105852964124,172.14071352808736,-71.467,-38.256
"Directions from Troyo, Lonquimay, Chile to Angol, Chile",,0.42123115640627,162.11134628608772,-71.467,-38.256
"Directions from Troyo, Lonquimay, Chile to Angol, Chile",,0.42187520609379,144.61533617806509,-71.467,-38.257
"Directions from Troyo, Lonquimay, Chile to Angol, Chile",,0.42188934822941,144.21747440179212,-71.467,-38.257
"Directions from Troyo, Lonquimay, Chile to Angol, Chile",,0.42206823366761,149.46321291829767,-71.467,-38.257
"Directions from Troyo, Lonquimay, Chile to Angol, Chile",,0.42245656342439,148.86646820517961,-71.467,-38.258
"Directions from Troyo, Lonquimay, Chile to Angol, Chile",,0.42267127252992,154.46828442912022,-71.467,-38.258
"Directions from Troyo, Lonquimay, Chile to Angol, Chile",,0.42337901542109,159.13008032287848,-71.466,-38.258
"Directions from Troyo, Lonquimay, Chile to Angol, Chile",,0.42344226097430,156.56106128045573,-71.466,-38.258
"Directions from Troyo, Lonquimay, Chile to Angol, Chile",,0.42371520785558,154.36170859764161,-71.466,-38.259
"Directions from Troyo, Lonquimay, Chile to Angol, Chile",,0.42392136313686,159.36569849891654,-71.466,-38.259
"Directions from Troyo, Lonquimay, Chile to Angol, Chile",,0.42414272257307,166.29621228154036,-71.466,-38.259
"Directions from Troyo, Lonquimay, Chile to Angol, Chile",,0.42510449177616,172.82818934482731,-71.466,-38.260
"Directions from Troyo, Lonquimay, Chile to Angol, Chile",,0.42627965133978,154.81450265240755,-71.466,-38.261
"Directions from Troyo, Lonquimay, Chile to Angol, Chile",,0.42629379347541,152.76883889672072,-71.466,-38.261
"Directions from Troyo, Lonquimay, Chile to Angol, Chile",,0.42647627635132,165.53590539248532,-71.466,-38.261
"Directions from Troyo, Lonquimay, Chile to Angol, Chile",,0.42770660151159,154.78518822613569,-71.465,-38.263
"Directions from Troyo, Lonquimay, Chile to Angol, Chile",,0.42776491103055,152.53687724350172,-71.465,-38.263
"Directions from Troyo, Lonquimay, Chile to Angol, Chile",,0.42786339960857,175.03687724948864,-71.465,-38.263
"Directions from Troyo, Lonquimay, Chile to Angol, Chile",,0.42794586172108,187.01812173635804,-71.465,-38.263
"Directions from Troyo, Lonquimay, Chile to Angol, Chile",,0.42799586172108,195.48187826364199,-71.465,-38.263
"Directions from Troyo, Lonquimay, Chile to Angol, Chile",,0.42811248075897,216.99441125858775,-71.465,-38.263
"Directions from Troyo, Lonquimay, Chile to Angol, Chile",,0.42831766360426,216.64075157787059,-71.466,-38.263
"Directions from Troyo, Lonquimay, Chile to Angol, Chile",,0.42845658804416,199.19326976163123,-71.466,-38.263
"Directions from Troyo, Lonquimay, Chile to Angol, Chile",,0.42852729872227,193.28252558881039,-71.466,-38.263
"Directions from Troyo, Lonquimay, Chile to Angol, Chile",,0.42862216705208,192.50844673712839,-71.466,-38.263
"Directions from Troyo, Lonquimay, Chile to Angol, Chile",,0.42888389209865,189.55537618136069,-71.466,-38.264
"Directions from Troyo, Lonquimay, Chile to Angol, Chile",,0.42906828298779,186.26440385433625,-71.466,-38.264
"Directions from Troyo, Lonquimay, Chile to Angol, Chile",,0.42907828298779,193.28252558921747,-71.466,-38.264
"Directions from Troyo, Lonquimay, Chile to Angol, Chile",,0.42921244706644,219.84757676466708,-71.466,-38.264
"Directions from Troyo, Lonquimay, Chile to Angol, Chile",,0.42926244706644,229.06505117544955,-71.466,-38.264
"Directions from Troyo, Lonquimay, Chile to Angol, Chile",,0.42931901560894,230.65496623857587,-71.466,-38.264
"Directions from Troyo, Lonquimay, Chile to Angol, Chile",,0.42946323765996,233.82506210855200,-71.466,-38.264
"Directions from Troyo, Lonquimay, Chile to Angol, Chile",,0.42952726890233,235.79765522140059,-71.466,-38.264
"Directions from Troyo, Lonquimay, Chile to Angol, Chile",,0.43001100436723,238.28252558937413,-71.466,-38.264
"Directions from Troyo, Lonquimay, Chile to Angol, Chile",,0.43019128193101,232.85431891532761,-71.467,-38.264
"Directions from Troyo, Lonquimay, Chile to Angol, Chile",,0.43037567282015,219.57179332522281,-71.467,-38.265
"Directions from Troyo, Lonquimay, Chile to Angol, Chile",,0.43053691797512,206.47173590344053,-71.467,-38.265
"Directions from Troyo, Lonquimay, Chile to Angol, Chile",,0.43068923343723,196.33045635997533,-71.467,-38.265
"Directions from Troyo, Lonquimay, Chile to Angol, Chile",,0.43105419918905,192.19686969311053,-71.467,-38.265
"Directions from Troyo, Lonquimay, Chile to Angol, Chile",,0.43136468268298,202.33814923876784,-71.467,-38.265
"Directions from Troyo, Lonquimay, Chile to Angol, Chile",,0.43152592783795,212.48123713385121,-71.467,-38.266
"Directions from Troyo, Lonquimay, Chile to Angol, Chile",,0.43173401435841,218.00848538152755,-71.467,-38.266
"Directions from Troyo, Lonquimay, Chile to Angol, Chile",,0.43298896455663,216.70931043312487,-71.468,-38.267
"Directions from Troyo, Lonquimay, Chile to Angol, Chile",,0.43328578099822,207.90891679048087,-71.468,-38.267
"Directions from Troyo, Lonquimay, Chile to Angol, Chile",,0.43336193872927,198.90973224988952,-71.468,-38.267
"Directions from Troyo, Lonquimay, Chile to Angol, Chile",,0.43359963601576,192.04159809690748,-71.468,-38.267
"Directions from Troyo, Lonquimay, Chile to Angol, Chile",,0.43372129126636,184.73116110208727,-71.468,-38.267
"Directions from Troyo, Lonquimay, Chile to Angol, Chile",,0.43379129126636,184.89120351606817,-71.468,-38.267
"Directions from Troyo, Lonquimay, Chile to Angol, Chile",,0.43408557004576,191.32870429623759,-71.468,-38.268
"Directions from Troyo, Lonquimay, Chile to Angol, Chile",,0.43480362296859,208.93750078016944,-71.468,-38.268
"Directions from Troyo, Lonquimay, Chile to Angol, Chile",,0.43481776510422,206.29732168287353,-71.469,-38.268
"Directions from Troyo, Lonquimay, Chile to Angol, Chile",,0.43496909256372,194.54803884484889,-71.469,-38.269
"Directions from Troyo, Lonquimay, Chile to Angol, Chile",,0.43532377552074,204.03324275254991,-71.469,-38.269
"Directions from Troyo, Lonquimay, Chile to Angol, Chile",,0.43536849688030,212.61242971728865,-71.469,-38.269
"Directions from Troyo, Lonquimay, Chile to Angol, Chile",,0.43556059060742,215.18061896114827,-71.469,-38.269
"Directions from Troyo, Lonquimay, Chile to Angol, Chile",,0.43596021543147,208.16249722824617,-71.469,-38.269
"Directions from Troyo, Lonquimay, Chile to Angol, Chile",,0.43622422300712,207.44000097584023,-71.469,-38.270
"Directions from Troyo, Lonquimay, Chile to Angol, Chile",,0.43650207188691,207.63666532111543,-71.469,-38.270
"Directions from Troyo, Lonquimay, Chile to Angol, Chile",,0.43683313079406,210.11724322290144,-71.469,-38.270
"Directions from Troyo, Lonquimay, Chile to Angol, Chile",,0.43704121731452,206.82627089731088,-71.470,-38.270
"Directions from Troyo, Lonquimay, Chile to Angol, Chile",,0.43707284009112,208.00177042851567,-71.470,-38.270
"Directions from Troyo, Lonquimay, Chile to Angol, Chile",,0.43723685228579,222.15214830914715,-71.470,-38.271
"Directions from Troyo, Lonquimay, Chile to Angol, Chile",,0.43747030463639,223.82504390419231,-71.470,-38.271
"Directions from Troyo, Lonquimay, Chile to Angol, Chile",,0.43766879896880,218.13842255326065,-71.470,-38.271
"Directions from Troyo, Lonquimay, Chile to Angol, Chile",,0.43804893052498,210.96375653037839,-71.470,-38.271
"Directions from Troyo, Lonquimay, Chile to Angol, Chile",,0.43811601256430,217.57069277523507,-71.470,-38.271
"Directions from Troyo, Lonquimay, Chile to Angol, Chile",,0.43856944392625,232.54057485121311,-71.471,-38.272
"Directions from Troyo, Lonquimay, Chile to Angol, Chile",,0.43938485793153,234.86789521355641,-71.471,-38.272
"Directions from Troyo, Lonquimay, Chile to Angol, Chile",,0.44052085969209,230.10295455573103,-71.472,-38.273
"Directions from Troyo, Lonquimay, Chile to Angol, Chile",,0.44154677391852,224.42640177492083,-71.473,-38.273
"Directions from Troyo, Lonquimay, Chile to Angol, Chile",,0.44193626076041,220.12267746134356,-71.473,-38.274
"Directions from Troyo, Lonquimay, Chile to Angol, Chile",,0.44224236531770,213.71104474167996,-71.473,-38.274
"Directions from Troyo, Lonquimay, Chile to Angol, Chile",,0.44275714682476,205.55283340950021,-71.474,-38.274
"Directions from Troyo, Lonquimay, Chile to Angol, Chile",,0.44360949651825,191.02553135957760,-71.474,-38.275
"Directions from Troyo, Lonquimay, Chile to Angol, Chile",,0.44361949651825,196.00269160381305,-71.474,-38.275
"Directions from Troyo, Lonquimay, Chile to Angol, Chile",,0.44371383632957,205.22016600713184,-71.474,-38.275
"Directions from Troyo, Lonquimay, Chile to Angol, Chile",,0.44374545910617,187.53424407349908,-71.474,-38.275
"Directions from Troyo, Lonquimay, Chile to Angol, Chile",,0.44391575296983,191.59929524650596,-71.474,-38.275
"Directions from Troyo, Lonquimay, Chile to Angol, Chile",,0.44393811364960,193.28252557632567,-71.474,-38.275
"Directions from Troyo, Lonquimay, Chile to Angol, Chile",,0.44394811364960,202.50000000508888,-71.474,-38.275
"Directions from Troyo, Lonquimay, Chile to Angol, Chile",,0.44397639792085,234.21747440840767,-71.474,-38.276
"Directions from Troyo, Lonquimay, Chile to Angol, Chile",,0.44399875860062,234.21747440331876,-71.474,-38.276
"Directions from Troyo, Lonquimay, Chile to Angol, Chile",,0.44401290073625,232.97269795180563,-71.474,-38.276
"Directions from Troyo, Lonquimay, Chile to Angol, Chile",,0.44411585703765,232.97269794926115,-71.474,-38.276
"Directions from Troyo, Lonquimay, Chile to Angol, Chile",,0.44417242558015,234.21747441705881,-71.474,-38.276
"Directions from Troyo, Lonquimay, Chile to Angol, Chile",,0.44419478625993,211.71747441960323,-71.474,-38.276
"Directions from Troyo, Lonquimay, Chile to Angol, Chile",,0.44422478625993,171.65037788393695,-71.474,-38.276
"Directions from Troyo, Lonquimay, Chile to Angol, Chile",,0.44432918932502,178.66849961071586,-71.474,-38.276
"Directions from Troyo, Lonquimay, Chile to Angol, Chile",,0.44437042038127,200.30064731531797,-71.474,-38.276
"Directions from Troyo, Lonquimay, Chile to Angol, Chile",,0.44439278106105,215.78252558853899,-71.474,-38.276
"Directions from Troyo, Lonquimay, Chile to Angol, Chile",,0.44443520746792,220.93494882780735,-71.474,-38.276
"Directions from Troyo, Lonquimay, Chile to Angol, Chile",,0.44448520746792,205.45307055877711,-71.474,-38.276
"Directions from Troyo, Lonquimay, Chile to Angol, Chile",,0.44456766958043,187.01812173096977,-71.474,-38.276
"Directions from Troyo, Lonquimay, Chile to Angol, Chile",,0.44458766958043,170.78252558650345,-71.474,-38.276
"Directions from Troyo, Lonquimay, Chile to Angol, Chile",,0.44461929235704,170.78252558650345,-71.474,-38.276
"Directions from Troyo, Lonquimay, Chile to Angol, Chile",,0.44475929235703,162.50398990236005,-71.474,-38.276
"Directions from Troyo, Lonquimay, Chile to Angol, Chile",,0.44488135791319,153.28651549395238,-71.474,-38.276
"Directions from Troyo, Lonquimay, Chile to Angol, Chile",,0.44494460346639,170.78252559159233,-71.474,-38.276
"Directions from Troyo, Lonquimay, Chile to Angol, Chile",,0.44495460346639,170.78252558446789,-71.474,-38.276
"Directions from Troyo, Lonquimay, Chile to Angol, Chile",,0.44498622624299,176.43749182043413,-71.474,-38.276
"Directions from Troyo, Lonquimay, Chile to Angol, Chile",,0.44513919682840,196.34027737087143,-71.474,-38.277
"Directions from Troyo, Lonquimay, Chile to Angol, Chile",,0.44538617860910,193.54060770350387,-71.474,-38.277
"Directions from Troyo, Lonquimay, Chile to Angol, Chile",,0.44578817363395,187.81841932249236,-71.474,-38.277
"Directions from Troyo, Lonquimay, Chile to Angol, Chile",,0.44619425244404,184.96312275389369,-71.474,-38.278
"Directions from Troyo, Lonquimay, Chile to Angol, Chile",,0.44622425244403,184.18294306096493,-71.474,-38.278
"Directions from Troyo, Lonquimay, Chile to Angol, Chile",,0.44656790924958,184.93666094059188,-71.474,-38.278
"Directions from Troyo, Lonquimay, Chile to Angol, Chile",,0.44694804080576,189.97119229312355,-71.474,-38.278
"Directions from Troyo, Lonquimay, Chile to Angol, Chile",,0.44697966358236,190.08532670824087,-71.474,-38.278
"Directions from Troyo, Lonquimay, Chile to Angol, Chile",,0.44730981506274,184.03794816645808,-71.474,-38.279
"Directions from Troyo, Lonquimay, Chile to Angol, Chile",,0.44749092276551,184.76001093214697,-71.474,-38.279
"Directions from Troyo, Lonquimay, Chile to Angol, Chile",,0.44803175545683,184.26782758145680,-71.474,-38.279
"Directions from Troyo, Lonquimay, Chile to Angol, Chile",,0.44867456180402,173.46043811974042,-71.475,-38.280
"Directions from Troyo, Lonquimay, Chile to Angol, Chile",,0.44870618458062,157.50000000610666,-71.475,-38.280
"Directions from Troyo, Lonquimay, Chile to Angol, Chile",,0.44875090594017,144.21747440738989,-71.474,-38.280
"Directions from Troyo, Lonquimay, Chile to Angol, Chile",,0.44876504807580,139.73116110373775,-71.474,-38.280
"Directions from Troyo, Lonquimay, Chile to Angol, Chile",,0.44885107132847,139.73116110373775,-71.474,-38.280
"Directions from Troyo, Lonquimay, Chile to Angol, Chile",,0.44896420841346,138.17009587394790,-71.474,-38.280
"Directions from Troyo, Lonquimay, Chile to Angol, Chile",,0.44902823965583,147.38757028133779,-71.474,-38.280
"Directions from Troyo, Lonquimay, Chile to Angol, Chile",,0.44905060033561,166.71747440738991,-71.474,-38.280
"Directions from Troyo, Lonquimay, Chile to Angol, Chile",,0.44907060033561,193.28252559261011,-71.474,-38.280
"Directions from Troyo, Lonquimay, Chile to Angol, Chile",,0.44909296101539,215.78252559261011,-71.474,-38.280
"Directions from Troyo, Lonquimay, Chile to Angol, Chile",,0.44910710315101,247.49999999999997,-71.474,-38.280
"Directions from Troyo, Lonquimay, Chile to Angol, Chile",,0.44911710315102,247.49999998982219,-71.474,-38.280
"Directions from Troyo, Lonquimay, Chile to Angol, Chile",,0.44913124528663,238.28252557836123,-71.474,-38.280
"Directions from Troyo, Lonquimay, Chile to Angol, Chile",,0.44916286806324,255.77853568734017,-71.474,-38.280
"Directions from Troyo, Lonquimay, Chile to Angol, Chile",,0.44933549482826,256.44464561449502,-71.475,-38.280
"Directions from Troyo, Lonquimay, Chile to Angol, Chile",,0.44947150953334,245.96675725205188,-71.475,-38.280
"Directions from Troyo, Lonquimay, Chile to Angol, Chile",,0.44952981905229,232.01812173296543,-71.475,-38.280
"Directions from Troyo, Lonquimay, Chile to Angol, Chile",,0.44957224545916,213.40070474259099,-71.475,-38.281
"Directions from Troyo, Lonquimay, Chile to Angol, Chile",,0.44962609710723,194.96575592143313,-71.475,-38.281
"Directions from Troyo, Lonquimay, Chile to Angol, Chile",,0.44976751846347,185.12559937412885,-71.475,-38.281
"Directions from Troyo, Lonquimay, Chile to Angol, Chile",,0.45030788870691,178.77358756801689,-71.475,-38.281
"Directions from Troyo, Lonquimay, Chile to Angol, Chile",,0.45055868743099,179.75584775994500,-71.475,-38.281
"Directions from Troyo, Lonquimay, Chile to Angol, Chile",,0.45097975749643,194.77448092056497,-71.475,-38.282
"Directions from Troyo, Lonquimay, Chile to Angol, Chile",,0.45121235156341,237.73167252995751,-71.475,-38.282
"Directions from Troyo, Lonquimay, Chile to Angol, Chile",,0.45122235156341,242.49601009948427,-71.475,-38.282
"Directions from Troyo, Lonquimay, Chile to Angol, Chile",,0.45146648267573,221.99146664885251,-71.475,-38.282
"Directions from Troyo, Lonquimay, Chile to Angol, Chile",,0.45177127768881,223.27975256302537,-71.475,-38.283
"Directions from Troyo, Lonquimay, Chile to Angol, Chile",,0.45209930207815,212.98080572485483,-71.475,-38.283
"Directions from Troyo, Lonquimay, Chile to Angol, Chile",,0.45251989689504,205.18376370696072,-71.476,-38.283
"Directions from Troyo, Lonquimay, Chile to Angol, Chile",,0.45313455126947,205.39265086721045,-71.476,-38.284
"Directions from Troyo, Lonquimay, Chile to Angol, Chile",,0.45359105975789,204.27881517437393,-71.476,-38.284
"Directions from Troyo, Lonquimay, Chile to Angol, Chile",,0.45400542674499,204.74585895077124,-71.476,-38.285
"Directions from Troyo, Lonquimay, Chile to Angol, Chile",,0.45424729447744,216.38497364245217,-71.476,-38.285
"Directions from Troyo, Lonquimay, Chile to Angol, Chile",,0.45465766016802,224.67864292176225,-71.477,-38.285
"Directions from Troyo, Lonquimay, Chile to Angol, Chile",,0.45496179829453,224.60556172848956,-71.477,-38.285
"Directions from Troyo, Lonquimay, Chile to Angol, Chile",,0.45515284802628,214.72197738987367,-71.477,-38.285
"Directions from Troyo, Lonquimay, Chile to Angol, Chile",,0.45524229074537,200.30064732369965,-71.477,-38.285
"Directions from Troyo, Lonquimay, Chile to Angol, Chile",,0.45528352180163,208.65026944039761,-71.477,-38.285
"Directions from Troyo, Lonquimay, Chile to Angol, Chile",,0.45551697415223,228.02818674429312,-71.477,-38.286
"Directions from Troyo, Lonquimay, Chile to Angol, Chile",,0.45619498595154,223.24107280267231,-71.478,-38.286
"Directions from Troyo, Lonquimay, Chile to Angol, Chile",,0.45637526351531,206.06250817548431,-71.478,-38.286
"Directions from Troyo, Lonquimay, Chile to Angol, Chile",,0.45653337739832,189.21747441186807,-71.478,-38.286
"Directions from Troyo, Lonquimay, Chile to Angol, Chile",,0.45681337739832,186.69624887722500,-71.478,-38.287
"Directions from Troyo, Lonquimay, Chile to Angol, Chile",,0.45702924772977,202.17812714086699,-71.478,-38.287
"Directions from Troyo, Lonquimay, Chile to Angol, Chile",,0.45708755724871,219.22665472418069,-71.478,-38.287
"Directions from Troyo, Lonquimay, Chile to Angol, Chile",,0.45725034545467,235.46225087199971,-71.478,-38.287
"Directions from Troyo, Lonquimay, Chile to Angol, Chile",,0.45738450953333,239.87244064690529,-71.478,-38.287
"Directions from Troyo, Lonquimay, Chile to Angol, Chile",,0.45745662055883,230.65496623714063,-71.478,-38.287
"Directions from Troyo, Lonquimay, Chile to Angol, Chile",,0.45754147337258,221.82990412774845,-71.478,-38.287
"Directions from Troyo, Lonquimay, Chile to Angol, Chile",,0.45760550461495,199.32990412605207,-71.478,-38.287
"Directions from Troyo, Lonquimay, Chile to Angol, Chile",,0.45761550461495,191.59929525752599,-71.478,-38.287
"Directions from Troyo, Lonquimay, Chile to Angol, Chile",,0.45776782007707,191.59929525752599,-71.478,-38.287
"Directions from Troyo, Lonquimay, Chile to Angol, Chile",,0.45786782007707,182.85529656975751,-71.478,-38.287
"Directions from Troyo, Lonquimay, Chile to Angol, Chile",,0.45796831883328,180.81248817915011,-71.478,-38.288
"Directions from Troyo, Lonquimay, Chile to Angol, Chile",,0.45810867552176,172.30222537081667,-71.478,-38.288
"Directions from Troyo, Lonquimay, Chile to Angol, Chile",,0.45821065591203,174.34503376142411,-71.478,-38.288
"Directions from Troyo, Lonquimay, Chile to Angol, Chile",,0.45834065591203,183.17009587394793,-71.478,-38.288
"Directions from Troyo, Lonquimay, Chile to Angol, Chile",,0.45843120976341,183.17009587394793,-71.478,-38.288
"Directions from Troyo, Lonquimay, Chile to Angol, Chile",,0.45857120976341,173.73559614781902,-71.478,-38.288
"Directions from Troyo, Lonquimay, Chile to Angol, Chile",,0.45866340520798,173.73559614781902,-71.478,-38.288
"Directions from Troyo, Lonquimay, Chile to Angol, Chile",,0.45868340520799,187.01812172677893,-71.478,-38.288
"Directions from Troyo, Lonquimay, Chile to Angol, Chile",,0.45872463626424,201.54542377670157,-71.478,-38.288
"Directions from Troyo, Lonquimay, Chile to Angol, Chile",,0.45882759256565,222.68226828745469,-71.479,-38.288
"Directions from Troyo, Lonquimay, Chile to Angol, Chile",,0.45893575910391,230.04552862020583,-71.479,-38.288
"Directions from Troyo, Lonquimay, Chile to Angol, Chile",,0.45926817450668,218.73559614879531,-71.479,-38.289
"Directions from Troyo, Lonquimay, Chile to Angol, Chile",,0.45930423001944,206.06250817452917,-71.479,-38.289
"Directions from Troyo, Lonquimay, Chile to Angol, Chile",,0.45936747557264,192.07277097796364,-71.479,-38.289
"Directions from Troyo, Lonquimay, Chile to Angol, Chile",,0.45946797432886,182.85529656955600,-71.479,-38.289
"Directions from Troyo, Lonquimay, Chile to Angol, Chile",,0.45973797432886,186.04737853781097,-71.479,-38.289
"Directions from Troyo, Lonquimay, Chile to Angol, Chile",,0.45988115253948,199.32990412634996,-71.479,-38.289
"Directions from Troyo, Lonquimay, Chile to Angol, Chile",,0.46019420205634,209.28521719292380,-71.479,-38.290
"Directions from Troyo, Lonquimay, Chile to Angol, Chile",,0.46038288167898,216.30333892784495,-71.479,-38.290
"Directions from Troyo, Lonquimay, Chile to Angol, Chile",,0.46047507712356,228.45561356099219,-71.479,-38.290
"Directions from Troyo, Lonquimay, Chile to Angol, Chile",,0.46058324366182,239.87244064899303,-71.479,-38.290
"Directions from Troyo, Lonquimay, Chile to Angol, Chile",,0.46067268638092,234.21747440806843,-71.479,-38.290
"Directions from Troyo, Lonquimay, Chile to Angol, Chile",,0.46075753919466,217.98187826369187,-71.479,-38.290
"Directions from Troyo, Lonquimay, Chile to Angol, Chile",,0.46099077727046,216.29864793480800,-71.480,-38.290
"Directions from Troyo, Lonquimay, Chile to Angol, Chile",,0.46111119321624,218.58560856536121,-71.480,-38.290
"Directions from Troyo, Lonquimay, Chile to Angol, Chile",,0.46119721646891,203.42380513621356,-71.480,-38.290
"Directions from Troyo, Lonquimay, Chile to Angol, Chile",,0.46124820666405,185.65496623857592,-71.480,-38.290
"Directions from Troyo, Lonquimay, Chile to Angol, Chile",,0.46129820666405,175.93494882170069,-71.480,-38.290
"Directions from Troyo, Lonquimay, Chile to Angol, Chile",,0.46136891734217,175.93494882170069,-71.480,-38.291
"Directions from Troyo, Lonquimay, Chile to Angol, Chile",,0.46138891734217,184.73116110208727,-71.480,-38.291
"Directions from Troyo, Lonquimay, Chile to Angol, Chile",,0.46151057259277,192.70385905485307,-71.480,-38.291
"Directions from Troyo, Lonquimay, Chile to Angol, Chile",,0.46158337369167,206.40764677623065,-71.480,-38.291
"Directions from Troyo, Lonquimay, Chile to Angol, Chile",,0.46173337369167,220.93494882516117,-71.480,-38.291
"Directions from Troyo, Lonquimay, Chile to Angol, Chile",,0.46181822650541,229.37308113132664,-71.480,-38.291
"Directions from Troyo, Lonquimay, Chile to Angol, Chile",,0.46200423725778,229.37308113253832,-71.480,-38.291
"Directions from Troyo, Lonquimay, Chile to Angol, Chile",,0.46210323220715,232.62755935161837,-71.480,-38.291
"Directions from Troyo, Lonquimay, Chile to Angol, Chile",,0.46218385478463,248.10943761554543,-71.480,-38.291
"Directions from Troyo, Lonquimay, Chile to Angol, Chile",,0.46230754795339,254.04252996899115,-71.480,-38.291
"Directions from Troyo, Lonquimay, Chile to Angol, Chile",,0.46263327790291,261.06065170215606,-71.481,-38.291
"Directions from Troyo, Lonquimay, Chile to Angol, Chile",,0.46303327790291,266.43749182680176,-71.481,-38.291
"Directions from Troyo, Lonquimay, Chile to Angol, Chile",,0.46311390048038,257.88612734106528,-71.481,-38.291
"Directions from Troyo, Lonquimay, Chile to Angol, Chile",,0.46324991518547,245.08102237835664,-71.481,-38.291
"Directions from Troyo, Lonquimay, Chile to Angol, Chile",,0.46341634835524,245.28276474859035,-71.481,-38.291
"Directions from Troyo, Lonquimay, Chile to Angol, Chile",,0.46352075142034,248.36785229595824,-71.481,-38.291
"Directions from Troyo, Lonquimay, Chile to Angol, Chile",,0.46356547277988,235.72386816197820,-71.481,-38.291
"Directions from Troyo, Lonquimay, Chile to Angol, Chile",,0.46370000902035,220.85142751663872,-71.482,-38.292
"Directions from Troyo, Lonquimay, Chile to Angol, Chile",,0.46377212004587,200.01512963560117,-71.482,-38.292
"Directions from Troyo, Lonquimay, Chile to Angol, Chile",,0.46386267389725,182.37452573476119,-71.482,-38.292
"Directions from Troyo, Lonquimay, Chile to Angol, Chile",,0.46422281275936,173.54946362631424,-71.482,-38.292
"Directions from Troyo, Lonquimay, Chile to Angol, Chile",,0.46432479314962,183.56250817554701,-71.482,-38.292
"Directions from Troyo, Lonquimay, Chile to Angol, Chile",,0.46438803870283,206.06250817124095,-71.482,-38.292
"Directions from Troyo, Lonquimay, Chile to Angol, Chile",,0.46442409421558,206.06250817022320,-71.482,-38.292
"Directions from Troyo, Lonquimay, Chile to Angol, Chile",,0.46445571699218,214.31468887003356,-71.482,-38.292
"Directions from Troyo, Lonquimay, Chile to Angol, Chile",,0.46453381948894,227.59721445653699,-71.482,-38.292
"Directions from Troyo, Lonquimay, Chile to Angol, Chile",,0.46466109870956,228.42138670426064,-71.482,-38.292
"Directions from Troyo, Lonquimay, Chile to Angol, Chile",,0.46483914364770,250.92138670426067,-71.482,-38.293
"Directions from Troyo, Lonquimay, Chile to Angol, Chile",,0.46484914364770,250.09721445386745,-71.482,-38.293
"Directions from Troyo, Lonquimay, Chile to Angol, Chile",,0.46500534864122,233.25218069557496,-71.482,-38.293
"Directions from Troyo, Lonquimay, Chile to Angol, Chile",,0.46504140415398,231.64243324608483,-71.482,-38.293
"Directions from Troyo, Lonquimay, Chile to Angol, Chile",,0.46524658699926,248.48746700437729,-71.482,-38.293
"Directions from Troyo, Lonquimay, Chile to Angol, Chile",,0.46525658699926,247.50000000508885,-71.482,-38.293
"Directions from Troyo, Lonquimay, Chile to Angol, Chile",,0.46528487127051,238.28252558955680,-71.482,-38.293
"Directions from Troyo, Lonquimay, Chile to Angol, Chile",,0.46531649404711,260.78252558446786,-71.482,-38.293
"Directions from Troyo, Lonquimay, Chile to Angol, Chile",,0.46544649404711,277.01812173635801,-71.482,-38.293
"Directions from Troyo, Lonquimay, Chile to Angol, Chile",,0.46548772510337,292.50000000149674,-71.482,-38.293
"Directions from Troyo, Lonquimay, Chile to Angol, Chile",,0.46560434414126,306.19371107835286,-71.483,-38.293
"Directions from Troyo, Lonquimay, Chile to Angol, Chile",,0.46583105982224,299.92930722365736,-71.483,-38.293
"Directions from Troyo, Lonquimay, Chile to Angol, Chile",,0.46589430537545,279.21747441044323,-71.483,-38.293
"Directions from Troyo, Lonquimay, Chile to Angol, Chile",,0.46590430537545,283.28252558853899,-71.483,-38.293
"Directions from Troyo, Lonquimay, Chile to Angol, Chile",,0.46592666605522,283.28252558853899,-71.483,-38.293
"Directions from Troyo, Lonquimay, Chile to Angol, Chile",,0.46598666605522,260.78252559057455,-71.483,-38.293
"Directions from Troyo, Lonquimay, Chile to Angol, Chile",,0.46601828883182,243.93749183228212,-71.483,-38.293
"Directions from Troyo, Lonquimay, Chile to Angol, Chile",,0.46605434434458,224.99999999843419,-71.483,-38.293
"Directions from Troyo, Lonquimay, Chile to Angol, Chile",,0.46609039985733,228.56250816818769,-71.483,-38.293
"Directions from Troyo, Lonquimay, Chile to Angol, Chile",,0.46611276053711,211.71747441146101,-71.483,-38.293
"Directions from Troyo, Lonquimay, Chile to Angol, Chile",,0.46612276053711,192.60056182204556,-71.483,-38.293
"Directions from Troyo, Lonquimay, Chile to Angol, Chile",,0.46631064347939,213.19352440417984,-71.483,-38.293
"Directions from Troyo, Lonquimay, Chile to Angol, Chile",,0.46641694493751,237.62026463282504,-71.483,-38.293
"Directions from Troyo, Lonquimay, Chile to Angol, Chile",,0.46648974603642,262.02730205069076,-71.483,-38.293
"Directions from Troyo, Lonquimay, Chile to Angol, Chile",,0.46657974603642,280.27802261090710,-71.483,-38.293
"Directions from Troyo, Lonquimay, Chile to Angol, Chile",,0.46666518607387,295.75990087454909,-71.483,-38.293
"Directions from Troyo, Lonquimay, Chile to Angol, Chile",,0.46672349559281,285.48187826364199,-71.483,-38.293
"Directions from Troyo, Lonquimay, Chile to Angol, Chile",,0.46673349559282,279.21747441553214,-71.483,-38.293
"Directions from Troyo, Lonquimay, Chile to Angol, Chile",,0.46676511836942,279.21747441553214,-71.483,-38.293
"Directions from Troyo, Lonquimay, Chile to Angol, Chile",,0.46686511836942,264.69017236130793,-71.484,-38.293
"Directions from Troyo, Lonquimay, Chile to Angol, Chile",,0.46702790657537,248.45457621648231,-71.484,-38.293
"Directions from Troyo, Lonquimay, Chile to Angol, Chile",,0.46715829062348,234.82691202946873,-71.484,-38.293
"Directions from Troyo, Lonquimay, Chile to Angol, Chile",,0.46727230816599,228.56250817429432,-71.484,-38.293
"Directions from Troyo, Lonquimay, Chile to Angol, Chile",,0.46738544525098,229.48631330579775,-71.484,-38.293
"Directions from Troyo, Lonquimay, Chile to Angol, Chile",,0.46752145995606,238.70378771997284,-71.484,-38.293
"Directions from Troyo, Lonquimay, Chile to Angol, Chile",,0.46758854199539,252.65242323730067,-71.484,-38.293
"Directions from Troyo, Lonquimay, Chile to Angol, Chile",,0.46772996335163,268.31676966764638,-71.484,-38.293
"Directions from Troyo, Lonquimay, Chile to Angol, Chile",,0.46785037929741,277.90229093492763,-71.484,-38.293
"Directions from Troyo, Lonquimay, Chile to Angol, Chile",,0.46826811126890,277.11038514971261,-71.485,-38.293
"Directions from Troyo, Lonquimay, Chile to Angol, Chile",,0.46844838883267,269.54710667014501,-71.485,-38.293
"Directions from Troyo, Lonquimay, Chile to Angol, Chile",,0.46858874552115,267.95719161083917,-71.485,-38.293
"Directions from Troyo, Lonquimay, Chile to Angol, Chile",,0.46872874552115,247.49999999999997,-71.485,-38.293
"Directions from Troyo, Lonquimay, Chile to Angol, Chile",,0.46874288765678,249.88182084620536,-71.485,-38.293
"Directions from Troyo, Lonquimay, Chile to Angol, Chile",,0.46886330360256,278.42919938371841,-71.485,-38.293
"Directions from Troyo, Lonquimay, Chile to Angol, Chile",,0.46900648181320,284.24214870491949,-71.486,-38.293
"Directions from Troyo, Lonquimay, Chile to Angol, Chile",,0.46918368226466,280.23757855753155,-71.486,-38.293
"Directions from Troyo, Lonquimay, Chile to Angol, Chile",,0.46960475233010,258.76028279995779,-71.486,-38.293
"Directions from Troyo, Lonquimay, Chile to Angol, Chile",,0.46971655572896,238.28252558731768,-71.486,-38.293
"Directions from Troyo, Lonquimay, Chile to Angol, Chile",,0.46991655572897,242.34757676805964,-71.486,-38.293
"Directions from Troyo, Lonquimay, Chile to Angol, Chile",,0.46994817850557,258.18531113603979,-71.486,-38.293
"Directions from Troyo, Lonquimay, Chile to Angol, Chile",,0.47005863211575,267.40278554546518,-71.487,-38.293
"Directions from Troyo, Lonquimay, Chile to Angol, Chile",,0.47015863211575,274.73116110474638,-71.487,-38.293
"Directions from Troyo, Lonquimay, Chile to Angol, Chile",,0.47034111499164,274.73116110474638,-71.487,-38.293
"Directions from Troyo, Lonquimay, Chile to Angol, Chile",,0.47047111499166,261.80522983259362,-71.487,-38.293
"Directions from Troyo, Lonquimay, Chile to Angol, Chile",,0.47064831544312,247.65485194931031,-71.487,-38.293
"Directions from Troyo, Lonquimay, Chile to Angol, Chile",,0.47079596367372,243.73574945731639,-71.487,-38.293
"Directions from Troyo, Lonquimay, Chile to Angol, Chile",,0.47101528079571,243.35882529125317,-71.487,-38.293
"Directions from Troyo, Lonquimay, Chile to Angol, Chile",,0.47132414969994,243.25072056072409,-71.488,-38.294
"Directions from Troyo, Lonquimay, Chile to Angol, Chile",,0.47144498015968,240.93298884708065,-71.488,-38.294
"Directions from Troyo, Lonquimay, Chile to Angol, Chile",,0.47158920221070,226.58991506033925,-71.488,-38.294
"Directions from Troyo, Lonquimay, Chile to Angol, Chile",,0.47168920221070,212.17216463662152,-71.488,-38.294
"Directions from Troyo, Lonquimay, Chile to Angol, Chile",,0.47197098226677,209.97281195680085,-71.488,-38.294
"Directions from Troyo, Lonquimay, Chile to Angol, Chile",,0.47210136631487,218.73559614463923,-71.488,-38.294
"Directions from Troyo, Lonquimay, Chile to Angol, Chile",,0.47222864553548,228.17009587383765,-71.488,-38.294
"Directions from Troyo, Lonquimay, Chile to Angol, Chile",,0.47235670802024,234.86634474993173,-71.488,-38.294
"Directions from Troyo, Lonquimay, Chile to Angol, Chile",,0.47250935139546,233.37947920823805,-71.489,-38.294
"Directions from Troyo, Lonquimay, Chile to Angol, Chile",,0.47262976734125,224.48387765447313,-71.489,-38.294
"Directions from Troyo, Lonquimay, Chile to Angol, Chile",,0.47281415823040,218.06948621724672,-71.489,-38.295
"Directions from Troyo, Lonquimay, Chile to Angol, Chile",,0.47290018148306,212.29614094370919,-71.489,-38.295
"Directions from Troyo, Lonquimay, Chile to Angol, Chile",,0.47300313778447,212.96225087528731,-71.489,-38.295
"Directions from Troyo, Lonquimay, Chile to Angol, Chile",,0.47305313778448,206.19700432397511,-71.489,-38.295
"Directions from Troyo, Lonquimay, Chile to Angol, Chile",,0.47323995320141,191.82710667558669,-71.489,-38.295
"Directions from Troyo, Lonquimay, Chile to Angol, Chile",,0.47352279591388,184.06505117697620,-71.489,-38.295
"Directions from Troyo, Lonquimay, Chile to Angol, Chile",,0.47367279591387,188.55136448386605,-71.489,-38.295
"Directions from Troyo, Lonquimay, Chile to Angol, Chile",,0.47380881061897,204.03324274840605,-71.489,-38.296
"Directions from Troyo, Lonquimay, Chile to Angol, Chile",,0.47392542965686,217.98187826454003,-71.489,-38.296
"Directions from Troyo, Lonquimay, Chile to Angol, Chile",,0.47412341955559,220.93494882780735,-71.489,-38.296
"Directions from Troyo, Lonquimay, Chile to Angol, Chile",,0.47417341955559,219.74197681266585,-71.489,-38.296
"Directions from Troyo, Lonquimay, Chile to Angol, Chile",,0.47451312531063,224.44354299420368,-71.490,-38.296
"Directions from Troyo, Lonquimay, Chile to Angol, Chile",,0.47483140191987,228.49181157799421,-71.490,-38.296
"Directions from Troyo, Lonquimay, Chile to Angol, Chile",,0.47511565532794,205.35529656864907,-71.490,-38.296
"Directions from Troyo, Lonquimay, Chile to Angol, Chile",,0.47512565532795,201.93834864358817,-71.490,-38.296
"Directions from Troyo, Lonquimay, Chile to Angol, Chile",,0.47548634910389,220.17296583826567,-71.490,-38.297
"Directions from Troyo, Lonquimay, Chile to Angol, Chile",,0.47577235609681,209.98390003323607,-71.490,-38.297
"Directions from Troyo, Lonquimay, Chile to Angol, Chile",,0.47602315482089,196.48044394367165,-71.490,-38.297
"Directions from Troyo, Lonquimay, Chile to Angol, Chile",,0.47608398244619,184.73116110511313,-71.490,-38.297
"Directions from Troyo, Lonquimay, Chile to Angol, Chile",,0.47613398244619,172.37244064659211,-71.490,-38.297
"Directions from Troyo, Lonquimay, Chile to Angol, Chile",,0.47624799998871,172.37244064659211,-71.490,-38.297
"Directions from Troyo, Lonquimay, Chile to Angol, Chile",,0.47628799998871,172.98187827322107,-71.490,-38.297
"Directions from Troyo, Lonquimay, Chile to Angol, Chile",,0.47632923104496,172.98187827322107,-71.490,-38.297
"Directions from Troyo, Lonquimay, Chile to Angol, Chile",,0.47636923104496,193.28252557632567,-71.490,-38.298
"Directions from Troyo, Lonquimay, Chile to Angol, Chile",,0.47639159172473,215.78252557632567,-71.490,-38.298
"Directions from Troyo, Lonquimay, Chile to Angol, Chile",,0.47646230240285,229.37308113180703,-71.491,-38.298
"Directions from Troyo, Lonquimay, Chile to Angol, Chile",,0.47664831315523,220.15560671918283,-71.491,-38.298
"Directions from Troyo, Lonquimay, Chile to Angol, Chile",,0.47680483791365,202.49999999832792,-71.491,-38.298
"Directions from Troyo, Lonquimay, Chile to Angol, Chile",,0.47693132902006,192.77998258665565,-71.491,-38.298
"Directions from Troyo, Lonquimay, Chile to Angol, Chile",,0.47701195159754,177.90754194065070,-71.491,-38.298
"Directions from Troyo, Lonquimay, Chile to Angol, Chile",,0.47711393198781,174.34503376494717,-71.491,-38.298
"Directions from Troyo, Lonquimay, Chile to Angol, Chile",,0.47721393198781,187.97269794738887,-71.491,-38.298
"Directions from Troyo, Lonquimay, Chile to Angol, Chile",,0.47728673308670,210.47269794399631,-71.491,-38.298
"Directions from Troyo, Lonquimay, Chile to Angol, Chile",,0.47732915949357,232.62755935001533,-71.491,-38.298
"Directions from Troyo, Lonquimay, Chile to Angol, Chile",,0.47740978207106,242.90558196208420,-71.491,-38.298
"Directions from Troyo, Lonquimay, Chile to Angol, Chile",,0.47753061253079,252.12305637205773,-71.491,-38.298
"Directions from Troyo, Lonquimay, Chile to Angol, Chile",,0.47763259292107,264.34503376338131,-71.491,-38.298
"Directions from Troyo, Lonquimay, Chile to Angol, Chile",,0.47765259292107,262.73277245965147,-71.491,-38.298
"Directions from Troyo, Lonquimay, Chile to Angol, Chile",,0.47793151943469,251.54270493439432,-71.491,-38.299
"Directions from Troyo, Lonquimay, Chile to Angol, Chile",,0.47811536719780,245.52740688518617,-71.492,-38.299
"Directions from Troyo, Lonquimay, Chile to Angol, Chile",,0.47829425263599,256.71747441044329,-71.492,-38.299
"Directions from Troyo, Lonquimay, Chile to Angol, Chile",,0.47830425263600,260.78252558853899,-71.492,-38.299
"Directions from Troyo, Lonquimay, Chile to Angol, Chile",,0.47846236651901,256.05136448562649,-71.492,-38.299
"Directions from Troyo, Lonquimay, Chile to Angol, Chile",,0.47852319414430,257.55775823783057,-71.492,-38.299
"Directions from Troyo, Lonquimay, Chile to Angol, Chile",,0.47942569068170,239.78891934074312,-71.493,-38.299
"Directions from Troyo, Lonquimay, Chile to Angol, Chile",,0.47943983281732,240.48187826555787,-71.493,-38.299
"Directions from Troyo, Lonquimay, Chile to Angol, Chile",,0.47964598809860,252.55464924657480,-71.493,-38.299
"Directions from Troyo, Lonquimay, Chile to Angol, Chile",,0.47987071014915,250.89575866230683,-71.493,-38.299
"Directions from Troyo, Lonquimay, Chile to Angol, Chile",,0.48003834069529,249.29431295637059,-71.493,-38.299
"Directions from Troyo, Lonquimay, Chile to Angol, Chile",,0.48065161061955,249.77655510822541,-71.494,-38.299
"Directions from Troyo, Lonquimay, Chile to Angol, Chile",,0.48100601152248,255.10898095613803,-71.494,-38.300
"Directions from Troyo, Lonquimay, Chile to Angol, Chile",,0.48143775218538,254.62673880486281,-71.495,-38.300
"Directions from Troyo, Lonquimay, Chile to Angol, Chile",,0.48177301327766,247.44371738116277,-71.495,-38.300
"Directions from Troyo, Lonquimay, Chile to Angol, Chile",,0.48198772238320,240.56632528510059,-71.495,-38.300
"Directions from Troyo, Lonquimay, Chile to Angol, Chile",,0.48266514396537,242.57084833978320,-71.496,-38.300
"Directions from Troyo, Lonquimay, Chile to Angol, Chile",,0.48293827397105,248.60194060513223,-71.496,-38.300
"Directions from Troyo, Lonquimay, Chile to Angol, Chile",,0.48382692463357,253.10490643281543,-71.497,-38.301
"Directions from Troyo, Lonquimay, Chile to Angol, Chile",,0.48402339346062,252.80130655244827,-71.497,-38.301
"Directions from Troyo, Lonquimay, Chile to Angol, Chile",,0.48417205414810,243.32805420623345,-71.497,-38.301
"Directions from Troyo, Lonquimay, Chile to Angol, Chile",,0.48424416517360,230.65496623608041,-71.497,-38.301
"Directions from Troyo, Lonquimay, Chile to Angol, Chile",,0.48447043934358,202.50000000063611,-71.497,-38.301
"Directions from Troyo, Lonquimay, Chile to Angol, Chile",,0.48448043934359,208.15496623753205,-71.497,-38.301
"Directions from Troyo, Lonquimay, Chile to Angol, Chile",,0.48458860588185,240.93298884620839,-71.498,-38.301
"Directions from Troyo, Lonquimay, Chile to Angol, Chile",,0.48470943634158,247.90460430621229,-71.498,-38.301
"Directions from Troyo, Lonquimay, Chile to Angol, Chile",,0.48512380332867,245.44770492620063,-71.498,-38.301
"Directions from Troyo, Lonquimay, Chile to Angol, Chile",,0.48549095452369,236.88617440614988,-71.498,-38.301
"Directions from Troyo, Lonquimay, Chile to Angol, Chile",,0.48569095452370,226.46783672178236,-71.498,-38.301
"Directions from Troyo, Lonquimay, Chile to Angol, Chile",,0.48584715951721,225.05324880295476,-71.499,-38.302
"Directions from Troyo, Lonquimay, Chile to Angol, Chile",,0.48653599912119,233.30542949410179,-71.499,-38.302
"Directions from Troyo, Lonquimay, Chile to Angol, Chile",,0.48657205463394,231.75626531628208,-71.499,-38.302
"Directions from Troyo, Lonquimay, Chile to Angol, Chile",,0.48694002202380,222.03624790364353,-71.499,-38.302
"Directions from Troyo, Lonquimay, Chile to Angol, Chile",,0.48729002202380,223.79024539145476,-71.500,-38.303
"Directions from Troyo, Lonquimay, Chile to Angol, Chile",,0.48757427543187,227.85529656949717,-71.500,-38.303
"Directions from Troyo, Lonquimay, Chile to Angol, Chile",,0.48774398105936,215.78252557717380,-71.500,-38.303
"Directions from Troyo, Lonquimay, Chile to Angol, Chile",,0.48776634173913,211.29621226964767,-71.500,-38.303
"Directions from Troyo, Lonquimay, Chile to Angol, Chile",,0.48803837114931,217.81903081365135,-71.500,-38.303
"Directions from Troyo, Lonquimay, Chile to Angol, Chile",,0.48841480175380,227.96031035616511,-71.500,-38.303
"Directions from Troyo, Lonquimay, Chile to Angol, Chile",,0.48855902380482,233.51026280357783,-71.501,-38.303
"Directions from Troyo, Lonquimay, Chile to Angol, Chile",,0.48870115050885,233.68494289468077,-71.501,-38.304
"Directions from Troyo, Lonquimay, Chile to Angol, Chile",,0.48915601312548,233.42686078102847,-71.501,-38.304
"Directions from Troyo, Lonquimay, Chile to Angol, Chile",,0.48939032061576,228.58468145982096,-71.501,-38.304
"Directions from Troyo, Lonquimay, Chile to Angol, Chile",,0.48959550346105,219.23960036465573,-71.501,-38.304
"Directions from Troyo, Lonquimay, Chile to Angol, Chile",,0.48995909664029,218.25213336910241,-71.502,-38.304
"Directions from Troyo, Lonquimay, Chile to Angol, Chile",,0.48997323877592,216.44863552537652,-71.502,-38.304
"Directions from Troyo, Lonquimay, Chile to Angol, Chile",,0.49016559261654,216.44863552537652,-71.502,-38.305
"Directions from Troyo, Lonquimay, Chile to Angol, Chile",,0.49017973475216,219.99601010966205,-71.502,-38.305
"Directions from Troyo, Lonquimay, Chile to Angol, Chile",,0.49042386586448,219.99601009888551,-71.502,-38.305
"Directions from Troyo, Lonquimay, Chile to Angol, Chile",,0.49066428217008,226.43120261243183,-71.502,-38.305
"Directions from Troyo, Lonquimay, Chile to Angol, Chile",,0.49094747821525,203.93120261303051,-71.502,-38.305
"Directions from Troyo, Lonquimay, Chile to Angol, Chile",,0.49095747821525,195.48187826639597,-71.502,-38.305
"Directions from Troyo, Lonquimay, Chile to Angol, Chile",,0.49124902580999,202.49999999796444,-71.502,-38.305
"Directions from Troyo, Lonquimay, Chile to Angol, Chile",,0.49133148792250,198.20818925887315,-71.502,-38.305
"Directions from Troyo, Lonquimay, Chile to Angol, Chile",,0.49151533568561,200.40754193944423,-71.502,-38.306
"Directions from Troyo, Lonquimay, Chile to Angol, Chile",,0.49170507234522,201.81803623418509,-71.502,-38.306
"Directions from Troyo, Lonquimay, Chile to Angol, Chile",,0.49189295528751,209.94813858782541,-71.503,-38.306
"Directions from Troyo, Lonquimay, Chile to Angol, Chile",,0.49205106917051,218.16434643350340,-71.503,-38.306
"Directions from Troyo, Lonquimay, Chile to Angol, Chile",,0.49229190106209,224.67992516463065,-71.503,-38.306
"Directions from Troyo, Lonquimay, Chile to Angol, Chile",,0.49288654381198,248.86315549690707,-71.503,-38.307
"Directions from Troyo, Lonquimay, Chile to Angol, Chile",,0.49289654381198,239.67887677133524,-71.503,-38.307
"Directions from Troyo, Lonquimay, Chile to Angol, Chile",,0.49308011940949,202.53319568580628,-71.503,-38.307
"Directions from Troyo, Lonquimay, Chile to Angol, Chile",,0.49341253481226,202.88861032637357,-71.503,-38.307
"Directions from Troyo, Lonquimay, Chile to Angol, Chile",,0.49363207979626,207.25626879946179,-71.504,-38.307
"Directions from Troyo, Lonquimay, Chile to Angol, Chile",,0.49375291025599,201.86700049819635,-71.504,-38.307
"Directions from Troyo, Lonquimay, Chile to Angol, Chile",,0.49396480645700,195.29998934529848,-71.504,-38.308
"Directions from Troyo, Lonquimay, Chile to Angol, Chile",,0.49406678684727,185.65496623466140,-71.504,-38.308
"Directions from Troyo, Lonquimay, Chile to Angol, Chile",,0.49417678684727,175.62691887036968,-71.504,-38.308
"Directions from Troyo, Lonquimay, Chile to Angol, Chile",,0.49430831631165,159.82316774759468,-71.504,-38.308
"Directions from Troyo, Lonquimay, Chile to Angol, Chile",,0.49446095968687,141.69624887722500,-71.504,-38.308
"Directions from Troyo, Lonquimay, Chile to Angol, Chile",,0.49447510182250,157.50000000000000,-71.504,-38.308
"Directions from Troyo, Lonquimay, Chile to Angol, Chile",,0.49449510182250,202.49999999660739,-71.504,-38.308
"Directions from Troyo, Lonquimay, Chile to Angol, Chile",,0.49453752822937,238.28252559125309,-71.504,-38.308
"Directions from Troyo, Lonquimay, Chile to Angol, Chile",,0.49456915100598,260.78252559464568,-71.504,-38.308
"Directions from Troyo, Lonquimay, Chile to Angol, Chile",,0.49458915100597,257.77802261007059,-71.504,-38.308
"Directions from Troyo, Lonquimay, Chile to Angol, Chile",,0.49470998146571,235.27802260498171,-71.504,-38.308
"Directions from Troyo, Lonquimay, Chile to Angol, Chile",,0.49473826573695,215.78252558752123,-71.504,-38.308
"Directions from Troyo, Lonquimay, Chile to Angol, Chile",,0.49478298709650,197.25426149727895,-71.504,-38.308
"Directions from Troyo, Lonquimay, Chile to Angol, Chile",,0.49521715296343,192.64874822301687,-71.504,-38.309
"Directions from Troyo, Lonquimay, Chile to Angol, Chile",,0.49538478350957,191.53230888810549,-71.504,-38.309
"Directions from Troyo, Lonquimay, Chile to Angol, Chile",,0.49548528226578,205.35529656975751,-71.504,-38.309
"Directions from Troyo, Lonquimay, Chile to Angol, Chile",,0.49549942440141,215.78252558446789,-71.504,-38.309
"Directions from Troyo, Lonquimay, Chile to Angol, Chile",,0.49554414576095,215.78252558446789,-71.504,-38.309
"Directions from Troyo, Lonquimay, Chile to Angol, Chile",,0.49561485643907,230.65496623674915,-71.504,-38.309
"Directions from Troyo, Lonquimay, Chile to Angol, Chile",,0.49583118951560,225.92380513301140,-71.504,-38.309
"Directions from Troyo, Lonquimay, Chile to Angol, Chile",,0.49591721276827,211.05136448887237,-71.504,-38.309
"Directions from Troyo, Lonquimay, Chile to Angol, Chile",,0.49593957344805,193.28252559261011,-71.504,-38.309
"Directions from Troyo, Lonquimay, Chile to Angol, Chile",,0.49597957344805,193.28252559261011,-71.504,-38.309
"Directions from Troyo, Lonquimay, Chile to Angol, Chile",,0.49600193412782,215.78252558752123,-71.504,-38.309
"Directions from Troyo, Lonquimay, Chile to Angol, Chile",,0.49603021839907,229.06505117036065,-71.504,-38.309
"Directions from Troyo, Lonquimay, Chile to Angol, Chile",,0.49608021839907,238.28252559505279,-71.504,-38.309
"Directions from Troyo, Lonquimay, Chile to Angol, Chile",,0.49610257907884,211.71747441960323,-71.504,-38.309
"Directions from Troyo, Lonquimay, Chile to Angol, Chile",,0.49611257907885,210.47269795007739,-71.504,-38.309
"Directions from Troyo, Lonquimay, Chile to Angol, Chile",,0.49621553538026,227.31773171306725,-71.504,-38.310
"Directions from Troyo, Lonquimay, Chile to Angol, Chile",,0.49628764640577,196.84503376298991,-71.504,-38.310
"Directions from Troyo, Lonquimay, Chile to Angol, Chile",,0.49630764640576,187.76205549861041,-71.504,-38.310
"Directions from Troyo, Lonquimay, Chile to Angol, Chile",,0.49649446182269,192.49321660188971,-71.504,-38.310
"Directions from Troyo, Lonquimay, Chile to Angol, Chile",,0.49667694469860,184.73116110327928,-71.505,-38.310
"Directions from Troyo, Lonquimay, Chile to Angol, Chile",,0.49672694469860,202.50000000678520,-71.505,-38.310
"Directions from Troyo, Lonquimay, Chile to Angol, Chile",,0.49676937110547,234.21747441824621,-71.505,-38.310
"Directions from Troyo, Lonquimay, Chile to Angol, Chile",,0.49681409246502,247.49999999592887,-71.505,-38.310
"Directions from Troyo, Lonquimay, Chile to Angol, Chile",,0.49684571524162,260.78252558446786,-71.505,-38.310
"Directions from Troyo, Lonquimay, Chile to Angol, Chile",,0.49687571524161,256.71747441146101,-71.505,-38.310
"Directions from Troyo, Lonquimay, Chile to Angol, Chile",,0.49689807592140,247.50000000101775,-71.505,-38.310
"Directions from Troyo, Lonquimay, Chile to Angol, Chile",,0.49696132147460,245.30064732232267,-71.505,-38.310
"Directions from Troyo, Lonquimay, Chile to Angol, Chile",,0.49701963099354,225.00000000239481,-71.505,-38.310
"Directions from Troyo, Lonquimay, Chile to Angol, Chile",,0.49707794051249,203.83150038513173,-71.505,-38.310
"Directions from Troyo, Lonquimay, Chile to Angol, Chile",,0.49718234357759,185.17952624155492,-71.505,-38.310
"Directions from Troyo, Lonquimay, Chile to Angol, Chile",,0.49727289742897,163.54737853887013,-71.505,-38.310
"Directions from Troyo, Lonquimay, Chile to Angol, Chile",,0.49733997946829,144.21747441112174,-71.505,-38.310
"Directions from Troyo, Lonquimay, Chile to Angol, Chile",,0.49742483228203,130.51368669250596,-71.505,-38.310
"Directions from Troyo, Lonquimay, Chile to Angol, Chile",,0.49756084698712,123.49556495983990,-71.505,-38.311
"Directions from Troyo, Lonquimay, Chile to Angol, Chile",,0.49773577554397,127.98187826394134,-71.504,-38.311
"Directions from Troyo, Lonquimay, Chile to Angol, Chile",,0.49782062835771,146.59929525933930,-71.504,-38.311
"Directions from Troyo, Lonquimay, Chile to Angol, Chile",,0.49787448000578,154.22685461319080,-71.504,-38.311
"Directions from Troyo, Lonquimay, Chile to Angol, Chile",,0.49795510258326,145.22477380502153,-71.504,-38.311
"Directions from Troyo, Lonquimay, Chile to Angol, Chile",,0.49803320508002,148.11596996599690,-71.504,-38.311
"Directions from Troyo, Lonquimay, Chile to Angol, Chile",,0.49813169365804,149.58380668858015,-71.504,-38.311
"Directions from Troyo, Lonquimay, Chile to Angol, Chile",,0.49823169365804,139.06505117544955,-71.504,-38.311
"Directions from Troyo, Lonquimay, Chile to Angol, Chile",,0.49830240433616,126.53624346926475,-71.504,-38.311
"Directions from Troyo, Lonquimay, Chile to Angol, Chile",,0.49847240433615,122.47119229055831,-71.504,-38.311
"Directions from Troyo, Lonquimay, Chile to Angol, Chile",,0.49852240433615,130.93494881620467,-71.504,-38.311
"Directions from Troyo, Lonquimay, Chile to Angol, Chile",,0.49855068860740,157.49999999491112,-71.504,-38.311
"Directions from Troyo, Lonquimay, Chile to Angol, Chile",,0.49859068860740,202.49999999999997,-71.504,-38.311
"Directions from Troyo, Lonquimay, Chile to Angol, Chile",,0.49861897287866,234.21747441146101,-71.504,-38.311
"Directions from Troyo, Lonquimay, Chile to Angol, Chile",,0.49866369423820,256.71747441146101,-71.504,-38.311
"Directions from Troyo, Lonquimay, Chile to Angol, Chile",,0.49868369423820,265.26883889818777,-71.504,-38.311
"Directions from Troyo, Lonquimay, Chile to Angol, Chile",,0.49874452186350,265.26883889818777,-71.504,-38.311
"Directions from Troyo, Lonquimay, Chile to Angol, Chile",,0.49884452186351,265.26883889378655,-71.504,-38.311
"Directions from Troyo, Lonquimay, Chile to Angol, Chile",,0.49890534948880,254.36813415131260,-71.504,-38.311
"Directions from Troyo, Lonquimay, Chile to Angol, Chile",,0.49895920113687,240.66434643297555,-71.504,-38.311
"Directions from Troyo, Lonquimay, Chile to Angol, Chile",,0.49900920113687,229.06505117544955,-71.504,-38.311
"Directions from Troyo, Lonquimay, Chile to Angol, Chile",,0.49906576967937,214.61387265901939,-71.504,-38.311
"Directions from Troyo, Lonquimay, Chile to Angol, Chile",,0.49928508680136,196.84503376449933,-71.504,-38.312
"Directions from Troyo, Lonquimay, Chile to Angol, Chile",,0.49946756967727,186.63819852190449,-71.504,-38.312
"Directions from Troyo, Lonquimay, Chile to Angol, Chile",,0.49976823560483,172.31753340393121,-71.505,-38.312
"Directions from Troyo, Lonquimay, Chile to Angol, Chile",,0.50001175151807,165.67933488184332,-71.504,-38.312
"Directions from Troyo, Lonquimay, Chile to Angol, Chile",,0.50007257914337,166.50605470778294,-71.504,-38.312
"Directions from Troyo, Lonquimay, Chile to Angol, Chile",,0.50047107632028,167.17216463514688,-71.504,-38.313
"Directions from Troyo, Lonquimay, Chile to Angol, Chile",,0.50054178699840,175.93494882170069,-71.504,-38.313
"Directions from Troyo, Lonquimay, Chile to Angol, Chile",,0.50056178699840,189.21747441349655,-71.504,-38.313
"Directions from Troyo, Lonquimay, Chile to Angol, Chile",,0.50062503255161,205.22016601845317,-71.504,-38.313
"Directions from Troyo, Lonquimay, Chile to Angol, Chile",,0.50071937236292,209.88196190398531,-71.504,-38.313
"Directions from Troyo, Lonquimay, Chile to Angol, Chile",,0.50093408146846,205.47856555708120,-71.504,-38.313
"Directions from Troyo, Lonquimay, Chile to Angol, Chile",,0.50108639693057,200.36207944542664,-71.505,-38.313
"Directions from Troyo, Lonquimay, Chile to Angol, Chile",,0.50128564551903,188.76278418737419,-71.505,-38.314
"Directions from Troyo, Lonquimay, Chile to Angol, Chile",,0.50130564551903,174.34503376142411,-71.505,-38.314
"Directions from Troyo, Lonquimay, Chile to Angol, Chile",,0.50135663571417,163.03510128728342,-71.505,-38.314
"Directions from Troyo, Lonquimay, Chile to Angol, Chile",,0.50148663571417,161.67194578950136,-71.505,-38.314
"Directions from Troyo, Lonquimay, Chile to Angol, Chile",,0.50152786677042,155.87402719771282,-71.505,-38.314
"Directions from Troyo, Lonquimay, Chile to Angol, Chile",,0.50183019109958,140.39214893407083,-71.504,-38.314
"Directions from Troyo, Lonquimay, Chile to Angol, Chile",,0.50194332818457,149.52730204723417,-71.504,-38.314
"Directions from Troyo, Lonquimay, Chile to Angol, Chile",,0.50201612928346,172.02730204723417,-71.504,-38.314
"Directions from Troyo, Lonquimay, Chile to Angol, Chile",,0.50205612928346,188.55136448430611,-71.504,-38.314
"Directions from Troyo, Lonquimay, Chile to Angol, Chile",,0.50219214398855,206.98631331211348,-71.504,-38.314
"Directions from Troyo, Lonquimay, Chile to Angol, Chile",,0.50224214398855,211.71747441023967,-71.504,-38.314
"Directions from Troyo, Lonquimay, Chile to Angol, Chile",,0.50228686534810,197.07984726797253,-71.504,-38.314
"Directions from Troyo, Lonquimay, Chile to Angol, Chile",,0.50243819280761,177.17706172808005,-71.504,-38.315
"Directions from Troyo, Lonquimay, Chile to Angol, Chile",,0.50261283529957,170.52444347291672,-71.504,-38.315
"Directions from Troyo, Lonquimay, Chile to Angol, Chile",,0.50291433156821,177.14470343037686,-71.504,-38.315
"Directions from Troyo, Lonquimay, Chile to Angol, Chile",,0.50297433156820,174.99601010016733,-71.504,-38.315
"Directions from Troyo, Lonquimay, Chile to Angol, Chile",,0.50314695833322,174.99601010016733,-71.504,-38.315
"Directions from Troyo, Lonquimay, Chile to Angol, Chile",,0.50321695833322,168.22386816362015,-71.504,-38.315
"Directions from Troyo, Lonquimay, Chile to Angol, Chile",,0.50364239928094,164.66135998969116,-71.504,-38.316
"Directions from Troyo, Lonquimay, Chile to Angol, Chile",,0.50388426701339,177.61817915511131,-71.504,-38.316
"Directions from Troyo, Lonquimay, Chile to Angol, Chile",,0.50485509140534,173.55312797516271,-71.504,-38.317
"Directions from Troyo, Lonquimay, Chile to Angol, Chile",,0.50496910894785,161.47173590715798,-71.504,-38.317
"Directions from Troyo, Lonquimay, Chile to Angol, Chile",,0.50502296059592,149.76939113399052,-71.504,-38.317
"Directions from Troyo, Lonquimay, Chile to Angol, Chile",,0.50515102308066,160.67009587295496,-71.504,-38.317
"Directions from Troyo, Lonquimay, Chile to Angol, Chile",,0.50516102308067,157.49999999660741,-71.504,-38.317
"Directions from Troyo, Lonquimay, Chile to Angol, Chile",,0.50520344948755,144.21747441213952,-71.504,-38.317
"Directions from Troyo, Lonquimay, Chile to Angol, Chile",,0.50524817084709,166.71747441553214,-71.504,-38.317
"Directions from Troyo, Lonquimay, Chile to Angol, Chile",,0.50532817084709,193.28252557632567,-71.504,-38.317
"Directions from Troyo, Lonquimay, Chile to Angol, Chile",,0.50535053152686,193.28252557632567,-71.504,-38.317
"Directions from Troyo, Lonquimay, Chile to Angol, Chile",,0.50536053152686,202.50000000508888,-71.504,-38.317
"Directions from Troyo, Lonquimay, Chile to Angol, Chile",,0.50538881579811,230.65496624053321,-71.504,-38.317
"Directions from Troyo, Lonquimay, Chile to Angol, Chile",,0.50542487131086,232.33819656645727,-71.504,-38.317
"Directions from Troyo, Lonquimay, Chile to Angol, Chile",,0.50554528725665,232.33819656854507,-71.504,-38.318
"Directions from Troyo, Lonquimay, Chile to Angol, Chile",,0.50576162033318,230.65496623753208,-71.504,-38.318
"Directions from Troyo, Lonquimay, Chile to Angol, Chile",,0.50583233101130,217.98187826962891,-71.504,-38.318
"Directions from Troyo, Lonquimay, Chile to Angol, Chile",,0.50589064053026,204.03324275393504,-71.504,-38.318
"Directions from Troyo, Lonquimay, Chile to Angol, Chile",,0.50602665523534,193.79710298917607,-71.504,-38.318
"Directions from Troyo, Lonquimay, Chile to Angol, Chile",,0.50630124583969,207.74573851504772,-71.504,-38.318
"Directions from Troyo, Lonquimay, Chile to Angol, Chile",,0.50631538797532,207.28334300516241,-71.504,-38.318
"Directions from Troyo, Lonquimay, Chile to Angol, Chile",,0.50721793991289,186.62903598749307,-71.505,-38.319
"Directions from Troyo, Lonquimay, Chile to Angol, Chile",,0.50752858440423,189.27500021718365,-71.505,-38.319
"Directions from Troyo, Lonquimay, Chile to Angol, Chile",,0.50803553607845,202.30174787251991,-71.505,-38.320
"Directions from Troyo, Lonquimay, Chile to Angol, Chile",,0.50819678123342,219.75426149313773,-71.505,-38.320
"Directions from Troyo, Lonquimay, Chile to Angol, Chile",,0.50853736896074,227.38182084529291,-71.505,-38.320
"Directions from Troyo, Lonquimay, Chile to Angol, Chile",,0.50865050604572,217.98187826708448,-71.505,-38.320
"Directions from Troyo, Lonquimay, Chile to Angol, Chile",,0.50888374412152,206.25236622575613,-71.505,-38.320
"Directions from Troyo, Lonquimay, Chile to Angol, Chile",,0.50929227808583,203.37104978071716,-71.505,-38.321
"Directions from Troyo, Lonquimay, Chile to Angol, Chile",,0.50948016102811,202.87858443518343,-71.505,-38.321
"Directions from Troyo, Lonquimay, Chile to Angol, Chile",,0.50956560106557,196.84503376571396,-71.506,-38.321
"Directions from Troyo, Lonquimay, Chile to Angol, Chile",,0.50987365950158,190.36433283811627,-71.506,-38.321
"Directions from Troyo, Lonquimay, Chile to Angol, Chile",,0.51002498696109,190.15949952772735,-71.506,-38.322
"Directions from Troyo, Lonquimay, Chile to Angol, Chile",,0.51034279193273,196.78940686149269,-71.506,-38.322
"Directions from Troyo, Lonquimay, Chile to Angol, Chile",,0.51056751398327,193.98973719500901,-71.506,-38.322
"Directions from Troyo, Lonquimay, Chile to Angol, Chile",,0.51064813656075,180.20758977321455,-71.506,-38.322
"Directions from Troyo, Lonquimay, Chile to Angol, Chile",,0.51081930898844,169.89721495662039,-71.506,-38.322
"Directions from Troyo, Lonquimay, Chile to Angol, Chile",,0.51107640819109,180.96321401820879,-71.506,-38.323
"Directions from Troyo, Lonquimay, Chile to Angol, Chile",,0.51137724037022,193.75845919815163,-71.506,-38.323
"Directions from Troyo, Lonquimay, Chile to Angol, Chile",,0.51166359679148,194.24214870613440,-71.506,-38.323
"Directions from Troyo, Lonquimay, Chile to Angol, Chile",,0.51184079724295,192.17957536393149,-71.506,-38.323
"Directions from Troyo, Lonquimay, Chile to Angol, Chile",,0.51234567346540,182.92425699818392,-71.506,-38.324
"Directions from Troyo, Lonquimay, Chile to Angol, Chile",,0.51261585858712,186.56701115521224,-71.506,-38.324
"Directions from Troyo, Lonquimay, Chile to Angol, Chile",,0.51272987612963,200.91008493020323,-71.506,-38.324
"Directions from Troyo, Lonquimay, Chile to Angol, Chile",,0.51275223680940,212.61242970486015,-71.506,-38.324
"Directions from Troyo, Lonquimay, Chile to Angol, Chile",,0.51288029929416,214.81178239307451,-71.506,-38.324
"Directions from Troyo, Lonquimay, Chile to Angol, Chile",,0.51299691833205,207.29656713100303,-71.506,-38.324
"Directions from Troyo, Lonquimay, Chile to Angol, Chile",,0.51317156082402,198.07909271864395,-71.506,-38.325
"Directions from Troyo, Lonquimay, Chile to Angol, Chile",,0.51326375626859,186.26440385218100,-71.506,-38.325
"Directions from Troyo, Lonquimay, Chile to Angol, Chile",,0.51344375626859,184.73116110511313,-71.506,-38.325
"Directions from Troyo, Lonquimay, Chile to Angol, Chile",,0.51350458389390,198.01368669772319,-71.506,-38.325
"Directions from Troyo, Lonquimay, Chile to Angol, Chile",,0.51354930525345,209.51812173695672,-71.506,-38.325
"Directions from Troyo, Lonquimay, Chile to Angol, Chile",,0.51367968930155,241.23559614434660,-71.506,-38.325
"Directions from Troyo, Lonquimay, Chile to Angol, Chile",,0.51368968930155,247.49999999999997,-71.506,-38.325
"Directions from Troyo, Lonquimay, Chile to Angol, Chile",,0.51387353706466,202.49999999999997,-71.506,-38.325
"Directions from Troyo, Lonquimay, Chile to Angol, Chile",,0.51388353706466,194.87244064847107,-71.506,-38.325
"Directions from Troyo, Lonquimay, Chile to Angol, Chile",,0.51404478221962,217.37244065356001,-71.507,-38.325
"Directions from Troyo, Lonquimay, Chile to Angol, Chile",,0.51407306649088,215.78252559362787,-71.507,-38.325
"Directions from Troyo, Lonquimay, Chile to Angol, Chile",,0.51418486988975,198.93749181928587,-71.507,-38.325
"Directions from Troyo, Lonquimay, Chile to Angol, Chile",,0.51423586008489,185.65496623074685,-71.507,-38.325
"Directions from Troyo, Lonquimay, Chile to Angol, Chile",,0.51435586008488,193.28252559057455,-71.507,-38.326
"Directions from Troyo, Lonquimay, Chile to Angol, Chile",,0.51440058144444,215.78252559057455,-71.507,-38.326
"Directions from Troyo, Lonquimay, Chile to Angol, Chile",,0.51445714998694,218.73559614434657,-71.507,-38.326
"Directions from Troyo, Lonquimay, Chile to Angol, Chile",,0.51458753403504,201.89056238318349,-71.507,-38.326
"Directions from Troyo, Lonquimay, Chile to Angol, Chile",,0.51474050462044,201.13684450507321,-71.507,-38.326
"Directions from Troyo, Lonquimay, Chile to Angol, Chile",,0.51491543317729,208.76440385375756,-71.507,-38.326
"Directions from Troyo, Lonquimay, Chile to Angol, Chile",,0.51500487589639,215.78252558659591,-71.507,-38.326
"Directions from Troyo, Lonquimay, Chile to Angol, Chile",,0.51516043938824,233.55136448437119,-71.507,-38.326
"Directions from Troyo, Lonquimay, Chile to Angol, Chile",,0.51535279322887,246.83389007315691,-71.507,-38.326
"Directions from Troyo, Lonquimay, Chile to Angol, Chile",,0.51544766155868,236.02553135892288,-71.507,-38.326
"Directions from Troyo, Lonquimay, Chile to Angol, Chile",,0.51598673483755,214.64840264172847,-71.508,-38.327
"Directions from Troyo, Lonquimay, Chile to Angol, Chile",,0.51621498908176,211.25043063209017,-71.508,-38.327
"Directions from Troyo, Lonquimay, Chile to Angol, Chile",,0.51628710010727,217.72518361402311,-71.508,-38.327
"Directions from Troyo, Lonquimay, Chile to Angol, Chile",,0.51666246659485,225.76197069789197,-71.508,-38.327
"Directions from Troyo, Lonquimay, Chile to Angol, Chile",,0.51700305432217,249.88182084529291,-71.508,-38.328
"Directions from Troyo, Lonquimay, Chile to Angol, Chile",,0.51701305432217,248.48746700437729,-71.508,-38.328
"Directions from Troyo, Lonquimay, Chile to Angol, Chile",,0.51721823716745,203.48746700437729,-71.508,-38.328
"Directions from Troyo, Lonquimay, Chile to Angol, Chile",,0.51722823716746,202.49999999999997,-71.508,-38.328
"Directions from Troyo, Lonquimay, Chile to Angol, Chile",,0.51748279560868,220.41882647846040,-71.509,-38.328
"Directions from Troyo, Lonquimay, Chile to Angol, Chile",,0.51770483164180,206.74388858773801,-71.509,-38.328
"Directions from Troyo, Lonquimay, Chile to Angol, Chile",,0.51793569956941,195.08946596576919,-71.509,-38.328
"Directions from Troyo, Lonquimay, Chile to Angol, Chile",,0.51802789501399,199.54692944367355,-71.509,-38.328
"Directions from Troyo, Lonquimay, Chile to Angol, Chile",,0.51816205909263,211.71747441051107,-71.509,-38.329
"Directions from Troyo, Lonquimay, Chile to Angol, Chile",,0.51826205909264,209.62501634858623,-71.509,-38.329
"Directions from Troyo, Lonquimay, Chile to Angol, Chile",,0.51844590685574,193.57188837132213,-71.509,-38.329
"Directions from Troyo, Lonquimay, Chile to Angol, Chile",,0.51856632280153,177.37783094602739,-71.509,-38.329
"Directions from Troyo, Lonquimay, Chile to Angol, Chile",,0.51873894956654,165.35098698932535,-71.509,-38.329
"Directions from Troyo, Lonquimay, Chile to Angol, Chile",,0.51895084576755,156.53198920847151,-71.509,-38.329
"Directions from Troyo, Lonquimay, Chile to Angol, Chile",,0.51918791115937,150.37326119633360,-71.509,-38.329
"Directions from Troyo, Lonquimay, Chile to Angol, Chile",,0.51934055453459,142.94102533768688,-71.509,-38.330
"Directions from Troyo, Lonquimay, Chile to Angol, Chile",,0.51950334274056,145.46225087327991,-71.509,-38.330
"Directions from Troyo, Lonquimay, Chile to Angol, Chile",,0.51957042477988,156.99745699785311,-71.509,-38.330
"Directions from Troyo, Lonquimay, Chile to Angol, Chile",,0.51975070234365,170.27998258503504,-71.509,-38.330
"Directions from Troyo, Lonquimay, Chile to Angol, Chile",,0.51980070234365,184.06505117829937,-71.509,-38.330
"Directions from Troyo, Lonquimay, Chile to Angol, Chile",,0.51987141302177,197.34757676548128,-71.509,-38.330
"Directions from Troyo, Lonquimay, Chile to Angol, Chile",,0.51993849506110,212.61242971323409,-71.509,-38.330
"Directions from Troyo, Lonquimay, Chile to Angol, Chile",,0.52000252630347,226.20298525785915,-71.509,-38.330
"Directions from Troyo, Lonquimay, Chile to Angol, Chile",,0.52018853705585,222.67683225458208,-71.509,-38.330
"Directions from Troyo, Lonquimay, Chile to Angol, Chile",,0.52034118043107,218.30375112277503,-71.509,-38.330
"Directions from Troyo, Lonquimay, Chile to Angol, Chile",,0.52035532256670,211.71747441010396,-71.509,-38.330
"Directions from Troyo, Lonquimay, Chile to Angol, Chile",,0.52045019089650,183.56250817387675,-71.509,-38.331
"Directions from Troyo, Lonquimay, Chile to Angol, Chile",,0.52060316148191,182.69465587927559,-71.509,-38.331
"Directions from Troyo, Lonquimay, Chile to Angol, Chile",,0.52070756454700,188.34962211550285,-71.509,-38.331
"Directions from Troyo, Lonquimay, Chile to Angol, Chile",,0.52071756454700,200.30064732346017,-71.509,-38.331
"Directions from Troyo, Lonquimay, Chile to Angol, Chile",,0.52090195543615,213.58317289978581,-71.509,-38.331
"Directions from Troyo, Lonquimay, Chile to Angol, Chile",,0.52092431611592,212.06682159134479,-71.509,-38.331
"Directions from Troyo, Lonquimay, Chile to Angol, Chile",,0.52108832831059,226.43671924923933,-71.509,-38.331
"Directions from Troyo, Lonquimay, Chile to Angol, Chile",,0.52124644219360,230.15242323422015,-71.509,-38.331
"Directions from Troyo, Lonquimay, Chile to Angol, Chile",,0.52140200568547,215.78252558718191,-71.509,-38.331
"Directions from Troyo, Lonquimay, Chile to Angol, Chile",,0.52153616976411,200.30064732314079,-71.509,-38.331
"Directions from Troyo, Lonquimay, Chile to Angol, Chile",,0.52165986293288,200.30064731228455,-71.509,-38.332
"Directions from Troyo, Lonquimay, Chile to Angol, Chile",,0.52168222361265,196.84503375187265,-71.509,-38.332
"Directions from Troyo, Lonquimay, Chile to Angol, Chile",,0.52184346876762,193.67493789048564,-71.509,-38.332
"Directions from Troyo, Lonquimay, Chile to Angol, Chile",,0.52204595333493,197.13055145069791,-71.510,-38.332
"Directions from Troyo, Lonquimay, Chile to Angol, Chile",,0.52212841544744,198.43494882452651,-71.510,-38.332
"Directions from Troyo, Lonquimay, Chile to Angol, Chile",,0.52233457072872,209.18566598502949,-71.510,-38.332
"Directions from Troyo, Lonquimay, Chile to Angol, Chile",,0.52242059398139,222.86605335079705,-71.510,-38.332
"Directions from Troyo, Lonquimay, Chile to Angol, Chile",,0.52249869647816,234.61533618939609,-71.510,-38.332
"Directions from Troyo, Lonquimay, Chile to Angol, Chile",,0.52261531551606,232.01812171450575,-71.510,-38.332
"Directions from Troyo, Lonquimay, Chile to Angol, Chile",,0.52262945765167,229.73116108668307,-71.510,-38.332
"Directions from Troyo, Lonquimay, Chile to Angol, Chile",,0.52271548090435,229.73116110364609,-71.510,-38.332
"Directions from Troyo, Lonquimay, Chile to Angol, Chile",,0.52275790731122,202.49999999660739,-71.510,-38.332
"Directions from Troyo, Lonquimay, Chile to Angol, Chile",,0.52279790731122,183.74792881998965,-71.510,-38.332
"Directions from Troyo, Lonquimay, Chile to Angol, Chile",,0.52318118266915,183.74792881998965,-71.510,-38.333
"Directions from Troyo, Lonquimay, Chile to Angol, Chile",,0.52324118266915,175.73461719567294,-71.510,-38.333
"Directions from Troyo, Lonquimay, Chile to Angol, Chile",,0.52344342015332,161.42938736165311,-71.510,-38.333
"Directions from Troyo, Lonquimay, Chile to Angol, Chile",,0.52356871979418,165.69477016598017,-71.510,-38.333
"Directions from Troyo, Lonquimay, Chile to Angol, Chile",,0.52362871979418,185.65496623857592,-71.510,-38.333
"Directions from Troyo, Lonquimay, Chile to Angol, Chile",,0.52373070018445,185.65496623857592,-71.510,-38.333
"Directions from Troyo, Lonquimay, Chile to Angol, Chile",,0.52376070018445,184.37308113104228,-71.510,-38.333
"Directions from Troyo, Lonquimay, Chile to Angol, Chile",,0.52402375911321,180.46543435720565,-71.510,-38.334
"Directions from Troyo, Lonquimay, Chile to Angol, Chile",,0.52453854062026,176.09235322616337,-71.510,-38.334
"Directions from Troyo, Lonquimay, Chile to Angol, Chile",,0.52462854062026,183.17009587394793,-71.510,-38.334
"Directions from Troyo, Lonquimay, Chile to Angol, Chile",,0.52480964832302,190.79765522438075,-71.510,-38.334
"Directions from Troyo, Lonquimay, Chile to Angol, Chile",,0.52492366586553,191.69261052683231,-71.510,-38.335
"Directions from Troyo, Lonquimay, Chile to Angol, Chile",,0.52513579789989,177.04692944962054,-71.510,-38.335
"Directions from Troyo, Lonquimay, Chile to Angol, Chile",,0.52517702895614,172.98187827322107,-71.510,-38.335
"Directions from Troyo, Lonquimay, Chile to Angol, Chile",,0.52523702895614,172.37244064612241,-71.510,-38.335
"Directions from Troyo, Lonquimay, Chile to Angol, Chile",,0.52535104649865,168.30738947352262,-71.510,-38.335
"Directions from Troyo, Lonquimay, Chile to Angol, Chile",,0.52542175717677,181.08737205982911,-71.510,-38.335
"Directions from Troyo, Lonquimay, Chile to Angol, Chile",,0.52553356057564,199.10105874762760,-71.510,-38.335
"Directions from Troyo, Lonquimay, Chile to Angol, Chile",,0.52572591441626,238.94863551519873,-71.510,-38.335
"Directions from Troyo, Lonquimay, Chile to Angol, Chile",,0.52573591441627,236.19006752525709,-71.510,-38.335
"Directions from Troyo, Lonquimay, Chile to Angol, Chile",,0.52591976217937,208.03510129137865,-71.510,-38.335
"Directions from Troyo, Lonquimay, Chile to Angol, Chile",,0.52595581769213,228.56250817758252,-71.510,-38.336
"Directions from Troyo, Lonquimay, Chile to Angol, Chile",,0.52597817837190,234.21747441654989,-71.510,-38.336
"Directions from Troyo, Lonquimay, Chile to Angol, Chile",,0.52600646264315,247.50000000508885,-71.510,-38.336
"Directions from Troyo, Lonquimay, Chile to Angol, Chile",,0.52604646264315,266.82990412605210,-71.510,-38.336
"Directions from Troyo, Lonquimay, Chile to Angol, Chile",,0.52613701649453,267.24506186930932,-71.510,-38.336
"Directions from Troyo, Lonquimay, Chile to Angol, Chile",,0.52682708895450,261.19768332772514,-71.511,-38.336
"Directions from Troyo, Lonquimay, Chile to Angol, Chile",,0.52685871173110,256.29621227674460,-71.511,-38.336
"Directions from Troyo, Lonquimay, Chile to Angol, Chile",,0.52705106557172,256.75090250526154,-71.511,-38.336
"Directions from Troyo, Lonquimay, Chile to Angol, Chile",,0.52725031416016,249.12334315434623,-71.511,-38.336
"Directions from Troyo, Lonquimay, Chile to Angol, Chile",,0.52746963128216,241.04109357889351,-71.512,-38.336
"Directions from Troyo, Lonquimay, Chile to Angol, Chile",,0.52768596435868,232.01812173485359,-71.512,-38.336
"Directions from Troyo, Lonquimay, Chile to Angol, Chile",,0.52783462504616,223.00823709233151,-71.512,-38.336
"Directions from Troyo, Lonquimay, Chile to Angol, Chile",,0.52807669941490,214.09453251445109,-71.512,-38.336
"Directions from Troyo, Lonquimay, Chile to Angol, Chile",,0.52853811029470,213.14162682779761,-71.512,-38.337
"Directions from Troyo, Lonquimay, Chile to Angol, Chile",,0.52877411876912,214.42777205358115,-71.512,-38.337
"Directions from Troyo, Lonquimay, Chile to Angol, Chile",,0.52916527091343,207.42566367129481,-71.513,-38.337
"Directions from Troyo, Lonquimay, Chile to Angol, Chile",,0.52953296643965,193.09710494375568,-71.513,-38.337
"Directions from Troyo, Lonquimay, Chile to Angol, Chile",,0.52968329940344,180.11887022955329,-71.513,-38.338
"Directions from Troyo, Lonquimay, Chile to Angol, Chile",,0.52984361159885,171.19371108089788,-71.513,-38.338
"Directions from Troyo, Lonquimay, Chile to Angol, Chile",,0.52992607371137,156.13684449977711,-71.513,-38.338
"Directions from Troyo, Lonquimay, Chile to Angol, Chile",,0.52996212922412,163.15496623074688,-71.513,-38.338
"Directions from Troyo, Lonquimay, Chile to Angol, Chile",,0.52997212922412,160.09721445286630,-71.513,-38.338
"Directions from Troyo, Lonquimay, Chile to Angol, Chile",,0.53005023172088,132.86605335050393,-71.513,-38.338
"Directions from Troyo, Lonquimay, Chile to Angol, Chile",,0.53013625497355,121.05136448617664,-71.513,-38.338
"Directions from Troyo, Lonquimay, Chile to Angol, Chile",,0.53018097633310,113.00254300259579,-71.513,-38.338
"Directions from Troyo, Lonquimay, Chile to Angol, Chile",,0.53054153146065,107.50628921240101,-71.512,-38.338
"Directions from Troyo, Lonquimay, Chile to Angol, Chile",,0.53117477706861,100.16809264426884,-71.512,-38.338
"Directions from Troyo, Lonquimay, Chile to Angol, Chile",,0.53129519301440,97.11298194920390,-71.512,-38.338
"Directions from Troyo, Lonquimay, Chile to Angol, Chile",,0.53147767589031,108.01368669453234,-71.511,-38.338
"Directions from Troyo, Lonquimay, Chile to Angol, Chile",,0.53154475792963,134.99999999864295,-71.511,-38.338
"Directions from Troyo, Lonquimay, Chile to Angol, Chile",,0.53156711860941,134.99999999592887,-71.511,-38.338
"Directions from Troyo, Lonquimay, Chile to Angol, Chile",,0.53158947928919,135.00000000407110,-71.511,-38.338
"Directions from Troyo, Lonquimay, Chile to Angol, Chile",,0.53163420064873,166.71747441553214,-71.511,-38.338
"Directions from Troyo, Lonquimay, Chile to Angol, Chile",,0.53164420064874,189.21747441553211,-71.511,-38.338
"Directions from Troyo, Lonquimay, Chile to Angol, Chile",,0.53167582342533,189.21747441553211,-71.511,-38.338
"Directions from Troyo, Lonquimay, Chile to Angol, Chile",,0.53170582342534,202.49999999660739,-71.511,-38.338
"Directions from Troyo, Lonquimay, Chile to Angol, Chile",,0.53174824983221,232.82112322472861,-71.511,-38.339
"Directions from Troyo, Lonquimay, Chile to Angol, Chile",,0.53193182542971,255.32112322812119,-71.511,-38.339
"Directions from Troyo, Lonquimay, Chile to Angol, Chile",,0.53194182542971,255.47269795094152,-71.511,-38.339
"Directions from Troyo, Lonquimay, Chile to Angol, Chile",,0.53214773803253,232.97269795118387,-71.512,-38.339
"Directions from Troyo, Lonquimay, Chile to Angol, Chile",,0.53274170772873,202.50000000024232,-71.512,-38.339
"Directions from Troyo, Lonquimay, Chile to Angol, Chile",,0.53275170772873,202.49999999491109,-71.512,-38.339
"Directions from Troyo, Lonquimay, Chile to Angol, Chile",,0.53277999199997,209.51812173126913,-71.512,-38.339
"Directions from Troyo, Lonquimay, Chile to Angol, Chile",,0.53282122305623,187.01812173635804,-71.512,-38.339
"Directions from Troyo, Lonquimay, Chile to Angol, Chile",,0.53291122305623,166.71747440738991,-71.512,-38.339
"Directions from Troyo, Lonquimay, Chile to Angol, Chile",,0.53293358373601,166.71747440738991,-71.512,-38.339
"Directions from Troyo, Lonquimay, Chile to Angol, Chile",,0.53294358373601,163.15496623826277,-71.512,-38.339
"Directions from Troyo, Lonquimay, Chile to Angol, Chile",,0.53312386129977,149.87244064565266,-71.512,-38.339
"Directions from Troyo, Lonquimay, Chile to Angol, Chile",,0.53316858265933,144.99155325711661,-71.512,-38.339
"Directions from Troyo, Lonquimay, Chile to Angol, Chile",,0.53343030770589,133.57472617294738,-71.512,-38.340
"Directions from Troyo, Lonquimay, Chile to Angol, Chile",,0.53352250315046,138.45561355960444,-71.512,-38.340
"Directions from Troyo, Lonquimay, Chile to Angol, Chile",,0.53370278071423,140.65496623638379,-71.512,-38.340
"Directions from Troyo, Lonquimay, Chile to Angol, Chile",,0.53371692284986,144.21747441281806,-71.512,-38.340
"Directions from Troyo, Lonquimay, Chile to Angol, Chile",,0.53378400488918,166.71747441281801,-71.512,-38.340
"Directions from Troyo, Lonquimay, Chile to Angol, Chile",,0.53381400488919,202.49999999999997,-71.512,-38.340
"Directions from Troyo, Lonquimay, Chile to Angol, Chile",,0.53382814702481,202.49999999999997,-71.512,-38.340
"Directions from Troyo, Lonquimay, Chile to Angol, Chile",,0.53383814702481,225.92380513263760,-71.512,-38.340
"Directions from Troyo, Lonquimay, Chile to Angol, Chile",,0.53414830827319,268.49154791381221,-71.512,-38.340
"Directions from Troyo, Lonquimay, Chile to Angol, Chile",,0.53462000732979,261.07043438538790,-71.512,-38.340
"Directions from Troyo, Lonquimay, Chile to Angol, Chile",,0.53488684061107,253.22466899525813,-71.513,-38.340
"Directions from Troyo, Lonquimay, Chile to Angol, Chile",,0.53505772068598,252.70385565468681,-71.513,-38.340
"Directions from Troyo, Lonquimay, Chile to Angol, Chile",,0.53509895174224,250.75990087378233,-71.513,-38.340
"Directions from Troyo, Lonquimay, Chile to Angol, Chile",,0.53534061266171,241.97427148622955,-71.513,-38.340
"Directions from Troyo, Lonquimay, Chile to Angol, Chile",,0.53549325603693,235.76130005153880,-71.513,-38.340
"Directions from Troyo, Lonquimay, Chile to Angol, Chile",,0.53554325603693,230.42820667378425,-71.513,-38.340
"Directions from Troyo, Lonquimay, Chile to Angol, Chile",,0.53569191672441,203.86315549833475,-71.513,-38.340
"Directions from Troyo, Lonquimay, Chile to Angol, Chile",,0.53570191672441,195.32533397803044,-71.513,-38.340
"Directions from Troyo, Lonquimay, Chile to Angol, Chile",,0.53601576382094,216.23541891812968,-71.513,-38.341
"Directions from Troyo, Lonquimay, Chile to Angol, Chile",,0.53627071479661,227.12578892582420,-71.514,-38.341
"Directions from Troyo, Lonquimay, Chile to Angol, Chile",,0.53725478796463,228.71570398233240,-71.514,-38.342
"Directions from Troyo, Lonquimay, Chile to Angol, Chile",,0.53729721437150,202.49999999660739,-71.514,-38.342
"Directions from Troyo, Lonquimay, Chile to Angol, Chile",,0.53731721437150,157.50000000000000,-71.514,-38.342
"Directions from Troyo, Lonquimay, Chile to Angol, Chile",,0.53733135650713,157.50000000000000,-71.514,-38.342
"Directions from Troyo, Lonquimay, Chile to Angol, Chile",,0.53734135650712,135.00000000000000,-71.514,-38.342
"Directions from Troyo, Lonquimay, Chile to Angol, Chile",,0.53735135650711,112.50000000000000,-71.514,-38.342
"Directions from Troyo, Lonquimay, Chile to Angol, Chile",,0.53736549864274,112.50000000000000,-71.514,-38.342
"Directions from Troyo, Lonquimay, Chile to Angol, Chile",,0.53747549864274,83.73559614566373,-71.514,-38.342
"Directions from Troyo, Lonquimay, Chile to Angol, Chile",,0.53756769408732,69.20829409574108,-71.514,-38.342
"Directions from Troyo, Lonquimay, Chile to Angol, Chile",,0.53777360669014,63.87340269149848,-71.514,-38.342
"Directions from Troyo, Lonquimay, Chile to Angol, Chile",,0.53784976442119,64.75091863615614,-71.514,-38.341
"Directions from Troyo, Lonquimay, Chile to Angol, Chile",,0.53819861969204,64.84577885318444,-71.514,-38.341
"Directions from Troyo, Lonquimay, Chile to Angol, Chile",,0.53899171489440,61.47259628059776,-71.513,-38.341
"Directions from Troyo, Lonquimay, Chile to Angol, Chile",,0.53943825716564,65.95890958579032,-71.513,-38.341
"Directions from Troyo, Lonquimay, Chile to Angol, Chile",,0.53947948822189,72.55464924401404,-71.513,-38.341
"Directions from Troyo, Lonquimay, Chile to Angol, Chile",,0.53970421027243,74.09573965822372,-71.512,-38.341
"Directions from Troyo, Lonquimay, Chile to Angol, Chile",,0.54001996334051,81.81703410169762,-71.512,-38.341
"Directions from Troyo, Lonquimay, Chile to Angol, Chile",,0.54097421697556,87.29406542384596,-71.511,-38.341
"Directions from Troyo, Lonquimay, Chile to Angol, Chile",,0.54125421697556,92.38182084620539,-71.511,-38.341
"Directions from Troyo, Lonquimay, Chile to Angol, Chile",,0.54137463292134,109.22685461076108,-71.511,-38.341
"Directions from Troyo, Lonquimay, Chile to Angol, Chile",,0.54141068843409,129.34503376455572,-71.511,-38.341
"Directions from Troyo, Lonquimay, Chile to Angol, Chile",,0.54142483056972,144.21747440738989,-71.511,-38.341
"Directions from Troyo, Lonquimay, Chile to Angol, Chile",,0.54144719124950,121.71747440738990,-71.511,-38.341
"Directions from Troyo, Lonquimay, Chile to Angol, Chile",,0.54145719124950,135.00000000000000,-71.511,-38.341
"Directions from Troyo, Lonquimay, Chile to Angol, Chile",,0.54151719124950,202.50000001017776,-71.511,-38.341
"Directions from Troyo, Lonquimay, Chile to Angol, Chile",,0.54153133338512,247.50000001017776,-71.511,-38.341
"Directions from Troyo, Lonquimay, Chile to Angol, Chile",,0.54154133338513,225.00000000000000,-71.511,-38.341
"Directions from Troyo, Lonquimay, Chile to Angol, Chile",,0.54155133338513,217.98187826364199,-71.511,-38.341
"Directions from Troyo, Lonquimay, Chile to Angol, Chile",,0.54159256444138,259.18455657961294,-71.511,-38.341
"Directions from Troyo, Lonquimay, Chile to Angol, Chile",,0.54174389190089,265.33482602182426,-71.511,-38.341
"Directions from Troyo, Lonquimay, Chile to Angol, Chile",,0.54207404338127,261.70284048195435,-71.511,-38.341
"Directions from Troyo, Lonquimay, Chile to Angol, Chile",,0.54258099505549,249.01004107393541,-71.512,-38.341
"Directions from Troyo, Lonquimay, Chile to Angol, Chile",,0.54304164676775,238.94333819882823,-71.512,-38.341
"Directions from Troyo, Lonquimay, Chile to Angol, Chile",,0.54328577788007,232.60120435219173,-71.512,-38.341
"Directions from Troyo, Lonquimay, Chile to Angol, Chile",,0.54336388037682,224.26388450586907,-71.512,-38.341
"Directions from Troyo, Lonquimay, Chile to Angol, Chile",,0.54446023798271,221.66667005467124,-71.513,-38.342
"Directions from Troyo, Lonquimay, Chile to Angol, Chile",,0.54508249195015,221.23808978066643,-71.513,-38.343
"Directions from Troyo, Lonquimay, Chile to Angol, Chile",,0.54583853427702,214.93800986760192,-71.514,-38.343
"Directions from Troyo, Lonquimay, Chile to Angol, Chile",,0.54707028100423,211.44439033688795,-71.515,-38.344
"Directions from Troyo, Lonquimay, Chile to Angol, Chile",,0.54831197339770,209.54970008276217,-71.515,-38.345
"Directions from Troyo, Lonquimay, Chile to Angol, Chile",,0.54868787232028,210.17480023090195,-71.515,-38.346
"Directions from Troyo, Lonquimay, Chile to Angol, Chile",,0.54982844235321,218.36957039809221,-71.516,-38.347
"Directions from Troyo, Lonquimay, Chile to Angol, Chile",,0.54984258448883,217.17887677151643,-71.516,-38.347
"Directions from Troyo, Lonquimay, Chile to Angol, Chile",,0.55039331128135,194.67887677151643,-71.516,-38.347
"Directions from Troyo, Lonquimay, Chile to Angol, Chile",,0.55040331128135,196.05312797768249,-71.516,-38.347
"Directions from Troyo, Lonquimay, Chile to Angol, Chile",,0.55100539101029,214.70510211597329,-71.517,-38.348
"Directions from Troyo, Lonquimay, Chile to Angol, Chile",,0.55126939858594,219.72077152579331,-71.517,-38.348
"Directions from Troyo, Lonquimay, Chile to Angol, Chile",,0.55155259463111,218.22634118730525,-71.517,-38.348
"Directions from Troyo, Lonquimay, Chile to Angol, Chile",,0.55231535278413,242.15754379980271,-71.517,-38.349
"Directions from Troyo, Lonquimay, Chile to Angol, Chile",,0.55232535278413,241.84503376270521,-71.517,-38.349
"Directions from Troyo, Lonquimay, Chile to Angol, Chile",,0.55272196342444,216.65037788303457,-71.518,-38.349
"Directions from Troyo, Lonquimay, Chile to Angol, Chile",,0.55309839402893,222.30534412032932,-71.518,-38.349
"Directions from Troyo, Lonquimay, Chile to Angol, Chile",,0.55328224179204,215.78252559261011,-71.518,-38.349
"Directions from Troyo, Lonquimay, Chile to Angol, Chile",,0.55330460247182,216.92783061347416,-71.518,-38.349
"Directions from Troyo, Lonquimay, Chile to Angol, Chile",,0.55348152053195,216.92783059718968,-71.518,-38.349
"Directions from Troyo, Lonquimay, Chile to Angol, Chile",,0.55350388121172,213.73971718638987,-71.518,-38.350
"Directions from Troyo, Lonquimay, Chile to Angol, Chile",,0.55370237554413,212.84476189547317,-71.518,-38.350
"Directions from Troyo, Lonquimay, Chile to Angol, Chile",,0.55384555375476,197.11873139079711,-71.518,-38.350
"Directions from Troyo, Lonquimay, Chile to Angol, Chile",,0.55396720900537,184.73116110538820,-71.518,-38.350
"Directions from Troyo, Lonquimay, Chile to Angol, Chile",,0.55417720900536,175.93494882170069,-71.518,-38.350
"Directions from Troyo, Lonquimay, Chile to Angol, Chile",,0.55424791968349,167.74017865461846,-71.518,-38.350
"Directions from Troyo, Lonquimay, Chile to Angol, Chile",,0.55442512013496,160.61516230766068,-71.518,-38.350
"Directions from Troyo, Lonquimay, Chile to Angol, Chile",,0.55460896789806,168.80993247474291,-71.518,-38.351
"Directions from Troyo, Lonquimay, Chile to Angol, Chile",,0.55461896789806,163.86217784242902,-71.518,-38.351
"Directions from Troyo, Lonquimay, Chile to Angol, Chile",,0.55506841199915,156.23461849199623,-71.518,-38.351
"Directions from Troyo, Lonquimay, Chile to Angol, Chile",,0.55518242954166,172.37244064956718,-71.518,-38.351
"Directions from Troyo, Lonquimay, Chile to Angol, Chile",,0.55532242954166,187.01812173420271,-71.518,-38.351
"Directions from Troyo, Lonquimay, Chile to Angol, Chile",,0.55552858482294,209.51812172402495,-71.518,-38.351
"Directions from Troyo, Lonquimay, Chile to Angol, Chile",,0.55554272695855,213.12525274448032,-71.518,-38.351
"Directions from Troyo, Lonquimay, Chile to Angol, Chile",,0.55573585903772,196.67263129217119,-71.518,-38.352
"Directions from Troyo, Lonquimay, Chile to Angol, Chile",,0.55602221545898,194.72439085622327,-71.518,-38.352
"Directions from Troyo, Lonquimay, Chile to Angol, Chile",,0.55618984600512,201.95953790928473,-71.518,-38.352
"Directions from Troyo, Lonquimay, Chile to Angol, Chile",,0.55623456736468,211.71747441186812,-71.518,-38.352
"Directions from Troyo, Lonquimay, Chile to Angol, Chile",,0.55628456736467,225.93893872228739,-71.518,-38.352
"Directions from Troyo, Lonquimay, Chile to Angol, Chile",,0.55640663292083,239.73914090589355,-71.518,-38.352
"Directions from Troyo, Lonquimay, Chile to Angol, Chile",,0.55714912871207,247.18753540869093,-71.519,-38.352
"Directions from Troyo, Lonquimay, Chile to Angol, Chile",,0.55758570631113,253.55025137112796,-71.519,-38.353
"Directions from Troyo, Lonquimay, Chile to Angol, Chile",,0.55848814744494,256.06362288742207,-71.520,-38.353
"Directions from Troyo, Lonquimay, Chile to Angol, Chile",,0.55875740568529,257.53285244876741,-71.520,-38.353
"Directions from Troyo, Lonquimay, Chile to Angol, Chile",,0.55899085803589,265.06709652868199,-71.521,-38.353
"Directions from Troyo, Lonquimay, Chile to Angol, Chile",,0.55912085803589,264.34503376338131,-71.521,-38.353
"Directions from Troyo, Lonquimay, Chile to Angol, Chile",,0.55922283842617,253.82627825025071,-71.521,-38.353
"Directions from Troyo, Lonquimay, Chile to Angol, Chile",,0.55936212230894,236.98124449195828,-71.521,-38.353
"Directions from Troyo, Lonquimay, Chile to Angol, Chile",,0.55939040658019,215.78252558141455,-71.521,-38.353
"Directions from Troyo, Lonquimay, Chile to Angol, Chile",,0.55941276725996,193.28252557632567,-71.521,-38.353
"Directions from Troyo, Lonquimay, Chile to Angol, Chile",,0.55944276725996,166.71747441553214,-71.521,-38.353
"Directions from Troyo, Lonquimay, Chile to Angol, Chile",,0.55948748861951,134.99999999592887,-71.521,-38.353
"Directions from Troyo, Lonquimay, Chile to Angol, Chile",,0.55950984929928,123.18531112919894,-71.521,-38.353
"Directions from Troyo, Lonquimay, Chile to Angol, Chile",,0.55958795179604,124.77522619774302,-71.521,-38.353
"Directions from Troyo, Lonquimay, Chile to Angol, Chile",,0.55974919695101,115.77314539141486,-71.521,-38.353
"Directions from Troyo, Lonquimay, Chile to Angol, Chile",,0.55980304859908,115.77314539031877,-71.521,-38.353
"Directions from Troyo, Lonquimay, Chile to Angol, Chile",,0.55996429375405,125.86604689597804,-71.521,-38.353
"Directions from Troyo, Lonquimay, Chile to Angol, Chile",,0.56036790247545,129.42855507105526,-71.520,-38.354
"Directions from Troyo, Lonquimay, Chile to Angol, Chile",,0.56046790247545,123.91682708955749,-71.520,-38.354
"Directions from Troyo, Lonquimay, Chile to Angol, Chile",,0.56052621199440,116.38258300910942,-71.520,-38.354
"Directions from Troyo, Lonquimay, Chile to Angol, Chile",,0.56058006364247,104.46321291661172,-71.520,-38.354
"Directions from Troyo, Lonquimay, Chile to Angol, Chile",,0.56074130879745,100.05981657066778,-71.520,-38.354
"Directions from Troyo, Lonquimay, Chile to Angol, Chile",,0.56087472543809,109.77983398669745,-71.520,-38.354
"Directions from Troyo, Lonquimay, Chile to Angol, Chile",,0.56098652883695,121.05136448312879,-71.520,-38.354
"Directions from Troyo, Lonquimay, Chile to Angol, Chile",,0.56107255208963,128.96755779177440,-71.520,-38.354
"Directions from Troyo, Lonquimay, Chile to Angol, Chile",,0.56169544854973,111.19871889881304,-71.519,-38.354
"Directions from Troyo, Lonquimay, Chile to Angol, Chile",,0.56170544854972,113.06165135641189,-71.519,-38.354
"Directions from Troyo, Lonquimay, Chile to Angol, Chile",,0.56206614232566,142.34686854990744,-71.519,-38.355
"Directions from Troyo, Lonquimay, Chile to Angol, Chile",,0.56227709255675,164.28521719349558,-71.519,-38.355
"Directions from Troyo, Lonquimay, Chile to Angol, Chile",,0.56228709255676,171.86989764489951,-71.519,-38.355
"Directions from Troyo, Lonquimay, Chile to Angol, Chile",,0.56253709255676,169.14973163049459,-71.519,-38.355
"Directions from Troyo, Lonquimay, Chile to Angol, Chile",,0.56274804278786,180.44992985532292,-71.519,-38.355
"Directions from Troyo, Lonquimay, Chile to Angol, Chile",,0.56283859663923,190.18821760568676,-71.519,-38.355
"Directions from Troyo, Lonquimay, Chile to Angol, Chile",,0.56296228980800,200.30064732042675,-71.519,-38.355
"Directions from Troyo, Lonquimay, Chile to Angol, Chile",,0.56300701116755,203.56054819676919,-71.519,-38.355
"Directions from Troyo, Lonquimay, Chile to Angol, Chile",,0.56309245120501,207.12305637320344,-71.519,-38.356
"Directions from Troyo, Lonquimay, Chile to Angol, Chile",,0.56320061774327,218.28448556296181,-71.519,-38.356
"Directions from Troyo, Lonquimay, Chile to Angol, Chile",,0.56339166747501,229.98683034066505,-71.519,-38.356
"Directions from Troyo, Lonquimay, Chile to Angol, Chile",,0.56359415204234,231.04737852842757,-71.519,-38.356
"Directions from Troyo, Lonquimay, Chile to Angol, Chile",,0.56360829417795,236.08317290052821,-71.519,-38.356
"Directions from Troyo, Lonquimay, Chile to Angol, Chile",,0.56381444945923,236.08317292088381,-71.519,-38.356
"Directions from Troyo, Lonquimay, Chile to Angol, Chile",,0.56382859159486,242.19017237148572,-71.519,-38.356
"Directions from Troyo, Lonquimay, Chile to Angol, Chile",,0.56399137980081,264.69017236130793,-71.520,-38.356
"Directions from Troyo, Lonquimay, Chile to Angol, Chile",,0.56417137980081,272.00708784759325,-71.520,-38.356
"Directions from Troyo, Lonquimay, Chile to Angol, Chile",,0.56474278158591,269.40987339456012,-71.520,-38.356
"Directions from Troyo, Lonquimay, Chile to Angol, Chile",,0.56485323519607,256.50208080449283,-71.521,-38.356
"Directions from Troyo, Lonquimay, Chile to Angol, Chile",,0.56496093849222,259.09929525752602,-71.521,-38.356
"Directions from Troyo, Lonquimay, Chile to Angol, Chile",,0.56497093849222,256.71747440983262,-71.521,-38.356
"Directions from Troyo, Lonquimay, Chile to Angol, Chile",,0.56508274189109,234.21747441322515,-71.521,-38.356
"Directions from Troyo, Lonquimay, Chile to Angol, Chile",,0.56512516829797,232.01812173975063,-71.521,-38.356
"Directions from Troyo, Lonquimay, Chile to Angol, Chile",,0.56518347781692,228.30241774865297,-71.521,-38.356
"Directions from Troyo, Lonquimay, Chile to Angol, Chile",,0.56534749001158,210.59898487922507,-71.521,-38.356
"Directions from Troyo, Lonquimay, Chile to Angol, Chile",,0.56552213250354,198.83281060209080,-71.521,-38.356
"Directions from Troyo, Lonquimay, Chile to Angol, Chile",,0.56556336355981,198.61741699075637,-71.521,-38.356
"Directions from Troyo, Lonquimay, Chile to Angol, Chile",,0.56571567902192,205.84711456478240,-71.521,-38.357
"Directions from Troyo, Lonquimay, Chile to Angol, Chile",,0.56611392517696,212.26150600129836,-71.521,-38.357
"Directions from Troyo, Lonquimay, Chile to Angol, Chile",,0.56638595458713,218.83045636109867,-71.521,-38.357
"Directions from Troyo, Lonquimay, Chile to Angol, Chile",,0.56662678647871,216.04954212934493,-71.522,-38.357
"Directions from Troyo, Lonquimay, Chile to Angol, Chile",,0.56682401730794,212.58034922540492,-71.522,-38.358
"Directions from Troyo, Lonquimay, Chile to Angol, Chile",,0.56698213119095,221.75461418291275,-71.522,-38.358
"Directions from Troyo, Lonquimay, Chile to Angol, Chile",,0.56708843264907,204.40703741786572,-71.522,-38.358
"Directions from Troyo, Lonquimay, Chile to Angol, Chile",,0.56709843264908,211.71747441146101,-71.522,-38.358
"Directions from Troyo, Lonquimay, Chile to Angol, Chile",,0.56723259672772,245.81676966898695,-71.522,-38.358
"Directions from Troyo, Lonquimay, Chile to Angol, Chile",,0.56734030002387,255.03424407993913,-71.522,-38.358
"Directions from Troyo, Lonquimay, Chile to Angol, Chile",,0.56762314273635,265.53708704620050,-71.522,-38.358
"Directions from Troyo, Lonquimay, Chile to Angol, Chile",,0.56834321217744,272.10246052260442,-71.523,-38.358
"Directions from Troyo, Lonquimay, Chile to Angol, Chile",,0.56914626883796,276.06283047316361,-71.524,-38.358
"Directions from Troyo, Lonquimay, Chile to Angol, Chile",,0.56963000430285,274.99371078780842,-71.524,-38.358
"Directions from Troyo, Lonquimay, Chile to Angol, Chile",,0.56983025414680,278.44932434503045,-71.525,-38.358
"Directions from Troyo, Lonquimay, Chile to Angol, Chile",,0.56987148520306,278.28118018750126,-71.525,-38.358
"Directions from Troyo, Lonquimay, Chile to Angol, Chile",,0.57055214664606,276.91802469215997,-71.525,-38.358
"Directions from Troyo, Lonquimay, Chile to Angol, Chile",,0.57080709762174,286.55567098221076,-71.525,-38.358
"Directions from Troyo, Lonquimay, Chile to Angol, Chile",,0.57086094926982,298.77764837354511,-71.526,-38.358
"Directions from Troyo, Lonquimay, Chile to Angol, Chile",,0.57116900770583,307.77972917102460,-71.526,-38.357
"Directions from Troyo, Lonquimay, Chile to Angol, Chile",,0.57124711020259,305.61756835079080,-71.526,-38.357
"Directions from Troyo, Lonquimay, Chile to Angol, Chile",,0.57145806043369,294.93225721946732,-71.526,-38.357
"Directions from Troyo, Lonquimay, Chile to Angol, Chile",,0.57155292876349,283.10005742168244,-71.526,-38.357
"Directions from Troyo, Lonquimay, Chile to Angol, Chile",,0.57177496479660,271.68323033132674,-71.526,-38.357
"Directions from Troyo, Lonquimay, Chile to Angol, Chile",,0.57190534884470,267.80064732178380,-71.526,-38.357
"Directions from Troyo, Lonquimay, Chile to Angol, Chile",,0.57199534884470,247.50000001017776,-71.527,-38.357
"Directions from Troyo, Lonquimay, Chile to Angol, Chile",,0.57200949098033,244.32990413622983,-71.527,-38.357
"Directions from Troyo, Lonquimay, Chile to Angol, Chile",,0.57210004483171,260.33259572952210,-71.527,-38.357
"Directions from Troyo, Lonquimay, Chile to Angol, Chile",,0.57223346147235,218.50269160346997,-71.527,-38.357
"Directions from Troyo, Lonquimay, Chile to Angol, Chile",,0.57224346147235,211.71747441146101,-71.527,-38.357
"Directions from Troyo, Lonquimay, Chile to Angol, Chile",,0.57231054351168,238.28252558853899,-71.527,-38.357
"Directions from Troyo, Lonquimay, Chile to Angol, Chile",,0.57241054351167,238.28252558853899,-71.527,-38.357
"Directions from Troyo, Lonquimay, Chile to Angol, Chile",,0.57245526487122,237.17054496796305,-71.527,-38.357
"Directions from Troyo, Lonquimay, Chile to Angol, Chile",,0.57266142015250,228.94053756223320,-71.527,-38.358
"Directions from Troyo, Lonquimay, Chile to Angol, Chile",,0.57286660299779,235.20494140904987,-71.527,-38.358
"Directions from Troyo, Lonquimay, Chile to Angol, Chile",,0.57288896367756,232.59762425591785,-71.527,-38.358
"Directions from Troyo, Lonquimay, Chile to Angol, Chile",,0.57326433016514,223.38014985259903,-71.528,-38.358
"Directions from Troyo, Lonquimay, Chile to Angol, Chile",,0.57346232006388,234.21747440331876,-71.528,-38.358
"Directions from Troyo, Lonquimay, Chile to Angol, Chile",,0.57348468074365,236.41682708153499,-71.528,-38.358
"Directions from Troyo, Lonquimay, Chile to Angol, Chile",,0.57366907163279,231.26440385570132,-71.528,-38.358
"Directions from Troyo, Lonquimay, Chile to Angol, Chile",,0.57386907163280,230.97208859390977,-71.528,-38.358
"Directions from Troyo, Lonquimay, Chile to Angol, Chile",,0.57397537309093,233.40434581245907,-71.528,-38.358
"Directions from Troyo, Lonquimay, Chile to Angol, Chile",,0.57454141195884,233.87912924132740,-71.529,-38.359
"Directions from Troyo, Lonquimay, Chile to Angol, Chile",,0.57471170582250,240.66434643383192,-71.529,-38.359
"Directions from Troyo, Lonquimay, Chile to Angol, Chile",,0.57474332859911,239.42783060940300,-71.529,-38.359
"Directions from Troyo, Lonquimay, Chile to Angol, Chile",,0.57492024665924,220.28274901321203,-71.529,-38.359
"Directions from Troyo, Lonquimay, Chile to Angol, Chile",,0.57530299984342,210.78782187441749,-71.529,-38.359
"Directions from Troyo, Lonquimay, Chile to Angol, Chile",,0.57545064807401,213.02378057573327,-71.529,-38.359
"Directions from Troyo, Lonquimay, Chile to Angol, Chile",,0.57584269398970,225.43845387074180,-71.529,-38.360
"Directions from Troyo, Lonquimay, Chile to Angol, Chile",,0.57594269398970,240.81433401531291,-71.529,-38.360
"Directions from Troyo, Lonquimay, Chile to Angol, Chile",,0.57629737694672,241.99502134396877,-71.530,-38.360
"Directions from Troyo, Lonquimay, Chile to Angol, Chile",,0.57649154182510,231.60889400305541,-71.530,-38.360
"Directions from Troyo, Lonquimay, Chile to Angol, Chile",,0.57664020251259,236.88191101045217,-71.530,-38.360
"Directions from Troyo, Lonquimay, Chile to Angol, Chile",,0.57673869109060,239.58380668858021,-71.530,-38.360
"Directions from Troyo, Lonquimay, Chile to Angol, Chile",,0.57678869109060,241.66561299795643,-71.530,-38.360
"Directions from Troyo, Lonquimay, Chile to Angol, Chile",,0.57705439769571,244.24984698834035,-71.530,-38.360
"Directions from Troyo, Lonquimay, Chile to Angol, Chile",,0.57745402251977,241.04922774521765,-71.531,-38.360
"Directions from Troyo, Lonquimay, Chile to Angol, Chile",,0.57815616210703,240.53232944347727,-71.531,-38.361
"Directions from Troyo, Lonquimay, Chile to Angol, Chile",,0.57832259527680,235.19743803954273,-71.532,-38.361
"Directions from Troyo, Lonquimay, Chile to Angol, Chile",,0.57842259527680,215.78252559098169,-71.532,-38.361
"Directions from Troyo, Lonquimay, Chile to Angol, Chile",,0.57845421805340,234.21747441553211,-71.532,-38.361
"Directions from Troyo, Lonquimay, Chile to Angol, Chile",,0.57846421805339,225.00000000000000,-71.532,-38.361
"Directions from Troyo, Lonquimay, Chile to Angol, Chile",,0.57847421805339,202.50000001017776,-71.532,-38.361
"Directions from Troyo, Lonquimay, Chile to Angol, Chile",,0.57848836018902,202.50000001017776,-71.532,-38.361
"Directions from Troyo, Lonquimay, Chile to Angol, Chile",,0.57850836018902,166.71747440738991,-71.532,-38.361
"Directions from Troyo, Lonquimay, Chile to Angol, Chile",,0.57853072086880,144.21747441756767,-71.532,-38.361
"Directions from Troyo, Lonquimay, Chile to Angol, Chile",,0.57854486300441,144.21747441756767,-71.532,-38.361
"Directions from Troyo, Lonquimay, Chile to Angol, Chile",,0.57856722368419,134.99999999592887,-71.532,-38.361
"Directions from Troyo, Lonquimay, Chile to Angol, Chile",,0.57863430572352,89.99999999185778,-71.532,-38.361
"Directions from Troyo, Lonquimay, Chile to Angol, Chile",,0.57865666640329,76.71747440331880,-71.532,-38.361
"Directions from Troyo, Lonquimay, Chile to Angol, Chile",,0.57870666640329,80.78252558887824,-71.531,-38.361
"Directions from Troyo, Lonquimay, Chile to Angol, Chile",,0.57889640306290,78.73971719971745,-71.531,-38.361
"Directions from Troyo, Lonquimay, Chile to Angol, Chile",,0.57903675975138,87.95719161083920,-71.531,-38.361
"Directions from Troyo, Lonquimay, Chile to Angol, Chile",,0.57972675975138,86.43749182429646,-71.530,-38.361
"Directions from Troyo, Lonquimay, Chile to Angol, Chile",,0.57988800490634,86.43749182429644,-71.530,-38.361
"Directions from Troyo, Lonquimay, Chile to Angol, Chile",,0.58003800490635,96.62025995859469,-71.530,-38.361
"Directions from Troyo, Lonquimay, Chile to Angol, Chile",,0.58021264739831,107.52096470106866,-71.530,-38.361
"Directions from Troyo, Lonquimay, Chile to Angol, Chile",,0.58026649904638,109.15288543304347,-71.530,-38.361
"Directions from Troyo, Lonquimay, Chile to Angol, Chile",,0.58054810160319,102.98334179568258,-71.530,-38.361
"Directions from Troyo, Lonquimay, Chile to Angol, Chile",,0.58060892922850,94.73116110511312,-71.530,-38.361
"Directions from Troyo, Lonquimay, Chile to Angol, Chile",,0.58065892922849,84.34503376142408,-71.530,-38.361
"Directions from Troyo, Lonquimay, Chile to Angol, Chile",,0.58070991942362,71.06250817288510,-71.530,-38.361
"Directions from Troyo, Lonquimay, Chile to Angol, Chile",,0.58077700146295,67.50000000122132,-71.529,-38.361
"Directions from Troyo, Lonquimay, Chile to Angol, Chile",,0.58093511534597,76.05136448354692,-71.529,-38.361
"Directions from Troyo, Lonquimay, Chile to Angol, Chile",,0.58099594297126,85.26883889378659,-71.529,-38.361
"Directions from Troyo, Lonquimay, Chile to Angol, Chile",,0.58104594297126,103.28252558853897,-71.529,-38.361
"Directions from Troyo, Lonquimay, Chile to Angol, Chile",,0.58109066433081,125.78252558345010,-71.529,-38.361
"Directions from Troyo, Lonquimay, Chile to Angol, Chile",,0.58111894860206,157.49999999491112,-71.529,-38.361
"Directions from Troyo, Lonquimay, Chile to Angol, Chile",,0.58117894860207,202.49999999999997,-71.529,-38.361
"Directions from Troyo, Lonquimay, Chile to Angol, Chile",,0.58122137500893,229.48631330755819,-71.529,-38.361
"Directions from Troyo, Lonquimay, Chile to Angol, Chile",,0.58135738971403,237.68108347574247,-71.529,-38.361
"Directions from Troyo, Lonquimay, Chile to Angol, Chile",,0.58148268935489,237.92593127054667,-71.529,-38.361
"Directions from Troyo, Lonquimay, Chile to Angol, Chile",,0.58156871260756,231.63819851957959,-71.529,-38.361
"Directions from Troyo, Lonquimay, Chile to Angol, Chile",,0.58210021989819,233.60328629387436,-71.530,-38.362
"Directions from Troyo, Lonquimay, Chile to Angol, Chile",,0.58240550664864,231.69624887665711,-71.530,-38.362
"Directions from Troyo, Lonquimay, Chile to Angol, Chile",,0.58246207519113,215.78252559261011,-71.530,-38.362
"Directions from Troyo, Lonquimay, Chile to Angol, Chile",,0.58248443587091,193.28252559261011,-71.530,-38.362
"Directions from Troyo, Lonquimay, Chile to Angol, Chile",,0.58254443587091,164.51812173635801,-71.530,-38.362
"Directions from Troyo, Lonquimay, Chile to Angol, Chile",,0.58260274538986,138.84802586241008,-71.530,-38.362
"Directions from Troyo, Lonquimay, Chile to Angol, Chile",,0.58266677663224,122.61242971459107,-71.530,-38.362
"Directions from Troyo, Lonquimay, Chile to Angol, Chile",,0.58271149799178,112.49999999898222,-71.530,-38.362
"Directions from Troyo, Lonquimay, Chile to Angol, Chile",,0.58277474354499,99.21747441044324,-71.530,-38.362
"Directions from Troyo, Lonquimay, Chile to Angol, Chile",,0.58279474354498,99.21747440535437,-71.530,-38.362
"Directions from Troyo, Lonquimay, Chile to Angol, Chile",,0.58282636632159,99.21747440535437,-71.530,-38.362
"Directions from Troyo, Lonquimay, Chile to Angol, Chile",,0.58300636632159,103.28252559668123,-71.530,-38.362
"Directions from Troyo, Lonquimay, Chile to Angol, Chile",,0.58302872700136,125.78252559328863,-71.530,-38.362
"Directions from Troyo, Lonquimay, Chile to Angol, Chile",,0.58307115340824,139.06505117531387,-71.530,-38.362
"Directions from Troyo, Lonquimay, Chile to Angol, Chile",,0.58312115340824,146.96630815549975,-71.530,-38.362
"Directions from Troyo, Lonquimay, Chile to Angol, Chile",,0.58351064025013,156.18378257347453,-71.529,-38.363
"Directions from Troyo, Lonquimay, Chile to Angol, Chile",,0.58354226302672,179.99999999796444,-71.529,-38.363
"Directions from Troyo, Lonquimay, Chile to Angol, Chile",,0.58357388580332,189.21747440128323,-71.529,-38.363
"Directions from Troyo, Lonquimay, Chile to Angol, Chile",,0.58359388580332,187.01812173635804,-71.529,-38.363
"Directions from Troyo, Lonquimay, Chile to Angol, Chile",,0.58363511685957,197.00967499701088,-71.530,-38.363
"Directions from Troyo, Lonquimay, Chile to Angol, Chile",,0.58375216385868,212.49155326065284,-71.530,-38.363
"Directions from Troyo, Lonquimay, Chile to Angol, Chile",,0.58378044812994,216.44863551569389,-71.530,-38.363
"Directions from Troyo, Lonquimay, Chile to Angol, Chile",,0.58397280197055,210.46056929348487,-71.530,-38.363
"Directions from Troyo, Lonquimay, Chile to Angol, Chile",,0.58421133917939,221.21128645457037,-71.530,-38.363
"Directions from Troyo, Lonquimay, Chile to Angol, Chile",,0.58430353462395,231.57243380858640,-71.530,-38.363
"Directions from Troyo, Lonquimay, Chile to Angol, Chile",,0.58448954537634,231.28011854823171,-71.530,-38.363
"Directions from Troyo, Lonquimay, Chile to Angol, Chile",,0.58459584683446,221.25207117784873,-71.530,-38.363
"Directions from Troyo, Lonquimay, Chile to Angol, Chile",,0.58466795785997,203.86315549778212,-71.530,-38.363
"Directions from Troyo, Lonquimay, Chile to Angol, Chile",,0.58470918891623,187.01812173635804,-71.530,-38.364
"Directions from Troyo, Lonquimay, Chile to Angol, Chile",,0.58475918891623,175.26883889433677,-71.530,-38.364
"Directions from Troyo, Lonquimay, Chile to Angol, Chile",,0.58482001654153,152.76883889942562,-71.530,-38.364
"Directions from Troyo, Lonquimay, Chile to Angol, Chile",,0.58484830081277,129.34503376651298,-71.530,-38.364
"Directions from Troyo, Lonquimay, Chile to Angol, Chile",,0.58492041183829,116.06250817695619,-71.530,-38.364
"Directions from Troyo, Lonquimay, Chile to Angol, Chile",,0.58495203461488,99.21747441553212,-71.530,-38.364
"Directions from Troyo, Lonquimay, Chile to Angol, Chile",,0.58506203461489,86.82990412605210,-71.530,-38.364
"Directions from Troyo, Lonquimay, Chile to Angol, Chile",,0.58515258846627,78.00484201593424,-71.530,-38.364
"Directions from Troyo, Lonquimay, Chile to Angol, Chile",,0.58538345639388,81.17493788988217,-71.530,-38.364
"Directions from Troyo, Lonquimay, Chile to Angol, Chile",,0.58541345639388,82.28891934108051,-71.530,-38.364
"Directions from Troyo, Lonquimay, Chile to Angol, Chile",,0.58571428857301,82.28891934108051,-71.529,-38.364
"Directions from Troyo, Lonquimay, Chile to Angol, Chile",,0.58577428857300,97.01812173276583,-71.529,-38.364
"Directions from Troyo, Lonquimay, Chile to Angol, Chile",,0.58585675068553,97.01812173276583,-71.529,-38.364
"Directions from Troyo, Lonquimay, Chile to Angol, Chile",,0.58586675068552,105.48187826663546,-71.529,-38.364
"Directions from Troyo, Lonquimay, Chile to Angol, Chile",,0.58592506020447,123.91682708711483,-71.529,-38.364
"Directions from Troyo, Lonquimay, Chile to Angol, Chile",,0.58602506020448,140.15242323601146,-71.529,-38.364
"Directions from Troyo, Lonquimay, Chile to Angol, Chile",,0.58606978156402,148.28252559423856,-71.529,-38.364
"Directions from Troyo, Lonquimay, Chile to Angol, Chile",,0.58611978156402,155.91008494013053,-71.529,-38.364
"Directions from Troyo, Lonquimay, Chile to Angol, Chile",,0.58622176195429,182.69465587692693,-71.529,-38.364
"Directions from Troyo, Lonquimay, Chile to Angol, Chile",,0.58632616501938,205.19465588058048,-71.529,-38.364
"Directions from Troyo, Lonquimay, Chile to Angol, Chile",,0.58643433155764,221.94224821794396,-71.529,-38.364
"Directions from Troyo, Lonquimay, Chile to Angol, Chile",,0.58659053655116,234.43286801890807,-71.529,-38.364
"Directions from Troyo, Lonquimay, Chile to Angol, Chile",,0.58685979479152,236.56681467115493,-71.529,-38.364
"Directions from Troyo, Lonquimay, Chile to Angol, Chile",,0.58694581804420,231.09431660188207,-71.529,-38.364
"Directions from Troyo, Lonquimay, Chile to Angol, Chile",,0.58739180010661,230.62853830151903,-71.530,-38.365
"Directions from Troyo, Lonquimay, Chile to Angol, Chile",,0.58767780709953,239.65151014573067,-71.530,-38.365
"Directions from Troyo, Lonquimay, Chile to Angol, Chile",,0.58811644134352,241.04109358268815,-71.530,-38.365
"Directions from Troyo, Lonquimay, Chile to Angol, Chile",,0.58815249685629,242.91478758576139,-71.530,-38.365
"Directions from Troyo, Lonquimay, Chile to Angol, Chile",,0.58903849911361,251.78712339382287,-71.531,-38.365
"Directions from Troyo, Lonquimay, Chile to Angol, Chile",,0.58940250460807,256.98700305575426,-71.532,-38.365
"Directions from Troyo, Lonquimay, Chile to Angol, Chile",,0.58985956040335,261.06366196692920,-71.532,-38.365
"Directions from Troyo, Lonquimay, Chile to Angol, Chile",,0.59081841388539,263.61909059700332,-71.533,-38.366
"Directions from Troyo, Lonquimay, Chile to Angol, Chile",,0.59104928181300,267.51512963605944,-71.533,-38.366
"Directions from Troyo, Lonquimay, Chile to Angol, Chile",,0.59138928181300,274.26538280517315,-71.534,-38.366
"Directions from Troyo, Lonquimay, Chile to Angol, Chile",,0.59159151929716,285.86467806147084,-71.534,-38.366
"Directions from Troyo, Lonquimay, Chile to Angol, Chile",,0.59174383475928,300.03424407962677,-71.534,-38.366
"Directions from Troyo, Lonquimay, Chile to Angol, Chile",,0.59214383475927,288.43494882332914,-71.534,-38.365
"Directions from Troyo, Lonquimay, Chile to Angol, Chile",,0.59215383475927,285.12821858092087,-71.534,-38.365
"Directions from Troyo, Lonquimay, Chile to Angol, Chile",,0.59229275919918,294.34569299339967,-71.534,-38.365
"Directions from Troyo, Lonquimay, Chile to Angol, Chile",,0.59235600475237,283.10005742202173,-71.534,-38.365
"Directions from Troyo, Lonquimay, Chile to Angol, Chile",,0.59257804078548,275.07555502424344,-71.535,-38.365
"Directions from Troyo, Lonquimay, Chile to Angol, Chile",,0.59281824902848,269.07477461525440,-71.535,-38.365
"Directions from Troyo, Lonquimay, Chile to Angol, Chile",,0.59335972848331,262.40477127903847,-71.535,-38.365
"Directions from Troyo, Lonquimay, Chile to Angol, Chile",,0.59367548155138,252.64822143186021,-71.536,-38.365
"Directions from Troyo, Lonquimay, Chile to Angol, Chile",,0.59394861155705,252.47028651479971,-71.536,-38.365
"Directions from Troyo, Lonquimay, Chile to Angol, Chile",,0.59399960175219,246.33134706870723,-71.536,-38.365
"Directions from Troyo, Lonquimay, Chile to Angol, Chile",,0.59427163116236,227.90889187503311,-71.536,-38.366
"Directions from Troyo, Lonquimay, Chile to Angol, Chile",,0.59517101984364,223.42257856774995,-71.537,-38.366
"Directions from Troyo, Lonquimay, Chile to Angol, Chile",,0.59529829906425,231.26440385349815,-71.537,-38.366
"Directions from Troyo, Lonquimay, Chile to Angol, Chile",,0.59542868311235,244.54692944235853,-71.537,-38.366
"Directions from Troyo, Lonquimay, Chile to Angol, Chile",,0.59602951586779,247.50000000032139,-71.538,-38.367
"Directions from Troyo, Lonquimay, Chile to Angol, Chile",,0.59607423722734,251.71348451064927,-71.538,-38.367
"Directions from Troyo, Lonquimay, Chile to Angol, Chile",,0.59659211752238,261.64109169551824,-71.538,-38.367
"Directions from Troyo, Lonquimay, Chile to Angol, Chile",,0.59693446237776,260.02482163830257,-71.539,-38.367
"Directions from Troyo, Lonquimay, Chile to Angol, Chile",,0.59728374736169,251.39849555510321,-71.539,-38.367
"Directions from Troyo, Lonquimay, Chile to Angol, Chile",,0.59757921309574,240.76449402005235,-71.539,-38.367
"Directions from Troyo, Lonquimay, Chile to Angol, Chile",,0.59777337797413,230.24573850352911,-71.539,-38.367
"Directions from Troyo, Lonquimay, Chile to Angol, Chile",,0.59781580438100,229.06505117314259,-71.539,-38.367
"Directions from Troyo, Lonquimay, Chile to Angol, Chile",,0.59796580438100,226.86569849999532,-71.539,-38.367
"Directions from Troyo, Lonquimay, Chile to Angol, Chile",,0.59815019527015,214.76386024083860,-71.540,-38.367
"Directions from Troyo, Lonquimay, Chile to Angol, Chile",,0.59858436113707,204.98196843050903,-71.540,-38.368
"Directions from Troyo, Lonquimay, Chile to Angol, Chile",,0.59886292890262,198.92946045804007,-71.540,-38.368
"Directions from Troyo, Lonquimay, Chile to Angol, Chile",,0.59931215045152,189.91709869745100,-71.540,-38.368
"Directions from Troyo, Lonquimay, Chile to Angol, Chile",,0.59950241342743,184.74793059820124,-71.540,-38.369
"Directions from Troyo, Lonquimay, Chile to Angol, Chile",,0.59994524522394,183.24153684565971,-71.540,-38.369
"Directions from Troyo, Lonquimay, Chile to Angol, Chile",,0.60013524522393,175.26883889672072,-71.540,-38.369
"Directions from Troyo, Lonquimay, Chile to Angol, Chile",,0.60031772809984,164.36813415326407,-71.540,-38.369
"Directions from Troyo, Lonquimay, Chile to Angol, Chile",,0.60058698634020,156.77134588494533,-71.540,-38.370
"Directions from Troyo, Lonquimay, Chile to Angol, Chile",,0.60125817930798,152.79960997617295,-71.540,-38.370
"Directions from Troyo, Lonquimay, Chile to Angol, Chile",,0.60133880188547,152.11916787766827,-71.540,-38.370
"Directions from Troyo, Lonquimay, Chile to Angol, Chile",,0.60227352109463,157.34658541926026,-71.539,-38.371
"Directions from Troyo, Lonquimay, Chile to Angol, Chile",,0.60248541729564,165.42207341804485,-71.539,-38.371
"Directions from Troyo, Lonquimay, Chile to Angol, Chile",,0.60271886964624,173.13436594369315,-71.539,-38.372
"Directions from Troyo, Lonquimay, Chile to Angol, Chile",,0.60346055691187,173.44421304264785,-71.539,-38.372
"Directions from Troyo, Lonquimay, Chile to Angol, Chile",,0.60389621733009,172.69903110538144,-71.539,-38.373
"Directions from Troyo, Lonquimay, Chile to Angol, Chile",,0.60421762050369,183.94234743747404,-71.539,-38.373
"Directions from Troyo, Lonquimay, Chile to Angol, Chile",,0.60439226299566,197.81032748477560,-71.539,-38.373
"Directions from Troyo, Lonquimay, Chile to Angol, Chile",,0.60475995852187,206.36912525446368,-71.539,-38.374
"Directions from Troyo, Lonquimay, Chile to Angol, Chile",,0.60557119215037,208.46158331844487,-71.540,-38.374
"Directions from Troyo, Lonquimay, Chile to Angol, Chile",,0.60613020914474,205.18549734756365,-71.540,-38.375
"Directions from Troyo, Lonquimay, Chile to Angol, Chile",,0.60650182722826,205.51102753729495,-71.540,-38.375
"Directions from Troyo, Lonquimay, Chile to Angol, Chile",,0.60689540060134,208.48049642733437,-71.540,-38.375
"Directions from Troyo, Lonquimay, Chile to Angol, Chile",,0.60737913606625,214.20234477661353,-71.540,-38.376
"Directions from Troyo, Lonquimay, Chile to Angol, Chile",,0.60744316730862,215.94575966228169,-71.540,-38.376
"Directions from Troyo, Lonquimay, Chile to Angol, Chile",,0.60778986602509,217.27016254042744,-71.541,-38.376
"Directions from Troyo, Lonquimay, Chile to Angol, Chile",,0.60822918367782,223.58615202861921,-71.541,-38.377
"Directions from Troyo, Lonquimay, Chile to Angol, Chile",,0.60963648606182,232.69907256296716,-71.542,-38.378
"Directions from Troyo, Lonquimay, Chile to Angol, Chile",,0.60983371689104,243.16793228361985,-71.542,-38.378
"Directions from Troyo, Lonquimay, Chile to Angol, Chile",,0.61013834781528,248.28827502720625,-71.542,-38.378
"Directions from Troyo, Lonquimay, Chile to Angol, Chile",,0.61054331694990,252.06644705545327,-71.543,-38.378
"Directions from Troyo, Lonquimay, Chile to Angol, Chile",,0.61106254714934,256.83642057150882,-71.543,-38.378
"Directions from Troyo, Lonquimay, Chile to Angol, Chile",,0.61160189861174,255.44006938871257,-71.544,-38.378
"Directions from Troyo, Lonquimay, Chile to Angol, Chile",,0.61163352138835,256.43477414987063,-71.544,-38.378
"Directions from Troyo, Lonquimay, Chile to Angol, Chile",,0.61249340510142,258.99765921364485,-71.545,-38.378
"Directions from Troyo, Lonquimay, Chile to Angol, Chile",,0.61344907240754,252.68645451457189,-71.546,-38.378
"Directions from Troyo, Lonquimay, Chile to Angol, Chile",,0.61388918602924,246.66795589105507,-71.546,-38.379
"Directions from Troyo, Lonquimay, Chile to Angol, Chile",,0.61430966195006,241.18908987223313,-71.546,-38.379
"Directions from Troyo, Lonquimay, Chile to Angol, Chile",,0.61453438400061,234.39840604671255,-71.547,-38.379
"Directions from Troyo, Lonquimay, Chile to Angol, Chile",,0.61486859949995,228.73481871665777,-71.547,-38.379
"Directions from Troyo, Lonquimay, Chile to Angol, Chile",,0.61515859949994,224.30223933084545,-71.547,-38.379
"Directions from Troyo, Lonquimay, Chile to Angol, Chile",,0.61573911651090,219.75562295575432,-71.547,-38.380
"Directions from Troyo, Lonquimay, Chile to Angol, Chile",,0.61600312408655,214.23162639249523,-71.548,-38.380
"Directions from Troyo, Lonquimay, Chile to Angol, Chile",,0.61650561786760,209.78598297589733,-71.548,-38.380
"Directions from Troyo, Lonquimay, Chile to Angol, Chile",,0.61719915950298,210.36613897575876,-71.548,-38.381
"Directions from Troyo, Lonquimay, Chile to Angol, Chile",,0.61777898706355,214.71823859573885,-71.548,-38.382
"Directions from Troyo, Lonquimay, Chile to Angol, Chile",,0.61824299137388,215.02777561309668,-71.549,-38.382
"Directions from Troyo, Lonquimay, Chile to Angol, Chile",,0.61993497246124,210.77457510449275,-71.550,-38.383
"Directions from Troyo, Lonquimay, Chile to Angol, Chile",,0.62031087138382,210.54082597921175,-71.550,-38.384
"Directions from Troyo, Lonquimay, Chile to Angol, Chile",,0.62044125543193,208.90868411734627,-71.550,-38.384
"Directions from Troyo, Lonquimay, Chile to Angol, Chile",,0.62065149339235,196.47040965532156,-71.550,-38.384
"Directions from Troyo, Lonquimay, Chile to Angol, Chile",,0.62095414831136,178.73498585619259,-71.550,-38.384
"Directions from Troyo, Lonquimay, Chile to Angol, Chile",,0.62123857756442,163.74759664519149,-71.550,-38.385
"Directions from Troyo, Lonquimay, Chile to Angol, Chile",,0.62142242532754,154.86129695742301,-71.550,-38.385
"Directions from Troyo, Lonquimay, Chile to Angol, Chile",,0.62161477916815,148.92684798140385,-71.550,-38.385
"Directions from Troyo, Lonquimay, Chile to Angol, Chile",,0.62218337392718,162.87548349709772,-71.549,-38.385
"Directions from Troyo, Lonquimay, Chile to Angol, Chile",,0.62219337392718,160.67009587163102,-71.549,-38.385
"Directions from Troyo, Lonquimay, Chile to Angol, Chile",,0.62238546765431,147.38757027902091,-71.549,-38.385
"Directions from Troyo, Lonquimay, Chile to Angol, Chile",,0.62240782833408,146.56042432759770,-71.549,-38.386
"Directions from Troyo, Lonquimay, Chile to Angol, Chile",,0.62284061003424,136.33226745018740,-71.549,-38.386
"Directions from Troyo, Lonquimay, Chile to Angol, Chile",,0.62344202503239,129.92426635290158,-71.549,-38.386
"Directions from Troyo, Lonquimay, Chile to Angol, Chile",,0.62379202503240,123.91682708656398,-71.548,-38.386
"Directions from Troyo, Lonquimay, Chile to Angol, Chile",,0.62385033455135,123.91682708737819,-71.548,-38.386
"Directions from Troyo, Lonquimay, Chile to Angol, Chile",,0.62405033455134,124.57277098068244,-71.548,-38.387
"Directions from Troyo, Lonquimay, Chile to Angol, Chile",,0.62449977865243,119.42034774548520,-71.548,-38.387
"Directions from Troyo, Lonquimay, Chile to Angol, Chile",,0.62485754952883,115.33364283914305,-71.547,-38.387
"Directions from Troyo, Lonquimay, Chile to Angol, Chile",,0.62527384269476,111.03568712077674,-71.547,-38.387
"Directions from Troyo, Lonquimay, Chile to Angol, Chile",,0.62566281570154,106.25179741052122,-71.547,-38.387
"Directions from Troyo, Lonquimay, Chile to Angol, Chile",,0.62594174221516,97.26722754034854,-71.546,-38.387
"Directions from Troyo, Lonquimay, Chile to Angol, Chile",,0.62595174221516,112.49999998982221,-71.546,-38.387
"Directions from Troyo, Lonquimay, Chile to Angol, Chile",,0.62596588435078,118.90213302270554,-71.546,-38.387
"Directions from Troyo, Lonquimay, Chile to Angol, Chile",,0.62619149463424,96.40213303288331,-71.546,-38.387
"Directions from Troyo, Lonquimay, Chile to Angol, Chile",,0.62620149463422,95.15242323411159,-71.546,-38.387
"Directions from Troyo, Lonquimay, Chile to Angol, Chile",,0.62653690483085,97.83033575573629,-71.546,-38.387
"Directions from Troyo, Lonquimay, Chile to Angol, Chile",,0.62685830800446,93.82321754333410,-71.546,-38.388
"Directions from Troyo, Lonquimay, Chile to Angol, Chile",,0.62710850792451,94.86100900669037,-71.545,-38.388
"Directions from Troyo, Lonquimay, Chile to Angol, Chile",,0.62734045619461,100.73382571894412,-71.545,-38.388
"Directions from Troyo, Lonquimay, Chile to Angol, Chile",,0.62742291830712,101.74928283834279,-71.545,-38.388
"Directions from Troyo, Lonquimay, Chile to Angol, Chile",,0.62760540118303,117.23116110437957,-71.545,-38.388
"Directions from Troyo, Lonquimay, Chile to Angol, Chile",,0.62761954331866,122.49155326005850,-71.545,-38.388
"Directions from Troyo, Lonquimay, Chile to Angol, Chile",,0.62773659031777,120.29220058327915,-71.545,-38.388
"Directions from Troyo, Lonquimay, Chile to Angol, Chile",,0.62782878576234,135.97074319716856,-71.545,-38.388
"Directions from Troyo, Lonquimay, Chile to Angol, Chile",,0.62789281700471,149.76939112796433,-71.545,-38.388
"Directions from Troyo, Lonquimay, Chile to Angol, Chile",,0.62794666865279,165.74437685138847,-71.545,-38.388
"Directions from Troyo, Lonquimay, Chile to Angol, Chile",,0.62811784108047,176.64508159737204,-71.545,-38.388
"Directions from Troyo, Lonquimay, Chile to Angol, Chile",,0.62859784108047,182.48487036397881,-71.545,-38.388
"Directions from Troyo, Lonquimay, Chile to Angol, Chile",,0.62905957693569,186.97118367065676,-71.545,-38.389
"Directions from Troyo, Lonquimay, Chile to Angol, Chile",,0.62925193077631,193.16332562520708,-71.545,-38.389
"Directions from Troyo, Lonquimay, Chile to Angol, Chile",,0.62958719186859,211.17701231852908,-71.545,-38.389
"Directions from Troyo, Lonquimay, Chile to Angol, Chile",,0.62960133400422,212.01280301783251,-71.545,-38.389
"Directions from Troyo, Lonquimay, Chile to Angol, Chile",,0.62990809123722,202.79532861044265,-71.545,-38.390
"Directions from Troyo, Lonquimay, Chile to Angol, Chile",,0.62997517327655,204.05301355128171,-71.545,-38.390
"Directions from Troyo, Lonquimay, Chile to Angol, Chile",,0.63038370724086,235.77048795867165,-71.545,-38.390
"Directions from Troyo, Lonquimay, Chile to Angol, Chile",,0.63039370724087,234.21747441095212,-71.545,-38.390
"Directions from Troyo, Lonquimay, Chile to Angol, Chile",,0.63052019834727,211.71747441095209,-71.545,-38.390
"Directions from Troyo, Lonquimay, Chile to Angol, Chile",,0.63053434048290,211.71747441247879,-71.545,-38.390
"Directions from Troyo, Lonquimay, Chile to Angol, Chile",,0.63072407714251,202.49999999491109,-71.545,-38.390
"Directions from Troyo, Lonquimay, Chile to Angol, Chile",,0.63076879850206,203.39495529925759,-71.545,-38.391
"Directions from Troyo, Lonquimay, Chile to Angol, Chile",,0.63097128306937,197.80055534121468,-71.545,-38.391
"Directions from Troyo, Lonquimay, Chile to Angol, Chile",,0.63180098180988,187.68812562438947,-71.545,-38.392
"Directions from Troyo, Lonquimay, Chile to Angol, Chile",,0.63182098180988,188.19477016740635,-71.545,-38.392
"Directions from Troyo, Lonquimay, Chile to Angol, Chile",,0.63199818226135,193.63753369414044,-71.545,-38.392
"Directions from Troyo, Lonquimay, Chile to Angol, Chile",,0.63252771035314,185.44276352673407,-71.546,-38.392
"Directions from Troyo, Lonquimay, Chile to Angol, Chile",,0.63254771035314,187.01812173635804,-71.546,-38.392
"Directions from Troyo, Lonquimay, Chile to Angol, Chile",,0.63258894140940,190.90070474555691,-71.546,-38.392
"Directions from Troyo, Lonquimay, Chile to Angol, Chile",,0.63325504950874,183.88258300919887,-71.546,-38.393
"Directions from Troyo, Lonquimay, Chile to Angol, Chile",,0.63331504950873,183.17009587394793,-71.546,-38.393
"Directions from Troyo, Lonquimay, Chile to Angol, Chile",,0.63349615721150,184.93082256234183,-71.546,-38.393
"Directions from Troyo, Lonquimay, Chile to Angol, Chile",,0.63414738681770,182.11880666124361,-71.546,-38.394
"Directions from Troyo, Lonquimay, Chile to Angol, Chile",,0.63494744931526,178.56991278479657,-71.546,-38.395
"Directions from Troyo, Lonquimay, Chile to Angol, Chile",,0.63542838590152,178.21183281194689,-71.546,-38.395
"Directions from Troyo, Lonquimay, Chile to Angol, Chile",,0.63558838590152,166.71747441146101,-71.546,-38.395
"Directions from Troyo, Lonquimay, Chile to Angol, Chile",,0.63561074658130,165.99541164610227,-71.546,-38.395
"Directions from Troyo, Lonquimay, Chile to Angol, Chile",,0.63680112467249,177.51721054624733,-71.546,-38.396
"Directions from Troyo, Lonquimay, Chile to Angol, Chile",,0.63810358388490,175.23477033297036,-71.546,-38.398
"Directions from Troyo, Lonquimay, Chile to Angol, Chile",,0.63848568334839,171.34053078278836,-71.546,-38.398
"Directions from Troyo, Lonquimay, Chile to Angol, Chile",,0.63853667354353,171.58126368601569,-71.546,-38.398
"Directions from Troyo, Lonquimay, Chile to Angol, Chile",,0.63884812177358,172.03237426833016,-71.546,-38.399
"Directions from Troyo, Lonquimay, Chile to Angol, Chile",,0.63934631852186,167.59280176546227,-71.545,-38.399
"Directions from Troyo, Lonquimay, Chile to Angol, Chile",,0.64047170734356,150.29665741154594,-71.545,-38.400
"Directions from Troyo, Lonquimay, Chile to Angol, Chile",,0.64048584947918,151.84503375124632,-71.545,-38.400
"Directions from Troyo, Lonquimay, Chile to Angol, Chile",,0.64053683967432,166.22221723874620,-71.545,-38.400
"Directions from Troyo, Lonquimay, Chile to Angol, Chile",,0.64210963972519,158.59465788471201,-71.545,-38.402
"Directions from Troyo, Lonquimay, Chile to Angol, Chile",,0.64213200040497,159.38909884963147,-71.545,-38.402
"Directions from Troyo, Lonquimay, Chile to Angol, Chile",,0.64280386348625,167.01665820558731,-71.544,-38.402
"Directions from Troyo, Lonquimay, Chile to Angol, Chile",,0.64336475563275,170.07965095702792,-71.544,-38.403
"Directions from Troyo, Lonquimay, Chile to Angol, Chile",,0.64356699311691,175.73461719368214,-71.544,-38.403
"Directions from Troyo, Lonquimay, Chile to Angol, Chile",,0.64358699311691,174.34503376354911,-71.544,-38.403
"Directions from Troyo, Lonquimay, Chile to Angol, Chile",,0.64394392448286,166.15026359614276,-71.544,-38.403
"Directions from Troyo, Lonquimay, Chile to Angol, Chile",,0.64412112493433,161.52720722276476,-71.544,-38.404
"Directions from Troyo, Lonquimay, Chile to Angol, Chile",,0.64540272549612,156.43945180434619,-71.544,-38.405
"Directions from Troyo, Lonquimay, Chile to Angol, Chile",,0.64546980753545,155.68352463254857,-71.544,-38.405
"Directions from Troyo, Lonquimay, Chile to Angol, Chile",,0.64586905683100,155.22883440541437,-71.544,-38.405
"Directions from Troyo, Lonquimay, Chile to Angol, Chile",,0.64615083688707,148.65398770322659,-71.543,-38.406
"Directions from Troyo, Lonquimay, Chile to Angol, Chile",,0.64635892340754,139.89120351618570,-71.543,-38.406
"Directions from Troyo, Lonquimay, Chile to Angol, Chile",,0.64637306554316,141.62025995767704,-71.543,-38.406
"Directions from Troyo, Lonquimay, Chile to Angol, Chile",,0.64686702910457,150.83773436899264,-71.543,-38.406
"Directions from Troyo, Lonquimay, Chile to Angol, Chile",,0.64749312813827,166.71747441131561,-71.543,-38.407
"Directions from Troyo, Lonquimay, Chile to Angol, Chile",,0.64750312813827,167.72225131800661,-71.543,-38.407
"Directions from Troyo, Lonquimay, Chile to Angol, Chile",,0.64877847122937,145.22225131800661,-71.542,-38.408
"Directions from Troyo, Lonquimay, Chile to Angol, Chile",,0.64879261336499,145.23113576186233,-71.542,-38.408
"Directions from Troyo, Lonquimay, Chile to Angol, Chile",,0.64929828124018,158.08611265122528,-71.542,-38.408
"Directions from Troyo, Lonquimay, Chile to Angol, Chile",,0.64951017744119,170.35497688936292,-71.542,-38.409
"Directions from Troyo, Lonquimay, Chile to Angol, Chile",,0.64954017744119,175.26883889672072,-71.542,-38.409
"Directions from Troyo, Lonquimay, Chile to Angol, Chile",,0.64972266031710,176.70004151023346,-71.542,-38.409
"Directions from Troyo, Lonquimay, Chile to Angol, Chile",,0.64992291016104,194.71372820612285,-71.542,-38.409
"Directions from Troyo, Lonquimay, Chile to Angol, Chile",,0.64994527084082,200.91008494304293,-71.542,-38.409
"Directions from Troyo, Lonquimay, Chile to Angol, Chile",,0.65005928838333,200.91008494304293,-71.542,-38.409
"Directions from Troyo, Lonquimay, Chile to Angol, Chile",,0.65008164906310,202.00611980373705,-71.542,-38.409
"Directions from Troyo, Lonquimay, Chile to Angol, Chile",,0.65044852778965,195.74171594479083,-71.542,-38.409
"Directions from Troyo, Lonquimay, Chile to Angol, Chile",,0.65061345201468,187.01812173366392,-71.542,-38.410
"Directions from Troyo, Lonquimay, Chile to Angol, Chile",,0.65063345201468,187.01812173366392,-71.542,-38.410
"Directions from Troyo, Lonquimay, Chile to Angol, Chile",,0.65079837623970,209.51812173366389,-71.542,-38.410
"Directions from Troyo, Lonquimay, Chile to Angol, Chile",,0.65081251837533,204.08991506043321,-71.542,-38.410
"Directions from Troyo, Lonquimay, Chile to Angol, Chile",,0.65135335106665,182.05951053278693,-71.542,-38.410
"Directions from Troyo, Lonquimay, Chile to Angol, Chile",,0.65196343302835,175.73843436907447,-71.542,-38.411
"Directions from Troyo, Lonquimay, Chile to Angol, Chile",,0.65214591590426,165.44192686750986,-71.542,-38.411
"Directions from Troyo, Lonquimay, Chile to Angol, Chile",,0.65244323727921,158.39695613440929,-71.542,-38.411
"Directions from Troyo, Lonquimay, Chile to Angol, Chile",,0.65286867822693,157.94584555313131,-71.542,-38.412
"Directions from Troyo, Lonquimay, Chile to Angol, Chile",,0.65303955830184,164.99081628623190,-71.542,-38.412
"Directions from Troyo, Lonquimay, Chile to Angol, Chile",,0.65322204117775,177.65065974197853,-71.542,-38.412
"Directions from Troyo, Lonquimay, Chile to Angol, Chile",,0.65370370496091,182.38182084525781,-71.542,-38.413
"Directions from Troyo, Lonquimay, Chile to Angol, Chile",,0.65405370496090,178.87712871709937,-71.542,-38.413
"Directions from Troyo, Lonquimay, Chile to Angol, Chile",,0.65507448897332,180.91993710677681,-71.542,-38.414
"Directions from Troyo, Lonquimay, Chile to Angol, Chile",,0.65549555903875,186.77396949355276,-71.542,-38.414
"Directions from Troyo, Lonquimay, Chile to Angol, Chile",,0.65573886953996,196.33045636140125,-71.542,-38.415
"Directions from Troyo, Lonquimay, Chile to Angol, Chile",,0.65589118500208,198.61741699388404,-71.542,-38.415
"Directions from Troyo, Lonquimay, Chile to Angol, Chile",,0.65593241605833,198.61741699142732,-71.542,-38.415
"Directions from Troyo, Lonquimay, Chile to Angol, Chile",,0.65600857378939,207.26364168902751,-71.542,-38.415
"Directions from Troyo, Lonquimay, Chile to Angol, Chile",,0.65627783202975,214.87838510688732,-71.542,-38.415
"Directions from Troyo, Lonquimay, Chile to Angol, Chile",,0.65782240316764,219.80700125650444,-71.543,-38.416
"Directions from Troyo, Lonquimay, Chile to Angol, Chile",,0.65803500608389,216.39671370565148,-71.543,-38.416
"Directions from Troyo, Lonquimay, Chile to Angol, Chile",,0.65818764945912,209.08627670925804,-71.543,-38.417
"Directions from Troyo, Lonquimay, Chile to Angol, Chile",,0.65825473149844,209.35867315784691,-71.543,-38.417
"Directions from Troyo, Lonquimay, Chile to Angol, Chile",,0.65866813203061,210.65995426067215,-71.544,-38.417
"Directions from Troyo, Lonquimay, Chile to Angol, Chile",,0.65916057492071,213.01875551130067,-71.544,-38.417
"Directions from Troyo, Lonquimay, Chile to Angol, Chile",,0.65921057492070,210.65692621192008,-71.544,-38.417
"Directions from Troyo, Lonquimay, Chile to Angol, Chile",,0.65933140538044,214.72197739062656,-71.544,-38.418
"Directions from Troyo, Lonquimay, Chile to Angol, Chile",,0.65934554751607,214.72197738960412,-71.544,-38.418
"Directions from Troyo, Lonquimay, Chile to Angol, Chile",,0.65970803889527,202.55918977026943,-71.544,-38.418
"Directions from Troyo, Lonquimay, Chile to Angol, Chile",,0.66027451925681,202.84565912001247,-71.544,-38.418
"Directions from Troyo, Lonquimay, Chile to Angol, Chile",,0.66060557816395,202.05519273945555,-71.544,-38.419
"Directions from Troyo, Lonquimay, Chile to Angol, Chile",,0.66088071449380,189.54674600010841,-71.545,-38.419
"Directions from Troyo, Lonquimay, Chile to Angol, Chile",,0.66112071449379,171.21437061066919,-71.545,-38.419
"Directions from Troyo, Lonquimay, Chile to Angol, Chile",,0.66175007925290,160.93634800054286,-71.544,-38.420
"Directions from Troyo, Lonquimay, Chile to Angol, Chile",,0.66217727944016,164.65964156250183,-71.544,-38.420
"Directions from Troyo, Lonquimay, Chile to Angol, Chile",,0.66303056719937,173.34774911219498,-71.544,-38.421
"Directions from Troyo, Lonquimay, Chile to Angol, Chile",,0.66339112232691,173.67892383720445,-71.544,-38.421
"Directions from Troyo, Lonquimay, Chile to Angol, Chile",,0.66351277757751,161.98631330502752,-71.544,-38.422
"Directions from Troyo, Lonquimay, Chile to Angol, Chile",,0.66353513825729,157.49999999389334,-71.544,-38.422
"Directions from Troyo, Lonquimay, Chile to Angol, Chile",,0.66359838381050,170.78252558650345,-71.544,-38.422
"Directions from Troyo, Lonquimay, Chile to Angol, Chile",,0.66369838381049,189.21747441146101,-71.544,-38.422
"Directions from Troyo, Lonquimay, Chile to Angol, Chile",,0.66398298879991,194.08126368758147,-71.544,-38.422
"Directions from Troyo, Lonquimay, Chile to Angol, Chile",,0.66433809441800,180.13262817073232,-71.544,-38.422
"Directions from Troyo, Lonquimay, Chile to Angol, Chile",,0.66445974966861,167.95840190144887,-71.544,-38.423
"Directions from Troyo, Lonquimay, Chile to Angol, Chile",,0.66469744695509,170.25730578804828,-71.544,-38.423
"Directions from Troyo, Lonquimay, Chile to Angol, Chile",,0.66516914601169,173.30235997489342,-71.544,-38.423
"Directions from Troyo, Lonquimay, Chile to Angol, Chile",,0.66537138349585,165.76342490275340,-71.544,-38.423
"Directions from Troyo, Lonquimay, Chile to Angol, Chile",,0.66657346502387,157.84057340108018,-71.544,-38.425
"Directions from Troyo, Lonquimay, Chile to Angol, Chile",,0.66727610291069,156.84252545793950,-71.543,-38.425
"Directions from Troyo, Lonquimay, Chile to Angol, Chile",,0.66805231164551,150.74424427735394,-71.543,-38.426
"Directions from Troyo, Lonquimay, Chile to Angol, Chile",,0.66843831682681,139.84999952072837,-71.543,-38.426
"Directions from Troyo, Lonquimay, Chile to Angol, Chile",,0.66875659343608,131.92081102334038,-71.543,-38.426
"Directions from Troyo, Lonquimay, Chile to Angol, Chile",,0.66892060563075,131.28429601403539,-71.542,-38.427
"Directions from Troyo, Lonquimay, Chile to Angol, Chile",,0.66897717417324,125.78252559016747,-71.542,-38.427
"Directions from Troyo, Lonquimay, Chile to Angol, Chile",,0.66908897757210,112.82927159003380,-71.542,-38.427
"Directions from Troyo, Lonquimay, Chile to Angol, Chile",,0.66936411390196,99.54674599986637,-71.542,-38.427
"Directions from Troyo, Lonquimay, Chile to Angol, Chile",,0.66938411390195,100.90070474247401,-71.542,-38.427
"Directions from Troyo, Lonquimay, Chile to Angol, Chile",,0.66943796555002,108.95741385892585,-71.542,-38.427
"Directions from Troyo, Lonquimay, Chile to Angol, Chile",,0.66990636708717,110.81364433042449,-71.541,-38.427
"Directions from Troyo, Lonquimay, Chile to Angol, Chile",,0.67039391195690,123.75054146143113,-71.541,-38.427
"Directions from Troyo, Lonquimay, Chile to Angol, Chile",,0.67066298443785,127.83864001201418,-71.541,-38.427
"Directions from Troyo, Lonquimay, Chile to Angol, Chile",,0.67073509546335,127.41466745200729,-71.541,-38.427
"Directions from Troyo, Lonquimay, Chile to Angol, Chile",,0.67189030107276,128.33847258339293,-71.540,-38.428
"Directions from Troyo, Lonquimay, Chile to Angol, Chile",,0.67240644058878,119.53044340607877,-71.539,-38.428
"Directions from Troyo, Lonquimay, Chile to Angol, Chile",,0.67333347888357,120.41357864950881,-71.539,-38.429
"Directions from Troyo, Lonquimay, Chile to Angol, Chile",,0.67359748645921,132.29727916108084,-71.538,-38.429
"Directions from Troyo, Lonquimay, Chile to Angol, Chile",,0.67377440451934,144.11800297178681,-71.538,-38.429
"Directions from Troyo, Lonquimay, Chile to Angol, Chile",,0.67398031712216,152.87213612803177,-71.538,-38.429
"Directions from Troyo, Lonquimay, Chile to Angol, Chile",,0.67416820006444,158.18196376344011,-71.538,-38.429
"Directions from Troyo, Lonquimay, Chile to Angol, Chile",,0.67423144561765,158.56054819547256,-71.538,-38.429
"Directions from Troyo, Lonquimay, Chile to Angol, Chile",,0.67483559791632,153.59622109443100,-71.538,-38.430
"Directions from Troyo, Lonquimay, Chile to Angol, Chile",,0.67668797476784,146.88070665920813,-71.537,-38.432
"Directions from Troyo, Lonquimay, Chile to Angol, Chile",,0.67703002739537,146.02821676446632,-71.537,-38.432
"Directions from Troyo, Lonquimay, Chile to Angol, Chile",,0.67724957237936,151.29077069926632,-71.537,-38.432
"Directions from Troyo, Lonquimay, Chile to Angol, Chile",,0.67790256548806,149.95744897352498,-71.536,-38.433
"Directions from Troyo, Lonquimay, Chile to Angol, Chile",,0.67873473133691,143.11863483426782,-71.536,-38.433
"Directions from Troyo, Lonquimay, Chile to Angol, Chile",,0.67975541738071,135.51245493225275,-71.535,-38.434
"Directions from Troyo, Lonquimay, Chile to Angol, Chile",,0.68236809799647,125.47738548007717,-71.533,-38.436
"Directions from Troyo, Lonquimay, Chile to Angol, Chile",,0.68346468360645,122.38473146234541,-71.532,-38.436
"Directions from Troyo, Lonquimay, Chile to Angol, Chile",,0.68609308616313,127.83633848967924,-71.530,-38.438
"Directions from Troyo, Lonquimay, Chile to Angol, Chile",,0.68617118865989,127.67162444154410,-71.530,-38.438
"Directions from Troyo, Lonquimay, Chile to Angol, Chile",,0.68642925841790,127.31576833895414,-71.530,-38.438
"Directions from Troyo, Lonquimay, Chile to Angol, Chile",,0.68684156898046,127.15572592748875,-71.530,-38.438
"Directions from Troyo, Lonquimay, Chile to Angol, Chile",,0.68704965550093,127.15572592686610,-71.529,-38.439
"Directions from Troyo, Lonquimay, Chile to Angol, Chile",,0.68725581078221,127.15572592686613,-71.529,-38.439
"Directions from Troyo, Lonquimay, Chile to Angol, Chile",,0.68746389730268,126.63231775043108,-71.529,-38.439
"Directions from Troyo, Lonquimay, Chile to Angol, Chile",,0.68804802057734,127.12266710418018,-71.529,-38.439
"Directions from Troyo, Lonquimay, Chile to Angol, Chile",,0.69026617296165,123.43530872964907,-71.527,-38.440
"Directions from Troyo, Lonquimay, Chile to Angol, Chile",,0.69195202586151,118.61868847711138,-71.525,-38.441
"Directions from Troyo, Lonquimay, Chile to Angol, Chile",,0.69201910790084,125.78252558582494,-71.525,-38.441
"Directions from Troyo, Lonquimay, Chile to Angol, Chile",,0.69203325003647,129.49822957406471,-71.525,-38.441
"Directions from Troyo, Lonquimay, Chile to Angol, Chile",,0.69307055423486,122.12644815646216,-71.524,-38.442
"Directions from Troyo, Lonquimay, Chile to Angol, Chile",,0.69320947867475,122.16265712118449,-71.524,-38.442
"Directions from Troyo, Lonquimay, Chile to Angol, Chile",,0.69488748344232,125.23287764948880,-71.523,-38.443
"Directions from Troyo, Lonquimay, Chile to Angol, Chile",,0.69682554948867,127.70813934833465,-71.521,-38.444
"Directions from Troyo, Lonquimay, Chile to Angol, Chile",,0.69831860005714,122.01814697534569,-71.520,-38.445
"Directions from Troyo, Lonquimay, Chile to Angol, Chile",,0.69848412951071,117.38088738900235,-71.520,-38.445
"Directions from Troyo, Lonquimay, Chile to Angol, Chile",,0.69856475208819,127.37244064959329,-71.520,-38.445
"Directions from Troyo, Lonquimay, Chile to Angol, Chile",,0.69864960490194,129.34503376285940,-71.520,-38.445
"Directions from Troyo, Lonquimay, Chile to Angol, Chile",,0.69868566041469,133.28660342261801,-71.520,-38.445
"Directions from Troyo, Lonquimay, Chile to Angol, Chile",,0.69914966472501,138.94156965806232,-71.520,-38.446
"Directions from Troyo, Lonquimay, Chile to Angol, Chile",,0.69927694394562,131.82990412729330,-71.520,-38.446
"Directions from Troyo, Lonquimay, Chile to Angol, Chile",,0.69940500643038,131.82990412729330,-71.519,-38.446
"Directions from Troyo, Lonquimay, Chile to Angol, Chile",,0.69947571710850,129.47554716416852,-71.519,-38.446
"Directions from Troyo, Lonquimay, Chile to Angol, Chile",,0.70069329667468,122.69032997149628,-71.518,-38.446
"Directions from Troyo, Lonquimay, Chile to Angol, Chile",,0.70090424690578,123.32357929194126,-71.518,-38.447
"Directions from Troyo, Lonquimay, Chile to Angol, Chile",,0.70111233342624,129.65410625987033,-71.518,-38.447
"Directions from Troyo, Lonquimay, Chile to Angol, Chile",,0.70155786681444,136.33347696263672,-71.518,-38.447
"Directions from Troyo, Lonquimay, Chile to Angol, Chile",,0.70178458249542,142.44313342438997,-71.518,-38.447
"Directions from Troyo, Lonquimay, Chile to Angol, Chile",,0.70192880454644,175.37694362746237,-71.518,-38.447
"Directions from Troyo, Lonquimay, Chile to Angol, Chile",,0.70241212638539,202.12141556794541,-71.518,-38.448
"Directions from Troyo, Lonquimay, Chile to Angol, Chile",,0.70267783299049,195.34220170490963,-71.518,-38.448
"Directions from Troyo, Lonquimay, Chile to Angol, Chile",,0.70294259703640,184.38221532875113,-71.518,-38.448
"Directions from Troyo, Lonquimay, Chile to Angol, Chile",,0.70321278215812,173.05530733508724,-71.518,-38.449
"Directions from Troyo, Lonquimay, Chile to Angol, Chile",,0.70345793517156,166.55609279707349,-71.518,-38.449
"Directions from Troyo, Lonquimay, Chile to Angol, Chile",,0.70679339615919,167.70907616425941,-71.517,-38.452
"Directions from Troyo, Lonquimay, Chile to Angol, Chile",,0.70685422378449,168.03133748782994,-71.517,-38.452
"Directions from Troyo, Lonquimay, Chile to Angol, Chile",,0.71065486846665,167.37034965286512,-71.516,-38.456
"Directions from Troyo, Lonquimay, Chile to Angol, Chile",,0.71150997079971,176.75242773056036,-71.516,-38.457
"Directions from Troyo, Lonquimay, Chile to Angol, Chile",,0.71231221764451,185.37398485421781,-71.516,-38.457
"Directions from Troyo, Lonquimay, Chile to Angol, Chile",,0.71284560305864,187.96056929291049,-71.516,-38.458
"Directions from Troyo, Lonquimay, Chile to Angol, Chile",,0.71302808593454,187.79325413343787,-71.516,-38.458
"Directions from Troyo, Lonquimay, Chile to Angol, Chile",,0.71537145957099,188.71705926732528,-71.516,-38.460
"Directions from Troyo, Lonquimay, Chile to Angol, Chile",,0.71613631249804,200.52740688595097,-71.516,-38.461
"Directions from Troyo, Lonquimay, Chile to Angol, Chile",,0.71662004796294,211.38437442657528,-71.517,-38.462
"Directions from Troyo, Lonquimay, Chile to Angol, Chile",,0.71757419679828,212.06059022089127,-71.517,-38.462
"Directions from Troyo, Lonquimay, Chile to Angol, Chile",,0.71830992772736,208.83118203028229,-71.517,-38.463
"Directions from Troyo, Lonquimay, Chile to Angol, Chile",,0.71837700976668,209.98643788199149,-71.518,-38.463
"Directions from Troyo, Lonquimay, Chile to Angol, Chile",,0.71894003729709,211.76077886992297,-71.518,-38.464
"Directions from Troyo, Lonquimay, Chile to Angol, Chile",,0.71951805113776,206.95983833465189,-71.518,-38.464
"Directions from Troyo, Lonquimay, Chile to Angol, Chile",,0.71988966922128,206.05334964403559,-71.518,-38.464
"Directions from Troyo, Lonquimay, Chile to Angol, Chile",,0.72003731745189,211.29381637298681,-71.518,-38.465
"Directions from Troyo, Lonquimay, Chile to Angol, Chile",,0.72056985853011,216.04040998755451,-71.519,-38.465
"Directions from Troyo, Lonquimay, Chile to Angol, Chile",,0.72118993917002,220.45287749607743,-71.519,-38.465
"Directions from Troyo, Lonquimay, Chile to Angol, Chile",,0.72183375591414,221.50984843434341,-71.519,-38.466
"Directions from Troyo, Lonquimay, Chile to Angol, Chile",,0.72255076358495,222.75548803482781,-71.520,-38.466
"Directions from Troyo, Lonquimay, Chile to Angol, Chile",,0.72322255224220,221.94662719302795,-71.520,-38.467
"Directions from Troyo, Lonquimay, Chile to Angol, Chile",,0.72346462661093,220.91068123863235,-71.521,-38.467
"Directions from Troyo, Lonquimay, Chile to Angol, Chile",,0.72401635117990,220.20054846195225,-71.521,-38.468
"Directions from Troyo, Lonquimay, Chile to Angol, Chile",,0.72406635117990,222.86334931174369,-71.521,-38.468
"Directions from Troyo, Lonquimay, Chile to Angol, Chile",,0.72658936525041,230.02270847405799,-71.523,-38.469
"Directions from Troyo, Lonquimay, Chile to Angol, Chile",,0.72717970413613,229.62755073185113,-71.523,-38.470
"Directions from Troyo, Lonquimay, Chile to Angol, Chile",,0.72797279933849,229.36045316189757,-71.524,-38.470
"Directions from Troyo, Lonquimay, Chile to Angol, Chile",,0.72940813901954,229.51044074306697,-71.525,-38.471
"Directions from Troyo, Lonquimay, Chile to Angol, Chile",,0.73013063469426,230.24573850614965,-71.526,-38.472
"Directions from Troyo, Lonquimay, Chile to Angol, Chile",,0.73047268732180,229.80728463652289,-71.526,-38.472
"Directions from Troyo, Lonquimay, Chile to Angol, Chile",,0.73063547552776,230.00668668123456,-71.526,-38.472
"Directions from Troyo, Lonquimay, Chile to Angol, Chile",,0.73101349669119,223.10694397886425,-71.526,-38.472
"Directions from Troyo, Lonquimay, Chile to Angol, Chile",,0.73104955220394,219.34503376008959,-71.526,-38.472
"Directions from Troyo, Lonquimay, Chile to Angol, Chile",,0.73167180617139,226.74163573477003,-71.527,-38.473
"Directions from Troyo, Lonquimay, Chile to Angol, Chile",,0.73248648402183,230.25583385399847,-71.527,-38.473
"Directions from Troyo, Lonquimay, Chile to Angol, Chile",,0.73352667631175,233.11252606526344,-71.528,-38.474
"Directions from Troyo, Lonquimay, Chile to Angol, Chile",,0.73578306723532,235.44301253331437,-71.530,-38.475
"Directions from Troyo, Lonquimay, Chile to Angol, Chile",,0.73620187506715,235.67901891796353,-71.530,-38.475
"Directions from Troyo, Lonquimay, Chile to Angol, Chile",,0.73717022417775,237.46189368386069,-71.531,-38.476
"Directions from Troyo, Lonquimay, Chile to Angol, Chile",,0.73725084675523,236.66730321391844,-71.531,-38.476
"Directions from Troyo, Lonquimay, Chile to Angol, Chile",,0.73951484763862,238.25721827197157,-71.533,-38.477
"Directions from Troyo, Lonquimay, Chile to Angol, Chile",,0.73953720831840,239.22146431222365,-71.533,-38.477
"Directions from Troyo, Lonquimay, Chile to Angol, Chile",,0.74112406054845,240.41443632746044,-71.534,-38.478
"Directions from Troyo, Lonquimay, Chile to Angol, Chile",,0.74166118250852,252.51829749300552,-71.535,-38.478
"Directions from Troyo, Lonquimay, Chile to Angol, Chile",,0.74187495809178,257.29741407148759,-71.535,-38.478
"Directions from Troyo, Lonquimay, Chile to Angol, Chile",,0.74211265537827,257.03459676895255,-71.535,-38.478
"Directions from Troyo, Lonquimay, Chile to Angol, Chile",,0.74236760635395,264.34503376377279,-71.535,-38.479
"Directions from Troyo, Lonquimay, Chile to Angol, Chile",,0.74266760635395,275.23458712880455,-71.536,-38.479
"Directions from Troyo, Lonquimay, Chile to Angol, Chile",,0.74360318104364,275.23458712880455,-71.537,-38.478
"Directions from Troyo, Lonquimay, Chile to Angol, Chile",,0.74369318104364,279.99155326005848,-71.537,-38.478
"Directions from Troyo, Lonquimay, Chile to Angol, Chile",,0.74381022804275,286.62146059555636,-71.537,-38.478
"Directions from Troyo, Lonquimay, Chile to Angol, Chile",,0.76081353654433,282.06417000554330,-71.553,-38.474
"Directions from Troyo, Lonquimay, Chile to Angol, Chile",,0.76208636803357,281.84380975266612,-71.555,-38.474
"Directions from Troyo, Lonquimay, Chile to Angol, Chile",,0.76722443187124,283.47614235713638,-71.560,-38.473
"Directions from Troyo, Lonquimay, Chile to Angol, Chile",,0.76865781946711,277.06659527451569,-71.561,-38.473
"Directions from Troyo, Lonquimay, Chile to Angol, Chile",,0.76866781946712,276.22499825377889,-71.561,-38.473
"Directions from Troyo, Lonquimay, Chile to Angol, Chile",,0.76945636242727,280.84805462660336,-71.562,-38.472
"Directions from Troyo, Lonquimay, Chile to Angol, Chile",,0.77032768326370,277.09243257654680,-71.563,-38.472
"Directions from Troyo, Lonquimay, Chile to Angol, Chile",,0.78554417760372,276.98318267919598,-71.578,-38.471
"Directions from Troyo, Lonquimay, Chile to Angol, Chile",,0.78662759811303,280.67769183111432,-71.579,-38.471
"Directions from Troyo, Lonquimay, Chile to Angol, Chile",,0.78817323713945,285.38135976608379,-71.580,-38.471
"Directions from Troyo, Lonquimay, Chile to Angol, Chile",,0.78823648269266,285.89066531504420,-71.581,-38.471
"Directions from Troyo, Lonquimay, Chile to Angol, Chile",,0.79226529144961,276.67319090460097,-71.584,-38.470
"Directions from Troyo, Lonquimay, Chile to Angol, Chile",,0.79228529144960,276.61661426026984,-71.584,-38.470
"Directions from Troyo, Lonquimay, Chile to Angol, Chile",,0.79678476919707,289.89913984066658,-71.589,-38.469
"Directions from Troyo, Lonquimay, Chile to Angol, Chile",,0.79680712987685,289.49274055311037,-71.589,-38.469
"Directions from Troyo, Lonquimay, Chile to Angol, Chile",,0.79852739148486,279.38031084442730,-71.591,-38.468
"Directions from Troyo, Lonquimay, Chile to Angol, Chile",,0.79861794533624,278.23243169951331,-71.591,-38.468
"Directions from Troyo, Lonquimay, Chile to Angol, Chile",,0.79918680384238,278.76213315759117,-71.591,-38.468
"Directions from Troyo, Lonquimay, Chile to Angol, Chile",,0.79996327019709,275.29247177036319,-71.592,-38.468
"Directions from Troyo, Lonquimay, Chile to Angol, Chile",,0.80572216766101,274.13247837047913,-71.598,-38.468
"Directions from Troyo, Lonquimay, Chile to Angol, Chile",,0.80617394194093,276.51153983510551,-71.598,-38.468
"Directions from Troyo, Lonquimay, Chile to Angol, Chile",,0.80660810780785,280.11936911679931,-71.599,-38.468
"Directions from Troyo, Lonquimay, Chile to Angol, Chile",,0.80740641852431,284.63070726585573,-71.599,-38.467
"Directions from Troyo, Lonquimay, Chile to Angol, Chile",,0.81295803990908,286.48677620230308,-71.605,-38.466
"Directions from Troyo, Lonquimay, Chile to Angol, Chile",,0.81549646461745,286.66766303673933,-71.607,-38.465
"Directions from Troyo, Lonquimay, Chile to Angol, Chile",,0.81680589197320,286.15477717476932,-71.608,-38.465
"Directions from Troyo, Lonquimay, Chile to Angol, Chile",,0.81754087496620,282.22197739009141,-71.609,-38.464
"Directions from Troyo, Lonquimay, Chile to Angol, Chile",,0.81796666834333,277.35686201495395,-71.610,-38.464
"Directions from Troyo, Lonquimay, Chile to Angol, Chile",,0.82069813315181,275.91667323858951,-71.612,-38.464
"Directions from Troyo, Lonquimay, Chile to Angol, Chile",,0.82174503333808,275.71297251491586,-71.613,-38.464
"Directions from Troyo, Lonquimay, Chile to Angol, Chile",,0.82233714819180,276.13770417334558,-71.614,-38.464
"Directions from Troyo, Lonquimay, Chile to Angol, Chile",,0.82256909646189,276.18278615636098,-71.614,-38.464
"Directions from Troyo, Lonquimay, Chile to Angol, Chile",,0.82675460718341,272.46708217028288,-71.618,-38.464
"Directions from Troyo, Lonquimay, Chile to Angol, Chile",,0.82697460718341,273.56250817257194,-71.618,-38.464
"Directions from Troyo, Lonquimay, Chile to Angol, Chile",,0.82705522976091,273.84661016202722,-71.619,-38.464
"Directions from Troyo, Lonquimay, Chile to Angol, Chile",,0.83310552727424,272.73364821588729,-71.625,-38.464
"Directions from Troyo, Lonquimay, Chile to Angol, Chile",,0.83345681063566,277.18070733044482,-71.625,-38.464
"Directions from Troyo, Lonquimay, Chile to Angol, Chile",,0.83400425926338,283.08078322145781,-71.626,-38.463
"Directions from Troyo, Lonquimay, Chile to Angol, Chile",,0.83452627458882,289.47413394547476,-71.626,-38.463
"Directions from Troyo, Lonquimay, Chile to Angol, Chile",,0.83476397187531,294.17222390664870,-71.626,-38.463
"Directions from Troyo, Lonquimay, Chile to Angol, Chile",,0.83530959078994,297.98570842467149,-71.627,-38.463
"Directions from Troyo, Lonquimay, Chile to Angol, Chile",,0.83585162399925,298.22052193357382,-71.627,-38.463
"Directions from Troyo, Lonquimay, Chile to Angol, Chile",,0.83603050943745,293.90777834157893,-71.627,-38.463
"Directions from Troyo, Lonquimay, Chile to Angol, Chile",,0.83641677359576,287.99703417239857,-71.628,-38.462
"Directions from Troyo, Lonquimay, Chile to Angol, Chile",,0.83661324242281,281.85809472582571,-71.628,-38.462
"Directions from Troyo, Lonquimay, Chile to Angol, Chile",,0.83719030394465,278.00528368906339,-71.628,-38.462
"Directions from Troyo, Lonquimay, Chile to Angol, Chile",,0.83882260293687,275.00583592275694,-71.630,-38.462
"Directions from Troyo, Lonquimay, Chile to Angol, Chile",,0.83959364119792,268.19589321367852,-71.631,-38.462
"Directions from Troyo, Lonquimay, Chile to Angol, Chile",,0.84011709129105,259.81822905489207,-71.631,-38.462
"Directions from Troyo, Lonquimay, Chile to Angol, Chile",,0.84066280183705,253.11764812092196,-71.632,-38.462
"Directions from Troyo, Lonquimay, Chile to Angol, Chile",,0.84089689583526,247.77079477950119,-71.632,-38.462
"Directions from Troyo, Lonquimay, Chile to Angol, Chile",,0.84543465960169,244.47982245297504,-71.636,-38.464
"Directions from Troyo, Lonquimay, Chile to Angol, Chile",,0.84577006979832,241.94808328174537,-71.637,-38.464
"Directions from Troyo, Lonquimay, Chile to Angol, Chile",,0.84611488859131,237.88303210449095,-71.637,-38.465
"Directions from Troyo, Lonquimay, Chile to Angol, Chile",,0.84643111635732,232.60196946180824,-71.637,-38.465
"Directions from Troyo, Lonquimay, Chile to Angol, Chile",,0.84667951120430,228.18394658446573,-71.637,-38.465
"Directions from Troyo, Lonquimay, Chile to Angol, Chile",,0.84695537348879,221.90907487937977,-71.638,-38.465
"Directions from Troyo, Lonquimay, Chile to Angol, Chile",,0.84743339022489,215.29053005621657,-71.638,-38.465
"Directions from Troyo, Lonquimay, Chile to Angol, Chile",,0.84812678765783,215.05080435635148,-71.638,-38.466
"Directions from Troyo, Lonquimay, Chile to Angol, Chile",,0.84837678765782,220.01114368949135,-71.638,-38.466
"Directions from Troyo, Lonquimay, Chile to Angol, Chile",,0.84859610477982,224.94404716151163,-71.638,-38.466
"Directions from Troyo, Lonquimay, Chile to Angol, Chile",,0.84882955713042,230.67045437185931,-71.639,-38.467
"Directions from Troyo, Lonquimay, Chile to Angol, Chile",,0.84929571161126,235.93498894116308,-71.639,-38.467
"Directions from Troyo, Lonquimay, Chile to Angol, Chile",,0.84962857795079,239.10508481408525,-71.639,-38.467
"Directions from Troyo, Lonquimay, Chile to Angol, Chile",,0.84993744685502,239.39210609066245,-71.640,-38.467
"Directions from Troyo, Lonquimay, Chile to Angol, Chile",,0.85149670950128,239.18146363861945,-71.641,-38.468
"Directions from Troyo, Lonquimay, Chile to Angol, Chile",,0.85176090639755,241.97952991007145,-71.641,-38.468
"Directions from Troyo, Lonquimay, Chile to Angol, Chile",,0.85200687387507,245.16737410871656,-71.641,-38.468
"Directions from Troyo, Lonquimay, Chile to Angol, Chile",,0.85430080063938,244.80011359147207,-71.643,-38.469
"Directions from Troyo, Lonquimay, Chile to Angol, Chile",,0.85464965591023,239.50518013122661,-71.644,-38.469
"Directions from Troyo, Lonquimay, Chile to Angol, Chile",,0.85479387796124,233.82506210991997,-71.644,-38.469
"Directions from Troyo, Lonquimay, Chile to Angol, Chile",,0.85549822162737,235.03823002610051,-71.644,-38.470
"Directions from Troyo, Lonquimay, Chile to Angol, Chile",,0.85582578841445,243.28496124222133,-71.645,-38.470
"Directions from Troyo, Lonquimay, Chile to Angol, Chile",,0.85611733600920,252.86944854953160,-71.645,-38.470
"Directions from Troyo, Lonquimay, Chile to Angol, Chile",,0.85626051421982,259.88757028362659,-71.645,-38.470
"Directions from Troyo, Lonquimay, Chile to Angol, Chile",,0.85640193557606,265.93494882312552,-71.645,-38.470
"Directions from Troyo, Lonquimay, Chile to Angol, Chile",,0.85661193557607,272.48487036409335,-71.645,-38.470
"Directions from Troyo, Lonquimay, Chile to Angol, Chile",,0.85684280350367,277.19195761686115,-71.646,-38.470
"Directions from Troyo, Lonquimay, Chile to Angol, Chile",,0.85879915214335,283.13628663677395,-71.648,-38.470
"Directions from Troyo, Lonquimay, Chile to Angol, Chile",,0.85914397093635,289.32990412648013,-71.648,-38.470
"Directions from Troyo, Lonquimay, Chile to Angol, Chile",,0.85930552588057,299.33565356702445,-71.648,-38.470
"Directions from Troyo, Lonquimay, Chile to Angol, Chile",,0.85935552588057,304.14973163187824,-71.648,-38.470
"Directions from Troyo, Lonquimay, Chile to Angol, Chile",,0.85956647611167,305.87183288778289,-71.648,-38.469
"Directions from Troyo, Lonquimay, Chile to Angol, Chile",,0.85999925781182,312.17153911442449,-71.649,-38.469
"Directions from Troyo, Lonquimay, Chile to Angol, Chile",,0.86041651073273,312.13266818867646,-71.649,-38.469
"Directions from Troyo, Lonquimay, Chile to Angol, Chile",,0.86058680459639,306.25600131300359,-71.649,-38.469
"Directions from Troyo, Lonquimay, Chile to Angol, Chile",,0.86081152664692,298.86949468829164,-71.649,-38.469
"Directions from Troyo, Lonquimay, Chile to Angol, Chile",,0.86104412071392,292.72322579287669,-71.650,-38.469
"Directions from Troyo, Lonquimay, Chile to Angol, Chile",,0.86116116771303,287.61911261284462,-71.650,-38.469
"Directions from Troyo, Lonquimay, Chile to Angol, Chile",,0.86127518525554,283.28252558728633,-71.650,-38.469
"Directions from Troyo, Lonquimay, Chile to Angol, Chile",,0.86153013623121,277.94192686711187,-71.650,-38.468
"Directions from Troyo, Lonquimay, Chile to Angol, Chile",,0.86178093495530,269.11686475807483,-71.650,-38.468
"Directions from Troyo, Lonquimay, Chile to Angol, Chile",,0.86187148880668,266.82990412828627,-71.650,-38.468
"Directions from Troyo, Lonquimay, Chile to Angol, Chile",,0.86197148880667,264.84757676431423,-71.650,-38.468
"Directions from Troyo, Lonquimay, Chile to Angol, Chile",,0.86208329220556,264.84757676431423,-71.651,-38.468
"Directions from Troyo, Lonquimay, Chile to Angol, Chile",,0.86210329220556,265.93494882414331,-71.651,-38.468
"Directions from Troyo, Lonquimay, Chile to Angol, Chile",,0.86217400288367,258.37294516982178,-71.651,-38.468
"Directions from Troyo, Lonquimay, Chile to Angol, Chile",,0.86255727824161,253.22052193403240,-71.651,-38.469
"Directions from Troyo, Lonquimay, Chile to Angol, Chile",,0.86290512878422,252.96140235990063,-71.651,-38.469
"Directions from Troyo, Lonquimay, Chile to Angol, Chile",,0.86316474388395,256.04648990829855,-71.652,-38.469
"Directions from Troyo, Lonquimay, Chile to Angol, Chile",,0.86340011592987,259.60223033128017,-71.652,-38.469
"Directions from Troyo, Lonquimay, Chile to Angol, Chile",,0.86360235341402,263.24974683058764,-71.652,-38.469
"Directions from Troyo, Lonquimay, Chile to Angol, Chile",,0.86383322134163,267.51512963605944,-71.652,-38.469
"Directions from Troyo, Lonquimay, Chile to Angol, Chile",,0.86403322134164,271.95024687135839,-71.652,-38.469
"Directions from Troyo, Lonquimay, Chile to Angol, Chile",,0.86447424288306,277.26007450882145,-71.653,-38.469
"Directions from Troyo, Lonquimay, Chile to Angol, Chile",,0.86463703108902,282.52021420128091,-71.653,-38.469
"Directions from Troyo, Lonquimay, Chile to Angol, Chile",,0.86499841730901,288.62721365311182,-71.653,-38.469
"Directions from Troyo, Lonquimay, Chile to Angol, Chile",,0.86520457259029,294.40402407041233,-71.654,-38.469
"Directions from Troyo, Lonquimay, Chile to Angol, Chile",,0.86563839282956,297.60122295253268,-71.654,-38.468
"Directions from Troyo, Lonquimay, Chile to Angol, Chile",,0.86660094152963,296.92580836452538,-71.655,-38.468
"Directions from Troyo, Lonquimay, Chile to Angol, Chile",,0.86712895668093,290.23332345211963,-71.655,-38.468
"Directions from Troyo, Lonquimay, Chile to Angol, Chile",,0.86789817706547,282.85444453032676,-71.656,-38.468
"Directions from Troyo, Lonquimay, Chile to Angol, Chile",,0.86836508176667,278.22387579920422,-71.656,-38.467
"Directions from Troyo, Lonquimay, Chile to Angol, Chile",,0.86862680681323,274.07564973022625,-71.657,-38.467
"Directions from Troyo, Lonquimay, Chile to Angol, Chile",,0.86935708073444,269.72738946231294,-71.657,-38.467
"Directions from Troyo, Lonquimay, Chile to Angol, Chile",,0.87586150999457,265.96928053286371,-71.664,-38.468
"Directions from Troyo, Lonquimay, Chile to Angol, Chile",,0.87634410713505,262.58623889751436,-71.664,-38.468
"Directions from Troyo, Lonquimay, Chile to Angol, Chile",,0.87666798982987,259.29526657028720,-71.665,-38.468
"Directions from Troyo, Lonquimay, Chile to Angol, Chile",,0.87685238071901,254.94996675654363,-71.665,-38.468
"Directions from Troyo, Lonquimay, Chile to Angol, Chile",,0.87748174547811,249.59554714325361,-71.666,-38.468
"Directions from Troyo, Lonquimay, Chile to Angol, Chile",,0.87940801129570,244.92812980435116,-71.667,-38.469
"Directions from Troyo, Lonquimay, Chile to Angol, Chile",,0.88015934344595,247.12037388970285,-71.668,-38.469
"Directions from Troyo, Lonquimay, Chile to Angol, Chile",,0.88059258702640,254.52604207951725,-71.668,-38.469
"Directions from Troyo, Lonquimay, Chile to Angol, Chile",,0.88087894344767,261.75326878409447,-71.669,-38.469
"Directions from Troyo, Lonquimay, Chile to Angol, Chile",,0.88127009559198,268.25533754704583,-71.669,-38.469
"Directions from Troyo, Lonquimay, Chile to Angol, Chile",,0.88190017495206,269.35339114349938,-71.670,-38.469
"Directions from Troyo, Lonquimay, Chile to Angol, Chile",,0.88216036718868,264.48851114273396,-71.670,-38.469
"Directions from Troyo, Lonquimay, Chile to Angol, Chile",,0.88274730841232,259.98623028119403,-71.671,-38.469
"Directions from Troyo, Lonquimay, Chile to Angol, Chile",,0.88712070526144,257.37829832355249,-71.675,-38.470
"Directions from Troyo, Lonquimay, Chile to Angol, Chile",,0.88745055371150,253.33685515692309,-71.675,-38.470
"Directions from Troyo, Lonquimay, Chile to Angol, Chile",,0.88766244991251,248.24110423118671,-71.675,-38.470
"Directions from Troyo, Lonquimay, Chile to Angol, Chile",,0.88788176703449,242.00638729805985,-71.676,-38.470
"Directions from Troyo, Lonquimay, Chile to Angol, Chile",,0.88812874881519,232.10577092314003,-71.676,-38.471
"Directions from Troyo, Lonquimay, Chile to Angol, Chile",,0.88854600173611,223.10369012008283,-71.676,-38.471
"Directions from Troyo, Lonquimay, Chile to Angol, Chile",,0.88905688332708,223.20274881894983,-71.676,-38.471
"Directions from Troyo, Lonquimay, Chile to Angol, Chile",,0.88940343779610,230.83030817028072,-71.677,-38.472
"Directions from Troyo, Lonquimay, Chile to Angol, Chile",,0.88959760267449,237.26386023969707,-71.677,-38.472
"Directions from Troyo, Lonquimay, Chile to Angol, Chile",,0.88988915026924,241.84503376234511,-71.677,-38.472
"Directions from Troyo, Lonquimay, Chile to Angol, Chile",,0.89009938822965,246.89968300939893,-71.677,-38.472
"Directions from Troyo, Lonquimay, Chile to Angol, Chile",,0.89032411028020,251.52211978130200,-71.677,-38.472
"Directions from Troyo, Lonquimay, Chile to Angol, Chile",,0.89133371416291,249.72737141042529,-71.678,-38.472
"Directions from Troyo, Lonquimay, Chile to Angol, Chile",,0.89157537508238,243.89875230943369,-71.679,-38.472
"Directions from Troyo, Lonquimay, Chile to Angol, Chile",,0.89179008418792,237.88611250461585,-71.679,-38.472
"Directions from Troyo, Lonquimay, Chile to Angol, Chile",,0.89207609118084,231.17242022174707,-71.679,-38.473
"Directions from Troyo, Lonquimay, Chile to Angol, Chile",,0.89218239263897,230.90170079950019,-71.679,-38.473
"Directions from Troyo, Lonquimay, Chile to Angol, Chile",,0.89299639509596,237.29815367253363,-71.680,-38.473
"Directions from Troyo, Lonquimay, Chile to Angol, Chile",,0.89341698991286,243.92874304343400,-71.680,-38.473
"Directions from Troyo, Lonquimay, Chile to Angol, Chile",,0.89369011991854,248.61244973467245,-71.680,-38.473
"Directions from Troyo, Lonquimay, Chile to Angol, Chile",,0.89399687715154,253.83791181556407,-71.681,-38.474
"Directions from Troyo, Lonquimay, Chile to Angol, Chile",,0.89456203199758,260.79963220857258,-71.681,-38.474
"Directions from Troyo, Lonquimay, Chile to Angol, Chile",,0.89512425970945,266.64088404836178,-71.682,-38.474
"Directions from Troyo, Lonquimay, Chile to Angol, Chile",,0.89831552904939,269.57907675723970,-71.685,-38.474
"Directions from Troyo, Lonquimay, Chile to Angol, Chile",,0.89905559661388,273.06502260369530,-71.686,-38.474
"Directions from Troyo, Lonquimay, Chile to Angol, Chile",,0.89937699978746,277.05099365280171,-71.686,-38.474
"Directions from Troyo, Lonquimay, Chile to Angol, Chile",,0.89964005871624,280.79693356102439,-71.686,-38.474
"Directions from Troyo, Lonquimay, Chile to Angol, Chile",,0.90022469535552,284.77347454618240,-71.687,-38.474
"Directions from Troyo, Lonquimay, Chile to Angol, Chile",,0.90074671068097,290.33086660423186,-71.687,-38.474
"Directions from Troyo, Lonquimay, Chile to Angol, Chile",,0.90183008503917,294.49488388358503,-71.688,-38.473
"Directions from Troyo, Lonquimay, Chile to Angol, Chile",,0.91182890997012,297.64185797585577,-71.697,-38.469
"Directions from Troyo, Lonquimay, Chile to Angol, Chile",,0.91196783441002,297.48361831090847,-71.698,-38.469
"Directions from Troyo, Lonquimay, Chile to Angol, Chile",,0.91321173955109,295.44304472211746,-71.699,-38.468
"Directions from Troyo, Lonquimay, Chile to Angol, Chile",,0.91715625473043,309.77698124387865,-71.702,-38.467
"Directions from Troyo, Lonquimay, Chile to Angol, Chile",,0.91807826340718,326.20745798937236,-71.703,-38.466
"Directions from Troyo, Lonquimay, Chile to Angol, Chile",,0.91813657292612,326.08317291241826,-71.703,-38.466
"Directions from Troyo, Lonquimay, Chile to Angol, Chile",,0.91833657292613,328.28252558833549,-71.703,-38.466
"Directions from Troyo, Lonquimay, Chile to Angol, Chile",,0.91867198312275,336.99745699731028,-71.703,-38.465
"Directions from Troyo, Lonquimay, Chile to Angol, Chile",,0.91885226068653,350.27998258503510,-71.703,-38.465
"Directions from Troyo, Lonquimay, Chile to Angol, Chile",,0.91889226068652,354.34503376403370,-71.703,-38.465
"Directions from Troyo, Lonquimay, Chile to Angol, Chile",,0.91904523127194,354.34503376403370,-71.703,-38.465
"Directions from Troyo, Lonquimay, Chile to Angol, Chile",,0.91907523127193,354.69017236153832,-71.703,-38.465
"Directions from Troyo, Lonquimay, Chile to Angol, Chile",,0.91940080768386,345.47269794804185,-71.703,-38.465
"Directions from Troyo, Lonquimay, Chile to Angol, Chile",,0.91943243046046,347.42760718269443,-71.703,-38.465
"Directions from Troyo, Lonquimay, Chile to Angol, Chile",,0.91977477531583,345.62696812641576,-71.703,-38.464
"Directions from Troyo, Lonquimay, Chile to Angol, Chile",,0.92022787574620,332.88401956310804,-71.703,-38.464
"Directions from Troyo, Lonquimay, Chile to Angol, Chile",,0.92054693686887,330.61960744027323,-71.704,-38.463
"Directions from Troyo, Lonquimay, Chile to Angol, Chile",,0.92059165822842,327.77998258168418,-71.704,-38.463
"Directions from Troyo, Lonquimay, Chile to Angol, Chile",,0.92081969331344,318.25447822010648,-71.704,-38.463
"Directions from Troyo, Lonquimay, Chile to Angol, Chile",,0.92213498795724,305.47449563435117,-71.705,-38.462
"Directions from Troyo, Lonquimay, Chile to Angol, Chile",,0.92215734863701,304.17478359272894,-71.705,-38.462
"Directions from Troyo, Lonquimay, Chile to Angol, Chile",,0.92341798339775,308.66109689715131,-71.706,-38.461
"Directions from Troyo, Lonquimay, Chile to Angol, Chile",,0.92350400665043,308.58560856194839,-71.706,-38.461
"Directions from Troyo, Lonquimay, Chile to Angol, Chile",,0.92362442259622,309.75426149441080,-71.706,-38.461
"Directions from Troyo, Lonquimay, Chile to Angol, Chile",,0.92419451030877,305.78252558877506,-71.706,-38.461
"Directions from Troyo, Lonquimay, Chile to Angol, Chile",,0.92466323197458,331.84503376335124,-71.707,-38.461
"Directions from Troyo, Lonquimay, Chile to Angol, Chile",,0.92467323197457,328.28252558853899,-71.707,-38.461
"Directions from Troyo, Lonquimay, Chile to Angol, Chile",,0.92516516692962,292.50000000016956,-71.707,-38.461
"Directions from Troyo, Lonquimay, Chile to Angol, Chile",,0.92554464024884,289.90278554623546,-71.707,-38.460
"Directions from Troyo, Lonquimay, Chile to Angol, Chile",,0.92579162202955,284.75036231161499,-71.708,-38.460
"Directions from Troyo, Lonquimay, Chile to Angol, Chile",,0.92621588609825,281.08317291157209,-71.708,-38.460
"Directions from Troyo, Lonquimay, Chile to Angol, Chile",,0.92638081032328,277.01812173456193,-71.708,-38.460
"Directions from Troyo, Lonquimay, Chile to Angol, Chile",,0.92641081032328,274.37308113115995,-71.708,-38.460
"Directions from Troyo, Lonquimay, Chile to Angol, Chile",,0.92654233978766,274.37308113115995,-71.708,-38.460
"Directions from Troyo, Lonquimay, Chile to Angol, Chile",,0.92661233978767,272.85529656794370,-71.709,-38.460
"Directions from Troyo, Lonquimay, Chile to Angol, Chile",,0.92671283854387,272.85529656794370,-71.709,-38.460
"Directions from Troyo, Lonquimay, Chile to Angol, Chile",,0.92712283854387,268.41008494069422,-71.709,-38.460
"Directions from Troyo, Lonquimay, Chile to Angol, Chile",,0.92730311610764,264.42527974350162,-71.709,-38.460
"Directions from Troyo, Lonquimay, Chile to Angol, Chile",,0.92780799233010,263.20640450755980,-71.710,-38.460
"Directions from Troyo, Lonquimay, Chile to Angol, Chile",,0.92842093604694,260.26550019774908,-71.710,-38.460
"Directions from Troyo, Lonquimay, Chile to Angol, Chile",,0.92917280039640,259.14763384206526,-71.711,-38.461
"Directions from Troyo, Lonquimay, Chile to Angol, Chile",,0.93122201975996,263.35317733361154,-71.713,-38.461
"Directions from Troyo, Lonquimay, Chile to Angol, Chile",,0.93143296999105,261.62486774753290,-71.713,-38.461
"Directions from Troyo, Lonquimay, Chile to Angol, Chile",,0.93168792096674,257.32691202902663,-71.714,-38.461
"Directions from Troyo, Lonquimay, Chile to Angol, Chile",,0.93205900047305,253.10845996311031,-71.714,-38.461
"Directions from Troyo, Lonquimay, Chile to Angol, Chile",,0.93247336746015,245.06971512165543,-71.714,-38.461
"Directions from Troyo, Lonquimay, Chile to Angol, Chile",,0.93305138130081,237.44712332366319,-71.715,-38.461
"Directions from Troyo, Lonquimay, Chile to Angol, Chile",,0.93317344685696,232.95706045682863,-71.715,-38.461
"Directions from Troyo, Lonquimay, Chile to Angol, Chile",,0.93337960213825,229.19784701828607,-71.715,-38.462
"Directions from Troyo, Lonquimay, Chile to Angol, Chile",,0.93354239034421,229.41487233336952,-71.715,-38.462
"Directions from Troyo, Lonquimay, Chile to Angol, Chile",,0.93405464028320,233.10299934465317,-71.716,-38.462
"Directions from Troyo, Lonquimay, Chile to Angol, Chile",,0.93438479176358,240.21092608189289,-71.716,-38.462
"Directions from Troyo, Lonquimay, Chile to Angol, Chile",,0.93450562222333,240.93298884551487,-71.716,-38.462
"Directions from Troyo, Lonquimay, Chile to Angol, Chile",,0.93454167773608,242.87694362583849,-71.716,-38.462
"Directions from Troyo, Lonquimay, Chile to Angol, Chile",,0.93479799784844,253.45757353605788,-71.716,-38.462
"Directions from Troyo, Lonquimay, Chile to Angol, Chile",,0.93507458418216,259.90219401470932,-71.716,-38.462
"Directions from Troyo, Lonquimay, Chile to Angol, Chile",,0.93769803610663,266.16659786904557,-71.719,-38.463
"Directions from Troyo, Lonquimay, Chile to Angol, Chile",,0.93776803610663,266.64508159626047,-71.719,-38.463
"Directions from Troyo, Lonquimay, Chile to Angol, Chile",,0.93845272581737,266.64508159626047,-71.720,-38.463
"Directions from Troyo, Lonquimay, Chile to Angol, Chile",,0.93875272581737,272.59721445453482,-71.720,-38.463
"Directions from Troyo, Lonquimay, Chile to Angol, Chile",,0.93886317942755,277.32837555854758,-71.720,-38.463
"Directions from Troyo, Lonquimay, Chile to Angol, Chile",,0.93898483467815,281.45546862976511,-71.720,-38.463
"Directions from Troyo, Lonquimay, Chile to Angol, Chile",,0.93945780402177,284.85440987968025,-71.721,-38.463
"Directions from Troyo, Lonquimay, Chile to Angol, Chile",,0.93995780402176,288.55733137440239,-71.721,-38.463
"Directions from Troyo, Lonquimay, Chile to Angol, Chile",,0.94018252607230,280.42722902047439,-71.722,-38.462
"Directions from Troyo, Lonquimay, Chile to Angol, Chile",,0.94019252607231,281.81468886492797,-71.722,-38.462
"Directions from Troyo, Lonquimay, Chile to Angol, Chile",,0.94036716856428,288.83281059649642,-71.722,-38.462
"Directions from Troyo, Lonquimay, Chile to Angol, Chile",,0.94040839962053,290.30064732146451,-71.722,-38.462
"Directions from Troyo, Lonquimay, Chile to Angol, Chile",,0.94054256369918,293.56054819857241,-71.722,-38.462
"Directions from Troyo, Lonquimay, Chile to Angol, Chile",,0.94062800373663,293.31828851970209,-71.722,-38.462
"Directions from Troyo, Lonquimay, Chile to Angol, Chile",,0.94485879562468,293.94097065349973,-71.726,-38.460
"Directions from Troyo, Lonquimay, Chile to Angol, Chile",,0.94496649892082,293.90389898014325,-71.726,-38.460
"Directions from Troyo, Lonquimay, Chile to Angol, Chile",,0.94909447663394,296.77960002583154,-71.730,-38.459
"Directions from Troyo, Lonquimay, Chile to Angol, Chile",,0.94961332150479,295.99838317802198,-71.730,-38.458
"Directions from Troyo, Lonquimay, Chile to Angol, Chile",,0.94985498242426,291.90147447801144,-71.730,-38.458
"Directions from Troyo, Lonquimay, Chile to Angol, Chile",,0.95024715585529,286.37574596492249,-71.731,-38.458
"Directions from Troyo, Lonquimay, Chile to Angol, Chile",,0.95132650751252,282.51306587629159,-71.732,-38.458
"Directions from Troyo, Lonquimay, Chile to Angol, Chile",,0.95202076971083,279.61413868354992,-71.732,-38.458
"Directions from Troyo, Lonquimay, Chile to Angol, Chile",,0.95217209717034,275.38723674446226,-71.732,-38.458
"Directions from Troyo, Lonquimay, Chile to Angol, Chile",,0.95235237473412,269.61732194593850,-71.733,-38.458
"Directions from Troyo, Lonquimay, Chile to Angol, Chile",,0.95264306357118,263.65432575434534,-71.733,-38.458
"Directions from Troyo, Lonquimay, Chile to Angol, Chile",,0.95277459303556,258.31648187401987,-71.733,-38.458
"Directions from Troyo, Lonquimay, Chile to Angol, Chile",,0.95301229032205,250.44361249120968,-71.733,-38.458
"Directions from Troyo, Lonquimay, Chile to Angol, Chile",,0.95400127970520,244.06033840755941,-71.734,-38.458
"Directions from Troyo, Lonquimay, Chile to Angol, Chile",,0.95493605240486,243.37046821766813,-71.735,-38.459
"Directions from Troyo, Lonquimay, Chile to Angol, Chile",,0.95789235076598,234.56417930631645,-71.738,-38.460
"Directions from Troyo, Lonquimay, Chile to Angol, Chile",,0.95790649290160,234.84601062949108,-71.738,-38.460
"Directions from Troyo, Lonquimay, Chile to Angol, Chile",,0.95933344770116,248.72528092001988,-71.739,-38.461
"Directions from Troyo, Lonquimay, Chile to Angol, Chile",,0.95963709223018,257.49668729116365,-71.739,-38.461
"Directions from Troyo, Lonquimay, Chile to Angol, Chile",,0.95985912826329,265.05686879254461,-71.739,-38.461
"Directions from Troyo, Lonquimay, Chile to Angol, Chile",,0.96012931338502,270.67356643152749,-71.740,-38.461
"Directions from Troyo, Lonquimay, Chile to Angol, Chile",,0.96045991889010,275.12860191672758,-71.740,-38.461
"Directions from Troyo, Lonquimay, Chile to Angol, Chile",,0.96088288460976,273.92494313221039,-71.741,-38.461
"Directions from Troyo, Lonquimay, Chile to Angol, Chile",,0.96142297719442,266.03083032204626,-71.741,-38.461
"Directions from Troyo, Lonquimay, Chile to Angol, Chile",,0.96366052049009,259.55604545720149,-71.743,-38.461
"Directions from Troyo, Lonquimay, Chile to Angol, Chile",,0.96385468536847,259.82967829527308,-71.743,-38.461
"Directions from Troyo, Lonquimay, Chile to Angol, Chile",,0.96637202523429,252.49148172665605,-71.746,-38.461
"Directions from Troyo, Lonquimay, Chile to Angol, Chile",,0.96639438591406,252.04513846034607,-71.746,-38.461
"Directions from Troyo, Lonquimay, Chile to Angol, Chile",,0.96799563542616,257.65259580302944,-71.748,-38.462
"Directions from Troyo, Lonquimay, Chile to Angol, Chile",,0.96852450213905,253.04288670119601,-71.748,-38.462
"Directions from Troyo, Lonquimay, Chile to Angol, Chile",,0.97273350439611,255.78505147573355,-71.752,-38.463
"Directions from Troyo, Lonquimay, Chile to Angol, Chile",,0.97296695674671,265.06709652868199,-71.752,-38.463
"Directions from Troyo, Lonquimay, Chile to Angol, Chile",,0.97318695674671,274.93290347131807,-71.752,-38.463
"Directions from Troyo, Lonquimay, Chile to Angol, Chile",,0.97342040909731,283.39666000342680,-71.753,-38.463
"Directions from Troyo, Lonquimay, Chile to Angol, Chile",,0.97366082540291,289.65382405838960,-71.753,-38.463
"Directions from Troyo, Lonquimay, Chile to Angol, Chile",,0.97384467316602,290.76588537082068,-71.753,-38.463
"Directions from Troyo, Lonquimay, Chile to Angol, Chile",,0.97814254473228,283.64086902324624,-71.757,-38.462
"Directions from Troyo, Lonquimay, Chile to Angol, Chile",,0.97821325541040,281.08317291266968,-71.757,-38.462
"Directions from Troyo, Lonquimay, Chile to Angol, Chile",,0.97829571752290,281.08317290900567,-71.757,-38.462
"Directions from Troyo, Lonquimay, Chile to Angol, Chile",,0.97836642820103,274.57656626954508,-71.757,-38.462
"Directions from Troyo, Lonquimay, Chile to Angol, Chile",,0.97892651747962,267.50701211592275,-71.758,-38.462
"Directions from Troyo, Lonquimay, Chile to Angol, Chile",,0.97911756721137,260.73109316708377,-71.758,-38.462
"Directions from Troyo, Lonquimay, Chile to Angol, Chile",,0.97920976265594,263.73559614566375,-71.758,-38.462
"Directions from Troyo, Lonquimay, Chile to Angol, Chile",,0.97922976265595,262.00018621308755,-71.758,-38.462
"Directions from Troyo, Lonquimay, Chile to Angol, Chile",,0.98213219267232,252.78271180162653,-71.761,-38.462
"Directions from Troyo, Lonquimay, Chile to Angol, Chile",,0.98257491154475,249.31647536969299,-71.761,-38.463
"Directions from Troyo, Lonquimay, Chile to Angol, Chile",,0.98285722342902,243.61098380604281,-71.762,-38.463
"Directions from Troyo, Lonquimay, Chile to Angol, Chile",,0.98356050146792,238.61310269847195,-71.762,-38.463
"Directions from Troyo, Lonquimay, Chile to Angol, Chile",,0.98481146109956,243.85657158592107,-71.763,-38.464
"Directions from Troyo, Lonquimay, Chile to Angol, Chile",,0.98520363453059,254.18811604824475,-71.764,-38.464
"Directions from Troyo, Lonquimay, Chile to Angol, Chile",,0.98543900657651,259.52443584523479,-71.764,-38.464
"Directions from Troyo, Lonquimay, Chile to Angol, Chile",,0.98616736088588,258.63870097536471,-71.765,-38.464
"Directions from Troyo, Lonquimay, Chile to Angol, Chile",,0.98620859194215,259.02829691463461,-71.765,-38.464
"Directions from Troyo, Lonquimay, Chile to Angol, Chile",,0.98693550321595,264.13938123091219,-71.765,-38.464
"Directions from Troyo, Lonquimay, Chile to Angol, Chile",,0.98708583617974,264.28308979707128,-71.766,-38.464
"Directions from Troyo, Lonquimay, Chile to Angol, Chile",,0.99010247338033,264.21753410035859,-71.769,-38.464
"Directions from Troyo, Lonquimay, Chile to Angol, Chile",,0.99039316221741,267.56538420906708,-71.769,-38.464
"Directions from Troyo, Lonquimay, Chile to Angol, Chile",,0.99101324285733,272.19525015856328,-71.770,-38.464
"Directions from Troyo, Lonquimay, Chile to Angol, Chile",,0.99187695577260,271.28352531627365,-71.770,-38.464
"Directions from Troyo, Lonquimay, Chile to Angol, Chile",,0.99959582874733,269.23569009894408,-71.778,-38.465
"Directions from Troyo, Lonquimay, Chile to Angol, Chile",,1.00006593511827,274.72724727985241,-71.779,-38.465
"Directions from Troyo, Lonquimay, Chile to Angol, Chile",,1.00083385438486,279.20846966532156,-71.779,-38.465
"Directions from Troyo, Lonquimay, Chile to Angol, Chile",,1.00332305104241,275.09066000323747,-71.782,-38.464
"Directions from Troyo, Lonquimay, Chile to Angol, Chile",,1.00337305104241,274.96312275339989,-71.782,-38.464
"Directions from Troyo, Lonquimay, Chile to Angol, Chile",,1.00377912985250,277.50292668330741,-71.782,-38.464
"Directions from Troyo, Lonquimay, Chile to Angol, Chile",,1.00423090413242,272.53980392990752,-71.783,-38.464
"Directions from Troyo, Lonquimay, Chile to Angol, Chile",,1.00453090413243,267.98114468958710,-71.783,-38.464
"Directions from Troyo, Lonquimay, Chile to Angol, Chile",,1.00538301914814,264.05448803864550,-71.784,-38.464
"Directions from Troyo, Lonquimay, Chile to Angol, Chile",,1.00567576477150,259.98761424486190,-71.784,-38.464
"Directions from Troyo, Lonquimay, Chile to Angol, Chile",,1.00619749266993,262.89156665099688,-71.785,-38.464
"Directions from Troyo, Lonquimay, Chile to Angol, Chile",,1.00647767118445,275.99541748915658,-71.785,-38.464
"Directions from Troyo, Lonquimay, Chile to Angol, Chile",,1.00651890224071,277.01812173396326,-71.785,-38.464
"Directions from Troyo, Lonquimay, Chile to Angol, Chile",,1.00654890224071,275.65496623466134,-71.785,-38.464
"Directions from Troyo, Lonquimay, Chile to Angol, Chile",,1.00659989243585,286.55567097713538,-71.785,-38.464
"Directions from Troyo, Lonquimay, Chile to Angol, Chile",,1.00670759573199,296.02892332487141,-71.785,-38.464
"Directions from Troyo, Lonquimay, Chile to Angol, Chile",,1.00684652017188,303.56316740694785,-71.785,-38.464
"Directions from Troyo, Lonquimay, Chile to Angol, Chile",,1.00694652017188,310.93494882455047,-71.785,-38.464
"Directions from Troyo, Lonquimay, Chile to Angol, Chile",,1.00698894657875,292.50000000000006,-71.785,-38.464
"Directions from Troyo, Lonquimay, Chile to Angol, Chile",,1.00699894657875,289.32990412729328,-71.785,-38.464
"Directions from Troyo, Lonquimay, Chile to Angol, Chile",,1.00712700906350,306.17493788871735,-71.785,-38.464
"Directions from Troyo, Lonquimay, Chile to Angol, Chile",,1.00719912008902,299.48389487899510,-71.786,-38.464
"Directions from Troyo, Lonquimay, Chile to Angol, Chile",,1.00759724067376,291.14771346157596,-71.786,-38.464
"Directions from Troyo, Lonquimay, Chile to Angol, Chile",,1.01156078706557,288.01357946846434,-71.790,-38.463
"Directions from Troyo, Lonquimay, Chile to Angol, Chile",,1.01502998005530,287.17979537088979,-71.793,-38.462
"Directions from Troyo, Lonquimay, Chile to Angol, Chile",,1.01555884676818,283.90803122491121,-71.793,-38.461
"Directions from Troyo, Lonquimay, Chile to Angol, Chile",,1.02741844203953,280.60604411117021,-71.805,-38.459
"Directions from Troyo, Lonquimay, Chile to Angol, Chile",,1.02754997150391,280.63748498721407,-71.805,-38.459
"Directions from Troyo, Lonquimay, Chile to Angol, Chile",,1.03013144395194,282.03171418140175,-71.808,-38.458
"Directions from Troyo, Lonquimay, Chile to Angol, Chile",,1.03213184391196,283.07774732108504,-71.810,-38.458
"Directions from Troyo, Lonquimay, Chile to Angol, Chile",,1.03260723848491,290.59296258274679,-71.810,-38.458
"Directions from Troyo, Lonquimay, Chile to Angol, Chile",,1.03262959916469,290.99360624781832,-71.810,-38.458
"Directions from Troyo, Lonquimay, Chile to Angol, Chile",,1.03293043134381,288.36352763899077,-71.810,-38.458
"Directions from Troyo, Lonquimay, Chile to Angol, Chile",,1.03893047301035,293.93497256825032,-71.816,-38.455
"Directions from Troyo, Lonquimay, Chile to Angol, Chile",,1.03922116184742,294.08364363059184,-71.816,-38.455
"Directions from Troyo, Lonquimay, Chile to Angol, Chile",,1.04082372229870,295.79193772643231,-71.818,-38.455
"Directions from Troyo, Lonquimay, Chile to Angol, Chile",,1.04112388891909,303.11773855386667,-71.818,-38.455
"Directions from Troyo, Lonquimay, Chile to Angol, Chile",,1.04130989967146,309.56637067108210,-71.818,-38.454
"Directions from Troyo, Lonquimay, Chile to Angol, Chile",,1.04188304886671,314.56213393495506,-71.819,-38.454
"Directions from Troyo, Lonquimay, Chile to Angol, Chile",,1.04318443274551,314.29118175013429,-71.819,-38.453
"Directions from Troyo, Lonquimay, Chile to Angol, Chile",,1.04379320199571,311.14727408231977,-71.820,-38.453
"Directions from Troyo, Lonquimay, Chile to Angol, Chile",,1.04427590273116,307.23303595981179,-71.820,-38.452
"Directions from Troyo, Lonquimay, Chile to Angol, Chile",,1.04466423248793,302.12670214211096,-71.821,-38.452
"Directions from Troyo, Lonquimay, Chile to Angol, Chile",,1.04482547764290,296.74718789416903,-71.821,-38.452
"Directions from Troyo, Lonquimay, Chile to Angol, Chile",,1.04537173765425,291.55894842109865,-71.821,-38.452
"Directions from Troyo, Lonquimay, Chile to Angol, Chile",,1.04847750648017,288.34002422949186,-71.824,-38.451
"Directions from Troyo, Lonquimay, Chile to Angol, Chile",,1.04928404228222,285.50930355647159,-71.825,-38.451
"Directions from Troyo, Lonquimay, Chile to Angol, Chile",,1.04970606123914,282.50844673837287,-71.825,-38.451
"Directions from Troyo, Lonquimay, Chile to Angol, Chile",,1.05001200240996,278.95551247908088,-71.826,-38.450
"Directions from Troyo, Lonquimay, Chile to Angol, Chile",,1.05801505807639,278.36288207026178,-71.834,-38.450
"Directions from Troyo, Lonquimay, Chile to Angol, Chile",,1.05829948732946,281.75858470502453,-71.834,-38.450
"Directions from Troyo, Lonquimay, Chile to Angol, Chile",,1.05851535766090,287.84935140485061,-71.834,-38.449
"Directions from Troyo, Lonquimay, Chile to Angol, Chile",,1.05893690243907,295.29348812300270,-71.835,-38.449
"Directions from Troyo, Lonquimay, Chile to Angol, Chile",,1.06087867997525,301.19762206781542,-71.836,-38.448
"Directions from Troyo, Lonquimay, Chile to Angol, Chile",,1.06125311287978,306.52100826916251,-71.837,-38.448
"Directions from Troyo, Lonquimay, Chile to Angol, Chile",,1.06158732837912,311.05462031437781,-71.837,-38.448
"Directions from Troyo, Lonquimay, Chile to Angol, Chile",,1.06247873176705,315.15139671559399,-71.837,-38.447
"Directions from Troyo, Lonquimay, Chile to Angol, Chile",,1.06266978149879,320.12559937908946,-71.838,-38.447
"Directions from Troyo, Lonquimay, Chile to Angol, Chile",,1.06271978149879,327.03774913074636,-71.838,-38.447
"Directions from Troyo, Lonquimay, Chile to Angol, Chile",,1.06292569410161,336.79568563124928,-71.838,-38.447
"Directions from Troyo, Lonquimay, Chile to Angol, Chile",,1.06309332464775,344.99670943100182,-71.838,-38.447
"Directions from Troyo, Lonquimay, Chile to Angol, Chile",,1.06359551982893,346.13947767036166,-71.838,-38.446
"Directions from Troyo, Lonquimay, Chile to Angol, Chile",,1.06386477806929,341.15582344626910,-71.838,-38.446
"Directions from Troyo, Lonquimay, Chile to Angol, Chile",,1.06399477806929,333.81762687741235,-71.838,-38.446
"Directions from Troyo, Lonquimay, Chile to Angol, Chile",,1.06407540064677,324.82691203037143,-71.838,-38.446
"Directions from Troyo, Lonquimay, Chile to Angol, Chile",,1.06425979153591,314.60213822368138,-71.838,-38.446
"Directions from Troyo, Lonquimay, Chile to Angol, Chile",,1.06441599652944,305.38466381239999,-71.838,-38.446
"Directions from Troyo, Lonquimay, Chile to Angol, Chile",,1.06453261556733,294.69935267839577,-71.838,-38.446
"Directions from Troyo, Lonquimay, Chile to Angol, Chile",,1.06456423834394,301.71747442163877,-71.838,-38.446
"Directions from Troyo, Lonquimay, Chile to Angol, Chile",,1.06457838047955,302.71641434994581,-71.838,-38.446
"Directions from Troyo, Lonquimay, Chile to Angol, Chile",,1.06512262307253,288.94000855139080,-71.839,-38.445
"Directions from Troyo, Lonquimay, Chile to Angol, Chile",,1.07025892524433,286.64955828858535,-71.844,-38.444
"Directions from Troyo, Lonquimay, Chile to Angol, Chile",,1.07110094662173,284.98755753750805,-71.845,-38.444
"Directions from Troyo, Lonquimay, Chile to Angol, Chile",,1.07269925823089,282.71655969763799,-71.846,-38.443
"Directions from Troyo, Lonquimay, Chile to Angol, Chile",,1.07366807193848,279.93274535874127,-71.847,-38.443
"Directions from Troyo, Lonquimay, Chile to Angol, Chile",,1.07595350406391,277.55912837625124,-71.849,-38.443
"Directions from Troyo, Lonquimay, Chile to Angol, Chile",,1.07709095735966,277.44060214105207,-71.851,-38.443
"Directions from Troyo, Lonquimay, Chile to Angol, Chile",,1.08096168080625,279.05917722075606,-71.854,-38.442
"Directions from Troyo, Lonquimay, Chile to Angol, Chile",,1.08207796929943,284.11739874983846,-71.855,-38.442
"Directions from Troyo, Lonquimay, Chile to Angol, Chile",,1.08210959207603,283.96357185272933,-71.855,-38.442
"Directions from Troyo, Lonquimay, Chile to Angol, Chile",,1.08526276508112,274.74609743719719,-71.859,-38.441
"Directions from Troyo, Lonquimay, Chile to Angol, Chile",,1.08528276508111,274.73116110409740,-71.859,-38.441
"Directions from Troyo, Lonquimay, Chile to Angol, Chile",,1.08686428333899,280.02482176320223,-71.860,-38.441
"Directions from Troyo, Lonquimay, Chile to Angol, Chile",,1.09557253230190,278.46375653305267,-71.869,-38.439
"Directions from Troyo, Lonquimay, Chile to Angol, Chile",,1.09566308615328,279.43449972828421,-71.869,-38.439
"Directions from Troyo, Lonquimay, Chile to Angol, Chile",,1.09584747704243,276.26440385433625,-71.869,-38.439
"Directions from Troyo, Lonquimay, Chile to Angol, Chile",,1.09589747704243,277.01812173476151,-71.869,-38.439
"Directions from Troyo, Lonquimay, Chile to Angol, Chile",,1.09602117021119,282.28771359907103,-71.869,-38.439
"Directions from Troyo, Lonquimay, Chile to Angol, Chile",,1.09908282009321,281.70709264392627,-71.872,-38.439
"Directions from Troyo, Lonquimay, Chile to Angol, Chile",,1.09944184655462,281.42506413989344,-71.873,-38.439
"Directions from Troyo, Lonquimay, Chile to Angol, Chile",,1.10146239103570,284.20503776970213,-71.875,-38.438
"Directions from Troyo, Lonquimay, Chile to Angol, Chile",,1.10149401381230,284.67641708963862,-71.875,-38.438
"Directions from Troyo, Lonquimay, Chile to Angol, Chile",,1.10350032884240,282.47706441417643,-71.877,-38.438
"Directions from Troyo, Lonquimay, Chile to Angol, Chile",,1.10362402201118,282.42506049075155,-71.877,-38.438
"Directions from Troyo, Lonquimay, Chile to Angol, Chile",,1.10724838402399,278.46469054013636,-71.880,-38.437
"Directions from Troyo, Lonquimay, Chile to Angol, Chile",,1.10752998658080,280.07587351970602,-71.880,-38.437
"Directions from Troyo, Lonquimay, Chile to Angol, Chile",,1.10757121763706,279.38324557661451,-71.881,-38.437
"Directions from Troyo, Lonquimay, Chile to Angol, Chile",,1.11327062988746,274.23082233984309,-71.886,-38.437
"Directions from Troyo, Lonquimay, Chile to Angol, Chile",,1.11603649322464,228.37209225212811,-71.889,-38.437
"Directions from Troyo, Lonquimay, Chile to Angol, Chile",,1.11622675620055,185.19941532821633,-71.889,-38.437
"Directions from Troyo, Lonquimay, Chile to Angol, Chile",,1.11731579247175,140.55872007526145,-71.889,-38.438
"Directions from Troyo, Lonquimay, Chile to Angol, Chile",,1.11869872414035,50.23370410674338,-71.888,-38.438
"Directions from Troyo, Lonquimay, Chile to Angol, Chile",,1.11997755172842,320.36635734473896,-71.888,-38.437
"Directions from Troyo, Lonquimay, Chile to Angol, Chile",,1.12227313444311,276.06340291588151,-71.890,-38.436
"Directions from Troyo, Lonquimay, Chile to Angol, Chile",,1.12241455579935,276.27629341299985,-71.890,-38.436
"Directions from Troyo, Lonquimay, Chile to Angol, Chile",,1.12980656499848,276.94240333981367,-71.897,-38.436
"Directions from Troyo, Lonquimay, Chile to Angol, Chile",,1.12986739262378,284.68647417054729,-71.897,-38.436
"Directions from Troyo, Lonquimay, Chile to Angol, Chile",,1.13121813316142,287.23545087519943,-71.899,-38.435
"Directions from Troyo, Lonquimay, Chile to Angol, Chile",,1.13201368328554,282.01129891322796,-71.899,-38.435
"Directions from Troyo, Lonquimay, Chile to Angol, Chile",,1.13213533853615,282.29316475806132,-71.900,-38.435
"Directions from Troyo, Lonquimay, Chile to Angol, Chile",,1.13251861389408,283.52812228021298,-71.900,-38.435
"Directions from Troyo, Lonquimay, Chile to Angol, Chile",,1.13522713747714,332.56541388267232,-71.903,-38.435
"Directions from Troyo, Lonquimay, Chile to Angol, Chile",,1.13545561067031,19.90967371371267,-71.903,-38.434
"Directions from Troyo, Lonquimay, Chile to Angol, Chile",,1.13615482451457,17.44182342784710,-71.902,-38.434
"Directions from Troyo, Lonquimay, Chile to Angol, Chile",,1.13720786772356,31.63144498137030,-71.902,-38.433
"Directions from Troyo, Lonquimay, Chile to Angol, Chile",,1.13722200985919,22.50000001017778,-71.902,-38.433
"Directions from Troyo, Lonquimay, Chile to Angol, Chile",,1.13725200985919,45.00000000000000,-71.902,-38.433
"Directions from Troyo, Lonquimay, Chile to Angol, Chile",,1.13726200985918,45.00000000000000,-71.902,-38.433
"Directions from Troyo, Lonquimay, Chile to Angol, Chile",,1.13728200985918,22.50000000000000,-71.902,-38.433
"Directions from Troyo, Lonquimay, Chile to Angol, Chile",,1.13729615199481,22.50000000000000,-71.902,-38.433
"Directions from Troyo, Lonquimay, Chile to Angol, Chile",,1.13731615199480,22.50000001017778,-71.902,-38.433
"Directions from Troyo, Lonquimay, Chile to Angol, Chile",,1.13733029413043,22.50000001017778,-71.902,-38.433
"Directions from Troyo, Lonquimay, Chile to Angol, Chile",,1.13735029413043,22.50000000000000,-71.902,-38.433
"Directions from Troyo, Lonquimay, Chile to Angol, Chile",,1.13736443626605,22.50000000000000,-71.902,-38.433
"Directions from Troyo, Lonquimay, Chile to Angol, Chile",,1.13739443626606,45.00000000000000,-71.902,-38.433
"Directions from Troyo, Lonquimay, Chile to Angol, Chile",,1.13740443626606,45.00000000000000,-71.902,-38.433
"Directions from Troyo, Lonquimay, Chile to Angol, Chile",,1.13742443626606,8.78013602575804,-71.902,-38.432
"Directions from Troyo, Lonquimay, Chile to Angol, Chile",,1.13825304956549,15.56535321760689,-71.902,-38.432
"Directions from Troyo, Lonquimay, Chile to Angol, Chile",,1.13855137824330,6.78521719184886,-71.902,-38.431
"Directions from Troyo, Lonquimay, Chile to Angol, Chile",,1.13867137824329,348.80993247516443,-71.902,-38.431
"Directions from Troyo, Lonquimay, Chile to Angol, Chile",,1.13885522600640,332.80724087020781,-71.902,-38.431
"Directions from Troyo, Lonquimay, Chile to Angol, Chile",,1.13894956581772,319.59027097861872,-71.902,-38.431
"Directions from Troyo, Lonquimay, Chile to Angol, Chile",,1.13916216873397,312.71101335271959,-71.902,-38.431
"Directions from Troyo, Lonquimay, Chile to Angol, Chile",,1.13969254595822,316.52508818827096,-71.902,-38.431
"Directions from Troyo, Lonquimay, Chile to Angol, Chile",,1.13979884741635,322.56200364987359,-71.902,-38.430
"Directions from Troyo, Lonquimay, Chile to Angol, Chile",,1.13983490292910,322.56200364987359,-71.902,-38.430
"Directions from Troyo, Lonquimay, Chile to Angol, Chile",,1.13994120438723,322.21686505708902,-71.902,-38.430
"Directions from Troyo, Lonquimay, Chile to Angol, Chile",,1.14017142167589,331.90912289450569,-71.903,-38.430
"Directions from Troyo, Lonquimay, Chile to Angol, Chile",,1.14044067991625,341.63358666764350,-71.903,-38.430
"Directions from Troyo, Lonquimay, Chile to Angol, Chile",,1.14059592166321,342.25626879879883,-71.903,-38.430
"Directions from Troyo, Lonquimay, Chile to Angol, Chile",,1.14068136170067,343.58959052342180,-71.903,-38.430
"Directions from Troyo, Lonquimay, Chile to Angol, Chile",,1.14091673374658,308.86761313572310,-71.903,-38.429
"Directions from Troyo, Lonquimay, Chile to Angol, Chile",,1.14092673374657,308.30375112299339,-71.903,-38.429
"Directions from Troyo, Lonquimay, Chile to Angol, Chile",,1.14135847440948,348.57259001733019,-71.903,-38.429
"Directions from Troyo, Lonquimay, Chile to Angol, Chile",,1.14148012966008,355.26883889433674,-71.903,-38.429
"Directions from Troyo, Lonquimay, Chile to Angol, Chile",,1.14151012966008,355.26883890093859,-71.903,-38.429
"Directions from Troyo, Lonquimay, Chile to Angol, Chile",,1.14157095728538,355.26883890093859,-71.903,-38.429
"Directions from Troyo, Lonquimay, Chile to Angol, Chile",,1.14165095728538,3.88258300863462,-71.903,-38.429
"Directions from Troyo, Lonquimay, Chile to Angol, Chile",,1.14187299331849,11.18595168577550,-71.903,-38.429
"Directions from Troyo, Lonquimay, Chile to Angol, Chile",,1.14357810328562,10.71679984659568,-71.902,-38.427
"Directions from Troyo, Lonquimay, Chile to Angol, Chile",,1.14500824313892,3.41343116945480,-71.902,-38.425
"Directions from Troyo, Lonquimay, Chile to Angol, Chile",,1.14513824313892,354.34503376142408,-71.902,-38.425
"Directions from Troyo, Lonquimay, Chile to Angol, Chile",,1.14524022352920,339.81773171150144,-71.902,-38.425
"Directions from Troyo, Lonquimay, Chile to Angol, Chile",,1.14534317983061,322.97269795007736,-71.902,-38.425
"Directions from Troyo, Lonquimay, Chile to Angol, Chile",,1.14545631691560,308.93433946662600,-71.902,-38.425
"Directions from Troyo, Lonquimay, Chile to Angol, Chile",,1.14700408950871,304.86928829009082,-71.904,-38.424
"Directions from Troyo, Lonquimay, Chile to Angol, Chile",,1.14715408950871,304.09929525742302,-71.904,-38.424
"Directions from Troyo, Lonquimay, Chile to Angol, Chile",,1.14742334774907,305.56713197942344,-71.904,-38.424
"Directions from Troyo, Lonquimay, Chile to Angol, Chile",,1.14750145024583,306.13838169084954,-71.904,-38.424
"Directions from Troyo, Lonquimay, Chile to Angol, Chile",,1.14789260239015,303.54469356579386,-71.904,-38.424
"Directions from Troyo, Lonquimay, Chile to Angol, Chile",,1.14977605666355,309.80909742040956,-71.906,-38.423
"Directions from Troyo, Lonquimay, Chile to Angol, Chile",,1.14994576229102,317.38182084515256,-71.906,-38.423
"Directions from Troyo, Lonquimay, Chile to Angol, Chile",,1.15011605615469,327.28125902264560,-71.906,-38.422
"Directions from Troyo, Lonquimay, Chile to Angol, Chile",,1.15030393909697,336.40387321887437,-71.906,-38.422
"Directions from Troyo, Lonquimay, Chile to Angol, Chile",,1.15198634808410,337.28246901096730,-71.907,-38.421
"Directions from Troyo, Lonquimay, Chile to Angol, Chile",,1.15658605459648,338.52680971633345,-71.909,-38.416
"Directions from Troyo, Lonquimay, Chile to Angol, Chile",,1.15709526967874,336.15948069152569,-71.909,-38.416
"Directions from Troyo, Lonquimay, Chile to Angol, Chile",,1.15741291728223,326.26600151342740,-71.909,-38.416
"Directions from Troyo, Lonquimay, Chile to Angol, Chile",,1.15755504398626,317.85529657010301,-71.909,-38.416
"Directions from Troyo, Lonquimay, Chile to Angol, Chile",,1.15765403893563,312.50468309967249,-71.909,-38.415
"Directions from Troyo, Lonquimay, Chile to Angol, Chile",,1.16017382067220,311.46340045833182,-71.911,-38.414
"Directions from Troyo, Lonquimay, Chile to Angol, Chile",,1.16250881531888,314.76548682651753,-71.913,-38.412
"Directions from Troyo, Lonquimay, Chile to Angol, Chile",,1.16351330523920,318.12450118006234,-71.914,-38.412
"Directions from Troyo, Lonquimay, Chile to Angol, Chile",,1.16377579333416,321.58311451898055,-71.914,-38.411
"Directions from Troyo, Lonquimay, Chile to Angol, Chile",,1.16406180032708,319.26538280023357,-71.914,-38.411
"Directions from Troyo, Lonquimay, Chile to Angol, Chile",,1.16409008459833,319.58117351793709,-71.914,-38.411
"Directions from Troyo, Lonquimay, Chile to Angol, Chile",,1.16431212063145,327.24563438665564,-71.914,-38.411
"Directions from Troyo, Lonquimay, Chile to Angol, Chile",,1.16720089199657,345.16446086362964,-71.916,-38.408
"Directions from Troyo, Lonquimay, Chile to Angol, Chile",,1.16721089199657,344.96570859016680,-71.916,-38.408
"Directions from Troyo, Lonquimay, Chile to Angol, Chile",,1.16743043698057,332.29262061896316,-71.916,-38.408
"Directions from Troyo, Lonquimay, Chile to Angol, Chile",,1.16764067494099,337.06499278417971,-71.916,-38.408
"Directions from Troyo, Lonquimay, Chile to Angol, Chile",,1.16972283727856,340.20348398660951,-71.916,-38.406
"Directions from Troyo, Lonquimay, Chile to Angol, Chile",,1.17057986703301,343.44728149826079,-71.917,-38.405
"Directions from Troyo, Lonquimay, Chile to Angol, Chile",,1.17082725337054,348.91682708873526,-71.917,-38.405
"Directions from Troyo, Lonquimay, Chile to Angol, Chile",,1.17096867472678,349.67054496951971,-71.917,-38.405
"Directions from Troyo, Lonquimay, Chile to Angol, Chile",,1.17106087017135,353.73559614781902,-71.917,-38.405
"Directions from Troyo, Lonquimay, Chile to Angol, Chile",,1.17116087017135,6.26440385218098,-71.917,-38.405
"Directions from Troyo, Lonquimay, Chile to Angol, Chile",,1.17125306561592,6.26440385218099,-71.917,-38.405
"Directions from Troyo, Lonquimay, Chile to Angol, Chile",,1.17128306561592,3.45561355940181,-71.917,-38.405
"Directions from Troyo, Lonquimay, Chile to Angol, Chile",,1.17161548101869,5.04552861983500,-71.917,-38.404
"Directions from Troyo, Lonquimay, Chile to Angol, Chile",,1.17179575858246,4.81614650449211,-71.917,-38.404
"Directions from Troyo, Lonquimay, Chile to Angol, Chile",,1.17348646849253,3.22623144405894,-71.917,-38.402
"Directions from Troyo, Lonquimay, Chile to Angol, Chile",,1.17352646849253,3.52804801894774,-71.917,-38.402
"Directions from Troyo, Lonquimay, Chile to Angol, Chile",,1.17971332552983,3.52804801894775,-71.916,-38.396
"Directions from Troyo, Lonquimay, Chile to Angol, Chile",,1.17974332552984,7.62755935043282,-71.916,-38.396
"Directions from Troyo, Lonquimay, Chile to Angol, Chile",,1.17985734307234,12.00064048312237,-71.916,-38.396
"Directions from Troyo, Lonquimay, Chile to Angol, Chile",,1.17998887253672,6.74087265011505,-71.916,-38.396
"Directions from Troyo, Lonquimay, Chile to Angol, Chile",,1.18338045034064,3.57876295836272,-71.915,-38.393
"Directions from Troyo, Lonquimay, Chile to Angol, Chile",,1.18669340974274,4.70150014463610,-71.915,-38.389
"Directions from Troyo, Lonquimay, Chile to Angol, Chile",,1.18718706954463,10.27574589637111,-71.915,-38.389
"Directions from Troyo, Lonquimay, Chile to Angol, Chile",,1.18778372690024,21.91343577306575,-71.915,-38.388
"Directions from Troyo, Lonquimay, Chile to Angol, Chile",,1.18792265134013,15.12821858039354,-71.915,-38.388
"Directions from Troyo, Lonquimay, Chile to Angol, Chile",,1.18793265134013,14.36989764568118,-71.915,-38.388
"Directions from Troyo, Lonquimay, Chile to Angol, Chile",,1.18828620473072,36.86989765585895,-71.915,-38.388
"Directions from Troyo, Lonquimay, Chile to Angol, Chile",,1.18830034686635,37.42603814467185,-71.915,-38.388
"Directions from Troyo, Lonquimay, Chile to Angol, Chile",,1.18962628049968,30.97666258251781,-71.914,-38.387
"Directions from Troyo, Lonquimay, Chile to Angol, Chile",,1.19152685935887,33.30488594083205,-71.913,-38.385
"Directions from Troyo, Lonquimay, Chile to Angol, Chile",,1.19172102423726,17.25426149280832,-71.913,-38.385
"Directions from Troyo, Lonquimay, Chile to Angol, Chile",,1.19173102423725,16.00269160401888,-71.913,-38.385
"Directions from Troyo, Lonquimay, Chile to Angol, Chile",,1.19267442235046,38.50269161419665,-71.913,-38.384
"Directions from Troyo, Lonquimay, Chile to Angol, Chile",,1.19268856448609,37.84986128573195,-71.913,-38.384
"Directions from Troyo, Lonquimay, Chile to Angol, Chile",,1.19306072036741,28.42328189342595,-71.912,-38.384
"Directions from Troyo, Lonquimay, Chile to Angol, Chile",,1.19367341931469,28.87717174064678,-71.912,-38.383
"Directions from Troyo, Lonquimay, Chile to Angol, Chile",,1.19382606268991,15.80375112277500,-71.912,-38.383
"Directions from Troyo, Lonquimay, Chile to Angol, Chile",,1.19384606268992,13.28252558853900,-71.912,-38.383
"Directions from Troyo, Lonquimay, Chile to Angol, Chile",,1.19393550540901,21.25522353861637,-71.912,-38.383
"Directions from Troyo, Lonquimay, Chile to Angol, Chile",,1.19408110760680,13.62766418891425,-71.912,-38.383
"Directions from Troyo, Lonquimay, Chile to Angol, Chile",,1.19423407819221,8.60803679526712,-71.912,-38.383
"Directions from Troyo, Lonquimay, Chile to Angol, Chile",,1.19452562578695,11.57380025592230,-71.912,-38.382
"Directions from Troyo, Lonquimay, Chile to Angol, Chile",,1.19482927031596,31.12072969949206,-71.912,-38.382
"Directions from Troyo, Lonquimay, Chile to Angol, Chile",,1.19484341245159,38.73559614434660,-71.912,-38.382
"Directions from Troyo, Lonquimay, Chile to Angol, Chile",,1.19497379649969,38.73559614434660,-71.912,-38.382
"Directions from Troyo, Lonquimay, Chile to Angol, Chile",,1.19514350212717,48.71570398498088,-71.912,-38.382
"Directions from Troyo, Lonquimay, Chile to Angol, Chile",,1.19530751432184,54.59984845155006,-71.912,-38.382
"Directions from Troyo, Lonquimay, Chile to Angol, Chile",,1.19565421303831,60.10161887803018,-71.911,-38.381
"Directions from Troyo, Lonquimay, Chile to Angol, Chile",,1.19601198391471,66.99745699649606,-71.911,-38.381
"Directions from Troyo, Lonquimay, Chile to Angol, Chile",,1.19619226147848,74.01557873069878,-71.911,-38.381
"Directions from Troyo, Lonquimay, Chile to Angol, Chile",,1.19637665236763,79.67054496878930,-71.911,-38.381
"Directions from Troyo, Lonquimay, Chile to Angol, Chile",,1.19694233779259,79.88757028392445,-71.910,-38.381
"Directions from Troyo, Lonquimay, Chile to Angol, Chile",,1.19722869421384,76.32506210950484,-71.910,-38.381
"Directions from Troyo, Lonquimay, Chile to Angol, Chile",,1.19745672929886,82.37244064870598,-71.909,-38.381
"Directions from Troyo, Lonquimay, Chile to Angol, Chile",,1.19749672929886,82.98187826651572,-71.909,-38.381
"Directions from Troyo, Lonquimay, Chile to Angol, Chile",,1.19790903986143,78.91682708780928,-71.909,-38.381
"Directions from Troyo, Lonquimay, Chile to Angol, Chile",,1.19805046121766,79.78094091284937,-71.909,-38.381
"Directions from Troyo, Lonquimay, Chile to Angol, Chile",,1.19861339993546,79.11483098717626,-71.908,-38.381
"Directions from Troyo, Lonquimay, Chile to Angol, Chile",,1.19879588281137,79.00443504092492,-71.908,-38.381
"Directions from Troyo, Lonquimay, Chile to Angol, Chile",,1.19934905547881,78.34344721157518,-71.908,-38.381
"Directions from Troyo, Lonquimay, Chile to Angol, Chile",,1.20063170897840,84.60785106627068,-71.906,-38.380
"Directions from Troyo, Lonquimay, Chile to Angol, Chile",,1.20066170897839,84.60785106648598,-71.906,-38.380
"Directions from Troyo, Lonquimay, Chile to Angol, Chile",,1.20108926014493,77.58972933172444,-71.906,-38.380
"Directions from Troyo, Lonquimay, Chile to Angol, Chile",,1.20121295331369,73.26186085133834,-71.906,-38.380
"Directions from Troyo, Lonquimay, Chile to Angol, Chile",,1.20139323087746,66.99745699756080,-71.906,-38.380
"Directions from Troyo, Lonquimay, Chile to Angol, Chile",,1.20157211631567,61.60883743269176,-71.905,-38.380
"Directions from Troyo, Lonquimay, Chile to Angol, Chile",,1.20262520700501,60.87911275549272,-71.905,-38.380
"Directions from Troyo, Lonquimay, Chile to Angol, Chile",,1.20332756019253,60.79818672794732,-71.904,-38.379
"Directions from Troyo, Lonquimay, Chile to Angol, Chile",,1.20366371491881,74.81043699368536,-71.904,-38.379
"Directions from Troyo, Lonquimay, Chile to Angol, Chile",,1.20367371491881,75.07703402513982,-71.904,-38.379
"Directions from Troyo, Lonquimay, Chile to Angol, Chile",,1.20437699295770,61.79450843761862,-71.903,-38.379
"Directions from Troyo, Lonquimay, Chile to Angol, Chile",,1.20455587839591,61.23559614564376,-71.903,-38.379
"Directions from Troyo, Lonquimay, Chile to Angol, Chile",,1.20473080695275,61.23559614462600,-71.903,-38.379
"Directions from Troyo, Lonquimay, Chile to Angol, Chile",,1.20495441375050,65.40754193671810,-71.903,-38.378
"Directions from Troyo, Lonquimay, Chile to Angol, Chile",,1.20508441375050,69.47259311413536,-71.902,-38.378
"Directions from Troyo, Lonquimay, Chile to Angol, Chile",,1.20527415041011,76.05136448504882,-71.902,-38.378
"Directions from Troyo, Lonquimay, Chile to Angol, Chile",,1.20563911616193,82.26433591759061,-71.902,-38.378
"Directions from Troyo, Lonquimay, Chile to Angol, Chile",,1.20583016589368,77.77802260588794,-71.902,-38.378
"Directions from Troyo, Lonquimay, Chile to Angol, Chile",,1.20586178867028,77.42760718079784,-71.902,-38.378
"Directions from Troyo, Lonquimay, Chile to Angol, Chile",,1.20620413352566,82.07999335512734,-71.901,-38.378
"Directions from Troyo, Lonquimay, Chile to Angol, Chile",,1.20677131956215,82.26481588596654,-71.901,-38.378
"Directions from Troyo, Lonquimay, Chile to Angol, Chile",,1.20695242726491,80.56550027283292,-71.901,-38.378
"Directions from Troyo, Lonquimay, Chile to Angol, Chile",,1.20713681815406,80.56550027171582,-71.900,-38.378
"Directions from Troyo, Lonquimay, Chile to Angol, Chile",,1.20722737200544,81.59994957953629,-71.900,-38.378
"Directions from Troyo, Lonquimay, Chile to Angol, Chile",,1.20788835612023,81.68495790599880,-71.900,-38.378
"Directions from Troyo, Lonquimay, Chile to Angol, Chile",,1.20826051200154,86.91491245251460,-71.899,-38.378
"Directions from Troyo, Lonquimay, Chile to Angol, Chile",,1.20845051200155,93.17009587283084,-71.899,-38.378
"Directions from Troyo, Lonquimay, Chile to Angol, Chile",,1.20863161970431,98.21039486684560,-71.899,-38.378
"Directions from Troyo, Lonquimay, Chile to Angol, Chile",,1.20908867549959,101.38049073994888,-71.898,-38.378
"Directions from Troyo, Lonquimay, Chile to Angol, Chile",,1.20949867549959,104.48721547399833,-71.898,-38.378
"Directions from Troyo, Lonquimay, Chile to Angol, Chile",,1.21017587561773,111.42954932474542,-71.897,-38.378
"Directions from Troyo, Lonquimay, Chile to Angol, Chile",,1.21019823629750,111.47729576298551,-71.897,-38.378
"Directions from Troyo, Lonquimay, Chile to Angol, Chile",,1.21037543674896,98.19477016630429,-71.897,-38.378
"Directions from Troyo, Lonquimay, Chile to Angol, Chile",,1.21039543674897,98.67701231871018,-71.897,-38.378
"Directions from Troyo, Lonquimay, Chile to Angol, Chile",,1.21056306729510,104.72439085761341,-71.897,-38.378
"Directions from Troyo, Lonquimay, Chile to Angol, Chile",,1.21084942371637,98.16557593834933,-71.897,-38.378
"Directions from Troyo, Lonquimay, Chile to Angol, Chile",,1.21112016344379,87.63188409172284,-71.896,-38.379
"Directions from Troyo, Lonquimay, Chile to Angol, Chile",,1.21131251728441,79.24928283794046,-71.896,-38.378
"Directions from Troyo, Lonquimay, Chile to Angol, Chile",,1.21149690817356,75.76289819489504,-71.896,-38.378
"Directions from Troyo, Lonquimay, Chile to Angol, Chile",,1.21186091366802,72.32683505733490,-71.896,-38.378
"Directions from Troyo, Lonquimay, Chile to Angol, Chile",,1.21429937629845,67.01700741956462,-71.893,-38.378
"Directions from Troyo, Lonquimay, Chile to Angol, Chile",,1.21432173697822,66.97918666205420,-71.893,-38.378
"Directions from Troyo, Lonquimay, Chile to Angol, Chile",,1.21519150706279,66.97918665391198,-71.893,-38.377
"Directions from Troyo, Lonquimay, Chile to Angol, Chile",,1.21521386774255,67.32845779209018,-71.893,-38.377
"Directions from Troyo, Lonquimay, Chile to Angol, Chile",,1.21785441692785,69.42091586311282,-71.890,-38.376
"Directions from Troyo, Lonquimay, Chile to Angol, Chile",,1.21840596021718,64.28263042441876,-71.890,-38.376
"Directions from Troyo, Lonquimay, Chile to Angol, Chile",,1.21850891651859,52.97269795007736,-71.890,-38.376
"Directions from Troyo, Lonquimay, Chile to Angol, Chile",,1.21852305865422,49.48631330700808,-71.890,-38.376
"Directions from Troyo, Lonquimay, Chile to Angol, Chile",,1.21865907335930,50.41011844093640,-71.889,-38.376
"Directions from Troyo, Lonquimay, Chile to Angol, Chile",,1.21887839048130,42.75370926031140,-71.889,-38.376
"Directions from Troyo, Lonquimay, Chile to Angol, Chile",,1.21926257793554,39.74809781639390,-71.889,-38.376
"Directions from Troyo, Lonquimay, Chile to Angol, Chile",,1.22111301031745,42.06444439226937,-71.888,-38.374
"Directions from Troyo, Lonquimay, Chile to Angol, Chile",,1.22372339343109,43.86991306989306,-71.886,-38.372
"Directions from Troyo, Lonquimay, Chile to Angol, Chile",,1.22592259783269,47.32087682216930,-71.884,-38.371
"Directions from Troyo, Lonquimay, Chile to Angol, Chile",,1.22600070032945,43.98505660749625,-71.884,-38.371
"Directions from Troyo, Lonquimay, Chile to Angol, Chile",,1.22650676356661,35.73287591516841,-71.884,-38.370
"Directions from Troyo, Lonquimay, Chile to Angol, Chile",,1.22665098561763,43.14235544641383,-71.884,-38.370
"Directions from Troyo, Lonquimay, Chile to Angol, Chile",,1.22707900430880,48.79732168420684,-71.884,-38.370
"Directions from Troyo, Lonquimay, Chile to Angol, Chile",,1.22727699420754,42.34272716539326,-71.884,-38.370
"Directions from Troyo, Lonquimay, Chile to Angol, Chile",,1.22788773146693,32.15450955780338,-71.883,-38.369
"Directions from Troyo, Lonquimay, Chile to Angol, Chile",,1.22815173904257,21.52925680336223,-71.883,-38.369
"Directions from Troyo, Lonquimay, Chile to Angol, Chile",,1.22827823014898,15.85990765328420,-71.883,-38.369
"Directions from Troyo, Lonquimay, Chile to Angol, Chile",,1.22901802741851,15.85990765466546,-71.883,-38.368
"Directions from Troyo, Lonquimay, Chile to Angol, Chile",,1.22923938685472,22.50000000222942,-71.883,-38.368
"Directions from Troyo, Lonquimay, Chile to Angol, Chile",,1.22937355093337,30.12755934662268,-71.883,-38.368
"Directions from Troyo, Lonquimay, Chile to Angol, Chile",,1.22940960644612,28.26186084549383,-71.883,-38.368
"Directions from Troyo, Lonquimay, Chile to Angol, Chile",,1.22961576172740,27.13160989691833,-71.883,-38.368
"Directions from Troyo, Lonquimay, Chile to Angol, Chile",,1.22982671195850,35.35948623927536,-71.882,-38.367
"Directions from Troyo, Lonquimay, Chile to Angol, Chile",,1.23039521877465,41.53526581379804,-71.882,-38.367
"Directions from Troyo, Lonquimay, Chile to Angol, Chile",,1.23072763417742,45.55921531212712,-71.882,-38.367
"Directions from Troyo, Lonquimay, Chile to Angol, Chile",,1.23280825908354,40.51368669306951,-71.880,-38.365
"Directions from Troyo, Lonquimay, Chile to Angol, Chile",,1.23298853664731,28.15496623805800,-71.880,-38.365
"Directions from Troyo, Lonquimay, Chile to Angol, Chile",,1.23324853664731,30.63983660049387,-71.880,-38.365
"Directions from Troyo, Lonquimay, Chile to Angol, Chile",,1.23331256788969,32.61242971866219,-71.880,-38.365
"Directions from Troyo, Lonquimay, Chile to Angol, Chile",,1.23333492856946,34.63722057012024,-71.880,-38.365
"Directions from Troyo, Lonquimay, Chile to Angol, Chile",,1.23351184662959,38.19972874050003,-71.880,-38.365
"Directions from Troyo, Lonquimay, Chile to Angol, Chile",,1.23358395765510,38.73559614566372,-71.880,-38.365
"Directions from Troyo, Lonquimay, Chile to Angol, Chile",,1.23391637305787,38.73559614879533,-71.880,-38.364
"Directions from Troyo, Lonquimay, Chile to Angol, Chile",,1.23395242857063,27.74573850508593,-71.880,-38.364
"Directions from Troyo, Lonquimay, Chile to Angol, Chile",,1.23400628021870,18.43494881960898,-71.880,-38.364
"Directions from Troyo, Lonquimay, Chile to Angol, Chile",,1.23427553845906,8.77902054202823,-71.880,-38.364
"Directions from Troyo, Lonquimay, Chile to Angol, Chile",,1.23450575574772,359.04542378316739,-71.880,-38.364
"Directions from Troyo, Lonquimay, Chile to Angol, Chile",,1.23489690789203,0.97074319573174,-71.880,-38.364
"Directions from Troyo, Lonquimay, Chile to Angol, Chile",,1.23516856944618,10.79765522438072,-71.880,-38.363
"Directions from Troyo, Lonquimay, Chile to Angol, Chile",,1.23528258698869,18.93749182457347,-71.880,-38.363
"Directions from Troyo, Lonquimay, Chile to Angol, Chile",,1.23541258698869,32.99164395306664,-71.880,-38.363
"Directions from Troyo, Lonquimay, Chile to Angol, Chile",,1.23566017535675,55.26488439054198,-71.879,-38.363
"Directions from Troyo, Lonquimay, Chile to Angol, Chile",,1.23586633063803,70.61047496019438,-71.879,-38.363
"Directions from Troyo, Lonquimay, Chile to Angol, Chile",,1.23601193283582,77.48216358823076,-71.879,-38.363
"Directions from Troyo, Lonquimay, Chile to Angol, Chile",,1.23626511261384,84.05851035685612,-71.879,-38.363
"Directions from Troyo, Lonquimay, Chile to Angol, Chile",,1.23667560012888,66.10364882738153,-71.878,-38.363
"Directions from Troyo, Lonquimay, Chile to Angol, Chile",,1.23668974226450,64.32990413622989,-71.878,-38.363
"Directions from Troyo, Lonquimay, Chile to Angol, Chile",,1.23678029611588,77.61242971459107,-71.878,-38.363
"Directions from Troyo, Lonquimay, Chile to Angol, Chile",,1.23706490110530,64.97877446530974,-71.878,-38.363
"Directions from Troyo, Lonquimay, Chile to Angol, Chile",,1.23782811798142,54.66333160660934,-71.877,-38.362
"Directions from Troyo, Lonquimay, Chile to Angol, Chile",,1.23981157456022,48.95454973421592,-71.876,-38.361
"Directions from Troyo, Lonquimay, Chile to Angol, Chile",,1.24001675740550,48.47233736861066,-71.876,-38.361
"Directions from Troyo, Lonquimay, Chile to Angol, Chile",,1.24099624706855,47.48487036423338,-71.875,-38.360
"Directions from Troyo, Lonquimay, Chile to Angol, Chile",,1.24123666337415,46.36315549696630,-71.875,-38.360
"Directions from Troyo, Lonquimay, Chile to Angol, Chile",,1.24227728818647,50.87696197225448,-71.874,-38.359
"Directions from Troyo, Lonquimay, Chile to Angol, Chile",,1.24304338217548,56.13406643274832,-71.873,-38.359
"Directions from Troyo, Lonquimay, Chile to Angol, Chile",,1.24329036395618,55.68531113453810,-71.873,-38.359
"Directions from Troyo, Lonquimay, Chile to Angol, Chile",,1.24339036395617,56.82710667501768,-71.873,-38.359
"Directions from Troyo, Lonquimay, Chile to Angol, Chile",,1.24365456085245,63.57749891629276,-71.873,-38.358
"Directions from Troyo, Lonquimay, Chile to Angol, Chile",,1.24453694398919,68.83023951421649,-71.872,-38.358
"Directions from Troyo, Lonquimay, Chile to Angol, Chile",,1.24487532247550,72.72852429751920,-71.872,-38.358
"Directions from Troyo, Lonquimay, Chile to Angol, Chile",,1.24550856808346,76.16634966321594,-71.871,-38.358
"Directions from Troyo, Lonquimay, Chile to Angol, Chile",,1.24593810271536,76.22201259090266,-71.871,-38.358
"Directions from Troyo, Lonquimay, Chile to Angol, Chile",,1.24642575012897,76.09984749074850,-71.870,-38.358
"Directions from Troyo, Lonquimay, Chile to Angol, Chile",,1.24675331691605,74.61298194994502,-71.870,-38.358
"Directions from Troyo, Lonquimay, Chile to Angol, Chile",,1.24691143079906,65.30064732190354,-71.870,-38.358
"Directions from Troyo, Lonquimay, Chile to Angol, Chile",,1.24702804983697,55.58062990906812,-71.870,-38.357
"Directions from Troyo, Lonquimay, Chile to Angol, Chile",,1.24714206737947,48.56250817163244,-71.870,-38.357
"Directions from Troyo, Lonquimay, Chile to Angol, Chile",,1.24721277805758,40.93494882373623,-71.869,-38.357
"Directions from Troyo, Lonquimay, Chile to Angol, Chile",,1.24726277805759,32.47119229488862,-71.869,-38.357
"Directions from Troyo, Lonquimay, Chile to Angol, Chile",,1.24743277805759,20.53355186212467,-71.869,-38.357
"Directions from Troyo, Lonquimay, Chile to Angol, Chile",,1.24756619469823,5.06610578356115,-71.869,-38.357
"Directions from Troyo, Lonquimay, Chile to Angol, Chile",,1.24776644454217,348.57724412459612,-71.869,-38.357
"Directions from Troyo, Lonquimay, Chile to Angol, Chile",,1.24788349154128,331.57349791478481,-71.869,-38.357
"Directions from Troyo, Lonquimay, Chile to Angol, Chile",,1.24793349154128,341.56505117870648,-71.869,-38.357
"Directions from Troyo, Lonquimay, Chile to Angol, Chile",,1.24795349154128,340.09721445453482,-71.869,-38.357
"Directions from Troyo, Lonquimay, Chile to Angol, Chile",,1.24803159403804,315.69017703811022,-71.869,-38.357
"Directions from Troyo, Lonquimay, Chile to Angol, Chile",,1.24813789549617,304.47223288344310,-71.870,-38.357
"Directions from Troyo, Lonquimay, Chile to Angol, Chile",,1.24835260460171,294.53822643760896,-71.870,-38.356
"Directions from Troyo, Lonquimay, Chile to Angol, Chile",,1.24879271822340,288.82697758247792,-71.870,-38.356
"Directions from Troyo, Lonquimay, Chile to Angol, Chile",,1.24939711875285,282.89918254911618,-71.871,-38.356
"Directions from Troyo, Lonquimay, Chile to Angol, Chile",,1.24957960162876,277.11298195058492,-71.871,-38.356
"Directions from Troyo, Lonquimay, Chile to Angol, Chile",,1.24970001757454,269.84201691584906,-71.871,-38.356
"Directions from Troyo, Lonquimay, Chile to Angol, Chile",,1.25015179185447,260.44207433807520,-71.871,-38.356
"Directions from Troyo, Lonquimay, Chile to Angol, Chile",,1.25019302291072,260.93906987854740,-71.872,-38.356
"Directions from Troyo, Lonquimay, Chile to Angol, Chile",,1.25047373628768,267.95719161011590,-71.872,-38.356
"Directions from Troyo, Lonquimay, Chile to Angol, Chile",,1.25069373628768,274.54513846034763,-71.872,-38.356
"Directions from Troyo, Lonquimay, Chile to Angol, Chile",,1.25094691606569,284.53669172040611,-71.872,-38.356
"Directions from Troyo, Lonquimay, Chile to Angol, Chile",,1.25106396306481,295.79530438396921,-71.872,-38.356
"Directions from Troyo, Lonquimay, Chile to Angol, Chile",,1.25121660644003,304.74124294820717,-71.873,-38.356
"Directions from Troyo, Lonquimay, Chile to Angol, Chile",,1.25133062398254,311.43749182556866,-71.873,-38.356
"Directions from Troyo, Lonquimay, Chile to Angol, Chile",,1.25144376106753,328.28252558777564,-71.873,-38.356
"Directions from Troyo, Lonquimay, Chile to Angol, Chile",,1.25147538384413,331.45262145846544,-71.873,-38.356
"Directions from Troyo, Lonquimay, Chile to Angol, Chile",,1.25153941508650,331.45262146100987,-71.873,-38.356
"Directions from Troyo, Lonquimay, Chile to Angol, Chile",,1.25166590619291,346.40944445635836,-71.873,-38.356
"Directions from Troyo, Lonquimay, Chile to Angol, Chile",,1.25179743565729,358.22413332201205,-71.873,-38.355
"Directions from Troyo, Lonquimay, Chile to Angol, Chile",,1.25190788926746,14.81919184532818,-71.873,-38.355
"Directions from Troyo, Lonquimay, Chile to Angol, Chile",,1.25202871972720,34.72197739571542,-71.873,-38.355
"Directions from Troyo, Lonquimay, Chile to Angol, Chile",,1.25205700399845,40.26883890135116,-71.873,-38.355
"Directions from Troyo, Lonquimay, Chile to Angol, Chile",,1.25214302725112,42.86605334746008,-71.873,-38.355
"Directions from Troyo, Lonquimay, Chile to Angol, Chile",,1.25222112974788,52.20917559232584,-71.873,-38.355
"Directions from Troyo, Lonquimay, Chile to Angol, Chile",,1.25305928247859,52.56503169763008,-71.872,-38.355
"Directions from Troyo, Lonquimay, Chile to Angol, Chile",,1.25326543775986,52.84427407245274,-71.872,-38.354
"Directions from Troyo, Lonquimay, Chile to Angol, Chile",,1.25368161080081,52.74650008369278,-71.871,-38.354
"Directions from Troyo, Lonquimay, Chile to Angol, Chile",,1.25382373750484,53.90267510637230,-71.871,-38.354
"Directions from Troyo, Lonquimay, Chile to Angol, Chile",,1.25463367577409,51.98631726223462,-71.871,-38.354
"Directions from Troyo, Lonquimay, Chile to Angol, Chile",,1.25549680959918,38.92081698904251,-71.870,-38.353
"Directions from Troyo, Lonquimay, Chile to Angol, Chile",,1.25555511911812,26.79181073957872,-71.870,-38.353
"Directions from Troyo, Lonquimay, Chile to Angol, Chile",,1.25568511911812,28.15496624026217,-71.870,-38.353
"Directions from Troyo, Lonquimay, Chile to Angol, Chile",,1.25572117463088,26.83658702677432,-71.870,-38.353
"Directions from Troyo, Lonquimay, Chile to Angol, Chile",,1.25583822162999,32.49155326089515,-71.870,-38.353
"Directions from Troyo, Lonquimay, Chile to Angol, Chile",,1.25643219132619,48.71570398555112,-71.869,-38.352
"Directions from Troyo, Lonquimay, Chile to Angol, Chile",,1.25692422791019,55.92609054898948,-71.869,-38.352
"Directions from Troyo, Lonquimay, Chile to Angol, Chile",,1.25820192114410,57.36280979874222,-71.868,-38.351
"Directions from Troyo, Lonquimay, Chile to Angol, Chile",,1.25867626279313,57.85019786193190,-71.868,-38.351
"Directions from Troyo, Lonquimay, Chile to Angol, Chile",,1.25918232603029,61.91524903804060,-71.867,-38.351
"Directions from Troyo, Lonquimay, Chile to Angol, Chile",,1.25980842506398,65.32627154619237,-71.867,-38.351
"Directions from Troyo, Lonquimay, Chile to Angol, Chile",,1.26035073493850,69.00246122630436,-71.866,-38.350
"Directions from Troyo, Lonquimay, Chile to Angol, Chile",,1.26104966268870,64.91178582464674,-71.865,-38.350
"Directions from Troyo, Lonquimay, Chile to Angol, Chile",,1.26110797220765,49.97531334342878,-71.865,-38.350
"Directions from Troyo, Lonquimay, Chile to Angol, Chile",,1.26130646654006,44.86422902774982,-71.865,-38.350
"Directions from Troyo, Lonquimay, Chile to Angol, Chile",,1.26151906945632,50.97208859422076,-71.865,-38.350
"Directions from Troyo, Lonquimay, Chile to Angol, Chile",,1.26166906945632,58.28252558799618,-71.865,-38.350
"Directions from Troyo, Lonquimay, Chile to Angol, Chile",,1.26216100441136,67.95469022506104,-71.864,-38.350
"Directions from Troyo, Lonquimay, Chile to Angol, Chile",,1.26236025299982,76.50605470958720,-71.864,-38.350
"Directions from Troyo, Lonquimay, Chile to Angol, Chile",,1.26248190825042,85.98488698778982,-71.864,-38.349
"Directions from Troyo, Lonquimay, Chile to Angol, Chile",,1.26288203323089,94.17166165113073,-71.864,-38.350
"Directions from Troyo, Lonquimay, Chile to Angol, Chile",,1.26321444863367,93.45561355932811,-71.863,-38.350
"Directions from Troyo, Lonquimay, Chile to Angol, Chile",,1.26330444863367,94.06505117687443,-71.863,-38.350
"Directions from Troyo, Lonquimay, Chile to Angol, Chile",,1.26344586998991,94.06505117687443,-71.863,-38.350
"Directions from Troyo, Lonquimay, Chile to Angol, Chile",,1.26352586998991,94.73116110511312,-71.863,-38.350
"Directions from Troyo, Lonquimay, Chile to Angol, Chile",,1.26358669761522,94.73116110511312,-71.863,-38.350
"Directions from Troyo, Lonquimay, Chile to Angol, Chile",,1.26367669761522,85.93494882129356,-71.863,-38.350
"Directions from Troyo, Lonquimay, Chile to Angol, Chile",,1.26374740829333,63.43494883147136,-71.863,-38.350
"Directions from Troyo, Lonquimay, Chile to Angol, Chile",,1.26376155042895,61.84503377160186,-71.863,-38.350
"Directions from Troyo, Lonquimay, Chile to Angol, Chile",,1.26381254062409,73.44432901895010,-71.863,-38.350
"Directions from Troyo, Lonquimay, Chile to Angol, Chile",,1.26386639227216,56.59929525660076,-71.863,-38.350
"Directions from Troyo, Lonquimay, Chile to Angol, Chile",,1.26402195576402,39.34503376310852,-71.863,-38.349
"Directions from Troyo, Lonquimay, Chile to Angol, Chile",,1.26413012230228,26.83658702468659,-71.863,-38.349
"Directions from Troyo, Lonquimay, Chile to Angol, Chile",,1.26424716930139,23.27407884919183,-71.863,-38.349
"Directions from Troyo, Lonquimay, Chile to Angol, Chile",,1.26433661202049,34.09929525626256,-71.863,-38.349
"Directions from Troyo, Lonquimay, Chile to Angol, Chile",,1.26445702796627,44.99999999873655,-71.862,-38.349
"Directions from Troyo, Lonquimay, Chile to Angol, Chile",,1.26457744391206,55.03285244772968,-71.862,-38.349
"Directions from Troyo, Lonquimay, Chile to Angol, Chile",,1.26472509214267,67.65485195106066,-71.862,-38.349
"Directions from Troyo, Lonquimay, Chile to Angol, Chile",,1.26490229259414,77.22405631131797,-71.862,-38.349
"Directions from Troyo, Lonquimay, Chile to Angol, Chile",,1.26521629896350,82.77378587420530,-71.862,-38.349
"Directions from Troyo, Lonquimay, Chile to Angol, Chile",,1.26575860883802,78.48262358482104,-71.861,-38.349
"Directions from Troyo, Lonquimay, Chile to Angol, Chile",,1.26602109693298,67.43395310911920,-71.861,-38.349
"Directions from Troyo, Lonquimay, Chile to Angol, Chile",,1.26695586963263,67.75492443722334,-71.860,-38.348
"Directions from Troyo, Lonquimay, Chile to Angol, Chile",,1.26709188433772,77.65131383130928,-71.860,-38.348
"Directions from Troyo, Lonquimay, Chile to Angol, Chile",,1.26724321179722,86.20267831561539,-71.860,-38.348
"Directions from Troyo, Lonquimay, Chile to Angol, Chile",,1.26735321179722,86.82990412605210,-71.860,-38.348
"Directions from Troyo, Lonquimay, Chile to Angol, Chile",,1.26744376564860,86.82990412605210,-71.860,-38.348
"Directions from Troyo, Lonquimay, Chile to Angol, Chile",,1.26758376564861,79.72197739020828,-71.860,-38.348
"Directions from Troyo, Lonquimay, Chile to Angol, Chile",,1.26775464572351,67.49999999981412,-71.859,-38.348
"Directions from Troyo, Lonquimay, Chile to Angol, Chile",,1.26811713710272,67.15276985691239,-71.859,-38.348
"Directions from Troyo, Lonquimay, Chile to Angol, Chile",,1.26831026918188,56.87474722695100,-71.859,-38.348
"Directions from Troyo, Lonquimay, Chile to Angol, Chile",,1.26832441131749,61.45262144074124,-71.859,-38.348
"Directions from Troyo, Lonquimay, Chile to Angol, Chile",,1.26846758952813,83.95262146109678,-71.859,-38.348
"Directions from Troyo, Lonquimay, Chile to Angol, Chile",,1.26848758952814,85.26883889818782,-71.859,-38.348
"Directions from Troyo, Lonquimay, Chile to Angol, Chile",,1.26854841715344,85.26883889818778,-71.859,-38.348
"Directions from Troyo, Lonquimay, Chile to Angol, Chile",,1.26856841715344,85.93494882210778,-71.859,-38.348
"Directions from Troyo, Lonquimay, Chile to Angol, Chile",,1.26863912783156,86.85875395507335,-71.859,-38.348
"Directions from Troyo, Lonquimay, Chile to Angol, Chile",,1.26925945032833,89.13563794610052,-71.858,-38.348
"Directions from Troyo, Lonquimay, Chile to Angol, Chile",,1.26941976252374,84.14678163626051,-71.858,-38.348
"Directions from Troyo, Lonquimay, Chile to Angol, Chile",,1.26956118387998,79.71516781366871,-71.858,-38.348
"Directions from Troyo, Lonquimay, Chile to Angol, Chile",,1.27095387910867,74.56274457840362,-71.856,-38.348
"Directions from Troyo, Lonquimay, Chile to Angol, Chile",,1.27104874743848,74.38039255585699,-71.856,-38.347
"Directions from Troyo, Lonquimay, Chile to Angol, Chile",,1.27127435772193,61.09786694764096,-71.856,-38.347
"Directions from Troyo, Lonquimay, Chile to Angol, Chile",,1.27128849985755,58.01479607550786,-71.856,-38.347
"Directions from Troyo, Lonquimay, Chile to Angol, Chile",,1.27162687834386,67.23227050732440,-71.856,-38.347
"Directions from Troyo, Lonquimay, Chile to Angol, Chile",,1.27169396038319,59.87244064690530,-71.856,-38.347
"Directions from Troyo, Lonquimay, Chile to Angol, Chile",,1.27173001589594,51.71551443410964,-71.856,-38.347
"Directions from Troyo, Lonquimay, Chile to Angol, Chile",,1.27192106562769,52.32495205383980,-71.855,-38.347
"Directions from Troyo, Lonquimay, Chile to Angol, Chile",,1.27205144967580,73.76440385517446,-71.855,-38.347
"Directions from Troyo, Lonquimay, Chile to Angol, Chile",,1.27206144967580,80.78252558786046,-71.855,-38.347
"Directions from Troyo, Lonquimay, Chile to Angol, Chile",,1.27215631800561,75.63010235331463,-71.855,-38.347
"Directions from Troyo, Lonquimay, Chile to Angol, Chile",,1.27226812140448,84.84757676545416,-71.855,-38.347
"Directions from Troyo, Lonquimay, Chile to Angol, Chile",,1.27250812140448,91.86569849977180,-71.855,-38.347
"Directions from Troyo, Lonquimay, Chile to Angol, Chile",,1.27296909862734,91.86569849977180,-71.854,-38.347
"Directions from Troyo, Lonquimay, Chile to Angol, Chile",,1.27323909862734,82.98187826603676,-71.854,-38.347
"Directions from Troyo, Lonquimay, Chile to Angol, Chile",,1.27328032968361,82.98187826603676,-71.854,-38.347
"Directions from Troyo, Lonquimay, Chile to Angol, Chile",,1.27330032968360,79.09929525752602,-71.854,-38.347
"Directions from Troyo, Lonquimay, Chile to Angol, Chile",,1.27340803297974,79.09929525752602,-71.854,-38.347
"Directions from Troyo, Lonquimay, Chile to Angol, Chile",,1.27341803297975,79.72197739132363,-71.854,-38.347
"Directions from Troyo, Lonquimay, Chile to Angol, Chile",,1.27350347301719,65.84270709061704,-71.854,-38.347
"Directions from Troyo, Lonquimay, Chile to Angol, Chile",,1.27371818212274,54.48858199342142,-71.854,-38.347
"Directions from Troyo, Lonquimay, Chile to Angol, Chile",,1.27395163447333,54.06262246075650,-71.854,-38.347
"Directions from Troyo, Lonquimay, Chile to Angol, Chile",,1.27407693411419,65.41674755739440,-71.853,-38.347
"Directions from Troyo, Lonquimay, Chile to Angol, Chile",,1.27416237415165,74.56955415622009,-71.853,-38.347
"Directions from Troyo, Lonquimay, Chile to Angol, Chile",,1.27427417755052,81.84307378687420,-71.853,-38.347
"Directions from Troyo, Lonquimay, Chile to Angol, Chile",,1.27446522728227,86.99549702142004,-71.853,-38.347
"Directions from Troyo, Lonquimay, Chile to Angol, Chile",,1.27459522728227,87.88180260055388,-71.853,-38.347
"Directions from Troyo, Lonquimay, Chile to Angol, Chile",,1.27513670673709,89.85439571504858,-71.852,-38.347
"Directions from Troyo, Lonquimay, Chile to Angol, Chile",,1.27542739557416,95.53510128863245,-71.852,-38.347
"Directions from Troyo, Lonquimay, Chile to Angol, Chile",,1.27558864072913,101.53520612421509,-71.852,-38.347
"Directions from Troyo, Lonquimay, Chile to Angol, Chile",,1.27573424292692,97.97269795007738,-71.852,-38.347
"Directions from Troyo, Lonquimay, Chile to Angol, Chile",,1.27574424292691,98.67701231798578,-71.852,-38.347
"Directions from Troyo, Lonquimay, Chile to Angol, Chile",,1.27591187347306,110.47906983952861,-71.852,-38.347
"Directions from Troyo, Lonquimay, Chile to Angol, Chile",,1.27721052662151,111.96362593600594,-71.850,-38.347
"Directions from Troyo, Lonquimay, Chile to Angol, Chile",,1.27749845022249,106.88587594021541,-71.850,-38.347
"Directions from Troyo, Lonquimay, Chile to Angol, Chile",,1.27797141956611,101.65721099749987,-71.850,-38.347
"Directions from Troyo, Lonquimay, Chile to Angol, Chile",,1.27843832426731,101.10244711094865,-71.849,-38.347
"Directions from Troyo, Lonquimay, Chile to Angol, Chile",,1.27876589105440,96.16954363920104,-71.849,-38.348
"Directions from Troyo, Lonquimay, Chile to Angol, Chile",,1.27879589105439,96.49730839578672,-71.849,-38.348
"Directions from Troyo, Lonquimay, Chile to Angol, Chile",,1.27906272433567,118.99730839578670,-71.849,-38.348
"Directions from Troyo, Lonquimay, Chile to Angol, Chile",,1.27907686647130,120.84962211712130,-71.849,-38.348
"Directions from Troyo, Lonquimay, Chile to Angol, Chile",,1.27939007566656,104.16643911594961,-71.848,-38.348
"Directions from Troyo, Lonquimay, Chile to Angol, Chile",,1.27973720676572,98.67211356763572,-71.848,-38.348
"Directions from Troyo, Lonquimay, Chile to Angol, Chile",,1.28044069805920,99.87341830516542,-71.847,-38.348
"Directions from Troyo, Lonquimay, Chile to Angol, Chile",,1.28048192911545,101.43902901650291,-71.847,-38.348
"Directions from Troyo, Lonquimay, Chile to Angol, Chile",,1.28093734101692,97.42541025872484,-71.847,-38.348
"Directions from Troyo, Lonquimay, Chile to Angol, Chile",,1.28112839074867,102.22197738800540,-71.847,-38.348
"Directions from Troyo, Lonquimay, Chile to Angol, Chile",,1.28116001352527,99.21747440942546,-71.847,-38.348
"Directions from Troyo, Lonquimay, Chile to Angol, Chile",,1.28127001352528,85.26883889708748,-71.846,-38.348
"Directions from Troyo, Lonquimay, Chile to Angol, Chile",,1.28133084115057,82.98187826729888,-71.846,-38.348
"Directions from Troyo, Lonquimay, Chile to Angol, Chile",,1.28158163987466,88.46675724931714,-71.846,-38.348
"Directions from Troyo, Lonquimay, Chile to Angol, Chile",,1.28196177143082,97.01812173344202,-71.846,-38.348
"Directions from Troyo, Lonquimay, Chile to Angol, Chile",,1.28205396687540,105.48187826630615,-71.846,-38.348
"Directions from Troyo, Lonquimay, Chile to Angol, Chile",,1.28218045798181,105.26485295007878,-71.846,-38.348
"Directions from Troyo, Lonquimay, Chile to Angol, Chile",,1.28232363619243,99.72356821793002,-71.845,-38.348
"Directions from Troyo, Lonquimay, Chile to Angol, Chile",,1.28263620618459,99.94059353631275,-71.845,-38.348
"Directions from Troyo, Lonquimay, Chile to Angol, Chile",,1.28272840162917,100.32945503336602,-71.845,-38.348
"Directions from Troyo, Lonquimay, Chile to Angol, Chile",,1.28286982298541,101.08317290844290,-71.845,-38.348
"Directions from Troyo, Lonquimay, Chile to Angol, Chile",,1.28291105404166,98.60803679200166,-71.845,-38.348
"Directions from Troyo, Lonquimay, Chile to Angol, Chile",,1.28309133160543,91.58991506043319,-71.845,-38.348
"Directions from Troyo, Lonquimay, Chile to Angol, Chile",,1.28347133160544,87.14470343125018,-71.844,-38.348
"Directions from Troyo, Lonquimay, Chile to Angol, Chile",,1.28367232911786,78.64929178531456,-71.844,-38.348
"Directions from Troyo, Lonquimay, Chile to Angol, Chile",,1.28404875972235,76.77342724968481,-71.844,-38.348
"Directions from Troyo, Lonquimay, Chile to Angol, Chile",,1.28423124259826,85.26883889562043,-71.844,-38.348
"Directions from Troyo, Lonquimay, Chile to Angol, Chile",,1.28426124259827,94.73116110291252,-71.843,-38.348
"Directions from Troyo, Lonquimay, Chile to Angol, Chile",,1.28432207022356,117.23116110291252,-71.843,-38.348
"Directions from Troyo, Lonquimay, Chile to Angol, Chile",,1.28433621235919,112.50000000000000,-71.843,-38.348
"Directions from Troyo, Lonquimay, Chile to Angol, Chile",,1.28438621235919,79.72197738909291,-71.843,-38.348
"Directions from Troyo, Lonquimay, Chile to Angol, Chile",,1.28447165239664,65.19467534089854,-71.843,-38.348
"Directions from Troyo, Lonquimay, Chile to Angol, Chile",,1.28457460869805,67.12307583443538,-71.843,-38.348
"Directions from Troyo, Lonquimay, Chile to Angol, Chile",,1.28467901176315,77.93467389677861,-71.843,-38.348
"Directions from Troyo, Lonquimay, Chile to Angol, Chile",,1.28491096003324,77.06682160472344,-71.843,-38.348
"Directions from Troyo, Lonquimay, Chile to Angol, Chile",,1.28494258280984,80.78252559057456,-71.843,-38.348
"Directions from Troyo, Lonquimay, Chile to Angol, Chile",,1.28518258280984,95.44276352756167,-71.843,-38.348
"Directions from Troyo, Lonquimay, Chile to Angol, Chile",,1.28544734685574,95.91235900024898,-71.842,-38.348
"Directions from Troyo, Lonquimay, Chile to Angol, Chile",,1.28605742881744,94.03210364776454,-71.842,-38.348
"Directions from Troyo, Lonquimay, Chile to Angol, Chile",,1.28613805139493,94.33658702428392,-71.842,-38.348
"Directions from Troyo, Lonquimay, Chile to Angol, Chile",,1.28650818650539,93.94417472315460,-71.841,-38.348
"Directions from Troyo, Lonquimay, Chile to Angol, Chile",,1.28659874035677,93.17009587394791,-71.841,-38.348
"Directions from Troyo, Lonquimay, Chile to Angol, Chile",,1.28682874035677,91.78816718670664,-71.841,-38.348
"Directions from Troyo, Lonquimay, Chile to Angol, Chile",,1.28698905255220,88.43324878289762,-71.841,-38.348
"Directions from Troyo, Lonquimay, Chile to Angol, Chile",,1.28733139740757,80.47553795698998,-71.840,-38.348
"Directions from Troyo, Lonquimay, Chile to Angol, Chile",,1.28765896419465,79.76540518494232,-71.840,-38.348
"Directions from Troyo, Lonquimay, Chile to Angol, Chile",,1.28772967487276,77.82485197634816,-71.840,-38.348
"Directions from Troyo, Lonquimay, Chile to Angol, Chile",,1.28830247501243,75.48777011932148,-71.840,-38.348
"Directions from Troyo, Lonquimay, Chile to Angol, Chile",,1.28852808529589,80.81176806525474,-71.839,-38.348
"Directions from Troyo, Lonquimay, Chile to Angol, Chile",,1.28894003189437,87.94830145505010,-71.839,-38.348
"Directions from Troyo, Lonquimay, Chile to Angol, Chile",,1.28933016007843,113.23440035691206,-71.838,-38.348
"Directions from Troyo, Lonquimay, Chile to Angol, Chile",,1.28934430221406,113.93120261244674,-71.838,-38.348
"Directions from Troyo, Lonquimay, Chile to Angol, Chile",,1.28954455205801,113.93120263280228,-71.838,-38.348
"Directions from Troyo, Lonquimay, Chile to Angol, Chile",,1.28955869419363,116.56505119756925,-71.838,-38.348
"Directions from Troyo, Lonquimay, Chile to Angol, Chile",,1.28977082622799,94.06505117721370,-71.838,-38.348
"Directions from Troyo, Lonquimay, Chile to Angol, Chile",,1.29071082622799,88.75522353861636,-71.837,-38.348
"Directions from Troyo, Lonquimay, Chile to Angol, Chile",,1.29094104351666,88.75522353861636,-71.837,-38.348
"Directions from Troyo, Lonquimay, Chile to Angol, Chile",,1.29157104351665,95.65496623857592,-71.836,-38.348
"Directions from Troyo, Lonquimay, Chile to Angol, Chile",,1.29162203371178,97.03452006782121,-71.836,-38.348
"Directions from Troyo, Lonquimay, Chile to Angol, Chile",,1.29245299700821,90.48459852484422,-71.835,-38.348
"Directions from Troyo, Lonquimay, Chile to Angol, Chile",,1.29277315322009,87.09795684795576,-71.835,-38.348
"Directions from Troyo, Lonquimay, Chile to Angol, Chile",,1.29391595679025,87.99291215235682,-71.834,-38.348
"Directions from Troyo, Lonquimay, Chile to Angol, Chile",,1.29405595679025,88.24823417767112,-71.834,-38.348
"Directions from Troyo, Lonquimay, Chile to Angol, Chile",,1.29503779180694,84.89331577268111,-71.833,-38.348
"Directions from Troyo, Lonquimay, Chile to Angol, Chile",,1.29520896423463,86.64508159500998,-71.833,-38.348
"Directions from Troyo, Lonquimay, Chile to Angol, Chile",,1.29528896423464,87.14470343205635,-71.833,-38.348
"Directions from Troyo, Lonquimay, Chile to Angol, Chile",,1.29538946299084,80.61004448406308,-71.832,-38.347
"Directions from Troyo, Lonquimay, Chile to Angol, Chile",,1.29596435428492,75.70328555365876,-71.832,-38.347
"Directions from Troyo, Lonquimay, Chile to Angol, Chile",,1.29745887762030,71.33723975566846,-71.830,-38.347
"Directions from Troyo, Lonquimay, Chile to Angol, Chile",,1.29751272926837,72.08117352005318,-71.830,-38.347
"Directions from Troyo, Lonquimay, Chile to Angol, Chile",,1.29813119511221,79.30568858621560,-71.830,-38.347
"Directions from Troyo, Lonquimay, Chile to Angol, Chile",,1.29844376510437,84.78140415493149,-71.829,-38.347
"Directions from Troyo, Lonquimay, Chile to Angol, Chile",,1.30011618849574,84.39254265726755,-71.828,-38.347
"Directions from Troyo, Lonquimay, Chile to Angol, Chile",,1.30032832053010,79.67054496817865,-71.828,-38.347
"Directions from Troyo, Lonquimay, Chile to Angol, Chile",,1.30042051597467,79.93827446163468,-71.828,-38.347
"Directions from Troyo, Lonquimay, Chile to Angol, Chile",,1.30057184343418,78.22998036512546,-71.827,-38.347
"Directions from Troyo, Lonquimay, Chile to Angol, Chile",,1.30064464453306,76.00190960755050,-71.827,-38.347
"Directions from Troyo, Lonquimay, Chile to Angol, Chile",,1.30155469947646,75.69607187019518,-71.826,-38.346
"Directions from Troyo, Lonquimay, Chile to Angol, Chile",,1.30194070465778,66.23958604815714,-71.826,-38.346
"Directions from Troyo, Lonquimay, Chile to Angol, Chile",,1.30199901417672,63.43494882538862,-71.826,-38.346
"Directions from Troyo, Lonquimay, Chile to Angol, Chile",,1.30287365696095,65.63430149845605,-71.825,-38.346
"Directions from Troyo, Lonquimay, Chile to Angol, Chile",,1.30296309968005,65.81676966616180,-71.825,-38.346
"Directions from Troyo, Lonquimay, Chile to Angol, Chile",,1.30339391286462,64.34354597831194,-71.825,-38.346
"Directions from Troyo, Lonquimay, Chile to Angol, Chile",,1.30400292846376,64.10145689825758,-71.824,-38.345
"Directions from Troyo, Lonquimay, Chile to Angol, Chile",,1.30466217045272,70.98161934491829,-71.824,-38.345
"Directions from Troyo, Lonquimay, Chile to Angol, Chile",,1.30506738644451,71.67237362651518,-71.823,-38.345
"Directions from Troyo, Lonquimay, Chile to Angol, Chile",,1.30660884679106,72.52983872431562,-71.822,-38.345
"Directions from Troyo, Lonquimay, Chile to Angol, Chile",,1.30669130890357,73.33685515641974,-71.822,-38.344
"Directions from Troyo, Lonquimay, Chile to Angol, Chile",,1.30838647851160,65.48253624379082,-71.820,-38.344
"Directions from Troyo, Lonquimay, Chile to Angol, Chile",,1.30846710108909,64.46860321568550,-71.820,-38.344
"Directions from Troyo, Lonquimay, Chile to Angol, Chile",,1.31066766919755,62.49601009772194,-71.818,-38.343
"Directions from Troyo, Lonquimay, Chile to Angol, Chile",,1.31070372471031,64.80534411807400,-71.818,-38.343
"Directions from Troyo, Lonquimay, Chile to Angol, Chile",,1.31080812777540,71.05334964202804,-71.818,-38.343
"Directions from Troyo, Lonquimay, Chile to Angol, Chile",,1.31133367510913,67.58828289390981,-71.817,-38.343
"Directions from Troyo, Lonquimay, Chile to Angol, Chile",,1.31220688756896,64.23667561906510,-71.817,-38.342
"Directions from Troyo, Lonquimay, Chile to Angol, Chile",,1.31374571829390,60.23147370706842,-71.815,-38.342
"Directions from Troyo, Lonquimay, Chile to Angol, Chile",,1.31490855964164,56.47158158421424,-71.814,-38.341
"Directions from Troyo, Lonquimay, Chile to Angol, Chile",,1.31546073714933,51.61758375159572,-71.814,-38.341
"Directions from Troyo, Lonquimay, Chile to Angol, Chile",,1.31579375366543,46.82611139032030,-71.813,-38.341
"Directions from Troyo, Lonquimay, Chile to Angol, Chile",,1.31613316492040,46.33150038340272,-71.813,-38.340
"Directions from Troyo, Lonquimay, Chile to Angol, Chile",,1.31674193417061,50.15682586040892,-71.813,-38.340
"Directions from Troyo, Lonquimay, Chile to Angol, Chile",,1.31721995090672,51.02467815526332,-71.812,-38.340
"Directions from Troyo, Lonquimay, Chile to Angol, Chile",,1.31768092812959,44.60213822096235,-71.812,-38.339
"Directions from Troyo, Lonquimay, Chile to Angol, Chile",,1.31775903062634,42.40278554339029,-71.812,-38.339
"Directions from Troyo, Lonquimay, Chile to Angol, Chile",,1.31831057391567,43.81407890546882,-71.812,-38.339
"Directions from Troyo, Lonquimay, Chile to Angol, Chile",,1.31950660903221,34.59660449293262,-71.811,-38.338
"Directions from Troyo, Lonquimay, Chile to Angol, Chile",,1.31984201922884,23.50729939302867,-71.811,-38.338
"Directions from Troyo, Lonquimay, Chile to Angol, Chile",,1.32047170168850,18.57439592510193,-71.810,-38.337
"Directions from Troyo, Lonquimay, Chile to Angol, Chile",,1.32057610475358,18.86837763292864,-71.810,-38.337
"Directions from Troyo, Lonquimay, Chile to Angol, Chile",,1.32071538863636,17.53687723871215,-71.810,-38.337
"Directions from Troyo, Lonquimay, Chile to Angol, Chile",,1.32075661969261,18.27448177070741,-71.810,-38.337
"Directions from Troyo, Lonquimay, Chile to Angol, Chile",,1.32240200718497,11.25636004512586,-71.810,-38.335
"Directions from Troyo, Lonquimay, Chile to Angol, Chile",,1.32242200718497,7.71108065909943,-71.810,-38.335
"Directions from Troyo, Lonquimay, Chile to Angol, Chile",,1.32272283936410,11.50840234463960,-71.810,-38.335
"Directions from Troyo, Lonquimay, Chile to Angol, Chile",,1.32287416682360,3.79732168554018,-71.810,-38.335
"Directions from Troyo, Lonquimay, Chile to Angol, Chile",,1.32296416682360,357.88180259980408,-71.810,-38.335
"Directions from Troyo, Lonquimay, Chile to Angol, Chile",,1.32323490655102,357.88180259980408,-71.810,-38.335
"Directions from Troyo, Lonquimay, Chile to Angol, Chile",,1.32331490655101,22.50000000000000,-71.810,-38.334
"Directions from Troyo, Lonquimay, Chile to Angol, Chile",,1.32332904868664,30.12755935387760,-71.810,-38.334
"Directions from Troyo, Lonquimay, Chile to Angol, Chile",,1.32344306622915,19.22685460894691,-71.810,-38.334
"Directions from Troyo, Lonquimay, Chile to Angol, Chile",,1.32351922396021,27.40304637784430,-71.810,-38.334
"Directions from Troyo, Lonquimay, Chile to Angol, Chile",,1.32367186733543,39.54852758331369,-71.809,-38.334
"Directions from Troyo, Lonquimay, Chile to Angol, Chile",,1.32383465554139,51.36682018369362,-71.809,-38.334
"Directions from Troyo, Lonquimay, Chile to Angol, Chile",,1.32443106144344,72.62204372315492,-71.809,-38.334
"Directions from Troyo, Lonquimay, Chile to Angol, Chile",,1.32444106144344,65.30064732346014,-71.809,-38.334
"Directions from Troyo, Lonquimay, Chile to Angol, Chile",,1.32453325688802,65.30064732346014,-71.809,-38.334
"Directions from Troyo, Lonquimay, Chile to Angol, Chile",,1.32454325688802,62.76883889626228,-71.809,-38.334
"Directions from Troyo, Lonquimay, Chile to Angol, Chile",,1.32462928014069,38.36180147839654,-71.809,-38.334
"Directions from Troyo, Lonquimay, Chile to Angol, Chile",,1.32473558159881,38.36180147839654,-71.809,-38.333
"Directions from Troyo, Lonquimay, Chile to Angol, Chile",,1.32482160485149,62.76883889626228,-71.809,-38.333
"Directions from Troyo, Lonquimay, Chile to Angol, Chile",,1.32483160485149,65.59296258087332,-71.809,-38.333
"Directions from Troyo, Lonquimay, Chile to Angol, Chile",,1.32493790630962,46.04603313799804,-71.809,-38.333
"Directions from Troyo, Lonquimay, Chile to Angol, Chile",,1.32535021687218,54.45037895216812,-71.808,-38.333
"Directions from Troyo, Lonquimay, Chile to Angol, Chile",,1.32544455668350,61.77533100664762,-71.808,-38.333
"Directions from Troyo, Lonquimay, Chile to Angol, Chile",,1.32556538714324,62.74373119923710,-71.808,-38.333
"Directions from Troyo, Lonquimay, Chile to Angol, Chile",,1.32578493212723,61.90583050920616,-71.808,-38.333
"Directions from Troyo, Lonquimay, Chile to Angol, Chile",,1.32751122874138,66.03941717909926,-71.806,-38.332
"Directions from Troyo, Lonquimay, Chile to Angol, Chile",,1.32761893203753,71.59011494178124,-71.806,-38.332
"Directions from Troyo, Lonquimay, Chile to Angol, Chile",,1.32804343174305,73.50624981433144,-71.806,-38.332
"Directions from Troyo, Lonquimay, Chile to Angol, Chile",,1.32882137775661,69.63994195875443,-71.805,-38.332
"Directions from Troyo, Lonquimay, Chile to Angol, Chile",,1.32915753248289,64.74524152797160,-71.805,-38.332
"Directions from Troyo, Lonquimay, Chile to Angol, Chile",,1.32937224158843,60.20700641060734,-71.805,-38.331
"Directions from Troyo, Lonquimay, Chile to Angol, Chile",,1.32971356255174,56.07259002008256,-71.804,-38.331
"Directions from Troyo, Lonquimay, Chile to Angol, Chile",,1.32984957725683,49.48631330813244,-71.804,-38.331
"Directions from Troyo, Lonquimay, Chile to Angol, Chile",,1.33007585142681,37.98187826899282,-71.804,-38.331
"Directions from Troyo, Lonquimay, Chile to Angol, Chile",,1.33013416094576,37.98187826962892,-71.804,-38.331
"Directions from Troyo, Lonquimay, Chile to Angol, Chile",,1.33019072948825,22.50000000000000,-71.804,-38.331
"Directions from Troyo, Lonquimay, Chile to Angol, Chile",,1.33020072948826,18.43494882129357,-71.804,-38.331
"Directions from Troyo, Lonquimay, Chile to Angol, Chile",,1.33030072948825,32.17216463425268,-71.804,-38.331
"Directions from Troyo, Lonquimay, Chile to Angol, Chile",,1.33058250954432,26.06912316922589,-71.804,-38.331
"Directions from Troyo, Lonquimay, Chile to Angol, Chile",,1.33166088795657,27.06985185765636,-71.803,-38.330
"Directions from Troyo, Lonquimay, Chile to Angol, Chile",,1.33192508485284,31.21255205983226,-71.803,-38.329
"Directions from Troyo, Lonquimay, Chile to Angol, Chile",,1.33321209689630,31.21255205995865,-71.802,-38.328
"Directions from Troyo, Lonquimay, Chile to Angol, Chile",,1.33400468758512,27.77562229358700,-71.802,-38.328
"Directions from Troyo, Lonquimay, Chile to Angol, Chile",,1.33452794660319,28.27045025242891,-71.802,-38.327
"Directions from Troyo, Lonquimay, Chile to Angol, Chile",,1.33472517743243,34.56267658640997,-71.802,-38.327
"Directions from Troyo, Lonquimay, Chile to Angol, Chile",,1.33478920867480,41.82990412605209,-71.802,-38.327
"Directions from Troyo, Lonquimay, Chile to Angol, Chile",,1.33485991935292,52.01812173635802,-71.802,-38.327
"Directions from Troyo, Lonquimay, Chile to Angol, Chile",,1.33491822887187,63.61741699072542,-71.802,-38.327
"Directions from Troyo, Lonquimay, Chile to Angol, Chile",,1.33502593216801,72.23116110160355,-71.801,-38.327
"Directions from Troyo, Lonquimay, Chile to Angol, Chile",,1.33595243095376,69.84934025869714,-71.801,-38.327
"Directions from Troyo, Lonquimay, Chile to Angol, Chile",,1.33599715231331,59.87244065316856,-71.801,-38.327
"Directions from Troyo, Lonquimay, Chile to Angol, Chile",,1.33603320782607,59.87244065316856,-71.800,-38.327
"Directions from Troyo, Lonquimay, Chile to Angol, Chile",,1.33607792918562,54.45620130010660,-71.800,-38.327
"Directions from Troyo, Lonquimay, Chile to Angol, Chile",,1.33777504438501,44.02634836663696,-71.799,-38.325
"Directions from Troyo, Lonquimay, Chile to Angol, Chile",,1.33994780760266,34.57014706653036,-71.798,-38.324
"Directions from Troyo, Lonquimay, Chile to Angol, Chile",,1.33997016828244,33.99435840107992,-71.798,-38.324
"Directions from Troyo, Lonquimay, Chile to Angol, Chile",,1.34042359964439,39.31579377348482,-71.797,-38.323
"Directions from Troyo, Lonquimay, Chile to Angol, Chile",,1.34177962324300,36.14083820754400,-71.797,-38.322
"Directions from Troyo, Lonquimay, Chile to Angol, Chile",,1.34292818756423,33.53956885046590,-71.796,-38.321
"Directions from Troyo, Lonquimay, Chile to Angol, Chile",,1.34415460511140,30.30792143788563,-71.795,-38.320
"Directions from Troyo, Lonquimay, Chile to Angol, Chile",,1.34440520439312,32.74017865531340,-71.795,-38.320
"Directions from Troyo, Lonquimay, Chile to Angol, Chile",,1.34445520439312,32.74017865460032,-71.795,-38.320
"Directions from Troyo, Lonquimay, Chile to Angol, Chile",,1.34495640295657,25.53683607784639,-71.795,-38.320
"Directions from Troyo, Lonquimay, Chile to Angol, Chile",,1.34608179177826,26.71348451416855,-71.795,-38.319
"Directions from Troyo, Lonquimay, Chile to Angol, Chile",,1.34614010129722,26.82877574168826,-71.794,-38.319
"Directions from Troyo, Lonquimay, Chile to Angol, Chile",,1.34673625563964,28.05080976686886,-71.794,-38.318
"Directions from Troyo, Lonquimay, Chile to Angol, Chile",,1.34729928317005,35.26937451918623,-71.794,-38.318
"Directions from Troyo, Lonquimay, Chile to Angol, Chile",,1.34817729228163,18.56546222437671,-71.793,-38.317
"Directions from Troyo, Lonquimay, Chile to Angol, Chile",,1.34818729228163,22.49999999660741,-71.793,-38.317
"Directions from Troyo, Lonquimay, Chile to Angol, Chile",,1.34822971868850,41.99007436220414,-71.793,-38.317
"Directions from Troyo, Lonquimay, Chile to Angol, Chile",,1.35018504474826,64.49007436559674,-71.792,-38.315
"Directions from Troyo, Lonquimay, Chile to Angol, Chile",,1.35019504474826,62.80661631117924,-71.792,-38.315
"Directions from Troyo, Lonquimay, Chile to Angol, Chile",,1.35283968082909,40.30661631117921,-71.791,-38.313
"Directions from Troyo, Lonquimay, Chile to Angol, Chile",,1.35289624937158,38.18165110706656,-71.791,-38.313
"Directions from Troyo, Lonquimay, Chile to Angol, Chile",,1.35412592412533,34.79856369542098,-71.790,-38.312
"Directions from Troyo, Lonquimay, Chile to Angol, Chile",,1.35454604315608,39.60278075473414,-71.790,-38.312
"Directions from Troyo, Lonquimay, Chile to Angol, Chile",,1.35504933233736,44.66909849834030,-71.789,-38.311
"Directions from Troyo, Lonquimay, Chile to Angol, Chile",,1.35553099612051,50.28625883263632,-71.789,-38.311
"Directions from Troyo, Lonquimay, Chile to Angol, Chile",,1.35615107676043,54.25799473762062,-71.788,-38.311
"Directions from Troyo, Lonquimay, Chile to Angol, Chile",,1.35701640906654,58.62766418745430,-71.788,-38.310
"Directions from Troyo, Lonquimay, Chile to Angol, Chile",,1.35742823427218,62.61772106023980,-71.787,-38.310
"Directions from Troyo, Lonquimay, Chile to Angol, Chile",,1.35772790075346,66.24431836725638,-71.787,-38.310
"Directions from Troyo, Lonquimay, Chile to Angol, Chile",,1.35783560404960,64.87783094504378,-71.787,-38.310
"Directions from Troyo, Lonquimay, Chile to Angol, Chile",,1.35838149781216,64.17924043104463,-71.787,-38.310
"Directions from Troyo, Lonquimay, Chile to Angol, Chile",,1.35845765554323,62.16510859834210,-71.786,-38.309
"Directions from Troyo, Lonquimay, Chile to Angol, Chile",,1.35858803959132,55.32945503230034,-71.786,-38.309
"Directions from Troyo, Lonquimay, Chile to Angol, Chile",,1.35878803959133,49.06505117748510,-71.786,-38.309
"Directions from Troyo, Lonquimay, Chile to Angol, Chile",,1.35891531881194,35.78252559261011,-71.786,-38.309
"Directions from Troyo, Lonquimay, Chile to Angol, Chile",,1.35893767949172,35.78252559261011,-71.786,-38.309
"Directions from Troyo, Lonquimay, Chile to Angol, Chile",,1.35899424803421,41.09235322655512,-71.786,-38.309
"Directions from Troyo, Lonquimay, Chile to Angol, Chile",,1.35935825352867,32.42397239031355,-71.786,-38.309
"Directions from Troyo, Lonquimay, Chile to Angol, Chile",,1.36075828924250,32.26656798769822,-71.785,-38.308
"Directions from Troyo, Lonquimay, Chile to Angol, Chile",,1.36095828924251,45.66610992630214,-71.785,-38.307
"Directions from Troyo, Lonquimay, Chile to Angol, Chile",,1.36104431249518,61.04109357710526,-71.785,-38.307
"Directions from Troyo, Lonquimay, Chile to Angol, Chile",,1.36122816025828,64.72063741980367,-71.785,-38.307
"Directions from Troyo, Lonquimay, Chile to Angol, Chile",,1.36186345546526,53.41070494506078,-71.784,-38.307
"Directions from Troyo, Lonquimay, Chile to Angol, Chile",,1.36193416614338,39.34503376298991,-71.784,-38.307
"Directions from Troyo, Lonquimay, Chile to Angol, Chile",,1.36200627716889,30.12755935051111,-71.784,-38.307
"Directions from Troyo, Lonquimay, Chile to Angol, Chile",,1.36209571988799,21.83389007182733,-71.784,-38.307
"Directions from Troyo, Lonquimay, Chile to Angol, Chile",,1.36223173459307,8.55136448430613,-71.784,-38.307
"Directions from Troyo, Lonquimay, Chile to Angol, Chile",,1.36231173459307,351.80522983291775,-71.784,-38.307
"Directions from Troyo, Lonquimay, Chile to Angol, Chile",,1.36248893504454,351.80522983291775,-71.784,-38.306
"Directions from Troyo, Lonquimay, Chile to Angol, Chile",,1.36250893504454,343.99730839561516,-71.784,-38.306
"Directions from Troyo, Lonquimay, Chile to Angol, Chile",,1.36269761466719,319.45450000635105,-71.784,-38.306
"Directions from Troyo, Lonquimay, Chile to Angol, Chile",,1.36289610899959,312.95719161073583,-71.784,-38.306
"Directions from Troyo, Lonquimay, Chile to Angol, Chile",,1.36302338822020,317.85529656864907,-71.785,-38.306
"Directions from Troyo, Lonquimay, Chile to Angol, Chile",,1.36330764162827,324.87341830271208,-71.785,-38.306
"Directions from Troyo, Lonquimay, Chile to Angol, Chile",,1.36365749874197,322.01812172388532,-71.785,-38.306
"Directions from Troyo, Lonquimay, Chile to Angol, Chile",,1.36367164087759,329.87244063938937,-71.785,-38.306
"Directions from Troyo, Lonquimay, Chile to Angol, Chile",,1.36378565842010,352.37244064956712,-71.785,-38.305
"Directions from Troyo, Lonquimay, Chile to Angol, Chile",,1.36380565842010,350.78252558650343,-71.785,-38.305
"Directions from Troyo, Lonquimay, Chile to Angol, Chile",,1.36383728119670,350.78252558650343,-71.785,-38.305
"Directions from Troyo, Lonquimay, Chile to Angol, Chile",,1.36387728119670,9.21747441349656,-71.785,-38.305
"Directions from Troyo, Lonquimay, Chile to Angol, Chile",,1.36390890397331,9.21747441349656,-71.785,-38.305
"Directions from Troyo, Lonquimay, Chile to Angol, Chile",,1.36393890397330,11.59929525670711,-71.785,-38.305
"Directions from Troyo, Lonquimay, Chile to Angol, Chile",,1.36416737716648,18.21955521416725,-71.785,-38.305
"Directions from Troyo, Lonquimay, Chile to Angol, Chile",,1.36434201965844,6.62025995746014,-71.785,-38.305
"Directions from Troyo, Lonquimay, Chile to Angol, Chile",,1.36435201965845,10.90070473896441,-71.785,-38.305
"Directions from Troyo, Lonquimay, Chile to Angol, Chile",,1.36440587130652,18.66276023757483,-71.785,-38.305
"Directions from Troyo, Lonquimay, Chile to Angol, Chile",,1.36459268672344,18.95212302386753,-71.785,-38.305
"Directions from Troyo, Lonquimay, Chile to Angol, Chile",,1.36477653448654,24.47259311379610,-71.785,-38.304
"Directions from Troyo, Lonquimay, Chile to Angol, Chile",,1.36488833788542,28.91439143673316,-71.785,-38.304
"Directions from Troyo, Lonquimay, Chile to Angol, Chile",,1.36521590467251,36.01366844834538,-71.784,-38.304
"Directions from Troyo, Lonquimay, Chile to Angol, Chile",,1.36559878846689,44.70791399004743,-71.784,-38.304
"Directions from Troyo, Lonquimay, Chile to Angol, Chile",,1.36593180498299,50.38861956419052,-71.784,-38.304
"Directions from Troyo, Lonquimay, Chile to Angol, Chile",,1.36627385761052,48.56250817938320,-71.784,-38.303
"Directions from Troyo, Lonquimay, Chile to Angol, Chile",,1.36630214188177,50.00398990512648,-71.784,-38.303
"Directions from Troyo, Lonquimay, Chile to Angol, Chile",,1.36654627299408,56.40612293292092,-71.783,-38.303
"Directions from Troyo, Lonquimay, Chile to Angol, Chile",,1.36686533411675,61.34471558951768,-71.783,-38.303
"Directions from Troyo, Lonquimay, Chile to Angol, Chile",,1.36721874605770,67.95737865249777,-71.783,-38.303
"Directions from Troyo, Lonquimay, Chile to Angol, Chile",,1.36755712454401,73.49667436285807,-71.783,-38.303
"Directions from Troyo, Lonquimay, Chile to Angol, Chile",,1.36776327982530,78.71649546152292,-71.782,-38.303
"Directions from Troyo, Lonquimay, Chile to Angol, Chile",,1.36796551730945,85.73461719452824,-71.782,-38.303
"Directions from Troyo, Lonquimay, Chile to Angol, Chile",,1.36804551730945,93.17009587171374,-71.782,-38.303
"Directions from Troyo, Lonquimay, Chile to Angol, Chile",,1.36813607116083,91.80694037535935,-71.782,-38.303
"Directions from Troyo, Lonquimay, Chile to Angol, Chile",,1.36834630912126,81.17113591440786,-71.782,-38.303
"Directions from Troyo, Lonquimay, Chile to Angol, Chile",,1.36850155086821,70.51217977621098,-71.782,-38.303
"Directions from Troyo, Lonquimay, Chile to Angol, Chile",,1.36921330925419,77.97788836544871,-71.781,-38.302
"Directions from Troyo, Lonquimay, Chile to Angol, Chile",,1.36922330925419,79.23869994589272,-71.781,-38.302
"Directions from Troyo, Lonquimay, Chile to Angol, Chile",,1.36998652613031,63.75682168075398,-71.780,-38.302
"Directions from Troyo, Lonquimay, Chile to Angol, Chile",,1.37010314516821,61.23559614530450,-71.780,-38.302
"Directions from Troyo, Lonquimay, Chile to Angol, Chile",,1.37028203060641,54.21747441553212,-71.780,-38.302
"Directions from Troyo, Lonquimay, Chile to Angol, Chile",,1.37031031487766,49.06505118216688,-71.780,-38.302
"Directions from Troyo, Lonquimay, Chile to Angol, Chile",,1.37051031487765,48.56250817465134,-71.780,-38.302
"Directions from Troyo, Lonquimay, Chile to Angol, Chile",,1.37091342776507,42.36351034735577,-71.779,-38.302
"Directions from Troyo, Lonquimay, Chile to Angol, Chile",,1.37138850670588,42.86605334978244,-71.779,-38.301
"Directions from Troyo, Lonquimay, Chile to Angol, Chile",,1.37171377582523,42.80064732178382,-71.779,-38.301
"Directions from Troyo, Lonquimay, Chile to Angol, Chile",,1.37189816671437,42.80064732143285,-71.779,-38.301
"Directions from Troyo, Lonquimay, Chile to Angol, Chile",,1.37230828864745,43.09296258466552,-71.779,-38.301
"Directions from Troyo, Lonquimay, Chile to Angol, Chile",,1.37241459010558,43.96966501507078,-71.778,-38.300
"Directions from Troyo, Lonquimay, Chile to Angol, Chile",,1.37518774715126,49.04679830271138,-71.776,-38.299
"Directions from Troyo, Lonquimay, Chile to Angol, Chile",,1.37550790336313,53.55136448407802,-71.776,-38.298
"Directions from Troyo, Lonquimay, Chile to Angol, Chile",,1.37637882241793,56.74344645447476,-71.775,-38.298
"Directions from Troyo, Lonquimay, Chile to Angol, Chile",,1.37682826651902,54.78356454962612,-71.775,-38.298
"Directions from Troyo, Lonquimay, Chile to Angol, Chile",,1.37700631145716,46.83147164667150,-71.775,-38.298
"Directions from Troyo, Lonquimay, Chile to Angol, Chile",,1.37726126243284,39.34503376283333,-71.775,-38.297
"Directions from Troyo, Lonquimay, Chile to Angol, Chile",,1.37856126243284,35.93095892201345,-71.774,-38.296
"Directions from Troyo, Lonquimay, Chile to Angol, Chile",,1.37965985243825,32.97788836636378,-71.773,-38.295
"Directions from Troyo, Lonquimay, Chile to Angol, Chile",,1.37989309051405,15.48187826708448,-71.773,-38.295
"Directions from Troyo, Lonquimay, Chile to Angol, Chile",,1.37990309051405,8.67701231602991,-71.773,-38.295
"Directions from Troyo, Lonquimay, Chile to Angol, Chile",,1.38007072106019,9.69971656078469,-71.773,-38.295
"Directions from Troyo, Lonquimay, Chile to Angol, Chile",,1.38035089957471,356.95765306910164,-71.773,-38.295
"Directions from Troyo, Lonquimay, Chile to Angol, Chile",,1.38049232093095,345.94339556235684,-71.773,-38.295
"Directions from Troyo, Lonquimay, Chile to Angol, Chile",,1.38072641492917,334.88022815724725,-71.773,-38.294
"Directions from Troyo, Lonquimay, Chile to Angol, Chile",,1.38100426380895,325.93428959212241,-71.773,-38.294
"Directions from Troyo, Lonquimay, Chile to Angol, Chile",,1.38111828135147,317.86391765950316,-71.774,-38.294
"Directions from Troyo, Lonquimay, Chile to Angol, Chile",,1.38140828135146,311.79485260900071,-71.774,-38.294
"Directions from Troyo, Lonquimay, Chile to Angol, Chile",,1.38181287991794,308.42839194503324,-71.774,-38.294
"Directions from Troyo, Lonquimay, Chile to Angol, Chile",,1.38211287991795,308.66606256892152,-71.774,-38.293
"Directions from Troyo, Lonquimay, Chile to Angol, Chile",,1.38255975797737,311.86326145094768,-71.775,-38.293
"Directions from Troyo, Lonquimay, Chile to Angol, Chile",,1.38279321032798,323.34962211885187,-71.775,-38.293
"Directions from Troyo, Lonquimay, Chile to Angol, Chile",,1.38286029236731,337.50000000576739,-71.775,-38.293
"Directions from Troyo, Lonquimay, Chile to Angol, Chile",,1.38292353792051,350.78252559159233,-71.775,-38.293
"Directions from Troyo, Lonquimay, Chile to Angol, Chile",,1.38296353792050,355.93494882170069,-71.775,-38.293
"Directions from Troyo, Lonquimay, Chile to Angol, Chile",,1.38310495927674,0.14843333227705,-71.775,-38.293
"Directions from Troyo, Lonquimay, Chile to Angol, Chile",,1.38337790615802,358.55851827200047,-71.775,-38.292
"Directions from Troyo, Lonquimay, Chile to Angol, Chile",,1.38342889635316,354.34503376142408,-71.775,-38.292
"Directions from Troyo, Lonquimay, Chile to Angol, Chile",,1.38345889635316,352.98187827322107,-71.775,-38.292
"Directions from Troyo, Lonquimay, Chile to Angol, Chile",,1.38350012740941,342.08117352723747,-71.775,-38.292
"Directions from Troyo, Lonquimay, Chile to Angol, Chile",,1.38355397905748,333.61741698842872,-71.775,-38.292
"Directions from Troyo, Lonquimay, Chile to Angol, Chile",,1.38378721713328,330.61291401229676,-71.775,-38.292
"Directions from Troyo, Lonquimay, Chile to Angol, Chile",,1.38481605142509,346.09479227788455,-71.775,-38.291
"Directions from Troyo, Lonquimay, Chile to Angol, Chile",,1.38487605142509,346.71747442367439,-71.775,-38.291
"Directions from Troyo, Lonquimay, Chile to Angol, Chile",,1.38489841210486,354.18318301257420,-71.775,-38.291
"Directions from Troyo, Lonquimay, Chile to Angol, Chile",,1.38505365385182,29.96570858889985,-71.775,-38.291
"Directions from Troyo, Lonquimay, Chile to Angol, Chile",,1.38506779598745,39.34503375672666,-71.775,-38.291
"Directions from Troyo, Lonquimay, Chile to Angol, Chile",,1.38510385150020,39.34503376181554,-71.775,-38.291
"Directions from Troyo, Lonquimay, Chile to Angol, Chile",,1.38513213577145,49.06505118379534,-71.775,-38.291
"Directions from Troyo, Lonquimay, Chile to Angol, Chile",,1.38518213577145,58.96448935521926,-71.775,-38.291
"Directions from Troyo, Lonquimay, Chile to Angol, Chile",,1.38537001871373,69.55967611520445,-71.775,-38.291
"Directions from Troyo, Lonquimay, Chile to Angol, Chile",,1.38596204911835,69.93826054880874,-71.775,-38.291
"Directions from Troyo, Lonquimay, Chile to Angol, Chile",,1.38632454049756,57.87523706465184,-71.774,-38.290
"Directions from Troyo, Lonquimay, Chile to Angol, Chile",,1.38640264299432,44.79754478570091,-71.774,-38.290
"Directions from Troyo, Lonquimay, Chile to Angol, Chile",,1.38676499641295,36.95459182570223,-71.774,-38.290
"Directions from Troyo, Lonquimay, Chile to Angol, Chile",,1.38695916129135,36.01381840481919,-71.774,-38.290
"Directions from Troyo, Lonquimay, Chile to Angol, Chile",,1.38978334258865,32.04208249882208,-71.772,-38.288
"Directions from Troyo, Lonquimay, Chile to Angol, Chile",,1.38987278530774,29.51812173288560,-71.772,-38.288
"Directions from Troyo, Lonquimay, Chile to Angol, Chile",,1.39000316935584,26.51361875218644,-71.772,-38.287
"Directions from Troyo, Lonquimay, Chile to Angol, Chile",,1.39008860939330,13.44811848178773,-71.772,-38.287
"Directions from Troyo, Lonquimay, Chile to Angol, Chile",,1.39017916324468,358.43893476828464,-71.772,-38.287
"Directions from Troyo, Lonquimay, Chile to Angol, Chile",,1.39023999086998,355.26883889433674,-71.772,-38.287
"Directions from Troyo, Lonquimay, Chile to Angol, Chile",,1.39026999086999,345.69477016883252,-71.772,-38.287
"Directions from Troyo, Lonquimay, Chile to Angol, Chile",,1.39039529051084,326.05006673748159,-71.772,-38.287
"Directions from Troyo, Lonquimay, Chile to Angol, Chile",,1.39082167062295,317.46288426703092,-71.772,-38.287
"Directions from Troyo, Lonquimay, Chile to Angol, Chile",,1.39133790700292,318.06320125839159,-71.773,-38.286
"Directions from Troyo, Lonquimay, Chile to Angol, Chile",,1.39180801337386,323.70135206487970,-71.773,-38.286
"Directions from Troyo, Lonquimay, Chile to Angol, Chile",,1.39200217825224,323.41583437881786,-71.773,-38.286
"Directions from Troyo, Lonquimay, Chile to Angol, Chile",,1.39219427197937,325.38048243776575,-71.773,-38.286
"Directions from Troyo, Lonquimay, Chile to Angol, Chile",,1.39244981062615,338.44598270732627,-71.773,-38.286
"Directions from Troyo, Lonquimay, Chile to Angol, Chile",,1.39254200607072,353.73559614350842,-71.773,-38.285
"Directions from Troyo, Lonquimay, Chile to Angol, Chile",,1.39265200607072,14.52730204992264,-71.773,-38.285
"Directions from Troyo, Lonquimay, Chile to Angol, Chile",,1.39275496237213,34.74034142006929,-71.773,-38.285
"Directions from Troyo, Lonquimay, Chile to Angol, Chile",,1.39310964532916,37.05807313000494,-71.773,-38.285
"Directions from Troyo, Lonquimay, Chile to Angol, Chile",,1.39314570084190,37.14568108331841,-71.773,-38.285
"Directions from Troyo, Lonquimay, Chile to Angol, Chile",,1.39323789628648,32.28189181032952,-71.773,-38.285
"Directions from Troyo, Lonquimay, Chile to Angol, Chile",,1.39333638486450,15.54375266241636,-71.773,-38.285
"Directions from Troyo, Lonquimay, Chile to Angol, Chile",,1.39349763001946,16.84503375187264,-71.773,-38.285
"Directions from Troyo, Lonquimay, Chile to Angol, Chile",,1.39351999069923,18.93749181490159,-71.773,-38.285
"Directions from Troyo, Lonquimay, Chile to Angol, Chile",,1.39357098089437,17.25426149364522,-71.773,-38.285
"Directions from Troyo, Lonquimay, Chile to Angol, Chile",,1.39364713862543,26.47173590437552,-71.773,-38.284
"Directions from Troyo, Lonquimay, Chile to Angol, Chile",,1.39388900635788,26.47173590542838,-71.773,-38.284
"Directions from Troyo, Lonquimay, Chile to Angol, Chile",,1.39396516408894,15.16180343151256,-71.773,-38.284
"Directions from Troyo, Lonquimay, Chile to Angol, Chile",,1.39404578666642,3.56250817539038,-71.773,-38.284
"Directions from Troyo, Lonquimay, Chile to Angol, Chile",,1.39429578666642,355.93494882149707,-71.773,-38.284
"Directions from Troyo, Lonquimay, Chile to Angol, Chile",,1.39443720802266,348.91682709591561,-71.773,-38.284
"Directions from Troyo, Lonquimay, Chile to Angol, Chile",,1.39447843907892,349.18455658887831,-71.773,-38.284
"Directions from Troyo, Lonquimay, Chile to Angol, Chile",,1.39462976653842,356.20267831445983,-71.773,-38.284
"Directions from Troyo, Lonquimay, Chile to Angol, Chile",,1.39498976653842,5.00398990003760,-71.773,-38.283
"Directions from Troyo, Lonquimay, Chile to Angol, Chile",,1.39516239330343,14.72400731462675,-71.773,-38.283
"Directions from Troyo, Lonquimay, Chile to Angol, Chile",,1.39534267086721,22.10758769999807,-71.773,-38.283
"Directions from Troyo, Lonquimay, Chile to Angol, Chile",,1.39548584907784,19.40569201218785,-71.773,-38.283
"Directions from Troyo, Lonquimay, Chile to Angol, Chile",,1.39552708013410,21.75606622950998,-71.773,-38.283
"Directions from Troyo, Lonquimay, Chile to Angol, Chile",,1.39579127703038,26.95992189029031,-71.773,-38.282
"Directions from Troyo, Lonquimay, Chile to Angol, Chile",,1.39591210749011,27.32763858054974,-71.772,-38.282
"Directions from Troyo, Lonquimay, Chile to Angol, Chile",,1.39682627377695,33.78033571564039,-71.772,-38.282
"Directions from Troyo, Lonquimay, Chile to Angol, Chile",,1.39730429051307,46.82964076018196,-71.772,-38.281
"Directions from Troyo, Lonquimay, Chile to Angol, Chile",,1.39741245705133,51.38936659445748,-71.772,-38.281
"Directions from Troyo, Lonquimay, Chile to Angol, Chile",,1.39768831933580,42.69817215340174,-71.771,-38.281
"Directions from Troyo, Lonquimay, Chile to Angol, Chile",,1.39935939683252,37.72449580960071,-71.770,-38.280
"Directions from Troyo, Lonquimay, Chile to Angol, Chile",,1.40166143940380,40.76072401324272,-71.769,-38.278
"Directions from Troyo, Lonquimay, Chile to Angol, Chile",,1.40287766306744,54.21747441157936,-71.768,-38.277
"Directions from Troyo, Lonquimay, Chile to Angol, Chile",,1.40292238442699,59.60962334459646,-71.768,-38.277
"Directions from Troyo, Lonquimay, Chile to Angol, Chile",,1.40322470875614,52.07537926541188,-71.768,-38.277
"Directions from Troyo, Lonquimay, Chile to Angol, Chile",,1.40334512470193,44.08601587774164,-71.768,-38.277
"Directions from Troyo, Lonquimay, Chile to Angol, Chile",,1.40342322719869,33.18531113400420,-71.768,-38.277
"Directions from Troyo, Lonquimay, Chile to Angol, Chile",,1.40351266991779,30.37101997551189,-71.768,-38.276
"Directions from Troyo, Lonquimay, Chile to Angol, Chile",,1.40449175111973,39.58849439206178,-71.767,-38.276
"Directions from Troyo, Lonquimay, Chile to Angol, Chile",,1.40452003539099,41.63475803771911,-71.767,-38.276
"Directions from Troyo, Lonquimay, Chile to Angol, Chile",,1.40566637739929,41.63475803335720,-71.766,-38.275
"Directions from Troyo, Lonquimay, Chile to Angol, Chile",,1.40586436729802,49.06505117617652,-71.766,-38.275
"Directions from Troyo, Lonquimay, Chile to Angol, Chile",,1.40596436729802,55.76130005267454,-71.766,-38.275
"Directions from Troyo, Lonquimay, Chile to Angol, Chile",,1.40611701067324,64.20469561716649,-71.766,-38.274
"Directions from Troyo, Lonquimay, Chile to Angol, Chile",,1.40623405767235,73.74404288452757,-71.766,-38.274
"Directions from Troyo, Lonquimay, Chile to Angol, Chile",,1.40641844856150,71.75435165771668,-71.766,-38.274
"Directions from Troyo, Lonquimay, Chile to Angol, Chile",,1.40661542571754,59.08126368742494,-71.766,-38.274
"Directions from Troyo, Lonquimay, Chile to Angol, Chile",,1.40684346080256,45.70721160564526,-71.765,-38.274
"Directions from Troyo, Lonquimay, Chile to Angol, Chile",,1.40712771421063,40.49377059418972,-71.765,-38.274
"Directions from Troyo, Lonquimay, Chile to Angol, Chile",,1.40786432808505,34.45712294136109,-71.765,-38.273
"Directions from Troyo, Lonquimay, Chile to Angol, Chile",,1.40825790145814,29.08993404306236,-71.765,-38.273
"Directions from Troyo, Lonquimay, Chile to Angol, Chile",,1.40837452049603,36.61872276813954,-71.764,-38.273
"Directions from Troyo, Lonquimay, Chile to Angol, Chile",,1.40852318118350,46.15807003794472,-71.764,-38.273
"Directions from Troyo, Lonquimay, Chile to Angol, Chile",,1.40948858265439,48.15774054457452,-71.764,-38.272
"Directions from Troyo, Lonquimay, Chile to Angol, Chile",,1.40980685926365,47.83586768760734,-71.763,-38.272
"Directions from Troyo, Lonquimay, Chile to Angol, Chile",,1.40999125015280,53.98456987005026,-71.763,-38.272
"Directions from Troyo, Lonquimay, Chile to Angol, Chile",,1.41020220038390,61.89764690812388,-71.763,-38.272
"Directions from Troyo, Lonquimay, Chile to Angol, Chile",,1.41063173501579,62.62161003174992,-71.763,-38.272
"Directions from Troyo, Lonquimay, Chile to Angol, Chile",,1.41093190163620,54.41621773272292,-71.762,-38.271
"Directions from Troyo, Lonquimay, Chile to Angol, Chile",,1.41103820309432,46.17263705952594,-71.762,-38.271
"Directions from Troyo, Lonquimay, Chile to Angol, Chile",,1.41131406537881,48.75191295029278,-71.762,-38.271
"Directions from Troyo, Lonquimay, Chile to Angol, Chile",,1.41172210949406,56.75354084683360,-71.762,-38.271
"Directions from Troyo, Lonquimay, Chile to Angol, Chile",,1.41191934032329,52.26722754981990,-71.762,-38.271
"Directions from Troyo, Lonquimay, Chile to Angol, Chile",,1.41193348245892,55.38612735153926,-71.762,-38.271
"Directions from Troyo, Lonquimay, Chile to Angol, Chile",,1.41215279958092,77.88612734136149,-71.761,-38.271
"Directions from Troyo, Lonquimay, Chile to Angol, Chile",,1.41216279958092,79.09929525594670,-71.761,-38.271
"Directions from Troyo, Lonquimay, Chile to Angol, Chile",,1.41237820617320,65.81676966740773,-71.761,-38.271
"Directions from Troyo, Lonquimay, Chile to Angol, Chile",,1.41246764889230,72.34439328030106,-71.761,-38.271
"Directions from Troyo, Lonquimay, Chile to Angol, Chile",,1.41259917835667,79.36251501450378,-71.761,-38.271
"Directions from Troyo, Lonquimay, Chile to Angol, Chile",,1.41278356924582,83.73559614566373,-71.761,-38.271
"Directions from Troyo, Lonquimay, Chile to Angol, Chile",,1.41298356924583,93.35491840380899,-71.761,-38.271
"Directions from Troyo, Lonquimay, Chile to Angol, Chile",,1.41315474167351,93.35491840380898,-71.760,-38.271
"Directions from Troyo, Lonquimay, Chile to Angol, Chile",,1.41330474167352,85.26883889598720,-71.760,-38.271
"Directions from Troyo, Lonquimay, Chile to Angol, Chile",,1.41342639692412,74.99081628508009,-71.760,-38.271
"Directions from Troyo, Lonquimay, Chile to Angol, Chile",,1.41351183696157,61.70829069786144,-71.760,-38.271
"Directions from Troyo, Lonquimay, Chile to Angol, Chile",,1.41364785166666,49.48631330876856,-71.760,-38.270
"Directions from Troyo, Lonquimay, Chile to Angol, Chile",,1.41370442020915,40.93494881885090,-71.760,-38.270
"Directions from Troyo, Lonquimay, Chile to Angol, Chile",,1.41375442020915,27.65242323302599,-71.760,-38.270
"Directions from Troyo, Lonquimay, Chile to Angol, Chile",,1.41384928853896,9.21747441417507,-71.760,-38.270
"Directions from Troyo, Lonquimay, Chile to Angol, Chile",,1.41395928853896,354.84757676398851,-71.760,-38.270
"Directions from Troyo, Lonquimay, Chile to Angol, Chile",,1.41407109193784,332.34757675381076,-71.760,-38.270
"Directions from Troyo, Lonquimay, Chile to Angol, Chile",,1.41408523407346,328.28252557860071,-71.760,-38.270
"Directions from Troyo, Lonquimay, Chile to Angol, Chile",,1.41462282127569,328.28252557860071,-71.760,-38.270
"Directions from Troyo, Lonquimay, Chile to Angol, Chile",,1.41463696341132,324.21747440244644,-71.760,-38.270
"Directions from Troyo, Lonquimay, Chile to Angol, Chile",,1.41479348816974,318.56250817091666,-71.760,-38.269
"Directions from Troyo, Lonquimay, Chile to Angol, Chile",,1.41482954368250,309.34503375998872,-71.760,-38.269
"Directions from Troyo, Lonquimay, Chile to Angol, Chile",,1.41491439649624,308.30375112560699,-71.760,-38.269
"Directions from Troyo, Lonquimay, Chile to Angol, Chile",,1.41506703987146,297.40304638020837,-71.760,-38.269
"Directions from Troyo, Lonquimay, Chile to Angol, Chile",,1.41521935533358,294.88182084483668,-71.761,-38.269
"Directions from Troyo, Lonquimay, Chile to Angol, Chile",,1.41544296213134,303.49556495824874,-71.761,-38.269
"Directions from Troyo, Lonquimay, Chile to Angol, Chile",,1.41579764508835,315.31025382424451,-71.761,-38.269
"Directions from Troyo, Lonquimay, Chile to Angol, Chile",,1.41587574758512,317.59721445453476,-71.761,-38.269
"Directions from Troyo, Lonquimay, Chile to Angol, Chile",,1.41624344311133,321.04737853863014,-71.761,-38.268
"Directions from Troyo, Lonquimay, Chile to Angol, Chile",,1.41664841224596,332.93555028727036,-71.762,-38.268
"Directions from Troyo, Lonquimay, Chile to Angol, Chile",,1.41775335568342,349.38817174864022,-71.762,-38.267
"Directions from Troyo, Lonquimay, Chile to Angol, Chile",,1.41776335568342,354.34503376142408,-71.762,-38.267
"Directions from Troyo, Lonquimay, Chile to Angol, Chile",,1.41781434587856,358.71811489411363,-71.762,-38.267
"Directions from Troyo, Lonquimay, Chile to Angol, Chile",,1.41794587534294,12.38925080948612,-71.762,-38.267
"Directions from Troyo, Lonquimay, Chile to Angol, Chile",,1.41885108250155,17.47849188541695,-71.762,-38.266
"Directions from Troyo, Lonquimay, Chile to Angol, Chile",,1.41922108250155,23.41095772431425,-71.762,-38.266
"Directions from Troyo, Lonquimay, Chile to Angol, Chile",,1.41941343634217,29.35308724099231,-71.761,-38.266
"Directions from Troyo, Lonquimay, Chile to Angol, Chile",,1.42068253050731,36.91698472024425,-71.761,-38.264
"Directions from Troyo, Lonquimay, Chile to Angol, Chile",,1.42088771335260,47.95410265362268,-71.761,-38.264
"Directions from Troyo, Lonquimay, Chile to Angol, Chile",,1.42135171766292,48.25960589290426,-71.760,-38.264
"Directions from Troyo, Lonquimay, Chile to Angol, Chile",,1.42194585569403,44.72150096190775,-71.760,-38.264
"Directions from Troyo, Lonquimay, Chile to Angol, Chile",,1.42244795130245,51.22028172674518,-71.760,-38.263
"Directions from Troyo, Lonquimay, Chile to Angol, Chile",,1.42293886881079,54.37932517335914,-71.759,-38.263
"Directions from Troyo, Lonquimay, Chile to Angol, Chile",,1.42339493898083,50.28620160075684,-71.759,-38.263
"Directions from Troyo, Lonquimay, Chile to Angol, Chile",,1.42398290156468,41.99253232144112,-71.758,-38.262
"Directions from Troyo, Lonquimay, Chile to Angol, Chile",,1.42424097132269,31.05136448351759,-71.758,-38.262
"Directions from Troyo, Lonquimay, Chile to Angol, Chile",,1.42435277472156,24.18323033171491,-71.758,-38.262
"Directions from Troyo, Lonquimay, Chile to Angol, Chile",,1.42446047801770,25.05108262613241,-71.758,-38.262
"Directions from Troyo, Lonquimay, Chile to Angol, Chile",,1.42475577447891,36.65037788388176,-71.758,-38.262
"Directions from Troyo, Lonquimay, Chile to Angol, Chile",,1.42491133797078,49.40009893907932,-71.758,-38.262
"Directions from Troyo, Lonquimay, Chile to Angol, Chile",,1.42662145492584,55.71677990593848,-71.756,-38.261
"Directions from Troyo, Lonquimay, Chile to Angol, Chile",,1.42746204995318,60.90618498027788,-71.756,-38.260
"Directions from Troyo, Lonquimay, Chile to Angol, Chile",,1.42780643346034,59.89933165045580,-71.755,-38.260
"Directions from Troyo, Lonquimay, Chile to Angol, Chile",,1.42826686803766,50.30982763796234,-71.755,-38.260
"Directions from Troyo, Lonquimay, Chile to Angol, Chile",,1.42840828939390,35.78252559261011,-71.755,-38.260
"Directions from Troyo, Lonquimay, Chile to Angol, Chile",,1.42845301075345,32.22001741690656,-71.755,-38.260
"Directions from Troyo, Lonquimay, Chile to Angol, Chile",,1.42856702829596,43.63684450394951,-71.755,-38.259
"Directions from Troyo, Lonquimay, Chile to Angol, Chile",,1.42865922374054,60.48187826742872,-71.755,-38.259
"Directions from Troyo, Lonquimay, Chile to Angol, Chile",,1.42891220595334,69.65801375909744,-71.755,-38.259
"Directions from Troyo, Lonquimay, Chile to Angol, Chile",,1.42914990323982,78.87548817132176,-71.754,-38.259
"Directions from Troyo, Lonquimay, Chile to Angol, Chile",,1.42916990323983,74.51812173413428,-71.754,-38.259
"Directions from Troyo, Lonquimay, Chile to Angol, Chile",,1.42957806987246,57.77503732648170,-71.754,-38.259
"Directions from Troyo, Lonquimay, Chile to Angol, Chile",,1.43035742858321,53.92701146232350,-71.753,-38.259
"Directions from Troyo, Lonquimay, Chile to Angol, Chile",,1.43042145982557,54.95531306264832,-71.753,-38.259
"Directions from Troyo, Lonquimay, Chile to Angol, Chile",,1.43084336028776,61.00269160413324,-71.753,-38.258
"Directions from Troyo, Lonquimay, Chile to Angol, Chile",,1.43095516368664,66.25522353933840,-71.753,-38.258
"Directions from Troyo, Lonquimay, Chile to Angol, Chile",,1.43131916918111,71.84962350348796,-71.752,-38.258
"Directions from Troyo, Lonquimay, Chile to Angol, Chile",,1.43173401855137,78.24682319836974,-71.752,-38.258
"Directions from Troyo, Lonquimay, Chile to Angol, Chile",,1.43208757194196,80.27998258574908,-71.752,-38.258
"Directions from Troyo, Lonquimay, Chile to Angol, Chile",,1.43229153272249,76.71747441130444,-71.752,-38.258
"Directions from Troyo, Lonquimay, Chile to Angol, Chile",,1.43240555026501,82.37244064831452,-71.751,-38.258
"Directions from Troyo, Lonquimay, Chile to Angol, Chile",,1.43241555026501,79.09929525682411,-71.751,-38.258
"Directions from Troyo, Lonquimay, Chile to Angol, Chile",,1.43263095685729,63.38451244908464,-71.751,-38.258
"Directions from Troyo, Lonquimay, Chile to Angol, Chile",,1.43305285731949,56.27153050014884,-71.751,-38.258
"Directions from Troyo, Lonquimay, Chile to Angol, Chile",,1.43332488672966,48.05511069490858,-71.751,-38.257
"Directions from Troyo, Lonquimay, Chile to Angol, Chile",,1.43360808277483,37.18317610476231,-71.750,-38.257
"Directions from Troyo, Lonquimay, Chile to Angol, Chile",,1.43415186581981,29.39690430383835,-71.750,-38.257
"Directions from Troyo, Lonquimay, Chile to Angol, Chile",,1.43426366921868,28.76440385233266,-71.750,-38.257
"Directions from Troyo, Lonquimay, Chile to Angol, Chile",,1.43443859777552,28.76440385782866,-71.750,-38.257
"Directions from Troyo, Lonquimay, Chile to Angol, Chile",,1.43452804049463,28.60785956962279,-71.750,-38.256
"Directions from Troyo, Lonquimay, Chile to Angol, Chile",,1.43484188759116,25.60335658761308,-71.750,-38.256
"Directions from Troyo, Lonquimay, Chile to Angol, Chile",,1.43518364774097,17.07829386807704,-71.750,-38.256
"Directions from Troyo, Lonquimay, Chile to Angol, Chile",,1.43582153487832,12.11009889572709,-71.750,-38.255
"Directions from Troyo, Lonquimay, Chile to Angol, Chile",,1.43598432308429,18.59235322984273,-71.750,-38.255
"Directions from Troyo, Lonquimay, Chile to Angol, Chile",,1.43600668376406,21.60192842774918,-71.750,-38.255
"Directions from Troyo, Lonquimay, Chile to Angol, Chile",,1.43691470358763,14.69816891610131,-71.749,-38.254
"Directions from Troyo, Lonquimay, Chile to Angol, Chile",,1.43745811871440,6.37876608096221,-71.749,-38.254
"Directions from Troyo, Lonquimay, Chile to Angol, Chile",,1.43747811871440,9.21747441010397,-71.749,-38.254
"Directions from Troyo, Lonquimay, Chile to Angol, Chile",,1.43757298704420,13.28252558840329,-71.749,-38.254
"Directions from Troyo, Lonquimay, Chile to Angol, Chile",,1.43764369772232,11.96125294243181,-71.749,-38.253
"Directions from Troyo, Lonquimay, Chile to Angol, Chile",,1.43867253201413,17.11367617568200,-71.749,-38.252
"Directions from Troyo, Lonquimay, Chile to Angol, Chile",,1.43939985587597,13.28252558984884,-71.749,-38.252
"Directions from Troyo, Lonquimay, Chile to Angol, Chile",,1.43947056655409,12.03774912837668,-71.749,-38.252
"Directions from Troyo, Lonquimay, Chile to Angol, Chile",,1.43961616875187,7.97269795007737,-71.749,-38.252
"Directions from Troyo, Lonquimay, Chile to Angol, Chile",,1.43965616875187,4.73116110327927,-71.749,-38.252
"Directions from Troyo, Lonquimay, Chile to Angol, Chile",,1.43983865162778,7.32837555798091,-71.749,-38.251
"Directions from Troyo, Lonquimay, Chile to Angol, Chile",,1.43994910523795,11.81468886590821,-71.748,-38.251
"Directions from Troyo, Lonquimay, Chile to Angol, Chile",,1.44020208745076,16.23559614696587,-71.748,-38.251
"Directions from Troyo, Lonquimay, Chile to Angol, Chile",,1.44028454956328,19.09089271586937,-71.748,-38.251
"Directions from Troyo, Lonquimay, Chile to Angol, Chile",,1.44060235453492,23.01754936507637,-71.748,-38.251
"Directions from Troyo, Lonquimay, Chile to Angol, Chile",,1.44180937566150,20.16225279642732,-71.748,-38.250
"Directions from Troyo, Lonquimay, Chile to Angol, Chile",,1.44209398065091,15.57965225489774,-71.748,-38.249
"Directions from Troyo, Lonquimay, Chile to Angol, Chile",,1.44241178562256,28.86217783325895,-71.748,-38.249
"Directions from Troyo, Lonquimay, Chile to Angol, Chile",,1.44242592775817,31.17701230817019,-71.748,-38.249
"Directions from Troyo, Lonquimay, Chile to Angol, Chile",,1.44259355830431,14.33197855692389,-71.748,-38.249
"Directions from Troyo, Lonquimay, Chile to Angol, Chile",,1.44264454849945,16.34027737318077,-71.748,-38.249
"Directions from Troyo, Lonquimay, Chile to Angol, Chile",,1.44289153028016,10.68531113460486,-71.747,-38.248
"Directions from Troyo, Lonquimay, Chile to Angol, Chile",,1.44292153028015,13.28252558243233,-71.747,-38.248
"Directions from Troyo, Lonquimay, Chile to Angol, Chile",,1.44296625163970,24.00639374668228,-71.747,-38.248
"Directions from Troyo, Lonquimay, Chile to Angol, Chile",,1.44326708381883,24.50027395206441,-71.747,-38.248
"Directions from Troyo, Lonquimay, Chile to Angol, Chile",,1.44352650625425,25.25344905664783,-71.747,-38.248
"Directions from Troyo, Lonquimay, Chile to Angol, Chile",,1.44444959888233,20.69451768097289,-71.747,-38.247
"Directions from Troyo, Lonquimay, Chile to Angol, Chile",,1.44463933554194,20.40754193739663,-71.747,-38.247
"Directions from Troyo, Lonquimay, Chile to Angol, Chile",,1.44482318330504,18.20818926161511,-71.747,-38.247
"Directions from Troyo, Lonquimay, Chile to Angol, Chile",,1.44486441436130,19.69120970728530,-71.747,-38.247
"Directions from Troyo, Lonquimay, Chile to Angol, Chile",,1.44549512824255,29.51812173391719,-71.746,-38.246
"Directions from Troyo, Lonquimay, Chile to Angol, Chile",,1.44556723926806,29.44559558503545,-71.746,-38.246
"Directions from Troyo, Lonquimay, Chile to Angol, Chile",,1.44575512221034,28.47013222013778,-71.746,-38.246
"Directions from Troyo, Lonquimay, Chile to Angol, Chile",,1.44689569224326,29.15209598779437,-71.746,-38.245
"Directions from Troyo, Lonquimay, Chile to Angol, Chile",,1.44705221700169,22.49999999810985,-71.746,-38.245
"Directions from Troyo, Lonquimay, Chile to Angol, Chile",,1.44711546255489,11.50443503907006,-71.746,-38.245
"Directions from Troyo, Lonquimay, Chile to Angol, Chile",,1.44736626127897,10.25965857805127,-71.746,-38.244
"Directions from Troyo, Lonquimay, Chile to Angol, Chile",,1.44743906237786,19.57199320409600,-71.746,-38.244
"Directions from Troyo, Lonquimay, Chile to Angol, Chile",,1.44766753557104,26.00469212815457,-71.746,-38.244
"Directions from Troyo, Lonquimay, Chile to Angol, Chile",,1.44812404405946,27.07848484244382,-71.745,-38.244
"Directions from Troyo, Lonquimay, Chile to Angol, Chile",,1.44854451998029,18.80547483508955,-71.745,-38.243
"Directions from Troyo, Lonquimay, Chile to Angol, Chile",,1.44877989202621,9.84809084918758,-71.745,-38.243
"Directions from Troyo, Lonquimay, Chile to Angol, Chile",,1.44901184029630,12.65505228332202,-71.745,-38.243
"Directions from Troyo, Lonquimay, Chile to Angol, Chile",,1.44933757024580,20.14742203799459,-71.745,-38.243
"Directions from Troyo, Lonquimay, Chile to Angol, Chile",,1.45020296033126,19.97085792550039,-71.745,-38.242
"Directions from Troyo, Lonquimay, Chile to Angol, Chile",,1.45040220891970,15.68849369260709,-71.745,-38.242
"Directions from Troyo, Lonquimay, Chile to Angol, Chile",,1.45115407326918,19.12542746930216,-71.744,-38.241
"Directions from Troyo, Lonquimay, Chile to Angol, Chile",,1.45221920236933,30.63466678250071,-71.744,-38.240
"Directions from Troyo, Lonquimay, Chile to Angol, Chile",,1.45231920236933,18.43494882007224,-71.744,-38.240
"Directions from Troyo, Lonquimay, Chile to Angol, Chile",,1.45232920236933,26.06250817429432,-71.744,-38.240
"Directions from Troyo, Lonquimay, Chile to Angol, Chile",,1.45244321991184,55.58062990865670,-71.744,-38.240
"Directions from Troyo, Lonquimay, Chile to Angol, Chile",,1.45261814846869,62.29614434303872,-71.744,-38.240
"Directions from Troyo, Lonquimay, Chile to Angol, Chile",,1.45273897892842,60.93298885038394,-71.744,-38.240
"Directions from Troyo, Lonquimay, Chile to Angol, Chile",,1.45277503444118,59.87244065316856,-71.744,-38.240
"Directions from Troyo, Lonquimay, Chile to Angol, Chile",,1.45295391987937,58.28252558691056,-71.743,-38.240
"Directions from Troyo, Lonquimay, Chile to Angol, Chile",,1.45305391987937,47.15801376046602,-71.743,-38.239
"Directions from Troyo, Lonquimay, Chile to Angol, Chile",,1.45316022133750,43.91125110549277,-71.743,-38.239
"Directions from Troyo, Lonquimay, Chile to Angol, Chile",,1.45340780970557,49.38079669505246,-71.743,-38.239
"Directions from Troyo, Lonquimay, Chile to Angol, Chile",,1.45397789741812,56.53520612551768,-71.743,-38.239
"Directions from Troyo, Lonquimay, Chile to Angol, Chile",,1.45418381002094,75.47269795094152,-71.742,-38.239
"Directions from Troyo, Lonquimay, Chile to Angol, Chile",,1.45419381002094,77.09564240772758,-71.742,-38.239
"Directions from Troyo, Lonquimay, Chile to Angol, Chile",,1.45554898528635,68.41863008974178,-71.741,-38.238
"Directions from Troyo, Lonquimay, Chile to Angol, Chile",,1.45571661583250,68.04046209347524,-71.741,-38.238
"Directions from Troyo, Lonquimay, Chile to Angol, Chile",,1.45576133719205,68.52270424405467,-71.741,-38.238
"Directions from Troyo, Lonquimay, Chile to Angol, Chile",,1.45593853764351,75.75785129412732,-71.741,-38.238
"Directions from Troyo, Lonquimay, Chile to Angol, Chile",,1.45665442869667,76.13149823308032,-71.740,-38.238
"Directions from Troyo, Lonquimay, Chile to Angol, Chile",,1.45691404379639,77.91349396607488,-71.740,-38.238
"Directions from Troyo, Lonquimay, Chile to Angol, Chile",,1.45711628128055,83.76202408012992,-71.740,-38.238
"Directions from Troyo, Lonquimay, Chile to Angol, Chile",,1.45740697011763,83.76202408112530,-71.739,-38.238
"Directions from Troyo, Lonquimay, Chile to Angol, Chile",,1.45760920760178,78.71649546156038,-71.739,-38.238
"Directions from Troyo, Lonquimay, Chile to Angol, Chile",,1.45773290077056,82.98187826603676,-71.739,-38.238
"Directions from Troyo, Lonquimay, Chile to Angol, Chile",,1.45775290077055,80.78252558955678,-71.739,-38.238
"Directions from Troyo, Lonquimay, Chile to Angol, Chile",,1.45787939187697,67.50000000101778,-71.739,-38.238
"Directions from Troyo, Lonquimay, Chile to Angol, Chile",,1.45796883459607,68.36785229409072,-71.739,-38.238
"Directions from Troyo, Lonquimay, Chile to Angol, Chile",,1.45807323766116,69.77563063600530,-71.739,-38.238
"Directions from Troyo, Lonquimay, Chile to Angol, Chile",,1.45834636766683,68.90777834191462,-71.738,-38.237
"Directions from Troyo, Lonquimay, Chile to Angol, Chile",,1.45863097265624,74.51812173420272,-71.738,-38.237
"Directions from Troyo, Lonquimay, Chile to Angol, Chile",,1.45881536354539,70.45307055712472,-71.738,-38.237
"Directions from Troyo, Lonquimay, Chile to Angol, Chile",,1.45886008490494,67.49999999970922,-71.738,-38.237
"Directions from Troyo, Lonquimay, Chile to Angol, Chile",,1.45908144434114,68.66865292960966,-71.738,-38.237
"Directions from Troyo, Lonquimay, Chile to Angol, Chile",,1.45930076146315,60.39011724235538,-71.738,-38.237
"Directions from Troyo, Lonquimay, Chile to Angol, Chile",,1.45942282701931,50.00398990099390,-71.737,-38.237
"Directions from Troyo, Lonquimay, Chile to Angol, Chile",,1.45949353769743,40.51368669211170,-71.737,-38.237
"Directions from Troyo, Lonquimay, Chile to Angol, Chile",,1.45962955240251,27.23116110051937,-71.737,-38.237
"Directions from Troyo, Lonquimay, Chile to Angol, Chile",,1.45969279795571,20.81676966593368,-71.737,-38.237
"Directions from Troyo, Lonquimay, Chile to Angol, Chile",,1.45984511341783,27.47903529963208,-71.737,-38.237
"Directions from Troyo, Lonquimay, Chile to Angol, Chile",,1.46009209519854,38.37974004210607,-71.737,-38.237
"Directions from Troyo, Lonquimay, Chile to Angol, Chile",,1.46026180082602,51.26440385461568,-71.737,-38.236
"Directions from Troyo, Lonquimay, Chile to Angol, Chile",,1.46065295297033,55.99556495835338,-71.737,-38.236
"Directions from Troyo, Lonquimay, Chile to Angol, Chile",,1.46082499947568,52.58645767294104,-71.737,-38.236
"Directions from Troyo, Lonquimay, Chile to Angol, Chile",,1.46110925288374,57.07277097659318,-71.736,-38.236
"Directions from Troyo, Lonquimay, Chile to Angol, Chile",,1.46115397424330,66.43945179871353,-71.736,-38.236
"Directions from Troyo, Lonquimay, Chile to Angol, Chile",,1.46123941428074,76.15946921674748,-71.736,-38.236
"Directions from Troyo, Lonquimay, Chile to Angol, Chile",,1.46164252716816,86.43749182542383,-71.736,-38.236
"Directions from Troyo, Lonquimay, Chile to Angol, Chile",,1.46187252716816,88.02740688560168,-71.736,-38.236
"Directions from Troyo, Lonquimay, Chile to Angol, Chile",,1.46216321600524,84.23008520121704,-71.735,-38.236
"Directions from Troyo, Lonquimay, Chile to Angol, Chile",,1.46231454346474,74.60338305914226,-71.735,-38.236
"Directions from Troyo, Lonquimay, Chile to Angol, Chile",,1.46239070119580,70.05108262615656,-71.735,-38.236
"Directions from Troyo, Lonquimay, Chile to Angol, Chile",,1.46249510426090,68.36785229409070,-71.735,-38.236
"Directions from Troyo, Lonquimay, Chile to Angol, Chile",,1.46260690765976,65.96675724969596,-71.735,-38.236
"Directions from Troyo, Lonquimay, Chile to Angol, Chile",,1.46296159061678,65.96675724766038,-71.735,-38.236
"Directions from Troyo, Lonquimay, Chile to Angol, Chile",,1.46305103333588,65.81676966616180,-71.734,-38.236
"Directions from Troyo, Lonquimay, Chile to Angol, Chile",,1.46348184652045,72.08117352516788,-71.734,-38.235
"Directions from Troyo, Lonquimay, Chile to Angol, Chile",,1.46352307757671,68.73405895948872,-71.734,-38.235
"Directions from Troyo, Lonquimay, Chile to Angol, Chile",,1.46392132373175,64.85147594577553,-71.734,-38.235
"Directions from Troyo, Lonquimay, Chile to Angol, Chile",,1.46397517537981,59.91555256240342,-71.734,-38.235
"Directions from Troyo, Lonquimay, Chile to Angol, Chile",,1.46489348905171,54.14590363462370,-71.733,-38.235
"Directions from Troyo, Lonquimay, Chile to Angol, Chile",,1.46534835166834,59.53099839245158,-71.732,-38.234
"Directions from Troyo, Lonquimay, Chile to Angol, Chile",,1.46584483933183,64.60205681149657,-71.732,-38.234
"Directions from Troyo, Lonquimay, Chile to Angol, Chile",,1.46592099706290,70.86646066606900,-71.732,-38.234
"Directions from Troyo, Lonquimay, Chile to Angol, Chile",,1.46699803002431,72.31351906523412,-71.731,-38.234
"Directions from Troyo, Lonquimay, Chile to Angol, Chile",,1.46806428515326,72.05135767526018,-71.730,-38.233
"Directions from Troyo, Lonquimay, Chile to Angol, Chile",,1.46851071543897,76.81144559677560,-71.730,-38.233
"Directions from Troyo, Lonquimay, Chile to Angol, Chile",,1.46872449102224,82.15830483955580,-71.729,-38.233
"Directions from Troyo, Lonquimay, Chile to Angol, Chile",,1.46942705774505,87.55045377289166,-71.729,-38.233
"Directions from Troyo, Lonquimay, Chile to Angol, Chile",,1.46947705774505,87.37909002662066,-71.729,-38.233
"Directions from Troyo, Lonquimay, Chile to Angol, Chile",,1.47057163528913,83.43752036820852,-71.727,-38.233
"Directions from Troyo, Lonquimay, Chile to Angol, Chile",,1.47122783647779,72.77590475304888,-71.727,-38.233
"Directions from Troyo, Lonquimay, Chile to Angol, Chile",,1.47125019715757,70.31534137945749,-71.727,-38.233
"Directions from Troyo, Lonquimay, Chile to Angol, Chile",,1.47147580744102,75.40309680059013,-71.727,-38.233
"Directions from Troyo, Lonquimay, Chile to Angol, Chile",,1.47165300789248,63.37028100804322,-71.726,-38.233
"Directions from Troyo, Lonquimay, Chile to Angol, Chile",,1.47170300789248,62.34757676602410,-71.726,-38.233
"Directions from Troyo, Lonquimay, Chile to Angol, Chile",,1.47173463066908,58.28252559057456,-71.726,-38.233
"Directions from Troyo, Lonquimay, Chile to Angol, Chile",,1.47180534134720,31.71747441349656,-71.726,-38.233
"Directions from Troyo, Lonquimay, Chile to Angol, Chile",,1.47183696412381,9.21747441349656,-71.726,-38.233
"Directions from Troyo, Lonquimay, Chile to Angol, Chile",,1.47191696412380,348.01875551313060,-71.726,-38.233
"Directions from Troyo, Lonquimay, Chile to Angol, Chile",,1.47201545270182,329.89183664405522,-71.726,-38.233
"Directions from Troyo, Lonquimay, Chile to Angol, Chile",,1.47220146345421,319.37308113019765,-71.726,-38.232
"Directions from Troyo, Lonquimay, Chile to Angol, Chile",,1.47239945335294,310.93494882300928,-71.727,-38.232
"Directions from Troyo, Lonquimay, Chile to Angol, Chile",,1.47259945335293,304.94688260106216,-71.727,-38.232
"Directions from Troyo, Lonquimay, Chile to Angol, Chile",,1.47283799056177,299.79445936857906,-71.727,-38.232
"Directions from Troyo, Lonquimay, Chile to Angol, Chile",,1.47290507260109,299.74864111170052,-71.727,-38.232
"Directions from Troyo, Lonquimay, Chile to Angol, Chile",,1.47395354768425,286.46611552044743,-71.728,-38.231
"Directions from Troyo, Lonquimay, Chile to Angol, Chile",,1.47396354768424,285.48187826629334,-71.728,-38.231
"Directions from Troyo, Lonquimay, Chile to Angol, Chile",,1.47437171431688,303.40070474326734,-71.728,-38.231
"Directions from Troyo, Lonquimay, Chile to Angol, Chile",,1.47459375034999,307.76155364189793,-71.728,-38.231
"Directions from Troyo, Lonquimay, Chile to Angol, Chile",,1.47520448760938,311.35526015846762,-71.729,-38.231
"Directions from Troyo, Lonquimay, Chile to Angol, Chile",,1.47540967045467,311.05946243780795,-71.729,-38.231
"Directions from Troyo, Lonquimay, Chile to Angol, Chile",,1.47561582573595,311.04215253761288,-71.729,-38.230
"Directions from Troyo, Lonquimay, Chile to Angol, Chile",,1.47642242352915,311.61340224805571,-71.730,-38.230
"Directions from Troyo, Lonquimay, Chile to Angol, Chile",,1.47659271739281,312.86728496109396,-71.730,-38.230
"Directions from Troyo, Lonquimay, Chile to Angol, Chile",,1.47740592093436,306.03163139492585,-71.730,-38.229
"Directions from Troyo, Lonquimay, Chile to Angol, Chile",,1.47742828161415,304.27613183667222,-71.730,-38.229
"Directions from Troyo, Lonquimay, Chile to Angol, Chile",,1.47783189033556,304.27613182853003,-71.731,-38.229
"Directions from Troyo, Lonquimay, Chile to Angol, Chile",,1.47785425101533,303.06235956520277,-71.731,-38.229
"Directions from Troyo, Lonquimay, Chile to Angol, Chile",,1.47845090837093,307.12741074985303,-71.731,-38.229
"Directions from Troyo, Lonquimay, Chile to Angol, Chile",,1.47876713613696,302.67291074363544,-71.732,-38.228
"Directions from Troyo, Lonquimay, Chile to Angol, Chile",,1.47908098323349,298.60785956770906,-71.732,-38.228
"Directions from Troyo, Lonquimay, Chile to Angol, Chile",,1.47939403275033,303.01875551371216,-71.732,-38.228
"Directions from Troyo, Lonquimay, Chile to Angol, Chile",,1.47961425990579,313.91946025434117,-71.732,-38.228
"Directions from Troyo, Lonquimay, Chile to Angol, Chile",,1.47973467585158,324.31078968065208,-71.732,-38.228
"Directions from Troyo, Lonquimay, Chile to Angol, Chile",,1.47981529842906,340.64124604422454,-71.732,-38.228
"Directions from Troyo, Lonquimay, Chile to Angol, Chile",,1.48000765226968,355.51368669332203,-71.732,-38.228
"Directions from Troyo, Lonquimay, Chile to Angol, Chile",,1.48009765226968,9.99155326065283,-71.732,-38.227
"Directions from Troyo, Lonquimay, Chile to Angol, Chile",,1.48021469926878,23.27407885326293,-71.732,-38.227
"Directions from Troyo, Lonquimay, Chile to Angol, Chile",,1.48025942062834,32.61242971866220,-71.732,-38.227
"Directions from Troyo, Lonquimay, Chile to Angol, Chile",,1.48045151435546,36.42296536931895,-71.732,-38.227
"Directions from Troyo, Lonquimay, Chile to Angol, Chile",,1.48109221709464,28.69235649833618,-71.732,-38.227
"Directions from Troyo, Lonquimay, Chile to Angol, Chile",,1.48116837482570,11.59929525506929,-71.732,-38.227
"Directions from Troyo, Lonquimay, Chile to Angol, Chile",,1.48122837482570,354.34503376142408,-71.732,-38.227
"Directions from Troyo, Lonquimay, Chile to Angol, Chile",,1.48127936502084,335.91008494013050,-71.732,-38.226
"Directions from Troyo, Lonquimay, Chile to Angol, Chile",,1.48132936502083,319.06505117870643,-71.732,-38.226
"Directions from Troyo, Lonquimay, Chile to Angol, Chile",,1.48140007569895,308.39945641222363,-71.732,-38.226
"Directions from Troyo, Lonquimay, Chile to Angol, Chile",,1.48257668098535,306.40399986285541,-71.733,-38.226
"Directions from Troyo, Lonquimay, Chile to Angol, Chile",,1.48288147599844,290.50454345063173,-71.733,-38.226
"Directions from Troyo, Lonquimay, Chile to Angol, Chile",,1.48289147599844,288.43494882251491,-71.733,-38.226
"Directions from Troyo, Lonquimay, Chile to Angol, Chile",,1.48309147599845,304.23869994566849,-71.733,-38.225
"Directions from Troyo, Lonquimay, Chile to Angol, Chile",,1.48354940612412,298.65872801372922,-71.734,-38.225
"Directions from Troyo, Lonquimay, Chile to Angol, Chile",,1.48414873908667,282.85497689057564,-71.734,-38.225
"Directions from Troyo, Lonquimay, Chile to Angol, Chile",,1.48415873908667,277.01812173316495,-71.734,-38.225
"Directions from Troyo, Lonquimay, Chile to Angol, Chile",,1.48428243225544,279.87341830272095,-71.734,-38.225
"Directions from Troyo, Lonquimay, Chile to Angol, Chile",,1.48438293101165,272.85529656955600,-71.734,-38.225
"Directions from Troyo, Lonquimay, Chile to Angol, Chile",,1.48450293101165,267.95719160939257,-71.735,-38.225
"Directions from Troyo, Lonquimay, Chile to Angol, Chile",,1.48464328770012,267.95719160939257,-71.735,-38.225
"Directions from Troyo, Lonquimay, Chile to Angol, Chile",,1.48486328770012,272.72016601545704,-71.735,-38.225
"Directions from Troyo, Lonquimay, Chile to Angol, Chile",,1.48507423793122,295.22016601545704,-71.735,-38.225
"Directions from Troyo, Lonquimay, Chile to Angol, Chile",,1.48508838006684,299.51812173396326,-71.735,-38.225
"Directions from Troyo, Lonquimay, Chile to Angol, Chile",,1.48529453534813,277.01812173396326,-71.735,-38.225
"Directions from Troyo, Lonquimay, Chile to Angol, Chile",,1.48531453534812,281.41682708838397,-71.735,-38.225
"Directions from Troyo, Lonquimay, Chile to Angol, Chile",,1.48552069062941,303.91682708838403,-71.736,-38.225
"Directions from Troyo, Lonquimay, Chile to Angol, Chile",,1.48553483276503,305.78252558853899,-71.736,-38.225
"Directions from Troyo, Lonquimay, Chile to Angol, Chile",,1.48573607888301,298.99730839586675,-71.736,-38.225
"Directions from Troyo, Lonquimay, Chile to Angol, Chile",,1.48594702911411,297.31407806344998,-71.736,-38.225
"Directions from Troyo, Lonquimay, Chile to Angol, Chile",,1.48602318684516,299.51812173383934,-71.736,-38.225
"Directions from Troyo, Lonquimay, Chile to Angol, Chile",,1.48624522287827,309.97812447897337,-71.736,-38.224
"Directions from Troyo, Lonquimay, Chile to Angol, Chile",,1.48670489667566,307.54117626789161,-71.737,-38.224
"Directions from Troyo, Lonquimay, Chile to Angol, Chile",,1.48676320619461,307.98187827172433,-71.737,-38.224
"Directions from Troyo, Lonquimay, Chile to Angol, Chile",,1.48679149046585,305.78252559362789,-71.737,-38.224
"Directions from Troyo, Lonquimay, Chile to Angol, Chile",,1.48694801522428,292.49999999796449,-71.737,-38.224
"Directions from Troyo, Lonquimay, Chile to Angol, Chile",,1.48697963800087,279.21747440942545,-71.737,-38.224
"Directions from Troyo, Lonquimay, Chile to Angol, Chile",,1.48701963800087,264.34503376533866,-71.737,-38.224
"Directions from Troyo, Lonquimay, Chile to Angol, Chile",,1.48707062819601,255.12755935489540,-71.737,-38.224
"Directions from Troyo, Lonquimay, Chile to Angol, Chile",,1.48713387374921,247.50000000101775,-71.737,-38.224
"Directions from Troyo, Lonquimay, Chile to Angol, Chile",,1.48722331646831,247.49999999999997,-71.737,-38.224
"Directions from Troyo, Lonquimay, Chile to Angol, Chile",,1.48738143035133,260.78252558853899,-71.737,-38.224
"Directions from Troyo, Lonquimay, Chile to Angol, Chile",,1.48749143035132,279.21747441112171,-71.737,-38.224
"Directions from Troyo, Lonquimay, Chile to Angol, Chile",,1.48768116701093,284.52730204927610,-71.737,-38.224
"Directions from Troyo, Lonquimay, Chile to Angol, Chile",,1.48833231983478,275.30982763815445,-71.738,-38.224
"Directions from Troyo, Lonquimay, Chile to Angol, Chile",,1.48835231983478,274.80260207752991,-71.738,-38.224
"Directions from Troyo, Lonquimay, Chile to Angol, Chile",,1.48901156182373,280.88007292615021,-71.739,-38.224
"Directions from Troyo, Lonquimay, Chile to Angol, Chile",,1.48967646783213,298.57747085879811,-71.739,-38.224
"Directions from Troyo, Lonquimay, Chile to Angol, Chile",,1.48969060996775,301.71747442163877,-71.739,-38.224
"Directions from Troyo, Lonquimay, Chile to Angol, Chile",,1.49013332884017,289.54692944327763,-71.740,-38.223
"Directions from Troyo, Lonquimay, Chile to Angol, Chile",,1.49078524908069,280.32945503181656,-71.740,-38.223
"Directions from Troyo, Lonquimay, Chile to Angol, Chile",,1.49079524908069,282.73167253074769,-71.740,-38.223
"Directions from Troyo, Lonquimay, Chile to Angol, Chile",,1.49102784314768,297.96444499005901,-71.741,-38.223
"Directions from Troyo, Lonquimay, Chile to Angol, Chile",,1.49122507397692,303.88474659806934,-71.741,-38.223
"Directions from Troyo, Lonquimay, Chile to Angol, Chile",,1.49148908155257,309.36380695197221,-71.741,-38.223
"Directions from Troyo, Lonquimay, Chile to Angol, Chile",,1.49171579723354,307.22376659054009,-71.741,-38.223
"Directions from Troyo, Lonquimay, Chile to Angol, Chile",,1.49195433444239,297.41263852120375,-71.741,-38.223
"Directions from Troyo, Lonquimay, Chile to Angol, Chile",,1.49206203773852,288.87340269459526,-71.742,-38.223
"Directions from Troyo, Lonquimay, Chile to Angol, Chile",,1.49228044103521,277.97269795071747,-71.742,-38.223
"Directions from Troyo, Lonquimay, Chile to Angol, Chile",,1.49231044103520,273.79732168402904,-71.742,-38.223
"Directions from Troyo, Lonquimay, Chile to Angol, Chile",,1.49246176849471,273.79732168402904,-71.742,-38.222
"Directions from Troyo, Lonquimay, Chile to Angol, Chile",,1.49259176849471,264.84757676545411,-71.742,-38.222
"Directions from Troyo, Lonquimay, Chile to Angol, Chile",,1.49270357189358,255.63010235331461,-71.742,-38.223
"Directions from Troyo, Lonquimay, Chile to Angol, Chile",,1.49279844022338,247.49999999932152,-71.742,-38.223
"Directions from Troyo, Lonquimay, Chile to Angol, Chile",,1.49304440770091,250.67009587255777,-71.742,-38.223
"Directions from Troyo, Lonquimay, Chile to Angol, Chile",,1.49318758591154,261.90981307193601,-71.743,-38.223
"Directions from Troyo, Lonquimay, Chile to Angol, Chile",,1.49332794260002,269.20196807133948,-71.743,-38.223
"Directions from Troyo, Lonquimay, Chile to Angol, Chile",,1.49355815988869,278.26289819446350,-71.743,-38.223
"Directions from Troyo, Lonquimay, Chile to Angol, Chile",,1.49372308411370,286.23559614593307,-71.743,-38.223
"Directions from Troyo, Lonquimay, Chile to Angol, Chile",,1.49384957522012,279.21747441196987,-71.743,-38.223
"Directions from Troyo, Lonquimay, Chile to Angol, Chile",,1.49385957522012,283.28252558853899,-71.743,-38.223
"Directions from Troyo, Lonquimay, Chile to Angol, Chile",,1.49399373929877,290.30064732250224,-71.743,-38.223
"Directions from Troyo, Lonquimay, Chile to Angol, Chile",,1.49407620141128,277.01812173396326,-71.743,-38.223
"Directions from Troyo, Lonquimay, Chile to Angol, Chile",,1.49417620141128,265.93494882129357,-71.744,-38.223
"Directions from Troyo, Lonquimay, Chile to Angol, Chile",,1.49424691208940,265.93494882129357,-71.744,-38.223
"Directions from Troyo, Lonquimay, Chile to Angol, Chile",,1.49432691208939,274.06505117789226,-71.744,-38.223
"Directions from Troyo, Lonquimay, Chile to Angol, Chile",,1.49439762276752,287.34757676643119,-71.744,-38.223
"Directions from Troyo, Lonquimay, Chile to Angol, Chile",,1.49444234412707,290.30064732489700,-71.744,-38.222
"Directions from Troyo, Lonquimay, Chile to Angol, Chile",,1.49448357518332,293.86315549778209,-71.744,-38.222
"Directions from Troyo, Lonquimay, Chile to Angol, Chile",,1.49455568620884,309.34503376142413,-71.744,-38.222
"Directions from Troyo, Lonquimay, Chile to Angol, Chile",,1.49462639688696,320.30982763796231,-71.744,-38.222
"Directions from Troyo, Lonquimay, Chile to Angol, Chile",,1.49485661417562,320.30982763796231,-71.744,-38.222
"Directions from Troyo, Lonquimay, Chile to Angol, Chile",,1.49492732485374,324.21747442367433,-71.744,-38.222
"Directions from Troyo, Lonquimay, Chile to Angol, Chile",,1.49494968553351,321.04737854972643,-71.744,-38.222
"Directions from Troyo, Lonquimay, Chile to Angol, Chile",,1.49501371677588,298.54737853751311,-71.744,-38.222
"Directions from Troyo, Lonquimay, Chile to Angol, Chile",,1.49504533955249,292.50000000000006,-71.744,-38.222
"Directions from Troyo, Lonquimay, Chile to Angol, Chile",,1.49509006091204,283.28252558853899,-71.744,-38.222
"Directions from Troyo, Lonquimay, Chile to Angol, Chile",,1.49510006091204,256.71747440331882,-71.744,-38.222
"Directions from Troyo, Lonquimay, Chile to Angol, Chile",,1.49512242159181,256.71747440331882,-71.744,-38.222
"Directions from Troyo, Lonquimay, Chile to Angol, Chile",,1.49514242159182,249.69935267677931,-71.744,-38.222
"Directions from Troyo, Lonquimay, Chile to Angol, Chile",,1.49523461703639,232.85431891431139,-71.744,-38.222
"Directions from Troyo, Lonquimay, Chile to Angol, Chile",,1.49534278357465,208.15496623753205,-71.744,-38.222
"Directions from Troyo, Lonquimay, Chile to Angol, Chile",,1.49535278357465,210.12755935340789,-71.744,-38.222
"Directions from Troyo, Lonquimay, Chile to Angol, Chile",,1.49543340615214,246.57619486910173,-71.745,-38.222
"Directions from Troyo, Lonquimay, Chile to Angol, Chile",,1.49556942085723,254.75238663846889,-71.745,-38.222
"Directions from Troyo, Lonquimay, Chile to Angol, Chile",,1.49578529118867,260.13365524882715,-71.745,-38.222
"Directions from Troyo, Lonquimay, Chile to Angol, Chile",,1.49587584504006,266.82990412605210,-71.745,-38.222
"Directions from Troyo, Lonquimay, Chile to Angol, Chile",,1.49600584504005,283.28252558853899,-71.745,-38.222
"Directions from Troyo, Lonquimay, Chile to Angol, Chile",,1.49602820571984,289.32990412803804,-71.745,-38.222
"Directions from Troyo, Lonquimay, Chile to Angol, Chile",,1.49617138393046,287.89870151494154,-71.745,-38.222
"Directions from Troyo, Lonquimay, Chile to Angol, Chile",,1.49661915619400,289.82402092551985,-71.746,-38.222
"Directions from Troyo, Lonquimay, Chile to Angol, Chile",,1.49676475839179,281.77001963410640,-71.746,-38.222
"Directions from Troyo, Lonquimay, Chile to Angol, Chile",,1.49691608585130,273.79732168402904,-71.746,-38.222
"Directions from Troyo, Lonquimay, Chile to Angol, Chile",,1.49715608585129,266.94224821665199,-71.746,-38.222
"Directions from Troyo, Lonquimay, Chile to Angol, Chile",,1.49743768840810,260.27998258581334,-71.747,-38.222
"Directions from Troyo, Lonquimay, Chile to Angol, Chile",,1.49782820089190,258.60657326499137,-71.747,-38.222
"Directions from Troyo, Lonquimay, Chile to Angol, Chile",,1.49825399426902,262.98187826604141,-71.747,-38.222
"Directions from Troyo, Lonquimay, Chile to Angol, Chile",,1.49850479299310,268.10014945280182,-71.748,-38.222
"Directions from Troyo, Lonquimay, Chile to Angol, Chile",,1.49924486055758,276.04207631947003,-71.748,-38.222
"Directions from Troyo, Lonquimay, Chile to Angol, Chile",,1.49955080172839,280.09529581225621,-71.749,-38.222
"Directions from Troyo, Lonquimay, Chile to Angol, Chile",,1.50019856711802,283.65780398581978,-71.749,-38.222
"Directions from Troyo, Lonquimay, Chile to Angol, Chile",,1.50032505822444,291.99745699688748,-71.749,-38.222
"Directions from Troyo, Lonquimay, Chile to Angol, Chile",,1.50058000920011,300.21764675864466,-71.750,-38.222
"Directions from Troyo, Lonquimay, Chile to Angol, Chile",,1.50098225290734,301.38629968789434,-71.750,-38.222
"Directions from Troyo, Lonquimay, Chile to Angol, Chile",,1.50117460674795,293.59365862510691,-71.750,-38.222
"Directions from Troyo, Lonquimay, Chile to Angol, Chile",,1.50138650294896,283.71007428649096,-71.750,-38.222
"Directions from Troyo, Lonquimay, Chile to Angol, Chile",,1.50166934566142,274.06505117707803,-71.751,-38.222
"Directions from Troyo, Lonquimay, Chile to Angol, Chile",,1.50184934566142,273.17009587171373,-71.751,-38.222
"Directions from Troyo, Lonquimay, Chile to Angol, Chile",,1.50193989951281,271.32440287863579,-71.751,-38.222
"Directions from Troyo, Lonquimay, Chile to Angol, Chile",,1.50225054400416,263.00188377270183,-71.751,-38.222
"Directions from Troyo, Lonquimay, Chile to Angol, Chile",,1.50247415080191,256.59539607521032,-71.751,-38.222
"Directions from Troyo, Lonquimay, Chile to Angol, Chile",,1.50275575335871,255.12755935083584,-71.752,-38.222
"Directions from Troyo, Lonquimay, Chile to Angol, Chile",,1.50293039585068,263.37974004140534,-71.752,-38.222
"Directions from Troyo, Lonquimay, Chile to Angol, Chile",,1.50309039585067,275.08775542145673,-71.752,-38.222
"Directions from Troyo, Lonquimay, Chile to Angol, Chile",,1.50348662810580,276.23306044316627,-71.752,-38.222
"Directions from Troyo, Lonquimay, Chile to Angol, Chile",,1.50373682802586,269.35713783357716,-71.753,-38.222
"Directions from Troyo, Lonquimay, Chile to Angol, Chile",,1.50389714022128,263.94645000704298,-71.753,-38.222
"Directions from Troyo, Lonquimay, Chile to Angol, Chile",,1.50430161518960,254.83391245270124,-71.753,-38.222
"Directions from Troyo, Lonquimay, Chile to Angol, Chile",,1.50435546683767,251.12659730680852,-71.753,-38.222
"Directions from Troyo, Lonquimay, Chile to Angol, Chile",,1.50457387013436,251.69784701775811,-71.753,-38.222
"Directions from Troyo, Lonquimay, Chile to Angol, Chile",,1.50522579037487,237.17054496847561,-71.754,-38.222
"Directions from Troyo, Lonquimay, Chile to Angol, Chile",,1.50523993251050,237.29505858291429,-71.754,-38.222
"Directions from Troyo, Lonquimay, Chile to Angol, Chile",,1.50569873530037,252.52783104256571,-71.754,-38.222
"Directions from Troyo, Lonquimay, Chile to Angol, Chile",,1.50597766181399,260.82573504255129,-71.755,-38.222
"Directions from Troyo, Lonquimay, Chile to Angol, Chile",,1.50627832774156,268.84668046251272,-71.755,-38.222
"Directions from Troyo, Lonquimay, Chile to Angol, Chile",,1.50665845929774,268.96555069148053,-71.755,-38.222
"Directions from Troyo, Lonquimay, Chile to Angol, Chile",,1.50681877149315,268.21183281186768,-71.756,-38.222
"Directions from Troyo, Lonquimay, Chile to Angol, Chile",,1.50714877149316,267.72311601042384,-71.756,-38.222
"Directions from Troyo, Lonquimay, Chile to Angol, Chile",,1.50828234989804,262.62736508558925,-71.757,-38.222
"Directions from Troyo, Lonquimay, Chile to Angol, Chile",,1.50918661755752,263.31433401473225,-71.758,-38.223
"Directions from Troyo, Lonquimay, Chile to Angol, Chile",,1.50954717268507,269.67314339547323,-71.758,-38.223
"Directions from Troyo, Lonquimay, Chile to Angol, Chile",,1.51022783412808,273.67344149500263,-71.759,-38.222
"Directions from Troyo, Lonquimay, Chile to Angol, Chile",,1.51106078070500,273.51168211994906,-71.760,-38.222
"Directions from Troyo, Lonquimay, Chile to Angol, Chile",,1.51158116517824,269.38936345836822,-71.760,-38.222
"Directions from Troyo, Lonquimay, Chile to Angol, Chile",,1.51275325732479,264.10512131567145,-71.761,-38.222
"Directions from Troyo, Lonquimay, Chile to Angol, Chile",,1.51344057093589,258.87305635772589,-71.762,-38.223
"Directions from Troyo, Lonquimay, Chile to Angol, Chile",,1.51531537759260,258.06997057582078,-71.764,-38.223
"Directions from Troyo, Lonquimay, Chile to Angol, Chile",,1.51623933646613,258.20047372607576,-71.765,-38.223
"Directions from Troyo, Lonquimay, Chile to Angol, Chile",,1.51657889500307,254.27705811265744,-71.765,-38.223
"Directions from Troyo, Lonquimay, Chile to Angol, Chile",,1.51687300382647,249.10931105596339,-71.766,-38.223
"Directions from Troyo, Lonquimay, Chile to Angol, Chile",,1.51697149240448,247.95060379892681,-71.766,-38.223
"Directions from Troyo, Lonquimay, Chile to Angol, Chile",,1.51729102331065,254.48908475823447,-71.766,-38.224
"Directions from Troyo, Lonquimay, Chile to Angol, Chile",,1.51755578735655,261.49948468944962,-71.766,-38.224
"Directions from Troyo, Lonquimay, Chile to Angol, Chile",,1.51811899247017,266.94224821701130,-71.767,-38.224
"Directions from Troyo, Lonquimay, Chile to Angol, Chile",,1.51837899247017,266.38153898715728,-71.767,-38.224
"Directions from Troyo, Lonquimay, Chile to Angol, Chile",,1.51901405152254,266.38153898715728,-71.768,-38.224
"Directions from Troyo, Lonquimay, Chile to Angol, Chile",,1.51917405152253,274.06505117504247,-71.768,-38.224
"Directions from Troyo, Lonquimay, Chile to Angol, Chile",,1.51924476220066,274.06505117504247,-71.768,-38.224
"Directions from Troyo, Lonquimay, Chile to Angol, Chile",,1.51927476220065,276.26440385433625,-71.768,-38.224
"Directions from Troyo, Lonquimay, Chile to Angol, Chile",,1.51936695764523,288.24564834309433,-71.768,-38.224
"Directions from Troyo, Lonquimay, Chile to Angol, Chile",,1.51946544622325,291.03312600595689,-71.768,-38.224
"Directions from Troyo, Lonquimay, Chile to Angol, Chile",,1.52001252939790,292.33440710573791,-71.769,-38.223
"Directions from Troyo, Lonquimay, Chile to Angol, Chile",,1.52010197211700,292.50000000067848,-71.769,-38.223
"Directions from Troyo, Lonquimay, Chile to Angol, Chile",,1.52019684044681,295.02122553351671,-71.769,-38.223
"Directions from Troyo, Lonquimay, Chile to Angol, Chile",,1.52034948382204,305.13365525140108,-71.769,-38.223
"Directions from Troyo, Lonquimay, Chile to Angol, Chile",,1.52041351506440,304.81178239665940,-71.769,-38.223
"Directions from Troyo, Lonquimay, Chile to Angol, Chile",,1.52047182458336,306.52645935378490,-71.769,-38.223
"Directions from Troyo, Lonquimay, Chile to Angol, Chile",,1.52088955655484,313.54458108661373,-71.769,-38.223
"Directions from Troyo, Lonquimay, Chile to Angol, Chile",,1.52115825713169,292.49999999946431,-71.769,-38.223
"Directions from Troyo, Lonquimay, Chile to Angol, Chile",,1.52116825713170,289.90278554713370,-71.769,-38.223
"Directions from Troyo, Lonquimay, Chile to Angol, Chile",,1.52132446212521,304.20801537894943,-71.770,-38.223
"Directions from Troyo, Lonquimay, Chile to Angol, Chile",,1.52144976176608,294.82398534494632,-71.770,-38.223
"Directions from Troyo, Lonquimay, Chile to Angol, Chile",,1.52158904564885,288.49145346397609,-71.770,-38.223
"Directions from Troyo, Lonquimay, Chile to Angol, Chile",,1.52166184674774,283.62766418811657,-71.770,-38.223
"Directions from Troyo, Lonquimay, Chile to Angol, Chile",,1.52181481733315,275.65496623727103,-71.770,-38.223
"Directions from Troyo, Lonquimay, Chile to Angol, Chile",,1.52184481733314,273.17009587283081,-71.770,-38.223
"Directions from Troyo, Lonquimay, Chile to Angol, Chile",,1.52202592503591,271.95177174949015,-71.770,-38.222
"Directions from Troyo, Lonquimay, Chile to Angol, Chile",,1.52249635037537,265.06597189080827,-71.771,-38.223
"Directions from Troyo, Lonquimay, Chile to Angol, Chile",,1.52272829864547,257.93467389565808,-71.771,-38.223
"Directions from Troyo, Lonquimay, Chile to Angol, Chile",,1.52283270171054,256.91921677804658,-71.771,-38.223
"Directions from Troyo, Lonquimay, Chile to Angol, Chile",,1.52295435696116,258.59447533983831,-71.771,-38.223
"Directions from Troyo, Lonquimay, Chile to Angol, Chile",,1.52356073967859,258.43443292779688,-71.772,-38.223
"Directions from Troyo, Lonquimay, Chile to Angol, Chile",,1.52385501845798,255.89132207099937,-71.772,-38.223
"Directions from Troyo, Lonquimay, Chile to Angol, Chile",,1.52391826401119,258.80993247200871,-71.772,-38.223
"Directions from Troyo, Lonquimay, Chile to Angol, Chile",,1.52420895284825,269.61732194593850,-71.772,-38.223
"Directions from Troyo, Lonquimay, Chile to Angol, Chile",,1.52438923041203,276.32107616389590,-71.773,-38.223
"Directions from Troyo, Lonquimay, Chile to Angol, Chile",,1.52451088566264,283.94863551521445,-71.773,-38.223
"Directions from Troyo, Lonquimay, Chile to Angol, Chile",,1.52473224509885,291.60504469586988,-71.773,-38.223
"Directions from Troyo, Lonquimay, Chile to Angol, Chile",,1.52487542330948,300.82251910866853,-71.773,-38.223
"Directions from Troyo, Lonquimay, Chile to Angol, Chile",,1.52497542330948,304.14973163187824,-71.773,-38.223
"Directions from Troyo, Lonquimay, Chile to Angol, Chile",,1.52518637354058,308.21478279715001,-71.773,-38.222
"Directions from Troyo, Lonquimay, Chile to Angol, Chile",,1.52520051567620,307.51664020788314,-71.773,-38.222
"Directions from Troyo, Lonquimay, Chile to Angol, Chile",,1.52667902844246,307.51664021806090,-71.775,-38.222
"Directions from Troyo, Lonquimay, Chile to Angol, Chile",,1.52669317057809,305.78252558853899,-71.775,-38.222
"Directions from Troyo, Lonquimay, Chile to Angol, Chile",,1.52709566281404,305.78252557836123,-71.775,-38.222
"Directions from Troyo, Lonquimay, Chile to Angol, Chile",,1.52710980494966,307.98187825645766,-71.775,-38.222
"Directions from Troyo, Lonquimay, Chile to Angol, Chile",,1.52722642398756,297.70385565642545,-71.775,-38.221
"Directions from Troyo, Lonquimay, Chile to Angol, Chile",,1.52734725444729,288.16630640928003,-71.775,-38.221
"Directions from Troyo, Lonquimay, Chile to Angol, Chile",,1.52754141932568,278.54154347435849,-71.775,-38.221
"Directions from Troyo, Lonquimay, Chile to Angol, Chile",,1.52765187293585,271.89000284919530,-71.776,-38.221
"Directions from Troyo, Lonquimay, Chile to Angol, Chile",,1.52846211981181,269.77020902107068,-71.776,-38.221
"Directions from Troyo, Lonquimay, Chile to Angol, Chile",,1.52906220313936,272.44386876297943,-71.777,-38.221
"Directions from Troyo, Lonquimay, Chile to Angol, Chile",,1.53066597993181,274.89445492883527,-71.779,-38.221
"Directions from Troyo, Lonquimay, Chile to Angol, Chile",,1.53184211767884,272.92800679259972,-71.780,-38.221
"Directions from Troyo, Lonquimay, Chile to Angol, Chile",,1.53189211767884,272.69465588008728,-71.780,-38.221
"Directions from Troyo, Lonquimay, Chile to Angol, Chile",,1.53295682421118,272.69465588008728,-71.781,-38.221
"Directions from Troyo, Lonquimay, Chile to Angol, Chile",,1.53303682421117,260.78252558853899,-71.781,-38.221
"Directions from Troyo, Lonquimay, Chile to Angol, Chile",,1.53306844698779,259.58955357376794,-71.781,-38.221
"Directions from Troyo, Lonquimay, Chile to Angol, Chile",,1.53330865523077,264.07586688011583,-71.781,-38.221
"Directions from Troyo, Lonquimay, Chile to Angol, Chile",,1.53336948285607,268.83134707059043,-71.781,-38.221
"Directions from Troyo, Lonquimay, Chile to Angol, Chile",,1.53345010543355,280.05981657074693,-71.781,-38.221
"Directions from Troyo, Lonquimay, Chile to Angol, Chile",,1.53358352207419,279.85222679915347,-71.781,-38.221
"Directions from Troyo, Lonquimay, Chile to Angol, Chile",,1.53409703935726,273.35491840411004,-71.782,-38.221
"Directions from Troyo, Lonquimay, Chile to Angol, Chile",,1.53477703935726,268.61286134435477,-71.783,-38.221
"Directions from Troyo, Lonquimay, Chile to Angol, Chile",,1.53704970299273,265.95558850906588,-71.785,-38.221
"Directions from Troyo, Lonquimay, Chile to Angol, Chile",,1.53748155945037,267.34272716471111,-71.785,-38.221
"Directions from Troyo, Lonquimay, Chile to Angol, Chile",,1.53755155945037,275.65496623857592,-71.785,-38.221
"Directions from Troyo, Lonquimay, Chile to Angol, Chile",,1.53760254964550,275.65496623857592,-71.785,-38.221
"Directions from Troyo, Lonquimay, Chile to Angol, Chile",,1.53763254964550,274.73116110437957,-71.785,-38.221
"Directions from Troyo, Lonquimay, Chile to Angol, Chile",,1.53781503252141,286.71240559124897,-71.786,-38.221
"Directions from Troyo, Lonquimay, Chile to Angol, Chile",,1.53801200967744,292.05437671027641,-71.786,-38.221
"Directions from Troyo, Lonquimay, Chile to Angol, Chile",,1.53981214856097,291.88782108833504,-71.788,-38.220
"Directions from Troyo, Lonquimay, Chile to Angol, Chile",,1.53998679105294,297.14002284351642,-71.788,-38.220
"Directions from Troyo, Lonquimay, Chile to Angol, Chile",,1.54030063814947,302.00851697906751,-71.788,-38.220
"Directions from Troyo, Lonquimay, Chile to Angol, Chile",,1.54079155565782,305.07177605517700,-71.788,-38.220
"Directions from Troyo, Lonquimay, Chile to Angol, Chile",,1.54202755727595,303.42288446579806,-71.789,-38.219
"Directions from Troyo, Lonquimay, Chile to Angol, Chile",,1.54246664724394,302.80313030873782,-71.790,-38.219
"Directions from Troyo, Lonquimay, Chile to Angol, Chile",,1.54255267049661,303.57259002028155,-71.790,-38.219
"Directions from Troyo, Lonquimay, Chile to Angol, Chile",,1.54285795724707,299.08627671118290,-71.790,-38.219
"Directions from Troyo, Lonquimay, Chile to Angol, Chile",,1.54319336744369,283.28252558853899,-71.790,-38.219
"Directions from Troyo, Lonquimay, Chile to Angol, Chile",,1.54320336744369,286.84503376246795,-71.790,-38.219
"Directions from Troyo, Lonquimay, Chile to Angol, Chile",,1.54331153398195,298.82627824933735,-71.790,-38.219
"Directions from Troyo, Lonquimay, Chile to Angol, Chile",,1.54341002255997,298.82627825612252,-71.791,-38.218
"Directions from Troyo, Lonquimay, Chile to Angol, Chile",,1.54344607807272,294.60708926681366,-71.791,-38.218
"Directions from Troyo, Lonquimay, Chile to Angol, Chile",,1.54363289348965,281.11697390136953,-71.791,-38.218
"Directions from Troyo, Lonquimay, Chile to Angol, Chile",,1.54380406591733,278.41725423160852,-71.791,-38.218
"Directions from Troyo, Lonquimay, Chile to Angol, Chile",,1.54408849517040,278.81026464785850,-71.791,-38.218
"Directions from Troyo, Lonquimay, Chile to Angol, Chile",,1.54447177052833,273.74792882005892,-71.792,-38.218
"Directions from Troyo, Lonquimay, Chile to Angol, Chile",,1.54454177052834,277.01812173635801,-71.792,-38.218
"Directions from Troyo, Lonquimay, Chile to Angol, Chile",,1.54458300158459,274.42090728182319,-71.792,-38.218
"Directions from Troyo, Lonquimay, Chile to Angol, Chile",,1.54469345519477,267.40278554546518,-71.792,-38.218
"Directions from Troyo, Lonquimay, Chile to Angol, Chile",,1.54480345519476,265.62691886884005,-71.792,-38.218
"Directions from Troyo, Lonquimay, Chile to Angol, Chile",,1.54493498465914,256.40944445839682,-71.792,-38.218
"Directions from Troyo, Lonquimay, Chile to Angol, Chile",,1.54499823021235,260.78252558955677,-71.792,-38.218
"Directions from Troyo, Lonquimay, Chile to Angol, Chile",,1.54500823021235,260.00844673875287,-71.792,-38.218
"Directions from Troyo, Lonquimay, Chile to Angol, Chile",,1.54512527721145,253.74404288226131,-71.792,-38.218
"Directions from Troyo, Lonquimay, Chile to Angol, Chile",,1.54521747265603,254.11083320723156,-71.792,-38.218
"Directions from Troyo, Lonquimay, Chile to Angol, Chile",,1.54588478068085,253.06480006973155,-71.793,-38.219
"Directions from Troyo, Lonquimay, Chile to Angol, Chile",,1.54612247796734,260.09234855147366,-71.793,-38.219
"Directions from Troyo, Lonquimay, Chile to Angol, Chile",,1.54623293157751,267.40278554546518,-71.793,-38.219
"Directions from Troyo, Lonquimay, Chile to Angol, Chile",,1.54634293157751,273.17009587394784,-71.793,-38.219
"Directions from Troyo, Lonquimay, Chile to Angol, Chile",,1.54652403928027,280.18821760551634,-71.794,-38.219
"Directions from Troyo, Lonquimay, Chile to Angol, Chile",,1.54656527033652,275.77334527106819,-71.794,-38.219
"Directions from Troyo, Lonquimay, Chile to Angol, Chile",,1.54679548762519,264.69017236079333,-71.794,-38.219
"Directions from Troyo, Lonquimay, Chile to Angol, Chile",,1.54686619830330,259.09929525525183,-71.794,-38.219
"Directions from Troyo, Lonquimay, Chile to Angol, Chile",,1.54724698695860,259.09929525606606,-71.794,-38.219
"Directions from Troyo, Lonquimay, Chile to Angol, Chile",,1.54731769763673,258.37294516802183,-71.794,-38.219
"Directions from Troyo, Lonquimay, Chile to Angol, Chile",,1.54770097299465,258.22451183533758,-71.795,-38.219
"Directions from Troyo, Lonquimay, Chile to Angol, Chile",,1.54797391987593,257.53433479816107,-71.795,-38.219
"Directions from Troyo, Lonquimay, Chile to Angol, Chile",,1.54825552243274,257.01665820527478,-71.795,-38.219
"Directions from Troyo, Lonquimay, Chile to Angol, Chile",,1.54837717768335,257.64127954563480,-71.795,-38.219
"Directions from Troyo, Lonquimay, Chile to Angol, Chile",,1.54849119522585,257.96225087307511,-71.795,-38.219
"Directions from Troyo, Lonquimay, Chile to Angol, Chile",,1.54907813644949,262.55358202027355,-71.796,-38.219
"Directions from Troyo, Lonquimay, Chile to Angol, Chile",,1.55002344063334,261.47170813191798,-71.797,-38.219
"Directions from Troyo, Lonquimay, Chile to Angol, Chile",,1.55243766928862,256.53523838420051,-71.799,-38.220
"Directions from Troyo, Lonquimay, Chile to Angol, Chile",,1.55258327148641,251.67633780202399,-71.800,-38.220
"Directions from Troyo, Lonquimay, Chile to Angol, Chile",,1.55442199386894,246.36651016490660,-71.801,-38.220
"Directions from Troyo, Lonquimay, Chile to Angol, Chile",,1.55448907590825,246.19871889833041,-71.801,-38.220
"Directions from Troyo, Lonquimay, Chile to Angol, Chile",,1.55462835979102,259.48124448686940,-71.801,-38.220
"Directions from Troyo, Lonquimay, Chile to Angol, Chile",,1.55463835979103,262.37244064831452,-71.801,-38.220
"Directions from Troyo, Lonquimay, Chile to Angol, Chile",,1.55475237733354,259.99061980379372,-71.802,-38.220
"Directions from Troyo, Lonquimay, Chile to Angol, Chile",,1.55487279327933,254.33565356694015,-71.802,-38.220
"Directions from Troyo, Lonquimay, Chile to Angol, Chile",,1.55489515395911,254.81043699436083,-71.802,-38.221
"Directions from Troyo, Lonquimay, Chile to Angol, Chile",,1.55519581988667,269.18378328462762,-71.802,-38.221
"Directions from Troyo, Lonquimay, Chile to Angol, Chile",,1.55624658151521,271.35124888906284,-71.803,-38.220
"Directions from Troyo, Lonquimay, Chile to Angol, Chile",,1.55734662696881,277.27854991890359,-71.804,-38.220
"Directions from Troyo, Lonquimay, Chile to Angol, Chile",,1.55738785802507,280.81544341559749,-71.804,-38.220
"Directions from Troyo, Lonquimay, Chile to Angol, Chile",,1.55753918548458,281.77001963756300,-71.804,-38.220
"Directions from Troyo, Lonquimay, Chile to Angol, Chile",,1.55761198658346,282.70385905534619,-71.804,-38.220
"Directions from Troyo, Lonquimay, Chile to Angol, Chile",,1.55767281420877,285.35641385548792,-71.804,-38.220
"Directions from Troyo, Lonquimay, Chile to Angol, Chile",,1.55786594628793,298.12126285268187,-71.805,-38.220
"Directions from Troyo, Lonquimay, Chile to Angol, Chile",,1.55798801184409,297.14103320905383,-71.805,-38.220
"Directions from Troyo, Lonquimay, Chile to Angol, Chile",,1.55819990804509,287.35610376896716,-71.805,-38.220
"Directions from Troyo, Lonquimay, Chile to Angol, Chile",,1.55850074022422,284.08984673951636,-71.805,-38.220
"Directions from Troyo, Lonquimay, Chile to Angol, Chile",,1.55904415535099,280.39238483583256,-71.806,-38.220
"Directions from Troyo, Lonquimay, Chile to Angol, Chile",,1.55983187357471,276.55342268514318,-71.807,-38.220
"Directions from Troyo, Lonquimay, Chile to Angol, Chile",,1.56073542213456,273.26798324713292,-71.807,-38.220
"Directions from Troyo, Lonquimay, Chile to Angol, Chile",,1.56191580342890,268.24330895328484,-71.809,-38.220
"Directions from Troyo, Lonquimay, Chile to Angol, Chile",,1.56214667135651,263.10493986003706,-71.809,-38.220
"Directions from Troyo, Lonquimay, Chile to Angol, Chile",,1.56273361258014,258.35466317356742,-71.809,-38.220
"Directions from Troyo, Lonquimay, Chile to Angol, Chile",,1.56305376879201,258.19246712271598,-71.810,-38.220
"Directions from Troyo, Lonquimay, Chile to Angol, Chile",,1.56513015989197,259.92584374719098,-71.812,-38.220
"Directions from Troyo, Lonquimay, Chile to Angol, Chile",,1.56549690230839,253.59752483159073,-71.812,-38.220
"Directions from Troyo, Lonquimay, Chile to Angol, Chile",,1.56555075395646,251.24497634305496,-71.812,-38.220
"Directions from Troyo, Lonquimay, Chile to Angol, Chile",,1.56621558476201,248.86315549698995,-71.813,-38.221
"Directions from Troyo, Lonquimay, Chile to Angol, Chile",,1.56623794544178,247.49999999999997,-71.813,-38.221
"Directions from Troyo, Lonquimay, Chile to Angol, Chile",,1.56709176041002,260.78252558853899,-71.814,-38.221
"Directions from Troyo, Lonquimay, Chile to Angol, Chile",,1.56711176041003,259.34104386192240,-71.814,-38.221
"Directions from Troyo, Lonquimay, Chile to Angol, Chile",,1.56755187403171,236.84104386192243,-71.814,-38.221
"Directions from Troyo, Lonquimay, Chile to Angol, Chile",,1.56756601616734,237.77998258609983,-71.814,-38.221
"Directions from Troyo, Lonquimay, Chile to Angol, Chile",,1.56774629373111,247.86239880846847,-71.814,-38.221
"Directions from Troyo, Lonquimay, Chile to Angol, Chile",,1.56907959789746,246.16558913352969,-71.815,-38.222
"Directions from Troyo, Lonquimay, Chile to Angol, Chile",,1.56949190846003,244.17777603928371,-71.816,-38.222
"Directions from Troyo, Lonquimay, Chile to Angol, Chile",,1.56972016270423,255.59460312812277,-71.816,-38.222
"Directions from Troyo, Lonquimay, Chile to Angol, Chile",,1.56973016270423,254.28521719267221,-71.816,-38.222
"Directions from Troyo, Lonquimay, Chile to Angol, Chile",,1.57015206316643,241.40055338034583,-71.816,-38.222
"Directions from Troyo, Lonquimay, Chile to Angol, Chile",,1.57079611285395,257.11533618767362,-71.817,-38.222
"Directions from Troyo, Lonquimay, Chile to Angol, Chile",,1.57080611285396,260.27998258609983,-71.817,-38.222
"Directions from Troyo, Lonquimay, Chile to Angol, Chile",,1.57098639041773,255.90690145493988,-71.817,-38.222
"Directions from Troyo, Lonquimay, Chile to Angol, Chile",,1.57124944934648,262.90675285356605,-71.817,-38.223
"Directions from Troyo, Lonquimay, Chile to Angol, Chile",,1.57146039957759,267.27983398472594,-71.818,-38.223
"Directions from Troyo, Lonquimay, Chile to Angol, Chile",,1.57158039957759,267.80064732178380,-71.818,-38.223
"Directions from Troyo, Lonquimay, Chile to Angol, Chile",,1.57171078362569,260.78252558782060,-71.818,-38.223
"Directions from Troyo, Lonquimay, Chile to Angol, Chile",,1.57179324573820,251.85736643735856,-71.818,-38.223
"Directions from Troyo, Lonquimay, Chile to Angol, Chile",,1.57203094302468,242.87279656865229,-71.818,-38.223
"Directions from Troyo, Lonquimay, Chile to Angol, Chile",,1.57212528283601,234.66740426998760,-71.818,-38.223
"Directions from Troyo, Lonquimay, Chile to Angol, Chile",,1.57244543904787,228.17009587300805,-71.819,-38.223
"Directions from Troyo, Lonquimay, Chile to Angol, Chile",,1.57285556098097,227.13394665056853,-71.819,-38.223
"Directions from Troyo, Lonquimay, Chile to Angol, Chile",,1.57333063992178,232.13793655025515,-71.819,-38.224
"Directions from Troyo, Lonquimay, Chile to Angol, Chile",,1.57357477103409,232.76775997615948,-71.819,-38.224
"Directions from Troyo, Lonquimay, Chile to Angol, Chile",,1.57379499818954,234.63190422878139,-71.820,-38.224
"Directions from Troyo, Lonquimay, Chile to Angol, Chile",,1.57412256497662,242.76883889653732,-71.820,-38.224
"Directions from Troyo, Lonquimay, Chile to Angol, Chile",,1.57419872270767,258.40070474387784,-71.820,-38.224
"Directions from Troyo, Lonquimay, Chile to Angol, Chile",,1.57420872270768,258.01875551124198,-71.820,-38.224
"Directions from Troyo, Lonquimay, Chile to Angol, Chile",,1.57430721128570,251.00063377887523,-71.820,-38.224
"Directions from Troyo, Lonquimay, Chile to Angol, Chile",,1.57443090445448,257.82945503341313,-71.820,-38.224
"Directions from Troyo, Lonquimay, Chile to Angol, Chile",,1.57465451125222,264.84757676577982,-71.820,-38.224
"Directions from Troyo, Lonquimay, Chile to Angol, Chile",,1.57468451125222,264.69017236130793,-71.820,-38.224
"Directions from Troyo, Lonquimay, Chile to Angol, Chile",,1.57484729945817,257.37973536731636,-71.821,-38.224
"Directions from Troyo, Lonquimay, Chile to Angol, Chile",,1.57508499674466,249.40703741746941,-71.821,-38.224
"Directions from Troyo, Lonquimay, Chile to Angol, Chile",,1.57510735742444,247.49999999970919,-71.821,-38.224
"Directions from Troyo, Lonquimay, Chile to Angol, Chile",,1.57532871686065,249.88182084577420,-71.821,-38.224
"Directions from Troyo, Lonquimay, Chile to Angol, Chile",,1.57554412345294,236.59929523717048,-71.821,-38.224
"Directions from Troyo, Lonquimay, Chile to Angol, Chile",,1.57555826558855,229.48631328841299,-71.821,-38.224
"Directions from Troyo, Lonquimay, Chile to Angol, Chile",,1.57569428029365,229.48631330876853,-71.821,-38.224
"Directions from Troyo, Lonquimay, Chile to Angol, Chile",,1.57575084883614,230.65496623074685,-71.821,-38.224
"Directions from Troyo, Lonquimay, Chile to Angol, Chile",,1.57578690434889,229.88088738155503,-71.821,-38.224
"Directions from Troyo, Lonquimay, Chile to Angol, Chile",,1.57604862939546,216.25322320073079,-71.822,-38.225
"Directions from Troyo, Lonquimay, Chile to Angol, Chile",,1.57615158569687,217.02730204992264,-71.822,-38.225
"Directions from Troyo, Lonquimay, Chile to Angol, Chile",,1.57616572783249,218.50269160495660,-71.822,-38.225
"Directions from Troyo, Lonquimay, Chile to Angol, Chile",,1.57626006764381,218.50269160156404,-71.822,-38.225
"Directions from Troyo, Lonquimay, Chile to Angol, Chile",,1.57630249405068,219.34503376586051,-71.822,-38.225
"Directions from Troyo, Lonquimay, Chile to Angol, Chile",,1.57633854956344,226.36315550261767,-71.822,-38.225
"Directions from Troyo, Lonquimay, Chile to Angol, Chile",,1.57639685908239,244.31318031627879,-71.822,-38.225
"Directions from Troyo, Lonquimay, Chile to Angol, Chile",,1.57685566187226,247.20363484272673,-71.822,-38.225
"Directions from Troyo, Lonquimay, Chile to Angol, Chile",,1.57852425409326,250.39045452345445,-71.824,-38.226
"Directions from Troyo, Lonquimay, Chile to Angol, Chile",,1.57856548514952,250.55002997803524,-71.824,-38.226
"Directions from Troyo, Lonquimay, Chile to Angol, Chile",,1.57901737009063,244.02037546781395,-71.824,-38.226
"Directions from Troyo, Lonquimay, Chile to Angol, Chile",,1.57950038147766,245.55151900989387,-71.825,-38.226
"Directions from Troyo, Lonquimay, Chile to Angol, Chile",,1.57982349136609,259.09929525647317,-71.825,-38.226
"Directions from Troyo, Lonquimay, Chile to Angol, Chile",,1.57984349136609,260.78252558752121,-71.825,-38.226
"Directions from Troyo, Lonquimay, Chile to Angol, Chile",,1.57990673691929,254.93784100014980,-71.825,-38.226
"Directions from Troyo, Lonquimay, Chile to Angol, Chile",,1.58020287877719,256.18261745909462,-71.825,-38.226
"Directions from Troyo, Lonquimay, Chile to Angol, Chile",,1.58027567987608,256.14315758062503,-71.825,-38.226
"Directions from Troyo, Lonquimay, Chile to Angol, Chile",,1.58076598590296,255.92108536740091,-71.826,-38.227
"Directions from Troyo, Lonquimay, Chile to Angol, Chile",,1.58094318635444,247.76898636503367,-71.826,-38.227
"Directions from Troyo, Lonquimay, Chile to Angol, Chile",,1.58111318635443,237.52880770724136,-71.826,-38.227
"Directions from Troyo, Lonquimay, Chile to Angol, Chile",,1.58116318635443,229.06505117544955,-71.826,-38.227
"Directions from Troyo, Lonquimay, Chile to Angol, Chile",,1.58129046557505,222.40278554657749,-71.826,-38.227
"Directions from Troyo, Lonquimay, Chile to Angol, Chile",,1.58175908055561,222.40278554488123,-71.827,-38.227
"Directions from Troyo, Lonquimay, Chile to Angol, Chile",,1.58184393336934,227.38182084359661,-71.827,-38.227
"Directions from Troyo, Lonquimay, Chile to Angol, Chile",,1.58201422723300,233.03678708700045,-71.827,-38.227
"Directions from Troyo, Lonquimay, Chile to Angol, Chile",,1.58205028274576,241.55567098312869,-71.827,-38.227
"Directions from Troyo, Lonquimay, Chile to Angol, Chile",,1.58212644047682,251.38258300745787,-71.827,-38.227
"Directions from Troyo, Lonquimay, Chile to Angol, Chile",,1.58220890258932,258.91682708814454,-71.827,-38.227
"Directions from Troyo, Lonquimay, Chile to Angol, Chile",,1.58227961326745,264.25171849102463,-71.827,-38.227
"Directions from Troyo, Lonquimay, Chile to Angol, Chile",,1.58244990713111,268.31676966891683,-71.827,-38.227
"Directions from Troyo, Lonquimay, Chile to Angol, Chile",,1.58291990713111,272.92800679263502,-71.828,-38.227
"Directions from Troyo, Lonquimay, Chile to Angol, Chile",,1.58331195304679,277.41432010035828,-71.828,-38.227
"Directions from Troyo, Lonquimay, Chile to Angol, Chile",,1.58350430688741,274.48631330772326,-71.828,-38.227
"Directions from Troyo, Lonquimay, Chile to Angol, Chile",,1.58354430688741,275.15242323422018,-71.828,-38.227
"Directions from Troyo, Lonquimay, Chile to Angol, Chile",,1.58443873407840,297.65242323422018,-71.829,-38.227
"Directions from Troyo, Lonquimay, Chile to Angol, Chile",,1.58445287621403,298.76440385433625,-71.829,-38.227
"Directions from Troyo, Lonquimay, Chile to Angol, Chile",,1.58463726710318,287.50412105336312,-71.829,-38.227
"Directions from Troyo, Lonquimay, Chile to Angol, Chile",,1.58495111419970,294.16564846994669,-71.830,-38.227
"Directions from Troyo, Lonquimay, Chile to Angol, Chile",,1.58602898246624,288.07835450514000,-71.831,-38.227
"Directions from Troyo, Lonquimay, Chile to Angol, Chile",,1.58625258926399,273.03422583477402,-71.831,-38.227
"Directions from Troyo, Lonquimay, Chile to Angol, Chile",,1.58652332899140,262.38003217461858,-71.831,-38.227
"Directions from Troyo, Lonquimay, Chile to Angol, Chile",,1.58689007140782,262.90831451475890,-71.831,-38.227
"Directions from Troyo, Lonquimay, Chile to Angol, Chile",,1.58707034897160,268.41008494069422,-71.832,-38.227
"Directions from Troyo, Lonquimay, Chile to Angol, Chile",,1.58741034897159,276.62025995746012,-71.832,-38.227
"Directions from Troyo, Lonquimay, Chile to Angol, Chile",,1.58758499146355,287.52096469993410,-71.832,-38.227
"Directions from Troyo, Lonquimay, Chile to Angol, Chile",,1.58763884311163,288.87340269178321,-71.832,-38.227
"Directions from Troyo, Lonquimay, Chile to Angol, Chile",,1.58771164421053,291.25522354056233,-71.832,-38.227
"Directions from Troyo, Lonquimay, Chile to Angol, Chile",,1.58777872624984,305.78252558107533,-71.832,-38.227
"Directions from Troyo, Lonquimay, Chile to Angol, Chile",,1.58779286838547,305.78252557836123,-71.832,-38.227
"Directions from Troyo, Lonquimay, Chile to Angol, Chile",,1.58785995042480,302.92722902079691,-71.832,-38.226
"Directions from Troyo, Lonquimay, Chile to Angol, Chile",,1.58800207712883,307.25349991607220,-71.833,-38.226
"Directions from Troyo, Lonquimay, Chile to Angol, Chile",,1.58821016364929,307.15572592683327,-71.833,-38.226
"Directions from Troyo, Lonquimay, Chile to Angol, Chile",,1.58841631893058,307.12636356315750,-71.833,-38.226
"Directions from Troyo, Lonquimay, Chile to Angol, Chile",,1.58982294610221,303.86646268751406,-71.834,-38.225
"Directions from Troyo, Lonquimay, Chile to Angol, Chile",,1.59025014628948,301.02497306876506,-71.834,-38.225
"Directions from Troyo, Lonquimay, Chile to Angol, Chile",,1.59051434318575,298.02047009047141,-71.835,-38.225
"Directions from Troyo, Lonquimay, Chile to Angol, Chile",,1.59084975338238,293.66865292982965,-71.835,-38.225
"Directions from Troyo, Lonquimay, Chile to Angol, Chile",,1.59115991463077,293.66865292928679,-71.835,-38.225
"Directions from Troyo, Lonquimay, Chile to Angol, Chile",,1.59120463599032,292.04530977573364,-71.835,-38.225
"Directions from Troyo, Lonquimay, Chile to Angol, Chile",,1.59160313316722,281.14460503241742,-71.836,-38.225
"Directions from Troyo, Lonquimay, Chile to Angol, Chile",,1.59184396505880,277.11298194703494,-71.836,-38.225
"Directions from Troyo, Lonquimay, Chile to Angol, Chile",,1.59190479268410,274.73116110181218,-71.836,-38.225
"Directions from Troyo, Lonquimay, Chile to Angol, Chile",,1.59222479268411,276.49730839653000,-71.836,-38.225
"Directions from Troyo, Lonquimay, Chile to Angol, Chile",,1.59235820932475,280.87038952769001,-71.836,-38.225
"Directions from Troyo, Lonquimay, Chile to Angol, Chile",,1.59248973878912,276.66004176107799,-71.836,-38.224
"Directions from Troyo, Lonquimay, Chile to Angol, Chile",,1.59274053751320,272.28696062991810,-71.837,-38.224
"Directions from Troyo, Lonquimay, Chile to Angol, Chile",,1.59315053751320,267.95719161008145,-71.837,-38.224
"Directions from Troyo, Lonquimay, Chile to Angol, Chile",,1.59399267764405,268.40130935768053,-71.838,-38.225
"Directions from Troyo, Lonquimay, Chile to Angol, Chile",,1.59528283267351,275.05906086942576,-71.839,-38.225
"Directions from Troyo, Lonquimay, Chile to Angol, Chile",,1.59609332635023,275.15540521513896,-71.840,-38.224
"Directions from Troyo, Lonquimay, Chile to Angol, Chile",,1.59715351501268,273.89538049712121,-71.841,-38.224
"Directions from Troyo, Lonquimay, Chile to Angol, Chile",,1.59732468744036,286.63744399234798,-71.841,-38.224
"Directions from Troyo, Lonquimay, Chile to Angol, Chile",,1.59734704812014,289.12721017618895,-71.841,-38.224
"Directions from Troyo, Lonquimay, Chile to Angol, Chile",,1.59764318997803,285.76699837070657,-71.842,-38.224
"Directions from Troyo, Lonquimay, Chile to Angol, Chile",,1.59905715603138,286.94043551462511,-71.843,-38.224
"Directions from Troyo, Lonquimay, Chile to Angol, Chile",,1.59909838708764,288.44553171242256,-71.843,-38.224
"Directions from Troyo, Lonquimay, Chile to Angol, Chile",,1.60041147505118,289.83811492632850,-71.844,-38.223
"Directions from Troyo, Lonquimay, Chile to Angol, Chile",,1.60086069660008,284.45808348391421,-71.845,-38.223
"Directions from Troyo, Lonquimay, Chile to Angol, Chile",,1.60129023123198,289.32990412697882,-71.845,-38.223
"Directions from Troyo, Lonquimay, Chile to Angol, Chile",,1.60131259191175,287.16510859808199,-71.845,-38.223
"Directions from Troyo, Lonquimay, Chile to Angol, Chile",,1.60153462794486,273.88258300954294,-71.845,-38.223
"Directions from Troyo, Lonquimay, Chile to Angol, Chile",,1.60176462794486,267.44891737376940,-71.845,-38.223
"Directions from Troyo, Lonquimay, Chile to Angol, Chile",,1.60232685565675,260.07713595490122,-71.846,-38.223
"Directions from Troyo, Lonquimay, Chile to Angol, Chile",,1.60252332448378,252.59245564919453,-71.846,-38.223
"Directions from Troyo, Lonquimay, Chile to Angol, Chile",,1.60307694890521,252.14311383939787,-71.847,-38.223
"Directions from Troyo, Lonquimay, Chile to Angol, Chile",,1.60359617910465,255.68156837554852,-71.847,-38.223
"Directions from Troyo, Lonquimay, Chile to Angol, Chile",,1.60386301238593,259.70536991982868,-71.848,-38.223
"Directions from Troyo, Lonquimay, Chile to Angol, Chile",,1.60401433984542,260.54771207854009,-71.848,-38.224
"Directions from Troyo, Lonquimay, Chile to Angol, Chile",,1.60462622218706,255.12755935146365,-71.848,-38.224
"Directions from Troyo, Lonquimay, Chile to Angol, Chile",,1.60491082717647,249.88182084606501,-71.849,-38.224
"Directions from Troyo, Lonquimay, Chile to Angol, Chile",,1.60512623376876,245.15065974183213,-71.849,-38.224
"Directions from Troyo, Lonquimay, Chile to Angol, Chile",,1.60531858760938,246.83389006877400,-71.849,-38.224
"Directions from Troyo, Lonquimay, Chile to Angol, Chile",,1.60535021038598,242.34757676219724,-71.849,-38.224
"Directions from Troyo, Lonquimay, Chile to Angol, Chile",,1.60560021038598,230.30982763826805,-71.849,-38.224
"Directions from Troyo, Lonquimay, Chile to Angol, Chile",,1.60576299859194,223.92704474688057,-71.849,-38.224
"Directions from Troyo, Lonquimay, Chile to Angol, Chile",,1.60602548668690,212.49405067929223,-71.849,-38.224
"Directions from Troyo, Lonquimay, Chile to Angol, Chile",,1.60708151698950,192.31178239295039,-71.850,-38.225
"Directions from Troyo, Lonquimay, Chile to Angol, Chile",,1.60709151698950,189.89943817723363,-71.850,-38.225
"Directions from Troyo, Lonquimay, Chile to Angol, Chile",,1.60735722359461,196.91755991143637,-71.850,-38.226
"Directions from Troyo, Lonquimay, Chile to Angol, Chile",,1.60756337887589,190.81544341974293,-71.850,-38.226
"Directions from Troyo, Lonquimay, Chile to Angol, Chile",,1.60771470633540,181.41550083947519,-71.850,-38.226
"Directions from Troyo, Lonquimay, Chile to Angol, Chile",,1.60783512228119,171.57080061642191,-71.850,-38.226
"Directions from Troyo, Lonquimay, Chile to Angol, Chile",,1.60797830049182,151.45262145230913,-71.850,-38.226
"Directions from Troyo, Lonquimay, Chile to Angol, Chile",,1.60799244262744,145.27802259919568,-71.850,-38.226
"Directions from Troyo, Lonquimay, Chile to Angol, Chile",,1.60811327308718,148.69940931504681,-71.850,-38.226
"Directions from Troyo, Lonquimay, Chile to Angol, Chile",,1.60829131802533,135.65761663026495,-71.850,-38.226
"Directions from Troyo, Lonquimay, Chile to Angol, Chile",,1.60851154518079,126.99049141885776,-71.850,-38.227
"Directions from Troyo, Lonquimay, Chile to Angol, Chile",,1.60870571005917,121.87867466229169,-71.849,-38.227
"Directions from Troyo, Lonquimay, Chile to Angol, Chile",,1.60899224103482,116.22370842508361,-71.849,-38.227
"Directions from Troyo, Lonquimay, Chile to Angol, Chile",,1.60944918742116,110.81676966735591,-71.849,-38.227
"Directions from Troyo, Lonquimay, Chile to Angol, Chile",,1.60967054685738,106.29221245356906,-71.849,-38.227
"Directions from Troyo, Lonquimay, Chile to Angol, Chile",,1.61089777951665,102.89155504291043,-71.847,-38.227
"Directions from Troyo, Lonquimay, Chile to Angol, Chile",,1.61124491061580,99.88186817651358,-71.847,-38.227
"Directions from Troyo, Lonquimay, Chile to Angol, Chile",,1.61138633197204,104.15037788282952,-71.847,-38.227
"Directions from Troyo, Lonquimay, Chile to Angol, Chile",,1.61190834729749,113.96459700666171,-71.846,-38.228
"Directions from Troyo, Lonquimay, Chile to Angol, Chile",,1.61212305640303,103.87927030070664,-71.846,-38.228
"Directions from Troyo, Lonquimay, Chile to Angol, Chile",,1.61213305640303,106.69073782362656,-71.846,-38.228
"Directions from Troyo, Lonquimay, Chile to Angol, Chile",,1.61367791885645,129.19073782318404,-71.845,-38.229
"Directions from Troyo, Lonquimay, Chile to Angol, Chile",,1.61400318797580,136.68323033183393,-71.845,-38.229
"Directions from Troyo, Lonquimay, Chile to Angol, Chile",,1.61424401986737,144.05501174935165,-71.845,-38.229
"Directions from Troyo, Lonquimay, Chile to Angol, Chile",,1.61438294430727,164.87178141707523,-71.845,-38.229
"Directions from Troyo, Lonquimay, Chile to Angol, Chile",,1.61439294430726,172.53429141143801,-71.845,-38.229
"Directions from Troyo, Lonquimay, Chile to Angol, Chile",,1.61454818605423,172.53429141143801,-71.844,-38.229
"Directions from Troyo, Lonquimay, Chile to Angol, Chile",,1.61457818605423,186.26440385649155,-71.844,-38.229
"Directions from Troyo, Lonquimay, Chile to Angol, Chile",,1.61467038149880,199.54692943892391,-71.844,-38.229
"Directions from Troyo, Lonquimay, Chile to Angol, Chile",,1.61471510285835,211.71747441023967,-71.845,-38.229
"Directions from Troyo, Lonquimay, Chile to Angol, Chile",,1.61476510285836,211.71747441227524,-71.845,-38.230
"Directions from Troyo, Lonquimay, Chile to Angol, Chile",,1.61480982421790,212.17036773742933,-71.845,-38.230
"Directions from Troyo, Lonquimay, Chile to Angol, Chile",,1.61531588745506,227.04280839466901,-71.845,-38.230
"Directions from Troyo, Lonquimay, Chile to Angol, Chile",,1.61535194296782,229.73116110841403,-71.845,-38.230
"Directions from Troyo, Lonquimay, Chile to Angol, Chile",,1.61579057721181,228.42394630537484,-71.845,-38.230
"Directions from Troyo, Lonquimay, Chile to Angol, Chile",,1.61639860681635,239.24718961616148,-71.846,-38.231
"Directions from Troyo, Lonquimay, Chile to Angol, Chile",,1.61658648975863,242.72056140670151,-71.846,-38.231
"Directions from Troyo, Lonquimay, Chile to Angol, Chile",,1.61677006535614,242.58945069806569,-71.846,-38.231
"Directions from Troyo, Lonquimay, Chile to Angol, Chile",,1.61723525349012,246.26268586986589,-71.846,-38.231
"Directions from Troyo, Lonquimay, Chile to Angol, Chile",,1.61774220516435,251.28327774158305,-71.847,-38.231
"Directions from Troyo, Lonquimay, Chile to Angol, Chile",,1.61834386952261,253.28683853768675,-71.847,-38.231
"Directions from Troyo, Lonquimay, Chile to Angol, Chile",,1.61876446433950,254.34332984942549,-71.848,-38.231
"Directions from Troyo, Lonquimay, Chile to Angol, Chile",,1.62067579895175,255.15064048523095,-71.850,-38.232
"Directions from Troyo, Lonquimay, Chile to Angol, Chile",,1.62103019985469,261.80522983291780,-71.850,-38.232
"Directions from Troyo, Lonquimay, Chile to Angol, Chile",,1.62106019985469,261.34973640411226,-71.850,-38.232
"Directions from Troyo, Lonquimay, Chile to Angol, Chile",,1.62169910516848,250.42904011514759,-71.851,-38.232
"Directions from Troyo, Lonquimay, Chile to Angol, Chile",,1.62436012001249,250.00295076785295,-71.853,-38.233
"Directions from Troyo, Lonquimay, Chile to Angol, Chile",,1.62500207016632,249.32435179823881,-71.854,-38.233
"Directions from Troyo, Lonquimay, Chile to Angol, Chile",,1.62507822789738,250.97139751752215,-71.854,-38.233
"Directions from Troyo, Lonquimay, Chile to Angol, Chile",,1.62558517957160,257.37202601491765,-71.854,-38.234
"Directions from Troyo, Lonquimay, Chile to Angol, Chile",,1.62669337630504,262.41951239261124,-71.855,-38.234
"Directions from Troyo, Lonquimay, Chile to Angol, Chile",,1.62681379225083,262.88701805051534,-71.856,-38.234
"Directions from Troyo, Lonquimay, Chile to Angol, Chile",,1.62699627512673,262.38167594537890,-71.856,-38.234
"Directions from Troyo, Lonquimay, Chile to Angol, Chile",,1.62789081411414,267.11283704865815,-71.857,-38.234
"Directions from Troyo, Lonquimay, Chile to Angol, Chile",,1.62827081411415,267.95719160918594,-71.857,-38.234
"Directions from Troyo, Lonquimay, Chile to Angol, Chile",,1.62841117080261,254.67466602878920,-71.857,-38.234
"Directions from Troyo, Lonquimay, Chile to Angol, Chile",,1.62843353148239,252.65242324272879,-71.857,-38.234
"Directions from Troyo, Lonquimay, Chile to Angol, Chile",,1.62857495283863,259.18708218205018,-71.857,-38.234
"Directions from Troyo, Lonquimay, Chile to Angol, Chile",,1.62883205204127,254.78837682722087,-71.858,-38.234
"Directions from Troyo, Lonquimay, Chile to Angol, Chile",,1.62931288465248,251.13918599039337,-71.858,-38.234
"Directions from Troyo, Lonquimay, Chile to Angol, Chile",,1.63015792903001,244.88921432088799,-71.859,-38.234
"Directions from Troyo, Lonquimay, Chile to Angol, Chile",,1.63060570129356,232.78627177843535,-71.859,-38.235
"Directions from Troyo, Lonquimay, Chile to Angol, Chile",,1.63061984342918,229.89120349567341,-71.859,-38.235
"Directions from Troyo, Lonquimay, Chile to Angol, Chile",,1.63124410299059,232.84427407253105,-71.860,-38.235
"Directions from Troyo, Lonquimay, Chile to Angol, Chile",,1.63145025827186,232.84427407301683,-71.860,-38.235
"Directions from Troyo, Lonquimay, Chile to Angol, Chile",,1.63165834479234,233.49423201719057,-71.860,-38.235
"Directions from Troyo, Lonquimay, Chile to Angol, Chile",,1.63227842543226,228.60302850067575,-71.861,-38.236
"Directions from Troyo, Lonquimay, Chile to Angol, Chile",,1.63232085183912,227.92228293873839,-71.861,-38.236
"Directions from Troyo, Lonquimay, Chile to Angol, Chile",,1.63412628807450,250.42228293873839,-71.862,-38.237
"Directions from Troyo, Lonquimay, Chile to Angol, Chile",,1.63413628807450,249.54280838954827,-71.862,-38.237
"Directions from Troyo, Lonquimay, Chile to Angol, Chile",,1.63453327673933,234.47211561344727,-71.862,-38.237
"Directions from Troyo, Lonquimay, Chile to Angol, Chile",,1.63489174570590,246.95660927305349,-71.863,-38.237
"Directions from Troyo, Lonquimay, Chile to Angol, Chile",,1.63496454680479,250.21261318387059,-71.863,-38.237
"Directions from Troyo, Lonquimay, Chile to Angol, Chile",,1.63758418418428,247.90728852492435,-71.865,-38.238
"Directions from Troyo, Lonquimay, Chile to Angol, Chile",,1.63775506425918,246.43945180166929,-71.865,-38.238
"Directions from Troyo, Lonquimay, Chile to Angol, Chile",,1.63779978561873,247.09271147518416,-71.865,-38.238
"Directions from Troyo, Lonquimay, Chile to Angol, Chile",,1.63846709364356,253.97310403083983,-71.866,-38.239
"Directions from Troyo, Lonquimay, Chile to Angol, Chile",,1.63869270392701,263.59786696711666,-71.866,-38.239
"Directions from Troyo, Lonquimay, Chile to Angol, Chile",,1.63870270392702,262.98187826603674,-71.866,-38.239
"Directions from Troyo, Lonquimay, Chile to Angol, Chile",,1.63927993871461,254.63225614891545,-71.867,-38.239
"Directions from Troyo, Lonquimay, Chile to Angol, Chile",,1.63959314790987,257.58532670576938,-71.867,-38.239
"Directions from Troyo, Lonquimay, Chile to Angol, Chile",,1.64235086435650,258.42576850739442,-71.870,-38.239
"Directions from Troyo, Lonquimay, Chile to Angol, Chile",,1.64277536406204,252.34954014028239,-71.870,-38.239
"Directions from Troyo, Lonquimay, Chile to Angol, Chile",,1.64326577205545,256.50380205196973,-71.871,-38.240
"Directions from Troyo, Lonquimay, Chile to Angol, Chile",,1.64343694448313,257.42760718065892,-71.871,-38.240
"Directions from Troyo, Lonquimay, Chile to Angol, Chile",,1.64346856725973,260.78252558446786,-71.871,-38.240
"Directions from Troyo, Lonquimay, Chile to Angol, Chile",,1.64358856725973,268.28318481884776,-71.871,-38.240
"Directions from Troyo, Lonquimay, Chile to Angol, Chile",,1.64459036564264,262.62821858027189,-71.872,-38.240
"Directions from Troyo, Lonquimay, Chile to Angol, Chile",,1.64464135583778,262.66180343034091,-71.872,-38.240
"Directions from Troyo, Lonquimay, Chile to Angol, Chile",,1.64481164970144,264.25171849167600,-71.872,-38.240
"Directions from Troyo, Lonquimay, Chile to Angol, Chile",,1.64516520309203,265.93494882275917,-71.872,-38.240
"Directions from Troyo, Lonquimay, Chile to Angol, Chile",,1.64532520309204,271.54010506835760,-71.873,-38.240
"Directions from Troyo, Lonquimay, Chile to Angol, Chile",,1.64755842945763,274.06133060283821,-71.875,-38.240
"Directions from Troyo, Lonquimay, Chile to Angol, Chile",,1.64824107138427,273.76600199586431,-71.876,-38.240
"Directions from Troyo, Lonquimay, Chile to Angol, Chile",,1.64847128867293,284.52730204992264,-71.876,-38.240
"Directions from Troyo, Lonquimay, Chile to Angol, Chile",,1.64849364935270,281.37548817143892,-71.876,-38.240
"Directions from Troyo, Lonquimay, Chile to Angol, Chile",,1.64879431528026,264.92286671006906,-71.876,-38.240
"Directions from Troyo, Lonquimay, Chile to Angol, Chile",,1.64915653068579,262.28476566707559,-71.876,-38.240
"Directions from Troyo, Lonquimay, Chile to Angol, Chile",,1.64940971046382,262.42776559279349,-71.877,-38.240
"Directions from Troyo, Lonquimay, Chile to Angol, Chile",,1.65007341220406,266.97290405288715,-71.877,-38.240
"Directions from Troyo, Lonquimay, Chile to Angol, Chile",,1.65012341220406,264.50967499496568,-71.877,-38.240
"Directions from Troyo, Lonquimay, Chile to Angol, Chile",,1.65080590762529,257.49155325980502,-71.878,-38.240
"Directions from Troyo, Lonquimay, Chile to Angol, Chile",,1.65097083185031,262.98187826483939,-71.878,-38.240
"Directions from Troyo, Lonquimay, Chile to Angol, Chile",,1.65098083185031,263.50269160495657,-71.878,-38.240
"Directions from Troyo, Lonquimay, Chile to Angol, Chile",,1.65111424849095,254.28521719349561,-71.878,-38.240
"Directions from Troyo, Lonquimay, Chile to Angol, Chile",,1.65127236237397,249.28816718753035,-71.879,-38.240
"Directions from Troyo, Lonquimay, Chile to Angol, Chile",,1.65163083134055,236.00564158881355,-71.879,-38.240
"Directions from Troyo, Lonquimay, Chile to Angol, Chile",,1.65164497347616,240.80375111303405,-71.879,-38.240
"Directions from Troyo, Lonquimay, Chile to Angol, Chile",,1.65186084380762,218.30375112321181,-71.879,-38.240
"Directions from Troyo, Lonquimay, Chile to Angol, Chile",,1.65187084380763,221.43749182680176,-71.879,-38.240
"Directions from Troyo, Lonquimay, Chile to Angol, Chile",,1.65195146638511,266.43749182680176,-71.879,-38.240
"Directions from Troyo, Lonquimay, Chile to Angol, Chile",,1.65227146638511,272.59721445378398,-71.879,-38.240
"Directions from Troyo, Lonquimay, Chile to Angol, Chile",,1.65249237360545,268.67055780284238,-71.880,-38.240
"Directions from Troyo, Lonquimay, Chile to Angol, Chile",,1.65278511922881,255.17263860658440,-71.880,-38.240
"Directions from Troyo, Lonquimay, Chile to Angol, Chile",,1.65283897087688,252.73711741471405,-71.880,-38.240
"Directions from Troyo, Lonquimay, Chile to Angol, Chile",,1.65315677584852,259.57277098031363,-71.880,-38.240
"Directions from Troyo, Lonquimay, Chile to Angol, Chile",,1.65329819720476,264.25171849084916,-71.881,-38.240
"Directions from Troyo, Lonquimay, Chile to Angol, Chile",,1.65346849106842,268.31676966772358,-71.881,-38.240
"Directions from Troyo, Lonquimay, Chile to Angol, Chile",,1.65377849106842,272.59721445374225,-71.881,-38.240
"Directions from Troyo, Lonquimay, Chile to Angol, Chile",,1.65466211994980,277.46100372986274,-71.882,-38.240
"Directions from Troyo, Lonquimay, Chile to Angol, Chile",,1.65501722556789,281.48404923358061,-71.882,-38.240
"Directions from Troyo, Lonquimay, Chile to Angol, Chile",,1.65519186805985,285.83773436959962,-71.882,-38.240
"Directions from Troyo, Lonquimay, Chile to Angol, Chile",,1.65528673638966,286.42786097595734,-71.882,-38.240
"Directions from Troyo, Lonquimay, Chile to Angol, Chile",,1.65564812260965,287.10982474105145,-71.883,-38.240
"Directions from Troyo, Lonquimay, Chile to Angol, Chile",,1.65617953581987,287.69584364643782,-71.883,-38.240
"Directions from Troyo, Lonquimay, Chile to Angol, Chile",,1.65662596610559,284.06080932354047,-71.884,-38.240
"Directions from Troyo, Lonquimay, Chile to Angol, Chile",,1.65681035699474,276.26440385433625,-71.884,-38.240
"Directions from Troyo, Lonquimay, Chile to Angol, Chile",,1.65685035699474,273.17009587394784,-71.884,-38.240
"Directions from Troyo, Lonquimay, Chile to Angol, Chile",,1.65694091084612,273.17009587394784,-71.884,-38.240
"Directions from Troyo, Lonquimay, Chile to Angol, Chile",,1.65717091084611,267.95719160939257,-71.884,-38.240
"Directions from Troyo, Lonquimay, Chile to Angol, Chile",,1.65731126753458,263.77424854792781,-71.884,-38.240
"Directions from Troyo, Lonquimay, Chile to Angol, Chile",,1.65765492434014,257.96273802406421,-71.885,-38.240
"Directions from Troyo, Lonquimay, Chile to Angol, Chile",,1.65798733974291,262.14568108552896,-71.885,-38.240
"Directions from Troyo, Lonquimay, Chile to Angol, Chile",,1.65800733974291,262.98187826603674,-71.885,-38.240
"Directions from Troyo, Lonquimay, Chile to Angol, Chile",,1.65821349502419,249.69935266935553,-71.885,-38.240
"Directions from Troyo, Lonquimay, Chile to Angol, Chile",,1.65823585570396,254.12025994989631,-71.885,-38.240
"Directions from Troyo, Lonquimay, Chile to Angol, Chile",,1.65856721653448,267.40278554657749,-71.886,-38.240
"Directions from Troyo, Lonquimay, Chile to Angol, Chile",,1.65874721653448,272.13394664991540,-71.886,-38.240
"Directions from Troyo, Lonquimay, Chile to Angol, Chile",,1.65941907961577,277.44377428860747,-71.887,-38.240
"Directions from Troyo, Lonquimay, Chile to Angol, Chile",,1.65958186782173,275.30982763869207,-71.887,-38.240
"Directions from Troyo, Lonquimay, Chile to Angol, Chile",,1.65959186782173,276.49730839578677,-71.887,-38.240
"Directions from Troyo, Lonquimay, Chile to Angol, Chile",,1.65985870110301,285.13805758178665,-71.887,-38.240
"Directions from Troyo, Lonquimay, Chile to Angol, Chile",,1.66032997596973,285.26100914346006,-71.887,-38.240
"Directions from Troyo, Lonquimay, Chile to Angol, Chile",,1.66050461846169,275.98374494768291,-71.888,-38.240
"Directions from Troyo, Lonquimay, Chile to Angol, Chile",,1.66095472955909,271.74530583446278,-71.888,-38.240
"Directions from Troyo, Lonquimay, Chile to Angol, Chile",,1.66107514550489,277.44415667229117,-71.888,-38.240
"Directions from Troyo, Lonquimay, Chile to Angol, Chile",,1.66135957475794,282.21247455249699,-71.888,-38.240
"Directions from Troyo, Lonquimay, Chile to Angol, Chile",,1.66188588265263,281.71871423155591,-71.889,-38.239
"Directions from Troyo, Lonquimay, Chile to Angol, Chile",,1.66333426105622,281.18883546457022,-71.890,-38.239
"Directions from Troyo, Lonquimay, Chile to Angol, Chile",,1.66350890354818,285.83773436943000,-71.891,-38.239
"Directions from Troyo, Lonquimay, Chile to Angol, Chile",,1.66363539465460,279.21747441196987,-71.891,-38.239
"Directions from Troyo, Lonquimay, Chile to Angol, Chile",,1.66365539465459,276.26440385433625,-71.891,-38.239
"Directions from Troyo, Lonquimay, Chile to Angol, Chile",,1.66374759009917,275.49032500460953,-71.891,-38.239
"Directions from Troyo, Lonquimay, Chile to Angol, Chile",,1.66411772520964,264.49476004589371,-71.891,-38.239
"Directions from Troyo, Lonquimay, Chile to Angol, Chile",,1.66430020808555,263.64898874781494,-71.891,-38.239
"Directions from Troyo, Lonquimay, Chile to Angol, Chile",,1.66483105646314,268.38014985219451,-71.892,-38.239
"Directions from Troyo, Lonquimay, Chile to Angol, Chile",,1.66496105646314,271.63524396154207,-71.892,-38.239
"Directions from Troyo, Lonquimay, Chile to Angol, Chile",,1.66531162742600,275.94306805369723,-71.892,-38.239
"Directions from Troyo, Lonquimay, Chile to Angol, Chile",,1.66564539381137,282.28052204300064,-71.893,-38.239
"Directions from Troyo, Lonquimay, Chile to Angol, Chile",,1.66571819491026,281.07442190176749,-71.893,-38.239
"Directions from Troyo, Lonquimay, Chile to Angol, Chile",,1.66618090432231,273.10172395092195,-71.893,-38.239
"Directions from Troyo, Lonquimay, Chile to Angol, Chile",,1.66645090432231,273.42138670567329,-71.893,-38.239
"Directions from Troyo, Lonquimay, Chile to Angol, Chile",,1.66670269788856,283.01089071883615,-71.894,-38.239
"Directions from Troyo, Lonquimay, Chile to Angol, Chile",,1.66718972971502,285.24447024978144,-71.894,-38.239
"Directions from Troyo, Lonquimay, Chile to Angol, Chile",,1.66729171010530,275.65496623661863,-71.894,-38.239
"Directions from Troyo, Lonquimay, Chile to Angol, Chile",,1.66741171010529,266.82990412828627,-71.894,-38.239
"Directions from Troyo, Lonquimay, Chile to Angol, Chile",,1.66750226395668,259.45812270994543,-71.894,-38.239
"Directions from Troyo, Lonquimay, Chile to Angol, Chile",,1.66789520161077,250.02765675915225,-71.895,-38.239
"Directions from Troyo, Lonquimay, Chile to Angol, Chile",,1.66808308455305,252.91312486976989,-71.895,-38.239
"Directions from Troyo, Lonquimay, Chile to Angol, Chile",,1.66827543839367,265.51368669227674,-71.895,-38.239
"Directions from Troyo, Lonquimay, Chile to Angol, Chile",,1.66835543839367,272.59721445378398,-71.895,-38.239
"Directions from Troyo, Lonquimay, Chile to Angol, Chile",,1.66857634561401,272.59721445378398,-71.896,-38.239
"Directions from Troyo, Lonquimay, Chile to Angol, Chile",,1.66888634561401,267.40278554730054,-71.896,-38.239
"Directions from Troyo, Lonquimay, Chile to Angol, Chile",,1.66899679922418,261.13838169188659,-71.896,-38.239
"Directions from Troyo, Lonquimay, Chile to Angol, Chile",,1.66918119011333,260.05940646476489,-71.896,-38.239
"Directions from Troyo, Lonquimay, Chile to Angol, Chile",,1.66949376010549,270.38886149888532,-71.896,-38.239
"Directions from Troyo, Lonquimay, Chile to Angol, Chile",,1.66956447078361,275.73602310726346,-71.896,-38.239
"Directions from Troyo, Lonquimay, Chile to Angol, Chile",,1.67093680456226,271.67097192855709,-71.898,-38.239
"Directions from Troyo, Lonquimay, Chile to Angol, Chile",,1.67103680456224,274.86378927536185,-71.898,-38.239
"Directions from Troyo, Lonquimay, Chile to Angol, Chile",,1.67139191018035,278.03388514819261,-71.898,-38.239
"Directions from Troyo, Lonquimay, Chile to Angol, Chile",,1.67157301788311,279.30248273710771,-71.898,-38.239
"Directions from Troyo, Lonquimay, Chile to Angol, Chile",,1.67204376197494,276.13238686427690,-71.899,-38.239
"Directions from Troyo, Lonquimay, Chile to Angol, Chile",,1.67207376197495,277.58645767295326,-71.899,-38.239
"Directions from Troyo, Lonquimay, Chile to Angol, Chile",,1.67268507204356,283.75600131215430,-71.900,-38.239
"Directions from Troyo, Lonquimay, Chile to Angol, Chile",,1.67301263883065,279.47627388020652,-71.900,-38.239
"Directions from Troyo, Lonquimay, Chile to Angol, Chile",,1.67370726103012,280.77243882956742,-71.901,-38.239
"Directions from Troyo, Lonquimay, Chile to Angol, Chile",,1.67386250277709,290.74823418524318,-71.901,-38.238
"Directions from Troyo, Lonquimay, Chile to Angol, Chile",,1.67388486345686,292.50000000843301,-71.901,-38.238
"Directions from Troyo, Lonquimay, Chile to Angol, Chile",,1.67410622289307,300.73000740602072,-71.901,-38.238
"Directions from Troyo, Lonquimay, Chile to Angol, Chile",,1.67431140573836,309.94748181773372,-71.901,-38.238
"Directions from Troyo, Lonquimay, Chile to Angol, Chile",,1.67446140573836,301.71747441037542,-71.901,-38.238
"Directions from Troyo, Lonquimay, Chile to Angol, Chile",,1.67457320913723,288.93749182548646,-71.901,-38.238
"Directions from Troyo, Lonquimay, Chile to Angol, Chile",,1.67462419933237,278.03678708309673,-71.901,-38.238
"Directions from Troyo, Lonquimay, Chile to Angol, Chile",,1.67474461527815,271.96666310155854,-71.901,-38.238
"Directions from Troyo, Lonquimay, Chile to Angol, Chile",,1.67543468773812,272.01709947586306,-71.902,-38.238
"Directions from Troyo, Lonquimay, Chile to Angol, Chile",,1.67590638679472,275.94050809101600,-71.903,-38.238
"Directions from Troyo, Lonquimay, Chile to Angol, Chile",,1.67656129136793,296.00825087219062,-71.903,-38.238
"Directions from Troyo, Lonquimay, Chile to Angol, Chile",,1.67657543350355,300.84962211849080,-71.903,-38.238
"Directions from Troyo, Lonquimay, Chile to Angol, Chile",,1.67667983656863,291.63214770540134,-71.903,-38.238
"Directions from Troyo, Lonquimay, Chile to Angol, Chile",,1.67679163996751,283.28252558691054,-71.904,-38.238
"Directions from Troyo, Lonquimay, Chile to Angol, Chile",,1.67680163996751,287.76883889763764,-71.904,-38.238
"Directions from Troyo, Lonquimay, Chile to Angol, Chile",,1.67688766322018,302.55775823830209,-71.904,-38.238
"Directions from Troyo, Lonquimay, Chile to Angol, Chile",,1.67731310416791,297.01089673059386,-71.904,-38.238
"Directions from Troyo, Lonquimay, Chile to Angol, Chile",,1.67743393462765,291.43945180139042,-71.904,-38.238
"Directions from Troyo, Lonquimay, Chile to Angol, Chile",,1.67756042573405,285.48187826579726,-71.904,-38.238
"Directions from Troyo, Lonquimay, Chile to Angol, Chile",,1.67765262117862,279.11970042187681,-71.904,-38.238
"Directions from Troyo, Lonquimay, Chile to Angol, Chile",,1.67775311993484,282.07277098052828,-71.904,-38.238
"Directions from Troyo, Lonquimay, Chile to Angol, Chile",,1.67787961104124,292.50000000071248,-71.905,-38.237
"Directions from Troyo, Lonquimay, Chile to Angol, Chile",,1.67810321783900,294.18323033146225,-71.905,-38.237
"Directions from Troyo, Lonquimay, Chile to Angol, Chile",,1.67837247607935,295.20593457633112,-71.905,-38.237
"Directions from Troyo, Lonquimay, Chile to Angol, Chile",,1.67862307536107,294.58325244247834,-71.905,-38.237
"Directions from Troyo, Lonquimay, Chile to Angol, Chile",,1.67913571558578,296.78995638792611,-71.906,-38.237
"Directions from Troyo, Lonquimay, Chile to Angol, Chile",,1.67937425279463,295.72940818746684,-71.906,-38.237
"Directions from Troyo, Lonquimay, Chile to Angol, Chile",,1.67940587557123,296.98631330431232,-71.906,-38.237
"Directions from Troyo, Lonquimay, Chile to Angol, Chile",,1.67949189882390,298.95890642116774,-71.906,-38.237
"Directions from Troyo, Lonquimay, Chile to Angol, Chile",,1.67967574658701,289.16276547635823,-71.906,-38.237
"Directions from Troyo, Lonquimay, Chile to Angol, Chile",,1.67982134878480,281.16707168989444,-71.906,-38.237
"Directions from Troyo, Lonquimay, Chile to Angol, Chile",,1.68242753373602,278.37753504144274,-71.909,-38.236
"Directions from Troyo, Lonquimay, Chile to Angol, Chile",,1.68326114035788,281.58529433450900,-71.910,-38.236
"Directions from Troyo, Lonquimay, Chile to Angol, Chile",,1.68348675064133,289.68465862956452,-71.910,-38.236
"Directions from Troyo, Lonquimay, Chile to Angol, Chile",,1.68350911132110,291.95953791350797,-71.910,-38.236
"Directions from Troyo, Lonquimay, Chile to Angol, Chile",,1.68367674186725,294.15889058525829,-71.910,-38.236
"Directions from Troyo, Lonquimay, Chile to Angol, Chile",,1.68379336090514,295.30879029635287,-71.910,-38.236
"Directions from Troyo, Lonquimay, Chile to Angol, Chile",,1.68394202159261,295.63066315183210,-71.910,-38.236
"Directions from Troyo, Lonquimay, Chile to Angol, Chile",,1.68409466496784,295.70318930088484,-71.910,-38.236
"Directions from Troyo, Lonquimay, Chile to Angol, Chile",,1.68436037157296,279.89943817697417,-71.911,-38.236
"Directions from Troyo, Lonquimay, Chile to Angol, Chile",,1.68437037157296,279.21747441213950,-71.911,-38.236
"Directions from Troyo, Lonquimay, Chile to Angol, Chile",,1.68446523990277,286.23559614530450,-71.911,-38.236
"Directions from Troyo, Lonquimay, Chile to Angol, Chile",,1.68458893307153,288.32805420790783,-71.911,-38.236
"Directions from Troyo, Lonquimay, Chile to Angol, Chile",,1.68471893307153,296.43815105566381,-71.911,-38.236
"Directions from Troyo, Lonquimay, Chile to Angol, Chile",,1.68485785751143,304.45812270895885,-71.911,-38.236
"Directions from Troyo, Lonquimay, Chile to Angol, Chile",,1.68498591999617,314.21172497241838,-71.911,-38.236
"Directions from Troyo, Lonquimay, Chile to Angol, Chile",,1.68515621385983,328.98111610541594,-71.911,-38.235
"Directions from Troyo, Lonquimay, Chile to Angol, Chile",,1.68521006550790,331.49049877618700,-71.911,-38.235
"Directions from Troyo, Lonquimay, Chile to Angol, Chile",,1.68541815202838,311.16760930296590,-71.912,-38.235
"Directions from Troyo, Lonquimay, Chile to Angol, Chile",,1.68567757446380,292.12602790630524,-71.912,-38.235
"Directions from Troyo, Lonquimay, Chile to Angol, Chile",,1.68578197752888,282.72270324965075,-71.912,-38.235
"Directions from Troyo, Lonquimay, Chile to Angol, Chile",,1.68591350699326,281.68351812556585,-71.912,-38.235
"Directions from Troyo, Lonquimay, Chile to Angol, Chile",,1.68638890156622,290.59296258131644,-71.912,-38.235
"Directions from Troyo, Lonquimay, Chile to Angol, Chile",,1.68650070496510,305.78252558691054,-71.913,-38.235
"Directions from Troyo, Lonquimay, Chile to Angol, Chile",,1.68651484710072,302.77802260968025,-71.913,-38.235
"Directions from Troyo, Lonquimay, Chile to Angol, Chile",,1.68694204728799,293.56054820025474,-71.913,-38.235
"Directions from Troyo, Lonquimay, Chile to Angol, Chile",,1.68703149000709,293.70975461020248,-71.913,-38.235
"Directions from Troyo, Lonquimay, Chile to Angol, Chile",,1.68725621205763,293.99718198424176,-71.913,-38.235
"Directions from Troyo, Lonquimay, Chile to Angol, Chile",,1.68859344801288,295.06431136554323,-71.914,-38.234
"Directions from Troyo, Lonquimay, Chile to Angol, Chile",,1.68895191697945,294.77688398946839,-71.915,-38.234
"Directions from Troyo, Lonquimay, Chile to Angol, Chile",,1.68910844173787,294.59245806231831,-71.915,-38.234
"Directions from Troyo, Lonquimay, Chile to Angol, Chile",,1.68962844173788,294.22042846128585,-71.915,-38.234
"Directions from Troyo, Lonquimay, Chile to Angol, Chile",,1.68997282524504,293.61698072508489,-71.916,-38.233
"Directions from Troyo, Lonquimay, Chile to Angol, Chile",,1.69052063908202,292.55780771302079,-71.916,-38.233
"Directions from Troyo, Lonquimay, Chile to Angol, Chile",,1.69096841134557,297.33320124108013,-71.917,-38.233
"Directions from Troyo, Lonquimay, Chile to Angol, Chile",,1.69114333990242,297.29656713149996,-71.917,-38.233
"Directions from Troyo, Lonquimay, Chile to Angol, Chile",,1.69131798239438,289.78738681593967,-71.917,-38.233
"Directions from Troyo, Lonquimay, Chile to Angol, Chile",,1.69146358459217,282.34577908123725,-71.917,-38.233
"Directions from Troyo, Lonquimay, Chile to Angol, Chile",,1.69159511405655,274.37308113115995,-71.917,-38.233
"Directions from Troyo, Lonquimay, Chile to Angol, Chile",,1.69169511405655,264.34503376142413,-71.917,-38.233
"Directions from Troyo, Lonquimay, Chile to Angol, Chile",,1.69174610425169,264.34503376142413,-71.917,-38.233
"Directions from Troyo, Lonquimay, Chile to Angol, Chile",,1.69179610425169,264.84757676545411,-71.917,-38.233
"Directions from Troyo, Lonquimay, Chile to Angol, Chile",,1.69190790765056,255.02066473624325,-71.917,-38.233
"Directions from Troyo, Lonquimay, Chile to Angol, Chile",,1.69205656833803,253.90868411627329,-71.918,-38.233
"Directions from Troyo, Lonquimay, Chile to Angol, Chile",,1.69316291367291,260.17308797103317,-71.919,-38.233
"Directions from Troyo, Lonquimay, Chile to Angol, Chile",,1.69332415882787,261.37515599810177,-71.919,-38.233
"Directions from Troyo, Lonquimay, Chile to Angol, Chile",,1.69389301733401,257.24953854769018,-71.919,-38.233
"Directions from Troyo, Lonquimay, Chile to Angol, Chile",,1.69430786670426,257.73070085275145,-71.920,-38.233
"Directions from Troyo, Lonquimay, Chile to Angol, Chile",,1.69462187307362,262.06390807350397,-71.920,-38.233
"Directions from Troyo, Lonquimay, Chile to Angol, Chile",,1.69513539035669,266.64508159588996,-71.921,-38.234
"Directions from Troyo, Lonquimay, Chile to Angol, Chile",,1.69520539035668,267.07199320736498,-71.921,-38.234
"Directions from Troyo, Lonquimay, Chile to Angol, Chile",,1.69559743627236,267.07199320736498,-71.921,-38.234
"Directions from Troyo, Lonquimay, Chile to Angol, Chile",,1.69566743627236,267.25383772131693,-71.921,-38.234
"Directions from Troyo, Lonquimay, Chile to Angol, Chile",,1.69618983458782,266.35888241755140,-71.922,-38.234
"Directions from Troyo, Lonquimay, Chile to Angol, Chile",,1.69650999079970,267.06223630629870,-71.922,-38.234
"Directions from Troyo, Lonquimay, Chile to Angol, Chile",,1.69707141755359,267.60353192568044,-71.923,-38.234
"Directions from Troyo, Lonquimay, Chile to Angol, Chile",,1.69788147927964,272.89915363840549,-71.923,-38.234
"Directions from Troyo, Lonquimay, Chile to Angol, Chile",,1.69902886761844,275.15985074008455,-71.925,-38.234
"Directions from Troyo, Lonquimay, Chile to Angol, Chile",,1.69947986650979,275.38351615123310,-71.925,-38.234
"Directions from Troyo, Lonquimay, Chile to Angol, Chile",,1.70030594156692,273.47647873393782,-71.926,-38.233
"Directions from Troyo, Lonquimay, Chile to Angol, Chile",,1.70039594156692,272.16443753364598,-71.926,-38.233
"Directions from Troyo, Lonquimay, Chile to Angol, Chile",,1.70291312252981,273.51014254152551,-71.928,-38.233
"Directions from Troyo, Lonquimay, Chile to Angol, Chile",,1.70525570657313,271.34570500787953,-71.931,-38.233
"Directions from Troyo, Lonquimay, Chile to Angol, Chile",,1.70627570657312,265.93494882210780,-71.932,-38.233
"Directions from Troyo, Lonquimay, Chile to Angol, Chile",,1.70634641725125,264.63366772136152,-71.932,-38.233
"Directions from Troyo, Lonquimay, Chile to Angol, Chile",,1.70656664440671,264.98301491340266,-71.932,-38.233
"Directions from Troyo, Lonquimay, Chile to Angol, Chile",,1.70679859267680,260.01989215981263,-71.932,-38.233
"Directions from Troyo, Lonquimay, Chile to Angol, Chile",,1.70689078812138,262.14568108579425,-71.932,-38.233
"Directions from Troyo, Lonquimay, Chile to Angol, Chile",,1.70725134324892,268.41008494013050,-71.933,-38.233
"Directions from Troyo, Lonquimay, Chile to Angol, Chile",,1.70786134324892,271.75687513031500,-71.933,-38.233
"Directions from Troyo, Lonquimay, Chile to Angol, Chile",,1.70900349034978,270.76940812483531,-71.934,-38.233
"Directions from Troyo, Lonquimay, Chile to Angol, Chile",,1.71045435216263,266.25679428652404,-71.936,-38.233
"Directions from Troyo, Lonquimay, Chile to Angol, Chile",,1.71274494160642,263.17921011489176,-71.938,-38.233
"Directions from Troyo, Lonquimay, Chile to Angol, Chile",,1.71359346974385,265.93494882288809,-71.939,-38.234
"Directions from Troyo, Lonquimay, Chile to Angol, Chile",,1.71365346974384,265.99763557137305,-71.939,-38.234
"Directions from Troyo, Lonquimay, Chile to Angol, Chile",,1.71429976688913,259.50032717632968,-71.940,-38.234
"Directions from Troyo, Lonquimay, Chile to Angol, Chile",,1.71443318352977,255.15306948758632,-71.940,-38.234
"Directions from Troyo, Lonquimay, Chile to Angol, Chile",,1.71464198965995,248.97728991101164,-71.940,-38.234
"Directions from Troyo, Lonquimay, Chile to Angol, Chile",,1.71485222762036,241.52316090569423,-71.940,-38.234
"Directions from Troyo, Lonquimay, Chile to Angol, Chile",,1.71531015774604,236.62915234913467,-71.941,-38.234
"Directions from Troyo, Lonquimay, Chile to Angol, Chile",,1.71564030922642,239.15037788165489,-71.941,-38.234
"Directions from Troyo, Lonquimay, Chile to Angol, Chile",,1.71575211262529,256.71747440983262,-71.941,-38.234
"Directions from Troyo, Lonquimay, Chile to Angol, Chile",,1.71576211262529,255.12755935340789,-71.941,-38.234
"Directions from Troyo, Lonquimay, Chile to Angol, Chile",,1.71584273520278,245.91008494126837,-71.941,-38.234
"Directions from Troyo, Lonquimay, Chile to Angol, Chile",,1.71593760353259,256.71747440915402,-71.941,-38.234
"Directions from Troyo, Lonquimay, Chile to Angol, Chile",,1.71600831421070,255.65692621163055,-71.941,-38.234
"Directions from Troyo, Lonquimay, Chile to Angol, Chile",,1.71711903469759,250.26643735298009,-71.942,-38.235
"Directions from Troyo, Lonquimay, Chile to Angol, Chile",,1.71826065635121,247.26193437410413,-71.943,-38.235
"Directions from Troyo, Lonquimay, Chile to Angol, Chile",,1.71828301703098,247.02191548979525,-71.943,-38.235
"Directions from Troyo, Lonquimay, Chile to Angol, Chile",,1.72283100559736,248.70514582431781,-71.948,-38.237
"Directions from Troyo, Lonquimay, Chile to Angol, Chile",,1.72290716332843,248.73436851154199,-71.948,-38.237
"Directions from Troyo, Lonquimay, Chile to Angol, Chile",,1.72734754619480,249.43295902308449,-71.952,-38.238
"Directions from Troyo, Lonquimay, Chile to Angol, Chile",,1.72767065608324,249.71997008355291,-71.952,-38.238
"Directions from Troyo, Lonquimay, Chile to Angol, Chile",,1.72823038816200,252.49057247148008,-71.953,-38.238
"Directions from Troyo, Lonquimay, Chile to Angol, Chile",,1.72848038816199,250.84436628596524,-71.953,-38.238
"Directions from Troyo, Lonquimay, Chile to Angol, Chile",,1.72933273785550,251.95634690894360,-71.954,-38.239
"Directions from Troyo, Lonquimay, Chile to Angol, Chile",,1.72937396891175,250.75990087710792,-71.954,-38.239
"Directions from Troyo, Lonquimay, Chile to Angol, Chile",,1.72949479937148,247.30013424348883,-71.954,-38.239
"Directions from Troyo, Lonquimay, Chile to Angol, Chile",,1.72999808855277,232.95706045610603,-71.954,-38.239
"Directions from Troyo, Lonquimay, Chile to Angol, Chile",,1.73004808855277,231.83565356482043,-71.954,-38.239
"Directions from Troyo, Lonquimay, Chile to Angol, Chile",,1.73012424628383,249.06235387747887,-71.955,-38.239
"Directions from Troyo, Lonquimay, Chile to Angol, Chile",,1.73087371276073,252.58947974370625,-71.955,-38.239
"Directions from Troyo, Lonquimay, Chile to Angol, Chile",,1.73126931356962,256.17954910086587,-71.956,-38.239
"Directions from Troyo, Lonquimay, Chile to Angol, Chile",,1.73187139329857,262.13352109166556,-71.956,-38.240
"Directions from Troyo, Lonquimay, Chile to Angol, Chile",,1.73214213302598,267.88180260055390,-71.956,-38.240
"Directions from Troyo, Lonquimay, Chile to Angol, Chile",,1.73263213302598,272.25699422891660,-71.957,-38.240
"Directions from Troyo, Lonquimay, Chile to Angol, Chile",,1.73339449776808,277.47573190454381,-71.958,-38.240
"Directions from Troyo, Lonquimay, Chile to Angol, Chile",,1.73416728493154,282.81994203018843,-71.958,-38.239
"Directions from Troyo, Lonquimay, Chile to Angol, Chile",,1.73512064740196,284.48524958025973,-71.959,-38.239
"Directions from Troyo, Lonquimay, Chile to Angol, Chile",,1.73667531778503,285.11405263189260,-71.961,-38.239
"Directions from Troyo, Lonquimay, Chile to Angol, Chile",,1.73759292336478,289.13071214866807,-71.962,-38.239
"Directions from Troyo, Lonquimay, Chile to Angol, Chile",,1.73791603325322,288.71632193819590,-71.962,-38.238
"Directions from Troyo, Lonquimay, Chile to Angol, Chile",,1.73992015400805,283.80368341780570,-71.964,-38.238
"Directions from Troyo, Lonquimay, Chile to Angol, Chile",,1.74025749656392,275.98806622208377,-71.964,-38.238
"Directions from Troyo, Lonquimay, Chile to Angol, Chile",,1.74027749656393,275.15242323422018,-71.964,-38.238
"Directions from Troyo, Lonquimay, Chile to Angol, Chile",,1.74050110336168,275.99476539319642,-71.965,-38.238
"Directions from Troyo, Lonquimay, Chile to Angol, Chile",,1.74390257363202,272.65881752864885,-71.968,-38.238
"Directions from Troyo, Lonquimay, Chile to Angol, Chile",,1.74453384219610,271.45386322015599,-71.969,-38.238
"Directions from Troyo, Lonquimay, Chile to Angol, Chile",,1.74769409535051,270.64216475696270,-71.972,-38.238
"Directions from Troyo, Lonquimay, Chile to Angol, Chile",,1.74826444611977,273.32986933140444,-71.972,-38.238
"Directions from Troyo, Lonquimay, Chile to Angol, Chile",,1.75665205602964,276.45481141488534,-71.981,-38.237
"Directions from Troyo, Lonquimay, Chile to Angol, Chile",,1.75727855423395,279.02092250594779,-71.981,-38.237
"Directions from Troyo, Lonquimay, Chile to Angol, Chile",,1.75933850568968,278.78172662745931,-71.983,-38.237
"Directions from Troyo, Lonquimay, Chile to Angol, Chile",,1.76096346722768,275.37099117863806,-71.985,-38.236
"Directions from Troyo, Lonquimay, Chile to Angol, Chile",,1.76154424257153,271.48046806716638,-71.986,-38.236
"Directions from Troyo, Lonquimay, Chile to Angol, Chile",,1.76212424257153,271.41162903742622,-71.986,-38.236
"Directions from Troyo, Lonquimay, Chile to Angol, Chile",,1.76577867823247,281.74884141788220,-71.990,-38.236
"Directions from Troyo, Lonquimay, Chile to Angol, Chile",,1.76634515859399,295.81909064409791,-71.990,-38.236
"Directions from Troyo, Lonquimay, Chile to Angol, Chile",,1.76640346811294,296.99462426818616,-71.990,-38.236
"Directions from Troyo, Lonquimay, Chile to Angol, Chile",,1.76683809438918,281.51274600454417,-71.991,-38.236
"Directions from Troyo, Lonquimay, Chile to Angol, Chile",,1.76684809438919,282.03135736283116,-71.991,-38.236
"Directions from Troyo, Lonquimay, Chile to Angol, Chile",,1.77033073706394,304.53135736283116,-71.994,-38.234
"Directions from Troyo, Lonquimay, Chile to Angol, Chile",,1.77034487919957,303.91682708915033,-71.994,-38.234
"Directions from Troyo, Lonquimay, Chile to Angol, Chile",,1.77055103448084,294.69935267768938,-71.994,-38.234
"Directions from Troyo, Lonquimay, Chile to Angol, Chile",,1.77077464127859,294.96030801804017,-71.994,-38.234
"Directions from Troyo, Lonquimay, Chile to Angol, Chile",,1.77125391155724,294.51272116304693,-71.995,-38.234
"Directions from Troyo, Lonquimay, Chile to Angol, Chile",,1.77268516974499,294.07465593147731,-71.996,-38.233
"Directions from Troyo, Lonquimay, Chile to Angol, Chile",,1.77299901684153,295.76701924785425,-71.996,-38.233
"Directions from Troyo, Lonquimay, Chile to Angol, Chile",,1.77310197314294,294.51885531116977,-71.996,-38.233
"Directions from Troyo, Lonquimay, Chile to Angol, Chile",,1.77321902014204,292.61813495833849,-71.997,-38.233
"Directions from Troyo, Lonquimay, Chile to Angol, Chile",,1.77380502355501,293.20721160574493,-71.997,-38.233
"Directions from Troyo, Lonquimay, Chile to Angol, Chile",,1.77413743895778,289.34341409566889,-71.997,-38.233
"Directions from Troyo, Lonquimay, Chile to Angol, Chile",,1.77433668754622,284.41775042363395,-71.998,-38.233
"Directions from Troyo, Lonquimay, Chile to Angol, Chile",,1.77454064832677,283.62766418746418,-71.998,-38.233
"Directions from Troyo, Lonquimay, Chile to Angol, Chile",,1.77461344942566,281.57572645163640,-71.998,-38.233
"Directions from Troyo, Lonquimay, Chile to Angol, Chile",,1.77636730232713,275.64583688995168,-72.000,-38.232
"Directions from Troyo, Lonquimay, Chile to Angol, Chile",,1.77650765901560,275.64381437655180,-72.000,-38.232
"Directions from Troyo, Lonquimay, Chile to Angol, Chile",,1.78296863417420,279.65943695192436,-72.006,-38.232
"Directions from Troyo, Lonquimay, Chile to Angol, Chile",,1.78477896563557,276.05843096453333,-72.008,-38.231
"Directions from Troyo, Lonquimay, Chile to Angol, Chile",,1.78480896563557,275.57144492917865,-72.008,-38.231
"Directions from Troyo, Lonquimay, Chile to Angol, Chile",,1.78817237164733,280.30260603312678,-72.011,-38.231
"Directions from Troyo, Lonquimay, Chile to Angol, Chile",,1.78920644127748,278.10794812165801,-72.012,-38.230
"Directions from Troyo, Lonquimay, Chile to Angol, Chile",,1.78997175167204,279.64119087204614,-72.013,-38.230
"Directions from Troyo, Lonquimay, Chile to Angol, Chile",,1.79006394711661,280.75071716198249,-72.013,-38.230
"Directions from Troyo, Lonquimay, Chile to Angol, Chile",,1.79102571631969,277.49081628622616,-72.014,-38.230
"Directions from Troyo, Lonquimay, Chile to Angol, Chile",,1.79140781578318,274.21425758700889,-72.014,-38.230
"Directions from Troyo, Lonquimay, Chile to Angol, Chile",,1.79211844930336,270.98652881652515,-72.015,-38.230
"Directions from Troyo, Lonquimay, Chile to Angol, Chile",,1.79596856618470,268.41361871068250,-72.019,-38.230
"Directions from Troyo, Lonquimay, Chile to Angol, Chile",,1.79617880414511,268.82846632539668,-72.019,-38.230
"Directions from Troyo, Lonquimay, Chile to Angol, Chile",,1.79916887103399,271.43639828389951,-72.022,-38.230
"Directions from Troyo, Lonquimay, Chile to Angol, Chile",,1.79985952289999,274.41487233391996,-72.023,-38.230
"Directions from Troyo, Lonquimay, Chile to Angol, Chile",,1.80004063060276,273.17009587283081,-72.023,-38.230
"Directions from Troyo, Lonquimay, Chile to Angol, Chile",,1.80007063060275,273.08732531427256,-72.023,-38.230
"Directions from Troyo, Lonquimay, Chile to Angol, Chile",,1.80351058699783,280.10544704584106,-72.027,-38.230
"Directions from Troyo, Lonquimay, Chile to Angol, Chile",,1.80355181805408,279.23160755536287,-72.027,-38.230
"Directions from Troyo, Lonquimay, Chile to Angol, Chile",,1.80510645627566,275.45502267026382,-72.028,-38.229
"Directions from Troyo, Lonquimay, Chile to Angol, Chile",,1.80554928807218,275.12767865110789,-72.029,-38.229
"Directions from Troyo, Lonquimay, Chile to Angol, Chile",,1.80646126394905,285.16866739317749,-72.029,-38.229
"Directions from Troyo, Lonquimay, Chile to Angol, Chile",,1.80648362462883,283.28252558853899,-72.030,-38.229
"Directions from Troyo, Lonquimay, Chile to Angol, Chile",,1.80657362462883,272.64504060239494,-72.030,-38.229
"Directions from Troyo, Lonquimay, Chile to Angol, Chile",,1.80711593450335,274.40037981759576,-72.030,-38.229
"Directions from Troyo, Lonquimay, Chile to Angol, Chile",,1.80874899910708,285.03786479559756,-72.032,-38.229
"Directions from Troyo, Lonquimay, Chile to Angol, Chile",,1.80877135978686,285.82232951075309,-72.032,-38.229
"Directions from Troyo, Lonquimay, Chile to Angol, Chile",,1.80922313406678,276.60485510689159,-72.032,-38.229
"Directions from Troyo, Lonquimay, Chile to Angol, Chile",,1.80943526610114,276.35201180632379,-72.032,-38.229
"Directions from Troyo, Lonquimay, Chile to Angol, Chile",,1.80968606482522,276.45324067799402,-72.033,-38.229
"Directions from Troyo, Lonquimay, Chile to Angol, Chile",,1.81168718950898,283.38375445966642,-72.035,-38.229
"Directions from Troyo, Lonquimay, Chile to Angol, Chile",,1.81171881228560,283.87927030050793,-72.035,-38.229
"Directions from Troyo, Lonquimay, Chile to Angol, Chile",,1.81239778209347,280.60612490882852,-72.035,-38.229
"Directions from Troyo, Lonquimay, Chile to Angol, Chile",,1.81336860648542,281.24404087806693,-72.036,-38.228
"Directions from Troyo, Lonquimay, Chile to Angol, Chile",,1.81510829036473,284.51718626363964,-72.038,-38.228
"Directions from Troyo, Lonquimay, Chile to Angol, Chile",,1.81513991314134,285.44659762554573,-72.038,-38.228
"Directions from Troyo, Lonquimay, Chile to Angol, Chile",,1.81602065146797,276.22912322019135,-72.039,-38.228
"Directions from Troyo, Lonquimay, Chile to Angol, Chile",,1.81604065146797,276.01113834313185,-72.039,-38.228
"Directions from Troyo, Lonquimay, Chile to Angol, Chile",,1.81714487064912,276.01113834313185,-72.040,-38.228
"Directions from Troyo, Lonquimay, Chile to Angol, Chile",,1.81716487064911,276.26440385433625,-72.040,-38.228
"Directions from Troyo, Lonquimay, Chile to Angol, Chile",,1.81753365242740,281.15560737028693,-72.040,-38.228
"Directions from Troyo, Lonquimay, Chile to Angol, Chile",,1.81782793120680,280.77534798193841,-72.041,-38.228
"Directions from Troyo, Lonquimay, Chile to Angol, Chile",,1.82076976736811,275.88414446598773,-72.044,-38.227
"Directions from Troyo, Lonquimay, Chile to Angol, Chile",,1.82078976736811,276.08572910427881,-72.044,-38.227
"Directions from Troyo, Lonquimay, Chile to Angol, Chile",,1.82183322316496,280.39355319629385,-72.045,-38.227
"Directions from Troyo, Lonquimay, Chile to Angol, Chile",,1.82283452232106,276.68964493737815,-72.046,-38.227
"Directions from Troyo, Lonquimay, Chile to Angol, Chile",,1.82391826583315,272.80000850810831,-72.047,-38.227
"Directions from Troyo, Lonquimay, Chile to Angol, Chile",,1.82802870376602,272.32522507907970,-72.051,-38.226
"Directions from Troyo, Lonquimay, Chile to Angol, Chile",,1.82817903672981,271.90703741633456,-72.051,-38.226
"Directions from Troyo, Lonquimay, Chile to Angol, Chile",,1.82839903672981,272.59721445453482,-72.051,-38.226
"Directions from Troyo, Lonquimay, Chile to Angol, Chile",,1.82850949033999,278.25218069076203,-72.051,-38.226
"Directions from Troyo, Lonquimay, Chile to Angol, Chile",,1.82856048053511,288.72279003271586,-72.051,-38.226
"Directions from Troyo, Lonquimay, Chile to Angol, Chile",,1.83273757282522,305.56782379648865,-72.055,-38.225
"Directions from Troyo, Lonquimay, Chile to Angol, Chile",,1.83275171496085,306.37927030075082,-72.055,-38.225
"Directions from Troyo, Lonquimay, Chile to Angol, Chile",,1.83296642406637,295.99314295938927,-72.055,-38.225
"Directions from Troyo, Lonquimay, Chile to Angol, Chile",,1.83318574118837,298.95890642319426,-72.055,-38.224
"Directions from Troyo, Lonquimay, Chile to Angol, Chile",,1.83322179670112,299.29741816864600,-72.056,-38.224
"Directions from Troyo, Lonquimay, Chile to Angol, Chile",,1.83383921066275,327.45238440409031,-72.056,-38.224
"Directions from Troyo, Lonquimay, Chile to Angol, Chile",,1.83384921066275,326.41682709006028,-72.056,-38.224
"Directions from Troyo, Lonquimay, Chile to Angol, Chile",,1.83405536594402,294.41501571526459,-72.056,-38.224
"Directions from Troyo, Lonquimay, Chile to Angol, Chile",,1.83585772550859,293.89889336858073,-72.058,-38.223
"Directions from Troyo, Lonquimay, Chile to Angol, Chile",,1.83623468704509,290.32728412565109,-72.058,-38.223
"Directions from Troyo, Lonquimay, Chile to Angol, Chile",,1.83666793062554,292.70910497081360,-72.059,-38.223
"Directions from Troyo, Lonquimay, Chile to Angol, Chile",,1.83671265198509,293.74477646066157,-72.059,-38.223
"Directions from Troyo, Lonquimay, Chile to Angol, Chile",,1.83707665747956,287.48037260848059,-72.059,-38.223
"Directions from Troyo, Lonquimay, Chile to Angol, Chile",,1.83711788853581,291.54542378541646,-72.059,-38.223
"Directions from Troyo, Lonquimay, Chile to Angol, Chile",,1.83732380113863,305.28566631470687,-72.059,-38.223
"Directions from Troyo, Lonquimay, Chile to Angol, Chile",,1.83813847898907,307.60339802394083,-72.060,-38.222
"Directions from Troyo, Lonquimay, Chile to Angol, Chile",,1.83817453450183,309.34503375942336,-72.060,-38.222
"Directions from Troyo, Lonquimay, Chile to Angol, Chile",,1.83842909294305,313.02740688603393,-72.060,-38.222
"Directions from Troyo, Lonquimay, Chile to Angol, Chile",,1.83884018903888,308.18301360556683,-72.060,-38.222
"Directions from Troyo, Lonquimay, Chile to Angol, Chile",,1.83913429786227,310.15560671557489,-72.061,-38.222
"Directions from Troyo, Lonquimay, Chile to Angol, Chile",,1.83916258213353,308.92891122822039,-72.061,-38.222
"Directions from Troyo, Lonquimay, Chile to Angol, Chile",,1.84393628090910,301.30135188146727,-72.065,-38.219
"Directions from Troyo, Lonquimay, Chile to Angol, Chile",,1.84417814864156,295.95561355965413,-72.065,-38.219
"Directions from Troyo, Lonquimay, Chile to Angol, Chile",,1.84446969623629,283.80333892686178,-72.065,-38.219
"Directions from Troyo, Lonquimay, Chile to Angol, Chile",,1.84489159669849,273.96494247645472,-72.066,-38.219
"Directions from Troyo, Lonquimay, Chile to Angol, Chile",,1.84558224856449,275.97593756400170,-72.066,-38.219
"Directions from Troyo, Lonquimay, Chile to Angol, Chile",,1.84564307618978,276.71348846436445,-72.066,-38.219
"Directions from Troyo, Lonquimay, Chile to Angol, Chile",,1.84969276753605,271.98232736145189,-72.070,-38.218
"Directions from Troyo, Lonquimay, Chile to Angol, Chile",,1.84977276753605,272.25699422860839,-72.070,-38.218
"Directions from Troyo, Lonquimay, Chile to Angol, Chile",,1.85015394990710,272.25699422860839,-72.071,-38.218
"Directions from Troyo, Lonquimay, Chile to Angol, Chile",,1.85030394990709,272.97343152702172,-72.071,-38.218
"Directions from Troyo, Lonquimay, Chile to Angol, Chile",,1.85078654704759,278.62839776559764,-72.071,-38.218
"Directions from Troyo, Lonquimay, Chile to Angol, Chile",,1.85083753724272,278.51026280722493,-72.071,-38.218
"Directions from Troyo, Lonquimay, Chile to Angol, Chile",,1.85123953226757,276.97845697577861,-72.072,-38.218
"Directions from Troyo, Lonquimay, Chile to Angol, Chile",,1.85193674098810,280.57003242962679,-72.073,-38.218
"Directions from Troyo, Lonquimay, Chile to Angol, Chile",,1.85278821030641,284.82474648702549,-72.073,-38.218
"Directions from Troyo, Lonquimay, Chile to Angol, Chile",,1.85375944663192,287.99321065241287,-72.074,-38.218
"Directions from Troyo, Lonquimay, Chile to Angol, Chile",,1.85467027043486,279.61533618788462,-72.075,-38.217
"Directions from Troyo, Lonquimay, Chile to Angol, Chile",,1.85470027043485,279.51280301887084,-72.075,-38.217
"Directions from Troyo, Lonquimay, Chile to Angol, Chile",,1.85500702766787,294.99468128580565,-72.076,-38.217
"Directions from Troyo, Lonquimay, Chile to Angol, Chile",,1.85512364670575,303.49556495816626,-72.076,-38.217
"Directions from Troyo, Lonquimay, Chile to Angol, Chile",,1.85525966141084,309.00729293936467,-72.076,-38.217
"Directions from Troyo, Lonquimay, Chile to Angol, Chile",,1.85566327013225,310.69393657981095,-72.076,-38.217
"Directions from Troyo, Lonquimay, Chile to Angol, Chile",,1.85638797696954,308.13527915439613,-72.077,-38.216
"Directions from Troyo, Lonquimay, Chile to Angol, Chile",,1.85678797696954,307.84064084120280,-72.077,-38.216
"Directions from Troyo, Lonquimay, Chile to Angol, Chile",,1.85796865474099,311.90569202187692,-72.078,-38.215
"Directions from Troyo, Lonquimay, Chile to Angol, Chile",,1.85801108114786,312.08682898851401,-72.078,-38.215
"Directions from Troyo, Lonquimay, Chile to Angol, Chile",,1.85835936264320,307.50565546209543,-72.078,-38.215
"Directions from Troyo, Lonquimay, Chile to Angol, Chile",,1.85858139867631,297.91037973703249,-72.078,-38.215
"Directions from Troyo, Lonquimay, Chile to Angol, Chile",,1.85869844567543,285.21029093578119,-72.078,-38.215
"Directions from Troyo, Lonquimay, Chile to Angol, Chile",,1.85908483925715,278.23585114766922,-72.079,-38.215
"Directions from Troyo, Lonquimay, Chile to Angol, Chile",,1.86384119290254,274.66016446142561,-72.084,-38.214
"Directions from Troyo, Lonquimay, Chile to Angol, Chile",,1.86593463504408,271.64305098947909,-72.086,-38.214
"Directions from Troyo, Lonquimay, Chile to Angol, Chile",,1.86610463504408,272.31773171361380,-72.086,-38.214
"Directions from Troyo, Lonquimay, Chile to Angol, Chile",,1.86684706349182,273.56854312075660,-72.087,-38.214
"Directions from Troyo, Lonquimay, Chile to Angol, Chile",,1.86890902857397,273.29803599713910,-72.089,-38.214
"Directions from Troyo, Lonquimay, Chile to Angol, Chile",,1.87353082476160,274.89685952054231,-72.093,-38.214
"Directions from Troyo, Lonquimay, Chile to Angol, Chile",,1.87856571304238,274.75667234764614,-72.098,-38.213
"Directions from Troyo, Lonquimay, Chile to Angol, Chile",,1.87916704489751,274.69156682970299,-72.099,-38.213
"Directions from Troyo, Lonquimay, Chile to Angol, Chile",,1.88359795902442,274.90733480461648,-72.103,-38.213
"Directions from Troyo, Lonquimay, Chile to Angol, Chile",,1.88589426039837,273.56920783900841,-72.105,-38.213
"Directions from Troyo, Lonquimay, Chile to Angol, Chile",,1.88965905786969,274.61649832019793,-72.109,-38.212
"Directions from Troyo, Lonquimay, Chile to Angol, Chile",,1.88993071942383,277.90125697749107,-72.110,-38.212
"Directions from Troyo, Lonquimay, Chile to Angol, Chile",,1.89041734042625,284.04509269240924,-72.110,-38.212
"Directions from Troyo, Lonquimay, Chile to Angol, Chile",,1.89135654221500,290.91322684459453,-72.111,-38.212
"Directions from Troyo, Lonquimay, Chile to Angol, Chile",,1.89143269994607,290.97862043044626,-72.111,-38.212
"Directions from Troyo, Lonquimay, Chile to Angol, Chile",,1.89199243202483,292.66185076251207,-72.111,-38.212
"Directions from Troyo, Lonquimay, Chile to Angol, Chile",,1.89201479270460,292.73481350983462,-72.112,-38.212
"Directions from Troyo, Lonquimay, Chile to Angol, Chile",,1.89355803604252,287.67247768221614,-72.113,-38.211
"Directions from Troyo, Lonquimay, Chile to Angol, Chile",,1.89419403918716,284.93309438577433,-72.114,-38.211
"Directions from Troyo, Lonquimay, Chile to Angol, Chile",,1.89738113818155,280.32506247189229,-72.117,-38.210
"Directions from Troyo, Lonquimay, Chile to Angol, Chile",,1.89809681967495,272.35052473029970,-72.117,-38.210
"Directions from Troyo, Lonquimay, Chile to Angol, Chile",,1.90104968269243,264.00720577814803,-72.120,-38.210
"Directions from Troyo, Lonquimay, Chile to Angol, Chile",,1.90111051031773,264.46206942847459,-72.120,-38.210
"Directions from Troyo, Lonquimay, Chile to Angol, Chile",,1.90182079195202,271.51096224720146,-72.121,-38.210
"Directions from Troyo, Lonquimay, Chile to Angol, Chile",,1.90219200617588,272.31773171361380,-72.121,-38.210
"Directions from Troyo, Lonquimay, Chile to Angol, Chile",,1.90228200617589,272.38182084529291,-72.122,-38.210
"Directions from Troyo, Lonquimay, Chile to Angol, Chile",,1.90276366995903,275.55191671824781,-72.122,-38.210
"Directions from Troyo, Lonquimay, Chile to Angol, Chile",,1.90602360860877,278.82506210918217,-72.125,-38.210
"Directions from Troyo, Lonquimay, Chile to Angol, Chile",,1.90607459880389,278.80768922484378,-72.125,-38.210
"Directions from Troyo, Lonquimay, Chile to Angol, Chile",,1.90971663120354,278.13462508369633,-72.129,-38.210
"Directions from Troyo, Lonquimay, Chile to Angol, Chile",,1.91121929550403,278.65251500067296,-72.130,-38.209
"Directions from Troyo, Lonquimay, Chile to Angol, Chile",,1.91286276743869,276.32788574096935,-72.132,-38.209
"Directions from Troyo, Lonquimay, Chile to Angol, Chile",,1.91329462389632,274.13774090238570,-72.133,-38.209
"Directions from Troyo, Lonquimay, Chile to Angol, Chile",,1.91445617458399,271.48046806700950,-72.134,-38.209
"Directions from Troyo, Lonquimay, Chile to Angol, Chile",,1.91469617458398,262.98187826364199,-72.134,-38.209
"Directions from Troyo, Lonquimay, Chile to Angol, Chile",,1.91473740564023,261.26506308269262,-72.134,-38.209
"Directions from Troyo, Lonquimay, Chile to Angol, Chile",,1.91523830483169,264.82757125972245,-72.134,-38.209
"Directions from Troyo, Lonquimay, Chile to Angol, Chile",,1.91557072023447,258.57168848713792,-72.135,-38.209
"Directions from Troyo, Lonquimay, Chile to Angol, Chile",,1.91564352133336,262.02730204646605,-72.135,-38.209
"Directions from Troyo, Lonquimay, Chile to Angol, Chile",,1.91569352133336,262.02730204992270,-72.135,-38.209
"Directions from Troyo, Lonquimay, Chile to Angol, Chile",,1.91583912353114,251.34199091531781,-72.135,-38.209
"Directions from Troyo, Lonquimay, Chile to Angol, Chile",,1.91608610531185,259.31468886539517,-72.135,-38.209
"Directions from Troyo, Lonquimay, Chile to Angol, Chile",,1.91609610531185,258.69006752601422,-72.135,-38.209
"Directions from Troyo, Lonquimay, Chile to Angol, Chile",,1.91700610531185,246.20867261058083,-72.136,-38.210
"Directions from Troyo, Lonquimay, Chile to Angol, Chile",,1.91764587089392,246.46388091286144,-72.137,-38.210
"Directions from Troyo, Lonquimay, Chile to Angol, Chile",,1.91799126921470,245.66275023704171,-72.137,-38.210
"Directions from Troyo, Lonquimay, Chile to Angol, Chile",,1.91805835125402,246.29024538976392,-72.137,-38.210
"Directions from Troyo, Lonquimay, Chile to Angol, Chile",,1.91828307330457,251.60007302978741,-72.137,-38.210
"Directions from Troyo, Lonquimay, Chile to Angol, Chile",,1.91850147660125,262.02730204877042,-72.137,-38.210
"Directions from Troyo, Lonquimay, Chile to Angol, Chile",,1.91851147660125,263.91427089572119,-72.138,-38.210
"Directions from Troyo, Lonquimay, Chile to Angol, Chile",,1.91955493239811,256.40509058022491,-72.139,-38.210
"Directions from Troyo, Lonquimay, Chile to Angol, Chile",,1.92040393180918,256.96261319442107,-72.139,-38.211
"Directions from Troyo, Lonquimay, Chile to Angol, Chile",,1.92129038541766,261.41404172656928,-72.140,-38.211
"Directions from Troyo, Lonquimay, Chile to Angol, Chile",,1.92157198797447,265.43585446411043,-72.140,-38.211
"Directions from Troyo, Lonquimay, Chile to Angol, Chile",,1.92176225095038,269.51631049221328,-72.141,-38.211
"Directions from Troyo, Lonquimay, Chile to Angol, Chile",,1.92204242946491,273.61991869853875,-72.141,-38.211
"Directions from Troyo, Lonquimay, Chile to Angol, Chile",,1.92226333668525,271.98777683644863,-72.141,-38.211
"Directions from Troyo, Lonquimay, Chile to Angol, Chile",,1.92273344305618,273.97173590505059,-72.142,-38.211
"Directions from Troyo, Lonquimay, Chile to Angol, Chile",,1.92304744942554,282.73809973563897,-72.142,-38.211
"Directions from Troyo, Lonquimay, Chile to Angol, Chile",,1.92347464961281,287.58350559552758,-72.142,-38.211
"Directions from Troyo, Lonquimay, Chile to Angol, Chile",,1.92390789319326,290.13306411971729,-72.143,-38.211
"Directions from Troyo, Lonquimay, Chile to Angol, Chile",,1.92500352086724,280.70648473744262,-72.144,-38.210
"Directions from Troyo, Lonquimay, Chile to Angol, Chile",,1.92501352086725,278.19477016705628,-72.144,-38.210
"Directions from Troyo, Lonquimay, Chile to Angol, Chile",,1.92589952312458,278.19477016705628,-72.145,-38.210
"Directions from Troyo, Lonquimay, Chile to Angol, Chile",,1.92592952312458,279.00208080288763,-72.145,-38.210
"Directions from Troyo, Lonquimay, Chile to Angol, Chile",,1.92635011794147,285.91640628899592,-72.145,-38.210
"Directions from Troyo, Lonquimay, Chile to Angol, Chile",,1.92701952066033,281.17970829093304,-72.146,-38.210
"Directions from Troyo, Lonquimay, Chile to Angol, Chile",,1.92742399562865,272.22257441421732,-72.146,-38.210
"Directions from Troyo, Lonquimay, Chile to Angol, Chile",,1.92756435231713,263.89214043251809,-72.146,-38.210
"Directions from Troyo, Lonquimay, Chile to Angol, Chile",,1.92770577367336,265.93494882312552,-72.146,-38.210
"Directions from Troyo, Lonquimay, Chile to Angol, Chile",,1.92772577367336,264.47952991007139,-72.146,-38.210
"Directions from Troyo, Lonquimay, Chile to Angol, Chile",,1.92814350564484,256.74021082727273,-72.147,-38.210
"Directions from Troyo, Lonquimay, Chile to Angol, Chile",,1.92881796839399,262.26068091720134,-72.148,-38.210
"Directions from Troyo, Lonquimay, Chile to Angol, Chile",,1.92882796839400,261.62901480746820,-72.148,-38.210
"Directions from Troyo, Lonquimay, Chile to Angol, Chile",,1.93011241379961,255.36461095241347,-72.149,-38.210
"Directions from Troyo, Lonquimay, Chile to Angol, Chile",,1.93038900013333,261.23267986849288,-72.149,-38.210
"Directions from Troyo, Lonquimay, Chile to Angol, Chile",,1.93313949099862,265.71899317642328,-72.152,-38.211
"Directions from Troyo, Lonquimay, Chile to Angol, Chile",,1.93491290578371,265.19481350576285,-72.154,-38.211
"Directions from Troyo, Lonquimay, Chile to Angol, Chile",,1.93557660752395,262.36739078269613,-72.154,-38.211
"Directions from Troyo, Lonquimay, Chile to Angol, Chile",,1.93595144082023,258.59421547139459,-72.155,-38.211
"Directions from Troyo, Lonquimay, Chile to Angol, Chile",,1.93722721509493,255.05270501352143,-72.156,-38.211
"Directions from Troyo, Lonquimay, Chile to Angol, Chile",,1.93790441521307,256.19801003335994,-72.156,-38.211
"Directions from Troyo, Lonquimay, Chile to Angol, Chile",,1.93795540540821,255.12755934996309,-72.156,-38.211
"Directions from Troyo, Lonquimay, Chile to Angol, Chile",,1.93836650150403,254.40375950794208,-72.157,-38.211
"Directions from Troyo, Lonquimay, Chile to Angol, Chile",,1.93890991663079,259.77320805830720,-72.157,-38.212
"Directions from Troyo, Lonquimay, Chile to Angol, Chile",,1.93928327972485,264.70633934095332,-72.158,-38.212
"Directions from Troyo, Lonquimay, Chile to Angol, Chile",,1.94027454154697,269.04824540167556,-72.159,-38.212
"Directions from Troyo, Lonquimay, Chile to Angol, Chile",,1.94085462774747,272.95743517353492,-72.159,-38.212
"Directions from Troyo, Lonquimay, Chile to Angol, Chile",,1.94143677893058,276.44836017115711,-72.160,-38.212
"Directions from Troyo, Lonquimay, Chile to Angol, Chile",,1.94244653137548,279.42756872376481,-72.161,-38.211
"Directions from Troyo, Lonquimay, Chile to Angol, Chile",,1.94271129542139,279.55236815113813,-72.161,-38.211
"Directions from Troyo, Lonquimay, Chile to Angol, Chile",,1.94362063584169,279.76457086111003,-72.162,-38.211
"Directions from Troyo, Lonquimay, Chile to Angol, Chile",,1.94377360642709,283.47608946515300,-72.162,-38.211
"Directions from Troyo, Lonquimay, Chile to Angol, Chile",,1.94429283662652,277.82112322866482,-72.163,-38.211
"Directions from Troyo, Lonquimay, Chile to Angol, Chile",,1.94430283662653,278.64770002646543,-72.163,-38.211
"Directions from Troyo, Lonquimay, Chile to Angol, Chile",,1.94780100757718,278.64770002646543,-72.166,-38.210
"Directions from Troyo, Lonquimay, Chile to Angol, Chile",,1.94782100757718,279.97579534737656,-72.166,-38.210
"Directions from Troyo, Lonquimay, Chile to Angol, Chile",,1.94937423003388,290.60104810091201,-72.168,-38.209
"Directions from Troyo, Lonquimay, Chile to Angol, Chile",,1.95072615458799,293.20181132283318,-72.169,-38.209
"Directions from Troyo, Lonquimay, Chile to Angol, Chile",,1.95199662694109,296.45582886958488,-72.170,-38.208
"Directions from Troyo, Lonquimay, Chile to Angol, Chile",,1.95242604515216,296.61094283126056,-72.170,-38.208
"Directions from Troyo, Lonquimay, Chile to Angol, Chile",,1.95498457988907,296.61094283135333,-72.173,-38.207
"Directions from Troyo, Lonquimay, Chile to Angol, Chile",,1.95605812541675,306.37927030377244,-72.174,-38.207
"Directions from Troyo, Lonquimay, Chile to Angol, Chile",,1.95610055182362,308.21478281072035,-72.174,-38.207
"Directions from Troyo, Lonquimay, Chile to Angol, Chile",,1.95673340251691,300.33919597558480,-72.174,-38.206
"Directions from Troyo, Lonquimay, Chile to Angol, Chile",,1.95759299544384,303.95431729828090,-72.175,-38.206
"Directions from Troyo, Lonquimay, Chile to Angol, Chile",,1.95765702668620,305.02503818208373,-72.175,-38.206
"Directions from Troyo, Lonquimay, Chile to Angol, Chile",,1.95903934358186,303.10737863021410,-72.176,-38.205
"Directions from Troyo, Lonquimay, Chile to Angol, Chile",,1.95959970061090,308.57035699847188,-72.177,-38.205
"Directions from Troyo, Lonquimay, Chile to Angol, Chile",,1.96050579111411,311.15155554308564,-72.177,-38.204
"Directions from Troyo, Lonquimay, Chile to Angol, Chile",,1.96091038968060,289.99344312276816,-72.178,-38.204
"Directions from Troyo, Lonquimay, Chile to Angol, Chile",,1.96092038968060,288.10941863270210,-72.178,-38.204
"Directions from Troyo, Lonquimay, Chile to Angol, Chile",,1.96180044649694,305.29959099458620,-72.178,-38.203
"Directions from Troyo, Lonquimay, Chile to Angol, Chile",,1.96295153294027,303.53990292251905,-72.179,-38.203
"Directions from Troyo, Lonquimay, Chile to Angol, Chile",,1.96487663034039,301.73109032765217,-72.181,-38.202
"Directions from Troyo, Lonquimay, Chile to Angol, Chile",,1.96536540431679,307.88135976192831,-72.181,-38.201
"Directions from Troyo, Lonquimay, Chile to Angol, Chile",,1.96539368858804,308.21478280223886,-72.181,-38.201
"Directions from Troyo, Lonquimay, Chile to Angol, Chile",,1.96560463881914,303.32357929114210,-72.182,-38.201
"Directions from Troyo, Lonquimay, Chile to Angol, Chile",,1.96581272533960,303.55419238488213,-72.182,-38.201
"Directions from Troyo, Lonquimay, Chile to Angol, Chile",,1.96634272533960,305.02400919520181,-72.182,-38.201
"Directions from Troyo, Lonquimay, Chile to Angol, Chile",,1.96669881521589,314.74870916559951,-72.182,-38.201
"Directions from Troyo, Lonquimay, Chile to Angol, Chile",,1.96682687770065,308.95262146000448,-72.183,-38.201
"Directions from Troyo, Lonquimay, Chile to Angol, Chile",,1.96684923838041,312.04692944155812,-72.183,-38.201
"Directions from Troyo, Lonquimay, Chile to Angol, Chile",,1.96697962242852,329.45917402042551,-72.183,-38.200
"Directions from Troyo, Lonquimay, Chile to Angol, Chile",,1.96723022171024,323.19477016740638,-72.183,-38.200
"Directions from Troyo, Lonquimay, Chile to Angol, Chile",,1.96724436384587,323.85021389473496,-72.183,-38.200
"Directions from Troyo, Lonquimay, Chile to Angol, Chile",,1.96759321911672,323.85021389473496,-72.183,-38.200
"Directions from Troyo, Lonquimay, Chile to Angol, Chile",,1.96760736125235,322.53424407945130,-72.183,-38.200
"Directions from Troyo, Lonquimay, Chile to Angol, Chile",,1.96798814990764,322.53424408454021,-72.183,-38.200
"Directions from Troyo, Lonquimay, Chile to Angol, Chile",,1.96801643417888,322.17796571432928,-72.183,-38.200
"Directions from Troyo, Lonquimay, Chile to Angol, Chile",,1.97078274941761,316.52299947379601,-72.185,-38.197
"Directions from Troyo, Lonquimay, Chile to Angol, Chile",,1.97081880493036,309.34503375437794,-72.185,-38.197
"Directions from Troyo, Lonquimay, Chile to Angol, Chile",,1.97083294706598,304.88757027523116,-72.185,-38.197
"Directions from Troyo, Lonquimay, Chile to Angol, Chile",,1.97097612527662,290.01512963537198,-72.185,-38.197
"Directions from Troyo, Lonquimay, Chile to Angol, Chile",,1.97109014281913,283.45720567709350,-72.185,-38.197
"Directions from Troyo, Lonquimay, Chile to Angol, Chile",,1.97173341570056,280.43515959732150,-72.185,-38.197
"Directions from Troyo, Lonquimay, Chile to Angol, Chile",,1.97210824899685,281.00764630307430,-72.186,-38.197
"Directions from Troyo, Lonquimay, Chile to Angol, Chile",,1.97233385928030,281.13329413671278,-72.186,-38.197
"Directions from Troyo, Lonquimay, Chile to Angol, Chile",,1.97269882503212,281.09333894664138,-72.186,-38.197
"Directions from Troyo, Lonquimay, Chile to Angol, Chile",,1.97301663000376,281.02397373185892,-72.187,-38.197
"Directions from Troyo, Lonquimay, Chile to Angol, Chile",,1.97369559981163,280.31676212593658,-72.187,-38.197
"Directions from Troyo, Lonquimay, Chile to Angol, Chile",,1.97435847234840,288.93749183357085,-72.188,-38.196
"Directions from Troyo, Lonquimay, Chile to Angol, Chile",,1.97438083302817,288.37584047650915,-72.188,-38.196
"Directions from Troyo, Lonquimay, Chile to Angol, Chile",,1.97568133293206,284.31078929536005,-72.189,-38.196
"Directions from Troyo, Lonquimay, Chile to Angol, Chile",,1.97571295570866,284.50657716996488,-72.189,-38.196
"Directions from Troyo, Lonquimay, Chile to Angol, Chile",,1.99014828043656,277.62253194006803,-72.204,-38.194
"Directions from Troyo, Lonquimay, Chile to Angol, Chile",,1.99063991037869,277.06459028744752,-72.204,-38.194
"Directions from Troyo, Lonquimay, Chile to Angol, Chile",,1.99070073800400,274.08018476577502,-72.204,-38.194
"Directions from Troyo, Lonquimay, Chile to Angol, Chile",,1.99114085162569,267.14967098652488,-72.205,-38.194
"Directions from Troyo, Lonquimay, Chile to Angol, Chile",,1.99140161972190,267.80064732256210,-72.205,-38.194
"Directions from Troyo, Lonquimay, Chile to Angol, Chile",,1.99147161972190,256.71747440331882,-72.205,-38.194
"Directions from Troyo, Lonquimay, Chile to Angol, Chile",,1.99149398040167,252.25217935313685,-72.205,-38.194
"Directions from Troyo, Lonquimay, Chile to Angol, Chile",,1.99503693114929,243.03470494981809,-72.208,-38.194
"Directions from Troyo, Lonquimay, Chile to Angol, Chile",,1.99505107328492,243.14631486430116,-72.208,-38.194
"Directions from Troyo, Lonquimay, Chile to Angol, Chile",,1.99617401584800,243.14631486430116,-72.209,-38.194
"Directions from Troyo, Lonquimay, Chile to Angol, Chile",,1.99618815798363,243.21350081823755,-72.209,-38.194
"Directions from Troyo, Lonquimay, Chile to Angol, Chile",,1.99820064400842,256.49602640677654,-72.211,-38.195
"Directions from Troyo, Lonquimay, Chile to Angol, Chile",,1.99823226678503,256.27827371753136,-72.212,-38.195
"Directions from Troyo, Lonquimay, Chile to Angol, Chile",,2.00321371235835,242.99574812899235,-72.216,-38.195
"Directions from Troyo, Lonquimay, Chile to Angol, Chile",,2.00322785449398,242.87329746588051,-72.216,-38.195
"Directions from Troyo, Lonquimay, Chile to Angol, Chile",,2.00503132337367,265.37329746588051,-72.218,-38.196
"Directions from Troyo, Lonquimay, Chile to Angol, Chile",,2.00505132337366,265.47709936927100,-72.218,-38.196
"Directions from Troyo, Lonquimay, Chile to Angol, Chile",,2.00708663661736,257.50440141727324,-72.220,-38.196
"Directions from Troyo, Lonquimay, Chile to Angol, Chile",,2.00715943771626,257.31755191896195,-72.220,-38.196
"Directions from Troyo, Lonquimay, Chile to Angol, Chile",,2.00935909678074,259.59831863538568,-72.222,-38.196
"Directions from Troyo, Lonquimay, Chile to Angol, Chile",,2.01087899809334,259.48586594442946,-72.224,-38.197
"Directions from Troyo, Lonquimay, Chile to Angol, Chile",,2.01243093237030,263.55182437975861,-72.226,-38.197
"Directions from Troyo, Lonquimay, Chile to Angol, Chile",,2.01331235168027,267.67543668609841,-72.226,-38.197
"Directions from Troyo, Lonquimay, Chile to Angol, Chile",,2.01618320521189,266.91958864041857,-72.229,-38.197
"Directions from Troyo, Lonquimay, Chile to Angol, Chile",,2.01630362115768,267.81851078203516,-72.229,-38.197
"Directions from Troyo, Lonquimay, Chile to Angol, Chile",,2.01773365612229,273.65594518753966,-72.231,-38.197
"Directions from Troyo, Lonquimay, Chile to Angol, Chile",,2.01873090233061,278.30000683948089,-72.232,-38.197
"Directions from Troyo, Lonquimay, Chile to Angol, Chile",,2.01914683501746,278.08593012637039,-72.232,-38.197
"Directions from Troyo, Lonquimay, Chile to Angol, Chile",,2.01958966681398,274.87678080801146,-72.233,-38.197
"Directions from Troyo, Lonquimay, Chile to Angol, Chile",,2.02029080873969,270.10589517463376,-72.233,-38.197
"Directions from Troyo, Lonquimay, Chile to Angol, Chile",,2.02160267763558,268.47065121309163,-72.235,-38.197
"Directions from Troyo, Lonquimay, Chile to Angol, Chile",,2.02175267763558,267.71303936940240,-72.235,-38.197
"Directions from Troyo, Lonquimay, Chile to Angol, Chile",,2.02200347635966,267.09035723624896,-72.235,-38.197
"Directions from Troyo, Lonquimay, Chile to Angol, Chile",,2.02246358504247,266.52202129829828,-72.236,-38.197
"Directions from Troyo, Lonquimay, Chile to Angol, Chile",,2.02266458255490,267.14470343145172,-72.236,-38.197
"Directions from Troyo, Lonquimay, Chile to Angol, Chile",,2.02280458255490,268.55679072803832,-72.236,-38.197
"Directions from Troyo, Lonquimay, Chile to Angol, Chile",,2.02518760584476,264.99428255484003,-72.238,-38.197
"Directions from Troyo, Lonquimay, Chile to Angol, Chile",,2.02526822842224,265.10240152355698,-72.238,-38.197
"Directions from Troyo, Lonquimay, Chile to Angol, Chile",,2.04566036906514,267.74604130159446,-72.259,-38.198
"Directions from Troyo, Lonquimay, Chile to Angol, Chile",,2.04753133138437,270.32590806533949,-72.261,-38.198
"Directions from Troyo, Lonquimay, Chile to Angol, Chile",,2.04776154867304,274.70039002043632,-72.261,-38.198
"Directions from Troyo, Lonquimay, Chile to Angol, Chile",,2.04809396407582,279.56817489782549,-72.261,-38.198
"Directions from Troyo, Lonquimay, Chile to Angol, Chile",,2.04870788589494,283.14669194960788,-72.262,-38.198
"Directions from Troyo, Lonquimay, Chile to Angol, Chile",,2.05738823727031,283.37063745725101,-72.270,-38.196
"Directions from Troyo, Lonquimay, Chile to Angol, Chile",,2.06686921295851,277.84290059759610,-72.279,-38.194
"Directions from Troyo, Lonquimay, Chile to Angol, Chile",,2.06724973891031,271.50639375206356,-72.280,-38.194
"Directions from Troyo, Lonquimay, Chile to Angol, Chile",,2.06748973891032,266.43749182542388,-72.280,-38.194
"Directions from Troyo, Lonquimay, Chile to Angol, Chile",,2.06789285179773,262.06441069413870,-72.280,-38.194
"Directions from Troyo, Lonquimay, Chile to Angol, Chile",,2.08222956341511,259.22478583583154,-72.295,-38.196
"Directions from Troyo, Lonquimay, Chile to Angol, Chile",,2.08245517369856,259.71528395815176,-72.295,-38.196
"Directions from Troyo, Lonquimay, Chile to Angol, Chile",,2.08289924576479,264.70963864880395,-72.295,-38.196
"Directions from Troyo, Lonquimay, Chile to Angol, Chile",,2.08350998302417,268.61467297744019,-72.296,-38.196
"Directions from Troyo, Lonquimay, Chile to Angol, Chile",,2.09626998694267,269.37147498340295,-72.309,-38.196
"Directions from Troyo, Lonquimay, Chile to Angol, Chile",,2.09715021418605,266.67111114233552,-72.309,-38.196
"Directions from Troyo, Lonquimay, Chile to Angol, Chile",,2.09875723005404,261.66712124133289,-72.311,-38.196
"Directions from Troyo, Lonquimay, Chile to Angol, Chile",,2.09891020063946,253.10531656419809,-72.311,-38.196
"Directions from Troyo, Lonquimay, Chile to Angol, Chile",,2.09922404773599,236.26028280001515,-72.312,-38.196
"Directions from Troyo, Lonquimay, Chile to Angol, Chile",,2.09932304268536,220.26883889618367,-72.312,-38.196
"Directions from Troyo, Lonquimay, Chile to Angol, Chile",,2.09940906593802,209.75008338450701,-72.312,-38.196
"Directions from Troyo, Lonquimay, Chile to Angol, Chile",,2.09950755451604,197.29107212410199,-72.312,-38.197
"Directions from Troyo, Lonquimay, Chile to Angol, Chile",,2.09967034272200,196.90912289475861,-72.312,-38.197
"Directions from Troyo, Lonquimay, Chile to Angol, Chile",,2.09982265818412,191.59929525752599,-72.312,-38.197
"Directions from Troyo, Lonquimay, Chile to Angol, Chile",,2.09984265818412,183.98838439373901,-72.312,-38.197
"Directions from Troyo, Lonquimay, Chile to Angol, Chile",,2.10142799726457,194.88908913972261,-72.312,-38.198
"Directions from Troyo, Lonquimay, Chile to Angol, Chile",,2.10148184891265,213.40070474089467,-72.312,-38.199
"Directions from Troyo, Lonquimay, Chile to Angol, Chile",,2.10151013318389,232.62755934831895,-72.312,-38.199
"Directions from Troyo, Lonquimay, Chile to Angol, Chile",,2.10159075576138,245.30064732419700,-72.312,-38.199
"Directions from Troyo, Lonquimay, Chile to Angol, Chile",,2.10173941644885,256.61057979759084,-72.312,-38.199
"Directions from Troyo, Lonquimay, Chile to Angol, Chile",,2.10182003902633,266.43749182680176,-72.312,-38.199
"Directions from Troyo, Lonquimay, Chile to Angol, Chile",,2.10201003902634,273.30673024107301,-72.313,-38.199
"Directions from Troyo, Lonquimay, Chile to Angol, Chile",,2.10270466122580,275.59369087092637,-72.313,-38.199
"Directions from Troyo, Lonquimay, Chile to Angol, Chile",,2.10320625867396,284.26820511672275,-72.314,-38.199
"Directions from Troyo, Lonquimay, Chile to Angol, Chile",,2.10330474725198,304.48124448941383,-72.314,-38.198
"Directions from Troyo, Lonquimay, Chile to Angol, Chile",,2.10336131579448,320.65496623329130,-72.314,-38.198
"Directions from Troyo, Lonquimay, Chile to Angol, Chile",,2.10339737130723,329.87244064492199,-72.314,-38.198
"Directions from Troyo, Lonquimay, Chile to Angol, Chile",,2.10346445334656,346.71747441417506,-72.314,-38.198
"Directions from Troyo, Lonquimay, Chile to Angol, Chile",,2.10349445334655,355.93494882170069,-72.314,-38.198
"Directions from Troyo, Lonquimay, Chile to Angol, Chile",,2.10356516402467,355.93494882170069,-72.314,-38.198
"Directions from Troyo, Lonquimay, Chile to Angol, Chile",,2.10365516402467,3.97173590559757,-72.314,-38.198
"Directions from Troyo, Lonquimay, Chile to Angol, Chile",,2.10408932989160,10.98985763933630,-72.314,-38.198
"Directions from Troyo, Lonquimay, Chile to Angol, Chile",,2.10474902679169,9.06093012434612,-72.314,-38.197
"Directions from Troyo, Lonquimay, Chile to Angol, Chile",,2.10488938348017,15.32533398321751,-72.314,-38.197
"Directions from Troyo, Lonquimay, Chile to Angol, Chile",,2.10491174415995,0.00000000000000,-72.314,-38.197
"Directions from Troyo, Lonquimay, Chile to Angol, Chile",,2.10495646551950,329.87244064596587,-72.314,-38.197
"Directions from Troyo, Lonquimay, Chile to Angol, Chile",,2.10502857654501,308.43298884725232,-72.314,-38.197
"Directions from Troyo, Lonquimay, Chile to Angol, Chile",,2.10511401658246,285.00918371433966,-72.314,-38.197
"Directions from Troyo, Lonquimay, Chile to Angol, Chile",,2.10523567183306,275.65101262429744,-72.314,-38.197
"Directions from Troyo, Lonquimay, Chile to Angol, Chile",,2.10990808020563,272.38021227912287,-72.319,-38.197
"Directions from Troyo, Lonquimay, Chile to Angol, Chile",,2.11677700297416,274.41343131768525,-72.325,-38.196
"Directions from Troyo, Lonquimay, Chile to Angol, Chile",,2.11706855056890,281.77813266731437,-72.326,-38.196
"Directions from Troyo, Lonquimay, Chile to Angol, Chile",,2.11729941849651,278.82506211011781,-72.326,-38.196
"Directions from Troyo, Lonquimay, Chile to Angol, Chile",,2.11730941849651,281.59929525401645,-72.326,-38.196
"Directions from Troyo, Lonquimay, Chile to Angol, Chile",,2.11738557622757,281.59929525401645,-72.326,-38.196
"Directions from Troyo, Lonquimay, Chile to Angol, Chile",,2.11739557622756,283.28252558853899,-72.326,-38.196
"Directions from Troyo, Lonquimay, Chile to Angol, Chile",,2.11755210098599,293.21013277308839,-72.326,-38.196
"Directions from Troyo, Lonquimay, Chile to Angol, Chile",,2.11793485417017,288.18410361659818,-72.327,-38.196
"Directions from Troyo, Lonquimay, Chile to Angol, Chile",,2.12029207711254,306.41146267114658,-72.329,-38.195
"Directions from Troyo, Lonquimay, Chile to Angol, Chile",,2.12040024365080,320.65496623706230,-72.329,-38.195
"Directions from Troyo, Lonquimay, Chile to Angol, Chile",,2.12047095432892,310.93494882251491,-72.329,-38.195
"Directions from Troyo, Lonquimay, Chile to Angol, Chile",,2.12057095432892,309.34503376411720,-72.329,-38.195
"Directions from Troyo, Lonquimay, Chile to Angol, Chile",,2.12082590530460,317.89639824745512,-72.329,-38.195
"Directions from Troyo, Lonquimay, Chile to Angol, Chile",,2.12096192000968,326.50443503825943,-72.329,-38.195
"Directions from Troyo, Lonquimay, Chile to Angol, Chile",,2.12102022952864,335.30064732196342,-72.329,-38.195
"Directions from Troyo, Lonquimay, Chile to Angol, Chile",,2.12108347508183,338.80128110472293,-72.329,-38.195
"Directions from Troyo, Lonquimay, Chile to Angol, Chile",,2.12118196365985,348.01875551313060,-72.329,-38.195
"Directions from Troyo, Lonquimay, Chile to Angol, Chile",,2.12119196365986,353.37974004027069,-72.329,-38.195
"Directions from Troyo, Lonquimay, Chile to Angol, Chile",,2.12136660615182,353.37974004027069,-72.329,-38.194
"Directions from Troyo, Lonquimay, Chile to Angol, Chile",,2.12154660615182,3.17009587394791,-72.329,-38.194
"Directions from Troyo, Lonquimay, Chile to Angol, Chile",,2.12163716000320,12.68289889303509,-72.329,-38.194
"Directions from Troyo, Lonquimay, Chile to Angol, Chile",,2.12194391723621,11.41984043686284,-72.329,-38.194
"Directions from Troyo, Lonquimay, Chile to Angol, Chile",,2.12209425019999,16.99482405469753,-72.329,-38.194
"Directions from Troyo, Lonquimay, Chile to Angol, Chile",,2.15014549794408,37.58778663692187,-72.315,-38.169
"Directions from Troyo, Lonquimay, Chile to Angol, Chile",,2.15015964007970,37.53925839170177,-72.315,-38.169
"Directions from Troyo, Lonquimay, Chile to Angol, Chile",,2.16592224138786,27.19153302484607,-72.307,-38.156
"Directions from Troyo, Lonquimay, Chile to Angol, Chile",,2.16626238841489,22.80095165770178,-72.307,-38.156
"Directions from Troyo, Lonquimay, Chile to Angol, Chile",,2.16689563402285,19.28942621055746,-72.307,-38.155
"Directions from Troyo, Lonquimay, Chile to Angol, Chile",,2.16736690888957,15.30301481695871,-72.307,-38.154
"Directions from Troyo, Lonquimay, Chile to Angol, Chile",,2.16775742137337,11.25493663395483,-72.307,-38.154
"Directions from Troyo, Lonquimay, Chile to Angol, Chile",,2.17013794652551,6.35339769139002,-72.306,-38.152
"Directions from Troyo, Lonquimay, Chile to Angol, Chile",,2.17078917613172,0.70017849123432,-72.306,-38.151
"Directions from Troyo, Lonquimay, Chile to Angol, Chile",,2.17105936125344,354.20829069717712,-72.306,-38.151
"Directions from Troyo, Lonquimay, Chile to Angol, Chile",,2.17112018887874,353.58560856213052,-72.306,-38.151
"Directions from Troyo, Lonquimay, Chile to Angol, Chile",,2.17129048274241,353.94368853612400,-72.306,-38.151
"Directions from Troyo, Lonquimay, Chile to Angol, Chile",,2.17168507113554,349.57954033081717,-72.306,-38.150
"Directions from Troyo, Lonquimay, Chile to Angol, Chile",,2.17197142755681,345.16699207315611,-72.306,-38.150
"Directions from Troyo, Lonquimay, Chile to Angol, Chile",,2.17260079231591,339.28428301494137,-72.307,-38.149
"Directions from Troyo, Lonquimay, Chile to Angol, Chile",,2.17316938707495,333.80835310131664,-72.307,-38.149
"Directions from Troyo, Lonquimay, Chile to Angol, Chile",,2.17369293267945,333.41505527079499,-72.307,-38.148
"Directions from Troyo, Lonquimay, Chile to Angol, Chile",,2.17462813319271,333.92061326209227,-72.307,-38.147
"Directions from Troyo, Lonquimay, Chile to Angol, Chile",,2.17571053792292,334.02202129771530,-72.308,-38.147
"Directions from Troyo, Lonquimay, Chile to Angol, Chile",,2.17583136838266,330.93298884325196,-72.308,-38.146
"Directions from Troyo, Lonquimay, Chile to Angol, Chile",,2.17586742389542,330.22178783719448,-72.308,-38.146
"Directions from Troyo, Lonquimay, Chile to Angol, Chile",,2.17623416631183,331.90501817219757,-72.308,-38.146
"Directions from Troyo, Lonquimay, Chile to Angol, Chile",,2.17684816956916,327.30131932199146,-72.309,-38.146
"Directions from Troyo, Lonquimay, Chile to Angol, Chile",,2.17742245172978,322.77846413168749,-72.309,-38.145
"Directions from Troyo, Lonquimay, Chile to Angol, Chile",,2.17792693166000,318.15235982791921,-72.309,-38.145
"Directions from Troyo, Lonquimay, Chile to Angol, Chile",,2.17852801401708,317.93423290220784,-72.310,-38.144
"Directions from Troyo, Lonquimay, Chile to Angol, Chile",,2.17860611651384,314.03470627857200,-72.310,-38.144
"Directions from Troyo, Lonquimay, Chile to Angol, Chile",,2.17872013405635,310.29218680406126,-72.310,-38.144
"Directions from Troyo, Lonquimay, Chile to Angol, Chile",,2.17907397017662,310.08245700869827,-72.310,-38.144
"Directions from Troyo, Lonquimay, Chile to Angol, Chile",,2.19081458344850,308.71086855207790,-72.319,-38.137
"Directions from Troyo, Lonquimay, Chile to Angol, Chile",,2.19218458344850,310.84786256022619,-72.320,-38.136
"Directions from Troyo, Lonquimay, Chile to Angol, Chile",,2.19268036565875,313.48264792338313,-72.321,-38.136
"Directions from Troyo, Lonquimay, Chile to Angol, Chile",,2.19439864968650,316.70780694514781,-72.322,-38.134
"Directions from Troyo, Lonquimay, Chile to Angol, Chile",,2.19516350261353,316.58991505923791,-72.322,-38.134
"Directions from Troyo, Lonquimay, Chile to Angol, Chile",,2.19530492396977,317.18078632140748,-72.323,-38.134
"Directions from Troyo, Lonquimay, Chile to Angol, Chile",,2.19697854280332,320.74329449704481,-72.324,-38.132
"Directions from Troyo, Lonquimay, Chile to Angol, Chile",,2.19846077085594,320.56775050987665,-72.325,-38.131
"Directions from Troyo, Lonquimay, Chile to Angol, Chile",,2.21382847725605,321.07029351070668,-72.335,-38.120
"Directions from Troyo, Lonquimay, Chile to Angol, Chile",,2.21392847725605,321.10785956605696,-72.335,-38.120
"Directions from Troyo, Lonquimay, Chile to Angol, Chile",,2.21412697158847,317.04280839060738,-72.335,-38.119
"Directions from Troyo, Lonquimay, Chile to Angol, Chile",,2.21422596653783,317.06320705481892,-72.335,-38.119
"Directions from Troyo, Lonquimay, Chile to Angol, Chile",,2.22130123331725,317.06320705627292,-72.340,-38.114
"Directions from Troyo, Lonquimay, Chile to Angol, Chile",,2.22140022826662,316.99059932966327,-72.340,-38.114
"Directions from Troyo, Lonquimay, Chile to Angol, Chile",,2.23301065461538,320.16069520149523,-72.347,-38.105
"Directions from Troyo, Lonquimay, Chile to Angol, Chile",,2.23320274834250,320.10282645818342,-72.347,-38.105
"Directions from Troyo, Lonquimay, Chile to Angol, Chile",,2.23634946091279,320.99778176156838,-72.349,-38.103
"Directions from Troyo, Lonquimay, Chile to Angol, Chile",,2.23644946091279,319.06505117667086,-72.349,-38.103
"Directions from Troyo, Lonquimay, Chile to Angol, Chile",,2.23650602945529,317.14327466511952,-72.349,-38.102
"Directions from Troyo, Lonquimay, Chile to Angol, Chile",,2.24038475347229,317.14327466657352,-72.352,-38.100
"Directions from Troyo, Lonquimay, Chile to Angol, Chile",,2.24048374842165,316.99948692338285,-72.352,-38.099
"Directions from Troyo, Lonquimay, Chile to Angol, Chile",,2.24514786677349,321.06453809927825,-72.355,-38.096
"Directions from Troyo, Lonquimay, Chile to Angol, Chile",,2.24529786677349,321.12414602933956,-72.355,-38.096
"Directions from Troyo, Lonquimay, Chile to Angol, Chile",,2.26390746913356,326.27656927973561,-72.367,-38.082
"Directions from Troyo, Lonquimay, Chile to Angol, Chile",,2.26392982981334,326.28127027897818,-72.367,-38.082
"Directions from Troyo, Lonquimay, Chile to Angol, Chile",,2.27286963406176,326.28127026676481,-72.373,-38.075
"Directions from Troyo, Lonquimay, Chile to Angol, Chile",,2.27291435542131,328.23109317073170,-72.373,-38.075
"Directions from Troyo, Lonquimay, Chile to Angol, Chile",,2.27402835721664,323.56028567368071,-72.374,-38.074
"Directions from Troyo, Lonquimay, Chile to Angol, Chile",,2.28449783666883,325.20163315577599,-72.380,-38.066
"Directions from Troyo, Lonquimay, Chile to Angol, Chile",,2.28489444730914,324.72001741407672,-72.380,-38.065
"Directions from Troyo, Lonquimay, Chile to Angol, Chile",,2.28544444730914,324.00575423683205,-72.381,-38.065
"Directions from Troyo, Lonquimay, Chile to Angol, Chile",,2.28655696697189,323.67329848847635,-72.381,-38.064
"Directions from Troyo, Lonquimay, Chile to Angol, Chile",,2.28759103660203,323.59638470365087,-72.382,-38.063
"Directions from Troyo, Lonquimay, Chile to Angol, Chile",,2.28809323178321,323.53997895532706,-72.382,-38.063
"Directions from Troyo, Lonquimay, Chile to Angol, Chile",,2.28853527250532,323.74896189703168,-72.382,-38.062
"Directions from Troyo, Lonquimay, Chile to Angol, Chile",,2.29058253897552,327.88146578224143,-72.384,-38.061
"Directions from Troyo, Lonquimay, Chile to Angol, Chile",,2.29686006237253,329.30600196092735,-72.387,-38.055
"Directions from Troyo, Lonquimay, Chile to Angol, Chile",,2.29704874199517,329.31446651839212,-72.387,-38.055
"Directions from Troyo, Lonquimay, Chile to Angol, Chile",,2.30492015864023,329.48678257479042,-72.391,-38.048
"Directions from Troyo, Lonquimay, Chile to Angol, Chile",,2.30562506998216,325.92397611007459,-72.391,-38.048
"Directions from Troyo, Lonquimay, Chile to Angol, Chile",,2.30653308980573,322.10964822689152,-72.392,-38.047
"Directions from Troyo, Lonquimay, Chile to Angol, Chile",,2.30724372332592,317.40536671123766,-72.392,-38.046
"Directions from Troyo, Lonquimay, Chile to Angol, Chile",,2.30859446386355,310.66748713325649,-72.393,-38.045
"Directions from Troyo, Lonquimay, Chile to Angol, Chile",,2.30890847023291,311.11741699593819,-72.393,-38.045
"Directions from Troyo, Lonquimay, Chile to Angol, Chile",,2.30893675450415,311.89827605416684,-72.393,-38.045
"Directions from Troyo, Lonquimay, Chile to Angol, Chile",,2.30959112443011,307.02645540564822,-72.394,-38.045
"Directions from Troyo, Lonquimay, Chile to Angol, Chile",,2.31030140606440,303.73985697191256,-72.394,-38.044
"Directions from Troyo, Lonquimay, Chile to Angol, Chile",,2.31225181627766,299.39420320388143,-72.396,-38.043
"Directions from Troyo, Lonquimay, Chile to Angol, Chile",,2.31229653763721,299.38310602379437,-72.396,-38.043
"Directions from Troyo, Lonquimay, Chile to Angol, Chile",,2.32222347573514,303.55182824352130,-72.404,-38.038
"Directions from Troyo, Lonquimay, Chile to Angol, Chile",,2.32274778480429,306.12592233031904,-72.405,-38.038
"Directions from Troyo, Lonquimay, Chile to Angol, Chile",,2.32322580154041,308.97532184383687,-72.405,-38.037
"Directions from Troyo, Lonquimay, Chile to Angol, Chile",,2.32341019242955,303.58317291846498,-72.405,-38.037
"Directions from Troyo, Lonquimay, Chile to Angol, Chile",,2.32343255310932,304.75982135215980,-72.405,-38.037
"Directions from Troyo, Lonquimay, Chile to Angol, Chile",,2.32462124987469,319.63226199248868,-72.406,-38.036
"Directions from Troyo, Lonquimay, Chile to Angol, Chile",,2.32469336090020,323.03678708230302,-72.406,-38.036
"Directions from Troyo, Lonquimay, Chile to Angol, Chile",,2.32503394862752,317.38182084529291,-72.407,-38.036
"Directions from Troyo, Lonquimay, Chile to Angol, Chile",,2.32510465930564,317.59721445475725,-72.407,-38.036
"Directions from Troyo, Lonquimay, Chile to Angol, Chile",,2.32533896679591,321.78015751655812,-72.407,-38.036
"Directions from Troyo, Lonquimay, Chile to Angol, Chile",,2.32582497091112,325.42049791795398,-72.407,-38.035
"Directions from Troyo, Lonquimay, Chile to Angol, Chile",,2.32664332291362,329.68687920308560,-72.408,-38.035
"Directions from Troyo, Lonquimay, Chile to Angol, Chile",,2.32781097012062,332.53904981812298,-72.408,-38.034
"Directions from Troyo, Lonquimay, Chile to Angol, Chile",,2.33182251595732,332.86930446483319,-72.410,-38.030
"Directions from Troyo, Lonquimay, Chile to Angol, Chile",,2.34937770037675,333.06658698168036,-72.418,-38.015
"Directions from Troyo, Lonquimay, Chile to Angol, Chile",,2.35122022581755,333.04389730487458,-72.419,-38.013
"Directions from Troyo, Lonquimay, Chile to Angol, Chile",,2.35984361842139,337.03941490334040,-72.423,-38.005
"Directions from Troyo, Lonquimay, Chile to Angol, Chile",,2.35987524119799,337.37153498567176,-72.423,-38.005
"Directions from Troyo, Lonquimay, Chile to Angol, Chile",,2.36087253754312,332.28377956607454,-72.423,-38.004
"Directions from Troyo, Lonquimay, Chile to Angol, Chile",,2.36174963502915,332.01398775674545,-72.424,-38.004
"Directions from Troyo, Lonquimay, Chile to Angol, Chile",,2.36625351113757,334.16694295778575,-72.426,-38.000
"Directions from Troyo, Lonquimay, Chile to Angol, Chile",,2.36659365816460,334.13989118107514,-72.426,-37.999
"Directions from Troyo, Lonquimay, Chile to Angol, Chile",,2.39219945828879,332.23029812144580,-72.438,-37.977
"Directions from Troyo, Lonquimay, Chile to Angol, Chile",,2.39614534222019,333.33757048581026,-72.439,-37.973
"Directions from Troyo, Lonquimay, Chile to Angol, Chile",,2.39633322516247,333.39862077120284,-72.440,-37.973
"Directions from Troyo, Lonquimay, Chile to Angol, Chile",,2.39776028507712,333.73031835557208,-72.440,-37.972
"Directions from Troyo, Lonquimay, Chile to Angol, Chile",,2.39826595295230,339.84075910724715,-72.440,-37.971
"Directions from Troyo, Lonquimay, Chile to Angol, Chile",,2.39874396968842,347.89613883475374,-72.441,-37.971
"Directions from Troyo, Lonquimay, Chile to Angol, Chile",,2.39928986345097,355.05211513194865,-72.441,-37.970
"Directions from Troyo, Lonquimay, Chile to Angol, Chile",,2.39967999163503,2.45915815526942,-72.441,-37.970
"Directions from Troyo, Lonquimay, Chile to Angol, Chile",,2.40102836102062,3.19355851268969,-72.441,-37.968
"Directions from Troyo, Lonquimay, Chile to Angol, Chile",,2.40106836102062,3.56250817485354,-72.441,-37.968
"Directions from Troyo, Lonquimay, Chile to Angol, Chile",,2.40163271906300,9.10936968075304,-72.440,-37.968
"Directions from Troyo, Lonquimay, Chile to Angol, Chile",,2.40215243052142,22.39189526575777,-72.440,-37.967
"Directions from Troyo, Lonquimay, Chile to Angol, Chile",,2.40218848603416,27.40739333262919,-72.440,-37.967
"Directions from Troyo, Lonquimay, Chile to Angol, Chile",,2.40266018509077,25.24123634428738,-72.440,-37.967
"Directions from Troyo, Lonquimay, Chile to Angol, Chile",,2.40321091188329,33.86261946411014,-72.440,-37.966
"Directions from Troyo, Lonquimay, Chile to Angol, Chile",,2.40382312099790,41.43022816211506,-72.440,-37.966
"Directions from Troyo, Lonquimay, Chile to Angol, Chile",,2.40622030684800,41.79341491239662,-72.438,-37.964
"Directions from Troyo, Lonquimay, Chile to Angol, Chile",,2.40642646212928,40.77452725325464,-72.438,-37.964
"Directions from Troyo, Lonquimay, Chile to Angol, Chile",,2.40706348646164,40.12456930944421,-72.437,-37.964
"Directions from Troyo, Lonquimay, Chile to Angol, Chile",,2.40768356710155,35.74200526362055,-72.437,-37.963
"Directions from Troyo, Lonquimay, Chile to Angol, Chile",,2.40782778915257,35.71843645771627,-72.437,-37.963
"Directions from Troyo, Lonquimay, Chile to Angol, Chile",,2.40821983506825,39.80092396100270,-72.437,-37.963
"Directions from Troyo, Lonquimay, Chile to Angol, Chile",,2.40886427280768,47.61046432972918,-72.436,-37.962
"Directions from Troyo, Lonquimay, Chile to Angol, Chile",,2.40935027692289,59.64519393440906,-72.436,-37.962
"Directions from Troyo, Lonquimay, Chile to Angol, Chile",,2.40986505842993,70.16584540287866,-72.435,-37.962
"Directions from Troyo, Lonquimay, Chile to Angol, Chile",,2.41031148871565,78.56609205149358,-72.435,-37.962
"Directions from Troyo, Lonquimay, Chile to Angol, Chile",,2.41078530302526,85.09009533128059,-72.434,-37.961
"Directions from Troyo, Lonquimay, Chile to Angol, Chile",,2.41123574725045,90.87217447456158,-72.434,-37.961
"Directions from Troyo, Lonquimay, Chile to Angol, Chile",,2.41243911751765,93.16728090880970,-72.433,-37.962
"Directions from Troyo, Lonquimay, Chile to Angol, Chile",,2.41299947454670,90.38618923416246,-72.432,-37.962
"Directions from Troyo, Lonquimay, Chile to Angol, Chile",,2.41344958564410,87.37379376349899,-72.432,-37.962
"Directions from Troyo, Lonquimay, Chile to Angol, Chile",,2.41460236489443,85.01120901819624,-72.431,-37.961
"Directions from Troyo, Lonquimay, Chile to Angol, Chile",,2.41737755858137,82.39538697356700,-72.428,-37.961
"Directions from Troyo, Lonquimay, Chile to Angol, Chile",,2.41775239187764,91.04945296767499,-72.427,-37.961
"Directions from Troyo, Lonquimay, Chile to Angol, Chile",,2.41785437226792,96.67767048296766,-72.427,-37.961
"Directions from Troyo, Lonquimay, Chile to Angol, Chile",,2.41841472929697,98.04082597755674,-72.427,-37.961
"Directions from Troyo, Lonquimay, Chile to Angol, Chile",,2.41853842246573,107.91882647563897,-72.427,-37.961
"Directions from Troyo, Lonquimay, Chile to Angol, Chile",,2.41864612576188,121.01888389809361,-72.427,-37.961
"Directions from Troyo, Lonquimay, Chile to Angol, Chile",,2.41881641962554,138.27314539576136,-72.426,-37.961
"Directions from Troyo, Lonquimay, Chile to Angol, Chile",,2.41885247513829,149.87244065092420,-72.426,-37.961
"Directions from Troyo, Lonquimay, Chile to Angol, Chile",,2.41898663921694,164.12025995608084,-72.426,-37.962
"Directions from Troyo, Lonquimay, Chile to Angol, Chile",,2.41909709282711,182.55520878130980,-72.426,-37.962
"Directions from Troyo, Lonquimay, Chile to Angol, Chile",,2.41920889622599,196.05312797497589,-72.426,-37.962
"Directions from Troyo, Lonquimay, Chile to Angol, Chile",,2.41926274787406,208.39671484029296,-72.426,-37.962
"Directions from Troyo, Lonquimay, Chile to Angol, Chile",,2.41938481343022,225.65097633729476,-72.426,-37.962
"Directions from Troyo, Lonquimay, Chile to Angol, Chile",,2.41949297996849,242.63621072419969,-72.427,-37.962
"Directions from Troyo, Lonquimay, Chile to Angol, Chile",,2.41963226385125,254.32882125189627,-72.427,-37.962
"Directions from Troyo, Lonquimay, Chile to Angol, Chile",,2.41974406725012,264.84757676366280,-72.427,-37.962
"Directions from Troyo, Lonquimay, Chile to Angol, Chile",,2.41984406725013,272.85529656955600,-72.427,-37.962
"Directions from Troyo, Lonquimay, Chile to Angol, Chile",,2.41994456600634,281.20491868692631,-72.427,-37.962
"Directions from Troyo, Lonquimay, Chile to Angol, Chile",,2.42004896907143,293.83150038101229,-72.427,-37.962
"Directions from Troyo, Lonquimay, Chile to Angol, Chile",,2.42010727859038,297.08117352222087,-72.427,-37.962
"Directions from Troyo, Lonquimay, Chile to Angol, Chile",,2.42018343632144,301.89994258179956,-72.427,-37.962
"Directions from Troyo, Lonquimay, Chile to Angol, Chile",,2.42027563176600,315.39786177775545,-72.427,-37.962
"Directions from Troyo, Lonquimay, Chile to Angol, Chile",,2.42035373426277,323.25218069154494,-72.427,-37.962
"Directions from Troyo, Lonquimay, Chile to Angol, Chile",,2.42042584528827,320.65496623446569,-72.427,-37.962
"Directions from Troyo, Lonquimay, Chile to Angol, Chile",,2.42053898237327,330.48187826468973,-72.427,-37.962
"Directions from Troyo, Lonquimay, Chile to Angol, Chile",,2.42078636871081,343.86934071151597,-72.428,-37.961
"Directions from Troyo, Lonquimay, Chile to Angol, Chile",,2.42164967630373,334.04242868129194,-72.428,-37.961
"Directions from Troyo, Lonquimay, Chile to Angol, Chile",,2.42172178732924,323.25218069154494,-72.428,-37.961
"Directions from Troyo, Lonquimay, Chile to Angol, Chile",,2.42179988982600,317.59721445308082,-72.428,-37.960
"Directions from Troyo, Lonquimay, Chile to Angol, Chile",,2.42189888477537,309.34503376310170,-72.428,-37.960
"Directions from Troyo, Lonquimay, Chile to Angol, Chile",,2.42197099580087,298.44432902085339,-72.428,-37.960
"Directions from Troyo, Lonquimay, Chile to Angol, Chile",,2.42212331126299,290.81676966843719,-72.428,-37.960
"Directions from Troyo, Lonquimay, Chile to Angol, Chile",,2.42221817959280,283.94863551560212,-72.428,-37.960
"Directions from Troyo, Lonquimay, Chile to Angol, Chile",,2.42233983484341,275.34059872079803,-72.428,-37.960
"Directions from Troyo, Lonquimay, Chile to Angol, Chile",,2.42280994121435,273.46473418689135,-72.429,-37.960
"Directions from Troyo, Lonquimay, Chile to Angol, Chile",,2.42301093872678,272.85529656955600,-72.429,-37.960
"Directions from Troyo, Lonquimay, Chile to Angol, Chile",,2.42307093872677,277.62755935085039,-72.429,-37.960
"Directions from Troyo, Lonquimay, Chile to Angol, Chile",,2.42341299135430,277.62755935085039,-72.429,-37.960
"Directions from Troyo, Lonquimay, Chile to Angol, Chile",,2.42353299135430,278.89968201437279,-72.430,-37.960
"Directions from Troyo, Lonquimay, Chile to Angol, Chile",,2.42552851133666,293.18698450945487,-72.431,-37.960
"Directions from Troyo, Lonquimay, Chile to Angol, Chile",,2.42680385442776,351.27881347980514,-72.433,-37.959
"Directions from Troyo, Lonquimay, Chile to Angol, Chile",,2.42799905315601,82.39223397302474,-72.432,-37.958
"Directions from Troyo, Lonquimay, Chile to Angol, Chile",,2.42920983802542,171.11255580073964,-72.431,-37.959
"Directions from Troyo, Lonquimay, Chile to Angol, Chile",,2.43034341643029,260.29337161987502,-72.431,-37.960
"Directions from Troyo, Lonquimay, Chile to Angol, Chile",,2.43290858698992,260.88143157699125,-72.434,-37.958
"Directions from Troyo, Lonquimay, Chile to Angol, Chile",,2.43409049223147,221.89285535254004,-72.434,-37.959
"Directions from Troyo, Lonquimay, Chile to Angol, Chile",,2.43525980827087,260.48253713480057,-72.435,-37.960
"Directions from Troyo, Lonquimay, Chile to Angol, Chile",,2.43940753053736,297.71007746317326,-72.439,-37.958
"Directions from Troyo, Lonquimay, Chile to Angol, Chile",,2.43968483902984,266.20464737728423,-72.439,-37.958
"Directions from Troyo, Lonquimay, Chile to Angol, Chile",,2.44003153774630,240.10161887535111,-72.439,-37.958
"Directions from Troyo, Lonquimay, Chile to Angol, Chile",,2.44012098046540,234.21747441960321,-72.439,-37.958
"Directions from Troyo, Lonquimay, Chile to Angol, Chile",,2.44013512260102,239.87244065849237,-72.439,-37.958
"Directions from Troyo, Lonquimay, Chile to Angol, Chile",,2.44024914014354,262.37244064831452,-72.440,-37.958
"Directions from Troyo, Lonquimay, Chile to Angol, Chile",,2.44034914014354,278.55136448430613,-72.440,-37.958
"Directions from Troyo, Lonquimay, Chile to Angol, Chile",,2.44048515484863,296.32020338194383,-72.440,-37.958
"Directions from Troyo, Lonquimay, Chile to Angol, Chile",,2.44057117810129,309.65940127998908,-72.440,-37.958
"Directions from Troyo, Lonquimay, Chile to Angol, Chile",,2.44190083971239,311.30547483516733,-72.441,-37.957
"Directions from Troyo, Lonquimay, Chile to Angol, Chile",,2.44242714760705,304.64768491212720,-72.441,-37.957
"Directions from Troyo, Lonquimay, Chile to Angol, Chile",,2.44262437843630,307.73277246948908,-72.441,-37.957
"Directions from Troyo, Lonquimay, Chile to Angol, Chile",,2.44263852057191,307.23794451223807,-72.441,-37.957
"Directions from Troyo, Lonquimay, Chile to Angol, Chile",,2.44290271746819,301.10555763796714,-72.442,-37.957
"Directions from Troyo, Lonquimay, Chile to Angol, Chile",,2.44306915063796,305.86311015721532,-72.442,-37.956
"Directions from Troyo, Lonquimay, Chile to Angol, Chile",,2.44333933575968,310.48910326876694,-72.442,-37.956
"Directions from Troyo, Lonquimay, Chile to Angol, Chile",,2.44387748072157,322.71108067113278,-72.442,-37.956
"Directions from Troyo, Lonquimay, Chile to Angol, Chile",,2.44389984140134,323.11009685999983,-72.442,-37.956
"Directions from Troyo, Lonquimay, Chile to Angol, Chile",,2.44518066145115,309.82757126087591,-72.443,-37.955
"Directions from Troyo, Lonquimay, Chile to Angol, Chile",,2.44523066145115,310.93494882353269,-72.443,-37.955
"Directions from Troyo, Lonquimay, Chile to Angol, Chile",,2.44537208280739,310.93494882353269,-72.443,-37.955
"Directions from Troyo, Lonquimay, Chile to Angol, Chile",,2.44547208280739,314.99999999674316,-72.444,-37.955
"Directions from Troyo, Lonquimay, Chile to Angol, Chile",,2.44552208280740,314.99999999674316,-72.444,-37.955
"Directions from Troyo, Lonquimay, Chile to Angol, Chile",,2.44557208280740,310.93494882455047,-72.444,-37.955
"Directions from Troyo, Lonquimay, Chile to Angol, Chile",,2.44561450921426,310.93494882455047,-72.444,-37.955
"Directions from Troyo, Lonquimay, Chile to Angol, Chile",,2.44566450921426,314.99999999674316,-72.444,-37.955
"Directions from Troyo, Lonquimay, Chile to Angol, Chile",,2.44571450921426,314.99999999674316,-72.444,-37.955
"Directions from Troyo, Lonquimay, Chile to Angol, Chile",,2.44576450921427,310.93494882455047,-72.444,-37.955
"Directions from Troyo, Lonquimay, Chile to Angol, Chile",,2.44580693562113,310.93494882455047,-72.444,-37.955
"Directions from Troyo, Lonquimay, Chile to Angol, Chile",,2.44585693562113,315.00000000325690,-72.444,-37.955
"Directions from Troyo, Lonquimay, Chile to Angol, Chile",,2.44590693562113,314.99999999837155,-72.444,-37.955
"Directions from Troyo, Lonquimay, Chile to Angol, Chile",,2.44595693562114,310.93494882170069,-72.444,-37.954
"Directions from Troyo, Lonquimay, Chile to Angol, Chile",,2.44609835697737,310.93494882332914,-72.444,-37.954
"Directions from Troyo, Lonquimay, Chile to Angol, Chile",,2.44614835697737,310.93494882129357,-72.444,-37.954
"Directions from Troyo, Lonquimay, Chile to Angol, Chile",,2.44628977833361,310.93494882129357,-72.444,-37.954
"Directions from Troyo, Lonquimay, Chile to Angol, Chile",,2.44633977833360,314.99999999592893,-72.444,-37.954
"Directions from Troyo, Lonquimay, Chile to Angol, Chile",,2.44638977833361,314.99999999592893,-72.444,-37.954
"Directions from Troyo, Lonquimay, Chile to Angol, Chile",,2.44643977833361,310.93494882468616,-72.444,-37.954
"Directions from Troyo, Lonquimay, Chile to Angol, Chile",,2.44648220474048,310.93494882794300,-72.444,-37.954
"Directions from Troyo, Lonquimay, Chile to Angol, Chile",,2.44653220474048,314.99999999674316,-72.444,-37.954
"Directions from Troyo, Lonquimay, Chile to Angol, Chile",,2.44658220474048,314.99999999348626,-72.444,-37.954
"Directions from Troyo, Lonquimay, Chile to Angol, Chile",,2.44663220474048,310.93494882332914,-72.444,-37.954
"Directions from Troyo, Lonquimay, Chile to Angol, Chile",,2.44677362609671,310.93494882170069,-72.445,-37.954
"Directions from Troyo, Lonquimay, Chile to Angol, Chile",,2.44682362609672,310.93494881966512,-72.445,-37.954
"Directions from Troyo, Lonquimay, Chile to Angol, Chile",,2.44692262104608,310.93494882455047,-72.445,-37.954
"Directions from Troyo, Lonquimay, Chile to Angol, Chile",,2.44697262104608,310.93494882794300,-72.445,-37.954
"Directions from Troyo, Lonquimay, Chile to Angol, Chile",,2.44701504745295,310.93494881980081,-72.445,-37.954
"Directions from Troyo, Lonquimay, Chile to Angol, Chile",,2.44706504745296,314.99999999755732,-72.445,-37.954
"Directions from Troyo, Lonquimay, Chile to Angol, Chile",,2.44711504745296,315.00000000244268,-72.445,-37.954
"Directions from Troyo, Lonquimay, Chile to Angol, Chile",,2.44716504745295,310.93494882468616,-72.445,-37.954
"Directions from Troyo, Lonquimay, Chile to Angol, Chile",,2.44720747385982,310.93494882794300,-72.445,-37.954
"Directions from Troyo, Lonquimay, Chile to Angol, Chile",,2.44725747385982,314.99999999674316,-72.445,-37.954
"Directions from Troyo, Lonquimay, Chile to Angol, Chile",,2.44730747385983,314.99999999674316,-72.445,-37.954
"Directions from Troyo, Lonquimay, Chile to Angol, Chile",,2.44735747385983,310.93494882353269,-72.445,-37.954
"Directions from Troyo, Lonquimay, Chile to Angol, Chile",,2.44749889521607,310.93494882190424,-72.445,-37.953
"Directions from Troyo, Lonquimay, Chile to Angol, Chile",,2.44759889521606,315.00000000407113,-72.445,-37.953
"Directions from Troyo, Lonquimay, Chile to Angol, Chile",,2.44764889521606,315.00000000244268,-72.445,-37.953
"Directions from Troyo, Lonquimay, Chile to Angol, Chile",,2.44769889521606,310.93494881790099,-72.445,-37.953
"Directions from Troyo, Lonquimay, Chile to Angol, Chile",,2.44774132162294,310.93494882115789,-72.445,-37.953
"Directions from Troyo, Lonquimay, Chile to Angol, Chile",,2.44779132162294,315.00000000325690,-72.445,-37.953
"Directions from Troyo, Lonquimay, Chile to Angol, Chile",,2.44784132162294,315.00000000000000,-72.445,-37.953
"Directions from Troyo, Lonquimay, Chile to Angol, Chile",,2.44789132162293,310.93494882468616,-72.445,-37.953
"Directions from Troyo, Lonquimay, Chile to Angol, Chile",,2.44793374802980,310.93494882305771,-72.445,-37.953
"Directions from Troyo, Lonquimay, Chile to Angol, Chile",,2.44798374802981,314.99999999837155,-72.445,-37.953
"Directions from Troyo, Lonquimay, Chile to Angol, Chile",,2.44803374802981,315.00000000325690,-72.445,-37.953
"Directions from Troyo, Lonquimay, Chile to Angol, Chile",,2.44808374802981,310.93494882455047,-72.445,-37.953
"Directions from Troyo, Lonquimay, Chile to Angol, Chile",,2.44812617443667,310.93494882455047,-72.446,-37.953
"Directions from Troyo, Lonquimay, Chile to Angol, Chile",,2.44817617443667,314.99999999674316,-72.446,-37.953
"Directions from Troyo, Lonquimay, Chile to Angol, Chile",,2.44822617443668,314.99999999674316,-72.446,-37.953
"Directions from Troyo, Lonquimay, Chile to Angol, Chile",,2.44827617443668,310.93494882600442,-72.446,-37.953
"Directions from Troyo, Lonquimay, Chile to Angol, Chile",,2.44837516938604,310.93494882274751,-72.446,-37.953
"Directions from Troyo, Lonquimay, Chile to Angol, Chile",,2.44842516938604,310.93494881790099,-72.446,-37.953
"Directions from Troyo, Lonquimay, Chile to Angol, Chile",,2.44846759579292,310.93494882115789,-72.446,-37.953
"Directions from Troyo, Lonquimay, Chile to Angol, Chile",,2.44851759579292,315.00000000325690,-72.446,-37.953
"Directions from Troyo, Lonquimay, Chile to Angol, Chile",,2.44856759579291,315.00000000325690,-72.446,-37.953
"Directions from Troyo, Lonquimay, Chile to Angol, Chile",,2.44861759579291,310.93494881776525,-72.446,-37.953
"Directions from Troyo, Lonquimay, Chile to Angol, Chile",,2.44866002219979,310.93494881776525,-72.446,-37.953
"Directions from Troyo, Lonquimay, Chile to Angol, Chile",,2.44871002219979,315.00000000325690,-72.446,-37.953
"Directions from Troyo, Lonquimay, Chile to Angol, Chile",,2.44876002219978,315.00000000325690,-72.446,-37.953
"Directions from Troyo, Lonquimay, Chile to Angol, Chile",,2.44881002219978,310.93494882353269,-72.446,-37.953
"Directions from Troyo, Lonquimay, Chile to Angol, Chile",,2.44895144355602,310.93494882353269,-72.446,-37.952
"Directions from Troyo, Lonquimay, Chile to Angol, Chile",,2.44900144355602,310.20054846660861,-72.446,-37.952
"Directions from Troyo, Lonquimay, Chile to Angol, Chile",,2.44927730584051,310.20054846660861,-72.446,-37.952
"Directions from Troyo, Lonquimay, Chile to Angol, Chile",,2.44932730584051,310.93494882658604,-72.446,-37.952
"Directions from Troyo, Lonquimay, Chile to Angol, Chile",,2.44946872719674,310.93494881844379,-72.446,-37.952
"Directions from Troyo, Lonquimay, Chile to Angol, Chile",,2.44951872719675,314.99999999755732,-72.447,-37.952
"Directions from Troyo, Lonquimay, Chile to Angol, Chile",,2.44956872719675,315.00000000244268,-72.447,-37.952
"Directions from Troyo, Lonquimay, Chile to Angol, Chile",,2.44961872719674,310.93494882468616,-72.447,-37.952
"Directions from Troyo, Lonquimay, Chile to Angol, Chile",,2.44966115360361,319.06505117558521,-72.447,-37.952
"Directions from Troyo, Lonquimay, Chile to Angol, Chile",,2.44971115360362,314.99999999674316,-72.447,-37.952
"Directions from Troyo, Lonquimay, Chile to Angol, Chile",,2.44976115360362,310.93494882455047,-72.447,-37.952
"Directions from Troyo, Lonquimay, Chile to Angol, Chile",,2.44980358001048,310.93494882455047,-72.447,-37.952
"Directions from Troyo, Lonquimay, Chile to Angol, Chile",,2.44985358001048,315.00000000325690,-72.447,-37.952
"Directions from Troyo, Lonquimay, Chile to Angol, Chile",,2.44990358001048,318.25828171222850,-72.447,-37.952
"Directions from Troyo, Lonquimay, Chile to Angol, Chile",,2.45191255985110,312.58548853780684,-72.448,-37.950
"Directions from Troyo, Lonquimay, Chile to Angol, Chile",,2.45254287723147,310.53696143533335,-72.449,-37.950
"Directions from Troyo, Lonquimay, Chile to Angol, Chile",,2.45296925734358,306.27995167810627,-72.449,-37.950
"Directions from Troyo, Lonquimay, Chile to Angol, Chile",,2.45637798144505,301.50768889599846,-72.452,-37.948
"Directions from Troyo, Lonquimay, Chile to Angol, Chile",,2.45653922660002,301.71747441081231,-72.452,-37.948
"Directions from Troyo, Lonquimay, Chile to Angol, Chile",,2.45679161518931,286.84503376187143,-72.452,-37.948
"Directions from Troyo, Lonquimay, Chile to Angol, Chile",,2.45680161518930,286.45262146139470,-72.452,-37.948
"Directions from Troyo, Lonquimay, Chile to Angol, Chile",,2.45700409975663,331.45262146139464,-72.452,-37.948
"Directions from Troyo, Lonquimay, Chile to Angol, Chile",,2.45701409975662,330.71478280783094,-72.452,-37.948
"Directions from Troyo, Lonquimay, Chile to Angol, Chile",,2.45743600021880,302.38757451634592,-72.453,-37.947
"Directions from Troyo, Lonquimay, Chile to Angol, Chile",,2.47035242774347,303.73772819164191,-72.464,-37.940
"Directions from Troyo, Lonquimay, Chile to Angol, Chile",,2.47432697174248,309.56493648312693,-72.467,-37.938
"Directions from Troyo, Lonquimay, Chile to Angol, Chile",,2.47434111387811,309.65389392234641,-72.467,-37.938
"Directions from Troyo, Lonquimay, Chile to Angol, Chile",,2.47537014254632,309.65389392573906,-72.468,-37.937
"Directions from Troyo, Lonquimay, Chile to Angol, Chile",,2.47541256895319,309.48827202136226,-72.468,-37.937
"Directions from Troyo, Lonquimay, Chile to Angol, Chile",,2.47596727608312,305.12412381116866,-72.468,-37.937
"Directions from Troyo, Lonquimay, Chile to Angol, Chile",,2.48458774590791,308.43649911641967,-72.475,-37.932
"Directions from Troyo, Lonquimay, Chile to Angol, Chile",,2.48467994135248,308.72253281382172,-72.475,-37.932
"Directions from Troyo, Lonquimay, Chile to Angol, Chile",,2.48906594180848,307.88565728708824,-72.479,-37.929
"Directions from Troyo, Lonquimay, Chile to Angol, Chile",,2.49040280380583,310.10612724371822,-72.480,-37.928
"Directions from Troyo, Lonquimay, Chile to Angol, Chile",,2.49203966054972,309.93693543712862,-72.481,-37.927
"Directions from Troyo, Lonquimay, Chile to Angol, Chile",,2.49330623072149,307.95896924820016,-72.482,-37.927
"Directions from Troyo, Lonquimay, Chile to Angol, Chile",,2.49505428678466,308.56717480543608,-72.483,-37.925
"Directions from Troyo, Lonquimay, Chile to Angol, Chile",,2.49536669677169,308.78491028472990,-72.484,-37.925
"Directions from Troyo, Lonquimay, Chile to Angol, Chile",,2.50625802359629,306.49092122141042,-72.492,-37.919
"Directions from Troyo, Lonquimay, Chile to Angol, Chile",,2.50646611011675,306.54264214801009,-72.492,-37.919
"Directions from Troyo, Lonquimay, Chile to Angol, Chile",,2.51335715503026,306.70268455997660,-72.498,-37.914
"Directions from Troyo, Lonquimay, Chile to Angol, Chile",,2.51370124804095,303.25071716261590,-72.498,-37.914
"Directions from Troyo, Lonquimay, Chile to Angol, Chile",,2.51387617659778,303.91682709138547,-72.498,-37.914
"Directions from Troyo, Lonquimay, Chile to Angol, Chile",,2.51392617659779,302.47119229163172,-72.498,-37.914
"Directions from Troyo, Lonquimay, Chile to Angol, Chile",,2.51409617659779,295.34617594182419,-72.498,-37.914
"Directions from Troyo, Lonquimay, Chile to Angol, Chile",,2.51422617659778,294.59245806328187,-72.499,-37.914
"Directions from Troyo, Lonquimay, Chile to Angol, Chile",,2.51440506203599,293.03478762087781,-72.499,-37.914
"Directions from Troyo, Lonquimay, Chile to Angol, Chile",,2.51982615048759,285.40722826856609,-72.504,-37.912
"Directions from Troyo, Lonquimay, Chile to Angol, Chile",,2.51987714068271,283.83403548968494,-72.504,-37.912
"Directions from Troyo, Lonquimay, Chile to Angol, Chile",,2.53532236324505,282.91023035857086,-72.519,-37.908
"Directions from Troyo, Lonquimay, Chile to Angol, Chile",,2.53538319087035,283.09312081376862,-72.519,-37.908
"Directions from Troyo, Lonquimay, Chile to Angol, Chile",,2.53760726371089,285.13592920269207,-72.521,-37.907
"Directions from Troyo, Lonquimay, Chile to Angol, Chile",,2.53846102011643,282.65811395999611,-72.522,-37.907
"Directions from Troyo, Lonquimay, Chile to Angol, Chile",,2.53944163217020,283.85684241680502,-72.523,-37.907
"Directions from Troyo, Lonquimay, Chile to Angol, Chile",,2.53951443326909,282.03774912955191,-72.523,-37.907
"Directions from Troyo, Lonquimay, Chile to Angol, Chile",,2.53958514394720,283.28252558914966,-72.523,-37.906
"Directions from Troyo, Lonquimay, Chile to Angol, Chile",,2.53964838950041,283.28252558629987,-72.523,-37.906
"Directions from Troyo, Lonquimay, Chile to Angol, Chile",,2.53971910017852,282.03774912516587,-72.523,-37.906
"Directions from Troyo, Lonquimay, Chile to Angol, Chile",,2.53979190127742,282.34577908199878,-72.523,-37.906
"Directions from Troyo, Lonquimay, Chile to Angol, Chile",,2.53992343074180,282.34577908353504,-72.523,-37.906
"Directions from Troyo, Lonquimay, Chile to Angol, Chile",,2.53999623184069,282.03774912588796,-72.523,-37.906
"Directions from Troyo, Lonquimay, Chile to Angol, Chile",,2.54006694251882,282.03774912588796,-72.523,-37.906
"Directions from Troyo, Lonquimay, Chile to Angol, Chile",,2.54013974361770,282.03774912873774,-72.523,-37.906
"Directions from Troyo, Lonquimay, Chile to Angol, Chile",,2.54021045429583,283.28252559037099,-72.523,-37.906
"Directions from Troyo, Lonquimay, Chile to Angol, Chile",,2.54027369984902,283.28252558935321,-72.524,-37.906
"Directions from Troyo, Lonquimay, Chile to Angol, Chile",,2.54041512120526,282.03774912618366,-72.524,-37.906
"Directions from Troyo, Lonquimay, Chile to Angol, Chile",,2.54048792230416,282.70385905552263,-72.524,-37.906
"Directions from Troyo, Lonquimay, Chile to Angol, Chile",,2.54054874992946,282.70385905552263,-72.524,-37.906
"Directions from Troyo, Lonquimay, Chile to Angol, Chile",,2.54062155102836,282.03774912618366,-72.524,-37.906
"Directions from Troyo, Lonquimay, Chile to Angol, Chile",,2.54076297238460,282.03774912771996,-72.524,-37.906
"Directions from Troyo, Lonquimay, Chile to Angol, Chile",,2.54083577348348,282.34577908200538,-72.524,-37.906
"Directions from Troyo, Lonquimay, Chile to Angol, Chile",,2.54096730294786,282.34577908046919,-72.524,-37.906
"Directions from Troyo, Lonquimay, Chile to Angol, Chile",,2.54104010404676,282.03774912618366,-72.524,-37.906
"Directions from Troyo, Lonquimay, Chile to Angol, Chile",,2.54118152540300,283.28252559240656,-72.524,-37.906
"Directions from Troyo, Lonquimay, Chile to Angol, Chile",,2.54124477095620,283.28252559240656,-72.524,-37.906
"Directions from Troyo, Lonquimay, Chile to Angol, Chile",,2.54138619231244,282.03774912618366,-72.525,-37.906
"Directions from Troyo, Lonquimay, Chile to Angol, Chile",,2.54145899341134,282.03774912516587,-72.525,-37.906
"Directions from Troyo, Lonquimay, Chile to Angol, Chile",,2.54152970408945,283.28252558629987,-72.525,-37.906
"Directions from Troyo, Lonquimay, Chile to Angol, Chile",,2.54159294964266,283.28252558914966,-72.525,-37.906
"Directions from Troyo, Lonquimay, Chile to Angol, Chile",,2.54173437099888,282.03774912801561,-72.525,-37.906
"Directions from Troyo, Lonquimay, Chile to Angol, Chile",,2.54180717209778,282.70385905112141,-72.525,-37.906
"Directions from Troyo, Lonquimay, Chile to Angol, Chile",,2.54186799972309,282.70385905265772,-72.525,-37.906
"Directions from Troyo, Lonquimay, Chile to Angol, Chile",,2.54194080082198,282.03774912771996,-72.525,-37.906
"Directions from Troyo, Lonquimay, Chile to Angol, Chile",,2.54208222217822,282.03774912771996,-72.525,-37.906
"Directions from Troyo, Lonquimay, Chile to Angol, Chile",,2.54215502327710,282.70385905595856,-72.525,-37.906
"Directions from Troyo, Lonquimay, Chile to Angol, Chile",,2.54221585090241,282.70385905595856,-72.525,-37.906
"Directions from Troyo, Lonquimay, Chile to Angol, Chile",,2.54228865200130,282.03774912771996,-72.526,-37.906
"Directions from Troyo, Lonquimay, Chile to Angol, Chile",,2.54243007335754,282.03774912618366,-72.526,-37.906
"Directions from Troyo, Lonquimay, Chile to Angol, Chile",,2.54250287445644,282.70385905552263,-72.526,-37.906
"Directions from Troyo, Lonquimay, Chile to Angol, Chile",,2.54256370208173,282.70385905552263,-72.526,-37.906
"Directions from Troyo, Lonquimay, Chile to Angol, Chile",,2.54263650318063,282.45901125703250,-72.526,-37.906
"Directions from Troyo, Lonquimay, Chile to Angol, Chile",,2.54282885702125,287.76883889626231,-72.526,-37.906
"Directions from Troyo, Lonquimay, Chile to Angol, Chile",,2.54285121770102,287.65560671969899,-72.526,-37.906
"Directions from Troyo, Lonquimay, Chile to Angol, Chile",,2.54298274716540,282.34577908046919,-72.526,-37.906
"Directions from Troyo, Lonquimay, Chile to Angol, Chile",,2.54305554826430,282.34577908199878,-72.526,-37.906
"Directions from Troyo, Lonquimay, Chile to Angol, Chile",,2.54318707772868,282.34577908353504,-72.526,-37.906
"Directions from Troyo, Lonquimay, Chile to Angol, Chile",,2.54325987882756,282.03774912588796,-72.526,-37.906
"Directions from Troyo, Lonquimay, Chile to Angol, Chile",,2.54333058950569,283.28252558752121,-72.527,-37.906
"Directions from Troyo, Lonquimay, Chile to Angol, Chile",,2.54339383505888,283.28252558935321,-72.527,-37.906
"Directions from Troyo, Lonquimay, Chile to Angol, Chile",,2.54353525641512,282.03774912887212,-72.527,-37.906
"Directions from Troyo, Lonquimay, Chile to Angol, Chile",,2.54360805751402,282.34577908315765,-72.527,-37.906
"Directions from Troyo, Lonquimay, Chile to Angol, Chile",,2.54373958697840,282.34577908200538,-72.527,-37.906
"Directions from Troyo, Lonquimay, Chile to Angol, Chile",,2.54381238807729,282.03774912771996,-72.527,-37.906
"Directions from Troyo, Lonquimay, Chile to Angol, Chile",,2.54395380943353,282.03774912771996,-72.527,-37.906
"Directions from Troyo, Lonquimay, Chile to Angol, Chile",,2.54402661053241,282.70385905595856,-72.527,-37.906
"Directions from Troyo, Lonquimay, Chile to Angol, Chile",,2.54408743815772,282.70385905442237,-72.527,-37.906
"Directions from Troyo, Lonquimay, Chile to Angol, Chile",,2.54416023925662,282.03774912659077,-72.527,-37.906
"Directions from Troyo, Lonquimay, Chile to Angol, Chile",,2.54430166061285,283.28252558772476,-72.527,-37.906
"Directions from Troyo, Lonquimay, Chile to Angol, Chile",,2.54436490616606,283.28252558548564,-72.528,-37.906
"Directions from Troyo, Lonquimay, Chile to Angol, Chile",,2.54443561684418,282.03774912588796,-72.528,-37.906
"Directions from Troyo, Lonquimay, Chile to Angol, Chile",,2.54450841794307,282.03774912914486,-72.528,-37.906
"Directions from Troyo, Lonquimay, Chile to Angol, Chile",,2.54464983929931,283.28252559077811,-72.528,-37.905
"Directions from Troyo, Lonquimay, Chile to Angol, Chile",,2.54471308485250,283.28252558752121,-72.528,-37.905
"Directions from Troyo, Lonquimay, Chile to Angol, Chile",,2.54478379553063,282.03774912588796,-72.528,-37.905
"Directions from Troyo, Lonquimay, Chile to Angol, Chile",,2.54485659662951,282.03774912771996,-72.528,-37.905
"Directions from Troyo, Lonquimay, Chile to Angol, Chile",,2.54499801798575,283.28252559037099,-72.528,-37.905
"Directions from Troyo, Lonquimay, Chile to Angol, Chile",,2.54506126353896,283.28252559037099,-72.528,-37.905
"Directions from Troyo, Lonquimay, Chile to Angol, Chile",,2.54520268489520,282.03774912771996,-72.528,-37.905
"Directions from Troyo, Lonquimay, Chile to Angol, Chile",,2.54527548599409,282.70385905265772,-72.528,-37.905
"Directions from Troyo, Lonquimay, Chile to Angol, Chile",,2.54533631361940,282.70385905265772,-72.528,-37.905
"Directions from Troyo, Lonquimay, Chile to Angol, Chile",,2.54540911471828,282.03774912914486,-72.529,-37.905
"Directions from Troyo, Lonquimay, Chile to Angol, Chile",,2.54555053607452,282.03774912760849,-72.529,-37.905
"Directions from Troyo, Lonquimay, Chile to Angol, Chile",,2.54562333717342,282.70385905222173,-72.529,-37.905
"Directions from Troyo, Lonquimay, Chile to Angol, Chile",,2.54568416479872,282.70385905222173,-72.529,-37.905
"Directions from Troyo, Lonquimay, Chile to Angol, Chile",,2.54575696589762,282.03774912618366,-72.529,-37.905
"Directions from Troyo, Lonquimay, Chile to Angol, Chile",,2.54589838725386,282.03774913040843,-72.529,-37.905
"Directions from Troyo, Lonquimay, Chile to Angol, Chile",,2.54597118835274,282.70385905534619,-72.529,-37.905
"Directions from Troyo, Lonquimay, Chile to Angol, Chile",,2.54603201597805,282.70385905265772,-72.529,-37.905
"Directions from Troyo, Lonquimay, Chile to Angol, Chile",,2.54610481707694,282.03774912771996,-72.529,-37.905
"Directions from Troyo, Lonquimay, Chile to Angol, Chile",,2.54624623843318,283.28252558731765,-72.529,-37.905
"Directions from Troyo, Lonquimay, Chile to Angol, Chile",,2.54630948398638,284.38692968191913,-72.529,-37.905
"Directions from Troyo, Lonquimay, Chile to Angol, Chile",,2.54931833758867,282.50022914579660,-72.532,-37.905
"Directions from Troyo, Lonquimay, Chile to Angol, Chile",,2.55287412160911,283.30505049951825,-72.536,-37.904
"Directions from Troyo, Lonquimay, Chile to Angol, Chile",,2.55533749328224,282.99239835946008,-72.538,-37.903
"Directions from Troyo, Lonquimay, Chile to Angol, Chile",,2.55566734173229,285.56948621856873,-72.539,-37.903
"Directions from Troyo, Lonquimay, Chile to Angol, Chile",,2.55607538584755,288.82938709391198,-72.539,-37.903
"Directions from Troyo, Lonquimay, Chile to Angol, Chile",,2.55633170595991,288.95503492831597,-72.539,-37.903
"Directions from Troyo, Lonquimay, Chile to Angol, Chile",,2.55649933650605,288.79199009882205,-72.539,-37.903
"Directions from Troyo, Lonquimay, Chile to Angol, Chile",,2.56205185845559,293.60509313958670,-72.545,-37.901
"Directions from Troyo, Lonquimay, Chile to Angol, Chile",,2.56266902942055,301.36705898626423,-72.545,-37.901
"Directions from Troyo, Lonquimay, Chile to Angol, Chile",,2.56297708785657,308.11994939760666,-72.545,-37.900
"Directions from Troyo, Lonquimay, Chile to Angol, Chile",,2.56351616113545,312.32583298305894,-72.546,-37.900
"Directions from Troyo, Lonquimay, Chile to Angol, Chile",,2.56642974998770,315.94598270910279,-72.548,-37.898
"Directions from Troyo, Lonquimay, Chile to Angol, Chile",,2.56672707136265,316.23860023928898,-72.548,-37.898
"Directions from Troyo, Lonquimay, Chile to Angol, Chile",,2.56997979329973,313.73013972135260,-72.550,-37.896
"Directions from Troyo, Lonquimay, Chile to Angol, Chile",,2.57068746554025,309.78964380347503,-72.551,-37.895
"Directions from Troyo, Lonquimay, Chile to Angol, Chile",,2.57073746554025,309.92426635417547,-72.551,-37.895
"Directions from Troyo, Lonquimay, Chile to Angol, Chile",,2.57194029553655,314.38172983096820,-72.552,-37.894
"Directions from Troyo, Lonquimay, Chile to Angol, Chile",,2.57245653191652,317.15855959361005,-72.552,-37.894
"Directions from Troyo, Lonquimay, Chile to Angol, Chile",,2.57303037858593,319.97788251061746,-72.553,-37.893
"Directions from Troyo, Lonquimay, Chile to Angol, Chile",,2.57410485520271,327.42920962574044,-72.553,-37.893
"Directions from Troyo, Lonquimay, Chile to Angol, Chile",,2.57412721588249,327.55828194167282,-72.553,-37.893
"Directions from Troyo, Lonquimay, Chile to Angol, Chile",,2.57832055584009,325.35892927064089,-72.556,-37.889
"Directions from Troyo, Lonquimay, Chile to Angol, Chile",,2.57837886535903,325.49817698597212,-72.556,-37.889
"Directions from Troyo, Lonquimay, Chile to Angol, Chile",,2.58386400893054,318.48005524961405,-72.559,-37.885
"Directions from Troyo, Lonquimay, Chile to Angol, Chile",,2.58390643533741,318.42681758584229,-72.559,-37.885
"Directions from Troyo, Lonquimay, Chile to Angol, Chile",,2.58686917056013,340.92681758584223,-72.561,-37.883
"Directions from Troyo, Lonquimay, Chile to Angol, Chile",,2.58687917056014,340.78438206083831,-72.561,-37.883
"Directions from Troyo, Lonquimay, Chile to Angol, Chile",,2.58805360659501,323.43680529505843,-72.562,-37.882
"Directions from Troyo, Lonquimay, Chile to Angol, Chile",,2.58821172047802,320.15242323252386,-72.562,-37.882
"Directions from Troyo, Lonquimay, Chile to Angol, Chile",,2.58829657329176,319.73116110396694,-72.562,-37.881
"Directions from Troyo, Lonquimay, Chile to Angol, Chile",,2.58846861979710,322.18070733156736,-72.562,-37.881
"Directions from Troyo, Lonquimay, Chile to Angol, Chile",,2.58871701464407,322.18070732964185,-72.562,-37.881
"Directions from Troyo, Lonquimay, Chile to Angol, Chile",,2.58880303789674,319.73116110713033,-72.562,-37.881
"Directions from Troyo, Lonquimay, Chile to Angol, Chile",,2.58888789071048,317.44954622929674,-72.562,-37.881
"Directions from Troyo, Lonquimay, Chile to Angol, Chile",,2.58913628555745,322.18070732964185,-72.563,-37.881
"Directions from Troyo, Lonquimay, Chile to Angol, Chile",,2.58922230881012,319.73116110543401,-72.563,-37.881
"Directions from Troyo, Lonquimay, Chile to Angol, Chile",,2.58930716162386,319.73116110543401,-72.563,-37.881
"Directions from Troyo, Lonquimay, Chile to Angol, Chile",,2.58939318487653,319.73116110331370,-72.563,-37.881
"Directions from Troyo, Lonquimay, Chile to Angol, Chile",,2.58973259613150,317.19935267611578,-72.563,-37.880
"Directions from Troyo, Lonquimay, Chile to Angol, Chile",,2.58982479157608,317.19935267738799,-72.563,-37.880
"Directions from Troyo, Lonquimay, Chile to Angol, Chile",,2.58999449720356,310.26883889848574,-72.563,-37.880
"Directions from Troyo, Lonquimay, Chile to Angol, Chile",,2.59008052045623,309.12353387635090,-72.563,-37.880
"Directions from Troyo, Lonquimay, Chile to Angol, Chile",,2.59043435657648,309.12353387360014,-72.563,-37.880
"Directions from Troyo, Lonquimay, Chile to Angol, Chile",,2.59052037982916,309.12353387317739,-72.563,-37.880
"Directions from Troyo, Lonquimay, Chile to Angol, Chile",,2.59069729788928,309.36838167073228,-72.564,-37.880
"Directions from Troyo, Lonquimay, Chile to Angol, Chile",,2.59083331259438,310.51368669244181,-72.564,-37.880
"Directions from Troyo, Lonquimay, Chile to Angol, Chile",,2.59087573900124,310.26883889763764,-72.564,-37.880
"Directions from Troyo, Lonquimay, Chile to Angol, Chile",,2.59096176225391,308.06948621966092,-72.564,-37.880
"Directions from Troyo, Lonquimay, Chile to Angol, Chile",,2.59105395769849,308.06948621732272,-72.564,-37.879
"Directions from Troyo, Lonquimay, Chile to Angol, Chile",,2.59122600420383,308.06948621852013,-72.564,-37.879
"Directions from Troyo, Lonquimay, Chile to Angol, Chile",,2.59131819964840,308.31433401566250,-72.564,-37.879
"Directions from Troyo, Lonquimay, Chile to Angol, Chile",,2.59145421435349,301.29621228098074,-72.564,-37.879
"Directions from Troyo, Lonquimay, Chile to Angol, Chile",,2.59149893571304,303.58317291175968,-72.564,-37.879
"Directions from Troyo, Lonquimay, Chile to Angol, Chile",,2.59159113115761,307.14568108464476,-72.564,-37.879
"Directions from Troyo, Lonquimay, Chile to Angol, Chile",,2.59166324218312,309.34503376142413,-72.564,-37.879
"Directions from Troyo, Lonquimay, Chile to Angol, Chile",,2.59167738431875,310.26883889763764,-72.564,-37.879
"Directions from Troyo, Lonquimay, Chile to Angol, Chile",,2.59184943082408,308.06948621798460,-72.565,-37.879
"Directions from Troyo, Lonquimay, Chile to Angol, Chile",,2.59194162626866,307.44408580883658,-72.565,-37.879
"Directions from Troyo, Lonquimay, Chile to Angol, Chile",,2.59220789680777,307.44408581338666,-72.565,-37.879
"Directions from Troyo, Lonquimay, Chile to Angol, Chile",,2.59230009225234,307.14568108694738,-72.565,-37.879
"Directions from Troyo, Lonquimay, Chile to Angol, Chile",,2.59248036981612,331.84503376205043,-72.565,-37.879
"Directions from Troyo, Lonquimay, Chile to Angol, Chile",,2.59249036981612,329.87244064909743,-72.565,-37.879
"Directions from Troyo, Lonquimay, Chile to Angol, Chile",,2.59257099239360,305.17308796944440,-72.565,-37.879
"Directions from Troyo, Lonquimay, Chile to Angol, Chile",,2.59266318783818,307.14568108333685,-72.565,-37.879
"Directions from Troyo, Lonquimay, Chile to Angol, Chile",,2.59284346540196,306.17493789301381,-72.565,-37.878
"Directions from Troyo, Lonquimay, Chile to Angol, Chile",,2.59290749664432,302.61242971042066,-72.565,-37.878
"Directions from Troyo, Lonquimay, Chile to Angol, Chile",,2.59292985732410,303.58317290529379,-72.565,-37.878
"Directions from Troyo, Lonquimay, Chile to Angol, Chile",,2.59302205276867,308.06948621978381,-72.565,-37.878
"Directions from Troyo, Lonquimay, Chile to Angol, Chile",,2.59310807602135,287.76883889488687,-72.566,-37.878
"Directions from Troyo, Lonquimay, Chile to Angol, Chile",,2.59311807602135,287.60879648381427,-72.566,-37.878
"Directions from Troyo, Lonquimay, Chile to Angol, Chile",,2.59332616254181,310.10879648381427,-72.566,-37.878
"Directions from Troyo, Lonquimay, Chile to Angol, Chile",,2.59338273108431,309.64343848912125,-72.566,-37.878
"Directions from Troyo, Lonquimay, Chile to Angol, Chile",,2.59364900162342,307.44408581234194,-72.566,-37.878
"Directions from Troyo, Lonquimay, Chile to Angol, Chile",,2.59374119706799,307.59029112478441,-72.566,-37.878
"Directions from Troyo, Lonquimay, Chile to Angol, Chile",,2.59499219666831,307.59029112358701,-72.567,-37.877
"Directions from Troyo, Lonquimay, Chile to Angol, Chile",,2.59508439211289,305.78252558716196,-72.567,-37.877
"Directions from Troyo, Lonquimay, Chile to Angol, Chile",,2.59520101115079,304.81178239119083,-72.567,-37.877
"Directions from Troyo, Lonquimay, Chile to Angol, Chile",,2.59526504239316,305.33259573100872,-72.567,-37.877
"Directions from Troyo, Lonquimay, Chile to Angol, Chile",,2.59535938220448,303.84925111807115,-72.567,-37.877
"Directions from Troyo, Lonquimay, Chile to Angol, Chile",,2.59964428593735,304.69159327602989,-72.571,-37.874
"Directions from Troyo, Lonquimay, Chile to Angol, Chile",,2.60040145170520,302.32691202920864,-72.572,-37.874
"Directions from Troyo, Lonquimay, Chile to Angol, Chile",,2.60121778497048,298.47406356187616,-72.572,-37.874
"Directions from Troyo, Lonquimay, Chile to Angol, Chile",,2.60783688611791,295.24588791056755,-72.578,-37.871
"Directions from Troyo, Lonquimay, Chile to Angol, Chile",,2.60858421469357,292.43031718913079,-72.579,-37.870
"Directions from Troyo, Lonquimay, Chile to Angol, Chile",,2.60924550131827,288.08621154769730,-72.579,-37.870
"Directions from Troyo, Lonquimay, Chile to Angol, Chile",,2.60986911979138,283.75428156159569,-72.580,-37.870
"Directions from Troyo, Lonquimay, Chile to Angol, Chile",,2.61016526164928,280.24338994301189,-72.580,-37.870
"Directions from Troyo, Lonquimay, Chile to Angol, Chile",,2.61101526164928,274.39870535496738,-72.581,-37.870
"Directions from Troyo, Lonquimay, Chile to Angol, Chile",,2.61104526164928,274.00521097127205,-72.581,-37.870
"Directions from Troyo, Lonquimay, Chile to Angol, Chile",,2.62661720115597,275.73932560071205,-72.597,-37.868
"Directions from Troyo, Lonquimay, Chile to Angol, Chile",,2.62694780666106,271.73411462943994,-72.597,-37.868
"Directions from Troyo, Lonquimay, Chile to Angol, Chile",,2.62716780666106,267.95719160987483,-72.597,-37.868
"Directions from Troyo, Lonquimay, Chile to Angol, Chile",,2.62758887672649,262.80476837571973,-72.598,-37.868
"Directions from Troyo, Lonquimay, Chile to Angol, Chile",,2.62814789372087,257.31333268593039,-72.598,-37.868
"Directions from Troyo, Lonquimay, Chile to Angol, Chile",,2.62841715196122,252.87625190759195,-72.598,-37.868
"Directions from Troyo, Lonquimay, Chile to Angol, Chile",,2.62866066787446,247.61973135851835,-72.599,-37.868
"Directions from Troyo, Lonquimay, Chile to Angol, Chile",,2.63074499030633,245.96951817253264,-72.601,-37.869
"Directions from Troyo, Lonquimay, Chile to Angol, Chile",,2.63137268449939,252.03597527534987,-72.601,-37.869
"Directions from Troyo, Lonquimay, Chile to Angol, Chile",,2.63184565384301,260.42039590518010,-72.602,-37.869
"Directions from Troyo, Lonquimay, Chile to Angol, Chile",,2.63224764886786,266.08415523343854,-72.602,-37.869
"Directions from Troyo, Lonquimay, Chile to Angol, Chile",,2.63251783398958,271.13880447952545,-72.602,-37.869
"Directions from Troyo, Lonquimay, Chile to Angol, Chile",,2.63303937018199,278.24673121564604,-72.603,-37.869
"Directions from Troyo, Lonquimay, Chile to Angol, Chile",,2.63332572660326,284.17748089275500,-72.603,-37.869
"Directions from Troyo, Lonquimay, Chile to Angol, Chile",,2.63357572660325,288.53605217321581,-72.603,-37.869
"Directions from Troyo, Lonquimay, Chile to Angol, Chile",,2.63776935271916,292.65965243371011,-72.607,-37.868
"Directions from Troyo, Lonquimay, Chile to Angol, Chile",,2.64075866702180,292.83433252369474,-72.610,-37.866
"Directions from Troyo, Lonquimay, Chile to Angol, Chile",,2.64109108242458,289.09951380634055,-72.610,-37.866
"Directions from Troyo, Lonquimay, Chile to Angol, Chile",,2.64173954213805,285.89066531602782,-72.611,-37.866
"Directions from Troyo, Lonquimay, Chile to Angol, Chile",,2.64232894861919,283.56215988282526,-72.611,-37.866
"Directions from Troyo, Lonquimay, Chile to Angol, Chile",,2.64316847229365,280.25542963952688,-72.612,-37.866
"Directions from Troyo, Lonquimay, Chile to Angol, Chile",,2.64323918297178,281.30019822545273,-72.612,-37.866
"Directions from Troyo, Lonquimay, Chile to Angol, Chile",,2.64355933918365,281.96630815332276,-72.613,-37.866
"Directions from Troyo, Lonquimay, Chile to Angol, Chile",,2.64362016680894,282.70385905325577,-72.613,-37.866
"Directions from Troyo, Lonquimay, Chile to Angol, Chile",,2.64456658109455,285.15498917524292,-72.614,-37.865
"Directions from Troyo, Lonquimay, Chile to Angol, Chile",,2.64541304432471,288.08299596737373,-72.614,-37.865
"Directions from Troyo, Lonquimay, Chile to Angol, Chile",,2.64546689597278,288.29908586512460,-72.614,-37.865
"Directions from Troyo, Lonquimay, Chile to Angol, Chile",,2.64601507477573,281.46343229850726,-72.615,-37.865
"Directions from Troyo, Lonquimay, Chile to Angol, Chile",,2.64608578545384,282.03774912657417,-72.615,-37.865
"Directions from Troyo, Lonquimay, Chile to Angol, Chile",,2.64630418875053,282.70385905362997,-72.615,-37.865
"Directions from Troyo, Lonquimay, Chile to Angol, Chile",,2.64636501637582,281.79166134111966,-72.615,-37.865
"Directions from Troyo, Lonquimay, Chile to Angol, Chile",,2.65128364423327,284.95087689305393,-72.620,-37.864
"Directions from Troyo, Lonquimay, Chile to Angol, Chile",,2.65176166096937,288.05194506964142,-72.621,-37.864
"Directions from Troyo, Lonquimay, Chile to Angol, Chile",,2.65233750817133,295.64344668143008,-72.621,-37.863
"Directions from Troyo, Lonquimay, Chile to Angol, Chile",,2.65239581769028,296.38258300910945,-72.621,-37.863
"Directions from Troyo, Lonquimay, Chile to Angol, Chile",,2.65266507593064,294.63792055567666,-72.621,-37.863
"Directions from Troyo, Lonquimay, Chile to Angol, Chile",,2.65491931637922,302.17216463449626,-72.623,-37.862
"Directions from Troyo, Lonquimay, Chile to Angol, Chile",,2.65496931637921,302.28253399833352,-72.623,-37.862
"Directions from Troyo, Lonquimay, Chile to Angol, Chile",,2.65791702735555,294.74828991951392,-72.626,-37.861
"Directions from Troyo, Lonquimay, Chile to Angol, Chile",,2.65797087900362,295.77314539141486,-72.626,-37.861
"Directions from Troyo, Lonquimay, Chile to Angol, Chile",,2.65813212415859,297.47300247144778,-72.626,-37.861
"Directions from Troyo, Lonquimay, Chile to Angol, Chile",,2.65832000710087,297.86541477271220,-72.626,-37.861
"Directions from Troyo, Lonquimay, Chile to Angol, Chile",,2.65922554561468,302.90106367441575,-72.627,-37.860
"Directions from Troyo, Lonquimay, Chile to Angol, Chile",,2.66022993597704,308.45298039240777,-72.628,-37.860
"Directions from Troyo, Lonquimay, Chile to Angol, Chile",,2.66119326354334,312.75142419256667,-72.629,-37.859
"Directions from Troyo, Lonquimay, Chile to Angol, Chile",,2.66549331005472,313.39482491199146,-72.632,-37.856
"Directions from Troyo, Lonquimay, Chile to Angol, Chile",,2.67055953152639,313.68734159102127,-72.636,-37.853
"Directions from Troyo, Lonquimay, Chile to Angol, Chile",,2.67130202731762,311.96340112727734,-72.636,-37.852
"Directions from Troyo, Lonquimay, Chile to Angol, Chile",,2.67152225447307,311.20121459729262,-72.636,-37.852
"Directions from Troyo, Lonquimay, Chile to Angol, Chile",,2.67210953634749,311.10968810567238,-72.637,-37.851
"Directions from Troyo, Lonquimay, Chile to Angol, Chile",,2.67225166305152,311.10968810541863,-72.637,-37.851
"Directions from Troyo, Lonquimay, Chile to Angol, Chile",,2.67283894492592,311.10968810541863,-72.637,-37.851
"Directions from Troyo, Lonquimay, Chile to Angol, Chile",,2.67298107162995,311.46273966647374,-72.637,-37.851
"Directions from Troyo, Lonquimay, Chile to Angol, Chile",,2.67357520966105,311.46273966465981,-72.638,-37.850
"Directions from Troyo, Lonquimay, Chile to Angol, Chile",,2.67371733636509,311.67510795776218,-72.638,-37.850
"Directions from Troyo, Lonquimay, Chile to Angol, Chile",,2.67414872945729,311.67510795776218,-72.638,-37.850
"Directions from Troyo, Lonquimay, Chile to Angol, Chile",,2.67429085616133,311.67510795742305,-72.638,-37.850
"Directions from Troyo, Lonquimay, Chile to Angol, Chile",,2.67472224925353,311.67510795923693,-72.639,-37.850
"Directions from Troyo, Lonquimay, Chile to Angol, Chile",,2.67486437595756,311.67510795957605,-72.639,-37.850
"Directions from Troyo, Lonquimay, Chile to Angol, Chile",,2.67529576904976,311.67510795776218,-72.639,-37.849
"Directions from Troyo, Lonquimay, Chile to Angol, Chile",,2.67543789575380,311.31215040142143,-72.639,-37.849
"Directions from Troyo, Lonquimay, Chile to Angol, Chile",,2.67787137063552,311.31215040142143,-72.641,-37.848
"Directions from Troyo, Lonquimay, Chile to Angol, Chile",,2.67801349733956,311.31968373272946,-72.641,-37.847
"Directions from Troyo, Lonquimay, Chile to Angol, Chile",,2.67973247959660,311.31968373454333,-72.642,-37.846
"Directions from Troyo, Lonquimay, Chile to Angol, Chile",,2.67987460630063,311.44611291790778,-72.642,-37.846
"Directions from Troyo, Lonquimay, Chile to Angol, Chile",,2.68016460630064,310.23635830694349,-72.643,-37.846
"Directions from Troyo, Lonquimay, Chile to Angol, Chile",,2.68021460630063,313.13430149783346,-72.643,-37.846
"Directions from Troyo, Lonquimay, Chile to Angol, Chile",,2.68030680174521,315.29231526011523,-72.643,-37.846
"Directions from Troyo, Lonquimay, Chile to Angol, Chile",,2.68041310320334,307.43799634813109,-72.643,-37.846
"Directions from Troyo, Lonquimay, Chile to Angol, Chile",,2.68044915871609,308.40093976122211,-72.643,-37.846
"Directions from Troyo, Lonquimay, Chile to Angol, Chile",,2.68173679220431,311.20060942711035,-72.644,-37.845
"Directions from Troyo, Lonquimay, Chile to Angol, Chile",,2.68187891890835,311.12479874529930,-72.644,-37.845
"Directions from Troyo, Lonquimay, Chile to Angol, Chile",,2.68446149514149,313.98009531434639,-72.646,-37.843
"Directions from Troyo, Lonquimay, Chile to Angol, Chile",,2.68474433785397,312.14470343174895,-72.646,-37.843
"Directions from Troyo, Lonquimay, Chile to Angol, Chile",,2.68488646455800,311.67510795891974,-72.646,-37.843
"Directions from Troyo, Lonquimay, Chile to Angol, Chile",,2.68531785765021,311.67510795891974,-72.646,-37.842
"Directions from Troyo, Lonquimay, Chile to Angol, Chile",,2.68545998435424,311.26037025955327,-72.646,-37.842
"Directions from Troyo, Lonquimay, Chile to Angol, Chile",,2.69737333820611,309.38450572218227,-72.655,-37.834
"Directions from Troyo, Lonquimay, Chile to Angol, Chile",,2.69745936145879,309.43162378323774,-72.655,-37.834
"Directions from Troyo, Lonquimay, Chile to Angol, Chile",,2.70907501469053,312.25574747108567,-72.664,-37.826
"Directions from Troyo, Lonquimay, Chile to Angol, Chile",,2.70939391906491,315.29231526059169,-72.664,-37.826
"Directions from Troyo, Lonquimay, Chile to Angol, Chile",,2.70976270084320,326.41682708524684,-72.664,-37.826
"Directions from Troyo, Lonquimay, Chile to Angol, Chile",,2.70978506152297,328.45304672346458,-72.664,-37.826
"Directions from Troyo, Lonquimay, Chile to Angol, Chile",,2.71012106747531,327.13682929378047,-72.664,-37.825
"Directions from Troyo, Lonquimay, Chile to Angol, Chile",,2.71051055431718,332.11873138916678,-72.665,-37.825
"Directions from Troyo, Lonquimay, Chile to Angol, Chile",,2.71080124315426,336.16505511910526,-72.665,-37.825
"Directions from Troyo, Lonquimay, Chile to Angol, Chile",,2.71141222596908,337.73323430233853,-72.665,-37.824
"Directions from Troyo, Lonquimay, Chile to Angol, Chile",,2.71173918162357,334.17697566725440,-72.665,-37.824
"Directions from Troyo, Lonquimay, Chile to Angol, Chile",,2.71220447722853,327.97249559558611,-72.665,-37.824
"Directions from Troyo, Lonquimay, Chile to Angol, Chile",,2.71242651326164,320.72647854443198,-72.665,-37.823
"Directions from Troyo, Lonquimay, Chile to Angol, Chile",,2.71295726744203,312.53314717436746,-72.666,-37.823
"Directions from Troyo, Lonquimay, Chile to Angol, Chile",,2.71346333067919,305.34046361460435,-72.666,-37.823
"Directions from Troyo, Lonquimay, Chile to Angol, Chile",,2.71407078438112,299.73514705018187,-72.667,-37.822
"Directions from Troyo, Lonquimay, Chile to Angol, Chile",,2.71413786642045,299.27376948495947,-72.667,-37.822
"Directions from Troyo, Lonquimay, Chile to Angol, Chile",,2.71944315623346,303.15635249433313,-72.671,-37.819
"Directions from Troyo, Lonquimay, Chile to Angol, Chile",,2.72043613156044,303.40070474357640,-72.672,-37.819
"Directions from Troyo, Lonquimay, Chile to Angol, Chile",,2.72121843584906,318.72714940520217,-72.673,-37.818
"Directions from Troyo, Lonquimay, Chile to Angol, Chile",,2.72138396530263,359.47279774640788,-72.673,-37.818
"Directions from Troyo, Lonquimay, Chile to Angol, Chile",,2.72148245388065,18.99936622322738,-72.673,-37.818
"Directions from Troyo, Lonquimay, Chile to Angol, Chile",,2.72152368493691,7.01812173635802,-72.673,-37.818
"Directions from Troyo, Lonquimay, Chile to Angol, Chile",,2.72156368493690,354.34503376142408,-72.673,-37.818
"Directions from Troyo, Lonquimay, Chile to Angol, Chile",,2.72161467513204,341.06250817288509,-72.673,-37.818
"Directions from Troyo, Lonquimay, Chile to Angol, Chile",,2.72170411785114,328.28252559261011,-72.673,-37.818
"Directions from Troyo, Lonquimay, Chile to Angol, Chile",,2.72175411785114,315.00000000407113,-72.673,-37.818
"Directions from Troyo, Lonquimay, Chile to Angol, Chile",,2.72185411785114,298.42650208298051,-72.673,-37.818
"Directions from Troyo, Lonquimay, Chile to Angol, Chile",,2.72197116485025,285.64651949863440,-72.673,-37.818
"Directions from Troyo, Lonquimay, Chile to Angol, Chile",,2.72202215504539,275.65496623857592,-72.673,-37.818
"Directions from Troyo, Lonquimay, Chile to Angol, Chile",,2.72213215504538,265.26883889488693,-72.673,-37.818
"Directions from Troyo, Lonquimay, Chile to Angol, Chile",,2.72219298267069,248.42380513033115,-72.673,-37.818
"Directions from Troyo, Lonquimay, Chile to Angol, Chile",,2.72222903818344,253.15496623544433,-72.673,-37.818
"Directions from Troyo, Lonquimay, Chile to Angol, Chile",,2.72224903818345,259.09929525752602,-72.673,-37.818
"Directions from Troyo, Lonquimay, Chile to Angol, Chile",,2.72230288983152,239.76939113147387,-72.673,-37.818
"Directions from Troyo, Lonquimay, Chile to Angol, Chile",,2.72243095231627,263.95262146248689,-72.673,-37.818
"Directions from Troyo, Lonquimay, Chile to Angol, Chile",,2.72252039503536,283.28252558853899,-72.673,-37.818
"Directions from Troyo, Lonquimay, Chile to Angol, Chile",,2.72253039503537,285.32533397858845,-72.673,-37.818
"Directions from Troyo, Lonquimay, Chile to Angol, Chile",,2.72315808922843,294.54280838964235,-72.674,-37.818
"Directions from Troyo, Lonquimay, Chile to Angol, Chile",,2.72331620311143,294.69935267714345,-72.674,-37.818
"Directions from Troyo, Lonquimay, Chile to Angol, Chile",,2.72529872675568,301.47856654042761,-72.676,-37.817
"Directions from Troyo, Lonquimay, Chile to Angol, Chile",,2.73035703675013,305.32659240039004,-72.680,-37.814
"Directions from Troyo, Lonquimay, Chile to Angol, Chile",,2.73042106799250,305.40605169671710,-72.680,-37.814
"Directions from Troyo, Lonquimay, Chile to Angol, Chile",,2.73083446852467,312.64119874733586,-72.681,-37.814
"Directions from Troyo, Lonquimay, Chile to Angol, Chile",,2.73093446852468,313.12991891078838,-72.681,-37.814
"Directions from Troyo, Lonquimay, Chile to Angol, Chile",,2.73206888467407,301.99369441319720,-72.682,-37.813
"Directions from Troyo, Lonquimay, Chile to Angol, Chile",,2.73392107256950,301.71861170634656,-72.683,-37.812
"Directions from Troyo, Lonquimay, Chile to Angol, Chile",,2.73635388986639,301.77166329330356,-72.685,-37.811
"Directions from Troyo, Lonquimay, Chile to Angol, Chile",,2.73687867553693,302.20181286888754,-72.686,-37.810
"Directions from Troyo, Lonquimay, Chile to Angol, Chile",,2.73751381331725,297.62063934883429,-72.686,-37.810
"Directions from Troyo, Lonquimay, Chile to Angol, Chile",,2.73756766496533,287.91882647946784,-72.686,-37.810
"Directions from Troyo, Lonquimay, Chile to Angol, Chile",,2.73777382024660,292.20194022553636,-72.686,-37.810
"Directions from Troyo, Lonquimay, Chile to Angol, Chile",,2.73925736330294,302.79261497612021,-72.688,-37.809
"Directions from Troyo, Lonquimay, Chile to Angol, Chile",,2.74029779590528,302.81433711793136,-72.689,-37.809
"Directions from Troyo, Lonquimay, Chile to Angol, Chile",,2.74083118131939,302.05057439685305,-72.689,-37.808
"Directions from Troyo, Lonquimay, Chile to Angol, Chile",,2.74115568093418,301.71747441135659,-72.689,-37.808
"Directions from Troyo, Lonquimay, Chile to Angol, Chile",,2.74236501959643,310.54253652231461,-72.690,-37.808
"Directions from Troyo, Lonquimay, Chile to Angol, Chile",,2.74249308208118,327.38757028133773,-72.690,-37.808
"Directions from Troyo, Lonquimay, Chile to Angol, Chile",,2.74251544276096,315.69295892122915,-72.690,-37.807
"Directions from Troyo, Lonquimay, Chile to Angol, Chile",,2.74307014989089,300.01901413692656,-72.691,-37.807
"Directions from Troyo, Lonquimay, Chile to Angol, Chile",,2.74455732842759,300.99298054252847,-72.692,-37.806
"Directions from Troyo, Lonquimay, Chile to Angol, Chile",,2.74501873930739,301.15425944664730,-72.693,-37.806
"Directions from Troyo, Lonquimay, Chile to Angol, Chile",,2.74787338464437,301.62042348100920,-72.695,-37.805
"Directions from Troyo, Lonquimay, Chile to Angol, Chile",,2.75009772724388,285.41561495380301,-72.697,-37.804
"Directions from Troyo, Lonquimay, Chile to Angol, Chile",,2.75010772724388,285.71478280732777,-72.697,-37.804
"Directions from Troyo, Lonquimay, Chile to Angol, Chile",,2.75031867747498,305.21027982845504,-72.697,-37.803
"Directions from Troyo, Lonquimay, Chile to Angol, Chile",,2.75085904771843,303.31848470291209,-72.698,-37.803
"Directions from Troyo, Lonquimay, Chile to Angol, Chile",,2.75157024389390,299.48733411577109,-72.698,-37.803
"Directions from Troyo, Lonquimay, Chile to Angol, Chile",,2.75291653509568,263.16434642889737,-72.699,-37.802
"Directions from Troyo, Lonquimay, Chile to Angol, Chile",,2.75294481936692,224.99999998982219,-72.699,-37.802
