Name,altitudeMode,distance,angle,X,Y
"Directions from Vía Sin Nombre, Paredones, O'Higgins, Chile to La Cuchilla, Navidad, O'Higgins, Chile",,0.00000000000000,168.69006752284815,-72.037,-34.635
"Directions from Vía Sin Nombre, Paredones, O'Higgins, Chile to La Cuchilla, Navidad, O'Higgins, Chile",,0.00005099019514,163.44432902245967,-72.037,-34.635
"Directions from Vía Sin Nombre, Paredones, O'Higgins, Chile to La Cuchilla, Navidad, O'Higgins, Chile",,0.00010484184321,146.59929525764301,-72.037,-34.635
"Directions from Vía Sin Nombre, Paredones, O'Higgins, Chile to La Cuchilla, Navidad, O'Higgins, Chile",,0.00014726825009,157.49999999660741,-72.037,-34.635
"Directions from Vía Sin Nombre, Paredones, O'Higgins, Chile to La Cuchilla, Navidad, O'Higgins, Chile",,0.00015726825008,153.43494882455045,-72.037,-34.635
"Directions from Vía Sin Nombre, Paredones, O'Higgins, Chile to La Cuchilla, Navidad, O'Higgins, Chile",,0.00020726825008,121.71747441037536,-72.037,-34.635
"Directions from Vía Sin Nombre, Paredones, O'Higgins, Chile to La Cuchilla, Navidad, O'Higgins, Chile",,0.00027435028941,114.18323032920139,-72.036,-34.635
"Directions from Vía Sin Nombre, Paredones, O'Higgins, Chile to La Cuchilla, Navidad, O'Higgins, Chile",,0.00065131182591,113.05297937652075,-72.036,-34.636
"Directions from Vía Sin Nombre, Paredones, O'Higgins, Chile to La Cuchilla, Navidad, O'Higgins, Chile",,0.00099145885294,158.05297937725609,-72.036,-34.636
"Directions from Vía Sin Nombre, Paredones, O'Higgins, Chile to La Cuchilla, Navidad, O'Higgins, Chile",,0.00115301379716,193.01890214280809,-72.036,-34.636
"Directions from Vía Sin Nombre, Paredones, O'Higgins, Chile to La Cuchilla, Navidad, O'Higgins, Chile",,0.00142375352457,180.33003021317771,-72.036,-34.636
"Directions from Vía Sin Nombre, Paredones, O'Higgins, Chile to La Cuchilla, Navidad, O'Higgins, Chile",,0.00158406571999,136.77434098955865,-72.036,-34.636
"Directions from Vía Sin Nombre, Paredones, O'Higgins, Chile to La Cuchilla, Navidad, O'Higgins, Chile",,0.00166468829748,131.16412705278563,-72.036,-34.636
"Directions from Vía Sin Nombre, Paredones, O'Higgins, Chile to La Cuchilla, Navidad, O'Higgins, Chile",,0.00276104590337,163.38414446624742,-72.036,-34.637
"Directions from Vía Sin Nombre, Paredones, O'Higgins, Chile to La Cuchilla, Navidad, O'Higgins, Chile",,0.00304565089279,158.96783672207602,-72.035,-34.638
"Directions from Vía Sin Nombre, Paredones, O'Higgins, Chile to La Cuchilla, Navidad, O'Higgins, Chile",,0.00322029338476,152.18261952858040,-72.035,-34.638
"Directions from Vía Sin Nombre, Paredones, O'Higgins, Chile to La Cuchilla, Navidad, O'Higgins, Chile",,0.00331463319607,150.71478280921846,-72.035,-34.638
"Directions from Vía Sin Nombre, Paredones, O'Higgins, Chile to La Cuchilla, Navidad, O'Higgins, Chile",,0.00338171523540,151.04109358080308,-72.035,-34.638
"Directions from Vía Sin Nombre, Paredones, O'Higgins, Chile to La Cuchilla, Navidad, O'Higgins, Chile",,0.00514990640153,151.87123476164061,-72.034,-34.639
"Directions from Vía Sin Nombre, Paredones, O'Higgins, Chile to La Cuchilla, Navidad, O'Higgins, Chile",,0.00545861338235,160.08190700611274,-72.034,-34.640
"Directions from Vía Sin Nombre, Paredones, O'Higgins, Chile to La Cuchilla, Navidad, O'Higgins, Chile",,0.00561385512931,171.23301031127727,-72.034,-34.640
"Directions from Vía Sin Nombre, Paredones, O'Higgins, Chile to La Cuchilla, Navidad, O'Higgins, Chile",,0.00583408228476,180.74152728789133,-72.034,-34.640
"Directions from Vía Sin Nombre, Paredones, O'Higgins, Chile to La Cuchilla, Navidad, O'Higgins, Chile",,0.00597443897324,186.98487039151723,-72.034,-34.640
"Directions from Vía Sin Nombre, Paredones, O'Higgins, Chile to La Cuchilla, Navidad, O'Higgins, Chile",,0.00731432702826,187.79735857335896,-72.034,-34.642
"Directions from Vía Sin Nombre, Paredones, O'Higgins, Chile to La Cuchilla, Navidad, O'Higgins, Chile",,0.00741482578448,189.31829613200773,-72.034,-34.642
"Directions from Vía Sin Nombre, Paredones, O'Higgins, Chile to La Cuchilla, Navidad, O'Higgins, Chile",,0.00866654460274,236.52533539050293,-72.035,-34.643
"Directions from Vía Sin Nombre, Paredones, O'Higgins, Chile to La Cuchilla, Navidad, O'Higgins, Chile",,0.00895097385580,277.19034919080656,-72.035,-34.643
"Directions from Vía Sin Nombre, Paredones, O'Higgins, Chile to La Cuchilla, Navidad, O'Higgins, Chile",,0.01110691912412,230.29810923670331,-72.037,-34.643
"Directions from Vía Sin Nombre, Paredones, O'Higgins, Chile to La Cuchilla, Navidad, O'Higgins, Chile",,0.01119747297550,139.86576558392954,-72.037,-34.643
"Directions from Vía Sin Nombre, Paredones, O'Higgins, Chile to La Cuchilla, Navidad, O'Higgins, Chile",,0.01254984126854,89.31384886377624,-72.036,-34.643
"Directions from Vía Sin Nombre, Paredones, O'Higgins, Chile to La Cuchilla, Navidad, O'Higgins, Chile",,0.01267025721432,80.15247056523260,-72.036,-34.643
"Directions from Vía Sin Nombre, Paredones, O'Higgins, Chile to La Cuchilla, Navidad, O'Higgins, Chile",,0.01282549896129,84.65248881088412,-72.036,-34.643
"Directions from Vía Sin Nombre, Paredones, O'Higgins, Chile to La Cuchilla, Navidad, O'Higgins, Chile",,0.01336697841612,97.18053322749728,-72.035,-34.643
"Directions from Vía Sin Nombre, Paredones, O'Higgins, Chile to La Cuchilla, Navidad, O'Higgins, Chile",,0.01365140766917,56.52533539050288,-72.035,-34.643
"Directions from Vía Sin Nombre, Paredones, O'Higgins, Chile to La Cuchilla, Navidad, O'Higgins, Chile",,0.01490312648744,9.31829613200769,-72.034,-34.642
"Directions from Vía Sin Nombre, Paredones, O'Higgins, Chile to La Cuchilla, Navidad, O'Higgins, Chile",,0.01500362524365,7.79735857335897,-72.034,-34.642
"Directions from Vía Sin Nombre, Paredones, O'Higgins, Chile to La Cuchilla, Navidad, O'Higgins, Chile",,0.01634351329868,6.98487039151722,-72.034,-34.640
"Directions from Vía Sin Nombre, Paredones, O'Higgins, Chile to La Cuchilla, Navidad, O'Higgins, Chile",,0.01648386998715,0.74152728789130,-72.034,-34.640
"Directions from Vía Sin Nombre, Paredones, O'Higgins, Chile to La Cuchilla, Navidad, O'Higgins, Chile",,0.01670409714261,351.23301031127721,-72.034,-34.640
"Directions from Vía Sin Nombre, Paredones, O'Higgins, Chile to La Cuchilla, Navidad, O'Higgins, Chile",,0.01685933888957,340.08190700611271,-72.034,-34.640
"Directions from Vía Sin Nombre, Paredones, O'Higgins, Chile to La Cuchilla, Navidad, O'Higgins, Chile",,0.01716804587038,331.87123476164061,-72.034,-34.639
"Directions from Vía Sin Nombre, Paredones, O'Higgins, Chile to La Cuchilla, Navidad, O'Higgins, Chile",,0.01893623703651,331.04109358080308,-72.035,-34.638
"Directions from Vía Sin Nombre, Paredones, O'Higgins, Chile to La Cuchilla, Navidad, O'Higgins, Chile",,0.01900331907584,330.71478280921843,-72.035,-34.638
"Directions from Vía Sin Nombre, Paredones, O'Higgins, Chile to La Cuchilla, Navidad, O'Higgins, Chile",,0.01909765888716,332.18261952858040,-72.035,-34.638
"Directions from Vía Sin Nombre, Paredones, O'Higgins, Chile to La Cuchilla, Navidad, O'Higgins, Chile",,0.01927230137913,338.96783672207607,-72.035,-34.638
"Directions from Vía Sin Nombre, Paredones, O'Higgins, Chile to La Cuchilla, Navidad, O'Higgins, Chile",,0.01955690636855,343.38414446624745,-72.036,-34.637
"Directions from Vía Sin Nombre, Paredones, O'Higgins, Chile to La Cuchilla, Navidad, O'Higgins, Chile",,0.02065326397443,311.16412705278566,-72.036,-34.636
"Directions from Vía Sin Nombre, Paredones, O'Higgins, Chile to La Cuchilla, Navidad, O'Higgins, Chile",,0.02073388655193,316.77434098955865,-72.036,-34.636
"Directions from Vía Sin Nombre, Paredones, O'Higgins, Chile to La Cuchilla, Navidad, O'Higgins, Chile",,0.02089419874734,0.33003021317777,-72.036,-34.636
"Directions from Vía Sin Nombre, Paredones, O'Higgins, Chile to La Cuchilla, Navidad, O'Higgins, Chile",,0.02116493847476,12.63695291182693,-72.036,-34.636
"Directions from Vía Sin Nombre, Paredones, O'Higgins, Chile to La Cuchilla, Navidad, O'Higgins, Chile",,0.02130422235753,24.66913339762779,-72.036,-34.636
"Directions from Vía Sin Nombre, Paredones, O'Higgins, Chile to La Cuchilla, Navidad, O'Higgins, Chile",,0.02145187058813,33.08786970879363,-72.036,-34.636
"Directions from Vía Sin Nombre, Paredones, O'Higgins, Chile to La Cuchilla, Navidad, O'Higgins, Chile",,0.02167990567315,41.43749182575042,-72.036,-34.635
"Directions from Vía Sin Nombre, Paredones, O'Higgins, Chile to La Cuchilla, Navidad, O'Higgins, Chile",,0.02177890062252,49.06505117853196,-72.036,-34.635
"Directions from Vía Sin Nombre, Paredones, O'Higgins, Chile to La Cuchilla, Navidad, O'Higgins, Chile",,0.02187890062252,49.06505117707800,-72.035,-34.635
"Directions from Vía Sin Nombre, Paredones, O'Higgins, Chile to La Cuchilla, Navidad, O'Higgins, Chile",,0.02196375343626,52.01812173396326,-72.035,-34.635
"Directions from Vía Sin Nombre, Paredones, O'Higgins, Chile to La Cuchilla, Navidad, O'Higgins, Chile",,0.02219699151205,62.00967499513610,-72.035,-34.635
"Directions from Vía Sin Nombre, Paredones, O'Higgins, Chile to La Cuchilla, Navidad, O'Higgins, Chile",,0.02252805041920,66.59084851779642,-72.035,-34.635
"Directions from Vía Sin Nombre, Paredones, O'Higgins, Chile to La Cuchilla, Navidad, O'Higgins, Chile",,0.02290501195570,70.96919290207674,-72.035,-34.635
"Directions from Vía Sin Nombre, Paredones, O'Higgins, Chile to La Cuchilla, Navidad, O'Higgins, Chile",,0.02315501195569,76.71747441134160,-72.034,-34.635
"Directions from Vía Sin Nombre, Paredones, O'Higgins, Chile to La Cuchilla, Navidad, O'Higgins, Chile",,0.02349042215232,81.28506859131224,-72.034,-34.635
"Directions from Vía Sin Nombre, Paredones, O'Higgins, Chile to La Cuchilla, Navidad, O'Higgins, Chile",,0.02429664792715,81.60754528645344,-72.033,-34.635
"Directions from Vía Sin Nombre, Paredones, O'Higgins, Chile to La Cuchilla, Navidad, O'Higgins, Chile",,0.02477340782480,77.47227883404265,-72.033,-34.634
"Directions from Vía Sin Nombre, Paredones, O'Higgins, Chile to La Cuchilla, Navidad, O'Higgins, Chile",,0.02692045230500,81.15692035136864,-72.031,-34.634
"Directions from Vía Sin Nombre, Paredones, O'Higgins, Chile to La Cuchilla, Navidad, O'Higgins, Chile",,0.02717065222507,91.19764489820471,-72.030,-34.634
"Directions from Vía Sin Nombre, Paredones, O'Higgins, Chile to La Cuchilla, Navidad, O'Higgins, Chile",,0.02778269797499,93.87124014391529,-72.030,-34.634
"Directions from Vía Sin Nombre, Paredones, O'Higgins, Chile to La Cuchilla, Navidad, O'Higgins, Chile",,0.02984563277764,96.60542351398171,-72.028,-34.634
"Directions from Vía Sin Nombre, Paredones, O'Higgins, Chile to La Cuchilla, Navidad, O'Higgins, Chile",,0.03052629422065,101.17736765384745,-72.027,-34.634
"Directions from Vía Sin Nombre, Paredones, O'Higgins, Chile to La Cuchilla, Navidad, O'Higgins, Chile",,0.03090484408527,99.89755604807947,-72.027,-34.634
"Directions from Vía Sin Nombre, Paredones, O'Higgins, Chile to La Cuchilla, Navidad, O'Higgins, Chile",,0.03135882646379,94.20078641182796,-72.026,-34.634
"Directions from Vía Sin Nombre, Paredones, O'Higgins, Chile to La Cuchilla, Navidad, O'Higgins, Chile",,0.03206889688283,89.15868826629674,-72.026,-34.634
"Directions from Vía Sin Nombre, Paredones, O'Higgins, Chile to La Cuchilla, Navidad, O'Higgins, Chile",,0.03229911417149,86.03505752315937,-72.025,-34.634
"Directions from Vía Sin Nombre, Paredones, O'Higgins, Chile to La Cuchilla, Navidad, O'Higgins, Chile",,0.03251006440259,79.02765329397351,-72.025,-34.634
"Directions from Vía Sin Nombre, Paredones, O'Higgins, Chile to La Cuchilla, Navidad, O'Higgins, Chile",,0.03279166695939,69.76657482193158,-72.025,-34.634
"Directions from Vía Sin Nombre, Paredones, O'Higgins, Chile to La Cuchilla, Navidad, O'Higgins, Chile",,0.03308713269345,63.14631486429090,-72.025,-34.634
"Directions from Vía Sin Nombre, Paredones, O'Higgins, Chile to La Cuchilla, Navidad, O'Higgins, Chile",,0.03357086815835,59.32380822856058,-72.024,-34.634
"Directions from Vía Sin Nombre, Paredones, O'Higgins, Chile to La Cuchilla, Navidad, O'Higgins, Chile",,0.03433408503447,55.93182119308882,-72.023,-34.633
"Directions from Vía Sin Nombre, Paredones, O'Higgins, Chile to La Cuchilla, Navidad, O'Higgins, Chile",,0.03500609693913,55.36795918092568,-72.023,-34.633
"Directions from Vía Sin Nombre, Paredones, O'Higgins, Chile to La Cuchilla, Navidad, O'Higgins, Chile",,0.03533896327867,63.80547483539670,-72.023,-34.633
"Directions from Vía Sin Nombre, Paredones, O'Higgins, Chile to La Cuchilla, Navidad, O'Higgins, Chile",,0.03548762396614,72.54552861816418,-72.023,-34.633
"Directions from Vía Sin Nombre, Paredones, O'Higgins, Chile to La Cuchilla, Navidad, O'Higgins, Chile",,0.03560164150865,78.30738947016134,-72.022,-34.633
"Directions from Vía Sin Nombre, Paredones, O'Higgins, Chile to La Cuchilla, Navidad, O'Higgins, Chile",,0.03581377354301,85.93494882278632,-72.022,-34.633
"Directions from Vía Sin Nombre, Paredones, O'Higgins, Chile to La Cuchilla, Navidad, O'Higgins, Chile",,0.03606377354301,88.81524596792165,-72.022,-34.633
"Directions from Vía Sin Nombre, Paredones, O'Higgins, Chile to La Cuchilla, Navidad, O'Higgins, Chile",,0.03751501439139,90.32163972057562,-72.020,-34.633
"Directions from Vía Sin Nombre, Paredones, O'Higgins, Chile to La Cuchilla, Navidad, O'Higgins, Chile",,0.03770527736728,98.52451548502070,-72.020,-34.633
"Directions from Vía Sin Nombre, Paredones, O'Higgins, Chile to La Cuchilla, Navidad, O'Higgins, Chile",,0.03782897053606,102.17054496701029,-72.020,-34.633
"Directions from Vía Sin Nombre, Paredones, O'Higgins, Chile to La Cuchilla, Navidad, O'Higgins, Chile",,0.03838798753043,85.93494882318258,-72.020,-34.633
"Directions from Vía Sin Nombre, Paredones, O'Higgins, Chile to La Cuchilla, Navidad, O'Higgins, Chile",,0.03841961030704,77.36113888267305,-72.020,-34.633
"Directions from Vía Sin Nombre, Paredones, O'Higgins, Chile to La Cuchilla, Navidad, O'Higgins, Chile",,0.03867140387327,80.53123475523078,-72.019,-34.633
"Directions from Vía Sin Nombre, Paredones, O'Higgins, Chile to La Cuchilla, Navidad, O'Higgins, Chile",,0.03881458208391,67.10758769654107,-72.019,-34.633
"Directions from Vía Sin Nombre, Paredones, O'Higgins, Chile to La Cuchilla, Navidad, O'Higgins, Chile",,0.03885063759666,61.55567097897116,-72.019,-34.633
"Directions from Vía Sin Nombre, Paredones, O'Higgins, Chile to La Cuchilla, Navidad, O'Higgins, Chile",,0.03892679532772,62.59695362075188,-72.019,-34.633
"Directions from Vía Sin Nombre, Paredones, O'Higgins, Chile to La Cuchilla, Navidad, O'Higgins, Chile",,0.03907943870295,54.67849242786050,-72.019,-34.633
"Directions from Vía Sin Nombre, Paredones, O'Higgins, Chile to La Cuchilla, Navidad, O'Higgins, Chile",,0.03955577891750,53.63720978816758,-72.019,-34.632
"Directions from Vía Sin Nombre, Paredones, O'Higgins, Chile to La Cuchilla, Navidad, O'Higgins, Chile",,0.03966394545577,59.25423684735964,-72.019,-34.632
"Directions from Vía Sin Nombre, Paredones, O'Higgins, Chile to La Cuchilla, Navidad, O'Higgins, Chile",,0.04028571711803,60.38448780249982,-72.018,-34.632
"Directions from Vía Sin Nombre, Paredones, O'Higgins, Chile to La Cuchilla, Navidad, O'Higgins, Chile",,0.04049666734912,68.89306825933636,-72.018,-34.632
"Directions from Vía Sin Nombre, Paredones, O'Higgins, Chile to La Cuchilla, Navidad, O'Higgins, Chile",,0.04071044293240,72.74365552841385,-72.018,-34.632
"Directions from Vía Sin Nombre, Paredones, O'Higgins, Chile to La Cuchilla, Navidad, O'Higgins, Chile",,0.04170447512503,64.09956099466848,-72.017,-34.631
"Directions from Vía Sin Nombre, Paredones, O'Higgins, Chile to La Cuchilla, Navidad, O'Higgins, Chile",,0.04187447512503,53.46375653291874,-72.017,-34.631
"Directions from Vía Sin Nombre, Paredones, O'Higgins, Chile to La Cuchilla, Navidad, O'Higgins, Chile",,0.04201589648127,42.14470343135095,-72.016,-34.631
"Directions from Vía Sin Nombre, Paredones, O'Higgins, Chile to La Cuchilla, Navidad, O'Higgins, Chile",,0.04215802318531,28.86217784145493,-72.016,-34.631
"Directions from Vía Sin Nombre, Paredones, O'Higgins, Chile to La Cuchilla, Navidad, O'Higgins, Chile",,0.04225289151511,14.36989764611542,-72.016,-34.631
"Directions from Vía Sin Nombre, Paredones, O'Higgins, Chile to La Cuchilla, Navidad, O'Higgins, Chile",,0.04236469491399,0.42126213034819,-72.016,-34.631
"Directions from Vía Sin Nombre, Paredones, O'Higgins, Chile to La Cuchilla, Navidad, O'Higgins, Chile",,0.04248635016459,344.36813415186276,-72.016,-34.631
"Directions from Vía Sin Nombre, Paredones, O'Higgins, Chile to La Cuchilla, Navidad, O'Higgins, Chile",,0.04259405346073,349.09929525752602,-72.016,-34.631
"Directions from Vía Sin Nombre, Paredones, O'Higgins, Chile to La Cuchilla, Navidad, O'Higgins, Chile",,0.04260405346073,344.19624887757442,-72.016,-34.631
"Directions from Vía Sin Nombre, Paredones, O'Higgins, Chile to La Cuchilla, Navidad, O'Higgins, Chile",,0.04290934021118,326.58745239216182,-72.017,-34.630
"Directions from Vía Sin Nombre, Paredones, O'Higgins, Chile to La Cuchilla, Navidad, O'Higgins, Chile",,0.04311742673165,326.67642070808296,-72.017,-34.630
"Directions from Vía Sin Nombre, Paredones, O'Higgins, Chile to La Cuchilla, Navidad, O'Higgins, Chile",,0.04332837696274,299.28521719349561,-72.017,-34.630
"Directions from Vía Sin Nombre, Paredones, O'Higgins, Chile to La Cuchilla, Navidad, O'Higgins, Chile",,0.04333837696275,309.69017236276738,-72.017,-34.630
"Directions from Vía Sin Nombre, Paredones, O'Higgins, Chile to La Cuchilla, Navidad, O'Higgins, Chile",,0.04350116516871,358.75522353536712,-72.017,-34.630
"Directions from Vía Sin Nombre, Paredones, O'Higgins, Chile to La Cuchilla, Navidad, O'Higgins, Chile",,0.04357187584683,12.41467329239780,-72.017,-34.630
"Directions from Vía Sin Nombre, Paredones, O'Higgins, Chile to La Cuchilla, Navidad, O'Higgins, Chile",,0.04367627891191,27.28711394409448,-72.017,-34.630
"Directions from Vía Sin Nombre, Paredones, O'Higgins, Chile to La Cuchilla, Navidad, O'Higgins, Chile",,0.04379029645442,50.65496623575746,-72.017,-34.630
"Directions from Vía Sin Nombre, Paredones, O'Higgins, Chile to La Cuchilla, Navidad, O'Higgins, Chile",,0.04381265713420,31.71747441146101,-72.017,-34.630
"Directions from Vía Sin Nombre, Paredones, O'Higgins, Chile to La Cuchilla, Navidad, O'Higgins, Chile",,0.04382265713421,16.84503376298989,-72.017,-34.630
"Directions from Vía Sin Nombre, Paredones, O'Higgins, Chile to La Cuchilla, Navidad, O'Higgins, Chile",,0.04389476815971,47.31773171306726,-72.017,-34.630
"Directions from Vía Sin Nombre, Paredones, O'Higgins, Chile to La Cuchilla, Navidad, O'Higgins, Chile",,0.04399772446112,62.87213612757048,-72.017,-34.630
"Directions from Vía Sin Nombre, Paredones, O'Higgins, Chile to La Cuchilla, Navidad, O'Higgins, Chile",,0.04437349034568,61.91755991085768,-72.016,-34.629
"Directions from Vía Sin Nombre, Paredones, O'Higgins, Chile to La Cuchilla, Navidad, O'Higgins, Chile",,0.04449010938358,57.02211163435848,-72.016,-34.629
"Directions from Vía Sin Nombre, Paredones, O'Higgins, Chile to La Cuchilla, Navidad, O'Higgins, Chile",,0.04461217493974,51.36714539748650,-72.016,-34.629
"Directions from Vía Sin Nombre, Paredones, O'Higgins, Chile to La Cuchilla, Navidad, O'Higgins, Chile",,0.04476083562720,40.70818925948250,-72.016,-34.629
"Directions from Vía Sin Nombre, Paredones, O'Higgins, Chile to La Cuchilla, Navidad, O'Higgins, Chile",,0.04483294665271,29.06701115326787,-72.016,-34.629
"Directions from Vía Sin Nombre, Paredones, O'Higgins, Chile to La Cuchilla, Navidad, O'Higgins, Chile",,0.04507460757219,19.24009912448067,-72.016,-34.629
"Directions from Vía Sin Nombre, Paredones, O'Higgins, Chile to La Cuchilla, Navidad, O'Higgins, Chile",,0.04528076285347,11.90932525027090,-72.016,-34.629
"Directions from Vía Sin Nombre, Paredones, O'Higgins, Chile to La Cuchilla, Navidad, O'Higgins, Chile",,0.04586932041225,8.75211641601883,-72.016,-34.628
"Directions from Vía Sin Nombre, Paredones, O'Higgins, Chile to La Cuchilla, Navidad, O'Higgins, Chile",,0.04646471943811,3.86091289995064,-72.015,-34.628
"Directions from Vía Sin Nombre, Paredones, O'Higgins, Chile to La Cuchilla, Navidad, O'Higgins, Chile",,0.04652471943812,4.73116110327927,-72.015,-34.627
"Directions from Vía Sin Nombre, Paredones, O'Higgins, Chile to La Cuchilla, Navidad, O'Higgins, Chile",,0.04670720231403,8.03789134460963,-72.015,-34.627
"Directions from Vía Sin Nombre, Paredones, O'Higgins, Chile to La Cuchilla, Navidad, O'Higgins, Chile",,0.04809644671297,8.03789134545318,-72.015,-34.626
"Directions from Vía Sin Nombre, Paredones, O'Higgins, Chile to La Cuchilla, Navidad, O'Higgins, Chile",,0.04840058483949,16.71240559099223,-72.015,-34.626
"Directions from Vía Sin Nombre, Paredones, O'Higgins, Chile to La Cuchilla, Navidad, O'Higgins, Chile",,0.04849907341750,19.35302590434011,-72.015,-34.626
"Directions from Vía Sin Nombre, Paredones, O'Higgins, Chile to La Cuchilla, Navidad, O'Higgins, Chile",,0.04889201107159,12.76393035303368,-72.015,-34.625
"Directions from Vía Sin Nombre, Paredones, O'Higgins, Chile to La Cuchilla, Navidad, O'Higgins, Chile",,0.04910578665485,7.59150161054623,-72.015,-34.625
"Directions from Vía Sin Nombre, Paredones, O'Higgins, Chile to La Cuchilla, Navidad, O'Higgins, Chile",,0.04923617070296,6.34792516040344,-72.015,-34.625
"Directions from Vía Sin Nombre, Paredones, O'Higgins, Chile to La Cuchilla, Navidad, O'Higgins, Chile",,0.04972124801638,9.42907783063409,-72.015,-34.624
"Directions from Vía Sin Nombre, Paredones, O'Higgins, Chile to La Cuchilla, Navidad, O'Higgins, Chile",,0.05032141465991,12.90806469909151,-72.015,-34.624
"Directions from Vía Sin Nombre, Paredones, O'Higgins, Chile to La Cuchilla, Navidad, O'Higgins, Chile",,0.05043543220242,12.35872045775290,-72.015,-34.624
"Directions from Vía Sin Nombre, Paredones, O'Higgins, Chile to La Cuchilla, Navidad, O'Higgins, Chile",,0.05067874270363,11.74928283664112,-72.015,-34.623
"Directions from Vía Sin Nombre, Paredones, O'Higgins, Chile to La Cuchilla, Navidad, O'Higgins, Chile",,0.05080243587240,10.18821760671376,-72.015,-34.623
"Directions from Vía Sin Nombre, Paredones, O'Higgins, Chile to La Cuchilla, Navidad, O'Higgins, Chile",,0.05089298972378,10.79765522610312,-72.015,-34.623
"Directions from Vía Sin Nombre, Paredones, O'Higgins, Chile to La Cuchilla, Navidad, O'Higgins, Chile",,0.05112102480880,19.07283517968219,-72.015,-34.623
"Directions from Vía Sin Nombre, Paredones, O'Higgins, Chile to La Cuchilla, Navidad, O'Higgins, Chile",,0.05160949179847,23.83284611197604,-72.015,-34.623
"Directions from Vía Sin Nombre, Paredones, O'Higgins, Chile to La Cuchilla, Navidad, O'Higgins, Chile",,0.05246856106227,27.98005761393174,-72.014,-34.622
"Directions from Vía Sin Nombre, Paredones, O'Higgins, Chile to La Cuchilla, Navidad, O'Higgins, Chile",,0.05291274570856,27.51185742122513,-72.014,-34.621
"Directions from Vía Sin Nombre, Paredones, O'Higgins, Chile to La Cuchilla, Navidad, O'Higgins, Chile",,0.05385295845045,21.91092335239527,-72.014,-34.620
"Directions from Vía Sin Nombre, Paredones, O'Higgins, Chile to La Cuchilla, Navidad, O'Higgins, Chile",,0.05408705244866,17.40479324581421,-72.013,-34.620
"Directions from Vía Sin Nombre, Paredones, O'Higgins, Chile to La Cuchilla, Navidad, O'Higgins, Chile",,0.05443876255656,10.36631054159160,-72.013,-34.620
"Directions from Vía Sin Nombre, Paredones, O'Higgins, Chile to La Cuchilla, Navidad, O'Higgins, Chile",,0.05473031015130,1.84324277979222,-72.013,-34.620
"Directions from Vía Sin Nombre, Paredones, O'Higgins, Chile to La Cuchilla, Navidad, O'Higgins, Chile",,0.05602127877989,0.93298061396936,-72.013,-34.618
"Directions from Vía Sin Nombre, Paredones, O'Higgins, Chile to La Cuchilla, Navidad, O'Higgins, Chile",,0.05616163546837,2.04280839060739,-72.013,-34.618
"Directions from Vía Sin Nombre, Paredones, O'Higgins, Chile to La Cuchilla, Navidad, O'Higgins, Chile",,0.05640163546837,5.15242323422017,-72.013,-34.618
"Directions from Vía Sin Nombre, Paredones, O'Higgins, Chile to La Cuchilla, Navidad, O'Higgins, Chile",,0.05662524226611,16.68762935920340,-72.013,-34.618
"Directions from Vía Sin Nombre, Paredones, O'Higgins, Chile to La Cuchilla, Navidad, O'Higgins, Chile",,0.05721218348975,26.86054010301369,-72.013,-34.617
"Directions from Vía Sin Nombre, Paredones, O'Higgins, Chile to La Cuchilla, Navidad, O'Higgins, Chile",,0.05752603058628,28.87939541371023,-72.013,-34.617
"Directions from Vía Sin Nombre, Paredones, O'Higgins, Chile to La Cuchilla, Navidad, O'Higgins, Chile",,0.05846969366174,22.77153584714078,-72.013,-34.616
"Directions from Vía Sin Nombre, Paredones, O'Higgins, Chile to La Cuchilla, Navidad, O'Higgins, Chile",,0.05948162251300,16.23559614302947,-72.012,-34.615
"Directions from Vía Sin Nombre, Paredones, O'Higgins, Chile to La Cuchilla, Navidad, O'Higgins, Chile",,0.05956408462551,10.43950843894345,-72.012,-34.615
"Directions from Vía Sin Nombre, Paredones, O'Higgins, Chile to La Cuchilla, Navidad, O'Higgins, Chile",,0.05981587819175,3.42138670737499,-72.012,-34.615
"Directions from Vía Sin Nombre, Paredones, O'Higgins, Chile to La Cuchilla, Navidad, O'Higgins, Chile",,0.05984587819175,355.93494882265060,-72.012,-34.615
"Directions from Vía Sin Nombre, Paredones, O'Higgins, Chile to La Cuchilla, Navidad, O'Higgins, Chile",,0.06027014226047,349.79297110206670,-72.012,-34.614
"Directions from Vía Sin Nombre, Paredones, O'Higgins, Chile to La Cuchilla, Navidad, O'Higgins, Chile",,0.06153919702682,345.30665779525663,-72.012,-34.613
"Directions from Vía Sin Nombre, Paredones, O'Higgins, Chile to La Cuchilla, Navidad, O'Higgins, Chile",,0.06194724114208,336.79609758747779,-72.013,-34.613
"Directions from Vía Sin Nombre, Paredones, O'Higgins, Chile to La Cuchilla, Navidad, O'Higgins, Chile",,0.06372471125435,333.74816681358470,-72.013,-34.611
"Directions from Vía Sin Nombre, Paredones, O'Higgins, Chile to La Cuchilla, Navidad, O'Higgins, Chile",,0.06387702671646,346.01888389925176,-72.014,-34.611
"Directions from Vía Sin Nombre, Paredones, O'Higgins, Chile to La Cuchilla, Navidad, O'Higgins, Chile",,0.06399744266225,357.61817915730421,-72.014,-34.611
"Directions from Vía Sin Nombre, Paredones, O'Higgins, Chile to La Cuchilla, Navidad, O'Higgins, Chile",,0.06424744266226,357.95719160939257,-72.014,-34.611
"Directions from Vía Sin Nombre, Paredones, O'Higgins, Chile to La Cuchilla, Navidad, O'Higgins, Chile",,0.06438779935073,350.93906987303461,-72.014,-34.611
"Directions from Vía Sin Nombre, Paredones, O'Higgins, Chile to La Cuchilla, Navidad, O'Higgins, Chile",,0.06442903040699,348.91682708819241,-72.014,-34.610
"Directions from Vía Sin Nombre, Paredones, O'Higgins, Chile to La Cuchilla, Navidad, O'Higgins, Chile",,0.06457045176323,343.42650208408890,-72.014,-34.610
"Directions from Vía Sin Nombre, Paredones, O'Higgins, Chile to La Cuchilla, Navidad, O'Higgins, Chile",,0.06473598121680,336.82312361382105,-72.014,-34.610
"Directions from Vía Sin Nombre, Paredones, O'Higgins, Chile to La Cuchilla, Navidad, O'Higgins, Chile",,0.06542307655225,332.77589937377263,-72.014,-34.610
"Directions from Vía Sin Nombre, Paredones, O'Higgins, Chile to La Cuchilla, Navidad, O'Higgins, Chile",,0.06569766715661,329.03893214882396,-72.014,-34.609
"Directions from Vía Sin Nombre, Paredones, O'Higgins, Chile to La Cuchilla, Navidad, O'Higgins, Chile",,0.06592592140081,335.31658051884506,-72.014,-34.609
"Directions from Vía Sin Nombre, Paredones, O'Higgins, Chile to La Cuchilla, Navidad, O'Higgins, Chile",,0.06609680147572,343.10171743205109,-72.014,-34.609
"Directions from Vía Sin Nombre, Paredones, O'Higgins, Chile to La Cuchilla, Navidad, O'Higgins, Chile",,0.06627144396769,348.56566197821132,-72.014,-34.609
"Directions from Vía Sin Nombre, Paredones, O'Higgins, Chile to La Cuchilla, Navidad, O'Higgins, Chile",,0.06740744572825,332.68592193567150,-72.014,-34.608
"Directions from Vía Sin Nombre, Paredones, O'Higgins, Chile to La Cuchilla, Navidad, O'Higgins, Chile",,0.06742158786388,332.64667379537809,-72.014,-34.608
"Directions from Vía Sin Nombre, Paredones, O'Higgins, Chile to La Cuchilla, Navidad, O'Higgins, Chile",,0.06819262612492,344.24596905255311,-72.015,-34.607
"Directions from Vía Sin Nombre, Paredones, O'Higgins, Chile to La Cuchilla, Navidad, O'Higgins, Chile",,0.06840803271721,336.31931267120677,-72.015,-34.607
"Directions from Vía Sin Nombre, Paredones, O'Higgins, Chile to La Cuchilla, Navidad, O'Higgins, Chile",,0.06968278759561,336.31931267085582,-72.015,-34.606
"Directions from Vía Sin Nombre, Paredones, O'Higgins, Chile to La Cuchilla, Navidad, O'Higgins, Chile",,0.06979049089175,340.74967314001407,-72.015,-34.605
"Directions from Vía Sin Nombre, Paredones, O'Higgins, Chile to La Cuchilla, Navidad, O'Higgins, Chile",,0.07052131234737,341.47376330904376,-72.015,-34.605
"Directions from Vía Sin Nombre, Paredones, O'Higgins, Chile to La Cuchilla, Navidad, O'Higgins, Chile",,0.07118259897207,338.58366822767425,-72.016,-34.604
"Directions from Vía Sin Nombre, Paredones, O'Higgins, Chile to La Cuchilla, Navidad, O'Higgins, Chile",,0.07149644606859,340.99822730321000,-72.016,-34.604
"Directions from Vía Sin Nombre, Paredones, O'Higgins, Chile to La Cuchilla, Navidad, O'Higgins, Chile",,0.07168326148552,346.29361548076565,-72.016,-34.604
"Directions from Vía Sin Nombre, Paredones, O'Higgins, Chile to La Cuchilla, Navidad, O'Higgins, Chile",,0.07207159124230,349.47449745763004,-72.016,-34.603
"Directions from Vía Sin Nombre, Paredones, O'Higgins, Chile to La Cuchilla, Navidad, O'Higgins, Chile",,0.07238559761166,351.82669278192589,-72.016,-34.603
"Directions from Vía Sin Nombre, Paredones, O'Higgins, Chile to La Cuchilla, Navidad, O'Higgins, Chile",,0.07358501413647,351.18912862856280,-72.016,-34.602
"Directions from Vía Sin Nombre, Paredones, O'Higgins, Chile to La Cuchilla, Navidad, O'Higgins, Chile",,0.07397140771820,347.31555373525902,-72.016,-34.601
"Directions from Vía Sin Nombre, Paredones, O'Higgins, Chile to La Cuchilla, Navidad, O'Higgins, Chile",,0.07443713295909,346.16164667371663,-72.016,-34.601
"Directions from Vía Sin Nombre, Paredones, O'Higgins, Chile to La Cuchilla, Navidad, O'Higgins, Chile",,0.07529835302389,350.33638293623494,-72.017,-34.600
"Directions from Vía Sin Nombre, Paredones, O'Higgins, Chile to La Cuchilla, Navidad, O'Higgins, Chile",,0.07556007807045,355.75445145609456,-72.017,-34.600
"Directions from Vía Sin Nombre, Paredones, O'Higgins, Chile to La Cuchilla, Navidad, O'Higgins, Chile",,0.07586024469085,1.42724462936669,-72.017,-34.600
"Directions from Vía Sin Nombre, Paredones, O'Higgins, Chile to La Cuchilla, Navidad, O'Higgins, Chile",,0.07622149252821,7.11298194466990,-72.017,-34.599
"Directions from Vía Sin Nombre, Paredones, O'Higgins, Chile to La Cuchilla, Navidad, O'Higgins, Chile",,0.07628232015351,7.37620170128000,-72.017,-34.599
"Directions from Vía Sin Nombre, Paredones, O'Higgins, Chile to La Cuchilla, Navidad, O'Higgins, Chile",,0.07736693990255,4.32827093504513,-72.016,-34.598
"Directions from Vía Sin Nombre, Paredones, O'Higgins, Chile to La Cuchilla, Navidad, O'Higgins, Chile",,0.07770752762986,359.64042194166899,-72.016,-34.598
"Directions from Vía Sin Nombre, Paredones, O'Higgins, Chile to La Cuchilla, Navidad, O'Higgins, Chile",,0.07784788431834,351.45988321434919,-72.016,-34.598
"Directions from Vía Sin Nombre, Paredones, O'Higgins, Chile to La Cuchilla, Navidad, O'Higgins, Chile",,0.07798130095898,345.21965365560430,-72.016,-34.597
"Directions from Vía Sin Nombre, Paredones, O'Higgins, Chile to La Cuchilla, Navidad, O'Higgins, Chile",,0.07962972444826,351.71696205064768,-72.017,-34.596
"Directions from Vía Sin Nombre, Paredones, O'Higgins, Chile to La Cuchilla, Navidad, O'Higgins, Chile",,0.07976972444826,2.59721445453480,-72.017,-34.596
"Directions from Vía Sin Nombre, Paredones, O'Higgins, Chile to La Cuchilla, Navidad, O'Higgins, Chile",,0.07988017805844,11.81468886463877,-72.017,-34.596
"Directions from Vía Sin Nombre, Paredones, O'Higgins, Chile to La Cuchilla, Navidad, O'Higgins, Chile",,0.07997504638824,23.04046209291503,-72.017,-34.596
"Directions from Vía Sin Nombre, Paredones, O'Higgins, Chile to La Cuchilla, Navidad, O'Higgins, Chile",,0.08021211178006,29.30486594854847,-72.017,-34.595
"Directions from Vía Sin Nombre, Paredones, O'Higgins, Chile to La Cuchilla, Navidad, O'Higgins, Chile",,0.08102844504534,25.47343152965901,-72.016,-34.595
"Directions from Vía Sin Nombre, Paredones, O'Higgins, Chile to La Cuchilla, Navidad, O'Higgins, Chile",,0.08114549204445,14.47786657120472,-72.016,-34.595
"Directions from Vía Sin Nombre, Paredones, O'Higgins, Chile to La Cuchilla, Navidad, O'Higgins, Chile",,0.08191490740692,13.03767779158927,-72.016,-34.594
"Directions from Vía Sin Nombre, Paredones, O'Higgins, Chile to La Cuchilla, Navidad, O'Higgins, Chile",,0.08205092211200,19.25126955009267,-72.016,-34.594
"Directions from Vía Sin Nombre, Paredones, O'Higgins, Chile to La Cuchilla, Navidad, O'Higgins, Chile",,0.08284571768320,18.41098572619054,-72.016,-34.593
"Directions from Vía Sin Nombre, Paredones, O'Higgins, Chile to La Cuchilla, Navidad, O'Higgins, Chile",,0.08314654986233,12.19739396708197,-72.016,-34.593
"Directions from Vía Sin Nombre, Paredones, O'Higgins, Chile to La Cuchilla, Navidad, O'Higgins, Chile",,0.08333890370295,13.70378772221010,-72.016,-34.592
"Directions from Vía Sin Nombre, Paredones, O'Higgins, Chile to La Cuchilla, Navidad, O'Higgins, Chile",,0.08337052647955,13.48285721985918,-72.016,-34.592
"Directions from Vía Sin Nombre, Paredones, O'Higgins, Chile to La Cuchilla, Navidad, O'Higgins, Chile",,0.08357276396371,5.94861313609813,-72.016,-34.592
"Directions from Vía Sin Nombre, Paredones, O'Higgins, Chile to La Cuchilla, Navidad, O'Higgins, Chile",,0.08442423328201,6.16954363844904,-72.016,-34.591
"Directions from Vía Sin Nombre, Paredones, O'Higgins, Chile to La Cuchilla, Navidad, O'Higgins, Chile",,0.08461658712263,11.10657326513920,-72.016,-34.591
"Directions from Vía Sin Nombre, Paredones, O'Higgins, Chile to La Cuchilla, Navidad, O'Higgins, Chile",,0.08496587210656,15.83773436856519,-72.016,-34.591
"Directions from Vía Sin Nombre, Paredones, O'Higgins, Chile to La Cuchilla, Navidad, O'Higgins, Chile",,0.08515560876617,14.10867792617214,-72.016,-34.591
"Directions from Vía Sin Nombre, Paredones, O'Higgins, Chile to La Cuchilla, Navidad, O'Higgins, Chile",,0.08574416632495,15.79190825924408,-72.015,-34.590
"Directions from Vía Sin Nombre, Paredones, O'Higgins, Chile to La Cuchilla, Navidad, O'Higgins, Chile",,0.08585186962109,28.15496623771202,-72.015,-34.590
"Directions from Vía Sin Nombre, Paredones, O'Higgins, Chile to La Cuchilla, Navidad, O'Higgins, Chile",,0.08604603449948,37.84722407540942,-72.015,-34.590
"Directions from Vía Sin Nombre, Paredones, O'Higgins, Chile to La Cuchilla, Navidad, O'Higgins, Chile",,0.08615233595761,37.84722407600337,-72.015,-34.590
"Directions from Vía Sin Nombre, Paredones, O'Higgins, Chile to La Cuchilla, Navidad, O'Higgins, Chile",,0.08634650083600,29.23550598199943,-72.015,-34.590
"Directions from Vía Sin Nombre, Paredones, O'Higgins, Chile to La Cuchilla, Navidad, O'Higgins, Chile",,0.08644498941402,28.82627824359604,-72.015,-34.589
"Directions from Vía Sin Nombre, Paredones, O'Higgins, Chile to La Cuchilla, Navidad, O'Higgins, Chile",,0.08648104492677,26.06250816859476,-72.015,-34.589
"Directions from Vía Sin Nombre, Paredones, O'Higgins, Chile to La Cuchilla, Navidad, O'Higgins, Chile",,0.08663915880977,16.94808328201204,-72.015,-34.589
"Directions from Vía Sin Nombre, Paredones, O'Higgins, Chile to La Cuchilla, Navidad, O'Higgins, Chile",,0.08761445363699,17.49893633908582,-72.015,-34.588
"Directions from Vía Sin Nombre, Paredones, O'Higgins, Chile to La Cuchilla, Navidad, O'Higgins, Chile",,0.08827232900513,23.05085306155202,-72.014,-34.588
"Directions from Vía Sin Nombre, Paredones, O'Higgins, Chile to La Cuchilla, Navidad, O'Higgins, Chile",,0.08831705036468,22.50000000407111,-72.014,-34.588
"Directions from Vía Sin Nombre, Paredones, O'Higgins, Chile to La Cuchilla, Navidad, O'Higgins, Chile",,0.08860165535410,14.36989764747246,-72.014,-34.587
"Directions from Vía Sin Nombre, Paredones, O'Higgins, Chile to La Cuchilla, Navidad, O'Higgins, Chile",,0.08871345875298,7.19523162372569,-72.014,-34.587
"Directions from Vía Sin Nombre, Paredones, O'Higgins, Chile to La Cuchilla, Navidad, O'Higgins, Chile",,0.08885381544145,0.13577097264063,-72.014,-34.587
"Directions from Vía Sin Nombre, Paredones, O'Higgins, Chile to La Cuchilla, Navidad, O'Higgins, Chile",,0.08900414840523,351.26775301712814,-72.014,-34.587
"Directions from Vía Sin Nombre, Paredones, O'Higgins, Chile to La Cuchilla, Navidad, O'Higgins, Chile",,0.08972449554378,353.17479043220180,-72.015,-34.586
"Directions from Vía Sin Nombre, Paredones, O'Higgins, Chile to La Cuchilla, Navidad, O'Higgins, Chile",,0.08974449554378,352.98187826610717,-72.015,-34.586
"Directions from Vía Sin Nombre, Paredones, O'Higgins, Chile to La Cuchilla, Navidad, O'Higgins, Chile",,0.09044542350013,346.79149980172673,-72.015,-34.586
"Directions from Vía Sin Nombre, Paredones, O'Higgins, Chile to La Cuchilla, Navidad, O'Higgins, Chile",,0.09128494717460,350.95432496586199,-72.015,-34.585
"Directions from Vía Sin Nombre, Paredones, O'Higgins, Chile to La Cuchilla, Navidad, O'Higgins, Chile",,0.09138544593081,357.14470343024254,-72.015,-34.585
"Directions from Vía Sin Nombre, Paredones, O'Higgins, Chile to La Cuchilla, Navidad, O'Higgins, Chile",,0.09149544593081,3.56250817554697,-72.015,-34.585
"Directions from Vía Sin Nombre, Paredones, O'Higgins, Chile to La Cuchilla, Navidad, O'Higgins, Chile",,0.09165669108578,12.77998258904353,-72.015,-34.584
"Directions from Vía Sin Nombre, Paredones, O'Higgins, Chile to La Cuchilla, Navidad, O'Higgins, Chile",,0.09168831386238,15.13851247108688,-72.015,-34.584
"Directions from Vía Sin Nombre, Paredones, O'Higgins, Chile to La Cuchilla, Navidad, O'Higgins, Chile",,0.09295527873956,8.70713695950028,-72.015,-34.583
"Directions from Vía Sin Nombre, Paredones, O'Higgins, Chile to La Cuchilla, Navidad, O'Higgins, Chile",,0.09336722533804,7.15918003459948,-72.015,-34.583
"Directions from Vía Sin Nombre, Paredones, O'Higgins, Chile to La Cuchilla, Navidad, O'Higgins, Chile",,0.09349875480242,4.37308113268954,-72.015,-34.583
"Directions from Vía Sin Nombre, Paredones, O'Higgins, Chile to La Cuchilla, Navidad, O'Higgins, Chile",,0.09357875480242,2.82412368686885,-72.015,-34.583
"Directions from Vía Sin Nombre, Paredones, O'Higgins, Chile to La Cuchilla, Navidad, O'Higgins, Chile",,0.09540763424077,3.47510002244369,-72.014,-34.581
"Directions from Vía Sin Nombre, Paredones, O'Higgins, Chile to La Cuchilla, Navidad, O'Higgins, Chile",,0.09584774786246,354.15366794053142,-72.014,-34.580
"Directions from Vía Sin Nombre, Paredones, O'Higgins, Chile to La Cuchilla, Navidad, O'Higgins, Chile",,0.09611458114374,341.05030720116531,-72.014,-34.580
"Directions from Vía Sin Nombre, Paredones, O'Higgins, Chile to La Cuchilla, Navidad, O'Higgins, Chile",,0.09642328812455,327.53248595967193,-72.015,-34.580
"Directions from Vía Sin Nombre, Paredones, O'Higgins, Chile to La Cuchilla, Navidad, O'Higgins, Chile",,0.09674978467890,308.26739595200223,-72.015,-34.579
"Directions from Vía Sin Nombre, Paredones, O'Higgins, Chile to La Cuchilla, Navidad, O'Higgins, Chile",,0.09677214535867,303.41380391456602,-72.015,-34.579
"Directions from Vía Sin Nombre, Paredones, O'Higgins, Chile to La Cuchilla, Navidad, O'Higgins, Chile",,0.09805639611300,308.05010480300103,-72.016,-34.579
"Directions from Vía Sin Nombre, Paredones, O'Higgins, Chile to La Cuchilla, Navidad, O'Higgins, Chile",,0.09827843214611,310.41882647646514,-72.016,-34.578
"Directions from Vía Sin Nombre, Paredones, O'Higgins, Chile to La Cuchilla, Navidad, O'Higgins, Chile",,0.09856127485859,317.19935267603097,-72.016,-34.578
"Directions from Vía Sin Nombre, Paredones, O'Higgins, Chile to La Cuchilla, Navidad, O'Higgins, Chile",,0.09865347030316,322.09055619328973,-72.016,-34.578
"Directions from Vía Sin Nombre, Paredones, O'Higgins, Chile to La Cuchilla, Navidad, O'Higgins, Chile",,0.09886155682363,329.10867792821085,-72.016,-34.578
"Directions from Vía Sin Nombre, Paredones, O'Higgins, Chile to La Cuchilla, Navidad, O'Higgins, Chile",,0.09895099954273,336.43945180097222,-72.016,-34.578
"Directions from Vía Sin Nombre, Paredones, O'Higgins, Chile to La Cuchilla, Navidad, O'Higgins, Chile",,0.09912187961764,327.22197739968891,-72.016,-34.578
"Directions from Vía Sin Nombre, Paredones, O'Higgins, Chile to La Cuchilla, Navidad, O'Higgins, Chile",,0.09913602175325,337.50000001017776,-72.016,-34.578
"Directions from Vía Sin Nombre, Paredones, O'Higgins, Chile to La Cuchilla, Navidad, O'Higgins, Chile",,0.09925602175325,5.88414446462167,-72.016,-34.578
"Directions from Vía Sin Nombre, Paredones, O'Higgins, Chile to La Cuchilla, Navidad, O'Higgins, Chile",,0.09950117476669,5.88414446462167,-72.016,-34.577
"Directions from Vía Sin Nombre, Paredones, O'Higgins, Chile to La Cuchilla, Navidad, O'Higgins, Chile",,0.09954117476670,11.30993247474290,-72.016,-34.577
"Directions from Vía Sin Nombre, Paredones, O'Higgins, Chile to La Cuchilla, Navidad, O'Higgins, Chile",,0.09967117476669,33.80993247474290,-72.016,-34.577
"Directions from Vía Sin Nombre, Paredones, O'Higgins, Chile to La Cuchilla, Navidad, O'Higgins, Chile",,0.09968531690232,33.56774593934120,-72.016,-34.577
"Directions from Vía Sin Nombre, Paredones, O'Higgins, Chile to La Cuchilla, Navidad, O'Higgins, Chile",,0.10032226273989,23.95240975166758,-72.016,-34.577
"Directions from Vía Sin Nombre, Paredones, O'Higgins, Chile to La Cuchilla, Navidad, O'Higgins, Chile",,0.10064428758365,27.50907697945938,-72.016,-34.576
"Directions from Vía Sin Nombre, Paredones, O'Higgins, Chile to La Cuchilla, Navidad, O'Higgins, Chile",,0.10093081855929,31.92998425966896,-72.016,-34.576
"Directions from Vía Sin Nombre, Paredones, O'Higgins, Chile to La Cuchilla, Navidad, O'Higgins, Chile",,0.10179348883235,31.45594897460542,-72.015,-34.575
"Directions from Vía Sin Nombre, Paredones, O'Higgins, Chile to La Cuchilla, Navidad, O'Higgins, Chile",,0.10194113706294,24.66913339520007,-72.015,-34.575
"Directions from Vía Sin Nombre, Paredones, O'Higgins, Chile to La Cuchilla, Navidad, O'Higgins, Chile",,0.10208042094572,12.96830173963685,-72.015,-34.575
"Directions from Vía Sin Nombre, Paredones, O'Higgins, Chile to La Cuchilla, Navidad, O'Higgins, Chile",,0.10278298766853,3.71260468272461,-72.015,-34.574
"Directions from Vía Sin Nombre, Paredones, O'Higgins, Chile to La Cuchilla, Navidad, O'Higgins, Chile",,0.10346364911153,358.61801785344966,-72.015,-34.574
"Directions from Vía Sin Nombre, Paredones, O'Higgins, Chile to La Cuchilla, Navidad, O'Higgins, Chile",,0.10400595898605,355.92375678371855,-72.015,-34.573
"Directions from Vía Sin Nombre, Paredones, O'Higgins, Chile to La Cuchilla, Navidad, O'Higgins, Chile",,0.10440645867394,359.31273115113441,-72.015,-34.573
"Directions from Vía Sin Nombre, Paredones, O'Higgins, Chile to La Cuchilla, Navidad, O'Higgins, Chile",,0.10517671837041,4.80898494294651,-72.015,-34.572
"Directions from Vía Sin Nombre, Paredones, O'Higgins, Chile to La Cuchilla, Navidad, O'Higgins, Chile",,0.10524742904853,5.94706861068200,-72.015,-34.572
"Directions from Vía Sin Nombre, Paredones, O'Higgins, Chile to La Cuchilla, Navidad, O'Higgins, Chile",,0.10829400089242,3.06793852741034,-72.015,-34.569
"Directions from Vía Sin Nombre, Paredones, O'Higgins, Chile to La Cuchilla, Navidad, O'Higgins, Chile",,0.10998544997531,355.53095485566882,-72.015,-34.567
"Directions from Vía Sin Nombre, Paredones, O'Higgins, Chile to La Cuchilla, Navidad, O'Higgins, Chile",,0.11003644017044,354.34503376064117,-72.015,-34.567
"Directions from Vía Sin Nombre, Paredones, O'Higgins, Chile to La Cuchilla, Navidad, O'Higgins, Chile",,0.11005644017044,350.00844673934716,-72.015,-34.567
"Directions from Vía Sin Nombre, Paredones, O'Higgins, Chile to La Cuchilla, Navidad, O'Higgins, Chile",,0.11017348716955,331.57349791398252,-72.015,-34.567
"Directions from Vía Sin Nombre, Paredones, O'Higgins, Chile to La Cuchilla, Navidad, O'Higgins, Chile",,0.11022348716956,326.08317290919723,-72.015,-34.567
"Directions from Vía Sin Nombre, Paredones, O'Higgins, Chile to La Cuchilla, Navidad, O'Higgins, Chile",,0.11028179668850,326.80959409626149,-72.015,-34.567
"Directions from Vía Sin Nombre, Paredones, O'Higgins, Chile to La Cuchilla, Navidad, O'Higgins, Chile",,0.11083397419619,329.69091053965400,-72.015,-34.567
"Directions from Vía Sin Nombre, Paredones, O'Higgins, Chile to La Cuchilla, Navidad, O'Higgins, Chile",,0.11102185713848,336.88068266482384,-72.015,-34.566
"Directions from Vía Sin Nombre, Paredones, O'Higgins, Chile to La Cuchilla, Navidad, O'Higgins, Chile",,0.11116114102125,342.73337784751851,-72.015,-34.566
"Directions from Vía Sin Nombre, Paredones, O'Higgins, Chile to La Cuchilla, Navidad, O'Higgins, Chile",,0.11141824022389,349.68962518588506,-72.015,-34.566
"Directions from Vía Sin Nombre, Paredones, O'Higgins, Chile to La Cuchilla, Navidad, O'Higgins, Chile",,0.11190197568878,350.49316280574590,-72.016,-34.566
"Directions from Vía Sin Nombre, Paredones, O'Higgins, Chile to La Cuchilla, Navidad, O'Higgins, Chile",,0.11209614056718,341.83369358988347,-72.016,-34.565
"Directions from Vía Sin Nombre, Paredones, O'Higgins, Chile to La Cuchilla, Navidad, O'Higgins, Chile",,0.11221697102691,331.68015564171691,-72.016,-34.565
"Directions from Vía Sin Nombre, Paredones, O'Higgins, Chile to La Cuchilla, Navidad, O'Higgins, Chile",,0.11285509327226,332.59220056049128,-72.016,-34.565
"Directions from Vía Sin Nombre, Paredones, O'Higgins, Chile to La Cuchilla, Navidad, O'Higgins, Chile",,0.11298509327225,326.19006752814784,-72.016,-34.565
"Directions from Vía Sin Nombre, Paredones, O'Higgins, Chile to La Cuchilla, Navidad, O'Higgins, Chile",,0.11299923540788,329.30522983259368,-72.016,-34.565
"Directions from Vía Sin Nombre, Paredones, O'Higgins, Chile to La Cuchilla, Navidad, O'Higgins, Chile",,0.11317643585934,329.30522983259368,-72.016,-34.564
"Directions from Vía Sin Nombre, Paredones, O'Higgins, Chile to La Cuchilla, Navidad, O'Higgins, Chile",,0.11319057799497,328.28252558845048,-72.016,-34.564
"Directions from Vía Sin Nombre, Paredones, O'Higgins, Chile to La Cuchilla, Navidad, O'Higgins, Chile",,0.11391790185681,339.59245806361497,-72.016,-34.564
"Directions from Vía Sin Nombre, Paredones, O'Higgins, Chile to La Cuchilla, Navidad, O'Higgins, Chile",,0.11410174961992,339.26318647481401,-72.016,-34.564
"Directions from Vía Sin Nombre, Paredones, O'Higgins, Chile to La Cuchilla, Navidad, O'Higgins, Chile",,0.11465202227960,342.69119850103920,-72.017,-34.563
"Directions from Vía Sin Nombre, Paredones, O'Higgins, Chile to La Cuchilla, Navidad, O'Higgins, Chile",,0.11483883769653,342.16979278713256,-72.017,-34.563
"Directions from Vía Sin Nombre, Paredones, O'Higgins, Chile to La Cuchilla, Navidad, O'Higgins, Chile",,0.11579743041505,338.74178075987618,-72.017,-34.562
"Directions from Vía Sin Nombre, Paredones, O'Higgins, Chile to La Cuchilla, Navidad, O'Higgins, Chile",,0.11726821251991,348.80993247413318,-72.018,-34.561
"Directions from Vía Sin Nombre, Paredones, O'Higgins, Chile to La Cuchilla, Navidad, O'Higgins, Chile",,0.11728821251991,350.17308797078914,-72.018,-34.561
"Directions from Vía Sin Nombre, Paredones, O'Higgins, Chile to La Cuchilla, Navidad, O'Higgins, Chile",,0.11773419458234,343.15496623922070,-72.018,-34.560
"Directions from Vía Sin Nombre, Paredones, O'Higgins, Chile to La Cuchilla, Navidad, O'Higgins, Chile",,0.11781665669485,343.76440385666518,-72.018,-34.560
"Directions from Vía Sin Nombre, Paredones, O'Higgins, Chile to La Cuchilla, Navidad, O'Higgins, Chile",,0.11844911222688,344.63836400663411,-72.018,-34.559
"Directions from Vía Sin Nombre, Paredones, O'Higgins, Chile to La Cuchilla, Navidad, O'Higgins, Chile",,0.11948279496351,348.85184851756873,-72.018,-34.558
"Directions from Vía Sin Nombre, Paredones, O'Higgins, Chile to La Cuchilla, Navidad, O'Higgins, Chile",,0.12086380908364,352.23224002382284,-72.018,-34.557
"Directions from Vía Sin Nombre, Paredones, O'Higgins, Chile to La Cuchilla, Navidad, O'Higgins, Chile",,0.12117525731369,352.50506882137523,-72.018,-34.557
"Directions from Vía Sin Nombre, Paredones, O'Higgins, Chile to La Cuchilla, Navidad, O'Higgins, Chile",,0.12135774018960,355.26883889672069,-72.018,-34.557
"Directions from Vía Sin Nombre, Paredones, O'Higgins, Chile to La Cuchilla, Navidad, O'Higgins, Chile",,0.12140774018959,355.73461719368220,-72.018,-34.557
"Directions from Vía Sin Nombre, Paredones, O'Higgins, Chile to La Cuchilla, Navidad, O'Higgins, Chile",,0.12160997767376,348.10705784324932,-72.018,-34.556
"Directions from Vía Sin Nombre, Paredones, O'Higgins, Chile to La Cuchilla, Navidad, O'Higgins, Chile",,0.12172399521627,342.26001093497609,-72.018,-34.556
"Directions from Vía Sin Nombre, Paredones, O'Higgins, Chile to La Cuchilla, Navidad, O'Higgins, Chile",,0.12192647978358,342.86944854905096,-72.019,-34.556
"Directions from Vía Sin Nombre, Paredones, O'Higgins, Chile to La Cuchilla, Navidad, O'Higgins, Chile",,0.12196771083983,341.38258300734424,-72.019,-34.556
"Directions from Vía Sin Nombre, Paredones, O'Higgins, Chile to La Cuchilla, Navidad, O'Higgins, Chile",,0.12227234176407,331.55567097444924,-72.019,-34.556
"Directions from Vía Sin Nombre, Paredones, O'Higgins, Chile to La Cuchilla, Navidad, O'Higgins, Chile",,0.12230839727683,333.93749181725036,-72.019,-34.556
"Directions from Vía Sin Nombre, Paredones, O'Higgins, Chile to La Cuchilla, Navidad, O'Higgins, Chile",,0.12234002005343,336.25522353727212,-72.019,-34.556
"Directions from Vía Sin Nombre, Paredones, O'Higgins, Chile to La Cuchilla, Navidad, O'Higgins, Chile",,0.12285480156048,332.87213612776208,-72.019,-34.555
"Directions from Vía Sin Nombre, Paredones, O'Higgins, Chile to La Cuchilla, Navidad, O'Higgins, Chile",,0.12341845038732,339.25241444855635,-72.019,-34.555
"Directions from Vía Sin Nombre, Paredones, O'Higgins, Chile to La Cuchilla, Navidad, O'Higgins, Chile",,0.12409565050545,338.57045069523730,-72.019,-34.554
"Directions from Vía Sin Nombre, Paredones, O'Higgins, Chile to La Cuchilla, Navidad, O'Higgins, Chile",,0.12411801118522,342.07569802075409,-72.019,-34.554
"Directions from Vía Sin Nombre, Paredones, O'Higgins, Chile to La Cuchilla, Navidad, O'Higgins, Chile",,0.12517181382330,336.57392758402807,-72.020,-34.553
"Directions from Vía Sin Nombre, Paredones, O'Higgins, Chile to La Cuchilla, Navidad, O'Higgins, Chile",,0.12533582601796,318.71570398549437,-72.020,-34.553
"Directions from Vía Sin Nombre, Paredones, O'Higgins, Chile to La Cuchilla, Navidad, O'Higgins, Chile",,0.12543482096733,308.86761313445288,-72.020,-34.553
"Directions from Vía Sin Nombre, Paredones, O'Higgins, Chile to La Cuchilla, Navidad, O'Higgins, Chile",,0.12560125413710,299.65013872444581,-72.020,-34.553
"Directions from Vía Sin Nombre, Paredones, O'Higgins, Chile to La Cuchilla, Navidad, O'Higgins, Chile",,0.12566833617642,292.50000000000006,-72.020,-34.553
"Directions from Vía Sin Nombre, Paredones, O'Higgins, Chile to La Cuchilla, Navidad, O'Higgins, Chile",,0.12569995895303,292.25515220370301,-72.020,-34.553
"Directions from Vía Sin Nombre, Paredones, O'Higgins, Chile to La Cuchilla, Navidad, O'Higgins, Chile",,0.12622321797110,305.53767778206429,-72.020,-34.552
"Directions from Vía Sin Nombre, Paredones, O'Higgins, Chile to La Cuchilla, Navidad, O'Higgins, Chile",,0.12623736010673,306.27640577833233,-72.020,-34.552
"Directions from Vía Sin Nombre, Paredones, O'Higgins, Chile to La Cuchilla, Navidad, O'Higgins, Chile",,0.12649678254215,283.77640578851015,-72.021,-34.552
"Directions from Vía Sin Nombre, Paredones, O'Higgins, Chile to La Cuchilla, Navidad, O'Higgins, Chile",,0.12650678254215,284.40539687187726,-72.021,-34.552
"Directions from Vía Sin Nombre, Paredones, O'Higgins, Chile to La Cuchilla, Navidad, O'Higgins, Chile",,0.12673503678636,301.25043063486709,-72.021,-34.552
"Directions from Vía Sin Nombre, Paredones, O'Higgins, Chile to La Cuchilla, Navidad, O'Higgins, Chile",,0.12691531435014,305.54771207878304,-72.021,-34.552
"Directions from Vía Sin Nombre, Paredones, O'Higgins, Chile to La Cuchilla, Navidad, O'Higgins, Chile",,0.12712932369572,311.44752611234884,-72.021,-34.552
"Directions from Vía Sin Nombre, Paredones, O'Higgins, Chile to La Cuchilla, Navidad, O'Higgins, Chile",,0.12878401399907,318.41494367050359,-72.022,-34.551
"Directions from Vía Sin Nombre, Paredones, O'Higgins, Chile to La Cuchilla, Navidad, O'Higgins, Chile",,0.12891207648382,324.21747441146101,-72.022,-34.551
"Directions from Vía Sin Nombre, Paredones, O'Higgins, Chile to La Cuchilla, Navidad, O'Higgins, Chile",,0.12911456105113,333.02862302438245,-72.023,-34.551
"Directions from Vía Sin Nombre, Paredones, O'Higgins, Chile to La Cuchilla, Navidad, O'Higgins, Chile",,0.12925384493390,349.48124448686940,-72.023,-34.550
"Directions from Vía Sin Nombre, Paredones, O'Higgins, Chile to La Cuchilla, Navidad, O'Higgins, Chile",,0.12927384493390,350.78252558989601,-72.023,-34.550
"Directions from Vía Sin Nombre, Paredones, O'Higgins, Chile to La Cuchilla, Navidad, O'Higgins, Chile",,0.12936871326371,344.03465894900540,-72.023,-34.550
"Directions from Vía Sin Nombre, Paredones, O'Higgins, Chile to La Cuchilla, Navidad, O'Higgins, Chile",,0.12962581246635,348.42218682006734,-72.023,-34.550
"Directions from Vía Sin Nombre, Paredones, O'Higgins, Chile to La Cuchilla, Navidad, O'Higgins, Chile",,0.13010257236400,355.17005346095794,-72.023,-34.550
"Directions from Vía Sin Nombre, Paredones, O'Higgins, Chile to La Cuchilla, Navidad, O'Higgins, Chile",,0.13034257236399,6.04737853751309,-72.023,-34.549
"Directions from Vía Sin Nombre, Paredones, O'Higgins, Chile to La Cuchilla, Navidad, O'Higgins, Chile",,0.13048575057463,16.56613405064371,-72.023,-34.549
"Directions from Vía Sin Nombre, Paredones, O'Higgins, Chile to La Cuchilla, Navidad, O'Higgins, Chile",,0.13062503445740,22.74073290375714,-72.023,-34.549
"Directions from Vía Sin Nombre, Paredones, O'Higgins, Chile to La Cuchilla, Navidad, O'Higgins, Chile",,0.13086669537687,31.30059068405420,-72.023,-34.549
"Directions from Vía Sin Nombre, Paredones, O'Higgins, Chile to La Cuchilla, Navidad, O'Higgins, Chile",,0.13122278525317,41.57861329342768,-72.022,-34.549
"Directions from Vía Sin Nombre, Paredones, O'Higgins, Chile to La Cuchilla, Navidad, O'Higgins, Chile",,0.13127935379566,42.68226828693276,-72.022,-34.548
"Directions from Vía Sin Nombre, Paredones, O'Higgins, Chile to La Cuchilla, Navidad, O'Higgins, Chile",,0.13180432998560,44.04542378336394,-72.022,-34.548
"Directions from Vía Sin Nombre, Paredones, O'Higgins, Chile to La Cuchilla, Navidad, O'Higgins, Chile",,0.13225031204802,40.70818926255270,-72.022,-34.548
"Directions from Vía Sin Nombre, Paredones, O'Higgins, Chile to La Cuchilla, Navidad, O'Higgins, Chile",,0.13228636756078,39.85654886043921,-72.022,-34.548
"Directions from Vía Sin Nombre, Paredones, O'Higgins, Chile to La Cuchilla, Navidad, O'Higgins, Chile",,0.13307845341470,41.44646391696828,-72.021,-34.547
"Directions from Vía Sin Nombre, Paredones, O'Higgins, Chile to La Cuchilla, Navidad, O'Higgins, Chile",,0.13322845341471,29.74488129739351,-72.021,-34.547
"Directions from Vía Sin Nombre, Paredones, O'Higgins, Chile to La Cuchilla, Navidad, O'Higgins, Chile",,0.13335845341470,16.04109357985600,-72.021,-34.547
"Directions from Vía Sin Nombre, Paredones, O'Higgins, Chile to La Cuchilla, Navidad, O'Higgins, Chile",,0.13341928104001,4.73116110511311,-72.021,-34.547
"Directions from Vía Sin Nombre, Paredones, O'Higgins, Chile to La Cuchilla, Navidad, O'Higgins, Chile",,0.13344928104001,6.04737853751309,-72.021,-34.547
"Directions from Vía Sin Nombre, Paredones, O'Higgins, Chile to La Cuchilla, Navidad, O'Higgins, Chile",,0.13359245925064,8.42919938357809,-72.021,-34.547
"Directions from Vía Sin Nombre, Paredones, O'Higgins, Chile to La Cuchilla, Navidad, O'Higgins, Chile",,0.13371287519643,7.38581074610260,-72.021,-34.547
"Directions from Vía Sin Nombre, Paredones, O'Higgins, Chile to La Cuchilla, Navidad, O'Higgins, Chile",,0.13388550196144,13.68100221838558,-72.021,-34.546
"Directions from Vía Sin Nombre, Paredones, O'Higgins, Chile to La Cuchilla, Navidad, O'Higgins, Chile",,0.13405313250759,21.95953790706398,-72.021,-34.546
"Directions from Vía Sin Nombre, Paredones, O'Higgins, Chile to La Cuchilla, Navidad, O'Higgins, Chile",,0.13456742814241,24.65801375992067,-72.021,-34.546
"Directions from Vía Sin Nombre, Paredones, O'Higgins, Chile to La Cuchilla, Navidad, O'Higgins, Chile",,0.13523973759497,24.35217602250663,-72.020,-34.545
"Directions from Vía Sin Nombre, Paredones, O'Higgins, Chile to La Cuchilla, Navidad, O'Higgins, Chile",,0.13649647941412,26.87190909089709,-72.020,-34.544
"Directions from Vía Sin Nombre, Paredones, O'Higgins, Chile to La Cuchilla, Navidad, O'Higgins, Chile",,0.13733296013715,30.13081738657599,-72.019,-34.543
"Directions from Vía Sin Nombre, Paredones, O'Higgins, Chile to La Cuchilla, Navidad, O'Higgins, Chile",,0.13746334418526,26.13503432421446,-72.019,-34.543
"Directions from Vía Sin Nombre, Paredones, O'Higgins, Chile to La Cuchilla, Navidad, O'Higgins, Chile",,0.13772905079037,11.80647559361323,-72.019,-34.543
"Directions from Vía Sin Nombre, Paredones, O'Higgins, Chile to La Cuchilla, Navidad, O'Higgins, Chile",,0.13802971671794,0.04939286359340,-72.019,-34.543
"Directions from Vía Sin Nombre, Paredones, O'Higgins, Chile to La Cuchilla, Navidad, O'Higgins, Chile",,0.13880133838689,352.32553844826725,-72.019,-34.542
"Directions from Vía Sin Nombre, Paredones, O'Higgins, Chile to La Cuchilla, Navidad, O'Higgins, Chile",,0.13914846948604,355.77309806148662,-72.019,-34.542
"Directions from Vía Sin Nombre, Paredones, O'Higgins, Chile to La Cuchilla, Navidad, O'Higgins, Chile",,0.13932874704982,12.10867057356379,-72.019,-34.541
"Directions from Vía Sin Nombre, Paredones, O'Higgins, Chile to La Cuchilla, Navidad, O'Higgins, Chile",,0.13946803093259,26.00063377906759,-72.019,-34.541
"Directions from Vía Sin Nombre, Paredones, O'Higgins, Chile to La Cuchilla, Navidad, O'Higgins, Chile",,0.13981788804628,35.25310152341251,-72.019,-34.541
"Directions from Vía Sin Nombre, Paredones, O'Higgins, Chile to La Cuchilla, Navidad, O'Higgins, Chile",,0.14093310103042,40.36418584030462,-72.018,-34.540
"Directions from Vía Sin Nombre, Paredones, O'Higgins, Chile to La Cuchilla, Navidad, O'Higgins, Chile",,0.14167721123731,35.12026463102343,-72.018,-34.540
"Directions from Vía Sin Nombre, Paredones, O'Higgins, Chile to La Cuchilla, Navidad, O'Higgins, Chile",,0.14188312384013,19.83712968624631,-72.018,-34.539
"Directions from Vía Sin Nombre, Paredones, O'Higgins, Chile to La Cuchilla, Navidad, O'Higgins, Chile",,0.14237148845801,5.30982763805196,-72.018,-34.539
"Directions from Vía Sin Nombre, Paredones, O'Higgins, Chile to La Cuchilla, Navidad, O'Higgins, Chile",,0.14238148845801,5.81681700009524,-72.018,-34.539
"Directions from Vía Sin Nombre, Paredones, O'Higgins, Chile to La Cuchilla, Navidad, O'Higgins, Chile",,0.14272861955716,15.97838541522136,-72.018,-34.539
"Directions from Vía Sin Nombre, Paredones, O'Higgins, Chile to La Cuchilla, Navidad, O'Higgins, Chile",,0.14301654315814,15.81653465229280,-72.017,-34.538
"Directions from Vía Sin Nombre, Paredones, O'Higgins, Chile to La Cuchilla, Navidad, O'Higgins, Chile",,0.14327149413383,1.90703741717706,-72.017,-34.538
"Directions from Vía Sin Nombre, Paredones, O'Higgins, Chile to La Cuchilla, Navidad, O'Higgins, Chile",,0.14365476949176,343.91363959401923,-72.017,-34.538
"Directions from Vía Sin Nombre, Paredones, O'Higgins, Chile to La Cuchilla, Navidad, O'Higgins, Chile",,0.14406195495319,333.90556710243760,-72.018,-34.537
"Directions from Vía Sin Nombre, Paredones, O'Higgins, Chile to La Cuchilla, Navidad, O'Higgins, Chile",,0.14460315731830,337.02652427784005,-72.018,-34.537
"Directions from Vía Sin Nombre, Paredones, O'Higgins, Chile to La Cuchilla, Navidad, O'Higgins, Chile",,0.14482451675451,344.51812173291978,-72.018,-34.537
"Directions from Vía Sin Nombre, Paredones, O'Higgins, Chile to La Cuchilla, Navidad, O'Higgins, Chile",,0.14491671219909,353.73559614350842,-72.018,-34.536
"Directions from Vía Sin Nombre, Paredones, O'Higgins, Chile to La Cuchilla, Navidad, O'Higgins, Chile",,0.14502671219909,2.48487036397877,-72.018,-34.536
"Directions from Vía Sin Nombre, Paredones, O'Higgins, Chile to La Cuchilla, Navidad, O'Higgins, Chile",,0.14548844805431,10.45756831405613,-72.018,-34.536
"Directions from Vía Sin Nombre, Paredones, O'Higgins, Chile to La Cuchilla, Navidad, O'Higgins, Chile",,0.14563405025210,13.03503377793982,-72.018,-34.536
"Directions from Vía Sin Nombre, Paredones, O'Higgins, Chile to La Cuchilla, Navidad, O'Higgins, Chile",,0.14620290875823,5.06233582786247,-72.018,-34.535
"Directions from Vía Sin Nombre, Paredones, O'Higgins, Chile to La Cuchilla, Navidad, O'Higgins, Chile",,0.14621290875823,7.89037665461516,-72.018,-34.535
"Directions from Vía Sin Nombre, Paredones, O'Higgins, Chile to La Cuchilla, Navidad, O'Higgins, Chile",,0.14669092549434,13.08480556266178,-72.018,-34.535
"Directions from Vía Sin Nombre, Paredones, O'Higgins, Chile to La Cuchilla, Navidad, O'Higgins, Chile",,0.14730092549434,11.81468886523979,-72.018,-34.534
"Directions from Vía Sin Nombre, Paredones, O'Higgins, Chile to La Cuchilla, Navidad, O'Higgins, Chile",,0.14747556798631,16.44717198686456,-72.018,-34.534
"Directions from Vía Sin Nombre, Paredones, O'Higgins, Chile to La Cuchilla, Navidad, O'Higgins, Chile",,0.14762422867378,32.32691200931585,-72.017,-34.534
"Directions from Vía Sin Nombre, Paredones, O'Higgins, Chile to La Cuchilla, Navidad, O'Higgins, Chile",,0.14763837080939,35.78252557225456,-72.017,-34.534
"Directions from Vía Sin Nombre, Paredones, O'Higgins, Chile to La Cuchilla, Navidad, O'Higgins, Chile",,0.14766073148917,32.28189181423276,-72.017,-34.534
"Directions from Vía Sin Nombre, Paredones, O'Higgins, Chile to La Cuchilla, Navidad, O'Higgins, Chile",,0.14806681029926,35.23496236684734,-72.017,-34.533
"Directions from Vía Sin Nombre, Paredones, O'Higgins, Chile to La Cuchilla, Navidad, O'Higgins, Chile",,0.14845796244357,33.80269267390659,-72.017,-34.533
"Directions from Vía Sin Nombre, Paredones, O'Higgins, Chile to La Cuchilla, Navidad, O'Higgins, Chile",,0.14878811392396,40.06709652868192,-72.017,-34.533
"Directions from Vía Sin Nombre, Paredones, O'Higgins, Chile to La Cuchilla, Navidad, O'Higgins, Chile",,0.14891539314457,51.49730839504340,-72.017,-34.533
"Directions from Vía Sin Nombre, Paredones, O'Higgins, Chile to La Cuchilla, Navidad, O'Higgins, Chile",,0.14900973295589,56.02109439513874,-72.017,-34.533
"Directions from Vía Sin Nombre, Paredones, O'Higgins, Chile to La Cuchilla, Navidad, O'Higgins, Chile",,0.15013387707477,48.82519548572102,-72.016,-34.532
"Directions from Vía Sin Nombre, Paredones, O'Higgins, Chile to La Cuchilla, Navidad, O'Higgins, Chile",,0.15042387707476,36.48028625714216,-72.016,-34.532
"Directions from Vía Sin Nombre, Paredones, O'Higgins, Chile to La Cuchilla, Navidad, O'Higgins, Chile",,0.15097460386728,27.06644705586619,-72.015,-34.531
"Directions from Vía Sin Nombre, Paredones, O'Higgins, Chile to La Cuchilla, Navidad, O'Higgins, Chile",,0.15140413849918,26.69280011836960,-72.015,-34.531
"Directions from Vía Sin Nombre, Paredones, O'Higgins, Chile to La Cuchilla, Navidad, O'Higgins, Chile",,0.15152943814004,31.55949132682816,-72.015,-34.531
"Directions from Vía Sin Nombre, Paredones, O'Higgins, Chile to La Cuchilla, Navidad, O'Higgins, Chile",,0.15172360301843,38.50948503319139,-72.015,-34.531
"Directions from Vía Sin Nombre, Paredones, O'Higgins, Chile to La Cuchilla, Navidad, O'Higgins, Chile",,0.15188639122439,49.41018977112992,-72.015,-34.531
"Directions from Vía Sin Nombre, Paredones, O'Higgins, Chile to La Cuchilla, Navidad, O'Higgins, Chile",,0.15192244673715,52.69777462135424,-72.015,-34.531
"Directions from Vía Sin Nombre, Paredones, O'Higgins, Chile to La Cuchilla, Navidad, O'Higgins, Chile",,0.15212094106956,47.36468124779788,-72.015,-34.530
"Directions from Vía Sin Nombre, Paredones, O'Higgins, Chile to La Cuchilla, Navidad, O'Higgins, Chile",,0.15275030582866,42.15177698324258,-72.014,-34.530
"Directions from Vía Sin Nombre, Paredones, O'Higgins, Chile to La Cuchilla, Navidad, O'Higgins, Chile",,0.15281433707104,41.24533446211533,-72.014,-34.530
"Directions from Vía Sin Nombre, Paredones, O'Higgins, Chile to La Cuchilla, Navidad, O'Higgins, Chile",,0.15350744600908,47.27072690561922,-72.014,-34.529
"Directions from Vía Sin Nombre, Paredones, O'Higgins, Chile to La Cuchilla, Navidad, O'Higgins, Chile",,0.15364957271312,54.87341830112446,-72.014,-34.529
"Directions from Vía Sin Nombre, Paredones, O'Higgins, Chile to La Cuchilla, Navidad, O'Higgins, Chile",,0.15376619175101,63.76740456980342,-72.013,-34.529
"Directions from Vía Sin Nombre, Paredones, O'Higgins, Chile to La Cuchilla, Navidad, O'Higgins, Chile",,0.15412087470803,72.23116110347344,-72.013,-34.529
"Directions from Vía Sin Nombre, Paredones, O'Higgins, Chile to La Cuchilla, Navidad, O'Higgins, Chile",,0.15424456787680,72.91372655125402,-72.013,-34.529
"Directions from Vía Sin Nombre, Paredones, O'Higgins, Chile to La Cuchilla, Navidad, O'Higgins, Chile",,0.15488362968915,66.64932269747651,-72.012,-34.529
"Directions from Vía Sin Nombre, Paredones, O'Higgins, Chile to La Cuchilla, Navidad, O'Higgins, Chile",,0.15501779376779,59.87244065003694,-72.012,-34.529
"Directions from Vía Sin Nombre, Paredones, O'Higgins, Chile to La Cuchilla, Navidad, O'Higgins, Chile",,0.15508990479331,54.07635294514824,-72.012,-34.529
"Directions from Vía Sin Nombre, Paredones, O'Higgins, Chile to La Cuchilla, Navidad, O'Higgins, Chile",,0.15526794973145,57.63886110989110,-72.012,-34.529
"Directions from Vía Sin Nombre, Paredones, O'Higgins, Chile to La Cuchilla, Navidad, O'Higgins, Chile",,0.15529031041122,53.95939228853880,-72.012,-34.529
"Directions from Vía Sin Nombre, Paredones, O'Higgins, Chile to La Cuchilla, Navidad, O'Higgins, Chile",,0.15607523078935,43.44063678355040,-72.012,-34.528
"Directions from Vía Sin Nombre, Paredones, O'Higgins, Chile to La Cuchilla, Navidad, O'Higgins, Chile",,0.15638667901940,46.29593335486740,-72.011,-34.528
"Directions from Vía Sin Nombre, Paredones, O'Higgins, Chile to La Cuchilla, Navidad, O'Higgins, Chile",,0.15646478151616,46.89862394267096,-72.011,-34.528
"Directions from Vía Sin Nombre, Paredones, O'Higgins, Chile to La Cuchilla, Navidad, O'Higgins, Chile",,0.15704478151616,66.80140948613396,-72.011,-34.527
"Directions from Vía Sin Nombre, Paredones, O'Higgins, Chile to La Cuchilla, Navidad, O'Higgins, Chile",,0.15705478151617,64.51775644930170,-72.011,-34.527
"Directions from Vía Sin Nombre, Paredones, O'Higgins, Chile to La Cuchilla, Navidad, O'Higgins, Chile",,0.15753112173071,34.04505849922429,-72.011,-34.527
"Directions from Vía Sin Nombre, Paredones, O'Higgins, Chile to La Cuchilla, Navidad, O'Higgins, Chile",,0.15763407803212,33.85720617597474,-72.010,-34.527
"Directions from Vía Sin Nombre, Paredones, O'Higgins, Chile to La Cuchilla, Navidad, O'Higgins, Chile",,0.15769810927450,34.90955638004691,-72.010,-34.527
"Directions from Vía Sin Nombre, Paredones, O'Higgins, Chile to La Cuchilla, Navidad, O'Higgins, Chile",,0.15820060305556,38.07965225441891,-72.010,-34.527
"Directions from Vía Sin Nombre, Paredones, O'Higgins, Chile to La Cuchilla, Navidad, O'Higgins, Chile",,0.15854001431053,49.06505117587362,-72.010,-34.526
"Directions from Vía Sin Nombre, Paredones, O'Higgins, Chile to La Cuchilla, Navidad, O'Higgins, Chile",,0.15859001431053,47.02224278551376,-72.010,-34.526
"Directions from Vía Sin Nombre, Paredones, O'Higgins, Chile to La Cuchilla, Navidad, O'Higgins, Chile",,0.15878850864294,42.95719161176052,-72.010,-34.526
"Directions from Vía Sin Nombre, Paredones, O'Higgins, Chile to La Cuchilla, Navidad, O'Higgins, Chile",,0.15887336145668,39.91224457955234,-72.010,-34.526
"Directions from Vía Sin Nombre, Paredones, O'Higgins, Chile to La Cuchilla, Navidad, O'Higgins, Chile",,0.15915353997120,39.91224457785607,-72.010,-34.526
"Directions from Vía Sin Nombre, Paredones, O'Higgins, Chile to La Cuchilla, Navidad, O'Higgins, Chile",,0.15916768210683,39.43184528455979,-72.010,-34.526
"Directions from Vía Sin Nombre, Paredones, O'Higgins, Chile to La Cuchilla, Navidad, O'Higgins, Chile",,0.16008294163287,29.00461626466987,-72.009,-34.525
"Directions from Vía Sin Nombre, Paredones, O'Higgins, Chile to La Cuchilla, Navidad, O'Higgins, Chile",,0.16040074660451,19.64980500519637,-72.009,-34.525
"Directions from Vía Sin Nombre, Paredones, O'Higgins, Chile to La Cuchilla, Navidad, O'Higgins, Chile",,0.16139533194524,16.65338696876755,-72.009,-34.524
"Directions from Vía Sin Nombre, Paredones, O'Higgins, Chile to La Cuchilla, Navidad, O'Higgins, Chile",,0.16203728209907,16.97760992011896,-72.008,-34.523
"Directions from Vía Sin Nombre, Paredones, O'Higgins, Chile to La Cuchilla, Navidad, O'Higgins, Chile",,0.16258809967323,30.40125698661552,-72.008,-34.523
"Directions from Vía Sin Nombre, Paredones, O'Higgins, Chile to La Cuchilla, Navidad, O'Higgins, Chile",,0.16260224180885,30.40959698372894,-72.008,-34.523
"Directions from Vía Sin Nombre, Paredones, O'Higgins, Chile to La Cuchilla, Navidad, O'Higgins, Chile",,0.16322586028196,13.56456321087444,-72.008,-34.522
"Directions from Vía Sin Nombre, Paredones, O'Higgins, Chile to La Cuchilla, Navidad, O'Higgins, Chile",,0.16348081125763,5.65496623732327,-72.008,-34.522
"Directions from Vía Sin Nombre, Paredones, O'Higgins, Chile to La Cuchilla, Navidad, O'Higgins, Chile",,0.16350081125764,5.39214893360313,-72.008,-34.522
"Directions from Vía Sin Nombre, Paredones, O'Higgins, Chile to La Cuchilla, Navidad, O'Higgins, Chile",,0.16392836242417,14.60962334913524,-72.008,-34.521
"Directions from Vía Sin Nombre, Paredones, O'Higgins, Chile to La Cuchilla, Navidad, O'Higgins, Chile",,0.16395998520077,9.88358434267599,-72.008,-34.521
"Directions from Vía Sin Nombre, Paredones, O'Higgins, Chile to La Cuchilla, Navidad, O'Higgins, Chile",,0.16482021772747,359.52080490546695,-72.008,-34.520
"Directions from Vía Sin Nombre, Paredones, O'Higgins, Chile to La Cuchilla, Navidad, O'Higgins, Chile",,0.16507041764754,351.83657324376111,-72.008,-34.520
"Directions from Vía Sin Nombre, Paredones, O'Higgins, Chile to La Cuchilla, Navidad, O'Higgins, Chile",,0.16531780398507,343.99730839576324,-72.008,-34.520
"Directions from Vía Sin Nombre, Paredones, O'Higgins, Chile to La Cuchilla, Navidad, O'Higgins, Chile",,0.16570677699185,343.99730839612238,-72.008,-34.520
"Directions from Vía Sin Nombre, Paredones, O'Higgins, Chile to La Cuchilla, Navidad, O'Higgins, Chile",,0.16591293227313,352.98187826579726,-72.008,-34.519
"Directions from Vía Sin Nombre, Paredones, O'Higgins, Chile to La Cuchilla, Navidad, O'Higgins, Chile",,0.16605293227313,2.59721445470164,-72.008,-34.519
"Directions from Vía Sin Nombre, Paredones, O'Higgins, Chile to La Cuchilla, Navidad, O'Higgins, Chile",,0.16616338588330,13.49791919366606,-72.008,-34.519
"Directions from Vía Sin Nombre, Paredones, O'Higgins, Chile to La Cuchilla, Navidad, O'Higgins, Chile",,0.16621723753137,16.55567097754033,-72.008,-34.519
"Directions from Vía Sin Nombre, Paredones, O'Higgins, Chile to La Cuchilla, Navidad, O'Higgins, Chile",,0.16626822772651,17.65335488293728,-72.008,-34.519
"Directions from Vía Sin Nombre, Paredones, O'Higgins, Chile to La Cuchilla, Navidad, O'Higgins, Chile",,0.16796487147226,22.42561766398930,-72.007,-34.518
"Directions from Vía Sin Nombre, Paredones, O'Higgins, Chile to La Cuchilla, Navidad, O'Higgins, Chile",,0.16818959352280,16.52746338303424,-72.007,-34.517
"Directions from Vía Sin Nombre, Paredones, O'Higgins, Chile to La Cuchilla, Navidad, O'Higgins, Chile",,0.16856814338742,10.96402363952679,-72.007,-34.517
"Directions from Vía Sin Nombre, Paredones, O'Higgins, Chile to La Cuchilla, Navidad, O'Higgins, Chile",,0.16892324900551,8.03388514857898,-72.007,-34.517
"Directions from Vía Sin Nombre, Paredones, O'Higgins, Chile to La Cuchilla, Navidad, O'Higgins, Chile",,0.16919491055965,7.90125697661799,-72.007,-34.516
"Directions from Vía Sin Nombre, Paredones, O'Higgins, Chile to La Cuchilla, Navidad, O'Higgins, Chile",,0.17010732493920,11.16866188377625,-72.007,-34.515
"Directions from Vía Sin Nombre, Paredones, O'Higgins, Chile to La Cuchilla, Navidad, O'Higgins, Chile",,0.17046635140062,16.95625629222272,-72.007,-34.515
"Directions from Vía Sin Nombre, Paredones, O'Higgins, Chile to La Cuchilla, Navidad, O'Higgins, Chile",,0.17060563528339,23.80128110137115,-72.007,-34.515
"Directions from Vía Sin Nombre, Paredones, O'Higgins, Chile to La Cuchilla, Navidad, O'Higgins, Chile",,0.17100812751934,28.43386594898363,-72.007,-34.515
"Directions from Vía Sin Nombre, Paredones, O'Higgins, Chile to La Cuchilla, Navidad, O'Higgins, Chile",,0.17189997952500,28.10459435986808,-72.006,-34.514
"Directions from Vía Sin Nombre, Paredones, O'Higgins, Chile to La Cuchilla, Navidad, O'Higgins, Chile",,0.17228908105416,24.55254925635673,-72.006,-34.513
"Directions from Vía Sin Nombre, Paredones, O'Higgins, Chile to La Cuchilla, Navidad, O'Higgins, Chile",,0.17251755424734,11.59929525670711,-72.006,-34.513
"Directions from Vía Sin Nombre, Paredones, O'Higgins, Chile to La Cuchilla, Navidad, O'Higgins, Chile",,0.17252755424735,9.21747441134126,-72.006,-34.513
"Directions from Vía Sin Nombre, Paredones, O'Higgins, Chile to La Cuchilla, Navidad, O'Higgins, Chile",,0.17306514144957,9.21747441134126,-72.006,-34.513
"Directions from Vía Sin Nombre, Paredones, O'Higgins, Chile to La Cuchilla, Navidad, O'Higgins, Chile",,0.17307514144957,8.45257904928648,-72.006,-34.513
"Directions from Vía Sin Nombre, Paredones, O'Higgins, Chile to La Cuchilla, Navidad, O'Higgins, Chile",,0.17520727652972,17.77734842634645,-72.005,-34.511
"Directions from Vía Sin Nombre, Paredones, O'Higgins, Chile to La Cuchilla, Navidad, O'Higgins, Chile",,0.17605161058683,20.47787190494908,-72.005,-34.510
"Directions from Vía Sin Nombre, Paredones, O'Higgins, Chile to La Cuchilla, Navidad, O'Higgins, Chile",,0.17647315536500,27.99813628461576,-72.005,-34.509
"Directions from Vía Sin Nombre, Paredones, O'Higgins, Chile to La Cuchilla, Navidad, O'Higgins, Chile",,0.17650921087775,28.44432901477909,-72.005,-34.509
"Directions from Vía Sin Nombre, Paredones, O'Higgins, Chile to La Cuchilla, Navidad, O'Higgins, Chile",,0.17666152633987,28.39073153486700,-72.005,-34.509
"Directions from Vía Sin Nombre, Paredones, O'Higgins, Chile to La Cuchilla, Navidad, O'Higgins, Chile",,0.17962640407765,28.60612514327752,-72.003,-34.507
"Directions from Vía Sin Nombre, Paredones, O'Higgins, Chile to La Cuchilla, Navidad, O'Higgins, Chile",,0.17980104656962,15.87974004286245,-72.003,-34.507
"Directions from Vía Sin Nombre, Paredones, O'Higgins, Chile to La Cuchilla, Navidad, O'Higgins, Chile",,0.18001317860398,0.34934719130508,-72.003,-34.506
"Directions from Vía Sin Nombre, Paredones, O'Higgins, Chile to La Cuchilla, Navidad, O'Higgins, Chile",,0.18024512687407,345.09422848802245,-72.003,-34.506
"Directions from Vía Sin Nombre, Paredones, O'Higgins, Chile to La Cuchilla, Navidad, O'Higgins, Chile",,0.18042897463718,333.00618135034188,-72.003,-34.506
"Directions from Vía Sin Nombre, Paredones, O'Higgins, Chile to La Cuchilla, Navidad, O'Higgins, Chile",,0.18058161801240,321.69624887629976,-72.003,-34.506
"Directions from Vía Sin Nombre, Paredones, O'Higgins, Chile to La Cuchilla, Navidad, O'Higgins, Chile",,0.18073718150427,311.82990412727827,-72.003,-34.506
"Directions from Vía Sin Nombre, Paredones, O'Higgins, Chile to La Cuchilla, Navidad, O'Higgins, Chile",,0.18092927523139,306.58416562128173,-72.003,-34.506
"Directions from Vía Sin Nombre, Paredones, O'Higgins, Chile to La Cuchilla, Navidad, O'Higgins, Chile",,0.18112344010978,287.25426149307833,-72.004,-34.506
"Directions from Vía Sin Nombre, Paredones, O'Higgins, Chile to La Cuchilla, Navidad, O'Higgins, Chile",,0.18113344010977,287.92557350709080,-72.004,-34.506
"Directions from Vía Sin Nombre, Paredones, O'Higgins, Chile to La Cuchilla, Navidad, O'Higgins, Chile",,0.18495804466450,308.04375266179790,-72.007,-34.503
"Directions from Vía Sin Nombre, Paredones, O'Higgins, Chile to La Cuchilla, Navidad, O'Higgins, Chile",,0.18512833852815,313.31676966758073,-72.007,-34.503
"Directions from Vía Sin Nombre, Paredones, O'Higgins, Chile to La Cuchilla, Navidad, O'Higgins, Chile",,0.18541833852816,318.95660802209579,-72.007,-34.503
"Directions from Vía Sin Nombre, Paredones, O'Higgins, Chile to La Cuchilla, Navidad, O'Higgins, Chile",,0.19152476137627,327.47549191661210,-72.011,-34.498
"Directions from Vía Sin Nombre, Paredones, O'Higgins, Chile to La Cuchilla, Navidad, O'Higgins, Chile",,0.19154712205605,328.06550026855888,-72.011,-34.498
"Directions from Vía Sin Nombre, Paredones, O'Higgins, Chile to La Cuchilla, Navidad, O'Higgins, Chile",,0.19260315235864,320.61417315290419,-72.011,-34.497
"Directions from Vía Sin Nombre, Paredones, O'Higgins, Chile to La Cuchilla, Navidad, O'Higgins, Chile",,0.19317699902806,315.94785877086048,-72.012,-34.497
"Directions from Vía Sin Nombre, Paredones, O'Higgins, Chile to La Cuchilla, Navidad, O'Higgins, Chile",,0.19391976413225,314.50358433631567,-72.012,-34.496
"Directions from Vía Sin Nombre, Paredones, O'Higgins, Chile to La Cuchilla, Navidad, O'Higgins, Chile",,0.19454912889135,319.03757684292805,-72.013,-34.496
"Directions from Vía Sin Nombre, Paredones, O'Higgins, Chile to La Cuchilla, Navidad, O'Higgins, Chile",,0.19471314108602,324.37067022212136,-72.013,-34.496
"Directions from Vía Sin Nombre, Paredones, O'Higgins, Chile to La Cuchilla, Navidad, O'Higgins, Chile",,0.19489341864980,320.65496624147272,-72.013,-34.496
"Directions from Vía Sin Nombre, Paredones, O'Higgins, Chile to La Cuchilla, Navidad, O'Higgins, Chile",,0.19492170292104,322.62755935724408,-72.013,-34.496
"Directions from Vía Sin Nombre, Paredones, O'Higgins, Chile to La Cuchilla, Navidad, O'Higgins, Chile",,0.19508294807600,332.52699752964833,-72.013,-34.496
"Directions from Vía Sin Nombre, Paredones, O'Higgins, Chile to La Cuchilla, Navidad, O'Higgins, Chile",,0.19527083101828,328.96448934968572,-72.013,-34.495
"Directions from Vía Sin Nombre, Paredones, O'Higgins, Chile to La Cuchilla, Navidad, O'Higgins, Chile",,0.19532083101828,327.45637324495965,-72.013,-34.495
"Directions from Vía Sin Nombre, Paredones, O'Higgins, Chile to La Cuchilla, Navidad, O'Higgins, Chile",,0.19578612662325,333.55289048768435,-72.013,-34.495
"Directions from Vía Sin Nombre, Paredones, O'Higgins, Chile to La Cuchilla, Navidad, O'Higgins, Chile",,0.19619331208468,338.11482241468804,-72.014,-34.495
"Directions from Vía Sin Nombre, Paredones, O'Higgins, Chile to La Cuchilla, Navidad, O'Higgins, Chile",,0.19674358474437,337.17072840716054,-72.014,-34.494
"Directions from Vía Sin Nombre, Paredones, O'Higgins, Chile to La Cuchilla, Navidad, O'Higgins, Chile",,0.19676594542414,336.99745699314525,-72.014,-34.494
"Directions from Vía Sin Nombre, Paredones, O'Higgins, Chile to La Cuchilla, Navidad, O'Higgins, Chile",,0.19748705567924,350.27998258575536,-72.014,-34.493
"Directions from Vía Sin Nombre, Paredones, O'Higgins, Chile to La Cuchilla, Navidad, O'Higgins, Chile",,0.19750705567924,350.07655856933616,-72.014,-34.493
"Directions from Vía Sin Nombre, Paredones, O'Higgins, Chile to La Cuchilla, Navidad, O'Higgins, Chile",,0.19930377491162,338.92345604215728,-72.015,-34.492
"Directions from Vía Sin Nombre, Paredones, O'Higgins, Chile to La Cuchilla, Navidad, O'Higgins, Chile",,0.19972531968978,333.71867888989635,-72.015,-34.491
"Directions from Vía Sin Nombre, Paredones, O'Higgins, Chile to La Cuchilla, Navidad, O'Higgins, Chile",,0.19986424412968,326.43683259496743,-72.015,-34.491
"Directions from Vía Sin Nombre, Paredones, O'Higgins, Chile to La Cuchilla, Navidad, O'Higgins, Chile",,0.20011424412967,319.06505117619588,-72.015,-34.491
"Directions from Vía Sin Nombre, Paredones, O'Higgins, Chile to La Cuchilla, Navidad, O'Higgins, Chile",,0.20028394975716,311.28429601332283,-72.015,-34.491
"Directions from Vía Sin Nombre, Paredones, O'Higgins, Chile to La Cuchilla, Navidad, O'Higgins, Chile",,0.20044796195183,304.49907882234686,-72.015,-34.491
"Directions from Vía Sin Nombre, Paredones, O'Higgins, Chile to La Cuchilla, Navidad, O'Higgins, Chile",,0.20065891218293,298.99730839654535,-72.016,-34.491
"Directions from Vía Sin Nombre, Paredones, O'Higgins, Chile to La Cuchilla, Navidad, O'Higgins, Chile",,0.20092724034022,294.03324275098259,-72.016,-34.490
"Directions from Vía Sin Nombre, Paredones, O'Higgins, Chile to La Cuchilla, Navidad, O'Higgins, Chile",,0.20128192329725,303.25071715158725,-72.016,-34.490
"Directions from Vía Sin Nombre, Paredones, O'Higgins, Chile to La Cuchilla, Navidad, O'Higgins, Chile",,0.20129606543287,303.01037157251073,-72.016,-34.490
"Directions from Vía Sin Nombre, Paredones, O'Higgins, Chile to La Cuchilla, Navidad, O'Higgins, Chile",,0.20374932856593,303.01037160304406,-72.018,-34.489
"Directions from Vía Sin Nombre, Paredones, O'Higgins, Chile to La Cuchilla, Navidad, O'Higgins, Chile",,0.20376347070154,302.77802262970113,-72.018,-34.489
"Directions from Vía Sin Nombre, Paredones, O'Higgins, Chile to La Cuchilla, Navidad, O'Higgins, Chile",,0.20419067088882,293.56054819788454,-72.019,-34.489
"Directions from Vía Sin Nombre, Paredones, O'Higgins, Chile to La Cuchilla, Navidad, O'Higgins, Chile",,0.20439191700680,299.51812173504089,-72.019,-34.489
"Directions from Vía Sin Nombre, Paredones, O'Higgins, Chile to La Cuchilla, Navidad, O'Higgins, Chile",,0.20452230105490,299.51812173504089,-72.019,-34.489
"Directions from Vía Sin Nombre, Paredones, O'Higgins, Chile to La Cuchilla, Navidad, O'Higgins, Chile",,0.20456702241444,301.40944445673193,-72.019,-34.489
"Directions from Vía Sin Nombre, Paredones, O'Higgins, Chile to La Cuchilla, Navidad, O'Higgins, Chile",,0.20475303316682,309.89251851180251,-72.019,-34.489
"Directions from Vía Sin Nombre, Paredones, O'Higgins, Chile to La Cuchilla, Navidad, O'Higgins, Chile",,0.20502889545130,317.21867020011160,-72.019,-34.489
"Directions from Vía Sin Nombre, Paredones, O'Higgins, Chile to La Cuchilla, Navidad, O'Higgins, Chile",,0.20523505073258,327.17054496728457,-72.020,-34.489
"Directions from Vía Sin Nombre, Paredones, O'Higgins, Chile to La Cuchilla, Navidad, O'Higgins, Chile",,0.20550337888989,337.89241230150486,-72.020,-34.488
"Directions from Vía Sin Nombre, Paredones, O'Higgins, Chile to La Cuchilla, Navidad, O'Higgins, Chile",,0.20573424681750,347.10988671242302,-72.020,-34.488
"Directions from Vía Sin Nombre, Paredones, O'Higgins, Chile to La Cuchilla, Navidad, O'Higgins, Chile",,0.20587566817374,333.43494881152293,-72.020,-34.488
"Directions from Vía Sin Nombre, Paredones, O'Higgins, Chile to La Cuchilla, Navidad, O'Higgins, Chile",,0.20588981030936,339.18323032202846,-72.020,-34.488
"Directions from Vía Sin Nombre, Paredones, O'Higgins, Chile to La Cuchilla, Navidad, O'Higgins, Chile",,0.20606010417302,5.56581334265758,-72.020,-34.488
"Directions from Vía Sin Nombre, Paredones, O'Higgins, Chile to La Cuchilla, Navidad, O'Higgins, Chile",,0.20628214020614,12.79202746783039,-72.020,-34.488
"Directions from Vía Sin Nombre, Paredones, O'Higgins, Chile to La Cuchilla, Navidad, O'Higgins, Chile",,0.20657624902953,21.51000627965527,-72.020,-34.487
"Directions from Vía Sin Nombre, Paredones, O'Higgins, Chile to La Cuchilla, Navidad, O'Higgins, Chile",,0.20695201491409,26.54919733780504,-72.020,-34.487
"Directions from Vía Sin Nombre, Paredones, O'Higgins, Chile to La Cuchilla, Navidad, O'Higgins, Chile",,0.20752907643594,26.54919733757439,-72.019,-34.487
"Directions from Vía Sin Nombre, Paredones, O'Higgins, Chile to La Cuchilla, Navidad, O'Higgins, Chile",,0.20771695937822,27.27943859338080,-72.019,-34.486
"Directions from Vía Sin Nombre, Paredones, O'Higgins, Chile to La Cuchilla, Navidad, O'Higgins, Chile",,0.20790053497573,27.96140236008850,-72.019,-34.486
"Directions from Vía Sin Nombre, Paredones, O'Higgins, Chile to La Cuchilla, Navidad, O'Higgins, Chile",,0.20875024080718,18.93749182380610,-72.019,-34.485
"Directions from Vía Sin Nombre, Paredones, O'Higgins, Chile to La Cuchilla, Navidad, O'Higgins, Chile",,0.20885222119745,14.87244064922792,-72.019,-34.485
"Directions from Vía Sin Nombre, Paredones, O'Higgins, Chile to La Cuchilla, Navidad, O'Higgins, Chile",,0.20894708952726,12.22197739169543,-72.019,-34.485
"Directions from Vía Sin Nombre, Paredones, O'Higgins, Chile to La Cuchilla, Navidad, O'Higgins, Chile",,0.20913813925901,1.75972651609829,-72.019,-34.485
"Directions from Vía Sin Nombre, Paredones, O'Higgins, Chile to La Cuchilla, Navidad, O'Higgins, Chile",,0.20936835654766,353.10025730176358,-72.019,-34.485
"Directions from Vía Sin Nombre, Paredones, O'Higgins, Chile to La Cuchilla, Navidad, O'Higgins, Chile",,0.20957231732821,344.51812173397474,-72.019,-34.485
"Directions from Vía Sin Nombre, Paredones, O'Higgins, Chile to La Cuchilla, Navidad, O'Higgins, Chile",,0.20986963870316,337.76598947562627,-72.019,-34.484
"Directions from Vía Sin Nombre, Paredones, O'Higgins, Chile to La Cuchilla, Navidad, O'Higgins, Chile",,0.21089423618509,338.83011731746302,-72.019,-34.483
"Directions from Vía Sin Nombre, Paredones, O'Higgins, Chile to La Cuchilla, Navidad, O'Higgins, Chile",,0.21109348477355,345.58224957581149,-72.019,-34.483
"Directions from Vía Sin Nombre, Paredones, O'Higgins, Chile to La Cuchilla, Navidad, O'Higgins, Chile",,0.21129744555409,352.66180343329569,-72.019,-34.483
"Directions from Vía Sin Nombre, Paredones, O'Higgins, Chile to La Cuchilla, Navidad, O'Higgins, Chile",,0.21146773941775,1.48686553958971,-72.019,-34.483
"Directions from Vía Sin Nombre, Paredones, O'Higgins, Chile to La Cuchilla, Navidad, O'Higgins, Chile",,0.21155829326913,3.17009586947962,-72.019,-34.483
"Directions from Vía Sin Nombre, Paredones, O'Higgins, Chile to La Cuchilla, Navidad, O'Higgins, Chile",,0.21163829326913,6.56701115401324,-72.019,-34.483
"Directions from Vía Sin Nombre, Paredones, O'Higgins, Chile to La Cuchilla, Navidad, O'Higgins, Chile",,0.21194635170515,6.56701115401325,-72.019,-34.482
"Directions from Vía Sin Nombre, Paredones, O'Higgins, Chile to La Cuchilla, Navidad, O'Higgins, Chile",,0.21195635170515,11.00564159914185,-72.019,-34.482
"Directions from Vía Sin Nombre, Paredones, O'Higgins, Chile to La Cuchilla, Navidad, O'Higgins, Chile",,0.21246330337938,26.90509801118319,-72.019,-34.482
"Directions from Vía Sin Nombre, Paredones, O'Higgins, Chile to La Cuchilla, Navidad, O'Higgins, Chile",,0.21305160602258,29.69810434580168,-72.019,-34.481
"Directions from Vía Sin Nombre, Paredones, O'Higgins, Chile to La Cuchilla, Navidad, O'Higgins, Chile",,0.21354809368607,20.81676967011836,-72.019,-34.481
"Directions from Vía Sin Nombre, Paredones, O'Higgins, Chile to La Cuchilla, Navidad, O'Higgins, Chile",,0.21358932474232,19.61868355961452,-72.019,-34.481
"Directions from Vía Sin Nombre, Paredones, O'Higgins, Chile to La Cuchilla, Navidad, O'Higgins, Chile",,0.21396509062689,29.44559557998316,-72.018,-34.481
"Directions from Vía Sin Nombre, Paredones, O'Higgins, Chile to La Cuchilla, Navidad, O'Higgins, Chile",,0.21400114613964,28.74800551587442,-72.018,-34.481
"Directions from Vía Sin Nombre, Paredones, O'Higgins, Chile to La Cuchilla, Navidad, O'Higgins, Chile",,0.21474438230668,21.97112347373040,-72.018,-34.480
"Directions from Vía Sin Nombre, Paredones, O'Higgins, Chile to La Cuchilla, Navidad, O'Higgins, Chile",,0.21506391321285,21.13589765356756,-72.018,-34.480
"Directions from Vía Sin Nombre, Paredones, O'Higgins, Chile to La Cuchilla, Navidad, O'Higgins, Chile",,0.21633780488799,24.35027152650617,-72.017,-34.478
"Directions from Vía Sin Nombre, Paredones, O'Higgins, Chile to La Cuchilla, Navidad, O'Higgins, Chile",,0.21642724760710,23.99517248659316,-72.017,-34.478
"Directions from Vía Sin Nombre, Paredones, O'Higgins, Chile to La Cuchilla, Navidad, O'Higgins, Chile",,0.21727589358746,19.26401138623887,-72.017,-34.478
"Directions from Vía Sin Nombre, Paredones, O'Higgins, Chile to La Cuchilla, Navidad, O'Higgins, Chile",,0.21741190829255,14.20633072398128,-72.017,-34.477
"Directions from Vía Sin Nombre, Paredones, O'Higgins, Chile to La Cuchilla, Navidad, O'Higgins, Chile",,0.21761586907310,5.65496623681438,-72.017,-34.477
"Directions from Vía Sin Nombre, Paredones, O'Higgins, Chile to La Cuchilla, Navidad, O'Higgins, Chile",,0.21782586907310,357.35495939723131,-72.017,-34.477
"Directions from Vía Sin Nombre, Paredones, O'Higgins, Chile to La Cuchilla, Navidad, O'Higgins, Chile",,0.21891048882214,353.28990821893200,-72.017,-34.476
"Directions from Vía Sin Nombre, Paredones, O'Higgins, Chile to La Cuchilla, Navidad, O'Higgins, Chile",,0.21905191017838,349.76540518297389,-72.017,-34.476
"Directions from Vía Sin Nombre, Paredones, O'Higgins, Chile to La Cuchilla, Navidad, O'Higgins, Chile",,0.21937947696545,341.32200962218599,-72.017,-34.475
"Directions from Vía Sin Nombre, Paredones, O'Higgins, Chile to La Cuchilla, Navidad, O'Higgins, Chile",,0.21971053587260,330.97961948312184,-72.017,-34.475
"Directions from Vía Sin Nombre, Paredones, O'Higgins, Chile to La Cuchilla, Navidad, O'Higgins, Chile",,0.21994907308144,323.15968619796615,-72.017,-34.475
"Directions from Vía Sin Nombre, Paredones, O'Higgins, Chile to La Cuchilla, Navidad, O'Higgins, Chile",,0.22106951942108,321.54470110779954,-72.018,-34.474
"Directions from Vía Sin Nombre, Paredones, O'Higgins, Chile to La Cuchilla, Navidad, O'Higgins, Chile",,0.22125553017345,328.59055554381661,-72.018,-34.474
"Directions from Vía Sin Nombre, Paredones, O'Higgins, Chile to La Cuchilla, Navidad, O'Higgins, Chile",,0.22154621901053,337.50000000031315,-72.018,-34.474
"Directions from Vía Sin Nombre, Paredones, O'Higgins, Chile to La Cuchilla, Navidad, O'Higgins, Chile",,0.22167271011693,328.28252558853899,-72.018,-34.474
"Directions from Vía Sin Nombre, Paredones, O'Higgins, Chile to La Cuchilla, Navidad, O'Higgins, Chile",,0.22168685225256,331.00269160198326,-72.018,-34.474
"Directions from Vía Sin Nombre, Paredones, O'Higgins, Chile to La Cuchilla, Navidad, O'Higgins, Chile",,0.22182026889320,349.70536991910984,-72.019,-34.473
"Directions from Vía Sin Nombre, Paredones, O'Higgins, Chile to La Cuchilla, Navidad, O'Higgins, Chile",,0.22197159635270,356.81211593488553,-72.019,-34.473
"Directions from Vía Sin Nombre, Paredones, O'Higgins, Chile to La Cuchilla, Navidad, O'Higgins, Chile",,0.22244170272364,3.30831200588669,-72.019,-34.473
"Directions from Vía Sin Nombre, Paredones, O'Higgins, Chile to La Cuchilla, Navidad, O'Higgins, Chile",,0.22371735941727,3.75942258630032,-72.018,-34.472
"Directions from Vía Sin Nombre, Paredones, O'Higgins, Chile to La Cuchilla, Navidad, O'Higgins, Chile",,0.22452791478243,359.15351078132778,-72.018,-34.471
"Directions from Vía Sin Nombre, Paredones, O'Higgins, Chile to La Cuchilla, Navidad, O'Higgins, Chile",,0.22497891367379,353.36180147804191,-72.018,-34.470
"Directions from Vía Sin Nombre, Paredones, O'Higgins, Chile to La Cuchilla, Navidad, O'Higgins, Chile",,0.22503974129909,353.00270804055270,-72.018,-34.470
"Directions from Vía Sin Nombre, Paredones, O'Higgins, Chile to La Cuchilla, Navidad, O'Higgins, Chile",,0.22668488566965,356.89152698645375,-72.019,-34.469
"Directions from Vía Sin Nombre, Paredones, O'Higgins, Chile to La Cuchilla, Navidad, O'Higgins, Chile",,0.22702503269669,354.51100354111560,-72.019,-34.468
"Directions from Vía Sin Nombre, Paredones, O'Higgins, Chile to La Cuchilla, Navidad, O'Higgins, Chile",,0.22758234768842,341.47407540085732,-72.019,-34.468
"Directions from Vía Sin Nombre, Paredones, O'Higgins, Chile to La Cuchilla, Navidad, O'Higgins, Chile",,0.22779705679394,329.88513355354888,-72.019,-34.468
"Directions from Vía Sin Nombre, Paredones, O'Higgins, Chile to La Cuchilla, Navidad, O'Higgins, Chile",,0.22792744084205,323.86161830772079,-72.019,-34.467
"Directions from Vía Sin Nombre, Paredones, O'Higgins, Chile to La Cuchilla, Navidad, O'Higgins, Chile",,0.22823985082909,314.42711858110840,-72.019,-34.467
"Directions from Vía Sin Nombre, Paredones, O'Higgins, Chile to La Cuchilla, Navidad, O'Higgins, Chile",,0.22868806952571,303.10630991564278,-72.019,-34.467
"Directions from Vía Sin Nombre, Paredones, O'Higgins, Chile to La Cuchilla, Navidad, O'Higgins, Chile",,0.22894749196113,293.42142889864903,-72.020,-34.467
"Directions from Vía Sin Nombre, Paredones, O'Higgins, Chile to La Cuchilla, Navidad, O'Higgins, Chile",,0.22915938816214,287.85967383513662,-72.020,-34.467
"Directions from Vía Sin Nombre, Paredones, O'Higgins, Chile to La Cuchilla, Navidad, O'Higgins, Chile",,0.23078579524525,292.74195277564621,-72.021,-34.466
"Directions from Vía Sin Nombre, Paredones, O'Higgins, Chile to La Cuchilla, Navidad, O'Higgins, Chile",,0.23088875154666,293.92724462911269,-72.021,-34.466
"Directions from Vía Sin Nombre, Paredones, O'Higgins, Chile to La Cuchilla, Navidad, O'Higgins, Chile",,0.23188172687364,290.70987505393299,-72.022,-34.466
"Directions from Vía Sin Nombre, Paredones, O'Higgins, Chile to La Cuchilla, Navidad, O'Higgins, Chile",,0.23201172687364,295.61516230798480,-72.023,-34.466
"Directions from Vía Sin Nombre, Paredones, O'Higgins, Chile to La Cuchilla, Navidad, O'Higgins, Chile",,0.23213702651451,302.07406872932086,-72.023,-34.466
"Directions from Vía Sin Nombre, Paredones, O'Higgins, Chile to La Cuchilla, Navidad, O'Higgins, Chile",,0.23239509627251,308.06948621786267,-72.023,-34.466
"Directions from Vía Sin Nombre, Paredones, O'Higgins, Chile to La Cuchilla, Navidad, O'Higgins, Chile",,0.23257948716166,314.91884472117437,-72.023,-34.465
"Directions from Vía Sin Nombre, Paredones, O'Higgins, Chile to La Cuchilla, Navidad, O'Higgins, Chile",,0.23296237095605,322.77316363765328,-72.023,-34.465
"Directions from Vía Sin Nombre, Paredones, O'Higgins, Chile to La Cuchilla, Navidad, O'Higgins, Chile",,0.23314264851981,331.17372174950475,-72.023,-34.465
"Directions from Vía Sin Nombre, Paredones, O'Higgins, Chile to La Cuchilla, Navidad, O'Higgins, Chile",,0.23333962567586,345.16345894551517,-72.023,-34.465
"Directions from Vía Sin Nombre, Paredones, O'Higgins, Chile to La Cuchilla, Navidad, O'Higgins, Chile",,0.23344012443206,347.92722902077668,-72.023,-34.465
"Directions from Vía Sin Nombre, Paredones, O'Higgins, Chile to La Cuchilla, Navidad, O'Higgins, Chile",,0.23347174720867,346.05136448111523,-72.023,-34.465
"Directions from Vía Sin Nombre, Paredones, O'Higgins, Chile to La Cuchilla, Navidad, O'Higgins, Chile",,0.23359340245928,355.26883889461180,-72.023,-34.465
"Directions from Vía Sin Nombre, Paredones, O'Higgins, Chile to La Cuchilla, Navidad, O'Higgins, Chile",,0.23383340245927,346.71747442367439,-72.023,-34.464
"Directions from Vía Sin Nombre, Paredones, O'Higgins, Chile to La Cuchilla, Navidad, O'Higgins, Chile",,0.23385576313904,328.28252559586701,-72.023,-34.464
"Directions from Vía Sin Nombre, Paredones, O'Higgins, Chile to La Cuchilla, Navidad, O'Higgins, Chile",,0.23390576313905,340.09721444956938,-72.023,-34.464
"Directions from Vía Sin Nombre, Paredones, O'Higgins, Chile to La Cuchilla, Navidad, O'Higgins, Chile",,0.23429627562285,354.96965510300407,-72.023,-34.464
"Directions from Vía Sin Nombre, Paredones, O'Higgins, Chile to La Cuchilla, Navidad, O'Higgins, Chile",,0.23461876593277,351.16789996061101,-72.024,-34.464
"Directions from Vía Sin Nombre, Paredones, O'Higgins, Chile to La Cuchilla, Navidad, O'Higgins, Chile",,0.23505614448735,347.44330003607104,-72.024,-34.463
"Directions from Vía Sin Nombre, Paredones, O'Higgins, Chile to La Cuchilla, Navidad, O'Higgins, Chile",,0.23557276814147,343.05129974202492,-72.024,-34.463
"Directions from Vía Sin Nombre, Paredones, O'Higgins, Chile to La Cuchilla, Navidad, O'Higgins, Chile",,0.23638873382703,337.05588225646960,-72.024,-34.462
"Directions from Vía Sin Nombre, Paredones, O'Higgins, Chile to La Cuchilla, Navidad, O'Higgins, Chile",,0.23643345518658,336.58462567986334,-72.024,-34.462
"Directions from Vía Sin Nombre, Paredones, O'Higgins, Chile to La Cuchilla, Navidad, O'Higgins, Chile",,0.23712634767463,340.58097700900817,-72.024,-34.461
"Directions from Vía Sin Nombre, Paredones, O'Higgins, Chile to La Cuchilla, Navidad, O'Higgins, Chile",,0.23844502125062,340.19507023201106,-72.025,-34.460
"Directions from Vía Sin Nombre, Paredones, O'Higgins, Chile to La Cuchilla, Navidad, O'Higgins, Chile",,0.23942000843002,340.26377007625473,-72.025,-34.459
"Directions from Vía Sin Nombre, Paredones, O'Higgins, Chile to La Cuchilla, Navidad, O'Higgins, Chile",,0.23992597285564,338.92232780246292,-72.025,-34.459
"Directions from Vía Sin Nombre, Paredones, O'Higgins, Chile to La Cuchilla, Navidad, O'Higgins, Chile",,0.24064687506815,348.13980221354223,-72.025,-34.458
"Directions from Vía Sin Nombre, Paredones, O'Higgins, Chile to La Cuchilla, Navidad, O'Higgins, Chile",,0.24065687506815,347.22001741496496,-72.025,-34.458
"Directions from Vía Sin Nombre, Paredones, O'Higgins, Chile to La Cuchilla, Navidad, O'Higgins, Chile",,0.24091182604383,332.77672653141684,-72.026,-34.458
"Directions from Vía Sin Nombre, Paredones, O'Higgins, Chile to La Cuchilla, Navidad, O'Higgins, Chile",,0.24223666565677,329.75295799367689,-72.026,-34.457
"Directions from Vía Sin Nombre, Paredones, O'Higgins, Chile to La Cuchilla, Navidad, O'Higgins, Chile",,0.24254195240721,326.99103430617924,-72.026,-34.456
"Directions from Vía Sin Nombre, Paredones, O'Higgins, Chile to La Cuchilla, Navidad, O'Higgins, Chile",,0.24585100060874,324.43273184272249,-72.028,-34.454
"Directions from Vía Sin Nombre, Paredones, O'Higgins, Chile to La Cuchilla, Navidad, O'Higgins, Chile",,0.24663700315326,325.17559070548640,-72.029,-34.453
"Directions from Vía Sin Nombre, Paredones, O'Higgins, Chile to La Cuchilla, Navidad, O'Higgins, Chile",,0.24809044733864,331.07049674032555,-72.030,-34.452
"Directions from Vía Sin Nombre, Paredones, O'Higgins, Chile to La Cuchilla, Navidad, O'Higgins, Chile",,0.25060480610381,333.43916556637117,-72.031,-34.449
"Directions from Vía Sin Nombre, Paredones, O'Higgins, Chile to La Cuchilla, Navidad, O'Higgins, Chile",,0.25265833964383,335.00560837365191,-72.032,-34.448
"Directions from Vía Sin Nombre, Paredones, O'Higgins, Chile to La Cuchilla, Navidad, O'Higgins, Chile",,0.25281989458805,339.67271587361358,-72.032,-34.447
"Directions from Vía Sin Nombre, Paredones, O'Higgins, Chile to La Cuchilla, Navidad, O'Higgins, Chile",,0.25325313816850,345.91162472897429,-72.032,-34.447
"Directions from Vía Sin Nombre, Paredones, O'Higgins, Chile to La Cuchilla, Navidad, O'Higgins, Chile",,0.25393210797637,353.08962830388185,-72.032,-34.446
"Directions from Vía Sin Nombre, Paredones, O'Higgins, Chile to La Cuchilla, Navidad, O'Higgins, Chile",,0.25571760510602,351.73013662143961,-72.032,-34.445
"Directions from Vía Sin Nombre, Paredones, O'Higgins, Chile to La Cuchilla, Navidad, O'Higgins, Chile",,0.25648448188882,346.63005278871293,-72.032,-34.444
"Directions from Vía Sin Nombre, Paredones, O'Higgins, Chile to La Cuchilla, Navidad, O'Higgins, Chile",,0.25711511648984,340.90205752183959,-72.032,-34.443
"Directions from Vía Sin Nombre, Paredones, O'Higgins, Chile to La Cuchilla, Navidad, O'Higgins, Chile",,0.25836911011024,339.03324275098129,-72.033,-34.442
"Directions from Vía Sin Nombre, Paredones, O'Higgins, Chile to La Cuchilla, Navidad, O'Higgins, Chile",,0.25849560121665,345.84962211772972,-72.033,-34.442
"Directions from Vía Sin Nombre, Paredones, O'Higgins, Chile to La Cuchilla, Navidad, O'Higgins, Chile",,0.25872905356725,351.77612420156834,-72.033,-34.442
"Directions from Vía Sin Nombre, Paredones, O'Higgins, Chile to La Cuchilla, Navidad, O'Higgins, Chile",,0.25899077861381,356.70902767288641,-72.033,-34.441
"Directions from Vía Sin Nombre, Paredones, O'Higgins, Chile to La Cuchilla, Navidad, O'Higgins, Chile",,0.25928077861381,4.89120351606818,-72.033,-34.441
"Directions from Vía Sin Nombre, Paredones, O'Higgins, Chile to La Cuchilla, Navidad, O'Higgins, Chile",,0.25957505739320,11.77700337442667,-72.033,-34.441
"Directions from Vía Sin Nombre, Paredones, O'Higgins, Chile to La Cuchilla, Navidad, O'Higgins, Chile",,0.26062524785212,12.00784358179382,-72.033,-34.440
"Directions from Vía Sin Nombre, Paredones, O'Higgins, Chile to La Cuchilla, Navidad, O'Higgins, Chile",,0.26146869316747,6.71195878274112,-72.032,-34.439
"Directions from Vía Sin Nombre, Paredones, O'Higgins, Chile to La Cuchilla, Navidad, O'Higgins, Chile",,0.26182924829502,358.77457368075608,-72.032,-34.439
"Directions from Vía Sin Nombre, Paredones, O'Higgins, Chile to La Cuchilla, Navidad, O'Higgins, Chile",,0.26254269065429,351.80917512492084,-72.033,-34.438
"Directions from Vía Sin Nombre, Paredones, O'Higgins, Chile to La Cuchilla, Navidad, O'Higgins, Chile",,0.26415091949373,350.04334298047888,-72.033,-34.436
"Directions from Vía Sin Nombre, Paredones, O'Higgins, Chile to La Cuchilla, Navidad, O'Higgins, Chile",,0.26509293860182,347.65677097810635,-72.033,-34.435
"Directions from Vía Sin Nombre, Paredones, O'Higgins, Chile to La Cuchilla, Navidad, O'Higgins, Chile",,0.26527975401873,346.19056596219468,-72.033,-34.435
"Directions from Vía Sin Nombre, Paredones, O'Higgins, Chile to La Cuchilla, Navidad, O'Higgins, Chile",,0.26556611044000,349.13999738316335,-72.033,-34.435
"Directions from Vía Sin Nombre, Paredones, O'Higgins, Chile to La Cuchilla, Navidad, O'Higgins, Chile",,0.26730052676834,355.18737592206656,-72.033,-34.433
"Directions from Vía Sin Nombre, Paredones, O'Higgins, Chile to La Cuchilla, Navidad, O'Higgins, Chile",,0.26734052676834,353.92252915131519,-72.033,-34.433
"Directions from Vía Sin Nombre, Paredones, O'Higgins, Chile to La Cuchilla, Navidad, O'Higgins, Chile",,0.26800543277674,349.31701588050123,-72.034,-34.433
"Directions from Vía Sin Nombre, Paredones, O'Higgins, Chile to La Cuchilla, Navidad, O'Higgins, Chile",,0.26838026607301,348.89717833414261,-72.034,-34.432
"Directions from Vía Sin Nombre, Paredones, O'Higgins, Chile to La Cuchilla, Navidad, O'Higgins, Chile",,0.26851368271365,351.30333892680028,-72.034,-34.432
"Directions from Vía Sin Nombre, Paredones, O'Higgins, Chile to La Cuchilla, Navidad, O'Higgins, Chile",,0.26877445080987,0.18246816804904,-72.034,-34.432
"Directions from Vía Sin Nombre, Paredones, O'Higgins, Chile to La Cuchilla, Navidad, O'Higgins, Chile",,0.26889486675565,2.38182084620539,-72.034,-34.432
"Directions from Vía Sin Nombre, Paredones, O'Higgins, Chile to La Cuchilla, Navidad, O'Higgins, Chile",,0.26896486675565,3.71570398498088,-72.034,-34.432
"Directions from Vía Sin Nombre, Paredones, O'Higgins, Chile to La Cuchilla, Navidad, O'Higgins, Chile",,0.26919681502575,10.73382571944303,-72.034,-34.431
"Directions from Vía Sin Nombre, Paredones, O'Higgins, Chile to La Cuchilla, Navidad, O'Higgins, Chile",,0.26969158770083,32.68821760841005,-72.033,-34.431
"Directions from Vía Sin Nombre, Paredones, O'Higgins, Chile to La Cuchilla, Navidad, O'Higgins, Chile",,0.26975561894320,42.51512963380619,-72.033,-34.431
"Directions from Vía Sin Nombre, Paredones, O'Higgins, Chile to La Cuchilla, Navidad, O'Higgins, Chile",,0.26979167445595,30.12755935111134,-72.033,-34.431
"Directions from Vía Sin Nombre, Paredones, O'Higgins, Chile to La Cuchilla, Navidad, O'Higgins, Chile",,0.26985875649528,23.96783672595804,-72.033,-34.431
"Directions from Vía Sin Nombre, Paredones, O'Higgins, Chile to La Cuchilla, Navidad, O'Higgins, Chile",,0.27059970183739,23.07288141753220,-72.033,-34.430
"Directions from Vía Sin Nombre, Paredones, O'Higgins, Chile to La Cuchilla, Navidad, O'Higgins, Chile",,0.27074288004802,27.86944854922321,-72.033,-34.430
"Directions from Vía Sin Nombre, Paredones, O'Higgins, Chile to La Cuchilla, Navidad, O'Higgins, Chile",,0.27103442764277,32.97788836403594,-72.033,-34.430
"Directions from Vía Sin Nombre, Paredones, O'Higgins, Chile to La Cuchilla, Navidad, O'Higgins, Chile",,0.27115649319892,37.61418925325955,-72.033,-34.430
"Directions from Vía Sin Nombre, Paredones, O'Higgins, Chile to La Cuchilla, Navidad, O'Higgins, Chile",,0.27132678706259,38.65471581401882,-72.033,-34.429
"Directions from Vía Sin Nombre, Paredones, O'Higgins, Chile to La Cuchilla, Navidad, O'Higgins, Chile",,0.27189079060867,29.43724140578664,-72.032,-34.429
"Directions from Vía Sin Nombre, Paredones, O'Higgins, Chile to La Cuchilla, Navidad, O'Higgins, Chile",,0.27194464225674,10.90070474738741,-72.032,-34.429
"Directions from Vía Sin Nombre, Paredones, O'Higgins, Chile to La Cuchilla, Navidad, O'Higgins, Chile",,0.27199464225674,15.12821858184374,-72.032,-34.429
"Directions from Vía Sin Nombre, Paredones, O'Higgins, Chile to La Cuchilla, Navidad, O'Higgins, Chile",,0.27255034001632,27.51578886596181,-72.032,-34.428
"Directions from Vía Sin Nombre, Paredones, O'Higgins, Chile to La Cuchilla, Navidad, O'Higgins, Chile",,0.27283669643758,25.88548948123042,-72.032,-34.428
"Directions from Vía Sin Nombre, Paredones, O'Higgins, Chile to La Cuchilla, Navidad, O'Higgins, Chile",,0.27343150733190,28.51148131368293,-72.032,-34.428
"Directions from Vía Sin Nombre, Paredones, O'Higgins, Chile to La Cuchilla, Navidad, O'Higgins, Chile",,0.27469047516311,26.88830936221268,-72.031,-34.427
"Directions from Vía Sin Nombre, Paredones, O'Higgins, Chile to La Cuchilla, Navidad, O'Higgins, Chile",,0.27496360516878,20.42611173137862,-72.031,-34.426
"Directions from Vía Sin Nombre, Paredones, O'Higgins, Chile to La Cuchilla, Navidad, O'Higgins, Chile",,0.27523563457896,14.20633072133739,-72.031,-34.426
"Directions from Vía Sin Nombre, Paredones, O'Higgins, Chile to La Cuchilla, Navidad, O'Higgins, Chile",,0.27549058555463,6.67767048038159,-72.031,-34.426
"Directions from Vía Sin Nombre, Paredones, O'Higgins, Chile to La Cuchilla, Navidad, O'Higgins, Chile",,0.27577076406915,0.75497475200867,-72.031,-34.426
"Directions from Vía Sin Nombre, Paredones, O'Higgins, Chile to La Cuchilla, Navidad, O'Higgins, Chile",,0.28005095098096,3.79732168415328,-72.031,-34.421
"Directions from Vía Sin Nombre, Paredones, O'Higgins, Chile to La Cuchilla, Navidad, O'Higgins, Chile",,0.28061663640591,12.03774912769400,-72.031,-34.421
"Directions from Vía Sin Nombre, Paredones, O'Higgins, Chile to La Cuchilla, Navidad, O'Higgins, Chile",,0.28098064190037,13.12512118645445,-72.031,-34.420
"Directions from Vía Sin Nombre, Paredones, O'Higgins, Chile to La Cuchilla, Navidad, O'Higgins, Chile",,0.28109244529926,16.75171849180794,-72.031,-34.420
"Directions from Vía Sin Nombre, Paredones, O'Higgins, Chile to La Cuchilla, Navidad, O'Higgins, Chile",,0.28116860303031,19.34138011311624,-72.031,-34.420
"Directions from Vía Sin Nombre, Paredones, O'Higgins, Chile to La Cuchilla, Navidad, O'Higgins, Chile",,0.28270434389387,16.18894994662382,-72.030,-34.419
"Directions from Vía Sin Nombre, Paredones, O'Higgins, Chile to La Cuchilla, Navidad, O'Higgins, Chile",,0.28411523014017,15.91257367836066,-72.030,-34.417
"Directions from Vía Sin Nombre, Paredones, O'Higgins, Chile to La Cuchilla, Navidad, O'Higgins, Chile",,0.28442571363410,7.46570858873093,-72.030,-34.417
"Directions from Vía Sin Nombre, Paredones, O'Higgins, Chile to La Cuchilla, Navidad, O'Higgins, Chile",,0.28444571363409,10.27802260988468,-72.030,-34.417
"Directions from Vía Sin Nombre, Paredones, O'Higgins, Chile to La Cuchilla, Navidad, O'Higgins, Chile",,0.28470203374645,17.29614434624268,-72.030,-34.417
"Directions from Vía Sin Nombre, Paredones, O'Higgins, Chile to La Cuchilla, Navidad, O'Higgins, Chile",,0.28474326480271,18.39360990767977,-72.030,-34.417
"Directions from Vía Sin Nombre, Paredones, O'Higgins, Chile to La Cuchilla, Navidad, O'Higgins, Chile",,0.28507941952899,25.90279022038025,-72.029,-34.416
"Directions from Vía Sin Nombre, Paredones, O'Higgins, Chile to La Cuchilla, Navidad, O'Higgins, Chile",,0.28549124473462,30.76289819472221,-72.029,-34.416
"Directions from Vía Sin Nombre, Paredones, O'Higgins, Chile to La Cuchilla, Navidad, O'Higgins, Chile",,0.28575201283083,33.93299406818535,-72.029,-34.416
"Directions from Vía Sin Nombre, Paredones, O'Higgins, Chile to La Cuchilla, Navidad, O'Higgins, Chile",,0.28621816731166,32.56983857036642,-72.029,-34.415
"Directions from Vía Sin Nombre, Paredones, O'Higgins, Chile to La Cuchilla, Navidad, O'Higgins, Chile",,0.28637941246663,27.26001093295582,-72.029,-34.415
"Directions from Vía Sin Nombre, Paredones, O'Higgins, Chile to La Cuchilla, Navidad, O'Higgins, Chile",,0.28666576888790,19.99158988015354,-72.029,-34.415
"Directions from Vía Sin Nombre, Paredones, O'Higgins, Chile to La Cuchilla, Navidad, O'Higgins, Chile",,0.28773314885773,14.25330476060831,-72.028,-34.414
"Directions from Vía Sin Nombre, Paredones, O'Higgins, Chile to La Cuchilla, Navidad, O'Higgins, Chile",,0.28886345854980,18.16203116949576,-72.028,-34.413
"Directions from Vía Sin Nombre, Paredones, O'Higgins, Chile to La Cuchilla, Navidad, O'Higgins, Chile",,0.28929808482605,23.95292943361230,-72.028,-34.413
"Directions from Vía Sin Nombre, Paredones, O'Higgins, Chile to La Cuchilla, Navidad, O'Higgins, Chile",,0.29005867670084,22.60175184414549,-72.028,-34.412
"Directions from Vía Sin Nombre, Paredones, O'Higgins, Chile to La Cuchilla, Navidad, O'Higgins, Chile",,0.29063452390280,18.51119053152223,-72.027,-34.411
"Directions from Vía Sin Nombre, Paredones, O'Higgins, Chile to La Cuchilla, Navidad, O'Higgins, Chile",,0.29157415148859,18.17653414626992,-72.027,-34.410
"Directions from Vía Sin Nombre, Paredones, O'Higgins, Chile to La Cuchilla, Navidad, O'Higgins, Chile",,0.29172281217607,21.03498576906751,-72.027,-34.410
"Directions from Vía Sin Nombre, Paredones, O'Higgins, Chile to La Cuchilla, Navidad, O'Higgins, Chile",,0.29258820226152,23.17510091319176,-72.027,-34.409
"Directions from Vía Sin Nombre, Paredones, O'Higgins, Chile to La Cuchilla, Navidad, O'Higgins, Chile",,0.29463412503621,25.24955276208838,-72.026,-34.408
"Directions from Vía Sin Nombre, Paredones, O'Higgins, Chile to La Cuchilla, Navidad, O'Higgins, Chile",,0.29505897795194,18.93749182732919,-72.026,-34.407
"Directions from Vía Sin Nombre, Paredones, O'Higgins, Chile to La Cuchilla, Navidad, O'Higgins, Chile",,0.29510996814708,15.37498365141137,-72.026,-34.407
"Directions from Vía Sin Nombre, Paredones, O'Higgins, Chile to La Cuchilla, Navidad, O'Higgins, Chile",,0.29529024571085,14.45117851831532,-72.026,-34.407
"Directions from Vía Sin Nombre, Paredones, O'Higgins, Chile to La Cuchilla, Navidad, O'Higgins, Chile",,0.29547272858676,6.59685960478231,-72.026,-34.407
"Directions from Vía Sin Nombre, Paredones, O'Higgins, Chile to La Cuchilla, Navidad, O'Higgins, Chile",,0.29593370580962,1.86569849930243,-72.026,-34.406
"Directions from Vía Sin Nombre, Paredones, O'Higgins, Chile to La Cuchilla, Navidad, O'Higgins, Chile",,0.29645370580962,2.38182084498873,-72.026,-34.406
"Directions from Vía Sin Nombre, Paredones, O'Higgins, Chile to La Cuchilla, Navidad, O'Higgins, Chile",,0.29681495364698,6.44687202328805,-72.026,-34.405
"Directions from Vía Sin Nombre, Paredones, O'Higgins, Chile to La Cuchilla, Navidad, O'Higgins, Chile",,0.29695637500322,10.46718421118264,-72.026,-34.405
"Directions from Vía Sin Nombre, Paredones, O'Higgins, Chile to La Cuchilla, Navidad, O'Higgins, Chile",,0.29718198528668,6.40213303288333,-72.026,-34.405
"Directions from Vía Sin Nombre, Paredones, O'Higgins, Chile to La Cuchilla, Navidad, O'Higgins, Chile",,0.29720198528668,11.74304690198027,-72.026,-34.405
"Directions from Vía Sin Nombre, Paredones, O'Higgins, Chile to La Cuchilla, Navidad, O'Higgins, Chile",,0.29903373308591,25.02557249098901,-72.025,-34.403
"Directions from Vía Sin Nombre, Paredones, O'Higgins, Chile to La Cuchilla, Navidad, O'Higgins, Chile",,0.29961511076006,25.20776254286986,-72.025,-34.403
"Directions from Vía Sin Nombre, Paredones, O'Higgins, Chile to La Cuchilla, Navidad, O'Higgins, Chile",,0.30065381187202,26.29513459926545,-72.024,-34.402
"Directions from Vía Sin Nombre, Paredones, O'Higgins, Chile to La Cuchilla, Navidad, O'Higgins, Chile",,0.30100736526262,26.87834438586587,-72.024,-34.402
"Directions from Vía Sin Nombre, Paredones, O'Higgins, Chile to La Cuchilla, Navidad, O'Higgins, Chile",,0.30117289471619,26.51303509418832,-72.024,-34.401
"Directions from Vía Sin Nombre, Paredones, O'Higgins, Chile to La Cuchilla, Navidad, O'Higgins, Chile",,0.30170524798236,26.73626088488834,-72.024,-34.401
"Directions from Vía Sin Nombre, Paredones, O'Higgins, Chile to La Cuchilla, Navidad, O'Higgins, Chile",,0.30193784204935,27.36929966997985,-72.024,-34.401
"Directions from Vía Sin Nombre, Paredones, O'Higgins, Chile to La Cuchilla, Navidad, O'Higgins, Chile",,0.30269447934687,32.04987171667435,-72.023,-34.400
"Directions from Vía Sin Nombre, Paredones, O'Higgins, Chile to La Cuchilla, Navidad, O'Higgins, Chile",,0.30297465786139,36.55732617378654,-72.023,-34.400
"Directions from Vía Sin Nombre, Paredones, O'Higgins, Chile to La Cuchilla, Navidad, O'Higgins, Chile",,0.30345880659887,40.38202314032281,-72.023,-34.400
"Directions from Vía Sin Nombre, Paredones, O'Higgins, Chile to La Cuchilla, Navidad, O'Higgins, Chile",,0.30442140724296,44.49350232239810,-72.022,-34.399
"Directions from Vía Sin Nombre, Paredones, O'Higgins, Chile to La Cuchilla, Navidad, O'Higgins, Chile",,0.30817038043571,46.94572576473370,-72.019,-34.396
"Directions from Vía Sin Nombre, Paredones, O'Higgins, Chile to La Cuchilla, Navidad, O'Higgins, Chile",,0.31038553280068,50.25421616543438,-72.018,-34.395
"Directions from Vía Sin Nombre, Paredones, O'Higgins, Chile to La Cuchilla, Navidad, O'Higgins, Chile",,0.31043553280068,49.68325498003762,-72.018,-34.395
"Directions from Vía Sin Nombre, Paredones, O'Higgins, Chile to La Cuchilla, Navidad, O'Higgins, Chile",,0.31141864011934,44.29693115419306,-72.017,-34.394
"Directions from Vía Sin Nombre, Paredones, O'Higgins, Chile to La Cuchilla, Navidad, O'Higgins, Chile",,0.31187874880215,40.82343078411206,-72.017,-34.394
"Directions from Vía Sin Nombre, Paredones, O'Higgins, Chile to La Cuchilla, Navidad, O'Higgins, Chile",,0.31315788913847,81.78814191999248,-72.016,-34.393
"Directions from Vía Sin Nombre, Paredones, O'Higgins, Chile to La Cuchilla, Navidad, O'Higgins, Chile",,0.31448924183404,75.42596407783644,-72.015,-34.393
"Directions from Vía Sin Nombre, Paredones, O'Higgins, Chile to La Cuchilla, Navidad, O'Higgins, Chile",,0.31498117678910,63.78429601508242,-72.015,-34.393
"Directions from Vía Sin Nombre, Paredones, O'Higgins, Chile to La Cuchilla, Navidad, O'Higgins, Chile",,0.31644814645476,101.87783030109313,-72.013,-34.393
"Directions from Vía Sin Nombre, Paredones, O'Higgins, Chile to La Cuchilla, Navidad, O'Higgins, Chile",,0.31839619676212,98.41886826498899,-72.011,-34.394
"Directions from Vía Sin Nombre, Paredones, O'Higgins, Chile to La Cuchilla, Navidad, O'Higgins, Chile",,0.31867691013908,87.55649508251844,-72.011,-34.394
"Directions from Vía Sin Nombre, Paredones, O'Higgins, Chile to La Cuchilla, Navidad, O'Higgins, Chile",,0.31906161782031,74.76296953033530,-72.011,-34.394
"Directions from Vía Sin Nombre, Paredones, O'Higgins, Chile to La Cuchilla, Navidad, O'Higgins, Chile",,0.31941630077733,66.26208585637175,-72.010,-34.394
"Directions from Vía Sin Nombre, Paredones, O'Higgins, Chile to La Cuchilla, Navidad, O'Higgins, Chile",,0.32028394125586,62.82318147570216,-72.009,-34.393
"Directions from Vía Sin Nombre, Paredones, O'Higgins, Chile to La Cuchilla, Navidad, O'Higgins, Chile",,0.32127277895742,62.48980788458348,-72.009,-34.393
"Directions from Vía Sin Nombre, Paredones, O'Higgins, Chile to La Cuchilla, Navidad, O'Higgins, Chile",,0.32464030030108,54.17942942755210,-72.006,-34.391
"Directions from Vía Sin Nombre, Paredones, O'Higgins, Chile to La Cuchilla, Navidad, O'Higgins, Chile",,0.32465444243670,54.16108100051192,-72.006,-34.391
"Directions from Vía Sin Nombre, Paredones, O'Higgins, Chile to La Cuchilla, Navidad, O'Higgins, Chile",,0.32919814137039,100.66747475305343,-72.001,-34.389
"Directions from Vía Sin Nombre, Paredones, O'Higgins, Chile to La Cuchilla, Navidad, O'Higgins, Chile",,0.32933267761086,127.28891934108051,-72.001,-34.389
"Directions from Vía Sin Nombre, Paredones, O'Higgins, Chile to La Cuchilla, Navidad, O'Higgins, Chile",,0.32937739897041,132.56774278203460,-72.001,-34.389
"Directions from Vía Sin Nombre, Paredones, O'Higgins, Chile to La Cuchilla, Navidad, O'Higgins, Chile",,0.32958834920150,132.56774277389238,-72.001,-34.389
"Directions from Vía Sin Nombre, Paredones, O'Higgins, Chile to La Cuchilla, Navidad, O'Higgins, Chile",,0.32961070988128,139.06505116690022,-72.001,-34.389
"Directions from Vía Sin Nombre, Paredones, O'Higgins, Chile to La Cuchilla, Navidad, O'Higgins, Chile",,0.32964233265789,139.06505118318466,-72.001,-34.389
"Directions from Vía Sin Nombre, Paredones, O'Higgins, Chile to La Cuchilla, Navidad, O'Higgins, Chile",,0.32966469333766,103.28252559668123,-72.001,-34.389
"Directions from Vía Sin Nombre, Paredones, O'Higgins, Chile to La Cuchilla, Navidad, O'Higgins, Chile",,0.32967469333766,112.49999998982221,-72.001,-34.389
"Directions from Vía Sin Nombre, Paredones, O'Higgins, Chile to La Cuchilla, Navidad, O'Higgins, Chile",,0.32968883547328,112.49999998982221,-72.001,-34.390
"Directions from Vía Sin Nombre, Paredones, O'Higgins, Chile to La Cuchilla, Navidad, O'Higgins, Chile",,0.32973883547329,76.71747441146103,-72.001,-34.390
"Directions from Vía Sin Nombre, Paredones, O'Higgins, Chile to La Cuchilla, Navidad, O'Higgins, Chile",,0.32976119615305,54.21747441146100,-72.001,-34.389
"Directions from Vía Sin Nombre, Paredones, O'Higgins, Chile to La Cuchilla, Navidad, O'Higgins, Chile",,0.32977533828868,67.50000000000000,-72.001,-34.389
"Directions from Vía Sin Nombre, Paredones, O'Higgins, Chile to La Cuchilla, Navidad, O'Higgins, Chile",,0.32979533828869,67.49999998982224,-72.001,-34.389
"Directions from Vía Sin Nombre, Paredones, O'Higgins, Chile to La Cuchilla, Navidad, O'Higgins, Chile",,0.32980948042430,22.49999998982223,-72.001,-34.389
"Directions from Vía Sin Nombre, Paredones, O'Higgins, Chile to La Cuchilla, Navidad, O'Higgins, Chile",,0.32981948042430,13.28252559261011,-72.001,-34.389
"Directions from Vía Sin Nombre, Paredones, O'Higgins, Chile to La Cuchilla, Navidad, O'Higgins, Chile",,0.32984184110408,13.28252559261011,-72.001,-34.389
"Directions from Vía Sin Nombre, Paredones, O'Higgins, Chile to La Cuchilla, Navidad, O'Higgins, Chile",,0.32993184110408,357.61817915393499,-72.001,-34.389
"Directions from Vía Sin Nombre, Paredones, O'Higgins, Chile to La Cuchilla, Navidad, O'Higgins, Chile",,0.33005225704987,357.61817915393499,-72.001,-34.389
"Directions from Vía Sin Nombre, Paredones, O'Higgins, Chile to La Cuchilla, Navidad, O'Higgins, Chile",,0.33019225704986,8.34962211923779,-72.001,-34.389
"Directions from Vía Sin Nombre, Paredones, O'Higgins, Chile to La Cuchilla, Navidad, O'Higgins, Chile",,0.33029666011496,18.86837763236840,-72.001,-34.389
"Directions from Vía Sin Nombre, Paredones, O'Higgins, Chile to La Cuchilla, Navidad, O'Higgins, Chile",,0.33043594399773,23.80128110116072,-72.001,-34.389
"Directions from Vía Sin Nombre, Paredones, O'Higgins, Chile to La Cuchilla, Navidad, O'Higgins, Chile",,0.33079371487413,28.67459885135656,-72.001,-34.389
"Directions from Vía Sin Nombre, Paredones, O'Higgins, Chile to La Cuchilla, Navidad, O'Higgins, Chile",,0.33134079804879,60.39207326332646,-72.001,-34.388
"Directions from Vía Sin Nombre, Paredones, O'Higgins, Chile to La Cuchilla, Navidad, O'Higgins, Chile",,0.33135079804880,45.00000000000000,-72.001,-34.388
"Directions from Vía Sin Nombre, Paredones, O'Higgins, Chile to La Cuchilla, Navidad, O'Higgins, Chile",,0.33136079804879,22.49999997964445,-72.001,-34.388
"Directions from Vía Sin Nombre, Paredones, O'Higgins, Chile to La Cuchilla, Navidad, O'Higgins, Chile",,0.33137494018441,37.37244062895067,-72.001,-34.388
"Directions from Vía Sin Nombre, Paredones, O'Higgins, Chile to La Cuchilla, Navidad, O'Higgins, Chile",,0.33161680791687,34.99061980310082,-72.000,-34.388
"Directions from Vía Sin Nombre, Paredones, O'Higgins, Chile to La Cuchilla, Navidad, O'Higgins, Chile",,0.33178710178052,43.60564615952570,-72.000,-34.388
"Directions from Vía Sin Nombre, Paredones, O'Higgins, Chile to La Cuchilla, Navidad, O'Higgins, Chile",,0.33199228462581,53.96016495667260,-72.000,-34.388
"Directions from Vía Sin Nombre, Paredones, O'Higgins, Chile to La Cuchilla, Navidad, O'Higgins, Chile",,0.33219819722863,66.25522354049831,-72.000,-34.387
"Directions from Vía Sin Nombre, Paredones, O'Higgins, Chile to La Cuchilla, Navidad, O'Higgins, Chile",,0.33226144278184,67.49999999830369,-72.000,-34.387
"Directions from Vía Sin Nombre, Paredones, O'Higgins, Chile to La Cuchilla, Navidad, O'Higgins, Chile",,0.33232852482116,67.49999999830372,-72.000,-34.387
"Directions from Vía Sin Nombre, Paredones, O'Higgins, Chile to La Cuchilla, Navidad, O'Higgins, Chile",,0.33239177037436,73.76440385599265,-72.000,-34.387
"Directions from Vía Sin Nombre, Paredones, O'Higgins, Chile to La Cuchilla, Navidad, O'Higgins, Chile",,0.33263915671191,74.19624887725928,-72.000,-34.387
"Directions from Vía Sin Nombre, Paredones, O'Higgins, Chile to La Cuchilla, Navidad, O'Higgins, Chile",,0.33515661574831,81.21437061082338,-71.997,-34.387
"Directions from Vía Sin Nombre, Paredones, O'Higgins, Chile to La Cuchilla, Navidad, O'Higgins, Chile",,0.33520661574831,84.34503376142408,-71.997,-34.387
"Directions from Vía Sin Nombre, Paredones, O'Higgins, Chile to La Cuchilla, Navidad, O'Higgins, Chile",,0.33525760594345,84.34503376142408,-71.997,-34.387
"Directions from Vía Sin Nombre, Paredones, O'Higgins, Chile to La Cuchilla, Navidad, O'Higgins, Chile",,0.33551760594345,93.17009587283084,-71.997,-34.387
"Directions from Vía Sin Nombre, Paredones, O'Higgins, Chile to La Cuchilla, Navidad, O'Higgins, Chile",,0.33569871364621,98.32251910723014,-71.997,-34.387
"Directions from Vía Sin Nombre, Paredones, O'Higgins, Chile to La Cuchilla, Navidad, O'Higgins, Chile",,0.33681674763495,95.15242323439929,-71.995,-34.387
"Directions from Vía Sin Nombre, Paredones, O'Higgins, Chile to La Cuchilla, Navidad, O'Higgins, Chile",,0.33689674763495,94.73116110511312,-71.995,-34.387
"Directions from Vía Sin Nombre, Paredones, O'Higgins, Chile to La Cuchilla, Navidad, O'Higgins, Chile",,0.33695757526026,90.00000000000001,-71.995,-34.387
"Directions from Vía Sin Nombre, Paredones, O'Higgins, Chile to La Cuchilla, Navidad, O'Higgins, Chile",,0.33701840288557,85.26883889488690,-71.995,-34.387
"Directions from Vía Sin Nombre, Paredones, O'Higgins, Chile to La Cuchilla, Navidad, O'Higgins, Chile",,0.33707840288556,87.40278554730054,-71.995,-34.387
"Directions from Vía Sin Nombre, Paredones, O'Higgins, Chile to La Cuchilla, Navidad, O'Higgins, Chile",,0.33718885649574,82.39879564610175,-71.995,-34.387
"Directions from Vía Sin Nombre, Paredones, O'Higgins, Chile to La Cuchilla, Navidad, O'Higgins, Chile",,0.33736148326075,76.64638798205335,-71.995,-34.387
"Directions from Vía Sin Nombre, Paredones, O'Higgins, Chile to La Cuchilla, Navidad, O'Higgins, Chile",,0.33767469245603,71.08801831032572,-71.995,-34.387
"Directions from Vía Sin Nombre, Paredones, O'Higgins, Chile to La Cuchilla, Navidad, O'Higgins, Chile",,0.33814639151263,70.22016601525334,-71.994,-34.386
"Directions from Vía Sin Nombre, Paredones, O'Higgins, Chile to La Cuchilla, Navidad, O'Higgins, Chile",,0.33868397871485,75.63010235428530,-71.994,-34.386
"Directions from Vía Sin Nombre, Paredones, O'Higgins, Chile to La Cuchilla, Navidad, O'Higgins, Chile",,0.33879578211373,82.12741075064852,-71.994,-34.386
"Directions from Vía Sin Nombre, Paredones, O'Higgins, Chile to La Cuchilla, Navidad, O'Higgins, Chile",,0.33900673234482,87.64709450178412,-71.993,-34.386
"Directions from Vía Sin Nombre, Paredones, O'Higgins, Chile to La Cuchilla, Navidad, O'Higgins, Chile",,0.33978679644476,91.68853316408121,-71.993,-34.386
"Directions from Vía Sin Nombre, Paredones, O'Higgins, Chile to La Cuchilla, Navidad, O'Higgins, Chile",,0.34043748838415,95.38632382473229,-71.992,-34.386
"Directions from Vía Sin Nombre, Paredones, O'Higgins, Chile to La Cuchilla, Navidad, O'Higgins, Chile",,0.34050819906228,95.24169961105694,-71.992,-34.386
"Directions from Vía Sin Nombre, Paredones, O'Higgins, Chile to La Cuchilla, Navidad, O'Higgins, Chile",,0.34123881524057,91.17664843316474,-71.991,-34.386
"Directions from Vía Sin Nombre, Paredones, O'Higgins, Chile to La Cuchilla, Navidad, O'Higgins, Chile",,0.34161881524058,87.14470343044404,-71.991,-34.386
"Directions from Vía Sin Nombre, Paredones, O'Higgins, Chile to La Cuchilla, Navidad, O'Higgins, Chile",,0.34171931399679,87.14470343044404,-71.991,-34.386
"Directions from Vía Sin Nombre, Paredones, O'Higgins, Chile to La Cuchilla, Navidad, O'Higgins, Chile",,0.34176931399678,86.74009912440114,-71.991,-34.386
"Directions from Vía Sin Nombre, Paredones, O'Higgins, Chile to La Cuchilla, Navidad, O'Higgins, Chile",,0.34212159229587,80.94401141890884,-71.990,-34.386
"Directions from Vía Sin Nombre, Paredones, O'Higgins, Chile to La Cuchilla, Navidad, O'Higgins, Chile",,0.34251971288061,76.23121434412860,-71.990,-34.386
"Directions from Vía Sin Nombre, Paredones, O'Higgins, Chile to La Cuchilla, Navidad, O'Higgins, Chile",,0.34353892826511,82.02730204962089,-71.989,-34.386
"Directions from Vía Sin Nombre, Paredones, O'Higgins, Chile to La Cuchilla, Navidad, O'Higgins, Chile",,0.34355892826512,82.38778499066916,-71.989,-34.386
"Directions from Vía Sin Nombre, Paredones, O'Higgins, Chile to La Cuchilla, Navidad, O'Higgins, Chile",,0.34519639582204,74.16759522981650,-71.987,-34.386
"Directions from Vía Sin Nombre, Paredones, O'Higgins, Chile to La Cuchilla, Navidad, O'Higgins, Chile",,0.35028442097921,75.03936533173602,-71.982,-34.384
"Directions from Vía Sin Nombre, Paredones, O'Higgins, Chile to La Cuchilla, Navidad, O'Higgins, Chile",,0.35328715306849,75.23958343948162,-71.980,-34.383
"Directions from Vía Sin Nombre, Paredones, O'Higgins, Chile to La Cuchilla, Navidad, O'Higgins, Chile",,0.35411955921936,74.88788122273441,-71.979,-34.383
"Directions from Vía Sin Nombre, Paredones, O'Higgins, Chile to La Cuchilla, Navidad, O'Higgins, Chile",,0.35505817522178,73.69037846471974,-71.978,-34.383
"Directions from Vía Sin Nombre, Paredones, O'Higgins, Chile to La Cuchilla, Navidad, O'Higgins, Chile",,0.35524791188139,68.07866653438326,-71.978,-34.383
"Directions from Vía Sin Nombre, Paredones, O'Higgins, Chile to La Cuchilla, Navidad, O'Higgins, Chile",,0.35613357547441,67.01811833589916,-71.977,-34.382
"Directions from Vía Sin Nombre, Paredones, O'Higgins, Chile to La Cuchilla, Navidad, O'Higgins, Chile",,0.35638989558678,72.70385565643092,-71.977,-34.382
"Directions from Vía Sin Nombre, Paredones, O'Higgins, Chile to La Cuchilla, Navidad, O'Higgins, Chile",,0.35647235769928,78.25071716165721,-71.976,-34.382
"Directions from Vía Sin Nombre, Paredones, O'Higgins, Chile to La Cuchilla, Navidad, O'Higgins, Chile",,0.35665484057519,81.84745218928359,-71.976,-34.382
"Directions from Vía Sin Nombre, Paredones, O'Higgins, Chile to La Cuchilla, Navidad, O'Higgins, Chile",,0.35741022127391,81.64570982234505,-71.976,-34.382
"Directions from Vía Sin Nombre, Paredones, O'Higgins, Chile to La Cuchilla, Navidad, O'Higgins, Chile",,0.35764367362451,76.93699417459106,-71.975,-34.382
"Directions from Vía Sin Nombre, Paredones, O'Higgins, Chile to La Cuchilla, Navidad, O'Higgins, Chile",,0.35789367362452,70.85178417579678,-71.975,-34.382
"Directions from Vía Sin Nombre, Paredones, O'Higgins, Chile to La Cuchilla, Navidad, O'Higgins, Chile",,0.35834677405488,56.48188652988762,-71.975,-34.382
"Directions from Vía Sin Nombre, Paredones, O'Higgins, Chile to La Cuchilla, Navidad, O'Higgins, Chile",,0.35836091619050,54.21747441146100,-71.975,-34.382
"Directions from Vía Sin Nombre, Paredones, O'Higgins, Chile to La Cuchilla, Navidad, O'Higgins, Chile",,0.35845035890960,59.87244064899304,-71.975,-34.382
"Directions from Vía Sin Nombre, Paredones, O'Higgins, Chile to La Cuchilla, Navidad, O'Higgins, Chile",,0.35855852544786,50.65496623753204,-71.974,-34.382
"Directions from Vía Sin Nombre, Paredones, O'Higgins, Chile to La Cuchilla, Navidad, O'Higgins, Chile",,0.35857266758349,58.28252558446788,-71.974,-34.382
"Directions from Vía Sin Nombre, Paredones, O'Higgins, Chile to La Cuchilla, Navidad, O'Higgins, Chile",,0.35860429036009,61.70391229104022,-71.974,-34.382
"Directions from Vía Sin Nombre, Paredones, O'Higgins, Chile to La Cuchilla, Navidad, O'Higgins, Chile",,0.35896038023639,49.66616316711100,-71.974,-34.382
"Directions from Vía Sin Nombre, Paredones, O'Higgins, Chile to La Cuchilla, Navidad, O'Higgins, Chile",,0.35912316844234,44.33773904348358,-71.974,-34.382
"Directions from Vía Sin Nombre, Paredones, O'Higgins, Chile to La Cuchilla, Navidad, O'Higgins, Chile",,0.35933577135860,35.62725399484745,-71.974,-34.381
"Directions from Vía Sin Nombre, Paredones, O'Higgins, Chile to La Cuchilla, Navidad, O'Higgins, Chile",,0.35955531634260,32.53030150954251,-71.974,-34.381
"Directions from Vía Sin Nombre, Paredones, O'Higgins, Chile to La Cuchilla, Navidad, O'Higgins, Chile",,0.35967738189876,32.62422868130305,-71.974,-34.381
"Directions from Vía Sin Nombre, Paredones, O'Higgins, Chile to La Cuchilla, Navidad, O'Higgins, Chile",,0.35981630633865,33.56316740251399,-71.974,-34.381
"Directions from Vía Sin Nombre, Paredones, O'Higgins, Chile to La Cuchilla, Navidad, O'Higgins, Chile",,0.35986630633866,33.68162802011299,-71.974,-34.381
"Directions from Vía Sin Nombre, Paredones, O'Higgins, Chile to La Cuchilla, Navidad, O'Higgins, Chile",,0.36091076792243,24.46415361475866,-71.973,-34.380
"Directions from Vía Sin Nombre, Paredones, O'Higgins, Chile to La Cuchilla, Navidad, O'Higgins, Chile",,0.36094239069904,31.71747440840767,-71.973,-34.380
"Directions from Vía Sin Nombre, Paredones, O'Higgins, Chile to La Cuchilla, Navidad, O'Higgins, Chile",,0.36097067497028,39.34503375821417,-71.973,-34.380
"Directions from Vía Sin Nombre, Paredones, O'Higgins, Chile to La Cuchilla, Navidad, O'Higgins, Chile",,0.36133123009783,35.27998258636078,-71.973,-34.380
"Directions from Vía Sin Nombre, Paredones, O'Higgins, Chile to La Cuchilla, Navidad, O'Higgins, Chile",,0.36193123009783,37.82713087322611,-71.973,-34.379
"Directions from Vía Sin Nombre, Paredones, O'Higgins, Chile to La Cuchilla, Navidad, O'Higgins, Chile",,0.36552323510896,40.83163385150306,-71.970,-34.376
"Directions from Vía Sin Nombre, Paredones, O'Higgins, Chile to La Cuchilla, Navidad, O'Higgins, Chile",,0.36571428484071,40.91433388980792,-71.970,-34.376
"Directions from Vía Sin Nombre, Paredones, O'Higgins, Chile to La Cuchilla, Navidad, O'Higgins, Chile",,0.36880031789302,37.90983091139524,-71.968,-34.374
"Directions from Vía Sin Nombre, Paredones, O'Higgins, Chile to La Cuchilla, Navidad, O'Higgins, Chile",,0.36970031789302,34.23869994633767,-71.968,-34.373
"Directions from Vía Sin Nombre, Paredones, O'Higgins, Chile to La Cuchilla, Navidad, O'Higgins, Chile",,0.37061617814438,25.02122552673446,-71.967,-34.372
"Directions from Vía Sin Nombre, Paredones, O'Higgins, Chile to La Cuchilla, Navidad, O'Higgins, Chile",,0.37064780092097,22.92126212236002,-71.967,-34.372
"Directions from Vía Sin Nombre, Paredones, O'Higgins, Chile to La Cuchilla, Navidad, O'Higgins, Chile",,0.37095193904749,26.14086467621445,-71.967,-34.372
"Directions from Vía Sin Nombre, Paredones, O'Higgins, Chile to La Cuchilla, Navidad, O'Higgins, Chile",,0.37216441585139,21.65455137066976,-71.967,-34.371
"Directions from Vía Sin Nombre, Paredones, O'Higgins, Chile to La Cuchilla, Navidad, O'Higgins, Chile",,0.37219603862800,21.56669413203629,-71.967,-34.371
"Directions from Vía Sin Nombre, Paredones, O'Higgins, Chile to La Cuchilla, Navidad, O'Higgins, Chile",,0.37480467812014,25.88525983761581,-71.965,-34.369
"Directions from Vía Sin Nombre, Paredones, O'Higgins, Chile to La Cuchilla, Navidad, O'Higgins, Chile",,0.37531004927088,13.53604011907607,-71.965,-34.368
"Directions from Vía Sin Nombre, Paredones, O'Higgins, Chile to La Cuchilla, Navidad, O'Higgins, Chile",,0.37533004927088,15.36774385100399,-71.965,-34.368
"Directions from Vía Sin Nombre, Paredones, O'Higgins, Chile to La Cuchilla, Navidad, O'Higgins, Chile",,0.37576051413588,35.55001213802538,-71.965,-34.368
"Directions from Vía Sin Nombre, Paredones, O'Higgins, Chile to La Cuchilla, Navidad, O'Higgins, Chile",,0.37602300223086,42.68226828648571,-71.965,-34.367
"Directions from Vía Sin Nombre, Paredones, O'Higgins, Chile to La Cuchilla, Navidad, O'Higgins, Chile",,0.37629170280770,48.79732168482672,-71.965,-34.367
"Directions from Vía Sin Nombre, Paredones, O'Higgins, Chile to La Cuchilla, Navidad, O'Higgins, Chile",,0.37650571215330,54.15388319624114,-71.964,-34.367
"Directions from Vía Sin Nombre, Paredones, O'Higgins, Chile to La Cuchilla, Navidad, O'Higgins, Chile",,0.37677198269241,58.11861700873094,-71.964,-34.367
"Directions from Vía Sin Nombre, Paredones, O'Higgins, Chile to La Cuchilla, Navidad, O'Higgins, Chile",,0.37703617958868,62.87448521432990,-71.964,-34.367
"Directions from Vía Sin Nombre, Paredones, O'Higgins, Chile to La Cuchilla, Navidad, O'Higgins, Chile",,0.37732253600995,68.84964552928299,-71.964,-34.367
"Directions from Vía Sin Nombre, Paredones, O'Higgins, Chile to La Cuchilla, Navidad, O'Higgins, Chile",,0.37772103318685,75.18983727459712,-71.963,-34.367
"Directions from Vía Sin Nombre, Paredones, O'Higgins, Chile to La Cuchilla, Navidad, O'Higgins, Chile",,0.37800738960812,80.53123475512319,-71.963,-34.367
"Directions from Vía Sin Nombre, Paredones, O'Higgins, Chile to La Cuchilla, Navidad, O'Higgins, Chile",,0.37825918317435,85.59114628760028,-71.963,-34.367
"Directions from Vía Sin Nombre, Paredones, O'Higgins, Chile to La Cuchilla, Navidad, O'Higgins, Chile",,0.37854935553693,90.48036971796002,-71.963,-34.367
"Directions from Vía Sin Nombre, Paredones, O'Higgins, Chile to La Cuchilla, Navidad, O'Higgins, Chile",,0.37893986802072,96.98830681361966,-71.962,-34.367
"Directions from Vía Sin Nombre, Paredones, O'Higgins, Chile to La Cuchilla, Navidad, O'Higgins, Chile",,0.37935759999221,104.73794450138956,-71.962,-34.367
"Directions from Vía Sin Nombre, Paredones, O'Higgins, Chile to La Cuchilla, Navidad, O'Higgins, Chile",,0.37980031886463,111.36974904460529,-71.961,-34.367
"Directions from Vía Sin Nombre, Paredones, O'Higgins, Chile to La Cuchilla, Navidad, O'Higgins, Chile",,0.38014046589167,118.99730839629076,-71.961,-34.367
"Directions from Vía Sin Nombre, Paredones, O'Higgins, Chile to La Cuchilla, Navidad, O'Higgins, Chile",,0.38050102101921,122.07780622261480,-71.961,-34.367
"Directions from Vía Sin Nombre, Paredones, O'Higgins, Chile to La Cuchilla, Navidad, O'Higgins, Chile",,0.38069825184844,127.73277245946829,-71.961,-34.367
"Directions from Vía Sin Nombre, Paredones, O'Higgins, Chile to La Cuchilla, Navidad, O'Higgins, Chile",,0.38071239398407,129.52296867785168,-71.961,-34.367
"Directions from Vía Sin Nombre, Paredones, O'Higgins, Chile to La Cuchilla, Navidad, O'Higgins, Chile",,0.38115893625530,122.56672133987574,-71.960,-34.367
"Directions from Vía Sin Nombre, Paredones, O'Higgins, Chile to La Cuchilla, Navidad, O'Higgins, Chile",,0.38195297655654,117.41849990804820,-71.959,-34.368
"Directions from Vía Sin Nombre, Paredones, O'Higgins, Chile to La Cuchilla, Navidad, O'Higgins, Chile",,0.38222610656222,110.47401785586749,-71.959,-34.368
"Directions from Vía Sin Nombre, Paredones, O'Higgins, Chile to La Cuchilla, Navidad, O'Higgins, Chile",,0.38266576552097,104.58733683217760,-71.959,-34.368
"Directions from Vía Sin Nombre, Paredones, O'Higgins, Chile to La Cuchilla, Navidad, O'Higgins, Chile",,0.38300310807683,99.78538790636325,-71.958,-34.368
"Directions from Vía Sin Nombre, Paredones, O'Higgins, Chile to La Cuchilla, Navidad, O'Higgins, Chile",,0.38315443553633,93.79732168402904,-71.958,-34.368
"Directions from Vía Sin Nombre, Paredones, O'Higgins, Chile to La Cuchilla, Navidad, O'Higgins, Chile",,0.38321443553633,94.06505117829931,-71.958,-34.368
"Directions from Vía Sin Nombre, Paredones, O'Higgins, Chile to La Cuchilla, Navidad, O'Higgins, Chile",,0.38335585689257,93.38308741229028,-71.958,-34.368
"Directions from Vía Sin Nombre, Paredones, O'Higgins, Chile to La Cuchilla, Navidad, O'Higgins, Chile",,0.38377597592332,86.64012371236630,-71.958,-34.368
"Directions from Vía Sin Nombre, Paredones, O'Higgins, Chile to La Cuchilla, Navidad, O'Higgins, Chile",,0.38409737909692,81.52599977338394,-71.957,-34.368
"Directions from Vía Sin Nombre, Paredones, O'Higgins, Chile to La Cuchilla, Navidad, O'Higgins, Chile",,0.38449549968167,74.98643788337796,-71.957,-34.368
"Directions from Vía Sin Nombre, Paredones, O'Higgins, Chile to La Cuchilla, Navidad, O'Higgins, Chile",,0.38487497300089,68.10943761758026,-71.957,-34.368
"Directions from Vía Sin Nombre, Paredones, O'Higgins, Chile to La Cuchilla, Navidad, O'Higgins, Chile",,0.38529544892173,61.09131588370682,-71.956,-34.368
"Directions from Vía Sin Nombre, Paredones, O'Higgins, Chile to La Cuchilla, Navidad, O'Higgins, Chile",,0.38568660106603,54.68579056106826,-71.956,-34.368
"Directions from Vía Sin Nombre, Paredones, O'Higgins, Chile to La Cuchilla, Navidad, O'Higgins, Chile",,0.38604269094233,50.77842326436782,-71.956,-34.367
"Directions from Vía Sin Nombre, Paredones, O'Higgins, Chile to La Cuchilla, Navidad, O'Higgins, Chile",,0.39215154517205,47.08930706492794,-71.951,-34.363
"Directions from Vía Sin Nombre, Paredones, O'Higgins, Chile to La Cuchilla, Navidad, O'Higgins, Chile",,0.39290818246957,43.04904017485596,-71.950,-34.363
"Directions from Vía Sin Nombre, Paredones, O'Higgins, Chile to La Cuchilla, Navidad, O'Higgins, Chile",,0.39314901436115,43.31676966823245,-71.950,-34.363
"Directions from Vía Sin Nombre, Paredones, O'Higgins, Chile to La Cuchilla, Navidad, O'Higgins, Chile",,0.39343185707362,47.31773171387158,-71.950,-34.363
"Directions from Vía Sin Nombre, Paredones, O'Higgins, Chile to La Cuchilla, Navidad, O'Higgins, Chile",,0.39395683326356,52.97269795029040,-71.950,-34.362
"Directions from Vía Sin Nombre, Paredones, O'Higgins, Chile to La Cuchilla, Navidad, O'Higgins, Chile",,0.39464188800590,58.80751404725772,-71.949,-34.362
"Directions from Vía Sin Nombre, Paredones, O'Higgins, Chile to La Cuchilla, Navidad, O'Higgins, Chile",,0.39572489308437,59.28493467442318,-71.948,-34.361
"Directions from Vía Sin Nombre, Paredones, O'Higgins, Chile to La Cuchilla, Navidad, O'Higgins, Chile",,0.39605775942392,54.22669484595932,-71.948,-34.361
"Directions from Vía Sin Nombre, Paredones, O'Higgins, Chile to La Cuchilla, Navidad, O'Higgins, Chile",,0.39664809830965,50.18676604435304,-71.947,-34.361
"Directions from Vía Sin Nombre, Paredones, O'Higgins, Chile to La Cuchilla, Navidad, O'Higgins, Chile",,0.39781085365794,45.40922773021052,-71.947,-34.360
"Directions from Vía Sin Nombre, Paredones, O'Higgins, Chile to La Cuchilla, Navidad, O'Higgins, Chile",,0.39793126960373,46.67168807205360,-71.946,-34.360
"Directions from Vía Sin Nombre, Paredones, O'Higgins, Chile to La Cuchilla, Navidad, O'Higgins, Chile",,0.39817334397247,49.76848069335496,-71.946,-34.360
"Directions from Vía Sin Nombre, Paredones, O'Higgins, Chile to La Cuchilla, Navidad, O'Higgins, Chile",,0.39932025286161,40.75859604575158,-71.945,-34.359
"Directions from Vía Sin Nombre, Paredones, O'Higgins, Chile to La Cuchilla, Navidad, O'Higgins, Chile",,0.39935630837437,42.10880383402369,-71.945,-34.359
"Directions from Vía Sin Nombre, Paredones, O'Higgins, Chile to La Cuchilla, Navidad, O'Higgins, Chile",,0.39957653552983,48.87935738113440,-71.945,-34.359
"Directions from Vía Sin Nombre, Paredones, O'Higgins, Chile to La Cuchilla, Navidad, O'Higgins, Chile",,0.40012142083886,44.12013075396515,-71.945,-34.358
"Directions from Vía Sin Nombre, Paredones, O'Higgins, Chile to La Cuchilla, Navidad, O'Higgins, Chile",,0.40042621585194,38.27338234666513,-71.945,-34.358
"Directions from Vía Sin Nombre, Paredones, O'Higgins, Chile to La Cuchilla, Navidad, O'Higgins, Chile",,0.40085633211530,32.23205181391576,-71.944,-34.358
"Directions from Vía Sin Nombre, Paredones, O'Higgins, Chile to La Cuchilla, Navidad, O'Higgins, Chile",,0.40129049798222,25.66955765175278,-71.944,-34.357
"Directions from Vía Sin Nombre, Paredones, O'Higgins, Chile to La Cuchilla, Navidad, O'Higgins, Chile",,0.40320512588340,23.63819301957241,-71.943,-34.356
"Directions from Vía Sin Nombre, Paredones, O'Higgins, Chile to La Cuchilla, Navidad, O'Higgins, Chile",,0.40365701082451,27.91372655662307,-71.943,-34.355
"Directions from Vía Sin Nombre, Paredones, O'Higgins, Chile to La Cuchilla, Navidad, O'Higgins, Chile",,0.40371532034346,27.46312275829438,-71.943,-34.355
"Directions from Vía Sin Nombre, Paredones, O'Higgins, Chile to La Cuchilla, Navidad, O'Higgins, Chile",,0.40381380892147,27.98393609068243,-71.943,-34.355
"Directions from Vía Sin Nombre, Paredones, O'Higgins, Chile to La Cuchilla, Navidad, O'Higgins, Chile",,0.40390814873280,38.50269159872415,-71.943,-34.355
"Directions from Vía Sin Nombre, Paredones, O'Higgins, Chile to La Cuchilla, Navidad, O'Higgins, Chile",,0.40393643300404,39.60785106195383,-71.943,-34.355
"Directions from Vía Sin Nombre, Paredones, O'Higgins, Chile to La Cuchilla, Navidad, O'Higgins, Chile",,0.40423875733320,36.75255449617673,-71.943,-34.355
"Directions from Vía Sin Nombre, Paredones, O'Higgins, Chile to La Cuchilla, Navidad, O'Higgins, Chile",,0.40438088403723,40.89992696909460,-71.943,-34.355
"Directions from Vía Sin Nombre, Paredones, O'Higgins, Chile to La Cuchilla, Navidad, O'Higgins, Chile",,0.40470646044916,43.62441216707160,-71.943,-34.354
"Directions from Vía Sin Nombre, Paredones, O'Higgins, Chile to La Cuchilla, Navidad, O'Higgins, Chile",,0.40780362043857,47.06854130389034,-71.940,-34.352
"Directions from Vía Sin Nombre, Paredones, O'Higgins, Chile to La Cuchilla, Navidad, O'Higgins, Chile",,0.40789581588314,47.19935267692474,-71.940,-34.352
"Directions from Vía Sin Nombre, Paredones, O'Higgins, Chile to La Cuchilla, Navidad, O'Higgins, Chile",,0.40888576537680,22.50000000014540,-71.940,-34.351
"Directions from Vía Sin Nombre, Paredones, O'Higgins, Chile to La Cuchilla, Navidad, O'Higgins, Chile",,0.40889576537680,22.23227050713240,-71.940,-34.351
"Directions from Vía Sin Nombre, Paredones, O'Higgins, Chile to La Cuchilla, Navidad, O'Higgins, Chile",,0.40965240267432,45.65607563979114,-71.939,-34.351
"Directions from Vía Sin Nombre, Paredones, O'Higgins, Chile to La Cuchilla, Navidad, O'Higgins, Chile",,0.40987171979631,44.86325693399339,-71.939,-34.351
"Directions from Vía Sin Nombre, Paredones, O'Higgins, Chile to La Cuchilla, Navidad, O'Higgins, Chile",,0.41006276952805,47.10954767528258,-71.939,-34.351
"Directions from Vía Sin Nombre, Paredones, O'Higgins, Chile to La Cuchilla, Navidad, O'Higgins, Chile",,0.41012680077043,48.17009587316502,-71.939,-34.351
"Directions from Vía Sin Nombre, Paredones, O'Higgins, Chile to La Cuchilla, Navidad, O'Higgins, Chile",,0.41031064853354,47.59721445341820,-71.939,-34.350
"Directions from Vía Sin Nombre, Paredones, O'Higgins, Chile to La Cuchilla, Navidad, O'Higgins, Chile",,0.41062305852058,54.09452285015936,-71.938,-34.350
"Directions from Vía Sin Nombre, Paredones, O'Higgins, Chile to La Cuchilla, Navidad, O'Higgins, Chile",,0.41081173814321,51.49730840104714,-71.938,-34.350
"Directions from Vía Sin Nombre, Paredones, O'Higgins, Chile to La Cuchilla, Navidad, O'Higgins, Chile",,0.41086830668572,52.21038656822094,-71.938,-34.350
"Directions from Vía Sin Nombre, Paredones, O'Higgins, Chile to La Cuchilla, Navidad, O'Higgins, Chile",,0.41112384533250,61.42786097342988,-71.938,-34.350
"Directions from Vía Sin Nombre, Paredones, O'Higgins, Chile to La Cuchilla, Navidad, O'Higgins, Chile",,0.41128037009092,59.87244064887376,-71.938,-34.350
"Directions from Vía Sin Nombre, Paredones, O'Higgins, Chile to La Cuchilla, Navidad, O'Higgins, Chile",,0.41135248111643,59.87244065003694,-71.938,-34.350
"Directions from Vía Sin Nombre, Paredones, O'Higgins, Chile to La Cuchilla, Navidad, O'Higgins, Chile",,0.41164316995350,65.81676966898702,-71.938,-34.350
"Directions from Vía Sin Nombre, Paredones, O'Higgins, Chile to La Cuchilla, Navidad, O'Higgins, Chile",,0.41191242819386,72.08117352116803,-71.937,-34.350
"Directions from Vía Sin Nombre, Paredones, O'Higgins, Chile to La Cuchilla, Navidad, O'Higgins, Chile",,0.41195365925012,72.70385565385024,-71.937,-34.350
"Directions from Vía Sin Nombre, Paredones, O'Higgins, Chile to La Cuchilla, Navidad, O'Higgins, Chile",,0.41212453932502,71.74927943878669,-71.937,-34.350
"Directions from Vía Sin Nombre, Paredones, O'Higgins, Chile to La Cuchilla, Navidad, O'Higgins, Chile",,0.41227014152281,76.37233581195976,-71.937,-34.350
"Directions from Vía Sin Nombre, Paredones, O'Higgins, Chile to La Cuchilla, Navidad, O'Higgins, Chile",,0.41237212191308,75.66802144583022,-71.937,-34.350
"Directions from Vía Sin Nombre, Paredones, O'Higgins, Chile to La Cuchilla, Navidad, O'Higgins, Chile",,0.41253975245922,81.32298768244885,-71.937,-34.349
"Directions from Vía Sin Nombre, Paredones, O'Higgins, Chile to La Cuchilla, Navidad, O'Higgins, Chile",,0.41254975245922,84.45313849410050,-71.937,-34.349
"Directions from Vía Sin Nombre, Paredones, O'Higgins, Chile to La Cuchilla, Navidad, O'Higgins, Chile",,0.41306946391764,82.57112106158448,-71.936,-34.349
"Directions from Vía Sin Nombre, Paredones, O'Higgins, Chile to La Cuchilla, Navidad, O'Higgins, Chile",,0.41383110687861,87.84772747402370,-71.935,-34.349
"Directions from Vía Sin Nombre, Paredones, O'Higgins, Chile to La Cuchilla, Navidad, O'Higgins, Chile",,0.41489115404737,88.60687362364691,-71.934,-34.349
"Directions from Vía Sin Nombre, Paredones, O'Higgins, Chile to La Cuchilla, Navidad, O'Higgins, Chile",,0.41540154605358,88.87712871710715,-71.934,-34.349
"Directions from Vía Sin Nombre, Paredones, O'Higgins, Chile to La Cuchilla, Navidad, O'Higgins, Chile",,0.41648154605358,91.43120261254823,-71.933,-34.349
"Directions from Vía Sin Nombre, Paredones, O'Higgins, Chile to La Cuchilla, Navidad, O'Higgins, Chile",,0.41668179589752,94.51629015991610,-71.933,-34.349
"Directions from Vía Sin Nombre, Paredones, O'Higgins, Chile to La Cuchilla, Navidad, O'Higgins, Chile",,0.41705395177884,98.58685797330313,-71.932,-34.349
"Directions from Vía Sin Nombre, Paredones, O'Higgins, Chile to La Cuchilla, Navidad, O'Higgins, Chile",,0.41742069419526,103.26382592454571,-71.932,-34.349
"Directions from Vía Sin Nombre, Paredones, O'Higgins, Chile to La Cuchilla, Navidad, O'Higgins, Chile",,0.41798114044603,142.76205549861044,-71.931,-34.350
"Directions from Vía Sin Nombre, Paredones, O'Higgins, Chile to La Cuchilla, Navidad, O'Higgins, Chile",,0.41799114044602,145.51875551267597,-71.931,-34.350
"Directions from Vía Sin Nombre, Paredones, O'Higgins, Chile to La Cuchilla, Navidad, O'Higgins, Chile",,0.41840899209434,116.00063377931139,-71.931,-34.350
"Directions from Vía Sin Nombre, Paredones, O'Higgins, Chile to La Cuchilla, Navidad, O'Higgins, Chile",,0.41852561113224,118.76440385517442,-71.931,-34.350
"Directions from Vía Sin Nombre, Paredones, O'Higgins, Chile to La Cuchilla, Navidad, O'Higgins, Chile",,0.41872685725021,117.96140235987424,-71.931,-34.350
"Directions from Vía Sin Nombre, Paredones, O'Higgins, Chile to La Cuchilla, Navidad, O'Higgins, Chile",,0.41909400844523,122.53222247184638,-71.930,-34.350
"Directions from Vía Sin Nombre, Paredones, O'Higgins, Chile to La Cuchilla, Navidad, O'Higgins, Chile",,0.41948808965512,128.40309882918416,-71.930,-34.350
"Directions from Vía Sin Nombre, Paredones, O'Higgins, Chile to La Cuchilla, Navidad, O'Higgins, Chile",,0.42011178830031,132.16401825858682,-71.930,-34.351
"Directions from Vía Sin Nombre, Paredones, O'Higgins, Chile to La Cuchilla, Navidad, O'Higgins, Chile",,0.42079800983888,132.16401825901590,-71.929,-34.351
"Directions from Vía Sin Nombre, Paredones, O'Higgins, Chile to La Cuchilla, Navidad, O'Higgins, Chile",,0.42142170848406,129.39687336228869,-71.929,-34.352
"Directions from Vía Sin Nombre, Paredones, O'Higgins, Chile to La Cuchilla, Navidad, O'Higgins, Chile",,0.42169973725954,125.69215399570675,-71.928,-34.352
"Directions from Vía Sin Nombre, Paredones, O'Higgins, Chile to La Cuchilla, Navidad, O'Higgins, Chile",,0.42206029238710,120.88127723178488,-71.928,-34.352
"Directions from Vía Sin Nombre, Paredones, O'Higgins, Chile to La Cuchilla, Navidad, O'Higgins, Chile",,0.42223029238709,120.88127722755721,-71.928,-34.352
"Directions from Vía Sin Nombre, Paredones, O'Higgins, Chile to La Cuchilla, Navidad, O'Higgins, Chile",,0.42226634789985,120.79366927398632,-71.928,-34.352
"Directions from Vía Sin Nombre, Paredones, O'Higgins, Chile to La Cuchilla, Navidad, O'Higgins, Chile",,0.42245870174047,116.33620579981194,-71.928,-34.352
"Directions from Vía Sin Nombre, Paredones, O'Higgins, Chile to La Cuchilla, Navidad, O'Higgins, Chile",,0.42274505816173,113.01282303779384,-71.927,-34.352
"Directions from Vía Sin Nombre, Paredones, O'Higgins, Chile to La Cuchilla, Navidad, O'Higgins, Chile",,0.42293819024089,108.33633341310134,-71.927,-34.352
"Directions from Vía Sin Nombre, Paredones, O'Higgins, Chile to La Cuchilla, Navidad, O'Higgins, Chile",,0.42353985459915,103.63758274343130,-71.927,-34.353
"Directions from Vía Sin Nombre, Paredones, O'Higgins, Chile to La Cuchilla, Navidad, O'Higgins, Chile",,0.42436750186701,95.92650208400572,-71.926,-34.353
"Directions from Vía Sin Nombre, Paredones, O'Higgins, Chile to La Cuchilla, Navidad, O'Higgins, Chile",,0.42438750186702,95.04029899365425,-71.926,-34.353
"Directions from Vía Sin Nombre, Paredones, O'Higgins, Chile to La Cuchilla, Navidad, O'Higgins, Chile",,0.42530161345757,101.42966558796221,-71.925,-34.353
"Directions from Vía Sin Nombre, Paredones, O'Higgins, Chile to La Cuchilla, Navidad, O'Higgins, Chile",,0.42629624906925,105.03963019019568,-71.924,-34.353
"Directions from Vía Sin Nombre, Paredones, O'Higgins, Chile to La Cuchilla, Navidad, O'Higgins, Chile",,0.42693515438304,108.69787919165859,-71.923,-34.353
"Directions from Vía Sin Nombre, Paredones, O'Higgins, Chile to La Cuchilla, Navidad, O'Higgins, Chile",,0.42737173198210,100.04761559577084,-71.923,-34.353
"Directions from Vía Sin Nombre, Paredones, O'Higgins, Chile to La Cuchilla, Navidad, O'Higgins, Chile",,0.42738173198210,100.42722901997728,-71.923,-34.353
"Directions from Vía Sin Nombre, Paredones, O'Higgins, Chile to La Cuchilla, Navidad, O'Higgins, Chile",,0.42805589813373,111.80271719129904,-71.922,-34.354
"Directions from Vía Sin Nombre, Paredones, O'Higgins, Chile to La Cuchilla, Navidad, O'Higgins, Chile",,0.42906436231257,114.04857614211090,-71.921,-34.354
"Directions from Vía Sin Nombre, Paredones, O'Higgins, Chile to La Cuchilla, Navidad, O'Higgins, Chile",,0.42927460027299,113.65788608230991,-71.921,-34.354
"Directions from Vía Sin Nombre, Paredones, O'Higgins, Chile to La Cuchilla, Navidad, O'Higgins, Chile",,0.43117241480554,110.49760113060800,-71.919,-34.355
"Directions from Vía Sin Nombre, Paredones, O'Higgins, Chile to La Cuchilla, Navidad, O'Higgins, Chile",,0.43178592927155,99.51280301908720,-71.919,-34.355
"Directions from Vía Sin Nombre, Paredones, O'Higgins, Chile to La Cuchilla, Navidad, O'Higgins, Chile",,0.43180592927155,99.21747441146103,-71.919,-34.355
"Directions from Vía Sin Nombre, Paredones, O'Higgins, Chile to La Cuchilla, Navidad, O'Higgins, Chile",,0.43193242037795,105.83773436838720,-71.919,-34.355
"Directions from Vía Sin Nombre, Paredones, O'Higgins, Chile to La Cuchilla, Navidad, O'Higgins, Chile",,0.43210706286993,105.17162444123232,-71.919,-34.355
"Directions from Vía Sin Nombre, Paredones, O'Higgins, Chile to La Cuchilla, Navidad, O'Higgins, Chile",,0.43224307757502,102.11387266000963,-71.918,-34.355
"Directions from Vía Sin Nombre, Paredones, O'Higgins, Chile to La Cuchilla, Navidad, O'Higgins, Chile",,0.43232370015250,99.96464120858688,-71.918,-34.355
"Directions from Vía Sin Nombre, Paredones, O'Higgins, Chile to La Cuchilla, Navidad, O'Higgins, Chile",,0.43254931043595,100.38693822967666,-71.918,-34.355
"Directions from Vía Sin Nombre, Paredones, O'Higgins, Chile to La Cuchilla, Navidad, O'Higgins, Chile",,0.43305418665841,93.98480519679335,-71.918,-34.355
"Directions from Vía Sin Nombre, Paredones, O'Higgins, Chile to La Cuchilla, Navidad, O'Higgins, Chile",,0.43310418665841,92.38182084536309,-71.918,-34.355
"Directions from Vía Sin Nombre, Paredones, O'Higgins, Chile to La Cuchilla, Navidad, O'Higgins, Chile",,0.43334501854997,92.38182084536309,-71.917,-34.355
"Directions from Vía Sin Nombre, Paredones, O'Higgins, Chile to La Cuchilla, Navidad, O'Higgins, Chile",,0.43354501854998,92.04280839060741,-71.917,-34.355
"Directions from Vía Sin Nombre, Paredones, O'Higgins, Chile to La Cuchilla, Navidad, O'Higgins, Chile",,0.43368537523846,91.23603892419506,-71.917,-34.355
"Directions from Vía Sin Nombre, Paredones, O'Higgins, Chile to La Cuchilla, Navidad, O'Higgins, Chile",,0.43439565687274,75.91070493690643,-71.916,-34.355
"Directions from Vía Sin Nombre, Paredones, O'Higgins, Chile to La Cuchilla, Navidad, O'Higgins, Chile",,0.43441801755251,74.67466601336783,-71.916,-34.355
"Directions from Vía Sin Nombre, Paredones, O'Higgins, Chile to La Cuchilla, Navidad, O'Higgins, Chile",,0.43680408125661,84.60227320624004,-71.914,-34.355
"Directions from Vía Sin Nombre, Paredones, O'Higgins, Chile to La Cuchilla, Navidad, O'Higgins, Chile",,0.43697525368429,85.11864033887419,-71.914,-34.355
"Directions from Vía Sin Nombre, Paredones, O'Higgins, Chile to La Cuchilla, Navidad, O'Higgins, Chile",,0.43772631959353,85.30346286957308,-71.913,-34.355
"Directions from Vía Sin Nombre, Paredones, O'Higgins, Chile to La Cuchilla, Navidad, O'Higgins, Chile",,0.43845075040458,85.04173694002488,-71.912,-34.355
"Directions from Vía Sin Nombre, Paredones, O'Higgins, Chile to La Cuchilla, Navidad, O'Higgins, Chile",,0.43861106259999,82.39501581349582,-71.912,-34.355
"Directions from Vía Sin Nombre, Paredones, O'Higgins, Chile to La Cuchilla, Navidad, O'Higgins, Chile",,0.43895819369914,76.47210234078912,-71.912,-34.355
"Directions from Vía Sin Nombre, Paredones, O'Higgins, Chile to La Cuchilla, Navidad, O'Higgins, Chile",,0.43925902587828,70.79456093994234,-71.911,-34.355
"Directions from Vía Sin Nombre, Paredones, O'Higgins, Chile to La Cuchilla, Navidad, O'Higgins, Chile",,0.43961749484486,78.50564159951412,-71.911,-34.355
"Directions from Vía Sin Nombre, Paredones, O'Higgins, Chile to La Cuchilla, Navidad, O'Higgins, Chile",,0.43963749484485,75.44192686675392,-71.911,-34.355
"Directions from Vía Sin Nombre, Paredones, O'Higgins, Chile to La Cuchilla, Navidad, O'Higgins, Chile",,0.44054176250434,62.55726305527160,-71.910,-34.354
"Directions from Vía Sin Nombre, Paredones, O'Higgins, Chile to La Cuchilla, Navidad, O'Higgins, Chile",,0.44086378734810,54.61533618851768,-71.910,-34.354
"Directions from Vía Sin Nombre, Paredones, O'Higgins, Chile to La Cuchilla, Navidad, O'Higgins, Chile",,0.44087792948373,59.15037788262972,-71.910,-34.354
"Directions from Vía Sin Nombre, Paredones, O'Higgins, Chile to La Cuchilla, Navidad, O'Higgins, Chile",,0.44098233254883,71.13162237018111,-71.910,-34.354
"Directions from Vía Sin Nombre, Paredones, O'Higgins, Chile to La Cuchilla, Navidad, O'Higgins, Chile",,0.44126090031437,79.48124448755142,-71.910,-34.354
"Directions from Vía Sin Nombre, Paredones, O'Higgins, Chile to La Cuchilla, Navidad, O'Higgins, Chile",,0.44129090031436,81.65037788262970,-71.910,-34.354
"Directions from Vía Sin Nombre, Paredones, O'Higgins, Chile to La Cuchilla, Navidad, O'Higgins, Chile",,0.44149970644455,77.58532670534817,-71.909,-34.354
"Directions from Vía Sin Nombre, Paredones, O'Higgins, Chile to La Cuchilla, Navidad, O'Higgins, Chile",,0.44164112780077,78.91682708995260,-71.909,-34.354
"Directions from Vía Sin Nombre, Paredones, O'Higgins, Chile to La Cuchilla, Navidad, O'Higgins, Chile",,0.44172358991329,79.01014236203612,-71.909,-34.354
"Directions from Vía Sin Nombre, Paredones, O'Higgins, Chile to La Cuchilla, Navidad, O'Higgins, Chile",,0.44215775578021,85.07368787798752,-71.909,-34.354
"Directions from Vía Sin Nombre, Paredones, O'Higgins, Chile to La Cuchilla, Navidad, O'Higgins, Chile",,0.44245792240060,91.38837370298036,-71.908,-34.354
"Directions from Vía Sin Nombre, Paredones, O'Higgins, Chile to La Cuchilla, Navidad, O'Higgins, Chile",,0.44306996815054,96.71603105095478,-71.908,-34.354
"Directions from Vía Sin Nombre, Paredones, O'Higgins, Chile to La Cuchilla, Navidad, O'Higgins, Chile",,0.44346455654367,101.39120286592144,-71.907,-34.354
"Directions from Vía Sin Nombre, Paredones, O'Higgins, Chile to La Cuchilla, Navidad, O'Higgins, Chile",,0.44358824971243,100.37304013829257,-71.907,-34.354
"Directions from Vía Sin Nombre, Paredones, O'Higgins, Chile to La Cuchilla, Navidad, O'Higgins, Chile",,0.44375942214013,98.35890830438838,-71.907,-34.354
"Directions from Vía Sin Nombre, Paredones, O'Higgins, Chile to La Cuchilla, Navidad, O'Higgins, Chile",,0.44514043626025,101.78920709319787,-71.906,-34.354
"Directions from Vía Sin Nombre, Paredones, O'Higgins, Chile to La Cuchilla, Navidad, O'Higgins, Chile",,0.44573709361586,106.57178010759030,-71.905,-34.354
"Directions from Vía Sin Nombre, Paredones, O'Higgins, Chile to La Cuchilla, Navidad, O'Higgins, Chile",,0.44621469177331,111.76780740306341,-71.905,-34.354
"Directions from Vía Sin Nombre, Paredones, O'Higgins, Chile to La Cuchilla, Navidad, O'Higgins, Chile",,0.44641166892935,116.20270879961291,-71.905,-34.355
"Directions from Vía Sin Nombre, Paredones, O'Higgins, Chile to La Cuchilla, Navidad, O'Higgins, Chile",,0.44668461581063,120.67408577344206,-71.904,-34.355
"Directions from Vía Sin Nombre, Paredones, O'Higgins, Chile to La Cuchilla, Navidad, O'Higgins, Chile",,0.44708958494525,126.09732489299385,-71.904,-34.355
"Directions from Vía Sin Nombre, Paredones, O'Higgins, Chile to La Cuchilla, Navidad, O'Higgins, Chile",,0.44737383835332,132.14470342989696,-71.904,-34.355
"Directions from Vía Sin Nombre, Paredones, O'Higgins, Chile to La Cuchilla, Navidad, O'Higgins, Chile",,0.44747283330270,131.43749182425171,-71.904,-34.355
"Directions from Vía Sin Nombre, Paredones, O'Higgins, Chile to La Cuchilla, Navidad, O'Higgins, Chile",,0.44758685084521,131.43749182570568,-71.904,-34.355
"Directions from Vía Sin Nombre, Paredones, O'Higgins, Chile to La Cuchilla, Navidad, O'Higgins, Chile",,0.44771413006582,137.09245806328190,-71.904,-34.355
"Directions from Vía Sin Nombre, Paredones, O'Higgins, Chile to La Cuchilla, Navidad, O'Higgins, Chile",,0.44800481890289,142.74742429924811,-71.903,-34.356
"Directions from Vía Sin Nombre, Paredones, O'Higgins, Chile to La Cuchilla, Navidad, O'Higgins, Chile",,0.44811298544115,144.37067022094712,-71.903,-34.356
"Directions from Vía Sin Nombre, Paredones, O'Higgins, Chile to La Cuchilla, Navidad, O'Higgins, Chile",,0.44827699763582,147.93317839644189,-71.903,-34.356
"Directions from Vía Sin Nombre, Paredones, O'Higgins, Chile to La Cuchilla, Navidad, O'Higgins, Chile",,0.44836644035492,144.21747441485363,-71.903,-34.356
"Directions from Vía Sin Nombre, Paredones, O'Higgins, Chile to La Cuchilla, Navidad, O'Higgins, Chile",,0.44840886676179,143.34962211889541,-71.903,-34.356
"Directions from Vía Sin Nombre, Paredones, O'Higgins, Chile to La Cuchilla, Navidad, O'Higgins, Chile",,0.44855651499239,165.84962211550283,-71.903,-34.356
"Directions from Vía Sin Nombre, Paredones, O'Higgins, Chile to La Cuchilla, Navidad, O'Higgins, Chile",,0.44856651499240,165.63010235431884,-71.903,-34.356
"Directions from Vía Sin Nombre, Paredones, O'Higgins, Chile to La Cuchilla, Navidad, O'Higgins, Chile",,0.44892006838299,165.63010235431884,-71.903,-34.356
"Directions from Vía Sin Nombre, Paredones, O'Higgins, Chile to La Cuchilla, Navidad, O'Higgins, Chile",,0.44893006838298,166.12072969991155,-71.903,-34.356
"Directions from Vía Sin Nombre, Paredones, O'Higgins, Chile to La Cuchilla, Navidad, O'Higgins, Chile",,0.44935948659405,155.22002495392798,-71.903,-34.357
"Directions from Vía Sin Nombre, Paredones, O'Higgins, Chile to La Cuchilla, Navidad, O'Higgins, Chile",,0.44946718989020,155.49123947525754,-71.903,-34.357
"Directions from Vía Sin Nombre, Paredones, O'Higgins, Chile to La Cuchilla, Navidad, O'Higgins, Chile",,0.44986076326328,121.39194422124112,-71.902,-34.357
"Directions from Vía Sin Nombre, Paredones, O'Higgins, Chile to La Cuchilla, Navidad, O'Higgins, Chile",,0.44987076326327,120.47269795007738,-71.902,-34.357
"Directions from Vía Sin Nombre, Paredones, O'Higgins, Chile to La Cuchilla, Navidad, O'Higgins, Chile",,0.44997371956468,142.97269795262181,-71.902,-34.357
"Directions from Vía Sin Nombre, Paredones, O'Higgins, Chile to La Cuchilla, Navidad, O'Higgins, Chile",,0.45003028810718,144.21747440993434,-71.902,-34.357
"Directions from Vía Sin Nombre, Paredones, O'Higgins, Chile to La Cuchilla, Navidad, O'Higgins, Chile",,0.45005264878696,149.87244064335613,-71.902,-34.357
"Directions from Vía Sin Nombre, Paredones, O'Higgins, Chile to La Cuchilla, Navidad, O'Higgins, Chile",,0.45016081532522,140.65496623742021,-71.902,-34.357
"Directions from Vía Sin Nombre, Paredones, O'Higgins, Chile to La Cuchilla, Navidad, O'Higgins, Chile",,0.45025981027459,139.06505117690352,-71.902,-34.357
"Directions from Vía Sin Nombre, Paredones, O'Higgins, Chile to La Cuchilla, Navidad, O'Higgins, Chile",,0.45035981027459,139.06505117375326,-71.902,-34.358
"Directions from Vía Sin Nombre, Paredones, O'Higgins, Chile to La Cuchilla, Navidad, O'Higgins, Chile",,0.45044466308833,132.95719160903957,-71.902,-34.358
"Directions from Vía Sin Nombre, Paredones, O'Higgins, Chile to La Cuchilla, Navidad, O'Higgins, Chile",,0.45064315742074,132.95719160928189,-71.902,-34.358
"Directions from Vía Sin Nombre, Paredones, O'Higgins, Chile to La Cuchilla, Navidad, O'Higgins, Chile",,0.45074215237011,130.73461719464200,-71.902,-34.358
"Directions from Vía Sin Nombre, Paredones, O'Higgins, Chile to La Cuchilla, Navidad, O'Higgins, Chile",,0.45102815936302,130.73461718591821,-71.902,-34.358
"Directions from Vía Sin Nombre, Paredones, O'Higgins, Chile to La Cuchilla, Navidad, O'Higgins, Chile",,0.45104230149865,127.02730203974488,-71.902,-34.358
"Directions from Vía Sin Nombre, Paredones, O'Higgins, Chile to La Cuchilla, Navidad, O'Higgins, Chile",,0.45124821410147,121.37233581239060,-71.901,-34.358
"Directions from Vía Sin Nombre, Paredones, O'Higgins, Chile to La Cuchilla, Navidad, O'Higgins, Chile",,0.45135638063973,118.15496623624728,-71.901,-34.358
"Directions from Vía Sin Nombre, Paredones, O'Higgins, Chile to La Cuchilla, Navidad, O'Higgins, Chile",,0.45187638063974,110.52740688659736,-71.901,-34.358
"Directions from Vía Sin Nombre, Paredones, O'Higgins, Chile to La Cuchilla, Navidad, O'Higgins, Chile",,0.45206611729934,112.49999999321481,-71.901,-34.358
"Directions from Vía Sin Nombre, Paredones, O'Higgins, Chile to La Cuchilla, Navidad, O'Higgins, Chile",,0.45208847797912,110.30064731436002,-71.901,-34.358
"Directions from Vía Sin Nombre, Paredones, O'Higgins, Chile to La Cuchilla, Navidad, O'Higgins, Chile",,0.45229463326040,97.01812173396324,-71.901,-34.358
"Directions from Vía Sin Nombre, Paredones, O'Higgins, Chile to La Cuchilla, Navidad, O'Higgins, Chile",,0.45230463326039,95.39214893333587,-71.900,-34.358
"Directions from Vía Sin Nombre, Paredones, O'Higgins, Chile to La Cuchilla, Navidad, O'Higgins, Chile",,0.45251840884367,104.60962334886800,-71.900,-34.359
"Directions from Vía Sin Nombre, Paredones, O'Higgins, Chile to La Cuchilla, Navidad, O'Higgins, Chile",,0.45255003162027,101.93764043098913,-71.900,-34.359
"Directions from Vía Sin Nombre, Paredones, O'Higgins, Chile to La Cuchilla, Navidad, O'Higgins, Chile",,0.45276098185136,94.02144711666492,-71.900,-34.359
"Directions from Vía Sin Nombre, Paredones, O'Higgins, Chile to La Cuchilla, Navidad, O'Higgins, Chile",,0.45320143616227,88.51518219934600,-71.900,-34.359
"Directions from Vía Sin Nombre, Paredones, O'Higgins, Chile to La Cuchilla, Navidad, O'Higgins, Chile",,0.45361338276075,83.01743850449536,-71.899,-34.359
"Directions from Vía Sin Nombre, Paredones, O'Higgins, Chile to La Cuchilla, Navidad, O'Higgins, Chile",,0.45422998636114,85.80353740635728,-71.899,-34.358
"Directions from Vía Sin Nombre, Paredones, O'Higgins, Chile to La Cuchilla, Navidad, O'Higgins, Chile",,0.45425998636113,86.04641864839752,-71.899,-34.358
"Directions from Vía Sin Nombre, Paredones, O'Higgins, Chile to La Cuchilla, Navidad, O'Higgins, Chile",,0.45535035327186,85.07016412384472,-71.897,-34.358
"Directions from Vía Sin Nombre, Paredones, O'Higgins, Chile to La Cuchilla, Navidad, O'Higgins, Chile",,0.45623086448700,89.73979356724982,-71.897,-34.358
"Directions from Vía Sin Nombre, Paredones, O'Higgins, Chile to La Cuchilla, Navidad, O'Higgins, Chile",,0.45663098946747,93.27470551699587,-71.896,-34.358
"Directions from Vía Sin Nombre, Paredones, O'Higgins, Chile to La Cuchilla, Navidad, O'Higgins, Chile",,0.45730367066983,97.28981852700547,-71.896,-34.358
"Directions from Vía Sin Nombre, Paredones, O'Higgins, Chile to La Cuchilla, Navidad, O'Higgins, Chile",,0.45736449829514,96.51932828994453,-71.895,-34.358
"Directions from Vía Sin Nombre, Paredones, O'Higgins, Chile to La Cuchilla, Navidad, O'Higgins, Chile",,0.45752481049055,95.49162325232390,-71.895,-34.358
"Directions from Vía Sin Nombre, Paredones, O'Higgins, Chile to La Cuchilla, Navidad, O'Higgins, Chile",,0.45853322508783,93.70345606419158,-71.894,-34.358
"Directions from Vía Sin Nombre, Paredones, O'Higgins, Chile to La Cuchilla, Navidad, O'Higgins, Chile",,0.45861322508783,93.49667269336898,-71.894,-34.358
"Directions from Vía Sin Nombre, Paredones, O'Higgins, Chile to La Cuchilla, Navidad, O'Higgins, Chile",,0.46239133307994,96.04775531966401,-71.890,-34.359
"Directions from Vía Sin Nombre, Paredones, O'Higgins, Chile to La Cuchilla, Navidad, O'Higgins, Chile",,0.46295356079181,93.88258300929562,-71.890,-34.359
"Directions from Vía Sin Nombre, Paredones, O'Higgins, Chile to La Cuchilla, Navidad, O'Higgins, Chile",,0.46338402565680,90.79103828989481,-71.889,-34.359
"Directions from Vía Sin Nombre, Paredones, O'Higgins, Chile to La Cuchilla, Navidad, O'Higgins, Chile",,0.46391411998804,87.26018522919692,-71.889,-34.359
"Directions from Vía Sin Nombre, Paredones, O'Higgins, Chile to La Cuchilla, Navidad, O'Higgins, Chile",,0.46430527213235,83.53526451726223,-71.889,-34.359
"Directions from Vía Sin Nombre, Paredones, O'Higgins, Chile to La Cuchilla, Navidad, O'Higgins, Chile",,0.46491198458483,79.03836831817139,-71.888,-34.359
"Directions from Vía Sin Nombre, Paredones, O'Higgins, Chile to La Cuchilla, Navidad, O'Higgins, Chile",,0.46512785491629,80.13365525149806,-71.888,-34.359
"Directions from Vía Sin Nombre, Paredones, O'Higgins, Chile to La Cuchilla, Navidad, O'Higgins, Chile",,0.46521840876767,77.61242971529856,-71.888,-34.359
"Directions from Vía Sin Nombre, Paredones, O'Higgins, Chile to La Cuchilla, Navidad, O'Higgins, Chile",,0.46534489987407,75.12755935235094,-71.888,-34.359
"Directions from Vía Sin Nombre, Paredones, O'Higgins, Chile to La Cuchilla, Navidad, O'Higgins, Chile",,0.46539589006921,75.12755935387761,-71.887,-34.359
"Directions from Vía Sin Nombre, Paredones, O'Higgins, Chile to La Cuchilla, Navidad, O'Higgins, Chile",,0.46555400395222,80.78252558853900,-71.887,-34.359
"Directions from Vía Sin Nombre, Paredones, O'Higgins, Chile to La Cuchilla, Navidad, O'Higgins, Chile",,0.46556400395221,81.65037788356344,-71.887,-34.359
"Directions from Vía Sin Nombre, Paredones, O'Higgins, Chile to La Cuchilla, Navidad, O'Higgins, Chile",,0.46577281008240,81.65037788356344,-71.887,-34.359
"Directions from Vía Sin Nombre, Paredones, O'Higgins, Chile to La Cuchilla, Navidad, O'Higgins, Chile",,0.46578281008240,79.41937009134639,-71.887,-34.359
"Directions from Vía Sin Nombre, Paredones, O'Higgins, Chile to La Cuchilla, Navidad, O'Higgins, Chile",,0.46611522548517,67.67008725348360,-71.887,-34.359
"Directions from Vía Sin Nombre, Paredones, O'Higgins, Chile to La Cuchilla, Navidad, O'Higgins, Chile",,0.46661682293333,67.65855273957770,-71.886,-34.358
"Directions from Vía Sin Nombre, Paredones, O'Higgins, Chile to La Cuchilla, Navidad, O'Higgins, Chile",,0.46885829566348,71.84583192323672,-71.884,-34.358
"Directions from Vía Sin Nombre, Paredones, O'Higgins, Chile to La Cuchilla, Navidad, O'Higgins, Chile",,0.46962484637934,77.12816870794910,-71.884,-34.357
"Directions from Vía Sin Nombre, Paredones, O'Higgins, Chile to La Cuchilla, Navidad, O'Higgins, Chile",,0.46995042279126,80.54159987714795,-71.883,-34.357
"Directions from Vía Sin Nombre, Paredones, O'Higgins, Chile to La Cuchilla, Navidad, O'Higgins, Chile",,0.47043550010469,83.84433966740178,-71.883,-34.357
"Directions from Vía Sin Nombre, Paredones, O'Higgins, Chile to La Cuchilla, Navidad, O'Higgins, Chile",,0.47100690188978,87.35802452433694,-71.882,-34.357
"Directions from Vía Sin Nombre, Paredones, O'Higgins, Chile to La Cuchilla, Navidad, O'Higgins, Chile",,0.48273978303637,85.30006119607356,-71.870,-34.357
"Directions from Vía Sin Nombre, Paredones, O'Higgins, Chile to La Cuchilla, Navidad, O'Higgins, Chile",,0.48281049371448,85.15027142180320,-71.870,-34.357
"Directions from Vía Sin Nombre, Paredones, O'Higgins, Chile to La Cuchilla, Navidad, O'Higgins, Chile",,0.48427104155691,84.60980932675893,-71.869,-34.357
"Directions from Vía Sin Nombre, Paredones, O'Higgins, Chile to La Cuchilla, Navidad, O'Higgins, Chile",,0.48464587485318,78.37636499573452,-71.869,-34.357
"Directions from Vía Sin Nombre, Paredones, O'Higgins, Chile to La Cuchilla, Navidad, O'Higgins, Chile",,0.48481079907822,73.15496623760880,-71.868,-34.357
"Directions from Vía Sin Nombre, Paredones, O'Higgins, Chile to La Cuchilla, Navidad, O'Higgins, Chile",,0.48510812045315,65.86785813773146,-71.868,-34.357
"Directions from Vía Sin Nombre, Paredones, O'Higgins, Chile to La Cuchilla, Navidad, O'Higgins, Chile",,0.48523342009402,58.84973640429012,-71.868,-34.357
"Directions from Vía Sin Nombre, Paredones, O'Higgins, Chile to La Cuchilla, Navidad, O'Higgins, Chile",,0.48534158663228,50.65496623753204,-71.868,-34.357
"Directions from Vía Sin Nombre, Paredones, O'Higgins, Chile to La Cuchilla, Navidad, O'Higgins, Chile",,0.48535572876791,52.01812173486128,-71.868,-34.357
"Directions from Vía Sin Nombre, Paredones, O'Higgins, Chile to La Cuchilla, Navidad, O'Higgins, Chile",,0.48547234780581,56.39120286537408,-71.868,-34.356
"Directions from Vía Sin Nombre, Paredones, O'Higgins, Chile to La Cuchilla, Navidad, O'Higgins, Chile",,0.48565835855818,46.20298525656490,-71.868,-34.356
"Directions from Vía Sin Nombre, Paredones, O'Higgins, Chile to La Cuchilla, Navidad, O'Higgins, Chile",,0.48572238980056,47.48487036775964,-71.868,-34.356
"Directions from Vía Sin Nombre, Paredones, O'Higgins, Chile to La Cuchilla, Navidad, O'Higgins, Chile",,0.48575844531332,50.65496624025356,-71.868,-34.356
"Directions from Vía Sin Nombre, Paredones, O'Higgins, Chile to La Cuchilla, Navidad, O'Higgins, Chile",,0.48595643521204,22.49999999854604,-71.867,-34.356
"Directions from Vía Sin Nombre, Paredones, O'Higgins, Chile to La Cuchilla, Navidad, O'Higgins, Chile",,0.48596643521204,17.49601010037225,-71.867,-34.356
"Directions from Vía Sin Nombre, Paredones, O'Higgins, Chile to La Cuchilla, Navidad, O'Higgins, Chile",,0.48608850076820,32.53030151067000,-71.867,-34.356
"Directions from Vía Sin Nombre, Paredones, O'Higgins, Chile to La Cuchilla, Navidad, O'Higgins, Chile",,0.48630804575220,27.01553590094448,-71.867,-34.356
"Directions from Vía Sin Nombre, Paredones, O'Higgins, Chile to La Cuchilla, Navidad, O'Higgins, Chile",,0.48640653433022,20.33086660614953,-71.867,-34.356
"Directions from Vía Sin Nombre, Paredones, O'Higgins, Chile to La Cuchilla, Navidad, O'Higgins, Chile",,0.48651093739531,8.34962211550282,-71.867,-34.356
"Directions from Vía Sin Nombre, Paredones, O'Higgins, Chile to La Cuchilla, Navidad, O'Higgins, Chile",,0.48652093739531,9.21747440738989,-71.867,-34.356
"Directions from Vía Sin Nombre, Paredones, O'Higgins, Chile to La Cuchilla, Navidad, O'Higgins, Chile",,0.48658418294851,12.07277097704665,-71.867,-34.356
"Directions from Vía Sin Nombre, Paredones, O'Higgins, Chile to La Cuchilla, Navidad, O'Higgins, Chile",,0.48678518046093,2.85529656965675,-71.867,-34.355
"Directions from Vía Sin Nombre, Paredones, O'Higgins, Chile to La Cuchilla, Navidad, O'Higgins, Chile",,0.48697518046093,357.80064732178380,-71.867,-34.355
"Directions from Vía Sin Nombre, Paredones, O'Higgins, Chile to La Cuchilla, Navidad, O'Higgins, Chile",,0.48710556450903,351.30333892708347,-71.867,-34.355
"Directions from Vía Sin Nombre, Paredones, O'Higgins, Chile to La Cuchilla, Navidad, O'Higgins, Chile",,0.48723898114968,344.28521719519574,-71.867,-34.355
"Directions from Vía Sin Nombre, Paredones, O'Higgins, Chile to La Cuchilla, Navidad, O'Higgins, Chile",,0.48733384947948,338.56054819926942,-71.867,-34.355
"Directions from Vía Sin Nombre, Paredones, O'Higgins, Chile to La Cuchilla, Navidad, O'Higgins, Chile",,0.48745467993922,331.64020045079479,-71.867,-34.355
"Directions from Vía Sin Nombre, Paredones, O'Higgins, Chile to La Cuchilla, Navidad, O'Higgins, Chile",,0.48767940198976,324.53227371536923,-71.867,-34.355
"Directions from Vía Sin Nombre, Paredones, O'Higgins, Chile to La Cuchilla, Navidad, O'Higgins, Chile",,0.48780746447451,318.69090921175109,-71.867,-34.354
"Directions from Vía Sin Nombre, Paredones, O'Higgins, Chile to La Cuchilla, Navidad, O'Higgins, Chile",,0.48819643748129,338.02081333780319,-71.868,-34.354
"Directions from Vía Sin Nombre, Paredones, O'Higgins, Chile to La Cuchilla, Navidad, O'Higgins, Chile",,0.48820643748129,337.49999999999994,-71.868,-34.354
"Directions from Vía Sin Nombre, Paredones, O'Higgins, Chile to La Cuchilla, Navidad, O'Higgins, Chile",,0.48839028524440,317.19935267653983,-71.868,-34.354
"Directions from Vía Sin Nombre, Paredones, O'Higgins, Chile to La Cuchilla, Navidad, O'Higgins, Chile",,0.48848248068897,317.49468128395841,-71.868,-34.354
"Directions from Vía Sin Nombre, Paredones, O'Higgins, Chile to La Cuchilla, Navidad, O'Higgins, Chile",,0.49054027076572,317.89254306028482,-71.869,-34.352
"Directions from Vía Sin Nombre, Paredones, O'Higgins, Chile to La Cuchilla, Navidad, O'Higgins, Chile",,0.49061837326248,326.81468886432725,-71.869,-34.352
"Directions from Vía Sin Nombre, Paredones, O'Higgins, Chile to La Cuchilla, Navidad, O'Higgins, Chile",,0.49064073394226,328.10005742009560,-71.869,-34.352
"Directions from Vía Sin Nombre, Paredones, O'Higgins, Chile to La Cuchilla, Navidad, O'Higgins, Chile",,0.49095474031162,325.14698686428801,-71.870,-34.352
"Directions from Vía Sin Nombre, Paredones, O'Higgins, Chile to La Cuchilla, Navidad, O'Higgins, Chile",,0.49108512435972,334.25160083656624,-71.870,-34.352
"Directions from Vía Sin Nombre, Paredones, O'Higgins, Chile to La Cuchilla, Navidad, O'Higgins, Chile",,0.49139188159273,347.31710110696497,-71.870,-34.352
"Directions from Vía Sin Nombre, Paredones, O'Higgins, Chile to La Cuchilla, Navidad, O'Higgins, Chile",,0.49148243544411,351.17493789008586,-71.870,-34.352
"Directions from Vía Sin Nombre, Paredones, O'Higgins, Chile to La Cuchilla, Navidad, O'Higgins, Chile",,0.49163540602952,354.34503376403370,-71.870,-34.351
"Directions from Vía Sin Nombre, Paredones, O'Higgins, Chile to La Cuchilla, Navidad, O'Higgins, Chile",,0.49166540602951,356.11741699148922,-71.870,-34.351
"Directions from Vía Sin Nombre, Paredones, O'Higgins, Chile to La Cuchilla, Navidad, O'Higgins, Chile",,0.49188744206263,356.11741699148922,-71.870,-34.351
"Directions from Vía Sin Nombre, Paredones, O'Higgins, Chile to La Cuchilla, Navidad, O'Higgins, Chile",,0.49192744206263,356.70902767134123,-71.870,-34.351
"Directions from Vía Sin Nombre, Paredones, O'Higgins, Chile to La Cuchilla, Navidad, O'Higgins, Chile",,0.49218916710919,349.69090593857538,-71.870,-34.351
"Directions from Vía Sin Nombre, Paredones, O'Higgins, Chile to La Cuchilla, Navidad, O'Higgins, Chile",,0.49231286027796,343.76440385713016,-71.870,-34.351
"Directions from Vía Sin Nombre, Paredones, O'Higgins, Chile to La Cuchilla, Navidad, O'Higgins, Chile",,0.49240772860777,338.27407884943449,-71.870,-34.351
"Directions from Vía Sin Nombre, Paredones, O'Higgins, Chile to La Cuchilla, Navidad, O'Higgins, Chile",,0.49257325806134,338.27407884604190,-71.870,-34.351
"Directions from Vía Sin Nombre, Paredones, O'Higgins, Chile to La Cuchilla, Navidad, O'Higgins, Chile",,0.49260488083795,332.34757676520991,-71.870,-34.351
"Directions from Vía Sin Nombre, Paredones, O'Higgins, Chile to La Cuchilla, Navidad, O'Higgins, Chile",,0.49270488083794,326.08317290907752,-71.870,-34.350
"Directions from Vía Sin Nombre, Paredones, O'Higgins, Chile to La Cuchilla, Navidad, O'Higgins, Chile",,0.49276319035689,326.08317290772044,-71.870,-34.350
"Directions from Vía Sin Nombre, Paredones, O'Higgins, Chile to La Cuchilla, Navidad, O'Higgins, Chile",,0.49291319035690,313.41008494190504,-71.870,-34.350
"Directions from Vía Sin Nombre, Paredones, O'Higgins, Chile to La Cuchilla, Navidad, O'Higgins, Chile",,0.49294924586965,308.28448556589035,-71.870,-34.350
"Directions from Vía Sin Nombre, Paredones, O'Higgins, Chile to La Cuchilla, Navidad, O'Higgins, Chile",,0.49314029560139,291.43945180133466,-71.870,-34.350
"Directions from Vía Sin Nombre, Paredones, O'Higgins, Chile to La Cuchilla, Navidad, O'Higgins, Chile",,0.49315029560139,289.77983398410845,-71.870,-34.350
"Directions from Vía Sin Nombre, Paredones, O'Higgins, Chile to La Cuchilla, Navidad, O'Higgins, Chile",,0.49344862427920,321.49730841185385,-71.871,-34.350
"Directions from Vía Sin Nombre, Paredones, O'Higgins, Chile to La Cuchilla, Navidad, O'Higgins, Chile",,0.49347098495897,319.48631332070681,-71.871,-34.350
"Directions from Vía Sin Nombre, Paredones, O'Higgins, Chile to La Cuchilla, Navidad, O'Higgins, Chile",,0.49355700821165,310.26883889423357,-71.871,-34.350
"Directions from Vía Sin Nombre, Paredones, O'Higgins, Chile to La Cuchilla, Navidad, O'Higgins, Chile",,0.49367014529664,318.17009587422717,-71.871,-34.350
"Directions from Vía Sin Nombre, Paredones, O'Higgins, Chile to La Cuchilla, Navidad, O'Higgins, Chile",,0.49379820778138,324.43449972597409,-71.871,-34.350
"Directions from Vía Sin Nombre, Paredones, O'Higgins, Chile to La Cuchilla, Navidad, O'Higgins, Chile",,0.49392859182949,343.76440385301913,-71.871,-34.350
"Directions from Vía Sin Nombre, Paredones, O'Higgins, Chile to La Cuchilla, Navidad, O'Higgins, Chile",,0.49393859182949,346.71747441146107,-71.871,-34.350
"Directions from Vía Sin Nombre, Paredones, O'Higgins, Chile to La Cuchilla, Navidad, O'Higgins, Chile",,0.49402803454859,339.45024687181882,-71.871,-34.350
"Directions from Vía Sin Nombre, Paredones, O'Higgins, Chile to La Cuchilla, Navidad, O'Higgins, Chile",,0.49430696106221,352.73277246035786,-71.871,-34.349
"Directions from Vía Sin Nombre, Paredones, O'Higgins, Chile to La Cuchilla, Navidad, O'Higgins, Chile",,0.49445696106221,3.79732168287350,-71.871,-34.349
"Directions from Vía Sin Nombre, Paredones, O'Higgins, Chile to La Cuchilla, Navidad, O'Higgins, Chile",,0.49460828852171,10.06172553936506,-71.871,-34.349
"Directions from Vía Sin Nombre, Paredones, O'Higgins, Chile to La Cuchilla, Navidad, O'Higgins, Chile",,0.49470048396629,16.54242646698041,-71.871,-34.349
"Directions from Vía Sin Nombre, Paredones, O'Higgins, Chile to La Cuchilla, Navidad, O'Higgins, Chile",,0.49487136404120,24.26775980458164,-71.871,-34.349
"Directions from Vía Sin Nombre, Paredones, O'Higgins, Chile to La Cuchilla, Navidad, O'Higgins, Chile",,0.49559607087847,25.80442605842010,-71.871,-34.348
"Directions from Vía Sin Nombre, Paredones, O'Higgins, Chile to La Cuchilla, Navidad, O'Higgins, Chile",,0.49577071337044,34.31468887450509,-71.871,-34.348
"Directions from Vía Sin Nombre, Paredones, O'Higgins, Chile to La Cuchilla, Navidad, O'Higgins, Chile",,0.49578485550606,33.01875552278375,-71.870,-34.348
"Directions from Vía Sin Nombre, Paredones, O'Higgins, Chile to La Cuchilla, Navidad, O'Higgins, Chile",,0.49592413938884,17.53687724577096,-71.870,-34.348
"Directions from Vía Sin Nombre, Paredones, O'Higgins, Chile to La Cuchilla, Navidad, O'Higgins, Chile",,0.49604783255760,11.08317291146431,-71.870,-34.348
"Directions from Vía Sin Nombre, Paredones, O'Higgins, Chile to La Cuchilla, Navidad, O'Higgins, Chile",,0.49633067527008,4.06505117829931,-71.870,-34.347
"Directions from Vía Sin Nombre, Paredones, O'Higgins, Chile to La Cuchilla, Navidad, O'Higgins, Chile",,0.49650067527008,337.49999999999994,-71.870,-34.347
"Directions from Vía Sin Nombre, Paredones, O'Higgins, Chile to La Cuchilla, Navidad, O'Higgins, Chile",,0.49651481740570,336.19871889833036,-71.870,-34.347
"Directions from Vía Sin Nombre, Paredones, O'Higgins, Chile to La Cuchilla, Navidad, O'Higgins, Chile",,0.49673504456116,354.21240559148731,-71.870,-34.347
"Directions from Vía Sin Nombre, Paredones, O'Higgins, Chile to La Cuchilla, Navidad, O'Higgins, Chile",,0.49692739840177,355.51368669315696,-71.870,-34.347
"Directions from Vía Sin Nombre, Paredones, O'Higgins, Chile to La Cuchilla, Navidad, O'Higgins, Chile",,0.49695739840177,354.99601009784493,-71.870,-34.347
"Directions from Vía Sin Nombre, Paredones, O'Higgins, Chile to La Cuchilla, Navidad, O'Higgins, Chile",,0.49713002516680,332.49601010802263,-71.870,-34.347
"Directions from Vía Sin Nombre, Paredones, O'Higgins, Chile to La Cuchilla, Navidad, O'Higgins, Chile",,0.49714416730241,331.00269161364770,-71.870,-34.347
"Directions from Vía Sin Nombre, Paredones, O'Higgins, Chile to La Cuchilla, Navidad, O'Higgins, Chile",,0.49741100058369,344.50061080073198,-71.871,-34.346
"Directions from Vía Sin Nombre, Paredones, O'Higgins, Chile to La Cuchilla, Navidad, O'Higgins, Chile",,0.49783159540059,339.80785166995719,-71.871,-34.346
"Directions from Vía Sin Nombre, Paredones, O'Higgins, Chile to La Cuchilla, Navidad, O'Higgins, Chile",,0.49801544316370,331.96489871596862,-71.871,-34.346
"Directions from Vía Sin Nombre, Paredones, O'Higgins, Chile to La Cuchilla, Navidad, O'Higgins, Chile",,0.49805149867645,332.63621073014275,-71.871,-34.346
"Directions from Vía Sin Nombre, Paredones, O'Higgins, Chile to La Cuchilla, Navidad, O'Higgins, Chile",,0.49819078255922,336.72430927327349,-71.871,-34.346
"Directions from Vía Sin Nombre, Paredones, O'Higgins, Chile to La Cuchilla, Navidad, O'Higgins, Chile",,0.49867832742895,324.74306478131524,-71.871,-34.345
"Directions from Vía Sin Nombre, Paredones, O'Higgins, Chile to La Cuchilla, Navidad, O'Higgins, Chile",,0.49870661170020,324.21747440738989,-71.871,-34.345
"Directions from Vía Sin Nombre, Paredones, O'Higgins, Chile to La Cuchilla, Navidad, O'Higgins, Chile",,0.49879605441930,337.49999999694666,-71.871,-34.345
"Directions from Vía Sin Nombre, Paredones, O'Higgins, Chile to La Cuchilla, Navidad, O'Higgins, Chile",,0.49882767719590,335.65430700407438,-71.871,-34.345
"Directions from Vía Sin Nombre, Paredones, O'Higgins, Chile to La Cuchilla, Navidad, O'Higgins, Chile",,0.49896660163580,327.37577131923422,-71.871,-34.345
"Directions from Vía Sin Nombre, Paredones, O'Higgins, Chile to La Cuchilla, Navidad, O'Higgins, Chile",,0.49908866719196,329.22146432330209,-71.871,-34.345
"Directions from Vía Sin Nombre, Paredones, O'Higgins, Chile to La Cuchilla, Navidad, O'Higgins, Chile",,0.49911102787173,327.07277099232340,-71.871,-34.345
"Directions from Vía Sin Nombre, Paredones, O'Higgins, Chile to La Cuchilla, Navidad, O'Higgins, Chile",,0.49925315457577,327.07277097603895,-71.871,-34.345
"Directions from Vía Sin Nombre, Paredones, O'Higgins, Chile to La Cuchilla, Navidad, O'Higgins, Chile",,0.49927551525554,326.41682708392977,-71.871,-34.345
"Directions from Vía Sin Nombre, Paredones, O'Higgins, Chile to La Cuchilla, Navidad, O'Higgins, Chile",,0.49936771070012,317.19935267653983,-71.871,-34.345
"Directions from Vía Sin Nombre, Paredones, O'Higgins, Chile to La Cuchilla, Navidad, O'Higgins, Chile",,0.49949498992073,311.28429601403542,-71.871,-34.344
"Directions from Vía Sin Nombre, Paredones, O'Higgins, Chile to La Cuchilla, Navidad, O'Higgins, Chile",,0.49965900211540,305.15190914994224,-71.872,-34.344
"Directions from Vía Sin Nombre, Paredones, O'Higgins, Chile to La Cuchilla, Navidad, O'Higgins, Chile",,0.49982543528517,300.40385660517154,-71.872,-34.344
"Directions from Vía Sin Nombre, Paredones, O'Higgins, Chile to La Cuchilla, Navidad, O'Higgins, Chile",,0.49999543528516,294.76011163263752,-71.872,-34.344
"Directions from Vía Sin Nombre, Paredones, O'Higgins, Chile to La Cuchilla, Navidad, O'Higgins, Chile",,0.50029626746430,287.95901521316739,-71.872,-34.344
"Directions from Vía Sin Nombre, Paredones, O'Higgins, Chile to La Cuchilla, Navidad, O'Higgins, Chile",,0.50061642367617,277.23514704979465,-71.872,-34.344
"Directions from Vía Sin Nombre, Paredones, O'Higgins, Chile to La Cuchilla, Navidad, O'Higgins, Chile",,0.50062642367617,276.04737853890327,-71.872,-34.344
"Directions from Vía Sin Nombre, Paredones, O'Higgins, Chile to La Cuchilla, Navidad, O'Higgins, Chile",,0.50076960188680,285.26485294934645,-71.873,-34.344
"Directions from Vía Sin Nombre, Paredones, O'Higgins, Chile to La Cuchilla, Navidad, O'Higgins, Chile",,0.50083284744001,284.87244064745329,-71.873,-34.344
"Directions from Vía Sin Nombre, Paredones, O'Higgins, Chile to La Cuchilla, Navidad, O'Higgins, Chile",,0.50103680822055,284.33197855535809,-71.873,-34.344
"Directions from Vía Sin Nombre, Paredones, O'Higgins, Chile to La Cuchilla, Navidad, O'Higgins, Chile",,0.50137206931284,278.67701231834798,-71.873,-34.344
"Directions from Vía Sin Nombre, Paredones, O'Higgins, Chile to La Cuchilla, Navidad, O'Higgins, Chile",,0.50140206931283,281.19006752543777,-71.873,-34.344
"Directions from Vía Sin Nombre, Paredones, O'Higgins, Chile to La Cuchilla, Navidad, O'Higgins, Chile",,0.50158591707595,295.71736957545642,-71.873,-34.344
"Directions from Vía Sin Nombre, Paredones, O'Higgins, Chile to La Cuchilla, Navidad, O'Higgins, Chile",,0.50179182967876,284.52730205001865,-71.874,-34.344
"Directions from Vía Sin Nombre, Paredones, O'Higgins, Chile to La Cuchilla, Navidad, O'Higgins, Chile",,0.50181182967876,288.78429601501915,-71.874,-34.344
"Directions from Vía Sin Nombre, Paredones, O'Higgins, Chile to La Cuchilla, Navidad, O'Higgins, Chile",,0.50197584187343,302.06682159541595,-71.874,-34.344
"Directions from Vía Sin Nombre, Paredones, O'Higgins, Chile to La Cuchilla, Navidad, O'Higgins, Chile",,0.50199820255321,305.78252558243230,-71.874,-34.344
"Directions from Vía Sin Nombre, Paredones, O'Higgins, Chile to La Cuchilla, Navidad, O'Higgins, Chile",,0.50213962390944,307.98187826567749,-71.874,-34.343
"Directions from Vía Sin Nombre, Paredones, O'Higgins, Chile to La Cuchilla, Navidad, O'Higgins, Chile",,0.50219793342839,309.48827201618349,-71.874,-34.343
"Directions from Vía Sin Nombre, Paredones, O'Higgins, Chile to La Cuchilla, Navidad, O'Higgins, Chile",,0.50233246966886,313.33629787859360,-71.874,-34.343
"Directions from Vía Sin Nombre, Paredones, O'Higgins, Chile to La Cuchilla, Navidad, O'Higgins, Chile",,0.50239650091124,315.89495530272296,-71.874,-34.343
"Directions from Vía Sin Nombre, Paredones, O'Higgins, Chile to La Cuchilla, Navidad, O'Higgins, Chile",,0.50249650091124,319.06505117667086,-71.874,-34.343
"Directions from Vía Sin Nombre, Paredones, O'Higgins, Chile to La Cuchilla, Navidad, O'Higgins, Chile",,0.50259549586060,319.06505117463530,-71.874,-34.343
"Directions from Vía Sin Nombre, Paredones, O'Higgins, Chile to La Cuchilla, Navidad, O'Higgins, Chile",,0.50264549586061,319.77226278043719,-71.874,-34.343
"Directions from Vía Sin Nombre, Paredones, O'Higgins, Chile to La Cuchilla, Navidad, O'Higgins, Chile",,0.50379135798146,317.70266815422798,-71.875,-34.342
"Directions from Vía Sin Nombre, Paredones, O'Higgins, Chile to La Cuchilla, Navidad, O'Higgins, Chile",,0.50409615299454,320.55796472412965,-71.875,-34.342
"Directions from Vía Sin Nombre, Paredones, O'Higgins, Chile to La Cuchilla, Navidad, O'Higgins, Chile",,0.50432418807956,328.15201218819703,-71.875,-34.342
"Directions from Vía Sin Nombre, Paredones, O'Higgins, Chile to La Cuchilla, Navidad, O'Higgins, Chile",,0.50466857158671,337.87202960238949,-71.875,-34.342
"Directions from Vía Sin Nombre, Paredones, O'Higgins, Chile to La Cuchilla, Navidad, O'Higgins, Chile",,0.50476343991651,344.51812173340448,-71.876,-34.341
"Directions from Vía Sin Nombre, Paredones, O'Higgins, Chile to La Cuchilla, Navidad, O'Higgins, Chile",,0.50485563536109,350.88029957586713,-71.876,-34.341
"Directions from Vía Sin Nombre, Paredones, O'Higgins, Chile to La Cuchilla, Navidad, O'Higgins, Chile",,0.50505663287351,358.20525162951822,-71.876,-34.341
"Directions from Vía Sin Nombre, Paredones, O'Higgins, Chile to La Cuchilla, Navidad, O'Higgins, Chile",,0.50532681799523,4.23064407016680,-71.876,-34.341
"Directions from Vía Sin Nombre, Paredones, O'Higgins, Chile to La Cuchilla, Navidad, O'Higgins, Chile",,0.50876786434773,3.17009587300722,-71.875,-34.337
"Directions from Vía Sin Nombre, Paredones, O'Higgins, Chile to La Cuchilla, Navidad, O'Higgins, Chile",,0.50939786434772,357.14470343037686,-71.875,-34.337
"Directions from Vía Sin Nombre, Paredones, O'Higgins, Chile to La Cuchilla, Navidad, O'Higgins, Chile",,0.50969936061636,352.06757014046121,-71.875,-34.337
"Directions from Vía Sin Nombre, Paredones, O'Higgins, Chile to La Cuchilla, Navidad, O'Higgins, Chile",,0.51038002205937,352.06757014052846,-71.875,-34.336
"Directions from Vía Sin Nombre, Paredones, O'Higgins, Chile to La Cuchilla, Navidad, O'Higgins, Chile",,0.51048052081559,351.48973719421679,-71.875,-34.336
"Directions from Vía Sin Nombre, Paredones, O'Higgins, Chile to La Cuchilla, Navidad, O'Higgins, Chile",,0.51063349140099,354.34503376377279,-71.875,-34.336
"Directions from Vía Sin Nombre, Paredones, O'Higgins, Chile to La Cuchilla, Navidad, O'Higgins, Chile",,0.51066349140099,354.84757676518274,-71.875,-34.336
"Directions from Vía Sin Nombre, Paredones, O'Higgins, Chile to La Cuchilla, Navidad, O'Higgins, Chile",,0.51099890159762,352.46575592234655,-71.875,-34.335
"Directions from Vía Sin Nombre, Paredones, O'Higgins, Chile to La Cuchilla, Navidad, O'Higgins, Chile",,0.51111931754340,356.91958864329780,-71.875,-34.335
"Directions from Vía Sin Nombre, Paredones, O'Higgins, Chile to La Cuchilla, Navidad, O'Higgins, Chile",,0.51152943947649,0.89132454656717,-71.875,-34.335
"Directions from Vía Sin Nombre, Paredones, O'Higgins, Chile to La Cuchilla, Navidad, O'Higgins, Chile",,0.51170971704026,10.80738946171640,-71.875,-34.335
"Directions from Vía Sin Nombre, Paredones, O'Higgins, Chile to La Cuchilla, Navidad, O'Higgins, Chile",,0.51174133981686,11.41682707949942,-71.875,-34.335
"Directions from Vía Sin Nombre, Paredones, O'Higgins, Chile to La Cuchilla, Navidad, O'Higgins, Chile",,0.51187172386497,8.33173954230937,-71.875,-34.334
"Directions from Vía Sin Nombre, Paredones, O'Higgins, Chile to La Cuchilla, Navidad, O'Higgins, Chile",,0.51210709591089,6.13238686409318,-71.875,-34.334
"Directions from Vía Sin Nombre, Paredones, O'Higgins, Chile to La Cuchilla, Navidad, O'Higgins, Chile",,0.51211709591088,6.26440385433628,-71.875,-34.334
"Directions from Vía Sin Nombre, Paredones, O'Higgins, Chile to La Cuchilla, Navidad, O'Higgins, Chile",,0.51230148680003,15.48187826579728,-71.875,-34.334
"Directions from Vía Sin Nombre, Paredones, O'Higgins, Chile to La Cuchilla, Navidad, O'Higgins, Chile",,0.51245960068304,9.21747441146100,-71.875,-34.334
"Directions from Vía Sin Nombre, Paredones, O'Higgins, Chile to La Cuchilla, Navidad, O'Higgins, Chile",,0.51246960068304,9.72001741496495,-71.875,-34.334
"Directions from Vía Sin Nombre, Paredones, O'Higgins, Chile to La Cuchilla, Navidad, O'Higgins, Chile",,0.51264987824681,22.22846415267773,-71.875,-34.334
"Directions from Vía Sin Nombre, Paredones, O'Higgins, Chile to La Cuchilla, Navidad, O'Higgins, Chile",,0.51281540770039,23.70824851074322,-71.875,-34.333
"Directions from Vía Sin Nombre, Paredones, O'Higgins, Chile to La Cuchilla, Navidad, O'Higgins, Chile",,0.51441618875975,24.48232736106057,-71.875,-34.332
"Directions from Vía Sin Nombre, Paredones, O'Higgins, Chile to La Cuchilla, Navidad, O'Higgins, Chile",,0.51459507419795,24.40703741670836,-71.874,-34.332
"Directions from Vía Sin Nombre, Paredones, O'Higgins, Chile to La Cuchilla, Navidad, O'Higgins, Chile",,0.51507046877091,20.34198623878223,-71.874,-34.331
"Directions from Vía Sin Nombre, Paredones, O'Higgins, Chile to La Cuchilla, Navidad, O'Higgins, Chile",,0.51516533710071,22.49999999864296,-71.874,-34.331
"Directions from Vía Sin Nombre, Paredones, O'Higgins, Chile to La Cuchilla, Navidad, O'Higgins, Chile",,0.51525477981981,24.47259311433812,-71.874,-34.331
"Directions from Vía Sin Nombre, Paredones, O'Higgins, Chile to La Cuchilla, Navidad, O'Higgins, Chile",,0.51580632310913,26.67194579542804,-71.874,-34.331
"Directions from Vía Sin Nombre, Paredones, O'Higgins, Chile to La Cuchilla, Navidad, O'Higgins, Chile",,0.51586463262808,24.69935268058105,-71.874,-34.331
"Directions from Vía Sin Nombre, Paredones, O'Higgins, Chile to La Cuchilla, Navidad, O'Higgins, Chile",,0.51599112373449,20.60867727592995,-71.874,-34.331
"Directions from Vía Sin Nombre, Paredones, O'Higgins, Chile to La Cuchilla, Navidad, O'Higgins, Chile",,0.51653343360901,11.39120286497785,-71.874,-34.330
"Directions from Vía Sin Nombre, Paredones, O'Higgins, Chile to La Cuchilla, Navidad, O'Higgins, Chile",,0.51654343360901,11.19006752579912,-71.874,-34.330
"Directions from Vía Sin Nombre, Paredones, O'Higgins, Chile to La Cuchilla, Navidad, O'Higgins, Chile",,0.51709497689833,24.47259311739145,-71.874,-34.330
"Directions from Vía Sin Nombre, Paredones, O'Higgins, Chile to La Cuchilla, Navidad, O'Higgins, Chile",,0.51718441961744,22.50000000169631,-71.873,-34.329
"Directions from Vía Sin Nombre, Paredones, O'Higgins, Chile to La Cuchilla, Navidad, O'Higgins, Chile",,0.51727928794724,20.40754193617409,-71.873,-34.329
"Directions from Vía Sin Nombre, Paredones, O'Higgins, Chile to La Cuchilla, Navidad, O'Higgins, Chile",,0.51764698347346,20.40754193753114,-71.873,-34.329
"Directions from Vía Sin Nombre, Paredones, O'Higgins, Chile to La Cuchilla, Navidad, O'Higgins, Chile",,0.51777347457986,24.69935267510300,-71.873,-34.329
"Directions from Vía Sin Nombre, Paredones, O'Higgins, Chile to La Cuchilla, Navidad, O'Higgins, Chile",,0.51783178409881,26.67194579094670,-71.873,-34.329
"Directions from Vía Sin Nombre, Paredones, O'Higgins, Chile to La Cuchilla, Navidad, O'Higgins, Chile",,0.51801563186192,33.69006750694916,-71.873,-34.329
"Directions from Vía Sin Nombre, Paredones, O'Higgins, Chile to La Cuchilla, Navidad, O'Higgins, Chile",,0.51802977399754,32.77802259013329,-71.873,-34.329
"Directions from Vía Sin Nombre, Paredones, O'Higgins, Chile to La Cuchilla, Navidad, O'Higgins, Chile",,0.51820065407245,22.07811754446384,-71.873,-34.329
"Directions from Vía Sin Nombre, Paredones, O'Higgins, Chile to La Cuchilla, Navidad, O'Higgins, Chile",,0.51932466474855,22.38072484205756,-71.873,-34.327
"Directions from Vía Sin Nombre, Paredones, O'Higgins, Chile to La Cuchilla, Navidad, O'Higgins, Chile",,0.51965708015132,22.36798300909822,-71.873,-34.327
"Directions from Vía Sin Nombre, Paredones, O'Higgins, Chile to La Cuchilla, Navidad, O'Higgins, Chile",,0.52205741346151,22.85994312010132,-71.872,-34.325
"Directions from Vía Sin Nombre, Paredones, O'Higgins, Chile to La Cuchilla, Navidad, O'Higgins, Chile",,0.52298590686483,24.35511560711577,-71.871,-34.324
"Directions from Vía Sin Nombre, Paredones, O'Higgins, Chile to La Cuchilla, Navidad, O'Higgins, Chile",,0.52316479230302,29.79445936582111,-71.871,-34.324
"Directions from Vía Sin Nombre, Paredones, O'Higgins, Chile to La Cuchilla, Navidad, O'Higgins, Chile",,0.52340332951186,35.35905401213625,-71.871,-34.324
"Directions from Vía Sin Nombre, Paredones, O'Higgins, Chile to La Cuchilla, Navidad, O'Higgins, Chile",,0.52368135828736,41.34712023379510,-71.871,-34.324
"Directions from Vía Sin Nombre, Paredones, O'Higgins, Chile to La Cuchilla, Navidad, O'Higgins, Chile",,0.52420461730543,46.68323033172628,-71.870,-34.323
"Directions from Vía Sin Nombre, Paredones, O'Higgins, Chile to La Cuchilla, Navidad, O'Higgins, Chile",,0.52432503325122,46.68323033227644,-71.870,-34.323
"Directions from Vía Sin Nombre, Paredones, O'Higgins, Chile to La Cuchilla, Navidad, O'Higgins, Chile",,0.52472101304868,46.08737205738972,-71.870,-34.323
"Directions from Vía Sin Nombre, Paredones, O'Higgins, Chile to La Cuchilla, Navidad, O'Higgins, Chile",,0.52528003004306,51.74233829283400,-71.870,-34.322
"Directions from Vía Sin Nombre, Paredones, O'Higgins, Chile to La Cuchilla, Navidad, O'Higgins, Chile",,0.52531608555581,50.65496623544430,-71.870,-34.322
"Directions from Vía Sin Nombre, Paredones, O'Higgins, Chile to La Cuchilla, Navidad, O'Higgins, Chile",,0.52564135467516,45.89682246766164,-71.869,-34.322
"Directions from Vía Sin Nombre, Paredones, O'Higgins, Chile to La Cuchilla, Navidad, O'Higgins, Chile",,0.53241875830782,47.93963085692580,-71.864,-34.318
"Directions from Vía Sin Nombre, Paredones, O'Higgins, Chile to La Cuchilla, Navidad, O'Higgins, Chile",,0.53261725264023,47.77720874647844,-71.864,-34.317
"Directions from Vía Sin Nombre, Paredones, O'Higgins, Chile to La Cuchilla, Navidad, O'Higgins, Chile",,0.53399656406264,47.77720874782172,-71.863,-34.316
"Directions from Vía Sin Nombre, Paredones, O'Higgins, Chile to La Cuchilla, Navidad, O'Higgins, Chile",,0.53419505839506,47.04280839060742,-71.863,-34.316
"Directions from Vía Sin Nombre, Paredones, O'Higgins, Chile to La Cuchilla, Navidad, O'Higgins, Chile",,0.53459103819253,46.24477646053870,-71.863,-34.316
"Directions from Vía Sin Nombre, Paredones, O'Higgins, Chile to La Cuchilla, Navidad, O'Higgins, Chile",,0.53491661460444,45.66020679682226,-71.863,-34.316
"Directions from Vía Sin Nombre, Paredones, O'Higgins, Chile to La Cuchilla, Navidad, O'Higgins, Chile",,0.53526316907347,41.51903208872519,-71.862,-34.316
"Directions from Vía Sin Nombre, Paredones, O'Higgins, Chile to La Cuchilla, Navidad, O'Higgins, Chile",,0.53575357706688,36.30751404725111,-71.862,-34.315
"Directions from Vía Sin Nombre, Paredones, O'Higgins, Chile to La Cuchilla, Navidad, O'Higgins, Chile",,0.53631660459729,30.61596048713271,-71.862,-34.315
"Directions from Vía Sin Nombre, Paredones, O'Higgins, Chile to La Cuchilla, Navidad, O'Higgins, Chile",,0.53672366724603,32.34699701361675,-71.862,-34.314
"Directions from Vía Sin Nombre, Paredones, O'Higgins, Chile to La Cuchilla, Navidad, O'Higgins, Chile",,0.53677366724603,33.11382559262880,-71.862,-34.314
"Directions from Vía Sin Nombre, Paredones, O'Higgins, Chile to La Cuchilla, Navidad, O'Higgins, Chile",,0.53695724284354,32.69256346344692,-71.861,-34.314
"Directions from Vía Sin Nombre, Paredones, O'Higgins, Chile to La Cuchilla, Navidad, O'Higgins, Chile",,0.53709325754862,18.01368669211170,-71.861,-34.314
"Directions from Vía Sin Nombre, Paredones, O'Higgins, Chile to La Cuchilla, Navidad, O'Higgins, Chile",,0.53710325754862,20.59296258375551,-71.861,-34.314
"Directions from Vía Sin Nombre, Paredones, O'Higgins, Chile to La Cuchilla, Navidad, O'Higgins, Chile",,0.53720955900675,43.09296258375551,-71.861,-34.314
"Directions from Vía Sin Nombre, Paredones, O'Higgins, Chile to La Cuchilla, Navidad, O'Higgins, Chile",,0.53746411744798,47.19935267677934,-71.861,-34.314
"Directions from Vía Sin Nombre, Paredones, O'Higgins, Chile to La Cuchilla, Navidad, O'Higgins, Chile",,0.53755631289255,53.60148570966266,-71.861,-34.314
"Directions from Vía Sin Nombre, Paredones, O'Higgins, Chile to La Cuchilla, Navidad, O'Higgins, Chile",,0.53787537401522,62.66241583435242,-71.861,-34.314
"Directions from Vía Sin Nombre, Paredones, O'Higgins, Chile to La Cuchilla, Navidad, O'Higgins, Chile",,0.53818922111175,70.20891831716298,-71.861,-34.313
"Directions from Vía Sin Nombre, Paredones, O'Higgins, Chile to La Cuchilla, Navidad, O'Higgins, Chile",,0.53832523581684,81.44863551569388,-71.860,-34.313
"Directions from Vía Sin Nombre, Paredones, O'Higgins, Chile to La Cuchilla, Navidad, O'Higgins, Chile",,0.53833523581683,83.50269160415613,-71.860,-34.313
"Directions from Vía Sin Nombre, Paredones, O'Higgins, Chile to La Cuchilla, Navidad, O'Higgins, Chile",,0.53846865245748,79.43764042687458,-71.860,-34.313
"Directions from Vía Sin Nombre, Paredones, O'Higgins, Chile to La Cuchilla, Navidad, O'Higgins, Chile",,0.53861007381371,83.89214043283437,-71.860,-34.313
"Directions from Vía Sin Nombre, Paredones, O'Higgins, Chile to La Cuchilla, Navidad, O'Higgins, Chile",,0.53889078719066,91.51969978331417,-71.860,-34.313
"Directions from Vía Sin Nombre, Paredones, O'Higgins, Chile to La Cuchilla, Navidad, O'Higgins, Chile",,0.53897140976814,93.56250817319825,-71.860,-34.313
"Directions from Vía Sin Nombre, Paredones, O'Higgins, Chile to La Cuchilla, Navidad, O'Higgins, Chile",,0.53904140976815,94.73116110401283,-71.860,-34.313
"Directions from Vía Sin Nombre, Paredones, O'Higgins, Chile to La Cuchilla, Navidad, O'Higgins, Chile",,0.53916306501875,94.73116110401283,-71.860,-34.313
"Directions from Vía Sin Nombre, Paredones, O'Higgins, Chile to La Cuchilla, Navidad, O'Higgins, Chile",,0.53919306501875,94.41018977591600,-71.860,-34.313
"Directions from Vía Sin Nombre, Paredones, O'Higgins, Chile to La Cuchilla, Navidad, O'Higgins, Chile",,0.53978000624240,99.58563260346216,-71.859,-34.313
"Directions from Vía Sin Nombre, Paredones, O'Higgins, Chile to La Cuchilla, Navidad, O'Higgins, Chile",,0.54200623623950,99.24049400408136,-71.857,-34.314
"Directions from Vía Sin Nombre, Paredones, O'Higgins, Chile to La Cuchilla, Navidad, O'Higgins, Chile",,0.54221836827385,103.28252558697839,-71.857,-34.314
"Directions from Vía Sin Nombre, Paredones, O'Higgins, Chile to La Cuchilla, Navidad, O'Higgins, Chile",,0.54228161382706,103.62766418646558,-71.856,-34.314
"Directions from Vía Sin Nombre, Paredones, O'Higgins, Chile to La Cuchilla, Navidad, O'Higgins, Chile",,0.54286855505069,100.29433424243911,-71.856,-34.314
"Directions from Vía Sin Nombre, Paredones, O'Higgins, Chile to La Cuchilla, Navidad, O'Higgins, Chile",,0.54311370806412,100.32447404179329,-71.856,-34.314
"Directions from Vía Sin Nombre, Paredones, O'Higgins, Chile to La Cuchilla, Navidad, O'Higgins, Chile",,0.54343759075894,100.25714657477921,-71.855,-34.314
"Directions from Vía Sin Nombre, Paredones, O'Higgins, Chile to La Cuchilla, Navidad, O'Higgins, Chile",,0.54378472185810,99.37932517385356,-71.855,-34.314
"Directions from Vía Sin Nombre, Paredones, O'Higgins, Chile to La Cuchilla, Navidad, O'Higgins, Chile",,0.54394596701306,106.84503376298991,-71.855,-34.314
"Directions from Vía Sin Nombre, Paredones, O'Higgins, Chile to La Cuchilla, Navidad, O'Higgins, Chile",,0.54396832769283,107.54790839371213,-71.855,-34.314
"Directions from Vía Sin Nombre, Paredones, O'Higgins, Chile to La Cuchilla, Navidad, O'Higgins, Chile",,0.54417056517700,96.98554882063016,-71.855,-34.314
"Directions from Vía Sin Nombre, Paredones, O'Higgins, Chile to La Cuchilla, Navidad, O'Higgins, Chile",,0.54438151540809,92.72016601545702,-71.854,-34.314
"Directions from Vía Sin Nombre, Paredones, O'Higgins, Chile to La Cuchilla, Navidad, O'Higgins, Chile",,0.54465151540809,87.88180260055388,-71.854,-34.314
"Directions from Vía Sin Nombre, Paredones, O'Higgins, Chile to La Cuchilla, Navidad, O'Higgins, Chile",,0.54492225513550,80.02748368608286,-71.854,-34.314
"Directions from Vía Sin Nombre, Paredones, O'Higgins, Chile to La Cuchilla, Navidad, O'Higgins, Chile",,0.54525467053828,82.14568108552896,-71.854,-34.314
"Directions from Vía Sin Nombre, Paredones, O'Higgins, Chile to La Cuchilla, Navidad, O'Higgins, Chile",,0.54526467053828,79.72197739039419,-71.854,-34.314
"Directions from Vía Sin Nombre, Paredones, O'Higgins, Chile to La Cuchilla, Navidad, O'Higgins, Chile",,0.54552099065065,64.59375880799672,-71.853,-34.314
"Directions from Vía Sin Nombre, Paredones, O'Higgins, Chile to La Cuchilla, Navidad, O'Higgins, Chile",,0.54579883953043,54.46423948035448,-71.853,-34.314
"Directions from Vía Sin Nombre, Paredones, O'Higgins, Chile to La Cuchilla, Navidad, O'Higgins, Chile",,0.54608952836750,44.71063721837151,-71.853,-34.314
"Directions from Vía Sin Nombre, Paredones, O'Higgins, Chile to La Cuchilla, Navidad, O'Higgins, Chile",,0.54625982223116,37.88701805188186,-71.853,-34.314
"Directions from Vía Sin Nombre, Paredones, O'Higgins, Chile to La Cuchilla, Navidad, O'Higgins, Chile",,0.54643186873651,31.64810919529099,-71.853,-34.313
"Directions from Vía Sin Nombre, Paredones, O'Higgins, Chile to La Cuchilla, Navidad, O'Higgins, Chile",,0.54664657784204,25.62855313758728,-71.853,-34.313
"Directions from Vía Sin Nombre, Paredones, O'Higgins, Chile to La Cuchilla, Navidad, O'Higgins, Chile",,0.54689737656612,21.08273997595228,-71.852,-34.313
"Directions from Vía Sin Nombre, Paredones, O'Higgins, Chile to La Cuchilla, Navidad, O'Higgins, Chile",,0.54767846554953,19.36922006966140,-71.852,-34.312
"Directions from Vía Sin Nombre, Paredones, O'Higgins, Chile to La Cuchilla, Navidad, O'Higgins, Chile",,0.54989296323523,18.19268914506337,-71.851,-34.310
"Directions from Vía Sin Nombre, Paredones, O'Higgins, Chile to La Cuchilla, Navidad, O'Higgins, Chile",,0.55032016342250,30.65692621279567,-71.851,-34.310
"Directions from Vía Sin Nombre, Paredones, O'Higgins, Chile to La Cuchilla, Navidad, O'Higgins, Chile",,0.55033430555813,31.12072969949207,-71.851,-34.310
"Directions from Vía Sin Nombre, Paredones, O'Higgins, Chile to La Cuchilla, Navidad, O'Higgins, Chile",,0.55063795008714,15.56931785677956,-71.851,-34.309
"Directions from Vía Sin Nombre, Paredones, O'Higgins, Chile to La Cuchilla, Navidad, O'Higgins, Chile",,0.55163719980567,16.16606256823963,-71.851,-34.309
"Directions from Vía Sin Nombre, Paredones, O'Higgins, Chile to La Cuchilla, Navidad, O'Higgins, Chile",,0.55176369091208,16.23559614731011,-71.851,-34.308
"Directions from Vía Sin Nombre, Paredones, O'Higgins, Chile to La Cuchilla, Navidad, O'Higgins, Chile",,0.55184615302459,20.30064732218293,-71.851,-34.308
"Directions from Vía Sin Nombre, Paredones, O'Higgins, Chile to La Cuchilla, Navidad, O'Higgins, Chile",,0.55191323506392,22.50000000000002,-71.851,-34.308
"Directions from Vía Sin Nombre, Paredones, O'Higgins, Chile to La Cuchilla, Navidad, O'Higgins, Chile",,0.55200810339373,24.08991506264619,-71.851,-34.308
"Directions from Vía Sin Nombre, Paredones, O'Higgins, Chile to La Cuchilla, Navidad, O'Higgins, Chile",,0.55216934854869,41.43749182392065,-71.851,-34.308
"Directions from Vía Sin Nombre, Paredones, O'Higgins, Chile to La Cuchilla, Navidad, O'Higgins, Chile",,0.55221934854869,45.89495530150164,-71.851,-34.308
"Directions from Vía Sin Nombre, Paredones, O'Higgins, Chile to La Cuchilla, Navidad, O'Higgins, Chile",,0.55228337979106,45.89495530150164,-71.851,-34.308
"Directions from Vía Sin Nombre, Paredones, O'Higgins, Chile to La Cuchilla, Navidad, O'Higgins, Chile",,0.55233337979106,49.06505117835750,-71.851,-34.308
"Directions from Vía Sin Nombre, Paredones, O'Higgins, Chile to La Cuchilla, Navidad, O'Higgins, Chile",,0.55243237474043,53.34962211962462,-71.851,-34.308
"Directions from Vía Sin Nombre, Paredones, O'Higgins, Chile to La Cuchilla, Navidad, O'Higgins, Chile",,0.55258002297103,67.29825763241058,-71.850,-34.308
"Directions from Vía Sin Nombre, Paredones, O'Higgins, Chile to La Cuchilla, Navidad, O'Higgins, Chile",,0.55271603767612,75.50430649517799,-71.850,-34.308
"Directions from Vía Sin Nombre, Paredones, O'Higgins, Chile to La Cuchilla, Navidad, O'Higgins, Chile",,0.55291020255451,84.05567097948412,-71.850,-34.308
"Directions from Vía Sin Nombre, Paredones, O'Higgins, Chile to La Cuchilla, Navidad, O'Higgins, Chile",,0.55311020255450,97.01812173396324,-71.850,-34.308
"Directions from Vía Sin Nombre, Paredones, O'Higgins, Chile to La Cuchilla, Navidad, O'Higgins, Chile",,0.55319266466701,107.00967499565614,-71.850,-34.308
"Directions from Vía Sin Nombre, Paredones, O'Higgins, Chile to La Cuchilla, Navidad, O'Higgins, Chile",,0.55330971166613,114.51885531103945,-71.850,-34.308
"Directions from Vía Sin Nombre, Paredones, O'Higgins, Chile to La Cuchilla, Navidad, O'Higgins, Chile",,0.55361858057036,120.89491518525335,-71.849,-34.308
"Directions from Vía Sin Nombre, Paredones, O'Higgins, Chile to La Cuchilla, Navidad, O'Higgins, Chile",,0.55378501374013,128.86761313929944,-71.849,-34.308
"Directions from Vía Sin Nombre, Paredones, O'Higgins, Chile to La Cuchilla, Navidad, O'Higgins, Chile",,0.55382744014700,131.82990412944471,-71.849,-34.308
"Directions from Vía Sin Nombre, Paredones, O'Higgins, Chile to La Cuchilla, Navidad, O'Higgins, Chile",,0.55389147138937,132.76121460075584,-71.849,-34.308
"Directions from Vía Sin Nombre, Paredones, O'Higgins, Chile to La Cuchilla, Navidad, O'Higgins, Chile",,0.55563187364172,134.31146032653712,-71.848,-34.309
"Directions from Vía Sin Nombre, Paredones, O'Higgins, Chile to La Cuchilla, Navidad, O'Higgins, Chile",,0.55600724012931,128.22772661761320,-71.848,-34.310
"Directions from Vía Sin Nombre, Paredones, O'Higgins, Chile to La Cuchilla, Navidad, O'Higgins, Chile",,0.55616535401232,129.84757675560206,-71.848,-34.310
"Directions from Vía Sin Nombre, Paredones, O'Higgins, Chile to La Cuchilla, Navidad, O'Higgins, Chile",,0.55617949614794,127.46575591010422,-71.848,-34.310
"Directions from Vía Sin Nombre, Paredones, O'Higgins, Chile to La Cuchilla, Navidad, O'Higgins, Chile",,0.55656028480324,114.18323032970741,-71.847,-34.310
"Directions from Vía Sin Nombre, Paredones, O'Higgins, Chile to La Cuchilla, Navidad, O'Higgins, Chile",,0.55659190757984,116.98631330706310,-71.847,-34.310
"Directions from Vía Sin Nombre, Paredones, O'Higgins, Chile to La Cuchilla, Navidad, O'Higgins, Chile",,0.55667793083250,118.66954364011164,-71.847,-34.310
"Directions from Vía Sin Nombre, Paredones, O'Higgins, Chile to La Cuchilla, Navidad, O'Higgins, Chile",,0.55678563412865,123.40070474247401,-71.847,-34.310
"Directions from Vía Sin Nombre, Paredones, O'Higgins, Chile to La Cuchilla, Navidad, O'Higgins, Chile",,0.55679977626427,124.88757028476348,-71.847,-34.310
"Directions from Vía Sin Nombre, Paredones, O'Higgins, Chile to La Cuchilla, Navidad, O'Higgins, Chile",,0.55708613268554,110.93893476906965,-71.847,-34.310
"Directions from Vía Sin Nombre, Paredones, O'Higgins, Chile to La Cuchilla, Navidad, O'Higgins, Chile",,0.55722214739062,111.83389007284514,-71.847,-34.310
"Directions from Vía Sin Nombre, Paredones, O'Higgins, Chile to La Cuchilla, Navidad, O'Higgins, Chile",,0.55726686875017,111.35469497849864,-71.847,-34.310
"Directions from Vía Sin Nombre, Paredones, O'Higgins, Chile to La Cuchilla, Navidad, O'Higgins, Chile",,0.55766246955908,104.01649840966566,-71.846,-34.310
"Directions from Vía Sin Nombre, Paredones, O'Higgins, Chile to La Cuchilla, Navidad, O'Higgins, Chile",,0.55805079931585,100.31741015121894,-71.846,-34.310
"Directions from Vía Sin Nombre, Paredones, O'Higgins, Chile to La Cuchilla, Navidad, O'Higgins, Chile",,0.55844538770900,96.05631146319274,-71.846,-34.310
"Directions from Vía Sin Nombre, Paredones, O'Higgins, Chile to La Cuchilla, Navidad, O'Higgins, Chile",,0.55878597543631,90.69576332590039,-71.845,-34.310
"Directions from Vía Sin Nombre, Paredones, O'Higgins, Chile to La Cuchilla, Navidad, O'Higgins, Chile",,0.55907614779887,85.08587634346898,-71.845,-34.310
"Directions from Vía Sin Nombre, Paredones, O'Higgins, Chile to La Cuchilla, Navidad, O'Higgins, Chile",,0.55936889342225,80.18574274986310,-71.845,-34.310
"Directions from Vía Sin Nombre, Paredones, O'Higgins, Chile to La Cuchilla, Navidad, O'Higgins, Chile",,0.56275004707152,79.38123829638182,-71.841,-34.310
"Directions from Vía Sin Nombre, Paredones, O'Higgins, Chile to La Cuchilla, Navidad, O'Higgins, Chile",,0.56305418519803,62.76883890594492,-71.841,-34.310
"Directions from Vía Sin Nombre, Paredones, O'Higgins, Chile to La Cuchilla, Navidad, O'Higgins, Chile",,0.56306832733365,62.10785107555020,-71.841,-34.310
"Directions from Vía Sin Nombre, Paredones, O'Higgins, Chile to La Cuchilla, Navidad, O'Higgins, Chile",,0.56328210291691,77.82263387352356,-71.841,-34.310
"Directions from Vía Sin Nombre, Paredones, O'Higgins, Chile to La Cuchilla, Navidad, O'Higgins, Chile",,0.56358043159472,79.14973162944470,-71.840,-34.310
"Directions from Vía Sin Nombre, Paredones, O'Higgins, Chile to La Cuchilla, Navidad, O'Higgins, Chile",,0.56365114227284,78.05936198980258,-71.840,-34.310
"Directions from Vía Sin Nombre, Paredones, O'Higgins, Chile to La Cuchilla, Navidad, O'Higgins, Chile",,0.56405635826463,71.60565765537842,-71.840,-34.309
"Directions from Vía Sin Nombre, Paredones, O'Higgins, Chile to La Cuchilla, Navidad, O'Higgins, Chile",,0.56419564214740,64.41055171076836,-71.840,-34.309
"Directions from Vía Sin Nombre, Paredones, O'Higgins, Chile to La Cuchilla, Navidad, O'Higgins, Chile",,0.56455411111398,55.59940309655602,-71.840,-34.309
"Directions from Vía Sin Nombre, Paredones, O'Higgins, Chile to La Cuchilla, Navidad, O'Higgins, Chile",,0.56487426732585,48.17009587265708,-71.839,-34.309
"Directions from Vía Sin Nombre, Paredones, O'Higgins, Chile to La Cuchilla, Navidad, O'Higgins, Chile",,0.56498740441083,48.56250817429432,-71.839,-34.309
"Directions from Vía Sin Nombre, Paredones, O'Higgins, Chile to La Cuchilla, Navidad, O'Higgins, Chile",,0.56510142195334,50.21344101163938,-71.839,-34.309
"Directions from Vía Sin Nombre, Paredones, O'Higgins, Chile to La Cuchilla, Navidad, O'Higgins, Chile",,0.56583803582778,46.65093283674634,-71.839,-34.308
"Directions from Vía Sin Nombre, Paredones, O'Higgins, Chile to La Cuchilla, Navidad, O'Higgins, Chile",,0.56607845213338,47.59721445360240,-71.838,-34.308
"Directions from Vía Sin Nombre, Paredones, O'Higgins, Chile to La Cuchilla, Navidad, O'Higgins, Chile",,0.56639086212042,52.90704209266274,-71.838,-34.308
"Directions from Vía Sin Nombre, Paredones, O'Higgins, Chile to La Cuchilla, Navidad, O'Higgins, Chile",,0.56662107940909,58.07188313707206,-71.838,-34.308
"Directions from Vía Sin Nombre, Paredones, O'Higgins, Chile to La Cuchilla, Navidad, O'Higgins, Chile",,0.56688527630536,64.07198797232952,-71.838,-34.308
"Directions from Vía Sin Nombre, Paredones, O'Higgins, Chile to La Cuchilla, Navidad, O'Higgins, Chile",,0.56706912406847,70.83723452295042,-71.838,-34.308
"Directions from Vía Sin Nombre, Paredones, O'Higgins, Chile to La Cuchilla, Navidad, O'Higgins, Chile",,0.56743312956293,75.16615348282558,-71.837,-34.308
"Directions from Vía Sin Nombre, Paredones, O'Higgins, Chile to La Cuchilla, Navidad, O'Higgins, Chile",,0.56831839788384,74.17489155249503,-71.836,-34.307
"Directions from Vía Sin Nombre, Paredones, O'Higgins, Chile to La Cuchilla, Navidad, O'Higgins, Chile",,0.56867574925153,65.74642668271856,-71.836,-34.307
"Directions from Vía Sin Nombre, Paredones, O'Higgins, Chile to La Cuchilla, Navidad, O'Higgins, Chile",,0.56893128789832,56.27543774198146,-71.836,-34.307
"Directions from Vía Sin Nombre, Paredones, O'Higgins, Chile to La Cuchilla, Navidad, O'Higgins, Chile",,0.56908128789832,49.06505117752752,-71.836,-34.307
"Directions from Vía Sin Nombre, Paredones, O'Higgins, Chile to La Cuchilla, Navidad, O'Higgins, Chile",,0.56930756206830,38.86761313527073,-71.836,-34.307
"Directions from Vía Sin Nombre, Paredones, O'Higgins, Chile to La Cuchilla, Navidad, O'Higgins, Chile",,0.56947399523807,29.65013872393693,-71.835,-34.307
"Directions from Vía Sin Nombre, Paredones, O'Higgins, Chile to La Cuchilla, Navidad, O'Higgins, Chile",,0.56965288067627,22.50000000152667,-71.835,-34.307
"Directions from Vía Sin Nombre, Paredones, O'Higgins, Chile to La Cuchilla, Navidad, O'Higgins, Chile",,0.56968450345288,15.42118367760855,-71.835,-34.306
"Directions from Vía Sin Nombre, Paredones, O'Higgins, Chile to La Cuchilla, Navidad, O'Higgins, Chile",,0.57019646048232,15.42118367421596,-71.835,-34.306
"Directions from Vía Sin Nombre, Paredones, O'Higgins, Chile to La Cuchilla, Navidad, O'Higgins, Chile",,0.57038619714193,22.49999999980614,-71.835,-34.306
"Directions from Vía Sin Nombre, Paredones, O'Higgins, Chile to La Cuchilla, Navidad, O'Higgins, Chile",,0.57054272190036,31.71747441099574,-71.835,-34.306
"Directions from Vía Sin Nombre, Paredones, O'Higgins, Chile to La Cuchilla, Navidad, O'Higgins, Chile",,0.57064272190035,33.91682708792904,-71.835,-34.306
"Directions from Vía Sin Nombre, Paredones, O'Higgins, Chile to La Cuchilla, Navidad, O'Higgins, Chile",,0.57075934093825,37.98187826765323,-71.835,-34.305
"Directions from Vía Sin Nombre, Paredones, O'Higgins, Chile to La Cuchilla, Navidad, O'Higgins, Chile",,0.57090076229449,49.06505117646734,-71.835,-34.305
"Directions from Vía Sin Nombre, Paredones, O'Higgins, Chile to La Cuchilla, Navidad, O'Higgins, Chile",,0.57095076229449,49.06505117714586,-71.835,-34.305
"Directions from Vía Sin Nombre, Paredones, O'Higgins, Chile to La Cuchilla, Navidad, O'Higgins, Chile",,0.57103561510823,49.06505117823148,-71.835,-34.305
"Directions from Vía Sin Nombre, Paredones, O'Higgins, Chile to La Cuchilla, Navidad, O'Higgins, Chile",,0.57133561510823,54.72001741237092,-71.835,-34.305
"Directions from Vía Sin Nombre, Paredones, O'Higgins, Chile to La Cuchilla, Navidad, O'Higgins, Chile",,0.57147983715924,53.82506210942904,-71.834,-34.305
"Directions from Vía Sin Nombre, Paredones, O'Higgins, Chile to La Cuchilla, Navidad, O'Higgins, Chile",,0.57192805585587,48.17009587359328,-71.834,-34.305
"Directions from Vía Sin Nombre, Paredones, O'Higgins, Chile to La Cuchilla, Navidad, O'Higgins, Chile",,0.57205533507648,41.82990412605209,-71.834,-34.305
"Directions from Vía Sin Nombre, Paredones, O'Higgins, Chile to La Cuchilla, Navidad, O'Higgins, Chile",,0.57218339756123,34.81178239163983,-71.834,-34.305
"Directions from Vía Sin Nombre, Paredones, O'Higgins, Chile to La Cuchilla, Navidad, O'Higgins, Chile",,0.57241663563703,26.00063377871836,-71.834,-34.304
"Directions from Vía Sin Nombre, Paredones, O'Higgins, Chile to La Cuchilla, Navidad, O'Higgins, Chile",,0.57269520340257,19.73622992459162,-71.834,-34.304
"Directions from Vía Sin Nombre, Paredones, O'Higgins, Chile to La Cuchilla, Navidad, O'Higgins, Chile",,0.57297980839198,21.60504469686992,-71.834,-34.304
"Directions from Vía Sin Nombre, Paredones, O'Higgins, Chile to La Cuchilla, Navidad, O'Higgins, Chile",,0.57312298660262,26.91487233360326,-71.834,-34.304
"Directions from Vía Sin Nombre, Paredones, O'Higgins, Chile to La Cuchilla, Navidad, O'Higgins, Chile",,0.57332889920543,37.02730204819435,-71.833,-34.304
"Directions from Vía Sin Nombre, Paredones, O'Higgins, Chile to La Cuchilla, Navidad, O'Higgins, Chile",,0.57341375201918,42.40278554713368,-71.833,-34.303
"Directions from Vía Sin Nombre, Paredones, O'Higgins, Chile to La Cuchilla, Navidad, O'Higgins, Chile",,0.57349185451594,48.39085176887762,-71.833,-34.303
"Directions from Vía Sin Nombre, Paredones, O'Higgins, Chile to La Cuchilla, Navidad, O'Higgins, Chile",,0.57373039172477,60.20554063320494,-71.833,-34.303
"Directions from Vía Sin Nombre, Paredones, O'Higgins, Chile to La Cuchilla, Navidad, O'Higgins, Chile",,0.57384219512365,66.72592115140250,-71.833,-34.303
"Directions from Vía Sin Nombre, Paredones, O'Higgins, Chile to La Cuchilla, Navidad, O'Higgins, Chile",,0.57395924212276,74.35348050261824,-71.833,-34.303
"Directions from Vía Sin Nombre, Paredones, O'Higgins, Chile to La Cuchilla, Navidad, O'Higgins, Chile",,0.57421419309844,84.34503376267672,-71.833,-34.303
"Directions from Vía Sin Nombre, Paredones, O'Higgins, Chile to La Cuchilla, Navidad, O'Higgins, Chile",,0.57442419309843,94.06505117721368,-71.832,-34.303
"Directions from Vía Sin Nombre, Paredones, O'Higgins, Chile to La Cuchilla, Navidad, O'Higgins, Chile",,0.57463632513280,101.08317291037868,-71.832,-34.303
"Directions from Vía Sin Nombre, Paredones, O'Higgins, Chile to La Cuchilla, Navidad, O'Higgins, Chile",,0.57476001830156,106.48044394144338,-71.832,-34.303
"Directions from Vía Sin Nombre, Paredones, O'Higgins, Chile to La Cuchilla, Navidad, O'Higgins, Chile",,0.57513001830156,107.20164129091599,-71.832,-34.303
"Directions from Vía Sin Nombre, Paredones, O'Higgins, Chile to La Cuchilla, Navidad, O'Higgins, Chile",,0.57580448105072,107.08299483528266,-71.831,-34.304
"Directions from Vía Sin Nombre, Paredones, O'Higgins, Chile to La Cuchilla, Navidad, O'Higgins, Chile",,0.57652232504492,105.39105429075398,-71.830,-34.304
"Directions from Vía Sin Nombre, Paredones, O'Higgins, Chile to La Cuchilla, Navidad, O'Higgins, Chile",,0.57666550325554,100.11242971640819,-71.830,-34.304
"Directions from Vía Sin Nombre, Paredones, O'Higgins, Chile to La Cuchilla, Navidad, O'Higgins, Chile",,0.57680692461178,94.06505117829931,-71.830,-34.304
"Directions from Vía Sin Nombre, Paredones, O'Higgins, Chile to La Cuchilla, Navidad, O'Higgins, Chile",,0.57707692461178,85.26883889488690,-71.830,-34.304
"Directions from Vía Sin Nombre, Paredones, O'Higgins, Chile to La Cuchilla, Navidad, O'Higgins, Chile",,0.57719857986240,78.25071716172192,-71.830,-34.304
"Directions from Vía Sin Nombre, Paredones, O'Higgins, Chile to La Cuchilla, Navidad, O'Higgins, Chile",,0.57732227303116,72.70385565592792,-71.830,-34.304
"Directions from Vía Sin Nombre, Paredones, O'Higgins, Chile to La Cuchilla, Navidad, O'Higgins, Chile",,0.57740771306861,72.70385565752444,-71.830,-34.304
"Directions from Vía Sin Nombre, Paredones, O'Higgins, Chile to La Cuchilla, Navidad, O'Higgins, Chile",,0.57744894412486,70.75990087850209,-71.830,-34.304
"Directions from Vía Sin Nombre, Paredones, O'Higgins, Chile to La Cuchilla, Navidad, O'Higgins, Chile",,0.57756977458461,60.93298884590632,-71.829,-34.304
"Directions from Vía Sin Nombre, Paredones, O'Higgins, Chile to La Cuchilla, Navidad, O'Higgins, Chile",,0.57771399663562,53.82506210978364,-71.829,-34.304
"Directions from Vía Sin Nombre, Paredones, O'Higgins, Chile to La Cuchilla, Navidad, O'Higgins, Chile",,0.57784205912037,47.18262886889374,-71.829,-34.303
"Directions from Vía Sin Nombre, Paredones, O'Higgins, Chile to La Cuchilla, Navidad, O'Higgins, Chile",,0.57804724196566,39.63945186225628,-71.829,-34.303
"Directions from Vía Sin Nombre, Paredones, O'Higgins, Chile to La Cuchilla, Navidad, O'Higgins, Chile",,0.57823325271804,34.97195263043649,-71.829,-34.303
"Directions from Vía Sin Nombre, Paredones, O'Higgins, Chile to La Cuchilla, Navidad, O'Higgins, Chile",,0.57906252951139,34.72197739049458,-71.829,-34.302
"Directions from Vía Sin Nombre, Paredones, O'Higgins, Chile to La Cuchilla, Navidad, O'Higgins, Chile",,0.57967864638342,38.17759095082866,-71.828,-34.302
"Directions from Vía Sin Nombre, Paredones, O'Higgins, Chile to La Cuchilla, Navidad, O'Higgins, Chile",,0.57977084182800,37.14568108488421,-71.828,-34.302
"Directions from Vía Sin Nombre, Paredones, O'Higgins, Chile to La Cuchilla, Navidad, O'Higgins, Chile",,0.57984295285351,40.07943411834951,-71.828,-34.302
"Directions from Vía Sin Nombre, Paredones, O'Higgins, Chile to La Cuchilla, Navidad, O'Higgins, Chile",,0.58011881513798,51.82012946120420,-71.828,-34.302
"Directions from Vía Sin Nombre, Paredones, O'Higgins, Chile to La Cuchilla, Navidad, O'Higgins, Chile",,0.58048773247290,62.68502436110288,-71.828,-34.301
"Directions from Vía Sin Nombre, Paredones, O'Higgins, Chile to La Cuchilla, Navidad, O'Higgins, Chile",,0.58075699071326,72.73711741401216,-71.827,-34.301
"Directions from Vía Sin Nombre, Paredones, O'Higgins, Chile to La Cuchilla, Navidad, O'Higgins, Chile",,0.58139260065654,79.57277098031362,-71.827,-34.301
"Directions from Vía Sin Nombre, Paredones, O'Higgins, Chile to La Cuchilla, Navidad, O'Higgins, Chile",,0.58153402201278,79.58515657826923,-71.827,-34.301
"Directions from Vía Sin Nombre, Paredones, O'Higgins, Chile to La Cuchilla, Navidad, O'Higgins, Chile",,0.58226182693170,73.65865449508517,-71.826,-34.301
"Directions from Vía Sin Nombre, Paredones, O'Higgins, Chile to La Cuchilla, Navidad, O'Higgins, Chile",,0.58237887393081,65.78698242743197,-71.826,-34.301
"Directions from Vía Sin Nombre, Paredones, O'Higgins, Chile to La Cuchilla, Navidad, O'Higgins, Chile",,0.58265182081208,59.58819683441312,-71.825,-34.301
"Directions from Vía Sin Nombre, Paredones, O'Higgins, Chile to La Cuchilla, Navidad, O'Higgins, Chile",,0.58313731025584,55.02536513190356,-71.825,-34.301
"Directions from Vía Sin Nombre, Paredones, O'Higgins, Chile to La Cuchilla, Navidad, O'Higgins, Chile",,0.58330132245051,57.93317840458410,-71.825,-34.301
"Directions from Vía Sin Nombre, Paredones, O'Higgins, Chile to La Cuchilla, Navidad, O'Higgins, Chile",,0.58332368313029,58.28252559586700,-71.825,-34.301
"Directions from Vía Sin Nombre, Paredones, O'Higgins, Chile to La Cuchilla, Navidad, O'Higgins, Chile",,0.58352368313028,55.56235957130716,-71.825,-34.300
"Directions from Vía Sin Nombre, Paredones, O'Higgins, Chile to La Cuchilla, Navidad, O'Higgins, Chile",,0.58371236275292,55.37989140432834,-71.825,-34.300
"Directions from Vía Sin Nombre, Paredones, O'Higgins, Chile to La Cuchilla, Navidad, O'Higgins, Chile",,0.58434037549165,51.08193568750110,-71.824,-34.300
"Directions from Vía Sin Nombre, Paredones, O'Higgins, Chile to La Cuchilla, Navidad, O'Higgins, Chile",,0.58452476638079,45.15654428794462,-71.824,-34.300
"Directions from Vía Sin Nombre, Paredones, O'Higgins, Chile to La Cuchilla, Navidad, O'Higgins, Chile",,0.58492175504562,38.89214043366821,-71.824,-34.299
"Directions from Vía Sin Nombre, Paredones, O'Higgins, Chile to La Cuchilla, Navidad, O'Higgins, Chile",,0.58512175504562,33.82702208662694,-71.824,-34.299
"Directions from Vía Sin Nombre, Paredones, O'Higgins, Chile to La Cuchilla, Navidad, O'Higgins, Chile",,0.58566883822028,29.34070877838104,-71.823,-34.299
"Directions from Vía Sin Nombre, Paredones, O'Higgins, Chile to La Cuchilla, Navidad, O'Higgins, Chile",,0.58586119206090,32.38358434350121,-71.823,-34.299
"Directions from Vía Sin Nombre, Paredones, O'Higgins, Chile to La Cuchilla, Navidad, O'Higgins, Chile",,0.58591119206090,32.48808373799764,-71.823,-34.299
"Directions from Vía Sin Nombre, Paredones, O'Higgins, Chile to La Cuchilla, Navidad, O'Higgins, Chile",,0.58690883929314,29.48358075438511,-71.823,-34.298
"Directions from Vía Sin Nombre, Paredones, O'Higgins, Chile to La Cuchilla, Navidad, O'Higgins, Chile",,0.58786408795187,33.86539466752395,-71.822,-34.297
"Directions from Vía Sin Nombre, Paredones, O'Higgins, Chile to La Cuchilla, Navidad, O'Higgins, Chile",,0.58796408795187,39.25171849105269,-71.822,-34.297
"Directions from Vía Sin Nombre, Paredones, O'Higgins, Chile to La Cuchilla, Navidad, O'Higgins, Chile",,0.58808450389766,46.11643933647994,-71.822,-34.297
"Directions from Vía Sin Nombre, Paredones, O'Higgins, Chile to La Cuchilla, Navidad, O'Higgins, Chile",,0.58844685731630,55.06689720839852,-71.822,-34.297
"Directions from Vía Sin Nombre, Paredones, O'Higgins, Chile to La Cuchilla, Navidad, O'Higgins, Chile",,0.58864408814553,64.89380923671568,-71.822,-34.296
"Directions from Vía Sin Nombre, Paredones, O'Higgins, Chile to La Cuchilla, Navidad, O'Higgins, Chile",,0.58905845513263,72.66087310851154,-71.821,-34.296
"Directions from Vía Sin Nombre, Paredones, O'Higgins, Chile to La Cuchilla, Navidad, O'Higgins, Chile",,0.58921369687960,77.53030151023918,-71.821,-34.296
"Directions from Vía Sin Nombre, Paredones, O'Higgins, Chile to La Cuchilla, Navidad, O'Higgins, Chile",,0.58938632364461,82.39879564610175,-71.821,-34.296
"Directions from Vía Sin Nombre, Paredones, O'Higgins, Chile to La Cuchilla, Navidad, O'Higgins, Chile",,0.58949677725479,87.40278554730054,-71.821,-34.296
"Directions from Vía Sin Nombre, Paredones, O'Higgins, Chile to La Cuchilla, Navidad, O'Higgins, Chile",,0.58979677725478,93.92665665075158,-71.821,-34.296
"Directions from Vía Sin Nombre, Paredones, O'Higgins, Chile to La Cuchilla, Navidad, O'Higgins, Chile",,0.59008952287816,99.97403518965481,-71.820,-34.296
"Directions from Vía Sin Nombre, Paredones, O'Higgins, Chile to La Cuchilla, Navidad, O'Higgins, Chile",,0.59023270108879,96.04737853890325,-71.820,-34.296
"Directions from Vía Sin Nombre, Paredones, O'Higgins, Chile to La Cuchilla, Navidad, O'Higgins, Chile",,0.59024270108878,95.65496623596624,-71.820,-34.296
"Directions from Vía Sin Nombre, Paredones, O'Higgins, Chile to La Cuchilla, Navidad, O'Higgins, Chile",,0.59039567167419,103.62766418738782,-71.820,-34.296
"Directions from Vía Sin Nombre, Paredones, O'Higgins, Chile to La Cuchilla, Navidad, O'Higgins, Chile",,0.59054127387198,104.17640721505983,-71.820,-34.296
"Directions from Vía Sin Nombre, Paredones, O'Higgins, Chile to La Cuchilla, Navidad, O'Higgins, Chile",,0.59105323090143,99.30543321421794,-71.819,-34.296
"Directions from Vía Sin Nombre, Paredones, O'Higgins, Chile to La Cuchilla, Navidad, O'Higgins, Chile",,0.59151594031347,93.10172395057972,-71.819,-34.297
"Directions from Vía Sin Nombre, Paredones, O'Higgins, Chile to La Cuchilla, Navidad, O'Higgins, Chile",,0.59169594031347,88.06726941530356,-71.819,-34.297
"Directions from Vía Sin Nombre, Paredones, O'Higgins, Chile to La Cuchilla, Navidad, O'Higgins, Chile",,0.59243762757911,85.00951763195550,-71.818,-34.296
"Directions from Vía Sin Nombre, Paredones, O'Higgins, Chile to La Cuchilla, Navidad, O'Higgins, Chile",,0.59271923013592,85.08460366384868,-71.818,-34.296
"Directions from Vía Sin Nombre, Paredones, O'Higgins, Chile to La Cuchilla, Navidad, O'Higgins, Chile",,0.59349085180486,84.72096874152342,-71.817,-34.296
"Directions from Vía Sin Nombre, Paredones, O'Higgins, Chile to La Cuchilla, Navidad, O'Higgins, Chile",,0.59374264537111,85.14741068081392,-71.817,-34.296
"Directions from Vía Sin Nombre, Paredones, O'Higgins, Chile to La Cuchilla, Navidad, O'Higgins, Chile",,0.59414314505900,83.83763628467509,-71.816,-34.296
"Directions from Vía Sin Nombre, Paredones, O'Higgins, Chile to La Cuchilla, Navidad, O'Higgins, Chile",,0.59420397268431,87.31164728755526,-71.816,-34.296
"Directions from Vía Sin Nombre, Paredones, O'Higgins, Chile to La Cuchilla, Navidad, O'Higgins, Chile",,0.59434432937277,92.04280838936749,-71.816,-34.296
"Directions from Vía Sin Nombre, Paredones, O'Higgins, Chile to La Cuchilla, Navidad, O'Higgins, Chile",,0.59446432937278,93.17009587394790,-71.816,-34.296
"Directions from Vía Sin Nombre, Paredones, O'Higgins, Chile to La Cuchilla, Navidad, O'Higgins, Chile",,0.59464543707554,99.30248273719600,-71.816,-34.296
"Directions from Vía Sin Nombre, Paredones, O'Higgins, Chile to La Cuchilla, Navidad, O'Higgins, Chile",,0.59488080912146,105.34986127623574,-71.815,-34.296
"Directions from Vía Sin Nombre, Paredones, O'Higgins, Chile to La Cuchilla, Navidad, O'Higgins, Chile",,0.59500730022787,110.63430150137170,-71.815,-34.296
"Directions from Vía Sin Nombre, Paredones, O'Higgins, Chile to La Cuchilla, Navidad, O'Higgins, Chile",,0.59521345550915,115.45307055659227,-71.815,-34.297
"Directions from Vía Sin Nombre, Paredones, O'Higgins, Chile to La Cuchilla, Navidad, O'Higgins, Chile",,0.59538345550914,120.54817724624964,-71.815,-34.297
"Directions from Vía Sin Nombre, Paredones, O'Higgins, Chile to La Cuchilla, Navidad, O'Higgins, Chile",,0.59562199271799,126.81258110126208,-71.815,-34.297
"Directions from Vía Sin Nombre, Paredones, O'Higgins, Chile to La Cuchilla, Navidad, O'Higgins, Chile",,0.59571418816255,127.90944380783414,-71.815,-34.297
"Directions from Vía Sin Nombre, Paredones, O'Higgins, Chile to La Cuchilla, Navidad, O'Higgins, Chile",,0.59592227468302,123.09067474975222,-71.815,-34.297
"Directions from Vía Sin Nombre, Paredones, O'Higgins, Chile to La Cuchilla, Navidad, O'Higgins, Chile",,0.59603889372092,127.98187826004983,-71.814,-34.297
"Directions from Vía Sin Nombre, Paredones, O'Higgins, Chile to La Cuchilla, Navidad, O'Higgins, Chile",,0.59606717799217,124.48124448178049,-71.814,-34.297
"Directions from Vía Sin Nombre, Paredones, O'Higgins, Chile to La Cuchilla, Navidad, O'Higgins, Chile",,0.59616566657019,116.85368513596681,-71.814,-34.297
"Directions from Vía Sin Nombre, Paredones, O'Higgins, Chile to La Cuchilla, Navidad, O'Higgins, Chile",,0.59624628914766,114.51746375851046,-71.814,-34.297
"Directions from Vía Sin Nombre, Paredones, O'Higgins, Chile to La Cuchilla, Navidad, O'Higgins, Chile",,0.59645818534868,99.64502310941305,-71.814,-34.297
"Directions from Vía Sin Nombre, Paredones, O'Higgins, Chile to La Cuchilla, Navidad, O'Higgins, Chile",,0.59646818534868,97.46570858923771,-71.814,-34.297
"Directions from Vía Sin Nombre, Paredones, O'Higgins, Chile to La Cuchilla, Navidad, O'Higgins, Chile",,0.59662342709563,97.46570858923772,-71.814,-34.297
"Directions from Vía Sin Nombre, Paredones, O'Higgins, Chile to La Cuchilla, Navidad, O'Higgins, Chile",,0.59667342709563,97.01812173635800,-71.814,-34.297
"Directions from Vía Sin Nombre, Paredones, O'Higgins, Chile to La Cuchilla, Navidad, O'Higgins, Chile",,0.59671465815189,100.18821761030594,-71.814,-34.297
"Directions from Vía Sin Nombre, Paredones, O'Higgins, Chile to La Cuchilla, Navidad, O'Higgins, Chile",,0.59680521200327,93.17009587394791,-71.814,-34.297
"Directions from Vía Sin Nombre, Paredones, O'Higgins, Chile to La Cuchilla, Navidad, O'Higgins, Chile",,0.59691521200328,86.82990412605210,-71.814,-34.297
"Directions from Vía Sin Nombre, Paredones, O'Higgins, Chile to La Cuchilla, Navidad, O'Higgins, Chile",,0.59700576585466,86.82990412605210,-71.814,-34.297
"Directions from Vía Sin Nombre, Paredones, O'Higgins, Chile to La Cuchilla, Navidad, O'Higgins, Chile",,0.59709576585466,82.98187826603676,-71.813,-34.297
"Directions from Vía Sin Nombre, Paredones, O'Higgins, Chile to La Cuchilla, Navidad, O'Higgins, Chile",,0.59717822796717,78.25071716202396,-71.813,-34.297
"Directions from Vía Sin Nombre, Paredones, O'Higgins, Chile to La Cuchilla, Navidad, O'Higgins, Chile",,0.59729988321777,77.50678339737676,-71.813,-34.297
"Directions from Vía Sin Nombre, Paredones, O'Higgins, Chile to La Cuchilla, Navidad, O'Higgins, Chile",,0.59748669863469,70.25670001452021,-71.813,-34.297
"Directions from Vía Sin Nombre, Paredones, O'Higgins, Chile to La Cuchilla, Navidad, O'Higgins, Chile",,0.59768367579073,63.49145346320800,-71.813,-34.297
"Directions from Vía Sin Nombre, Paredones, O'Higgins, Chile to La Cuchilla, Navidad, O'Higgins, Chile",,0.59778663209214,56.68840193505824,-71.813,-34.297
"Directions from Vía Sin Nombre, Paredones, O'Higgins, Chile to La Cuchilla, Navidad, O'Higgins, Chile",,0.59795064428681,57.93317840458410,-71.813,-34.297
"Directions from Vía Sin Nombre, Paredones, O'Higgins, Chile to La Cuchilla, Navidad, O'Higgins, Chile",,0.59797300496659,55.46225088070522,-71.813,-34.297
"Directions from Vía Sin Nombre, Paredones, O'Higgins, Chile to La Cuchilla, Navidad, O'Higgins, Chile",,0.59846136958447,49.96048044608288,-71.812,-34.297
"Directions from Vía Sin Nombre, Paredones, O'Higgins, Chile to La Cuchilla, Navidad, O'Higgins, Chile",,0.59862538177914,54.37067022251294,-71.812,-34.296
"Directions from Vía Sin Nombre, Paredones, O'Higgins, Chile to La Cuchilla, Navidad, O'Higgins, Chile",,0.59873354831740,59.27569593682542,-71.812,-34.296
"Directions from Vía Sin Nombre, Paredones, O'Higgins, Chile to La Cuchilla, Navidad, O'Higgins, Chile",,0.59894825742294,64.93066217301246,-71.812,-34.296
"Directions from Vía Sin Nombre, Paredones, O'Higgins, Chile to La Cuchilla, Navidad, O'Higgins, Chile",,0.59913210518605,71.18237312242510,-71.812,-34.296
"Directions from Vía Sin Nombre, Paredones, O'Higgins, Chile to La Cuchilla, Navidad, O'Higgins, Chile",,0.59936014027107,79.20234477475807,-71.812,-34.296
"Directions from Vía Sin Nombre, Paredones, O'Higgins, Chile to La Cuchilla, Navidad, O'Higgins, Chile",,0.59945069412245,86.82990412605210,-71.811,-34.296
"Directions from Vía Sin Nombre, Paredones, O'Higgins, Chile to La Cuchilla, Navidad, O'Higgins, Chile",,0.59955069412245,86.43749182680176,-71.811,-34.296
"Directions from Vía Sin Nombre, Paredones, O'Higgins, Chile to La Cuchilla, Navidad, O'Higgins, Chile",,0.59963131669993,86.43749182680176,-71.811,-34.296
"Directions from Vía Sin Nombre, Paredones, O'Higgins, Chile to La Cuchilla, Navidad, O'Higgins, Chile",,0.59971131669993,87.14470343044404,-71.811,-34.296
"Directions from Vía Sin Nombre, Paredones, O'Higgins, Chile to La Cuchilla, Navidad, O'Higgins, Chile",,0.59981181545614,87.14470343044404,-71.811,-34.296
"Directions from Vía Sin Nombre, Paredones, O'Higgins, Chile to La Cuchilla, Navidad, O'Higgins, Chile",,0.59989181545614,86.74009912426995,-71.811,-34.296
"Directions from Vía Sin Nombre, Paredones, O'Higgins, Chile to La Cuchilla, Navidad, O'Higgins, Chile",,0.60024409375521,78.91897589581656,-71.811,-34.296
"Directions from Vía Sin Nombre, Paredones, O'Higgins, Chile to La Cuchilla, Navidad, O'Higgins, Chile",,0.60050370885494,68.89635118300762,-71.810,-34.296
"Directions from Vía Sin Nombre, Paredones, O'Higgins, Chile to La Cuchilla, Navidad, O'Higgins, Chile",,0.60077203701223,59.87244064821014,-71.810,-34.296
"Directions from Vía Sin Nombre, Paredones, O'Higgins, Chile to La Cuchilla, Navidad, O'Higgins, Chile",,0.60098837008876,49.83667771567514,-71.810,-34.296
"Directions from Vía Sin Nombre, Paredones, O'Higgins, Chile to La Cuchilla, Navidad, O'Higgins, Chile",,0.60123595845682,39.29050796433863,-71.810,-34.296
"Directions from Vía Sin Nombre, Paredones, O'Higgins, Chile to La Cuchilla, Navidad, O'Higgins, Chile",,0.60144404497729,32.79835949074556,-71.810,-34.295
"Directions from Vía Sin Nombre, Paredones, O'Higgins, Chile to La Cuchilla, Navidad, O'Higgins, Chile",,0.60211635442985,33.89224132112607,-71.809,-34.295
"Directions from Vía Sin Nombre, Paredones, O'Higgins, Chile to La Cuchilla, Navidad, O'Higgins, Chile",,0.60233036377544,39.61276325589237,-71.809,-34.295
"Directions from Vía Sin Nombre, Paredones, O'Higgins, Chile to La Cuchilla, Navidad, O'Higgins, Chile",,0.60258531475111,44.22837346057549,-71.809,-34.294
"Directions from Vía Sin Nombre, Paredones, O'Higgins, Chile to La Cuchilla, Navidad, O'Higgins, Chile",,0.60283290311918,36.60081411308640,-71.809,-34.294
"Directions from Vía Sin Nombre, Paredones, O'Higgins, Chile to La Cuchilla, Navidad, O'Higgins, Chile",,0.60285526379895,36.70633072653843,-71.809,-34.294
"Directions from Vía Sin Nombre, Paredones, O'Higgins, Chile to La Cuchilla, Navidad, O'Higgins, Chile",,0.60307458092095,44.93633812819724,-71.809,-34.294
"Directions from Vía Sin Nombre, Paredones, O'Higgins, Chile to La Cuchilla, Navidad, O'Higgins, Chile",,0.60327976376624,45.76429881683006,-71.809,-34.294
"Directions from Vía Sin Nombre, Paredones, O'Higgins, Chile to La Cuchilla, Navidad, O'Higgins, Chile",,0.60362689486539,52.06159346002422,-71.808,-34.294
"Directions from Vía Sin Nombre, Paredones, O'Higgins, Chile to La Cuchilla, Navidad, O'Higgins, Chile",,0.60385711215405,62.81827437577016,-71.808,-34.294
"Directions from Vía Sin Nombre, Paredones, O'Higgins, Chile to La Cuchilla, Navidad, O'Higgins, Chile",,0.60397415915316,74.61629780461490,-71.808,-34.294
"Directions from Vía Sin Nombre, Paredones, O'Higgins, Chile to La Cuchilla, Navidad, O'Higgins, Chile",,0.60418793473642,84.60785106630780,-71.808,-34.294
"Directions from Vía Sin Nombre, Paredones, O'Higgins, Chile to La Cuchilla, Navidad, O'Higgins, Chile",,0.60439793473643,92.38182084620539,-71.808,-34.294
"Directions from Vía Sin Nombre, Paredones, O'Higgins, Chile to La Cuchilla, Navidad, O'Higgins, Chile",,0.60451835068222,99.39994258016864,-71.807,-34.294
"Directions from Vía Sin Nombre, Paredones, O'Higgins, Chile to La Cuchilla, Navidad, O'Higgins, Chile",,0.60468327490723,110.30064732250221,-71.807,-34.294
"Directions from Vía Sin Nombre, Paredones, O'Higgins, Chile to La Cuchilla, Navidad, O'Higgins, Chile",,0.60483979966566,119.51812173336454,-71.807,-34.294
"Directions from Vía Sin Nombre, Paredones, O'Higgins, Chile to La Cuchilla, Navidad, O'Higgins, Chile",,0.60497018371377,125.56550027087766,-71.807,-34.294
"Directions from Vía Sin Nombre, Paredones, O'Higgins, Chile to La Cuchilla, Navidad, O'Higgins, Chile",,0.60509824619852,131.26381398854812,-71.807,-34.294
"Directions from Vía Sin Nombre, Paredones, O'Higgins, Chile to La Cuchilla, Navidad, O'Higgins, Chile",,0.60688757568187,136.11714019477247,-71.806,-34.295
"Directions from Vía Sin Nombre, Paredones, O'Higgins, Chile to La Cuchilla, Navidad, O'Higgins, Chile",,0.60700799162766,136.68323033249300,-71.806,-34.295
"Directions from Vía Sin Nombre, Paredones, O'Higgins, Chile to La Cuchilla, Navidad, O'Higgins, Chile",,0.60767267200197,131.82990412626862,-71.805,-34.296
"Directions from Vía Sin Nombre, Paredones, O'Higgins, Chile to La Cuchilla, Navidad, O'Higgins, Chile",,0.60780073448672,131.82990412435578,-71.805,-34.296
"Directions from Vía Sin Nombre, Paredones, O'Higgins, Chile to La Cuchilla, Navidad, O'Higgins, Chile",,0.60788558730046,131.43749182400938,-71.805,-34.296
"Directions from Vía Sin Nombre, Paredones, O'Higgins, Chile to La Cuchilla, Navidad, O'Higgins, Chile",,0.60799960484298,131.43749182909829,-71.805,-34.296
"Directions from Vía Sin Nombre, Paredones, O'Higgins, Chile to La Cuchilla, Navidad, O'Higgins, Chile",,0.60804203124984,127.37244065123735,-71.805,-34.296
"Directions from Vía Sin Nombre, Paredones, O'Higgins, Chile to La Cuchilla, Navidad, O'Higgins, Chile",,0.60820327640481,127.37244065123738,-71.805,-34.296
"Directions from Vía Sin Nombre, Paredones, O'Higgins, Chile to La Cuchilla, Navidad, O'Higgins, Chile",,0.60824570281168,124.57277098324064,-71.805,-34.296
"Directions from Vía Sin Nombre, Paredones, O'Higgins, Chile to La Cuchilla, Navidad, O'Higgins, Chile",,0.60856350778333,112.00037816439742,-71.804,-34.296
"Directions from Vía Sin Nombre, Paredones, O'Higgins, Chile to La Cuchilla, Navidad, O'Higgins, Chile",,0.60894626096751,105.58257342116804,-71.804,-34.296
"Directions from Vía Sin Nombre, Paredones, O'Higgins, Chile to La Cuchilla, Navidad, O'Higgins, Chile",,0.60904824135778,105.29998934666637,-71.804,-34.296
"Directions from Vía Sin Nombre, Paredones, O'Higgins, Chile to La Cuchilla, Navidad, O'Higgins, Chile",,0.60926013755878,107.80194932330068,-71.804,-34.296
"Directions from Vía Sin Nombre, Paredones, O'Higgins, Chile to La Cuchilla, Navidad, O'Higgins, Chile",,0.60968733774605,98.15692621325297,-71.803,-34.296
"Directions from Vía Sin Nombre, Paredones, O'Higgins, Chile to La Cuchilla, Navidad, O'Higgins, Chile",,0.60969733774605,98.36799792576998,-71.803,-34.296
"Directions from Vía Sin Nombre, Paredones, O'Higgins, Chile to La Cuchilla, Navidad, O'Higgins, Chile",,0.61119058923190,109.02695406351125,-71.802,-34.297
"Directions from Vía Sin Nombre, Paredones, O'Higgins, Chile to La Cuchilla, Navidad, O'Higgins, Chile",,0.61163070285360,113.25951796024816,-71.801,-34.297
"Directions from Vía Sin Nombre, Paredones, O'Higgins, Chile to La Cuchilla, Navidad, O'Higgins, Chile",,0.61181858579588,120.47750545006846,-71.801,-34.297
"Directions from Vía Sin Nombre, Paredones, O'Higgins, Chile to La Cuchilla, Navidad, O'Higgins, Chile",,0.61212664423189,129.38947662183045,-71.801,-34.297
"Directions from Vía Sin Nombre, Paredones, O'Higgins, Chile to La Cuchilla, Navidad, O'Higgins, Chile",,0.61233182707718,135.91957041213462,-71.801,-34.297
"Directions from Vía Sin Nombre, Paredones, O'Higgins, Chile to La Cuchilla, Navidad, O'Higgins, Chile",,0.61243812853530,141.63819852160347,-71.801,-34.298
"Directions from Vía Sin Nombre, Paredones, O'Higgins, Chile to La Cuchilla, Navidad, O'Higgins, Chile",,0.61261017504064,162.23116110373772,-71.801,-34.298
"Directions from Vía Sin Nombre, Paredones, O'Higgins, Chile to La Cuchilla, Navidad, O'Higgins, Chile",,0.61262017504064,162.50398989962778,-71.801,-34.298
"Directions from Vía Sin Nombre, Paredones, O'Higgins, Chile to La Cuchilla, Navidad, O'Higgins, Chile",,0.61274224059680,149.59349391318534,-71.801,-34.298
"Directions from Vía Sin Nombre, Paredones, O'Higgins, Chile to La Cuchilla, Navidad, O'Higgins, Chile",,0.61308662410395,152.21706336571279,-71.800,-34.298
"Directions from Vía Sin Nombre, Paredones, O'Higgins, Chile to La Cuchilla, Navidad, O'Higgins, Chile",,0.61316724668144,155.91008493764087,-71.800,-34.298
"Directions from Vía Sin Nombre, Paredones, O'Higgins, Chile to La Cuchilla, Navidad, O'Higgins, Chile",,0.61323049223464,153.93749181936414,-71.800,-34.298
"Directions from Vía Sin Nombre, Paredones, O'Higgins, Chile to La Cuchilla, Navidad, O'Higgins, Chile",,0.61326654774740,152.87694362520216,-71.800,-34.298
"Directions from Vía Sin Nombre, Paredones, O'Higgins, Chile to La Cuchilla, Navidad, O'Higgins, Chile",,0.61335198778485,162.51159082764610,-71.800,-34.298
"Directions from Vía Sin Nombre, Paredones, O'Higgins, Chile to La Cuchilla, Navidad, O'Higgins, Chile",,0.61371337400485,170.74680504571504,-71.800,-34.299
"Directions from Vía Sin Nombre, Paredones, O'Higgins, Chile to La Cuchilla, Navidad, O'Higgins, Chile",,0.61385373069332,177.95719160939257,-71.800,-34.299
"Directions from Vía Sin Nombre, Paredones, O'Higgins, Chile to La Cuchilla, Navidad, O'Higgins, Chile",,0.61421373069332,184.06505117829937,-71.800,-34.299
"Directions from Vía Sin Nombre, Paredones, O'Higgins, Chile to La Cuchilla, Navidad, O'Higgins, Chile",,0.61428444137144,184.06505117829937,-71.800,-34.299
"Directions from Vía Sin Nombre, Paredones, O'Higgins, Chile to La Cuchilla, Navidad, O'Higgins, Chile",,0.61444444137144,175.62691887036968,-71.800,-34.299
"Directions from Vía Sin Nombre, Paredones, O'Higgins, Chile to La Cuchilla, Navidad, O'Higgins, Chile",,0.61457597083581,175.62691887036968,-71.800,-34.300
"Directions from Vía Sin Nombre, Paredones, O'Higgins, Chile to La Cuchilla, Navidad, O'Higgins, Chile",,0.61459597083582,170.78252558548567,-71.800,-34.300
"Directions from Vía Sin Nombre, Paredones, O'Higgins, Chile to La Cuchilla, Navidad, O'Higgins, Chile",,0.61465921638902,166.05136447982238,-71.800,-34.300
"Directions from Vía Sin Nombre, Paredones, O'Higgins, Chile to La Cuchilla, Navidad, O'Higgins, Chile",,0.61472004401433,158.42380513761009,-71.800,-34.300
"Directions from Vía Sin Nombre, Paredones, O'Higgins, Chile to La Cuchilla, Navidad, O'Higgins, Chile",,0.61475609952708,153.93749182774124,-71.800,-34.300
"Directions from Vía Sin Nombre, Paredones, O'Higgins, Chile to La Cuchilla, Navidad, O'Higgins, Chile",,0.61478772230368,154.77983398065484,-71.800,-34.300
"Directions from Vía Sin Nombre, Paredones, O'Higgins, Chile to La Cuchilla, Navidad, O'Higgins, Chile",,0.61488206211500,145.56235957163651,-71.800,-34.300
"Directions from Vía Sin Nombre, Paredones, O'Higgins, Chile to La Cuchilla, Navidad, O'Higgins, Chile",,0.61498206211500,136.46783672258326,-71.800,-34.300
"Directions from Vía Sin Nombre, Paredones, O'Higgins, Chile to La Cuchilla, Navidad, O'Higgins, Chile",,0.61513826710852,109.90278554713367,-71.800,-34.300
"Directions from Vía Sin Nombre, Paredones, O'Higgins, Chile to La Cuchilla, Navidad, O'Higgins, Chile",,0.61514826710852,109.90278554880219,-71.800,-34.300
"Directions from Vía Sin Nombre, Paredones, O'Higgins, Chile to La Cuchilla, Navidad, O'Higgins, Chile",,0.61522636960527,120.01521526339326,-71.800,-34.300
"Directions from Vía Sin Nombre, Paredones, O'Higgins, Chile to La Cuchilla, Navidad, O'Higgins, Chile",,0.61542885417259,106.51456274747440,-71.800,-34.300
"Directions from Vía Sin Nombre, Paredones, O'Higgins, Chile to La Cuchilla, Navidad, O'Higgins, Chile",,0.61565446445604,98.32745244485744,-71.799,-34.300
"Directions from Vía Sin Nombre, Paredones, O'Higgins, Chile to La Cuchilla, Navidad, O'Higgins, Chile",,0.61669681756320,96.29840054313406,-71.798,-34.300
"Directions from Vía Sin Nombre, Paredones, O'Higgins, Chile to La Cuchilla, Navidad, O'Higgins, Chile",,0.61709140595634,116.87308113115994,-71.798,-34.300
"Directions from Vía Sin Nombre, Paredones, O'Higgins, Chile to La Cuchilla, Navidad, O'Higgins, Chile",,0.61710554809196,120.12755935168548,-71.798,-34.300
"Directions from Vía Sin Nombre, Paredones, O'Higgins, Chile to La Cuchilla, Navidad, O'Higgins, Chile",,0.61721956563448,107.90558196036184,-71.798,-34.300
"Directions from Vía Sin Nombre, Paredones, O'Higgins, Chile to La Cuchilla, Navidad, O'Higgins, Chile",,0.61730500567193,113.09852552133196,-71.798,-34.300
"Directions from Vía Sin Nombre, Paredones, O'Higgins, Chile to La Cuchilla, Navidad, O'Higgins, Chile",,0.61758231416440,118.05327537212386,-71.798,-34.300
"Directions from Vía Sin Nombre, Paredones, O'Higgins, Chile to La Cuchilla, Navidad, O'Higgins, Chile",,0.61777954499363,126.27735354661775,-71.797,-34.301
"Directions from Vía Sin Nombre, Paredones, O'Higgins, Chile to La Cuchilla, Navidad, O'Higgins, Chile",,0.61819727696512,134.06539442495261,-71.797,-34.301
"Directions from Vía Sin Nombre, Paredones, O'Higgins, Chile to La Cuchilla, Navidad, O'Higgins, Chile",,0.61858624997189,133.97378430815931,-71.797,-34.301
"Directions from Vía Sin Nombre, Paredones, O'Higgins, Chile to La Cuchilla, Navidad, O'Higgins, Chile",,0.61911027287216,127.79800473491181,-71.796,-34.301
"Directions from Vía Sin Nombre, Paredones, O'Higgins, Chile to La Cuchilla, Navidad, O'Higgins, Chile",,0.61918238389767,120.88127723163699,-71.796,-34.302
"Directions from Vía Sin Nombre, Paredones, O'Higgins, Chile to La Cuchilla, Navidad, O'Higgins, Chile",,0.61935238389767,116.15011612571980,-71.796,-34.302
"Directions from Vía Sin Nombre, Paredones, O'Higgins, Chile to La Cuchilla, Navidad, O'Higgins, Chile",,0.61957170101967,111.19022560231976,-71.796,-34.302
"Directions from Vía Sin Nombre, Paredones, O'Higgins, Chile to La Cuchilla, Navidad, O'Higgins, Chile",,0.62021365117349,106.38678993767277,-71.795,-34.302
"Directions from Vía Sin Nombre, Paredones, O'Higgins, Chile to La Cuchilla, Navidad, O'Higgins, Chile",,0.62045134845998,100.16573356274139,-71.795,-34.302
"Directions from Vía Sin Nombre, Paredones, O'Higgins, Chile to La Cuchilla, Navidad, O'Higgins, Chile",,0.62065234597239,89.29278839367259,-71.795,-34.302
"Directions from Vía Sin Nombre, Paredones, O'Higgins, Chile to La Cuchilla, Navidad, O'Higgins, Chile",,0.62073296854988,86.43749182492280,-71.795,-34.302
"Directions from Vía Sin Nombre, Paredones, O'Higgins, Chile to La Cuchilla, Navidad, O'Higgins, Chile",,0.62080296854988,83.50269160495658,-71.795,-34.302
"Directions from Vía Sin Nombre, Paredones, O'Higgins, Chile to La Cuchilla, Navidad, O'Higgins, Chile",,0.62093638519052,73.78267418999167,-71.795,-34.302
"Directions from Vía Sin Nombre, Paredones, O'Higgins, Chile to La Cuchilla, Navidad, O'Higgins, Chile",,0.62111666275429,64.27729098419530,-71.795,-34.302
"Directions from Vía Sin Nombre, Paredones, O'Higgins, Chile to La Cuchilla, Navidad, O'Higgins, Chile",,0.62121100256562,62.01606390872340,-71.794,-34.302
"Directions from Vía Sin Nombre, Paredones, O'Higgins, Chile to La Cuchilla, Navidad, O'Higgins, Chile",,0.62130949114362,55.51875551159870,-71.794,-34.302
"Directions from Vía Sin Nombre, Paredones, O'Higgins, Chile to La Cuchilla, Navidad, O'Higgins, Chile",,0.62138020182174,52.62755935325130,-71.794,-34.302
"Directions from Vía Sin Nombre, Paredones, O'Higgins, Chile to La Cuchilla, Navidad, O'Higgins, Chile",,0.62146082439923,55.00938019650862,-71.794,-34.302
"Directions from Vía Sin Nombre, Paredones, O'Higgins, Chile to La Cuchilla, Navidad, O'Higgins, Chile",,0.62163111826289,51.75490197709998,-71.794,-34.302
"Directions from Vía Sin Nombre, Paredones, O'Higgins, Chile to La Cuchilla, Navidad, O'Higgins, Chile",,0.62181712901527,56.06933000903210,-71.794,-34.301
"Directions from Vía Sin Nombre, Paredones, O'Higgins, Chile to La Cuchilla, Navidad, O'Higgins, Chile",,0.62196977239049,60.91372328868600,-71.794,-34.301
"Directions from Vía Sin Nombre, Paredones, O'Higgins, Chile to La Cuchilla, Navidad, O'Higgins, Chile",,0.62205921510959,68.74477646003940,-71.794,-34.301
"Directions from Vía Sin Nombre, Paredones, O'Higgins, Chile to La Cuchilla, Navidad, O'Higgins, Chile",,0.62220481730738,68.74477646003942,-71.794,-34.301
"Directions from Vía Sin Nombre, Paredones, O'Higgins, Chile to La Cuchilla, Navidad, O'Higgins, Chile",,0.62222717798715,73.36255600765200,-71.794,-34.301
"Directions from Vía Sin Nombre, Paredones, O'Higgins, Chile to La Cuchilla, Navidad, O'Higgins, Chile",,0.62239835041483,88.23499665549680,-71.793,-34.301
"Directions from Vía Sin Nombre, Paredones, O'Higgins, Chile to La Cuchilla, Navidad, O'Higgins, Chile",,0.62257862797860,95.85529786447891,-71.793,-34.301
"Directions from Vía Sin Nombre, Paredones, O'Higgins, Chile to La Cuchilla, Navidad, O'Higgins, Chile",,0.62278086546277,105.16608754764714,-71.793,-34.301
"Directions from Vía Sin Nombre, Paredones, O'Higgins, Chile to La Cuchilla, Navidad, O'Higgins, Chile",,0.62283471711084,107.91882647883197,-71.793,-34.301
"Directions from Vía Sin Nombre, Paredones, O'Higgins, Chile to La Cuchilla, Navidad, O'Higgins, Chile",,0.62287594816710,113.86315549778207,-71.793,-34.301
"Directions from Vía Sin Nombre, Paredones, O'Higgins, Chile to La Cuchilla, Navidad, O'Higgins, Chile",,0.62294805919261,120.12755934996308,-71.793,-34.301
"Directions from Vía Sin Nombre, Paredones, O'Higgins, Chile to La Cuchilla, Navidad, O'Higgins, Chile",,0.62299278055216,120.77853568754510,-71.793,-34.301
"Directions from Vía Sin Nombre, Paredones, O'Higgins, Chile to La Cuchilla, Navidad, O'Higgins, Chile",,0.62311484610832,128.38826810329084,-71.793,-34.301
"Directions from Vía Sin Nombre, Paredones, O'Higgins, Chile to La Cuchilla, Navidad, O'Higgins, Chile",,0.62374516348869,133.39225800335947,-71.792,-34.302
"Directions from Vía Sin Nombre, Paredones, O'Higgins, Chile to La Cuchilla, Navidad, O'Higgins, Chile",,0.62390072698055,127.98187826930234,-71.792,-34.302
"Directions from Vía Sin Nombre, Paredones, O'Higgins, Chile to La Cuchilla, Navidad, O'Higgins, Chile",,0.62395903649949,124.81178239690028,-71.792,-34.302
"Directions from Vía Sin Nombre, Paredones, O'Higgins, Chile to La Cuchilla, Navidad, O'Higgins, Chile",,0.62421516146899,125.78252558831559,-71.792,-34.302
"Directions from Vía Sin Nombre, Paredones, O'Higgins, Chile to La Cuchilla, Navidad, O'Higgins, Chile",,0.62441764603630,119.73514705018188,-71.792,-34.302
"Directions from Vía Sin Nombre, Paredones, O'Higgins, Chile to La Cuchilla, Navidad, O'Higgins, Chile",,0.62457417079473,120.12755934996308,-71.792,-34.302
"Directions from Vía Sin Nombre, Paredones, O'Higgins, Chile to La Cuchilla, Navidad, O'Higgins, Chile",,0.62464628182024,116.56505117532429,-71.792,-34.302
"Directions from Vía Sin Nombre, Paredones, O'Higgins, Chile to La Cuchilla, Navidad, O'Higgins, Chile",,0.62482655938401,107.97219810516275,-71.791,-34.302
"Directions from Vía Sin Nombre, Paredones, O'Higgins, Chile to La Cuchilla, Navidad, O'Higgins, Chile",,0.62510816194082,101.81468886560909,-71.791,-34.303
"Directions from Vía Sin Nombre, Paredones, O'Higgins, Chile to La Cuchilla, Navidad, O'Higgins, Chile",,0.62559189740571,94.99371078679324,-71.791,-34.303
"Directions from Vía Sin Nombre, Paredones, O'Higgins, Chile to La Cuchilla, Navidad, O'Higgins, Chile",,0.62579214724967,94.60129848583610,-71.790,-34.303
"Directions from Vía Sin Nombre, Paredones, O'Higgins, Chile to La Cuchilla, Navidad, O'Higgins, Chile",,0.62615436265519,93.17009587338939,-71.790,-34.303
"Directions from Vía Sin Nombre, Paredones, O'Higgins, Chile to La Cuchilla, Navidad, O'Higgins, Chile",,0.62621436265518,93.83340213089230,-71.790,-34.303
"Directions from Vía Sin Nombre, Paredones, O'Higgins, Chile to La Cuchilla, Navidad, O'Higgins, Chile",,0.62673905304009,100.23553516289581,-71.790,-34.303
"Directions from Vía Sin Nombre, Paredones, O'Higgins, Chile to La Cuchilla, Navidad, O'Higgins, Chile",,0.62696466332354,101.13329413684151,-71.789,-34.303
"Directions from Vía Sin Nombre, Paredones, O'Higgins, Chile to La Cuchilla, Navidad, O'Higgins, Chile",,0.62720797382474,103.94863551019236,-71.789,-34.303
"Directions from Vía Sin Nombre, Paredones, O'Higgins, Chile to La Cuchilla, Navidad, O'Higgins, Chile",,0.62723959660135,105.68520316312990,-71.789,-34.303
"Directions from Vía Sin Nombre, Paredones, O'Higgins, Chile to La Cuchilla, Navidad, O'Higgins, Chile",,0.63014328391234,106.45928201902269,-71.786,-34.304
"Directions from Vía Sin Nombre, Paredones, O'Higgins, Chile to La Cuchilla, Navidad, O'Higgins, Chile",,0.63026033091144,106.48886165777718,-71.786,-34.304
"Directions from Vía Sin Nombre, Paredones, O'Higgins, Chile to La Cuchilla, Navidad, O'Higgins, Chile",,0.63039374755208,107.80724086994802,-71.786,-34.304
"Directions from Vía Sin Nombre, Paredones, O'Higgins, Chile to La Cuchilla, Navidad, O'Higgins, Chile",,0.63065374755209,115.34617594159096,-71.786,-34.304
"Directions from Vía Sin Nombre, Paredones, O'Higgins, Chile to La Cuchilla, Navidad, O'Higgins, Chile",,0.63099374755208,121.05921214640237,-71.785,-34.304
"Directions from Vía Sin Nombre, Paredones, O'Higgins, Chile to La Cuchilla, Navidad, O'Higgins, Chile",,0.63188683209456,120.30549426676838,-71.785,-34.304
"Directions from Vía Sin Nombre, Paredones, O'Higgins, Chile to La Cuchilla, Navidad, O'Higgins, Chile",,0.63193155345411,120.47269795050944,-71.785,-34.304
"Directions from Vía Sin Nombre, Paredones, O'Higgins, Chile to La Cuchilla, Navidad, O'Higgins, Chile",,0.63285242260877,125.62512118468889,-71.784,-34.305
"Directions from Vía Sin Nombre, Paredones, O'Higgins, Chile to La Cuchilla, Navidad, O'Higgins, Chile",,0.63325242260877,129.57179332581134,-71.784,-34.305
"Directions from Vía Sin Nombre, Paredones, O'Higgins, Chile to La Cuchilla, Navidad, O'Higgins, Chile",,0.63354974398371,129.57179332764338,-71.783,-34.305
"Directions from Vía Sin Nombre, Paredones, O'Higgins, Chile to La Cuchilla, Navidad, O'Higgins, Chile",,0.63359974398371,132.44134257607982,-71.783,-34.305
"Directions from Vía Sin Nombre, Paredones, O'Higgins, Chile to La Cuchilla, Navidad, O'Higgins, Chile",,0.63373428022418,114.00639375152937,-71.783,-34.305
"Directions from Vía Sin Nombre, Paredones, O'Higgins, Chile to La Cuchilla, Navidad, O'Higgins, Chile",,0.63374428022418,114.32611139030000,-71.783,-34.305
"Directions from Vía Sin Nombre, Paredones, O'Higgins, Chile to La Cuchilla, Navidad, O'Higgins, Chile",,0.63407729674029,137.09384088316759,-71.783,-34.306
"Directions from Vía Sin Nombre, Paredones, O'Higgins, Chile to La Cuchilla, Navidad, O'Higgins, Chile",,0.63483393403781,133.06837681507048,-71.782,-34.306
"Directions from Vía Sin Nombre, Paredones, O'Higgins, Chile to La Cuchilla, Navidad, O'Higgins, Chile",,0.63520271581610,127.83752456929675,-71.782,-34.306
"Directions from Vía Sin Nombre, Paredones, O'Higgins, Chile to La Cuchilla, Navidad, O'Higgins, Chile",,0.63577699797672,123.29584699595772,-71.782,-34.307
"Directions from Vía Sin Nombre, Paredones, O'Higgins, Chile to La Cuchilla, Navidad, O'Higgins, Chile",,0.64038709558956,123.17121432731633,-71.778,-34.309
"Directions from Vía Sin Nombre, Paredones, O'Higgins, Chile to La Cuchilla, Navidad, O'Higgins, Chile",,0.64094745261861,126.65234370272240,-71.777,-34.310
"Directions from Vía Sin Nombre, Paredones, O'Higgins, Chile to La Cuchilla, Navidad, O'Higgins, Chile",,0.64144564936689,129.80820813628057,-71.777,-34.310
"Directions from Vía Sin Nombre, Paredones, O'Higgins, Chile to La Cuchilla, Navidad, O'Higgins, Chile",,0.64469866335396,126.93572214835839,-71.774,-34.312
"Directions from Vía Sin Nombre, Paredones, O'Higgins, Chile to La Cuchilla, Navidad, O'Higgins, Chile",,0.64519796286326,128.86761313634776,-71.774,-34.312
"Directions from Vía Sin Nombre, Paredones, O'Higgins, Chile to La Cuchilla, Navidad, O'Higgins, Chile",,0.64521210499889,127.10564612877802,-71.774,-34.312
"Directions from Vía Sin Nombre, Paredones, O'Higgins, Chile to La Cuchilla, Navidad, O'Higgins, Chile",,0.64627760957419,120.84124227444173,-71.773,-34.313
"Directions from Vía Sin Nombre, Paredones, O'Higgins, Chile to La Cuchilla, Navidad, O'Higgins, Chile",,0.64679914576661,123.44477838504932,-71.773,-34.313
"Directions from Vía Sin Nombre, Paredones, O'Higgins, Chile to La Cuchilla, Navidad, O'Higgins, Chile",,0.64745374488057,122.69106050602105,-71.772,-34.313
"Directions from Vía Sin Nombre, Paredones, O'Higgins, Chile to La Cuchilla, Navidad, O'Higgins, Chile",,0.64757036391847,122.82945503220589,-71.772,-34.313
"Directions from Vía Sin Nombre, Paredones, O'Higgins, Chile to La Cuchilla, Navidad, O'Higgins, Chile",,0.64867716109953,122.58034922533525,-71.771,-34.314
"Directions from Vía Sin Nombre, Paredones, O'Higgins, Chile to La Cuchilla, Navidad, O'Higgins, Chile",,0.64926885358722,116.94711886421371,-71.771,-34.314
"Directions from Vía Sin Nombre, Paredones, O'Higgins, Chile to La Cuchilla, Navidad, O'Higgins, Chile",,0.64992276489620,110.93182081590986,-71.770,-34.315
"Directions from Vía Sin Nombre, Paredones, O'Higgins, Chile to La Cuchilla, Navidad, O'Higgins, Chile",,0.65077657986445,110.81676966758317,-71.769,-34.315
"Directions from Vía Sin Nombre, Paredones, O'Higgins, Chile to La Cuchilla, Navidad, O'Higgins, Chile",,0.65085273759550,110.91658769480584,-71.769,-34.315
"Directions from Vía Sin Nombre, Paredones, O'Higgins, Chile to La Cuchilla, Navidad, O'Higgins, Chile",,0.65176031679315,107.20766909350372,-71.768,-34.315
"Directions from Vía Sin Nombre, Paredones, O'Higgins, Chile to La Cuchilla, Navidad, O'Higgins, Chile",,0.65271635026537,102.62153775773255,-71.767,-34.316
"Directions from Vía Sin Nombre, Paredones, O'Higgins, Chile to La Cuchilla, Navidad, O'Higgins, Chile",,0.65277717789067,102.70385905222174,-71.767,-34.316
"Directions from Vía Sin Nombre, Paredones, O'Higgins, Chile to La Cuchilla, Navidad, O'Higgins, Chile",,0.65284997898957,97.97269794930922,-71.767,-34.316
"Directions from Vía Sin Nombre, Paredones, O'Higgins, Chile to La Cuchilla, Navidad, O'Higgins, Chile",,0.65285997898956,97.31043699431582,-71.767,-34.316
"Directions from Vía Sin Nombre, Paredones, O'Higgins, Chile to La Cuchilla, Navidad, O'Higgins, Chile",,0.65499925456788,102.96540323158690,-71.765,-34.316
"Directions from Vía Sin Nombre, Paredones, O'Higgins, Chile to La Cuchilla, Navidad, O'Higgins, Chile",,0.65515222515329,103.50928515174211,-71.765,-34.316
"Directions from Vía Sin Nombre, Paredones, O'Higgins, Chile to La Cuchilla, Navidad, O'Higgins, Chile",,0.65548464055607,103.90169745297706,-71.765,-34.316
"Directions from Vía Sin Nombre, Paredones, O'Higgins, Chile to La Cuchilla, Navidad, O'Higgins, Chile",,0.65577099697732,103.49411501796128,-71.764,-34.316
"Directions from Vía Sin Nombre, Paredones, O'Higgins, Chile to La Cuchilla, Navidad, O'Higgins, Chile",,0.65674367369648,108.34744122192922,-71.763,-34.317
"Directions from Vía Sin Nombre, Paredones, O'Higgins, Chile to La Cuchilla, Navidad, O'Higgins, Chile",,0.65690522864070,114.18323033101299,-71.763,-34.317
"Directions from Vía Sin Nombre, Paredones, O'Higgins, Chile to La Cuchilla, Navidad, O'Higgins, Chile",,0.65697231068003,125.78252559193162,-71.763,-34.317
"Directions from Vía Sin Nombre, Paredones, O'Higgins, Chile to La Cuchilla, Navidad, O'Higgins, Chile",,0.65701473708690,125.78252558378936,-71.763,-34.317
"Directions from Vía Sin Nombre, Paredones, O'Higgins, Chile to La Cuchilla, Navidad, O'Higgins, Chile",,0.65703709776668,122.22001740610249,-71.763,-34.317
"Directions from Vía Sin Nombre, Paredones, O'Higgins, Chile to La Cuchilla, Navidad, O'Higgins, Chile",,0.65715111530919,134.60758769965358,-71.763,-34.317
"Directions from Vía Sin Nombre, Paredones, O'Higgins, Chile to La Cuchilla, Navidad, O'Higgins, Chile",,0.65721514655157,115.67009587394791,-71.763,-34.317
"Directions from Vía Sin Nombre, Paredones, O'Higgins, Chile to La Cuchilla, Navidad, O'Higgins, Chile",,0.65722514655156,115.67009586898313,-71.763,-34.317
"Directions from Vía Sin Nombre, Paredones, O'Higgins, Chile to La Cuchilla, Navidad, O'Higgins, Chile",,0.65728917779394,144.66740426768595,-71.763,-34.317
"Directions from Vía Sin Nombre, Paredones, O'Higgins, Chile to La Cuchilla, Navidad, O'Higgins, Chile",,0.65738351760525,156.97918666234480,-71.763,-34.317
"Directions from Vía Sin Nombre, Paredones, O'Higgins, Chile to La Cuchilla, Navidad, O'Higgins, Chile",,0.65742474866151,156.13684449752049,-71.763,-34.317
"Directions from Vía Sin Nombre, Paredones, O'Higgins, Chile to La Cuchilla, Navidad, O'Higgins, Chile",,0.65746080417427,157.49999999530257,-71.763,-34.317
"Directions from Vía Sin Nombre, Paredones, O'Higgins, Chile to La Cuchilla, Navidad, O'Higgins, Chile",,0.65751179436940,165.12755935301641,-71.763,-34.317
"Directions from Vía Sin Nombre, Paredones, O'Higgins, Chile to La Cuchilla, Navidad, O'Higgins, Chile",,0.65757503992260,157.49999999898222,-71.763,-34.317
"Directions from Vía Sin Nombre, Paredones, O'Higgins, Chile to La Cuchilla, Navidad, O'Higgins, Chile",,0.65759740060238,162.34439327775956,-71.763,-34.317
"Directions from Vía Sin Nombre, Paredones, O'Higgins, Chile to La Cuchilla, Navidad, O'Higgins, Chile",,0.65772893006676,175.62691887036968,-71.763,-34.317
"Directions from Vía Sin Nombre, Paredones, O'Higgins, Chile to La Cuchilla, Navidad, O'Higgins, Chile",,0.65777893006676,175.26883889461180,-71.763,-34.317
"Directions from Vía Sin Nombre, Paredones, O'Higgins, Chile to La Cuchilla, Navidad, O'Higgins, Chile",,0.65790058531737,175.26883889461180,-71.763,-34.317
"Directions from Vía Sin Nombre, Paredones, O'Higgins, Chile to La Cuchilla, Navidad, O'Higgins, Chile",,0.65795058531736,176.43749182445302,-71.763,-34.317
"Directions from Vía Sin Nombre, Paredones, O'Higgins, Chile to La Cuchilla, Navidad, O'Higgins, Chile",,0.65811183047233,170.49316280496299,-71.763,-34.318
"Directions from Vía Sin Nombre, Paredones, O'Higgins, Chile to La Cuchilla, Navidad, O'Higgins, Chile",,0.65830599535072,151.55567099068776,-71.763,-34.318
"Directions from Vía Sin Nombre, Paredones, O'Higgins, Chile to La Cuchilla, Navidad, O'Higgins, Chile",,0.65832013748634,153.43494883187844,-71.763,-34.318
"Directions from Vía Sin Nombre, Paredones, O'Higgins, Chile to La Cuchilla, Navidad, O'Higgins, Chile",,0.65839084816446,167.96225087162333,-71.763,-34.318
"Directions from Vía Sin Nombre, Paredones, O'Higgins, Chile to La Cuchilla, Navidad, O'Higgins, Chile",,0.65853645036224,160.65181387860088,-71.763,-34.318
"Directions from Vía Sin Nombre, Paredones, O'Higgins, Chile to La Cuchilla, Navidad, O'Higgins, Chile",,0.65887260508852,155.34198624013925,-71.763,-34.318
"Directions from Vía Sin Nombre, Paredones, O'Higgins, Chile to La Cuchilla, Navidad, O'Higgins, Chile",,0.65898440848740,149.66023793812252,-71.763,-34.318
"Directions from Vía Sin Nombre, Paredones, O'Higgins, Chile to La Cuchilla, Navidad, O'Higgins, Chile",,0.65935884139194,141.67518998567951,-71.762,-34.319
"Directions from Vía Sin Nombre, Paredones, O'Higgins, Chile to La Cuchilla, Navidad, O'Higgins, Chile",,0.66363372150721,135.30862132606305,-71.759,-34.322
"Directions from Vía Sin Nombre, Paredones, O'Higgins, Chile to La Cuchilla, Navidad, O'Higgins, Chile",,0.66407235575121,137.24629073900704,-71.759,-34.322
"Directions from Vía Sin Nombre, Paredones, O'Higgins, Chile to La Cuchilla, Navidad, O'Higgins, Chile",,0.66413638699357,135.58844246475800,-71.759,-34.322
"Directions from Vía Sin Nombre, Paredones, O'Higgins, Chile to La Cuchilla, Navidad, O'Higgins, Chile",,0.66649354630088,126.57366200508223,-71.757,-34.324
"Directions from Vía Sin Nombre, Paredones, O'Higgins, Chile to La Cuchilla, Navidad, O'Higgins, Chile",,0.66733116196453,118.49635927454490,-71.757,-34.324
"Directions from Vía Sin Nombre, Paredones, O'Higgins, Chile to La Cuchilla, Navidad, O'Higgins, Chile",,0.66857599127011,114.72570767485992,-71.755,-34.325
"Directions from Vía Sin Nombre, Paredones, O'Higgins, Chile to La Cuchilla, Navidad, O'Higgins, Chile",,0.66889801611386,119.96451108500928,-71.755,-34.325
"Directions from Vía Sin Nombre, Paredones, O'Higgins, Chile to La Cuchilla, Navidad, O'Higgins, Chile",,0.66923639460018,127.75373588297074,-71.755,-34.325
"Directions from Vía Sin Nombre, Paredones, O'Higgins, Chile to La Cuchilla, Navidad, O'Higgins, Chile",,0.66956941111628,134.31919363058128,-71.755,-34.325
"Directions from Vía Sin Nombre, Paredones, O'Higgins, Chile to La Cuchilla, Navidad, O'Higgins, Chile",,0.66974632917642,139.70781319572214,-71.755,-34.325
"Directions from Vía Sin Nombre, Paredones, O'Higgins, Chile to La Cuchilla, Navidad, O'Higgins, Chile",,0.66997436426143,138.56250817061468,-71.754,-34.326
"Directions from Vía Sin Nombre, Paredones, O'Higgins, Chile to La Cuchilla, Navidad, O'Higgins, Chile",,0.67000264853268,140.24573850210280,-71.754,-34.326
"Directions from Vía Sin Nombre, Paredones, O'Higgins, Chile to La Cuchilla, Navidad, O'Higgins, Chile",,0.67019681341107,143.87233581321001,-71.754,-34.326
"Directions from Vía Sin Nombre, Paredones, O'Higgins, Chile to La Cuchilla, Navidad, O'Higgins, Chile",,0.67058885932675,140.23433930170802,-71.754,-34.326
"Directions from Vía Sin Nombre, Paredones, O'Higgins, Chile to La Cuchilla, Navidad, O'Higgins, Chile",,0.67121917670713,136.60774199568965,-71.754,-34.327
"Directions from Vía Sin Nombre, Paredones, O'Higgins, Chile to La Cuchilla, Navidad, O'Higgins, Chile",,0.67198285203081,136.65093283716124,-71.753,-34.327
"Directions from Vía Sin Nombre, Paredones, O'Higgins, Chile to La Cuchilla, Navidad, O'Higgins, Chile",,0.67271946590523,137.48107402162273,-71.753,-34.328
"Directions from Vía Sin Nombre, Paredones, O'Higgins, Chile to La Cuchilla, Navidad, O'Higgins, Chile",,0.67369568309418,126.61266678114272,-71.752,-34.328
"Directions from Vía Sin Nombre, Paredones, O'Higgins, Chile to La Cuchilla, Navidad, O'Higgins, Chile",,0.67371804377395,123.99435840803407,-71.752,-34.328
"Directions from Vía Sin Nombre, Paredones, O'Higgins, Chile to La Cuchilla, Navidad, O'Higgins, Chile",,0.67394475945493,127.55686657456644,-71.752,-34.329
"Directions from Vía Sin Nombre, Paredones, O'Higgins, Chile to La Cuchilla, Navidad, O'Higgins, Chile",,0.67470192522277,122.00957678414788,-71.751,-34.329
"Directions from Vía Sin Nombre, Paredones, O'Higgins, Chile to La Cuchilla, Navidad, O'Higgins, Chile",,0.67640501065810,122.00957678408078,-71.750,-34.330
"Directions from Vía Sin Nombre, Paredones, O'Higgins, Chile to La Cuchilla, Navidad, O'Higgins, Chile",,0.67676556578564,127.55686657602402,-71.749,-34.330
"Directions from Vía Sin Nombre, Paredones, O'Higgins, Chile to La Cuchilla, Navidad, O'Higgins, Chile",,0.67721899714759,132.46651689508784,-71.749,-34.330
"Directions from Vía Sin Nombre, Paredones, O'Higgins, Chile to La Cuchilla, Navidad, O'Higgins, Chile",,0.67912175829919,96.88224343311286,-71.748,-34.332
"Directions from Vía Sin Nombre, Paredones, O'Higgins, Chile to La Cuchilla, Navidad, O'Higgins, Chile",,0.67920238087666,56.69261052716634,-71.747,-34.332
"Directions from Vía Sin Nombre, Paredones, O'Higgins, Chile to La Cuchilla, Navidad, O'Higgins, Chile",,0.67940238087666,62.34757677090944,-71.747,-34.331
"Directions from Vía Sin Nombre, Paredones, O'Higgins, Chile to La Cuchilla, Navidad, O'Higgins, Chile",,0.67943400365327,65.06774278731788,-71.747,-34.331
"Directions from Vía Sin Nombre, Paredones, O'Higgins, Chile to La Cuchilla, Navidad, O'Higgins, Chile",,0.67964495388437,60.24897372451098,-71.747,-34.331
"Directions from Vía Sin Nombre, Paredones, O'Higgins, Chile to La Cuchilla, Navidad, O'Higgins, Chile",,0.68015495388437,59.72816038665398,-71.747,-34.331
"Directions from Vía Sin Nombre, Paredones, O'Higgins, Chile to La Cuchilla, Navidad, O'Higgins, Chile",,0.68028533793246,53.46375653279196,-71.747,-34.331
"Directions from Vía Sin Nombre, Paredones, O'Higgins, Chile to La Cuchilla, Navidad, O'Higgins, Chile",,0.68037753337705,47.19935267797672,-71.746,-34.331
"Directions from Vía Sin Nombre, Paredones, O'Higgins, Chile to La Cuchilla, Navidad, O'Higgins, Chile",,0.68049067046203,42.23622992400403,-71.746,-34.331
"Directions from Vía Sin Nombre, Paredones, O'Higgins, Chile to La Cuchilla, Navidad, O'Higgins, Chile",,0.68071089761749,36.58126368699394,-71.746,-34.331
"Directions from Vía Sin Nombre, Paredones, O'Higgins, Chile to La Cuchilla, Navidad, O'Higgins, Chile",,0.68110750825779,32.68276813203115,-71.746,-34.330
"Directions from Vía Sin Nombre, Paredones, O'Higgins, Chile to La Cuchilla, Navidad, O'Higgins, Chile",,0.68442111656295,28.51082234024487,-71.744,-34.328
"Directions from Vía Sin Nombre, Paredones, O'Higgins, Chile to La Cuchilla, Navidad, O'Higgins, Chile",,0.68463135452336,22.50000000041446,-71.744,-34.327
"Directions from Vía Sin Nombre, Paredones, O'Higgins, Chile to La Cuchilla, Navidad, O'Higgins, Chile",,0.68492867589831,16.16710377514497,-71.744,-34.327
"Directions from Vía Sin Nombre, Paredones, O'Higgins, Chile to La Cuchilla, Navidad, O'Higgins, Chile",,0.68533867589831,8.13321862632039,-71.744,-34.327
"Directions from Vía Sin Nombre, Paredones, O'Higgins, Chile to La Cuchilla, Navidad, O'Higgins, Chile",,0.68901587592006,4.96312275210002,-71.744,-34.323
"Directions from Vía Sin Nombre, Paredones, O'Higgins, Chile to La Cuchilla, Navidad, O'Higgins, Chile",,0.68919698362283,5.04670860855228,-71.744,-34.323
"Directions from Vía Sin Nombre, Paredones, O'Higgins, Chile to La Cuchilla, Navidad, O'Higgins, Chile",,0.69546041718598,7.18644037496729,-71.743,-34.317
"Directions from Vía Sin Nombre, Paredones, O'Higgins, Chile to La Cuchilla, Navidad, O'Higgins, Chile",,0.69594878180386,12.77553622669077,-71.743,-34.316
"Directions from Vía Sin Nombre, Paredones, O'Higgins, Chile to La Cuchilla, Navidad, O'Higgins, Chile",,0.69610402355082,17.45726184921483,-71.743,-34.316
"Directions from Vía Sin Nombre, Paredones, O'Higgins, Chile to La Cuchilla, Navidad, O'Higgins, Chile",,0.69633811754904,24.86399390849761,-71.743,-34.316
"Directions from Vía Sin Nombre, Paredones, O'Higgins, Chile to La Cuchilla, Navidad, O'Higgins, Chile",,0.69641874012652,27.09441803847131,-71.743,-34.316
"Directions from Vía Sin Nombre, Paredones, O'Higgins, Chile to La Cuchilla, Navidad, O'Higgins, Chile",,0.69653957058626,28.67459885311343,-71.743,-34.316
"Directions from Vía Sin Nombre, Paredones, O'Higgins, Chile to La Cuchilla, Navidad, O'Higgins, Chile",,0.69674205515357,34.88757028459469,-71.743,-34.315
"Directions from Vía Sin Nombre, Paredones, O'Higgins, Chile to La Cuchilla, Navidad, O'Higgins, Chile",,0.69699205515356,40.93494882295594,-71.743,-34.315
"Directions from Vía Sin Nombre, Paredones, O'Higgins, Chile to La Cuchilla, Navidad, O'Higgins, Chile",,0.69716176078106,46.58991506021658,-71.743,-34.315
"Directions from Vía Sin Nombre, Paredones, O'Higgins, Chile to La Cuchilla, Navidad, O'Higgins, Chile",,0.69741671175673,50.54349641097092,-71.743,-34.315
"Directions from Vía Sin Nombre, Paredones, O'Higgins, Chile to La Cuchilla, Navidad, O'Higgins, Chile",,0.69793071564776,54.74966905674268,-71.742,-34.315
"Directions from Vía Sin Nombre, Paredones, O'Higgins, Chile to La Cuchilla, Navidad, O'Higgins, Chile",,0.70130888083023,55.19948405230264,-71.739,-34.313
"Directions from Vía Sin Nombre, Paredones, O'Higgins, Chile to La Cuchilla, Navidad, O'Higgins, Chile",,0.70181691626207,51.69035697701578,-71.739,-34.312
"Directions from Vía Sin Nombre, Paredones, O'Higgins, Chile to La Cuchilla, Navidad, O'Higgins, Chile",,0.70217159921909,47.28696063026046,-71.739,-34.312
"Directions from Vía Sin Nombre, Paredones, O'Higgins, Chile to La Cuchilla, Navidad, O'Higgins, Chile",,0.70252515260969,42.08682898589771,-71.738,-34.312
"Directions from Vía Sin Nombre, Paredones, O'Higgins, Chile to La Cuchilla, Navidad, O'Higgins, Chile",,0.70287343410503,35.33896234412264,-71.738,-34.312
"Directions from Vía Sin Nombre, Paredones, O'Higgins, Chile to La Cuchilla, Navidad, O'Higgins, Chile",,0.70323702728428,28.26058009797924,-71.738,-34.311
"Directions from Vía Sin Nombre, Paredones, O'Higgins, Chile to La Cuchilla, Navidad, O'Higgins, Chile",,0.70356808619142,21.55016943131585,-71.738,-34.311
"Directions from Vía Sin Nombre, Paredones, O'Higgins, Chile to La Cuchilla, Navidad, O'Higgins, Chile",,0.70408354715018,15.66198264929534,-71.738,-34.311
"Directions from Vía Sin Nombre, Paredones, O'Higgins, Chile to La Cuchilla, Navidad, O'Higgins, Chile",,0.70443283213411,12.08980554896293,-71.738,-34.310
"Directions from Vía Sin Nombre, Paredones, O'Higgins, Chile to La Cuchilla, Navidad, O'Higgins, Chile",,0.70806890144038,12.61968431617761,-71.737,-34.307
"Directions from Vía Sin Nombre, Paredones, O'Higgins, Chile to La Cuchilla, Navidad, O'Higgins, Chile",,0.70859520933506,16.61246093229933,-71.737,-34.306
"Directions from Vía Sin Nombre, Paredones, O'Higgins, Chile to La Cuchilla, Navidad, O'Higgins, Chile",,0.70896520933506,20.23281016735650,-71.737,-34.306
"Directions from Vía Sin Nombre, Paredones, O'Higgins, Chile to La Cuchilla, Navidad, O'Higgins, Chile",,0.70937374329937,23.82744427443154,-71.736,-34.305
"Directions from Vía Sin Nombre, Paredones, O'Higgins, Chile to La Cuchilla, Navidad, O'Higgins, Chile",,0.71050970104507,35.55695632501079,-71.736,-34.304
"Directions from Vía Sin Nombre, Paredones, O'Higgins, Chile to La Cuchilla, Navidad, O'Higgins, Chile",,0.71052384318069,36.26094274332453,-71.736,-34.304
"Directions from Vía Sin Nombre, Paredones, O'Higgins, Chile to La Cuchilla, Navidad, O'Higgins, Chile",,0.71695119878001,22.97841714867887,-71.733,-34.299
"Directions from Vía Sin Nombre, Paredones, O'Higgins, Chile to La Cuchilla, Navidad, O'Higgins, Chile",,0.71698282155660,23.16610993102794,-71.733,-34.299
"Directions from Vía Sin Nombre, Paredones, O'Higgins, Chile to La Cuchilla, Navidad, O'Higgins, Chile",,0.71794459075969,26.64258866057606,-71.733,-34.298
"Directions from Vía Sin Nombre, Paredones, O'Higgins, Chile to La Cuchilla, Navidad, O'Higgins, Chile",,0.71859766043438,23.34263016963771,-71.732,-34.297
"Directions from Vía Sin Nombre, Paredones, O'Higgins, Chile to La Cuchilla, Navidad, O'Higgins, Chile",,0.71923090604234,19.17843676977875,-71.732,-34.297
"Directions from Vía Sin Nombre, Paredones, O'Higgins, Chile to La Cuchilla, Navidad, O'Higgins, Chile",,0.72410538037297,14.18472598379719,-71.731,-34.292
"Directions from Vía Sin Nombre, Paredones, O'Higgins, Chile to La Cuchilla, Navidad, O'Higgins, Chile",,0.72415637056810,13.94863551714119,-71.731,-34.292
"Directions from Vía Sin Nombre, Paredones, O'Higgins, Chile to La Cuchilla, Navidad, O'Higgins, Chile",,0.72464677856151,18.01368669315443,-71.730,-34.291
"Directions from Vía Sin Nombre, Paredones, O'Higgins, Chile to La Cuchilla, Navidad, O'Higgins, Chile",,0.72482705612529,17.64970054775577,-71.730,-34.291
"Directions from Vía Sin Nombre, Paredones, O'Higgins, Chile to La Cuchilla, Navidad, O'Higgins, Chile",,0.72574187851242,17.64970054775579,-71.730,-34.290
"Directions from Vía Sin Nombre, Paredones, O'Higgins, Chile to La Cuchilla, Navidad, O'Higgins, Chile",,0.72592215607620,17.94432147808698,-71.730,-34.290
"Directions from Vía Sin Nombre, Paredones, O'Higgins, Chile to La Cuchilla, Navidad, O'Higgins, Chile",,0.72811176791394,17.94432147633328,-71.729,-34.288
"Directions from Vía Sin Nombre, Paredones, O'Higgins, Chile to La Cuchilla, Navidad, O'Higgins, Chile",,0.72829204547771,18.10562932257088,-71.729,-34.288
"Directions from Vía Sin Nombre, Paredones, O'Higgins, Chile to La Cuchilla, Navidad, O'Higgins, Chile",,0.72905447580240,14.76437798996696,-71.729,-34.287
"Directions from Vía Sin Nombre, Paredones, O'Higgins, Chile to La Cuchilla, Navidad, O'Higgins, Chile",,0.72959789092917,8.28580349707649,-71.729,-34.287
"Directions from Vía Sin Nombre, Paredones, O'Higgins, Chile to La Cuchilla, Navidad, O'Higgins, Chile",,0.73004888982052,0.80573833560123,-71.729,-34.286
"Directions from Vía Sin Nombre, Paredones, O'Higgins, Chile to La Cuchilla, Navidad, O'Higgins, Chile",,0.73030908205714,355.18299693377537,-71.729,-34.286
"Directions from Vía Sin Nombre, Paredones, O'Higgins, Chile to La Cuchilla, Navidad, O'Higgins, Chile",,0.73077297859734,351.28700424132148,-71.729,-34.286
"Directions from Vía Sin Nombre, Paredones, O'Higgins, Chile to La Cuchilla, Navidad, O'Higgins, Chile",,0.73820577753179,332.50270821612463,-71.730,-34.278
"Directions from Vía Sin Nombre, Paredones, O'Higgins, Chile to La Cuchilla, Navidad, O'Higgins, Chile",,0.73821991966741,333.31705692768526,-71.730,-34.278
"Directions from Vía Sin Nombre, Paredones, O'Higgins, Chile to La Cuchilla, Navidad, O'Higgins, Chile",,0.73856357647296,348.79893520210373,-71.730,-34.278
"Directions from Vía Sin Nombre, Paredones, O'Higgins, Chile to La Cuchilla, Navidad, O'Higgins, Chile",,0.73864603858548,348.12855205961881,-71.730,-34.278
"Directions from Vía Sin Nombre, Paredones, O'Higgins, Chile to La Cuchilla, Navidad, O'Higgins, Chile",,0.74018811510757,348.88226994104184,-71.731,-34.276
"Directions from Vía Sin Nombre, Paredones, O'Higgins, Chile to La Cuchilla, Navidad, O'Higgins, Chile",,0.74037250599672,348.85074612044752,-71.731,-34.276
"Directions from Vía Sin Nombre, Paredones, O'Higgins, Chile to La Cuchilla, Navidad, O'Higgins, Chile",,0.74343694721821,347.48759062090625,-71.731,-34.273
"Directions from Vía Sin Nombre, Paredones, O'Higgins, Chile to La Cuchilla, Navidad, O'Higgins, Chile",,0.74355096476073,347.64127954376005,-71.731,-34.273
"Directions from Vía Sin Nombre, Paredones, O'Higgins, Chile to La Cuchilla, Navidad, O'Higgins, Chile",,0.74367262001133,347.64127954621313,-71.731,-34.273
"Directions from Vía Sin Nombre, Paredones, O'Higgins, Chile to La Cuchilla, Navidad, O'Higgins, Chile",,0.74401467263886,329.87244063839779,-71.731,-34.272
"Directions from Vía Sin Nombre, Paredones, O'Higgins, Chile to La Cuchilla, Navidad, O'Higgins, Chile",,0.74402881477448,327.91049597732876,-71.731,-34.272
"Directions from Vía Sin Nombre, Paredones, O'Higgins, Chile to La Cuchilla, Navidad, O'Higgins, Chile",,0.74427233068772,338.18851859687999,-71.732,-34.272
"Directions from Vía Sin Nombre, Paredones, O'Higgins, Chile to La Cuchilla, Navidad, O'Higgins, Chile",,0.74439316114746,333.09914583803823,-71.732,-34.272
"Directions from Vía Sin Nombre, Paredones, O'Higgins, Chile to La Cuchilla, Navidad, O'Higgins, Chile",,0.74457673674497,325.99121910261266,-71.732,-34.272
"Directions from Vía Sin Nombre, Paredones, O'Higgins, Chile to La Cuchilla, Navidad, O'Higgins, Chile",,0.74464076798734,326.36486603992807,-71.732,-34.272
"Directions from Vía Sin Nombre, Paredones, O'Higgins, Chile to La Cuchilla, Navidad, O'Higgins, Chile",,0.74476606762820,327.92593126903023,-71.732,-34.272
"Directions from Vía Sin Nombre, Paredones, O'Higgins, Chile to La Cuchilla, Navidad, O'Higgins, Chile",,0.74493811413354,322.32837555758482,-71.732,-34.272
"Directions from Vía Sin Nombre, Paredones, O'Higgins, Chile to La Cuchilla, Navidad, O'Higgins, Chile",,0.74501621663031,322.60120435593853,-71.732,-34.272
"Directions from Vía Sin Nombre, Paredones, O'Higgins, Chile to La Cuchilla, Navidad, O'Higgins, Chile",,0.74513828218646,342.50398990140371,-71.732,-34.272
"Directions from Vía Sin Nombre, Paredones, O'Higgins, Chile to La Cuchilla, Navidad, O'Higgins, Chile",,0.74514828218646,342.50398990051576,-71.732,-34.272
"Directions from Vía Sin Nombre, Paredones, O'Higgins, Chile to La Cuchilla, Navidad, O'Higgins, Chile",,0.74563654441109,323.17408577446361,-71.732,-34.271
"Directions from Vía Sin Nombre, Paredones, O'Higgins, Chile to La Cuchilla, Navidad, O'Higgins, Chile",,0.74576460689584,323.50498727586591,-71.732,-34.271
"Directions from Vía Sin Nombre, Paredones, O'Higgins, Chile to La Cuchilla, Navidad, O'Higgins, Chile",,0.74626109455933,320.33489140700686,-71.733,-34.271
"Directions from Vía Sin Nombre, Paredones, O'Higgins, Chile to La Cuchilla, Navidad, O'Higgins, Chile",,0.74628937883057,320.20385566087464,-71.733,-34.271
"Directions from Vía Sin Nombre, Paredones, O'Higgins, Chile to La Cuchilla, Navidad, O'Higgins, Chile",,0.74664165712965,342.70385565578579,-71.733,-34.270
"Directions from Vía Sin Nombre, Paredones, O'Higgins, Chile to La Cuchilla, Navidad, O'Higgins, Chile",,0.74665165712965,337.49999999999994,-71.733,-34.270
"Directions from Vía Sin Nombre, Paredones, O'Higgins, Chile to La Cuchilla, Navidad, O'Higgins, Chile",,0.74666579926528,321.58627671264196,-71.733,-34.270
"Directions from Vía Sin Nombre, Paredones, O'Higgins, Chile to La Cuchilla, Navidad, O'Higgins, Chile",,0.74700712022859,329.40739994103484,-71.733,-34.270
"Directions from Vía Sin Nombre, Paredones, O'Higgins, Chile to La Cuchilla, Navidad, O'Higgins, Chile",,0.74737427142360,333.09914583776646,-71.733,-34.270
"Directions from Vía Sin Nombre, Paredones, O'Higgins, Chile to La Cuchilla, Navidad, O'Higgins, Chile",,0.74749510188334,333.47279277535364,-71.733,-34.270
"Directions from Vía Sin Nombre, Paredones, O'Higgins, Chile to La Cuchilla, Navidad, O'Higgins, Chile",,0.74762040152420,333.66609544122872,-71.733,-34.269
"Directions from Vía Sin Nombre, Paredones, O'Higgins, Chile to La Cuchilla, Navidad, O'Higgins, Chile",,0.74823367144846,337.97977201132693,-71.734,-34.269
"Directions from Vía Sin Nombre, Paredones, O'Higgins, Chile to La Cuchilla, Navidad, O'Higgins, Chile",,0.74835071844757,337.78646934733405,-71.734,-34.269
"Directions from Vía Sin Nombre, Paredones, O'Higgins, Chile to La Cuchilla, Navidad, O'Higgins, Chile",,0.74859237936704,338.18851859690858,-71.734,-34.269
"Directions from Vía Sin Nombre, Paredones, O'Higgins, Chile to La Cuchilla, Navidad, O'Higgins, Chile",,0.74883589528028,338.18851859809365,-71.734,-34.268
"Directions from Vía Sin Nombre, Paredones, O'Higgins, Chile to La Cuchilla, Navidad, O'Higgins, Chile",,0.74895672574001,340.15046325903290,-71.734,-34.268
"Directions from Vía Sin Nombre, Paredones, O'Higgins, Chile to La Cuchilla, Navidad, O'Higgins, Chile",,0.74907074328253,329.87244063641435,-71.734,-34.268
"Directions from Vía Sin Nombre, Paredones, O'Higgins, Chile to La Cuchilla, Navidad, O'Higgins, Chile",,0.74908488541815,329.87244063938937,-71.734,-34.268
"Directions from Vía Sin Nombre, Paredones, O'Higgins, Chile to La Cuchilla, Navidad, O'Higgins, Chile",,0.74919890296066,342.38088738891440,-71.734,-34.268
"Directions from Vía Sin Nombre, Paredones, O'Higgins, Chile to La Cuchilla, Navidad, O'Higgins, Chile",,0.74931594995976,342.38088738891440,-71.734,-34.268
"Directions from Vía Sin Nombre, Paredones, O'Higgins, Chile to La Cuchilla, Navidad, O'Higgins, Chile",,0.74942996750227,342.78293663707370,-71.734,-34.268
"Directions from Vía Sin Nombre, Paredones, O'Higgins, Chile to La Cuchilla, Navidad, O'Higgins, Chile",,0.74967348341551,343.39237425154766,-71.734,-34.268
"Directions from Vía Sin Nombre, Paredones, O'Higgins, Chile to La Cuchilla, Navidad, O'Higgins, Chile",,0.74979717658428,330.48187825386339,-71.734,-34.267
"Directions from Vía Sin Nombre, Paredones, O'Higgins, Chile to La Cuchilla, Navidad, O'Higgins, Chile",,0.74981131871991,329.87244063839779,-71.734,-34.267
"Directions from Vía Sin Nombre, Paredones, O'Higgins, Chile to La Cuchilla, Navidad, O'Higgins, Chile",,0.75015337134744,352.37244064857555,-71.734,-34.267
"Directions from Vía Sin Nombre, Paredones, O'Higgins, Chile to La Cuchilla, Navidad, O'Higgins, Chile",,0.75018337134744,353.73559614781902,-71.734,-34.267
"Directions from Vía Sin Nombre, Paredones, O'Higgins, Chile to La Cuchilla, Navidad, O'Higgins, Chile",,0.75027556679201,353.73559614781902,-71.734,-34.267
"Directions from Vía Sin Nombre, Paredones, O'Higgins, Chile to La Cuchilla, Navidad, O'Higgins, Chile",,0.75039556679201,6.13238686409317,-71.734,-34.267
"Directions from Vía Sin Nombre, Paredones, O'Higgins, Chile to La Cuchilla, Navidad, O'Higgins, Chile",,0.75063093883793,16.12394012474600,-71.734,-34.267
"Directions from Vía Sin Nombre, Paredones, O'Higgins, Chile to La Cuchilla, Navidad, O'Higgins, Chile",,0.75074798583704,24.61596642937260,-71.734,-34.266
"Directions from Vía Sin Nombre, Paredones, O'Higgins, Chile to La Cuchilla, Navidad, O'Higgins, Chile",,0.75103451681267,32.12042326635973,-71.734,-34.266
"Directions from Vía Sin Nombre, Paredones, O'Higgins, Chile to La Cuchilla, Navidad, O'Higgins, Chile",,0.75115658236883,32.07981678764710,-71.734,-34.266
"Directions from Vía Sin Nombre, Paredones, O'Higgins, Chile to La Cuchilla, Navidad, O'Higgins, Chile",,0.75164902525892,14.58380669000715,-71.734,-34.266
"Directions from Vía Sin Nombre, Paredones, O'Higgins, Chile to La Cuchilla, Navidad, O'Higgins, Chile",,0.75165902525892,13.28252558853900,-71.734,-34.266
"Directions from Vía Sin Nombre, Paredones, O'Higgins, Chile to La Cuchilla, Navidad, O'Higgins, Chile",,0.75177082865780,21.25522353592788,-71.734,-34.266
"Directions from Vía Sin Nombre, Paredones, O'Higgins, Chile to La Cuchilla, Navidad, O'Higgins, Chile",,0.75184362975669,21.25522353999899,-71.734,-34.266
"Directions from Vía Sin Nombre, Paredones, O'Higgins, Chile to La Cuchilla, Navidad, O'Higgins, Chile",,0.75188835111624,22.50000000356222,-71.734,-34.265
"Directions from Vía Sin Nombre, Paredones, O'Higgins, Chile to La Cuchilla, Navidad, O'Higgins, Chile",,0.75201484222265,16.52791140598850,-71.734,-34.265
"Directions from Vía Sin Nombre, Paredones, O'Higgins, Chile to La Cuchilla, Navidad, O'Higgins, Chile",,0.75225253950913,12.96540323148726,-71.733,-34.265
"Directions from Vía Sin Nombre, Paredones, O'Higgins, Chile to La Cuchilla, Navidad, O'Higgins, Chile",,0.75260947087508,13.62766418691231,-71.733,-34.265
"Directions from Vía Sin Nombre, Paredones, O'Higgins, Chile to La Cuchilla, Navidad, O'Higgins, Chile",,0.75275507307286,11.14279382440932,-71.733,-34.265
"Directions from Vía Sin Nombre, Paredones, O'Higgins, Chile to La Cuchilla, Navidad, O'Higgins, Chile",,0.75284562692424,10.79765522512449,-71.733,-34.265
"Directions from Vía Sin Nombre, Paredones, O'Higgins, Chile to La Cuchilla, Navidad, O'Higgins, Chile",,0.75330169709428,20.01512963658550,-71.733,-34.264
"Directions from Vía Sin Nombre, Paredones, O'Higgins, Chile to La Cuchilla, Navidad, O'Higgins, Chile",,0.75344487530492,29.88358038400518,-71.733,-34.264
"Directions from Vía Sin Nombre, Paredones, O'Higgins, Chile to La Cuchilla, Navidad, O'Higgins, Chile",,0.75356694086107,36.82591422588955,-71.733,-34.264
"Directions from Vía Sin Nombre, Paredones, O'Higgins, Chile to La Cuchilla, Navidad, O'Higgins, Chile",,0.75382306583058,44.99999999925529,-71.733,-34.264
"Directions from Vía Sin Nombre, Paredones, O'Higgins, Chile to La Cuchilla, Navidad, O'Higgins, Chile",,0.75395112831531,54.92636119007242,-71.733,-34.264
"Directions from Vía Sin Nombre, Paredones, O'Higgins, Chile to La Cuchilla, Navidad, O'Higgins, Chile",,0.75488926476595,29.25626531811044,-71.732,-34.263
"Directions from Vía Sin Nombre, Paredones, O'Higgins, Chile to La Cuchilla, Navidad, O'Higgins, Chile",,0.75489926476596,27.23116110428789,-71.732,-34.263
"Directions from Vía Sin Nombre, Paredones, O'Higgins, Chile to La Cuchilla, Navidad, O'Higgins, Chile",,0.75498528801862,58.94863551574890,-71.732,-34.263
"Directions from Vía Sin Nombre, Paredones, O'Higgins, Chile to La Cuchilla, Navidad, O'Higgins, Chile",,0.75500764869840,54.21747439110546,-71.732,-34.263
"Directions from Vía Sin Nombre, Paredones, O'Higgins, Chile to La Cuchilla, Navidad, O'Higgins, Chile",,0.75502179083402,54.21747439924768,-71.732,-34.263
"Directions from Vía Sin Nombre, Paredones, O'Higgins, Chile to La Cuchilla, Navidad, O'Higgins, Chile",,0.75504415151380,54.21747441451434,-71.732,-34.263
"Directions from Vía Sin Nombre, Paredones, O'Higgins, Chile to La Cuchilla, Navidad, O'Higgins, Chile",,0.75507243578504,54.21747440637212,-71.732,-34.263
"Directions from Vía Sin Nombre, Paredones, O'Higgins, Chile to La Cuchilla, Navidad, O'Higgins, Chile",,0.75509479646482,54.21747441146100,-71.732,-34.263
"Directions from Vía Sin Nombre, Paredones, O'Higgins, Chile to La Cuchilla, Navidad, O'Higgins, Chile",,0.75516550714294,54.21747441146100,-71.732,-34.263
"Directions from Vía Sin Nombre, Paredones, O'Higgins, Chile to La Cuchilla, Navidad, O'Higgins, Chile",,0.75518786782271,54.21747441654990,-71.732,-34.263
"Directions from Vía Sin Nombre, Paredones, O'Higgins, Chile to La Cuchilla, Navidad, O'Higgins, Chile",,0.75521615209396,54.21747441654990,-71.732,-34.263
"Directions from Vía Sin Nombre, Paredones, O'Higgins, Chile to La Cuchilla, Navidad, O'Higgins, Chile",,0.75523851277374,54.21747440637212,-71.732,-34.263
"Directions from Vía Sin Nombre, Paredones, O'Higgins, Chile to La Cuchilla, Navidad, O'Higgins, Chile",,0.75526679704498,22.49999999491112,-71.732,-34.263
"Directions from Vía Sin Nombre, Paredones, O'Higgins, Chile to La Cuchilla, Navidad, O'Higgins, Chile",,0.75527679704498,31.71747441146101,-71.732,-34.263
"Directions from Vía Sin Nombre, Paredones, O'Higgins, Chile to La Cuchilla, Navidad, O'Higgins, Chile",,0.75529915772476,54.21747440806842,-71.732,-34.263
"Directions from Vía Sin Nombre, Paredones, O'Higgins, Chile to La Cuchilla, Navidad, O'Higgins, Chile",,0.75534158413163,54.21747441621064,-71.732,-34.263
"Directions from Vía Sin Nombre, Paredones, O'Higgins, Chile to La Cuchilla, Navidad, O'Higgins, Chile",,0.75536394481141,44.99999999592889,-71.732,-34.263
"Directions from Vía Sin Nombre, Paredones, O'Higgins, Chile to La Cuchilla, Navidad, O'Higgins, Chile",,0.75538630549118,35.78252558141456,-71.732,-34.263
"Directions from Vía Sin Nombre, Paredones, O'Higgins, Chile to La Cuchilla, Navidad, O'Higgins, Chile",,0.75541458976243,54.21747440840768,-71.732,-34.263
"Directions from Vía Sin Nombre, Paredones, O'Higgins, Chile to La Cuchilla, Navidad, O'Higgins, Chile",,0.75543695044220,54.21747441349656,-71.732,-34.263
"Directions from Vía Sin Nombre, Paredones, O'Higgins, Chile to La Cuchilla, Navidad, O'Higgins, Chile",,0.75545109257782,35.78252559871678,-71.732,-34.263
"Directions from Vía Sin Nombre, Paredones, O'Higgins, Chile to La Cuchilla, Navidad, O'Higgins, Chile",,0.75547345325761,35.78252559871678,-71.732,-34.263
"Directions from Vía Sin Nombre, Paredones, O'Higgins, Chile to La Cuchilla, Navidad, O'Higgins, Chile",,0.75548759539323,54.21747441349656,-71.732,-34.263
"Directions from Vía Sin Nombre, Paredones, O'Higgins, Chile to La Cuchilla, Navidad, O'Higgins, Chile",,0.75550995607300,54.21747440840768,-71.732,-34.263
"Directions from Vía Sin Nombre, Paredones, O'Higgins, Chile to La Cuchilla, Navidad, O'Higgins, Chile",,0.75553824034425,35.78252559769899,-71.732,-34.263
"Directions from Vía Sin Nombre, Paredones, O'Higgins, Chile to La Cuchilla, Navidad, O'Higgins, Chile",,0.75556060102403,45.00000000407111,-71.732,-34.263
"Directions from Vía Sin Nombre, Paredones, O'Higgins, Chile to La Cuchilla, Navidad, O'Higgins, Chile",,0.75558296170379,54.21747441485358,-71.732,-34.263
"Directions from Vía Sin Nombre, Paredones, O'Higgins, Chile to La Cuchilla, Navidad, O'Higgins, Chile",,0.75562538811067,35.78252557971826,-71.731,-34.263
"Directions from Vía Sin Nombre, Paredones, O'Higgins, Chile to La Cuchilla, Navidad, O'Higgins, Chile",,0.75564774879044,44.99999998778668,-71.731,-34.263
"Directions from Vía Sin Nombre, Paredones, O'Higgins, Chile to La Cuchilla, Navidad, O'Higgins, Chile",,0.75567010947022,54.21747440637212,-71.731,-34.263
"Directions from Vía Sin Nombre, Paredones, O'Higgins, Chile to La Cuchilla, Navidad, O'Higgins, Chile",,0.75569839374147,35.78252558752122,-71.731,-34.263
"Directions from Vía Sin Nombre, Paredones, O'Higgins, Chile to La Cuchilla, Navidad, O'Higgins, Chile",,0.75572075442124,45.00000000407111,-71.731,-34.263
"Directions from Vía Sin Nombre, Paredones, O'Higgins, Chile to La Cuchilla, Navidad, O'Higgins, Chile",,0.75574311510102,54.21747441146100,-71.731,-34.263
"Directions from Vía Sin Nombre, Paredones, O'Higgins, Chile to La Cuchilla, Navidad, O'Higgins, Chile",,0.75578554150789,35.78252559261011,-71.731,-34.263
"Directions from Vía Sin Nombre, Paredones, O'Higgins, Chile to La Cuchilla, Navidad, O'Higgins, Chile",,0.75580790218766,44.99999999592889,-71.731,-34.263
"Directions from Vía Sin Nombre, Paredones, O'Higgins, Chile to La Cuchilla, Navidad, O'Higgins, Chile",,0.75583026286743,54.21747440671136,-71.731,-34.263
"Directions from Vía Sin Nombre, Paredones, O'Higgins, Chile to La Cuchilla, Navidad, O'Higgins, Chile",,0.75587268927431,35.78252559600270,-71.731,-34.262
"Directions from Vía Sin Nombre, Paredones, O'Higgins, Chile to La Cuchilla, Navidad, O'Higgins, Chile",,0.75589504995409,45.00000000407111,-71.731,-34.262
"Directions from Vía Sin Nombre, Paredones, O'Higgins, Chile to La Cuchilla, Navidad, O'Higgins, Chile",,0.75591741063385,54.21747441654990,-71.731,-34.262
"Directions from Vía Sin Nombre, Paredones, O'Higgins, Chile to La Cuchilla, Navidad, O'Higgins, Chile",,0.75594569490511,35.78252558141456,-71.731,-34.262
"Directions from Vía Sin Nombre, Paredones, O'Higgins, Chile to La Cuchilla, Navidad, O'Higgins, Chile",,0.75596805558488,44.99999998778668,-71.731,-34.262
"Directions from Vía Sin Nombre, Paredones, O'Higgins, Chile to La Cuchilla, Navidad, O'Higgins, Chile",,0.75599041626466,54.21747440806842,-71.731,-34.262
"Directions from Vía Sin Nombre, Paredones, O'Higgins, Chile to La Cuchilla, Navidad, O'Higgins, Chile",,0.75603284267153,35.78252558921751,-71.731,-34.262
"Directions from Vía Sin Nombre, Paredones, O'Higgins, Chile to La Cuchilla, Navidad, O'Higgins, Chile",,0.75605520335130,45.00000001221334,-71.731,-34.262
"Directions from Vía Sin Nombre, Paredones, O'Higgins, Chile to La Cuchilla, Navidad, O'Higgins, Chile",,0.75607756403108,54.21747441451434,-71.731,-34.262
"Directions from Vía Sin Nombre, Paredones, O'Higgins, Chile to La Cuchilla, Navidad, O'Higgins, Chile",,0.75610584830232,35.78252558752122,-71.731,-34.262
"Directions from Vía Sin Nombre, Paredones, O'Higgins, Chile to La Cuchilla, Navidad, O'Higgins, Chile",,0.75612820898210,45.00000000407111,-71.731,-34.262
"Directions from Vía Sin Nombre, Paredones, O'Higgins, Chile to La Cuchilla, Navidad, O'Higgins, Chile",,0.75615056966188,54.21747440637212,-71.731,-34.262
"Directions from Vía Sin Nombre, Paredones, O'Higgins, Chile to La Cuchilla, Navidad, O'Higgins, Chile",,0.75617885393312,35.78252558752122,-71.731,-34.262
"Directions from Vía Sin Nombre, Paredones, O'Higgins, Chile to La Cuchilla, Navidad, O'Higgins, Chile",,0.75620121461290,35.78252559261011,-71.731,-34.262
"Directions from Vía Sin Nombre, Paredones, O'Higgins, Chile to La Cuchilla, Navidad, O'Higgins, Chile",,0.75621535674853,54.21747441146100,-71.731,-34.262
"Directions from Vía Sin Nombre, Paredones, O'Higgins, Chile to La Cuchilla, Navidad, O'Higgins, Chile",,0.75623771742829,54.21747441654990,-71.731,-34.262
"Directions from Vía Sin Nombre, Paredones, O'Higgins, Chile to La Cuchilla, Navidad, O'Higgins, Chile",,0.75626600169954,35.78252559362788,-71.731,-34.262
"Directions from Vía Sin Nombre, Paredones, O'Higgins, Chile to La Cuchilla, Navidad, O'Higgins, Chile",,0.75628836237933,45.00000000000000,-71.731,-34.262
"Directions from Vía Sin Nombre, Paredones, O'Higgins, Chile to La Cuchilla, Navidad, O'Higgins, Chile",,0.75631072305909,54.21747441654990,-71.731,-34.262
"Directions from Vía Sin Nombre, Paredones, O'Higgins, Chile to La Cuchilla, Navidad, O'Higgins, Chile",,0.75633900733034,35.78252558141456,-71.731,-34.262
"Directions from Vía Sin Nombre, Paredones, O'Higgins, Chile to La Cuchilla, Navidad, O'Higgins, Chile",,0.75636136801011,35.78252557632567,-71.731,-34.262
"Directions from Vía Sin Nombre, Paredones, O'Higgins, Chile to La Cuchilla, Navidad, O'Higgins, Chile",,0.75637551014574,54.21747441960322,-71.731,-34.262
"Directions from Vía Sin Nombre, Paredones, O'Higgins, Chile to La Cuchilla, Navidad, O'Higgins, Chile",,0.75639787082552,54.21747440942546,-71.731,-34.262
"Directions from Vía Sin Nombre, Paredones, O'Higgins, Chile to La Cuchilla, Navidad, O'Higgins, Chile",,0.75642615509677,35.78252558243233,-71.731,-34.262
"Directions from Vía Sin Nombre, Paredones, O'Higgins, Chile to La Cuchilla, Navidad, O'Higgins, Chile",,0.75644851577654,35.78252560278788,-71.731,-34.262
"Directions from Vía Sin Nombre, Paredones, O'Higgins, Chile to La Cuchilla, Navidad, O'Higgins, Chile",,0.75646265791217,54.21747441349656,-71.731,-34.262
"Directions from Vía Sin Nombre, Paredones, O'Higgins, Chile to La Cuchilla, Navidad, O'Higgins, Chile",,0.75648501859194,54.21747441349656,-71.731,-34.262
"Directions from Vía Sin Nombre, Paredones, O'Higgins, Chile to La Cuchilla, Navidad, O'Higgins, Chile",,0.75649916072756,35.78252560278788,-71.731,-34.262
"Directions from Vía Sin Nombre, Paredones, O'Higgins, Chile to La Cuchilla, Navidad, O'Higgins, Chile",,0.75652152140733,35.78252559261011,-71.731,-34.262
"Directions from Vía Sin Nombre, Paredones, O'Higgins, Chile to La Cuchilla, Navidad, O'Higgins, Chile",,0.75653566354296,54.21747440331878,-71.731,-34.262
"Directions from Vía Sin Nombre, Paredones, O'Higgins, Chile to La Cuchilla, Navidad, O'Higgins, Chile",,0.75655802422273,54.21747440840768,-71.731,-34.262
"Directions from Vía Sin Nombre, Paredones, O'Higgins, Chile to La Cuchilla, Navidad, O'Higgins, Chile",,0.75658630849398,35.78252559769899,-71.731,-34.262
"Directions from Vía Sin Nombre, Paredones, O'Higgins, Chile to La Cuchilla, Navidad, O'Higgins, Chile",,0.75660866917376,35.78252558243233,-71.731,-34.262
"Directions from Vía Sin Nombre, Paredones, O'Higgins, Chile to La Cuchilla, Navidad, O'Higgins, Chile",,0.75662281130937,54.21747440128324,-71.731,-34.262
"Directions from Vía Sin Nombre, Paredones, O'Higgins, Chile to La Cuchilla, Navidad, O'Higgins, Chile",,0.75664517198915,54.21747442163878,-71.731,-34.262
"Directions from Vía Sin Nombre, Paredones, O'Higgins, Chile to La Cuchilla, Navidad, O'Higgins, Chile",,0.75665931412478,35.78252558650344,-71.731,-34.262
"Directions from Vía Sin Nombre, Paredones, O'Higgins, Chile to La Cuchilla, Navidad, O'Higgins, Chile",,0.75668167480455,35.78252557632567,-71.731,-34.262
"Directions from Vía Sin Nombre, Paredones, O'Higgins, Chile to La Cuchilla, Navidad, O'Higgins, Chile",,0.75670995907580,54.21747441960322,-71.731,-34.262
"Directions from Vía Sin Nombre, Paredones, O'Higgins, Chile to La Cuchilla, Navidad, O'Higgins, Chile",,0.75673231975558,54.21747441451434,-71.731,-34.262
"Directions from Vía Sin Nombre, Paredones, O'Higgins, Chile to La Cuchilla, Navidad, O'Higgins, Chile",,0.75676060402682,40.93494881756171,-71.731,-34.262
"Directions from Vía Sin Nombre, Paredones, O'Higgins, Chile to La Cuchilla, Navidad, O'Higgins, Chile",,0.75691060402683,34.67054496963145,-71.731,-34.262
"Directions from Vía Sin Nombre, Paredones, O'Higgins, Chile to La Cuchilla, Navidad, O'Higgins, Chile",,0.75704098807493,29.05609905865701,-71.731,-34.262
"Directions from Vía Sin Nombre, Paredones, O'Higgins, Chile to La Cuchilla, Navidad, O'Higgins, Chile",,0.75731829656741,19.08490676673088,-71.730,-34.261
"Directions from Vía Sin Nombre, Paredones, O'Higgins, Chile to La Cuchilla, Navidad, O'Higgins, Chile",,0.75759488290113,15.48187826515868,-71.730,-34.261
"Directions from Vía Sin Nombre, Paredones, O'Higgins, Chile to La Cuchilla, Navidad, O'Higgins, Chile",,0.75768975123093,15.48187826228494,-71.730,-34.261
"Directions from Vía Sin Nombre, Paredones, O'Higgins, Chile to La Cuchilla, Navidad, O'Higgins, Chile",,0.75778194667551,19.54692944479109,-71.730,-34.261
"Directions from Vía Sin Nombre, Paredones, O'Higgins, Chile to La Cuchilla, Navidad, O'Higgins, Chile",,0.75780430735528,22.50000000381667,-71.730,-34.261
"Directions from Vía Sin Nombre, Paredones, O'Higgins, Chile to La Cuchilla, Navidad, O'Higgins, Chile",,0.75805728956809,21.60504469661548,-71.730,-34.261
"Directions from Vía Sin Nombre, Paredones, O'Higgins, Chile to La Cuchilla, Navidad, O'Higgins, Chile",,0.75834364598936,26.17858488910444,-71.730,-34.260
"Directions from Vía Sin Nombre, Paredones, O'Higgins, Chile to La Cuchilla, Navidad, O'Higgins, Chile",,0.75909955603692,29.79370620865213,-71.730,-34.260
"Directions from Vía Sin Nombre, Paredones, O'Higgins, Chile to La Cuchilla, Navidad, O'Higgins, Chile",,0.75919389584824,27.98393609182598,-71.730,-34.260
"Directions from Vía Sin Nombre, Paredones, O'Higgins, Chile to La Cuchilla, Navidad, O'Higgins, Chile",,0.75929238442626,27.98393609182599,-71.730,-34.260
"Directions from Vía Sin Nombre, Paredones, O'Higgins, Chile to La Cuchilla, Navidad, O'Higgins, Chile",,0.75938672423758,29.28521719247781,-71.730,-34.260
"Directions from Vía Sin Nombre, Paredones, O'Higgins, Chile to La Cuchilla, Navidad, O'Higgins, Chile",,0.75947616695668,58.28252558752122,-71.730,-34.259
"Directions from Vía Sin Nombre, Paredones, O'Higgins, Chile to La Cuchilla, Navidad, O'Higgins, Chile",,0.75948616695668,56.98124448686940,-71.730,-34.259
"Directions from Vía Sin Nombre, Paredones, O'Higgins, Chile to La Cuchilla, Navidad, O'Higgins, Chile",,0.75958465553470,26.85368513471418,-71.730,-34.259
"Directions from Vía Sin Nombre, Paredones, O'Higgins, Chile to La Cuchilla, Navidad, O'Higgins, Chile",,0.75966527811218,37.37244065802256,-71.729,-34.259
"Directions from Vía Sin Nombre, Paredones, O'Higgins, Chile to La Cuchilla, Navidad, O'Higgins, Chile",,0.75967942024781,35.78252559820789,-71.729,-34.259
"Directions from Vía Sin Nombre, Paredones, O'Higgins, Chile to La Cuchilla, Navidad, O'Higgins, Chile",,0.75985830568601,35.78252558803011,-71.729,-34.259
"Directions from Vía Sin Nombre, Paredones, O'Higgins, Chile to La Cuchilla, Navidad, O'Higgins, Chile",,0.75987244782164,35.78252558853900,-71.729,-34.259
"Directions from Vía Sin Nombre, Paredones, O'Higgins, Chile to La Cuchilla, Navidad, O'Higgins, Chile",,0.75996189054073,29.28521719349560,-71.729,-34.259
"Directions from Vía Sin Nombre, Paredones, O'Higgins, Chile to La Cuchilla, Navidad, O'Higgins, Chile",,0.76005623035205,27.98393609182598,-71.729,-34.259
"Directions from Vía Sin Nombre, Paredones, O'Higgins, Chile to La Cuchilla, Navidad, O'Higgins, Chile",,0.76015471893007,27.98393609068243,-71.729,-34.259
"Directions from Vía Sin Nombre, Paredones, O'Higgins, Chile to La Cuchilla, Navidad, O'Higgins, Chile",,0.76024905874139,27.98393609068242,-71.729,-34.259
"Directions from Vía Sin Nombre, Paredones, O'Higgins, Chile to La Cuchilla, Navidad, O'Higgins, Chile",,0.76034754731941,27.98393609182599,-71.729,-34.259
"Directions from Vía Sin Nombre, Paredones, O'Higgins, Chile to La Cuchilla, Navidad, O'Higgins, Chile",,0.76044188713073,28.60325342700216,-71.729,-34.259
"Directions from Vía Sin Nombre, Paredones, O'Higgins, Chile to La Cuchilla, Navidad, O'Higgins, Chile",,0.76062977007301,28.60325342700217,-71.729,-34.258
"Directions from Vía Sin Nombre, Paredones, O'Higgins, Chile to La Cuchilla, Navidad, O'Higgins, Chile",,0.76072410988433,27.98393609182598,-71.729,-34.258
"Directions from Vía Sin Nombre, Paredones, O'Higgins, Chile to La Cuchilla, Navidad, O'Higgins, Chile",,0.76082259846235,27.98393609068243,-71.729,-34.258
"Directions from Vía Sin Nombre, Paredones, O'Higgins, Chile to La Cuchilla, Navidad, O'Higgins, Chile",,0.76091693827367,30.18721475058472,-71.729,-34.258
"Directions from Vía Sin Nombre, Paredones, O'Higgins, Chile to La Cuchilla, Navidad, O'Higgins, Chile",,0.76148518117948,30.18721475058471,-71.729,-34.258
"Directions from Vía Sin Nombre, Paredones, O'Higgins, Chile to La Cuchilla, Navidad, O'Higgins, Chile",,0.76157952099080,29.95132711950691,-71.729,-34.258
"Directions from Vía Sin Nombre, Paredones, O'Higgins, Chile to La Cuchilla, Navidad, O'Higgins, Chile",,0.76177187483142,29.95132711699105,-71.728,-34.257
"Directions from Vía Sin Nombre, Paredones, O'Higgins, Chile to La Cuchilla, Navidad, O'Higgins, Chile",,0.76186621464273,29.28521719055461,-71.728,-34.257
"Directions from Vía Sin Nombre, Paredones, O'Higgins, Chile to La Cuchilla, Navidad, O'Higgins, Chile",,0.76224634619891,20.30064731603636,-71.728,-34.257
"Directions from Vía Sin Nombre, Paredones, O'Higgins, Chile to La Cuchilla, Navidad, O'Higgins, Chile",,0.76228757725516,17.91882647276250,-71.728,-34.257
"Directions from Vía Sin Nombre, Paredones, O'Higgins, Chile to La Cuchilla, Navidad, O'Higgins, Chile",,0.76234142890324,17.16510860247513,-71.728,-34.257
"Directions from Vía Sin Nombre, Paredones, O'Higgins, Chile to La Cuchilla, Navidad, O'Higgins, Chile",,0.76243362434781,15.48187826659554,-71.728,-34.257
"Directions from Vía Sin Nombre, Paredones, O'Higgins, Chile to La Cuchilla, Navidad, O'Higgins, Chile",,0.76252849267761,15.67117874525842,-71.728,-34.257
"Directions from Vía Sin Nombre, Paredones, O'Higgins, Chile to La Cuchilla, Navidad, O'Higgins, Chile",,0.76302093556770,9.62380020910236,-71.728,-34.256
"Directions from Vía Sin Nombre, Paredones, O'Higgins, Chile to La Cuchilla, Navidad, O'Higgins, Chile",,0.76320204327047,3.17009587394791,-71.728,-34.256
"Directions from Vía Sin Nombre, Paredones, O'Higgins, Chile to La Cuchilla, Navidad, O'Higgins, Chile",,0.76329204327047,9.21747441553212,-71.728,-34.256
"Directions from Vía Sin Nombre, Paredones, O'Higgins, Chile to La Cuchilla, Navidad, O'Higgins, Chile",,0.76332366604707,9.21747441553212,-71.728,-34.256
"Directions from Vía Sin Nombre, Paredones, O'Higgins, Chile to La Cuchilla, Navidad, O'Higgins, Chile",,0.76338366604707,9.21747441553212,-71.728,-34.256
"Directions from Vía Sin Nombre, Paredones, O'Higgins, Chile to La Cuchilla, Navidad, O'Higgins, Chile",,0.76341528882367,9.21747441553212,-71.728,-34.256
"Directions from Vía Sin Nombre, Paredones, O'Higgins, Chile to La Cuchilla, Navidad, O'Higgins, Chile",,0.76350528882367,4.06505117259977,-71.728,-34.256
"Directions from Vía Sin Nombre, Paredones, O'Higgins, Chile to La Cuchilla, Navidad, O'Higgins, Chile",,0.76357599950179,4.06505117259976,-71.728,-34.256
"Directions from Vía Sin Nombre, Paredones, O'Higgins, Chile to La Cuchilla, Navidad, O'Higgins, Chile",,0.76359599950179,4.06505117829932,-71.728,-34.256
"Directions from Vía Sin Nombre, Paredones, O'Higgins, Chile to La Cuchilla, Navidad, O'Higgins, Chile",,0.76366671017991,4.06505117829931,-71.728,-34.256
"Directions from Vía Sin Nombre, Paredones, O'Higgins, Chile to La Cuchilla, Navidad, O'Higgins, Chile",,0.76375671017991,3.17009587394791,-71.728,-34.256
"Directions from Vía Sin Nombre, Paredones, O'Higgins, Chile to La Cuchilla, Navidad, O'Higgins, Chile",,0.76384726403129,3.17009587394791,-71.728,-34.255
"Directions from Vía Sin Nombre, Paredones, O'Higgins, Chile to La Cuchilla, Navidad, O'Higgins, Chile",,0.76393726403129,3.17009587394791,-71.728,-34.255
"Directions from Vía Sin Nombre, Paredones, O'Higgins, Chile to La Cuchilla, Navidad, O'Higgins, Chile",,0.76402781788267,3.17009587394791,-71.728,-34.255
"Directions from Vía Sin Nombre, Paredones, O'Higgins, Chile to La Cuchilla, Navidad, O'Higgins, Chile",,0.76411781788267,2.85529656552518,-71.728,-34.255
"Directions from Vía Sin Nombre, Paredones, O'Higgins, Chile to La Cuchilla, Navidad, O'Higgins, Chile",,0.76421831663889,2.85529656552519,-71.728,-34.255
"Directions from Vía Sin Nombre, Paredones, O'Higgins, Chile to La Cuchilla, Navidad, O'Higgins, Chile",,0.76508831663888,0.93199882805908,-71.728,-34.254
"Directions from Vía Sin Nombre, Paredones, O'Higgins, Chile to La Cuchilla, Navidad, O'Higgins, Chile",,0.76847010610602,6.58696506663499,-71.728,-34.251
"Directions from Vía Sin Nombre, Paredones, O'Higgins, Chile to La Cuchilla, Navidad, O'Higgins, Chile",,0.76852109630115,6.78386823283406,-71.728,-34.251
"Directions from Vía Sin Nombre, Paredones, O'Higgins, Chile to La Cuchilla, Navidad, O'Higgins, Chile",,0.77131326391790,3.72611644895979,-71.728,-34.248
"Directions from Vía Sin Nombre, Paredones, O'Higgins, Chile to La Cuchilla, Navidad, O'Higgins, Chile",,0.77153417113824,7.03754403007819,-71.728,-34.248
"Directions from Vía Sin Nombre, Paredones, O'Higgins, Chile to La Cuchilla, Navidad, O'Higgins, Chile",,0.77185805383306,10.38465859497456,-71.728,-34.247
"Directions from Vía Sin Nombre, Paredones, O'Higgins, Chile to La Cuchilla, Navidad, O'Higgins, Chile",,0.77224638358983,13.20440352887442,-71.728,-34.247
"Directions from Vía Sin Nombre, Paredones, O'Higgins, Chile to La Cuchilla, Navidad, O'Higgins, Chile",,0.77368224570021,11.05739619343879,-71.727,-34.246
"Directions from Vía Sin Nombre, Paredones, O'Higgins, Chile to La Cuchilla, Navidad, O'Higgins, Chile",,0.77428755553822,4.42000381774849,-71.727,-34.245
"Directions from Vía Sin Nombre, Paredones, O'Higgins, Chile to La Cuchilla, Navidad, O'Higgins, Chile",,0.77474766422103,358.67243526271960,-71.727,-34.245
"Directions from Vía Sin Nombre, Paredones, O'Higgins, Chile to La Cuchilla, Navidad, O'Higgins, Chile",,0.77518868576246,353.76518218894944,-71.727,-34.244
"Directions from Vía Sin Nombre, Paredones, O'Higgins, Chile to La Cuchilla, Navidad, O'Higgins, Chile",,0.77592692691547,353.98131442979872,-71.727,-34.243
"Directions from Vía Sin Nombre, Paredones, O'Higgins, Chile to La Cuchilla, Navidad, O'Higgins, Chile",,0.77625753242056,358.26588536998275,-71.727,-34.243
"Directions from Vía Sin Nombre, Paredones, O'Higgins, Chile to La Cuchilla, Navidad, O'Higgins, Chile",,0.77639753242057,2.85529656962316,-71.727,-34.243
"Directions from Vía Sin Nombre, Paredones, O'Higgins, Chile to La Cuchilla, Navidad, O'Higgins, Chile",,0.77669902868920,10.06568313344099,-71.727,-34.243
"Directions from Vía Sin Nombre, Paredones, O'Higgins, Chile to La Cuchilla, Navidad, O'Higgins, Chile",,0.77706041490919,18.11109130278225,-71.727,-34.242
"Directions from Vía Sin Nombre, Paredones, O'Higgins, Chile to La Cuchilla, Navidad, O'Higgins, Chile",,0.77711426655726,18.87340269057804,-71.727,-34.242
"Directions from Vía Sin Nombre, Paredones, O'Higgins, Chile to La Cuchilla, Navidad, O'Higgins, Chile",,0.77740547095283,12.03774912706317,-71.727,-34.242
"Directions from Vía Sin Nombre, Paredones, O'Higgins, Chile to La Cuchilla, Navidad, O'Higgins, Chile",,0.77754689230907,4.06505117544954,-71.727,-34.242
"Directions from Vía Sin Nombre, Paredones, O'Higgins, Chile to La Cuchilla, Navidad, O'Higgins, Chile",,0.77767689230907,355.93494882360051,-71.727,-34.242
"Directions from Vía Sin Nombre, Paredones, O'Higgins, Chile to La Cuchilla, Navidad, O'Higgins, Chile",,0.77788902434343,344.74488129629577,-71.727,-34.241
"Directions from Vía Sin Nombre, Paredones, O'Higgins, Chile to La Cuchilla, Navidad, O'Higgins, Chile",,0.77807287210654,334.93066217366658,-71.727,-34.241
"Directions from Vía Sin Nombre, Paredones, O'Higgins, Chile to La Cuchilla, Navidad, O'Higgins, Chile",,0.77828758121207,328.49045267359105,-71.727,-34.241
"Directions from Vía Sin Nombre, Paredones, O'Higgins, Chile to La Cuchilla, Navidad, O'Higgins, Chile",,0.78021033964724,322.46693742548609,-71.728,-34.240
"Directions from Vía Sin Nombre, Paredones, O'Higgins, Chile to La Cuchilla, Navidad, O'Higgins, Chile",,0.78028844214400,322.46100372898684,-71.728,-34.240
"Directions from Vía Sin Nombre, Paredones, O'Higgins, Chile to La Cuchilla, Navidad, O'Higgins, Chile",,0.78079063732518,327.68491250424165,-71.729,-34.239
"Directions from Vía Sin Nombre, Paredones, O'Higgins, Chile to La Cuchilla, Navidad, O'Higgins, Chile",,0.78097421292268,334.42041848447730,-71.729,-34.239
"Directions from Vía Sin Nombre, Paredones, O'Higgins, Chile to La Cuchilla, Navidad, O'Higgins, Chile",,0.78113576786690,340.42228293800815,-71.729,-34.239
"Directions from Vía Sin Nombre, Paredones, O'Higgins, Chile to La Cuchilla, Navidad, O'Higgins, Chile",,0.78130339841305,346.59182657837272,-71.729,-34.239
"Directions from Vía Sin Nombre, Paredones, O'Higgins, Chile to La Cuchilla, Navidad, O'Higgins, Chile",,0.78148588128895,352.81929267018984,-71.729,-34.238
"Directions from Vía Sin Nombre, Paredones, O'Higgins, Chile to La Cuchilla, Navidad, O'Higgins, Chile",,0.78183716465036,357.55045377346897,-71.729,-34.238
"Directions from Vía Sin Nombre, Paredones, O'Higgins, Chile to La Cuchilla, Navidad, O'Higgins, Chile",,0.78195716465036,357.95719160994025,-71.729,-34.238
"Directions from Vía Sin Nombre, Paredones, O'Higgins, Chile to La Cuchilla, Navidad, O'Higgins, Chile",,0.78336073153512,356.76421959437533,-71.729,-34.237
"Directions from Vía Sin Nombre, Paredones, O'Higgins, Chile to La Cuchilla, Navidad, O'Higgins, Chile",,0.78384114802110,2.36953616013869,-71.729,-34.236
"Directions from Vía Sin Nombre, Paredones, O'Higgins, Chile to La Cuchilla, Navidad, O'Higgins, Chile",,0.78392177059858,3.56250817570356,-71.729,-34.236
"Directions from Vía Sin Nombre, Paredones, O'Higgins, Chile to La Cuchilla, Navidad, O'Higgins, Chile",,0.78402177059858,2.38182084620538,-71.729,-34.236
"Directions from Vía Sin Nombre, Paredones, O'Higgins, Chile to La Cuchilla, Navidad, O'Higgins, Chile",,0.78414218654437,8.32614986569541,-71.729,-34.236
"Directions from Vía Sin Nombre, Paredones, O'Higgins, Chile to La Cuchilla, Navidad, O'Higgins, Chile",,0.78433635142276,14.94640982237767,-71.729,-34.236
"Directions from Vía Sin Nombre, Paredones, O'Higgins, Chile to La Cuchilla, Navidad, O'Higgins, Chile",,0.78475694623965,22.10018046452276,-71.729,-34.235
"Directions from Vía Sin Nombre, Paredones, O'Higgins, Chile to La Cuchilla, Navidad, O'Higgins, Chile",,0.78684100478010,27.97054030947991,-71.728,-34.233
"Directions from Vía Sin Nombre, Paredones, O'Higgins, Chile to La Cuchilla, Navidad, O'Higgins, Chile",,0.78692162735758,27.80561904452882,-71.728,-34.233
"Directions from Vía Sin Nombre, Paredones, O'Higgins, Chile to La Cuchilla, Navidad, O'Higgins, Chile",,0.78728836977400,27.61205516801927,-71.728,-34.233
"Directions from Vía Sin Nombre, Paredones, O'Higgins, Chile to La Cuchilla, Navidad, O'Higgins, Chile",,0.78747194537150,14.67887677133523,-71.728,-34.233
"Directions from Vía Sin Nombre, Paredones, O'Higgins, Chile to La Cuchilla, Navidad, O'Higgins, Chile",,0.78749194537150,13.28252558853900,-71.728,-34.233
"Directions from Vía Sin Nombre, Paredones, O'Higgins, Chile to La Cuchilla, Navidad, O'Higgins, Chile",,0.78820748712431,13.28252558853900,-71.727,-34.232
"Directions from Vía Sin Nombre, Paredones, O'Higgins, Chile to La Cuchilla, Navidad, O'Higgins, Chile",,0.78821748712430,13.28252558821331,-71.727,-34.232
"Directions from Vía Sin Nombre, Paredones, O'Higgins, Chile to La Cuchilla, Navidad, O'Higgins, Chile",,0.78877650411868,27.96140235954854,-71.727,-34.232
"Directions from Vía Sin Nombre, Paredones, O'Higgins, Chile to La Cuchilla, Navidad, O'Higgins, Chile",,0.78896007971619,27.66607375273837,-71.727,-34.231
"Directions from Vía Sin Nombre, Paredones, O'Higgins, Chile to La Cuchilla, Navidad, O'Higgins, Chile",,0.79026154043400,27.85963763050057,-71.726,-34.230
"Directions from Vía Sin Nombre, Paredones, O'Higgins, Chile to La Cuchilla, Navidad, O'Higgins, Chile",,0.79034216301148,27.77045389595322,-71.726,-34.230
"Directions from Vía Sin Nombre, Paredones, O'Higgins, Chile to La Cuchilla, Navidad, O'Higgins, Chile",,0.79100857129474,35.39801325703356,-71.726,-34.230
"Directions from Vía Sin Nombre, Paredones, O'Higgins, Chile to La Cuchilla, Navidad, O'Higgins, Chile",,0.79102271343036,35.39801325771652,-71.726,-34.230
"Directions from Vía Sin Nombre, Paredones, O'Higgins, Chile to La Cuchilla, Navidad, O'Higgins, Chile",,0.79168912171363,28.37989151118073,-71.726,-34.229
"Directions from Vía Sin Nombre, Paredones, O'Higgins, Chile to La Cuchilla, Navidad, O'Higgins, Chile",,0.79174743123258,28.62140392620429,-71.726,-34.229
"Directions from Vía Sin Nombre, Paredones, O'Higgins, Chile to La Cuchilla, Navidad, O'Higgins, Chile",,0.79443521842653,20.15764739892027,-71.725,-34.227
"Directions from Vía Sin Nombre, Paredones, O'Higgins, Chile to La Cuchilla, Navidad, O'Higgins, Chile",,0.79447644948279,19.78297073170576,-71.725,-34.226
"Directions from Vía Sin Nombre, Paredones, O'Higgins, Chile to La Cuchilla, Navidad, O'Higgins, Chile",,0.79521894527402,23.95491652060487,-71.724,-34.226
"Directions from Vía Sin Nombre, Paredones, O'Higgins, Chile to La Cuchilla, Navidad, O'Higgins, Chile",,0.79540279303713,24.47259311532277,-71.724,-34.226
"Directions from Vía Sin Nombre, Paredones, O'Higgins, Chile to La Cuchilla, Navidad, O'Higgins, Chile",,0.79558167847533,24.59245806131560,-71.724,-34.225
"Directions from Vía Sin Nombre, Paredones, O'Higgins, Chile to La Cuchilla, Navidad, O'Higgins, Chile",,0.79571167847533,24.80004783057512,-71.724,-34.225
"Directions from Vía Sin Nombre, Paredones, O'Higgins, Chile to La Cuchilla, Navidad, O'Higgins, Chile",,0.79632884944030,22.70758977282176,-71.724,-34.225
"Directions from Vía Sin Nombre, Paredones, O'Higgins, Chile to La Cuchilla, Navidad, O'Higgins, Chile",,0.79636047221690,26.06250817641528,-71.724,-34.225
"Directions from Vía Sin Nombre, Paredones, O'Higgins, Chile to La Cuchilla, Navidad, O'Higgins, Chile",,0.79794691477810,35.05741744299797,-71.723,-34.223
"Directions from Vía Sin Nombre, Paredones, O'Higgins, Chile to La Cuchilla, Navidad, O'Higgins, Chile",,0.79974896916130,35.05741744463496,-71.722,-34.222
"Directions from Vía Sin Nombre, Paredones, O'Higgins, Chile to La Cuchilla, Navidad, O'Higgins, Chile",,0.79989319121233,35.36627115112484,-71.722,-34.222
"Directions from Vía Sin Nombre, Paredones, O'Higgins, Chile to La Cuchilla, Navidad, O'Higgins, Chile",,0.80055719422437,34.23602019389691,-71.721,-34.221
"Directions from Vía Sin Nombre, Paredones, O'Higgins, Chile to La Cuchilla, Navidad, O'Higgins, Chile",,0.80097909468656,27.93676019795430,-71.721,-34.221
"Directions from Vía Sin Nombre, Paredones, O'Higgins, Chile to La Cuchilla, Navidad, O'Higgins, Chile",,0.80122075560603,19.24009911740547,-71.721,-34.221
"Directions from Vía Sin Nombre, Paredones, O'Higgins, Chile to La Cuchilla, Navidad, O'Higgins, Chile",,0.80126198666228,19.52656846672042,-71.721,-34.221
"Directions from Vía Sin Nombre, Paredones, O'Higgins, Chile to La Cuchilla, Navidad, O'Higgins, Chile",,0.80142751611586,21.05981122424761,-71.721,-34.221
"Directions from Vía Sin Nombre, Paredones, O'Higgins, Chile to La Cuchilla, Navidad, O'Higgins, Chile",,0.80183556023112,15.60889181906621,-71.721,-34.220
"Directions from Vía Sin Nombre, Paredones, O'Higgins, Chile to La Cuchilla, Navidad, O'Higgins, Chile",,0.80359879589320,10.77323131974099,-71.720,-34.219
"Directions from Vía Sin Nombre, Paredones, O'Higgins, Chile to La Cuchilla, Navidad, O'Higgins, Chile",,0.80383074416329,3.71570398498087,-71.720,-34.218
"Directions from Vía Sin Nombre, Paredones, O'Higgins, Chile to La Cuchilla, Navidad, O'Higgins, Chile",,0.80388074416329,354.84757676398851,-71.720,-34.218
"Directions from Vía Sin Nombre, Paredones, O'Higgins, Chile to La Cuchilla, Navidad, O'Higgins, Chile",,0.80399254756216,343.94687202268443,-71.720,-34.218
"Directions from Vía Sin Nombre, Paredones, O'Higgins, Chile to La Cuchilla, Navidad, O'Higgins, Chile",,0.80415410250638,328.79864793523569,-71.720,-34.218
"Directions from Vía Sin Nombre, Paredones, O'Higgins, Chile to La Cuchilla, Navidad, O'Higgins, Chile",,0.80424629795096,315.51612234426341,-71.721,-34.218
"Directions from Vía Sin Nombre, Paredones, O'Higgins, Chile to La Cuchilla, Navidad, O'Higgins, Chile",,0.80436671389674,308.22901424617606,-71.721,-34.218
"Directions from Vía Sin Nombre, Paredones, O'Higgins, Chile to La Cuchilla, Navidad, O'Higgins, Chile",,0.80464689241127,287.41224457845249,-71.721,-34.218
"Directions from Vía Sin Nombre, Paredones, O'Higgins, Chile to La Cuchilla, Navidad, O'Higgins, Chile",,0.80465689241127,286.45262146164293,-71.721,-34.218
"Directions from Vía Sin Nombre, Paredones, O'Higgins, Chile to La Cuchilla, Navidad, O'Higgins, Chile",,0.80485937697858,298.05191672022181,-71.721,-34.218
"Directions from Vía Sin Nombre, Paredones, O'Higgins, Chile to La Cuchilla, Navidad, O'Higgins, Chile",,0.80493553470963,296.61997722150141,-71.721,-34.218
"Directions from Vía Sin Nombre, Paredones, O'Higgins, Chile to La Cuchilla, Navidad, O'Higgins, Chile",,0.80589433604464,303.45563078665879,-71.722,-34.217
"Directions from Vía Sin Nombre, Paredones, O'Higgins, Chile to La Cuchilla, Navidad, O'Higgins, Chile",,0.80609433604464,288.43494882373625,-71.722,-34.217
"Directions from Vía Sin Nombre, Paredones, O'Higgins, Chile to La Cuchilla, Navidad, O'Higgins, Chile",,0.80610433604464,290.93893476915684,-71.722,-34.217
"Directions from Vía Sin Nombre, Paredones, O'Higgins, Chile to La Cuchilla, Navidad, O'Higgins, Chile",,0.80649382288651,313.95974810732326,-71.722,-34.217
"Directions from Vía Sin Nombre, Paredones, O'Higgins, Chile to La Cuchilla, Navidad, O'Higgins, Chile",,0.80688279589329,317.61327140038833,-71.723,-34.216
"Directions from Vía Sin Nombre, Paredones, O'Higgins, Chile to La Cuchilla, Navidad, O'Higgins, Chile",,0.80746417356745,339.59245806222197,-71.723,-34.216
"Directions from Vía Sin Nombre, Paredones, O'Higgins, Chile to La Cuchilla, Navidad, O'Higgins, Chile",,0.80747417356745,340.20347468526990,-71.723,-34.216
"Directions from Vía Sin Nombre, Paredones, O'Higgins, Chile to La Cuchilla, Navidad, O'Higgins, Chile",,0.80920012258175,317.70347468187737,-71.724,-34.215
"Directions from Vía Sin Nombre, Paredones, O'Higgins, Chile to La Cuchilla, Navidad, O'Higgins, Chile",,0.80924254898863,318.17009586956237,-71.724,-34.215
"Directions from Vía Sin Nombre, Paredones, O'Higgins, Chile to La Cuchilla, Navidad, O'Higgins, Chile",,0.80994689265475,327.38757028034485,-71.725,-34.214
"Directions from Vía Sin Nombre, Paredones, O'Higgins, Chile to La Cuchilla, Navidad, O'Higgins, Chile",,0.80996925333452,327.38757028100679,-71.725,-34.214
"Directions from Vía Sin Nombre, Paredones, O'Higgins, Chile to La Cuchilla, Navidad, O'Higgins, Chile",,0.81035344078876,322.90125697735465,-71.725,-34.214
"Directions from Vía Sin Nombre, Paredones, O'Higgins, Chile to La Cuchilla, Navidad, O'Higgins, Chile",,0.81052548729411,319.73116109355993,-71.725,-34.214
"Directions from Vía Sin Nombre, Paredones, O'Higgins, Chile to La Cuchilla, Navidad, O'Higgins, Chile",,0.81053962942973,320.24573849701392,-71.725,-34.214
"Directions from Vía Sin Nombre, Paredones, O'Higgins, Chile to La Cuchilla, Navidad, O'Higgins, Chile",,0.81073379430812,297.74573850719167,-71.725,-34.213
"Directions from Vía Sin Nombre, Paredones, O'Higgins, Chile to La Cuchilla, Navidad, O'Higgins, Chile",,0.81074379430812,298.15496623701011,-71.725,-34.213
"Directions from Vía Sin Nombre, Paredones, O'Higgins, Chile to La Cuchilla, Navidad, O'Higgins, Chile",,0.81106829392291,329.87244064440000,-71.725,-34.213
"Directions from Vía Sin Nombre, Paredones, O'Higgins, Chile to La Cuchilla, Navidad, O'Higgins, Chile",,0.81111301528246,330.08003041533368,-71.725,-34.213
"Directions from Vía Sin Nombre, Paredones, O'Higgins, Chile to La Cuchilla, Navidad, O'Higgins, Chile",,0.81149576846664,325.40769446862487,-71.726,-34.213
"Directions from Vía Sin Nombre, Paredones, O'Higgins, Chile to La Cuchilla, Navidad, O'Higgins, Chile",,0.81185381874244,328.76261286807090,-71.726,-34.212
"Directions from Vía Sin Nombre, Paredones, O'Higgins, Chile to La Cuchilla, Navidad, O'Higgins, Chile",,0.81187617942222,326.59929525177034,-71.726,-34.212
"Directions from Vía Sin Nombre, Paredones, O'Higgins, Chile to La Cuchilla, Navidad, O'Higgins, Chile",,0.81204647328588,308.16434644106158,-71.726,-34.212
"Directions from Vía Sin Nombre, Paredones, O'Higgins, Chile to La Cuchilla, Navidad, O'Higgins, Chile",,0.81206883396565,307.34359082787324,-71.726,-34.212
"Directions from Vía Sin Nombre, Paredones, O'Higgins, Chile to La Cuchilla, Navidad, O'Higgins, Chile",,0.81245832080753,316.56106523119200,-71.726,-34.212
"Directions from Vía Sin Nombre, Paredones, O'Higgins, Chile to La Cuchilla, Navidad, O'Higgins, Chile",,0.81265631070626,312.95719160984038,-71.726,-34.212
"Directions from Vía Sin Nombre, Paredones, O'Higgins, Chile to La Cuchilla, Navidad, O'Higgins, Chile",,0.81325179370350,308.89214043167675,-71.727,-34.211
"Directions from Vía Sin Nombre, Paredones, O'Higgins, Chile to La Cuchilla, Navidad, O'Higgins, Chile",,0.81340179370351,310.93494882183637,-71.727,-34.211
"Directions from Vía Sin Nombre, Paredones, O'Higgins, Chile to La Cuchilla, Navidad, O'Higgins, Chile",,0.81345836224600,312.65254286041790,-71.727,-34.211
"Directions from Vía Sin Nombre, Paredones, O'Higgins, Chile to La Cuchilla, Navidad, O'Higgins, Chile",,0.81492700107158,307.64855296133658,-71.728,-34.210
"Directions from Vía Sin Nombre, Paredones, O'Higgins, Chile to La Cuchilla, Navidad, O'Higgins, Chile",,0.81504906662773,307.39879564538285,-71.728,-34.210
"Directions from Vía Sin Nombre, Paredones, O'Higgins, Chile to La Cuchilla, Navidad, O'Higgins, Chile",,0.81520527162125,303.18531113707422,-71.728,-34.210
"Directions from Vía Sin Nombre, Paredones, O'Higgins, Chile to La Cuchilla, Navidad, O'Higgins, Chile",,0.81524999298081,299.73514705425299,-71.728,-34.210
"Directions from Vía Sin Nombre, Paredones, O'Higgins, Chile to La Cuchilla, Navidad, O'Higgins, Chile",,0.81545247754812,299.12570943243202,-71.728,-34.210
"Directions from Vía Sin Nombre, Paredones, O'Higgins, Chile to La Cuchilla, Navidad, O'Higgins, Chile",,0.81587295346896,305.17308798096695,-71.729,-34.210
"Directions from Vía Sin Nombre, Paredones, O'Higgins, Chile to La Cuchilla, Navidad, O'Higgins, Chile",,0.81588709560457,301.86289393275638,-71.729,-34.210
"Directions from Vía Sin Nombre, Paredones, O'Higgins, Chile to La Cuchilla, Navidad, O'Higgins, Chile",,0.81651007232966,292.64541951111755,-71.729,-34.210
"Directions from Vía Sin Nombre, Paredones, O'Higgins, Chile to La Cuchilla, Navidad, O'Higgins, Chile",,0.81653243300944,292.26709545853680,-71.729,-34.210
"Directions from Vía Sin Nombre, Paredones, O'Higgins, Chile to La Cuchilla, Navidad, O'Higgins, Chile",,0.81692140601620,278.98456986999781,-71.730,-34.210
"Directions from Vía Sin Nombre, Paredones, O'Higgins, Chile to La Cuchilla, Navidad, O'Higgins, Chile",,0.81693140601621,278.86381472722854,-71.730,-34.210
"Directions from Vía Sin Nombre, Paredones, O'Higgins, Chile to La Cuchilla, Navidad, O'Higgins, Chile",,0.81821222606602,290.01691725485421,-71.731,-34.209
"Directions from Vía Sin Nombre, Paredones, O'Higgins, Chile to La Cuchilla, Navidad, O'Higgins, Chile",,0.81863377084419,293.82619049841480,-71.731,-34.209
"Directions from Vía Sin Nombre, Paredones, O'Higgins, Chile to La Cuchilla, Navidad, O'Higgins, Chile",,0.81905424676503,291.89056238326793,-71.732,-34.209
"Directions from Vía Sin Nombre, Paredones, O'Higgins, Chile to La Cuchilla, Navidad, O'Higgins, Chile",,0.81911749231822,293.64530502237608,-71.732,-34.209
"Directions from Vía Sin Nombre, Paredones, O'Higgins, Chile to La Cuchilla, Navidad, O'Higgins, Chile",,0.81967695634745,300.88045207044786,-71.732,-34.209
"Directions from Vía Sin Nombre, Paredones, O'Higgins, Chile to La Cuchilla, Navidad, O'Higgins, Chile",,0.81987944091477,300.97992350960914,-71.733,-34.208
"Directions from Vía Sin Nombre, Paredones, O'Higgins, Chile to La Cuchilla, Navidad, O'Higgins, Chile",,0.82008535351759,301.37233581214048,-71.733,-34.208
"Directions from Vía Sin Nombre, Paredones, O'Higgins, Chile to La Cuchilla, Navidad, O'Higgins, Chile",,0.82131124095125,286.84503376308197,-71.734,-34.208
"Directions from Vía Sin Nombre, Paredones, O'Higgins, Chile to La Cuchilla, Navidad, O'Higgins, Chile",,0.82132124095125,288.12691886948716,-71.734,-34.208
"Directions from Vía Sin Nombre, Paredones, O'Higgins, Chile to La Cuchilla, Navidad, O'Higgins, Chile",,0.82150725170362,303.60879713462589,-71.734,-34.208
"Directions from Vía Sin Nombre, Paredones, O'Higgins, Chile to La Cuchilla, Navidad, O'Higgins, Chile",,0.82162387074152,305.78252559003573,-71.734,-34.208
"Directions from Vía Sin Nombre, Paredones, O'Higgins, Chile to La Cuchilla, Navidad, O'Higgins, Chile",,0.82171606618609,308.73559614761541,-71.734,-34.207
"Directions from Vía Sin Nombre, Paredones, O'Higgins, Chile to La Cuchilla, Navidad, O'Higgins, Chile",,0.82211606618609,308.89214043211109,-71.734,-34.207
"Directions from Vía Sin Nombre, Paredones, O'Higgins, Chile to La Cuchilla, Navidad, O'Higgins, Chile",,0.82231456051850,307.95320170839869,-71.735,-34.207
"Directions from Vía Sin Nombre, Paredones, O'Higgins, Chile to La Cuchilla, Navidad, O'Higgins, Chile",,0.82243662607466,308.77768597564699,-71.735,-34.207
"Directions from Vía Sin Nombre, Paredones, O'Higgins, Chile to La Cuchilla, Navidad, O'Higgins, Chile",,0.82310190796980,291.28167587664092,-71.735,-34.207
"Directions from Vía Sin Nombre, Paredones, O'Higgins, Chile to La Cuchilla, Navidad, O'Higgins, Chile",,0.82311190796981,292.50000000145400,-71.735,-34.207
"Directions from Vía Sin Nombre, Paredones, O'Higgins, Chile to La Cuchilla, Navidad, O'Higgins, Chile",,0.82330989786853,312.95719161084656,-71.735,-34.206
"Directions from Vía Sin Nombre, Paredones, O'Higgins, Chile to La Cuchilla, Navidad, O'Higgins, Chile",,0.82350839220095,313.47800494719576,-71.735,-34.206
"Directions from Vía Sin Nombre, Paredones, O'Higgins, Chile to La Cuchilla, Navidad, O'Higgins, Chile",,0.82389736520772,318.69090921175109,-71.736,-34.206
"Directions from Vía Sin Nombre, Paredones, O'Higgins, Chile to La Cuchilla, Navidad, O'Higgins, Chile",,0.82408945893484,324.66740426899128,-71.736,-34.206
"Directions from Vía Sin Nombre, Paredones, O'Higgins, Chile to La Cuchilla, Navidad, O'Higgins, Chile",,0.82418379874616,336.97918665868536,-71.736,-34.206
"Directions from Vía Sin Nombre, Paredones, O'Higgins, Chile to La Cuchilla, Navidad, O'Higgins, Chile",,0.82422502980242,336.13684449752049,-71.736,-34.206
"Directions from Vía Sin Nombre, Paredones, O'Higgins, Chile to La Cuchilla, Navidad, O'Higgins, Chile",,0.82426108531518,337.49999999921710,-71.736,-34.206
"Directions from Vía Sin Nombre, Paredones, O'Higgins, Chile to La Cuchilla, Navidad, O'Higgins, Chile",,0.82436306570545,315.60943761967491,-71.736,-34.206
"Directions from Vía Sin Nombre, Paredones, O'Higgins, Chile to La Cuchilla, Navidad, O'Higgins, Chile",,0.82445526115003,288.48638124273202,-71.736,-34.206
"Directions from Vía Sin Nombre, Paredones, O'Higgins, Chile to La Cuchilla, Navidad, O'Higgins, Chile",,0.82457609160977,299.06701115764895,-71.736,-34.206
"Directions from Vía Sin Nombre, Paredones, O'Higgins, Chile to La Cuchilla, Navidad, O'Higgins, Chile",,0.82461214712252,310.85142752078247,-71.736,-34.206
"Directions from Vía Sin Nombre, Paredones, O'Higgins, Chile to La Cuchilla, Navidad, O'Higgins, Chile",,0.82474668336299,314.43408188092616,-71.736,-34.205
"Directions from Vía Sin Nombre, Paredones, O'Higgins, Chile to La Cuchilla, Navidad, O'Higgins, Chile",,0.82523586635534,307.53553919570459,-71.737,-34.205
"Directions from Vía Sin Nombre, Paredones, O'Higgins, Chile to La Cuchilla, Navidad, O'Higgins, Chile",,0.82553819068449,299.83952359784564,-71.737,-34.205
"Directions from Vía Sin Nombre, Paredones, O'Higgins, Chile to La Cuchilla, Navidad, O'Higgins, Chile",,0.82577078475148,292.89324094600096,-71.737,-34.205
"Directions from Vía Sin Nombre, Paredones, O'Higgins, Chile to La Cuchilla, Navidad, O'Higgins, Chile",,0.82605870835245,287.42879595481168,-71.737,-34.205
"Directions from Vía Sin Nombre, Paredones, O'Higgins, Chile to La Cuchilla, Navidad, O'Higgins, Chile",,0.82633763486607,286.03001172717580,-71.738,-34.205
"Directions from Vía Sin Nombre, Paredones, O'Higgins, Chile to La Cuchilla, Navidad, O'Higgins, Chile",,0.82753312639679,289.79673396821750,-71.739,-34.204
"Directions from Vía Sin Nombre, Paredones, O'Higgins, Chile to La Cuchilla, Navidad, O'Higgins, Chile",,0.82833162498789,297.87898353968268,-71.739,-34.204
"Directions from Vía Sin Nombre, Paredones, O'Higgins, Chile to La Cuchilla, Navidad, O'Higgins, Chile",,0.82836768050066,296.20090269569039,-71.739,-34.204
"Directions from Vía Sin Nombre, Paredones, O'Higgins, Chile to La Cuchilla, Navidad, O'Higgins, Chile",,0.82902227961461,290.83775546733011,-71.740,-34.204
"Directions from Vía Sin Nombre, Paredones, O'Higgins, Chile to La Cuchilla, Navidad, O'Higgins, Chile",,0.82966306038836,295.63226441321552,-71.741,-34.204
"Directions from Vía Sin Nombre, Paredones, O'Higgins, Chile to La Cuchilla, Navidad, O'Higgins, Chile",,0.82981070861896,295.74967314186222,-71.741,-34.203
"Directions from Vía Sin Nombre, Paredones, O'Higgins, Chile to La Cuchilla, Navidad, O'Higgins, Chile",,0.82988686635002,300.03424408041525,-71.741,-34.203
"Directions from Vía Sin Nombre, Paredones, O'Higgins, Chile to La Cuchilla, Navidad, O'Higgins, Chile",,0.83003686635002,313.38449504899421,-71.741,-34.203
"Directions from Vía Sin Nombre, Paredones, O'Higgins, Chile to La Cuchilla, Navidad, O'Higgins, Chile",,0.83028526119698,323.10451246416795,-71.741,-34.203
"Directions from Vía Sin Nombre, Paredones, O'Higgins, Chile to La Cuchilla, Navidad, O'Higgins, Chile",,0.83086214940106,327.08634174649166,-71.742,-34.203
"Directions from Vía Sin Nombre, Paredones, O'Higgins, Chile to La Cuchilla, Navidad, O'Higgins, Chile",,0.83362557119297,326.45854330950249,-71.743,-34.200
"Directions from Vía Sin Nombre, Paredones, O'Higgins, Chile to La Cuchilla, Navidad, O'Higgins, Chile",,0.83463814217813,325.81887710231024,-71.744,-34.199
"Directions from Vía Sin Nombre, Paredones, O'Higgins, Chile to La Cuchilla, Navidad, O'Higgins, Chile",,0.83580025232782,323.96180517623714,-71.744,-34.199
"Directions from Vía Sin Nombre, Paredones, O'Higgins, Chile to La Cuchilla, Navidad, O'Higgins, Chile",,0.83586428357020,323.82506211095802,-71.744,-34.198
"Directions from Vía Sin Nombre, Paredones, O'Higgins, Chile to La Cuchilla, Navidad, O'Higgins, Chile",,0.83723439305487,327.25793022786752,-71.745,-34.197
"Directions from Vía Sin Nombre, Paredones, O'Higgins, Chile to La Cuchilla, Navidad, O'Higgins, Chile",,0.83924628271387,326.33412509494877,-71.746,-34.196
"Directions from Vía Sin Nombre, Paredones, O'Higgins, Chile to La Cuchilla, Navidad, O'Higgins, Chile",,0.83984844548256,333.01368669059480,-71.746,-34.195
"Directions from Vía Sin Nombre, Paredones, O'Higgins, Chile to La Cuchilla, Navidad, O'Higgins, Chile",,0.83988006825917,330.87974003936978,-71.746,-34.195
"Directions from Vía Sin Nombre, Paredones, O'Higgins, Chile to La Cuchilla, Navidad, O'Higgins, Chile",,0.83995817075592,322.15614582999405,-71.746,-34.195
"Directions from Vía Sin Nombre, Paredones, O'Higgins, Chile to La Cuchilla, Navidad, O'Higgins, Chile",,0.84053825695641,328.17966107642110,-71.747,-34.195
"Directions from Vía Sin Nombre, Paredones, O'Higgins, Chile to La Cuchilla, Navidad, O'Higgins, Chile",,0.84075296606195,334.30604083378137,-71.747,-34.194
"Directions from Vía Sin Nombre, Paredones, O'Higgins, Chile to La Cuchilla, Navidad, O'Higgins, Chile",,0.84145153602981,339.06238387086302,-71.747,-34.194
"Directions from Vía Sin Nombre, Paredones, O'Higgins, Chile to La Cuchilla, Navidad, O'Higgins, Chile",,0.84240971137911,343.64192568658029,-71.747,-34.193
"Directions from Vía Sin Nombre, Paredones, O'Higgins, Chile to La Cuchilla, Navidad, O'Higgins, Chile",,0.84272986759098,343.17534893709404,-71.748,-34.193
"Directions from Vía Sin Nombre, Paredones, O'Higgins, Chile to La Cuchilla, Navidad, O'Higgins, Chile",,0.84346041533070,341.99979104197922,-71.748,-34.192
"Directions from Vía Sin Nombre, Paredones, O'Higgins, Chile to La Cuchilla, Navidad, O'Higgins, Chile",,0.84390963687960,329.08929504491277,-71.748,-34.191
"Directions from Vía Sin Nombre, Paredones, O'Higgins, Chile to La Cuchilla, Navidad, O'Higgins, Chile",,0.84392377901523,331.23559613333060,-71.748,-34.191
"Directions from Vía Sin Nombre, Paredones, O'Higgins, Chile to La Cuchilla, Navidad, O'Higgins, Chile",,0.84401597445980,345.42011929059532,-71.748,-34.191
"Directions from Vía Sin Nombre, Paredones, O'Higgins, Chile to La Cuchilla, Navidad, O'Higgins, Chile",,0.84481959128391,346.95336204142365,-71.748,-34.191
"Directions from Vía Sin Nombre, Paredones, O'Higgins, Chile to La Cuchilla, Navidad, O'Higgins, Chile",,0.84488041890921,346.37084443247284,-71.748,-34.190
"Directions from Vía Sin Nombre, Paredones, O'Higgins, Chile to La Cuchilla, Navidad, O'Higgins, Chile",,0.84573112449871,339.65672970984127,-71.748,-34.190
"Directions from Vía Sin Nombre, Paredones, O'Higgins, Chile to La Cuchilla, Navidad, O'Higgins, Chile",,0.84621959148839,338.72781214237921,-71.749,-34.189
"Directions from Vía Sin Nombre, Paredones, O'Higgins, Chile to La Cuchilla, Navidad, O'Higgins, Chile",,0.84681423423828,341.62172348636784,-71.749,-34.189
"Directions from Vía Sin Nombre, Paredones, O'Higgins, Chile to La Cuchilla, Navidad, O'Higgins, Chile",,0.84708626364845,341.02140649638841,-71.749,-34.188
"Directions from Vía Sin Nombre, Paredones, O'Higgins, Chile to La Cuchilla, Navidad, O'Higgins, Chile",,0.84731098569900,335.26754114667466,-71.749,-34.188
"Directions from Vía Sin Nombre, Paredones, O'Higgins, Chile to La Cuchilla, Navidad, O'Higgins, Chile",,0.84743628533986,334.79406542701571,-71.749,-34.188
"Directions from Vía Sin Nombre, Paredones, O'Higgins, Chile to La Cuchilla, Navidad, O'Higgins, Chile",,0.84749013698793,332.25426149178242,-71.749,-34.188
"Directions from Vía Sin Nombre, Paredones, O'Higgins, Chile to La Cuchilla, Navidad, O'Higgins, Chile",,0.84752619250068,329.87244064831458,-71.749,-34.188
"Directions from Vía Sin Nombre, Paredones, O'Higgins, Chile to La Cuchilla, Navidad, O'Higgins, Chile",,0.84757091386024,327.77998259045273,-71.749,-34.188
"Directions from Vía Sin Nombre, Paredones, O'Higgins, Chile to La Cuchilla, Navidad, O'Higgins, Chile",,0.84768493140275,318.56250817433903,-71.749,-34.188
"Directions from Vía Sin Nombre, Paredones, O'Higgins, Chile to La Cuchilla, Navidad, O'Higgins, Chile",,0.84778392635211,305.17308797180556,-71.749,-34.188
"Directions from Vía Sin Nombre, Paredones, O'Higgins, Chile to La Cuchilla, Navidad, O'Higgins, Chile",,0.84820440227295,292.26259198337709,-71.750,-34.188
"Directions from Vía Sin Nombre, Paredones, O'Higgins, Chile to La Cuchilla, Navidad, O'Higgins, Chile",,0.84917846592589,290.30680607767641,-71.751,-34.187
"Directions from Vía Sin Nombre, Paredones, O'Higgins, Chile to La Cuchilla, Navidad, O'Higgins, Chile",,0.85062877623752,289.06692418202124,-71.752,-34.187
"Directions from Vía Sin Nombre, Paredones, O'Higgins, Chile to La Cuchilla, Navidad, O'Higgins, Chile",,0.85073317930261,288.91471840126547,-71.752,-34.187
"Directions from Vía Sin Nombre, Paredones, O'Higgins, Chile to La Cuchilla, Navidad, O'Higgins, Chile",,0.85295239087432,309.77921100807566,-71.754,-34.186
"Directions from Vía Sin Nombre, Paredones, O'Higgins, Chile to La Cuchilla, Navidad, O'Higgins, Chile",,0.85505336683801,329.10845353118998,-71.755,-34.184
"Directions from Vía Sin Nombre, Paredones, O'Higgins, Chile to La Cuchilla, Navidad, O'Higgins, Chile",,0.85596753312485,325.56443468095739,-71.756,-34.183
"Directions from Vía Sin Nombre, Paredones, O'Higgins, Chile to La Cuchilla, Navidad, O'Higgins, Chile",,0.85603156436723,325.27373344274537,-71.756,-34.183
"Directions from Vía Sin Nombre, Paredones, O'Higgins, Chile to La Cuchilla, Navidad, O'Higgins, Chile",,0.86579845230556,327.82047820153059,-71.761,-34.175
"Directions from Vía Sin Nombre, Paredones, O'Higgins, Chile to La Cuchilla, Navidad, O'Higgins, Chile",,0.86708258625496,329.93431504215852,-71.761,-34.174
"Directions from Vía Sin Nombre, Paredones, O'Higgins, Chile to La Cuchilla, Navidad, O'Higgins, Chile",,0.86712730761451,331.03893179726464,-71.761,-34.174
"Directions from Vía Sin Nombre, Paredones, O'Higgins, Chile to La Cuchilla, Navidad, O'Higgins, Chile",,0.86862624056832,326.97388062490910,-71.762,-34.173
"Directions from Vía Sin Nombre, Paredones, O'Higgins, Chile to La Cuchilla, Navidad, O'Higgins, Chile",,0.86878435445132,326.80170840150134,-71.762,-34.172
"Directions from Vía Sin Nombre, Paredones, O'Higgins, Chile to La Cuchilla, Navidad, O'Higgins, Chile",,0.86918397927538,331.21610676798952,-71.763,-34.172
"Directions from Vía Sin Nombre, Paredones, O'Higgins, Chile to La Cuchilla, Navidad, O'Higgins, Chile",,0.86955072169180,335.77703532142249,-71.763,-34.172
"Directions from Vía Sin Nombre, Paredones, O'Higgins, Chile to La Cuchilla, Navidad, O'Higgins, Chile",,0.87064456811612,338.25771365839694,-71.763,-34.171
"Directions from Vía Sin Nombre, Paredones, O'Higgins, Chile to La Cuchilla, Navidad, O'Higgins, Chile",,0.87468022171869,349.54749994053253,-71.765,-34.167
"Directions from Vía Sin Nombre, Paredones, O'Higgins, Chile to La Cuchilla, Navidad, O'Higgins, Chile",,0.87469022171870,349.48124448727600,-71.765,-34.167
"Directions from Vía Sin Nombre, Paredones, O'Higgins, Chile to La Cuchilla, Navidad, O'Higgins, Chile",,0.87580449278087,340.26377007717196,-71.765,-34.166
"Directions from Vía Sin Nombre, Paredones, O'Higgins, Chile to La Cuchilla, Navidad, O'Higgins, Chile",,0.87599422944048,343.76440385393715,-71.765,-34.166
"Directions from Vía Sin Nombre, Paredones, O'Higgins, Chile to La Cuchilla, Navidad, O'Higgins, Chile",,0.87611792260925,355.36369911024650,-71.765,-34.166
"Directions from Vía Sin Nombre, Paredones, O'Higgins, Chile to La Cuchilla, Navidad, O'Higgins, Chile",,0.87623833855503,12.53060573227941,-71.765,-34.165
"Directions from Vía Sin Nombre, Paredones, O'Higgins, Chile to La Cuchilla, Navidad, O'Higgins, Chile",,0.87701667010393,19.05822934345308,-71.765,-34.165
"Directions from Vía Sin Nombre, Paredones, O'Higgins, Chile to La Cuchilla, Navidad, O'Higgins, Chile",,0.87731077892732,19.81014920020400,-71.765,-34.164
"Directions from Vía Sin Nombre, Paredones, O'Higgins, Chile to La Cuchilla, Navidad, O'Higgins, Chile",,0.87774159211189,20.80014292010182,-71.764,-34.164
"Directions from Vía Sin Nombre, Paredones, O'Higgins, Chile to La Cuchilla, Navidad, O'Higgins, Chile",,0.87933583174256,21.20937065141754,-71.764,-34.163
"Directions from Vía Sin Nombre, Paredones, O'Higgins, Chile to La Cuchilla, Navidad, O'Higgins, Chile",,0.87946583174256,20.93957829622701,-71.764,-34.162
"Directions from Vía Sin Nombre, Paredones, O'Higgins, Chile to La Cuchilla, Navidad, O'Higgins, Chile",,0.88034503592818,20.53035056491130,-71.764,-34.162
"Directions from Vía Sin Nombre, Paredones, O'Higgins, Chile to La Cuchilla, Navidad, O'Higgins, Chile",,0.88056044252046,18.66276024143537,-71.764,-34.161
"Directions from Vía Sin Nombre, Paredones, O'Higgins, Chile to La Cuchilla, Navidad, O'Higgins, Chile",,0.88074725793739,21.04458109122053,-71.763,-34.161
"Directions from Vía Sin Nombre, Paredones, O'Higgins, Chile to La Cuchilla, Navidad, O'Higgins, Chile",,0.88076961861716,19.16667005885750,-71.763,-34.161
"Directions from Vía Sin Nombre, Paredones, O'Higgins, Chile to La Cuchilla, Navidad, O'Higgins, Chile",,0.88101477163060,3.28693001154575,-71.763,-34.161
"Directions from Vía Sin Nombre, Paredones, O'Higgins, Chile to La Cuchilla, Navidad, O'Higgins, Chile",,0.88112522524078,352.67162443991015,-71.763,-34.161
"Directions from Vía Sin Nombre, Paredones, O'Higgins, Chile to La Cuchilla, Navidad, O'Higgins, Chile",,0.88124688049139,348.25071716133283,-71.763,-34.161
"Directions from Vía Sin Nombre, Paredones, O'Higgins, Chile to La Cuchilla, Navidad, O'Higgins, Chile",,0.88153549788518,348.15193172767897,-71.764,-34.160
"Directions from Vía Sin Nombre, Paredones, O'Higgins, Chile to La Cuchilla, Navidad, O'Higgins, Chile",,0.88201225778282,351.86332321933645,-71.764,-34.160
"Directions from Vía Sin Nombre, Paredones, O'Higgins, Chile to La Cuchilla, Navidad, O'Higgins, Chile",,0.88270687998230,350.50289129394611,-71.764,-34.159
"Directions from Vía Sin Nombre, Paredones, O'Higgins, Chile to La Cuchilla, Navidad, O'Higgins, Chile",,0.88354640365677,349.14996084006293,-71.764,-34.158
"Directions from Vía Sin Nombre, Paredones, O'Higgins, Chile to La Cuchilla, Navidad, O'Higgins, Chile",,0.88552248563887,349.49565471631161,-71.764,-34.157
"Directions from Vía Sin Nombre, Paredones, O'Higgins, Chile to La Cuchilla, Navidad, O'Higgins, Chile",,0.88611476935467,349.27442802449616,-71.764,-34.156
"Directions from Vía Sin Nombre, Paredones, O'Higgins, Chile to La Cuchilla, Navidad, O'Higgins, Chile",,0.88705843243014,348.33389541934451,-71.764,-34.155
"Directions from Vía Sin Nombre, Paredones, O'Higgins, Chile to La Cuchilla, Navidad, O'Higgins, Chile",,0.88735676110794,345.08468045312736,-71.765,-34.155
"Directions from Vía Sin Nombre, Paredones, O'Higgins, Chile to La Cuchilla, Navidad, O'Higgins, Chile",,0.88760676110794,346.29639438350847,-71.765,-34.154
"Directions from Vía Sin Nombre, Paredones, O'Higgins, Chile to La Cuchilla, Navidad, O'Higgins, Chile",,0.88967579469877,350.36144555966240,-71.765,-34.152
"Directions from Vía Sin Nombre, Paredones, O'Higgins, Chile to La Cuchilla, Navidad, O'Higgins, Chile",,0.89052432283620,351.29351771260201,-71.765,-34.152
"Directions from Vía Sin Nombre, Paredones, O'Higgins, Chile to La Cuchilla, Navidad, O'Higgins, Chile",,0.89839742895767,351.79606071605633,-71.766,-34.144
"Directions from Vía Sin Nombre, Paredones, O'Higgins, Chile to La Cuchilla, Navidad, O'Higgins, Chile",,0.89863929669012,350.59280723788720,-71.766,-34.144
"Directions from Vía Sin Nombre, Paredones, O'Higgins, Chile to La Cuchilla, Navidad, O'Higgins, Chile",,0.89893543854802,349.42415430763833,-71.766,-34.143
"Directions from Vía Sin Nombre, Paredones, O'Higgins, Chile to La Cuchilla, Navidad, O'Higgins, Chile",,0.89954371480105,351.91392049333308,-71.767,-34.143
"Directions from Vía Sin Nombre, Paredones, O'Higgins, Chile to La Cuchilla, Navidad, O'Higgins, Chile",,0.89971488722874,334.14508158733327,-71.767,-34.143
"Directions from Vía Sin Nombre, Paredones, O'Higgins, Chile to La Cuchilla, Navidad, O'Higgins, Chile",,0.89972902936436,333.01368668217759,-71.767,-34.143
"Directions from Vía Sin Nombre, Paredones, O'Higgins, Chile to La Cuchilla, Navidad, O'Higgins, Chile",,0.90107550624868,355.51368669235535,-71.767,-34.141
"Directions from Vía Sin Nombre, Paredones, O'Higgins, Chile to La Cuchilla, Navidad, O'Higgins, Chile",,0.90123550624869,6.26440385649157,-71.767,-34.141
"Directions from Vía Sin Nombre, Paredones, O'Higgins, Chile to La Cuchilla, Navidad, O'Higgins, Chile",,0.90132770169326,19.54692944910167,-71.767,-34.141
"Directions from Vía Sin Nombre, Paredones, O'Higgins, Chile to La Cuchilla, Navidad, O'Higgins, Chile",,0.90135006237304,21.25522354076714,-71.767,-34.141
"Directions from Vía Sin Nombre, Paredones, O'Higgins, Chile to La Cuchilla, Navidad, O'Higgins, Chile",,0.90142286347192,24.81773171219079,-71.767,-34.141
"Directions from Vía Sin Nombre, Paredones, O'Higgins, Chile to La Cuchilla, Navidad, O'Higgins, Chile",,0.90153103001019,36.74781930988034,-71.767,-34.141
"Directions from Vía Sin Nombre, Paredones, O'Higgins, Chile to La Cuchilla, Navidad, O'Higgins, Chile",,0.90207774748750,36.74781931509969,-71.766,-34.140
"Directions from Vía Sin Nombre, Paredones, O'Higgins, Chile to La Cuchilla, Navidad, O'Higgins, Chile",,0.90211380300026,36.39196321212841,-71.766,-34.140
"Directions from Vía Sin Nombre, Paredones, O'Higgins, Chile to La Cuchilla, Navidad, O'Higgins, Chile",,0.90252611356282,36.51872295261130,-71.766,-34.140
"Directions from Vía Sin Nombre, Paredones, O'Higgins, Chile to La Cuchilla, Navidad, O'Higgins, Chile",,0.90315293092059,31.65067028107125,-71.766,-34.139
"Directions from Vía Sin Nombre, Paredones, O'Higgins, Chile to La Cuchilla, Navidad, O'Higgins, Chile",,0.90352008211560,23.23024125564135,-71.766,-34.139
"Directions from Vía Sin Nombre, Paredones, O'Higgins, Chile to La Cuchilla, Navidad, O'Higgins, Chile",,0.90365609682069,11.90628288846250,-71.766,-34.139
"Directions from Vía Sin Nombre, Paredones, O'Higgins, Chile to La Cuchilla, Navidad, O'Higgins, Chile",,0.90416961410375,9.36065759753302,-71.765,-34.139
"Directions from Vía Sin Nombre, Paredones, O'Higgins, Chile to La Cuchilla, Navidad, O'Higgins, Chile",,0.90465013465482,7.79390637889524,-71.765,-34.138
"Directions from Vía Sin Nombre, Paredones, O'Higgins, Chile to La Cuchilla, Navidad, O'Higgins, Chile",,0.90481044685024,357.99084550264507,-71.765,-34.138
"Directions from Vía Sin Nombre, Paredones, O'Higgins, Chile to La Cuchilla, Navidad, O'Higgins, Chile",,0.90496177430974,348.22998036436064,-71.765,-34.138
"Directions from Vía Sin Nombre, Paredones, O'Higgins, Chile to La Cuchilla, Navidad, O'Higgins, Chile",,0.90503457540863,337.15486139938940,-71.765,-34.138
"Directions from Vía Sin Nombre, Paredones, O'Higgins, Chile to La Cuchilla, Navidad, O'Higgins, Chile",,0.90519582056360,322.62755935215517,-71.765,-34.138
"Directions from Vía Sin Nombre, Paredones, O'Higgins, Chile to La Cuchilla, Navidad, O'Higgins, Chile",,0.90526653124172,337.49999999999994,-71.766,-34.137
"Directions from Vía Sin Nombre, Paredones, O'Higgins, Chile to La Cuchilla, Navidad, O'Higgins, Chile",,0.90527653124171,334.64470343225793,-71.766,-34.137
"Directions from Vía Sin Nombre, Paredones, O'Higgins, Chile to La Cuchilla, Navidad, O'Higgins, Chile",,0.90541865794574,304.17200548218051,-71.766,-34.137
"Directions from Vía Sin Nombre, Paredones, O'Higgins, Chile to La Cuchilla, Navidad, O'Higgins, Chile",,0.90552161424716,295.42800679239662,-71.766,-34.137
"Directions from Vía Sin Nombre, Paredones, O'Higgins, Chile to La Cuchilla, Navidad, O'Higgins, Chile",,0.90568316919137,285.90469464367283,-71.766,-34.137
"Directions from Vía Sin Nombre, Paredones, O'Higgins, Chile to La Cuchilla, Navidad, O'Higgins, Chile",,0.90585579595639,281.34669704702895,-71.766,-34.137
"Directions from Vía Sin Nombre, Paredones, O'Higgins, Chile to La Cuchilla, Navidad, O'Higgins, Chile",,0.90863360084515,284.18246920680753,-71.769,-34.137
"Directions from Vía Sin Nombre, Paredones, O'Higgins, Chile to La Cuchilla, Navidad, O'Higgins, Chile",,0.90922563124977,288.11778467188446,-71.769,-34.136
"Directions from Vía Sin Nombre, Paredones, O'Higgins, Chile to La Cuchilla, Navidad, O'Higgins, Chile",,0.90931107128722,294.80532466082974,-71.769,-34.136
"Directions from Vía Sin Nombre, Paredones, O'Higgins, Chile to La Cuchilla, Navidad, O'Higgins, Chile",,0.90941402758863,302.29614094600151,-71.769,-34.136
"Directions from Vía Sin Nombre, Paredones, O'Higgins, Chile to La Cuchilla, Navidad, O'Higgins, Chile",,0.90967209734664,308.52254231557487,-71.770,-34.136
"Directions from Vía Sin Nombre, Paredones, O'Higgins, Chile to La Cuchilla, Navidad, O'Higgins, Chile",,0.91118103737196,309.83231671337313,-71.771,-34.135
"Directions from Vía Sin Nombre, Paredones, O'Higgins, Chile to La Cuchilla, Navidad, O'Higgins, Chile",,0.91153712724826,309.97087129816191,-71.771,-34.135
"Directions from Vía Sin Nombre, Paredones, O'Higgins, Chile to La Cuchilla, Navidad, O'Higgins, Chile",,0.91216744462862,313.39225800386066,-71.772,-34.135
"Directions from Vía Sin Nombre, Paredones, O'Higgins, Chile to La Cuchilla, Navidad, O'Higgins, Chile",,0.91250685588360,324.21747440696578,-71.772,-34.134
"Directions from Vía Sin Nombre, Paredones, O'Higgins, Chile to La Cuchilla, Navidad, O'Higgins, Chile",,0.91252921656337,328.84053078021435,-71.772,-34.134
"Directions from Vía Sin Nombre, Paredones, O'Higgins, Chile to La Cuchilla, Navidad, O'Higgins, Chile",,0.91283727499939,327.25061572497975,-71.772,-34.134
"Directions from Vía Sin Nombre, Paredones, O'Higgins, Chile to La Cuchilla, Navidad, O'Higgins, Chile",,0.91307914273184,322.62755934706632,-71.772,-34.134
"Directions from Vía Sin Nombre, Paredones, O'Higgins, Chile to La Cuchilla, Navidad, O'Higgins, Chile",,0.91310742700309,323.76278418195199,-71.772,-34.134
"Directions from Vía Sin Nombre, Paredones, O'Higgins, Chile to La Cuchilla, Navidad, O'Higgins, Chile",,0.91338920705916,334.54843778263012,-71.772,-34.134
"Directions from Vía Sin Nombre, Paredones, O'Higgins, Chile to La Cuchilla, Navidad, O'Higgins, Chile",,0.91371616271364,329.85070477429565,-71.772,-34.133
"Directions from Vía Sin Nombre, Paredones, O'Higgins, Chile to La Cuchilla, Navidad, O'Higgins, Chile",,0.91376616271364,319.06505118125085,-71.772,-34.133
"Directions from Vía Sin Nombre, Paredones, O'Higgins, Chile to La Cuchilla, Navidad, O'Higgins, Chile",,0.91382273125614,337.50000000254437,-71.772,-34.133
"Directions from Vía Sin Nombre, Paredones, O'Higgins, Chile to La Cuchilla, Navidad, O'Higgins, Chile",,0.91383273125613,333.43494882265065,-71.772,-34.133
"Directions from Vía Sin Nombre, Paredones, O'Higgins, Chile to La Cuchilla, Navidad, O'Higgins, Chile",,0.91413273125614,304.23869994656138,-71.773,-34.133
"Directions from Vía Sin Nombre, Paredones, O'Higgins, Chile to La Cuchilla, Navidad, O'Higgins, Chile",,0.91428537463136,304.23869994636749,-71.773,-34.133
"Directions from Vía Sin Nombre, Paredones, O'Higgins, Chile to La Cuchilla, Navidad, O'Higgins, Chile",,0.91463537463136,301.71747441913800,-71.773,-34.133
"Directions from Vía Sin Nombre, Paredones, O'Higgins, Chile to La Cuchilla, Navidad, O'Higgins, Chile",,0.91465773531113,301.36161831572173,-71.773,-34.133
"Directions from Vía Sin Nombre, Paredones, O'Higgins, Chile to La Cuchilla, Navidad, O'Higgins, Chile",,0.91497976015490,309.21593722260928,-71.773,-34.133
"Directions from Vía Sin Nombre, Paredones, O'Higgins, Chile to La Cuchilla, Navidad, O'Higgins, Chile",,0.91542574221732,314.28292794643841,-71.774,-34.132
"Directions from Vía Sin Nombre, Paredones, O'Higgins, Chile to La Cuchilla, Navidad, O'Higgins, Chile",,0.91636643345253,321.30104968614296,-71.774,-34.132
"Directions from Vía Sin Nombre, Paredones, O'Higgins, Chile to La Cuchilla, Navidad, O'Higgins, Chile",,0.91640248896528,322.56200366032846,-71.774,-34.132
"Directions from Vía Sin Nombre, Paredones, O'Higgins, Chile to La Cuchilla, Navidad, O'Higgins, Chile",,0.91661509188154,316.52508818619935,-71.775,-34.131
"Directions from Vía Sin Nombre, Paredones, O'Higgins, Chile to La Cuchilla, Navidad, O'Higgins, Chile",,0.91714546910579,311.79392708268557,-71.775,-34.131
"Directions from Vía Sin Nombre, Paredones, O'Higgins, Chile to La Cuchilla, Navidad, O'Higgins, Chile",,0.91779207563219,311.49065080452698,-71.775,-34.131
"Directions from Vía Sin Nombre, Paredones, O'Higgins, Chile to La Cuchilla, Navidad, O'Higgins, Chile",,0.91927035165514,312.48866310084389,-71.776,-34.130
"Directions from Vía Sin Nombre, Paredones, O'Higgins, Chile to La Cuchilla, Navidad, O'Higgins, Chile",,0.92193448378399,314.09769374247475,-71.778,-34.128
"Directions from Vía Sin Nombre, Paredones, O'Higgins, Chile to La Cuchilla, Navidad, O'Higgins, Chile",,0.92215380090599,319.45272845776060,-71.779,-34.128
"Directions from Vía Sin Nombre, Paredones, O'Higgins, Chile to La Cuchilla, Navidad, O'Higgins, Chile",,0.92290193191055,296.02892332514421,-71.779,-34.127
"Directions from Vía Sin Nombre, Paredones, O'Higgins, Chile to La Cuchilla, Navidad, O'Higgins, Chile",,0.92291193191056,298.79384669087557,-71.779,-34.127
"Directions from Vía Sin Nombre, Paredones, O'Higgins, Chile to La Cuchilla, Navidad, O'Higgins, Chile",,0.92365818923883,326.77439870695486,-71.780,-34.126
"Directions from Vía Sin Nombre, Paredones, O'Higgins, Chile to La Cuchilla, Navidad, O'Higgins, Chile",,0.92548041315482,323.07776646894558,-71.781,-34.125
"Directions from Vía Sin Nombre, Paredones, O'Higgins, Chile to La Cuchilla, Navidad, O'Higgins, Chile",,0.92555851565158,322.44160773316742,-71.781,-34.125
"Directions from Vía Sin Nombre, Paredones, O'Higgins, Chile to La Cuchilla, Navidad, O'Higgins, Chile",,0.92585262447497,326.31342143872479,-71.781,-34.125
"Directions from Vía Sin Nombre, Paredones, O'Higgins, Chile to La Cuchilla, Navidad, O'Higgins, Chile",,0.92692640285062,326.51778035069827,-71.781,-34.124
"Directions from Vía Sin Nombre, Paredones, O'Higgins, Chile to La Cuchilla, Navidad, O'Higgins, Chile",,0.92745071191978,320.04875218718570,-71.782,-34.123
"Directions from Vía Sin Nombre, Paredones, O'Higgins, Chile to La Cuchilla, Navidad, O'Higgins, Chile",,0.92747899619103,321.21772074619338,-71.782,-34.123
"Directions from Vía Sin Nombre, Paredones, O'Higgins, Chile to La Cuchilla, Navidad, O'Higgins, Chile",,0.92889098061021,326.22171065248102,-71.782,-34.122
"Directions from Vía Sin Nombre, Paredones, O'Higgins, Chile to La Cuchilla, Navidad, O'Higgins, Chile",,0.92937924283483,323.75766323444276,-71.783,-34.122
"Directions from Vía Sin Nombre, Paredones, O'Higgins, Chile to La Cuchilla, Navidad, O'Higgins, Chile",,0.93029929718105,323.23998664091226,-71.783,-34.121
"Directions from Vía Sin Nombre, Paredones, O'Higgins, Chile to La Cuchilla, Navidad, O'Higgins, Chile",,0.93125140011666,322.65640917929920,-71.784,-34.120
"Directions from Vía Sin Nombre, Paredones, O'Higgins, Chile to La Cuchilla, Navidad, O'Higgins, Chile",,0.93144349384379,322.90125697567822,-71.784,-34.120
"Directions from Vía Sin Nombre, Paredones, O'Higgins, Chile to La Cuchilla, Navidad, O'Higgins, Chile",,0.93213167986515,320.59901339847397,-71.784,-34.119
"Directions from Vía Sin Nombre, Paredones, O'Higgins, Chile to La Cuchilla, Navidad, O'Higgins, Chile",,0.93259858456635,322.36516069067102,-71.785,-34.119
"Directions from Vía Sin Nombre, Paredones, O'Higgins, Chile to La Cuchilla, Navidad, O'Higgins, Chile",,0.93297594381163,324.21747441160971,-71.785,-34.119
"Directions from Vía Sin Nombre, Paredones, O'Higgins, Chile to La Cuchilla, Navidad, O'Higgins, Chile",,0.93327427248943,321.60274902473651,-71.785,-34.119
"Directions from Vía Sin Nombre, Paredones, O'Higgins, Chile to La Cuchilla, Navidad, O'Higgins, Chile",,0.93421629159752,324.91323773774525,-71.786,-34.118
"Directions from Vía Sin Nombre, Paredones, O'Higgins, Chile to La Cuchilla, Navidad, O'Higgins, Chile",,0.93506228214120,328.32511409470436,-71.786,-34.117
"Directions from Vía Sin Nombre, Paredones, O'Higgins, Chile to La Cuchilla, Navidad, O'Higgins, Chile",,0.93559566755533,325.71584607380129,-71.786,-34.117
"Directions from Vía Sin Nombre, Paredones, O'Higgins, Chile to La Cuchilla, Navidad, O'Higgins, Chile",,0.93577371249347,324.07635294604722,-71.786,-34.117
"Directions from Vía Sin Nombre, Paredones, O'Higgins, Chile to La Cuchilla, Navidad, O'Higgins, Chile",,0.93584582351898,321.92736842843232,-71.786,-34.116
"Directions from Vía Sin Nombre, Paredones, O'Higgins, Chile to La Cuchilla, Navidad, O'Higgins, Chile",,0.93711987218368,316.50915621896252,-71.787,-34.116
"Directions from Vía Sin Nombre, Paredones, O'Higgins, Chile to La Cuchilla, Navidad, O'Higgins, Chile",,0.93797550060770,317.11603187183346,-71.788,-34.115
"Directions from Vía Sin Nombre, Paredones, O'Higgins, Chile to La Cuchilla, Navidad, O'Higgins, Chile",,0.93894632499965,321.36559115061567,-71.789,-34.114
"Directions from Vía Sin Nombre, Paredones, O'Higgins, Chile to La Cuchilla, Navidad, O'Higgins, Chile",,0.93908233970474,322.16422582957210,-71.789,-34.114
"Directions from Vía Sin Nombre, Paredones, O'Higgins, Chile to La Cuchilla, Navidad, O'Higgins, Chile",,0.93953687243183,317.04139751145448,-71.789,-34.114
"Directions from Vía Sin Nombre, Paredones, O'Higgins, Chile to La Cuchilla, Navidad, O'Higgins, Chile",,0.93985514904108,318.42853616847714,-71.789,-34.114
"Directions from Vía Sin Nombre, Paredones, O'Higgins, Chile to La Cuchilla, Navidad, O'Higgins, Chile",,0.93990514904108,317.27688399073253,-71.789,-34.113
"Directions from Vía Sin Nombre, Paredones, O'Higgins, Chile to La Cuchilla, Navidad, O'Higgins, Chile",,0.94013186472207,307.55686657501599,-71.789,-34.113
"Directions from Vía Sin Nombre, Paredones, O'Higgins, Chile to La Cuchilla, Navidad, O'Higgins, Chile",,0.94045636433686,302.32691202914640,-71.790,-34.113
"Directions from Vía Sin Nombre, Paredones, O'Higgins, Chile to La Cuchilla, Navidad, O'Higgins, Chile",,0.94074791193160,299.33161467036348,-71.790,-34.113
"Directions from Vía Sin Nombre, Paredones, O'Higgins, Chile to La Cuchilla, Navidad, O'Higgins, Chile",,0.94119968621152,295.83098089107636,-71.790,-34.113
"Directions from Vía Sin Nombre, Paredones, O'Higgins, Chile to La Cuchilla, Navidad, O'Higgins, Chile",,0.94149515194557,291.36056966084249,-71.791,-34.113
"Directions from Vía Sin Nombre, Paredones, O'Higgins, Chile to La Cuchilla, Navidad, O'Higgins, Chile",,0.94205488402434,290.97862043032922,-71.791,-34.112
"Directions from Vía Sin Nombre, Paredones, O'Higgins, Chile to La Cuchilla, Navidad, O'Higgins, Chile",,0.94228335721752,295.90452509115391,-71.791,-34.112
"Directions from Vía Sin Nombre, Paredones, O'Higgins, Chile to La Cuchilla, Navidad, O'Higgins, Chile",,0.94240865685838,308.16838533160353,-71.791,-34.112
"Directions from Vía Sin Nombre, Paredones, O'Higgins, Chile to La Cuchilla, Navidad, O'Higgins, Chile",,0.94315196029574,316.82270788880953,-71.792,-34.112
"Directions from Vía Sin Nombre, Paredones, O'Higgins, Chile to La Cuchilla, Navidad, O'Higgins, Chile",,0.94447442012500,318.62964826467504,-71.793,-34.111
"Directions from Vía Sin Nombre, Paredones, O'Higgins, Chile to La Cuchilla, Navidad, O'Higgins, Chile",,0.94492263882162,323.10299934398932,-71.793,-34.110
"Directions from Vía Sin Nombre, Paredones, O'Higgins, Chile to La Cuchilla, Navidad, O'Higgins, Chile",,0.94558294178239,323.53593197199382,-71.793,-34.110
"Directions from Vía Sin Nombre, Paredones, O'Higgins, Chile to La Cuchilla, Navidad, O'Higgins, Chile",,0.94682310306223,320.55327537187020,-71.794,-34.109
"Directions from Vía Sin Nombre, Paredones, O'Higgins, Chile to La Cuchilla, Navidad, O'Higgins, Chile",,0.95056529493331,316.95024687132326,-71.797,-34.106
"Directions from Vía Sin Nombre, Paredones, O'Higgins, Chile to La Cuchilla, Navidad, O'Higgins, Chile",,0.95168252364758,317.99029976228411,-71.798,-34.105
"Directions from Vía Sin Nombre, Paredones, O'Higgins, Chile to La Cuchilla, Navidad, O'Higgins, Chile",,0.95242904893182,323.88701460451631,-71.798,-34.105
"Directions from Vía Sin Nombre, Paredones, O'Higgins, Chile to La Cuchilla, Navidad, O'Higgins, Chile",,0.95308639206900,328.68298664092856,-71.798,-34.104
"Directions from Vía Sin Nombre, Paredones, O'Higgins, Chile to La Cuchilla, Navidad, O'Higgins, Chile",,0.95353416433254,332.00374621119175,-71.799,-34.104
"Directions from Vía Sin Nombre, Paredones, O'Higgins, Chile to La Cuchilla, Navidad, O'Higgins, Chile",,0.95369068909097,337.50000000116319,-71.799,-34.104
"Directions from Vía Sin Nombre, Paredones, O'Higgins, Chile to La Cuchilla, Navidad, O'Higgins, Chile",,0.95381718019737,344.28521719349561,-71.799,-34.104
"Directions from Vía Sin Nombre, Paredones, O'Higgins, Chile to La Cuchilla, Navidad, O'Higgins, Chile",,0.95395059683801,349.48124448803179,-71.799,-34.103
"Directions from Vía Sin Nombre, Paredones, O'Higgins, Chile to La Cuchilla, Navidad, O'Higgins, Chile",,0.95580887561150,353.42747025681240,-71.799,-34.102
"Directions from Vía Sin Nombre, Paredones, O'Higgins, Chile to La Cuchilla, Navidad, O'Higgins, Chile",,0.95637110332338,356.05256619143626,-71.799,-34.101
"Directions from Vía Sin Nombre, Paredones, O'Higgins, Chile to La Cuchilla, Navidad, O'Higgins, Chile",,0.95678159083841,359.66419701636437,-71.799,-34.101
"Directions from Vía Sin Nombre, Paredones, O'Higgins, Chile to La Cuchilla, Navidad, O'Higgins, Chile",,0.95705177596014,3.91584476731439,-71.799,-34.100
"Directions from Vía Sin Nombre, Paredones, O'Higgins, Chile to La Cuchilla, Navidad, O'Higgins, Chile",,0.95745377098498,4.51418715275680,-71.799,-34.100
"Directions from Vía Sin Nombre, Paredones, O'Higgins, Chile to La Cuchilla, Navidad, O'Higgins, Chile",,0.95814492943280,1.92414124252845,-71.799,-34.099
"Directions from Vía Sin Nombre, Paredones, O'Higgins, Chile to La Cuchilla, Navidad, O'Higgins, Chile",,0.95922497572811,359.25456818792185,-71.799,-34.098
"Directions from Vía Sin Nombre, Paredones, O'Higgins, Chile to La Cuchilla, Navidad, O'Higgins, Chile",,0.96007550497511,1.47418789432017,-71.799,-34.097
"Directions from Vía Sin Nombre, Paredones, O'Higgins, Chile to La Cuchilla, Navidad, O'Higgins, Chile",,0.96030637290272,9.75209790516751,-71.799,-34.097
"Directions from Vía Sin Nombre, Paredones, O'Higgins, Chile to La Cuchilla, Navidad, O'Higgins, Chile",,0.96086422592996,15.48741730126916,-71.799,-34.097
"Directions from Vía Sin Nombre, Paredones, O'Higgins, Chile to La Cuchilla, Navidad, O'Higgins, Chile",,0.96150022907460,13.97710535276199,-71.799,-34.096
"Directions from Vía Sin Nombre, Paredones, O'Higgins, Chile to La Cuchilla, Navidad, O'Higgins, Chile",,0.96205131890394,14.97439000635569,-71.799,-34.095
"Directions from Vía Sin Nombre, Paredones, O'Higgins, Chile to La Cuchilla, Navidad, O'Higgins, Chile",,0.96211456445715,14.31946127536439,-71.798,-34.095
"Directions from Vía Sin Nombre, Paredones, O'Higgins, Chile to La Cuchilla, Navidad, O'Higgins, Chile",,0.96262259988898,13.58973659458386,-71.798,-34.095
"Directions from Vía Sin Nombre, Paredones, O'Higgins, Chile to La Cuchilla, Navidad, O'Higgins, Chile",,0.96361587729233,19.38845448112119,-71.798,-34.094
"Directions from Vía Sin Nombre, Paredones, O'Higgins, Chile to La Cuchilla, Navidad, O'Higgins, Chile",,0.96366972894040,19.49997535723079,-71.798,-34.094
"Directions from Vía Sin Nombre, Paredones, O'Higgins, Chile to La Cuchilla, Navidad, O'Higgins, Chile",,0.96410938789914,19.49997535723079,-71.798,-34.093
"Directions from Vía Sin Nombre, Paredones, O'Higgins, Chile to La Cuchilla, Navidad, O'Higgins, Chile",,0.96416323954721,17.97952107194334,-71.798,-34.093
"Directions from Vía Sin Nombre, Paredones, O'Higgins, Chile to La Cuchilla, Navidad, O'Higgins, Chile",,0.96530801026662,15.63018080886205,-71.798,-34.092
"Directions from Vía Sin Nombre, Paredones, O'Higgins, Chile to La Cuchilla, Navidad, O'Higgins, Chile",,0.96544402497170,15.09285982179884,-71.798,-34.092
"Directions from Vía Sin Nombre, Paredones, O'Higgins, Chile to La Cuchilla, Navidad, O'Higgins, Chile",,0.96690186584094,13.93583414469465,-71.797,-34.091
"Directions from Vía Sin Nombre, Paredones, O'Higgins, Chile to La Cuchilla, Navidad, O'Higgins, Chile",,0.96819469220205,7.39433880720194,-71.797,-34.089
"Directions from Vía Sin Nombre, Paredones, O'Higgins, Chile to La Cuchilla, Navidad, O'Higgins, Chile",,0.96821469220205,9.21747441186811,-71.797,-34.089
"Directions from Vía Sin Nombre, Paredones, O'Higgins, Chile to La Cuchilla, Navidad, O'Higgins, Chile",,0.96837280608506,16.23559614583136,-71.797,-34.089
"Directions from Vía Sin Nombre, Paredones, O'Higgins, Chile to La Cuchilla, Navidad, O'Higgins, Chile",,0.96874388559137,15.32161202309338,-71.797,-34.089
"Directions from Vía Sin Nombre, Paredones, O'Higgins, Chile to La Cuchilla, Navidad, O'Higgins, Chile",,0.96933869648569,15.32161202265797,-71.797,-34.088
"Directions from Vía Sin Nombre, Paredones, O'Higgins, Chile to La Cuchilla, Navidad, O'Higgins, Chile",,0.96979223810450,11.74928283740312,-71.797,-34.088
"Directions from Vía Sin Nombre, Paredones, O'Higgins, Chile to La Cuchilla, Navidad, O'Higgins, Chile",,0.97003554860571,0.66610992842574,-71.796,-34.088
"Directions from Vía Sin Nombre, Paredones, O'Higgins, Chile to La Cuchilla, Navidad, O'Higgins, Chile",,0.97017696996195,344.33565356948117,-71.797,-34.088
"Directions from Vía Sin Nombre, Paredones, O'Higgins, Chile to La Cuchilla, Navidad, O'Higgins, Chile",,0.97025312769301,332.91882647739715,-71.797,-34.087
"Directions from Vía Sin Nombre, Paredones, O'Higgins, Chile to La Cuchilla, Navidad, O'Higgins, Chile",,0.97036974673090,322.01812173246645,-71.797,-34.087
"Directions from Vía Sin Nombre, Paredones, O'Higgins, Chile to La Cuchilla, Navidad, O'Higgins, Chile",,0.97051116808714,310.93494882455047,-71.797,-34.087
"Directions from Vía Sin Nombre, Paredones, O'Higgins, Chile to La Cuchilla, Navidad, O'Higgins, Chile",,0.97056116808714,310.93494882455047,-71.797,-34.087
"Directions from Vía Sin Nombre, Paredones, O'Higgins, Chile to La Cuchilla, Navidad, O'Higgins, Chile",,0.97061773662964,311.28429601403542,-71.797,-34.087
"Directions from Vía Sin Nombre, Paredones, O'Higgins, Chile to La Cuchilla, Navidad, O'Higgins, Chile",,0.97078174882430,303.57321535469981,-71.797,-34.087
"Directions from Vía Sin Nombre, Paredones, O'Higgins, Chile to La Cuchilla, Navidad, O'Higgins, Chile",,0.97120718977203,301.07594790803989,-71.797,-34.087
"Directions from Vía Sin Nombre, Paredones, O'Higgins, Chile to La Cuchilla, Navidad, O'Higgins, Chile",,0.97163438995930,303.49126469318441,-71.798,-34.087
"Directions from Vía Sin Nombre, Paredones, O'Higgins, Chile to La Cuchilla, Navidad, O'Higgins, Chile",,0.97251920632443,307.21936576226932,-71.798,-34.086
"Directions from Vía Sin Nombre, Paredones, O'Higgins, Chile to La Cuchilla, Navidad, O'Higgins, Chile",,0.97284570287877,290.01512963646041,-71.799,-34.086
"Directions from Vía Sin Nombre, Paredones, O'Higgins, Chile to La Cuchilla, Navidad, O'Higgins, Chile",,0.97286570287878,293.64530502170948,-71.799,-34.086
"Directions from Vía Sin Nombre, Paredones, O'Higgins, Chile to La Cuchilla, Navidad, O'Higgins, Chile",,0.97304262093890,338.64530502170953,-71.799,-34.086
"Directions from Vía Sin Nombre, Paredones, O'Higgins, Chile to La Cuchilla, Navidad, O'Higgins, Chile",,0.97305262093891,336.43945180133460,-71.799,-34.086
"Directions from Vía Sin Nombre, Paredones, O'Higgins, Chile to La Cuchilla, Navidad, O'Higgins, Chile",,0.97324367067065,336.43945180133460,-71.799,-34.086
"Directions from Vía Sin Nombre, Paredones, O'Higgins, Chile to La Cuchilla, Navidad, O'Higgins, Chile",,0.97325367067065,337.50000000254437,-71.799,-34.086
"Directions from Vía Sin Nombre, Paredones, O'Higgins, Chile to La Cuchilla, Navidad, O'Higgins, Chile",,0.97331023921315,317.52122553705129,-71.799,-34.086
"Directions from Vía Sin Nombre, Paredones, O'Higgins, Chile to La Cuchilla, Navidad, O'Higgins, Chile",,0.97379293994859,322.07489269052758,-71.799,-34.085
"Directions from Vía Sin Nombre, Paredones, O'Higgins, Chile to La Cuchilla, Navidad, O'Higgins, Chile",,0.97473107639922,322.93928128197319,-71.800,-34.085
"Directions from Vía Sin Nombre, Paredones, O'Higgins, Chile to La Cuchilla, Navidad, O'Higgins, Chile",,0.97742983537327,327.60308853334226,-71.801,-34.082
"Directions from Vía Sin Nombre, Paredones, O'Higgins, Chile to La Cuchilla, Navidad, O'Higgins, Chile",,0.97745219605304,327.89366408721105,-71.801,-34.082
"Directions from Vía Sin Nombre, Paredones, O'Higgins, Chile to La Cuchilla, Navidad, O'Higgins, Chile",,0.97789423677515,324.94059353284030,-71.802,-34.082
"Directions from Vía Sin Nombre, Paredones, O'Higgins, Chile to La Cuchilla, Navidad, O'Higgins, Chile",,0.97802462082325,343.76440385301913,-71.802,-34.082
"Directions from Vía Sin Nombre, Paredones, O'Higgins, Chile to La Cuchilla, Navidad, O'Higgins, Chile",,0.97803462082326,343.99730839687311,-71.802,-34.082
"Directions from Vía Sin Nombre, Paredones, O'Higgins, Chile to La Cuchilla, Navidad, O'Higgins, Chile",,0.97822330044589,332.58048130666907,-71.802,-34.082
"Directions from Vía Sin Nombre, Paredones, O'Higgins, Chile to La Cuchilla, Navidad, O'Higgins, Chile",,0.97842945572718,341.11746432089609,-71.802,-34.082
"Directions from Vía Sin Nombre, Paredones, O'Higgins, Chile to La Cuchilla, Navidad, O'Higgins, Chile",,0.97858469747414,339.25176582866783,-71.802,-34.081
"Directions from Vía Sin Nombre, Paredones, O'Higgins, Chile to La Cuchilla, Navidad, O'Higgins, Chile",,0.97862941883369,340.22016601955096,-71.802,-34.081
"Directions from Vía Sin Nombre, Paredones, O'Higgins, Chile to La Cuchilla, Navidad, O'Higgins, Chile",,0.97876283547433,353.50269160198332,-71.802,-34.081
"Directions from Vía Sin Nombre, Paredones, O'Higgins, Chile to La Cuchilla, Navidad, O'Higgins, Chile",,0.97877283547433,352.92329370609741,-71.802,-34.081
"Directions from Vía Sin Nombre, Paredones, O'Higgins, Chile to La Cuchilla, Navidad, O'Higgins, Chile",,0.98114483884701,344.70864298049383,-71.803,-34.079
"Directions from Vía Sin Nombre, Paredones, O'Higgins, Chile to La Cuchilla, Navidad, O'Higgins, Chile",,0.98277124593012,351.78534927439648,-71.803,-34.077
"Directions from Vía Sin Nombre, Paredones, O'Higgins, Chile to La Cuchilla, Navidad, O'Higgins, Chile",,0.98278124593011,351.93357973481631,-71.803,-34.077
"Directions from Vía Sin Nombre, Paredones, O'Higgins, Chile to La Cuchilla, Navidad, O'Higgins, Chile",,0.98404084904221,351.93357973481631,-71.803,-34.076
"Directions from Vía Sin Nombre, Paredones, O'Higgins, Chile to La Cuchilla, Navidad, O'Higgins, Chile",,0.98406084904221,350.99011535910341,-71.803,-34.076
"Directions from Vía Sin Nombre, Paredones, O'Higgins, Chile to La Cuchilla, Navidad, O'Higgins, Chile",,0.98493366059117,343.74523406214433,-71.804,-34.075
"Directions from Vía Sin Nombre, Paredones, O'Higgins, Chile to La Cuchilla, Navidad, O'Higgins, Chile",,0.98585289940672,352.75511870304092,-71.804,-34.074
"Directions from Vía Sin Nombre, Paredones, O'Higgins, Chile to La Cuchilla, Navidad, O'Higgins, Chile",,0.98586289940671,352.20624735829426,-71.804,-34.074
"Directions from Vía Sin Nombre, Paredones, O'Higgins, Chile to La Cuchilla, Navidad, O'Higgins, Chile",,0.98828186612827,299.93901981794568,-71.805,-34.072
"Directions from Vía Sin Nombre, Paredones, O'Higgins, Chile to La Cuchilla, Navidad, O'Higgins, Chile",,0.98856079264189,251.46986610496813,-71.805,-34.072
"Directions from Vía Sin Nombre, Paredones, O'Higgins, Chile to La Cuchilla, Navidad, O'Higgins, Chile",,0.99840157513110,241.89205987606360,-71.814,-34.076
"Directions from Vía Sin Nombre, Paredones, O'Higgins, Chile to La Cuchilla, Navidad, O'Higgins, Chile",,0.99843763064386,242.80285441606975,-71.814,-34.076
"Directions from Vía Sin Nombre, Paredones, O'Higgins, Chile to La Cuchilla, Navidad, O'Higgins, Chile",,1.00115299433957,248.15941593376385,-71.817,-34.077
"Directions from Vía Sin Nombre, Paredones, O'Higgins, Chile to La Cuchilla, Navidad, O'Higgins, Chile",,1.00251071301440,243.63908710184879,-71.818,-34.077
"Directions from Vía Sin Nombre, Paredones, O'Higgins, Chile to La Cuchilla, Navidad, O'Higgins, Chile",,1.00259133559189,244.22685461093388,-71.818,-34.077
"Directions from Vía Sin Nombre, Paredones, O'Higgins, Chile to La Cuchilla, Navidad, O'Higgins, Chile",,1.00269903888804,244.32990412726764,-71.818,-34.077
"Directions from Vía Sin Nombre, Paredones, O'Higgins, Chile to La Cuchilla, Navidad, O'Higgins, Chile",,1.00304385768103,238.86299573383477,-71.818,-34.078
"Directions from Vía Sin Nombre, Paredones, O'Higgins, Chile to La Cuchilla, Navidad, O'Higgins, Chile",,1.00337672402057,235.73368535002476,-71.819,-34.078
"Directions from Vía Sin Nombre, Paredones, O'Higgins, Chile to La Cuchilla, Navidad, O'Higgins, Chile",,1.00465894864987,252.10129848593161,-71.820,-34.079
"Directions from Vía Sin Nombre, Paredones, O'Higgins, Chile to La Cuchilla, Navidad, O'Higgins, Chile",,1.00466894864987,250.67009587292185,-71.820,-34.079
"Directions from Vía Sin Nombre, Paredones, O'Higgins, Chile to La Cuchilla, Navidad, O'Higgins, Chile",,1.00562941728548,229.85332620456657,-71.820,-34.079
"Directions from Vía Sin Nombre, Paredones, O'Higgins, Chile to La Cuchilla, Navidad, O'Higgins, Chile",,1.00587024917706,226.68323033228083,-71.821,-34.079
"Directions from Vía Sin Nombre, Paredones, O'Higgins, Chile to La Cuchilla, Navidad, O'Higgins, Chile",,1.00609652334705,222.23622992464016,-71.821,-34.080
"Directions from Vía Sin Nombre, Paredones, O'Higgins, Chile to La Cuchilla, Navidad, O'Higgins, Chile",,1.00631675050251,216.12366858598764,-71.821,-34.080
"Directions from Vía Sin Nombre, Paredones, O'Higgins, Chile to La Cuchilla, Navidad, O'Higgins, Chile",,1.00718496706534,215.09011697777677,-71.821,-34.080
"Directions from Vía Sin Nombre, Paredones, O'Higgins, Chile to La Cuchilla, Navidad, O'Higgins, Chile",,1.00739897641093,221.20267832088203,-71.821,-34.081
"Directions from Vía Sin Nombre, Paredones, O'Higgins, Chile to La Cuchilla, Navidad, O'Higgins, Chile",,1.00742726068218,229.60551327505536,-71.821,-34.081
"Directions from Vía Sin Nombre, Paredones, O'Higgins, Chile to La Cuchilla, Navidad, O'Higgins, Chile",,1.00795735501341,238.82298768142749,-71.822,-34.081
"Directions from Vía Sin Nombre, Paredones, O'Higgins, Chile to La Cuchilla, Navidad, O'Higgins, Chile",,1.00800207637296,239.87244064847107,-71.822,-34.081
"Directions from Vía Sin Nombre, Paredones, O'Higgins, Chile to La Cuchilla, Navidad, O'Higgins, Chile",,1.00897557521734,237.74711336158916,-71.823,-34.081
"Directions from Vía Sin Nombre, Paredones, O'Higgins, Chile to La Cuchilla, Navidad, O'Higgins, Chile",,1.00963927695758,237.11931492448485,-71.823,-34.082
"Directions from Vía Sin Nombre, Paredones, O'Higgins, Chile to La Cuchilla, Navidad, O'Higgins, Chile",,1.01065184794274,239.24464221136685,-71.824,-34.082
"Directions from Vía Sin Nombre, Paredones, O'Higgins, Chile to La Cuchilla, Navidad, O'Higgins, Chile",,1.01067420862253,234.95187476785148,-71.824,-34.082
"Directions from Vía Sin Nombre, Paredones, O'Higgins, Chile to La Cuchilla, Navidad, O'Higgins, Chile",,1.01095007090701,224.14448529648968,-71.824,-34.083
"Directions from Vía Sin Nombre, Paredones, O'Higgins, Chile to La Cuchilla, Navidad, O'Higgins, Chile",,1.01120502188268,219.84757676580489,-71.825,-34.083
"Directions from Vía Sin Nombre, Paredones, O'Higgins, Chile to La Cuchilla, Navidad, O'Higgins, Chile",,1.01143305696770,213.24272165901243,-71.825,-34.083
"Directions from Vía Sin Nombre, Paredones, O'Higgins, Chile to La Cuchilla, Navidad, O'Higgins, Chile",,1.01193425553115,210.46503808737259,-71.825,-34.083
"Directions from Vía Sin Nombre, Paredones, O'Higgins, Chile to La Cuchilla, Navidad, O'Higgins, Chile",,1.01251408309172,210.39691005900067,-71.825,-34.084
"Directions from Vía Sin Nombre, Paredones, O'Higgins, Chile to La Cuchilla, Navidad, O'Higgins, Chile",,1.01452766199506,210.37492396302977,-71.826,-34.086
"Directions from Vía Sin Nombre, Paredones, O'Higgins, Chile to La Cuchilla, Navidad, O'Higgins, Chile",,1.01475238404561,207.03852689705943,-71.826,-34.086
"Directions from Vía Sin Nombre, Paredones, O'Higgins, Chile to La Cuchilla, Navidad, O'Higgins, Chile",,1.01480623569368,206.49319206844709,-71.826,-34.086
"Directions from Vía Sin Nombre, Paredones, O'Higgins, Chile to La Cuchilla, Navidad, O'Higgins, Chile",,1.01569460498626,206.49319207687009,-71.827,-34.087
"Directions from Vía Sin Nombre, Paredones, O'Higgins, Chile to La Cuchilla, Navidad, O'Higgins, Chile",,1.01574845663433,206.46193984518860,-71.827,-34.087
"Directions from Vía Sin Nombre, Paredones, O'Higgins, Chile to La Cuchilla, Navidad, O'Higgins, Chile",,1.01636756890202,218.06123509925521,-71.827,-34.087
"Directions from Vía Sin Nombre, Paredones, O'Higgins, Chile to La Cuchilla, Navidad, O'Higgins, Chile",,1.01646656385139,232.62755935360917,-71.827,-34.087
"Directions from Vía Sin Nombre, Paredones, O'Higgins, Chile to La Cuchilla, Navidad, O'Higgins, Chile",,1.01662780900636,242.75579043942184,-71.827,-34.087
"Directions from Vía Sin Nombre, Paredones, O'Higgins, Chile to La Cuchilla, Navidad, O'Higgins, Chile",,1.01789406332520,257.62823108726661,-71.828,-34.088
"Directions from Vía Sin Nombre, Paredones, O'Higgins, Chile to La Cuchilla, Navidad, O'Higgins, Chile",,1.01790406332520,257.26832746897639,-71.828,-34.088
"Directions from Vía Sin Nombre, Paredones, O'Higgins, Chile to La Cuchilla, Navidad, O'Higgins, Chile",,1.01860184552618,248.05085305344431,-71.829,-34.088
"Directions from Vía Sin Nombre, Paredones, O'Higgins, Chile to La Cuchilla, Navidad, O'Higgins, Chile",,1.01863346830278,247.36227081801417,-71.829,-34.088
"Directions from Vía Sin Nombre, Paredones, O'Higgins, Chile to La Cuchilla, Navidad, O'Higgins, Chile",,1.01956368333169,241.70730458452712,-71.830,-34.089
"Directions from Vía Sin Nombre, Paredones, O'Higgins, Chile to La Cuchilla, Navidad, O'Higgins, Chile",,1.01988617364161,246.77793723547805,-71.830,-34.089
"Directions from Vía Sin Nombre, Paredones, O'Higgins, Chile to La Cuchilla, Navidad, O'Higgins, Chile",,1.01999057670670,250.42900120175145,-71.830,-34.089
"Directions from Vía Sin Nombre, Paredones, O'Higgins, Chile to La Cuchilla, Navidad, O'Higgins, Chile",,1.02048827139223,248.62440239892777,-71.831,-34.089
"Directions from Vía Sin Nombre, Paredones, O'Higgins, Chile to La Cuchilla, Navidad, O'Higgins, Chile",,1.02184245011012,250.95383486036999,-71.832,-34.090
"Directions from Vía Sin Nombre, Paredones, O'Higgins, Chile to La Cuchilla, Navidad, O'Higgins, Chile",,1.02295564371414,254.08993404473321,-71.833,-34.090
"Directions from Vía Sin Nombre, Paredones, O'Higgins, Chile to La Cuchilla, Navidad, O'Higgins, Chile",,1.02303810582664,251.67194579129389,-71.833,-34.090
"Directions from Vía Sin Nombre, Paredones, O'Higgins, Chile to La Cuchilla, Navidad, O'Higgins, Chile",,1.02316810582664,251.67194579249124,-71.833,-34.090
"Directions from Vía Sin Nombre, Paredones, O'Higgins, Chile to La Cuchilla, Navidad, O'Higgins, Chile",,1.02325056793916,252.70385565855776,-71.833,-34.090
"Directions from Vía Sin Nombre, Paredones, O'Higgins, Chile to La Cuchilla, Navidad, O'Higgins, Chile",,1.02333600797661,253.57781580962785,-71.834,-34.090
"Directions from Vía Sin Nombre, Paredones, O'Higgins, Chile to La Cuchilla, Navidad, O'Higgins, Chile",,1.02540337344987,259.79078724244761,-71.836,-34.090
"Directions from Vía Sin Nombre, Paredones, O'Higgins, Chile to La Cuchilla, Navidad, O'Higgins, Chile",,1.02547408412798,259.54558222988999,-71.836,-34.090
"Directions from Vía Sin Nombre, Paredones, O'Higgins, Chile to La Cuchilla, Navidad, O'Higgins, Chile",,1.02746335535132,260.04812523254833,-71.838,-34.091
"Directions from Vía Sin Nombre, Paredones, O'Higgins, Chile to La Cuchilla, Navidad, O'Higgins, Chile",,1.02754397792880,260.17308797224996,-71.838,-34.091
"Directions from Vía Sin Nombre, Paredones, O'Higgins, Chile to La Cuchilla, Navidad, O'Higgins, Chile",,1.02846593237453,259.00443504143539,-71.839,-34.091
"Directions from Vía Sin Nombre, Paredones, O'Higgins, Chile to La Cuchilla, Navidad, O'Higgins, Chile",,1.02901338100226,262.41354232643118,-71.839,-34.091
"Directions from Vía Sin Nombre, Paredones, O'Higgins, Chile to La Cuchilla, Navidad, O'Higgins, Chile",,1.02911387975848,269.55779925221850,-71.839,-34.091
"Directions from Vía Sin Nombre, Paredones, O'Higgins, Chile to La Cuchilla, Navidad, O'Higgins, Chile",,1.03291736500230,272.41309582177445,-71.843,-34.091
"Directions from Vía Sin Nombre, Paredones, O'Higgins, Chile to La Cuchilla, Navidad, O'Higgins, Chile",,1.03300736500230,274.37308113115995,-71.843,-34.091
"Directions from Vía Sin Nombre, Paredones, O'Higgins, Chile to La Cuchilla, Navidad, O'Higgins, Chile",,1.03313889446668,276.66835272395974,-71.843,-34.091
"Directions from Vía Sin Nombre, Paredones, O'Higgins, Chile to La Cuchilla, Navidad, O'Higgins, Chile",,1.03451330343055,273.39657067398338,-71.845,-34.091
"Directions from Vía Sin Nombre, Paredones, O'Higgins, Chile to La Cuchilla, Navidad, O'Higgins, Chile",,1.03477349566719,269.67009646762011,-71.845,-34.091
"Directions from Vía Sin Nombre, Paredones, O'Higgins, Chile to La Cuchilla, Navidad, O'Higgins, Chile",,1.03497374551113,263.65201540436107,-71.845,-34.091
"Directions from Vía Sin Nombre, Paredones, O'Higgins, Chile to La Cuchilla, Navidad, O'Higgins, Chile",,1.03573492880048,258.06509628396128,-71.846,-34.091
"Directions from Vía Sin Nombre, Paredones, O'Higgins, Chile to La Cuchilla, Navidad, O'Higgins, Chile",,1.03585862196926,254.40091886463625,-71.846,-34.091
"Directions from Vía Sin Nombre, Paredones, O'Higgins, Chile to La Cuchilla, Navidad, O'Higgins, Chile",,1.03657031010319,255.15463674426323,-71.847,-34.091
"Directions from Vía Sin Nombre, Paredones, O'Higgins, Chile to La Cuchilla, Navidad, O'Higgins, Chile",,1.03666250554777,261.35377530011345,-71.847,-34.091
"Directions from Vía Sin Nombre, Paredones, O'Higgins, Chile to La Cuchilla, Navidad, O'Higgins, Chile",,1.03702375338513,266.92800211776006,-71.847,-34.091
"Directions from Vía Sin Nombre, Paredones, O'Higgins, Chile to La Cuchilla, Navidad, O'Higgins, Chile",,1.03785399431403,267.31436641390917,-71.848,-34.091
"Directions from Vía Sin Nombre, Paredones, O'Higgins, Chile to La Cuchilla, Navidad, O'Higgins, Chile",,1.03828503955527,263.63146231955653,-71.848,-34.091
"Directions from Vía Sin Nombre, Paredones, O'Higgins, Chile to La Cuchilla, Navidad, O'Higgins, Chile",,1.03881115741279,263.07583624266272,-71.849,-34.091
"Directions from Vía Sin Nombre, Paredones, O'Higgins, Chile to La Cuchilla, Navidad, O'Higgins, Chile",,1.03937338512466,267.44891737370494,-71.849,-34.091
"Directions from Vía Sin Nombre, Paredones, O'Higgins, Chile to La Cuchilla, Navidad, O'Higgins, Chile",,1.03941338512466,267.04692944308397,-71.849,-34.091
"Directions from Vía Sin Nombre, Paredones, O'Higgins, Chile to La Cuchilla, Navidad, O'Higgins, Chile",,1.04145421828786,262.83344493250758,-71.851,-34.092
"Directions from Vía Sin Nombre, Paredones, O'Higgins, Chile to La Cuchilla, Navidad, O'Higgins, Chile",,1.04227305893170,260.30948416727523,-71.852,-34.092
"Directions from Vía Sin Nombre, Paredones, O'Higgins, Chile to La Cuchilla, Navidad, O'Higgins, Chile",,1.04258881199978,281.36800244201589,-71.853,-34.092
"Directions from Vía Sin Nombre, Paredones, O'Higgins, Chile to La Cuchilla, Navidad, O'Higgins, Chile",,1.04273303405079,300.05539857391926,-71.853,-34.092
"Directions from Vía Sin Nombre, Paredones, O'Higgins, Chile to La Cuchilla, Navidad, O'Higgins, Chile",,1.04450847765734,293.48838741843144,-71.854,-34.091
"Directions from Vía Sin Nombre, Paredones, O'Higgins, Chile to La Cuchilla, Navidad, O'Higgins, Chile",,1.04459391769479,293.56054819721533,-71.854,-34.091
"Directions from Vía Sin Nombre, Paredones, O'Higgins, Chile to La Cuchilla, Navidad, O'Higgins, Chile",,1.04499640993074,298.76440385477531,-71.855,-34.091
"Directions from Vía Sin Nombre, Paredones, O'Higgins, Chile to La Cuchilla, Navidad, O'Higgins, Chile",,1.04534626704443,304.81178239228842,-71.855,-34.090
"Directions from Vía Sin Nombre, Paredones, O'Higgins, Chile to La Cuchilla, Navidad, O'Higgins, Chile",,1.04541029828680,289.32990412605210,-71.855,-34.090
"Directions from Vía Sin Nombre, Paredones, O'Higgins, Chile to La Cuchilla, Navidad, O'Higgins, Chile",,1.04542029828680,298.15496624327335,-71.855,-34.090
"Directions from Vía Sin Nombre, Paredones, O'Higgins, Chile to La Cuchilla, Navidad, O'Higgins, Chile",,1.04545635379956,329.87244065066324,-71.855,-34.090
"Directions from Vía Sin Nombre, Paredones, O'Higgins, Chile to La Cuchilla, Navidad, O'Higgins, Chile",,1.04552343583888,339.18323032840186,-71.855,-34.090
"Directions from Vía Sin Nombre, Paredones, O'Higgins, Chile to La Cuchilla, Navidad, O'Higgins, Chile",,1.04579269407924,352.46575592101198,-71.855,-34.090
"Directions from Vía Sin Nombre, Paredones, O'Higgins, Chile to La Cuchilla, Navidad, O'Higgins, Chile",,1.04581269407924,353.73559614566375,-71.855,-34.090
"Directions from Vía Sin Nombre, Paredones, O'Higgins, Chile to La Cuchilla, Navidad, O'Higgins, Chile",,1.04599708496839,344.51812173379562,-71.855,-34.090
"Directions from Vía Sin Nombre, Paredones, O'Higgins, Chile to La Cuchilla, Navidad, O'Higgins, Chile",,1.04615519885140,336.25522353820924,-71.855,-34.090
"Directions from Vía Sin Nombre, Paredones, O'Higgins, Chile to La Cuchilla, Navidad, O'Higgins, Chile",,1.04625815515281,318.24153684771505,-71.855,-34.090
"Directions from Vía Sin Nombre, Paredones, O'Higgins, Chile to La Cuchilla, Navidad, O'Higgins, Chile",,1.04634417840547,287.76883889763764,-71.855,-34.090
"Directions from Vía Sin Nombre, Paredones, O'Higgins, Chile to La Cuchilla, Navidad, O'Higgins, Chile",,1.04635417840548,279.21747440535432,-71.855,-34.090
"Directions from Vía Sin Nombre, Paredones, O'Higgins, Chile to La Cuchilla, Navidad, O'Higgins, Chile",,1.04638580118209,279.21747440535432,-71.855,-34.090
"Directions from Vía Sin Nombre, Paredones, O'Higgins, Chile to La Cuchilla, Navidad, O'Higgins, Chile",,1.04647580118209,265.26883889708745,-71.856,-34.090
"Directions from Vía Sin Nombre, Paredones, O'Higgins, Chile to La Cuchilla, Navidad, O'Higgins, Chile",,1.04653662880738,248.42380513879499,-71.856,-34.090
"Directions from Vía Sin Nombre, Paredones, O'Higgins, Chile to La Cuchilla, Navidad, O'Higgins, Chile",,1.04657268432014,243.93749182617549,-71.856,-34.090
"Directions from Vía Sin Nombre, Paredones, O'Higgins, Chile to La Cuchilla, Navidad, O'Higgins, Chile",,1.04660430709674,243.01368668683023,-71.856,-34.090
"Directions from Vía Sin Nombre, Paredones, O'Higgins, Chile to La Cuchilla, Navidad, O'Higgins, Chile",,1.04669033034940,225.66610993016968,-71.856,-34.090
"Directions from Vía Sin Nombre, Paredones, O'Higgins, Chile to La Cuchilla, Navidad, O'Higgins, Chile",,1.04674033034941,198.43494882780735,-71.856,-34.090
"Directions from Vía Sin Nombre, Paredones, O'Higgins, Chile to La Cuchilla, Navidad, O'Higgins, Chile",,1.04677033034940,202.49999997964443,-71.856,-34.090
"Directions from Vía Sin Nombre, Paredones, O'Higgins, Chile to La Cuchilla, Navidad, O'Higgins, Chile",,1.04678447248502,209.51812171600247,-71.856,-34.090
"Directions from Vía Sin Nombre, Paredones, O'Higgins, Chile to La Cuchilla, Navidad, O'Higgins, Chile",,1.04682570354128,201.89056238420281,-71.856,-34.090
"Directions from Vía Sin Nombre, Paredones, O'Higgins, Chile to La Cuchilla, Navidad, O'Higgins, Chile",,1.04690632611876,213.30738947565212,-71.856,-34.090
"Directions from Vía Sin Nombre, Paredones, O'Higgins, Chile to La Cuchilla, Navidad, O'Higgins, Chile",,1.04695632611877,220.93494882526292,-71.856,-34.090
"Directions from Vía Sin Nombre, Paredones, O'Higgins, Chile to La Cuchilla, Navidad, O'Higgins, Chile",,1.04701289466126,229.06505117399072,-71.856,-34.090
"Directions from Vía Sin Nombre, Paredones, O'Higgins, Chile to La Cuchilla, Navidad, O'Higgins, Chile",,1.04716289466126,235.19743804165711,-71.856,-34.090
"Directions from Vía Sin Nombre, Paredones, O'Higgins, Chile to La Cuchilla, Navidad, O'Higgins, Chile",,1.04732932783103,240.34986127658297,-71.856,-34.090
"Directions from Vía Sin Nombre, Paredones, O'Higgins, Chile to La Cuchilla, Navidad, O'Higgins, Chile",,1.04739640987036,249.69935267510303,-71.856,-34.090
"Directions from Vía Sin Nombre, Paredones, O'Higgins, Chile to La Cuchilla, Navidad, O'Higgins, Chile",,1.04743764092661,262.98187826364199,-71.856,-34.090
"Directions from Vía Sin Nombre, Paredones, O'Higgins, Chile to La Cuchilla, Navidad, O'Higgins, Chile",,1.04747764092661,277.01812173635801,-71.856,-34.090
"Directions from Vía Sin Nombre, Paredones, O'Higgins, Chile to La Cuchilla, Navidad, O'Higgins, Chile",,1.04751887198287,287.08627345056181,-71.856,-34.090
"Directions from Vía Sin Nombre, Paredones, O'Higgins, Chile to La Cuchilla, Navidad, O'Higgins, Chile",,1.04783840288904,284.79931281601603,-71.857,-34.090
"Directions from Vía Sin Nombre, Paredones, O'Higgins, Chile to La Cuchilla, Navidad, O'Higgins, Chile",,1.04789923051434,274.73116110181218,-71.857,-34.090
"Directions from Vía Sin Nombre, Paredones, O'Higgins, Chile to La Cuchilla, Navidad, O'Higgins, Chile",,1.04799923051435,253.15496623753205,-71.857,-34.090
"Directions from Vía Sin Nombre, Paredones, O'Higgins, Chile to La Cuchilla, Navidad, O'Higgins, Chile",,1.04810739705261,232.85431891431139,-71.857,-34.090
"Directions from Vía Sin Nombre, Paredones, O'Higgins, Chile to La Cuchilla, Navidad, O'Higgins, Chile",,1.04819959249718,236.41682708824032,-71.857,-34.090
"Directions from Vía Sin Nombre, Paredones, O'Higgins, Chile to La Cuchilla, Navidad, O'Higgins, Chile",,1.04824431385673,249.69935267510303,-71.857,-34.090
"Directions from Vía Sin Nombre, Paredones, O'Higgins, Chile to La Cuchilla, Navidad, O'Higgins, Chile",,1.04828554491298,249.69935268324525,-71.857,-34.090
"Directions from Vía Sin Nombre, Paredones, O'Higgins, Chile to La Cuchilla, Navidad, O'Higgins, Chile",,1.04830790559276,256.71747441960326,-71.857,-34.090
"Directions from Vía Sin Nombre, Paredones, O'Higgins, Chile to La Cuchilla, Navidad, O'Higgins, Chile",,1.04832790559275,279.21747440535432,-71.857,-34.090
"Directions from Vía Sin Nombre, Paredones, O'Higgins, Chile to La Cuchilla, Navidad, O'Higgins, Chile",,1.04835952836936,295.45307055185623,-71.857,-34.090
"Directions from Vía Sin Nombre, Paredones, O'Higgins, Chile to La Cuchilla, Navidad, O'Higgins, Chile",,1.04848991241746,316.93036631248208,-71.857,-34.090
"Directions from Vía Sin Nombre, Paredones, O'Higgins, Chile to La Cuchilla, Navidad, O'Higgins, Chile",,1.04861521205832,340.96360906031691,-71.857,-34.090
"Directions from Vía Sin Nombre, Paredones, O'Higgins, Chile to La Cuchilla, Navidad, O'Higgins, Chile",,1.04867603968362,355.26883889433674,-71.857,-34.090
"Directions from Vía Sin Nombre, Paredones, O'Higgins, Chile to La Cuchilla, Navidad, O'Higgins, Chile",,1.04875603968363,2.67791252225521,-71.857,-34.090
"Directions from Vía Sin Nombre, Paredones, O'Higgins, Chile to La Cuchilla, Navidad, O'Higgins, Chile",,1.04907744285723,2.67791252225521,-71.857,-34.090
"Directions from Vía Sin Nombre, Paredones, O'Higgins, Chile to La Cuchilla, Navidad, O'Higgins, Chile",,1.04916744285723,352.98187826364199,-71.857,-34.089
"Directions from Vía Sin Nombre, Paredones, O'Higgins, Chile to La Cuchilla, Navidad, O'Higgins, Chile",,1.04924990496974,339.69935267510294,-71.857,-34.089
"Directions from Vía Sin Nombre, Paredones, O'Higgins, Chile to La Cuchilla, Navidad, O'Higgins, Chile",,1.04933934768884,337.49999999796438,-71.857,-34.089
"Directions from Vía Sin Nombre, Paredones, O'Higgins, Chile to La Cuchilla, Navidad, O'Higgins, Chile",,1.04940259324205,331.84503376220698,-71.857,-34.089
"Directions from Vía Sin Nombre, Paredones, O'Higgins, Chile to La Cuchilla, Navidad, O'Higgins, Chile",,1.04951661078456,319.24447194147615,-71.857,-34.089
"Directions from Vía Sin Nombre, Paredones, O'Higgins, Chile to La Cuchilla, Navidad, O'Higgins, Chile",,1.05011074881566,317.99969547943073,-71.858,-34.089
"Directions from Vía Sin Nombre, Paredones, O'Higgins, Chile to La Cuchilla, Navidad, O'Higgins, Chile",,1.05037323691062,324.01398059088314,-71.858,-34.088
"Directions from Vía Sin Nombre, Paredones, O'Higgins, Chile to La Cuchilla, Navidad, O'Higgins, Chile",,1.05067852366107,330.91372328461489,-71.858,-34.088
"Directions from Vía Sin Nombre, Paredones, O'Higgins, Chile to La Cuchilla, Navidad, O'Higgins, Chile",,1.05072324502062,336.35469497458365,-71.858,-34.088
"Directions from Vía Sin Nombre, Paredones, O'Higgins, Chile to La Cuchilla, Navidad, O'Higgins, Chile",,1.05111884582952,336.35469497729770,-71.858,-34.088
"Directions from Vía Sin Nombre, Paredones, O'Higgins, Chile to La Cuchilla, Navidad, O'Higgins, Chile",,1.05125300990817,328.52529850364783,-71.858,-34.088
"Directions from Vía Sin Nombre, Paredones, O'Higgins, Chile to La Cuchilla, Navidad, O'Higgins, Chile",,1.05148901838259,327.53212815686334,-71.858,-34.088
"Directions from Vía Sin Nombre, Paredones, O'Higgins, Chile to La Cuchilla, Navidad, O'Higgins, Chile",,1.05226316307191,333.41252166982883,-71.859,-34.087
"Directions from Vía Sin Nombre, Paredones, O'Higgins, Chile to La Cuchilla, Navidad, O'Higgins, Chile",,1.05252717064756,325.18821761668710,-71.859,-34.087
"Directions from Vía Sin Nombre, Paredones, O'Higgins, Chile to La Cuchilla, Navidad, O'Higgins, Chile",,1.05254131278317,333.43494883187850,-71.859,-34.087
"Directions from Vía Sin Nombre, Paredones, O'Higgins, Chile to La Cuchilla, Navidad, O'Higgins, Chile",,1.05268273413941,2.19935267819222,-71.859,-34.086
"Directions from Vía Sin Nombre, Paredones, O'Higgins, Chile to La Cuchilla, Navidad, O'Higgins, Chile",,1.05277492958399,7.77079760695255,-71.859,-34.086
"Directions from Vía Sin Nombre, Paredones, O'Higgins, Chile to La Cuchilla, Navidad, O'Higgins, Chile",,1.05296519255989,358.65109718493579,-71.859,-34.086
"Directions from Vía Sin Nombre, Paredones, O'Higgins, Chile to La Cuchilla, Navidad, O'Higgins, Chile",,1.05306569131610,348.38191924710071,-71.859,-34.086
"Directions from Vía Sin Nombre, Paredones, O'Higgins, Chile to La Cuchilla, Navidad, O'Higgins, Chile",,1.05326493990456,351.23721581262583,-71.859,-34.086
"Directions from Vía Sin Nombre, Paredones, O'Higgins, Chile to La Cuchilla, Navidad, O'Higgins, Chile",,1.05327493990456,346.71747441146107,-71.859,-34.086
"Directions from Vía Sin Nombre, Paredones, O'Higgins, Chile to La Cuchilla, Navidad, O'Higgins, Chile",,1.05347618602253,328.70378771934929,-71.859,-34.086
"Directions from Vía Sin Nombre, Paredones, O'Higgins, Chile to La Cuchilla, Navidad, O'Higgins, Chile",,1.05361220072762,313.83134706618080,-71.859,-34.086
"Directions from Vía Sin Nombre, Paredones, O'Higgins, Chile to La Cuchilla, Navidad, O'Higgins, Chile",,1.05364825624038,308.73559614138998,-71.859,-34.086
"Directions from Vía Sin Nombre, Paredones, O'Higgins, Chile to La Cuchilla, Navidad, O'Higgins, Chile",,1.05398067164314,320.65496623611665,-71.859,-34.085
"Directions from Vía Sin Nombre, Paredones, O'Higgins, Chile to La Cuchilla, Navidad, O'Higgins, Chile",,1.05411105569125,334.54692944206704,-71.860,-34.085
"Directions from Vía Sin Nombre, Paredones, O'Higgins, Chile to La Cuchilla, Navidad, O'Higgins, Chile",,1.05423754679766,333.28651548985960,-71.860,-34.085
"Directions from Vía Sin Nombre, Paredones, O'Higgins, Chile to La Cuchilla, Navidad, O'Higgins, Chile",,1.05460374346613,323.17408577475965,-71.860,-34.085
"Directions from Vía Sin Nombre, Paredones, O'Higgins, Chile to La Cuchilla, Navidad, O'Higgins, Chile",,1.05479583719325,318.17009586885905,-71.860,-34.085
"Directions from Vía Sin Nombre, Paredones, O'Higgins, Chile to La Cuchilla, Navidad, O'Higgins, Chile",,1.05485240573575,318.17009586836258,-71.860,-34.085
"Directions from Vía Sin Nombre, Paredones, O'Higgins, Chile to La Cuchilla, Navidad, O'Higgins, Chile",,1.05510853070525,323.82506211124445,-71.860,-34.084
"Directions from Vía Sin Nombre, Paredones, O'Higgins, Chile to La Cuchilla, Navidad, O'Higgins, Chile",,1.05525275275627,329.53409547884621,-71.860,-34.084
"Directions from Vía Sin Nombre, Paredones, O'Higgins, Chile to La Cuchilla, Navidad, O'Higgins, Chile",,1.05638875451683,330.37643763849809,-71.861,-34.083
"Directions from Vía Sin Nombre, Paredones, O'Higgins, Chile to La Cuchilla, Navidad, O'Higgins, Chile",,1.05657743413946,325.76269120162260,-71.861,-34.083
"Directions from Vía Sin Nombre, Paredones, O'Higgins, Chile to La Cuchilla, Navidad, O'Higgins, Chile",,1.05686344113239,326.28350454053583,-71.861,-34.083
"Directions from Vía Sin Nombre, Paredones, O'Higgins, Chile to La Cuchilla, Navidad, O'Higgins, Chile",,1.05692175065134,318.84802586241011,-71.861,-34.083
"Directions from Vía Sin Nombre, Paredones, O'Higgins, Chile to La Cuchilla, Navidad, O'Higgins, Chile",,1.05711384437846,304.45812270844954,-71.861,-34.083
"Directions from Vía Sin Nombre, Paredones, O'Higgins, Chile to La Cuchilla, Navidad, O'Higgins, Chile",,1.05725276881836,285.12821858239744,-71.861,-34.083
"Directions from Vía Sin Nombre, Paredones, O'Higgins, Chile to La Cuchilla, Navidad, O'Higgins, Chile",,1.05727276881835,281.30993247353842,-71.861,-34.083
"Directions from Vía Sin Nombre, Paredones, O'Higgins, Chile to La Cuchilla, Navidad, O'Higgins, Chile",,1.05740276881836,289.28263042361579,-71.861,-34.083
"Directions from Vía Sin Nombre, Paredones, O'Higgins, Chile to La Cuchilla, Navidad, O'Higgins, Chile",,1.05754837101614,280.35451879628272,-71.862,-34.083
"Directions from Vía Sin Nombre, Paredones, O'Higgins, Chile to La Cuchilla, Navidad, O'Higgins, Chile",,1.05766878696193,271.39435384042594,-71.862,-34.083
"Directions from Vía Sin Nombre, Paredones, O'Higgins, Chile to La Cuchilla, Navidad, O'Higgins, Chile",,1.05795895932449,265.92744544685274,-71.862,-34.083
"Directions from Vía Sin Nombre, Paredones, O'Higgins, Chile to La Cuchilla, Navidad, O'Higgins, Chile",,1.05833111520581,280.19743804117121,-71.862,-34.083
"Directions from Vía Sin Nombre, Paredones, O'Higgins, Chile to La Cuchilla, Navidad, O'Higgins, Chile",,1.05835347588560,285.87974004157218,-71.862,-34.083
"Directions from Vía Sin Nombre, Paredones, O'Higgins, Chile to La Cuchilla, Navidad, O'Higgins, Chile",,1.05846392949576,282.11001747190403,-71.862,-34.083
"Directions from Vía Sin Nombre, Paredones, O'Higgins, Chile to La Cuchilla, Navidad, O'Higgins, Chile",,1.05877068672877,283.39538602750542,-71.863,-34.082
"Directions from Vía Sin Nombre, Paredones, O'Higgins, Chile to La Cuchilla, Navidad, O'Higgins, Chile",,1.05899272276188,287.16510860531582,-71.863,-34.082
"Directions from Vía Sin Nombre, Paredones, O'Higgins, Chile to La Cuchilla, Navidad, O'Higgins, Chile",,1.05901508344165,284.10081411714089,-71.863,-34.082
"Directions from Vía Sin Nombre, Paredones, O'Higgins, Chile to La Cuchilla, Navidad, O'Higgins, Chile",,1.05936522626966,273.49620104208429,-71.863,-34.082
"Directions from Vía Sin Nombre, Paredones, O'Higgins, Chile to La Cuchilla, Navidad, O'Higgins, Chile",,1.05968662944326,271.08799746219358,-71.864,-34.082
"Directions from Vía Sin Nombre, Paredones, O'Higgins, Chile to La Cuchilla, Navidad, O'Higgins, Chile",,1.05986690700702,268.41008494056899,-71.864,-34.082
"Directions from Vía Sin Nombre, Paredones, O'Higgins, Chile to La Cuchilla, Navidad, O'Higgins, Chile",,1.06029690700703,274.73116110401281,-71.864,-34.082
"Directions from Vía Sin Nombre, Paredones, O'Higgins, Chile to La Cuchilla, Navidad, O'Higgins, Chile",,1.06041856225763,283.94863551411680,-71.864,-34.082
"Directions from Vía Sin Nombre, Paredones, O'Higgins, Chile to La Cuchilla, Navidad, O'Higgins, Chile",,1.06051343058744,291.03216327503191,-71.864,-34.082
"Directions from Vía Sin Nombre, Paredones, O'Higgins, Chile to La Cuchilla, Navidad, O'Higgins, Chile",,1.06068807307941,303.87398686711856,-71.865,-34.082
"Directions from Vía Sin Nombre, Paredones, O'Higgins, Chile to La Cuchilla, Navidad, O'Higgins, Chile",,1.06114774687679,317.30546028044853,-71.865,-34.082
"Directions from Vía Sin Nombre, Paredones, O'Higgins, Chile to La Cuchilla, Navidad, O'Higgins, Chile",,1.06188652965948,321.73621915097817,-71.865,-34.081
"Directions from Vía Sin Nombre, Paredones, O'Higgins, Chile to La Cuchilla, Navidad, O'Higgins, Chile",,1.06341453489507,326.12231302171625,-71.866,-34.080
"Directions from Vía Sin Nombre, Paredones, O'Higgins, Chile to La Cuchilla, Navidad, O'Higgins, Chile",,1.06384499976007,322.13225614899602,-71.867,-34.080
"Directions from Vía Sin Nombre, Paredones, O'Higgins, Chile to La Cuchilla, Navidad, O'Higgins, Chile",,1.06398642111631,312.04692944349790,-71.867,-34.080
"Directions from Vía Sin Nombre, Paredones, O'Higgins, Chile to La Cuchilla, Navidad, O'Higgins, Chile",,1.06419257639759,310.61572683003595,-71.867,-34.080
"Directions from Vía Sin Nombre, Paredones, O'Higgins, Chile to La Cuchilla, Navidad, O'Higgins, Chile",,1.06447577244277,317.39903505382864,-71.867,-34.079
"Directions from Vía Sin Nombre, Paredones, O'Higgins, Chile to La Cuchilla, Navidad, O'Higgins, Chile",,1.06569581342568,334.31211593153125,-71.868,-34.078
"Directions from Vía Sin Nombre, Paredones, O'Higgins, Chile to La Cuchilla, Navidad, O'Higgins, Chile",,1.06577827553819,352.98187826424066,-71.868,-34.078
"Directions from Vía Sin Nombre, Paredones, O'Higgins, Chile to La Cuchilla, Navidad, O'Higgins, Chile",,1.06581827553819,5.65496623857592,-71.868,-34.078
"Directions from Vía Sin Nombre, Paredones, O'Higgins, Chile to La Cuchilla, Navidad, O'Higgins, Chile",,1.06586926573333,21.65765784353252,-71.868,-34.078
"Directions from Vía Sin Nombre, Paredones, O'Higgins, Chile to La Cuchilla, Navidad, O'Higgins, Chile",,1.06596360554465,41.67278747729097,-71.868,-34.078
"Directions from Vía Sin Nombre, Paredones, O'Higgins, Chile to La Cuchilla, Navidad, O'Higgins, Chile",,1.06621973051414,44.10504469688480,-71.868,-34.078
"Directions from Vía Sin Nombre, Paredones, O'Higgins, Chile to La Cuchilla, Navidad, O'Higgins, Chile",,1.06631973051414,22.80802995700469,-71.867,-34.078
"Directions from Vía Sin Nombre, Paredones, O'Higgins, Chile to La Cuchilla, Navidad, O'Higgins, Chile",,1.06645125997853,0.30802995374778,-71.867,-34.078
"Directions from Vía Sin Nombre, Paredones, O'Higgins, Chile to La Cuchilla, Navidad, O'Higgins, Chile",,1.06652197065664,347.17216463457567,-71.867,-34.078
"Directions from Vía Sin Nombre, Paredones, O'Higgins, Chile to La Cuchilla, Navidad, O'Higgins, Chile",,1.06751821359890,344.00883811315100,-71.868,-34.077
"Directions from Vía Sin Nombre, Paredones, O'Higgins, Chile to La Cuchilla, Navidad, O'Higgins, Chile",,1.06884006835643,342.49359969119251,-71.868,-34.075
"Directions from Vía Sin Nombre, Paredones, O'Higgins, Chile to La Cuchilla, Navidad, O'Higgins, Chile",,1.06892550839388,337.38354580554130,-71.868,-34.075
"Directions from Vía Sin Nombre, Paredones, O'Higgins, Chile to La Cuchilla, Navidad, O'Higgins, Chile",,1.06933269385532,338.38000487082445,-71.868,-34.075
"Directions from Vía Sin Nombre, Paredones, O'Higgins, Chile to La Cuchilla, Navidad, O'Higgins, Chile",,1.07074623550663,342.95638096009617,-71.869,-34.074
"Directions from Vía Sin Nombre, Paredones, O'Higgins, Chile to La Cuchilla, Navidad, O'Higgins, Chile",,1.07093305092355,342.51792708852429,-71.869,-34.074
"Directions from Vía Sin Nombre, Paredones, O'Higgins, Chile to La Cuchilla, Navidad, O'Higgins, Chile",,1.07111332848732,342.30728463495763,-71.869,-34.073
"Directions from Vía Sin Nombre, Paredones, O'Higgins, Chile to La Cuchilla, Navidad, O'Higgins, Chile",,1.07125893068511,339.80532465929616,-71.869,-34.073
"Directions from Vía Sin Nombre, Paredones, O'Higgins, Chile to La Cuchilla, Navidad, O'Higgins, Chile",,1.07137976114485,330.93298884638364,-71.869,-34.073
"Directions from Vía Sin Nombre, Paredones, O'Higgins, Chile to La Cuchilla, Navidad, O'Higgins, Chile",,1.07145187217035,322.85431891355000,-71.869,-34.073
"Directions from Vía Sin Nombre, Paredones, O'Higgins, Chile to La Cuchilla, Navidad, O'Higgins, Chile",,1.07154406761493,315.41118548941739,-71.869,-34.073
"Directions from Vía Sin Nombre, Paredones, O'Higgins, Chile to La Cuchilla, Navidad, O'Higgins, Chile",,1.07199749897688,315.80904726574380,-71.869,-34.073
"Directions from Vía Sin Nombre, Paredones, O'Higgins, Chile to La Cuchilla, Navidad, O'Higgins, Chile",,1.07207560147364,332.63150586396642,-71.869,-34.073
"Directions from Vía Sin Nombre, Paredones, O'Higgins, Chile to La Cuchilla, Navidad, O'Higgins, Chile",,1.07223084322060,352.53429141110018,-71.869,-34.072
"Directions from Vía Sin Nombre, Paredones, O'Higgins, Chile to La Cuchilla, Navidad, O'Higgins, Chile",,1.07231084322060,355.62691886731039,-71.869,-34.072
"Directions from Vía Sin Nombre, Paredones, O'Higgins, Chile to La Cuchilla, Navidad, O'Higgins, Chile",,1.07244237268498,347.99935951687763,-71.870,-34.072
"Directions from Vía Sin Nombre, Paredones, O'Higgins, Chile to La Cuchilla, Navidad, O'Higgins, Chile",,1.07255639022749,339.08991506153706,-71.870,-34.072
"Directions from Vía Sin Nombre, Paredones, O'Higgins, Chile to La Cuchilla, Navidad, O'Higgins, Chile",,1.07273527566569,327.77998258485502,-71.870,-34.072
"Directions from Vía Sin Nombre, Paredones, O'Higgins, Chile to La Cuchilla, Navidad, O'Higgins, Chile",,1.07284929320820,318.56250817373325,-71.870,-34.072
"Directions from Vía Sin Nombre, Paredones, O'Higgins, Chile to La Cuchilla, Navidad, O'Higgins, Chile",,1.07301899883569,319.73116110389816,-71.870,-34.072
"Directions from Vía Sin Nombre, Paredones, O'Higgins, Chile to La Cuchilla, Navidad, O'Higgins, Chile",,1.07319104534103,330.63186584798069,-71.870,-34.072
"Directions from Vía Sin Nombre, Paredones, O'Higgins, Chile to La Cuchilla, Navidad, O'Higgins, Chile",,1.07326720307208,339.18323033075558,-71.870,-34.072
"Directions from Vía Sin Nombre, Paredones, O'Higgins, Chile to La Cuchilla, Navidad, O'Higgins, Chile",,1.07336207140189,350.78252558582489,-71.870,-34.071
"Directions from Vía Sin Nombre, Paredones, O'Higgins, Chile to La Cuchilla, Navidad, O'Higgins, Chile",,1.07338207140189,353.41372328878208,-71.870,-34.071
"Directions from Vía Sin Nombre, Paredones, O'Higgins, Chile to La Cuchilla, Navidad, O'Higgins, Chile",,1.07386477213733,349.81410646974479,-71.870,-34.071
"Directions from Vía Sin Nombre, Paredones, O'Higgins, Chile to La Cuchilla, Navidad, O'Higgins, Chile",,1.07482232109170,356.40038318096271,-71.870,-34.070
"Directions from Vía Sin Nombre, Paredones, O'Higgins, Chile to La Cuchilla, Navidad, O'Higgins, Chile",,1.07485232109170,346.71747440971626,-71.870,-34.070
"Directions from Vía Sin Nombre, Paredones, O'Higgins, Chile to La Cuchilla, Navidad, O'Higgins, Chile",,1.07500884585013,329.87244064829218,-71.870,-34.070
"Directions from Vía Sin Nombre, Paredones, O'Higgins, Chile to La Cuchilla, Navidad, O'Higgins, Chile",,1.07508095687564,321.71551443651629,-71.870,-34.070
"Directions from Vía Sin Nombre, Paredones, O'Higgins, Chile to La Cuchilla, Navidad, O'Higgins, Chile",,1.07527200660738,321.71551443390661,-71.870,-34.070
"Directions from Vía Sin Nombre, Paredones, O'Higgins, Chile to La Cuchilla, Navidad, O'Higgins, Chile",,1.07538017314565,320.65496623596624,-71.870,-34.070
"Directions from Vía Sin Nombre, Paredones, O'Higgins, Chile to La Cuchilla, Navidad, O'Higgins, Chile",,1.07539431528127,337.49999999999994,-71.871,-34.070
"Directions from Vía Sin Nombre, Paredones, O'Higgins, Chile to La Cuchilla, Navidad, O'Higgins, Chile",,1.07541431528127,354.84757676757113,-71.871,-34.070
"Directions from Vía Sin Nombre, Paredones, O'Higgins, Chile to La Cuchilla, Navidad, O'Higgins, Chile",,1.07552611868015,355.64314690341956,-71.871,-34.069
"Directions from Vía Sin Nombre, Paredones, O'Higgins, Chile to La Cuchilla, Navidad, O'Higgins, Chile",,1.07588625754225,358.41374928978342,-71.871,-34.069
"Directions from Vía Sin Nombre, Paredones, O'Higgins, Chile to La Cuchilla, Navidad, O'Higgins, Chile",,1.07600667348804,350.99791919654155,-71.871,-34.069
"Directions from Vía Sin Nombre, Paredones, O'Higgins, Chile to La Cuchilla, Navidad, O'Higgins, Chile",,1.07670524345590,344.82837555587986,-71.871,-34.068
"Directions from Vía Sin Nombre, Paredones, O'Higgins, Chile to La Cuchilla, Navidad, O'Higgins, Chile",,1.07684125816100,18.67979662031184,-71.871,-34.068
"Directions from Vía Sin Nombre, Paredones, O'Higgins, Chile to La Cuchilla, Navidad, O'Higgins, Chile",,1.07692728141367,47.53180842882244,-71.871,-34.068
"Directions from Vía Sin Nombre, Paredones, O'Higgins, Chile to La Cuchilla, Navidad, O'Higgins, Chile",,1.07711167230282,28.85201180608993,-71.871,-34.068
"Directions from Vía Sin Nombre, Paredones, O'Higgins, Chile to La Cuchilla, Navidad, O'Higgins, Chile",,1.07724768700790,11.40666105386210,-71.870,-34.068
"Directions from Vía Sin Nombre, Paredones, O'Higgins, Chile to La Cuchilla, Navidad, O'Higgins, Chile",,1.07734818576412,359.99999999979843,-71.870,-34.068
"Directions from Vía Sin Nombre, Paredones, O'Higgins, Chile to La Cuchilla, Navidad, O'Higgins, Chile",,1.07744868452032,346.24399869127808,-71.870,-34.068
"Directions from Vía Sin Nombre, Paredones, O'Higgins, Chile to La Cuchilla, Navidad, O'Higgins, Chile",,1.07750253616839,333.09660365665081,-71.871,-34.068
"Directions from Vía Sin Nombre, Paredones, O'Higgins, Chile to La Cuchilla, Navidad, O'Higgins, Chile",,1.07769121579104,332.39801313808914,-71.871,-34.067
"Directions from Vía Sin Nombre, Paredones, O'Higgins, Chile to La Cuchilla, Navidad, O'Higgins, Chile",,1.07784353125316,343.66954364341257,-71.871,-34.067
"Directions from Vía Sin Nombre, Paredones, O'Higgins, Chile to La Cuchilla, Navidad, O'Higgins, Chile",,1.07790435887846,355.26883890093859,-71.871,-34.067
"Directions from Vía Sin Nombre, Paredones, O'Higgins, Chile to La Cuchilla, Navidad, O'Higgins, Chile",,1.07800435887845,10.51875550987792,-71.871,-34.067
"Directions from Vía Sin Nombre, Paredones, O'Higgins, Chile to La Cuchilla, Navidad, O'Higgins, Chile",,1.07814364276123,19.16901910606983,-71.871,-34.067
"Directions from Vía Sin Nombre, Paredones, O'Higgins, Chile to La Cuchilla, Navidad, O'Higgins, Chile",,1.07878254807502,14.91466745268348,-71.870,-34.066
"Directions from Vía Sin Nombre, Paredones, O'Higgins, Chile to La Cuchilla, Navidad, O'Higgins, Chile",,1.07887474351960,14.61402597342613,-71.870,-34.066
"Directions from Vía Sin Nombre, Paredones, O'Higgins, Chile to La Cuchilla, Navidad, O'Higgins, Chile",,1.07918795271487,19.03493325153941,-71.870,-34.066
"Directions from Vía Sin Nombre, Paredones, O'Higgins, Chile to La Cuchilla, Navidad, O'Higgins, Chile",,1.07943493449557,25.55775178244964,-71.870,-34.066
"Directions from Vía Sin Nombre, Paredones, O'Higgins, Chile to La Cuchilla, Navidad, O'Higgins, Chile",,1.07951555707305,27.02471528098908,-71.870,-34.066
"Directions from Vía Sin Nombre, Paredones, O'Higgins, Chile to La Cuchilla, Navidad, O'Higgins, Chile",,1.07985570410009,28.99730839300256,-71.870,-34.065
"Directions from Vía Sin Nombre, Paredones, O'Higgins, Chile to La Cuchilla, Navidad, O'Higgins, Chile",,1.07989175961283,28.03510128674139,-71.870,-34.065
"Directions from Vía Sin Nombre, Paredones, O'Higgins, Chile to La Cuchilla, Navidad, O'Higgins, Chile",,1.08007560737595,25.34044540895259,-71.870,-34.065
"Directions from Vía Sin Nombre, Paredones, O'Higgins, Chile to La Cuchilla, Navidad, O'Higgins, Chile",,1.08022325560655,23.36785229556601,-71.870,-34.065
"Directions from Vía Sin Nombre, Paredones, O'Higgins, Chile to La Cuchilla, Navidad, O'Higgins, Chile",,1.08025487838315,21.98232340884432,-71.870,-34.065
"Directions from Vía Sin Nombre, Paredones, O'Higgins, Chile to La Cuchilla, Navidad, O'Higgins, Chile",,1.08173986996562,339.98682638451032,-71.869,-34.064
"Directions from Vía Sin Nombre, Paredones, O'Higgins, Chile to La Cuchilla, Navidad, O'Higgins, Chile",,1.08198153088510,297.70385565539891,-71.869,-34.064
"Directions from Vía Sin Nombre, Paredones, O'Higgins, Chile to La Cuchilla, Navidad, O'Higgins, Chile",,1.08233138799879,302.73613976050251,-71.870,-34.063
"Directions from Vía Sin Nombre, Paredones, O'Higgins, Chile to La Cuchilla, Navidad, O'Higgins, Chile",,1.08252555287718,306.27778276008377,-71.870,-34.063
"Directions from Vía Sin Nombre, Paredones, O'Higgins, Chile to La Cuchilla, Navidad, O'Higgins, Chile",,1.08281761451451,304.82727238972831,-71.870,-34.063
"Directions from Vía Sin Nombre, Paredones, O'Higgins, Chile to La Cuchilla, Navidad, O'Higgins, Chile",,1.08297025788973,304.23869994561142,-71.870,-34.063
"Directions from Vía Sin Nombre, Paredones, O'Higgins, Chile to La Cuchilla, Navidad, O'Higgins, Chile",,1.08317025788974,303.91682708799402,-71.870,-34.063
"Directions from Vía Sin Nombre, Paredones, O'Higgins, Chile to La Cuchilla, Navidad, O'Higgins, Chile",,1.08357842452238,298.76440385483232,-71.871,-34.063
"Directions from Vía Sin Nombre, Paredones, O'Higgins, Chile to La Cuchilla, Navidad, O'Higgins, Chile",,1.08377967064035,305.78252558853899,-71.871,-34.063
"Directions from Vía Sin Nombre, Paredones, O'Higgins, Chile to La Cuchilla, Navidad, O'Higgins, Chile",,1.08379381277598,303.91682708915033,-71.871,-34.063
"Directions from Vía Sin Nombre, Paredones, O'Higgins, Chile to La Cuchilla, Navidad, O'Higgins, Chile",,1.08399996805725,281.41682708915033,-71.871,-34.063
"Directions from Vía Sin Nombre, Paredones, O'Higgins, Chile to La Cuchilla, Navidad, O'Higgins, Chile",,1.08400996805725,277.97269795033338,-71.871,-34.063
"Directions from Vía Sin Nombre, Paredones, O'Higgins, Chile to La Cuchilla, Navidad, O'Higgins, Chile",,1.08422837135393,283.62766418793075,-71.871,-34.062
"Directions from Vía Sin Nombre, Paredones, O'Higgins, Chile to La Cuchilla, Navidad, O'Higgins, Chile",,1.08443233213448,275.65496623759725,-71.872,-34.062
"Directions from Vía Sin Nombre, Paredones, O'Higgins, Chile to La Cuchilla, Navidad, O'Higgins, Chile",,1.08447233213448,272.92800679263502,-71.872,-34.062
"Directions from Vía Sin Nombre, Paredones, O'Higgins, Chile to La Cuchilla, Navidad, O'Higgins, Chile",,1.08486437805015,272.92800679263502,-71.872,-34.062
"Directions from Vía Sin Nombre, Paredones, O'Higgins, Chile to La Cuchilla, Navidad, O'Higgins, Chile",,1.08496437805015,267.61817915379464,-71.872,-34.062
"Directions from Vía Sin Nombre, Paredones, O'Higgins, Chile to La Cuchilla, Navidad, O'Higgins, Chile",,1.08508479399594,267.61817915379464,-71.872,-34.062
"Directions from Vía Sin Nombre, Paredones, O'Higgins, Chile to La Cuchilla, Navidad, O'Higgins, Chile",,1.08517479399594,265.26883889653737,-71.872,-34.062
"Directions from Vía Sin Nombre, Paredones, O'Higgins, Chile to La Cuchilla, Navidad, O'Higgins, Chile",,1.08529644924655,257.29614094569189,-71.872,-34.062
"Directions from Vía Sin Nombre, Paredones, O'Higgins, Chile to La Cuchilla, Navidad, O'Higgins, Chile",,1.08536925034544,256.37233581203253,-71.873,-34.062
"Directions from Vía Sin Nombre, Paredones, O'Higgins, Chile to La Cuchilla, Navidad, O'Higgins, Chile",,1.08572618171139,264.34503376287807,-71.873,-34.062
"Directions from Vía Sin Nombre, Paredones, O'Higgins, Chile to La Cuchilla, Navidad, O'Higgins, Chile",,1.08574618171139,262.62821858165916,-71.873,-34.062
"Directions from Vía Sin Nombre, Paredones, O'Higgins, Chile to La Cuchilla, Navidad, O'Higgins, Chile",,1.08594265053844,257.23606964796699,-71.873,-34.063
"Directions from Vía Sin Nombre, Paredones, O'Higgins, Chile to La Cuchilla, Navidad, O'Higgins, Chile",,1.08615642612170,251.32532548591101,-71.873,-34.063
"Directions from Vía Sin Nombre, Paredones, O'Higgins, Chile to La Cuchilla, Navidad, O'Higgins, Chile",,1.08617878680148,249.15547076500451,-71.873,-34.063
"Directions from Vía Sin Nombre, Paredones, O'Higgins, Chile to La Cuchilla, Navidad, O'Higgins, Chile",,1.08656206215941,256.87340170055882,-71.874,-34.063
"Directions from Vía Sin Nombre, Paredones, O'Higgins, Chile to La Cuchilla, Navidad, O'Higgins, Chile",,1.08718375340111,264.43540535515757,-71.874,-34.063
"Directions from Vía Sin Nombre, Paredones, O'Higgins, Chile to La Cuchilla, Navidad, O'Higgins, Chile",,1.08757375340111,277.01812173635801,-71.875,-34.063
"Directions from Vía Sin Nombre, Paredones, O'Higgins, Chile to La Cuchilla, Navidad, O'Higgins, Chile",,1.08761498445736,279.13631913580411,-71.875,-34.063
"Directions from Vía Sin Nombre, Paredones, O'Higgins, Chile to La Cuchilla, Navidad, O'Higgins, Chile",,1.08788572418478,277.24379677477003,-71.875,-34.063
"Directions from Vía Sin Nombre, Paredones, O'Higgins, Chile to La Cuchilla, Navidad, O'Higgins, Chile",,1.08884097284350,279.19065055291082,-71.876,-34.063
"Directions from Vía Sin Nombre, Paredones, O'Higgins, Chile to La Cuchilla, Navidad, O'Higgins, Chile",,1.08912381555598,274.06505117758689,-71.876,-34.063
"Directions from Vía Sin Nombre, Paredones, O'Higgins, Chile to La Cuchilla, Navidad, O'Higgins, Chile",,1.08928381555597,268.09296258231439,-71.876,-34.063
"Directions from Vía Sin Nombre, Paredones, O'Higgins, Chile to La Cuchilla, Navidad, O'Higgins, Chile",,1.08943414851976,269.77619291459081,-71.877,-34.063
"Directions from Vía Sin Nombre, Paredones, O'Higgins, Chile to La Cuchilla, Navidad, O'Higgins, Chile",,1.08960444238342,275.03814873608536,-71.877,-34.063
"Directions from Vía Sin Nombre, Paredones, O'Higgins, Chile to La Cuchilla, Navidad, O'Higgins, Chile",,1.08977561481110,278.74706733714481,-71.877,-34.063
"Directions from Vía Sin Nombre, Paredones, O'Higgins, Chile to La Cuchilla, Navidad, O'Higgins, Chile",,1.08998939039438,275.39214893333587,-71.877,-34.063
"Directions from Vía Sin Nombre, Paredones, O'Higgins, Chile to La Cuchilla, Navidad, O'Higgins, Chile",,1.09000939039437,276.22499825377889,-71.877,-34.063
"Directions from Vía Sin Nombre, Paredones, O'Higgins, Chile to La Cuchilla, Navidad, O'Higgins, Chile",,1.09079793335452,276.22499825377889,-71.878,-34.062
"Directions from Vía Sin Nombre, Paredones, O'Higgins, Chile to La Cuchilla, Navidad, O'Higgins, Chile",,1.09084793335452,274.06505117870648,-71.878,-34.062
"Directions from Vía Sin Nombre, Paredones, O'Higgins, Chile to La Cuchilla, Navidad, O'Higgins, Chile",,1.09091864403263,268.41008494143540,-71.878,-34.062
"Directions from Vía Sin Nombre, Paredones, O'Higgins, Chile to La Cuchilla, Navidad, O'Higgins, Chile",,1.09107161461805,251.06250817690403,-71.878,-34.062
"Directions from Vía Sin Nombre, Paredones, O'Higgins, Chile to La Cuchilla, Navidad, O'Higgins, Chile",,1.09113869665737,239.87244064961936,-71.878,-34.062
"Directions from Vía Sin Nombre, Paredones, O'Higgins, Chile to La Cuchilla, Navidad, O'Higgins, Chile",,1.09117475217013,233.25218068831057,-71.878,-34.062
"Directions from Vía Sin Nombre, Paredones, O'Higgins, Chile to La Cuchilla, Navidad, O'Higgins, Chile",,1.09133095716364,236.06097098505720,-71.878,-34.063
"Directions from Vía Sin Nombre, Paredones, O'Higgins, Chile to La Cuchilla, Navidad, O'Higgins, Chile",,1.09184095716364,244.70347373075796,-71.879,-34.063
"Directions from Vía Sin Nombre, Paredones, O'Higgins, Chile to La Cuchilla, Navidad, O'Higgins, Chile",,1.09272865080449,249.01969978431191,-71.880,-34.063
"Directions from Vía Sin Nombre, Paredones, O'Higgins, Chile to La Cuchilla, Navidad, O'Higgins, Chile",,1.09326948349580,254.23260404684163,-71.880,-34.063
"Directions from Vía Sin Nombre, Paredones, O'Higgins, Chile to La Cuchilla, Navidad, O'Higgins, Chile",,1.09341266170644,263.47520083435290,-71.880,-34.063
"Directions from Vía Sin Nombre, Paredones, O'Higgins, Chile to La Cuchilla, Navidad, O'Higgins, Chile",,1.09401274503399,263.86761313468020,-71.881,-34.063
"Directions from Vía Sin Nombre, Paredones, O'Higgins, Chile to La Cuchilla, Navidad, O'Higgins, Chile",,1.09406373522913,263.32232951739536,-71.881,-34.063
"Directions from Vía Sin Nombre, Paredones, O'Higgins, Chile to La Cuchilla, Navidad, O'Higgins, Chile",,1.09434391374366,265.55590904930261,-71.881,-34.063
"Directions from Vía Sin Nombre, Paredones, O'Higgins, Chile to La Cuchilla, Navidad, O'Higgins, Chile",,1.09459570730989,261.37475763706993,-71.881,-34.063
"Directions from Vía Sin Nombre, Paredones, O'Higgins, Chile to La Cuchilla, Navidad, O'Higgins, Chile",,1.09509390405817,253.89543960126457,-71.882,-34.063
"Directions from Vía Sin Nombre, Paredones, O'Higgins, Chile to La Cuchilla, Navidad, O'Higgins, Chile",,1.09514775570625,251.33723975891559,-71.882,-34.063
"Directions from Vía Sin Nombre, Paredones, O'Higgins, Chile to La Cuchilla, Navidad, O'Higgins, Chile",,1.09533457112317,248.95541891285055,-71.882,-34.064
"Directions from Vía Sin Nombre, Paredones, O'Higgins, Chile to La Cuchilla, Navidad, O'Higgins, Chile",,1.09535693180294,250.27997363154424,-71.882,-34.064
"Directions from Vía Sin Nombre, Paredones, O'Higgins, Chile to La Cuchilla, Navidad, O'Higgins, Chile",,1.09571595826437,258.52220022650698,-71.883,-34.064
"Directions from Vía Sin Nombre, Paredones, O'Higgins, Chile to La Cuchilla, Navidad, O'Higgins, Chile",,1.09617301405965,262.00663044929900,-71.883,-34.064
"Directions from Vía Sin Nombre, Paredones, O'Higgins, Chile to La Cuchilla, Navidad, O'Higgins, Chile",,1.09675610924913,267.04692944287524,-71.884,-34.064
"Directions from Vía Sin Nombre, Paredones, O'Higgins, Chile to La Cuchilla, Navidad, O'Higgins, Chile",,1.09686610924913,260.78252559057455,-71.884,-34.064
"Directions from Vía Sin Nombre, Paredones, O'Higgins, Chile to La Cuchilla, Navidad, O'Higgins, Chile",,1.09689773202572,263.78702856915447,-71.884,-34.064
"Directions from Vía Sin Nombre, Paredones, O'Higgins, Chile to La Cuchilla, Navidad, O'Higgins, Chile",,1.09708878175747,279.40663601146321,-71.884,-34.064
"Directions from Vía Sin Nombre, Paredones, O'Higgins, Chile to La Cuchilla, Navidad, O'Higgins, Chile",,1.09731439204092,286.68015563988661,-71.884,-34.064
"Directions from Vía Sin Nombre, Paredones, O'Higgins, Chile to La Cuchilla, Navidad, O'Higgins, Chile",,1.09739983207839,292.95111057862141,-71.884,-34.064
"Directions from Vía Sin Nombre, Paredones, O'Higgins, Chile to La Cuchilla, Navidad, O'Higgins, Chile",,1.09761007003879,298.67577957657466,-71.884,-34.064
"Directions from Vía Sin Nombre, Paredones, O'Higgins, Chile to La Cuchilla, Navidad, O'Higgins, Chile",,1.09770440985011,294.35231372232693,-71.884,-34.064
"Directions from Vía Sin Nombre, Paredones, O'Higgins, Chile to La Cuchilla, Navidad, O'Higgins, Chile",,1.09780881291520,278.34962211737030,-71.885,-34.063
"Directions from Vía Sin Nombre, Paredones, O'Higgins, Chile to La Cuchilla, Navidad, O'Higgins, Chile",,1.09803881291521,265.93494882210780,-71.885,-34.063
"Directions from Vía Sin Nombre, Paredones, O'Higgins, Chile to La Cuchilla, Navidad, O'Higgins, Chile",,1.09810952359333,257.47119228950606,-71.885,-34.063
"Directions from Vía Sin Nombre, Paredones, O'Higgins, Chile to La Cuchilla, Navidad, O'Higgins, Chile",,1.09834993989893,250.34617594196047,-71.885,-34.064
"Directions from Vía Sin Nombre, Paredones, O'Higgins, Chile to La Cuchilla, Navidad, O'Higgins, Chile",,1.09853378766204,251.79181074299379,-71.885,-34.064
"Directions from Vía Sin Nombre, Paredones, O'Higgins, Chile to La Cuchilla, Navidad, O'Higgins, Chile",,1.09857501871830,249.69935267175032,-71.885,-34.064
"Directions from Vía Sin Nombre, Paredones, O'Higgins, Chile to La Cuchilla, Navidad, O'Higgins, Chile",,1.09859737939807,239.87244064126841,-71.885,-34.064
"Directions from Vía Sin Nombre, Paredones, O'Higgins, Chile to La Cuchilla, Navidad, O'Higgins, Chile",,1.09877765696184,239.87244064126841,-71.885,-34.064
"Directions from Vía Sin Nombre, Paredones, O'Higgins, Chile to La Cuchilla, Navidad, O'Higgins, Chile",,1.09880001764161,232.31043698833523,-71.886,-34.064
"Directions from Vía Sin Nombre, Paredones, O'Higgins, Chile to La Cuchilla, Navidad, O'Higgins, Chile",,1.09890631909974,215.21737575338912,-71.886,-34.064
"Directions from Vía Sin Nombre, Paredones, O'Higgins, Chile to La Cuchilla, Navidad, O'Higgins, Chile",,1.09919285007538,202.09012175727247,-71.886,-34.064
"Directions from Vía Sin Nombre, Paredones, O'Higgins, Chile to La Cuchilla, Navidad, O'Higgins, Chile",,1.09934809182234,205.90065741019339,-71.886,-34.064
"Directions from Vía Sin Nombre, Paredones, O'Higgins, Chile to La Cuchilla, Navidad, O'Higgins, Chile",,1.09939809182234,220.93494882129357,-71.886,-34.064
"Directions from Vía Sin Nombre, Paredones, O'Higgins, Chile to La Cuchilla, Navidad, O'Higgins, Chile",,1.09948294463609,236.37548817132179,-71.886,-34.064
"Directions from Vía Sin Nombre, Paredones, O'Higgins, Chile to La Cuchilla, Navidad, O'Higgins, Chile",,1.09972064192257,254.14432706950959,-71.886,-34.064
"Directions from Vía Sin Nombre, Paredones, O'Higgins, Chile to La Cuchilla, Navidad, O'Higgins, Chile",,1.09978146954787,265.26883889818777,-71.886,-34.064
"Directions from Vía Sin Nombre, Paredones, O'Higgins, Chile to La Cuchilla, Navidad, O'Higgins, Chile",,1.09995146954787,275.92103805762332,-71.886,-34.064
"Directions from Vía Sin Nombre, Paredones, O'Higgins, Chile to La Cuchilla, Navidad, O'Higgins, Chile",,1.10058495198646,279.41156676091288,-71.887,-34.064
"Directions from Vía Sin Nombre, Paredones, O'Higgins, Chile to La Cuchilla, Navidad, O'Higgins, Chile",,1.10107861178834,280.05753985665939,-71.887,-34.064
"Directions from Vía Sin Nombre, Paredones, O'Higgins, Chile to La Cuchilla, Navidad, O'Higgins, Chile",,1.10138667022435,278.94883199859248,-71.888,-34.064
"Directions from Vía Sin Nombre, Paredones, O'Higgins, Chile to La Cuchilla, Navidad, O'Higgins, Chile",,1.10162750211594,272.62877929461069,-71.888,-34.064
"Directions from Vía Sin Nombre, Paredones, O'Higgins, Chile to La Cuchilla, Navidad, O'Higgins, Chile",,1.10278754521858,271.93018878047116,-71.889,-34.064
"Directions from Vía Sin Nombre, Paredones, O'Higgins, Chile to La Cuchilla, Navidad, O'Higgins, Chile",,1.10295783908224,276.05631146224312,-71.889,-34.064
"Directions from Vía Sin Nombre, Paredones, O'Higgins, Chile to La Cuchilla, Navidad, O'Higgins, Chile",,1.10308936854662,280.42045967006317,-71.889,-34.064
"Directions from Vía Sin Nombre, Paredones, O'Higgins, Chile to La Cuchilla, Navidad, O'Higgins, Chile",,1.10337572496789,283.49672625606337,-71.890,-34.064
"Directions from Vía Sin Nombre, Paredones, O'Higgins, Chile to La Cuchilla, Navidad, O'Higgins, Chile",,1.10450364340466,299.94934770698239,-71.891,-34.064
"Directions from Vía Sin Nombre, Paredones, O'Higgins, Chile to La Cuchilla, Navidad, O'Higgins, Chile",,1.10451778554028,299.45134354700582,-71.891,-34.064
"Directions from Vía Sin Nombre, Paredones, O'Higgins, Chile to La Cuchilla, Navidad, O'Higgins, Chile",,1.10555826619843,284.92404150770903,-71.892,-34.064
"Directions from Vía Sin Nombre, Paredones, O'Higgins, Chile to La Cuchilla, Navidad, O'Higgins, Chile",,1.10599507279180,277.97269795052540,-71.892,-34.063
"Directions from Vía Sin Nombre, Paredones, O'Higgins, Chile to La Cuchilla, Navidad, O'Higgins, Chile",,1.10600507279179,277.62755935129400,-71.892,-34.063
"Directions from Vía Sin Nombre, Paredones, O'Higgins, Chile to La Cuchilla, Navidad, O'Higgins, Chile",,1.10623310787680,288.39804731024611,-71.892,-34.063
"Directions from Vía Sin Nombre, Paredones, O'Higgins, Chile to La Cuchilla, Navidad, O'Higgins, Chile",,1.10664164184113,289.32185244468866,-71.893,-34.063
"Directions from Vía Sin Nombre, Paredones, O'Higgins, Chile to La Cuchilla, Navidad, O'Higgins, Chile",,1.10677765654621,291.30829969933239,-71.893,-34.063
"Directions from Vía Sin Nombre, Paredones, O'Higgins, Chile to La Cuchilla, Navidad, O'Higgins, Chile",,1.10726520141594,291.97440962403908,-71.893,-34.063
"Directions from Vía Sin Nombre, Paredones, O'Higgins, Chile to La Cuchilla, Navidad, O'Higgins, Chile",,1.10732844696915,294.69935267707871,-71.893,-34.063
"Directions from Vía Sin Nombre, Paredones, O'Higgins, Chile to La Cuchilla, Navidad, O'Higgins, Chile",,1.10738675648810,294.69935268216756,-71.894,-34.063
"Directions from Vía Sin Nombre, Paredones, O'Higgins, Chile to La Cuchilla, Navidad, O'Higgins, Chile",,1.10741837926470,279.21747441553214,-71.894,-34.063
"Directions from Vía Sin Nombre, Paredones, O'Higgins, Chile to La Cuchilla, Navidad, O'Higgins, Chile",,1.10743837926470,277.01812173156844,-71.894,-34.063
"Directions from Vía Sin Nombre, Paredones, O'Higgins, Chile to La Cuchilla, Navidad, O'Higgins, Chile",,1.10747961032096,277.01812173156844,-71.894,-34.063
"Directions from Vía Sin Nombre, Paredones, O'Higgins, Chile to La Cuchilla, Navidad, O'Higgins, Chile",,1.10748961032096,277.01812173635801,-71.894,-34.063
"Directions from Vía Sin Nombre, Paredones, O'Higgins, Chile to La Cuchilla, Navidad, O'Higgins, Chile",,1.10753084137721,287.08627345056181,-71.894,-34.063
"Directions from Vía Sin Nombre, Paredones, O'Higgins, Chile to La Cuchilla, Navidad, O'Higgins, Chile",,1.10785037228338,287.08627344816699,-71.894,-34.063
"Directions from Vía Sin Nombre, Paredones, O'Higgins, Chile to La Cuchilla, Navidad, O'Higgins, Chile",,1.10793283439589,277.01812173396326,-71.894,-34.063
"Directions from Vía Sin Nombre, Paredones, O'Higgins, Chile to La Cuchilla, Navidad, O'Higgins, Chile",,1.10819283439589,272.04280838916077,-71.894,-34.063
"Directions from Vía Sin Nombre, Paredones, O'Higgins, Chile to La Cuchilla, Navidad, O'Higgins, Chile",,1.10833319108437,280.59417287489731,-71.894,-34.063
"Directions from Vía Sin Nombre, Paredones, O'Higgins, Chile to La Cuchilla, Navidad, O'Higgins, Chile",,1.10846920578946,290.15065973975294,-71.895,-34.063
"Directions from Vía Sin Nombre, Paredones, O'Higgins, Chile to La Cuchilla, Navidad, O'Higgins, Chile",,1.10854536352052,296.12659730393904,-71.895,-34.063
"Directions from Vía Sin Nombre, Paredones, O'Higgins, Chile to La Cuchilla, Navidad, O'Higgins, Chile",,1.10875127612334,292.49999999999994,-71.895,-34.063
"Directions from Vía Sin Nombre, Paredones, O'Higgins, Chile to La Cuchilla, Navidad, O'Higgins, Chile",,1.10889687832113,277.97269795007736,-71.895,-34.063
"Directions from Vía Sin Nombre, Paredones, O'Higgins, Chile to La Cuchilla, Navidad, O'Higgins, Chile",,1.10906687832113,262.98187826603674,-71.895,-34.063
"Directions from Vía Sin Nombre, Paredones, O'Higgins, Chile to La Cuchilla, Navidad, O'Higgins, Chile",,1.10980903733374,249.69935267749776,-71.896,-34.063
"Directions from Vía Sin Nombre, Paredones, O'Higgins, Chile to La Cuchilla, Navidad, O'Higgins, Chile",,1.10985375869329,239.22146431245488,-71.896,-34.063
"Directions from Vía Sin Nombre, Paredones, O'Higgins, Chile to La Cuchilla, Navidad, O'Higgins, Chile",,1.10997582424945,229.18570137991989,-71.896,-34.063
"Directions from Vía Sin Nombre, Paredones, O'Higgins, Chile to La Cuchilla, Navidad, O'Higgins, Chile",,1.11022341261751,220.68107769975859,-71.896,-34.063
"Directions from Vía Sin Nombre, Paredones, O'Higgins, Chile to La Cuchilla, Navidad, O'Higgins, Chile",,1.11062949142759,224.09658067736959,-71.896,-34.063
"Directions from Vía Sin Nombre, Paredones, O'Higgins, Chile to La Cuchilla, Navidad, O'Higgins, Chile",,1.11070759392435,235.56991240661435,-71.896,-34.063
"Directions from Vía Sin Nombre, Paredones, O'Higgins, Chile to La Cuchilla, Navidad, O'Higgins, Chile",,1.11081055022576,254.14119756707677,-71.897,-34.063
"Directions from Vía Sin Nombre, Paredones, O'Higgins, Chile to La Cuchilla, Navidad, O'Higgins, Chile",,1.11124101509076,268.66849961699938,-71.897,-34.063
"Directions from Vía Sin Nombre, Paredones, O'Higgins, Chile to La Cuchilla, Navidad, O'Higgins, Chile",,1.11160101509076,267.40278554546518,-71.897,-34.063
"Directions from Vía Sin Nombre, Paredones, O'Higgins, Chile to La Cuchilla, Navidad, O'Higgins, Chile",,1.11171146870094,257.75776243541753,-71.897,-34.063
"Directions from Vía Sin Nombre, Paredones, O'Higgins, Chile to La Cuchilla, Navidad, O'Higgins, Chile",,1.11192336490193,249.16490936451453,-71.898,-34.063
"Directions from Vía Sin Nombre, Paredones, O'Higgins, Chile to La Cuchilla, Navidad, O'Higgins, Chile",,1.11210721266505,250.46031035784551,-71.898,-34.064
"Directions from Vía Sin Nombre, Paredones, O'Higgins, Chile to La Cuchilla, Navidad, O'Higgins, Chile",,1.11252482492541,255.55014351912413,-71.898,-34.064
"Directions from Vía Sin Nombre, Paredones, O'Higgins, Chile to La Cuchilla, Navidad, O'Higgins, Chile",,1.11290337479001,259.35462717574728,-71.899,-34.064
"Directions from Vía Sin Nombre, Paredones, O'Higgins, Chile to La Cuchilla, Navidad, O'Higgins, Chile",,1.11315655456804,263.86494648060057,-71.899,-34.064
"Directions from Vía Sin Nombre, Paredones, O'Higgins, Chile to La Cuchilla, Navidad, O'Higgins, Chile",,1.11333683213182,261.39196320433621,-71.899,-34.064
"Directions from Vía Sin Nombre, Paredones, O'Higgins, Chile to La Cuchilla, Navidad, O'Higgins, Chile",,1.11337806318807,262.98187826364199,-71.899,-34.064
"Directions from Vía Sin Nombre, Paredones, O'Higgins, Chile to La Cuchilla, Navidad, O'Higgins, Chile",,1.11347806318808,272.19935267743790,-71.899,-34.064
"Directions from Vía Sin Nombre, Paredones, O'Higgins, Chile to La Cuchilla, Navidad, O'Higgins, Chile",,1.11373883128428,276.78052620046390,-71.899,-34.064
"Directions from Vía Sin Nombre, Paredones, O'Higgins, Chile to La Cuchilla, Navidad, O'Higgins, Chile",,1.11405283765364,280.78488278666424,-71.900,-34.064
"Directions from Vía Sin Nombre, Paredones, O'Higgins, Chile to La Cuchilla, Navidad, O'Higgins, Chile",,1.11456479468309,286.19526252429102,-71.900,-34.064
"Directions from Vía Sin Nombre, Paredones, O'Higgins, Chile to La Cuchilla, Navidad, O'Higgins, Chile",,1.11479888868130,292.66464123144198,-71.900,-34.064
"Directions from Vía Sin Nombre, Paredones, O'Higgins, Chile to La Cuchilla, Navidad, O'Higgins, Chile",,1.11500912664172,298.98270950677829,-71.901,-34.063
"Directions from Vía Sin Nombre, Paredones, O'Higgins, Chile to La Cuchilla, Navidad, O'Higgins, Chile",,1.11530594308331,308.80962153598921,-71.901,-34.063
"Directions from Vía Sin Nombre, Paredones, O'Higgins, Chile to La Cuchilla, Navidad, O'Higgins, Chile",,1.11544736443955,292.50000000000006,-71.901,-34.063
"Directions from Vía Sin Nombre, Paredones, O'Higgins, Chile to La Cuchilla, Navidad, O'Higgins, Chile",,1.11545736443954,296.06250817288509,-71.901,-34.063
"Directions from Vía Sin Nombre, Paredones, O'Higgins, Chile to La Cuchilla, Navidad, O'Higgins, Chile",,1.11557138198206,333.08981022549619,-71.901,-34.063
"Directions from Vía Sin Nombre, Paredones, O'Higgins, Chile to La Cuchilla, Navidad, O'Higgins, Chile",,1.11564418308095,338.74477646000099,-71.901,-34.063
"Directions from Vía Sin Nombre, Paredones, O'Higgins, Chile to La Cuchilla, Navidad, O'Higgins, Chile",,1.11568890444050,346.71747440738994,-71.901,-34.063
"Directions from Vía Sin Nombre, Paredones, O'Higgins, Chile to La Cuchilla, Navidad, O'Higgins, Chile",,1.11588890444050,4.73116110566326,-71.901,-34.063
"Directions from Vía Sin Nombre, Paredones, O'Higgins, Chile to La Cuchilla, Navidad, O'Higgins, Chile",,1.11594973206580,15.63186584462767,-71.901,-34.063
"Directions from Vía Sin Nombre, Paredones, O'Higgins, Chile to La Cuchilla, Navidad, O'Higgins, Chile",,1.11600358371387,10.90070473896441,-71.901,-34.063
"Directions from Vía Sin Nombre, Paredones, O'Higgins, Chile to La Cuchilla, Navidad, O'Higgins, Chile",,1.11601358371387,14.87244065066325,-71.901,-34.063
"Directions from Vía Sin Nombre, Paredones, O'Higgins, Chile to La Cuchilla, Navidad, O'Higgins, Chile",,1.11617482886884,27.26001093289471,-71.901,-34.063
"Directions from Vía Sin Nombre, Paredones, O'Higgins, Chile to La Cuchilla, Navidad, O'Higgins, Chile",,1.11631800707948,21.23778417684102,-71.901,-34.062
"Directions from Vía Sin Nombre, Paredones, O'Higgins, Chile to La Cuchilla, Navidad, O'Higgins, Chile",,1.11681136293482,10.89302228451950,-71.901,-34.062
"Directions from Vía Sin Nombre, Paredones, O'Higgins, Chile to La Cuchilla, Navidad, O'Higgins, Chile",,1.11737278968872,10.01550633806696,-71.901,-34.061
"Directions from Vía Sin Nombre, Paredones, O'Higgins, Chile to La Cuchilla, Navidad, O'Higgins, Chile",,1.11744559078761,21.25522353669602,-71.901,-34.061
"Directions from Vía Sin Nombre, Paredones, O'Higgins, Chile to La Cuchilla, Navidad, O'Higgins, Chile",,1.11746795146739,39.84757676561699,-71.901,-34.061
"Directions from Vía Sin Nombre, Paredones, O'Higgins, Chile to La Cuchilla, Navidad, O'Higgins, Chile",,1.11756795146739,49.06505118386318,-71.901,-34.061
"Directions from Vía Sin Nombre, Paredones, O'Higgins, Chile to La Cuchilla, Navidad, O'Higgins, Chile",,1.11761037787426,33.40070474574960,-71.901,-34.061
"Directions from Vía Sin Nombre, Paredones, O'Higgins, Chile to La Cuchilla, Navidad, O'Higgins, Chile",,1.11766422952233,10.90070473896441,-71.901,-34.061
"Directions from Vía Sin Nombre, Paredones, O'Higgins, Chile to La Cuchilla, Navidad, O'Higgins, Chile",,1.11771422952233,354.34503376925318,-71.901,-34.061
"Directions from Vía Sin Nombre, Paredones, O'Higgins, Chile to La Cuchilla, Navidad, O'Higgins, Chile",,1.11776521971747,343.44432902326957,-71.901,-34.061
"Directions from Vía Sin Nombre, Paredones, O'Higgins, Chile to La Cuchilla, Navidad, O'Higgins, Chile",,1.11781907136554,326.59929525401640,-71.901,-34.061
"Directions from Vía Sin Nombre, Paredones, O'Higgins, Chile to La Cuchilla, Navidad, O'Higgins, Chile",,1.11787563990804,324.21747440738989,-71.901,-34.061
"Directions from Vía Sin Nombre, Paredones, O'Higgins, Chile to La Cuchilla, Navidad, O'Higgins, Chile",,1.11789800058781,325.36277942909936,-71.901,-34.061
"Directions from Vía Sin Nombre, Paredones, O'Higgins, Chile to La Cuchilla, Navidad, O'Higgins, Chile",,1.11807491864794,308.17260707163206,-71.901,-34.061
"Directions from Vía Sin Nombre, Paredones, O'Higgins, Chile to La Cuchilla, Navidad, O'Higgins, Chile",,1.11817787494935,295.42800679239662,-71.901,-34.061
"Directions from Vía Sin Nombre, Paredones, O'Higgins, Chile to La Cuchilla, Navidad, O'Higgins, Chile",,1.11823172659742,280.90070474247403,-71.901,-34.061
"Directions from Vía Sin Nombre, Paredones, O'Higgins, Chile to La Cuchilla, Navidad, O'Higgins, Chile",,1.11825172659743,274.06505117585669,-71.901,-34.061
"Directions from Vía Sin Nombre, Paredones, O'Higgins, Chile to La Cuchilla, Navidad, O'Higgins, Chile",,1.11832243727554,271.31888889756146,-71.901,-34.061
"Directions from Vía Sin Nombre, Paredones, O'Higgins, Chile to La Cuchilla, Navidad, O'Higgins, Chile",,1.11884483559100,262.24984782091582,-71.902,-34.061
"Directions from Vía Sin Nombre, Paredones, O'Higgins, Chile to La Cuchilla, Navidad, O'Higgins, Chile",,1.11901746235602,255.77853568673223,-71.902,-34.061
"Directions from Vía Sin Nombre, Paredones, O'Higgins, Chile to La Cuchilla, Navidad, O'Higgins, Chile",,1.11908070790922,244.16667005359923,-71.902,-34.061
"Directions from Vía Sin Nombre, Paredones, O'Higgins, Chile to La Cuchilla, Navidad, O'Higgins, Chile",,1.11942740662569,234.36062320026045,-71.902,-34.061
"Directions from Vía Sin Nombre, Paredones, O'Higgins, Chile to La Cuchilla, Navidad, O'Higgins, Chile",,1.11971946826303,237.69395314564341,-71.902,-34.061
"Directions from Vía Sin Nombre, Paredones, O'Higgins, Chile to La Cuchilla, Navidad, O'Higgins, Chile",,1.11974182894279,235.11242971586205,-71.902,-34.061
"Directions from Vía Sin Nombre, Paredones, O'Higgins, Chile to La Cuchilla, Navidad, O'Higgins, Chile",,1.12019459819970,228.61512131976659,-71.903,-34.062
"Directions from Vía Sin Nombre, Paredones, O'Higgins, Chile to La Cuchilla, Navidad, O'Higgins, Chile",,1.12049292687751,238.62087075924339,-71.903,-34.062
"Directions from Vía Sin Nombre, Paredones, O'Higgins, Chile to La Cuchilla, Navidad, O'Higgins, Chile",,1.12056908460856,258.40070474387784,-71.903,-34.062
"Directions from Vía Sin Nombre, Paredones, O'Higgins, Chile to La Cuchilla, Navidad, O'Higgins, Chile",,1.12058908460857,260.78252558446786,-71.903,-34.062
"Directions from Vía Sin Nombre, Paredones, O'Higgins, Chile to La Cuchilla, Navidad, O'Higgins, Chile",,1.12065233016176,254.96570858563959,-71.903,-34.062
"Directions from Vía Sin Nombre, Paredones, O'Higgins, Chile to La Cuchilla, Navidad, O'Higgins, Chile",,1.12099946126092,256.21048505042222,-71.903,-34.062
"Directions from Vía Sin Nombre, Paredones, O'Higgins, Chile to La Cuchilla, Navidad, O'Higgins, Chile",,1.12129066565650,248.29008623595817,-71.904,-34.062
"Directions from Vía Sin Nombre, Paredones, O'Higgins, Chile to La Cuchilla, Navidad, O'Higgins, Chile",,1.12157244571257,236.71585474320969,-71.904,-34.062
"Directions from Vía Sin Nombre, Paredones, O'Higgins, Chile to La Cuchilla, Navidad, O'Higgins, Chile",,1.12177860099384,234.97119229086445,-71.904,-34.062
"Directions from Vía Sin Nombre, Paredones, O'Higgins, Chile to La Cuchilla, Navidad, O'Higgins, Chile",,1.12195352955069,246.54542378351687,-71.904,-34.062
"Directions from Vía Sin Nombre, Paredones, O'Higgins, Chile to La Cuchilla, Navidad, O'Higgins, Chile",,1.12202633064958,262.02730204915446,-71.904,-34.062
"Directions from Vía Sin Nombre, Paredones, O'Higgins, Chile to La Cuchilla, Navidad, O'Higgins, Chile",,1.12203633064958,259.53774912787742,-71.904,-34.062
"Directions from Vía Sin Nombre, Paredones, O'Higgins, Chile to La Cuchilla, Navidad, O'Higgins, Chile",,1.12240033614405,246.25522353526733,-71.905,-34.062
"Directions from Vía Sin Nombre, Paredones, O'Higgins, Chile to La Cuchilla, Navidad, O'Higgins, Chile",,1.12244505750360,246.89056237946855,-71.905,-34.062
"Directions from Vía Sin Nombre, Paredones, O'Higgins, Chile to La Cuchilla, Navidad, O'Higgins, Chile",,1.12259371819108,252.80130655321051,-71.905,-34.062
"Directions from Vía Sin Nombre, Paredones, O'Higgins, Chile to La Cuchilla, Navidad, O'Higgins, Chile",,1.12279018701811,253.14301467699525,-71.905,-34.063
"Directions from Vía Sin Nombre, Paredones, O'Higgins, Chile to La Cuchilla, Navidad, O'Higgins, Chile",,1.12346694399074,249.61409135251199,-71.906,-34.063
"Directions from Vía Sin Nombre, Paredones, O'Higgins, Chile to La Cuchilla, Navidad, O'Higgins, Chile",,1.12368235058303,259.09929525664865,-71.906,-34.063
"Directions from Vía Sin Nombre, Paredones, O'Higgins, Chile to La Cuchilla, Navidad, O'Higgins, Chile",,1.12370235058303,259.72197739104479,-71.906,-34.063
"Directions from Vía Sin Nombre, Paredones, O'Higgins, Chile to La Cuchilla, Navidad, O'Higgins, Chile",,1.12387323065794,242.87694362648909,-71.906,-34.063
"Directions from Vía Sin Nombre, Paredones, O'Higgins, Chile to La Cuchilla, Navidad, O'Higgins, Chile",,1.12394534168344,230.65496623544433,-71.906,-34.063
"Directions from Vía Sin Nombre, Paredones, O'Higgins, Chile to La Cuchilla, Navidad, O'Higgins, Chile",,1.12395948381907,230.65496623857587,-71.906,-34.063
"Directions from Vía Sin Nombre, Paredones, O'Higgins, Chile to La Cuchilla, Navidad, O'Higgins, Chile",,1.12403159484458,229.22376362453019,-71.906,-34.063
"Directions from Vía Sin Nombre, Paredones, O'Higgins, Chile to La Cuchilla, Navidad, O'Higgins, Chile",,1.12431479088975,232.78627180555753,-71.906,-34.063
"Directions from Vía Sin Nombre, Paredones, O'Higgins, Chile to La Cuchilla, Navidad, O'Higgins, Chile",,1.12433715156953,235.96924024172517,-71.906,-34.063
"Directions from Vía Sin Nombre, Paredones, O'Higgins, Chile to La Cuchilla, Navidad, O'Higgins, Chile",,1.12468428266868,226.23095248431881,-71.907,-34.063
"Directions from Vía Sin Nombre, Paredones, O'Higgins, Chile to La Cuchilla, Navidad, O'Higgins, Chile",,1.12507325567545,221.30909078963907,-71.907,-34.064
"Directions from Vía Sin Nombre, Paredones, O'Higgins, Chile to La Cuchilla, Navidad, O'Higgins, Chile",,1.12539341188733,217.09874302242079,-71.907,-34.064
"Directions from Vía Sin Nombre, Paredones, O'Higgins, Chile to La Cuchilla, Navidad, O'Higgins, Chile",,1.12565148164534,204.78696063133660,-71.907,-34.064
"Directions from Vía Sin Nombre, Paredones, O'Higgins, Chile to La Cuchilla, Navidad, O'Higgins, Chile",,1.12569271270159,199.52656847681956,-71.907,-34.064
"Directions from Vía Sin Nombre, Paredones, O'Higgins, Chile to La Cuchilla, Navidad, O'Higgins, Chile",,1.12585824215517,206.81367657266620,-71.907,-34.064
"Directions from Vía Sin Nombre, Paredones, O'Higgins, Chile to La Cuchilla, Navidad, O'Higgins, Chile",,1.12610884143689,212.01375747071879,-71.907,-34.065
"Directions from Vía Sin Nombre, Paredones, O'Higgins, Chile to La Cuchilla, Navidad, O'Higgins, Chile",,1.12666101894458,218.45676181600368,-71.908,-34.065
"Directions from Vía Sin Nombre, Paredones, O'Higgins, Chile to La Cuchilla, Navidad, O'Higgins, Chile",,1.12700815004374,226.96393816345417,-71.908,-34.065
"Directions from Vía Sin Nombre, Paredones, O'Higgins, Chile to La Cuchilla, Navidad, O'Higgins, Chile",,1.12717216223840,229.53399250644091,-71.908,-34.065
"Directions from Vía Sin Nombre, Paredones, O'Higgins, Chile to La Cuchilla, Navidad, O'Higgins, Chile",,1.12741975060647,225.15217859332145,-71.908,-34.066
"Directions from Vía Sin Nombre, Paredones, O'Higgins, Chile to La Cuchilla, Navidad, O'Higgins, Chile",,1.12772388873298,228.70697120465215,-71.908,-34.066
"Directions from Vía Sin Nombre, Paredones, O'Higgins, Chile to La Cuchilla, Navidad, O'Higgins, Chile",,1.12790989948536,238.59055554245387,-71.909,-34.066
"Directions from Vía Sin Nombre, Paredones, O'Higgins, Chile to La Cuchilla, Navidad, O'Higgins, Chile",,1.12813350628311,247.30511940160207,-71.909,-34.066
"Directions from Vía Sin Nombre, Paredones, O'Higgins, Chile to La Cuchilla, Navidad, O'Higgins, Chile",,1.12859837185507,249.68694024848131,-71.909,-34.066
"Directions from Vía Sin Nombre, Paredones, O'Higgins, Chile to La Cuchilla, Navidad, O'Higgins, Chile",,1.12875992679929,249.88182084577420,-71.909,-34.066
"Directions from Vía Sin Nombre, Paredones, O'Higgins, Chile to La Cuchilla, Navidad, O'Higgins, Chile",,1.12898128623550,260.78252558824823,-71.910,-34.066
"Directions from Vía Sin Nombre, Paredones, O'Higgins, Chile to La Cuchilla, Navidad, O'Higgins, Chile",,1.12902128623549,266.13908710009531,-71.910,-34.066
"Directions from Vía Sin Nombre, Paredones, O'Higgins, Chile to La Cuchilla, Navidad, O'Higgins, Chile",,1.12961668526136,260.79663089989805,-71.910,-34.066
"Directions from Vía Sin Nombre, Paredones, O'Higgins, Chile to La Cuchilla, Navidad, O'Higgins, Chile",,1.13015603672376,268.22005197487994,-71.911,-34.066
"Directions from Vía Sin Nombre, Paredones, O'Higgins, Chile to La Cuchilla, Navidad, O'Higgins, Chile",,1.13023665930126,282.77998258628378,-71.911,-34.066
"Directions from Vía Sin Nombre, Paredones, O'Higgins, Chile to La Cuchilla, Navidad, O'Higgins, Chile",,1.13074262372688,290.67035924054198,-71.911,-34.066
"Directions from Vía Sin Nombre, Paredones, O'Higgins, Chile to La Cuchilla, Navidad, O'Higgins, Chile",,1.13151340255378,287.10785106791127,-71.912,-34.066
"Directions from Vía Sin Nombre, Paredones, O'Higgins, Chile to La Cuchilla, Navidad, O'Higgins, Chile",,1.13156439274892,278.25218069160906,-71.912,-34.066
"Directions from Vía Sin Nombre, Paredones, O'Higgins, Chile to La Cuchilla, Navidad, O'Higgins, Chile",,1.13167484635908,272.59721445303313,-71.912,-34.066
"Directions from Vía Sin Nombre, Paredones, O'Higgins, Chile to La Cuchilla, Navidad, O'Higgins, Chile",,1.13193484635910,272.38182084620536,-71.912,-34.066
"Directions from Vía Sin Nombre, Paredones, O'Higgins, Chile to La Cuchilla, Navidad, O'Higgins, Chile",,1.13205526230488,279.39994258016867,-71.913,-34.066
"Directions from Vía Sin Nombre, Paredones, O'Higgins, Chile to La Cuchilla, Navidad, O'Higgins, Chile",,1.13222018652990,290.79452752247335,-71.913,-34.066
"Directions from Vía Sin Nombre, Paredones, O'Higgins, Chile to La Cuchilla, Navidad, O'Higgins, Chile",,1.13247960896532,300.62143955097804,-71.913,-34.066
"Directions from Vía Sin Nombre, Paredones, O'Higgins, Chile to La Cuchilla, Navidad, O'Higgins, Chile",,1.13258777550358,298.15496623600643,-71.913,-34.066
"Directions from Vía Sin Nombre, Paredones, O'Higgins, Chile to La Cuchilla, Navidad, O'Higgins, Chile",,1.13271777550359,288.32805420750162,-71.913,-34.066
"Directions from Vía Sin Nombre, Paredones, O'Higgins, Chile to La Cuchilla, Navidad, O'Higgins, Chile",,1.13280023761610,280.37304013777219,-71.913,-34.066
"Directions from Vía Sin Nombre, Paredones, O'Higgins, Chile to La Cuchilla, Navidad, O'Higgins, Chile",,1.13297141004379,270.75770394927423,-71.913,-34.066
"Directions from Vía Sin Nombre, Paredones, O'Higgins, Chile to La Cuchilla, Navidad, O'Higgins, Chile",,1.13308186365397,262.25036231091934,-71.914,-34.066
"Directions from Vía Sin Nombre, Paredones, O'Higgins, Chile to La Cuchilla, Navidad, O'Higgins, Chile",,1.13319366705283,257.22001741549110,-71.914,-34.066
"Directions from Vía Sin Nombre, Paredones, O'Higgins, Chile to La Cuchilla, Navidad, O'Higgins, Chile",,1.13330768459535,249.98487036462805,-71.914,-34.066
"Directions from Vía Sin Nombre, Paredones, O'Higgins, Chile to La Cuchilla, Navidad, O'Higgins, Chile",,1.13345086280598,242.37965725512277,-71.914,-34.066
"Directions from Vía Sin Nombre, Paredones, O'Higgins, Chile to La Cuchilla, Navidad, O'Higgins, Chile",,1.13364809363521,237.64271103683609,-71.914,-34.066
"Directions from Vía Sin Nombre, Paredones, O'Higgins, Chile to La Cuchilla, Navidad, O'Higgins, Chile",,1.13421668839424,230.37548349969700,-71.915,-34.066
"Directions from Vía Sin Nombre, Paredones, O'Higgins, Chile to La Cuchilla, Navidad, O'Higgins, Chile",,1.13425911480112,229.54513846374019,-71.915,-34.066
"Directions from Vía Sin Nombre, Paredones, O'Higgins, Chile to La Cuchilla, Navidad, O'Higgins, Chile",,1.13461716507691,229.54513846374019,-71.915,-34.066
"Directions from Vía Sin Nombre, Paredones, O'Higgins, Chile to La Cuchilla, Navidad, O'Higgins, Chile",,1.13465959148379,229.37308113390543,-71.915,-34.066
"Directions from Vía Sin Nombre, Paredones, O'Higgins, Chile to La Cuchilla, Navidad, O'Higgins, Chile",,1.13484560223616,228.44927599789639,-71.915,-34.067
"Directions from Vía Sin Nombre, Paredones, O'Higgins, Chile to La Cuchilla, Navidad, O'Higgins, Chile",,1.13506491935816,220.51368669308923,-71.915,-34.067
"Directions from Vía Sin Nombre, Paredones, O'Higgins, Chile to La Cuchilla, Navidad, O'Higgins, Chile",,1.13529295444318,221.43749182061680,-71.915,-34.067
"Directions from Vía Sin Nombre, Paredones, O'Higgins, Chile to La Cuchilla, Navidad, O'Higgins, Chile",,1.13532123871442,218.95262145739801,-71.915,-34.067
"Directions from Vía Sin Nombre, Paredones, O'Higgins, Chile to La Cuchilla, Navidad, O'Higgins, Chile",,1.13552372328173,210.97992351240953,-71.915,-34.067
"Directions from Vía Sin Nombre, Paredones, O'Higgins, Chile to La Cuchilla, Navidad, O'Higgins, Chile",,1.13572963588456,201.02461044462297,-71.916,-34.067
"Directions from Vía Sin Nombre, Paredones, O'Higgins, Chile to La Cuchilla, Navidad, O'Higgins, Chile",,1.13586305252520,189.91869510056631,-71.916,-34.067
"Directions from Vía Sin Nombre, Paredones, O'Higgins, Chile to La Cuchilla, Navidad, O'Higgins, Chile",,1.13611484609143,182.22841469031880,-71.916,-34.068
"Directions from Vía Sin Nombre, Paredones, O'Higgins, Chile to La Cuchilla, Navidad, O'Higgins, Chile",,1.13635505433443,182.36953615999980,-71.916,-34.068
"Directions from Vía Sin Nombre, Paredones, O'Higgins, Chile to La Cuchilla, Navidad, O'Higgins, Chile",,1.13651629948940,196.84503376272892,-71.916,-34.068
"Directions from Vía Sin Nombre, Paredones, O'Higgins, Chile to La Cuchilla, Navidad, O'Higgins, Chile",,1.13658338152872,202.50000000271405,-71.916,-34.068
"Directions from Vía Sin Nombre, Paredones, O'Higgins, Chile to La Cuchilla, Navidad, O'Higgins, Chile",,1.13661500430532,205.22016601934516,-71.916,-34.068
"Directions from Vía Sin Nombre, Paredones, O'Higgins, Chile to La Cuchilla, Navidad, O'Higgins, Chile",,1.13670934411664,219.42649673647179,-71.916,-34.068
"Directions from Vía Sin Nombre, Paredones, O'Higgins, Chile to La Cuchilla, Navidad, O'Higgins, Chile",,1.13692866123863,229.09390100536547,-71.916,-34.068
"Directions from Vía Sin Nombre, Paredones, O'Higgins, Chile to La Cuchilla, Navidad, O'Higgins, Chile",,1.13705672372338,236.14279382451241,-71.916,-34.068
"Directions from Vía Sin Nombre, Paredones, O'Higgins, Chile to La Cuchilla, Navidad, O'Higgins, Chile",,1.13715968002479,255.47269795180563,-71.916,-34.068
"Directions from Vía Sin Nombre, Paredones, O'Higgins, Chile to La Cuchilla, Navidad, O'Higgins, Chile",,1.13716968002479,254.51812173336452,-71.916,-34.068
"Directions from Vía Sin Nombre, Paredones, O'Higgins, Chile to La Cuchilla, Navidad, O'Higgins, Chile",,1.13722798954375,245.30064732122503,-71.916,-34.069
"Directions from Vía Sin Nombre, Paredones, O'Higgins, Chile to La Cuchilla, Navidad, O'Higgins, Chile",,1.13732285787355,249.18323033080239,-71.916,-34.069
"Directions from Vía Sin Nombre, Paredones, O'Higgins, Chile to La Cuchilla, Navidad, O'Higgins, Chile",,1.13755133106672,254.83819656880425,-71.916,-34.069
"Directions from Vía Sin Nombre, Paredones, O'Higgins, Chile to La Cuchilla, Navidad, O'Higgins, Chile",,1.13771257622170,259.94018343007559,-71.917,-34.069
"Directions from Vía Sin Nombre, Paredones, O'Higgins, Chile to La Cuchilla, Navidad, O'Higgins, Chile",,1.13797940950298,253.57508441966391,-71.917,-34.069
"Directions from Vía Sin Nombre, Paredones, O'Higgins, Chile to La Cuchilla, Navidad, O'Higgins, Chile",,1.13836216268716,254.82665430912289,-71.917,-34.069
"Directions from Vía Sin Nombre, Paredones, O'Higgins, Chile to La Cuchilla, Navidad, O'Higgins, Chile",,1.13863675329151,263.49120303776579,-71.918,-34.069
"Directions from Vía Sin Nombre, Paredones, O'Higgins, Chile to La Cuchilla, Navidad, O'Higgins, Chile",,1.13931741473452,264.00578044081431,-71.918,-34.069
"Directions from Vía Sin Nombre, Paredones, O'Higgins, Chile to La Cuchilla, Navidad, O'Higgins, Chile",,1.13949989761043,254.44986828182965,-71.918,-34.069
"Directions from Vía Sin Nombre, Paredones, O'Higgins, Chile to La Cuchilla, Navidad, O'Higgins, Chile",,1.14080162722904,251.20833143579969,-71.920,-34.069
"Directions from Vía Sin Nombre, Paredones, O'Higgins, Chile to La Cuchilla, Navidad, O'Higgins, Chile",,1.14087442832794,251.50854653756011,-71.920,-34.069
"Directions from Vía Sin Nombre, Paredones, O'Higgins, Chile to La Cuchilla, Navidad, O'Higgins, Chile",,1.14115299609349,243.99936622322741,-71.920,-34.070
"Directions from Vía Sin Nombre, Paredones, O'Higgins, Chile to La Cuchilla, Navidad, O'Higgins, Chile",,1.14121130561243,243.61741699388404,-71.920,-34.070
"Directions from Vía Sin Nombre, Paredones, O'Higgins, Chile to La Cuchilla, Navidad, O'Higgins, Chile",,1.14126515726051,259.09929525752602,-71.920,-34.070
"Directions from Vía Sin Nombre, Paredones, O'Higgins, Chile to La Cuchilla, Navidad, O'Higgins, Chile",,1.14127515726051,259.57277098016380,-71.920,-34.070
"Directions from Vía Sin Nombre, Paredones, O'Higgins, Chile to La Cuchilla, Navidad, O'Higgins, Chile",,1.14262348956377,244.09089270993621,-71.921,-34.070
"Directions from Vía Sin Nombre, Paredones, O'Higgins, Chile to La Cuchilla, Navidad, O'Higgins, Chile",,1.14268179908271,254.51812172977239,-71.921,-34.070
"Directions from Vía Sin Nombre, Paredones, O'Higgins, Chile to La Cuchilla, Navidad, O'Higgins, Chile",,1.14270179908271,253.15496623544433,-71.921,-34.070
"Directions from Vía Sin Nombre, Paredones, O'Higgins, Chile to La Cuchilla, Navidad, O'Higgins, Chile",,1.14273785459546,253.15496623544433,-71.921,-34.070
"Directions from Vía Sin Nombre, Paredones, O'Higgins, Chile to La Cuchilla, Navidad, O'Higgins, Chile",,1.14275785459547,258.40070474370231,-71.921,-34.070
"Directions from Vía Sin Nombre, Paredones, O'Higgins, Chile to La Cuchilla, Navidad, O'Higgins, Chile",,1.14291017005759,258.40070474370231,-71.922,-34.070
"Directions from Vía Sin Nombre, Paredones, O'Higgins, Chile to La Cuchilla, Navidad, O'Higgins, Chile",,1.14292017005758,256.71747441553214,-71.922,-34.070
"Directions from Vía Sin Nombre, Paredones, O'Higgins, Chile to La Cuchilla, Navidad, O'Higgins, Chile",,1.14296489141714,246.35469498236168,-71.922,-34.070
"Directions from Vía Sin Nombre, Paredones, O'Higgins, Chile to La Cuchilla, Navidad, O'Higgins, Chile",,1.14336049222603,254.90605946501736,-71.922,-34.070
"Directions from Vía Sin Nombre, Paredones, O'Higgins, Chile to La Cuchilla, Navidad, O'Higgins, Chile",,1.14342131985133,254.36813415395901,-71.922,-34.070
"Directions from Vía Sin Nombre, Paredones, O'Higgins, Chile to La Cuchilla, Navidad, O'Higgins, Chile",,1.14352902314748,254.36813415175845,-71.922,-34.070
"Directions from Vía Sin Nombre, Paredones, O'Higgins, Chile to La Cuchilla, Navidad, O'Higgins, Chile",,1.14365067839808,270.42126212988171,-71.922,-34.070
"Directions from Vía Sin Nombre, Paredones, O'Higgins, Chile to La Cuchilla, Navidad, O'Higgins, Chile",,1.14376248179696,285.43044584424393,-71.922,-34.070
"Directions from Vía Sin Nombre, Paredones, O'Higgins, Chile to La Cuchilla, Navidad, O'Higgins, Chile",,1.14410424194677,293.56054819888834,-71.923,-34.070
"Directions from Vía Sin Nombre, Paredones, O'Higgins, Chile to La Cuchilla, Navidad, O'Higgins, Chile",,1.14426076670519,298.13085185726101,-71.923,-34.070
"Directions from Vía Sin Nombre, Paredones, O'Higgins, Chile to La Cuchilla, Navidad, O'Higgins, Chile",,1.14573429987415,296.44762152624799,-71.924,-34.069
"Directions from Vía Sin Nombre, Paredones, O'Higgins, Chile to La Cuchilla, Navidad, O'Higgins, Chile",,1.14588661533627,290.02849464130958,-71.924,-34.069
"Directions from Vía Sin Nombre, Paredones, O'Higgins, Chile to La Cuchilla, Navidad, O'Higgins, Chile",,1.14623143412925,285.44732111774675,-71.925,-34.069
"Directions from Vía Sin Nombre, Paredones, O'Higgins, Chile to La Cuchilla, Navidad, O'Higgins, Chile",,1.14643758941054,281.08317290981989,-71.925,-34.069
"Directions from Vía Sin Nombre, Paredones, O'Higgins, Chile to La Cuchilla, Navidad, O'Higgins, Chile",,1.14650830008865,274.06505117585669,-71.925,-34.069
"Directions from Vía Sin Nombre, Paredones, O'Higgins, Chile to La Cuchilla, Navidad, O'Higgins, Chile",,1.14661830008866,265.93494882312552,-71.925,-34.069
"Directions from Vía Sin Nombre, Paredones, O'Higgins, Chile to La Cuchilla, Navidad, O'Higgins, Chile",,1.14675972144490,263.81675142367948,-71.925,-34.069
"Directions from Vía Sin Nombre, Paredones, O'Higgins, Chile to La Cuchilla, Navidad, O'Higgins, Chile",,1.14730120089973,264.08448091616930,-71.926,-34.069
"Directions from Vía Sin Nombre, Paredones, O'Higgins, Chile to La Cuchilla, Navidad, O'Higgins, Chile",,1.14745252835922,256.98520390517217,-71.926,-34.069
"Directions from Vía Sin Nombre, Paredones, O'Higgins, Chile to La Cuchilla, Navidad, O'Higgins, Chile",,1.14757901946564,215.78252558955677,-71.926,-34.069
"Directions from Vía Sin Nombre, Paredones, O'Higgins, Chile to La Cuchilla, Navidad, O'Higgins, Chile",,1.14758901946564,211.71747441146101,-71.926,-34.069
"Directions from Vía Sin Nombre, Paredones, O'Higgins, Chile to La Cuchilla, Navidad, O'Higgins, Chile",,1.14763374082519,232.01812173156847,-71.926,-34.069
"Directions from Vía Sin Nombre, Paredones, O'Higgins, Chile to La Cuchilla, Navidad, O'Higgins, Chile",,1.14772593626976,214.60587715412731,-71.926,-34.069
"Directions from Vía Sin Nombre, Paredones, O'Higgins, Chile to La Cuchilla, Navidad, O'Higgins, Chile",,1.14797653555148,211.15026359700977,-71.926,-34.070
"Directions from Vía Sin Nombre, Paredones, O'Higgins, Chile to La Cuchilla, Navidad, O'Higgins, Chile",,1.14804864657699,216.74781930845509,-71.926,-34.070
"Directions from Vía Sin Nombre, Paredones, O'Higgins, Chile to La Cuchilla, Navidad, O'Higgins, Chile",,1.14812674907375,226.88909885247327,-71.926,-34.070
"Directions from Vía Sin Nombre, Paredones, O'Higgins, Chile to La Cuchilla, Navidad, O'Higgins, Chile",,1.14826276377883,242.76883889656483,-71.926,-34.070
"Directions from Vía Sin Nombre, Paredones, O'Higgins, Chile to La Cuchilla, Navidad, O'Higgins, Chile",,1.14832600933204,254.28521719377008,-71.926,-34.070
"Directions from Vía Sin Nombre, Paredones, O'Higgins, Chile to La Cuchilla, Navidad, O'Higgins, Chile",,1.14859284261332,263.50269160421328,-71.927,-34.070
"Directions from Vía Sin Nombre, Paredones, O'Higgins, Chile to La Cuchilla, Navidad, O'Higgins, Chile",,1.14860284261332,265.03687724660011,-71.927,-34.070
"Directions from Vía Sin Nombre, Paredones, O'Higgins, Chile to La Cuchilla, Navidad, O'Higgins, Chile",,1.14900892142341,261.47436907173164,-71.927,-34.070
"Directions from Vía Sin Nombre, Paredones, O'Higgins, Chile to La Cuchilla, Navidad, O'Higgins, Chile",,1.14925078915585,265.19271536418961,-71.927,-34.070
"Directions from Vía Sin Nombre, Paredones, O'Higgins, Chile to La Cuchilla, Navidad, O'Higgins, Chile",,1.14971122373318,275.77334527302128,-71.928,-34.070
"Directions from Vía Sin Nombre, Paredones, O'Higgins, Chile to La Cuchilla, Navidad, O'Higgins, Chile",,1.14979368584569,293.86315549225571,-71.928,-34.070
"Directions from Vía Sin Nombre, Paredones, O'Higgins, Chile to La Cuchilla, Navidad, O'Higgins, Chile",,1.14982974135845,293.86315549465047,-71.928,-34.070
"Directions from Vía Sin Nombre, Paredones, O'Higgins, Chile to La Cuchilla, Navidad, O'Higgins, Chile",,1.14987097241471,296.92090727982099,-71.928,-34.070
"Directions from Vía Sin Nombre, Paredones, O'Higgins, Chile to La Cuchilla, Navidad, O'Higgins, Chile",,1.14994907491146,313.64756200484663,-71.928,-34.070
"Directions from Vía Sin Nombre, Paredones, O'Higgins, Chile to La Cuchilla, Navidad, O'Higgins, Chile",,1.15027465132339,320.30982764009008,-71.928,-34.070
"Directions from Vía Sin Nombre, Paredones, O'Higgins, Chile to La Cuchilla, Navidad, O'Higgins, Chile",,1.15037465132338,328.28252558609631,-71.928,-34.070
"Directions from Vía Sin Nombre, Paredones, O'Higgins, Chile to La Cuchilla, Navidad, O'Higgins, Chile",,1.15039701200316,324.21747440738989,-71.928,-34.070
"Directions from Vía Sin Nombre, Paredones, O'Higgins, Chile to La Cuchilla, Navidad, O'Higgins, Chile",,1.15041115413879,330.48187826364199,-71.928,-34.070
"Directions from Vía Sin Nombre, Paredones, O'Higgins, Chile to La Cuchilla, Navidad, O'Higgins, Chile",,1.15045238519504,341.67194579239208,-71.928,-34.070
"Directions from Vía Sin Nombre, Paredones, O'Higgins, Chile to La Cuchilla, Navidad, O'Higgins, Chile",,1.15058238519504,348.69006752875009,-71.928,-34.070
"Directions from Vía Sin Nombre, Paredones, O'Higgins, Chile to La Cuchilla, Navidad, O'Higgins, Chile",,1.15060238519504,349.09929525588819,-71.928,-34.069
"Directions from Vía Sin Nombre, Paredones, O'Higgins, Chile to La Cuchilla, Navidad, O'Higgins, Chile",,1.15076394013925,330.66434643459462,-71.928,-34.069
"Directions from Vía Sin Nombre, Paredones, O'Higgins, Chile to La Cuchilla, Navidad, O'Higgins, Chile",,1.15081394013925,328.28252558609631,-71.928,-34.069
"Directions from Vía Sin Nombre, Paredones, O'Higgins, Chile to La Cuchilla, Navidad, O'Higgins, Chile",,1.15083630081902,314.99999999592893,-71.928,-34.069
"Directions from Vía Sin Nombre, Paredones, O'Higgins, Chile to La Cuchilla, Navidad, O'Higgins, Chile",,1.15085866149881,328.28252558853899,-71.928,-34.069
"Directions from Vía Sin Nombre, Paredones, O'Higgins, Chile to La Cuchilla, Navidad, O'Higgins, Chile",,1.15086866149881,315.00000000000000,-71.928,-34.069
"Directions from Vía Sin Nombre, Paredones, O'Higgins, Chile to La Cuchilla, Navidad, O'Higgins, Chile",,1.15092866149880,256.71747441146101,-71.928,-34.069
"Directions from Vía Sin Nombre, Paredones, O'Higgins, Chile to La Cuchilla, Navidad, O'Higgins, Chile",,1.15095102217858,256.71747441146101,-71.929,-34.069
"Directions from Vía Sin Nombre, Paredones, O'Higgins, Chile to La Cuchilla, Navidad, O'Higgins, Chile",,1.15096102217858,247.49999999999997,-71.929,-34.069
"Directions from Vía Sin Nombre, Paredones, O'Higgins, Chile to La Cuchilla, Navidad, O'Higgins, Chile",,1.15097516431421,247.49999999999997,-71.929,-34.069
"Directions from Vía Sin Nombre, Paredones, O'Higgins, Chile to La Cuchilla, Navidad, O'Higgins, Chile",,1.15098516431420,251.06250817570356,-71.929,-34.069
"Directions from Vía Sin Nombre, Paredones, O'Higgins, Chile to La Cuchilla, Navidad, O'Higgins, Chile",,1.15109918185671,228.56250817697577,-71.929,-34.069
"Directions from Vía Sin Nombre, Paredones, O'Higgins, Chile to La Cuchilla, Navidad, O'Higgins, Chile",,1.15121231894171,227.59721445463904,-71.929,-34.069
"Directions from Vía Sin Nombre, Paredones, O'Higgins, Chile to La Cuchilla, Navidad, O'Higgins, Chile",,1.15152472892874,233.54154347347779,-71.929,-34.070
"Directions from Vía Sin Nombre, Paredones, O'Higgins, Chile to La Cuchilla, Navidad, O'Higgins, Chile",,1.15179931953309,235.25215311226611,-71.929,-34.070
"Directions from Vía Sin Nombre, Paredones, O'Higgins, Chile to La Cuchilla, Navidad, O'Higgins, Chile",,1.15203532800752,231.90503854502143,-71.929,-34.070
"Directions from Vía Sin Nombre, Paredones, O'Higgins, Chile to La Cuchilla, Navidad, O'Higgins, Chile",,1.15219153300104,227.59721445354484,-71.929,-34.070
"Directions from Vía Sin Nombre, Paredones, O'Higgins, Chile to La Cuchilla, Navidad, O'Higgins, Chile",,1.15240366503540,230.65496623612285,-71.930,-34.070
"Directions from Vía Sin Nombre, Paredones, O'Higgins, Chile to La Cuchilla, Navidad, O'Higgins, Chile",,1.15247577606090,243.93749182500099,-71.930,-34.070
"Directions from Vía Sin Nombre, Paredones, O'Higgins, Chile to La Cuchilla, Navidad, O'Higgins, Chile",,1.15253902161410,247.50000000101775,-71.930,-34.070
"Directions from Vía Sin Nombre, Paredones, O'Higgins, Chile to La Cuchilla, Navidad, O'Higgins, Chile",,1.15256138229389,249.69935267989257,-71.930,-34.070
"Directions from Vía Sin Nombre, Paredones, O'Higgins, Chile to La Cuchilla, Navidad, O'Higgins, Chile",,1.15260261335014,262.98187826843156,-71.930,-34.070
"Directions from Vía Sin Nombre, Paredones, O'Higgins, Chile to La Cuchilla, Navidad, O'Higgins, Chile",,1.15265261335014,273.79732168438466,-71.930,-34.070
"Directions from Vía Sin Nombre, Paredones, O'Higgins, Chile to La Cuchilla, Navidad, O'Higgins, Chile",,1.15280394080964,296.29732167420678,-71.930,-34.070
"Directions from Vía Sin Nombre, Paredones, O'Higgins, Chile to La Cuchilla, Navidad, O'Higgins, Chile",,1.15281808294526,296.21570397567331,-71.930,-34.070
"Directions from Vía Sin Nombre, Paredones, O'Higgins, Chile to La Cuchilla, Navidad, O'Higgins, Chile",,1.15305003121536,286.99822958253230,-71.930,-34.070
"Directions from Vía Sin Nombre, Paredones, O'Higgins, Chile to La Cuchilla, Navidad, O'Higgins, Chile",,1.15307239189513,289.02352127395983,-71.930,-34.070
"Directions from Vía Sin Nombre, Paredones, O'Higgins, Chile to La Cuchilla, Navidad, O'Higgins, Chile",,1.15437853124451,284.09061779464889,-71.932,-34.070
"Directions from Vía Sin Nombre, Paredones, O'Higgins, Chile to La Cuchilla, Navidad, O'Higgins, Chile",,1.15448293430961,291.63214770590929,-71.932,-34.070
"Directions from Vía Sin Nombre, Paredones, O'Higgins, Chile to La Cuchilla, Navidad, O'Higgins, Chile",,1.15450529498937,286.84503376424249,-71.932,-34.070
"Directions from Vía Sin Nombre, Paredones, O'Higgins, Chile to La Cuchilla, Navidad, O'Higgins, Chile",,1.15458591756685,273.56250817570356,-71.932,-34.070
"Directions from Vía Sin Nombre, Paredones, O'Higgins, Chile to La Cuchilla, Navidad, O'Higgins, Chile",,1.15466591756686,266.43749182554910,-71.932,-34.070
"Directions from Vía Sin Nombre, Paredones, O'Higgins, Chile to La Cuchilla, Navidad, O'Higgins, Chile",,1.15482716272182,265.13621072387951,-71.932,-34.070
"Directions from Vía Sin Nombre, Paredones, O'Higgins, Chile to La Cuchilla, Navidad, O'Higgins, Chile",,1.15504738987728,265.52862302549960,-71.932,-34.070
"Directions from Vía Sin Nombre, Paredones, O'Higgins, Chile to La Cuchilla, Navidad, O'Higgins, Chile",,1.15522849758004,265.68459910552474,-71.932,-34.070
"Directions from Vía Sin Nombre, Paredones, O'Higgins, Chile to La Cuchilla, Navidad, O'Higgins, Chile",,1.15547869750011,311.98899647908189,-71.933,-34.070
"Directions from Vía Sin Nombre, Paredones, O'Higgins, Chile to La Cuchilla, Navidad, O'Higgins, Chile",,1.15593967472298,1.99521440063100,-71.933,-34.069
"Directions from Vía Sin Nombre, Paredones, O'Higgins, Chile to La Cuchilla, Navidad, O'Higgins, Chile",,1.15653507374885,346.09207400226711,-71.933,-34.069
"Directions from Vía Sin Nombre, Paredones, O'Higgins, Chile to La Cuchilla, Navidad, O'Higgins, Chile",,1.15662109700151,297.23116110236231,-71.933,-34.069
"Directions from Vía Sin Nombre, Paredones, O'Higgins, Chile to La Cuchilla, Navidad, O'Higgins, Chile",,1.15677109700151,270.00000000000000,-71.933,-34.069
