Name,description,altitudeMode,distance,angle,X,Y
"Directions from San Martín de los Andes, Neuquén Province to Neltume, Panguipulli, Chile",,,0.00000000000000,69.19320898703263,-71.352,-40.157
"Directions from San Martín de los Andes, Neuquén Province to Neltume, Panguipulli, Chile",,,0.00053488316482,19.68656821055383,-71.352,-40.157
"Directions from San Martín de los Andes, Neuquén Province to Neltume, Panguipulli, Chile",,,0.00148002865626,20.30607942635748,-71.352,-40.156
"Directions from San Martín de los Andes, Neuquén Province to Neltume, Panguipulli, Chile",,,0.00371935891328,71.03145673572396,-71.350,-40.155
"Directions from San Martín de los Andes, Neuquén Province to Neltume, Panguipulli, Chile",,,0.00648002912177,21.95993401859844,-71.348,-40.155
"Directions from San Martín de los Andes, Neuquén Province to Neltume, Panguipulli, Chile",,,0.00759828669497,21.37140912560132,-71.348,-40.154
"Directions from San Martín de los Andes, Neuquén Province to Neltume, Panguipulli, Chile",,,0.00939163551771,71.27284970186416,-71.346,-40.153
"Directions from San Martín de los Andes, Neuquén Province to Neltume, Panguipulli, Chile",,,0.01179823062282,71.05448030773015,-71.344,-40.152
"Directions from San Martín de los Andes, Neuquén Province to Neltume, Panguipulli, Chile",,,0.01250051261748,70.73446768758372,-71.344,-40.152
"Directions from San Martín de los Andes, Neuquén Province to Neltume, Panguipulli, Chile",,,0.01570706840211,70.29879192783646,-71.340,-40.151
"Directions from San Martín de los Andes, Neuquén Province to Neltume, Panguipulli, Chile",,,0.01593179045265,70.58820110941120,-71.340,-40.151
"Directions from San Martín de los Andes, Neuquén Province to Neltume, Panguipulli, Chile",,,0.01709870947298,68.86315549728675,-71.339,-40.151
"Directions from San Martín de los Andes, Neuquén Province to Neltume, Panguipulli, Chile",,,0.01743885650001,59.83403867495930,-71.339,-40.150
"Directions from San Martín de los Andes, Neuquén Province to Neltume, Panguipulli, Chile",,,0.01757487120510,51.68566598433758,-71.339,-40.150
"Directions from San Martín de los Andes, Neuquén Province to Neltume, Panguipulli, Chile",,,0.01766706664967,42.46819157304160,-71.339,-40.150
"Directions from San Martín de los Andes, Neuquén Province to Neltume, Panguipulli, Chile",,,0.01792513640769,38.36180147839654,-71.339,-40.150
"Directions from San Martín de los Andes, Neuquén Province to Neltume, Panguipulli, Chile",,,0.01803143786581,43.09296258213428,-71.338,-40.150
"Directions from San Martín de los Andes, Neuquén Province to Neltume, Panguipulli, Chile",,,0.01830013844266,48.52288456264636,-71.338,-40.150
"Directions from San Martín de los Andes, Neuquén Province to Neltume, Panguipulli, Chile",,,0.01893425199716,53.68923482058200,-71.338,-40.149
"Directions from San Martín de los Andes, Neuquén Province to Neltume, Panguipulli, Chile",,,0.02023521318029,57.34101627934722,-71.337,-40.149
"Directions from San Martín de los Andes, Neuquén Province to Neltume, Panguipulli, Chile",,,0.02054906027682,52.17466602650048,-71.336,-40.149
"Directions from San Martín de los Andes, Neuquén Province to Neltume, Panguipulli, Chile",,,0.02057734454807,54.99155326522168,-71.336,-40.149
"Directions from San Martín de los Andes, Neuquén Province to Neltume, Panguipulli, Chile",,,0.02074287400163,77.49155326013280,-71.336,-40.148
"Directions from San Martín de los Andes, Neuquén Province to Neltume, Panguipulli, Chile",,,0.02076287400164,80.93095892203742,-71.336,-40.148
"Directions from San Martín de los Andes, Neuquén Province to Neltume, Panguipulli, Chile",,,0.02137320178243,76.19979782022520,-71.336,-40.148
"Directions from San Martín de los Andes, Neuquén Province to Neltume, Panguipulli, Chile",,,0.02143402940773,76.80508236583252,-71.336,-40.148
"Directions from San Martín de los Andes, Neuquén Province to Neltume, Panguipulli, Chile",,,0.02191486201893,71.86407883163338,-71.335,-40.148
"Directions from San Martín de los Andes, Neuquén Province to Neltume, Panguipulli, Chile",,,0.02291110496119,66.55142957547852,-71.334,-40.148
"Directions from San Martín de los Andes, Neuquén Province to Neltume, Panguipulli, Chile",,,0.02317052739661,58.45475531570900,-71.334,-40.148
"Directions from San Martín de los Andes, Neuquén Province to Neltume, Panguipulli, Chile",,,0.02351462040730,45.66610992876958,-71.334,-40.147
"Directions from San Martín de los Andes, Neuquén Province to Neltume, Panguipulli, Chile",,,0.02361462040730,47.95307055611892,-71.334,-40.147
"Directions from San Martín de los Andes, Neuquén Province to Neltume, Panguipulli, Chile",,,0.02373123944519,56.08317290973208,-71.334,-40.147
"Directions from San Martín de los Andes, Neuquén Province to Neltume, Panguipulli, Chile",,,0.02388123944520,49.06505117612808,-71.333,-40.147
"Directions from San Martín de los Andes, Neuquén Province to Neltume, Panguipulli, Chile",,,0.02395195012330,67.49999999796444,-71.333,-40.147
"Directions from San Martín de los Andes, Neuquén Province to Neltume, Panguipulli, Chile",,,0.02396195012331,45.00000000000000,-71.333,-40.147
"Directions from San Martín de los Andes, Neuquén Province to Neltume, Panguipulli, Chile",,,0.02397195012331,45.00000000000000,-71.333,-40.147
"Directions from San Martín de los Andes, Neuquén Province to Neltume, Panguipulli, Chile",,,0.02399195012331,45.00000000000000,-71.333,-40.147
"Directions from San Martín de los Andes, Neuquén Province to Neltume, Panguipulli, Chile",,,0.02400195012331,45.00000000000000,-71.333,-40.147
"Directions from San Martín de los Andes, Neuquén Province to Neltume, Panguipulli, Chile",,,0.02402195012330,45.00000000000000,-71.333,-40.147
"Directions from San Martín de los Andes, Neuquén Province to Neltume, Panguipulli, Chile",,,0.02403195012331,45.00000000000000,-71.333,-40.147
"Directions from San Martín de los Andes, Neuquén Province to Neltume, Panguipulli, Chile",,,0.02404195012331,67.49999999660741,-71.333,-40.147
"Directions from San Martín de los Andes, Neuquén Province to Neltume, Panguipulli, Chile",,,0.02408437653018,22.49999999660740,-71.333,-40.147
"Directions from San Martín de los Andes, Neuquén Province to Neltume, Panguipulli, Chile",,,0.02409437653017,45.00000000000000,-71.333,-40.147
"Directions from San Martín de los Andes, Neuquén Province to Neltume, Panguipulli, Chile",,,0.02410437653018,45.00000000000000,-71.333,-40.147
"Directions from San Martín de los Andes, Neuquén Province to Neltume, Panguipulli, Chile",,,0.02416437653018,315.00000000000000,-71.333,-40.147
"Directions from San Martín de los Andes, Neuquén Province to Neltume, Panguipulli, Chile",,,0.02417437653019,315.00000000000000,-71.333,-40.147
"Directions from San Martín de los Andes, Neuquén Province to Neltume, Panguipulli, Chile",,,0.02418437653018,337.50000000508891,-71.333,-40.147
"Directions from San Martín de los Andes, Neuquén Province to Neltume, Panguipulli, Chile",,,0.02421266080142,292.50000000508891,-71.333,-40.147
"Directions from San Martín de los Andes, Neuquén Province to Neltume, Panguipulli, Chile",,,0.02422266080143,315.00000000000000,-71.333,-40.147
"Directions from San Martín de los Andes, Neuquén Province to Neltume, Panguipulli, Chile",,,0.02423266080143,315.00000000000000,-71.333,-40.147
"Directions from San Martín de los Andes, Neuquén Province to Neltume, Panguipulli, Chile",,,0.02425266080142,292.49999998982224,-71.333,-40.147
"Directions from San Martín de los Andes, Neuquén Province to Neltume, Panguipulli, Chile",,,0.02426680293705,292.49999998982224,-71.333,-40.147
"Directions from San Martín de los Andes, Neuquén Province to Neltume, Panguipulli, Chile",,,0.02437680293705,225.00000000000000,-71.333,-40.147
"Directions from San Martín de los Andes, Neuquén Province to Neltume, Panguipulli, Chile",,,0.02438680293705,225.00000000000000,-71.333,-40.147
"Directions from San Martín de los Andes, Neuquén Province to Neltume, Panguipulli, Chile",,,0.02440680293704,275.94432901949000,-71.333,-40.147
"Directions from San Martín de los Andes, Neuquén Province to Neltume, Panguipulli, Chile",,,0.02460096781543,271.21316791437692,-71.334,-40.147
"Directions from San Martín de los Andes, Neuquén Province to Neltume, Panguipulli, Chile",,,0.02466179544074,277.77728563423403,-71.334,-40.147
"Directions from San Martín de los Andes, Neuquén Province to Neltume, Panguipulli, Chile",,,0.02499285434788,296.81367657258909,-71.334,-40.147
"Directions from San Martín de los Andes, Neuquén Province to Neltume, Panguipulli, Chile",,,0.02511815398875,305.29883608160009,-71.334,-40.147
"Directions from San Martín de los Andes, Neuquén Province to Neltume, Panguipulli, Chile",,,0.02525269022921,314.48107325375076,-71.334,-40.147
"Directions from San Martín de los Andes, Neuquén Province to Neltume, Panguipulli, Chile",,,0.02607342161037,313.78811432861329,-71.335,-40.146
"Directions from San Martín de los Andes, Neuquén Province to Neltume, Panguipulli, Chile",,,0.02616561705493,312.53783001990962,-71.335,-40.146
"Directions from San Martín de los Andes, Neuquén Province to Neltume, Panguipulli, Chile",,,0.02693639588184,312.04252681694646,-71.335,-40.145
"Directions from San Martín de los Andes, Neuquén Province to Neltume, Panguipulli, Chile",,,0.02731282648633,299.02281853239703,-71.336,-40.145
"Directions from San Martín de los Andes, Neuquén Province to Neltume, Panguipulli, Chile",,,0.02740769481613,285.48187826647580,-71.336,-40.145
"Directions from San Martín de los Andes, Neuquén Province to Neltume, Panguipulli, Chile",,,0.02749989026070,275.24169960958153,-71.336,-40.145
"Directions from San Martín de los Andes, Neuquén Province to Neltume, Panguipulli, Chile",,,0.02778006877523,263.53453222843854,-71.336,-40.145
"Directions from San Martín de los Andes, Neuquén Province to Neltume, Panguipulli, Chile",,,0.02804483282112,261.70193990464503,-71.336,-40.145
"Directions from San Martín de los Andes, Neuquén Province to Neltume, Panguipulli, Chile",,,0.02824583033355,266.15723642567229,-71.337,-40.145
"Directions from San Martín de los Andes, Neuquén Province to Neltume, Panguipulli, Chile",,,0.02853600269612,272.30350532192847,-71.337,-40.145
"Directions from San Martín de los Andes, Neuquén Province to Neltume, Panguipulli, Chile",,,0.02879772774269,279.91123228516796,-71.337,-40.145
"Directions from San Martín de los Andes, Neuquén Province to Neltume, Panguipulli, Chile",,,0.02897237023466,286.44717198667098,-71.337,-40.145
"Directions from San Martín de los Andes, Neuquén Province to Neltume, Panguipulli, Chile",,,0.02912103092213,294.13214186258244,-71.337,-40.145
"Directions from San Martín de los Andes, Neuquén Province to Neltume, Panguipulli, Chile",,,0.02924633056299,296.52720722361465,-71.338,-40.145
"Directions from San Martín de los Andes, Neuquén Province to Neltume, Panguipulli, Chile",,,0.02972965240193,289.24009912420632,-71.338,-40.145
"Directions from San Martín de los Andes, Neuquén Province to Neltume, Panguipulli, Chile",,,0.02993580768322,278.70135206504642,-71.338,-40.145
"Directions from San Martín de los Andes, Neuquén Province to Neltume, Panguipulli, Chile",,,0.03010610154687,266.46449265566042,-71.338,-40.145
"Directions from San Martín de los Andes, Neuquén Province to Neltume, Panguipulli, Chile",,,0.03126528229206,261.92596575555871,-71.340,-40.145
"Directions from San Martín de los Andes, Neuquén Province to Neltume, Panguipulli, Chile",,,0.03156677856069,267.14470343098145,-71.340,-40.145
"Directions from San Martín de los Andes, Neuquén Province to Neltume, Panguipulli, Chile",,,0.03189677856069,271.42409395574219,-71.340,-40.145
"Directions from San Martín de los Andes, Neuquén Province to Neltume, Panguipulli, Chile",,,0.03390926458549,267.70838996989107,-71.342,-40.145
"Directions from San Martín de los Andes, Neuquén Province to Neltume, Panguipulli, Chile",,,0.03414121285559,255.85706699367452,-71.342,-40.145
"Directions from San Martín de los Andes, Neuquén Province to Neltume, Panguipulli, Chile",,,0.03436593490613,259.57277097952561,-71.343,-40.145
"Directions from San Martín de los Andes, Neuquén Province to Neltume, Panguipulli, Chile",,,0.03438593490612,259.09929525752602,-71.343,-40.145
"Directions from San Martín de los Andes, Neuquén Province to Neltume, Panguipulli, Chile",,,0.03454748985034,245.15065974183213,-71.343,-40.145
"Directions from San Martín de los Andes, Neuquén Province to Neltume, Panguipulli, Chile",,,0.03473984369095,233.55136449448392,-71.343,-40.145
"Directions from San Martín de los Andes, Neuquén Province to Neltume, Panguipulli, Chile",,,0.03475398582657,233.58795181785459,-71.343,-40.145
"Directions from San Martín de los Andes, Neuquén Province to Neltume, Panguipulli, Chile",,,0.03516104847532,233.58795180767683,-71.343,-40.145
"Directions from San Martín de los Andes, Neuquén Province to Neltume, Panguipulli, Chile",,,0.03521761701781,229.06505117544955,-71.343,-40.145
"Directions from San Martín de los Andes, Neuquén Province to Neltume, Panguipulli, Chile",,,0.03526761701781,223.41008494470273,-71.343,-40.146
"Directions from San Martín de los Andes, Neuquén Province to Neltume, Panguipulli, Chile",,,0.03530367253056,219.34503376586051,-71.343,-40.146
"Directions from San Martín de los Andes, Neuquén Province to Neltume, Panguipulli, Chile",,,0.03534609893743,220.62691886632999,-71.343,-40.146
"Directions from San Martín de los Andes, Neuquén Province to Neltume, Panguipulli, Chile",,,0.03553210968981,214.71617469897595,-71.344,-40.146
"Directions from San Martín de los Andes, Neuquén Province to Neltume, Panguipulli, Chile",,,0.03584275418115,208.97682611337149,-71.344,-40.146
"Directions from San Martín de los Andes, Neuquén Province to Neltume, Panguipulli, Chile",,,0.03612911060242,201.60504469761460,-71.344,-40.146
"Directions from San Martín de los Andes, Neuquén Province to Neltume, Panguipulli, Chile",,,0.03616073337902,206.06250818274967,-71.344,-40.146
"Directions from San Martín de los Andes, Neuquén Province to Neltume, Panguipulli, Chile",,,0.03619678889178,206.06250817053635,-71.344,-40.146
"Directions from San Martín de los Andes, Neuquén Province to Neltume, Panguipulli, Chile",,,0.03622841166838,206.06250816740476,-71.344,-40.146
"Directions from San Martín de los Andes, Neuquén Province to Neltume, Panguipulli, Chile",,,0.03626446718114,225.00000000156581,-71.344,-40.146
"Directions from San Martín de los Andes, Neuquén Province to Neltume, Panguipulli, Chile",,,0.03630052269389,230.65496624053321,-71.344,-40.146
"Directions from San Martín de los Andes, Neuquén Province to Neltume, Panguipulli, Chile",,,0.03632880696514,236.59929526261493,-71.344,-40.146
"Directions from San Martín de los Andes, Neuquén Province to Neltume, Panguipulli, Chile",,,0.03638265861321,259.09929525752602,-71.344,-40.146
"Directions from San Martín de los Andes, Neuquén Province to Neltume, Panguipulli, Chile",,,0.03648265861320,277.97269794930924,-71.344,-40.146
"Directions from San Martín de los Andes, Neuquén Province to Neltume, Panguipulli, Chile",,,0.03655545971210,300.47269795439809,-71.344,-40.146
"Directions from San Martín de los Andes, Neuquén Province to Neltume, Panguipulli, Chile",,,0.03658374398334,305.78252559362789,-71.344,-40.146
"Directions from San Martín de los Andes, Neuquén Province to Neltume, Panguipulli, Chile",,,0.03660610466312,314.99999999592893,-71.344,-40.146
"Directions from San Martín de los Andes, Neuquén Province to Neltume, Panguipulli, Chile",,,0.03665082602267,346.71747440738994,-71.344,-40.146
"Directions from San Martín de los Andes, Neuquén Province to Neltume, Panguipulli, Chile",,,0.03668082602268,349.09929525963173,-71.344,-40.146
"Directions from San Martín de los Andes, Neuquén Province to Neltume, Panguipulli, Chile",,,0.03673467767074,349.09929525963173,-71.344,-40.146
"Directions from San Martín de los Andes, Neuquén Province to Neltume, Panguipulli, Chile",,,0.03688467767075,5.30982763746306,-71.344,-40.146
"Directions from San Martín de los Andes, Neuquén Province to Neltume, Panguipulli, Chile",,,0.03704746587670,7.90704209199785,-71.344,-40.146
"Directions from San Martín de los Andes, Neuquén Province to Neltume, Panguipulli, Chile",,,0.03715791948688,2.59721445453481,-71.344,-40.146
"Directions from San Martín de los Andes, Neuquén Province to Neltume, Panguipulli, Chile",,,0.03725791948687,354.34503376142408,-71.344,-40.146
"Directions from San Martín de los Andes, Neuquén Province to Neltume, Panguipulli, Chile",,,0.03735989987715,343.15496623562495,-71.344,-40.146
"Directions from San Martín de los Andes, Neuquén Province to Neltume, Panguipulli, Chile",,,0.03791144316647,343.65750923998070,-71.344,-40.145
"Directions from San Martín de los Andes, Neuquén Province to Neltume, Panguipulli, Chile",,,0.03835865676197,354.84757676577982,-71.345,-40.145
"Directions from San Martín de los Andes, Neuquén Province to Neltume, Panguipulli, Chile",,,0.03840865676197,4.73116110566326,-71.345,-40.145
"Directions from San Martín de los Andes, Neuquén Province to Neltume, Panguipulli, Chile",,,0.03846948438727,14.45117851812291,-71.345,-40.145
"Directions from San Martín de los Andes, Neuquén Province to Neltume, Panguipulli, Chile",,,0.03864976195105,26.56505117649342,-71.344,-40.144
"Directions from San Martín de los Andes, Neuquén Province to Neltume, Panguipulli, Chile",,,0.03875792848931,39.34503376694171,-71.344,-40.144
"Directions from San Martín de los Andes, Neuquén Province to Neltume, Panguipulli, Chile",,,0.03885692343868,47.91317101719078,-71.344,-40.144
"Directions from San Martín de los Andes, Neuquén Province to Neltume, Panguipulli, Chile",,,0.03955348642936,70.41317101428284,-71.344,-40.144
"Directions from San Martín de los Andes, Neuquén Province to Neltume, Panguipulli, Chile",,,0.03956348642937,67.50000000000000,-71.344,-40.144
"Directions from San Martín de los Andes, Neuquén Province to Neltume, Panguipulli, Chile",,,0.03969076564998,48.17009587394792,-71.344,-40.144
"Directions from San Martín de los Andes, Neuquén Province to Neltume, Panguipulli, Chile",,,0.03975479689236,41.15197413758989,-71.344,-40.144
"Directions from San Martín de los Andes, Neuquén Province to Neltume, Panguipulli, Chile",,,0.03981310641130,27.46312275428872,-71.344,-40.144
"Directions from San Martín de los Andes, Neuquén Province to Neltume, Panguipulli, Chile",,,0.03991159498933,28.82627825050497,-71.344,-40.144
"Directions from San Martín de los Andes, Neuquén Province to Neltume, Panguipulli, Chile",,,0.03994765050207,16.84503375985826,-71.344,-40.144
"Directions from San Martín de los Andes, Neuquén Province to Neltume, Panguipulli, Chile",,,0.03996765050208,19.64470343135095,-71.344,-40.143
"Directions from San Martín de los Andes, Neuquén Province to Neltume, Panguipulli, Chile",,,0.04010977720611,35.88029957833181,-71.343,-40.143
"Directions from San Martín de los Andes, Neuquén Province to Neltume, Panguipulli, Chile",,,0.04024016125422,42.53291783118768,-71.343,-40.143
"Directions from San Martín de los Andes, Neuquén Province to Neltume, Panguipulli, Chile",,,0.04045417059981,57.26107821599862,-71.343,-40.143
"Directions from San Martín de los Andes, Neuquén Province to Neltume, Panguipulli, Chile",,,0.04062417059980,65.06305178931780,-71.343,-40.143
"Directions from San Martín de los Andes, Neuquén Province to Neltume, Panguipulli, Chile",,,0.04067802224787,64.22685460874176,-71.343,-40.143
"Directions from San Martín de los Andes, Neuquén Province to Neltume, Panguipulli, Chile",,,0.04075864482537,53.68810754988108,-71.343,-40.143
"Directions from San Martín de los Andes, Neuquén Province to Neltume, Panguipulli, Chile",,,0.04094969455711,43.46333374179466,-71.343,-40.143
"Directions from San Martín de los Andes, Neuquén Province to Neltume, Panguipulli, Chile",,,0.04102779705386,42.40278554482561,-71.343,-40.143
"Directions from San Martín de los Andes, Neuquén Province to Neltume, Panguipulli, Chile",,,0.04111264986760,39.34503376390326,-71.343,-40.143
"Directions from San Martín de los Andes, Neuquén Province to Neltume, Panguipulli, Chile",,,0.04125687191862,36.74781930934068,-71.343,-40.143
"Directions from San Martín de los Andes, Neuquén Province to Neltume, Panguipulli, Chile",,,0.04133497441538,47.40677544812758,-71.343,-40.143
"Directions from San Martín de los Andes, Neuquén Province to Neltume, Panguipulli, Chile",,,0.04145703997154,65.48586816703066,-71.342,-40.142
"Directions from San Martín de los Andes, Neuquén Province to Neltume, Panguipulli, Chile",,,0.04153950208405,82.98187826603676,-71.342,-40.142
"Directions from San Martín de los Andes, Neuquén Province to Neltume, Panguipulli, Chile",,,0.04158950208405,82.98187826364200,-71.342,-40.142
"Directions from San Martín de los Andes, Neuquén Province to Neltume, Panguipulli, Chile",,,0.04163073314031,82.98187826364200,-71.342,-40.142
"Directions from San Martín de los Andes, Neuquén Province to Neltume, Panguipulli, Chile",,,0.04169073314031,96.26440385433628,-71.342,-40.142
"Directions from San Martín de los Andes, Neuquén Province to Neltume, Panguipulli, Chile",,,0.04178292858489,109.54692944287525,-71.342,-40.142
"Directions from San Martín de los Andes, Neuquén Province to Neltume, Panguipulli, Chile",,,0.04182764994444,103.28252558853897,-71.342,-40.143
"Directions from San Martín de los Andes, Neuquén Province to Neltume, Panguipulli, Chile",,,0.04183764994444,135.00000000000000,-71.342,-40.143
"Directions from San Martín de los Andes, Neuquén Province to Neltume, Panguipulli, Chile",,,0.04184764994444,146.59929525705806,-71.342,-40.143
"Directions from San Martín de los Andes, Neuquén Province to Neltume, Panguipulli, Chile",,,0.04207612313761,110.81676966817984,-71.342,-40.143
"Directions from San Martín de los Andes, Neuquén Province to Neltume, Panguipulli, Chile",,,0.04226585979722,99.21747441112171,-71.342,-40.143
"Directions from San Martín de los Andes, Neuquén Province to Neltume, Panguipulli, Chile",,,0.04267585979723,84.34503376533860,-71.341,-40.143
"Directions from San Martín de los Andes, Neuquén Province to Neltume, Panguipulli, Chile",,,0.04272684999236,84.34503376533860,-71.341,-40.143
"Directions from San Martín de los Andes, Neuquén Province to Neltume, Panguipulli, Chile",,,0.04277684999236,84.05567097905217,-71.341,-40.143
"Directions from San Martín de los Andes, Neuquén Province to Neltume, Panguipulli, Chile",,,0.04297101487074,73.77764837204884,-71.341,-40.143
"Directions from San Martín de los Andes, Neuquén Province to Neltume, Panguipulli, Chile",,,0.04305645490821,74.99081628678330,-71.341,-40.143
"Directions from San Martín de los Andes, Neuquén Province to Neltume, Panguipulli, Chile",,,0.04311728253350,74.36813415131260,-71.341,-40.143
"Directions from San Martín de los Andes, Neuquén Province to Neltume, Panguipulli, Chile",,,0.04333268912579,66.49873343403885,-71.341,-40.142
"Directions from San Martín de los Andes, Neuquén Province to Neltume, Panguipulli, Chile",,,0.04352057206807,58.96448935359082,-71.340,-40.142
"Directions from San Martín de los Andes, Neuquén Province to Neltume, Panguipulli, Chile",,,0.04362057206807,49.06505118047058,-71.340,-40.142
"Directions from San Martín de los Andes, Neuquén Province to Neltume, Panguipulli, Chile",,,0.04366299847495,67.50000000339260,-71.340,-40.142
"Directions from San Martín de los Andes, Neuquén Province to Neltume, Panguipulli, Chile",,,0.04367299847494,71.56505117870644,-71.340,-40.142
"Directions from San Martín de los Andes, Neuquén Province to Neltume, Panguipulli, Chile",,,0.04372299847493,49.06505117997866,-71.340,-40.142
"Directions from San Martín de los Andes, Neuquén Province to Neltume, Panguipulli, Chile",,,0.04383613555993,39.34503376113050,-71.340,-40.142
"Directions from San Martín de los Andes, Neuquén Province to Neltume, Panguipulli, Chile",,,0.04387219107268,61.84503375985828,-71.340,-40.142
"Directions from San Martín de los Andes, Neuquén Province to Neltume, Panguipulli, Chile",,,0.04388219107268,64.32990412605210,-71.340,-40.142
"Directions from San Martín de los Andes, Neuquén Province to Neltume, Panguipulli, Chile",,,0.04407428479981,35.33259573043692,-71.340,-40.142
"Directions from San Martín de los Andes, Neuquén Province to Neltume, Panguipulli, Chile",,,0.04426296442245,33.68392254789117,-71.340,-40.142
"Directions from San Martín de los Andes, Neuquén Province to Neltume, Panguipulli, Chile",,,0.04464309597862,17.68123094350635,-71.340,-40.142
"Directions from San Martín de los Andes, Neuquén Province to Neltume, Panguipulli, Chile",,,0.04465309597862,20.30064732178380,-71.340,-40.142
"Directions from San Martín de los Andes, Neuquén Province to Neltume, Panguipulli, Chile",,,0.04483748686776,47.53180842689690,-71.340,-40.141
"Directions from San Martín de los Andes, Neuquén Province to Neltume, Panguipulli, Chile",,,0.04492351012044,63.88153898961028,-71.340,-40.141
"Directions from San Martín de los Andes, Neuquén Province to Neltume, Panguipulli, Chile",,,0.04502791318553,81.65037788449716,-71.339,-40.141
"Directions from San Martín de los Andes, Neuquén Province to Neltume, Panguipulli, Chile",,,0.04510791318553,96.04737853751310,-71.339,-40.141
"Directions from San Martín de los Andes, Neuquén Province to Neltume, Panguipulli, Chile",,,0.04525109139616,110.35260837088467,-71.339,-40.141
"Directions from San Martín de los Andes, Neuquén Province to Neltume, Panguipulli, Chile",,,0.04537639103702,121.65280659915140,-71.339,-40.141
"Directions from San Martín de los Andes, Neuquén Province to Neltume, Panguipulli, Chile",,,0.04553450492002,120.63010235505904,-71.339,-40.142
"Directions from San Martín de los Andes, Neuquén Province to Neltume, Panguipulli, Chile",,,0.04578047239755,114.18323033175319,-71.339,-40.142
"Directions from San Martín de los Andes, Neuquén Province to Neltume, Panguipulli, Chile",,,0.04588817569370,108.87340269178323,-71.339,-40.142
"Directions from San Martín de los Andes, Neuquén Province to Neltume, Panguipulli, Chile",,,0.04596097679260,103.12512118385509,-71.339,-40.142
"Directions from San Martín de los Andes, Neuquén Province to Neltume, Panguipulli, Chile",,,0.04607278019146,95.15242323454586,-71.339,-40.142
"Directions from San Martín de los Andes, Neuquén Province to Neltume, Panguipulli, Chile",,,0.04629278019146,83.73559614566373,-71.338,-40.142
"Directions from San Martín de los Andes, Neuquén Province to Neltume, Panguipulli, Chile",,,0.04647717108061,70.45307055712472,-71.338,-40.142
"Directions from San Martín de los Andes, Neuquén Province to Neltume, Panguipulli, Chile",,,0.04652189244016,69.69935267510300,-71.338,-40.142
"Directions from San Martín de los Andes, Neuquén Province to Neltume, Panguipulli, Chile",,,0.04656312349641,71.94792848267950,-71.338,-40.142
"Directions from San Martín de los Andes, Neuquén Province to Neltume, Panguipulli, Chile",,,0.04696237279197,63.76050958556070,-71.338,-40.141
"Directions from San Martín de los Andes, Neuquén Province to Neltume, Panguipulli, Chile",,,0.04749575820609,52.29445936313058,-71.337,-40.141
"Directions from San Martín de los Andes, Neuquén Province to Neltume, Panguipulli, Chile",,,0.04753818461296,49.06505117490674,-71.337,-40.141
"Directions from San Martín de los Andes, Neuquén Province to Neltume, Panguipulli, Chile",,,0.04773818461297,49.56759418037526,-71.337,-40.141
"Directions from San Martín de los Andes, Neuquén Province to Neltume, Panguipulli, Chile",,,0.04814129750038,43.18481128841780,-71.337,-40.141
"Directions from San Martín de los Andes, Neuquén Province to Neltume, Panguipulli, Chile",,,0.04840378559535,34.58766515857073,-71.337,-40.141
"Directions from San Martín de los Andes, Neuquén Province to Neltume, Panguipulli, Chile",,,0.04863203983956,25.71532934636951,-71.336,-40.140
"Directions from San Martín de los Andes, Neuquén Province to Neltume, Panguipulli, Chile",,,0.04876203983956,15.68301360377099,-71.336,-40.140
"Directions from San Martín de los Andes, Neuquén Province to Neltume, Panguipulli, Chile",,,0.04889356930394,4.37308112963034,-71.336,-40.140
"Directions from San Martín de los Andes, Neuquén Province to Neltume, Panguipulli, Chile",,,0.04908356930394,356.28429601501909,-71.336,-40.140
"Directions from San Martín de los Andes, Neuquén Province to Neltume, Panguipulli, Chile",,,0.04931551757403,349.73834948292227,-71.336,-40.140
"Directions from San Martín de los Andes, Neuquén Province to Neltume, Panguipulli, Chile",,,0.05063994197731,344.23657905372806,-71.337,-40.138
"Directions from San Martín de los Andes, Neuquén Province to Neltume, Panguipulli, Chile",,,0.05073481030711,338.56054819896281,-71.337,-40.138
"Directions from San Martín de los Andes, Neuquén Province to Neltume, Panguipulli, Chile",,,0.05085564076685,331.54242646615694,-71.337,-40.138
"Directions from San Martín de los Andes, Neuquén Province to Neltume, Panguipulli, Chile",,,0.05098602481496,330.48187826855121,-71.337,-40.138
"Directions from San Martín de los Andes, Neuquén Province to Neltume, Panguipulli, Chile",,,0.05103074617450,327.77998258841723,-71.337,-40.138
"Directions from San Martín de los Andes, Neuquén Province to Neltume, Panguipulli, Chile",,,0.05114476371702,316.36315549610572,-71.337,-40.138
"Directions from San Martín de los Andes, Neuquén Province to Neltume, Panguipulli, Chile",,,0.05123695916159,308.49282323106553,-71.337,-40.138
"Directions from San Martín de los Andes, Neuquén Province to Neltume, Panguipulli, Chile",,,0.05147296763601,303.32039449024228,-71.337,-40.138
"Directions from San Martín de los Andes, Neuquén Province to Neltume, Panguipulli, Chile",,,0.05161189207591,294.34569298775176,-71.337,-40.138
"Directions from San Martín de los Andes, Neuquén Province to Neltume, Panguipulli, Chile",,,0.05164351485251,296.06250816991007,-71.337,-40.138
"Directions from San Martín de los Andes, Neuquén Province to Neltume, Panguipulli, Chile",,,0.05167957036527,296.06250817805227,-71.337,-40.138
"Directions from San Martín de los Andes, Neuquén Province to Neltume, Panguipulli, Chile",,,0.05174281591848,284.52730205095963,-71.337,-40.138
"Directions from San Martín de los Andes, Neuquén Province to Neltume, Panguipulli, Chile",,,0.05190560412443,282.64802420605855,-71.338,-40.138
"Directions from San Martín de los Andes, Neuquén Province to Neltume, Panguipulli, Chile",,,0.05233976999136,281.40324774608052,-71.338,-40.138
"Directions from San Martín de los Andes, Neuquén Province to Neltume, Panguipulli, Chile",,,0.05255190202571,274.06505117748515,-71.338,-40.137
"Directions from San Martín de los Andes, Neuquén Province to Neltume, Panguipulli, Chile",,,0.05291190202571,267.61817915379464,-71.339,-40.137
"Directions from San Martín de los Andes, Neuquén Province to Neltume, Panguipulli, Chile",,,0.05303231797149,262.30835151679241,-71.339,-40.138
"Directions from San Martín de los Andes, Neuquén Province to Neltume, Panguipulli, Chile",,,0.05319510617746,257.18099204750155,-71.339,-40.138
"Directions from San Martín de los Andes, Neuquén Province to Neltume, Panguipulli, Chile",,,0.05361960588300,257.33839644995788,-71.339,-40.138
"Directions from San Martín de los Andes, Neuquén Province to Neltume, Panguipulli, Chile",,,0.05373140928187,264.84757676545411,-71.339,-40.138
"Directions from San Martín de los Andes, Neuquén Province to Neltume, Panguipulli, Chile",,,0.05375140928187,265.26883889562043,-71.339,-40.138
"Directions from San Martín de los Andes, Neuquén Province to Neltume, Panguipulli, Chile",,,0.05393389215778,265.26883889562043,-71.340,-40.138
"Directions from San Martín de los Andes, Neuquén Province to Neltume, Panguipulli, Chile",,,0.05402389215778,273.56250817445090,-71.340,-40.138
"Directions from San Martín de los Andes, Neuquén Province to Neltume, Panguipulli, Chile",,,0.05418513731274,279.60988671335411,-71.340,-40.138
"Directions from San Martín de los Andes, Neuquén Province to Neltume, Panguipulli, Chile",,,0.05432831552338,285.26485294900721,-71.340,-40.138
"Directions from San Martín de los Andes, Neuquén Province to Neltume, Panguipulli, Chile",,,0.05442318385318,283.94863551521706,-71.340,-40.138
"Directions from San Martín de los Andes, Neuquén Province to Neltume, Panguipulli, Chile",,,0.05448401147849,285.71841510099995,-71.340,-40.138
"Directions from San Martín de los Andes, Neuquén Province to Neltume, Panguipulli, Chile",,,0.05509866585291,296.22002645535514,-71.341,-40.137
"Directions from San Martín de los Andes, Neuquén Province to Neltume, Panguipulli, Chile",,,0.05529589668214,302.72878255847445,-71.341,-40.137
"Directions from San Martín de los Andes, Neuquén Province to Neltume, Panguipulli, Chile",,,0.05541796223830,319.21348451453821,-71.341,-40.137
"Directions from San Martín de los Andes, Neuquén Province to Neltume, Panguipulli, Chile",,,0.05546268359785,324.21747441044323,-71.341,-40.137
"Directions from San Martín de los Andes, Neuquén Province to Neltume, Panguipulli, Chile",,,0.05549096786910,321.26440385056452,-71.341,-40.137
"Directions from San Martín de los Andes, Neuquén Province to Neltume, Panguipulli, Chile",,,0.05562135191720,337.49999999916184,-71.341,-40.137
"Directions from San Martín de los Andes, Neuquén Province to Neltume, Panguipulli, Chile",,,0.05571354736177,350.56550026956057,-71.341,-40.137
"Directions from San Martín de los Andes, Neuquén Province to Neltume, Panguipulli, Chile",,,0.05580410121315,348.15289180770412,-71.341,-40.137
"Directions from San Martín de los Andes, Neuquén Province to Neltume, Panguipulli, Chile",,,0.05597173175930,328.82298768504455,-71.341,-40.137
"Directions from San Martín de los Andes, Neuquén Province to Neltume, Panguipulli, Chile",,,0.05601415816617,324.21747441078247,-71.341,-40.137
"Directions from San Martín de los Andes, Neuquén Province to Neltume, Panguipulli, Chile",,,0.05605887952572,324.21747440908621,-71.341,-40.137
"Directions from San Martín de los Andes, Neuquén Province to Neltume, Panguipulli, Chile",,,0.05614373233945,309.64343849081757,-71.341,-40.137
"Directions from San Martín de los Andes, Neuquén Province to Neltume, Panguipulli, Chile",,,0.05641000287857,302.31975085297790,-71.342,-40.136
"Directions from San Martín de los Andes, Neuquén Province to Neltume, Panguipulli, Chile",,,0.05769631543778,298.45883795036002,-71.343,-40.136
"Directions from San Martín de los Andes, Neuquén Province to Neltume, Panguipulli, Chile",,,0.05778575815689,290.74823417574117,-71.343,-40.136
"Directions from San Martín de los Andes, Neuquén Province to Neltume, Panguipulli, Chile",,,0.05794099990385,277.46570858923769,-71.343,-40.136
"Directions from San Martín de los Andes, Neuquén Province to Neltume, Panguipulli, Chile",,,0.05809099990385,264.34503376338131,-71.343,-40.136
"Directions from San Martín de los Andes, Neuquén Province to Neltume, Panguipulli, Chile",,,0.05819298029413,254.06701115247429,-71.343,-40.136
"Directions from San Martín de los Andes, Neuquén Province to Neltume, Panguipulli, Chile",,,0.05827842033158,245.87224098528480,-71.343,-40.136
"Directions from San Martín de los Andes, Neuquén Province to Neltume, Panguipulli, Chile",,,0.05873019461150,240.66838533055423,-71.344,-40.136
"Directions from San Martín de los Andes, Neuquén Province to Neltume, Panguipulli, Chile",,,0.05890512316835,241.23559614582331,-71.344,-40.136
"Directions from San Martín de los Andes, Neuquén Province to Neltume, Panguipulli, Chile",,,0.05915109064587,245.03291782960233,-71.344,-40.136
"Directions from San Martín de los Andes, Neuquén Province to Neltume, Panguipulli, Chile",,,0.06003347378261,235.81544340796353,-71.345,-40.136
"Directions from San Martín de los Andes, Neuquén Province to Neltume, Panguipulli, Chile",,,0.06004761591822,236.19006751628379,-71.345,-40.137
"Directions from San Martín de los Andes, Neuquén Province to Neltume, Panguipulli, Chile",,,0.06017761591823,245.40754193792256,-71.345,-40.137
"Directions from San Martín de los Andes, Neuquén Province to Neltume, Panguipulli, Chile",,,0.06037886203621,240.91372328868599,-71.345,-40.137
"Directions from San Martín de los Andes, Neuquén Province to Neltume, Panguipulli, Chile",,,0.06053150541143,244.97877446494977,-71.345,-40.137
"Directions from San Martín de los Andes, Neuquén Province to Neltume, Panguipulli, Chile",,,0.06068961929443,247.50000000325687,-71.345,-40.137
"Directions from San Martín de los Andes, Neuquén Province to Neltume, Panguipulli, Chile",,,0.06073434065399,249.69935268156885,-71.345,-40.137
"Directions from San Martín de los Andes, Neuquén Province to Neltume, Panguipulli, Chile",,,0.06081680276650,262.98187826603674,-71.345,-40.137
"Directions from San Martín de los Andes, Neuquén Province to Neltume, Panguipulli, Chile",,,0.06098680276650,277.01812173156844,-71.346,-40.137
"Directions from San Martín de los Andes, Neuquén Province to Neltume, Panguipulli, Chile",,,0.06102803382275,277.01812173156844,-71.346,-40.137
"Directions from San Martín de los Andes, Neuquén Province to Neltume, Panguipulli, Chile",,,0.06105803382275,280.90070474247403,-71.346,-40.137
"Directions from San Martín de los Andes, Neuquén Province to Neltume, Panguipulli, Chile",,,0.06121958876697,297.74573850556828,-71.346,-40.137
"Directions from San Martín de los Andes, Neuquén Province to Neltume, Panguipulli, Chile",,,0.06176042145829,299.48389488066522,-71.346,-40.136
"Directions from San Martín de los Andes, Neuquén Province to Neltume, Panguipulli, Chile",,,0.06215854204303,298.64155272252759,-71.347,-40.136
"Directions from San Martín de los Andes, Neuquén Province to Neltume, Panguipulli, Chile",,,0.06225288185435,286.00269160495662,-71.347,-40.136
"Directions from San Martín de los Andes, Neuquén Province to Neltume, Panguipulli, Chile",,,0.06226288185436,292.50000000000006,-71.347,-40.136
"Directions from San Martín de los Andes, Neuquén Province to Neltume, Panguipulli, Chile",,,0.06231945039685,305.78252558853899,-71.347,-40.136
"Directions from San Martín de los Andes, Neuquén Province to Neltume, Panguipulli, Chile",,,0.06234181107663,311.43749183181234,-71.347,-40.136
"Directions from San Martín de los Andes, Neuquén Province to Neltume, Panguipulli, Chile",,,0.06237786658938,320.65496623648812,-71.347,-40.136
"Directions from San Martín de los Andes, Neuquén Province to Neltume, Panguipulli, Chile",,,0.06242029299626,324.21747441688910,-71.347,-40.136
"Directions from San Martín de los Andes, Neuquén Province to Neltume, Panguipulli, Chile",,,0.06244265367603,324.21747442367433,-71.347,-40.136
"Directions from San Martín de los Andes, Neuquén Province to Neltume, Panguipulli, Chile",,,0.06245679581166,337.49999999999994,-71.347,-40.136
"Directions from San Martín de los Andes, Neuquén Province to Neltume, Panguipulli, Chile",,,0.06246679581166,344.51812173456193,-71.347,-40.136
"Directions from San Martín de los Andes, Neuquén Province to Neltume, Panguipulli, Chile",,,0.06252510533060,336.36119552085160,-71.347,-40.136
"Directions from San Martín de los Andes, Neuquén Province to Neltume, Panguipulli, Chile",,,0.06295230551787,345.79569524862762,-71.347,-40.136
"Directions from San Martín de los Andes, Neuquén Province to Neltume, Panguipulli, Chile",,,0.06323866193913,353.95262146233796,-71.347,-40.135
"Directions from San Martín de los Andes, Neuquén Province to Neltume, Panguipulli, Chile",,,0.06325866193914,349.09929525261259,-71.347,-40.135
"Directions from San Martín de los Andes, Neuquén Province to Neltume, Panguipulli, Chile",,,0.06331251358721,326.59929525261265,-71.347,-40.135
"Directions from San Martín de los Andes, Neuquén Province to Neltume, Panguipulli, Chile",,,0.06338322426533,305.78252559668118,-71.347,-40.135
"Directions from San Martín de los Andes, Neuquén Province to Neltume, Panguipulli, Chile",,,0.06340558494510,311.43749182742812,-71.347,-40.135
"Directions from San Martín de los Andes, Neuquén Province to Neltume, Panguipulli, Chile",,,0.06344164045785,310.13621071856062,-71.347,-40.135
"Directions from San Martín de los Andes, Neuquén Province to Neltume, Panguipulli, Chile",,,0.06363861761389,289.95394243865923,-71.347,-40.135
"Directions from San Martín de los Andes, Neuquén Province to Neltume, Panguipulli, Chile",,,0.06371141871278,277.97269795084549,-71.347,-40.135
"Directions from San Martín de los Andes, Neuquén Province to Neltume, Panguipulli, Chile",,,0.06375141871277,275.15242323389447,-71.347,-40.135
"Directions from San Martín de los Andes, Neuquén Province to Neltume, Panguipulli, Chile",,,0.06386322211166,274.31008107498150,-71.348,-40.135
"Directions from San Martín de los Andes, Neuquén Province to Neltume, Panguipulli, Chile",,,0.06454351616573,273.88881894509984,-71.348,-40.135
"Directions from San Martín de los Andes, Neuquén Province to Neltume, Panguipulli, Chile",,,0.06466517141633,283.94863551954489,-71.348,-40.135
"Directions from San Martín de los Andes, Neuquén Province to Neltume, Panguipulli, Chile",,,0.06469679419293,293.74477646372645,-71.348,-40.135
"Directions from San Martín de los Andes, Neuquén Province to Neltume, Panguipulli, Chile",,,0.06479975049433,313.52461044438132,-71.349,-40.135
"Directions from San Martín de los Andes, Neuquén Province to Neltume, Panguipulli, Chile",,,0.06489409030566,324.53353659898897,-71.349,-40.135
"Directions from San Martín de los Andes, Neuquén Province to Neltume, Panguipulli, Chile",,,0.06522830580500,318.90408049722885,-71.349,-40.135
"Directions from San Martín de los Andes, Neuquén Province to Neltume, Panguipulli, Chile",,,0.06569521050620,318.46506675012955,-71.349,-40.134
"Directions from San Martín de los Andes, Neuquén Province to Neltume, Panguipulli, Chile",,,0.06585141549972,312.35147594878106,-71.349,-40.134
"Directions from San Martín de los Andes, Neuquén Province to Neltume, Panguipulli, Chile",,,0.06604558037811,306.74975851438677,-71.349,-40.134
"Directions from San Martín de los Andes, Neuquén Province to Neltume, Panguipulli, Chile",,,0.06631576549983,303.27190280981864,-71.350,-40.134
"Directions from San Martín de los Andes, Neuquén Province to Neltume, Panguipulli, Chile",,,0.06657518793525,294.23865666083248,-71.350,-40.134
"Directions from San Martín de los Andes, Neuquén Province to Neltume, Panguipulli, Chile",,,0.06730319892418,286.32480687989789,-71.350,-40.134
"Directions from San Martín de los Andes, Neuquén Province to Neltume, Panguipulli, Chile",,,0.06784449366829,280.59371711158843,-71.351,-40.133
"Directions from San Martín de los Andes, Neuquén Province to Neltume, Panguipulli, Chile",,,0.06839194229602,277.90125697684357,-71.352,-40.133
"Directions from San Martín de los Andes, Neuquén Province to Neltume, Panguipulli, Chile",,,0.06857304999878,273.17009587283081,-71.352,-40.133
"Directions from San Martín de los Andes, Neuquén Province to Neltume, Panguipulli, Chile",,,0.06883304999878,268.04975312910210,-71.352,-40.133
"Directions from San Martín de los Andes, Neuquén Province to Neltume, Panguipulli, Chile",,,0.06927407154020,270.43157397362290,-71.352,-40.133
"Directions from San Martín de los Andes, Neuquén Province to Neltume, Panguipulli, Chile",,,0.06939448748598,272.38182084452080,-71.353,-40.133
"Directions from San Martín de los Andes, Neuquén Province to Neltume, Panguipulli, Chile",,,0.06954448748599,272.85529656854828,-71.353,-40.133
"Directions from San Martín de los Andes, Neuquén Province to Neltume, Panguipulli, Chile",,,0.06974548499842,277.81841932194817,-71.353,-40.133
"Directions from San Martín de los Andes, Neuquén Province to Neltume, Panguipulli, Chile",,,0.07055764261858,282.44789815484586,-71.354,-40.133
"Directions from San Martín de los Andes, Neuquén Province to Neltume, Panguipulli, Chile",,,0.07249333370964,280.83969380525497,-71.356,-40.133
"Directions from San Martín de los Andes, Neuquén Province to Neltume, Panguipulli, Chile",,,0.07266450613732,269.28986722693458,-71.356,-40.133
"Directions from San Martín de los Andes, Neuquén Province to Neltume, Panguipulli, Chile",,,0.07294734884980,255.41619330999495,-71.356,-40.133
"Directions from San Martín de los Andes, Neuquén Province to Neltume, Panguipulli, Chile",,,0.07322591661534,245.53260897117548,-71.356,-40.133
"Directions from San Martín de los Andes, Neuquén Province to Neltume, Panguipulli, Chile",,,0.07341827045596,244.74143201016545,-71.356,-40.133
"Directions from San Martín de los Andes, Neuquén Province to Neltume, Panguipulli, Chile",,,0.07367827045596,253.03510128897972,-71.357,-40.133
"Directions from San Martín de los Andes, Neuquén Province to Neltume, Panguipulli, Chile",,,0.07398421162677,264.34503376312040,-71.357,-40.133
"Directions from San Martín de los Andes, Neuquén Province to Neltume, Panguipulli, Chile",,,0.07418421162678,275.65496623857592,-71.357,-40.133
"Directions from San Martín de los Andes, Neuquén Province to Neltume, Panguipulli, Chile",,,0.07423520182192,275.65496623857592,-71.357,-40.133
"Directions from San Martín de los Andes, Neuquén Province to Neltume, Panguipulli, Chile",,,0.07428520182192,276.26440385433625,-71.357,-40.133
"Directions from San Martín de los Andes, Neuquén Province to Neltume, Panguipulli, Chile",,,0.07437739726649,279.82691202753449,-71.357,-40.133
"Directions from San Martín de los Andes, Neuquén Province to Neltume, Panguipulli, Chile",,,0.07445801984397,281.63467756344409,-71.357,-40.133
"Directions from San Martín de los Andes, Neuquén Province to Neltume, Panguipulli, Chile",,,0.07485362065286,284.60682833858397,-71.358,-40.133
"Directions from San Martín de los Andes, Neuquén Province to Neltume, Panguipulli, Chile",,,0.07542851194694,280.09716712278902,-71.358,-40.133
"Directions from San Martín de los Andes, Neuquén Province to Neltume, Panguipulli, Chile",,,0.07558975710190,273.56250817445090,-71.359,-40.133
"Directions from San Martín de los Andes, Neuquén Province to Neltume, Panguipulli, Chile",,,0.07595975710191,268.09296258231439,-71.359,-40.133
"Directions from San Martín de los Andes, Neuquén Province to Neltume, Panguipulli, Chile",,,0.07611009006570,254.81043699377545,-71.359,-40.133
"Directions from San Martín de los Andes, Neuquén Province to Neltume, Panguipulli, Chile",,,0.07613245074546,256.71747441146101,-71.359,-40.133
"Directions from San Martín de los Andes, Neuquén Province to Neltume, Panguipulli, Chile",,,0.07620245074547,266.58826880040408,-71.359,-40.133
"Directions from San Martín de los Andes, Neuquén Province to Neltume, Panguipulli, Chile",,,0.07738079704430,264.38891612308595,-71.360,-40.133
"Directions from San Martín de los Andes, Neuquén Province to Neltume, Panguipulli, Chile",,,0.07764156514052,267.80064732268187,-71.361,-40.133
"Directions from San Martín de los Andes, Neuquén Province to Neltume, Panguipulli, Chile",,,0.07775156514051,264.34503376142413,-71.361,-40.133
"Directions from San Martín de los Andes, Neuquén Province to Neltume, Panguipulli, Chile",,,0.07780255533565,264.34503376142413,-71.361,-40.133
"Directions from San Martín de los Andes, Neuquén Province to Neltume, Panguipulli, Chile",,,0.07804255533566,272.59721445486849,-71.361,-40.133
"Directions from San Martín de los Andes, Neuquén Province to Neltume, Panguipulli, Chile",,,0.07815300894582,278.25218068952984,-71.361,-40.133
"Directions from San Martín de los Andes, Neuquén Province to Neltume, Panguipulli, Chile",,,0.07820399914096,286.55567097801276,-71.361,-40.133
"Directions from San Martín de los Andes, Neuquén Province to Neltume, Panguipulli, Chile",,,0.07841940573325,296.78044478589123,-71.361,-40.133
"Directions from San Martín de los Andes, Neuquén Province to Neltume, Panguipulli, Chile",,,0.07866638751395,308.37974003745097,-71.362,-40.133
"Directions from San Martín de los Andes, Neuquén Province to Neltume, Panguipulli, Chile",,,0.07869467178520,309.11585552947656,-71.362,-40.133
"Directions from San Martín de los Andes, Neuquén Province to Neltume, Panguipulli, Chile",,,0.07904137050167,306.51864108056458,-71.362,-40.132
"Directions from San Martín de los Andes, Neuquén Province to Neltume, Panguipulli, Chile",,,0.07943188298545,312.40278554599917,-71.362,-40.132
"Directions from San Martín de los Andes, Neuquén Province to Neltume, Panguipulli, Chile",,,0.07968644142668,317.59721445370053,-71.362,-40.132
"Directions from San Martín de los Andes, Neuquén Province to Neltume, Panguipulli, Chile",,,0.07999885141373,317.96924405526846,-71.363,-40.132
"Directions from San Martín de los Andes, Neuquén Province to Neltume, Panguipulli, Chile",,,0.08054336954932,314.38456259583683,-71.363,-40.131
"Directions from San Martín de los Andes, Neuquén Province to Neltume, Panguipulli, Chile",,,0.08074855239461,317.18262886821680,-71.363,-40.131
"Directions from San Martín de los Andes, Neuquén Province to Neltume, Panguipulli, Chile",,,0.08081258363699,314.45439188798332,-71.363,-40.131
"Directions from San Martín de los Andes, Neuquén Province to Neltume, Panguipulli, Chile",,,0.08097659583165,304.26617428067090,-71.363,-40.131
"Directions from San Martín de los Andes, Neuquén Province to Neltume, Panguipulli, Chile",,,0.08109321486955,294.03324275094161,-71.363,-40.131
"Directions from San Martín de los Andes, Neuquén Province to Neltume, Panguipulli, Chile",,,0.08136524427973,284.53943070638996,-71.364,-40.131
"Directions from San Martín de los Andes, Neuquén Province to Neltume, Panguipulli, Chile",,,0.08170258683560,280.79793012173428,-71.364,-40.131
"Directions from San Martín de los Andes, Neuquén Province to Neltume, Panguipulli, Chile",,,0.08230100140762,274.80986389965051,-71.365,-40.131
"Directions from San Martín de los Andes, Neuquén Province to Neltume, Panguipulli, Chile",,,0.08233100140761,275.88414446619095,-71.365,-40.131
"Directions from San Martín de los Andes, Neuquén Province to Neltume, Panguipulli, Chile",,,0.08306646044794,283.25592588429453,-71.365,-40.131
"Directions from San Martín de los Andes, Neuquén Province to Neltume, Panguipulli, Chile",,,0.08345939810202,287.75790875921109,-71.366,-40.131
"Directions from San Martín de los Andes, Neuquén Province to Neltume, Panguipulli, Chile",,,0.08438988184719,291.80295442987472,-71.367,-40.130
"Directions from San Martín de los Andes, Neuquén Province to Neltume, Panguipulli, Chile",,,0.08480219240974,288.43494882273046,-71.367,-40.130
"Directions from San Martín de los Andes, Neuquén Province to Neltume, Panguipulli, Chile",,,0.08484342346601,289.13199439336353,-71.367,-40.130
"Directions from San Martín de los Andes, Neuquén Province to Neltume, Panguipulli, Chile",,,0.08506274058800,290.96873492127037,-71.367,-40.130
"Directions from San Martín de los Andes, Neuquén Province to Neltume, Panguipulli, Chile",,,0.08631194033184,286.43189628700992,-71.368,-40.130
"Directions from San Martín de los Andes, Neuquén Province to Neltume, Panguipulli, Chile",,,0.08730652567256,277.57703402513982,-71.369,-40.129
"Directions from San Martín de los Andes, Neuquén Province to Neltume, Panguipulli, Chile",,,0.08731652567257,276.90866219573189,-71.369,-40.129
"Directions from San Martín de los Andes, Neuquén Province to Neltume, Panguipulli, Chile",,,0.10318574745563,281.97099802338045,-71.385,-40.126
"Directions from San Martín de los Andes, Neuquén Province to Neltume, Panguipulli, Chile",,,0.10403903521483,275.06233582764861,-71.386,-40.125
"Directions from San Martín de los Andes, Neuquén Province to Neltume, Panguipulli, Chile",,,0.10405903521482,275.15242323479015,-71.386,-40.125
"Directions from San Martín de los Andes, Neuquén Province to Neltume, Panguipulli, Chile",,,0.10428264201258,277.67364876932317,-71.386,-40.125
"Directions from San Martín de los Andes, Neuquén Province to Neltume, Panguipulli, Chile",,,0.10496528393921,277.91337446786889,-71.386,-40.125
"Directions from San Martín de los Andes, Neuquén Province to Neltume, Panguipulli, Chile",,,0.10517905952248,283.82134831768440,-71.387,-40.125
"Directions from San Martín de los Andes, Neuquén Province to Neltume, Panguipulli, Chile",,,0.10552387831546,291.36237778079038,-71.387,-40.125
"Directions from San Martín de los Andes, Neuquén Province to Neltume, Panguipulli, Chile",,,0.10589062073188,288.87750741695777,-71.387,-40.125
"Directions from San Martín de los Andes, Neuquén Province to Neltume, Panguipulli, Chile",,,0.10608478561028,275.94432902051585,-71.388,-40.125
"Directions from San Martín de los Andes, Neuquén Province to Neltume, Panguipulli, Chile",,,0.10623478561027,264.34503376338131,-71.388,-40.125
"Directions from San Martín de los Andes, Neuquén Province to Neltume, Panguipulli, Chile",,,0.10633676600054,251.06250817484235,-71.388,-40.125
"Directions from San Martín de los Andes, Neuquén Province to Neltume, Panguipulli, Chile",,,0.10635912668033,249.69935267749776,-71.388,-40.125
"Directions from San Martín de los Andes, Neuquén Province to Neltume, Panguipulli, Chile",,,0.10644158879284,252.25801010266403,-71.388,-40.125
"Directions from San Martín de los Andes, Neuquén Province to Neltume, Panguipulli, Chile",,,0.10674242097197,255.56042785054913,-71.388,-40.125
"Directions from San Martín de los Andes, Neuquén Province to Neltume, Panguipulli, Chile",,,0.10697436924205,266.28429601392190,-71.388,-40.125
"Directions from San Martín de los Andes, Neuquén Province to Neltume, Panguipulli, Chile",,,0.10707436924205,273.71570398585106,-71.389,-40.125
"Directions from San Martín de los Andes, Neuquén Province to Neltume, Panguipulli, Chile",,,0.10730631751215,286.99822957439011,-71.389,-40.125
"Directions from San Martín de los Andes, Neuquén Province to Neltume, Panguipulli, Chile",,,0.10741812091103,298.76440385457573,-71.389,-40.125
"Directions from San Martín de los Andes, Neuquén Province to Neltume, Panguipulli, Chile",,,0.10765135898682,307.98187826458280,-71.389,-40.125
"Directions from San Martín de los Andes, Neuquén Province to Neltume, Panguipulli, Chile",,,0.10775035393619,322.97269794862336,-71.389,-40.125
"Directions from San Martín de los Andes, Neuquén Province to Neltume, Panguipulli, Chile",,,0.10785331023760,333.87340269500805,-71.389,-40.125
"Directions from San Martín de los Andes, Neuquén Province to Neltume, Panguipulli, Chile",,,0.10792946796866,339.39862394204300,-71.389,-40.125
"Directions from San Martín de los Andes, Neuquén Province to Neltume, Panguipulli, Chile",,,0.10877065760245,343.37035984495714,-71.389,-40.124
"Directions from San Martín de los Andes, Neuquén Province to Neltume, Panguipulli, Chile",,,0.10899869268747,352.37244064784477,-71.390,-40.124
"Directions from San Martín de los Andes, Neuquén Province to Neltume, Panguipulli, Chile",,,0.10900869268747,348.69006752585938,-71.390,-40.124
"Directions from San Martín de los Andes, Neuquén Province to Neltume, Panguipulli, Chile",,,0.10913869268747,333.20818926042131,-71.390,-40.124
"Directions from San Martín de los Andes, Neuquén Province to Neltume, Panguipulli, Chile",,,0.10919700220641,325.18821760850989,-71.390,-40.124
"Directions from San Martín de los Andes, Neuquén Province to Neltume, Panguipulli, Chile",,,0.10926103344879,315.40632579853951,-71.390,-40.123
"Directions from San Martín de los Andes, Neuquén Province to Neltume, Panguipulli, Chile",,,0.10948126060424,300.36148267826729,-71.390,-40.123
"Directions from San Martín de los Andes, Neuquén Province to Neltume, Panguipulli, Chile",,,0.10967439268340,289.51091316510582,-71.390,-40.123
"Directions from San Martín de los Andes, Neuquén Province to Neltume, Panguipulli, Chile",,,0.11049347753860,289.96883332239946,-71.391,-40.123
"Directions from San Martín de los Andes, Neuquén Province to Neltume, Panguipulli, Chile",,,0.11078502513334,295.11941637861412,-71.391,-40.123
"Directions from San Martín de los Andes, Neuquén Province to Neltume, Panguipulli, Chile",,,0.11112502513333,299.87397783680615,-71.391,-40.123
"Directions from San Martín de los Andes, Neuquén Province to Neltume, Panguipulli, Chile",,,0.11167729318420,304.20801537920130,-71.392,-40.122
"Directions from San Martín de los Andes, Neuquén Province to Neltume, Panguipulli, Chile",,,0.11256329544153,308.71804652976715,-71.393,-40.122
"Directions from San Martín de los Andes, Neuquén Province to Neltume, Panguipulli, Chile",,,0.11322276492529,309.49284711591827,-71.393,-40.122
"Directions from San Martín de los Andes, Neuquén Province to Neltume, Panguipulli, Chile",,,0.11370691366275,310.13868784364951,-71.393,-40.121
"Directions from San Martín de los Andes, Neuquén Province to Neltume, Panguipulli, Chile",,,0.11384144990323,309.22822344242223,-71.393,-40.121
"Directions from San Martín de los Andes, Neuquén Province to Neltume, Panguipulli, Chile",,,0.11441346388907,304.54423873095294,-71.394,-40.121
"Directions from San Martín de los Andes, Neuquén Province to Neltume, Panguipulli, Chile",,,0.11471028033066,299.59214712452820,-71.394,-40.121
"Directions from San Martín de los Andes, Neuquén Province to Neltume, Panguipulli, Chile",,,0.11495624780819,293.96783672314382,-71.394,-40.121
"Directions from San Martín de los Andes, Neuquén Province to Neltume, Panguipulli, Chile",,,0.11520322958889,289.28458174444825,-71.395,-40.120
"Directions from San Martín de los Andes, Neuquén Province to Neltume, Panguipulli, Chile",,,0.11564288854764,284.96144845265530,-71.395,-40.120
"Directions from San Martín de los Andes, Neuquén Province to Neltume, Panguipulli, Chile",,,0.11691410843420,281.88264793274055,-71.396,-40.120
"Directions from San Martín de los Andes, Neuquén Province to Neltume, Panguipulli, Chile",,,0.11774957237717,282.03506749389976,-71.397,-40.120
"Directions from San Martín de los Andes, Neuquén Province to Neltume, Panguipulli, Chile",,,0.12023352084685,283.91878592361809,-71.400,-40.119
"Directions from San Martín de los Andes, Neuquén Province to Neltume, Panguipulli, Chile",,,0.12113340972887,284.03779791231960,-71.400,-40.119
"Directions from San Martín de los Andes, Neuquén Province to Neltume, Panguipulli, Chile",,,0.13342137131735,281.36477049668559,-71.412,-40.116
"Directions from San Martín de los Andes, Neuquén Province to Neltume, Panguipulli, Chile",,,0.13354302656795,281.74928283801597,-71.413,-40.116
"Directions from San Martín de los Andes, Neuquén Province to Neltume, Panguipulli, Chile",,,0.13601688994333,284.55903664602477,-71.415,-40.116
"Directions from San Martín de los Andes, Neuquén Province to Neltume, Panguipulli, Chile",,,0.15196626297176,281.10342308647250,-71.430,-40.111
"Directions from San Martín de los Andes, Neuquén Province to Neltume, Panguipulli, Chile",,,0.15212750812672,279.60988671335411,-71.430,-40.111
"Directions from San Martín de los Andes, Neuquén Province to Neltume, Panguipulli, Chile",,,0.15227068633736,277.95441595523772,-71.431,-40.111
"Directions from San Martín de los Andes, Neuquén Province to Neltume, Panguipulli, Chile",,,0.15242101930115,270.84648921842211,-71.431,-40.111
"Directions from San Martín de los Andes, Neuquén Province to Neltume, Panguipulli, Chile",,,0.15269120442287,265.76935592925673,-71.431,-40.111
"Directions from San Martín de los Andes, Neuquén Province to Neltume, Panguipulli, Chile",,,0.15287231212563,260.33259573123382,-71.431,-40.111
"Directions from San Martín de los Andes, Neuquén Province to Neltume, Panguipulli, Chile",,,0.15353939532883,254.28521719209473,-71.432,-40.112
"Directions from San Martín de los Andes, Neuquén Province to Neltume, Panguipulli, Chile",,,0.15366588643525,253.17436223198345,-71.432,-40.112
"Directions from San Martín de los Andes, Neuquén Province to Neltume, Panguipulli, Chile",,,0.15496130142667,252.18689522728343,-71.433,-40.112
"Directions from San Martín de los Andes, Neuquén Province to Neltume, Panguipulli, Chile",,,0.15542010421654,247.92031133670571,-71.434,-40.112
"Directions from San Martín de los Andes, Neuquén Province to Neltume, Panguipulli, Chile",,,0.15569323422221,235.62525275337561,-71.434,-40.112
"Directions from San Martín de los Andes, Neuquén Province to Neltume, Panguipulli, Chile",,,0.15572151849347,230.73197650798008,-71.434,-40.112
"Directions from San Martín de los Andes, Neuquén Province to Neltume, Panguipulli, Chile",,,0.15675326458626,230.73197650289120,-71.435,-40.113
"Directions from San Martín de los Andes, Neuquén Province to Neltume, Panguipulli, Chile",,,0.15678154885750,230.13462582649476,-71.435,-40.113
"Directions from San Martín de los Andes, Neuquén Province to Neltume, Panguipulli, Chile",,,0.15983567721106,237.76218518319084,-71.437,-40.115
"Directions from San Martín de los Andes, Neuquén Province to Neltume, Panguipulli, Chile",,,0.16015816752100,245.91008493989173,-71.438,-40.115
"Directions from San Martín de los Andes, Neuquén Province to Neltume, Panguipulli, Chile",,,0.16041114973382,256.05136448537206,-71.438,-40.115
"Directions from San Martín de los Andes, Neuquén Province to Neltume, Panguipulli, Chile",,,0.16047197735911,256.59182657910173,-71.438,-40.115
"Directions from San Martín de los Andes, Neuquén Province to Neltume, Panguipulli, Chile",,,0.16063960790526,253.99165507524535,-71.438,-40.115
"Directions from San Martín de los Andes, Neuquén Province to Neltume, Panguipulli, Chile",,,0.16352352884730,256.46495812920455,-71.441,-40.116
"Directions from San Martín de los Andes, Neuquén Province to Neltume, Panguipulli, Chile",,,0.16403548587675,259.73123955909898,-71.441,-40.116
"Directions from San Martín de los Andes, Neuquén Province to Neltume, Panguipulli, Chile",,,0.16417690723299,264.80097155522441,-71.441,-40.116
"Directions from San Martín de los Andes, Neuquén Province to Neltume, Panguipulli, Chile",,,0.16518769900186,262.29901157872911,-71.442,-40.116
"Directions from San Martín de los Andes, Neuquén Province to Neltume, Panguipulli, Chile",,,0.16549575743787,247.95111058298829,-71.443,-40.116
"Directions from San Martín de los Andes, Neuquén Province to Neltume, Panguipulli, Chile",,,0.16555406695682,230.51172798381648,-71.443,-40.116
"Directions from San Martín de los Andes, Neuquén Province to Neltume, Panguipulli, Chile",,,0.16568860319729,212.97485073432793,-71.443,-40.116
"Directions from San Martín de los Andes, Neuquén Province to Neltume, Panguipulli, Chile",,,0.16588558035333,236.98124448686940,-71.443,-40.116
"Directions from San Martín de los Andes, Neuquén Province to Neltume, Panguipulli, Chile",,,0.16589558035333,233.19477016740635,-71.443,-40.116
"Directions from San Martín de los Andes, Neuquén Province to Neltume, Panguipulli, Chile",,,0.16607278080479,186.28773274972076,-71.443,-40.116
"Directions from San Martín de los Andes, Neuquén Province to Neltume, Panguipulli, Chile",,,0.16622311376858,164.81043699377543,-71.443,-40.116
"Directions from San Martín de los Andes, Neuquén Province to Neltume, Panguipulli, Chile",,,0.16631255648768,144.21747441146101,-71.443,-40.117
"Directions from San Martín de los Andes, Neuquén Province to Neltume, Panguipulli, Chile",,,0.16638326716580,128.30375112299339,-71.443,-40.117
"Directions from San Martín de los Andes, Neuquén Province to Neltume, Panguipulli, Chile",,,0.16699384066671,125.70653666979339,-71.442,-40.117
"Directions from San Martín de los Andes, Neuquén Province to Neltume, Panguipulli, Chile",,,0.16707194316346,134.08601587907643,-71.442,-40.117
"Directions from San Martín de los Andes, Neuquén Province to Neltume, Panguipulli, Chile",,,0.16719235910924,153.52826409370050,-71.442,-40.117
"Directions from San Martín de los Andes, Neuquén Province to Neltume, Panguipulli, Chile",,,0.16729433949952,183.56250817695619,-71.442,-40.117
"Directions from San Martín de los Andes, Neuquén Province to Neltume, Panguipulli, Chile",,,0.16732596227612,202.49999999796444,-71.442,-40.117
"Directions from San Martín de los Andes, Neuquén Province to Neltume, Panguipulli, Chile",,,0.16737068363567,212.61242971047031,-71.442,-40.117
"Directions from San Martín de los Andes, Neuquén Province to Neltume, Panguipulli, Chile",,,0.16743471487804,225.89495530837283,-71.442,-40.117
"Directions from San Martín de los Andes, Neuquén Province to Neltume, Panguipulli, Chile",,,0.16748471487805,238.28252558908181,-71.442,-40.117
"Directions from San Martín de los Andes, Neuquén Province to Neltume, Panguipulli, Chile",,,0.16755179691737,247.62846500957863,-71.442,-40.117
"Directions from San Martín de los Andes, Neuquén Province to Neltume, Panguipulli, Chile",,,0.16825699192586,248.68901321090229,-71.443,-40.118
"Directions from San Martín de los Andes, Neuquén Province to Neltume, Panguipulli, Chile",,,0.16837782238560,240.93298884760259,-71.443,-40.118
"Directions from San Martín de los Andes, Neuquén Province to Neltume, Panguipulli, Chile",,,0.16848598892386,238.62766418760941,-71.443,-40.118
"Directions from San Martín de los Andes, Neuquén Province to Neltume, Panguipulli, Chile",,,0.16858894522527,236.14279382284136,-71.443,-40.118
"Directions from San Martín de los Andes, Neuquén Province to Neltume, Panguipulli, Chile",,,0.16942135137613,233.32251910751339,-71.444,-40.118
"Directions from San Martín de los Andes, Neuquén Province to Neltume, Panguipulli, Chile",,,0.16973757914215,238.34719340165563,-71.444,-40.118
"Directions from San Martín de los Andes, Neuquén Province to Neltume, Panguipulli, Chile",,,0.17061467662818,242.26570933591137,-71.445,-40.119
"Directions from San Martín de los Andes, Neuquén Province to Neltume, Panguipulli, Chile",,,0.17236330466181,241.90734942389005,-71.447,-40.120
"Directions from San Martín de los Andes, Neuquén Province to Neltume, Panguipulli, Chile",,,0.17338413765502,245.05838764520465,-71.448,-40.120
"Directions from San Martín de los Andes, Neuquén Province to Neltume, Panguipulli, Chile",,,0.17381133784228,252.24820124585480,-71.448,-40.120
"Directions from San Martín de los Andes, Neuquén Province to Neltume, Panguipulli, Chile",,,0.17609873811332,254.14180322577175,-71.450,-40.121
"Directions from San Martín de los Andes, Neuquén Province to Neltume, Panguipulli, Chile",,,0.17925286239750,249.16319496584737,-71.453,-40.122
"Directions from San Martín de los Andes, Neuquén Province to Neltume, Panguipulli, Chile",,,0.17956156937831,242.06573732837657,-71.453,-40.122
"Directions from San Martín de los Andes, Neuquén Province to Neltume, Panguipulli, Chile",,,0.17961987889725,229.42090727823103,-71.454,-40.122
"Directions from San Martín de los Andes, Neuquén Province to Neltume, Panguipulli, Chile",,,0.17969798139401,210.80349029285259,-71.454,-40.122
"Directions from San Martín de los Andes, Neuquén Province to Neltume, Panguipulli, Chile",,,0.17975183304208,197.91882648254801,-71.454,-40.122
"Directions from San Martín de los Andes, Neuquén Province to Neltume, Panguipulli, Chile",,,0.17979306409834,187.01812173516063,-71.454,-40.122
"Directions from San Martín de los Andes, Neuquén Province to Neltume, Panguipulli, Chile",,,0.17982306409834,175.06709652868190,-71.454,-40.122
"Directions from San Martín de los Andes, Neuquén Province to Neltume, Panguipulli, Chile",,,0.18005651644894,172.81010229896680,-71.454,-40.122
"Directions from San Martín de los Andes, Neuquén Province to Neltume, Panguipulli, Chile",,,0.18043769881999,181.19861932968669,-71.454,-40.123
"Directions from San Martín de los Andes, Neuquén Province to Neltume, Panguipulli, Chile",,,0.18077011422276,183.45561355940180,-71.454,-40.123
"Directions from San Martín de los Andes, Neuquén Province to Neltume, Panguipulli, Chile",,,0.18085011422276,168.40070474493069,-71.454,-40.123
"Directions from San Martín de los Andes, Neuquén Province to Neltume, Panguipulli, Chile",,,0.18092627195382,153.52826409583326,-71.454,-40.123
"Directions from San Martín de los Andes, Neuquén Province to Neltume, Panguipulli, Chile",,,0.18100689453130,146.10403808508499,-71.453,-40.123
"Directions from San Martín de los Andes, Neuquén Province to Neltume, Panguipulli, Chile",,,0.18129895616863,146.10403808633762,-71.453,-40.124
"Directions from San Martín de los Andes, Neuquén Province to Neltume, Panguipulli, Chile",,,0.18137957874611,159.81773171246456,-71.453,-40.124
"Directions from San Martín de los Andes, Neuquén Province to Neltume, Panguipulli, Chile",,,0.18154236695208,171.83487579458264,-71.453,-40.124
"Directions from San Martín de los Andes, Neuquén Province to Neltume, Panguipulli, Chile",,,0.18164286570828,182.07760690559141,-71.453,-40.124
"Directions from San Martín de los Andes, Neuquén Province to Neltume, Panguipulli, Chile",,,0.18210977040948,192.39861206013353,-71.453,-40.124
"Directions from San Martín de los Andes, Neuquén Province to Neltume, Panguipulli, Chile",,,0.18273073739733,198.36641333479895,-71.453,-40.125
"Directions from San Martín de los Andes, Neuquén Province to Neltume, Panguipulli, Chile",,,0.18278458904541,193.28252559218899,-71.453,-40.125
"Directions from San Martín de los Andes, Neuquén Province to Neltume, Panguipulli, Chile",,,0.18290500499119,179.52652427664941,-71.454,-40.125
"Directions from San Martín de los Andes, Neuquén Province to Neltume, Panguipulli, Chile",,,0.18300550374741,172.04271656959395,-71.453,-40.125
"Directions from San Martín de los Andes, Neuquén Province to Neltume, Panguipulli, Chile",,,0.18351353917924,174.89801313914995,-71.453,-40.126
"Directions from San Martín de los Andes, Neuquén Province to Neltume, Panguipulli, Chile",,,0.18361353917924,185.30982763723259,-71.453,-40.126
"Directions from San Martín de los Andes, Neuquén Province to Neltume, Panguipulli, Chile",,,0.18377632738520,193.65944975647039,-71.453,-40.126
"Directions from San Martín de los Andes, Neuquén Province to Neltume, Panguipulli, Chile",,,0.18388073045030,203.83150038377781,-71.453,-40.126
"Directions from San Martín de los Andes, Neuquén Province to Neltume, Panguipulli, Chile",,,0.18399734948818,240.48187826454000,-71.454,-40.126
"Directions from San Martín de los Andes, Neuquén Province to Neltume, Panguipulli, Chile",,,0.18400734948819,243.93749182429644,-71.454,-40.126
"Directions from San Martín de los Andes, Neuquén Province to Neltume, Panguipulli, Chile",,,0.18412136703069,221.43749182599271,-71.454,-40.126
"Directions from San Martín de los Andes, Neuquén Province to Neltume, Panguipulli, Chile",,,0.18420621984444,227.19935267907431,-71.454,-40.126
"Directions from San Martín de los Andes, Neuquén Province to Neltume, Panguipulli, Chile",,,0.18457500162274,221.54438643723628,-71.454,-40.127
"Directions from San Martín de los Andes, Neuquén Province to Neltume, Panguipulli, Chile",,,0.18461105713548,220.70818925676537,-71.454,-40.127
"Directions from San Martín de los Andes, Neuquén Province to Neltume, Panguipulli, Chile",,,0.18490837851043,224.74330534914495,-71.454,-40.127
"Directions from San Martín de los Andes, Neuquén Province to Neltume, Panguipulli, Chile",,,0.18528374499802,217.72518361585409,-71.454,-40.127
"Directions from San Martín de los Andes, Neuquén Province to Neltume, Panguipulli, Chile",,,0.18546402256179,216.62486774719861,-71.455,-40.127
"Directions from San Martín de los Andes, Neuquén Province to Neltume, Panguipulli, Chile",,,0.18576235123959,225.35314681344383,-71.455,-40.127
"Directions from San Martín de los Andes, Neuquén Province to Neltume, Panguipulli, Chile",,,0.18622462821284,228.57585583300207,-71.455,-40.128
"Directions from San Martín de los Andes, Neuquén Province to Neltume, Panguipulli, Chile",,,0.18662774110026,219.84757675986731,-71.455,-40.128
"Directions from San Martín de los Andes, Neuquén Province to Neltume, Panguipulli, Chile",,,0.18666379661301,219.34503375672665,-71.455,-40.128
"Directions from San Martín de los Andes, Neuquén Province to Neltume, Panguipulli, Chile",,,0.18680521796925,215.78252559261011,-71.455,-40.128
"Directions from San Martín de los Andes, Neuquén Province to Neltume, Panguipulli, Chile",,,0.18682757864903,215.78252559430641,-71.456,-40.128
"Directions from San Martín de los Andes, Neuquén Province to Neltume, Panguipulli, Chile",,,0.18691243146277,219.34503376259849,-71.456,-40.128
"Directions from San Martín de los Andes, Neuquén Province to Neltume, Panguipulli, Chile",,,0.18702059800103,219.34503376090217,-71.456,-40.128
"Directions from San Martín de los Andes, Neuquén Province to Neltume, Panguipulli, Chile",,,0.18703474013666,214.53774912731663,-71.456,-40.128
"Directions from San Martín de los Andes, Neuquén Province to Neltume, Panguipulli, Chile",,,0.18754952164371,208.88278289656981,-71.456,-40.129
"Directions from San Martín de los Andes, Neuquén Province to Neltume, Panguipulli, Chile",,,0.18758557715646,208.82627825612255,-71.456,-40.129
"Directions from San Martín de los Andes, Neuquén Province to Neltume, Panguipulli, Chile",,,0.18768406573448,214.48124448686937,-71.456,-40.129
"Directions from San Martín de los Andes, Neuquén Province to Neltume, Panguipulli, Chile",,,0.18782548709072,227.59721445386745,-71.456,-40.129
"Directions from San Martín de los Andes, Neuquén Province to Neltume, Panguipulli, Chile",,,0.18798169208424,250.09721445386745,-71.456,-40.129
"Directions from San Martín de los Andes, Neuquén Province to Neltume, Panguipulli, Chile",,,0.18799169208424,253.15496623674909,-71.456,-40.129
"Directions from San Martín de los Andes, Neuquén Province to Neltume, Panguipulli, Chile",,,0.18820802516077,238.16414655236963,-71.456,-40.129
"Directions from San Martín de los Andes, Neuquén Province to Neltume, Panguipulli, Chile",,,0.18850819178116,231.26440385515869,-71.457,-40.129
"Directions from San Martín de los Andes, Neuquén Province to Neltume, Panguipulli, Chile",,,0.18867097998713,213.64279382236535,-71.457,-40.129
"Directions from San Martín de los Andes, Neuquén Province to Neltume, Panguipulli, Chile",,,0.18881415819776,200.36026823290459,-71.457,-40.130
"Directions from San Martín de los Andes, Neuquén Province to Neltume, Panguipulli, Chile",,,0.18910536259333,202.84513860355909,-71.457,-40.130
"Directions from San Martín de los Andes, Neuquén Province to Neltume, Panguipulli, Chile",,,0.18918598517081,212.64127954589293,-71.457,-40.130
"Directions from San Martín de los Andes, Neuquén Province to Neltume, Panguipulli, Chile",,,0.18927200842348,225.92380512837747,-71.457,-40.130
"Directions from San Martín de los Andes, Neuquén Province to Neltume, Panguipulli, Chile",,,0.18938017496174,230.65496624614397,-71.457,-40.130
"Directions from San Martín de los Andes, Neuquén Province to Neltume, Panguipulli, Chile",,,0.18939431709737,238.28252559973461,-71.457,-40.130
"Directions from San Martín de los Andes, Neuquén Province to Neltume, Panguipulli, Chile",,,0.18945756265057,255.77853568867215,-71.457,-40.130
"Directions from San Martín de los Andes, Neuquén Province to Neltume, Panguipulli, Chile",,,0.19032069647566,242.49601010929317,-71.458,-40.130
"Directions from San Martín de los Andes, Neuquén Province to Neltume, Panguipulli, Chile",,,0.19033483861128,241.84503377329813,-71.458,-40.130
"Directions from San Martín de los Andes, Neuquén Province to Neltume, Panguipulli, Chile",,,0.19064077978209,257.50938019695224,-71.458,-40.130
"Directions from San Martín de los Andes, Neuquén Province to Neltume, Panguipulli, Chile",,,0.19140235709267,254.40156224645776,-71.459,-40.131
"Directions from San Martín de los Andes, Neuquén Province to Neltume, Panguipulli, Chile",,,0.19160160568113,250.33651107015183,-71.459,-40.131
"Directions from San Martín de los Andes, Neuquén Province to Neltume, Panguipulli, Chile",,,0.19181701227342,246.05158317890707,-71.459,-40.131
"Directions from San Martín de los Andes, Neuquén Province to Neltume, Panguipulli, Chile",,,0.19236263118804,238.35993469404244,-71.460,-40.131
"Directions from San Martín de los Andes, Neuquén Province to Neltume, Panguipulli, Chile",,,0.19272663668251,234.26420828417176,-71.460,-40.131
"Directions from San Martín de los Andes, Neuquén Province to Neltume, Panguipulli, Chile",,,0.19299290722162,241.95585676903636,-71.460,-40.131
"Directions from San Martín de los Andes, Neuquén Province to Neltume, Panguipulli, Chile",,,0.19310061051776,252.08117352276449,-71.460,-40.131
"Directions from San Martín de los Andes, Neuquén Province to Neltume, Panguipulli, Chile",,,0.19322430368653,217.98187826523849,-71.461,-40.131
"Directions from San Martín de los Andes, Neuquén Province to Neltume, Panguipulli, Chile",,,0.19323430368652,220.55967042462345,-71.461,-40.131
"Directions from San Martín de los Andes, Neuquén Province to Neltume, Panguipulli, Chile",,,0.19355818638134,258.74617299444816,-71.461,-40.131
"Directions from San Martín de los Andes, Neuquén Province to Neltume, Panguipulli, Chile",,,0.19389774491827,252.90847996021893,-71.461,-40.131
"Directions from San Martín de los Andes, Neuquén Province to Neltume, Panguipulli, Chile",,,0.19415406503064,246.75082964556657,-71.461,-40.132
"Directions from San Martín de los Andes, Neuquén Province to Neltume, Panguipulli, Chile",,,0.19456552584285,247.81137784371137,-71.462,-40.132
"Directions from San Martín de los Andes, Neuquén Province to Neltume, Panguipulli, Chile",,,0.19459714861947,245.30064732190351,-71.462,-40.132
"Directions from San Martín de los Andes, Neuquén Province to Neltume, Panguipulli, Chile",,,0.19465545813842,245.84110941581335,-71.462,-40.132
"Directions from San Martín de los Andes, Neuquén Province to Neltume, Panguipulli, Chile",,,0.19482308868455,256.59182657733572,-71.462,-40.132
"Directions from San Martín de los Andes, Neuquén Province to Neltume, Panguipulli, Chile",,,0.19488391630986,265.26883889488693,-71.462,-40.132
"Directions from San Martín de los Andes, Neuquén Province to Neltume, Panguipulli, Chile",,,0.19505391630986,274.29181073991526,-71.462,-40.132
"Directions from San Martín de los Andes, Neuquén Province to Neltume, Panguipulli, Chile",,,0.19558992004119,274.29181073991526,-71.463,-40.132
"Directions from San Martín de los Andes, Neuquén Province to Neltume, Panguipulli, Chile",,,0.19579992004118,265.93494882495753,-71.463,-40.132
"Directions from San Martín de los Andes, Neuquén Province to Neltume, Panguipulli, Chile",,,0.19587063071931,255.03424408248361,-71.463,-40.132
"Directions from San Martín de los Andes, Neuquén Province to Neltume, Panguipulli, Chile",,,0.19592448236738,243.61741699089055,-71.463,-40.132
"Directions from San Martín de los Andes, Neuquén Province to Neltume, Panguipulli, Chile",,,0.19598279188633,254.51812173336452,-71.463,-40.132
"Directions from San Martín de los Andes, Neuquén Province to Neltume, Panguipulli, Chile",,,0.19599279188632,248.48746700573113,-71.463,-40.132
"Directions from San Martín de los Andes, Neuquén Province to Neltume, Panguipulli, Chile",,,0.19619797473161,223.94465861562739,-71.463,-40.132
"Directions from San Martín de los Andes, Neuquén Province to Neltume, Panguipulli, Chile",,,0.19699195206126,222.95719161159263,-71.464,-40.133
"Directions from San Martín de los Andes, Neuquén Province to Neltume, Panguipulli, Chile",,,0.19716165768875,222.75142419385671,-71.464,-40.133
"Directions from San Martín de los Andes, Neuquén Province to Neltume, Panguipulli, Chile",,,0.19779292625282,219.03572020717951,-71.464,-40.133
"Directions from San Martín de los Andes, Neuquén Province to Neltume, Panguipulli, Chile",,,0.19795693844749,221.28429602010800,-71.465,-40.133
"Directions from San Martín de los Andes, Neuquén Province to Neltume, Panguipulli, Chile",,,0.19798522271874,217.73277246492347,-71.465,-40.133
"Directions from San Martín de los Andes, Neuquén Province to Neltume, Panguipulli, Chile",,,0.19818245354798,208.86043664717320,-71.465,-40.133
"Directions from San Martín de los Andes, Neuquén Province to Neltume, Panguipulli, Chile",,,0.19855366777185,212.56515601304429,-71.465,-40.134
"Directions from San Martín de los Andes, Neuquén Province to Neltume, Panguipulli, Chile",,,0.19878170285687,221.43749182570571,-71.465,-40.134
"Directions from San Martín de los Andes, Neuquén Province to Neltume, Panguipulli, Chile",,,0.19889483994185,231.49730839504340,-71.465,-40.134
"Directions from San Martín de los Andes, Neuquén Province to Neltume, Panguipulli, Chile",,,0.19908351956449,235.15018816185679,-71.465,-40.134
"Directions from San Martín de los Andes, Neuquén Province to Neltume, Panguipulli, Chile",,,0.19936154833998,225.69980920968871,-71.465,-40.134
"Directions from San Martín de los Andes, Neuquén Province to Neltume, Panguipulli, Chile",,,0.19956770362126,212.82945503548541,-71.466,-40.135
"Directions from San Martín de los Andes, Neuquén Province to Neltume, Panguipulli, Chile",,,0.19961242498081,200.30064732836945,-71.466,-40.135
"Directions from San Martín de los Andes, Neuquén Province to Neltume, Panguipulli, Chile",,,0.19969488709333,187.01812173575931,-71.466,-40.135
"Directions from San Martín de los Andes, Neuquén Province to Neltume, Panguipulli, Chile",,,0.19985488709333,176.43749182429644,-71.466,-40.135
"Directions from San Martín de los Andes, Neuquén Province to Neltume, Panguipulli, Chile",,,0.19993550967081,176.43749182429644,-71.466,-40.135
"Directions from San Martín de los Andes, Neuquén Province to Neltume, Panguipulli, Chile",,,0.19998550967081,175.26883889562043,-71.466,-40.135
"Directions from San Martín de los Andes, Neuquén Province to Neltume, Panguipulli, Chile",,,0.20035047542263,175.26883889562043,-71.466,-40.135
"Directions from San Martín de los Andes, Neuquén Province to Neltume, Panguipulli, Chile",,,0.20052047542263,183.17009587394793,-71.466,-40.135
"Directions from San Martín de los Andes, Neuquén Province to Neltume, Panguipulli, Chile",,,0.20061102927401,192.89011328853704,-71.466,-40.136
"Directions from San Martín de los Andes, Neuquén Province to Neltume, Panguipulli, Chile",,,0.20079130683779,206.56505117632639,-71.466,-40.136
"Directions from San Martín de los Andes, Neuquén Province to Neltume, Panguipulli, Chile",,,0.20097158440155,217.45058882287043,-71.466,-40.136
"Directions from San Martín de los Andes, Neuquén Province to Neltume, Panguipulli, Chile",,,0.20311172458388,214.91078489515309,-71.467,-40.137
"Directions from San Martín de los Andes, Neuquén Province to Neltume, Panguipulli, Chile",,,0.20323702422474,205.20593457579193,-71.467,-40.138
"Directions from San Martín de los Andes, Neuquén Province to Neltume, Panguipulli, Chile",,,0.20339857916895,194.96575591864652,-71.467,-40.138
"Directions from San Martín de los Andes, Neuquén Province to Neltume, Panguipulli, Chile",,,0.20368142188143,189.97579534716752,-71.467,-40.138
"Directions from San Martín de los Andes, Neuquén Province to Neltume, Panguipulli, Chile",,,0.20412073953416,230.91074417029307,-71.467,-40.138
"Directions from San Martín de los Andes, Neuquén Province to Neltume, Panguipulli, Chile",,,0.20413073953417,228.56250817570356,-71.467,-40.138
"Directions from San Martín de los Andes, Neuquén Province to Neltume, Panguipulli, Chile",,,0.20421136211165,194.46321291817756,-71.467,-40.139
"Directions from San Martín de los Andes, Neuquén Province to Neltume, Panguipulli, Chile",,,0.20431906540779,204.57564263290993,-71.467,-40.139
"Directions from San Martín de los Andes, Neuquén Province to Neltume, Panguipulli, Chile",,,0.20464556196214,216.17493788873963,-71.468,-40.139
"Directions from San Martín de los Andes, Neuquén Province to Neltume, Panguipulli, Chile",,,0.20473041477587,230.65496624001125,-71.468,-40.139
"Directions from San Martín de los Andes, Neuquén Province to Neltume, Panguipulli, Chile",,,0.20476647028864,242.25426149642593,-71.468,-40.139
"Directions from San Martín de los Andes, Neuquén Province to Neltume, Panguipulli, Chile",,,0.20482032193669,255.03424407682616,-71.468,-40.139
"Directions from San Martín de los Andes, Neuquén Province to Neltume, Panguipulli, Chile",,,0.20489103261482,256.71747441268235,-71.468,-40.139
"Directions from San Martín de los Andes, Neuquén Province to Neltume, Panguipulli, Chile",,,0.20492265539142,258.40070474464994,-71.468,-40.139
"Directions from San Martín de los Andes, Neuquén Province to Neltume, Panguipulli, Chile",,,0.20504307133722,267.96752634568213,-71.468,-40.139
"Directions from San Martín de los Andes, Neuquén Province to Neltume, Panguipulli, Chile",,,0.20586313231055,268.98619169428520,-71.469,-40.139
"Directions from San Martín de los Andes, Neuquén Province to Neltume, Panguipulli, Chile",,,0.20607337027098,268.63684450267846,-71.469,-40.139
"Directions from San Martín de los Andes, Neuquén Province to Neltume, Panguipulli, Chile",,,0.20657337027096,268.95871736018159,-71.469,-40.139
"Directions from San Martín de los Andes, Neuquén Province to Neltume, Panguipulli, Chile",,,0.20712373378720,265.39620918552197,-71.470,-40.139
"Directions from San Martín de los Andes, Neuquén Province to Neltume, Panguipulli, Chile",,,0.20736560151965,255.12755935204285,-71.470,-40.139
"Directions from San Martín de los Andes, Neuquén Province to Neltume, Panguipulli, Chile",,,0.20749560151965,236.19006752670251,-71.470,-40.139
"Directions from San Martín de los Andes, Neuquén Province to Neltume, Panguipulli, Chile",,,0.20750974365528,232.01812173336455,-71.470,-40.139
"Directions from San Martín de los Andes, Neuquén Province to Neltume, Panguipulli, Chile",,,0.20756805317423,232.01812173540011,-71.470,-40.139
"Directions from San Martín de los Andes, Neuquén Province to Neltume, Panguipulli, Chile",,,0.20763876385234,219.34503376345964,-71.470,-40.139
"Directions from San Martín de los Andes, Neuquén Province to Neltume, Panguipulli, Chile",,,0.20771087487786,205.39639824573024,-71.471,-40.139
"Directions from San Martín de los Andes, Neuquén Province to Neltume, Panguipulli, Chile",,,0.20784688958294,188.55136448430611,-71.471,-40.139
"Directions from San Martín de los Andes, Neuquén Province to Neltume, Panguipulli, Chile",,,0.20791688958294,174.34503376103265,-71.471,-40.139
"Directions from San Martín de los Andes, Neuquén Province to Neltume, Panguipulli, Chile",,,0.20801886997321,163.44432902206822,-71.471,-40.140
"Directions from San Martín de los Andes, Neuquén Province to Neltume, Panguipulli, Chile",,,0.20807272162128,161.27817203161575,-71.471,-40.140
"Directions from San Martín de los Andes, Neuquén Province to Neltume, Panguipulli, Chile",,,0.20833233672100,158.89635118204120,-71.470,-40.140
"Directions from San Martín de los Andes, Neuquén Province to Neltume, Panguipulli, Chile",,,0.20862302555807,166.71747441146101,-71.470,-40.140
"Directions from San Martín de los Andes, Neuquén Province to Neltume, Panguipulli, Chile",,,0.20863302555808,162.74573850719167,-71.470,-40.140
"Directions from San Martín de los Andes, Neuquén Province to Neltume, Panguipulli, Chile",,,0.20882719043646,140.84248321894427,-71.470,-40.140
"Directions from San Martín de los Andes, Neuquén Province to Neltume, Panguipulli, Chile",,,0.20950616024434,152.44177847669974,-71.470,-40.141
"Directions from San Martín de los Andes, Neuquén Province to Neltume, Panguipulli, Chile",,,0.20960814063460,174.34503376494717,-71.470,-40.141
"Directions from San Martín de los Andes, Neuquén Province to Neltume, Panguipulli, Chile",,,0.20965814063460,175.26883889433677,-71.470,-40.141
"Directions from San Martín de los Andes, Neuquén Province to Neltume, Panguipulli, Chile",,,0.20971896825991,158.42380513291266,-71.470,-40.141
"Directions from San Martín de los Andes, Neuquén Province to Neltume, Panguipulli, Chile",,,0.20979107928542,137.48487036462802,-71.470,-40.141
"Directions from San Martín de los Andes, Neuquén Province to Neltume, Panguipulli, Chile",,,0.20985511052779,122.61242971459107,-71.470,-40.141
"Directions from San Martín de los Andes, Neuquén Province to Neltume, Panguipulli, Chile",,,0.20989983188734,110.06774278105112,-71.470,-40.141
"Directions from San Martín de los Andes, Neuquén Province to Neltume, Panguipulli, Chile",,,0.21019816056515,111.65765784160956,-71.469,-40.141
"Directions from San Martín de los Andes, Neuquén Province to Neltume, Panguipulli, Chile",,,0.21027878314263,127.37244064400856,-71.469,-40.141
"Directions from San Martín de los Andes, Neuquén Province to Neltume, Panguipulli, Chile",,,0.21030706741388,140.65496623348704,-71.469,-40.141
"Directions from San Martín de los Andes, Neuquén Province to Neltume, Panguipulli, Chile",,,0.21037917843939,153.93749183016826,-71.469,-40.141
"Directions from San Martín de los Andes, Neuquén Province to Neltume, Panguipulli, Chile",,,0.21044242399259,170.78252559159233,-71.469,-40.141
"Directions from San Martín de los Andes, Neuquén Province to Neltume, Panguipulli, Chile",,,0.21050242399259,185.65496623074685,-71.469,-40.141
"Directions from San Martín de los Andes, Neuquén Province to Neltume, Panguipulli, Chile",,,0.21055341418772,197.25426149072959,-71.469,-40.142
"Directions from San Martín de los Andes, Neuquén Province to Neltume, Panguipulli, Chile",,,0.21062957191879,208.44432901984101,-71.469,-40.142
"Directions from San Martín de los Andes, Neuquén Province to Neltume, Panguipulli, Chile",,,0.21066562743153,219.34503375731379,-71.469,-40.142
"Directions from San Martín de los Andes, Neuquén Province to Neltume, Panguipulli, Chile",,,0.21072219597403,232.01812173381359,-71.469,-40.142
"Directions from San Martín de los Andes, Neuquén Province to Neltume, Panguipulli, Chile",,,0.21078050549298,248.86315549778217,-71.469,-40.142
"Directions from San Martín de los Andes, Neuquén Province to Neltume, Panguipulli, Chile",,,0.21083149568812,251.06250818102731,-71.469,-40.142
"Directions from San Martín de los Andes, Neuquén Province to Neltume, Panguipulli, Chile",,,0.21085385636790,256.71747441960326,-71.469,-40.142
"Directions from San Martín de los Andes, Neuquén Province to Neltume, Panguipulli, Chile",,,0.21092385636789,277.01812173156844,-71.469,-40.142
"Directions from San Martín de los Andes, Neuquén Province to Neltume, Panguipulli, Chile",,,0.21096508742414,287.67707786930976,-71.469,-40.142
"Directions from San Martín de los Andes, Neuquén Province to Neltume, Panguipulli, Chile",,,0.21228542828923,293.47945904973511,-71.471,-40.141
"Directions from San Martín de los Andes, Neuquén Province to Neltume, Panguipulli, Chile",,,0.21256273678170,298.53528571932162,-71.471,-40.141
"Directions from San Martín de los Andes, Neuquén Province to Neltume, Panguipulli, Chile",,,0.21277368701280,305.30161179290229,-71.471,-40.141
"Directions from San Martín de los Andes, Neuquén Province to Neltume, Panguipulli, Chile",,,0.21312196850815,313.44998448197498,-71.471,-40.141
"Directions from San Martín de los Andes, Neuquén Province to Neltume, Panguipulli, Chile",,,0.21327062919562,310.70818926095620,-71.471,-40.141
"Directions from San Martín de los Andes, Neuquén Province to Neltume, Panguipulli, Chile",,,0.21330668470837,314.49745699877587,-71.472,-40.141
"Directions from San Martín de los Andes, Neuquén Province to Neltume, Panguipulli, Chile",,,0.21346479859138,322.19523162415595,-71.472,-40.140
"Directions from San Martín de los Andes, Neuquén Province to Neltume, Panguipulli, Chile",,,0.21366329292379,321.10785956728512,-71.472,-40.140
"Directions from San Martín de los Andes, Neuquén Province to Neltume, Panguipulli, Chile",,,0.21381329292379,320.21035619821339,-71.472,-40.140
"Directions from San Martín de los Andes, Neuquén Province to Neltume, Panguipulli, Chile",,,0.21416712904405,311.41414391850168,-71.472,-40.140
"Directions from San Martín de los Andes, Neuquén Province to Neltume, Panguipulli, Chile",,,0.21425315229672,302.29614094756022,-71.472,-40.140
"Directions from San Martín de los Andes, Neuquén Province to Neltume, Panguipulli, Chile",,,0.21435610859813,293.52938285281027,-71.472,-40.140
"Directions from San Martín de los Andes, Neuquén Province to Neltume, Panguipulli, Chile",,,0.21477670341503,281.78817970474961,-71.473,-40.140
"Directions from San Martín de los Andes, Neuquén Province to Neltume, Panguipulli, Chile",,,0.21518865001351,271.27970515038879,-71.473,-40.140
"Directions from San Martín de los Andes, Neuquén Province to Neltume, Panguipulli, Chile",,,0.21537891298942,261.99629785199681,-71.473,-40.140
"Directions from San Martín de los Andes, Neuquén Province to Neltume, Panguipulli, Chile",,,0.21551232963006,250.22016601493101,-71.473,-40.140
"Directions from San Martín de los Andes, Neuquén Province to Neltume, Panguipulli, Chile",,,0.21582537914691,234.21747441146101,-71.474,-40.140
"Directions from San Martín de los Andes, Neuquén Province to Neltume, Panguipulli, Chile",,,0.21586780555377,227.95307055674155,-71.474,-40.140
"Directions from San Martín de los Andes, Neuquén Province to Neltume, Panguipulli, Chile",,,0.21628011611634,232.21845336177785,-71.474,-40.140
"Directions from San Martín de los Andes, Neuquén Province to Neltume, Panguipulli, Chile",,,0.21685213010219,229.26538280503627,-71.474,-40.141
"Directions from San Martín de los Andes, Neuquén Province to Neltume, Panguipulli, Chile",,,0.21690869864468,230.65496623753208,-71.474,-40.141
"Directions from San Martín de los Andes, Neuquén Province to Neltume, Panguipulli, Chile",,,0.21712503172121,230.65496623753208,-71.475,-40.141
"Directions from San Martín de los Andes, Neuquén Province to Neltume, Panguipulli, Chile",,,0.21713917385683,232.31043699420775,-71.475,-40.141
"Directions from San Martín de los Andes, Neuquén Province to Neltume, Panguipulli, Chile",,,0.21747532858311,243.50050451946487,-71.475,-40.141
"Directions from San Martín de los Andes, Neuquén Province to Neltume, Panguipulli, Chile",,,0.21760532858310,250.49529735849899,-71.475,-40.141
"Directions from San Martín de los Andes, Neuquén Province to Neltume, Panguipulli, Chile",,,0.21778252903458,256.15026359544891,-71.475,-40.141
"Directions from San Martín de los Andes, Neuquén Province to Neltume, Panguipulli, Chile",,,0.21793549961998,262.62821858125756,-71.475,-40.141
"Directions from San Martín de los Andes, Neuquén Province to Neltume, Panguipulli, Chile",,,0.21843639881144,269.42848984019645,-71.476,-40.141
"Directions from San Martín de los Andes, Neuquén Province to Neltume, Panguipulli, Chile",,,0.21918699857162,284.42783060968486,-71.477,-40.141
"Directions from San Martín de los Andes, Neuquén Province to Neltume, Panguipulli, Chile",,,0.21920935925141,291.63214770553577,-71.477,-40.141
"Directions from San Martín de los Andes, Neuquén Province to Neltume, Panguipulli, Chile",,,0.21941816538158,278.34962211699678,-71.477,-40.141
"Directions from San Martín de los Andes, Neuquén Province to Neltume, Panguipulli, Chile",,,0.21942816538158,282.05111725065103,-71.477,-40.141
"Directions from San Martín de los Andes, Neuquén Province to Neltume, Panguipulli, Chile",,,0.21984445854752,286.78227835466390,-71.477,-40.141
"Directions from San Martín de los Andes, Neuquén Province to Neltume, Panguipulli, Chile",,,0.21996611379812,274.73116110401281,-71.477,-40.141
"Directions from San Martín de los Andes, Neuquén Province to Neltume, Panguipulli, Chile",,,0.22000611379812,264.34503376142413,-71.477,-40.141
"Directions from San Martín de los Andes, Neuquén Province to Neltume, Panguipulli, Chile",,,0.22005710399326,251.06250817288509,-71.477,-40.141
"Directions from San Martín de los Andes, Neuquén Province to Neltume, Panguipulli, Chile",,,0.22010182535280,247.89241230134323,-71.478,-40.141
"Directions from San Martín de los Andes, Neuquén Province to Neltume, Panguipulli, Chile",,,0.22033269328042,250.74770887015353,-71.478,-40.141
"Directions from San Martín de los Andes, Neuquén Province to Neltume, Panguipulli, Chile",,,0.22078213738151,237.07277099044904,-71.478,-40.141
"Directions from San Martín de los Andes, Neuquén Province to Neltume, Panguipulli, Chile",,,0.22079627951713,234.31558324947829,-71.478,-40.141
"Directions from San Martín de los Andes, Neuquén Province to Neltume, Panguipulli, Chile",,,0.22210215087372,242.54559064558168,-71.479,-40.142
"Directions from San Martín de los Andes, Neuquén Province to Neltume, Panguipulli, Chile",,,0.22275099600163,238.65016013269977,-71.480,-40.142
"Directions from San Martín de los Andes, Neuquén Province to Neltume, Panguipulli, Chile",,,0.22308937448794,230.42015272811497,-71.480,-40.142
"Directions from San Martín de los Andes, Neuquén Province to Neltume, Panguipulli, Chile",,,0.22317422730168,228.17009587564425,-71.480,-40.142
"Directions from San Martín de los Andes, Neuquén Province to Neltume, Panguipulli, Chile",,,0.22323825854406,225.57288142024737,-71.480,-40.142
"Directions from San Martín de los Andes, Neuquén Province to Neltume, Panguipulli, Chile",,,0.22339446353758,213.18531113432957,-71.480,-40.142
"Directions from San Martín de los Andes, Neuquén Province to Neltume, Panguipulli, Chile",,,0.22357334897578,204.47259311328719,-71.480,-40.142
"Directions from San Martín de los Andes, Neuquén Province to Neltume, Panguipulli, Chile",,,0.22375719673888,204.83985363155907,-71.481,-40.143
"Directions from San Martín de los Andes, Neuquén Province to Neltume, Panguipulli, Chile",,,0.22410605200974,216.14978609612419,-71.481,-40.143
"Directions from San Martín de los Andes, Neuquén Province to Neltume, Panguipulli, Chile",,,0.22413433628098,218.63782214739319,-71.481,-40.143
"Directions from San Martín de los Andes, Neuquén Province to Neltume, Panguipulli, Chile",,,0.22458378038207,209.42034774618537,-71.481,-40.143
"Directions from San Martín de los Andes, Neuquén Province to Neltume, Panguipulli, Chile",,,0.22579125708992,215.78252558522180,-71.482,-40.144
"Directions from San Martín de los Andes, Neuquén Province to Neltume, Panguipulli, Chile",,,0.22583368349678,221.69758224847081,-71.482,-40.144
"Directions from San Martín de los Andes, Neuquén Province to Neltume, Panguipulli, Chile",,,0.22650992309929,225.76263342731295,-71.482,-40.145
"Directions from San Martín de los Andes, Neuquén Province to Neltume, Panguipulli, Chile",,,0.22660992309929,219.84757676805967,-71.482,-40.145
"Directions from San Martín de los Andes, Neuquén Province to Neltume, Panguipulli, Chile",,,0.22663228377907,221.09235323107177,-71.482,-40.145
"Directions from San Martín de los Andes, Neuquén Province to Neltume, Panguipulli, Chile",,,0.22686250106774,239.52730204992267,-71.482,-40.145
"Directions from San Martín de los Andes, Neuquén Province to Neltume, Panguipulli, Chile",,,0.22722027194414,238.28252558853899,-71.483,-40.145
"Directions from San Martín de los Andes, Neuquén Province to Neltume, Panguipulli, Chile",,,0.22732027194414,226.46783672421171,-71.483,-40.145
"Directions from San Martín de los Andes, Neuquén Province to Neltume, Panguipulli, Chile",,,0.22739837444089,216.55810095854372,-71.483,-40.145
"Directions from San Martín de los Andes, Neuquén Province to Neltume, Panguipulli, Chile",,,0.22781718227272,219.15531541310631,-71.483,-40.146
"Directions from San Martín de los Andes, Neuquén Province to Neltume, Panguipulli, Chile",,,0.22790203508646,232.62755935510421,-71.483,-40.146
"Directions from San Martín de los Andes, Neuquén Province to Neltume, Panguipulli, Chile",,,0.22798265766395,237.35872045577025,-71.483,-40.146
"Directions from San Martín de los Andes, Neuquén Province to Neltume, Panguipulli, Chile",,,0.22806868091662,252.23116110236236,-71.483,-40.146
"Directions from San Martín de los Andes, Neuquén Province to Neltume, Panguipulli, Chile",,,0.22807868091662,257.88612734059973,-71.483,-40.146
"Directions from San Martín de los Andes, Neuquén Province to Neltume, Panguipulli, Chile",,,0.22829799803861,242.40424907396425,-71.483,-40.146
"Directions from San Martín de los Andes, Neuquén Province to Neltume, Panguipulli, Chile",,,0.22835630755756,244.79810431984012,-71.483,-40.146
"Directions from San Martín de los Andes, Neuquén Province to Neltume, Panguipulli, Chile",,,0.22871686268511,252.14988023192876,-71.484,-40.146
"Directions from San Martín de los Andes, Neuquén Province to Neltume, Panguipulli, Chile",,,0.22896686268510,260.62512118406954,-71.484,-40.146
"Directions from San Martín de los Andes, Neuquén Province to Neltume, Panguipulli, Chile",,,0.22919707997377,269.35196825058085,-71.484,-40.146
"Directions from San Martín de los Andes, Neuquén Province to Neltume, Panguipulli, Chile",,,0.23015728828451,265.28691707450145,-71.485,-40.146
"Directions from San Martín de los Andes, Neuquén Province to Neltume, Panguipulli, Chile",,,0.23032007649046,256.13880787680040,-71.485,-40.146
"Directions from San Martín de los Andes, Neuquén Province to Neltume, Panguipulli, Chile",,,0.23045609119555,248.16610992688763,-71.485,-40.146
"Directions from San Martín de los Andes, Neuquén Province to Neltume, Panguipulli, Chile",,,0.23061261595398,238.94863551644053,-71.486,-40.146
"Directions from San Martín de los Andes, Neuquén Province to Neltume, Panguipulli, Chile",,,0.23121477872267,236.15501353315133,-71.486,-40.147
"Directions from San Martín de los Andes, Neuquén Province to Neltume, Panguipulli, Chile",,,0.23162817925484,240.64132684079601,-71.486,-40.147
"Directions from San Martín de los Andes, Neuquén Province to Neltume, Panguipulli, Chile",,,0.23198595013124,247.49999999999997,-71.487,-40.147
"Directions from San Martín de los Andes, Neuquén Province to Neltume, Panguipulli, Chile",,,0.23214406401426,254.22792148960676,-71.487,-40.147
"Directions from San Martín de los Andes, Neuquén Province to Neltume, Panguipulli, Chile",,,0.23289359720232,252.88303632814137,-71.488,-40.147
"Directions from San Martín de los Andes, Neuquén Province to Neltume, Panguipulli, Chile",,,0.23336529625892,245.40139695890056,-71.488,-40.148
"Directions from San Martín de los Andes, Neuquén Province to Neltume, Panguipulli, Chile",,,0.23404529625891,243.98251204495764,-71.489,-40.148
"Directions from San Martín de los Andes, Neuquén Province to Neltume, Panguipulli, Chile",,,0.23414378483693,248.80128110116073,-71.489,-40.148
"Directions from San Martín de los Andes, Neuquén Province to Neltume, Panguipulli, Chile",,,0.23427027594335,255.47269795056701,-71.489,-40.148
"Directions from San Martín de los Andes, Neuquén Province to Neltume, Panguipulli, Chile",,,0.23443306414930,264.69017236253694,-71.489,-40.148
"Directions from San Martín de los Andes, Neuquén Province to Neltume, Panguipulli, Chile",,,0.23456306414930,275.65496623701011,-71.489,-40.148
"Directions from San Martín de los Andes, Neuquén Province to Neltume, Panguipulli, Chile",,,0.23481801512499,286.01774566969931,-71.489,-40.148
"Directions from San Martín de los Andes, Neuquén Province to Neltume, Panguipulli, Chile",,,0.23521361593387,292.69072880471191,-71.490,-40.148
"Directions from San Martín de los Andes, Neuquén Province to Neltume, Panguipulli, Chile",,,0.23588480890166,290.09000487063315,-71.490,-40.147
"Directions from San Martín de los Andes, Neuquén Province to Neltume, Panguipulli, Chile",,,0.23607162431859,282.49321660262325,-71.491,-40.147
"Directions from San Martín de los Andes, Neuquén Province to Neltume, Panguipulli, Chile",,,0.23619327956919,276.51932829087787,-71.491,-40.147
"Directions from San Martín de los Andes, Neuquén Province to Neltume, Panguipulli, Chile",,,0.23635359176460,271.78816718686500,-71.491,-40.147
"Directions from San Martín de los Andes, Neuquén Province to Neltume, Panguipulli, Chile",,,0.23666359176460,262.46106492813033,-71.491,-40.147
"Directions from San Martín de los Andes, Neuquén Province to Neltume, Panguipulli, Chile",,,0.23893167465551,255.86575957201120,-71.493,-40.148
"Directions from San Martín de los Andes, Neuquén Province to Neltume, Panguipulli, Chile",,,0.24090370406706,260.34694286037882,-71.495,-40.148
"Directions from San Martín de los Andes, Neuquén Province to Neltume, Panguipulli, Chile",,,0.24118530662385,266.94224821649794,-71.496,-40.148
"Directions from San Martín de los Andes, Neuquén Province to Neltume, Panguipulli, Chile",,,0.24146530662386,273.05775178334801,-71.496,-40.148
"Directions from San Martín de los Andes, Neuquén Province to Neltume, Panguipulli, Chile",,,0.24174690918067,273.79215214026010,-71.496,-40.148
"Directions from San Martín de los Andes, Neuquén Province to Neltume, Panguipulli, Chile",,,0.24213703736472,266.15322683388604,-71.497,-40.148
"Directions from San Martín de los Andes, Neuquén Province to Neltume, Panguipulli, Chile",,,0.24245104373409,265.41882647697400,-71.497,-40.148
"Directions from San Martín de los Andes, Neuquén Province to Neltume, Panguipulli, Chile",,,0.24248104373410,261.23721581298474,-71.497,-40.148
"Directions from San Martín de los Andes, Neuquén Province to Neltume, Panguipulli, Chile",,,0.24268029232254,261.23721581298474,-71.497,-40.149
"Directions from San Martín de los Andes, Neuquén Province to Neltume, Panguipulli, Chile",,,0.24269029232254,259.99515305562039,-71.497,-40.149
"Directions from San Martín de los Andes, Neuquén Province to Neltume, Panguipulli, Chile",,,0.24453143327314,251.95836597340917,-71.499,-40.149
"Directions from San Martín de los Andes, Neuquén Province to Neltume, Panguipulli, Chile",,,0.24514543653046,261.96321291778878,-71.499,-40.149
"Directions from San Martín de los Andes, Neuquén Province to Neltume, Panguipulli, Chile",,,0.24517543653047,261.17493788988219,-71.499,-40.149
"Directions from San Martín de los Andes, Neuquén Province to Neltume, Panguipulli, Chile",,,0.24540630445808,254.52565272466697,-71.500,-40.149
"Directions from San Martín de los Andes, Neuquén Province to Neltume, Panguipulli, Chile",,,0.24653661415015,250.06818924624571,-71.501,-40.150
"Directions from San Martín de los Andes, Neuquén Province to Neltume, Panguipulli, Chile",,,0.24655897482994,251.40764677344487,-71.501,-40.150
"Directions from San Martín de los Andes, Neuquén Province to Neltume, Panguipulli, Chile",,,0.24737291585974,261.61685953208911,-71.502,-40.150
"Directions from San Martín de los Andes, Neuquén Province to Neltume, Panguipulli, Chile",,,0.24802667422488,261.83893174864846,-71.502,-40.150
"Directions from San Martín de los Andes, Neuquén Province to Neltume, Panguipulli, Chile",,,0.24842290648001,256.93954662769778,-71.503,-40.150
"Directions from San Martín de los Andes, Neuquén Province to Neltume, Panguipulli, Chile",,,0.24849570757890,250.42800679057561,-71.503,-40.150
"Directions from San Martín de los Andes, Neuquén Province to Neltume, Panguipulli, Chile",,,0.24857186530995,238.49791919595597,-71.503,-40.150
"Directions from San Martín de los Andes, Neuquén Province to Neltume, Panguipulli, Chile",,,0.24864996780672,250.09721445453479,-71.503,-40.150
"Directions from San Martín de los Andes, Neuquén Province to Neltume, Panguipulli, Chile",,,0.24865996780672,236.59929525612219,-71.503,-40.150
"Directions from San Martín de los Andes, Neuquén Province to Neltume, Panguipulli, Chile",,,0.24873612553777,198.61741699128285,-71.503,-40.150
"Directions from San Martín de los Andes, Neuquén Province to Neltume, Panguipulli, Chile",,,0.24877735659403,187.01812173516063,-71.503,-40.150
"Directions from San Martín de los Andes, Neuquén Province to Neltume, Panguipulli, Chile",,,0.24881735659403,164.51812173635801,-71.503,-40.150
"Directions from San Martín de los Andes, Neuquén Province to Neltume, Panguipulli, Chile",,,0.24887566611298,142.01812173432248,-71.503,-40.150
"Directions from San Martín de los Andes, Neuquén Province to Neltume, Panguipulli, Chile",,,0.24894637679110,127.98187826459989,-71.503,-40.150
"Directions from San Martín de los Andes, Neuquén Province to Neltume, Panguipulli, Chile",,,0.24900468631005,117.79366065942521,-71.503,-40.150
"Directions from San Martín de los Andes, Neuquén Province to Neltume, Panguipulli, Chile",,,0.24926869388570,102.31178239278974,-71.502,-40.150
"Directions from San Martín de los Andes, Neuquén Province to Neltume, Panguipulli, Chile",,,0.24927869388569,100.51875551260601,-71.502,-40.150
"Directions from San Martín de los Andes, Neuquén Province to Neltume, Panguipulli, Chile",,,0.24955726165124,117.36378927507393,-71.502,-40.151
"Directions from San Martín de los Andes, Neuquén Province to Neltume, Panguipulli, Chile",,,0.24966542818951,129.34503376586053,-71.502,-40.151
"Directions from San Martín de los Andes, Neuquén Province to Neltume, Panguipulli, Chile",,,0.24970785459638,131.43749182768906,-71.502,-40.151
"Directions from San Martín de los Andes, Neuquén Province to Neltume, Panguipulli, Chile",,,0.24982187213888,139.06505117645168,-71.502,-40.151
"Directions from San Martín de los Andes, Neuquén Province to Neltume, Panguipulli, Chile",,,0.24990249471637,146.69261053330430,-71.502,-40.151
"Directions from San Martín de los Andes, Neuquén Province to Neltume, Panguipulli, Chile",,,0.24995249471637,148.83337864961129,-71.502,-40.151
"Directions from San Martín de los Andes, Neuquén Province to Neltume, Panguipulli, Chile",,,0.25018508878336,157.10675905333605,-71.502,-40.151
"Directions from San Martín de los Andes, Neuquén Province to Neltume, Panguipulli, Chile",,,0.25047301238434,156.55590599226377,-71.502,-40.151
"Directions from San Martín de los Andes, Neuquén Province to Neltume, Panguipulli, Chile",,,0.25051773374389,159.69935267390562,-71.502,-40.151
"Directions from San Martín de los Andes, Neuquén Province to Neltume, Panguipulli, Chile",,,0.25113619958773,175.83717483627325,-71.502,-40.152
"Directions from San Martín de los Andes, Neuquén Province to Neltume, Panguipulli, Chile",,,0.25123669834394,190.82799451714635,-71.502,-40.152
"Directions from San Martín de los Andes, Neuquén Province to Neltume, Panguipulli, Chile",,,0.25130949944283,206.91018977450381,-71.502,-40.152
"Directions from San Martín de los Andes, Neuquén Province to Neltume, Panguipulli, Chile",,,0.25142351698535,222.68226828765361,-71.502,-40.152
"Directions from San Martín de los Andes, Neuquén Province to Neltume, Panguipulli, Chile",,,0.25158630519131,233.87233581269393,-71.502,-40.152
"Directions from San Martín de los Andes, Neuquén Province to Neltume, Panguipulli, Chile",,,0.25174755034627,246.57619486641872,-71.502,-40.152
"Directions from San Martín de los Andes, Neuquén Province to Neltume, Panguipulli, Chile",,,0.25188356505136,257.88612733981256,-71.502,-40.152
"Directions from San Martín de los Andes, Neuquén Province to Neltume, Panguipulli, Chile",,,0.25204481020632,253.15496624515231,-71.502,-40.152
"Directions from San Martín de los Andes, Neuquén Province to Neltume, Panguipulli, Chile",,,0.25206717088610,254.67466602899583,-71.502,-40.152
"Directions from San Martín de los Andes, Neuquén Province to Neltume, Panguipulli, Chile",,,0.25220752757458,270.96169458819560,-71.502,-40.152
"Directions from San Martín de los Andes, Neuquén Province to Neltume, Panguipulli, Chile",,,0.25239857730631,280.63206233022754,-71.503,-40.152
"Directions from San Martín de los Andes, Neuquén Province to Neltume, Panguipulli, Chile",,,0.25274062993385,288.25281210510025,-71.503,-40.152
"Directions from San Martín de los Andes, Neuquén Province to Neltume, Panguipulli, Chile",,,0.25332002617132,288.38730825193625,-71.503,-40.152
"Directions from San Martín de los Andes, Neuquén Province to Neltume, Panguipulli, Chile",,,0.25388047242209,280.14387634355336,-71.504,-40.152
"Directions from San Martín de los Andes, Neuquén Province to Neltume, Panguipulli, Chile",,,0.25436213620524,268.11643804111515,-71.504,-40.152
"Directions from San Martín de los Andes, Neuquén Province to Neltume, Panguipulli, Chile",,,0.25456437368941,243.23461719582224,-71.505,-40.152
"Directions from San Martín de los Andes, Neuquén Province to Neltume, Panguipulli, Chile",,,0.25457851582503,235.90070474142107,-71.505,-40.152
"Directions from San Martín de los Andes, Neuquén Province to Neltume, Panguipulli, Chile",,,0.25465467355609,241.55567097686543,-71.505,-40.152
"Directions from San Martín de los Andes, Neuquén Province to Neltume, Panguipulli, Chile",,,0.25469072906884,230.65496624562209,-71.505,-40.152
"Directions from San Martín de los Andes, Neuquén Province to Neltume, Panguipulli, Chile",,,0.25470487120446,215.78252560278787,-71.505,-40.152
"Directions from San Martín de los Andes, Neuquén Province to Neltume, Panguipulli, Chile",,,0.25472723188424,193.28252559261011,-71.505,-40.152
"Directions from San Martín de los Andes, Neuquén Province to Neltume, Panguipulli, Chile",,,0.25478723188424,174.34503376103265,-71.505,-40.152
"Directions from San Martín de los Andes, Neuquén Province to Neltume, Panguipulli, Chile",,,0.25488921227451,162.74573850596335,-71.505,-40.152
"Directions from San Martín de los Andes, Neuquén Province to Neltume, Panguipulli, Chile",,,0.25496537000557,160.42800679485333,-71.505,-40.152
"Directions from San Martín de los Andes, Neuquén Province to Neltume, Panguipulli, Chile",,,0.25511097220336,172.02730204992264,-71.505,-40.152
"Directions from San Martín de los Andes, Neuquén Province to Neltume, Panguipulli, Chile",,,0.25515097220335,193.28252559261011,-71.505,-40.152
"Directions from San Martín de los Andes, Neuquén Province to Neltume, Panguipulli, Chile",,,0.25517333288313,215.78252559261011,-71.505,-40.153
"Directions from San Martín de los Andes, Neuquén Province to Neltume, Panguipulli, Chile",,,0.25522990142562,232.62755935090257,-71.505,-40.153
"Directions from San Martín de los Andes, Neuquén Province to Neltume, Panguipulli, Chile",,,0.25531052400310,249.47259311232665,-71.505,-40.153
"Directions from San Martín de los Andes, Neuquén Province to Neltume, Panguipulli, Chile",,,0.25536151419824,264.34503376142413,-71.505,-40.153
"Directions from San Martín de los Andes, Neuquén Province to Neltume, Panguipulli, Chile",,,0.25540151419824,279.21747441146101,-71.505,-40.153
"Directions from San Martín de los Andes, Neuquén Province to Neltume, Panguipulli, Chile",,,0.25543313697485,296.06250817601671,-71.505,-40.153
"Directions from San Martín de los Andes, Neuquén Province to Neltume, Panguipulli, Chile",,,0.25550524800035,309.34503376310170,-71.505,-40.153
"Directions from San Martín de los Andes, Neuquén Province to Neltume, Panguipulli, Chile",,,0.25560424294972,318.71570398549437,-71.505,-40.152
"Directions from San Martín de los Andes, Neuquén Province to Neltume, Panguipulli, Chile",,,0.25576825514438,318.71570398525205,-71.505,-40.152
"Directions from San Martín de los Andes, Neuquén Province to Neltume, Panguipulli, Chile",,,0.25585310795813,305.78252558684267,-71.505,-40.152
"Directions from San Martín de los Andes, Neuquén Province to Neltume, Panguipulli, Chile",,,0.25589782931767,283.28252558853899,-71.505,-40.152
"Directions from San Martín de los Andes, Neuquén Province to Neltume, Panguipulli, Chile",,,0.25591782931768,283.28252559668118,-71.505,-40.152
"Directions from San Martín de los Andes, Neuquén Province to Neltume, Panguipulli, Chile",,,0.25594018999745,283.28252559668118,-71.505,-40.152
"Directions from San Martín de los Andes, Neuquén Province to Neltume, Panguipulli, Chile",,,0.25600018999745,262.98187826364199,-71.505,-40.152
"Directions from San Martín de los Andes, Neuquén Province to Neltume, Panguipulli, Chile",,,0.25604142105371,252.08117352116801,-71.505,-40.152
"Directions from San Martín de los Andes, Neuquén Province to Neltume, Panguipulli, Chile",,,0.25614912434986,236.59929525752605,-71.505,-40.152
"Directions from San Martín de los Andes, Neuquén Province to Neltume, Panguipulli, Chile",,,0.25620569289235,213.40070473896441,-71.506,-40.152
"Directions from San Martín de los Andes, Neuquén Province to Neltume, Panguipulli, Chile",,,0.25625954454042,183.88258300739591,-71.506,-40.152
"Directions from San Martín de los Andes, Neuquén Province to Neltume, Panguipulli, Chile",,,0.25634200665293,159.69935267989254,-71.506,-40.152
"Directions from San Martín de los Andes, Neuquén Province to Neltume, Panguipulli, Chile",,,0.25645381005180,144.21747441146101,-71.505,-40.153
"Directions from San Martín de los Andes, Neuquén Province to Neltume, Panguipulli, Chile",,,0.25651037859430,129.99601009900610,-71.505,-40.153
"Directions from San Martín de los Andes, Neuquén Province to Neltume, Panguipulli, Chile",,,0.25663244415046,116.71348451012784,-71.505,-40.153
"Directions from San Martín de los Andes, Neuquén Province to Neltume, Panguipulli, Chile",,,0.25682218081007,111.36974904426604,-71.505,-40.153
"Directions from San Martín de los Andes, Neuquén Province to Neltume, Panguipulli, Chile",,,0.25716232783710,119.92111353078194,-71.505,-40.153
"Directions from San Martín de los Andes, Neuquén Province to Neltume, Panguipulli, Chile",,,0.25724835108977,152.76883889763764,-71.505,-40.153
"Directions from San Martín de los Andes, Neuquén Province to Neltume, Panguipulli, Chile",,,0.25725835108976,157.49999999660741,-71.505,-40.153
"Directions from San Martín de los Andes, Neuquén Province to Neltume, Panguipulli, Chile",,,0.25730077749664,157.49999999660741,-71.505,-40.153
"Directions from San Martín de los Andes, Neuquén Province to Neltume, Panguipulli, Chile",,,0.25732077749664,189.21747441349655,-71.505,-40.153
"Directions from San Martín de los Andes, Neuquén Province to Neltume, Panguipulli, Chile",,,0.25735240027325,189.21747441349655,-71.505,-40.153
"Directions from San Martín de los Andes, Neuquén Province to Neltume, Panguipulli, Chile",,,0.25736240027324,202.49999999999997,-71.505,-40.153
"Directions from San Martín de los Andes, Neuquén Province to Neltume, Panguipulli, Chile",,,0.25739068454450,236.59929525752605,-71.505,-40.153
"Directions from San Martín de los Andes, Neuquén Province to Neltume, Panguipulli, Chile",,,0.25744453619257,259.09929525752602,-71.505,-40.153
"Directions from San Martín de los Andes, Neuquén Province to Neltume, Panguipulli, Chile",,,0.25764453619257,272.59721445453482,-71.505,-40.153
"Directions from San Martín de los Andes, Neuquén Province to Neltume, Panguipulli, Chile",,,0.25775498980274,272.59721445453482,-71.505,-40.153
"Directions from San Martín de los Andes, Neuquén Province to Neltume, Panguipulli, Chile",,,0.25783498980274,262.02730204992270,-71.505,-40.153
"Directions from San Martín de los Andes, Neuquén Province to Neltume, Panguipulli, Chile",,,0.25798059200053,247.84982115723281,-71.505,-40.153
"Directions from San Martín de los Andes, Neuquén Province to Neltume, Panguipulli, Chile",,,0.25869648305369,244.22322384873129,-71.506,-40.153
"Directions from San Martín de los Andes, Neuquén Province to Neltume, Panguipulli, Chile",,,0.25877264078475,251.38258300985271,-71.506,-40.153
"Directions from San Martín de los Andes, Neuquén Province to Neltume, Panguipulli, Chile",,,0.25881387184100,240.48187826843153,-71.506,-40.153
"Directions from San Martín de los Andes, Neuquén Province to Neltume, Panguipulli, Chile",,,0.25882801397663,242.76883889818777,-71.506,-40.154
"Directions from San Martín de los Andes, Neuquén Province to Neltume, Panguipulli, Chile",,,0.25888884160194,265.26883889818777,-71.506,-40.154
"Directions from San Martín de los Andes, Neuquén Province to Neltume, Panguipulli, Chile",,,0.25897884160194,274.37308113115995,-71.506,-40.154
"Directions from San Martín de los Andes, Neuquén Province to Neltume, Panguipulli, Chile",,,0.25924190053069,276.28011854767465,-71.507,-40.153
"Directions from San Martín de los Andes, Neuquén Province to Neltume, Panguipulli, Chile",,,0.25939223349447,270.47583480406797,-71.507,-40.153
"Directions from San Martín de los Andes, Neuquén Province to Neltume, Panguipulli, Chile",,,0.25959248333842,262.52141884865006,-71.507,-40.153
"Directions from San Martín de los Andes, Neuquén Province to Neltume, Panguipulli, Chile",,,0.25973566154905,263.95262146109673,-71.507,-40.154
"Directions from San Martín de los Andes, Neuquén Province to Neltume, Panguipulli, Chile",,,0.25975566154905,260.78252559464568,-71.507,-40.154
"Directions from San Martín de los Andes, Neuquén Province to Neltume, Panguipulli, Chile",,,0.25978728432565,256.05136448843223,-71.507,-40.154
"Directions from San Martín de los Andes, Neuquén Province to Neltume, Panguipulli, Chile",,,0.25984811195095,265.26883889378655,-71.507,-40.154
"Directions from San Martín de los Andes, Neuquén Province to Neltume, Panguipulli, Chile",,,0.25989811195095,275.65496623857592,-71.507,-40.154
"Directions from San Martín de los Andes, Neuquén Province to Neltume, Panguipulli, Chile",,,0.25994910214609,291.53470628068197,-71.507,-40.154
"Directions from San Martín de los Andes, Neuquén Province to Neltume, Panguipulli, Chile",,,0.26044306570750,295.59975745600627,-71.508,-40.153
"Directions from San Martín de los Andes, Neuquén Province to Neltume, Panguipulli, Chile",,,0.26062334327127,279.72001741390017,-71.508,-40.153
"Directions from San Martín de los Andes, Neuquén Province to Neltume, Panguipulli, Chile",,,0.26093334327127,267.80064732276566,-71.508,-40.153
"Directions from San Martín de los Andes, Neuquén Province to Neltume, Panguipulli, Chile",,,0.26158526351180,261.53624346735177,-71.509,-40.153
"Directions from San Martín de los Andes, Neuquén Province to Neltume, Panguipulli, Chile",,,0.26176965440094,250.45307055604707,-71.509,-40.153
"Directions from San Martín de los Andes, Neuquén Province to Neltume, Panguipulli, Chile",,,0.26181437576049,239.87244064690529,-71.509,-40.153
"Directions from San Martín de los Andes, Neuquén Province to Neltume, Panguipulli, Chile",,,0.26188648678599,230.65496623883689,-71.509,-40.153
"Directions from San Martín de los Andes, Neuquén Province to Neltume, Panguipulli, Chile",,,0.26192891319287,215.78252557971825,-71.509,-40.153
"Directions from San Martín de los Andes, Neuquén Province to Neltume, Panguipulli, Chile",,,0.26195127387264,193.28252557632567,-71.509,-40.153
"Directions from San Martín de los Andes, Neuquén Province to Neltume, Panguipulli, Chile",,,0.26199127387264,166.71747442367436,-71.509,-40.153
"Directions from San Martín de los Andes, Neuquén Province to Neltume, Panguipulli, Chile",,,0.26201363455241,144.21747441858545,-71.509,-40.153
"Directions from San Martín de los Andes, Neuquén Province to Neltume, Panguipulli, Chile",,,0.26204191882366,140.65496623818447,-71.509,-40.153
"Directions from San Martín de los Andes, Neuquén Province to Neltume, Panguipulli, Chile",,,0.26207797433641,130.13621073014272,-71.509,-40.154
"Directions from San Martín de los Andes, Neuquén Province to Neltume, Panguipulli, Chile",,,0.26217646291443,107.13366772076385,-71.509,-40.154
"Directions from San Martín de los Andes, Neuquén Province to Neltume, Panguipulli, Chile",,,0.26228826631331,92.77060238937372,-71.509,-40.154
"Directions from San Martín de los Andes, Neuquén Province to Neltume, Panguipulli, Chile",,,0.26240868225910,87.61817915547924,-71.509,-40.154
"Directions from San Martín de los Andes, Neuquén Province to Neltume, Panguipulli, Chile",,,0.26249868225910,92.85529656854830,-71.509,-40.154
"Directions from San Martín de los Andes, Neuquén Province to Neltume, Panguipulli, Chile",,,0.26269967977152,100.56637722782764,-71.508,-40.154
"Directions from San Martín de los Andes, Neuquén Province to Neltume, Panguipulli, Chile",,,0.26300051195065,111.86145854256269,-71.508,-40.154
"Directions from San Martín de los Andes, Neuquén Province to Neltume, Panguipulli, Chile",,,0.26314816018125,115.56720497166734,-71.508,-40.154
"Directions from San Martín de los Andes, Neuquén Province to Neltume, Panguipulli, Chile",,,0.26335431546253,123.91682708838403,-71.508,-40.154
"Directions from San Martín de los Andes, Neuquén Province to Neltume, Panguipulli, Chile",,,0.26336845759816,129.05567098019952,-71.508,-40.154
"Directions from San Martín de los Andes, Neuquén Province to Neltume, Panguipulli, Chile",,,0.26391763880687,127.01286259093538,-71.507,-40.154
"Directions from San Martín de los Andes, Neuquén Province to Neltume, Panguipulli, Chile",,,0.26411613313928,138.61215784539723,-71.507,-40.154
"Directions from San Martín de los Andes, Neuquén Province to Neltume, Panguipulli, Chile",,,0.26426035519030,158.00254300255818,-71.507,-40.154
"Directions from San Martín de los Andes, Neuquén Province to Neltume, Panguipulli, Chile",,,0.26437215858918,173.74627768665309,-71.507,-40.154
"Directions from San Martín de los Andes, Neuquén Province to Neltume, Panguipulli, Chile",,,0.26463235082580,182.96375209705559,-71.507,-40.155
"Directions from San Martín de los Andes, Neuquén Province to Neltume, Panguipulli, Chile",,,0.26477377218204,197.34757676683833,-71.507,-40.155
"Directions from San Martín de los Andes, Neuquén Province to Neltume, Panguipulli, Chile",,,0.26486321490114,211.71747440983256,-71.507,-40.155
"Directions from San Martín de los Andes, Neuquén Province to Neltume, Panguipulli, Chile",,,0.26491321490113,220.93494882638245,-71.507,-40.155
"Directions from San Martín de los Andes, Neuquén Province to Neltume, Panguipulli, Chile",,,0.26494149917239,229.73116110882663,-71.507,-40.155
"Directions from San Martín de los Andes, Neuquén Province to Neltume, Panguipulli, Chile",,,0.26511354567773,238.94863551519873,-71.507,-40.155
"Directions from San Martín de los Andes, Neuquén Province to Neltume, Panguipulli, Chile",,,0.26515826703728,234.21747440637213,-71.507,-40.155
"Directions from San Martín de los Andes, Neuquén Province to Neltume, Panguipulli, Chile",,,0.26518655130852,239.52730204560191,-71.507,-40.155
"Directions from San Martín de los Andes, Neuquén Province to Neltume, Panguipulli, Chile",,,0.26525935240742,257.96225087198434,-71.507,-40.155
"Directions from San Martín de los Andes, Neuquén Province to Neltume, Panguipulli, Chile",,,0.26533006308553,265.93494882129357,-71.508,-40.155
"Directions from San Martín de los Andes, Neuquén Province to Neltume, Panguipulli, Chile",,,0.26539006308554,267.54171699707911,-71.508,-40.155
"Directions from San Martín de los Andes, Neuquén Province to Neltume, Panguipulli, Chile",,,0.26632349760386,263.44781599113816,-71.509,-40.155
"Directions from San Martín de los Andes, Neuquén Province to Neltume, Panguipulli, Chile",,,0.26772781238339,264.71312697851192,-71.510,-40.155
"Directions from San Martín de los Andes, Neuquén Province to Neltume, Panguipulli, Chile",,,0.26796802062638,274.46199422146293,-71.510,-40.155
"Directions from San Martín de los Andes, Neuquén Province to Neltume, Panguipulli, Chile",,,0.26817198140692,288.93749182554910,-71.510,-40.155
"Directions from San Martín de los Andes, Neuquén Province to Neltume, Panguipulli, Chile",,,0.26819434208670,301.05136448521387,-71.510,-40.155
"Directions from San Martín de los Andes, Neuquén Province to Neltume, Panguipulli, Chile",,,0.26836638859203,300.15640918089224,-71.511,-40.155
"Directions from San Martín de los Andes, Neuquén Province to Neltume, Panguipulli, Chile",,,0.26850956680268,296.83086116806237,-71.511,-40.155
"Directions from San Martín de los Andes, Neuquén Province to Neltume, Panguipulli, Chile",,,0.26884077670590,306.94329087366719,-71.511,-40.155
"Directions from San Martín de los Andes, Neuquén Province to Neltume, Panguipulli, Chile",,,0.26885491884153,298.76440384415849,-71.511,-40.155
"Directions from San Martín de los Andes, Neuquén Province to Neltume, Panguipulli, Chile",,,0.26903930973067,276.26440385433625,-71.511,-40.155
"Directions from San Martín de los Andes, Neuquén Province to Neltume, Panguipulli, Chile",,,0.26928930973067,256.71747441960326,-71.511,-40.155
"Directions from San Martín de los Andes, Neuquén Province to Neltume, Panguipulli, Chile",,,0.26931167041044,249.69935268563995,-71.511,-40.155
"Directions from San Martín de los Andes, Neuquén Province to Neltume, Panguipulli, Chile",,,0.26939413252295,249.69935267749776,-71.511,-40.155
"Directions from San Martín de los Andes, Neuquén Province to Neltume, Panguipulli, Chile",,,0.26950593592183,234.21747440637213,-71.512,-40.155
"Directions from San Martín de los Andes, Neuquén Province to Neltume, Panguipulli, Chile",,,0.26953422019307,232.62755934831895,-71.512,-40.155
"Directions from San Martín de los Andes, Neuquén Province to Neltume, Panguipulli, Chile",,,0.26961484277056,234.82691202851092,-71.512,-40.155
"Directions from San Martín de los Andes, Neuquén Province to Neltume, Panguipulli, Chile",,,0.26970703821513,223.72287394135017,-71.512,-40.155
"Directions from San Martín de los Andes, Neuquén Province to Neltume, Panguipulli, Chile",,,0.26999909985246,221.52352126624717,-71.512,-40.155
"Directions from San Martín de los Andes, Neuquén Province to Neltume, Panguipulli, Chile",,,0.27014052120870,230.65496623753208,-71.512,-40.156
"Directions from San Martín de los Andes, Neuquén Province to Neltume, Panguipulli, Chile",,,0.27024868774697,239.87244064899303,-71.512,-40.156
"Directions from San Martín de los Andes, Neuquén Province to Neltume, Panguipulli, Chile",,,0.27029340910651,250.45307055604707,-71.512,-40.156
"Directions from San Martín de los Andes, Neuquén Province to Neltume, Panguipulli, Chile",,,0.27047779999566,261.35377530006531,-71.512,-40.156
"Directions from San Martín de los Andes, Neuquén Province to Neltume, Panguipulli, Chile",,,0.27059821594144,270.62268213405918,-71.512,-40.156
"Directions from San Martín de los Andes, Neuquén Province to Neltume, Panguipulli, Chile",,,0.27078926567319,280.02262471493793,-71.513,-40.156
"Directions from San Martín de los Andes, Neuquén Province to Neltume, Panguipulli, Chile",,,0.27083049672945,277.01812173635801,-71.513,-40.156
"Directions from San Martín de los Andes, Neuquén Province to Neltume, Panguipulli, Chile",,,0.27093049672945,265.26883889488693,-71.513,-40.156
"Directions from San Martín de los Andes, Neuquén Province to Neltume, Panguipulli, Chile",,,0.27099132435476,256.05136448240813,-71.513,-40.156
"Directions from San Martín de los Andes, Neuquén Province to Neltume, Panguipulli, Chile",,,0.27105456990795,260.78252558752121,-71.513,-40.156
"Directions from San Martín de los Andes, Neuquén Province to Neltume, Panguipulli, Chile",,,0.27106456990796,257.39943817651283,-71.513,-40.156
"Directions from San Martín de los Andes, Neuquén Province to Neltume, Panguipulli, Chile",,,0.27125245285024,234.89943817820912,-71.513,-40.156
"Directions from San Martín de los Andes, Neuquén Province to Neltume, Panguipulli, Chile",,,0.27133730566398,218.95262146249516,-71.513,-40.156
"Directions from San Martín de los Andes, Neuquén Province to Neltume, Panguipulli, Chile",,,0.27153979023129,221.15197413817688,-71.513,-40.156
"Directions from San Martín de los Andes, Neuquén Province to Neltume, Panguipulli, Chile",,,0.27172418112044,237.31178239325993,-71.513,-40.156
"Directions from San Martín de los Andes, Neuquén Province to Neltume, Panguipulli, Chile",,,0.27186735933107,250.27423314728648,-71.514,-40.156
"Directions from San Martín de los Andes, Neuquén Province to Neltume, Panguipulli, Chile",,,0.27230152519799,258.03874705850501,-71.514,-40.156
"Directions from San Martín de los Andes, Neuquén Province to Neltume, Panguipulli, Chile",,,0.27273718561621,266.01345863687760,-71.514,-40.156
"Directions from San Martín de los Andes, Neuquén Province to Neltume, Panguipulli, Chile",,,0.27318729671360,274.70156618665158,-71.515,-40.156
"Directions from San Martín de los Andes, Neuquén Province to Neltume, Panguipulli, Chile",,,0.27332871806984,274.06505117687448,-71.515,-40.156
"Directions from San Martín de los Andes, Neuquén Province to Neltume, Panguipulli, Chile",,,0.27348871806985,267.61817915547920,-71.515,-40.156
"Directions from San Martín de los Andes, Neuquén Province to Neltume, Panguipulli, Chile",,,0.27360913401563,259.42340898807282,-71.515,-40.156
"Directions from San Martín de los Andes, Neuquén Province to Neltume, Panguipulli, Chile",,,0.27378633446710,245.18937429916281,-71.515,-40.156
"Directions from San Martín de los Andes, Neuquén Province to Neltume, Panguipulli, Chile",,,0.27413303318357,240.10161887531609,-71.516,-40.157
"Directions from San Martín de los Andes, Neuquén Province to Neltume, Panguipulli, Chile",,,0.27420011522289,234.21747440874688,-71.516,-40.157
"Directions from San Martín de los Andes, Neuquén Province to Neltume, Panguipulli, Chile",,,0.27427082590101,220.26883889626225,-71.516,-40.157
"Directions from San Martín de los Andes, Neuquén Province to Neltume, Panguipulli, Chile",,,0.27444287240635,208.04686150493859,-71.516,-40.157
"Directions from San Martín de los Andes, Neuquén Province to Neltume, Panguipulli, Chile",,,0.27452831244380,212.77802260867631,-71.516,-40.157
"Directions from San Martín de los Andes, Neuquén Province to Neltume, Panguipulli, Chile",,,0.27454245457943,202.49999999999997,-71.516,-40.157
"Directions from San Martín de los Andes, Neuquén Province to Neltume, Panguipulli, Chile",,,0.27463245457942,176.43749182460962,-71.516,-40.157
"Directions from San Martín de los Andes, Neuquén Province to Neltume, Panguipulli, Chile",,,0.27471307715691,175.13621072478671,-71.516,-40.157
"Directions from San Martín de los Andes, Neuquén Province to Neltume, Panguipulli, Chile",,,0.27493330431236,181.86881476965672,-71.516,-40.157
"Directions from San Martín de los Andes, Neuquén Province to Neltume, Panguipulli, Chile",,,0.27502385816374,190.18821760523892,-71.516,-40.157
"Directions from San Martín de los Andes, Neuquén Province to Neltume, Panguipulli, Chile",,,0.27510632027626,197.29614434443567,-71.516,-40.157
"Directions from San Martín de los Andes, Neuquén Province to Neltume, Panguipulli, Chile",,,0.27519176031371,203.56054820128645,-71.516,-40.158
"Directions from San Martín de los Andes, Neuquén Province to Neltume, Panguipulli, Chile",,,0.27525884235304,193.28252559261011,-71.516,-40.158
"Directions from San Martín de los Andes, Neuquén Province to Neltume, Panguipulli, Chile",,,0.27526884235304,196.36761313623751,-71.516,-40.158
"Directions from San Martín de los Andes, Neuquén Province to Neltume, Panguipulli, Chile",,,0.27560170869258,215.69751726262055,-71.516,-40.158
"Directions from San Martín de los Andes, Neuquén Province to Neltume, Panguipulli, Chile",,,0.27598589614682,223.07468058861167,-71.516,-40.158
"Directions from San Martín de los Andes, Neuquén Province to Neltume, Panguipulli, Chile",,,0.27614868435279,235.46225087368961,-71.517,-40.158
"Directions from San Martín de los Andes, Neuquén Province to Neltume, Panguipulli, Chile",,,0.27623812707189,211.71747441146101,-71.517,-40.158
"Directions from San Martín de los Andes, Neuquén Province to Neltume, Panguipulli, Chile",,,0.27624812707189,211.71747441146101,-71.517,-40.158
"Directions from San Martín de los Andes, Neuquén Province to Neltume, Panguipulli, Chile",,,0.27631520911120,249.08991505977551,-71.517,-40.158
"Directions from San Martín de los Andes, Neuquén Province to Neltume, Panguipulli, Chile",,,0.27642922665372,258.80993247261102,-71.517,-40.158
"Directions from San Martín de los Andes, Neuquén Province to Neltume, Panguipulli, Chile",,,0.27650984923120,266.43749182429644,-71.517,-40.158
"Directions from San Martín de los Andes, Neuquén Province to Neltume, Panguipulli, Chile",,,0.27929984923120,270.97074319541628,-71.520,-40.158
"Directions from San Martín de los Andes, Neuquén Province to Neltume, Panguipulli, Chile",,,0.27989018811693,270.59871359411272,-71.520,-40.158
"Directions from San Martín de los Andes, Neuquén Province to Neltume, Panguipulli, Chile",,,0.28066025304925,266.27305199516530,-71.521,-40.158
"Directions from San Martín de los Andes, Neuquén Province to Neltume, Panguipulli, Chile",,,0.28083142547695,260.38067774213260,-71.521,-40.158
"Directions from San Martín de los Andes, Neuquén Province to Neltume, Panguipulli, Chile",,,0.28092362092152,250.45307054898248,-71.521,-40.158
"Directions from San Martín de los Andes, Neuquén Province to Neltume, Panguipulli, Chile",,,0.28094598160129,248.58737204922792,-71.521,-40.158
"Directions from San Martín de los Andes, Neuquén Province to Neltume, Panguipulli, Chile",,,0.28119598160129,247.19102087403027,-71.522,-40.159
"Directions from San Martín de los Andes, Neuquén Province to Neltume, Panguipulli, Chile",,,0.28137955719880,233.74492836204948,-71.522,-40.159
"Directions from San Martín de los Andes, Neuquén Province to Neltume, Panguipulli, Chile",,,0.28159887432079,216.70633072246727,-71.522,-40.159
"Directions from San Martín de los Andes, Neuquén Province to Neltume, Panguipulli, Chile",,,0.28171067771967,193.28252558853899,-71.522,-40.159
"Directions from San Martín de los Andes, Neuquén Province to Neltume, Panguipulli, Chile",,,0.28177067771967,172.02730204723417,-71.522,-40.159
"Directions from San Martín de los Andes, Neuquén Province to Neltume, Panguipulli, Chile",,,0.28184347881857,155.18226828424426,-71.522,-40.159
"Directions from San Martín de los Andes, Neuquén Province to Neltume, Panguipulli, Chile",,,0.28191558984407,136.58991505993211,-71.522,-40.159
"Directions from San Martín de los Andes, Neuquén Province to Neltume, Panguipulli, Chile",,,0.28201558984407,115.64533538673987,-71.522,-40.159
"Directions from San Martín de los Andes, Neuquén Province to Neltume, Panguipulli, Chile",,,0.28237697606406,102.60253549779956,-71.521,-40.159
"Directions from San Martín de los Andes, Neuquén Province to Neltume, Panguipulli, Chile",,,0.28280452723059,104.26448474639204,-71.521,-40.159
"Directions from San Martín de los Andes, Neuquén Province to Neltume, Panguipulli, Chile",,,0.28306701532555,114.35421407904575,-71.521,-40.159
"Directions from San Martín de los Andes, Neuquén Province to Neltume, Panguipulli, Chile",,,0.28312532484451,124.81178239268756,-71.521,-40.159
"Directions from San Martín de los Andes, Neuquén Province to Neltume, Panguipulli, Chile",,,0.28318935608688,131.82990412605210,-71.521,-40.159
"Directions from San Martín de los Andes, Neuquén Province to Neltume, Panguipulli, Chile",,,0.28324592462937,147.50844673934716,-71.521,-40.159
"Directions from San Martín de los Andes, Neuquén Province to Neltume, Panguipulli, Chile",,,0.28336297162848,170.00844673934716,-71.521,-40.160
"Directions from San Martín de los Andes, Neuquén Province to Neltume, Panguipulli, Chile",,,0.28348297162848,193.28252557632567,-71.521,-40.160
"Directions from San Martín de los Andes, Neuquén Province to Neltume, Panguipulli, Chile",,,0.28350533230825,196.45262145027357,-71.521,-40.160
"Directions from San Martín de los Andes, Neuquén Province to Neltume, Panguipulli, Chile",,,0.28359588615963,191.84710819229591,-71.521,-40.160
"Directions from San Martín de los Andes, Neuquén Province to Neltume, Panguipulli, Chile",,,0.28376351670578,193.82943555435949,-71.521,-40.160
"Directions from San Martín de los Andes, Neuquén Province to Neltume, Panguipulli, Chile",,,0.28387532010465,193.50204535151428,-71.521,-40.160
"Directions from San Martín de los Andes, Neuquén Province to Neltume, Panguipulli, Chile",,,0.28397972316974,188.34962211550285,-71.521,-40.160
"Directions from San Martín de los Andes, Neuquén Province to Neltume, Panguipulli, Chile",,,0.28404972316974,170.78252558650345,-71.521,-40.160
"Directions from San Martín de los Andes, Neuquén Province to Neltume, Panguipulli, Chile",,,0.28411296872295,151.45262146045135,-71.521,-40.160
"Directions from San Martín de los Andes, Neuquén Province to Neltume, Panguipulli, Chile",,,0.28417699996532,133.43893476965999,-71.521,-40.160
"Directions from San Martín de los Andes, Neuquén Province to Neltume, Panguipulli, Chile",,,0.28426302321798,118.66954363818610,-71.521,-40.160
"Directions from San Martín de los Andes, Neuquén Province to Neltume, Panguipulli, Chile",,,0.28431687486606,106.55567097974506,-71.521,-40.160
"Directions from San Martín de los Andes, Neuquén Province to Neltume, Panguipulli, Chile",,,0.28446984545147,73.15496623727108,-71.520,-40.160
"Directions from San Martín de los Andes, Neuquén Province to Neltume, Panguipulli, Chile",,,0.28448398758710,67.50000000000000,-71.520,-40.160
"Directions from San Martín de los Andes, Neuquén Province to Neltume, Panguipulli, Chile",,,0.28451398758709,85.26883889598720,-71.520,-40.160
"Directions from San Martín de los Andes, Neuquén Province to Neltume, Panguipulli, Chile",,,0.28463564283770,78.00161135634508,-71.520,-40.160
"Directions from San Martín de los Andes, Neuquén Province to Neltume, Panguipulli, Chile",,,0.28491456935131,78.66772128246566,-71.520,-40.160
"Directions from San Martín de los Andes, Neuquén Province to Neltume, Panguipulli, Chile",,,0.28498528002944,85.93494882210778,-71.520,-40.160
"Directions from San Martín de los Andes, Neuquén Province to Neltume, Panguipulli, Chile",,,0.28505528002943,94.73116110511312,-71.520,-40.160
"Directions from San Martín de los Andes, Neuquén Province to Neltume, Panguipulli, Chile",,,0.28511610765474,117.23116111020200,-71.520,-40.160
"Directions from San Martín de los Andes, Neuquén Province to Neltume, Panguipulli, Chile",,,0.28514439192598,125.78252558548569,-71.520,-40.160
"Directions from San Martín de los Andes, Neuquén Province to Neltume, Panguipulli, Chile",,,0.28516675260576,125.78252558039678,-71.520,-40.160
"Directions from San Martín de los Andes, Neuquén Province to Neltume, Panguipulli, Chile",,,0.28518089474139,157.50000000000000,-71.520,-40.160
"Directions from San Martín de los Andes, Neuquén Province to Neltume, Panguipulli, Chile",,,0.28519089474139,166.71747442367436,-71.520,-40.160
"Directions from San Martín de los Andes, Neuquén Province to Neltume, Panguipulli, Chile",,,0.28521325542116,166.71747442367436,-71.520,-40.160
"Directions from San Martín de los Andes, Neuquén Province to Neltume, Panguipulli, Chile",,,0.28523325542116,189.21747440128323,-71.520,-40.160
"Directions from San Martín de los Andes, Neuquén Province to Neltume, Panguipulli, Chile",,,0.28526487819776,189.21747440128323,-71.520,-40.161
"Directions from San Martín de los Andes, Neuquén Province to Neltume, Panguipulli, Chile",,,0.28528487819776,198.43494882780735,-71.520,-40.161
"Directions from San Martín de los Andes, Neuquén Province to Neltume, Panguipulli, Chile",,,0.28533487819776,226.58991505855423,-71.520,-40.161
"Directions from San Martín de los Andes, Neuquén Province to Neltume, Panguipulli, Chile",,,0.28537093371051,230.65496623074685,-71.520,-40.161
"Directions from San Martín de los Andes, Neuquén Province to Neltume, Panguipulli, Chile",,,0.28542750225301,232.97269795007736,-71.520,-40.161
"Directions from San Martín de los Andes, Neuquén Province to Neltume, Panguipulli, Chile",,,0.28553045855442,245.75268053617719,-71.520,-40.161
"Directions from San Martín de los Andes, Neuquén Province to Neltume, Panguipulli, Chile",,,0.28571073611819,255.12755935220540,-71.520,-40.161
"Directions from San Martín de los Andes, Neuquén Province to Neltume, Panguipulli, Chile",,,0.28582253951707,251.56505117756657,-71.520,-40.161
"Directions from San Martín de los Andes, Neuquén Province to Neltume, Panguipulli, Chile",,,0.28586726087662,252.65242323458656,-71.520,-40.161
"Directions from San Martín de los Andes, Neuquén Province to Neltume, Panguipulli, Chile",,,0.28600868223286,264.50374620956205,-71.520,-40.161
"Directions from San Martín de los Andes, Neuquén Province to Neltume, Panguipulli, Chile",,,0.28620893207679,271.28896340171053,-71.521,-40.161
"Directions from San Martín de los Andes, Neuquén Province to Neltume, Panguipulli, Chile",,,0.28641988230790,277.87258925019984,-71.521,-40.161
"Directions from San Martín de los Andes, Neuquén Province to Neltume, Panguipulli, Chile",,,0.28675529250452,275.15242323492578,-71.521,-40.161
"Directions from San Martín de los Andes, Neuquén Province to Neltume, Panguipulli, Chile",,,0.28699529250452,265.26883889598713,-71.521,-40.161
"Directions from San Martín de los Andes, Neuquén Province to Neltume, Panguipulli, Chile",,,0.28711694775512,256.91921677861689,-71.521,-40.161
"Directions from San Martín de los Andes, Neuquén Province to Neltume, Panguipulli, Chile",,,0.28722135082022,251.22314886215531,-71.522,-40.161
"Directions from San Martín de los Andes, Neuquén Province to Neltume, Panguipulli, Chile",,,0.28744607287076,246.29024539132587,-71.522,-40.161
"Directions from San Martín de los Andes, Neuquén Province to Neltume, Panguipulli, Chile",,,0.28798272918537,239.87244064849719,-71.522,-40.161
"Directions from San Martín de los Andes, Neuquén Province to Neltume, Panguipulli, Chile",,,0.28816300674913,230.65496623754507,-71.522,-40.161
"Directions from San Martín de los Andes, Neuquén Province to Neltume, Panguipulli, Chile",,,0.28833271237662,217.53429141114589,-71.522,-40.161
"Directions from San Martín de los Andes, Neuquén Province to Neltume, Panguipulli, Chile",,,0.28855225736062,207.67315252786875,-71.523,-40.162
"Directions from San Martín de los Andes, Neuquén Province to Neltume, Panguipulli, Chile",,,0.28895037794536,211.07380994098153,-71.523,-40.162
"Directions from San Martín de los Andes, Neuquén Province to Neltume, Panguipulli, Chile",,,0.28920037794537,215.52801006649889,-71.523,-40.162
"Directions from San Martín de los Andes, Neuquén Province to Neltume, Panguipulli, Chile",,,0.28984108068456,217.90983091081193,-71.523,-40.163
"Directions from San Martín de los Andes, Neuquén Province to Neltume, Panguipulli, Chile",,,0.28996149663034,225.22380708414815,-71.523,-40.163
"Directions from San Martín de los Andes, Neuquén Province to Neltume, Panguipulli, Chile",,,0.29006779808847,233.40434581352639,-71.523,-40.163
"Directions from San Martín de los Andes, Neuquén Province to Neltume, Panguipulli, Chile",,,0.29025647771111,234.35260496484395,-71.524,-40.163
"Directions from San Martín de los Andes, Neuquén Province to Neltume, Panguipulli, Chile",,,0.29039860441514,237.07277097920311,-71.524,-40.163
"Directions from San Martín de los Andes, Neuquén Province to Neltume, Panguipulli, Chile",,,0.29046568645447,240.91372328868599,-71.524,-40.163
"Directions from San Martín de los Andes, Neuquén Province to Neltume, Panguipulli, Chile",,,0.29061832982970,241.39515510131733,-71.524,-40.163
"Directions from San Martín de los Andes, Neuquén Province to Neltume, Panguipulli, Chile",,,0.29115058916498,247.98143181263129,-71.524,-40.163
"Directions from San Martín de los Andes, Neuquén Province to Neltume, Panguipulli, Chile",,,0.29130870304799,247.49999999999997,-71.525,-40.163
"Directions from San Martín de los Andes, Neuquén Province to Neltume, Panguipulli, Chile",,,0.29135342440754,251.06250817445093,-71.525,-40.163
"Directions from San Martín de los Andes, Neuquén Province to Neltume, Panguipulli, Chile",,,0.29160837538323,260.07965095794947,-71.525,-40.163
"Directions from San Martín de los Andes, Neuquén Province to Neltume, Panguipulli, Chile",,,0.29221508783571,264.81081206232199,-71.525,-40.163
"Directions from San Martín de los Andes, Neuquén Province to Neltume, Panguipulli, Chile",,,0.29252524908409,274.18727918407984,-71.526,-40.164
"Directions from San Martín de los Andes, Neuquén Province to Neltume, Panguipulli, Chile",,,0.29314508777279,286.18367433588571,-71.526,-40.163
"Directions from San Martín de los Andes, Neuquén Province to Neltume, Panguipulli, Chile",,,0.29407358117610,290.61933601903462,-71.527,-40.163
"Directions from San Martín de los Andes, Neuquén Province to Neltume, Panguipulli, Chile",,,0.29434871750595,287.17430535159093,-71.527,-40.163
"Directions from San Martín de los Andes, Neuquén Province to Neltume, Panguipulli, Chile",,,0.29480478767599,282.68989517952411,-71.528,-40.163
"Directions from San Martín de los Andes, Neuquén Province to Neltume, Panguipulli, Chile",,,0.29508921692906,278.23243170063034,-71.528,-40.163
"Directions from San Martín de los Andes, Neuquén Province to Neltume, Panguipulli, Chile",,,0.29527032463182,278.32251910705094,-71.528,-40.163
"Directions from San Martín de los Andes, Neuquén Province to Neltume, Panguipulli, Chile",,,0.29549393142957,277.39472623905732,-71.529,-40.163
"Directions from San Martín de los Andes, Neuquén Province to Neltume, Panguipulli, Chile",,,0.29702863009705,281.88732611425013,-71.530,-40.163
"Directions from San Martín de los Andes, Neuquén Province to Neltume, Panguipulli, Chile",,,0.29724052629806,293.95025294122871,-71.530,-40.163
"Directions from San Martín de los Andes, Neuquén Province to Neltume, Panguipulli, Chile",,,0.29736582593893,304.20801538061789,-71.530,-40.162
"Directions from San Martín de los Andes, Neuquén Province to Neltume, Panguipulli, Chile",,,0.29744392843568,318.05775178476841,-71.530,-40.162
"Directions from San Martín de los Andes, Neuquén Province to Neltume, Panguipulli, Chile",,,0.29755209497395,343.15496623596624,-71.531,-40.162
"Directions from San Martín de los Andes, Neuquén Province to Neltume, Panguipulli, Chile",,,0.29756209497394,350.78252558989601,-71.531,-40.162
"Directions from San Martín de los Andes, Neuquén Province to Neltume, Panguipulli, Chile",,,0.29765696330375,344.51812173340448,-71.531,-40.162
"Directions from San Martín de los Andes, Neuquén Province to Neltume, Panguipulli, Chile",,,0.29774915874832,353.73559614350842,-71.531,-40.162
"Directions from San Martín de los Andes, Neuquén Province to Neltume, Panguipulli, Chile",,,0.29776915874832,355.10879648393183,-71.531,-40.162
"Directions from San Martín de los Andes, Neuquén Province to Neltume, Panguipulli, Chile",,,0.29806343752771,347.34674098532139,-71.531,-40.162
"Directions from San Martín de los Andes, Neuquén Province to Neltume, Panguipulli, Chile",,,0.29825025294463,338.95541891692170,-71.531,-40.162
"Directions from San Martín de los Andes, Neuquén Province to Neltume, Panguipulli, Chile",,,0.29829497430418,338.25371788423337,-71.531,-40.162
"Directions from San Martín de los Andes, Neuquén Province to Neltume, Panguipulli, Chile",,,0.29853539060978,338.25371787609117,-71.531,-40.161
"Directions from San Martín de los Andes, Neuquén Province to Neltume, Panguipulli, Chile",,,0.29860247264911,326.81468886192471,-71.531,-40.161
"Directions from San Martín de los Andes, Neuquén Province to Neltume, Panguipulli, Chile",,,0.29868057514587,311.40683599052403,-71.531,-40.161
"Directions from San Martín de los Andes, Neuquén Province to Neltume, Panguipulli, Chile",,,0.29897739158746,298.53159892438498,-71.531,-40.161
"Directions from San Martín de los Andes, Neuquén Province to Neltume, Panguipulli, Chile",,,0.29909822204720,288.48638124488735,-71.531,-40.161
"Directions from San Martín de los Andes, Neuquén Province to Neltume, Panguipulli, Chile",,,0.29919041749178,277.77079760807720,-71.531,-40.161
"Directions from San Martín de los Andes, Neuquén Province to Neltume, Panguipulli, Chile",,,0.29938068046767,270.97593790666281,-71.532,-40.161
"Directions from San Martín de los Andes, Neuquén Province to Neltume, Panguipulli, Chile",,,0.29992077305233,271.85136499931730,-71.532,-40.161
"Directions from San Martín de los Andes, Neuquén Province to Neltume, Panguipulli, Chile",,,0.30004118899812,281.59929525536177,-71.532,-40.161
"Directions from San Martín de los Andes, Neuquén Province to Neltume, Panguipulli, Chile",,,0.30023092565773,296.06250818037483,-71.532,-40.161
"Directions from San Martín de los Andes, Neuquén Province to Neltume, Panguipulli, Chile",,,0.30026698117049,311.38784215918889,-71.532,-40.161
"Directions from San Martín de los Andes, Neuquén Province to Neltume, Panguipulli, Chile",,,0.30066396983531,312.97775721448625,-71.533,-40.161
"Directions from San Martín de los Andes, Neuquén Province to Neltume, Panguipulli, Chile",,,0.30071396983531,309.87440062588513,-71.533,-40.161
"Directions from San Martín de los Andes, Neuquén Province to Neltume, Panguipulli, Chile",,,0.30090501956705,309.20829069622158,-71.533,-40.160
"Directions from San Martín de los Andes, Neuquén Province to Neltume, Panguipulli, Chile",,,0.30099104281973,301.05136448342580,-71.533,-40.160
"Directions from San Martín de los Andes, Neuquén Province to Neltume, Panguipulli, Chile",,,0.30108048553883,293.27407884978612,-71.533,-40.160
"Directions from San Martín de los Andes, Neuquén Province to Neltume, Panguipulli, Chile",,,0.30119753253793,286.80505069142242,-71.533,-40.160
"Directions from San Martín de los Andes, Neuquén Province to Neltume, Panguipulli, Chile",,,0.30153709107486,278.78609054457360,-71.533,-40.160
"Directions from San Martín de los Andes, Neuquén Province to Neltume, Panguipulli, Chile",,,0.30182777991194,275.85517612303289,-71.534,-40.160
"Directions from San Martín de los Andes, Neuquén Province to Neltume, Panguipulli, Chile",,,0.30204981594505,283.10005742077414,-71.534,-40.160
"Directions from San Martín de los Andes, Neuquén Province to Neltume, Panguipulli, Chile",,,0.30223955260467,285.48187826647580,-71.534,-40.160
"Directions from San Martín de los Andes, Neuquén Province to Neltume, Panguipulli, Chile",,,0.30233174804924,287.36614312035772,-71.534,-40.160
"Directions from San Martín de los Andes, Neuquén Province to Neltume, Panguipulli, Chile",,,0.30286099279413,295.13798273422964,-71.535,-40.160
"Directions from San Martín de los Andes, Neuquén Province to Neltume, Panguipulli, Chile",,,0.30303099279412,300.57158237949625,-71.535,-40.160
"Directions from San Martín de los Andes, Neuquén Province to Neltume, Panguipulli, Chile",,,0.30354412045856,309.03533892146589,-71.535,-40.160
"Directions from San Martín de los Andes, Neuquén Province to Neltume, Panguipulli, Chile",,,0.30355826259417,308.57614758031872,-71.535,-40.160
"Directions from San Martín de los Andes, Neuquén Province to Neltume, Panguipulli, Chile",,,0.30397166312635,308.57614759049648,-71.536,-40.159
"Directions from San Martín de los Andes, Neuquén Province to Neltume, Panguipulli, Chile",,,0.30398580526197,304.09929527665321,-71.536,-40.159
"Directions from San Martín de los Andes, Neuquén Province to Neltume, Panguipulli, Chile",,,0.30413812072409,290.15065974203424,-71.536,-40.159
"Directions from San Martín de los Andes, Neuquén Province to Neltume, Panguipulli, Chile",,,0.30427413542918,281.14857893915894,-71.536,-40.159
"Directions from San Martín de los Andes, Neuquén Province to Neltume, Panguipulli, Chile",,,0.30460549625970,270.11234408948195,-71.536,-40.159
"Directions from San Martín de los Andes, Neuquén Province to Neltume, Panguipulli, Chile",,,0.30506723211493,266.59132450276593,-71.537,-40.159
"Directions from San Martín de los Andes, Neuquén Province to Neltume, Panguipulli, Chile",,,0.30537739336331,269.42133346575122,-71.537,-40.159
"Directions from San Martín de los Andes, Neuquén Province to Neltume, Panguipulli, Chile",,,0.30620745360208,268.55697141148272,-71.538,-40.159
"Directions from San Martín de los Andes, Neuquén Province to Neltume, Panguipulli, Chile",,,0.30700901457917,264.14678163530186,-71.539,-40.159
"Directions from San Martín de los Andes, Neuquén Province to Neltume, Panguipulli, Chile",,,0.30750398932600,260.54279988934985,-71.539,-40.159
"Directions from San Martín de los Andes, Neuquén Province to Neltume, Panguipulli, Chile",,,0.30793154049254,247.76281730193031,-71.540,-40.159
"Directions from San Martín de los Andes, Neuquén Province to Neltume, Panguipulli, Chile",,,0.30796759600529,243.93749182330481,-71.540,-40.159
"Directions from San Martín de los Andes, Neuquén Province to Neltume, Panguipulli, Chile",,,0.30806246433509,243.01368669297364,-71.540,-40.160
"Directions from San Martín de los Andes, Neuquén Province to Neltume, Panguipulli, Chile",,,0.30814848758777,227.13394665224683,-71.540,-40.160
"Directions from San Martín de los Andes, Neuquén Province to Neltume, Panguipulli, Chile",,,0.30822659008453,214.05316342920315,-71.540,-40.160
"Directions from San Martín de los Andes, Neuquén Province to Neltume, Panguipulli, Chile",,,0.30837423831513,216.65037788079724,-71.540,-40.160
"Directions from San Martín de los Andes, Neuquén Province to Neltume, Panguipulli, Chile",,,0.30848737540012,227.59721445526475,-71.540,-40.160
"Directions from San Martín de los Andes, Neuquén Province to Neltume, Panguipulli, Chile",,,0.30856547789688,250.09721445653696,-71.540,-40.160
"Directions from San Martín de los Andes, Neuquén Province to Neltume, Panguipulli, Chile",,,0.30857547789688,256.71747440942551,-71.540,-40.160
"Directions from San Martín de los Andes, Neuquén Province to Neltume, Panguipulli, Chile",,,0.30866492061598,251.56505117553101,-71.540,-40.160
"Directions from San Martín de los Andes, Neuquén Province to Neltume, Panguipulli, Chile",,,0.30877672401486,255.63010235668008,-71.540,-40.160
"Directions from San Martín de los Andes, Neuquén Province to Neltume, Panguipulli, Chile",,,0.30880834679146,256.29621228285129,-71.540,-40.160
"Directions from San Martín de los Andes, Neuquén Province to Neltume, Panguipulli, Chile",,,0.30900070063208,263.31433401509827,-71.540,-40.160
"Directions from San Martín de los Andes, Neuquén Province to Neltume, Panguipulli, Chile",,,0.30939185277639,266.98235880174752,-71.541,-40.160
"Directions from San Martín de los Andes, Neuquén Province to Neltume, Panguipulli, Chile",,,0.30974199560438,266.32641491027698,-71.541,-40.160
"Directions from San Martín de los Andes, Neuquén Province to Neltume, Panguipulli, Chile",,,0.31014399062923,267.14470343135099,-71.542,-40.160
"Directions from San Martín de los Andes, Neuquén Province to Neltume, Panguipulli, Chile",,,0.31030399062924,274.06505117728159,-71.542,-40.160
"Directions from San Martín de los Andes, Neuquén Province to Neltume, Panguipulli, Chile",,,0.31044541198546,287.34757675767833,-71.542,-40.160
"Directions from San Martín de los Andes, Neuquén Province to Neltume, Panguipulli, Chile",,,0.31046777266524,289.32990411930001,-71.542,-40.160
"Directions from San Martín de los Andes, Neuquén Province to Neltume, Panguipulli, Chile",,,0.31061095087588,286.94808328137719,-71.542,-40.160
"Directions from San Martín de los Andes, Neuquén Province to Neltume, Panguipulli, Chile",,,0.31077250582009,295.12216905563929,-71.542,-40.160
"Directions from San Martín de los Andes, Neuquén Province to Neltume, Panguipulli, Chile",,,0.31104545270137,296.33533697180388,-71.542,-40.160
"Directions from San Martín de los Andes, Neuquén Province to Neltume, Panguipulli, Chile",,,0.31126476982337,289.57958124753839,-71.543,-40.160
"Directions from San Martín de los Andes, Neuquén Province to Neltume, Panguipulli, Chile",,,0.31157525331729,279.14893892117630,-71.543,-40.160
"Directions from San Martín de los Andes, Neuquén Province to Neltume, Panguipulli, Chile",,,0.31174554718094,276.41439143408860,-71.543,-40.160
"Directions from San Martín de los Andes, Neuquén Province to Neltume, Panguipulli, Chile",,,0.31180637480625,274.73116110181218,-71.543,-40.160
"Directions from San Martín de los Andes, Neuquén Province to Neltume, Panguipulli, Chile",,,0.31193637480625,267.80064732334040,-71.543,-40.160
"Directions from San Martín de los Andes, Neuquén Province to Neltume, Panguipulli, Chile",,,0.31206675885435,262.14568108476453,-71.543,-40.160
"Directions from San Martín de los Andes, Neuquén Province to Neltume, Panguipulli, Chile",,,0.31216873924463,252.36378927455473,-71.543,-40.160
"Directions from San Martín de los Andes, Neuquén Province to Neltume, Panguipulli, Chile",,,0.31226722782265,239.58380669183703,-71.544,-40.160
"Directions from San Martín de los Andes, Neuquén Province to Neltume, Panguipulli, Chile",,,0.31231722782264,236.69261052741683,-71.544,-40.160
"Directions from San Martín de los Andes, Neuquén Province to Neltume, Panguipulli, Chile",,,0.31239785040012,234.03533769092519,-71.544,-40.160
"Directions from San Martín de los Andes, Neuquén Province to Neltume, Panguipulli, Chile",,,0.31282970685776,235.62525275469352,-71.544,-40.160
"Directions from San Martín de los Andes, Neuquén Province to Neltume, Panguipulli, Chile",,,0.31300859229596,247.23227050795109,-71.544,-40.160
"Directions from San Martín de los Andes, Neuquén Province to Neltume, Panguipulli, Chile",,,0.31334697078227,252.88723674378679,-71.544,-40.160
"Directions from San Martín de los Andes, Neuquén Province to Neltume, Panguipulli, Chile",,,0.31357500586730,251.47173590303291,-71.545,-40.160
"Directions from San Martín de los Andes, Neuquén Province to Neltume, Panguipulli, Chile",,,0.31362885751536,253.44432901875217,-71.545,-40.160
"Directions from San Martín de los Andes, Neuquén Province to Neltume, Panguipulli, Chile",,,0.31378182810077,264.34503376403381,-71.545,-40.160
"Directions from San Martín de los Andes, Neuquén Province to Neltume, Panguipulli, Chile",,,0.31392182810077,277.01812173316495,-71.545,-40.160
"Directions from San Martín de los Andes, Neuquén Province to Neltume, Panguipulli, Chile",,,0.31404552126954,277.01812173316495,-71.545,-40.160
"Directions from San Martín de los Andes, Neuquén Province to Neltume, Panguipulli, Chile",,,0.31405552126954,277.97269795122958,-71.545,-40.160
"Directions from San Martín de los Andes, Neuquén Province to Neltume, Panguipulli, Chile",,,0.31427392456621,290.08657060986809,-71.545,-40.160
"Directions from San Martín de los Andes, Neuquén Province to Neltume, Panguipulli, Chile",,,0.31449324168822,292.39189526801198,-71.546,-40.160
"Directions from San Martín de los Andes, Neuquén Province to Neltume, Panguipulli, Chile",,,0.31483500183803,288.62764472730402,-71.546,-40.160
"Directions from San Martín de los Andes, Neuquén Province to Neltume, Panguipulli, Chile",,,0.31504380796820,290.16431098279179,-71.546,-40.160
"Directions from San Martín de los Andes, Neuquén Province to Neltume, Panguipulli, Chile",,,0.31539309295213,296.68712951364546,-71.546,-40.160
"Directions from San Martín de los Andes, Neuquén Province to Neltume, Panguipulli, Chile",,,0.31547371552962,297.26001093290233,-71.546,-40.160
"Directions from San Martín de los Andes, Neuquén Province to Neltume, Panguipulli, Chile",,,0.31561689374026,282.38757028411806,-71.547,-40.160
"Directions from San Martín de los Andes, Neuquén Province to Neltume, Panguipulli, Chile",,,0.31562689374024,278.39918589052644,-71.547,-40.160
"Directions from San Martín de los Andes, Neuquén Province to Neltume, Panguipulli, Chile",,,0.31618051816168,289.52369771920468,-71.547,-40.160
"Directions from San Martín de los Andes, Neuquén Province to Neltume, Panguipulli, Chile",,,0.31665591273464,290.34198623979995,-71.548,-40.159
"Directions from San Martín de los Andes, Neuquén Province to Neltume, Panguipulli, Chile",,,0.31684564939425,286.71501397569762,-71.548,-40.159
"Directions from San Martín de los Andes, Neuquén Province to Neltume, Panguipulli, Chile",,,0.31742539071587,277.49753956457590,-71.548,-40.159
"Directions from San Martín de los Andes, Neuquén Province to Neltume, Panguipulli, Chile",,,0.31744539071587,277.76205549861044,-71.548,-40.159
"Directions from San Martín de los Andes, Neuquén Province to Neltume, Panguipulli, Chile",,,0.31781902154972,287.44155258627245,-71.549,-40.159
"Directions from San Martín de los Andes, Neuquén Province to Neltume, Panguipulli, Chile",,,0.31821119498075,291.21470321291713,-71.549,-40.159
"Directions from San Martín de los Andes, Neuquén Province to Neltume, Panguipulli, Chile",,,0.31879813620437,294.62285111607372,-71.550,-40.159
"Directions from San Martín de los Andes, Neuquén Province to Neltume, Panguipulli, Chile",,,0.31945555540093,283.08764499081872,-71.550,-40.158
"Directions from San Martín de los Andes, Neuquén Province to Neltume, Panguipulli, Chile",,,0.31946555540093,285.36774385076234,-71.550,-40.158
"Directions from San Martín de los Andes, Neuquén Province to Neltume, Panguipulli, Chile",,,0.31989602026593,302.21277761419958,-71.551,-40.158
"Directions from San Martín de los Andes, Neuquén Province to Neltume, Panguipulli, Chile",,,0.32014840885521,305.27998258615571,-71.551,-40.158
"Directions from San Martín de los Andes, Neuquén Province to Neltume, Panguipulli, Chile",,,0.32094840885521,308.20617208021855,-71.551,-40.158
"Directions from San Martín de los Andes, Neuquén Province to Neltume, Panguipulli, Chile",,,0.32206362183936,306.87907432380786,-71.552,-40.157
"Directions from San Martín de los Andes, Neuquén Province to Neltume, Panguipulli, Chile",,,0.32236594616851,302.91160218965064,-71.553,-40.157
"Directions from San Martín de los Andes, Neuquén Province to Neltume, Panguipulli, Chile",,,0.32297651966941,296.52761928683935,-71.553,-40.156
"Directions from San Martín de los Andes, Neuquén Province to Neltume, Panguipulli, Chile",,,0.32417984838593,289.94134257495745,-71.554,-40.156
"Directions from San Martín de los Andes, Neuquén Province to Neltume, Panguipulli, Chile",,,0.32433796226894,291.28167587656179,-71.554,-40.156
"Directions from San Martín de los Andes, Neuquén Province to Neltume, Panguipulli, Chile",,,0.32538986530630,297.51152258299561,-71.555,-40.155
"Directions from San Martín de los Andes, Neuquén Province to Neltume, Panguipulli, Chile",,,0.32681158961149,307.94732111280592,-71.557,-40.155
"Directions from San Martín de los Andes, Neuquén Province to Neltume, Panguipulli, Chile",,,0.32683987388274,307.67162443704439,-71.557,-40.155
"Directions from San Martín de los Andes, Neuquén Province to Neltume, Panguipulli, Chile",,,0.32779003176437,296.07232918601113,-71.557,-40.154
"Directions from San Martín de los Andes, Neuquén Province to Neltume, Panguipulli, Chile",,,0.32789773506050,294.18323033241683,-71.557,-40.154
"Directions from San Martín de los Andes, Neuquén Province to Neltume, Panguipulli, Chile",,,0.32800953845938,292.49999999985101,-71.558,-40.154
"Directions from San Martín de los Andes, Neuquén Province to Neltume, Panguipulli, Chile",,,0.32930607230005,286.87388359180642,-71.559,-40.154
"Directions from San Martín de los Andes, Neuquén Province to Neltume, Panguipulli, Chile",,,0.33017699135484,286.08920618955648,-71.560,-40.154
"Directions from San Martín de los Andes, Neuquén Province to Neltume, Panguipulli, Chile",,,0.33248632026169,288.88167975878099,-71.562,-40.153
"Directions from San Martín de los Andes, Neuquén Province to Neltume, Panguipulli, Chile",,,0.33307504770287,292.11590338804740,-71.562,-40.153
"Directions from San Martín de los Andes, Neuquén Province to Neltume, Panguipulli, Chile",,,0.33418590322902,292.26404887897064,-71.563,-40.152
"Directions from San Martín de los Andes, Neuquén Province to Neltume, Panguipulli, Chile",,,0.33523699789651,280.59702824064215,-71.564,-40.152
"Directions from San Martín de los Andes, Neuquén Province to Neltume, Panguipulli, Chile",,,0.33524699789650,281.66702063818332,-71.564,-40.152
"Directions from San Martín de los Andes, Neuquén Province to Neltume, Panguipulli, Chile",,,0.33635785342267,294.65421761972351,-71.565,-40.151
"Directions from San Martín de los Andes, Neuquén Province to Neltume, Panguipulli, Chile",,,0.33679167366194,294.58649223859823,-71.566,-40.151
"Directions from San Martín de los Andes, Neuquén Province to Neltume, Panguipulli, Chile",,,0.33702014685511,298.44432902161378,-71.566,-40.151
"Directions from San Martín de los Andes, Neuquén Province to Neltume, Panguipulli, Chile",,,0.33705620236786,295.60781795095568,-71.566,-40.151
"Directions from San Martín de los Andes, Neuquén Province to Neltume, Panguipulli, Chile",,,0.33725545095631,290.36207944287310,-71.566,-40.151
"Directions from San Martín de los Andes, Neuquén Province to Neltume, Panguipulli, Chile",,,0.33733160868738,289.57199320724180,-71.566,-40.151
"Directions from San Martín de los Andes, Neuquén Province to Neltume, Panguipulli, Chile",,,0.33769561418184,300.47269794059093,-71.567,-40.151
"Directions from San Martín de los Andes, Neuquén Province to Neltume, Panguipulli, Chile",,,0.33770975631747,298.15496622694417,-71.567,-40.151
"Directions from San Martín de los Andes, Neuquén Province to Neltume, Panguipulli, Chile",,,0.33806668768342,284.00458835449228,-71.567,-40.151
"Directions from San Martín de los Andes, Neuquén Province to Neltume, Panguipulli, Chile",,,0.33817109074851,283.28252558898720,-71.567,-40.151
"Directions from San Martín de los Andes, Neuquén Province to Neltume, Panguipulli, Chile",,,0.33840454309910,278.35429017778785,-71.567,-40.151
"Directions from San Martín de los Andes, Neuquén Province to Neltume, Panguipulli, Chile",,,0.33890813023158,273.42138670617101,-71.568,-40.151
"Directions from San Martín de los Andes, Neuquén Province to Neltume, Panguipulli, Chile",,,0.33932813023158,256.71747441146101,-71.568,-40.151
"Directions from San Martín de los Andes, Neuquén Province to Neltume, Panguipulli, Chile",,,0.33935049091135,253.29608770498501,-71.568,-40.151
"Directions from San Martín de los Andes, Neuquén Province to Neltume, Panguipulli, Chile",,,0.33960228447760,259.04162962404848,-71.569,-40.151
"Directions from San Martín de los Andes, Neuquén Province to Neltume, Panguipulli, Chile",,,0.34348591679799,255.62100645445744,-71.572,-40.152
"Directions from San Martín de los Andes, Neuquén Province to Neltume, Panguipulli, Chile",,,0.34466951301291,255.57575967415815,-71.573,-40.152
"Directions from San Martín de los Andes, Neuquén Province to Neltume, Panguipulli, Chile",,,0.34577811573708,262.41776955022522,-71.575,-40.152
"Directions from San Martín de los Andes, Neuquén Province to Neltume, Panguipulli, Chile",,,0.34580811573708,262.68956300568419,-71.575,-40.152
"Directions from San Martín de los Andes, Neuquén Province to Neltume, Panguipulli, Chile",,,0.34794739131540,258.38173891334628,-71.577,-40.153
"Directions from San Martín de los Andes, Neuquén Province to Neltume, Panguipulli, Chile",,,0.34828115770076,265.69217590766209,-71.577,-40.153
"Directions from San Martín de los Andes, Neuquén Province to Neltume, Panguipulli, Chile",,,0.34848115770076,272.85529656754056,-71.577,-40.153
"Directions from San Martín de los Andes, Neuquén Province to Neltume, Panguipulli, Chile",,,0.34858165645698,272.85529656754056,-71.577,-40.153
"Directions from San Martín de los Andes, Neuquén Province to Neltume, Panguipulli, Chile",,,0.34881165645696,274.06505117730001,-71.577,-40.153
"Directions from San Martín de los Andes, Neuquén Province to Neltume, Panguipulli, Chile",,,0.34958947391627,281.08317291066459,-71.578,-40.153
"Directions from San Martín de los Andes, Neuquén Province to Neltume, Panguipulli, Chile",,,0.34975439814131,282.61252169755670,-71.578,-40.153
"Directions from San Martín de los Andes, Neuquén Province to Neltume, Panguipulli, Chile",,,0.35068202953361,282.61252169719745,-71.579,-40.153
"Directions from San Martín de los Andes, Neuquén Province to Neltume, Panguipulli, Chile",,,0.35088818481489,277.01812173300533,-71.580,-40.153
"Directions from San Martín de los Andes, Neuquén Province to Neltume, Panguipulli, Chile",,,0.35090818481489,274.32627089557616,-71.580,-40.153
"Directions from San Martín de los Andes, Neuquén Province to Neltume, Panguipulli, Chile",,,0.35137348041985,277.33077387458366,-71.580,-40.152
"Directions from San Martín de los Andes, Neuquén Province to Neltume, Panguipulli, Chile",,,0.35194662961509,274.06505117722111,-71.581,-40.152
"Directions from San Martín de los Andes, Neuquén Province to Neltume, Panguipulli, Chile",,,0.35329755522370,274.85786988357597,-71.582,-40.152
"Directions from San Martín de los Andes, Neuquén Province to Neltume, Panguipulli, Chile",,,0.35344888268321,282.34868616966855,-71.582,-40.152
"Directions from San Martín de los Andes, Neuquén Province to Neltume, Panguipulli, Chile",,,0.35358489738830,285.17162444176626,-71.582,-40.152
"Directions from San Martín de los Andes, Neuquén Province to Neltume, Panguipulli, Chile",,,0.35393418237222,277.61630674389721,-71.583,-40.152
"Directions from San Martín de los Andes, Neuquén Province to Neltume, Panguipulli, Chile",,,0.35508487781413,270.99604678643715,-71.584,-40.152
"Directions from San Martín de los Andes, Neuquén Province to Neltume, Panguipulli, Chile",,,0.35617487781412,272.85529656895136,-71.585,-40.152
"Directions from San Martín de los Andes, Neuquén Province to Neltume, Panguipulli, Chile",,,0.35677787035139,277.58645767252403,-71.585,-40.152
"Directions from San Martín de los Andes, Neuquén Province to Neltume, Panguipulli, Chile",,,0.35708200847790,274.73116110357273,-71.586,-40.152
"Directions from San Martín de los Andes, Neuquén Province to Neltume, Panguipulli, Chile",,,0.35726200847790,265.62691886884005,-71.586,-40.152
"Directions from San Martín de los Andes, Neuquén Province to Neltume, Panguipulli, Chile",,,0.35739353794228,257.65422091953081,-71.586,-40.152
"Directions from San Martín de los Andes, Neuquén Province to Neltume, Panguipulli, Chile",,,0.35746633904118,239.52730206086855,-71.586,-40.152
"Directions from San Martín de los Andes, Neuquén Province to Neltume, Panguipulli, Chile",,,0.35748048117680,237.07277098998557,-71.586,-40.152
"Directions from San Martín de los Andes, Neuquén Province to Neltume, Panguipulli, Chile",,,0.35815464732842,251.60007302973040,-71.587,-40.152
"Directions from San Martín de los Andes, Neuquén Province to Neltume, Panguipulli, Chile",,,0.35830024952621,251.74927944291937,-71.587,-40.152
"Directions from San Martín de los Andes, Neuquén Province to Neltume, Panguipulli, Chile",,,0.35838568956367,254.32982845836912,-71.587,-40.152
"Directions from San Martín de los Andes, Neuquén Province to Neltume, Panguipulli, Chile",,,0.35859946514693,262.40849838871281,-71.587,-40.152
"Directions from San Martín de los Andes, Neuquén Province to Neltume, Panguipulli, Chile",,,0.35872984919503,269.30704107481353,-71.587,-40.152
"Directions from San Martín de los Andes, Neuquén Province to Neltume, Panguipulli, Chile",,,0.35892011217094,275.06890192634160,-71.587,-40.152
"Directions from San Martín de los Andes, Neuquén Province to Neltume, Panguipulli, Chile",,,0.35916197990338,279.03953949638384,-71.588,-40.152
"Directions from San Martín de los Andes, Neuquén Province to Neltume, Panguipulli, Chile",,,0.35947773297145,283.18811198108716,-71.588,-40.152
"Directions from San Martín de los Andes, Neuquén Province to Neltume, Panguipulli, Chile",,,0.35977856515059,290.99360623996859,-71.588,-40.152
"Directions from San Martín de los Andes, Neuquén Province to Neltume, Panguipulli, Chile",,,0.35980092583037,291.95953789886551,-71.588,-40.152
"Directions from San Martín de los Andes, Neuquén Province to Neltume, Panguipulli, Chile",,,0.36030381746880,284.77724668187500,-71.589,-40.152
"Directions from San Martín de los Andes, Neuquén Province to Neltume, Panguipulli, Chile",,,0.36068236733341,276.10023436340629,-71.589,-40.152
"Directions from San Martín de los Andes, Neuquén Province to Neltume, Panguipulli, Chile",,,0.36069236733340,275.39214893333587,-71.589,-40.152
"Directions from San Martín de los Andes, Neuquén Province to Neltume, Panguipulli, Chile",,,0.36090614291668,278.24744550329495,-71.589,-40.152
"Directions from San Martín de los Andes, Neuquén Province to Neltume, Panguipulli, Chile",,,0.36100664167288,270.65594389243137,-71.589,-40.152
"Directions from San Martín de los Andes, Neuquén Province to Neltume, Panguipulli, Chile",,,0.36257125025014,267.48584801838757,-71.591,-40.152
"Directions from San Martín de los Andes, Neuquén Province to Neltume, Panguipulli, Chile",,,0.36348130519352,272.85529656762907,-71.592,-40.152
"Directions from San Martín de los Andes, Neuquén Province to Neltume, Panguipulli, Chile",,,0.36357185904491,279.43449972605003,-71.592,-40.152
"Directions from San Martín de los Andes, Neuquén Province to Neltume, Panguipulli, Chile",,,0.36366405448948,285.48187826477948,-71.592,-40.152
"Directions from San Martín de los Andes, Neuquén Province to Neltume, Panguipulli, Chile",,,0.36372730004269,301.71747441044323,-71.592,-40.152
"Directions from San Martín de los Andes, Neuquén Province to Neltume, Panguipulli, Chile",,,0.36374144217831,307.98187826663542,-71.592,-40.152
"Directions from San Martín de los Andes, Neuquén Province to Neltume, Panguipulli, Chile",,,0.36379975169727,307.98187826663542,-71.592,-40.152
"Directions from San Martín de los Andes, Neuquén Province to Neltume, Panguipulli, Chile",,,0.36385632023976,326.59929526103559,-71.592,-40.152
"Directions from San Martín de los Andes, Neuquén Province to Neltume, Panguipulli, Chile",,,0.36391017188783,332.25426149178242,-71.592,-40.152
"Directions from San Martín de los Andes, Neuquén Province to Neltume, Panguipulli, Chile",,,0.36394622740058,320.65496623583573,-71.592,-40.152
"Directions from San Martín de los Andes, Neuquén Province to Neltume, Panguipulli, Chile",,,0.36397451167182,326.59929526163228,-71.592,-40.152
"Directions from San Martín de los Andes, Neuquén Province to Neltume, Panguipulli, Chile",,,0.36424376991218,332.25426149042181,-71.592,-40.152
"Directions from San Martín de los Andes, Neuquén Province to Neltume, Panguipulli, Chile",,,0.36427982542494,320.65496623387844,-71.592,-40.152
"Directions from San Martín de los Andes, Neuquén Province to Neltume, Panguipulli, Chile",,,0.36446367318805,307.49081968437952,-71.593,-40.151
"Directions from San Martín de los Andes, Neuquén Province to Neltume, Panguipulli, Chile",,,0.36476383980844,294.98237294726101,-71.593,-40.151
"Directions from San Martín de los Andes, Neuquén Province to Neltume, Panguipulli, Chile",,,0.36488088680754,283.55406143545349,-71.593,-40.151
"Directions from San Martín de los Andes, Neuquén Province to Neltume, Panguipulli, Chile",,,0.36496150938504,273.56250817257194,-71.593,-40.151
"Directions from San Martín de los Andes, Neuquén Province to Neltume, Panguipulli, Chile",,,0.36511150938503,264.34503376272892,-71.593,-40.151
"Directions from San Martín de los Andes, Neuquén Province to Neltume, Panguipulli, Chile",,,0.36526447997044,255.66802144517780,-71.593,-40.151
"Directions from San Martín de los Andes, Neuquén Province to Neltume, Panguipulli, Chile",,,0.36543211051658,256.59182657733572,-71.594,-40.151
"Directions from San Martín de los Andes, Neuquén Province to Neltume, Panguipulli, Chile",,,0.36549293814189,254.36813415241292,-71.594,-40.151
"Directions from San Martín de los Andes, Neuquén Province to Neltume, Panguipulli, Chile",,,0.36565449308610,245.81676966763001,-71.594,-40.151
"Directions from San Martín de los Andes, Neuquén Province to Neltume, Panguipulli, Chile",,,0.36578865716475,246.99745699620379,-71.594,-40.151
"Directions from San Martín de los Andes, Neuquén Province to Neltume, Panguipulli, Chile",,,0.36596893472852,247.67942076359296,-71.594,-40.152
"Directions from San Martín de los Andes, Neuquén Province to Neltume, Panguipulli, Chile",,,0.36615681767080,241.16384203266756,-71.594,-40.152
"Directions from San Martín de los Andes, Neuquén Province to Neltume, Panguipulli, Chile",,,0.36628720171891,233.30721224578184,-71.594,-40.152
"Directions from San Martín de los Andes, Neuquén Province to Neltume, Panguipulli, Chile",,,0.36648569605132,227.04280838915344,-71.594,-40.152
"Directions from San Martín de los Andes, Neuquén Province to Neltume, Panguipulli, Chile",,,0.36668368595005,228.65287976551744,-71.595,-40.152
"Directions from San Martín de los Andes, Neuquén Province to Neltume, Panguipulli, Chile",,,0.36723974350104,234.78526663040321,-71.595,-40.152
"Directions from San Martín de los Andes, Neuquén Province to Neltume, Panguipulli, Chile",,,0.36757260984057,239.75311656356411,-71.595,-40.152
"Directions from San Martín de los Andes, Neuquén Province to Neltume, Panguipulli, Chile",,,0.36778731894611,244.52143444307427,-71.595,-40.153
"Directions from San Martín de los Andes, Neuquén Province to Neltume, Panguipulli, Chile",,,0.36801579213928,241.55567098464951,-71.596,-40.153
"Directions from San Martín de los Andes, Neuquén Province to Neltume, Panguipulli, Chile",,,0.36805184765204,245.78318482336667,-71.596,-40.153
"Directions from San Martín de los Andes, Neuquén Province to Neltume, Panguipulli, Chile",,,0.36824831647909,262.62821858165916,-71.596,-40.153
"Directions from San Martín de los Andes, Neuquén Province to Neltume, Panguipulli, Chile",,,0.36825831647908,264.34503376338131,-71.596,-40.153
"Directions from San Martín de los Andes, Neuquén Province to Neltume, Panguipulli, Chile",,,0.36846227725963,241.84503376338131,-71.596,-40.153
"Directions from San Martín de los Andes, Neuquén Province to Neltume, Panguipulli, Chile",,,0.36847641939526,244.77983398454296,-71.596,-40.153
"Directions from San Martín de los Andes, Neuquén Province to Neltume, Panguipulli, Chile",,,0.36868736962635,253.99730838786175,-71.596,-40.153
"Directions from San Martín de los Andes, Neuquén Province to Neltume, Panguipulli, Chile",,,0.36870973030612,255.09380300822676,-71.596,-40.153
"Directions from San Martín de los Andes, Neuquén Province to Neltume, Panguipulli, Chile",,,0.37012199798613,263.22390537101342,-71.598,-40.153
"Directions from San Martín de los Andes, Neuquén Province to Neltume, Panguipulli, Chile",,,0.37023380138502,264.84757676610548,-71.598,-40.153
"Directions from San Martín de los Andes, Neuquén Province to Neltume, Panguipulli, Chile",,,0.37030380138501,264.34503376142413,-71.598,-40.153
"Directions from San Martín de los Andes, Neuquén Province to Neltume, Panguipulli, Chile",,,0.37035479158015,264.34503376142413,-71.598,-40.153
"Directions from San Martín de los Andes, Neuquén Province to Neltume, Panguipulli, Chile",,,0.37038479158014,260.78252558955677,-71.598,-40.153
"Directions from San Martín de los Andes, Neuquén Province to Neltume, Panguipulli, Chile",,,0.37044803713335,246.47729575618521,-71.598,-40.153
"Directions from San Martín de los Andes, Neuquén Province to Neltume, Panguipulli, Chile",,,0.37057333677420,238.84973640403001,-71.598,-40.153
"Directions from San Martín de los Andes, Neuquén Province to Neltume, Panguipulli, Chile",,,0.37071755882523,232.56200365430655,-71.598,-40.153
"Directions from San Martín de los Andes, Neuquén Province to Neltume, Panguipulli, Chile",,,0.37103646319961,235.98678265045129,-71.599,-40.153
"Directions from San Martín de los Andes, Neuquén Province to Neltume, Panguipulli, Chile",,,0.37196667822852,244.49019165989833,-71.599,-40.154
"Directions from San Martín de los Andes, Neuquén Province to Neltume, Panguipulli, Chile",,,0.37250380018860,250.89232469478347,-71.600,-40.154
"Directions from San Martín de los Andes, Neuquén Province to Neltume, Panguipulli, Chile",,,0.37254503124485,251.38258301090551,-71.600,-40.154
"Directions from San Martín de los Andes, Neuquén Province to Neltume, Panguipulli, Chile",,,0.37269734670697,251.38258300851075,-71.600,-40.154
"Directions from San Martín de los Andes, Neuquén Province to Neltume, Panguipulli, Chile",,,0.37286227093199,258.49556495866193,-71.600,-40.154
"Directions from San Martín de los Andes, Neuquén Province to Neltume, Panguipulli, Chile",,,0.37343933245385,263.16434643403238,-71.601,-40.154
"Directions from San Martín de los Andes, Neuquén Province to Neltume, Panguipulli, Chile",,,0.37417179405693,266.64588283492793,-71.602,-40.154
"Directions from San Martín de los Andes, Neuquén Province to Neltume, Panguipulli, Chile",,,0.37474214482619,276.96792104282991,-71.602,-40.154
"Directions from San Martín de los Andes, Neuquén Province to Neltume, Panguipulli, Chile",,,0.37481494592509,282.70385905442237,-71.602,-40.154
"Directions from San Martín de los Andes, Neuquén Province to Neltume, Panguipulli, Chile",,,0.37487577355040,282.35872045640713,-71.602,-40.154
"Directions from San Martín de los Andes, Neuquén Province to Neltume, Panguipulli, Chile",,,0.37510380863542,287.47898818195591,-71.602,-40.154
"Directions from San Martín de los Andes, Neuquén Province to Neltume, Panguipulli, Chile",,,0.37667584553066,302.35142885101743,-71.604,-40.154
"Directions from San Martín de los Andes, Neuquén Province to Neltume, Panguipulli, Chile",,,0.37668998766628,303.53394980147550,-71.604,-40.154
"Directions from San Martín de los Andes, Neuquén Province to Neltume, Panguipulli, Chile",,,0.37788773555295,295.65836294921991,-71.605,-40.153
"Directions from San Martín de los Andes, Neuquén Province to Neltume, Panguipulli, Chile",,,0.37817426652858,304.17134261236419,-71.605,-40.153
"Directions from San Martín de los Andes, Neuquén Province to Neltume, Panguipulli, Chile",,,0.37838042180986,313.02918963580095,-71.605,-40.153
"Directions from San Martín de los Andes, Neuquén Province to Neltume, Panguipulli, Chile",,,0.38106193257807,320.04731137024311,-71.607,-40.151
"Directions from San Martín de los Andes, Neuquén Province to Neltume, Panguipulli, Chile",,,0.38111193257807,319.60551327221066,-71.607,-40.151
"Directions from San Martín de los Andes, Neuquén Province to Neltume, Panguipulli, Chile",,,0.38186159917062,317.58327048344000,-71.608,-40.150
"Directions from San Martín de los Andes, Neuquén Province to Neltume, Panguipulli, Chile",,,0.38206009350303,317.76245320379377,-71.608,-40.150
"Directions from San Martín de los Andes, Neuquén Province to Neltume, Panguipulli, Chile",,,0.38346768009008,315.18918896892819,-71.609,-40.149
"Directions from San Martín de los Andes, Neuquén Province to Neltume, Panguipulli, Chile",,,0.38423148634822,311.70577407903227,-71.609,-40.149
"Directions from San Martín de los Andes, Neuquén Province to Neltume, Panguipulli, Chile",,,0.38489216781459,307.86314879324334,-71.610,-40.148
"Directions from San Martín de los Andes, Neuquén Province to Neltume, Panguipulli, Chile",,,0.38526418931935,304.84685347177879,-71.610,-40.148
"Directions from San Martín de los Andes, Neuquén Province to Neltume, Panguipulli, Chile",,,0.38589932709969,300.89741549545744,-71.611,-40.148
"Directions from San Martín de los Andes, Neuquén Province to Neltume, Panguipulli, Chile",,,0.38661521815284,296.46106655297194,-71.611,-40.147
"Directions from San Martín de los Andes, Neuquén Province to Neltume, Panguipulli, Chile",,,0.38700005578095,297.76546392724617,-71.612,-40.147
"Directions from San Martín de los Andes, Neuquén Province to Neltume, Panguipulli, Chile",,,0.38705836529988,296.38258301087797,-71.612,-40.147
"Directions from San Martín de los Andes, Neuquén Province to Neltume, Panguipulli, Chile",,,0.38721992024410,293.22409016949769,-71.612,-40.147
"Directions from San Martín de los Andes, Neuquén Province to Neltume, Panguipulli, Chile",,,0.38815512075736,282.32338542585387,-71.613,-40.147
"Directions from San Martín de los Andes, Neuquén Province to Neltume, Panguipulli, Chile",,,0.38817512075737,280.20494141693098,-71.613,-40.147
"Directions from San Martín de los Andes, Neuquén Province to Neltume, Panguipulli, Chile",,,0.38909272633713,288.50399361341675,-71.614,-40.146
"Directions from San Martín de los Andes, Neuquén Province to Neltume, Panguipulli, Chile",,,0.39017794520905,285.77837023327317,-71.615,-40.146
"Directions from San Martín de los Andes, Neuquén Province to Neltume, Panguipulli, Chile",,,0.39153389506063,282.41222150896448,-71.616,-40.146
"Directions from San Martín de los Andes, Neuquén Province to Neltume, Panguipulli, Chile",,,0.39176734741123,284.15037788262032,-71.616,-40.146
"Directions from San Martín de los Andes, Neuquén Province to Neltume, Panguipulli, Chile",,,0.39183059296444,283.94863551445599,-71.616,-40.146
"Directions from San Martín de los Andes, Neuquén Province to Neltume, Panguipulli, Chile",,,0.39195224821504,275.79170930230168,-71.617,-40.146
"Directions from San Martín de los Andes, Neuquén Province to Neltume, Panguipulli, Chile",,,0.39249261845849,273.86021786668869,-71.617,-40.146
"Directions from San Martín de los Andes, Neuquén Province to Neltume, Panguipulli, Chile",,,0.39300506357749,282.01714407375414,-71.618,-40.146
"Directions from San Martín de los Andes, Neuquén Province to Neltume, Panguipulli, Chile",,,0.39303668635410,283.94863550958723,-71.618,-40.146
"Directions from San Martín de los Andes, Neuquén Province to Neltume, Panguipulli, Chile",,,0.39364496260712,274.73116110423291,-71.618,-40.145
"Directions from San Martín de los Andes, Neuquén Province to Neltume, Panguipulli, Chile",,,0.39370496260713,315.00000000000000,-71.618,-40.145
"Directions from San Martín de los Andes, Neuquén Province to Neltume, Panguipulli, Chile",,,0.39371496260712,322.01812173516066,-71.618,-40.145
"Directions from San Martín de los Andes, Neuquén Province to Neltume, Panguipulli, Chile",,,0.39387988683214,287.29614434481294,-71.618,-40.145
"Directions from San Martín de los Andes, Neuquén Province to Neltume, Panguipulli, Chile",,,0.39456340713177,293.09852552101086,-71.619,-40.145
"Directions from San Martín de los Andes, Neuquén Province to Neltume, Panguipulli, Chile",,,0.39484071562426,297.22334808702266,-71.619,-40.145
"Directions from San Martín de los Andes, Neuquén Province to Neltume, Panguipulli, Chile",,,0.39975935364712,294.68086778526998,-71.624,-40.143
"Directions from San Martín de los Andes, Neuquén Province to Neltume, Panguipulli, Chile",,,0.40001567375948,285.67017154329807,-71.624,-40.143
"Directions from San Martín de los Andes, Neuquén Province to Neltume, Panguipulli, Chile",,,0.40022944934274,277.43495732333520,-71.624,-40.143
"Directions from San Martín de los Andes, Neuquén Province to Neltume, Panguipulli, Chile",,,0.40065051940817,271.67554787265607,-71.624,-40.142
"Directions from San Martín de los Andes, Neuquén Province to Neltume, Panguipulli, Chile",,,0.40143058350810,268.40921516181271,-71.625,-40.142
"Directions from San Martín de los Andes, Neuquén Province to Neltume, Panguipulli, Chile",,,0.40260165139682,268.77647567879956,-71.626,-40.143
"Directions from San Martín de los Andes, Neuquén Province to Neltume, Panguipulli, Chile",,,0.40284165139683,268.77647567879956,-71.627,-40.143
"Directions from San Martín de los Andes, Neuquén Province to Neltume, Panguipulli, Chile",,,0.40401271928555,268.16268626275411,-71.628,-40.143
"Directions from San Martín de los Andes, Neuquén Province to Neltume, Panguipulli, Chile",,,0.40681336206891,272.67718291184070,-71.631,-40.143
"Directions from San Martín de los Andes, Neuquén Province to Neltume, Panguipulli, Chile",,,0.40707508711547,273.29097232788615,-71.631,-40.143
"Directions from San Martín de los Andes, Neuquén Province to Neltume, Panguipulli, Chile",,,0.40711508711549,274.06505117697623,-71.631,-40.143
"Directions from San Martín de los Andes, Neuquén Province to Neltume, Panguipulli, Chile",,,0.40768077254043,279.59325766719621,-71.631,-40.143
"Directions from San Martín de los Andes, Neuquén Province to Neltume, Panguipulli, Chile",,,0.40856722614892,282.20831571249380,-71.632,-40.142
"Directions from San Martín de los Andes, Neuquén Province to Neltume, Panguipulli, Chile",,,0.40938947915135,284.65280717284503,-71.633,-40.142
"Directions from San Martín de los Andes, Neuquén Province to Neltume, Panguipulli, Chile",,,0.40989908684359,290.36026823468927,-71.634,-40.142
"Directions from San Martín de los Andes, Neuquén Province to Neltume, Panguipulli, Chile",,,0.41004226505423,297.26001093305894,-71.634,-40.142
"Directions from San Martín de los Andes, Neuquén Province to Neltume, Panguipulli, Chile",,,0.41020351020920,302.64127954472173,-71.634,-40.142
"Directions from San Martín de los Andes, Neuquén Province to Neltume, Panguipulli, Chile",,,0.41054760321988,301.99030320829041,-71.634,-40.142
"Directions from San Martín de los Andes, Neuquén Province to Neltume, Panguipulli, Chile",,,0.41082055010115,294.21301757256799,-71.634,-40.142
"Directions from San Martín de los Andes, Neuquén Province to Neltume, Panguipulli, Chile",,,0.41093759710026,283.66774293987964,-71.635,-40.142
"Directions from San Martín de los Andes, Neuquén Province to Neltume, Panguipulli, Chile",,,0.41125016709242,273.28907959750580,-71.635,-40.141
"Directions from San Martín de los Andes, Neuquén Province to Neltume, Panguipulli, Chile",,,0.41199023465690,271.99471076192469,-71.636,-40.141
"Directions from San Martín de los Andes, Neuquén Province to Neltume, Panguipulli, Chile",,,0.41211065060270,272.38182084424005,-71.636,-40.141
"Directions from San Martín de los Andes, Neuquén Province to Neltume, Panguipulli, Chile",,,0.41223065060269,274.73116110401281,-71.636,-40.141
"Directions from San Martín de los Andes, Neuquén Province to Neltume, Panguipulli, Chile",,,0.41235230585329,274.73116110401281,-71.636,-40.141
"Directions from San Martín de los Andes, Neuquén Province to Neltume, Panguipulli, Chile",,,0.41238230585330,279.21747441227524,-71.636,-40.141
"Directions from San Martín de los Andes, Neuquén Province to Neltume, Panguipulli, Chile",,,0.41254041973630,296.06250817056764,-71.636,-40.141
"Directions from San Martín de los Andes, Neuquén Province to Neltume, Panguipulli, Chile",,,0.41257647524907,298.15496623303534,-71.636,-40.141
"Directions from San Martín de los Andes, Neuquén Province to Neltume, Panguipulli, Chile",,,0.41270647524906,302.17468851292750,-71.636,-40.141
"Directions from San Martín de los Andes, Neuquén Province to Neltume, Panguipulli, Chile",,,0.41320225745931,314.95467109861778,-71.637,-40.141
"Directions from San Martín de los Andes, Neuquén Province to Neltume, Panguipulli, Chile",,,0.41345720843499,321.07622836832149,-71.637,-40.141
"Directions from San Martín de los Andes, Neuquén Province to Neltume, Panguipulli, Chile",,,0.41359322314008,328.03767779219442,-71.637,-40.141
"Directions from San Martín de los Andes, Neuquén Province to Neltume, Panguipulli, Chile",,,0.41378557698069,344.46144942387298,-71.637,-40.141
"Directions from San Martín de los Andes, Neuquén Province to Neltume, Panguipulli, Chile",,,0.41396585454447,349.19261052607027,-71.637,-40.140
"Directions from San Martín de los Andes, Neuquén Province to Neltume, Panguipulli, Chile",,,0.41399747732107,354.57984727204359,-71.637,-40.140
"Directions from San Martín de los Andes, Neuquén Province to Neltume, Panguipulli, Chile",,,0.41414880478057,5.99667436267874,-71.637,-40.140
"Directions from San Martín de los Andes, Neuquén Province to Neltume, Panguipulli, Chile",,,0.41453995692489,6.02467815482716,-71.637,-40.140
"Directions from San Martín de los Andes, Neuquén Province to Neltume, Panguipulli, Chile",,,0.41521597467613,3.82532547768862,-71.637,-40.139
"Directions from San Martín de los Andes, Neuquén Province to Neltume, Panguipulli, Chile",,,0.41538597467613,346.71747442367439,-71.637,-40.139
"Directions from San Martín de los Andes, Neuquén Province to Neltume, Panguipulli, Chile",,,0.41540833535590,342.34439329098473,-71.637,-40.139
"Directions from San Martín de los Andes, Neuquén Province to Neltume, Panguipulli, Chile",,,0.41553986482028,343.40494147738099,-71.637,-40.139
"Directions from San Martín de los Andes, Neuquén Province to Neltume, Panguipulli, Chile",,,0.41566069528002,327.32083100000636,-71.637,-40.139
"Directions from San Martín de los Andes, Neuquén Province to Neltume, Panguipulli, Chile",,,0.41585918961243,312.55649508116721,-71.637,-40.139
"Directions from San Martín de los Andes, Neuquén Province to Neltume, Panguipulli, Chile",,,0.41599520431752,310.51368669462403,-71.637,-40.138
"Directions from San Martín de los Andes, Neuquén Province to Neltume, Panguipulli, Chile",,,0.41603763072439,307.62821858579002,-71.637,-40.138
"Directions from San Martín de los Andes, Neuquén Province to Neltume, Panguipulli, Chile",,,0.41617655516429,295.33315999917369,-71.637,-40.138
"Directions from San Martín de los Andes, Neuquén Province to Neltume, Panguipulli, Chile",,,0.41663535795417,292.12431150829764,-71.638,-40.138
"Directions from San Martín de los Andes, Neuquén Province to Neltume, Panguipulli, Chile",,,0.41710546432511,296.59824686340022,-71.638,-40.138
"Directions from San Martín de los Andes, Neuquén Province to Neltume, Panguipulli, Chile",,,0.41728903992261,302.44771566704082,-71.638,-40.138
"Directions from San Martín de los Andes, Neuquén Province to Neltume, Panguipulli, Chile",,,0.41754710968063,307.54867287979647,-71.639,-40.138
"Directions from San Martín de los Andes, Neuquén Province to Neltume, Panguipulli, Chile",,,0.41784543835843,312.86440364919838,-71.639,-40.138
"Directions from San Martín de los Andes, Neuquén Province to Neltume, Panguipulli, Chile",,,0.41819199282745,320.07088297184703,-71.639,-40.137
"Directions from San Martín de los Andes, Neuquén Province to Neltume, Panguipulli, Chile",,,0.41873605164780,322.31605422733821,-71.639,-40.137
"Directions from San Martín de los Andes, Neuquén Province to Neltume, Panguipulli, Chile",,,0.41952478480927,318.60381976951430,-71.640,-40.136
"Directions from San Martín de los Andes, Neuquén Province to Neltume, Panguipulli, Chile",,,0.42004823490240,321.32094035520424,-71.640,-40.136
"Directions from San Martín de los Andes, Neuquén Province to Neltume, Panguipulli, Chile",,,0.42078321789541,331.23217264043569,-71.641,-40.135
"Directions from San Martín de los Andes, Neuquén Province to Neltume, Panguipulli, Chile",,,0.42200571533917,334.76166407787053,-71.641,-40.134
"Directions from San Martín de los Andes, Neuquén Province to Neltume, Panguipulli, Chile",,,0.42291356995307,337.35887854189662,-71.642,-40.133
"Directions from San Martín de los Andes, Neuquén Province to Neltume, Panguipulli, Chile",,,0.42294519272967,334.32990413697456,-71.642,-40.133
"Directions from San Martín de los Andes, Neuquén Province to Neltume, Panguipulli, Chile",,,0.42355264643162,324.32052392993722,-71.642,-40.133
"Directions from San Martín de los Andes, Neuquén Province to Neltume, Panguipulli, Chile",,,0.42398681229854,319.26061239673356,-71.642,-40.132
"Directions from San Martín de los Andes, Neuquén Province to Neltume, Panguipulli, Chile",,,0.42419199514383,311.25630590131647,-71.642,-40.132
"Directions from San Martín de los Andes, Neuquén Province to Neltume, Panguipulli, Chile",,,0.42453608815451,302.55775823698292,-71.643,-40.132
"Directions from San Martín de los Andes, Neuquén Province to Neltume, Panguipulli, Chile",,,0.42496152910223,301.89677040682795,-71.643,-40.132
"Directions from San Martín de los Andes, Neuquén Province to Neltume, Panguipulli, Chile",,,0.42526385343139,310.24436607589456,-71.643,-40.132
"Directions from San Martín de los Andes, Neuquén Province to Neltume, Panguipulli, Chile",,,0.42558213004064,319.70156618713662,-71.643,-40.132
"Directions from San Martín de los Andes, Neuquén Province to Neltume, Panguipulli, Chile",,,0.42588213004065,332.34757676646996,-71.644,-40.131
"Directions from San Martín de los Andes, Neuquén Province to Neltume, Panguipulli, Chile",,,0.42610348947685,343.76440385545664,-71.644,-40.131
"Directions from San Martín de los Andes, Neuquén Province to Neltume, Panguipulli, Chile",,,0.42643333792691,342.70385565319827,-71.644,-40.131
"Directions from San Martín de los Andes, Neuquén Province to Neltume, Panguipulli, Chile",,,0.42651877796436,335.04310061552690,-71.644,-40.131
"Directions from San Martín de los Andes, Neuquén Province to Neltume, Panguipulli, Chile",,,0.42670235356187,336.10364881516824,-71.644,-40.131
"Directions from San Martín de los Andes, Neuquén Province to Neltume, Panguipulli, Chile",,,0.42673397633847,328.72322758525689,-71.644,-40.130
"Directions from San Martín de los Andes, Neuquén Province to Neltume, Panguipulli, Chile",,,0.42719365013584,321.42876822096247,-71.644,-40.130
"Directions from San Martín de los Andes, Neuquén Province to Neltume, Panguipulli, Chile",,,0.42743218734468,337.28435695818251,-71.644,-40.130
"Directions from San Martín de los Andes, Neuquén Province to Neltume, Panguipulli, Chile",,,0.42794414437413,350.62619486351497,-71.644,-40.129
"Directions from San Martín de los Andes, Neuquén Province to Neltume, Panguipulli, Chile",,,0.42821580592828,347.68179493094794,-71.644,-40.129
"Directions from San Martín de los Andes, Neuquén Province to Neltume, Panguipulli, Chile",,,0.42952183043034,340.09394844863607,-71.645,-40.128
"Directions from San Martín de los Andes, Neuquén Province to Neltume, Panguipulli, Chile",,,0.43063973024696,334.87215999954839,-71.645,-40.127
"Directions from San Martín de los Andes, Neuquén Province to Neltume, Panguipulli, Chile",,,0.43099328363755,323.13010235339357,-71.645,-40.127
"Directions from San Martín de los Andes, Neuquén Province to Neltume, Panguipulli, Chile",,,0.43114884712942,310.93494882253958,-71.646,-40.126
"Directions from San Martín de los Andes, Neuquén Province to Neltume, Panguipulli, Chile",,,0.43129884712942,299.18566598554816,-71.646,-40.126
"Directions from San Martín de los Andes, Neuquén Province to Neltume, Panguipulli, Chile",,,0.43236289600048,294.78696062916453,-71.647,-40.126
"Directions from San Martín de los Andes, Neuquén Province to Neltume, Panguipulli, Chile",,,0.43253289600048,306.53624347217016,-71.647,-40.126
"Directions from San Martín de los Andes, Neuquén Province to Neltume, Panguipulli, Chile",,,0.43256118027172,309.34503376768731,-71.647,-40.126
"Directions from San Martín de los Andes, Neuquén Province to Neltume, Panguipulli, Chile",,,0.43270540232275,312.16037514179999,-71.647,-40.126
"Directions from San Martín de los Andes, Neuquén Province to Neltume, Panguipulli, Chile",,,0.43320988225296,324.83346311256611,-71.647,-40.125
"Directions from San Martín de los Andes, Neuquén Province to Neltume, Panguipulli, Chile",,,0.43332650129087,327.39939034497866,-71.647,-40.125
"Directions from San Martín de los Andes, Neuquén Province to Neltume, Panguipulli, Chile",,,0.43419742034566,328.44505652452591,-71.648,-40.125
"Directions from San Martín de los Andes, Neuquén Province to Neltume, Panguipulli, Chile",,,0.43541930413719,329.32819176856515,-71.648,-40.124
"Directions from San Martín de los Andes, Neuquén Province to Neltume, Panguipulli, Chile",,,0.43554968818529,330.48187826304331,-71.648,-40.123
"Directions from San Martín de los Andes, Neuquén Province to Neltume, Panguipulli, Chile",,,0.43561677022461,328.94863551112763,-71.649,-40.123
"Directions from San Martín de los Andes, Neuquén Province to Neltume, Panguipulli, Chile",,,0.43570279347729,317.34934025844484,-71.649,-40.123
"Directions from San Martín de los Andes, Neuquén Province to Neltume, Panguipulli, Chile",,,0.43587308734094,303.11985207726599,-71.649,-40.123
"Directions from San Martín de los Andes, Neuquén Province to Neltume, Panguipulli, Chile",,,0.43632926713005,291.35129503959308,-71.649,-40.123
"Directions from San Martín de los Andes, Neuquén Province to Neltume, Panguipulli, Chile",,,0.43737329778095,288.91198168996061,-71.650,-40.123
"Directions from San Martín de los Andes, Neuquén Province to Neltume, Panguipulli, Chile",,,0.43784499683755,287.58048130928444,-71.651,-40.123
"Directions from San Martín de los Andes, Neuquén Province to Neltume, Panguipulli, Chile",,,0.43788622789380,287.98291561137478,-71.651,-40.123
"Directions from San Martín de los Andes, Neuquén Province to Neltume, Panguipulli, Chile",,,0.43871628813258,293.63788184580591,-71.651,-40.122
"Directions from San Martín de los Andes, Neuquén Province to Neltume, Panguipulli, Chile",,,0.43892652609300,297.96270140697135,-71.652,-40.122
"Directions from San Martín de los Andes, Neuquén Province to Neltume, Panguipulli, Chile",,,0.43918206473979,302.04133192742580,-71.652,-40.122
"Directions from San Martín de los Andes, Neuquén Province to Neltume, Panguipulli, Chile",,,0.44088500337637,307.05236581159051,-71.653,-40.121
"Directions from San Martín de los Andes, Neuquén Province to Neltume, Panguipulli, Chile",,,0.44097719882095,305.59026075721488,-71.653,-40.121
"Directions from San Martín de los Andes, Neuquén Province to Neltume, Panguipulli, Chile",,,0.44123273746774,298.57213902540690,-71.653,-40.121
"Directions from San Martín de los Andes, Neuquén Province to Neltume, Panguipulli, Chile",,,0.44147870494526,294.80817604690816,-71.654,-40.121
"Directions from San Martín de los Andes, Neuquén Province to Neltume, Panguipulli, Chile",,,0.44198948865682,291.44171538329437,-71.654,-40.121
"Directions from San Martín de los Andes, Neuquén Province to Neltume, Panguipulli, Chile",,,0.44263794837030,279.91606492492525,-71.655,-40.120
"Directions from San Martín de los Andes, Neuquén Province to Neltume, Panguipulli, Chile",,,0.44266794837030,280.31877349229882,-71.655,-40.120
"Directions from San Martín de los Andes, Neuquén Province to Neltume, Panguipulli, Chile",,,0.44349074846753,288.29147144314430,-71.656,-40.120
"Directions from San Martín de los Andes, Neuquén Province to Neltume, Panguipulli, Chile",,,0.44356354956642,288.08512766633851,-71.656,-40.120
"Directions from San Martín de los Andes, Neuquén Province to Neltume, Panguipulli, Chile",,,0.44477845697030,287.82351037542463,-71.657,-40.120
"Directions from San Martín de los Andes, Neuquén Province to Neltume, Panguipulli, Chile",,,0.44507928914942,283.21285108586693,-71.657,-40.120
"Directions from San Martín de los Andes, Neuquén Province to Neltume, Panguipulli, Chile",,,0.44544603156584,278.85668882960533,-71.657,-40.119
"Directions from San Martín de los Andes, Neuquén Province to Neltume, Panguipulli, Chile",,,0.44578837642122,269.28986722496364,-71.658,-40.119
"Directions from San Martín de los Andes, Neuquén Province to Neltume, Panguipulli, Chile",,,0.44585908709934,265.93494882129357,-71.658,-40.119
"Directions from San Martín de los Andes, Neuquén Province to Neltume, Panguipulli, Chile",,,0.44617908709934,267.64607387778312,-71.658,-40.119
"Directions from San Martín de los Andes, Neuquén Province to Neltume, Panguipulli, Chile",,,0.44703196458175,267.64607387778312,-71.659,-40.119
"Directions from San Martín de los Andes, Neuquén Province to Neltume, Panguipulli, Chile",,,0.44730196458175,274.73116110566326,-71.659,-40.119
"Directions from San Martín de los Andes, Neuquén Province to Neltume, Panguipulli, Chile",,,0.44742361983235,282.70385905497250,-71.659,-40.119
"Directions from San Martín de los Andes, Neuquén Province to Neltume, Panguipulli, Chile",,,0.44749642093125,291.25522353784822,-71.659,-40.119
"Directions from San Martín de los Andes, Neuquén Province to Neltume, Panguipulli, Chile",,,0.44758586365035,300.12755934996306,-71.660,-40.119
"Directions from San Martín de los Andes, Neuquén Province to Neltume, Panguipulli, Chile",,,0.44765797467586,307.43799634499942,-71.660,-40.119
"Directions from San Martín de los Andes, Neuquén Province to Neltume, Panguipulli, Chile",,,0.44776427613398,316.65547075927890,-71.660,-40.119
"Directions from San Martín de los Andes, Neuquén Province to Neltume, Panguipulli, Chile",,,0.44787829367649,329.70530199913861,-71.660,-40.119
"Directions from San Martín de los Andes, Neuquén Province to Neltume, Panguipulli, Chile",,,0.44834444815732,339.24285124366293,-71.660,-40.119
"Directions from San Martín de los Andes, Neuquén Province to Neltume, Panguipulli, Chile",,,0.44884093582082,335.23231356934463,-71.660,-40.118
"Directions from San Martín de los Andes, Neuquén Province to Neltume, Panguipulli, Chile",,,0.44970186555082,330.71321555052737,-71.661,-40.118
"Directions from San Martín de los Andes, Neuquén Province to Neltume, Panguipulli, Chile",,,0.45171482357323,328.73338263599709,-71.661,-40.116
"Directions from San Martín de los Andes, Neuquén Province to Neltume, Panguipulli, Chile",,,0.45203105133925,323.32251910704508,-71.662,-40.116
"Directions from San Martín de los Andes, Neuquén Province to Neltume, Panguipulli, Chile",,,0.45241523879350,319.92186169500275,-71.662,-40.115
"Directions from San Martín de los Andes, Neuquén Province to Neltume, Panguipulli, Chile",,,0.45345663209095,323.24907421873121,-71.663,-40.114
"Directions from San Martín de los Andes, Neuquén Province to Neltume, Panguipulli, Chile",,,0.45355097190228,343.99730839618695,-71.663,-40.114
"Directions from San Martín de los Andes, Neuquén Province to Neltume, Panguipulli, Chile",,,0.45357097190228,350.78252558548570,-71.663,-40.114
"Directions from San Martín de los Andes, Neuquén Province to Neltume, Panguipulli, Chile",,,0.45363421745548,344.73514704797259,-71.663,-40.114
"Directions from San Martín de los Andes, Neuquén Province to Neltume, Panguipulli, Chile",,,0.45377739566611,344.73514705160750,-71.663,-40.114
"Directions from San Martín de los Andes, Neuquén Province to Neltume, Panguipulli, Chile",,,0.45399875510232,339.65801376076661,-71.663,-40.114
"Directions from San Martín de los Andes, Neuquén Province to Neltume, Panguipulli, Chile",,,0.45423645238881,333.39360990022101,-71.663,-40.114
"Directions from San Martín de los Andes, Neuquén Province to Neltume, Panguipulli, Chile",,,0.45429476190775,324.28700798294625,-71.663,-40.114
"Directions from San Martín de los Andes, Neuquén Province to Neltume, Panguipulli, Chile",,,0.45474163996718,321.33393743043149,-71.663,-40.113
"Directions from San Martín de los Andes, Neuquén Province to Neltume, Panguipulli, Chile",,,0.45494163996719,314.72846415241747,-71.663,-40.113
"Directions from San Martín de los Andes, Neuquén Province to Neltume, Panguipulli, Chile",,,0.45536365892410,301.44593856489621,-71.664,-40.113
"Directions from San Martín de los Andes, Neuquén Province to Neltume, Panguipulli, Chile",,,0.45560962640163,300.89132207275287,-71.664,-40.113
"Directions from San Martín de los Andes, Neuquén Province to Neltume, Panguipulli, Chile",,,0.45602579944255,312.01583390135903,-71.664,-40.113
"Directions from San Martín de los Andes, Neuquén Province to Neltume, Panguipulli, Chile",,,0.45793922568885,326.12451182453503,-71.665,-40.111
"Directions from San Martín de los Andes, Neuquén Province to Neltume, Panguipulli, Chile",,,0.45796158636863,327.77998258168418,-71.665,-40.111
"Directions from San Martín de los Andes, Neuquén Province to Neltume, Panguipulli, Chile",,,0.45818962145365,328.84053078366782,-71.666,-40.111
"Directions from San Martín de los Andes, Neuquén Province to Neltume, Panguipulli, Chile",,,0.45843128237312,339.80532466198463,-71.666,-40.111
"Directions from San Martín de los Andes, Neuquén Province to Neltume, Panguipulli, Chile",,,0.45850408347201,351.17662474967887,-71.666,-40.111
"Directions from San Martín de los Andes, Neuquén Province to Neltume, Panguipulli, Chile",,,0.45951452891834,355.72793599129812,-71.666,-40.110
"Directions from San Martín de los Andes, Neuquén Province to Neltume, Panguipulli, Chile",,,0.45976632248458,354.73292030172189,-71.666,-40.109
"Directions from San Martín de los Andes, Neuquén Province to Neltume, Panguipulli, Chile",,,0.46007696697592,348.93683259348609,-71.666,-40.109
"Directions from San Martín de los Andes, Neuquén Province to Neltume, Panguipulli, Chile",,,0.46020345808233,337.49999999989819,-71.666,-40.109
"Directions from San Martín de los Andes, Neuquén Province to Neltume, Panguipulli, Chile",,,0.46031526148120,301.71747441390369,-71.666,-40.109
"Directions from San Martín de los Andes, Neuquén Province to Neltume, Panguipulli, Chile",,,0.46032526148120,296.56505117658946,-71.666,-40.109
"Directions from San Martín de los Andes, Neuquén Province to Neltume, Panguipulli, Chile",,,0.46057526148120,319.81876905594174,-71.666,-40.109
"Directions from San Martín de los Andes, Neuquén Province to Neltume, Panguipulli, Chile",,,0.46111284868344,320.00806953766028,-71.666,-40.108
"Directions from San Martín de los Andes, Neuquén Province to Neltume, Panguipulli, Chile",,,0.46292888833057,326.69748508240855,-71.668,-40.107
"Directions from San Martín de los Andes, Neuquén Province to Neltume, Panguipulli, Chile",,,0.46350690217124,333.49785759580578,-71.668,-40.106
"Directions from San Martín de los Andes, Neuquén Province to Neltume, Panguipulli, Chile",,,0.46399536916091,339.33724976160124,-71.668,-40.106
"Directions from San Martín de los Andes, Neuquén Province to Neltume, Panguipulli, Chile",,,0.46418510582052,346.05136448441613,-71.668,-40.106
"Directions from San Martín de los Andes, Neuquén Province to Neltume, Panguipulli, Chile",,,0.46436758869643,358.94502857434128,-71.668,-40.105
"Directions from San Martín de los Andes, Neuquén Province to Neltume, Panguipulli, Chile",,,0.46468015868859,11.26910831103404,-71.668,-40.105
"Directions from San Martín de los Andes, Neuquén Province to Neltume, Panguipulli, Chile",,,0.46540548620083,8.46077092595720,-71.668,-40.104
"Directions from San Martín de los Andes, Neuquén Province to Neltume, Panguipulli, Chile",,,0.46573563768121,353.15677163564487,-71.668,-40.104
"Directions from San Martín de los Andes, Neuquén Province to Neltume, Panguipulli, Chile",,,0.46603646986034,336.48516821585417,-71.668,-40.104
"Directions from San Martín de los Andes, Neuquén Province to Neltume, Panguipulli, Chile",,,0.46618911323557,322.68371588107152,-71.668,-40.104
"Directions from San Martín de los Andes, Neuquén Province to Neltume, Panguipulli, Chile",,,0.46659947892613,312.67120969824452,-71.668,-40.103
"Directions from San Martín de los Andes, Neuquén Province to Neltume, Panguipulli, Chile",,,0.46721168804074,309.68828614363474,-71.669,-40.103
"Directions from San Martín de los Andes, Neuquén Province to Neltume, Panguipulli, Chile",,,0.46751648305382,305.98642171728835,-71.669,-40.103
"Directions from San Martín de los Andes, Neuquén Province to Neltume, Panguipulli, Chile",,,0.46792464968647,295.59430798119047,-71.669,-40.103
"Directions from San Martín de los Andes, Neuquén Province to Neltume, Panguipulli, Chile",,,0.46832961882108,286.76171488089324,-71.670,-40.102
"Directions from San Martín de los Andes, Neuquén Province to Neltume, Panguipulli, Chile",,,0.46889477366713,289.93181075402191,-71.670,-40.102
"Directions from San Martín de los Andes, Neuquén Province to Neltume, Panguipulli, Chile",,,0.46898421638622,291.25522353938447,-71.670,-40.102
"Directions from San Martín de los Andes, Neuquén Province to Neltume, Panguipulli, Chile",,,0.46905701748511,290.57325977242965,-71.670,-40.102
"Directions from San Martín de los Andes, Neuquén Province to Neltume, Panguipulli, Chile",,,0.46924490042740,301.93046594978767,-71.671,-40.102
"Directions from San Martín de los Andes, Neuquén Province to Neltume, Panguipulli, Chile",,,0.46943699415452,314.02925680474334,-71.671,-40.102
"Directions from San Martín de los Andes, Neuquén Province to Neltume, Panguipulli, Chile",,,0.46962138504367,323.11009684692783,-71.671,-40.102
"Directions from San Martín de los Andes, Neuquén Province to Neltume, Panguipulli, Chile",,,0.46993202953501,321.57685409754288,-71.671,-40.102
"Directions from San Martín de los Andes, Neuquén Province to Neltume, Panguipulli, Chile",,,0.47023616766152,314.53287988501353,-71.671,-40.101
"Directions from San Martín de los Andes, Neuquén Province to Neltume, Panguipulli, Chile",,,0.47291820047265,304.64929554639764,-71.673,-40.100
"Directions from San Martín de los Andes, Neuquén Province to Neltume, Panguipulli, Chile",,,0.47294056115244,308.95262146050101,-71.673,-40.100
"Directions from San Martín de los Andes, Neuquén Province to Neltume, Panguipulli, Chile",,,0.47300459239481,315.64887033718435,-71.673,-40.100
"Directions from San Martín de los Andes, Neuquén Province to Neltume, Panguipulli, Chile",,,0.47348729313025,307.05862173880377,-71.674,-40.099
"Directions from San Martín de los Andes, Neuquén Province to Neltume, Panguipulli, Chile",,,0.47382567161656,309.57984727358132,-71.674,-40.099
"Directions from San Martín de los Andes, Neuquén Province to Neltume, Panguipulli, Chile",,,0.47383981375219,305.78252558772476,-71.674,-40.099
"Directions from San Martín de los Andes, Neuquén Province to Neltume, Panguipulli, Chile",,,0.47406342054994,295.06818924543995,-71.674,-40.099
"Directions from San Martín de los Andes, Neuquén Province to Neltume, Panguipulli, Chile",,,0.47688919478013,291.00313807019393,-71.677,-40.098
"Directions from San Martín de los Andes, Neuquén Province to Neltume, Panguipulli, Chile",,,0.47695244033333,291.14162872074445,-71.677,-40.098
"Directions from San Martín de los Andes, Neuquén Province to Neltume, Panguipulli, Chile",,,0.47949994892016,297.40603257370373,-71.679,-40.097
"Directions from San Martín de los Andes, Neuquén Province to Neltume, Panguipulli, Chile",,,0.47979149651491,315.60943761759324,-71.679,-40.097
"Directions from San Martín de los Andes, Neuquén Province to Neltume, Panguipulli, Chile",,,0.47987211909239,326.10403808633765,-71.679,-40.097
"Directions from San Martín de los Andes, Neuquén Province to Neltume, Panguipulli, Chile",,,0.48016418072972,315.30638286023446,-71.680,-40.096
"Directions from San Martín de los Andes, Neuquén Province to Neltume, Panguipulli, Chile",,,0.48022821197210,311.82990412605204,-71.680,-40.096
"Directions from San Martín de los Andes, Neuquén Province to Neltume, Panguipulli, Chile",,,0.48029892265022,307.98187826693476,-71.680,-40.096
"Directions from San Martín de los Andes, Neuquén Province to Neltume, Panguipulli, Chile",,,0.48041554168811,298.76440385547380,-71.680,-40.096
"Directions from San Martín de los Andes, Neuquén Province to Neltume, Panguipulli, Chile",,,0.48061678780608,293.56054819749420,-71.680,-40.096
"Directions from San Martín de los Andes, Neuquén Province to Neltume, Panguipulli, Chile",,,0.48078766788099,287.98910326888682,-71.680,-40.096
"Directions from San Martín de los Andes, Neuquén Province to Neltume, Panguipulli, Chile",,,0.48108850006012,277.71108065993167,-71.680,-40.096
"Directions from San Martín de los Andes, Neuquén Province to Neltume, Panguipulli, Chile",,,0.48111850006013,276.62025995746012,-71.680,-40.096
"Directions from San Martín de los Andes, Neuquén Province to Neltume, Panguipulli, Chile",,,0.48129314255209,281.00916865042126,-71.681,-40.096
"Directions from San Martín de los Andes, Neuquén Province to Neltume, Panguipulli, Chile",,,0.48266926027962,280.79104172584442,-71.682,-40.096
"Directions from San Martín de los Andes, Neuquén Province to Neltume, Panguipulli, Chile",,,0.48312048084652,284.53223538743009,-71.682,-40.096
"Directions from San Martín de los Andes, Neuquén Province to Neltume, Panguipulli, Chile",,,0.48337048084651,288.12165561460529,-71.683,-40.096
"Directions from San Martín de los Andes, Neuquén Province to Neltume, Panguipulli, Chile",,,0.48348752784563,293.87082356076507,-71.683,-40.096
"Directions from San Martín de los Andes, Neuquén Province to Neltume, Panguipulli, Chile",,,0.48370223695117,303.78205584750663,-71.683,-40.095
"Directions from San Martín de los Andes, Neuquén Province to Neltume, Panguipulli, Chile",,,0.48378033944792,321.62025995418986,-71.683,-40.095
"Directions from San Martín de los Andes, Neuquén Province to Neltume, Panguipulli, Chile",,,0.48380270012769,326.26028279799732,-71.683,-40.095
"Directions from San Martín de los Andes, Neuquén Province to Neltume, Panguipulli, Chile",,,0.48400119446011,326.26028279799732,-71.683,-40.095
"Directions from San Martín de los Andes, Neuquén Province to Neltume, Panguipulli, Chile",,,0.48402355513988,326.21293095726213,-71.683,-40.095
"Directions from San Martín de los Andes, Neuquén Province to Neltume, Panguipulli, Chile",,,0.48432835015296,316.99545654885441,-71.683,-40.095
"Directions from San Martín de los Andes, Neuquén Province to Neltume, Panguipulli, Chile",,,0.48446977150920,305.47114774382192,-71.683,-40.095
"Directions from San Martín de los Andes, Neuquén Province to Neltume, Panguipulli, Chile",,,0.48488123232143,293.01876334086325,-71.684,-40.095
"Directions from San Martín de los Andes, Neuquén Province to Neltume, Panguipulli, Chile",,,0.48619096511860,293.33014118049152,-71.685,-40.094
"Directions from San Martín de los Andes, Neuquén Province to Neltume, Panguipulli, Chile",,,0.48623568647816,290.94328062198201,-71.685,-40.094
"Directions from San Martín de los Andes, Neuquén Province to Neltume, Panguipulli, Chile",,,0.48699258805696,282.86461069377555,-71.686,-40.094
"Directions from San Martín de los Andes, Neuquén Province to Neltume, Panguipulli, Chile",,,0.48749078480524,277.40320833387892,-71.686,-40.094
"Directions from San Martín de los Andes, Neuquén Province to Neltume, Panguipulli, Chile",,,0.48788193694956,270.51612234593773,-71.687,-40.094
"Directions from San Martín de los Andes, Neuquén Province to Neltume, Panguipulli, Chile",,,0.48822252467688,268.31676966832021,-71.687,-40.094
"Directions from San Martín de los Andes, Neuquén Province to Neltume, Panguipulli, Chile",,,0.48874252467687,274.06505117687448,-71.688,-40.094
"Directions from San Martín de los Andes, Neuquén Province to Neltume, Panguipulli, Chile",,,0.48902536738935,283.28252558799619,-71.688,-40.094
"Directions from San Martín de los Andes, Neuquén Province to Neltume, Panguipulli, Chile",,,0.48921510404896,292.49999999966070,-71.688,-40.094
"Directions from San Martín de los Andes, Neuquén Province to Neltume, Panguipulli, Chile",,,0.48923746472874,300.53678708221122,-71.688,-40.094
"Directions from San Martín de los Andes, Neuquén Province to Neltume, Panguipulli, Chile",,,0.48962579448552,308.83045636101349,-71.688,-40.094
"Directions from San Martín de los Andes, Neuquén Province to Neltume, Panguipulli, Chile",,,0.48984511160751,317.98384164078618,-71.689,-40.093
"Directions from San Martín de los Andes, Neuquén Province to Neltume, Panguipulli, Chile",,,0.49020911710197,309.69017236198385,-71.689,-40.093
"Directions from San Martín de los Andes, Neuquén Province to Neltume, Panguipulli, Chile",,,0.49023147778175,307.68956300559410,-71.689,-40.093
"Directions from San Martín de los Andes, Neuquén Province to Neltume, Panguipulli, Chile",,,0.49044408069801,314.30982296318768,-71.689,-40.093
"Directions from San Martín de los Andes, Neuquén Province to Neltume, Panguipulli, Chile",,,0.49060028569152,305.90547715026588,-71.689,-40.093
"Directions from San Martín de los Andes, Neuquén Province to Neltume, Panguipulli, Chile",,,0.49107198474813,299.28521719267223,-71.689,-40.093
"Directions from San Martín de los Andes, Neuquén Province to Neltume, Panguipulli, Chile",,,0.49113906678746,299.32361916652968,-71.689,-40.093
"Directions from San Martín de los Andes, Neuquén Province to Neltume, Panguipulli, Chile",,,0.49192982591639,308.54109358307960,-71.690,-40.092
"Directions from San Martín de los Andes, Neuquén Province to Neltume, Panguipulli, Chile",,,0.49195811018764,308.35071483968875,-71.690,-40.092
"Directions from San Martín de los Andes, Neuquén Province to Neltume, Panguipulli, Chile",,,0.49235773501170,299.13324042313889,-71.691,-40.092
"Directions from San Martín de los Andes, Neuquén Province to Neltume, Panguipulli, Chile",,,0.49242481705101,283.28252558853899,-71.691,-40.092
"Directions from San Martín de los Andes, Neuquén Province to Neltume, Panguipulli, Chile",,,0.49243481705102,281.98124448875802,-71.691,-40.092
"Directions from San Martín de los Andes, Neuquén Province to Neltume, Panguipulli, Chile",,,0.49253330562904,291.19871889899770,-71.691,-40.092
"Directions from San Martín de los Andes, Neuquén Province to Neltume, Panguipulli, Chile",,,0.49269141951205,286.23559614540028,-71.691,-40.092
"Directions from San Martín de los Andes, Neuquén Province to Neltume, Panguipulli, Chile",,,0.49285634373707,281.50443504183858,-71.691,-40.092
"Directions from San Martín de los Andes, Neuquén Province to Neltume, Panguipulli, Chile",,,0.49304869757769,272.28696063001837,-71.691,-40.092
"Directions from San Martín de los Andes, Neuquén Province to Neltume, Panguipulli, Chile",,,0.49317908162579,262.14568108672177,-71.691,-40.092
"Directions from San Martín de los Andes, Neuquén Province to Neltume, Panguipulli, Chile",,,0.49328106201606,264.34503376338131,-71.691,-40.092
"Directions from San Martín de los Andes, Neuquén Province to Neltume, Panguipulli, Chile",,,0.49330106201606,264.84757676431423,-71.691,-40.092
"Directions from San Martín de los Andes, Neuquén Province to Neltume, Panguipulli, Chile",,,0.49341286541494,261.99228019677366,-71.692,-40.092
"Directions from San Martín de los Andes, Neuquén Province to Neltume, Panguipulli, Chile",,,0.49351336417115,267.14470343245944,-71.692,-40.092
"Directions from San Martín de los Andes, Neuquén Province to Neltume, Panguipulli, Chile",,,0.49362336417115,277.01812173476151,-71.692,-40.092
"Directions from San Martín de los Andes, Neuquén Province to Neltume, Panguipulli, Chile",,,0.49374705733991,280.18821760647523,-71.692,-40.092
"Directions from San Martín de los Andes, Neuquén Province to Neltume, Panguipulli, Chile",,,0.49383761119129,284.07080061506514,-71.692,-40.092
"Directions from San Martín de los Andes, Neuquén Province to Neltume, Panguipulli, Chile",,,0.49405301778358,290.36302695110936,-71.692,-40.092
"Directions from San Martín de los Andes, Neuquén Province to Neltume, Panguipulli, Chile",,,0.49442301778358,291.06161746423106,-71.693,-40.092
"Directions from San Martín de los Andes, Neuquén Province to Neltume, Panguipulli, Chile",,,0.49449917551465,290.94878665860693,-71.693,-40.092
"Directions from San Martín de los Andes, Neuquén Province to Neltume, Panguipulli, Chile",,,0.49518539705321,287.46891221705243,-71.693,-40.091
"Directions from San Martín de los Andes, Neuquén Province to Neltume, Panguipulli, Chile",,,0.49625819712778,278.11942081491867,-71.694,-40.091
"Directions from San Martín de los Andes, Neuquén Province to Neltume, Panguipulli, Chile",,,0.49627819712779,278.39132207264942,-71.694,-40.091
"Directions from San Martín de los Andes, Neuquén Province to Neltume, Panguipulli, Chile",,,0.49693622448283,289.99061732912259,-71.695,-40.091
"Directions from San Martín de los Andes, Neuquén Province to Neltume, Panguipulli, Chile",,,0.49701238221390,290.64624852851011,-71.695,-40.091
"Directions from San Martín de los Andes, Neuquén Province to Neltume, Panguipulli, Chile",,,0.49807492633062,291.02819775953594,-71.696,-40.090
"Directions from San Martín de los Andes, Neuquén Province to Neltume, Panguipulli, Chile",,,0.49837039206468,296.91075256989745,-71.696,-40.090
"Directions from San Martín de los Andes, Neuquén Province to Neltume, Panguipulli, Chile",,,0.49899304766772,305.11177636876994,-71.697,-40.090
"Directions from San Martín de los Andes, Neuquén Province to Neltume, Panguipulli, Chile",,,0.49978051195263,307.67827838537755,-71.697,-40.090
"Directions from San Martín de los Andes, Neuquén Province to Neltume, Panguipulli, Chile",,,0.49990257750879,309.99601010070239,-71.698,-40.089
"Directions from San Martín de los Andes, Neuquén Province to Neltume, Panguipulli, Chile",,,0.49998743032252,312.17278959030483,-71.698,-40.089
"Directions from San Martín de los Andes, Neuquén Province to Neltume, Panguipulli, Chile",,,0.50142277000359,308.43601710912043,-71.699,-40.088
"Directions from San Martín de los Andes, Neuquén Province to Neltume, Panguipulli, Chile",,,0.50805520545370,312.76962127271599,-71.704,-40.084
"Directions from San Martín de los Andes, Neuquén Province to Neltume, Panguipulli, Chile",,,0.50845881417511,319.98287248595699,-71.704,-40.084
"Directions from San Martín de los Andes, Neuquén Province to Neltume, Panguipulli, Chile",,,0.50875087581244,323.72221723921672,-71.704,-40.084
"Directions from San Martín de los Andes, Neuquén Province to Neltume, Panguipulli, Chile",,,0.50894504069083,322.84295296400308,-71.704,-40.084
"Directions from San Martín de los Andes, Neuquén Province to Neltume, Panguipulli, Chile",,,0.50902314318759,324.40208040632592,-71.705,-40.084
"Directions from San Martín de los Andes, Neuquén Province to Neltume, Panguipulli, Chile",,,0.50971430163541,327.73706117325105,-71.705,-40.083
"Directions from San Martín de los Andes, Neuquén Province to Neltume, Panguipulli, Chile",,,0.51057412719912,324.99724640213526,-71.705,-40.082
"Directions from San Martín de los Andes, Neuquén Province to Neltume, Panguipulli, Chile",,,0.51067412719912,325.86991712496047,-71.705,-40.082
"Directions from San Martín de los Andes, Neuquén Province to Neltume, Panguipulli, Chile",,,0.51136528564694,329.64127620297916,-71.706,-40.082
"Directions from San Martín de los Andes, Neuquén Province to Neltume, Panguipulli, Chile",,,0.51238611864014,333.73711499470687,-71.706,-40.081
"Directions from San Martín de los Andes, Neuquén Province to Neltume, Panguipulli, Chile",,,0.51246227637120,334.09547490715437,-71.706,-40.081
"Directions from San Martín de los Andes, Neuquén Province to Neltume, Panguipulli, Chile",,,0.51409117170239,332.76159176969634,-71.707,-40.079
"Directions from San Martín de los Andes, Neuquén Province to Neltume, Panguipulli, Chile",,,0.51445791411882,331.58494333712110,-71.707,-40.079
"Directions from San Martín de los Andes, Neuquén Province to Neltume, Panguipulli, Chile",,,0.51451622363776,331.78644920380174,-71.707,-40.079
"Directions from San Martín de los Andes, Neuquén Province to Neltume, Panguipulli, Chile",,,0.51521400583874,332.58945069790451,-71.708,-40.078
"Directions from San Martín de los Andes, Neuquén Province to Neltume, Panguipulli, Chile",,,0.51539758143624,333.72182797113885,-71.708,-40.078
"Directions from San Martín de los Andes, Neuquén Province to Neltume, Panguipulli, Chile",,,0.51554989689836,333.46928756433852,-71.708,-40.078
"Directions from San Martín de los Andes, Neuquén Province to Neltume, Panguipulli, Chile",,,0.51795989689836,331.78605723216231,-71.709,-40.076
"Directions from San Martín de los Andes, Neuquén Province to Neltume, Panguipulli, Chile",,,0.51811642165679,330.48187826595120,-71.709,-40.076
"Directions from San Martín de los Andes, Neuquén Province to Neltume, Panguipulli, Chile",,,0.51824680570489,332.86369910966982,-71.709,-40.076
"Directions from San Martín de los Andes, Neuquén Province to Neltume, Panguipulli, Chile",,,0.51830065735296,334.97442750650112,-71.709,-40.076
"Directions from San Martín de los Andes, Neuquén Province to Neltume, Panguipulli, Chile",,,0.51906124922776,325.28216967098092,-71.709,-40.075
"Directions from San Martín de los Andes, Neuquén Province to Neltume, Panguipulli, Chile",,,0.51927385214400,315.40064366595470,-71.710,-40.075
"Directions from San Martín de los Andes, Neuquén Province to Neltume, Panguipulli, Chile",,,0.51954292462495,308.84695194784729,-71.710,-40.075
"Directions from San Martín de los Andes, Neuquén Province to Neltume, Panguipulli, Chile",,,0.52072516825466,307.30908162315166,-71.711,-40.074
"Directions from San Martín de los Andes, Neuquén Province to Neltume, Panguipulli, Chile",,,0.52179184533795,308.23061138849869,-71.712,-40.073
"Directions from San Martín de los Andes, Neuquén Province to Neltume, Panguipulli, Chile",,,0.52364597586194,309.52310964317473,-71.713,-40.072
"Directions from San Martín de los Andes, Neuquén Province to Neltume, Panguipulli, Chile",,,0.52399310696109,309.97508878546790,-71.713,-40.072
"Directions from San Martín de los Andes, Neuquén Province to Neltume, Panguipulli, Chile",,,0.52442727282802,315.79190578917814,-71.714,-40.072
"Directions from San Martín de los Andes, Neuquén Province to Neltume, Panguipulli, Chile",,,0.52447727282802,320.12559937908946,-71.714,-40.072
"Directions from San Martín de los Andes, Neuquén Province to Neltume, Panguipulli, Chile",,,0.52466832255976,320.54686150582870,-71.714,-40.071
"Directions from San Martín de los Andes, Neuquén Province to Neltume, Panguipulli, Chile",,,0.52480433726484,329.10164949556196,-71.714,-40.071
"Directions from San Martín de los Andes, Neuquén Province to Neltume, Panguipulli, Chile",,,0.52512636210861,341.46036994909775,-71.714,-40.071
"Directions from San Martín de los Andes, Neuquén Province to Neltume, Panguipulli, Chile",,,0.52517735230374,345.94584787114337,-71.714,-40.071
"Directions from San Martín de los Andes, Neuquén Province to Neltume, Panguipulli, Chile",,,0.52573097672517,340.70010936233183,-71.714,-40.070
"Directions from San Martín de los Andes, Neuquén Province to Neltume, Panguipulli, Chile",,,0.52578482837324,340.74967313567799,-71.714,-40.070
"Directions from San Martín de los Andes, Neuquén Province to Neltume, Panguipulli, Chile",,,0.52609803756851,345.38597402657388,-71.714,-40.070
"Directions from San Martín de los Andes, Neuquén Province to Neltume, Panguipulli, Chile",,,0.52619023301309,343.45757353483208,-71.714,-40.070
"Directions from San Martín de los Andes, Neuquén Province to Neltume, Panguipulli, Chile",,,0.52627567305054,344.99081628621047,-71.714,-40.070
"Directions from San Martín de los Andes, Neuquén Province to Neltume, Panguipulli, Chile",,,0.52633650067584,347.80313030598705,-71.714,-40.070
"Directions from San Martín de los Andes, Neuquén Province to Neltume, Panguipulli, Chile",,,0.52664698416976,341.63358667213578,-71.714,-40.070
"Directions from San Martín de los Andes, Neuquén Province to Neltume, Panguipulli, Chile",,,0.52670083581783,342.83489140669934,-71.714,-40.070
"Directions from San Martín de los Andes, Neuquén Province to Neltume, Panguipulli, Chile",,,0.52688522670698,344.51812173165831,-71.715,-40.069
"Directions from San Martín de los Andes, Neuquén Province to Neltume, Panguipulli, Chile",,,0.52701171781339,343.39981403113546,-71.715,-40.069
"Directions from San Martín de los Andes, Neuquén Province to Neltume, Panguipulli, Chile",,,0.52834577178531,343.10448542647197,-71.715,-40.068
"Directions from San Martín de los Andes, Neuquén Province to Neltume, Panguipulli, Chile",,,0.52926604348432,337.20467138872095,-71.715,-40.067
"Directions from San Martín de los Andes, Neuquén Province to Neltume, Panguipulli, Chile",,,0.52928840416409,338.71955825072786,-71.715,-40.067
"Directions from San Martín de los Andes, Neuquén Province to Neltume, Panguipulli, Chile",,,0.53084882077513,347.27092273822490,-71.716,-40.066
"Directions from San Martín de los Andes, Neuquén Province to Neltume, Panguipulli, Chile",,,0.53090964840044,347.12181516644984,-71.716,-40.065
"Directions from San Martín de los Andes, Neuquén Province to Neltume, Panguipulli, Chile",,,0.53158684851857,342.63550185988771,-71.716,-40.065
"Directions from San Martín de los Andes, Neuquén Province to Neltume, Panguipulli, Chile",,,0.53218768127400,343.09829392754966,-71.716,-40.064
"Directions from San Martín de los Andes, Neuquén Province to Neltume, Panguipulli, Chile",,,0.53396109605910,341.41506359183751,-71.717,-40.063
"Directions from San Martín de los Andes, Neuquén Province to Neltume, Panguipulli, Chile",,,0.53401494770717,341.60847896633800,-71.717,-40.063
"Directions from San Martín de los Andes, Neuquén Province to Neltume, Panguipulli, Chile",,,0.53474993070017,346.85421747867258,-71.717,-40.062
"Directions from San Martín de los Andes, Neuquén Province to Neltume, Panguipulli, Chile",,,0.53485191109044,344.98916482730465,-71.717,-40.062
"Directions from San Martín de los Andes, Neuquén Province to Neltume, Panguipulli, Chile",,,0.53616110931837,337.36160546974736,-71.717,-40.060
"Directions from San Martín de los Andes, Neuquén Province to Neltume, Panguipulli, Chile",,,0.53618346999815,337.26518648625847,-71.717,-40.060
"Directions from San Martín de los Andes, Neuquén Province to Neltume, Panguipulli, Chile",,,0.53695509166710,339.64700733576279,-71.717,-40.060
"Directions from San Martín de los Andes, Neuquén Province to Neltume, Panguipulli, Chile",,,0.53803212462853,339.80583192596515,-71.718,-40.059
"Directions from San Martín de los Andes, Neuquén Province to Neltume, Panguipulli, Chile",,,0.53922430750040,340.42851405969736,-71.718,-40.058
"Directions from San Martín de los Andes, Neuquén Province to Neltume, Panguipulli, Chile",,,0.53990782780003,340.50450297898044,-71.718,-40.057
"Directions from San Martín de los Andes, Neuquén Province to Neltume, Panguipulli, Chile",,,0.54095137942788,340.73490999238368,-71.719,-40.056
"Directions from San Martín de los Andes, Neuquén Province to Neltume, Panguipulli, Chile",,,0.54226111222506,342.93426266886922,-71.719,-40.055
"Directions from San Martín de los Andes, Neuquén Province to Neltume, Panguipulli, Chile",,,0.54230234328132,342.97421484689539,-71.719,-40.055
"Directions from San Martín de los Andes, Neuquén Province to Neltume, Panguipulli, Chile",,,0.54837939026156,343.13885607971895,-71.721,-40.049
"Directions from San Martín de los Andes, Neuquén Province to Neltume, Panguipulli, Chile",,,0.54880140921847,349.08146831936358,-71.721,-40.049
"Directions from San Martín de los Andes, Neuquén Province to Neltume, Panguipulli, Chile",,,0.54887211989659,354.34503376239491,-71.721,-40.048
"Directions from San Martín de los Andes, Neuquén Province to Neltume, Panguipulli, Chile",,,0.54923267502414,359.14448529811449,-71.721,-40.048
"Directions from San Martín de los Andes, Neuquén Province to Neltume, Panguipulli, Chile",,,0.54962280320820,4.53172204029377,-71.721,-40.048
"Directions from San Martín de los Andes, Neuquén Province to Neltume, Panguipulli, Chile",,,0.54977413066770,3.79732168287350,-71.721,-40.048
"Directions from San Martín de los Andes, Neuquén Province to Neltume, Panguipulli, Chile",,,0.54982413066771,4.06505117850287,-71.721,-40.048
"Directions from San Martín de los Andes, Neuquén Province to Neltume, Panguipulli, Chile",,,0.54996555202394,12.25982134574716,-71.721,-40.047
"Directions from San Martín de los Andes, Neuquén Province to Neltume, Panguipulli, Chile",,,0.55031995292687,22.49999999910323,-71.721,-40.047
"Directions from San Martín de los Andes, Neuquén Province to Neltume, Panguipulli, Chile",,,0.55069585184946,36.80522984203673,-71.721,-40.047
"Directions from San Martín de los Andes, Neuquén Province to Neltume, Panguipulli, Chile",,,0.55070999398508,39.99601010966202,-71.721,-40.047
"Directions from San Martín de los Andes, Neuquén Province to Neltume, Panguipulli, Chile",,,0.55095412509740,36.82591422553634,-71.721,-40.047
"Directions from San Martín de los Andes, Neuquén Province to Neltume, Panguipulli, Chile",,,0.55108218758215,36.87781251978412,-71.721,-40.046
"Directions from San Martín de los Andes, Neuquén Province to Neltume, Panguipulli, Chile",,,0.55198662110652,33.76095602764495,-71.720,-40.046
"Directions from San Martín de los Andes, Neuquén Province to Neltume, Panguipulli, Chile",,,0.55588433838718,32.05199811241683,-71.718,-40.042
"Directions from San Martín de los Andes, Neuquén Province to Neltume, Panguipulli, Chile",,,0.56014983953007,30.14418031174586,-71.716,-40.039
"Directions from San Martín de los Andes, Neuquén Province to Neltume, Panguipulli, Chile",,,0.56027513917094,30.29192150051350,-71.716,-40.039
"Directions from San Martín de los Andes, Neuquén Province to Neltume, Panguipulli, Chile",,,0.56407099217125,30.72463616878755,-71.714,-40.035
"Directions from San Martín de los Andes, Neuquén Province to Neltume, Panguipulli, Chile",,,0.56486358286006,23.41495681986395,-71.714,-40.035
"Directions from San Martín de los Andes, Neuquén Province to Neltume, Panguipulli, Chile",,,0.56519884395235,6.07979786364633,-71.713,-40.034
"Directions from San Martín de los Andes, Neuquén Province to Neltume, Panguipulli, Chile",,,0.56530929756252,351.74781930907119,-71.713,-40.034
"Directions from San Martín de los Andes, Neuquén Province to Neltume, Panguipulli, Chile",,,0.56546226814793,339.81773171385015,-71.714,-40.034
"Directions from San Martín de los Andes, Neuquén Province to Neltume, Panguipulli, Chile",,,0.56566818075075,328.23659101007354,-71.714,-40.034
"Directions from San Martín de los Andes, Neuquén Province to Neltume, Panguipulli, Chile",,,0.57054444981633,322.95374385948907,-71.716,-40.030
"Directions from San Martín de los Andes, Neuquén Province to Neltume, Panguipulli, Chile",,,0.57212827430156,317.35283235063019,-71.717,-40.029
"Directions from San Martín de los Andes, Neuquén Province to Neltume, Panguipulli, Chile",,,0.57272935665865,313.48633311799165,-71.718,-40.028
"Directions from San Martín de los Andes, Neuquén Province to Neltume, Panguipulli, Chile",,,0.57427922762102,311.76800214908047,-71.719,-40.027
"Directions from San Martín de los Andes, Neuquén Province to Neltume, Panguipulli, Chile",,,0.57773171947473,288.40184219219742,-71.722,-40.025
"Directions from San Martín de los Andes, Neuquén Province to Neltume, Panguipulli, Chile",,,0.57843350291712,267.95719160997123,-71.722,-40.025
"Directions from San Martín de los Andes, Neuquén Province to Neltume, Panguipulli, Chile",,,0.57864350291712,283.28252559261011,-71.722,-40.025
"Directions from San Martín de los Andes, Neuquén Province to Neltume, Panguipulli, Chile",,,0.57868822427667,305.78252558752121,-71.723,-40.025
"Directions from San Martín de los Andes, Neuquén Province to Neltume, Panguipulli, Chile",,,0.57871650854792,305.78252558345008,-71.723,-40.025
"Directions from San Martín de los Andes, Neuquén Province to Neltume, Panguipulli, Chile",,,0.57876122990747,308.95262146248689,-71.723,-40.025
"Directions from San Martín de los Andes, Neuquén Province to Neltume, Panguipulli, Chile",,,0.57882526114984,325.18821760850989,-71.723,-40.025
"Directions from San Martín de los Andes, Neuquén Province to Neltume, Panguipulli, Chile",,,0.57888357066878,338.86315549598601,-71.723,-40.025
"Directions from San Martín de los Andes, Neuquén Province to Neltume, Panguipulli, Chile",,,0.57898555105906,350.66884408160291,-71.723,-40.025
"Directions from San Martín de los Andes, Neuquén Province to Neltume, Panguipulli, Chile",,,0.57929812105122,339.26657384774052,-71.723,-40.024
"Directions from San Martín de los Andes, Neuquén Province to Neltume, Panguipulli, Chile",,,0.57967255395576,323.75902083476154,-71.723,-40.024
"Directions from San Martín de los Andes, Neuquén Province to Neltume, Panguipulli, Chile",,,0.57997865851306,318.31625730719992,-71.723,-40.024
"Directions from San Martín de los Andes, Neuquén Province to Neltume, Panguipulli, Chile",,,0.58006351132681,304.48124448686934,-71.723,-40.024
"Directions from San Martín de los Andes, Neuquén Province to Neltume, Panguipulli, Chile",,,0.58026048848284,285.77856617125400,-71.723,-40.024
"Directions from San Martín de los Andes, Neuquén Province to Neltume, Panguipulli, Chile",,,0.58041181594234,274.21247942764188,-71.723,-40.024
"Directions from San Martín de los Andes, Neuquén Province to Neltume, Panguipulli, Chile",,,0.58110188840230,271.80474117533925,-71.724,-40.024
"Directions from San Martín de los Andes, Neuquén Province to Neltume, Panguipulli, Chile",,,0.58213310128042,271.38958343208202,-71.725,-40.024
"Directions from San Martín de los Andes, Neuquén Province to Neltume, Panguipulli, Chile",,,0.58262310128042,275.84468458737143,-71.726,-40.024
"Directions from San Martín de los Andes, Neuquén Province to Neltume, Panguipulli, Chile",,,0.58291924313833,290.14991442069118,-71.726,-40.024
"Directions from San Martín de los Andes, Neuquén Province to Neltume, Panguipulli, Chile",,,0.58354574134263,301.00914212793015,-71.727,-40.023
"Directions from San Martín de los Andes, Neuquén Province to Neltume, Panguipulli, Chile",,,0.58410876887304,307.52068196264992,-71.727,-40.023
"Directions from San Martín de los Andes, Neuquén Province to Neltume, Panguipulli, Chile",,,0.58459043265619,318.46919290262599,-71.727,-40.023
"Directions from San Martín de los Andes, Neuquén Province to Neltume, Panguipulli, Chile",,,0.58490666042221,323.90035205487408,-71.728,-40.022
"Directions from San Martín de los Andes, Neuquén Province to Neltume, Panguipulli, Chile",,,0.58544869363152,324.01752068466016,-71.728,-40.022
"Directions from San Martín de los Andes, Neuquén Province to Neltume, Panguipulli, Chile",,,0.58606724031529,334.65341653368023,-71.728,-40.022
"Directions from San Martín de los Andes, Neuquén Province to Neltume, Panguipulli, Chile",,,0.58689004041251,344.90467963192577,-71.728,-40.021
"Directions from San Martín de los Andes, Neuquén Province to Neltume, Panguipulli, Chile",,,0.58867267890644,346.62237459983737,-71.729,-40.019
"Directions from San Martín de los Andes, Neuquén Province to Neltume, Panguipulli, Chile",,,0.59910172488390,346.81287381803770,-71.731,-40.009
"Directions from San Martín de los Andes, Neuquén Province to Neltume, Panguipulli, Chile",,,0.61030480481756,346.63985405891168,-71.734,-39.998
"Directions from San Martín de los Andes, Neuquén Province to Neltume, Panguipulli, Chile",,,0.64966584392986,344.91823707205424,-71.743,-39.960
"Directions from San Martín de los Andes, Neuquén Province to Neltume, Panguipulli, Chile",,,0.65017828904887,337.69108925966395,-71.743,-39.959
"Directions from San Martín de los Andes, Neuquén Province to Neltume, Panguipulli, Chile",,,0.65067477671237,330.30116830607477,-71.743,-39.959
"Directions from San Martín de los Andes, Neuquén Province to Neltume, Panguipulli, Chile",,,0.68414972406109,331.76138465528919,-71.761,-39.930
"Directions from San Martín de los Andes, Neuquén Province to Neltume, Panguipulli, Chile",,,0.68455690952252,328.87727240027664,-71.761,-39.930
"Directions from San Martín de los Andes, Neuquén Province to Neltume, Panguipulli, Chile",,,0.68488493391186,309.49822957389824,-71.761,-39.930
"Directions from San Martín de los Andes, Neuquén Province to Neltume, Panguipulli, Chile",,,0.68560047566465,292.01991271685733,-71.762,-39.929
"Directions from San Martín de los Andes, Neuquén Province to Neltume, Panguipulli, Chile",,,0.68616660285884,280.42061745975252,-71.762,-39.929
"Directions from San Martín de los Andes, Neuquén Province to Neltume, Panguipulli, Chile",,,0.68667748444983,269.15103926812043,-71.763,-39.929
"Directions from San Martín de los Andes, Neuquén Province to Neltume, Panguipulli, Chile",,,0.71499804411944,273.68078036931075,-71.791,-39.932
"Directions from San Martín de los Andes, Neuquén Province to Neltume, Panguipulli, Chile",,,0.71560219641812,289.68906089829937,-71.792,-39.931
"Directions from San Martín de los Andes, Neuquén Province to Neltume, Panguipulli, Chile",,,0.71626408764786,301.56589968965255,-71.792,-39.931
"Directions from San Martín de los Andes, Neuquén Province to Neltume, Panguipulli, Chile",,,0.71709414788664,311.80813434756215,-71.793,-39.931
"Directions from San Martín de los Andes, Neuquén Province to Neltume, Panguipulli, Chile",,,0.71842471167690,318.49797901474540,-71.794,-39.930
"Directions from San Martín de los Andes, Neuquén Province to Neltume, Panguipulli, Chile",,,0.72616373616324,322.55010878688597,-71.799,-39.924
"Directions from San Martín de los Andes, Neuquén Province to Neltume, Panguipulli, Chile",,,0.73153649150849,329.05058992164317,-71.802,-39.919
"Directions from San Martín de los Andes, Neuquén Province to Neltume, Panguipulli, Chile",,,0.73212240959151,334.56578962150741,-71.802,-39.919
"Directions from San Martín de los Andes, Neuquén Province to Neltume, Panguipulli, Chile",,,0.73244936524599,339.66492389610619,-71.802,-39.919
"Directions from San Martín de los Andes, Neuquén Province to Neltume, Panguipulli, Chile",,,0.74580972452259,338.09674471216300,-71.806,-39.906
"Directions from San Martín de los Andes, Neuquén Province to Neltume, Panguipulli, Chile",,,0.74630165947765,330.10161887740230,-71.806,-39.905
"Directions from San Martín de los Andes, Neuquén Province to Neltume, Panguipulli, Chile",,,0.74664835819412,317.27198661871773,-71.807,-39.905
"Directions from San Martín de los Andes, Neuquén Province to Neltume, Panguipulli, Chile",,,0.74715442143127,300.36686989738547,-71.807,-39.905
"Directions from San Martín de los Andes, Neuquén Province to Neltume, Panguipulli, Chile",,,0.74871829482768,292.10794734963099,-71.808,-39.904
"Directions from San Martín de los Andes, Neuquén Province to Neltume, Panguipulli, Chile",,,0.76085403131130,290.30841669311383,-71.820,-39.900
"Directions from San Martín de los Andes, Neuquén Province to Neltume, Panguipulli, Chile",,,0.76163837817336,295.68218869187240,-71.821,-39.899
"Directions from San Martín de los Andes, Neuquén Province to Neltume, Panguipulli, Chile",,,0.76220441704128,308.50269160425631,-71.821,-39.899
"Directions from San Martín de los Andes, Neuquén Province to Neltume, Panguipulli, Chile",,,0.76269939178811,318.59673502790082,-71.821,-39.899
"Directions from San Martín de los Andes, Neuquén Province to Neltume, Panguipulli, Chile",,,0.76343348987420,320.23763382048611,-71.822,-39.898
"Directions from San Martín de los Andes, Neuquén Province to Neltume, Panguipulli, Chile",,,0.77467370784361,318.53881655101077,-71.829,-39.890
"Directions from San Martín de los Andes, Neuquén Province to Neltume, Panguipulli, Chile",,,0.78353906175646,318.34788477654911,-71.835,-39.883
"Directions from San Martín de los Andes, Neuquén Province to Neltume, Panguipulli, Chile",,,0.78731277345716,315.73391892623368,-71.838,-39.880
"Directions from San Martín de los Andes, Neuquén Province to Neltume, Panguipulli, Chile",,,0.78844449780522,306.80059212589867,-71.838,-39.880
"Directions from San Martín de los Andes, Neuquén Province to Neltume, Panguipulli, Chile",,,0.78918375418834,297.19786672572360,-71.839,-39.879
"Directions from San Martín de los Andes, Neuquén Province to Neltume, Panguipulli, Chile",,,0.78976556171667,290.39587723331840,-71.840,-39.879
"Directions from San Martín de los Andes, Neuquén Province to Neltume, Panguipulli, Chile",,,0.79057876525822,284.78166187889394,-71.840,-39.879
"Directions from San Martín de los Andes, Neuquén Province to Neltume, Panguipulli, Chile",,,0.79119488213025,280.06764493203519,-71.841,-39.879
"Directions from San Martín de los Andes, Neuquén Province to Neltume, Panguipulli, Chile",,,0.79176916429086,274.93183639197298,-71.842,-39.879
"Directions from San Martín de los Andes, Neuquén Province to Neltume, Panguipulli, Chile",,,0.79236991382270,265.95417129100906,-71.842,-39.879
"Directions from San Martín de los Andes, Neuquén Province to Neltume, Panguipulli, Chile",,,0.79268566689078,257.42080056797016,-71.843,-39.879
"Directions from San Martín de los Andes, Neuquén Province to Neltume, Panguipulli, Chile",,,0.81004644164308,254.83404397691501,-71.859,-39.883
"Directions from San Martín de los Andes, Neuquén Province to Neltume, Panguipulli, Chile",,,0.81091044395788,259.00820529426744,-71.860,-39.883
"Directions from San Martín de los Andes, Neuquén Province to Neltume, Panguipulli, Chile",,,0.81130248987357,262.06800330665919,-71.861,-39.883
"Directions from San Martín de los Andes, Neuquén Province to Neltume, Panguipulli, Chile",,,0.81182037016861,263.15031710602591,-71.861,-39.883
"Directions from San Martín de los Andes, Neuquén Province to Neltume, Panguipulli, Chile",,,0.81213101465995,264.59179883254330,-71.861,-39.883
"Directions from San Martín de los Andes, Neuquén Province to Neltume, Panguipulli, Chile",,,0.81245350496988,273.35783957136420,-71.862,-39.883
"Directions from San Martín de los Andes, Neuquén Province to Neltume, Panguipulli, Chile",,,0.81316413849007,288.87719721496279,-71.862,-39.883
"Directions from San Martín de los Andes, Neuquén Province to Neltume, Panguipulli, Chile",,,0.81674120432676,293.55310902732174,-71.866,-39.882
"Directions from San Martín de los Andes, Neuquén Province to Neltume, Panguipulli, Chile",,,0.84152398060384,271.31823694808634,-71.888,-39.872
"Directions from San Martín de los Andes, Neuquén Province to Neltume, Panguipulli, Chile",,,0.84220750090347,252.70385565850037,-71.889,-39.872
"Directions from San Martín de los Andes, Neuquén Province to Neltume, Panguipulli, Chile",,,0.84224873195972,262.98187826843156,-71.889,-39.872
"Directions from San Martín de los Andes, Neuquén Province to Neltume, Panguipulli, Chile",,,0.84238873195971,265.26883889488693,-71.889,-39.872
"Directions from San Martín de los Andes, Neuquén Province to Neltume, Panguipulli, Chile",,,0.84244955958502,265.26883889488693,-71.889,-39.872
"Directions from San Martín de los Andes, Neuquén Province to Neltume, Panguipulli, Chile",,,0.84247955958501,275.94432902000301,-71.889,-39.872
"Directions from San Martín de los Andes, Neuquén Province to Neltume, Panguipulli, Chile",,,0.84286788934180,284.13909918685829,-71.890,-39.872
"Directions from San Martín de los Andes, Neuquén Province to Neltume, Panguipulli, Chile",,,0.84322229024473,252.74169961049691,-71.890,-39.872
"Directions from San Martín de los Andes, Neuquén Province to Neltume, Panguipulli, Chile",,,0.84363460080730,212.82945503184132,-71.890,-39.872
"Directions from San Martín de los Andes, Neuquén Province to Neltume, Panguipulli, Chile",,,0.84390292896459,201.71172497181209,-71.890,-39.873
"Directions from San Martín de los Andes, Neuquén Province to Neltume, Panguipulli, Chile",,,0.84459256655057,194.08416562130753,-71.891,-39.873
"Directions from San Martín de los Andes, Neuquén Province to Neltume, Panguipulli, Chile",,,0.84500048811167,197.63621072498424,-71.891,-39.874
"Directions from San Martín de los Andes, Neuquén Province to Neltume, Panguipulli, Chile",,,0.84519746526770,208.82627825132283,-71.891,-39.874
"Directions from San Martín de los Andes, Neuquén Province to Neltume, Panguipulli, Chile",,,0.84530563180596,219.34503374367819,-71.891,-39.874
"Directions from San Martín de los Andes, Neuquén Province to Neltume, Panguipulli, Chile",,,0.84531977394158,247.49999997964443,-71.891,-39.874
"Directions from San Martín de los Andes, Neuquén Province to Neltume, Panguipulli, Chile",,,0.84533977394159,262.98187826364199,-71.891,-39.874
"Directions from San Martín de los Andes, Neuquén Province to Neltume, Panguipulli, Chile",,,0.84538100499784,259.41937009044375,-71.891,-39.874
"Directions from San Martín de los Andes, Neuquén Province to Neltume, Panguipulli, Chile",,,0.84546162757532,267.25578034729466,-71.891,-39.874
"Directions from San Martín de los Andes, Neuquén Province to Neltume, Panguipulli, Chile",,,0.84581177040332,270.60289491199723,-71.891,-39.874
"Directions from San Martín de los Andes, Neuquén Province to Neltume, Panguipulli, Chile",,,0.84847184559023,272.38182084637282,-71.894,-39.874
"Directions from San Martín de los Andes, Neuquén Province to Neltume, Panguipulli, Chile",,,0.84858229920040,319.50425186994210,-71.894,-39.874
"Directions from San Martín de los Andes, Neuquén Province to Neltume, Panguipulli, Chile",,,0.84873263216418,273.81407483014721,-71.894,-39.874
"Directions from San Martín de los Andes, Neuquén Province to Neltume, Panguipulli, Chile",,,0.84888296512796,227.30306596118547,-71.894,-39.874
"Directions from San Martín de los Andes, Neuquén Province to Neltume, Panguipulli, Chile",,,0.85105317249133,270.17222146060953,-71.896,-39.874
"Directions from San Martín de los Andes, Neuquén Province to Neltume, Panguipulli, Chile",,,0.85233321155323,267.98802572652380,-71.898,-39.874
"Directions from San Martín de los Andes, Neuquén Province to Neltume, Panguipulli, Chile",,,0.85249352374866,264.93868742063825,-71.898,-39.874
"Directions from San Martín de los Andes, Neuquén Province to Neltume, Panguipulli, Chile",,,0.85310752700597,260.62662024468028,-71.898,-39.874
"Directions from San Martín de los Andes, Neuquén Province to Neltume, Panguipulli, Chile",,,0.85348607687059,254.73924520469089,-71.899,-39.874
"Directions from San Martín de los Andes, Neuquén Province to Neltume, Panguipulli, Chile",,,0.85507670567706,250.41225054963977,-71.900,-39.875
"Directions from San Martín de los Andes, Neuquén Province to Neltume, Panguipulli, Chile",,,0.85530142772762,250.46153053162340,-71.900,-39.875
"Directions from San Martín de los Andes, Neuquén Province to Neltume, Panguipulli, Chile",,,0.85785972794455,253.26120019845115,-71.903,-39.875
"Directions from San Martín de los Andes, Neuquén Province to Neltume, Panguipulli, Chile",,,0.85808776302957,251.94521162832771,-71.903,-39.875
"Directions from San Martín de los Andes, Neuquén Province to Neltume, Panguipulli, Chile",,,0.85898665123174,250.59468840396423,-71.904,-39.876
"Directions from San Martín de los Andes, Neuquén Province to Neltume, Panguipulli, Chile",,,0.86012194854962,251.26398091871175,-71.905,-39.876
"Directions from San Martín de los Andes, Neuquén Province to Neltume, Panguipulli, Chile",,,0.86179825401105,253.74475510018695,-71.907,-39.877
"Directions from San Martín de los Andes, Neuquén Province to Neltume, Panguipulli, Chile",,,0.86193167065169,254.48554882145137,-71.907,-39.877
"Directions from San Martín de los Andes, Neuquén Province to Neltume, Panguipulli, Chile",,,0.86238388741388,256.04995374517665,-71.907,-39.877
"Directions from San Martín de los Andes, Neuquén Province to Neltume, Panguipulli, Chile",,,0.86261733976448,262.86774385124397,-71.907,-39.877
"Directions from San Martín de los Andes, Neuquén Province to Neltume, Panguipulli, Chile",,,0.86287810786068,267.80064732256210,-71.908,-39.877
"Directions from San Martín de los Andes, Neuquén Province to Neltume, Panguipulli, Chile",,,0.86321810786068,273.45561355932807,-71.908,-39.877
"Directions from San Martín de los Andes, Neuquén Province to Neltume, Panguipulli, Chile",,,0.86355052326346,278.51794938712766,-71.908,-39.877
"Directions from San Martín de los Andes, Neuquén Province to Neltume, Panguipulli, Chile",,,0.86383495251653,282.77341648707892,-71.909,-39.877
"Directions from San Martín de los Andes, Neuquén Province to Neltume, Panguipulli, Chile",,,0.86413578469565,289.15635648757410,-71.909,-39.877
"Directions from San Martín de los Andes, Neuquén Province to Neltume, Panguipulli, Chile",,,0.86462425168532,295.88856671157384,-71.909,-39.877
"Directions from San Martín de los Andes, Neuquén Province to Neltume, Panguipulli, Chile",,,0.86528667149179,301.48188852368264,-71.910,-39.876
"Directions from San Martín de los Andes, Neuquén Province to Neltume, Panguipulli, Chile",,,0.86569715900682,305.93556913972793,-71.910,-39.876
"Directions from San Martín de los Andes, Neuquén Province to Neltume, Panguipulli, Chile",,,0.86631723964674,312.82817411230394,-71.911,-39.876
"Directions from San Martín de los Andes, Neuquén Province to Neltume, Panguipulli, Chile",,,0.86660043569191,321.07785691235057,-71.911,-39.875
"Directions from San Martín de los Andes, Neuquén Province to Neltume, Panguipulli, Chile",,,0.86699451690181,319.64665429428197,-71.911,-39.875
"Directions from San Martín de los Andes, Neuquén Province to Neltume, Panguipulli, Chile",,,0.86702280117306,325.11242971056134,-71.911,-39.875
"Directions from San Martín de los Andes, Neuquén Province to Neltume, Panguipulli, Chile",,,0.86745233580496,338.67308141861207,-71.911,-39.875
"Directions from San Martín de los Andes, Neuquén Province to Neltume, Panguipulli, Chile",,,0.86777806575446,340.15994695885007,-71.911,-39.874
"Directions from San Martín de los Andes, Neuquén Province to Neltume, Panguipulli, Chile",,,0.86793962069867,340.09721445307537,-71.912,-39.874
"Directions from San Martín de los Andes, Neuquén Province to Neltume, Panguipulli, Chile",,,0.86878081033247,339.39862393939791,-71.912,-39.873
"Directions from San Martín de los Andes, Neuquén Province to Neltume, Panguipulli, Chile",,,0.86908544125670,339.39862393937301,-71.912,-39.873
"Directions from San Martín de los Andes, Neuquén Province to Neltume, Panguipulli, Chile",,,0.87034722570740,337.71539360455210,-71.912,-39.872
"Directions from San Martín de los Andes, Neuquén Province to Neltume, Panguipulli, Chile",,,0.87036958638717,337.17072840716054,-71.912,-39.872
"Directions from San Martín de los Andes, Neuquén Province to Neltume, Panguipulli, Chile",,,0.87091985904686,337.17072842344498,-71.912,-39.871
"Directions from San Martín de los Andes, Neuquén Province to Neltume, Panguipulli, Chile",,,0.87094221972663,337.12797041056302,-71.913,-39.871
"Directions from San Martín de los Andes, Neuquén Province to Neltume, Panguipulli, Chile",,,0.87240331520606,342.19584526104501,-71.913,-39.870
"Directions from San Martín de los Andes, Neuquén Province to Neltume, Panguipulli, Chile",,,0.87321651874761,341.16009652146289,-71.913,-39.869
"Directions from San Martín de los Andes, Neuquén Province to Neltume, Panguipulli, Chile",,,0.87340965082677,343.71978100873065,-71.913,-39.869
"Directions from San Martín de los Andes, Neuquén Province to Neltume, Panguipulli, Chile",,,0.87346064102191,345.21625222369414,-71.913,-39.869
"Directions from San Martín de los Andes, Neuquén Province to Neltume, Panguipulli, Chile",,,0.87448206160130,340.80306674833861,-71.914,-39.868
"Directions from San Martín de los Andes, Neuquén Province to Neltume, Panguipulli, Chile",,,0.87544065431981,338.58495081351106,-71.914,-39.867
"Directions from San Martín de los Andes, Neuquén Province to Neltume, Panguipulli, Chile",,,0.87603680866225,341.63498079108439,-71.914,-39.867
"Directions from San Martín de los Andes, Neuquén Province to Neltume, Panguipulli, Chile",,,0.87607803971850,343.24359051437779,-71.914,-39.867
"Directions from San Martín de los Andes, Neuquén Province to Neltume, Panguipulli, Chile",,,0.87694780980306,339.39681735106501,-71.914,-39.866
"Directions from San Martín de los Andes, Neuquén Province to Neltume, Panguipulli, Chile",,,0.87843337366908,339.58409982422216,-71.915,-39.864
"Directions from San Martín de los Andes, Neuquén Province to Neltume, Panguipulli, Chile",,,0.88332258628462,339.54828998043632,-71.917,-39.860
"Directions from San Martín de los Andes, Neuquén Province to Neltume, Panguipulli, Chile",,,0.88386110276534,339.39156252865314,-71.917,-39.859
"Directions from San Martín de los Andes, Neuquén Province to Neltume, Panguipulli, Chile",,,0.88515466374186,341.56867306009059,-71.917,-39.858
"Directions from San Martín de los Andes, Neuquén Province to Neltume, Panguipulli, Chile",,,0.88552154246842,306.27640578798082,-71.917,-39.858
"Directions from San Martín de los Andes, Neuquén Province to Neltume, Panguipulli, Chile",,,0.88553154246843,305.94811848291664,-71.917,-39.858
"Directions from San Martín de los Andes, Neuquén Province to Neltume, Panguipulli, Chile",,,0.88607862564309,343.18606298430626,-71.918,-39.857
"Directions from San Martín de los Andes, Neuquén Province to Neltume, Panguipulli, Chile",,,0.88645225647694,338.95541891692170,-71.918,-39.857
"Directions from San Martín de los Andes, Neuquén Province to Neltume, Panguipulli, Chile",,,0.88649697783648,336.96625016227944,-71.918,-39.857
"Directions from San Martín de los Andes, Neuquén Province to Neltume, Panguipulli, Chile",,,0.88700619291874,339.05870821986417,-71.918,-39.856
"Directions from San Martín de los Andes, Neuquén Province to Neltume, Panguipulli, Chile",,,0.88719004068185,348.80993247311687,-71.918,-39.856
"Directions from San Martín de los Andes, Neuquén Province to Neltume, Panguipulli, Chile",,,0.88721004068185,350.10056182263662,-71.918,-39.856
"Directions from San Martín de los Andes, Neuquén Province to Neltume, Panguipulli, Chile",,,0.88774145389207,350.10056182263662,-71.918,-39.856
"Directions from San Martín de los Andes, Neuquén Province to Neltume, Panguipulli, Chile",,,0.88775145389207,350.10056182276639,-71.918,-39.856
"Directions from San Martín de los Andes, Neuquén Province to Neltume, Panguipulli, Chile",,,0.88854857370741,337.28005891077248,-71.918,-39.855
"Directions from San Martín de los Andes, Neuquén Province to Neltume, Panguipulli, Chile",,,0.88882588219988,331.32878225357200,-71.918,-39.855
"Directions from San Martín de los Andes, Neuquén Province to Neltume, Panguipulli, Chile",,,0.88922550702394,323.15567891770246,-71.919,-39.854
"Directions from San Martín de los Andes, Neuquén Province to Neltume, Panguipulli, Chile",,,0.88989818822629,313.33629787880932,-71.919,-39.854
"Directions from San Martín de los Andes, Neuquén Province to Neltume, Panguipulli, Chile",,,0.89015431319579,305.78252558831559,-71.919,-39.854
"Directions from San Martín de los Andes, Neuquén Province to Neltume, Panguipulli, Chile",,,0.89055928233042,300.12755935123863,-71.920,-39.853
"Directions from San Martín de los Andes, Neuquén Province to Neltume, Panguipulli, Chile",,,0.89088577888477,306.17493788959575,-71.920,-39.853
"Directions from San Martín de los Andes, Neuquén Province to Neltume, Panguipulli, Chile",,,0.89089992102039,306.94329088384501,-71.920,-39.853
"Directions from San Martín de los Andes, Neuquén Province to Neltume, Panguipulli, Chile",,,0.89123113092362,296.57393630994630,-71.920,-39.853
"Directions from San Martín de los Andes, Neuquén Province to Neltume, Panguipulli, Chile",,,0.89200991202252,291.34811983654453,-71.921,-39.853
"Directions from San Martín de los Andes, Neuquén Province to Neltume, Panguipulli, Chile",,,0.89207315757572,292.98008728246782,-71.921,-39.853
"Directions from San Martín de los Andes, Neuquén Province to Neltume, Panguipulli, Chile",,,0.89287378233177,293.35211688451795,-71.922,-39.852
"Directions from San Martín de los Andes, Neuquén Province to Neltume, Panguipulli, Chile",,,0.89311729824501,292.87202960917466,-71.922,-39.852
"Directions from San Martín de los Andes, Neuquén Province to Neltume, Panguipulli, Chile",,,0.89313965892478,291.71172498012243,-71.922,-39.852
"Directions from San Martín de los Andes, Neuquén Province to Neltume, Panguipulli, Chile",,,0.89348447771778,281.59929525738909,-71.922,-39.852
"Directions from San Martín de los Andes, Neuquén Province to Neltume, Panguipulli, Chile",,,0.89357503156916,280.18821760791116,-71.922,-39.852
"Directions from San Martín de los Andes, Neuquén Province to Neltume, Panguipulli, Chile",,,0.89373995579418,279.87341830251154,-71.923,-39.852
"Directions from San Martín de los Andes, Neuquén Province to Neltume, Panguipulli, Chile",,,0.89394095330661,277.58645767278114,-71.923,-39.852
"Directions from San Martín de los Andes, Neuquén Province to Neltume, Panguipulli, Chile",,,0.89424509143312,274.73116110423291,-71.923,-39.852
"Directions from San Martín de los Andes, Neuquén Province to Neltume, Panguipulli, Chile",,,0.89427509143313,283.28252559668118,-71.923,-39.852
"Directions from San Martín de los Andes, Neuquén Province to Neltume, Panguipulli, Chile",,,0.89429745211290,284.87244065598702,-71.923,-39.852
"Directions from San Martín de los Andes, Neuquén Province to Neltume, Panguipulli, Chile",,,0.89447772967667,280.80738947076679,-71.923,-39.852
"Directions from San Martín de los Andes, Neuquén Province to Neltume, Panguipulli, Chile",,,0.89450935245328,280.78208854075706,-71.923,-39.852
"Directions from San Martín de los Andes, Neuquén Province to Neltume, Panguipulli, Chile",,,0.89890590792318,274.29709784359039,-71.928,-39.852
"Directions from San Martín de los Andes, Neuquén Province to Neltume, Panguipulli, Chile",,,0.90331595327442,275.98116244649253,-71.932,-39.851
"Directions from San Martín de los Andes, Neuquén Province to Neltume, Panguipulli, Chile",,,0.90693922527636,277.31372990919476,-71.936,-39.851
"Directions from San Martín de los Andes, Neuquén Province to Neltume, Panguipulli, Chile",,,0.90799988544815,277.12280296015638,-71.937,-39.851
"Directions from San Martín de los Andes, Neuquén Province to Neltume, Panguipulli, Chile",,,0.90884469311856,273.05775178315980,-71.938,-39.851
"Directions from San Martín de los Andes, Neuquén Province to Neltume, Panguipulli, Chile",,,0.90931469311855,266.43749182570571,-71.938,-39.851
"Directions from San Martín de los Andes, Neuquén Province to Neltume, Panguipulli, Chile",,,0.90963718342849,266.95830516350213,-71.938,-39.851
"Directions from San Martín de los Andes, Neuquén Province to Neltume, Panguipulli, Chile",,,0.91018727433007,269.69981971898181,-71.939,-39.851
"Directions from San Martín de los Andes, Neuquén Province to Neltume, Panguipulli, Chile",,,0.91926100013593,268.35801276237078,-71.948,-39.851
