Name,altitudeMode,distance,angle,X,Y
"Directions from Dilman Bullock 3056, 4651861 Araucanía, Angol, Araucanía, Chile to Cauquenes, Chile",,0.00000000000000,124.85445556664565,-72.672,-37.819
"Directions from Dilman Bullock 3056, 4651861 Araucanía, Angol, Araucanía, Chile to Cauquenes, Chile",,0.00068242215673,174.57788059159347,-72.671,-37.819
"Directions from Dilman Bullock 3056, 4651861 Araucanía, Angol, Araucanía, Chile to Cauquenes, Chile",,0.00184216350719,263.00136764290454,-72.672,-37.820
"Directions from Dilman Bullock 3056, 4651861 Araucanía, Angol, Araucanía, Chile to Cauquenes, Chile",,0.00304103797937,352.84817183220719,-72.673,-37.820
"Directions from Dilman Bullock 3056, 4651861 Araucanía, Angol, Araucanía, Chile to Cauquenes, Chile",,0.00425037664162,353.15726525193588,-72.672,-37.819
"Directions from Dilman Bullock 3056, 4651861 Araucanía, Angol, Araucanía, Chile to Cauquenes, Chile",,0.00483020420219,320.25910350697518,-72.673,-37.818
"Directions from Dilman Bullock 3056, 4651861 Araucanía, Angol, Araucanía, Chile to Cauquenes, Chile",,0.00488405585026,335.81676966407360,-72.673,-37.818
"Directions from Dilman Bullock 3056, 4651861 Araucanía, Angol, Araucanía, Chile to Cauquenes, Chile",,0.00499585924914,358.69871889833036,-72.673,-37.818
"Directions from Dilman Bullock 3056, 4651861 Araucanía, Angol, Araucanía, Chile to Cauquenes, Chile",,0.00509434782716,18.99936622322738,-72.673,-37.818
"Directions from Dilman Bullock 3056, 4651861 Araucanía, Angol, Araucanía, Chile to Cauquenes, Chile",,0.00513557888341,7.01812173635802,-72.673,-37.818
"Directions from Dilman Bullock 3056, 4651861 Araucanía, Angol, Araucanía, Chile to Cauquenes, Chile",,0.00515557888341,12.22197739062653,-72.673,-37.818
"Directions from Dilman Bullock 3056, 4651861 Araucanía, Angol, Araucanía, Chile to Cauquenes, Chile",,0.00551807026262,26.37235527204236,-72.673,-37.818
"Directions from Dilman Bullock 3056, 4651861 Araucanía, Angol, Araucanía, Chile to Cauquenes, Chile",,0.00566571849323,32.16406457352751,-72.672,-37.818
"Directions from Dilman Bullock 3056, 4651861 Araucanía, Angol, Araucanía, Chile to Cauquenes, Chile",,0.00580173319831,39.26891023249475,-72.672,-37.818
"Directions from Dilman Bullock 3056, 4651861 Araucanía, Angol, Araucanía, Chile to Cauquenes, Chile",,0.00596452140427,45.18642615288056,-72.672,-37.818
"Directions from Dilman Bullock 3056, 4651861 Araucanía, Angol, Araucanía, Chile to Cauquenes, Chile",,0.00624771744944,44.74797228022106,-72.672,-37.817
"Directions from Dilman Bullock 3056, 4651861 Araucanía, Angol, Araucanía, Chile to Cauquenes, Chile",,0.00636813339523,43.98287959509851,-72.672,-37.817
"Directions from Dilman Bullock 3056, 4651861 Araucanía, Angol, Araucanía, Chile to Cauquenes, Chile",,0.00697640964826,44.30295442894811,-72.672,-37.817
"Directions from Dilman Bullock 3056, 4651861 Araucanía, Angol, Araucanía, Chile to Cauquenes, Chile",,0.00712507033573,46.01866534686606,-72.671,-37.817
"Directions from Dilman Bullock 3056, 4651861 Araucanía, Angol, Araucanía, Chile to Cauquenes, Chile",,0.00729536419939,46.69440345512280,-72.671,-37.817
"Directions from Dilman Bullock 3056, 4651861 Araucanía, Angol, Araucanía, Chile to Cauquenes, Chile",,0.00817950219768,44.67984312694558,-72.671,-37.816
"Directions from Dilman Bullock 3056, 4651861 Araucanía, Angol, Araucanía, Chile to Cauquenes, Chile",,0.00928267942731,44.30671231845034,-72.670,-37.815
"Directions from Dilman Bullock 3056, 4651861 Araucanía, Angol, Araucanía, Chile to Cauquenes, Chile",,0.00966477889080,45.18422826356326,-72.670,-37.815
"Directions from Dilman Bullock 3056, 4651861 Araucanía, Angol, Araucanía, Chile to Cauquenes, Chile",,0.00982756709677,45.94323086493910,-72.670,-37.815
"Directions from Dilman Bullock 3056, 4651861 Araucanía, Angol, Araucanía, Chile to Cauquenes, Chile",,0.01049935575401,43.52180596955720,-72.669,-37.814
"Directions from Dilman Bullock 3056, 4651861 Araucanía, Angol, Araucanía, Chile to Cauquenes, Chile",,0.01101597940813,43.36866134229840,-72.669,-37.814
"Directions from Dilman Bullock 3056, 4651861 Araucanía, Angol, Araucanía, Chile to Cauquenes, Chile",,0.01324364634913,46.58811816471584,-72.667,-37.812
"Directions from Dilman Bullock 3056, 4651861 Araucanía, Angol, Araucanía, Chile to Cauquenes, Chile",,0.01344214068153,46.79151755591380,-72.667,-37.812
"Directions from Dilman Bullock 3056, 4651861 Araucanía, Angol, Araucanía, Chile to Cauquenes, Chile",,0.01505440616836,45.61656146077772,-72.666,-37.811
"Directions from Dilman Bullock 3056, 4651861 Araucanía, Angol, Araucanía, Chile to Cauquenes, Chile",,0.01528785851896,45.61611984759688,-72.666,-37.811
"Directions from Dilman Bullock 3056, 4651861 Araucanía, Angol, Araucanía, Chile to Cauquenes, Chile",,0.01931145144071,45.18896955189478,-72.663,-37.808
"Directions from Dilman Bullock 3056, 4651861 Araucanía, Angol, Araucanía, Chile to Cauquenes, Chile",,0.02023079903549,44.89613091345885,-72.662,-37.807
"Directions from Dilman Bullock 3056, 4651861 Araucanía, Angol, Araucanía, Chile to Cauquenes, Chile",,0.02209082591701,45.75671001621986,-72.661,-37.806
"Directions from Dilman Bullock 3056, 4651861 Araucanía, Angol, Araucanía, Chile to Cauquenes, Chile",,0.02240227414706,45.72144349700720,-72.661,-37.806
"Directions from Dilman Bullock 3056, 4651861 Araucanía, Angol, Araucanía, Chile to Cauquenes, Chile",,0.02414918570750,44.92270539789618,-72.660,-37.805
"Directions from Dilman Bullock 3056, 4651861 Araucanía, Angol, Araucanía, Chile to Cauquenes, Chile",,0.02455229859491,44.35723798121190,-72.659,-37.804
"Directions from Dilman Bullock 3056, 4651861 Araucanía, Angol, Araucanía, Chile to Cauquenes, Chile",,0.02490613471517,43.85469497913597,-72.659,-37.804
"Directions from Dilman Bullock 3056, 4651861 Araucanía, Angol, Araucanía, Chile to Cauquenes, Chile",,0.02559909936073,41.82990412605209,-72.658,-37.804
"Directions from Dilman Bullock 3056, 4651861 Araucanía, Angol, Araucanía, Chile to Cauquenes, Chile",,0.02566313060311,41.57526292352775,-72.658,-37.803
"Directions from Dilman Bullock 3056, 4651861 Araucanía, Angol, Araucanía, Chile to Cauquenes, Chile",,0.02884523682384,42.36353795309527,-72.656,-37.801
"Directions from Dilman Bullock 3056, 4651861 Araucanía, Angol, Araucanía, Chile to Cauquenes, Chile",,0.02901553068750,42.61817915548741,-72.656,-37.801
"Directions from Dilman Bullock 3056, 4651861 Araucanía, Angol, Araucanía, Chile to Cauquenes, Chile",,0.03010447513051,48.17009587133334,-72.655,-37.800
"Directions from Dilman Bullock 3056, 4651861 Araucanía, Angol, Araucanía, Chile to Cauquenes, Chile",,0.03016850637289,44.99999999950354,-72.655,-37.800
"Directions from Dilman Bullock 3056, 4651861 Araucanía, Angol, Araucanía, Chile to Cauquenes, Chile",,0.03023253761526,40.76935593093418,-72.655,-37.800
"Directions from Dilman Bullock 3056, 4651861 Araucanía, Angol, Araucanía, Chile to Cauquenes, Chile",,0.03042358734702,44.38015380070558,-72.655,-37.800
"Directions from Dilman Bullock 3056, 4651861 Araucanía, Angol, Araucanía, Chile to Cauquenes, Chile",,0.03088326114440,43.65253481005330,-72.655,-37.800
"Directions from Dilman Bullock 3056, 4651861 Araucanía, Angol, Araucanía, Chile to Cauquenes, Chile",,0.03133669250634,42.89282718134487,-72.654,-37.799
"Directions from Dilman Bullock 3056, 4651861 Araucanía, Angol, Araucanía, Chile to Cauquenes, Chile",,0.03451179880378,45.37958488248290,-72.652,-37.797
"Directions from Dilman Bullock 3056, 4651861 Araucanía, Angol, Araucanía, Chile to Cauquenes, Chile",,0.03480179880378,44.45381405199832,-72.652,-37.797
"Directions from Dilman Bullock 3056, 4651861 Araucanía, Angol, Araucanía, Chile to Cauquenes, Chile",,0.03512737521570,43.38796302156840,-72.652,-37.797
"Directions from Dilman Bullock 3056, 4651861 Araucanía, Angol, Araucanía, Chile to Cauquenes, Chile",,0.03733372967499,45.19439083977070,-72.650,-37.795
"Directions from Dilman Bullock 3056, 4651861 Araucanía, Angol, Araucanía, Chile to Cauquenes, Chile",,0.03769442345092,45.34296942306660,-72.650,-37.795
"Directions from Dilman Bullock 3056, 4651861 Araucanía, Angol, Araucanía, Chile to Cauquenes, Chile",,0.04139977093800,44.04691770908177,-72.647,-37.792
"Directions from Dilman Bullock 3056, 4651861 Araucanía, Angol, Araucanía, Chile to Cauquenes, Chile",,0.04250322007593,41.66838518906654,-72.647,-37.791
"Directions from Dilman Bullock 3056, 4651861 Araucanía, Angol, Araucanía, Chile to Cauquenes, Chile",,0.04328424504352,39.01969813458710,-72.646,-37.791
"Directions from Dilman Bullock 3056, 4651861 Araucanía, Angol, Araucanía, Chile to Cauquenes, Chile",,0.04370436407428,36.04708098864821,-72.646,-37.791
"Directions from Dilman Bullock 3056, 4651861 Araucanía, Angol, Araucanía, Chile to Cauquenes, Chile",,0.04557093847676,33.46790643146302,-72.645,-37.789
"Directions from Dilman Bullock 3056, 4651861 Araucanía, Angol, Araucanía, Chile to Cauquenes, Chile",,0.05022514087889,34.97268685246281,-72.642,-37.785
"Directions from Dilman Bullock 3056, 4651861 Araucanía, Angol, Araucanía, Chile to Cauquenes, Chile",,0.05027514087888,34.67054496683756,-72.642,-37.785
"Directions from Dilman Bullock 3056, 4651861 Araucanía, Angol, Araucanía, Chile to Cauquenes, Chile",,0.05210051755235,33.45509079953890,-72.641,-37.783
"Directions from Dilman Bullock 3056, 4651861 Araucanía, Angol, Araucanía, Chile to Cauquenes, Chile",,0.05252489945582,33.66011448669679,-72.641,-37.783
"Directions from Dilman Bullock 3056, 4651861 Araucanía, Angol, Araucanía, Chile to Cauquenes, Chile",,0.05488261020993,33.64980207200669,-72.640,-37.781
"Directions from Dilman Bullock 3056, 4651861 Araucanía, Angol, Araucanía, Chile to Cauquenes, Chile",,0.05553720932388,32.20000192393284,-72.639,-37.781
"Directions from Dilman Bullock 3056, 4651861 Araucanía, Angol, Araucanía, Chile to Cauquenes, Chile",,0.05583737594428,31.43221108410525,-72.639,-37.780
"Directions from Dilman Bullock 3056, 4651861 Araucanía, Angol, Araucanía, Chile to Cauquenes, Chile",,0.06213662193090,38.94139137912170,-72.636,-37.775
"Directions from Dilman Bullock 3056, 4651861 Araucanía, Angol, Araucanía, Chile to Cauquenes, Chile",,0.06215076406652,38.94368851669144,-72.636,-37.775
"Directions from Dilman Bullock 3056, 4651861 Araucanía, Angol, Araucanía, Chile to Cauquenes, Chile",,0.06690223752221,29.72621411337265,-72.633,-37.771
"Directions from Dilman Bullock 3056, 4651861 Araucanía, Angol, Araucanía, Chile to Cauquenes, Chile",,0.06692459820198,29.77481637284162,-72.633,-37.771
"Directions from Dilman Bullock 3056, 4651861 Araucanía, Angol, Araucanía, Chile to Cauquenes, Chile",,0.07120443464745,29.77481638912605,-72.631,-37.767
"Directions from Dilman Bullock 3056, 4651861 Araucanía, Angol, Araucanía, Chile to Cauquenes, Chile",,0.07124915600700,30.12755935560000,-72.631,-37.767
"Directions from Dilman Bullock 3056, 4651861 Araucanía, Angol, Araucanía, Chile to Cauquenes, Chile",,0.07139337805802,32.45423514526331,-72.631,-37.767
"Directions from Dilman Bullock 3056, 4651861 Araucanía, Angol, Araucanía, Chile to Cauquenes, Chile",,0.07255100494091,29.94577462688956,-72.630,-37.766
"Directions from Dilman Bullock 3056, 4651861 Araucanía, Angol, Araucanía, Chile to Cauquenes, Chile",,0.07400990863890,27.61909883417290,-72.630,-37.765
"Directions from Dilman Bullock 3056, 4651861 Araucanía, Angol, Araucanía, Chile to Cauquenes, Chile",,0.07427823679620,29.51812173390338,-72.629,-37.765
"Directions from Dilman Bullock 3056, 4651861 Araucanía, Angol, Araucanía, Chile to Cauquenes, Chile",,0.07440862084430,29.51812173356412,-72.629,-37.765
"Directions from Dilman Bullock 3056, 4651861 Araucanía, Angol, Araucanía, Chile to Cauquenes, Chile",,0.07454278492296,28.41074416961105,-72.629,-37.765
"Directions from Dilman Bullock 3056, 4651861 Araucanía, Angol, Araucanía, Chile to Cauquenes, Chile",,0.07468170936285,28.41074417028956,-72.629,-37.764
"Directions from Dilman Bullock 3056, 4651861 Araucanía, Angol, Araucanía, Chile to Cauquenes, Chile",,0.07481587344150,29.51812173424263,-72.629,-37.764
"Directions from Dilman Bullock 3056, 4651861 Araucanía, Angol, Araucanía, Chile to Cauquenes, Chile",,0.07494625748960,29.51812173220707,-72.629,-37.764
"Directions from Dilman Bullock 3056, 4651861 Araucanía, Angol, Araucanía, Chile to Cauquenes, Chile",,0.07521458564690,28.15496623683265,-72.629,-37.764
"Directions from Dilman Bullock 3056, 4651861 Araucanía, Angol, Araucanía, Chile to Cauquenes, Chile",,0.07561769853432,28.69542833138481,-72.629,-37.764
"Directions from Dilman Bullock 3056, 4651861 Araucanía, Angol, Araucanía, Chile to Cauquenes, Chile",,0.07585476392615,30.66802144227090,-72.629,-37.763
"Directions from Dilman Bullock 3056, 4651861 Araucanía, Angol, Araucanía, Chile to Cauquenes, Chile",,0.07589081943889,30.62143954767271,-72.629,-37.763
"Directions from Dilman Bullock 3056, 4651861 Araucanía, Angol, Araucanía, Chile to Cauquenes, Chile",,0.07615024187431,28.90462437073926,-72.629,-37.763
"Directions from Dilman Bullock 3056, 4651861 Araucanía, Angol, Araucanía, Chile to Cauquenes, Chile",,0.07628916631421,28.41074417010677,-72.628,-37.763
"Directions from Dilman Bullock 3056, 4651861 Araucanía, Angol, Araucanía, Chile to Cauquenes, Chile",,0.07642333039286,29.51812173416280,-72.628,-37.763
"Directions from Dilman Bullock 3056, 4651861 Araucanía, Angol, Araucanía, Chile to Cauquenes, Chile",,0.07655371444096,29.51812173619836,-72.628,-37.763
"Directions from Dilman Bullock 3056, 4651861 Araucanía, Angol, Araucanía, Chile to Cauquenes, Chile",,0.07668787851962,28.41074416961105,-72.628,-37.763
"Directions from Dilman Bullock 3056, 4651861 Araucanía, Angol, Araucanía, Chile to Cauquenes, Chile",,0.07682680295951,28.41074416835095,-72.628,-37.763
"Directions from Dilman Bullock 3056, 4651861 Araucanía, Angol, Araucanía, Chile to Cauquenes, Chile",,0.07698332771793,28.15496623726362,-72.628,-37.762
"Directions from Dilman Bullock 3056, 4651861 Araucanía, Angol, Araucanía, Chile to Cauquenes, Chile",,0.07722519545038,28.15496623750592,-72.628,-37.762
"Directions from Dilman Bullock 3056, 4651861 Araucanía, Angol, Araucanía, Chile to Cauquenes, Chile",,0.07749352360768,29.51812173518058,-72.628,-37.762
"Directions from Dilman Bullock 3056, 4651861 Araucanía, Angol, Araucanía, Chile to Cauquenes, Chile",,0.07762390765579,29.51812173484130,-72.628,-37.762
"Directions from Dilman Bullock 3056, 4651861 Araucanía, Angol, Araucanía, Chile to Cauquenes, Chile",,0.07789223581309,28.02047008962916,-72.628,-37.762
"Directions from Dilman Bullock 3056, 4651861 Araucanía, Angol, Araucanía, Chile to Cauquenes, Chile",,0.07815643270936,28.02047009098620,-72.628,-37.761
"Directions from Dilman Bullock 3056, 4651861 Araucanía, Angol, Araucanía, Chile to Cauquenes, Chile",,0.07829059678801,28.51529804779624,-72.627,-37.761
"Directions from Dilman Bullock 3056, 4651861 Araucanía, Angol, Araucanía, Chile to Cauquenes, Chile",,0.07848782761724,28.51529804779625,-72.627,-37.761
"Directions from Dilman Bullock 3056, 4651861 Araucanía, Angol, Araucanía, Chile to Cauquenes, Chile",,0.07875615577455,29.51812173356412,-72.627,-37.761
"Directions from Dilman Bullock 3056, 4651861 Araucanía, Angol, Araucanía, Chile to Cauquenes, Chile",,0.07888653982265,29.51812173424263,-72.627,-37.761
"Directions from Dilman Bullock 3056, 4651861 Araucanía, Angol, Araucanía, Chile to Cauquenes, Chile",,0.07902070390130,28.41074417028956,-72.627,-37.761
"Directions from Dilman Bullock 3056, 4651861 Araucanía, Angol, Araucanía, Chile to Cauquenes, Chile",,0.07915962834119,28.41074416961106,-72.627,-37.761
"Directions from Dilman Bullock 3056, 4651861 Araucanía, Angol, Araucanía, Chile to Cauquenes, Chile",,0.07929379241984,28.02047009098620,-72.627,-37.760
"Directions from Dilman Bullock 3056, 4651861 Araucanía, Angol, Araucanía, Chile to Cauquenes, Chile",,0.07955798931611,28.02047008962914,-72.627,-37.760
"Directions from Dilman Bullock 3056, 4651861 Araucanía, Angol, Araucanía, Chile to Cauquenes, Chile",,0.07982631747341,28.15496623683265,-72.627,-37.760
"Directions from Dilman Bullock 3056, 4651861 Araucanía, Angol, Araucanía, Chile to Cauquenes, Chile",,0.08022943036083,28.15496623717189,-72.627,-37.760
"Directions from Dilman Bullock 3056, 4651861 Araucanía, Angol, Araucanía, Chile to Cauquenes, Chile",,0.08049775851813,29.51812173518058,-72.626,-37.759
"Directions from Dilman Bullock 3056, 4651861 Araucanía, Angol, Araucanía, Chile to Cauquenes, Chile",,0.08062814256623,29.51812173484130,-72.626,-37.759
"Directions from Dilman Bullock 3056, 4651861 Araucanía, Angol, Araucanía, Chile to Cauquenes, Chile",,0.08089647072354,28.15496623595580,-72.626,-37.759
"Directions from Dilman Bullock 3056, 4651861 Araucanía, Angol, Araucanía, Chile to Cauquenes, Chile",,0.08129958361094,28.15496623765210,-72.626,-37.759
"Directions from Dilman Bullock 3056, 4651861 Araucanía, Angol, Araucanía, Chile to Cauquenes, Chile",,0.08156791176825,29.51812173390338,-72.626,-37.758
"Directions from Dilman Bullock 3056, 4651861 Araucanía, Angol, Araucanía, Chile to Cauquenes, Chile",,0.08169829581635,29.51812173356412,-72.626,-37.758
"Directions from Dilman Bullock 3056, 4651861 Araucanía, Angol, Araucanía, Chile to Cauquenes, Chile",,0.08196662397366,28.41074417034933,-72.626,-37.758
"Directions from Dilman Bullock 3056, 4651861 Araucanía, Angol, Araucanía, Chile to Cauquenes, Chile",,0.08210554841354,26.02892332711539,-72.626,-37.758
"Directions from Dilman Bullock 3056, 4651861 Araucanía, Angol, Araucanía, Chile to Cauquenes, Chile",,0.08215940006162,26.61548755248797,-72.626,-37.758
"Directions from Dilman Bullock 3056, 4651861 Araucanía, Angol, Araucanía, Chile to Cauquenes, Chile",,0.08237035029271,28.99730839572191,-72.626,-37.758
"Directions from Dilman Bullock 3056, 4651861 Araucanía, Angol, Araucanía, Chile to Cauquenes, Chile",,0.08250451437137,22.49999999253630,-72.625,-37.758
"Directions from Dilman Bullock 3056, 4651861 Araucanía, Angol, Araucanía, Chile to Cauquenes, Chile",,0.08253613714796,54.21747440331878,-72.625,-37.758
"Directions from Dilman Bullock 3056, 4651861 Araucanía, Angol, Araucanía, Chile to Cauquenes, Chile",,0.08254613714796,56.98124448686940,-72.625,-37.758
"Directions from Dilman Bullock 3056, 4651861 Araucanía, Angol, Araucanía, Chile to Cauquenes, Chile",,0.08264462572598,26.71918898825896,-72.625,-37.757
"Directions from Dilman Bullock 3056, 4651861 Araucanía, Angol, Araucanía, Chile to Cauquenes, Chile",,0.08290882262225,28.02047009060708,-72.625,-37.757
"Directions from Dilman Bullock 3056, 4651861 Araucanía, Angol, Araucanía, Chile to Cauquenes, Chile",,0.08304298670091,28.41074417288060,-72.625,-37.757
"Directions from Dilman Bullock 3056, 4651861 Araucanía, Angol, Araucanía, Chile to Cauquenes, Chile",,0.08318191114080,28.41074417016652,-72.625,-37.757
"Directions from Dilman Bullock 3056, 4651861 Araucanía, Angol, Araucanía, Chile to Cauquenes, Chile",,0.08331607521945,29.51812173348429,-72.625,-37.757
"Directions from Dilman Bullock 3056, 4651861 Araucanía, Angol, Araucanía, Chile to Cauquenes, Chile",,0.08344645926756,29.51812173518058,-72.625,-37.757
"Directions from Dilman Bullock 3056, 4651861 Araucanía, Angol, Araucanía, Chile to Cauquenes, Chile",,0.08371478742486,28.41074416859327,-72.625,-37.757
"Directions from Dilman Bullock 3056, 4651861 Araucanía, Angol, Araucanía, Chile to Cauquenes, Chile",,0.08385371186475,28.41074416961106,-72.625,-37.756
"Directions from Dilman Bullock 3056, 4651861 Araucanía, Angol, Araucanía, Chile to Cauquenes, Chile",,0.08398787594340,28.02047009098620,-72.625,-37.756
"Directions from Dilman Bullock 3056, 4651861 Araucanía, Angol, Araucanía, Chile to Cauquenes, Chile",,0.08425207283967,28.02047009098620,-72.625,-37.756
"Directions from Dilman Bullock 3056, 4651861 Araucanía, Angol, Araucanía, Chile to Cauquenes, Chile",,0.08452040099698,29.51812173356412,-72.625,-37.756
"Directions from Dilman Bullock 3056, 4651861 Araucanía, Angol, Araucanía, Chile to Cauquenes, Chile",,0.08465078504508,29.51812173424263,-72.624,-37.756
"Directions from Dilman Bullock 3056, 4651861 Araucanía, Angol, Araucanía, Chile to Cauquenes, Chile",,0.08478494912373,28.41074417028956,-72.624,-37.756
"Directions from Dilman Bullock 3056, 4651861 Araucanía, Angol, Araucanía, Chile to Cauquenes, Chile",,0.08492387356362,28.41074416859329,-72.624,-37.755
"Directions from Dilman Bullock 3056, 4651861 Araucanía, Angol, Araucanía, Chile to Cauquenes, Chile",,0.08519220172092,29.51812173518058,-72.624,-37.755
"Directions from Dilman Bullock 3056, 4651861 Araucanía, Angol, Araucanía, Chile to Cauquenes, Chile",,0.08532258576903,29.51812173484130,-72.624,-37.755
"Directions from Dilman Bullock 3056, 4651861 Araucanía, Angol, Araucanía, Chile to Cauquenes, Chile",,0.08559091392633,28.15496623683265,-72.624,-37.755
"Directions from Dilman Bullock 3056, 4651861 Araucanía, Angol, Araucanía, Chile to Cauquenes, Chile",,0.08599402681374,28.15496623717189,-72.624,-37.755
"Directions from Dilman Bullock 3056, 4651861 Araucanía, Angol, Araucanía, Chile to Cauquenes, Chile",,0.08626235497104,29.51812173254633,-72.624,-37.754
"Directions from Dilman Bullock 3056, 4651861 Araucanía, Angol, Araucanía, Chile to Cauquenes, Chile",,0.08639273901914,29.51812173356412,-72.624,-37.754
"Directions from Dilman Bullock 3056, 4651861 Araucanía, Angol, Araucanía, Chile to Cauquenes, Chile",,0.08666106717645,28.41074417034933,-72.624,-37.754
"Directions from Dilman Bullock 3056, 4651861 Araucanía, Angol, Araucanía, Chile to Cauquenes, Chile",,0.08679999161634,26.72751383620113,-72.623,-37.754
"Directions from Dilman Bullock 3056, 4651861 Araucanía, Angol, Araucanía, Chile to Cauquenes, Chile",,0.08687614934739,25.84337344472513,-72.623,-37.754
"Directions from Dilman Bullock 3056, 4651861 Araucanía, Angol, Araucanía, Chile to Cauquenes, Chile",,0.10033591531862,27.52660377768592,-72.617,-37.742
"Directions from Dilman Bullock 3056, 4651861 Araucanía, Angol, Araucanía, Chile to Cauquenes, Chile",,0.10051480075682,35.78252559820789,-72.617,-37.742
"Directions from Dilman Bullock 3056, 4651861 Araucanía, Angol, Araucanía, Chile to Cauquenes, Chile",,0.10052894289244,36.64535282924262,-72.617,-37.742
"Directions from Dilman Bullock 3056, 4651861 Araucanía, Angol, Araucanía, Chile to Cauquenes, Chile",,0.10439014736773,29.01779346750298,-72.615,-37.738
"Directions from Dilman Bullock 3056, 4651861 Araucanía, Angol, Araucanía, Chile to Cauquenes, Chile",,0.10592197633991,28.37877332232045,-72.614,-37.737
"Directions from Dilman Bullock 3056, 4651861 Araucanía, Angol, Araucanía, Chile to Cauquenes, Chile",,0.10649442721116,28.08322709709061,-72.614,-37.736
"Directions from Dilman Bullock 3056, 4651861 Araucanía, Angol, Araucanía, Chile to Cauquenes, Chile",,0.10817766813272,30.57958602740253,-72.613,-37.735
"Directions from Dilman Bullock 3056, 4651861 Araucanía, Angol, Araucanía, Chile to Cauquenes, Chile",,0.10846068756669,30.81456597950319,-72.613,-37.735
"Directions from Dilman Bullock 3056, 4651861 Araucanía, Angol, Araucanía, Chile to Cauquenes, Chile",,0.10904737317244,28.53173834947089,-72.613,-37.734
"Directions from Dilman Bullock 3056, 4651861 Araucanía, Angol, Araucanía, Chile to Cauquenes, Chile",,0.11021920933846,28.95263643395465,-72.612,-37.733
"Directions from Dilman Bullock 3056, 4651861 Araucanía, Angol, Araucanía, Chile to Cauquenes, Chile",,0.11120536348462,28.18602645932810,-72.612,-37.732
"Directions from Dilman Bullock 3056, 4651861 Araucanía, Angol, Araucanía, Chile to Cauquenes, Chile",,0.11198356654296,27.74217334061587,-72.611,-37.732
"Directions from Dilman Bullock 3056, 4651861 Araucanía, Angol, Araucanía, Chile to Cauquenes, Chile",,0.11240900749069,30.67937688747663,-72.611,-37.731
"Directions from Dilman Bullock 3056, 4651861 Araucanía, Angol, Araucanía, Chile to Cauquenes, Chile",,0.11349127363171,29.91779585770372,-72.611,-37.730
"Directions from Dilman Bullock 3056, 4651861 Araucanía, Angol, Araucanía, Chile to Cauquenes, Chile",,0.11727597969691,26.73119736601019,-72.609,-37.727
"Directions from Dilman Bullock 3056, 4651861 Araucanía, Angol, Araucanía, Chile to Cauquenes, Chile",,0.11771881149342,27.30260207790927,-72.609,-37.727
"Directions from Dilman Bullock 3056, 4651861 Araucanía, Angol, Araucanía, Chile to Cauquenes, Chile",,0.11849778517719,28.42173070505792,-72.608,-37.726
"Directions from Dilman Bullock 3056, 4651861 Araucanía, Angol, Araucanía, Chile to Cauquenes, Chile",,0.11897191596083,25.38009167338150,-72.608,-37.726
"Directions from Dilman Bullock 3056, 4651861 Araucanía, Angol, Araucanía, Chile to Cauquenes, Chile",,0.11986348760686,34.05710400170803,-72.608,-37.725
"Directions from Dilman Bullock 3056, 4651861 Araucanía, Angol, Araucanía, Chile to Cauquenes, Chile",,0.11987762974249,30.26205550668848,-72.608,-37.725
"Directions from Dilman Bullock 3056, 4651861 Araucanía, Angol, Araucanía, Chile to Cauquenes, Chile",,0.12006444515940,17.66149367374434,-72.608,-37.725
"Directions from Dilman Bullock 3056, 4651861 Araucanía, Angol, Araucanía, Chile to Cauquenes, Chile",,0.12033015176452,17.43368225787821,-72.608,-37.724
"Directions from Dilman Bullock 3056, 4651861 Araucanía, Angol, Araucanía, Chile to Cauquenes, Chile",,0.12059941000487,17.52579734070306,-72.607,-37.724
"Directions from Dilman Bullock 3056, 4651861 Araucanía, Angol, Araucanía, Chile to Cauquenes, Chile",,0.12071645700399,16.17069578966580,-72.607,-37.724
"Directions from Dilman Bullock 3056, 4651861 Araucanía, Angol, Araucanía, Chile to Cauquenes, Chile",,0.12253868091997,11.11204600092538,-72.607,-37.722
"Directions from Dilman Bullock 3056, 4651861 Araucanía, Angol, Araucanía, Chile to Cauquenes, Chile",,0.12277213327057,11.18461442033322,-72.607,-37.722
"Directions from Dilman Bullock 3056, 4651861 Araucanía, Angol, Araucanía, Chile to Cauquenes, Chile",,0.13256437509765,13.07692051633086,-72.605,-37.712
"Directions from Dilman Bullock 3056, 4651861 Araucanía, Angol, Araucanía, Chile to Cauquenes, Chile",,0.13328472223618,12.60527496441955,-72.605,-37.712
"Directions from Dilman Bullock 3056, 4651861 Araucanía, Angol, Araucanía, Chile to Cauquenes, Chile",,0.13418294269910,12.79818713150248,-72.605,-37.711
"Directions from Dilman Bullock 3056, 4651861 Araucanía, Angol, Araucanía, Chile to Cauquenes, Chile",,0.13463648431792,13.00885908837321,-72.604,-37.710
"Directions from Dilman Bullock 3056, 4651861 Araucanía, Angol, Araucanía, Chile to Cauquenes, Chile",,0.13781574523832,12.65300298489324,-72.604,-37.707
"Directions from Dilman Bullock 3056, 4651861 Araucanía, Angol, Araucanía, Chile to Cauquenes, Chile",,0.13898728268971,11.39342673509654,-72.604,-37.706
"Directions from Dilman Bullock 3056, 4651861 Araucanía, Angol, Araucanía, Chile to Cauquenes, Chile",,0.14020383519577,4.00605295848298,-72.603,-37.705
"Directions from Dilman Bullock 3056, 4651861 Araucanía, Angol, Araucanía, Chile to Cauquenes, Chile",,0.14099408831978,0.09318037537914,-72.603,-37.704
"Directions from Dilman Bullock 3056, 4651861 Araucanía, Angol, Araucanía, Chile to Cauquenes, Chile",,0.14134423114778,0.34869304805855,-72.603,-37.704
"Directions from Dilman Bullock 3056, 4651861 Araucanía, Angol, Araucanía, Chile to Cauquenes, Chile",,0.14195431310948,354.37798129216725,-72.603,-37.703
"Directions from Dilman Bullock 3056, 4651861 Araucanía, Angol, Araucanía, Chile to Cauquenes, Chile",,0.14228972330611,350.96499375654810,-72.603,-37.703
"Directions from Dilman Bullock 3056, 4651861 Araucanía, Angol, Araucanía, Chile to Cauquenes, Chile",,0.14273379537233,349.43395164307469,-72.603,-37.702
"Directions from Dilman Bullock 3056, 4651861 Araucanía, Angol, Araucanía, Chile to Cauquenes, Chile",,0.14377191867907,351.47084165789312,-72.604,-37.701
"Directions from Dilman Bullock 3056, 4651861 Araucanía, Angol, Araucanía, Chile to Cauquenes, Chile",,0.14408256317041,357.45571649331009,-72.604,-37.701
"Directions from Dilman Bullock 3056, 4651861 Araucanía, Angol, Araucanía, Chile to Cauquenes, Chile",,0.14449268510350,359.78692045212813,-72.604,-37.701
"Directions from Dilman Bullock 3056, 4651861 Araucanía, Angol, Araucanía, Chile to Cauquenes, Chile",,0.14508276984318,4.80407667290694,-72.604,-37.700
"Directions from Dilman Bullock 3056, 4651861 Araucanía, Angol, Araucanía, Chile to Cauquenes, Chile",,0.14588183179322,12.36397388183785,-72.604,-37.699
"Directions from Dilman Bullock 3056, 4651861 Araucanía, Angol, Araucanía, Chile to Cauquenes, Chile",,0.14642303415833,17.45776318332115,-72.603,-37.699
"Directions from Dilman Bullock 3056, 4651861 Araucanía, Angol, Araucanía, Chile to Cauquenes, Chile",,0.14735276530226,23.95678072077557,-72.603,-37.698
"Directions from Dilman Bullock 3056, 4651861 Araucanía, Angol, Araucanía, Chile to Cauquenes, Chile",,0.14897772684026,31.10009669168783,-72.602,-37.696
"Directions from Dilman Bullock 3056, 4651861 Araucanía, Angol, Araucanía, Chile to Cauquenes, Chile",,0.15007608925769,34.70791954163241,-72.602,-37.696
"Directions from Dilman Bullock 3056, 4651861 Araucanía, Angol, Araucanía, Chile to Cauquenes, Chile",,0.15068411886223,33.76144994282132,-72.601,-37.695
"Directions from Dilman Bullock 3056, 4651861 Araucanía, Angol, Araucanía, Chile to Cauquenes, Chile",,0.15106999448986,29.13449988528123,-72.601,-37.695
"Directions from Dilman Bullock 3056, 4651861 Araucanía, Angol, Araucanía, Chile to Cauquenes, Chile",,0.15159772548194,23.42473668109007,-72.601,-37.694
"Directions from Dilman Bullock 3056, 4651861 Araucanía, Angol, Araucanía, Chile to Cauquenes, Chile",,0.15266055190239,23.47427902566028,-72.601,-37.693
"Directions from Dilman Bullock 3056, 4651861 Araucanía, Angol, Araucanía, Chile to Cauquenes, Chile",,0.15309884404240,30.41987461135166,-72.600,-37.693
"Directions from Dilman Bullock 3056, 4651861 Araucanía, Angol, Araucanía, Chile to Cauquenes, Chile",,0.15374784327199,32.70683524222139,-72.600,-37.692
"Directions from Dilman Bullock 3056, 4651861 Araucanía, Angol, Araucanía, Chile to Cauquenes, Chile",,0.15439444979840,30.95075488580926,-72.600,-37.692
"Directions from Dilman Bullock 3056, 4651861 Araucanía, Angol, Araucanía, Chile to Cauquenes, Chile",,0.15964623044881,29.59216135770516,-72.597,-37.687
"Directions from Dilman Bullock 3056, 4651861 Araucanía, Angol, Araucanía, Chile to Cauquenes, Chile",,0.16195594904639,29.75832665411290,-72.596,-37.685
"Directions from Dilman Bullock 3056, 4651861 Araucanía, Angol, Araucanía, Chile to Cauquenes, Chile",,0.16325594904639,27.94907184862892,-72.595,-37.684
"Directions from Dilman Bullock 3056, 4651861 Araucanía, Angol, Araucanía, Chile to Cauquenes, Chile",,0.16390901872108,19.05613098845537,-72.595,-37.683
"Directions from Dilman Bullock 3056, 4651861 Araucanía, Angol, Araucanía, Chile to Cauquenes, Chile",,0.16454462866436,14.79137722585934,-72.595,-37.683
"Directions from Dilman Bullock 3056, 4651861 Araucanía, Angol, Araucanía, Chile to Cauquenes, Chile",,0.16488944745735,14.08416562021408,-72.595,-37.683
"Directions from Dilman Bullock 3056, 4651861 Araucanía, Angol, Araucanía, Chile to Cauquenes, Chile",,0.16514439843303,13.41702173577712,-72.595,-37.682
"Directions from Dilman Bullock 3056, 4651861 Araucanía, Angol, Araucanía, Chile to Cauquenes, Chile",,0.16533121384995,11.58738097629904,-72.595,-37.682
"Directions from Dilman Bullock 3056, 4651861 Araucanía, Angol, Araucanía, Chile to Cauquenes, Chile",,0.16600723160120,3.82532547768862,-72.595,-37.681
"Directions from Dilman Bullock 3056, 4651861 Araucanía, Angol, Araucanía, Chile to Cauquenes, Chile",,0.16667723160120,357.73111374597528,-72.595,-37.681
"Directions from Dilman Bullock 3056, 4651861 Araucanía, Angol, Araucanía, Chile to Cauquenes, Chile",,0.16730921261357,352.99995264031207,-72.595,-37.680
"Directions from Dilman Bullock 3056, 4651861 Araucanía, Angol, Araucanía, Chile to Cauquenes, Chile",,0.16737004023887,352.88701805164089,-72.595,-37.680
"Directions from Dilman Bullock 3056, 4651861 Araucanía, Angol, Araucanía, Chile to Cauquenes, Chile",,0.16749045618466,353.24509802614426,-72.595,-37.680
"Directions from Dilman Bullock 3056, 4651861 Araucanía, Angol, Araucanía, Chile to Cauquenes, Chile",,0.16775351511342,352.73975591749820,-72.595,-37.680
"Directions from Dilman Bullock 3056, 4651861 Araucanía, Angol, Araucanía, Chile to Cauquenes, Chile",,0.16864805410083,357.11283704865815,-72.595,-37.679
"Directions from Dilman Bullock 3056, 4651861 Araucanía, Angol, Araucanía, Chile to Cauquenes, Chile",,0.16874805410083,356.82990412605210,-72.595,-37.679
"Directions from Dilman Bullock 3056, 4651861 Araucanía, Angol, Araucanía, Chile to Cauquenes, Chile",,0.16892916180360,356.82990412605210,-72.595,-37.679
"Directions from Dilman Bullock 3056, 4651861 Araucanía, Angol, Araucanía, Chile to Cauquenes, Chile",,0.16898916180360,357.10039118548400,-72.595,-37.678
"Directions from Dilman Bullock 3056, 4651861 Araucanía, Angol, Araucanía, Chile to Cauquenes, Chile",,0.17027574642965,355.63790221074032,-72.595,-37.677
"Directions from Dilman Bullock 3056, 4651861 Araucanía, Angol, Araucanía, Chile to Cauquenes, Chile",,0.17164753358515,355.56749239910459,-72.595,-37.676
"Directions from Dilman Bullock 3056, 4651861 Araucanía, Angol, Araucanía, Chile to Cauquenes, Chile",,0.17338687254005,353.33018404428293,-72.595,-37.674
"Directions from Dilman Bullock 3056, 4651861 Araucanía, Angol, Araucanía, Chile to Cauquenes, Chile",,0.17416333889475,353.98247095627426,-72.595,-37.673
"Directions from Dilman Bullock 3056, 4651861 Araucanía, Angol, Araucanía, Chile to Cauquenes, Chile",,0.17453455311862,357.68226828583960,-72.595,-37.673
"Directions from Dilman Bullock 3056, 4651861 Araucanía, Angol, Araucanía, Chile to Cauquenes, Chile",,0.17462455311862,357.14470343427325,-72.595,-37.673
"Directions from Dilman Bullock 3056, 4651861 Araucanía, Angol, Araucanía, Chile to Cauquenes, Chile",,0.17472505187483,356.23071931183080,-72.595,-37.673
"Directions from Dilman Bullock 3056, 4651861 Araucanía, Angol, Araucanía, Chile to Cauquenes, Chile",,0.17566553047639,6.10413761391552,-72.595,-37.672
"Directions from Dilman Bullock 3056, 4651861 Araucanía, Angol, Araucanía, Chile to Cauquenes, Chile",,0.17570676153265,9.83346311547559,-72.595,-37.672
"Directions from Dilman Bullock 3056, 4651861 Araucanía, Angol, Araucanía, Chile to Cauquenes, Chile",,0.17642020389193,25.31534136893979,-72.595,-37.671
"Directions from Dilman Bullock 3056, 4651861 Araucanía, Angol, Araucanía, Chile to Cauquenes, Chile",,0.17643434602754,25.85491839467330,-72.595,-37.671
"Directions from Dilman Bullock 3056, 4651861 Araucanía, Angol, Araucanía, Chile to Cauquenes, Chile",,0.17660551845523,3.35491840485109,-72.595,-37.671
"Directions from Dilman Bullock 3056, 4651861 Araucanía, Angol, Araucanía, Chile to Cauquenes, Chile",,0.17666551845523,5.15242323422017,-72.595,-37.671
"Directions from Dilman Bullock 3056, 4651861 Araucanía, Angol, Araucanía, Chile to Cauquenes, Chile",,0.17688912525298,12.71442688809831,-72.595,-37.671
"Directions from Dilman Bullock 3056, 4651861 Araucanía, Angol, Araucanía, Chile to Cauquenes, Chile",,0.17765567596884,16.77947806572082,-72.595,-37.670
"Directions from Dilman Bullock 3056, 4651861 Araucanía, Angol, Araucanía, Chile to Cauquenes, Chile",,0.17816164039448,31.71747442202045,-72.595,-37.669
"Directions from Dilman Bullock 3056, 4651861 Araucanía, Angol, Araucanía, Chile to Cauquenes, Chile",,0.17817578253010,33.50564160857511,-72.595,-37.669
"Directions from Dilman Bullock 3056, 4651861 Araucanía, Angol, Araucanía, Chile to Cauquenes, Chile",,0.17868273420432,23.97678934323698,-72.595,-37.669
"Directions from Dilman Bullock 3056, 4651861 Araucanía, Angol, Araucanía, Chile to Cauquenes, Chile",,0.17909419501655,35.47114775501743,-72.594,-37.669
"Directions from Dilman Bullock 3056, 4651861 Araucanía, Angol, Araucanía, Chile to Cauquenes, Chile",,0.17910833715218,36.48973720413879,-72.594,-37.669
"Directions from Dilman Bullock 3056, 4651861 Araucanía, Angol, Araucanía, Chile to Cauquenes, Chile",,0.17947069057082,29.70452000211216,-72.594,-37.668
"Directions from Dilman Bullock 3056, 4651861 Araucanía, Angol, Araucanía, Chile to Cauquenes, Chile",,0.17968164080192,33.30513248855658,-72.594,-37.668
"Directions from Dilman Bullock 3056, 4651861 Araucanía, Angol, Araucanía, Chile to Cauquenes, Chile",,0.18042796512820,38.04754129046966,-72.594,-37.667
"Directions from Dilman Bullock 3056, 4651861 Araucanía, Angol, Araucanía, Chile to Cauquenes, Chile",,0.18062645946061,20.45719161006424,-72.594,-37.667
"Directions from Dilman Bullock 3056, 4651861 Araucanía, Angol, Araucanía, Chile to Cauquenes, Chile",,0.18063645946060,19.64470343116957,-72.594,-37.667
"Directions from Dilman Bullock 3056, 4651861 Araucanía, Angol, Araucanía, Chile to Cauquenes, Chile",,0.18134709298079,40.63830967913412,-72.593,-37.667
"Directions from Dilman Bullock 3056, 4651861 Araucanía, Angol, Araucanía, Chile to Cauquenes, Chile",,0.18161616546173,40.98704937111812,-72.593,-37.666
"Directions from Dilman Bullock 3056, 4651861 Araucanía, Angol, Araucanía, Chile to Cauquenes, Chile",,0.18202076402822,38.20163238264667,-72.593,-37.666
"Directions from Dilman Bullock 3056, 4651861 Araucanía, Angol, Araucanía, Chile to Cauquenes, Chile",,0.18277878777454,33.84005510699486,-72.592,-37.666
"Directions from Dilman Bullock 3056, 4651861 Araucanía, Angol, Araucanía, Chile to Cauquenes, Chile",,0.18343392134871,28.91439143604072,-72.592,-37.665
"Directions from Dilman Bullock 3056, 4651861 Araucanía, Angol, Araucanía, Chile to Cauquenes, Chile",,0.18372461018578,31.71747440983256,-72.592,-37.665
"Directions from Dilman Bullock 3056, 4651861 Araucanía, Angol, Araucanía, Chile to Cauquenes, Chile",,0.18377461018578,31.34544480854269,-72.592,-37.665
"Directions from Dilman Bullock 3056, 4651861 Araucanía, Angol, Araucanía, Chile to Cauquenes, Chile",,0.18411899369294,23.81120073042500,-72.592,-37.664
"Directions from Dilman Bullock 3056, 4651861 Araucanía, Angol, Araucanía, Chile to Cauquenes, Chile",,0.18471136182172,20.30064732217192,-72.591,-37.664
"Directions from Dilman Bullock 3056, 4651861 Araucanía, Angol, Araucanía, Chile to Cauquenes, Chile",,0.18520784948521,16.06220820995475,-72.591,-37.663
"Directions from Dilman Bullock 3056, 4651861 Araucanía, Angol, Araucanía, Chile to Cauquenes, Chile",,0.18559836196901,11.01337752608126,-72.591,-37.663
"Directions from Dilman Bullock 3056, 4651861 Araucanía, Angol, Araucanía, Chile to Cauquenes, Chile",,0.18658977510186,5.71426739249011,-72.591,-37.662
"Directions from Dilman Bullock 3056, 4651861 Araucanía, Angol, Araucanía, Chile to Cauquenes, Chile",,0.18701025102270,1.36315549736761,-72.591,-37.662
"Directions from Dilman Bullock 3056, 4651861 Araucanía, Angol, Araucanía, Chile to Cauquenes, Chile",,0.18729025102270,358.63684450260939,-72.591,-37.661
"Directions from Dilman Bullock 3056, 4651861 Araucanía, Angol, Araucanía, Chile to Cauquenes, Chile",,0.18771072694353,345.35431890999928,-72.591,-37.661
"Directions from Dilman Bullock 3056, 4651861 Araucanía, Angol, Araucanía, Chile to Cauquenes, Chile",,0.18773308762330,342.92728793836073,-72.591,-37.661
"Directions from Dilman Bullock 3056, 4651861 Araucanía, Angol, Araucanía, Chile to Cauquenes, Chile",,0.19038627438643,353.10808958024376,-72.591,-37.658
"Directions from Dilman Bullock 3056, 4651861 Araucanía, Angol, Araucanía, Chile to Cauquenes, Chile",,0.19223711203463,356.89827604927291,-72.592,-37.656
"Directions from Dilman Bullock 3056, 4651861 Araucanía, Angol, Araucanía, Chile to Cauquenes, Chile",,0.19241711203463,358.31676966772352,-72.592,-37.656
"Directions from Dilman Bullock 3056, 4651861 Araucanía, Angol, Araucanía, Chile to Cauquenes, Chile",,0.19275769976194,354.25171849132403,-72.592,-37.656
"Directions from Dilman Bullock 3056, 4651861 Araucanía, Angol, Araucanía, Chile to Cauquenes, Chile",,0.19296983179630,353.59472701444759,-72.592,-37.656
"Directions from Dilman Bullock 3056, 4651861 Araucanía, Angol, Araucanía, Chile to Cauquenes, Chile",,0.19468555321891,356.15338443898025,-72.592,-37.654
"Directions from Dilman Bullock 3056, 4651861 Araucanía, Angol, Araucanía, Chile to Cauquenes, Chile",,0.19525634214662,358.96618084888996,-72.592,-37.653
"Directions from Dilman Bullock 3056, 4651861 Araucanía, Angol, Araucanía, Chile to Cauquenes, Chile",,0.21101848667077,1.52662225677147,-72.592,-37.638
"Directions from Dilman Bullock 3056, 4651861 Araucanía, Angol, Araucanía, Chile to Cauquenes, Chile",,0.21264959059143,1.27107297215339,-72.591,-37.636
"Directions from Dilman Bullock 3056, 4651861 Araucanía, Angol, Araucanía, Chile to Cauquenes, Chile",,0.21396962846967,1.72341906817407,-72.591,-37.635
"Directions from Dilman Bullock 3056, 4651861 Araucanía, Angol, Araucanía, Chile to Cauquenes, Chile",,0.21473068037329,1.95398060728257,-72.591,-37.634
"Directions from Dilman Bullock 3056, 4651861 Araucanía, Angol, Araucanía, Chile to Cauquenes, Chile",,0.21601083661376,359.56639134313775,-72.591,-37.633
"Directions from Dilman Bullock 3056, 4651861 Araucanía, Angol, Araucanía, Chile to Cauquenes, Chile",,0.21666114423327,356.19281132355167,-72.591,-37.632
"Directions from Dilman Bullock 3056, 4651861 Araucanía, Angol, Araucanía, Chile to Cauquenes, Chile",,0.22029005591586,355.24011280783202,-72.592,-37.628
"Directions from Dilman Bullock 3056, 4651861 Araucanía, Angol, Araucanía, Chile to Cauquenes, Chile",,0.22107165683704,358.16610597217101,-72.592,-37.628
"Directions from Dilman Bullock 3056, 4651861 Araucanía, Angol, Araucanía, Chile to Cauquenes, Chile",,0.22179165683704,0.62268213328642,-72.592,-37.627
"Directions from Dilman Bullock 3056, 4651861 Araucanía, Angol, Araucanía, Chile to Cauquenes, Chile",,0.22455230893392,3.30059465560075,-72.592,-37.624
"Directions from Dilman Bullock 3056, 4651861 Araucanía, Angol, Araucanía, Chile to Cauquenes, Chile",,0.22487371210752,3.47348265703274,-72.592,-37.624
"Directions from Dilman Bullock 3056, 4651861 Araucanía, Angol, Araucanía, Chile to Cauquenes, Chile",,0.22523385096963,2.46897945564124,-72.592,-37.623
"Directions from Dilman Bullock 3056, 4651861 Araucanía, Angol, Araucanía, Chile to Cauquenes, Chile",,0.22694677245061,4.31844992369152,-72.592,-37.622
"Directions from Dilman Bullock 3056, 4651861 Araucanía, Angol, Araucanía, Chile to Cauquenes, Chile",,0.22748908232513,6.71009177930387,-72.592,-37.621
"Directions from Dilman Bullock 3056, 4651861 Araucanía, Angol, Araucanía, Chile to Cauquenes, Chile",,0.22770121435948,6.55821806239131,-72.592,-37.621
"Directions from Dilman Bullock 3056, 4651861 Araucanía, Angol, Araucanía, Chile to Cauquenes, Chile",,0.22919687474874,2.90832462852779,-72.591,-37.619
"Directions from Dilman Bullock 3056, 4651861 Araucanía, Angol, Araucanía, Chile to Cauquenes, Chile",,0.22988694720871,1.77831324006226,-72.591,-37.619
"Directions from Dilman Bullock 3056, 4651861 Araucanía, Angol, Araucanía, Chile to Cauquenes, Chile",,0.23030742312954,1.58872477085495,-72.591,-37.618
"Directions from Dilman Bullock 3056, 4651861 Araucanía, Angol, Araucanía, Chile to Cauquenes, Chile",,0.23157746249901,1.65677188596180,-72.591,-37.617
"Directions from Dilman Bullock 3056, 4651861 Araucanía, Angol, Araucanía, Chile to Cauquenes, Chile",,0.23197796218690,0.61291409142348,-72.591,-37.617
"Directions from Dilman Bullock 3056, 4651861 Araucanía, Angol, Araucanía, Chile to Cauquenes, Chile",,0.23232810501490,359.83640638883850,-72.591,-37.616
"Directions from Dilman Bullock 3056, 4651861 Araucanía, Angol, Araucanía, Chile to Cauquenes, Chile",,0.23407856209806,359.46172289433008,-72.591,-37.615
"Directions from Dilman Bullock 3056, 4651861 Araucanía, Angol, Araucanía, Chile to Cauquenes, Chile",,0.23431877034105,359.92551751617231,-72.591,-37.614
"Directions from Dilman Bullock 3056, 4651861 Araucanía, Angol, Araucanía, Chile to Cauquenes, Chile",,0.23559974653131,3.60335989573360,-72.591,-37.613
"Directions from Dilman Bullock 3056, 4651861 Araucanía, Angol, Araucanía, Chile to Cauquenes, Chile",,0.23606148238653,6.46491321550513,-72.591,-37.613
"Directions from Dilman Bullock 3056, 4651861 Araucanía, Angol, Araucanía, Chile to Cauquenes, Chile",,0.23844444273030,6.95347437859176,-72.591,-37.610
"Directions from Dilman Bullock 3056, 4651861 Araucanía, Angol, Araucanía, Chile to Cauquenes, Chile",,0.23892703987079,3.60295413070379,-72.591,-37.610
"Directions from Dilman Bullock 3056, 4651861 Araucanía, Angol, Araucanía, Chile to Cauquenes, Chile",,0.24165769913185,0.62952260363842,-72.591,-37.607
"Directions from Dilman Bullock 3056, 4651861 Araucanía, Angol, Araucanía, Chile to Cauquenes, Chile",,0.24285769913184,0.47623027138859,-72.591,-37.606
"Directions from Dilman Bullock 3056, 4651861 Araucanía, Angol, Araucanía, Chile to Cauquenes, Chile",,0.25488936152738,357.62093370566186,-72.591,-37.594
"Directions from Dilman Bullock 3056, 4651861 Araucanía, Angol, Araucanía, Chile to Cauquenes, Chile",,0.25498986028358,357.14470343427325,-72.591,-37.594
"Directions from Dilman Bullock 3056, 4651861 Araucanía, Angol, Araucanía, Chile to Cauquenes, Chile",,0.25506986028359,354.84757676577982,-72.591,-37.594
"Directions from Dilman Bullock 3056, 4651861 Araucanía, Angol, Araucanía, Chile to Cauquenes, Chile",,0.25529346708133,354.84757676577982,-72.591,-37.593
"Directions from Dilman Bullock 3056, 4651861 Araucanía, Angol, Araucanía, Chile to Cauquenes, Chile",,0.25530346708133,351.03604011853406,-72.591,-37.593
"Directions from Dilman Bullock 3056, 4651861 Araucanía, Angol, Araucanía, Chile to Cauquenes, Chile",,0.25566081844904,351.03604011853406,-72.591,-37.593
"Directions from Dilman Bullock 3056, 4651861 Araucanía, Angol, Araucanía, Chile to Cauquenes, Chile",,0.25568081844904,353.14651949777726,-72.591,-37.593
"Directions from Dilman Bullock 3056, 4651861 Araucanía, Angol, Araucanía, Chile to Cauquenes, Chile",,0.25610283740596,350.76469865332660,-72.591,-37.593
"Directions from Dilman Bullock 3056, 4651861 Araucanía, Angol, Araucanía, Chile to Cauquenes, Chile",,0.25634366929753,357.07771706204522,-72.591,-37.592
"Directions from Dilman Bullock 3056, 4651861 Araucanía, Angol, Araucanía, Chile to Cauquenes, Chile",,0.25687376362876,0.70431436744736,-72.591,-37.592
"Directions from Dilman Bullock 3056, 4651861 Araucanía, Angol, Araucanía, Chile to Cauquenes, Chile",,0.25779463278342,1.24477646095157,-72.591,-37.591
"Directions from Dilman Bullock 3056, 4651861 Araucanía, Angol, Araucanía, Chile to Cauquenes, Chile",,0.25893463278342,0.73440035716282,-72.591,-37.590
"Directions from Dilman Bullock 3056, 4651861 Araucanía, Angol, Araucanía, Chile to Cauquenes, Chile",,0.26049514551967,2.35425050496828,-72.591,-37.588
"Directions from Dilman Bullock 3056, 4651861 Araucanía, Angol, Araucanía, Chile to Cauquenes, Chile",,0.26102599389727,5.18235832319585,-72.591,-37.588
"Directions from Dilman Bullock 3056, 4651861 Araucanía, Angol, Araucanía, Chile to Cauquenes, Chile",,0.26110661647476,3.27019291494453,-72.591,-37.588
"Directions from Dilman Bullock 3056, 4651861 Araucanía, Angol, Araucanía, Chile to Cauquenes, Chile",,0.26208666749384,358.73694154447077,-72.591,-37.587
"Directions from Dilman Bullock 3056, 4651861 Araucanía, Angol, Araucanía, Chile to Cauquenes, Chile",,0.26267700637956,354.76387399997577,-72.591,-37.586
"Directions from Dilman Bullock 3056, 4651861 Araucanía, Angol, Araucanía, Chile to Cauquenes, Chile",,0.26328371883205,349.06499274329138,-72.591,-37.585
"Directions from Dilman Bullock 3056, 4651861 Araucanía, Angol, Araucanía, Chile to Cauquenes, Chile",,0.26428061401209,348.22838868735863,-72.591,-37.585
"Directions from Dilman Bullock 3056, 4651861 Araucanía, Angol, Araucanía, Chile to Cauquenes, Chile",,0.26580472030759,348.63360928479005,-72.591,-37.583
"Directions from Dilman Bullock 3056, 4651861 Araucanía, Angol, Araucanía, Chile to Cauquenes, Chile",,0.26654228386418,346.36381472719103,-72.592,-37.582
"Directions from Dilman Bullock 3056, 4651861 Araucanía, Angol, Araucanía, Chile to Cauquenes, Chile",,0.26693522151827,346.62976892750567,-72.592,-37.582
"Directions from Dilman Bullock 3056, 4651861 Araucanía, Angol, Araucanía, Chile to Cauquenes, Chile",,0.26938881072594,347.26894629866416,-72.592,-37.580
"Directions from Dilman Bullock 3056, 4651861 Araucanía, Angol, Araucanía, Chile to Cauquenes, Chile",,0.27011887921588,347.91083444141952,-72.592,-37.579
"Directions from Dilman Bullock 3056, 4651861 Araucanía, Angol, Araucanía, Chile to Cauquenes, Chile",,0.27124856943890,348.62814044047519,-72.593,-37.578
"Directions from Dilman Bullock 3056, 4651861 Araucanía, Angol, Araucanía, Chile to Cauquenes, Chile",,0.27187226808408,349.12091267571788,-72.593,-37.577
"Directions from Dilman Bullock 3056, 4651861 Araucanía, Angol, Araucanía, Chile to Cauquenes, Chile",,0.27222737370218,348.81952975639649,-72.593,-37.577
"Directions from Dilman Bullock 3056, 4651861 Araucanía, Angol, Araucanía, Chile to Cauquenes, Chile",,0.27282176414624,344.77387457504108,-72.593,-37.576
"Directions from Dilman Bullock 3056, 4651861 Araucanía, Angol, Araucanía, Chile to Cauquenes, Chile",,0.27311587296964,339.49126028755165,-72.593,-37.576
"Directions from Dilman Bullock 3056, 4651861 Araucanía, Angol, Araucanía, Chile to Cauquenes, Chile",,0.27319203070069,338.40915148346062,-72.593,-37.576
"Directions from Dilman Bullock 3056, 4651861 Araucanía, Angol, Araucanía, Chile to Cauquenes, Chile",,0.27366021869712,337.80461240463279,-72.593,-37.575
"Directions from Dilman Bullock 3056, 4651861 Araucanía, Angol, Araucanía, Chile to Cauquenes, Chile",,0.27496700865730,332.66794708570922,-72.594,-37.574
"Directions from Dilman Bullock 3056, 4651861 Araucanía, Angol, Araucanía, Chile to Cauquenes, Chile",,0.27510593309719,331.98711760728014,-72.594,-37.574
"Directions from Dilman Bullock 3056, 4651861 Araucanía, Angol, Araucanía, Chile to Cauquenes, Chile",,0.27542795794095,330.94161443783963,-72.594,-37.574
"Directions from Dilman Bullock 3056, 4651861 Araucanía, Angol, Araucanía, Chile to Cauquenes, Chile",,0.27578306355905,325.39132942740679,-72.594,-37.573
"Directions from Dilman Bullock 3056, 4651861 Araucanía, Angol, Araucanía, Chile to Cauquenes, Chile",,0.27628306355904,321.66226563010713,-72.594,-37.573
"Directions from Dilman Bullock 3056, 4651861 Araucanía, Angol, Araucanía, Chile to Cauquenes, Chile",,0.27643926855256,318.63222977946947,-72.594,-37.573
"Directions from Dilman Bullock 3056, 4651861 Araucanía, Angol, Araucanía, Chile to Cauquenes, Chile",,0.27702655042696,316.30274481947083,-72.595,-37.573
"Directions from Dilman Bullock 3056, 4651861 Araucanía, Angol, Araucanía, Chile to Cauquenes, Chile",,0.27778318772448,313.67781443243439,-72.595,-37.572
"Directions from Dilman Bullock 3056, 4651861 Araucanía, Angol, Araucanía, Chile to Cauquenes, Chile",,0.27803813870016,309.69438095458594,-72.596,-37.572
"Directions from Dilman Bullock 3056, 4651861 Araucanía, Angol, Araucanía, Chile to Cauquenes, Chile",,0.27820215089483,310.19692395762939,-72.596,-37.572
"Directions from Dilman Bullock 3056, 4651861 Araucanía, Angol, Araucanía, Chile to Cauquenes, Chile",,0.27932018488358,314.83643307590381,-72.597,-37.571
"Directions from Dilman Bullock 3056, 4651861 Araucanía, Angol, Araucanía, Chile to Cauquenes, Chile",,0.27975881912757,319.98885631031720,-72.597,-37.571
"Directions from Dilman Bullock 3056, 4651861 Araucanía, Angol, Araucanía, Chile to Cauquenes, Chile",,0.28050881912757,325.78935870287609,-72.597,-37.570
"Directions from Dilman Bullock 3056, 4651861 Araucanía, Angol, Araucanía, Chile to Cauquenes, Chile",,0.28117769878789,331.80311297277984,-72.598,-37.569
"Directions from Dilman Bullock 3056, 4651861 Araucanía, Angol, Araucanía, Chile to Cauquenes, Chile",,0.28177276180977,337.06004993461011,-72.598,-37.569
"Directions from Dilman Bullock 3056, 4651861 Araucanía, Angol, Araucanía, Chile to Cauquenes, Chile",,0.28232989734086,343.31170084908860,-72.598,-37.568
"Directions from Dilman Bullock 3056, 4651861 Araucanía, Angol, Araucanía, Chile to Cauquenes, Chile",,0.28265746412794,349.76540518376834,-72.598,-37.568
"Directions from Dilman Bullock 3056, 4651861 Araucanía, Angol, Araucanía, Chile to Cauquenes, Chile",,0.28322314955289,355.93494882236217,-72.598,-37.568
"Directions from Dilman Bullock 3056, 4651861 Araucanía, Angol, Araucanía, Chile to Cauquenes, Chile",,0.28326314955289,356.70902767288641,-72.598,-37.567
"Directions from Dilman Bullock 3056, 4651861 Araucanía, Angol, Araucanía, Chile to Cauquenes, Chile",,0.28352487459945,355.46425121150276,-72.598,-37.567
"Directions from Dilman Bullock 3056, 4651861 Araucanía, Angol, Araucanía, Chile to Cauquenes, Chile",,0.28375509188812,358.75522353861635,-72.598,-37.567
"Directions from Dilman Bullock 3056, 4651861 Araucanía, Angol, Araucanía, Chile to Cauquenes, Chile",,0.28398509188812,2.59721445396751,-72.598,-37.567
"Directions from Dilman Bullock 3056, 4651861 Araucanía, Angol, Araucanía, Chile to Cauquenes, Chile",,0.28453735993898,8.41403145406275,-72.598,-37.566
"Directions from Dilman Bullock 3056, 4651861 Araucanía, Angol, Araucanía, Chile to Cauquenes, Chile",,0.28488449103814,5.81681700009524,-72.598,-37.566
"Directions from Dilman Bullock 3056, 4651861 Araucanía, Angol, Araucanía, Chile to Cauquenes, Chile",,0.28490449103814,7.62755935102783,-72.598,-37.566
"Directions from Dilman Bullock 3056, 4651861 Araucanía, Angol, Araucanía, Chile to Cauquenes, Chile",,0.28547457875069,17.45447138046896,-72.598,-37.565
"Directions from Dilman Bullock 3056, 4651861 Araucanía, Angol, Araucanía, Chile to Cauquenes, Chile",,0.28577190012563,21.61426513054441,-72.598,-37.565
"Directions from Dilman Bullock 3056, 4651861 Araucanía, Angol, Araucanía, Chile to Cauquenes, Chile",,0.28637198345318,27.36700535530771,-72.598,-37.564
"Directions from Dilman Bullock 3056, 4651861 Araucanía, Angol, Araucanía, Chile to Cauquenes, Chile",,0.28687447723423,33.28817989250492,-72.597,-37.564
"Directions from Dilman Bullock 3056, 4651861 Araucanía, Angol, Araucanía, Chile to Cauquenes, Chile",,0.28742665474193,38.23593452385397,-72.597,-37.564
"Directions from Dilman Bullock 3056, 4651861 Araucanía, Angol, Araucanía, Chile to Cauquenes, Chile",,0.28783775083775,43.02740688505701,-72.597,-37.563
"Directions from Dilman Bullock 3056, 4651861 Araucanía, Angol, Araucanía, Chile to Cauquenes, Chile",,0.28841757839831,46.40777834171828,-72.596,-37.563
"Directions from Dilman Bullock 3056, 4651861 Araucanía, Angol, Araucanía, Chile to Cauquenes, Chile",,0.28884943485595,51.65351684913646,-72.596,-37.563
"Directions from Dilman Bullock 3056, 4651861 Araucanía, Angol, Araucanía, Chile to Cauquenes, Chile",,0.28904359973434,53.10103507557076,-72.596,-37.562
"Directions from Dilman Bullock 3056, 4651861 Araucanía, Angol, Araucanía, Chile to Cauquenes, Chile",,0.28932785314241,52.96638088542472,-72.596,-37.562
"Directions from Dilman Bullock 3056, 4651861 Araucanía, Angol, Araucanía, Chile to Cauquenes, Chile",,0.28976614528243,57.21036132861840,-72.595,-37.562
"Directions from Dilman Bullock 3056, 4651861 Araucanía, Angol, Araucanía, Chile to Cauquenes, Chile",,0.29037153771713,60.74954060763572,-72.595,-37.562
"Directions from Dilman Bullock 3056, 4651861 Araucanía, Angol, Araucanía, Chile to Cauquenes, Chile",,0.29082331199706,64.16901910892362,-72.594,-37.562
"Directions from Dilman Bullock 3056, 4651861 Araucanía, Angol, Araucanía, Chile to Cauquenes, Chile",,0.29102028915309,68.80128110166960,-72.594,-37.561
"Directions from Dilman Bullock 3056, 4651861 Araucanía, Angol, Araucanía, Chile to Cauquenes, Chile",,0.29114678025949,70.11409594265342,-72.594,-37.561
"Directions from Dilman Bullock 3056, 4651861 Araucanía, Angol, Araucanía, Chile to Cauquenes, Chile",,0.29183387559495,71.13680018705814,-72.593,-37.561
"Directions from Dilman Bullock 3056, 4651861 Araucanía, Angol, Araucanía, Chile to Cauquenes, Chile",,0.29271987785228,74.78710809868114,-72.593,-37.561
"Directions from Dilman Bullock 3056, 4651861 Araucanía, Angol, Araucanía, Chile to Cauquenes, Chile",,0.29304972630234,74.72584238859363,-72.592,-37.561
"Directions from Dilman Bullock 3056, 4651861 Araucanía, Angol, Araucanía, Chile to Cauquenes, Chile",,0.29568855179866,70.84325937757454,-72.590,-37.560
"Directions from Dilman Bullock 3056, 4651861 Araucanía, Angol, Araucanía, Chile to Cauquenes, Chile",,0.29574240344672,71.52226122979252,-72.590,-37.560
"Directions from Dilman Bullock 3056, 4651861 Araucanía, Angol, Araucanía, Chile to Cauquenes, Chile",,0.29623969611709,71.52226123260020,-72.589,-37.560
"Directions from Dilman Bullock 3056, 4651861 Araucanía, Angol, Araucanía, Chile to Cauquenes, Chile",,0.29629354776516,72.08117352344874,-72.589,-37.560
"Directions from Dilman Bullock 3056, 4651861 Araucanía, Angol, Araucanía, Chile to Cauquenes, Chile",,0.29715939994654,75.00918031558933,-72.588,-37.560
"Directions from Dilman Bullock 3056, 4651861 Araucanía, Angol, Araucanía, Chile to Cauquenes, Chile",,0.29737780324322,75.40704209107190,-72.588,-37.560
"Directions from Dilman Bullock 3056, 4651861 Araucanía, Angol, Araucanía, Chile to Cauquenes, Chile",,0.29755244573518,72.47903529893129,-72.588,-37.560
"Directions from Dilman Bullock 3056, 4651861 Araucanía, Angol, Araucanía, Chile to Cauquenes, Chile",,0.29760629738325,72.18496977141774,-72.588,-37.560
"Directions from Dilman Bullock 3056, 4651861 Araucanía, Angol, Araucanía, Chile to Cauquenes, Chile",,0.29827570010211,75.11297656355832,-72.587,-37.559
"Directions from Dilman Bullock 3056, 4651861 Araucanía, Angol, Araucanía, Chile to Cauquenes, Chile",,0.29849410339878,77.96225087380994,-72.587,-37.559
"Directions from Dilman Bullock 3056, 4651861 Araucanía, Angol, Araucanía, Chile to Cauquenes, Chile",,0.29856481407689,76.71747441268234,-72.587,-37.559
"Directions from Dilman Bullock 3056, 4651861 Araucanía, Angol, Araucanía, Chile to Cauquenes, Chile",,0.29872292795991,72.89893431736118,-72.587,-37.559
"Directions from Dilman Bullock 3056, 4651861 Araucanía, Angol, Araucanía, Chile to Cauquenes, Chile",,0.29960616065858,82.11640872882218,-72.586,-37.559
"Directions from Dilman Bullock 3056, 4651861 Araucanía, Angol, Araucanía, Chile to Cauquenes, Chile",,0.29961616065858,83.18165110692522,-72.586,-37.559
"Directions from Dilman Bullock 3056, 4651861 Araucanía, Angol, Araucanía, Chile to Cauquenes, Chile",,0.30135518337263,75.08704797837269,-72.584,-37.559
"Directions from Dilman Bullock 3056, 4651861 Araucanía, Angol, Araucanía, Chile to Cauquenes, Chile",,0.30167798362046,75.08393948342164,-72.584,-37.559
"Directions from Dilman Bullock 3056, 4651861 Araucanía, Angol, Araucanía, Chile to Cauquenes, Chile",,0.30273788927664,75.25469012109542,-72.583,-37.558
"Directions from Dilman Bullock 3056, 4651861 Araucanía, Angol, Araucanía, Chile to Cauquenes, Chile",,0.30434913103380,75.53020097665539,-72.581,-37.558
"Directions from Dilman Bullock 3056, 4651861 Araucanía, Angol, Araucanía, Chile to Cauquenes, Chile",,0.30479060583489,78.06190453402010,-72.581,-37.558
"Directions from Dilman Bullock 3056, 4651861 Araucanía, Angol, Araucanía, Chile to Cauquenes, Chile",,0.30521815700142,76.94120866995588,-72.581,-37.558
"Directions from Dilman Bullock 3056, 4651861 Araucanía, Angol, Araucanía, Chile to Cauquenes, Chile",,0.30714680938067,75.06342296282752,-72.579,-37.557
"Directions from Dilman Bullock 3056, 4651861 Araucanía, Angol, Araucanía, Chile to Cauquenes, Chile",,0.32232284970745,74.51541463358473,-72.564,-37.553
"Directions from Dilman Bullock 3056, 4651861 Araucanía, Angol, Araucanía, Chile to Cauquenes, Chile",,0.32313605324901,74.93186877214610,-72.563,-37.553
"Directions from Dilman Bullock 3056, 4651861 Araucanía, Angol, Araucanía, Chile to Cauquenes, Chile",,0.32524614803361,75.22497843916489,-72.561,-37.553
"Directions from Dilman Bullock 3056, 4651861 Araucanía, Angol, Araucanía, Chile to Cauquenes, Chile",,0.32601536841815,74.94220224905018,-72.560,-37.552
"Directions from Dilman Bullock 3056, 4651861 Araucanía, Angol, Araucanía, Chile to Cauquenes, Chile",,0.32836798398385,74.89104535703557,-72.558,-37.552
"Directions from Dilman Bullock 3056, 4651861 Araucanía, Angol, Araucanía, Chile to Cauquenes, Chile",,0.32873198947832,74.79607560820816,-72.558,-37.552
"Directions from Dilman Bullock 3056, 4651861 Araucanía, Angol, Araucanía, Chile to Cauquenes, Chile",,0.33101431285593,77.61635032329109,-72.556,-37.551
"Directions from Dilman Bullock 3056, 4651861 Araucanía, Angol, Araucanía, Chile to Cauquenes, Chile",,0.33112611625482,77.32617639136441,-72.556,-37.551
"Directions from Dilman Bullock 3056, 4651861 Araucanía, Angol, Araucanía, Chile to Cauquenes, Chile",,0.33278289022853,74.33157589852883,-72.554,-37.551
"Directions from Dilman Bullock 3056, 4651861 Araucanía, Angol, Araucanía, Chile to Cauquenes, Chile",,0.33346009034666,74.53606078570731,-72.553,-37.551
"Directions from Dilman Bullock 3056, 4651861 Araucanía, Angol, Araucanía, Chile to Cauquenes, Chile",,0.33532043977621,76.41868065989240,-72.551,-37.550
"Directions from Dilman Bullock 3056, 4651861 Araucanía, Angol, Araucanía, Chile to Cauquenes, Chile",,0.33587361244364,76.25627810873132,-72.551,-37.550
"Directions from Dilman Bullock 3056, 4651861 Araucanía, Angol, Araucanía, Chile to Cauquenes, Chile",,0.33722956229523,74.35266051833096,-72.550,-37.550
"Directions from Dilman Bullock 3056, 4651861 Araucanía, Angol, Araucanía, Chile to Cauquenes, Chile",,0.33783396282468,74.50982223663596,-72.549,-37.549
"Directions from Dilman Bullock 3056, 4651861 Araucanía, Angol, Araucanía, Chile to Cauquenes, Chile",,0.33989078075536,75.91626335612143,-72.547,-37.549
"Directions from Dilman Bullock 3056, 4651861 Araucanía, Angol, Araucanía, Chile to Cauquenes, Chile",,0.34070330767800,75.14381654631742,-72.546,-37.549
"Directions from Dilman Bullock 3056, 4651861 Araucanía, Angol, Araucanía, Chile to Cauquenes, Chile",,0.34231730891715,71.56818449111260,-72.545,-37.548
"Directions from Dilman Bullock 3056, 4651861 Araucanía, Angol, Araucanía, Chile to Cauquenes, Chile",,0.34288378927868,68.28729944817722,-72.544,-37.548
"Directions from Dilman Bullock 3056, 4651861 Araucanía, Angol, Araucanía, Chile to Cauquenes, Chile",,0.34355609873125,65.01645604987434,-72.544,-37.548
"Directions from Dilman Bullock 3056, 4651861 Araucanía, Angol, Araucanía, Chile to Cauquenes, Chile",,0.34394967210433,61.97419379736562,-72.543,-37.548
"Directions from Dilman Bullock 3056, 4651861 Araucanía, Angol, Araucanía, Chile to Cauquenes, Chile",,0.34496564454490,57.38106914554022,-72.542,-37.547
"Directions from Dilman Bullock 3056, 4651861 Araucanía, Angol, Araucanía, Chile to Cauquenes, Chile",,0.34766173430601,51.20585698634472,-72.540,-37.546
"Directions from Dilman Bullock 3056, 4651861 Araucanía, Angol, Araucanía, Chile to Cauquenes, Chile",,0.34819324159665,50.07713329087692,-72.540,-37.545
"Directions from Dilman Bullock 3056, 4651861 Araucanía, Angol, Araucanía, Chile to Cauquenes, Chile",,0.34838533532377,59.25326878465388,-72.540,-37.545
"Directions from Dilman Bullock 3056, 4651861 Araucanía, Angol, Araucanía, Chile to Cauquenes, Chile",,0.34859149060506,64.63453739501207,-72.539,-37.545
"Directions from Dilman Bullock 3056, 4651861 Araucanía, Angol, Araucanía, Chile to Cauquenes, Chile",,0.34878384444567,64.23667561844380,-72.539,-37.545
"Directions from Dilman Bullock 3056, 4651861 Araucanía, Angol, Araucanía, Chile to Cauquenes, Chile",,0.34895848693763,69.83568901863487,-72.539,-37.545
"Directions from Dilman Bullock 3056, 4651861 Araucanía, Angol, Araucanía, Chile to Cauquenes, Chile",,0.34906289000272,70.54863861847576,-72.539,-37.545
"Directions from Dilman Bullock 3056, 4651861 Araucanía, Angol, Araucanía, Chile to Cauquenes, Chile",,0.34959213474762,62.89556912959376,-72.538,-37.545
"Directions from Dilman Bullock 3056, 4651861 Araucanía, Angol, Araucanía, Chile to Cauquenes, Chile",,0.34996949399291,54.85222679994526,-72.538,-37.544
"Directions from Dilman Bullock 3056, 4651861 Araucanía, Angol, Araucanía, Chile to Cauquenes, Chile",,0.35021156836165,98.50734163891660,-72.538,-37.544
"Directions from Dilman Bullock 3056, 4651861 Araucanía, Angol, Araucanía, Chile to Cauquenes, Chile",,0.35052779612767,136.98232736063866,-72.538,-37.544
"Directions from Dilman Bullock 3056, 4651861 Araucanía, Angol, Araucanía, Chile to Cauquenes, Chile",,0.35071988985479,130.01916177443525,-72.538,-37.545
"Directions from Dilman Bullock 3056, 4651861 Araucanía, Angol, Araucanía, Chile to Cauquenes, Chile",,0.35127962193355,130.01916177443525,-72.537,-37.545
"Directions from Dilman Bullock 3056, 4651861 Araucanía, Angol, Araucanía, Chile to Cauquenes, Chile",,0.35147171566068,130.07813830393016,-72.537,-37.545
"Directions from Dilman Bullock 3056, 4651861 Araucanía, Angol, Araucanía, Chile to Cauquenes, Chile",,0.35181884675983,130.07813830554369,-72.537,-37.545
"Directions from Dilman Bullock 3056, 4651861 Araucanía, Angol, Araucanía, Chile to Cauquenes, Chile",,0.35207497172932,127.59433181110415,-72.537,-37.545
"Directions from Dilman Bullock 3056, 4651861 Araucanía, Angol, Araucanía, Chile to Cauquenes, Chile",,0.35274698363398,125.10946144590643,-72.536,-37.546
"Directions from Dilman Bullock 3056, 4651861 Araucanía, Angol, Araucanía, Chile to Cauquenes, Chile",,0.35285515017224,122.19489503778701,-72.536,-37.546
"Directions from Dilman Bullock 3056, 4651861 Araucanía, Angol, Araucanía, Chile to Cauquenes, Chile",,0.35359946193488,118.08153380685684,-72.535,-37.546
"Directions from Dilman Bullock 3056, 4651861 Araucanía, Angol, Araucanía, Chile to Cauquenes, Chile",,0.35383205600187,116.88205041351388,-72.535,-37.546
"Directions from Dilman Bullock 3056, 4651861 Araucanía, Angol, Araucanía, Chile to Cauquenes, Chile",,0.35397970423249,120.99541164444403,-72.535,-37.547
"Directions from Dilman Bullock 3056, 4651861 Araucanía, Angol, Araucanía, Chile to Cauquenes, Chile",,0.35408787077075,129.34503376246795,-72.535,-37.547
"Directions from Dilman Bullock 3056, 4651861 Araucanía, Angol, Araucanía, Chile to Cauquenes, Chile",,0.35414443931324,125.78252559668123,-72.535,-37.547
"Directions from Dilman Bullock 3056, 4651861 Araucanía, Angol, Araucanía, Chile to Cauquenes, Chile",,0.35416679999301,135.00000000407110,-72.535,-37.547
"Directions from Dilman Bullock 3056, 4651861 Araucanía, Angol, Araucanía, Chile to Cauquenes, Chile",,0.35418916067279,144.21747441078250,-72.535,-37.547
"Directions from Dilman Bullock 3056, 4651861 Araucanía, Angol, Araucanía, Chile to Cauquenes, Chile",,0.35423158707966,148.28252558887823,-72.535,-37.547
"Directions from Dilman Bullock 3056, 4651861 Araucanía, Angol, Araucanía, Chile to Cauquenes, Chile",,0.35429483263286,170.78252558548567,-72.535,-37.547
"Directions from Dilman Bullock 3056, 4651861 Araucanía, Angol, Araucanía, Chile to Cauquenes, Chile",,0.35431483263286,175.93494882170069,-72.535,-37.547
"Directions from Dilman Bullock 3056, 4651861 Araucanía, Angol, Araucanía, Chile to Cauquenes, Chile",,0.35438554331098,177.59383940580844,-72.535,-37.547
"Directions from Dilman Bullock 3056, 4651861 Araucanía, Angol, Araucanía, Chile to Cauquenes, Chile",,0.35507670175880,181.65889058410775,-72.535,-37.548
"Directions from Dilman Bullock 3056, 4651861 Araucanía, Angol, Araucanía, Chile to Cauquenes, Chile",,0.35521670175880,181.90703741777568,-72.535,-37.548
"Directions from Dilman Bullock 3056, 4651861 Araucanía, Angol, Araucanía, Chile to Cauquenes, Chile",,0.35536703472259,185.46954559337479,-72.535,-37.548
"Directions from Dilman Bullock 3056, 4651861 Araucanía, Angol, Araucanía, Chile to Cauquenes, Chile",,0.35560890245503,186.15972262879919,-72.535,-37.548
"Directions from Dilman Bullock 3056, 4651861 Araucanía, Angol, Araucanía, Chile to Cauquenes, Chile",,0.35616117050590,184.16969318559924,-72.535,-37.549
"Directions from Dilman Bullock 3056, 4651861 Araucanía, Angol, Araucanía, Chile to Cauquenes, Chile",,0.35798391568831,183.95429957855785,-72.535,-37.550
"Directions from Dilman Bullock 3056, 4651861 Araucanía, Angol, Araucanía, Chile to Cauquenes, Chile",,0.35834516352567,182.38182084615855,-72.535,-37.551
"Directions from Dilman Bullock 3056, 4651861 Araucanía, Angol, Araucanía, Chile to Cauquenes, Chile",,0.35843516352567,183.17009587245849,-72.535,-37.551
"Directions from Dilman Bullock 3056, 4651861 Araucanía, Angol, Araucanía, Chile to Cauquenes, Chile",,0.35870682507981,192.38757028595501,-72.535,-37.551
"Directions from Dilman Bullock 3056, 4651861 Araucanía, Angol, Araucanía, Chile to Cauquenes, Chile",,0.35873844785642,191.81468886697465,-72.535,-37.551
"Directions from Dilman Bullock 3056, 4651861 Araucanía, Angol, Araucanía, Chile to Cauquenes, Chile",,0.35906980868693,175.57909271712006,-72.535,-37.551
"Directions from Dilman Bullock 3056, 4651861 Araucanía, Angol, Araucanía, Chile to Cauquenes, Chile",,0.35911103974318,159.69935267612078,-72.535,-37.552
"Directions from Dilman Bullock 3056, 4651861 Araucanía, Angol, Araucanía, Chile to Cauquenes, Chile",,0.35920048246229,148.94863551621651,-72.535,-37.552
"Directions from Dilman Bullock 3056, 4651861 Araucanía, Angol, Araucanía, Chile to Cauquenes, Chile",,0.35928650571496,134.07619486829344,-72.535,-37.552
"Directions from Dilman Bullock 3056, 4651861 Araucanía, Angol, Araucanía, Chile to Cauquenes, Chile",,0.35935861674046,120.99541164733481,-72.535,-37.552
"Directions from Dilman Bullock 3056, 4651861 Araucanía, Angol, Araucanía, Chile to Cauquenes, Chile",,0.36009685789348,117.17712553830852,-72.534,-37.552
"Directions from Dilman Bullock 3056, 4651861 Araucanía, Angol, Araucanía, Chile to Cauquenes, Chile",,0.36059775708494,116.93195537729493,-72.534,-37.552
"Directions from Dilman Bullock 3056, 4651861 Araucanía, Angol, Araucanía, Chile to Cauquenes, Chile",,0.36162659137675,115.09527524804641,-72.533,-37.553
"Directions from Dilman Bullock 3056, 4651861 Araucanía, Angol, Araucanía, Chile to Cauquenes, Chile",,0.36199428690296,118.03510129083659,-72.533,-37.553
"Directions from Dilman Bullock 3056, 4651861 Araucanía, Angol, Araucanía, Chile to Cauquenes, Chile",,0.36203034241571,115.95757132020016,-72.533,-37.553
"Directions from Dilman Bullock 3056, 4651861 Araucanía, Angol, Araucanía, Chile to Cauquenes, Chile",,0.36289365000864,110.71183281194212,-72.532,-37.553
"Directions from Dilman Bullock 3056, 4651861 Araucanía, Angol, Araucanía, Chile to Cauquenes, Chile",,0.36304596547075,119.36813415393530,-72.532,-37.553
"Directions from Dilman Bullock 3056, 4651861 Araucanía, Angol, Araucanía, Chile to Cauquenes, Chile",,0.36313198872342,132.86605335050396,-72.532,-37.553
"Directions from Dilman Bullock 3056, 4651861 Araucanía, Angol, Araucanía, Chile to Cauquenes, Chile",,0.36321009122018,137.59721445286630,-72.531,-37.553
"Directions from Dilman Bullock 3056, 4651861 Araucanía, Angol, Araucanía, Chile to Cauquenes, Chile",,0.36329494403393,137.76377007540839,-72.531,-37.553
"Directions from Dilman Bullock 3056, 4651861 Araucanía, Angol, Araucanía, Chile to Cauquenes, Chile",,0.36351517118938,143.19580003654039,-72.531,-37.554
"Directions from Dilman Bullock 3056, 4651861 Araucanía, Angol, Araucanía, Chile to Cauquenes, Chile",,0.36422798252487,147.69925750077414,-72.531,-37.554
"Directions from Dilman Bullock 3056, 4651861 Araucanía, Angol, Araucanía, Chile to Cauquenes, Chile",,0.36442521335410,148.00499091543873,-72.531,-37.554
"Directions from Dilman Bullock 3056, 4651861 Araucanía, Angol, Araucanía, Chile to Cauquenes, Chile",,0.36634448404893,140.73776336561883,-72.530,-37.556
"Directions from Dilman Bullock 3056, 4651861 Araucanía, Angol, Araucanía, Chile to Cauquenes, Chile",,0.36635862618455,142.62755934197745,-72.530,-37.556
"Directions from Dilman Bullock 3056, 4651861 Araucanía, Angol, Araucanía, Chile to Cauquenes, Chile",,0.36676173907196,142.62755935011967,-72.530,-37.556
"Directions from Dilman Bullock 3056, 4651861 Araucanía, Angol, Araucanía, Chile to Cauquenes, Chile",,0.36683244975008,125.78252558650345,-72.529,-37.556
"Directions from Dilman Bullock 3056, 4651861 Araucanía, Angol, Araucanía, Chile to Cauquenes, Chile",,0.36689953178941,103.28252558853897,-72.529,-37.556
"Directions from Dilman Bullock 3056, 4651861 Araucanía, Angol, Araucanía, Chile to Cauquenes, Chile",,0.36700953178940,88.38014985181168,-72.529,-37.556
"Directions from Dilman Bullock 3056, 4651861 Araucanía, Angol, Araucanía, Chile to Cauquenes, Chile",,0.36754038016700,88.38014985181169,-72.529,-37.556
"Directions from Dilman Bullock 3056, 4651861 Araucanía, Angol, Araucanía, Chile to Cauquenes, Chile",,0.36777038016700,95.65496623857592,-72.529,-37.556
"Directions from Dilman Bullock 3056, 4651861 Araucanía, Angol, Araucanía, Chile to Cauquenes, Chile",,0.36782137036214,104.87244064800139,-72.528,-37.556
"Directions from Dilman Bullock 3056, 4651861 Araucanía, Angol, Araucanía, Chile to Cauquenes, Chile",,0.36785299313874,112.49999999389334,-72.528,-37.556
"Directions from Dilman Bullock 3056, 4651861 Araucanía, Angol, Araucanía, Chile to Cauquenes, Chile",,0.36789771449830,103.28252558446788,-72.528,-37.556
"Directions from Dilman Bullock 3056, 4651861 Araucanía, Angol, Araucanía, Chile to Cauquenes, Chile",,0.36790771449829,112.50000000254444,-72.528,-37.556
"Directions from Dilman Bullock 3056, 4651861 Araucanía, Angol, Araucanía, Chile to Cauquenes, Chile",,0.36796428304078,112.50000000254444,-72.528,-37.556
"Directions from Dilman Bullock 3056, 4651861 Araucanía, Angol, Araucanía, Chile to Cauquenes, Chile",,0.36797428304079,125.78252558446790,-72.528,-37.556
"Directions from Dilman Bullock 3056, 4651861 Araucanía, Angol, Araucanía, Chile to Cauquenes, Chile",,0.36800590581739,157.49999999389334,-72.528,-37.556
"Directions from Dilman Bullock 3056, 4651861 Araucanía, Angol, Araucanía, Chile to Cauquenes, Chile",,0.36805062717694,162.65242323641857,-72.528,-37.557
"Directions from Dilman Bullock 3056, 4651861 Araucanía, Angol, Araucanía, Chile to Cauquenes, Chile",,0.36812133785505,175.93494882699312,-72.528,-37.557
"Directions from Dilman Bullock 3056, 4651861 Araucanía, Angol, Araucanía, Chile to Cauquenes, Chile",,0.36826133785506,183.13553872439601,-72.528,-37.557
"Directions from Dilman Bullock 3056, 4651861 Araucanía, Angol, Araucanía, Chile to Cauquenes, Chile",,0.36917681587227,187.62185203188085,-72.528,-37.558
"Directions from Dilman Bullock 3056, 4651861 Araucanía, Angol, Araucanía, Chile to Cauquenes, Chile",,0.36975387739412,187.73598644730896,-72.529,-37.558
"Directions from Dilman Bullock 3056, 4651861 Araucanía, Angol, Araucanía, Chile to Cauquenes, Chile",,0.37054898744940,183.24967313982407,-72.529,-37.559
"Directions from Dilman Bullock 3056, 4651861 Araucanía, Angol, Araucanía, Chile to Cauquenes, Chile",,0.37057898744939,157.50000002035557,-72.529,-37.559
"Directions from Dilman Bullock 3056, 4651861 Araucanía, Angol, Araucanía, Chile to Cauquenes, Chile",,0.37059312958501,144.21747442774546,-72.529,-37.559
"Directions from Dilman Bullock 3056, 4651861 Araucanía, Angol, Araucanía, Chile to Cauquenes, Chile",,0.37063785094456,144.21747440738989,-72.529,-37.559
"Directions from Dilman Bullock 3056, 4651861 Araucanía, Angol, Araucanía, Chile to Cauquenes, Chile",,0.37065199308019,112.50000000000000,-72.529,-37.559
"Directions from Dilman Bullock 3056, 4651861 Araucanía, Angol, Araucanía, Chile to Cauquenes, Chile",,0.37066199308018,103.28252558039677,-72.529,-37.559
"Directions from Dilman Bullock 3056, 4651861 Araucanía, Angol, Araucanía, Chile to Cauquenes, Chile",,0.37068435375996,103.28252558039677,-72.529,-37.559
"Directions from Dilman Bullock 3056, 4651861 Araucanía, Angol, Araucanía, Chile to Cauquenes, Chile",,0.37078435375996,87.71303937008194,-72.528,-37.559
"Directions from Dilman Bullock 3056, 4651861 Araucanía, Angol, Araucanía, Chile to Cauquenes, Chile",,0.37103515248403,87.71303937008194,-72.528,-37.559
"Directions from Dilman Bullock 3056, 4651861 Araucanía, Angol, Araucanía, Chile to Cauquenes, Chile",,0.37110515248404,99.21747441553212,-72.528,-37.559
"Directions from Dilman Bullock 3056, 4651861 Araucanía, Angol, Araucanía, Chile to Cauquenes, Chile",,0.37113677526064,99.21747441553212,-72.528,-37.559
"Directions from Dilman Bullock 3056, 4651861 Araucanía, Angol, Araucanía, Chile to Cauquenes, Chile",,0.37117677526064,99.21747440942546,-72.528,-37.559
"Directions from Dilman Bullock 3056, 4651861 Araucanía, Angol, Araucanía, Chile to Cauquenes, Chile",,0.37120839803724,112.49999999796444,-72.528,-37.559
"Directions from Dilman Bullock 3056, 4651861 Araucanía, Angol, Araucanía, Chile to Cauquenes, Chile",,0.37123075871702,110.30064732010746,-72.528,-37.559
"Directions from Dilman Bullock 3056, 4651861 Araucanía, Angol, Araucanía, Chile to Cauquenes, Chile",,0.37127198977327,113.86315549534126,-72.528,-37.559
"Directions from Dilman Bullock 3056, 4651861 Araucanía, Angol, Araucanía, Chile to Cauquenes, Chile",,0.37134410079879,129.34503376469803,-72.528,-37.559
"Directions from Dilman Bullock 3056, 4651861 Araucanía, Angol, Araucanía, Chile to Cauquenes, Chile",,0.37149966429064,142.01812173339175,-72.528,-37.559
"Directions from Dilman Bullock 3056, 4651861 Araucanía, Angol, Araucanía, Chile to Cauquenes, Chile",,0.37161628332854,153.61741699350210,-72.528,-37.559
"Directions from Dilman Bullock 3056, 4651861 Araucanía, Angol, Araucanía, Chile to Cauquenes, Chile",,0.37167013497661,154.57199321111293,-72.528,-37.559
"Directions from Dilman Bullock 3056, 4651861 Araucanía, Angol, Araucanía, Chile to Cauquenes, Chile",,0.37177309127802,152.93548827902754,-72.528,-37.560
"Directions from Dilman Bullock 3056, 4651861 Araucanía, Angol, Araucanía, Chile to Cauquenes, Chile",,0.37297650309448,159.83523097851739,-72.527,-37.561
"Directions from Dilman Bullock 3056, 4651861 Araucanía, Angol, Araucanía, Chile to Cauquenes, Chile",,0.37309052063699,166.65560001687854,-72.527,-37.561
"Directions from Dilman Bullock 3056, 4651861 Araucanía, Angol, Araucanía, Chile to Cauquenes, Chile",,0.37399854046057,164.56314195234640,-72.527,-37.562
"Directions from Dilman Bullock 3056, 4651861 Araucanía, Angol, Araucanía, Chile to Cauquenes, Chile",,0.37417881802434,155.75268053511238,-72.527,-37.562
"Directions from Dilman Bullock 3056, 4651861 Araucanía, Angol, Araucanía, Chile to Cauquenes, Chile",,0.37438473062716,148.96076417228636,-72.527,-37.562
"Directions from Dilman Bullock 3056, 4651861 Araucanía, Angol, Araucanía, Chile to Cauquenes, Chile",,0.37462326783600,150.97961948397617,-72.527,-37.562
"Directions from Dilman Bullock 3056, 4651861 Araucanía, Angol, Araucanía, Chile to Cauquenes, Chile",,0.37478879728957,161.22714940527561,-72.527,-37.562
"Directions from Dilman Bullock 3056, 4651861 Araucanía, Angol, Araucanía, Chile to Cauquenes, Chile",,0.37488099273414,169.31468886380520,-72.527,-37.562
"Directions from Dilman Bullock 3056, 4651861 Araucanía, Angol, Araucanía, Chile to Cauquenes, Chile",,0.37533640463561,170.13632919288028,-72.526,-37.563
"Directions from Dilman Bullock 3056, 4651861 Araucanía, Angol, Araucanía, Chile to Cauquenes, Chile",,0.37560116868151,165.33976205705142,-72.526,-37.563
"Directions from Dilman Bullock 3056, 4651861 Araucanía, Angol, Araucanía, Chile to Cauquenes, Chile",,0.37563279145811,153.93749182774124,-72.526,-37.563
"Directions from Dilman Bullock 3056, 4651861 Araucanía, Angol, Araucanía, Chile to Cauquenes, Chile",,0.37566884697086,140.65496624327335,-72.526,-37.563
"Directions from Dilman Bullock 3056, 4651861 Araucanía, Angol, Araucanía, Chile to Cauquenes, Chile",,0.37568298910649,144.21747440738989,-72.526,-37.563
"Directions from Dilman Bullock 3056, 4651861 Araucanía, Angol, Araucanía, Chile to Cauquenes, Chile",,0.37570534978627,144.21747440738989,-72.526,-37.563
"Directions from Dilman Bullock 3056, 4651861 Araucanía, Angol, Araucanía, Chile to Cauquenes, Chile",,0.37576191832876,125.78252558039678,-72.526,-37.563
"Directions from Dilman Bullock 3056, 4651861 Araucanía, Angol, Araucanía, Chile to Cauquenes, Chile",,0.37578427900854,103.28252558039677,-72.526,-37.563
"Directions from Dilman Bullock 3056, 4651861 Araucanía, Angol, Araucanía, Chile to Cauquenes, Chile",,0.37579427900853,99.21747441146103,-72.526,-37.563
"Directions from Dilman Bullock 3056, 4651861 Araucanía, Angol, Araucanía, Chile to Cauquenes, Chile",,0.37582590178514,104.36989764600683,-72.526,-37.563
"Directions from Dilman Bullock 3056, 4651861 Araucanía, Angol, Araucanía, Chile to Cauquenes, Chile",,0.37593770518401,94.45383272084524,-72.526,-37.563
"Directions from Dilman Bullock 3056, 4651861 Araucanía, Angol, Araucanía, Chile to Cauquenes, Chile",,0.37716807098328,86.70419503326622,-72.525,-37.563
"Directions from Dilman Bullock 3056, 4651861 Araucanía, Angol, Araucanía, Chile to Cauquenes, Chile",,0.37727852459344,87.40278554696684,-72.525,-37.563
"Directions from Dilman Bullock 3056, 4651861 Araucanía, Angol, Araucanía, Chile to Cauquenes, Chile",,0.37735852459345,99.21747440942546,-72.525,-37.563
"Directions from Dilman Bullock 3056, 4651861 Araucanía, Angol, Araucanía, Chile to Cauquenes, Chile",,0.37739014737005,99.21747440942546,-72.525,-37.563
"Directions from Dilman Bullock 3056, 4651861 Araucanía, Angol, Araucanía, Chile to Cauquenes, Chile",,0.37742014737004,94.73116110511312,-72.525,-37.563
"Directions from Dilman Bullock 3056, 4651861 Araucanía, Angol, Araucanía, Chile to Cauquenes, Chile",,0.37748097499535,103.94863551453857,-72.525,-37.563
"Directions from Dilman Bullock 3056, 4651861 Araucanía, Angol, Araucanía, Chile to Cauquenes, Chile",,0.37751259777195,99.21747440942546,-72.525,-37.563
"Directions from Dilman Bullock 3056, 4651861 Araucanía, Angol, Araucanía, Chile to Cauquenes, Chile",,0.37752259777195,112.50000000000000,-72.525,-37.563
"Directions from Dilman Bullock 3056, 4651861 Araucanía, Angol, Araucanía, Chile to Cauquenes, Chile",,0.37753673990758,125.78252558853900,-72.525,-37.563
"Directions from Dilman Bullock 3056, 4651861 Araucanía, Angol, Araucanía, Chile to Cauquenes, Chile",,0.37758146126713,134.99999999592887,-72.525,-37.563
"Directions from Dilman Bullock 3056, 4651861 Araucanía, Angol, Araucanía, Chile to Cauquenes, Chile",,0.37760382194690,157.50000000610666,-72.525,-37.563
"Directions from Dilman Bullock 3056, 4651861 Araucanía, Angol, Araucanía, Chile to Cauquenes, Chile",,0.37763544472350,167.22001742301322,-72.525,-37.563
"Directions from Dilman Bullock 3056, 4651861 Araucanía, Angol, Araucanía, Chile to Cauquenes, Chile",,0.37771606730098,176.43749182429644,-72.525,-37.563
"Directions from Dilman Bullock 3056, 4651861 Araucanía, Angol, Araucanía, Chile to Cauquenes, Chile",,0.37793606730099,183.67618967982116,-72.525,-37.564
"Directions from Dilman Bullock 3056, 4651861 Araucanía, Angol, Araucanía, Chile to Cauquenes, Chile",,0.37824863729315,176.65806794346318,-72.525,-37.564
"Directions from Dilman Bullock 3056, 4651861 Araucanía, Angol, Araucanía, Chile to Cauquenes, Chile",,0.37828986834941,172.98187826364202,-72.525,-37.564
"Directions from Dilman Bullock 3056, 4651861 Araucanía, Angol, Araucanía, Chile to Cauquenes, Chile",,0.37830986834940,166.71747440738991,-72.525,-37.564
"Directions from Dilman Bullock 3056, 4651861 Araucanía, Angol, Araucanía, Chile to Cauquenes, Chile",,0.37833222902918,144.21747441078250,-72.525,-37.564
"Directions from Dilman Bullock 3056, 4651861 Araucanía, Angol, Araucanía, Chile to Cauquenes, Chile",,0.37837465543605,125.78252558378936,-72.524,-37.564
"Directions from Dilman Bullock 3056, 4651861 Araucanía, Angol, Araucanía, Chile to Cauquenes, Chile",,0.37839701611583,112.49999999287556,-72.524,-37.564
"Directions from Dilman Bullock 3056, 4651861 Araucanía, Angol, Araucanía, Chile to Cauquenes, Chile",,0.37846026166902,99.21747441247879,-72.524,-37.564
"Directions from Dilman Bullock 3056, 4651861 Araucanía, Angol, Araucanía, Chile to Cauquenes, Chile",,0.37855026166902,86.82990412828624,-72.524,-37.564
"Directions from Dilman Bullock 3056, 4651861 Araucanía, Angol, Araucanía, Chile to Cauquenes, Chile",,0.37864081552040,86.82990412828624,-72.524,-37.564
"Directions from Dilman Bullock 3056, 4651861 Araucanía, Angol, Araucanía, Chile to Cauquenes, Chile",,0.37868081552040,87.51512963605941,-72.524,-37.564
"Directions from Dilman Bullock 3056, 4651861 Araucanía, Angol, Araucanía, Chile to Cauquenes, Chile",,0.37891168344802,86.24272744620306,-72.524,-37.564
"Directions from Dilman Bullock 3056, 4651861 Araucanía, Angol, Araucanía, Chile to Cauquenes, Chile",,0.37936212767320,88.72759781014362,-72.524,-37.564
"Directions from Dilman Bullock 3056, 4651861 Araucanía, Angol, Araucanía, Chile to Cauquenes, Chile",,0.38007212767320,92.19935267737802,-72.523,-37.564
"Directions from Dilman Bullock 3056, 4651861 Araucanía, Angol, Araucanía, Chile to Cauquenes, Chile",,0.38059366386562,96.60274902458384,-72.522,-37.564
"Directions from Dilman Bullock 3056, 4651861 Araucanía, Angol, Araucanía, Chile to Cauquenes, Chile",,0.38131213446349,101.42151808356383,-72.522,-37.564
"Directions from Dilman Bullock 3056, 4651861 Araucanía, Angol, Araucanía, Chile to Cauquenes, Chile",,0.38135336551974,113.86315550091371,-72.522,-37.564
"Directions from Dilman Bullock 3056, 4651861 Araucanía, Angol, Araucanía, Chile to Cauquenes, Chile",,0.38138942103249,116.06250816991005,-72.522,-37.564
"Directions from Dilman Bullock 3056, 4651861 Araucanía, Angol, Araucanía, Chile to Cauquenes, Chile",,0.38142104380910,116.06250816991005,-72.521,-37.564
"Directions from Dilman Bullock 3056, 4651861 Araucanía, Angol, Araucanía, Chile to Cauquenes, Chile",,0.38149315483460,138.56250817398114,-72.521,-37.564
"Directions from Dilman Bullock 3056, 4651861 Araucanía, Angol, Araucanía, Chile to Cauquenes, Chile",,0.38153787619416,159.69935267306744,-72.521,-37.564
"Directions from Dilman Bullock 3056, 4651861 Araucanía, Angol, Araucanía, Chile to Cauquenes, Chile",,0.38157910725042,172.98187826364202,-72.521,-37.564
"Directions from Dilman Bullock 3056, 4651861 Araucanía, Angol, Araucanía, Chile to Cauquenes, Chile",,0.38159910725042,174.34503376925315,-72.521,-37.564
"Directions from Dilman Bullock 3056, 4651861 Araucanía, Angol, Araucanía, Chile to Cauquenes, Chile",,0.38165009744555,175.44633284893337,-72.521,-37.564
"Directions from Dilman Bullock 3056, 4651861 Araucanía, Angol, Araucanía, Chile to Cauquenes, Chile",,0.38191028968217,183.56485405358879,-72.521,-37.565
"Directions from Dilman Bullock 3056, 4651861 Araucanía, Angol, Araucanía, Chile to Cauquenes, Chile",,0.38249244086529,187.00869343412924,-72.521,-37.565
"Directions from Dilman Bullock 3056, 4651861 Araucanía, Angol, Araucanía, Chile to Cauquenes, Chile",,0.38274562064331,187.81828385222943,-72.521,-37.566
"Directions from Dilman Bullock 3056, 4651861 Araucanía, Angol, Araucanía, Chile to Cauquenes, Chile",,0.38335962390063,183.27314539200879,-72.522,-37.566
"Directions from Dilman Bullock 3056, 4651861 Araucanía, Angol, Araucanía, Chile to Cauquenes, Chile",,0.38341962390063,187.01812173635804,-72.522,-37.566
"Directions from Dilman Bullock 3056, 4651861 Araucanía, Angol, Araucanía, Chile to Cauquenes, Chile",,0.38346085495689,177.80064732286147,-72.522,-37.566
"Directions from Dilman Bullock 3056, 4651861 Araucanía, Angol, Araucanía, Chile to Cauquenes, Chile",,0.38349247773349,157.49999999389334,-72.522,-37.566
"Directions from Dilman Bullock 3056, 4651861 Araucanía, Angol, Araucanía, Chile to Cauquenes, Chile",,0.38351483841327,144.21747440738989,-72.522,-37.566
"Directions from Dilman Bullock 3056, 4651861 Araucanía, Angol, Araucanía, Chile to Cauquenes, Chile",,0.38352898054890,157.50000000000000,-72.522,-37.566
"Directions from Dilman Bullock 3056, 4651861 Araucanía, Angol, Araucanía, Chile to Cauquenes, Chile",,0.38353898054889,148.28252559668121,-72.522,-37.566
"Directions from Dilman Bullock 3056, 4651861 Araucanía, Angol, Araucanía, Chile to Cauquenes, Chile",,0.38356134122866,112.50000000203553,-72.522,-37.566
"Directions from Dilman Bullock 3056, 4651861 Araucanía, Angol, Araucanía, Chile to Cauquenes, Chile",,0.38359296400527,99.21747440535437,-72.521,-37.566
"Directions from Dilman Bullock 3056, 4651861 Araucanía, Angol, Araucanía, Chile to Cauquenes, Chile",,0.38367296400527,85.26883889672072,-72.521,-37.566
"Directions from Dilman Bullock 3056, 4651861 Araucanía, Angol, Araucanía, Chile to Cauquenes, Chile",,0.38385544688118,78.57259001949573,-72.521,-37.566
"Directions from Dilman Bullock 3056, 4651861 Araucanía, Angol, Araucanía, Chile to Cauquenes, Chile",,0.38407131721262,77.66989607556556,-72.521,-37.566
"Directions from Dilman Bullock 3056, 4651861 Araucanía, Angol, Araucanía, Chile to Cauquenes, Chile",,0.38673261388906,71.08361935610934,-72.518,-37.566
"Directions from Dilman Bullock 3056, 4651861 Araucanía, Angol, Araucanía, Chile to Cauquenes, Chile",,0.38675497456883,73.07546257619867,-72.518,-37.566
"Directions from Dilman Bullock 3056, 4651861 Araucanía, Angol, Araucanía, Chile to Cauquenes, Chile",,0.38809579521307,80.22560130841926,-72.517,-37.566
"Directions from Dilman Bullock 3056, 4651861 Araucanía, Angol, Araucanía, Chile to Cauquenes, Chile",,0.38833116725898,76.38117525222044,-72.517,-37.565
"Directions from Dilman Bullock 3056, 4651861 Araucanía, Angol, Araucanía, Chile to Cauquenes, Chile",,0.39011161664046,74.27512141971452,-72.515,-37.565
"Directions from Dilman Bullock 3056, 4651861 Araucanía, Angol, Araucanía, Chile to Cauquenes, Chile",,0.39085202193488,68.47903372263671,-72.514,-37.565
"Directions from Dilman Bullock 3056, 4651861 Araucanía, Angol, Araucanía, Chile to Cauquenes, Chile",,0.39087438261465,54.21747441451434,-72.514,-37.565
"Directions from Dilman Bullock 3056, 4651861 Araucanía, Angol, Araucanía, Chile to Cauquenes, Chile",,0.39090266688590,54.21747440637212,-72.514,-37.565
"Directions from Dilman Bullock 3056, 4651861 Araucanía, Angol, Araucanía, Chile to Cauquenes, Chile",,0.39092502756568,54.21747441146100,-72.514,-37.565
"Directions from Dilman Bullock 3056, 4651861 Araucanía, Angol, Araucanía, Chile to Cauquenes, Chile",,0.39098159610817,35.78252559261011,-72.514,-37.565
"Directions from Dilman Bullock 3056, 4651861 Araucanía, Angol, Araucanía, Chile to Cauquenes, Chile",,0.39100395678795,22.50000000610667,-72.514,-37.565
"Directions from Dilman Bullock 3056, 4651861 Araucanía, Angol, Araucanía, Chile to Cauquenes, Chile",,0.39103557956455,9.21747441349656,-72.514,-37.565
"Directions from Dilman Bullock 3056, 4651861 Araucanía, Angol, Araucanía, Chile to Cauquenes, Chile",,0.39105557956455,4.73116110208728,-72.514,-37.565
"Directions from Dilman Bullock 3056, 4651861 Araucanía, Angol, Araucanía, Chile to Cauquenes, Chile",,0.39117723481516,7.00004735611197,-72.514,-37.565
"Directions from Dilman Bullock 3056, 4651861 Araucanía, Angol, Araucanía, Chile to Cauquenes, Chile",,0.39180921582753,3.82189980185607,-72.514,-37.564
"Directions from Dilman Bullock 3056, 4651861 Araucanía, Angol, Araucanía, Chile to Cauquenes, Chile",,0.39439301148508,3.98527076662016,-72.514,-37.561
"Directions from Dilman Bullock 3056, 4651861 Araucanía, Angol, Araucanía, Chile to Cauquenes, Chile",,0.39533640959829,4.21249748626724,-72.514,-37.560
"Directions from Dilman Bullock 3056, 4651861 Araucanía, Angol, Araucanía, Chile to Cauquenes, Chile",,0.39759076094624,4.54401034288685,-72.514,-37.558
"Directions from Dilman Bullock 3056, 4651861 Araucanía, Angol, Araucanía, Chile to Cauquenes, Chile",,0.39790220917629,10.39132942756360,-72.514,-37.558
"Directions from Dilman Bullock 3056, 4651861 Araucanía, Angol, Araucanía, Chile to Cauquenes, Chile",,0.39813024426131,27.27226278350616,-72.514,-37.558
"Directions from Dilman Bullock 3056, 4651861 Araucanía, Angol, Araucanía, Chile to Cauquenes, Chile",,0.39827237096534,42.14470342795836,-72.514,-37.557
"Directions from Dilman Bullock 3056, 4651861 Araucanía, Angol, Araucanía, Chile to Cauquenes, Chile",,0.39831479737221,51.97517140329766,-72.514,-37.557
"Directions from Dilman Bullock 3056, 4651861 Araucanía, Angol, Araucanía, Chile to Cauquenes, Chile",,0.40060259106920,59.84323910755096,-72.512,-37.556
"Directions from Dilman Bullock 3056, 4651861 Araucanía, Angol, Araucanía, Chile to Cauquenes, Chile",,0.40193229028332,59.73620185365936,-72.511,-37.556
"Directions from Dilman Bullock 3056, 4651861 Araucanía, Angol, Araucanía, Chile to Cauquenes, Chile",,0.40291499064457,59.49569350409266,-72.510,-37.555
"Directions from Dilman Bullock 3056, 4651861 Araucanía, Angol, Araucanía, Chile to Cauquenes, Chile",,0.40355997126442,59.41277654384862,-72.509,-37.555
"Directions from Dilman Bullock 3056, 4651861 Araucanía, Angol, Araucanía, Chile to Cauquenes, Chile",,0.40503662288211,59.51289982281040,-72.508,-37.554
"Directions from Dilman Bullock 3056, 4651861 Araucanía, Angol, Araucanía, Chile to Cauquenes, Chile",,0.40787579529674,59.90838996112148,-72.505,-37.553
"Directions from Dilman Bullock 3056, 4651861 Araucanía, Angol, Araucanía, Chile to Cauquenes, Chile",,0.40938672216459,57.83567356881526,-72.504,-37.552
"Directions from Dilman Bullock 3056, 4651861 Araucanía, Angol, Araucanía, Chile to Cauquenes, Chile",,0.40956699972837,57.69087064480244,-72.504,-37.552
"Directions from Dilman Bullock 3056, 4651861 Araucanía, Angol, Araucanía, Chile to Cauquenes, Chile",,0.41232984246729,52.03590439667508,-72.502,-37.550
"Directions from Dilman Bullock 3056, 4651861 Araucanía, Angol, Araucanía, Chile to Cauquenes, Chile",,0.41234398460290,52.51521525158364,-72.502,-37.550
"Directions from Dilman Bullock 3056, 4651861 Araucanía, Angol, Araucanía, Chile to Cauquenes, Chile",,0.41392543962915,61.34027737159280,-72.500,-37.550
"Directions from Dilman Bullock 3056, 4651861 Araucanía, Angol, Araucanía, Chile to Cauquenes, Chile",,0.41425193618348,29.12570943484812,-72.500,-37.549
"Directions from Dilman Bullock 3056, 4651861 Araucanía, Angol, Araucanía, Chile to Cauquenes, Chile",,0.41438232023159,359.48387765631048,-72.500,-37.549
"Directions from Dilman Bullock 3056, 4651861 Araucanía, Angol, Araucanía, Chile to Cauquenes, Chile",,0.41523378954989,4.85332620451762,-72.500,-37.548
"Directions from Dilman Bullock 3056, 4651861 Araucanía, Angol, Araucanía, Chile to Cauquenes, Chile",,0.41632043576646,7.43547867818965,-72.500,-37.547
"Directions from Dilman Bullock 3056, 4651861 Araucanía, Angol, Araucanía, Chile to Cauquenes, Chile",,0.41753386067143,9.28383403177749,-72.500,-37.546
"Directions from Dilman Bullock 3056, 4651861 Araucanía, Angol, Araucanía, Chile to Cauquenes, Chile",,0.41868142330589,7.92181467979746,-72.499,-37.545
"Directions from Dilman Bullock 3056, 4651861 Araucanía, Angol, Araucanía, Chile to Cauquenes, Chile",,0.41927446630602,2.90336345298572,-72.499,-37.544
"Directions from Dilman Bullock 3056, 4651861 Araucanía, Angol, Araucanía, Chile to Cauquenes, Chile",,0.41931446630601,3.56250817539039,-72.499,-37.544
"Directions from Dilman Bullock 3056, 4651861 Araucanía, Angol, Araucanía, Chile to Cauquenes, Chile",,0.41939508888350,358.55851827303036,-72.499,-37.544
"Directions from Dilman Bullock 3056, 4651861 Araucanía, Angol, Araucanía, Chile to Cauquenes, Chile",,0.41956771564852,344.09530535446402,-72.499,-37.544
"Directions from Dilman Bullock 3056, 4651861 Araucanía, Angol, Araucanía, Chile to Cauquenes, Chile",,0.41967541894466,335.81676967439176,-72.499,-37.544
"Directions from Dilman Bullock 3056, 4651861 Araucanía, Angol, Araucanía, Chile to Cauquenes, Chile",,0.41972014030421,336.99745700260274,-72.499,-37.544
"Directions from Dilman Bullock 3056, 4651861 Araucanía, Angol, Araucanía, Chile to Cauquenes, Chile",,0.41990041786798,346.71747440964464,-72.499,-37.544
"Directions from Dilman Bullock 3056, 4651861 Araucanía, Angol, Araucanía, Chile to Cauquenes, Chile",,0.41998104044547,343.15496623199954,-72.499,-37.544
"Directions from Dilman Bullock 3056, 4651861 Araucanía, Angol, Araucanía, Chile to Cauquenes, Chile",,0.42000340112524,342.65242323438298,-72.499,-37.544
"Directions from Dilman Bullock 3056, 4651861 Araucanía, Angol, Araucanía, Chile to Cauquenes, Chile",,0.42007411180335,353.89214043638566,-72.499,-37.544
"Directions from Dilman Bullock 3056, 4651861 Araucanía, Angol, Araucanía, Chile to Cauquenes, Chile",,0.42021446849183,358.75276174524100,-72.499,-37.544
"Directions from Dilman Bullock 3056, 4651861 Araucanía, Angol, Araucanía, Chile to Cauquenes, Chile",,0.42057460735394,2.43081409737945,-72.499,-37.543
"Directions from Dilman Bullock 3056, 4651861 Araucanía, Angol, Araucanía, Chile to Cauquenes, Chile",,0.42267803313109,9.98486607918147,-72.499,-37.541
"Directions from Dilman Bullock 3056, 4651861 Araucanía, Angol, Araucanía, Chile to Cauquenes, Chile",,0.42288683926127,14.00458834839728,-72.499,-37.541
"Directions from Dilman Bullock 3056, 4651861 Araucanía, Angol, Araucanía, Chile to Cauquenes, Chile",,0.42293782945641,14.27569593023892,-72.499,-37.541
"Directions from Dilman Bullock 3056, 4651861 Araucanía, Angol, Araucanía, Chile to Cauquenes, Chile",,0.42324147398542,31.12072969949206,-72.499,-37.541
"Directions from Dilman Bullock 3056, 4651861 Araucanía, Angol, Araucanía, Chile to Cauquenes, Chile",,0.42325561612105,33.69006752590752,-72.499,-37.540
"Directions from Dilman Bullock 3056, 4651861 Araucanía, Angol, Araucanía, Chile to Cauquenes, Chile",,0.42417485493659,23.79062935037498,-72.499,-37.540
"Directions from Dilman Bullock 3056, 4651861 Araucanía, Angol, Araucanía, Chile to Cauquenes, Chile",,0.42436273787887,23.79062935053760,-72.499,-37.539
"Directions from Dilman Bullock 3056, 4651861 Araucanía, Angol, Araucanía, Chile to Cauquenes, Chile",,0.42473043340509,23.79062934857700,-72.499,-37.539
"Directions from Dilman Bullock 3056, 4651861 Araucanía, Angol, Araucanía, Chile to Cauquenes, Chile",,0.42491831634737,23.96007236599671,-72.499,-37.539
"Directions from Dilman Bullock 3056, 4651861 Araucanía, Angol, Araucanía, Chile to Cauquenes, Chile",,0.42758524341799,24.64203613284306,-72.497,-37.537
"Directions from Dilman Bullock 3056, 4651861 Araucanía, Angol, Araucanía, Chile to Cauquenes, Chile",,0.42769704681687,24.47259311461033,-72.497,-37.536
"Directions from Dilman Bullock 3056, 4651861 Araucanía, Angol, Araucanía, Chile to Cauquenes, Chile",,0.42788089457997,23.79062934730267,-72.497,-37.536
"Directions from Dilman Bullock 3056, 4651861 Araucanía, Angol, Araucanía, Chile to Cauquenes, Chile",,0.42806877752225,22.59211508269841,-72.497,-37.536
"Directions from Dilman Bullock 3056, 4651861 Araucanía, Angol, Araucanía, Chile to Cauquenes, Chile",,0.42818582452136,27.76039215691510,-72.497,-37.536
"Directions from Dilman Bullock 3056, 4651861 Araucanía, Angol, Araucanía, Chile to Cauquenes, Chile",,0.42827184777403,40.26883889626227,-72.497,-37.536
"Directions from Dilman Bullock 3056, 4651861 Araucanía, Angol, Araucanía, Chile to Cauquenes, Chile",,0.42832841631652,50.65496624170754,-72.497,-37.536
"Directions from Dilman Bullock 3056, 4651861 Araucanía, Angol, Araucanía, Chile to Cauquenes, Chile",,0.42836447182929,64.84458778477402,-72.497,-37.536
"Directions from Dilman Bullock 3056, 4651861 Araucanía, Angol, Araucanía, Chile to Cauquenes, Chile",,0.43046211336205,72.47214713131464,-72.495,-37.535
"Directions from Dilman Bullock 3056, 4651861 Araucanía, Angol, Araucanía, Chile to Cauquenes, Chile",,0.43068347279826,74.28521719171816,-72.495,-37.535
"Directions from Dilman Bullock 3056, 4651861 Araucanía, Angol, Araucanía, Chile to Cauquenes, Chile",,0.43081688943890,73.22466899256288,-72.495,-37.535
"Directions from Dilman Bullock 3056, 4651861 Araucanía, Angol, Araucanía, Chile to Cauquenes, Chile",,0.43090232947635,70.97057270108374,-72.495,-37.535
"Directions from Dilman Bullock 3056, 4651861 Araucanía, Angol, Araucanía, Chile to Cauquenes, Chile",,0.43342932373833,71.73579229331466,-72.492,-37.534
"Directions from Dilman Bullock 3056, 4651861 Araucanía, Angol, Araucanía, Chile to Cauquenes, Chile",,0.43373608097132,72.85963762963834,-72.492,-37.534
"Directions from Dilman Bullock 3056, 4651861 Araucanía, Angol, Araucanía, Chile to Cauquenes, Chile",,0.43385009851384,73.05154470150465,-72.492,-37.534
"Directions from Dilman Bullock 3056, 4651861 Araucanía, Angol, Araucanía, Chile to Cauquenes, Chile",,0.43472605513376,67.39657846465114,-72.491,-37.534
"Directions from Dilman Bullock 3056, 4651861 Araucanía, Angol, Araucanía, Chile to Cauquenes, Chile",,0.43474841581355,67.56772538150464,-72.491,-37.534
"Directions from Dilman Bullock 3056, 4651861 Araucanía, Angol, Araucanía, Chile to Cauquenes, Chile",,0.43608606300170,72.45106507930466,-72.490,-37.533
"Directions from Dilman Bullock 3056, 4651861 Araucanía, Angol, Araucanía, Chile to Cauquenes, Chile",,0.43663968742312,75.55343557105284,-72.489,-37.533
"Directions from Dilman Bullock 3056, 4651861 Araucanía, Angol, Araucanía, Chile to Cauquenes, Chile",,0.43692604384439,83.95262146179184,-72.489,-37.533
"Directions from Dilman Bullock 3056, 4651861 Araucanía, Angol, Araucanía, Chile to Cauquenes, Chile",,0.43693604384440,84.84757676610552,-72.489,-37.533
"Directions from Dilman Bullock 3056, 4651861 Araucanía, Angol, Araucanía, Chile to Cauquenes, Chile",,0.43704784724328,81.18038736521461,-72.489,-37.533
"Directions from Dilman Bullock 3056, 4651861 Araucanía, Angol, Araucanía, Chile to Cauquenes, Chile",,0.43806617921272,86.33281059910910,-72.488,-37.533
"Directions from Dilman Bullock 3056, 4651861 Araucanía, Angol, Araucanía, Chile to Cauquenes, Chile",,0.43809617921272,86.38153898715734,-72.488,-37.533
"Directions from Dilman Bullock 3056, 4651861 Araucanía, Angol, Araucanía, Chile to Cauquenes, Chile",,0.43873123826509,86.38153898715734,-72.487,-37.533
"Directions from Dilman Bullock 3056, 4651861 Araucanía, Angol, Araucanía, Chile to Cauquenes, Chile",,0.43875123826509,86.43749182550438,-72.487,-37.533
"Directions from Dilman Bullock 3056, 4651861 Araucanía, Angol, Araucanía, Chile to Cauquenes, Chile",,0.43987995434986,73.15496623696536,-72.486,-37.533
"Directions from Dilman Bullock 3056, 4651861 Araucanía, Angol, Araucanía, Chile to Cauquenes, Chile",,0.43990231502962,72.65242323411162,-72.486,-37.533
"Directions from Dilman Bullock 3056, 4651861 Araucanía, Angol, Araucanía, Chile to Cauquenes, Chile",,0.44032657909834,85.93494882265060,-72.486,-37.533
"Directions from Dilman Bullock 3056, 4651861 Araucanía, Angol, Araucanía, Chile to Cauquenes, Chile",,0.44034657909833,86.82990412828624,-72.486,-37.533
"Directions from Dilman Bullock 3056, 4651861 Araucanía, Angol, Araucanía, Chile to Cauquenes, Chile",,0.44043713294971,82.09874302445679,-72.485,-37.533
"Directions from Dilman Bullock 3056, 4651861 Araucanía, Angol, Araucanía, Chile to Cauquenes, Chile",,0.44080209870153,82.88701805024596,-72.485,-37.533
"Directions from Dilman Bullock 3056, 4651861 Araucanía, Angol, Araucanía, Chile to Cauquenes, Chile",,0.44092251464733,83.87025033401646,-72.485,-37.533
"Directions from Dilman Bullock 3056, 4651861 Araucanía, Angol, Araucanía, Chile to Cauquenes, Chile",,0.44130579000526,79.75476278415437,-72.485,-37.533
"Directions from Dilman Bullock 3056, 4651861 Araucanía, Angol, Araucanía, Chile to Cauquenes, Chile",,0.44157262328654,74.28521719275228,-72.484,-37.533
"Directions from Dilman Bullock 3056, 4651861 Araucanía, Angol, Araucanía, Chile to Cauquenes, Chile",,0.44160424606315,65.30064732489701,-72.484,-37.533
"Directions from Dilman Bullock 3056, 4651861 Araucanía, Angol, Araucanía, Chile to Cauquenes, Chile",,0.44166255558210,74.51812173635800,-72.484,-37.533
"Directions from Dilman Bullock 3056, 4651861 Araucanía, Angol, Araucanía, Chile to Cauquenes, Chile",,0.44167255558209,71.56505117789222,-72.484,-37.533
"Directions from Dilman Bullock 3056, 4651861 Araucanía, Angol, Araucanía, Chile to Cauquenes, Chile",,0.44177255558210,46.11198062139012,-72.484,-37.533
"Directions from Dilman Bullock 3056, 4651861 Araucanía, Angol, Araucanía, Chile to Cauquenes, Chile",,0.44197871086337,36.39196320624690,-72.484,-37.532
"Directions from Dilman Bullock 3056, 4651861 Araucanía, Angol, Araucanía, Chile to Cauquenes, Chile",,0.44244743252918,35.27998258729945,-72.484,-37.532
"Directions from Dilman Bullock 3056, 4651861 Araucanía, Angol, Araucanía, Chile to Cauquenes, Chile",,0.44254743252918,34.43764042470409,-72.484,-37.532
"Directions from Dilman Bullock 3056, 4651861 Araucanía, Angol, Araucanía, Chile to Cauquenes, Chile",,0.44264177234050,33.96694281165473,-72.484,-37.532
"Directions from Dilman Bullock 3056, 4651861 Araucanía, Angol, Araucanía, Chile to Cauquenes, Chile",,0.44349388735621,43.06146566603592,-72.483,-37.531
"Directions from Dilman Bullock 3056, 4651861 Araucanía, Angol, Araucanía, Chile to Cauquenes, Chile",,0.44365009234974,56.81468886599582,-72.483,-37.531
"Directions from Dilman Bullock 3056, 4651861 Araucanía, Angol, Araucanía, Chile to Cauquenes, Chile",,0.44373953506884,66.43945180278466,-72.483,-37.531
"Directions from Dilman Bullock 3056, 4651861 Araucanía, Angol, Araucanía, Chile to Cauquenes, Chile",,0.44382497510629,79.72197739132363,-72.483,-37.531
"Directions from Dilman Bullock 3056, 4651861 Araucanía, Angol, Araucanía, Chile to Cauquenes, Chile",,0.44383497510629,71.56505117544955,-72.483,-37.531
"Directions from Dilman Bullock 3056, 4651861 Araucanía, Angol, Araucanía, Chile to Cauquenes, Chile",,0.44393497510629,43.41008494470267,-72.483,-37.531
"Directions from Dilman Bullock 3056, 4651861 Araucanía, Angol, Araucanía, Chile to Cauquenes, Chile",,0.44397103061904,29.06701115799750,-72.483,-37.531
"Directions from Dilman Bullock 3056, 4651861 Araucanía, Angol, Araucanía, Chile to Cauquenes, Chile",,0.44421269153852,23.30515030036031,-72.483,-37.531
"Directions from Dilman Bullock 3056, 4651861 Araucanía, Angol, Araucanía, Chile to Cauquenes, Chile",,0.44450423913326,25.95561356071341,-72.483,-37.530
"Directions from Dilman Bullock 3056, 4651861 Araucanía, Angol, Araucanía, Chile to Cauquenes, Chile",,0.44458486171074,25.15046325693727,-72.483,-37.530
"Directions from Dilman Bullock 3056, 4651861 Araucanía, Angol, Araucanía, Chile to Cauquenes, Chile",,0.44467030174819,22.66559289324875,-72.483,-37.530
"Directions from Dilman Bullock 3056, 4651861 Araucanía, Angol, Araucanía, Chile to Cauquenes, Chile",,0.44481347995883,27.51578886743722,-72.482,-37.530
"Directions from Dilman Bullock 3056, 4651861 Araucanía, Angol, Araucanía, Chile to Cauquenes, Chile",,0.44509132883862,37.62821857948387,-72.482,-37.530
"Directions from Dilman Bullock 3056, 4651861 Araucanía, Angol, Araucanía, Chile to Cauquenes, Chile",,0.44514789738111,42.40278554458923,-72.482,-37.530
"Directions from Dilman Bullock 3056, 4651861 Araucanía, Angol, Araucanía, Chile to Cauquenes, Chile",,0.44522599987787,45.57288142108160,-72.482,-37.530
"Directions from Dilman Bullock 3056, 4651861 Araucanía, Angol, Araucanía, Chile to Cauquenes, Chile",,0.44535406236262,48.17009587055532,-72.482,-37.530
"Directions from Dilman Bullock 3056, 4651861 Araucanía, Angol, Araucanía, Chile to Cauquenes, Chile",,0.44539648876949,54.21747440806842,-72.482,-37.530
"Directions from Dilman Bullock 3056, 4651861 Araucanía, Angol, Araucanía, Chile to Cauquenes, Chile",,0.44577662032566,76.71747441146103,-72.482,-37.529
"Directions from Dilman Bullock 3056, 4651861 Araucanía, Angol, Araucanía, Chile to Cauquenes, Chile",,0.44578662032566,78.85318542014600,-72.482,-37.529
"Directions from Dilman Bullock 3056, 4651861 Araucanía, Angol, Araucanía, Chile to Cauquenes, Chile",,0.44686740707614,64.81694195219134,-72.481,-37.529
"Directions from Dilman Bullock 3056, 4651861 Araucanía, Angol, Araucanía, Chile to Cauquenes, Chile",,0.44771740707614,63.29066856125622,-72.480,-37.529
"Directions from Dilman Bullock 3056, 4651861 Araucanía, Angol, Araucanía, Chile to Cauquenes, Chile",,0.44792764503656,66.42620728580098,-72.480,-37.529
"Directions from Dilman Bullock 3056, 4651861 Araucanía, Angol, Araucanía, Chile to Cauquenes, Chile",,0.44808919998076,72.83489140009854,-72.480,-37.529
"Directions from Dilman Bullock 3056, 4651861 Araucanía, Angol, Araucanía, Chile to Cauquenes, Chile",,0.44818139542534,75.93919067396206,-72.480,-37.529
"Directions from Dilman Bullock 3056, 4651861 Araucanía, Angol, Araucanía, Chile to Cauquenes, Chile",,0.44907425599676,68.92106894191465,-72.479,-37.528
"Directions from Dilman Bullock 3056, 4651861 Araucanía, Angol, Araucanía, Chile to Cauquenes, Chile",,0.44914133803609,66.43945180194812,-72.479,-37.528
"Directions from Dilman Bullock 3056, 4651861 Araucanía, Angol, Araucanía, Chile to Cauquenes, Chile",,0.44965397826080,64.59375880956622,-72.478,-37.528
"Directions from Dilman Bullock 3056, 4651861 Araucanía, Angol, Araucanía, Chile to Cauquenes, Chile",,0.44979290270071,61.58925582963544,-72.478,-37.528
"Directions from Dilman Bullock 3056, 4651861 Araucanía, Angol, Araucanía, Chile to Cauquenes, Chile",,0.44999414881867,31.71747441055630,-72.478,-37.528
"Directions from Dilman Bullock 3056, 4651861 Araucanía, Angol, Araucanía, Chile to Cauquenes, Chile",,0.45000414881867,28.33438700036785,-72.478,-37.528
"Directions from Dilman Bullock 3056, 4651861 Araucanía, Angol, Araucanía, Chile to Cauquenes, Chile",,0.45133268184424,50.83438698001230,-72.477,-37.527
"Directions from Dilman Bullock 3056, 4651861 Araucanía, Angol, Araucanía, Chile to Cauquenes, Chile",,0.45134682397986,67.49999997964444,-72.477,-37.527
"Directions from Dilman Bullock 3056, 4651861 Araucanía, Angol, Araucanía, Chile to Cauquenes, Chile",,0.45136682397986,77.04674600035038,-72.477,-37.527
"Directions from Dilman Bullock 3056, 4651861 Araucanía, Angol, Araucanía, Chile to Cauquenes, Chile",,0.45175592550903,70.02862426399236,-72.476,-37.527
"Directions from Dilman Bullock 3056, 4651861 Araucanía, Angol, Araucanía, Chile to Cauquenes, Chile",,0.45179715656528,72.93426266787112,-72.476,-37.527
"Directions from Dilman Bullock 3056, 4651861 Araucanía, Angol, Araucanía, Chile to Cauquenes, Chile",,0.45223373416434,79.95238440422916,-72.476,-37.527
"Directions from Dilman Bullock 3056, 4651861 Araucanía, Angol, Araucanía, Chile to Cauquenes, Chile",,0.45224373416435,79.83843158487387,-72.476,-37.527
"Directions from Dilman Bullock 3056, 4651861 Araucanía, Angol, Araucanía, Chile to Cauquenes, Chile",,0.45253165776533,71.21770188542156,-72.476,-37.527
"Directions from Dilman Bullock 3056, 4651861 Araucanía, Angol, Araucanía, Chile to Cauquenes, Chile",,0.45404988041040,72.16179588904336,-72.474,-37.526
"Directions from Dilman Bullock 3056, 4651861 Araucanía, Angol, Araucanía, Chile to Cauquenes, Chile",,0.45553615091067,74.93784100112424,-72.473,-37.526
"Directions from Dilman Bullock 3056, 4651861 Araucanía, Angol, Araucanía, Chile to Cauquenes, Chile",,0.45583229276858,80.24766863912990,-72.472,-37.526
"Directions from Dilman Bullock 3056, 4651861 Araucanía, Angol, Araucanía, Chile to Cauquenes, Chile",,0.45634707427562,83.00726567903612,-72.472,-37.526
"Directions from Dilman Bullock 3056, 4651861 Araucanía, Angol, Araucanía, Chile to Cauquenes, Chile",,0.45932432132617,85.00787503484922,-72.469,-37.525
"Directions from Dilman Bullock 3056, 4651861 Araucanía, Angol, Araucanía, Chile to Cauquenes, Chile",,0.45947465428996,84.62247086788550,-72.469,-37.525
"Directions from Dilman Bullock 3056, 4651861 Araucanía, Angol, Araucanía, Chile to Cauquenes, Chile",,0.46063314468698,85.28473182507078,-72.468,-37.525
"Directions from Dilman Bullock 3056, 4651861 Araucanía, Angol, Araucanía, Chile to Cauquenes, Chile",,0.46086336197565,90.18642615204799,-72.467,-37.525
"Directions from Dilman Bullock 3056, 4651861 Araucanía, Angol, Araucanía, Chile to Cauquenes, Chile",,0.46106361181958,96.23380468997510,-72.467,-37.525
"Directions from Dilman Bullock 3056, 4651861 Araucanía, Angol, Araucanía, Chile to Cauquenes, Chile",,0.46172285380854,100.93498894152002,-72.467,-37.525
"Directions from Dilman Bullock 3056, 4651861 Araucanía, Angol, Araucanía, Chile to Cauquenes, Chile",,0.46195822585446,100.01496987363616,-72.466,-37.525
"Directions from Dilman Bullock 3056, 4651861 Araucanía, Angol, Araucanía, Chile to Cauquenes, Chile",,0.46218026188758,99.28952176627614,-72.466,-37.525
"Directions from Dilman Bullock 3056, 4651861 Araucanía, Angol, Araucanía, Chile to Cauquenes, Chile",,0.46308635239078,59.70942149348016,-72.465,-37.526
"Directions from Dilman Bullock 3056, 4651861 Araucanía, Angol, Araucanía, Chile to Cauquenes, Chile",,0.46415204465405,19.75136548628097,-72.465,-37.525
"Directions from Dilman Bullock 3056, 4651861 Araucanía, Angol, Araucanía, Chile to Cauquenes, Chile",,0.46532949953642,21.79578022222332,-72.465,-37.523
"Directions from Dilman Bullock 3056, 4651861 Araucanía, Angol, Araucanía, Chile to Cauquenes, Chile",,0.46652180822128,24.49102853519412,-72.464,-37.522
"Directions from Dilman Bullock 3056, 4651861 Araucanía, Angol, Araucanía, Chile to Cauquenes, Chile",,0.46744755116616,25.55880435654968,-72.464,-37.522
"Directions from Dilman Bullock 3056, 4651861 Araucanía, Angol, Araucanía, Chile to Cauquenes, Chile",,0.46818579231917,26.41774852856709,-72.463,-37.521
"Directions from Dilman Bullock 3056, 4651861 Araucanía, Angol, Araucanía, Chile to Cauquenes, Chile",,0.47174226529109,25.52279322459010,-72.462,-37.518
"Directions from Dilman Bullock 3056, 4651861 Araucanía, Angol, Araucanía, Chile to Cauquenes, Chile",,0.47363308521906,21.98946929160471,-72.461,-37.516
"Directions from Dilman Bullock 3056, 4651861 Araucanía, Angol, Araucanía, Chile to Cauquenes, Chile",,0.47573167998699,15.24095135882958,-72.460,-37.514
"Directions from Dilman Bullock 3056, 4651861 Araucanía, Angol, Araucanía, Chile to Cauquenes, Chile",,0.47808423179301,10.42616629486212,-72.460,-37.512
"Directions from Dilman Bullock 3056, 4651861 Araucanía, Angol, Araucanía, Chile to Cauquenes, Chile",,0.47844116315897,9.84848242694002,-72.460,-37.511
"Directions from Dilman Bullock 3056, 4651861 Araucanía, Angol, Araucanía, Chile to Cauquenes, Chile",,0.48001802713534,9.69528661503355,-72.460,-37.510
"Directions from Dilman Bullock 3056, 4651861 Araucanía, Angol, Araucanía, Chile to Cauquenes, Chile",,0.48148499680101,47.88767448312932,-72.459,-37.508
"Directions from Dilman Bullock 3056, 4651861 Araucanía, Angol, Araucanía, Chile to Cauquenes, Chile",,0.48302138867811,86.14112759652448,-72.458,-37.508
"Directions from Dilman Bullock 3056, 4651861 Araucanía, Angol, Araucanía, Chile to Cauquenes, Chile",,0.48348182325544,86.82249295406926,-72.457,-37.508
"Directions from Dilman Bullock 3056, 4651861 Araucanía, Angol, Araucanía, Chile to Cauquenes, Chile",,0.48496519778671,85.68544856964812,-72.456,-37.508
"Directions from Dilman Bullock 3056, 4651861 Araucanía, Angol, Araucanía, Chile to Cauquenes, Chile",,0.48845726021455,84.55293478902082,-72.452,-37.508
"Directions from Dilman Bullock 3056, 4651861 Araucanía, Angol, Araucanía, Chile to Cauquenes, Chile",,0.49931937787181,83.51857479560682,-72.441,-37.507
"Directions from Dilman Bullock 3056, 4651861 Araucanía, Angol, Araucanía, Chile to Cauquenes, Chile",,0.50150489840476,82.38427183733079,-72.439,-37.506
"Directions from Dilman Bullock 3056, 4651861 Araucanía, Angol, Araucanía, Chile to Cauquenes, Chile",,0.50301105244735,80.14548643915796,-72.438,-37.506
"Directions from Dilman Bullock 3056, 4651861 Araucanía, Angol, Araucanía, Chile to Cauquenes, Chile",,0.50433679752089,79.36193185695424,-72.437,-37.506
"Directions from Dilman Bullock 3056, 4651861 Araucanía, Angol, Araucanía, Chile to Cauquenes, Chile",,0.50751475283838,79.49642800374390,-72.433,-37.505
"Directions from Dilman Bullock 3056, 4651861 Araucanía, Angol, Araucanía, Chile to Cauquenes, Chile",,0.51043887663877,79.33937107617658,-72.431,-37.505
"Directions from Dilman Bullock 3056, 4651861 Araucanía, Angol, Araucanía, Chile to Cauquenes, Chile",,0.52506365697901,80.97725815679379,-72.416,-37.502
"Directions from Dilman Bullock 3056, 4651861 Araucanía, Angol, Araucanía, Chile to Cauquenes, Chile",,0.52528569301212,81.09640517269087,-72.416,-37.502
"Directions from Dilman Bullock 3056, 4651861 Araucanía, Angol, Araucanía, Chile to Cauquenes, Chile",,0.52821050069810,78.57685514975040,-72.413,-37.502
"Directions from Dilman Bullock 3056, 4651861 Araucanía, Angol, Araucanía, Chile to Cauquenes, Chile",,0.52843611098156,78.47797965298956,-72.413,-37.502
"Directions from Dilman Bullock 3056, 4651861 Araucanía, Angol, Araucanía, Chile to Cauquenes, Chile",,0.53473646017823,78.83273414703309,-72.407,-37.500
"Directions from Dilman Bullock 3056, 4651861 Araucanía, Angol, Araucanía, Chile to Cauquenes, Chile",,0.53516599481013,75.18983727454490,-72.406,-37.500
"Directions from Dilman Bullock 3056, 4651861 Araucanía, Angol, Araucanía, Chile to Cauquenes, Chile",,0.53536524339857,59.10395396831294,-72.406,-37.500
"Directions from Dilman Bullock 3056, 4651861 Araucanía, Angol, Araucanía, Chile to Cauquenes, Chile",,0.54033661141955,43.16738547878834,-72.402,-37.497
"Directions from Dilman Bullock 3056, 4651861 Araucanía, Angol, Araucanía, Chile to Cauquenes, Chile",,0.54042880686413,42.73823371897135,-72.402,-37.497
"Directions from Dilman Bullock 3056, 4651861 Araucanía, Angol, Araucanía, Chile to Cauquenes, Chile",,0.54367443469245,48.10768226945914,-72.400,-37.494
"Directions from Dilman Bullock 3056, 4651861 Araucanía, Angol, Araucanía, Chile to Cauquenes, Chile",,0.54373846593482,48.48489517825136,-72.400,-37.494
"Directions from Dilman Bullock 3056, 4651861 Araucanía, Angol, Araucanía, Chile to Cauquenes, Chile",,0.54438197195655,43.80840555176194,-72.400,-37.494
"Directions from Dilman Bullock 3056, 4651861 Araucanía, Angol, Araucanía, Chile to Cauquenes, Chile",,0.54451650819703,44.51631049221327,-72.399,-37.494
"Directions from Dilman Bullock 3056, 4651861 Araucanía, Angol, Araucanía, Chile to Cauquenes, Chile",,0.54491274045215,43.42548978788408,-72.399,-37.494
"Directions from Dilman Bullock 3056, 4651861 Araucanía, Angol, Araucanía, Chile to Cauquenes, Chile",,0.54499084294890,42.85271540072210,-72.399,-37.494
"Directions from Dilman Bullock 3056, 4651861 Araucanía, Angol, Araucanía, Chile to Cauquenes, Chile",,0.54634158348654,36.23245545020289,-72.398,-37.493
"Directions from Dilman Bullock 3056, 4651861 Araucanía, Angol, Araucanía, Chile to Cauquenes, Chile",,0.54636394416632,36.80522983666476,-72.398,-37.493
"Directions from Dilman Bullock 3056, 4651861 Araucanía, Angol, Araucanía, Chile to Cauquenes, Chile",,0.54676017642144,46.02270424436306,-72.398,-37.492
"Directions from Dilman Bullock 3056, 4651861 Araucanía, Angol, Araucanía, Chile to Cauquenes, Chile",,0.54722686689702,45.92380513326340,-72.398,-37.492
"Directions from Dilman Bullock 3056, 4651861 Araucanía, Angol, Araucanía, Chile to Cauquenes, Chile",,0.54766550114101,45.63444235026324,-72.397,-37.492
"Directions from Dilman Bullock 3056, 4651861 Araucanía, Angol, Araucanía, Chile to Cauquenes, Chile",,0.54836557256594,43.42106346694563,-72.397,-37.491
"Directions from Dilman Bullock 3056, 4651861 Araucanía, Angol, Araucanía, Chile to Cauquenes, Chile",,0.54915125698096,39.64537507093091,-72.396,-37.491
"Directions from Dilman Bullock 3056, 4651861 Araucanía, Angol, Araucanía, Chile to Cauquenes, Chile",,0.54920125698095,40.15027141894579,-72.396,-37.491
"Directions from Dilman Bullock 3056, 4651861 Araucanía, Angol, Araucanía, Chile to Cauquenes, Chile",,0.55023402026457,45.57847809455932,-72.395,-37.490
"Directions from Dilman Bullock 3056, 4651861 Araucanía, Angol, Araucanía, Chile to Cauquenes, Chile",,0.55053134163952,46.36315549690708,-72.395,-37.490
"Directions from Dilman Bullock 3056, 4651861 Araucanía, Angol, Araucanía, Chile to Cauquenes, Chile",,0.55080004221637,50.65496623857592,-72.395,-37.489
"Directions from Dilman Bullock 3056, 4651861 Araucanía, Angol, Araucanía, Chile to Cauquenes, Chile",,0.55087215324189,51.62025995878978,-72.395,-37.489
"Directions from Dilman Bullock 3056, 4651861 Araucanía, Angol, Araucanía, Chile to Cauquenes, Chile",,0.55150183570154,46.21014151685580,-72.395,-37.489
"Directions from Dilman Bullock 3056, 4651861 Araucanía, Angol, Araucanía, Chile to Cauquenes, Chile",,0.55232918085321,46.40875534119474,-72.394,-37.488
"Directions from Dilman Bullock 3056, 4651861 Araucanía, Angol, Araucanía, Chile to Cauquenes, Chile",,0.55319964050191,45.49779761739792,-72.393,-37.488
"Directions from Dilman Bullock 3056, 4651861 Araucanía, Angol, Araucanía, Chile to Cauquenes, Chile",,0.55350377862842,46.93110452938210,-72.393,-37.488
"Directions from Dilman Bullock 3056, 4651861 Araucanía, Angol, Araucanía, Chile to Cauquenes, Chile",,0.55358188112518,53.25218069276420,-72.393,-37.488
"Directions from Dilman Bullock 3056, 4651861 Araucanía, Angol, Araucanía, Chile to Cauquenes, Chile",,0.55365399215070,53.82506210885118,-72.393,-37.487
"Directions from Dilman Bullock 3056, 4651861 Araucanía, Angol, Araucanía, Chile to Cauquenes, Chile",,0.55384608587781,48.17009587262398,-72.393,-37.487
"Directions from Dilman Bullock 3056, 4651861 Araucanía, Angol, Araucanía, Chile to Cauquenes, Chile",,0.55436934489589,46.18967118678314,-72.392,-37.487
"Directions from Dilman Bullock 3056, 4651861 Araucanía, Angol, Araucanía, Chile to Cauquenes, Chile",,0.55692420301328,46.89980395995768,-72.391,-37.485
"Directions from Dilman Bullock 3056, 4651861 Araucanía, Angol, Araucanía, Chile to Cauquenes, Chile",,0.55863592729014,43.86443978036019,-72.389,-37.484
"Directions from Dilman Bullock 3056, 4651861 Araucanía, Angol, Araucanía, Chile to Cauquenes, Chile",,0.55907524494288,65.55586103815348,-72.389,-37.484
"Directions from Dilman Bullock 3056, 4651861 Araucanía, Angol, Araucanía, Chile to Cauquenes, Chile",,0.56489527930704,92.18851466082111,-72.383,-37.484
"Directions from Dilman Bullock 3056, 4651861 Araucanía, Angol, Araucanía, Chile to Cauquenes, Chile",,0.56539687675520,91.52319790877220,-72.383,-37.484
"Directions from Dilman Bullock 3056, 4651861 Araucanía, Angol, Araucanía, Chile to Cauquenes, Chile",,0.56614714337447,85.67372910321528,-72.382,-37.484
"Directions from Dilman Bullock 3056, 4651861 Araucanía, Angol, Araucanía, Chile to Cauquenes, Chile",,0.56622776595195,85.37694362600756,-72.382,-37.484
"Directions from Dilman Bullock 3056, 4651861 Araucanía, Angol, Araucanía, Chile to Cauquenes, Chile",,0.56730850643884,86.03608834906686,-72.381,-37.484
"Directions from Dilman Bullock 3056, 4651861 Araucanía, Angol, Araucanía, Chile to Cauquenes, Chile",,0.56790154943897,81.44167031023380,-72.380,-37.484
"Directions from Dilman Bullock 3056, 4651861 Araucanía, Angol, Araucanía, Chile to Cauquenes, Chile",,0.56861541217087,74.78854689617678,-72.380,-37.484
"Directions from Dilman Bullock 3056, 4651861 Araucanía, Angol, Araucanía, Chile to Cauquenes, Chile",,0.56968433686420,72.21920906974826,-72.379,-37.483
"Directions from Dilman Bullock 3056, 4651861 Araucanía, Angol, Araucanía, Chile to Cauquenes, Chile",,0.57077914278307,72.78498108793066,-72.377,-37.483
"Directions from Dilman Bullock 3056, 4651861 Araucanía, Angol, Araucanía, Chile to Cauquenes, Chile",,0.57197768356252,72.99129413244168,-72.376,-37.482
"Directions from Dilman Bullock 3056, 4651861 Araucanía, Angol, Araucanía, Chile to Cauquenes, Chile",,0.57371529686817,73.53189040354020,-72.375,-37.482
"Directions from Dilman Bullock 3056, 4651861 Araucanía, Angol, Araucanía, Chile to Cauquenes, Chile",,0.57808396943544,76.87754547154888,-72.370,-37.481
"Directions from Dilman Bullock 3056, 4651861 Araucanía, Angol, Araucanía, Chile to Cauquenes, Chile",,0.57888459419149,77.70010469747947,-72.370,-37.481
"Directions from Dilman Bullock 3056, 4651861 Araucanía, Angol, Araucanía, Chile to Cauquenes, Chile",,0.57934066436154,73.27285812194276,-72.369,-37.480
"Directions from Dilman Bullock 3056, 4651861 Araucanía, Angol, Araucanía, Chile to Cauquenes, Chile",,0.58010910433967,67.61789189303570,-72.369,-37.480
"Directions from Dilman Bullock 3056, 4651861 Araucanía, Angol, Araucanía, Chile to Cauquenes, Chile",,0.58013146501945,69.50708785578540,-72.369,-37.480
"Directions from Dilman Bullock 3056, 4651861 Araucanía, Angol, Araucanía, Chile to Cauquenes, Chile",,0.58049285123943,82.78961343618217,-72.368,-37.480
"Directions from Dilman Bullock 3056, 4651861 Araucanía, Angol, Araucanía, Chile to Cauquenes, Chile",,0.58053285123943,80.45325399964965,-72.368,-37.480
"Directions from Dilman Bullock 3056, 4651861 Araucanía, Angol, Araucanía, Chile to Cauquenes, Chile",,0.58080798756927,67.17072841111064,-72.368,-37.480
"Directions from Dilman Bullock 3056, 4651861 Araucanía, Angol, Araucanía, Chile to Cauquenes, Chile",,0.58087506960860,73.29608770479236,-72.368,-37.480
"Directions from Dilman Bullock 3056, 4651861 Araucanía, Angol, Araucanía, Chile to Cauquenes, Chile",,0.58112686317484,84.67157587699680,-72.368,-37.480
"Directions from Dilman Bullock 3056, 4651861 Araucanía, Angol, Araucanía, Chile to Cauquenes, Chile",,0.58127719613863,88.09296258366545,-72.367,-37.480
"Directions from Dilman Bullock 3056, 4651861 Araucanía, Angol, Araucanía, Chile to Cauquenes, Chile",,0.58155719613863,91.55301354783140,-72.367,-37.480
"Directions from Dilman Bullock 3056, 4651861 Araucanía, Angol, Araucanía, Chile to Cauquenes, Chile",,0.58284909396741,91.55301354783136,-72.366,-37.480
"Directions from Dilman Bullock 3056, 4651861 Araucanía, Angol, Araucanía, Chile to Cauquenes, Chile",,0.58292909396740,91.47322369001934,-72.366,-37.480
"Directions from Dilman Bullock 3056, 4651861 Araucanía, Angol, Araucanía, Chile to Cauquenes, Chile",,0.58429089424645,91.47322369001934,-72.364,-37.480
"Directions from Dilman Bullock 3056, 4651861 Araucanía, Angol, Araucanía, Chile to Cauquenes, Chile",,0.58444089424644,92.31773171306725,-72.364,-37.480
"Directions from Dilman Bullock 3056, 4651861 Araucanía, Angol, Araucanía, Chile to Cauquenes, Chile",,0.58481210847031,103.91702696954037,-72.364,-37.480
"Directions from Dilman Bullock 3056, 4651861 Araucanía, Angol, Araucanía, Chile to Cauquenes, Chile",,0.58488826620138,101.59929525647313,-72.364,-37.480
"Directions from Dilman Bullock 3056, 4651861 Araucanía, Angol, Araucanía, Chile to Cauquenes, Chile",,0.58507826620137,96.69624887677362,-72.364,-37.480
"Directions from Dilman Bullock 3056, 4651861 Araucanía, Angol, Araucanía, Chile to Cauquenes, Chile",,0.58572587719572,104.44588656493194,-72.363,-37.480
"Directions from Dilman Bullock 3056, 4651861 Araucanía, Angol, Araucanía, Chile to Cauquenes, Chile",,0.58696078609925,103.79701622735946,-72.362,-37.481
"Directions from Dilman Bullock 3056, 4651861 Araucanía, Angol, Araucanía, Chile to Cauquenes, Chile",,0.58724714252050,52.91307703935610,-72.362,-37.481
"Directions from Dilman Bullock 3056, 4651861 Araucanía, Angol, Araucanía, Chile to Cauquenes, Chile",,0.58770811974337,4.42435592504682,-72.361,-37.480
"Directions from Dilman Bullock 3056, 4651861 Araucanía, Angol, Araucanía, Chile to Cauquenes, Chile",,0.58905348214808,4.11167097288057,-72.361,-37.479
"Directions from Dilman Bullock 3056, 4651861 Araucanía, Angol, Araucanía, Chile to Cauquenes, Chile",,0.59034537997685,3.79195333488857,-72.361,-37.478
"Directions from Dilman Bullock 3056, 4651861 Araucanía, Angol, Araucanía, Chile to Cauquenes, Chile",,0.59201046255739,3.38424480695095,-72.361,-37.476
"Directions from Dilman Bullock 3056, 4651861 Araucanía, Angol, Araucanía, Chile to Cauquenes, Chile",,0.59226066247745,3.90907509609429,-72.361,-37.476
"Directions from Dilman Bullock 3056, 4651861 Araucanía, Angol, Araucanía, Chile to Cauquenes, Chile",,0.59350645539765,2.76377007604320,-72.361,-37.474
"Directions from Dilman Bullock 3056, 4651861 Araucanía, Angol, Araucanía, Chile to Cauquenes, Chile",,0.59356645539765,2.82027471596780,-72.361,-37.474
"Directions from Dilman Bullock 3056, 4651861 Araucanía, Angol, Araucanía, Chile to Cauquenes, Chile",,0.59438039642745,4.41018977640100,-72.361,-37.474
"Directions from Dilman Bullock 3056, 4651861 Araucanía, Angol, Araucanía, Chile to Cauquenes, Chile",,0.59456067399123,4.81932324930597,-72.361,-37.473
"Directions from Dilman Bullock 3056, 4651861 Araucanía, Angol, Araucanía, Chile to Cauquenes, Chile",,0.59509405940535,4.81932324930598,-72.361,-37.473
"Directions from Dilman Bullock 3056, 4651861 Araucanía, Angol, Araucanía, Chile to Cauquenes, Chile",,0.59527433696912,5.01130176620283,-72.361,-37.473
"Directions from Dilman Bullock 3056, 4651861 Araucanía, Angol, Araucanía, Chile to Cauquenes, Chile",,0.59552613053536,8.76384290596694,-72.361,-37.472
"Directions from Dilman Bullock 3056, 4651861 Araucanía, Angol, Araucanía, Chile to Cauquenes, Chile",,0.59606548199777,9.60783900532065,-72.361,-37.472
"Directions from Dilman Bullock 3056, 4651861 Araucanía, Angol, Araucanía, Chile to Cauquenes, Chile",,0.59707666941857,11.28350454028399,-72.361,-37.471
"Directions from Dilman Bullock 3056, 4651861 Araucanía, Angol, Araucanía, Chile to Cauquenes, Chile",,0.59711790047483,7.88597402867237,-72.361,-37.471
"Directions from Dilman Bullock 3056, 4651861 Araucanía, Angol, Araucanía, Chile to Cauquenes, Chile",,0.59744805195522,357.30534412281884,-72.361,-37.471
"Directions from Dilman Bullock 3056, 4651861 Araucanía, Angol, Araucanía, Chile to Cauquenes, Chile",,0.59752867453269,359.99999999968685,-72.361,-37.470
"Directions from Dilman Bullock 3056, 4651861 Araucanía, Angol, Araucanía, Chile to Cauquenes, Chile",,0.59760929711018,3.56250817037978,-72.361,-37.470
"Directions from Dilman Bullock 3056, 4651861 Araucanía, Angol, Araucanía, Chile to Cauquenes, Chile",,0.59778929711018,358.31676967011009,-72.361,-37.470
"Directions from Dilman Bullock 3056, 4651861 Araucanía, Angol, Araucanía, Chile to Cauquenes, Chile",,0.59795959097384,350.34407172003273,-72.361,-37.470
"Directions from Dilman Bullock 3056, 4651861 Araucanía, Angol, Araucanía, Chile to Cauquenes, Chile",,0.59810519317162,341.40204929526459,-72.361,-37.470
"Directions from Dilman Bullock 3056, 4651861 Araucanía, Angol, Araucanía, Chile to Cauquenes, Chile",,0.59829832525079,335.06951741227283,-72.361,-37.470
"Directions from Dilman Bullock 3056, 4651861 Araucanía, Angol, Araucanía, Chile to Cauquenes, Chile",,0.59867422417337,326.36486604087884,-72.361,-37.469
"Directions from Dilman Bullock 3056, 4651861 Araucanía, Angol, Araucanía, Chile to Cauquenes, Chile",,0.59873825541574,325.18821761030591,-72.361,-37.469
"Directions from Dilman Bullock 3056, 4651861 Araucanía, Angol, Araucanía, Chile to Cauquenes, Chile",,0.59879656493469,326.08317291180759,-72.361,-37.469
"Directions from Dilman Bullock 3056, 4651861 Araucanía, Angol, Araucanía, Chile to Cauquenes, Chile",,0.59889656493469,328.28252559098166,-72.361,-37.469
"Directions from Dilman Bullock 3056, 4651861 Araucanía, Angol, Araucanía, Chile to Cauquenes, Chile",,0.59894128629424,294.98487036817085,-72.361,-37.469
"Directions from Dilman Bullock 3056, 4651861 Araucanía, Angol, Araucanía, Chile to Cauquenes, Chile",,0.60113149176406,259.70488777693515,-72.363,-37.470
"Directions from Dilman Bullock 3056, 4651861 Araucanía, Angol, Araucanía, Chile to Cauquenes, Chile",,0.60121211434154,259.35867549952462,-72.363,-37.470
"Directions from Dilman Bullock 3056, 4651861 Araucanía, Angol, Araucanía, Chile to Cauquenes, Chile",,0.60235688506094,253.70370926478495,-72.364,-37.470
"Directions from Dilman Bullock 3056, 4651861 Araucanía, Angol, Araucanía, Chile to Cauquenes, Chile",,0.60242013061414,253.76440385559357,-72.364,-37.470
"Directions from Dilman Bullock 3056, 4651861 Araucanía, Angol, Araucanía, Chile to Cauquenes, Chile",,0.60324475173926,256.83424505443543,-72.365,-37.470
"Directions from Dilman Bullock 3056, 4651861 Araucanía, Angol, Araucanía, Chile to Cauquenes, Chile",,0.60404306245572,302.23210683120556,-72.366,-37.470
"Directions from Dilman Bullock 3056, 4651861 Araucanía, Angol, Araucanía, Chile to Cauquenes, Chile",,0.60421770494769,348.81465180166117,-72.366,-37.470
"Directions from Dilman Bullock 3056, 4651861 Araucanía, Angol, Araucanía, Chile to Cauquenes, Chile",,0.60478489098419,351.97929819945244,-72.366,-37.470
"Directions from Dilman Bullock 3056, 4651861 Araucanía, Angol, Araucanía, Chile to Cauquenes, Chile",,0.60511730638696,351.68059716447766,-72.366,-37.469
"Directions from Dilman Bullock 3056, 4651861 Araucanía, Angol, Araucanía, Chile to Cauquenes, Chile",,0.60547241200505,349.41568878961493,-72.366,-37.469
"Directions from Dilman Bullock 3056, 4651861 Araucanía, Angol, Araucanía, Chile to Cauquenes, Chile",,0.60632944175950,352.91632256832173,-72.366,-37.468
"Directions from Dilman Bullock 3056, 4651861 Araucanía, Angol, Araucanía, Chile to Cauquenes, Chile",,0.60653967971991,1.23405895712115,-72.366,-37.468
"Directions from Dilman Bullock 3056, 4651861 Araucanía, Angol, Araucanía, Chile to Cauquenes, Chile",,0.60665013333009,354.04584997022863,-72.366,-37.468
"Directions from Dilman Bullock 3056, 4651861 Araucanía, Angol, Araucanía, Chile to Cauquenes, Chile",,0.60678614803517,344.95132711999287,-72.366,-37.468
"Directions from Dilman Bullock 3056, 4651861 Araucanía, Angol, Araucanía, Chile to Cauquenes, Chile",,0.60731981459774,348.49870170193896,-72.367,-37.467
"Directions from Dilman Bullock 3056, 4651861 Araucanía, Angol, Araucanía, Chile to Cauquenes, Chile",,0.60749244136275,347.68557310447699,-72.367,-37.467
"Directions from Dilman Bullock 3056, 4651861 Araucanía, Angol, Araucanía, Chile to Cauquenes, Chile",,0.60773013864923,349.51946713288913,-72.367,-37.467
"Directions from Dilman Bullock 3056, 4651861 Araucanía, Angol, Araucanía, Chile to Cauquenes, Chile",,0.60800180020338,351.52007648858904,-72.367,-37.466
"Directions from Dilman Bullock 3056, 4651861 Araucanía, Angol, Araucanía, Chile to Cauquenes, Chile",,0.60816458840933,350.80758935396426,-72.367,-37.466
"Directions from Dilman Bullock 3056, 4651861 Araucanía, Angol, Araucanía, Chile to Cauquenes, Chile",,0.60860866047556,349.85301313665997,-72.367,-37.466
"Directions from Dilman Bullock 3056, 4651861 Araucanía, Angol, Araucanía, Chile to Cauquenes, Chile",,0.60906963769843,348.89891842884703,-72.367,-37.465
"Directions from Dilman Bullock 3056, 4651861 Araucanía, Angol, Araucanía, Chile to Cauquenes, Chile",,0.60996233025468,349.65640583859062,-72.367,-37.465
"Directions from Dilman Bullock 3056, 4651861 Araucanía, Angol, Araucanía, Chile to Cauquenes, Chile",,0.61148028941092,351.09859626763171,-72.367,-37.463
"Directions from Dilman Bullock 3056, 4651861 Araucanía, Angol, Araucanía, Chile to Cauquenes, Chile",,0.61190325513057,349.58739097629740,-72.367,-37.463
"Directions from Dilman Bullock 3056, 4651861 Araucanía, Angol, Araucanía, Chile to Cauquenes, Chile",,0.61194448618682,348.81905309812032,-72.367,-37.463
"Directions from Dilman Bullock 3056, 4651861 Araucanía, Angol, Araucanía, Chile to Cauquenes, Chile",,0.61235885317393,349.57277098014208,-72.367,-37.462
"Directions from Dilman Bullock 3056, 4651861 Araucanía, Angol, Araucanía, Chile to Cauquenes, Chile",,0.61272763495222,350.17308796996019,-72.367,-37.462
"Directions from Dilman Bullock 3056, 4651861 Araucanía, Angol, Araucanía, Chile to Cauquenes, Chile",,0.61280825752970,356.43749182429650,-72.367,-37.462
"Directions from Dilman Bullock 3056, 4651861 Araucanía, Angol, Araucanía, Chile to Cauquenes, Chile",,0.61284825752971,353.65980825406587,-72.367,-37.462
"Directions from Dilman Bullock 3056, 4651861 Araucanía, Angol, Araucanía, Chile to Cauquenes, Chile",,0.61325825752971,348.92864715005305,-72.368,-37.461
"Directions from Dilman Bullock 3056, 4651861 Araucanía, Angol, Araucanía, Chile to Cauquenes, Chile",,0.61380570615743,310.26883889598719,-72.368,-37.461
"Directions from Dilman Bullock 3056, 4651861 Araucanía, Angol, Araucanía, Chile to Cauquenes, Chile",,0.61434570615743,272.48487036394056,-72.368,-37.461
"Directions from Dilman Bullock 3056, 4651861 Araucanía, Angol, Araucanía, Chile to Cauquenes, Chile",,0.61457657408505,276.54992154122215,-72.368,-37.461
"Directions from Dilman Bullock 3056, 4651861 Araucanía, Angol, Araucanía, Chile to Cauquenes, Chile",,0.61471799544127,276.74296369827562,-72.369,-37.461
"Directions from Dilman Bullock 3056, 4651861 Araucanía, Angol, Araucanía, Chile to Cauquenes, Chile",,0.61503939861487,276.74296369786850,-72.369,-37.461
"Directions from Dilman Bullock 3056, 4651861 Araucanía, Angol, Araucanía, Chile to Cauquenes, Chile",,0.61518081997111,279.60015246580701,-72.369,-37.461
"Directions from Dilman Bullock 3056, 4651861 Araucanía, Angol, Araucanía, Chile to Cauquenes, Chile",,0.61564954163693,282.93928980857953,-72.370,-37.461
"Directions from Dilman Bullock 3056, 4651861 Araucanía, Angol, Araucanía, Chile to Cauquenes, Chile",,0.61654943051895,287.51661823518123,-72.370,-37.460
"Directions from Dilman Bullock 3056, 4651861 Araucanía, Angol, Araucanía, Chile to Cauquenes, Chile",,0.61695439965358,292.96740660580394,-72.371,-37.460
"Directions from Dilman Bullock 3056, 4651861 Araucanía, Angol, Araucanía, Chile to Cauquenes, Chile",,0.61725406613486,297.82073281055159,-72.371,-37.460
"Directions from Dilman Bullock 3056, 4651861 Araucanía, Angol, Araucanía, Chile to Cauquenes, Chile",,0.61763485479016,307.46575592120723,-72.371,-37.460
"Directions from Dilman Bullock 3056, 4651861 Araucanía, Angol, Araucanía, Chile to Cauquenes, Chile",,0.61779041828201,313.49360624838374,-72.371,-37.460
"Directions from Dilman Bullock 3056, 4651861 Araucanía, Angol, Araucanía, Chile to Cauquenes, Chile",,0.61805949076296,306.65795268155711,-72.372,-37.460
"Directions from Dilman Bullock 3056, 4651861 Araucanía, Angol, Araucanía, Chile to Cauquenes, Chile",,0.61832874900330,299.25490197671365,-72.372,-37.459
"Directions from Dilman Bullock 3056, 4651861 Araucanía, Angol, Araucanía, Chile to Cauquenes, Chile",,0.61916061437703,298.26943231449388,-72.373,-37.459
"Directions from Dilman Bullock 3056, 4651861 Araucanía, Angol, Araucanía, Chile to Cauquenes, Chile",,0.61934418997453,297.96140236041788,-72.373,-37.459
"Directions from Dilman Bullock 3056, 4651861 Araucanía, Angol, Araucanía, Chile to Cauquenes, Chile",,0.61950071473296,298.29170930253196,-72.373,-37.459
"Directions from Dilman Bullock 3056, 4651861 Araucanía, Angol, Araucanía, Chile to Cauquenes, Chile",,0.62002042619137,298.81569762544819,-72.373,-37.459
"Directions from Dilman Bullock 3056, 4651861 Araucanía, Angol, Araucanía, Chile to Cauquenes, Chile",,0.62075397918878,296.79371089257353,-72.374,-37.458
"Directions from Dilman Bullock 3056, 4651861 Araucanía, Angol, Araucanía, Chile to Cauquenes, Chile",,0.62118779942805,293.61244973479404,-72.374,-37.458
"Directions from Dilman Bullock 3056, 4651861 Araucanía, Angol, Araucanía, Chile to Cauquenes, Chile",,0.62138093150721,283.79534862538952,-72.375,-37.458
"Directions from Dilman Bullock 3056, 4651861 Araucanía, Angol, Araucanía, Chile to Cauquenes, Chile",,0.62147148535859,287.28448396240947,-72.375,-37.458
"Directions from Dilman Bullock 3056, 4651861 Araucanía, Angol, Araucanía, Chile to Cauquenes, Chile",,0.62578444258073,299.72358947263649,-72.378,-37.456
"Directions from Dilman Bullock 3056, 4651861 Araucanía, Angol, Araucanía, Chile to Cauquenes, Chile",,0.62617031820836,299.96551968466332,-72.379,-37.456
"Directions from Dilman Bullock 3056, 4651861 Araucanía, Angol, Araucanía, Chile to Cauquenes, Chile",,0.62975054166508,293.57379271214802,-72.382,-37.454
"Directions from Dilman Bullock 3056, 4651861 Araucanía, Angol, Araucanía, Chile to Cauquenes, Chile",,0.62978216444167,301.71747441451430,-72.382,-37.454
"Directions from Dilman Bullock 3056, 4651861 Araucanía, Angol, Araucanía, Chile to Cauquenes, Chile",,0.62981044871292,305.78252559362789,-72.382,-37.454
"Directions from Dilman Bullock 3056, 4651861 Araucanía, Angol, Araucanía, Chile to Cauquenes, Chile",,0.62983280939270,292.49999999796449,-72.382,-37.454
"Directions from Dilman Bullock 3056, 4651861 Araucanía, Angol, Araucanía, Chile to Cauquenes, Chile",,0.62986443216929,292.49999999796449,-72.382,-37.454
"Directions from Dilman Bullock 3056, 4651861 Araucanía, Angol, Araucanía, Chile to Cauquenes, Chile",,0.62988679284908,300.12755935309468,-72.382,-37.454
"Directions from Dilman Bullock 3056, 4651861 Araucanía, Angol, Araucanía, Chile to Cauquenes, Chile",,0.62992284836183,300.12755935309468,-72.382,-37.454
"Directions from Dilman Bullock 3056, 4651861 Araucanía, Angol, Araucanía, Chile to Cauquenes, Chile",,0.62996756972137,300.12755934683145,-72.382,-37.454
"Directions from Dilman Bullock 3056, 4651861 Araucanía, Angol, Araucanía, Chile to Cauquenes, Chile",,0.63000362523414,300.12755934683145,-72.382,-37.454
"Directions from Dilman Bullock 3056, 4651861 Araucanía, Angol, Araucanía, Chile to Cauquenes, Chile",,0.63004834659369,300.12755935309468,-72.382,-37.454
"Directions from Dilman Bullock 3056, 4651861 Araucanía, Angol, Araucanía, Chile to Cauquenes, Chile",,0.63008440210644,300.12755935716581,-72.382,-37.454
"Directions from Dilman Bullock 3056, 4651861 Araucanía, Angol, Araucanía, Chile to Cauquenes, Chile",,0.63012912346599,292.49999999796449,-72.382,-37.454
"Directions from Dilman Bullock 3056, 4651861 Araucanía, Angol, Araucanía, Chile to Cauquenes, Chile",,0.63016074624260,301.71747441044323,-72.382,-37.454
"Directions from Dilman Bullock 3056, 4651861 Araucanía, Angol, Araucanía, Chile to Cauquenes, Chile",,0.63018903051384,301.71747442062099,-72.382,-37.454
"Directions from Dilman Bullock 3056, 4651861 Araucanía, Angol, Araucanía, Chile to Cauquenes, Chile",,0.63022065329044,292.49999999592893,-72.382,-37.454
"Directions from Dilman Bullock 3056, 4651861 Araucanía, Angol, Araucanía, Chile to Cauquenes, Chile",,0.63024301397022,305.78252558548564,-72.382,-37.454
"Directions from Dilman Bullock 3056, 4651861 Araucanía, Angol, Araucanía, Chile to Cauquenes, Chile",,0.63027129824146,301.71747441654986,-72.382,-37.454
"Directions from Dilman Bullock 3056, 4651861 Araucanía, Angol, Araucanía, Chile to Cauquenes, Chile",,0.63030292101807,292.50000000000006,-72.382,-37.454
"Directions from Dilman Bullock 3056, 4651861 Araucanía, Angol, Araucanía, Chile to Cauquenes, Chile",,0.63032528169783,305.78252558853899,-72.382,-37.454
"Directions from Dilman Bullock 3056, 4651861 Araucanía, Angol, Araucanía, Chile to Cauquenes, Chile",,0.63035356596909,301.71747440942545,-72.382,-37.454
"Directions from Dilman Bullock 3056, 4651861 Araucanía, Angol, Araucanía, Chile to Cauquenes, Chile",,0.63038518874569,292.49999999796449,-72.383,-37.454
"Directions from Dilman Bullock 3056, 4651861 Araucanía, Angol, Araucanía, Chile to Cauquenes, Chile",,0.63045227078502,300.12755935309468,-72.383,-37.454
"Directions from Dilman Bullock 3056, 4651861 Araucanía, Angol, Araucanía, Chile to Cauquenes, Chile",,0.63048832629777,300.12755935309468,-72.383,-37.454
"Directions from Dilman Bullock 3056, 4651861 Araucanía, Angol, Araucanía, Chile to Cauquenes, Chile",,0.63053304765732,300.12755934683145,-72.383,-37.454
"Directions from Dilman Bullock 3056, 4651861 Araucanía, Angol, Araucanía, Chile to Cauquenes, Chile",,0.63056910317008,300.12755935497364,-72.383,-37.454
"Directions from Dilman Bullock 3056, 4651861 Araucanía, Angol, Araucanía, Chile to Cauquenes, Chile",,0.63059146384985,292.50000000203562,-72.383,-37.454
"Directions from Dilman Bullock 3056, 4651861 Araucanía, Angol, Araucanía, Chile to Cauquenes, Chile",,0.63062308662646,301.71747441044323,-72.383,-37.454
"Directions from Dilman Bullock 3056, 4651861 Araucanía, Angol, Araucanía, Chile to Cauquenes, Chile",,0.63065137089770,305.78252559362789,-72.383,-37.454
"Directions from Dilman Bullock 3056, 4651861 Araucanía, Angol, Araucanía, Chile to Cauquenes, Chile",,0.63067373157748,292.49999999796449,-72.383,-37.454
"Directions from Dilman Bullock 3056, 4651861 Araucanía, Angol, Araucanía, Chile to Cauquenes, Chile",,0.63070535435408,292.49999999796449,-72.383,-37.454
"Directions from Dilman Bullock 3056, 4651861 Araucanía, Angol, Araucanía, Chile to Cauquenes, Chile",,0.63072771503386,305.78252559362789,-72.383,-37.454
"Directions from Dilman Bullock 3056, 4651861 Araucanía, Angol, Araucanía, Chile to Cauquenes, Chile",,0.63075599930510,301.71747442062099,-72.383,-37.454
"Directions from Dilman Bullock 3056, 4651861 Araucanía, Angol, Araucanía, Chile to Cauquenes, Chile",,0.63078762208170,292.49999999592893,-72.383,-37.454
"Directions from Dilman Bullock 3056, 4651861 Araucanía, Angol, Araucanía, Chile to Cauquenes, Chile",,0.63080998276148,300.12755934495249,-72.383,-37.454
"Directions from Dilman Bullock 3056, 4651861 Araucanía, Angol, Araucanía, Chile to Cauquenes, Chile",,0.63084603827423,300.12755935309468,-72.383,-37.454
"Directions from Dilman Bullock 3056, 4651861 Araucanía, Angol, Araucanía, Chile to Cauquenes, Chile",,0.63089075963378,300.12755935152887,-72.383,-37.454
"Directions from Dilman Bullock 3056, 4651861 Araucanía, Angol, Araucanía, Chile to Cauquenes, Chile",,0.63092681514654,300.12755935152887,-72.383,-37.454
"Directions from Dilman Bullock 3056, 4651861 Araucanía, Angol, Araucanía, Chile to Cauquenes, Chile",,0.63097153650609,300.12755935309468,-72.383,-37.454
"Directions from Dilman Bullock 3056, 4651861 Araucanía, Angol, Araucanía, Chile to Cauquenes, Chile",,0.63100759201884,300.12755934495249,-72.383,-37.454
"Directions from Dilman Bullock 3056, 4651861 Araucanía, Angol, Araucanía, Chile to Cauquenes, Chile",,0.63102995269862,292.49999999592893,-72.383,-37.453
"Directions from Dilman Bullock 3056, 4651861 Araucanía, Angol, Araucanía, Chile to Cauquenes, Chile",,0.63106157547522,292.49999999592893,-72.383,-37.453
"Directions from Dilman Bullock 3056, 4651861 Araucanía, Angol, Araucanía, Chile to Cauquenes, Chile",,0.63108393615500,305.78252559057455,-72.383,-37.453
"Directions from Dilman Bullock 3056, 4651861 Araucanía, Angol, Araucanía, Chile to Cauquenes, Chile",,0.63111222042624,301.71747441553208,-72.383,-37.453
"Directions from Dilman Bullock 3056, 4651861 Araucanía, Angol, Araucanía, Chile to Cauquenes, Chile",,0.63114384320285,292.50000000203562,-72.383,-37.453
"Directions from Dilman Bullock 3056, 4651861 Araucanía, Angol, Araucanía, Chile to Cauquenes, Chile",,0.63116620388262,305.78252559159233,-72.383,-37.453
"Directions from Dilman Bullock 3056, 4651861 Araucanía, Angol, Araucanía, Chile to Cauquenes, Chile",,0.63119448815387,301.71747440433654,-72.383,-37.453
"Directions from Dilman Bullock 3056, 4651861 Araucanía, Angol, Araucanía, Chile to Cauquenes, Chile",,0.63122611093047,292.49999999796449,-72.383,-37.453
"Directions from Dilman Bullock 3056, 4651861 Araucanía, Angol, Araucanía, Chile to Cauquenes, Chile",,0.63124847161025,305.78252559362789,-72.383,-37.453
"Directions from Dilman Bullock 3056, 4651861 Araucanía, Angol, Araucanía, Chile to Cauquenes, Chile",,0.63127675588149,301.71747441451430,-72.383,-37.453
"Directions from Dilman Bullock 3056, 4651861 Araucanía, Angol, Araucanía, Chile to Cauquenes, Chile",,0.63130837865809,292.49999999796449,-72.383,-37.453
"Directions from Dilman Bullock 3056, 4651861 Araucanía, Angol, Araucanía, Chile to Cauquenes, Chile",,0.63133073933787,292.50000000407113,-72.383,-37.453
"Directions from Dilman Bullock 3056, 4651861 Araucanía, Angol, Araucanía, Chile to Cauquenes, Chile",,0.63136236211447,301.71747441044323,-72.383,-37.453
"Directions from Dilman Bullock 3056, 4651861 Araucanía, Angol, Araucanía, Chile to Cauquenes, Chile",,0.63139064638572,305.78252558345008,-72.383,-37.453
"Directions from Dilman Bullock 3056, 4651861 Araucanía, Angol, Araucanía, Chile to Cauquenes, Chile",,0.63141300706549,292.50000000000006,-72.383,-37.453
"Directions from Dilman Bullock 3056, 4651861 Araucanía, Angol, Araucanía, Chile to Cauquenes, Chile",,0.63144462984210,301.71747441654986,-72.383,-37.453
"Directions from Dilman Bullock 3056, 4651861 Araucanía, Angol, Araucanía, Chile to Cauquenes, Chile",,0.63147291411334,305.78252558548564,-72.383,-37.453
"Directions from Dilman Bullock 3056, 4651861 Araucanía, Angol, Araucanía, Chile to Cauquenes, Chile",,0.63149527479312,292.49999999592893,-72.383,-37.453
"Directions from Dilman Bullock 3056, 4651861 Araucanía, Angol, Araucanía, Chile to Cauquenes, Chile",,0.63152689756972,301.71747441044323,-72.384,-37.453
"Directions from Dilman Bullock 3056, 4651861 Araucanía, Angol, Araucanía, Chile to Cauquenes, Chile",,0.63155518184097,305.78252559159233,-72.384,-37.453
"Directions from Dilman Bullock 3056, 4651861 Araucanía, Angol, Araucanía, Chile to Cauquenes, Chile",,0.63157754252074,292.50000000203562,-72.384,-37.453
"Directions from Dilman Bullock 3056, 4651861 Araucanía, Angol, Araucanía, Chile to Cauquenes, Chile",,0.63160916529735,292.50000000203562,-72.384,-37.453
"Directions from Dilman Bullock 3056, 4651861 Araucanía, Angol, Araucanía, Chile to Cauquenes, Chile",,0.63163152597712,300.12755936123693,-72.384,-37.453
"Directions from Dilman Bullock 3056, 4651861 Araucanía, Angol, Araucanía, Chile to Cauquenes, Chile",,0.63166758148987,300.12755934902356,-72.384,-37.453
"Directions from Dilman Bullock 3056, 4651861 Araucanía, Angol, Araucanía, Chile to Cauquenes, Chile",,0.63171230284943,300.12755934902356,-72.384,-37.453
"Directions from Dilman Bullock 3056, 4651861 Araucanía, Angol, Araucanía, Chile to Cauquenes, Chile",,0.63174835836218,300.12755935309468,-72.384,-37.453
"Directions from Dilman Bullock 3056, 4651861 Araucanía, Angol, Araucanía, Chile to Cauquenes, Chile",,0.63179307972173,300.12755935309468,-72.384,-37.453
"Directions from Dilman Bullock 3056, 4651861 Araucanía, Angol, Araucanía, Chile to Cauquenes, Chile",,0.63182913523448,300.12755935309468,-72.384,-37.453
"Directions from Dilman Bullock 3056, 4651861 Araucanía, Angol, Araucanía, Chile to Cauquenes, Chile",,0.63185149591426,292.49999999796449,-72.384,-37.453
"Directions from Dilman Bullock 3056, 4651861 Araucanía, Angol, Araucanía, Chile to Cauquenes, Chile",,0.63188311869085,292.49999999796449,-72.384,-37.453
"Directions from Dilman Bullock 3056, 4651861 Araucanía, Angol, Araucanía, Chile to Cauquenes, Chile",,0.63190547937064,305.78252559362789,-72.384,-37.453
"Directions from Dilman Bullock 3056, 4651861 Araucanía, Angol, Araucanía, Chile to Cauquenes, Chile",,0.63193376364188,301.71747441654986,-72.384,-37.453
"Directions from Dilman Bullock 3056, 4651861 Araucanía, Angol, Araucanía, Chile to Cauquenes, Chile",,0.63196538641849,292.50000000000006,-72.384,-37.453
"Directions from Dilman Bullock 3056, 4651861 Araucanía, Angol, Araucanía, Chile to Cauquenes, Chile",,0.63198774709826,305.78252558345008,-72.384,-37.453
"Directions from Dilman Bullock 3056, 4651861 Araucanía, Angol, Araucanía, Chile to Cauquenes, Chile",,0.63201603136951,301.71747441044323,-72.384,-37.453
"Directions from Dilman Bullock 3056, 4651861 Araucanía, Angol, Araucanía, Chile to Cauquenes, Chile",,0.63204765414611,292.49999999592893,-72.384,-37.453
"Directions from Dilman Bullock 3056, 4651861 Araucanía, Angol, Araucanía, Chile to Cauquenes, Chile",,0.63207001482588,300.12755934964986,-72.384,-37.453
"Directions from Dilman Bullock 3056, 4651861 Araucanía, Angol, Araucanía, Chile to Cauquenes, Chile",,0.63210607033864,300.12755935779211,-72.384,-37.453
"Directions from Dilman Bullock 3056, 4651861 Araucanía, Angol, Araucanía, Chile to Cauquenes, Chile",,0.63215079169819,300.12755935309468,-72.384,-37.453
"Directions from Dilman Bullock 3056, 4651861 Araucanía, Angol, Araucanía, Chile to Cauquenes, Chile",,0.63218684721094,300.12755934902356,-72.384,-37.453
"Directions from Dilman Bullock 3056, 4651861 Araucanía, Angol, Araucanía, Chile to Cauquenes, Chile",,0.63223156857050,292.49999999389337,-72.384,-37.453
"Directions from Dilman Bullock 3056, 4651861 Araucanía, Angol, Araucanía, Chile to Cauquenes, Chile",,0.63226319134709,301.71747441960321,-72.384,-37.453
"Directions from Dilman Bullock 3056, 4651861 Araucanía, Angol, Araucanía, Chile to Cauquenes, Chile",,0.63229147561834,305.78252559057455,-72.384,-37.453
"Directions from Dilman Bullock 3056, 4651861 Araucanía, Angol, Araucanía, Chile to Cauquenes, Chile",,0.63231383629812,292.49999999592893,-72.384,-37.453
"Directions from Dilman Bullock 3056, 4651861 Araucanía, Angol, Araucanía, Chile to Cauquenes, Chile",,0.63234545907472,301.71747441044323,-72.384,-37.453
"Directions from Dilman Bullock 3056, 4651861 Araucanía, Angol, Araucanía, Chile to Cauquenes, Chile",,0.63237374334597,301.71747440433654,-72.384,-37.453
"Directions from Dilman Bullock 3056, 4651861 Araucanía, Angol, Araucanía, Chile to Cauquenes, Chile",,0.63240536612257,292.49999999796449,-72.384,-37.453
"Directions from Dilman Bullock 3056, 4651861 Araucanía, Angol, Araucanía, Chile to Cauquenes, Chile",,0.63242772680235,305.78252559362789,-72.384,-37.453
"Directions from Dilman Bullock 3056, 4651861 Araucanía, Angol, Araucanía, Chile to Cauquenes, Chile",,0.63245601107359,301.71747441044323,-72.384,-37.453
"Directions from Dilman Bullock 3056, 4651861 Araucanía, Angol, Araucanía, Chile to Cauquenes, Chile",,0.63248763385020,293.62287127689945,-72.384,-37.453
"Directions from Dilman Bullock 3056, 4651861 Araucanía, Angol, Araucanía, Chile to Cauquenes, Chile",,0.63613970175756,294.68341948245222,-72.388,-37.451
"Directions from Dilman Bullock 3056, 4651861 Araucanía, Angol, Araucanía, Chile to Cauquenes, Chile",,0.63622514179501,294.78631478279340,-72.388,-37.451
"Directions from Dilman Bullock 3056, 4651861 Araucanía, Angol, Araucanía, Chile to Cauquenes, Chile",,0.63915259802867,298.03359067515891,-72.390,-37.450
"Directions from Dilman Bullock 3056, 4651861 Araucanía, Angol, Araucanía, Chile to Cauquenes, Chile",,0.63968032902075,297.91402751352723,-72.391,-37.449
"Directions from Dilman Bullock 3056, 4651861 Araucanía, Angol, Araucanía, Chile to Cauquenes, Chile",,0.64570431441250,301.07191201073374,-72.396,-37.446
"Directions from Dilman Bullock 3056, 4651861 Araucanía, Angol, Araucanía, Chile to Cauquenes, Chile",,0.64619523192085,304.81010186996627,-72.396,-37.446
"Directions from Dilman Bullock 3056, 4651861 Araucanía, Angol, Araucanía, Chile to Cauquenes, Chile",,0.64638124267322,308.02970441539730,-72.396,-37.446
"Directions from Dilman Bullock 3056, 4651861 Araucanía, Angol, Araucanía, Chile to Cauquenes, Chile",,0.64661555016350,312.04017339652398,-72.397,-37.446
"Directions from Dilman Bullock 3056, 4651861 Araucanía, Angol, Araucanía, Chile to Cauquenes, Chile",,0.64717420927244,318.35309183613958,-72.397,-37.446
"Directions from Dilman Bullock 3056, 4651861 Araucanía, Angol, Araucanía, Chile to Cauquenes, Chile",,0.64799427024578,325.07788182847872,-72.398,-37.445
"Directions from Dilman Bullock 3056, 4651861 Araucanía, Angol, Araucanía, Chile to Cauquenes, Chile",,0.64821899229632,325.42722901514566,-72.398,-37.445
"Directions from Dilman Bullock 3056, 4651861 Araucanía, Angol, Araucanía, Chile to Cauquenes, Chile",,0.64826899229632,327.25982133938294,-72.398,-37.445
"Directions from Dilman Bullock 3056, 4651861 Araucanía, Angol, Araucanía, Chile to Cauquenes, Chile",,0.64864489121891,334.79406542682204,-72.398,-37.444
"Directions from Dilman Bullock 3056, 4651861 Araucanía, Angol, Araucanía, Chile to Cauquenes, Chile",,0.64869874286698,326.59929525963173,-72.398,-37.444
"Directions from Dilman Bullock 3056, 4651861 Araucanía, Angol, Araucanía, Chile to Cauquenes, Chile",,0.64872702713823,324.21747441553214,-72.398,-37.444
"Directions from Dilman Bullock 3056, 4651861 Araucanía, Angol, Araucanía, Chile to Cauquenes, Chile",,0.64877174849778,327.38757028947998,-72.398,-37.444
"Directions from Dilman Bullock 3056, 4651861 Araucanía, Angol, Araucanía, Chile to Cauquenes, Chile",,0.64883577974015,337.10758769824434,-72.398,-37.444
"Directions from Dilman Bullock 3056, 4651861 Araucanía, Angol, Araucanía, Chile to Cauquenes, Chile",,0.64891640231763,346.15946921115864,-72.398,-37.444
"Directions from Dilman Bullock 3056, 4651861 Araucanía, Angol, Araucanía, Chile to Cauquenes, Chile",,0.64900184235509,344.06701115220068,-72.398,-37.444
"Directions from Dilman Bullock 3056, 4651861 Araucanía, Angol, Araucanía, Chile to Cauquenes, Chile",,0.64910382274536,346.63395310623912,-72.398,-37.444
"Directions from Dilman Bullock 3056, 4651861 Araucanía, Angol, Araucanía, Chile to Cauquenes, Chile",,0.64940465492449,348.22386816260126,-72.398,-37.444
"Directions from Dilman Bullock 3056, 4651861 Araucanía, Angol, Araucanía, Chile to Cauquenes, Chile",,0.64947536560261,349.34867210966155,-72.398,-37.444
"Directions from Dilman Bullock 3056, 4651861 Araucanía, Angol, Araucanía, Chile to Cauquenes, Chile",,0.64995806633806,6.69624887649992,-72.398,-37.443
"Directions from Dilman Bullock 3056, 4651861 Araucanía, Angol, Araucanía, Chile to Cauquenes, Chile",,0.65004750905715,13.28252558853900,-72.398,-37.443
"Directions from Dilman Bullock 3056, 4651861 Araucanía, Angol, Araucanía, Chile to Cauquenes, Chile",,0.65012750905716,357.14470343427325,-72.398,-37.443
"Directions from Dilman Bullock 3056, 4651861 Araucanía, Angol, Araucanía, Chile to Cauquenes, Chile",,0.65022800781336,357.14470343427325,-72.398,-37.443
"Directions from Dilman Bullock 3056, 4651861 Araucanía, Angol, Araucanía, Chile to Cauquenes, Chile",,0.65040800781336,3.25990087566447,-72.398,-37.443
"Directions from Dilman Bullock 3056, 4651861 Araucanía, Angol, Araucanía, Chile to Cauquenes, Chile",,0.65076028611244,8.75728955023752,-72.398,-37.442
"Directions from Dilman Bullock 3056, 4651861 Araucanía, Angol, Araucanía, Chile to Cauquenes, Chile",,0.65254300874930,12.86917009291389,-72.398,-37.441
"Directions from Dilman Bullock 3056, 4651861 Araucanía, Angol, Araucanía, Chile to Cauquenes, Chile",,0.65273947757635,17.53334983346696,-72.398,-37.440
"Directions from Dilman Bullock 3056, 4651861 Araucanía, Angol, Araucanía, Chile to Cauquenes, Chile",,0.65302740117733,28.59651723641969,-72.398,-37.440
"Directions from Dilman Bullock 3056, 4651861 Araucanía, Angol, Araucanía, Chile to Cauquenes, Chile",,0.65307740117733,29.33565356727714,-72.398,-37.440
"Directions from Dilman Bullock 3056, 4651861 Araucanía, Angol, Araucanía, Chile to Cauquenes, Chile",,0.65313125282540,17.91882647276249,-72.398,-37.440
"Directions from Dilman Bullock 3056, 4651861 Araucanía, Angol, Araucanía, Chile to Cauquenes, Chile",,0.65317248388165,17.29614433991678,-72.398,-37.440
"Directions from Dilman Bullock 3056, 4651861 Araucanía, Angol, Araucanía, Chile to Cauquenes, Chile",,0.65325792391911,33.18148734052756,-72.398,-37.440
"Directions from Dilman Bullock 3056, 4651861 Araucanía, Angol, Araucanía, Chile to Cauquenes, Chile",,0.65376001952754,43.99568638514218,-72.397,-37.440
"Directions from Dilman Bullock 3056, 4651861 Araucanía, Angol, Araucanía, Chile to Cauquenes, Chile",,0.65419187598516,40.55599345456780,-72.397,-37.439
"Directions from Dilman Bullock 3056, 4651861 Araucanía, Angol, Araucanía, Chile to Cauquenes, Chile",,0.65452609148451,34.94565006045727,-72.397,-37.439
"Directions from Dilman Bullock 3056, 4651861 Araucanía, Angol, Araucanía, Chile to Cauquenes, Chile",,0.65458440100346,23.45457621103090,-72.397,-37.439
"Directions from Dilman Bullock 3056, 4651861 Araucanía, Angol, Araucanía, Chile to Cauquenes, Chile",,0.65465720210235,30.24351971856062,-72.397,-37.439
"Directions from Dilman Bullock 3056, 4651861 Araucanía, Angol, Araucanía, Chile to Cauquenes, Chile",,0.65642502562296,45.50522212756220,-72.395,-37.438
"Directions from Dilman Bullock 3056, 4651861 Araucanía, Angol, Araucanía, Chile to Cauquenes, Chile",,0.65670088790744,44.43311925612686,-72.395,-37.437
"Directions from Dilman Bullock 3056, 4651861 Araucanía, Angol, Araucanía, Chile to Cauquenes, Chile",,0.65701233613749,44.05237858336951,-72.395,-37.437
"Directions from Dilman Bullock 3056, 4651861 Araucanía, Angol, Araucanía, Chile to Cauquenes, Chile",,0.65758513627715,43.31085129524726,-72.395,-37.437
"Directions from Dilman Bullock 3056, 4651861 Araucanía, Angol, Araucanía, Chile to Cauquenes, Chile",,0.65778363060957,42.29108168445926,-72.395,-37.437
"Directions from Dilman Bullock 3056, 4651861 Araucanía, Angol, Araucanía, Chile to Cauquenes, Chile",,0.65808776873608,45.69704556832456,-72.394,-37.436
"Directions from Dilman Bullock 3056, 4651861 Araucanía, Angol, Araucanía, Chile to Cauquenes, Chile",,0.65823642942355,45.21785047546086,-72.394,-37.436
"Directions from Dilman Bullock 3056, 4651861 Araucanía, Angol, Araucanía, Chile to Cauquenes, Chile",,0.65841334748369,43.85469497986957,-72.394,-37.436
"Directions from Dilman Bullock 3056, 4651861 Araucanía, Angol, Araucanía, Chile to Cauquenes, Chile",,0.65970028182544,43.75522353942628,-72.393,-37.435
"Directions from Dilman Bullock 3056, 4651861 Araucanía, Angol, Araucanía, Chile to Cauquenes, Chile",,0.65986307003140,44.67902867219685,-72.393,-37.435
"Directions from Dilman Bullock 3056, 4651861 Araucanía, Angol, Araucanía, Chile to Cauquenes, Chile",,0.66008238715339,42.75370926119322,-72.393,-37.435
"Directions from Dilman Bullock 3056, 4651861 Araucanía, Angol, Araucanía, Chile to Cauquenes, Chile",,0.66021044963815,42.39155548575994,-72.393,-37.435
"Directions from Dilman Bullock 3056, 4651861 Araucanía, Angol, Araucanía, Chile to Cauquenes, Chile",,0.66057114341408,44.41634633512578,-72.393,-37.435
"Directions from Dilman Bullock 3056, 4651861 Araucanía, Angol, Araucanía, Chile to Cauquenes, Chile",,0.66092497953434,43.51230622453144,-72.392,-37.434
"Directions from Dilman Bullock 3056, 4651861 Araucanía, Angol, Araucanía, Chile to Cauquenes, Chile",,0.66269994432273,45.47589976710740,-72.391,-37.433
"Directions from Dilman Bullock 3056, 4651861 Araucanía, Angol, Araucanía, Chile to Cauquenes, Chile",,0.66294753269079,45.40906078949908,-72.391,-37.433
"Directions from Dilman Bullock 3056, 4651861 Araucanía, Angol, Araucanía, Chile to Cauquenes, Chile",,0.66393758319455,40.52572109683012,-72.390,-37.432
"Directions from Dilman Bullock 3056, 4651861 Araucanía, Angol, Araucanía, Chile to Cauquenes, Chile",,0.66398758319455,42.29810432328677,-72.390,-37.432
"Directions from Dilman Bullock 3056, 4651861 Araucanía, Angol, Araucanía, Chile to Cauquenes, Chile",,0.66413624388202,23.86315549547943,-72.390,-37.432
"Directions from Dilman Bullock 3056, 4651861 Araucanía, Angol, Araucanía, Chile to Cauquenes, Chile",,0.66414624388202,23.48746700573110,-72.390,-37.432
"Directions from Dilman Bullock 3056, 4651861 Araucanía, Angol, Araucanía, Chile to Cauquenes, Chile",,0.66435142672731,45.21338815636096,-72.390,-37.432
"Directions from Dilman Bullock 3056, 4651861 Araucanía, Angol, Araucanía, Chile to Cauquenes, Chile",,0.66513660186701,44.81049081393953,-72.389,-37.431
"Directions from Dilman Bullock 3056, 4651861 Araucanía, Angol, Araucanía, Chile to Cauquenes, Chile",,0.66548315633603,45.21391524865530,-72.389,-37.431
"Directions from Dilman Bullock 3056, 4651861 Araucanía, Angol, Araucanía, Chile to Cauquenes, Chile",,0.66930892423281,48.69439676079520,-72.386,-37.428
"Directions from Dilman Bullock 3056, 4651861 Araucanía, Angol, Araucanía, Chile to Cauquenes, Chile",,0.66935892423281,48.45561355723916,-72.386,-37.428
"Directions from Dilman Bullock 3056, 4651861 Araucanía, Angol, Araucanía, Chile to Cauquenes, Chile",,0.66969133963557,45.20885090226590,-72.386,-37.428
"Directions from Dilman Bullock 3056, 4651861 Araucanía, Angol, Araucanía, Chile to Cauquenes, Chile",,0.66993892800364,45.27782642775444,-72.386,-37.428
"Directions from Dilman Bullock 3056, 4651861 Araucanía, Angol, Araucanía, Chile to Cauquenes, Chile",,0.67031376129992,45.32739020204114,-72.386,-37.428
"Directions from Dilman Bullock 3056, 4651861 Araucanía, Angol, Araucanía, Chile to Cauquenes, Chile",,0.67054721365052,45.18262678574396,-72.386,-37.427
"Directions from Dilman Bullock 3056, 4651861 Araucanía, Angol, Araucanía, Chile to Cauquenes, Chile",,0.67202548967346,45.01336500436291,-72.385,-37.426
"Directions from Dilman Bullock 3056, 4651861 Araucanía, Angol, Araucanía, Chile to Cauquenes, Chile",,0.67231548967345,44.01536018236895,-72.384,-37.426
"Directions from Dilman Bullock 3056, 4651861 Araucanía, Angol, Araucanía, Chile to Cauquenes, Chile",,0.67255632156504,44.09084851871372,-72.384,-37.426
"Directions from Dilman Bullock 3056, 4651861 Araucanía, Angol, Araucanía, Chile to Cauquenes, Chile",,0.67281804661160,45.12310251345304,-72.384,-37.426
"Directions from Dilman Bullock 3056, 4651861 Araucanía, Angol, Araucanía, Chile to Cauquenes, Chile",,0.67344046126438,44.95846128147619,-72.384,-37.425
"Directions from Dilman Bullock 3056, 4651861 Araucanía, Angol, Araucanía, Chile to Cauquenes, Chile",,0.67377287666716,44.46413259565020,-72.383,-37.425
"Directions from Dilman Bullock 3056, 4651861 Araucanía, Angol, Araucanía, Chile to Cauquenes, Chile",,0.67412671278741,45.21785047623506,-72.383,-37.425
"Directions from Dilman Bullock 3056, 4651861 Araucanía, Angol, Araucanía, Chile to Cauquenes, Chile",,0.67427537347489,42.29810431962830,-72.383,-37.425
"Directions from Dilman Bullock 3056, 4651861 Araucanía, Angol, Araucanía, Chile to Cauquenes, Chile",,0.67432537347488,40.93494882170067,-72.383,-37.425
"Directions from Dilman Bullock 3056, 4651861 Araucanía, Angol, Araucanía, Chile to Cauquenes, Chile",,0.67467892686548,39.34503375713377,-72.383,-37.425
"Directions from Dilman Bullock 3056, 4651861 Araucanía, Angol, Araucanía, Chile to Cauquenes, Chile",,0.67471498237824,39.05121954861790,-72.383,-37.424
"Directions from Dilman Bullock 3056, 4651861 Araucanía, Angol, Araucanía, Chile to Cauquenes, Chile",,0.68023070535895,43.64563759358843,-72.379,-37.421
"Directions from Dilman Bullock 3056, 4651861 Araucanía, Angol, Araucanía, Chile to Cauquenes, Chile",,0.68061280482244,45.08475682256118,-72.379,-37.420
"Directions from Dilman Bullock 3056, 4651861 Araucanía, Angol, Araucanía, Chile to Cauquenes, Chile",,0.68078972288257,45.90885161788678,-72.378,-37.420
"Directions from Dilman Bullock 3056, 4651861 Araucanía, Angol, Araucanía, Chile to Cauquenes, Chile",,0.69192703404820,43.98101205419993,-72.371,-37.412
"Directions from Dilman Bullock 3056, 4651861 Araucanía, Angol, Araucanía, Chile to Cauquenes, Chile",,0.69322152236410,42.42929826942103,-72.370,-37.411
"Directions from Dilman Bullock 3056, 4651861 Araucanía, Angol, Araucanía, Chile to Cauquenes, Chile",,0.69367495372605,38.72551950435559,-72.369,-37.411
"Directions from Dilman Bullock 3056, 4651861 Araucanía, Angol, Araucanía, Chile to Cauquenes, Chile",,0.69381096843113,37.60051567723311,-72.369,-37.411
"Directions from Dilman Bullock 3056, 4651861 Araucanía, Angol, Araucanía, Chile to Cauquenes, Chile",,0.69415924992648,37.77900489313682,-72.369,-37.411
"Directions from Dilman Bullock 3056, 4651861 Araucanía, Angol, Araucanía, Chile to Cauquenes, Chile",,0.69486727534976,34.36589765800275,-72.369,-37.410
"Directions from Dilman Bullock 3056, 4651861 Araucanía, Angol, Araucanía, Chile to Cauquenes, Chile",,0.69557748658594,30.34084299136473,-72.368,-37.409
"Directions from Dilman Bullock 3056, 4651861 Araucanía, Angol, Araucanía, Chile to Cauquenes, Chile",,0.69673632220844,27.44964683019716,-72.368,-37.408
"Directions from Dilman Bullock 3056, 4651861 Araucanía, Angol, Araucanía, Chile to Cauquenes, Chile",,0.69738478192192,25.34301714839751,-72.367,-37.408
"Directions from Dilman Bullock 3056, 4651861 Araucanía, Angol, Araucanía, Chile to Cauquenes, Chile",,0.69811888000801,34.56049155957776,-72.367,-37.407
"Directions from Dilman Bullock 3056, 4651861 Araucanía, Angol, Araucanía, Chile to Cauquenes, Chile",,0.69813302214364,34.77994552184423,-72.367,-37.407
"Directions from Dilman Bullock 3056, 4651861 Araucanía, Angol, Araucanía, Chile to Cauquenes, Chile",,0.70017804048096,21.49741993534077,-72.366,-37.405
"Directions from Dilman Bullock 3056, 4651861 Araucanía, Angol, Araucanía, Chile to Cauquenes, Chile",,0.70020966325757,21.42524858732468,-72.366,-37.405
"Directions from Dilman Bullock 3056, 4651861 Araucanía, Angol, Araucanía, Chile to Cauquenes, Chile",,0.70354822582250,29.05280793368638,-72.365,-37.402
"Directions from Dilman Bullock 3056, 4651861 Araucanía, Angol, Araucanía, Chile to Cauquenes, Chile",,0.70358428133525,29.11885309452245,-72.365,-37.402
"Directions from Dilman Bullock 3056, 4651861 Araucanía, Angol, Araucanía, Chile to Cauquenes, Chile",,0.70587096014960,23.63102551122904,-72.364,-37.400
"Directions from Dilman Bullock 3056, 4651861 Araucanía, Angol, Araucanía, Chile to Cauquenes, Chile",,0.70633711463044,28.20223994268640,-72.364,-37.400
"Directions from Dilman Bullock 3056, 4651861 Araucanía, Angol, Araucanía, Chile to Cauquenes, Chile",,0.70637317014320,26.54106802147061,-72.364,-37.400
"Directions from Dilman Bullock 3056, 4651861 Araucanía, Angol, Araucanía, Chile to Cauquenes, Chile",,0.70769834937635,17.11876029634685,-72.363,-37.398
"Directions from Dilman Bullock 3056, 4651861 Araucanía, Angol, Araucanía, Chile to Cauquenes, Chile",,0.70855701112582,13.58568042402799,-72.363,-37.398
"Directions from Dilman Bullock 3056, 4651861 Araucanía, Angol, Araucanía, Chile to Cauquenes, Chile",,0.71253879464580,13.18107611630927,-72.362,-37.394
"Directions from Dilman Bullock 3056, 4651861 Araucanía, Angol, Araucanía, Chile to Cauquenes, Chile",,0.71282741203960,13.21047823335730,-72.362,-37.393
"Directions from Dilman Bullock 3056, 4651861 Araucanía, Angol, Araucanía, Chile to Cauquenes, Chile",,0.71627770188249,11.94063800900033,-72.361,-37.390
"Directions from Dilman Bullock 3056, 4651861 Araucanía, Angol, Araucanía, Chile to Cauquenes, Chile",,0.71748186134037,10.39930886429009,-72.361,-37.389
"Directions from Dilman Bullock 3056, 4651861 Araucanía, Angol, Araucanía, Chile to Cauquenes, Chile",,0.71865731869817,7.19083128527557,-72.361,-37.388
"Directions from Dilman Bullock 3056, 4651861 Araucanía, Angol, Araucanía, Chile to Cauquenes, Chile",,0.71910909297810,2.53980392990754,-72.361,-37.387
"Directions from Dilman Bullock 3056, 4651861 Araucanía, Angol, Araucanía, Chile to Cauquenes, Chile",,0.71995909297810,357.68226828691058,-72.361,-37.386
"Directions from Dilman Bullock 3056, 4651861 Araucanía, Angol, Araucanía, Chile to Cauquenes, Chile",,0.72070152142583,353.24193871143706,-72.361,-37.386
"Directions from Dilman Bullock 3056, 4651861 Araucanía, Angol, Araucanía, Chile to Cauquenes, Chile",,0.72102540412064,349.47394131986630,-72.361,-37.385
"Directions from Dilman Bullock 3056, 4651861 Araucanía, Angol, Araucanía, Chile to Cauquenes, Chile",,0.72154713201907,346.38002681635180,-72.361,-37.385
"Directions from Dilman Bullock 3056, 4651861 Araucanía, Angol, Araucanía, Chile to Cauquenes, Chile",,0.72181639025943,343.74216170943890,-72.361,-37.385
"Directions from Dilman Bullock 3056, 4651861 Araucanía, Angol, Araucanía, Chile to Cauquenes, Chile",,0.72255014771254,341.06777239524126,-72.361,-37.384
"Directions from Dilman Bullock 3056, 4651861 Araucanía, Angol, Araucanía, Chile to Cauquenes, Chile",,0.72593264678867,340.20186259422928,-72.363,-37.381
"Directions from Dilman Bullock 3056, 4651861 Araucanía, Angol, Araucanía, Chile to Cauquenes, Chile",,0.72666319452838,340.14794199891668,-72.363,-37.380
"Directions from Dilman Bullock 3056, 4651861 Araucanía, Angol, Araucanía, Chile to Cauquenes, Chile",,0.72883079689044,344.08247978075485,-72.364,-37.378
"Directions from Dilman Bullock 3056, 4651861 Araucanía, Angol, Araucanía, Chile to Cauquenes, Chile",,0.72888178708557,344.21282719037782,-72.364,-37.378
"Directions from Dilman Bullock 3056, 4651861 Araucanía, Angol, Araucanía, Chile to Cauquenes, Chile",,0.73532030399554,338.67772589424158,-72.366,-37.372
"Directions from Dilman Bullock 3056, 4651861 Araucanía, Angol, Araucanía, Chile to Cauquenes, Chile",,0.73550415175866,339.04160500465468,-72.366,-37.372
"Directions from Dilman Bullock 3056, 4651861 Araucanía, Angol, Araucanía, Chile to Cauquenes, Chile",,0.73583308944272,338.63237727155513,-72.366,-37.371
"Directions from Dilman Bullock 3056, 4651861 Araucanía, Angol, Araucanía, Chile to Cauquenes, Chile",,0.73590924717379,338.26162583233906,-72.366,-37.371
"Directions from Dilman Bullock 3056, 4651861 Araucanía, Angol, Araucanía, Chile to Cauquenes, Chile",,0.74652734493186,340.38766874775786,-72.370,-37.361
"Directions from Dilman Bullock 3056, 4651861 Araucanía, Angol, Araucanía, Chile to Cauquenes, Chile",,0.74794410179173,343.70153808763791,-72.370,-37.360
"Directions from Dilman Bullock 3056, 4651861 Araucanía, Angol, Araucanía, Chile to Cauquenes, Chile",,0.74866444893027,348.02236719798162,-72.370,-37.359
"Directions from Dilman Bullock 3056, 4651861 Araucanía, Angol, Araucanía, Chile to Cauquenes, Chile",,0.74911166252577,350.78252558887147,-72.370,-37.359
"Directions from Dilman Bullock 3056, 4651861 Araucanía, Angol, Araucanía, Chile to Cauquenes, Chile",,0.74996019066320,354.39622112332307,-72.371,-37.358
"Directions from Dilman Bullock 3056, 4651861 Araucanía, Angol, Araucanía, Chile to Cauquenes, Chile",,0.75089153377934,358.46127230023143,-72.371,-37.357
"Directions from Dilman Bullock 3056, 4651861 Araucanía, Angol, Araucanía, Chile to Cauquenes, Chile",,0.75110153377935,1.19297201558246,-72.371,-37.357
"Directions from Dilman Bullock 3056, 4651861 Araucanía, Angol, Araucanía, Chile to Cauquenes, Chile",,0.75158195026532,3.44996624423286,-72.371,-37.356
"Directions from Dilman Bullock 3056, 4651861 Araucanía, Angol, Araucanía, Chile to Cauquenes, Chile",,0.75196313263637,5.20475273477677,-72.371,-37.356
"Directions from Dilman Bullock 3056, 4651861 Araucanía, Angol, Araucanía, Chile to Cauquenes, Chile",,0.75566270017867,7.32083963881592,-72.370,-37.352
"Directions from Dilman Bullock 3056, 4651861 Araucanía, Angol, Araucanía, Chile to Cauquenes, Chile",,0.75579422964305,7.32615168964064,-72.370,-37.352
"Directions from Dilman Bullock 3056, 4651861 Araucanía, Angol, Araucanía, Chile to Cauquenes, Chile",,0.75812661040098,8.60803679161249,-72.370,-37.350
"Directions from Dilman Bullock 3056, 4651861 Araucanía, Angol, Araucanía, Chile to Cauquenes, Chile",,0.75822859079126,7.59422848600375,-72.370,-37.350
"Directions from Dilman Bullock 3056, 4651861 Araucanía, Angol, Araucanía, Chile to Cauquenes, Chile",,0.75881994516894,4.90502571423020,-72.370,-37.349
"Directions from Dilman Bullock 3056, 4651861 Araucanía, Angol, Araucanía, Chile to Cauquenes, Chile",,0.75959408985825,7.54693698545279,-72.370,-37.348
"Directions from Dilman Bullock 3056, 4651861 Araucanía, Angol, Araucanía, Chile to Cauquenes, Chile",,0.76053610896634,10.23613975970554,-72.370,-37.347
"Directions from Dilman Bullock 3056, 4651861 Araucanía, Angol, Araucanía, Chile to Cauquenes, Chile",,0.76175987364960,12.90709107006209,-72.369,-37.346
"Directions from Dilman Bullock 3056, 4651861 Araucanía, Angol, Araucanía, Chile to Cauquenes, Chile",,0.78284177346911,13.29950337182472,-72.364,-37.326
"Directions from Dilman Bullock 3056, 4651861 Araucanía, Angol, Araucanía, Chile to Cauquenes, Chile",,0.78312812989038,13.45411059803528,-72.364,-37.326
"Directions from Dilman Bullock 3056, 4651861 Araucanía, Angol, Araucanía, Chile to Cauquenes, Chile",,0.78437972886769,13.06169829809941,-72.364,-37.324
"Directions from Dilman Bullock 3056, 4651861 Araucanía, Angol, Araucanía, Chile to Cauquenes, Chile",,0.78448170925796,12.88602898529615,-72.364,-37.324
"Directions from Dilman Bullock 3056, 4651861 Araucanía, Angol, Araucanía, Chile to Cauquenes, Chile",,0.79981766048376,7.23106274632877,-72.360,-37.309
"Directions from Dilman Bullock 3056, 4651861 Araucanía, Angol, Araucanía, Chile to Cauquenes, Chile",,0.79982766048375,7.10514421776324,-72.360,-37.309
"Directions from Dilman Bullock 3056, 4651861 Araucanía, Angol, Araucanía, Chile to Cauquenes, Chile",,0.80381981529038,29.60514420758546,-72.359,-37.306
"Directions from Dilman Bullock 3056, 4651861 Araucanía, Angol, Araucanía, Chile to Cauquenes, Chile",,0.80383395742599,29.51812172371705,-72.359,-37.306
"Directions from Dilman Bullock 3056, 4651861 Araucanía, Angol, Araucanía, Chile to Cauquenes, Chile",,0.80527704439496,7.01812173389481,-72.359,-37.304
"Directions from Dilman Bullock 3056, 4651861 Araucanía, Angol, Araucanía, Chile to Cauquenes, Chile",,0.80528704439496,7.10697966789829,-72.359,-37.304
"Directions from Dilman Bullock 3056, 4651861 Araucanía, Angol, Araucanía, Chile to Cauquenes, Chile",,0.81310643056012,14.79510529225521,-72.357,-37.297
"Directions from Dilman Bullock 3056, 4651861 Araucanía, Angol, Araucanía, Chile to Cauquenes, Chile",,0.81476582804114,13.77385472825431,-72.356,-37.295
"Directions from Dilman Bullock 3056, 4651861 Araucanía, Angol, Araucanía, Chile to Cauquenes, Chile",,0.81528755593957,13.38909778113874,-72.356,-37.294
"Directions from Dilman Bullock 3056, 4651861 Araucanía, Angol, Araucanía, Chile to Cauquenes, Chile",,0.81869777587383,13.77239683572511,-72.355,-37.291
"Directions from Dilman Bullock 3056, 4651861 Araucanía, Angol, Araucanía, Chile to Cauquenes, Chile",,0.81945705184474,11.20018926304672,-72.355,-37.290
"Directions from Dilman Bullock 3056, 4651861 Araucanía, Angol, Araucanía, Chile to Cauquenes, Chile",,0.81988284522186,8.61374411319759,-72.355,-37.290
"Directions from Dilman Bullock 3056, 4651861 Araucanía, Angol, Araucanía, Chile to Cauquenes, Chile",,0.82032691728808,5.67075019668773,-72.355,-37.290
"Directions from Dilman Bullock 3056, 4651861 Araucanía, Angol, Araucanía, Chile to Cauquenes, Chile",,0.82048722948350,15.07069278066321,-72.355,-37.289
"Directions from Dilman Bullock 3056, 4651861 Araucanía, Angol, Araucanía, Chile to Cauquenes, Chile",,0.82050959016327,15.29665742590493,-72.355,-37.289
"Directions from Dilman Bullock 3056, 4651861 Araucanía, Angol, Araucanía, Chile to Cauquenes, Chile",,0.82122134854925,2.82950987051496,-72.355,-37.289
"Directions from Dilman Bullock 3056, 4651861 Araucanía, Angol, Araucanía, Chile to Cauquenes, Chile",,0.82965476422737,0.81537803722013,-72.355,-37.280
"Directions from Dilman Bullock 3056, 4651861 Araucanía, Angol, Araucanía, Chile to Cauquenes, Chile",,0.82992476422737,0.78539429861827,-72.355,-37.280
"Directions from Dilman Bullock 3056, 4651861 Araucanía, Angol, Araucanía, Chile to Cauquenes, Chile",,0.84086887679989,0.14887928838898,-72.354,-37.269
"Directions from Dilman Bullock 3056, 4651861 Araucanía, Angol, Araucanía, Chile to Cauquenes, Chile",,0.84131898789729,355.80097681547636,-72.354,-37.269
"Directions from Dilman Bullock 3056, 4651861 Araucanía, Angol, Araucanía, Chile to Cauquenes, Chile",,0.84164147820722,350.44942560290644,-72.354,-37.268
"Directions from Dilman Bullock 3056, 4651861 Araucanía, Angol, Araucanía, Chile to Cauquenes, Chile",,0.84197882076309,345.33492146001180,-72.354,-37.268
"Directions from Dilman Bullock 3056, 4651861 Araucanía, Angol, Araucanía, Chile to Cauquenes, Chile",,0.84231408185537,340.33573368692424,-72.355,-37.268
"Directions from Dilman Bullock 3056, 4651861 Araucanía, Angol, Araucanía, Chile to Cauquenes, Chile",,0.84292873622979,339.79527159061661,-72.355,-37.267
"Directions from Dilman Bullock 3056, 4651861 Araucanía, Angol, Araucanía, Chile to Cauquenes, Chile",,0.84299198178300,338.64367293989847,-72.355,-37.267
"Directions from Dilman Bullock 3056, 4651861 Araucanía, Angol, Araucanía, Chile to Cauquenes, Chile",,0.84612944891430,336.67107982813781,-72.356,-37.264
"Directions from Dilman Bullock 3056, 4651861 Araucanía, Angol, Araucanía, Chile to Cauquenes, Chile",,0.84631329667741,336.20937065073667,-72.356,-37.264
"Directions from Dilman Bullock 3056, 4651861 Araucanía, Angol, Araucanía, Chile to Cauquenes, Chile",,0.84650117961970,336.49873343422172,-72.356,-37.264
"Directions from Dilman Bullock 3056, 4651861 Araucanía, Angol, Araucanía, Chile to Cauquenes, Chile",,0.84666273456391,337.14719645916887,-72.356,-37.264
"Directions from Dilman Bullock 3056, 4651861 Araucanía, Angol, Araucanía, Chile to Cauquenes, Chile",,0.87161284879210,335.40904008244530,-72.366,-37.241
"Directions from Dilman Bullock 3056, 4651861 Araucanía, Angol, Araucanía, Chile to Cauquenes, Chile",,0.87201096937685,335.50981590597041,-72.367,-37.240
"Directions from Dilman Bullock 3056, 4651861 Araucanía, Angol, Araucanía, Chile to Cauquenes, Chile",,0.87290651390394,340.88144948482397,-72.367,-37.240
"Directions from Dilman Bullock 3056, 4651861 Araucanía, Angol, Araucanía, Chile to Cauquenes, Chile",,0.87318544041756,340.25137754492448,-72.367,-37.239
"Directions from Dilman Bullock 3056, 4651861 Araucanía, Angol, Araucanía, Chile to Cauquenes, Chile",,0.87382520599963,333.21337525054679,-72.367,-37.239
"Directions from Dilman Bullock 3056, 4651861 Araucanía, Angol, Araucanía, Chile to Cauquenes, Chile",,0.87395050564049,333.70324472106910,-72.367,-37.239
"Directions from Dilman Bullock 3056, 4651861 Araucanía, Angol, Araucanía, Chile to Cauquenes, Chile",,0.87960903018316,333.70324472184700,-72.370,-37.233
"Directions from Dilman Bullock 3056, 4651861 Araucanía, Angol, Araucanía, Chile to Cauquenes, Chile",,0.87973432982403,313.97729575529706,-72.370,-37.233
"Directions from Dilman Bullock 3056, 4651861 Araucanía, Angol, Araucanía, Chile to Cauquenes, Chile",,0.87975669050379,316.26041395378405,-72.370,-37.233
"Directions from Dilman Bullock 3056, 4651861 Araucanía, Angol, Araucanía, Chile to Cauquenes, Chile",,0.88189196566171,332.49601010160308,-72.371,-37.231
"Directions from Dilman Bullock 3056, 4651861 Araucanía, Angol, Araucanía, Chile to Cauquenes, Chile",,0.88195027518066,332.53687724895940,-72.371,-37.231
"Directions from Dilman Bullock 3056, 4651861 Araucanía, Angol, Araucanía, Chile to Cauquenes, Chile",,0.88421551247507,335.19825260092523,-72.372,-37.229
"Directions from Dilman Bullock 3056, 4651861 Araucanía, Angol, Araucanía, Chile to Cauquenes, Chile",,0.88477012946002,335.49494050625339,-72.372,-37.229
"Directions from Dilman Bullock 3056, 4651861 Araucanía, Angol, Araucanía, Chile to Cauquenes, Chile",,0.88565251259677,339.09796901461078,-72.372,-37.228
"Directions from Dilman Bullock 3056, 4651861 Araucanía, Angol, Araucanía, Chile to Cauquenes, Chile",,0.88568413537336,338.14366447818554,-72.372,-37.228
"Directions from Dilman Bullock 3056, 4651861 Araucanía, Angol, Araucanía, Chile to Cauquenes, Chile",,0.88608225595811,336.46043414020016,-72.372,-37.228
"Directions from Dilman Bullock 3056, 4651861 Araucanía, Angol, Araucanía, Chile to Cauquenes, Chile",,0.88624381090233,340.63553872553064,-72.372,-37.227
"Directions from Dilman Bullock 3056, 4651861 Araucanía, Angol, Araucanía, Chile to Cauquenes, Chile",,0.88648422720793,329.03624346683466,-72.372,-37.227
"Directions from Dilman Bullock 3056, 4651861 Araucanía, Angol, Araucanía, Chile to Cauquenes, Chile",,0.88649836934356,326.08317291142441,-72.372,-37.227
"Directions from Dilman Bullock 3056, 4651861 Araucanía, Angol, Araucanía, Chile to Cauquenes, Chile",,0.88691067990612,336.44161043920622,-72.373,-37.227
"Directions from Dilman Bullock 3056, 4651861 Araucanía, Angol, Araucanía, Chile to Cauquenes, Chile",,0.88926936598103,347.85843752778180,-72.374,-37.225
"Directions from Dilman Bullock 3056, 4651861 Araucanía, Angol, Araucanía, Chile to Cauquenes, Chile",,0.88927936598103,347.88612734100985,-72.374,-37.225
"Directions from Dilman Bullock 3056, 4651861 Araucanía, Angol, Araucanía, Chile to Cauquenes, Chile",,0.89213048856696,334.91497959617027,-72.375,-37.222
"Directions from Dilman Bullock 3056, 4651861 Araucanía, Angol, Araucanía, Chile to Cauquenes, Chile",,0.89254194937919,329.68127548938054,-72.375,-37.222
"Directions from Dilman Bullock 3056, 4651861 Araucanía, Angol, Araucanía, Chile to Cauquenes, Chile",,0.89301629102821,322.05946065196582,-72.375,-37.221
"Directions from Dilman Bullock 3056, 4651861 Araucanía, Angol, Araucanía, Chile to Cauquenes, Chile",,0.89333519540259,314.88479463023765,-72.375,-37.221
"Directions from Dilman Bullock 3056, 4651861 Araucanía, Angol, Araucanía, Chile to Cauquenes, Chile",,0.89403697884498,308.33110291342257,-72.376,-37.221
"Directions from Dilman Bullock 3056, 4651861 Araucanía, Angol, Araucanía, Chile to Cauquenes, Chile",,0.89443106005488,303.33522396457255,-72.376,-37.220
"Directions from Dilman Bullock 3056, 4651861 Araucanía, Angol, Araucanía, Chile to Cauquenes, Chile",,0.89448936957383,298.76440385218098,-72.376,-37.220
"Directions from Dilman Bullock 3056, 4651861 Araucanía, Angol, Araucanía, Chile to Cauquenes, Chile",,0.89504838656820,294.74857580738501,-72.377,-37.220
"Directions from Dilman Bullock 3056, 4651861 Araucanía, Angol, Araucanía, Chile to Cauquenes, Chile",,0.89533069845247,289.66082038603628,-72.377,-37.220
"Directions from Dilman Bullock 3056, 4651861 Araucanía, Angol, Araucanía, Chile to Cauquenes, Chile",,0.89586229980688,284.55694801000220,-72.378,-37.220
"Directions from Dilman Bullock 3056, 4651861 Araucanía, Angol, Araucanía, Chile to Cauquenes, Chile",,0.89618010477852,280.68844873795558,-72.378,-37.220
"Directions from Dilman Bullock 3056, 4651861 Araucanía, Angol, Araucanía, Chile to Cauquenes, Chile",,0.89664540038349,277.14161227399592,-72.378,-37.220
"Directions from Dilman Bullock 3056, 4651861 Araucanía, Angol, Araucanía, Chile to Cauquenes, Chile",,0.90092605453911,277.54650248176483,-72.383,-37.219
"Directions from Dilman Bullock 3056, 4651861 Araucanía, Angol, Araucanía, Chile to Cauquenes, Chile",,0.90098688216440,276.93051378053002,-72.383,-37.219
"Directions from Dilman Bullock 3056, 4651861 Araucanía, Angol, Araucanía, Chile to Cauquenes, Chile",,0.90137803430872,317.19935267761753,-72.383,-37.219
"Directions from Dilman Bullock 3056, 4651861 Araucanía, Angol, Araucanía, Chile to Cauquenes, Chile",,0.90147803430872,6.26440385649157,-72.383,-37.219
"Directions from Dilman Bullock 3056, 4651861 Araucanía, Angol, Araucanía, Chile to Cauquenes, Chile",,0.90157022975329,19.54692944231649,-72.383,-37.219
"Directions from Dilman Bullock 3056, 4651861 Araucanía, Angol, Araucanía, Chile to Cauquenes, Chile",,0.90163731179262,35.78252559600270,-72.383,-37.219
"Directions from Dilman Bullock 3056, 4651861 Araucanía, Angol, Araucanía, Chile to Cauquenes, Chile",,0.90165145392824,39.34503377160186,-72.383,-37.219
"Directions from Dilman Bullock 3056, 4651861 Araucanía, Angol, Araucanía, Chile to Cauquenes, Chile",,0.90172356495376,31.52391053330294,-72.383,-37.219
"Directions from Dilman Bullock 3056, 4651861 Araucanía, Angol, Araucanía, Chile to Cauquenes, Chile",,0.90190714055126,25.98880924601950,-72.383,-37.219
"Directions from Dilman Bullock 3056, 4651861 Araucanía, Angol, Araucanía, Chile to Cauquenes, Chile",,0.90203714055126,18.93749182457349,-72.383,-37.219
"Directions from Dilman Bullock 3056, 4651861 Araucanía, Angol, Araucanía, Chile to Cauquenes, Chile",,0.90215115809377,7.62755935043280,-72.383,-37.219
"Directions from Dilman Bullock 3056, 4651861 Araucanía, Angol, Araucanía, Chile to Cauquenes, Chile",,0.90238115809377,357.04692944356975,-72.383,-37.218
"Directions from Dilman Bullock 3056, 4651861 Araucanía, Angol, Araucanía, Chile to Cauquenes, Chile",,0.90267270568851,357.04692944356975,-72.383,-37.218
"Directions from Dilman Bullock 3056, 4651861 Araucanía, Angol, Araucanía, Chile to Cauquenes, Chile",,0.90274270568851,357.23622992459161,-72.383,-37.218
"Directions from Dilman Bullock 3056, 4651861 Araucanía, Angol, Araucanía, Chile to Cauquenes, Chile",,0.90305415391856,357.23622992459161,-72.383,-37.218
"Directions from Dilman Bullock 3056, 4651861 Araucanía, Angol, Araucanía, Chile to Cauquenes, Chile",,0.90310415391856,4.37308112963033,-72.383,-37.218
"Directions from Dilman Bullock 3056, 4651861 Araucanía, Angol, Araucanía, Chile to Cauquenes, Chile",,0.90323568338294,16.59505852025687,-72.383,-37.217
"Directions from Dilman Bullock 3056, 4651861 Araucanía, Angol, Araucanía, Chile to Cauquenes, Chile",,0.90335651384267,37.89207326457444,-72.383,-37.217
"Directions from Dilman Bullock 3056, 4651861 Araucanía, Angol, Araucanía, Chile to Cauquenes, Chile",,0.90348457632742,55.00574943998966,-72.383,-37.217
"Directions from Dilman Bullock 3056, 4651861 Araucanía, Angol, Araucanía, Chile to Cauquenes, Chile",,0.90375383456778,328.67130713208360,-72.382,-37.217
"Directions from Dilman Bullock 3056, 4651861 Araucanía, Angol, Araucanía, Chile to Cauquenes, Chile",,0.90402309280814,235.00574943998967,-72.383,-37.217
"Directions from Dilman Bullock 3056, 4651861 Araucanía, Angol, Araucanía, Chile to Cauquenes, Chile",,0.90415115529289,217.89207326457444,-72.383,-37.217
"Directions from Dilman Bullock 3056, 4651861 Araucanía, Angol, Araucanía, Chile to Cauquenes, Chile",,0.90427198575263,196.59505852025683,-72.383,-37.217
"Directions from Dilman Bullock 3056, 4651861 Araucanía, Angol, Araucanía, Chile to Cauquenes, Chile",,0.90440351521700,184.37308112963032,-72.383,-37.218
"Directions from Dilman Bullock 3056, 4651861 Araucanía, Angol, Araucanía, Chile to Cauquenes, Chile",,0.90445351521701,177.23622992459161,-72.383,-37.218
"Directions from Dilman Bullock 3056, 4651861 Araucanía, Angol, Araucanía, Chile to Cauquenes, Chile",,0.90476496344705,177.23622992459161,-72.383,-37.218
"Directions from Dilman Bullock 3056, 4651861 Araucanía, Angol, Araucanía, Chile to Cauquenes, Chile",,0.90483496344705,177.04692944356975,-72.383,-37.218
"Directions from Dilman Bullock 3056, 4651861 Araucanía, Angol, Araucanía, Chile to Cauquenes, Chile",,0.90512651104179,177.04692944356975,-72.383,-37.218
"Directions from Dilman Bullock 3056, 4651861 Araucanía, Angol, Araucanía, Chile to Cauquenes, Chile",,0.90535651104180,187.62755935043285,-72.383,-37.219
"Directions from Dilman Bullock 3056, 4651861 Araucanía, Angol, Araucanía, Chile to Cauquenes, Chile",,0.90547052858430,198.93749182457347,-72.383,-37.219
"Directions from Dilman Bullock 3056, 4651861 Araucanía, Angol, Araucanía, Chile to Cauquenes, Chile",,0.90560052858431,205.98880924601951,-72.383,-37.219
"Directions from Dilman Bullock 3056, 4651861 Araucanía, Angol, Araucanía, Chile to Cauquenes, Chile",,0.90578410418181,211.52391053330291,-72.383,-37.219
"Directions from Dilman Bullock 3056, 4651861 Araucanía, Angol, Araucanía, Chile to Cauquenes, Chile",,0.90585621520732,219.34503377160189,-72.383,-37.219
"Directions from Dilman Bullock 3056, 4651861 Araucanía, Angol, Araucanía, Chile to Cauquenes, Chile",,0.90587035734294,215.78252559600267,-72.383,-37.219
"Directions from Dilman Bullock 3056, 4651861 Araucanía, Angol, Araucanía, Chile to Cauquenes, Chile",,0.90593743938227,199.54692944231647,-72.383,-37.219
"Directions from Dilman Bullock 3056, 4651861 Araucanía, Angol, Araucanía, Chile to Cauquenes, Chile",,0.90602963482685,186.26440385649155,-72.383,-37.219
"Directions from Dilman Bullock 3056, 4651861 Araucanía, Angol, Araucanía, Chile to Cauquenes, Chile",,0.90612963482684,227.93480022149504,-72.383,-37.219
"Directions from Dilman Bullock 3056, 4651861 Araucanía, Angol, Araucanía, Chile to Cauquenes, Chile",,0.90720527417160,272.93480022149504,-72.384,-37.219
"Directions from Dilman Bullock 3056, 4651861 Araucanía, Angol, Araucanía, Chile to Cauquenes, Chile",,0.90724527417160,272.76377007573370,-72.384,-37.219
"Directions from Dilman Bullock 3056, 4651861 Araucanía, Angol, Araucanía, Chile to Cauquenes, Chile",,0.90786817063169,276.47947406142396,-72.385,-37.219
"Directions from Dilman Bullock 3056, 4651861 Araucanía, Angol, Araucanía, Chile to Cauquenes, Chile",,0.90879596371207,279.98010784002656,-72.386,-37.219
"Directions from Dilman Bullock 3056, 4651861 Araucanía, Angol, Araucanía, Chile to Cauquenes, Chile",,0.90916474549036,276.26440385433625,-72.386,-37.219
"Directions from Dilman Bullock 3056, 4651861 Araucanía, Angol, Araucanía, Chile to Cauquenes, Chile",,0.90921474549036,278.85021389448417,-72.386,-37.219
"Directions from Dilman Bullock 3056, 4651861 Araucanía, Angol, Araucanía, Chile to Cauquenes, Chile",,0.90970810134571,290.56456029889495,-72.387,-37.219
"Directions from Dilman Bullock 3056, 4651861 Araucanía, Angol, Araucanía, Chile to Cauquenes, Chile",,0.91036201265467,295.66298192010464,-72.387,-37.218
"Directions from Dilman Bullock 3056, 4651861 Araucanía, Angol, Araucanía, Chile to Cauquenes, Chile",,0.91055436649529,299.07685409759910,-72.387,-37.218
"Directions from Dilman Bullock 3056, 4651861 Araucanía, Angol, Araucanía, Chile to Cauquenes, Chile",,0.91097113981497,303.36283577658281,-72.388,-37.218
"Directions from Dilman Bullock 3056, 4651861 Araucanía, Angol, Araucanía, Chile to Cauquenes, Chile",,0.91154315380082,309.55796876154710,-72.388,-37.218
"Directions from Dilman Bullock 3056, 4651861 Araucanía, Angol, Araucanía, Chile to Cauquenes, Chile",,0.91205977745495,316.02270424446311,-72.389,-37.217
"Directions from Dilman Bullock 3056, 4651861 Araucanía, Angol, Araucanía, Chile to Cauquenes, Chile",,0.91252075467781,322.47985802307869,-72.389,-37.217
"Directions from Dilman Bullock 3056, 4651861 Araucanía, Angol, Araucanía, Chile to Cauquenes, Chile",,0.91294513658129,329.21985364351144,-72.389,-37.217
"Directions from Dilman Bullock 3056, 4651861 Araucanía, Angol, Araucanía, Chile to Cauquenes, Chile",,0.91340578829354,334.84005304131898,-72.389,-37.216
"Directions from Dilman Bullock 3056, 4651861 Araucanía, Angol, Araucanía, Chile to Cauquenes, Chile",,0.91363426148672,338.12268213280402,-72.389,-37.216
"Directions from Dilman Bullock 3056, 4651861 Araucanía, Angol, Araucanía, Chile to Cauquenes, Chile",,0.91380514156162,327.22197739968891,-72.389,-37.216
"Directions from Dilman Bullock 3056, 4651861 Araucanía, Angol, Araucanía, Chile to Cauquenes, Chile",,0.91381928369724,337.50000001017776,-72.389,-37.216
"Directions from Dilman Bullock 3056, 4651861 Araucanía, Angol, Araucanía, Chile to Cauquenes, Chile",,0.91382928369724,353.13186584680926,-72.389,-37.216
"Directions from Dilman Bullock 3056, 4651861 Araucanía, Angol, Araucanía, Chile to Cauquenes, Chile",,0.91429253309012,350.27656927816025,-72.390,-37.216
"Directions from Dilman Bullock 3056, 4651861 Araucanía, Angol, Araucanía, Chile to Cauquenes, Chile",,0.91469452811496,357.14470343135093,-72.390,-37.215
"Directions from Dilman Bullock 3056, 4651861 Araucanía, Angol, Araucanía, Chile to Cauquenes, Chile",,0.91508452811496,4.96312275281974,-72.390,-37.215
"Directions from Dilman Bullock 3056, 4651861 Araucanía, Angol, Araucanía, Chile to Cauquenes, Chile",,0.91549060692505,11.53013390683298,-72.390,-37.214
"Directions from Dilman Bullock 3056, 4651861 Araucanía, Angol, Araucanía, Chile to Cauquenes, Chile",,0.91579866536106,16.56916296779186,-72.390,-37.214
"Directions from Dilman Bullock 3056, 4651861 Araucanía, Angol, Araucanía, Chile to Cauquenes, Chile",,0.91810799426791,18.84434782702644,-72.389,-37.212
"Directions from Dilman Bullock 3056, 4651861 Araucanía, Angol, Araucanía, Chile to Cauquenes, Chile",,0.91883221799025,14.15202365129980,-72.388,-37.211
"Directions from Dilman Bullock 3056, 4651861 Araucanía, Angol, Araucanía, Chile to Cauquenes, Chile",,0.91980894722602,7.09799482614466,-72.388,-37.210
"Directions from Dilman Bullock 3056, 4651861 Araucanía, Angol, Araucanía, Chile to Cauquenes, Chile",,0.92012957161685,5.85321836639203,-72.388,-37.210
"Directions from Dilman Bullock 3056, 4651861 Araucanía, Angol, Araucanía, Chile to Cauquenes, Chile",,0.92020028229497,5.97208859467890,-72.388,-37.210
"Directions from Dilman Bullock 3056, 4651861 Araucanía, Angol, Araucanía, Chile to Cauquenes, Chile",,0.92050094822254,1.90703741637959,-72.388,-37.210
"Directions from Dilman Bullock 3056, 4651861 Araucanía, Angol, Araucanía, Chile to Cauquenes, Chile",,0.92086094822254,358.34110941589228,-72.388,-37.209
"Directions from Dilman Bullock 3056, 4651861 Araucanía, Angol, Araucanía, Chile to Cauquenes, Chile",,0.92155210667036,354.12762490531583,-72.388,-37.208
"Directions from Dilman Bullock 3056, 4651861 Araucanía, Angol, Araucanía, Chile to Cauquenes, Chile",,0.92182505355164,350.70308623664181,-72.388,-37.208
"Directions from Dilman Bullock 3056, 4651861 Araucanía, Angol, Araucanía, Chile to Cauquenes, Chile",,0.92516753765781,351.03398773858362,-72.389,-37.205
"Directions from Dilman Bullock 3056, 4651861 Araucanía, Angol, Araucanía, Chile to Cauquenes, Chile",,0.92538957369092,353.87511398667084,-72.389,-37.205
"Directions from Dilman Bullock 3056, 4651861 Araucanía, Angol, Araucanía, Chile to Cauquenes, Chile",,0.92590113991342,356.53937287151410,-72.389,-37.204
"Directions from Dilman Bullock 3056, 4651861 Araucanía, Angol, Araucanía, Chile to Cauquenes, Chile",,0.92637156525287,356.49471524716438,-72.389,-37.204
"Directions from Dilman Bullock 3056, 4651861 Araucanía, Angol, Araucanía, Chile to Cauquenes, Chile",,0.92662236397695,353.83045636050434,-72.389,-37.203
"Directions from Dilman Bullock 3056, 4651861 Araucanía, Angol, Araucanía, Chile to Cauquenes, Chile",,0.92684440001007,350.97109814243487,-72.389,-37.203
"Directions from Dilman Bullock 3056, 4651861 Araucanía, Angol, Araucanía, Chile to Cauquenes, Chile",,0.93104194691272,347.83555941652810,-72.390,-37.199
"Directions from Dilman Bullock 3056, 4651861 Araucanía, Angol, Araucanía, Chile to Cauquenes, Chile",,0.93112440902524,348.09067474893709,-72.390,-37.199
"Directions from Dilman Bullock 3056, 4651861 Araucanía, Angol, Araucanía, Chile to Cauquenes, Chile",,0.93141868780462,352.15572592747594,-72.390,-37.199
"Directions from Dilman Bullock 3056, 4651861 Araucanía, Angol, Araucanía, Chile to Cauquenes, Chile",,0.93171023539937,350.78252558784453,-72.390,-37.198
"Directions from Dilman Bullock 3056, 4651861 Araucanía, Angol, Araucanía, Chile to Cauquenes, Chile",,0.93189462628851,344.51812173445722,-72.390,-37.198
"Directions from Dilman Bullock 3056, 4651861 Araucanía, Angol, Araucanía, Chile to Cauquenes, Chile",,0.93214760850132,339.47259311465280,-72.390,-37.198
"Directions from Dilman Bullock 3056, 4651861 Araucanía, Angol, Araucanía, Chile to Cauquenes, Chile",,0.93227760850133,339.47259311490723,-72.390,-37.198
"Directions from Dilman Bullock 3056, 4651861 Araucanía, Angol, Araucanía, Chile to Cauquenes, Chile",,0.93240409960774,343.15496623689268,-72.390,-37.198
"Directions from Dilman Bullock 3056, 4651861 Araucanía, Angol, Araucanía, Chile to Cauquenes, Chile",,0.93263213469276,341.47173590888031,-72.390,-37.198
"Directions from Dilman Bullock 3056, 4651861 Araucanía, Angol, Araucanía, Chile to Cauquenes, Chile",,0.93268598634083,349.09929526103559,-72.390,-37.198
"Directions from Dilman Bullock 3056, 4651861 Araucanía, Angol, Araucanía, Chile to Cauquenes, Chile",,0.93270598634082,337.49999998982219,-72.390,-37.198
"Directions from Dilman Bullock 3056, 4651861 Araucanía, Angol, Araucanía, Chile to Cauquenes, Chile",,0.93272012847645,324.21747440179212,-72.390,-37.197
"Directions from Dilman Bullock 3056, 4651861 Araucanía, Angol, Araucanía, Chile to Cauquenes, Chile",,0.93289901391465,341.52304550422838,-72.390,-37.197
"Directions from Dilman Bullock 3056, 4651861 Araucanía, Angol, Araucanía, Chile to Cauquenes, Chile",,0.93838901391465,348.54116723792225,-72.391,-37.192
"Directions from Dilman Bullock 3056, 4651861 Araucanía, Angol, Araucanía, Chile to Cauquenes, Chile",,0.93857340480379,348.47265170176570,-72.391,-37.192
"Directions from Dilman Bullock 3056, 4651861 Araucanía, Angol, Araucanía, Chile to Cauquenes, Chile",,0.94645605029881,351.17454738176849,-72.393,-37.184
"Directions from Dilman Bullock 3056, 4651861 Araucanía, Angol, Araucanía, Chile to Cauquenes, Chile",,0.94710103091867,353.95262146084758,-72.393,-37.183
"Directions from Dilman Bullock 3056, 4651861 Araucanía, Angol, Araucanía, Chile to Cauquenes, Chile",,0.94733189884628,357.88715923674556,-72.393,-37.183
"Directions from Dilman Bullock 3056, 4651861 Araucanía, Angol, Araucanía, Chile to Cauquenes, Chile",,0.94810196377861,2.49022700101060,-72.393,-37.182
"Directions from Dilman Bullock 3056, 4651861 Araucanía, Angol, Araucanía, Chile to Cauquenes, Chile",,0.94864344323343,5.70906045389013,-72.393,-37.182
"Directions from Dilman Bullock 3056, 4651861 Araucanía, Angol, Araucanía, Chile to Cauquenes, Chile",,0.95992192717411,6.89623673294238,-72.391,-37.171
"Directions from Dilman Bullock 3056, 4651861 Araucanía, Angol, Araucanía, Chile to Cauquenes, Chile",,0.96296214098238,6.91035460130037,-72.391,-37.168
"Directions from Dilman Bullock 3056, 4651861 Araucanía, Angol, Araucanía, Chile to Cauquenes, Chile",,0.97467475384202,8.33614202608127,-72.390,-37.156
"Directions from Dilman Bullock 3056, 4651861 Araucanía, Angol, Araucanía, Chile to Cauquenes, Chile",,0.97485723671793,8.40077322679097,-72.390,-37.156
"Directions from Dilman Bullock 3056, 4651861 Araucanía, Angol, Araucanía, Chile to Cauquenes, Chile",,0.98182431645051,9.32457836247906,-72.389,-37.149
"Directions from Dilman Bullock 3056, 4651861 Araucanía, Angol, Araucanía, Chile to Cauquenes, Chile",,0.98192629684078,9.00605471102738,-72.389,-37.149
"Directions from Dilman Bullock 3056, 4651861 Araucanía, Angol, Araucanía, Chile to Cauquenes, Chile",,0.98629615953885,8.50351170648955,-72.388,-37.144
"Directions from Dilman Bullock 3056, 4651861 Araucanía, Angol, Araucanía, Chile to Cauquenes, Chile",,0.98786140712310,9.52550436609934,-72.388,-37.143
"Directions from Dilman Bullock 3056, 4651861 Araucanía, Angol, Araucanía, Chile to Cauquenes, Chile",,0.98825599551624,7.82919094757964,-72.388,-37.143
"Directions from Dilman Bullock 3056, 4651861 Araucanía, Angol, Araucanía, Chile to Cauquenes, Chile",,1.00562221847922,8.38901328730263,-72.386,-37.125
"Directions from Dilman Bullock 3056, 4651861 Araucanía, Angol, Araucanía, Chile to Cauquenes, Chile",,1.00608912318041,8.45905647534320,-72.386,-37.125
"Directions from Dilman Bullock 3056, 4651861 Araucanía, Angol, Araucanía, Chile to Cauquenes, Chile",,1.01097609565835,10.54427474030843,-72.385,-37.120
"Directions from Dilman Bullock 3056, 4651861 Araucanía, Angol, Araucanía, Chile to Cauquenes, Chile",,1.01101732671460,9.92148518866080,-72.385,-37.120
"Directions from Dilman Bullock 3056, 4651861 Araucanía, Angol, Araucanía, Chile to Cauquenes, Chile",,1.01161036971473,6.48113421983735,-72.385,-37.119
"Directions from Dilman Bullock 3056, 4651861 Araucanía, Angol, Araucanía, Chile to Cauquenes, Chile",,1.01393850201337,7.86234170767750,-72.385,-37.117
"Directions from Dilman Bullock 3056, 4651861 Araucanía, Angol, Araucanía, Chile to Cauquenes, Chile",,1.01467674316639,7.70007391464120,-72.385,-37.116
"Directions from Dilman Bullock 3056, 4651861 Araucanía, Angol, Araucanía, Chile to Cauquenes, Chile",,1.01661047013781,7.29808598383483,-72.384,-37.114
"Directions from Dilman Bullock 3056, 4651861 Araucanía, Angol, Araucanía, Chile to Cauquenes, Chile",,1.01883083046893,6.91881121304062,-72.384,-37.112
"Directions from Dilman Bullock 3056, 4651861 Araucanía, Angol, Araucanía, Chile to Cauquenes, Chile",,1.01930348256085,6.68156011391949,-72.384,-37.112
"Directions from Dilman Bullock 3056, 4651861 Araucanía, Angol, Araucanía, Chile to Cauquenes, Chile",,1.02316469998545,3.64533191021540,-72.383,-37.108
"Directions from Dilman Bullock 3056, 4651861 Araucanía, Angol, Araucanía, Chile to Cauquenes, Chile",,1.02318469998545,3.76972256978494,-72.383,-37.108
"Directions from Dilman Bullock 3056, 4651861 Araucanía, Angol, Araucanía, Chile to Cauquenes, Chile",,1.02387063001103,6.39329202058264,-72.383,-37.107
"Directions from Dilman Bullock 3056, 4651861 Araucanía, Angol, Araucanía, Chile to Cauquenes, Chile",,1.02485475398696,5.96702411383636,-72.383,-37.106
"Directions from Dilman Bullock 3056, 4651861 Araucanía, Angol, Araucanía, Chile to Cauquenes, Chile",,1.02631468549220,7.74685100996450,-72.383,-37.105
"Directions from Dilman Bullock 3056, 4651861 Araucanía, Angol, Araucanía, Chile to Cauquenes, Chile",,1.02703315609007,7.71965365459284,-72.383,-37.104
"Directions from Dilman Bullock 3056, 4651861 Araucanía, Angol, Araucanía, Chile to Cauquenes, Chile",,1.02746605330651,7.38130848494853,-72.383,-37.104
"Directions from Dilman Bullock 3056, 4651861 Araucanía, Angol, Araucanía, Chile to Cauquenes, Chile",,1.02859742415641,7.41996958079874,-72.383,-37.103
"Directions from Dilman Bullock 3056, 4651861 Araucanía, Angol, Araucanía, Chile to Cauquenes, Chile",,1.02945328629484,7.66274249576371,-72.383,-37.102
"Directions from Dilman Bullock 3056, 4651861 Araucanía, Angol, Araucanía, Chile to Cauquenes, Chile",,1.02978705268020,7.75547879956300,-72.383,-37.101
"Directions from Dilman Bullock 3056, 4651861 Araucanía, Angol, Araucanía, Chile to Cauquenes, Chile",,1.03195271655071,5.89720093384746,-72.382,-37.099
"Directions from Dilman Bullock 3056, 4651861 Araucanía, Angol, Araucanía, Chile to Cauquenes, Chile",,1.03230399991211,6.40312757813348,-72.382,-37.099
"Directions from Dilman Bullock 3056, 4651861 Araucanía, Angol, Araucanía, Chile to Cauquenes, Chile",,1.03303091118592,7.33420060643443,-72.382,-37.098
"Directions from Dilman Bullock 3056, 4651861 Araucanía, Angol, Araucanía, Chile to Cauquenes, Chile",,1.03498449763142,7.28826602826338,-72.382,-37.096
"Directions from Dilman Bullock 3056, 4651861 Araucanía, Angol, Araucanía, Chile to Cauquenes, Chile",,1.03704362365962,7.07774264654006,-72.382,-37.094
"Directions from Dilman Bullock 3056, 4651861 Araucanía, Angol, Araucanía, Chile to Cauquenes, Chile",,1.03894525453862,18.20438728294184,-72.382,-37.092
"Directions from Dilman Bullock 3056, 4651861 Araucanía, Angol, Araucanía, Chile to Cauquenes, Chile",,1.03916479952262,18.83970114860770,-72.381,-37.092
"Directions from Dilman Bullock 3056, 4651861 Araucanía, Angol, Araucanía, Chile to Cauquenes, Chile",,1.04150541909871,8.95783297478595,-72.381,-37.090
"Directions from Dilman Bullock 3056, 4651861 Araucanía, Angol, Araucanía, Chile to Cauquenes, Chile",,1.04161722249759,5.15242323601146,-72.381,-37.090
"Directions from Dilman Bullock 3056, 4651861 Araucanía, Angol, Araucanía, Chile to Cauquenes, Chile",,1.04163722249759,3.43841536872515,-72.381,-37.090
"Directions from Dilman Bullock 3056, 4651861 Araucanía, Angol, Araucanía, Chile to Cauquenes, Chile",,1.04765048284452,5.92328573178735,-72.380,-37.084
"Directions from Dilman Bullock 3056, 4651861 Araucanía, Angol, Araucanía, Chile to Cauquenes, Chile",,1.04788135077213,6.29540601777122,-72.380,-37.083
"Directions from Dilman Bullock 3056, 4651861 Araucanía, Angol, Araucanía, Chile to Cauquenes, Chile",,1.04931400565033,6.72370666958760,-72.380,-37.082
"Directions from Dilman Bullock 3056, 4651861 Araucanía, Angol, Araucanía, Chile to Cauquenes, Chile",,1.04980655006457,6.81637142944448,-72.380,-37.081
"Directions from Dilman Bullock 3056, 4651861 Araucanía, Angol, Araucanía, Chile to Cauquenes, Chile",,1.05105814904187,8.98604785426596,-72.380,-37.080
"Directions from Dilman Bullock 3056, 4651861 Araucanía, Angol, Araucanía, Chile to Cauquenes, Chile",,1.05253127496996,11.99717292617629,-72.380,-37.079
"Directions from Dilman Bullock 3056, 4651861 Araucanía, Angol, Araucanía, Chile to Cauquenes, Chile",,1.05320067768881,12.56929172348634,-72.380,-37.078
"Directions from Dilman Bullock 3056, 4651861 Araucanía, Angol, Araucanía, Chile to Cauquenes, Chile",,1.05365958944504,13.21696989044484,-72.379,-37.078
"Directions from Dilman Bullock 3056, 4651861 Araucanía, Angol, Araucanía, Chile to Cauquenes, Chile",,1.05404286480296,11.62705483173407,-72.379,-37.077
"Directions from Dilman Bullock 3056, 4651861 Araucanía, Angol, Araucanía, Chile to Cauquenes, Chile",,1.05425499683732,9.83236150508912,-72.379,-37.077
"Directions from Dilman Bullock 3056, 4651861 Araucanía, Angol, Araucanía, Chile to Cauquenes, Chile",,1.05775569676733,13.13909174526248,-72.379,-37.074
"Directions from Dilman Bullock 3056, 4651861 Araucanía, Angol, Araucanía, Chile to Cauquenes, Chile",,1.05814863442142,13.92496470269731,-72.379,-37.073
"Directions from Dilman Bullock 3056, 4651861 Araucanía, Angol, Araucanía, Chile to Cauquenes, Chile",,1.07428908051191,13.40666378628283,-72.375,-37.058
"Directions from Dilman Bullock 3056, 4651861 Araucanía, Angol, Araucanía, Chile to Cauquenes, Chile",,1.07639917529652,13.39619810249977,-72.374,-37.056
"Directions from Dilman Bullock 3056, 4651861 Araucanía, Angol, Araucanía, Chile to Cauquenes, Chile",,1.09247665022263,11.27387869950303,-72.371,-37.040
"Directions from Dilman Bullock 3056, 4651861 Araucanía, Angol, Araucanía, Chile to Cauquenes, Chile",,1.09253747784793,11.74928283293259,-72.371,-37.040
"Directions from Dilman Bullock 3056, 4651861 Araucanía, Angol, Araucanía, Chile to Cauquenes, Chile",,1.09307348157926,12.51989216035127,-72.371,-37.039
"Directions from Dilman Bullock 3056, 4651861 Araucanía, Angol, Araucanía, Chile to Cauquenes, Chile",,1.09344022399568,12.06197200294965,-72.371,-37.039
"Directions from Dilman Bullock 3056, 4651861 Araucanía, Angol, Araucanía, Chile to Cauquenes, Chile",,1.09890282410918,12.62972483348766,-72.369,-37.034
"Directions from Dilman Bullock 3056, 4651861 Araucanía, Angol, Araucanía, Chile to Cauquenes, Chile",,1.10161343289689,11.67894439760572,-72.369,-37.031
"Directions from Dilman Bullock 3056, 4651861 Araucanía, Angol, Araucanía, Chile to Cauquenes, Chile",,1.10408057699483,12.10569580183218,-72.368,-37.029
"Directions from Dilman Bullock 3056, 4651861 Araucanía, Angol, Araucanía, Chile to Cauquenes, Chile",,1.12485234870550,12.41309731466804,-72.364,-37.008
"Directions from Dilman Bullock 3056, 4651861 Araucanía, Angol, Araucanía, Chile to Cauquenes, Chile",,1.12592514878007,12.37222982174315,-72.363,-37.007
"Directions from Dilman Bullock 3056, 4651861 Araucanía, Angol, Araucanía, Chile to Cauquenes, Chile",,1.14642336333646,11.76523480678131,-72.359,-36.987
"Directions from Dilman Bullock 3056, 4651861 Araucanía, Angol, Araucanía, Chile to Cauquenes, Chile",,1.14674893974839,11.65001938439576,-72.359,-36.987
"Directions from Dilman Bullock 3056, 4651861 Araucanía, Angol, Araucanía, Chile to Cauquenes, Chile",,1.14756893974838,11.89210846414603,-72.359,-36.986
"Directions from Dilman Bullock 3056, 4651861 Araucanía, Angol, Araucanía, Chile to Cauquenes, Chile",,1.14865935251426,11.75562598200806,-72.358,-36.985
"Directions from Dilman Bullock 3056, 4651861 Araucanía, Angol, Araucanía, Chile to Cauquenes, Chile",,1.15019522360261,13.10874780968331,-72.358,-36.984
"Directions from Dilman Bullock 3056, 4651861 Araucanía, Angol, Araucanía, Chile to Cauquenes, Chile",,1.15203850871349,12.93392264556751,-72.358,-36.982
"Directions from Dilman Bullock 3056, 4651861 Araucanía, Angol, Araucanía, Chile to Cauquenes, Chile",,1.15744785248145,11.03287399951301,-72.356,-36.977
"Directions from Dilman Bullock 3056, 4651861 Araucanía, Angol, Araucanía, Chile to Cauquenes, Chile",,1.15762047924647,10.99328866031778,-72.356,-36.976
"Directions from Dilman Bullock 3056, 4651861 Araucanía, Angol, Araucanía, Chile to Cauquenes, Chile",,1.16451050827399,13.36108017908962,-72.355,-36.970
"Directions from Dilman Bullock 3056, 4651861 Araucanía, Angol, Araucanía, Chile to Cauquenes, Chile",,1.16470697710103,13.48115085382144,-72.355,-36.969
"Directions from Dilman Bullock 3056, 4651861 Araucanía, Angol, Araucanía, Chile to Cauquenes, Chile",,1.18955997893180,13.03988321632621,-72.350,-36.945
"Directions from Dilman Bullock 3056, 4651861 Araucanía, Angol, Araucanía, Chile to Cauquenes, Chile",,1.19035307413415,11.93450368199389,-72.349,-36.944
"Directions from Dilman Bullock 3056, 4651861 Araucanía, Angol, Araucanía, Chile to Cauquenes, Chile",,1.19121620795923,10.97607849507715,-72.349,-36.943
"Directions from Dilman Bullock 3056, 4651861 Araucanía, Angol, Araucanía, Chile to Cauquenes, Chile",,1.19546826628433,12.66833747130834,-72.348,-36.939
"Directions from Dilman Bullock 3056, 4651861 Araucanía, Angol, Araucanía, Chile to Cauquenes, Chile",,1.19676348827302,12.68698623108369,-72.348,-36.938
"Directions from Dilman Bullock 3056, 4651861 Araucanía, Angol, Araucanía, Chile to Cauquenes, Chile",,1.20312201011383,13.00885908801666,-72.347,-36.932
"Directions from Dilman Bullock 3056, 4651861 Araucanía, Angol, Araucanía, Chile to Cauquenes, Chile",,1.20427647968900,12.94334306461424,-72.347,-36.931
"Directions from Dilman Bullock 3056, 4651861 Araucanía, Angol, Araucanía, Chile to Cauquenes, Chile",,1.20968168088784,15.14269574406204,-72.345,-36.925
"Directions from Dilman Bullock 3056, 4651861 Araucanía, Angol, Araucanía, Chile to Cauquenes, Chile",,1.20971330366445,13.94863551677583,-72.345,-36.925
"Directions from Dilman Bullock 3056, 4651861 Araucanía, Angol, Araucanía, Chile to Cauquenes, Chile",,1.20989578654036,10.90495517112960,-72.345,-36.925
"Directions from Dilman Bullock 3056, 4651861 Araucanía, Angol, Araucanía, Chile to Cauquenes, Chile",,1.21195338222464,11.95854804431738,-72.345,-36.923
"Directions from Dilman Bullock 3056, 4651861 Araucanía, Angol, Araucanía, Chile to Cauquenes, Chile",,1.22147687948143,5.78475397646708,-72.343,-36.914
"Directions from Dilman Bullock 3056, 4651861 Araucanía, Angol, Araucanía, Chile to Cauquenes, Chile",,1.22149687948143,5.84369985341164,-72.343,-36.914
"Directions from Dilman Bullock 3056, 4651861 Araucanía, Angol, Araucanía, Chile to Cauquenes, Chile",,1.23132054987492,12.05084617640912,-72.341,-36.904
"Directions from Dilman Bullock 3056, 4651861 Araucanía, Angol, Araucanía, Chile to Cauquenes, Chile",,1.23294861621264,17.30048526978249,-72.341,-36.903
"Directions from Dilman Bullock 3056, 4651861 Araucanía, Angol, Araucanía, Chile to Cauquenes, Chile",,1.23488174838608,24.01553272407725,-72.340,-36.901
"Directions from Dilman Bullock 3056, 4651861 Araucanía, Angol, Araucanía, Chile to Cauquenes, Chile",,1.23559287425398,24.62041091218735,-72.340,-36.900
"Directions from Dilman Bullock 3056, 4651861 Araucanía, Angol, Araucanía, Chile to Cauquenes, Chile",,1.23939553121984,23.77597295766182,-72.338,-36.897
"Directions from Dilman Bullock 3056, 4651861 Araucanía, Angol, Araucanía, Chile to Cauquenes, Chile",,1.24120387300170,23.09586929254198,-72.337,-36.895
"Directions from Dilman Bullock 3056, 4651861 Araucanía, Angol, Araucanía, Chile to Cauquenes, Chile",,1.24165697343207,23.69120144077165,-72.337,-36.895
"Directions from Dilman Bullock 3056, 4651861 Araucanía, Angol, Araucanía, Chile to Cauquenes, Chile",,1.24207744935290,23.57379271445304,-72.337,-36.894
"Directions from Dilman Bullock 3056, 4651861 Araucanía, Angol, Araucanía, Chile to Cauquenes, Chile",,1.24234670759326,22.66380444626162,-72.337,-36.894
"Directions from Dilman Bullock 3056, 4651861 Araucanía, Angol, Araucanía, Chile to Cauquenes, Chile",,1.24648030167105,20.98057411630150,-72.335,-36.890
"Directions from Dilman Bullock 3056, 4651861 Araucanía, Angol, Araucanía, Chile to Cauquenes, Chile",,1.24651192444766,21.89056238470017,-72.335,-36.890
"Directions from Dilman Bullock 3056, 4651861 Araucanía, Angol, Araucanía, Chile to Cauquenes, Chile",,1.24672216240807,24.24448850478246,-72.335,-36.890
"Directions from Dilman Bullock 3056, 4651861 Araucanía, Angol, Araucanía, Chile to Cauquenes, Chile",,1.24807068011281,20.78887494809317,-72.335,-36.889
"Directions from Dilman Bullock 3056, 4651861 Araucanía, Angol, Araucanía, Chile to Cauquenes, Chile",,1.24813392566601,21.16505512194318,-72.335,-36.889
"Directions from Dilman Bullock 3056, 4651861 Araucanía, Angol, Araucanía, Chile to Cauquenes, Chile",,1.24899798584911,23.30478688399372,-72.334,-36.888
"Directions from Dilman Bullock 3056, 4651861 Araucanía, Angol, Araucanía, Chile to Cauquenes, Chile",,1.24993029481077,23.24076002876670,-72.334,-36.887
"Directions from Dilman Bullock 3056, 4651861 Araucanía, Angol, Araucanía, Chile to Cauquenes, Chile",,1.25350331874016,24.66353643902189,-72.332,-36.884
"Directions from Dilman Bullock 3056, 4651861 Araucanía, Angol, Araucanía, Chile to Cauquenes, Chile",,1.25375826971584,24.81279837718829,-72.332,-36.884
"Directions from Dilman Bullock 3056, 4651861 Araucanía, Angol, Araucanía, Chile to Cauquenes, Chile",,1.25488632113311,23.39002196693309,-72.332,-36.883
"Directions from Dilman Bullock 3056, 4651861 Araucanía, Angol, Araucanía, Chile to Cauquenes, Chile",,1.25535247561394,23.45088293490722,-72.332,-36.882
"Directions from Dilman Bullock 3056, 4651861 Araucanía, Angol, Araucanía, Chile to Cauquenes, Chile",,1.25664603659047,23.14079192917998,-72.331,-36.881
"Directions from Dilman Bullock 3056, 4651861 Araucanía, Angol, Araucanía, Chile to Cauquenes, Chile",,1.25773608246106,22.78090657451309,-72.331,-36.880
"Directions from Dilman Bullock 3056, 4651861 Araucanía, Angol, Araucanía, Chile to Cauquenes, Chile",,1.26584697020533,22.77737720492985,-72.328,-36.872
"Directions from Dilman Bullock 3056, 4651861 Araucanía, Angol, Araucanía, Chile to Cauquenes, Chile",,1.26659161777297,23.07731811873441,-72.327,-36.872
"Directions from Dilman Bullock 3056, 4651861 Araucanía, Angol, Araucanía, Chile to Cauquenes, Chile",,1.26936250210834,24.74716940223028,-72.326,-36.869
"Directions from Dilman Bullock 3056, 4651861 Araucanía, Angol, Araucanía, Chile to Cauquenes, Chile",,1.27071335369160,24.02336955949318,-72.326,-36.868
"Directions from Dilman Bullock 3056, 4651861 Araucanía, Angol, Araucanía, Chile to Cauquenes, Chile",,1.27084335369160,24.01379152944549,-72.326,-36.868
"Directions from Dilman Bullock 3056, 4651861 Araucanía, Angol, Araucanía, Chile to Cauquenes, Chile",,1.27128618548811,24.08904850889378,-72.325,-36.868
"Directions from Dilman Bullock 3056, 4651861 Araucanía, Angol, Araucanía, Chile to Cauquenes, Chile",,1.27216465005768,22.12358494414140,-72.325,-36.867
"Directions from Dilman Bullock 3056, 4651861 Araucanía, Angol, Araucanía, Chile to Cauquenes, Chile",,1.27282016512235,22.18367131812385,-72.325,-36.866
"Directions from Dilman Bullock 3056, 4651861 Araucanía, Angol, Araucanía, Chile to Cauquenes, Chile",,1.27526250007071,23.70509717209269,-72.324,-36.864
"Directions from Dilman Bullock 3056, 4651861 Araucanía, Angol, Araucanía, Chile to Cauquenes, Chile",,1.27588899827502,23.78262041475401,-72.324,-36.863
"Directions from Dilman Bullock 3056, 4651861 Araucanía, Angol, Araucanía, Chile to Cauquenes, Chile",,1.27785597565161,24.12336089334185,-72.323,-36.861
"Directions from Dilman Bullock 3056, 4651861 Araucanía, Angol, Araucanía, Chile to Cauquenes, Chile",,1.27804385859388,24.24633820083310,-72.323,-36.861
"Directions from Dilman Bullock 3056, 4651861 Araucanía, Angol, Araucanía, Chile to Cauquenes, Chile",,1.28047171773313,22.24280461928897,-72.322,-36.859
"Directions from Dilman Bullock 3056, 4651861 Araucanía, Angol, Araucanía, Chile to Cauquenes, Chile",,1.28099726506687,19.81450265216933,-72.322,-36.859
"Directions from Dilman Bullock 3056, 4651861 Araucanía, Angol, Araucanía, Chile to Cauquenes, Chile",,1.28125024727968,16.23559614716544,-72.321,-36.858
"Directions from Dilman Bullock 3056, 4651861 Araucanía, Angol, Araucanía, Chile to Cauquenes, Chile",,1.28137394044845,12.23685941106804,-72.321,-36.858
"Directions from Dilman Bullock 3056, 4651861 Araucanía, Angol, Araucanía, Chile to Cauquenes, Chile",,1.28176033403018,7.70360803992812,-72.321,-36.858
"Directions from Dilman Bullock 3056, 4651861 Araucanía, Angol, Araucanía, Chile to Cauquenes, Chile",,1.28199120195779,2.48487036481897,-72.321,-36.858
"Directions from Dilman Bullock 3056, 4651861 Araucanía, Angol, Araucanía, Chile to Cauquenes, Chile",,1.28232120195779,358.41008493956684,-72.321,-36.857
"Directions from Dilman Bullock 3056, 4651861 Araucanía, Angol, Araucanía, Chile to Cauquenes, Chile",,1.28250147952156,355.05516653582731,-72.321,-36.857
"Directions from Dilman Bullock 3056, 4651861 Araucanía, Angol, Araucanía, Chile to Cauquenes, Chile",,1.28284382437694,350.71288637039964,-72.321,-36.857
"Directions from Dilman Bullock 3056, 4651861 Araucanía, Angol, Araucanía, Chile to Cauquenes, Chile",,1.28405980135040,349.13490130282111,-72.322,-36.856
"Directions from Dilman Bullock 3056, 4651861 Araucanía, Angol, Araucanía, Chile to Cauquenes, Chile",,1.28429325370100,349.10797615859337,-72.322,-36.855
"Directions from Dilman Bullock 3056, 4651861 Araucanía, Angol, Araucanía, Chile to Cauquenes, Chile",,1.29426828252301,347.66211354972120,-72.324,-36.846
"Directions from Dilman Bullock 3056, 4651861 Araucanía, Angol, Araucanía, Chile to Cauquenes, Chile",,1.29535511277655,350.05872574410625,-72.324,-36.845
"Directions from Dilman Bullock 3056, 4651861 Araucanía, Angol, Araucanía, Chile to Cauquenes, Chile",,1.29543573535403,350.22586265320598,-72.324,-36.844
"Directions from Dilman Bullock 3056, 4651861 Araucanía, Angol, Araucanía, Chile to Cauquenes, Chile",,1.29896845385399,347.86940588855015,-72.325,-36.841
"Directions from Dilman Bullock 3056, 4651861 Araucanía, Angol, Araucanía, Chile to Cauquenes, Chile",,1.30769403119879,349.27117115959788,-72.327,-36.832
"Directions from Dilman Bullock 3056, 4651861 Araucanía, Angol, Araucanía, Chile to Cauquenes, Chile",,1.30829244577080,351.55263362072253,-72.327,-36.832
"Directions from Dilman Bullock 3056, 4651861 Araucanía, Angol, Araucanía, Chile to Cauquenes, Chile",,1.30876626008042,354.63018862029622,-72.327,-36.831
"Directions from Dilman Bullock 3056, 4651861 Araucanía, Angol, Araucanía, Chile to Cauquenes, Chile",,1.31356503075634,357.55164300721987,-72.327,-36.827
"Directions from Dilman Bullock 3056, 4651861 Araucanía, Angol, Araucanía, Chile to Cauquenes, Chile",,1.31396515573681,357.67620991177120,-72.327,-36.826
"Directions from Dilman Bullock 3056, 4651861 Araucanía, Angol, Araucanía, Chile to Cauquenes, Chile",,1.31485655912474,355.83360057949187,-72.327,-36.825
"Directions from Dilman Bullock 3056, 4651861 Araucanía, Angol, Araucanía, Chile to Cauquenes, Chile",,1.31552924032709,352.71018147117661,-72.327,-36.825
"Directions from Dilman Bullock 3056, 4651861 Araucanía, Angol, Araucanía, Chile to Cauquenes, Chile",,1.31583337845360,349.28077267309311,-72.327,-36.824
"Directions from Dilman Bullock 3056, 4651861 Araucanía, Angol, Araucanía, Chile to Cauquenes, Chile",,1.31617072100948,345.15403742429606,-72.327,-36.824
"Directions from Dilman Bullock 3056, 4651861 Araucanía, Angol, Araucanía, Chile to Cauquenes, Chile",,1.31768240880793,341.26868534420959,-72.328,-36.823
"Directions from Dilman Bullock 3056, 4651861 Araucanía, Angol, Araucanía, Chile to Cauquenes, Chile",,1.31809677579503,341.21713723986045,-72.328,-36.822
"Directions from Dilman Bullock 3056, 4651861 Araucanía, Angol, Araucanía, Chile to Cauquenes, Chile",,1.31839088461842,343.40974738649095,-72.328,-36.822
"Directions from Dilman Bullock 3056, 4651861 Araucanía, Angol, Araucanía, Chile to Cauquenes, Chile",,1.31933460067742,346.53912644672079,-72.328,-36.821
"Directions from Dilman Bullock 3056, 4651861 Araucanía, Angol, Araucanía, Chile to Cauquenes, Chile",,1.31978371090888,350.94678921150069,-72.328,-36.821
"Directions from Dilman Bullock 3056, 4651861 Araucanía, Angol, Araucanía, Chile to Cauquenes, Chile",,1.32039771416620,352.48238266825570,-72.328,-36.820
"Directions from Dilman Bullock 3056, 4651861 Araucanía, Angol, Araucanía, Chile to Cauquenes, Chile",,1.32107513574838,352.11105189781819,-72.328,-36.819
"Directions from Dilman Bullock 3056, 4651861 Araucanía, Angol, Araucanía, Chile to Cauquenes, Chile",,1.32454316112314,352.29047266120637,-72.329,-36.816
"Directions from Dilman Bullock 3056, 4651861 Araucanía, Angol, Araucanía, Chile to Cauquenes, Chile",,1.32574524265116,353.18220989362408,-72.329,-36.815
"Directions from Dilman Bullock 3056, 4651861 Araucanía, Angol, Araucanía, Chile to Cauquenes, Chile",,1.32657908915982,353.35548130761686,-72.329,-36.814
"Directions from Dilman Bullock 3056, 4651861 Araucanía, Angol, Araucanía, Chile to Cauquenes, Chile",,1.32798201467459,353.10371725822688,-72.329,-36.812
"Directions from Dilman Bullock 3056, 4651861 Araucanía, Angol, Araucanía, Chile to Cauquenes, Chile",,1.32970146226029,352.75102508086087,-72.330,-36.811
"Directions from Dilman Bullock 3056, 4651861 Araucanía, Angol, Araucanía, Chile to Cauquenes, Chile",,1.33173372700683,355.45077477161919,-72.330,-36.809
"Directions from Dilman Bullock 3056, 4651861 Araucanía, Angol, Araucanía, Chile to Cauquenes, Chile",,1.33267378019682,2.86534258466995,-72.330,-36.808
"Directions from Dilman Bullock 3056, 4651861 Araucanía, Angol, Araucanía, Chile to Cauquenes, Chile",,1.33330765715649,7.90125697595052,-72.330,-36.807
"Directions from Dilman Bullock 3056, 4651861 Araucanía, Angol, Araucanía, Chile to Cauquenes, Chile",,1.33349014003239,7.58645767303679,-72.330,-36.807
"Directions from Dilman Bullock 3056, 4651861 Araucanía, Angol, Araucanía, Chile to Cauquenes, Chile",,1.33359063878860,9.49349509079378,-72.330,-36.807
"Directions from Dilman Bullock 3056, 4651861 Araucanía, Angol, Araucanía, Chile to Cauquenes, Chile",,1.33450507850777,17.41673816360343,-72.329,-36.806
"Directions from Dilman Bullock 3056, 4651861 Araucanía, Angol, Araucanía, Chile to Cauquenes, Chile",,1.33537599756257,24.95138645417648,-72.329,-36.805
"Directions from Dilman Bullock 3056, 4651861 Araucanía, Angol, Araucanía, Chile to Cauquenes, Chile",,1.33623953679155,29.53478844090376,-72.329,-36.804
"Directions from Dilman Bullock 3056, 4651861 Araucanía, Angol, Araucanía, Chile to Cauquenes, Chile",,1.34197449973826,32.20697539019659,-72.326,-36.799
"Directions from Dilman Bullock 3056, 4651861 Araucanía, Angol, Araucanía, Chile to Cauquenes, Chile",,1.34208266627651,32.27213601396958,-72.326,-36.799
"Directions from Dilman Bullock 3056, 4651861 Araucanía, Angol, Araucanía, Chile to Cauquenes, Chile",,1.34387654475624,32.92311235070738,-72.325,-36.798
"Directions from Dilman Bullock 3056, 4651861 Araucanía, Angol, Araucanía, Chile to Cauquenes, Chile",,1.34399861031239,33.03552991536170,-72.325,-36.798
"Directions from Dilman Bullock 3056, 4651861 Araucanía, Angol, Araucanía, Chile to Cauquenes, Chile",,1.34570330969938,28.82204540015409,-72.324,-36.796
"Directions from Dilman Bullock 3056, 4651861 Araucanía, Angol, Araucanía, Chile to Cauquenes, Chile",,1.34574803105893,28.72836878623840,-72.324,-36.796
"Directions from Dilman Bullock 3056, 4651861 Araucanía, Angol, Araucanía, Chile to Cauquenes, Chile",,1.34711144588942,33.88079202265697,-72.323,-36.795
"Directions from Dilman Bullock 3056, 4651861 Araucanía, Angol, Araucanía, Chile to Cauquenes, Chile",,1.34716144588943,33.99618391722141,-72.323,-36.795
"Directions from Dilman Bullock 3056, 4651861 Araucanía, Angol, Araucanía, Chile to Cauquenes, Chile",,1.35335256856629,27.54247958901723,-72.320,-36.790
"Directions from Dilman Bullock 3056, 4651861 Araucanía, Angol, Araucanía, Chile to Cauquenes, Chile",,1.35345105714431,27.60085193467311,-72.320,-36.790
"Directions from Dilman Bullock 3056, 4651861 Araucanía, Angol, Araucanía, Chile to Cauquenes, Chile",,1.35487794186284,32.96718420980623,-72.319,-36.788
"Directions from Dilman Bullock 3056, 4651861 Araucanía, Angol, Araucanía, Chile to Cauquenes, Chile",,1.35503605574585,32.72025140661899,-72.319,-36.788
"Directions from Dilman Bullock 3056, 4651861 Araucanía, Angol, Araucanía, Chile to Cauquenes, Chile",,1.35773546308821,32.86868474216773,-72.318,-36.786
"Directions from Dilman Bullock 3056, 4651861 Araucanía, Angol, Araucanía, Chile to Cauquenes, Chile",,1.35785752864437,33.04091992627104,-72.318,-36.786
"Directions from Dilman Bullock 3056, 4651861 Araucanía, Angol, Araucanía, Chile to Cauquenes, Chile",,1.36097538046895,33.97985864623604,-72.316,-36.783
"Directions from Dilman Bullock 3056, 4651861 Araucanía, Angol, Araucanía, Chile to Cauquenes, Chile",,1.36102538046894,33.40070474157553,-72.316,-36.783
"Directions from Dilman Bullock 3056, 4651861 Araucanía, Angol, Araucanía, Chile to Cauquenes, Chile",,1.36140616912424,31.81078968282449,-72.316,-36.783
"Directions from Dilman Bullock 3056, 4651861 Araucanía, Angol, Araucanía, Chile to Cauquenes, Chile",,1.36191094630280,32.20082177877883,-72.316,-36.782
"Directions from Dilman Bullock 3056, 4651861 Araucanía, Angol, Araucanía, Chile to Cauquenes, Chile",,1.36580743189882,31.66540955127820,-72.314,-36.779
"Directions from Dilman Bullock 3056, 4651861 Araucanía, Angol, Araucanía, Chile to Cauquenes, Chile",,1.36610424834041,31.49918454157271,-72.313,-36.779
"Directions from Dilman Bullock 3056, 4651861 Araucanía, Angol, Araucanía, Chile to Cauquenes, Chile",,1.36644040306670,28.47208859506981,-72.313,-36.779
"Directions from Dilman Bullock 3056, 4651861 Araucanía, Angol, Araucanía, Chile to Cauquenes, Chile",,1.36652984578580,28.85387230117576,-72.313,-36.778
"Directions from Dilman Bullock 3056, 4651861 Araucanía, Angol, Araucanía, Chile to Cauquenes, Chile",,1.37202125726191,32.41638047771440,-72.310,-36.774
"Directions from Dilman Bullock 3056, 4651861 Araucanía, Angol, Araucanía, Chile to Cauquenes, Chile",,1.37212942380017,32.23571851089175,-72.310,-36.774
"Directions from Dilman Bullock 3056, 4651861 Araucanía, Angol, Araucanía, Chile to Cauquenes, Chile",,1.37590069679480,32.42928238593989,-72.308,-36.770
"Directions from Dilman Bullock 3056, 4651861 Araucanía, Angol, Araucanía, Chile to Cauquenes, Chile",,1.37631118430984,32.11587159898310,-72.308,-36.770
"Directions from Dilman Bullock 3056, 4651861 Araucanía, Angol, Araucanía, Chile to Cauquenes, Chile",,1.37752551540143,30.92465570586282,-72.307,-36.769
"Directions from Dilman Bullock 3056, 4651861 Araucanía, Angol, Araucanía, Chile to Cauquenes, Chile",,1.37967628270637,31.14737109353585,-72.306,-36.767
"Directions from Dilman Bullock 3056, 4651861 Araucanía, Angol, Araucanía, Chile to Cauquenes, Chile",,1.38183720843392,32.14502310971599,-72.305,-36.765
"Directions from Dilman Bullock 3056, 4651861 Araucanía, Angol, Araucanía, Chile to Cauquenes, Chile",,1.38241409663799,32.32691202882325,-72.305,-36.765
"Directions from Dilman Bullock 3056, 4651861 Araucanía, Angol, Araucanía, Chile to Cauquenes, Chile",,1.38258902519484,32.82945503141746,-72.305,-36.765
"Directions from Dilman Bullock 3056, 4651861 Araucanía, Angol, Araucanía, Chile to Cauquenes, Chile",,1.38274713907785,32.41826954188086,-72.305,-36.765
"Directions from Dilman Bullock 3056, 4651861 Araucanía, Angol, Araucanía, Chile to Cauquenes, Chile",,1.38310560804443,31.01608867716882,-72.305,-36.764
"Directions from Dilman Bullock 3056, 4651861 Araucanía, Angol, Araucanía, Chile to Cauquenes, Chile",,1.38363560804443,35.14297815245934,-72.304,-36.764
"Directions from Dilman Bullock 3056, 4651861 Araucanía, Angol, Araucanía, Chile to Cauquenes, Chile",,1.38431184764693,39.90941506401168,-72.304,-36.763
"Directions from Dilman Bullock 3056, 4651861 Araucanía, Angol, Araucanía, Chile to Cauquenes, Chile",,1.38453856332791,44.05417497154189,-72.304,-36.763
"Directions from Dilman Bullock 3056, 4651861 Araucanía, Angol, Araucanía, Chile to Cauquenes, Chile",,1.38501960386674,48.60611223527448,-72.303,-36.763
"Directions from Dilman Bullock 3056, 4651861 Araucanía, Angol, Araucanía, Chile to Cauquenes, Chile",,1.38546005817766,51.95776812342828,-72.303,-36.763
"Directions from Dilman Bullock 3056, 4651861 Araucanía, Angol, Araucanía, Chile to Cauquenes, Chile",,1.38812608518427,54.65540040667194,-72.301,-36.761
"Directions from Dilman Bullock 3056, 4651861 Araucanía, Angol, Araucanía, Chile to Cauquenes, Chile",,1.38853657269930,54.71575401779080,-72.301,-36.761
"Directions from Dilman Bullock 3056, 4651861 Araucanía, Angol, Araucanía, Chile to Cauquenes, Chile",,1.38944459252288,56.47636952036164,-72.300,-36.760
"Directions from Dilman Bullock 3056, 4651861 Araucanía, Angol, Araucanía, Chile to Cauquenes, Chile",,1.39040843898367,56.86436388463476,-72.299,-36.760
"Directions from Dilman Bullock 3056, 4651861 Araucanía, Angol, Araucanía, Chile to Cauquenes, Chile",,1.39378312415418,52.36251203783304,-72.296,-36.758
"Directions from Dilman Bullock 3056, 4651861 Araucanía, Angol, Araucanía, Chile to Cauquenes, Chile",,1.39408145283198,52.28720987737234,-72.296,-36.757
"Directions from Dilman Bullock 3056, 4651861 Araucanía, Angol, Araucanía, Chile to Cauquenes, Chile",,1.39590773320476,55.22201009901692,-72.295,-36.756
"Directions from Dilman Bullock 3056, 4651861 Araucanía, Angol, Araucanía, Chile to Cauquenes, Chile",,1.39670095448536,54.43817797841240,-72.294,-36.756
"Directions from Dilman Bullock 3056, 4651861 Araucanía, Angol, Araucanía, Chile to Cauquenes, Chile",,1.39954709221921,53.39122308377576,-72.292,-36.754
"Directions from Dilman Bullock 3056, 4651861 Araucanía, Angol, Araucanía, Chile to Cauquenes, Chile",,1.40387386931076,53.02939804894580,-72.288,-36.752
"Directions from Dilman Bullock 3056, 4651861 Araucanía, Angol, Araucanía, Chile to Cauquenes, Chile",,1.40405191424890,53.07377287688766,-72.288,-36.752
"Directions from Dilman Bullock 3056, 4651861 Araucanía, Angol, Araucanía, Chile to Cauquenes, Chile",,1.40532018078241,51.24230123045100,-72.287,-36.751
"Directions from Dilman Bullock 3056, 4651861 Araucanía, Angol, Araucanía, Chile to Cauquenes, Chile",,1.40583008273377,44.57578322651540,-72.287,-36.751
"Directions from Dilman Bullock 3056, 4651861 Araucanía, Angol, Araucanía, Chile to Cauquenes, Chile",,1.40633337191505,36.43992163446741,-72.286,-36.750
"Directions from Dilman Bullock 3056, 4651861 Araucanía, Angol, Araucanía, Chile to Cauquenes, Chile",,1.40695771156620,29.04169845918430,-72.286,-36.750
"Directions from Dilman Bullock 3056, 4651861 Araucanía, Angol, Araucanía, Chile to Cauquenes, Chile",,1.40761513076277,24.81019408380819,-72.286,-36.749
"Directions from Dilman Bullock 3056, 4651861 Araucanía, Angol, Araucanía, Chile to Cauquenes, Chile",,1.40975150619793,26.56179405517436,-72.285,-36.747
"Directions from Dilman Bullock 3056, 4651861 Araucanía, Angol, Araucanía, Chile to Cauquenes, Chile",,1.41082192667606,25.52455609721782,-72.284,-36.746
"Directions from Dilman Bullock 3056, 4651861 Araucanía, Angol, Araucanía, Chile to Cauquenes, Chile",,1.41131589023747,23.16090020839963,-72.284,-36.746
"Directions from Dilman Bullock 3056, 4651861 Araucanía, Angol, Araucanía, Chile to Cauquenes, Chile",,1.43291145691213,29.32062283976613,-72.275,-36.726
"Directions from Dilman Bullock 3056, 4651861 Araucanía, Angol, Araucanía, Chile to Cauquenes, Chile",,1.43294751242489,29.43813714328650,-72.275,-36.726
"Directions from Dilman Bullock 3056, 4651861 Araucanía, Angol, Araucanía, Chile to Cauquenes, Chile",,1.43499187051485,19.61122511232562,-72.274,-36.724
"Directions from Dilman Bullock 3056, 4651861 Araucanía, Angol, Araucanía, Chile to Cauquenes, Chile",,1.43503310157111,18.00537573104746,-72.274,-36.724
"Directions from Dilman Bullock 3056, 4651861 Araucanía, Angol, Araucanía, Chile to Cauquenes, Chile",,1.43564775594554,19.18202416296907,-72.274,-36.724
"Directions from Dilman Bullock 3056, 4651861 Araucanía, Angol, Araucanía, Chile to Cauquenes, Chile",,1.43582495639701,11.82136747314691,-72.274,-36.723
"Directions from Dilman Bullock 3056, 4651861 Araucanía, Angol, Araucanía, Chile to Cauquenes, Chile",,1.43637939304803,3.62659730606468,-72.274,-36.723
"Directions from Dilman Bullock 3056, 4651861 Araucanía, Angol, Araucanía, Chile to Cauquenes, Chile",,1.43673939304803,358.00454345110279,-72.274,-36.723
"Directions from Dilman Bullock 3056, 4651861 Araucanía, Angol, Araucanía, Chile to Cauquenes, Chile",,1.43717043828928,354.56954729688505,-72.274,-36.722
"Directions from Dilman Bullock 3056, 4651861 Araucanía, Angol, Araucanía, Chile to Cauquenes, Chile",,1.43800644068162,354.56291737559962,-72.274,-36.721
"Directions from Dilman Bullock 3056, 4651861 Araucanía, Angol, Araucanía, Chile to Cauquenes, Chile",,1.43900888768770,1.88049653845209,-72.274,-36.720
"Directions from Dilman Bullock 3056, 4651861 Araucanía, Angol, Araucanía, Chile to Cauquenes, Chile",,1.43945295975391,12.03950922234489,-72.274,-36.720
"Directions from Dilman Bullock 3056, 4651861 Araucanía, Angol, Araucanía, Chile to Cauquenes, Chile",,1.43988015994119,19.65128461494068,-72.274,-36.719
"Directions from Dilman Bullock 3056, 4651861 Araucanía, Angol, Araucanía, Chile to Cauquenes, Chile",,1.44023862890776,26.62257698244133,-72.274,-36.719
"Directions from Dilman Bullock 3056, 4651861 Araucanía, Angol, Araucanía, Chile to Cauquenes, Chile",,1.44079432666734,32.12644815560102,-72.273,-36.719
"Directions from Dilman Bullock 3056, 4651861 Araucanía, Angol, Araucanía, Chile to Cauquenes, Chile",,1.44131297876654,36.90101512152379,-72.273,-36.718
"Directions from Dilman Bullock 3056, 4651861 Araucanía, Angol, Araucanía, Chile to Cauquenes, Chile",,1.44146918376006,37.52657307622634,-72.273,-36.718
"Directions from Dilman Bullock 3056, 4651861 Araucanía, Angol, Araucanía, Chile to Cauquenes, Chile",,1.44422428811380,33.99140066533016,-72.271,-36.716
"Directions from Dilman Bullock 3056, 4651861 Araucanía, Angol, Araucanía, Chile to Cauquenes, Chile",,1.44455715445333,33.92605384176170,-72.271,-36.716
"Directions from Dilman Bullock 3056, 4651861 Araucanía, Angol, Araucanía, Chile to Cauquenes, Chile",,1.44756456197478,34.01106216689404,-72.269,-36.713
"Directions from Dilman Bullock 3056, 4651861 Araucanía, Angol, Araucanía, Chile to Cauquenes, Chile",,1.44796953110940,31.48691287120302,-72.269,-36.713
"Directions from Dilman Bullock 3056, 4651861 Araucanía, Angol, Araucanía, Chile to Cauquenes, Chile",,1.44818907609340,24.25176582536533,-72.269,-36.713
"Directions from Dilman Bullock 3056, 4651861 Araucanía, Angol, Araucanía, Chile to Cauquenes, Chile",,1.44822069887000,22.50000000290793,-72.269,-36.713
"Directions from Dilman Bullock 3056, 4651861 Araucanía, Angol, Araucanía, Chile to Cauquenes, Chile",,1.44837722362843,25.03180842577258,-72.269,-36.712
"Directions from Dilman Bullock 3056, 4651861 Araucanía, Angol, Araucanía, Chile to Cauquenes, Chile",,1.44887882107658,22.21646704802853,-72.269,-36.712
"Directions from Dilman Bullock 3056, 4651861 Araucanía, Angol, Araucanía, Chile to Cauquenes, Chile",,1.45047412668994,20.01393020986115,-72.268,-36.710
"Directions from Dilman Bullock 3056, 4651861 Araucanía, Angol, Araucanía, Chile to Cauquenes, Chile",,1.45102439934963,22.82927158741132,-72.268,-36.710
"Directions from Dilman Bullock 3056, 4651861 Araucanía, Angol, Araucanía, Chile to Cauquenes, Chile",,1.45109148138895,23.59335110985013,-72.268,-36.710
"Directions from Dilman Bullock 3056, 4651861 Araucanía, Angol, Araucanía, Chile to Cauquenes, Chile",,1.45722444152253,21.28517506445507,-72.266,-36.704
"Directions from Dilman Bullock 3056, 4651861 Araucanía, Angol, Araucanía, Chile to Cauquenes, Chile",,1.45794679877486,24.25687513032589,-72.266,-36.703
"Directions from Dilman Bullock 3056, 4651861 Araucanía, Angol, Araucanía, Chile to Cauquenes, Chile",,1.45814804489284,28.41074417086613,-72.266,-36.703
"Directions from Dilman Bullock 3056, 4651861 Araucanía, Angol, Araucanía, Chile to Cauquenes, Chile",,1.45856481821253,31.79857225526065,-72.265,-36.703
"Directions from Dilman Bullock 3056, 4651861 Araucanía, Angol, Araucanía, Chile to Cauquenes, Chile",,1.45901968082915,34.41608322486766,-72.265,-36.703
"Directions from Dilman Bullock 3056, 4651861 Araucanía, Angol, Araucanía, Chile to Cauquenes, Chile",,1.46334293192062,35.96347023056004,-72.263,-36.699
"Directions from Dilman Bullock 3056, 4651861 Araucanía, Angol, Araucanía, Chile to Cauquenes, Chile",,1.46571700015890,35.34225718212000,-72.261,-36.697
"Directions from Dilman Bullock 3056, 4651861 Araucanía, Angol, Araucanía, Chile to Cauquenes, Chile",,1.46628559491793,35.12363894218816,-72.261,-36.697
"Directions from Dilman Bullock 3056, 4651861 Araucanía, Angol, Araucanía, Chile to Cauquenes, Chile",,1.46773176226648,36.81223925828386,-72.260,-36.695
"Directions from Dilman Bullock 3056, 4651861 Araucanía, Angol, Araucanía, Chile to Cauquenes, Chile",,1.46833781506946,36.79561931926954,-72.260,-36.695
"Directions from Dilman Bullock 3056, 4651861 Araucanía, Angol, Araucanía, Chile to Cauquenes, Chile",,1.47036406776841,35.50060040478021,-72.258,-36.693
"Directions from Dilman Bullock 3056, 4651861 Araucanía, Angol, Araucanía, Chile to Cauquenes, Chile",,1.47248915600187,35.78461423614312,-72.257,-36.692
"Directions from Dilman Bullock 3056, 4651861 Araucanía, Angol, Araucanía, Chile to Cauquenes, Chile",,1.47657122655492,35.97072909485273,-72.255,-36.688
"Directions from Dilman Bullock 3056, 4651861 Araucanía, Angol, Araucanía, Chile to Cauquenes, Chile",,1.48017839996355,32.05718903545738,-72.253,-36.685
"Directions from Dilman Bullock 3056, 4651861 Araucanía, Angol, Araucanía, Chile to Cauquenes, Chile",,1.48065725275931,25.86572227576043,-72.252,-36.685
"Directions from Dilman Bullock 3056, 4651861 Araucanía, Angol, Araucanía, Chile to Cauquenes, Chile",,1.48109187903555,20.38508181714384,-72.252,-36.685
"Directions from Dilman Bullock 3056, 4651861 Araucanía, Angol, Araucanía, Chile to Cauquenes, Chile",,1.48161685522548,22.15486138528526,-72.252,-36.684
"Directions from Dilman Bullock 3056, 4651861 Araucanía, Angol, Araucanía, Chile to Cauquenes, Chile",,1.48163921590526,21.35719707076114,-72.252,-36.684
"Directions from Dilman Bullock 3056, 4651861 Araucanía, Angol, Araucanía, Chile to Cauquenes, Chile",,1.48742762674071,17.13560162240864,-72.250,-36.678
"Directions from Dilman Bullock 3056, 4651861 Araucanía, Angol, Araucanía, Chile to Cauquenes, Chile",,1.48800633219256,19.53881848923421,-72.250,-36.678
"Directions from Dilman Bullock 3056, 4651861 Araucanía, Angol, Araucanía, Chile to Cauquenes, Chile",,1.48850962137385,24.25429415490090,-72.250,-36.677
"Directions from Dilman Bullock 3056, 4651861 Araucanía, Angol, Araucanía, Chile to Cauquenes, Chile",,1.48876904380927,30.31174470107327,-72.250,-36.677
"Directions from Dilman Bullock 3056, 4651861 Araucanía, Angol, Araucanía, Chile to Cauquenes, Chile",,1.48928217147370,34.82185440008112,-72.250,-36.677
"Directions from Dilman Bullock 3056, 4651861 Araucanía, Angol, Araucanía, Chile to Cauquenes, Chile",,1.48966817665500,37.29731707959732,-72.249,-36.676
"Directions from Dilman Bullock 3056, 4651861 Araucanía, Angol, Araucanía, Chile to Cauquenes, Chile",,1.49583742296230,35.21072167758864,-72.246,-36.672
"Directions from Dilman Bullock 3056, 4651861 Araucanía, Angol, Araucanía, Chile to Cauquenes, Chile",,1.49645329632590,30.72722213649055,-72.245,-36.671
"Directions from Dilman Bullock 3056, 4651861 Araucanía, Angol, Araucanía, Chile to Cauquenes, Chile",,1.49696807783296,28.10979457857746,-72.245,-36.671
"Directions from Dilman Bullock 3056, 4651861 Araucanía, Angol, Araucanía, Chile to Cauquenes, Chile",,1.50038497701204,36.08249250829926,-72.244,-36.668
"Directions from Dilman Bullock 3056, 4651861 Araucanía, Angol, Araucanía, Chile to Cauquenes, Chile",,1.50039911914765,36.72741771873585,-72.244,-36.668
"Directions from Dilman Bullock 3056, 4651861 Araucanía, Angol, Araucanía, Chile to Cauquenes, Chile",,1.50216209957863,29.81990506818203,-72.243,-36.666
"Directions from Dilman Bullock 3056, 4651861 Araucanía, Angol, Araucanía, Chile to Cauquenes, Chile",,1.50305046887120,31.96010046512974,-72.242,-36.665
"Directions from Dilman Bullock 3056, 4651861 Araucanía, Angol, Araucanía, Chile to Cauquenes, Chile",,1.50471480056892,32.11974649591837,-72.241,-36.664
"Directions from Dilman Bullock 3056, 4651861 Araucanía, Angol, Araucanía, Chile to Cauquenes, Chile",,1.50580558010668,32.05442994291443,-72.241,-36.663
"Directions from Dilman Bullock 3056, 4651861 Araucanía, Angol, Araucanía, Chile to Cauquenes, Chile",,1.50712322952895,34.07113547847222,-72.240,-36.662
"Directions from Dilman Bullock 3056, 4651861 Araucanía, Angol, Araucanía, Chile to Cauquenes, Chile",,1.50738129928695,37.60275945487992,-72.240,-36.662
"Directions from Dilman Bullock 3056, 4651861 Araucanía, Angol, Araucanía, Chile to Cauquenes, Chile",,1.50791393424638,41.66781063228800,-72.240,-36.661
"Directions from Dilman Bullock 3056, 4651861 Araucanía, Angol, Araucanía, Chile to Cauquenes, Chile",,1.50821807237290,45.61577517837850,-72.239,-36.661
"Directions from Dilman Bullock 3056, 4651861 Araucanía, Angol, Araucanía, Chile to Cauquenes, Chile",,1.50869230860095,49.99758909167456,-72.239,-36.661
"Directions from Dilman Bullock 3056, 4651861 Araucanía, Angol, Araucanía, Chile to Cauquenes, Chile",,1.50918434518496,54.05330678034830,-72.239,-36.660
"Directions from Dilman Bullock 3056, 4651861 Araucanía, Angol, Araucanía, Chile to Cauquenes, Chile",,1.51769674202722,55.99256903116590,-72.232,-36.656
"Directions from Dilman Bullock 3056, 4651861 Araucanía, Angol, Araucanía, Chile to Cauquenes, Chile",,1.51989612830525,55.95363380944980,-72.230,-36.654
"Directions from Dilman Bullock 3056, 4651861 Araucanía, Angol, Araucanía, Chile to Cauquenes, Chile",,1.52658633009592,56.46821121192922,-72.224,-36.651
"Directions from Dilman Bullock 3056, 4651861 Araucanía, Angol, Araucanía, Chile to Cauquenes, Chile",,1.52704957948880,55.96101600143812,-72.224,-36.650
"Directions from Dilman Bullock 3056, 4651861 Araucanía, Angol, Araucanía, Chile to Cauquenes, Chile",,1.52760175699649,55.34175737261990,-72.223,-36.650
"Directions from Dilman Bullock 3056, 4651861 Araucanía, Angol, Araucanía, Chile to Cauquenes, Chile",,1.52987881650383,55.48318848224056,-72.222,-36.649
"Directions from Dilman Bullock 3056, 4651861 Araucanía, Angol, Araucanía, Chile to Cauquenes, Chile",,1.53152957390576,55.39340684861014,-72.220,-36.648
"Directions from Dilman Bullock 3056, 4651861 Araucanía, Angol, Araucanía, Chile to Cauquenes, Chile",,1.54705599010525,58.33609020826974,-72.207,-36.639
"Directions from Dilman Bullock 3056, 4651861 Araucanía, Angol, Araucanía, Chile to Cauquenes, Chile",,1.54734252108089,62.44240843433890,-72.207,-36.639
"Directions from Dilman Bullock 3056, 4651861 Araucanía, Angol, Araucanía, Chile to Cauquenes, Chile",,1.54770926349731,66.16611686058468,-72.207,-36.639
"Directions from Dilman Bullock 3056, 4651861 Araucanía, Angol, Araucanía, Chile to Cauquenes, Chile",,1.54792467008960,66.42620728590794,-72.207,-36.639
"Directions from Dilman Bullock 3056, 4651861 Araucanía, Angol, Araucanía, Chile to Cauquenes, Chile",,1.54813490805001,67.42747385140778,-72.206,-36.639
"Directions from Dilman Bullock 3056, 4651861 Araucanía, Angol, Araucanía, Chile to Cauquenes, Chile",,1.54840061465513,71.18606254965420,-72.206,-36.639
"Directions from Dilman Bullock 3056, 4651861 Araucanía, Angol, Araucanía, Chile to Cauquenes, Chile",,1.56574351521991,73.11280277539876,-72.190,-36.633
"Directions from Dilman Bullock 3056, 4651861 Araucanía, Angol, Araucanía, Chile to Cauquenes, Chile",,1.56596191851658,72.66440812619184,-72.189,-36.633
"Directions from Dilman Bullock 3056, 4651861 Araucanía, Angol, Araucanía, Chile to Cauquenes, Chile",,1.56658489524167,71.90179057996421,-72.189,-36.633
"Directions from Dilman Bullock 3056, 4651861 Araucanía, Angol, Araucanía, Chile to Cauquenes, Chile",,1.57391293044901,74.73002555438984,-72.182,-36.631
"Directions from Dilman Bullock 3056, 4651861 Araucanía, Angol, Araucanía, Chile to Cauquenes, Chile",,1.58943499538896,85.66469373006323,-72.167,-36.627
"Directions from Dilman Bullock 3056, 4651861 Araucanía, Angol, Araucanía, Chile to Cauquenes, Chile",,1.58956537943706,86.60179696520650,-72.167,-36.627
"Directions from Dilman Bullock 3056, 4651861 Araucanía, Angol, Araucanía, Chile to Cauquenes, Chile",,1.59054400091650,77.70619540976530,-72.166,-36.627
"Directions from Dilman Bullock 3056, 4651861 Araucanía, Angol, Araucanía, Chile to Cauquenes, Chile",,1.59075987124794,77.51061285548266,-72.165,-36.627
"Directions from Dilman Bullock 3056, 4651861 Araucanía, Angol, Araucanía, Chile to Cauquenes, Chile",,1.59319958434583,77.94245787811778,-72.163,-36.627
"Directions from Dilman Bullock 3056, 4651861 Araucanía, Angol, Araucanía, Chile to Cauquenes, Chile",,1.59476690690358,73.90868411619928,-72.161,-36.626
"Directions from Dilman Bullock 3056, 4651861 Araucanía, Angol, Araucanía, Chile to Cauquenes, Chile",,1.59491556759105,72.20039002045574,-72.161,-36.626
"Directions from Dilman Bullock 3056, 4651861 Araucanía, Angol, Araucanía, Chile to Cauquenes, Chile",,1.59513397088773,72.80982763752708,-72.161,-36.626
"Directions from Dilman Bullock 3056, 4651861 Araucanía, Angol, Araucanía, Chile to Cauquenes, Chile",,1.59532370754734,73.76440385389724,-72.161,-36.626
"Directions from Dilman Bullock 3056, 4651861 Araucanía, Angol, Araucanía, Chile to Cauquenes, Chile",,1.59594217339117,74.75187086030687,-72.160,-36.626
"Directions from Dilman Bullock 3056, 4651861 Araucanía, Angol, Araucanía, Chile to Cauquenes, Chile",,1.59640097618106,72.40709867148172,-72.160,-36.626
"Directions from Dilman Bullock 3056, 4651861 Araucanía, Angol, Araucanía, Chile to Cauquenes, Chile",,1.59702395290614,74.17080187882594,-72.159,-36.626
"Directions from Dilman Bullock 3056, 4651861 Araucanía, Angol, Araucanía, Chile to Cauquenes, Chile",,1.60117935902348,78.14154686792212,-72.155,-36.625
"Directions from Dilman Bullock 3056, 4651861 Araucanía, Angol, Araucanía, Chile to Cauquenes, Chile",,1.60139313460674,80.54279988943334,-72.155,-36.625
"Directions from Dilman Bullock 3056, 4651861 Araucanía, Angol, Araucanía, Chile to Cauquenes, Chile",,1.60195882003170,83.69264581823268,-72.154,-36.624
"Directions from Dilman Bullock 3056, 4651861 Araucanía, Angol, Araucanía, Chile to Cauquenes, Chile",,1.60298195247669,86.16778193523764,-72.153,-36.624
"Directions from Dilman Bullock 3056, 4651861 Araucanía, Angol, Araucanía, Chile to Cauquenes, Chile",,1.60370306273178,88.41008494013052,-72.153,-36.624
"Directions from Dilman Bullock 3056, 4651861 Araucanía, Angol, Araucanía, Chile to Cauquenes, Chile",,1.60387306273178,87.71303937014667,-72.153,-36.624
"Directions from Dilman Bullock 3056, 4651861 Araucanía, Angol, Araucanía, Chile to Cauquenes, Chile",,1.60437466017994,84.37110731616144,-72.152,-36.624
"Directions from Dilman Bullock 3056, 4651861 Araucanía, Angol, Araucanía, Chile to Cauquenes, Chile",,1.60566341927302,84.72726424117651,-72.151,-36.624
"Directions from Dilman Bullock 3056, 4651861 Araucanía, Angol, Araucanía, Chile to Cauquenes, Chile",,1.60967252141689,88.06919629516170,-72.147,-36.624
"Directions from Dilman Bullock 3056, 4651861 Araucanía, Angol, Araucanía, Chile to Cauquenes, Chile",,1.60974252141689,88.30683283556270,-72.147,-36.624
"Directions from Dilman Bullock 3056, 4651861 Araucanía, Angol, Araucanía, Chile to Cauquenes, Chile",,1.61143547741160,85.87457561677392,-72.145,-36.624
"Directions from Dilman Bullock 3056, 4651861 Araucanía, Angol, Araucanía, Chile to Cauquenes, Chile",,1.61237887552481,83.57307939778542,-72.144,-36.624
"Directions from Dilman Bullock 3056, 4651861 Araucanía, Angol, Araucanía, Chile to Cauquenes, Chile",,1.61295446218205,86.00533661657423,-72.143,-36.624
"Directions from Dilman Bullock 3056, 4651861 Araucanía, Angol, Araucanía, Chile to Cauquenes, Chile",,1.61297446218206,83.45405346798321,-72.143,-36.624
"Directions from Dilman Bullock 3056, 4651861 Araucanía, Angol, Araucanía, Chile to Cauquenes, Chile",,1.61341593698314,75.65764799809475,-72.143,-36.624
"Directions from Dilman Bullock 3056, 4651861 Araucanía, Angol, Araucanía, Chile to Cauquenes, Chile",,1.61386236726885,72.93374743530610,-72.143,-36.623
"Directions from Dilman Bullock 3056, 4651861 Araucanía, Angol, Araucanía, Chile to Cauquenes, Chile",,1.61559213603953,72.38053078726411,-72.141,-36.623
"Directions from Dilman Bullock 3056, 4651861 Araucanía, Angol, Araucanía, Chile to Cauquenes, Chile",,1.61580094216970,71.99220147255630,-72.141,-36.623
"Directions from Dilman Bullock 3056, 4651861 Araucanía, Angol, Araucanía, Chile to Cauquenes, Chile",,1.61682880402813,74.68685735034512,-72.140,-36.622
"Directions from Dilman Bullock 3056, 4651861 Araucanía, Angol, Araucanía, Chile to Cauquenes, Chile",,1.61687979422326,75.03718775626062,-72.140,-36.622
"Directions from Dilman Bullock 3056, 4651861 Araucanía, Angol, Araucanía, Chile to Cauquenes, Chile",,1.61888468823542,75.03718775782642,-72.138,-36.622
"Directions from Dilman Bullock 3056, 4651861 Araucanía, Angol, Araucanía, Chile to Cauquenes, Chile",,1.61893567843056,76.37233581057860,-72.138,-36.622
"Directions from Dilman Bullock 3056, 4651861 Araucanía, Angol, Araucanía, Chile to Cauquenes, Chile",,1.61900847952945,77.20853299266086,-72.138,-36.622
"Directions from Dilman Bullock 3056, 4651861 Araucanía, Angol, Araucanía, Chile to Cauquenes, Chile",,1.61954606673167,86.48251204509202,-72.137,-36.622
"Directions from Dilman Bullock 3056, 4651861 Araucanía, Angol, Araucanía, Chile to Cauquenes, Chile",,1.61976629388714,91.30128110158566,-72.137,-36.622
"Directions from Dilman Bullock 3056, 4651861 Araucanía, Angol, Araucanía, Chile to Cauquenes, Chile",,1.62003629388714,48.56250817037980,-72.137,-36.622
"Directions from Dilman Bullock 3056, 4651861 Araucanía, Angol, Araucanía, Chile to Cauquenes, Chile",,1.62011691646463,11.19006752253501,-72.137,-36.622
"Directions from Dilman Bullock 3056, 4651861 Araucanía, Angol, Araucanía, Chile to Cauquenes, Chile",,1.62034495154965,20.91008494069421,-72.137,-36.621
"Directions from Dilman Bullock 3056, 4651861 Araucanía, Angol, Araucanía, Chile to Cauquenes, Chile",,1.62045675494853,22.35531491823299,-72.137,-36.621
"Directions from Dilman Bullock 3056, 4651861 Araucanía, Angol, Araucanía, Chile to Cauquenes, Chile",,1.62170903287294,19.08076913121050,-72.136,-36.620
"Directions from Dilman Bullock 3056, 4651861 Araucanía, Angol, Araucanía, Chile to Cauquenes, Chile",,1.62319903287295,21.53363025936293,-72.136,-36.619
"Directions from Dilman Bullock 3056, 4651861 Araucanía, Angol, Araucanía, Chile to Cauquenes, Chile",,1.62370981658451,21.87337582549382,-72.135,-36.618
"Directions from Dilman Bullock 3056, 4651861 Araucanía, Angol, Araucanía, Chile to Cauquenes, Chile",,1.62419085712335,21.94702062420829,-72.135,-36.618
"Directions from Dilman Bullock 3056, 4651861 Araucanía, Angol, Araucanía, Chile to Cauquenes, Chile",,1.62449548804758,18.61741699172152,-72.135,-36.618
"Directions from Dilman Bullock 3056, 4651861 Araucanía, Angol, Araucanía, Chile to Cauquenes, Chile",,1.62453671910384,20.30064731962850,-72.135,-36.617
"Directions from Dilman Bullock 3056, 4651861 Araucanía, Angol, Araucanía, Chile to Cauquenes, Chile",,1.62458144046339,29.79445936225889,-72.135,-36.617
"Directions from Dilman Bullock 3056, 4651861 Araucanía, Angol, Araucanía, Chile to Cauquenes, Chile",,1.62481997767222,48.22940819739422,-72.135,-36.617
"Directions from Dilman Bullock 3056, 4651861 Araucanía, Angol, Araucanía, Chile to Cauquenes, Chile",,1.62484233835200,52.17466602899580,-72.135,-36.617
"Directions from Dilman Bullock 3056, 4651861 Araucanía, Angol, Araucanía, Chile to Cauquenes, Chile",,1.62504083268442,42.95719160939260,-72.135,-36.617
"Directions from Dilman Bullock 3056, 4651861 Araucanía, Angol, Araucanía, Chile to Cauquenes, Chile",,1.62509740122691,50.30982763846164,-72.135,-36.617
"Directions from Dilman Bullock 3056, 4651861 Araucanía, Angol, Araucanía, Chile to Cauquenes, Chile",,1.62532761851558,58.98683995641120,-72.135,-36.617
"Directions from Dilman Bullock 3056, 4651861 Araucanía, Angol, Araucanía, Chile to Cauquenes, Chile",,1.62556468390739,64.57771706134481,-72.134,-36.617
"Directions from Dilman Bullock 3056, 4651861 Araucanía, Angol, Araucanía, Chile to Cauquenes, Chile",,1.62617394575587,67.50000000001880,-72.134,-36.617
"Directions from Dilman Bullock 3056, 4651861 Araucanía, Angol, Araucanía, Chile to Cauquenes, Chile",,1.62730483036536,70.27423314650572,-72.133,-36.616
"Directions from Dilman Bullock 3056, 4651861 Araucanía, Angol, Araucanía, Chile to Cauquenes, Chile",,1.62753569829297,81.17493788988217,-72.133,-36.616
"Directions from Dilman Bullock 3056, 4651861 Araucanía, Angol, Araucanía, Chile to Cauquenes, Chile",,1.62754569829298,82.98187826683504,-72.133,-36.616
"Directions from Dilman Bullock 3056, 4651861 Araucanía, Angol, Araucanía, Chile to Cauquenes, Chile",,1.62766939146174,82.98187826683504,-72.132,-36.616
"Directions from Dilman Bullock 3056, 4651861 Araucanía, Angol, Araucanía, Chile to Cauquenes, Chile",,1.62768939146175,76.71747440331880,-72.132,-36.616
"Directions from Dilman Bullock 3056, 4651861 Araucanía, Angol, Araucanía, Chile to Cauquenes, Chile",,1.62771175214152,73.86217783577823,-72.132,-36.616
"Directions from Dilman Bullock 3056, 4651861 Araucanía, Angol, Araucanía, Chile to Cauquenes, Chile",,1.62781225089773,87.14470343245942,-72.132,-36.616
"Directions from Dilman Bullock 3056, 4651861 Araucanía, Angol, Araucanía, Chile to Cauquenes, Chile",,1.62798225089773,91.68323033094281,-72.132,-36.616
"Directions from Dilman Bullock 3056, 4651861 Araucanía, Angol, Araucanía, Chile to Cauquenes, Chile",,1.62815254476140,96.57443384712847,-72.132,-36.616
"Directions from Dilman Bullock 3056, 4651861 Araucanía, Angol, Araucanía, Chile to Cauquenes, Chile",,1.62844682354078,101.79094621432537,-72.132,-36.616
"Directions from Dilman Bullock 3056, 4651861 Araucanía, Angol, Araucanía, Chile to Cauquenes, Chile",,1.62903376476441,100.06983857059817,-72.131,-36.616
"Directions from Dilman Bullock 3056, 4651861 Araucanía, Angol, Araucanía, Chile to Cauquenes, Chile",,1.62930542631856,90.31479930491793,-72.131,-36.616
"Directions from Dilman Bullock 3056, 4651861 Araucanía, Angol, Araucanía, Chile to Cauquenes, Chile",,1.62940592507477,81.09732489355618,-72.131,-36.616
"Directions from Dilman Bullock 3056, 4651861 Araucanía, Angol, Araucanía, Chile to Cauquenes, Chile",,1.62954910328540,73.05191671862278,-72.131,-36.616
"Directions from Dilman Bullock 3056, 4651861 Araucanía, Angol, Araucanía, Chile to Cauquenes, Chile",,1.62960295493348,71.12659730668052,-72.131,-36.616
"Directions from Dilman Bullock 3056, 4651861 Araucanía, Angol, Araucanía, Chile to Cauquenes, Chile",,1.62967575603236,68.74477646061550,-72.131,-36.616
"Directions from Dilman Bullock 3056, 4651861 Araucanía, Angol, Araucanía, Chile to Cauquenes, Chile",,1.62974283807169,76.71747441146103,-72.130,-36.616
"Directions from Dilman Bullock 3056, 4651861 Araucanía, Angol, Araucanía, Chile to Cauquenes, Chile",,1.62975283807170,75.12755935215522,-72.130,-36.616
"Directions from Dilman Bullock 3056, 4651861 Araucanía, Angol, Araucanía, Chile to Cauquenes, Chile",,1.62991408322666,68.86315549781894,-72.130,-36.616
"Directions from Dilman Bullock 3056, 4651861 Araucanía, Angol, Araucanía, Chile to Cauquenes, Chile",,1.63000627867124,64.73622992381885,-72.130,-36.616
"Directions from Dilman Bullock 3056, 4651861 Araucanía, Angol, Araucanía, Chile to Cauquenes, Chile",,1.63041235748131,54.15560001673106,-72.130,-36.616
"Directions from Dilman Bullock 3056, 4651861 Araucanía, Angol, Araucanía, Chile to Cauquenes, Chile",,1.63048446850682,50.65496623518334,-72.130,-36.616
"Directions from Dilman Bullock 3056, 4651861 Araucanía, Angol, Araucanía, Chile to Cauquenes, Chile",,1.63052689491369,48.84802585817058,-72.130,-36.616
"Directions from Dilman Bullock 3056, 4651861 Araucanía, Angol, Araucanía, Chile to Cauquenes, Chile",,1.63079090248935,49.54661637494510,-72.130,-36.616
"Directions from Dilman Bullock 3056, 4651861 Araucanía, Angol, Araucanía, Chile to Cauquenes, Chile",,1.63108090248935,48.63339073506524,-72.129,-36.615
"Directions from Dilman Bullock 3056, 4651861 Araucanía, Angol, Araucanía, Chile to Cauquenes, Chile",,1.63184149436414,49.17957668222200,-72.129,-36.615
"Directions from Dilman Bullock 3056, 4651861 Araucanía, Angol, Araucanía, Chile to Cauquenes, Chile",,1.63200428257010,49.41487233200422,-72.129,-36.615
"Directions from Dilman Bullock 3056, 4651861 Araucanía, Angol, Araucanía, Chile to Cauquenes, Chile",,1.63206831381248,47.10954767316270,-72.129,-36.615
"Directions from Dilman Bullock 3056, 4651861 Araucanía, Angol, Araucanía, Chile to Cauquenes, Chile",,1.63245041327596,41.15335289983521,-72.128,-36.614
"Directions from Dilman Bullock 3056, 4651861 Araucanía, Angol, Araucanía, Chile to Cauquenes, Chile",,1.63303299374251,40.56927975884925,-72.128,-36.614
"Directions from Dilman Bullock 3056, 4651861 Araucanía, Angol, Araucanía, Chile to Cauquenes, Chile",,1.63364919176264,40.26107067932986,-72.128,-36.614
"Directions from Dilman Bullock 3056, 4651861 Araucanía, Angol, Araucanía, Chile to Cauquenes, Chile",,1.63423953064836,37.17453091102989,-72.127,-36.613
"Directions from Dilman Bullock 3056, 4651861 Araucanía, Angol, Araucanía, Chile to Cauquenes, Chile",,1.63432555390102,37.95110717934396,-72.127,-36.613
"Directions from Dilman Bullock 3056, 4651861 Araucanía, Angol, Araucanía, Chile to Cauquenes, Chile",,1.63485053009097,37.02730205054896,-72.127,-36.613
"Directions from Dilman Bullock 3056, 4651861 Araucanía, Angol, Araucanía, Chile to Cauquenes, Chile",,1.63503080765474,35.27998258649422,-72.127,-36.612
"Directions from Dilman Bullock 3056, 4651861 Araucanía, Angol, Araucanía, Chile to Cauquenes, Chile",,1.63688080765474,38.96235570843149,-72.126,-36.611
"Directions from Dilman Bullock 3056, 4651861 Araucanía, Angol, Araucanía, Chile to Cauquenes, Chile",,1.63729190375056,37.78166837893775,-72.125,-36.611
"Directions from Dilman Bullock 3056, 4651861 Araucanía, Angol, Araucanía, Chile to Cauquenes, Chile",,1.63787439838573,37.88856299411056,-72.125,-36.610
"Directions from Dilman Bullock 3056, 4651861 Araucanía, Angol, Araucanía, Chile to Cauquenes, Chile",,1.63852631862625,29.85177590913399,-72.125,-36.610
"Directions from Dilman Bullock 3056, 4651861 Araucanía, Angol, Araucanía, Chile to Cauquenes, Chile",,1.63858956417945,22.50000000101778,-72.125,-36.610
"Directions from Dilman Bullock 3056, 4651861 Araucanía, Angol, Araucanía, Chile to Cauquenes, Chile",,1.63863428553900,32.61242971866220,-72.125,-36.610
"Directions from Dilman Bullock 3056, 4651861 Araucanía, Angol, Araucanía, Chile to Cauquenes, Chile",,1.63876234802375,36.17493788852005,-72.124,-36.610
"Directions from Dilman Bullock 3056, 4651861 Araucanía, Angol, Araucanía, Chile to Cauquenes, Chile",,1.63897868110028,35.75641083710642,-72.124,-36.609
"Directions from Dilman Bullock 3056, 4651861 Araucanía, Angol, Araucanía, Chile to Cauquenes, Chile",,1.63994081414721,59.58997578463428,-72.124,-36.609
"Directions from Dilman Bullock 3056, 4651861 Araucanía, Angol, Araucanía, Chile to Cauquenes, Chile",,1.64246952923594,80.80430158913740,-72.121,-36.608
"Directions from Dilman Bullock 3056, 4651861 Araucanía, Angol, Araucanía, Chile to Cauquenes, Chile",,1.64477278779721,85.12570287914160,-72.119,-36.608
"Directions from Dilman Bullock 3056, 4651861 Araucanía, Angol, Araucanía, Chile to Cauquenes, Chile",,1.64478278779721,85.06709652853252,-72.119,-36.608
"Directions from Dilman Bullock 3056, 4651861 Araucanía, Angol, Araucanía, Chile to Cauquenes, Chile",,1.64524969249840,80.94928686644846,-72.119,-36.608
"Directions from Dilman Bullock 3056, 4651861 Araucanía, Angol, Araucanía, Chile to Cauquenes, Chile",,1.64601761176499,81.13056645900836,-72.118,-36.608
"Directions from Dilman Bullock 3056, 4651861 Araucanía, Angol, Araucanía, Chile to Cauquenes, Chile",,1.64831919817441,82.52821010563538,-72.115,-36.607
"Directions from Dilman Bullock 3056, 4651861 Araucanía, Angol, Araucanía, Chile to Cauquenes, Chile",,1.64853014840551,87.27983398454300,-72.115,-36.607
"Directions from Dilman Bullock 3056, 4651861 Araucanía, Angol, Araucanía, Chile to Cauquenes, Chile",,1.64866014840550,93.56250817445093,-72.115,-36.607
"Directions from Dilman Bullock 3056, 4651861 Araucanía, Angol, Araucanía, Chile to Cauquenes, Chile",,1.64882139356046,99.82691202878718,-72.115,-36.607
"Directions from Dilman Bullock 3056, 4651861 Araucanía, Angol, Araucanía, Chile to Cauquenes, Chile",,1.64919017533876,106.96430892026783,-72.115,-36.607
"Directions from Dilman Bullock 3056, 4651861 Araucanía, Angol, Araucanía, Chile to Cauquenes, Chile",,1.64998497090996,108.23414914584612,-72.114,-36.608
"Directions from Dilman Bullock 3056, 4651861 Araucanía, Angol, Araucanía, Chile to Cauquenes, Chile",,1.65025422915032,120.03424407821829,-72.114,-36.608
"Directions from Dilman Bullock 3056, 4651861 Araucanía, Angol, Araucanía, Chile to Cauquenes, Chile",,1.65033908196406,119.28521719113604,-72.114,-36.608
"Directions from Dilman Bullock 3056, 4651861 Araucanía, Angol, Araucanía, Chile to Cauquenes, Chile",,1.65063741064186,149.41277654303028,-72.113,-36.608
"Directions from Dilman Bullock 3056, 4651861 Araucanía, Angol, Araucanía, Chile to Cauquenes, Chile",,1.65086544572688,198.09888462566565,-72.113,-36.608
"Directions from Dilman Bullock 3056, 4651861 Araucanía, Angol, Araucanía, Chile to Cauquenes, Chile",,1.65173274037116,152.39703478234139,-72.114,-36.609
"Directions from Dilman Bullock 3056, 4651861 Araucanía, Angol, Araucanía, Chile to Cauquenes, Chile",,1.65398833341958,105.71133889630212,-72.111,-36.609
"Directions from Dilman Bullock 3056, 4651861 Araucanía, Angol, Araucanía, Chile to Cauquenes, Chile",,1.65461769817867,106.31987346878147,-72.111,-36.610
"Directions from Dilman Bullock 3056, 4651861 Araucanía, Angol, Araucanía, Chile to Cauquenes, Chile",,1.65515621465939,63.76001730717208,-72.110,-36.610
"Directions from Dilman Bullock 3056, 4651861 Araucanía, Angol, Araucanía, Chile to Cauquenes, Chile",,1.65646545107806,21.05268525684571,-72.110,-36.608
"Directions from Dilman Bullock 3056, 4651861 Araucanía, Angol, Araucanía, Chile to Cauquenes, Chile",,1.65780339726532,20.81416602478958,-72.109,-36.607
"Directions from Dilman Bullock 3056, 4651861 Araucanía, Angol, Araucanía, Chile to Cauquenes, Chile",,1.65841805163975,20.73031878206858,-72.109,-36.607
"Directions from Dilman Bullock 3056, 4651861 Araucanía, Angol, Araucanía, Chile to Cauquenes, Chile",,1.65910754420679,20.12222692225482,-72.109,-36.606
"Directions from Dilman Bullock 3056, 4651861 Araucanía, Angol, Araucanía, Chile to Cauquenes, Chile",,1.66043362866866,59.17648382033376,-72.108,-36.605
"Directions from Dilman Bullock 3056, 4651861 Araucanía, Angol, Araucanía, Chile to Cauquenes, Chile",,1.66058495612815,100.41758164166679,-72.108,-36.605
"Directions from Dilman Bullock 3056, 4651861 Araucanía, Angol, Araucanía, Chile to Cauquenes, Chile",,1.66110888360405,104.03349994244353,-72.108,-36.605
"Directions from Dilman Bullock 3056, 4651861 Araucanía, Angol, Araucanía, Chile to Cauquenes, Chile",,1.66181230381986,106.63071439743661,-72.107,-36.605
"Directions from Dilman Bullock 3056, 4651861 Araucanía, Angol, Araucanía, Chile to Cauquenes, Chile",,1.66197041770286,105.31179101325608,-72.107,-36.605
"Directions from Dilman Bullock 3056, 4651861 Araucanía, Angol, Araucanía, Chile to Cauquenes, Chile",,1.66324924529092,103.14926079513666,-72.106,-36.605
"Directions from Dilman Bullock 3056, 4651861 Araucanía, Angol, Araucanía, Chile to Cauquenes, Chile",,1.66513617401242,102.49770772067212,-72.104,-36.606
"Directions from Dilman Bullock 3056, 4651861 Araucanía, Angol, Araucanía, Chile to Cauquenes, Chile",,1.66540093805832,102.29391360565825,-72.104,-36.606
"Directions from Dilman Bullock 3056, 4651861 Araucanía, Angol, Araucanía, Chile to Cauquenes, Chile",,1.66831384039104,61.44065409232192,-72.101,-36.607
"Directions from Dilman Bullock 3056, 4651861 Araucanía, Angol, Araucanía, Chile to Cauquenes, Chile",,1.66953141995724,20.15186358605459,-72.100,-36.605
"Directions from Dilman Bullock 3056, 4651861 Araucanía, Angol, Araucanía, Chile to Cauquenes, Chile",,1.67094651712704,20.66416715701118,-72.100,-36.604
"Directions from Dilman Bullock 3056, 4651861 Araucanía, Angol, Araucanía, Chile to Cauquenes, Chile",,1.67494237748496,18.65317206844268,-72.099,-36.600
"Directions from Dilman Bullock 3056, 4651861 Araucanía, Angol, Araucanía, Chile to Cauquenes, Chile",,1.67507839219005,330.17998390762313,-72.098,-36.600
"Directions from Dilman Bullock 3056, 4651861 Araucanía, Angol, Araucanía, Chile to Cauquenes, Chile",,1.67704068676528,285.17998390762313,-72.100,-36.600
"Directions from Dilman Bullock 3056, 4651861 Araucanía, Angol, Araucanía, Chile to Cauquenes, Chile",,1.67717670147037,285.78651153410078,-72.101,-36.600
"Directions from Dilman Bullock 3056, 4651861 Araucanía, Angol, Araucanía, Chile to Cauquenes, Chile",,1.67749685768224,283.22321327200365,-72.101,-36.600
"Directions from Dilman Bullock 3056, 4651861 Araucanía, Angol, Araucanía, Chile to Cauquenes, Chile",,1.67817154279397,328.00618795317877,-72.101,-36.600
"Directions from Dilman Bullock 3056, 4651861 Araucanía, Angol, Araucanía, Chile to Cauquenes, Chile",,1.67825400490648,3.84802585702186,-72.101,-36.599
"Directions from Dilman Bullock 3056, 4651861 Araucanía, Angol, Araucanía, Chile to Cauquenes, Chile",,1.67834455875787,351.10938219174045,-72.101,-36.599
"Directions from Dilman Bullock 3056, 4651861 Araucanía, Angol, Araucanía, Chile to Cauquenes, Chile",,1.67920158851231,351.10938219322986,-72.102,-36.599
"Directions from Dilman Bullock 3056, 4651861 Araucanía, Angol, Araucanía, Chile to Cauquenes, Chile",,1.67947325006645,355.96205183279716,-72.102,-36.598
"Directions from Dilman Bullock 3056, 4651861 Araucanía, Angol, Araucanía, Chile to Cauquenes, Chile",,1.67980340154683,355.09626952195936,-72.102,-36.598
"Directions from Dilman Bullock 3056, 4651861 Araucanía, Angol, Araucanía, Chile to Cauquenes, Chile",,1.68258091842347,349.30185618574495,-72.102,-36.595
"Directions from Dilman Bullock 3056, 4651861 Araucanía, Angol, Araucanía, Chile to Cauquenes, Chile",,1.68297143090726,351.24527630681933,-72.102,-36.595
"Directions from Dilman Bullock 3056, 4651861 Araucanía, Angol, Araucanía, Chile to Cauquenes, Chile",,1.68338252700309,351.64313808128651,-72.102,-36.594
"Directions from Dilman Bullock 3056, 4651861 Araucanía, Angol, Araucanía, Chile to Cauquenes, Chile",,1.68356691789223,348.58317290934252,-72.102,-36.594
"Directions from Dilman Bullock 3056, 4651861 Araucanía, Angol, Araucanía, Chile to Cauquenes, Chile",,1.68423773828549,351.33932589356755,-72.102,-36.594
"Directions from Dilman Bullock 3056, 4651861 Araucanía, Angol, Araucanía, Chile to Cauquenes, Chile",,1.68489264285868,351.42941329993386,-72.102,-36.593
"Directions from Dilman Bullock 3056, 4651861 Araucanía, Angol, Araucanía, Chile to Cauquenes, Chile",,1.68517707211175,352.91880886178762,-72.102,-36.593
"Directions from Dilman Bullock 3056, 4651861 Araucanía, Angol, Araucanía, Chile to Cauquenes, Chile",,1.68688130214317,358.25659667889158,-72.103,-36.591
"Directions from Dilman Bullock 3056, 4651861 Araucanía, Angol, Araucanía, Chile to Cauquenes, Chile",,1.68792135021899,2.87266644400608,-72.103,-36.590
"Directions from Dilman Bullock 3056, 4651861 Araucanía, Angol, Araucanía, Chile to Cauquenes, Chile",,1.68803180382916,0.62462134095375,-72.103,-36.590
"Directions from Dilman Bullock 3056, 4651861 Araucanía, Angol, Araucanía, Chile to Cauquenes, Chile",,1.68832249266623,354.67248848126206,-72.103,-36.589
"Directions from Dilman Bullock 3056, 4651861 Araucanía, Angol, Araucanía, Chile to Cauquenes, Chile",,1.68849366509392,350.38067774067378,-72.103,-36.589
"Directions from Dilman Bullock 3056, 4651861 Araucanía, Angol, Araucanía, Chile to Cauquenes, Chile",,1.68867805598306,1.04603313965531,-72.103,-36.589
"Directions from Dilman Bullock 3056, 4651861 Araucanía, Angol, Araucanía, Chile to Cauquenes, Chile",,1.68915345055603,11.79675030292519,-72.103,-36.589
"Directions from Dilman Bullock 3056, 4651861 Araucanía, Angol, Araucanía, Chile to Cauquenes, Chile",,1.68934580439664,4.48631330893359,-72.103,-36.588
"Directions from Dilman Bullock 3056, 4651861 Araucanía, Angol, Araucanía, Chile to Cauquenes, Chile",,1.68938580439664,2.98224355036640,-72.103,-36.588
"Directions from Dilman Bullock 3056, 4651861 Araucanía, Angol, Araucanía, Chile to Cauquenes, Chile",,1.69005945118836,4.94136798245330,-72.102,-36.588
"Directions from Dilman Bullock 3056, 4651861 Araucanía, Angol, Araucanía, Chile to Cauquenes, Chile",,1.69079116151356,3.35170764314825,-72.102,-36.587
"Directions from Dilman Bullock 3056, 4651861 Araucanía, Angol, Araucanía, Chile to Cauquenes, Chile",,1.69264334940900,3.77440405661159,-72.102,-36.585
"Directions from Dilman Bullock 3056, 4651861 Araucanía, Angol, Araucanía, Chile to Cauquenes, Chile",,1.69336584508373,3.82100559541982,-72.102,-36.584
"Directions from Dilman Bullock 3056, 4651861 Araucanía, Angol, Araucanía, Chile to Cauquenes, Chile",,1.69515810622541,5.76545564507903,-72.102,-36.583
"Directions from Dilman Bullock 3056, 4651861 Araucanía, Angol, Araucanía, Chile to Cauquenes, Chile",,1.69562340183037,10.94653085240264,-72.102,-36.582
"Directions from Dilman Bullock 3056, 4651861 Araucanía, Angol, Araucanía, Chile to Cauquenes, Chile",,1.69579804432234,14.77718617012268,-72.102,-36.582
"Directions from Dilman Bullock 3056, 4651861 Araucanía, Angol, Araucanía, Chile to Cauquenes, Chile",,1.69622524450960,17.39328518975425,-72.102,-36.582
"Directions from Dilman Bullock 3056, 4651861 Araucanía, Angol, Araucanía, Chile to Cauquenes, Chile",,1.70581959701512,19.75511448722729,-72.099,-36.573
"Directions from Dilman Bullock 3056, 4651861 Araucanía, Angol, Araucanía, Chile to Cauquenes, Chile",,1.70595888089789,19.05573852551410,-72.099,-36.572
"Directions from Dilman Bullock 3056, 4651861 Araucanía, Angol, Araucanía, Chile to Cauquenes, Chile",,1.70742342860965,17.62972139446660,-72.098,-36.571
"Directions from Dilman Bullock 3056, 4651861 Araucanía, Angol, Araucanía, Chile to Cauquenes, Chile",,1.70960225857088,21.07398286622446,-72.098,-36.569
"Directions from Dilman Bullock 3056, 4651861 Araucanía, Angol, Araucanía, Chile to Cauquenes, Chile",,1.70970074714890,20.99262252757825,-72.098,-36.569
"Directions from Dilman Bullock 3056, 4651861 Araucanía, Angol, Araucanía, Chile to Cauquenes, Chile",,1.71409642684605,18.73139545471344,-72.096,-36.565
"Directions from Dilman Bullock 3056, 4651861 Araucanía, Angol, Araucanía, Chile to Cauquenes, Chile",,1.71463725953738,20.40532854890977,-72.096,-36.564
"Directions from Dilman Bullock 3056, 4651861 Araucanía, Angol, Araucanía, Chile to Cauquenes, Chile",,1.71488424131808,18.74202025135703,-72.096,-36.564
"Directions from Dilman Bullock 3056, 4651861 Araucanía, Angol, Araucanía, Chile to Cauquenes, Chile",,1.71535264285522,24.90174288257338,-72.096,-36.563
"Directions from Dilman Bullock 3056, 4651861 Araucanía, Angol, Araucanía, Chile to Cauquenes, Chile",,1.71538869836799,25.61953488072567,-72.096,-36.563
"Directions from Dilman Bullock 3056, 4651861 Araucanía, Angol, Araucanía, Chile to Cauquenes, Chile",,1.71661580879497,18.34856984343732,-72.096,-36.562
"Directions from Dilman Bullock 3056, 4651861 Araucanía, Angol, Araucanía, Chile to Cauquenes, Chile",,1.71737797675545,18.29766294085231,-72.095,-36.562
"Directions from Dilman Bullock 3056, 4651861 Araucanía, Angol, Araucanía, Chile to Cauquenes, Chile",,1.71774485548201,8.72359421201919,-72.095,-36.561
"Directions from Dilman Bullock 3056, 4651861 Araucanía, Angol, Araucanía, Chile to Cauquenes, Chile",,1.71775485548201,9.21747440128323,-72.095,-36.561
"Directions from Dilman Bullock 3056, 4651861 Araucanía, Angol, Araucanía, Chile to Cauquenes, Chile",,1.71778647825861,11.71779670035282,-72.095,-36.561
"Directions from Dilman Bullock 3056, 4651861 Araucanía, Angol, Araucanía, Chile to Cauquenes, Chile",,1.71858953491913,4.43595041506643,-72.095,-36.560
"Directions from Dilman Bullock 3056, 4651861 Araucanía, Angol, Araucanía, Chile to Cauquenes, Chile",,1.72125561818864,1.93562811599684,-72.095,-36.558
"Directions from Dilman Bullock 3056, 4651861 Araucanía, Angol, Araucanía, Chile to Cauquenes, Chile",,1.72136561818865,356.82990412605210,-72.095,-36.558
"Directions from Dilman Bullock 3056, 4651861 Araucanía, Angol, Araucanía, Chile to Cauquenes, Chile",,1.72145617204003,359.08689835523478,-72.095,-36.558
"Directions from Dilman Bullock 3056, 4651861 Araucanía, Angol, Araucanía, Chile to Cauquenes, Chile",,1.72221853678213,2.25699422918274,-72.095,-36.557
"Directions from Dilman Bullock 3056, 4651861 Araucanía, Angol, Araucanía, Chile to Cauquenes, Chile",,1.72231853678213,2.07982114676261,-72.095,-36.557
"Directions from Dilman Bullock 3056, 4651861 Araucanía, Angol, Araucanía, Chile to Cauquenes, Chile",,1.72286998940929,2.07982114676261,-72.095,-36.556
"Directions from Dilman Bullock 3056, 4651861 Araucanía, Angol, Araucanía, Chile to Cauquenes, Chile",,1.72304998940929,357.80064732178380,-72.095,-36.556
"Directions from Dilman Bullock 3056, 4651861 Araucanía, Angol, Araucanía, Chile to Cauquenes, Chile",,1.72318037345739,349.45102520572078,-72.095,-36.556
"Directions from Dilman Bullock 3056, 4651861 Araucanía, Angol, Araucanía, Chile to Cauquenes, Chile",,1.72328477652248,351.65037788393687,-72.095,-36.556
"Directions from Dilman Bullock 3056, 4651861 Araucanía, Angol, Araucanía, Chile to Cauquenes, Chile",,1.72346477652248,3.17009587394791,-72.095,-36.556
"Directions from Dilman Bullock 3056, 4651861 Araucanía, Angol, Araucanía, Chile to Cauquenes, Chile",,1.72355533037386,13.44811848178774,-72.095,-36.555
"Directions from Dilman Bullock 3056, 4651861 Araucanía, Angol, Araucanía, Chile to Cauquenes, Chile",,1.72364077041132,12.18506002561548,-72.095,-36.555
"Directions from Dilman Bullock 3056, 4651861 Araucanía, Angol, Araucanía, Chile to Cauquenes, Chile",,1.72379110337510,13.40833571444690,-72.095,-36.555
"Directions from Dilman Bullock 3056, 4651861 Araucanía, Angol, Araucanía, Chile to Cauquenes, Chile",,1.72494266752876,21.49285155732407,-72.094,-36.554
"Directions from Dilman Bullock 3056, 4651861 Araucanía, Angol, Araucanía, Chile to Cauquenes, Chile",,1.72517676152697,26.83658702051110,-72.094,-36.554
"Directions from Dilman Bullock 3056, 4651861 Araucanía, Angol, Araucanía, Chile to Cauquenes, Chile",,1.72521281703972,27.56061739804880,-72.094,-36.554
"Directions from Dilman Bullock 3056, 4651861 Araucanía, Angol, Araucanía, Chile to Cauquenes, Chile",,1.72636229518219,20.82071824578756,-72.094,-36.553
"Directions from Dilman Bullock 3056, 4651861 Araucanía, Angol, Araucanía, Chile to Cauquenes, Chile",,1.72830170230809,19.81604154662701,-72.093,-36.551
"Directions from Dilman Bullock 3056, 4651861 Araucanía, Angol, Araucanía, Chile to Cauquenes, Chile",,1.73179021201855,18.23938972733129,-72.092,-36.548
"Directions from Dilman Bullock 3056, 4651861 Araucanía, Angol, Araucanía, Chile to Cauquenes, Chile",,1.73271070101903,20.91605307371024,-72.092,-36.547
"Directions from Dilman Bullock 3056, 4651861 Araucanía, Angol, Araucanía, Chile to Cauquenes, Chile",,1.73285387922966,21.87277418954554,-72.092,-36.547
"Directions from Dilman Bullock 3056, 4651861 Araucanía, Angol, Araucanía, Chile to Cauquenes, Chile",,1.73353063620230,20.67527142939371,-72.091,-36.546
"Directions from Dilman Bullock 3056, 4651861 Araucanía, Angol, Araucanía, Chile to Cauquenes, Chile",,1.73371448396540,21.05641227522612,-72.091,-36.546
"Directions from Dilman Bullock 3056, 4651861 Araucanía, Angol, Araucanía, Chile to Cauquenes, Chile",,1.73469187846099,24.23624239565019,-72.091,-36.545
"Directions from Dilman Bullock 3056, 4651861 Araucanía, Angol, Araucanía, Chile to Cauquenes, Chile",,1.73504543185158,30.28362093405267,-72.091,-36.545
"Directions from Dilman Bullock 3056, 4651861 Araucanía, Angol, Araucanía, Chile to Cauquenes, Chile",,1.73538675281489,34.69801930339062,-72.091,-36.544
"Directions from Dilman Bullock 3056, 4651861 Araucanía, Angol, Araucanía, Chile to Cauquenes, Chile",,1.73555076500956,28.00177042851569,-72.091,-36.544
"Directions from Dilman Bullock 3056, 4651861 Araucanía, Angol, Araucanía, Chile to Cauquenes, Chile",,1.73558238778617,27.34439328145415,-72.091,-36.544
"Directions from Dilman Bullock 3056, 4651861 Araucanía, Angol, Araucanía, Chile to Cauquenes, Chile",,1.73576839853854,39.59190354135441,-72.090,-36.544
"Directions from Dilman Bullock 3056, 4651861 Araucanía, Angol, Araucanía, Chile to Cauquenes, Chile",,1.73635568041294,45.87202209066210,-72.090,-36.544
"Directions from Dilman Bullock 3056, 4651861 Araucanía, Angol, Araucanía, Chile to Cauquenes, Chile",,1.73667458478733,46.90703741581130,-72.090,-36.543
"Directions from Dilman Bullock 3056, 4651861 Araucanía, Angol, Araucanía, Chile to Cauquenes, Chile",,1.73677357973669,47.69998671035038,-72.090,-36.543
"Directions from Dilman Bullock 3056, 4651861 Araucanía, Angol, Araucanía, Chile to Cauquenes, Chile",,1.73820120013442,49.79244477437964,-72.089,-36.542
"Directions from Dilman Bullock 3056, 4651861 Araucanía, Angol, Araucanía, Chile to Cauquenes, Chile",,1.73907326664564,50.26255393540610,-72.088,-36.542
"Directions from Dilman Bullock 3056, 4651861 Araucanía, Angol, Araucanía, Chile to Cauquenes, Chile",,1.73958551658464,49.78994602099746,-72.088,-36.542
"Directions from Dilman Bullock 3056, 4651861 Araucanía, Angol, Araucanía, Chile to Cauquenes, Chile",,1.73996088307222,49.08945791914352,-72.087,-36.541
"Directions from Dilman Bullock 3056, 4651861 Araucanía, Angol, Araucanía, Chile to Cauquenes, Chile",,1.74111066566036,47.46960777436946,-72.086,-36.541
"Directions from Dilman Bullock 3056, 4651861 Araucanía, Angol, Araucanía, Chile to Cauquenes, Chile",,1.74115309206724,47.28696063314346,-72.086,-36.541
"Directions from Dilman Bullock 3056, 4651861 Araucanía, Angol, Araucanía, Chile to Cauquenes, Chile",,1.74221714093829,52.94192687145842,-72.086,-36.540
"Directions from Dilman Bullock 3056, 4651861 Araucanía, Angol, Araucanía, Chile to Cauquenes, Chile",,1.74225319645105,52.33819657335224,-72.086,-36.540
"Directions from Dilman Bullock 3056, 4651861 Araucanía, Angol, Araucanía, Chile to Cauquenes, Chile",,1.74273486023421,49.09565537005216,-72.085,-36.540
"Directions from Dilman Bullock 3056, 4651861 Araucanía, Angol, Araucanía, Chile to Cauquenes, Chile",,1.74988074716306,52.14358614269534,-72.080,-36.535
"Directions from Dilman Bullock 3056, 4651861 Araucanía, Angol, Araucanía, Chile to Cauquenes, Chile",,1.74996677041572,52.22208528882962,-72.080,-36.535
"Directions from Dilman Bullock 3056, 4651861 Araucanía, Angol, Araucanía, Chile to Cauquenes, Chile",,1.75721370769985,51.15412751474708,-72.074,-36.530
"Directions from Dilman Bullock 3056, 4651861 Araucanía, Angol, Araucanía, Chile to Cauquenes, Chile",,1.75821180589142,55.10070410982206,-72.073,-36.530
"Directions from Dilman Bullock 3056, 4651861 Araucanía, Angol, Araucanía, Chile to Cauquenes, Chile",,1.75922728607339,59.31904289445392,-72.073,-36.529
"Directions from Dilman Bullock 3056, 4651861 Araucanía, Angol, Araucanía, Chile to Cauquenes, Chile",,1.76258503829773,58.53650835028148,-72.070,-36.527
"Directions from Dilman Bullock 3056, 4651861 Araucanía, Angol, Araucanía, Chile to Cauquenes, Chile",,1.76262109381048,65.84452924145272,-72.070,-36.527
"Directions from Dilman Bullock 3056, 4651861 Araucanía, Angol, Araucanía, Chile to Cauquenes, Chile",,1.76285879109696,82.68956300600844,-72.069,-36.527
"Directions from Dilman Bullock 3056, 4651861 Araucanía, Angol, Araucanía, Chile to Cauquenes, Chile",,1.76293879109696,92.85529656955597,-72.069,-36.527
"Directions from Dilman Bullock 3056, 4651861 Araucanía, Angol, Araucanía, Chile to Cauquenes, Chile",,1.76303928985317,105.24286685367407,-72.069,-36.527
"Directions from Dilman Bullock 3056, 4651861 Araucanía, Angol, Araucanía, Chile to Cauquenes, Chile",,1.76318246806380,111.60504468947239,-72.069,-36.527
"Directions from Dilman Bullock 3056, 4651861 Araucanía, Angol, Araucanía, Chile to Cauquenes, Chile",,1.76321409084041,116.06250816938810,-72.069,-36.527
"Directions from Dilman Bullock 3056, 4651861 Araucanía, Angol, Araucanía, Chile to Cauquenes, Chile",,1.76332225737868,130.85142751781234,-72.069,-36.527
"Directions from Dilman Bullock 3056, 4651861 Araucanía, Angol, Araucanía, Chile to Cauquenes, Chile",,1.76345679361914,148.10568900779504,-72.069,-36.528
"Directions from Dilman Bullock 3056, 4651861 Araucanía, Angol, Araucanía, Chile to Cauquenes, Chile",,1.76351064526721,165.92919938006852,-72.069,-36.528
"Directions from Dilman Bullock 3056, 4651861 Araucanía, Angol, Araucanía, Chile to Cauquenes, Chile",,1.76360119911859,176.82990412605210,-72.069,-36.528
"Directions from Dilman Bullock 3056, 4651861 Araucanía, Angol, Araucanía, Chile to Cauquenes, Chile",,1.76363119911860,185.65496623935883,-72.069,-36.528
"Directions from Dilman Bullock 3056, 4651861 Araucanía, Angol, Araucanía, Chile to Cauquenes, Chile",,1.76368218931373,201.89056238286727,-72.069,-36.528
"Directions from Dilman Bullock 3056, 4651861 Araucanía, Angol, Araucanía, Chile to Cauquenes, Chile",,1.76381257336183,218.73559614350845,-72.069,-36.528
"Directions from Dilman Bullock 3056, 4651861 Araucanía, Angol, Araucanía, Chile to Cauquenes, Chile",,1.76386914190433,233.46375653291872,-72.069,-36.528
"Directions from Dilman Bullock 3056, 4651861 Araucanía, Angol, Araucanía, Chile to Cauquenes, Chile",,1.76403914190433,251.23259542780565,-72.069,-36.528
"Directions from Dilman Bullock 3056, 4651861 Araucanía, Angol, Araucanía, Chile to Cauquenes, Chile",,1.76409996952964,263.06948621822727,-72.069,-36.528
"Directions from Dilman Bullock 3056, 4651861 Araucanía, Angol, Araucanía, Chile to Cauquenes, Chile",,1.76423035357774,271.36315549653864,-72.069,-36.528
"Directions from Dilman Bullock 3056, 4651861 Araucanía, Angol, Araucanía, Chile to Cauquenes, Chile",,1.76431097615522,284.87244064794118,-72.069,-36.528
"Directions from Dilman Bullock 3056, 4651861 Araucanía, Angol, Araucanía, Chile to Cauquenes, Chile",,1.76444097615522,297.31262407741229,-72.069,-36.528
"Directions from Dilman Bullock 3056, 4651861 Araucanía, Angol, Araucanía, Chile to Cauquenes, Chile",,1.76453531596655,306.30333892589010,-72.070,-36.528
"Directions from Dilman Bullock 3056, 4651861 Araucanía, Angol, Araucanía, Chile to Cauquenes, Chile",,1.76462751141111,315.75371788034533,-72.070,-36.528
"Directions from Dilman Bullock 3056, 4651861 Araucanía, Angol, Araucanía, Chile to Cauquenes, Chile",,1.76483366669239,318.95433712292481,-72.070,-36.528
"Directions from Dilman Bullock 3056, 4651861 Araucanía, Angol, Araucanía, Chile to Cauquenes, Chile",,1.76584544730103,7.62152652412784,-72.070,-36.527
"Directions from Dilman Bullock 3056, 4651861 Araucanía, Angol, Araucanía, Chile to Cauquenes, Chile",,1.76609242908174,54.21747440952556,-72.070,-36.527
"Directions from Dilman Bullock 3056, 4651861 Araucanía, Angol, Araucanía, Chile to Cauquenes, Chile",,1.76617053157849,52.08352775996638,-72.070,-36.527
"Directions from Dilman Bullock 3056, 4651861 Araucanía, Angol, Araucanía, Chile to Cauquenes, Chile",,1.76630654628358,47.80308297649212,-72.070,-36.527
"Directions from Dilman Bullock 3056, 4651861 Araucanía, Angol, Araucanía, Chile to Cauquenes, Chile",,1.76642696222937,35.34407171764620,-72.070,-36.527
"Directions from Dilman Bullock 3056, 4651861 Araucanía, Angol, Araucanía, Chile to Cauquenes, Chile",,1.76663287483219,348.14471904059303,-72.070,-36.526
"Directions from Dilman Bullock 3056, 4651861 Araucanía, Angol, Araucanía, Chile to Cauquenes, Chile",,1.76757489394029,306.69650971066085,-72.071,-36.526
"Directions from Dilman Bullock 3056, 4651861 Araucanía, Angol, Araucanía, Chile to Cauquenes, Chile",,1.76918501815909,307.22417431632044,-72.072,-36.525
"Directions from Dilman Bullock 3056, 4651861 Araucanía, Angol, Araucanía, Chile to Cauquenes, Chile",,1.76942709252783,305.99011535879794,-72.072,-36.525
"Directions from Dilman Bullock 3056, 4651861 Araucanía, Angol, Araucanía, Chile to Cauquenes, Chile",,1.76953525906609,305.49700790134290,-72.072,-36.525
"Directions from Dilman Bullock 3056, 4651861 Araucanía, Angol, Araucanía, Chile to Cauquenes, Chile",,1.77085529694434,311.15197413887489,-72.073,-36.524
"Directions from Dilman Bullock 3056, 4651861 Araucanía, Angol, Araucanía, Chile to Cauquenes, Chile",,1.77091186548683,307.98187826663542,-72.073,-36.524
"Directions from Dilman Bullock 3056, 4651861 Araucanía, Angol, Araucanía, Chile to Cauquenes, Chile",,1.77097017500578,303.35882189381090,-72.073,-36.524
"Directions from Dilman Bullock 3056, 4651861 Araucanía, Angol, Araucanía, Chile to Cauquenes, Chile",,1.77158629187782,310.37694363056806,-72.074,-36.523
"Directions from Dilman Bullock 3056, 4651861 Araucanía, Angol, Araucanía, Chile to Cauquenes, Chile",,1.77162871828469,308.86761313929941,-72.074,-36.523
"Directions from Dilman Bullock 3056, 4651861 Araucanía, Angol, Araucanía, Chile to Cauquenes, Chile",,1.77179515145446,303.93470966408449,-72.074,-36.523
"Directions from Dilman Bullock 3056, 4651861 Araucanía, Angol, Araucanía, Chile to Cauquenes, Chile",,1.77212530293484,302.43953717727516,-72.074,-36.523
"Directions from Dilman Bullock 3056, 4651861 Araucanía, Angol, Araucanía, Chile to Cauquenes, Chile",,1.77220592551232,302.48123713371092,-72.074,-36.523
"Directions from Dilman Bullock 3056, 4651861 Araucanía, Angol, Araucanía, Chile to Cauquenes, Chile",,1.77241401203278,303.32357929194126,-72.074,-36.523
"Directions from Dilman Bullock 3056, 4651861 Araucanía, Angol, Araucanía, Chile to Cauquenes, Chile",,1.77262496226388,308.21478280732777,-72.075,-36.523
"Directions from Dilman Bullock 3056, 4651861 Araucanía, Angol, Araucanía, Chile to Cauquenes, Chile",,1.77263910439951,306.41204819188096,-72.075,-36.523
"Directions from Dilman Bullock 3056, 4651861 Araucanía, Angol, Araucanía, Chile to Cauquenes, Chile",,1.77304616704825,299.39392645701963,-72.075,-36.523
"Directions from Dilman Bullock 3056, 4651861 Araucanía, Angol, Araucanía, Chile to Cauquenes, Chile",,1.77316278608615,299.23787957721731,-72.075,-36.523
"Directions from Dilman Bullock 3056, 4651861 Araucanía, Angol, Araucanía, Chile to Cauquenes, Chile",,1.77370398845125,296.35656313493149,-72.076,-36.522
"Directions from Dilman Bullock 3056, 4651861 Araucanía, Angol, Araucanía, Chile to Cauquenes, Chile",,1.77426763727810,293.59612678133789,-72.076,-36.522
"Directions from Dilman Bullock 3056, 4651861 Araucanía, Angol, Araucanía, Chile to Cauquenes, Chile",,1.77482844027381,289.58351676649966,-72.077,-36.522
"Directions from Dilman Bullock 3056, 4651861 Araucanía, Angol, Araucanía, Chile to Cauquenes, Chile",,1.77540411379240,286.24102129495890,-72.077,-36.522
"Directions from Dilman Bullock 3056, 4651861 Araucanía, Angol, Araucanía, Chile to Cauquenes, Chile",,1.77638905033858,284.42099767143213,-72.078,-36.521
"Directions from Dilman Bullock 3056, 4651861 Araucanía, Angol, Araucanía, Chile to Cauquenes, Chile",,1.77694447810166,281.31306664523254,-72.079,-36.521
"Directions from Dilman Bullock 3056, 4651861 Araucanía, Angol, Araucanía, Chile to Cauquenes, Chile",,1.77745083765770,281.04244685510184,-72.079,-36.521
"Directions from Dilman Bullock 3056, 4651861 Araucanía, Angol, Araucanía, Chile to Cauquenes, Chile",,1.77758425429835,280.15018816117060,-72.079,-36.521
"Directions from Dilman Bullock 3056, 4651861 Araucanía, Angol, Araucanía, Chile to Cauquenes, Chile",,1.77797744636337,276.03470061221662,-72.080,-36.521
"Directions from Dilman Bullock 3056, 4651861 Araucanía, Angol, Araucanía, Chile to Cauquenes, Chile",,1.77882035798388,273.47758003430732,-72.081,-36.521
"Directions from Dilman Bullock 3056, 4651861 Araucanía, Angol, Araucanía, Chile to Cauquenes, Chile",,1.78875762622017,272.53594796526693,-72.090,-36.521
"Directions from Dilman Bullock 3056, 4651861 Araucanía, Angol, Araucanía, Chile to Cauquenes, Chile",,1.79034963752667,273.58476544094935,-72.092,-36.521
"Directions from Dilman Bullock 3056, 4651861 Araucanía, Angol, Araucanía, Chile to Cauquenes, Chile",,1.79075076094907,276.38904860498093,-72.092,-36.521
"Directions from Dilman Bullock 3056, 4651861 Araucanía, Angol, Araucanía, Chile to Cauquenes, Chile",,1.79142818253125,280.29185047886062,-72.093,-36.521
"Directions from Dilman Bullock 3056, 4651861 Araucanía, Angol, Araucanía, Chile to Cauquenes, Chile",,1.79214407358441,283.58162261838089,-72.094,-36.520
"Directions from Dilman Bullock 3056, 4651861 Araucanía, Angol, Araucanía, Chile to Cauquenes, Chile",,1.79241333182476,286.75171849086666,-72.094,-36.520
"Directions from Dilman Bullock 3056, 4651861 Araucanía, Angol, Araucanía, Chile to Cauquenes, Chile",,1.79266631403758,287.19017236172078,-72.094,-36.520
"Directions from Dilman Bullock 3056, 4651861 Araucanía, Angol, Araucanía, Chile to Cauquenes, Chile",,1.79303031953204,288.87340269324267,-72.095,-36.520
"Directions from Dilman Bullock 3056, 4651861 Araucanía, Angol, Araucanía, Chile to Cauquenes, Chile",,1.79313802282819,290.04709272473394,-72.095,-36.520
"Directions from Dilman Bullock 3056, 4651861 Araucanía, Angol, Araucanía, Chile to Cauquenes, Chile",,1.79441242464865,324.14638798225997,-72.096,-36.520
"Directions from Dilman Bullock 3056, 4651861 Araucanía, Angol, Araucanía, Chile to Cauquenes, Chile",,1.79513242464865,358.41008493956684,-72.096,-36.519
"Directions from Dilman Bullock 3056, 4651861 Araucanía, Angol, Araucanía, Chile to Cauquenes, Chile",,1.79531270221243,358.41008493956684,-72.096,-36.519
"Directions from Dilman Bullock 3056, 4651861 Araucanía, Angol, Araucanía, Chile to Cauquenes, Chile",,1.79603270221243,359.00568107172660,-72.096,-36.518
"Directions from Dilman Bullock 3056, 4651861 Araucanía, Angol, Araucanía, Chile to Cauquenes, Chile",,1.79747357000650,359.00568107172660,-72.096,-36.517
"Directions from Dilman Bullock 3056, 4651861 Araucanía, Angol, Araucanía, Chile to Cauquenes, Chile",,1.79765357000650,357.95719161228578,-72.096,-36.516
"Directions from Dilman Bullock 3056, 4651861 Araucanía, Angol, Araucanía, Chile to Cauquenes, Chile",,1.79779392669498,357.95719161228578,-72.096,-36.516
"Directions from Dilman Bullock 3056, 4651861 Araucanía, Angol, Araucanía, Chile to Cauquenes, Chile",,1.79853392669498,357.23622992394104,-72.096,-36.516
"Directions from Dilman Bullock 3056, 4651861 Araucanía, Angol, Araucanía, Chile to Cauquenes, Chile",,1.79915682315507,352.50506881997052,-72.096,-36.515
"Directions from Dilman Bullock 3056, 4651861 Araucanía, Angol, Araucanía, Chile to Cauquenes, Chile",,1.79994758228401,348.11870017158367,-72.096,-36.514
"Directions from Dilman Bullock 3056, 4651861 Araucanía, Angol, Araucanía, Chile to Cauquenes, Chile",,1.80047389017869,344.71975892105087,-72.096,-36.514
"Directions from Dilman Bullock 3056, 4651861 Araucanía, Angol, Araucanía, Chile to Cauquenes, Chile",,1.80122389017869,345.60549379092089,-72.097,-36.513
"Directions from Dilman Bullock 3056, 4651861 Araucanía, Angol, Araucanía, Chile to Cauquenes, Chile",,1.80140828106783,345.69477016714097,-72.097,-36.513
"Directions from Dilman Bullock 3056, 4651861 Araucanía, Angol, Araucanía, Chile to Cauquenes, Chile",,1.80371869228664,344.66471465525717,-72.097,-36.511
"Directions from Dilman Bullock 3056, 4651861 Araucanía, Angol, Araucanía, Chile to Cauquenes, Chile",,1.80749029671977,344.81516397869194,-72.098,-36.507
"Directions from Dilman Bullock 3056, 4651861 Araucanía, Angol, Araucanía, Chile to Cauquenes, Chile",,1.80988038040032,343.20017888798418,-72.099,-36.505
"Directions from Dilman Bullock 3056, 4651861 Araucanía, Angol, Araucanía, Chile to Cauquenes, Chile",,1.81017448922372,344.52354438953807,-72.099,-36.504
"Directions from Dilman Bullock 3056, 4651861 Araucanía, Angol, Araucanía, Chile to Cauquenes, Chile",,1.81079060609574,345.80542949627255,-72.099,-36.504
"Directions from Dilman Bullock 3056, 4651861 Araucanía, Angol, Araucanía, Chile to Cauquenes, Chile",,1.81101864118076,342.54552862035627,-72.099,-36.504
"Directions from Dilman Bullock 3056, 4651861 Araucanía, Angol, Araucanía, Chile to Cauquenes, Chile",,1.81116730186824,337.31811108051949,-72.099,-36.503
"Directions from Dilman Bullock 3056, 4651861 Araucanía, Angol, Araucanía, Chile to Cauquenes, Chile",,1.81146696834951,330.29998934647949,-72.099,-36.503
"Directions from Dilman Bullock 3056, 4651861 Araucanía, Angol, Araucanía, Chile to Cauquenes, Chile",,1.81189963450257,325.54616975270409,-72.100,-36.503
"Directions from Dilman Bullock 3056, 4651861 Araucanía, Angol, Araucanía, Chile to Cauquenes, Chile",,1.81418858622770,325.16924558635179,-72.101,-36.501
"Directions from Dilman Bullock 3056, 4651861 Araucanía, Angol, Araucanía, Chile to Cauquenes, Chile",,1.81692904239411,321.78443582293841,-72.102,-36.499
"Directions from Dilman Bullock 3056, 4651861 Araucanía, Angol, Araucanía, Chile to Cauquenes, Chile",,1.81706357863458,322.16135999581491,-72.103,-36.499
"Directions from Dilman Bullock 3056, 4651861 Araucanía, Angol, Araucanía, Chile to Cauquenes, Chile",,1.81709963414734,320.65496624123779,-72.103,-36.498
"Directions from Dilman Bullock 3056, 4651861 Araucanía, Angol, Araucanía, Chile to Cauquenes, Chile",,1.81717034482545,309.34503376721761,-72.103,-36.498
"Directions from Dilman Bullock 3056, 4651861 Araucanía, Angol, Araucanía, Chile to Cauquenes, Chile",,1.81720640033821,296.06250817460744,-72.103,-36.498
"Directions from Dilman Bullock 3056, 4651861 Araucanía, Angol, Araucanía, Chile to Cauquenes, Chile",,1.81723802311482,279.21747440535432,-72.103,-36.498
"Directions from Dilman Bullock 3056, 4651861 Araucanía, Angol, Araucanía, Chile to Cauquenes, Chile",,1.81732802311482,267.25484673416764,-72.103,-36.498
"Directions from Dilman Bullock 3056, 4651861 Araucanía, Angol, Araucanía, Chile to Cauquenes, Chile",,1.82276295641707,267.25484673416764,-72.108,-36.499
"Directions from Dilman Bullock 3056, 4651861 Araucanía, Angol, Araucanía, Chile to Cauquenes, Chile",,1.82289295641707,276.26440385433625,-72.108,-36.499
"Directions from Dilman Bullock 3056, 4651861 Araucanía, Angol, Araucanía, Chile to Cauquenes, Chile",,1.82298515186164,289.54692944287530,-72.108,-36.499
"Directions from Dilman Bullock 3056, 4651861 Araucanía, Angol, Araucanía, Chile to Cauquenes, Chile",,1.82300751254143,305.78252558853899,-72.108,-36.499
"Directions from Dilman Bullock 3056, 4651861 Araucanía, Angol, Araucanía, Chile to Cauquenes, Chile",,1.82306408108392,320.65496624327335,-72.108,-36.499
"Directions from Dilman Bullock 3056, 4651861 Araucanía, Angol, Araucanía, Chile to Cauquenes, Chile",,1.82310013659667,338.42380513761015,-72.108,-36.499
"Directions from Dilman Bullock 3056, 4651861 Araucanía, Angol, Araucanía, Chile to Cauquenes, Chile",,1.82316096422197,357.58657060740398,-72.108,-36.499
"Directions from Dilman Bullock 3056, 4651861 Araucanía, Angol, Araucanía, Chile to Cauquenes, Chile",,1.82353217844584,3.13602023390551,-72.108,-36.498
"Directions from Dilman Bullock 3056, 4651861 Araucanía, Angol, Araucanía, Chile to Cauquenes, Chile",,1.82528289258584,6.47325475941416,-72.108,-36.497
"Directions from Dilman Bullock 3056, 4651861 Araucanía, Angol, Araucanía, Chile to Cauquenes, Chile",,1.82533388278098,7.71803122042984,-72.108,-36.497
"Directions from Dilman Bullock 3056, 4651861 Araucanía, Angol, Araucanía, Chile to Cauquenes, Chile",,1.82936432940636,5.35403730896747,-72.108,-36.493
"Directions from Dilman Bullock 3056, 4651861 Araucanía, Angol, Araucanía, Chile to Cauquenes, Chile",,1.82988777949948,5.70135536610802,-72.108,-36.492
"Directions from Dilman Bullock 3056, 4651861 Araucanía, Angol, Araucanía, Chile to Cauquenes, Chile",,1.83238661923024,6.20770472444577,-72.108,-36.490
"Directions from Dilman Bullock 3056, 4651861 Araucanía, Angol, Araucanía, Chile to Cauquenes, Chile",,1.83268927414925,6.31328879677081,-72.108,-36.489
"Directions from Dilman Bullock 3056, 4651861 Araucanía, Angol, Araucanía, Chile to Cauquenes, Chile",,1.83588157739299,6.34936924269983,-72.108,-36.486
"Directions from Dilman Bullock 3056, 4651861 Araucanía, Angol, Araucanía, Chile to Cauquenes, Chile",,1.83640626777788,8.83739203205543,-72.107,-36.486
"Directions from Dilman Bullock 3056, 4651861 Araucanía, Angol, Araucanía, Chile to Cauquenes, Chile",,1.83692414807293,9.15256238526481,-72.107,-36.485
"Directions from Dilman Bullock 3056, 4651861 Araucanía, Angol, Araucanía, Chile to Cauquenes, Chile",,1.83740922538636,10.06961054214706,-72.107,-36.485
"Directions from Dilman Bullock 3056, 4651861 Araucanía, Angol, Araucanía, Chile to Cauquenes, Chile",,1.83804270782495,11.15492978176102,-72.107,-36.484
"Directions from Dilman Bullock 3056, 4651861 Araucanía, Angol, Araucanía, Chile to Cauquenes, Chile",,1.84244599069117,11.49829558069525,-72.106,-36.480
"Directions from Dilman Bullock 3056, 4651861 Araucanía, Angol, Araucanía, Chile to Cauquenes, Chile",,1.84263038158032,9.11970042201673,-72.106,-36.479
"Directions from Dilman Bullock 3056, 4651861 Araucanía, Angol, Araucanía, Chile to Cauquenes, Chile",,1.84273088033653,8.14972487356916,-72.106,-36.479
"Directions from Dilman Bullock 3056, 4651861 Araucanía, Angol, Araucanía, Chile to Cauquenes, Chile",,1.84615926187889,5.29442830804398,-72.106,-36.476
"Directions from Dilman Bullock 3056, 4651861 Araucanía, Angol, Araucanía, Chile to Cauquenes, Chile",,1.84623926187889,352.98187826843156,-72.106,-36.476
"Directions from Dilman Bullock 3056, 4651861 Araucanía, Angol, Araucanía, Chile to Cauquenes, Chile",,1.84632172399140,330.48187826673524,-72.106,-36.476
"Directions from Dilman Bullock 3056, 4651861 Araucanía, Angol, Araucanía, Chile to Cauquenes, Chile",,1.84640657680515,301.71747441044323,-72.106,-36.476
"Directions from Dilman Bullock 3056, 4651861 Araucanía, Angol, Araucanía, Chile to Cauquenes, Chile",,1.84650144513495,284.56947778676192,-72.106,-36.476
"Directions from Dilman Bullock 3056, 4651861 Araucanía, Angol, Araucanía, Chile to Cauquenes, Chile",,1.85150857005850,285.87075888775303,-72.111,-36.475
"Directions from Dilman Bullock 3056, 4651861 Araucanía, Angol, Araucanía, Chile to Cauquenes, Chile",,1.85164785394127,296.00063377976608,-72.111,-36.475
"Directions from Dilman Bullock 3056, 4651861 Araucanía, Angol, Araucanía, Chile to Cauquenes, Chile",,1.85170616346022,307.98187826663542,-72.111,-36.475
"Directions from Dilman Bullock 3056, 4651861 Araucanía, Angol, Araucanía, Chile to Cauquenes, Chile",,1.85176273200271,318.17009587394796,-72.111,-36.475
"Directions from Dilman Bullock 3056, 4651861 Araucanía, Angol, Araucanía, Chile to Cauquenes, Chile",,1.85182676324509,327.11603443850930,-72.111,-36.475
"Directions from Dilman Bullock 3056, 4651861 Araucanía, Angol, Araucanía, Chile to Cauquenes, Chile",,1.85371408939602,334.39482131415696,-72.112,-36.473
"Directions from Dilman Bullock 3056, 4651861 Araucanía, Angol, Araucanía, Chile to Cauquenes, Chile",,1.85413038256195,337.43012723646501,-72.112,-36.473
"Directions from Dilman Bullock 3056, 4651861 Araucanía, Angol, Araucanía, Chile to Cauquenes, Chile",,1.85426966644472,336.19871889425923,-72.112,-36.472
"Directions from Dilman Bullock 3056, 4651861 Araucanía, Angol, Araucanía, Chile to Cauquenes, Chile",,1.85431438780427,335.81676966456496,-72.112,-36.472
"Directions from Dilman Bullock 3056, 4651861 Araucanía, Angol, Araucanía, Chile to Cauquenes, Chile",,1.85474520098884,335.81676966965387,-72.112,-36.472
"Directions from Dilman Bullock 3056, 4651861 Araucanía, Angol, Araucanía, Chile to Cauquenes, Chile",,1.85483464370794,328.70378771915671,-72.112,-36.472
"Directions from Dilman Bullock 3056, 4651861 Araucanía, Angol, Araucanía, Chile to Cauquenes, Chile",,1.85510667311812,320.84946880510483,-72.112,-36.472
"Directions from Dilman Bullock 3056, 4651861 Araucanía, Angol, Araucanía, Chile to Cauquenes, Chile",,1.85525533380559,314.85676174588531,-72.113,-36.472
"Directions from Dilman Bullock 3056, 4651861 Araucanía, Angol, Araucanía, Chile to Cauquenes, Chile",,1.85538987004606,308.82610701593211,-72.113,-36.471
"Directions from Dilman Bullock 3056, 4651861 Araucanía, Angol, Araucanía, Chile to Cauquenes, Chile",,1.85643610137803,301.11502634887040,-72.114,-36.471
"Directions from Dilman Bullock 3056, 4651861 Araucanía, Angol, Araucanía, Chile to Cauquenes, Chile",,1.85645846205781,309.84757676032456,-72.114,-36.471
"Directions from Dilman Bullock 3056, 4651861 Araucanía, Angol, Araucanía, Chile to Cauquenes, Chile",,1.85655846205781,319.06505117483886,-72.114,-36.471
"Directions from Dilman Bullock 3056, 4651861 Araucanía, Angol, Araucanía, Chile to Cauquenes, Chile",,1.85658674632906,328.28252557937907,-72.114,-36.471
"Directions from Dilman Bullock 3056, 4651861 Araucanía, Angol, Araucanía, Chile to Cauquenes, Chile",,1.85661836910566,350.78252558446786,-72.114,-36.471
"Directions from Dilman Bullock 3056, 4651861 Araucanía, Angol, Araucanía, Chile to Cauquenes, Chile",,1.85665836910567,6.37876608059688,-72.114,-36.471
"Directions from Dilman Bullock 3056, 4651861 Araucanía, Angol, Araucanía, Chile to Cauquenes, Chile",,1.85774519935920,14.17517154992365,-72.113,-36.470
"Directions from Dilman Bullock 3056, 4651861 Araucanía, Angol, Araucanía, Chile to Cauquenes, Chile",,1.85819162964491,12.52756657480664,-72.113,-36.469
"Directions from Dilman Bullock 3056, 4651861 Araucanía, Angol, Araucanía, Chile to Cauquenes, Chile",,1.85837411252082,359.99999999981662,-72.113,-36.469
"Directions from Dilman Bullock 3056, 4651861 Araucanía, Angol, Araucanía, Chile to Cauquenes, Chile",,1.85843494014612,332.76883889433674,-72.113,-36.469
"Directions from Dilman Bullock 3056, 4651861 Araucanía, Angol, Araucanía, Chile to Cauquenes, Chile",,1.85844908228175,324.21747440738989,-72.113,-36.469
"Directions from Dilman Bullock 3056, 4651861 Araucanía, Angol, Araucanía, Chile to Cauquenes, Chile",,1.85849380364130,329.87244065066324,-72.113,-36.469
"Directions from Dilman Bullock 3056, 4651861 Araucanía, Angol, Araucanía, Chile to Cauquenes, Chile",,1.85852985915405,315.00000000469737,-72.113,-36.469
"Directions from Dilman Bullock 3056, 4651861 Araucanía, Angol, Araucanía, Chile to Cauquenes, Chile",,1.85860197017957,297.74573850389805,-72.113,-36.469
"Directions from Dilman Bullock 3056, 4651861 Araucanía, Angol, Araucanía, Chile to Cauquenes, Chile",,1.85870967347571,289.67059229890748,-72.113,-36.469
"Directions from Dilman Bullock 3056, 4651861 Araucanía, Angol, Araucanía, Chile to Cauquenes, Chile",,1.86073377821607,289.28864306851483,-72.115,-36.468
"Directions from Dilman Bullock 3056, 4651861 Araucanía, Angol, Araucanía, Chile to Cauquenes, Chile",,1.86087306209886,325.51875551208138,-72.116,-36.468
"Directions from Dilman Bullock 3056, 4651861 Araucanía, Angol, Araucanía, Chile to Cauquenes, Chile",,1.86088306209885,326.98124448875802,-72.116,-36.468
"Directions from Dilman Bullock 3056, 4651861 Araucanía, Angol, Araucanía, Chile to Cauquenes, Chile",,1.86098155067687,301.31114861679600,-72.116,-36.468
"Directions from Dilman Bullock 3056, 4651861 Araucanía, Angol, Araucanía, Chile to Cauquenes, Chile",,1.86110961316161,306.17493789050593,-72.116,-36.468
"Directions from Dilman Bullock 3056, 4651861 Araucanía, Angol, Araucanía, Chile to Cauquenes, Chile",,1.86121777969987,307.43799634478239,-72.116,-36.468
"Directions from Dilman Bullock 3056, 4651861 Araucanía, Angol, Araucanía, Chile to Cauquenes, Chile",,1.86143038261614,313.74259715991315,-72.116,-36.468
"Directions from Dilman Bullock 3056, 4651861 Araucanía, Angol, Araucanía, Chile to Cauquenes, Chile",,1.86486073245252,316.91641402183416,-72.118,-36.465
"Directions from Dilman Bullock 3056, 4651861 Araucanía, Angol, Araucanía, Chile to Cauquenes, Chile",,1.86566054493055,316.92147435391553,-72.119,-36.465
"Directions from Dilman Bullock 3056, 4651861 Araucanía, Angol, Araucanía, Chile to Cauquenes, Chile",,1.86813606507791,324.87216933335441,-72.121,-36.463
"Directions from Dilman Bullock 3056, 4651861 Araucanía, Angol, Araucanía, Chile to Cauquenes, Chile",,1.86815842575768,327.07277099232340,-72.121,-36.463
"Directions from Dilman Bullock 3056, 4651861 Araucanía, Angol, Araucanía, Chile to Cauquenes, Chile",,1.86844267916575,325.61735206725950,-72.121,-36.463
"Directions from Dilman Bullock 3056, 4651861 Araucanía, Angol, Araucanía, Chile to Cauquenes, Chile",,1.86870687606202,333.66276024108447,-72.121,-36.462
"Directions from Dilman Bullock 3056, 4651861 Araucanía, Angol, Araucanía, Chile to Cauquenes, Chile",,1.86885919152414,341.30142773068951,-72.121,-36.462
"Directions from Dilman Bullock 3056, 4651861 Araucanía, Angol, Araucanía, Chile to Cauquenes, Chile",,1.86971534571586,347.59089535008678,-72.121,-36.462
"Directions from Dilman Bullock 3056, 4651861 Araucanía, Angol, Araucanía, Chile to Cauquenes, Chile",,1.87020371033374,346.97909170146721,-72.121,-36.461
"Directions from Dilman Bullock 3056, 4651861 Araucanía, Angol, Araucanía, Chile to Cauquenes, Chile",,1.87050454251288,343.19990994042769,-72.121,-36.461
"Directions from Dilman Bullock 3056, 4651861 Araucanía, Angol, Araucanía, Chile to Cauquenes, Chile",,1.87120973752137,346.17982950232039,-72.122,-36.460
"Directions from Dilman Bullock 3056, 4651861 Araucanía, Angol, Araucanía, Chile to Cauquenes, Chile",,1.87127056514667,355.26883890148861,-72.122,-36.460
"Directions from Dilman Bullock 3056, 4651861 Araucanía, Angol, Araucanía, Chile to Cauquenes, Chile",,1.87132056514667,4.06505117259977,-72.122,-36.460
"Directions from Dilman Bullock 3056, 4651861 Araucanía, Angol, Araucanía, Chile to Cauquenes, Chile",,1.87139127582478,13.28252558609632,-72.122,-36.460
"Directions from Dilman Bullock 3056, 4651861 Araucanía, Angol, Araucanía, Chile to Cauquenes, Chile",,1.87145452137799,16.32085747216218,-72.122,-36.460
"Directions from Dilman Bullock 3056, 4651861 Araucanía, Angol, Araucanía, Chile to Cauquenes, Chile",,1.87226944468726,7.10338305866562,-72.121,-36.459
"Directions from Dilman Bullock 3056, 4651861 Araucanía, Angol, Araucanía, Chile to Cauquenes, Chile",,1.87234944468727,355.26883889763764,-72.121,-36.459
"Directions from Dilman Bullock 3056, 4651861 Araucanía, Angol, Araucanía, Chile to Cauquenes, Chile",,1.87247109993787,340.89265468410895,-72.121,-36.459
"Directions from Dilman Bullock 3056, 4651861 Araucanía, Angol, Araucanía, Chile to Cauquenes, Chile",,1.87376001420965,330.55312301041096,-72.122,-36.458
"Directions from Dilman Bullock 3056, 4651861 Araucanía, Angol, Araucanía, Chile to Cauquenes, Chile",,1.87626929697570,330.62407739087064,-72.123,-36.456
"Directions from Dilman Bullock 3056, 4651861 Araucanía, Angol, Araucanía, Chile to Cauquenes, Chile",,1.87664519589828,332.29672951990779,-72.123,-36.455
"Directions from Dilman Bullock 3056, 4651861 Araucanía, Angol, Araucanía, Chile to Cauquenes, Chile",,1.87775429463149,339.58383762140835,-72.124,-36.454
"Directions from Dilman Bullock 3056, 4651861 Araucanía, Angol, Araucanía, Chile to Cauquenes, Chile",,1.87783675674400,348.91682709013224,-72.124,-36.454
"Directions from Dilman Bullock 3056, 4651861 Araucanía, Angol, Araucanía, Chile to Cauquenes, Chile",,1.87790746742212,355.93494882170069,-72.124,-36.454
"Directions from Dilman Bullock 3056, 4651861 Araucanía, Angol, Araucanía, Chile to Cauquenes, Chile",,1.87798746742212,4.06505117565310,-72.124,-36.454
"Directions from Dilman Bullock 3056, 4651861 Araucanía, Angol, Araucanía, Chile to Cauquenes, Chile",,1.87812888877835,9.33743061325640,-72.124,-36.454
"Directions from Dilman Bullock 3056, 4651861 Araucanía, Angol, Araucanía, Chile to Cauquenes, Chile",,1.88047856960775,5.27237943760329,-72.124,-36.452
"Directions from Dilman Bullock 3056, 4651861 Araucanía, Angol, Araucanía, Chile to Cauquenes, Chile",,1.88050856960775,5.50691644504938,-72.124,-36.452
"Directions from Dilman Bullock 3056, 4651861 Araucanía, Angol, Araucanía, Chile to Cauquenes, Chile",,1.88202652876398,7.70626912320569,-72.123,-36.450
"Directions from Dilman Bullock 3056, 4651861 Araucanía, Angol, Araucanía, Chile to Cauquenes, Chile",,1.88228729686019,9.21747441451434,-72.123,-36.450
"Directions from Dilman Bullock 3056, 4651861 Araucanía, Angol, Araucanía, Chile to Cauquenes, Chile",,1.88232852791645,2.28696063069476,-72.123,-36.450
"Directions from Dilman Bullock 3056, 4651861 Araucanía, Angol, Araucanía, Chile to Cauquenes, Chile",,1.88238935554175,343.66954363435400,-72.123,-36.450
"Directions from Dilman Bullock 3056, 4651861 Araucanía, Angol, Araucanía, Chile to Cauquenes, Chile",,1.88246551327281,325.90070474510617,-72.123,-36.450
"Directions from Dilman Bullock 3056, 4651861 Araucanía, Angol, Araucanía, Chile to Cauquenes, Chile",,1.88249379754406,307.98187827172433,-72.123,-36.450
"Directions from Dilman Bullock 3056, 4651861 Araucanía, Angol, Araucanía, Chile to Cauquenes, Chile",,1.88255210706301,296.38258300910945,-72.123,-36.450
"Directions from Dilman Bullock 3056, 4651861 Araucanía, Angol, Araucanía, Chile to Cauquenes, Chile",,1.88260595871108,287.91882647643723,-72.123,-36.450
"Directions from Dilman Bullock 3056, 4651861 Araucanía, Angol, Araucanía, Chile to Cauquenes, Chile",,1.88268842082359,281.39120286512315,-72.123,-36.450
"Directions from Dilman Bullock 3056, 4651861 Araucanía, Angol, Araucanía, Chile to Cauquenes, Chile",,1.88281995028797,276.70651031679523,-72.124,-36.449
"Directions from Dilman Bullock 3056, 4651861 Araucanía, Angol, Araucanía, Chile to Cauquenes, Chile",,1.88331158023010,272.33342918563528,-72.124,-36.449
"Directions from Dilman Bullock 3056, 4651861 Araucanía, Angol, Araucanía, Chile to Cauquenes, Chile",,1.88335158023010,273.06454038249581,-72.124,-36.449
"Directions from Dilman Bullock 3056, 4651861 Araucanía, Angol, Araucanía, Chile to Cauquenes, Chile",,1.88485014621130,276.88986586018439,-72.126,-36.449
"Directions from Dilman Bullock 3056, 4651861 Araucanía, Angol, Araucanía, Chile to Cauquenes, Chile",,1.88620218171379,278.34506687944821,-72.127,-36.449
"Directions from Dilman Bullock 3056, 4651861 Araucanía, Angol, Araucanía, Chile to Cauquenes, Chile",,1.88709324849018,282.14730075344505,-72.128,-36.449
"Directions from Dilman Bullock 3056, 4651861 Araucanía, Angol, Araucanía, Chile to Cauquenes, Chile",,1.88720726603270,287.61911261174396,-72.128,-36.449
"Directions from Dilman Bullock 3056, 4651861 Araucanía, Angol, Araucanía, Chile to Cauquenes, Chile",,1.88732431303181,296.35916639728805,-72.128,-36.449
"Directions from Dilman Bullock 3056, 4651861 Araucanía, Angol, Araucanía, Chile to Cauquenes, Chile",,1.88749074620157,303.91552153064799,-72.128,-36.449
"Directions from Dilman Bullock 3056, 4651861 Araucanía, Angol, Araucanía, Chile to Cauquenes, Chile",,1.88839517972595,300.83043398195747,-72.129,-36.448
"Directions from Dilman Bullock 3056, 4651861 Araucanía, Angol, Araucanía, Chile to Cauquenes, Chile",,1.88841754040571,300.32112322838691,-72.129,-36.448
"Directions from Dilman Bullock 3056, 4651861 Araucanía, Angol, Araucanía, Chile to Cauquenes, Chile",,1.88882802792076,300.32112322838691,-72.129,-36.448
"Directions from Dilman Bullock 3056, 4651861 Araucanía, Angol, Araucanía, Chile to Cauquenes, Chile",,1.88885038860052,299.73514705009916,-72.129,-36.448
"Directions from Dilman Bullock 3056, 4651861 Araucanía, Angol, Araucanía, Chile to Cauquenes, Chile",,1.88945784230247,304.88757028427864,-72.130,-36.448
"Directions from Dilman Bullock 3056, 4651861 Araucanía, Angol, Araucanía, Chile to Cauquenes, Chile",,1.88985784230247,310.03057916139585,-72.130,-36.447
"Directions from Dilman Bullock 3056, 4651861 Araucanía, Angol, Araucanía, Chile to Cauquenes, Chile",,1.89052992860645,316.00266775780409,-72.131,-36.447
"Directions from Dilman Bullock 3056, 4651861 Araucanía, Angol, Araucanía, Chile to Cauquenes, Chile",,1.89063623006457,323.60328629408025,-72.131,-36.447
"Directions from Dilman Bullock 3056, 4651861 Araucanía, Angol, Araucanía, Chile to Cauquenes, Chile",,1.89078887343980,337.93184502277256,-72.131,-36.447
"Directions from Dilman Bullock 3056, 4651861 Araucanía, Angol, Araucanía, Chile to Cauquenes, Chile",,1.89088106888438,349.36251501512942,-72.131,-36.447
"Directions from Dilman Bullock 3056, 4651861 Araucanía, Angol, Araucanía, Chile to Cauquenes, Chile",,1.89101259834875,353.58411047959618,-72.131,-36.447
"Directions from Dilman Bullock 3056, 4651861 Araucanía, Angol, Araucanía, Chile to Cauquenes, Chile",,1.89115295503723,357.60784442068211,-72.131,-36.446
"Directions from Dilman Bullock 3056, 4651861 Araucanía, Angol, Araucanía, Chile to Cauquenes, Chile",,1.89197301601057,0.84362482354660,-72.131,-36.446
"Directions from Dilman Bullock 3056, 4651861 Araucanía, Angol, Araucanía, Chile to Cauquenes, Chile",,1.89293384898253,6.84793825372623,-72.131,-36.445
"Directions from Dilman Bullock 3056, 4651861 Araucanía, Angol, Araucanía, Chile to Cauquenes, Chile",,1.89298483917767,7.24488129675431,-72.131,-36.445
"Directions from Dilman Bullock 3056, 4651861 Araucanía, Angol, Araucanía, Chile to Cauquenes, Chile",,1.89316511674144,4.59441803716733,-72.131,-36.444
"Directions from Dilman Bullock 3056, 4651861 Araucanía, Angol, Araucanía, Chile to Cauquenes, Chile",,1.89431141513191,7.73566408107621,-72.131,-36.443
"Directions from Dilman Bullock 3056, 4651861 Araucanía, Angol, Araucanía, Chile to Cauquenes, Chile",,1.89443307038252,12.70385905485311,-72.131,-36.443
"Directions from Dilman Bullock 3056, 4651861 Araucanía, Angol, Araucanía, Chile to Cauquenes, Chile",,1.89450587148142,13.24571495927308,-72.131,-36.443
"Directions from Dilman Bullock 3056, 4651861 Araucanía, Angol, Araucanía, Chile to Cauquenes, Chile",,1.89641817375878,11.08227918288069,-72.130,-36.441
"Directions from Dilman Bullock 3056, 4651861 Araucanía, Angol, Araucanía, Chile to Cauquenes, Chile",,1.89751055647559,10.54042327965270,-72.130,-36.440
"Directions from Dilman Bullock 3056, 4651861 Araucanía, Angol, Araucanía, Chile to Cauquenes, Chile",,1.89769303935150,10.72314578929680,-72.130,-36.440
"Directions from Dilman Bullock 3056, 4651861 Araucanía, Angol, Araucanía, Chile to Cauquenes, Chile",,1.89986027261075,11.10938606821588,-72.130,-36.438
"Directions from Dilman Bullock 3056, 4651861 Araucanía, Angol, Araucanía, Chile to Cauquenes, Chile",,1.90059191459970,11.73766133965847,-72.129,-36.437
"Directions from Dilman Bullock 3056, 4651861 Araucanía, Angol, Araucanía, Chile to Cauquenes, Chile",,1.90076655709167,11.35142106073941,-72.129,-36.437
"Directions from Dilman Bullock 3056, 4651861 Araucanía, Angol, Araucanía, Chile to Cauquenes, Chile",,1.90113152284348,10.59371711114665,-72.129,-36.437
"Directions from Dilman Bullock 3056, 4651861 Araucanía, Angol, Araucanía, Chile to Cauquenes, Chile",,1.90167281758760,10.59371711188018,-72.129,-36.436
"Directions from Dilman Bullock 3056, 4651861 Araucanía, Angol, Araucanía, Chile to Cauquenes, Chile",,1.90222026621533,27.23116111419058,-72.129,-36.436
"Directions from Dilman Bullock 3056, 4651861 Araucanía, Angol, Araucanía, Chile to Cauquenes, Chile",,1.90223440835095,25.74153685583749,-72.129,-36.436
"Directions from Dilman Bullock 3056, 4651861 Araucanía, Angol, Araucanía, Chile to Cauquenes, Chile",,1.90267724014746,3.24153684565973,-72.129,-36.435
"Directions from Dilman Bullock 3056, 4651861 Araucanía, Angol, Araucanía, Chile to Cauquenes, Chile",,1.90277724014746,350.78252559871675,-72.129,-36.435
"Directions from Dilman Bullock 3056, 4651861 Araucanía, Angol, Araucanía, Chile to Cauquenes, Chile",,1.90280886292406,336.47729576469698,-72.129,-36.435
"Directions from Dilman Bullock 3056, 4651861 Araucanía, Angol, Araucanía, Chile to Cauquenes, Chile",,1.90293416256492,323.19477015580236,-72.129,-36.435
"Directions from Dilman Bullock 3056, 4651861 Araucanía, Angol, Araucanía, Chile to Cauquenes, Chile",,1.90294830470055,311.43749181552789,-72.129,-36.435
"Directions from Dilman Bullock 3056, 4651861 Araucanía, Angol, Araucanía, Chile to Cauquenes, Chile",,1.90306232224306,305.78252558875153,-72.129,-36.435
"Directions from Dilman Bullock 3056, 4651861 Araucanía, Angol, Araucanía, Chile to Cauquenes, Chile",,1.90407187660018,304.54243168582036,-72.130,-36.434
"Directions from Dilman Bullock 3056, 4651861 Araucanía, Angol, Araucanía, Chile to Cauquenes, Chile",,1.90453803108101,310.19739791768569,-72.130,-36.434
"Directions from Dilman Bullock 3056, 4651861 Araucanía, Angol, Araucanía, Chile to Cauquenes, Chile",,1.90459459962351,320.65496623348702,-72.130,-36.434
"Directions from Dilman Bullock 3056, 4651861 Araucanía, Angol, Araucanía, Chile to Cauquenes, Chile",,1.90466671064903,337.50000000352310,-72.131,-36.434
"Directions from Dilman Bullock 3056, 4651861 Araucanía, Angol, Araucanía, Chile to Cauquenes, Chile",,1.90476869103929,354.34503376494723,-72.131,-36.434
"Directions from Dilman Bullock 3056, 4651861 Araucanía, Angol, Araucanía, Chile to Cauquenes, Chile",,1.90482869103929,2.11819739869631,-72.131,-36.434
"Directions from Dilman Bullock 3056, 4651861 Araucanía, Angol, Araucanía, Chile to Cauquenes, Chile",,1.90509943076670,9.13631913385693,-72.131,-36.433
"Directions from Dilman Bullock 3056, 4651861 Araucanía, Angol, Araucanía, Chile to Cauquenes, Chile",,1.90514066182297,10.18821760910851,-72.131,-36.433
"Directions from Dilman Bullock 3056, 4651861 Araucanía, Angol, Araucanía, Chile to Cauquenes, Chile",,1.90532176952573,7.90125697722718,-72.130,-36.433
"Directions from Dilman Bullock 3056, 4651861 Araucanía, Angol, Araucanía, Chile to Cauquenes, Chile",,1.90550425240164,4.73116110327927,-72.130,-36.433
"Directions from Dilman Bullock 3056, 4651861 Araucanía, Angol, Araucanía, Chile to Cauquenes, Chile",,1.90553425240163,4.24927943970738,-72.130,-36.433
"Directions from Dilman Bullock 3056, 4651861 Araucanía, Angol, Araucanía, Chile to Cauquenes, Chile",,1.90641391142648,4.24927943970739,-72.130,-36.432
"Directions from Dilman Bullock 3056, 4651861 Araucanía, Angol, Araucanía, Chile to Cauquenes, Chile",,1.90645391142649,352.98187826364199,-72.130,-36.432
"Directions from Dilman Bullock 3056, 4651861 Araucanía, Angol, Araucanía, Chile to Cauquenes, Chile",,1.90649514248274,352.98187826364199,-72.130,-36.432
"Directions from Dilman Bullock 3056, 4651861 Araucanía, Angol, Araucanía, Chile to Cauquenes, Chile",,1.90652514248274,346.71747441146107,-72.130,-36.432
"Directions from Dilman Bullock 3056, 4651861 Araucanía, Angol, Araucanía, Chile to Cauquenes, Chile",,1.90654750316252,339.69935268468203,-72.130,-36.432
"Directions from Dilman Bullock 3056, 4651861 Araucanía, Angol, Araucanía, Chile to Cauquenes, Chile",,1.90658873421877,335.21303937695882,-72.130,-36.432
"Directions from Dilman Bullock 3056, 4651861 Araucanía, Angol, Araucanía, Chile to Cauquenes, Chile",,1.90667475747144,315.66610992503132,-72.130,-36.432
"Directions from Dilman Bullock 3056, 4651861 Araucanía, Angol, Araucanía, Chile to Cauquenes, Chile",,1.90672475747144,313.53216327582840,-72.130,-36.432
"Directions from Dilman Bullock 3056, 4651861 Araucanía, Angol, Araucanía, Chile to Cauquenes, Chile",,1.90680285996820,312.44479122031464,-72.131,-36.432
"Directions from Dilman Bullock 3056, 4651861 Araucanía, Angol, Araucanía, Chile to Cauquenes, Chile",,1.90696097385121,298.53764429103694,-72.131,-36.432
"Directions from Dilman Bullock 3056, 4651861 Araucanía, Angol, Araucanía, Chile to Cauquenes, Chile",,1.90714482161432,286.84503376383299,-72.131,-36.432
"Directions from Dilman Bullock 3056, 4651861 Araucanía, Angol, Araucanía, Chile to Cauquenes, Chile",,1.90719581180945,284.87244064901910,-72.131,-36.432
"Directions from Dilman Bullock 3056, 4651861 Araucanía, Angol, Araucanía, Chile to Cauquenes, Chile",,1.90725905736266,282.22197738902315,-72.131,-36.432
"Directions from Dilman Bullock 3056, 4651861 Araucanía, Angol, Araucanía, Chile to Cauquenes, Chile",,1.90745010709441,273.92830811187349,-72.131,-36.432
"Directions from Dilman Bullock 3056, 4651861 Araucanía, Angol, Araucanía, Chile to Cauquenes, Chile",,1.90776026834279,273.02648363414562,-72.131,-36.432
"Directions from Dilman Bullock 3056, 4651861 Araucanía, Angol, Araucanía, Chile to Cauquenes, Chile",,1.91048761137219,273.34745496135241,-72.134,-36.431
"Directions from Dilman Bullock 3056, 4651861 Araucanía, Angol, Araucanía, Chile to Cauquenes, Chile",,1.91071782866085,276.89974269907617,-72.134,-36.431
"Directions from Dilman Bullock 3056, 4651861 Araucanía, Angol, Araucanía, Chile to Cauquenes, Chile",,1.91076881885599,277.01812173548296,-72.134,-36.431
"Directions from Dilman Bullock 3056, 4651861 Araucanía, Angol, Araucanía, Chile to Cauquenes, Chile",,1.91160977069765,273.96036995069107,-72.135,-36.431
"Directions from Dilman Bullock 3056, 4651861 Araucanía, Angol, Araucanía, Chile to Cauquenes, Chile",,1.91183067791800,273.49216975818501,-72.135,-36.431
"Directions from Dilman Bullock 3056, 4651861 Araucanía, Angol, Araucanía, Chile to Cauquenes, Chile",,1.91215083412987,272.71651941047679,-72.136,-36.431
"Directions from Dilman Bullock 3056, 4651861 Araucanía, Angol, Araucanía, Chile to Cauquenes, Chile",,1.91482624064103,285.10408969461469,-72.138,-36.431
"Directions from Dilman Bullock 3056, 4651861 Araucanía, Angol, Araucanía, Chile to Cauquenes, Chile",,1.91484860132081,285.75053764353174,-72.138,-36.431
"Directions from Dilman Bullock 3056, 4651861 Araucanía, Angol, Araucanía, Chile to Cauquenes, Chile",,1.91705679062430,275.67343206522065,-72.141,-36.431
"Directions from Dilman Bullock 3056, 4651861 Araucanía, Angol, Araucanía, Chile to Cauquenes, Chile",,1.91795239098160,273.20542001022790,-72.142,-36.431
"Directions from Dilman Bullock 3056, 4651861 Araucanía, Angol, Araucanía, Chile to Cauquenes, Chile",,1.91798239098159,274.01511301195006,-72.142,-36.431
"Directions from Dilman Bullock 3056, 4651861 Araucanía, Angol, Araucanía, Chile to Cauquenes, Chile",,1.92041625622026,274.01511301195006,-72.144,-36.430
"Directions from Dilman Bullock 3056, 4651861 Araucanía, Angol, Araucanía, Chile to Cauquenes, Chile",,1.92042625622026,275.15242323422018,-72.144,-36.430
"Directions from Dilman Bullock 3056, 4651861 Araucanía, Angol, Araucanía, Chile to Cauquenes, Chile",,1.92064986301801,279.03500624285476,-72.144,-36.430
"Directions from Dilman Bullock 3056, 4651861 Araucanía, Angol, Araucanía, Chile to Cauquenes, Chile",,1.92087189905112,279.03500624375044,-72.144,-36.430
"Directions from Dilman Bullock 3056, 4651861 Araucanía, Angol, Araucanía, Chile to Cauquenes, Chile",,1.92109550584887,278.50734163864689,-72.145,-36.430
"Directions from Dilman Bullock 3056, 4651861 Araucanía, Angol, Araucanía, Chile to Cauquenes, Chile",,1.92126667827657,278.02725435456188,-72.145,-36.430
"Directions from Dilman Bullock 3056, 4651861 Araucanía, Angol, Araucanía, Chile to Cauquenes, Chile",,1.92286792778866,278.90718634908592,-72.146,-36.430
"Directions from Dilman Bullock 3056, 4651861 Araucanía, Angol, Araucanía, Chile to Cauquenes, Chile",,1.93121900556342,276.61667124426049,-72.155,-36.429
"Directions from Dilman Bullock 3056, 4651861 Araucanía, Angol, Araucanía, Chile to Cauquenes, Chile",,1.93133942150920,272.38182084620536,-72.155,-36.429
"Directions from Dilman Bullock 3056, 4651861 Araucanía, Angol, Araucanía, Chile to Cauquenes, Chile",,1.93151942150920,264.34503376338131,-72.155,-36.429
"Directions from Dilman Bullock 3056, 4651861 Araucanía, Angol, Araucanía, Chile to Cauquenes, Chile",,1.93172338228975,257.47689961040402,-72.155,-36.429
"Directions from Dilman Bullock 3056, 4651861 Araucanía, Angol, Araucanía, Chile to Cauquenes, Chile",,1.93264988107551,253.91439143454397,-72.156,-36.429
"Directions from Dilman Bullock 3056, 4651861 Araucanía, Angol, Araucanía, Chile to Cauquenes, Chile",,1.93271312662870,260.78252558752121,-72.156,-36.429
"Directions from Dilman Bullock 3056, 4651861 Araucanía, Angol, Araucanía, Chile to Cauquenes, Chile",,1.93276312662870,264.34503376533866,-72.156,-36.429
"Directions from Dilman Bullock 3056, 4651861 Araucanía, Angol, Araucanía, Chile to Cauquenes, Chile",,1.93281411682384,269.07619486935147,-72.156,-36.429
"Directions from Dilman Bullock 3056, 4651861 Araucanía, Angol, Araucanía, Chile to Cauquenes, Chile",,1.93293577207444,281.74928283558131,-72.156,-36.429
"Directions from Dilman Bullock 3056, 4651861 Araucanía, Angol, Araucanía, Chile to Cauquenes, Chile",,1.93297700313069,277.01812173156844,-72.156,-36.429
"Directions from Dilman Bullock 3056, 4651861 Araucanía, Angol, Araucanía, Chile to Cauquenes, Chile",,1.93299700313070,286.00269160495662,-72.156,-36.429
"Directions from Dilman Bullock 3056, 4651861 Araucanía, Angol, Araucanía, Chile to Cauquenes, Chile",,1.93309134294202,296.90339634743060,-72.157,-36.429
"Directions from Dilman Bullock 3056, 4651861 Araucanía, Angol, Araucanía, Chile to Cauquenes, Chile",,1.93314519459009,307.11640872745483,-72.157,-36.429
"Directions from Dilman Bullock 3056, 4651861 Araucanía, Angol, Araucanía, Chile to Cauquenes, Chile",,1.93330920678476,327.93317840254855,-72.157,-36.429
"Directions from Dilman Bullock 3056, 4651861 Araucanía, Angol, Araucanía, Chile to Cauquenes, Chile",,1.93335392814431,341.06250817860030,-72.157,-36.429
"Directions from Dilman Bullock 3056, 4651861 Araucanía, Angol, Araucanía, Chile to Cauquenes, Chile",,1.93345590853458,354.34503376103260,-72.157,-36.429
"Directions from Dilman Bullock 3056, 4651861 Araucanía, Angol, Araucanía, Chile to Cauquenes, Chile",,1.93351590853459,1.84569299381626,-72.157,-36.429
"Directions from Dilman Bullock 3056, 4651861 Araucanía, Angol, Araucanía, Chile to Cauquenes, Chile",,1.93382655302593,1.84569299381626,-72.157,-36.428
"Directions from Dilman Bullock 3056, 4651861 Araucanía, Angol, Araucanía, Chile to Cauquenes, Chile",,1.93393655302593,3.17009587171376,-72.157,-36.428
"Directions from Dilman Bullock 3056, 4651861 Araucanía, Angol, Araucanía, Chile to Cauquenes, Chile",,1.93411766072869,5.03075250401897,-72.157,-36.428
"Directions from Dilman Bullock 3056, 4651861 Araucanía, Angol, Araucanía, Chile to Cauquenes, Chile",,1.93535025960910,4.83408815941432,-72.157,-36.427
"Directions from Dilman Bullock 3056, 4651861 Araucanía, Angol, Araucanía, Chile to Cauquenes, Chile",,1.93583285674958,2.97343152710911,-72.157,-36.426
"Directions from Dilman Bullock 3056, 4651861 Araucanía, Angol, Araucanía, Chile to Cauquenes, Chile",,1.93588285674958,5.39214893351405,-72.157,-36.426
"Directions from Dilman Bullock 3056, 4651861 Araucanía, Angol, Araucanía, Chile to Cauquenes, Chile",,1.93609663233285,12.88486683884986,-72.156,-36.426
"Directions from Dilman Bullock 3056, 4651861 Araucanía, Angol, Araucanía, Chile to Cauquenes, Chile",,1.93814633962902,16.71019231592444,-72.156,-36.424
"Directions from Dilman Bullock 3056, 4651861 Araucanía, Angol, Araucanía, Chile to Cauquenes, Chile",,1.93836769906524,14.87244064775531,-72.156,-36.424
"Directions from Dilman Bullock 3056, 4651861 Araucanía, Angol, Araucanía, Chile to Cauquenes, Chile",,1.93887760101660,5.65496623716670,-72.156,-36.423
"Directions from Dilman Bullock 3056, 4651861 Araucanía, Angol, Araucanía, Chile to Cauquenes, Chile",,1.93888760101660,7.44813858837390,-72.156,-36.423
"Directions from Dilman Bullock 3056, 4651861 Araucanía, Angol, Araucanía, Chile to Cauquenes, Chile",,1.94098819617035,13.65184785162380,-72.155,-36.421
"Directions from Dilman Bullock 3056, 4651861 Araucanía, Angol, Araucanía, Chile to Cauquenes, Chile",,1.94150015319980,9.20821224288946,-72.155,-36.421
"Directions from Dilman Bullock 3056, 4651861 Araucanía, Angol, Araucanía, Chile to Cauquenes, Chile",,1.94169120293155,3.81646792833153,-72.155,-36.421
"Directions from Dilman Bullock 3056, 4651861 Araucanía, Angol, Araucanía, Chile to Cauquenes, Chile",,1.94557276189670,0.88449109695072,-72.155,-36.417
"Directions from Dilman Bullock 3056, 4651861 Araucanía, Angol, Araucanía, Chile to Cauquenes, Chile",,1.94952277455491,0.67555053806264,-72.155,-36.413
"Directions from Dilman Bullock 3056, 4651861 Araucanía, Angol, Araucanía, Chile to Cauquenes, Chile",,1.95047298505790,3.08789475286606,-72.155,-36.412
"Directions from Dilman Bullock 3056, 4651861 Araucanía, Angol, Araucanía, Chile to Cauquenes, Chile",,1.95070385298552,6.17789193910775,-72.155,-36.412
"Directions from Dilman Bullock 3056, 4651861 Araucanía, Angol, Araucanía, Chile to Cauquenes, Chile",,1.95124837112112,13.54798767453320,-72.155,-36.411
"Directions from Dilman Bullock 3056, 4651861 Araucanía, Angol, Araucanía, Chile to Cauquenes, Chile",,1.95536983930613,20.17846151089046,-72.154,-36.407
"Directions from Dilman Bullock 3056, 4651861 Araucanía, Angol, Araucanía, Chile to Cauquenes, Chile",,1.95684455961859,21.76032800777945,-72.153,-36.406
"Directions from Dilman Bullock 3056, 4651861 Araucanía, Angol, Araucanía, Chile to Cauquenes, Chile",,1.95753918181806,21.45328983991471,-72.153,-36.405
"Directions from Dilman Bullock 3056, 4651861 Araucanía, Angol, Araucanía, Chile to Cauquenes, Chile",,1.96048757120890,21.00007894814727,-72.152,-36.402
"Directions from Dilman Bullock 3056, 4651861 Araucanía, Angol, Araucanía, Chile to Cauquenes, Chile",,1.96177073137038,10.98362170360920,-72.151,-36.401
"Directions from Dilman Bullock 3056, 4651861 Araucanía, Angol, Araucanía, Chile to Cauquenes, Chile",,1.96178073137038,10.98576354832541,-72.151,-36.401
"Directions from Dilman Bullock 3056, 4651861 Araucanía, Angol, Araucanía, Chile to Cauquenes, Chile",,1.96490785464905,21.61604312930220,-72.150,-36.398
"Directions from Dilman Bullock 3056, 4651861 Araucanía, Angol, Araucanía, Chile to Cauquenes, Chile",,1.96785868504065,20.27530268980045,-72.149,-36.396
"Directions from Dilman Bullock 3056, 4651861 Araucanía, Angol, Araucanía, Chile to Cauquenes, Chile",,1.96807058124165,21.24431836634968,-72.149,-36.395
"Directions from Dilman Bullock 3056, 4651861 Araucanía, Angol, Araucanía, Chile to Cauquenes, Chile",,1.96822289670377,21.91106094915153,-72.149,-36.395
"Directions from Dilman Bullock 3056, 4651861 Araucanía, Angol, Araucanía, Chile to Cauquenes, Chile",,1.97021025676173,19.84636246039933,-72.148,-36.393
"Directions from Dilman Bullock 3056, 4651861 Araucanía, Angol, Araucanía, Chile to Cauquenes, Chile",,1.97106728651618,21.75657415940037,-72.148,-36.393
"Directions from Dilman Bullock 3056, 4651861 Araucanía, Angol, Araucanía, Chile to Cauquenes, Chile",,1.97118811697591,344.06701115439932,-72.148,-36.392
"Directions from Dilman Bullock 3056, 4651861 Araucanía, Angol, Araucanía, Chile to Cauquenes, Chile",,1.97126022800143,309.34503376377285,-72.148,-36.392
"Directions from Dilman Bullock 3056, 4651861 Araucanía, Angol, Araucanía, Chile to Cauquenes, Chile",,1.97138750722204,319.06505117653518,-72.148,-36.392
"Directions from Dilman Bullock 3056, 4651861 Araucanía, Angol, Araucanía, Chile to Cauquenes, Chile",,1.97153750722204,326.21518990114640,-72.148,-36.392
"Directions from Dilman Bullock 3056, 4651861 Araucanía, Angol, Araucanía, Chile to Cauquenes, Chile",,1.97451475427259,334.37211611593477,-72.150,-36.390
"Directions from Dilman Bullock 3056, 4651861 Araucanía, Angol, Araucanía, Chile to Cauquenes, Chile",,1.97460019431004,335.19467534140102,-72.150,-36.390
"Directions from Dilman Bullock 3056, 4651861 Araucanía, Angol, Araucanía, Chile to Cauquenes, Chile",,1.97490906321427,329.99081968404062,-72.150,-36.389
"Directions from Dilman Bullock 3056, 4651861 Araucanía, Angol, Araucanía, Chile to Cauquenes, Chile",,1.97543384888481,330.36774385067997,-72.150,-36.389
"Directions from Dilman Bullock 3056, 4651861 Araucanía, Angol, Araucanía, Chile to Cauquenes, Chile",,1.97572914534601,330.33049043895357,-72.150,-36.389
"Directions from Dilman Bullock 3056, 4651861 Araucanía, Angol, Araucanía, Chile to Cauquenes, Chile",,1.97704797058084,330.53223280654299,-72.151,-36.387
"Directions from Dilman Bullock 3056, 4651861 Araucanía, Angol, Araucanía, Chile to Cauquenes, Chile",,1.97724032442145,330.45017593735008,-72.151,-36.387
"Directions from Dilman Bullock 3056, 4651861 Araucanía, Angol, Araucanía, Chile to Cauquenes, Chile",,1.98094644098735,335.18133704972519,-72.153,-36.384
"Directions from Dilman Bullock 3056, 4651861 Araucanía, Angol, Araucanía, Chile to Cauquenes, Chile",,1.98097806376394,334.82208748651760,-72.153,-36.384
"Directions from Dilman Bullock 3056, 4651861 Araucanía, Angol, Araucanía, Chile to Cauquenes, Chile",,1.98169674310830,324.70965776378426,-72.153,-36.384
"Directions from Dilman Bullock 3056, 4651861 Araucanía, Angol, Araucanía, Chile to Cauquenes, Chile",,1.98176077435068,326.36486603992807,-72.153,-36.383
"Directions from Dilman Bullock 3056, 4651861 Araucanía, Angol, Araucanía, Chile to Cauquenes, Chile",,1.98188607399154,329.43601485864741,-72.153,-36.383
"Directions from Dilman Bullock 3056, 4651861 Araucanía, Angol, Araucanía, Chile to Cauquenes, Chile",,1.98283480999275,329.43601485864741,-72.154,-36.383
"Directions from Dilman Bullock 3056, 4651861 Araucanía, Angol, Araucanía, Chile to Cauquenes, Chile",,1.98296010963361,328.84973640299029,-72.154,-36.382
"Directions from Dilman Bullock 3056, 4651861 Araucanía, Angol, Araucanía, Chile to Cauquenes, Chile",,1.98314038719739,329.46125515863281,-72.154,-36.382
"Directions from Dilman Bullock 3056, 4651861 Araucanía, Angol, Araucanía, Chile to Cauquenes, Chile",,1.98407515989703,334.08431153099622,-72.154,-36.381
"Directions from Dilman Bullock 3056, 4651861 Araucanía, Angol, Araucanía, Chile to Cauquenes, Chile",,1.98419599035677,330.93298884638364,-72.155,-36.381
"Directions from Dilman Bullock 3056, 4651861 Araucanía, Angol, Araucanía, Chile to Cauquenes, Chile",,1.98426810138227,328.71167535346206,-72.155,-36.381
"Directions from Dilman Bullock 3056, 4651861 Araucanía, Angol, Araucanía, Chile to Cauquenes, Chile",,1.98493052118874,329.58748465826920,-72.155,-36.381
"Directions from Dilman Bullock 3056, 4651861 Araucanía, Angol, Araucanía, Chile to Cauquenes, Chile",,1.98583787999318,330.08214002612340,-72.155,-36.380
"Directions from Dilman Bullock 3056, 4651861 Araucanía, Angol, Araucanía, Chile to Cauquenes, Chile",,1.98603023383380,330.56948621767066,-72.155,-36.380
"Directions from Dilman Bullock 3056, 4651861 Araucanía, Angol, Araucanía, Chile to Cauquenes, Chile",,1.98614685287170,326.90932524955025,-72.155,-36.380
"Directions from Dilman Bullock 3056, 4651861 Araucanía, Angol, Araucanía, Chile to Cauquenes, Chile",,1.98635493939216,321.71731490648574,-72.156,-36.380
"Directions from Dilman Bullock 3056, 4651861 Araucanía, Angol, Araucanía, Chile to Cauquenes, Chile",,1.98668795590827,314.22889693476412,-72.156,-36.379
"Directions from Dilman Bullock 3056, 4651861 Araucanía, Angol, Araucanía, Chile to Cauquenes, Chile",,1.98684416090179,312.40278554573638,-72.156,-36.379
"Directions from Dilman Bullock 3056, 4651861 Araucanía, Angol, Araucanía, Chile to Cauquenes, Chile",,1.98695729798678,312.55045377421334,-72.156,-36.379
"Directions from Dilman Bullock 3056, 4651861 Araucanía, Angol, Araucanía, Chile to Cauquenes, Chile",,1.98720569283375,311.77637492428420,-72.156,-36.379
"Directions from Dilman Bullock 3056, 4651861 Araucanía, Angol, Araucanía, Chile to Cauquenes, Chile",,1.98746741788031,312.11292206229899,-72.156,-36.379
"Directions from Dilman Bullock 3056, 4651861 Araucanía, Angol, Araucanía, Chile to Cauquenes, Chile",,1.98890675800690,310.24427753631471,-72.158,-36.378
"Directions from Dilman Bullock 3056, 4651861 Araucanía, Angol, Araucanía, Chile to Cauquenes, Chile",,1.99051874435920,310.49963207258975,-72.159,-36.377
"Directions from Dilman Bullock 3056, 4651861 Araucanía, Angol, Araucanía, Chile to Cauquenes, Chile",,1.99106436327383,310.51448515722495,-72.159,-36.376
"Directions from Dilman Bullock 3056, 4651861 Araucanía, Angol, Araucanía, Chile to Cauquenes, Chile",,1.99345737392988,312.37212970490509,-72.161,-36.375
"Directions from Dilman Bullock 3056, 4651861 Araucanía, Angol, Araucanía, Chile to Cauquenes, Chile",,1.99348565820113,312.40278554148870,-72.161,-36.375
"Directions from Dilman Bullock 3056, 4651861 Araucanía, Angol, Araucanía, Chile to Cauquenes, Chile",,1.99371996569142,307.39879564599346,-72.161,-36.375
"Directions from Dilman Bullock 3056, 4651861 Araucanía, Angol, Araucanía, Chile to Cauquenes, Chile",,1.99445235902835,304.34104386232622,-72.162,-36.374
"Directions from Dilman Bullock 3056, 4651861 Araucanía, Angol, Araucanía, Chile to Cauquenes, Chile",,1.99657963428088,296.79690853169262,-72.164,-36.373
"Directions from Dilman Bullock 3056, 4651861 Araucanía, Angol, Araucanía, Chile to Cauquenes, Chile",,1.99719648110141,286.96999650194732,-72.164,-36.373
"Directions from Dilman Bullock 3056, 4651861 Araucanía, Angol, Araucanía, Chile to Cauquenes, Chile",,1.99732017427018,285.44732111717110,-72.164,-36.373
"Directions from Dilman Bullock 3056, 4651861 Araucanía, Angol, Araucanía, Chile to Cauquenes, Chile",,1.99766499306317,285.44732111796935,-72.165,-36.373
"Directions from Dilman Bullock 3056, 4651861 Araucanía, Angol, Araucanía, Chile to Cauquenes, Chile",,1.99791237940070,285.29665742165867,-72.165,-36.373
"Directions from Dilman Bullock 3056, 4651861 Araucanía, Angol, Araucanía, Chile to Cauquenes, Chile",,1.99829838458202,287.69089069715449,-72.165,-36.373
"Directions from Dilman Bullock 3056, 4651861 Araucanía, Angol, Araucanía, Chile to Cauquenes, Chile",,1.99876325015398,290.31305975256487,-72.166,-36.372
"Directions from Dilman Bullock 3056, 4651861 Araucanía, Angol, Araucanía, Chile to Cauquenes, Chile",,1.99984028311541,290.11817915354897,-72.167,-36.372
"Directions from Dilman Bullock 3056, 4651861 Araucanía, Angol, Araucanía, Chile to Cauquenes, Chile",,1.99990352866862,291.05274365301494,-72.167,-36.372
"Directions from Dilman Bullock 3056, 4651861 Araucanía, Angol, Araucanía, Chile to Cauquenes, Chile",,2.00070058575565,292.73597398561600,-72.167,-36.372
"Directions from Dilman Bullock 3056, 4651861 Araucanía, Angol, Araucanía, Chile to Cauquenes, Chile",,2.00156221212479,290.54572785245733,-72.168,-36.371
"Directions from Dilman Bullock 3056, 4651861 Araucanía, Angol, Araucanía, Chile to Cauquenes, Chile",,2.00177410832580,292.92754869795203,-72.168,-36.371
"Directions from Dilman Bullock 3056, 4651861 Araucanía, Angol, Araucanía, Chile to Cauquenes, Chile",,2.00181882968535,293.13183627580440,-72.168,-36.371
"Directions from Dilman Bullock 3056, 4651861 Araucanía, Angol, Araucanía, Chile to Cauquenes, Chile",,2.00267917845184,288.23058791828191,-72.169,-36.371
"Directions from Dilman Bullock 3056, 4651861 Araucanía, Angol, Araucanía, Chile to Cauquenes, Chile",,2.00354601176914,284.32560625050661,-72.170,-36.371
"Directions from Dilman Bullock 3056, 4651861 Araucanía, Angol, Araucanía, Chile to Cauquenes, Chile",,2.00374017664754,275.94432901949000,-72.170,-36.371
"Directions from Dilman Bullock 3056, 4651861 Araucanía, Angol, Araucanía, Chile to Cauquenes, Chile",,2.00380017664754,274.60551327072710,-72.170,-36.371
"Directions from Dilman Bullock 3056, 4651861 Araucanía, Angol, Araucanía, Chile to Cauquenes, Chile",,2.00417500994383,281.35337991103256,-72.171,-36.371
"Directions from Dilman Bullock 3056, 4651861 Araucanía, Angol, Araucanía, Chile to Cauquenes, Chile",,2.00468920834910,281.90028987481065,-72.171,-36.371
"Directions from Dilman Bullock 3056, 4651861 Araucanía, Angol, Araucanía, Chile to Cauquenes, Chile",,2.00513642194461,277.74963768828911,-72.172,-36.370
"Directions from Dilman Bullock 3056, 4651861 Araucanía, Angol, Araucanía, Chile to Cauquenes, Chile",,2.00535732916496,272.59721445378398,-72.172,-36.370
"Directions from Dilman Bullock 3056, 4651861 Araucanía, Angol, Araucanía, Chile to Cauquenes, Chile",,2.00550732916495,265.69217590784484,-72.172,-36.370
"Directions from Dilman Bullock 3056, 4651861 Araucanía, Angol, Araucanía, Chile to Cauquenes, Chile",,2.00584109555032,262.83687933909499,-72.172,-36.370
"Directions from Dilman Bullock 3056, 4651861 Araucanía, Angol, Araucanía, Chile to Cauquenes, Chile",,2.00604209306273,267.14470343125021,-72.173,-36.371
"Directions from Dilman Bullock 3056, 4651861 Araucanía, Angol, Araucanía, Chile to Cauquenes, Chile",,2.00627209306274,273.17009587305427,-72.173,-36.371
"Directions from Dilman Bullock 3056, 4651861 Araucanía, Angol, Araucanía, Chile to Cauquenes, Chile",,2.00672486231964,277.35303893510502,-72.173,-36.370
"Directions from Dilman Bullock 3056, 4651861 Araucanía, Angol, Araucanía, Chile to Cauquenes, Chile",,2.00706851912520,279.57509199574298,-72.174,-36.370
"Directions from Dilman Bullock 3056, 4651861 Araucanía, Angol, Araucanía, Chile to Cauquenes, Chile",,2.00728229470846,275.39214893369217,-72.174,-36.370
"Directions from Dilman Bullock 3056, 4651861 Araucanía, Angol, Araucanía, Chile to Cauquenes, Chile",,2.00729229470846,277.01812173396326,-72.174,-36.370
"Directions from Dilman Bullock 3056, 4651861 Araucanía, Angol, Araucanía, Chile to Cauquenes, Chile",,2.00737475682097,287.91882647643723,-72.174,-36.370
"Directions from Dilman Bullock 3056, 4651861 Araucanía, Angol, Araucanía, Chile to Cauquenes, Chile",,2.00748246011712,297.74573850591133,-72.174,-36.370
"Directions from Dilman Bullock 3056, 4651861 Araucanía, Angol, Araucanía, Chile to Cauquenes, Chile",,2.00773484870640,306.89548753606499,-72.174,-36.370
"Directions from Dilman Bullock 3056, 4651861 Araucanía, Angol, Araucanía, Chile to Cauquenes, Chile",,2.00823163840033,307.81929267026533,-72.175,-36.370
"Directions from Dilman Bullock 3056, 4651861 Araucanía, Angol, Araucanía, Chile to Cauquenes, Chile",,2.00831766165300,307.41354232808169,-72.175,-36.370
"Directions from Dilman Bullock 3056, 4651861 Araucanía, Angol, Araucanía, Chile to Cauquenes, Chile",,2.00845978835704,306.30001884293330,-72.175,-36.370
"Directions from Dilman Bullock 3056, 4651861 Araucanía, Angol, Araucanía, Chile to Cauquenes, Chile",,2.00887859618887,302.37009821981707,-72.175,-36.369
"Directions from Dilman Bullock 3056, 4651861 Araucanía, Angol, Araucanía, Chile to Cauquenes, Chile",,2.00951144688216,306.53155247631480,-72.176,-36.369
"Directions from Dilman Bullock 3056, 4651861 Araucanía, Angol, Araucanía, Chile to Cauquenes, Chile",,2.00963186282795,313.31676967000482,-72.176,-36.369
"Directions from Dilman Bullock 3056, 4651861 Araucanía, Angol, Araucanía, Chile to Cauquenes, Chile",,2.00977328418418,318.17009587000086,-72.176,-36.369
"Directions from Dilman Bullock 3056, 4651861 Araucanía, Angol, Araucanía, Chile to Cauquenes, Chile",,2.00983731542656,328.16164913075033,-72.176,-36.369
"Directions from Dilman Bullock 3056, 4651861 Araucanía, Angol, Araucanía, Chile to Cauquenes, Chile",,2.01000284488013,339.51885531168978,-72.176,-36.369
"Directions from Dilman Bullock 3056, 4651861 Araucanía, Angol, Araucanía, Chile to Cauquenes, Chile",,2.01014844707792,333.59235322862907,-72.176,-36.369
"Directions from Dilman Bullock 3056, 4651861 Araucanía, Angol, Araucanía, Chile to Cauquenes, Chile",,2.01019844707791,334.54692944234841,-72.176,-36.369
"Directions from Dilman Bullock 3056, 4651861 Araucanía, Angol, Araucanía, Chile to Cauquenes, Chile",,2.01023967813417,333.65197413758983,-72.176,-36.369
"Directions from Dilman Bullock 3056, 4651861 Araucanía, Angol, Araucanía, Chile to Cauquenes, Chile",,2.01030370937654,318.17009587394796,-72.176,-36.368
"Directions from Dilman Bullock 3056, 4651861 Araucanía, Angol, Araucanía, Chile to Cauquenes, Chile",,2.01037442005466,306.80522983181572,-72.176,-36.368
"Directions from Dilman Bullock 3056, 4651861 Araucanía, Angol, Araucanía, Chile to Cauquenes, Chile",,2.01049971969553,306.80522983181572,-72.176,-36.368
"Directions from Dilman Bullock 3056, 4651861 Araucanía, Angol, Araucanía, Chile to Cauquenes, Chile",,2.01051386183116,300.47269795084549,-72.176,-36.368
"Directions from Dilman Bullock 3056, 4651861 Araucanía, Angol, Araucanía, Chile to Cauquenes, Chile",,2.01058666293004,288.87340269331946,-72.176,-36.368
"Directions from Dilman Bullock 3056, 4651861 Araucanía, Angol, Araucanía, Chile to Cauquenes, Chile",,2.01069436622619,290.11817915469834,-72.176,-36.368
"Directions from Dilman Bullock 3056, 4651861 Araucanía, Angol, Araucanía, Chile to Cauquenes, Chile",,2.01094734843899,287.41224457919310,-72.177,-36.368
"Directions from Dilman Bullock 3056, 4651861 Araucanía, Angol, Araucanía, Chile to Cauquenes, Chile",,2.01236495205073,285.56655158521465,-72.178,-36.368
"Directions from Dilman Bullock 3056, 4651861 Araucanía, Angol, Araucanía, Chile to Cauquenes, Chile",,2.01334729618596,290.65430700678490,-72.179,-36.368
"Directions from Dilman Bullock 3056, 4651861 Araucanía, Angol, Araucanía, Chile to Cauquenes, Chile",,2.01336965686572,290.40754193747449,-72.179,-36.368
"Directions from Dilman Bullock 3056, 4651861 Araucanía, Angol, Araucanía, Chile to Cauquenes, Chile",,2.01531965686573,277.12501634893550,-72.181,-36.367
"Directions from Dilman Bullock 3056, 4651861 Araucanía, Angol, Araucanía, Chile to Cauquenes, Chile",,2.01534965686572,277.37178141733887,-72.181,-36.367
"Directions from Dilman Bullock 3056, 4651861 Araucanía, Angol, Araucanía, Chile to Cauquenes, Chile",,2.01554612569277,277.37178141733887,-72.181,-36.367
"Directions from Dilman Bullock 3056, 4651861 Araucanía, Angol, Araucanía, Chile to Cauquenes, Chile",,2.01556612569277,276.35201180709379,-72.181,-36.367
"Directions from Dilman Bullock 3056, 4651861 Araucanía, Angol, Araucanía, Chile to Cauquenes, Chile",,2.01733954047787,284.11406730570422,-72.183,-36.367
"Directions from Dilman Bullock 3056, 4651861 Araucanía, Angol, Araucanía, Chile to Cauquenes, Chile",,2.01752635589479,284.14767678098542,-72.183,-36.367
"Directions from Dilman Bullock 3056, 4651861 Araucanía, Angol, Araucanía, Chile to Cauquenes, Chile",,2.01829538125197,281.80577400946913,-72.184,-36.366
"Directions from Dilman Bullock 3056, 4651861 Araucanía, Angol, Araucanía, Chile to Cauquenes, Chile",,2.01877392069654,279.28106562733763,-72.184,-36.366
"Directions from Dilman Bullock 3056, 4651861 Araucanía, Angol, Araucanía, Chile to Cauquenes, Chile",,2.01936931972241,275.90372128940430,-72.185,-36.366
"Directions from Dilman Bullock 3056, 4651861 Araucanía, Angol, Araucanía, Chile to Cauquenes, Chile",,2.01950967641089,285.32533398584201,-72.185,-36.366
"Directions from Dilman Bullock 3056, 4651861 Araucanía, Angol, Araucanía, Chile to Cauquenes, Chile",,2.01953203709066,284.45117852620086,-72.185,-36.366
"Directions from Dilman Bullock 3056, 4651861 Araucanía, Angol, Araucanía, Chile to Cauquenes, Chile",,2.02002244508406,270.72795093124540,-72.185,-36.366
"Directions from Dilman Bullock 3056, 4651861 Araucanía, Angol, Araucanía, Chile to Cauquenes, Chile",,2.02132259892112,266.70400143216983,-72.187,-36.366
"Directions from Dilman Bullock 3056, 4651861 Araucanía, Angol, Araucanía, Chile to Cauquenes, Chile",,2.02142309767733,267.14470343044405,-72.187,-36.366
"Directions from Dilman Bullock 3056, 4651861 Araucanía, Angol, Araucanía, Chile to Cauquenes, Chile",,2.02176309767733,268.25533754705350,-72.187,-36.366
"Directions from Dilman Bullock 3056, 4651861 Araucanía, Angol, Araucanía, Chile to Cauquenes, Chile",,2.02258462065327,264.69282937385526,-72.188,-36.366
"Directions from Dilman Bullock 3056, 4651861 Araucanía, Angol, Araucanía, Chile to Cauquenes, Chile",,2.02266524323075,266.43749182680176,-72.188,-36.366
"Directions from Dilman Bullock 3056, 4651861 Araucanía, Angol, Araucanía, Chile to Cauquenes, Chile",,2.02271524323075,263.95262146109673,-72.188,-36.366
"Directions from Dilman Bullock 3056, 4651861 Araucanía, Angol, Araucanía, Chile to Cauquenes, Chile",,2.02285842144139,263.95262146109673,-72.188,-36.366
"Directions from Dilman Bullock 3056, 4651861 Araucanía, Angol, Araucanía, Chile to Cauquenes, Chile",,2.02288842144138,264.07896194237668,-72.188,-36.366
"Directions from Dilman Bullock 3056, 4651861 Araucanía, Angol, Araucanía, Chile to Cauquenes, Chile",,2.02352190387997,250.79643635383772,-72.189,-36.366
"Directions from Dilman Bullock 3056, 4651861 Araucanía, Angol, Araucanía, Chile to Cauquenes, Chile",,2.02354426455975,250.49580730749767,-72.189,-36.366
"Directions from Dilman Bullock 3056, 4651861 Araucanía, Angol, Araucanía, Chile to Cauquenes, Chile",,2.02572550274023,259.98101121200767,-72.191,-36.367
"Directions from Dilman Bullock 3056, 4651861 Araucanía, Angol, Araucanía, Chile to Cauquenes, Chile",,2.02587683019974,266.20267831597096,-72.191,-36.367
"Directions from Dilman Bullock 3056, 4651861 Araucanía, Angol, Araucanía, Chile to Cauquenes, Chile",,2.02601683019974,274.73116110511313,-72.191,-36.367
"Directions from Dilman Bullock 3056, 4651861 Araucanía, Angol, Araucanía, Chile to Cauquenes, Chile",,2.02607765782505,283.40817342382326,-72.191,-36.367
"Directions from Dilman Bullock 3056, 4651861 Araucanía, Angol, Araucanía, Chile to Cauquenes, Chile",,2.02624528837119,292.62564783440405,-72.192,-36.367
"Directions from Dilman Bullock 3056, 4651861 Araucanía, Angol, Araucanía, Chile to Cauquenes, Chile",,2.02643764221180,283.94863551569387,-72.192,-36.367
"Directions from Dilman Bullock 3056, 4651861 Araucanía, Angol, Araucanía, Chile to Cauquenes, Chile",,2.02645764221181,282.22197738979003,-72.192,-36.367
"Directions from Dilman Bullock 3056, 4651861 Araucanía, Angol, Araucanía, Chile to Cauquenes, Chile",,2.02657847267153,291.62191996904198,-72.192,-36.367
"Directions from Dilman Bullock 3056, 4651861 Araucanía, Angol, Araucanía, Chile to Cauquenes, Chile",,2.02707496033503,286.95473014050191,-72.192,-36.367
"Directions from Dilman Bullock 3056, 4651861 Araucanía, Angol, Araucanía, Chile to Cauquenes, Chile",,2.02811076919770,287.19981067066294,-72.193,-36.366
"Directions from Dilman Bullock 3056, 4651861 Araucanía, Angol, Araucanía, Chile to Cauquenes, Chile",,2.02832266539871,285.58935212911899,-72.194,-36.366
"Directions from Dilman Bullock 3056, 4651861 Araucanía, Angol, Araucanía, Chile to Cauquenes, Chile",,2.02871099515548,279.89791037130846,-72.194,-36.366
"Directions from Dilman Bullock 3056, 4651861 Araucanía, Angol, Araucanía, Chile to Cauquenes, Chile",,2.02907445079239,276.09815801611319,-72.194,-36.366
"Directions from Dilman Bullock 3056, 4651861 Araucanía, Angol, Araucanía, Chile to Cauquenes, Chile",,2.02947557421481,272.61417213719807,-72.195,-36.366
"Directions from Dilman Bullock 3056, 4651861 Araucanía, Angol, Araucanía, Chile to Cauquenes, Chile",,2.03008565617651,270.06036774200084,-72.195,-36.366
"Directions from Dilman Bullock 3056, 4651861 Araucanía, Angol, Araucanía, Chile to Cauquenes, Chile",,2.03078572760143,266.73547569975756,-72.196,-36.366
"Directions from Dilman Bullock 3056, 4651861 Araucanía, Angol, Araucanía, Chile to Cauquenes, Chile",,2.03088622635765,267.49576293716336,-72.196,-36.366
"Directions from Dilman Bullock 3056, 4651861 Araucanía, Angol, Araucanía, Chile to Cauquenes, Chile",,2.03904683907974,271.59583596721956,-72.204,-36.366
"Directions from Dilman Bullock 3056, 4651861 Araucanía, Angol, Araucanía, Chile to Cauquenes, Chile",,2.03927705636841,271.59554941670172,-72.205,-36.366
"Directions from Dilman Bullock 3056, 4651861 Araucanía, Angol, Araucanía, Chile to Cauquenes, Chile",,2.04172724003499,273.20606952575741,-72.207,-36.366
"Directions from Dilman Bullock 3056, 4651861 Araucanía, Angol, Araucanía, Chile to Cauquenes, Chile",,2.04182773879121,273.10769435382480,-72.207,-36.366
"Directions from Dilman Bullock 3056, 4651861 Araucanía, Angol, Araucanía, Chile to Cauquenes, Chile",,2.04409782689522,271.39770280541467,-72.209,-36.366
"Directions from Dilman Bullock 3056, 4651861 Araucanía, Angol, Araucanía, Chile to Cauquenes, Chile",,2.04484842665541,274.65355589364492,-72.210,-36.366
"Directions from Dilman Bullock 3056, 4651861 Araucanía, Angol, Araucanía, Chile to Cauquenes, Chile",,2.04550333122862,280.24085491981333,-72.211,-36.366
"Directions from Dilman Bullock 3056, 4651861 Araucanía, Angol, Araucanía, Chile to Cauquenes, Chile",,2.04623339971855,286.50093151635957,-72.211,-36.366
"Directions from Dilman Bullock 3056, 4651861 Araucanía, Angol, Araucanía, Chile to Cauquenes, Chile",,2.04656233740262,291.74957195685909,-72.212,-36.366
"Directions from Dilman Bullock 3056, 4651861 Araucanía, Angol, Araucanía, Chile to Cauquenes, Chile",,2.04675931455866,292.09367420334809,-72.212,-36.365
"Directions from Dilman Bullock 3056, 4651861 Araucanía, Angol, Araucanía, Chile to Cauquenes, Chile",,2.04696179912597,292.90668628603487,-72.212,-36.365
"Directions from Dilman Bullock 3056, 4651861 Araucanía, Angol, Araucanía, Chile to Cauquenes, Chile",,2.04774900939013,298.64497140563577,-72.213,-36.365
"Directions from Dilman Bullock 3056, 4651861 Araucanía, Angol, Araucanía, Chile to Cauquenes, Chile",,2.04814863421418,303.94731848797284,-72.213,-36.365
"Directions from Dilman Bullock 3056, 4651861 Araucanía, Angol, Araucanía, Chile to Cauquenes, Chile",,2.04865666964602,304.50228705185668,-72.214,-36.365
"Directions from Dilman Bullock 3056, 4651861 Araucanía, Angol, Araucanía, Chile to Cauquenes, Chile",,2.05046520496500,305.73558752507120,-72.215,-36.364
"Directions from Dilman Bullock 3056, 4651861 Araucanía, Angol, Araucanía, Chile to Cauquenes, Chile",,2.05052923620737,303.69980177173329,-72.215,-36.364
"Directions from Dilman Bullock 3056, 4651861 Araucanía, Angol, Araucanía, Chile to Cauquenes, Chile",,2.05088278959796,300.08468045342062,-72.215,-36.363
"Directions from Dilman Bullock 3056, 4651861 Araucanía, Angol, Araucanía, Chile to Cauquenes, Chile",,2.05130469006016,300.73142302580032,-72.216,-36.363
"Directions from Dilman Bullock 3056, 4651861 Araucanía, Angol, Araucanía, Chile to Cauquenes, Chile",,2.05278320282642,298.96527573276450,-72.217,-36.362
"Directions from Dilman Bullock 3056, 4651861 Araucanía, Angol, Araucanía, Chile to Cauquenes, Chile",,2.05297555666704,299.66341832203136,-72.217,-36.362
"Directions from Dilman Bullock 3056, 4651861 Araucanía, Angol, Araucanía, Chile to Cauquenes, Chile",,2.05318650689814,292.73290453889626,-72.217,-36.362
"Directions from Dilman Bullock 3056, 4651861 Araucanía, Angol, Araucanía, Chile to Cauquenes, Chile",,2.05322773795439,290.30064732112527,-72.218,-36.362
"Directions from Dilman Bullock 3056, 4651861 Araucanía, Angol, Araucanía, Chile to Cauquenes, Chile",,2.05340662339259,292.50000000000006,-72.218,-36.362
"Directions from Dilman Bullock 3056, 4651861 Araucanía, Angol, Araucanía, Chile to Cauquenes, Chile",,2.05346986894580,286.23559614440643,-72.218,-36.362
"Directions from Dilman Bullock 3056, 4651861 Araucanía, Angol, Araucanía, Chile to Cauquenes, Chile",,2.05355233105831,280.18821760679401,-72.218,-36.362
"Directions from Dilman Bullock 3056, 4651861 Araucanía, Angol, Araucanía, Chile to Cauquenes, Chile",,2.05373343876107,273.17009587283081,-72.218,-36.362
"Directions from Dilman Bullock 3056, 4651861 Araucanía, Angol, Araucanía, Chile to Cauquenes, Chile",,2.05388343876108,268.30218811723051,-72.218,-36.362
"Directions from Dilman Bullock 3056, 4651861 Araucanía, Angol, Araucanía, Chile to Cauquenes, Chile",,2.06080559160538,265.70497366329641,-72.225,-36.362
"Directions from Dilman Bullock 3056, 4651861 Araucanía, Angol, Araucanía, Chile to Cauquenes, Chile",,2.06135785965624,263.02970441490595,-72.226,-36.363
"Directions from Dilman Bullock 3056, 4651861 Araucanía, Angol, Araucanía, Chile to Cauquenes, Chile",,2.06148938912062,257.65422091876269,-72.226,-36.363
"Directions from Dilman Bullock 3056, 4651861 Araucanía, Angol, Araucanía, Chile to Cauquenes, Chile",,2.06163499131841,251.74927944031680,-72.226,-36.363
"Directions from Dilman Bullock 3056, 4651861 Araucanía, Angol, Araucanía, Chile to Cauquenes, Chile",,2.06189131143077,259.72197739039422,-72.226,-36.363
"Directions from Dilman Bullock 3056, 4651861 Araucanía, Angol, Araucanía, Chile to Cauquenes, Chile",,2.06190131143076,257.88612734136143,-72.226,-36.363
"Directions from Dilman Bullock 3056, 4651861 Araucanía, Angol, Araucanía, Chile to Cauquenes, Chile",,2.06212062855276,242.17134453403372,-72.226,-36.363
"Directions from Dilman Bullock 3056, 4651861 Araucanía, Angol, Araucanía, Chile to Cauquenes, Chile",,2.06233157878386,254.28521719267221,-72.227,-36.363
"Directions from Dilman Bullock 3056, 4651861 Araucanía, Angol, Araucanía, Chile to Cauquenes, Chile",,2.06234157878386,250.67009587179655,-72.227,-36.363
"Directions from Dilman Bullock 3056, 4651861 Araucanía, Angol, Araucanía, Chile to Cauquenes, Chile",,2.06253367251098,233.82506211350412,-72.227,-36.363
"Directions from Dilman Bullock 3056, 4651861 Araucanía, Angol, Araucanía, Chile to Cauquenes, Chile",,2.06256972802374,233.51026281035664,-72.227,-36.363
"Directions from Dilman Bullock 3056, 4651861 Araucanía, Angol, Araucanía, Chile to Cauquenes, Chile",,2.06285398143181,228.34080753400161,-72.227,-36.363
"Directions from Dilman Bullock 3056, 4651861 Araucanía, Angol, Araucanía, Chile to Cauquenes, Chile",,2.06327123435271,224.46280672094784,-72.227,-36.363
"Directions from Dilman Bullock 3056, 4651861 Araucanía, Angol, Araucanía, Chile to Cauquenes, Chile",,2.06406369886295,223.97729575559532,-72.228,-36.364
"Directions from Dilman Bullock 3056, 4651861 Araucanía, Angol, Araucanía, Chile to Cauquenes, Chile",,2.06430411516855,226.01068247002044,-72.228,-36.364
"Directions from Dilman Bullock 3056, 4651861 Araucanía, Angol, Araucanía, Chile to Cauquenes, Chile",,2.06490553016670,228.21003514823664,-72.228,-36.365
"Directions from Dilman Bullock 3056, 4651861 Araucanía, Angol, Araucanía, Chile to Cauquenes, Chile",,2.06508992105585,234.82691202924408,-72.229,-36.365
"Directions from Dilman Bullock 3056, 4651861 Araucanía, Angol, Araucanía, Chile to Cauquenes, Chile",,2.06549303394326,244.22685460855385,-72.229,-36.365
"Directions from Dilman Bullock 3056, 4651861 Araucanía, Angol, Araucanía, Chile to Cauquenes, Chile",,2.06586999547977,253.21515079110921,-72.229,-36.365
"Directions from Dilman Bullock 3056, 4651861 Araucanía, Angol, Araucanía, Chile to Cauquenes, Chile",,2.06611514849321,260.05080435636955,-72.229,-36.365
"Directions from Dilman Bullock 3056, 4651861 Araucanía, Angol, Araucanía, Chile to Cauquenes, Chile",,2.06632728052757,265.93494882278634,-72.230,-36.365
"Directions from Dilman Bullock 3056, 4651861 Araucanía, Angol, Araucanía, Chile to Cauquenes, Chile",,2.06641728052757,267.61817915547920,-72.230,-36.365
"Directions from Dilman Bullock 3056, 4651861 Araucanía, Angol, Araucanía, Chile to Cauquenes, Chile",,2.06653769647336,270.21539360851233,-72.230,-36.365
"Directions from Dilman Bullock 3056, 4651861 Araucanía, Angol, Araucanía, Chile to Cauquenes, Chile",,2.06664815008352,272.59721445303313,-72.230,-36.365
"Directions from Dilman Bullock 3056, 4651861 Araucanía, Angol, Araucanía, Chile to Cauquenes, Chile",,2.06672815008353,274.06505117748515,-72.230,-36.365
"Directions from Dilman Bullock 3056, 4651861 Araucanía, Angol, Araucanía, Chile to Cauquenes, Chile",,2.06694028211788,281.38599344811263,-72.230,-36.365
"Directions from Dilman Bullock 3056, 4651861 Araucanía, Angol, Araucanía, Chile to Cauquenes, Chile",,2.06808753971755,290.60346785916647,-72.231,-36.365
"Directions from Dilman Bullock 3056, 4651861 Araucanía, Angol, Araucanía, Chile to Cauquenes, Chile",,2.06824406447598,300.57866993194949,-72.232,-36.365
"Directions from Dilman Bullock 3056, 4651861 Araucanía, Angol, Araucanía, Chile to Cauquenes, Chile",,2.06859634277506,307.75333595414639,-72.232,-36.365
"Directions from Dilman Bullock 3056, 4651861 Araucanía, Angol, Araucanía, Chile to Cauquenes, Chile",,2.06879483710746,290.45719161073589,-72.232,-36.364
"Directions from Dilman Bullock 3056, 4651861 Araucanía, Angol, Araucanía, Chile to Cauquenes, Chile",,2.06880483710747,289.90278554607698,-72.232,-36.364
"Directions from Dilman Bullock 3056, 4651861 Araucanía, Angol, Araucanía, Chile to Cauquenes, Chile",,2.06974206706857,314.82478573368701,-72.233,-36.364
"Directions from Dilman Bullock 3056, 4651861 Araucanía, Angol, Araucanía, Chile to Cauquenes, Chile",,2.07016075549689,317.42200018760997,-72.233,-36.364
"Directions from Dilman Bullock 3056, 4651861 Araucanía, Angol, Araucanía, Chile to Cauquenes, Chile",,2.07027389258187,310.26883889763764,-72.233,-36.363
"Directions from Dilman Bullock 3056, 4651861 Araucanía, Angol, Araucanía, Chile to Cauquenes, Chile",,2.07035991583454,302.07406873087956,-72.233,-36.363
"Directions from Dilman Bullock 3056, 4651861 Araucanía, Angol, Araucanía, Chile to Cauquenes, Chile",,2.07048521547541,295.12067325129169,-72.233,-36.363
"Directions from Dilman Bullock 3056, 4651861 Araucanía, Angol, Araucanía, Chile to Cauquenes, Chile",,2.07110915457500,292.44929582306452,-72.234,-36.363
"Directions from Dilman Bullock 3056, 4651861 Araucanía, Angol, Araucanía, Chile to Cauquenes, Chile",,2.07219768569537,292.53455714839117,-72.235,-36.363
"Directions from Dilman Bullock 3056, 4651861 Araucanía, Angol, Araucanía, Chile to Cauquenes, Chile",,2.07295160876836,297.35332620447321,-72.235,-36.362
"Directions from Dilman Bullock 3056, 4651861 Araucanía, Angol, Araucanía, Chile to Cauquenes, Chile",,2.07335657790299,308.95262146255072,-72.236,-36.362
"Directions from Dilman Bullock 3056, 4651861 Araucanía, Angol, Araucanía, Chile to Cauquenes, Chile",,2.07345557285236,321.19037846564964,-72.236,-36.362
"Directions from Dilman Bullock 3056, 4651861 Araucanía, Angol, Araucanía, Chile to Cauquenes, Chile",,2.07404920573554,330.40785287565660,-72.236,-36.362
"Directions from Dilman Bullock 3056, 4651861 Araucanía, Angol, Araucanía, Chile to Cauquenes, Chile",,2.07425045185351,331.00269160495662,-72.236,-36.361
"Directions from Dilman Bullock 3056, 4651861 Araucanía, Angol, Araucanía, Chile to Cauquenes, Chile",,2.07446140208461,332.68592193351293,-72.236,-36.361
"Directions from Dilman Bullock 3056, 4651861 Araucanía, Angol, Araucanía, Chile to Cauquenes, Chile",,2.07453755981567,340.20593457261089,-72.236,-36.361
"Directions from Dilman Bullock 3056, 4651861 Araucanía, Angol, Araucanía, Chile to Cauquenes, Chile",,2.07471476026714,347.07406873050638,-72.237,-36.361
"Directions from Dilman Bullock 3056, 4651861 Araucanía, Angol, Araucanía, Chile to Cauquenes, Chile",,2.07483641551774,355.26883889791270,-72.237,-36.361
"Directions from Dilman Bullock 3056, 4651861 Araucanía, Angol, Araucanía, Chile to Cauquenes, Chile",,2.07493641551775,357.14470343024254,-72.237,-36.361
"Directions from Dilman Bullock 3056, 4651861 Araucanía, Angol, Araucanía, Chile to Cauquenes, Chile",,2.07503691427395,0.70721160563287,-72.237,-36.361
"Directions from Dilman Bullock 3056, 4651861 Araucanía, Angol, Araucanía, Chile to Cauquenes, Chile",,2.07511753685144,3.56250817539038,-72.237,-36.361
"Directions from Dilman Bullock 3056, 4651861 Araucanía, Angol, Araucanía, Chile to Cauquenes, Chile",,2.07529753685144,358.41008493956684,-72.237,-36.360
"Directions from Dilman Bullock 3056, 4651861 Araucanía, Angol, Araucanía, Chile to Cauquenes, Chile",,2.07547781441522,354.34503376232601,-72.237,-36.360
"Directions from Dilman Bullock 3056, 4651861 Araucanía, Angol, Araucanía, Chile to Cauquenes, Chile",,2.07583136780581,354.02791140498351,-72.237,-36.360
"Directions from Dilman Bullock 3056, 4651861 Araucanía, Angol, Araucanía, Chile to Cauquenes, Chile",,2.07598170076959,348.87548818094109,-72.237,-36.360
"Directions from Dilman Bullock 3056, 4651861 Araucanía, Angol, Araucanía, Chile to Cauquenes, Chile",,2.07601332354619,349.19261053828359,-72.237,-36.360
"Directions from Dilman Bullock 3056, 4651861 Araucanía, Angol, Araucanía, Chile to Cauquenes, Chile",,2.07619360110996,355.63359942273723,-72.237,-36.360
"Directions from Dilman Bullock 3056, 4651861 Araucanía, Angol, Araucanía, Chile to Cauquenes, Chile",,2.07691699588462,4.24163621952839,-72.237,-36.359
"Directions from Dilman Bullock 3056, 4651861 Araucanía, Angol, Araucanía, Chile to Cauquenes, Chile",,2.07695822694088,7.01812173635802,-72.237,-36.359
"Directions from Dilman Bullock 3056, 4651861 Araucanía, Angol, Araucanía, Chile to Cauquenes, Chile",,2.07698822694088,15.80375112277500,-72.237,-36.359
"Directions from Dilman Bullock 3056, 4651861 Araucanía, Angol, Araucanía, Chile to Cauquenes, Chile",,2.07714087031610,33.99592703113148,-72.237,-36.359
"Directions from Dilman Bullock 3056, 4651861 Araucanía, Angol, Araucanía, Chile to Cauquenes, Chile",,2.07737687879052,40.69217591344537,-72.236,-36.358
"Directions from Dilman Bullock 3056, 4651861 Araucanía, Angol, Araucanía, Chile to Cauquenes, Chile",,2.07740516306177,37.78961344086581,-72.236,-36.358
"Directions from Dilman Bullock 3056, 4651861 Araucanía, Angol, Araucanía, Chile to Cauquenes, Chile",,2.07766070170856,15.28961343577692,-72.236,-36.358
"Directions from Dilman Bullock 3056, 4651861 Araucanía, Angol, Araucanía, Chile to Cauquenes, Chile",,2.07767070170856,11.30993247414066,-72.236,-36.358
"Directions from Dilman Bullock 3056, 4651861 Araucanía, Angol, Araucanía, Chile to Cauquenes, Chile",,2.07780070170856,19.02101313324009,-72.236,-36.358
"Directions from Dilman Bullock 3056, 4651861 Araucanía, Angol, Araucanía, Chile to Cauquenes, Chile",,2.07840236606682,13.97548451343570,-72.236,-36.357
"Directions from Dilman Bullock 3056, 4651861 Araucanía, Angol, Araucanía, Chile to Cauquenes, Chile",,2.07858675695596,19.54692944694639,-72.236,-36.357
"Directions from Dilman Bullock 3056, 4651861 Araucanía, Angol, Araucanía, Chile to Cauquenes, Chile",,2.07860911763574,13.28252559261011,-72.236,-36.357
"Directions from Dilman Bullock 3056, 4651861 Araucanía, Angol, Araucanía, Chile to Cauquenes, Chile",,2.07862911763574,8.34962211979803,-72.236,-36.357
"Directions from Dilman Bullock 3056, 4651861 Araucanía, Angol, Araucanía, Chile to Cauquenes, Chile",,2.07873352070083,8.34962211979803,-72.236,-36.357
"Directions from Dilman Bullock 3056, 4651861 Araucanía, Angol, Araucanía, Chile to Cauquenes, Chile",,2.07882352070083,346.71747441146107,-72.236,-36.357
"Directions from Dilman Bullock 3056, 4651861 Araucanía, Angol, Araucanía, Chile to Cauquenes, Chile",,2.07884588138061,346.71747441146107,-72.236,-36.357
"Directions from Dilman Bullock 3056, 4651861 Araucanía, Angol, Araucanía, Chile to Cauquenes, Chile",,2.07889588138060,345.47269795007736,-72.236,-36.357
"Directions from Dilman Bullock 3056, 4651861 Araucanía, Angol, Araucanía, Chile to Cauquenes, Chile",,2.07899883768201,328.49316804000597,-72.236,-36.357
"Directions from Dilman Bullock 3056, 4651861 Araucanía, Angol, Araucanía, Chile to Cauquenes, Chile",,2.07958959990153,322.92038814718239,-72.236,-36.356
"Directions from Dilman Bullock 3056, 4651861 Araucanía, Angol, Araucanía, Chile to Cauquenes, Chile",,2.08051916969449,326.61739246464373,-72.237,-36.356
"Directions from Dilman Bullock 3056, 4651861 Araucanía, Angol, Araucanía, Chile to Cauquenes, Chile",,2.08054153037427,328.12512118083475,-72.237,-36.356
"Directions from Dilman Bullock 3056, 4651861 Araucanía, Angol, Araucanía, Chile to Cauquenes, Chile",,2.08090553586873,320.59087710572135,-72.237,-36.355
"Directions from Dilman Bullock 3056, 4651861 Araucanía, Angol, Araucanía, Chile to Cauquenes, Chile",,2.08102595181452,321.36332573292674,-72.237,-36.355
"Directions from Dilman Bullock 3056, 4651861 Araucanía, Angol, Araucanía, Chile to Cauquenes, Chile",,2.08167810210395,322.85019127375807,-72.238,-36.355
"Directions from Dilman Bullock 3056, 4651861 Araucanía, Angol, Araucanía, Chile to Cauquenes, Chile",,2.08251050825481,318.17009586801890,-72.238,-36.354
"Directions from Dilman Bullock 3056, 4651861 Araucanía, Angol, Araucanía, Chile to Cauquenes, Chile",,2.08253879252606,318.17009586801890,-72.238,-36.354
"Directions from Dilman Bullock 3056, 4651861 Araucanía, Angol, Araucanía, Chile to Cauquenes, Chile",,2.08337119867693,318.40684990238066,-72.239,-36.353
"Directions from Dilman Bullock 3056, 4651861 Araucanía, Angol, Araucanía, Chile to Cauquenes, Chile",,2.08422682710096,312.23225105058140,-72.239,-36.353
"Directions from Dilman Bullock 3056, 4651861 Araucanía, Angol, Araucanía, Chile to Cauquenes, Chile",,2.08449701222267,307.26433591757080,-72.240,-36.353
"Directions from Dilman Bullock 3056, 4651861 Araucanía, Angol, Araucanía, Chile to Cauquenes, Chile",,2.08466905872802,301.05136448480130,-72.240,-36.353
"Directions from Dilman Bullock 3056, 4651861 Araucanía, Angol, Araucanía, Chile to Cauquenes, Chile",,2.08482558348644,293.56054819833076,-72.240,-36.353
"Directions from Dilman Bullock 3056, 4651861 Araucanía, Angol, Araucanía, Chile to Cauquenes, Chile",,2.08499646356134,288.95503492777743,-72.240,-36.352
"Directions from Dilman Bullock 3056, 4651861 Araucanía, Angol, Araucanía, Chile to Cauquenes, Chile",,2.08516409410750,285.29727227544589,-72.240,-36.352
"Directions from Dilman Bullock 3056, 4651861 Araucanía, Angol, Araucanía, Chile to Cauquenes, Chile",,2.08533873659946,289.90278554599911,-72.240,-36.352
"Directions from Dilman Bullock 3056, 4651861 Araucanía, Angol, Araucanía, Chile to Cauquenes, Chile",,2.08536109727924,289.32990412664782,-72.240,-36.352
"Directions from Dilman Bullock 3056, 4651861 Araucanía, Angol, Araucanía, Chile to Cauquenes, Chile",,2.08550427548986,279.60988671318609,-72.240,-36.352
"Directions from Dilman Bullock 3056, 4651861 Araucanía, Angol, Araucanía, Chile to Cauquenes, Chile",,2.08558489806735,279.77547960784671,-72.241,-36.352
"Directions from Dilman Bullock 3056, 4651861 Araucanía, Angol, Araucanía, Chile to Cauquenes, Chile",,2.08618905036602,281.60512036650624,-72.241,-36.352
"Directions from Dilman Bullock 3056, 4651861 Araucanía, Angol, Araucanía, Chile to Cauquenes, Chile",,2.08725792828235,281.62127215382844,-72.242,-36.352
"Directions from Dilman Bullock 3056, 4651861 Araucanía, Angol, Araucanía, Chile to Cauquenes, Chile",,2.08813866660899,280.96028432337096,-72.243,-36.352
"Directions from Dilman Bullock 3056, 4651861 Araucanía, Angol, Araucanía, Chile to Cauquenes, Chile",,2.08832114948489,283.08078322064955,-72.243,-36.352
"Directions from Dilman Bullock 3056, 4651861 Araucanía, Angol, Araucanía, Chile to Cauquenes, Chile",,2.08842555254999,284.92839348748191,-72.243,-36.352
"Directions from Dilman Bullock 3056, 4651861 Araucanía, Angol, Araucanía, Chile to Cauquenes, Chile",,2.08921631167891,284.50473544730676,-72.244,-36.352
"Directions from Dilman Bullock 3056, 4651861 Araucanía, Angol, Araucanía, Chile to Cauquenes, Chile",,2.09005833305632,282.65712517900732,-72.245,-36.351
"Directions from Dilman Bullock 3056, 4651861 Araucanía, Angol, Araucanía, Chile to Cauquenes, Chile",,2.09011916068162,282.78787021847279,-72.245,-36.351
"Directions from Dilman Bullock 3056, 4651861 Araucanía, Angol, Araucanía, Chile to Cauquenes, Chile",,2.09105596375592,287.27418352754000,-72.246,-36.351
"Directions from Dilman Bullock 3056, 4651861 Araucanía, Angol, Araucanía, Chile to Cauquenes, Chile",,2.09127732319212,287.10785106590430,-72.246,-36.351
"Directions from Dilman Bullock 3056, 4651861 Araucanía, Angol, Araucanía, Chile to Cauquenes, Chile",,2.09175533992824,287.34266457607089,-72.247,-36.351
"Directions from Dilman Bullock 3056, 4651861 Araucanía, Angol, Araucanía, Chile to Cauquenes, Chile",,2.09252696159719,285.10725416118771,-72.247,-36.351
"Directions from Dilman Bullock 3056, 4651861 Araucanía, Angol, Araucanía, Chile to Cauquenes, Chile",,2.09257795179232,286.55567098261577,-72.247,-36.351
"Directions from Dilman Bullock 3056, 4651861 Araucanía, Angol, Araucanía, Chile to Cauquenes, Chile",,2.09273950673654,289.91058938329849,-72.247,-36.351
"Directions from Dilman Bullock 3056, 4651861 Araucanía, Angol, Araucanía, Chile to Cauquenes, Chile",,2.09361231828550,289.91058938610610,-72.248,-36.350
"Directions from Dilman Bullock 3056, 4651861 Araucanía, Angol, Araucanía, Chile to Cauquenes, Chile",,2.09366616993356,289.68633413451482,-72.248,-36.350
"Directions from Dilman Bullock 3056, 4651861 Araucanía, Angol, Araucanía, Chile to Cauquenes, Chile",,2.09429553469267,286.63452564817749,-72.249,-36.350
"Directions from Dilman Bullock 3056, 4651861 Araucanía, Angol, Araucanía, Chile to Cauquenes, Chile",,2.09588481125766,287.06637067040538,-72.251,-36.350
"Directions from Dilman Bullock 3056, 4651861 Araucanía, Angol, Araucanía, Chile to Cauquenes, Chile",,2.09601130236406,287.11182828260951,-72.251,-36.350
"Directions from Dilman Bullock 3056, 4651861 Araucanía, Angol, Araucanía, Chile to Cauquenes, Chile",,2.09751815338523,280.27617471566930,-72.252,-36.349
"Directions from Dilman Bullock 3056, 4651861 Araucanía, Angol, Araucanía, Chile to Cauquenes, Chile",,2.09763856933102,278.03678708309673,-72.252,-36.349
"Directions from Dilman Bullock 3056, 4651861 Araucanía, Angol, Araucanía, Chile to Cauquenes, Chile",,2.09768955952616,275.65496623857592,-72.252,-36.349
"Directions from Dilman Bullock 3056, 4651861 Araucanía, Angol, Araucanía, Chile to Cauquenes, Chile",,2.09772955952615,265.26883889488693,-72.252,-36.349
"Directions from Dilman Bullock 3056, 4651861 Araucanía, Angol, Araucanía, Chile to Cauquenes, Chile",,2.09779038715146,291.83389007481463,-72.252,-36.349
"Directions from Dilman Bullock 3056, 4651861 Araucanía, Angol, Araucanía, Chile to Cauquenes, Chile",,2.09789038715146,341.56505117992782,-72.252,-36.349
"Directions from Dilman Bullock 3056, 4651861 Araucanía, Angol, Araucanía, Chile to Cauquenes, Chile",,2.09790038715146,341.56505117661271,-72.252,-36.349
"Directions from Dilman Bullock 3056, 4651861 Araucanía, Angol, Araucanía, Chile to Cauquenes, Chile",,2.09825038715147,324.47655678975337,-72.253,-36.349
"Directions from Dilman Bullock 3056, 4651861 Araucanía, Angol, Araucanía, Chile to Cauquenes, Chile",,2.10020854955535,320.41150561314072,-72.254,-36.347
"Directions from Dilman Bullock 3056, 4651861 Araucanía, Angol, Araucanía, Chile to Cauquenes, Chile",,2.10022269169097,320.96466108849546,-72.254,-36.347
"Directions from Dilman Bullock 3056, 4651861 Araucanía, Angol, Araucanía, Chile to Cauquenes, Chile",,2.10073581935540,328.13932710998284,-72.254,-36.347
"Directions from Dilman Bullock 3056, 4651861 Araucanía, Angol, Araucanía, Chile to Cauquenes, Chile",,2.10167736064499,331.39214043396606,-72.254,-36.346
"Directions from Dilman Bullock 3056, 4651861 Araucanía, Angol, Araucanía, Chile to Cauquenes, Chile",,2.10176680336409,301.71747441247879,-72.255,-36.346
"Directions from Dilman Bullock 3056, 4651861 Araucanía, Angol, Araucanía, Chile to Cauquenes, Chile",,2.10177680336409,302.22001741496496,-72.255,-36.346
"Directions from Dilman Bullock 3056, 4651861 Araucanía, Angol, Araucanía, Chile to Cauquenes, Chile",,2.10203175433977,338.00254299943282,-72.255,-36.346
"Directions from Dilman Bullock 3056, 4651861 Araucanía, Angol, Araucanía, Chile to Cauquenes, Chile",,2.10206337711637,337.49999999185775,-72.255,-36.346
"Directions from Dilman Bullock 3056, 4651861 Araucanía, Angol, Araucanía, Chile to Cauquenes, Chile",,2.10208573779614,346.71747440738994,-72.255,-36.346
"Directions from Dilman Bullock 3056, 4651861 Araucanía, Angol, Araucanía, Chile to Cauquenes, Chile",,2.10215573779615,3.56250817539039,-72.255,-36.346
"Directions from Dilman Bullock 3056, 4651861 Araucanía, Angol, Araucanía, Chile to Cauquenes, Chile",,2.10223636037363,48.56250817539038,-72.255,-36.345
"Directions from Dilman Bullock 3056, 4651861 Araucanía, Angol, Araucanía, Chile to Cauquenes, Chile",,2.10224636037364,52.01812173156846,-72.255,-36.345
"Directions from Dilman Bullock 3056, 4651861 Araucanía, Angol, Araucanía, Chile to Cauquenes, Chile",,2.10232882248614,7.01812173156848,-72.255,-36.345
"Directions from Dilman Bullock 3056, 4651861 Araucanía, Angol, Araucanía, Chile to Cauquenes, Chile",,2.10233882248615,16.00269160495660,-72.255,-36.345
"Directions from Dilman Bullock 3056, 4651861 Araucanía, Angol, Araucanía, Chile to Cauquenes, Chile",,2.10243316229747,30.18721475155806,-72.255,-36.345
"Directions from Dilman Bullock 3056, 4651861 Araucanía, Angol, Araucanía, Chile to Cauquenes, Chile",,2.10300140520327,30.42011929094806,-72.254,-36.345
"Directions from Dilman Bullock 3056, 4651861 Araucanía, Angol, Araucanía, Chile to Cauquenes, Chile",,2.10313178925137,27.13630088780326,-72.254,-36.345
"Directions from Dilman Bullock 3056, 4651861 Araucanía, Angol, Araucanía, Chile to Cauquenes, Chile",,2.10340104749173,16.55567098281551,-72.254,-36.344
"Directions from Dilman Bullock 3056, 4651861 Araucanía, Angol, Araucanía, Chile to Cauquenes, Chile",,2.10345203768687,5.65496623935882,-72.254,-36.344
"Directions from Dilman Bullock 3056, 4651861 Araucanía, Angol, Araucanía, Chile to Cauquenes, Chile",,2.10355203768687,356.82990412605210,-72.254,-36.344
"Directions from Dilman Bullock 3056, 4651861 Araucanía, Angol, Araucanía, Chile to Cauquenes, Chile",,2.10364259153825,350.56550027387118,-72.254,-36.344
"Directions from Dilman Bullock 3056, 4651861 Araucanía, Angol, Araucanía, Chile to Cauquenes, Chile",,2.10373478698282,350.17308797227207,-72.254,-36.344
"Directions from Dilman Bullock 3056, 4651861 Araucanía, Angol, Araucanía, Chile to Cauquenes, Chile",,2.10389603213779,356.43749182445299,-72.254,-36.344
"Directions from Dilman Bullock 3056, 4651861 Araucanía, Angol, Araucanía, Chile to Cauquenes, Chile",,2.10391603213779,356.43749182429650,-72.254,-36.344
"Directions from Dilman Bullock 3056, 4651861 Araucanía, Angol, Araucanía, Chile to Cauquenes, Chile",,2.10399665471527,350.78252558963510,-72.254,-36.344
"Directions from Dilman Bullock 3056, 4651861 Araucanía, Angol, Araucanía, Chile to Cauquenes, Chile",,2.10409863510554,350.78252558963510,-72.254,-36.344
"Directions from Dilman Bullock 3056, 4651861 Araucanía, Angol, Araucanía, Chile to Cauquenes, Chile",,2.10417925768302,350.17308796780492,-72.254,-36.344
"Directions from Dilman Bullock 3056, 4651861 Araucanía, Angol, Araucanía, Chile to Cauquenes, Chile",,2.10427145312760,350.17308797312859,-72.254,-36.344
"Directions from Dilman Bullock 3056, 4651861 Araucanía, Angol, Araucanía, Chile to Cauquenes, Chile",,2.10435207570508,350.39011328902899,-72.254,-36.343
"Directions from Dilman Bullock 3056, 4651861 Araucanía, Angol, Araucanía, Chile to Cauquenes, Chile",,2.10449525391571,350.09170855950401,-72.254,-36.343
"Directions from Dilman Bullock 3056, 4651861 Araucanía, Angol, Araucanía, Chile to Cauquenes, Chile",,2.10509065294158,350.69632357253357,-72.254,-36.343
"Directions from Dilman Bullock 3056, 4651861 Araucanía, Angol, Araucanía, Chile to Cauquenes, Chile",,2.10535541698747,351.96002202140733,-72.254,-36.342
"Directions from Dilman Bullock 3056, 4651861 Araucanía, Angol, Araucanía, Chile to Cauquenes, Chile",,2.10546587059764,349.86854146894223,-72.254,-36.342
"Directions from Dilman Bullock 3056, 4651861 Araucanía, Angol, Araucanía, Chile to Cauquenes, Chile",,2.10627364531872,346.06362288708976,-72.255,-36.342
"Directions from Dilman Bullock 3056, 4651861 Araucanía, Angol, Araucanía, Chile to Cauquenes, Chile",,2.10649925560217,344.98983017324338,-72.255,-36.341
"Directions from Dilman Bullock 3056, 4651861 Araucanía, Angol, Araucanía, Chile to Cauquenes, Chile",,2.10724255903954,344.37384147336087,-72.255,-36.341
"Directions from Dilman Bullock 3056, 4651861 Araucanía, Angol, Araucanía, Chile to Cauquenes, Chile",,2.10736625220831,343.49667436233307,-72.255,-36.341
"Directions from Dilman Bullock 3056, 4651861 Araucanía, Angol, Araucanía, Chile to Cauquenes, Chile",,2.10770463069462,337.23227052284437,-72.255,-36.340
"Directions from Dilman Bullock 3056, 4651861 Araucanía, Angol, Araucanía, Chile to Cauquenes, Chile",,2.10772699137440,338.61296196354965,-72.255,-36.340
"Directions from Dilman Bullock 3056, 4651861 Araucanía, Angol, Araucanía, Chile to Cauquenes, Chile",,2.10862259173170,351.89548753580419,-72.255,-36.339
"Directions from Dilman Bullock 3056, 4651861 Araucanía, Angol, Araucanía, Chile to Cauquenes, Chile",,2.10864259173170,352.02730204938490,-72.255,-36.339
"Directions from Dilman Bullock 3056, 4651861 Araucanía, Angol, Araucanía, Chile to Cauquenes, Chile",,2.10900659722616,342.80982763928097,-72.255,-36.339
"Directions from Dilman Bullock 3056, 4651861 Araucanía, Angol, Araucanía, Chile to Cauquenes, Chile",,2.10919633388577,342.76635591266722,-72.255,-36.339
"Directions from Dilman Bullock 3056, 4651861 Araucanía, Angol, Araucanía, Chile to Cauquenes, Chile",,2.11010154104438,338.70130474644549,-72.256,-36.338
"Directions from Dilman Bullock 3056, 4651861 Araucanía, Angol, Araucanía, Chile to Cauquenes, Chile",,2.11012390172415,339.69935268947160,-72.256,-36.338
"Directions from Dilman Bullock 3056, 4651861 Araucanía, Angol, Araucanía, Chile to Cauquenes, Chile",,2.11033005700543,352.98187826579726,-72.256,-36.338
"Directions from Dilman Bullock 3056, 4651861 Araucanía, Angol, Araucanía, Chile to Cauquenes, Chile",,2.11035005700543,352.37244064612236,-72.256,-36.338
"Directions from Dilman Bullock 3056, 4651861 Araucanía, Angol, Araucanía, Chile to Cauquenes, Chile",,2.11046407454794,346.52775605928480,-72.256,-36.338
"Directions from Dilman Bullock 3056, 4651861 Araucanía, Angol, Araucanía, Chile to Cauquenes, Chile",,2.11076021640584,347.13719367860045,-72.256,-36.337
"Directions from Dilman Bullock 3056, 4651861 Araucanía, Angol, Araucanía, Chile to Cauquenes, Chile",,2.11100760274338,347.67205062820545,-72.256,-36.337
"Directions from Dilman Bullock 3056, 4651861 Araucanía, Angol, Araucanía, Chile to Cauquenes, Chile",,2.11117039094934,341.40764677015727,-72.256,-36.337
"Directions from Dilman Bullock 3056, 4651861 Araucanía, Angol, Araucanía, Chile to Cauquenes, Chile",,2.11119275162912,341.98631330411058,-72.256,-36.337
"Directions from Dilman Bullock 3056, 4651861 Araucanía, Angol, Araucanía, Chile to Cauquenes, Chile",,2.11137523450502,349.30417780795085,-72.256,-36.337
"Directions from Dilman Bullock 3056, 4651861 Araucanía, Angol, Araucanía, Chile to Cauquenes, Chile",,2.11210090660729,349.30417780795085,-72.256,-36.336
"Directions from Dilman Bullock 3056, 4651861 Araucanía, Angol, Araucanía, Chile to Cauquenes, Chile",,2.11228338948320,332.76883888654299,-72.256,-36.336
"Directions from Dilman Bullock 3056, 4651861 Araucanía, Angol, Araucanía, Chile to Cauquenes, Chile",,2.11229753161882,332.19017235013160,-72.256,-36.336
"Directions from Dilman Bullock 3056, 4651861 Araucanía, Angol, Araucanía, Chile to Cauquenes, Chile",,2.11246031982479,348.25267158075582,-72.256,-36.336
"Directions from Dilman Bullock 3056, 4651861 Araucanía, Angol, Araucanía, Chile to Cauquenes, Chile",,2.11317837274763,353.56249922044645,-72.256,-36.335
"Directions from Dilman Bullock 3056, 4651861 Araucanía, Angol, Araucanía, Chile to Cauquenes, Chile",,2.11318837274762,353.73559614566375,-72.256,-36.335
"Directions from Dilman Bullock 3056, 4651861 Araucanía, Angol, Araucanía, Chile to Cauquenes, Chile",,2.11337276363677,345.05858382731572,-72.256,-36.335
"Directions from Dilman Bullock 3056, 4651861 Araucanía, Angol, Araucanía, Chile to Cauquenes, Chile",,2.11354039418291,351.32298768165202,-72.256,-36.335
"Directions from Dilman Bullock 3056, 4651861 Araucanía, Angol, Araucanía, Chile to Cauquenes, Chile",,2.11355039418292,353.50269160421328,-72.256,-36.335
"Directions from Dilman Bullock 3056, 4651861 Araucanía, Angol, Araucanía, Chile to Cauquenes, Chile",,2.11408406074548,331.00269160421328,-72.257,-36.334
"Directions from Dilman Bullock 3056, 4651861 Araucanía, Angol, Araucanía, Chile to Cauquenes, Chile",,2.11409820288110,332.76883889672081,-72.257,-36.334
"Directions from Dilman Bullock 3056, 4651861 Araucanía, Angol, Araucanía, Chile to Cauquenes, Chile",,2.11428068575701,355.26883889672069,-72.257,-36.334
"Directions from Dilman Bullock 3056, 4651861 Araucanía, Angol, Araucanía, Chile to Cauquenes, Chile",,2.11509068575701,357.88180259980408,-72.257,-36.333
"Directions from Dilman Bullock 3056, 4651861 Araucanía, Angol, Araucanía, Chile to Cauquenes, Chile",,2.11536142548443,357.88180259980408,-72.257,-36.333
"Directions from Dilman Bullock 3056, 4651861 Araucanía, Angol, Araucanía, Chile to Cauquenes, Chile",,2.11554142548443,358.41008493956684,-72.257,-36.333
"Directions from Dilman Bullock 3056, 4651861 Araucanía, Angol, Araucanía, Chile to Cauquenes, Chile",,2.11572170304820,358.41008493956684,-72.257,-36.332
"Directions from Dilman Bullock 3056, 4651861 Araucanía, Angol, Araucanía, Chile to Cauquenes, Chile",,2.11582170304820,356.43749182930702,-72.257,-36.332
"Directions from Dilman Bullock 3056, 4651861 Araucanía, Angol, Araucanía, Chile to Cauquenes, Chile",,2.11590232562568,356.43749182930702,-72.257,-36.332
"Directions from Dilman Bullock 3056, 4651861 Araucanía, Angol, Araucanía, Chile to Cauquenes, Chile",,2.11608232562568,357.61817915393499,-72.257,-36.332
"Directions from Dilman Bullock 3056, 4651861 Araucanía, Angol, Araucanía, Chile to Cauquenes, Chile",,2.11620274157147,357.61817915393499,-72.257,-36.332
"Directions from Dilman Bullock 3056, 4651861 Araucanía, Angol, Araucanía, Chile to Cauquenes, Chile",,2.11656274157147,356.43749182440087,-72.257,-36.332
"Directions from Dilman Bullock 3056, 4651861 Araucanía, Angol, Araucanía, Chile to Cauquenes, Chile",,2.11680460930392,354.53045440941730,-72.257,-36.331
"Directions from Dilman Bullock 3056, 4651861 Araucanía, Angol, Araucanía, Chile to Cauquenes, Chile",,2.11695494226770,348.87548816948430,-72.257,-36.331
"Directions from Dilman Bullock 3056, 4651861 Araucanía, Angol, Araucanía, Chile to Cauquenes, Chile",,2.11698656504430,345.47269794723530,-72.257,-36.331
"Directions from Dilman Bullock 3056, 4651861 Araucanía, Angol, Araucanía, Chile to Cauquenes, Chile",,2.11714935325026,332.19017236276738,-72.257,-36.331
"Directions from Dilman Bullock 3056, 4651861 Araucanía, Angol, Araucanía, Chile to Cauquenes, Chile",,2.11716349538589,326.59929525682406,-72.257,-36.331
"Directions from Dilman Bullock 3056, 4651861 Araucanía, Angol, Araucanía, Chile to Cauquenes, Chile",,2.11727119868203,334.22685460897924,-72.257,-36.331
"Directions from Dilman Bullock 3056, 4651861 Araucanía, Angol, Araucanía, Chile to Cauquenes, Chile",,2.11735182125951,345.12755935215523,-72.257,-36.331
"Directions from Dilman Bullock 3056, 4651861 Araucanía, Angol, Araucanía, Chile to Cauquenes, Chile",,2.11736182125952,346.71747440942551,-72.257,-36.331
"Directions from Dilman Bullock 3056, 4651861 Araucanía, Angol, Araucanía, Chile to Cauquenes, Chile",,2.11754070669772,329.87244065269880,-72.257,-36.331
"Directions from Dilman Bullock 3056, 4651861 Araucanía, Angol, Araucanía, Chile to Cauquenes, Chile",,2.11757676221047,329.11872277485384,-72.257,-36.331
"Directions from Dilman Bullock 3056, 4651861 Araucanía, Angol, Araucanía, Chile to Cauquenes, Chile",,2.11791676221047,326.63385240486645,-72.257,-36.330
"Directions from Dilman Bullock 3056, 4651861 Araucanía, Angol, Araucanía, Chile to Cauquenes, Chile",,2.11810885593759,323.41583437874982,-72.257,-36.330
"Directions from Dilman Bullock 3056, 4651861 Araucanía, Angol, Araucanía, Chile to Cauquenes, Chile",,2.11830302081599,323.41583437874982,-72.257,-36.330
"Directions from Dilman Bullock 3056, 4651861 Araucanía, Angol, Araucanía, Chile to Cauquenes, Chile",,2.11849511454311,318.17009587388463,-72.257,-36.330
"Directions from Dilman Bullock 3056, 4651861 Araucanía, Angol, Araucanía, Chile to Cauquenes, Chile",,2.11873553084871,317.59721445346497,-72.258,-36.330
"Directions from Dilman Bullock 3056, 4651861 Araucanía, Angol, Araucanía, Chile to Cauquenes, Chile",,2.11889173584223,318.65776265153164,-72.258,-36.330
"Directions from Dilman Bullock 3056, 4651861 Araucanía, Angol, Araucanía, Chile to Cauquenes, Chile",,2.11908278557397,320.12559937411487,-72.258,-36.329
"Directions from Dilman Bullock 3056, 4651861 Araucanía, Angol, Araucanía, Chile to Cauquenes, Chile",,2.11918278557397,324.72001741324254,-72.258,-36.329
"Directions from Dilman Bullock 3056, 4651861 Araucanía, Angol, Araucanía, Chile to Cauquenes, Chile",,2.11947122967601,336.89056238130144,-72.258,-36.329
"Directions from Dilman Bullock 3056, 4651861 Araucanía, Angol, Araucanía, Chile to Cauquenes, Chile",,2.11956342512059,352.43431504276219,-72.258,-36.329
"Directions from Dilman Bullock 3056, 4651861 Araucanía, Angol, Araucanía, Chile to Cauquenes, Chile",,2.12000387943149,353.96755779359052,-72.258,-36.329
"Directions from Dilman Bullock 3056, 4651861 Araucanía, Angol, Araucanía, Chile to Cauquenes, Chile",,2.12006470705680,352.26433591570105,-72.258,-36.328
"Directions from Dilman Bullock 3056, 4651861 Araucanía, Angol, Araucanía, Chile to Cauquenes, Chile",,2.12044680652029,347.55245333659798,-72.258,-36.328
"Directions from Dilman Bullock 3056, 4651861 Araucanía, Angol, Araucanía, Chile to Cauquenes, Chile",,2.12084842823285,336.25172648121389,-72.258,-36.328
"Directions from Dilman Bullock 3056, 4651861 Araucanía, Angol, Araucanía, Chile to Cauquenes, Chile",,2.12097372787371,335.41674755772215,-72.258,-36.328
"Directions from Dilman Bullock 3056, 4651861 Araucanía, Angol, Araucanía, Chile to Cauquenes, Chile",,2.12114460794861,344.06701115316599,-72.258,-36.327
"Directions from Dilman Bullock 3056, 4651861 Araucanía, Angol, Araucanía, Chile to Cauquenes, Chile",,2.12129757853403,351.74781931039320,-72.258,-36.327
"Directions from Dilman Bullock 3056, 4651861 Araucanía, Angol, Araucanía, Chile to Cauquenes, Chile",,2.12140803214420,356.30148646772528,-72.258,-36.327
"Directions from Dilman Bullock 3056, 4651861 Araucanía, Angol, Araucanía, Chile to Cauquenes, Chile",,2.12166822438082,351.88057918239826,-72.258,-36.327
"Directions from Dilman Bullock 3056, 4651861 Araucanía, Angol, Araucanía, Chile to Cauquenes, Chile",,2.12170945543708,330.48187826364199,-72.258,-36.327
"Directions from Dilman Bullock 3056, 4651861 Araucanía, Angol, Araucanía, Chile to Cauquenes, Chile",,2.12172359757270,322.01812173635807,-72.258,-36.327
"Directions from Dilman Bullock 3056, 4651861 Araucanía, Angol, Araucanía, Chile to Cauquenes, Chile",,2.12178190709165,324.78189181176640,-72.259,-36.327
"Directions from Dilman Bullock 3056, 4651861 Araucanía, Angol, Araucanía, Chile to Cauquenes, Chile",,2.12200213424711,317.76377007540839,-72.259,-36.327
"Directions from Dilman Bullock 3056, 4651861 Araucanía, Angol, Araucanía, Chile to Cauquenes, Chile",,2.12224255055271,318.17009587221025,-72.259,-36.327
"Directions from Dilman Bullock 3056, 4651861 Araucanía, Angol, Araucanía, Chile to Cauquenes, Chile",,2.12249867552221,319.81053625865320,-72.259,-36.326
"Directions from Dilman Bullock 3056, 4651861 Araucanía, Angol, Araucanía, Chile to Cauquenes, Chile",,2.12361065573785,316.90816987931055,-72.260,-36.325
"Directions from Dilman Bullock 3056, 4651861 Araucanía, Angol, Araucanía, Chile to Cauquenes, Chile",,2.12436729303537,313.36069207644294,-72.260,-36.325
"Directions from Dilman Bullock 3056, 4651861 Araucanía, Angol, Araucanía, Chile to Cauquenes, Chile",,2.12447359449350,313.45788411550774,-72.260,-36.325
"Directions from Dilman Bullock 3056, 4651861 Araucanía, Angol, Araucanía, Chile to Cauquenes, Chile",,2.12669408993372,317.11668735444283,-72.262,-36.323
"Directions from Dilman Bullock 3056, 4651861 Araucanía, Angol, Araucanía, Chile to Cauquenes, Chile",,2.12704122103288,317.16692356577624,-72.262,-36.323
"Directions from Dilman Bullock 3056, 4651861 Araucanía, Angol, Araucanía, Chile to Cauquenes, Chile",,2.12752917594882,317.61451042148201,-72.262,-36.323
"Directions from Dilman Bullock 3056, 4651861 Araucanía, Angol, Araucanía, Chile to Cauquenes, Chile",,2.12771356683797,313.13430150005263,-72.263,-36.323
"Directions from Dilman Bullock 3056, 4651861 Araucanía, Angol, Araucanía, Chile to Cauquenes, Chile",,2.12786356683797,299.42220281741612,-72.263,-36.322
"Directions from Dilman Bullock 3056, 4651861 Araucanía, Angol, Araucanía, Chile to Cauquenes, Chile",,2.12847822121239,293.10112665459911,-72.263,-36.322
"Directions from Dilman Bullock 3056, 4651861 Araucanía, Angol, Araucanía, Chile to Cauquenes, Chile",,2.12891685545638,295.15155045091944,-72.264,-36.322
"Directions from Dilman Bullock 3056, 4651861 Araucanía, Angol, Araucanía, Chile to Cauquenes, Chile",,2.12944011447447,294.45450488105035,-72.264,-36.322
"Directions from Dilman Bullock 3056, 4651861 Araucanía, Angol, Araucanía, Chile to Cauquenes, Chile",,2.12964626975574,289.93571098695344,-72.264,-36.322
"Directions from Dilman Bullock 3056, 4651861 Araucanía, Angol, Araucanía, Chile to Cauquenes, Chile",,2.13029472946922,290.39363114442750,-72.265,-36.322
"Directions from Dilman Bullock 3056, 4651861 Araucanía, Angol, Araucanía, Chile to Cauquenes, Chile",,2.13056785947489,292.39350275975499,-72.265,-36.321
"Directions from Dilman Bullock 3056, 4651861 Araucanía, Angol, Araucanía, Chile to Cauquenes, Chile",,2.13070714335766,303.01875550804175,-72.265,-36.321
"Directions from Dilman Bullock 3056, 4651861 Araucanía, Angol, Araucanía, Chile to Cauquenes, Chile",,2.13073542762892,305.78252558345008,-72.265,-36.321
"Directions from Dilman Bullock 3056, 4651861 Araucanía, Angol, Araucanía, Chile to Cauquenes, Chile",,2.13082487034801,298.76440385367772,-72.265,-36.321
"Directions from Dilman Bullock 3056, 4651861 Araucanía, Angol, Araucanía, Chile to Cauquenes, Chile",,2.13094148938591,304.35528095912036,-72.266,-36.321
"Directions from Dilman Bullock 3056, 4651861 Araucanía, Angol, Araucanía, Chile to Cauquenes, Chile",,2.13133353530159,310.08050552275421,-72.266,-36.321
"Directions from Dilman Bullock 3056, 4651861 Araucanía, Angol, Araucanía, Chile to Cauquenes, Chile",,2.13243066792803,314.69456983527721,-72.267,-36.320
"Directions from Dilman Bullock 3056, 4651861 Araucanía, Angol, Araucanía, Chile to Cauquenes, Chile",,2.13263585077331,324.53883149081082,-72.267,-36.320
"Directions from Dilman Bullock 3056, 4651861 Araucanía, Angol, Araucanía, Chile to Cauquenes, Chile",,2.13282820461392,339.55405608663250,-72.267,-36.320
"Directions from Dilman Bullock 3056, 4651861 Araucanía, Angol, Araucanía, Chile to Cauquenes, Chile",,2.13296162125457,353.50269160232637,-72.267,-36.320
"Directions from Dilman Bullock 3056, 4651861 Araucanía, Angol, Araucanía, Chile to Cauquenes, Chile",,2.13309162125457,11.30993247474290,-72.267,-36.320
"Directions from Dilman Bullock 3056, 4651861 Araucanía, Angol, Araucanía, Chile to Cauquenes, Chile",,2.13322162125457,20.52740688823946,-72.267,-36.320
"Directions from Dilman Bullock 3056, 4651861 Araucanía, Angol, Araucanía, Chile to Cauquenes, Chile",,2.13328486680778,13.94863551255801,-72.267,-36.320
"Directions from Dilman Bullock 3056, 4651861 Araucanía, Angol, Araucanía, Chile to Cauquenes, Chile",,2.13334569443308,4.73116109906146,-72.267,-36.319
"Directions from Dilman Bullock 3056, 4651861 Araucanía, Angol, Araucanía, Chile to Cauquenes, Chile",,2.13337569443308,356.82990413052039,-72.267,-36.319
"Directions from Dilman Bullock 3056, 4651861 Araucanía, Angol, Araucanía, Chile to Cauquenes, Chile",,2.13346624828446,356.82990413052039,-72.267,-36.319
"Directions from Dilman Bullock 3056, 4651861 Araucanía, Angol, Araucanía, Chile to Cauquenes, Chile",,2.13352624828446,346.71747440738994,-72.267,-36.319
"Directions from Dilman Bullock 3056, 4651861 Araucanía, Angol, Araucanía, Chile to Cauquenes, Chile",,2.13354860896423,336.33134706579574,-72.267,-36.319
"Directions from Dilman Bullock 3056, 4651861 Araucanía, Angol, Araucanía, Chile to Cauquenes, Chile",,2.13385877021262,332.76883890167915,-72.267,-36.319
"Directions from Dilman Bullock 3056, 4651861 Araucanía, Angol, Araucanía, Chile to Cauquenes, Chile",,2.13389482572537,329.00458835999007,-72.267,-36.319
"Directions from Dilman Bullock 3056, 4651861 Araucanía, Angol, Araucanía, Chile to Cauquenes, Chile",,2.13419012218658,323.34962211162775,-72.267,-36.319
"Directions from Dilman Bullock 3056, 4651861 Araucanía, Angol, Araucanía, Chile to Cauquenes, Chile",,2.13421840645783,318.17009586885905,-72.267,-36.319
"Directions from Dilman Bullock 3056, 4651861 Araucanía, Angol, Araucanía, Chile to Cauquenes, Chile",,2.13441050018495,318.17009587394796,-72.267,-36.318
"Directions from Dilman Bullock 3056, 4651861 Araucanía, Angol, Araucanía, Chile to Cauquenes, Chile",,2.13446706872744,337.49999999999994,-72.267,-36.318
"Directions from Dilman Bullock 3056, 4651861 Araucanía, Angol, Araucanía, Chile to Cauquenes, Chile",,2.13447706872744,333.93749182570565,-72.267,-36.318
"Directions from Dilman Bullock 3056, 4651861 Araucanía, Angol, Araucanía, Chile to Cauquenes, Chile",,2.13470510381246,309.05567098041280,-72.267,-36.318
"Directions from Dilman Bullock 3056, 4651861 Araucanía, Angol, Araucanía, Chile to Cauquenes, Chile",,2.13521598540343,307.88701804959396,-72.268,-36.318
"Directions from Dilman Bullock 3056, 4651861 Araucanía, Angol, Araucanía, Chile to Cauquenes, Chile",,2.13530200865611,303.25071716002560,-72.268,-36.318
"Directions from Dilman Bullock 3056, 4651861 Araucanía, Angol, Araucanía, Chile to Cauquenes, Chile",,2.13541862769401,298.76440385639177,-72.268,-36.318
"Directions from Dilman Bullock 3056, 4651861 Araucanía, Angol, Araucanía, Chile to Cauquenes, Chile",,2.13548570973333,294.47259311711241,-72.268,-36.318
"Directions from Dilman Bullock 3056, 4651861 Araucanía, Angol, Araucanía, Chile to Cauquenes, Chile",,2.13585340525955,289.16276547670481,-72.268,-36.318
"Directions from Dilman Bullock 3056, 4651861 Araucanía, Angol, Araucanía, Chile to Cauquenes, Chile",,2.13592620635844,284.02007648974870,-72.268,-36.318
"Directions from Dilman Bullock 3056, 4651861 Araucanía, Angol, Araucanía, Chile to Cauquenes, Chile",,2.13606938456908,276.04737853890327,-72.269,-36.318
"Directions from Dilman Bullock 3056, 4651861 Araucanía, Angol, Araucanía, Chile to Cauquenes, Chile",,2.13609938456907,277.85431891447104,-72.269,-36.318
"Directions from Dilman Bullock 3056, 4651861 Araucanía, Angol, Araucanía, Chile to Cauquenes, Chile",,2.13643179997184,294.69935267589511,-72.269,-36.318
"Directions from Dilman Bullock 3056, 4651861 Araucanía, Angol, Araucanía, Chile to Cauquenes, Chile",,2.13650391099736,286.84503376142408,-72.269,-36.318
"Directions from Dilman Bullock 3056, 4651861 Araucanía, Angol, Araucanía, Chile to Cauquenes, Chile",,2.13651391099735,288.01368669183660,-72.269,-36.318
"Directions from Dilman Bullock 3056, 4651861 Araucanía, Angol, Araucanía, Chile to Cauquenes, Chile",,2.13678594040753,314.88676782387904,-72.269,-36.317
"Directions from Dilman Bullock 3056, 4651861 Araucanía, Angol, Araucanía, Chile to Cauquenes, Chile",,2.13697195115990,326.39120286840040,-72.269,-36.317
"Directions from Dilman Bullock 3056, 4651861 Araucanía, Angol, Araucanía, Chile to Cauquenes, Chile",,2.13703026067885,332.91882647637527,-72.269,-36.317
"Directions from Dilman Bullock 3056, 4651861 Araucanía, Angol, Araucanía, Chile to Cauquenes, Chile",,2.13710641840991,339.18323033160959,-72.269,-36.317
"Directions from Dilman Bullock 3056, 4651861 Araucanía, Angol, Araucanía, Chile to Cauquenes, Chile",,2.13716966396311,345.63010235558085,-72.269,-36.317
"Directions from Dilman Bullock 3056, 4651861 Araucanía, Angol, Araucanía, Chile to Cauquenes, Chile",,2.13728146736199,351.67748089227479,-72.269,-36.317
"Directions from Dilman Bullock 3056, 4651861 Araucanía, Angol, Araucanía, Chile to Cauquenes, Chile",,2.13746257506475,351.17493788971029,-72.270,-36.317
"Directions from Dilman Bullock 3056, 4651861 Araucanía, Angol, Araucanía, Chile to Cauquenes, Chile",,2.13751356525989,354.34503376142408,-72.270,-36.317
"Directions from Dilman Bullock 3056, 4651861 Araucanía, Angol, Araucanía, Chile to Cauquenes, Chile",,2.13753356525989,354.99601009763995,-72.270,-36.317
"Directions from Dilman Bullock 3056, 4651861 Araucanía, Angol, Araucanía, Chile to Cauquenes, Chile",,2.13770619202490,354.99601009763995,-72.270,-36.316
"Directions from Dilman Bullock 3056, 4651861 Araucanía, Angol, Araucanía, Chile to Cauquenes, Chile",,2.13775619202490,348.40070474493064,-72.270,-36.316
"Directions from Dilman Bullock 3056, 4651861 Araucanía, Angol, Araucanía, Chile to Cauquenes, Chile",,2.13783234975596,341.38258301336219,-72.270,-36.316
"Directions from Dilman Bullock 3056, 4651861 Araucanía, Angol, Araucanía, Chile to Cauquenes, Chile",,2.13791481186847,340.90910728715255,-72.270,-36.316
"Directions from Dilman Bullock 3056, 4651861 Araucanía, Angol, Araucanía, Chile to Cauquenes, Chile",,2.13823261684012,338.70975460800014,-72.270,-36.316
"Directions from Dilman Bullock 3056, 4651861 Araucanía, Angol, Araucanía, Chile to Cauquenes, Chile",,2.13858046738274,343.76440385292119,-72.270,-36.316
"Directions from Dilman Bullock 3056, 4651861 Araucanía, Angol, Araucanía, Chile to Cauquenes, Chile",,2.13862169843899,339.69935267917407,-72.270,-36.316
"Directions from Dilman Bullock 3056, 4651861 Araucanía, Angol, Araucanía, Chile to Cauquenes, Chile",,2.13866641979854,338.16610992836513,-72.270,-36.316
"Directions from Dilman Bullock 3056, 4651861 Araucanía, Angol, Araucanía, Chile to Cauquenes, Chile",,2.13880243450363,340.86800560475046,-72.270,-36.315
"Directions from Dilman Bullock 3056, 4651861 Araucanía, Angol, Araucanía, Chile to Cauquenes, Chile",,2.13913484990640,332.57433633519076,-72.270,-36.315
"Directions from Dilman Bullock 3056, 4651861 Araucanía, Angol, Araucanía, Chile to Cauquenes, Chile",,2.13917090541915,332.25426149728975,-72.270,-36.315
"Directions from Dilman Bullock 3056, 4651861 Araucanía, Angol, Araucanía, Chile to Cauquenes, Chile",,2.13922475706722,334.57199320409387,-72.270,-36.315
"Directions from Dilman Bullock 3056, 4651861 Araucanía, Angol, Araucanía, Chile to Cauquenes, Chile",,2.13932771336863,327.97668785148113,-72.270,-36.315
"Directions from Dilman Bullock 3056, 4651861 Araucanía, Angol, Araucanía, Chile to Cauquenes, Chile",,2.13944977892478,322.60120435510430,-72.270,-36.315
"Directions from Dilman Bullock 3056, 4651861 Araucanía, Angol, Araucanía, Chile to Cauquenes, Chile",,2.13960598391831,317.59721445200427,-72.270,-36.315
"Directions from Dilman Bullock 3056, 4651861 Araucanía, Angol, Araucanía, Chile to Cauquenes, Chile",,2.13969083673205,309.34503376285937,-72.270,-36.315
"Directions from Dilman Bullock 3056, 4651861 Araucanía, Angol, Araucanía, Chile to Cauquenes, Chile",,2.13972689224480,300.12755935309468,-72.270,-36.315
"Directions from Dilman Bullock 3056, 4651861 Araucanía, Angol, Araucanía, Chile to Cauquenes, Chile",,2.13979397428413,293.10943761774985,-72.270,-36.315
"Directions from Dilman Bullock 3056, 4651861 Araucanía, Angol, Araucanía, Chile to Cauquenes, Chile",,2.13994263497161,294.13214186258244,-72.271,-36.315
"Directions from Dilman Bullock 3056, 4651861 Araucanía, Angol, Araucanía, Chile to Cauquenes, Chile",,2.14006793461246,295.20593457584550,-72.271,-36.315
"Directions from Dilman Bullock 3056, 4651861 Araucanía, Angol, Araucanía, Chile to Cauquenes, Chile",,2.14012178626053,296.70445586638471,-72.271,-36.315
"Directions from Dilman Bullock 3056, 4651861 Araucanía, Angol, Araucanía, Chile to Cauquenes, Chile",,2.14027442963576,308.30375111373291,-72.271,-36.314
"Directions from Dilman Bullock 3056, 4651861 Araucanía, Angol, Araucanía, Chile to Cauquenes, Chile",,2.14028857177138,308.59786695747874,-72.271,-36.314
"Directions from Dilman Bullock 3056, 4651861 Araucanía, Angol, Araucanía, Chile to Cauquenes, Chile",,2.14060763289406,313.84360547425428,-72.271,-36.314
"Directions from Dilman Bullock 3056, 4651861 Araucanía, Angol, Araucanía, Chile to Cauquenes, Chile",,2.14080179777244,329.46321291534463,-72.271,-36.314
"Directions from Dilman Bullock 3056, 4651861 Araucanía, Angol, Araucanía, Chile to Cauquenes, Chile",,2.14086887981177,346.71747440874691,-72.271,-36.314
"Directions from Dilman Bullock 3056, 4651861 Araucanía, Angol, Araucanía, Chile to Cauquenes, Chile",,2.14087887981177,354.34503376925318,-72.271,-36.314
"Directions from Dilman Bullock 3056, 4651861 Araucanía, Angol, Araucanía, Chile to Cauquenes, Chile",,2.14092987000690,354.34503376925318,-72.271,-36.314
"Directions from Dilman Bullock 3056, 4651861 Araucanía, Angol, Araucanía, Chile to Cauquenes, Chile",,2.14096987000690,7.01812172558154,-72.271,-36.314
"Directions from Dilman Bullock 3056, 4651861 Araucanía, Angol, Araucanía, Chile to Cauquenes, Chile",,2.14101110106316,7.01812172558154,-72.271,-36.314
"Directions from Dilman Bullock 3056, 4651861 Araucanía, Angol, Araucanía, Chile to Cauquenes, Chile",,2.14102110106316,6.78521719333550,-72.271,-36.314
"Directions from Dilman Bullock 3056, 4651861 Araucanía, Angol, Araucanía, Chile to Cauquenes, Chile",,2.14131942974096,16.77677045398833,-72.271,-36.314
"Directions from Dilman Bullock 3056, 4651861 Araucanía, Angol, Araucanía, Chile to Cauquenes, Chile",,2.14143647674007,22.30333565274168,-72.271,-36.313
"Directions from Dilman Bullock 3056, 4651861 Araucanía, Angol, Araucanía, Chile to Cauquenes, Chile",,2.14170048431572,17.96674863144768,-72.271,-36.313
"Directions from Dilman Bullock 3056, 4651861 Araucanía, Angol, Araucanía, Chile to Cauquenes, Chile",,2.14175147451085,14.87244065285538,-72.271,-36.313
"Directions from Dilman Bullock 3056, 4651861 Araucanía, Angol, Araucanía, Chile to Cauquenes, Chile",,2.14178309728745,9.21747441349656,-72.271,-36.313
"Directions from Dilman Bullock 3056, 4651861 Araucanía, Angol, Araucanía, Chile to Cauquenes, Chile",,2.14179309728745,9.21747441349656,-72.271,-36.313
"Directions from Dilman Bullock 3056, 4651861 Araucanía, Angol, Araucanía, Chile to Cauquenes, Chile",,2.14182472006405,9.21747441349656,-72.271,-36.313
"Directions from Dilman Bullock 3056, 4651861 Araucanía, Angol, Araucanía, Chile to Cauquenes, Chile",,2.14185472006406,352.98187826364199,-72.271,-36.313
"Directions from Dilman Bullock 3056, 4651861 Araucanía, Angol, Araucanía, Chile to Cauquenes, Chile",,2.14193718217657,341.67194578950131,-72.271,-36.313
"Directions from Dilman Bullock 3056, 4651861 Araucanía, Angol, Araucanía, Chile to Cauquenes, Chile",,2.14206718217657,342.42566367367840,-72.271,-36.313
"Directions from Dilman Bullock 3056, 4651861 Araucanía, Angol, Araucanía, Chile to Cauquenes, Chile",,2.14215937762114,344.51812173364397,-72.271,-36.313
"Directions from Dilman Bullock 3056, 4651861 Araucanía, Angol, Araucanía, Chile to Cauquenes, Chile",,2.14225424595095,345.12755935507801,-72.271,-36.313
"Directions from Dilman Bullock 3056, 4651861 Araucanía, Angol, Araucanía, Chile to Cauquenes, Chile",,2.14230523614608,341.06250817664306,-72.271,-36.313
"Directions from Dilman Bullock 3056, 4651861 Araucanía, Angol, Araucanía, Chile to Cauquenes, Chile",,2.14234995750564,336.81803623015622,-72.271,-36.313
"Directions from Dilman Bullock 3056, 4651861 Araucanía, Angol, Araucanía, Chile to Cauquenes, Chile",,2.14261566411075,350.10056182276639,-72.271,-36.312
"Directions from Dilman Bullock 3056, 4651861 Araucanía, Angol, Araucanía, Chile to Cauquenes, Chile",,2.14262566411075,346.71747441146107,-72.271,-36.312
"Directions from Dilman Bullock 3056, 4651861 Araucanía, Angol, Araucanía, Chile to Cauquenes, Chile",,2.14273746750962,342.65242323316164,-72.271,-36.312
"Directions from Dilman Bullock 3056, 4651861 Araucanía, Angol, Araucanía, Chile to Cauquenes, Chile",,2.14280817818774,345.03424408133247,-72.271,-36.312
"Directions from Dilman Bullock 3056, 4651861 Araucanía, Angol, Araucanía, Chile to Cauquenes, Chile",,2.14286202983581,349.09929525963173,-72.271,-36.312
"Directions from Dilman Bullock 3056, 4651861 Araucanía, Angol, Araucanía, Chile to Cauquenes, Chile",,2.14289202983581,354.34503376142408,-72.271,-36.312
"Directions from Dilman Bullock 3056, 4651861 Araucanía, Angol, Araucanía, Chile to Cauquenes, Chile",,2.14299401022609,341.06250817695621,-72.271,-36.312
"Directions from Dilman Bullock 3056, 4651861 Araucanía, Angol, Araucanía, Chile to Cauquenes, Chile",,2.14303873158563,346.71747441553219,-72.271,-36.312
"Directions from Dilman Bullock 3056, 4651861 Araucanía, Angol, Araucanía, Chile to Cauquenes, Chile",,2.14307873158563,350.78252558582489,-72.271,-36.312
"Directions from Dilman Bullock 3056, 4651861 Araucanía, Angol, Araucanía, Chile to Cauquenes, Chile",,2.14317359991544,350.78252558582489,-72.271,-36.312
"Directions from Dilman Bullock 3056, 4651861 Araucanía, Angol, Araucanía, Chile to Cauquenes, Chile",,2.14322359991544,355.62691886934988,-72.271,-36.312
"Directions from Dilman Bullock 3056, 4651861 Araucanía, Angol, Araucanía, Chile to Cauquenes, Chile",,2.14361818830857,350.20676614217570,-72.271,-36.311
"Directions from Dilman Bullock 3056, 4651861 Araucanía, Angol, Araucanía, Chile to Cauquenes, Chile",,2.14409672775313,354.57984727282582,-72.272,-36.311
"Directions from Dilman Bullock 3056, 4651861 Araucanía, Angol, Araucanía, Chile to Cauquenes, Chile",,2.14416672775313,352.98187826364199,-72.272,-36.311
"Directions from Dilman Bullock 3056, 4651861 Araucanía, Angol, Araucanía, Chile to Cauquenes, Chile",,2.14420795880939,358.63684450221791,-72.272,-36.311
"Directions from Dilman Bullock 3056, 4651861 Araucanía, Angol, Araucanía, Chile to Cauquenes, Chile",,2.14430993919967,5.65496623857591,-72.272,-36.311
"Directions from Dilman Bullock 3056, 4651861 Araucanía, Angol, Araucanía, Chile to Cauquenes, Chile",,2.14434993919966,6.26440385218098,-72.272,-36.311
"Directions from Dilman Bullock 3056, 4651861 Araucanía, Angol, Araucanía, Chile to Cauquenes, Chile",,2.14444213464424,9.43449972501183,-72.272,-36.311
"Directions from Dilman Bullock 3056, 4651861 Araucanía, Angol, Araucanía, Chile to Cauquenes, Chile",,2.14480435004976,3.17009587283083,-72.272,-36.310
"Directions from Dilman Bullock 3056, 4651861 Araucanía, Angol, Araucanía, Chile to Cauquenes, Chile",,2.14485435004976,7.01812173635801,-72.272,-36.310
"Directions from Dilman Bullock 3056, 4651861 Araucanía, Angol, Araucanía, Chile to Cauquenes, Chile",,2.14489558110602,7.01812173635802,-72.271,-36.310
"Directions from Dilman Bullock 3056, 4651861 Araucanía, Angol, Araucanía, Chile to Cauquenes, Chile",,2.14498558110602,3.17009587394791,-72.271,-36.310
"Directions from Dilman Bullock 3056, 4651861 Araucanía, Angol, Araucanía, Chile to Cauquenes, Chile",,2.14516668880878,3.17009587394791,-72.271,-36.310
"Directions from Dilman Bullock 3056, 4651861 Araucanía, Angol, Araucanía, Chile to Cauquenes, Chile",,2.14533668880878,352.98187826483934,-72.271,-36.310
"Directions from Dilman Bullock 3056, 4651861 Araucanía, Angol, Araucanía, Chile to Cauquenes, Chile",,2.14537791986504,330.48187825466158,-72.271,-36.310
"Directions from Dilman Bullock 3056, 4651861 Araucanía, Angol, Araucanía, Chile to Cauquenes, Chile",,2.14539206200066,320.65496622370068,-72.271,-36.310
"Directions from Dilman Bullock 3056, 4651861 Araucanía, Angol, Araucanía, Chile to Cauquenes, Chile",,2.14542811751343,343.15496623387844,-72.272,-36.310
"Directions from Dilman Bullock 3056, 4651861 Araucanía, Angol, Araucanía, Chile to Cauquenes, Chile",,2.14543811751342,331.23559614650190,-72.272,-36.310
"Directions from Dilman Bullock 3056, 4651861 Araucanía, Angol, Araucanía, Chile to Cauquenes, Chile",,2.14556850156152,297.13630088897588,-72.272,-36.310
"Directions from Dilman Bullock 3056, 4651861 Araucanía, Angol, Araucanía, Chile to Cauquenes, Chile",,2.14562235320959,289.25032685984428,-72.272,-36.310
"Directions from Dilman Bullock 3056, 4651861 Araucanía, Angol, Araucanía, Chile to Cauquenes, Chile",,2.14572675627469,284.39700065627352,-72.272,-36.310
"Directions from Dilman Bullock 3056, 4651861 Araucanía, Angol, Araucanía, Chile to Cauquenes, Chile",,2.14586993448532,289.32990412744226,-72.272,-36.309
"Directions from Dilman Bullock 3056, 4651861 Araucanía, Angol, Araucanía, Chile to Cauquenes, Chile",,2.14589229516509,288.93749182581001,-72.272,-36.309
"Directions from Dilman Bullock 3056, 4651861 Araucanía, Angol, Araucanía, Chile to Cauquenes, Chile",,2.14604526575050,279.53754924681402,-72.272,-36.309
"Directions from Dilman Bullock 3056, 4651861 Araucanía, Angol, Araucanía, Chile to Cauquenes, Chile",,2.14626730178361,281.34829159810494,-72.272,-36.309
"Directions from Dilman Bullock 3056, 4651861 Araucanía, Angol, Araucanía, Chile to Cauquenes, Chile",,2.14642254353058,282.19686969147455,-72.272,-36.309
"Directions from Dilman Bullock 3056, 4651861 Araucanía, Angol, Araucanía, Chile to Cauquenes, Chile",,2.14648337115587,281.41462645115786,-72.273,-36.309
"Directions from Dilman Bullock 3056, 4651861 Araucanía, Angol, Araucanía, Chile to Cauquenes, Chile",,2.14752149446262,285.19372815390443,-72.274,-36.309
"Directions from Dilman Bullock 3056, 4651861 Araucanía, Angol, Araucanía, Chile to Cauquenes, Chile",,2.14803393958163,288.33717483486998,-72.274,-36.309
"Directions from Dilman Bullock 3056, 4651861 Araucanía, Angol, Araucanía, Chile to Cauquenes, Chile",,2.14818260026911,291.80815651608026,-72.274,-36.309
"Directions from Dilman Bullock 3056, 4651861 Araucanía, Angol, Araucanía, Chile to Cauquenes, Chile",,2.14828108884713,291.19871889833041,-72.274,-36.309
"Directions from Dilman Bullock 3056, 4651861 Araucanía, Angol, Araucanía, Chile to Cauquenes, Chile",,2.14840757995353,292.50000000000006,-72.274,-36.309
"Directions from Dilman Bullock 3056, 4651861 Araucanía, Angol, Araucanía, Chile to Cauquenes, Chile",,2.14845230131308,291.25522353887243,-72.274,-36.309
"Directions from Dilman Bullock 3056, 4651861 Araucanía, Angol, Araucanía, Chile to Cauquenes, Chile",,2.14867070460975,284.66894682734005,-72.275,-36.309
"Directions from Dilman Bullock 3056, 4651861 Araucanía, Angol, Araucanía, Chile to Cauquenes, Chile",,2.14910244527265,282.54093346478805,-72.275,-36.309
"Directions from Dilman Bullock 3056, 4651861 Araucanía, Angol, Araucanía, Chile to Cauquenes, Chile",,2.14999087084634,282.34199298357964,-72.276,-36.308
"Directions from Dilman Bullock 3056, 4651861 Araucanía, Angol, Araucanía, Chile to Cauquenes, Chile",,2.15065795404956,281.80713603449021,-72.277,-36.308
"Directions from Dilman Bullock 3056, 4651861 Araucanía, Angol, Araucanía, Chile to Cauquenes, Chile",,2.15082074225551,320.30982763869207,-72.277,-36.308
"Directions from Dilman Bullock 3056, 4651861 Araucanía, Angol, Araucanía, Chile to Cauquenes, Chile",,2.15083074225551,321.88039255604758,-72.277,-36.308
"Directions from Dilman Bullock 3056, 4651861 Araucanía, Angol, Araucanía, Chile to Cauquenes, Chile",,2.15133522218573,281.42553101614118,-72.277,-36.308
"Directions from Dilman Bullock 3056, 4651861 Araucanía, Angol, Araucanía, Chile to Cauquenes, Chile",,2.15158840196377,281.04244685662360,-72.277,-36.308
"Directions from Dilman Bullock 3056, 4651861 Araucanía, Angol, Araucanía, Chile to Cauquenes, Chile",,2.15172181860441,288.47855288339940,-72.278,-36.308
"Directions from Dilman Bullock 3056, 4651861 Araucanía, Angol, Araucanía, Chile to Cauquenes, Chile",,2.15191879576044,297.46312275350482,-72.278,-36.308
"Directions from Dilman Bullock 3056, 4651861 Araucanía, Angol, Araucanía, Chile to Cauquenes, Chile",,2.15197710527939,294.69935268216756,-72.278,-36.308
"Directions from Dilman Bullock 3056, 4651861 Araucanía, Angol, Araucanía, Chile to Cauquenes, Chile",,2.15200872805599,293.52270424734780,-72.278,-36.308
"Directions from Dilman Bullock 3056, 4651861 Araucanía, Angol, Araucanía, Chile to Cauquenes, Chile",,2.15213402769686,301.15026359637142,-72.278,-36.308
"Directions from Dilman Bullock 3056, 4651861 Araucanía, Angol, Araucanía, Chile to Cauquenes, Chile",,2.15220613872236,300.79366927925929,-72.278,-36.308
"Directions from Dilman Bullock 3056, 4651861 Araucanía, Angol, Araucanía, Chile to Cauquenes, Chile",,2.15239849256298,300.79366927785009,-72.278,-36.308
"Directions from Dilman Bullock 3056, 4651861 Araucanía, Angol, Araucanía, Chile to Cauquenes, Chile",,2.15275904769053,305.00844673921802,-72.278,-36.308
"Directions from Dilman Bullock 3056, 4651861 Araucanía, Angol, Araucanía, Chile to Cauquenes, Chile",,2.15360308560437,308.28159213077868,-72.279,-36.307
"Directions from Dilman Bullock 3056, 4651861 Araucanía, Angol, Araucanía, Chile to Cauquenes, Chile",,2.15377337946803,312.61817915470709,-72.279,-36.307
"Directions from Dilman Bullock 3056, 4651861 Araucanía, Angol, Araucanía, Chile to Cauquenes, Chile",,2.15390065868864,312.01775644936441,-72.279,-36.307
"Directions from Dilman Bullock 3056, 4651861 Araucanía, Angol, Araucanía, Chile to Cauquenes, Chile",,2.15437699890320,313.29964155553142,-72.280,-36.307
"Directions from Dilman Bullock 3056, 4651861 Araucanía, Angol, Araucanía, Chile to Cauquenes, Chile",,2.15485123513125,318.79642189685796,-72.280,-36.306
"Directions from Dilman Bullock 3056, 4651861 Araucanía, Angol, Araucanía, Chile to Cauquenes, Chile",,2.15573853440433,321.36256265193299,-72.281,-36.306
"Directions from Dilman Bullock 3056, 4651861 Araucanía, Angol, Araucanía, Chile to Cauquenes, Chile",,2.15600254197997,327.31178239359718,-72.281,-36.305
"Directions from Dilman Bullock 3056, 4651861 Araucanía, Angol, Araucanía, Chile to Cauquenes, Chile",,2.15617254197997,328.88390925944947,-72.281,-36.305
"Directions from Dilman Bullock 3056, 4651861 Araucanía, Angol, Araucanía, Chile to Cauquenes, Chile",,2.15651092046629,320.42015272709415,-72.281,-36.305
"Directions from Dilman Bullock 3056, 4651861 Araucanía, Angol, Araucanía, Chile to Cauquenes, Chile",,2.15658163114441,321.26440385433625,-72.281,-36.305
"Directions from Dilman Bullock 3056, 4651861 Araucanía, Angol, Araucanía, Chile to Cauquenes, Chile",,2.15684239924062,329.79583244108886,-72.281,-36.305
"Directions from Dilman Bullock 3056, 4651861 Araucanía, Angol, Araucanía, Chile to Cauquenes, Chile",,2.15758946014844,330.54955032114350,-72.282,-36.304
"Directions from Dilman Bullock 3056, 4651861 Araucanía, Angol, Araucanía, Chile to Cauquenes, Chile",,2.15799762678108,322.01812172930198,-72.282,-36.304
"Directions from Dilman Bullock 3056, 4651861 Araucanía, Angol, Araucanía, Chile to Cauquenes, Chile",,2.15802591105233,322.24488129219543,-72.282,-36.304
"Directions from Dilman Bullock 3056, 4651861 Araucanía, Angol, Araucanía, Chile to Cauquenes, Chile",,2.15867591105232,331.04109357824308,-72.282,-36.303
"Directions from Dilman Bullock 3056, 4651861 Araucanía, Angol, Araucanía, Chile to Cauquenes, Chile",,2.15898004917884,334.22344130026420,-72.282,-36.303
"Directions from Dilman Bullock 3056, 4651861 Araucanía, Angol, Araucanía, Chile to Cauquenes, Chile",,2.15961565912213,333.05478837146069,-72.283,-36.302
"Directions from Dilman Bullock 3056, 4651861 Araucanía, Angol, Araucanía, Chile to Cauquenes, Chile",,2.15969628169961,322.62755936233299,-72.283,-36.302
"Directions from Dilman Bullock 3056, 4651861 Araucanía, Angol, Araucanía, Chile to Cauquenes, Chile",,2.15971042383522,326.59929526419421,-72.283,-36.302
"Directions from Dilman Bullock 3056, 4651861 Araucanía, Angol, Araucanía, Chile to Cauquenes, Chile",,2.15976427548330,329.45459182266546,-72.283,-36.302
"Directions from Dilman Bullock 3056, 4651861 Araucanía, Angol, Araucanía, Chile to Cauquenes, Chile",,2.15990640218733,314.68520069470117,-72.283,-36.302
"Directions from Dilman Bullock 3056, 4651861 Araucanía, Angol, Araucanía, Chile to Cauquenes, Chile",,2.15997043342971,304.56267658640996,-72.283,-36.302
"Directions from Dilman Bullock 3056, 4651861 Araucanía, Angol, Araucanía, Chile to Cauquenes, Chile",,2.16016766425894,297.62034274512132,-72.283,-36.302
"Directions from Dilman Bullock 3056, 4651861 Araucanía, Angol, Araucanía, Chile to Cauquenes, Chile",,2.16045402068020,300.82251910605703,-72.283,-36.302
"Directions from Dilman Bullock 3056, 4651861 Araucanía, Angol, Araucanía, Chile to Cauquenes, Chile",,2.16050402068020,310.93494881620467,-72.283,-36.302
"Directions from Dilman Bullock 3056, 4651861 Araucanía, Angol, Araucanía, Chile to Cauquenes, Chile",,2.16053230495145,318.03622819904336,-72.283,-36.302
"Directions from Dilman Bullock 3056, 4651861 Araucanía, Angol, Araucanía, Chile to Cauquenes, Chile",,2.16086652045079,322.76738930787002,-72.283,-36.301
"Directions from Dilman Bullock 3056, 4651861 Araucanía, Angol, Araucanía, Chile to Cauquenes, Chile",,2.16095254370347,326.74928283829962,-72.284,-36.301
"Directions from Dilman Bullock 3056, 4651861 Araucanía, Angol, Araucanía, Chile to Cauquenes, Chile",,2.16101085322241,333.61741698857833,-72.284,-36.301
"Directions from Dilman Bullock 3056, 4651861 Araucanía, Angol, Araucanía, Chile to Cauquenes, Chile",,2.16106470487048,349.09929525401645,-72.284,-36.301
"Directions from Dilman Bullock 3056, 4651861 Araucanía, Angol, Araucanía, Chile to Cauquenes, Chile",,2.16120470487048,7.62755935215521,-72.284,-36.301
"Directions from Dilman Bullock 3056, 4651861 Araucanía, Angol, Araucanía, Chile to Cauquenes, Chile",,2.16143273995550,17.21706336464866,-72.284,-36.301
"Directions from Dilman Bullock 3056, 4651861 Araucanía, Angol, Araucanía, Chile to Cauquenes, Chile",,2.16167625586874,21.81148140311997,-72.283,-36.301
"Directions from Dilman Bullock 3056, 4651861 Araucanía, Angol, Araucanía, Chile to Cauquenes, Chile",,2.16179708632848,22.21353065127935,-72.283,-36.301
"Directions from Dilman Bullock 3056, 4651861 Araucanía, Angol, Araucanía, Chile to Cauquenes, Chile",,2.16191413332758,18.12165561419002,-72.283,-36.300
"Directions from Dilman Bullock 3056, 4651861 Araucanía, Angol, Araucanía, Chile to Cauquenes, Chile",,2.16216413332758,13.78506859211309,-72.283,-36.300
"Directions from Dilman Bullock 3056, 4651861 Araucanía, Angol, Araucanía, Chile to Cauquenes, Chile",,2.16221512352272,8.25218069327757,-72.283,-36.300
"Directions from Dilman Bullock 3056, 4651861 Araucanía, Angol, Araucanía, Chile to Cauquenes, Chile",,2.16232557713289,349.31468886209154,-72.283,-36.300
"Directions from Dilman Bullock 3056, 4651861 Araucanía, Angol, Araucanía, Chile to Cauquenes, Chile",,2.16234793781267,346.71747440738994,-72.283,-36.300
"Directions from Dilman Bullock 3056, 4651861 Araucanía, Angol, Araucanía, Chile to Cauquenes, Chile",,2.16237793781267,354.34503376494723,-72.283,-36.300
"Directions from Dilman Bullock 3056, 4651861 Araucanía, Angol, Araucanía, Chile to Cauquenes, Chile",,2.16247991820293,335.91008493958248,-72.283,-36.300
"Directions from Dilman Bullock 3056, 4651861 Araucanía, Angol, Araucanía, Chile to Cauquenes, Chile",,2.16252991820295,326.69261052616423,-72.283,-36.300
"Directions from Dilman Bullock 3056, 4651861 Araucanía, Angol, Araucanía, Chile to Cauquenes, Chile",,2.16269116335790,328.28252558906098,-72.283,-36.300
"Directions from Dilman Bullock 3056, 4651861 Araucanía, Angol, Araucanía, Chile to Cauquenes, Chile",,2.16290749643443,324.72001741488140,-72.284,-36.300
"Directions from Dilman Bullock 3056, 4651861 Araucanía, Angol, Araucanía, Chile to Cauquenes, Chile",,2.16320749643443,320.78874460283447,-72.284,-36.299
"Directions from Dilman Bullock 3056, 4651861 Araucanía, Angol, Araucanía, Chile to Cauquenes, Chile",,2.16379545901828,317.54198194655908,-72.284,-36.299
"Directions from Dilman Bullock 3056, 4651861 Araucanía, Angol, Araucanía, Chile to Cauquenes, Chile",,2.16429063575441,312.64819264712611,-72.284,-36.298
"Directions from Dilman Bullock 3056, 4651861 Araucanía, Angol, Araucanía, Chile to Cauquenes, Chile",,2.16448272948153,310.32351037553491,-72.285,-36.298
"Directions from Dilman Bullock 3056, 4651861 Araucanía, Angol, Araucanía, Chile to Cauquenes, Chile",,2.16461726572199,304.27613183802180,-72.285,-36.298
"Directions from Dilman Bullock 3056, 4651861 Araucanía, Angol, Araucanía, Chile to Cauquenes, Chile",,2.16468434776132,298.36928560337759,-72.285,-36.298
"Directions from Dilman Bullock 3056, 4651861 Araucanía, Angol, Araucanía, Chile to Cauquenes, Chile",,2.16567913417056,295.98746475787414,-72.286,-36.298
"Directions from Dilman Bullock 3056, 4651861 Araucanía, Angol, Araucanía, Chile to Cauquenes, Chile",,2.16594839241091,293.15440735814406,-72.286,-36.298
"Directions from Dilman Bullock 3056, 4651861 Araucanía, Angol, Araucanía, Chile to Cauquenes, Chile",,2.16744304956224,293.15440735828452,-72.287,-36.297
"Directions from Dilman Bullock 3056, 4651861 Araucanía, Angol, Araucanía, Chile to Cauquenes, Chile",,2.16765845615452,293.75568163344553,-72.287,-36.297
"Directions from Dilman Bullock 3056, 4651861 Araucanía, Angol, Araucanía, Chile to Cauquenes, Chile",,2.16795812263579,292.60620114363212,-72.288,-36.297
"Directions from Dilman Bullock 3056, 4651861 Araucanía, Angol, Araucanía, Chile to Cauquenes, Chile",,2.16846733771806,286.76934598724023,-72.288,-36.297
"Directions from Dilman Bullock 3056, 4651861 Araucanía, Angol, Araucanía, Chile to Cauquenes, Chile",,2.16962180729324,282.67308797167072,-72.289,-36.296
"Directions from Dilman Bullock 3056, 4651861 Araucanía, Angol, Araucanía, Chile to Cauquenes, Chile",,2.16977477787863,284.87244064823625,-72.289,-36.296
"Directions from Dilman Bullock 3056, 4651861 Araucanía, Angol, Araucanía, Chile to Cauquenes, Chile",,2.16983802343184,285.61960744332652,-72.289,-36.296
"Directions from Dilman Bullock 3056, 4651861 Araucanía, Angol, Araucanía, Chile to Cauquenes, Chile",,2.17006363371529,283.80051415535439,-72.290,-36.296
"Directions from Dilman Bullock 3056, 4651861 Araucanía, Angol, Araucanía, Chile to Cauquenes, Chile",,2.17115999132118,283.94432765472806,-72.291,-36.296
"Directions from Dilman Bullock 3056, 4651861 Araucanía, Angol, Araucanía, Chile to Cauquenes, Chile",,2.17160146612228,285.76342094400877,-72.291,-36.296
"Directions from Dilman Bullock 3056, 4651861 Araucanía, Angol, Araucanía, Chile to Cauquenes, Chile",,2.17182282555849,287.44748181773309,-72.291,-36.296
"Directions from Dilman Bullock 3056, 4651861 Araucanía, Angol, Araucanía, Chile to Cauquenes, Chile",,2.17274043113824,285.79468343786556,-72.292,-36.296
"Directions from Dilman Bullock 3056, 4651861 Araucanía, Angol, Araucanía, Chile to Cauquenes, Chile",,2.17553737589995,282.29583713699736,-72.295,-36.295
"Directions from Dilman Bullock 3056, 4651861 Araucanía, Angol, Araucanía, Chile to Cauquenes, Chile",,2.17559820352525,283.18904114713587,-72.295,-36.295
"Directions from Dilman Bullock 3056, 4651861 Araucanía, Angol, Araucanía, Chile to Cauquenes, Chile",,2.17762593624925,286.34825669663792,-72.297,-36.294
"Directions from Dilman Bullock 3056, 4651861 Araucanía, Angol, Araucanía, Chile to Cauquenes, Chile",,2.17905998645759,287.95852836881892,-72.298,-36.294
"Directions from Dilman Bullock 3056, 4651861 Araucanía, Angol, Araucanía, Chile to Cauquenes, Chile",,2.17937951736376,296.52077317584667,-72.299,-36.294
"Directions from Dilman Bullock 3056, 4651861 Araucanía, Angol, Araucanía, Chile to Cauquenes, Chile",,2.17958200193107,305.99955090389551,-72.299,-36.294
"Directions from Dilman Bullock 3056, 4651861 Araucanía, Angol, Araucanía, Chile to Cauquenes, Chile",,2.17978815721235,312.04692944564516,-72.299,-36.293
"Directions from Dilman Bullock 3056, 4651861 Araucanía, Angol, Araucanía, Chile to Cauquenes, Chile",,2.17987301002609,317.19935268057100,-72.299,-36.293
"Directions from Dilman Bullock 3056, 4651861 Araucanía, Angol, Araucanía, Chile to Cauquenes, Chile",,2.18014959635981,323.07581880247540,-72.299,-36.293
"Directions from Dilman Bullock 3056, 4651861 Araucanía, Angol, Araucanía, Chile to Cauquenes, Chile",,2.18122574690690,330.09394053726680,-72.300,-36.292
"Directions from Dilman Bullock 3056, 4651861 Araucanía, Angol, Araucanía, Chile to Cauquenes, Chile",,2.18158351778330,335.57468058824907,-72.300,-36.292
"Directions from Dilman Bullock 3056, 4651861 Araucanía, Angol, Araucanía, Chile to Cauquenes, Chile",,2.18224275977226,342.07198898427021,-72.300,-36.291
"Directions from Dilman Bullock 3056, 4651861 Araucanía, Angol, Araucanía, Chile to Cauquenes, Chile",,2.18254108845006,350.86085668553625,-72.300,-36.291
"Directions from Dilman Bullock 3056, 4651861 Araucanía, Angol, Araucanía, Chile to Cauquenes, Chile",,2.18339396593247,358.42015272728679,-72.300,-36.290
"Directions from Dilman Bullock 3056, 4651861 Araucanía, Angol, Araucanía, Chile to Cauquenes, Chile",,2.18376410104293,329.05660443831829,-72.300,-36.290
"Directions from Dilman Bullock 3056, 4651861 Araucanía, Angol, Araucanía, Chile to Cauquenes, Chile",,2.18859400787433,297.31876905618623,-72.305,-36.288
"Directions from Dilman Bullock 3056, 4651861 Araucanía, Angol, Araucanía, Chile to Cauquenes, Chile",,2.18893400787434,296.70933143922764,-72.305,-36.288
"Directions from Dilman Bullock 3056, 4651861 Araucanía, Angol, Araucanía, Chile to Cauquenes, Chile",,2.18914424583474,296.82346585364081,-72.305,-36.287
"Directions from Dilman Bullock 3056, 4651861 Araucanía, Angol, Araucanía, Chile to Cauquenes, Chile",,2.18943954229596,296.82346585364081,-72.305,-36.287
"Directions from Dilman Bullock 3056, 4651861 Araucanía, Angol, Araucanía, Chile to Cauquenes, Chile",,2.18964978025636,297.54552861821020,-72.306,-36.287
"Directions from Dilman Bullock 3056, 4651861 Araucanía, Angol, Araucanía, Chile to Cauquenes, Chile",,2.18973040283385,298.27048129361521,-72.306,-36.287
"Directions from Dilman Bullock 3056, 4651861 Araucanía, Angol, Araucanía, Chile to Cauquenes, Chile",,2.19083950156706,293.67606325793025,-72.307,-36.287
"Directions from Dilman Bullock 3056, 4651861 Araucanía, Angol, Araucanía, Chile to Cauquenes, Chile",,2.19092494160451,294.47453232144903,-72.307,-36.287
"Directions from Dilman Bullock 3056, 4651861 Araucanía, Angol, Araucanía, Chile to Cauquenes, Chile",,2.19134553642141,284.19650971054193,-72.307,-36.286
"Directions from Dilman Bullock 3056, 4651861 Araucanía, Angol, Araucanía, Chile to Cauquenes, Chile",,2.19136553642140,283.91204819188096,-72.307,-36.286
"Directions from Dilman Bullock 3056, 4651861 Araucanía, Angol, Araucanía, Chile to Cauquenes, Chile",,2.19177259907014,296.58513616267010,-72.308,-36.286
"Directions from Dilman Bullock 3056, 4651861 Araucanía, Angol, Araucanía, Chile to Cauquenes, Chile",,2.19198283703056,296.46036995061655,-72.308,-36.286
"Directions from Dilman Bullock 3056, 4651861 Araucanía, Angol, Araucanía, Chile to Cauquenes, Chile",,2.19401350194630,293.00475639535955,-72.310,-36.285
"Directions from Dilman Bullock 3056, 4651861 Araucanía, Angol, Araucanía, Chile to Cauquenes, Chile",,2.19404512472290,293.95541891692170,-72.310,-36.285
"Directions from Dilman Bullock 3056, 4651861 Araucanía, Angol, Araucanía, Chile to Cauquenes, Chile",,2.19430932161917,297.95977549903404,-72.310,-36.285
"Directions from Dilman Bullock 3056, 4651861 Araucanía, Angol, Araucanía, Chile to Cauquenes, Chile",,2.19642017452736,305.72183099764442,-72.312,-36.284
"Directions from Dilman Bullock 3056, 4651861 Araucanía, Angol, Araucanía, Chile to Cauquenes, Chile",,2.19643431666299,305.86604689640626,-72.312,-36.284
"Directions from Dilman Bullock 3056, 4651861 Araucanía, Angol, Araucanía, Chile to Cauquenes, Chile",,2.19796826581468,294.96534215252836,-72.313,-36.283
"Directions from Dilman Bullock 3056, 4651861 Araucanía, Angol, Araucanía, Chile to Cauquenes, Chile",,2.19804442354574,296.12659730604480,-72.313,-36.283
"Directions from Dilman Bullock 3056, 4651861 Araucanía, Angol, Araucanía, Chile to Cauquenes, Chile",,2.19825033614856,297.97306171089292,-72.313,-36.283
"Directions from Dilman Bullock 3056, 4651861 Araucanía, Angol, Araucanía, Chile to Cauquenes, Chile",,2.19982008135081,296.08462077884951,-72.315,-36.283
"Directions from Dilman Bullock 3056, 4651861 Araucanía, Angol, Araucanía, Chile to Cauquenes, Chile",,2.20101444310506,296.51813141774693,-72.316,-36.282
"Directions from Dilman Bullock 3056, 4651861 Araucanía, Angol, Araucanía, Chile to Cauquenes, Chile",,2.20122915221060,296.38771703891774,-72.316,-36.282
"Directions from Dilman Bullock 3056, 4651861 Araucanía, Angol, Araucanía, Chile to Cauquenes, Chile",,2.20271891729275,295.58922996006720,-72.317,-36.281
"Directions from Dilman Bullock 3056, 4651861 Araucanía, Angol, Araucanía, Chile to Cauquenes, Chile",,2.20525915350224,324.24738109045762,-72.320,-36.280
"Directions from Dilman Bullock 3056, 4651861 Araucanía, Angol, Araucanía, Chile to Cauquenes, Chile",,2.20578384388714,354.30089937013804,-72.320,-36.280
"Directions from Dilman Bullock 3056, 4651861 Araucanía, Angol, Araucanía, Chile to Cauquenes, Chile",,2.20624482111000,354.57179332530717,-72.320,-36.279
"Directions from Dilman Bullock 3056, 4651861 Araucanía, Angol, Araucanía, Chile to Cauquenes, Chile",,2.20632544368748,355.24451980902717,-72.320,-36.279
"Directions from Dilman Bullock 3056, 4651861 Araucanía, Angol, Araucanía, Chile to Cauquenes, Chile",,2.20656565193047,359.25461483966711,-72.320,-36.279
"Directions from Dilman Bullock 3056, 4651861 Araucanía, Angol, Araucanía, Chile to Cauquenes, Chile",,2.20720573005070,357.15661452668002,-72.320,-36.278
"Directions from Dilman Bullock 3056, 4651861 Araucanía, Angol, Araucanía, Chile to Cauquenes, Chile",,2.20746745509727,347.49155326052448,-72.320,-36.278
"Directions from Dilman Bullock 3056, 4651861 Araucanía, Angol, Araucanía, Chile to Cauquenes, Chile",,2.20781530563989,339.38426485486480,-72.320,-36.278
"Directions from Dilman Bullock 3056, 4651861 Araucanía, Angol, Araucanía, Chile to Cauquenes, Chile",,2.20856377073594,333.64491627021562,-72.320,-36.277
"Directions from Dilman Bullock 3056, 4651861 Araucanía, Angol, Araucanía, Chile to Cauquenes, Chile",,2.20940597023723,331.39339089841053,-72.321,-36.276
"Directions from Dilman Bullock 3056, 4651861 Araucanía, Angol, Araucanía, Chile to Cauquenes, Chile",,2.20975482550809,335.16014636870852,-72.321,-36.276
"Directions from Dilman Bullock 3056, 4651861 Araucanía, Angol, Araucanía, Chile to Cauquenes, Chile",,2.21012252103430,348.80993247474294,-72.321,-36.276
"Directions from Dilman Bullock 3056, 4651861 Araucanía, Angol, Araucanía, Chile to Cauquenes, Chile",,2.21013252103430,348.87548817132176,-72.321,-36.276
"Directions from Dilman Bullock 3056, 4651861 Araucanía, Angol, Araucanía, Chile to Cauquenes, Chile",,2.21037021832078,334.57025833730199,-72.321,-36.275
"Directions from Dilman Bullock 3056, 4651861 Araucanía, Angol, Araucanía, Chile to Cauquenes, Chile",,2.21049551796165,329.69207856159539,-72.321,-36.275
"Directions from Dilman Bullock 3056, 4651861 Araucanía, Angol, Araucanía, Chile to Cauquenes, Chile",,2.21087287720693,343.99730839561516,-72.321,-36.275
"Directions from Dilman Bullock 3056, 4651861 Araucanía, Angol, Araucanía, Chile to Cauquenes, Chile",,2.21088287720693,343.29608770519053,-72.321,-36.275
"Directions from Dilman Bullock 3056, 4651861 Araucanía, Angol, Araucanía, Chile to Cauquenes, Chile",,2.21144590473734,327.55766803074380,-72.322,-36.275
"Directions from Dilman Bullock 3056, 4651861 Araucanía, Angol, Araucanía, Chile to Cauquenes, Chile",,2.21202044803423,321.76158031537551,-72.322,-36.274
"Directions from Dilman Bullock 3056, 4651861 Araucanía, Angol, Araucanía, Chile to Cauquenes, Chile",,2.21203459016985,323.46375652217750,-72.322,-36.274
"Directions from Dilman Bullock 3056, 4651861 Araucanía, Angol, Araucanía, Chile to Cauquenes, Chile",,2.21220459016985,333.36319471030970,-72.322,-36.274
"Directions from Dilman Bullock 3056, 4651861 Araucanía, Angol, Araucanía, Chile to Cauquenes, Chile",,2.21239247311213,336.20937065064970,-72.322,-36.274
"Directions from Dilman Bullock 3056, 4651861 Araucanía, Angol, Araucanía, Chile to Cauquenes, Chile",,2.21257632087524,326.30993249305084,-72.322,-36.274
"Directions from Dilman Bullock 3056, 4651861 Araucanía, Angol, Araucanía, Chile to Cauquenes, Chile",,2.21259046301086,327.22197741047086,-72.322,-36.274
"Directions from Dilman Bullock 3056, 4651861 Araucanía, Angol, Araucanía, Chile to Cauquenes, Chile",,2.21310310323558,336.43945179750523,-72.322,-36.273
"Directions from Dilman Bullock 3056, 4651861 Araucanía, Angol, Araucanía, Chile to Cauquenes, Chile",,2.21312546391535,337.49999999525033,-72.322,-36.273
"Directions from Dilman Bullock 3056, 4651861 Araucanía, Angol, Araucanía, Chile to Cauquenes, Chile",,2.21331520057496,350.78252558786045,-72.322,-36.273
"Directions from Dilman Bullock 3056, 4651861 Araucanía, Angol, Araucanía, Chile to Cauquenes, Chile",,2.21332520057497,351.09055554262090,-72.322,-36.273
"Directions from Dilman Bullock 3056, 4651861 Araucanía, Angol, Araucanía, Chile to Cauquenes, Chile",,2.21361930939836,340.18985080365655,-72.322,-36.273
"Directions from Dilman Bullock 3056, 4651861 Araucanía, Angol, Araucanía, Chile to Cauquenes, Chile",,2.21367316104643,341.70091413847985,-72.322,-36.272
"Directions from Dilman Bullock 3056, 4651861 Araucanía, Angol, Araucanía, Chile to Cauquenes, Chile",,2.21422133984938,343.38414446542805,-72.323,-36.272
"Directions from Dilman Bullock 3056, 4651861 Araucanía, Angol, Araucanía, Chile to Cauquenes, Chile",,2.21456919039200,337.49999999537380,-72.323,-36.272
"Directions from Dilman Bullock 3056, 4651861 Araucanía, Angol, Araucanía, Chile to Cauquenes, Chile",,2.21459155107178,338.52270423998351,-72.323,-36.272
"Directions from Dilman Bullock 3056, 4651861 Araucanía, Angol, Araucanía, Chile to Cauquenes, Chile",,2.21476875152324,351.80522983259368,-72.323,-36.271
"Directions from Dilman Bullock 3056, 4651861 Araucanía, Angol, Araucanía, Chile to Cauquenes, Chile",,2.21477875152325,353.37974004253988,-72.323,-36.271
"Directions from Dilman Bullock 3056, 4651861 Araucanía, Angol, Araucanía, Chile to Cauquenes, Chile",,2.21495339401521,353.37974004253988,-72.323,-36.271
"Directions from Dilman Bullock 3056, 4651861 Araucanía, Angol, Araucanía, Chile to Cauquenes, Chile",,2.21498339401521,355.73461719567297,-72.323,-36.271
"Directions from Dilman Bullock 3056, 4651861 Araucanía, Angol, Araucanía, Chile to Cauquenes, Chile",,2.21518563149937,353.53526451745671,-72.323,-36.271
"Directions from Dilman Bullock 3056, 4651861 Araucanía, Angol, Araucanía, Chile to Cauquenes, Chile",,2.21531601554747,353.06948621850455,-72.323,-36.271
"Directions from Dilman Bullock 3056, 4651861 Araucanía, Angol, Araucanía, Chile to Cauquenes, Chile",,2.21549849842338,355.26883889672069,-72.323,-36.271
"Directions from Dilman Bullock 3056, 4651861 Araucanía, Angol, Araucanía, Chile to Cauquenes, Chile",,2.21554849842338,350.78252558904785,-72.323,-36.271
"Directions from Dilman Bullock 3056, 4651861 Araucanía, Angol, Araucanía, Chile to Cauquenes, Chile",,2.21567498952979,343.76440385268984,-72.323,-36.271
"Directions from Dilman Bullock 3056, 4651861 Araucanía, Angol, Araucanía, Chile to Cauquenes, Chile",,2.21575745164230,338.45457621371935,-72.323,-36.270
"Directions from Dilman Bullock 3056, 4651861 Araucanía, Angol, Araucanía, Chile to Cauquenes, Chile",,2.21586040794371,333.87340269500805,-72.323,-36.270
"Directions from Dilman Bullock 3056, 4651861 Araucanía, Angol, Araucanía, Chile to Cauquenes, Chile",,2.21601272340583,332.05097418423196,-72.323,-36.270
"Directions from Dilman Bullock 3056, 4651861 Araucanía, Angol, Araucanía, Chile to Cauquenes, Chile",,2.21697527210590,321.15026944439018,-72.324,-36.269
"Directions from Dilman Bullock 3056, 4651861 Araucanía, Angol, Araucanía, Chile to Cauquenes, Chile",,2.21700355637714,321.10785957181542,-72.324,-36.269
"Directions from Dilman Bullock 3056, 4651861 Araucanía, Angol, Araucanía, Chile to Cauquenes, Chile",,2.21770533981952,325.17291074461872,-72.324,-36.269
"Directions from Dilman Bullock 3056, 4651861 Araucanía, Angol, Araucanía, Chile to Cauquenes, Chile",,2.21795533981952,325.19743804198538,-72.324,-36.269
"Directions from Dilman Bullock 3056, 4651861 Araucanía, Angol, Araucanía, Chile to Cauquenes, Chile",,2.21812177298929,311.91491245263222,-72.324,-36.268
"Directions from Dilman Bullock 3056, 4651861 Araucanía, Angol, Araucanía, Chile to Cauquenes, Chile",,2.21814413366907,310.48291560895353,-72.324,-36.268
"Directions from Dilman Bullock 3056, 4651861 Araucanía, Angol, Araucanía, Chile to Cauquenes, Chile",,2.21922639981009,319.70039002380719,-72.325,-36.268
"Directions from Dilman Bullock 3056, 4651861 Araucanía, Angol, Araucanía, Chile to Cauquenes, Chile",,2.21926882621696,318.59673503100259,-72.325,-36.268
"Directions from Dilman Bullock 3056, 4651861 Araucanía, Angol, Araucanía, Chile to Cauquenes, Chile",,2.22000292430305,320.50377244493535,-72.325,-36.267
"Directions from Dilman Bullock 3056, 4651861 Araucanía, Angol, Araucanía, Chile to Cauquenes, Chile",,2.22032182867743,320.97208859467474,-72.326,-36.267
"Directions from Dilman Bullock 3056, 4651861 Araucanía, Angol, Araucanía, Chile to Cauquenes, Chile",,2.22062182867743,319.06505117226055,-72.326,-36.266
"Directions from Dilman Bullock 3056, 4651861 Araucanía, Angol, Araucanía, Chile to Cauquenes, Chile",,2.22065011294868,318.65287976172453,-72.326,-36.266
"Directions from Dilman Bullock 3056, 4651861 Araucanía, Angol, Araucanía, Chile to Cauquenes, Chile",,2.22092814172417,325.48853333285518,-72.326,-36.266
"Directions from Dilman Bullock 3056, 4651861 Araucanía, Angol, Araucanía, Chile to Cauquenes, Chile",,2.22119739996453,331.45098975371536,-72.326,-36.266
"Directions from Dilman Bullock 3056, 4651861 Araucanía, Angol, Araucanía, Chile to Cauquenes, Chile",,2.22151942480829,337.52583217490559,-72.326,-36.266
"Directions from Dilman Bullock 3056, 4651861 Araucanía, Angol, Araucanía, Chile to Cauquenes, Chile",,2.22176294072152,342.33832659663494,-72.326,-36.266
"Directions from Dilman Bullock 3056, 4651861 Araucanía, Angol, Araucanía, Chile to Cauquenes, Chile",,2.22215854153042,345.17996397005220,-72.326,-36.265
"Directions from Dilman Bullock 3056, 4651861 Araucanía, Angol, Araucanía, Chile to Cauquenes, Chile",,2.22241564073306,347.89557184870807,-72.326,-36.265
"Directions from Dilman Bullock 3056, 4651861 Araucanía, Angol, Araucanía, Chile to Cauquenes, Chile",,2.22279220414074,347.31506293030054,-72.326,-36.265
"Directions from Dilman Bullock 3056, 4651861 Araucanía, Angol, Araucanía, Chile to Cauquenes, Chile",,2.22346406722203,343.15882142378166,-72.327,-36.264
"Directions from Dilman Bullock 3056, 4651861 Araucanía, Angol, Araucanía, Chile to Cauquenes, Chile",,2.22407758168804,342.85963762938491,-72.327,-36.263
"Directions from Dilman Bullock 3056, 4651861 Araucanía, Angol, Araucanía, Chile to Cauquenes, Chile",,2.22430561677306,347.22001741362459,-72.327,-36.263
"Directions from Dilman Bullock 3056, 4651861 Araucanía, Angol, Araucanía, Chile to Cauquenes, Chile",,2.22475283036855,353.48442126841223,-72.327,-36.263
"Directions from Dilman Bullock 3056, 4651861 Araucanía, Angol, Araucanía, Chile to Cauquenes, Chile",,2.22496306832897,358.63684450263241,-72.327,-36.262
"Directions from Dilman Bullock 3056, 4651861 Araucanía, Angol, Araucanía, Chile to Cauquenes, Chile",,2.22535306832898,2.63119769956692,-72.327,-36.262
"Directions from Dilman Bullock 3056, 4651861 Araucanía, Angol, Araucanía, Chile to Cauquenes, Chile",,2.22611628520510,7.36235880523018,-72.327,-36.261
"Directions from Dilman Bullock 3056, 4651861 Araucanía, Angol, Araucanía, Chile to Cauquenes, Chile",,2.22623794045570,4.73116110566325,-72.327,-36.261
"Directions from Dilman Bullock 3056, 4651861 Araucanía, Angol, Araucanía, Chile to Cauquenes, Chile",,2.22634794045570,356.99549702136432,-72.327,-36.261
"Directions from Dilman Bullock 3056, 4651861 Araucanía, Angol, Araucanía, Chile to Cauquenes, Chile",,2.22673003991919,356.99549702136432,-72.327,-36.261
"Directions from Dilman Bullock 3056, 4651861 Araucanía, Angol, Araucanía, Chile to Cauquenes, Chile",,2.22695003991919,2.72016601440493,-72.327,-36.260
"Directions from Dilman Bullock 3056, 4651861 Araucanía, Angol, Araucanía, Chile to Cauquenes, Chile",,2.22716099015029,8.37513225121931,-72.327,-36.260
"Directions from Dilman Bullock 3056, 4651861 Araucanía, Angol, Araucanía, Chile to Cauquenes, Chile",,2.22736495093083,9.02297184398982,-72.327,-36.260
"Directions from Dilman Bullock 3056, 4651861 Araucanía, Angol, Araucanía, Chile to Cauquenes, Chile",,2.22864377851890,11.25838226179059,-72.327,-36.259
"Directions from Dilman Bullock 3056, 4651861 Araucanía, Angol, Araucanía, Chile to Cauquenes, Chile",,2.22912179525501,17.61039406874501,-72.327,-36.258
"Directions from Dilman Bullock 3056, 4651861 Araucanía, Angol, Araucanía, Chile to Cauquenes, Chile",,2.22966262794633,20.31704565509261,-72.326,-36.258
"Directions from Dilman Bullock 3056, 4651861 Araucanía, Angol, Araucanía, Chile to Cauquenes, Chile",,2.23018817528007,19.14839272504885,-72.326,-36.257
"Directions from Dilman Bullock 3056, 4651861 Araucanía, Angol, Araucanía, Chile to Cauquenes, Chile",,2.23046020469025,18.27138189798626,-72.326,-36.257
"Directions from Dilman Bullock 3056, 4651861 Araucanía, Angol, Araucanía, Chile to Cauquenes, Chile",,2.23082075981779,20.44388557802643,-72.326,-36.257
"Directions from Dilman Bullock 3056, 4651861 Araucanía, Angol, Araucanía, Chile to Cauquenes, Chile",,2.23142242417605,20.42961159322001,-72.326,-36.256
"Directions from Dilman Bullock 3056, 4651861 Araucanía, Angol, Araucanía, Chile to Cauquenes, Chile",,2.23253570760806,20.74932923075202,-72.325,-36.255
"Directions from Dilman Bullock 3056, 4651861 Araucanía, Angol, Araucanía, Chile to Cauquenes, Chile",,2.23328035517571,20.67823300077873,-72.325,-36.254
"Directions from Dilman Bullock 3056, 4651861 Araucanía, Angol, Araucanía, Chile to Cauquenes, Chile",,2.23458335172214,17.98426931891853,-72.325,-36.253
"Directions from Dilman Bullock 3056, 4651861 Araucanía, Angol, Araucanía, Chile to Cauquenes, Chile",,2.23468775478723,18.71240155260431,-72.325,-36.253
"Directions from Dilman Bullock 3056, 4651861 Araucanía, Angol, Araucanía, Chile to Cauquenes, Chile",,2.23508335559613,16.01774566903348,-72.325,-36.253
"Directions from Dilman Bullock 3056, 4651861 Araucanía, Angol, Araucanía, Chile to Cauquenes, Chile",,2.23523632618153,12.84566353194830,-72.325,-36.253
"Directions from Dilman Bullock 3056, 4651861 Araucanía, Angol, Araucanía, Chile to Cauquenes, Chile",,2.23563894262432,12.39455295198255,-72.324,-36.252
"Directions from Dilman Bullock 3056, 4651861 Araucanía, Angol, Araucanía, Chile to Cauquenes, Chile",,2.23613713937260,8.76636383039916,-72.324,-36.252
"Directions from Dilman Bullock 3056, 4651861 Araucanía, Angol, Araucanía, Chile to Cauquenes, Chile",,2.23670149741498,2.05611442192422,-72.324,-36.251
"Directions from Dilman Bullock 3056, 4651861 Araucanía, Angol, Araucanía, Chile to Cauquenes, Chile",,2.23784307527041,1.66370212084075,-72.324,-36.250
"Directions from Dilman Bullock 3056, 4651861 Araucanía, Angol, Araucanía, Chile to Cauquenes, Chile",,2.23829584452732,3.77953349081331,-72.324,-36.250
"Directions from Dilman Bullock 3056, 4651861 Araucanía, Angol, Araucanía, Chile to Cauquenes, Chile",,2.23876595089826,355.87827651413920,-72.324,-36.249
"Directions from Dilman Bullock 3056, 4651861 Araucanía, Angol, Araucanía, Chile to Cauquenes, Chile",,2.23919174427538,348.86670586349686,-72.324,-36.249
"Directions from Dilman Bullock 3056, 4651861 Araucanía, Angol, Araucanía, Chile to Cauquenes, Chile",,2.23941735455883,350.03535879151752,-72.324,-36.248
"Directions from Dilman Bullock 3056, 4651861 Araucanía, Angol, Araucanía, Chile to Cauquenes, Chile",,2.23965922229128,356.43749182440087,-72.324,-36.248
"Directions from Dilman Bullock 3056, 4651861 Araucanía, Angol, Araucanía, Chile to Cauquenes, Chile",,2.23974922229128,358.21183281279173,-72.324,-36.248
"Directions from Dilman Bullock 3056, 4651861 Araucanía, Angol, Araucanía, Chile to Cauquenes, Chile",,2.24023015887754,354.31579377370690,-72.324,-36.248
"Directions from Dilman Bullock 3056, 4651861 Araucanía, Angol, Araucanía, Chile to Cauquenes, Chile",,2.24118901235956,353.50674650638035,-72.325,-36.247
"Directions from Dilman Bullock 3056, 4651861 Araucanía, Angol, Araucanía, Chile to Cauquenes, Chile",,2.24129946596974,357.40278554546524,-72.325,-36.247
"Directions from Dilman Bullock 3056, 4651861 Araucanía, Angol, Araucanía, Chile to Cauquenes, Chile",,2.24160946596974,2.38182084620538,-72.325,-36.246
"Directions from Dilman Bullock 3056, 4651861 Araucanía, Angol, Araucanía, Chile to Cauquenes, Chile",,2.24172988191552,2.38182084620539,-72.325,-36.246
"Directions from Dilman Bullock 3056, 4651861 Araucanía, Angol, Araucanía, Chile to Cauquenes, Chile",,2.24181988191552,6.49730839635850,-72.325,-36.246
"Directions from Dilman Bullock 3056, 4651861 Araucanía, Angol, Araucanía, Chile to Cauquenes, Chile",,2.24208671519681,10.93763797183206,-72.325,-36.246
"Directions from Dilman Bullock 3056, 4651861 Araucanía, Angol, Araucanía, Chile to Cauquenes, Chile",,2.24241059789162,7.03754402825647,-72.324,-36.245
"Directions from Dilman Bullock 3056, 4651861 Araucanía, Angol, Araucanía, Chile to Cauquenes, Chile",,2.24263150511197,47.59721445278290,-72.324,-36.245
"Directions from Dilman Bullock 3056, 4651861 Araucanía, Angol, Araucanía, Chile to Cauquenes, Chile",,2.24264150511197,48.88258300863464,-72.324,-36.245
"Directions from Dilman Bullock 3056, 4651861 Araucanía, Angol, Araucanía, Chile to Cauquenes, Chile",,2.24286354114508,6.26440385476982,-72.324,-36.245
"Directions from Dilman Bullock 3056, 4651861 Araucanía, Angol, Araucanía, Chile to Cauquenes, Chile",,2.24310437303666,2.38182084613519,-72.324,-36.245
"Directions from Dilman Bullock 3056, 4651861 Araucanía, Angol, Araucanía, Chile to Cauquenes, Chile",,2.24333437303666,3.02709594680788,-72.324,-36.245
"Directions from Dilman Bullock 3056, 4651861 Araucanía, Angol, Araucanía, Chile to Cauquenes, Chile",,2.24399807477690,9.52440434316638,-72.324,-36.244
"Directions from Dilman Bullock 3056, 4651861 Araucanía, Angol, Araucanía, Chile to Cauquenes, Chile",,2.24426490805818,11.70116405261993,-72.324,-36.244
"Directions from Dilman Bullock 3056, 4651861 Araucanía, Angol, Araucanía, Chile to Cauquenes, Chile",,2.24476310480647,11.46825951102877,-72.324,-36.243
"Directions from Dilman Bullock 3056, 4651861 Araucanía, Angol, Araucanía, Chile to Cauquenes, Chile",,2.24522408202933,13.73011244366719,-72.324,-36.243
"Directions from Dilman Bullock 3056, 4651861 Araucanía, Angol, Araucanía, Chile to Cauquenes, Chile",,2.24553456552325,10.63580446061362,-72.324,-36.242
"Directions from Dilman Bullock 3056, 4651861 Araucanía, Angol, Araucanía, Chile to Cauquenes, Chile",,2.24571567322601,3.17009587171377,-72.324,-36.242
"Directions from Dilman Bullock 3056, 4651861 Araucanía, Angol, Araucanía, Chile to Cauquenes, Chile",,2.24622567322601,1.06054819866533,-72.324,-36.242
"Directions from Dilman Bullock 3056, 4651861 Araucanía, Angol, Araucanía, Chile to Cauquenes, Chile",,2.24649585834774,4.98720484951193,-72.324,-36.241
"Directions from Dilman Bullock 3056, 4651861 Araucanía, Angol, Araucanía, Chile to Cauquenes, Chile",,2.24678860397110,3.92665665084659,-72.324,-36.241
"Directions from Dilman Bullock 3056, 4651861 Araucanía, Angol, Araucanía, Chile to Cauquenes, Chile",,2.24683860397110,2.34934025882425,-72.324,-36.241
"Directions from Dilman Bullock 3056, 4651861 Araucanía, Angol, Araucanía, Chile to Cauquenes, Chile",,2.24757106557420,3.65062136049387,-72.324,-36.240
"Directions from Dilman Bullock 3056, 4651861 Araucanía, Angol, Araucanía, Chile to Cauquenes, Chile",,2.24779129272965,4.06505117707799,-72.324,-36.240
"Directions from Dilman Bullock 3056, 4651861 Araucanía, Angol, Araucanía, Chile to Cauquenes, Chile",,2.24810274095970,11.52655426309019,-72.324,-36.240
"Directions from Dilman Bullock 3056, 4651861 Araucanía, Angol, Araucanía, Chile to Cauquenes, Chile",,2.24830198954815,22.71141970288054,-72.324,-36.240
"Directions from Dilman Bullock 3056, 4651861 Araucanía, Angol, Araucanía, Chile to Cauquenes, Chile",,2.24849434338877,26.33620579931682,-72.324,-36.239
"Directions from Dilman Bullock 3056, 4651861 Araucanía, Angol, Araucanía, Chile to Cauquenes, Chile",,2.24878069981003,27.35332620466678,-72.324,-36.239
"Directions from Dilman Bullock 3056, 4651861 Araucanía, Angol, Araucanía, Chile to Cauquenes, Chile",,2.24916148846532,31.38002681550714,-72.323,-36.239
"Directions from Dilman Bullock 3056, 4651861 Araucanía, Angol, Araucanía, Chile to Cauquenes, Chile",,2.24953040580024,36.63738690574030,-72.323,-36.239
"Directions from Dilman Bullock 3056, 4651861 Araucanía, Angol, Araucanía, Chile to Cauquenes, Chile",,2.25033196677733,37.06814976750853,-72.323,-36.238
"Directions from Dilman Bullock 3056, 4651861 Araucanía, Angol, Araucanía, Chile to Cauquenes, Chile",,2.25036802229008,38.85952279138583,-72.323,-36.238
"Directions from Dilman Bullock 3056, 4651861 Araucanía, Angol, Araucanía, Chile to Cauquenes, Chile",,2.25078527521099,42.35195881727564,-72.322,-36.238
"Directions from Dilman Bullock 3056, 4651861 Araucanía, Angol, Araucanía, Chile to Cauquenes, Chile",,2.25247299556697,36.65622357459349,-72.321,-36.236
"Directions from Dilman Bullock 3056, 4651861 Araucanía, Angol, Araucanía, Chile to Cauquenes, Chile",,2.25352987777422,31.19119444264026,-72.321,-36.235
"Directions from Dilman Bullock 3056, 4651861 Araucanía, Angol, Araucanía, Chile to Cauquenes, Chile",,2.25369112292919,25.06065825736241,-72.321,-36.235
"Directions from Dilman Bullock 3056, 4651861 Araucanía, Angol, Araucanía, Chile to Cauquenes, Chile",,2.25406448602324,18.38298777410551,-72.320,-36.235
"Directions from Dilman Bullock 3056, 4651861 Araucanía, Angol, Araucanía, Chile to Cauquenes, Chile",,2.25424168647471,14.81503012459949,-72.320,-36.235
"Directions from Dilman Bullock 3056, 4651861 Araucanía, Angol, Araucanía, Chile to Cauquenes, Chile",,2.25441632896667,15.83773436831491,-72.320,-36.235
"Directions from Dilman Bullock 3056, 4651861 Araucanía, Angol, Araucanía, Chile to Cauquenes, Chile",,2.25479580228589,20.27219858304877,-72.320,-36.234
"Directions from Dilman Bullock 3056, 4651861 Araucanía, Angol, Araucanía, Chile to Cauquenes, Chile",,2.25514120060667,24.09240196399805,-72.320,-36.234
"Directions from Dilman Bullock 3056, 4651861 Araucanía, Angol, Araucanía, Chile to Cauquenes, Chile",,2.25566445962475,24.02493178783395,-72.320,-36.233
"Directions from Dilman Bullock 3056, 4651861 Araucanía, Angol, Araucanía, Chile to Cauquenes, Chile",,2.25627911399918,18.00537572942680,-72.320,-36.233
"Directions from Dilman Bullock 3056, 4651861 Araucanía, Angol, Araucanía, Chile to Cauquenes, Chile",,2.25644403822421,11.08317291216678,-72.320,-36.233
"Directions from Dilman Bullock 3056, 4651861 Araucanía, Angol, Araucanía, Chile to Cauquenes, Chile",,2.25658545958044,13.28252557978610,-72.320,-36.233
"Directions from Dilman Bullock 3056, 4651861 Araucanía, Angol, Araucanía, Chile to Cauquenes, Chile",,2.25661708235704,9.21747440128323,-72.320,-36.233
"Directions from Dilman Bullock 3056, 4651861 Araucanía, Angol, Araucanía, Chile to Cauquenes, Chile",,2.25683708235704,356.20267831588205,-72.320,-36.232
"Directions from Dilman Bullock 3056, 4651861 Araucanía, Angol, Araucanía, Chile to Cauquenes, Chile",,2.25713973727605,349.41746112387312,-72.320,-36.232
"Directions from Dilman Bullock 3056, 4651861 Araucanía, Angol, Araucanía, Chile to Cauquenes, Chile",,2.25743806595385,347.62038284384147,-72.320,-36.232
"Directions from Dilman Bullock 3056, 4651861 Araucanía, Angol, Araucanía, Chile to Cauquenes, Chile",,2.25836569734616,350.29766282830059,-72.320,-36.231
"Directions from Dilman Bullock 3056, 4651861 Araucanía, Angol, Araucanía, Chile to Cauquenes, Chile",,2.26025508878258,353.51024194631498,-72.320,-36.229
"Directions from Dilman Bullock 3056, 4651861 Araucanía, Angol, Araucanía, Chile to Cauquenes, Chile",,2.26049592067415,353.50036949186824,-72.320,-36.229
"Directions from Dilman Bullock 3056, 4651861 Araucanía, Angol, Araucanía, Chile to Cauquenes, Chile",,2.26279967847392,350.91906758410971,-72.321,-36.226
"Directions from Dilman Bullock 3056, 4651861 Araucanía, Angol, Araucanía, Chile to Cauquenes, Chile",,2.26320575728401,348.63474421322297,-72.321,-36.226
"Directions from Dilman Bullock 3056, 4651861 Araucanía, Angol, Araucanía, Chile to Cauquenes, Chile",,2.26343136756746,353.59786696711672,-72.321,-36.226
"Directions from Dilman Bullock 3056, 4651861 Araucanía, Angol, Araucanía, Chile to Cauquenes, Chile",,2.26363136756746,11.30993247414066,-72.321,-36.226
"Directions from Dilman Bullock 3056, 4651861 Araucanía, Angol, Araucanía, Chile to Cauquenes, Chile",,2.26389136756746,24.59245806308677,-72.321,-36.225
"Directions from Dilman Bullock 3056, 4651861 Araucanía, Angol, Araucanía, Chile to Cauquenes, Chile",,2.26411497436521,25.10818225210703,-72.320,-36.225
"Directions from Dilman Bullock 3056, 4651861 Araucanía, Angol, Araucanía, Chile to Cauquenes, Chile",,2.26561060132405,22.34441217629155,-72.320,-36.224
"Directions from Dilman Bullock 3056, 4651861 Araucanía, Angol, Araucanía, Chile to Cauquenes, Chile",,2.26574988520682,22.63262817215002,-72.320,-36.224
"Directions from Dilman Bullock 3056, 4651861 Araucanía, Angol, Araucanía, Chile to Cauquenes, Chile",,2.26596920232881,22.69450256824409,-72.320,-36.223
"Directions from Dilman Bullock 3056, 4651861 Araucanía, Angol, Araucanía, Chile to Cauquenes, Chile",,2.26630161773159,55.58062990922468,-72.320,-36.223
"Directions from Dilman Bullock 3056, 4651861 Araucanía, Angol, Araucanía, Chile to Cauquenes, Chile",,2.26631161773158,56.30993247434142,-72.320,-36.223
"Directions from Dilman Bullock 3056, 4651861 Araucanía, Angol, Araucanía, Chile to Cauquenes, Chile",,2.26670161773158,23.41287499659386,-72.319,-36.223
"Directions from Dilman Bullock 3056, 4651861 Araucanía, Angol, Araucanía, Chile to Cauquenes, Chile",,2.26789669095109,25.38546811079145,-72.319,-36.222
"Directions from Dilman Bullock 3056, 4651861 Araucanía, Angol, Araucanía, Chile to Cauquenes, Chile",,2.26809793706907,31.40944445826152,-72.319,-36.222
"Directions from Dilman Bullock 3056, 4651861 Araucanía, Angol, Araucanía, Chile to Cauquenes, Chile",,2.26828394782145,38.94368853744609,-72.319,-36.221
"Directions from Dilman Bullock 3056, 4651861 Araucanía, Angol, Araucanía, Chile to Cauquenes, Chile",,2.26864519565881,43.67042935185300,-72.318,-36.221
"Directions from Dilman Bullock 3056, 4651861 Araucanía, Angol, Araucanía, Chile to Cauquenes, Chile",,2.26921799579848,48.20895625368542,-72.318,-36.221
"Directions from Dilman Bullock 3056, 4651861 Araucanía, Angol, Araucanía, Chile to Cauquenes, Chile",,2.26936012250252,54.87341830591400,-72.318,-36.221
"Directions from Dilman Bullock 3056, 4651861 Araucanía, Angol, Araucanía, Chile to Cauquenes, Chile",,2.26941843202146,63.43494882538862,-72.318,-36.221
"Directions from Dilman Bullock 3056, 4651861 Araucanía, Angol, Araucanía, Chile to Cauquenes, Chile",,2.26970997961621,71.89870535506738,-72.318,-36.220
"Directions from Dilman Bullock 3056, 4651861 Araucanía, Angol, Araucanía, Chile to Cauquenes, Chile",,2.26979244172872,77.97788836483797,-72.318,-36.220
"Directions from Dilman Bullock 3056, 4651861 Araucanía, Angol, Araucanía, Chile to Cauquenes, Chile",,2.26996506849373,82.39879564486704,-72.317,-36.220
"Directions from Dilman Bullock 3056, 4651861 Araucanía, Angol, Araucanía, Chile to Cauquenes, Chile",,2.27051733654459,87.40278554606584,-72.317,-36.220
"Directions from Dilman Bullock 3056, 4651861 Araucanía, Angol, Araucanía, Chile to Cauquenes, Chile",,2.27063733654459,86.90569201837629,-72.317,-36.220
"Directions from Dilman Bullock 3056, 4651861 Araucanía, Angol, Araucanía, Chile to Cauquenes, Chile",,2.27230706706177,79.88757028441304,-72.315,-36.220
"Directions from Dilman Bullock 3056, 4651861 Araucanía, Angol, Araucanía, Chile to Cauquenes, Chile",,2.27238952917428,71.79181073975586,-72.315,-36.220
"Directions from Dilman Bullock 3056, 4651861 Araucanía, Angol, Araucanía, Chile to Cauquenes, Chile",,2.27257337693738,64.82019527975808,-72.315,-36.220
"Directions from Dilman Bullock 3056, 4651861 Araucanía, Angol, Araucanía, Chile to Cauquenes, Chile",,2.27293573035602,60.82538312379606,-72.314,-36.220
"Directions from Dilman Bullock 3056, 4651861 Araucanía, Angol, Araucanía, Chile to Cauquenes, Chile",,2.27475542813313,57.67168182926742,-72.313,-36.219
"Directions from Dilman Bullock 3056, 4651861 Araucanía, Angol, Araucanía, Chile to Cauquenes, Chile",,2.27502169867224,51.78776412497232,-72.313,-36.219
"Directions from Dilman Bullock 3056, 4651861 Araucanía, Angol, Araucanía, Chile to Cauquenes, Chile",,2.27530489471742,50.91751592047004,-72.312,-36.219
"Directions from Dilman Bullock 3056, 4651861 Araucanía, Angol, Araucanía, Chile to Cauquenes, Chile",,2.27544090942250,55.98362170281386,-72.312,-36.219
"Directions from Dilman Bullock 3056, 4651861 Araucanía, Angol, Araucanía, Chile to Cauquenes, Chile",,2.27572392885647,59.06780031340724,-72.312,-36.218
"Directions from Dilman Bullock 3056, 4651861 Araucanía, Angol, Araucanía, Chile to Cauquenes, Chile",,2.27634658445951,58.97262495048476,-72.312,-36.218
"Directions from Dilman Bullock 3056, 4651861 Araucanía, Angol, Araucanía, Chile to Cauquenes, Chile",,2.27666564558218,56.46446886039352,-72.311,-36.218
"Directions from Dilman Bullock 3056, 4651861 Araucanía, Angol, Araucanía, Chile to Cauquenes, Chile",,2.27747013299663,50.06233582242132,-72.311,-36.218
"Directions from Dilman Bullock 3056, 4651861 Araucanía, Angol, Araucanía, Chile to Cauquenes, Chile",,2.27749841726787,53.30349028436920,-72.311,-36.217
"Directions from Dilman Bullock 3056, 4651861 Araucanía, Angol, Araucanía, Chile to Cauquenes, Chile",,2.27791901208477,65.90405211248394,-72.310,-36.217
"Directions from Dilman Bullock 3056, 4651861 Araucanía, Angol, Araucanía, Chile to Cauquenes, Chile",,2.27818471868989,71.82202613518022,-72.310,-36.217
"Directions from Dilman Bullock 3056, 4651861 Araucanía, Angol, Araucanía, Chile to Cauquenes, Chile",,2.27895672905250,71.37373894529864,-72.309,-36.217
"Directions from Dilman Bullock 3056, 4651861 Araucanía, Angol, Araucanía, Chile to Cauquenes, Chile",,2.27943776959134,70.74283017597703,-72.309,-36.217
"Directions from Dilman Bullock 3056, 4651861 Araucanía, Angol, Araucanía, Chile to Cauquenes, Chile",,2.27973187841474,75.35579037625966,-72.309,-36.217
"Directions from Dilman Bullock 3056, 4651861 Araucanía, Angol, Araucanía, Chile to Cauquenes, Chile",,2.28043593807129,75.39289902148934,-72.308,-36.217
"Directions from Dilman Bullock 3056, 4651861 Araucanía, Angol, Araucanía, Chile to Cauquenes, Chile",,2.28069842616627,70.34912454549524,-72.308,-36.217
"Directions from Dilman Bullock 3056, 4651861 Araucanía, Angol, Araucanía, Chile to Cauquenes, Chile",,2.28156934522106,73.56649411885692,-72.307,-36.216
"Directions from Dilman Bullock 3056, 4651861 Araucanía, Angol, Araucanía, Chile to Cauquenes, Chile",,2.28162033541620,71.67194578980600,-72.307,-36.216
"Directions from Dilman Bullock 3056, 4651861 Araucanía, Angol, Araucanía, Chile to Cauquenes, Chile",,2.28183057337661,66.42620728590792,-72.307,-36.216
"Directions from Dilman Bullock 3056, 4651861 Araucanía, Angol, Araucanía, Chile to Cauquenes, Chile",,2.28220753491312,65.34329394544740,-72.306,-36.216
"Directions from Dilman Bullock 3056, 4651861 Araucanía, Angol, Araucanía, Chile to Cauquenes, Chile",,2.28274873727822,59.39896492464680,-72.306,-36.216
"Directions from Dilman Bullock 3056, 4651861 Araucanía, Angol, Araucanía, Chile to Cauquenes, Chile",,2.28314534791851,53.65946921577940,-72.305,-36.215
"Directions from Dilman Bullock 3056, 4651861 Araucanía, Angol, Araucanía, Chile to Cauquenes, Chile",,2.28341553304025,54.19488144306480,-72.305,-36.215
"Directions from Dilman Bullock 3056, 4651861 Araucanía, Angol, Araucanía, Chile to Cauquenes, Chile",,2.28371234948184,58.81793781567390,-72.305,-36.215
"Directions from Dilman Bullock 3056, 4651861 Araucanía, Angol, Araucanía, Chile to Cauquenes, Chile",,2.28427670752421,58.71328845594188,-72.304,-36.215
"Directions from Dilman Bullock 3056, 4651861 Araucanía, Angol, Araucanía, Chile to Cauquenes, Chile",,2.28538345952895,55.45881023565052,-72.304,-36.214
"Directions from Dilman Bullock 3056, 4651861 Araucanía, Angol, Araucanía, Chile to Cauquenes, Chile",,2.28631351329085,54.31707553907750,-72.303,-36.214
"Directions from Dilman Bullock 3056, 4651861 Araucanía, Angol, Araucanía, Chile to Cauquenes, Chile",,2.28787824969037,56.07638127179894,-72.301,-36.213
"Directions from Dilman Bullock 3056, 4651861 Araucanía, Angol, Araucanía, Chile to Cauquenes, Chile",,2.28804468286015,56.07130500906986,-72.301,-36.213
"Directions from Dilman Bullock 3056, 4651861 Araucanía, Angol, Araucanía, Chile to Cauquenes, Chile",,2.28948735399385,55.98629668333378,-72.300,-36.212
"Directions from Dilman Bullock 3056, 4651861 Araucanía, Angol, Araucanía, Chile to Cauquenes, Chile",,2.28968983856116,55.44265012981056,-72.300,-36.212
"Directions from Dilman Bullock 3056, 4651861 Araucanía, Angol, Araucanía, Chile to Cauquenes, Chile",,2.29107793077711,47.66115696205074,-72.299,-36.211
"Directions from Dilman Bullock 3056, 4651861 Araucanía, Angol, Araucanía, Chile to Cauquenes, Chile",,2.29154547756621,43.59515695925003,-72.299,-36.211
"Directions from Dilman Bullock 3056, 4651861 Araucanía, Angol, Araucanía, Chile to Cauquenes, Chile",,2.29216070110282,47.19497008816112,-72.298,-36.210
"Directions from Dilman Bullock 3056, 4651861 Araucanía, Angol, Araucanía, Chile to Cauquenes, Chile",,2.29281262134334,50.93074967723774,-72.298,-36.210
"Directions from Dilman Bullock 3056, 4651861 Araucanía, Angol, Araucanía, Chile to Cauquenes, Chile",,2.29306262134335,26.56505117772937,-72.297,-36.210
"Directions from Dilman Bullock 3056, 4651861 Araucanía, Angol, Araucanía, Chile to Cauquenes, Chile",,2.29307262134335,29.19624887722500,-72.297,-36.210
"Directions from Dilman Bullock 3056, 4651861 Araucanía, Angol, Araucanía, Chile to Cauquenes, Chile",,2.29322526471857,55.76130005267454,-72.297,-36.210
"Directions from Dilman Bullock 3056, 4651861 Araucanía, Angol, Araucanía, Chile to Cauquenes, Chile",,2.29327526471857,56.08317290881410,-72.297,-36.209
"Directions from Dilman Bullock 3056, 4651861 Araucanía, Angol, Araucanía, Chile to Cauquenes, Chile",,2.29333357423752,61.96583740074902,-72.297,-36.209
"Directions from Dilman Bullock 3056, 4651861 Araucanía, Angol, Araucanía, Chile to Cauquenes, Chile",,2.29491275123837,64.16519007884548,-72.296,-36.209
"Directions from Dilman Bullock 3056, 4651861 Araucanía, Angol, Araucanía, Chile to Cauquenes, Chile",,2.29560593231139,60.18956300586072,-72.295,-36.208
"Directions from Dilman Bullock 3056, 4651861 Araucanía, Angol, Araucanía, Chile to Cauquenes, Chile",,2.29635759713031,54.53459676869404,-72.295,-36.208
"Directions from Dilman Bullock 3056, 4651861 Araucanía, Angol, Araucanía, Chile to Cauquenes, Chile",,2.29647161467282,48.56250817429432,-72.294,-36.208
"Directions from Dilman Bullock 3056, 4651861 Araucanía, Angol, Araucanía, Chile to Cauquenes, Chile",,2.29661303602906,39.99601009811811,-72.294,-36.208
"Directions from Dilman Bullock 3056, 4651861 Araucanía, Angol, Araucanía, Chile to Cauquenes, Chile",,2.29685716714137,30.40650608562468,-72.294,-36.208
"Directions from Dilman Bullock 3056, 4651861 Araucanía, Angol, Araucanía, Chile to Cauquenes, Chile",,2.29720155064852,22.67882345713511,-72.294,-36.207
"Directions from Dilman Bullock 3056, 4651861 Araucanía, Angol, Araucanía, Chile to Cauquenes, Chile",,2.29753048833259,23.05085305742737,-72.294,-36.207
"Directions from Dilman Bullock 3056, 4651861 Araucanía, Angol, Araucanía, Chile to Cauquenes, Chile",,2.29777645581011,35.78252558925277,-72.294,-36.207
"Directions from Dilman Bullock 3056, 4651861 Araucanía, Angol, Araucanía, Chile to Cauquenes, Chile",,2.29787545075948,47.19935267655698,-72.294,-36.207
"Directions from Dilman Bullock 3056, 4651861 Araucanía, Angol, Araucanía, Chile to Cauquenes, Chile",,2.29796764620406,53.69666107197610,-72.294,-36.207
"Directions from Dilman Bullock 3056, 4651861 Araucanía, Angol, Araucanía, Chile to Cauquenes, Chile",,2.29806198601537,60.71478280833412,-72.294,-36.207
"Directions from Dilman Bullock 3056, 4651861 Araucanía, Angol, Araucanía, Chile to Cauquenes, Chile",,2.29817378941425,69.08991505977554,-72.294,-36.207
"Directions from Dilman Bullock 3056, 4651861 Araucanía, Angol, Araucanía, Chile to Cauquenes, Chile",,2.29828780695677,73.38787077831674,-72.293,-36.207
"Directions from Dilman Bullock 3056, 4651861 Araucanía, Angol, Araucanía, Chile to Cauquenes, Chile",,2.29867677996353,69.59860304070818,-72.293,-36.206
"Directions from Dilman Bullock 3056, 4651861 Araucanía, Angol, Araucanía, Chile to Cauquenes, Chile",,2.29888293524482,60.56948621947452,-72.293,-36.206
"Directions from Dilman Bullock 3056, 4651861 Araucanía, Angol, Araucanía, Chile to Cauquenes, Chile",,2.29901894994991,56.75354084841068,-72.293,-36.206
"Directions from Dilman Bullock 3056, 4651861 Araucanía, Angol, Araucanía, Chile to Cauquenes, Chile",,2.29921618077914,52.26722754981990,-72.293,-36.206
"Directions from Dilman Bullock 3056, 4651861 Araucanía, Angol, Araucanía, Chile to Cauquenes, Chile",,2.29923032291476,50.56815472561798,-72.293,-36.206
"Directions from Dilman Bullock 3056, 4651861 Araucanía, Angol, Araucanía, Chile to Cauquenes, Chile",,2.30014558244080,54.13066289114374,-72.292,-36.206
"Directions from Dilman Bullock 3056, 4651861 Araucanía, Angol, Araucanía, Chile to Cauquenes, Chile",,2.30025959998331,54.21747441251792,-72.292,-36.206
"Directions from Dilman Bullock 3056, 4651861 Araucanía, Angol, Araucanía, Chile to Cauquenes, Chile",,2.30141337639145,56.89450213786752,-72.291,-36.205
"Directions from Dilman Bullock 3056, 4651861 Araucanía, Angol, Araucanía, Chile to Cauquenes, Chile",,2.30318046439152,59.12550992943224,-72.289,-36.204
"Directions from Dilman Bullock 3056, 4651861 Araucanía, Angol, Araucanía, Chile to Cauquenes, Chile",,2.30414301309159,61.32169022060030,-72.288,-36.204
"Directions from Dilman Bullock 3056, 4651861 Araucanía, Angol, Araucanía, Chile to Cauquenes, Chile",,2.30594595513171,60.90142477985412,-72.287,-36.203
"Directions from Dilman Bullock 3056, 4651861 Araucanía, Angol, Araucanía, Chile to Cauquenes, Chile",,2.30616550011570,58.12067482620882,-72.287,-36.203
"Directions from Dilman Bullock 3056, 4651861 Araucanía, Angol, Araucanía, Chile to Cauquenes, Chile",,2.30630972216672,59.27569593698618,-72.287,-36.203
"Directions from Dilman Bullock 3056, 4651861 Araucanía, Angol, Araucanía, Chile to Cauquenes, Chile",,2.30652443127225,59.27569593594230,-72.286,-36.202
"Directions from Dilman Bullock 3056, 4651861 Araucanía, Angol, Araucanía, Chile to Cauquenes, Chile",,2.30663259781052,59.03624346848092,-72.286,-36.202
"Directions from Dilman Bullock 3056, 4651861 Araucanía, Angol, Araucanía, Chile to Cauquenes, Chile",,2.30724554152734,58.71616863343670,-72.286,-36.202
"Directions from Dilman Bullock 3056, 4651861 Araucanía, Angol, Araucanía, Chile to Cauquenes, Chile",,2.30774202919084,50.33489139994338,-72.285,-36.202
"Directions from Dilman Bullock 3056, 4651861 Araucanía, Angol, Araucanía, Chile to Cauquenes, Chile",,2.30779859773334,35.78252559006566,-72.285,-36.202
"Directions from Dilman Bullock 3056, 4651861 Araucanía, Angol, Araucanía, Chile to Cauquenes, Chile",,2.30782095841311,35.78252560278788,-72.285,-36.202
"Directions from Dilman Bullock 3056, 4651861 Araucanía, Angol, Araucanía, Chile to Cauquenes, Chile",,2.30783510054873,35.78252560278788,-72.285,-36.202
"Directions from Dilman Bullock 3056, 4651861 Araucanía, Angol, Araucanía, Chile to Cauquenes, Chile",,2.30785746122851,16.13782216025146,-72.285,-36.202
"Directions from Dilman Bullock 3056, 4651861 Araucanía, Angol, Araucanía, Chile to Cauquenes, Chile",,2.30805845874093,2.85529656764134,-72.285,-36.202
"Directions from Dilman Bullock 3056, 4651861 Araucanía, Angol, Araucanía, Chile to Cauquenes, Chile",,2.30811845874094,6.26440385649157,-72.285,-36.201
"Directions from Dilman Bullock 3056, 4651861 Araucanía, Angol, Araucanía, Chile to Cauquenes, Chile",,2.30821065418551,28.76440386666934,-72.285,-36.201
"Directions from Dilman Bullock 3056, 4651861 Araucanía, Angol, Araucanía, Chile to Cauquenes, Chile",,2.30822479632113,30.47269795756667,-72.285,-36.201
"Directions from Dilman Bullock 3056, 4651861 Araucanía, Angol, Araucanía, Chile to Cauquenes, Chile",,2.30829759742002,19.57199320245819,-72.285,-36.201
"Directions from Dilman Bullock 3056, 4651861 Araucanía, Angol, Araucanía, Chile to Cauquenes, Chile",,2.30837375515108,18.09660365308596,-72.285,-36.201
"Directions from Dilman Bullock 3056, 4651861 Araucanía, Angol, Araucanía, Chile to Cauquenes, Chile",,2.30850717179172,15.71478280812065,-72.285,-36.201
"Directions from Dilman Bullock 3056, 4651861 Araucanía, Angol, Araucanía, Chile to Cauquenes, Chile",,2.30860204012153,9.21747441010396,-72.285,-36.201
"Directions from Dilman Bullock 3056, 4651861 Araucanía, Angol, Araucanía, Chile to Cauquenes, Chile",,2.30861204012153,8.34962211606307,-72.285,-36.201
"Directions from Dilman Bullock 3056, 4651861 Araucanía, Angol, Araucanía, Chile to Cauquenes, Chile",,2.30871644318662,21.63214770867318,-72.285,-36.201
"Directions from Dilman Bullock 3056, 4651861 Araucanía, Angol, Araucanía, Chile to Cauquenes, Chile",,2.30873880386639,22.50000000610667,-72.285,-36.201
"Directions from Dilman Bullock 3056, 4651861 Araucanía, Angol, Araucanía, Chile to Cauquenes, Chile",,2.30877042664300,22.50000000610667,-72.285,-36.201
"Directions from Dilman Bullock 3056, 4651861 Araucanía, Angol, Araucanía, Chile to Cauquenes, Chile",,2.30879278732277,20.30064732896813,-72.285,-36.201
"Directions from Dilman Bullock 3056, 4651861 Araucanía, Angol, Araucanía, Chile to Cauquenes, Chile",,2.30883401837903,22.73290454286241,-72.285,-36.201
"Directions from Dilman Bullock 3056, 4651861 Araucanía, Angol, Araucanía, Chile to Cauquenes, Chile",,2.30904496861012,36.01543012884698,-72.285,-36.201
"Directions from Dilman Bullock 3056, 4651861 Araucanía, Angol, Araucanía, Chile to Cauquenes, Chile",,2.30932155494384,33.58317291495270,-72.285,-36.200
"Directions from Dilman Bullock 3056, 4651861 Araucanía, Angol, Araucanía, Chile to Cauquenes, Chile",,2.30934391562362,34.53774913143771,-72.285,-36.200
"Directions from Dilman Bullock 3056, 4651861 Araucanía, Angol, Araucanía, Chile to Cauquenes, Chile",,2.30999506844746,44.90052856053706,-72.284,-36.200
"Directions from Dilman Bullock 3056, 4651861 Araucanía, Angol, Araucanía, Chile to Cauquenes, Chile",,2.31017198650759,51.14929492270338,-72.284,-36.200
"Directions from Dilman Bullock 3056, 4651861 Araucanía, Angol, Araucanía, Chile to Cauquenes, Chile",,2.31029405206375,52.20334257777324,-72.284,-36.200
"Directions from Dilman Bullock 3056, 4651861 Araucanía, Angol, Araucanía, Chile to Cauquenes, Chile",,2.31038624750831,56.41682708824034,-72.284,-36.200
"Directions from Dilman Bullock 3056, 4651861 Araucanía, Angol, Araucanía, Chile to Cauquenes, Chile",,2.31045332954765,66.43945180055390,-72.284,-36.200
"Directions from Dilman Bullock 3056, 4651861 Araucanía, Angol, Araucanía, Chile to Cauquenes, Chile",,2.31053876958510,79.72197738909290,-72.284,-36.200
"Directions from Dilman Bullock 3056, 4651861 Araucanía, Angol, Araucanía, Chile to Cauquenes, Chile",,2.31054876958510,82.02730204966660,-72.284,-36.200
"Directions from Dilman Bullock 3056, 4651861 Araucanía, Angol, Araucanía, Chile to Cauquenes, Chile",,2.31076717288177,71.12659730719263,-72.284,-36.200
"Directions from Dilman Bullock 3056, 4651861 Araucanía, Angol, Araucanía, Chile to Cauquenes, Chile",,2.31082102452985,60.66434643297556,-72.284,-36.199
"Directions from Dilman Bullock 3056, 4651861 Araucanía, Angol, Araucanía, Chile to Cauquenes, Chile",,2.31087102452985,49.06505117637482,-72.284,-36.199
"Directions from Dilman Bullock 3056, 4651861 Araucanía, Angol, Araucanía, Chile to Cauquenes, Chile",,2.31102658802171,42.80064732103270,-72.283,-36.199
"Directions from Dilman Bullock 3056, 4651861 Araucanía, Angol, Araucanía, Chile to Cauquenes, Chile",,2.31111878346628,43.34110941361166,-72.283,-36.199
"Directions from Dilman Bullock 3056, 4651861 Araucanía, Angol, Araucanía, Chile to Cauquenes, Chile",,2.31149361676256,51.19542833208012,-72.283,-36.199
"Directions from Dilman Bullock 3056, 4651861 Araucanía, Angol, Araucanía, Chile to Cauquenes, Chile",,2.31156572778807,53.25218069311072,-72.283,-36.199
"Directions from Dilman Bullock 3056, 4651861 Araucanía, Angol, Araucanía, Chile to Cauquenes, Chile",,2.31164383028483,54.77188047594638,-72.283,-36.199
"Directions from Dilman Bullock 3056, 4651861 Araucanía, Angol, Araucanía, Chile to Cauquenes, Chile",,2.31195767738136,52.17466602141160,-72.283,-36.199
"Directions from Dilman Bullock 3056, 4651861 Araucanía, Angol, Araucanía, Chile to Cauquenes, Chile",,2.31207081446635,31.71747440738990,-72.283,-36.199
"Directions from Dilman Bullock 3056, 4651861 Araucanía, Angol, Araucanía, Chile to Cauquenes, Chile",,2.31213406001955,346.71747441756770,-72.283,-36.199
"Directions from Dilman Bullock 3056, 4651861 Araucanía, Angol, Araucanía, Chile to Cauquenes, Chile",,2.31214820215517,328.28252559668124,-72.283,-36.199
"Directions from Dilman Bullock 3056, 4651861 Araucanía, Angol, Araucanía, Chile to Cauquenes, Chile",,2.31221144770838,325.11242971255552,-72.283,-36.199
"Directions from Dilman Bullock 3056, 4651861 Araucanía, Angol, Araucanía, Chile to Cauquenes, Chile",,2.31227547895075,314.02925680594461,-72.283,-36.199
"Directions from Dilman Bullock 3056, 4651861 Araucanía, Angol, Araucanía, Chile to Cauquenes, Chile",,2.31236767439532,323.69666107493589,-72.283,-36.198
"Directions from Dilman Bullock 3056, 4651861 Araucanía, Angol, Araucanía, Chile to Cauquenes, Chile",,2.31246201420664,337.73290453855179,-72.283,-36.198
"Directions from Dilman Bullock 3056, 4651861 Araucanía, Angol, Araucanía, Chile to Cauquenes, Chile",,2.31255420965121,353.73559614350842,-72.283,-36.198
"Directions from Dilman Bullock 3056, 4651861 Araucanía, Angol, Araucanía, Chile to Cauquenes, Chile",,2.31258420965122,3.71570398672132,-72.283,-36.198
"Directions from Dilman Bullock 3056, 4651861 Araucanía, Angol, Araucanía, Chile to Cauquenes, Chile",,2.31281615792131,15.93768137428058,-72.283,-36.198
"Directions from Dilman Bullock 3056, 4651861 Araucanía, Angol, Araucanía, Chile to Cauquenes, Chile",,2.31293698838104,27.09441803822251,-72.283,-36.198
"Directions from Dilman Bullock 3056, 4651861 Araucanía, Angol, Araucanía, Chile to Cauquenes, Chile",,2.31309823353601,32.64127954499999,-72.283,-36.198
"Directions from Dilman Bullock 3056, 4651861 Araucanía, Angol, Araucanía, Chile to Cauquenes, Chile",,2.31327028004135,40.26883889942563,-72.283,-36.198
"Directions from Dilman Bullock 3056, 4651861 Araucanía, Angol, Araucanía, Chile to Cauquenes, Chile",,2.31329856431260,31.71747441858545,-72.283,-36.198
"Directions from Dilman Bullock 3056, 4651861 Araucanía, Angol, Araucanía, Chile to Cauquenes, Chile",,2.31333018708920,30.12755935332957,-72.282,-36.198
"Directions from Dilman Bullock 3056, 4651861 Araucanía, Angol, Araucanía, Chile to Cauquenes, Chile",,2.31384008904056,45.31712235751862,-72.282,-36.197
"Directions from Dilman Bullock 3056, 4651861 Araucanía, Angol, Araucanía, Chile to Cauquenes, Chile",,2.31405269195682,51.85912902393364,-72.282,-36.197
"Directions from Dilman Bullock 3056, 4651861 Araucanía, Angol, Araucanía, Chile to Cauquenes, Chile",,2.31450490871899,49.95209161133694,-72.282,-36.197
"Directions from Dilman Bullock 3056, 4651861 Araucanía, Angol, Araucanía, Chile to Cauquenes, Chile",,2.31453319299025,50.30982764305124,-72.282,-36.197
"Directions from Dilman Bullock 3056, 4651861 Araucanía, Angol, Araucanía, Chile to Cauquenes, Chile",,2.31499362756757,54.71322398512480,-72.281,-36.197
"Directions from Dilman Bullock 3056, 4651861 Araucanía, Angol, Araucanía, Chile to Cauquenes, Chile",,2.31550166299941,50.99331140759562,-72.281,-36.196
"Directions from Dilman Bullock 3056, 4651861 Araucanía, Angol, Araucanía, Chile to Cauquenes, Chile",,2.31575661397509,46.58991505958504,-72.281,-36.196
"Directions from Dilman Bullock 3056, 4651861 Araucanía, Angol, Araucanía, Chile to Cauquenes, Chile",,2.31592631960257,49.06505117460140,-72.281,-36.196
"Directions from Dilman Bullock 3056, 4651861 Araucanía, Angol, Araucanía, Chile to Cauquenes, Chile",,2.31597631960257,47.65727283358406,-72.280,-36.196
"Directions from Dilman Bullock 3056, 4651861 Araucanía, Angol, Araucanía, Chile to Cauquenes, Chile",,2.31640817606021,43.59222165915228,-72.280,-36.196
"Directions from Dilman Bullock 3056, 4651861 Araucanía, Angol, Araucanía, Chile to Cauquenes, Chile",,2.31654959741645,43.09296258315205,-72.280,-36.195
"Directions from Dilman Bullock 3056, 4651861 Araucanía, Angol, Araucanía, Chile to Cauquenes, Chile",,2.31665589887457,43.09296258213428,-72.280,-36.195
"Directions from Dilman Bullock 3056, 4651861 Araucanía, Angol, Araucanía, Chile to Cauquenes, Chile",,2.31674075168832,22.50000000000000,-72.280,-36.195
"Directions from Dilman Bullock 3056, 4651861 Araucanía, Angol, Araucanía, Chile to Cauquenes, Chile",,2.31675075168831,17.49601009763996,-72.280,-36.195
"Directions from Dilman Bullock 3056, 4651861 Araucanía, Angol, Araucanía, Chile to Cauquenes, Chile",,2.31687281724447,28.39671484081587,-72.280,-36.195
"Directions from Dilman Bullock 3056, 4651861 Araucanía, Angol, Araucanía, Chile to Cauquenes, Chile",,2.31698052054061,19.25032686241371,-72.280,-36.195
"Directions from Dilman Bullock 3056, 4651861 Araucanía, Angol, Araucanía, Chile to Cauquenes, Chile",,2.31708492360570,8.34962211923778,-72.280,-36.195
"Directions from Dilman Bullock 3056, 4651861 Araucanía, Angol, Araucanía, Chile to Cauquenes, Chile",,2.31711492360571,5.65496623152977,-72.280,-36.195
"Directions from Dilman Bullock 3056, 4651861 Araucanía, Angol, Araucanía, Chile to Cauquenes, Chile",,2.31716591380083,7.85431890962621,-72.280,-36.195
"Directions from Dilman Bullock 3056, 4651861 Araucanía, Angol, Araucanía, Chile to Cauquenes, Chile",,2.31729629784894,0.79616755215158,-72.280,-36.195
"Directions from Dilman Bullock 3056, 4651861 Araucanía, Angol, Araucanía, Chile to Cauquenes, Chile",,2.31831752260383,349.37934047277184,-72.280,-36.194
"Directions from Dilman Bullock 3056, 4651861 Araucanía, Angol, Araucanía, Chile to Cauquenes, Chile",,2.31834914538043,349.41937010130312,-72.280,-36.194
"Directions from Dilman Bullock 3056, 4651861 Araucanía, Angol, Araucanía, Chile to Cauquenes, Chile",,2.31855938334084,354.75426149213502,-72.280,-36.194
"Directions from Dilman Bullock 3056, 4651861 Araucanía, Angol, Araucanía, Chile to Cauquenes, Chile",,2.31878141937395,348.48985763958564,-72.280,-36.193
"Directions from Dilman Bullock 3056, 4651861 Araucanía, Angol, Araucanía, Chile to Cauquenes, Chile",,2.31889543691647,352.37244065003694,-72.280,-36.193
"Directions from Dilman Bullock 3056, 4651861 Araucanía, Angol, Araucanía, Chile to Cauquenes, Chile",,2.31891543691647,347.77802260937352,-72.280,-36.193
"Directions from Dilman Bullock 3056, 4651861 Araucanía, Angol, Araucanía, Chile to Cauquenes, Chile",,2.31903626737620,347.77802260937352,-72.280,-36.193
"Directions from Dilman Bullock 3056, 4651861 Araucanía, Angol, Araucanía, Chile to Cauquenes, Chile",,2.31904626737620,343.15496624327335,-72.280,-36.193
"Directions from Dilman Bullock 3056, 4651861 Araucanía, Angol, Araucanía, Chile to Cauquenes, Chile",,2.31908232288895,328.74956937182588,-72.280,-36.193
"Directions from Dilman Bullock 3056, 4651861 Araucanía, Angol, Araucanía, Chile to Cauquenes, Chile",,2.31953883137737,327.93899640772406,-72.280,-36.193
"Directions from Dilman Bullock 3056, 4651861 Araucanía, Angol, Araucanía, Chile to Cauquenes, Chile",,2.31983294020077,319.84439328426038,-72.280,-36.192
"Directions from Dilman Bullock 3056, 4651861 Araucanía, Angol, Araucanía, Chile to Cauquenes, Chile",,2.31986122447202,337.50000000508891,-72.280,-36.192
"Directions from Dilman Bullock 3056, 4651861 Araucanía, Angol, Araucanía, Chile to Cauquenes, Chile",,2.31987122447202,343.90213303288334,-72.280,-36.192
"Directions from Dilman Bullock 3056, 4651861 Araucanía, Angol, Araucanía, Chile to Cauquenes, Chile",,2.32019028559469,321.40213302779443,-72.281,-36.192
"Directions from Dilman Bullock 3056, 4651861 Araucanía, Angol, Araucanía, Chile to Cauquenes, Chile",,2.32021856986594,328.28252558141457,-72.281,-36.192
"Directions from Dilman Bullock 3056, 4651861 Araucanía, Angol, Araucanía, Chile to Cauquenes, Chile",,2.32025019264255,328.28252558650343,-72.281,-36.192
"Directions from Dilman Bullock 3056, 4651861 Araucanía, Angol, Araucanía, Chile to Cauquenes, Chile",,2.32029261904941,322.97269795007736,-72.281,-36.192
"Directions from Dilman Bullock 3056, 4651861 Araucanía, Angol, Araucanía, Chile to Cauquenes, Chile",,2.32039557535082,335.64578592086656,-72.281,-36.192
"Directions from Dilman Bullock 3056, 4651861 Araucanía, Angol, Araucanía, Chile to Cauquenes, Chile",,2.32054423603830,343.15496623802323,-72.281,-36.192
"Directions from Dilman Bullock 3056, 4651861 Araucanía, Angol, Araucanía, Chile to Cauquenes, Chile",,2.32066792920707,356.54438644027579,-72.281,-36.192
"Directions from Dilman Bullock 3056, 4651861 Araucanía, Angol, Araucanía, Chile to Cauquenes, Chile",,2.32082917436203,9.69489503731855,-72.281,-36.192
"Directions from Dilman Bullock 3056, 4651861 Araucanía, Angol, Araucanía, Chile to Cauquenes, Chile",,2.32106454640795,13.59809545283888,-72.281,-36.191
"Directions from Dilman Bullock 3056, 4651861 Araucanía, Angol, Araucanía, Chile to Cauquenes, Chile",,2.32121978815491,19.44695307543139,-72.281,-36.191
"Directions from Dilman Bullock 3056, 4651861 Araucanía, Angol, Araucanía, Chile to Cauquenes, Chile",,2.32131827673293,11.98124448686939,-72.281,-36.191
"Directions from Dilman Bullock 3056, 4651861 Araucanía, Angol, Araucanía, Chile to Cauquenes, Chile",,2.32133827673293,12.67308797099637,-72.281,-36.191
"Directions from Dilman Bullock 3056, 4651861 Araucanía, Angol, Araucanía, Chile to Cauquenes, Chile",,2.32175875265376,30.86526387935286,-72.280,-36.191
"Directions from Dilman Bullock 3056, 4651861 Araucanía, Angol, Araucanía, Chile to Cauquenes, Chile",,2.32199476112819,38.09496145482278,-72.280,-36.190
"Directions from Dilman Bullock 3056, 4651861 Araucanía, Angol, Araucanía, Chile to Cauquenes, Chile",,2.32238527361199,41.19611733004672,-72.280,-36.190
"Directions from Dilman Bullock 3056, 4651861 Araucanía, Angol, Araucanía, Chile to Cauquenes, Chile",,2.32423246066261,44.49192229696236,-72.279,-36.189
"Directions from Dilman Bullock 3056, 4651861 Araucanía, Angol, Araucanía, Chile to Cauquenes, Chile",,2.32452246066261,41.85056465289935,-72.279,-36.189
"Directions from Dilman Bullock 3056, 4651861 Araucanía, Angol, Araucanía, Chile to Cauquenes, Chile",,2.32478646823826,27.86944854283618,-72.278,-36.188
"Directions from Dilman Bullock 3056, 4651861 Araucanía, Angol, Araucanía, Chile to Cauquenes, Chile",,2.32481809101486,26.71348450369103,-72.278,-36.188
"Directions from Dilman Bullock 3056, 4651861 Araucanía, Angol, Araucanía, Chile to Cauquenes, Chile",,2.32494015657102,32.62422868185562,-72.278,-36.188
"Directions from Dilman Bullock 3056, 4651861 Araucanía, Angol, Araucanía, Chile to Cauquenes, Chile",,2.32535692989070,27.03119034102178,-72.278,-36.188
"Directions from Dilman Bullock 3056, 4651861 Araucanía, Angol, Araucanía, Chile to Cauquenes, Chile",,2.32572854797423,20.88754162937475,-72.278,-36.188
"Directions from Dilman Bullock 3056, 4651861 Araucanía, Angol, Araucanía, Chile to Cauquenes, Chile",,2.32611752098100,16.61212922141742,-72.278,-36.187
"Directions from Dilman Bullock 3056, 4651861 Araucanía, Angol, Araucanía, Chile to Cauquenes, Chile",,2.32645957360853,20.91008494012008,-72.278,-36.187
"Directions from Dilman Bullock 3056, 4651861 Araucanía, Angol, Araucanía, Chile to Cauquenes, Chile",,2.32648193428831,19.77983398358238,-72.278,-36.187
"Directions from Dilman Bullock 3056, 4651861 Araucanía, Angol, Araucanía, Chile to Cauquenes, Chile",,2.32661535092895,19.77983398765351,-72.278,-36.187
"Directions from Dilman Bullock 3056, 4651861 Araucanía, Angol, Araucanía, Chile to Cauquenes, Chile",,2.32663771160872,19.22685461231611,-72.278,-36.187
"Directions from Dilman Bullock 3056, 4651861 Araucanía, Angol, Araucanía, Chile to Cauquenes, Chile",,2.32683187648711,10.43064232638400,-72.278,-36.187
"Directions from Dilman Bullock 3056, 4651861 Araucanía, Angol, Araucanía, Chile to Cauquenes, Chile",,2.32702423032773,7.43938386449719,-72.278,-36.186
"Directions from Dilman Bullock 3056, 4651861 Araucanía, Angol, Araucanía, Chile to Cauquenes, Chile",,2.32731577792247,2.95307055781920,-72.278,-36.186
"Directions from Dilman Bullock 3056, 4651861 Araucanía, Angol, Araucanía, Chile to Cauquenes, Chile",,2.32743577792247,355.93494882149707,-72.278,-36.186
"Directions from Dilman Bullock 3056, 4651861 Araucanía, Angol, Araucanía, Chile to Cauquenes, Chile",,2.32757719927871,348.91682708783321,-72.278,-36.186
"Directions from Dilman Bullock 3056, 4651861 Araucanía, Angol, Araucanía, Chile to Cauquenes, Chile",,2.32790704772876,347.63942206613876,-72.278,-36.185
"Directions from Dilman Bullock 3056, 4651861 Araucanía, Angol, Araucanía, Chile to Cauquenes, Chile",,2.32844639919116,345.44006938630611,-72.278,-36.185
"Directions from Dilman Bullock 3056, 4651861 Araucanía, Angol, Araucanía, Chile to Cauquenes, Chile",,2.32847802196777,346.98520390362995,-72.278,-36.185
"Directions from Dilman Bullock 3056, 4651861 Araucanía, Angol, Araucanía, Chile to Cauquenes, Chile",,2.32862934942727,346.98520390362995,-72.278,-36.185
"Directions from Dilman Bullock 3056, 4651861 Araucanía, Angol, Araucanía, Chile to Cauquenes, Chile",,2.32869259498048,347.50938019511557,-72.278,-36.185
"Directions from Dilman Bullock 3056, 4651861 Araucanía, Angol, Araucanía, Chile to Cauquenes, Chile",,2.32930659823779,354.68404621800471,-72.278,-36.184
"Directions from Dilman Bullock 3056, 4651861 Araucanía, Angol, Araucanía, Chile to Cauquenes, Chile",,2.32944695492627,353.89214043109325,-72.278,-36.184
"Directions from Dilman Bullock 3056, 4651861 Araucanía, Angol, Araucanía, Chile to Cauquenes, Chile",,2.32951766560439,355.93494882170069,-72.278,-36.184
"Directions from Dilman Bullock 3056, 4651861 Araucanía, Angol, Araucanía, Chile to Cauquenes, Chile",,2.32960766560439,1.78816718805311,-72.278,-36.184
"Directions from Dilman Bullock 3056, 4651861 Araucanía, Angol, Araucanía, Chile to Cauquenes, Chile",,2.32976797779981,5.35067536360008,-72.278,-36.184
"Directions from Dilman Bullock 3056, 4651861 Araucanía, Angol, Araucanía, Chile to Cauquenes, Chile",,2.32992922295478,11.19006752597979,-72.278,-36.183
"Directions from Dilman Bullock 3056, 4651861 Araucanía, Angol, Araucanía, Chile to Cauquenes, Chile",,2.33015725803980,30.12755936061059,-72.278,-36.183
"Directions from Dilman Bullock 3056, 4651861 Araucanía, Angol, Araucanía, Chile to Cauquenes, Chile",,2.33017140017542,30.32112323808751,-72.278,-36.183
"Directions from Dilman Bullock 3056, 4651861 Araucanía, Angol, Araucanía, Chile to Cauquenes, Chile",,2.33043101527513,16.74250596342311,-72.278,-36.183
"Directions from Dilman Bullock 3056, 4651861 Araucanía, Angol, Araucanía, Chile to Cauquenes, Chile",,2.33287874892078,19.03381245084917,-72.277,-36.181
"Directions from Dilman Bullock 3056, 4651861 Araucanía, Angol, Araucanía, Chile to Cauquenes, Chile",,2.33348620262272,19.35835286591061,-72.277,-36.180
"Directions from Dilman Bullock 3056, 4651861 Araucanía, Angol, Araucanía, Chile to Cauquenes, Chile",,2.33667061779665,17.70967968280682,-72.276,-36.177
"Directions from Dilman Bullock 3056, 4651861 Araucanía, Angol, Araucanía, Chile to Cauquenes, Chile",,2.33715145040786,17.99260878739235,-72.276,-36.177
"Directions from Dilman Bullock 3056, 4651861 Araucanía, Angol, Araucanía, Chile to Cauquenes, Chile",,2.33773334386890,18.31877796859318,-72.275,-36.176
"Directions from Dilman Bullock 3056, 4651861 Araucanía, Angol, Araucanía, Chile to Cauquenes, Chile",,2.33879282487392,18.35674731618503,-72.275,-36.175
"Directions from Dilman Bullock 3056, 4651861 Araucanía, Angol, Araucanía, Chile to Cauquenes, Chile",,2.33983012907231,16.40247516892034,-72.275,-36.174
"Directions from Dilman Bullock 3056, 4651861 Araucanía, Angol, Araucanía, Chile to Cauquenes, Chile",,2.34021091772760,9.03500624438429,-72.275,-36.174
"Directions from Dilman Bullock 3056, 4651861 Araucanía, Angol, Araucanía, Chile to Cauquenes, Chile",,2.34034130177571,358.13430149991689,-72.275,-36.174
"Directions from Dilman Bullock 3056, 4651861 Araucanía, Angol, Araucanía, Chile to Cauquenes, Chile",,2.34041201245382,355.93494882170069,-72.275,-36.173
"Directions from Dilman Bullock 3056, 4651861 Araucanía, Angol, Araucanía, Chile to Cauquenes, Chile",,2.34046201245383,352.37244064956712,-72.275,-36.173
"Directions from Dilman Bullock 3056, 4651861 Araucanía, Angol, Araucanía, Chile to Cauquenes, Chile",,2.34057602999633,339.08991506034965,-72.275,-36.173
"Directions from Dilman Bullock 3056, 4651861 Araucanía, Angol, Araucanía, Chile to Cauquenes, Chile",,2.34071019407499,329.87244064779259,-72.275,-36.173
"Directions from Dilman Bullock 3056, 4651861 Araucanía, Angol, Araucanía, Chile to Cauquenes, Chile",,2.34085441612600,323.65544958766208,-72.275,-36.173
"Directions from Dilman Bullock 3056, 4651861 Araucanía, Angol, Araucanía, Chile to Cauquenes, Chile",,2.34349223719651,319.55131536568473,-72.277,-36.171
"Directions from Dilman Bullock 3056, 4651861 Araucanía, Angol, Araucanía, Chile to Cauquenes, Chile",,2.34492976980483,320.11334018932706,-72.278,-36.170
"Directions from Dilman Bullock 3056, 4651861 Araucanía, Angol, Araucanía, Chile to Cauquenes, Chile",,2.34515780488985,315.96529371975959,-72.278,-36.170
"Directions from Dilman Bullock 3056, 4651861 Araucanía, Angol, Araucanía, Chile to Cauquenes, Chile",,2.34523590738662,301.50208080158740,-72.278,-36.170
"Directions from Dilman Bullock 3056, 4651861 Araucanía, Angol, Araucanía, Chile to Cauquenes, Chile",,2.34531206511767,287.25426149469808,-72.278,-36.170
"Directions from Dilman Bullock 3056, 4651861 Araucanía, Angol, Araucanía, Chile to Cauquenes, Chile",,2.34536305531281,275.65496623857592,-72.278,-36.170
"Directions from Dilman Bullock 3056, 4651861 Araucanía, Angol, Araucanía, Chile to Cauquenes, Chile",,2.34548305531280,266.43749182492280,-72.278,-36.170
"Directions from Dilman Bullock 3056, 4651861 Araucanía, Angol, Araucanía, Chile to Cauquenes, Chile",,2.34556367789030,260.71696989061115,-72.278,-36.170
"Directions from Dilman Bullock 3056, 4651861 Araucanía, Angol, Araucanía, Chile to Cauquenes, Chile",,2.34642070764473,259.79316475796509,-72.279,-36.170
"Directions from Dilman Bullock 3056, 4651861 Araucanía, Angol, Araucanía, Chile to Cauquenes, Chile",,2.34661306148535,264.25800505882336,-72.279,-36.170
"Directions from Dilman Bullock 3056, 4651861 Araucanía, Angol, Araucanía, Chile to Cauquenes, Chile",,2.34775415744976,268.74431836654668,-72.280,-36.170
"Directions from Dilman Bullock 3056, 4651861 Araucanía, Angol, Araucanía, Chile to Cauquenes, Chile",,2.34850415744976,272.59721445342251,-72.281,-36.170
"Directions from Dilman Bullock 3056, 4651861 Araucanía, Angol, Araucanía, Chile to Cauquenes, Chile",,2.34883551828028,276.66226563029687,-72.281,-36.170
"Directions from Dilman Bullock 3056, 4651861 Araucanía, Angol, Araucanía, Chile to Cauquenes, Chile",,2.34897693963652,281.08317291113707,-72.281,-36.170
"Directions from Dilman Bullock 3056, 4651861 Araucanía, Angol, Araucanía, Chile to Cauquenes, Chile",,2.34930678808657,287.00967499491543,-72.282,-36.170
"Directions from Dilman Bullock 3056, 4651861 Araucanía, Angol, Araucanía, Chile to Cauquenes, Chile",,2.34954088208478,293.59061723500679,-72.282,-36.170
"Directions from Dilman Bullock 3056, 4651861 Araucanía, Angol, Araucanía, Chile to Cauquenes, Chile",,2.35035038810700,295.19835923141204,-72.283,-36.169
"Directions from Dilman Bullock 3056, 4651861 Araucanía, Angol, Araucanía, Chile to Cauquenes, Chile",,2.35057886130017,290.81676966880985,-72.283,-36.169
"Directions from Dilman Bullock 3056, 4651861 Araucanía, Angol, Araucanía, Chile to Cauquenes, Chile",,2.35080022073638,285.16180343124176,-72.283,-36.169
"Directions from Dilman Bullock 3056, 4651861 Araucanía, Angol, Araucanía, Chile to Cauquenes, Chile",,2.35099438561477,279.11442489232081,-72.283,-36.169
"Directions from Dilman Bullock 3056, 4651861 Araucanía, Angol, Araucanía, Chile to Cauquenes, Chile",,2.35117549331753,280.18821760439931,-72.283,-36.169
"Directions from Dilman Bullock 3056, 4651861 Araucanía, Angol, Araucanía, Chile to Cauquenes, Chile",,2.35121672437379,278.60803679200166,-72.284,-36.169
"Directions from Dilman Bullock 3056, 4651861 Araucanía, Angol, Araucanía, Chile to Cauquenes, Chile",,2.35139700193756,277.24488129509456,-72.284,-36.169
"Directions from Dilman Bullock 3056, 4651861 Araucanía, Angol, Araucanía, Chile to Cauquenes, Chile",,2.35144799213270,276.53616174676119,-72.284,-36.169
"Directions from Dilman Bullock 3056, 4651861 Araucanía, Angol, Araucanía, Chile to Cauquenes, Chile",,2.35209829975222,269.19796517982337,-72.284,-36.169
"Directions from Dilman Bullock 3056, 4651861 Araucanía, Angol, Araucanía, Chile to Cauquenes, Chile",,2.35243888747953,264.75426149452534,-72.285,-36.169
"Directions from Dilman Bullock 3056, 4651861 Araucanía, Angol, Araucanía, Chile to Cauquenes, Chile",,2.35251951005701,266.43749182680176,-72.285,-36.169
"Directions from Dilman Bullock 3056, 4651861 Araucanía, Angol, Araucanía, Chile to Cauquenes, Chile",,2.35254951005702,266.99549702119697,-72.285,-36.169
"Directions from Dilman Bullock 3056, 4651861 Araucanía, Angol, Araucanía, Chile to Cauquenes, Chile",,2.35274055978876,257.77802260973596,-72.285,-36.169
"Directions from Dilman Bullock 3056, 4651861 Araucanía, Angol, Araucanía, Chile to Cauquenes, Chile",,2.35277218256537,257.06682160300954,-72.285,-36.169
"Directions from Dilman Bullock 3056, 4651861 Araucanía, Angol, Araucanía, Chile to Cauquenes, Chile",,2.35323607910555,264.08494333625436,-72.286,-36.169
"Directions from Dilman Bullock 3056, 4651861 Araucanía, Angol, Araucanía, Chile to Cauquenes, Chile",,2.35336646315365,270.39786177631856,-72.286,-36.169
"Directions from Dilman Bullock 3056, 4651861 Araucanía, Angol, Araucanía, Chile to Cauquenes, Chile",,2.35347691676383,280.56991240461213,-72.286,-36.169
"Directions from Dilman Bullock 3056, 4651861 Araucanía, Angol, Araucanía, Chile to Cauquenes, Chile",,2.35362251896162,293.45457621671278,-72.286,-36.169
"Directions from Dilman Bullock 3056, 4651861 Araucanía, Angol, Araucanía, Chile to Cauquenes, Chile",,2.35368082848057,307.61926611698846,-72.286,-36.169
"Directions from Dilman Bullock 3056, 4651861 Araucanía, Angol, Araucanía, Chile to Cauquenes, Chile",,2.35423948758950,312.43803517297493,-72.286,-36.169
"Directions from Dilman Bullock 3056, 4651861 Araucanía, Angol, Araucanía, Chile to Cauquenes, Chile",,2.35442387847865,314.84345571255773,-72.287,-36.169
"Directions from Dilman Bullock 3056, 4651861 Araucanía, Angol, Araucanía, Chile to Cauquenes, Chile",,2.35462237281106,327.47003740982569,-72.287,-36.168
"Directions from Dilman Bullock 3056, 4651861 Araucanía, Angol, Araucanía, Chile to Cauquenes, Chile",,2.35494017778270,337.76566060542677,-72.287,-36.168
"Directions from Dilman Bullock 3056, 4651861 Araucanía, Angol, Araucanía, Chile to Cauquenes, Chile",,2.35551602498466,336.55590599627942,-72.287,-36.168
"Directions from Dilman Bullock 3056, 4651861 Araucanía, Angol, Araucanía, Chile to Cauquenes, Chile",,2.35589615654084,331.93729717862863,-72.287,-36.167
"Directions from Dilman Bullock 3056, 4651861 Araucanía, Angol, Araucanía, Chile to Cauquenes, Chile",,2.35666641623730,322.71982276279721,-72.288,-36.167
"Directions from Dilman Bullock 3056, 4651861 Araucanía, Angol, Araucanía, Chile to Cauquenes, Chile",,2.35669470050855,322.21798748450914,-72.288,-36.167
"Directions from Dilman Bullock 3056, 4651861 Araucanía, Angol, Araucanía, Chile to Cauquenes, Chile",,2.35816962423539,327.87295372660810,-72.288,-36.165
"Directions from Dilman Bullock 3056, 4651861 Araucanía, Angol, Araucanía, Chile to Cauquenes, Chile",,2.35831384628641,332.25426149102651,-72.288,-36.165
"Directions from Dilman Bullock 3056, 4651861 Araucanía, Angol, Araucanía, Chile to Cauquenes, Chile",,2.35836769793448,334.42041848268121,-72.288,-36.165
"Directions from Dilman Bullock 3056, 4651861 Araucanía, Angol, Araucanía, Chile to Cauquenes, Chile",,2.35855127353199,332.03859764063469,-72.288,-36.165
"Directions from Dilman Bullock 3056, 4651861 Araucanía, Angol, Araucanía, Chile to Cauquenes, Chile",,2.35873015897019,332.27418352895984,-72.289,-36.165
"Directions from Dilman Bullock 3056, 4651861 Araucanía, Angol, Araucanía, Chile to Cauquenes, Chile",,2.35906136887342,333.44283645797054,-72.289,-36.165
"Directions from Dilman Bullock 3056, 4651861 Araucanía, Angol, Araucanía, Chile to Cauquenes, Chile",,2.35950000311741,337.16225917673063,-72.289,-36.164
"Directions from Dilman Bullock 3056, 4651861 Araucanía, Angol, Araucanía, Chile to Cauquenes, Chile",,2.35980083529654,336.62544252323823,-72.289,-36.164
"Directions from Dilman Bullock 3056, 4651861 Araucanía, Angol, Araucanía, Chile to Cauquenes, Chile",,2.36040919374351,332.56913345491449,-72.289,-36.163
"Directions from Dilman Bullock 3056, 4651861 Araucanía, Angol, Araucanía, Chile to Cauquenes, Chile",,2.36117945343998,331.93729717906058,-72.290,-36.163
"Directions from Dilman Bullock 3056, 4651861 Araucanía, Angol, Araucanía, Chile to Cauquenes, Chile",,2.36223040538940,335.81676966565072,-72.290,-36.162
"Directions from Dilman Bullock 3056, 4651861 Araucanía, Angol, Araucanía, Chile to Cauquenes, Chile",,2.36228425703748,334.79406542094733,-72.290,-36.162
"Directions from Dilman Bullock 3056, 4651861 Araucanía, Angol, Araucanía, Chile to Cauquenes, Chile",,2.36266015596006,329.69207856197431,-72.290,-36.161
"Directions from Dilman Bullock 3056, 4651861 Araucanía, Angol, Araucanía, Chile to Cauquenes, Chile",,2.36275449577138,330.71478280752211,-72.290,-36.161
"Directions from Dilman Bullock 3056, 4651861 Araucanía, Angol, Araucanía, Chile to Cauquenes, Chile",,2.36284393849048,324.21747442265655,-72.290,-36.161
"Directions from Dilman Bullock 3056, 4651861 Araucanía, Angol, Araucanía, Chile to Cauquenes, Chile",,2.36285808062609,320.65496624718793,-72.290,-36.161
"Directions from Dilman Bullock 3056, 4651861 Araucanía, Angol, Araucanía, Chile to Cauquenes, Chile",,2.36303835818987,320.65496622683236,-72.291,-36.161
"Directions from Dilman Bullock 3056, 4651861 Araucanía, Angol, Araucanía, Chile to Cauquenes, Chile",,2.36305250032550,321.40213302270553,-72.291,-36.161
"Directions from Dilman Bullock 3056, 4651861 Araucanía, Angol, Araucanía, Chile to Cauquenes, Chile",,2.36337156144817,330.07914535047070,-72.291,-36.161
"Directions from Dilman Bullock 3056, 4651861 Araucanía, Angol, Araucanía, Chile to Cauquenes, Chile",,2.36360862683999,334.36232345279291,-72.291,-36.161
"Directions from Dilman Bullock 3056, 4651861 Araucanía, Angol, Araucanía, Chile to Cauquenes, Chile",,2.36378326933195,342.53034489662957,-72.291,-36.160
"Directions from Dilman Bullock 3056, 4651861 Araucanía, Angol, Araucanía, Chile to Cauquenes, Chile",,2.36388524972223,354.34503376142408,-72.291,-36.160
"Directions from Dilman Bullock 3056, 4651861 Araucanía, Angol, Araucanía, Chile to Cauquenes, Chile",,2.36414524972223,1.58991506043318,-72.291,-36.160
"Directions from Dilman Bullock 3056, 4651861 Araucanía, Angol, Araucanía, Chile to Cauquenes, Chile",,2.36432552728600,1.78347893756998,-72.291,-36.160
"Directions from Dilman Bullock 3056, 4651861 Araucanía, Angol, Araucanía, Chile to Cauquenes, Chile",,2.36580556106940,359.35736669662469,-72.291,-36.158
"Directions from Dilman Bullock 3056, 4651861 Araucanía, Angol, Araucanía, Chile to Cauquenes, Chile",,2.36717614488661,349.94632840599132,-72.291,-36.157
"Directions from Dilman Bullock 3056, 4651861 Araucanía, Angol, Araucanía, Chile to Cauquenes, Chile",,2.36720776766321,350.51479609363582,-72.291,-36.157
"Directions from Dilman Bullock 3056, 4651861 Araucanía, Angol, Araucanía, Chile to Cauquenes, Chile",,2.36827781439117,358.36911501013321,-72.291,-36.156
"Directions from Dilman Bullock 3056, 4651861 Araucanía, Angol, Araucanía, Chile to Cauquenes, Chile",,2.36932900419325,358.37641631603748,-72.291,-36.155
"Directions from Dilman Bullock 3056, 4651861 Araucanía, Angol, Araucanía, Chile to Cauquenes, Chile",,2.37042904964685,354.84836829696849,-72.291,-36.154
"Directions from Dilman Bullock 3056, 4651861 Araucanía, Angol, Araucanía, Chile to Cauquenes, Chile",,2.37072332842624,345.07303355152300,-72.291,-36.153
"Directions from Dilman Bullock 3056, 4651861 Araucanía, Angol, Araucanía, Chile to Cauquenes, Chile",,2.37127695284767,341.31397347144667,-72.291,-36.153
"Directions from Dilman Bullock 3056, 4651861 Araucanía, Angol, Araucanía, Chile to Cauquenes, Chile",,2.37255476347527,340.44903166208343,-72.292,-36.152
"Directions from Dilman Bullock 3056, 4651861 Araucanía, Angol, Araucanía, Chile to Cauquenes, Chile",,2.37271631841948,341.52226123319514,-72.292,-36.152
"Directions from Dilman Bullock 3056, 4651861 Araucanía, Angol, Araucanía, Chile to Cauquenes, Chile",,2.37321361108985,343.62469905066132,-72.292,-36.151
"Directions from Dilman Bullock 3056, 4651861 Araucanía, Angol, Araucanía, Chile to Cauquenes, Chile",,2.37969697441455,343.32614624455033,-72.294,-36.145
"Directions from Dilman Bullock 3056, 4651861 Araucanía, Angol, Araucanía, Chile to Cauquenes, Chile",,2.38010219040633,342.76151924586321,-72.294,-36.145
"Directions from Dilman Bullock 3056, 4651861 Araucanía, Angol, Araucanía, Chile to Cauquenes, Chile",,2.38072516713142,339.73640133523497,-72.294,-36.144
"Directions from Dilman Bullock 3056, 4651861 Araucanía, Angol, Araucanía, Chile to Cauquenes, Chile",,2.38088672207563,339.88182084608843,-72.294,-36.144
"Directions from Dilman Bullock 3056, 4651861 Araucanía, Angol, Araucanía, Chile to Cauquenes, Chile",,2.38107645873524,338.27407884877329,-72.294,-36.144
"Directions from Dilman Bullock 3056, 4651861 Araucanía, Angol, Araucanía, Chile to Cauquenes, Chile",,2.38140751764239,333.40225820682087,-72.294,-36.143
"Directions from Dilman Bullock 3056, 4651861 Araucanía, Angol, Araucanía, Chile to Cauquenes, Chile",,2.38172516524587,335.01000019852063,-72.294,-36.143
"Directions from Dilman Bullock 3056, 4651861 Araucanía, Angol, Araucanía, Chile to Cauquenes, Chile",,2.38177901689394,333.82381031586357,-72.295,-36.143
"Directions from Dilman Bullock 3056, 4651861 Araucanía, Angol, Araucanía, Chile to Cauquenes, Chile",,2.38415947903395,325.13768607812949,-72.296,-36.141
"Directions from Dilman Bullock 3056, 4651861 Araucanía, Angol, Araucanía, Chile to Cauquenes, Chile",,2.38450776052929,318.83697614749502,-72.296,-36.141
"Directions from Dilman Bullock 3056, 4651861 Araucanía, Angol, Araucanía, Chile to Cauquenes, Chile",,2.38472707765129,313.29690375700397,-72.296,-36.140
"Directions from Dilman Bullock 3056, 4651861 Araucanía, Angol, Araucanía, Chile to Cauquenes, Chile",,2.38843374731556,314.49129602343100,-72.299,-36.138
"Directions from Dilman Bullock 3056, 4651861 Araucanía, Angol, Araucanía, Chile to Cauquenes, Chile",,2.38881663110994,325.73892709957312,-72.299,-36.138
"Directions from Dilman Bullock 3056, 4651861 Araucanía, Angol, Araucanía, Chile to Cauquenes, Chile",,2.38903134021547,329.27569593440819,-72.299,-36.138
"Directions from Dilman Bullock 3056, 4651861 Araucanía, Angol, Araucanía, Chile to Cauquenes, Chile",,2.38906739572823,331.34027736955119,-72.299,-36.138
"Directions from Dilman Bullock 3056, 4651861 Araucanía, Angol, Araucanía, Chile to Cauquenes, Chile",,2.38924203822020,337.75808211604470,-72.299,-36.137
"Directions from Dilman Bullock 3056, 4651861 Araucanía, Angol, Araucanía, Chile to Cauquenes, Chile",,2.38946676027073,341.10901444745338,-72.299,-36.137
"Directions from Dilman Bullock 3056, 4651861 Araucanía, Angol, Araucanía, Chile to Cauquenes, Chile",,2.38970717657634,344.96923231450518,-72.300,-36.137
"Directions from Dilman Bullock 3056, 4651861 Araucanía, Angol, Araucanía, Chile to Cauquenes, Chile",,2.39001523501236,345.54261219269290,-72.300,-36.137
"Directions from Dilman Bullock 3056, 4651861 Araucanía, Angol, Araucanía, Chile to Cauquenes, Chile",,2.39049325174846,343.54312527004970,-72.300,-36.136
"Directions from Dilman Bullock 3056, 4651861 Araucanía, Angol, Araucanía, Chile to Cauquenes, Chile",,2.39327677469609,343.46080397438902,-72.301,-36.134
"Directions from Dilman Bullock 3056, 4651861 Araucanía, Angol, Araucanía, Chile to Cauquenes, Chile",,2.39407758678392,342.62735946983622,-72.301,-36.133
"Directions from Dilman Bullock 3056, 4651861 Araucanía, Angol, Araucanía, Chile to Cauquenes, Chile",,2.39457407444741,342.97249806979494,-72.301,-36.132
"Directions from Dilman Bullock 3056, 4651861 Araucanía, Angol, Araucanía, Chile to Cauquenes, Chile",,2.39468809198992,343.15496623897855,-72.301,-36.132
"Directions from Dilman Bullock 3056, 4651861 Araucanía, Angol, Araucanía, Chile to Cauquenes, Chile",,2.39490945142613,339.88182084272592,-72.301,-36.132
"Directions from Dilman Bullock 3056, 4651861 Araucanía, Angol, Araucanía, Chile to Cauquenes, Chile",,2.39501715472228,340.50002464333426,-72.301,-36.132
"Directions from Dilman Bullock 3056, 4651861 Araucanía, Angol, Araucanía, Chile to Cauquenes, Chile",,2.39545681368101,343.56664917931886,-72.301,-36.132
"Directions from Dilman Bullock 3056, 4651861 Araucanía, Angol, Araucanía, Chile to Cauquenes, Chile",,2.39716010461330,342.52089667926657,-72.302,-36.130
"Directions from Dilman Bullock 3056, 4651861 Araucanía, Angol, Araucanía, Chile to Cauquenes, Chile",,2.39779579321631,338.13299949934083,-72.302,-36.129
"Directions from Dilman Bullock 3056, 4651861 Araucanía, Angol, Araucanía, Chile to Cauquenes, Chile",,2.39791662367605,347.77802260937352,-72.302,-36.129
"Directions from Dilman Bullock 3056, 4651861 Araucanía, Angol, Araucanía, Chile to Cauquenes, Chile",,2.39793662367605,345.40125697709749,-72.302,-36.129
"Directions from Dilman Bullock 3056, 4651861 Araucanía, Angol, Araucanía, Chile to Cauquenes, Chile",,2.39910508420170,329.46145855376290,-72.302,-36.128
"Directions from Dilman Bullock 3056, 4651861 Araucanía, Angol, Araucanía, Chile to Cauquenes, Chile",,2.40007074459748,330.54477144634029,-72.303,-36.127
"Directions from Dilman Bullock 3056, 4651861 Araucanía, Angol, Araucanía, Chile to Cauquenes, Chile",,2.40062083549906,338.13494775417200,-72.303,-36.127
"Directions from Dilman Bullock 3056, 4651861 Araucanía, Angol, Araucanía, Chile to Cauquenes, Chile",,2.40072523856416,351.65037788449723,-72.303,-36.127
"Directions from Dilman Bullock 3056, 4651861 Araucanía, Angol, Araucanía, Chile to Cauquenes, Chile",,2.40083523856416,9.99155326065283,-72.303,-36.127
"Directions from Dilman Bullock 3056, 4651861 Araucanía, Angol, Araucanía, Chile to Cauquenes, Chile",,2.40095228556326,23.27407884987035,-72.303,-36.126
"Directions from Dilman Bullock 3056, 4651861 Araucanía, Angol, Araucanía, Chile to Cauquenes, Chile",,2.40108644964192,13.28252558921751,-72.303,-36.126
"Directions from Dilman Bullock 3056, 4651861 Araucanía, Angol, Araucanía, Chile to Cauquenes, Chile",,2.40110644964191,15.48187826364199,-72.303,-36.126
"Directions from Dilman Bullock 3056, 4651861 Araucanía, Angol, Araucanía, Chile to Cauquenes, Chile",,2.40116475916086,28.76440385258812,-72.303,-36.126
"Directions from Dilman Bullock 3056, 4651861 Araucanía, Angol, Araucanía, Chile to Cauquenes, Chile",,2.40138836595861,27.63550186042473,-72.303,-36.126
"Directions from Dilman Bullock 3056, 4651861 Araucanía, Angol, Araucanía, Chile to Cauquenes, Chile",,2.40234607155011,14.35297627147861,-72.303,-36.125
"Directions from Dilman Bullock 3056, 4651861 Araucanía, Angol, Araucanía, Chile to Cauquenes, Chile",,2.40235607155011,12.93317839768289,-72.303,-36.125
"Directions from Dilman Bullock 3056, 4651861 Araucanía, Angol, Araucanía, Chile to Cauquenes, Chile",,2.40272281396653,22.15065280609056,-72.302,-36.125
"Directions from Dilman Bullock 3056, 4651861 Araucanía, Angol, Araucanía, Chile to Cauquenes, Chile",,2.40278605951973,13.94863551352078,-72.302,-36.125
"Directions from Dilman Bullock 3056, 4651861 Araucanía, Angol, Araucanía, Chile to Cauquenes, Chile",,2.40284688714504,11.74928284147111,-72.302,-36.125
"Directions from Dilman Bullock 3056, 4651861 Araucanía, Angol, Araucanía, Chile to Cauquenes, Chile",,2.40297058031381,11.42151808324049,-72.302,-36.125
"Directions from Dilman Bullock 3056, 4651861 Araucanía, Angol, Araucanía, Chile to Cauquenes, Chile",,2.40368905091168,7.57349222083038,-72.302,-36.124
"Directions from Dilman Bullock 3056, 4651861 Araucanía, Angol, Araucanía, Chile to Cauquenes, Chile",,2.40387015861444,12.38757027726669,-72.302,-36.124
"Directions from Dilman Bullock 3056, 4651861 Araucanía, Angol, Araucanía, Chile to Cauquenes, Chile",,2.40390178139104,13.85377529256304,-72.302,-36.124
"Directions from Dilman Bullock 3056, 4651861 Araucanía, Angol, Araucanía, Chile to Cauquenes, Chile",,2.40439826905453,8.25476190208694,-72.302,-36.123
"Directions from Dilman Bullock 3056, 4651861 Araucanía, Angol, Araucanía, Chile to Cauquenes, Chile",,2.40630344621165,3.61846101284269,-72.302,-36.121
"Directions from Dilman Bullock 3056, 4651861 Araucanía, Angol, Araucanía, Chile to Cauquenes, Chile",,2.40633344621165,3.82532547768861,-72.302,-36.121
"Directions from Dilman Bullock 3056, 4651861 Araucanía, Angol, Araucanía, Chile to Cauquenes, Chile",,2.40768548171414,8.82931537843205,-72.302,-36.120
"Directions from Dilman Bullock 3056, 4651861 Araucanía, Angol, Araucanía, Chile to Cauquenes, Chile",,2.40820336200919,8.17408577469135,-72.302,-36.119
"Directions from Dilman Bullock 3056, 4651861 Araucanía, Angol, Araucanía, Chile to Cauquenes, Chile",,2.40838446971195,7.49149716403166,-72.302,-36.119
"Directions from Dilman Bullock 3056, 4651861 Araucanía, Angol, Araucanía, Chile to Cauquenes, Chile",,2.40964882725632,7.49149716179751,-72.301,-36.118
"Directions from Dilman Bullock 3056, 4651861 Araucanía, Angol, Araucanía, Chile to Cauquenes, Chile",,2.40982993495908,8.32251910772522,-72.301,-36.118
"Directions from Dilman Bullock 3056, 4651861 Araucanía, Angol, Araucanía, Chile to Cauquenes, Chile",,2.40994173835796,8.98582536657102,-72.301,-36.118
"Directions from Dilman Bullock 3056, 4651861 Araucanía, Angol, Araucanía, Chile to Cauquenes, Chile",,2.41046642874285,17.11592772316968,-72.301,-36.117
"Directions from Dilman Bullock 3056, 4651861 Araucanía, Angol, Araucanía, Chile to Cauquenes, Chile",,2.41048878942263,17.65560672395495,-72.301,-36.117
"Directions from Dilman Bullock 3056, 4651861 Araucanía, Angol, Araucanía, Chile to Cauquenes, Chile",,2.41140949567328,4.37308113134485,-72.301,-36.116
"Directions from Dilman Bullock 3056, 4651861 Araucanía, Angol, Araucanía, Chile to Cauquenes, Chile",,2.41145949567328,3.86091289990471,-72.301,-36.116
"Directions from Dilman Bullock 3056, 4651861 Araucanía, Angol, Araucanía, Chile to Cauquenes, Chile",,2.41205489469915,6.45812735355759,-72.301,-36.116
"Directions from Dilman Bullock 3056, 4651861 Araucanía, Angol, Araucanía, Chile to Cauquenes, Chile",,2.41282806997035,5.80386652515811,-72.301,-36.115
"Directions from Dilman Bullock 3056, 4651861 Araucanía, Angol, Araucanía, Chile to Cauquenes, Chile",,2.41542431726212,7.93781317478450,-72.301,-36.112
"Directions from Dilman Bullock 3056, 4651861 Araucanía, Angol, Araucanía, Chile to Cauquenes, Chile",,2.41560680013803,4.73116110327927,-72.301,-36.112
"Directions from Dilman Bullock 3056, 4651861 Araucanía, Angol, Araucanía, Chile to Cauquenes, Chile",,2.41566680013802,4.16282516552165,-72.301,-36.112
"Directions from Dilman Bullock 3056, 4651861 Araucanía, Angol, Araucanía, Chile to Cauquenes, Chile",,2.41608116712513,4.16282516552165,-72.301,-36.112
"Directions from Dilman Bullock 3056, 4651861 Araucanía, Angol, Araucanía, Chile to Cauquenes, Chile",,2.41614116712513,4.73116110208728,-72.301,-36.112
"Directions from Dilman Bullock 3056, 4651861 Araucanía, Angol, Araucanía, Chile to Cauquenes, Chile",,2.41626282237573,4.73116110208729,-72.301,-36.112
"Directions from Dilman Bullock 3056, 4651861 Araucanía, Angol, Araucanía, Chile to Cauquenes, Chile",,2.41632282237573,3.45561356054393,-72.301,-36.111
"Directions from Dilman Bullock 3056, 4651861 Araucanía, Angol, Araucanía, Chile to Cauquenes, Chile",,2.41665523777851,4.96200731241069,-72.301,-36.111
"Directions from Dilman Bullock 3056, 4651861 Araucanía, Angol, Araucanía, Chile to Cauquenes, Chile",,2.41722602670622,7.16135999044267,-72.301,-36.111
"Directions from Dilman Bullock 3056, 4651861 Araucanía, Angol, Araucanía, Chile to Cauquenes, Chile",,2.41727701690136,8.62839776524365,-72.301,-36.110
"Directions from Dilman Bullock 3056, 4651861 Araucanía, Angol, Araucanía, Chile to Cauquenes, Chile",,2.41824221118232,7.70459263233099,-72.300,-36.110
"Directions from Dilman Bullock 3056, 4651861 Araucanía, Angol, Araucanía, Chile to Cauquenes, Chile",,2.41830303880762,4.73116110566325,-72.300,-36.109
"Directions from Dilman Bullock 3056, 4651861 Araucanía, Angol, Araucanía, Chile to Cauquenes, Chile",,2.41835303880762,2.72016601632612,-72.300,-36.109
"Directions from Dilman Bullock 3056, 4651861 Araucanía, Angol, Araucanía, Chile to Cauquenes, Chile",,2.41856398903872,3.74287026110682,-72.300,-36.109
"Directions from Dilman Bullock 3056, 4651861 Araucanía, Angol, Araucanía, Chile to Cauquenes, Chile",,2.41884416755324,3.51188191437527,-72.300,-36.109
"Directions from Dilman Bullock 3056, 4651861 Araucanía, Angol, Araucanía, Chile to Cauquenes, Chile",,2.42172503547801,2.48917766959456,-72.300,-36.106
"Directions from Dilman Bullock 3056, 4651861 Araucanía, Angol, Araucanía, Chile to Cauquenes, Chile",,2.42181503547801,3.17009587295496,-72.300,-36.106
"Directions from Dilman Bullock 3056, 4651861 Araucanía, Angol, Araucanía, Chile to Cauquenes, Chile",,2.42263002014045,3.17009587295495,-72.300,-36.105
"Directions from Dilman Bullock 3056, 4651861 Araucanía, Angol, Araucanía, Chile to Cauquenes, Chile",,2.42270002014045,7.01812173635801,-72.300,-36.105
"Directions from Dilman Bullock 3056, 4651861 Araucanía, Angol, Araucanía, Chile to Cauquenes, Chile",,2.42274125119670,10.14986704354026,-72.300,-36.105
"Directions from Dilman Bullock 3056, 4651861 Araucanía, Angol, Araucanía, Chile to Cauquenes, Chile",,2.42356617543565,3.13174530718222,-72.300,-36.104
"Directions from Dilman Bullock 3056, 4651861 Araucanía, Angol, Araucanía, Chile to Cauquenes, Chile",,2.42364617543565,3.42138670586598,-72.300,-36.104
"Directions from Dilman Bullock 3056, 4651861 Araucanía, Angol, Araucanía, Chile to Cauquenes, Chile",,2.42389796900189,3.42138670586598,-72.300,-36.104
"Directions from Dilman Bullock 3056, 4651861 Araucanía, Angol, Araucanía, Chile to Cauquenes, Chile",,2.42396796900189,2.59721445470164,-72.300,-36.104
"Directions from Dilman Bullock 3056, 4651861 Araucanía, Angol, Araucanía, Chile to Cauquenes, Chile",,2.42418887622223,7.32837555321295,-72.300,-36.104
"Directions from Dilman Bullock 3056, 4651861 Araucanía, Angol, Araucanía, Chile to Cauquenes, Chile",,2.42424970384754,7.11298194471668,-72.300,-36.104
"Directions from Dilman Bullock 3056, 4651861 Araucanía, Angol, Araucanía, Chile to Cauquenes, Chile",,2.42437011979332,7.11298195131849,-72.300,-36.103
"Directions from Dilman Bullock 3056, 4651861 Araucanía, Angol, Araucanía, Chile to Cauquenes, Chile",,2.42443094741863,7.11298195040599,-72.300,-36.103
"Directions from Dilman Bullock 3056, 4651861 Araucanía, Angol, Araucanía, Chile to Cauquenes, Chile",,2.42491261120178,5.67279317289180,-72.300,-36.103
"Directions from Dilman Bullock 3056, 4651861 Araucanía, Angol, Araucanía, Chile to Cauquenes, Chile",,2.42569778634147,8.44339556328467,-72.300,-36.102
"Directions from Dilman Bullock 3056, 4651861 Araucanía, Angol, Araucanía, Chile to Cauquenes, Chile",,2.42580958974035,8.38733322806302,-72.300,-36.102
"Directions from Dilman Bullock 3056, 4651861 Araucanía, Angol, Araucanía, Chile to Cauquenes, Chile",,2.42678580692930,3.23490999237727,-72.300,-36.101
"Directions from Dilman Bullock 3056, 4651861 Araucanía, Angol, Araucanía, Chile to Cauquenes, Chile",,2.42687580692930,352.98187826364199,-72.300,-36.101
"Directions from Dilman Bullock 3056, 4651861 Araucanía, Angol, Araucanía, Chile to Cauquenes, Chile",,2.42691703798555,352.98187826364199,-72.300,-36.101
"Directions from Dilman Bullock 3056, 4651861 Araucanía, Angol, Araucanía, Chile to Cauquenes, Chile",,2.42694703798556,352.53429141110018,-72.300,-36.101
"Directions from Dilman Bullock 3056, 4651861 Araucanía, Angol, Araucanía, Chile to Cauquenes, Chile",,2.42710227973252,335.68925765437348,-72.300,-36.101
"Directions from Dilman Bullock 3056, 4651861 Araucanía, Angol, Araucanía, Chile to Cauquenes, Chile",,2.42713833524527,330.93298885264676,-72.300,-36.101
"Directions from Dilman Bullock 3056, 4651861 Araucanía, Angol, Araucanía, Chile to Cauquenes, Chile",,2.42725916570500,338.56054819587695,-72.300,-36.101
"Directions from Dilman Bullock 3056, 4651861 Araucanía, Angol, Araucanía, Chile to Cauquenes, Chile",,2.42729078848161,333.93749181725036,-72.300,-36.101
"Directions from Dilman Bullock 3056, 4651861 Araucanía, Angol, Araucanía, Chile to Cauquenes, Chile",,2.42732684399436,330.64651949303408,-72.300,-36.101
"Directions from Dilman Bullock 3056, 4651861 Araucanía, Angol, Araucanía, Chile to Cauquenes, Chile",,2.42749237344794,332.99357350513310,-72.300,-36.100
"Directions from Dilman Bullock 3056, 4651861 Araucanía, Angol, Araucanía, Chile to Cauquenes, Chile",,2.42844132023254,328.65698648024738,-72.300,-36.100
"Directions from Dilman Bullock 3056, 4651861 Araucanía, Angol, Araucanía, Chile to Cauquenes, Chile",,2.42872976433457,324.21747441028663,-72.300,-36.099
"Directions from Dilman Bullock 3056, 4651861 Araucanía, Angol, Araucanía, Chile to Cauquenes, Chile",,2.42884378187709,318.56250817288509,-72.301,-36.099
"Directions from Dilman Bullock 3056, 4651861 Araucanía, Angol, Araucanía, Chile to Cauquenes, Chile",,2.42890035041958,305.78252558853899,-72.301,-36.099
"Directions from Dilman Bullock 3056, 4651861 Araucanía, Angol, Araucanía, Chile to Cauquenes, Chile",,2.42894507177913,305.78252559362789,-72.301,-36.099
"Directions from Dilman Bullock 3056, 4651861 Araucanía, Angol, Araucanía, Chile to Cauquenes, Chile",,2.42897335605037,301.71747441654986,-72.301,-36.099
"Directions from Dilman Bullock 3056, 4651861 Araucanía, Angol, Araucanía, Chile to Cauquenes, Chile",,2.42900497882698,291.36974904460527,-72.301,-36.099
"Directions from Dilman Bullock 3056, 4651861 Araucanía, Angol, Araucanía, Chile to Cauquenes, Chile",,2.42934512585401,292.60115738254018,-72.301,-36.099
"Directions from Dilman Bullock 3056, 4651861 Araucanía, Angol, Araucanía, Chile to Cauquenes, Chile",,2.42993385329519,293.12197072018512,-72.302,-36.099
"Directions from Dilman Bullock 3056, 4651861 Araucanía, Angol, Araucanía, Chile to Cauquenes, Chile",,2.43014409125560,294.12801063540132,-72.302,-36.099
"Directions from Dilman Bullock 3056, 4651861 Araucanía, Angol, Araucanía, Chile to Cauquenes, Chile",,2.43196796076849,288.82670408247839,-72.303,-36.098
"Directions from Dilman Bullock 3056, 4651861 Araucanía, Angol, Araucanía, Chile to Cauquenes, Chile",,2.43216442959552,286.58925582830943,-72.304,-36.098
"Directions from Dilman Bullock 3056, 4651861 Araucanía, Angol, Araucanía, Chile to Cauquenes, Chile",,2.43222767514873,283.94863551555630,-72.304,-36.098
"Directions from Dilman Bullock 3056, 4651861 Araucanía, Angol, Araucanía, Chile to Cauquenes, Chile",,2.43228850277404,281.58464160686731,-72.304,-36.098
"Directions from Dilman Bullock 3056, 4651861 Araucanía, Angol, Araucanía, Chile to Cauquenes, Chile",,2.43271052173096,276.85348050175418,-72.304,-36.098
"Directions from Dilman Bullock 3056, 4651861 Araucanía, Angol, Araucanía, Chile to Cauquenes, Chile",,2.43273052173095,275.65496623759725,-72.304,-36.098
"Directions from Dilman Bullock 3056, 4651861 Araucanía, Angol, Araucanía, Chile to Cauquenes, Chile",,2.43293448251150,284.87244065007610,-72.304,-36.098
"Directions from Dilman Bullock 3056, 4651861 Araucanía, Angol, Araucanía, Chile to Cauquenes, Chile",,2.43299772806470,284.87244064948885,-72.304,-36.098
"Directions from Dilman Bullock 3056, 4651861 Araucanía, Angol, Araucanía, Chile to Cauquenes, Chile",,2.43325267904038,282.45238440397776,-72.305,-36.098
"Directions from Dilman Bullock 3056, 4651861 Araucanía, Angol, Araucanía, Chile to Cauquenes, Chile",,2.43482678195951,285.03585886384633,-72.306,-36.097
"Directions from Dilman Bullock 3056, 4651861 Araucanía, Angol, Araucanía, Chile to Cauquenes, Chile",,2.43704799784276,291.52096628541767,-72.308,-36.097
"Directions from Dilman Bullock 3056, 4651861 Araucanía, Angol, Araucanía, Chile to Cauquenes, Chile",,2.43713744056185,300.12755934683145,-72.308,-36.097
"Directions from Dilman Bullock 3056, 4651861 Araucanía, Angol, Araucanía, Chile to Cauquenes, Chile",,2.43717349607461,311.94224821683162,-72.308,-36.097
"Directions from Dilman Bullock 3056, 4651861 Araucanía, Angol, Araucanía, Chile to Cauquenes, Chile",,2.43725159857137,324.09452285358253,-72.308,-36.097
"Directions from Dilman Bullock 3056, 4651861 Araucanía, Angol, Araucanía, Chile to Cauquenes, Chile",,2.43734593838269,330.71478280243326,-72.309,-36.096
"Directions from Dilman Bullock 3056, 4651861 Araucanía, Angol, Araucanía, Chile to Cauquenes, Chile",,2.43741302042202,339.69935267642012,-72.309,-36.096
"Directions from Dilman Bullock 3056, 4651861 Araucanía, Angol, Araucanía, Chile to Cauquenes, Chile",,2.43749548253453,352.98187826903023,-72.309,-36.096
"Directions from Dilman Bullock 3056, 4651861 Araucanía, Angol, Araucanía, Chile to Cauquenes, Chile",,2.43752548253453,354.69017236030936,-72.309,-36.096
"Directions from Dilman Bullock 3056, 4651861 Araucanía, Angol, Araucanía, Chile to Cauquenes, Chile",,2.43768827074049,0.95457621680093,-72.309,-36.096
"Directions from Dilman Bullock 3056, 4651861 Araucanía, Angol, Araucanía, Chile to Cauquenes, Chile",,2.43778046618506,17.16510860247513,-72.309,-36.096
"Directions from Dilman Bullock 3056, 4651861 Araucanía, Angol, Araucanía, Chile to Cauquenes, Chile",,2.43783431783314,26.02892332637710,-72.309,-36.096
"Directions from Dilman Bullock 3056, 4651861 Araucanía, Angol, Araucanía, Chile to Cauquenes, Chile",,2.43797324227303,33.32039448849420,-72.308,-36.096
"Directions from Dilman Bullock 3056, 4651861 Araucanía, Angol, Araucanía, Chile to Cauquenes, Chile",,2.43844525922188,32.71947795802333,-72.308,-36.096
"Directions from Dilman Bullock 3056, 4651861 Araucanía, Angol, Araucanía, Chile to Cauquenes, Chile",,2.43854821552329,26.12659730551839,-72.308,-36.095
"Directions from Dilman Bullock 3056, 4651861 Araucanía, Angol, Araucanía, Chile to Cauquenes, Chile",,2.43870053098540,19.22685460947334,-72.308,-36.095
"Directions from Dilman Bullock 3056, 4651861 Araucanía, Angol, Araucanía, Chile to Cauquenes, Chile",,2.43881454852791,20.91008493630994,-72.308,-36.095
"Directions from Dilman Bullock 3056, 4651861 Araucanía, Angol, Araucanía, Chile to Cauquenes, Chile",,2.43885926988747,17.65560671512187,-72.308,-36.095
"Directions from Dilman Bullock 3056, 4651861 Araucanía, Angol, Araucanía, Chile to Cauquenes, Chile",,2.43899079935184,4.37308113268954,-72.308,-36.095
"Directions from Dilman Bullock 3056, 4651861 Araucanía, Angol, Araucanía, Chile to Cauquenes, Chile",,2.43917079935185,358.69871889833036,-72.308,-36.095
"Directions from Dilman Bullock 3056, 4651861 Araucanía, Angol, Araucanía, Chile to Cauquenes, Chile",,2.43939102650730,356.02080637667621,-72.308,-36.095
"Directions from Dilman Bullock 3056, 4651861 Araucanía, Angol, Araucanía, Chile to Cauquenes, Chile",,2.44003383285450,349.95030606000495,-72.308,-36.094
"Directions from Dilman Bullock 3056, 4651861 Araucanía, Angol, Araucanía, Chile to Cauquenes, Chile",,2.44023030168154,352.62821858165916,-72.308,-36.094
"Directions from Dilman Bullock 3056, 4651861 Araucanía, Angol, Araucanía, Chile to Cauquenes, Chile",,2.44026030168155,352.12441316871980,-72.308,-36.094
"Directions from Dilman Bullock 3056, 4651861 Araucanía, Angol, Araucanía, Chile to Cauquenes, Chile",,2.44066551767333,340.41006676455657,-72.308,-36.093
"Directions from Dilman Bullock 3056, 4651861 Araucanía, Angol, Araucanía, Chile to Cauquenes, Chile",,2.44099247332782,342.63068735699994,-72.308,-36.093
"Directions from Dilman Bullock 3056, 4651861 Araucanía, Angol, Araucanía, Chile to Cauquenes, Chile",,2.44114544391322,356.02826409343959,-72.308,-36.093
"Directions from Dilman Bullock 3056, 4651861 Araucanía, Angol, Araucanía, Chile to Cauquenes, Chile",,2.44131573777688,9.65592828235379,-72.308,-36.093
"Directions from Dilman Bullock 3056, 4651861 Araucanía, Angol, Araucanía, Chile to Cauquenes, Chile",,2.44160694217245,14.23710180513209,-72.308,-36.092
"Directions from Dilman Bullock 3056, 4651861 Araucanía, Angol, Araucanía, Chile to Cauquenes, Chile",,2.44188352850617,10.99556495928757,-72.308,-36.092
"Directions from Dilman Bullock 3056, 4651861 Araucanía, Angol, Araucanía, Chile to Cauquenes, Chile",,2.44218766663268,4.73116110423285,-72.308,-36.092
"Directions from Dilman Bullock 3056, 4651861 Araucanía, Angol, Araucanía, Chile to Cauquenes, Chile",,2.44244766663269,7.46570858889985,-72.308,-36.092
"Directions from Dilman Bullock 3056, 4651861 Araucanía, Angol, Araucanía, Chile to Cauquenes, Chile",,2.44260290837965,21.61608647096930,-72.308,-36.091
"Directions from Dilman Bullock 3056, 4651861 Araucanía, Angol, Araucanía, Chile to Cauquenes, Chile",,2.44275055661025,22.91316206944362,-72.308,-36.091
"Directions from Dilman Bullock 3056, 4651861 Araucanía, Angol, Araucanía, Chile to Cauquenes, Chile",,2.44294980519870,16.13456560597867,-72.308,-36.091
"Directions from Dilman Bullock 3056, 4651861 Araucanía, Angol, Araucanía, Chile to Cauquenes, Chile",,2.44314627402574,12.43411724640406,-72.308,-36.091
"Directions from Dilman Bullock 3056, 4651861 Araucanía, Angol, Araucanía, Chile to Cauquenes, Chile",,2.44343070327882,8.85965751195306,-72.308,-36.091
"Directions from Dilman Bullock 3056, 4651861 Araucanía, Angol, Araucanía, Chile to Cauquenes, Chile",,2.44494397787386,5.99667436172311,-72.308,-36.089
"Directions from Dilman Bullock 3056, 4651861 Araucanía, Angol, Araucanía, Chile to Cauquenes, Chile",,2.44559589811438,2.52862426645629,-72.308,-36.089
"Directions from Dilman Bullock 3056, 4651861 Araucanía, Angol, Araucanía, Chile to Cauquenes, Chile",,2.44646595558374,359.51098306781267,-72.308,-36.088
"Directions from Dilman Bullock 3056, 4651861 Araucanía, Angol, Araucanía, Chile to Cauquenes, Chile",,2.44681609841174,356.50379895793191,-72.308,-36.087
"Directions from Dilman Bullock 3056, 4651861 Araucanía, Angol, Araucanía, Chile to Cauquenes, Chile",,2.44713750158534,352.98187826631727,-72.308,-36.087
"Directions from Dilman Bullock 3056, 4651861 Araucanía, Angol, Araucanía, Chile to Cauquenes, Chile",,2.44846268081850,346.61806809621601,-72.308,-36.086
"Directions from Dilman Bullock 3056, 4651861 Araucanía, Angol, Araucanía, Chile to Cauquenes, Chile",,2.44897814177726,346.22711620502946,-72.308,-36.085
"Directions from Dilman Bullock 3056, 4651861 Araucanía, Angol, Araucanía, Chile to Cauquenes, Chile",,2.44922145227847,349.45202189717816,-72.308,-36.085
"Directions from Dilman Bullock 3056, 4651861 Araucanía, Angol, Araucanía, Chile to Cauquenes, Chile",,2.44956858337762,350.38586131551330,-72.308,-36.085
"Directions from Dilman Bullock 3056, 4651861 Araucanía, Angol, Araucanía, Chile to Cauquenes, Chile",,2.44971991083712,347.85305619680946,-72.308,-36.084
"Directions from Dilman Bullock 3056, 4651861 Araucanía, Angol, Araucanía, Chile to Cauquenes, Chile",,2.44992871696730,344.63225614868566,-72.308,-36.084
"Directions from Dilman Bullock 3056, 4651861 Araucanía, Angol, Araucanía, Chile to Cauquenes, Chile",,2.45009364119233,339.69935267372603,-72.308,-36.084
"Directions from Dilman Bullock 3056, 4651861 Araucanía, Angol, Araucanía, Chile to Cauquenes, Chile",,2.45011600187211,337.73290453755351,-72.308,-36.084
"Directions from Dilman Bullock 3056, 4651861 Araucanía, Angol, Araucanía, Chile to Cauquenes, Chile",,2.45050497487888,343.99730839649982,-72.308,-36.084
"Directions from Dilman Bullock 3056, 4651861 Araucanía, Angol, Araucanía, Chile to Cauquenes, Chile",,2.45099974755395,352.98187826633614,-72.309,-36.083
"Directions from Dilman Bullock 3056, 4651861 Araucanía, Angol, Araucanía, Chile to Cauquenes, Chile",,2.45116974755395,5.65496623466139,-72.309,-36.083
"Directions from Dilman Bullock 3056, 4651861 Araucanía, Angol, Araucanía, Chile to Cauquenes, Chile",,2.45127172794422,15.93298884515022,-72.309,-36.083
"Directions from Dilman Bullock 3056, 4651861 Araucanía, Angol, Araucanía, Chile to Cauquenes, Chile",,2.45144260801913,18.72141817232416,-72.308,-36.083
"Directions from Dilman Bullock 3056, 4651861 Araucanía, Angol, Araucanía, Chile to Cauquenes, Chile",,2.45202784301467,13.44738546419538,-72.308,-36.082
"Directions from Dilman Bullock 3056, 4651861 Araucanía, Angol, Araucanía, Chile to Cauquenes, Chile",,2.45220046977968,7.72415591676495,-72.308,-36.082
"Directions from Dilman Bullock 3056, 4651861 Araucanía, Angol, Araucanía, Chile to Cauquenes, Chile",,2.45241142001078,1.63279395727251,-72.308,-36.082
"Directions from Dilman Bullock 3056, 4651861 Araucanía, Angol, Araucanía, Chile to Cauquenes, Chile",,2.45320198942583,354.42631463506189,-72.308,-36.081
"Directions from Dilman Bullock 3056, 4651861 Araucanía, Angol, Araucanía, Chile to Cauquenes, Chile",,2.45358669710706,353.13186584598884,-72.308,-36.081
"Directions from Dilman Bullock 3056, 4651861 Araucanía, Angol, Araucanía, Chile to Cauquenes, Chile",,2.45370711305284,352.56566097127177,-72.308,-36.081
"Directions from Dilman Bullock 3056, 4651861 Araucanía, Angol, Araucanía, Chile to Cauquenes, Chile",,2.45473302727928,348.84724745407090,-72.309,-36.080
"Directions from Dilman Bullock 3056, 4651861 Araucanía, Angol, Araucanía, Chile to Cauquenes, Chile",,2.45511157714390,349.77004664663349,-72.309,-36.079
"Directions from Dilman Bullock 3056, 4651861 Araucanía, Angol, Araucanía, Chile to Cauquenes, Chile",,2.45573807534820,353.19236848838568,-72.309,-36.079
"Directions from Dilman Bullock 3056, 4651861 Araucanía, Angol, Araucanía, Chile to Cauquenes, Chile",,2.45638088169540,356.12911546333947,-72.309,-36.078
"Directions from Dilman Bullock 3056, 4651861 Araucanía, Angol, Araucanía, Chile to Cauquenes, Chile",,2.45710150642437,358.80702798499374,-72.309,-36.077
"Directions from Dilman Bullock 3056, 4651861 Araucanía, Angol, Araucanía, Chile to Cauquenes, Chile",,2.45780150642437,0.84234215921204,-72.309,-36.077
"Directions from Dilman Bullock 3056, 4651861 Araucanía, Angol, Araucanía, Chile to Cauquenes, Chile",,2.45814165345140,3.58102652339560,-72.309,-36.076
"Directions from Dilman Bullock 3056, 4651861 Araucanía, Angol, Araucanía, Chile to Cauquenes, Chile",,2.45887500193609,7.34419763491062,-72.309,-36.075
"Directions from Dilman Bullock 3056, 4651861 Araucanía, Angol, Araucanía, Chile to Cauquenes, Chile",,2.45924983523238,10.47479887390392,-72.309,-36.075
"Directions from Dilman Bullock 3056, 4651861 Araucanía, Angol, Araucanía, Chile to Cauquenes, Chile",,2.46003628294201,10.95704102523004,-72.308,-36.074
"Directions from Dilman Bullock 3056, 4651861 Araucanía, Angol, Araucanía, Chile to Cauquenes, Chile",,2.46043251519714,9.10137417699687,-72.308,-36.074
"Directions from Dilman Bullock 3056, 4651861 Araucanía, Angol, Araucanía, Chile to Cauquenes, Chile",,2.46122023342087,5.60353381537687,-72.308,-36.073
"Directions from Dilman Bullock 3056, 4651861 Araucanía, Angol, Araucanía, Chile to Cauquenes, Chile",,2.46140051098464,4.76001093438108,-72.308,-36.073
"Directions from Dilman Bullock 3056, 4651861 Araucanía, Angol, Araucanía, Chile to Cauquenes, Chile",,2.46158161868741,1.48686554167147,-72.308,-36.073
"Directions from Dilman Bullock 3056, 4651861 Araucanía, Angol, Araucanía, Chile to Cauquenes, Chile",,2.46175191255106,354.75426149217662,-72.308,-36.073
"Directions from Dilman Bullock 3056, 4651861 Araucanía, Angol, Araucanía, Chile to Cauquenes, Chile",,2.46191315770603,347.22001742316985,-72.308,-36.072
"Directions from Dilman Bullock 3056, 4651861 Araucanía, Angol, Araucanía, Chile to Cauquenes, Chile",,2.46194478048263,344.25490198648578,-72.308,-36.072
"Directions from Dilman Bullock 3056, 4651861 Araucanía, Angol, Araucanía, Chile to Cauquenes, Chile",,2.46265308832531,349.53080672939939,-72.308,-36.072
"Directions from Dilman Bullock 3056, 4651861 Araucanía, Angol, Araucanía, Chile to Cauquenes, Chile",,2.46396549070263,351.21403706181172,-72.309,-36.070
"Directions from Dilman Bullock 3056, 4651861 Araucanía, Angol, Araucanía, Chile to Cauquenes, Chile",,2.46438142338949,351.89570584451684,-72.309,-36.070
"Directions from Dilman Bullock 3056, 4651861 Araucanía, Angol, Araucanía, Chile to Cauquenes, Chile",,2.46473370168857,352.33844630400233,-72.309,-36.070
"Directions from Dilman Bullock 3056, 4651861 Araucanía, Angol, Araucanía, Chile to Cauquenes, Chile",,2.46702064287714,352.50403919804307,-72.309,-36.067
"Directions from Dilman Bullock 3056, 4651861 Araucanía, Angol, Araucanía, Chile to Cauquenes, Chile",,2.46785550813573,351.08887501828104,-72.309,-36.067
"Directions from Dilman Bullock 3056, 4651861 Araucanía, Angol, Araucanía, Chile to Cauquenes, Chile",,2.46820263923489,346.42112750129434,-72.309,-36.066
"Directions from Dilman Bullock 3056, 4651861 Araucanía, Angol, Araucanía, Chile to Cauquenes, Chile",,2.46838945465182,340.92801202664674,-72.309,-36.066
"Directions from Dilman Bullock 3056, 4651861 Araucanía, Angol, Araucanía, Chile to Cauquenes, Chile",,2.46851945465181,335.40754193745835,-72.309,-36.066
"Directions from Dilman Bullock 3056, 4651861 Araucanía, Angol, Araucanía, Chile to Cauquenes, Chile",,2.46876542212933,330.26485295026043,-72.309,-36.066
"Directions from Dilman Bullock 3056, 4651861 Araucanía, Angol, Araucanía, Chile to Cauquenes, Chile",,2.46896790669665,324.89540439930119,-72.310,-36.066
"Directions from Dilman Bullock 3056, 4651861 Araucanía, Angol, Araucanía, Chile to Cauquenes, Chile",,2.46923191427229,321.51955374050033,-72.310,-36.065
"Directions from Dilman Bullock 3056, 4651861 Araucanía, Angol, Araucanía, Chile to Cauquenes, Chile",,2.47021908193789,321.52936466107747,-72.310,-36.065
"Directions from Dilman Bullock 3056, 4651861 Araucanía, Angol, Araucanía, Chile to Cauquenes, Chile",,2.47132511087061,318.85783677673021,-72.311,-36.064
"Directions from Dilman Bullock 3056, 4651861 Araucanía, Angol, Araucanía, Chile to Cauquenes, Chile",,2.47135339514186,319.06505117259974,-72.311,-36.064
"Directions from Dilman Bullock 3056, 4651861 Araucanía, Angol, Araucanía, Chile to Cauquenes, Chile",,2.47175339514185,321.60485510759622,-72.311,-36.063
"Directions from Dilman Bullock 3056, 4651861 Araucanía, Angol, Araucanía, Chile to Cauquenes, Chile",,2.47239230045565,323.19477016378602,-72.312,-36.063
"Directions from Dilman Bullock 3056, 4651861 Araucanía, Angol, Araucanía, Chile to Cauquenes, Chile",,2.47242835596841,323.13983659829643,-72.312,-36.063
"Directions from Dilman Bullock 3056, 4651861 Araucanía, Angol, Araucanía, Chile to Cauquenes, Chile",,2.47275485252276,322.03000882509906,-72.312,-36.063
"Directions from Dilman Bullock 3056, 4651861 Araucanía, Angol, Araucanía, Chile to Cauquenes, Chile",,2.47311290279856,327.17269781001784,-72.312,-36.062
"Directions from Dilman Bullock 3056, 4651861 Araucanía, Angol, Araucanía, Chile to Cauquenes, Chile",,2.47327414795352,334.84953674149688,-72.312,-36.062
"Directions from Dilman Bullock 3056, 4651861 Araucanía, Angol, Araucanía, Chile to Cauquenes, Chile",,2.47335958799098,343.31984435927683,-72.312,-36.062
"Directions from Dilman Bullock 3056, 4651861 Araucanía, Angol, Araucanía, Chile to Cauquenes, Chile",,2.47358519827443,352.00795190668350,-72.312,-36.062
"Directions from Dilman Bullock 3056, 4651861 Araucanía, Angol, Araucanía, Chile to Cauquenes, Chile",,2.47376547583820,358.58026842137963,-72.312,-36.062
"Directions from Dilman Bullock 3056, 4651861 Araucanía, Angol, Araucanía, Chile to Cauquenes, Chile",,2.47881556494633,358.58026842137963,-72.312,-36.057
"Directions from Dilman Bullock 3056, 4651861 Araucanía, Angol, Araucanía, Chile to Cauquenes, Chile",,2.47899584251010,358.66816705453101,-72.312,-36.056
"Directions from Dilman Bullock 3056, 4651861 Araucanía, Angol, Araucanía, Chile to Cauquenes, Chile",,2.48121593259836,1.62123761039756,-72.312,-36.054
"Directions from Dilman Bullock 3056, 4651861 Araucanía, Angol, Araucanía, Chile to Cauquenes, Chile",,2.48142617055878,1.36315549543337,-72.312,-36.054
"Directions from Dilman Bullock 3056, 4651861 Araucanía, Angol, Araucanía, Chile to Cauquenes, Chile",,2.48191617055878,1.36315549741366,-72.312,-36.054
"Directions from Dilman Bullock 3056, 4651861 Araucanía, Angol, Araucanía, Chile to Cauquenes, Chile",,2.48212640851919,1.36315549741366,-72.312,-36.053
"Directions from Dilman Bullock 3056, 4651861 Araucanía, Angol, Araucanía, Chile to Cauquenes, Chile",,2.48250640851919,0.84234215881326,-72.312,-36.053
"Directions from Dilman Bullock 3056, 4651861 Araucanía, Angol, Araucanía, Chile to Cauquenes, Chile",,2.48352684960030,5.57350326447652,-72.312,-36.052
"Directions from Dilman Bullock 3056, 4651861 Araucanía, Angol, Araucanía, Chile to Cauquenes, Chile",,2.48358767722560,6.48292692861292,-72.312,-36.052
"Directions from Dilman Bullock 3056, 4651861 Araucanía, Angol, Araucanía, Chile to Cauquenes, Chile",,2.48407859473394,1.75176582294970,-72.312,-36.051
"Directions from Dilman Bullock 3056, 4651861 Araucanía, Angol, Araucanía, Chile to Cauquenes, Chile",,2.48435859473395,358.95871735979853,-72.312,-36.051
"Directions from Dilman Bullock 3056, 4651861 Araucanía, Angol, Araucanía, Chile to Cauquenes, Chile",,2.48490895825018,358.95871735979853,-72.312,-36.051
"Directions from Dilman Bullock 3056, 4651861 Araucanía, Angol, Araucanía, Chile to Cauquenes, Chile",,2.48513895825018,357.80064732178380,-72.312,-36.050
"Directions from Dilman Bullock 3056, 4651861 Araucanía, Angol, Araucanía, Chile to Cauquenes, Chile",,2.48526934229828,348.58317290828728,-72.312,-36.050
"Directions from Dilman Bullock 3056, 4651861 Araucanía, Angol, Araucanía, Chile to Cauquenes, Chile",,2.48530096507489,350.78252558650343,-72.312,-36.050
"Directions from Dilman Bullock 3056, 4651861 Araucanía, Angol, Araucanía, Chile to Cauquenes, Chile",,2.48557096507489,2.04280839060740,-72.312,-36.050
"Directions from Dilman Bullock 3056, 4651861 Araucanía, Angol, Araucanía, Chile to Cauquenes, Chile",,2.48571132176337,2.66549052419349,-72.312,-36.050
"Directions from Dilman Bullock 3056, 4651861 Araucanía, Angol, Araucanía, Chile to Cauquenes, Chile",,2.48617143044618,2.41084932163920,-72.312,-36.049
"Directions from Dilman Bullock 3056, 4651861 Araucanía, Angol, Araucanía, Chile to Cauquenes, Chile",,2.48633174264160,2.26959900068152,-72.312,-36.049
"Directions from Dilman Bullock 3056, 4651861 Araucanía, Angol, Araucanía, Chile to Cauquenes, Chile",,2.48752191069696,0.27753568442545,-72.312,-36.048
"Directions from Dilman Bullock 3056, 4651861 Araucanía, Angol, Araucanía, Chile to Cauquenes, Chile",,2.49033198187043,0.85665206970951,-72.312,-36.045
"Directions from Dilman Bullock 3056, 4651861 Araucanía, Angol, Araucanía, Chile to Cauquenes, Chile",,2.49087235211387,1.06054819791247,-72.312,-36.045
"Directions from Dilman Bullock 3056, 4651861 Araucanía, Angol, Araucanía, Chile to Cauquenes, Chile",,2.49139235211388,13.28252559261011,-72.312,-36.044
"Directions from Dilman Bullock 3056, 4651861 Araucanía, Angol, Araucanía, Chile to Cauquenes, Chile",,2.49141471279365,13.28252559261011,-72.312,-36.044
"Directions from Dilman Bullock 3056, 4651861 Araucanía, Angol, Araucanía, Chile to Cauquenes, Chile",,2.49181471279365,2.04280839060740,-72.312,-36.044
"Directions from Dilman Bullock 3056, 4651861 Araucanía, Angol, Araucanía, Chile to Cauquenes, Chile",,2.49195506948213,2.46407052111402,-72.312,-36.043
"Directions from Dilman Bullock 3056, 4651861 Araucanía, Angol, Araucanía, Chile to Cauquenes, Chile",,2.49263514300756,6.68566598268762,-72.312,-36.043
"Directions from Dilman Bullock 3056, 4651861 Araucanía, Angol, Araucanía, Chile to Cauquenes, Chile",,2.49272733845213,20.66980072440984,-72.312,-36.043
"Directions from Dilman Bullock 3056, 4651861 Araucanía, Angol, Araucanía, Chile to Cauquenes, Chile",,2.49295559269635,23.62287128572542,-72.312,-36.043
"Directions from Dilman Bullock 3056, 4651861 Araucanía, Angol, Araucanía, Chile to Cauquenes, Chile",,2.49298721547295,24.34569299389009,-72.312,-36.042
"Directions from Dilman Bullock 3056, 4651861 Araucanía, Angol, Araucanía, Chile to Cauquenes, Chile",,2.49312613991284,28.41074416842365,-72.312,-36.042
"Directions from Dilman Bullock 3056, 4651861 Araucanía, Angol, Araucanía, Chile to Cauquenes, Chile",,2.49330502535104,28.76440385346818,-72.312,-36.042
"Directions from Dilman Bullock 3056, 4651861 Araucanía, Angol, Araucanía, Chile to Cauquenes, Chile",,2.49336333486999,27.46312275608476,-72.312,-36.042
"Directions from Dilman Bullock 3056, 4651861 Araucanía, Angol, Araucanía, Chile to Cauquenes, Chile",,2.49346182344801,25.43429121842762,-72.312,-36.042
"Directions from Dilman Bullock 3056, 4651861 Araucanía, Angol, Araucanía, Chile to Cauquenes, Chile",,2.49421315559826,26.09190784535191,-72.311,-36.041
"Directions from Dilman Bullock 3056, 4651861 Araucanía, Angol, Araucanía, Chile to Cauquenes, Chile",,2.49461127618300,21.85633553106756,-72.311,-36.041
"Directions from Dilman Bullock 3056, 4651861 Araucanía, Angol, Araucanía, Chile to Cauquenes, Chile",,2.49464289895961,23.89635118483179,-72.311,-36.041
"Directions from Dilman Bullock 3056, 4651861 Araucanía, Angol, Araucanía, Chile to Cauquenes, Chile",,2.49482647455712,27.63213077087059,-72.311,-36.041
"Directions from Dilman Bullock 3056, 4651861 Araucanía, Angol, Araucanía, Chile to Cauquenes, Chile",,2.49560467761545,24.55254925758780,-72.311,-36.040
"Directions from Dilman Bullock 3056, 4651861 Araucanía, Angol, Araucanía, Chile to Cauquenes, Chile",,2.49575699307756,21.16611686086896,-72.311,-36.040
"Directions from Dilman Bullock 3056, 4651861 Araucanía, Angol, Araucanía, Chile to Cauquenes, Chile",,2.49627564517676,17.32887710142697,-72.311,-36.040
"Directions from Dilman Bullock 3056, 4651861 Araucanía, Angol, Araucanía, Chile to Cauquenes, Chile",,2.49664927601060,14.41134066374286,-72.311,-36.039
"Directions from Dilman Bullock 3056, 4651861 Araucanía, Angol, Araucanía, Chile to Cauquenes, Chile",,2.49721443085664,14.24220379638205,-72.310,-36.039
"Directions from Dilman Bullock 3056, 4651861 Araucanía, Angol, Araucanía, Chile to Cauquenes, Chile",,2.49866508588111,16.16236129369923,-72.310,-36.037
"Directions from Dilman Bullock 3056, 4651861 Araucanía, Angol, Araucanía, Chile to Cauquenes, Chile",,2.50216029689047,15.58756439541503,-72.309,-36.034
"Directions from Dilman Bullock 3056, 4651861 Araucanía, Angol, Araucanía, Chile to Cauquenes, Chile",,2.50240768322801,11.16669421832507,-72.309,-36.034
"Directions from Dilman Bullock 3056, 4651861 Araucanía, Angol, Araucanía, Chile to Cauquenes, Chile",,2.50289276054144,5.65496623582062,-72.309,-36.033
"Directions from Dilman Bullock 3056, 4651861 Araucanía, Angol, Araucanía, Chile to Cauquenes, Chile",,2.50308302351734,4.60811770138295,-72.309,-36.033
"Directions from Dilman Bullock 3056, 4651861 Araucanía, Angol, Araucanía, Chile to Cauquenes, Chile",,2.50354573292939,10.11984568727998,-72.309,-36.033
"Directions from Dilman Bullock 3056, 4651861 Araucanía, Angol, Araucanía, Chile to Cauquenes, Chile",,2.50358696398565,7.01812173635802,-72.309,-36.032
"Directions from Dilman Bullock 3056, 4651861 Araucanía, Angol, Araucanía, Chile to Cauquenes, Chile",,2.50361696398565,6.26440385649157,-72.309,-36.032
"Directions from Dilman Bullock 3056, 4651861 Araucanía, Angol, Araucanía, Chile to Cauquenes, Chile",,2.50370915943022,15.48187826489924,-72.309,-36.032
"Directions from Dilman Bullock 3056, 4651861 Araucanía, Angol, Araucanía, Chile to Cauquenes, Chile",,2.50377240498342,14.87244064698359,-72.309,-36.032
"Directions from Dilman Bullock 3056, 4651861 Araucanía, Angol, Araucanía, Chile to Cauquenes, Chile",,2.50382339517856,14.00458835622634,-72.309,-36.032
"Directions from Dilman Bullock 3056, 4651861 Araucanía, Angol, Araucanía, Chile to Cauquenes, Chile",,2.50403220130874,14.61402596983141,-72.309,-36.032
"Directions from Dilman Bullock 3056, 4651861 Araucanía, Angol, Araucanía, Chile to Cauquenes, Chile",,2.50412439675331,14.97712187248880,-72.309,-36.032
"Directions from Dilman Bullock 3056, 4651861 Araucanía, Angol, Araucanía, Chile to Cauquenes, Chile",,2.50556029368555,18.06858695770568,-72.308,-36.031
"Directions from Dilman Bullock 3056, 4651861 Araucanía, Angol, Araucanía, Chile to Cauquenes, Chile",,2.50686949191347,19.87462445052848,-72.308,-36.029
"Directions from Dilman Bullock 3056, 4651861 Araucanía, Angol, Araucanía, Chile to Cauquenes, Chile",,2.50700877579624,10.51875551313061,-72.308,-36.029
"Directions from Dilman Bullock 3056, 4651861 Araucanía, Angol, Araucanía, Chile to Cauquenes, Chile",,2.50702877579624,8.41070494497502,-72.308,-36.029
"Directions from Dilman Bullock 3056, 4651861 Araucanía, Angol, Araucanía, Chile to Cauquenes, Chile",,2.50792721889405,20.01000020250103,-72.308,-36.028
"Directions from Dilman Bullock 3056, 4651861 Araucanía, Angol, Araucanía, Chile to Cauquenes, Chile",,2.50807953435617,21.55117002599805,-72.307,-36.028
"Directions from Dilman Bullock 3056, 4651861 Araucanía, Angol, Araucanía, Chile to Cauquenes, Chile",,2.50869638117670,21.00659894061517,-72.307,-36.028
"Directions from Dilman Bullock 3056, 4651861 Araucanía, Angol, Araucanía, Chile to Cauquenes, Chile",,2.50973257613905,23.12749515225320,-72.307,-36.027
"Directions from Dilman Bullock 3056, 4651861 Araucanía, Angol, Araucanía, Chile to Cauquenes, Chile",,2.51005038111069,23.14051691873877,-72.307,-36.026
"Directions from Dilman Bullock 3056, 4651861 Araucanía, Angol, Araucanía, Chile to Cauquenes, Chile",,2.51068732694826,18.08586767498673,-72.306,-36.026
"Directions from Dilman Bullock 3056, 4651861 Araucanía, Angol, Araucanía, Chile to Cauquenes, Chile",,2.51072855800452,19.24009912698454,-72.306,-36.026
"Directions from Dilman Bullock 3056, 4651861 Araucanía, Angol, Araucanía, Chile to Cauquenes, Chile",,2.51097021892399,22.64920640993202,-72.306,-36.026
"Directions from Dilman Bullock 3056, 4651861 Araucanía, Angol, Araucanía, Chile to Cauquenes, Chile",,2.51119494097453,23.56433509662199,-72.306,-36.025
"Directions from Dilman Bullock 3056, 4651861 Araucanía, Angol, Araucanía, Chile to Cauquenes, Chile",,2.51207596310819,27.11822217972154,-72.306,-36.025
"Directions from Dilman Bullock 3056, 4651861 Araucanía, Angol, Araucanía, Chile to Cauquenes, Chile",,2.51299302362964,28.91062418480357,-72.305,-36.024
"Directions from Dilman Bullock 3056, 4651861 Araucanía, Angol, Araucanía, Chile to Cauquenes, Chile",,2.51423833483573,25.83021282136298,-72.305,-36.023
"Directions from Dilman Bullock 3056, 4651861 Araucanía, Angol, Araucanía, Chile to Cauquenes, Chile",,2.51429218648380,23.91550083521003,-72.305,-36.023
"Directions from Dilman Bullock 3056, 4651861 Araucanía, Angol, Araucanía, Chile to Cauquenes, Chile",,2.51477072592836,23.00634935689844,-72.305,-36.022
"Directions from Dilman Bullock 3056, 4651861 Araucanía, Angol, Araucanía, Chile to Cauquenes, Chile",,2.51488777292747,22.81205617232901,-72.305,-36.022
"Directions from Dilman Bullock 3056, 4651861 Araucanía, Angol, Araucanía, Chile to Cauquenes, Chile",,2.51516508141995,19.83862464803421,-72.304,-36.022
"Directions from Dilman Bullock 3056, 4651861 Araucanía, Angol, Araucanía, Chile to Cauquenes, Chile",,2.51520631247620,19.52656847570518,-72.304,-36.022
"Directions from Dilman Bullock 3056, 4651861 Araucanía, Angol, Araucanía, Chile to Cauquenes, Chile",,2.51553737138334,22.67001515447331,-72.304,-36.021
"Directions from Dilman Bullock 3056, 4651861 Araucanía, Angol, Araucanía, Chile to Cauquenes, Chile",,2.51582529498432,18.13426636251501,-72.304,-36.021
"Directions from Dilman Bullock 3056, 4651861 Araucanía, Angol, Araucanía, Chile to Cauquenes, Chile",,2.51589809608321,30.47269794738889,-72.304,-36.021
"Directions from Dilman Bullock 3056, 4651861 Araucanía, Angol, Araucanía, Chile to Cauquenes, Chile",,2.51591223821884,30.69477016740634,-72.304,-36.021
"Directions from Dilman Bullock 3056, 4651861 Araucanía, Angol, Araucanía, Chile to Cauquenes, Chile",,2.51608943867031,21.47729576001646,-72.304,-36.021
"Directions from Dilman Bullock 3056, 4651861 Araucanía, Angol, Araucanía, Chile to Cauquenes, Chile",,2.51611179935008,17.34757676520988,-72.304,-36.021
"Directions from Dilman Bullock 3056, 4651861 Araucanía, Angol, Araucanía, Chile to Cauquenes, Chile",,2.51618251002820,12.03774912536559,-72.304,-36.021
"Directions from Dilman Bullock 3056, 4651861 Araucanía, Angol, Araucanía, Chile to Cauquenes, Chile",,2.51625531112710,7.97269795276582,-72.304,-36.021
"Directions from Dilman Bullock 3056, 4651861 Araucanía, Angol, Araucanía, Chile to Cauquenes, Chile",,2.51627531112710,5.65496623466139,-72.304,-36.021
"Directions from Dilman Bullock 3056, 4651861 Araucanía, Angol, Araucanía, Chile to Cauquenes, Chile",,2.51637729151737,8.65946921435672,-72.304,-36.021
"Directions from Dilman Bullock 3056, 4651861 Araucanía, Angol, Araucanía, Chile to Cauquenes, Chile",,2.51675939098086,8.65946921122510,-72.304,-36.020
"Directions from Dilman Bullock 3056, 4651861 Araucanía, Angol, Araucanía, Chile to Cauquenes, Chile",,2.51681038117599,5.65496623152976,-72.304,-36.020
"Directions from Dilman Bullock 3056, 4651861 Araucanía, Angol, Araucanía, Chile to Cauquenes, Chile",,2.51688038117599,1.95024687178748,-72.304,-36.020
"Directions from Dilman Bullock 3056, 4651861 Araucanía, Angol, Araucanía, Chile to Cauquenes, Chile",,2.51732140271742,2.76853539228037,-72.304,-36.020
"Directions from Dilman Bullock 3056, 4651861 Araucanía, Angol, Araucanía, Chile to Cauquenes, Chile",,2.51802168837342,0.81828852049290,-72.304,-36.019
"Directions from Dilman Bullock 3056, 4651861 Araucanía, Angol, Araucanía, Chile to Cauquenes, Chile",,2.51915168837342,0.98746700575526,-72.304,-36.018
"Directions from Dilman Bullock 3056, 4651861 Araucanía, Angol, Araucanía, Chile to Cauquenes, Chile",,2.51944186073599,3.04861591157477,-72.304,-36.018
"Directions from Dilman Bullock 3056, 4651861 Araucanía, Angol, Araucanía, Chile to Cauquenes, Chile",,2.52055473988486,4.94027898823056,-72.304,-36.016
"Directions from Dilman Bullock 3056, 4651861 Araucanía, Angol, Araucanía, Chile to Cauquenes, Chile",,2.52175077500140,4.87458663130822,-72.304,-36.015
"Directions from Dilman Bullock 3056, 4651861 Araucanía, Angol, Araucanía, Chile to Cauquenes, Chile",,2.52218182024265,5.84348241002958,-72.304,-36.015
"Directions from Dilman Bullock 3056, 4651861 Araucanía, Angol, Araucanía, Chile to Cauquenes, Chile",,2.52292854643076,9.67767218782503,-72.304,-36.014
"Directions from Dilman Bullock 3056, 4651861 Araucanía, Angol, Araucanía, Chile to Cauquenes, Chile",,2.52357181931220,8.99974220064053,-72.303,-36.013
"Directions from Dilman Bullock 3056, 4651861 Araucanía, Angol, Araucanía, Chile to Cauquenes, Chile",,2.52366237316358,8.47992351118053,-72.303,-36.013
"Directions from Dilman Bullock 3056, 4651861 Araucanía, Angol, Araucanía, Chile to Cauquenes, Chile",,2.52382516136954,5.30982763723263,-72.303,-36.013
"Directions from Dilman Bullock 3056, 4651861 Araucanía, Angol, Araucanía, Chile to Cauquenes, Chile",,2.52384516136954,6.04737853781098,-72.303,-36.013
"Directions from Dilman Bullock 3056, 4651861 Araucanía, Angol, Araucanía, Chile to Cauquenes, Chile",,2.52398833958017,14.89759243202750,-72.303,-36.013
"Directions from Dilman Bullock 3056, 4651861 Araucanía, Angol, Araucanía, Chile to Cauquenes, Chile",,2.52497505129085,18.39695989444588,-72.303,-36.012
"Directions from Dilman Bullock 3056, 4651861 Araucanía, Angol, Araucanía, Chile to Cauquenes, Chile",,2.52552532395054,23.69712388472654,-72.303,-36.012
"Directions from Dilman Bullock 3056, 4651861 Araucanía, Angol, Araucanía, Chile to Cauquenes, Chile",,2.52567297218114,26.53794816931031,-72.303,-36.011
"Directions from Dilman Bullock 3056, 4651861 Araucanía, Angol, Araucanía, Chile to Cauquenes, Chile",,2.52581615039178,29.23260404571529,-72.303,-36.011
"Directions from Dilman Bullock 3056, 4651861 Araucanía, Angol, Araucanía, Chile to Cauquenes, Chile",,2.52592431693004,31.15026359492200,-72.303,-36.011
"Directions from Dilman Bullock 3056, 4651861 Araucanía, Angol, Araucanía, Chile to Cauquenes, Chile",,2.52604961657091,29.88632117442602,-72.303,-36.011
"Directions from Dilman Bullock 3056, 4651861 Araucanía, Angol, Araucanía, Chile to Cauquenes, Chile",,2.53001125764500,34.01604016169976,-72.301,-36.008
"Directions from Dilman Bullock 3056, 4651861 Araucanía, Angol, Araucanía, Chile to Cauquenes, Chile",,2.53006125764500,33.72456225795891,-72.301,-36.008
"Directions from Dilman Bullock 3056, 4651861 Araucanía, Angol, Araucanía, Chile to Cauquenes, Chile",,2.53057233493858,28.57213902384728,-72.300,-36.007
"Directions from Dilman Bullock 3056, 4651861 Araucanía, Angol, Araucanía, Chile to Cauquenes, Chile",,2.53063941697790,28.87501291666464,-72.300,-36.007
"Directions from Dilman Bullock 3056, 4651861 Araucanía, Angol, Araucanía, Chile to Cauquenes, Chile",,2.53108360162419,26.49319206844711,-72.300,-36.007
"Directions from Dilman Bullock 3056, 4651861 Araucanía, Angol, Araucanía, Chile to Cauquenes, Chile",,2.53113745327226,25.31845516283990,-72.300,-36.007
"Directions from Dilman Bullock 3056, 4651861 Araucanía, Angol, Araucanía, Chile to Cauquenes, Chile",,2.53316939815340,23.63522483737205,-72.299,-36.005
"Directions from Dilman Bullock 3056, 4651861 Araucanía, Angol, Araucanía, Chile to Cauquenes, Chile",,2.53320102093000,23.89635118483179,-72.299,-36.005
"Directions from Dilman Bullock 3056, 4651861 Araucanía, Angol, Araucanía, Chile to Cauquenes, Chile",,2.53338459652751,26.90085416196176,-72.299,-36.005
"Directions from Dilman Bullock 3056, 4651861 Araucanía, Angol, Araucanía, Chile to Cauquenes, Chile",,2.53350542698724,26.17061290632041,-72.299,-36.005
"Directions from Dilman Bullock 3056, 4651861 Araucanía, Angol, Araucanía, Chile to Cauquenes, Chile",,2.53369778082786,26.54919733773942,-72.299,-36.005
"Directions from Dilman Bullock 3056, 4651861 Araucanía, Angol, Araucanía, Chile to Cauquenes, Chile",,2.53388566377014,23.84027902142374,-72.299,-36.004
"Directions from Dilman Bullock 3056, 4651861 Araucanía, Angol, Araucanía, Chile to Cauquenes, Chile",,2.53419951086667,19.21241514945554,-72.299,-36.004
"Directions from Dilman Bullock 3056, 4651861 Araucanía, Angol, Araucanía, Chile to Cauquenes, Chile",,2.53434511306446,13.28252558754043,-72.299,-36.004
"Directions from Dilman Bullock 3056, 4651861 Araucanía, Angol, Araucanía, Chile to Cauquenes, Chile",,2.53450790127042,5.30982763746306,-72.299,-36.004
"Directions from Dilman Bullock 3056, 4651861 Araucanía, Angol, Araucanía, Chile to Cauquenes, Chile",,2.53463790127042,353.50269160495657,-72.299,-36.004
"Directions from Dilman Bullock 3056, 4651861 Araucanía, Angol, Araucanía, Chile to Cauquenes, Chile",,2.53477131791106,338.02081333787208,-72.299,-36.004
"Directions from Dilman Bullock 3056, 4651861 Araucanía, Angol, Araucanía, Chile to Cauquenes, Chile",,2.53500455598686,322.19829476466708,-72.299,-36.003
"Directions from Dilman Bullock 3056, 4651861 Araucanía, Angol, Araucanía, Chile to Cauquenes, Chile",,2.53725320002271,324.39764743914145,-72.300,-36.002
"Directions from Dilman Bullock 3056, 4651861 Araucanía, Angol, Araucanía, Chile to Cauquenes, Chile",,2.53727556070248,324.80204407144532,-72.300,-36.002
"Directions from Dilman Bullock 3056, 4651861 Araucanía, Angol, Araucanía, Chile to Cauquenes, Chile",,2.53900833304760,316.55421804963538,-72.302,-36.000
"Directions from Dilman Bullock 3056, 4651861 Araucanía, Angol, Araucanía, Chile to Cauquenes, Chile",,2.54214261127392,316.52146592113399,-72.304,-35.998
"Directions from Dilman Bullock 3056, 4651861 Araucanía, Angol, Araucanía, Chile to Cauquenes, Chile",,2.54618094013621,319.61686871670315,-72.306,-35.995
"Directions from Dilman Bullock 3056, 4651861 Araucanía, Angol, Araucanía, Chile to Cauquenes, Chile",,2.54623094013621,320.01962739726321,-72.306,-35.995
"Directions from Dilman Bullock 3056, 4651861 Araucanía, Angol, Araucanía, Chile to Cauquenes, Chile",,2.54665543984175,318.55179066898040,-72.307,-35.995
"Directions from Dilman Bullock 3056, 4651861 Araucanía, Angol, Araucanía, Chile to Cauquenes, Chile",,2.54673354233851,311.94224821742199,-72.307,-35.995
"Directions from Dilman Bullock 3056, 4651861 Araucanía, Angol, Araucanía, Chile to Cauquenes, Chile",,2.54676959785126,318.56250817194558,-72.307,-35.995
"Directions from Dilman Bullock 3056, 4651861 Araucanía, Angol, Araucanía, Chile to Cauquenes, Chile",,2.54681431921081,329.46321291458162,-72.307,-35.995
"Directions from Dilman Bullock 3056, 4651861 Araucanía, Angol, Araucanía, Chile to Cauquenes, Chile",,2.54700848408920,327.61751992426690,-72.307,-35.995
"Directions from Dilman Bullock 3056, 4651861 Araucanía, Angol, Araucanía, Chile to Cauquenes, Chile",,2.54714740852910,335.65430700866750,-72.307,-35.994
"Directions from Dilman Bullock 3056, 4651861 Araucanía, Angol, Araucanía, Chile to Cauquenes, Chile",,2.54721065408230,337.49999999898222,-72.307,-35.994
"Directions from Dilman Bullock 3056, 4651861 Araucanía, Angol, Araucanía, Chile to Cauquenes, Chile",,2.54725537544185,339.93225721538096,-72.307,-35.994
"Directions from Dilman Bullock 3056, 4651861 Araucanía, Angol, Araucanía, Chile to Cauquenes, Chile",,2.54755370411965,347.55981657082435,-72.307,-35.994
"Directions from Dilman Bullock 3056, 4651861 Araucanía, Angol, Araucanía, Chile to Cauquenes, Chile",,2.54780865509533,346.52391053492357,-72.307,-35.994
"Directions from Dilman Bullock 3056, 4651861 Araucanía, Angol, Araucanía, Chile to Cauquenes, Chile",,2.54806827019505,342.96140236113814,-72.307,-35.994
"Directions from Dilman Bullock 3056, 4651861 Araucanía, Angol, Araucanía, Chile to Cauquenes, Chile",,2.54819476130146,350.78252558904785,-72.307,-35.993
"Directions from Dilman Bullock 3056, 4651861 Araucanía, Angol, Araucanía, Chile to Cauquenes, Chile",,2.54820476130145,345.47269795007736,-72.307,-35.993
"Directions from Dilman Bullock 3056, 4651861 Araucanía, Angol, Araucanía, Chile to Cauquenes, Chile",,2.54830771760287,325.56991240461218,-72.307,-35.993
"Directions from Dilman Bullock 3056, 4651861 Araucanía, Angol, Araucanía, Chile to Cauquenes, Chile",,2.54838582009963,317.59721445162688,-72.307,-35.993
"Directions from Dilman Bullock 3056, 4651861 Araucanía, Angol, Araucanía, Chile to Cauquenes, Chile",,2.54848481504900,307.37244064838160,-72.308,-35.993
"Directions from Dilman Bullock 3056, 4651861 Araucanía, Angol, Araucanía, Chile to Cauquenes, Chile",,2.54856543762648,297.65242323704490,-72.308,-35.993
"Directions from Dilman Bullock 3056, 4651861 Araucanía, Angol, Araucanía, Chile to Cauquenes, Chile",,2.54882038860216,292.32672858610567,-72.308,-35.993
"Directions from Dilman Bullock 3056, 4651861 Araucanía, Angol, Araucanía, Chile to Cauquenes, Chile",,2.54909552493200,291.14604125664800,-72.308,-35.993
"Directions from Dilman Bullock 3056, 4651861 Araucanía, Angol, Araucanía, Chile to Cauquenes, Chile",,2.54924784039412,281.59929525629764,-72.308,-35.993
"Directions from Dilman Bullock 3056, 4651861 Araucanía, Angol, Araucanía, Chile to Cauquenes, Chile",,2.54925784039412,279.82691202921086,-72.308,-35.993
"Directions from Dilman Bullock 3056, 4651861 Araucanía, Angol, Araucanía, Chile to Cauquenes, Chile",,2.54940650108160,291.64160089507322,-72.308,-35.993
"Directions from Dilman Bullock 3056, 4651861 Araucanía, Angol, Araucanía, Chile to Cauquenes, Chile",,2.54958114357356,290.16431098136513,-72.309,-35.993
"Directions from Dilman Bullock 3056, 4651861 Araucanía, Angol, Araucanía, Chile to Cauquenes, Chile",,2.54968554663865,300.84962211550283,-72.309,-35.993
"Directions from Dilman Bullock 3056, 4651861 Araucanía, Angol, Araucanía, Chile to Cauquenes, Chile",,2.54969968877428,303.80993247474288,-72.309,-35.993
"Directions from Dilman Bullock 3056, 4651861 Araucanía, Angol, Araucanía, Chile to Cauquenes, Chile",,2.54982968877427,294.59245806056776,-72.309,-35.993
"Directions from Dilman Bullock 3056, 4651861 Araucanía, Angol, Araucanía, Chile to Cauquenes, Chile",,2.54989677081360,290.30064732218290,-72.309,-35.993
"Directions from Dilman Bullock 3056, 4651861 Araucanía, Angol, Araucanía, Chile to Cauquenes, Chile",,2.54993800186986,290.30064732489700,-72.309,-35.993
"Directions from Dilman Bullock 3056, 4651861 Araucanía, Angol, Araucanía, Chile to Cauquenes, Chile",,2.55007216594850,300.39037665540360,-72.309,-35.993
"Directions from Dilman Bullock 3056, 4651861 Araucanía, Angol, Araucanía, Chile to Cauquenes, Chile",,2.55037449027765,308.24469556852983,-72.309,-35.992
"Directions from Dilman Bullock 3056, 4651861 Araucanía, Angol, Araucanía, Chile to Cauquenes, Chile",,2.55052315096513,309.57179332621570,-72.309,-35.992
"Directions from Dilman Bullock 3056, 4651861 Araucanía, Angol, Araucanía, Chile to Cauquenes, Chile",,2.55057315096513,311.31689805486349,-72.309,-35.992
"Directions from Dilman Bullock 3056, 4651861 Araucanía, Angol, Araucanía, Chile to Cauquenes, Chile",,2.55110352818938,337.88194923031301,-72.310,-35.992
"Directions from Dilman Bullock 3056, 4651861 Araucanía, Angol, Araucanía, Chile to Cauquenes, Chile",,2.55111352818938,338.02081333816648,-72.310,-35.992
"Directions from Dilman Bullock 3056, 4651861 Araucanía, Angol, Araucanía, Chile to Cauquenes, Chile",,2.55150250119615,315.19154174951370,-72.310,-35.992
"Directions from Dilman Bullock 3056, 4651861 Araucanía, Angol, Araucanía, Chile to Cauquenes, Chile",,2.55211772473276,309.01576217590303,-72.310,-35.991
"Directions from Dilman Bullock 3056, 4651861 Araucanía, Angol, Araucanía, Chile to Cauquenes, Chile",,2.55215378024551,309.34503376431337,-72.310,-35.991
"Directions from Dilman Bullock 3056, 4651861 Araucanía, Angol, Araucanía, Chile to Cauquenes, Chile",,2.55274774994171,313.99522309310623,-72.311,-35.991
"Directions from Dilman Bullock 3056, 4651861 Araucanía, Angol, Araucanía, Chile to Cauquenes, Chile",,2.55355434773492,313.99522309334861,-72.311,-35.990
"Directions from Dilman Bullock 3056, 4651861 Araucanía, Angol, Araucanía, Chile to Cauquenes, Chile",,2.55552010458662,318.17009587394796,-72.313,-35.989
"Directions from Dilman Bullock 3056, 4651861 Araucanía, Angol, Araucanía, Chile to Cauquenes, Chile",,2.55571219831374,323.17408577535161,-72.313,-35.989
"Directions from Dilman Bullock 3056, 4651861 Araucanía, Angol, Araucanía, Chile to Cauquenes, Chile",,2.55583426386989,326.91150257192101,-72.313,-35.989
"Directions from Dilman Bullock 3056, 4651861 Araucanía, Angol, Araucanía, Chile to Cauquenes, Chile",,2.55627844851618,330.93774863842560,-72.313,-35.988
"Directions from Dilman Bullock 3056, 4651861 Araucanía, Angol, Araucanía, Chile to Cauquenes, Chile",,2.55764695134776,299.84700563563189,-72.314,-35.987
"Directions from Dilman Bullock 3056, 4651861 Araucanía, Angol, Araucanía, Chile to Cauquenes, Chile",,2.55781724521141,280.26158192824073,-72.314,-35.987
"Directions from Dilman Bullock 3056, 4651861 Araucanía, Angol, Araucanía, Chile to Cauquenes, Chile",,2.56260765229223,344.17151257153051,-72.318,-35.985
"Directions from Dilman Bullock 3056, 4651861 Araucanía, Angol, Araucanía, Chile to Cauquenes, Chile",,2.56635498467675,29.52175889408238,-72.316,-35.982
"Directions from Dilman Bullock 3056, 4651861 Araucanía, Angol, Araucanía, Chile to Cauquenes, Chile",,2.56700382980465,26.82236063299164,-72.316,-35.981
"Directions from Dilman Bullock 3056, 4651861 Araucanía, Angol, Araucanía, Chile to Cauquenes, Chile",,2.56710678610606,30.76289819426924,-72.316,-35.981
"Directions from Dilman Bullock 3056, 4651861 Araucanía, Angol, Araucanía, Chile to Cauquenes, Chile",,2.56736755420226,65.30064732122104,-72.316,-35.981
"Directions from Dilman Bullock 3056, 4651861 Araucanía, Angol, Araucanía, Chile to Cauquenes, Chile",,2.56765039691474,62.34757676541344,-72.316,-35.981
"Directions from Dilman Bullock 3056, 4651861 Araucanía, Angol, Araucanía, Chile to Cauquenes, Chile",,2.56776220031362,21.25522354207294,-72.316,-35.981
"Directions from Dilman Bullock 3056, 4651861 Araucanía, Angol, Araucanía, Chile to Cauquenes, Chile",,2.56783500141250,7.97269795353395,-72.316,-35.981
"Directions from Dilman Bullock 3056, 4651861 Araucanía, Angol, Araucanía, Chile to Cauquenes, Chile",,2.56792500141250,352.98187826483934,-72.316,-35.981
"Directions from Dilman Bullock 3056, 4651861 Araucanía, Angol, Araucanía, Chile to Cauquenes, Chile",,2.56796623246877,352.98187826483934,-72.316,-35.981
"Directions from Dilman Bullock 3056, 4651861 Araucanía, Angol, Araucanía, Chile to Cauquenes, Chile",,2.56799623246876,352.37244064956712,-72.316,-35.981
"Directions from Dilman Bullock 3056, 4651861 Araucanía, Angol, Araucanía, Chile to Cauquenes, Chile",,2.56811025001127,359.39056238323110,-72.316,-35.981
"Directions from Dilman Bullock 3056, 4651861 Araucanía, Angol, Araucanía, Chile to Cauquenes, Chile",,2.56827517423630,10.69431141344339,-72.316,-35.981
"Directions from Dilman Bullock 3056, 4651861 Araucanía, Angol, Araucanía, Chile to Cauquenes, Chile",,2.56890031422062,4.06860198140149,-72.315,-35.980
"Directions from Dilman Bullock 3056, 4651861 Araucanía, Angol, Araucanía, Chile to Cauquenes, Chile",,2.56963038271056,357.33466051747826,-72.315,-35.979
"Directions from Dilman Bullock 3056, 4651861 Araucanía, Angol, Araucanía, Chile to Cauquenes, Chile",,2.56991198526736,356.94224821585618,-72.315,-35.979
"Directions from Dilman Bullock 3056, 4651861 Araucanía, Angol, Araucanía, Chile to Cauquenes, Chile",,2.56997198526737,355.26883889763764,-72.315,-35.979
"Directions from Dilman Bullock 3056, 4651861 Araucanía, Angol, Araucanía, Chile to Cauquenes, Chile",,2.57009364051797,355.26883889763764,-72.315,-35.979
"Directions from Dilman Bullock 3056, 4651861 Araucanía, Angol, Araucanía, Chile to Cauquenes, Chile",,2.57016364051797,356.82990412605210,-72.315,-35.979
"Directions from Dilman Bullock 3056, 4651861 Araucanía, Angol, Araucanía, Chile to Cauquenes, Chile",,2.57034474822073,356.82990412605210,-72.316,-35.978
"Directions from Dilman Bullock 3056, 4651861 Araucanía, Angol, Araucanía, Chile to Cauquenes, Chile",,2.57052474822073,1.67016103990333,-72.316,-35.978
"Directions from Dilman Bullock 3056, 4651861 Araucanía, Angol, Araucanía, Chile to Cauquenes, Chile",,2.57567349564123,7.93456489368083,-72.315,-35.973
"Directions from Dilman Bullock 3056, 4651861 Araucanía, Angol, Araucanía, Chile to Cauquenes, Chile",,2.57595008197494,14.02645935238793,-72.315,-35.973
"Directions from Dilman Bullock 3056, 4651861 Araucanía, Angol, Araucanía, Chile to Cauquenes, Chile",,2.57632371280878,16.97952990956254,-72.315,-35.973
"Directions from Dilman Bullock 3056, 4651861 Araucanía, Angol, Araucanía, Chile to Cauquenes, Chile",,2.57645020391519,12.14548120353415,-72.315,-35.972
"Directions from Dilman Bullock 3056, 4651861 Araucanía, Angol, Araucanía, Chile to Cauquenes, Chile",,2.57684224983087,2.92800679258204,-72.315,-35.972
"Directions from Dilman Bullock 3056, 4651861 Araucanía, Angol, Araucanía, Chile to Cauquenes, Chile",,2.57740224983087,1.34188757984854,-72.315,-35.971
"Directions from Dilman Bullock 3056, 4651861 Araucanía, Angol, Araucanía, Chile to Cauquenes, Chile",,2.57868365530924,3.67531676546697,-72.315,-35.970
"Directions from Dilman Bullock 3056, 4651861 Araucanía, Angol, Araucanía, Chile to Cauquenes, Chile",,2.57966691519351,3.78131017233727,-72.315,-35.969
"Directions from Dilman Bullock 3056, 4651861 Araucanía, Angol, Araucanía, Chile to Cauquenes, Chile",,2.58224020103072,2.89576197343768,-72.315,-35.967
