Name,altitudeMode,distance,angle,X,Y
"Directions from Neltume, Panguipulli, Chile to San Martín de los Andes, Neuquén Province",,0.00000000000000,88.35801276237078,-71.948,-39.851
"Directions from Neltume, Panguipulli, Chile to San Martín de los Andes, Neuquén Province",,0.00907372580586,89.69981971898184,-71.939,-39.851
"Directions from Neltume, Panguipulli, Chile to San Martín de los Andes, Neuquén Province",,0.00962381670744,86.95830516350212,-71.938,-39.851
"Directions from Neltume, Panguipulli, Chile to San Martín de los Andes, Neuquén Province",,0.00994630701737,86.43749182570568,-71.938,-39.851
"Directions from Neltume, Panguipulli, Chile to San Martín de los Andes, Neuquén Province",,0.01041630701737,93.05775178315980,-71.938,-39.851
"Directions from Neltume, Panguipulli, Chile to San Martín de los Andes, Neuquén Province",,0.01126111468778,97.12280296015638,-71.937,-39.851
"Directions from Neltume, Panguipulli, Chile to San Martín de los Andes, Neuquén Province",,0.01232177485957,97.31372990919473,-71.936,-39.851
"Directions from Neltume, Panguipulli, Chile to San Martín de los Andes, Neuquén Province",,0.01594504686151,95.98116244649250,-71.932,-39.851
"Directions from Neltume, Panguipulli, Chile to San Martín de los Andes, Neuquén Province",,0.02035509221275,94.29709784359038,-71.928,-39.852
"Directions from Neltume, Panguipulli, Chile to San Martín de los Andes, Neuquén Province",,0.02475164768265,100.78208854075702,-71.923,-39.852
"Directions from Neltume, Panguipulli, Chile to San Martín de los Andes, Neuquén Province",,0.02478327045926,100.80738947076679,-71.923,-39.852
"Directions from Neltume, Panguipulli, Chile to San Martín de los Andes, Neuquén Province",,0.02496354802303,104.87244065598701,-71.923,-39.852
"Directions from Neltume, Panguipulli, Chile to San Martín de los Andes, Neuquén Province",,0.02498590870280,103.28252559668123,-71.923,-39.852
"Directions from Neltume, Panguipulli, Chile to San Martín de los Andes, Neuquén Province",,0.02501590870281,94.73116110423285,-71.923,-39.852
"Directions from Neltume, Panguipulli, Chile to San Martín de los Andes, Neuquén Province",,0.02532004682932,97.58645767278112,-71.923,-39.852
"Directions from Neltume, Panguipulli, Chile to San Martín de los Andes, Neuquén Province",,0.02552104434175,99.87341830251152,-71.923,-39.852
"Directions from Neltume, Panguipulli, Chile to San Martín de los Andes, Neuquén Province",,0.02568596856677,100.18821760791114,-71.922,-39.852
"Directions from Neltume, Panguipulli, Chile to San Martín de los Andes, Neuquén Province",,0.02577652241815,101.59929525738906,-71.922,-39.852
"Directions from Neltume, Panguipulli, Chile to San Martín de los Andes, Neuquén Province",,0.02612134121115,111.71172498012236,-71.922,-39.852
"Directions from Neltume, Panguipulli, Chile to San Martín de los Andes, Neuquén Province",,0.02614370189092,112.87202960917466,-71.922,-39.852
"Directions from Neltume, Panguipulli, Chile to San Martín de los Andes, Neuquén Province",,0.02638721780416,113.35211688451803,-71.922,-39.852
"Directions from Neltume, Panguipulli, Chile to San Martín de los Andes, Neuquén Province",,0.02718784256021,112.98008728246782,-71.921,-39.853
"Directions from Neltume, Panguipulli, Chile to San Martín de los Andes, Neuquén Province",,0.02725108811341,111.34811983654453,-71.921,-39.853
"Directions from Neltume, Panguipulli, Chile to San Martín de los Andes, Neuquén Province",,0.02802986921231,116.57393630994632,-71.920,-39.853
"Directions from Neltume, Panguipulli, Chile to San Martín de los Andes, Neuquén Province",,0.02836107911553,126.94329088384502,-71.920,-39.853
"Directions from Neltume, Panguipulli, Chile to San Martín de los Andes, Neuquén Province",,0.02837522125116,126.17493788959575,-71.920,-39.853
"Directions from Neltume, Panguipulli, Chile to San Martín de los Andes, Neuquén Province",,0.02870171780551,120.12755935123865,-71.920,-39.853
"Directions from Neltume, Panguipulli, Chile to San Martín de los Andes, Neuquén Province",,0.02910668694013,125.78252558831559,-71.919,-39.854
"Directions from Neltume, Panguipulli, Chile to San Martín de los Andes, Neuquén Province",,0.02936281190964,133.33629787880935,-71.919,-39.854
"Directions from Neltume, Panguipulli, Chile to San Martín de los Andes, Neuquén Province",,0.03003549311199,143.15567891770246,-71.919,-39.854
"Directions from Neltume, Panguipulli, Chile to San Martín de los Andes, Neuquén Province",,0.03043511793605,151.32878225357200,-71.918,-39.855
"Directions from Neltume, Panguipulli, Chile to San Martín de los Andes, Neuquén Province",,0.03071242642852,157.28005891077254,-71.918,-39.855
"Directions from Neltume, Panguipulli, Chile to San Martín de los Andes, Neuquén Province",,0.03150954624386,170.10056182276637,-71.918,-39.856
"Directions from Neltume, Panguipulli, Chile to San Martín de los Andes, Neuquén Province",,0.03151954624386,170.10056182263665,-71.918,-39.856
"Directions from Neltume, Panguipulli, Chile to San Martín de los Andes, Neuquén Province",,0.03205095945408,170.10056182263665,-71.918,-39.856
"Directions from Neltume, Panguipulli, Chile to San Martín de los Andes, Neuquén Province",,0.03207095945408,168.80993247311685,-71.918,-39.856
"Directions from Neltume, Panguipulli, Chile to San Martín de los Andes, Neuquén Province",,0.03225480721719,159.05870821986429,-71.918,-39.856
"Directions from Neltume, Panguipulli, Chile to San Martín de los Andes, Neuquén Province",,0.03276402229945,156.96625016227949,-71.918,-39.857
"Directions from Neltume, Panguipulli, Chile to San Martín de los Andes, Neuquén Province",,0.03280874365899,158.95541891692167,-71.918,-39.857
"Directions from Neltume, Panguipulli, Chile to San Martín de los Andes, Neuquén Province",,0.03318237449284,163.18606298430629,-71.918,-39.857
"Directions from Neltume, Panguipulli, Chile to San Martín de los Andes, Neuquén Province",,0.03372945766750,125.94811848291673,-71.917,-39.858
"Directions from Neltume, Panguipulli, Chile to San Martín de los Andes, Neuquén Province",,0.03373945766751,126.27640578798083,-71.917,-39.858
"Directions from Neltume, Panguipulli, Chile to San Martín de los Andes, Neuquén Province",,0.03410633639407,161.56867306009059,-71.917,-39.858
"Directions from Neltume, Panguipulli, Chile to San Martín de los Andes, Neuquén Province",,0.03539989737059,159.39156252865305,-71.917,-39.859
"Directions from Neltume, Panguipulli, Chile to San Martín de los Andes, Neuquén Province",,0.03593841385131,159.54828998043629,-71.917,-39.860
"Directions from Neltume, Panguipulli, Chile to San Martín de los Andes, Neuquén Province",,0.04082762646685,159.58409982422211,-71.915,-39.864
"Directions from Neltume, Panguipulli, Chile to San Martín de los Andes, Neuquén Province",,0.04231319033287,159.39681735106495,-71.914,-39.866
"Directions from Neltume, Panguipulli, Chile to San Martín de los Andes, Neuquén Province",,0.04318296041743,163.24359051437781,-71.914,-39.867
"Directions from Neltume, Panguipulli, Chile to San Martín de los Andes, Neuquén Province",,0.04322419147368,161.63498079108433,-71.914,-39.867
"Directions from Neltume, Panguipulli, Chile to San Martín de los Andes, Neuquén Province",,0.04382034581612,158.58495081351103,-71.914,-39.867
"Directions from Neltume, Panguipulli, Chile to San Martín de los Andes, Neuquén Province",,0.04477893853463,160.80306674833864,-71.914,-39.868
"Directions from Neltume, Panguipulli, Chile to San Martín de los Andes, Neuquén Province",,0.04580035911402,165.21625222369411,-71.913,-39.869
"Directions from Neltume, Panguipulli, Chile to San Martín de los Andes, Neuquén Province",,0.04585134930916,163.71978100873062,-71.913,-39.869
"Directions from Neltume, Panguipulli, Chile to San Martín de los Andes, Neuquén Province",,0.04604448138832,161.16009652146286,-71.913,-39.869
"Directions from Neltume, Panguipulli, Chile to San Martín de los Andes, Neuquén Province",,0.04685768492987,162.19584526104504,-71.913,-39.870
"Directions from Neltume, Panguipulli, Chile to San Martín de los Andes, Neuquén Province",,0.04831878040930,157.12797041056302,-71.913,-39.871
"Directions from Neltume, Panguipulli, Chile to San Martín de los Andes, Neuquén Province",,0.04834114108907,157.17072842344498,-71.912,-39.871
"Directions from Neltume, Panguipulli, Chile to San Martín de los Andes, Neuquén Province",,0.04889141374876,157.17072840716054,-71.912,-39.872
"Directions from Neltume, Panguipulli, Chile to San Martín de los Andes, Neuquén Province",,0.04891377442853,157.71539360455210,-71.912,-39.872
"Directions from Neltume, Panguipulli, Chile to San Martín de los Andes, Neuquén Province",,0.05017555887923,159.39862393937298,-71.912,-39.873
"Directions from Neltume, Panguipulli, Chile to San Martín de los Andes, Neuquén Province",,0.05048018980346,159.39862393939791,-71.912,-39.873
"Directions from Neltume, Panguipulli, Chile to San Martín de los Andes, Neuquén Province",,0.05132137943726,160.09721445307537,-71.912,-39.874
"Directions from Neltume, Panguipulli, Chile to San Martín de los Andes, Neuquén Province",,0.05148293438147,160.15994695885007,-71.911,-39.874
"Directions from Neltume, Panguipulli, Chile to San Martín de los Andes, Neuquén Province",,0.05180866433096,158.67308141861207,-71.911,-39.875
"Directions from Neltume, Panguipulli, Chile to San Martín de los Andes, Neuquén Province",,0.05223819896287,145.11242971056134,-71.911,-39.875
"Directions from Neltume, Panguipulli, Chile to San Martín de los Andes, Neuquén Province",,0.05226648323412,139.64665429428197,-71.911,-39.875
"Directions from Neltume, Panguipulli, Chile to San Martín de los Andes, Neuquén Province",,0.05266056444402,141.07785691235060,-71.911,-39.875
"Directions from Neltume, Panguipulli, Chile to San Martín de los Andes, Neuquén Province",,0.05294376048919,132.82817411230400,-71.911,-39.876
"Directions from Neltume, Panguipulli, Chile to San Martín de los Andes, Neuquén Province",,0.05356384112911,125.93556913972787,-71.910,-39.876
"Directions from Neltume, Panguipulli, Chile to San Martín de los Andes, Neuquén Province",,0.05397432864414,121.48188852368273,-71.910,-39.876
"Directions from Neltume, Panguipulli, Chile to San Martín de los Andes, Neuquén Province",,0.05463674845061,115.88856671157389,-71.909,-39.877
"Directions from Neltume, Panguipulli, Chile to San Martín de los Andes, Neuquén Province",,0.05512521544028,109.15635648757419,-71.909,-39.877
"Directions from Neltume, Panguipulli, Chile to San Martín de los Andes, Neuquén Province",,0.05542604761940,102.77341648707895,-71.909,-39.877
"Directions from Neltume, Panguipulli, Chile to San Martín de los Andes, Neuquén Province",,0.05571047687247,98.51794938712771,-71.908,-39.877
"Directions from Neltume, Panguipulli, Chile to San Martín de los Andes, Neuquén Province",,0.05604289227525,93.45561355932811,-71.908,-39.877
"Directions from Neltume, Panguipulli, Chile to San Martín de los Andes, Neuquén Province",,0.05638289227524,87.80064732256211,-71.908,-39.877
"Directions from Neltume, Panguipulli, Chile to San Martín de los Andes, Neuquén Province",,0.05664366037145,82.86774385124401,-71.907,-39.877
"Directions from Neltume, Panguipulli, Chile to San Martín de los Andes, Neuquén Province",,0.05687711272205,76.04995374517672,-71.907,-39.877
"Directions from Neltume, Panguipulli, Chile to San Martín de los Andes, Neuquén Province",,0.05732932948424,74.48554882145140,-71.907,-39.877
"Directions from Neltume, Panguipulli, Chile to San Martín de los Andes, Neuquén Province",,0.05746274612488,73.74475510018702,-71.907,-39.877
"Directions from Neltume, Panguipulli, Chile to San Martín de los Andes, Neuquén Province",,0.05913905158631,71.26398091871170,-71.905,-39.876
"Directions from Neltume, Panguipulli, Chile to San Martín de los Andes, Neuquén Province",,0.06027434890419,70.59468840396424,-71.904,-39.876
"Directions from Neltume, Panguipulli, Chile to San Martín de los Andes, Neuquén Province",,0.06117323710636,71.94521162832768,-71.903,-39.875
"Directions from Neltume, Panguipulli, Chile to San Martín de los Andes, Neuquén Province",,0.06140127219138,73.26120019845118,-71.903,-39.875
"Directions from Neltume, Panguipulli, Chile to San Martín de los Andes, Neuquén Province",,0.06395957240831,70.46153053162338,-71.900,-39.875
"Directions from Neltume, Panguipulli, Chile to San Martín de los Andes, Neuquén Province",,0.06418429445886,70.41225054963978,-71.900,-39.875
"Directions from Neltume, Panguipulli, Chile to San Martín de los Andes, Neuquén Province",,0.06577492326534,74.73924520469092,-71.899,-39.874
"Directions from Neltume, Panguipulli, Chile to San Martín de los Andes, Neuquén Province",,0.06615347312996,80.62662024468028,-71.898,-39.874
"Directions from Neltume, Panguipulli, Chile to San Martín de los Andes, Neuquén Province",,0.06676747638727,84.93868742063826,-71.898,-39.874
"Directions from Neltume, Panguipulli, Chile to San Martín de los Andes, Neuquén Province",,0.06692778858270,87.98802572652377,-71.898,-39.874
"Directions from Neltume, Panguipulli, Chile to San Martín de los Andes, Neuquén Province",,0.06820782764460,90.17222146060953,-71.896,-39.874
"Directions from Neltume, Panguipulli, Chile to San Martín de los Andes, Neuquén Province",,0.07037803500797,92.99324300098039,-71.894,-39.874
"Directions from Neltume, Panguipulli, Chile to San Martín de los Andes, Neuquén Province",,0.07048848861813,92.38182084637278,-71.894,-39.874
"Directions from Neltume, Panguipulli, Chile to San Martín de los Andes, Neuquén Province",,0.07314856380505,90.60289491199723,-71.891,-39.874
"Directions from Neltume, Panguipulli, Chile to San Martín de los Andes, Neuquén Province",,0.07349870663305,87.25578034729466,-71.891,-39.874
"Directions from Neltume, Panguipulli, Chile to San Martín de los Andes, Neuquén Province",,0.07357932921052,79.41937009044372,-71.891,-39.874
"Directions from Neltume, Panguipulli, Chile to San Martín de los Andes, Neuquén Province",,0.07362056026678,82.98187826364200,-71.891,-39.874
"Directions from Neltume, Panguipulli, Chile to San Martín de los Andes, Neuquén Province",,0.07364056026679,67.49999997964444,-71.891,-39.874
"Directions from Neltume, Panguipulli, Chile to San Martín de los Andes, Neuquén Province",,0.07365470240240,39.34503374367821,-71.891,-39.874
"Directions from Neltume, Panguipulli, Chile to San Martín de los Andes, Neuquén Province",,0.07376286894067,28.82627825132287,-71.891,-39.874
"Directions from Neltume, Panguipulli, Chile to San Martín de los Andes, Neuquén Province",,0.07395984609670,17.63621072498422,-71.891,-39.874
"Directions from Neltume, Panguipulli, Chile to San Martín de los Andes, Neuquén Province",,0.07436776765780,14.08416562130749,-71.891,-39.873
"Directions from Neltume, Panguipulli, Chile to San Martín de los Andes, Neuquén Province",,0.07505740524377,21.71172497181208,-71.890,-39.873
"Directions from Neltume, Panguipulli, Chile to San Martín de los Andes, Neuquén Province",,0.07532573340107,32.82945503184134,-71.890,-39.872
"Directions from Neltume, Panguipulli, Chile to San Martín de los Andes, Neuquén Province",,0.07573804396364,72.74169961049692,-71.890,-39.872
"Directions from Neltume, Panguipulli, Chile to San Martín de los Andes, Neuquén Province",,0.07609244486657,104.13909918685827,-71.890,-39.872
"Directions from Neltume, Panguipulli, Chile to San Martín de los Andes, Neuquén Province",,0.07648077462335,95.94432902000295,-71.889,-39.872
"Directions from Neltume, Panguipulli, Chile to San Martín de los Andes, Neuquén Province",,0.07651077462335,85.26883889488690,-71.889,-39.872
"Directions from Neltume, Panguipulli, Chile to San Martín de los Andes, Neuquén Province",,0.07657160224866,85.26883889488690,-71.889,-39.872
"Directions from Neltume, Panguipulli, Chile to San Martín de los Andes, Neuquén Province",,0.07671160224864,82.98187826843154,-71.889,-39.872
"Directions from Neltume, Panguipulli, Chile to San Martín de los Andes, Neuquén Province",,0.07675283330490,72.70385565850036,-71.889,-39.872
"Directions from Neltume, Panguipulli, Chile to San Martín de los Andes, Neuquén Province",,0.07743635360453,91.31823694808632,-71.888,-39.872
"Directions from Neltume, Panguipulli, Chile to San Martín de los Andes, Neuquén Province",,0.10221912988161,113.55310902732175,-71.866,-39.882
"Directions from Neltume, Panguipulli, Chile to San Martín de los Andes, Neuquén Province",,0.10579619571830,108.87719721496281,-71.862,-39.883
"Directions from Neltume, Panguipulli, Chile to San Martín de los Andes, Neuquén Province",,0.10650682923848,93.35783957136420,-71.862,-39.883
"Directions from Neltume, Panguipulli, Chile to San Martín de los Andes, Neuquén Province",,0.10682931954842,84.59179883254332,-71.861,-39.883
"Directions from Neltume, Panguipulli, Chile to San Martín de los Andes, Neuquén Province",,0.10713996403976,83.15031710602588,-71.861,-39.883
"Directions from Neltume, Panguipulli, Chile to San Martín de los Andes, Neuquén Province",,0.10765784433480,82.06800330665919,-71.861,-39.883
"Directions from Neltume, Panguipulli, Chile to San Martín de los Andes, Neuquén Province",,0.10804989025049,79.00820529426744,-71.860,-39.883
"Directions from Neltume, Panguipulli, Chile to San Martín de los Andes, Neuquén Province",,0.10891389256529,74.83404397691503,-71.859,-39.883
"Directions from Neltume, Panguipulli, Chile to San Martín de los Andes, Neuquén Province",,0.12627466731759,77.42080056797018,-71.843,-39.879
"Directions from Neltume, Panguipulli, Chile to San Martín de los Andes, Neuquén Province",,0.12659042038566,85.95417129100906,-71.842,-39.879
"Directions from Neltume, Panguipulli, Chile to San Martín de los Andes, Neuquén Province",,0.12719116991750,94.93183639197296,-71.842,-39.879
"Directions from Neltume, Panguipulli, Chile to San Martín de los Andes, Neuquén Province",,0.12776545207812,100.06764493203517,-71.841,-39.879
"Directions from Neltume, Panguipulli, Chile to San Martín de los Andes, Neuquén Province",,0.12838156895015,104.78166187889398,-71.840,-39.879
"Directions from Neltume, Panguipulli, Chile to San Martín de los Andes, Neuquén Province",,0.12919477249170,110.39587723331842,-71.840,-39.879
"Directions from Neltume, Panguipulli, Chile to San Martín de los Andes, Neuquén Province",,0.12977658002002,117.19786672572359,-71.839,-39.879
"Directions from Neltume, Panguipulli, Chile to San Martín de los Andes, Neuquén Province",,0.13051583640314,126.80059212589867,-71.838,-39.880
"Directions from Neltume, Panguipulli, Chile to San Martín de los Andes, Neuquén Province",,0.13164756075121,135.73391892623368,-71.838,-39.880
"Directions from Neltume, Panguipulli, Chile to San Martín de los Andes, Neuquén Province",,0.13542127245191,138.34788477654914,-71.835,-39.883
"Directions from Neltume, Panguipulli, Chile to San Martín de los Andes, Neuquén Province",,0.14428662636475,138.53881655101071,-71.829,-39.890
"Directions from Neltume, Panguipulli, Chile to San Martín de los Andes, Neuquén Province",,0.15552684433417,140.23763382048614,-71.822,-39.898
"Directions from Neltume, Panguipulli, Chile to San Martín de los Andes, Neuquén Province",,0.15626094242026,138.59673502790079,-71.821,-39.899
"Directions from Neltume, Panguipulli, Chile to San Martín de los Andes, Neuquén Province",,0.15675591716709,128.50269160425628,-71.821,-39.899
"Directions from Neltume, Panguipulli, Chile to San Martín de los Andes, Neuquén Province",,0.15732195603501,115.68218869187244,-71.821,-39.899
"Directions from Neltume, Panguipulli, Chile to San Martín de los Andes, Neuquén Province",,0.15810630289706,110.30841669311386,-71.820,-39.900
"Directions from Neltume, Panguipulli, Chile to San Martín de los Andes, Neuquén Province",,0.17024203938068,112.10794734963100,-71.808,-39.904
"Directions from Neltume, Panguipulli, Chile to San Martín de los Andes, Neuquén Province",,0.17180591277710,120.36686989738548,-71.807,-39.905
"Directions from Neltume, Panguipulli, Chile to San Martín de los Andes, Neuquén Province",,0.17231197601425,137.27198661871773,-71.807,-39.905
"Directions from Neltume, Panguipulli, Chile to San Martín de los Andes, Neuquén Province",,0.17265867473072,150.10161887740236,-71.806,-39.905
"Directions from Neltume, Panguipulli, Chile to San Martín de los Andes, Neuquén Province",,0.17315060968577,158.09674471216303,-71.806,-39.906
"Directions from Neltume, Panguipulli, Chile to San Martín de los Andes, Neuquén Province",,0.18651096896238,159.66492389610619,-71.802,-39.919
"Directions from Neltume, Panguipulli, Chile to San Martín de los Andes, Neuquén Province",,0.18683792461686,154.56578962150735,-71.802,-39.919
"Directions from Neltume, Panguipulli, Chile to San Martín de los Andes, Neuquén Province",,0.18742384269988,149.05058992164317,-71.802,-39.919
"Directions from Neltume, Panguipulli, Chile to San Martín de los Andes, Neuquén Province",,0.19279659804513,142.55010878688600,-71.799,-39.924
"Directions from Neltume, Panguipulli, Chile to San Martín de los Andes, Neuquén Province",,0.20053562253146,138.49797901474540,-71.794,-39.930
"Directions from Neltume, Panguipulli, Chile to San Martín de los Andes, Neuquén Province",,0.20186618632173,131.80813434756209,-71.793,-39.931
"Directions from Neltume, Panguipulli, Chile to San Martín de los Andes, Neuquén Province",,0.20269624656051,121.56589968965254,-71.792,-39.931
"Directions from Neltume, Panguipulli, Chile to San Martín de los Andes, Neuquén Province",,0.20335813779025,109.68906089829937,-71.792,-39.931
"Directions from Neltume, Panguipulli, Chile to San Martín de los Andes, Neuquén Province",,0.20396229008893,93.68078036931075,-71.791,-39.932
"Directions from Neltume, Panguipulli, Chile to San Martín de los Andes, Neuquén Province",,0.23228284975854,89.15103926812039,-71.763,-39.929
"Directions from Neltume, Panguipulli, Chile to San Martín de los Andes, Neuquén Province",,0.23279373134952,100.42061745975251,-71.762,-39.929
"Directions from Neltume, Panguipulli, Chile to San Martín de los Andes, Neuquén Province",,0.23335985854371,112.01991271685736,-71.762,-39.929
"Directions from Neltume, Panguipulli, Chile to San Martín de los Andes, Neuquén Province",,0.23407540029650,129.49822957389827,-71.761,-39.930
"Directions from Neltume, Panguipulli, Chile to San Martín de los Andes, Neuquén Province",,0.23440342468585,148.87727240027664,-71.761,-39.930
"Directions from Neltume, Panguipulli, Chile to San Martín de los Andes, Neuquén Province",,0.23481061014727,151.76138465528925,-71.761,-39.930
"Directions from Neltume, Panguipulli, Chile to San Martín de los Andes, Neuquén Province",,0.26828555749600,150.30116830607474,-71.743,-39.959
"Directions from Neltume, Panguipulli, Chile to San Martín de los Andes, Neuquén Province",,0.26878204515950,157.69108925966390,-71.743,-39.959
"Directions from Neltume, Panguipulli, Chile to San Martín de los Andes, Neuquén Province",,0.26929449027851,164.91823707205421,-71.743,-39.960
"Directions from Neltume, Panguipulli, Chile to San Martín de los Andes, Neuquén Province",,0.30865552939081,166.63985405891171,-71.734,-39.998
"Directions from Neltume, Panguipulli, Chile to San Martín de los Andes, Neuquén Province",,0.31985860932447,166.81287381803773,-71.731,-40.009
"Directions from Neltume, Panguipulli, Chile to San Martín de los Andes, Neuquén Province",,0.33028765530193,166.62237459983734,-71.729,-40.019
"Directions from Neltume, Panguipulli, Chile to San Martín de los Andes, Neuquén Province",,0.33207029379585,164.90467963192575,-71.728,-40.021
"Directions from Neltume, Panguipulli, Chile to San Martín de los Andes, Neuquén Province",,0.33289309389308,154.65341653368029,-71.728,-40.022
"Directions from Neltume, Panguipulli, Chile to San Martín de los Andes, Neuquén Province",,0.33351164057684,144.01752068466021,-71.728,-40.022
"Directions from Neltume, Panguipulli, Chile to San Martín de los Andes, Neuquén Province",,0.33405367378615,143.90035205487413,-71.728,-40.022
"Directions from Neltume, Panguipulli, Chile to San Martín de los Andes, Neuquén Province",,0.33436990155217,138.46919290262599,-71.727,-40.023
"Directions from Neltume, Panguipulli, Chile to San Martín de los Andes, Neuquén Province",,0.33485156533532,127.52068196264987,-71.727,-40.023
"Directions from Neltume, Panguipulli, Chile to San Martín de los Andes, Neuquén Province",,0.33541459286574,121.00914212793018,-71.727,-40.023
"Directions from Neltume, Panguipulli, Chile to San Martín de los Andes, Neuquén Province",,0.33604109107004,110.14991442069116,-71.726,-40.024
"Directions from Neltume, Panguipulli, Chile to San Martín de los Andes, Neuquén Province",,0.33633723292794,95.84468458737145,-71.726,-40.024
"Directions from Neltume, Panguipulli, Chile to San Martín de los Andes, Neuquén Province",,0.33682723292794,91.38958343208201,-71.725,-40.024
"Directions from Neltume, Panguipulli, Chile to San Martín de los Andes, Neuquén Province",,0.33785844580606,91.80474117533922,-71.724,-40.024
"Directions from Neltume, Panguipulli, Chile to San Martín de los Andes, Neuquén Province",,0.33854851826603,94.21247942764187,-71.723,-40.024
"Directions from Neltume, Panguipulli, Chile to San Martín de los Andes, Neuquén Province",,0.33869984572553,105.77856617125400,-71.723,-40.024
"Directions from Neltume, Panguipulli, Chile to San Martín de los Andes, Neuquén Province",,0.33889682288156,124.48124448686939,-71.723,-40.024
"Directions from Neltume, Panguipulli, Chile to San Martín de los Andes, Neuquén Province",,0.33898167569531,138.31625730719995,-71.723,-40.024
"Directions from Neltume, Panguipulli, Chile to San Martín de los Andes, Neuquén Province",,0.33928778025261,143.75902083476160,-71.723,-40.024
"Directions from Neltume, Panguipulli, Chile to San Martín de los Andes, Neuquén Province",,0.33966221315715,159.26657384774049,-71.723,-40.024
"Directions from Neltume, Panguipulli, Chile to San Martín de los Andes, Neuquén Province",,0.33997478314931,170.66884408160291,-71.723,-40.025
"Directions from Neltume, Panguipulli, Chile to San Martín de los Andes, Neuquén Province",,0.34007676353958,158.86315549598601,-71.723,-40.025
"Directions from Neltume, Panguipulli, Chile to San Martín de los Andes, Neuquén Province",,0.34013507305852,145.18821760850983,-71.723,-40.025
"Directions from Neltume, Panguipulli, Chile to San Martín de los Andes, Neuquén Province",,0.34019910430090,128.95262146248689,-71.723,-40.025
"Directions from Neltume, Panguipulli, Chile to San Martín de los Andes, Neuquén Province",,0.34024382566045,125.78252558345010,-71.723,-40.025
"Directions from Neltume, Panguipulli, Chile to San Martín de los Andes, Neuquén Province",,0.34027210993170,125.78252558752122,-71.723,-40.025
"Directions from Neltume, Panguipulli, Chile to San Martín de los Andes, Neuquén Province",,0.34031683129125,103.28252559261010,-71.722,-40.025
"Directions from Neltume, Panguipulli, Chile to San Martín de los Andes, Neuquén Province",,0.34052683129125,87.95719160997126,-71.722,-40.025
"Directions from Neltume, Panguipulli, Chile to San Martín de los Andes, Neuquén Province",,0.34122861473364,108.40184219219738,-71.722,-40.025
"Directions from Neltume, Panguipulli, Chile to San Martín de los Andes, Neuquén Province",,0.34468110658735,131.76800214908047,-71.719,-40.027
"Directions from Neltume, Panguipulli, Chile to San Martín de los Andes, Neuquén Province",,0.34623097754972,133.48633311799165,-71.718,-40.028
"Directions from Neltume, Panguipulli, Chile to San Martín de los Andes, Neuquén Province",,0.34683205990680,137.35283235063025,-71.717,-40.029
"Directions from Neltume, Panguipulli, Chile to San Martín de los Andes, Neuquén Province",,0.34841588439204,142.95374385948907,-71.716,-40.030
"Directions from Neltume, Panguipulli, Chile to San Martín de los Andes, Neuquén Province",,0.35329215345762,148.23659101007351,-71.714,-40.034
"Directions from Neltume, Panguipulli, Chile to San Martín de los Andes, Neuquén Province",,0.35349806606044,159.81773171385015,-71.714,-40.034
"Directions from Neltume, Panguipulli, Chile to San Martín de los Andes, Neuquén Province",,0.35365103664584,171.74781930907116,-71.713,-40.034
"Directions from Neltume, Panguipulli, Chile to San Martín de los Andes, Neuquén Province",,0.35376149025602,186.07979786364635,-71.713,-40.034
"Directions from Neltume, Panguipulli, Chile to San Martín de los Andes, Neuquén Province",,0.35409675134830,203.41495681986393,-71.714,-40.035
"Directions from Neltume, Panguipulli, Chile to San Martín de los Andes, Neuquén Province",,0.35488934203712,210.72463616878755,-71.714,-40.035
"Directions from Neltume, Panguipulli, Chile to San Martín de los Andes, Neuquén Province",,0.35868519503743,210.29192150051347,-71.716,-40.039
"Directions from Neltume, Panguipulli, Chile to San Martín de los Andes, Neuquén Province",,0.35881049467830,210.14418031174583,-71.716,-40.039
"Directions from Neltume, Panguipulli, Chile to San Martín de los Andes, Neuquén Province",,0.36307599582119,212.05199811241684,-71.718,-40.042
"Directions from Neltume, Panguipulli, Chile to San Martín de los Andes, Neuquén Province",,0.36697371310185,213.76095602764491,-71.720,-40.046
"Directions from Neltume, Panguipulli, Chile to San Martín de los Andes, Neuquén Province",,0.36787814662622,216.87781251978416,-71.721,-40.046
"Directions from Neltume, Panguipulli, Chile to San Martín de los Andes, Neuquén Province",,0.36800620911097,216.82591422553637,-71.721,-40.047
"Directions from Neltume, Panguipulli, Chile to San Martín de los Andes, Neuquén Province",,0.36825034022329,219.99601010966205,-71.721,-40.047
"Directions from Neltume, Panguipulli, Chile to San Martín de los Andes, Neuquén Province",,0.36826448235891,216.80522984203671,-71.721,-40.047
"Directions from Neltume, Panguipulli, Chile to San Martín de los Andes, Neuquén Province",,0.36864038128149,202.49999999910327,-71.721,-40.047
"Directions from Neltume, Panguipulli, Chile to San Martín de los Andes, Neuquén Province",,0.36899478218443,192.25982134574716,-71.721,-40.047
"Directions from Neltume, Panguipulli, Chile to San Martín de los Andes, Neuquén Province",,0.36913620354066,184.06505117850287,-71.721,-40.048
"Directions from Neltume, Panguipulli, Chile to San Martín de los Andes, Neuquén Province",,0.36918620354066,183.79732168287353,-71.721,-40.048
"Directions from Neltume, Panguipulli, Chile to San Martín de los Andes, Neuquén Province",,0.36933753100016,184.53172204029377,-71.721,-40.048
"Directions from Neltume, Panguipulli, Chile to San Martín de los Andes, Neuquén Province",,0.36972765918423,179.14448529811446,-71.721,-40.048
"Directions from Neltume, Panguipulli, Chile to San Martín de los Andes, Neuquén Province",,0.37008821431178,174.34503376239491,-71.721,-40.048
"Directions from Neltume, Panguipulli, Chile to San Martín de los Andes, Neuquén Province",,0.37015892498990,169.08146831936361,-71.721,-40.049
"Directions from Neltume, Panguipulli, Chile to San Martín de los Andes, Neuquén Province",,0.37058094394681,163.13885607971898,-71.721,-40.049
"Directions from Neltume, Panguipulli, Chile to San Martín de los Andes, Neuquén Province",,0.37665799092705,162.97421484689542,-71.719,-40.055
"Directions from Neltume, Panguipulli, Chile to San Martín de los Andes, Neuquén Province",,0.37669922198331,162.93426266886917,-71.719,-40.055
"Directions from Neltume, Panguipulli, Chile to San Martín de los Andes, Neuquén Province",,0.37800895478049,160.73490999238373,-71.719,-40.056
"Directions from Neltume, Panguipulli, Chile to San Martín de los Andes, Neuquén Province",,0.37905250640834,160.50450297898047,-71.718,-40.057
"Directions from Neltume, Panguipulli, Chile to San Martín de los Andes, Neuquén Province",,0.37973602670796,160.42851405969739,-71.718,-40.058
"Directions from Neltume, Panguipulli, Chile to San Martín de los Andes, Neuquén Province",,0.38092820957984,159.80583192596515,-71.718,-40.059
"Directions from Neltume, Panguipulli, Chile to San Martín de los Andes, Neuquén Province",,0.38200524254127,159.64700733576282,-71.717,-40.060
"Directions from Neltume, Panguipulli, Chile to San Martín de los Andes, Neuquén Province",,0.38277686421022,157.26518648625841,-71.717,-40.060
"Directions from Neltume, Panguipulli, Chile to San Martín de los Andes, Neuquén Province",,0.38279922489000,157.36160546974736,-71.717,-40.060
"Directions from Neltume, Panguipulli, Chile to San Martín de los Andes, Neuquén Province",,0.38410842311793,164.98916482730462,-71.717,-40.062
"Directions from Neltume, Panguipulli, Chile to San Martín de los Andes, Neuquén Province",,0.38421040350819,166.85421747867258,-71.717,-40.062
"Directions from Neltume, Panguipulli, Chile to San Martín de los Andes, Neuquén Province",,0.38494538650120,161.60847896633803,-71.717,-40.063
"Directions from Neltume, Panguipulli, Chile to San Martín de los Andes, Neuquén Province",,0.38499923814927,161.41506359183751,-71.717,-40.063
"Directions from Neltume, Panguipulli, Chile to San Martín de los Andes, Neuquén Province",,0.38677265293436,163.09829392754966,-71.716,-40.064
"Directions from Neltume, Panguipulli, Chile to San Martín de los Andes, Neuquén Province",,0.38737348568979,162.63550185988768,-71.716,-40.065
"Directions from Neltume, Panguipulli, Chile to San Martín de los Andes, Neuquén Province",,0.38805068580793,167.12181516644984,-71.716,-40.065
"Directions from Neltume, Panguipulli, Chile to San Martín de los Andes, Neuquén Province",,0.38811151343324,167.27092273822490,-71.716,-40.066
"Directions from Neltume, Panguipulli, Chile to San Martín de los Andes, Neuquén Province",,0.38967193004427,158.71955825072791,-71.715,-40.067
"Directions from Neltume, Panguipulli, Chile to San Martín de los Andes, Neuquén Province",,0.38969429072405,157.20467138872093,-71.715,-40.067
"Directions from Neltume, Panguipulli, Chile to San Martín de los Andes, Neuquén Province",,0.39061456242306,163.10448542647197,-71.715,-40.068
"Directions from Neltume, Panguipulli, Chile to San Martín de los Andes, Neuquén Province",,0.39194861639497,163.39981403113552,-71.715,-40.069
"Directions from Neltume, Panguipulli, Chile to San Martín de los Andes, Neuquén Province",,0.39207510750139,164.51812173165825,-71.715,-40.069
"Directions from Neltume, Panguipulli, Chile to San Martín de los Andes, Neuquén Province",,0.39225949839053,162.83489140669931,-71.714,-40.070
"Directions from Neltume, Panguipulli, Chile to San Martín de los Andes, Neuquén Province",,0.39231335003860,161.63358667213575,-71.714,-40.070
"Directions from Neltume, Panguipulli, Chile to San Martín de los Andes, Neuquén Province",,0.39262383353252,167.80313030598705,-71.714,-40.070
"Directions from Neltume, Panguipulli, Chile to San Martín de los Andes, Neuquén Province",,0.39268466115783,164.99081628621056,-71.714,-40.070
"Directions from Neltume, Panguipulli, Chile to San Martín de los Andes, Neuquén Province",,0.39277010119528,163.45757353483211,-71.714,-40.070
"Directions from Neltume, Panguipulli, Chile to San Martín de los Andes, Neuquén Province",,0.39286229663986,165.38597402657388,-71.714,-40.070
"Directions from Neltume, Panguipulli, Chile to San Martín de los Andes, Neuquén Province",,0.39317550583513,160.74967313567802,-71.714,-40.070
"Directions from Neltume, Panguipulli, Chile to San Martín de los Andes, Neuquén Province",,0.39322935748319,160.70010936233189,-71.714,-40.070
"Directions from Neltume, Panguipulli, Chile to San Martín de los Andes, Neuquén Province",,0.39378298190462,165.94584787114334,-71.714,-40.071
"Directions from Neltume, Panguipulli, Chile to San Martín de los Andes, Neuquén Province",,0.39383397209976,161.46036994909770,-71.714,-40.071
"Directions from Neltume, Panguipulli, Chile to San Martín de los Andes, Neuquén Province",,0.39415599694352,149.10164949556196,-71.714,-40.071
"Directions from Neltume, Panguipulli, Chile to San Martín de los Andes, Neuquén Province",,0.39429201164861,140.54686150582867,-71.714,-40.071
"Directions from Neltume, Panguipulli, Chile to San Martín de los Andes, Neuquén Province",,0.39448306138035,140.12559937908946,-71.714,-40.072
"Directions from Neltume, Panguipulli, Chile to San Martín de los Andes, Neuquén Province",,0.39453306138035,135.79190578917812,-71.714,-40.072
"Directions from Neltume, Panguipulli, Chile to San Martín de los Andes, Neuquén Province",,0.39496722724728,129.97508878546788,-71.713,-40.072
"Directions from Neltume, Panguipulli, Chile to San Martín de los Andes, Neuquén Province",,0.39531435834643,129.52310964317471,-71.713,-40.072
"Directions from Neltume, Panguipulli, Chile to San Martín de los Andes, Neuquén Province",,0.39716848887042,128.23061138849874,-71.712,-40.073
"Directions from Neltume, Panguipulli, Chile to San Martín de los Andes, Neuquén Province",,0.39823516595371,127.30908162315170,-71.711,-40.074
"Directions from Neltume, Panguipulli, Chile to San Martín de los Andes, Neuquén Province",,0.39941740958342,128.84695194784732,-71.710,-40.075
"Directions from Neltume, Panguipulli, Chile to San Martín de los Andes, Neuquén Province",,0.39968648206436,135.40064366595470,-71.710,-40.075
"Directions from Neltume, Panguipulli, Chile to San Martín de los Andes, Neuquén Province",,0.39989908498061,145.28216967098095,-71.709,-40.075
"Directions from Neltume, Panguipulli, Chile to San Martín de los Andes, Neuquén Province",,0.40065967685540,154.97442750650114,-71.709,-40.076
"Directions from Neltume, Panguipulli, Chile to San Martín de los Andes, Neuquén Province",,0.40071352850348,152.86369910966982,-71.709,-40.076
"Directions from Neltume, Panguipulli, Chile to San Martín de los Andes, Neuquén Province",,0.40084391255158,150.48187826595122,-71.709,-40.076
"Directions from Neltume, Panguipulli, Chile to San Martín de los Andes, Neuquén Province",,0.40100043731001,151.78605723216236,-71.709,-40.076
"Directions from Neltume, Panguipulli, Chile to San Martín de los Andes, Neuquén Province",,0.40341043731000,153.46928756433854,-71.708,-40.078
"Directions from Neltume, Panguipulli, Chile to San Martín de los Andes, Neuquén Province",,0.40356275277212,153.72182797113877,-71.708,-40.078
"Directions from Neltume, Panguipulli, Chile to San Martín de los Andes, Neuquén Province",,0.40374632836963,152.58945069790454,-71.708,-40.078
"Directions from Neltume, Panguipulli, Chile to San Martín de los Andes, Neuquén Province",,0.40444411057061,151.78644920380171,-71.707,-40.079
"Directions from Neltume, Panguipulli, Chile to San Martín de los Andes, Neuquén Province",,0.40450242008955,151.58494333712119,-71.707,-40.079
"Directions from Neltume, Panguipulli, Chile to San Martín de los Andes, Neuquén Province",,0.40486916250598,152.76159176969634,-71.707,-40.079
"Directions from Neltume, Panguipulli, Chile to San Martín de los Andes, Neuquén Province",,0.40649805783717,154.09547490715434,-71.706,-40.081
"Directions from Neltume, Panguipulli, Chile to San Martín de los Andes, Neuquén Province",,0.40657421556823,153.73711499470684,-71.706,-40.081
"Directions from Neltume, Panguipulli, Chile to San Martín de los Andes, Neuquén Province",,0.40759504856143,149.64127620297916,-71.706,-40.082
"Directions from Neltume, Panguipulli, Chile to San Martín de los Andes, Neuquén Province",,0.40828620700924,145.86991712496049,-71.705,-40.082
"Directions from Neltume, Panguipulli, Chile to San Martín de los Andes, Neuquén Province",,0.40838620700925,144.99724640213523,-71.705,-40.082
"Directions from Neltume, Panguipulli, Chile to San Martín de los Andes, Neuquén Province",,0.40924603257296,147.73706117325113,-71.705,-40.083
"Directions from Neltume, Panguipulli, Chile to San Martín de los Andes, Neuquén Province",,0.40993719102078,144.40208040632595,-71.705,-40.084
"Directions from Neltume, Panguipulli, Chile to San Martín de los Andes, Neuquén Province",,0.41001529351754,142.84295296400308,-71.704,-40.084
"Directions from Neltume, Panguipulli, Chile to San Martín de los Andes, Neuquén Province",,0.41020945839593,143.72221723921677,-71.704,-40.084
"Directions from Neltume, Panguipulli, Chile to San Martín de los Andes, Neuquén Province",,0.41050152003326,139.98287248595699,-71.704,-40.084
"Directions from Neltume, Panguipulli, Chile to San Martín de los Andes, Neuquén Province",,0.41090512875467,132.76962127271599,-71.704,-40.084
"Directions from Neltume, Panguipulli, Chile to San Martín de los Andes, Neuquén Province",,0.41753756420478,128.43601710912040,-71.699,-40.088
"Directions from Neltume, Panguipulli, Chile to San Martín de los Andes, Neuquén Province",,0.41897290388584,132.17278959030483,-71.698,-40.089
"Directions from Neltume, Panguipulli, Chile to San Martín de los Andes, Neuquén Province",,0.41905775669958,129.99601010070242,-71.698,-40.089
"Directions from Neltume, Panguipulli, Chile to San Martín de los Andes, Neuquén Province",,0.41917982225574,127.67827838537757,-71.697,-40.090
"Directions from Neltume, Panguipulli, Chile to San Martín de los Andes, Neuquén Province",,0.41996728654065,125.11177636876997,-71.697,-40.090
"Directions from Neltume, Panguipulli, Chile to San Martín de los Andes, Neuquén Province",,0.42058994214369,116.91075256989750,-71.696,-40.090
"Directions from Neltume, Panguipulli, Chile to San Martín de los Andes, Neuquén Province",,0.42088540787774,111.02819775953598,-71.696,-40.090
"Directions from Neltume, Panguipulli, Chile to San Martín de los Andes, Neuquén Province",,0.42194795199447,110.64624852851011,-71.695,-40.091
"Directions from Neltume, Panguipulli, Chile to San Martín de los Andes, Neuquén Province",,0.42202410972554,109.99061732912259,-71.695,-40.091
"Directions from Neltume, Panguipulli, Chile to San Martín de los Andes, Neuquén Province",,0.42268213708058,98.39132207264949,-71.694,-40.091
"Directions from Neltume, Panguipulli, Chile to San Martín de los Andes, Neuquén Province",,0.42270213708058,98.11942081491866,-71.694,-40.091
"Directions from Neltume, Panguipulli, Chile to San Martín de los Andes, Neuquén Province",,0.42377493715516,107.46891221705243,-71.693,-40.091
"Directions from Neltume, Panguipulli, Chile to San Martín de los Andes, Neuquén Province",,0.42446115869372,110.94878665860692,-71.693,-40.092
"Directions from Neltume, Panguipulli, Chile to San Martín de los Andes, Neuquén Province",,0.42453731642479,111.06161746423112,-71.693,-40.092
"Directions from Neltume, Panguipulli, Chile to San Martín de los Andes, Neuquén Province",,0.42490731642478,110.36302695110938,-71.692,-40.092
"Directions from Neltume, Panguipulli, Chile to San Martín de los Andes, Neuquén Province",,0.42512272301708,104.07080061506517,-71.692,-40.092
"Directions from Neltume, Panguipulli, Chile to San Martín de los Andes, Neuquén Province",,0.42521327686846,100.18821760647528,-71.692,-40.092
"Directions from Neltume, Panguipulli, Chile to San Martín de los Andes, Neuquén Province",,0.42533697003722,97.01812173476149,-71.692,-40.092
"Directions from Neltume, Panguipulli, Chile to San Martín de los Andes, Neuquén Province",,0.42544697003721,87.14470343245944,-71.692,-40.092
"Directions from Neltume, Panguipulli, Chile to San Martín de los Andes, Neuquén Province",,0.42554746879343,81.99228019677366,-71.692,-40.092
"Directions from Neltume, Panguipulli, Chile to San Martín de los Andes, Neuquén Province",,0.42565927219231,84.84757676431424,-71.691,-40.092
"Directions from Neltume, Panguipulli, Chile to San Martín de los Andes, Neuquén Province",,0.42567927219230,84.34503376338134,-71.691,-40.092
"Directions from Neltume, Panguipulli, Chile to San Martín de los Andes, Neuquén Province",,0.42578125258258,82.14568108672177,-71.691,-40.092
"Directions from Neltume, Panguipulli, Chile to San Martín de los Andes, Neuquén Province",,0.42591163663068,92.28696063001838,-71.691,-40.092
"Directions from Neltume, Panguipulli, Chile to San Martín de los Andes, Neuquén Province",,0.42610399047130,101.50443504183863,-71.691,-40.092
"Directions from Neltume, Panguipulli, Chile to San Martín de los Andes, Neuquén Province",,0.42626891469632,106.23559614540029,-71.691,-40.092
"Directions from Neltume, Panguipulli, Chile to San Martín de los Andes, Neuquén Province",,0.42642702857933,111.19871889899773,-71.691,-40.092
"Directions from Neltume, Panguipulli, Chile to San Martín de los Andes, Neuquén Province",,0.42652551715735,101.98124448875807,-71.691,-40.092
"Directions from Neltume, Panguipulli, Chile to San Martín de los Andes, Neuquén Province",,0.42653551715736,103.28252558853897,-71.691,-40.092
"Directions from Neltume, Panguipulli, Chile to San Martín de los Andes, Neuquén Province",,0.42660259919667,119.13324042313891,-71.691,-40.092
"Directions from Neltume, Panguipulli, Chile to San Martín de los Andes, Neuquén Province",,0.42700222402073,128.35071483968881,-71.690,-40.092
"Directions from Neltume, Panguipulli, Chile to San Martín de los Andes, Neuquén Province",,0.42703050829197,128.54109358307960,-71.690,-40.092
"Directions from Neltume, Panguipulli, Chile to San Martín de los Andes, Neuquén Province",,0.42782126742091,119.32361916652972,-71.689,-40.093
"Directions from Neltume, Panguipulli, Chile to San Martín de los Andes, Neuquén Province",,0.42788834946024,119.28521719267222,-71.689,-40.093
"Directions from Neltume, Panguipulli, Chile to San Martín de los Andes, Neuquén Province",,0.42836004851684,125.90547715026584,-71.689,-40.093
"Directions from Neltume, Panguipulli, Chile to San Martín de los Andes, Neuquén Province",,0.42851625351036,134.30982296318771,-71.689,-40.093
"Directions from Neltume, Panguipulli, Chile to San Martín de los Andes, Neuquén Province",,0.42872885642661,127.68956300559410,-71.689,-40.093
"Directions from Neltume, Panguipulli, Chile to San Martín de los Andes, Neuquén Province",,0.42875121710640,129.69017236198388,-71.689,-40.093
"Directions from Neltume, Panguipulli, Chile to San Martín de los Andes, Neuquén Province",,0.42911522260086,137.98384164078612,-71.689,-40.093
"Directions from Neltume, Panguipulli, Chile to San Martín de los Andes, Neuquén Province",,0.42933453972285,128.83045636101346,-71.688,-40.094
"Directions from Neltume, Panguipulli, Chile to San Martín de los Andes, Neuquén Province",,0.42972286947963,120.53678708221122,-71.688,-40.094
"Directions from Neltume, Panguipulli, Chile to San Martín de los Andes, Neuquén Province",,0.42974523015941,112.49999999966076,-71.688,-40.094
"Directions from Neltume, Panguipulli, Chile to San Martín de los Andes, Neuquén Province",,0.42993496681902,103.28252558799618,-71.688,-40.094
"Directions from Neltume, Panguipulli, Chile to San Martín de los Andes, Neuquén Province",,0.43021780953150,94.06505117687443,-71.688,-40.094
"Directions from Neltume, Panguipulli, Chile to San Martín de los Andes, Neuquén Province",,0.43073780953149,88.31676966832022,-71.687,-40.094
"Directions from Neltume, Panguipulli, Chile to San Martín de los Andes, Neuquén Province",,0.43107839725880,90.51612234593770,-71.687,-40.094
"Directions from Neltume, Panguipulli, Chile to San Martín de los Andes, Neuquén Province",,0.43146954940313,97.40320833387896,-71.686,-40.094
"Directions from Neltume, Panguipulli, Chile to San Martín de los Andes, Neuquén Province",,0.43196774615141,102.86461069377555,-71.686,-40.094
"Directions from Neltume, Panguipulli, Chile to San Martín de los Andes, Neuquén Province",,0.43272464773021,110.94328062198203,-71.685,-40.094
"Directions from Neltume, Panguipulli, Chile to San Martín de los Andes, Neuquén Province",,0.43276936908977,113.33014118049148,-71.685,-40.094
"Directions from Neltume, Panguipulli, Chile to San Martín de los Andes, Neuquén Province",,0.43407910188694,113.01876334086327,-71.684,-40.095
"Directions from Neltume, Panguipulli, Chile to San Martín de los Andes, Neuquén Province",,0.43449056269917,125.47114774382187,-71.683,-40.095
"Directions from Neltume, Panguipulli, Chile to San Martín de los Andes, Neuquén Province",,0.43463198405541,136.99545654885446,-71.683,-40.095
"Directions from Neltume, Panguipulli, Chile to San Martín de los Andes, Neuquén Province",,0.43493677906848,146.21293095726213,-71.683,-40.095
"Directions from Neltume, Panguipulli, Chile to San Martín de los Andes, Neuquén Province",,0.43495913974826,146.26028279799732,-71.683,-40.095
"Directions from Neltume, Panguipulli, Chile to San Martín de los Andes, Neuquén Province",,0.43515763408068,146.26028279799732,-71.683,-40.095
"Directions from Neltume, Panguipulli, Chile to San Martín de los Andes, Neuquén Province",,0.43517999476045,141.62025995418989,-71.683,-40.095
"Directions from Neltume, Panguipulli, Chile to San Martín de los Andes, Neuquén Province",,0.43525809725720,123.78205584750663,-71.683,-40.095
"Directions from Neltume, Panguipulli, Chile to San Martín de los Andes, Neuquén Province",,0.43547280636274,113.87082356076515,-71.683,-40.096
"Directions from Neltume, Panguipulli, Chile to San Martín de los Andes, Neuquén Province",,0.43558985336185,108.12165561460532,-71.683,-40.096
"Directions from Neltume, Panguipulli, Chile to San Martín de los Andes, Neuquén Province",,0.43583985336185,104.53223538743012,-71.682,-40.096
"Directions from Neltume, Panguipulli, Chile to San Martín de los Andes, Neuquén Province",,0.43629107392875,100.79104172584442,-71.682,-40.096
"Directions from Neltume, Panguipulli, Chile to San Martín de los Andes, Neuquén Province",,0.43766719165628,101.00916865042124,-71.681,-40.096
"Directions from Neltume, Panguipulli, Chile to San Martín de los Andes, Neuquén Province",,0.43784183414824,96.62025995746014,-71.680,-40.096
"Directions from Neltume, Panguipulli, Chile to San Martín de los Andes, Neuquén Province",,0.43787183414825,97.71108065993164,-71.680,-40.096
"Directions from Neltume, Panguipulli, Chile to San Martín de los Andes, Neuquén Province",,0.43817266632737,107.98910326888684,-71.680,-40.096
"Directions from Neltume, Panguipulli, Chile to San Martín de los Andes, Neuquén Province",,0.43834354640229,113.56054819749419,-71.680,-40.096
"Directions from Neltume, Panguipulli, Chile to San Martín de los Andes, Neuquén Province",,0.43854479252026,118.76440385547377,-71.680,-40.096
"Directions from Neltume, Panguipulli, Chile to San Martín de los Andes, Neuquén Province",,0.43866141155815,127.98187826693480,-71.680,-40.096
"Directions from Neltume, Panguipulli, Chile to San Martín de los Andes, Neuquén Province",,0.43873212223627,131.82990412605210,-71.680,-40.096
"Directions from Neltume, Panguipulli, Chile to San Martín de los Andes, Neuquén Province",,0.43879615347864,135.30638286023452,-71.680,-40.096
"Directions from Neltume, Panguipulli, Chile to San Martín de los Andes, Neuquén Province",,0.43908821511598,146.10403808633762,-71.679,-40.097
"Directions from Neltume, Panguipulli, Chile to San Martín de los Andes, Neuquén Province",,0.43916883769346,135.60943761759330,-71.679,-40.097
"Directions from Neltume, Panguipulli, Chile to San Martín de los Andes, Neuquén Province",,0.43946038528821,117.40603257370378,-71.679,-40.097
"Directions from Neltume, Panguipulli, Chile to San Martín de los Andes, Neuquén Province",,0.44200789387504,111.14162872074451,-71.677,-40.098
"Directions from Neltume, Panguipulli, Chile to San Martín de los Andes, Neuquén Province",,0.44207113942824,111.00313807019393,-71.677,-40.098
"Directions from Neltume, Panguipulli, Chile to San Martín de los Andes, Neuquén Province",,0.44489691365843,115.06818924543992,-71.674,-40.099
"Directions from Neltume, Panguipulli, Chile to San Martín de los Andes, Neuquén Province",,0.44512052045618,125.78252558772478,-71.674,-40.099
"Directions from Neltume, Panguipulli, Chile to San Martín de los Andes, Neuquén Province",,0.44513466259181,129.57984727358138,-71.674,-40.099
"Directions from Neltume, Panguipulli, Chile to San Martín de los Andes, Neuquén Province",,0.44547304107811,127.05862173880372,-71.674,-40.099
"Directions from Neltume, Panguipulli, Chile to San Martín de los Andes, Neuquén Province",,0.44595574181356,135.64887033718438,-71.673,-40.100
"Directions from Neltume, Panguipulli, Chile to San Martín de los Andes, Neuquén Province",,0.44601977305593,128.95262146050101,-71.673,-40.100
"Directions from Neltume, Panguipulli, Chile to San Martín de los Andes, Neuquén Province",,0.44604213373571,124.64929554639767,-71.673,-40.100
"Directions from Neltume, Panguipulli, Chile to San Martín de los Andes, Neuquén Province",,0.44872416654685,134.53287988501356,-71.671,-40.101
"Directions from Neltume, Panguipulli, Chile to San Martín de los Andes, Neuquén Province",,0.44902830467336,141.57685409754291,-71.671,-40.102
"Directions from Neltume, Panguipulli, Chile to San Martín de los Andes, Neuquén Province",,0.44933894916470,143.11009684692789,-71.671,-40.102
"Directions from Neltume, Panguipulli, Chile to San Martín de los Andes, Neuquén Province",,0.44952334005385,134.02925680474334,-71.671,-40.102
"Directions from Neltume, Panguipulli, Chile to San Martín de los Andes, Neuquén Province",,0.44971543378097,121.93046594978776,-71.671,-40.102
"Directions from Neltume, Panguipulli, Chile to San Martín de los Andes, Neuquén Province",,0.44990331672326,110.57325977242974,-71.670,-40.102
"Directions from Neltume, Panguipulli, Chile to San Martín de los Andes, Neuquén Province",,0.44997611782214,111.25522353938447,-71.670,-40.102
"Directions from Neltume, Panguipulli, Chile to San Martín de los Andes, Neuquén Province",,0.45006556054124,109.93181075402195,-71.670,-40.102
"Directions from Neltume, Panguipulli, Chile to San Martín de los Andes, Neuquén Province",,0.45063071538728,106.76171488089319,-71.670,-40.102
"Directions from Neltume, Panguipulli, Chile to San Martín de los Andes, Neuquén Province",,0.45103568452190,115.59430798119045,-71.669,-40.103
"Directions from Neltume, Panguipulli, Chile to San Martín de los Andes, Neuquén Province",,0.45144385115455,125.98642171728837,-71.669,-40.103
"Directions from Neltume, Panguipulli, Chile to San Martín de los Andes, Neuquén Province",,0.45174864616762,129.68828614363480,-71.669,-40.103
"Directions from Neltume, Panguipulli, Chile to San Martín de los Andes, Neuquén Province",,0.45236085528223,132.67120969824455,-71.668,-40.103
"Directions from Neltume, Panguipulli, Chile to San Martín de los Andes, Neuquén Province",,0.45277122097280,142.68371588107144,-71.668,-40.104
"Directions from Neltume, Panguipulli, Chile to San Martín de los Andes, Neuquén Province",,0.45292386434803,156.48516821585415,-71.668,-40.104
"Directions from Neltume, Panguipulli, Chile to San Martín de los Andes, Neuquén Province",,0.45322469652716,173.15677163564490,-71.668,-40.104
"Directions from Neltume, Panguipulli, Chile to San Martín de los Andes, Neuquén Province",,0.45355484800754,188.46077092595721,-71.668,-40.104
"Directions from Neltume, Panguipulli, Chile to San Martín de los Andes, Neuquén Province",,0.45428017551978,191.26910831103407,-71.668,-40.105
"Directions from Neltume, Panguipulli, Chile to San Martín de los Andes, Neuquén Province",,0.45459274551194,178.94502857434131,-71.668,-40.105
"Directions from Neltume, Panguipulli, Chile to San Martín de los Andes, Neuquén Province",,0.45477522838785,166.05136448441615,-71.668,-40.106
"Directions from Neltume, Panguipulli, Chile to San Martín de los Andes, Neuquén Province",,0.45496496504746,159.33724976160121,-71.668,-40.106
"Directions from Neltume, Panguipulli, Chile to San Martín de los Andes, Neuquén Province",,0.45545343203713,153.49785759580578,-71.668,-40.106
"Directions from Neltume, Panguipulli, Chile to San Martín de los Andes, Neuquén Province",,0.45603144587779,146.69748508240855,-71.668,-40.107
"Directions from Neltume, Panguipulli, Chile to San Martín de los Andes, Neuquén Province",,0.45784748552493,140.00806953766025,-71.666,-40.108
"Directions from Neltume, Panguipulli, Chile to San Martín de los Andes, Neuquén Province",,0.45838507272717,139.81876905594174,-71.666,-40.109
"Directions from Neltume, Panguipulli, Chile to San Martín de los Andes, Neuquén Province",,0.45863507272717,116.56505117658946,-71.666,-40.109
"Directions from Neltume, Panguipulli, Chile to San Martín de los Andes, Neuquén Province",,0.45864507272717,121.71747441390367,-71.666,-40.109
"Directions from Neltume, Panguipulli, Chile to San Martín de los Andes, Neuquén Province",,0.45875687612604,157.49999999989822,-71.666,-40.109
"Directions from Neltume, Panguipulli, Chile to San Martín de los Andes, Neuquén Province",,0.45888336723245,168.93683259348609,-71.666,-40.109
"Directions from Neltume, Panguipulli, Chile to San Martín de los Andes, Neuquén Province",,0.45919401172379,174.73292030172186,-71.666,-40.109
"Directions from Neltume, Panguipulli, Chile to San Martín de los Andes, Neuquén Province",,0.45944580529003,175.72793599129812,-71.666,-40.110
"Directions from Neltume, Panguipulli, Chile to San Martín de los Andes, Neuquén Province",,0.46045625073636,171.17662474967889,-71.666,-40.111
"Directions from Neltume, Panguipulli, Chile to San Martín de los Andes, Neuquén Province",,0.46052905183525,159.80532466198460,-71.666,-40.111
"Directions from Neltume, Panguipulli, Chile to San Martín de los Andes, Neuquén Province",,0.46077071275472,148.84053078366782,-71.666,-40.111
"Directions from Neltume, Panguipulli, Chile to San Martín de los Andes, Neuquén Province",,0.46099874783974,147.77998258168421,-71.665,-40.111
"Directions from Neltume, Panguipulli, Chile to San Martín de los Andes, Neuquén Province",,0.46102110851952,146.12451182453506,-71.665,-40.111
"Directions from Neltume, Panguipulli, Chile to San Martín de los Andes, Neuquén Province",,0.46293453476581,132.01583390135906,-71.664,-40.113
"Directions from Neltume, Panguipulli, Chile to San Martín de los Andes, Neuquén Province",,0.46335070780674,120.89132207275289,-71.664,-40.113
"Directions from Neltume, Panguipulli, Chile to San Martín de los Andes, Neuquén Province",,0.46359667528426,121.44593856489628,-71.664,-40.113
"Directions from Neltume, Panguipulli, Chile to San Martín de los Andes, Neuquén Province",,0.46401869424118,134.72846415241750,-71.663,-40.113
"Directions from Neltume, Panguipulli, Chile to San Martín de los Andes, Neuquén Province",,0.46421869424119,141.33393743043146,-71.663,-40.113
"Directions from Neltume, Panguipulli, Chile to San Martín de los Andes, Neuquén Province",,0.46466557230061,144.28700798294622,-71.663,-40.114
"Directions from Neltume, Panguipulli, Chile to San Martín de los Andes, Neuquén Province",,0.46472388181956,153.39360990022101,-71.663,-40.114
"Directions from Neltume, Panguipulli, Chile to San Martín de los Andes, Neuquén Province",,0.46496157910605,159.65801376076658,-71.663,-40.114
"Directions from Neltume, Panguipulli, Chile to San Martín de los Andes, Neuquén Province",,0.46518293854225,164.73514705160747,-71.663,-40.114
"Directions from Neltume, Panguipulli, Chile to San Martín de los Andes, Neuquén Province",,0.46532611675289,164.73514704797256,-71.663,-40.114
"Directions from Neltume, Panguipulli, Chile to San Martín de los Andes, Neuquén Province",,0.46538936230609,170.78252558548567,-71.663,-40.114
"Directions from Neltume, Panguipulli, Chile to San Martín de los Andes, Neuquén Province",,0.46540936230609,163.99730839618695,-71.663,-40.114
"Directions from Neltume, Panguipulli, Chile to San Martín de los Andes, Neuquén Province",,0.46550370211741,143.24907421873121,-71.663,-40.114
"Directions from Neltume, Panguipulli, Chile to San Martín de los Andes, Neuquén Province",,0.46654509541487,139.92186169500278,-71.662,-40.115
"Directions from Neltume, Panguipulli, Chile to San Martín de los Andes, Neuquén Province",,0.46692928286912,143.32251910704505,-71.662,-40.116
"Directions from Neltume, Panguipulli, Chile to San Martín de los Andes, Neuquén Province",,0.46724551063514,148.73338263599712,-71.661,-40.116
"Directions from Neltume, Panguipulli, Chile to San Martín de los Andes, Neuquén Province",,0.46925846865755,150.71321555052739,-71.661,-40.118
"Directions from Neltume, Panguipulli, Chile to San Martín de los Andes, Neuquén Province",,0.47011939838755,155.23231356934463,-71.660,-40.118
"Directions from Neltume, Panguipulli, Chile to San Martín de los Andes, Neuquén Province",,0.47061588605104,159.24285124366287,-71.660,-40.119
"Directions from Neltume, Panguipulli, Chile to San Martín de los Andes, Neuquén Province",,0.47108204053188,149.70530199913867,-71.660,-40.119
"Directions from Neltume, Panguipulli, Chile to San Martín de los Andes, Neuquén Province",,0.47119605807438,136.65547075927893,-71.660,-40.119
"Directions from Neltume, Panguipulli, Chile to San Martín de los Andes, Neuquén Province",,0.47130235953251,127.43799634499943,-71.660,-40.119
"Directions from Neltume, Panguipulli, Chile to San Martín de los Andes, Neuquén Province",,0.47137447055802,120.12755934996308,-71.660,-40.119
"Directions from Neltume, Panguipulli, Chile to San Martín de los Andes, Neuquén Province",,0.47146391327712,111.25522353784822,-71.659,-40.119
"Directions from Neltume, Panguipulli, Chile to San Martín de los Andes, Neuquén Province",,0.47153671437602,102.70385905497250,-71.659,-40.119
"Directions from Neltume, Panguipulli, Chile to San Martín de los Andes, Neuquén Province",,0.47165836962662,94.73116110566323,-71.659,-40.119
"Directions from Neltume, Panguipulli, Chile to San Martín de los Andes, Neuquén Province",,0.47192836962662,87.64607387778310,-71.659,-40.119
"Directions from Neltume, Panguipulli, Chile to San Martín de los Andes, Neuquén Province",,0.47278124710903,87.64607387778310,-71.658,-40.119
"Directions from Neltume, Panguipulli, Chile to San Martín de los Andes, Neuquén Province",,0.47310124710903,85.93494882129356,-71.658,-40.119
"Directions from Neltume, Panguipulli, Chile to San Martín de los Andes, Neuquén Province",,0.47317195778714,89.28986722496360,-71.658,-40.119
"Directions from Neltume, Panguipulli, Chile to San Martín de los Andes, Neuquén Province",,0.47351430264253,98.85668882960535,-71.657,-40.119
"Directions from Neltume, Panguipulli, Chile to San Martín de los Andes, Neuquén Province",,0.47388104505894,103.21285108586694,-71.657,-40.120
"Directions from Neltume, Panguipulli, Chile to San Martín de los Andes, Neuquén Province",,0.47418187723807,107.82351037542465,-71.657,-40.120
"Directions from Neltume, Panguipulli, Chile to San Martín de los Andes, Neuquén Province",,0.47539678464195,108.08512766633849,-71.656,-40.120
"Directions from Neltume, Panguipulli, Chile to San Martín de los Andes, Neuquén Province",,0.47546958574084,108.29147144314427,-71.656,-40.120
"Directions from Neltume, Panguipulli, Chile to San Martín de los Andes, Neuquén Province",,0.47629238583807,100.31877349229882,-71.655,-40.120
"Directions from Neltume, Panguipulli, Chile to San Martín de los Andes, Neuquén Province",,0.47632238583807,99.91606492492527,-71.655,-40.120
"Directions from Neltume, Panguipulli, Chile to San Martín de los Andes, Neuquén Province",,0.47697084555155,111.44171538329438,-71.654,-40.121
"Directions from Neltume, Panguipulli, Chile to San Martín de los Andes, Neuquén Province",,0.47748162926311,114.80817604690814,-71.654,-40.121
"Directions from Neltume, Panguipulli, Chile to San Martín de los Andes, Neuquén Province",,0.47772759674063,118.57213902540694,-71.653,-40.121
"Directions from Neltume, Panguipulli, Chile to San Martín de los Andes, Neuquén Province",,0.47798313538742,125.59026075721491,-71.653,-40.121
"Directions from Neltume, Panguipulli, Chile to San Martín de los Andes, Neuquén Province",,0.47807533083199,127.05236581159056,-71.653,-40.121
"Directions from Neltume, Panguipulli, Chile to San Martín de los Andes, Neuquén Province",,0.47977826946858,122.04133192742577,-71.652,-40.122
"Directions from Neltume, Panguipulli, Chile to San Martín de los Andes, Neuquén Province",,0.48003380811536,117.96270140697131,-71.652,-40.122
"Directions from Neltume, Panguipulli, Chile to San Martín de los Andes, Neuquén Province",,0.48024404607578,113.63788184580589,-71.651,-40.122
"Directions from Neltume, Panguipulli, Chile to San Martín de los Andes, Neuquén Province",,0.48107410631456,107.98291561137476,-71.651,-40.123
"Directions from Neltume, Panguipulli, Chile to San Martín de los Andes, Neuquén Province",,0.48111533737082,107.58048130928447,-71.651,-40.123
"Directions from Neltume, Panguipulli, Chile to San Martín de los Andes, Neuquén Province",,0.48158703642742,108.91198168996060,-71.650,-40.123
"Directions from Neltume, Panguipulli, Chile to San Martín de los Andes, Neuquén Province",,0.48263106707832,111.35129503959313,-71.649,-40.123
"Directions from Neltume, Panguipulli, Chile to San Martín de los Andes, Neuquén Province",,0.48308724686742,123.11985207726605,-71.649,-40.123
"Directions from Neltume, Panguipulli, Chile to San Martín de los Andes, Neuquén Province",,0.48325754073108,137.34934025844484,-71.649,-40.123
"Directions from Neltume, Panguipulli, Chile to San Martín de los Andes, Neuquén Province",,0.48334356398375,148.94863551112761,-71.649,-40.123
"Directions from Neltume, Panguipulli, Chile to San Martín de los Andes, Neuquén Province",,0.48341064602308,150.48187826304331,-71.648,-40.123
"Directions from Neltume, Panguipulli, Chile to San Martín de los Andes, Neuquén Province",,0.48354103007118,149.32819176856512,-71.648,-40.124
"Directions from Neltume, Panguipulli, Chile to San Martín de los Andes, Neuquén Province",,0.48476291386271,148.44505652452591,-71.648,-40.125
"Directions from Neltume, Panguipulli, Chile to San Martín de los Andes, Neuquén Province",,0.48563383291750,147.39939034497871,-71.647,-40.125
"Directions from Neltume, Panguipulli, Chile to San Martín de los Andes, Neuquén Province",,0.48575045195540,144.83346311256611,-71.647,-40.125
"Directions from Neltume, Panguipulli, Chile to San Martín de los Andes, Neuquén Province",,0.48625493188562,132.16037514179999,-71.647,-40.126
"Directions from Neltume, Panguipulli, Chile to San Martín de los Andes, Neuquén Province",,0.48639915393665,129.34503376768734,-71.647,-40.126
"Directions from Neltume, Panguipulli, Chile to San Martín de los Andes, Neuquén Province",,0.48642743820789,126.53624347217016,-71.647,-40.126
"Directions from Neltume, Panguipulli, Chile to San Martín de los Andes, Neuquén Province",,0.48659743820789,114.78696062916455,-71.647,-40.126
"Directions from Neltume, Panguipulli, Chile to San Martín de los Andes, Neuquén Province",,0.48766148707895,119.18566598554810,-71.646,-40.126
"Directions from Neltume, Panguipulli, Chile to San Martín de los Andes, Neuquén Province",,0.48781148707895,130.93494882253958,-71.646,-40.126
"Directions from Neltume, Panguipulli, Chile to San Martín de los Andes, Neuquén Province",,0.48796705057081,143.13010235339357,-71.645,-40.127
"Directions from Neltume, Panguipulli, Chile to San Martín de los Andes, Neuquén Province",,0.48832060396140,154.87215999954844,-71.645,-40.127
"Directions from Neltume, Panguipulli, Chile to San Martín de los Andes, Neuquén Province",,0.48943850377803,160.09394844863607,-71.645,-40.128
"Directions from Neltume, Panguipulli, Chile to San Martín de los Andes, Neuquén Province",,0.49074452828009,167.68179493094792,-71.644,-40.129
"Directions from Neltume, Panguipulli, Chile to San Martín de los Andes, Neuquén Province",,0.49101618983424,170.62619486351494,-71.644,-40.129
"Directions from Neltume, Panguipulli, Chile to San Martín de los Andes, Neuquén Province",,0.49152814686369,157.28435695818246,-71.644,-40.130
"Directions from Neltume, Panguipulli, Chile to San Martín de los Andes, Neuquén Province",,0.49176668407252,141.42876822096250,-71.644,-40.130
"Directions from Neltume, Panguipulli, Chile to San Martín de los Andes, Neuquén Province",,0.49222635786990,148.72322758525692,-71.644,-40.130
"Directions from Neltume, Panguipulli, Chile to San Martín de los Andes, Neuquén Province",,0.49225798064650,156.10364881516821,-71.644,-40.131
"Directions from Neltume, Panguipulli, Chile to San Martín de los Andes, Neuquén Province",,0.49244155624401,155.04310061552692,-71.644,-40.131
"Directions from Neltume, Panguipulli, Chile to San Martín de los Andes, Neuquén Province",,0.49252699628146,162.70385565319827,-71.644,-40.131
"Directions from Neltume, Panguipulli, Chile to San Martín de los Andes, Neuquén Province",,0.49285684473151,163.76440385545669,-71.644,-40.131
"Directions from Neltume, Panguipulli, Chile to San Martín de los Andes, Neuquén Province",,0.49307820416772,152.34757676646998,-71.644,-40.131
"Directions from Neltume, Panguipulli, Chile to San Martín de los Andes, Neuquén Province",,0.49337820416772,139.70156618713665,-71.643,-40.132
"Directions from Neltume, Panguipulli, Chile to San Martín de los Andes, Neuquén Province",,0.49369648077698,130.24436607589459,-71.643,-40.132
"Directions from Neltume, Panguipulli, Chile to San Martín de los Andes, Neuquén Province",,0.49399880510614,121.89677040682798,-71.643,-40.132
"Directions from Neltume, Panguipulli, Chile to San Martín de los Andes, Neuquén Province",,0.49442424605385,122.55775823698291,-71.643,-40.132
"Directions from Neltume, Panguipulli, Chile to San Martín de los Andes, Neuquén Province",,0.49476833906454,131.25630590131644,-71.642,-40.132
"Directions from Neltume, Panguipulli, Chile to San Martín de los Andes, Neuquén Province",,0.49497352190983,139.26061239673359,-71.642,-40.132
"Directions from Neltume, Panguipulli, Chile to San Martín de los Andes, Neuquén Province",,0.49540768777675,144.32052392993725,-71.642,-40.133
"Directions from Neltume, Panguipulli, Chile to San Martín de los Andes, Neuquén Province",,0.49601514147869,154.32990413697456,-71.642,-40.133
"Directions from Neltume, Panguipulli, Chile to San Martín de los Andes, Neuquén Province",,0.49604676425529,157.35887854189662,-71.642,-40.133
"Directions from Neltume, Panguipulli, Chile to San Martín de los Andes, Neuquén Province",,0.49695461886920,154.76166407787053,-71.641,-40.134
"Directions from Neltume, Panguipulli, Chile to San Martín de los Andes, Neuquén Province",,0.49817711631296,151.23217264043566,-71.641,-40.135
"Directions from Neltume, Panguipulli, Chile to San Martín de los Andes, Neuquén Province",,0.49891209930596,141.32094035520424,-71.640,-40.136
"Directions from Neltume, Panguipulli, Chile to San Martín de los Andes, Neuquén Province",,0.49943554939910,138.60381976951433,-71.640,-40.136
"Directions from Neltume, Panguipulli, Chile to San Martín de los Andes, Neuquén Province",,0.50022428256057,142.31605422733824,-71.639,-40.137
"Directions from Neltume, Panguipulli, Chile to San Martín de los Andes, Neuquén Province",,0.50076834138092,140.07088297184703,-71.639,-40.137
"Directions from Neltume, Panguipulli, Chile to San Martín de los Andes, Neuquén Province",,0.50111489584993,132.86440364919835,-71.639,-40.138
"Directions from Neltume, Panguipulli, Chile to San Martín de los Andes, Neuquén Province",,0.50141322452774,127.54867287979644,-71.639,-40.138
"Directions from Neltume, Panguipulli, Chile to San Martín de los Andes, Neuquén Province",,0.50167129428576,122.44771566704082,-71.638,-40.138
"Directions from Neltume, Panguipulli, Chile to San Martín de los Andes, Neuquén Province",,0.50185486988326,116.59824686340026,-71.638,-40.138
"Directions from Neltume, Panguipulli, Chile to San Martín de los Andes, Neuquén Province",,0.50232497625420,112.12431150829767,-71.638,-40.138
"Directions from Neltume, Panguipulli, Chile to San Martín de los Andes, Neuquén Province",,0.50278377904408,115.33315999917374,-71.637,-40.138
"Directions from Neltume, Panguipulli, Chile to San Martín de los Andes, Neuquén Province",,0.50292270348397,127.62821858579007,-71.637,-40.138
"Directions from Neltume, Panguipulli, Chile to San Martín de los Andes, Neuquén Province",,0.50296512989084,130.51368669462406,-71.637,-40.138
"Directions from Neltume, Panguipulli, Chile to San Martín de los Andes, Neuquén Province",,0.50310114459593,132.55649508116721,-71.637,-40.139
"Directions from Neltume, Panguipulli, Chile to San Martín de los Andes, Neuquén Province",,0.50329963892834,147.32083100000636,-71.637,-40.139
"Directions from Neltume, Panguipulli, Chile to San Martín de los Andes, Neuquén Province",,0.50342046938809,163.40494147738104,-71.637,-40.139
"Directions from Neltume, Panguipulli, Chile to San Martín de los Andes, Neuquén Province",,0.50355199885247,162.34439329098478,-71.637,-40.139
"Directions from Neltume, Panguipulli, Chile to San Martín de los Andes, Neuquén Province",,0.50357435953224,166.71747442367436,-71.637,-40.139
"Directions from Neltume, Panguipulli, Chile to San Martín de los Andes, Neuquén Province",,0.50374435953223,183.82532547768861,-71.637,-40.139
"Directions from Neltume, Panguipulli, Chile to San Martín de los Andes, Neuquén Province",,0.50442037728348,186.02467815482717,-71.637,-40.140
"Directions from Neltume, Panguipulli, Chile to San Martín de los Andes, Neuquén Province",,0.50481152942779,185.99667436267873,-71.637,-40.140
"Directions from Neltume, Panguipulli, Chile to San Martín de los Andes, Neuquén Province",,0.50496285688730,174.57984727204362,-71.637,-40.140
"Directions from Neltume, Panguipulli, Chile to San Martín de los Andes, Neuquén Province",,0.50499447966390,169.19261052607027,-71.637,-40.140
"Directions from Neltume, Panguipulli, Chile to San Martín de los Andes, Neuquén Province",,0.50517475722768,164.46144942387295,-71.637,-40.141
"Directions from Neltume, Panguipulli, Chile to San Martín de los Andes, Neuquén Province",,0.50536711106829,148.03767779219444,-71.637,-40.141
"Directions from Neltume, Panguipulli, Chile to San Martín de los Andes, Neuquén Province",,0.50550312577337,141.07622836832152,-71.637,-40.141
"Directions from Neltume, Panguipulli, Chile to San Martín de los Andes, Neuquén Province",,0.50575807674905,134.95467109861781,-71.637,-40.141
"Directions from Neltume, Panguipulli, Chile to San Martín de los Andes, Neuquén Province",,0.50625385895931,122.17468851292752,-71.636,-40.141
"Directions from Neltume, Panguipulli, Chile to San Martín de los Andes, Neuquén Province",,0.50638385895930,118.15496623303534,-71.636,-40.141
"Directions from Neltume, Panguipulli, Chile to San Martín de los Andes, Neuquén Province",,0.50641991447206,116.06250817056768,-71.636,-40.141
"Directions from Neltume, Panguipulli, Chile to San Martín de los Andes, Neuquén Province",,0.50657802835506,99.21747441227524,-71.636,-40.141
"Directions from Neltume, Panguipulli, Chile to San Martín de los Andes, Neuquén Province",,0.50660802835507,94.73116110401283,-71.636,-40.141
"Directions from Neltume, Panguipulli, Chile to San Martín de los Andes, Neuquén Province",,0.50672968360568,94.73116110401283,-71.636,-40.141
"Directions from Neltume, Panguipulli, Chile to San Martín de los Andes, Neuquén Province",,0.50684968360567,92.38182084424002,-71.636,-40.141
"Directions from Neltume, Panguipulli, Chile to San Martín de los Andes, Neuquén Province",,0.50697009955147,91.99471076192467,-71.636,-40.141
"Directions from Neltume, Panguipulli, Chile to San Martín de los Andes, Neuquén Province",,0.50771016711594,93.28907959750580,-71.635,-40.141
"Directions from Neltume, Panguipulli, Chile to San Martín de los Andes, Neuquén Province",,0.50802273710810,103.66774293987967,-71.635,-40.142
"Directions from Neltume, Panguipulli, Chile to San Martín de los Andes, Neuquén Province",,0.50813978410722,114.21301757256806,-71.634,-40.142
"Directions from Neltume, Panguipulli, Chile to San Martín de los Andes, Neuquén Province",,0.50841273098849,121.99030320829044,-71.634,-40.142
"Directions from Neltume, Panguipulli, Chile to San Martín de los Andes, Neuquén Province",,0.50875682399917,122.64127954472174,-71.634,-40.142
"Directions from Neltume, Panguipulli, Chile to San Martín de los Andes, Neuquén Province",,0.50891806915414,117.26001093305896,-71.634,-40.142
"Directions from Neltume, Panguipulli, Chile to San Martín de los Andes, Neuquén Province",,0.50906124736477,110.36026823468922,-71.634,-40.142
"Directions from Neltume, Panguipulli, Chile to San Martín de los Andes, Neuquén Province",,0.50957085505702,104.65280717284497,-71.633,-40.142
"Directions from Neltume, Panguipulli, Chile to San Martín de los Andes, Neuquén Province",,0.51039310805945,102.20831571249381,-71.632,-40.142
"Directions from Neltume, Panguipulli, Chile to San Martín de los Andes, Neuquén Province",,0.51127956166794,99.59325766719614,-71.631,-40.143
"Directions from Neltume, Panguipulli, Chile to San Martín de los Andes, Neuquén Province",,0.51184524709288,94.06505117697623,-71.631,-40.143
"Directions from Neltume, Panguipulli, Chile to San Martín de los Andes, Neuquén Province",,0.51188524709289,93.29097232788617,-71.631,-40.143
"Directions from Neltume, Panguipulli, Chile to San Martín de los Andes, Neuquén Province",,0.51214697213946,92.67718291184072,-71.631,-40.143
"Directions from Neltume, Panguipulli, Chile to San Martín de los Andes, Neuquén Province",,0.51494761492281,88.16268626275414,-71.628,-40.143
"Directions from Neltume, Panguipulli, Chile to San Martín de los Andes, Neuquén Province",,0.51611868281154,88.77647567879960,-71.627,-40.143
"Directions from Neltume, Panguipulli, Chile to San Martín de los Andes, Neuquén Province",,0.51635868281155,88.77647567879960,-71.626,-40.143
"Directions from Neltume, Panguipulli, Chile to San Martín de los Andes, Neuquén Province",,0.51752975070027,88.40921516181272,-71.625,-40.142
"Directions from Neltume, Panguipulli, Chile to San Martín de los Andes, Neuquén Province",,0.51830981480019,91.67554787265613,-71.624,-40.142
"Directions from Neltume, Panguipulli, Chile to San Martín de los Andes, Neuquén Province",,0.51873088486563,97.43495732333524,-71.624,-40.143
"Directions from Neltume, Panguipulli, Chile to San Martín de los Andes, Neuquén Province",,0.51894466044889,105.67017154329805,-71.624,-40.143
"Directions from Neltume, Panguipulli, Chile to San Martín de los Andes, Neuquén Province",,0.51920098056125,114.68086778526998,-71.624,-40.143
"Directions from Neltume, Panguipulli, Chile to San Martín de los Andes, Neuquén Province",,0.52411961858411,117.22334808702269,-71.619,-40.145
"Directions from Neltume, Panguipulli, Chile to San Martín de los Andes, Neuquén Province",,0.52439692707660,113.09852552101084,-71.619,-40.145
"Directions from Neltume, Panguipulli, Chile to San Martín de los Andes, Neuquén Province",,0.52508044737622,107.29614434481292,-71.618,-40.145
"Directions from Neltume, Panguipulli, Chile to San Martín de los Andes, Neuquén Province",,0.52524537160124,142.01812173516063,-71.618,-40.145
"Directions from Neltume, Panguipulli, Chile to San Martín de los Andes, Neuquén Province",,0.52525537160124,135.00000000000000,-71.618,-40.145
"Directions from Neltume, Panguipulli, Chile to San Martín de los Andes, Neuquén Province",,0.52531537160124,94.73116110423285,-71.618,-40.145
"Directions from Neltume, Panguipulli, Chile to San Martín de los Andes, Neuquén Province",,0.52592364785427,103.94863550958721,-71.618,-40.146
"Directions from Neltume, Panguipulli, Chile to San Martín de los Andes, Neuquén Province",,0.52595527063088,102.01714407375415,-71.618,-40.146
"Directions from Neltume, Panguipulli, Chile to San Martín de los Andes, Neuquén Province",,0.52646771574988,93.86021786668870,-71.617,-40.146
"Directions from Neltume, Panguipulli, Chile to San Martín de los Andes, Neuquén Province",,0.52700808599333,95.79170930230173,-71.617,-40.146
"Directions from Neltume, Panguipulli, Chile to San Martín de los Andes, Neuquén Province",,0.52712974124393,103.94863551445604,-71.616,-40.146
"Directions from Neltume, Panguipulli, Chile to San Martín de los Andes, Neuquén Province",,0.52719298679713,104.15037788262036,-71.616,-40.146
"Directions from Neltume, Panguipulli, Chile to San Martín de los Andes, Neuquén Province",,0.52742643914774,102.41222150896451,-71.616,-40.146
"Directions from Neltume, Panguipulli, Chile to San Martín de los Andes, Neuquén Province",,0.52878238899932,105.77837023327319,-71.615,-40.146
"Directions from Neltume, Panguipulli, Chile to San Martín de los Andes, Neuquén Province",,0.52986760787124,108.50399361341687,-71.614,-40.146
"Directions from Neltume, Panguipulli, Chile to San Martín de los Andes, Neuquén Province",,0.53078521345100,100.20494141693101,-71.613,-40.147
"Directions from Neltume, Panguipulli, Chile to San Martín de los Andes, Neuquén Province",,0.53080521345101,102.32338542585389,-71.613,-40.147
"Directions from Neltume, Panguipulli, Chile to San Martín de los Andes, Neuquén Province",,0.53174041396426,113.22409016949771,-71.612,-40.147
"Directions from Neltume, Panguipulli, Chile to San Martín de los Andes, Neuquén Province",,0.53190196890849,116.38258301087799,-71.612,-40.147
"Directions from Neltume, Panguipulli, Chile to San Martín de los Andes, Neuquén Province",,0.53196027842742,117.76546392724616,-71.612,-40.147
"Directions from Neltume, Panguipulli, Chile to San Martín de los Andes, Neuquén Province",,0.53234511605553,116.46106655297194,-71.611,-40.147
"Directions from Neltume, Panguipulli, Chile to San Martín de los Andes, Neuquén Province",,0.53306100710868,120.89741549545744,-71.611,-40.148
"Directions from Neltume, Panguipulli, Chile to San Martín de los Andes, Neuquén Province",,0.53369614488902,124.84685347177881,-71.610,-40.148
"Directions from Neltume, Panguipulli, Chile to San Martín de los Andes, Neuquén Province",,0.53406816639377,127.86314879324335,-71.610,-40.148
"Directions from Neltume, Panguipulli, Chile to San Martín de los Andes, Neuquén Province",,0.53472884786014,131.70577407903235,-71.609,-40.149
"Directions from Neltume, Panguipulli, Chile to San Martín de los Andes, Neuquén Province",,0.53549265411829,135.18918896892822,-71.609,-40.149
"Directions from Neltume, Panguipulli, Chile to San Martín de los Andes, Neuquén Province",,0.53690024070534,137.76245320379374,-71.608,-40.150
"Directions from Neltume, Panguipulli, Chile to San Martín de los Andes, Neuquén Province",,0.53709873503775,137.58327048343995,-71.608,-40.150
"Directions from Neltume, Panguipulli, Chile to San Martín de los Andes, Neuquén Province",,0.53784840163030,139.60551327221063,-71.607,-40.151
"Directions from Neltume, Panguipulli, Chile to San Martín de los Andes, Neuquén Province",,0.53789840163030,140.04731137024314,-71.607,-40.151
"Directions from Neltume, Panguipulli, Chile to San Martín de los Andes, Neuquén Province",,0.54057991239851,133.02918963580092,-71.605,-40.153
"Directions from Neltume, Panguipulli, Chile to San Martín de los Andes, Neuquén Province",,0.54078606767979,124.17134261236414,-71.605,-40.153
"Directions from Neltume, Panguipulli, Chile to San Martín de los Andes, Neuquén Province",,0.54107259865542,115.65836294921993,-71.605,-40.153
"Directions from Neltume, Panguipulli, Chile to San Martín de los Andes, Neuquén Province",,0.54227034654209,123.53394980147552,-71.604,-40.154
"Directions from Neltume, Panguipulli, Chile to San Martín de los Andes, Neuquén Province",,0.54228448867771,122.35142885101742,-71.604,-40.154
"Directions from Neltume, Panguipulli, Chile to San Martín de los Andes, Neuquén Province",,0.54385652557295,107.47898818195593,-71.602,-40.154
"Directions from Neltume, Panguipulli, Chile to San Martín de los Andes, Neuquén Province",,0.54408456065797,102.35872045640711,-71.602,-40.154
"Directions from Neltume, Panguipulli, Chile to San Martín de los Andes, Neuquén Province",,0.54414538828328,102.70385905442232,-71.602,-40.154
"Directions from Neltume, Panguipulli, Chile to San Martín de los Andes, Neuquén Province",,0.54421818938218,96.96792104282996,-71.602,-40.154
"Directions from Neltume, Panguipulli, Chile to San Martín de los Andes, Neuquén Province",,0.54478854015144,86.64588283492792,-71.602,-40.154
"Directions from Neltume, Panguipulli, Chile to San Martín de los Andes, Neuquén Province",,0.54552100175452,83.16434643403235,-71.601,-40.154
"Directions from Neltume, Panguipulli, Chile to San Martín de los Andes, Neuquén Province",,0.54609806327638,78.49556495866190,-71.600,-40.154
"Directions from Neltume, Panguipulli, Chile to San Martín de los Andes, Neuquén Province",,0.54626298750140,71.38258300851076,-71.600,-40.154
"Directions from Neltume, Panguipulli, Chile to San Martín de los Andes, Neuquén Province",,0.54641530296352,71.38258301090552,-71.600,-40.154
"Directions from Neltume, Panguipulli, Chile to San Martín de los Andes, Neuquén Province",,0.54645653401977,70.89232469478355,-71.600,-40.154
"Directions from Neltume, Panguipulli, Chile to San Martín de los Andes, Neuquén Province",,0.54699365597985,64.49019165989834,-71.599,-40.154
"Directions from Neltume, Panguipulli, Chile to San Martín de los Andes, Neuquén Province",,0.54792387100876,55.98678265045128,-71.599,-40.153
"Directions from Neltume, Panguipulli, Chile to San Martín de los Andes, Neuquén Province",,0.54824277538313,52.56200365430656,-71.598,-40.153
"Directions from Neltume, Panguipulli, Chile to San Martín de los Andes, Neuquén Province",,0.54838699743416,58.84973640403000,-71.598,-40.153
"Directions from Neltume, Panguipulli, Chile to San Martín de los Andes, Neuquén Province",,0.54851229707502,66.47729575618520,-71.598,-40.153
"Directions from Neltume, Panguipulli, Chile to San Martín de los Andes, Neuquén Province",,0.54857554262822,80.78252558955678,-71.598,-40.153
"Directions from Neltume, Panguipulli, Chile to San Martín de los Andes, Neuquén Province",,0.54860554262822,84.34503376142408,-71.598,-40.153
"Directions from Neltume, Panguipulli, Chile to San Martín de los Andes, Neuquén Province",,0.54865653282336,84.34503376142408,-71.598,-40.153
"Directions from Neltume, Panguipulli, Chile to San Martín de los Andes, Neuquén Province",,0.54872653282335,84.84757676610552,-71.598,-40.153
"Directions from Neltume, Panguipulli, Chile to San Martín de los Andes, Neuquén Province",,0.54883833622223,83.22390537101344,-71.598,-40.153
"Directions from Neltume, Panguipulli, Chile to San Martín de los Andes, Neuquén Province",,0.55025060390225,75.09380300822674,-71.596,-40.153
"Directions from Neltume, Panguipulli, Chile to San Martín de los Andes, Neuquén Province",,0.55027296458202,73.99730838786176,-71.596,-40.153
"Directions from Neltume, Panguipulli, Chile to San Martín de los Andes, Neuquén Province",,0.55048391481311,64.77983398454300,-71.596,-40.153
"Directions from Neltume, Panguipulli, Chile to San Martín de los Andes, Neuquén Province",,0.55049805694874,61.84503376338134,-71.596,-40.153
"Directions from Neltume, Panguipulli, Chile to San Martín de los Andes, Neuquén Province",,0.55070201772929,84.34503376338134,-71.596,-40.153
"Directions from Neltume, Panguipulli, Chile to San Martín de los Andes, Neuquén Province",,0.55071201772928,82.62821858165918,-71.596,-40.153
"Directions from Neltume, Panguipulli, Chile to San Martín de los Andes, Neuquén Province",,0.55090848655633,65.78318482336672,-71.596,-40.153
"Directions from Neltume, Panguipulli, Chile to San Martín de los Andes, Neuquén Province",,0.55094454206909,61.55567098464948,-71.596,-40.153
"Directions from Neltume, Panguipulli, Chile to San Martín de los Andes, Neuquén Province",,0.55117301526226,64.52143444307424,-71.595,-40.153
"Directions from Neltume, Panguipulli, Chile to San Martín de los Andes, Neuquén Province",,0.55138772436780,59.75311656356412,-71.595,-40.152
"Directions from Neltume, Panguipulli, Chile to San Martín de los Andes, Neuquén Province",,0.55172059070733,54.78526663040322,-71.595,-40.152
"Directions from Neltume, Panguipulli, Chile to San Martín de los Andes, Neuquén Province",,0.55227664825832,48.65287976551744,-71.595,-40.152
"Directions from Neltume, Panguipulli, Chile to San Martín de los Andes, Neuquén Province",,0.55247463815704,47.04280838915344,-71.594,-40.152
"Directions from Neltume, Panguipulli, Chile to San Martín de los Andes, Neuquén Province",,0.55267313248946,53.30721224578186,-71.594,-40.152
"Directions from Neltume, Panguipulli, Chile to San Martín de los Andes, Neuquén Province",,0.55280351653757,61.16384203266758,-71.594,-40.152
"Directions from Neltume, Panguipulli, Chile to San Martín de los Andes, Neuquén Province",,0.55299139947985,67.67942076359292,-71.594,-40.152
"Directions from Neltume, Panguipulli, Chile to San Martín de los Andes, Neuquén Province",,0.55317167704362,66.99745699620378,-71.594,-40.151
"Directions from Neltume, Panguipulli, Chile to San Martín de los Andes, Neuquén Province",,0.55330584112226,65.81676966762998,-71.594,-40.151
"Directions from Neltume, Panguipulli, Chile to San Martín de los Andes, Neuquén Province",,0.55346739606648,74.36813415241291,-71.594,-40.151
"Directions from Neltume, Panguipulli, Chile to San Martín de los Andes, Neuquén Province",,0.55352822369179,76.59182657733574,-71.594,-40.151
"Directions from Neltume, Panguipulli, Chile to San Martín de los Andes, Neuquén Province",,0.55369585423793,75.66802144517779,-71.593,-40.151
"Directions from Neltume, Panguipulli, Chile to San Martín de los Andes, Neuquén Province",,0.55384882482334,84.34503376272892,-71.593,-40.151
"Directions from Neltume, Panguipulli, Chile to San Martín de los Andes, Neuquén Province",,0.55399882482333,93.56250817257190,-71.593,-40.151
"Directions from Neltume, Panguipulli, Chile to San Martín de los Andes, Neuquén Province",,0.55407944740082,103.55406143545343,-71.593,-40.151
"Directions from Neltume, Panguipulli, Chile to San Martín de los Andes, Neuquén Province",,0.55419649439992,114.98237294726104,-71.593,-40.151
"Directions from Neltume, Panguipulli, Chile to San Martín de los Andes, Neuquén Province",,0.55449666102032,127.49081968437947,-71.593,-40.151
"Directions from Neltume, Panguipulli, Chile to San Martín de los Andes, Neuquén Province",,0.55468050878342,140.65496623387850,-71.592,-40.152
"Directions from Neltume, Panguipulli, Chile to San Martín de los Andes, Neuquén Province",,0.55471656429618,152.25426149042181,-71.592,-40.152
"Directions from Neltume, Panguipulli, Chile to San Martín de los Andes, Neuquén Province",,0.55498582253654,146.59929526163222,-71.592,-40.152
"Directions from Neltume, Panguipulli, Chile to San Martín de los Andes, Neuquén Province",,0.55501410680778,140.65496623583573,-71.592,-40.152
"Directions from Neltume, Panguipulli, Chile to San Martín de los Andes, Neuquén Province",,0.55505016232054,152.25426149178244,-71.592,-40.152
"Directions from Neltume, Panguipulli, Chile to San Martín de los Andes, Neuquén Province",,0.55510401396861,146.59929526103556,-71.592,-40.152
"Directions from Neltume, Panguipulli, Chile to San Martín de los Andes, Neuquén Province",,0.55516058251110,127.98187826663543,-71.592,-40.152
"Directions from Neltume, Panguipulli, Chile to San Martín de los Andes, Neuquén Province",,0.55521889203005,127.98187826663543,-71.592,-40.152
"Directions from Neltume, Panguipulli, Chile to San Martín de los Andes, Neuquén Province",,0.55523303416568,121.71747441044324,-71.592,-40.152
"Directions from Neltume, Panguipulli, Chile to San Martín de los Andes, Neuquén Province",,0.55529627971889,105.48187826477952,-71.592,-40.152
"Directions from Neltume, Panguipulli, Chile to San Martín de los Andes, Neuquén Province",,0.55538847516346,99.43449972605003,-71.592,-40.152
"Directions from Neltume, Panguipulli, Chile to San Martín de los Andes, Neuquén Province",,0.55547902901484,92.85529656762905,-71.592,-40.152
"Directions from Neltume, Panguipulli, Chile to San Martín de los Andes, Neuquén Province",,0.55638908395823,87.48584801838760,-71.591,-40.152
"Directions from Neltume, Panguipulli, Chile to San Martín de los Andes, Neuquén Province",,0.55795369253549,90.65594389243138,-71.589,-40.152
"Directions from Neltume, Panguipulli, Chile to San Martín de los Andes, Neuquén Province",,0.55805419129169,98.24744550329494,-71.589,-40.152
"Directions from Neltume, Panguipulli, Chile to San Martín de los Andes, Neuquén Province",,0.55826796687496,95.39214893333590,-71.589,-40.152
"Directions from Neltume, Panguipulli, Chile to San Martín de los Andes, Neuquén Province",,0.55827796687495,96.10023436340630,-71.589,-40.152
"Directions from Neltume, Panguipulli, Chile to San Martín de los Andes, Neuquén Province",,0.55865651673957,104.77724668187500,-71.589,-40.152
"Directions from Neltume, Panguipulli, Chile to San Martín de los Andes, Neuquén Province",,0.55915940837800,111.95953789886551,-71.588,-40.152
"Directions from Neltume, Panguipulli, Chile to San Martín de los Andes, Neuquén Province",,0.55918176905777,110.99360623996856,-71.588,-40.152
"Directions from Neltume, Panguipulli, Chile to San Martín de los Andes, Neuquén Province",,0.55948260123691,103.18811198108718,-71.588,-40.152
"Directions from Neltume, Panguipulli, Chile to San Martín de los Andes, Neuquén Province",,0.55979835430499,99.03953949638388,-71.588,-40.152
"Directions from Neltume, Panguipulli, Chile to San Martín de los Andes, Neuquén Province",,0.56004022203743,95.06890192634160,-71.587,-40.152
"Directions from Neltume, Panguipulli, Chile to San Martín de los Andes, Neuquén Province",,0.56023048501334,89.30704107481354,-71.587,-40.152
"Directions from Neltume, Panguipulli, Chile to San Martín de los Andes, Neuquén Province",,0.56036086906144,82.40849838871281,-71.587,-40.152
"Directions from Neltume, Panguipulli, Chile to San Martín de los Andes, Neuquén Province",,0.56057464464470,74.32982845836909,-71.587,-40.152
"Directions from Neltume, Panguipulli, Chile to San Martín de los Andes, Neuquén Province",,0.56066008468216,71.74927944291935,-71.587,-40.152
"Directions from Neltume, Panguipulli, Chile to San Martín de los Andes, Neuquén Province",,0.56080568687995,71.60007302973035,-71.587,-40.152
"Directions from Neltume, Panguipulli, Chile to San Martín de los Andes, Neuquén Province",,0.56147985303156,57.07277098998554,-71.586,-40.152
"Directions from Neltume, Panguipulli, Chile to San Martín de los Andes, Neuquén Province",,0.56149399516719,59.52730206086854,-71.586,-40.152
"Directions from Neltume, Panguipulli, Chile to San Martín de los Andes, Neuquén Province",,0.56156679626609,77.65422091953084,-71.586,-40.152
"Directions from Neltume, Panguipulli, Chile to San Martín de los Andes, Neuquén Province",,0.56169832573047,85.62691886884006,-71.586,-40.152
"Directions from Neltume, Panguipulli, Chile to San Martín de los Andes, Neuquén Province",,0.56187832573047,94.73116110357267,-71.586,-40.152
"Directions from Neltume, Panguipulli, Chile to San Martín de los Andes, Neuquén Province",,0.56218246385698,97.58645767252403,-71.585,-40.152
"Directions from Neltume, Panguipulli, Chile to San Martín de los Andes, Neuquén Province",,0.56278545639425,92.85529656895137,-71.585,-40.152
"Directions from Neltume, Panguipulli, Chile to San Martín de los Andes, Neuquén Province",,0.56387545639424,90.99604678643711,-71.584,-40.152
"Directions from Neltume, Panguipulli, Chile to San Martín de los Andes, Neuquén Province",,0.56502615183615,97.61630674389723,-71.583,-40.152
"Directions from Neltume, Panguipulli, Chile to San Martín de los Andes, Neuquén Province",,0.56537543682007,105.17162444176626,-71.582,-40.152
"Directions from Neltume, Panguipulli, Chile to San Martín de los Andes, Neuquén Province",,0.56551145152516,102.34868616966853,-71.582,-40.152
"Directions from Neltume, Panguipulli, Chile to San Martín de los Andes, Neuquén Province",,0.56566277898467,94.85786988357599,-71.582,-40.152
"Directions from Neltume, Panguipulli, Chile to San Martín de los Andes, Neuquén Province",,0.56701370459328,94.06505117722114,-71.581,-40.152
"Directions from Neltume, Panguipulli, Chile to San Martín de los Andes, Neuquén Province",,0.56758685378851,97.33077387458370,-71.580,-40.152
"Directions from Neltume, Panguipulli, Chile to San Martín de los Andes, Neuquén Province",,0.56805214939348,94.32627089557619,-71.580,-40.153
"Directions from Neltume, Panguipulli, Chile to San Martín de los Andes, Neuquén Province",,0.56807214939347,97.01812173300534,-71.580,-40.153
"Directions from Neltume, Panguipulli, Chile to San Martín de los Andes, Neuquén Province",,0.56827830467476,102.61252169719747,-71.579,-40.153
"Directions from Neltume, Panguipulli, Chile to San Martín de los Andes, Neuquén Province",,0.56920593606706,102.61252169755667,-71.578,-40.153
"Directions from Neltume, Panguipulli, Chile to San Martín de los Andes, Neuquén Province",,0.56937086029209,101.08317291066459,-71.578,-40.153
"Directions from Neltume, Panguipulli, Chile to San Martín de los Andes, Neuquén Province",,0.57014867775140,94.06505117730006,-71.577,-40.153
"Directions from Neltume, Panguipulli, Chile to San Martín de los Andes, Neuquén Province",,0.57037867775139,92.85529656754058,-71.577,-40.153
"Directions from Neltume, Panguipulli, Chile to San Martín de los Andes, Neuquén Province",,0.57047917650760,92.85529656754061,-71.577,-40.153
"Directions from Neltume, Panguipulli, Chile to San Martín de los Andes, Neuquén Province",,0.57067917650761,85.69217590766215,-71.577,-40.153
"Directions from Neltume, Panguipulli, Chile to San Martín de los Andes, Neuquén Province",,0.57101294289297,78.38173891334633,-71.577,-40.153
"Directions from Neltume, Panguipulli, Chile to San Martín de los Andes, Neuquén Province",,0.57315221847129,82.68956300568416,-71.575,-40.152
"Directions from Neltume, Panguipulli, Chile to San Martín de los Andes, Neuquén Province",,0.57318221847129,82.41776955022520,-71.575,-40.152
"Directions from Neltume, Panguipulli, Chile to San Martín de los Andes, Neuquén Province",,0.57429082119545,75.57575967415812,-71.573,-40.152
"Directions from Neltume, Panguipulli, Chile to San Martín de los Andes, Neuquén Province",,0.57547441741038,75.62100645445740,-71.572,-40.152
"Directions from Neltume, Panguipulli, Chile to San Martín de los Andes, Neuquén Province",,0.57935804973077,79.04162962404848,-71.569,-40.151
"Directions from Neltume, Panguipulli, Chile to San Martín de los Andes, Neuquén Province",,0.57960984329702,73.29608770498503,-71.568,-40.151
"Directions from Neltume, Panguipulli, Chile to San Martín de los Andes, Neuquén Province",,0.57963220397678,76.71747441146103,-71.568,-40.151
"Directions from Neltume, Panguipulli, Chile to San Martín de los Andes, Neuquén Province",,0.58005220397679,93.42138670617101,-71.568,-40.151
"Directions from Neltume, Panguipulli, Chile to San Martín de los Andes, Neuquén Province",,0.58055579110927,98.35429017778787,-71.567,-40.151
"Directions from Neltume, Panguipulli, Chile to San Martín de los Andes, Neuquén Province",,0.58078924345986,103.28252558898718,-71.567,-40.151
"Directions from Neltume, Panguipulli, Chile to San Martín de los Andes, Neuquén Province",,0.58089364652495,104.00458835449228,-71.567,-40.151
"Directions from Neltume, Panguipulli, Chile to San Martín de los Andes, Neuquén Province",,0.58125057789090,118.15496622694415,-71.567,-40.151
"Directions from Neltume, Panguipulli, Chile to San Martín de los Andes, Neuquén Province",,0.58126472002652,120.47269794059093,-71.567,-40.151
"Directions from Neltume, Panguipulli, Chile to San Martín de los Andes, Neuquén Province",,0.58162872552099,109.57199320724182,-71.566,-40.151
"Directions from Neltume, Panguipulli, Chile to San Martín de los Andes, Neuquén Province",,0.58170488325205,110.36207944287312,-71.566,-40.151
"Directions from Neltume, Panguipulli, Chile to San Martín de los Andes, Neuquén Province",,0.58190413184051,115.60781795095568,-71.566,-40.151
"Directions from Neltume, Panguipulli, Chile to San Martín de los Andes, Neuquén Province",,0.58194018735326,118.44432902161378,-71.566,-40.151
"Directions from Neltume, Panguipulli, Chile to San Martín de los Andes, Neuquén Province",,0.58216866054643,114.58649223859823,-71.566,-40.151
"Directions from Neltume, Panguipulli, Chile to San Martín de los Andes, Neuquén Province",,0.58260248078570,114.65421761972348,-71.565,-40.151
"Directions from Neltume, Panguipulli, Chile to San Martín de los Andes, Neuquén Province",,0.58371333631187,101.66702063818332,-71.564,-40.152
"Directions from Neltume, Panguipulli, Chile to San Martín de los Andes, Neuquén Province",,0.58372333631186,100.59702824064217,-71.564,-40.152
"Directions from Neltume, Panguipulli, Chile to San Martín de los Andes, Neuquén Province",,0.58477443097935,112.26404887897066,-71.563,-40.152
"Directions from Neltume, Panguipulli, Chile to San Martín de los Andes, Neuquén Province",,0.58588528650550,112.11590338804746,-71.562,-40.153
"Directions from Neltume, Panguipulli, Chile to San Martín de los Andes, Neuquén Province",,0.58647401394667,108.88167975878105,-71.562,-40.153
"Directions from Neltume, Panguipulli, Chile to San Martín de los Andes, Neuquén Province",,0.58878334285353,106.08920618955648,-71.560,-40.154
"Directions from Neltume, Panguipulli, Chile to San Martín de los Andes, Neuquén Province",,0.58965426190832,106.87388359180646,-71.559,-40.154
"Directions from Neltume, Panguipulli, Chile to San Martín de los Andes, Neuquén Province",,0.59095079574899,112.49999999985108,-71.558,-40.154
"Directions from Neltume, Panguipulli, Chile to San Martín de los Andes, Neuquén Province",,0.59106259914787,114.18323033241683,-71.557,-40.154
"Directions from Neltume, Panguipulli, Chile to San Martín de los Andes, Neuquén Province",,0.59117030244400,116.07232918601115,-71.557,-40.154
"Directions from Neltume, Panguipulli, Chile to San Martín de los Andes, Neuquén Province",,0.59212046032562,127.67162443704441,-71.557,-40.155
"Directions from Neltume, Panguipulli, Chile to San Martín de los Andes, Neuquén Province",,0.59214874459687,127.94732111280592,-71.557,-40.155
"Directions from Neltume, Panguipulli, Chile to San Martín de los Andes, Neuquén Province",,0.59357046890207,117.51152258299562,-71.555,-40.155
"Directions from Neltume, Panguipulli, Chile to San Martín de los Andes, Neuquén Province",,0.59462237193943,111.28167587656182,-71.554,-40.156
"Directions from Neltume, Panguipulli, Chile to San Martín de los Andes, Neuquén Province",,0.59478048582244,109.94134257495746,-71.554,-40.156
"Directions from Neltume, Panguipulli, Chile to San Martín de los Andes, Neuquén Province",,0.59598381453896,116.52761928683933,-71.553,-40.156
"Directions from Neltume, Panguipulli, Chile to San Martín de los Andes, Neuquén Province",,0.59659438803986,122.91160218965062,-71.553,-40.157
"Directions from Neltume, Panguipulli, Chile to San Martín de los Andes, Neuquén Province",,0.59689671236901,126.87907432380784,-71.552,-40.157
"Directions from Neltume, Panguipulli, Chile to San Martín de los Andes, Neuquén Province",,0.59801192535315,128.20617208021855,-71.551,-40.158
"Directions from Neltume, Panguipulli, Chile to San Martín de los Andes, Neuquén Province",,0.59881192535316,125.27998258615573,-71.551,-40.158
"Directions from Neltume, Panguipulli, Chile to San Martín de los Andes, Neuquén Province",,0.59906431394243,122.21277761419958,-71.551,-40.158
"Directions from Neltume, Panguipulli, Chile to San Martín de los Andes, Neuquén Province",,0.59949477880744,105.36774385076230,-71.550,-40.158
"Directions from Neltume, Panguipulli, Chile to San Martín de los Andes, Neuquén Province",,0.59950477880744,103.08764499081875,-71.550,-40.158
"Directions from Neltume, Panguipulli, Chile to San Martín de los Andes, Neuquén Province",,0.60016219800400,114.62285111607378,-71.550,-40.159
"Directions from Neltume, Panguipulli, Chile to San Martín de los Andes, Neuquén Province",,0.60074913922762,111.21470321291710,-71.549,-40.159
"Directions from Neltume, Panguipulli, Chile to San Martín de los Andes, Neuquén Province",,0.60114131265865,107.44155258627249,-71.549,-40.159
"Directions from Neltume, Panguipulli, Chile to San Martín de los Andes, Neuquén Province",,0.60151494349249,97.76205549861044,-71.548,-40.159
"Directions from Neltume, Panguipulli, Chile to San Martín de los Andes, Neuquén Province",,0.60153494349250,97.49753956457587,-71.548,-40.159
"Directions from Neltume, Panguipulli, Chile to San Martín de los Andes, Neuquén Province",,0.60211468481412,106.71501397569762,-71.548,-40.159
"Directions from Neltume, Panguipulli, Chile to San Martín de los Andes, Neuquén Province",,0.60230442147373,110.34198623979998,-71.548,-40.159
"Directions from Neltume, Panguipulli, Chile to San Martín de los Andes, Neuquén Province",,0.60277981604669,109.52369771920470,-71.547,-40.160
"Directions from Neltume, Panguipulli, Chile to San Martín de los Andes, Neuquén Province",,0.60333344046812,98.39918589052648,-71.547,-40.160
"Directions from Neltume, Panguipulli, Chile to San Martín de los Andes, Neuquén Province",,0.60334344046811,102.38757028411808,-71.547,-40.160
"Directions from Neltume, Panguipulli, Chile to San Martín de los Andes, Neuquén Province",,0.60348661867874,117.26001093290236,-71.546,-40.160
"Directions from Neltume, Panguipulli, Chile to San Martín de los Andes, Neuquén Province",,0.60356724125624,116.68712951364550,-71.546,-40.160
"Directions from Neltume, Panguipulli, Chile to San Martín de los Andes, Neuquén Province",,0.60391652624017,110.16431098279176,-71.546,-40.160
"Directions from Neltume, Panguipulli, Chile to San Martín de los Andes, Neuquén Province",,0.60412533237034,108.62764472730402,-71.546,-40.160
"Directions from Neltume, Panguipulli, Chile to San Martín de los Andes, Neuquén Province",,0.60446709252015,112.39189526801199,-71.546,-40.160
"Directions from Neltume, Panguipulli, Chile to San Martín de los Andes, Neuquén Province",,0.60468640964215,110.08657060986810,-71.545,-40.160
"Directions from Neltume, Panguipulli, Chile to San Martín de los Andes, Neuquén Province",,0.60490481293883,97.97269795122953,-71.545,-40.160
"Directions from Neltume, Panguipulli, Chile to San Martín de los Andes, Neuquén Province",,0.60491481293883,97.01812173316497,-71.545,-40.160
"Directions from Neltume, Panguipulli, Chile to San Martín de los Andes, Neuquén Province",,0.60503850610760,97.01812173316500,-71.545,-40.160
"Directions from Neltume, Panguipulli, Chile to San Martín de los Andes, Neuquén Province",,0.60517850610760,84.34503376403376,-71.545,-40.160
"Directions from Neltume, Panguipulli, Chile to San Martín de los Andes, Neuquén Province",,0.60533147669301,73.44432901875211,-71.545,-40.160
"Directions from Neltume, Panguipulli, Chile to San Martín de los Andes, Neuquén Province",,0.60538532834107,71.47173590303288,-71.545,-40.160
"Directions from Neltume, Panguipulli, Chile to San Martín de los Andes, Neuquén Province",,0.60561336342610,72.88723674378680,-71.544,-40.160
"Directions from Neltume, Panguipulli, Chile to San Martín de los Andes, Neuquén Province",,0.60595174191240,67.23227050795110,-71.544,-40.160
"Directions from Neltume, Panguipulli, Chile to San Martín de los Andes, Neuquén Province",,0.60613062735061,55.62525275469356,-71.544,-40.160
"Directions from Neltume, Panguipulli, Chile to San Martín de los Andes, Neuquén Province",,0.60656248380824,54.03533769092520,-71.544,-40.160
"Directions from Neltume, Panguipulli, Chile to San Martín de los Andes, Neuquén Province",,0.60664310638573,56.69261052741688,-71.544,-40.160
"Directions from Neltume, Panguipulli, Chile to San Martín de los Andes, Neuquén Province",,0.60669310638572,59.58380669183706,-71.544,-40.160
"Directions from Neltume, Panguipulli, Chile to San Martín de los Andes, Neuquén Province",,0.60679159496374,72.36378927455470,-71.543,-40.160
"Directions from Neltume, Panguipulli, Chile to San Martín de los Andes, Neuquén Province",,0.60689357535402,82.14568108476450,-71.543,-40.160
"Directions from Neltume, Panguipulli, Chile to San Martín de los Andes, Neuquén Province",,0.60702395940212,87.80064732334040,-71.543,-40.160
"Directions from Neltume, Panguipulli, Chile to San Martín de los Andes, Neuquén Province",,0.60715395940212,94.73116110181222,-71.543,-40.160
"Directions from Neltume, Panguipulli, Chile to San Martín de los Andes, Neuquén Province",,0.60721478702742,96.41439143408869,-71.543,-40.160
"Directions from Neltume, Panguipulli, Chile to San Martín de los Andes, Neuquén Province",,0.60738508089108,99.14893892117628,-71.543,-40.160
"Directions from Neltume, Panguipulli, Chile to San Martín de los Andes, Neuquén Province",,0.60769556438500,109.57958124753839,-71.543,-40.160
"Directions from Neltume, Panguipulli, Chile to San Martín de los Andes, Neuquén Province",,0.60791488150700,116.33533697180383,-71.542,-40.160
"Directions from Neltume, Panguipulli, Chile to San Martín de los Andes, Neuquén Province",,0.60818782838827,115.12216905563930,-71.542,-40.160
"Directions from Neltume, Panguipulli, Chile to San Martín de los Andes, Neuquén Province",,0.60834938333249,106.94808328137719,-71.542,-40.160
"Directions from Neltume, Panguipulli, Chile to San Martín de los Andes, Neuquén Province",,0.60849256154313,109.32990411930002,-71.542,-40.160
"Directions from Neltume, Panguipulli, Chile to San Martín de los Andes, Neuquén Province",,0.60851492222291,107.34757675767833,-71.542,-40.160
"Directions from Neltume, Panguipulli, Chile to San Martín de los Andes, Neuquén Province",,0.60865634357913,94.06505117728155,-71.542,-40.160
"Directions from Neltume, Panguipulli, Chile to San Martín de los Andes, Neuquén Province",,0.60881634357914,87.14470343135096,-71.542,-40.160
"Directions from Neltume, Panguipulli, Chile to San Martín de los Andes, Neuquén Province",,0.60921833860398,86.32641491027692,-71.541,-40.160
"Directions from Neltume, Panguipulli, Chile to San Martín de los Andes, Neuquén Province",,0.60956848143198,86.98235880174752,-71.541,-40.160
"Directions from Neltume, Panguipulli, Chile to San Martín de los Andes, Neuquén Province",,0.60995963357629,83.31433401509825,-71.540,-40.160
"Directions from Neltume, Panguipulli, Chile to San Martín de los Andes, Neuquén Province",,0.61015198741691,76.29621228285130,-71.540,-40.160
"Directions from Neltume, Panguipulli, Chile to San Martín de los Andes, Neuquén Province",,0.61018361019351,75.63010235668008,-71.540,-40.160
"Directions from Neltume, Panguipulli, Chile to San Martín de los Andes, Neuquén Province",,0.61029541359239,71.56505117553098,-71.540,-40.160
"Directions from Neltume, Panguipulli, Chile to San Martín de los Andes, Neuquén Province",,0.61038485631149,76.71747440942546,-71.540,-40.160
"Directions from Neltume, Panguipulli, Chile to San Martín de los Andes, Neuquén Province",,0.61039485631149,70.09721445653700,-71.540,-40.160
"Directions from Neltume, Panguipulli, Chile to San Martín de los Andes, Neuquén Province",,0.61047295880825,47.59721445526476,-71.540,-40.160
"Directions from Neltume, Panguipulli, Chile to San Martín de los Andes, Neuquén Province",,0.61058609589324,36.65037788079722,-71.540,-40.160
"Directions from Neltume, Panguipulli, Chile to San Martín de los Andes, Neuquén Province",,0.61073374412384,34.05316342920313,-71.540,-40.160
"Directions from Neltume, Panguipulli, Chile to San Martín de los Andes, Neuquén Province",,0.61081184662060,47.13394665224680,-71.540,-40.160
"Directions from Neltume, Panguipulli, Chile to San Martín de los Andes, Neuquén Province",,0.61089786987327,63.01368669297360,-71.540,-40.160
"Directions from Neltume, Panguipulli, Chile to San Martín de los Andes, Neuquén Province",,0.61099273820308,63.93749182330478,-71.540,-40.159
"Directions from Neltume, Panguipulli, Chile to San Martín de los Andes, Neuquén Province",,0.61102879371583,67.76281730193026,-71.540,-40.159
"Directions from Neltume, Panguipulli, Chile to San Martín de los Andes, Neuquén Province",,0.61145634488236,80.54279988934982,-71.539,-40.159
"Directions from Neltume, Panguipulli, Chile to San Martín de los Andes, Neuquén Province",,0.61195131962919,84.14678163530182,-71.539,-40.159
"Directions from Neltume, Panguipulli, Chile to San Martín de los Andes, Neuquén Province",,0.61275288060629,88.55697141148278,-71.538,-40.159
"Directions from Neltume, Panguipulli, Chile to San Martín de los Andes, Neuquén Province",,0.61358294084506,89.42133346575127,-71.537,-40.159
"Directions from Neltume, Panguipulli, Chile to San Martín de los Andes, Neuquén Province",,0.61389310209344,86.59132450276590,-71.537,-40.159
"Directions from Neltume, Panguipulli, Chile to San Martín de los Andes, Neuquén Province",,0.61435483794867,90.11234408948189,-71.536,-40.159
"Directions from Neltume, Panguipulli, Chile to San Martín de los Andes, Neuquén Province",,0.61468619877919,101.14857893915899,-71.536,-40.159
"Directions from Neltume, Panguipulli, Chile to San Martín de los Andes, Neuquén Province",,0.61482221348428,110.15065974203418,-71.536,-40.159
"Directions from Neltume, Panguipulli, Chile to San Martín de los Andes, Neuquén Province",,0.61497452894640,124.09929527665319,-71.536,-40.159
"Directions from Neltume, Panguipulli, Chile to San Martín de los Andes, Neuquén Province",,0.61498867108201,128.57614759049645,-71.536,-40.159
"Directions from Neltume, Panguipulli, Chile to San Martín de los Andes, Neuquén Province",,0.61540207161420,128.57614758031869,-71.535,-40.160
"Directions from Neltume, Panguipulli, Chile to San Martín de los Andes, Neuquén Province",,0.61541621374981,129.03533892146584,-71.535,-40.160
"Directions from Neltume, Panguipulli, Chile to San Martín de los Andes, Neuquén Province",,0.61592934141424,120.57158237949623,-71.535,-40.160
"Directions from Neltume, Panguipulli, Chile to San Martín de los Andes, Neuquén Province",,0.61609934141423,115.13798273422968,-71.535,-40.160
"Directions from Neltume, Panguipulli, Chile to San Martín de los Andes, Neuquén Province",,0.61662858615913,107.36614312035768,-71.534,-40.160
"Directions from Neltume, Panguipulli, Chile to San Martín de los Andes, Neuquén Province",,0.61672078160370,105.48187826647580,-71.534,-40.160
"Directions from Neltume, Panguipulli, Chile to San Martín de los Andes, Neuquén Province",,0.61691051826331,103.10005742077414,-71.534,-40.160
"Directions from Neltume, Panguipulli, Chile to San Martín de los Andes, Neuquén Province",,0.61713255429642,95.85517612303298,-71.534,-40.160
"Directions from Neltume, Panguipulli, Chile to San Martín de los Andes, Neuquén Province",,0.61742324313351,98.78609054457360,-71.533,-40.160
"Directions from Neltume, Panguipulli, Chile to San Martín de los Andes, Neuquén Province",,0.61776280167044,106.80505069142242,-71.533,-40.160
"Directions from Neltume, Panguipulli, Chile to San Martín de los Andes, Neuquén Province",,0.61787984866954,113.27407884978616,-71.533,-40.160
"Directions from Neltume, Panguipulli, Chile to San Martín de los Andes, Neuquén Province",,0.61796929138864,121.05136448342590,-71.533,-40.160
"Directions from Neltume, Panguipulli, Chile to San Martín de los Andes, Neuquén Province",,0.61805531464131,129.20829069622155,-71.533,-40.160
"Directions from Neltume, Panguipulli, Chile to San Martín de los Andes, Neuquén Province",,0.61824636437306,129.87440062588510,-71.533,-40.161
"Directions from Neltume, Panguipulli, Chile to San Martín de los Andes, Neuquén Province",,0.61829636437306,132.97775721448622,-71.533,-40.161
"Directions from Neltume, Panguipulli, Chile to San Martín de los Andes, Neuquén Province",,0.61869335303788,131.38784215918892,-71.532,-40.161
"Directions from Neltume, Panguipulli, Chile to San Martín de los Andes, Neuquén Province",,0.61872940855063,116.06250818037491,-71.532,-40.161
"Directions from Neltume, Panguipulli, Chile to San Martín de los Andes, Neuquén Province",,0.61891914521024,101.59929525536177,-71.532,-40.161
"Directions from Neltume, Panguipulli, Chile to San Martín de los Andes, Neuquén Province",,0.61903956115604,91.85136499931725,-71.532,-40.161
"Directions from Neltume, Panguipulli, Chile to San Martín de los Andes, Neuquén Province",,0.61957965374070,90.97593790666282,-71.532,-40.161
"Directions from Neltume, Panguipulli, Chile to San Martín de los Andes, Neuquén Province",,0.61976991671659,97.77079760807716,-71.531,-40.161
"Directions from Neltume, Panguipulli, Chile to San Martín de los Andes, Neuquén Province",,0.61986211216117,108.48638124488734,-71.531,-40.161
"Directions from Neltume, Panguipulli, Chile to San Martín de los Andes, Neuquén Province",,0.61998294262091,118.53159892438498,-71.531,-40.161
"Directions from Neltume, Panguipulli, Chile to San Martín de los Andes, Neuquén Province",,0.62027975906249,131.40683599052397,-71.531,-40.161
"Directions from Neltume, Panguipulli, Chile to San Martín de los Andes, Neuquén Province",,0.62035786155926,146.81468886192468,-71.531,-40.161
"Directions from Neltume, Panguipulli, Chile to San Martín de los Andes, Neuquén Province",,0.62042494359859,158.25371787609117,-71.531,-40.161
"Directions from Neltume, Panguipulli, Chile to San Martín de los Andes, Neuquén Province",,0.62066535990419,158.25371788423337,-71.531,-40.162
"Directions from Neltume, Panguipulli, Chile to San Martín de los Andes, Neuquén Province",,0.62071008126373,158.95541891692167,-71.531,-40.162
"Directions from Neltume, Panguipulli, Chile to San Martín de los Andes, Neuquén Province",,0.62089689668066,167.34674098532139,-71.531,-40.162
"Directions from Neltume, Panguipulli, Chile to San Martín de los Andes, Neuquén Province",,0.62119117546005,175.10879648393180,-71.531,-40.162
"Directions from Neltume, Panguipulli, Chile to San Martín de los Andes, Neuquén Province",,0.62121117546005,173.73559614350842,-71.531,-40.162
"Directions from Neltume, Panguipulli, Chile to San Martín de los Andes, Neuquén Province",,0.62130337090462,164.51812173340446,-71.531,-40.162
"Directions from Neltume, Panguipulli, Chile to San Martín de los Andes, Neuquén Province",,0.62139823923443,170.78252558989601,-71.531,-40.162
"Directions from Neltume, Panguipulli, Chile to San Martín de los Andes, Neuquén Province",,0.62140823923442,163.15496623596624,-71.531,-40.162
"Directions from Neltume, Panguipulli, Chile to San Martín de los Andes, Neuquén Province",,0.62151640577269,138.05775178476841,-71.530,-40.162
"Directions from Neltume, Panguipulli, Chile to San Martín de los Andes, Neuquén Province",,0.62159450826944,124.20801538061789,-71.530,-40.162
"Directions from Neltume, Panguipulli, Chile to San Martín de los Andes, Neuquén Province",,0.62171980791031,113.95025294122875,-71.530,-40.163
"Directions from Neltume, Panguipulli, Chile to San Martín de los Andes, Neuquén Province",,0.62193170411132,101.88732611425016,-71.530,-40.163
"Directions from Neltume, Panguipulli, Chile to San Martín de los Andes, Neuquén Province",,0.62346640277880,97.39472623905731,-71.529,-40.163
"Directions from Neltume, Panguipulli, Chile to San Martín de los Andes, Neuquén Province",,0.62369000957655,98.32251910705104,-71.528,-40.163
"Directions from Neltume, Panguipulli, Chile to San Martín de los Andes, Neuquén Province",,0.62387111727931,98.23243170063039,-71.528,-40.163
"Directions from Neltume, Panguipulli, Chile to San Martín de los Andes, Neuquén Province",,0.62415554653238,102.68989517952419,-71.528,-40.163
"Directions from Neltume, Panguipulli, Chile to San Martín de los Andes, Neuquén Province",,0.62461161670242,107.17430535159097,-71.527,-40.163
"Directions from Neltume, Panguipulli, Chile to San Martín de los Andes, Neuquén Province",,0.62488675303227,110.61933601903468,-71.527,-40.163
"Directions from Neltume, Panguipulli, Chile to San Martín de los Andes, Neuquén Province",,0.62581524643558,106.18367433588573,-71.526,-40.163
"Directions from Neltume, Panguipulli, Chile to San Martín de los Andes, Neuquén Province",,0.62643508512428,94.18727918407981,-71.526,-40.164
"Directions from Neltume, Panguipulli, Chile to San Martín de los Andes, Neuquén Province",,0.62674524637266,84.81081206232199,-71.525,-40.163
"Directions from Neltume, Panguipulli, Chile to San Martín de los Andes, Neuquén Province",,0.62735195882514,80.07965095794948,-71.525,-40.163
"Directions from Neltume, Panguipulli, Chile to San Martín de los Andes, Neuquén Province",,0.62760690980083,71.06250817445090,-71.525,-40.163
"Directions from Neltume, Panguipulli, Chile to San Martín de los Andes, Neuquén Province",,0.62765163116037,67.50000000000000,-71.525,-40.163
"Directions from Neltume, Panguipulli, Chile to San Martín de los Andes, Neuquén Province",,0.62780974504339,67.98143181263130,-71.524,-40.163
"Directions from Neltume, Panguipulli, Chile to San Martín de los Andes, Neuquén Province",,0.62834200437867,61.39515510131732,-71.524,-40.163
"Directions from Neltume, Panguipulli, Chile to San Martín de los Andes, Neuquén Province",,0.62849464775389,60.91372328868600,-71.524,-40.163
"Directions from Neltume, Panguipulli, Chile to San Martín de los Andes, Neuquén Province",,0.62856172979322,57.07277097920312,-71.524,-40.163
"Directions from Neltume, Panguipulli, Chile to San Martín de los Andes, Neuquén Province",,0.62870385649725,54.35260496484396,-71.524,-40.163
"Directions from Neltume, Panguipulli, Chile to San Martín de los Andes, Neuquén Province",,0.62889253611990,53.40434581352644,-71.523,-40.163
"Directions from Neltume, Panguipulli, Chile to San Martín de los Andes, Neuquén Province",,0.62899883757803,45.22380708414820,-71.523,-40.163
"Directions from Neltume, Panguipulli, Chile to San Martín de los Andes, Neuquén Province",,0.62911925352381,37.90983091081191,-71.523,-40.163
"Directions from Neltume, Panguipulli, Chile to San Martín de los Andes, Neuquén Province",,0.62975995626300,35.52801006649888,-71.523,-40.162
"Directions from Neltume, Panguipulli, Chile to San Martín de los Andes, Neuquén Province",,0.63000995626300,31.07380994098154,-71.523,-40.162
"Directions from Neltume, Panguipulli, Chile to San Martín de los Andes, Neuquén Province",,0.63040807684775,27.67315252786875,-71.523,-40.162
"Directions from Neltume, Panguipulli, Chile to San Martín de los Andes, Neuquén Province",,0.63062762183175,37.53429141114590,-71.522,-40.161
"Directions from Neltume, Panguipulli, Chile to San Martín de los Andes, Neuquén Province",,0.63079732745924,50.65496623754510,-71.522,-40.161
"Directions from Neltume, Panguipulli, Chile to San Martín de los Andes, Neuquén Province",,0.63097760502300,59.87244064849722,-71.522,-40.161
"Directions from Neltume, Panguipulli, Chile to San Martín de los Andes, Neuquén Province",,0.63151426133761,66.29024539132585,-71.522,-40.161
"Directions from Neltume, Panguipulli, Chile to San Martín de los Andes, Neuquén Province",,0.63173898338815,71.22314886215528,-71.522,-40.161
"Directions from Neltume, Panguipulli, Chile to San Martín de los Andes, Neuquén Province",,0.63184338645324,76.91921677861690,-71.521,-40.161
"Directions from Neltume, Panguipulli, Chile to San Martín de los Andes, Neuquén Province",,0.63196504170384,85.26883889598720,-71.521,-40.161
"Directions from Neltume, Panguipulli, Chile to San Martín de los Andes, Neuquén Province",,0.63220504170385,95.15242323492583,-71.521,-40.161
"Directions from Neltume, Panguipulli, Chile to San Martín de los Andes, Neuquén Province",,0.63254045190047,97.87258925019989,-71.521,-40.161
"Directions from Neltume, Panguipulli, Chile to San Martín de los Andes, Neuquén Province",,0.63275140213157,91.28896340171055,-71.521,-40.161
"Directions from Neltume, Panguipulli, Chile to San Martín de los Andes, Neuquén Province",,0.63295165197551,84.50374620956207,-71.520,-40.161
"Directions from Neltume, Panguipulli, Chile to San Martín de los Andes, Neuquén Province",,0.63309307333175,72.65242323458656,-71.520,-40.161
"Directions from Neltume, Panguipulli, Chile to San Martín de los Andes, Neuquén Province",,0.63313779469130,71.56505117756654,-71.520,-40.161
"Directions from Neltume, Panguipulli, Chile to San Martín de los Andes, Neuquén Province",,0.63324959809018,75.12755935220530,-71.520,-40.161
"Directions from Neltume, Panguipulli, Chile to San Martín de los Andes, Neuquén Province",,0.63342987565395,65.75268053617718,-71.520,-40.161
"Directions from Neltume, Panguipulli, Chile to San Martín de los Andes, Neuquén Province",,0.63353283195536,52.97269795007736,-71.520,-40.161
"Directions from Neltume, Panguipulli, Chile to San Martín de los Andes, Neuquén Province",,0.63358940049785,50.65496623074686,-71.520,-40.161
"Directions from Neltume, Panguipulli, Chile to San Martín de los Andes, Neuquén Province",,0.63362545601061,46.58991505855420,-71.520,-40.161
"Directions from Neltume, Panguipulli, Chile to San Martín de los Andes, Neuquén Province",,0.63367545601061,18.43494882780735,-71.520,-40.161
"Directions from Neltume, Panguipulli, Chile to San Martín de los Andes, Neuquén Province",,0.63369545601061,9.21747440128323,-71.520,-40.161
"Directions from Neltume, Panguipulli, Chile to San Martín de los Andes, Neuquén Province",,0.63372707878721,9.21747440128323,-71.520,-40.160
"Directions from Neltume, Panguipulli, Chile to San Martín de los Andes, Neuquén Province",,0.63374707878721,346.71747442367439,-71.520,-40.160
"Directions from Neltume, Panguipulli, Chile to San Martín de los Andes, Neuquén Province",,0.63376943946698,346.71747442367439,-71.520,-40.160
"Directions from Neltume, Panguipulli, Chile to San Martín de los Andes, Neuquén Province",,0.63377943946698,337.49999999999994,-71.520,-40.160
"Directions from Neltume, Panguipulli, Chile to San Martín de los Andes, Neuquén Province",,0.63379358160260,305.78252558039679,-71.520,-40.160
"Directions from Neltume, Panguipulli, Chile to San Martín de los Andes, Neuquén Province",,0.63381594228238,305.78252558548564,-71.520,-40.160
"Directions from Neltume, Panguipulli, Chile to San Martín de los Andes, Neuquén Province",,0.63384422655363,297.23116111020198,-71.520,-40.160
"Directions from Neltume, Panguipulli, Chile to San Martín de los Andes, Neuquén Province",,0.63390505417893,274.73116110511313,-71.520,-40.160
"Directions from Neltume, Panguipulli, Chile to San Martín de los Andes, Neuquén Province",,0.63397505417893,265.93494882210780,-71.520,-40.160
"Directions from Neltume, Panguipulli, Chile to San Martín de los Andes, Neuquén Province",,0.63404576485705,258.66772128246566,-71.520,-40.160
"Directions from Neltume, Panguipulli, Chile to San Martín de los Andes, Neuquén Province",,0.63432469137067,258.00161135634511,-71.520,-40.160
"Directions from Neltume, Panguipulli, Chile to San Martín de los Andes, Neuquén Province",,0.63444634662127,265.26883889598713,-71.520,-40.160
"Directions from Neltume, Panguipulli, Chile to San Martín de los Andes, Neuquén Province",,0.63447634662127,247.49999999999997,-71.520,-40.160
"Directions from Neltume, Panguipulli, Chile to San Martín de los Andes, Neuquén Province",,0.63449048875690,253.15496623727103,-71.520,-40.160
"Directions from Neltume, Panguipulli, Chile to San Martín de los Andes, Neuquén Province",,0.63464345934231,286.55567097974506,-71.521,-40.160
"Directions from Neltume, Panguipulli, Chile to San Martín de los Andes, Neuquén Province",,0.63469731099038,298.66954363818610,-71.521,-40.160
"Directions from Neltume, Panguipulli, Chile to San Martín de los Andes, Neuquén Province",,0.63478333424305,313.43893476965997,-71.521,-40.160
"Directions from Neltume, Panguipulli, Chile to San Martín de los Andes, Neuquén Province",,0.63484736548542,331.45262146045138,-71.521,-40.160
"Directions from Neltume, Panguipulli, Chile to San Martín de los Andes, Neuquén Province",,0.63491061103863,350.78252558650343,-71.521,-40.160
"Directions from Neltume, Panguipulli, Chile to San Martín de los Andes, Neuquén Province",,0.63498061103862,8.34962211550283,-71.521,-40.160
"Directions from Neltume, Panguipulli, Chile to San Martín de los Andes, Neuquén Province",,0.63508501410371,13.50204535151428,-71.521,-40.160
"Directions from Neltume, Panguipulli, Chile to San Martín de los Andes, Neuquén Province",,0.63519681750259,13.82943555435943,-71.521,-40.160
"Directions from Neltume, Panguipulli, Chile to San Martín de los Andes, Neuquén Province",,0.63536444804873,11.84710819229587,-71.521,-40.160
"Directions from Neltume, Panguipulli, Chile to San Martín de los Andes, Neuquén Province",,0.63545500190012,16.45262145027357,-71.521,-40.160
"Directions from Neltume, Panguipulli, Chile to San Martín de los Andes, Neuquén Province",,0.63547736257989,13.28252557632567,-71.521,-40.160
"Directions from Neltume, Panguipulli, Chile to San Martín de los Andes, Neuquén Province",,0.63559736257989,350.00844673934716,-71.521,-40.160
"Directions from Neltume, Panguipulli, Chile to San Martín de los Andes, Neuquén Province",,0.63571440957899,327.50844673934722,-71.521,-40.159
"Directions from Neltume, Panguipulli, Chile to San Martín de los Andes, Neuquén Province",,0.63577097812149,311.82990412605204,-71.521,-40.159
"Directions from Neltume, Panguipulli, Chile to San Martín de los Andes, Neuquén Province",,0.63583500936386,304.81178239268752,-71.521,-40.159
"Directions from Neltume, Panguipulli, Chile to San Martín de los Andes, Neuquén Province",,0.63589331888281,294.35421407904579,-71.521,-40.159
"Directions from Neltume, Panguipulli, Chile to San Martín de los Andes, Neuquén Province",,0.63615580697777,284.26448474639204,-71.521,-40.159
"Directions from Neltume, Panguipulli, Chile to San Martín de los Andes, Neuquén Province",,0.63658335814431,282.60253549779958,-71.521,-40.159
"Directions from Neltume, Panguipulli, Chile to San Martín de los Andes, Neuquén Province",,0.63694474436430,295.64533538673987,-71.522,-40.159
"Directions from Neltume, Panguipulli, Chile to San Martín de los Andes, Neuquén Province",,0.63704474436429,316.58991505993214,-71.522,-40.159
"Directions from Neltume, Panguipulli, Chile to San Martín de los Andes, Neuquén Province",,0.63711685538980,335.18226828424434,-71.522,-40.159
"Directions from Neltume, Panguipulli, Chile to San Martín de los Andes, Neuquén Province",,0.63718965648870,352.02730204723412,-71.522,-40.159
"Directions from Neltume, Panguipulli, Chile to San Martín de los Andes, Neuquén Province",,0.63724965648869,13.28252558853900,-71.522,-40.159
"Directions from Neltume, Panguipulli, Chile to San Martín de los Andes, Neuquén Province",,0.63736145988757,36.70633072246732,-71.522,-40.159
"Directions from Neltume, Panguipulli, Chile to San Martín de los Andes, Neuquén Province",,0.63758077700957,53.74492836204946,-71.522,-40.159
"Directions from Neltume, Panguipulli, Chile to San Martín de los Andes, Neuquén Province",,0.63776435260707,67.19102087403030,-71.522,-40.159
"Directions from Neltume, Panguipulli, Chile to San Martín de los Andes, Neuquén Province",,0.63801435260708,68.58737204922797,-71.521,-40.158
"Directions from Neltume, Panguipulli, Chile to San Martín de los Andes, Neuquén Province",,0.63803671328685,70.45307054898252,-71.521,-40.158
"Directions from Neltume, Panguipulli, Chile to San Martín de los Andes, Neuquén Province",,0.63812890873142,80.38067774213262,-71.521,-40.158
"Directions from Neltume, Panguipulli, Chile to San Martín de los Andes, Neuquén Province",,0.63830008115912,86.27305199516530,-71.521,-40.158
"Directions from Neltume, Panguipulli, Chile to San Martín de los Andes, Neuquén Province",,0.63907014609143,90.59871359411270,-71.520,-40.158
"Directions from Neltume, Panguipulli, Chile to San Martín de los Andes, Neuquén Province",,0.63966048497716,90.97074319541628,-71.520,-40.158
"Directions from Neltume, Panguipulli, Chile to San Martín de los Andes, Neuquén Province",,0.64245048497717,86.43749182429646,-71.517,-40.158
"Directions from Neltume, Panguipulli, Chile to San Martín de los Andes, Neuquén Province",,0.64253110755465,78.80993247261098,-71.517,-40.158
"Directions from Neltume, Panguipulli, Chile to San Martín de los Andes, Neuquén Province",,0.64264512509716,69.08991505977552,-71.517,-40.158
"Directions from Neltume, Panguipulli, Chile to San Martín de los Andes, Neuquén Province",,0.64271220713648,31.71747441146101,-71.517,-40.158
"Directions from Neltume, Panguipulli, Chile to San Martín de los Andes, Neuquén Province",,0.64272220713648,31.71747441146101,-71.517,-40.158
"Directions from Neltume, Panguipulli, Chile to San Martín de los Andes, Neuquén Province",,0.64281164985558,55.46225087368960,-71.517,-40.158
"Directions from Neltume, Panguipulli, Chile to San Martín de los Andes, Neuquén Province",,0.64297443806155,43.07468058861167,-71.516,-40.158
"Directions from Neltume, Panguipulli, Chile to San Martín de los Andes, Neuquén Province",,0.64335862551579,35.69751726262059,-71.516,-40.158
"Directions from Neltume, Panguipulli, Chile to San Martín de los Andes, Neuquén Province",,0.64369149185533,16.36761313623752,-71.516,-40.158
"Directions from Neltume, Panguipulli, Chile to San Martín de los Andes, Neuquén Province",,0.64370149185533,13.28252559261011,-71.516,-40.158
"Directions from Neltume, Panguipulli, Chile to San Martín de los Andes, Neuquén Province",,0.64376857389466,23.56054820128646,-71.516,-40.158
"Directions from Neltume, Panguipulli, Chile to San Martín de los Andes, Neuquén Province",,0.64385401393211,17.29614434443568,-71.516,-40.157
"Directions from Neltume, Panguipulli, Chile to San Martín de los Andes, Neuquén Province",,0.64393647604462,10.18821760523892,-71.516,-40.157
"Directions from Neltume, Panguipulli, Chile to San Martín de los Andes, Neuquén Province",,0.64402702989601,1.86881476965669,-71.516,-40.157
"Directions from Neltume, Panguipulli, Chile to San Martín de los Andes, Neuquén Province",,0.64424725705146,355.13621072478662,-71.516,-40.157
"Directions from Neltume, Panguipulli, Chile to San Martín de los Andes, Neuquén Province",,0.64432787962895,356.43749182460965,-71.516,-40.157
"Directions from Neltume, Panguipulli, Chile to San Martín de los Andes, Neuquén Province",,0.64441787962894,22.50000000000000,-71.516,-40.157
"Directions from Neltume, Panguipulli, Chile to San Martín de los Andes, Neuquén Province",,0.64443202176457,32.77802260867635,-71.516,-40.157
"Directions from Neltume, Panguipulli, Chile to San Martín de los Andes, Neuquén Province",,0.64451746180202,28.04686150493862,-71.516,-40.157
"Directions from Neltume, Panguipulli, Chile to San Martín de los Andes, Neuquén Province",,0.64468950830736,40.26883889626227,-71.516,-40.157
"Directions from Neltume, Panguipulli, Chile to San Martín de los Andes, Neuquén Province",,0.64476021898548,54.21747440874694,-71.516,-40.157
"Directions from Neltume, Panguipulli, Chile to San Martín de los Andes, Neuquén Province",,0.64482730102480,60.10161887531612,-71.516,-40.157
"Directions from Neltume, Panguipulli, Chile to San Martín de los Andes, Neuquén Province",,0.64517399974127,65.18937429916282,-71.515,-40.156
"Directions from Neltume, Panguipulli, Chile to San Martín de los Andes, Neuquén Province",,0.64535120019273,79.42340898807286,-71.515,-40.156
"Directions from Neltume, Panguipulli, Chile to San Martín de los Andes, Neuquén Province",,0.64547161613852,87.61817915547924,-71.515,-40.156
"Directions from Neltume, Panguipulli, Chile to San Martín de los Andes, Neuquén Province",,0.64563161613853,94.06505117687443,-71.515,-40.156
"Directions from Neltume, Panguipulli, Chile to San Martín de los Andes, Neuquén Province",,0.64577303749476,94.70156618665160,-71.515,-40.156
"Directions from Neltume, Panguipulli, Chile to San Martín de los Andes, Neuquén Province",,0.64622314859216,86.01345863687759,-71.514,-40.156
"Directions from Neltume, Panguipulli, Chile to San Martín de los Andes, Neuquén Province",,0.64665880901037,78.03874705850500,-71.514,-40.156
"Directions from Neltume, Panguipulli, Chile to San Martín de los Andes, Neuquén Province",,0.64709297487730,70.27423314728649,-71.514,-40.156
"Directions from Neltume, Panguipulli, Chile to San Martín de los Andes, Neuquén Province",,0.64723615308793,57.31178239325996,-71.513,-40.156
"Directions from Neltume, Panguipulli, Chile to San Martín de los Andes, Neuquén Province",,0.64742054397708,41.15197413817693,-71.513,-40.156
"Directions from Neltume, Panguipulli, Chile to San Martín de los Andes, Neuquén Province",,0.64762302854439,38.95262146249518,-71.513,-40.156
"Directions from Neltume, Panguipulli, Chile to San Martín de los Andes, Neuquén Province",,0.64770788135813,54.89943817820912,-71.513,-40.156
"Directions from Neltume, Panguipulli, Chile to San Martín de los Andes, Neuquén Province",,0.64789576430041,77.39943817651285,-71.513,-40.156
"Directions from Neltume, Panguipulli, Chile to San Martín de los Andes, Neuquén Province",,0.64790576430041,80.78252558752122,-71.513,-40.156
"Directions from Neltume, Panguipulli, Chile to San Martín de los Andes, Neuquén Province",,0.64796900985361,76.05136448240812,-71.513,-40.156
"Directions from Neltume, Panguipulli, Chile to San Martín de los Andes, Neuquén Province",,0.64802983747892,85.26883889488690,-71.513,-40.156
"Directions from Neltume, Panguipulli, Chile to San Martín de los Andes, Neuquén Province",,0.64812983747892,97.01812173635800,-71.513,-40.156
"Directions from Neltume, Panguipulli, Chile to San Martín de los Andes, Neuquén Province",,0.64817106853517,100.02262471493796,-71.513,-40.156
"Directions from Neltume, Panguipulli, Chile to San Martín de los Andes, Neuquén Province",,0.64836211826692,90.62268213405916,-71.512,-40.156
"Directions from Neltume, Panguipulli, Chile to San Martín de los Andes, Neuquén Province",,0.64848253421271,81.35377530006529,-71.512,-40.156
"Directions from Neltume, Panguipulli, Chile to San Martín de los Andes, Neuquén Province",,0.64866692510185,70.45307055604708,-71.512,-40.156
"Directions from Neltume, Panguipulli, Chile to San Martín de los Andes, Neuquén Province",,0.64871164646140,59.87244064899304,-71.512,-40.156
"Directions from Neltume, Panguipulli, Chile to San Martín de los Andes, Neuquén Province",,0.64881981299966,50.65496623753204,-71.512,-40.156
"Directions from Neltume, Panguipulli, Chile to San Martín de los Andes, Neuquén Province",,0.64896123435591,41.52352126624713,-71.512,-40.155
"Directions from Neltume, Panguipulli, Chile to San Martín de los Andes, Neuquén Province",,0.64925329599323,43.72287394135013,-71.512,-40.155
"Directions from Neltume, Panguipulli, Chile to San Martín de los Andes, Neuquén Province",,0.64934549143780,54.82691202851086,-71.512,-40.155
"Directions from Neltume, Panguipulli, Chile to San Martín de los Andes, Neuquén Province",,0.64942611401529,52.62755934831896,-71.512,-40.155
"Directions from Neltume, Panguipulli, Chile to San Martín de los Andes, Neuquén Province",,0.64945439828653,54.21747440637212,-71.512,-40.155
"Directions from Neltume, Panguipulli, Chile to San Martín de los Andes, Neuquén Province",,0.64956620168541,69.69935267749776,-71.511,-40.155
"Directions from Neltume, Panguipulli, Chile to San Martín de los Andes, Neuquén Province",,0.64964866379792,69.69935268563998,-71.511,-40.155
"Directions from Neltume, Panguipulli, Chile to San Martín de los Andes, Neuquén Province",,0.64967102447770,76.71747441960322,-71.511,-40.155
"Directions from Neltume, Panguipulli, Chile to San Martín de los Andes, Neuquén Province",,0.64992102447770,96.26440385433628,-71.511,-40.155
"Directions from Neltume, Panguipulli, Chile to San Martín de los Andes, Neuquén Province",,0.65010541536684,118.76440384415849,-71.511,-40.155
"Directions from Neltume, Panguipulli, Chile to San Martín de los Andes, Neuquén Province",,0.65011955750246,126.94329087366727,-71.511,-40.155
"Directions from Neltume, Panguipulli, Chile to San Martín de los Andes, Neuquén Province",,0.65045076740569,116.83086116806240,-71.511,-40.155
"Directions from Neltume, Panguipulli, Chile to San Martín de los Andes, Neuquén Province",,0.65059394561634,120.15640918089224,-71.511,-40.155
"Directions from Neltume, Panguipulli, Chile to San Martín de los Andes, Neuquén Province",,0.65076599212167,121.05136448521387,-71.510,-40.155
"Directions from Neltume, Panguipulli, Chile to San Martín de los Andes, Neuquén Province",,0.65078835280145,108.93749182554910,-71.510,-40.155
"Directions from Neltume, Panguipulli, Chile to San Martín de los Andes, Neuquén Province",,0.65099231358199,94.46199422146294,-71.510,-40.155
"Directions from Neltume, Panguipulli, Chile to San Martín de los Andes, Neuquén Province",,0.65123252182498,84.71312697851192,-71.510,-40.155
"Directions from Neltume, Panguipulli, Chile to San Martín de los Andes, Neuquén Province",,0.65263683660451,83.44781599113820,-71.509,-40.155
"Directions from Neltume, Panguipulli, Chile to San Martín de los Andes, Neuquén Province",,0.65357027112283,87.54171699707911,-71.508,-40.155
"Directions from Neltume, Panguipulli, Chile to San Martín de los Andes, Neuquén Province",,0.65363027112283,85.93494882129356,-71.508,-40.155
"Directions from Neltume, Panguipulli, Chile to San Martín de los Andes, Neuquén Province",,0.65370098180095,77.96225087198434,-71.507,-40.155
"Directions from Neltume, Panguipulli, Chile to San Martín de los Andes, Neuquén Province",,0.65377378289985,59.52730204560188,-71.507,-40.155
"Directions from Neltume, Panguipulli, Chile to San Martín de los Andes, Neuquén Province",,0.65380206717109,54.21747440637212,-71.507,-40.155
"Directions from Neltume, Panguipulli, Chile to San Martín de los Andes, Neuquén Province",,0.65384678853064,58.94863551519874,-71.507,-40.155
"Directions from Neltume, Panguipulli, Chile to San Martín de los Andes, Neuquén Province",,0.65401883503598,49.73116110882662,-71.507,-40.155
"Directions from Neltume, Panguipulli, Chile to San Martín de los Andes, Neuquén Province",,0.65404711930723,40.93494882638246,-71.507,-40.155
"Directions from Neltume, Panguipulli, Chile to San Martín de los Andes, Neuquén Province",,0.65409711930723,31.71747440983257,-71.507,-40.155
"Directions from Neltume, Panguipulli, Chile to San Martín de los Andes, Neuquén Province",,0.65418656202633,17.34757676683832,-71.507,-40.155
"Directions from Neltume, Panguipulli, Chile to San Martín de los Andes, Neuquén Province",,0.65432798338257,2.96375209705560,-71.507,-40.155
"Directions from Neltume, Panguipulli, Chile to San Martín de los Andes, Neuquén Province",,0.65458817561919,353.74627768665312,-71.507,-40.154
"Directions from Neltume, Panguipulli, Chile to San Martín de los Andes, Neuquén Province",,0.65469997901807,338.00254300255818,-71.507,-40.154
"Directions from Neltume, Panguipulli, Chile to San Martín de los Andes, Neuquén Province",,0.65484420106909,318.61215784539729,-71.507,-40.154
"Directions from Neltume, Panguipulli, Chile to San Martín de los Andes, Neuquén Province",,0.65504269540149,307.01286259093530,-71.507,-40.154
"Directions from Neltume, Panguipulli, Chile to San Martín de los Andes, Neuquén Province",,0.65559187661021,309.05567098019947,-71.508,-40.154
"Directions from Neltume, Panguipulli, Chile to San Martín de los Andes, Neuquén Province",,0.65560601874584,303.91682708838403,-71.508,-40.154
"Directions from Neltume, Panguipulli, Chile to San Martín de los Andes, Neuquén Province",,0.65581217402712,295.56720497166731,-71.508,-40.154
"Directions from Neltume, Panguipulli, Chile to San Martín de los Andes, Neuquén Province",,0.65595982225772,291.86145854256267,-71.508,-40.154
"Directions from Neltume, Panguipulli, Chile to San Martín de los Andes, Neuquén Province",,0.65626065443684,280.56637722782767,-71.508,-40.154
"Directions from Neltume, Panguipulli, Chile to San Martín de los Andes, Neuquén Province",,0.65646165194927,272.85529656854828,-71.509,-40.154
"Directions from Neltume, Panguipulli, Chile to San Martín de los Andes, Neuquén Province",,0.65655165194927,267.61817915547920,-71.509,-40.154
"Directions from Neltume, Panguipulli, Chile to San Martín de los Andes, Neuquén Province",,0.65667206789505,272.77060238937366,-71.509,-40.154
"Directions from Neltume, Panguipulli, Chile to San Martín de los Andes, Neuquén Province",,0.65678387129394,287.13366772076387,-71.509,-40.154
"Directions from Neltume, Panguipulli, Chile to San Martín de los Andes, Neuquén Province",,0.65688235987195,310.13621073014275,-71.509,-40.154
"Directions from Neltume, Panguipulli, Chile to San Martín de los Andes, Neuquén Province",,0.65691841538471,320.65496623818444,-71.509,-40.153
"Directions from Neltume, Panguipulli, Chile to San Martín de los Andes, Neuquén Province",,0.65694669965596,324.21747441858543,-71.509,-40.153
"Directions from Neltume, Panguipulli, Chile to San Martín de los Andes, Neuquén Province",,0.65696906033573,346.71747442367439,-71.509,-40.153
"Directions from Neltume, Panguipulli, Chile to San Martín de los Andes, Neuquén Province",,0.65700906033573,13.28252557632567,-71.509,-40.153
"Directions from Neltume, Panguipulli, Chile to San Martín de los Andes, Neuquén Province",,0.65703142101549,35.78252557971826,-71.509,-40.153
"Directions from Neltume, Panguipulli, Chile to San Martín de los Andes, Neuquén Province",,0.65707384742237,50.65496623883688,-71.509,-40.153
"Directions from Neltume, Panguipulli, Chile to San Martín de los Andes, Neuquén Province",,0.65714595844788,59.87244064690530,-71.509,-40.153
"Directions from Neltume, Panguipulli, Chile to San Martín de los Andes, Neuquén Province",,0.65719067980742,70.45307055604708,-71.509,-40.153
"Directions from Neltume, Panguipulli, Chile to San Martín de los Andes, Neuquén Province",,0.65737507069657,81.53624346735172,-71.509,-40.153
"Directions from Neltume, Panguipulli, Chile to San Martín de los Andes, Neuquén Province",,0.65802699093710,87.80064732276568,-71.508,-40.153
"Directions from Neltume, Panguipulli, Chile to San Martín de los Andes, Neuquén Province",,0.65833699093710,99.72001741390019,-71.508,-40.153
"Directions from Neltume, Panguipulli, Chile to San Martín de los Andes, Neuquén Province",,0.65851726850087,115.59975745600627,-71.508,-40.153
"Directions from Neltume, Panguipulli, Chile to San Martín de los Andes, Neuquén Province",,0.65901123206228,111.53470628068197,-71.507,-40.154
"Directions from Neltume, Panguipulli, Chile to San Martín de los Andes, Neuquén Province",,0.65906222225742,95.65496623857589,-71.507,-40.154
"Directions from Neltume, Panguipulli, Chile to San Martín de los Andes, Neuquén Province",,0.65911222225742,85.26883889378658,-71.507,-40.154
"Directions from Neltume, Panguipulli, Chile to San Martín de los Andes, Neuquén Province",,0.65917304988271,76.05136448843228,-71.507,-40.154
"Directions from Neltume, Panguipulli, Chile to San Martín de los Andes, Neuquén Province",,0.65920467265932,80.78252559464566,-71.507,-40.154
"Directions from Neltume, Panguipulli, Chile to San Martín de los Andes, Neuquén Province",,0.65922467265931,83.95262146109678,-71.507,-40.154
"Directions from Neltume, Panguipulli, Chile to San Martín de los Andes, Neuquén Province",,0.65936785086995,82.52141884865004,-71.507,-40.153
"Directions from Neltume, Panguipulli, Chile to San Martín de los Andes, Neuquén Province",,0.65956810071390,90.47583480406796,-71.507,-40.153
"Directions from Neltume, Panguipulli, Chile to San Martín de los Andes, Neuquén Province",,0.65971843367768,96.28011854767465,-71.507,-40.153
"Directions from Neltume, Panguipulli, Chile to San Martín de los Andes, Neuquén Province",,0.65998149260643,94.37308113115994,-71.506,-40.154
"Directions from Neltume, Panguipulli, Chile to San Martín de los Andes, Neuquén Province",,0.66007149260643,85.26883889818782,-71.506,-40.154
"Directions from Neltume, Panguipulli, Chile to San Martín de los Andes, Neuquén Province",,0.66013232023174,62.76883889818778,-71.506,-40.154
"Directions from Neltume, Panguipulli, Chile to San Martín de los Andes, Neuquén Province",,0.66014646236737,60.48187826843154,-71.506,-40.153
"Directions from Neltume, Panguipulli, Chile to San Martín de los Andes, Neuquén Province",,0.66018769342362,71.38258300985264,-71.506,-40.153
"Directions from Neltume, Panguipulli, Chile to San Martín de los Andes, Neuquén Province",,0.66026385115467,64.22322384873128,-71.506,-40.153
"Directions from Neltume, Panguipulli, Chile to San Martín de los Andes, Neuquén Province",,0.66097974220784,67.84982115723282,-71.505,-40.153
"Directions from Neltume, Panguipulli, Chile to San Martín de los Andes, Neuquén Province",,0.66112534440563,82.02730204992264,-71.505,-40.153
"Directions from Neltume, Panguipulli, Chile to San Martín de los Andes, Neuquén Province",,0.66120534440562,92.59721445453479,-71.505,-40.153
"Directions from Neltume, Panguipulli, Chile to San Martín de los Andes, Neuquén Province",,0.66131579801580,92.59721445453479,-71.505,-40.153
"Directions from Neltume, Panguipulli, Chile to San Martín de los Andes, Neuquén Province",,0.66151579801579,79.09929525752602,-71.505,-40.153
"Directions from Neltume, Panguipulli, Chile to San Martín de los Andes, Neuquén Province",,0.66156964966387,56.59929525752602,-71.505,-40.153
"Directions from Neltume, Panguipulli, Chile to San Martín de los Andes, Neuquén Province",,0.66159793393512,22.50000000000000,-71.505,-40.153
"Directions from Neltume, Panguipulli, Chile to San Martín de los Andes, Neuquén Province",,0.66160793393512,9.21747441349656,-71.505,-40.153
"Directions from Neltume, Panguipulli, Chile to San Martín de los Andes, Neuquén Province",,0.66163955671172,9.21747441349656,-71.505,-40.153
"Directions from Neltume, Panguipulli, Chile to San Martín de los Andes, Neuquén Province",,0.66165955671172,337.49999999660741,-71.505,-40.153
"Directions from Neltume, Panguipulli, Chile to San Martín de los Andes, Neuquén Province",,0.66170198311860,337.49999999660741,-71.505,-40.153
"Directions from Neltume, Panguipulli, Chile to San Martín de los Andes, Neuquén Province",,0.66171198311860,332.76883889763764,-71.505,-40.153
"Directions from Neltume, Panguipulli, Chile to San Martín de los Andes, Neuquén Province",,0.66179800637127,299.92111353078189,-71.505,-40.153
"Directions from Neltume, Panguipulli, Chile to San Martín de los Andes, Neuquén Province",,0.66213815339830,291.36974904426603,-71.505,-40.153
"Directions from Neltume, Panguipulli, Chile to San Martín de los Andes, Neuquén Province",,0.66232789005791,296.71348451012784,-71.505,-40.153
"Directions from Neltume, Panguipulli, Chile to San Martín de los Andes, Neuquén Province",,0.66244995561407,309.99601009900613,-71.505,-40.153
"Directions from Neltume, Panguipulli, Chile to San Martín de los Andes, Neuquén Province",,0.66250652415656,324.21747441146101,-71.505,-40.153
"Directions from Neltume, Panguipulli, Chile to San Martín de los Andes, Neuquén Province",,0.66261832755544,339.69935267989251,-71.506,-40.152
"Directions from Neltume, Panguipulli, Chile to San Martín de los Andes, Neuquén Province",,0.66270078966795,3.88258300739596,-71.506,-40.152
"Directions from Neltume, Panguipulli, Chile to San Martín de los Andes, Neuquén Province",,0.66275464131602,33.40070473896442,-71.506,-40.152
"Directions from Neltume, Panguipulli, Chile to San Martín de los Andes, Neuquén Province",,0.66281120985851,56.59929525752602,-71.505,-40.152
"Directions from Neltume, Panguipulli, Chile to San Martín de los Andes, Neuquén Province",,0.66291891315466,72.08117352116803,-71.505,-40.152
"Directions from Neltume, Panguipulli, Chile to San Martín de los Andes, Neuquén Province",,0.66296014421091,82.98187826364200,-71.505,-40.152
"Directions from Neltume, Panguipulli, Chile to San Martín de los Andes, Neuquén Province",,0.66302014421092,103.28252559668123,-71.505,-40.152
"Directions from Neltume, Panguipulli, Chile to San Martín de los Andes, Neuquén Province",,0.66304250489069,103.28252559668123,-71.505,-40.152
"Directions from Neltume, Panguipulli, Chile to San Martín de los Andes, Neuquén Province",,0.66306250489069,103.28252558853897,-71.505,-40.152
"Directions from Neltume, Panguipulli, Chile to San Martín de los Andes, Neuquén Province",,0.66310722625024,125.78252558684272,-71.505,-40.152
"Directions from Neltume, Panguipulli, Chile to San Martín de los Andes, Neuquén Province",,0.66319207906399,138.71570398525202,-71.505,-40.152
"Directions from Neltume, Panguipulli, Chile to San Martín de los Andes, Neuquén Province",,0.66335609125865,138.71570398549434,-71.505,-40.152
"Directions from Neltume, Panguipulli, Chile to San Martín de los Andes, Neuquén Province",,0.66345508620802,129.34503376310172,-71.505,-40.153
"Directions from Neltume, Panguipulli, Chile to San Martín de los Andes, Neuquén Province",,0.66352719723352,116.06250817601671,-71.505,-40.153
"Directions from Neltume, Panguipulli, Chile to San Martín de los Andes, Neuquén Province",,0.66355882001013,99.21747441146103,-71.505,-40.153
"Directions from Neltume, Panguipulli, Chile to San Martín de los Andes, Neuquén Province",,0.66359882001013,84.34503376142408,-71.505,-40.153
"Directions from Neltume, Panguipulli, Chile to San Martín de los Andes, Neuquén Province",,0.66364981020527,69.47259311232666,-71.505,-40.153
"Directions from Neltume, Panguipulli, Chile to San Martín de los Andes, Neuquén Province",,0.66373043278274,52.62755935090258,-71.505,-40.153
"Directions from Neltume, Panguipulli, Chile to San Martín de los Andes, Neuquén Province",,0.66378700132524,35.78252559261011,-71.505,-40.153
"Directions from Neltume, Panguipulli, Chile to San Martín de los Andes, Neuquén Province",,0.66380936200501,13.28252559261011,-71.505,-40.152
"Directions from Neltume, Panguipulli, Chile to San Martín de los Andes, Neuquén Province",,0.66384936200501,352.02730204992258,-71.505,-40.152
"Directions from Neltume, Panguipulli, Chile to San Martín de los Andes, Neuquén Province",,0.66399496420280,340.42800679485339,-71.505,-40.152
"Directions from Neltume, Panguipulli, Chile to San Martín de los Andes, Neuquén Province",,0.66407112193386,342.74573850596329,-71.505,-40.152
"Directions from Neltume, Panguipulli, Chile to San Martín de los Andes, Neuquén Province",,0.66417310232413,354.34503376103260,-71.505,-40.152
"Directions from Neltume, Panguipulli, Chile to San Martín de los Andes, Neuquén Province",,0.66423310232413,13.28252559261011,-71.505,-40.152
"Directions from Neltume, Panguipulli, Chile to San Martín de los Andes, Neuquén Province",,0.66425546300391,35.78252560278788,-71.505,-40.152
"Directions from Neltume, Panguipulli, Chile to San Martín de los Andes, Neuquén Province",,0.66426960513953,50.65496624562208,-71.505,-40.152
"Directions from Neltume, Panguipulli, Chile to San Martín de los Andes, Neuquén Province",,0.66430566065228,61.55567097686542,-71.505,-40.152
"Directions from Neltume, Panguipulli, Chile to San Martín de los Andes, Neuquén Province",,0.66438181838333,55.90070474142112,-71.505,-40.152
"Directions from Neltume, Panguipulli, Chile to San Martín de los Andes, Neuquén Province",,0.66439596051896,63.23461719582226,-71.505,-40.152
"Directions from Neltume, Panguipulli, Chile to San Martín de los Andes, Neuquén Province",,0.66459819800313,88.11643804111515,-71.504,-40.152
"Directions from Neltume, Panguipulli, Chile to San Martín de los Andes, Neuquén Province",,0.66507986178628,100.14387634355337,-71.504,-40.152
"Directions from Neltume, Panguipulli, Chile to San Martín de los Andes, Neuquén Province",,0.66564030803705,108.38730825193625,-71.503,-40.152
"Directions from Neltume, Panguipulli, Chile to San Martín de los Andes, Neuquén Province",,0.66621970427452,108.25281210510028,-71.503,-40.152
"Directions from Neltume, Panguipulli, Chile to San Martín de los Andes, Neuquén Province",,0.66656175690206,100.63206233022754,-71.503,-40.152
"Directions from Neltume, Panguipulli, Chile to San Martín de los Andes, Neuquén Province",,0.66675280663379,90.96169458819563,-71.502,-40.152
"Directions from Neltume, Panguipulli, Chile to San Martín de los Andes, Neuquén Province",,0.66689316332227,74.67466602899584,-71.502,-40.152
"Directions from Neltume, Panguipulli, Chile to San Martín de los Andes, Neuquén Province",,0.66691552400205,73.15496624515232,-71.502,-40.152
"Directions from Neltume, Panguipulli, Chile to San Martín de los Andes, Neuquén Province",,0.66707676915701,77.88612733981257,-71.502,-40.152
"Directions from Neltume, Panguipulli, Chile to San Martín de los Andes, Neuquén Province",,0.66721278386210,66.57619486641870,-71.502,-40.152
"Directions from Neltume, Panguipulli, Chile to San Martín de los Andes, Neuquén Province",,0.66737402901706,53.87233581269392,-71.502,-40.152
"Directions from Neltume, Panguipulli, Chile to San Martín de los Andes, Neuquén Province",,0.66753681722302,42.68226828765361,-71.502,-40.152
"Directions from Neltume, Panguipulli, Chile to San Martín de los Andes, Neuquén Province",,0.66765083476553,26.91018977450379,-71.502,-40.152
"Directions from Neltume, Panguipulli, Chile to San Martín de los Andes, Neuquén Province",,0.66772363586443,10.82799451714641,-71.502,-40.152
"Directions from Neltume, Panguipulli, Chile to San Martín de los Andes, Neuquén Province",,0.66782413462063,355.83717483627316,-71.502,-40.152
"Directions from Neltume, Panguipulli, Chile to San Martín de los Andes, Neuquén Province",,0.66844260046448,339.69935267390565,-71.502,-40.151
"Directions from Neltume, Panguipulli, Chile to San Martín de los Andes, Neuquén Province",,0.66848732182403,336.55590599226372,-71.502,-40.151
"Directions from Neltume, Panguipulli, Chile to San Martín de los Andes, Neuquén Province",,0.66877524542501,337.10675905333608,-71.502,-40.151
"Directions from Neltume, Panguipulli, Chile to San Martín de los Andes, Neuquén Province",,0.66900783949200,328.83337864961123,-71.502,-40.151
"Directions from Neltume, Panguipulli, Chile to San Martín de los Andes, Neuquén Province",,0.66905783949200,326.69261053330428,-71.502,-40.151
"Directions from Neltume, Panguipulli, Chile to San Martín de los Andes, Neuquén Province",,0.66913846206949,319.06505117645162,-71.502,-40.151
"Directions from Neltume, Panguipulli, Chile to San Martín de los Andes, Neuquén Province",,0.66925247961199,311.43749182768903,-71.502,-40.151
"Directions from Neltume, Panguipulli, Chile to San Martín de los Andes, Neuquén Province",,0.66929490601886,309.34503376586053,-71.502,-40.151
"Directions from Neltume, Panguipulli, Chile to San Martín de los Andes, Neuquén Province",,0.66940307255712,297.36378927507394,-71.502,-40.151
"Directions from Neltume, Panguipulli, Chile to San Martín de los Andes, Neuquén Province",,0.66968164032268,280.51875551260594,-71.502,-40.150
"Directions from Neltume, Panguipulli, Chile to San Martín de los Andes, Neuquén Province",,0.66969164032267,282.31178239278978,-71.502,-40.150
"Directions from Neltume, Panguipulli, Chile to San Martín de los Andes, Neuquén Province",,0.66995564789832,297.79366065942520,-71.503,-40.150
"Directions from Neltume, Panguipulli, Chile to San Martín de los Andes, Neuquén Province",,0.67001395741727,307.98187826459986,-71.503,-40.150
"Directions from Neltume, Panguipulli, Chile to San Martín de los Andes, Neuquén Province",,0.67008466809539,322.01812173432251,-71.503,-40.150
"Directions from Neltume, Panguipulli, Chile to San Martín de los Andes, Neuquén Province",,0.67014297761434,344.51812173635801,-71.503,-40.150
"Directions from Neltume, Panguipulli, Chile to San Martín de los Andes, Neuquén Province",,0.67018297761433,7.01812173516062,-71.503,-40.150
"Directions from Neltume, Panguipulli, Chile to San Martín de los Andes, Neuquén Province",,0.67022420867060,18.61741699128280,-71.503,-40.150
"Directions from Neltume, Panguipulli, Chile to San Martín de los Andes, Neuquén Province",,0.67030036640165,56.59929525612218,-71.503,-40.150
"Directions from Neltume, Panguipulli, Chile to San Martín de los Andes, Neuquén Province",,0.67031036640165,70.09721445453479,-71.503,-40.150
"Directions from Neltume, Panguipulli, Chile to San Martín de los Andes, Neuquén Province",,0.67038846889841,58.49791919595592,-71.503,-40.150
"Directions from Neltume, Panguipulli, Chile to San Martín de los Andes, Neuquén Province",,0.67046462662947,70.42800679057562,-71.503,-40.150
"Directions from Neltume, Panguipulli, Chile to San Martín de los Andes, Neuquén Province",,0.67053742772836,76.93954662769772,-71.503,-40.150
"Directions from Neltume, Panguipulli, Chile to San Martín de los Andes, Neuquén Province",,0.67093365998349,81.83893174864846,-71.502,-40.150
"Directions from Neltume, Panguipulli, Chile to San Martín de los Andes, Neuquén Province",,0.67158741834863,81.61685953208912,-71.502,-40.150
"Directions from Neltume, Panguipulli, Chile to San Martín de los Andes, Neuquén Province",,0.67240135937843,71.40764677344488,-71.501,-40.150
"Directions from Neltume, Panguipulli, Chile to San Martín de los Andes, Neuquén Province",,0.67242372005821,70.06818924624572,-71.501,-40.150
"Directions from Neltume, Panguipulli, Chile to San Martín de los Andes, Neuquén Province",,0.67355402975028,74.52565272466690,-71.500,-40.149
"Directions from Neltume, Panguipulli, Chile to San Martín de los Andes, Neuquén Province",,0.67378489767789,81.17493788988217,-71.499,-40.149
"Directions from Neltume, Panguipulli, Chile to San Martín de los Andes, Neuquén Province",,0.67381489767790,81.96321291778878,-71.499,-40.149
"Directions from Neltume, Panguipulli, Chile to San Martín de los Andes, Neuquén Province",,0.67442890093523,71.95836597340916,-71.499,-40.149
"Directions from Neltume, Panguipulli, Chile to San Martín de los Andes, Neuquén Province",,0.67627004188583,79.99515305562038,-71.497,-40.149
"Directions from Neltume, Panguipulli, Chile to San Martín de los Andes, Neuquén Province",,0.67628004188583,81.23721581298476,-71.497,-40.149
"Directions from Neltume, Panguipulli, Chile to San Martín de los Andes, Neuquén Province",,0.67647929047427,81.23721581298476,-71.497,-40.148
"Directions from Neltume, Panguipulli, Chile to San Martín de los Andes, Neuquén Province",,0.67650929047428,85.41882647697400,-71.497,-40.148
"Directions from Neltume, Panguipulli, Chile to San Martín de los Andes, Neuquén Province",,0.67682329684364,86.15322683388602,-71.497,-40.148
"Directions from Neltume, Panguipulli, Chile to San Martín de los Andes, Neuquén Province",,0.67721342502770,93.79215214026011,-71.496,-40.148
"Directions from Neltume, Panguipulli, Chile to San Martín de los Andes, Neuquén Province",,0.67749502758451,93.05775178334807,-71.496,-40.148
"Directions from Neltume, Panguipulli, Chile to San Martín de los Andes, Neuquén Province",,0.67777502758452,86.94224821649794,-71.496,-40.148
"Directions from Neltume, Panguipulli, Chile to San Martín de los Andes, Neuquén Province",,0.67805663014131,80.34694286037880,-71.495,-40.148
"Directions from Neltume, Panguipulli, Chile to San Martín de los Andes, Neuquén Province",,0.68002865955286,75.86575957201120,-71.493,-40.148
"Directions from Neltume, Panguipulli, Chile to San Martín de los Andes, Neuquén Province",,0.68229674244377,82.46106492813030,-71.491,-40.147
"Directions from Neltume, Panguipulli, Chile to San Martín de los Andes, Neuquén Province",,0.68260674244377,91.78816718686502,-71.491,-40.147
"Directions from Neltume, Panguipulli, Chile to San Martín de los Andes, Neuquén Province",,0.68276705463918,96.51932829087787,-71.491,-40.147
"Directions from Neltume, Panguipulli, Chile to San Martín de los Andes, Neuquén Province",,0.68288870988978,102.49321660262324,-71.491,-40.147
"Directions from Neltume, Panguipulli, Chile to San Martín de los Andes, Neuquén Province",,0.68307552530670,110.09000487063317,-71.490,-40.147
"Directions from Neltume, Panguipulli, Chile to San Martín de los Andes, Neuquén Province",,0.68374671827450,112.69072880471197,-71.490,-40.148
"Directions from Neltume, Panguipulli, Chile to San Martín de los Andes, Neuquén Province",,0.68414231908338,106.01774566969932,-71.489,-40.148
"Directions from Neltume, Panguipulli, Chile to San Martín de los Andes, Neuquén Province",,0.68439727005907,95.65496623701011,-71.489,-40.148
"Directions from Neltume, Panguipulli, Chile to San Martín de los Andes, Neuquén Province",,0.68452727005907,84.69017236253694,-71.489,-40.148
"Directions from Neltume, Panguipulli, Chile to San Martín de los Andes, Neuquén Province",,0.68469005826502,75.47269795056707,-71.489,-40.148
"Directions from Neltume, Panguipulli, Chile to San Martín de los Andes, Neuquén Province",,0.68481654937144,68.80128110116074,-71.489,-40.148
"Directions from Neltume, Panguipulli, Chile to San Martín de los Andes, Neuquén Province",,0.68491503794946,63.98251204495764,-71.489,-40.148
"Directions from Neltume, Panguipulli, Chile to San Martín de los Andes, Neuquén Province",,0.68559503794945,65.40139695890056,-71.488,-40.148
"Directions from Neltume, Panguipulli, Chile to San Martín de los Andes, Neuquén Province",,0.68606673700605,72.88303632814134,-71.488,-40.147
"Directions from Neltume, Panguipulli, Chile to San Martín de los Andes, Neuquén Province",,0.68681627019411,74.22792148960680,-71.487,-40.147
"Directions from Neltume, Panguipulli, Chile to San Martín de los Andes, Neuquén Province",,0.68697438407713,67.50000000000000,-71.487,-40.147
"Directions from Neltume, Panguipulli, Chile to San Martín de los Andes, Neuquén Province",,0.68733215495353,60.64132684079602,-71.486,-40.147
"Directions from Neltume, Panguipulli, Chile to San Martín de los Andes, Neuquén Province",,0.68774555548570,56.15501353315134,-71.486,-40.147
"Directions from Neltume, Panguipulli, Chile to San Martín de los Andes, Neuquén Province",,0.68834771825439,58.94863551644050,-71.486,-40.146
"Directions from Neltume, Panguipulli, Chile to San Martín de los Andes, Neuquén Province",,0.68850424301282,68.16610992688769,-71.485,-40.146
"Directions from Neltume, Panguipulli, Chile to San Martín de los Andes, Neuquén Province",,0.68864025771790,76.13880787680044,-71.485,-40.146
"Directions from Neltume, Panguipulli, Chile to San Martín de los Andes, Neuquén Province",,0.68880304592386,85.28691707450147,-71.485,-40.146
"Directions from Neltume, Panguipulli, Chile to San Martín de los Andes, Neuquén Province",,0.68976325423460,89.35196825058085,-71.484,-40.146
"Directions from Neltume, Panguipulli, Chile to San Martín de los Andes, Neuquén Province",,0.68999347152326,80.62512118406956,-71.484,-40.146
"Directions from Neltume, Panguipulli, Chile to San Martín de los Andes, Neuquén Province",,0.69024347152325,72.14988023192878,-71.484,-40.146
"Directions from Neltume, Panguipulli, Chile to San Martín de los Andes, Neuquén Province",,0.69060402665081,64.79810431984014,-71.483,-40.146
"Directions from Neltume, Panguipulli, Chile to San Martín de los Andes, Neuquén Province",,0.69066233616976,62.40424907396428,-71.483,-40.146
"Directions from Neltume, Panguipulli, Chile to San Martín de los Andes, Neuquén Province",,0.69088165329175,77.88612734059974,-71.483,-40.146
"Directions from Neltume, Panguipulli, Chile to San Martín de los Andes, Neuquén Province",,0.69089165329175,72.23116110236236,-71.483,-40.146
"Directions from Neltume, Panguipulli, Chile to San Martín de los Andes, Neuquén Province",,0.69097767654442,57.35872045577024,-71.483,-40.146
"Directions from Neltume, Panguipulli, Chile to San Martín de los Andes, Neuquén Province",,0.69105829912191,52.62755935510416,-71.483,-40.146
"Directions from Neltume, Panguipulli, Chile to San Martín de los Andes, Neuquén Province",,0.69114315193565,39.15531541310631,-71.483,-40.146
"Directions from Neltume, Panguipulli, Chile to San Martín de los Andes, Neuquén Province",,0.69156195976747,36.55810095854370,-71.483,-40.145
"Directions from Neltume, Panguipulli, Chile to San Martín de los Andes, Neuquén Province",,0.69164006226423,46.46783672421168,-71.483,-40.145
"Directions from Neltume, Panguipulli, Chile to San Martín de los Andes, Neuquén Province",,0.69174006226423,58.28252558853900,-71.483,-40.145
"Directions from Neltume, Panguipulli, Chile to San Martín de los Andes, Neuquén Province",,0.69209783314063,59.52730204992264,-71.482,-40.145
"Directions from Neltume, Panguipulli, Chile to San Martín de los Andes, Neuquén Province",,0.69232805042930,41.09235323107175,-71.482,-40.145
"Directions from Neltume, Panguipulli, Chile to San Martín de los Andes, Neuquén Province",,0.69235041110907,39.84757676805966,-71.482,-40.145
"Directions from Neltume, Panguipulli, Chile to San Martín de los Andes, Neuquén Province",,0.69245041110907,45.76263342731292,-71.482,-40.145
"Directions from Neltume, Panguipulli, Chile to San Martín de los Andes, Neuquén Province",,0.69312665071158,41.69758224847080,-71.482,-40.144
"Directions from Neltume, Panguipulli, Chile to San Martín de los Andes, Neuquén Province",,0.69316907711845,35.78252558522179,-71.482,-40.144
"Directions from Neltume, Panguipulli, Chile to San Martín de los Andes, Neuquén Province",,0.69437655382630,29.42034774618536,-71.481,-40.143
"Directions from Neltume, Panguipulli, Chile to San Martín de los Andes, Neuquén Province",,0.69482599792739,38.63782214739320,-71.481,-40.143
"Directions from Neltume, Panguipulli, Chile to San Martín de los Andes, Neuquén Province",,0.69485428219863,36.14978609612421,-71.481,-40.143
"Directions from Neltume, Panguipulli, Chile to San Martín de los Andes, Neuquén Province",,0.69520313746948,24.83985363155911,-71.481,-40.143
"Directions from Neltume, Panguipulli, Chile to San Martín de los Andes, Neuquén Province",,0.69538698523259,24.47259311328722,-71.480,-40.142
"Directions from Neltume, Panguipulli, Chile to San Martín de los Andes, Neuquén Province",,0.69556587067079,33.18531113432955,-71.480,-40.142
"Directions from Neltume, Panguipulli, Chile to San Martín de los Andes, Neuquén Province",,0.69572207566431,45.57288142024736,-71.480,-40.142
"Directions from Neltume, Panguipulli, Chile to San Martín de los Andes, Neuquén Province",,0.69578610690668,48.17009587564422,-71.480,-40.142
"Directions from Neltume, Panguipulli, Chile to San Martín de los Andes, Neuquén Province",,0.69587095972043,50.42015272811492,-71.480,-40.142
"Directions from Neltume, Panguipulli, Chile to San Martín de los Andes, Neuquén Province",,0.69620933820674,58.65016013269972,-71.480,-40.142
"Directions from Neltume, Panguipulli, Chile to San Martín de los Andes, Neuquén Province",,0.69685818333464,62.54559064558164,-71.479,-40.142
"Directions from Neltume, Panguipulli, Chile to San Martín de los Andes, Neuquén Province",,0.69816405469124,54.31558324947832,-71.478,-40.141
"Directions from Neltume, Panguipulli, Chile to San Martín de los Andes, Neuquén Province",,0.69817819682686,57.07277099044908,-71.478,-40.141
"Directions from Neltume, Panguipulli, Chile to San Martín de los Andes, Neuquén Province",,0.69862764092795,70.74770887015346,-71.478,-40.141
"Directions from Neltume, Panguipulli, Chile to San Martín de los Andes, Neuquén Province",,0.69885850885556,67.89241230134320,-71.478,-40.141
"Directions from Neltume, Panguipulli, Chile to San Martín de los Andes, Neuquén Province",,0.69890323021511,71.06250817288507,-71.477,-40.141
"Directions from Neltume, Panguipulli, Chile to San Martín de los Andes, Neuquén Province",,0.69895422041025,84.34503376142408,-71.477,-40.141
"Directions from Neltume, Panguipulli, Chile to San Martín de los Andes, Neuquén Province",,0.69899422041025,94.73116110401283,-71.477,-40.141
"Directions from Neltume, Panguipulli, Chile to San Martín de los Andes, Neuquén Province",,0.69911587566085,106.78227835466386,-71.477,-40.141
"Directions from Neltume, Panguipulli, Chile to San Martín de los Andes, Neuquén Province",,0.69953216882679,102.05111725065105,-71.477,-40.141
"Directions from Neltume, Panguipulli, Chile to San Martín de los Andes, Neuquén Province",,0.69954216882679,98.34962211699683,-71.477,-40.141
"Directions from Neltume, Panguipulli, Chile to San Martín de los Andes, Neuquén Province",,0.69975097495696,111.63214770553581,-71.477,-40.141
"Directions from Neltume, Panguipulli, Chile to San Martín de los Andes, Neuquén Province",,0.69977333563674,104.42783060968485,-71.477,-40.141
"Directions from Neltume, Panguipulli, Chile to San Martín de los Andes, Neuquén Province",,0.70052393539693,89.42848984019642,-71.476,-40.141
"Directions from Neltume, Panguipulli, Chile to San Martín de los Andes, Neuquén Province",,0.70102483458839,82.62821858125758,-71.475,-40.141
"Directions from Neltume, Panguipulli, Chile to San Martín de los Andes, Neuquén Province",,0.70117780517379,76.15026359544892,-71.475,-40.141
"Directions from Neltume, Panguipulli, Chile to San Martín de los Andes, Neuquén Province",,0.70135500562526,70.49529735849904,-71.475,-40.141
"Directions from Neltume, Panguipulli, Chile to San Martín de los Andes, Neuquén Province",,0.70148500562526,63.50050451946486,-71.475,-40.141
"Directions from Neltume, Panguipulli, Chile to San Martín de los Andes, Neuquén Province",,0.70182116035153,52.31043699420774,-71.475,-40.141
"Directions from Neltume, Panguipulli, Chile to San Martín de los Andes, Neuquén Province",,0.70183530248716,50.65496623753204,-71.475,-40.141
"Directions from Neltume, Panguipulli, Chile to San Martín de los Andes, Neuquén Province",,0.70205163556369,50.65496623753204,-71.474,-40.141
"Directions from Neltume, Panguipulli, Chile to San Martín de los Andes, Neuquén Province",,0.70210820410618,49.26538280503628,-71.474,-40.141
"Directions from Neltume, Panguipulli, Chile to San Martín de los Andes, Neuquén Province",,0.70268021809203,52.21845336177784,-71.474,-40.140
"Directions from Neltume, Panguipulli, Chile to San Martín de los Andes, Neuquén Province",,0.70309252865459,47.95307055674156,-71.474,-40.140
"Directions from Neltume, Panguipulli, Chile to San Martín de los Andes, Neuquén Province",,0.70313495506146,54.21747441146100,-71.474,-40.140
"Directions from Neltume, Panguipulli, Chile to San Martín de los Andes, Neuquén Province",,0.70344800457831,70.22016601493098,-71.473,-40.140
"Directions from Neltume, Panguipulli, Chile to San Martín de los Andes, Neuquén Province",,0.70358142121895,81.99629785199684,-71.473,-40.140
"Directions from Neltume, Panguipulli, Chile to San Martín de los Andes, Neuquén Province",,0.70377168419486,91.27970515038881,-71.473,-40.140
"Directions from Neltume, Panguipulli, Chile to San Martín de los Andes, Neuquén Province",,0.70418363079334,101.78817970474960,-71.473,-40.140
"Directions from Neltume, Panguipulli, Chile to San Martín de los Andes, Neuquén Province",,0.70460422561024,113.52938285281029,-71.472,-40.140
"Directions from Neltume, Panguipulli, Chile to San Martín de los Andes, Neuquén Province",,0.70470718191165,122.29614094756030,-71.472,-40.140
"Directions from Neltume, Panguipulli, Chile to San Martín de los Andes, Neuquén Province",,0.70479320516431,131.41414391850168,-71.472,-40.140
"Directions from Neltume, Panguipulli, Chile to San Martín de los Andes, Neuquén Province",,0.70514704128457,140.21035619821342,-71.472,-40.140
"Directions from Neltume, Panguipulli, Chile to San Martín de los Andes, Neuquén Province",,0.70529704128458,141.10785956728517,-71.472,-40.140
"Directions from Neltume, Panguipulli, Chile to San Martín de los Andes, Neuquén Province",,0.70549553561699,142.19523162415592,-71.472,-40.140
"Directions from Neltume, Panguipulli, Chile to San Martín de los Andes, Neuquén Province",,0.70565364949999,134.49745699877587,-71.472,-40.141
"Directions from Neltume, Panguipulli, Chile to San Martín de los Andes, Neuquén Province",,0.70568970501274,130.70818926095617,-71.471,-40.141
"Directions from Neltume, Panguipulli, Chile to San Martín de los Andes, Neuquén Province",,0.70583836570022,133.44998448197501,-71.471,-40.141
"Directions from Neltume, Panguipulli, Chile to San Martín de los Andes, Neuquén Province",,0.70618664719557,125.30161179290228,-71.471,-40.141
"Directions from Neltume, Panguipulli, Chile to San Martín de los Andes, Neuquén Province",,0.70639759742667,118.53528571932161,-71.471,-40.141
"Directions from Neltume, Panguipulli, Chile to San Martín de los Andes, Neuquén Province",,0.70667490591914,113.47945904973510,-71.471,-40.141
"Directions from Neltume, Panguipulli, Chile to San Martín de los Andes, Neuquén Province",,0.70799524678422,107.67707786930976,-71.469,-40.142
"Directions from Neltume, Panguipulli, Chile to San Martín de los Andes, Neuquén Province",,0.70803647784048,97.01812173156848,-71.469,-40.142
"Directions from Neltume, Panguipulli, Chile to San Martín de los Andes, Neuquén Province",,0.70810647784047,76.71747441960322,-71.469,-40.142
"Directions from Neltume, Panguipulli, Chile to San Martín de los Andes, Neuquén Province",,0.70812883852025,71.06250818102730,-71.469,-40.142
"Directions from Neltume, Panguipulli, Chile to San Martín de los Andes, Neuquén Province",,0.70817982871539,68.86315549778210,-71.469,-40.142
"Directions from Neltume, Panguipulli, Chile to San Martín de los Andes, Neuquén Province",,0.70823813823434,52.01812173381356,-71.469,-40.142
"Directions from Neltume, Panguipulli, Chile to San Martín de los Andes, Neuquén Province",,0.70829470677683,39.34503375731384,-71.469,-40.142
"Directions from Neltume, Panguipulli, Chile to San Martín de los Andes, Neuquén Province",,0.70833076228958,28.44432901984097,-71.469,-40.142
"Directions from Neltume, Panguipulli, Chile to San Martín de los Andes, Neuquén Province",,0.70840692002064,17.25426149072959,-71.469,-40.142
"Directions from Neltume, Panguipulli, Chile to San Martín de los Andes, Neuquén Province",,0.70845791021578,5.65496623074687,-71.469,-40.141
"Directions from Neltume, Panguipulli, Chile to San Martín de los Andes, Neuquén Province",,0.70851791021578,350.78252559159233,-71.469,-40.141
"Directions from Neltume, Panguipulli, Chile to San Martín de los Andes, Neuquén Province",,0.70858115576898,333.93749183016826,-71.469,-40.141
"Directions from Neltume, Panguipulli, Chile to San Martín de los Andes, Neuquén Province",,0.70865326679449,320.65496623348702,-71.469,-40.141
"Directions from Neltume, Panguipulli, Chile to San Martín de los Andes, Neuquén Province",,0.70868155106574,307.37244064400852,-71.469,-40.141
"Directions from Neltume, Panguipulli, Chile to San Martín de los Andes, Neuquén Province",,0.70876217364322,291.65765784160959,-71.469,-40.141
"Directions from Neltume, Panguipulli, Chile to San Martín de los Andes, Neuquén Province",,0.70906050232103,290.06774278105109,-71.470,-40.141
"Directions from Neltume, Panguipulli, Chile to San Martín de los Andes, Neuquén Province",,0.70910522368057,302.61242971459109,-71.470,-40.141
"Directions from Neltume, Panguipulli, Chile to San Martín de los Andes, Neuquén Province",,0.70916925492295,317.48487036462802,-71.470,-40.141
"Directions from Neltume, Panguipulli, Chile to San Martín de los Andes, Neuquén Province",,0.70924136594846,338.42380513291266,-71.470,-40.141
"Directions from Neltume, Panguipulli, Chile to San Martín de los Andes, Neuquén Province",,0.70930219357376,355.26883889433674,-71.470,-40.141
"Directions from Neltume, Panguipulli, Chile to San Martín de los Andes, Neuquén Province",,0.70935219357376,354.34503376494723,-71.470,-40.141
"Directions from Neltume, Panguipulli, Chile to San Martín de los Andes, Neuquén Province",,0.70945417396403,332.44177847669971,-71.470,-40.141
"Directions from Neltume, Panguipulli, Chile to San Martín de los Andes, Neuquén Province",,0.71013314377191,320.84248321894427,-71.470,-40.140
"Directions from Neltume, Panguipulli, Chile to San Martín de los Andes, Neuquén Province",,0.71032730865029,342.74573850719173,-71.470,-40.140
"Directions from Neltume, Panguipulli, Chile to San Martín de los Andes, Neuquén Province",,0.71033730865030,346.71747441146107,-71.470,-40.140
"Directions from Neltume, Panguipulli, Chile to San Martín de los Andes, Neuquén Province",,0.71062799748737,338.89635118204126,-71.470,-40.140
"Directions from Neltume, Panguipulli, Chile to San Martín de los Andes, Neuquén Province",,0.71088761258709,341.27817203161578,-71.471,-40.140
"Directions from Neltume, Panguipulli, Chile to San Martín de los Andes, Neuquén Province",,0.71094146423516,343.44432902206813,-71.471,-40.140
"Directions from Neltume, Panguipulli, Chile to San Martín de los Andes, Neuquén Province",,0.71104344462542,354.34503376103260,-71.471,-40.139
"Directions from Neltume, Panguipulli, Chile to San Martín de los Andes, Neuquén Province",,0.71111344462543,8.55136448430612,-71.471,-40.139
"Directions from Neltume, Panguipulli, Chile to San Martín de los Andes, Neuquén Province",,0.71124945933051,25.39639824573020,-71.471,-40.139
"Directions from Neltume, Panguipulli, Chile to San Martín de los Andes, Neuquén Province",,0.71132157035602,39.34503376345963,-71.470,-40.139
"Directions from Neltume, Panguipulli, Chile to San Martín de los Andes, Neuquén Province",,0.71139228103414,52.01812173540010,-71.470,-40.139
"Directions from Neltume, Panguipulli, Chile to San Martín de los Andes, Neuquén Province",,0.71145059055309,52.01812173336456,-71.470,-40.139
"Directions from Neltume, Panguipulli, Chile to San Martín de los Andes, Neuquén Province",,0.71146473268872,56.19006752670248,-71.470,-40.139
"Directions from Neltume, Panguipulli, Chile to San Martín de los Andes, Neuquén Province",,0.71159473268871,75.12755935204279,-71.470,-40.139
"Directions from Neltume, Panguipulli, Chile to San Martín de los Andes, Neuquén Province",,0.71183660042117,85.75552805948504,-71.470,-40.139
"Directions from Neltume, Panguipulli, Chile to San Martín de los Andes, Neuquén Province",,0.71309695751343,89.66738342575148,-71.469,-40.139
"Directions from Neltume, Panguipulli, Chile to San Martín de los Andes, Neuquén Province",,0.71391701848676,87.96752634568215,-71.468,-40.139
"Directions from Neltume, Panguipulli, Chile to San Martín de los Andes, Neuquén Province",,0.71403743443256,78.40070474464994,-71.468,-40.139
"Directions from Neltume, Panguipulli, Chile to San Martín de los Andes, Neuquén Province",,0.71406905720915,76.71747441268234,-71.468,-40.139
"Directions from Neltume, Panguipulli, Chile to San Martín de los Andes, Neuquén Province",,0.71413976788728,75.03424407682614,-71.468,-40.139
"Directions from Neltume, Panguipulli, Chile to San Martín de los Andes, Neuquén Province",,0.71419361953534,62.25426149642588,-71.468,-40.139
"Directions from Neltume, Panguipulli, Chile to San Martín de los Andes, Neuquén Province",,0.71422967504810,50.65496624001124,-71.468,-40.139
"Directions from Neltume, Panguipulli, Chile to San Martín de los Andes, Neuquén Province",,0.71431452786183,36.17493788873966,-71.468,-40.139
"Directions from Neltume, Panguipulli, Chile to San Martín de los Andes, Neuquén Province",,0.71464102441618,24.57564263290993,-71.467,-40.139
"Directions from Neltume, Panguipulli, Chile to San Martín de los Andes, Neuquén Province",,0.71474872771233,14.46321291817752,-71.467,-40.139
"Directions from Neltume, Panguipulli, Chile to San Martín de los Andes, Neuquén Province",,0.71482935028981,48.56250817570356,-71.467,-40.138
"Directions from Neltume, Panguipulli, Chile to San Martín de los Andes, Neuquén Province",,0.71483935028981,50.91074417029310,-71.467,-40.138
"Directions from Neltume, Panguipulli, Chile to San Martín de los Andes, Neuquén Province",,0.71527866794254,9.97579534716751,-71.467,-40.138
"Directions from Neltume, Panguipulli, Chile to San Martín de los Andes, Neuquén Province",,0.71556151065502,14.96575591864650,-71.467,-40.138
"Directions from Neltume, Panguipulli, Chile to San Martín de los Andes, Neuquén Province",,0.71572306559923,25.20593457579191,-71.467,-40.138
"Directions from Neltume, Panguipulli, Chile to San Martín de los Andes, Neuquén Province",,0.71584836524009,34.91078489515306,-71.467,-40.137
"Directions from Neltume, Panguipulli, Chile to San Martín de los Andes, Neuquén Province",,0.71798850542242,37.45058882287047,-71.466,-40.136
"Directions from Neltume, Panguipulli, Chile to San Martín de los Andes, Neuquén Province",,0.71816878298619,26.56505117632641,-71.466,-40.136
"Directions from Neltume, Panguipulli, Chile to San Martín de los Andes, Neuquén Province",,0.71834906054997,12.89011328853705,-71.466,-40.136
"Directions from Neltume, Panguipulli, Chile to San Martín de los Andes, Neuquén Province",,0.71843961440135,3.17009587394791,-71.466,-40.135
"Directions from Neltume, Panguipulli, Chile to San Martín de los Andes, Neuquén Province",,0.71860961440134,355.26883889562043,-71.466,-40.135
"Directions from Neltume, Panguipulli, Chile to San Martín de los Andes, Neuquén Province",,0.71897458015316,355.26883889562043,-71.466,-40.135
"Directions from Neltume, Panguipulli, Chile to San Martín de los Andes, Neuquén Province",,0.71902458015317,356.43749182429650,-71.466,-40.135
"Directions from Neltume, Panguipulli, Chile to San Martín de los Andes, Neuquén Province",,0.71910520273065,356.43749182429650,-71.466,-40.135
"Directions from Neltume, Panguipulli, Chile to San Martín de los Andes, Neuquén Province",,0.71926520273065,7.01812173575931,-71.466,-40.135
"Directions from Neltume, Panguipulli, Chile to San Martín de los Andes, Neuquén Province",,0.71934766484317,20.30064732836942,-71.466,-40.135
"Directions from Neltume, Panguipulli, Chile to San Martín de los Andes, Neuquén Province",,0.71939238620272,32.82945503548538,-71.466,-40.135
"Directions from Neltume, Panguipulli, Chile to San Martín de los Andes, Neuquén Province",,0.71959854148400,45.69980920968868,-71.465,-40.134
"Directions from Neltume, Panguipulli, Chile to San Martín de los Andes, Neuquén Province",,0.71987657025948,55.15018816185682,-71.465,-40.134
"Directions from Neltume, Panguipulli, Chile to San Martín de los Andes, Neuquén Province",,0.72006524988212,51.49730839504342,-71.465,-40.134
"Directions from Neltume, Panguipulli, Chile to San Martín de los Andes, Neuquén Province",,0.72017838696711,41.43749182570569,-71.465,-40.134
"Directions from Neltume, Panguipulli, Chile to San Martín de los Andes, Neuquén Province",,0.72040642205213,32.56515601304427,-71.465,-40.134
"Directions from Neltume, Panguipulli, Chile to San Martín de los Andes, Neuquén Province",,0.72077763627599,28.86043664717319,-71.465,-40.133
"Directions from Neltume, Panguipulli, Chile to San Martín de los Andes, Neuquén Province",,0.72097486710523,37.73277246492349,-71.465,-40.133
"Directions from Neltume, Panguipulli, Chile to San Martín de los Andes, Neuquén Province",,0.72100315137648,41.28429602010800,-71.465,-40.133
"Directions from Neltume, Panguipulli, Chile to San Martín de los Andes, Neuquén Province",,0.72116716357115,39.03572020717953,-71.464,-40.133
"Directions from Neltume, Panguipulli, Chile to San Martín de los Andes, Neuquén Province",,0.72179843213523,42.75142419385671,-71.464,-40.133
"Directions from Neltume, Panguipulli, Chile to San Martín de los Andes, Neuquén Province",,0.72196813776272,42.95719161159259,-71.464,-40.133
"Directions from Neltume, Panguipulli, Chile to San Martín de los Andes, Neuquén Province",,0.72276211509236,43.94465861562741,-71.463,-40.132
"Directions from Neltume, Panguipulli, Chile to San Martín de los Andes, Neuquén Province",,0.72296729793765,68.48746700573111,-71.463,-40.132
"Directions from Neltume, Panguipulli, Chile to San Martín de los Andes, Neuquén Province",,0.72297729793764,74.51812173336454,-71.463,-40.132
"Directions from Neltume, Panguipulli, Chile to San Martín de los Andes, Neuquén Province",,0.72303560745660,63.61741699089058,-71.463,-40.132
"Directions from Neltume, Panguipulli, Chile to San Martín de los Andes, Neuquén Province",,0.72308945910467,75.03424408248358,-71.463,-40.132
"Directions from Neltume, Panguipulli, Chile to San Martín de los Andes, Neuquén Province",,0.72316016978279,85.93494882495756,-71.463,-40.132
"Directions from Neltume, Panguipulli, Chile to San Martín de los Andes, Neuquén Province",,0.72337016978279,94.29181073991528,-71.463,-40.132
"Directions from Neltume, Panguipulli, Chile to San Martín de los Andes, Neuquén Province",,0.72390617351412,94.29181073991526,-71.462,-40.132
"Directions from Neltume, Panguipulli, Chile to San Martín de los Andes, Neuquén Province",,0.72407617351411,85.26883889488690,-71.462,-40.132
"Directions from Neltume, Panguipulli, Chile to San Martín de los Andes, Neuquén Province",,0.72413700113942,76.59182657733574,-71.462,-40.132
"Directions from Neltume, Panguipulli, Chile to San Martín de los Andes, Neuquén Province",,0.72430463168556,65.84110941581342,-71.462,-40.132
"Directions from Neltume, Panguipulli, Chile to San Martín de los Andes, Neuquén Province",,0.72436294120451,65.30064732190354,-71.462,-40.132
"Directions from Neltume, Panguipulli, Chile to San Martín de los Andes, Neuquén Province",,0.72439456398112,67.81137784371138,-71.462,-40.132
"Directions from Neltume, Panguipulli, Chile to San Martín de los Andes, Neuquén Province",,0.72480602479334,66.75082964556654,-71.461,-40.132
"Directions from Neltume, Panguipulli, Chile to San Martín de los Andes, Neuquén Province",,0.72506234490570,72.90847996021888,-71.461,-40.131
"Directions from Neltume, Panguipulli, Chile to San Martín de los Andes, Neuquén Province",,0.72540190344263,78.74617299444817,-71.461,-40.131
"Directions from Neltume, Panguipulli, Chile to San Martín de los Andes, Neuquén Province",,0.72572578613745,40.55967042462344,-71.461,-40.131
"Directions from Neltume, Panguipulli, Chile to San Martín de los Andes, Neuquén Province",,0.72573578613745,37.98187826523850,-71.461,-40.131
"Directions from Neltume, Panguipulli, Chile to San Martín de los Andes, Neuquén Province",,0.72585947930621,72.08117352276452,-71.460,-40.131
"Directions from Neltume, Panguipulli, Chile to San Martín de los Andes, Neuquén Province",,0.72596718260236,61.95585676903638,-71.460,-40.131
"Directions from Neltume, Panguipulli, Chile to San Martín de los Andes, Neuquén Province",,0.72623345314147,54.26420828417178,-71.460,-40.131
"Directions from Neltume, Panguipulli, Chile to San Martín de los Andes, Neuquén Province",,0.72659745863593,58.35993469404244,-71.460,-40.131
"Directions from Neltume, Panguipulli, Chile to San Martín de los Andes, Neuquén Province",,0.72714307755056,66.05158317890707,-71.459,-40.131
"Directions from Neltume, Panguipulli, Chile to San Martín de los Andes, Neuquén Province",,0.72735848414285,70.33651107015184,-71.459,-40.131
"Directions from Neltume, Panguipulli, Chile to San Martín de los Andes, Neuquén Province",,0.72755773273130,74.40156224645771,-71.459,-40.131
"Directions from Neltume, Panguipulli, Chile to San Martín de los Andes, Neuquén Province",,0.72831931004188,77.50938019695226,-71.458,-40.130
"Directions from Neltume, Panguipulli, Chile to San Martín de los Andes, Neuquén Province",,0.72862525121269,61.84503377329814,-71.458,-40.130
"Directions from Neltume, Panguipulli, Chile to San Martín de los Andes, Neuquén Province",,0.72863939334832,62.49601010929318,-71.458,-40.130
"Directions from Neltume, Panguipulli, Chile to San Martín de los Andes, Neuquén Province",,0.72950252717340,75.77853568867216,-71.457,-40.130
"Directions from Neltume, Panguipulli, Chile to San Martín de los Andes, Neuquén Province",,0.72956577272661,58.28252559973456,-71.457,-40.130
"Directions from Neltume, Panguipulli, Chile to San Martín de los Andes, Neuquén Province",,0.72957991486223,50.65496624614402,-71.457,-40.130
"Directions from Neltume, Panguipulli, Chile to San Martín de los Andes, Neuquén Province",,0.72968808140050,45.92380512837746,-71.457,-40.130
"Directions from Neltume, Panguipulli, Chile to San Martín de los Andes, Neuquén Province",,0.72977410465316,32.64127954589293,-71.457,-40.130
"Directions from Neltume, Panguipulli, Chile to San Martín de los Andes, Neuquén Province",,0.72985472723064,22.84513860355905,-71.457,-40.130
"Directions from Neltume, Panguipulli, Chile to San Martín de los Andes, Neuquén Province",,0.73014593162622,20.36026823290459,-71.457,-40.130
"Directions from Neltume, Panguipulli, Chile to San Martín de los Andes, Neuquén Province",,0.73028910983685,33.64279382236535,-71.457,-40.129
"Directions from Neltume, Panguipulli, Chile to San Martín de los Andes, Neuquén Province",,0.73045189804281,51.26440385515864,-71.457,-40.129
"Directions from Neltume, Panguipulli, Chile to San Martín de los Andes, Neuquén Province",,0.73075206466321,58.16414655236966,-71.456,-40.129
"Directions from Neltume, Panguipulli, Chile to San Martín de los Andes, Neuquén Province",,0.73096839773974,73.15496623674915,-71.456,-40.129
"Directions from Neltume, Panguipulli, Chile to San Martín de los Andes, Neuquén Province",,0.73097839773974,70.09721445386742,-71.456,-40.129
"Directions from Neltume, Panguipulli, Chile to San Martín de los Andes, Neuquén Province",,0.73113460273325,47.59721445386740,-71.456,-40.129
"Directions from Neltume, Panguipulli, Chile to San Martín de los Andes, Neuquén Province",,0.73127602408949,34.48124448686940,-71.456,-40.129
"Directions from Neltume, Panguipulli, Chile to San Martín de los Andes, Neuquén Province",,0.73137451266751,28.82627825612253,-71.456,-40.129
"Directions from Neltume, Panguipulli, Chile to San Martín de los Andes, Neuquén Province",,0.73141056818026,28.88278289656981,-71.456,-40.129
"Directions from Neltume, Panguipulli, Chile to San Martín de los Andes, Neuquén Province",,0.73192534968731,34.53774912731665,-71.456,-40.128
"Directions from Neltume, Panguipulli, Chile to San Martín de los Andes, Neuquén Province",,0.73193949182294,39.34503376090214,-71.456,-40.128
"Directions from Neltume, Panguipulli, Chile to San Martín de los Andes, Neuquén Province",,0.73204765836120,39.34503376259844,-71.456,-40.128
"Directions from Neltume, Panguipulli, Chile to San Martín de los Andes, Neuquén Province",,0.73213251117494,35.78252559430639,-71.456,-40.128
"Directions from Neltume, Panguipulli, Chile to San Martín de los Andes, Neuquén Province",,0.73215487185472,35.78252559261011,-71.455,-40.128
"Directions from Neltume, Panguipulli, Chile to San Martín de los Andes, Neuquén Province",,0.73229629321096,39.34503375672666,-71.455,-40.128
"Directions from Neltume, Panguipulli, Chile to San Martín de los Andes, Neuquén Province",,0.73233234872371,39.84757675986733,-71.455,-40.128
"Directions from Neltume, Panguipulli, Chile to San Martín de los Andes, Neuquén Province",,0.73273546161113,48.57585583300212,-71.455,-40.128
"Directions from Neltume, Panguipulli, Chile to San Martín de los Andes, Neuquén Province",,0.73319773858438,45.35314681344382,-71.455,-40.127
"Directions from Neltume, Panguipulli, Chile to San Martín de los Andes, Neuquén Province",,0.73349606726218,36.62486774719862,-71.455,-40.127
"Directions from Neltume, Panguipulli, Chile to San Martín de los Andes, Neuquén Province",,0.73367634482596,37.72518361585410,-71.454,-40.127
"Directions from Neltume, Panguipulli, Chile to San Martín de los Andes, Neuquén Province",,0.73405171131355,44.74330534914496,-71.454,-40.127
"Directions from Neltume, Panguipulli, Chile to San Martín de los Andes, Neuquén Province",,0.73434903268849,40.70818925676535,-71.454,-40.127
"Directions from Neltume, Panguipulli, Chile to San Martín de los Andes, Neuquén Province",,0.73438508820124,41.54438643723630,-71.454,-40.127
"Directions from Neltume, Panguipulli, Chile to San Martín de los Andes, Neuquén Province",,0.73475386997954,47.19935267907434,-71.454,-40.126
"Directions from Neltume, Panguipulli, Chile to San Martín de los Andes, Neuquén Province",,0.73483872279328,41.43749182599273,-71.454,-40.126
"Directions from Neltume, Panguipulli, Chile to San Martín de los Andes, Neuquén Province",,0.73495274033579,63.93749182429646,-71.454,-40.126
"Directions from Neltume, Panguipulli, Chile to San Martín de los Andes, Neuquén Province",,0.73496274033579,60.48187826454002,-71.454,-40.126
"Directions from Neltume, Panguipulli, Chile to San Martín de los Andes, Neuquén Province",,0.73507935937368,23.83150038377784,-71.453,-40.126
"Directions from Neltume, Panguipulli, Chile to San Martín de los Andes, Neuquén Province",,0.73518376243877,13.65944975647039,-71.453,-40.126
"Directions from Neltume, Panguipulli, Chile to San Martín de los Andes, Neuquén Province",,0.73534655064473,5.30982763723263,-71.453,-40.126
"Directions from Neltume, Panguipulli, Chile to San Martín de los Andes, Neuquén Province",,0.73544655064473,354.89801313914990,-71.453,-40.126
"Directions from Neltume, Panguipulli, Chile to San Martín de los Andes, Neuquén Province",,0.73595458607657,352.04271656959389,-71.453,-40.125
"Directions from Neltume, Panguipulli, Chile to San Martín de los Andes, Neuquén Province",,0.73605508483278,359.52652427664941,-71.454,-40.125
"Directions from Neltume, Panguipulli, Chile to San Martín de los Andes, Neuquén Province",,0.73617550077857,13.28252559218895,-71.453,-40.125
"Directions from Neltume, Panguipulli, Chile to San Martín de los Andes, Neuquén Province",,0.73622935242664,18.36641333479896,-71.453,-40.125
"Directions from Neltume, Panguipulli, Chile to San Martín de los Andes, Neuquén Province",,0.73685031941449,12.39861206013346,-71.453,-40.124
"Directions from Neltume, Panguipulli, Chile to San Martín de los Andes, Neuquén Province",,0.73731722411569,2.07760690559136,-71.453,-40.124
"Directions from Neltume, Panguipulli, Chile to San Martín de los Andes, Neuquén Province",,0.73741772287190,351.83487579458267,-71.453,-40.124
"Directions from Neltume, Panguipulli, Chile to San Martín de los Andes, Neuquén Province",,0.73758051107786,339.81773171246454,-71.453,-40.124
"Directions from Neltume, Panguipulli, Chile to San Martín de los Andes, Neuquén Province",,0.73766113365534,326.10403808633765,-71.453,-40.124
"Directions from Neltume, Panguipulli, Chile to San Martín de los Andes, Neuquén Province",,0.73795319529268,326.10403808508494,-71.453,-40.123
"Directions from Neltume, Panguipulli, Chile to San Martín de los Andes, Neuquén Province",,0.73803381787015,333.52826409583326,-71.454,-40.123
"Directions from Neltume, Panguipulli, Chile to San Martín de los Andes, Neuquén Province",,0.73810997560121,348.40070474493064,-71.454,-40.123
"Directions from Neltume, Panguipulli, Chile to San Martín de los Andes, Neuquén Province",,0.73818997560121,3.45561355940181,-71.454,-40.123
"Directions from Neltume, Panguipulli, Chile to San Martín de los Andes, Neuquén Province",,0.73852239100398,1.19861932968670,-71.454,-40.123
"Directions from Neltume, Panguipulli, Chile to San Martín de los Andes, Neuquén Province",,0.73890357337504,352.81010229896680,-71.454,-40.122
"Directions from Neltume, Panguipulli, Chile to San Martín de los Andes, Neuquén Province",,0.73913702572564,355.06709652868199,-71.454,-40.122
"Directions from Neltume, Panguipulli, Chile to San Martín de los Andes, Neuquén Province",,0.73916702572563,7.01812173516062,-71.454,-40.122
"Directions from Neltume, Panguipulli, Chile to San Martín de los Andes, Neuquén Province",,0.73920825678189,17.91882648254802,-71.454,-40.122
"Directions from Neltume, Panguipulli, Chile to San Martín de los Andes, Neuquén Province",,0.73926210842996,30.80349029285260,-71.454,-40.122
"Directions from Neltume, Panguipulli, Chile to San Martín de los Andes, Neuquén Province",,0.73934021092673,49.42090727823106,-71.454,-40.122
"Directions from Neltume, Panguipulli, Chile to San Martín de los Andes, Neuquén Province",,0.73939852044566,62.06573732837652,-71.453,-40.122
"Directions from Neltume, Panguipulli, Chile to San Martín de los Andes, Neuquén Province",,0.73970722742648,69.16319496584740,-71.453,-40.122
"Directions from Neltume, Panguipulli, Chile to San Martín de los Andes, Neuquén Province",,0.74286135171065,74.14180322577172,-71.450,-40.121
"Directions from Neltume, Panguipulli, Chile to San Martín de los Andes, Neuquén Province",,0.74514875198169,72.24820124585484,-71.448,-40.120
"Directions from Neltume, Panguipulli, Chile to San Martín de los Andes, Neuquén Province",,0.74557595216896,65.05838764520472,-71.448,-40.120
"Directions from Neltume, Panguipulli, Chile to San Martín de los Andes, Neuquén Province",,0.74659678516217,61.90734942388998,-71.447,-40.120
"Directions from Neltume, Panguipulli, Chile to San Martín de los Andes, Neuquén Province",,0.74834541319579,62.26570933591134,-71.445,-40.119
"Directions from Neltume, Panguipulli, Chile to San Martín de los Andes, Neuquén Province",,0.74922251068183,58.34719340165568,-71.444,-40.118
"Directions from Neltume, Panguipulli, Chile to San Martín de los Andes, Neuquén Province",,0.74953873844784,53.32251910751342,-71.444,-40.118
"Directions from Neltume, Panguipulli, Chile to San Martín de los Andes, Neuquén Province",,0.75037114459870,56.14279382284136,-71.443,-40.118
"Directions from Neltume, Panguipulli, Chile to San Martín de los Andes, Neuquén Province",,0.75047410090011,58.62766418760940,-71.443,-40.118
"Directions from Neltume, Panguipulli, Chile to San Martín de los Andes, Neuquén Province",,0.75058226743838,60.93298884760262,-71.443,-40.118
"Directions from Neltume, Panguipulli, Chile to San Martín de los Andes, Neuquén Province",,0.75070309789812,68.68901321090226,-71.443,-40.118
"Directions from Neltume, Panguipulli, Chile to San Martín de los Andes, Neuquén Province",,0.75140829290661,67.62846500957862,-71.442,-40.117
"Directions from Neltume, Panguipulli, Chile to San Martín de los Andes, Neuquén Province",,0.75147537494593,58.28252558908184,-71.442,-40.117
"Directions from Neltume, Panguipulli, Chile to San Martín de los Andes, Neuquén Province",,0.75152537494594,45.89495530837290,-71.442,-40.117
"Directions from Neltume, Panguipulli, Chile to San Martín de los Andes, Neuquén Province",,0.75158940618831,32.61242971047033,-71.442,-40.117
"Directions from Neltume, Panguipulli, Chile to San Martín de los Andes, Neuquén Province",,0.75163412754786,22.49999999796445,-71.442,-40.117
"Directions from Neltume, Panguipulli, Chile to San Martín de los Andes, Neuquén Province",,0.75166575032446,3.56250817695619,-71.442,-40.117
"Directions from Neltume, Panguipulli, Chile to San Martín de los Andes, Neuquén Province",,0.75176773071473,333.52826409370050,-71.442,-40.117
"Directions from Neltume, Panguipulli, Chile to San Martín de los Andes, Neuquén Province",,0.75188814666052,314.08601587907640,-71.442,-40.117
"Directions from Neltume, Panguipulli, Chile to San Martín de los Andes, Neuquén Province",,0.75196624915727,305.70653666979337,-71.442,-40.117
"Directions from Neltume, Panguipulli, Chile to San Martín de los Andes, Neuquén Province",,0.75257682265817,308.30375112299339,-71.443,-40.117
"Directions from Neltume, Panguipulli, Chile to San Martín de los Andes, Neuquén Province",,0.75264753333630,324.21747441146101,-71.443,-40.117
"Directions from Neltume, Panguipulli, Chile to San Martín de los Andes, Neuquén Province",,0.75273697605539,344.81043699377540,-71.443,-40.116
"Directions from Neltume, Panguipulli, Chile to San Martín de los Andes, Neuquén Province",,0.75288730901918,6.28773274972076,-71.443,-40.116
"Directions from Neltume, Panguipulli, Chile to San Martín de los Andes, Neuquén Province",,0.75306450947065,53.19477016740636,-71.443,-40.116
"Directions from Neltume, Panguipulli, Chile to San Martín de los Andes, Neuquén Province",,0.75307450947065,56.98124448686940,-71.443,-40.116
"Directions from Neltume, Panguipulli, Chile to San Martín de los Andes, Neuquén Province",,0.75327148662668,32.97485073432787,-71.443,-40.116
"Directions from Neltume, Panguipulli, Chile to San Martín de los Andes, Neuquén Province",,0.75340602286716,50.51172798381648,-71.443,-40.116
"Directions from Neltume, Panguipulli, Chile to San Martín de los Andes, Neuquén Province",,0.75346433238610,67.95111058298826,-71.443,-40.116
"Directions from Neltume, Panguipulli, Chile to San Martín de los Andes, Neuquén Province",,0.75377239082212,82.29901157872912,-71.442,-40.116
"Directions from Neltume, Panguipulli, Chile to San Martín de los Andes, Neuquén Province",,0.75478318259099,84.80097155522446,-71.441,-40.116
"Directions from Neltume, Panguipulli, Chile to San Martín de los Andes, Neuquén Province",,0.75492460394722,79.73123955909902,-71.441,-40.116
"Directions from Neltume, Panguipulli, Chile to San Martín de los Andes, Neuquén Province",,0.75543656097667,76.46495812920456,-71.441,-40.116
"Directions from Neltume, Panguipulli, Chile to San Martín de los Andes, Neuquén Province",,0.75832048191872,73.99165507524533,-71.438,-40.115
"Directions from Neltume, Panguipulli, Chile to San Martín de los Andes, Neuquén Province",,0.75848811246487,76.59182657910172,-71.438,-40.115
"Directions from Neltume, Panguipulli, Chile to San Martín de los Andes, Neuquén Province",,0.75854894009016,76.05136448537206,-71.438,-40.115
"Directions from Neltume, Panguipulli, Chile to San Martín de los Andes, Neuquén Province",,0.75880192230298,65.91008493989172,-71.438,-40.115
"Directions from Neltume, Panguipulli, Chile to San Martín de los Andes, Neuquén Province",,0.75912441261291,57.76218518319082,-71.437,-40.115
"Directions from Neltume, Panguipulli, Chile to San Martín de los Andes, Neuquén Province",,0.76217854096647,50.13462582649476,-71.435,-40.113
"Directions from Neltume, Panguipulli, Chile to San Martín de los Andes, Neuquén Province",,0.76220682523771,50.73197650289124,-71.435,-40.113
"Directions from Neltume, Panguipulli, Chile to San Martín de los Andes, Neuquén Province",,0.76323857133051,50.73197650798014,-71.434,-40.112
"Directions from Neltume, Panguipulli, Chile to San Martín de los Andes, Neuquén Province",,0.76326685560177,55.62525275337562,-71.434,-40.112
"Directions from Neltume, Panguipulli, Chile to San Martín de los Andes, Neuquén Province",,0.76353998560743,67.92031133670569,-71.434,-40.112
"Directions from Neltume, Panguipulli, Chile to San Martín de los Andes, Neuquén Province",,0.76399878839731,72.18689522728344,-71.433,-40.112
"Directions from Neltume, Panguipulli, Chile to San Martín de los Andes, Neuquén Province",,0.76529420338873,73.17436223198344,-71.432,-40.112
"Directions from Neltume, Panguipulli, Chile to San Martín de los Andes, Neuquén Province",,0.76542069449514,74.28521719209472,-71.432,-40.112
"Directions from Neltume, Panguipulli, Chile to San Martín de los Andes, Neuquén Province",,0.76608777769834,80.33259573123378,-71.431,-40.111
"Directions from Neltume, Panguipulli, Chile to San Martín de los Andes, Neuquén Province",,0.76626888540111,85.76935592925672,-71.431,-40.111
"Directions from Neltume, Panguipulli, Chile to San Martín de los Andes, Neuquén Province",,0.76653907052283,90.84648921842209,-71.431,-40.111
"Directions from Neltume, Panguipulli, Chile to San Martín de los Andes, Neuquén Province",,0.76668940348662,97.95441595523778,-71.431,-40.111
"Directions from Neltume, Panguipulli, Chile to San Martín de los Andes, Neuquén Province",,0.76683258169725,99.60988671335411,-71.430,-40.111
"Directions from Neltume, Panguipulli, Chile to San Martín de los Andes, Neuquén Province",,0.76699382685221,101.10342308647250,-71.430,-40.111
"Directions from Neltume, Panguipulli, Chile to San Martín de los Andes, Neuquén Province",,0.78294319988064,104.55903664602478,-71.415,-40.116
"Directions from Neltume, Panguipulli, Chile to San Martín de los Andes, Neuquén Province",,0.78541706325602,101.74928283801594,-71.413,-40.116
"Directions from Neltume, Panguipulli, Chile to San Martín de los Andes, Neuquén Province",,0.78553871850662,101.36477049668557,-71.412,-40.116
"Directions from Neltume, Panguipulli, Chile to San Martín de los Andes, Neuquén Province",,0.79782668009511,104.03779791231965,-71.400,-40.119
"Directions from Neltume, Panguipulli, Chile to San Martín de los Andes, Neuquén Province",,0.79872656897713,103.91878592361810,-71.400,-40.119
"Directions from Neltume, Panguipulli, Chile to San Martín de los Andes, Neuquén Province",,0.80121051744680,102.03506749389977,-71.397,-40.120
"Directions from Neltume, Panguipulli, Chile to San Martín de los Andes, Neuquén Province",,0.80204598138977,101.88264793274053,-71.396,-40.120
"Directions from Neltume, Panguipulli, Chile to San Martín de los Andes, Neuquén Province",,0.80331720127634,104.96144845265535,-71.395,-40.120
"Directions from Neltume, Panguipulli, Chile to San Martín de los Andes, Neuquén Province",,0.80375686023508,109.28458174444822,-71.395,-40.120
"Directions from Neltume, Panguipulli, Chile to San Martín de los Andes, Neuquén Province",,0.80400384201579,113.96783672314383,-71.394,-40.121
"Directions from Neltume, Panguipulli, Chile to San Martín de los Andes, Neuquén Province",,0.80424980949331,119.59214712452820,-71.394,-40.121
"Directions from Neltume, Panguipulli, Chile to San Martín de los Andes, Neuquén Province",,0.80454662593490,124.54423873095293,-71.394,-40.121
"Directions from Neltume, Panguipulli, Chile to San Martín de los Andes, Neuquén Province",,0.80511863992075,129.22822344242221,-71.393,-40.121
"Directions from Neltume, Panguipulli, Chile to San Martín de los Andes, Neuquén Province",,0.80525317616122,130.13868784364948,-71.393,-40.121
"Directions from Neltume, Panguipulli, Chile to San Martín de los Andes, Neuquén Province",,0.80573732489869,129.49284711591829,-71.393,-40.122
"Directions from Neltume, Panguipulli, Chile to San Martín de los Andes, Neuquén Province",,0.80639679438244,128.71804652976715,-71.393,-40.122
"Directions from Neltume, Panguipulli, Chile to San Martín de los Andes, Neuquén Province",,0.80728279663977,124.20801537920124,-71.392,-40.122
"Directions from Neltume, Panguipulli, Chile to San Martín de los Andes, Neuquén Province",,0.80783506469064,119.87397783680612,-71.391,-40.123
"Directions from Neltume, Panguipulli, Chile to San Martín de los Andes, Neuquén Province",,0.80817506469064,115.11941637861412,-71.391,-40.123
"Directions from Neltume, Panguipulli, Chile to San Martín de los Andes, Neuquén Province",,0.80846661228538,109.96883332239950,-71.391,-40.123
"Directions from Neltume, Panguipulli, Chile to San Martín de los Andes, Neuquén Province",,0.80928569714057,109.51091316510590,-71.390,-40.123
"Directions from Neltume, Panguipulli, Chile to San Martín de los Andes, Neuquén Province",,0.80947882921973,120.36148267826738,-71.390,-40.123
"Directions from Neltume, Panguipulli, Chile to San Martín de los Andes, Neuquén Province",,0.80969905637519,135.40632579853951,-71.390,-40.123
"Directions from Neltume, Panguipulli, Chile to San Martín de los Andes, Neuquén Province",,0.80976308761756,145.18821760850983,-71.390,-40.124
"Directions from Neltume, Panguipulli, Chile to San Martín de los Andes, Neuquén Province",,0.80982139713650,153.20818926042128,-71.390,-40.124
"Directions from Neltume, Panguipulli, Chile to San Martín de los Andes, Neuquén Province",,0.80995139713651,168.69006752585935,-71.390,-40.124
"Directions from Neltume, Panguipulli, Chile to San Martín de los Andes, Neuquén Province",,0.80996139713651,172.37244064784480,-71.390,-40.124
"Directions from Neltume, Panguipulli, Chile to San Martín de los Andes, Neuquén Province",,0.81018943222153,163.37035984495714,-71.389,-40.124
"Directions from Neltume, Panguipulli, Chile to San Martín de los Andes, Neuquén Province",,0.81103062185532,159.39862394204303,-71.389,-40.125
"Directions from Neltume, Panguipulli, Chile to San Martín de los Andes, Neuquén Province",,0.81110677958638,153.87340269500805,-71.389,-40.125
"Directions from Neltume, Panguipulli, Chile to San Martín de los Andes, Neuquén Province",,0.81120973588779,142.97269794862336,-71.389,-40.125
"Directions from Neltume, Panguipulli, Chile to San Martín de los Andes, Neuquén Province",,0.81130873083716,127.98187826458278,-71.389,-40.125
"Directions from Neltume, Panguipulli, Chile to San Martín de los Andes, Neuquén Province",,0.81154196891294,118.76440385457576,-71.389,-40.125
"Directions from Neltume, Panguipulli, Chile to San Martín de los Andes, Neuquén Province",,0.81165377231182,106.99822957439009,-71.389,-40.125
"Directions from Neltume, Panguipulli, Chile to San Martín de los Andes, Neuquén Province",,0.81188572058192,93.71570398585111,-71.389,-40.125
"Directions from Neltume, Panguipulli, Chile to San Martín de los Andes, Neuquén Province",,0.81198572058192,86.28429601392190,-71.388,-40.125
"Directions from Neltume, Panguipulli, Chile to San Martín de los Andes, Neuquén Province",,0.81221766885201,75.56042785054915,-71.388,-40.125
"Directions from Neltume, Panguipulli, Chile to San Martín de los Andes, Neuquén Province",,0.81251850103114,72.25801010266402,-71.388,-40.125
"Directions from Neltume, Panguipulli, Chile to San Martín de los Andes, Neuquén Province",,0.81260096314365,69.69935267749776,-71.388,-40.125
"Directions from Neltume, Panguipulli, Chile to San Martín de los Andes, Neuquén Province",,0.81262332382343,71.06250817484234,-71.388,-40.125
"Directions from Neltume, Panguipulli, Chile to San Martín de los Andes, Neuquén Province",,0.81272530421371,84.34503376338134,-71.388,-40.125
"Directions from Neltume, Panguipulli, Chile to San Martín de los Andes, Neuquén Province",,0.81287530421370,95.94432902051589,-71.388,-40.125
"Directions from Neltume, Panguipulli, Chile to San Martín de los Andes, Neuquén Province",,0.81306946909209,108.87750741695780,-71.387,-40.125
"Directions from Neltume, Panguipulli, Chile to San Martín de los Andes, Neuquén Province",,0.81343621150851,111.36237778079038,-71.387,-40.125
"Directions from Neltume, Panguipulli, Chile to San Martín de los Andes, Neuquén Province",,0.81378103030149,103.82134831768435,-71.387,-40.125
"Directions from Neltume, Panguipulli, Chile to San Martín de los Andes, Neuquén Province",,0.81399480588477,97.91337446786893,-71.386,-40.125
"Directions from Neltume, Panguipulli, Chile to San Martín de los Andes, Neuquén Province",,0.81467744781139,97.67364876932318,-71.386,-40.125
"Directions from Neltume, Panguipulli, Chile to San Martín de los Andes, Neuquén Province",,0.81490105460916,95.15242323479013,-71.386,-40.125
"Directions from Neltume, Panguipulli, Chile to San Martín de los Andes, Neuquén Province",,0.81492105460915,95.06233582764858,-71.386,-40.125
"Directions from Neltume, Panguipulli, Chile to San Martín de los Andes, Neuquén Province",,0.81577434236834,101.97099802338045,-71.385,-40.126
"Directions from Neltume, Panguipulli, Chile to San Martín de los Andes, Neuquén Province",,0.83164356415141,96.90866219573186,-71.369,-40.129
"Directions from Neltume, Panguipulli, Chile to San Martín de los Andes, Neuquén Province",,0.83165356415141,97.57703402513984,-71.369,-40.129
"Directions from Neltume, Panguipulli, Chile to San Martín de los Andes, Neuquén Province",,0.83264814949214,106.43189628700991,-71.368,-40.130
"Directions from Neltume, Panguipulli, Chile to San Martín de los Andes, Neuquén Province",,0.83389734923598,110.96873492127035,-71.367,-40.130
"Directions from Neltume, Panguipulli, Chile to San Martín de los Andes, Neuquén Province",,0.83411666635797,109.13199439336351,-71.367,-40.130
"Directions from Neltume, Panguipulli, Chile to San Martín de los Andes, Neuquén Province",,0.83415789741424,108.43494882273043,-71.367,-40.130
"Directions from Neltume, Panguipulli, Chile to San Martín de los Andes, Neuquén Province",,0.83457020797679,111.80295442987475,-71.367,-40.130
"Directions from Neltume, Panguipulli, Chile to San Martín de los Andes, Neuquén Province",,0.83550069172195,107.75790875921108,-71.366,-40.131
"Directions from Neltume, Panguipulli, Chile to San Martín de los Andes, Neuquén Province",,0.83589362937603,103.25592588429450,-71.365,-40.131
"Directions from Neltume, Panguipulli, Chile to San Martín de los Andes, Neuquén Province",,0.83662908841636,95.88414446619096,-71.365,-40.131
"Directions from Neltume, Panguipulli, Chile to San Martín de los Andes, Neuquén Province",,0.83665908841636,94.80986389965047,-71.365,-40.131
"Directions from Neltume, Panguipulli, Chile to San Martín de los Andes, Neuquén Province",,0.83725750298838,100.79793012173425,-71.364,-40.131
"Directions from Neltume, Panguipulli, Chile to San Martín de los Andes, Neuquén Province",,0.83759484554425,104.53943070638989,-71.364,-40.131
"Directions from Neltume, Panguipulli, Chile to San Martín de los Andes, Neuquén Province",,0.83786687495442,114.03324275094158,-71.363,-40.131
"Directions from Neltume, Panguipulli, Chile to San Martín de los Andes, Neuquén Province",,0.83798349399232,124.26617428067085,-71.363,-40.131
"Directions from Neltume, Panguipulli, Chile to San Martín de los Andes, Neuquén Province",,0.83814750618699,134.45439188798332,-71.363,-40.131
"Directions from Neltume, Panguipulli, Chile to San Martín de los Andes, Neuquén Province",,0.83821153742936,137.18262886821680,-71.363,-40.131
"Directions from Neltume, Panguipulli, Chile to San Martín de los Andes, Neuquén Province",,0.83841672027465,134.38456259583683,-71.363,-40.131
"Directions from Neltume, Panguipulli, Chile to San Martín de los Andes, Neuquén Province",,0.83896123841025,137.96924405526849,-71.363,-40.132
"Directions from Neltume, Panguipulli, Chile to San Martín de los Andes, Neuquén Province",,0.83927364839729,137.59721445370059,-71.362,-40.132
"Directions from Neltume, Panguipulli, Chile to San Martín de los Andes, Neuquén Province",,0.83952820683852,132.40278554599911,-71.362,-40.132
"Directions from Neltume, Panguipulli, Chile to San Martín de los Andes, Neuquén Province",,0.83991871932231,126.51864108056456,-71.362,-40.132
"Directions from Neltume, Panguipulli, Chile to San Martín de los Andes, Neuquén Province",,0.84026541803877,129.11585552947659,-71.362,-40.133
"Directions from Neltume, Panguipulli, Chile to San Martín de los Andes, Neuquén Province",,0.84029370231002,128.37974003745100,-71.362,-40.133
"Directions from Neltume, Panguipulli, Chile to San Martín de los Andes, Neuquén Province",,0.84054068409072,116.78044478589126,-71.361,-40.133
"Directions from Neltume, Panguipulli, Chile to San Martín de los Andes, Neuquén Province",,0.84075609068302,106.55567097801280,-71.361,-40.133
"Directions from Neltume, Panguipulli, Chile to San Martín de los Andes, Neuquén Province",,0.84080708087815,98.25218068952988,-71.361,-40.133
"Directions from Neltume, Panguipulli, Chile to San Martín de los Andes, Neuquén Province",,0.84091753448832,92.59721445486851,-71.361,-40.133
"Directions from Neltume, Panguipulli, Chile to San Martín de los Andes, Neuquén Province",,0.84115753448832,84.34503376142408,-71.361,-40.133
"Directions from Neltume, Panguipulli, Chile to San Martín de los Andes, Neuquén Province",,0.84120852468346,84.34503376142408,-71.361,-40.133
"Directions from Neltume, Panguipulli, Chile to San Martín de los Andes, Neuquén Province",,0.84131852468345,87.80064732268185,-71.361,-40.133
"Directions from Neltume, Panguipulli, Chile to San Martín de los Andes, Neuquén Province",,0.84157929277967,84.38891612308592,-71.360,-40.133
"Directions from Neltume, Panguipulli, Chile to San Martín de los Andes, Neuquén Province",,0.84275763907851,86.58826880040408,-71.359,-40.133
"Directions from Neltume, Panguipulli, Chile to San Martín de los Andes, Neuquén Province",,0.84282763907851,76.71747441146103,-71.359,-40.133
"Directions from Neltume, Panguipulli, Chile to San Martín de los Andes, Neuquén Province",,0.84284999975828,74.81043699377543,-71.359,-40.133
"Directions from Neltume, Panguipulli, Chile to San Martín de los Andes, Neuquén Province",,0.84300033272207,88.09296258231440,-71.359,-40.133
"Directions from Neltume, Panguipulli, Chile to San Martín de los Andes, Neuquén Province",,0.84337033272207,93.56250817445093,-71.359,-40.133
"Directions from Neltume, Panguipulli, Chile to San Martín de los Andes, Neuquén Province",,0.84353157787703,100.09716712278907,-71.358,-40.133
"Directions from Neltume, Panguipulli, Chile to San Martín de los Andes, Neuquén Province",,0.84410646917111,104.60682833858397,-71.358,-40.133
"Directions from Neltume, Panguipulli, Chile to San Martín de los Andes, Neuquén Province",,0.84450206998000,101.63467756344404,-71.357,-40.133
"Directions from Neltume, Panguipulli, Chile to San Martín de los Andes, Neuquén Province",,0.84458269255748,99.82691202753452,-71.357,-40.133
"Directions from Neltume, Panguipulli, Chile to San Martín de los Andes, Neuquén Province",,0.84467488800205,96.26440385433629,-71.357,-40.133
"Directions from Neltume, Panguipulli, Chile to San Martín de los Andes, Neuquén Province",,0.84472488800206,95.65496623857592,-71.357,-40.133
"Directions from Neltume, Panguipulli, Chile to San Martín de los Andes, Neuquén Province",,0.84477587819719,95.65496623857589,-71.357,-40.133
"Directions from Neltume, Panguipulli, Chile to San Martín de los Andes, Neuquén Province",,0.84497587819720,84.34503376312038,-71.357,-40.133
"Directions from Neltume, Panguipulli, Chile to San Martín de los Andes, Neuquén Province",,0.84528181936801,73.03510128897972,-71.357,-40.133
"Directions from Neltume, Panguipulli, Chile to San Martín de los Andes, Neuquén Province",,0.84554181936802,64.74143201016544,-71.356,-40.133
"Directions from Neltume, Panguipulli, Chile to San Martín de los Andes, Neuquén Province",,0.84573417320863,65.53260897117552,-71.356,-40.133
"Directions from Neltume, Panguipulli, Chile to San Martín de los Andes, Neuquén Province",,0.84601274097417,75.41619330999497,-71.356,-40.133
"Directions from Neltume, Panguipulli, Chile to San Martín de los Andes, Neuquén Province",,0.84629558368665,89.28986722693456,-71.356,-40.133
"Directions from Neltume, Panguipulli, Chile to San Martín de los Andes, Neuquén Province",,0.84646675611434,100.83969380525495,-71.356,-40.133
"Directions from Neltume, Panguipulli, Chile to San Martín de los Andes, Neuquén Province",,0.84840244720539,102.44789815484587,-71.354,-40.133
"Directions from Neltume, Panguipulli, Chile to San Martín de los Andes, Neuquén Province",,0.84921460482556,97.81841932194820,-71.353,-40.133
"Directions from Neltume, Panguipulli, Chile to San Martín de los Andes, Neuquén Province",,0.84941560233799,92.85529656854830,-71.353,-40.133
"Directions from Neltume, Panguipulli, Chile to San Martín de los Andes, Neuquén Province",,0.84956560233799,92.38182084452077,-71.353,-40.133
"Directions from Neltume, Panguipulli, Chile to San Martín de los Andes, Neuquén Province",,0.84968601828378,90.43157397362286,-71.352,-40.133
"Directions from Neltume, Panguipulli, Chile to San Martín de los Andes, Neuquén Province",,0.85012703982520,88.04975312910210,-71.352,-40.133
"Directions from Neltume, Panguipulli, Chile to San Martín de los Andes, Neuquén Province",,0.85038703982520,93.17009587283084,-71.352,-40.133
"Directions from Neltume, Panguipulli, Chile to San Martín de los Andes, Neuquén Province",,0.85056814752796,97.90125697684364,-71.352,-40.133
"Directions from Neltume, Panguipulli, Chile to San Martín de los Andes, Neuquén Province",,0.85111559615569,100.59371711158840,-71.351,-40.133
"Directions from Neltume, Panguipulli, Chile to San Martín de los Andes, Neuquén Province",,0.85165689089979,106.32480687989791,-71.350,-40.134
"Directions from Neltume, Panguipulli, Chile to San Martín de los Andes, Neuquén Province",,0.85238490188872,114.23865666083243,-71.350,-40.134
"Directions from Neltume, Panguipulli, Chile to San Martín de los Andes, Neuquén Province",,0.85264432432415,123.27190280981864,-71.350,-40.134
"Directions from Neltume, Panguipulli, Chile to San Martín de los Andes, Neuquén Province",,0.85291450944586,126.74975851438680,-71.349,-40.134
"Directions from Neltume, Panguipulli, Chile to San Martín de los Andes, Neuquén Province",,0.85310867432426,132.35147594878103,-71.349,-40.134
"Directions from Neltume, Panguipulli, Chile to San Martín de los Andes, Neuquén Province",,0.85326487931777,138.46506675012961,-71.349,-40.134
"Directions from Neltume, Panguipulli, Chile to San Martín de los Andes, Neuquén Province",,0.85373178401897,138.90408049722888,-71.349,-40.135
"Directions from Neltume, Panguipulli, Chile to San Martín de los Andes, Neuquén Province",,0.85406599951832,144.53353659898900,-71.349,-40.135
"Directions from Neltume, Panguipulli, Chile to San Martín de los Andes, Neuquén Province",,0.85416033932964,133.52461044438130,-71.349,-40.135
"Directions from Neltume, Panguipulli, Chile to San Martín de los Andes, Neuquén Province",,0.85426329563105,113.74477646372647,-71.348,-40.135
"Directions from Neltume, Panguipulli, Chile to San Martín de los Andes, Neuquén Province",,0.85429491840765,103.94863551954492,-71.348,-40.135
"Directions from Neltume, Panguipulli, Chile to San Martín de los Andes, Neuquén Province",,0.85441657365825,93.88881894509989,-71.348,-40.135
"Directions from Neltume, Panguipulli, Chile to San Martín de los Andes, Neuquén Province",,0.85509686771232,94.31008107498153,-71.348,-40.135
"Directions from Neltume, Panguipulli, Chile to San Martín de los Andes, Neuquén Province",,0.85520867111120,95.15242323389448,-71.347,-40.135
"Directions from Neltume, Panguipulli, Chile to San Martín de los Andes, Neuquén Province",,0.85524867111120,97.97269795084550,-71.347,-40.135
"Directions from Neltume, Panguipulli, Chile to San Martín de los Andes, Neuquén Province",,0.85532147221009,109.95394243865923,-71.347,-40.135
"Directions from Neltume, Panguipulli, Chile to San Martín de los Andes, Neuquén Province",,0.85551844936612,130.13621071856059,-71.347,-40.135
"Directions from Neltume, Panguipulli, Chile to San Martín de los Andes, Neuquén Province",,0.85555450487888,131.43749182742809,-71.347,-40.135
"Directions from Neltume, Panguipulli, Chile to San Martín de los Andes, Neuquén Province",,0.85557686555865,125.78252559668123,-71.347,-40.135
"Directions from Neltume, Panguipulli, Chile to San Martín de los Andes, Neuquén Province",,0.85564757623677,146.59929525261262,-71.347,-40.135
"Directions from Neltume, Panguipulli, Chile to San Martín de los Andes, Neuquén Province",,0.85570142788484,169.09929525261259,-71.347,-40.135
"Directions from Neltume, Panguipulli, Chile to San Martín de los Andes, Neuquén Province",,0.85572142788484,173.95262146233799,-71.347,-40.135
"Directions from Neltume, Panguipulli, Chile to San Martín de los Andes, Neuquén Province",,0.85600778430610,165.79569524862768,-71.347,-40.136
"Directions from Neltume, Panguipulli, Chile to San Martín de los Andes, Neuquén Province",,0.85643498449337,156.36119552085162,-71.347,-40.136
"Directions from Neltume, Panguipulli, Chile to San Martín de los Andes, Neuquén Province",,0.85649329401232,164.51812173456193,-71.347,-40.136
"Directions from Neltume, Panguipulli, Chile to San Martín de los Andes, Neuquén Province",,0.85650329401232,157.50000000000000,-71.347,-40.136
"Directions from Neltume, Panguipulli, Chile to San Martín de los Andes, Neuquén Province",,0.85651743614795,144.21747442367433,-71.347,-40.136
"Directions from Neltume, Panguipulli, Chile to San Martín de los Andes, Neuquén Province",,0.85653979682772,144.21747441688916,-71.347,-40.136
"Directions from Neltume, Panguipulli, Chile to San Martín de los Andes, Neuquén Province",,0.85658222323459,140.65496623648818,-71.347,-40.136
"Directions from Neltume, Panguipulli, Chile to San Martín de los Andes, Neuquén Province",,0.85661827874734,131.43749183181234,-71.347,-40.136
"Directions from Neltume, Panguipulli, Chile to San Martín de los Andes, Neuquén Province",,0.85664063942713,125.78252558853900,-71.347,-40.136
"Directions from Neltume, Panguipulli, Chile to San Martín de los Andes, Neuquén Province",,0.85669720796962,112.50000000000000,-71.347,-40.136
"Directions from Neltume, Panguipulli, Chile to San Martín de los Andes, Neuquén Province",,0.85670720796962,106.00269160495660,-71.347,-40.136
"Directions from Neltume, Panguipulli, Chile to San Martín de los Andes, Neuquén Province",,0.85680154778094,118.64155272252758,-71.347,-40.136
"Directions from Neltume, Panguipulli, Chile to San Martín de los Andes, Neuquén Province",,0.85719966836569,119.48389488066526,-71.346,-40.136
"Directions from Neltume, Panguipulli, Chile to San Martín de los Andes, Neuquén Province",,0.85774050105701,117.74573850556828,-71.346,-40.137
"Directions from Neltume, Panguipulli, Chile to San Martín de los Andes, Neuquén Province",,0.85790205600123,100.90070474247401,-71.346,-40.137
"Directions from Neltume, Panguipulli, Chile to San Martín de los Andes, Neuquén Province",,0.85793205600122,97.01812173156846,-71.346,-40.137
"Directions from Neltume, Panguipulli, Chile to San Martín de los Andes, Neuquén Province",,0.85797328705748,97.01812173156848,-71.346,-40.137
"Directions from Neltume, Panguipulli, Chile to San Martín de los Andes, Neuquén Province",,0.85814328705747,82.98187826603676,-71.345,-40.137
"Directions from Neltume, Panguipulli, Chile to San Martín de los Andes, Neuquén Province",,0.85822574916998,69.69935268156888,-71.345,-40.137
"Directions from Neltume, Panguipulli, Chile to San Martín de los Andes, Neuquén Province",,0.85827047052954,67.50000000325690,-71.345,-40.137
"Directions from Neltume, Panguipulli, Chile to San Martín de los Andes, Neuquén Province",,0.85842858441254,64.97877446494978,-71.345,-40.137
"Directions from Neltume, Panguipulli, Chile to San Martín de los Andes, Neuquén Province",,0.85858122778777,60.91372328868600,-71.345,-40.137
"Directions from Neltume, Panguipulli, Chile to San Martín de los Andes, Neuquén Province",,0.85878247390574,65.40754193792257,-71.345,-40.137
"Directions from Neltume, Panguipulli, Chile to San Martín de los Andes, Neuquén Province",,0.85891247390575,56.19006751628382,-71.345,-40.137
"Directions from Neltume, Panguipulli, Chile to San Martín de los Andes, Neuquén Province",,0.85892661604136,55.81544340796354,-71.345,-40.136
"Directions from Neltume, Panguipulli, Chile to San Martín de los Andes, Neuquén Province",,0.85980899917810,65.03291782960234,-71.344,-40.136
"Directions from Neltume, Panguipulli, Chile to San Martín de los Andes, Neuquén Province",,0.86005496665563,61.23559614582338,-71.344,-40.136
"Directions from Neltume, Panguipulli, Chile to San Martín de los Andes, Neuquén Province",,0.86022989521248,60.66838533055428,-71.344,-40.136
"Directions from Neltume, Panguipulli, Chile to San Martín de los Andes, Neuquén Province",,0.86068166949240,65.87224098528480,-71.343,-40.136
"Directions from Neltume, Panguipulli, Chile to San Martín de los Andes, Neuquén Province",,0.86076710952985,74.06701115247427,-71.343,-40.136
"Directions from Neltume, Panguipulli, Chile to San Martín de los Andes, Neuquén Province",,0.86086908992012,84.34503376338134,-71.343,-40.136
"Directions from Neltume, Panguipulli, Chile to San Martín de los Andes, Neuquén Province",,0.86101908992013,97.46570858923771,-71.343,-40.136
"Directions from Neltume, Panguipulli, Chile to San Martín de los Andes, Neuquén Province",,0.86117433166708,110.74823417574115,-71.343,-40.136
"Directions from Neltume, Panguipulli, Chile to San Martín de los Andes, Neuquén Province",,0.86126377438619,118.45883795036011,-71.343,-40.136
"Directions from Neltume, Panguipulli, Chile to San Martín de los Andes, Neuquén Province",,0.86255008694541,122.31975085297790,-71.342,-40.136
"Directions from Neltume, Panguipulli, Chile to San Martín de los Andes, Neuquén Province",,0.86281635748452,129.64343849081760,-71.341,-40.137
"Directions from Neltume, Panguipulli, Chile to San Martín de los Andes, Neuquén Province",,0.86290121029826,144.21747440908618,-71.341,-40.137
"Directions from Neltume, Panguipulli, Chile to San Martín de los Andes, Neuquén Province",,0.86294593165781,144.21747441078250,-71.341,-40.137
"Directions from Neltume, Panguipulli, Chile to San Martín de los Andes, Neuquén Province",,0.86298835806468,148.82298768504461,-71.341,-40.137
"Directions from Neltume, Panguipulli, Chile to San Martín de los Andes, Neuquén Province",,0.86315598861082,168.15289180770415,-71.341,-40.137
"Directions from Neltume, Panguipulli, Chile to San Martín de los Andes, Neuquén Province",,0.86324654246220,170.56550026956054,-71.341,-40.137
"Directions from Neltume, Panguipulli, Chile to San Martín de los Andes, Neuquén Province",,0.86333873790678,157.49999999916184,-71.341,-40.137
"Directions from Neltume, Panguipulli, Chile to San Martín de los Andes, Neuquén Province",,0.86346912195488,141.26440385056452,-71.341,-40.137
"Directions from Neltume, Panguipulli, Chile to San Martín de los Andes, Neuquén Province",,0.86349740622613,144.21747441044323,-71.341,-40.137
"Directions from Neltume, Panguipulli, Chile to San Martín de los Andes, Neuquén Province",,0.86354212758567,139.21348451453821,-71.341,-40.137
"Directions from Neltume, Panguipulli, Chile to San Martín de los Andes, Neuquén Province",,0.86366419314184,122.72878255847441,-71.341,-40.137
"Directions from Neltume, Panguipulli, Chile to San Martín de los Andes, Neuquén Province",,0.86386142397106,116.22002645535514,-71.341,-40.137
"Directions from Neltume, Panguipulli, Chile to San Martín de los Andes, Neuquén Province",,0.86447607834549,105.71841510099993,-71.340,-40.138
"Directions from Neltume, Panguipulli, Chile to San Martín de los Andes, Neuquén Province",,0.86453690597079,103.94863551521708,-71.340,-40.138
"Directions from Neltume, Panguipulli, Chile to San Martín de los Andes, Neuquén Province",,0.86463177430060,105.26485294900721,-71.340,-40.138
"Directions from Neltume, Panguipulli, Chile to San Martín de los Andes, Neuquén Province",,0.86477495251123,99.60988671335411,-71.340,-40.138
"Directions from Neltume, Panguipulli, Chile to San Martín de los Andes, Neuquén Province",,0.86493619766619,93.56250817445088,-71.340,-40.138
"Directions from Neltume, Panguipulli, Chile to San Martín de los Andes, Neuquén Province",,0.86502619766619,85.26883889562043,-71.340,-40.138
"Directions from Neltume, Panguipulli, Chile to San Martín de los Andes, Neuquén Province",,0.86520868054210,85.26883889562043,-71.339,-40.138
"Directions from Neltume, Panguipulli, Chile to San Martín de los Andes, Neuquén Province",,0.86522868054211,84.84757676545416,-71.339,-40.138
"Directions from Neltume, Panguipulli, Chile to San Martín de los Andes, Neuquén Province",,0.86534048394098,77.33839644995788,-71.339,-40.138
"Directions from Neltume, Panguipulli, Chile to San Martín de los Andes, Neuquén Province",,0.86576498364651,77.18099204750156,-71.339,-40.138
"Directions from Neltume, Panguipulli, Chile to San Martín de los Andes, Neuquén Province",,0.86592777185248,82.30835151679244,-71.339,-40.138
"Directions from Neltume, Panguipulli, Chile to San Martín de los Andes, Neuquén Province",,0.86604818779827,87.61817915379461,-71.339,-40.137
"Directions from Neltume, Panguipulli, Chile to San Martín de los Andes, Neuquén Province",,0.86640818779827,94.06505117748510,-71.338,-40.137
"Directions from Neltume, Panguipulli, Chile to San Martín de los Andes, Neuquén Province",,0.86662031983262,101.40324774608054,-71.338,-40.138
"Directions from Neltume, Panguipulli, Chile to San Martín de los Andes, Neuquén Province",,0.86705448569955,102.64802420605847,-71.338,-40.138
"Directions from Neltume, Panguipulli, Chile to San Martín de los Andes, Neuquén Province",,0.86721727390550,104.52730205095962,-71.337,-40.138
"Directions from Neltume, Panguipulli, Chile to San Martín de los Andes, Neuquén Province",,0.86728051945871,116.06250817805225,-71.337,-40.138
"Directions from Neltume, Panguipulli, Chile to San Martín de los Andes, Neuquén Province",,0.86731657497146,116.06250816991005,-71.337,-40.138
"Directions from Neltume, Panguipulli, Chile to San Martín de los Andes, Neuquén Province",,0.86734819774807,114.34569298775178,-71.337,-40.138
"Directions from Neltume, Panguipulli, Chile to San Martín de los Andes, Neuquén Province",,0.86748712218796,123.32039449024229,-71.337,-40.138
"Directions from Neltume, Panguipulli, Chile to San Martín de los Andes, Neuquén Province",,0.86772313066239,128.49282323106550,-71.337,-40.138
"Directions from Neltume, Panguipulli, Chile to San Martín de los Andes, Neuquén Province",,0.86781532610696,136.36315549610575,-71.337,-40.138
"Directions from Neltume, Panguipulli, Chile to San Martín de los Andes, Neuquén Province",,0.86792934364947,147.77998258841720,-71.337,-40.138
"Directions from Neltume, Panguipulli, Chile to San Martín de los Andes, Neuquén Province",,0.86797406500902,150.48187826855127,-71.337,-40.138
"Directions from Neltume, Panguipulli, Chile to San Martín de los Andes, Neuquén Province",,0.86810444905712,151.54242646615702,-71.337,-40.138
"Directions from Neltume, Panguipulli, Chile to San Martín de los Andes, Neuquén Province",,0.86822527951686,158.56054819896278,-71.337,-40.138
"Directions from Neltume, Panguipulli, Chile to San Martín de los Andes, Neuquén Province",,0.86832014784667,164.23657905372806,-71.337,-40.138
"Directions from Neltume, Panguipulli, Chile to San Martín de los Andes, Neuquén Province",,0.86964457224994,169.73834948292227,-71.336,-40.140
"Directions from Neltume, Panguipulli, Chile to San Martín de los Andes, Neuquén Province",,0.86987652052004,176.28429601501909,-71.336,-40.140
"Directions from Neltume, Panguipulli, Chile to San Martín de los Andes, Neuquén Province",,0.87006652052004,184.37308112963032,-71.336,-40.140
"Directions from Neltume, Panguipulli, Chile to San Martín de los Andes, Neuquén Province",,0.87019804998441,195.68301360377097,-71.336,-40.140
"Directions from Neltume, Panguipulli, Chile to San Martín de los Andes, Neuquén Province",,0.87032804998442,205.71532934636957,-71.336,-40.140
"Directions from Neltume, Panguipulli, Chile to San Martín de los Andes, Neuquén Province",,0.87055630422863,214.58766515857076,-71.337,-40.141
"Directions from Neltume, Panguipulli, Chile to San Martín de los Andes, Neuquén Province",,0.87081879232359,223.18481128841779,-71.337,-40.141
"Directions from Neltume, Panguipulli, Chile to San Martín de los Andes, Neuquén Province",,0.87122190521101,229.56759418037524,-71.337,-40.141
"Directions from Neltume, Panguipulli, Chile to San Martín de los Andes, Neuquén Province",,0.87142190521101,229.06505117490673,-71.337,-40.141
"Directions from Neltume, Panguipulli, Chile to San Martín de los Andes, Neuquén Province",,0.87146433161788,232.29445936313061,-71.337,-40.141
"Directions from Neltume, Panguipulli, Chile to San Martín de los Andes, Neuquén Province",,0.87199771703201,243.76050958556073,-71.338,-40.141
"Directions from Neltume, Panguipulli, Chile to San Martín de los Andes, Neuquén Province",,0.87239696632756,251.94792848267957,-71.338,-40.142
"Directions from Neltume, Panguipulli, Chile to San Martín de los Andes, Neuquén Province",,0.87243819738382,249.69935267510303,-71.338,-40.142
"Directions from Neltume, Panguipulli, Chile to San Martín de los Andes, Neuquén Province",,0.87248291874337,250.45307055712473,-71.338,-40.142
"Directions from Neltume, Panguipulli, Chile to San Martín de los Andes, Neuquén Province",,0.87266730963251,263.73559614566375,-71.338,-40.142
"Directions from Neltume, Panguipulli, Chile to San Martín de los Andes, Neuquén Province",,0.87288730963251,275.15242323454589,-71.339,-40.142
"Directions from Neltume, Panguipulli, Chile to San Martín de los Andes, Neuquén Province",,0.87299911303138,283.12512118385507,-71.339,-40.142
"Directions from Neltume, Panguipulli, Chile to San Martín de los Andes, Neuquén Province",,0.87307191413028,288.87340269178321,-71.339,-40.142
"Directions from Neltume, Panguipulli, Chile to San Martín de los Andes, Neuquén Province",,0.87317961742642,294.18323033175318,-71.339,-40.142
"Directions from Neltume, Panguipulli, Chile to San Martín de los Andes, Neuquén Province",,0.87342558490395,300.63010235505902,-71.339,-40.142
"Directions from Neltume, Panguipulli, Chile to San Martín de los Andes, Neuquén Province",,0.87358369878696,301.65280659915135,-71.339,-40.141
"Directions from Neltume, Panguipulli, Chile to San Martín de los Andes, Neuquén Province",,0.87370899842781,290.35260837088464,-71.339,-40.141
"Directions from Neltume, Panguipulli, Chile to San Martín de los Andes, Neuquén Province",,0.87385217663845,276.04737853751305,-71.339,-40.141
"Directions from Neltume, Panguipulli, Chile to San Martín de los Andes, Neuquén Province",,0.87393217663844,261.65037788449717,-71.339,-40.141
"Directions from Neltume, Panguipulli, Chile to San Martín de los Andes, Neuquén Province",,0.87403657970353,243.88153898961033,-71.340,-40.141
"Directions from Neltume, Panguipulli, Chile to San Martín de los Andes, Neuquén Province",,0.87412260295621,227.53180842689693,-71.340,-40.141
"Directions from Neltume, Panguipulli, Chile to San Martín de los Andes, Neuquén Province",,0.87430699384536,200.30064732178380,-71.340,-40.142
"Directions from Neltume, Panguipulli, Chile to San Martín de los Andes, Neuquén Province",,0.87431699384535,197.68123094350636,-71.340,-40.142
"Directions from Neltume, Panguipulli, Chile to San Martín de los Andes, Neuquén Province",,0.87469712540153,213.68392254789117,-71.340,-40.142
"Directions from Neltume, Panguipulli, Chile to San Martín de los Andes, Neuquén Province",,0.87488580502417,215.33259573043691,-71.340,-40.142
"Directions from Neltume, Panguipulli, Chile to San Martín de los Andes, Neuquén Province",,0.87507789875129,244.32990412605207,-71.340,-40.142
"Directions from Neltume, Panguipulli, Chile to San Martín de los Andes, Neuquén Province",,0.87508789875130,241.84503375985827,-71.340,-40.142
"Directions from Neltume, Panguipulli, Chile to San Martín de los Andes, Neuquén Province",,0.87512395426404,219.34503376113051,-71.340,-40.142
"Directions from Neltume, Panguipulli, Chile to San Martín de los Andes, Neuquén Province",,0.87523709134904,229.06505117997864,-71.340,-40.142
"Directions from Neltume, Panguipulli, Chile to San Martín de los Andes, Neuquén Province",,0.87528709134904,251.56505117870643,-71.340,-40.142
"Directions from Neltume, Panguipulli, Chile to San Martín de los Andes, Neuquén Province",,0.87529709134903,247.50000000339256,-71.340,-40.142
"Directions from Neltume, Panguipulli, Chile to San Martín de los Andes, Neuquén Province",,0.87533951775591,229.06505118047059,-71.340,-40.142
"Directions from Neltume, Panguipulli, Chile to San Martín de los Andes, Neuquén Province",,0.87543951775590,238.96448935359084,-71.340,-40.142
"Directions from Neltume, Panguipulli, Chile to San Martín de los Andes, Neuquén Province",,0.87562740069818,246.49873343403883,-71.341,-40.142
"Directions from Neltume, Panguipulli, Chile to San Martín de los Andes, Neuquén Province",,0.87584280729047,254.36813415131260,-71.341,-40.143
"Directions from Neltume, Panguipulli, Chile to San Martín de los Andes, Neuquén Province",,0.87590363491577,254.99081628678329,-71.341,-40.143
"Directions from Neltume, Panguipulli, Chile to San Martín de los Andes, Neuquén Province",,0.87598907495323,253.77764837204879,-71.341,-40.143
"Directions from Neltume, Panguipulli, Chile to San Martín de los Andes, Neuquén Province",,0.87618323983161,264.05567097905219,-71.341,-40.143
"Directions from Neltume, Panguipulli, Chile to San Martín de los Andes, Neuquén Province",,0.87623323983161,264.34503376533866,-71.341,-40.143
"Directions from Neltume, Panguipulli, Chile to San Martín de los Andes, Neuquén Province",,0.87628423002675,264.34503376533866,-71.341,-40.143
"Directions from Neltume, Panguipulli, Chile to San Martín de los Andes, Neuquén Province",,0.87669423002675,279.21747441112171,-71.342,-40.143
"Directions from Neltume, Panguipulli, Chile to San Martín de los Andes, Neuquén Province",,0.87688396668636,290.81676966817975,-71.342,-40.143
"Directions from Neltume, Panguipulli, Chile to San Martín de los Andes, Neuquén Province",,0.87711243987953,326.59929525705809,-71.342,-40.143
"Directions from Neltume, Panguipulli, Chile to San Martín de los Andes, Neuquén Province",,0.87712243987954,315.00000000000000,-71.342,-40.143
"Directions from Neltume, Panguipulli, Chile to San Martín de los Andes, Neuquén Province",,0.87713243987954,283.28252558853899,-71.342,-40.143
"Directions from Neltume, Panguipulli, Chile to San Martín de los Andes, Neuquén Province",,0.87717716123909,289.54692944287530,-71.342,-40.142
"Directions from Neltume, Panguipulli, Chile to San Martín de los Andes, Neuquén Province",,0.87726935668366,276.26440385433625,-71.342,-40.142
"Directions from Neltume, Panguipulli, Chile to San Martín de los Andes, Neuquén Province",,0.87732935668367,262.98187826364199,-71.342,-40.142
"Directions from Neltume, Panguipulli, Chile to San Martín de los Andes, Neuquén Province",,0.87737058773992,262.98187826364199,-71.342,-40.142
"Directions from Neltume, Panguipulli, Chile to San Martín de los Andes, Neuquén Province",,0.87742058773992,262.98187826603674,-71.342,-40.142
"Directions from Neltume, Panguipulli, Chile to San Martín de los Andes, Neuquén Province",,0.87750304985243,245.48586816703059,-71.342,-40.142
"Directions from Neltume, Panguipulli, Chile to San Martín de los Andes, Neuquén Province",,0.87762511540859,227.40677544812755,-71.343,-40.143
"Directions from Neltume, Panguipulli, Chile to San Martín de los Andes, Neuquén Province",,0.87770321790535,216.74781930934068,-71.343,-40.143
"Directions from Neltume, Panguipulli, Chile to San Martín de los Andes, Neuquén Province",,0.87784743995637,218.10025730074651,-71.343,-40.143
"Directions from Neltume, Panguipulli, Chile to San Martín de los Andes, Neuquén Province",,0.87801022816232,224.81577173720487,-71.343,-40.143
"Directions from Neltume, Panguipulli, Chile to San Martín de los Andes, Neuquén Province",,0.87820127789407,233.68810754988112,-71.343,-40.143
"Directions from Neltume, Panguipulli, Chile to San Martín de los Andes, Neuquén Province",,0.87828190047156,244.22685460874175,-71.343,-40.143
"Directions from Neltume, Panguipulli, Chile to San Martín de los Andes, Neuquén Province",,0.87833575211963,245.06305178931780,-71.343,-40.143
"Directions from Neltume, Panguipulli, Chile to San Martín de los Andes, Neuquén Province",,0.87850575211962,237.26107821599865,-71.343,-40.143
"Directions from Neltume, Panguipulli, Chile to San Martín de los Andes, Neuquén Province",,0.87871976146521,222.53291783118769,-71.343,-40.143
"Directions from Neltume, Panguipulli, Chile to San Martín de los Andes, Neuquén Province",,0.87885014551332,215.88029957833180,-71.343,-40.143
"Directions from Neltume, Panguipulli, Chile to San Martín de los Andes, Neuquén Province",,0.87899227221735,199.64470343135096,-71.344,-40.143
"Directions from Neltume, Panguipulli, Chile to San Martín de los Andes, Neuquén Province",,0.87901227221736,196.84503375985827,-71.344,-40.144
"Directions from Neltume, Panguipulli, Chile to San Martín de los Andes, Neuquén Province",,0.87904832773011,208.82627825050500,-71.344,-40.144
"Directions from Neltume, Panguipulli, Chile to San Martín de los Andes, Neuquén Province",,0.87914681630813,207.46312275428869,-71.344,-40.144
"Directions from Neltume, Panguipulli, Chile to San Martín de los Andes, Neuquén Province",,0.87920512582708,221.15197413758989,-71.344,-40.144
"Directions from Neltume, Panguipulli, Chile to San Martín de los Andes, Neuquén Province",,0.87926915706945,228.17009587394793,-71.344,-40.144
"Directions from Neltume, Panguipulli, Chile to San Martín de los Andes, Neuquén Province",,0.87939643629007,247.49999999999997,-71.344,-40.144
"Directions from Neltume, Panguipulli, Chile to San Martín de los Andes, Neuquén Province",,0.87940643629007,250.41317101428288,-71.344,-40.144
"Directions from Neltume, Panguipulli, Chile to San Martín de los Andes, Neuquén Province",,0.88010299928075,227.91317101719079,-71.344,-40.144
"Directions from Neltume, Panguipulli, Chile to San Martín de los Andes, Neuquén Province",,0.88020199423012,219.34503376694167,-71.344,-40.144
"Directions from Neltume, Panguipulli, Chile to San Martín de los Andes, Neuquén Province",,0.88031016076839,206.56505117649340,-71.344,-40.144
"Directions from Neltume, Panguipulli, Chile to San Martín de los Andes, Neuquén Province",,0.88049043833216,194.45117851812293,-71.345,-40.145
"Directions from Neltume, Panguipulli, Chile to San Martín de los Andes, Neuquén Province",,0.88055126595746,184.73116110566329,-71.345,-40.145
"Directions from Neltume, Panguipulli, Chile to San Martín de los Andes, Neuquén Province",,0.88060126595746,174.84757676577982,-71.345,-40.145
"Directions from Neltume, Panguipulli, Chile to San Martín de los Andes, Neuquén Province",,0.88104847955296,163.65750923998070,-71.344,-40.145
"Directions from Neltume, Panguipulli, Chile to San Martín de los Andes, Neuquén Province",,0.88160002284228,163.15496623562495,-71.344,-40.146
"Directions from Neltume, Panguipulli, Chile to San Martín de los Andes, Neuquén Province",,0.88170200323256,174.34503376142411,-71.344,-40.146
"Directions from Neltume, Panguipulli, Chile to San Martín de los Andes, Neuquén Province",,0.88180200323256,182.59721445453479,-71.344,-40.146
"Directions from Neltume, Panguipulli, Chile to San Martín de los Andes, Neuquén Province",,0.88191245684273,187.90704209199788,-71.344,-40.146
"Directions from Neltume, Panguipulli, Chile to San Martín de los Andes, Neuquén Province",,0.88207524504869,185.30982763746303,-71.344,-40.146
"Directions from Neltume, Panguipulli, Chile to San Martín de los Andes, Neuquén Province",,0.88222524504869,169.09929525963179,-71.344,-40.146
"Directions from Neltume, Panguipulli, Chile to San Martín de los Andes, Neuquén Province",,0.88227909669676,169.09929525963179,-71.344,-40.146
"Directions from Neltume, Panguipulli, Chile to San Martín de los Andes, Neuquén Province",,0.88230909669676,166.71747440738991,-71.344,-40.146
"Directions from Neltume, Panguipulli, Chile to San Martín de los Andes, Neuquén Province",,0.88235381805631,134.99999999592887,-71.344,-40.146
"Directions from Neltume, Panguipulli, Chile to San Martín de los Andes, Neuquén Province",,0.88237617873609,125.78252559362789,-71.344,-40.146
"Directions from Neltume, Panguipulli, Chile to San Martín de los Andes, Neuquén Province",,0.88240446300733,120.47269795439811,-71.344,-40.146
"Directions from Neltume, Panguipulli, Chile to San Martín de los Andes, Neuquén Province",,0.88247726410623,97.97269794930922,-71.344,-40.146
"Directions from Neltume, Panguipulli, Chile to San Martín de los Andes, Neuquén Province",,0.88257726410622,79.09929525752602,-71.344,-40.146
"Directions from Neltume, Panguipulli, Chile to San Martín de los Andes, Neuquén Province",,0.88263111575430,56.59929526261492,-71.344,-40.146
"Directions from Neltume, Panguipulli, Chile to San Martín de los Andes, Neuquén Province",,0.88265940002555,50.65496624053318,-71.344,-40.146
"Directions from Neltume, Panguipulli, Chile to San Martín de los Andes, Neuquén Province",,0.88269545553830,45.00000000156580,-71.344,-40.146
"Directions from Neltume, Panguipulli, Chile to San Martín de los Andes, Neuquén Province",,0.88273151105106,26.06250816740473,-71.344,-40.146
"Directions from Neltume, Panguipulli, Chile to San Martín de los Andes, Neuquén Province",,0.88276313382766,26.06250817053637,-71.344,-40.146
"Directions from Neltume, Panguipulli, Chile to San Martín de los Andes, Neuquén Province",,0.88279918934041,26.06250818274972,-71.344,-40.146
"Directions from Neltume, Panguipulli, Chile to San Martín de los Andes, Neuquén Province",,0.88283081211702,21.60504469761463,-71.344,-40.146
"Directions from Neltume, Panguipulli, Chile to San Martín de los Andes, Neuquén Province",,0.88311716853828,28.97682611337148,-71.344,-40.146
"Directions from Neltume, Panguipulli, Chile to San Martín de los Andes, Neuquén Province",,0.88342781302962,34.71617469897593,-71.344,-40.146
"Directions from Neltume, Panguipulli, Chile to San Martín de los Andes, Neuquén Province",,0.88361382378200,40.62691886632993,-71.343,-40.146
"Directions from Neltume, Panguipulli, Chile to San Martín de los Andes, Neuquén Province",,0.88365625018887,39.34503376586053,-71.343,-40.146
"Directions from Neltume, Panguipulli, Chile to San Martín de los Andes, Neuquén Province",,0.88369230570162,43.41008494470269,-71.343,-40.146
"Directions from Neltume, Panguipulli, Chile to San Martín de los Andes, Neuquén Province",,0.88374230570162,49.06505117544954,-71.343,-40.145
"Directions from Neltume, Panguipulli, Chile to San Martín de los Andes, Neuquén Province",,0.88379887424412,53.58795180767682,-71.343,-40.145
"Directions from Neltume, Panguipulli, Chile to San Martín de los Andes, Neuquén Province",,0.88420593689286,53.58795181785458,-71.343,-40.145
"Directions from Neltume, Panguipulli, Chile to San Martín de los Andes, Neuquén Province",,0.88422007902848,53.55136449448390,-71.343,-40.145
"Directions from Neltume, Panguipulli, Chile to San Martín de los Andes, Neuquén Province",,0.88441243286910,65.15065974183214,-71.343,-40.145
"Directions from Neltume, Panguipulli, Chile to San Martín de los Andes, Neuquén Province",,0.88457398781332,79.09929525752602,-71.343,-40.145
"Directions from Neltume, Panguipulli, Chile to San Martín de los Andes, Neuquén Province",,0.88459398781331,79.57277097952560,-71.343,-40.145
"Directions from Neltume, Panguipulli, Chile to San Martín de los Andes, Neuquén Province",,0.88481870986385,75.85706699367448,-71.342,-40.145
"Directions from Neltume, Panguipulli, Chile to San Martín de los Andes, Neuquén Province",,0.88505065813394,87.70838996989110,-71.342,-40.145
"Directions from Neltume, Panguipulli, Chile to San Martín de los Andes, Neuquén Province",,0.88706314415874,91.42409395574219,-71.340,-40.145
"Directions from Neltume, Panguipulli, Chile to San Martín de los Andes, Neuquén Province",,0.88739314415874,87.14470343098148,-71.340,-40.145
"Directions from Neltume, Panguipulli, Chile to San Martín de los Andes, Neuquén Province",,0.88769464042737,81.92596575555872,-71.340,-40.145
"Directions from Neltume, Panguipulli, Chile to San Martín de los Andes, Neuquén Province",,0.88885382117256,86.46449265566044,-71.338,-40.145
"Directions from Neltume, Panguipulli, Chile to San Martín de los Andes, Neuquén Province",,0.88902411503622,98.70135206504639,-71.338,-40.145
"Directions from Neltume, Panguipulli, Chile to San Martín de los Andes, Neuquén Province",,0.88923027031751,109.24009912420637,-71.338,-40.145
"Directions from Neltume, Panguipulli, Chile to San Martín de los Andes, Neuquén Province",,0.88971359215645,116.52720722361470,-71.338,-40.145
"Directions from Neltume, Panguipulli, Chile to San Martín de los Andes, Neuquén Province",,0.88983889179730,114.13214186258242,-71.337,-40.145
"Directions from Neltume, Panguipulli, Chile to San Martín de los Andes, Neuquén Province",,0.88998755248478,106.44717198667097,-71.337,-40.145
"Directions from Neltume, Panguipulli, Chile to San Martín de los Andes, Neuquén Province",,0.89016219497674,99.91123228516803,-71.337,-40.145
"Directions from Neltume, Panguipulli, Chile to San Martín de los Andes, Neuquén Province",,0.89042392002332,92.30350532192843,-71.337,-40.145
"Directions from Neltume, Panguipulli, Chile to San Martín de los Andes, Neuquén Province",,0.89071409238588,86.15723642567228,-71.337,-40.145
"Directions from Neltume, Panguipulli, Chile to San Martín de los Andes, Neuquén Province",,0.89091508989831,81.70193990464500,-71.336,-40.145
"Directions from Neltume, Panguipulli, Chile to San Martín de los Andes, Neuquén Province",,0.89117985394420,83.53453222843854,-71.336,-40.145
"Directions from Neltume, Panguipulli, Chile to San Martín de los Andes, Neuquén Province",,0.89146003245873,95.24169960958150,-71.336,-40.145
"Directions from Neltume, Panguipulli, Chile to San Martín de los Andes, Neuquén Province",,0.89155222790330,105.48187826647580,-71.336,-40.145
"Directions from Neltume, Panguipulli, Chile to San Martín de los Andes, Neuquén Province",,0.89164709623311,119.02281853239704,-71.336,-40.145
"Directions from Neltume, Panguipulli, Chile to San Martín de los Andes, Neuquén Province",,0.89202352683760,132.04252681694649,-71.335,-40.145
"Directions from Neltume, Panguipulli, Chile to San Martín de los Andes, Neuquén Province",,0.89279430566450,132.53783001990962,-71.335,-40.146
"Directions from Neltume, Panguipulli, Chile to San Martín de los Andes, Neuquén Province",,0.89288650110907,133.78811432861332,-71.335,-40.146
"Directions from Neltume, Panguipulli, Chile to San Martín de los Andes, Neuquén Province",,0.89370723249022,134.48107325375082,-71.334,-40.147
"Directions from Neltume, Panguipulli, Chile to San Martín de los Andes, Neuquén Province",,0.89384176873068,125.29883608160010,-71.334,-40.147
"Directions from Neltume, Panguipulli, Chile to San Martín de los Andes, Neuquén Province",,0.89396706837155,116.81367657258910,-71.334,-40.147
"Directions from Neltume, Panguipulli, Chile to San Martín de los Andes, Neuquén Province",,0.89429812727869,125.00844673643924,-71.334,-40.147
"Directions from Neltume, Panguipulli, Chile to San Martín de los Andes, Neuquén Province",,0.89439712222806,126.65037788037537,-71.334,-40.147
"Directions from Neltume, Panguipulli, Chile to San Martín de los Andes, Neuquén Province",,0.89454477045866,149.15037788328331,-71.333,-40.147
"Directions from Neltume, Panguipulli, Chile to San Martín de los Andes, Neuquén Province",,0.89455477045866,135.00000000000000,-71.333,-40.147
"Directions from Neltume, Panguipulli, Chile to San Martín de los Andes, Neuquén Province",,0.89456477045867,112.50000000508891,-71.333,-40.147
"Directions from Neltume, Panguipulli, Chile to San Martín de los Andes, Neuquén Province",,0.89459305472991,164.51812174144692,-71.333,-40.147
"Directions from Neltume, Panguipulli, Chile to San Martín de los Andes, Neuquén Province",,0.89463428578616,203.86315549308469,-71.333,-40.147
"Directions from Neltume, Panguipulli, Chile to San Martín de los Andes, Neuquén Province",,0.89467034129892,196.84503375672665,-71.333,-40.147
"Directions from Neltume, Panguipulli, Chile to San Martín de los Andes, Neuquén Province",,0.89468034129891,196.84503376612153,-71.333,-40.147
"Directions from Neltume, Panguipulli, Chile to San Martín de los Andes, Neuquén Province",,0.89471639681167,219.34503376612153,-71.334,-40.147
"Directions from Neltume, Panguipulli, Chile to San Martín de los Andes, Neuquén Province",,0.89478710748979,220.62691886795761,-71.334,-40.147
"Directions from Neltume, Panguipulli, Chile to San Martín de los Andes, Neuquén Province",,0.89497311824217,225.35807997217671,-71.334,-40.147
"Directions from Neltume, Panguipulli, Chile to San Martín de los Andes, Neuquén Province",,0.89531721125285,238.45475531570895,-71.334,-40.148
"Directions from Neltume, Panguipulli, Chile to San Martín de los Andes, Neuquén Province",,0.89557663368827,246.55142957547849,-71.334,-40.148
"Directions from Neltume, Panguipulli, Chile to San Martín de los Andes, Neuquén Province",,0.89657287663053,251.86407883163335,-71.335,-40.148
"Directions from Neltume, Panguipulli, Chile to San Martín de los Andes, Neuquén Province",,0.89705370924173,256.80508236583256,-71.336,-40.148
"Directions from Neltume, Panguipulli, Chile to San Martín de los Andes, Neuquén Province",,0.89711453686704,256.19979782022517,-71.336,-40.148
"Directions from Neltume, Panguipulli, Chile to San Martín de los Andes, Neuquén Province",,0.89772486464782,260.93095892203735,-71.336,-40.148
"Directions from Neltume, Panguipulli, Chile to San Martín de los Andes, Neuquén Province",,0.89774486464783,257.49155326013283,-71.336,-40.148
"Directions from Neltume, Panguipulli, Chile to San Martín de los Andes, Neuquén Province",,0.89791039410139,234.99155326522171,-71.336,-40.149
"Directions from Neltume, Panguipulli, Chile to San Martín de los Andes, Neuquén Province",,0.89793867837265,232.17466602650040,-71.336,-40.149
"Directions from Neltume, Panguipulli, Chile to San Martín de los Andes, Neuquén Province",,0.89825252546918,237.34101627934717,-71.337,-40.149
"Directions from Neltume, Panguipulli, Chile to San Martín de los Andes, Neuquén Province",,0.89955348665230,233.68923482058196,-71.338,-40.149
"Directions from Neltume, Panguipulli, Chile to San Martín de los Andes, Neuquén Province",,0.90018760020680,228.52288456264631,-71.338,-40.150
"Directions from Neltume, Panguipulli, Chile to San Martín de los Andes, Neuquén Province",,0.90045630078366,223.09296258213428,-71.338,-40.150
"Directions from Neltume, Panguipulli, Chile to San Martín de los Andes, Neuquén Province",,0.90056260224178,218.36180147839656,-71.339,-40.150
"Directions from Neltume, Panguipulli, Chile to San Martín de los Andes, Neuquén Province",,0.90082067199979,222.46819157304159,-71.339,-40.150
"Directions from Neltume, Panguipulli, Chile to San Martín de los Andes, Neuquén Province",,0.90091286744436,231.68566598433753,-71.339,-40.150
"Directions from Neltume, Panguipulli, Chile to San Martín de los Andes, Neuquén Province",,0.90104888214946,239.83403867495932,-71.339,-40.150
"Directions from Neltume, Panguipulli, Chile to San Martín de los Andes, Neuquén Province",,0.90138902917649,248.86315549728673,-71.339,-40.151
"Directions from Neltume, Panguipulli, Chile to San Martín de los Andes, Neuquén Province",,0.90255594819681,250.58820110941119,-71.340,-40.151
"Directions from Neltume, Panguipulli, Chile to San Martín de los Andes, Neuquén Province",,0.90278067024735,250.29879192783639,-71.340,-40.151
"Directions from Neltume, Panguipulli, Chile to San Martín de los Andes, Neuquén Province",,0.90598722603199,250.73446768758373,-71.344,-40.152
"Directions from Neltume, Panguipulli, Chile to San Martín de los Andes, Neuquén Province",,0.90668950802664,251.05448030773013,-71.344,-40.152
"Directions from Neltume, Panguipulli, Chile to San Martín de los Andes, Neuquén Province",,0.90909610313175,251.27284970186420,-71.346,-40.153
"Directions from Neltume, Panguipulli, Chile to San Martín de los Andes, Neuquén Province",,0.91088945195449,250.94378602452048,-71.348,-40.154
"Directions from Neltume, Panguipulli, Chile to San Martín de los Andes, Neuquén Province",,0.91503520882146,201.59824712191252,-71.352,-40.155
"Directions from Neltume, Panguipulli, Chile to San Martín de los Andes, Neuquén Province",,0.91687403997194,149.03624346780910,-71.351,-40.157
"Directions from Neltume, Panguipulli, Chile to San Martín de los Andes, Neuquén Province",,0.91694615099745,148.55622321471586,-71.351,-40.157
"Directions from Neltume, Panguipulli, Chile to San Martín de los Andes, Neuquén Province",,0.91733563783933,202.01997974668919,-71.351,-40.157
"Directions from Neltume, Panguipulli, Chile to San Martín de los Andes, Neuquén Province",,0.91820247115663,252.05190116579612,-71.352,-40.157
"Directions from Neltume, Panguipulli, Chile to San Martín de los Andes, Neuquén Province",,0.91872112325583,289.06556526090588,-71.352,-40.157
"Directions from Neltume, Panguipulli, Chile to San Martín de los Andes, Neuquén Province",,0.91888755642560,327.26477372818636,-71.352,-40.157
