Name,description,altitudeMode,distance,angle,X,Y
"Directions from San Martín de los Andes, Neuquén Province to Pitrufquén, Chile",,,0.00000000000000,147.26477372818633,-71.352,-40.157
"Directions from San Martín de los Andes, Neuquén Province to Pitrufquén, Chile",,,0.00016643316977,149.24856219478553,-71.352,-40.157
"Directions from San Martín de los Andes, Neuquén Province to Pitrufquén, Chile",,,0.00133004822639,111.07862608448548,-71.352,-40.158
"Directions from San Martín de los Andes, Neuquén Province to Pitrufquén, Chile",,,0.00246221429196,71.69082189607764,-71.351,-40.158
"Directions from San Martín de los Andes, Neuquén Province to Pitrufquén, Chile",,,0.00408782187068,71.68162514203097,-71.349,-40.158
"Directions from San Martín de los Andes, Neuquén Province to Pitrufquén, Chile",,,0.00546350351990,72.29632778695078,-71.348,-40.157
"Directions from San Martín de los Andes, Neuquén Province to Pitrufquén, Chile",,,0.00589070370716,71.41584476672992,-71.347,-40.157
"Directions from San Martín de los Andes, Neuquén Province to Pitrufquén, Chile",,,0.00611542575770,70.41301554256204,-71.347,-40.157
"Directions from San Martín de los Andes, Neuquén Province to Pitrufquén, Chile",,,0.01082406675060,63.99521080004656,-71.343,-40.155
"Directions from San Martín de los Andes, Neuquén Province to Pitrufquén, Chile",,,0.01086012226336,50.65496623192124,-71.343,-40.155
"Directions from San Martín de los Andes, Neuquén Province to Pitrufquén, Chile",,,0.01088840653461,35.78252558752122,-71.343,-40.155
"Directions from San Martín de los Andes, Neuquén Province to Pitrufquén, Chile",,,0.01093312789416,13.28252559261011,-71.343,-40.155
"Directions from San Martín de los Andes, Neuquén Province to Pitrufquén, Chile",,,0.01099312789416,350.78252558650343,-71.343,-40.155
"Directions from San Martín de los Andes, Neuquén Province to Pitrufquén, Chile",,,0.01102475067076,335.65430700459825,-71.343,-40.155
"Directions from San Martín de los Andes, Neuquén Province to Pitrufquén, Chile",,,0.01185829731013,331.58925582874150,-71.343,-40.155
"Directions from San Martín de los Andes, Neuquén Province to Pitrufquén, Chile",,,0.01197010070900,21.99745699643340,-71.343,-40.154
"Directions from San Martín de los Andes, Neuquén Province to Pitrufquén, Chile",,,0.01215037827279,74.23260404767778,-71.343,-40.154
"Directions from San Martín de los Andes, Neuquén Province to Pitrufquén, Chile",,,0.01229355648341,80.69272058629228,-71.343,-40.154
"Directions from San Martín de los Andes, Neuquén Province to Pitrufquén, Chile",,,0.01264583478250,80.79577010345328,-71.342,-40.154
"Directions from San Martín de los Andes, Neuquén Province to Pitrufquén, Chile",,,0.01283999966088,79.82009866255375,-71.342,-40.154
"Directions from San Martín de los Andes, Neuquén Province to Pitrufquén, Chile",,,0.01331518383570,82.90913111475179,-71.342,-40.154
"Directions from San Martín de los Andes, Neuquén Province to Pitrufquén, Chile",,,0.01351618134812,82.67492092990263,-71.342,-40.154
"Directions from San Martín de los Andes, Neuquén Province to Pitrufquén, Chile",,,0.01441712529755,83.89497353682050,-71.341,-40.154
"Directions from San Martín de los Andes, Neuquén Province to Pitrufquén, Chile",,,0.01511826722327,87.55111437706188,-71.340,-40.154
"Directions from San Martín de los Andes, Neuquén Province to Pitrufquén, Chile",,,0.01687897730730,86.58914388402533,-71.338,-40.154
"Directions from San Martín de los Andes, Neuquén Province to Pitrufquén, Chile",,,0.01698943091746,109.90278554513149,-71.338,-40.154
"Directions from San Martín de los Andes, Neuquén Province to Pitrufquén, Chile",,,0.01700357305309,112.50000000000000,-71.338,-40.154
"Directions from San Martín de los Andes, Neuquén Province to Pitrufquén, Chile",,,0.01702357305308,112.49999998982221,-71.338,-40.154
"Directions from San Martín de los Andes, Neuquén Province to Pitrufquén, Chile",,,0.01703771518871,112.49999998982221,-71.338,-40.154
"Directions from San Martín de los Andes, Neuquén Province to Pitrufquén, Chile",,,0.01704771518871,67.50000001017779,-71.338,-40.154
"Directions from San Martín de los Andes, Neuquén Province to Pitrufquén, Chile",,,0.01706185732433,67.50000001017779,-71.338,-40.154
"Directions from San Martín de los Andes, Neuquén Province to Pitrufquén, Chile",,,0.01709185732433,67.50000000508888,-71.338,-40.154
"Directions from San Martín de los Andes, Neuquén Province to Pitrufquén, Chile",,,0.01712014159558,64.32990413203238,-71.338,-40.154
"Directions from San Martín de los Andes, Neuquén Province to Pitrufquén, Chile",,,0.01911232632596,83.00104928025598,-71.336,-40.154
"Directions from San Martín de los Andes, Neuquén Province to Pitrufquén, Chile",,,0.02031303445037,80.51617891604143,-71.335,-40.154
"Directions from San Martín de los Andes, Neuquén Province to Pitrufquén, Chile",,,0.02046600503578,85.34397369106074,-71.335,-40.154
"Directions from San Martín de los Andes, Neuquén Province to Pitrufquén, Chile",,,0.02132652813250,90.99893992833179,-71.334,-40.154
"Directions from San Martín de los Andes, Neuquén Province to Pitrufquén, Chile",,,0.02363652813250,87.55045377289166,-71.332,-40.154
"Directions from San Martín de los Andes, Neuquén Province to Pitrufquén, Chile",,,0.02398781149391,82.68666449733618,-71.331,-40.154
"Directions from San Martín de los Andes, Neuquén Province to Pitrufquén, Chile",,,0.02434291711199,77.22001741409071,-71.331,-40.153
"Directions from San Martín de los Andes, Neuquén Province to Pitrufquén, Chile",,,0.02503933652585,82.08380668964622,-71.330,-40.153
"Directions from San Martín de los Andes, Neuquén Province to Pitrufquén, Chile",,,0.02510933652586,86.36249752113700,-71.330,-40.153
"Directions from San Martín de los Andes, Neuquén Province to Pitrufquén, Chile",,,0.02558315083547,108.86249751604809,-71.330,-40.153
"Directions from San Martín de los Andes, Neuquén Province to Pitrufquén, Chile",,,0.02561143510673,112.49999999491109,-71.330,-40.153
"Directions from San Martín de los Andes, Neuquén Province to Pitrufquén, Chile",,,0.02562143510671,112.49999998982221,-71.330,-40.153
"Directions from San Martín de los Andes, Neuquén Province to Pitrufquén, Chile",,,0.02563557724234,112.49999998982221,-71.330,-40.153
"Directions from San Martín de los Andes, Neuquén Province to Pitrufquén, Chile",,,0.02566557724233,112.50000000000000,-71.330,-40.153
"Directions from San Martín de los Andes, Neuquén Province to Pitrufquén, Chile",,,0.02567971937796,112.50000000000000,-71.330,-40.153
"Directions from San Martín de los Andes, Neuquén Province to Pitrufquén, Chile",,,0.02577971937796,67.50000000000000,-71.329,-40.153
"Directions from San Martín de los Andes, Neuquén Province to Pitrufquén, Chile",,,0.02579386151359,67.50000000000000,-71.329,-40.153
"Directions from San Martín de los Andes, Neuquén Province to Pitrufquén, Chile",,,0.02582386151359,67.50000001017779,-71.329,-40.153
"Directions from San Martín de los Andes, Neuquén Province to Pitrufquén, Chile",,,0.02583800364921,67.50000001017779,-71.329,-40.153
"Directions from San Martín de los Andes, Neuquén Province to Pitrufquén, Chile",,,0.02584800364921,67.49999999491112,-71.329,-40.153
"Directions from San Martín de los Andes, Neuquén Province to Pitrufquén, Chile",,,0.02587628792046,67.49999999491112,-71.329,-40.153
"Directions from San Martín de los Andes, Neuquén Province to Pitrufquén, Chile",,,0.02588628792046,45.00000000000000,-71.329,-40.153
"Directions from San Martín de los Andes, Neuquén Province to Pitrufquén, Chile",,,0.02589628792046,45.00000000000000,-71.329,-40.153
"Directions from San Martín de los Andes, Neuquén Province to Pitrufquén, Chile",,,0.02590628792047,67.50000001017779,-71.329,-40.153
"Directions from San Martín de los Andes, Neuquén Province to Pitrufquén, Chile",,,0.02592043005609,22.50000001017778,-71.329,-40.153
"Directions from San Martín de los Andes, Neuquén Province to Pitrufquén, Chile",,,0.02593043005609,22.49999997964445,-71.329,-40.153
"Directions from San Martín de los Andes, Neuquén Province to Pitrufquén, Chile",,,0.02594457219171,67.49999997964444,-71.329,-40.153
"Directions from San Martín de los Andes, Neuquén Province to Pitrufquén, Chile",,,0.02595457219171,45.00000000000000,-71.329,-40.153
"Directions from San Martín de los Andes, Neuquén Province to Pitrufquén, Chile",,,0.02597457219171,22.50000001017778,-71.329,-40.153
"Directions from San Martín de los Andes, Neuquén Province to Pitrufquén, Chile",,,0.02598871432734,22.50000001017778,-71.329,-40.153
"Directions from San Martín de los Andes, Neuquén Province to Pitrufquén, Chile",,,0.02606871432734,337.49999998982219,-71.329,-40.153
"Directions from San Martín de los Andes, Neuquén Province to Pitrufquén, Chile",,,0.02608285646296,349.09929524489155,-71.329,-40.153
"Directions from San Martín de los Andes, Neuquén Province to Pitrufquén, Chile",,,0.02615901419402,18.61741698971676,-71.329,-40.153
"Directions from San Martín de los Andes, Neuquén Province to Pitrufquén, Chile",,,0.02644763158782,7.01812173464744,-71.329,-40.153
"Directions from San Martín de los Andes, Neuquén Province to Pitrufquén, Chile",,,0.02651763158781,25.99052870346919,-71.329,-40.153
"Directions from San Martín de los Andes, Neuquén Province to Pitrufquén, Chile",,,0.02721577197485,54.14549493922666,-71.329,-40.152
"Directions from San Martín de los Andes, Neuquén Province to Pitrufquén, Chile",,,0.02739604953861,58.28252558736464,-71.329,-40.152
"Directions from San Martín de los Andes, Neuquén Province to Pitrufquén, Chile",,,0.02771853984855,62.61911261389440,-71.328,-40.152
"Directions from San Martín de los Andes, Neuquén Province to Pitrufquén, Chile",,,0.02788406930212,60.64651949303406,-71.328,-40.152
"Directions from San Martín de los Andes, Neuquén Province to Pitrufquén, Chile",,,0.02792012481488,60.55440440823998,-71.328,-40.152
"Directions from San Martín de los Andes, Neuquén Province to Pitrufquén, Chile",,,0.02810800775715,77.39943817749314,-71.328,-40.152
"Directions from San Martín de los Andes, Neuquén Province to Pitrufquén, Chile",,,0.02811800775716,80.78252558836935,-71.328,-40.152
"Directions from San Martín de los Andes, Neuquén Province to Pitrufquén, Chile",,,0.02849748107638,75.81940283546322,-71.328,-40.152
"Directions from San Martín de los Andes, Neuquén Province to Pitrufquén, Chile",,,0.02890355988646,81.51790686539152,-71.327,-40.152
"Directions from San Martín de los Andes, Neuquén Province to Pitrufquén, Chile",,,0.02971970938257,84.09920877307493,-71.326,-40.151
"Directions from San Martín de los Andes, Neuquén Province to Pitrufquén, Chile",,,0.02996054127415,83.90247516914060,-71.326,-40.151
"Directions from San Martín de los Andes, Neuquén Province to Pitrufquén, Chile",,,0.03065638608443,84.77790226182178,-71.325,-40.151
"Directions from San Martín de los Andes, Neuquén Province to Pitrufquén, Chile",,,0.03084664906034,82.83864001279710,-71.325,-40.151
"Directions from San Martín de los Andes, Neuquén Province to Pitrufquén, Chile",,,0.03089763925547,83.12670964196114,-71.325,-40.151
"Directions from San Martín de los Andes, Neuquén Province to Pitrufquén, Chile",,,0.03136806459492,85.92637930807425,-71.325,-40.151
"Directions from San Martín de los Andes, Neuquén Province to Pitrufquén, Chile",,,0.03156906210735,85.95173141583398,-71.324,-40.151
"Directions from San Martín de los Andes, Neuquén Province to Pitrufquén, Chile",,,0.03180927035033,89.30090818435944,-71.324,-40.151
"Directions from San Martín de los Andes, Neuquén Province to Pitrufquén, Chile",,,0.03238935655082,92.48224568748354,-71.324,-40.151
"Directions from San Martín de los Andes, Neuquén Province to Pitrufquén, Chile",,,0.03426386982099,90.55716287450124,-71.322,-40.151
"Directions from San Martín de los Andes, Neuquén Province to Pitrufquén, Chile",,,0.03466436950888,85.30889651069070,-71.321,-40.151
"Directions from San Martín de los Andes, Neuquén Province to Pitrufquén, Chile",,,0.03501664780795,86.74009912369584,-71.321,-40.151
"Directions from San Martín de los Andes, Neuquén Province to Pitrufquén, Chile",,,0.03551664780796,84.34503376338134,-71.321,-40.151
"Directions from San Martín de los Andes, Neuquén Province to Pitrufquén, Chile",,,0.03561862819823,74.06701115358962,-71.320,-40.151
"Directions from San Martín de los Andes, Neuquén Province to Pitrufquén, Chile",,,0.03596038834803,67.04888941941914,-71.320,-40.151
"Directions from San Martín de los Andes, Neuquén Province to Pitrufquén, Chile",,,0.03617062630845,63.17653414592756,-71.320,-40.151
"Directions from San Martín de los Andes, Neuquén Province to Pitrufquén, Chile",,,0.03661357100025,58.08078322182980,-71.320,-40.151
"Directions from San Martín de los Andes, Neuquén Province to Pitrufquén, Chile",,,0.03669959425293,34.85872045554592,-71.319,-40.151
"Directions from San Martín de los Andes, Neuquén Province to Pitrufquén, Chile",,,0.03681361179544,30.12755935552171,-71.319,-40.151
"Directions from San Martín de los Andes, Neuquén Province to Pitrufquén, Chile",,,0.03684189606669,39.84757677086872,-71.319,-40.151
"Directions from San Martín de los Andes, Neuquén Province to Pitrufquén, Chile",,,0.03700000994970,39.84757676485458,-71.319,-40.151
"Directions from San Martín de los Andes, Neuquén Province to Pitrufquén, Chile",,,0.03715557344155,46.90703741802130,-71.319,-40.151
"Directions from San Martín de los Andes, Neuquén Province to Pitrufquén, Chile",,,0.03726187489969,35.30774215791097,-71.319,-40.150
"Directions from San Martín de los Andes, Neuquén Province to Pitrufquén, Chile",,,0.03731572654776,37.05358450562388,-71.319,-40.150
"Directions from San Martín de los Andes, Neuquén Province to Pitrufquén, Chile",,,0.04093010062912,84.43540535519848,-71.316,-40.148
"Directions from San Martín de los Andes, Neuquén Province to Pitrufquén, Chile",,,0.04095246130890,125.78252559362789,-71.316,-40.148
"Directions from San Martín de los Andes, Neuquén Province to Pitrufquén, Chile",,,0.04098074558014,112.50000000508891,-71.316,-40.148
"Directions from San Martín de los Andes, Neuquén Province to Pitrufquén, Chile",,,0.04100074558015,112.49999998982221,-71.316,-40.148
"Directions from San Martín de los Andes, Neuquén Province to Pitrufquén, Chile",,,0.04101488771577,112.49999998982221,-71.316,-40.148
"Directions from San Martín de los Andes, Neuquén Province to Pitrufquén, Chile",,,0.04103488771576,103.28252558853897,-71.316,-40.148
"Directions from San Martín de los Andes, Neuquén Province to Pitrufquén, Chile",,,0.04105724839554,103.28252558853897,-71.316,-40.148
"Directions from San Martín de los Andes, Neuquén Province to Pitrufquén, Chile",,,0.04115724839555,67.49999997964444,-71.316,-40.148
"Directions from San Martín de los Andes, Neuquén Province to Pitrufquén, Chile",,,0.04117139053117,67.49999997964444,-71.316,-40.148
"Directions from San Martín de los Andes, Neuquén Province to Pitrufquén, Chile",,,0.04119139053117,67.50000001017779,-71.316,-40.148
"Directions from San Martín de los Andes, Neuquén Province to Pitrufquén, Chile",,,0.04120553266680,67.50000001017779,-71.316,-40.148
"Directions from San Martín de los Andes, Neuquén Province to Pitrufquén, Chile",,,0.04122553266679,67.50000000508888,-71.316,-40.148
"Directions from San Martín de los Andes, Neuquén Province to Pitrufquén, Chile",,,0.04125381693804,54.21747440840768,-71.316,-40.148
"Directions from San Martín de los Andes, Neuquén Province to Pitrufquén, Chile",,,0.04127617761781,76.71747440331880,-71.316,-40.148
"Directions from San Martín de los Andes, Neuquén Province to Pitrufquén, Chile",,,0.04128617761781,58.28252559261012,-71.316,-40.148
"Directions from San Martín de los Andes, Neuquén Province to Pitrufquén, Chile",,,0.04130853829759,35.78252558921751,-71.316,-40.148
"Directions from San Martín de los Andes, Neuquén Province to Pitrufquén, Chile",,,0.04135096470446,22.49999999660740,-71.316,-40.148
"Directions from San Martín de los Andes, Neuquén Province to Pitrufquén, Chile",,,0.04137096470446,22.50000001017778,-71.316,-40.148
"Directions from San Martín de los Andes, Neuquén Province to Pitrufquén, Chile",,,0.04138510684008,22.50000001017778,-71.316,-40.148
"Directions from San Martín de los Andes, Neuquén Province to Pitrufquén, Chile",,,0.04140510684009,13.28252559261011,-71.316,-40.148
"Directions from San Martín de los Andes, Neuquén Province to Pitrufquén, Chile",,,0.04142746751986,13.28252559261011,-71.316,-40.148
"Directions from San Martín de los Andes, Neuquén Province to Pitrufquén, Chile",,,0.04143746751986,337.49999999999994,-71.316,-40.148
"Directions from San Martín de los Andes, Neuquén Province to Pitrufquén, Chile",,,0.04145160965549,337.49999999999994,-71.316,-40.148
"Directions from San Martín de los Andes, Neuquén Province to Pitrufquén, Chile",,,0.04148160965548,337.49999999999994,-71.316,-40.148
"Directions from San Martín de los Andes, Neuquén Province to Pitrufquén, Chile",,,0.04150989392674,337.49999999999994,-71.316,-40.148
"Directions from San Martín de los Andes, Neuquén Province to Pitrufquén, Chile",,,0.04151989392673,337.50000000339253,-71.316,-40.148
"Directions from San Martín de los Andes, Neuquén Province to Pitrufquén, Chile",,,0.04156232033360,5.91074417378060,-71.316,-40.148
"Directions from San Martín de los Andes, Neuquén Province to Pitrufquén, Chile",,,0.04187296482494,60.12821858184902,-71.316,-40.148
"Directions from San Martín de los Andes, Neuquén Province to Pitrufquén, Chile",,,0.04202948958337,66.60504469592662,-71.316,-40.148
"Directions from San Martín de los Andes, Neuquén Province to Pitrufquén, Chile",,,0.04223197415068,72.06644705580086,-71.315,-40.148
"Directions from San Martín de los Andes, Neuquén Province to Pitrufquén, Chile",,,0.04275120435012,77.73854719657965,-71.315,-40.147
"Directions from San Martín de los Andes, Neuquén Province to Pitrufquén, Chile",,,0.04307508704493,83.96975536481122,-71.315,-40.147
"Directions from San Martín de los Andes, Neuquén Province to Pitrufquén, Chile",,,0.04343564217248,89.43278918437346,-71.314,-40.147
"Directions from San Martín de los Andes, Neuquén Province to Pitrufquén, Chile",,,0.04371582068699,94.31367657269280,-71.314,-40.147
"Directions from San Martín de los Andes, Neuquén Province to Pitrufquén, Chile",,,0.04397754573355,98.29496222840190,-71.314,-40.147
"Directions from San Martín de los Andes, Neuquén Province to Pitrufquén, Chile",,,0.04466805279362,101.40612293307915,-71.313,-40.148
"Directions from San Martín de los Andes, Neuquén Province to Pitrufquén, Chile",,,0.04557049392744,103.54268090067519,-71.312,-40.148
"Directions from San Martín de los Andes, Neuquén Province to Pitrufquén, Chile",,,0.04670557101733,110.42307344850857,-71.311,-40.148
"Directions from San Martín de los Andes, Neuquén Province to Pitrufquén, Chile",,,0.04672793169711,109.80534411206069,-71.311,-40.148
"Directions from San Martín de los Andes, Neuquén Province to Pitrufquén, Chile",,,0.04756965611756,100.67139101654779,-71.310,-40.148
"Directions from San Martín de los Andes, Neuquén Province to Pitrufquén, Chile",,,0.04805473343100,95.57977509788896,-71.310,-40.148
"Directions from San Martín de los Andes, Neuquén Province to Pitrufquén, Chile",,,0.04845523311889,90.53624730856431,-71.309,-40.148
"Directions from San Martín de los Andes, Neuquén Province to Pitrufquén, Chile",,,0.04877538933075,85.38934071057832,-71.309,-40.148
"Directions from San Martín de los Andes, Neuquén Province to Pitrufquén, Chile",,,0.04900733760084,81.03855750869134,-71.309,-40.148
"Directions from San Martín de los Andes, Neuquén Province to Pitrufquén, Chile",,,0.04928192820520,76.99220599506179,-71.308,-40.148
"Directions from San Martín de los Andes, Neuquén Province to Pitrufquén, Chile",,,0.04946874362212,113.95541890877946,-71.308,-40.148
"Directions from San Martín de los Andes, Neuquén Province to Pitrufquén, Chile",,,0.04949110430190,144.21747440738989,-71.308,-40.148
"Directions from San Martín de los Andes, Neuquén Province to Pitrufquén, Chile",,,0.04950524643753,112.50000000000000,-71.308,-40.148
"Directions from San Martín de los Andes, Neuquén Province to Pitrufquén, Chile",,,0.04951524643753,112.50000000000000,-71.308,-40.148
"Directions from San Martín de los Andes, Neuquén Province to Pitrufquén, Chile",,,0.04955767284439,112.50000000000000,-71.308,-40.148
"Directions from San Martín de los Andes, Neuquén Province to Pitrufquén, Chile",,,0.04956767284440,112.50000001017779,-71.308,-40.148
"Directions from San Martín de los Andes, Neuquén Province to Pitrufquén, Chile",,,0.04959595711564,112.50000001017779,-71.308,-40.148
"Directions from San Martín de los Andes, Neuquén Province to Pitrufquén, Chile",,,0.04960595711565,112.49999998982221,-71.308,-40.148
"Directions from San Martín de los Andes, Neuquén Province to Pitrufquén, Chile",,,0.04962009925127,112.49999998982221,-71.308,-40.148
"Directions from San Martín de los Andes, Neuquén Province to Pitrufquén, Chile",,,0.04965009925127,112.50000000000000,-71.308,-40.148
"Directions from San Martín de los Andes, Neuquén Province to Pitrufquén, Chile",,,0.04966424138689,112.50000000000000,-71.308,-40.148
"Directions from San Martín de los Andes, Neuquén Province to Pitrufquén, Chile",,,0.04973424138689,67.50000000000000,-71.308,-40.148
"Directions from San Martín de los Andes, Neuquén Province to Pitrufquén, Chile",,,0.04974838352252,67.50000000000000,-71.308,-40.148
"Directions from San Martín de los Andes, Neuquén Province to Pitrufquén, Chile",,,0.04977838352251,76.71747441960322,-71.308,-40.148
"Directions from San Martín de los Andes, Neuquén Province to Pitrufquén, Chile",,,0.04980074420229,76.71747441960322,-71.308,-40.148
"Directions from San Martín de los Andes, Neuquén Province to Pitrufquén, Chile",,,0.04981074420229,67.50000000000000,-71.308,-40.148
"Directions from San Martín de los Andes, Neuquén Province to Pitrufquén, Chile",,,0.04982488633792,67.50000000000000,-71.308,-40.148
"Directions from San Martín de los Andes, Neuquén Province to Pitrufquén, Chile",,,0.04983488633791,67.50000000508888,-71.308,-40.148
"Directions from San Martín de los Andes, Neuquén Province to Pitrufquén, Chile",,,0.04986317060916,67.50000000508888,-71.308,-40.148
"Directions from San Martín de los Andes, Neuquén Province to Pitrufquén, Chile",,,0.04987317060917,67.49999999660741,-71.308,-40.148
"Directions from San Martín de los Andes, Neuquén Province to Pitrufquén, Chile",,,0.04991559701604,22.49999999660740,-71.308,-40.148
"Directions from San Martín de los Andes, Neuquén Province to Pitrufquén, Chile",,,0.04992559701603,22.50000000000000,-71.308,-40.148
"Directions from San Martín de los Andes, Neuquén Province to Pitrufquén, Chile",,,0.04993973915166,22.50000000000000,-71.308,-40.148
"Directions from San Martín de los Andes, Neuquén Province to Pitrufquén, Chile",,,0.04994973915166,22.50000000000000,-71.308,-40.148
"Directions from San Martín de los Andes, Neuquén Province to Pitrufquén, Chile",,,0.04996388128728,22.50000000000000,-71.308,-40.148
"Directions from San Martín de los Andes, Neuquén Province to Pitrufquén, Chile",,,0.05003388128728,337.49999998982219,-71.308,-40.148
"Directions from San Martín de los Andes, Neuquén Province to Pitrufquén, Chile",,,0.05004802342291,337.49999998982219,-71.308,-40.148
"Directions from San Martín de los Andes, Neuquén Province to Pitrufquén, Chile",,,0.05005802342291,337.49999998982219,-71.308,-40.148
"Directions from San Martín de los Andes, Neuquén Province to Pitrufquén, Chile",,,0.05007216555853,337.49999998982219,-71.308,-40.148
"Directions from San Martín de los Andes, Neuquén Province to Pitrufquén, Chile",,,0.05008216555854,337.49999999491109,-71.308,-40.148
"Directions from San Martín de los Andes, Neuquén Province to Pitrufquén, Chile",,,0.05011044982979,9.99155325608396,-71.308,-40.148
"Directions from San Martín de los Andes, Neuquén Province to Pitrufquén, Chile",,,0.05044150873694,61.77677045384508,-71.308,-40.148
"Directions from San Martín de los Andes, Neuquén Province to Pitrufquén, Chile",,,0.05065245896804,55.85026836920742,-71.307,-40.148
"Directions from San Martín de los Andes, Neuquén Province to Pitrufquén, Chile",,,0.05080245896804,50.57144492907670,-71.307,-40.148
"Directions from San Martín de los Andes, Neuquén Province to Pitrufquén, Chile",,,0.05093699520851,46.50639375254152,-71.307,-40.148
"Directions from San Martín de los Andes, Neuquén Province to Pitrufquén, Chile",,,0.05117741151411,43.43893476880796,-71.307,-40.147
"Directions from San Martín de los Andes, Neuquén Province to Pitrufquén, Chile",,,0.05156689835599,39.71578590558100,-71.307,-40.147
"Directions from San Martín de los Andes, Neuquén Province to Pitrufquén, Chile",,,0.05391306544296,40.08387912163155,-71.305,-40.145
"Directions from San Martín de los Andes, Neuquén Province to Pitrufquén, Chile",,,0.05459247695303,44.62531650593252,-71.305,-40.145
"Directions from San Martín de los Andes, Neuquén Province to Pitrufquén, Chile",,,0.05484006532109,50.54944962343638,-71.305,-40.145
"Directions from San Martín de los Andes, Neuquén Province to Pitrufquén, Chile",,,0.05492608857376,52.32837555645224,-71.305,-40.145
"Directions from San Martín de los Andes, Neuquén Province to Pitrufquén, Chile",,,0.05516039606403,53.42686078102846,-71.304,-40.144
"Directions from San Martín de los Andes, Neuquén Province to Pitrufquén, Chile",,,0.05561525868066,59.48911554251578,-71.304,-40.144
"Directions from San Martín de los Andes, Neuquén Province to Pitrufquén, Chile",,,0.05630409828463,67.60810473127106,-71.303,-40.144
"Directions from San Martín de los Andes, Neuquén Province to Pitrufquén, Chile",,,0.05644011298971,68.36436205464346,-71.303,-40.144
"Directions from San Martín de los Andes, Neuquén Province to Pitrufquén, Chile",,,0.05773259122938,62.47243565596742,-71.302,-40.143
"Directions from San Martín de los Andes, Neuquén Province to Pitrufquén, Chile",,,0.05839501103585,62.27418352809112,-71.302,-40.143
"Directions from San Martín de los Andes, Neuquén Province to Pitrufquén, Chile",,,0.05886458531112,59.87244064651758,-71.301,-40.143
"Directions from San Martín de los Andes, Neuquén Province to Pitrufquén, Chile",,,0.05890064082387,50.65496624053318,-71.301,-40.143
"Directions from San Martín de los Andes, Neuquén Province to Pitrufquén, Chile",,,0.05892892509512,49.06505118053844,-71.301,-40.143
"Directions from San Martín de los Andes, Neuquén Province to Pitrufquén, Chile",,,0.05897892509512,26.56505117544955,-71.301,-40.143
"Directions from San Martín de los Andes, Neuquén Province to Pitrufquén, Chile",,,0.05898892509512,31.37233581254324,-71.301,-40.143
"Directions from San Martín de los Andes, Neuquén Province to Pitrufquén, Chile",,,0.06047378199059,57.93738698799280,-71.300,-40.142
"Directions from San Martín de los Andes, Neuquén Province to Pitrufquén, Chile",,,0.06052378199059,57.01946713105596,-71.300,-40.142
"Directions from San Martín de los Andes, Neuquén Province to Pitrufquén, Chile",,,0.06204578724682,60.19432337284402,-71.298,-40.141
"Directions from San Martín de los Andes, Neuquén Province to Pitrufquén, Chile",,,0.06470409497919,60.27669449922208,-71.296,-40.140
"Directions from San Martín de los Andes, Neuquén Province to Pitrufquén, Chile",,,0.06513826084611,63.31480969205502,-71.296,-40.140
"Directions from San Martín de los Andes, Neuquén Province to Pitrufquén, Chile",,,0.06525909130585,63.25072056014794,-71.296,-40.140
"Directions from San Martín de los Andes, Neuquén Province to Pitrufquén, Chile",,,0.06536204760726,62.61772105980774,-71.296,-40.140
"Directions from San Martín de los Andes, Neuquén Province to Pitrufquén, Chile",,,0.06566171408854,66.75889576851702,-71.295,-40.139
"Directions from San Martín de los Andes, Neuquén Province to Pitrufquén, Chile",,,0.06597187533691,70.39639824745286,-71.295,-40.139
"Directions from San Martín de los Andes, Neuquén Province to Pitrufquén, Chile",,,0.06647783976255,69.88182084525631,-71.294,-40.139
"Directions from San Martín de los Andes, Neuquén Province to Pitrufquén, Chile",,,0.06663939470676,71.07932360361816,-71.294,-40.139
"Directions from San Martín de los Andes, Neuquén Province to Pitrufquén, Chile",,,0.06747180085763,71.70200573723632,-71.294,-40.139
"Directions from San Martín de los Andes, Neuquén Province to Pitrufquén, Chile",,,0.06764268093253,71.31946692144776,-71.293,-40.139
"Directions from San Martín de los Andes, Neuquén Province to Pitrufquén, Chile",,,0.06919915129846,70.69678478736166,-71.292,-40.138
"Directions from San Martín de los Andes, Neuquén Province to Pitrufquén, Chile",,,0.06930685459459,70.42228293806396,-71.292,-40.138
"Directions from San Martín de los Andes, Neuquén Province to Pitrufquén, Chile",,,0.06997737677917,69.72369242546864,-71.291,-40.138
"Directions from San Martín de los Andes, Neuquén Province to Pitrufquén, Chile",,,0.07005353451023,68.63237727448148,-71.291,-40.138
"Directions from San Martín de los Andes, Neuquén Province to Pitrufquén, Chile",,,0.07071140987837,69.38714004866490,-71.290,-40.138
"Directions from San Martín de los Andes, Neuquén Province to Pitrufquén, Chile",,,0.07165845792361,65.87294192917126,-71.290,-40.138
"Directions from San Martín de los Andes, Neuquén Province to Pitrufquén, Chile",,,0.07172553996294,65.17490757506150,-71.290,-40.137
"Directions from San Martín de los Andes, Neuquén Province to Pitrufquén, Chile",,,0.07371483632095,67.65977793907592,-71.288,-40.137
"Directions from San Martín de los Andes, Neuquén Province to Pitrufquén, Chile",,,0.07526354546085,66.69389803560821,-71.286,-40.136
"Directions from San Martín de los Andes, Neuquén Province to Pitrufquén, Chile",,,0.07542907491441,67.63756383871176,-71.286,-40.136
"Directions from San Martín de los Andes, Neuquén Province to Pitrufquén, Chile",,,0.07614076304836,71.66835405257190,-71.285,-40.136
"Directions from San Martín de los Andes, Neuquén Province to Pitrufquén, Chile",,,0.07699802613517,75.67765888637548,-71.285,-40.136
"Directions from San Martín de los Andes, Neuquén Province to Pitrufquén, Chile",,,0.07847873542467,79.25840173316504,-71.283,-40.135
"Directions from San Martín de los Andes, Neuquén Province to Pitrufquén, Chile",,,0.08188842749288,78.64417989873252,-71.280,-40.135
"Directions from San Martín de los Andes, Neuquén Province to Pitrufquén, Chile",,,0.08300672977758,75.56839562752698,-71.279,-40.134
"Directions from San Martín de los Andes, Neuquén Province to Pitrufquén, Chile",,,0.08446275175544,74.66976622417124,-71.277,-40.134
"Directions from San Martín de los Andes, Neuquén Province to Pitrufquén, Chile",,,0.08548632393170,76.63672498154376,-71.276,-40.134
"Directions from San Martín de los Andes, Neuquén Province to Pitrufquén, Chile",,,0.08596684448276,74.77678639531888,-71.276,-40.134
"Directions from San Martín de los Andes, Neuquén Province to Pitrufquén, Chile",,,0.08634631780198,73.41074417036252,-71.275,-40.134
"Directions from San Martín de los Andes, Neuquén Province to Pitrufquén, Chile",,,0.08693572428312,75.88718833085704,-71.275,-40.133
"Directions from San Martín de los Andes, Neuquén Province to Pitrufquén, Chile",,,0.09019555556710,77.81620622130222,-71.272,-40.133
"Directions from San Martín de los Andes, Neuquén Province to Pitrufquén, Chile",,,0.09046031961299,77.33521861027111,-71.271,-40.133
"Directions from San Martín de los Andes, Neuquén Province to Pitrufquén, Chile",,,0.09114186198144,73.14833631582277,-71.271,-40.132
"Directions from San Martín de los Andes, Neuquén Province to Pitrufquén, Chile",,,0.09202106616707,68.23313361081259,-71.270,-40.132
"Directions from San Martín de los Andes, Neuquén Province to Pitrufquén, Chile",,,0.09313999422552,64.86110651065486,-71.269,-40.132
"Directions from San Martín de los Andes, Neuquén Province to Pitrufquén, Chile",,,0.09405235380376,54.49832705747676,-71.268,-40.131
"Directions from San Martín de los Andes, Neuquén Province to Pitrufquén, Chile",,,0.09406649593938,56.30993245429702,-71.268,-40.131
"Directions from San Martín de los Andes, Neuquén Province to Pitrufquén, Chile",,,0.09443419146560,65.03352668614242,-71.268,-40.131
"Directions from San Martín de los Andes, Neuquén Province to Pitrufquén, Chile",,,0.09495303633645,63.62303238877540,-71.267,-40.131
"Directions from San Martín de los Andes, Neuquén Province to Pitrufquén, Chile",,,0.09589245104785,67.12141556749380,-71.267,-40.130
"Directions from San Martín de los Andes, Neuquén Province to Pitrufquén, Chile",,,0.09606333112275,71.17061290590215,-71.266,-40.130
"Directions from San Martín de los Andes, Neuquén Province to Pitrufquén, Chile",,,0.09619934582784,69.22665812506736,-71.266,-40.130
"Directions from San Martín de los Andes, Neuquén Province to Pitrufquén, Chile",,,0.09644100674731,67.84193469996580,-71.266,-40.130
"Directions from San Martín de los Andes, Neuquén Province to Pitrufquén, Chile",,,0.09732355986186,71.35492669429854,-71.265,-40.130
"Directions from San Martín de los Andes, Neuquén Province to Pitrufquén, Chile",,,0.09785806898245,81.29101460370620,-71.265,-40.130
"Directions from San Martín de los Andes, Neuquén Province to Pitrufquén, Chile",,,0.09786806898245,80.57342061775358,-71.265,-40.130
"Directions from San Martín de los Andes, Neuquén Province to Pitrufquén, Chile",,,0.10003428688470,70.48369128548110,-71.263,-40.129
"Directions from San Martín de los Andes, Neuquén Province to Pitrufquén, Chile",,,0.10252731716931,72.89214893376428,-71.260,-40.128
"Directions from San Martín de los Andes, Neuquén Province to Pitrufquén, Chile",,,0.10260977928182,72.08117352356278,-71.260,-40.128
"Directions from San Martín de los Andes, Neuquén Province to Pitrufquén, Chile",,,0.10271748257797,69.64860030162714,-71.260,-40.128
"Directions from San Martín de los Andes, Neuquén Province to Pitrufquén, Chile",,,0.10737883431324,73.53118331013788,-71.256,-40.127
"Directions from San Martín de los Andes, Neuquén Province to Pitrufquén, Chile",,,0.10758498959453,74.59626635660774,-71.255,-40.127
"Directions from San Martín de los Andes, Neuquén Province to Pitrufquén, Chile",,,0.10910985024389,70.71368334809701,-71.254,-40.126
"Directions from San Martín de los Andes, Neuquén Province to Pitrufquén, Chile",,,0.10916370189197,71.77732927521036,-71.254,-40.126
"Directions from San Martín de los Andes, Neuquén Province to Pitrufquén, Chile",,,0.11648141328283,80.21975101476346,-71.247,-40.124
"Directions from San Martín de los Andes, Neuquén Province to Pitrufquén, Chile",,,0.11741484780116,87.14930469546096,-71.246,-40.124
"Directions from San Martín de los Andes, Neuquén Province to Pitrufquén, Chile",,,0.11814491629110,90.04052032610267,-71.245,-40.124
"Directions from San Martín de los Andes, Neuquén Province to Pitrufquén, Chile",,,0.12211536966571,87.91170709358964,-71.241,-40.124
"Directions from San Martín de los Andes, Neuquén Province to Pitrufquén, Chile",,,0.12245669062903,82.47478456467002,-71.241,-40.124
"Directions from San Martín de los Andes, Neuquén Province to Pitrufquén, Chile",,,0.12280194415906,76.03205021805260,-71.241,-40.124
"Directions from San Martín de los Andes, Neuquén Province to Pitrufquén, Chile",,,0.12315929552677,68.02124402339248,-71.240,-40.124
"Directions from San Martín de los Andes, Neuquén Province to Pitrufquén, Chile",,,0.12411637441588,62.61530625845988,-71.239,-40.124
"Directions from San Martín de los Andes, Neuquén Province to Pitrufquén, Chile",,,0.12446992780647,64.44003482845950,-71.239,-40.124
"Directions from San Martín de los Andes, Neuquén Province to Pitrufquén, Chile",,,0.12483762333270,69.42091586274272,-71.239,-40.123
"Directions from San Martín de los Andes, Neuquén Province to Pitrufquén, Chile",,,0.12536573316976,72.98342403730805,-71.238,-40.123
"Directions from San Martín de los Andes, Neuquén Province to Pitrufquén, Chile",,,0.12559376825478,82.37244064870598,-71.238,-40.123
"Directions from San Martín de los Andes, Neuquén Province to Pitrufquén, Chile",,,0.12560376825479,83.84599209130209,-71.238,-40.123
"Directions from San Martín de los Andes, Neuquén Province to Pitrufquén, Chile",,,0.12672964569038,83.84599209130209,-71.237,-40.123
"Directions from San Martín de los Andes, Neuquén Province to Pitrufquén, Chile",,,0.12674964569039,82.98187826543808,-71.237,-40.123
"Directions from San Martín de los Andes, Neuquén Province to Pitrufquén, Chile",,,0.12707949414043,74.30486594766960,-71.237,-40.123
"Directions from San Martín de los Andes, Neuquén Province to Pitrufquén, Chile",,,0.12741475523271,69.10101029160502,-71.236,-40.123
"Directions from San Martín de los Andes, Neuquén Province to Pitrufquén, Chile",,,0.12765641615218,64.30193314397270,-71.236,-40.123
"Directions from San Martín de los Andes, Neuquén Province to Pitrufquén, Chile",,,0.12831830738192,61.57445961515814,-71.235,-40.122
"Directions from San Martín de los Andes, Neuquén Province to Pitrufquén, Chile",,,0.12877971826172,57.44175259594540,-71.235,-40.122
"Directions from San Martín de los Andes, Neuquén Province to Pitrufquén, Chile",,,0.12898780478219,50.81500864931486,-71.235,-40.122
"Directions from San Martín de los Andes, Neuquén Province to Pitrufquén, Chile",,,0.12920712190419,43.32659067917106,-71.235,-40.122
"Directions from San Martín de los Andes, Neuquén Province to Pitrufquén, Chile",,,0.12944142939446,34.43008759516538,-71.235,-40.122
"Directions from San Martín de los Andes, Neuquén Province to Pitrufquén, Chile",,,0.12964734199728,23.74477646254683,-71.234,-40.121
"Directions from San Martín de los Andes, Neuquén Province to Pitrufquén, Chile",,,0.12986870143349,13.94863551636192,-71.234,-40.121
"Directions from San Martín de los Andes, Neuquén Province to Pitrufquén, Chile",,,0.13011201193471,4.73116110373773,-71.234,-40.121
"Directions from San Martín de los Andes, Neuquén Province to Pitrufquén, Chile",,,0.13041201193470,356.67278747665085,-71.234,-40.121
"Directions from San Martín de los Andes, Neuquén Province to Pitrufquén, Chile",,,0.13101608146713,356.67278747665085,-71.234,-40.120
"Directions from San Martín de los Andes, Neuquén Province to Pitrufquén, Chile",,,0.13132608146713,8.76278418768181,-71.234,-40.120
"Directions from San Martín de los Andes, Neuquén Province to Pitrufquén, Chile",,,0.13152533005558,19.28153970081242,-71.234,-40.120
"Directions from San Martín de los Andes, Neuquén Province to Pitrufquén, Chile",,,0.13166461393835,28.64567438044106,-71.234,-40.119
"Directions from San Martín de los Andes, Neuquén Province to Pitrufquén, Chile",,,0.13185062469073,42.82627154552665,-71.234,-40.119
"Directions from San Martín de los Andes, Neuquén Province to Pitrufquén, Chile",,,0.13203501557987,55.17205062829356,-71.234,-40.119
"Directions from San Martín de los Andes, Neuquén Province to Pitrufquén, Chile",,,0.13224092818269,65.40454623631214,-71.234,-40.119
"Directions from San Martín de los Andes, Neuquén Province to Pitrufquén, Chile",,,0.13256045908888,73.88446974673580,-71.234,-40.119
"Directions from San Martín de los Andes, Neuquén Province to Pitrufquén, Chile",,,0.13270363729950,81.90981307134018,-71.233,-40.119
"Directions from San Martín de los Andes, Neuquén Province to Pitrufquén, Chile",,,0.13284399398798,82.30222537226328,-71.233,-40.119
"Directions from San Martín de los Andes, Neuquén Province to Pitrufquén, Chile",,,0.13289498418311,85.85142751396560,-71.233,-40.119
"Directions from San Martín de los Andes, Neuquén Province to Pitrufquén, Chile",,,0.13308524715902,97.77079760687781,-71.233,-40.119
"Directions from San Martín de los Andes, Neuquén Province to Pitrufquén, Chile",,,0.13326963804817,106.88965660801205,-71.233,-40.119
"Directions from San Martín de los Andes, Neuquén Province to Pitrufquén, Chile",,,0.13346277012733,117.13718653193186,-71.233,-40.119
"Directions from San Martín de los Andes, Neuquén Province to Pitrufquén, Chile",,,0.13370130733616,126.69420206468656,-71.232,-40.119
"Directions from San Martín de los Andes, Neuquén Province to Pitrufquén, Chile",,,0.13396379543113,134.30211843464048,-71.232,-40.119
"Directions from San Martín de los Andes, Neuquén Province to Pitrufquén, Chile",,,0.13433916191871,140.35390052246754,-71.232,-40.120
"Directions from San Martín de los Andes, Neuquén Province to Pitrufquén, Chile",,,0.13624328901531,147.95152478164746,-71.231,-40.121
"Directions from San Martín de los Andes, Neuquén Province to Pitrufquén, Chile",,,0.13626564969508,147.19971795742435,-71.231,-40.121
"Directions from San Martín de los Andes, Neuquén Province to Pitrufquén, Chile",,,0.13674198990964,137.98224355130668,-71.231,-40.122
"Directions from San Martín de los Andes, Neuquén Province to Pitrufquén, Chile",,,0.13685512699463,137.31773171493035,-71.230,-40.122
"Directions from San Martín de los Andes, Neuquén Province to Pitrufquén, Chile",,,0.13711761508960,137.31773171387465,-71.230,-40.122
"Directions from San Martín de los Andes, Neuquén Province to Pitrufquén, Chile",,,0.13778229546391,132.34953674155904,-71.230,-40.122
"Directions from San Martín de los Andes, Neuquén Province to Pitrufquén, Chile",,,0.13847113506789,127.72648036890402,-71.229,-40.123
"Directions from San Martín de los Andes, Neuquén Province to Pitrufquén, Chile",,,0.13877919350390,124.16397219473627,-71.229,-40.123
"Directions from San Martín de los Andes, Neuquén Province to Pitrufquén, Chile",,,0.13963359387843,120.42128496075708,-71.228,-40.123
"Directions from San Martín de los Andes, Neuquén Province to Pitrufquén, Chile",,,0.14685481261214,115.73355164970457,-71.222,-40.127
"Directions from San Martín de los Andes, Neuquén Province to Pitrufquén, Chile",,,0.14693097034319,115.84711456506498,-71.222,-40.127
"Directions from San Martín de los Andes, Neuquén Province to Pitrufquén, Chile",,,0.14732921649823,116.58625089423410,-71.222,-40.127
"Directions from San Martín de los Andes, Neuquén Province to Pitrufquén, Chile",,,0.14773640195965,113.64836405907060,-71.221,-40.127
"Directions from San Martín de los Andes, Neuquén Province to Pitrufquén, Chile",,,0.14825640195966,111.58795508366401,-71.221,-40.127
"Directions from San Martín de los Andes, Neuquén Province to Pitrufquén, Chile",,,0.14876904218438,107.79323787158179,-71.220,-40.128
"Directions from San Martín de los Andes, Neuquén Province to Pitrufquén, Chile",,,0.14988729975757,102.50124410544608,-71.219,-40.128
"Directions from San Martín de los Andes, Neuquén Province to Pitrufquén, Chile",,,0.15081125863111,98.15612471670394,-71.218,-40.128
"Directions from San Martín de los Andes, Neuquén Province to Pitrufquén, Chile",,,0.15162624329354,93.17009587295495,-71.217,-40.128
"Directions from San Martín de los Andes, Neuquén Province to Pitrufquén, Chile",,,0.15174624329355,91.52238922214752,-71.217,-40.128
"Directions from San Martín de los Andes, Neuquén Province to Pitrufquén, Chile",,,0.15268757214151,95.58744039800420,-71.216,-40.128
"Directions from San Martín de los Andes, Neuquén Province to Pitrufquén, Chile",,,0.15275828281962,94.94459754659036,-71.216,-40.128
"Directions from San Martín de los Andes, Neuquén Province to Pitrufquén, Chile",,,0.16611457721590,90.14514601356086,-71.203,-40.129
"Directions from San Martín de los Andes, Neuquén Province to Pitrufquén, Chile",,,0.16689483358402,87.06624696528152,-71.202,-40.129
"Directions from San Martín de los Andes, Neuquén Province to Pitrufquén, Chile",,,0.16754675382454,83.86367825663224,-71.202,-40.129
"Directions from San Martín de los Andes, Neuquén Province to Pitrufquén, Chile",,,0.16849570060914,80.70646942266752,-71.201,-40.128
"Directions from San Martín de los Andes, Neuquén Province to Pitrufquén, Chile",,,0.16924882742449,78.56264685131558,-71.200,-40.128
"Directions from San Martín de los Andes, Neuquén Province to Pitrufquén, Chile",,,0.17703353679607,76.90108662878546,-71.192,-40.127
"Directions from San Martín de los Andes, Neuquén Province to Pitrufquén, Chile",,,0.17831169954002,74.19624887683942,-71.191,-40.126
"Directions from San Martín de los Andes, Neuquén Province to Pitrufquén, Chile",,,0.17894106429911,70.58911785736788,-71.190,-40.126
"Directions from San Martín de los Andes, Neuquén Province to Pitrufquén, Chile",,,0.18009985677406,66.77418542395226,-71.189,-40.126
"Directions from San Martín de los Andes, Neuquén Province to Pitrufquén, Chile",,,0.18047562265863,63.24906029438328,-71.189,-40.126
"Directions from San Martín de los Andes, Neuquén Province to Pitrufquén, Chile",,,0.18136151204224,60.66005911117180,-71.188,-40.125
"Directions from San Martín de los Andes, Neuquén Province to Pitrufquén, Chile",,,0.18203382149480,56.37548816970234,-71.188,-40.125
"Directions from San Martín de los Andes, Neuquén Province to Pitrufquén, Chile",,,0.18208382149480,55.56235957186522,-71.188,-40.125
"Directions from San Martín de los Andes, Neuquén Province to Pitrufquén, Chile",,,0.18236684092876,56.22846949969496,-71.187,-40.125
"Directions from San Martín de los Andes, Neuquén Province to Pitrufquén, Chile",,,0.18262491068677,52.97457195318602,-71.187,-40.124
"Directions from San Martín de los Andes, Neuquén Province to Pitrufquén, Chile",,,0.18506591457862,50.63847621106442,-71.185,-40.123
"Directions from San Martín de los Andes, Neuquén Province to Pitrufquén, Chile",,,0.18633607204917,52.35818811435388,-71.184,-40.122
"Directions from San Martín de los Andes, Neuquén Province to Pitrufquén, Chile",,,0.18691035420978,53.13321862616574,-71.184,-40.122
"Directions from San Martín de los Andes, Neuquén Province to Pitrufquén, Chile",,,0.20003675889653,52.30368254064908,-71.174,-40.114
"Directions from San Martín de los Andes, Neuquén Province to Pitrufquén, Chile",,,0.20087276128887,54.93434243357804,-71.173,-40.113
"Directions from San Martín de los Andes, Neuquén Province to Pitrufquén, Chile",,,0.20196276128886,57.79042876072770,-71.172,-40.112
"Directions from San Martín de los Andes, Neuquén Province to Pitrufquén, Chile",,,0.20541674449670,74.48967299482923,-71.169,-40.111
"Directions from San Martín de los Andes, Neuquén Province to Pitrufquén, Chile",,,0.20542674449670,67.50000000000000,-71.169,-40.111
"Directions from San Martín de los Andes, Neuquén Province to Pitrufquén, Chile",,,0.20544088663233,51.76158032518704,-71.169,-40.111
"Directions from San Martín de los Andes, Neuquén Province to Pitrufquén, Chile",,,0.20831360311677,55.32408849948138,-71.167,-40.109
"Directions from San Martín de los Andes, Neuquén Province to Pitrufquén, Chile",,,0.20842762065928,53.94377678590848,-71.166,-40.109
"Directions from San Martín de los Andes, Neuquén Province to Pitrufquén, Chile",,,0.20929853971407,54.06529414745278,-71.166,-40.109
"Directions from San Martín de los Andes, Neuquén Province to Pitrufquén, Chile",,,0.21095268601957,48.68402553074972,-71.164,-40.108
"Directions from San Martín de los Andes, Neuquén Province to Pitrufquén, Chile",,,0.21098097029082,48.49884629696602,-71.164,-40.108
"Directions from San Martín de los Andes, Neuquén Province to Pitrufquén, Chile",,,0.21492774112278,51.09606075592232,-71.161,-40.105
"Directions from San Martín de los Andes, Neuquén Province to Pitrufquén, Chile",,,0.21563066359361,48.47840996566396,-71.161,-40.105
"Directions from San Martín de los Andes, Neuquén Province to Pitrufquén, Chile",,,0.21655033744884,45.21508558481042,-71.160,-40.104
"Directions from San Martín de los Andes, Neuquén Province to Pitrufquén, Chile",,,0.21746275182839,42.22374813013179,-71.159,-40.103
"Directions from San Martín de los Andes, Neuquén Province to Pitrufquén, Chile",,,0.22024923706969,43.24793802983886,-71.158,-40.101
"Directions from San Martín de los Andes, Neuquén Province to Pitrufquén, Chile",,,0.22138069630448,47.34040733417278,-71.157,-40.101
"Directions from San Martín de los Andes, Neuquén Province to Pitrufquén, Chile",,,0.22209658735765,50.74423758045782,-71.156,-40.100
"Directions from San Martín de los Andes, Neuquén Province to Pitrufquén, Chile",,,0.22247460852108,54.02580327907092,-71.156,-40.100
"Directions from San Martín de los Andes, Neuquén Province to Pitrufquén, Chile",,,0.22328732003200,56.30272764123226,-71.155,-40.099
"Directions from San Martín de los Andes, Neuquén Province to Pitrufquén, Chile",,,0.22494324877443,64.32136016563514,-71.154,-40.098
"Directions from San Martín de los Andes, Neuquén Province to Pitrufquén, Chile",,,0.22497487155103,64.44224821283368,-71.154,-40.098
"Directions from San Martín de los Andes, Neuquén Province to Pitrufquén, Chile",,,0.23001233122830,55.22477380544378,-71.150,-40.096
"Directions from San Martín de los Andes, Neuquén Province to Pitrufquén, Chile",,,0.23011233122829,55.23153250840256,-71.150,-40.096
"Directions from San Martín de los Andes, Neuquén Province to Pitrufquén, Chile",,,0.23415119245394,60.38395575092778,-71.146,-40.093
"Directions from San Martín de los Andes, Neuquén Province to Pitrufquén, Chile",,,0.23417355313372,60.36120548424894,-71.146,-40.093
"Directions from San Martín de los Andes, Neuquén Province to Pitrufquén, Chile",,,0.24327750831813,51.14373106973460,-71.138,-40.089
"Directions from San Martín de los Andes, Neuquén Province to Pitrufquén, Chile",,,0.24330579258938,51.26766189329634,-71.138,-40.089
"Directions from San Martín de los Andes, Neuquén Province to Pitrufquén, Chile",,,0.25004971577993,56.42008512242762,-71.133,-40.085
"Directions from San Martín de los Andes, Neuquén Province to Pitrufquén, Chile",,,0.25020782966294,56.52506797078248,-71.133,-40.085
"Directions from San Martín de los Andes, Neuquén Province to Pitrufquén, Chile",,,0.25264372785457,59.65118042476316,-71.131,-40.084
"Directions from San Martín de los Andes, Neuquén Province to Pitrufquén, Chile",,,0.25291667473585,63.39096540279194,-71.130,-40.083
"Directions from San Martín de los Andes, Neuquén Province to Pitrufquén, Chile",,,0.25305985294649,63.46205183191470,-71.130,-40.083
"Directions from San Martín de los Andes, Neuquén Province to Pitrufquén, Chile",,,0.25335514940769,63.53783972421262,-71.130,-40.083
"Directions from San Martín de los Andes, Neuquén Province to Pitrufquén, Chile",,,0.25388316455898,66.86600003650101,-71.129,-40.083
"Directions from San Martín de los Andes, Neuquén Province to Pitrufquén, Chile",,,0.25456095508710,69.06243184435235,-71.129,-40.083
"Directions from San Martín de los Andes, Neuquén Province to Pitrufquén, Chile",,,0.26424860702139,69.28324009280922,-71.120,-40.079
"Directions from San Martín de los Andes, Neuquén Province to Pitrufquén, Chile",,,0.26549283368884,67.09869537559518,-71.119,-40.079
"Directions from San Martín de los Andes, Neuquén Province to Pitrufquén, Chile",,,0.26640568636042,64.22602355874211,-71.118,-40.079
"Directions from San Martín de los Andes, Neuquén Province to Pitrufquén, Chile",,,0.28580177359470,58.09097004155068,-71.100,-40.070
"Directions from San Martín de los Andes, Neuquén Province to Pitrufquén, Chile",,,0.28585177359471,59.03131946127858,-71.100,-40.070
"Directions from San Martín de los Andes, Neuquén Province to Pitrufquén, Chile",,,0.28653624419305,66.22655108248171,-71.100,-40.069
"Directions from San Martín de los Andes, Neuquén Province to Pitrufquén, Chile",,,0.28747778548263,68.80207980457298,-71.099,-40.069
"Directions from San Martín de los Andes, Neuquén Province to Pitrufquén, Chile",,,0.28894557293318,71.22272413798002,-71.098,-40.069
"Directions from San Martín de los Andes, Neuquén Province to Pitrufquén, Chile",,,0.30759216511515,69.43164429680716,-71.080,-40.063
"Directions from San Martín de los Andes, Neuquén Province to Pitrufquén, Chile",,,0.30784296383921,67.82348814203266,-71.080,-40.063
"Directions from San Martín de los Andes, Neuquén Province to Pitrufquén, Chile",,,0.30806768588977,64.74783922636452,-71.079,-40.063
"Directions from San Martín de los Andes, Neuquén Province to Pitrufquén, Chile",,,0.30881561636781,57.56627176254428,-71.079,-40.062
"Directions from San Martín de los Andes, Neuquén Province to Pitrufquén, Chile",,,0.30923178940875,51.79824093327924,-71.078,-40.062
"Directions from San Martín de los Andes, Neuquén Province to Pitrufquén, Chile",,,0.30976329669939,44.91158086705679,-71.078,-40.062
"Directions from San Martín de los Andes, Neuquén Province to Pitrufquén, Chile",,,0.31006809171247,39.83444757745652,-71.078,-40.062
"Directions from San Martín de los Andes, Neuquén Province to Pitrufquén, Chile",,,0.31051631040909,34.92239145681142,-71.077,-40.061
"Directions from San Martín de los Andes, Neuquén Province to Pitrufquén, Chile",,,0.31096049505538,27.49545908801879,-71.077,-40.061
"Directions from San Martín de los Andes, Neuquén Province to Pitrufquén, Chile",,,0.31133211313890,19.66502725714651,-71.077,-40.060
"Directions from San Martín de los Andes, Neuquén Province to Pitrufquén, Chile",,,0.31170574397275,13.41702173614247,-71.077,-40.060
"Directions from San Martín de los Andes, Neuquén Province to Pitrufquén, Chile",,,0.31201168514356,8.75669018845403,-71.077,-40.060
"Directions from San Martín de los Andes, Neuquén Province to Pitrufquén, Chile",,,0.31247439455561,3.99667925534292,-71.077,-40.059
"Directions from San Martín de los Andes, Neuquén Province to Pitrufquén, Chile",,,0.31279455076748,357.09763361896972,-71.077,-40.059
"Directions from San Martín de los Andes, Neuquén Province to Pitrufquén, Chile",,,0.31309720568649,350.42261291739948,-71.077,-40.059
"Directions from San Martín de los Andes, Neuquén Province to Pitrufquén, Chile",,,0.31354631591795,346.91929845996469,-71.077,-40.058
"Directions from San Martín de los Andes, Neuquén Province to Pitrufquén, Chile",,,0.31477603133218,352.69936385711401,-71.077,-40.057
"Directions from San Martín de los Andes, Neuquén Province to Pitrufquén, Chile",,,0.31478603133218,351.65037788393687,-71.077,-40.057
"Directions from San Martín de los Andes, Neuquén Province to Pitrufquén, Chile",,,0.31489043439727,347.58532670563761,-71.077,-40.057
"Directions from San Martín de los Andes, Neuquén Province to Pitrufquén, Chile",,,0.31496114507539,348.50080814244660,-71.077,-40.057
"Directions from San Martín de los Andes, Neuquén Province to Pitrufquén, Chile",,,0.31846858003559,343.34838490946191,-71.078,-40.054
"Directions from San Martín de los Andes, Neuquén Province to Pitrufquén, Chile",,,0.31992322775926,339.62280539200071,-71.079,-40.052
"Directions from San Martín de los Andes, Neuquén Province to Pitrufquén, Chile",,,0.32095016495306,336.23971798077781,-71.079,-40.051
"Directions from San Martín de los Andes, Neuquén Province to Pitrufquén, Chile",,,0.32113804789534,347.39943817749310,-71.079,-40.051
"Directions from San Martín de los Andes, Neuquén Province to Pitrufquén, Chile",,,0.32115804789534,347.42034904207992,-71.079,-40.051
"Directions from San Martín de los Andes, Neuquén Province to Pitrufquén, Chile",,,0.32188722551430,334.20611388377210,-71.079,-40.050
"Directions from San Martín de los Andes, Neuquén Province to Pitrufquén, Chile",,,0.32563935824117,332.48053500862312,-71.081,-40.047
"Directions from San Martín de los Andes, Neuquén Province to Pitrufquén, Chile",,,0.32601525716375,332.22075998364107,-71.081,-40.047
"Directions from San Martín de los Andes, Neuquén Province to Pitrufquén, Chile",,,0.34474945316998,330.47286183902764,-71.090,-40.030
"Directions from San Martín de los Andes, Neuquén Province to Pitrufquén, Chile",,,0.34595361262786,327.10183825932768,-71.090,-40.029
"Directions from San Martín de los Andes, Neuquén Province to Pitrufquén, Chile",,,0.34660261185745,327.15227463323521,-71.091,-40.028
"Directions from San Martín de los Andes, Neuquén Province to Pitrufquén, Chile",,,0.34716865072537,330.71478280787994,-71.091,-40.028
"Directions from San Martín de los Andes, Neuquén Province to Pitrufquén, Chile",,,0.34763822500064,335.94698645205631,-71.091,-40.028
"Directions from San Martín de los Andes, Neuquén Province to Pitrufquén, Chile",,,0.34804675896496,341.25681408983024,-71.091,-40.027
"Directions from San Martín de los Andes, Neuquén Province to Pitrufquén, Chile",,,0.34855636665721,346.65785349933827,-71.092,-40.027
"Directions from San Martín de los Andes, Neuquén Province to Pitrufquén, Chile",,,0.34914670554293,341.34802585729932,-71.092,-40.026
"Directions from San Martín de los Andes, Neuquén Province to Pitrufquén, Chile",,,0.34916906622271,343.46780126756590,-71.092,-40.026
"Directions from San Martín de los Andes, Neuquén Province to Pitrufquén, Chile",,,0.34996417627799,355.97624801043440,-71.092,-40.025
"Directions from San Martín de los Andes, Neuquén Province to Pitrufquén, Chile",,,0.35033431138845,4.28825697805798,-71.092,-40.025
"Directions from San Martín de los Andes, Neuquén Province to Pitrufquén, Chile",,,0.35061874064152,13.61370031210568,-71.092,-40.025
"Directions from San Martín de los Andes, Neuquén Province to Pitrufquén, Chile",,,0.35075475534661,23.54218416893412,-71.092,-40.024
"Directions from San Martín de los Andes, Neuquén Province to Pitrufquén, Chile",,,0.35105492196701,34.53774912781459,-71.092,-40.024
"Directions from San Martín de los Andes, Neuquén Province to Pitrufquén, Chile",,,0.35146723252957,44.13938750540855,-71.091,-40.024
"Directions from San Martín de los Andes, Neuquén Province to Pitrufquén, Chile",,,0.35175792136664,47.86653691168122,-71.091,-40.024
"Directions from San Martín de los Andes, Neuquén Province to Pitrufquén, Chile",,,0.35280482155291,41.04291774640923,-71.090,-40.023
"Directions from San Martín de los Andes, Neuquén Province to Pitrufquén, Chile",,,0.35297686805825,37.09874302300205,-71.090,-40.023
"Directions from San Martín de los Andes, Neuquén Province to Pitrufquén, Chile",,,0.35316896178537,36.47334261517335,-71.090,-40.023
"Directions from San Martín de los Andes, Neuquén Province to Pitrufquén, Chile",,,0.35343523232448,32.23019850360610,-71.090,-40.022
"Directions from San Martín de los Andes, Neuquén Province to Pitrufquén, Chile",,,0.35393262552910,60.08676001448482,-71.090,-40.022
"Directions from San Martín de los Andes, Neuquén Province to Pitrufquén, Chile",,,0.35394262552910,57.60056182250688,-71.090,-40.022
"Directions from San Martín de los Andes, Neuquén Province to Pitrufquén, Chile",,,0.35413050847138,26.29102029275344,-71.090,-40.022
"Directions from San Martín de los Andes, Neuquén Province to Pitrufquén, Chile",,,0.35695718496508,26.07802875565548,-71.088,-40.019
"Directions from San Martín de los Andes, Neuquén Province to Pitrufquén, Chile",,,0.35710036317571,29.23260404213556,-71.088,-40.019
"Directions from San Martín de los Andes, Neuquén Province to Pitrufquén, Chile",,,0.35713641868846,30.37033226038079,-71.088,-40.019
"Directions from San Martín de los Andes, Neuquén Province to Pitrufquén, Chile",,,0.35977507364886,27.83052833672320,-71.087,-40.017
"Directions from San Martín de los Andes, Neuquén Province to Pitrufquén, Chile",,,0.36052687149402,27.89786931333333,-71.087,-40.016
"Directions from San Martín de los Andes, Neuquén Province to Pitrufquén, Chile",,,0.36383197361045,23.87066208894064,-71.085,-40.013
"Directions from San Martín de los Andes, Neuquén Province to Pitrufquén, Chile",,,0.36391741364790,24.58325244088104,-71.085,-40.013
"Directions from San Martín de los Andes, Neuquén Province to Pitrufquén, Chile",,,0.36416801292962,25.54494703158285,-71.085,-40.013
"Directions from San Martín de los Andes, Neuquén Province to Pitrufquén, Chile",,,0.36448186002616,21.23127046003100,-71.085,-40.013
"Directions from San Martín de los Andes, Neuquén Province to Pitrufquén, Chile",,,0.36483300102348,9.99155326065284,-71.085,-40.012
"Directions from San Martín de los Andes, Neuquén Province to Pitrufquén, Chile",,,0.36484300102347,8.82506211069068,-71.085,-40.012
"Directions from San Martín de los Andes, Neuquén Province to Pitrufquén, Chile",,,0.36507386895109,16.29077069959051,-71.085,-40.012
"Directions from San Martín de los Andes, Neuquén Province to Pitrufquén, Chile",,,0.36538435244501,13.12067482571424,-71.085,-40.012
"Directions from San Martín de los Andes, Neuquén Province to Pitrufquén, Chile",,,0.36579227400610,8.37513225314050,-71.085,-40.011
"Directions from San Martín de los Andes, Neuquén Province to Pitrufquén, Chile",,,0.36600322423720,2.72016601632612,-71.085,-40.011
"Directions from San Martín de los Andes, Neuquén Province to Pitrufquén, Chile",,,0.36615322423720,2.25699422865040,-71.085,-40.011
"Directions from San Martín de los Andes, Neuquén Province to Pitrufquén, Chile",,,0.36653440660825,1.42282550463411,-71.085,-40.011
"Directions from San Martín de los Andes, Neuquén Province to Pitrufquén, Chile",,,0.36756484340883,357.32408808134301,-71.085,-40.010
"Directions from San Martín de los Andes, Neuquén Province to Pitrufquén, Chile",,,0.37223449007641,355.15375382783890,-71.085,-40.005
"Directions from San Martín de los Andes, Neuquén Province to Pitrufquén, Chile",,,0.37242553980816,356.99549702247964,-71.085,-40.005
"Directions from San Martín de los Andes, Neuquén Province to Pitrufquén, Chile",,,0.37259553980815,358.41008494013050,-71.085,-40.005
"Directions from San Martín de los Andes, Neuquén Province to Pitrufquén, Chile",,,0.37331665006325,355.92521457527334,-71.085,-40.004
"Directions from San Martín de los Andes, Neuquén Province to Pitrufquén, Chile",,,0.37377838591847,353.45007845867548,-71.085,-40.003
"Directions from San Martín de los Andes, Neuquén Province to Pitrufquén, Chile",,,0.37420264998718,350.27998258636597,-71.085,-40.003
"Directions from San Martín de los Andes, Neuquén Province to Pitrufquén, Chile",,,0.37496750291422,347.01112131104247,-71.085,-40.002
"Directions from San Martín de los Andes, Neuquén Province to Pitrufquén, Chile",,,0.37650769770709,344.45143682243628,-71.086,-40.001
"Directions from San Martín de los Andes, Neuquén Province to Pitrufquén, Chile",,,0.37732090124866,344.59465197874880,-71.086,-40.000
"Directions from San Martín de los Andes, Neuquén Province to Pitrufquén, Chile",,,0.37852875057700,352.80930270452171,-71.086,-39.999
"Directions from San Martín de los Andes, Neuquén Province to Pitrufquén, Chile",,,0.37855875057701,351.01543012916807,-71.086,-39.999
"Directions from San Martín de los Andes, Neuquén Province to Pitrufquén, Chile",,,0.37894772358378,343.32730450484371,-71.086,-39.998
"Directions from San Martín de los Andes, Neuquén Province to Pitrufquén, Chile",,,0.37977742232429,345.37310947420974,-71.086,-39.998
"Directions from San Martín de los Andes, Neuquén Province to Pitrufquén, Chile",,,0.38065297928989,348.12833162714128,-71.087,-39.997
"Directions from San Martín de los Andes, Neuquén Province to Pitrufquén, Chile",,,0.38111988399108,353.79469433875079,-71.087,-39.996
"Directions from San Martín de los Andes, Neuquén Province to Pitrufquén, Chile",,,0.38202077244144,0.37853064709847,-71.087,-39.995
"Directions from San Martín de los Andes, Neuquén Province to Pitrufquén, Chile",,,0.38254163710717,1.65093283695489,-71.087,-39.995
"Directions from San Martín de los Andes, Neuquén Province to Pitrufquén, Chile",,,0.38269163710717,13.28252559261011,-71.087,-39.995
"Directions from San Martín de los Andes, Neuquén Province to Pitrufquén, Chile",,,0.38271399778694,16.95871527243127,-71.087,-39.995
"Directions from San Martín de los Andes, Neuquén Province to Pitrufquén, Chile",,,0.38302656777910,8.82861291404134,-71.087,-39.994
"Directions from San Martín de los Andes, Neuquén Province to Pitrufquén, Chile",,,0.38325017457685,11.61183204806057,-71.087,-39.994
"Directions from San Martín de los Andes, Neuquén Province to Pitrufquén, Chile",,,0.38834924311925,14.22146431035112,-71.085,-39.989
"Directions from San Martín de los Andes, Neuquén Province to Pitrufquén, Chile",,,0.38853605853617,14.21475262867467,-71.085,-39.989
"Directions from San Martín de los Andes, Neuquén Province to Pitrufquén, Chile",,,0.39431195673472,13.85688565131564,-71.084,-39.983
"Directions from San Martín de los Andes, Neuquén Province to Pitrufquén, Chile",,,0.39521184561675,13.35979623514106,-71.084,-39.983
"Directions from San Martín de los Andes, Neuquén Province to Pitrufquén, Chile",,,0.39652001227280,12.97372945019208,-71.084,-39.981
"Directions from San Martín de los Andes, Neuquén Province to Pitrufquén, Chile",,,0.39672616755408,12.54385024761684,-71.084,-39.981
"Directions from San Martín de los Andes, Neuquén Province to Pitrufquén, Chile",,,0.40063872426293,10.38407142218882,-71.083,-39.977
"Directions from San Martín de los Andes, Neuquén Province to Pitrufquén, Chile",,,0.40211997373550,10.57886484303927,-71.083,-39.976
"Directions from San Martín de los Andes, Neuquén Province to Pitrufquén, Chile",,,0.40297700348995,10.09360306542450,-71.082,-39.975
"Directions from San Martín de los Andes, Neuquén Province to Pitrufquén, Chile",,,0.40350312134746,9.97348002527881,-71.082,-39.974
"Directions from San Martín de los Andes, Neuquén Province to Pitrufquén, Chile",,,0.40453273292471,10.70993609800254,-71.082,-39.973
"Directions from San Martín de los Andes, Neuquén Province to Pitrufquén, Chile",,,0.41050751325541,11.42621817146357,-71.081,-39.968
"Directions from San Martín de los Andes, Neuquén Province to Pitrufquén, Chile",,,0.41110190369947,11.45821353927430,-71.081,-39.967
"Directions from San Martín de los Andes, Neuquén Province to Pitrufquén, Chile",,,0.41580748549135,11.34524183494433,-71.080,-39.962
"Directions from San Martín de los Andes, Neuquén Province to Pitrufquén, Chile",,,0.41631944252079,16.48173187192628,-71.080,-39.962
"Directions from San Martín de los Andes, Neuquén Province to Pitrufquén, Chile",,,0.41640488255824,18.25072055936822,-71.080,-39.962
"Directions from San Martín de los Andes, Neuquén Province to Pitrufquén, Chile",,,0.41713289354717,14.99081968450541,-71.080,-39.961
"Directions from San Martín de los Andes, Neuquén Province to Pitrufquén, Chile",,,0.41746274199722,16.82706143787979,-71.080,-39.961
"Directions from San Martín de los Andes, Neuquén Province to Pitrufquén, Chile",,,0.41853498264185,20.38956961256142,-71.079,-39.960
"Directions from San Martín de los Andes, Neuquén Province to Pitrufquén, Chile",,,0.42019705965571,20.74916070722750,-71.079,-39.958
"Directions from San Martín de los Andes, Neuquén Province to Pitrufquén, Chile",,,0.42448430819061,32.66853079873232,-71.077,-39.954
"Directions from San Martín de los Andes, Neuquén Province to Pitrufquén, Chile",,,0.42455501886873,22.50000000000000,-71.077,-39.954
"Directions from San Martín de los Andes, Neuquén Province to Pitrufquén, Chile",,,0.42456501886873,22.50000001017778,-71.077,-39.954
"Directions from San Martín de los Andes, Neuquén Province to Pitrufquén, Chile",,,0.42457916100435,39.34503377629928,-71.077,-39.954
"Directions from San Martín de los Andes, Neuquén Province to Pitrufquén, Chile",,,0.42461521651711,27.12305637593647,-71.077,-39.954
"Directions from San Martín de los Andes, Neuquén Province to Pitrufquén, Chile",,,0.42564049696655,21.42081643296438,-71.077,-39.953
"Directions from San Martín de los Andes, Neuquén Province to Pitrufquén, Chile",,,0.42629973895551,21.45188788486597,-71.077,-39.952
"Directions from San Martín de los Andes, Neuquén Province to Pitrufquén, Chile",,,0.42737885896737,62.32721579567980,-71.076,-39.951
"Directions from San Martín de los Andes, Neuquén Province to Pitrufquén, Chile",,,0.42746132107988,100.58062990966680,-71.076,-39.951
"Directions from San Martín de los Andes, Neuquén Province to Pitrufquén, Chile",,,0.42754194365736,99.64544889284289,-71.076,-39.951
"Directions from San Martín de los Andes, Neuquén Province to Pitrufquén, Chile",,,0.43148039512970,61.11870364954818,-71.072,-39.952
"Directions from San Martín de los Andes, Neuquén Province to Pitrufquén, Chile",,,0.43258764397256,21.07598551608840,-71.072,-39.951
"Directions from San Martín de los Andes, Neuquén Province to Pitrufquén, Chile",,,0.43373154082105,332.24828056309087,-71.071,-39.950
"Directions from San Martín de los Andes, Neuquén Province to Pitrufquén, Chile",,,0.43759182578463,293.70406807841749,-71.075,-39.949
"Directions from San Martín de los Andes, Neuquén Province to Pitrufquén, Chile",,,0.43771389134079,293.15097633679915,-71.075,-39.949
"Directions from San Martín de los Andes, Neuquén Province to Pitrufquén, Chile",,,0.43786686192619,330.90745597571203,-71.075,-39.949
"Directions from San Martín de los Andes, Neuquén Province to Pitrufquén, Chile",,,0.44049326631241,23.53501533052910,-71.074,-39.947
"Directions from San Martín de los Andes, Neuquén Province to Pitrufquén, Chile",,,0.44053798767197,23.39495530831826,-71.074,-39.947
"Directions from San Martín de los Andes, Neuquén Province to Pitrufquén, Chile",,,0.44094295680659,21.52925680409219,-71.074,-39.946
"Directions from San Martín de los Andes, Neuquén Province to Pitrufquén, Chile",,,0.44114911208788,21.04159002471117,-71.074,-39.946
"Directions from San Martín de los Andes, Neuquén Province to Pitrufquén, Chile",,,0.44248372813753,9.62476293632716,-71.074,-39.945
"Directions from San Martín de los Andes, Neuquén Province to Pitrufquén, Chile",,,0.44249372813753,13.28252559261011,-71.074,-39.945
"Directions from San Martín de los Andes, Neuquén Province to Pitrufquén, Chile",,,0.44251608881730,13.28252559261011,-71.074,-39.945
"Directions from San Martín de los Andes, Neuquén Province to Pitrufquén, Chile",,,0.44253608881730,350.78252558548570,-71.074,-39.945
"Directions from San Martín de los Andes, Neuquén Province to Pitrufquén, Chile",,,0.44259933437051,1.83724975719086,-71.074,-39.945
"Directions from San Martín de los Andes, Neuquén Province to Pitrufquén, Chile",,,0.44294473269129,20.92317491945409,-71.074,-39.945
"Directions from San Martín de los Andes, Neuquén Province to Pitrufquén, Chile",,,0.44572825563893,20.60227646724495,-71.073,-39.942
"Directions from San Martín de los Andes, Neuquén Province to Pitrufquén, Chile",,,0.44668460285620,19.95130013163561,-71.072,-39.941
"Directions from San Martín de los Andes, Neuquén Province to Pitrufquén, Chile",,,0.44706407617543,20.01512963644387,-71.072,-39.941
"Directions from San Martín de los Andes, Neuquén Province to Pitrufquén, Chile",,,0.44809654893535,20.83676996293659,-71.072,-39.940
"Directions from San Martín de los Andes, Neuquén Province to Pitrufquén, Chile",,,0.44964037535047,20.93981948244624,-71.071,-39.938
"Directions from San Martín de los Andes, Neuquén Province to Pitrufquén, Chile",,,0.45023274347926,20.46752634663054,-71.071,-39.938
"Directions from San Martín de los Andes, Neuquén Province to Pitrufquén, Chile",,,0.45075139557845,19.84484421256080,-71.071,-39.937
"Directions from San Martín de los Andes, Neuquén Province to Pitrufquén, Chile",,,0.45476707733875,21.33274678144948,-71.070,-39.933
"Directions from San Martín de los Andes, Neuquén Province to Pitrufquén, Chile",,,0.45511247565953,20.88163620100821,-71.069,-39.933
"Directions from San Martín de los Andes, Neuquén Province to Pitrufquén, Chile",,,0.45585577909690,23.10943762191308,-71.069,-39.932
"Directions from San Martín de los Andes, Neuquén Province to Pitrufquén, Chile",,,0.45587813977668,23.49604679050099,-71.069,-39.932
"Directions from San Martín de los Andes, Neuquén Province to Pitrufquén, Chile",,,0.45951695826624,16.26089973679411,-71.068,-39.929
"Directions from San Martín de los Andes, Neuquén Province to Pitrufquén, Chile",,,0.45980331468751,9.92996154753785,-71.068,-39.929
"Directions from San Martín de los Andes, Neuquén Province to Pitrufquén, Chile",,,0.46002535072062,5.38897676117614,-71.068,-39.928
"Directions from San Martín de los Andes, Neuquén Province to Pitrufquén, Chile",,,0.46021561369653,359.12457290640629,-71.068,-39.928
"Directions from San Martín de los Andes, Neuquén Province to Pitrufquén, Chile",,,0.46045644558810,353.24509802270484,-71.068,-39.928
"Directions from San Martín de los Andes, Neuquén Province to Pitrufquén, Chile",,,0.46071950451686,344.72621412987564,-71.068,-39.928
"Directions from San Martín de los Andes, Neuquén Province to Pitrufquén, Chile",,,0.46077335616493,349.09929526103559,-71.068,-39.928
"Directions from San Martín de los Andes, Neuquén Province to Pitrufquén, Chile",,,0.46078335616493,349.53774912747798,-71.068,-39.928
"Directions from San Martín de los Andes, Neuquén Province to Pitrufquén, Chile",,,0.46114736165939,335.71476144506539,-71.068,-39.927
"Directions from San Martín de los Andes, Neuquén Province to Pitrufquén, Chile",,,0.46138442705122,323.67701232097994,-71.068,-39.927
"Directions from San Martín de los Andes, Neuquén Province to Pitrufquén, Chile",,,0.46142685345809,319.73116110685521,-71.068,-39.927
"Directions from San Martín de los Andes, Neuquén Province to Pitrufquén, Chile",,,0.46185696972144,320.87646612517210,-71.068,-39.927
"Directions from San Martín de los Andes, Neuquén Province to Pitrufquén, Chile",,,0.46203388778157,310.49033878626517,-71.069,-39.927
"Directions from San Martín de los Andes, Neuquén Province to Pitrufquén, Chile",,,0.46206994329432,309.34503376455569,-71.069,-39.927
"Directions from San Martín de los Andes, Neuquén Province to Pitrufquén, Chile",,,0.46226793319305,310.89141103007432,-71.069,-39.927
"Directions from San Martín de los Andes, Neuquén Province to Pitrufquén, Chile",,,0.46884794079183,301.67393661861331,-71.074,-39.923
"Directions from San Martín de los Andes, Neuquén Province to Pitrufquén, Chile",,,0.46887030147161,302.22001741389238,-71.074,-39.923
"Directions from San Martín de los Andes, Neuquén Province to Pitrufquén, Chile",,,0.46932637164165,311.43749182535333,-71.074,-39.922
"Directions from San Martín de los Andes, Neuquén Province to Pitrufquén, Chile",,,0.46939708231977,317.26888625437130,-71.074,-39.922
"Directions from San Martín de los Andes, Neuquén Province to Pitrufquén, Chile",,,0.46984396037919,325.73264278461346,-71.075,-39.922
"Directions from San Martín de los Andes, Neuquén Province to Pitrufquén, Chile",,,0.47001396037920,329.96106492894501,-71.075,-39.922
"Directions from San Martín de los Andes, Neuquén Province to Pitrufquén, Chile",,,0.47010830019051,331.77533100807625,-71.075,-39.922
"Directions from San Martín de los Andes, Neuquén Province to Pitrufquén, Chile",,,0.47022913065025,339.22665812550747,-71.075,-39.922
"Directions from San Martín de los Andes, Neuquén Province to Pitrufquén, Chile",,,0.47036514535534,344.95132711811726,-71.075,-39.921
"Directions from San Martín de los Andes, Neuquén Province to Pitrufquén, Chile",,,0.47049856199598,350.44493981927701,-71.075,-39.921
"Directions from San Martín de los Andes, Neuquén Province to Pitrufquén, Chile",,,0.47078016455278,356.94224821729370,-71.075,-39.921
"Directions from San Martín de los Andes, Neuquén Province to Pitrufquén, Chile",,,0.47093016455279,2.38182084620538,-71.075,-39.921
"Directions from San Martín de los Andes, Neuquén Province to Pitrufquén, Chile",,,0.47105058049857,11.59929524748861,-71.075,-39.921
"Directions from San Martín de los Andes, Neuquén Province to Pitrufquén, Chile",,,0.47108220327517,9.21747440128323,-71.075,-39.921
"Directions from San Martín de los Andes, Neuquén Province to Pitrufquén, Chile",,,0.47110220327517,7.01812173605866,-71.075,-39.921
"Directions from San Martín de los Andes, Neuquén Province to Pitrufquén, Chile",,,0.47126712750020,17.00967499671149,-71.075,-39.921
"Directions from San Martín de los Andes, Neuquén Province to Pitrufquén, Chile",,,0.47138417449931,9.99155326065284,-71.075,-39.920
"Directions from San Martín de los Andes, Neuquén Province to Pitrufquén, Chile",,,0.47144417449930,16.06924413209171,-71.075,-39.920
"Directions from San Martín de los Andes, Neuquén Province to Pitrufquén, Chile",,,0.47646327800491,26.96994887807529,-71.072,-39.916
"Directions from San Martín de los Andes, Neuquén Province to Pitrufquén, Chile",,,0.47651712965298,29.33565356727714,-71.072,-39.916
"Directions from San Martín de los Andes, Neuquén Province to Pitrufquén, Chile",,,0.47656712965298,34.64548120253910,-71.072,-39.916
"Directions from San Martín de los Andes, Neuquén Province to Pitrufquén, Chile",,,0.47832041228849,34.64548120009644,-71.071,-39.915
"Directions from San Martín de los Andes, Neuquén Province to Pitrufquén, Chile",,,0.47837041228850,34.55618273847805,-71.071,-39.915
"Directions from San Martín de los Andes, Neuquén Province to Pitrufquén, Chile",,,0.47913891733077,36.71419650176142,-71.071,-39.914
"Directions from San Martín de los Andes, Neuquén Province to Pitrufquén, Chile",,,0.47924521878889,46.80866656961232,-71.071,-39.914
"Directions from San Martín de los Andes, Neuquén Province to Pitrufquén, Chile",,,0.47940923098357,19.19758225231740,-71.071,-39.914
"Directions from San Martín de los Andes, Neuquén Province to Pitrufquén, Chile",,,0.47945046203983,352.98187826483934,-71.071,-39.914
"Directions from San Martín de los Andes, Neuquén Province to Pitrufquén, Chile",,,0.47950046203983,14.87244064784479,-71.071,-39.914
"Directions from San Martín de los Andes, Neuquén Province to Pitrufquén, Chile",,,0.47958108461731,38.51774566870881,-71.071,-39.914
"Directions from San Martín de los Andes, Neuquén Province to Pitrufquén, Chile",,,0.47975800267744,45.02971771702668,-71.070,-39.913
"Directions from San Martín de los Andes, Neuquén Province to Pitrufquén, Chile",,,0.48030288798647,39.81936151745618,-71.070,-39.913
"Directions from San Martín de los Andes, Neuquén Province to Pitrufquén, Chile",,,0.48035288798647,31.71747441186812,-71.070,-39.913
"Directions from San Martín de los Andes, Neuquén Province to Pitrufquén, Chile",,,0.48039760934603,20.30064731735348,-71.070,-39.913
"Directions from San Martín de los Andes, Neuquén Province to Pitrufquén, Chile",,,0.48043884040228,11.08317290507825,-71.070,-39.913
"Directions from San Martín de los Andes, Neuquén Province to Pitrufquén, Chile",,,0.48050955108040,4.06505117829931,-71.070,-39.913
"Directions from San Martín de los Andes, Neuquén Province to Pitrufquén, Chile",,,0.48058955108040,352.37244064956712,-71.070,-39.913
"Directions from San Martín de los Andes, Neuquén Province to Pitrufquén, Chile",,,0.48070356862290,339.77187882752168,-71.070,-39.913
"Directions from San Martín de los Andes, Neuquén Province to Pitrufquén, Chile",,,0.48089145156519,347.39943817795444,-71.070,-39.912
"Directions from San Martín de los Andes, Neuquén Province to Pitrufquén, Chile",,,0.48091145156519,337.49999998982219,-71.070,-39.912
"Directions from San Martín de los Andes, Neuquén Province to Pitrufquén, Chile",,,0.48092559370081,333.43494881152293,-71.070,-39.912
"Directions from San Martín de los Andes, Neuquén Province to Pitrufquén, Chile",,,0.48099630437893,327.67803322964147,-71.070,-39.912
"Directions from San Martín de los Andes, Neuquén Province to Pitrufquén, Chile",,,0.48177566308966,307.55985407629612,-71.071,-39.912
"Directions from San Martín de los Andes, Neuquén Province to Pitrufquén, Chile",,,0.48201649498124,313.31676966690134,-71.071,-39.912
"Directions from San Martín de los Andes, Neuquén Province to Pitrufquén, Chile",,,0.48211548993061,320.00398989994977,-71.071,-39.912
"Directions from San Martín de los Andes, Neuquén Province to Pitrufquén, Chile",,,0.48223755548676,329.22146431286478,-71.071,-39.912
"Directions from San Martín de los Andes, Neuquén Province to Pitrufquén, Chile",,,0.48234935888564,336.19871889833036,-71.071,-39.911
"Directions from San Martín de los Andes, Neuquén Province to Pitrufquén, Chile",,,0.48248864276841,343.82627824829342,-71.071,-39.911
"Directions from San Martín de los Andes, Neuquén Province to Pitrufquén, Chile",,,0.48253963296355,354.34503376142408,-71.071,-39.911
"Directions from San Martín de los Andes, Neuquén Province to Pitrufquén, Chile",,,0.48275963296355,3.56250817570355,-71.071,-39.911
"Directions from San Martín de los Andes, Neuquén Province to Pitrufquén, Chile",,,0.48284025554103,11.91213029120638,-71.071,-39.911
"Directions from San Martín de los Andes, Neuquén Province to Pitrufquén, Chile",,,0.48294465860612,20.26899220724527,-71.071,-39.911
"Directions from San Martín de los Andes, Neuquén Province to Pitrufquén, Chile",,,0.48341476497706,25.95561355977458,-71.071,-39.910
"Directions from San Martín de los Andes, Neuquén Province to Pitrufquén, Chile",,,0.48409476497706,14.03624346803213,-71.071,-39.910
"Directions from San Martín de los Andes, Neuquén Province to Pitrufquén, Chile",,,0.48410476497706,14.09264921609451,-71.071,-39.910
"Directions from San Martín de los Andes, Neuquén Province to Pitrufquén, Chile",,,0.48679359371835,26.75098544277497,-71.069,-39.907
"Directions from San Martín de los Andes, Neuquén Province to Pitrufquén, Chile",,,0.48864102436658,27.18563827610931,-71.069,-39.906
"Directions from San Martín de los Andes, Neuquén Province to Pitrufquén, Chile",,,0.49008241258632,30.35767759790691,-71.068,-39.905
"Directions from San Martín de los Andes, Neuquén Province to Pitrufquén, Chile",,,0.49078732392826,27.81162003534745,-71.067,-39.904
"Directions from San Martín de los Andes, Neuquén Province to Pitrufquén, Chile",,,0.49088581250628,26.21834629200598,-71.067,-39.904
"Directions from San Martín de los Andes, Neuquén Province to Pitrufquén, Chile",,,0.49222819844184,27.18555635952333,-71.067,-39.903
"Directions from San Martín de los Andes, Neuquén Province to Pitrufquén, Chile",,,0.49376224537724,23.11002296951286,-71.066,-39.901
"Directions from San Martín de los Andes, Neuquén Province to Pitrufquén, Chile",,,0.49405016897822,18.51119053090907,-71.066,-39.901
"Directions from San Martín de los Andes, Neuquén Province to Pitrufquén, Chile",,,0.49425897510839,14.44985647918925,-71.066,-39.901
"Directions from San Martín de los Andes, Neuquén Province to Pitrufquén, Chile",,,0.49463752497301,7.88840155145941,-71.066,-39.900
"Directions from San Martín de los Andes, Neuquén Province to Pitrufquén, Chile",,,0.49479783716843,5.58548887359327,-71.066,-39.900
"Directions from San Martín de los Andes, Neuquén Province to Pitrufquén, Chile",,,0.49494916462793,3.79732168554018,-71.066,-39.900
"Directions from San Martín de los Andes, Neuquén Province to Pitrufquén, Chile",,,0.49558916462793,1.07045068311539,-71.066,-39.900
"Directions from San Martín de los Andes, Neuquén Province to Pitrufquén, Chile",,,0.49665991203045,2.97748810019301,-71.066,-39.898
"Directions from San Martín de los Andes, Neuquén Province to Pitrufquén, Chile",,,0.49726124388559,5.00876136804713,-71.066,-39.898
"Directions from San Martín de los Andes, Neuquén Province to Pitrufquén, Chile",,,0.49772395329763,8.75669018813620,-71.066,-39.897
"Directions from San Martín de los Andes, Neuquén Province to Pitrufquén, Chile",,,0.49797890427332,13.62766418724405,-71.066,-39.897
"Directions from San Martín de los Andes, Neuquén Province to Pitrufquén, Chile",,,0.49827010866889,19.95394243745971,-71.066,-39.897
"Directions from San Martín de los Andes, Neuquén Province to Pitrufquén, Chile",,,0.49915650587105,24.84405080900648,-71.065,-39.896
"Directions from San Martín de los Andes, Neuquén Province to Pitrufquén, Chile",,,0.50159855419162,23.76351106760770,-71.064,-39.894
"Directions from San Martín de los Andes, Neuquén Province to Pitrufquén, Chile",,,0.50165240583969,24.02582593083416,-71.064,-39.894
"Directions from San Martín de los Andes, Neuquén Province to Pitrufquén, Chile",,,0.50328028789930,27.30964433162227,-71.063,-39.892
"Directions from San Martín de los Andes, Neuquén Province to Pitrufquén, Chile",,,0.50384853080511,27.46704873466786,-71.063,-39.892
"Directions from San Martín de los Andes, Neuquén Province to Pitrufquén, Chile",,,0.50427338372083,28.69899782658330,-71.063,-39.891
"Directions from San Martín de los Andes, Neuquén Province to Pitrufquén, Chile",,,0.50577571524217,31.31592865088725,-71.062,-39.890
"Directions from San Martín de los Andes, Neuquén Province to Pitrufquén, Chile",,,0.50930553110139,32.63759556036938,-71.060,-39.887
"Directions from San Martín de los Andes, Neuquén Province to Pitrufquén, Chile",,,0.51004883453876,35.89250693183669,-71.060,-39.887
"Directions from San Martín de los Andes, Neuquén Province to Pitrufquén, Chile",,,0.51132323635922,39.61155939306005,-71.059,-39.886
"Directions from San Martín de los Andes, Neuquén Province to Pitrufquén, Chile",,,0.51152173069163,38.89214043231461,-71.059,-39.885
"Directions from San Martín de los Andes, Neuquén Province to Pitrufquén, Chile",,,0.51172173069162,38.61721710949039,-71.059,-39.885
"Directions from San Martín de los Andes, Neuquén Province to Pitrufquén, Chile",,,0.51250919497654,41.69480128151419,-71.058,-39.885
"Directions from San Martín de los Andes, Neuquén Province to Pitrufquén, Chile",,,0.51291956066711,44.01253299468485,-71.058,-39.884
"Directions from San Martín de los Andes, Neuquén Province to Pitrufquén, Chile",,,0.51347110395643,46.26163311654374,-71.058,-39.884
"Directions from San Martín de los Andes, Neuquén Province to Pitrufquén, Chile",,,0.51555909342001,49.21470367330680,-71.056,-39.883
"Directions from San Martín de los Andes, Neuquén Province to Pitrufquén, Chile",,,0.51576524870129,49.08929542292940,-71.056,-39.882
"Directions from San Martín de los Andes, Neuquén Province to Pitrufquén, Chile",,,0.51754856022764,45.99783034029474,-71.055,-39.881
"Directions from San Martín de los Andes, Neuquén Province to Pitrufquén, Chile",,,0.51901228834447,54.07907988532842,-71.054,-39.880
"Directions from San Martín de los Andes, Neuquén Province to Pitrufquén, Chile",,,0.51903464902424,53.07216939144242,-71.054,-39.880
"Directions from San Martín de los Andes, Neuquén Province to Pitrufquén, Chile",,,0.51921156708437,44.45561151197464,-71.054,-39.880
"Directions from San Martín de los Andes, Neuquén Province to Pitrufquén, Chile",,,0.52022295227310,44.61344952693905,-71.053,-39.879
"Directions from San Martín de los Andes, Neuquén Province to Pitrufquén, Chile",,,0.52042813511839,44.37362172570475,-71.053,-39.879
"Directions from San Martín de los Andes, Neuquén Province to Pitrufquén, Chile",,,0.52379423077954,44.62668837386024,-71.050,-39.877
"Directions from San Martín de los Andes, Neuquén Province to Pitrufquén, Chile",,,0.52407009306402,44.86651617533982,-71.050,-39.877
"Directions from San Martín de los Andes, Neuquén Province to Pitrufquén, Chile",,,0.52811563381898,43.69387911311180,-71.047,-39.874
"Directions from San Martín de los Andes, Neuquén Province to Pitrufquén, Chile",,,0.52822193527711,43.09296258155183,-71.047,-39.874
"Directions from San Martín de los Andes, Neuquén Province to Pitrufquén, Chile",,,0.52864619934582,37.98187826432049,-71.047,-39.873
"Directions from San Martín de los Andes, Neuquén Province to Pitrufquén, Chile",,,0.52870450886477,34.26617427866111,-71.047,-39.873
"Directions from San Martín de los Andes, Neuquén Province to Pitrufquén, Chile",,,0.52903253325411,32.06682160355812,-71.047,-39.873
"Directions from San Martín de los Andes, Neuquén Province to Pitrufquén, Chile",,,0.52923377937208,25.18549734707510,-71.046,-39.873
"Directions from San Martín de los Andes, Neuquén Province to Pitrufquén, Chile",,,0.52960539745560,21.89452501918893,-71.046,-39.873
"Directions from San Martín de los Andes, Neuquén Province to Pitrufquén, Chile",,,0.52983949145381,23.27407884919183,-71.046,-39.872
"Directions from San Martín de los Andes, Neuquén Province to Pitrufquén, Chile",,,0.52995129485269,21.25522354130483,-71.046,-39.872
"Directions from San Martín de los Andes, Neuquén Province to Pitrufquén, Chile",,,0.53002409595159,21.25522354211905,-71.046,-39.872
"Directions from San Martín de los Andes, Neuquén Province to Pitrufquén, Chile",,,0.53013589935046,24.22210125793220,-71.046,-39.872
"Directions from San Martín de los Andes, Neuquén Province to Pitrufquén, Chile",,,0.53150447525263,20.76648769802010,-71.046,-39.871
"Directions from San Martín de los Andes, Neuquén Province to Pitrufquén, Chile",,,0.53180179662758,22.34821111841305,-71.045,-39.871
"Directions from San Martín de los Andes, Neuquén Province to Pitrufquén, Chile",,,0.53449497319067,25.80382467741838,-71.044,-39.868
"Directions from San Martín de los Andes, Neuquén Province to Pitrufquén, Chile",,,0.53547884310077,25.22016601539651,-71.044,-39.867
"Directions from San Martín de los Andes, Neuquén Province to Pitrufquén, Chile",,,0.53614592630398,22.36486944641674,-71.044,-39.867
"Directions from San Martín de los Andes, Neuquén Province to Pitrufquén, Chile",,,0.53659537040506,17.12347789669171,-71.043,-39.866
"Directions from San Martín de los Andes, Neuquén Province to Pitrufquén, Chile",,,0.53681124073651,15.04587099272782,-71.043,-39.866
"Directions from San Martín de los Andes, Neuquén Province to Pitrufquén, Chile",,,0.53691564380160,14.00458835447018,-71.043,-39.866
"Directions from San Martín de los Andes, Neuquén Province to Pitrufquén, Chile",,,0.53701762419187,12.81943607268870,-71.043,-39.866
"Directions from San Martín de los Andes, Neuquén Province to Pitrufquén, Chile",,,0.53891670291588,12.81943607229724,-71.043,-39.864
"Directions from San Martín de los Andes, Neuquén Province to Pitrufquén, Chile",,,0.53901868330616,13.80198996701297,-71.043,-39.864
"Directions from San Martín de los Andes, Neuquén Province to Pitrufquén, Chile",,,0.53969588342429,18.60459204281239,-71.043,-39.863
"Directions from San Martín de los Andes, Neuquén Province to Pitrufquén, Chile",,,0.54137662730722,21.98321877258845,-71.042,-39.862
"Directions from San Martín de los Andes, Neuquén Province to Pitrufquén, Chile",,,0.54239819473035,24.30563304503318,-71.042,-39.861
"Directions from San Martín de los Andes, Neuquén Province to Pitrufquén, Chile",,,0.54265314570603,28.41184843362937,-71.042,-39.860
"Directions from San Martín de los Andes, Neuquén Province to Pitrufquén, Chile",,,0.54298071249311,15.63186584680930,-71.041,-39.860
"Directions from San Martín de los Andes, Neuquén Province to Pitrufquén, Chile",,,0.54299071249311,19.07861329432666,-71.041,-39.860
"Directions from San Martín de los Andes, Neuquén Province to Pitrufquén, Chile",,,0.54316875743126,41.09310232828433,-71.041,-39.860
"Directions from San Martín de los Andes, Neuquén Province to Pitrufquén, Chile",,,0.54358601035216,45.36516633668852,-71.041,-39.860
"Directions from San Martín de los Andes, Neuquén Province to Pitrufquén, Chile",,,0.54501499600639,51.50564353817514,-71.040,-39.859
"Directions from San Martín de los Andes, Neuquén Province to Pitrufquén, Chile",,,0.54505105151914,50.96976553974774,-71.040,-39.859
"Directions from San Martín de los Andes, Neuquén Province to Pitrufquén, Chile",,,0.54569455754087,44.25425110609543,-71.039,-39.858
"Directions from San Martín de los Andes, Neuquén Province to Pitrufquén, Chile",,,0.54664980619961,40.22374781484363,-71.039,-39.858
"Directions from San Martín de los Andes, Neuquén Province to Pitrufquén, Chile",,,0.54681381839427,39.60106568330213,-71.039,-39.857
"Directions from San Martín de los Andes, Neuquén Province to Pitrufquén, Chile",,,0.54693423434006,34.09929524657614,-71.039,-39.857
"Directions from San Martín de los Andes, Neuquén Province to Pitrufquén, Chile",,,0.54695659501983,32.33631401509278,-71.039,-39.857
"Directions from San Martín de los Andes, Neuquén Province to Pitrufquén, Chile",,,0.54760474623675,36.51925708966024,-71.038,-39.857
"Directions from San Martín de los Andes, Neuquén Province to Pitrufquén, Chile",,,0.54837318621490,33.12981508355982,-71.038,-39.856
"Directions from San Martín de los Andes, Neuquén Province to Pitrufquén, Chile",,,0.54864244445525,26.30754898954275,-71.038,-39.856
"Directions from San Martín de los Andes, Neuquén Province to Pitrufquén, Chile",,,0.55277433264348,21.74911790007673,-71.036,-39.852
"Directions from San Martín de los Andes, Neuquén Province to Pitrufquén, Chile",,,0.55536670607337,20.82593275816565,-71.035,-39.850
"Directions from San Martín de los Andes, Neuquén Province to Pitrufquén, Chile",,,0.55554698363714,20.91008494087247,-71.035,-39.850
"Directions from San Martín de los Andes, Neuquén Province to Pitrufquén, Chile",,,0.55646622245268,11.19006752590752,-71.035,-39.849
"Directions from San Martín de los Andes, Neuquén Province to Pitrufquén, Chile",,,0.55647622245269,12.00357331345010,-71.035,-39.849
"Directions from San Martín de los Andes, Neuquén Province to Pitrufquén, Chile",,,0.55777891197824,22.90427805690676,-71.034,-39.848
"Directions from San Martín de los Andes, Neuquén Province to Pitrufquén, Chile",,,0.55804817021860,25.42800679337932,-71.034,-39.847
"Directions from San Martín de los Andes, Neuquén Province to Pitrufquén, Chile",,,0.55815112652001,27.30728463583742,-71.034,-39.847
"Directions from San Martín de los Andes, Neuquén Province to Pitrufquén, Chile",,,0.56095558725248,27.30728463583739,-71.033,-39.845
"Directions from San Martín de los Andes, Neuquén Province to Pitrufquén, Chile",,,0.56105854355389,26.88389048995496,-71.033,-39.845
"Directions from San Martín de los Andes, Neuquén Province to Pitrufquén, Chile",,,0.56299599032736,12.35658844003231,-71.032,-39.843
"Directions from San Martín de los Andes, Neuquén Province to Pitrufquén, Chile",,,0.56301599032736,11.19006752628090,-71.032,-39.843
"Directions from San Martín de los Andes, Neuquén Province to Pitrufquén, Chile",,,0.56338368585357,21.01697955549180,-71.032,-39.842
"Directions from San Martín de los Andes, Neuquén Province to Pitrufquén, Chile",,,0.56353234654104,16.84503376341355,-71.032,-39.842
"Directions from San Martín de los Andes, Neuquén Province to Pitrufquén, Chile",,,0.56373850182232,11.74928283748200,-71.032,-39.842
"Directions from San Martín de los Andes, Neuquén Province to Pitrufquén, Chile",,,0.56392098469823,7.40907362553449,-71.032,-39.842
"Directions from San Martín de los Andes, Neuquén Province to Pitrufquén, Chile",,,0.56424238787184,0.99468219001386,-71.032,-39.842
"Directions from San Martín de los Andes, Neuquén Province to Pitrufquén, Chile",,,0.56458297559916,352.79629957773670,-71.032,-39.841
"Directions from San Martín de los Andes, Neuquén Province to Pitrufquén, Chile",,,0.56500070757063,341.19700432143907,-71.032,-39.841
"Directions from San Martín de los Andes, Neuquén Province to Pitrufquén, Chile",,,0.56502306825042,338.36785229474430,-71.032,-39.841
"Directions from San Martín de los Andes, Neuquén Province to Pitrufquén, Chile",,,0.56544068051077,341.91522687856644,-71.032,-39.840
"Directions from San Martín de los Andes, Neuquén Province to Pitrufquén, Chile",,,0.56649072812873,327.76484899528316,-71.032,-39.839
"Directions from San Martín de los Andes, Neuquén Province to Pitrufquén, Chile",,,0.56650487026436,326.41682708838403,-71.032,-39.839
"Directions from San Martín de los Andes, Neuquén Province to Pitrufquén, Chile",,,0.56679641785911,334.11460171560418,-71.032,-39.839
"Directions from San Martín de los Andes, Neuquén Province to Pitrufquén, Chile",,,0.56730248109626,327.80885894437728,-71.033,-39.839
"Directions from San Martín de los Andes, Neuquén Province to Pitrufquén, Chile",,,0.56774077323627,330.79639545069415,-71.033,-39.838
"Directions from San Martín de los Andes, Neuquén Province to Pitrufquén, Chile",,,0.56791541572824,344.83039273090901,-71.033,-39.838
"Directions from San Martín de los Andes, Neuquén Province to Pitrufquén, Chile",,,0.56808658815592,356.64508159737204,-71.033,-39.838
"Directions from San Martín de los Andes, Neuquén Province to Pitrufquén, Chile",,,0.56835658815592,3.88258300851075,-71.033,-39.838
"Directions from San Martín de los Andes, Neuquén Province to Pitrufquén, Chile",,,0.56857862418904,10.90070474307268,-71.033,-39.838
"Directions from San Martín de los Andes, Neuquén Province to Pitrufquén, Chile",,,0.56882601052658,17.75651722393420,-71.033,-39.837
"Directions from San Martín de los Andes, Neuquén Province to Pitrufquén, Chile",,,0.56948152559124,23.24684222858944,-71.033,-39.837
"Directions from San Martín de los Andes, Neuquén Province to Pitrufquén, Chile",,,0.57014364340553,21.84679760552239,-71.032,-39.836
"Directions from San Martín de los Andes, Neuquén Province to Pitrufquén, Chile",,,0.57089310988243,15.64265426288766,-71.032,-39.835
"Directions from San Martín de los Andes, Neuquén Province to Pitrufquén, Chile",,,0.57167189098133,11.32836086411509,-71.032,-39.835
"Directions from San Martín de los Andes, Neuquén Province to Pitrufquén, Chile",,,0.57746068187408,11.28846132210841,-71.031,-39.829
"Directions from San Martín de los Andes, Neuquén Province to Pitrufquén, Chile",,,0.57764507276322,11.08317291100602,-71.031,-39.829
"Directions from San Martín de los Andes, Neuquén Province to Pitrufquén, Chile",,,0.57818265996545,11.08317291076653,-71.031,-39.828
"Directions from San Martín de los Andes, Neuquén Province to Pitrufquén, Chile",,,0.57836705085460,11.12379995584448,-71.031,-39.828
"Directions from San Martín de los Andes, Neuquén Province to Pitrufquén, Chile",,,0.58203976102558,8.89101918429861,-71.030,-39.824
"Directions from San Martín de los Andes, Neuquén Province to Pitrufquén, Chile",,,0.58325174287362,7.22370505241292,-71.030,-39.823
"Directions from San Martín de los Andes, Neuquén Province to Pitrufquén, Chile",,,0.58469066608214,4.80640590454067,-71.030,-39.822
"Directions from San Martín de los Andes, Neuquén Province to Pitrufquén, Chile",,,0.58664376618198,1.75828196813989,-71.030,-39.820
"Directions from San Martín de los Andes, Neuquén Province to Pitrufquén, Chile",,,0.59062381643292,359.59310497583306,-71.030,-39.816
"Directions from San Martín de los Andes, Neuquén Province to Pitrufquén, Chile",,,0.59166400872283,358.17107190328005,-71.030,-39.815
"Directions from San Martín de los Andes, Neuquén Province to Pitrufquén, Chile",,,0.59278512423874,358.10593625937247,-71.030,-39.814
"Directions from San Martín de los Andes, Neuquén Province to Pitrufquén, Chile",,,0.59464555429655,357.71708596780149,-71.030,-39.812
"Directions from San Martín de los Andes, Neuquén Province to Pitrufquén, Chile",,,0.59567730038934,354.97815626535839,-71.030,-39.811
"Directions from San Martín de los Andes, Neuquén Province to Pitrufquén, Chile",,,0.59636199010009,356.64508159626052,-71.030,-39.810
"Directions from San Martín de los Andes, Neuquén Province to Pitrufquén, Chile",,,0.59639199010008,353.56249922050955,-71.030,-39.810
"Directions from San Martín de los Andes, Neuquén Province to Pitrufquén, Chile",,,0.59675101656151,348.20593770846807,-71.030,-39.810
"Directions from San Martín de los Andes, Neuquén Province to Pitrufquén, Chile",,,0.59712757996918,346.41343108210282,-71.030,-39.809
"Directions from San Martín de los Andes, Neuquén Province to Pitrufquén, Chile",,,0.59758638275906,340.17069733802214,-71.030,-39.809
"Directions from San Martín de los Andes, Neuquén Province to Pitrufquén, Chile",,,0.59766254049012,339.18323033173829,-71.030,-39.809
"Directions from San Martín de los Andes, Neuquén Province to Pitrufquén, Chile",,,0.59785227714973,339.59245806302494,-71.030,-39.809
"Directions from San Martín de los Andes, Neuquén Province to Pitrufquén, Chile",,,0.59803612491284,339.08991506019947,-71.030,-39.809
"Directions from San Martín de los Andes, Neuquén Province to Pitrufquén, Chile",,,0.59821640247661,337.67942076226865,-71.030,-39.808
"Directions from San Martín de los Andes, Neuquén Province to Pitrufquén, Chile",,,0.59896793424573,333.01962891046782,-71.031,-39.808
"Directions from San Martín de los Andes, Neuquén Province to Pitrufquén, Chile",,,0.60142046355239,345.62019073323415,-71.032,-39.806
"Directions from San Martín de los Andes, Neuquén Province to Pitrufquén, Chile",,,0.60143046355238,346.99160852960142,-71.032,-39.806
"Directions from San Martín de los Andes, Neuquén Province to Pitrufquén, Chile",,,0.60236518276156,332.31273175826618,-71.032,-39.805
"Directions from San Martín de los Andes, Neuquén Province to Pitrufquén, Chile",,,0.60254875835907,345.32112322866476,-71.032,-39.805
"Directions from San Martín de los Andes, Neuquén Province to Pitrufquén, Chile",,,0.60256875835907,347.42760718454934,-71.032,-39.804
"Directions from San Martín de los Andes, Neuquén Province to Pitrufquén, Chile",,,0.60311005310318,335.76875299081468,-71.033,-39.804
"Directions from San Martín de los Andes, Neuquén Province to Pitrufquén, Chile",,,0.60374163841016,337.53375633503492,-71.033,-39.803
"Directions from San Martín de los Andes, Neuquén Province to Pitrufquén, Chile",,,0.60431172612271,340.97242076793970,-71.033,-39.803
"Directions from San Martín de los Andes, Neuquén Province to Pitrufquén, Chile",,,0.60494772926736,351.77981023916999,-71.033,-39.802
"Directions from San Martín de los Andes, Neuquén Province to Pitrufquén, Chile",,,0.60495772926736,353.87399067149931,-71.033,-39.802
"Directions from San Martín de los Andes, Neuquén Province to Pitrufquén, Chile",,,0.60877466521128,345.90129272411036,-71.034,-39.799
"Directions from San Martín de los Andes, Neuquén Province to Pitrufquén, Chile",,,0.60884746631017,346.17408368797106,-71.034,-39.798
"Directions from San Martín de los Andes, Neuquén Province to Pitrufquén, Chile",,,0.60998104471505,351.94742895718366,-71.034,-39.797
"Directions from San Martín de los Andes, Neuquén Province to Pitrufquén, Chile",,,0.61037219685936,359.16380281923739,-71.034,-39.797
"Directions from San Martín de los Andes, Neuquén Province to Pitrufquén, Chile",,,0.61058243481977,4.53325137136157,-71.034,-39.797
"Directions from San Martín de los Andes, Neuquén Province to Pitrufquén, Chile",,,0.61076354252254,7.97615325102146,-71.034,-39.797
"Directions from San Martín de los Andes, Neuquén Province to Pitrufquén, Chile",,,0.61202119907343,10.39815343751900,-71.034,-39.795
"Directions from San Martín de los Andes, Neuquén Province to Pitrufquén, Chile",,,0.61470211309667,10.74451929494341,-71.034,-39.793
"Directions from San Martín de los Andes, Neuquén Province to Pitrufquén, Chile",,,0.61660277087755,11.09675225409598,-71.033,-39.791
"Directions from San Martín de los Andes, Neuquén Province to Pitrufquén, Chile",,,0.61699110063432,10.96534083728354,-71.033,-39.790
"Directions from San Martín de los Andes, Neuquén Province to Pitrufquén, Chile",,,0.61796603652965,5.02101181768552,-71.033,-39.789
"Directions from San Martín de los Andes, Neuquén Province to Pitrufquén, Chile",,,0.61811603652965,357.14470343447482,-71.033,-39.789
"Directions from San Martín de los Andes, Neuquén Province to Pitrufquén, Chile",,,0.61821653528586,347.21709624892503,-71.033,-39.789
"Directions from San Martín de los Andes, Neuquén Province to Pitrufquén, Chile",,,0.61859928847005,335.96371488721718,-71.033,-39.789
"Directions from San Martín de los Andes, Neuquén Province to Pitrufquén, Chile",,,0.61906458407501,328.71827337309469,-71.033,-39.788
"Directions from San Martín de los Andes, Neuquén Province to Pitrufquén, Chile",,,0.61979128896697,324.02674862997242,-71.034,-39.788
"Directions from San Martín de los Andes, Neuquén Province to Pitrufquén, Chile",,,0.62088937821653,324.06924588027567,-71.035,-39.787
"Directions from San Martín de los Andes, Neuquén Province to Pitrufquén, Chile",,,0.62172424347512,330.26888672835469,-71.035,-39.786
"Directions from San Martín de los Andes, Neuquén Province to Pitrufquén, Chile",,,0.62210000935968,339.20466801031745,-71.035,-39.786
"Directions from San Martín de los Andes, Neuquén Province to Pitrufquén, Chile",,,0.62227720981114,341.52720722029233,-71.035,-39.786
"Directions from San Martín de los Andes, Neuquén Province to Pitrufquén, Chile",,,0.62236264984860,344.27921386013696,-71.035,-39.786
"Directions from San Martín de los Andes, Neuquén Province to Pitrufquén, Chile",,,0.62262741389450,353.12603386095606,-71.035,-39.785
"Directions from San Martín de los Andes, Neuquén Province to Pitrufquén, Chile",,,0.62282766373844,0.25202771997528,-71.035,-39.785
"Directions from San Martín de los Andes, Neuquén Province to Pitrufquén, Chile",,,0.62333854532942,10.36024264980551,-71.035,-39.785
"Directions from San Martín de los Andes, Neuquén Province to Pitrufquén, Chile",,,0.62384143696785,18.66856557929796,-71.035,-39.784
"Directions from San Martín de los Andes, Neuquén Province to Pitrufquén, Chile",,,0.62489485995982,21.35641930088123,-71.035,-39.783
"Directions from San Martín de los Andes, Neuquén Province to Pitrufquén, Chile",,,0.62569716912716,16.51728927415141,-71.034,-39.783
"Directions from San Martín de los Andes, Neuquén Province to Pitrufquén, Chile",,,0.62592077592491,5.15242323422017,-71.034,-39.782
"Directions from San Martín de los Andes, Neuquén Province to Pitrufquén, Chile",,,0.62623077592491,350.45325399964963,-71.034,-39.782
"Directions from San Martín de los Andes, Neuquén Province to Pitrufquén, Chile",,,0.62650591225475,327.95325400043259,-71.035,-39.782
"Directions from San Martín de los Andes, Neuquén Province to Pitrufquén, Chile",,,0.62668976001786,312.40278554524701,-71.035,-39.782
"Directions from San Martín de los Andes, Neuquén Province to Pitrufquén, Chile",,,0.62684596501138,306.04060770276067,-71.035,-39.782
"Directions from San Martín de los Andes, Neuquén Province to Pitrufquén, Chile",,,0.62707068706192,304.57277098101497,-71.035,-39.781
"Directions from San Martín de los Andes, Neuquén Province to Pitrufquén, Chile",,,0.62747068706192,305.87261299497339,-71.035,-39.781
"Directions from San Martín de los Andes, Neuquén Province to Pitrufquén, Chile",,,0.62867741818358,305.50238624392182,-71.036,-39.780
"Directions from San Martín de los Andes, Neuquén Province to Pitrufquén, Chile",,,0.63115362496009,302.93716271825906,-71.038,-39.779
"Directions from San Martín de los Andes, Neuquén Province to Pitrufquén, Chile",,,0.63123424753757,302.76990935704890,-71.038,-39.779
"Directions from San Martín de los Andes, Neuquén Province to Pitrufquén, Chile",,,0.63304656649405,306.73027930976411,-71.040,-39.778
"Directions from San Martín de los Andes, Neuquén Province to Pitrufquén, Chile",,,0.63376663593514,311.33281059930738,-71.040,-39.777
"Directions from San Martín de los Andes, Neuquén Province to Pitrufquén, Chile",,,0.63382320447763,312.40278554546524,-71.040,-39.777
"Directions from San Martín de los Andes, Neuquén Province to Pitrufquén, Chile",,,0.63397940947116,316.46783672417166,-71.041,-39.777
"Directions from San Martín de los Andes, Neuquén Province to Pitrufquén, Chile",,,0.63402940947116,319.40206962756349,-71.041,-39.777
"Directions from San Martín de los Andes, Neuquén Province to Pitrufquén, Chile",,,0.63463049182825,317.99429128397679,-71.041,-39.777
"Directions from San Martín de los Andes, Neuquén Province to Pitrufquén, Chile",,,0.63524122908763,318.58107796773618,-71.041,-39.776
"Directions from San Martín de los Andes, Neuquén Province to Pitrufquén, Chile",,,0.63546054620963,315.36215377579776,-71.042,-39.776
"Directions from San Martín de los Andes, Neuquén Province to Pitrufquén, Chile",,,0.63582123998556,315.94474239471066,-71.042,-39.776
"Directions from San Martín de los Andes, Neuquén Province to Pitrufquén, Chile",,,0.63595577622603,310.85142751608510,-71.042,-39.776
"Directions from San Martín de los Andes, Neuquén Province to Pitrufquén, Chile",,,0.63602788725153,307.37244064945878,-71.042,-39.776
"Directions from San Martín de los Andes, Neuquén Province to Pitrufquén, Chile",,,0.63643898334736,309.23008520069624,-71.042,-39.776
"Directions from San Martín de los Andes, Neuquén Province to Pitrufquén, Chile",,,0.63665299269295,311.20267831833763,-71.042,-39.775
"Directions from San Martín de los Andes, Neuquén Province to Pitrufquén, Chile",,,0.63670956123545,310.67859871246065,-71.042,-39.775
"Directions from San Martín de los Andes, Neuquén Province to Pitrufquén, Chile",,,0.63849763282238,305.65758689231529,-71.044,-39.774
"Directions from San Martín de los Andes, Neuquén Province to Pitrufquén, Chile",,,0.63987640038799,305.58840681501448,-71.045,-39.774
"Directions from San Martín de los Andes, Neuquén Province to Pitrufquén, Chile",,,0.64075645720435,302.98185928171284,-71.046,-39.773
"Directions from San Martín de los Andes, Neuquén Province to Pitrufquén, Chile",,,0.64083707978183,302.18043030522796,-71.046,-39.773
"Directions from San Martín de los Andes, Neuquén Province to Pitrufquén, Chile",,,0.64221014205281,302.93985550347105,-71.047,-39.772
"Directions from San Martín de los Andes, Neuquén Province to Pitrufquén, Chile",,,0.64253770883990,297.94364824077275,-71.047,-39.772
"Directions from San Martín de los Andes, Neuquén Province to Pitrufquén, Chile",,,0.64280171641554,289.84602647278524,-71.047,-39.772
"Directions from San Martín de los Andes, Neuquén Province to Pitrufquén, Chile",,,0.64334023289626,281.09675225505657,-71.048,-39.772
"Directions from San Martín de los Andes, Neuquén Province to Pitrufquén, Chile",,,0.64342085547374,280.58062991206157,-71.048,-39.772
"Directions from San Martín de los Andes, Neuquén Province to Pitrufquén, Chile",,,0.64346208653000,279.01357828528802,-71.048,-39.772
"Directions from San Martín de los Andes, Neuquén Province to Pitrufquén, Chile",,,0.64389313177124,269.75315354424589,-71.049,-39.772
"Directions from San Martín de los Andes, Neuquén Province to Pitrufquén, Chile",,,0.64542783043873,267.75769699531588,-71.050,-39.772
"Directions from San Martín de los Andes, Neuquén Province to Pitrufquén, Chile",,,0.64592783043874,273.56250817319830,-71.051,-39.772
"Directions from San Martín de los Andes, Neuquén Province to Pitrufquén, Chile",,,0.64600845301621,275.06890192573968,-71.051,-39.772
"Directions from San Martín de los Andes, Neuquén Province to Pitrufquén, Chile",,,0.64619871599212,278.52451548411000,-71.051,-39.772
"Directions from San Martín de los Andes, Neuquén Province to Pitrufquén, Chile",,,0.64623994704838,280.58062990586274,-71.051,-39.772
"Directions from San Martín de los Andes, Neuquén Province to Pitrufquén, Chile",,,0.64656243735831,280.00000895446379,-71.051,-39.772
"Directions from San Martín de los Andes, Neuquén Province to Pitrufquén, Chile",,,0.64692146381973,298.93750076999163,-71.052,-39.772
"Directions from San Martín de los Andes, Neuquén Province to Pitrufquén, Chile",,,0.64693560595535,299.65964155234815,-71.052,-39.772
"Directions from San Martín de los Andes, Neuquén Province to Pitrufquén, Chile",,,0.65037237769638,277.15964156252591,-71.055,-39.771
"Directions from San Martín de los Andes, Neuquén Province to Pitrufquén, Chile",,,0.65038237769639,275.52047009040683,-71.055,-39.771
"Directions from San Martín de los Andes, Neuquén Province to Pitrufquén, Chile",,,0.65080010966787,276.88362558729085,-71.055,-39.771
"Directions from San Martín de los Andes, Neuquén Province to Pitrufquén, Chile",,,0.65122058558871,270.62875513945039,-71.056,-39.771
"Directions from San Martín de los Andes, Neuquén Province to Pitrufquén, Chile",,,0.65161071377277,263.95577200471922,-71.056,-39.771
"Directions from San Martín de los Andes, Neuquén Province to Pitrufquén, Chile",,,0.65193629018469,257.67205062818960,-71.056,-39.771
"Directions from San Martín de los Andes, Neuquén Province to Pitrufquén, Chile",,,0.65218367652222,252.86944855050237,-71.057,-39.771
"Directions from San Martín de los Andes, Neuquén Province to Pitrufquén, Chile",,,0.65238616108954,248.46726313116704,-71.057,-39.771
"Directions from San Martín de los Andes, Neuquén Province to Pitrufquén, Chile",,,0.65637926764960,249.56255006291761,-71.061,-39.773
"Directions from San Martín de los Andes, Neuquén Province to Pitrufquén, Chile",,,0.65683148441178,254.71845336187985,-71.061,-39.773
"Directions from San Martín de los Andes, Neuquén Province to Pitrufquén, Chile",,,0.65692367985635,255.38597403016092,-71.061,-39.773
"Directions from San Martín de los Andes, Neuquén Province to Pitrufquén, Chile",,,0.65702808292144,256.28092933406782,-71.061,-39.773
"Directions from San Martín de los Andes, Neuquén Province to Pitrufquén, Chile",,,0.65761842180717,264.63055144957065,-71.062,-39.773
"Directions from San Martín de los Andes, Neuquén Province to Pitrufquén, Chile",,,0.65763842180718,266.64508159560046,-71.062,-39.773
"Directions from San Martín de los Andes, Neuquén Province to Pitrufquén, Chile",,,0.65798076666254,266.64508159560046,-71.062,-39.773
"Directions from San Martín de los Andes, Neuquén Province to Pitrufquén, Chile",,,0.65808076666255,267.44891737391748,-71.062,-39.773
"Directions from San Martín de los Andes, Neuquén Province to Pitrufquén, Chile",,,0.65920522208630,266.49434115710301,-71.063,-39.773
"Directions from San Martín de los Andes, Neuquén Province to Pitrufquén, Chile",,,0.65950538870669,269.99999999995481,-71.064,-39.773
"Directions from San Martín de los Andes, Neuquén Province to Pitrufquén, Chile",,,0.65980555532709,273.07277361632646,-71.064,-39.773
"Directions from San Martín de los Andes, Neuquén Province to Pitrufquén, Chile",,,0.66007629505449,277.12218729997045,-71.064,-39.773
"Directions from San Martín de los Andes, Neuquén Province to Pitrufquén, Chile",,,0.66042154858453,282.97668785118196,-71.065,-39.773
"Directions from San Martín de los Andes, Neuquén Province to Pitrufquén, Chile",,,0.66078555407900,289.05587086173807,-71.065,-39.773
"Directions from San Martín de los Andes, Neuquén Province to Pitrufquén, Chile",,,0.66107710167374,281.08317291096938,-71.065,-39.773
"Directions from San Martín de los Andes, Neuquén Province to Pitrufquén, Chile",,,0.66109710167375,284.08929505526203,-71.065,-39.773
"Directions from San Martín de los Andes, Neuquén Province to Pitrufquén, Chile",,,0.66141474927722,299.89304617917276,-71.065,-39.773
"Directions from San Martín de los Andes, Neuquén Province to Pitrufquén, Chile",,,0.66156739265245,304.23869994618133,-71.066,-39.772
"Directions from San Martín de los Andes, Neuquén Province to Pitrufquén, Chile",,,0.66181739265245,308.17117874686227,-71.066,-39.772
"Directions from San Martín de los Andes, Neuquén Province to Pitrufquén, Chile",,,0.66203761980790,313.97034455399432,-71.066,-39.772
"Directions from San Martín de los Andes, Neuquén Province to Pitrufquén, Chile",,,0.66250516659700,322.15426735615910,-71.066,-39.772
"Directions from San Martín de los Andes, Neuquén Province to Pitrufquén, Chile",,,0.66284354508332,332.64213011891655,-71.066,-39.772
"Directions from San Martín de los Andes, Neuquén Province to Pitrufquén, Chile",,,0.66292898512077,336.43945180362113,-71.066,-39.771
"Directions from San Martín de los Andes, Neuquén Province to Pitrufquén, Chile",,,0.66301842783987,337.49999999979644,-71.067,-39.771
"Directions from San Martín de los Andes, Neuquén Province to Pitrufquén, Chile",,,0.66333465560589,346.89994257788408,-71.067,-39.771
"Directions from San Martín de los Andes, Neuquén Province to Pitrufquén, Chile",,,0.66355669163900,356.11741698954864,-71.067,-39.771
"Directions from San Martín de los Andes, Neuquén Province to Pitrufquén, Chile",,,0.66387669163900,2.69465588007529,-71.067,-39.771
"Directions from San Martín de los Andes, Neuquén Province to Pitrufquén, Chile",,,0.66547375143751,357.96349477771292,-71.066,-39.769
"Directions from San Martín de los Andes, Neuquén Province to Pitrufquén, Chile",,,0.66559540668811,348.77153049996406,-71.067,-39.769
"Directions from San Martín de los Andes, Neuquén Province to Pitrufquén, Chile",,,0.66572882332876,344.95132711802023,-71.067,-39.769
"Directions from San Martín de los Andes, Neuquén Province to Pitrufquén, Chile",,,0.66586483803384,337.56936521454571,-71.067,-39.769
"Directions from San Martín de los Andes, Neuquén Province to Pitrufquén, Chile",,,0.66607954713938,329.53147386959836,-71.067,-39.768
"Directions from San Martín de los Andes, Neuquén Province to Pitrufquén, Chile",,,0.66639019163072,320.91074416056881,-71.067,-39.768
"Directions from San Martín de los Andes, Neuquén Province to Pitrufquén, Chile",,,0.66640433376634,319.60253127952222,-71.067,-39.768
"Directions from San Martín de los Andes, Neuquén Province to Pitrufquén, Chile",,,0.66821665272282,321.50956870612470,-71.068,-39.767
"Directions from San Martín de los Andes, Neuquén Province to Pitrufquén, Chile",,,0.66842925563907,316.34538605960597,-71.068,-39.766
"Directions from San Martín de los Andes, Neuquén Province to Pitrufquén, Chile",,,0.66878994941501,310.37329746583197,-71.068,-39.766
"Directions from San Martín de los Andes, Neuquén Province to Pitrufquén, Chile",,,0.66908994941501,302.47119229191537,-71.069,-39.766
"Directions from San Martín de los Andes, Neuquén Province to Pitrufquén, Chile",,,0.66925994941501,295.53060186975063,-71.069,-39.766
"Directions from San Martín de los Andes, Neuquén Province to Pitrufquén, Chile",,,0.66961841838159,289.31548162915067,-71.069,-39.766
"Directions from San Martín de los Andes, Neuquén Province to Pitrufquén, Chile",,,0.67013764858102,283.12459925432012,-71.070,-39.766
"Directions from San Martín de los Andes, Neuquén Province to Pitrufquén, Chile",,,0.67844967601119,281.26384529549620,-71.078,-39.764
"Directions from San Martín de los Andes, Neuquén Province to Pitrufquén, Chile",,,0.67936951295326,283.58792862199607,-71.079,-39.764
"Directions from San Martín de los Andes, Neuquén Province to Pitrufquén, Chile",,,0.67959754803828,283.94863551605778,-71.079,-39.764
"Directions from San Martín de los Andes, Neuquén Province to Pitrufquén, Chile",,,0.68069413364825,284.87244064831879,-71.080,-39.764
"Directions from San Martín de los Andes, Neuquén Province to Pitrufquén, Chile",,,0.68137420717370,289.45206922689016,-71.081,-39.763
"Directions from San Martín de los Andes, Neuquén Province to Pitrufquén, Chile",,,0.68142805882177,288.87340269293549,-71.081,-39.763
"Directions from San Martín de los Andes, Neuquén Province to Pitrufquén, Chile",,,0.68171926321733,288.87340269370998,-71.081,-39.763
"Directions from San Martín de los Andes, Neuquén Province to Pitrufquén, Chile",,,0.68328096101141,292.60094352083360,-71.082,-39.763
"Directions from San Martín de los Andes, Neuquén Province to Pitrufquén, Chile",,,0.68514421086046,294.43191130835157,-71.084,-39.762
"Directions from San Martín de los Andes, Neuquén Province to Pitrufquén, Chile",,,0.68560939899445,297.17496341407343,-71.084,-39.762
"Directions from San Martín de los Andes, Neuquén Province to Pitrufquén, Chile",,,0.68594060889768,303.77319501018644,-71.085,-39.762
"Directions from San Martín de los Andes, Neuquén Province to Pitrufquén, Chile",,,0.68613270262480,315.00000000016553,-71.085,-39.762
"Directions from San Martín de los Andes, Neuquén Province to Pitrufquén, Chile",,,0.68632479635192,318.17009586819705,-71.085,-39.761
"Directions from San Martín de los Andes, Neuquén Province to Pitrufquén, Chile",,,0.68635308062317,321.13238685900421,-71.085,-39.761
"Directions from San Martín de los Andes, Neuquén Province to Pitrufquén, Chile",,,0.68651951379295,333.98736375526948,-71.085,-39.761
"Directions from San Martín de los Andes, Neuquén Province to Pitrufquén, Chile",,,0.68673140999395,345.62381578578817,-71.085,-39.761
"Directions from San Martín de los Andes, Neuquén Province to Pitrufquén, Chile",,,0.68685306524456,4.48631330810835,-71.085,-39.761
"Directions from San Martín de los Andes, Neuquén Province to Pitrufquén, Chile",,,0.68688468802116,9.21747441349656,-71.085,-39.761
"Directions from San Martín de los Andes, Neuquén Province to Pitrufquén, Chile",,,0.68700468802116,3.17009587305425,-71.085,-39.761
"Directions from San Martín de los Andes, Neuquén Province to Pitrufquén, Chile",,,0.68791022653497,3.17009587305425,-71.085,-39.760
"Directions from San Martín de los Andes, Neuquén Province to Pitrufquén, Chile",,,0.68834022653498,354.34503376343724,-71.085,-39.759
"Directions from San Martín de los Andes, Neuquén Province to Pitrufquén, Chile",,,0.68869715790092,345.40568546520967,-71.085,-39.759
"Directions from San Martín de los Andes, Neuquén Province to Pitrufquén, Chile",,,0.68902288785042,337.77812611282627,-71.085,-39.759
"Directions from San Martín de los Andes, Neuquén Province to Pitrufquén, Chile",,,0.68924649464817,331.84503376320907,-71.085,-39.759
"Directions from San Martín de los Andes, Neuquén Province to Pitrufquén, Chile",,,0.68948836238062,325.66378755495725,-71.086,-39.758
"Directions from San Martín de los Andes, Neuquén Province to Pitrufquén, Chile",,,0.68982257787997,318.57669029630620,-71.086,-39.758
"Directions from San Martín de los Andes, Neuquén Province to Pitrufquén, Chile",,,0.69019741117624,312.94324764008172,-71.086,-39.758
"Directions from San Martín de los Andes, Neuquén Province to Pitrufquén, Chile",,,0.69043171866653,308.02970441541754,-71.086,-39.758
"Directions from San Martín de los Andes, Neuquén Province to Pitrufquén, Chile",,,0.69080374017128,301.75458305592753,-71.086,-39.757
"Directions from San Martín de los Andes, Neuquén Province to Pitrufquén, Chile",,,0.69117495439514,295.09371440593344,-71.087,-39.757
"Directions from San Martín de los Andes, Neuquén Province to Pitrufquén, Chile",,,0.69145726627941,290.68352463030698,-71.087,-39.757
"Directions from San Martín de los Andes, Neuquén Province to Pitrufquén, Chile",,,0.69174187126883,279.21747441146101,-71.087,-39.757
"Directions from San Martín de los Andes, Neuquén Province to Pitrufquén, Chile",,,0.69175187126883,277.01812173430534,-71.087,-39.757
"Directions from San Martín de los Andes, Neuquén Province to Pitrufquén, Chile",,,0.69204048866261,282.26386024063316,-71.088,-39.757
"Directions from San Martín de los Andes, Neuquén Province to Pitrufquén, Chile",,,0.69231507926697,278.96144249217889,-71.088,-39.757
"Directions from San Martín de los Andes, Neuquén Province to Pitrufquén, Chile",,,0.69254702753707,275.39893431693423,-71.088,-39.757
"Directions from San Martín de los Andes, Neuquén Province to Pitrufquén, Chile",,,0.69271732140072,271.42745239789025,-71.088,-39.757
"Directions from San Martín de los Andes, Neuquén Province to Pitrufquén, Chile",,,0.69383736604269,270.93719408150758,-71.089,-39.757
"Directions from San Martín de los Andes, Neuquén Province to Pitrufquén, Chile",,,0.69407757428568,275.25802319157498,-71.090,-39.757
"Directions from San Martín de los Andes, Neuquén Province to Pitrufquén, Chile",,,0.69421899564192,281.08317291083767,-71.090,-39.757
"Directions from San Martín de los Andes, Neuquén Province to Pitrufquén, Chile",,,0.69438391986694,286.84503376317417,-71.090,-39.757
"Directions from San Martín de los Andes, Neuquén Province to Pitrufquén, Chile",,,0.69453258055442,279.82691202921086,-71.090,-39.757
"Directions from San Martín de los Andes, Neuquén Province to Pitrufquén, Chile",,,0.69456258055443,282.73167253153781,-71.090,-39.757
"Directions from San Martín de los Andes, Neuquén Province to Pitrufquén, Chile",,,0.69479517462142,299.26701144292639,-71.090,-39.757
"Directions from San Martín de los Andes, Neuquén Province to Pitrufquén, Chile",,,0.69530830228584,305.68042050762585,-71.091,-39.756
"Directions from San Martín de los Andes, Neuquén Province to Pitrufquén, Chile",,,0.69603452539205,304.27330017814256,-71.091,-39.756
"Directions from San Martín de los Andes, Neuquén Province to Pitrufquén, Chile",,,0.69645129871173,303.56316739831351,-71.092,-39.756
"Directions from San Martín de los Andes, Neuquén Province to Pitrufquén, Chile",,,0.69650129871174,302.74017865120595,-71.092,-39.756
"Directions from San Martín de los Andes, Neuquén Province to Pitrufquén, Chile",,,0.69662659835260,294.88585974288037,-71.092,-39.756
"Directions from San Martín de los Andes, Neuquén Province to Pitrufquén, Chile",,,0.69695901375537,287.79323534645164,-71.092,-39.756
"Directions from San Martín de los Andes, Neuquén Province to Pitrufquén, Chile",,,0.70053164583831,290.49513102690804,-71.096,-39.755
"Directions from San Martín de los Andes, Neuquén Province to Pitrufquén, Chile",,,0.70055400651807,291.07893105818232,-71.096,-39.755
"Directions from San Martín de los Andes, Neuquén Province to Pitrufquén, Chile",,,0.70100043680379,287.66982377256983,-71.096,-39.755
"Directions from San Martín de los Andes, Neuquén Province to Pitrufquén, Chile",,,0.70141480379089,291.98729096194580,-71.096,-39.754
"Directions from San Martín de los Andes, Neuquén Province to Pitrufquén, Chile",,,0.70185343803488,297.80900671082782,-71.097,-39.754
"Directions from San Martín de los Andes, Neuquén Province to Pitrufquén, Chile",,,0.70254459648270,302.78819529507524,-71.097,-39.754
"Directions from San Martín de los Andes, Neuquén Province to Pitrufquén, Chile",,,0.70318529922189,296.31053565472786,-71.098,-39.754
"Directions from San Martín de los Andes, Neuquén Province to Pitrufquén, Chile",,,0.70321692199850,296.56505117724083,-71.098,-39.753
"Directions from San Martín de los Andes, Neuquén Province to Pitrufquén, Chile",,,0.70400749141354,296.56505117520527,-71.099,-39.753
"Directions from San Martín de los Andes, Neuquén Province to Pitrufquén, Chile",,,0.70403911419013,295.45307055425098,-71.099,-39.753
"Directions from San Martín de los Andes, Neuquén Province to Pitrufquén, Chile",,,0.70416949823824,296.51361875573264,-71.099,-39.753
"Directions from San Martín de los Andes, Neuquén Province to Pitrufquén, Chile",,,0.70425493827569,292.78646934998494,-71.099,-39.753
"Directions from San Martín de los Andes, Neuquén Province to Pitrufquén, Chile",,,0.70557917390427,297.03574878900048,-71.100,-39.752
"Directions from San Martín de los Andes, Neuquén Province to Pitrufquén, Chile",,,0.70568213020568,296.64117470894206,-71.100,-39.752
"Directions from San Martín de los Andes, Neuquén Province to Pitrufquén, Chile",,,0.70612076444967,296.55716354173251,-71.101,-39.752
"Directions from San Martín de los Andes, Neuquén Province to Pitrufquén, Chile",,,0.70645197435291,301.89177238230610,-71.101,-39.752
"Directions from San Martín de los Andes, Neuquén Province to Pitrufquén, Chile",,,0.70842714523159,301.91169441760854,-71.102,-39.751
"Directions from San Martín de los Andes, Neuquén Province to Pitrufquén, Chile",,,0.70886131109851,295.90848874592643,-71.103,-39.751
"Directions from San Martín de los Andes, Neuquén Province to Pitrufquén, Chile",,,0.70934977808818,290.82460100188399,-71.103,-39.750
"Directions from San Martín de los Andes, Neuquén Province to Pitrufquén, Chile",,,0.70990951016695,290.68925764751151,-71.104,-39.750
"Directions from San Martín de los Andes, Neuquén Province to Pitrufquén, Chile",,,0.71003951016696,288.07786065802640,-71.104,-39.750
"Directions from San Martín de los Andes, Neuquén Province to Pitrufquén, Chile",,,0.71059493793004,290.05045378116915,-71.104,-39.750
"Directions from San Martín de los Andes, Neuquén Province to Pitrufquén, Chile",,,0.71061729860981,288.59235323480993,-71.104,-39.750
"Directions from San Martín de los Andes, Neuquén Province to Pitrufquén, Chile",,,0.71110566322769,278.47992351095957,-71.105,-39.750
"Directions from San Martín de los Andes, Neuquén Province to Pitrufquén, Chile",,,0.71128677093045,278.10299934414894,-71.105,-39.750
"Directions from San Martín de los Andes, Neuquén Province to Pitrufquén, Chile",,,0.71152022328105,274.93290347131807,-71.105,-39.750
"Directions from San Martín de los Andes, Neuquén Province to Pitrufquén, Chile",,,0.71158022328105,273.47647873418242,-71.105,-39.750
"Directions from San Martín de los Andes, Neuquén Province to Pitrufquén, Chile",,,0.71199326080962,274.95694680103492,-71.106,-39.750
"Directions from San Martín de los Andes, Neuquén Province to Pitrufquén, Chile",,,0.71257403615345,271.04312968130728,-71.106,-39.750
"Directions from San Martín de los Andes, Neuquén Province to Pitrufquén, Chile",,,0.71519434147916,270.94459029992356,-71.109,-39.750
"Directions from San Martín de los Andes, Neuquén Province to Pitrufquén, Chile",,,0.71664603015102,258.09940308878760,-71.111,-39.750
"Directions from San Martín de los Andes, Neuquén Province to Pitrufquén, Chile",,,0.71666839083079,256.71747440331882,-71.111,-39.750
"Directions from San Martín de los Andes, Neuquén Province to Pitrufquén, Chile",,,0.71679839083080,266.32381032017884,-71.111,-39.750
"Directions from San Martín de los Andes, Neuquén Province to Pitrufquén, Chile",,,0.71711096082297,259.57594367987338,-71.111,-39.750
"Directions from San Martín de los Andes, Neuquén Province to Pitrufquén, Chile",,,0.71736806002560,254.90251124325792,-71.111,-39.750
"Directions from San Martín de los Andes, Neuquén Province to Pitrufquén, Chile",,,0.71757686615579,249.42840049223977,-71.111,-39.750
"Directions from San Martín de los Andes, Neuquén Province to Pitrufquén, Chile",,,0.71769769661552,243.47279277543444,-71.112,-39.750
"Directions from San Martín de los Andes, Neuquén Province to Pitrufquén, Chile",,,0.71782299625639,238.44050867249192,-71.112,-39.750
"Directions from San Martín de los Andes, Neuquén Province to Pitrufquén, Chile",,,0.71801716113477,233.96144249169845,-71.112,-39.750
"Directions from San Martín de los Andes, Neuquén Province to Pitrufquén, Chile",,,0.71818117332943,227.94162513623789,-71.112,-39.750
"Directions from San Martín de los Andes, Neuquén Province to Pitrufquén, Chile",,,0.71844289837600,220.16086997368384,-71.112,-39.751
"Directions from San Martín de los Andes, Neuquén Province to Pitrufquén, Chile",,,0.71869289837601,220.93494883358832,-71.112,-39.751
"Directions from San Martín de los Andes, Neuquén Province to Pitrufquén, Chile",,,0.71870704051163,219.43184529436820,-71.112,-39.751
"Directions from San Martín de los Andes, Neuquén Province to Pitrufquén, Chile",,,0.71962230003766,216.07692688052040,-71.113,-39.751
"Directions from San Martín de los Andes, Neuquén Province to Pitrufquén, Chile",,,0.71986437440640,220.05516653642917,-71.113,-39.752
"Directions from San Martín de los Andes, Neuquén Province to Pitrufquén, Chile",,,0.72011932538208,223.41008494009921,-71.113,-39.752
"Directions from San Martín de los Andes, Neuquén Province to Pitrufquén, Chile",,,0.72033145741644,226.68323033164472,-71.113,-39.752
"Directions from San Martín de los Andes, Neuquén Province to Pitrufquén, Chile",,,0.72057228930802,231.64635308484091,-71.113,-39.752
"Directions from San Martín de los Andes, Neuquén Province to Pitrufquén, Chile",,,0.72114657146863,237.93582070413777,-71.114,-39.752
"Directions from San Martín de los Andes, Neuquén Province to Pitrufquén, Chile",,,0.72135248407144,242.19017236240251,-71.114,-39.753
"Directions from San Martín de los Andes, Neuquén Province to Pitrufquén, Chile",,,0.72179969766694,246.35469497865472,-71.114,-39.753
"Directions from San Martín de los Andes, Neuquén Province to Pitrufquén, Chile",,,0.72219529847584,250.83340534319711,-71.115,-39.753
"Directions from San Martín de los Andes, Neuquén Province to Pitrufquén, Chile",,,0.72394738294870,251.14856917947429,-71.117,-39.753
"Directions from San Martín de los Andes, Neuquén Province to Pitrufquén, Chile",,,0.72438396054775,237.45238441364867,-71.117,-39.754
"Directions from San Martín de los Andes, Neuquén Province to Pitrufquén, Chile",,,0.72439810268337,235.38612735153933,-71.117,-39.754
"Directions from San Martín de los Andes, Neuquén Province to Pitrufquén, Chile",,,0.72461741980537,242.85183593072583,-71.117,-39.754
"Directions from San Martín de los Andes, Neuquén Province to Pitrufquén, Chile",,,0.72483696478937,238.12067482520015,-71.117,-39.754
"Directions from San Martín de los Andes, Neuquén Province to Pitrufquén, Chile",,,0.72498118684039,234.72001741258805,-71.117,-39.754
"Directions from San Martín de los Andes, Neuquén Province to Pitrufquén, Chile",,,0.72523118684038,231.20478294198361,-71.118,-39.754
"Directions from San Martín de los Andes, Neuquén Province to Pitrufquén, Chile",,,0.72627353994755,230.75188961226988,-71.118,-39.755
"Directions from San Martín de los Andes, Neuquén Province to Pitrufquén, Chile",,,0.72677960318470,235.44781141308036,-71.119,-39.755
"Directions from San Martín de los Andes, Neuquén Province to Pitrufquén, Chile",,,0.72704886142506,241.48067667577217,-71.119,-39.755
"Directions from San Martín de los Andes, Neuquén Province to Pitrufquén, Chile",,,0.72734852790634,247.42500569583021,-71.119,-39.755
"Directions from San Martín de los Andes, Neuquén Province to Pitrufquén, Chile",,,0.72752880547011,246.99745699756079,-71.120,-39.755
"Directions from San Martín de los Andes, Neuquén Province to Pitrufquén, Chile",,,0.72757352682966,251.06250817415733,-71.120,-39.755
"Directions from San Martín de los Andes, Neuquén Province to Pitrufquén, Chile",,,0.72798144839074,263.54946362741288,-71.120,-39.755
"Directions from San Martín de los Andes, Neuquén Province to Pitrufquén, Chile",,,0.72834158725285,272.76693803916748,-71.120,-39.755
"Directions from San Martín de los Andes, Neuquén Province to Pitrufquén, Chile",,,0.72850283240781,273.56250817445090,-71.120,-39.755
"Directions from San Martín de los Andes, Neuquén Province to Pitrufquén, Chile",,,0.72856283240782,272.85529656754056,-71.121,-39.755
"Directions from San Martín de los Andes, Neuquén Province to Pitrufquén, Chile",,,0.72866333116403,278.64028259162603,-71.121,-39.755
"Directions from San Martín de los Andes, Neuquén Province to Pitrufquén, Chile",,,0.72995967216854,280.27129933180873,-71.122,-39.755
"Directions from San Martín de los Andes, Neuquén Province to Pitrufquén, Chile",,,0.73015202600916,276.31242469756444,-71.122,-39.755
"Directions from San Martín de los Andes, Neuquén Province to Pitrufquén, Chile",,,0.73062298248274,270.03794420297606,-71.123,-39.755
"Directions from San Martín de los Andes, Neuquén Province to Pitrufquén, Chile",,,0.73078329467815,268.21183281313500,-71.123,-39.755
"Directions from San Martín de los Andes, Neuquén Province to Pitrufquén, Chile",,,0.73090329467815,266.11741699070478,-71.123,-39.755
"Directions from San Martín de los Andes, Neuquén Province to Pitrufquén, Chile",,,0.73112533071128,260.76085547909395,-71.123,-39.755
"Directions from San Martín de los Andes, Neuquén Province to Pitrufquén, Chile",,,0.73150189411894,264.64343848838917,-71.123,-39.755
"Directions from San Martín de los Andes, Neuquén Province to Pitrufquén, Chile",,,0.73152189411895,263.22027406469573,-71.123,-39.755
"Directions from San Martín de los Andes, Neuquén Province to Pitrufquén, Chile",,,0.73327063652422,258.84719293353578,-71.125,-39.756
"Directions from San Martín de los Andes, Neuquén Province to Pitrufquén, Chile",,,0.73353369545298,264.26376337195597,-71.125,-39.756
"Directions from San Martín de los Andes, Neuquén Province to Pitrufquén, Chile",,,0.73395417137381,271.08639073022425,-71.126,-39.756
"Directions from San Martín de los Andes, Neuquén Province to Pitrufquén, Chile",,,0.73430545473522,277.95131665304365,-71.126,-39.756
"Directions from San Martín de los Andes, Neuquén Province to Pitrufquén, Chile",,,0.73467219715164,283.57774078322495,-71.127,-39.756
"Directions from San Martín de los Andes, Neuquén Province to Pitrufquén, Chile",,,0.73657740055285,287.00601739260645,-71.128,-39.755
"Directions from San Martín de los Andes, Neuquén Province to Pitrufquén, Chile",,,0.73752296916485,290.62265756388604,-71.129,-39.755
"Directions from San Martín de los Andes, Neuquén Province to Pitrufquén, Chile",,,0.73792608205227,294.97513611710832,-71.130,-39.755
"Directions from San Martín de los Andes, Neuquén Province to Pitrufquén, Chile",,,0.73806024613091,299.81786450025999,-71.130,-39.755
"Directions from San Martín de los Andes, Neuquén Province to Pitrufquén, Chile",,,0.73857337379534,306.12216789684237,-71.130,-39.754
"Directions from San Martín de los Andes, Neuquén Province to Pitrufquén, Chile",,,0.73892165529068,312.08682898471437,-71.130,-39.754
"Directions from San Martín de los Andes, Neuquén Province to Pitrufquén, Chile",,,0.73927520868128,316.06934128842880,-71.131,-39.754
"Directions from San Martín de los Andes, Neuquén Province to Pitrufquén, Chile",,,0.74098052390141,317.65250454832596,-71.132,-39.753
"Directions from San Martín de los Andes, Neuquén Province to Pitrufquén, Chile",,,0.74264476547041,317.49520817570777,-71.133,-39.751
"Directions from San Martín de los Andes, Neuquén Province to Pitrufquén, Chile",,,0.74597692693108,313.53022407092487,-71.135,-39.749
"Directions from San Martín de los Andes, Neuquén Province to Pitrufquén, Chile",,,0.74614722079474,308.55312797817191,-71.135,-39.749
"Directions from San Martín de los Andes, Neuquén Province to Pitrufquén, Chile",,,0.74629722079474,304.80256195937164,-71.136,-39.749
"Directions from San Martín de los Andes, Neuquén Province to Pitrufquén, Chile",,,0.74663008713428,299.65013872444581,-71.136,-39.749
"Directions from San Martín de los Andes, Neuquén Province to Pitrufquén, Chile",,,0.74703257937023,294.54280838976013,-71.136,-39.748
"Directions from San Martín de los Andes, Neuquén Province to Pitrufquén, Chile",,,0.74747642619066,296.13272344961393,-71.137,-39.748
"Directions from San Martín de los Andes, Neuquén Province to Pitrufquén, Chile",,,0.74779891650059,302.28468522684528,-71.137,-39.748
"Directions from San Martín de los Andes, Neuquén Province to Pitrufquén, Chile",,,0.74807909501512,307.31503012436264,-71.137,-39.748
"Directions from San Martín de los Andes, Neuquén Province to Pitrufquén, Chile",,,0.74831340250539,315.35585610303485,-71.137,-39.748
"Directions from San Martín de los Andes, Neuquén Province to Pitrufquén, Chile",,,0.74851955778667,323.10549379134488,-71.137,-39.748
"Directions from San Martín de los Andes, Neuquén Province to Pitrufquén, Chile",,,0.74883578555269,326.84867211179466,-71.138,-39.747
"Directions from San Martín de los Andes, Neuquén Province to Pitrufquén, Chile",,,0.74914107230314,329.75295799402630,-71.138,-39.747
"Directions from San Martín de los Andes, Neuquén Province to Pitrufquén, Chile",,,0.75046591191607,323.05670911645183,-71.138,-39.746
"Directions from San Martín de los Andes, Neuquén Province to Pitrufquén, Chile",,,0.75048005405170,322.95235144130095,-71.138,-39.746
"Directions from San Martín de los Andes, Neuquén Province to Pitrufquén, Chile",,,0.75595033740816,328.60731767831112,-71.141,-39.741
"Directions from San Martín de los Andes, Neuquén Province to Pitrufquén, Chile",,,0.75627483702295,322.97269795066831,-71.141,-39.741
"Directions from San Martín de los Andes, Neuquén Province to Pitrufquén, Chile",,,0.75653732511792,318.34043595806281,-71.141,-39.741
"Directions from San Martín de los Andes, Neuquén Province to Pitrufquén, Chile",,,0.75693355737304,311.44153072137874,-71.142,-39.740
"Directions from San Martín de los Andes, Neuquén Province to Pitrufquén, Chile",,,0.75715559340615,308.51178905802743,-71.142,-39.740
"Directions from San Martín de los Andes, Neuquén Province to Pitrufquén, Chile",,,0.75726189486429,305.12026463097607,-71.142,-39.740
"Directions from San Martín de los Andes, Neuquén Province to Pitrufquén, Chile",,,0.75736485116570,301.37233581330401,-71.142,-39.740
"Directions from San Martín de los Andes, Neuquén Province to Pitrufquén, Chile",,,0.75779751731874,301.97325234528660,-71.142,-39.740
"Directions from San Martín de los Andes, Neuquén Province to Pitrufquén, Chile",,,0.75821429063843,299.25883930258692,-71.143,-39.740
"Directions from San Martín de los Andes, Neuquén Province to Pitrufquén, Chile",,,0.76017841894381,302.56556954523217,-71.144,-39.739
"Directions from San Martín de los Andes, Neuquén Province to Pitrufquén, Chile",,,0.76022841894382,303.50564160065153,-71.144,-39.739
"Directions from San Martín de los Andes, Neuquén Province to Pitrufquén, Chile",,,0.76058688791039,304.40059690344395,-71.145,-39.738
"Directions from San Martín de los Andes, Neuquén Province to Pitrufquén, Chile",,,0.76090704412226,312.56430448424163,-71.145,-39.738
"Directions from San Martín de los Andes, Neuquén Province to Pitrufquén, Chile",,,0.76118290640674,321.38936659390879,-71.145,-39.738
"Directions from San Martín de los Andes, Neuquén Province to Pitrufquén, Chile",,,0.76143529499603,327.67308797061418,-71.145,-39.738
"Directions from San Martín de los Andes, Neuquén Province to Pitrufquén, Chile",,,0.76172684259078,332.53687724634995,-71.146,-39.738
"Directions from San Martín de los Andes, Neuquén Province to Pitrufquén, Chile",,,0.76290870552699,337.74073290490605,-71.146,-39.737
"Directions from San Martín de los Andes, Neuquén Province to Pitrufquén, Chile",,,0.76299414556444,337.33440710738665,-71.146,-39.736
"Directions from San Martín de los Andes, Neuquén Province to Pitrufquén, Chile",,,0.76371003661761,333.16913883221650,-71.146,-39.736
"Directions from San Martín de los Andes, Neuquén Province to Pitrufquén, Chile",,,0.76404124652084,327.93898805694403,-71.146,-39.736
"Directions from San Martín de los Andes, Neuquén Province to Pitrufquén, Chile",,,0.76712650177770,322.96736648732184,-71.148,-39.733
"Directions from San Martín de los Andes, Neuquén Province to Pitrufquén, Chile",,,0.76765280967238,319.27805956250933,-71.149,-39.733
"Directions from San Martín de los Andes, Neuquén Province to Pitrufquén, Chile",,,0.76799251542741,315.59931835726769,-71.149,-39.732
"Directions from San Martín de los Andes, Neuquén Province to Pitrufquén, Chile",,,0.78164260700219,317.18631997413161,-71.159,-39.723
"Directions from San Martín de los Andes, Neuquén Province to Pitrufquén, Chile",,,0.78244541457565,322.22913016417203,-71.159,-39.722
"Directions from San Martín de los Andes, Neuquén Province to Pitrufquén, Chile",,,0.78527966932778,325.49653507079682,-71.161,-39.720
"Directions from San Martín de los Andes, Neuquén Province to Pitrufquén, Chile",,,0.78568463846241,328.67493789078532,-71.161,-39.720
"Directions from San Martín de los Andes, Neuquén Province to Pitrufquén, Chile",,,0.78592650619486,332.95701438363011,-71.161,-39.719
"Directions from San Martín de los Andes, Neuquén Province to Pitrufquén, Chile",,,0.78730943786346,333.52422519840587,-71.162,-39.718
"Directions from San Martín de los Andes, Neuquén Province to Pitrufquén, Chile",,,0.78768533678604,333.94548733018468,-71.162,-39.718
"Directions from San Martín de los Andes, Neuquén Province to Pitrufquén, Chile",,,0.78793613551012,331.40568339981644,-71.162,-39.718
"Directions from San Martín de los Andes, Neuquén Province to Pitrufquén, Chile",,,0.78818852409940,324.37067022154361,-71.162,-39.717
"Directions from San Martín de los Andes, Neuquén Province to Pitrufquén, Chile",,,0.78835253629407,320.75851237558828,-71.162,-39.717
"Directions from San Martín de los Andes, Neuquén Province to Pitrufquén, Chile",,,0.78855103062648,317.74139890348101,-71.162,-39.717
"Directions from San Martín de los Andes, Neuquén Province to Pitrufquén, Chile",,,0.78884103062648,314.10867545410025,-71.163,-39.717
"Directions from San Martín de los Andes, Neuquén Province to Pitrufquén, Chile",,,0.78909598160216,310.55478837244652,-71.163,-39.717
"Directions from San Martín de los Andes, Neuquén Province to Pitrufquén, Chile",,,0.79620231680394,309.73432039214430,-71.168,-39.712
"Directions from San Martín de los Andes, Neuquén Province to Pitrufquén, Chile",,,0.79738028114975,309.70121421690754,-71.169,-39.711
"Directions from San Martín de los Andes, Neuquén Province to Pitrufquén, Chile",,,0.80468644293279,306.55363253227904,-71.175,-39.707
"Directions from San Martín de los Andes, Neuquén Province to Pitrufquén, Chile",,,0.80714377888866,301.62091204817466,-71.177,-39.705
"Directions from San Martín de los Andes, Neuquén Province to Pitrufquén, Chile",,,0.80732735448616,301.52391053330291,-71.177,-39.705
"Directions from San Martín de los Andes, Neuquén Province to Pitrufquén, Chile",,,0.80739946551168,300.47269794950125,-71.177,-39.705
"Directions from San Martín de los Andes, Neuquén Province to Pitrufquén, Chile",,,0.80777067973554,294.52836893055115,-71.177,-39.705
"Directions from San Martín de los Andes, Neuquén Province to Pitrufquén, Chile",,,0.80782453138361,294.18323033101302,-71.178,-39.705
"Directions from San Martín de los Andes, Neuquén Province to Pitrufquén, Chile",,,0.80809285954091,293.80128110098752,-71.178,-39.705
"Directions from San Martín de los Andes, Neuquén Province to Pitrufquén, Chile",,,0.80837142730645,285.24991661756167,-71.178,-39.705
"Directions from San Martín de los Andes, Neuquén Province to Pitrufquén, Chile",,,0.80843225493176,283.08078322210991,-71.178,-39.705
"Directions from San Martín de los Andes, Neuquén Province to Pitrufquén, Chile",,,0.80864106106193,284.51916575619782,-71.178,-39.705
"Directions from San Martín de los Andes, Neuquén Province to Pitrufquén, Chile",,,0.80896862784902,280.65585694587901,-71.179,-39.705
"Directions from San Martín de los Andes, Neuquén Province to Pitrufquén, Chile",,,0.80916098168964,277.44662366373456,-71.179,-39.705
"Directions from San Martín de los Andes, Neuquén Province to Pitrufquén, Chile",,,0.81051822153580,277.69147146128944,-71.180,-39.705
"Directions from San Martín de los Andes, Neuquén Province to Pitrufquén, Chile",,,0.81082235966231,282.70385905431027,-71.180,-39.705
"Directions from San Martín de los Andes, Neuquén Province to Pitrufquén, Chile",,,0.81096796186010,277.97269795007736,-71.181,-39.705
"Directions from San Martín de los Andes, Neuquén Province to Pitrufquén, Chile",,,0.81098796186009,279.44304368460229,-71.181,-39.705
"Directions from San Martín de los Andes, Neuquén Province to Pitrufquén, Chile",,,0.81138958357266,290.75297615934511,-71.181,-39.704
"Directions from San Martín de los Andes, Neuquén Province to Pitrufquén, Chile",,,0.81151958357265,294.59245806328187,-71.181,-39.704
"Directions from San Martín de los Andes, Neuquén Province to Pitrufquén, Chile",,,0.81165374765130,299.56955415591455,-71.181,-39.704
"Directions from San Martín de los Andes, Neuquén Province to Pitrufquén, Chile",,,0.81208094783856,307.72648036871010,-71.182,-39.704
"Directions from San Martín de los Andes, Neuquén Province to Pitrufquén, Chile",,,0.81227199757031,314.67385215823333,-71.182,-39.704
"Directions from San Martín de los Andes, Neuquén Province to Pitrufquén, Chile",,,0.81254785985479,320.31557387992467,-71.182,-39.704
"Directions from San Martín de los Andes, Neuquén Province to Pitrufquén, Chile",,,0.81276989588791,327.04688211158799,-71.182,-39.704
"Directions from San Martín de los Andes, Neuquén Province to Pitrufquén, Chile",,,0.81298944087191,332.98446410169265,-71.182,-39.703
"Directions from San Martín de los Andes, Neuquén Province to Pitrufquén, Chile",,,0.81318641802795,338.70796582992352,-71.182,-39.703
"Directions from San Martín de los Andes, Neuquén Province to Pitrufquén, Chile",,,0.81415724241990,340.06395756409950,-71.183,-39.702
"Directions from San Martín de los Andes, Neuquén Province to Pitrufquén, Chile",,,0.81435037449905,335.55175956449546,-71.183,-39.702
"Directions from San Martín de los Andes, Neuquén Province to Pitrufquén, Chile",,,0.81458743989087,330.94423985735438,-71.183,-39.702
"Directions from San Martín de los Andes, Neuquén Province to Pitrufquén, Chile",,,0.81478467072011,326.33227871887186,-71.183,-39.702
"Directions from San Martín de los Andes, Neuquén Province to Pitrufquén, Chile",,,0.81488467072010,320.74828150845599,-71.183,-39.702
"Directions from San Martín de los Andes, Neuquén Province to Pitrufquén, Chile",,,0.81500508666590,313.73015977363059,-71.183,-39.702
"Directions from San Martín de los Andes, Neuquén Province to Pitrufquén, Chile",,,0.81541739722845,306.39196320634903,-71.183,-39.701
"Directions from San Martín de los Andes, Neuquén Province to Pitrufquén, Chile",,,0.81563373030498,301.15026359570987,-71.183,-39.701
"Directions from San Martín de los Andes, Neuquén Province to Pitrufquén, Chile",,,0.81575902994585,295.20593457618384,-71.184,-39.701
"Directions from San Martín de los Andes, Neuquén Province to Pitrufquén, Chile",,,0.81608213983427,288.69711021258530,-71.184,-39.701
"Directions from San Martín de los Andes, Neuquén Province to Pitrufquén, Chile",,,0.81652857011999,283.61812121905365,-71.184,-39.701
"Directions from San Martín de los Andes, Neuquén Province to Pitrufquén, Chile",,,0.81821323625902,282.29074390795404,-71.186,-39.701
"Directions from San Martín de los Andes, Neuquén Province to Pitrufquén, Chile",,,0.81897251222992,288.06832341501695,-71.187,-39.700
"Directions from San Martín de los Andes, Neuquén Province to Pitrufquén, Chile",,,0.81904866996099,290.42435736659098,-71.187,-39.700
"Directions from San Martín de los Andes, Neuquén Province to Pitrufquén, Chile",,,0.81927953788860,290.13499458397740,-71.187,-39.700
"Directions from San Martín de los Andes, Neuquén Province to Pitrufquén, Chile",,,0.81966953788860,296.67767632462187,-71.187,-39.700
"Directions from San Martín de los Andes, Neuquén Province to Pitrufquén, Chile",,,0.82010000275361,302.71532061654216,-71.188,-39.700
"Directions from San Martín de los Andes, Neuquén Province to Pitrufquén, Chile",,,0.82025811663661,306.42619005920750,-71.188,-39.700
"Directions from San Martín de los Andes, Neuquén Province to Pitrufquén, Chile",,,0.82043616157476,311.57861329431267,-71.188,-39.700
"Directions from San Martín de los Andes, Neuquén Province to Pitrufquén, Chile",,,0.82076143069410,316.43120261338254,-71.188,-39.699
"Directions from San Martín de los Andes, Neuquén Province to Pitrufquén, Chile",,,0.82104462673927,322.41926883517158,-71.188,-39.699
"Directions from San Martín de los Andes, Neuquén Province to Pitrufquén, Chile",,,0.82128316394811,330.20554063277802,-71.189,-39.699
"Directions from San Martín de los Andes, Neuquén Province to Pitrufquén, Chile",,,0.82141732802676,335.30064732171991,-71.189,-39.699
"Directions from San Martín de los Andes, Neuquén Province to Pitrufquén, Chile",,,0.82162348330804,331.73813914236291,-71.189,-39.699
"Directions from San Martín de los Andes, Neuquén Province to Pitrufquén, Chile",,,0.82165953882080,333.43494881828718,-71.189,-39.699
"Directions from San Martín de los Andes, Neuquén Province to Pitrufquén, Chile",,,0.82183981638457,338.81393236803029,-71.189,-39.699
"Directions from San Martín de los Andes, Neuquén Province to Pitrufquén, Chile",,,0.82212212826884,335.25142419296878,-71.189,-39.698
"Directions from San Martín de los Andes, Neuquén Province to Pitrufquén, Chile",,,0.82221157098794,346.71747441247879,-71.189,-39.698
"Directions from San Martín de los Andes, Neuquén Province to Pitrufquén, Chile",,,0.82222157098794,346.71747441146107,-71.189,-39.698
"Directions from San Martín de los Andes, Neuquén Province to Pitrufquén, Chile",,,0.82233337438682,327.93317839742565,-71.189,-39.698
"Directions from San Martín de los Andes, Neuquén Province to Pitrufquén, Chile",,,0.82266139877615,316.96393816306562,-71.189,-39.698
"Directions from San Martín de los Andes, Neuquén Province to Pitrufquén, Chile",,,0.82300852987531,309.51563874922681,-71.189,-39.698
"Directions from San Martín de los Andes, Neuquén Province to Pitrufquén, Chile",,,0.82404259950546,309.36036715371966,-71.190,-39.697
"Directions from San Martín de los Andes, Neuquén Province to Pitrufquén, Chile",,,0.82425520242171,313.09296258244200,-71.190,-39.697
"Directions from San Martín de los Andes, Neuquén Province to Pitrufquén, Chile",,,0.82442490804920,319.06505117853681,-71.191,-39.697
"Directions from San Martín de los Andes, Neuquén Province to Pitrufquén, Chile",,,0.82462490804920,325.19743804178182,-71.191,-39.697
"Directions from San Martín de los Andes, Neuquén Province to Pitrufquén, Chile",,,0.82479134121897,330.34986127419717,-71.191,-39.696
"Directions from San Martín de los Andes, Neuquén Province to Pitrufquén, Chile",,,0.82492550529762,330.71478280629094,-71.191,-39.696
"Directions from San Martín de los Andes, Neuquén Province to Pitrufquén, Chile",,,0.82501984510894,334.77983398404740,-71.191,-39.696
"Directions from San Martín de los Andes, Neuquén Province to Pitrufquén, Chile",,,0.82520958176855,343.02047009134975,-71.191,-39.696
"Directions from San Martín de los Andes, Neuquén Province to Pitrufquén, Chile",,,0.82539639718547,347.50678339800936,-71.191,-39.696
"Directions from San Martín de los Andes, Neuquén Province to Pitrufquén, Chile",,,0.82557888006138,346.05136449120130,-71.191,-39.696
"Directions from San Martín de los Andes, Neuquén Province to Pitrufquén, Chile",,,0.82561050283798,346.98520391114107,-71.191,-39.696
"Directions from San Martín de los Andes, Neuquén Province to Pitrufquén, Chile",,,0.82576183029748,350.15529977694672,-71.191,-39.695
"Directions from San Martín de los Andes, Neuquén Province to Pitrufquén, Chile",,,0.82590500850811,353.95262146248689,-71.191,-39.695
"Directions from San Martín de los Andes, Neuquén Province to Pitrufquén, Chile",,,0.82594500850811,355.09034968062832,-71.191,-39.695
"Directions from San Martín de los Andes, Neuquén Province to Pitrufquén, Chile",,,0.82647273950019,355.09034968062832,-71.191,-39.695
"Directions from San Martín de los Andes, Neuquén Province to Pitrufquén, Chile",,,0.82648273950019,355.26883889562043,-71.191,-39.695
"Directions from San Martín de los Andes, Neuquén Province to Pitrufquén, Chile",,,0.82721267100383,349.22146035780941,-71.191,-39.694
"Directions from San Martín de los Andes, Neuquén Province to Pitrufquén, Chile",,,0.82735584921446,349.88757028578954,-71.191,-39.694
"Directions from San Martín de los Andes, Neuquén Province to Pitrufquén, Chile",,,0.82756798124882,350.36350389445789,-71.191,-39.694
"Directions from San Martín de los Andes, Neuquén Province to Pitrufquén, Chile",,,0.82824066245117,343.39460528942232,-71.191,-39.693
"Directions from San Martín de los Andes, Neuquén Province to Pitrufquén, Chile",,,0.82863991174673,331.19721132202767,-71.192,-39.693
"Directions from San Martín de los Andes, Neuquén Province to Pitrufquén, Chile",,,0.82907002801008,320.42975161783698,-71.192,-39.692
"Directions from San Martín de los Andes, Neuquén Province to Pitrufquén, Chile",,,0.82936002801008,313.79155309710904,-71.192,-39.692
"Directions from San Martín de los Andes, Neuquén Province to Pitrufquén, Chile",,,0.82967893238447,307.43799634603778,-71.192,-39.692
"Directions from San Martín de los Andes, Neuquén Province to Pitrufquén, Chile",,,0.82985920994823,305.27998258513946,-71.192,-39.692
"Directions from San Martín de los Andes, Neuquén Province to Pitrufquén, Chile",,,0.83000920994824,304.89647728578558,-71.193,-39.692
"Directions from San Martín de los Andes, Neuquén Province to Pitrufquén, Chile",,,0.83477451161759,304.89647728605695,-71.197,-39.689
"Directions from San Martín de los Andes, Neuquén Province to Pitrufquén, Chile",,,0.83487451161760,304.95305937648334,-71.197,-39.689
"Directions from San Martín de los Andes, Neuquén Province to Pitrufquén, Chile",,,0.84265191478317,301.39055120347302,-71.203,-39.685
"Directions from San Martín de los Andes, Neuquén Province to Pitrufquén, Chile",,,0.84273253736065,301.47572580665161,-71.203,-39.685
"Directions from San Martín de los Andes, Neuquén Province to Pitrufquén, Chile",,,0.84536190990938,304.41723880318244,-71.205,-39.683
"Directions from San Martín de los Andes, Neuquén Province to Pitrufquén, Chile",,,0.84610008333075,306.90371072550010,-71.206,-39.683
"Directions from San Martín de los Andes, Neuquén Province to Pitrufquén, Chile",,,0.85187559196635,307.17956730404745,-71.211,-39.679
"Directions from San Martín de los Andes, Neuquén Province to Pitrufquén, Chile",,,0.85270565220513,304.37683879135028,-71.211,-39.679
"Directions from San Martín de los Andes, Neuquén Province to Pitrufquén, Chile",,,0.85441445295419,301.37378858201339,-71.213,-39.678
"Directions from San Martín de los Andes, Neuquén Province to Pitrufquén, Chile",,,0.85540923936343,299.08757742112880,-71.214,-39.677
"Directions from San Martín de los Andes, Neuquén Province to Pitrufquén, Chile",,,0.85683629927808,297.02592344275587,-71.215,-39.677
"Directions from San Martín de los Andes, Neuquén Province to Pitrufquén, Chile",,,0.86032023383544,292.24258044589112,-71.218,-39.675
"Directions from San Martín de los Andes, Neuquén Province to Pitrufquén, Chile",,,0.86035185661204,292.30767905052494,-71.218,-39.675
"Directions from San Martín de los Andes, Neuquén Province to Pitrufquén, Chile",,,0.87567373965558,294.68949989862546,-71.232,-39.668
"Directions from San Martín de los Andes, Neuquén Province to Pitrufquén, Chile",,,0.87582605511771,298.44432901895004,-71.232,-39.668
"Directions from San Martín de los Andes, Neuquén Province to Pitrufquén, Chile",,,0.87589816614322,298.95890642082435,-71.232,-39.668
"Directions from San Martín de los Andes, Neuquén Province to Pitrufquén, Chile",,,0.87611748326521,295.17834050106200,-71.232,-39.668
"Directions from San Martín de los Andes, Neuquén Province to Pitrufquén, Chile",,,0.88551818536665,299.90950160621742,-71.241,-39.664
"Directions from San Martín de los Andes, Neuquén Province to Pitrufquén, Chile",,,0.88555424087940,297.67302828374420,-71.241,-39.664
"Directions from San Martín de los Andes, Neuquén Province to Pitrufquén, Chile",,,0.88628588286836,289.70033033159876,-71.241,-39.664
"Directions from San Martín de los Andes, Neuquén Province to Pitrufquén, Chile",,,0.88654837096332,285.89045754637351,-71.241,-39.664
"Directions from San Martín de los Andes, Neuquén Province to Pitrufquén, Chile",,,0.88691945046963,281.82072381169456,-71.242,-39.664
"Directions from San Martín de los Andes, Neuquén Province to Pitrufquén, Chile",,,0.88757869245859,277.80710505653434,-71.242,-39.664
"Directions from San Martín de los Andes, Neuquén Province to Pitrufquén, Chile",,,0.88776974219032,274.50483368551494,-71.243,-39.664
"Directions from San Martín de los Andes, Neuquén Province to Pitrufquén, Chile",,,0.89273655203167,273.98520107065247,-71.248,-39.663
"Directions from San Martín de los Andes, Neuquén Province to Pitrufquén, Chile",,,0.89296741995928,272.48487036394056,-71.248,-39.663
"Directions from San Martín de los Andes, Neuquén Province to Pitrufquén, Chile",,,0.89306741995927,271.46326913879318,-71.248,-39.663
"Directions from San Martín de los Andes, Neuquén Province to Pitrufquén, Chile",,,0.90109789317074,274.15792501888046,-71.256,-39.663
"Directions from San Martín de los Andes, Neuquén Province to Pitrufquén, Chile",,,0.90163024643690,278.00448351806244,-71.257,-39.663
"Directions from San Martín de los Andes, Neuquén Province to Pitrufquén, Chile",,,0.90211861105480,282.52021420179295,-71.257,-39.663
"Directions from San Martín de los Andes, Neuquén Province to Pitrufquén, Chile",,,0.90247999727479,287.20193982447063,-71.257,-39.663
"Directions from San Martín de los Andes, Neuquén Province to Pitrufquén, Chile",,,0.90271409127300,293.27407884919182,-71.258,-39.663
"Directions from San Martín de los Andes, Neuquén Province to Pitrufquén, Chile",,,0.90287061603142,297.96140235987423,-71.258,-39.662
"Directions from San Martín de los Andes, Neuquén Province to Pitrufquén, Chile",,,0.90323776722644,301.97502111540183,-71.258,-39.662
"Directions from San Martín de los Andes, Neuquén Province to Pitrufquén, Chile",,,0.90359004552551,307.59679166668860,-71.258,-39.662
"Directions from San Martín de los Andes, Neuquén Province to Pitrufquén, Chile",,,0.90377443641466,312.52781852582552,-71.258,-39.662
"Directions from San Martín de los Andes, Neuquén Province to Pitrufquén, Chile",,,0.90451693220589,315.42576171706952,-71.259,-39.661
"Directions from San Martín de los Andes, Neuquén Province to Pitrufquén, Chile",,,0.90509693220589,314.97652774817402,-71.259,-39.661
"Directions from San Martín de los Andes, Neuquén Province to Pitrufquén, Chile",,,0.90593865662636,311.77138035669060,-71.260,-39.660
"Directions from San Martín de los Andes, Neuquén Province to Pitrufquén, Chile",,,0.90634325519284,308.33830453884701,-71.260,-39.660
"Directions from San Martín de los Andes, Neuquén Province to Pitrufquén, Chile",,,0.90697925833748,301.62738700500336,-71.261,-39.660
"Directions from San Martín de los Andes, Neuquén Province to Pitrufquén, Chile",,,0.90702397969703,300.59460312832596,-71.261,-39.660
"Directions from San Martín de los Andes, Neuquén Province to Pitrufquén, Chile",,,0.90753437170324,302.63741151837536,-71.261,-39.660
"Directions from San Martín de los Andes, Neuquén Province to Pitrufquén, Chile",,,0.90816206589630,297.30657846545785,-71.262,-39.659
"Directions from San Martín de los Andes, Neuquén Province to Pitrufquén, Chile",,,0.90826055447432,296.71918898825896,-71.262,-39.659
"Directions from San Martín de los Andes, Neuquén Province to Pitrufquén, Chile",,,0.90852475137059,297.83199985033707,-71.262,-39.659
"Directions from San Martín de los Andes, Neuquén Province to Pitrufquén, Chile",,,0.90920453074656,294.21856717762569,-71.263,-39.659
"Directions from San Martín de los Andes, Neuquén Province to Pitrufquén, Chile",,,0.90967992531952,291.28608024336239,-71.263,-39.659
"Directions from San Martín de los Andes, Neuquén Province to Pitrufquén, Chile",,,0.91054369612245,288.65698006113689,-71.264,-39.658
"Directions from San Martín de los Andes, Neuquén Province to Pitrufquén, Chile",,,0.91092012672695,285.80584864044431,-71.264,-39.658
"Directions from San Martín de los Andes, Neuquén Province to Pitrufquén, Chile",,,0.91115782401343,290.59296257438837,-71.265,-39.658
"Directions from San Martín de los Andes, Neuquén Province to Pitrufquén, Chile",,,0.91118018469321,290.65430699891340,-71.265,-39.658
"Directions from San Martín de los Andes, Neuquén Province to Pitrufquén, Chile",,,0.91176959117434,283.50416828176469,-71.265,-39.658
"Directions from San Martín de los Andes, Neuquén Province to Pitrufquén, Chile",,,0.91200496322026,281.09550961664797,-71.265,-39.658
"Directions from San Martín de los Andes, Neuquén Province to Pitrufquén, Chile",,,0.91281712084042,278.66657881759141,-71.266,-39.658
"Directions from San Martín de los Andes, Neuquén Province to Pitrufquén, Chile",,,0.91382553543771,278.07653719557004,-71.267,-39.658
"Directions from San Martín de los Andes, Neuquén Province to Pitrufquén, Chile",,,0.91474624168835,276.97029558591322,-71.268,-39.657
"Directions from San Martín de los Andes, Neuquén Province to Pitrufquén, Chile",,,0.91485669529853,276.61083320973438,-71.268,-39.657
"Directions from San Martín de los Andes, Neuquén Province to Pitrufquén, Chile",,,0.91800756819346,279.59605884389924,-71.271,-39.657
"Directions from San Martín de los Andes, Neuquén Province to Pitrufquén, Chile",,,0.91878222940973,284.52178838692731,-71.272,-39.657
"Directions from San Martín de los Andes, Neuquén Province to Pitrufquén, Chile",,,0.91910795935923,289.84005304128652,-71.272,-39.657
"Directions from San Martín de los Andes, Neuquén Province to Pitrufquén, Chile",,,0.91943106924767,293.21248713649118,-71.273,-39.657
"Directions from San Martín de los Andes, Neuquén Province to Pitrufquén, Chile",,,0.91969507682331,298.31447399655912,-71.273,-39.657
"Directions from San Martín de los Andes, Neuquén Province to Pitrufquén, Chile",,,0.91978941663462,300.03893507126469,-71.273,-39.656
"Directions from San Martín de los Andes, Neuquén Province to Pitrufquén, Chile",,,0.91995941663463,300.88127723093197,-71.273,-39.656
"Directions from San Martín de los Andes, Neuquén Province to Pitrufquén, Chile",,,0.92024786073667,306.17493788884627,-71.273,-39.656
"Directions from San Martín de los Andes, Neuquén Province to Pitrufquén, Chile",,,0.92031189197905,305.33259573100872,-71.273,-39.656
"Directions from San Martín de los Andes, Neuquén Province to Pitrufquén, Chile",,,0.92040623179036,305.33259573100872,-71.274,-39.656
"Directions from San Martín de los Andes, Neuquén Province to Pitrufquén, Chile",,,0.92053429427511,311.43749182498391,-71.274,-39.656
"Directions from San Martín de los Andes, Neuquén Province to Pitrufquén, Chile",,,0.92105053065507,318.35551651862352,-71.274,-39.656
"Directions from San Martín de los Andes, Neuquén Province to Pitrufquén, Chile",,,0.92159256386439,324.06260135699239,-71.274,-39.655
"Directions from San Martín de los Andes, Neuquén Province to Pitrufquén, Chile",,,0.92416100697258,320.31467254238947,-71.276,-39.653
"Directions from San Martín de los Andes, Neuquén Province to Pitrufquén, Chile",,,0.92418929124382,320.21873768071617,-71.276,-39.653
"Directions from San Martín de los Andes, Neuquén Province to Pitrufquén, Chile",,,0.92473573428752,297.71873767562727,-71.276,-39.653
"Directions from San Martín de los Andes, Neuquén Province to Pitrufquén, Chile",,,0.92474573428752,298.36255600794379,-71.276,-39.653
"Directions from San Martín de los Andes, Neuquén Province to Pitrufquén, Chile",,,0.92512848747170,325.84445810284330,-71.276,-39.652
"Directions from San Martín de los Andes, Neuquén Province to Pitrufquén, Chile",,,0.92725357570516,325.96996831710851,-71.278,-39.651
"Directions from San Martín de los Andes, Neuquén Province to Pitrufquén, Chile",,,0.92773065012283,326.08813272582199,-71.278,-39.650
"Directions from San Martín de los Andes, Neuquén Province to Pitrufquén, Chile",,,0.93188336008140,320.10006650022035,-71.280,-39.647
"Directions from San Martín de los Andes, Neuquén Province to Pitrufquén, Chile",,,0.93192578648828,317.26888625068307,-71.280,-39.647
"Directions from San Martín de los Andes, Neuquén Province to Pitrufquén, Chile",,,0.93237266454770,317.26888625407560,-71.281,-39.646
"Directions from San Martín de los Andes, Neuquén Province to Pitrufquén, Chile",,,0.93264136512456,313.31676966772358,-71.281,-39.646
"Directions from San Martín de los Andes, Neuquén Province to Pitrufquén, Chile",,,0.93276178107035,310.02579734061004,-71.281,-39.646
"Directions from San Martín de los Andes, Neuquén Province to Pitrufquén, Chile",,,0.93313191618081,306.46328916655870,-71.281,-39.646
"Directions from San Martín de los Andes, Neuquén Province to Pitrufquén, Chile",,,0.93352024593759,309.75426149367223,-71.281,-39.646
"Directions from San Martín de los Andes, Neuquén Province to Pitrufquén, Chile",,,0.93353438807322,306.77569593632387,-71.281,-39.646
"Directions from San Martín de los Andes, Neuquén Province to Pitrufquén, Chile",,,0.93430853276254,297.60533972212147,-71.282,-39.645
"Directions from San Martín de los Andes, Neuquén Province to Pitrufquén, Chile",,,0.93702759510092,297.46857929567830,-71.285,-39.644
"Directions from San Martín de los Andes, Neuquén Province to Pitrufquén, Chile",,,0.94211468660785,297.97461359833653,-71.289,-39.642
"Directions from San Martín de los Andes, Neuquén Province to Pitrufquén, Chile",,,0.95068489664029,298.09723739169107,-71.297,-39.638
"Directions from San Martín de los Andes, Neuquén Province to Pitrufquén, Chile",,,0.95225553345381,297.88922349057015,-71.298,-39.637
"Directions from San Martín de los Andes, Neuquén Province to Pitrufquén, Chile",,,0.95374039034928,297.88922349063199,-71.299,-39.636
"Directions from San Martín de los Andes, Neuquén Province to Pitrufquén, Chile",,,0.95478748155829,298.01756061522877,-71.300,-39.636
"Directions from San Martín de los Andes, Neuquén Province to Pitrufquén, Chile",,,0.95857589811406,292.97347572135709,-71.304,-39.634
"Directions from San Martín de los Andes, Neuquén Province to Pitrufquén, Chile",,,0.95860752089065,293.08407313889182,-71.304,-39.634
"Directions from San Martín de los Andes, Neuquén Province to Pitrufquén, Chile",,,0.96387231908242,299.67034985224132,-71.308,-39.632
"Directions from San Martín de los Andes, Neuquén Province to Pitrufquén, Chile",,,0.96402496245764,299.34552655485510,-71.308,-39.632
"Directions from San Martín de los Andes, Neuquén Province to Pitrufquén, Chile",,,0.96501334497470,297.82907792716219,-71.309,-39.631
"Directions from San Martín de los Andes, Neuquén Province to Pitrufquén, Chile",,,0.96628868806579,298.00828195433729,-71.310,-39.630
"Directions from San Martín de los Andes, Neuquén Province to Pitrufquén, Chile",,,0.97943830783215,298.59342010772627,-71.322,-39.624
"Directions from San Martín de los Andes, Neuquén Province to Pitrufquén, Chile",,,0.98016391102950,301.35714260018381,-71.323,-39.624
"Directions from San Martín de los Andes, Neuquén Province to Pitrufquén, Chile",,,0.98192799719520,301.43415287115386,-71.324,-39.623
"Directions from San Martín de los Andes, Neuquén Province to Pitrufquén, Chile",,,0.98238940807500,297.17142831006771,-71.325,-39.623
"Directions from San Martín de los Andes, Neuquén Province to Pitrufquén, Chile",,,0.98263106899447,292.84723014381115,-71.325,-39.623
"Directions from San Martín de los Andes, Neuquén Province to Pitrufquén, Chile",,,0.98301733315279,289.52835964921195,-71.325,-39.623
"Directions from San Martín de los Andes, Neuquén Province to Pitrufquén, Chile",,,0.98762821159404,285.92122862999059,-71.330,-39.621
"Directions from San Martín de los Andes, Neuquén Province to Pitrufquén, Chile",,,0.98771067370655,285.66610001950750,-71.330,-39.621
"Directions from San Martín de los Andes, Neuquén Province to Pitrufquén, Chile",,,0.99359683544405,288.36799569966672,-71.335,-39.619
"Directions from San Martín de los Andes, Neuquén Province to Pitrufquén, Chile",,,0.99720238671952,290.14724643417367,-71.339,-39.618
"Directions from San Martín de los Andes, Neuquén Province to Pitrufquén, Chile",,,0.99765183082060,292.02652427640732,-71.339,-39.618
"Directions from San Martín de los Andes, Neuquén Province to Pitrufquén, Chile",,,0.99788030401378,292.22156198848199,-71.339,-39.618
"Directions from San Martín de los Andes, Neuquén Province to Pitrufquén, Chile",,,1.00284788894007,295.14956878147240,-71.344,-39.616
"Directions from San Martín de los Andes, Neuquén Province to Pitrufquén, Chile",,,1.00315675784430,300.66512420672603,-71.344,-39.616
"Directions from San Martín de los Andes, Neuquén Province to Pitrufquén, Chile",,,1.00405564604647,300.01709245781382,-71.345,-39.616
"Directions from San Martín de los Andes, Neuquén Province to Pitrufquén, Chile",,,1.00534390067969,296.78976628740884,-71.346,-39.615
"Directions from San Martín de los Andes, Neuquén Province to Pitrufquén, Chile",,,1.00568828418684,292.73740801618533,-71.346,-39.615
"Directions from San Martín de los Andes, Neuquén Province to Pitrufquén, Chile",,,1.00583694487432,296.67194579376655,-71.347,-39.615
"Directions from San Martín de los Andes, Neuquén Province to Pitrufquén, Chile",,,1.00587300038707,298.55938016953775,-71.347,-39.615
"Directions from San Martín de los Andes, Neuquén Province to Pitrufquén, Chile",,,1.00619995604155,296.86995301817564,-71.347,-39.615
"Directions from San Martín de los Andes, Neuquén Province to Pitrufquén, Chile",,,1.00695288366092,298.43813220173257,-71.348,-39.614
"Directions from San Martín de los Andes, Neuquén Province to Pitrufquén, Chile",,,1.00757898269461,305.78252558853899,-71.348,-39.614
"Directions from San Martín de los Andes, Neuquén Province to Pitrufquén, Chile",,,1.00759312483024,303.91682708838403,-71.348,-39.614
"Directions from San Martín de los Andes, Neuquén Province to Pitrufquén, Chile",,,1.00779928011153,303.91682708838403,-71.348,-39.614
"Directions from San Martín de los Andes, Neuquén Province to Pitrufquén, Chile",,,1.00781342224715,303.40070474317594,-71.348,-39.614
"Directions from San Martín de los Andes, Neuquén Province to Pitrufquén, Chile",,,1.00802882883943,292.93352053337935,-71.348,-39.614
"Directions from San Martín de los Andes, Neuquén Province to Pitrufquén, Chile",,,1.00915688025670,295.61530831896425,-71.350,-39.613
"Directions from San Martín de los Andes, Neuquén Province to Pitrufquén, Chile",,,1.01001110505147,296.09093926774887,-71.350,-39.613
"Directions from San Martín de los Andes, Neuquén Province to Pitrufquén, Chile",,,1.01100428177290,295.79097232752707,-71.351,-39.612
"Directions from San Martín de los Andes, Neuquén Province to Pitrufquén, Chile",,,1.01151857740773,295.43480022168330,-71.352,-39.612
"Directions from San Martín de los Andes, Neuquén Province to Pitrufquén, Chile",,,1.01185872443477,291.57149141212705,-71.352,-39.612
"Directions from San Martín de los Andes, Neuquén Province to Pitrufquén, Chile",,,1.01275683355954,286.68644431933137,-71.353,-39.612
"Directions from San Martín de los Andes, Neuquén Province to Pitrufquén, Chile",,,1.01303576007316,287.54525014902498,-71.353,-39.612
"Directions from San Martín de los Andes, Neuquén Province to Pitrufquén, Chile",,,1.01312120011061,287.90558196083157,-71.353,-39.612
"Directions from San Martín de los Andes, Neuquén Province to Pitrufquén, Chile",,,1.01334923519563,300.12755934197747,-71.353,-39.612
"Directions from San Martín de los Andes, Neuquén Province to Pitrufquén, Chile",,,1.01336337733125,303.40070473387550,-71.353,-39.612
"Directions from San Martín de los Andes, Neuquén Province to Pitrufquén, Chile",,,1.01357878392353,290.11817915449654,-71.354,-39.612
"Directions from San Martín de los Andes, Neuquén Province to Pitrufquén, Chile",,,1.01370527502995,291.36974904358749,-71.354,-39.612
"Directions from San Martín de los Andes, Neuquén Province to Pitrufquén, Chile",,,1.01404542205698,297.28049321427608,-71.354,-39.611
"Directions from San Martín de los Andes, Neuquén Province to Pitrufquén, Chile",,,1.01418434649687,303.56316740568229,-71.354,-39.611
"Directions from San Martín de los Andes, Neuquén Province to Pitrufquén, Chile",,,1.01423434649687,301.71747441308946,-71.354,-39.611
"Directions from San Martín de los Andes, Neuquén Province to Pitrufquén, Chile",,,1.01432378921597,300.77853568754506,-71.354,-39.611
"Directions from San Martín de los Andes, Neuquén Province to Pitrufquén, Chile",,,1.01444585477213,309.99601009900613,-71.354,-39.611
"Directions from San Martín de los Andes, Neuquén Province to Pitrufquén, Chile",,,1.01445999690775,307.62821858102637,-71.354,-39.611
"Directions from San Martín de los Andes, Neuquén Province to Pitrufquén, Chile",,,1.01473784578754,296.94290744688868,-71.355,-39.611
"Directions from San Martín de los Andes, Neuquén Province to Pitrufquén, Chile",,,1.01491248827951,292.14414389767887,-71.355,-39.611
"Directions from San Martín de los Andes, Neuquén Province to Pitrufquén, Chile",,,1.01556440852002,289.85830728697698,-71.355,-39.611
"Directions from San Martín de los Andes, Neuquén Province to Pitrufquén, Chile",,,1.01614630198107,290.65336408383854,-71.356,-39.611
"Directions from San Martín de los Andes, Neuquén Province to Pitrufquén, Chile",,,1.01662169655402,294.18582258812773,-71.356,-39.610
"Directions from San Martín de los Andes, Neuquén Province to Pitrufquén, Chile",,,1.01778001429972,294.11603493115467,-71.357,-39.610
"Directions from San Martín de los Andes, Neuquén Province to Pitrufquén, Chile",,,1.01847081094129,291.27113851173436,-71.358,-39.610
"Directions from San Martín de los Andes, Neuquén Province to Pitrufquén, Chile",,,1.01901505353425,288.31101746823015,-71.359,-39.609
"Directions from San Martín de los Andes, Neuquén Province to Pitrufquén, Chile",,,1.01933785378210,287.64134912855127,-71.359,-39.609
"Directions from San Martín de los Andes, Neuquén Province to Pitrufquén, Chile",,,1.01961299011194,291.44971775960869,-71.359,-39.609
"Directions from San Martín de los Andes, Neuquén Province to Pitrufquén, Chile",,,1.01998460819546,288.92109349082682,-71.359,-39.609
"Directions from San Martín de los Andes, Neuquén Province to Pitrufquén, Chile",,,1.02002583925171,288.32805420570912,-71.360,-39.609
"Directions from San Martín de los Andes, Neuquén Province to Pitrufquén, Chile",,,1.02028583925171,290.63470185120065,-71.360,-39.609
"Directions from San Martín de los Andes, Neuquén Province to Pitrufquén, Chile",,,1.02113017330883,290.14021279541305,-71.361,-39.609
"Directions from San Martín de los Andes, Neuquén Province to Pitrufquén, Chile",,,1.02175411240842,290.93875345613515,-71.361,-39.608
"Directions from San Martín de los Andes, Neuquén Province to Pitrufquén, Chile",,,1.02305445851619,288.74403973747286,-71.362,-39.608
"Directions from San Martín de los Andes, Neuquén Province to Pitrufquén, Chile",,,1.02335810304520,288.54833688424014,-71.363,-39.608
"Directions from San Martín de los Andes, Neuquén Province to Pitrufquén, Chile",,,1.02374085622938,291.90885167179653,-71.363,-39.608
"Directions from San Martín de los Andes, Neuquén Province to Pitrufquén, Chile",,,1.02472574200956,304.48124447706937,-71.364,-39.607
"Directions from San Martín de los Andes, Neuquén Province to Pitrufquén, Chile",,,1.02473988414519,304.39538692280547,-71.364,-39.607
"Directions from San Martín de los Andes, Neuquén Province to Pitrufquén, Chile",,,1.02677261629674,295.52305112031439,-71.366,-39.607
"Directions from San Martín de los Andes, Neuquén Province to Pitrufquén, Chile",,,1.02751504474449,296.47451401704569,-71.366,-39.606
"Directions from San Martín de los Andes, Neuquén Province to Pitrufquén, Chile",,,1.02869135252733,294.08656702814204,-71.367,-39.606
"Directions from San Martín de los Andes, Neuquén Province to Pitrufquén, Chile",,,1.02900519962385,288.77396127794907,-71.368,-39.606
"Directions from San Martín de los Andes, Neuquén Province to Pitrufquén, Chile",,,1.02927445786422,286.44368853690054,-71.368,-39.606
"Directions from San Martín de los Andes, Neuquén Province to Pitrufquén, Chile",,,1.02986267551101,289.55812148193655,-71.369,-39.605
"Directions from San Martín de los Andes, Neuquén Province to Pitrufquén, Chile",,,1.03049592111897,325.64867702455751,-71.369,-39.605
"Directions from San Martín de los Andes, Neuquén Province to Pitrufquén, Chile",,,1.03050592111898,326.54256683626522,-71.369,-39.605
"Directions from San Martín de los Andes, Neuquén Province to Pitrufquén, Chile",,,1.03183211869098,290.96914621850465,-71.370,-39.605
"Directions from San Martín de los Andes, Neuquén Province to Pitrufquén, Chile",,,1.03356509301277,292.70910497077836,-71.372,-39.604
"Directions from San Martín de los Andes, Neuquén Province to Pitrufquén, Chile",,,1.03363217505211,294.40703741721728,-71.372,-39.604
"Directions from San Martín de los Andes, Neuquén Province to Pitrufquén, Chile",,,1.03434526691154,293.73647352728125,-71.373,-39.604
"Directions from San Martín de los Andes, Neuquén Province to Pitrufquén, Chile",,,1.03568280195781,289.63008343296536,-71.374,-39.603
"Directions from San Martín de los Andes, Neuquén Province to Pitrufquén, Chile",,,1.03593018829535,279.61533618739554,-71.374,-39.603
"Directions from San Martín de los Andes, Neuquén Province to Pitrufquén, Chile",,,1.03604064190552,271.17782053258458,-71.374,-39.603
"Directions from San Martín de los Andes, Neuquén Province to Pitrufquén, Chile",,,1.03725212859550,268.58060607955139,-71.376,-39.603
"Directions from San Martín de los Andes, Neuquén Province to Pitrufquén, Chile",,,1.03747212859550,267.95719161011590,-71.376,-39.603
"Directions from San Martín de los Andes, Neuquén Province to Pitrufquén, Chile",,,1.03775284197245,263.74370709953945,-71.376,-39.603
"Directions from San Martín de los Andes, Neuquén Province to Pitrufquén, Chile",,,1.03802578885373,259.73913695052039,-71.376,-39.603
"Directions from San Martín de los Andes, Neuquén Province to Pitrufquén, Chile",,,1.03816896706437,241.45262146109681,-71.376,-39.603
"Directions from San Martín de los Andes, Neuquén Province to Pitrufquén, Chile",,,1.03818310920000,239.52730204915449,-71.376,-39.603
"Directions from San Martín de los Andes, Neuquén Province to Pitrufquén, Chile",,,1.03825591029888,250.78758485067527,-71.377,-39.603
"Directions from San Martín de los Andes, Neuquén Province to Pitrufquén, Chile",,,1.03888360449194,246.72592115064211,-71.377,-39.603
"Directions from San Martín de los Andes, Neuquén Province to Pitrufquén, Chile",,,1.04052643741102,247.70957655508599,-71.379,-39.604
"Directions from San Martín de los Andes, Neuquén Province to Pitrufquén, Chile",,,1.04358004183858,250.09891509612839,-71.381,-39.605
"Directions from San Martín de los Andes, Neuquén Province to Pitrufquén, Chile",,,1.04421573044158,249.93739524828439,-71.382,-39.605
"Directions from San Martín de los Andes, Neuquén Province to Pitrufquén, Chile",,,1.04685855090465,250.55218239021227,-71.385,-39.606
"Directions from San Martín de los Andes, Neuquén Province to Pitrufquén, Chile",,,1.04782622853693,253.51843691243764,-71.385,-39.607
"Directions from San Martín de los Andes, Neuquén Province to Pitrufquén, Chile",,,1.04910938869840,260.57607976585126,-71.387,-39.607
"Directions from San Martín de los Andes, Neuquén Province to Pitrufquén, Chile",,,1.04940007753547,267.40472475210191,-71.387,-39.607
"Directions from San Martín de los Andes, Neuquén Province to Pitrufquén, Chile",,,1.05170062094954,270.03326175789965,-71.389,-39.607
"Directions from San Martín de los Andes, Neuquén Province to Pitrufquén, Chile",,,1.05301096441597,269.92154353439099,-71.391,-39.607
"Directions from San Martín de los Andes, Neuquén Province to Pitrufquén, Chile",,,1.05340109260003,267.06624696554229,-71.391,-39.607
"Directions from San Martín de los Andes, Neuquén Province to Pitrufquén, Chile",,,1.05405301284056,263.06948621816645,-71.392,-39.607
"Directions from San Martín de los Andes, Neuquén Province to Pitrufquén, Chile",,,1.05453963384298,258.25071716204820,-71.392,-39.607
"Directions from San Martín de los Andes, Neuquén Province to Pitrufquén, Chile",,,1.05486948229303,259.18455658195148,-71.392,-39.607
"Directions from San Martín de los Andes, Neuquén Province to Pitrufquén, Chile",,,1.05502080975252,266.20267831561540,-71.393,-39.607
"Directions from San Martín de los Andes, Neuquén Province to Pitrufquén, Chile",,,1.05513080975253,274.73116110423291,-71.393,-39.607
"Directions from San Martín de los Andes, Neuquén Province to Pitrufquén, Chile",,,1.05543494787904,274.28357424898826,-71.393,-39.607
"Directions from San Martín de los Andes, Neuquén Province to Pitrufquén, Chile",,,1.05607502599928,268.08457642158481,-71.394,-39.607
"Directions from San Martín de los Andes, Neuquén Province to Pitrufquén, Chile",,,1.05646553848307,265.27226240109940,-71.394,-39.607
"Directions from San Martín de los Andes, Neuquén Province to Pitrufquén, Chile",,,1.05681781678214,261.40115778712027,-71.394,-39.607
"Directions from San Martín de los Andes, Neuquén Province to Pitrufquén, Chile",,,1.05984015031768,260.37648772298002,-71.397,-39.608
"Directions from San Martín de los Andes, Neuquén Province to Pitrufquén, Chile",,,1.06057839147069,262.02240748443569,-71.398,-39.608
"Directions from San Martín de los Andes, Neuquén Province to Pitrufquén, Chile",,,1.06330098214870,263.23713722434019,-71.401,-39.608
"Directions from San Martín de los Andes, Neuquén Province to Pitrufquén, Chile",,,1.06582546229320,265.02312138302415,-71.403,-39.609
"Directions from San Martín de los Andes, Neuquén Province to Pitrufquén, Chile",,,1.06612612822078,268.09296258298991,-71.404,-39.609
"Directions from San Martín de los Andes, Neuquén Province to Pitrufquén, Chile",,,1.06625612822078,273.79732168420691,-71.404,-39.609
"Directions from San Martín de los Andes, Neuquén Province to Pitrufquén, Chile",,,1.06655878313978,281.99209185161317,-71.404,-39.609
"Directions from San Martín de los Andes, Neuquén Province to Pitrufquén, Chile",,,1.06673598359125,291.47729575594542,-71.404,-39.609
"Directions from San Martín de los Andes, Neuquén Province to Pitrufquén, Chile",,,1.06684778699013,283.28252558853899,-71.404,-39.608
"Directions from San Martín de los Andes, Neuquén Province to Pitrufquén, Chile",,,1.06685778699013,285.12821858239744,-71.404,-39.608
"Directions from San Martín de los Andes, Neuquén Province to Pitrufquén, Chile",,,1.06699671143002,304.45812270844954,-71.404,-39.608
"Directions from San Martín de los Andes, Neuquén Province to Pitrufquén, Chile",,,1.06706074267239,305.56550027087769,-71.404,-39.608
"Directions from San Martín de los Andes, Neuquén Province to Pitrufquén, Chile",,,1.06719112672050,308.73559614482559,-71.405,-39.608
"Directions from San Martín de los Andes, Neuquén Province to Pitrufquén, Chile",,,1.06737497448361,319.84439328050109,-71.405,-39.608
"Directions from San Martín de los Andes, Neuquén Province to Pitrufquén, Chile",,,1.06796319213040,322.56455929543199,-71.405,-39.608
"Directions from San Martín de los Andes, Neuquén Province to Pitrufquén, Chile",,,1.06826152080821,317.72016601577906,-71.405,-39.607
"Directions from San Martín de los Andes, Neuquén Province to Pitrufquén, Chile",,,1.06843122643569,312.23622992543977,-71.405,-39.607
"Directions from San Martín de los Andes, Neuquén Province to Pitrufquén, Chile",,,1.06865145359114,303.01875550498841,-71.406,-39.607
"Directions from San Martín de los Andes, Neuquén Province to Pitrufquén, Chile",,,1.06867381427092,300.31638450753258,-71.406,-39.607
"Directions from San Martín de los Andes, Neuquén Province to Pitrufquén, Chile",,,1.07161933629596,296.25133333249011,-71.408,-39.606
"Directions from San Martín de los Andes, Neuquén Province to Pitrufquén, Chile",,,1.07165095907257,297.29284516999206,-71.408,-39.606
"Directions from San Martín de los Andes, Neuquén Province to Pitrufquén, Chile",,,1.07404114734967,308.66833334821314,-71.410,-39.604
"Directions from San Martín de los Andes, Neuquén Province to Pitrufquén, Chile",,,1.07425375026593,308.08897268258147,-71.410,-39.604
"Directions from San Martín de los Andes, Neuquén Province to Pitrufquén, Chile",,,1.07437581582209,309.99601010070239,-71.410,-39.604
"Directions from San Martín de los Andes, Neuquén Province to Pitrufquén, Chile",,,1.07446066863582,310.93494882421123,-71.410,-39.604
"Directions from San Martín de los Andes, Neuquén Province to Pitrufquén, Chile",,,1.07466066863583,309.65306371682311,-71.410,-39.604
"Directions from San Martín de los Andes, Neuquén Province to Pitrufquén, Chile",,,1.07560914109193,309.65306371885868,-71.411,-39.603
"Directions from San Martín de los Andes, Neuquén Province to Pitrufquén, Chile",,,1.07565914109193,310.93494881946157,-71.411,-39.603
"Directions from San Martín de los Andes, Neuquén Province to Pitrufquén, Chile",,,1.07568742536318,309.71949464930157,-71.411,-39.603
"Directions from San Martín de los Andes, Neuquén Province to Pitrufquén, Chile",,,1.07611180726666,306.11646615371473,-71.412,-39.603
"Directions from San Martín de los Andes, Neuquén Province to Pitrufquén, Chile",,,1.07673188790658,309.81847145660902,-71.412,-39.602
"Directions from San Martín de los Andes, Neuquén Province to Pitrufquén, Chile",,,1.07968500490392,312.72290944341876,-71.414,-39.600
"Directions from San Martín de los Andes, Neuquén Province to Pitrufquén, Chile",,,1.08026500490392,312.44376493361096,-71.415,-39.600
"Directions from San Martín de los Andes, Neuquén Province to Pitrufquén, Chile",,,1.08135624273317,312.03252767100270,-71.415,-39.599
"Directions from San Martín de los Andes, Neuquén Province to Pitrufquén, Chile",,,1.08226909540475,313.62735492002616,-71.416,-39.599
"Directions from San Martín de los Andes, Neuquén Province to Pitrufquén, Chile",,,1.08303987423165,313.17611746534868,-71.417,-39.598
"Directions from San Martín de los Andes, Neuquén Province to Pitrufquén, Chile",,,1.08342936107354,307.78396853340394,-71.417,-39.598
"Directions from San Martín de los Andes, Neuquén Province to Pitrufquén, Chile",,,1.08346541658629,306.65037788481317,-71.417,-39.598
"Directions from San Martín de los Andes, Neuquén Province to Pitrufquén, Chile",,,1.08384184719078,308.67548209708247,-71.417,-39.598
"Directions from San Martín de los Andes, Neuquén Province to Pitrufquén, Chile",,,1.08608010544220,304.23788182780970,-71.419,-39.596
"Directions from San Martín de los Andes, Neuquén Province to Pitrufquén, Chile",,,1.08780196490220,301.82036531235457,-71.421,-39.595
"Directions from San Martín de los Andes, Neuquén Province to Pitrufquén, Chile",,,1.08861190317145,304.33767833954317,-71.421,-39.595
"Directions from San Martín de los Andes, Neuquén Province to Pitrufquén, Chile",,,1.08975811432128,304.61171160550788,-71.422,-39.594
"Directions from San Martín de los Andes, Neuquén Province to Pitrufquén, Chile",,,1.09042930728906,300.60592502720226,-71.423,-39.594
"Directions from San Martín de los Andes, Neuquén Province to Pitrufquén, Chile",,,1.09064401639460,299.14412324984471,-71.423,-39.594
"Directions from San Martín de los Andes, Neuquén Province to Pitrufquén, Chile",,,1.09154955490842,301.57062137326403,-71.424,-39.593
"Directions from San Martín de los Andes, Neuquén Province to Pitrufquén, Chile",,,1.09405447007664,308.80576844364253,-71.426,-39.592
"Directions from San Martín de los Andes, Neuquén Province to Pitrufquén, Chile",,,1.09406861221226,309.19425680836366,-71.426,-39.592
"Directions from San Martín de los Andes, Neuquén Province to Pitrufquén, Chile",,,1.09617650215247,302.62182297917326,-71.428,-39.591
"Directions from San Martín de los Andes, Neuquén Province to Pitrufquén, Chile",,,1.09738914389676,302.49370024240767,-71.429,-39.590
"Directions from San Martín de los Andes, Neuquén Province to Pitrufquén, Chile",,,1.09938338560729,301.69435263363999,-71.430,-39.589
"Directions from San Martín de los Andes, Neuquén Province to Pitrufquén, Chile",,,1.09952231004718,301.97325234538732,-71.430,-39.589
"Directions from San Martín de los Andes, Neuquén Province to Pitrufquén, Chile",,,1.09966653209819,298.44432901928752,-71.431,-39.589
"Directions from San Martín de los Andes, Neuquén Province to Pitrufquén, Chile",,,1.09981884756031,294.88182084483668,-71.431,-39.589
"Directions from San Martín de los Andes, Neuquén Province to Pitrufquén, Chile",,,1.10017661843671,294.18323033101302,-71.431,-39.589
"Directions from San Martín de los Andes, Neuquén Province to Pitrufquén, Chile",,,1.10023047008478,280.90070474247403,-71.431,-39.589
"Directions from San Martín de los Andes, Neuquén Province to Pitrufquén, Chile",,,1.10034047008479,260.78252558752121,-71.431,-39.589
"Directions from San Martín de los Andes, Neuquén Province to Pitrufquén, Chile",,,1.10040371563799,260.78252558752121,-71.431,-39.589
"Directions from San Martín de los Andes, Neuquén Province to Pitrufquén, Chile",,,1.10041371563799,259.09929525752602,-71.431,-39.589
"Directions from San Martín de los Andes, Neuquén Province to Pitrufquén, Chile",,,1.10046756728606,241.08560856453403,-71.431,-39.589
"Directions from San Martín de los Andes, Neuquén Province to Pitrufquén, Chile",,,1.10060358199114,238.70378771846913,-71.431,-39.589
"Directions from San Martín de los Andes, Neuquén Province to Pitrufquén, Chile",,,1.10062594267092,239.52730204992267,-71.431,-39.589
"Directions from San Martín de los Andes, Neuquén Province to Pitrufquén, Chile",,,1.10085615995959,238.40443076658440,-71.432,-39.589
"Directions from San Martín de los Andes, Neuquén Province to Pitrufquén, Chile",,,1.10108441420379,248.57648139415949,-71.432,-39.589
"Directions from San Martín de los Andes, Neuquén Province to Pitrufquén, Chile",,,1.10116687631630,259.41937009189905,-71.432,-39.589
"Directions from San Martín de los Andes, Neuquén Province to Pitrufquén, Chile",,,1.10132812147128,268.63684450304072,-71.432,-39.589
"Directions from San Martín de los Andes, Neuquén Province to Pitrufquén, Chile",,,1.10171927361558,270.83619718073192,-71.432,-39.589
"Directions from San Martín de los Andes, Neuquén Province to Pitrufquén, Chile",,,1.10192951157599,265.87307442762045,-71.433,-39.589
"Directions from San Martín de los Andes, Neuquén Province to Pitrufquén, Chile",,,1.10224095980606,260.21810818976167,-71.433,-39.589
"Directions from San Martín de los Andes, Neuquén Province to Pitrufquén, Chile",,,1.10252957719984,254.15681615557685,-71.433,-39.589
"Directions from San Martín de los Andes, Neuquén Province to Pitrufquén, Chile",,,1.10276044512745,256.73460831512654,-71.433,-39.589
"Directions from San Martín de los Andes, Neuquén Province to Pitrufquén, Chile",,,1.10308432782227,264.01264139558572,-71.434,-39.589
"Directions from San Martín de los Andes, Neuquén Province to Pitrufquén, Chile",,,1.10382540811482,264.38791979448467,-71.434,-39.589
"Directions from San Martín de los Andes, Neuquén Province to Pitrufquén, Chile",,,1.10389611879293,263.73559614644603,-71.435,-39.589
"Directions from San Martín de los Andes, Neuquén Province to Pitrufquén, Chile",,,1.10428727093724,269.30704107484416,-71.435,-39.589
"Directions from San Martín de los Andes, Neuquén Province to Pitrufquén, Chile",,,1.10447753391315,276.43929722385957,-71.435,-39.589
"Directions from San Martín de los Andes, Neuquén Province to Pitrufquén, Chile",,,1.10471098626375,282.39861205988007,-71.435,-39.589
"Directions from San Martín de los Andes, Neuquén Province to Pitrufquén, Chile",,,1.10486622801072,287.89293760903632,-71.436,-39.589
"Directions from San Martín de los Andes, Neuquén Province to Pitrufquén, Chile",,,1.10509095006126,296.74115139512190,-71.436,-39.589
"Directions from San Martín de los Andes, Neuquén Province to Pitrufquén, Chile",,,1.10733509800647,303.33981162494598,-71.438,-39.588
"Directions from San Martín de los Andes, Neuquén Province to Pitrufquén, Chile",,,1.10953175455677,303.02858085424879,-71.439,-39.587
"Directions from San Martín de los Andes, Neuquén Province to Pitrufquén, Chile",,,1.11047515266997,299.28521719248926,-71.440,-39.586
"Directions from San Martín de los Andes, Neuquén Province to Pitrufquén, Chile",,,1.11051987402952,302.10633590815530,-71.440,-39.586
"Directions from San Martín de los Andes, Neuquén Province to Pitrufquén, Chile",,,1.11096191475164,303.12904015293594,-71.441,-39.586
"Directions from San Martín de los Andes, Neuquén Province to Pitrufquén, Chile",,,1.11158841295594,291.93278918328275,-71.441,-39.586
"Directions from San Martín de los Andes, Neuquén Province to Pitrufquén, Chile",,,1.11170243049845,281.69261052744815,-71.441,-39.586
"Directions from San Martín de los Andes, Neuquén Province to Pitrufquén, Chile",,,1.11191456253280,272.63384856503836,-71.441,-39.586
"Directions from San Martín de los Andes, Neuquén Province to Pitrufquén, Chile",,,1.11211481237676,269.43664968169998,-71.442,-39.586
"Directions from San Martín de los Andes, Neuquén Province to Pitrufquén, Chile",,,1.11244496385713,278.33356088270875,-71.442,-39.586
"Directions from San Martín de los Andes, Neuquén Province to Pitrufquén, Chile",,,1.11260020560410,277.46570858856205,-71.442,-39.586
"Directions from San Martín de los Andes, Neuquén Province to Pitrufquén, Chile",,,1.11261020560410,278.55136448573654,-71.442,-39.586
"Directions from San Martín de los Andes, Neuquén Province to Pitrufquén, Chile",,,1.11274622030919,294.43110452827636,-71.442,-39.586
"Directions from San Martín de los Andes, Neuquén Province to Pitrufquén, Chile",,,1.11324018387059,303.70740409129951,-71.443,-39.585
"Directions from San Martín de los Andes, Neuquén Province to Pitrufquén, Chile",,,1.11380631106478,306.70106674274132,-71.443,-39.585
"Directions from San Martín de los Andes, Neuquén Province to Pitrufquén, Chile",,,1.11419835698046,302.15592827437848,-71.443,-39.585
"Directions from San Martín de los Andes, Neuquén Province to Pitrufquén, Chile",,,1.11422071766024,301.71747440331876,-71.444,-39.585
"Directions from San Martín de los Andes, Neuquén Province to Pitrufquén, Chile",,,1.11457071766024,300.03424407904419,-71.444,-39.585
"Directions from San Martín de los Andes, Neuquén Province to Pitrufquén, Chile",,,1.11464687539129,296.47173590741170,-71.444,-39.584
"Directions from San Martín de los Andes, Neuquén Province to Pitrufquén, Chile",,,1.11472749796877,297.54552862207873,-71.444,-39.584
"Directions from San Martín de los Andes, Neuquén Province to Pitrufquén, Chile",,,1.11493773592919,291.51528398395158,-71.444,-39.584
"Directions from San Martín de los Andes, Neuquén Province to Pitrufquén, Chile",,,1.11566195965154,283.99461924770827,-71.445,-39.584
"Directions from San Martín de los Andes, Neuquén Province to Pitrufquén, Chile",,,1.11577376305041,282.61813182310789,-71.445,-39.584
"Directions from San Martín de los Andes, Neuquén Province to Pitrufquén, Chile",,,1.11608424654434,282.19686969257481,-71.445,-39.584
"Directions from San Martín de los Andes, Neuquén Province to Pitrufquén, Chile",,,1.11675335042267,282.28018546869362,-71.446,-39.584
"Directions from San Martín de los Andes, Neuquén Province to Pitrufquén, Chile",,,1.11963274271967,284.19145760701286,-71.449,-39.583
"Directions from San Martín de los Andes, Neuquén Province to Pitrufquén, Chile",,,1.12037253998920,279.49772981098113,-71.449,-39.583
"Directions from San Martín de los Andes, Neuquén Province to Pitrufquén, Chile",,,1.12077453501404,274.05660130323940,-71.450,-39.583
"Directions from San Martín de los Andes, Neuquén Province to Pitrufquén, Chile",,,1.12220579320179,274.05660130213096,-71.451,-39.583
"Directions from San Martín de los Andes, Neuquén Province to Pitrufquén, Chile",,,1.12230629195800,272.85529656754056,-71.451,-39.583
"Directions from San Martín de los Andes, Neuquén Province to Pitrufquén, Chile",,,1.12244629195799,272.04280839060743,-71.451,-39.583
"Directions from San Martín de los Andes, Neuquén Province to Pitrufquén, Chile",,,1.12258664864647,272.38383858705532,-71.452,-39.583
"Directions from San Martín de los Andes, Neuquén Province to Pitrufquén, Chile",,,1.12342670816818,275.84280062259506,-71.452,-39.583
"Directions from San Martín de los Andes, Neuquén Province to Pitrufquén, Chile",,,1.12379345058458,288.78429601061509,-71.453,-39.583
"Directions from San Martín de los Andes, Neuquén Province to Pitrufquén, Chile",,,1.12383817194415,286.84503376017136,-71.453,-39.583
"Directions from San Martín de los Andes, Neuquén Province to Pitrufquén, Chile",,,1.12391879452163,285.16180343200119,-71.453,-39.583
"Directions from San Martín de los Andes, Neuquén Province to Pitrufquén, Chile",,,1.12407110998374,286.90912289498976,-71.453,-39.583
"Directions from San Martín de los Andes, Neuquén Province to Pitrufquén, Chile",,,1.12423389818970,278.31433061727199,-71.453,-39.583
"Directions from San Martín de los Andes, Neuquén Province to Pitrufquén, Chile",,,1.12442494792145,273.00450297857992,-71.453,-39.583
"Directions from San Martín de los Andes, Neuquén Province to Pitrufquén, Chile",,,1.12470494792145,265.26883889378655,-71.454,-39.583
"Directions from San Martín de los Andes, Neuquén Province to Pitrufquén, Chile",,,1.12476577554675,265.26883889378655,-71.454,-39.583
"Directions from San Martín de los Andes, Neuquén Province to Pitrufquén, Chile",,,1.12478577554675,265.93494882414331,-71.454,-39.583
"Directions from San Martín de los Andes, Neuquén Province to Pitrufquén, Chile",,,1.12485648622486,252.65242323560437,-71.454,-39.583
"Directions from San Martín de los Andes, Neuquén Province to Pitrufquén, Chile",,,1.12487884690465,254.33565356694015,-71.454,-39.583
"Directions from San Martín de los Andes, Neuquén Province to Pitrufquén, Chile",,,1.12499926285043,245.11817915547920,-71.454,-39.583
"Directions from San Martín de los Andes, Neuquén Province to Pitrufquén, Chile",,,1.12501340498606,247.49999999999997,-71.454,-39.583
"Directions from San Martín de los Andes, Neuquén Province to Pitrufquén, Chile",,,1.12517340498605,268.59222165795165,-71.454,-39.583
"Directions from San Martín de los Andes, Neuquén Province to Pitrufquén, Chile",,,1.12639487950482,265.42212578400375,-71.455,-39.583
"Directions from San Martín de los Andes, Neuquén Province to Pitrufquén, Chile",,,1.12648543335620,266.82990412605210,-71.455,-39.583
"Directions from San Martín de los Andes, Neuquén Province to Pitrufquén, Chile",,,1.12663543335621,266.82990412828627,-71.456,-39.583
"Directions from San Martín de los Andes, Neuquén Province to Pitrufquén, Chile",,,1.12672598720759,266.82990412828627,-71.456,-39.583
"Directions from San Martín de los Andes, Neuquén Province to Pitrufquén, Chile",,,1.12686598720759,268.21183281234289,-71.456,-39.583
"Directions from San Martín de los Andes, Neuquén Province to Pitrufquén, Chile",,,1.12734692379385,268.21183281234289,-71.456,-39.583
"Directions from San Martín de los Andes, Neuquén Province to Pitrufquén, Chile",,,1.12754692379384,273.17009587283081,-71.457,-39.583
"Directions from San Martín de los Andes, Neuquén Province to Pitrufquén, Chile",,,1.12772803149660,278.10299934500790,-71.457,-39.583
"Directions from San Martín de los Andes, Neuquén Province to Pitrufquén, Chile",,,1.12796148384720,281.95102520574119,-71.457,-39.583
"Directions from San Martín de los Andes, Neuquén Province to Pitrufquén, Chile",,,1.12820887018474,281.50443504092976,-71.457,-39.583
"Directions from San Martín de los Andes, Neuquén Province to Pitrufquén, Chile",,,1.12859357786597,281.50443504132897,-71.458,-39.583
"Directions from San Martín de los Andes, Neuquén Province to Pitrufquén, Chile",,,1.12871727103475,280.18821760642174,-71.458,-39.583
"Directions from San Martín de los Andes, Neuquén Province to Pitrufquén, Chile",,,1.12898893258889,278.32251910710204,-71.458,-39.583
"Directions from San Martín de los Andes, Neuquén Province to Pitrufquén, Chile",,,1.12954794958326,284.59546691924578,-71.458,-39.582
"Directions from San Martín de los Andes, Neuquén Province to Pitrufquén, Chile",,,1.12994957129582,287.41574163467959,-71.459,-39.582
"Directions from San Martín de los Andes, Neuquén Province to Pitrufquén, Chile",,,1.13009517349361,291.25522354133045,-71.459,-39.582
"Directions from San Martín de los Andes, Neuquén Province to Pitrufquén, Chile",,,1.13016225553293,283.28252559125309,-71.459,-39.582
"Directions from San Martín de los Andes, Neuquén Province to Pitrufquén, Chile",,,1.13018225553293,277.97269795084549,-71.459,-39.582
"Directions from San Martín de los Andes, Neuquén Province to Pitrufquén, Chile",,,1.13025505663182,282.03774912873774,-71.459,-39.582
"Directions from San Martín de los Andes, Neuquén Province to Pitrufquén, Chile",,,1.13032576730995,229.06505117789220,-71.459,-39.582
"Directions from San Martín de los Andes, Neuquén Province to Pitrufquén, Chile",,,1.13033576730995,221.82990412716919,-71.459,-39.582
"Directions from San Martín de los Andes, Neuquén Province to Pitrufquén, Chile",,,1.13051687501271,260.56550027283288,-71.459,-39.582
"Directions from San Martín de los Andes, Neuquén Province to Pitrufquén, Chile",,,1.13079346134643,263.73559614566375,-71.460,-39.582
"Directions from San Martín de los Andes, Neuquén Province to Pitrufquén, Chile",,,1.13080346134644,265.26883889378655,-71.460,-39.582
"Directions from San Martín de los Andes, Neuquén Province to Pitrufquén, Chile",,,1.13086428897173,265.26883889378655,-71.460,-39.582
"Directions from San Martín de los Andes, Neuquén Province to Pitrufquén, Chile",,,1.13095428897173,274.06505117789226,-71.460,-39.582
"Directions from San Martín de los Andes, Neuquén Province to Pitrufquén, Chile",,,1.13102499964986,275.28337530126970,-71.460,-39.582
"Directions from San Martín de los Andes, Neuquén Province to Pitrufquén, Chile",,,1.13149542498930,267.86340571956850,-71.460,-39.582
"Directions from San Martín de los Andes, Neuquén Province to Pitrufquén, Chile",,,1.13166659741699,253.36255600765199,-71.461,-39.582
"Directions from San Martín de los Andes, Neuquén Province to Pitrufquén, Chile",,,1.13168895809677,251.06250817679967,-71.461,-39.582
"Directions from San Martín de los Andes, Neuquén Province to Pitrufquén, Chile",,,1.13173994829191,251.06250817408551,-71.461,-39.582
"Directions from San Martín de los Andes, Neuquén Province to Pitrufquén, Chile",,,1.13180703033122,234.21747440874688,-71.461,-39.582
"Directions from San Martín de los Andes, Neuquén Province to Pitrufquén, Chile",,,1.13182117246685,237.22197739132355,-71.461,-39.582
"Directions from San Martín de los Andes, Neuquén Province to Pitrufquén, Chile",,,1.13190661250430,256.15946921624641,-71.461,-39.582
"Directions from San Martín de los Andes, Neuquén Province to Pitrufquén, Chile",,,1.13198723508179,265.89702973180249,-71.461,-39.582
"Directions from San Martín de los Andes, Neuquén Province to Pitrufquén, Chile",,,1.13251732941302,265.66221622249509,-71.461,-39.582
"Directions from San Martín de los Andes, Neuquén Province to Pitrufquén, Chile",,,1.13266865687252,253.98070092568591,-71.462,-39.582
"Directions from San Martín de los Andes, Neuquén Province to Pitrufquén, Chile",,,1.13291031779200,248.56054819759177,-71.462,-39.583
"Directions from San Martín de los Andes, Neuquén Province to Pitrufquén, Chile",,,1.13297356334519,246.90325528681456,-71.462,-39.583
"Directions from San Martín de los Andes, Neuquén Province to Pitrufquén, Chile",,,1.13318827245074,240.40594689196561,-71.462,-39.583
"Directions from San Martín de los Andes, Neuquén Province to Pitrufquén, Chile",,,1.13339922268183,233.46844752431696,-71.462,-39.583
"Directions from San Martín de los Andes, Neuquén Province to Pitrufquén, Chile",,,1.13364005457341,222.13809187096365,-71.462,-39.583
"Directions from San Martín de los Andes, Neuquén Province to Pitrufquén, Chile",,,1.13399810484921,217.41863333651693,-71.463,-39.583
"Directions from San Martín de los Andes, Neuquén Province to Pitrufquén, Chile",,,1.13433232034855,216.30880555392460,-71.463,-39.584
"Directions from San Martín de los Andes, Neuquén Province to Pitrufquén, Chile",,,1.13436837586130,228.56250817632989,-71.463,-39.584
"Directions from San Martín de los Andes, Neuquén Province to Pitrufquén, Chile",,,1.13439073654108,237.07277098734531,-71.463,-39.584
"Directions from San Martín de los Andes, Neuquén Province to Pitrufquén, Chile",,,1.13453286324511,227.85529657283101,-71.463,-39.584
"Directions from San Martín de los Andes, Neuquén Province to Pitrufquén, Chile",,,1.13456114751636,234.89943818160177,-71.463,-39.584
"Directions from San Martín de los Andes, Neuquén Province to Pitrufquén, Chile",,,1.13474903045864,246.77418542283709,-71.463,-39.584
"Directions from San Martín de los Andes, Neuquén Province to Pitrufquén, Chile",,,1.13494216253780,259.37474724632426,-71.463,-39.584
"Directions from San Martín de los Andes, Neuquén Province to Pitrufquén, Chile",,,1.13498216253780,265.93494882414331,-71.463,-39.584
"Directions from San Martín de los Andes, Neuquén Province to Pitrufquén, Chile",,,1.13505287321591,256.71747441268235,-71.463,-39.584
"Directions from San Martín de los Andes, Neuquén Province to Pitrufquén, Chile",,,1.13508449599252,260.78252558853899,-71.463,-39.584
"Directions from San Martín de los Andes, Neuquén Province to Pitrufquén, Chile",,,1.13521449599252,272.04280839060743,-71.464,-39.584
"Directions from San Martín de los Andes, Neuquén Province to Pitrufquén, Chile",,,1.13535485268100,277.98713741009743,-71.464,-39.584
"Directions from San Martín de los Andes, Neuquén Province to Pitrufquén, Chile",,,1.13554901755939,280.43064232754335,-71.464,-39.584
"Directions from San Martín de los Andes, Neuquén Province to Pitrufquén, Chile",,,1.13574137140000,280.59528355973345,-71.464,-39.584
"Directions from San Martín de los Andes, Neuquén Province to Pitrufquén, Chile",,,1.13834023653695,280.84013135585002,-71.467,-39.583
"Directions from San Martín de los Andes, Neuquén Province to Pitrufquén, Chile",,,1.13876602991406,276.27819013355440,-71.467,-39.583
"Directions from San Martín de los Andes, Neuquén Province to Pitrufquén, Chile",,,1.13913657006034,271.54702902938448,-71.467,-39.583
"Directions from San Martín de los Andes, Neuquén Province to Pitrufquén, Chile",,,1.13961657006033,271.40777834219836,-71.468,-39.583
"Directions from San Martín de los Andes, Neuquén Province to Pitrufquén, Chile",,,1.14022730731973,277.06274457959995,-71.469,-39.583
"Directions from San Martín de los Andes, Neuquén Province to Pitrufquén, Chile",,,1.14032928770999,283.62766418747896,-71.469,-39.583
"Directions from San Martín de los Andes, Neuquén Province to Pitrufquén, Chile",,,1.14047488990777,290.12497258322162,-71.469,-39.583
"Directions from San Martín de los Andes, Neuquén Province to Pitrufquén, Chile",,,1.14081503693481,290.12497258245349,-71.469,-39.583
"Directions from San Martín de los Andes, Neuquén Province to Pitrufquén, Chile",,,1.14088783803371,277.97269794930924,-71.469,-39.583
"Directions from San Martín de los Andes, Neuquén Province to Pitrufquén, Chile",,,1.14104783803370,267.61817915379464,-71.469,-39.583
"Directions from San Martín de los Andes, Neuquén Province to Pitrufquén, Chile",,,1.14116825397949,267.61817915379464,-71.469,-39.583
"Directions from San Martín de los Andes, Neuquén Province to Pitrufquén, Chile",,,1.14127825397949,263.95262146248689,-71.470,-39.583
"Directions from San Martín de los Andes, Neuquén Province to Pitrufquén, Chile",,,1.14142143219013,255.82251910839605,-71.470,-39.583
"Directions from San Martín de los Andes, Neuquén Province to Pitrufquén, Chile",,,1.14167143219013,251.24464489223345,-71.470,-39.583
"Directions from San Martín de los Andes, Neuquén Province to Pitrufquén, Chile",,,1.14186456426929,259.37474724632426,-71.470,-39.583
"Directions from San Martín de los Andes, Neuquén Province to Pitrufquén, Chile",,,1.14189456426929,263.86761313590682,-71.470,-39.583
"Directions from San Martín de los Andes, Neuquén Province to Pitrufquén, Chile",,,1.14212993631521,261.01231656796318,-71.470,-39.583
"Directions from San Martín de los Andes, Neuquén Province to Pitrufquén, Chile",,,1.14223043507141,266.10719025131664,-71.470,-39.583
"Directions from San Martín de los Andes, Neuquén Province to Pitrufquén, Chile",,,1.14499224607147,270.75065400691739,-71.473,-39.583
"Directions from San Martín de los Andes, Neuquén Province to Pitrufquén, Chile",,,1.14547318265772,274.95826306048792,-71.474,-39.583
"Directions from San Martín de los Andes, Neuquén Province to Pitrufquén, Chile",,,1.14583539806325,273.17009587283081,-71.474,-39.583
"Directions from San Martín de los Andes, Neuquén Province to Pitrufquén, Chile",,,1.14587539806324,274.18294306205075,-71.474,-39.583
"Directions from San Martín de los Andes, Neuquén Province to Pitrufquén, Chile",,,1.14621905486880,280.62044384166751,-71.474,-39.583
"Directions from San Martín de los Andes, Neuquén Province to Pitrufquén, Chile",,,1.14657808133022,285.09332383418399,-71.475,-39.583
"Directions from San Martín de los Andes, Neuquén Province to Pitrufquén, Chile",,,1.14738461713228,288.78534238216912,-71.476,-39.583
"Directions from San Martín de los Andes, Neuquén Province to Pitrufquén, Chile",,,1.14986826364497,289.05467847878970,-71.478,-39.582
"Directions from San Martín de los Andes, Neuquén Province to Pitrufquén, Chile",,,1.15172777971104,288.72720322645341,-71.480,-39.581
"Directions from San Martín de los Andes, Neuquén Province to Pitrufquén, Chile",,,1.15250269906169,290.36560643151466,-71.480,-39.581
"Directions from San Martín de los Andes, Neuquén Province to Pitrufquén, Chile",,,1.15755210496733,290.49965026565673,-71.485,-39.579
"Directions from San Martín de los Andes, Neuquén Province to Pitrufquén, Chile",,,1.15843465808188,288.63743997519731,-71.486,-39.579
"Directions from San Martín de los Andes, Neuquén Province to Pitrufquén, Chile",,,1.15913679766914,286.38947769024662,-71.487,-39.579
"Directions from San Martín de los Andes, Neuquén Province to Pitrufquén, Chile",,,1.16204074326091,286.69020642734472,-71.489,-39.578
"Directions from San Martín de los Andes, Neuquén Province to Pitrufquén, Chile",,,1.16246133807781,289.90278554599331,-71.490,-39.578
"Directions from San Martín de los Andes, Neuquén Province to Pitrufquén, Chile",,,1.16407688751996,294.63792055639811,-71.491,-39.577
"Directions from San Martín de los Andes, Neuquén Province to Pitrufquén, Chile",,,1.16435866757602,300.92738817483070,-71.492,-39.577
"Directions from San Martín de los Andes, Neuquén Province to Pitrufquén, Chile",,,1.16458888486469,306.77700134665980,-71.492,-39.577
"Directions from San Martín de los Andes, Neuquén Province to Pitrufquén, Chile",,,1.16493716636003,310.99154205309139,-71.492,-39.577
"Directions from San Martín de los Andes, Neuquén Province to Pitrufquén, Chile",,,1.16623211809659,307.57843481811068,-71.493,-39.576
"Directions from San Martín de los Andes, Neuquén Province to Pitrufquén, Chile",,,1.16658722371468,299.74856259870381,-71.493,-39.576
"Directions from San Martín de los Andes, Neuquén Province to Pitrufquén, Chile",,,1.16702551585470,295.86636716137662,-71.494,-39.576
"Directions from San Martín de los Andes, Neuquén Province to Pitrufquén, Chile",,,1.17077540918651,296.81882836230409,-71.497,-39.574
"Directions from San Martín de los Andes, Neuquén Province to Pitrufquén, Chile",,,1.17159905959779,297.80982763802956,-71.498,-39.574
"Directions from San Martín de los Andes, Neuquén Province to Pitrufquén, Chile",,,1.17184502707531,299.28521719235204,-71.498,-39.573
"Directions from San Martín de los Andes, Neuquén Province to Pitrufquén, Chile",,,1.17203370669796,304.43764042510662,-71.498,-39.573
"Directions from San Martín de los Andes, Neuquén Province to Pitrufquén, Chile",,,1.17208370669796,304.32857538229808,-71.498,-39.573
"Directions from San Martín de los Andes, Neuquén Province to Pitrufquén, Chile",,,1.17291899108067,300.76606720953828,-71.499,-39.573
"Directions from San Martín de los Andes, Neuquén Province to Pitrufquén, Chile",,,1.17332210396808,298.94778494258713,-71.499,-39.573
"Directions from San Martín de los Andes, Neuquén Province to Pitrufquén, Chile",,,1.17461504634886,306.57534428387567,-71.500,-39.572
"Directions from San Martín de los Andes, Neuquén Province to Pitrufquén, Chile",,,1.17462918848448,305.64070550063695,-71.500,-39.572
"Directions from San Martín de los Andes, Neuquén Province to Pitrufquén, Chile",,,1.17553257101696,298.99142034541467,-71.501,-39.572
"Directions from San Martín de los Andes, Neuquén Province to Pitrufquén, Chile",,,1.17593219584102,308.35071482442208,-71.502,-39.571
"Directions from San Martín de los Andes, Neuquén Province to Pitrufquén, Chile",,,1.17594633797664,309.99601008946587,-71.502,-39.571
"Directions from San Martín de los Andes, Neuquén Province to Pitrufquén, Chile",,,1.17631253464511,315.65097634291698,-71.502,-39.571
"Directions from San Martín de los Andes, Neuquén Province to Pitrufquén, Chile",,,1.17634859015787,318.38094503868712,-71.502,-39.571
"Directions from San Martín de los Andes, Neuquén Province to Pitrufquén, Chile",,,1.17759702918321,308.30507151520015,-71.503,-39.570
"Directions from San Martín de los Andes, Neuquén Province to Pitrufquén, Chile",,,1.17791905402697,303.56097098567346,-71.503,-39.570
"Directions from San Martín de los Andes, Neuquén Province to Pitrufquén, Chile",,,1.17815229210277,297.86944855000519,-71.503,-39.570
"Directions from San Martín de los Andes, Neuquén Province to Pitrufquén, Chile",,,1.17843864852403,293.48530004857594,-71.504,-39.570
"Directions from San Martín de los Andes, Neuquén Province to Pitrufquén, Chile",,,1.17978868556056,290.74275287296416,-71.505,-39.569
"Directions from San Martín de los Andes, Neuquén Province to Pitrufquén, Chile",,,1.18000058176157,290.37646607093319,-71.505,-39.569
"Directions from San Martín de los Andes, Neuquén Province to Pitrufquén, Chile",,,1.18125776114416,293.01502862287873,-71.506,-39.569
"Directions from San Martín de los Andes, Neuquén Province to Pitrufquén, Chile",,,1.18164259877226,298.08733678379474,-71.507,-39.569
"Directions from San Martín de los Andes, Neuquén Province to Pitrufquén, Chile",,,1.18194788552270,299.08627671188185,-71.507,-39.569
"Directions from San Martín de los Andes, Neuquén Province to Pitrufquén, Chile",,,1.18199260688225,298.99730839586675,-71.507,-39.569
"Directions from San Martín de los Andes, Neuquén Province to Pitrufquén, Chile",,,1.18220355711335,306.24218969288125,-71.507,-39.568
"Directions from San Martín de los Andes, Neuquén Province to Pitrufquén, Chile",,,1.18261465320917,313.02740688555349,-71.507,-39.568
"Directions from San Martín de los Andes, Neuquén Province to Pitrufquén, Chile",,,1.18291163805726,318.01884126057837,-71.508,-39.568
"Directions from San Martín de los Andes, Neuquén Province to Pitrufquén, Chile",,,1.18439062419649,321.95085365847450,-71.508,-39.567
"Directions from San Martín de los Andes, Neuquén Province to Pitrufquén, Chile",,,1.18568263812830,321.52922685131858,-71.509,-39.566
"Directions from San Martín de los Andes, Neuquén Province to Pitrufquén, Chile",,,1.18591694561858,322.84295296061418,-71.509,-39.566
"Directions from San Martín de los Andes, Neuquén Province to Pitrufquén, Chile",,,1.18611111049696,329.46321291824557,-71.509,-39.565
"Directions from San Martín de los Andes, Neuquén Province to Pitrufquén, Chile",,,1.18633471729472,338.74477646097654,-71.510,-39.565
"Directions from San Martín de los Andes, Neuquén Province to Pitrufquén, Chile",,,1.18648031949250,347.54098874098901,-71.510,-39.565
"Directions from San Martín de los Andes, Neuquén Province to Pitrufquén, Chile",,,1.18667267333312,354.36838167101530,-71.510,-39.565
"Directions from San Martín de los Andes, Neuquén Province to Pitrufquén, Chile",,,1.18692287325318,354.48161384725933,-71.510,-39.565
"Directions from San Martín de los Andes, Neuquén Province to Pitrufquén, Chile",,,1.18705440271756,355.62691886731039,-71.510,-39.565
"Directions from San Martín de los Andes, Neuquén Province to Pitrufquén, Chile",,,1.18710440271756,352.98187826633614,-71.510,-39.564
"Directions from San Martín de los Andes, Neuquén Province to Pitrufquén, Chile",,,1.18726932694259,338.83150038183896,-71.510,-39.564
"Directions from San Martín de los Andes, Neuquén Province to Pitrufquén, Chile",,,1.18741697517319,324.49492713721224,-71.510,-39.564
"Directions from San Martín de los Andes, Neuquén Province to Pitrufquén, Chile",,,1.18759389323332,309.64799662563684,-71.510,-39.564
"Directions from San Martín de los Andes, Neuquén Province to Pitrufquén, Chile",,,1.18797125247860,297.81738046978973,-71.510,-39.564
"Directions from San Martín de los Andes, Neuquén Province to Pitrufquén, Chile",,,1.18814589497056,286.81867876706110,-71.510,-39.564
"Directions from San Martín de los Andes, Neuquén Province to Pitrufquén, Chile",,,1.18831852173558,276.27639209105519,-71.511,-39.564
"Directions from San Martín de los Andes, Neuquén Province to Pitrufquén, Chile",,,1.18966985441113,274.12769875840462,-71.512,-39.564
"Directions from San Martín de los Andes, Neuquén Province to Pitrufquén, Chile",,,1.18987085192355,283.75600131195819,-71.512,-39.564
"Directions from San Martín de los Andes, Neuquén Province to Pitrufquén, Chile",,,1.19003240686776,296.70445586732058,-71.512,-39.564
"Directions from San Martín de los Andes, Neuquén Province to Pitrufquén, Chile",,,1.19018505024298,304.58804713643269,-71.512,-39.564
"Directions from San Martín de los Andes, Neuquén Province to Pitrufquén, Chile",,,1.19034906243766,305.86414328610334,-71.513,-39.563
"Directions from San Martín de los Andes, Neuquén Province to Pitrufquén, Chile",,,1.19068744092397,305.09353396600483,-71.513,-39.563
"Directions from San Martín de los Andes, Neuquén Province to Pitrufquén, Chile",,,1.19150352915450,299.32361916572091,-71.513,-39.563
"Directions from San Martín de los Andes, Neuquén Province to Pitrufquén, Chile",,,1.19163352915450,290.52740688475853,-71.514,-39.563
"Directions from San Martín de los Andes, Neuquén Province to Pitrufquén, Chile",,,1.19176002026090,284.87244065003688,-71.514,-39.563
"Directions from San Martín de los Andes, Neuquén Province to Pitrufquén, Chile",,,1.19186200065117,275.65496623857592,-71.514,-39.563
"Directions from San Martín de los Andes, Neuquén Province to Pitrufquén, Chile",,,1.19202200065117,267.68226828638620,-71.514,-39.563
"Directions from San Martín de los Andes, Neuquén Province to Pitrufquén, Chile",,,1.19239321487504,266.65956404163143,-71.514,-39.563
"Directions from San Martín de los Andes, Neuquén Province to Pitrufquén, Chile",,,1.19267339338956,264.24613465343305,-71.515,-39.563
"Directions from San Martín de los Andes, Neuquén Province to Pitrufquén, Chile",,,1.19273422101487,263.92695131832437,-71.515,-39.563
"Directions from San Martín de los Andes, Neuquén Province to Pitrufquén, Chile",,,1.19337492375405,265.09560424693836,-71.515,-39.563
"Directions from San Martín de los Andes, Neuquén Province to Pitrufquén, Chile",,,1.19345554633153,265.11621917967807,-71.515,-39.563
"Directions from San Martín de los Andes, Neuquén Province to Pitrufquén, Chile",,,1.19410623827093,264.30564622171636,-71.516,-39.563
"Directions from San Martín de los Andes, Neuquén Province to Pitrufquén, Chile",,,1.19436929719969,265.62691886884005,-71.516,-39.563
"Directions from San Martín de los Andes, Neuquén Province to Pitrufquén, Chile",,,1.19439929719969,263.56249922008323,-71.516,-39.563
"Directions from San Martín de los Andes, Neuquén Province to Pitrufquén, Chile",,,1.19475832366112,254.34502481065775,-71.517,-39.563
"Directions from San Martín de los Andes, Neuquén Province to Pitrufquén, Chile",,,1.19478994643771,254.73514705167133,-71.517,-39.563
"Directions from San Martín de los Andes, Neuquén Province to Pitrufquén, Chile",,,1.19493312464835,254.73514704895723,-71.517,-39.563
"Directions from San Martín de los Andes, Neuquén Province to Pitrufquén, Chile",,,1.19502799297815,256.29621228118253,-71.517,-39.563
"Directions from San Martín de los Andes, Neuquén Province to Pitrufquén, Chile",,,1.19522034681877,256.29621227778989,-71.517,-39.563
"Directions from San Martín de los Andes, Neuquén Province to Pitrufquén, Chile",,,1.19525196959537,260.78252558446786,-71.517,-39.563
"Directions from San Martín de los Andes, Neuquén Province to Pitrufquén, Chile",,,1.19548196959537,272.68549734774865,-71.517,-39.563
"Directions from San Martín de los Andes, Neuquén Province to Pitrufquén, Chile",,,1.19665712915901,272.68549734774865,-71.519,-39.563
"Directions from San Martín de los Andes, Neuquén Province to Pitrufquén, Chile",,,1.19672712915900,272.30532465941445,-71.519,-39.563
"Directions from San Martín de los Andes, Neuquén Province to Pitrufquén, Chile",,,1.19734914202060,278.56972851375070,-71.519,-39.563
"Directions from San Martín de los Andes, Neuquén Province to Pitrufquén, Chile",,,1.19744133746518,280.32945503121067,-71.519,-39.563
"Directions from San Martín de los Andes, Neuquén Province to Pitrufquén, Chile",,,1.19758275882142,282.89011328699223,-71.519,-39.563
"Directions from San Martín de los Andes, Neuquén Province to Pitrufquén, Chile",,,1.19781362674903,289.72576685259179,-71.520,-39.563
"Directions from San Martín de los Andes, Neuquén Province to Pitrufquén, Chile",,,1.19792133004517,294.18323033101302,-71.520,-39.563
"Directions from San Martín de los Andes, Neuquén Province to Pitrufquén, Chile",,,1.19807785480360,295.09721445408985,-71.520,-39.563
"Directions from San Martín de los Andes, Neuquén Province to Pitrufquén, Chile",,,1.19860178227950,292.03110320496847,-71.520,-39.562
"Directions from San Martín de los Andes, Neuquén Province to Pitrufquén, Chile",,,1.19914602487247,288.89342665812774,-71.521,-39.562
"Directions from San Martín de los Andes, Neuquén Province to Pitrufquén, Chile",,,1.19931365541860,289.57771706118416,-71.521,-39.562
"Directions from San Martín de los Andes, Neuquén Province to Pitrufquén, Chile",,,1.19936750706668,289.52143444189983,-71.521,-39.562
"Directions from San Martín de los Andes, Neuquén Province to Pitrufquén, Chile",,,1.20027844065372,290.22002495800473,-71.522,-39.562
"Directions from San Martín de los Andes, Neuquén Province to Pitrufquén, Chile",,,1.20035459838478,287.25426149584990,-71.522,-39.562
"Directions from San Martín de los Andes, Neuquén Province to Pitrufquén, Chile",,,1.20050756897019,283.12067482650878,-71.522,-39.562
"Directions from San Martín de los Andes, Neuquén Province to Pitrufquén, Chile",,,1.20066281071714,281.53075976428011,-71.522,-39.562
"Directions from San Martín de los Andes, Neuquén Province to Pitrufquén, Chile",,,1.20073352139527,280.61965527436234,-71.522,-39.562
"Directions from San Martín de los Andes, Neuquén Province to Pitrufquén, Chile",,,1.20148305458332,285.51856398006851,-71.523,-39.562
"Directions from San Martín de los Andes, Neuquén Province to Pitrufquén, Chile",,,1.20184040595103,290.27389235416655,-71.524,-39.562
"Directions from San Martín de los Andes, Neuquén Province to Pitrufquén, Chile",,,1.20210040595103,294.59245806297474,-71.524,-39.561
"Directions from San Martín de los Andes, Neuquén Province to Pitrufquén, Chile",,,1.20227929138923,299.69679648527801,-71.524,-39.561
"Directions from San Martín de los Andes, Neuquén Province to Pitrufquén, Chile",,,1.20264820872414,304.59570518810614,-71.524,-39.561
"Directions from San Martín de los Andes, Neuquén Province to Pitrufquén, Chile",,,1.20377825297107,288.18143429238489,-71.525,-39.560
"Directions from San Martín de los Andes, Neuquén Province to Pitrufquén, Chile",,,1.20378825297106,288.12691886819294,-71.525,-39.560
"Directions from San Martín de los Andes, Neuquén Province to Pitrufquén, Chile",,,1.20397426372344,310.62691886310404,-71.525,-39.560
"Directions from San Martín de los Andes, Neuquén Province to Pitrufquén, Chile",,,1.20400254799469,311.82990412311455,-71.525,-39.560
"Directions from San Martín de los Andes, Neuquén Province to Pitrufquén, Chile",,,1.20419464172181,289.32990412820345,-71.525,-39.560
"Directions from San Martín de los Andes, Neuquén Province to Pitrufquén, Chile",,,1.20420464172181,287.19017236153832,-71.525,-39.560
"Directions from San Martín de los Andes, Neuquén Province to Pitrufquén, Chile",,,1.20443485901048,302.90495516886614,-71.526,-39.560
"Directions from San Martín de los Andes, Neuquén Province to Pitrufquén, Chile",,,1.20464580924157,298.10235309187607,-71.526,-39.560
"Directions from San Martín de los Andes, Neuquén Province to Pitrufquén, Chile",,,1.20507534387347,292.68785232237286,-71.526,-39.560
"Directions from San Martín de los Andes, Neuquén Province to Pitrufquén, Chile",,,1.20658166389259,289.34200472941779,-71.528,-39.559
"Directions from San Martín de los Andes, Neuquén Province to Pitrufquén, Chile",,,1.20709712485135,285.44385572447658,-71.528,-39.559
"Directions from San Martín de los Andes, Neuquén Province to Pitrufquén, Chile",,,1.20732273513480,280.19945471709019,-71.528,-39.559
"Directions from San Martín de los Andes, Neuquén Province to Pitrufquén, Chile",,,1.20762539005380,274.44829802070643,-71.529,-39.559
"Directions from San Martín de los Andes, Neuquén Province to Pitrufquén, Chile",,,1.20806550367550,267.64647335791966,-71.529,-39.559
"Directions from San Martín de los Andes, Neuquén Province to Pitrufquén, Chile",,,1.20825655340724,266.99549702142008,-71.529,-39.559
"Directions from San Martín de los Andes, Neuquén Province to Pitrufquén, Chile",,,1.20829655340724,266.82990412661064,-71.529,-39.559
"Directions from San Martín de los Andes, Neuquén Province to Pitrufquén, Chile",,,1.20865876881277,265.63693211191014,-71.530,-39.559
"Directions from San Martín de los Andes, Neuquén Province to Pitrufquén, Chile",,,1.20889897705576,273.53818908931231,-71.530,-39.559
"Directions from San Martín de los Andes, Neuquén Province to Pitrufquén, Chile",,,1.20902063230636,283.94863551547377,-71.530,-39.559
"Directions from San Martín de los Andes, Neuquén Province to Pitrufquén, Chile",,,1.20914712341277,296.06250816975341,-71.530,-39.559
"Directions from San Martín de los Andes, Neuquén Province to Pitrufquén, Chile",,,1.20918317892553,295.71736957144134,-71.530,-39.559
"Directions from San Martín de los Andes, Neuquén Province to Pitrufquén, Chile",,,1.20944566702049,289.49758856682462,-71.530,-39.559
"Directions from San Martín de los Andes, Neuquén Province to Pitrufquén, Chile",,,1.20963879909965,280.62525275367574,-71.531,-39.559
"Directions from San Martín de los Andes, Neuquén Province to Pitrufquén, Chile",,,1.20965879909966,278.67701231755109,-71.531,-39.559
"Directions from San Martín de los Andes, Neuquén Province to Pitrufquén, Chile",,,1.20982642964579,282.89049682812754,-71.531,-39.559
"Directions from San Martín de los Andes, Neuquén Province to Pitrufquén, Chile",,,1.21009937652707,274.21348451057639,-71.531,-39.559
"Directions from San Martín de los Andes, Neuquén Province to Pitrufquén, Chile",,,1.21011937652708,273.67618968046702,-71.531,-39.559
"Directions from San Martín de los Andes, Neuquén Province to Pitrufquén, Chile",,,1.21043194651924,280.69431141363202,-71.531,-39.559
"Directions from San Martín de los Andes, Neuquén Province to Pitrufquén, Chile",,,1.21055563968800,299.51812173316495,-71.532,-39.559
"Directions from San Martín de los Andes, Neuquén Province to Pitrufquén, Chile",,,1.21056978182363,301.71747441213955,-71.532,-39.559
"Directions from San Martín de los Andes, Neuquén Province to Pitrufquén, Chile",,,1.21066465015344,294.08991506123692,-71.532,-39.559
"Directions from San Martín de los Andes, Neuquén Province to Pitrufquén, Chile",,,1.21074527273091,302.36845074810356,-71.532,-39.559
"Directions from San Martín de los Andes, Neuquén Province to Pitrufquén, Chile",,,1.21098940384323,309.26160974183995,-71.532,-39.558
"Directions from San Martín de los Andes, Neuquén Province to Pitrufquén, Chile",,,1.21154112841220,310.41757378159195,-71.532,-39.558
"Directions from San Martín de los Andes, Neuquén Province to Pitrufquén, Chile",,,1.21180513598784,304.13385240464515,-71.533,-39.558
"Directions from San Martín de los Andes, Neuquén Province to Pitrufquén, Chile",,,1.21203837406364,297.99032500523424,-71.533,-39.558
"Directions from San Martín de los Andes, Neuquén Province to Pitrufquén, Chile",,,1.21236943297078,291.44779503698004,-71.533,-39.558
"Directions from San Martín de los Andes, Neuquén Province to Pitrufquén, Chile",,,1.21269516292028,285.20375215232838,-71.533,-39.558
"Directions from San Martín de los Andes, Neuquén Province to Pitrufquén, Chile",,,1.21324833558772,281.34153714490549,-71.534,-39.557
"Directions from San Martín de los Andes, Neuquén Province to Pitrufquén, Chile",,,1.21392899703073,279.14218446708441,-71.535,-39.557
"Directions from San Martín de los Andes, Neuquén Province to Pitrufquén, Chile",,,1.21421183974321,279.50781470443610,-71.535,-39.557
"Directions from San Martín de los Andes, Neuquén Province to Pitrufquén, Chile",,,1.21447660378910,284.66023793766561,-71.535,-39.557
"Directions from San Martín de los Andes, Neuquén Province to Pitrufquén, Chile",,,1.21457147211890,291.89056238089307,-71.535,-39.557
"Directions from San Martín de los Andes, Neuquén Province to Pitrufquén, Chile",,,1.21478171007932,301.61057979649485,-71.535,-39.557
"Directions from San Martín de los Andes, Neuquén Province to Pitrufquén, Chile",,,1.21489572762183,314.60758769965361,-71.535,-39.557
"Directions from San Martín de los Andes, Neuquén Province to Pitrufquén, Chile",,,1.21495975886421,318.17009587734049,-71.535,-39.557
"Directions from San Martín de los Andes, Neuquén Province to Pitrufquén, Chile",,,1.21500218527108,321.69624888061759,-71.536,-39.557
"Directions from San Martín de los Andes, Neuquén Province to Pitrufquén, Chile",,,1.21515482864630,330.24761336153114,-71.536,-39.557
"Directions from San Martín de los Andes, Neuquén Province to Pitrufquén, Chile",,,1.21534718248692,323.55136448430613,-71.536,-39.557
"Directions from San Martín de los Andes, Neuquén Province to Pitrufquén, Chile",,,1.21536132462254,323.34962211709018,-71.536,-39.557
"Directions from San Martín de los Andes, Neuquén Province to Pitrufquén, Chile",,,1.21609956577555,336.20459900645307,-71.536,-39.556
"Directions from San Martín de los Andes, Neuquén Province to Pitrufquén, Chile",,,1.21631146197656,345.62381578700052,-71.536,-39.556
"Directions from San Martín de los Andes, Neuquén Province to Pitrufquén, Chile",,,1.21643311722716,346.05136448414112,-71.536,-39.556
"Directions from San Martín de los Andes, Neuquén Province to Pitrufquén, Chile",,,1.21646474000377,347.22001741079993,-71.536,-39.556
"Directions from San Martín de los Andes, Neuquén Province to Pitrufquén, Chile",,,1.21654536258125,349.41937009153060,-71.536,-39.556
"Directions from San Martín de los Andes, Neuquén Province to Pitrufquén, Chile",,,1.21666905575002,348.60879713454460,-71.536,-39.555
"Directions from San Martín de los Andes, Neuquén Province to Pitrufquén, Chile",,,1.21680058521440,346.40944446602725,-71.536,-39.555
"Directions from San Martín de los Andes, Neuquén Province to Pitrufquén, Chile",,,1.21683220799100,345.12755935974940,-71.536,-39.555
"Directions from San Martín de los Andes, Neuquén Province to Pitrufquén, Chile",,,1.21693418838127,346.37233580826677,-71.536,-39.555
"Directions from San Martín de los Andes, Neuquén Province to Pitrufquén, Chile",,,1.21700698948016,352.02730204723412,-71.536,-39.555
"Directions from San Martín de los Andes, Neuquén Province to Pitrufquén, Chile",,,1.21702698948016,352.37244065003694,-71.536,-39.555
"Directions from San Martín de los Andes, Neuquén Province to Pitrufquén, Chile",,,1.21714100702267,346.71747441498405,-71.536,-39.555
"Directions from San Martín de los Andes, Neuquén Province to Pitrufquén, Chile",,,1.21724298741294,343.44432902083531,-71.536,-39.555
"Directions from San Martín de los Andes, Neuquén Province to Pitrufquén, Chile",,,1.21740454235716,335.81676966836699,-71.536,-39.555
"Directions from San Martín de los Andes, Neuquén Province to Pitrufquén, Chile",,,1.21749398507626,324.21747441247879,-71.536,-39.555
"Directions from San Martín de los Andes, Neuquén Province to Pitrufquén, Chile",,,1.21756469575438,320.65496623074682,-71.536,-39.555
"Directions from San Martín de los Andes, Neuquén Province to Pitrufquén, Chile",,,1.21760075126713,315.92380512700913,-71.536,-39.555
"Directions from San Martín de los Andes, Neuquén Province to Pitrufquén, Chile",,,1.21777279777248,287.76883889626231,-71.537,-39.554
"Directions from San Martín de los Andes, Neuquén Province to Pitrufquén, Chile",,,1.21778279777247,283.28252558752121,-71.537,-39.554
"Directions from San Martín de los Andes, Neuquén Province to Pitrufquén, Chile",,,1.21796168321067,291.47729575492764,-71.537,-39.554
"Directions from San Martín de los Andes, Neuquén Province to Pitrufquén, Chile",,,1.21813888366214,280.91493618286336,-71.537,-39.554
"Directions from San Martín de los Andes, Neuquén Province to Pitrufquén, Chile",,,1.21834983389323,270.33834516953237,-71.537,-39.554
"Directions from San Martín de los Andes, Neuquén Province to Pitrufquén, Chile",,,1.21847024983903,267.61817915407534,-71.537,-39.554
"Directions from San Martín de los Andes, Neuquén Province to Pitrufquén, Chile",,,1.21860024983903,268.26588537056006,-71.537,-39.554
"Directions from San Martín de los Andes, Neuquén Province to Pitrufquén, Chile",,,1.21893085534411,262.61091913589865,-71.538,-39.554
"Directions from San Martín de los Andes, Neuquén Province to Pitrufquén, Chile",,,1.21898184553925,262.38924785897808,-71.538,-39.554
"Directions from San Martín de los Andes, Neuquén Province to Pitrufquén, Chile",,,1.22015457739266,268.04421409363943,-71.539,-39.554
"Directions from San Martín de los Andes, Neuquén Province to Pitrufquén, Chile",,,1.22041457739266,271.78816718797390,-71.539,-39.554
"Directions from San Martín de los Andes, Neuquén Province to Pitrufquén, Chile",,,1.22057488958809,275.14308559178284,-71.539,-39.554
"Directions from San Martín de los Andes, Neuquén Province to Pitrufquén, Chile",,,1.22074606201577,279.61932225814525,-71.540,-39.554
"Directions from San Martín de los Andes, Neuquén Province to Pitrufquén, Chile",,,1.22102264834949,286.16384203156991,-71.540,-39.554
"Directions from San Martín de los Andes, Neuquén Province to Pitrufquén, Chile",,,1.22155406155971,288.36319470983540,-71.540,-39.554
"Directions from San Martín de los Andes, Neuquén Province to Pitrufquén, Chile",,,1.22179447786531,284.96106492844564,-71.541,-39.554
"Directions from San Martín de los Andes, Neuquén Province to Pitrufquén, Chile",,,1.22192789450596,280.21301238192200,-71.541,-39.554
"Directions from San Martín de los Andes, Neuquén Province to Pitrufquén, Chile",,,1.22215984277604,280.73382571884395,-71.541,-39.554
"Directions from San Martín de los Andes, Neuquén Province to Pitrufquén, Chile",,,1.22224230488857,278.96207651320719,-71.541,-39.554
"Directions from San Martín de los Andes, Neuquén Province to Pitrufquén, Chile",,,1.22327468078910,271.94395478044135,-71.542,-39.554
"Directions from San Martín de los Andes, Neuquén Province to Pitrufquén, Chile",,,1.22368468078910,266.82990412663133,-71.542,-39.554
"Directions from San Martín de los Andes, Neuquén Province to Pitrufquén, Chile",,,1.22395634234323,259.45812270829049,-71.543,-39.554
"Directions from San Martín de los Andes, Neuquén Province to Pitrufquén, Chile",,,1.22415281117028,252.98319547224611,-71.543,-39.554
"Directions from San Martín de los Andes, Neuquén Province to Pitrufquén, Chile",,,1.22436470737129,249.45427214741107,-71.543,-39.554
"Directions from San Martín de los Andes, Neuquén Province to Pitrufquén, Chile",,,1.22484937220393,249.88182084545161,-71.544,-39.554
"Directions from San Martín de los Andes, Neuquén Province to Pitrufquén, Chile",,,1.22557669606576,250.22016601529853,-71.544,-39.555
"Directions from San Martín de los Andes, Neuquén Province to Pitrufquén, Chile",,,1.22604839512236,246.73378137277803,-71.545,-39.555
"Directions from San Martín de los Andes, Neuquén Province to Pitrufquén, Chile",,,1.22649122691888,257.29614094610707,-71.545,-39.555
"Directions from San Martín de los Andes, Neuquén Province to Pitrufquén, Chile",,,1.22650122691887,252.23116110405863,-71.545,-39.555
"Directions from San Martín de los Andes, Neuquén Province to Pitrufquén, Chile",,,1.22701736643490,233.61374411334361,-71.545,-39.555
"Directions from San Martín de los Andes, Neuquén Province to Pitrufquén, Chile",,,1.22764537917363,235.66780020195719,-71.546,-39.556
"Directions from San Martín de los Andes, Neuquén Province to Pitrufquén, Chile",,,1.22785632940473,240.33658167697837,-71.546,-39.556
"Directions from San Martín de los Andes, Neuquén Province to Pitrufquén, Chile",,,1.22804868324534,243.49394704146201,-71.546,-39.556
"Directions from San Martín de los Andes, Neuquén Province to Pitrufquén, Chile",,,1.22840209518628,247.01535353668143,-71.547,-39.556
"Directions from San Martín de los Andes, Neuquén Province to Pitrufquén, Chile",,,1.22862681723682,251.63850075887424,-71.547,-39.556
"Directions from San Martín de los Andes, Neuquén Province to Pitrufquén, Chile",,,1.23067486508783,255.56842138430525,-71.549,-39.557
"Directions from San Martín de los Andes, Neuquén Province to Pitrufquén, Chile",,,1.23080828172846,255.32860583103772,-71.549,-39.557
"Directions from San Martín de los Andes, Neuquén Province to Pitrufquén, Chile",,,1.23158988264965,239.32591423625891,-71.550,-39.557
"Directions from San Martín de los Andes, Neuquén Province to Pitrufquén, Chile",,,1.23160402478527,239.26478579040889,-71.550,-39.557
"Directions from San Martín de los Andes, Neuquén Province to Pitrufquén, Chile",,,1.23280323285730,251.93787375009919,-71.551,-39.557
"Directions from San Martín de los Andes, Neuquén Province to Pitrufquén, Chile",,,1.23295189354477,251.79521350546068,-71.551,-39.557
"Directions from San Martín de los Andes, Neuquén Province to Pitrufquén, Chile",,,1.23392312987029,252.62558162662319,-71.552,-39.557
"Directions from San Martín de los Andes, Neuquén Province to Pitrufquén, Chile",,,1.23515329246117,250.48470057824099,-71.553,-39.558
"Directions from San Martín de los Andes, Neuquén Province to Pitrufquén, Chile",,,1.23571042799225,247.45256976202049,-71.554,-39.558
"Directions from San Martín de los Andes, Neuquén Province to Pitrufquén, Chile",,,1.23632369791651,247.07062053145873,-71.554,-39.558
"Directions from San Martín de los Andes, Neuquén Province to Pitrufquén, Chile",,,1.23653910450880,259.09929525664865,-71.554,-39.558
"Directions from San Martín de los Andes, Neuquén Province to Pitrufquén, Chile",,,1.23654910450880,258.90799332740613,-71.554,-39.558
"Directions from San Martín de los Andes, Neuquén Province to Pitrufquén, Chile",,,1.23766144438492,245.02872302665537,-71.555,-39.559
"Directions from San Martín de los Andes, Neuquén Province to Pitrufquén, Chile",,,1.23787615349044,240.11803809543616,-71.556,-39.559
"Directions from San Martín de los Andes, Neuquén Province to Pitrufquén, Chile",,,1.23806483311309,235.56235957272213,-71.556,-39.559
"Directions from San Martín de los Andes, Neuquén Province to Pitrufquén, Chile",,,1.23821483311309,229.06505117738331,-71.556,-39.559
"Directions from San Martín de los Andes, Neuquén Province to Pitrufquén, Chile",,,1.23838453874058,219.34503376175033,-71.556,-39.559
"Directions from San Martín de los Andes, Neuquén Province to Pitrufquén, Chile",,,1.23849270527884,208.26186084966935,-71.556,-39.559
"Directions from San Martín de los Andes, Neuquén Province to Pitrufquén, Chile",,,1.23869886056012,198.43494882296997,-71.556,-39.560
"Directions from San Martín de los Andes, Neuquén Province to Pitrufquén, Chile",,,1.23890501584140,191.52778295003367,-71.556,-39.560
"Directions from San Martín de los Andes, Neuquén Province to Pitrufquén, Chile",,,1.23954290297875,190.93351364516593,-71.556,-39.560
"Directions from San Martín de los Andes, Neuquén Province to Pitrufquén, Chile",,,1.24012753961804,186.42385242933503,-71.556,-39.561
"Directions from San Martín de los Andes, Neuquén Province to Pitrufquén, Chile",,,1.24014753961805,187.41323998530953,-71.556,-39.561
"Directions from San Martín de los Andes, Neuquén Province to Pitrufquén, Chile",,,1.24049924972594,198.65295718348909,-71.557,-39.561
"Directions from San Martín de los Andes, Neuquén Province to Pitrufquén, Chile",,,1.24081309682247,206.72159546780847,-71.557,-39.562
"Directions from San Martín de los Andes, Neuquén Province to Pitrufquén, Chile",,,1.24087140634142,207.88897676470839,-71.557,-39.562
"Directions from San Martín de los Andes, Neuquén Province to Pitrufquén, Chile",,,1.24189600382337,208.40979010003608,-71.557,-39.563
"Directions from San Martín de los Andes, Neuquén Province to Pitrufquén, Chile",,,1.24199034363468,209.17153568804520,-71.557,-39.563
"Directions from San Martín de los Andes, Neuquén Province to Pitrufquén, Chile",,,1.24311733076860,203.44686669176491,-71.558,-39.564
"Directions from San Martín de los Andes, Neuquén Province to Pitrufquén, Chile",,,1.24320277080605,204.13727342267640,-71.558,-39.564
"Directions from San Martín de los Andes, Neuquén Province to Pitrufquén, Chile",,,1.24386925411417,206.45981263846747,-71.558,-39.564
"Directions from San Martín de los Andes, Neuquén Province to Pitrufquén, Chile",,,1.24405713705645,207.47300247231223,-71.558,-39.564
"Directions from San Martín de los Andes, Neuquén Province to Pitrufquén, Chile",,,1.24413775963393,211.63144497019869,-71.558,-39.565
"Directions from San Martín de los Andes, Neuquén Province to Pitrufquén, Chile",,,1.24506133962505,217.35196690529881,-71.559,-39.565
"Directions from San Martín de los Andes, Neuquén Province to Pitrufquén, Chile",,,1.24548654545756,219.92286670979135,-71.559,-39.566
"Directions from San Martín de los Andes, Neuquén Province to Pitrufquén, Chile",,,1.24580670166943,221.82990413023907,-71.559,-39.566
"Directions from San Martín de los Andes, Neuquén Province to Pitrufquén, Chile",,,1.24584912807631,220.93494882604321,-71.559,-39.566
"Directions from San Martín de los Andes, Neuquén Province to Pitrufquén, Chile",,,1.24599912807631,218.89214043271485,-71.559,-39.566
"Directions from San Martín de los Andes, Neuquén Province to Pitrufquén, Chile",,,1.24619762240872,216.45988321444904,-71.559,-39.566
"Directions from San Martín de los Andes, Neuquén Province to Pitrufquén, Chile",,,1.24638630203136,209.95132712007867,-71.559,-39.566
"Directions from San Martín de los Andes, Neuquén Province to Pitrufquén, Chile",,,1.24657865587198,210.79366927790085,-71.560,-39.567
"Directions from San Martín de los Andes, Neuquén Province to Pitrufquén, Chile",,,1.24672287792299,209.06701115283357,-71.560,-39.567
"Directions from San Martín de los Andes, Neuquén Province to Pitrufquén, Chile",,,1.24696453884247,201.06417340387435,-71.560,-39.567
"Directions from San Martín de los Andes, Neuquén Province to Pitrufquén, Chile",,,1.24768876256481,201.75269199969028,-71.560,-39.568
"Directions from San Martín de los Andes, Neuquén Province to Pitrufquén, Chile",,,1.24803314607196,202.12797039993899,-71.560,-39.568
"Directions from San Martín de los Andes, Neuquén Province to Pitrufquén, Chile",,,1.24806476884856,201.51253299656557,-71.560,-39.568
"Directions from San Martín de los Andes, Neuquén Province to Pitrufquén, Chile",,,1.24871361397646,208.23485700676156,-71.560,-39.568
"Directions from San Martín de los Andes, Neuquén Province to Pitrufquén, Chile",,,1.24967927437225,210.54942176855181,-71.561,-39.569
"Directions from San Martín de los Andes, Neuquén Province to Pitrufquén, Chile",,,1.25035529212350,210.48936338757707,-71.561,-39.570
"Directions from San Martín de los Andes, Neuquén Province to Pitrufquén, Chile",,,1.25109623746562,214.90326130896497,-71.562,-39.571
"Directions from San Martín de los Andes, Neuquén Province to Pitrufquén, Chile",,,1.25138829910295,225.23922525122805,-71.562,-39.571
"Directions from San Martín de los Andes, Neuquén Province to Pitrufquén, Chile",,,1.25155231129761,239.61640872868321,-71.562,-39.571
"Directions from San Martín de los Andes, Neuquén Province to Pitrufquén, Chile",,,1.25170462675973,235.90070472334679,-71.562,-39.571
"Directions from San Martín de los Andes, Neuquén Province to Pitrufquén, Chile",,,1.25171876889535,240.03429139108249,-71.562,-39.571
"Directions from San Martín de los Andes, Neuquén Province to Pitrufquén, Chile",,,1.25187401064232,262.53429141143801,-71.562,-39.571
"Directions from San Martín de los Andes, Neuquén Province to Pitrufquén, Chile",,,1.25194401064231,266.82990412605210,-71.562,-39.571
"Directions from San Martín de los Andes, Neuquén Province to Pitrufquén, Chile",,,1.25203456449369,268.87271251665953,-71.562,-39.571
"Directions from San Martín de los Andes, Neuquén Province to Pitrufquén, Chile",,,1.25217492118217,285.32533397914636,-71.563,-39.571
"Directions from San Martín de los Andes, Neuquén Province to Pitrufquén, Chile",,,1.25219728186195,288.28651548857658,-71.563,-39.571
"Directions from San Martín de los Andes, Neuquén Province to Pitrufquén, Chile",,,1.25236990862697,282.63154925219283,-71.563,-39.571
"Directions from San Martín de los Andes, Neuquén Province to Pitrufquén, Chile",,,1.25259794371199,288.52826409462921,-71.563,-39.571
"Directions from San Martín de los Andes, Neuquén Province to Pitrufquén, Chile",,,1.25275949865620,290.31305975151867,-71.563,-39.571
"Directions from San Martín de los Andes, Neuquén Province to Pitrufquén, Chile",,,1.25322436422817,296.25738877360044,-71.564,-39.571
"Directions from San Martín de los Andes, Neuquén Province to Pitrufquén, Chile",,,1.25326041974092,296.06250817601671,-71.564,-39.571
"Directions from San Martín de los Andes, Neuquén Province to Pitrufquén, Chile",,,1.25329204251753,296.98631330909865,-71.564,-39.571
"Directions from San Martín de los Andes, Neuquén Province to Pitrufquén, Chile",,,1.25337806577020,310.26883889763764,-71.564,-39.571
"Directions from San Martín de los Andes, Neuquén Province to Pitrufquén, Chile",,,1.25343463431269,322.01812173246645,-71.564,-39.571
"Directions from San Martín de los Andes, Neuquén Province to Pitrufquén, Chile",,,1.25355125335058,334.52656847181368,-71.564,-39.570
"Directions from San Martín de los Andes, Neuquén Province to Pitrufquén, Chile",,,1.25366830034969,343.60631370666374,-71.564,-39.570
"Directions from San Martín de los Andes, Neuquén Province to Pitrufquén, Chile",,,1.25389391063315,352.38811235917387,-71.564,-39.570
"Directions from San Martín de los Andes, Neuquén Province to Pitrufquén, Chile",,,1.25460454415333,356.35798817306846,-71.564,-39.569
"Directions from San Martín de los Andes, Neuquén Province to Pitrufquén, Chile",,,1.25554794226653,352.83658167554796,-71.564,-39.568
"Directions from San Martín de los Andes, Neuquén Province to Pitrufquén, Chile",,,1.25560876989183,352.58602343106060,-71.564,-39.568
"Directions from San Martín de los Andes, Neuquén Province to Pitrufquén, Chile",,,1.25742673578810,355.35073640049694,-71.564,-39.567
"Directions from San Martín de los Andes, Neuquén Province to Pitrufquén, Chile",,,1.25903051258055,358.03355186377320,-71.564,-39.565
"Directions from San Martín de los Andes, Neuquén Province to Pitrufquén, Chile",,,1.25912051258055,357.88180260130372,-71.564,-39.565
"Directions from San Martín de los Andes, Neuquén Province to Pitrufquén, Chile",,,1.25939125230797,354.31929442575677,-71.564,-39.565
"Directions from San Martín de los Andes, Neuquén Province to Pitrufquén, Chile",,,1.25955249746294,356.43749182445299,-71.564,-39.564
"Directions from San Martín de los Andes, Neuquén Province to Pitrufquén, Chile",,,1.26011249746294,1.58991506043318,-71.564,-39.564
"Directions from San Martín de los Andes, Neuquén Province to Pitrufquén, Chile",,,1.26029277502671,6.32107616371245,-71.564,-39.564
"Directions from San Martín de los Andes, Neuquén Province to Pitrufquén, Chile",,,1.26047525790262,7.90125697573774,-71.564,-39.564
"Directions from San Martín de los Andes, Neuquén Province to Pitrufquén, Chile",,,1.26074691945676,10.18821760881649,-71.564,-39.563
"Directions from San Martín de los Andes, Neuquén Province to Pitrufquén, Chile",,,1.26082938156927,10.18821761030593,-71.564,-39.563
"Directions from San Martín de los Andes, Neuquén Province to Pitrufquén, Chile",,,1.26101048927204,7.90125697777733,-71.564,-39.563
"Directions from San Martín de los Andes, Neuquén Province to Pitrufquén, Chile",,,1.26174042077567,13.94863551936154,-71.564,-39.562
"Directions from San Martín de los Andes, Neuquén Province to Pitrufquén, Chile",,,1.26177204355227,15.44889913294218,-71.564,-39.562
"Directions from San Martín de los Andes, Neuquén Province to Pitrufquén, Chile",,,1.26459864929061,11.60087326817820,-71.563,-39.559
"Directions from San Martín de los Andes, Neuquén Province to Pitrufquén, Chile",,,1.26518898817634,11.98970850796129,-71.563,-39.559
"Directions from San Martín de los Andes, Neuquén Province to Pitrufquén, Chile",,,1.26536363066831,11.35142106047245,-71.563,-39.559
"Directions from San Martín de los Andes, Neuquén Province to Pitrufquén, Chile",,,1.26554611354421,7.73566408191499,-71.563,-39.559
"Directions from San Martín de los Andes, Neuquén Province to Pitrufquén, Chile",,,1.26592821300770,3.00450297863573,-71.563,-39.558
"Directions from San Martín de los Andes, Neuquén Province to Pitrufquén, Chile",,,1.26626821300770,355.26883889562043,-71.563,-39.558
"Directions from San Martín de los Andes, Neuquén Province to Pitrufquén, Chile",,,1.26663317875952,355.26883889562043,-71.563,-39.557
"Directions from San Martín de los Andes, Neuquén Province to Pitrufquén, Chile",,,1.26664317875952,349.72197739062653,-71.563,-39.557
"Directions from San Martín de los Andes, Neuquén Province to Pitrufquén, Chile",,,1.26698493890933,327.22197738044878,-71.563,-39.557
"Directions from San Martín de los Andes, Neuquén Province to Pitrufquén, Chile",,,1.26699908104496,325.44888273941785,-71.563,-39.557
"Directions from San Martín de los Andes, Neuquén Province to Pitrufquén, Chile",,,1.26741537421089,332.89201617408918,-71.564,-39.557
"Directions from San Martín de los Andes, Neuquén Province to Pitrufquén, Chile",,,1.26857140189221,332.72115603480808,-71.564,-39.556
"Directions from San Martín de los Andes, Neuquén Province to Pitrufquén, Chile",,,1.26905472373116,339.49948692196347,-71.564,-39.555
"Directions from San Martín de los Andes, Neuquén Province to Pitrufquén, Chile",,,1.26944072891247,350.03823397940755,-71.564,-39.555
"Directions from San Martín de los Andes, Neuquén Province to Pitrufquén, Chile",,,1.26978131663979,358.31676966775865,-71.564,-39.555
"Directions from San Martín de los Andes, Neuquén Province to Pitrufquén, Chile",,,1.27010131663979,4.84439328078348,-71.564,-39.554
"Directions from San Martín de los Andes, Neuquén Province to Pitrufquén, Chile",,,1.27051724932665,4.84439328078347,-71.564,-39.554
"Directions from San Martín de los Andes, Neuquén Province to Pitrufquén, Chile",,,1.27052724932665,6.23523086086674,-71.564,-39.554
"Directions from San Martín de los Andes, Neuquén Province to Pitrufquén, Chile",,,1.27159237842681,8.99900093627514,-71.564,-39.553
"Directions from San Martín de los Andes, Neuquén Province to Pitrufquén, Chile",,,1.27190382665686,1.57079805982591,-71.564,-39.553
"Directions from San Martín de los Andes, Neuquén Province to Pitrufquén, Chile",,,1.27214403489985,352.75964944690440,-71.564,-39.552
"Directions from San Martín de los Andes, Neuquén Province to Pitrufquén, Chile",,,1.27228721311048,341.97137697561749,-71.564,-39.552
"Directions from San Martín de los Andes, Neuquén Province to Pitrufquén, Chile",,,1.27248419026652,328.47182607025530,-71.564,-39.552
"Directions from San Martín de los Andes, Neuquén Province to Pitrufquén, Chile",,,1.27269034554780,316.04603313871860,-71.564,-39.552
"Directions from San Martín de los Andes, Neuquén Province to Pitrufquén, Chile",,,1.27290294846405,305.46540323058690,-71.565,-39.552
"Directions from San Martín de los Andes, Neuquén Province to Pitrufquén, Chile",,,1.27314481619650,298.15496623753205,-71.565,-39.552
"Directions from San Martín de los Andes, Neuquén Province to Pitrufquén, Chile",,,1.27348022639312,300.36237286144478,-71.565,-39.551
"Directions from San Martín de los Andes, Neuquén Province to Pitrufquén, Chile",,,1.27381860487944,307.89661694062937,-71.565,-39.551
"Directions from San Martín de los Andes, Neuquén Province to Pitrufquén, Chile",,,1.27393902082522,320.10198685957243,-71.565,-39.551
"Directions from San Martín de los Andes, Neuquén Province to Pitrufquén, Chile",,,1.27414997105633,331.89764690802872,-71.566,-39.551
"Directions from San Martín de los Andes, Neuquén Province to Pitrufquén, Chile",,,1.27443632747759,337.42421210929081,-71.566,-39.551
"Directions from San Martín de los Andes, Neuquén Province to Pitrufquén, Chile",,,1.27480969057164,336.52925680340883,-71.566,-39.550
"Directions from San Martín de los Andes, Neuquén Province to Pitrufquén, Chile",,,1.27496621533007,341.98631330793546,-71.566,-39.550
"Directions from San Martín de los Andes, Neuquén Province to Pitrufquén, Chile",,,1.27508787058067,352.88701805157262,-71.566,-39.550
"Directions from San Martín de los Andes, Neuquén Province to Pitrufquén, Chile",,,1.27520828652646,1.18068732963856,-71.566,-39.550
"Directions from San Martín de los Andes, Neuquén Province to Pitrufquén, Chile",,,1.27528890910394,3.56250817570356,-71.566,-39.550
"Directions from San Martín de los Andes, Neuquén Province to Pitrufquén, Chile",,,1.27532890910395,6.49730839504340,-71.566,-39.550
"Directions from San Martín de los Andes, Neuquén Province to Pitrufquén, Chile",,,1.27546232574459,6.49730839504338,-71.566,-39.550
"Directions from San Martín de los Andes, Neuquén Province to Pitrufquén, Chile",,,1.27550232574459,6.30966114692266,-71.566,-39.550
"Directions from San Martín de los Andes, Neuquén Province to Pitrufquén, Chile",,,1.27618891150034,10.61748523916914,-71.566,-39.549
"Directions from San Martín de los Andes, Neuquén Province to Pitrufquén, Chile",,,1.27652267788570,4.30782409224651,-71.566,-39.549
"Directions from San Martín de los Andes, Neuquén Province to Pitrufquén, Chile",,,1.27682267788570,357.51512963518104,-71.566,-39.548
"Directions from San Martín de los Andes, Neuquén Province to Pitrufquén, Chile",,,1.27705354581332,357.51512963518104,-71.566,-39.548
"Directions from San Martín de los Andes, Neuquén Province to Pitrufquén, Chile",,,1.27709354581332,2.85529656965675,-71.566,-39.548
"Directions from San Martín de los Andes, Neuquén Province to Pitrufquén, Chile",,,1.27729454332574,8.16512420688937,-71.566,-39.548
"Directions from San Martín de los Andes, Neuquén Province to Pitrufquén, Chile",,,1.27745733153170,5.30982763723263,-71.566,-39.548
"Directions from San Martín de los Andes, Neuquén Province to Pitrufquén, Chile",,,1.27746733153170,12.50844673994149,-71.566,-39.548
"Directions from San Martín de los Andes, Neuquén Province to Pitrufquén, Chile",,,1.27763286098528,28.51113834306838,-71.566,-39.548
"Directions from San Martín de los Andes, Neuquén Province to Pitrufquén, Chile",,,1.27782154060791,37.51522459739580,-71.565,-39.547
"Directions from San Martín de los Andes, Neuquén Province to Pitrufquén, Chile",,,1.27802672345320,46.39435383956180,-71.565,-39.547
"Directions from San Martín de los Andes, Neuquén Province to Pitrufquén, Chile",,,1.27819701731686,57.20873287450378,-71.565,-39.547
"Directions from San Martín de los Andes, Neuquén Province to Pitrufquén, Chile",,,1.27840725527728,68.10943761774986,-71.565,-39.547
"Directions from San Martín de los Andes, Neuquén Province to Pitrufquén, Chile",,,1.27869186026669,74.51812173420272,-71.565,-39.547
"Directions from San Martín de los Andes, Neuquén Province to Pitrufquén, Chile",,,1.27887625115584,68.25371788002607,-71.565,-39.547
"Directions from San Martín de los Andes, Neuquén Province to Pitrufquén, Chile",,,1.27905117971269,54.61533618556020,-71.564,-39.547
"Directions from San Martín de los Andes, Neuquén Province to Pitrufquén, Chile",,,1.27912928220944,44.99999999833149,-71.564,-39.547
"Directions from San Martín de los Andes, Neuquén Province to Pitrufquén, Chile",,,1.27920738470620,28.25240766637147,-71.564,-39.547
"Directions from San Martín de los Andes, Neuquén Province to Pitrufquén, Chile",,,1.27931178777130,11.91213028993072,-71.564,-39.547
"Directions from San Martín de los Andes, Neuquén Province to Pitrufquén, Chile",,,1.27939241034877,359.49745699809313,-71.564,-39.547
"Directions from San Martín de los Andes, Neuquén Province to Pitrufquén, Chile",,,1.27946312102689,344.62501635325958,-71.564,-39.546
"Directions from San Martín de los Andes, Neuquén Province to Pitrufquén, Chile",,,1.27959312102689,326.19006752382381,-71.564,-39.546
"Directions from San Martín de los Andes, Neuquén Province to Pitrufquén, Chile",,,1.27966383170501,310.26883889285136,-71.564,-39.546
"Directions from San Martín de los Andes, Neuquén Province to Pitrufquén, Chile",,,1.27974985495769,298.04686150467865,-71.564,-39.546
"Directions from San Martín de los Andes, Neuquén Province to Pitrufquén, Chile",,,1.27992073503259,285.93298884680183,-71.565,-39.546
"Directions from San Martín de los Andes, Neuquén Province to Pitrufquén, Chile",,,1.28017568600828,277.33819656868991,-71.565,-39.546
"Directions from San Martín de los Andes, Neuquén Province to Pitrufquén, Chile",,,1.28051627373559,268.82793376413923,-71.565,-39.546
"Directions from San Martín de los Andes, Neuquén Province to Pitrufquén, Chile",,,1.28061677249180,244.64470341210389,-71.565,-39.546
"Directions from San Martín de los Andes, Neuquén Province to Pitrufquén, Chile",,,1.28063091462742,245.59296256330992,-71.565,-39.546
"Directions from San Martín de los Andes, Neuquén Province to Pitrufquén, Chile",,,1.28078124759121,268.09296258366544,-71.565,-39.546
"Directions from San Martín de los Andes, Neuquén Province to Pitrufquén, Chile",,,1.28096124759121,277.62755934996306,-71.566,-39.546
"Directions from San Martín de los Andes, Neuquén Province to Pitrufquén, Chile",,,1.28107526513373,277.62755934996306,-71.566,-39.546
"Directions from San Martín de los Andes, Neuquén Province to Pitrufquén, Chile",,,1.28108526513371,281.30993247353842,-71.566,-39.546
"Directions from San Martín de los Andes, Neuquén Province to Pitrufquén, Chile",,,1.28121526513372,296.79181074017390,-71.566,-39.546
"Directions from San Martín de los Andes, Neuquén Province to Pitrufquén, Chile",,,1.28127357465267,307.98187826663542,-71.566,-39.546
"Directions from San Martín de los Andes, Neuquén Province to Pitrufquén, Chile",,,1.28131600105954,324.21747440738989,-71.566,-39.546
"Directions from San Martín de los Andes, Neuquén Province to Pitrufquén, Chile",,,1.28133836173932,338.74477646000099,-71.566,-39.546
"Directions from San Martín de los Andes, Neuquén Province to Pitrufquén, Chile",,,1.28141116283821,352.02730205261111,-71.566,-39.546
"Directions from San Martín de los Andes, Neuquén Province to Pitrufquén, Chile",,,1.28148116283821,7.01812173635801,-71.566,-39.546
"Directions from San Martín de los Andes, Neuquén Province to Pitrufquén, Chile",,,1.28152239389446,19.40569201858947,-71.566,-39.546
"Directions from San Martín de los Andes, Neuquén Province to Pitrufquén, Chile",,,1.28166557210510,30.82251910352502,-71.566,-39.546
"Directions from San Martín de los Andes, Neuquén Province to Pitrufquén, Chile",,,1.28171557210509,44.10504469524148,-71.566,-39.546
"Directions from San Martín de los Andes, Neuquén Province to Pitrufquén, Chile",,,1.28177960334747,57.38757028564156,-71.566,-39.546
"Directions from San Martín de los Andes, Neuquén Province to Pitrufquén, Chile",,,1.28256222713960,61.05312797773540,-71.565,-39.545
"Directions from San Martín de los Andes, Neuquén Province to Pitrufquén, Chile",,,1.28283148537996,57.49061980305186,-71.565,-39.545
"Directions from San Martín de los Andes, Neuquén Province to Pitrufquén, Chile",,,1.28315598499475,59.87244064032890,-71.565,-39.545
"Directions from San Martín de los Andes, Neuquén Province to Pitrufquén, Chile",,,1.28317834567452,67.49999999389334,-71.565,-39.545
"Directions from San Martín de los Andes, Neuquén Province to Pitrufquén, Chile",,,1.28320996845112,74.51812173623829,-71.565,-39.545
"Directions from San Martín de los Andes, Neuquén Province to Pitrufquén, Chile",,,1.28330216389569,83.73559614566373,-71.564,-39.545
"Directions from San Martín de los Andes, Neuquén Province to Pitrufquén, Chile",,,1.28335216389569,92.85529656754058,-71.564,-39.545
"Directions from San Martín de los Andes, Neuquén Province to Pitrufquén, Chile",,,1.28345266265191,101.20491868491089,-71.564,-39.545
"Directions from San Martín de los Andes, Neuquén Province to Pitrufquén, Chile",,,1.28366146878209,113.83150038101230,-71.564,-39.545
"Directions from San Martín de los Andes, Neuquén Province to Pitrufquén, Chile",,,1.28371977830104,117.70385565496566,-71.564,-39.545
"Directions from San Martín de los Andes, Neuquén Province to Pitrufquén, Chile",,,1.28384060876077,124.72197739132362,-71.564,-39.545
"Directions from San Martín de los Andes, Neuquén Province to Pitrufquén, Chile",,,1.28385475089640,116.98631330667799,-71.564,-39.545
"Directions from San Martín de los Andes, Neuquén Province to Pitrufquén, Chile",,,1.28404710473702,89.75515220266520,-71.564,-39.545
"Directions from San Martín de los Andes, Neuquén Province to Pitrufquén, Chile",,,1.28416875998762,69.78696062935175,-71.564,-39.545
"Directions from San Martín de los Andes, Neuquén Province to Pitrufquén, Chile",,,1.28422706950657,52.01812173336456,-71.564,-39.545
"Directions from San Martín de los Andes, Neuquén Province to Pitrufquén, Chile",,,1.28432606445593,40.51368669123144,-71.564,-39.545
"Directions from San Martín de los Andes, Neuquén Province to Pitrufquén, Chile",,,1.28446207916102,27.23116110676355,-71.563,-39.545
"Directions from San Martín de los Andes, Neuquén Province to Pitrufquén, Chile",,,1.28449370193761,21.72592115461927,-71.563,-39.545
"Directions from San Martín de los Andes, Neuquén Province to Pitrufquén, Chile",,,1.28482476084476,18.16341297805450,-71.563,-39.545
"Directions from San Martín de los Andes, Neuquén Province to Pitrufquén, Chile",,,1.28492674123503,8.51026280449256,-71.563,-39.544
"Directions from San Martín de los Andes, Neuquén Province to Pitrufquén, Chile",,,1.28502723999125,2.85529656552519,-71.563,-39.544
"Directions from San Martín de los Andes, Neuquén Province to Pitrufquén, Chile",,,1.28510723999124,354.34503376533860,-71.563,-39.544
"Directions from San Martín de los Andes, Neuquén Province to Pitrufquén, Chile",,,1.28520922038152,345.99541164927558,-71.563,-39.544
"Directions from San Martín de los Andes, Neuquén Province to Pitrufquén, Chile",,,1.28531362344660,336.77793723170788,-71.563,-39.544
"Directions from San Martín de los Andes, Neuquén Province to Pitrufquén, Chile",,,1.28539424602409,341.56505117739118,-71.563,-39.544
"Directions from San Martín de los Andes, Neuquén Province to Pitrufquén, Chile",,,1.28547486860158,356.43749182962017,-71.563,-39.544
"Directions from San Martín de los Andes, Neuquén Province to Pitrufquén, Chile",,,1.28555486860157,7.46570858889985,-71.563,-39.544
"Directions from San Martín de los Andes, Neuquén Province to Pitrufquén, Chile",,,1.28571011034853,29.96570858381097,-71.563,-39.544
"Directions from San Martín de los Andes, Neuquén Province to Pitrufquén, Chile",,,1.28573839461977,56.59929525126726,-71.563,-39.544
"Directions from San Martín de los Andes, Neuquén Province to Pitrufquén, Chile",,,1.28589994956399,88.31676967188828,-71.563,-39.544
"Directions from San Martín de los Andes, Neuquén Province to Pitrufquén, Chile",,,1.28593157234059,99.21747441553212,-71.563,-39.544
"Directions from San Martín de los Andes, Neuquén Province to Pitrufquén, Chile",,,1.28597157234059,100.90070474247401,-71.563,-39.544
"Directions from San Martín de los Andes, Neuquén Province to Pitrufquén, Chile",,,1.28602542398866,100.90070474247401,-71.563,-39.544
"Directions from San Martín de los Andes, Neuquén Province to Pitrufquén, Chile",,,1.28604542398867,105.48187826663546,-71.563,-39.544
"Directions from San Martín de los Andes, Neuquén Province to Pitrufquén, Chile",,,1.28610373350762,130.26883889611662,-71.563,-39.544
"Directions from San Martín de los Andes, Neuquén Province to Pitrufquén, Chile",,,1.28645841646464,137.28696063287379,-71.563,-39.544
"Directions from San Martín de los Andes, Neuquén Province to Pitrufquén, Chile",,,1.28650084287151,129.34503376794828,-71.563,-39.544
"Directions from San Martín de los Andes, Neuquén Province to Pitrufquén, Chile",,,1.28653689838426,120.12755935309470,-71.563,-39.544
"Directions from San Martín de los Andes, Neuquén Province to Pitrufquén, Chile",,,1.28660398042359,112.50000000067854,-71.563,-39.544
"Directions from San Martín de los Andes, Neuquén Province to Pitrufquén, Chile",,,1.28669884875339,103.94863551587726,-71.563,-39.544
"Directions from San Martín de los Andes, Neuquén Province to Pitrufquén, Chile",,,1.28694215925461,94.73116110373773,-71.562,-39.544
"Directions from San Martín de los Andes, Neuquén Province to Pitrufquén, Chile",,,1.28710215925460,94.73116110181222,-71.562,-39.544
"Directions from San Martín de los Andes, Neuquén Province to Pitrufquén, Chile",,,1.28716298687991,92.82412368471208,-71.562,-39.544
"Directions from San Martín de los Andes, Neuquén Province to Pitrufquén, Chile",,,1.28746365280747,76.11171809603049,-71.562,-39.544
"Directions from San Martín de los Andes, Neuquén Province to Pitrufquén, Chile",,,1.28756214138549,63.14631486403318,-71.562,-39.544
"Directions from San Martín de los Andes, Neuquén Province to Pitrufquén, Chile",,,1.28764276396297,55.79765522360930,-71.562,-39.544
"Directions from San Martín de los Andes, Neuquén Province to Pitrufquén, Chile",,,1.28777082644772,47.21551965659258,-71.562,-39.544
"Directions from San Martín de los Andes, Neuquén Province to Pitrufquén, Chile",,,1.28819532615326,37.02730204752789,-71.561,-39.544
"Directions from San Martín de los Andes, Neuquén Province to Pitrufquén, Chile",,,1.28825363567221,33.91682708493556,-71.561,-39.544
"Directions from San Martín de los Andes, Neuquén Province to Pitrufquén, Chile",,,1.28830363567220,31.71747441390368,-71.561,-39.543
"Directions from San Martín de los Andes, Neuquén Province to Pitrufquén, Chile",,,1.28837071771153,13.28252559261011,-71.561,-39.543
"Directions from San Martín de los Andes, Neuquén Province to Pitrufquén, Chile",,,1.28838071771154,7.97269794738889,-71.561,-39.543
"Directions from San Martín de los Andes, Neuquén Province to Pitrufquén, Chile",,,1.28845351881043,7.97269794738889,-71.561,-39.543
"Directions from San Martín de los Andes, Neuquén Province to Pitrufquén, Chile",,,1.28850351881042,353.73559614781902,-71.561,-39.543
"Directions from San Martín de los Andes, Neuquén Province to Pitrufquén, Chile",,,1.28859571425499,338.25371787819012,-71.561,-39.543
"Directions from San Martín de los Andes, Neuquén Province to Pitrufquén, Chile",,,1.28865402377395,319.16282516262896,-71.561,-39.543
"Directions from San Martín de los Andes, Neuquén Province to Pitrufquén, Chile",,,1.28879615047798,305.12658169889335,-71.561,-39.543
"Directions from San Martín de los Andes, Neuquén Province to Pitrufquén, Chile",,,1.28885445999693,293.83150038213830,-71.561,-39.543
"Directions from San Martín de los Andes, Neuquén Province to Pitrufquén, Chile",,,1.28895886306202,291.63214771218401,-71.561,-39.543
"Directions from San Martín de los Andes, Neuquén Province to Pitrufquén, Chile",,,1.28898122374179,293.05085306531277,-71.561,-39.543
"Directions from San Martín de los Andes, Neuquén Province to Pitrufquén, Chile",,,1.28931016142587,293.05085305988456,-71.562,-39.543
"Directions from San Martín de los Andes, Neuquén Province to Pitrufquén, Chile",,,1.28937724346519,303.18531113471613,-71.562,-39.543
"Directions from San Martín de los Andes, Neuquén Province to Pitrufquén, Chile",,,1.28945534596195,318.90009393964999,-71.562,-39.543
"Directions from San Martín de los Andes, Neuquén Province to Pitrufquén, Chile",,,1.28954968577327,334.77983398065487,-71.562,-39.543
"Directions from San Martín de los Andes, Neuquén Province to Pitrufquén, Chile",,,1.28958130854987,351.62486774367989,-71.562,-39.543
"Directions from San Martín de los Andes, Neuquén Province to Pitrufquén, Chile",,,1.28992145557690,10.05981657270860,-71.562,-39.542
"Directions from San Martín de los Andes, Neuquén Province to Pitrufquén, Chile",,,1.28995307835351,9.21747441349656,-71.562,-39.542
"Directions from San Martín de los Andes, Neuquén Province to Pitrufquén, Chile",,,1.28997307835351,16.84503376612151,-71.562,-39.542
"Directions from San Martín de los Andes, Neuquén Province to Pitrufquén, Chile",,,1.29000913386627,39.34503376408596,-71.562,-39.542
"Directions from San Martín de los Andes, Neuquén Province to Pitrufquén, Chile",,,1.29007984454437,52.01812173132900,-71.562,-39.542
"Directions from San Martín de los Andes, Neuquén Province to Pitrufquén, Chile",,,1.29013815406333,61.23559614482556,-71.562,-39.542
"Directions from San Martín de los Andes, Neuquén Province to Pitrufquén, Chile",,,1.29029467882175,66.13684450280741,-71.562,-39.542
"Directions from San Martín de los Andes, Neuquén Province to Pitrufquén, Chile",,,1.29062709422452,70.20189568007042,-71.561,-39.542
"Directions from San Martín de los Andes, Neuquén Province to Pitrufquén, Chile",,,1.29097494476715,69.18323033260188,-71.561,-39.542
"Directions from San Martín de los Andes, Neuquén Province to Pitrufquén, Chile",,,1.29105110249820,71.38258300991458,-71.561,-39.542
"Directions from San Martín de los Andes, Neuquén Province to Pitrufquén, Chile",,,1.29125725777949,69.69935267648000,-71.561,-39.542
"Directions from San Martín de los Andes, Neuquén Province to Pitrufquén, Chile",,,1.29143614321768,57.38757028439114,-71.561,-39.542
"Directions from San Martín de los Andes, Neuquén Province to Pitrufquén, Chile",,,1.29150017446006,42.51512963693781,-71.561,-39.542
"Directions from San Martín de los Andes, Neuquén Province to Pitrufquén, Chile",,,1.29164439651107,26.06250817648644,-71.560,-39.542
"Directions from San Martín de los Andes, Neuquén Province to Pitrufquén, Chile",,,1.29170764206428,9.21747441349656,-71.560,-39.542
"Directions from San Martín de los Andes, Neuquén Province to Pitrufquén, Chile",,,1.29178764206428,345.12755935215523,-71.560,-39.541
"Directions from San Martín de los Andes, Neuquén Province to Pitrufquén, Chile",,,1.29186826464176,325.79765522610313,-71.560,-39.541
"Directions from San Martín de los Andes, Neuquén Province to Pitrufquén, Chile",,,1.29193229588413,311.15197414058338,-71.561,-39.541
"Directions from San Martín de los Andes, Neuquén Province to Pitrufquén, Chile",,,1.29199060540309,293.45457621594471,-71.561,-39.541
"Directions from San Martín de los Andes, Neuquén Province to Pitrufquén, Chile",,,1.29206340650199,291.25522353784822,-71.561,-39.541
"Directions from San Martín de los Andes, Neuquén Province to Pitrufquén, Chile",,,1.29208576718175,290.30064732489700,-71.561,-39.541
"Directions from San Martín de los Andes, Neuquén Province to Pitrufquén, Chile",,,1.29212699823801,280.58062990955625,-71.561,-39.541
"Directions from San Martín de los Andes, Neuquén Province to Pitrufquén, Chile",,,1.29220762081549,273.56250817319830,-71.561,-39.541
"Directions from San Martín de los Andes, Neuquén Province to Pitrufquén, Chile",,,1.29240762081549,266.43749182554910,-71.561,-39.541
"Directions from San Martín de los Andes, Neuquén Province to Pitrufquén, Chile",,,1.29256886597045,258.67543632693867,-71.561,-39.541
"Directions from San Martín de los Andes, Neuquén Province to Pitrufquén, Chile",,,1.29275568138738,251.55263336678473,-71.561,-39.541
"Directions from San Martín de los Andes, Neuquén Province to Pitrufquén, Chile",,,1.29300266316808,246.03216327685621,-71.562,-39.541
"Directions from San Martín de los Andes, Neuquén Province to Pitrufquén, Chile",,,1.29304738452763,246.99745699831243,-71.562,-39.541
"Directions from San Martín de los Andes, Neuquén Province to Pitrufquén, Chile",,,1.29322766209142,243.43494882229572,-71.562,-39.541
"Directions from San Martín de los Andes, Neuquén Province to Pitrufquén, Chile",,,1.29326371760417,244.80534411807400,-71.562,-39.542
"Directions from San Martín de los Andes, Neuquén Province to Pitrufquén, Chile",,,1.29336812066926,255.38597402829348,-71.562,-39.542
"Directions from San Martín de los Andes, Neuquén Province to Pitrufquén, Chile",,,1.29346031611383,263.73559614566375,-71.562,-39.542
"Directions from San Martín de los Andes, Neuquén Province to Pitrufquén, Chile",,,1.29359031611383,276.26440385433625,-71.562,-39.542
"Directions from San Martín de los Andes, Neuquén Province to Pitrufquén, Chile",,,1.29368251155840,276.26440385433625,-71.562,-39.542
"Directions from San Martín de los Andes, Neuquén Province to Pitrufquén, Chile",,,1.29370251155839,278.34962211737030,-71.562,-39.542
"Directions from San Martín de los Andes, Neuquén Province to Pitrufquén, Chile",,,1.29380691462349,291.63214769776704,-71.562,-39.542
"Directions from San Martín de los Andes, Neuquén Province to Pitrufquén, Chile",,,1.29382927530327,315.00000000814225,-71.562,-39.541
"Directions from San Martín de los Andes, Neuquén Province to Pitrufquén, Chile",,,1.29385163598304,324.21747442265655,-71.562,-39.541
"Directions from San Martín de los Andes, Neuquén Province to Pitrufquén, Chile",,,1.29387992025429,322.01812172947302,-71.562,-39.541
"Directions from San Martín de los Andes, Neuquén Province to Pitrufquén, Chile",,,1.29393822977324,332.13055144974879,-71.562,-39.541
"Directions from San Martín de los Andes, Neuquén Province to Pitrufquén, Chile",,,1.29408140798388,346.44377678608197,-71.562,-39.541
"Directions from San Martín de los Andes, Neuquén Province to Pitrufquén, Chile",,,1.29457181597728,354.10018596523184,-71.562,-39.541
"Directions from San Martín de los Andes, Neuquén Province to Pitrufquén, Chile",,,1.29463264360259,355.26883889433674,-71.562,-39.541
"Directions from San Martín de los Andes, Neuquén Province to Pitrufquén, Chile",,,1.29467264360258,349.09929525401645,-71.562,-39.541
"Directions from San Martín de los Andes, Neuquén Province to Pitrufquén, Chile",,,1.29472649525066,326.59929525910536,-71.563,-39.541
"Directions from San Martín de los Andes, Neuquén Province to Pitrufquén, Chile",,,1.29475477952190,324.21747441247879,-71.563,-39.541
"Directions from San Martín de los Andes, Neuquén Province to Pitrufquén, Chile",,,1.29477714020168,308.73559614374790,-71.563,-39.541
"Directions from San Martín de los Andes, Neuquén Province to Pitrufquén, Chile",,,1.29481837125793,299.51812172618025,-71.563,-39.541
"Directions from San Martín de los Andes, Neuquén Province to Pitrufquén, Chile",,,1.29483251339355,296.56505116669666,-71.563,-39.541
"Directions from San Martín de los Andes, Neuquén Province to Pitrufquén, Chile",,,1.29497393474979,269.79966837239812,-71.563,-39.541
"Directions from San Martín de los Andes, Neuquén Province to Pitrufquén, Chile",,,1.29517617223395,263.35279634959898,-71.563,-39.541
"Directions from San Martín de los Andes, Neuquén Province to Pitrufquén, Chile",,,1.29529658817975,267.61817915407534,-71.563,-39.541
"Directions from San Martín de los Andes, Neuquén Province to Pitrufquén, Chile",,,1.29549658817974,279.21747441146101,-71.563,-39.541
"Directions from San Martín de los Andes, Neuquén Province to Pitrufquén, Chile",,,1.29552821095635,292.50000000000006,-71.563,-39.541
"Directions from San Martín de los Andes, Neuquén Province to Pitrufquén, Chile",,,1.29557293231590,290.30064732010749,-71.563,-39.541
"Directions from San Martín de los Andes, Neuquén Province to Pitrufquén, Chile",,,1.29561416337215,299.51812173411292,-71.563,-39.541
"Directions from San Martín de los Andes, Neuquén Province to Pitrufquén, Chile",,,1.29567073191465,328.28252558701234,-71.563,-39.541
"Directions from San Martín de los Andes, Neuquén Province to Pitrufquén, Chile",,,1.29570235469125,350.78252558446786,-71.563,-39.540
"Directions from San Martín de los Andes, Neuquén Province to Pitrufquén, Chile",,,1.29575235469125,5.65496623857592,-71.563,-39.540
"Directions from San Martín de los Andes, Neuquén Province to Pitrufquén, Chile",,,1.29580334488639,14.87244065207248,-71.563,-39.540
"Directions from San Martín de los Andes, Neuquén Province to Pitrufquén, Chile",,,1.29583496766299,26.06250817648646,-71.563,-39.540
"Directions from San Martín de los Andes, Neuquén Province to Pitrufquén, Chile",,,1.29590707868850,45.00000000000000,-71.563,-39.540
"Directions from San Martín de los Andes, Neuquén Province to Pitrufquén, Chile",,,1.29605130073951,63.32805420779926,-71.563,-39.540
"Directions from San Martín de los Andes, Neuquén Province to Pitrufquén, Chile",,,1.29619996142699,73.47683909378254,-71.563,-39.540
"Directions from San Martín de los Andes, Neuquén Province to Pitrufquén, Chile",,,1.29663170208989,79.03836831851704,-71.563,-39.540
"Directions from San Martín de los Andes, Neuquén Province to Pitrufquén, Chile",,,1.29683393957405,85.73461719552364,-71.562,-39.540
"Directions from San Martín de los Andes, Neuquén Province to Pitrufquén, Chile",,,1.29706393957405,93.79732168402904,-71.562,-39.540
"Directions from San Martín de los Andes, Neuquén Province to Pitrufquén, Chile",,,1.29721526703356,105.77856617089844,-71.562,-39.540
"Directions from San Martín de los Andes, Neuquén Province to Pitrufquén, Chile",,,1.29741224418959,110.33086660423967,-71.562,-39.540
"Directions from San Martín de los Andes, Neuquén Province to Pitrufquén, Chile",,,1.29751664725468,108.39723771346156,-71.562,-39.540
"Directions from San Martín de los Andes, Neuquén Province to Pitrufquén, Chile",,,1.29795322485373,100.04761559609123,-71.561,-39.540
"Directions from San Martín de los Andes, Neuquén Province to Pitrufquén, Chile",,,1.29797322485374,94.93290347131808,-71.561,-39.540
"Directions from San Martín de los Andes, Neuquén Province to Pitrufquén, Chile",,,1.29820667720434,96.36410608488163,-71.561,-39.540
"Directions from San Martín de los Andes, Neuquén Province to Pitrufquén, Chile",,,1.29840692704828,89.04938176763888,-71.561,-39.540
"Directions from San Martín de los Andes, Neuquén Province to Pitrufquén, Chile",,,1.29852734299407,79.64548120399805,-71.561,-39.540
"Directions from San Martín de los Andes, Neuquén Province to Pitrufquén, Chile",,,1.29867294519186,68.74477646138364,-71.561,-39.540
"Directions from San Martín de los Andes, Neuquén Province to Pitrufquén, Chile",,,1.29876238791096,52.85431891506052,-71.561,-39.540
"Directions from San Martín de los Andes, Neuquén Province to Pitrufquén, Chile",,,1.29891104859843,38.48442126937934,-71.561,-39.540
"Directions from San Martín de los Andes, Neuquén Province to Pitrufquén, Chile",,,1.29906916248144,32.33839644998987,-71.560,-39.540
"Directions from San Martín de los Andes, Neuquén Province to Pitrufquén, Chile",,,1.29966949572223,32.33839644998987,-71.560,-39.540
"Directions from San Martín de los Andes, Neuquén Province to Pitrufquén, Chile",,,1.29982760960524,30.63010235838993,-71.560,-39.539
"Directions from San Martín de los Andes, Neuquén Province to Pitrufquén, Chile",,,1.29984997028501,36.70633072459174,-71.560,-39.539
"Directions from San Martín de los Andes, Neuquén Province to Pitrufquén, Chile",,,1.30006928740701,48.30562597727454,-71.560,-39.539
"Directions from San Martín de los Andes, Neuquén Province to Pitrufquén, Chile",,,1.30023958127066,69.88182084529291,-71.560,-39.539
"Directions from San Martín de los Andes, Neuquén Province to Pitrufquén, Chile",,,1.30024958127067,71.21570398596459,-71.560,-39.539
"Directions from San Martín de los Andes, Neuquén Province to Pitrufquén, Chile",,,1.30041359346533,49.96048044650332,-71.560,-39.539
"Directions from San Martín de los Andes, Neuquén Province to Pitrufquén, Chile",,,1.30057638167129,40.58981022196277,-71.559,-39.539
"Directions from San Martín de los Andes, Neuquén Province to Pitrufquén, Chile",,,1.30064849269680,38.10025730180714,-71.559,-39.539
"Directions from San Martín de los Andes, Neuquén Province to Pitrufquén, Chile",,,1.30081128090276,30.47269795387963,-71.559,-39.539
"Directions from San Martín de los Andes, Neuquén Province to Pitrufquén, Chile",,,1.30084290367937,22.77812611526893,-71.559,-39.539
"Directions from San Martín de los Andes, Neuquén Province to Pitrufquén, Chile",,,1.30130355539162,34.15361428390664,-71.559,-39.538
"Directions from San Martín de los Andes, Neuquén Province to Pitrufquén, Chile",,,1.30140985684974,37.43799634825580,-71.559,-39.538
"Directions from San Martín de los Andes, Neuquén Province to Pitrufquén, Chile",,,1.30144591236250,44.07619487082202,-71.559,-39.538
"Directions from San Martín de los Andes, Neuquén Province to Pitrufquén, Chile",,,1.30161795886784,60.41647223883818,-71.559,-39.538
"Directions from San Martín de los Andes, Neuquén Province to Pitrufquén, Chile",,,1.30179260135980,71.98160187049942,-71.559,-39.538
"Directions from San Martín de los Andes, Neuquén Province to Pitrufquén, Chile",,,1.30230455838925,78.75599174234701,-71.558,-39.538
"Directions from San Martín de los Andes, Neuquén Province to Pitrufquén, Chile",,,1.30276161418453,82.36248655241816,-71.558,-39.538
"Directions from San Martín de los Andes, Neuquén Province to Pitrufquén, Chile",,,1.30331388223540,86.56044338720328,-71.557,-39.538
"Directions from San Martín de los Andes, Neuquén Province to Pitrufquén, Chile",,,1.30365402926243,82.13953610920188,-71.557,-39.538
"Directions from San Martín de los Andes, Neuquén Province to Pitrufquén, Chile",,,1.30369526031868,79.26617428258042,-71.557,-39.538
"Directions from San Martín de los Andes, Neuquén Province to Pitrufquén, Chile",,,1.30392720858878,79.88216298126558,-71.557,-39.538
"Directions from San Martín de los Andes, Neuquén Province to Pitrufquén, Chile",,,1.30415281887223,73.17063794813366,-71.556,-39.538
"Directions from San Martín de los Andes, Neuquén Province to Pitrufquén, Chile",,,1.30437754092278,65.26754114621922,-71.556,-39.538
"Directions from San Martín de los Andes, Neuquén Province to Pitrufquén, Chile",,,1.30450284056364,56.36486603915016,-71.556,-39.538
"Directions from San Martín de los Andes, Neuquén Province to Pitrufquén, Chile",,,1.30456687180601,48.17009587903680,-71.556,-39.537
"Directions from San Martín de los Andes, Neuquén Province to Pitrufquén, Chile",,,1.30459515607726,39.34503376599102,-71.556,-39.537
"Directions from San Martín de los Andes, Neuquén Province to Pitrufquén, Chile",,,1.30470332261552,23.86315549686103,-71.556,-39.537
"Directions from San Martín de los Andes, Neuquén Province to Pitrufquén, Chile",,,1.30482701578430,7.01812173595887,-71.556,-39.537
"Directions from San Martín de los Andes, Neuquén Province to Pitrufquén, Chile",,,1.30497701578429,356.43749182445299,-71.556,-39.537
"Directions from San Martín de los Andes, Neuquén Province to Pitrufquén, Chile",,,1.30513826093926,356.43749182445299,-71.556,-39.537
"Directions from San Martín de los Andes, Neuquén Province to Pitrufquén, Chile",,,1.30516826093926,355.69217590784478,-71.556,-39.537
"Directions from San Martín de los Andes, Neuquén Province to Pitrufquén, Chile",,,1.30550202732463,352.45726591546759,-71.556,-39.537
"Directions from San Martín de los Andes, Neuquén Province to Pitrufquén, Chile",,,1.30647824451357,356.15565238986363,-71.556,-39.536
"Directions from San Martín de los Andes, Neuquén Province to Pitrufquén, Chile",,,1.30694835088451,1.07379271444715,-71.556,-39.535
"Directions from San Martín de los Andes, Neuquén Province to Pitrufquén, Chile",,,1.30711864474818,0.51457740227191,-71.556,-39.535
"Directions from San Martín de los Andes, Neuquén Province to Pitrufquén, Chile",,,1.30760905274158,355.03402538585885,-71.556,-39.534
"Directions from San Martín de los Andes, Neuquén Province to Pitrufquén, Chile",,,1.30791170766059,348.49159765669373,-71.556,-39.534
"Directions from San Martín de los Andes, Neuquén Province to Pitrufquén, Chile",,,1.30821253983972,352.28891934090052,-71.556,-39.534
"Directions from San Martín de los Andes, Neuquén Province to Pitrufquén, Chile",,,1.30823253983972,350.78252558813188,-71.556,-39.534
"Directions from San Martín de los Andes, Neuquén Province to Pitrufquén, Chile",,,1.30839065372273,350.78252558813188,-71.556,-39.534
"Directions from San Martín de los Andes, Neuquén Province to Pitrufquén, Chile",,,1.30840065372273,346.71747441213950,-71.556,-39.534
"Directions from San Martín de los Andes, Neuquén Province to Pitrufquén, Chile",,,1.30866898188003,338.04046209361053,-71.556,-39.533
"Directions from San Martín de los Andes, Neuquén Province to Pitrufquén, Chile",,,1.30900424297231,348.94116683540591,-71.556,-39.533
"Directions from San Martín de los Andes, Neuquén Province to Pitrufquén, Chile",,,1.30912465891810,359.00328705232380,-71.557,-39.533
"Directions from San Martín de los Andes, Neuquén Province to Pitrufquén, Chile",,,1.30974538430021,9.35780584981037,-71.556,-39.532
"Directions from San Martín de los Andes, Neuquén Province to Pitrufquén, Chile",,,1.31003658869579,22.49999999961594,-71.556,-39.532
"Directions from San Martín de los Andes, Neuquén Province to Pitrufquén, Chile",,,1.31024250129861,34.07423149106961,-71.556,-39.532
"Directions from San Martín de los Andes, Neuquén Province to Pitrufquén, Chile",,,1.31044865657989,42.86521796394929,-71.556,-39.532
"Directions from San Martín de los Andes, Neuquén Province to Pitrufquén, Chile",,,1.31069624494795,49.29476725525642,-71.556,-39.532
"Directions from San Martín de los Andes, Neuquén Province to Pitrufquén, Chile",,,1.31098830658528,48.47647873418242,-71.556,-39.531
"Directions from San Martín de los Andes, Neuquén Province to Pitrufquén, Chile",,,1.31110144367026,47.19935267737804,-71.556,-39.531
"Directions from San Martín de los Andes, Neuquén Province to Pitrufquén, Chile",,,1.31128583455941,44.14160089474872,-71.556,-39.531
"Directions from San Martín de los Andes, Neuquén Province to Pitrufquén, Chile",,,1.31168408071445,35.67784436231595,-71.555,-39.531
"Directions from San Martín de los Andes, Neuquén Province to Pitrufquén, Chile",,,1.31207523285877,31.10803679310324,-71.555,-39.531
"Directions from San Martín de los Andes, Neuquén Province to Pitrufquén, Chile",,,1.31239772316869,33.30738947596530,-71.555,-39.530
"Directions from San Martín de los Andes, Neuquén Province to Pitrufquén, Chile",,,1.31244772316870,33.62451183355456,-71.555,-39.530
"Directions from San Martín de los Andes, Neuquén Province to Pitrufquén, Chile",,,1.31379234207382,28.71486150885175,-71.554,-39.529
"Directions from San Martín de los Andes, Neuquén Province to Pitrufquén, Chile",,,1.31432007306589,20.54342023826516,-71.554,-39.529
"Directions from San Martín de los Andes, Neuquén Province to Pitrufquén, Chile",,,1.31436130412215,16.93847077712183,-71.554,-39.529
"Directions from San Martín de los Andes, Neuquén Province to Pitrufquén, Chile",,,1.31539251700027,23.20287463090731,-71.554,-39.528
"Directions from San Martín de los Andes, Neuquén Province to Pitrufquén, Chile",,,1.31583973059577,29.68600835105120,-71.553,-39.527
"Directions from San Martín de los Andes, Neuquén Province to Pitrufquén, Chile",,,1.31727934860065,37.97967762948867,-71.553,-39.526
"Directions from San Martín de los Andes, Neuquén Province to Pitrufquén, Chile",,,1.31749866572265,46.16865292987052,-71.552,-39.526
"Directions from San Martín de los Andes, Neuquén Province to Pitrufquén, Chile",,,1.31808004339680,47.09245806248696,-71.552,-39.525
"Directions from San Martín de los Andes, Neuquén Province to Pitrufquén, Chile",,,1.31827803329553,47.38182084529290,-71.552,-39.525
"Directions from San Martín de los Andes, Neuquén Province to Pitrufquén, Chile",,,1.31844832715919,41.72685461141441,-71.552,-39.525
"Directions from San Martín de los Andes, Neuquén Province to Pitrufquén, Chile",,,1.31848438267195,36.39196320899679,-71.552,-39.525
"Directions from San Martín de los Andes, Neuquén Province to Pitrufquén, Chile",,,1.31869053795323,34.67514802490358,-71.552,-39.525
"Directions from San Martín de los Andes, Neuquén Province to Pitrufquén, Chile",,,1.31924623571281,31.97325234293045,-71.551,-39.525
"Directions from San Martín de los Andes, Neuquén Province to Pitrufquén, Chile",,,1.31935440225107,36.62486774553662,-71.551,-39.524
"Directions from San Martín de los Andes, Neuquén Province to Pitrufquén, Chile",,,1.31965273092888,42.27983398463447,-71.551,-39.524
"Directions from San Martín de los Andes, Neuquén Province to Pitrufquén, Chile",,,1.32027498489632,39.34503376246797,-71.551,-39.524
"Directions from San Martín de los Andes, Neuquén Province to Pitrufquén, Chile",,,1.32049131797284,23.86315549842682,-71.551,-39.524
"Directions from San Martín de los Andes, Neuquén Province to Pitrufquén, Chile",,,1.32061501114162,29.51812174613665,-71.550,-39.524
"Directions from San Martín de los Andes, Neuquén Province to Pitrufquén, Chile",,,1.32062915327724,25.09721446120875,-71.550,-39.523
"Directions from San Martín de los Andes, Neuquén Province to Pitrufquén, Chile",,,1.32073960688741,0.62462133728307,-71.550,-39.523
"Directions from San Martín de los Andes, Neuquén Province to Pitrufquén, Chile",,,1.32103029572448,353.96235570909266,-71.550,-39.523
"Directions from San Martín de los Andes, Neuquén Province to Pitrufquén, Chile",,,1.32138384911508,358.79024539148963,-71.551,-39.523
"Directions from San Martín de los Andes, Neuquén Province to Pitrufquén, Chile",,,1.32178584413992,13.57916473289899,-71.551,-39.522
"Directions from San Martín de los Andes, Neuquén Province to Pitrufquén, Chile",,,1.32208667631905,22.87614279605713,-71.550,-39.522
"Directions from San Martín de los Andes, Neuquén Province to Pitrufquén, Chile",,,1.32242682334609,26.40009394123771,-71.550,-39.522
"Directions from San Martín de los Andes, Neuquén Province to Pitrufquén, Chile",,,1.32282506950112,32.01665820569278,-71.550,-39.521
"Directions from San Martín de los Andes, Neuquén Province to Pitrufquén, Chile",,,1.32299711600647,37.53691748947312,-71.550,-39.521
"Directions from San Martín de los Andes, Neuquén Province to Pitrufquén, Chile",,,1.32381400033120,36.95825095524850,-71.549,-39.521
"Directions from San Martín de los Andes, Neuquén Province to Pitrufquén, Chile",,,1.32404421761986,31.49540219605751,-71.549,-39.520
"Directions from San Martín de los Andes, Neuquén Province to Pitrufquén, Chile",,,1.32429481690159,24.93048258671331,-71.549,-39.520
"Directions from San Martín de los Andes, Neuquén Province to Pitrufquén, Chile",,,1.32448794898074,20.03760776201129,-71.549,-39.520
"Directions from San Martín de los Andes, Neuquén Province to Pitrufquén, Chile",,,1.32495281455272,20.65207220749742,-71.549,-39.520
"Directions from San Martín de los Andes, Neuquén Province to Pitrufquén, Chile",,,1.32526666164924,28.58729396395941,-71.549,-39.519
"Directions from San Martín de los Andes, Neuquén Province to Pitrufquén, Chile",,,1.32558288941526,37.46575592139942,-71.549,-39.519
"Directions from San Martín de los Andes, Neuquén Province to Pitrufquén, Chile",,,1.32575318327892,43.98133465205079,-71.549,-39.519
"Directions from San Martín de los Andes, Neuquén Province to Pitrufquén, Chile",,,1.32619916534134,49.42090727945838,-71.548,-39.519
"Directions from San Martín de los Andes, Neuquén Province to Pitrufquén, Chile",,,1.32659741149637,50.13006365394510,-71.548,-39.518
"Directions from San Martín de los Andes, Neuquén Province to Pitrufquén, Chile",,,1.32708659448872,47.07231187091792,-71.548,-39.518
"Directions from San Martín de los Andes, Neuquén Province to Pitrufquén, Chile",,,1.32741186360806,35.78252559261011,-71.547,-39.518
"Directions from San Martín de los Andes, Neuquén Province to Pitrufquén, Chile",,,1.32743422428784,31.05136448694684,-71.547,-39.518
"Directions from San Martín de los Andes, Neuquén Province to Pitrufquén, Chile",,,1.32760627079318,34.11856945503543,-71.547,-39.518
"Directions from San Martín de los Andes, Neuquén Province to Pitrufquén, Chile",,,1.32856881949325,33.77259727078309,-71.547,-39.517
"Directions from San Martín de los Andes, Neuquén Province to Pitrufquén, Chile",,,1.32953142013733,36.31070886279944,-71.546,-39.516
"Directions from San Martín de los Andes, Neuquén Province to Pitrufquén, Chile",,,1.33003748337449,40.14306569156183,-71.546,-39.516
"Directions from San Martín de los Andes, Neuquén Province to Pitrufquén, Chile",,,1.33117700081621,43.75522353942837,-71.545,-39.515
"Directions from San Martín de los Andes, Neuquén Province to Pitrufquén, Chile",,,1.33167197556305,43.80702798544009,-71.545,-39.514
"Directions from San Martín de los Andes, Neuquén Province to Pitrufquén, Chile",,,1.33201168131808,41.32215762044058,-71.544,-39.514
"Directions from San Martín de los Andes, Neuquén Province to Pitrufquén, Chile",,,1.33233817787242,36.15295179214532,-71.544,-39.514
"Directions from San Martín de los Andes, Neuquén Province to Pitrufquén, Chile",,,1.33256289992297,27.73711741362136,-71.544,-39.514
"Directions from San Martín de los Andes, Neuquén Province to Pitrufquén, Chile",,,1.33279137311614,19.57199320982391,-71.544,-39.514
"Directions from San Martín de los Andes, Neuquén Province to Pitrufquén, Chile",,,1.33286417421503,13.62766418899302,-71.544,-39.514
"Directions from San Martín de los Andes, Neuquén Province to Pitrufquén, Chile",,,1.33301714480044,7.16135998876872,-71.544,-39.513
"Directions from San Martín de los Andes, Neuquén Province to Pitrufquén, Chile",,,1.33320740777635,1.50639375254151,-71.544,-39.513
"Directions from San Martín de los Andes, Neuquén Province to Pitrufquén, Chile",,,1.33366740777634,4.06505117687443,-71.544,-39.513
"Directions from San Martín de los Andes, Neuquén Province to Pitrufquén, Chile",,,1.33395025048882,12.82783536455624,-71.544,-39.512
"Directions from San Martín de los Andes, Neuquén Province to Pitrufquén, Chile",,,1.33414949907727,22.04530977606422,-71.544,-39.512
"Directions from San Martín de los Andes, Neuquén Province to Pitrufquén, Chile",,,1.33473087675142,20.30064732134782,-71.544,-39.512
"Directions from San Martín de los Andes, Neuquén Province to Pitrufquén, Chile",,,1.33497826308895,9.61533618758365,-71.544,-39.511
"Directions from San Martín de los Andes, Neuquén Province to Pitrufquén, Chile",,,1.33519917030930,3.41550297569222,-71.544,-39.511
"Directions from San Martín de los Andes, Neuquén Province to Pitrufquén, Chile",,,1.33554931313730,3.98838439502191,-71.544,-39.511
"Directions from San Martín de los Andes, Neuquén Province to Pitrufquén, Chile",,,1.33563986698868,8.82506210954878,-71.544,-39.511
"Directions from San Martín de los Andes, Neuquén Province to Pitrufquén, Chile",,,1.33589481796436,16.55567097877678,-71.543,-39.511
"Directions from San Martín de los Andes, Neuquén Province to Pitrufquén, Chile",,,1.33600252126050,19.25032686241371,-71.543,-39.510
"Directions from San Martín de los Andes, Neuquén Province to Pitrufquén, Chile",,,1.33610692432560,19.65955459367957,-71.543,-39.510
"Directions from San Martín de los Andes, Neuquén Province to Pitrufquén, Chile",,,1.33636692432560,24.59245806162373,-71.543,-39.510
"Directions from San Martín de los Andes, Neuquén Province to Pitrufquén, Chile",,,1.33643400636492,21.90325528667401,-71.543,-39.510
"Directions from San Martín de los Andes, Neuquén Province to Pitrufquén, Chile",,,1.33673765089393,13.77315293420076,-71.543,-39.510
"Directions from San Martín de los Andes, Neuquén Province to Pitrufquén, Chile",,,1.33707306109056,7.05946064978231,-71.543,-39.509
"Directions from San Martín de los Andes, Neuquén Province to Pitrufquén, Chile",,,1.33722339405434,1.90703741507360,-71.543,-39.509
"Directions from San Martín de los Andes, Neuquén Province to Pitrufquén, Chile",,,1.33737339405434,356.82990413052039,-71.543,-39.509
"Directions from San Martín de los Andes, Neuquén Province to Pitrufquén, Chile",,,1.33746394790572,356.82990413052039,-71.543,-39.509
"Directions from San Martín de los Andes, Neuquén Province to Pitrufquén, Chile",,,1.33751394790572,352.98187826364199,-71.543,-39.509
"Directions from San Martín de los Andes, Neuquén Province to Pitrufquén, Chile",,,1.33759641001823,347.82945502958461,-71.543,-39.509
"Directions from San Martín de los Andes, Neuquén Province to Pitrufquén, Chile",,,1.33782001681599,344.56955415605802,-71.543,-39.509
"Directions from San Martín de los Andes, Neuquén Province to Pitrufquén, Chile",,,1.33833265704070,337.41019499630340,-71.543,-39.508
"Directions from San Martín de los Andes, Neuquén Province to Pitrufquén, Chile",,,1.33859666461635,339.43603691561862,-71.543,-39.508
"Directions from San Martín de los Andes, Neuquén Province to Pitrufquén, Chile",,,1.33887826717316,347.20268084920991,-71.544,-39.508
"Directions from San Martín de los Andes, Neuquén Province to Pitrufquén, Chile",,,1.33913144695118,354.22784570271074,-71.544,-39.507
"Directions from San Martín de los Andes, Neuquén Province to Pitrufquén, Chile",,,1.33983208951341,352.72560562263800,-71.544,-39.507
"Directions from San Martín de los Andes, Neuquén Province to Pitrufquén, Chile",,,1.33997526772405,349.46630815286363,-71.544,-39.507
"Directions from San Martín de los Andes, Neuquén Province to Pitrufquén, Chile",,,1.34016762156466,343.91439143644982,-71.544,-39.506
"Directions from San Martín de los Andes, Neuquén Province to Pitrufquén, Chile",,,1.34039609475784,333.36641333299514,-71.544,-39.506
"Directions from San Martín de los Andes, Neuquén Province to Pitrufquén, Chile",,,1.34061563974183,325.47021156769665,-71.544,-39.506
"Directions from San Martín de los Andes, Neuquén Province to Pitrufquén, Chile",,,1.34088582486356,322.26988578331685,-71.544,-39.506
"Directions from San Martín de los Andes, Neuquén Province to Pitrufquén, Chile",,,1.34117183185648,322.32313458874745,-71.544,-39.506
"Directions from San Martín de los Andes, Neuquén Province to Pitrufquén, Chile",,,1.34157007801151,319.56414553495438,-71.544,-39.505
"Directions from San Martín de los Andes, Neuquén Province to Pitrufquén, Chile",,,1.34170461425198,320.57144492887869,-71.545,-39.505
"Directions from San Martín de los Andes, Neuquén Province to Pitrufquén, Chile",,,1.34185461425198,324.72001741413584,-71.545,-39.505
"Directions from San Martín de los Andes, Neuquén Province to Pitrufquén, Chile",,,1.34235939143055,327.99935962322297,-71.545,-39.505
"Directions from San Martín de los Andes, Neuquén Province to Pitrufquén, Chile",,,1.34311231904992,328.33245960864554,-71.545,-39.504
"Directions from San Martín de los Andes, Neuquén Province to Pitrufquén, Chile",,,1.34335085625875,329.45182275484603,-71.545,-39.504
"Directions from San Martín de los Andes, Neuquén Province to Pitrufquén, Chile",,,1.34369085625875,336.74628212253305,-71.546,-39.503
"Directions from San Martín de los Andes, Neuquén Province to Pitrufquén, Chile",,,1.34378572458856,345.12755935092866,-71.546,-39.503
"Directions from San Martín de los Andes, Neuquén Province to Pitrufquén, Chile",,,1.34388770497883,356.54438643912908,-71.546,-39.503
"Directions from San Martín de los Andes, Neuquén Province to Pitrufquén, Chile",,,1.34401808902694,8.81961263555658,-71.546,-39.503
"Directions from San Martín de los Andes, Neuquén Province to Pitrufquén, Chile",,,1.34419273151890,6.62025995746014,-71.546,-39.503
"Directions from San Martín de los Andes, Neuquén Province to Pitrufquén, Chile",,,1.34420273151890,11.98124448686939,-71.546,-39.503
"Directions from San Martín de los Andes, Neuquén Province to Pitrufquén, Chile",,,1.34430122009692,26.85368513596683,-71.546,-39.503
"Directions from San Martín de los Andes, Neuquén Province to Pitrufquén, Chile",,,1.34438184267440,31.48829618334114,-71.546,-39.503
"Directions from San Martín de los Andes, Neuquén Province to Pitrufquén, Chile",,,1.34472854139086,23.63397726940430,-71.545,-39.503
"Directions from San Martín de los Andes, Neuquén Province to Pitrufquén, Chile",,,1.34476977244713,20.30064732311803,-71.545,-39.503
"Directions from San Martín de los Andes, Neuquén Province to Pitrufquén, Chile",,,1.34492629720554,21.74628212087613,-71.545,-39.502
"Directions from San Martín de los Andes, Neuquén Province to Pitrufquén, Chile",,,1.34516671351115,11.06097098394970,-71.545,-39.502
"Directions from San Martín de los Andes, Neuquén Province to Pitrufquén, Chile",,,1.34527716712132,359.74191788550576,-71.545,-39.502
"Directions from San Martín de los Andes, Neuquén Province to Pitrufquén, Chile",,,1.34537766587754,352.41354232881162,-71.545,-39.502
"Directions from San Martín de los Andes, Neuquén Province to Pitrufquén, Chile",,,1.34549932112814,345.36940071710308,-71.545,-39.502
"Directions from San Martín de los Andes, Neuquén Province to Pitrufquén, Chile",,,1.34629644094348,339.01738891244355,-71.545,-39.501
"Directions from San Martín de los Andes, Neuquén Province to Pitrufquén, Chile",,,1.34658798853822,335.63430149978120,-71.546,-39.501
"Directions from San Martín de los Andes, Neuquén Province to Pitrufquén, Chile",,,1.34672215261686,329.57403592141338,-71.546,-39.501
"Directions from San Martín de los Andes, Neuquén Province to Pitrufquén, Chile",,,1.34698842315599,327.98412086346457,-71.546,-39.500
"Directions from San Martín de los Andes, Neuquén Province to Pitrufquén, Chile",,,1.34706904573347,324.78557311201598,-71.546,-39.500
"Directions from San Martín de los Andes, Neuquén Province to Pitrufquén, Chile",,,1.34782071055238,316.09746556119541,-71.546,-39.500
"Directions from San Martín de los Andes, Neuquén Province to Pitrufquén, Chile",,,1.34801176028413,307.44214340629128,-71.546,-39.500
"Directions from San Martín de los Andes, Neuquén Province to Pitrufquén, Chile",,,1.34810610009545,299.82567928660865,-71.547,-39.500
"Directions from San Martín de los Andes, Neuquén Province to Pitrufquén, Chile",,,1.34858023087910,299.62673880556275,-71.547,-39.499
"Directions from San Martín de los Andes, Neuquén Province to Pitrufquén, Chile",,,1.34873287425432,305.70653667004336,-71.547,-39.499
"Directions from San Martín de los Andes, Neuquén Province to Pitrufquén, Chile",,,1.34888907924784,312.40278554467864,-71.547,-39.499
"Directions from San Martín de los Andes, Neuquén Province to Pitrufquén, Chile",,,1.34898807419721,323.67701231765466,-71.547,-39.499
"Directions from San Martín de los Andes, Neuquén Province to Pitrufquén, Chile",,,1.34922513958903,336.18545905845576,-71.547,-39.499
"Directions from San Martín de los Andes, Neuquén Province to Pitrufquén, Chile",,,1.34934218658814,343.51113834430373,-71.547,-39.499
"Directions from San Martín de los Andes, Neuquén Province to Pitrufquén, Chile",,,1.34947560322878,351.45988321429752,-71.547,-39.499
"Directions from San Martín de los Andes, Neuquén Province to Pitrufquén, Chile",,,1.34975631660572,1.51969978473130,-71.548,-39.498
"Directions from San Martín de los Andes, Neuquén Province to Pitrufquén, Chile",,,1.34983693918321,3.56250817539038,-71.547,-39.498
"Directions from San Martín de los Andes, Neuquén Province to Pitrufquén, Chile",,,1.35018693918321,355.86205358664694,-71.547,-39.498
"Directions from San Martín de los Andes, Neuquén Province to Pitrufquén, Chile",,,1.35074272691248,346.41900990156086,-71.548,-39.497
"Directions from San Martín de los Andes, Neuquén Province to Pitrufquén, Chile",,,1.35194759205016,342.38893487017737,-71.548,-39.496
"Directions from San Martín de los Andes, Neuquén Province to Pitrufquén, Chile",,,1.35255199257961,338.54945296265322,-71.548,-39.496
"Directions from San Martín de los Andes, Neuquén Province to Pitrufquén, Chile",,,1.35257435325939,341.98631330411058,-71.548,-39.496
"Directions from San Martín de los Andes, Neuquén Province to Pitrufquén, Chile",,,1.35293931901120,348.25071716036268,-71.548,-39.495
"Directions from San Martín de los Andes, Neuquén Province to Pitrufquén, Chile",,,1.35306301217997,349.58739097635430,-71.548,-39.495
"Directions from San Martín de los Andes, Neuquén Province to Pitrufquén, Chile",,,1.35348597789963,354.81734552719377,-71.548,-39.495
"Directions from San Martín de los Andes, Neuquén Province to Pitrufquén, Chile",,,1.35364629009504,335.71183280430364,-71.548,-39.495
"Directions from San Martín de los Andes, Neuquén Province to Pitrufquén, Chile",,,1.35366043223067,329.15037787301213,-71.548,-39.495
"Directions from San Martín de los Andes, Neuquén Province to Pitrufquén, Chile",,,1.35439125368629,340.49727535511755,-71.549,-39.494
"Directions from San Martín de los Andes, Neuquén Province to Pitrufquén, Chile",,,1.35481279846446,340.87419952185019,-71.549,-39.494
"Directions from San Martín de los Andes, Neuquén Province to Pitrufquén, Chile",,,1.35495840066225,338.74477645731253,-71.549,-39.493
"Directions from San Martín de los Andes, Neuquén Province to Pitrufquén, Chile",,,1.35498076134202,338.74477645731253,-71.549,-39.493
"Directions from San Martín de los Andes, Neuquén Province to Pitrufquén, Chile",,,1.35512636353981,347.96225087162333,-71.549,-39.493
"Directions from San Martín de los Andes, Neuquén Province to Pitrufquén, Chile",,,1.35519707421793,355.93494882170069,-71.549,-39.493
"Directions from San Martín de los Andes, Neuquén Province to Pitrufquén, Chile",,,1.35528707421793,3.17009587394791,-71.549,-39.493
"Directions from San Martín de los Andes, Neuquén Province to Pitrufquén, Chile",,,1.35546818192069,14.07080061291232,-71.549,-39.493
"Directions from San Martín de los Andes, Neuquén Province to Pitrufquén, Chile",,,1.35552203356876,19.32990412314170,-71.549,-39.493
"Directions from San Martín de los Andes, Neuquén Province to Pitrufquén, Chile",,,1.35586685236175,18.94795489730791,-71.549,-39.493
"Directions from San Martín de los Andes, Neuquén Province to Pitrufquén, Chile",,,1.35600613624452,23.80128110031257,-71.549,-39.492
"Directions from San Martín de los Andes, Neuquén Province to Pitrufquén, Chile",,,1.35607321828385,31.05136448344423,-71.549,-39.492
"Directions from San Martín de los Andes, Neuquén Province to Pitrufquén, Chile",,,1.35624526478919,42.46819157591533,-71.548,-39.492
"Directions from San Martín de los Andes, Neuquén Province to Pitrufquén, Chile",,,1.35633746023377,45.69295892711154,-71.548,-39.492
"Directions from San Martín de los Andes, Neuquén Province to Pitrufquén, Chile",,,1.35647199647424,46.23229061191834,-71.548,-39.492
"Directions from San Martín de los Andes, Neuquén Province to Pitrufquén, Chile",,,1.35699055216074,52.22499767025762,-71.548,-39.492
"Directions from San Martín de los Andes, Neuquén Province to Pitrufquén, Chile",,,1.35712656686582,50.08305801776670,-71.548,-39.492
"Directions from San Martín de los Andes, Neuquén Province to Pitrufquén, Chile",,,1.35780553667369,42.74144814331989,-71.547,-39.491
"Directions from San Martín de los Andes, Neuquén Province to Pitrufquén, Chile",,,1.35808979008176,41.08415523268561,-71.547,-39.491
"Directions from San Martín de los Andes, Neuquén Province to Pitrufquén, Chile",,,1.35828083981351,38.93546190143369,-71.547,-39.491
"Directions from San Martín de los Andes, Neuquén Province to Pitrufquén, Chile",,,1.35864703648198,30.77853568863803,-71.547,-39.490
"Directions from San Martín de los Andes, Neuquén Province to Pitrufquén, Chile",,,1.35884828259996,13.28252558853900,-71.547,-39.490
"Directions from San Martín de los Andes, Neuquén Province to Pitrufquén, Chile",,,1.35886828259996,7.97269794738889,-71.547,-39.490
"Directions from San Martín de los Andes, Neuquén Province to Pitrufquén, Chile",,,1.35894108369885,19.57199320737160,-71.547,-39.490
"Directions from San Martín de los Andes, Neuquén Province to Pitrufquén, Chile",,,1.35901724142991,15.16180343302438,-71.547,-39.490
"Directions from San Martín de los Andes, Neuquén Province to Pitrufquén, Chile",,,1.35917848658488,2.95307055528258,-71.547,-39.490
"Directions from San Martín de los Andes, Neuquén Province to Pitrufquén, Chile",,,1.35964859295582,357.00874153694804,-71.547,-39.490
"Directions from San Martín de los Andes, Neuquén Province to Pitrufquén, Chile",,,1.36013025673897,356.28667877220084,-71.547,-39.489
"Directions from San Martín de los Andes, Neuquén Province to Pitrufquén, Chile",,,1.36056072160397,356.18362925355308,-71.547,-39.489
"Directions from San Martín de los Andes, Neuquén Province to Pitrufquén, Chile",,,1.36102245745920,352.78396853057950,-71.547,-39.488
"Directions from San Martín de los Andes, Neuquén Province to Pitrufquén, Chile",,,1.36120494033511,345.44192686484877,-71.547,-39.488
"Directions from San Martín de los Andes, Neuquén Province to Pitrufquén, Chile",,,1.36135360102258,343.15496624474707,-71.547,-39.488
"Directions from San Martín de los Andes, Neuquén Province to Pitrufquén, Chile",,,1.36139483207883,340.47343153507131,-71.547,-39.488
"Directions from San Martín de los Andes, Neuquén Province to Pitrufquén, Chile",,,1.36172589098598,332.70263391957229,-71.547,-39.487
"Directions from San Martín de los Andes, Neuquén Province to Pitrufquén, Chile",,,1.36215133193371,332.98910326982656,-71.547,-39.487
"Directions from San Martín de los Andes, Neuquén Province to Pitrufquén, Chile",,,1.36239299285317,338.56054819903898,-71.547,-39.487
"Directions from San Martín de los Andes, Neuquén Province to Pitrufquén, Chile",,,1.36255110673618,348.18531113343016,-71.547,-39.487
"Directions from San Martín de los Andes, Neuquén Province to Pitrufquén, Chile",,,1.36266156034635,312.40278554529834,-71.547,-39.487
"Directions from San Martín de los Andes, Neuquén Province to Pitrufquén, Chile",,,1.36267156034636,315.00000000000000,-71.547,-39.487
"Directions from San Martín de los Andes, Neuquén Province to Pitrufquén, Chile",,,1.36304156034636,3.59961681906394,-71.547,-39.486
"Directions from San Martín de los Andes, Neuquén Province to Pitrufquén, Chile",,,1.36399910930072,8.10386869048995,-71.547,-39.485
"Directions from San Martín de los Andes, Neuquén Province to Pitrufquén, Chile",,,1.36482935022961,11.03187548309709,-71.547,-39.485
"Directions from San Martín de los Andes, Neuquén Province to Pitrufquén, Chile",,,1.36553765807229,9.69771948450193,-71.547,-39.484
"Directions from San Martín de los Andes, Neuquén Province to Pitrufquén, Chile",,,1.36589987347781,2.37452573698243,-71.547,-39.483
"Directions from San Martín de los Andes, Neuquén Province to Pitrufquén, Chile",,,1.36626001233992,356.03433399467195,-71.547,-39.483
"Directions from San Martín de los Andes, Neuquén Province to Pitrufquén, Chile",,,1.36635056619130,349.81178239631765,-71.547,-39.483
"Directions from San Martín de los Andes, Neuquén Province to Pitrufquén, Chile",,,1.36676287675386,341.10713101932299,-71.547,-39.483
"Directions from San Martín de los Andes, Neuquén Province to Pitrufquén, Chile",,,1.36730913676521,333.52321724801249,-71.547,-39.482
"Directions from San Martín de los Andes, Neuquén Province to Pitrufquén, Chile",,,1.36954310184999,328.97010351940122,-71.548,-39.480
"Directions from San Martín de los Andes, Neuquén Province to Pitrufquén, Chile",,,1.37011450363508,329.26690919160768,-71.549,-39.480
"Directions from San Martín de los Andes, Neuquén Province to Pitrufquén, Chile",,,1.37061570219852,333.18632342846041,-71.549,-39.479
"Directions from San Martín de los Andes, Neuquén Province to Pitrufquén, Chile",,,1.37078123165209,336.97279774916120,-71.549,-39.479
"Directions from San Martín de los Andes, Neuquén Province to Pitrufquén, Chile",,,1.37092051553487,342.98393609235058,-71.549,-39.479
"Directions from San Martín de los Andes, Neuquén Province to Pitrufquén, Chile",,,1.37105393217551,349.94018342925307,-71.549,-39.479
"Directions from San Martín de los Andes, Neuquén Province to Pitrufquén, Chile",,,1.37113455475299,355.64192168844806,-71.549,-39.479
"Directions from San Martín de los Andes, Neuquén Province to Pitrufquén, Chile",,,1.37185483247720,356.03433399467195,-71.549,-39.478
"Directions from San Martín de los Andes, Neuquén Province to Pitrufquén, Chile",,,1.37194538632858,351.32813370404023,-71.549,-39.478
"Directions from San Martín de los Andes, Neuquén Province to Pitrufquén, Chile",,,1.37231212874500,344.77821215855499,-71.549,-39.478
"Directions from San Martín de los Andes, Neuquén Province to Pitrufquén, Chile",,,1.37249240630878,327.77998260539056,-71.549,-39.477
"Directions from San Martín de los Andes, Neuquén Province to Pitrufquén, Chile",,,1.37250654844439,331.06249923963338,-71.549,-39.477
"Directions from San Martín de los Andes, Neuquén Province to Pitrufquén, Chile",,,1.37286557490581,346.09679063051311,-71.549,-39.477
"Directions from San Martín de los Andes, Neuquén Province to Pitrufquén, Chile",,,1.37364178364063,342.70737938179417,-71.549,-39.476
"Directions from San Martín de los Andes, Neuquén Province to Pitrufquén, Chile",,,1.37393910501557,339.04857614188057,-71.550,-39.476
"Directions from San Martín de los Andes, Neuquén Province to Pitrufquén, Chile",,,1.37417680230205,329.93799634702538,-71.550,-39.476
"Directions from San Martín de los Andes, Neuquén Province to Pitrufquén, Chile",,,1.37429081984456,328.91023354280560,-71.550,-39.476
"Directions from San Martín de los Andes, Neuquén Province to Pitrufquén, Chile",,,1.37463096687160,337.46159802550778,-71.550,-39.475
"Directions from San Martín de los Andes, Neuquén Province to Pitrufquén, Chile",,,1.37494112811999,340.99314295891367,-71.550,-39.475
"Directions from San Martín de los Andes, Neuquén Province to Pitrufquén, Chile",,,1.37524477264900,344.26063006773813,-71.550,-39.475
"Directions from San Martín de los Andes, Neuquén Province to Pitrufquén, Chile",,,1.37593600343535,352.88135976723021,-71.550,-39.474
"Directions from San Martín de los Andes, Neuquén Province to Pitrufquén, Chile",,,1.37594600343534,351.12766418782610,-71.550,-39.474
"Directions from San Martín de los Andes, Neuquén Province to Pitrufquén, Chile",,,1.37647097962528,339.52836893003689,-71.550,-39.474
"Directions from San Martín de los Andes, Neuquén Province to Pitrufquén, Chile",,,1.37677561054952,335.11817915435029,-71.551,-39.473
"Directions from San Martín de los Andes, Neuquén Province to Pitrufquén, Chile",,,1.37704393870682,335.68352463051303,-71.551,-39.473
"Directions from San Martín de los Andes, Neuquén Province to Pitrufquén, Chile",,,1.37744318800237,345.79595434591499,-71.551,-39.473
"Directions from San Martín de los Andes, Neuquén Province to Pitrufquén, Chile",,,1.37771484955652,355.36206740491826,-71.551,-39.472
"Directions from San Martín de los Andes, Neuquén Province to Pitrufquén, Chile",,,1.37810536204031,358.53216327737670,-71.551,-39.472
"Directions from San Martín de los Andes, Neuquén Province to Pitrufquén, Chile",,,1.37852536204031,356.20267831454873,-71.551,-39.472
"Directions from San Martín de los Andes, Neuquén Province to Pitrufquén, Chile",,,1.37882801695932,353.71780795141018,-71.551,-39.471
"Directions from San Martín de los Andes, Neuquén Province to Pitrufquén, Chile",,,1.37905888488693,350.10188965170005,-71.551,-39.471
"Directions from San Martín de los Andes, Neuquén Province to Pitrufquén, Chile",,,1.37941059499483,340.77207114944349,-71.551,-39.471
"Directions from San Martín de los Andes, Neuquén Province to Pitrufquén, Chile",,,1.37975987997877,332.49371560650690,-71.551,-39.470
"Directions from San Martín de los Andes, Neuquén Province to Pitrufquén, Chile",,,1.38093124670187,344.30840447190207,-71.552,-39.469
"Directions from San Martín de los Andes, Neuquén Province to Pitrufquén, Chile",,,1.38094124670187,348.18531113353703,-71.552,-39.469
"Directions from San Martín de los Andes, Neuquén Province to Pitrufquén, Chile",,,1.38111588919384,337.90728852365237,-71.552,-39.469
"Directions from San Martín de los Andes, Neuquén Province to Pitrufquén, Chile",,,1.38137220930620,342.09441803882129,-71.552,-39.469
"Directions from San Martín de los Andes, Neuquén Province to Pitrufquén, Chile",,,1.38182827947624,340.77314539363664,-71.552,-39.469
"Directions from San Martín de los Andes, Neuquén Province to Pitrufquén, Chile",,,1.38190443720729,340.83870109053981,-71.552,-39.469
"Directions from San Martín de los Andes, Neuquén Province to Pitrufquén, Chile",,,1.38267098792317,340.74538581730292,-71.552,-39.468
"Directions from San Martín de los Andes, Neuquén Province to Pitrufquén, Chile",,,1.38307410081057,333.91748631926868,-71.552,-39.467
"Directions from San Martín de los Andes, Neuquén Province to Pitrufquén, Chile",,,1.38388416253663,333.62885236070548,-71.553,-39.467
"Directions from San Martín de los Andes, Neuquén Province to Pitrufquén, Chile",,,1.38427811684870,341.39849555567048,-71.553,-39.466
"Directions from San Martín de los Andes, Neuquén Province to Pitrufquén, Chile",,,1.38462740183262,350.20964416859192,-71.553,-39.466
"Directions from San Martín de los Andes, Neuquén Province to Pitrufquén, Chile",,,1.38480850953539,355.90609899277973,-71.553,-39.466
"Directions from San Martín de los Andes, Neuquén Province to Pitrufquén, Chile",,,1.38511867078378,0.37747596839722,-71.553,-39.466
"Directions from San Martín de los Andes, Neuquén Province to Pitrufquén, Chile",,,1.38533889793923,6.03244220554487,-71.553,-39.465
"Directions from San Martín de los Andes, Neuquén Province to Pitrufquén, Chile",,,1.38558220844044,6.88917486373600,-71.553,-39.465
"Directions from San Martín de los Andes, Neuquén Province to Pitrufquén, Chile",,,1.38611371573108,1.26305845609518,-71.553,-39.465
"Directions from San Martín de los Andes, Neuquén Province to Pitrufquén, Chile",,,1.38675402815482,2.66755287016335,-71.553,-39.464
"Directions from San Martín de los Andes, Neuquén Province to Pitrufquén, Chile",,,1.38699589588727,9.21747441074334,-71.553,-39.464
"Directions from San Martín de los Andes, Neuquén Province to Pitrufquén, Chile",,,1.38719985666781,15.16776925590157,-71.553,-39.463
"Directions from San Martín de los Andes, Neuquén Province to Pitrufquén, Chile",,,1.38750661390082,21.27897729959111,-71.553,-39.463
"Directions from San Martín de los Andes, Neuquén Province to Pitrufquén, Chile",,,1.38818285350332,19.96094444758613,-71.553,-39.463
"Directions from San Martín de los Andes, Neuquén Province to Pitrufquén, Chile",,,1.38836005395479,13.58691910059626,-71.553,-39.462
"Directions from San Martín de los Andes, Neuquén Province to Pitrufquén, Chile",,,1.38857382953806,6.34672515032852,-71.552,-39.462
"Directions from San Martín de los Andes, Neuquén Province to Pitrufquén, Chile",,,1.38887399615845,359.16640902876145,-71.552,-39.462
"Directions from San Martín de los Andes, Neuquén Province to Pitrufquén, Chile",,,1.38903430835387,352.55686657478020,-71.552,-39.462
"Directions from San Martín de los Andes, Neuquén Province to Pitrufquén, Chile",,,1.38928925932955,347.53153633309944,-71.553,-39.461
"Directions from San Martín de los Andes, Neuquén Province to Pitrufquén, Chile",,,1.38962881786648,347.79435363675202,-71.553,-39.461
"Directions from San Martín de los Andes, Neuquén Province to Pitrufquén, Chile",,,1.38984259344975,353.17664845297315,-71.553,-39.461
"Directions from San Martín de los Andes, Neuquén Province to Pitrufquén, Chile",,,1.39024309313763,3.47844770585890,-71.553,-39.461
"Directions from San Martín de los Andes, Neuquén Province to Pitrufquén, Chile",,,1.39077082412971,8.75767618054055,-71.553,-39.460
"Directions from San Martín de los Andes, Neuquén Province to Pitrufquén, Chile",,,1.39114418722376,5.49895869812379,-71.553,-39.460
"Directions from San Martín de los Andes, Neuquén Province to Pitrufquén, Chile",,,1.39166505188949,1.65093283695489,-71.552,-39.459
"Directions from San Martín de los Andes, Neuquén Province to Pitrufquén, Chile",,,1.39184505188949,356.82990412828627,-71.552,-39.459
"Directions from San Martín de los Andes, Neuquén Province to Pitrufquén, Chile",,,1.39202615959225,355.52862302661657,-71.553,-39.459
"Directions from San Martín de los Andes, Neuquén Province to Pitrufquén, Chile",,,1.39224638674771,353.86438456775596,-71.553,-39.459
"Directions from San Martín de los Andes, Neuquén Province to Pitrufquén, Chile",,,1.39361583919303,352.68079530575238,-71.553,-39.457
"Directions from San Martín de los Andes, Neuquén Province to Pitrufquén, Chile",,,1.39430844297587,357.02124943634959,-71.553,-39.457
"Directions from San Martín de los Andes, Neuquén Province to Pitrufquén, Chile",,,1.39488852917636,1.01251355262054,-71.553,-39.456
"Directions from San Martín de los Andes, Neuquén Province to Pitrufquén, Chile",,,1.39507879215226,7.90852678352150,-71.553,-39.456
"Directions from San Martín de los Andes, Neuquén Province to Pitrufquén, Chile",,,1.39530440243571,14.59690319833010,-71.553,-39.456
"Directions from San Martín de los Andes, Neuquén Province to Pitrufquén, Chile",,,1.39548160288718,20.41674755803289,-71.553,-39.455
"Directions from San Martín de los Andes, Neuquén Province to Pitrufquén, Chile",,,1.39620658564559,22.64920641001263,-71.552,-39.455
"Directions from San Martín de los Andes, Neuquén Province to Pitrufquén, Chile",,,1.39710547384776,19.90048136422173,-71.552,-39.454
"Directions from San Martín de los Andes, Neuquén Province to Pitrufquén, Chile",,,1.39781385227770,9.47325234483567,-71.552,-39.453
"Directions from San Martín de los Andes, Neuquén Province to Pitrufquén, Chile",,,1.39782385227770,9.21747441262418,-71.552,-39.453
"Directions from San Martín de los Andes, Neuquén Province to Pitrufquén, Chile",,,1.39804521171391,12.38757028508265,-71.552,-39.453
"Directions from San Martín de los Andes, Neuquén Province to Pitrufquén, Chile",,,1.39831687326806,357.51512963623122,-71.552,-39.453
"Directions from San Martín de los Andes, Neuquén Province to Pitrufquén, Chile",,,1.39846984385346,341.74447194172723,-71.552,-39.453
"Directions from San Martín de los Andes, Neuquén Province to Pitrufquén, Chile",,,1.39865772679575,331.76757233045271,-71.552,-39.452
"Directions from San Martín de los Andes, Neuquén Province to Pitrufquén, Chile",,,1.39931286036992,325.03823002578417,-71.552,-39.452
"Directions from San Martín de los Andes, Neuquén Province to Pitrufquén, Chile",,,1.39950495409704,317.18262886755485,-71.552,-39.452
"Directions from San Martín de los Andes, Neuquén Province to Pitrufquén, Chile",,,1.39971013694233,311.15723642652677,-71.552,-39.452
"Directions from San Martín de los Andes, Neuquén Province to Pitrufquén, Chile",,,1.39985226364636,298.55414788942511,-71.553,-39.451
"Directions from San Martín de los Andes, Neuquén Province to Pitrufquén, Chile",,,1.40014637246976,290.50873971422527,-71.553,-39.451
"Directions from San Martín de los Andes, Neuquén Province to Pitrufquén, Chile",,,1.40037484566293,297.08117352269568,-71.553,-39.451
"Directions from San Martín de los Andes, Neuquén Province to Pitrufquén, Chile",,,1.40054977421978,304.26617427967307,-71.553,-39.451
"Directions from San Martín de los Andes, Neuquén Province to Pitrufquén, Chile",,,1.40071378641444,317.78160440965058,-71.553,-39.451
"Directions from San Martín de los Andes, Neuquén Province to Pitrufquén, Chile",,,1.40090246603709,334.77983398551117,-71.553,-39.451
"Directions from San Martín de los Andes, Neuquén Province to Pitrufquén, Chile",,,1.40099733436689,344.51812173340448,-71.553,-39.451
"Directions from San Martín de los Andes, Neuquén Province to Pitrufquén, Chile",,,1.40108952981147,353.73559614350842,-71.554,-39.451
"Directions from San Martín de los Andes, Neuquén Province to Pitrufquén, Chile",,,1.40121952981146,5.65496623681438,-71.554,-39.451
"Directions from San Martín de los Andes, Neuquén Province to Pitrufquén, Chile",,,1.40142349059201,14.00458835446481,-71.553,-39.450
"Directions from San Martín de los Andes, Neuquén Province to Pitrufquén, Chile",,,1.40163229672219,13.08078322138816,-71.553,-39.450
"Directions from San Martín de los Andes, Neuquén Province to Pitrufquén, Chile",,,1.40187560722340,6.09431660115139,-71.553,-39.450
"Directions from San Martín de los Andes, Neuquén Province to Pitrufquén, Chile",,,1.40208584518382,1.36315549741366,-71.553,-39.450
"Directions from San Martín de los Andes, Neuquén Province to Pitrufquén, Chile",,,1.40229584518382,2.11819739869631,-71.553,-39.450
"Directions from San Martín de los Andes, Neuquén Province to Pitrufquén, Chile",,,1.40256658491123,7.42802503715794,-71.553,-39.449
"Directions from San Martín de los Andes, Neuquén Province to Pitrufquén, Chile",,,1.40289216132316,11.65001938439576,-71.553,-39.449
"Directions from San Martín de los Andes, Neuquén Province to Pitrufquén, Chile",,,1.40330216132316,15.10297593248792,-71.553,-39.449
"Directions from San Martín de los Andes, Neuquén Province to Pitrufquén, Chile",,,1.40370065850006,18.96772560356215,-71.553,-39.448
"Directions from San Martín de los Andes, Neuquén Province to Pitrufquén, Chile",,,1.40461826407981,17.83250076843285,-71.553,-39.447
"Directions from San Martín de los Andes, Neuquén Province to Pitrufquén, Chile",,,1.40496031670735,9.67036774206634,-71.553,-39.447
"Directions from San Martín de los Andes, Neuquén Province to Pitrufquén, Chile",,,1.40538138677277,359.75584775997942,-71.553,-39.447
"Directions from San Martín de los Andes, Neuquén Province to Pitrufquén, Chile",,,1.40563218549685,352.88858636897226,-71.553,-39.446
"Directions from San Martín de los Andes, Neuquén Province to Pitrufquén, Chile",,,1.41219502786888,349.12816846058251,-71.554,-39.440
"Directions from San Martín de los Andes, Neuquén Province to Pitrufquén, Chile",,,1.41248138429014,345.18983727357369,-71.554,-39.440
"Directions from San Martín de los Andes, Neuquén Province to Pitrufquén, Chile",,,1.41268063287859,340.55190467787077,-71.554,-39.439
"Directions from San Martín de los Andes, Neuquén Province to Pitrufquén, Chile",,,1.41317459644000,343.65972262901784,-71.554,-39.439
"Directions from San Martín de los Andes, Neuquén Province to Pitrufquén, Chile",,,1.41332756702541,351.55893486191087,-71.554,-39.439
"Directions from San Martín de los Andes, Neuquén Province to Pitrufquén, Chile",,,1.41373951362389,358.31520017938175,-71.554,-39.438
"Directions from San Martín de los Andes, Neuquén Province to Pitrufquén, Chile",,,1.41399970586051,358.61642871642476,-71.554,-39.438
"Directions from San Martín de los Andes, Neuquén Province to Pitrufquén, Chile",,,1.41423057378813,352.78396853130579,-71.554,-39.438
"Directions from San Martín de los Andes, Neuquén Province to Pitrufquén, Chile",,,1.41447388428934,345.63919307422577,-71.554,-39.438
"Directions from San Martín de los Andes, Neuquén Province to Pitrufquén, Chile",,,1.42062831358863,343.35223244413783,-71.556,-39.432
"Directions from San Martín de los Andes, Neuquén Province to Pitrufquén, Chile",,,1.42099939309494,350.26171225154036,-71.556,-39.431
"Directions from San Martín de los Andes, Neuquén Province to Pitrufquén, Chile",,,1.42121034332603,359.87704843828652,-71.556,-39.431
"Directions from San Martín de los Andes, Neuquén Province to Pitrufquén, Chile",,,1.42143125054638,8.25218069010615,-71.556,-39.431
"Directions from San Martín de los Andes, Neuquén Province to Pitrufquén, Chile",,,1.42168620152206,13.60652183761272,-71.556,-39.431
"Directions from San Martín de los Andes, Neuquén Province to Pitrufquén, Chile",,,1.42354743767043,17.16903001134335,-71.556,-39.429
"Directions from San Martín de los Andes, Neuquén Province to Pitrufquén, Chile",,,1.42402177931945,15.76342094341532,-71.556,-39.429
"Directions from San Martín de los Andes, Neuquén Province to Pitrufquén, Chile",,,1.42446325412055,9.55044951200096,-71.555,-39.428
"Directions from San Martín de los Andes, Neuquén Province to Pitrufquén, Chile",,,1.42465430385230,12.22197739517167,-71.555,-39.428
"Directions from San Martín de los Andes, Neuquén Province to Pitrufquén, Chile",,,1.42468592662889,10.58062991096549,-71.555,-39.428
"Directions from San Martín de los Andes, Neuquén Province to Pitrufquén, Chile",,,1.42489616458931,358.50785892715379,-71.555,-39.428
"Directions from San Martín de los Andes, Neuquén Province to Pitrufquén, Chile",,,1.42519766085795,351.94084777545896,-71.555,-39.427
"Directions from San Martín de los Andes, Neuquén Province to Pitrufquén, Chile",,,1.42569585760623,348.43396650155137,-71.556,-39.427
"Directions from San Martín de los Andes, Neuquén Province to Pitrufquén, Chile",,,1.42601366257787,351.54536409460314,-71.556,-39.427
"Directions from San Martín de los Andes, Neuquén Province to Pitrufquén, Chile",,,1.42642475867369,0.10689461500658,-71.556,-39.426
"Directions from San Martín de los Andes, Neuquén Province to Pitrufquén, Chile",,,1.42655514272180,11.41682708832017,-71.556,-39.426
"Directions from San Martín de los Andes, Neuquén Province to Pitrufquén, Chile",,,1.42665001105160,20.81676966716204,-71.556,-39.426
"Directions from San Martín de los Andes, Neuquén Province to Pitrufquén, Chile",,,1.42687848424477,28.44432902161377,-71.556,-39.426
"Directions from San Martín de los Andes, Neuquén Province to Pitrufquén, Chile",,,1.42702270629580,30.12755934088138,-71.555,-39.426
"Directions from San Martín de los Andes, Neuquén Province to Pitrufquén, Chile",,,1.42704506697557,35.46065271913520,-71.555,-39.426
"Directions from San Martín de los Andes, Neuquén Province to Pitrufquén, Chile",,,1.42767443173467,46.38642123877428,-71.555,-39.425
"Directions from San Martín de los Andes, Neuquén Province to Pitrufquén, Chile",,,1.42957285213069,46.70829409596474,-71.554,-39.424
"Directions from San Martín de los Andes, Neuquén Province to Pitrufquén, Chile",,,1.42986983697878,47.04280839060740,-71.553,-39.424
"Directions from San Martín de los Andes, Neuquén Province to Pitrufquén, Chile",,,1.43006833131120,43.87271251665951,-71.553,-39.424
"Directions from San Martín de los Andes, Neuquén Province to Pitrufquén, Chile",,,1.43013236255357,41.82990412554321,-71.553,-39.423
"Directions from San Martín de los Andes, Neuquén Province to Pitrufquén, Chile",,,1.43041520526604,46.78816718746502,-71.553,-39.423
"Directions from San Martín de los Andes, Neuquén Province to Pitrufquén, Chile",,,1.43064192094703,44.99999999984158,-71.553,-39.423
"Directions from San Martín de los Andes, Neuquén Province to Pitrufquén, Chile",,,1.43086863662800,20.71183281186770,-71.553,-39.423
"Directions from San Martín de los Andes, Neuquén Province to Pitrufquén, Chile",,,1.43087863662800,16.00269160495660,-71.553,-39.423
"Directions from San Martín de los Andes, Neuquén Province to Pitrufquén, Chile",,,1.43106731625064,38.50269160156401,-71.553,-39.423
"Directions from San Martín de los Andes, Neuquén Province to Pitrufquén, Chile",,,1.43110974265751,36.02529850039897,-71.553,-39.423
"Directions from San Martín de los Andes, Neuquén Province to Pitrufquén, Chile",,,1.43163747364959,29.00717676743356,-71.552,-39.422
"Directions from San Martín de los Andes, Neuquén Province to Pitrufquén, Chile",,,1.43169578316854,26.38258300697990,-71.552,-39.422
"Directions from San Martín de los Andes, Neuquén Province to Pitrufquén, Chile",,,1.43309592601839,20.39903182087187,-71.552,-39.421
"Directions from San Martín de los Andes, Neuquén Province to Pitrufquén, Chile",,,1.43374106166305,22.78085266688719,-71.552,-39.420
"Directions from San Martín de los Andes, Neuquén Province to Pitrufquén, Chile",,,1.43385286506192,23.56054819923790,-71.551,-39.420
"Directions from San Martín de los Andes, Neuquén Province to Pitrufquén, Chile",,,1.43410918517428,22.50000000051121,-71.551,-39.420
"Directions from San Martín de los Andes, Neuquén Province to Pitrufquén, Chile",,,1.43423001563401,22.54547280293202,-71.551,-39.420
"Directions from San Martín de los Andes, Neuquén Province to Pitrufquén, Chile",,,1.43496737579025,17.78920400120531,-71.551,-39.419
"Directions from San Martín de los Andes, Neuquén Province to Pitrufquén, Chile",,,1.43527785928417,11.71018052929417,-71.551,-39.419
"Directions from San Martín de los Andes, Neuquén Province to Pitrufquén, Chile",,,1.43595528086635,10.50887579257528,-71.551,-39.418
"Directions from San Martín de los Andes, Neuquén Province to Pitrufquén, Chile",,,1.43604747631092,9.43449972612889,-71.551,-39.418
"Directions from San Martín de los Andes, Neuquén Province to Pitrufquén, Chile",,,1.43631913786506,9.83236150490665,-71.551,-39.418
"Directions from San Martín de los Andes, Neuquén Province to Pitrufquén, Chile",,,1.43670965034886,14.97774248435728,-71.551,-39.417
"Directions from San Martín de los Andes, Neuquén Province to Pitrufquén, Chile",,,1.43751326717298,17.90942515563795,-71.551,-39.417
"Directions from San Martín de los Andes, Neuquén Province to Pitrufquén, Chile",,,1.44016032214029,17.05965689113927,-71.550,-39.414
"Directions from San Martín de los Andes, Neuquén Province to Pitrufquén, Chile",,,1.44031556388725,17.01245458908888,-71.550,-39.414
"Directions from San Martín de los Andes, Neuquén Province to Pitrufquén, Chile",,,1.44114097287679,17.74151616759539,-71.549,-39.413
"Directions from San Martín de los Andes, Neuquén Province to Pitrufquén, Chile",,,1.44149537377972,8.19477016740634,-71.549,-39.413
"Directions from San Martín de los Andes, Neuquén Province to Pitrufquén, Chile",,,1.44150537377972,5.00398990003760,-71.549,-39.413
"Directions from San Martín de los Andes, Neuquén Province to Pitrufquén, Chile",,,1.44167800054473,14.22146431353416,-71.549,-39.413
"Directions from San Martín de los Andes, Neuquén Province to Pitrufquén, Chile",,,1.44170962332134,9.21747441349656,-71.549,-39.413
"Directions from San Martín de los Andes, Neuquén Province to Pitrufquén, Chile",,,1.44185962332134,4.73116110511311,-71.549,-39.413
"Directions from San Martín de los Andes, Neuquén Province to Pitrufquén, Chile",,,1.44192045094664,1.56106523116520,-71.549,-39.413
"Directions from San Martín de los Andes, Neuquén Province to Pitrufquén, Chile",,,1.44201100479803,351.17493788923775,-71.549,-39.412
"Directions from San Martín de los Andes, Neuquén Province to Pitrufquén, Chile",,,1.44221496557857,343.22052193450742,-71.549,-39.412
"Directions from San Martín de los Andes, Neuquén Province to Pitrufquén, Chile",,,1.44245266286505,334.19661139998658,-71.549,-39.412
"Directions from San Martín de los Andes, Neuquén Province to Pitrufquén, Chile",,,1.44281981406006,328.70526769442102,-71.550,-39.412
"Directions from San Martín de los Andes, Neuquén Province to Pitrufquén, Chile",,,1.44316651277653,330.10161887857430,-71.550,-39.411
"Directions from San Martín de los Andes, Neuquén Province to Pitrufquén, Chile",,,1.44323359481585,330.78448556579093,-71.550,-39.411
"Directions from San Martín de los Andes, Neuquén Province to Pitrufquén, Chile",,,1.44366925523407,331.33533862181133,-71.550,-39.411
"Directions from San Martín de los Andes, Neuquén Province to Pitrufquén, Chile",,,1.44390184930106,336.00804466755875,-71.550,-39.411
"Directions from San Martín de los Andes, Neuquén Province to Pitrufquén, Chile",,,1.44523338976233,340.39009508149940,-71.551,-39.410
"Directions from San Martín de los Andes, Neuquén Province to Pitrufquén, Chile",,,1.44575540508778,349.96714755050260,-71.551,-39.409
"Directions from San Martín de los Andes, Neuquén Province to Pitrufquén, Chile",,,1.44592569895144,358.31676966772352,-71.551,-39.409
"Directions from San Martín de los Andes, Neuquén Province to Pitrufquén, Chile",,,1.44614569895143,9.21747441349656,-71.551,-39.409
"Directions from San Martín de los Andes, Neuquén Province to Pitrufquén, Chile",,,1.44617732172804,14.27981024142193,-71.551,-39.409
"Directions from San Martín de los Andes, Neuquén Province to Pitrufquén, Chile",,,1.44646175098110,14.27981024006489,-71.551,-39.408
"Directions from San Martín de los Andes, Neuquén Province to Pitrufquén, Chile",,,1.44665148764072,20.02486388330403,-71.551,-39.408
"Directions from San Martín de los Andes, Neuquén Province to Pitrufquén, Chile",,,1.44779166306581,23.02936686179105,-71.550,-39.407
"Directions from San Martín de los Andes, Neuquén Province to Pitrufquén, Chile",,,1.44791249352555,21.06181787941885,-71.550,-39.407
"Directions from San Martín de los Andes, Neuquén Province to Pitrufquén, Chile",,,1.44959180886223,18.42934450137731,-71.550,-39.405
"Directions from San Martín de los Andes, Neuquén Province to Pitrufquén, Chile",,,1.45032235660194,15.47364847883237,-71.549,-39.405
"Directions from San Martín de los Andes, Neuquén Province to Pitrufquén, Chile",,,1.45056750961538,8.60431048257353,-71.549,-39.404
"Directions from San Martín de los Andes, Neuquén Province to Pitrufquén, Chile",,,1.45077845984648,2.72016601632612,-71.549,-39.404
"Directions from San Martín de los Andes, Neuquén Province to Pitrufquén, Chile",,,1.45096845984648,356.64508159514889,-71.549,-39.404
"Directions from San Martín de los Andes, Neuquén Province to Pitrufquén, Chile",,,1.45113963227417,356.64508159514889,-71.549,-39.404
"Directions from San Martín de los Andes, Neuquén Province to Pitrufquén, Chile",,,1.45116963227417,352.53429141143795,-71.549,-39.404
"Directions from San Martín de los Andes, Neuquén Province to Pitrufquén, Chile",,,1.45132487402113,342.65070707292335,-71.549,-39.404
"Directions from San Martín de los Andes, Neuquén Province to Pitrufquén, Chile",,,1.45200494754657,341.65265913018658,-71.550,-39.403
"Directions from San Martín de los Andes, Neuquén Province to Pitrufquén, Chile",,,1.45224536385217,341.07399259627903,-71.550,-39.403
"Directions from San Martín de los Andes, Neuquén Province to Pitrufquén, Chile",,,1.45297337484109,336.25522353852989,-71.550,-39.402
"Directions from San Martín de los Andes, Neuquén Province to Pitrufquén, Chile",,,1.45333114571750,330.57965225438886,-71.550,-39.402
"Directions from San Martín de los Andes, Neuquén Province to Pitrufquén, Chile",,,1.45355586776804,325.67000193508022,-71.550,-39.402
"Directions from San Martín de los Andes, Neuquén Province to Pitrufquén, Chile",,,1.45379187624246,321.09599127902345,-71.550,-39.401
"Directions from San Martín de los Andes, Neuquén Province to Pitrufquén, Chile",,,1.45401859192345,315.54339072684115,-71.551,-39.401
"Directions from San Martín de los Andes, Neuquén Province to Pitrufquén, Chile",,,1.45434416833536,311.15800908392544,-71.551,-39.401
"Directions from San Martín de los Andes, Neuquén Province to Pitrufquén, Chile",,,1.45450037332888,308.15049592417773,-71.551,-39.401
"Directions from San Martín de los Andes, Neuquén Province to Pitrufquén, Chile",,,1.45603040600827,305.17321553134661,-71.552,-39.400
"Directions from San Martín de los Andes, Neuquén Province to Pitrufquén, Chile",,,1.45701777625291,302.13104578549610,-71.553,-39.399
"Directions from San Martín de los Andes, Neuquén Province to Pitrufquén, Chile",,,1.45755116166703,299.28088492784713,-71.553,-39.399
"Directions from San Martín de los Andes, Neuquén Province to Pitrufquén, Chile",,,1.46013704642858,299.70721014196943,-71.556,-39.398
"Directions from San Martín de los Andes, Neuquén Province to Pitrufquén, Chile",,,1.46046461321566,302.28718126047482,-71.556,-39.398
"Directions from San Martín de los Andes, Neuquén Province to Pitrufquén, Chile",,,1.46088342104749,305.09026423520777,-71.556,-39.398
"Directions from San Martín de los Andes, Neuquén Province to Pitrufquén, Chile",,,1.46128342104749,307.87719703969128,-71.557,-39.397
"Directions from San Martín de los Andes, Neuquén Province to Pitrufquén, Chile",,,1.46168166720252,311.27613828992355,-71.557,-39.397
"Directions from San Martín de los Andes, Neuquén Province to Pitrufquén, Chile",,,1.46320235783510,311.83701808021425,-71.558,-39.396
"Directions from San Martín de los Andes, Neuquén Province to Pitrufquén, Chile",,,1.46393345290415,308.95525103159383,-71.559,-39.396
"Directions from San Martín de los Andes, Neuquén Province to Pitrufquén, Chile",,,1.46736801255570,309.89105779348716,-71.561,-39.393
"Directions from San Martín de los Andes, Neuquén Province to Pitrufquén, Chile",,,1.46775749939758,314.28625830333135,-71.562,-39.393
"Directions from San Martín de los Andes, Neuquén Province to Pitrufquén, Chile",,,1.46895303275136,315.32651019600814,-71.562,-39.392
"Directions from San Martín de los Andes, Neuquén Province to Pitrufquén, Chile",,,1.46934200575814,311.30909079003703,-71.563,-39.392
"Directions from San Martín de los Andes, Neuquén Province to Pitrufquén, Chile",,,1.46953409948526,302.61242970860030,-71.563,-39.392
"Directions from San Martín de los Andes, Neuquén Province to Pitrufquén, Chile",,,1.46955646016503,301.05136447665905,-71.563,-39.392
"Directions from San Martín de los Andes, Neuquén Province to Pitrufquén, Chile",,,1.46972850667038,303.68256218494821,-71.563,-39.392
"Directions from San Martín de los Andes, Neuquén Province to Pitrufquén, Chile",,,1.47006982763369,298.58681125947516,-71.563,-39.392
"Directions from San Martín de los Andes, Neuquén Province to Pitrufquén, Chile",,,1.47028006559411,293.32176499504715,-71.563,-39.392
"Directions from San Martín de los Andes, Neuquén Province to Pitrufquén, Chile",,,1.47091331120207,290.12657962301608,-71.564,-39.391
"Directions from San Martín de los Andes, Neuquén Province to Pitrufquén, Chile",,,1.47439196036517,291.98634933758518,-71.567,-39.390
"Directions from San Martín de los Andes, Neuquén Province to Pitrufquén, Chile",,,1.47455748981875,293.40915148130114,-71.568,-39.390
"Directions from San Martín de los Andes, Neuquén Province to Pitrufquén, Chile",,,1.47471904476297,295.62341910738860,-71.568,-39.390
"Directions from San Martín de los Andes, Neuquén Province to Pitrufquén, Chile",,,1.47543101386342,295.62341911089817,-71.568,-39.390
"Directions from San Martín de los Andes, Neuquén Province to Pitrufquén, Chile",,,1.47548486551149,296.48637925984713,-71.568,-39.390
"Directions from San Martín de los Andes, Neuquén Province to Pitrufquén, Chile",,,1.48021825752990,304.73075610953344,-71.572,-39.387
"Directions from San Martín de los Andes, Neuquén Province to Pitrufquén, Chile",,,1.48046033189864,311.64508159566992,-71.573,-39.387
"Directions from San Martín de los Andes, Neuquén Province to Pitrufquén, Chile",,,1.48065832179737,317.31773171365808,-71.573,-39.387
"Directions from San Martín de los Andes, Neuquén Province to Pitrufquén, Chile",,,1.48092080989234,325.78148824657683,-71.573,-39.387
"Directions from San Martín de los Andes, Neuquén Province to Pitrufquén, Chile",,,1.48109080989234,333.57618624750978,-71.573,-39.387
"Directions from San Martín de los Andes, Neuquén Province to Pitrufquén, Chile",,,1.48137716631361,336.58044737314356,-71.573,-39.386
"Directions from San Martín de los Andes, Neuquén Province to Pitrufquén, Chile",,,1.48502426104778,336.98677317136838,-71.574,-39.383
"Directions from San Martín de los Andes, Neuquén Province to Pitrufquén, Chile",,,1.48620612398399,332.12512895160415,-71.575,-39.382
"Directions from San Martín de los Andes, Neuquén Province to Pitrufquén, Chile",,,1.48704140836671,329.09718972513457,-71.575,-39.381
"Directions from San Martín de los Andes, Neuquén Province to Pitrufquén, Chile",,,1.48808083128352,332.43339884273610,-71.576,-39.380
"Directions from San Martín de los Andes, Neuquén Province to Pitrufquén, Chile",,,1.48843424322446,338.22510814628600,-71.576,-39.380
"Directions from San Martín de los Andes, Neuquén Province to Pitrufquén, Chile",,,1.48852911155426,339.47259311575539,-71.576,-39.380
"Directions from San Martín de los Andes, Neuquén Province to Pitrufquén, Chile",,,1.48865911155427,341.90485033385045,-71.576,-39.380
"Directions from San Martín de los Andes, Neuquén Province to Pitrufquén, Chile",,,1.48895744023207,350.49461679166495,-71.576,-39.379
"Directions from San Martín de los Andes, Neuquén Province to Pitrufquén, Chile",,,1.48916839046317,355.68991892380438,-71.576,-39.379
"Directions from San Martín de los Andes, Neuquén Province to Pitrufquén, Chile",,,1.48988950071826,353.82891141710445,-71.576,-39.379
"Directions from San Martín de los Andes, Neuquén Province to Pitrufquén, Chile",,,1.49020350708762,349.01669344409066,-71.576,-39.378
"Directions from San Martín de los Andes, Neuquén Province to Pitrufquén, Chile",,,1.49042911737108,345.34568627654721,-71.576,-39.378
"Directions from San Martín de los Andes, Neuquén Province to Pitrufquén, Chile",,,1.49071071992788,340.55775178363137,-71.576,-39.378
"Directions from San Martín de los Andes, Neuquén Province to Pitrufquén, Chile",,,1.49126226321721,334.13105570286564,-71.577,-39.377
"Directions from San Martín de los Andes, Neuquén Province to Pitrufquén, Chile",,,1.49162941441222,328.95351009275794,-71.577,-39.377
"Directions from San Martín de los Andes, Neuquén Province to Pitrufquén, Chile",,,1.49179584758199,325.86354796737248,-71.577,-39.377
"Directions from San Martín de los Andes, Neuquén Province to Pitrufquén, Chile",,,1.49205391734000,321.30858253586655,-71.577,-39.377
"Directions from San Martín de los Andes, Neuquén Province to Pitrufquén, Chile",,,1.49295330602127,317.35995597518178,-71.578,-39.376
"Directions from San Martín de los Andes, Neuquén Province to Pitrufquén, Chile",,,1.49424779433718,317.46576487487096,-71.579,-39.375
"Directions from San Martín de los Andes, Neuquén Province to Pitrufquén, Chile",,,1.49460904217454,320.10461703831368,-71.579,-39.375
"Directions from San Martín de los Andes, Neuquén Province to Pitrufquén, Chile",,,1.49514317698898,323.26577998625595,-71.579,-39.374
"Directions from San Martín de los Andes, Neuquén Province to Pitrufquén, Chile",,,1.49631961228258,326.86251501435294,-71.580,-39.373
"Directions from San Martín de los Andes, Neuquén Province to Pitrufquén, Chile",,,1.49672777891521,331.81426267943169,-71.580,-39.373
"Directions from San Martín de los Andes, Neuquén Province to Pitrufquén, Chile",,,1.49717061071172,338.41568498307987,-71.580,-39.373
"Directions from San Martín de los Andes, Neuquén Province to Pitrufquén, Chile",,,1.49851467172224,339.91462535165130,-71.581,-39.371
"Directions from San Martín de los Andes, Neuquén Province to Pitrufquén, Chile",,,1.49956390954085,334.89435192429130,-71.581,-39.370
"Directions from San Martín de los Andes, Neuquén Province to Pitrufquén, Chile",,,1.50018568120312,323.59927060533369,-71.581,-39.370
"Directions from San Martín de los Andes, Neuquén Province to Pitrufquén, Chile",,,1.50021396547437,324.99155325667829,-71.581,-39.370
"Directions from San Martín de los Andes, Neuquén Province to Pitrufquén, Chile",,,1.50037949492794,333.34117537792361,-71.581,-39.370
"Directions from San Martín de los Andes, Neuquén Province to Pitrufquén, Chile",,,1.50052714315855,334.94891737578826,-71.581,-39.369
"Directions from San Martín de los Andes, Neuquén Province to Pitrufquén, Chile",,,1.50058099480661,335.89701565103564,-71.581,-39.369
"Directions from San Martín de los Andes, Neuquén Province to Pitrufquén, Chile",,,1.50217755360603,332.81416263837025,-71.582,-39.368
"Directions from San Martín de los Andes, Neuquén Province to Pitrufquén, Chile",,,1.50473638146268,334.03519775883791,-71.583,-39.366
"Directions from San Martín de los Andes, Neuquén Province to Pitrufquén, Chile",,,1.50503184719674,339.14641969969756,-71.584,-39.365
"Directions from San Martín de los Andes, Neuquén Province to Pitrufquén, Chile",,,1.50529433529171,345.02742982441976,-71.584,-39.365
"Directions from San Martín de los Andes, Neuquén Province to Pitrufquén, Chile",,,1.50567288515633,351.30255118189206,-71.584,-39.365
"Directions from San Martín de los Andes, Neuquén Province to Pitrufquén, Chile",,,1.50589379237667,5.37548349537571,-71.584,-39.365
"Directions from San Martín de los Andes, Neuquén Province to Pitrufquén, Chile",,,1.50603939457446,4.41018977614838,-71.584,-39.364
"Directions from San Martín de los Andes, Neuquén Province to Pitrufquén, Chile",,,1.50652313003935,350.78252558749512,-71.584,-39.364
"Directions from San Martín de los Andes, Neuquén Province to Pitrufquén, Chile",,,1.50662511042963,340.03980392883045,-71.584,-39.364
"Directions from San Martín de los Andes, Neuquén Province to Pitrufquén, Chile",,,1.50687570971135,327.40825467798271,-71.584,-39.364
"Directions from San Martín de los Andes, Neuquén Province to Pitrufquén, Chile",,,1.50726171489266,324.48307637494901,-71.584,-39.363
"Directions from San Martín de los Andes, Neuquén Province to Pitrufquén, Chile",,,1.50788026157642,324.43241702968686,-71.584,-39.363
"Directions from San Martín de los Andes, Neuquén Province to Pitrufquén, Chile",,,1.50846626498938,322.51774356925051,-71.585,-39.362
"Directions from San Martín de los Andes, Neuquén Province to Pitrufquén, Chile",,,1.50919248809560,318.00977980477342,-71.585,-39.362
"Directions from San Martín de los Andes, Neuquén Province to Pitrufquén, Chile",,,1.51036637054287,315.05550506594778,-71.586,-39.361
"Directions from San Martín de los Andes, Neuquén Province to Pitrufquén, Chile",,,1.51238889371949,319.46569484625985,-71.587,-39.360
"Directions from San Martín de los Andes, Neuquén Province to Pitrufquén, Chile",,,1.51243889371950,320.29206701836910,-71.588,-39.360
"Directions from San Martín de los Andes, Neuquén Province to Pitrufquén, Chile",,,1.51342975193337,314.72062208467844,-71.588,-39.359
"Directions from San Martín de los Andes, Neuquén Province to Pitrufquén, Chile",,,1.51356428817384,314.44818246357261,-71.588,-39.359
"Directions from San Martín de los Andes, Neuquén Province to Pitrufquén, Chile",,,1.51398878787938,315.74547124559547,-71.589,-39.358
"Directions from San Martín de los Andes, Neuquén Province to Pitrufquén, Chile",,,1.51495754997607,320.44586126022824,-71.589,-39.358
"Directions from San Martín de los Andes, Neuquén Province to Pitrufquén, Chile",,,1.51499360548883,322.33819656302330,-71.589,-39.358
"Directions from San Martín de los Andes, Neuquén Province to Pitrufquén, Chile",,,1.51535485332619,316.68323033227642,-71.590,-39.357
"Directions from San Martín de los Andes, Neuquén Province to Pitrufquén, Chile",,,1.51599124942925,307.98187826663542,-71.590,-39.357
"Directions from San Martín de los Andes, Neuquén Province to Pitrufquén, Chile",,,1.51604955894821,297.08117352310859,-71.590,-39.357
"Directions from San Martín de los Andes, Neuquén Province to Pitrufquén, Chile",,,1.51612571667927,302.79801415480352,-71.590,-39.357
"Directions from San Martín de los Andes, Neuquén Province to Pitrufquén, Chile",,,1.51643716490932,309.63366772288083,-71.590,-39.357
"Directions from San Martín de los Andes, Neuquén Province to Pitrufquén, Chile",,,1.51648716490932,310.93494882505939,-71.590,-39.357
"Directions from San Martín de los Andes, Neuquén Province to Pitrufquén, Chile",,,1.51677000762179,313.63684450312593,-71.591,-39.356
"Directions from San Martín de los Andes, Neuquén Province to Pitrufquén, Chile",,,1.51721598968421,310.63234152408728,-71.591,-39.356
"Directions from San Martín de los Andes, Neuquén Province to Pitrufquén, Chile",,,1.51856691529282,311.99549702065605,-71.592,-39.355
"Directions from San Martín de los Andes, Neuquén Province to Pitrufquén, Chile",,,1.51892046868341,318.35491840325528,-71.592,-39.355
"Directions from San Martín de los Andes, Neuquén Province to Pitrufquén, Chile",,,1.51940461742089,323.50734163902246,-71.592,-39.355
"Directions from San Martín de los Andes, Neuquén Province to Pitrufquén, Chile",,,1.51956273130390,323.91433345395887,-71.593,-39.355
"Directions from San Martín de los Andes, Neuquén Province to Pitrufquén, Chile",,,1.51994075246733,319.90721524026014,-71.593,-39.354
"Directions from San Martín de los Andes, Neuquén Province to Pitrufquén, Chile",,,1.52029458858759,306.92783060979326,-71.593,-39.354
"Directions from San Martín de los Andes, Neuquén Province to Pitrufquén, Chile",,,1.52031694926736,309.34503376142413,-71.593,-39.354
"Directions from San Martín de los Andes, Neuquén Province to Pitrufquén, Chile",,,1.52043096680987,318.56250817288509,-71.593,-39.354
"Directions from San Martín de los Andes, Neuquén Province to Pitrufquén, Chile",,,1.52048753535237,319.37308113268955,-71.593,-39.354
"Directions from San Martín de los Andes, Neuquén Province to Pitrufquén, Chile",,,1.52067354610474,319.37308112251179,-71.593,-39.354
"Directions from San Martín de los Andes, Neuquén Province to Pitrufquén, Chile",,,1.52068768824037,322.62755934197742,-71.593,-39.354
"Directions from San Martín de los Andes, Neuquén Province to Pitrufquén, Chile",,,1.52084893339533,333.66150913264516,-71.593,-39.354
"Directions from San Martín de los Andes, Neuquén Province to Pitrufquén, Chile",,,1.52113124527960,333.05207151684800,-71.593,-39.353
"Directions from San Martín de los Andes, Neuquén Province to Pitrufquén, Chile",,,1.52124786431750,335.30064732082593,-71.594,-39.353
"Directions from San Martín de los Andes, Neuquén Province to Pitrufquén, Chile",,,1.52127948709409,331.84503375735295,-71.594,-39.353
"Directions from San Martín de los Andes, Neuquén Province to Pitrufquén, Chile",,,1.52139350463661,311.54438643952057,-71.594,-39.353
"Directions from San Martín de los Andes, Neuquén Province to Pitrufquén, Chile",,,1.52145181415556,295.90910728710986,-71.594,-39.353
"Directions from San Martín de los Andes, Neuquén Province to Pitrufquén, Chile",,,1.52167653620610,287.40009346225133,-71.594,-39.353
"Directions from San Martín de los Andes, Neuquén Province to Pitrufquén, Chile",,,1.52474704105058,282.48142025129903,-71.597,-39.352
"Directions from San Martín de los Andes, Neuquén Province to Pitrufquén, Chile",,,1.52589825779820,279.40864975156040,-71.598,-39.352
"Directions from San Martín de los Andes, Neuquén Province to Pitrufquén, Chile",,,1.52810871024057,276.46418946300128,-71.600,-39.352
"Directions from San Martín de los Andes, Neuquén Province to Pitrufquén, Chile",,,1.52967497969376,278.21906175953882,-71.602,-39.352
"Directions from San Martín de los Andes, Neuquén Province to Pitrufquén, Chile",,,1.52972596988890,279.12545795278794,-71.602,-39.352
"Directions from San Martín de los Andes, Neuquén Province to Pitrufquén, Chile",,,1.53088446028594,282.68796612974415,-71.603,-39.351
"Directions from San Martín de los Andes, Neuquén Province to Pitrufquén, Chile",,,1.53091608306253,283.48285722100388,-71.603,-39.351
"Directions from San Martín de los Andes, Neuquén Province to Pitrufquén, Chile",,,1.53111832054669,281.11886330722592,-71.603,-39.351
"Directions from San Martín de los Andes, Neuquén Province to Pitrufquén, Chile",,,1.53154033950361,285.23909241097834,-71.604,-39.351
"Directions from San Martín de los Andes, Neuquén Province to Pitrufquén, Chile",,,1.53230276982830,285.40373364366633,-71.604,-39.351
"Directions from San Martín de los Andes, Neuquén Province to Pitrufquén, Chile",,,1.53250892510957,282.41027066777809,-71.605,-39.351
"Directions from San Martín de los Andes, Neuquén Province to Pitrufquén, Chile",,,1.53272270069285,278.24744550289182,-71.605,-39.351
"Directions from San Martín de los Andes, Neuquén Province to Pitrufquén, Chile",,,1.53282319944906,272.85529656955600,-71.605,-39.351
"Directions from San Martín de los Andes, Neuquén Province to Pitrufquén, Chile",,,1.53288319944905,275.65496623466134,-71.605,-39.351
"Directions from San Martín de los Andes, Neuquén Province to Pitrufquén, Chile",,,1.53293418964419,275.65496623466134,-71.605,-39.351
"Directions from San Martín de los Andes, Neuquén Province to Pitrufquén, Chile",,,1.53317418964419,267.95719161083917,-71.605,-39.351
"Directions from San Martín de los Andes, Neuquén Province to Pitrufquén, Chile",,,1.53331454633267,261.69278775650292,-71.605,-39.351
"Directions from San Martín de los Andes, Neuquén Province to Pitrufquén, Chile",,,1.53340674177724,260.01989215958565,-71.605,-39.351
"Directions from San Martín de los Andes, Neuquén Province to Pitrufquén, Chile",,,1.53363869004733,261.02040295388929,-71.606,-39.351
"Directions from San Martín de los Andes, Neuquén Province to Pitrufquén, Chile",,,1.53478803768839,258.36346220340505,-71.607,-39.351
"Directions from San Martín de los Andes, Neuquén Province to Pitrufquén, Chile",,,1.53823291794755,259.67377391238995,-71.610,-39.352
"Directions from San Martín de los Andes, Neuquén Province to Pitrufquén, Chile",,,1.53859637358446,258.35829302408973,-71.610,-39.352
"Directions from San Martín de los Andes, Neuquén Province to Pitrufquén, Chile",,,1.53901122295472,257.82556106793680,-71.611,-39.352
"Directions from San Martín de los Andes, Neuquén Province to Pitrufquén, Chile",,,1.53939593063596,264.73960784359269,-71.611,-39.352
"Directions from San Martín de los Andes, Neuquén Province to Pitrufquén, Chile",,,1.53976606574641,272.70239988448651,-71.612,-39.352
"Directions from San Martín de los Andes, Neuquén Province to Pitrufquén, Chile",,,1.54017910327498,279.60886559778635,-71.612,-39.352
"Directions from San Martín de los Andes, Neuquén Province to Pitrufquén, Chile",,,1.54041447532090,284.44786371749171,-71.612,-39.352
"Directions from San Martín de los Andes, Neuquén Province to Pitrufquén, Chile",,,1.54121809214501,284.38388908105145,-71.613,-39.352
"Directions from San Martín de los Andes, Neuquén Province to Pitrufquén, Chile",,,1.54216935446425,286.05996548771134,-71.614,-39.352
"Directions from San Martín de los Andes, Neuquén Province to Pitrufquén, Chile",,,1.54228640146336,291.86630050668288,-71.614,-39.352
"Directions from San Martín de los Andes, Neuquén Province to Pitrufquén, Chile",,,1.54255953146903,290.69980935674215,-71.614,-39.352
"Directions from San Martín de los Andes, Neuquén Province to Pitrufquén, Chile",,,1.54325213525186,284.99460574931885,-71.615,-39.351
"Directions from San Martín de los Andes, Neuquén Province to Pitrufquén, Chile",,,1.54357970203895,277.09334877183863,-71.615,-39.351
"Directions from San Martín de los Andes, Neuquén Province to Pitrufquén, Chile",,,1.54388986328733,266.81741503818751,-71.616,-39.351
"Directions from San Martín de los Andes, Neuquén Province to Pitrufquén, Chile",,,1.54486991430642,262.47222319915420,-71.617,-39.351
"Directions from San Martín de los Andes, Neuquén Province to Pitrufquén, Chile",,,1.54688426283634,264.19679244818502,-71.619,-39.352
"Directions from San Martín de los Andes, Neuquén Province to Pitrufquén, Chile",,,1.54748634256529,262.99512278214235,-71.619,-39.352
"Directions from San Martín de los Andes, Neuquén Province to Pitrufquén, Chile",,,1.54792200298350,257.91123503834802,-71.620,-39.352
"Directions from San Martín de los Andes, Neuquén Province to Pitrufquén, Chile",,,1.54900869521223,258.58071005918401,-71.621,-39.352
"Directions from San Martín de los Andes, Neuquén Province to Pitrufquén, Chile",,,1.54937215084914,264.24891381790985,-71.621,-39.352
"Directions from San Martín de los Andes, Neuquén Province to Pitrufquén, Chile",,,1.55319968269094,265.11740762214458,-71.625,-39.352
"Directions from San Martín de los Andes, Neuquén Province to Pitrufquén, Chile",,,1.55357183857226,261.07022786498226,-71.625,-39.352
"Directions from San Martín de los Andes, Neuquén Province to Pitrufquén, Chile",,,1.55386798043016,254.21922750272549,-71.626,-39.352
"Directions from San Martín de los Andes, Neuquén Province to Pitrufquén, Chile",,,1.55475053354471,249.34004392675527,-71.626,-39.353
"Directions from San Martín de los Andes, Neuquén Province to Pitrufquén, Chile",,,1.55535219790296,246.96434944359004,-71.627,-39.353
"Directions from San Martín de los Andes, Neuquén Province to Pitrufquén, Chile",,,1.55561620547862,243.65197413922508,-71.627,-39.353
"Directions from San Martín de los Andes, Neuquén Province to Pitrufquén, Chile",,,1.55663620547862,239.11872277059075,-71.628,-39.353
"Directions from San Martín de los Andes, Neuquén Province to Pitrufquén, Chile",,,1.55670831650413,238.07769227948947,-71.628,-39.354
"Directions from San Martín de los Andes, Neuquén Province to Pitrufquén, Chile",,,1.55792264759572,209.92272604091357,-71.629,-39.354
"Directions from San Martín de los Andes, Neuquén Province to Pitrufquén, Chile",,,1.55793264759571,210.47269795007739,-71.629,-39.354
"Directions from San Martín de los Andes, Neuquén Province to Pitrufquén, Chile",,,1.55813856019853,232.97269796025512,-71.629,-39.354
"Directions from San Martín de los Andes, Neuquén Province to Pitrufquén, Chile",,,1.55815270233416,232.97269796025512,-71.629,-39.354
"Directions from San Martín de los Andes, Neuquén Province to Pitrufquén, Chile",,,1.55835861493698,238.62766418682648,-71.630,-39.354
"Directions from San Martín de los Andes, Neuquén Province to Pitrufquén, Chile",,,1.55857494801351,237.92219377728080,-71.630,-39.354
"Directions from San Martín de los Andes, Neuquén Province to Pitrufquén, Chile",,,1.55877217884274,233.95045787230271,-71.630,-39.355
"Directions from San Martín de los Andes, Neuquén Province to Pitrufquén, Chile",,,1.55937425857168,225.23759553339977,-71.630,-39.355
"Directions from San Martín de los Andes, Neuquén Province to Pitrufquén, Chile",,,1.56007518652803,227.61941637870669,-71.631,-39.356
"Directions from San Martín de los Andes, Neuquén Province to Pitrufquén, Chile",,,1.56042518652803,235.11242971543507,-71.631,-39.356
"Directions from San Martín de los Andes, Neuquén Province to Pitrufquén, Chile",,,1.56062767109534,242.35731101291935,-71.631,-39.356
"Directions from San Martín de los Andes, Neuquén Province to Pitrufquén, Chile",,,1.56081151885846,249.77969650639312,-71.631,-39.356
"Directions from San Martín de los Andes, Neuquén Province to Pitrufquén, Chile",,,1.56129535767459,254.82560245027315,-71.632,-39.356
"Directions from San Martín de los Andes, Neuquén Province to Pitrufquén, Chile",,,1.56232904041122,256.22827906714832,-71.633,-39.356
"Directions from San Martín de los Andes, Neuquén Province to Pitrufquén, Chile",,,1.56255707549624,256.08095940163969,-71.633,-39.356
"Directions from San Martín de los Andes, Neuquén Province to Pitrufquén, Chile",,,1.56370463813070,260.65076696958567,-71.634,-39.357
"Directions from San Martín de los Andes, Neuquén Province to Pitrufquén, Chile",,,1.56398624068751,265.79694319494246,-71.635,-39.357
"Directions from San Martín de los Andes, Neuquén Province to Pitrufquén, Chile",,,1.56423644060757,270.15597607996011,-71.635,-39.357
"Directions from San Martín de los Andes, Neuquén Province to Pitrufquén, Chile",,,1.56445666776302,274.47137697487278,-71.635,-39.357
"Directions from San Martín de los Andes, Neuquén Province to Pitrufquén, Chile",,,1.56472832931716,280.63580446225086,-71.635,-39.357
"Directions from San Martín de los Andes, Neuquén Province to Pitrufquén, Chile",,,1.56534929630502,287.96418001989070,-71.636,-39.356
"Directions from San Martín de los Andes, Neuquén Province to Pitrufquén, Chile",,,1.56839128578560,290.19737765519045,-71.639,-39.355
"Directions from San Martín de los Andes, Neuquén Province to Pitrufquén, Chile",,,1.56914401415626,288.29817683419077,-71.639,-39.355
"Directions from San Martín de los Andes, Neuquén Province to Pitrufquén, Chile",,,1.56958367311500,285.68830281711837,-71.640,-39.355
"Directions from San Martín de los Andes, Neuquén Province to Pitrufquén, Chile",,,1.57154336696865,282.62413349637444,-71.642,-39.354
"Directions from San Martín de los Andes, Neuquén Province to Pitrufquén, Chile",,,1.57201208863445,275.53510128909937,-71.642,-39.354
"Directions from San Martín de los Andes, Neuquén Province to Pitrufquén, Chile",,,1.57204208863446,277.01812173635801,-71.642,-39.354
"Directions from San Martín de los Andes, Neuquén Province to Pitrufquén, Chile",,,1.57208331969072,277.86046389558766,-71.642,-39.354
"Directions from San Martín de los Andes, Neuquén Province to Pitrufquén, Chile",,,1.57242346671774,268.55538152863198,-71.643,-39.354
"Directions from San Martín de los Andes, Neuquén Province to Pitrufquén, Chile",,,1.57267426544183,263.13186584653630,-71.643,-39.354
"Directions from San Martín de los Andes, Neuquén Province to Pitrufquén, Chile",,,1.57393029091928,260.29549723047251,-71.644,-39.355
"Directions from San Martín de los Andes, Neuquén Province to Pitrufquén, Chile",,,1.57657243020402,261.12874193361216,-71.647,-39.355
"Directions from San Martín de los Andes, Neuquén Province to Pitrufquén, Chile",,,1.57733898091989,264.34503376317349,-71.647,-39.355
"Directions from San Martín de los Andes, Neuquén Province to Pitrufquén, Chile",,,1.57763964684746,267.70585250031689,-71.648,-39.355
"Directions from San Martín de los Andes, Neuquén Province to Pitrufquén, Chile",,,1.57837971441195,268.28138953441641,-71.648,-39.355
"Directions from San Martín de los Andes, Neuquén Province to Pitrufquén, Chile",,,1.57924064414194,264.74184296624782,-71.649,-39.355
"Directions from San Martín de los Andes, Neuquén Province to Pitrufquén, Chile",,,1.57953338976531,252.79081775256725,-71.650,-39.355
"Directions from San Martín de los Andes, Neuquén Province to Pitrufquén, Chile",,,1.57955575044508,251.06250816735255,-71.650,-39.355
"Directions from San Martín de los Andes, Neuquén Province to Pitrufquén, Chile",,,1.57970872103049,256.37233581261222,-71.650,-39.355
"Directions from San Martín de los Andes, Neuquén Province to Pitrufquén, Chile",,,1.57985432322828,250.83723452280944,-71.650,-39.355
"Directions from San Martín de los Andes, Neuquén Province to Pitrufquén, Chile",,,1.58022201875449,242.80724087156153,-71.650,-39.355
"Directions from San Martín de los Andes, Neuquén Province to Pitrufquén, Chile",,,1.58031635856582,240.71478280607744,-71.650,-39.356
"Directions from San Martín de los Andes, Neuquén Province to Pitrufquén, Chile",,,1.58038344060514,237.18323787122887,-71.650,-39.356
"Directions from San Martín de los Andes, Neuquén Province to Pitrufquén, Chile",,,1.58147824652401,235.59332281432404,-71.651,-39.356
"Directions from San Martín de los Andes, Neuquén Province to Pitrufquén, Chile",,,1.58172011425647,243.93749182556121,-71.651,-39.356
"Directions from San Martín de los Andes, Neuquén Province to Pitrufquén, Chile",,,1.58190396201957,249.59245806240347,-71.652,-39.356
"Directions from San Martín de los Andes, Neuquén Province to Pitrufquén, Chile",,,1.58234668089199,253.15496623652919,-71.652,-39.357
"Directions from San Martín de los Andes, Neuquén Province to Pitrufquén, Chile",,,1.58257471597701,253.15496623760512,-71.652,-39.357
"Directions from San Martín de los Andes, Neuquén Province to Pitrufquén, Chile",,,1.58273282986002,256.71747441186812,-71.652,-39.357
"Directions from San Martín de los Andes, Neuquén Province to Pitrufquén, Chile",,,1.58280354053815,258.91682708766564,-71.653,-39.357
"Directions from San Martín de los Andes, Neuquén Province to Pitrufquén, Chile",,,1.58300969581942,258.00656492173397,-71.653,-39.357
"Directions from San Martín de los Andes, Neuquén Province to Pitrufquén, Chile",,,1.58358840127127,263.72340555501017,-71.653,-39.357
"Directions from San Martín de los Andes, Neuquén Province to Pitrufquén, Chile",,,1.58402885558219,269.43311925574608,-71.654,-39.357
"Directions from San Martín de los Andes, Neuquén Province to Pitrufquén, Chile",,,1.58441898376625,273.21927072085259,-71.654,-39.357
"Directions from San Martín de los Andes, Neuquén Province to Pitrufquén, Chile",,,1.58464985169386,272.48487036394056,-71.654,-39.357
"Directions from San Martín de los Andes, Neuquén Province to Pitrufquén, Chile",,,1.58468985169386,274.64665429979033,-71.654,-39.357
"Directions from San Martín de los Andes, Neuquén Province to Pitrufquén, Chile",,,1.58524716668557,283.64873510237879,-71.655,-39.357
"Directions from San Martín de los Andes, Neuquén Province to Pitrufquén, Chile",,,1.58566776150248,289.16364921796014,-71.655,-39.357
"Directions from San Martín de los Andes, Neuquén Province to Pitrufquén, Chile",,,1.58624360870443,293.24235163603299,-71.656,-39.356
"Directions from San Martín de los Andes, Neuquén Province to Pitrufquén, Chile",,,1.58687866775681,294.49761030988356,-71.656,-39.356
"Directions from San Martín de los Andes, Neuquén Province to Pitrufquén, Chile",,,1.58729097831936,290.90203099335878,-71.657,-39.356
"Directions from San Martín de los Andes, Neuquén Province to Pitrufquén, Chile",,,1.58762935680568,285.42953292362660,-71.657,-39.356
"Directions from San Martín de los Andes, Neuquén Province to Pitrufquén, Chile",,,1.58782352168407,279.74165070369679,-71.657,-39.356
"Directions from San Martín de los Andes, Neuquén Province to Pitrufquén, Chile",,,1.58812617660307,275.72264109618095,-71.658,-39.356
"Directions from San Martín de los Andes, Neuquén Province to Pitrufquén, Chile",,,1.58916852971023,271.92531941197410,-71.659,-39.356
"Directions from San Martín de los Andes, Neuquén Province to Pitrufquén, Chile",,,1.58952852971024,267.51512963605944,-71.659,-39.356
"Directions from San Martín de los Andes, Neuquén Province to Pitrufquén, Chile",,,1.58975939763785,267.51512963605944,-71.659,-39.356
"Directions from San Martín de los Andes, Neuquén Province to Pitrufquén, Chile",,,1.58981939763784,267.23622992471752,-71.659,-39.356
"Directions from San Martín de los Andes, Neuquén Province to Pitrufquén, Chile",,,1.59013084586790,262.17389409666640,-71.660,-39.356
"Directions from San Martín de los Andes, Neuquén Province to Pitrufquén, Chile",,,1.59041527512096,257.70928647185616,-71.660,-39.356
"Directions from San Martín de los Andes, Neuquén Province to Pitrufquén, Chile",,,1.59173712987849,259.51172142417721,-71.661,-39.356
"Directions from San Martín de los Andes, Neuquén Province to Pitrufquén, Chile",,,1.59208940817757,266.74009912426993,-71.662,-39.356
"Directions from San Martín de los Andes, Neuquén Province to Pitrufquén, Chile",,,1.59241940817756,272.04280839060743,-71.662,-39.356
"Directions from San Martín de los Andes, Neuquén Province to Pitrufquén, Chile",,,1.59255976486604,277.04679829023519,-71.662,-39.356
"Directions from San Martín de los Andes, Neuquén Province to Pitrufquén, Chile",,,1.59273239163106,281.70023877685276,-71.662,-39.356
"Directions from San Martín de los Andes, Neuquén Province to Pitrufquén, Chile",,,1.59294826196251,285.91372328936450,-71.662,-39.356
"Directions from San Martín de los Andes, Neuquén Province to Pitrufquén, Chile",,,1.59313799862212,291.99745699789480,-71.663,-39.356
"Directions from San Martín de los Andes, Neuquén Province to Pitrufquén, Chile",,,1.59339294959780,291.99745699518081,-71.663,-39.356
"Directions from San Martín de los Andes, Neuquén Province to Pitrufquén, Chile",,,1.59342457237440,293.43893872156610,-71.663,-39.356
"Directions from San Martín de los Andes, Neuquén Province to Pitrufquén, Chile",,,1.59451635989952,296.09621155876505,-71.664,-39.355
"Directions from San Martín de los Andes, Neuquén Province to Pitrufquén, Chile",,,1.59478948990519,290.00484960094320,-71.664,-39.355
"Directions from San Martín de los Andes, Neuquén Province to Pitrufquén, Chile",,,1.59528948990519,284.49228019713081,-71.665,-39.355
"Directions from San Martín de los Andes, Neuquén Province to Pitrufquén, Chile",,,1.59560729487683,279.92468601538383,-71.665,-39.355
"Directions from San Martín de los Andes, Neuquén Province to Pitrufquén, Chile",,,1.59568791745432,279.64823727693295,-71.665,-39.355
"Directions from San Martín de los Andes, Neuquén Province to Pitrufquén, Chile",,,1.59620964535274,280.07053430155366,-71.665,-39.355
"Directions from San Martín de los Andes, Neuquén Province to Pitrufquén, Chile",,,1.59671452157520,276.84010176621115,-71.666,-39.355
"Directions from San Martín de los Andes, Neuquén Province to Pitrufquén, Chile",,,1.59701601784383,273.44589102565374,-71.666,-39.355
"Directions from San Martín de los Andes, Neuquén Province to Pitrufquén, Chile",,,1.59798622400750,279.80806887216733,-71.667,-39.355
"Directions from San Martín de los Andes, Neuquén Province to Pitrufquén, Chile",,,1.59801784678410,279.21747441553214,-71.667,-39.355
"Directions from San Martín de los Andes, Neuquén Province to Pitrufquén, Chile",,,1.59812784678410,279.21747440942545,-71.667,-39.355
"Directions from San Martín de los Andes, Neuquén Province to Pitrufquén, Chile",,,1.59815946956070,279.21747440942545,-71.667,-39.355
"Directions from San Martín de los Andes, Neuquén Province to Pitrufquén, Chile",,,1.59818946956069,276.11575046059795,-71.667,-39.355
"Directions from San Martín de los Andes, Neuquén Province to Pitrufquén, Chile",,,1.59965268519757,279.41411960963148,-71.669,-39.355
"Directions from San Martín de los Andes, Neuquén Province to Pitrufquén, Chile",,,1.60113248248098,277.28317434618509,-71.670,-39.354
"Directions from San Martín de los Andes, Neuquén Province to Pitrufquén, Chile",,,1.60466661603817,276.58201964985102,-71.674,-39.354
"Directions from San Martín de los Andes, Neuquén Province to Pitrufquén, Chile",,,1.60477706964834,276.56895035800903,-71.674,-39.354
"Directions from San Martín de los Andes, Neuquén Province to Pitrufquén, Chile",,,1.60607956724911,281.65986152969901,-71.675,-39.354
"Directions from San Martín de los Andes, Neuquén Province to Pitrufquén, Chile",,,1.60649441661936,287.96614823418116,-71.676,-39.354
"Directions from San Martín de los Andes, Neuquén Province to Pitrufquén, Chile",,,1.60709249688154,291.55664592726777,-71.676,-39.353
"Directions from San Martín de los Andes, Neuquén Province to Pitrufquén, Chile",,,1.60779634345572,303.77862330729829,-71.677,-39.353
"Directions from San Martín de los Andes, Neuquén Province to Pitrufquén, Chile",,,1.60781048559135,302.77802260072929,-71.677,-39.353
"Directions from San Martín de los Andes, Neuquén Province to Pitrufquén, Chile",,,1.60798136566625,292.50000000083656,-71.677,-39.353
"Directions from San Martín de los Andes, Neuquén Province to Pitrufquén, Chile",,,1.60810219612599,290.57159950543223,-71.677,-39.353
"Directions from San Martín de los Andes, Neuquén Province to Pitrufquén, Chile",,,1.60820659919108,288.86837762863337,-71.677,-39.353
"Directions from San Martín de los Andes, Neuquén Province to Pitrufquén, Chile",,,1.60834588307385,289.19576783184073,-71.677,-39.353
"Directions from San Martín de los Andes, Neuquén Province to Pitrufquén, Chile",,,1.60851351361999,284.21211360764283,-71.677,-39.353
"Directions from San Martín de los Andes, Neuquén Province to Pitrufquén, Chile",,,1.60898223528580,278.39039785758166,-71.678,-39.353
"Directions from San Martín de los Andes, Neuquén Province to Pitrufquén, Chile",,,1.60938423031065,274.03194500179092,-71.678,-39.353
"Directions from San Martín de los Andes, Neuquén Province to Pitrufquén, Chile",,,1.61011484648896,273.26910649543606,-71.679,-39.353
"Directions from San Martín de los Andes, Neuquén Province to Pitrufquén, Chile",,,1.61052594258477,275.42578800773811,-71.679,-39.353
"Directions from San Martín de los Andes, Neuquén Province to Pitrufquén, Chile",,,1.61130118448250,277.82592982069292,-71.680,-39.353
"Directions from San Martín de los Andes, Neuquén Province to Pitrufquén, Chile",,,1.61367025603060,279.95400223518971,-71.683,-39.352
"Directions from San Martín de los Andes, Neuquén Province to Pitrufquén, Chile",,,1.61483129005249,281.82358020247040,-71.684,-39.352
"Directions from San Martín de los Andes, Neuquén Province to Pitrufquén, Chile",,,1.61514909502415,281.62256999945095,-71.684,-39.352
"Directions from San Martín de los Andes, Neuquén Province to Pitrufquén, Chile",,,1.61586106412459,278.82290033121546,-71.685,-39.352
"Directions from San Martín de los Andes, Neuquén Province to Pitrufquén, Chile",,,1.61618355443453,274.33658702405074,-71.685,-39.352
"Directions from San Martín de los Andes, Neuquén Province to Pitrufquén, Chile",,,1.61655368954498,269.58110683420927,-71.685,-39.352
"Directions from San Martín de los Andes, Neuquén Province to Pitrufquén, Chile",,,1.61679389778798,265.00970630033487,-71.686,-39.352
"Directions from San Martín de los Andes, Neuquén Province to Pitrufquén, Chile",,,1.61739920762600,258.53603591914845,-71.686,-39.352
"Directions from San Martín de los Andes, Neuquén Province to Pitrufquén, Chile",,,1.61804209175242,252.92100259408355,-71.687,-39.352
"Directions from San Martín de los Andes, Neuquén Province to Pitrufquén, Chile",,,1.61943668846831,252.80137319264557,-71.688,-39.352
"Directions from San Martín de los Andes, Neuquén Province to Pitrufquén, Chile",,,1.62006993407628,257.32252468564269,-71.689,-39.353
"Directions from San Martín de los Andes, Neuquén Province to Pitrufquén, Chile",,,1.62036421285566,262.25349991627371,-71.689,-39.353
"Directions from San Martín de los Andes, Neuquén Province to Pitrufquén, Chile",,,1.62046471161188,267.14470343245944,-71.689,-39.353
"Directions from San Martín de los Andes, Neuquén Province to Pitrufquén, Chile",,,1.62077471161188,273.00450297857992,-71.690,-39.353
"Directions from San Martín de los Andes, Neuquén Province to Pitrufquén, Chile",,,1.62096576134362,278.22324065420719,-71.690,-39.353
"Directions from San Martín de los Andes, Neuquén Province to Pitrufquén, Chile",,,1.62173854850708,281.26611621413332,-71.690,-39.352
"Directions from San Martín de los Andes, Neuquén Province to Pitrufquén, Chile",,,1.62331350882403,282.69999679150055,-71.692,-39.352
"Directions from San Martín de los Andes, Neuquén Province to Pitrufquén, Chile",,,1.62483433097011,284.47374148165932,-71.693,-39.352
"Directions from San Martín de los Andes, Neuquén Province to Pitrufquén, Chile",,,1.62535356116954,288.39103563284567,-71.694,-39.352
"Directions from San Martín de los Andes, Neuquén Province to Pitrufquén, Chile",,,1.62615767558927,294.13607119765845,-71.695,-39.351
"Directions from San Martín de los Andes, Neuquén Province to Pitrufquén, Chile",,,1.62841621494026,295.74738530109153,-71.697,-39.350
"Directions from San Martín de los Andes, Neuquén Province to Pitrufquén, Chile",,,1.62899802246857,293.29002364239045,-71.697,-39.350
"Directions from San Martín de los Andes, Neuquén Province to Pitrufquén, Chile",,,1.63129884840723,290.52115214423560,-71.699,-39.349
"Directions from San Martín de los Andes, Neuquén Province to Pitrufquén, Chile",,,1.63176371397919,286.90989457385325,-71.700,-39.349
"Directions from San Martín de los Andes, Neuquén Province to Pitrufquén, Chile",,,1.63234345530082,283.48560578672840,-71.700,-39.349
"Directions from San Martín de los Andes, Neuquén Province to Pitrufquén, Chile",,,1.63268079785668,279.34298462605051,-71.701,-39.349
"Directions from San Martín de los Andes, Neuquén Province to Pitrufquén, Chile",,,1.63319431513975,275.14308559137345,-71.701,-39.349
"Directions from San Martín de los Andes, Neuquén Province to Pitrufquén, Chile",,,1.63367525172600,272.71197232060149,-71.702,-39.349
"Directions from San Martín de los Andes, Neuquén Province to Pitrufquén, Chile",,,1.63429557422278,273.12315781038228,-71.702,-39.349
"Directions from San Martín de los Andes, Neuquén Province to Pitrufquén, Chile",,,1.63455634231899,276.26440385492293,-71.703,-39.349
"Directions from San Martín de los Andes, Neuquén Province to Pitrufquén, Chile",,,1.63476847435334,281.47829116279462,-71.703,-39.349
"Directions from San Martín de los Andes, Neuquén Province to Pitrufquén, Chile",,,1.63512018446124,286.84263170635086,-71.703,-39.349
"Directions from San Martín de los Andes, Neuquén Province to Pitrufquén, Chile",,,1.63982262000041,285.08435795570279,-71.708,-39.347
"Directions from San Martín de los Andes, Neuquén Province to Pitrufquén, Chile",,,1.63987361019554,284.87244064620069,-71.708,-39.347
"Directions from San Martín de los Andes, Neuquén Province to Pitrufquén, Chile",,,1.64069580238719,287.28964380178508,-71.708,-39.347
"Directions from San Martín de los Andes, Neuquén Province to Pitrufquén, Chile",,,1.64109140319608,285.01093429182458,-71.709,-39.347
"Directions from San Martín de los Andes, Neuquén Province to Pitrufquén, Chile",,,1.64284251712727,282.75558190113912,-71.711,-39.346
"Directions from San Martín de los Andes, Neuquén Province to Pitrufquén, Chile",,,1.64388391042473,279.99976006102509,-71.712,-39.346
"Directions from San Martín de los Andes, Neuquén Province to Pitrufquén, Chile",,,1.64422756723029,276.34095682170738,-71.712,-39.346
"Directions from San Martín de los Andes, Neuquén Province to Pitrufquén, Chile",,,1.64475907452092,272.74258342396752,-71.712,-39.346
"Directions from San Martín de los Andes, Neuquén Province to Pitrufquén, Chile",,,1.64524917655111,269.48327058287208,-71.713,-39.346
"Directions from San Martín de los Andes, Neuquén Province to Pitrufquén, Chile",,,1.64576956102436,265.39045004695657,-71.713,-39.346
"Directions from San Martín de los Andes, Neuquén Province to Pitrufquén, Chile",,,1.64642446559757,262.16547823218059,-71.714,-39.346
"Directions from San Martín de los Andes, Neuquén Province to Pitrufquén, Chile",,,1.64875094362239,262.45292905472456,-71.716,-39.346
"Directions from San Martín de los Andes, Neuquén Province to Pitrufquén, Chile",,,1.64937488272199,267.34085130757103,-71.717,-39.346
"Directions from San Martín de los Andes, Neuquén Province to Pitrufquén, Chile",,,1.65039507878158,272.51743726341687,-71.718,-39.346
"Directions from San Martín de los Andes, Neuquén Province to Pitrufquén, Chile",,,1.65274054248838,271.95578590619920,-71.720,-39.346
"Directions from San Martín de los Andes, Neuquén Province to Pitrufquén, Chile",,,1.65292054248838,267.04692944364160,-71.721,-39.346
"Directions from San Martín de los Andes, Neuquén Province to Pitrufquén, Chile",,,1.65321209008313,265.25876225622216,-71.721,-39.346
"Directions from San Martín de los Andes, Neuquén Province to Pitrufquén, Chile",,,1.65353271447397,264.85691440854572,-71.721,-39.346
"Directions from San Martín de los Andes, Neuquén Province to Pitrufquén, Chile",,,1.65421740418472,265.71124217638749,-71.722,-39.346
"Directions from San Martín de los Andes, Neuquén Province to Pitrufquén, Chile",,,1.65513789318519,269.94735609220919,-71.723,-39.346
"Directions from San Martín de los Andes, Neuquén Province to Pitrufquén, Chile",,,1.65578820080471,273.55910803315544,-71.723,-39.346
"Directions from San Martín de los Andes, Neuquén Province to Pitrufquén, Chile",,,1.65643100715190,276.90542635989169,-71.724,-39.346
"Directions from San Martín de los Andes, Neuquén Province to Pitrufquén, Chile",,,1.65717913815648,280.27489237722790,-71.725,-39.346
"Directions from San Martín de los Andes, Neuquén Province to Pitrufquén, Chile",,,1.65775185099900,282.80454493198329,-71.725,-39.346
"Directions from San Martín de los Andes, Neuquén Province to Pitrufquén, Chile",,,1.66254455378553,282.41213262950583,-71.730,-39.345
"Directions from San Martín de los Andes, Neuquén Province to Pitrufquén, Chile",,,1.66279950476122,283.86961696214161,-71.730,-39.345
"Directions from San Martín de los Andes, Neuquén Province to Pitrufquén, Chile",,,1.66361270830277,288.64187974564317,-71.731,-39.345
"Directions from San Martín de los Andes, Neuquén Province to Pitrufquén, Chile",,,1.66406215240386,294.37586453542258,-71.731,-39.345
"Directions from San Martín de los Andes, Neuquén Province to Pitrufquén, Chile",,,1.66444686008509,299.95132711982711,-71.732,-39.344
"Directions from San Martín de los Andes, Neuquén Province to Pitrufquén, Chile",,,1.66491855914169,305.21171927590535,-71.732,-39.344
"Directions from San Martín de los Andes, Neuquén Province to Pitrufquén, Chile",,,1.66528869425216,309.66621928328289,-71.732,-39.344
"Directions from San Martín de los Andes, Neuquén Province to Pitrufquén, Chile",,,1.66548718858457,313.59370662037367,-71.733,-39.344
"Directions from San Martín de los Andes, Neuquén Province to Pitrufquén, Chile",,,1.66580546519383,319.70156618838354,-71.733,-39.344
"Directions from San Martín de los Andes, Neuquén Province to Pitrufquén, Chile",,,1.66595546519383,321.31362698676514,-71.733,-39.343
"Directions from San Martín de los Andes, Neuquén Province to Pitrufquén, Chile",,,1.66721800232200,316.61206079701520,-71.734,-39.343
"Directions from San Martín de los Andes, Neuquén Province to Pitrufquén, Chile",,,1.66753627893125,306.84028907366712,-71.734,-39.342
"Directions from San Martín de los Andes, Neuquén Province to Pitrufquén, Chile",,,1.66821723414270,297.68066313859890,-71.735,-39.342
"Directions from San Martín de los Andes, Neuquén Province to Pitrufquén, Chile",,,1.66866006593921,294.01379152868839,-71.735,-39.342
"Directions from San Martín de los Andes, Neuquén Province to Pitrufquén, Chile",,,1.67048006593921,291.46216932901615,-71.737,-39.341
"Directions from San Martín de los Andes, Neuquén Province to Pitrufquén, Chile",,,1.67154632106816,288.30916306782598,-71.738,-39.341
"Directions from San Martín de los Andes, Neuquén Province to Pitrufquén, Chile",,,1.67197352125542,285.17504794675887,-71.738,-39.341
"Directions from San Martín de los Andes, Neuquén Province to Pitrufquén, Chile",,,1.67234460076173,282.30488344333469,-71.738,-39.340
"Directions from San Martín de los Andes, Neuquén Province to Pitrufquén, Chile",,,1.67310755554413,278.17392466071323,-71.739,-39.340
"Directions from San Martín de los Andes, Neuquén Province to Pitrufquén, Chile",,,1.67400209453154,276.44967112583743,-71.740,-39.340
"Directions from San Martín de los Andes, Neuquén Province to Pitrufquén, Chile",,,1.67513081061631,277.90271738700920,-71.741,-39.340
"Directions from San Martín de los Andes, Neuquén Province to Pitrufquén, Chile",,,1.67645598984947,277.65646652023486,-71.742,-39.340
"Directions from San Martín de los Andes, Neuquén Province to Pitrufquén, Chile",,,1.67688888706590,278.13502636415154,-71.743,-39.340
"Directions from San Martín de los Andes, Neuquén Province to Pitrufquén, Chile",,,1.67796406147037,280.56705056498731,-71.744,-39.340
"Directions from San Martín de los Andes, Neuquén Province to Pitrufquén, Chile",,,1.67856614119931,282.76640324283960,-71.745,-39.340
"Directions from San Martín de los Andes, Neuquén Province to Pitrufquén, Chile",,,1.67918460704315,285.07483085073437,-71.745,-39.339
"Directions from San Martín de los Andes, Neuquén Province to Pitrufquén, Chile",,,1.67965300858029,285.07483085025547,-71.746,-39.339
"Directions from San Martín de los Andes, Neuquén Province to Pitrufquén, Chile",,,1.68027147442414,282.46088526119104,-71.746,-39.339
"Directions from San Martín de los Andes, Neuquén Province to Pitrufquén, Chile",,,1.68186005869952,279.81584465863563,-71.748,-39.339
"Directions from San Martín de los Andes, Neuquén Province to Pitrufquén, Chile",,,1.68343841227208,277.72799953496451,-71.749,-39.339
"Directions from San Martín de los Andes, Neuquén Province to Pitrufquén, Chile",,,1.68395192955514,277.84597709621414,-71.750,-39.339
"Directions from San Martín de los Andes, Neuquén Province to Pitrufquén, Chile",,,1.68709041645171,278.05356686741845,-71.753,-39.338
"Directions from San Martín de los Andes, Neuquén Province to Pitrufquén, Chile",,,1.68741290676164,274.59752350126996,-71.753,-39.338
"Directions from San Martín de los Andes, Neuquén Province to Pitrufquén, Chile",,,1.68824344875337,273.96302211950092,-71.754,-39.338
"Directions from San Martín de los Andes, Neuquén Province to Pitrufquén, Chile",,,1.68863549466904,277.65916789643080,-71.754,-39.338
"Directions from San Martín de los Andes, Neuquén Province to Pitrufquén, Chile",,,1.68881797754495,278.19833555395070,-71.755,-39.338
"Directions from San Martín de los Andes, Neuquén Province to Pitrufquén, Chile",,,1.68956343042742,280.07671690424485,-71.755,-39.338
"Directions from San Martín de los Andes, Neuquén Province to Pitrufquén, Chile",,,1.69109398588216,281.65829464552968,-71.757,-39.337
"Directions from San Martín de los Andes, Neuquén Province to Pitrufquén, Chile",,,1.69183547087864,279.23601732862505,-71.758,-39.337
"Directions from San Martín de los Andes, Neuquén Province to Pitrufquén, Chile",,,1.71305169580203,278.65256018685079,-71.779,-39.334
"Directions from San Martín de los Andes, Neuquén Province to Pitrufquén, Chile",,,1.71659464654964,280.17588818765967,-71.782,-39.334
"Directions from San Martín de los Andes, Neuquén Province to Pitrufquén, Chile",,,1.71760464654964,283.10384436667175,-71.783,-39.333
"Directions from San Martín de los Andes, Neuquén Province to Pitrufquén, Chile",,,1.71964212047586,283.56279486839509,-71.785,-39.333
"Directions from San Martín de los Andes, Neuquén Province to Pitrufquén, Chile",,,1.71996968726294,284.99460574931885,-71.785,-39.333
"Directions from San Martín de los Andes, Neuquén Province to Pitrufquén, Chile",,,1.72020055519055,289.72576685315329,-71.786,-39.333
"Directions from San Martín de los Andes, Neuquén Province to Pitrufquén, Chile",,,1.72046981343090,296.13347720339340,-71.786,-39.333
"Directions from San Martín de los Andes, Neuquén Province to Pitrufquén, Chile",,,1.72066704426014,305.09892389622007,-71.786,-39.333
"Directions from San Martín de los Andes, Neuquén Province to Pitrufquén, Chile",,,1.72166829347986,289.86615143586215,-71.787,-39.332
"Directions from San Martín de los Andes, Neuquén Province to Pitrufquén, Chile",,,1.72167829347987,286.45262146164293,-71.787,-39.332
"Directions from San Martín de los Andes, Neuquén Province to Pitrufquén, Chile",,,1.72188077804718,298.05191672022181,-71.787,-39.332
"Directions from San Martín de los Andes, Neuquén Province to Pitrufquén, Chile",,,1.72195693577823,289.57199320865624,-71.787,-39.332
"Directions from San Martín de los Andes, Neuquén Province to Pitrufquén, Chile",,,1.72210253797602,283.03503377787689,-71.787,-39.332
"Directions from San Martín de los Andes, Neuquén Province to Pitrufquén, Chile",,,1.72238696722909,278.87160907163025,-71.787,-39.332
"Directions from San Martín de los Andes, Neuquén Province to Pitrufquén, Chile",,,1.72397094955222,275.92747064327682,-71.789,-39.332
"Directions from San Martín de los Andes, Neuquén Province to Pitrufquén, Chile",,,1.72424168927964,272.73418610074481,-71.789,-39.332
"Directions from San Martín de los Andes, Neuquén Province to Pitrufquén, Chile",,,1.72517190430854,270.35790658633368,-71.790,-39.332
"Directions from San Martín de los Andes, Neuquén Province to Pitrufquén, Chile",,,1.72628194935267,268.76566336049797,-71.791,-39.332
"Directions from San Martín de los Andes, Neuquén Province to Pitrufquén, Chile",,,1.72716246056782,266.86121525807943,-71.792,-39.332
"Directions from San Martín de los Andes, Neuquén Province to Pitrufquén, Chile",,,1.72835585907628,264.37386071945593,-71.793,-39.332
"Directions from San Martín de los Andes, Neuquén Province to Pitrufquén, Chile",,,1.72943372734281,259.99044440503161,-71.794,-39.332
"Directions from San Martín de los Andes, Neuquén Province to Pitrufquén, Chile",,,1.72987520214391,253.58770871834884,-71.795,-39.332
"Directions from San Martín de los Andes, Neuquén Province to Pitrufquén, Chile",,,1.73085259663949,252.44106107330944,-71.796,-39.332
"Directions from San Martín de los Andes, Neuquén Province to Pitrufquén, Chile",,,1.73239797685161,256.26002728494461,-71.797,-39.333
"Directions from San Martín de los Andes, Neuquén Province to Pitrufquén, Chile",,,1.73268433327288,250.67009586511057,-71.798,-39.333
"Directions from San Martín de los Andes, Neuquén Province to Pitrufquén, Chile",,,1.73270669395265,254.33565355809608,-71.798,-39.333
"Directions from San Martín de los Andes, Neuquén Province to Pitrufquén, Chile",,,1.73294752584423,267.61817915477729,-71.798,-39.333
"Directions from San Martín de los Andes, Neuquén Province to Pitrufquén, Chile",,,1.73338752584423,271.24477646050030,-71.798,-39.333
"Directions from San Martín de los Andes, Neuquén Province to Pitrufquén, Chile",,,1.73361774313289,271.24477646050030,-71.799,-39.333
"Directions from San Martín de los Andes, Neuquén Province to Pitrufquén, Chile",,,1.73408774313289,270.86785229447219,-71.799,-39.333
"Directions from San Martín de los Andes, Neuquén Province to Pitrufquén, Chile",,,1.73639880349559,274.12775317077632,-71.801,-39.333
"Directions from San Martín de los Andes, Neuquén Province to Pitrufquén, Chile",,,1.73675108179466,278.09657859246505,-71.802,-39.333
"Directions from San Martín de los Andes, Neuquén Province to Pitrufquén, Chile",,,1.73764377435091,278.33731149489006,-71.803,-39.332
"Directions from San Martín de los Andes, Neuquén Province to Pitrufquén, Chile",,,1.73821805651154,273.50063377872920,-71.803,-39.332
"Directions from San Martín de los Andes, Neuquén Province to Pitrufquén, Chile",,,1.73835805651153,266.82990412605210,-71.803,-39.332
"Directions from San Martín de los Andes, Neuquén Province to Pitrufquén, Chile",,,1.73844861036291,260.78252558784391,-71.803,-39.332
"Directions from San Martín de los Andes, Neuquén Province to Pitrufquén, Chile",,,1.73873496678418,254.07920315886545,-71.804,-39.332
"Directions from San Martín de los Andes, Neuquén Province to Pitrufquén, Chile",,,1.73914933377128,249.10846822729829,-71.804,-39.333
"Directions from San Martín de los Andes, Neuquén Province to Pitrufquén, Chile",,,1.73960243420165,258.98188653022476,-71.804,-39.333
"Directions from San Martín de los Andes, Neuquén Province to Pitrufquén, Chile",,,1.73961243420165,257.02061536910003,-71.804,-39.333
"Directions from San Martín de los Andes, Neuquén Province to Pitrufquén, Chile",,,1.74045771522001,245.30626896468928,-71.805,-39.333
"Directions from San Martín de los Andes, Neuquén Province to Pitrufquén, Chile",,,1.74078467087449,250.31295564551189,-71.806,-39.333
"Directions from San Martín de los Andes, Neuquén Province to Pitrufquén, Chile",,,1.74093027307228,251.12659730744863,-71.806,-39.333
"Directions from San Martín de los Andes, Neuquén Province to Pitrufquén, Chile",,,1.74098412472035,253.05191671862281,-71.806,-39.333
"Directions from San Martín de los Andes, Neuquén Province to Pitrufquén, Chile",,,1.74112730293099,254.73514705167133,-71.806,-39.333
"Directions from San Martín de los Andes, Neuquén Province to Pitrufquén, Chile",,,1.74115892570758,260.78252559057455,-71.806,-39.333
"Directions from San Martín de los Andes, Neuquén Province to Pitrufquén, Chile",,,1.74121892570759,266.20267831428202,-71.806,-39.333
"Directions from San Martín de los Andes, Neuquén Province to Pitrufquén, Chile",,,1.74137025316708,266.20267831428202,-71.806,-39.333
"Directions from San Martín de los Andes, Neuquén Province to Pitrufquén, Chile",,,1.74148025316709,272.28696063072709,-71.806,-39.333
"Directions from San Martín de los Andes, Neuquén Province to Pitrufquén, Chile",,,1.74173105189117,272.28696063072709,-71.806,-39.333
"Directions from San Martín de los Andes, Neuquén Province to Pitrufquén, Chile",,,1.74186105189116,272.50655687720081,-71.807,-39.333
"Directions from San Martín de los Andes, Neuquén Province to Pitrufquén, Chile",,,1.74243324067121,273.60785595844453,-71.807,-39.333
"Directions from San Martín de los Andes, Neuquén Province to Pitrufquén, Chile",,,1.74269343290783,268.47439770559259,-71.807,-39.333
"Directions from San Martín de los Andes, Neuquén Province to Pitrufquén, Chile",,,1.74444077374465,263.65739463849781,-71.809,-39.333
"Directions from San Martín de los Andes, Neuquén Province to Pitrufquén, Chile",,,1.74467272201474,263.65739463849781,-71.809,-39.333
"Directions from San Martín de los Andes, Neuquén Province to Pitrufquén, Chile",,,1.74642006285156,261.71813238773024,-71.811,-39.334
"Directions from San Martín de los Andes, Neuquén Province to Pitrufquén, Chile",,,1.74652204324183,262.34294729298210,-71.811,-39.334
"Directions from San Martín de los Andes, Neuquén Province to Pitrufquén, Chile",,,1.74752449024790,267.99791352960079,-71.812,-39.334
"Directions from San Martín de los Andes, Neuquén Province to Pitrufquén, Chile",,,1.74839449024791,271.50639375222289,-71.813,-39.334
"Directions from San Martín de los Andes, Neuquén Province to Pitrufquén, Chile",,,1.74896527917562,274.24507811665626,-71.814,-39.334
"Directions from San Martín de los Andes, Neuquén Province to Pitrufquén, Chile",,,1.74969862766031,277.06495526000953,-71.814,-39.334
"Directions from San Martín de los Andes, Neuquén Province to Pitrufquén, Chile",,,1.75016392326528,279.52493765682584,-71.815,-39.334
"Directions from San Martín de los Andes, Neuquén Province to Pitrufquén, Chile",,,1.75127211999871,278.91437074710080,-71.816,-39.333
"Directions from San Martín de los Andes, Neuquén Province to Pitrufquén, Chile",,,1.75150406826881,279.09118748230975,-71.816,-39.333
"Directions from San Martín de los Andes, Neuquén Province to Pitrufquén, Chile",,,1.75230818268854,282.64271103680716,-71.817,-39.333
"Directions from San Martín de los Andes, Neuquén Province to Pitrufquén, Chile",,,1.75286603571578,299.76722755052634,-71.817,-39.333
"Directions from San Martín de los Andes, Neuquén Province to Pitrufquén, Chile",,,1.75288017785139,302.77802261996953,-71.818,-39.333
"Directions from San Martín de los Andes, Neuquén Province to Pitrufquén, Chile",,,1.75347825811357,293.83208404527949,-71.818,-39.333
"Directions from San Martín de los Andes, Neuquén Province to Pitrufquén, Chile",,,1.75442192118903,295.77603882534743,-71.819,-39.332
"Directions from San Martín de los Andes, Neuquén Province to Pitrufquén, Chile",,,1.75466358210850,292.33440710539406,-71.819,-39.332
"Directions from San Martín de los Andes, Neuquén Province to Pitrufquén, Chile",,,1.75506855124314,285.76739595285761,-71.820,-39.332
"Directions from San Martín de los Andes, Neuquén Province to Pitrufquén, Chile",,,1.75532350221881,278.82506211015408,-71.820,-39.332
"Directions from San Martín de los Andes, Neuquén Province to Pitrufquén, Chile",,,1.75568571762434,272.84456568261095,-71.820,-39.332
"Directions from San Martín de los Andes, Neuquén Province to Pitrufquén, Chile",,,1.75656577444068,271.37769168731199,-71.821,-39.332
"Directions from San Martín de los Andes, Neuquén Province to Pitrufquén, Chile",,,1.75740726122015,271.70322187753186,-71.822,-39.332
"Directions from San Martín de los Andes, Neuquén Province to Pitrufquén, Chile",,,1.75748726122014,273.67618968014409,-71.822,-39.332
"Directions from San Martín de los Andes, Neuquén Province to Pitrufquén, Chile",,,1.75811240120447,274.32716601618131,-71.823,-39.332
"Directions from San Martín de los Andes, Neuquén Province to Pitrufquén, Chile",,,1.75855251482616,268.36401570624861,-71.823,-39.332
"Directions from San Martín de los Andes, Neuquén Province to Pitrufquén, Chile",,,1.75880331355024,262.05807313308947,-71.823,-39.332
"Directions from San Martín de los Andes, Neuquén Province to Pitrufquén, Chile",,,1.75916024491619,255.46457780032591,-71.824,-39.332
"Directions from San Martín de los Andes, Neuquén Province to Pitrufquén, Chile",,,1.76050430592671,254.71741100544435,-71.825,-39.332
"Directions from San Martín de los Andes, Neuquén Province to Pitrufquén, Chile",,,1.76072991621016,261.21604612244619,-71.825,-39.332
"Directions from San Martín de los Andes, Neuquén Province to Pitrufquén, Chile",,,1.76109116404752,271.18068732858745,-71.825,-39.332
"Directions from San Martín de los Andes, Neuquén Province to Pitrufquén, Chile",,,1.76125240920250,280.18276813159787,-71.826,-39.332
"Directions from San Martín de los Andes, Neuquén Province to Pitrufquén, Chile",,,1.76142705169446,284.96988207483042,-71.826,-39.332
"Directions from San Martín de los Andes, Neuquén Province to Pitrufquén, Chile",,,1.76153145475955,291.95767789612916,-71.826,-39.332
"Directions from San Martín de los Andes, Neuquén Province to Pitrufquén, Chile",,,1.76192502813263,298.62873774189399,-71.826,-39.332
"Directions from San Martín de los Andes, Neuquén Province to Pitrufquén, Chile",,,1.76288382946763,300.73546477057266,-71.827,-39.332
"Directions from San Martín de los Andes, Neuquén Province to Pitrufquén, Chile",,,1.76604808293409,304.41746112323074,-71.830,-39.330
"Directions from San Martín de los Andes, Neuquén Province to Pitrufquén, Chile",,,1.76626209227968,311.20267831579321,-71.830,-39.330
"Directions from San Martín de los Andes, Neuquén Province to Pitrufquén, Chile",,,1.76646008217842,320.65496623701017,-71.830,-39.330
"Directions from San Martín de los Andes, Neuquén Province to Pitrufquén, Chile",,,1.76653219320392,324.02775606071901,-71.830,-39.330
"Directions from San Martín de los Andes, Neuquén Province to Pitrufquén, Chile",,,1.76719438652917,320.46524788593086,-71.831,-39.329
"Directions from San Martín de los Andes, Neuquén Province to Pitrufquén, Chile",,,1.76748507536625,314.23716149447984,-71.831,-39.329
"Directions from San Martín de los Andes, Neuquén Province to Pitrufquén, Chile",,,1.76762720207028,307.65839012497474,-71.831,-39.329
"Directions from San Martín de los Andes, Neuquén Province to Pitrufquén, Chile",,,1.76789923148045,304.60294252161162,-71.831,-39.329
"Directions from San Martín de los Andes, Neuquén Province to Pitrufquén, Chile",,,1.76820987597180,299.87178142014790,-71.831,-39.329
"Directions from San Martín de los Andes, Neuquén Province to Pitrufquén, Chile",,,1.76827695801112,299.38039255863964,-71.831,-39.329
"Directions from San Martín de los Andes, Neuquén Province to Pitrufquén, Chile",,,1.76891508025646,299.38039255592554,-71.832,-39.328
"Directions from San Martín de los Andes, Neuquén Province to Pitrufquén, Chile",,,1.76895980161601,301.05136448383848,-71.832,-39.328
"Directions from San Martín de los Andes, Neuquén Province to Pitrufquén, Chile",,,1.76913184812135,303.30835871289798,-71.832,-39.328
"Directions from San Martín de los Andes, Neuquén Province to Pitrufquén, Chile",,,1.76998419781485,302.38455358006638,-71.833,-39.328
"Directions from San Martín de los Andes, Neuquén Province to Pitrufquén, Chile",,,1.77020053089137,302.47689960986537,-71.833,-39.328
"Directions from San Martín de los Andes, Neuquén Province to Pitrufquén, Chile",,,1.77085566446554,298.91439143593635,-71.834,-39.327
"Directions from San Martín de los Andes, Neuquén Province to Pitrufquén, Chile",,,1.77105691058351,298.18960695751088,-71.834,-39.327
"Directions from San Martín de los Andes, Neuquén Province to Pitrufquén, Chile",,,1.77310844659343,307.40708136388304,-71.835,-39.326
"Directions from San Martín de los Andes, Neuquén Province to Pitrufquén, Chile",,,1.77313673086468,307.48337093018642,-71.836,-39.326
"Directions from San Martín de los Andes, Neuquén Province to Pitrufquén, Chile",,,1.77698059610686,298.86264123602604,-71.839,-39.324
"Directions from San Martín de los Andes, Neuquén Province to Pitrufquén, Chile",,,1.77719530521238,298.79987018060876,-71.839,-39.324
"Directions from San Martín de los Andes, Neuquén Province to Pitrufquén, Chile",,,1.78236011885859,307.42059986968025,-71.844,-39.321
"Directions from San Martín de los Andes, Neuquén Province to Pitrufquén, Chile",,,1.78237426099421,307.42771869753665,-71.844,-39.321
"Directions from San Martín de los Andes, Neuquén Province to Pitrufquén, Chile",,,1.79008799549834,298.80698900846522,-71.850,-39.318
"Directions from San Martín de los Andes, Neuquén Province to Pitrufquén, Chile",,,1.79030270460386,298.77525070539872,-71.850,-39.318
"Directions from San Martín de los Andes, Neuquén Province to Pitrufquén, Chile",,,1.79332171106295,301.13157655114986,-71.853,-39.316
"Directions from San Martín de los Andes, Neuquén Province to Pitrufquén, Chile",,,1.79345209511105,300.92767470946291,-71.853,-39.316
"Directions from San Martín de los Andes, Neuquén Province to Pitrufquén, Chile",,,1.79463416955879,300.69477016663683,-71.854,-39.315
"Directions from San Martín de los Andes, Neuquén Province to Pitrufquén, Chile",,,1.79510586861541,300.74063610535114,-71.855,-39.315
"Directions from San Martín de los Andes, Neuquén Province to Pitrufquén, Chile",,,1.79642685309676,300.38130859822724,-71.856,-39.314
"Directions from San Martín de los Andes, Neuquén Province to Pitrufquén, Chile",,,1.79794806971513,300.08665497983094,-71.857,-39.314
"Directions from San Martín de los Andes, Neuquén Province to Pitrufquén, Chile",,,1.79861048952160,300.03577821276173,-71.858,-39.313
"Directions from San Martín de los Andes, Neuquén Province to Pitrufquén, Chile",,,1.79949885881418,300.11978937882924,-71.858,-39.313
"Directions from San Martín de los Andes, Neuquén Province to Pitrufquén, Chile",,,1.80011659662264,307.02730204934653,-71.859,-39.313
"Directions from San Martín de los Andes, Neuquén Province to Pitrufquén, Chile",,,1.80013073875827,305.99791919711237,-71.859,-39.313
"Directions from San Martín de los Andes, Neuquén Province to Pitrufquén, Chile",,,1.80072554965258,297.90331606855983,-71.859,-39.312
"Directions from San Martín de los Andes, Neuquén Province to Pitrufquén, Chile",,,1.80163856662942,299.37823859164365,-71.860,-39.312
"Directions from San Martín de los Andes, Neuquén Province to Pitrufquén, Chile",,,1.81756472435814,284.97284172019619,-71.874,-39.304
"Directions from San Martín de los Andes, Neuquén Province to Pitrufquén, Chile",,,1.81757472435813,285.07178629041238,-71.874,-39.304
"Directions from San Martín de los Andes, Neuquén Province to Pitrufquén, Chile",,,1.82488302785484,298.95105659111903,-71.880,-39.300
"Directions from San Martín de los Andes, Neuquén Province to Pitrufquén, Chile",,,1.82509773696038,298.86807359308898,-71.881,-39.300
"Directions from San Martín de los Andes, Neuquén Province to Pitrufquén, Chile",,,1.83456414599444,298.56364414136925,-71.889,-39.295
"Directions from San Martín de los Andes, Neuquén Province to Pitrufquén, Chile",,,1.83500243813445,299.42555568358688,-71.889,-39.295
"Directions from San Martín de los Andes, Neuquén Province to Pitrufquén, Chile",,,1.83540206295851,300.47512800288166,-71.889,-39.295
"Directions from San Martín de los Andes, Neuquén Province to Pitrufquén, Chile",,,1.83626165588542,276.65171521743628,-71.890,-39.295
"Directions from San Martín de los Andes, Neuquén Province to Pitrufquén, Chile",,,1.83633445698431,250.47019805762429,-71.890,-39.295
"Directions from San Martín de los Andes, Neuquén Province to Pitrufquén, Chile",,,1.83722602863034,245.62239309630056,-71.891,-39.295
"Directions from San Martín de los Andes, Neuquén Province to Pitrufquén, Chile",,,1.83944449657015,246.49418595322595,-71.893,-39.296
"Directions from San Martín de los Andes, Neuquén Province to Pitrufquén, Chile",,,1.84067940547368,252.42389024760936,-71.894,-39.296
"Directions from San Martín de los Andes, Neuquén Province to Pitrufquén, Chile",,,1.84122511601967,260.51198692734573,-71.895,-39.297
"Directions from San Martín de los Andes, Neuquén Province to Pitrufquén, Chile",,,1.84133556962983,261.74781930655558,-71.895,-39.297
"Directions from San Martín de los Andes, Neuquén Province to Pitrufquén, Chile",,,1.84138655982497,261.17493788859326,-71.895,-39.297
"Directions from San Martín de los Andes, Neuquén Province to Pitrufquén, Chile",,,1.84156766752773,265.23998906729969,-71.895,-39.297
"Directions from San Martín de los Andes, Neuquén Province to Pitrufquén, Chile",,,1.84192822265528,268.41008494013050,-71.896,-39.297
"Directions from San Martín de los Andes, Neuquén Province to Pitrufquén, Chile",,,1.84211822265528,271.50639375254150,-71.896,-39.297
"Directions from San Martín de los Andes, Neuquén Province to Pitrufquén, Chile",,,1.84230848563119,274.67648962499999,-71.896,-39.297
"Directions from San Martín de los Andes, Neuquén Province to Pitrufquén, Chile",,,1.84258014718533,278.43968773678120,-71.896,-39.297
"Directions from San Martín de los Andes, Neuquén Province to Pitrufquén, Chile",,,1.84957820405849,279.06691354835181,-71.903,-39.295
"Directions from San Martín de los Andes, Neuquén Province to Pitrufquén, Chile",,,1.84972953151800,279.29638257722348,-71.903,-39.295
"Directions from San Martín de los Andes, Neuquén Province to Pitrufquén, Chile",,,1.85261248139615,280.30892479301258,-71.906,-39.295
"Directions from San Martín de los Andes, Neuquén Province to Pitrufquén, Chile",,,1.85500613968422,281.82798563617615,-71.908,-39.294
"Directions from San Martín de los Andes, Neuquén Province to Pitrufquén, Chile",,,1.85504737074048,281.64618494960973,-71.908,-39.294
"Directions from San Martín de los Andes, Neuquén Province to Pitrufquén, Chile",,,1.87606098537481,274.62806321325172,-71.929,-39.291
"Directions from San Martín de los Andes, Neuquén Province to Pitrufquén, Chile",,,1.87607098537480,274.73116110398530,-71.929,-39.291
"Directions from San Martín de los Andes, Neuquén Province to Pitrufquén, Chile",,,1.87850409038693,277.73566408267681,-71.932,-39.291
"Directions from San Martín de los Andes, Neuquén Province to Pitrufquén, Chile",,,1.87888618985041,278.23445752514363,-71.932,-39.290
"Directions from San Martín de los Andes, Neuquén Province to Pitrufquén, Chile",,,1.88086914219478,279.76659593168722,-71.934,-39.290
"Directions from San Martín de los Andes, Neuquén Province to Pitrufquén, Chile",,,1.88353246718433,278.52669825776877,-71.937,-39.290
"Directions from San Martín de los Andes, Neuquén Province to Pitrufquén, Chile",,,1.88461293004810,279.34661838394356,-71.938,-39.290
"Directions from San Martín de los Andes, Neuquén Province to Pitrufquén, Chile",,,1.88498949345578,283.27810257041853,-71.938,-39.289
"Directions from San Martín de los Andes, Neuquén Province to Pitrufquén, Chile",,,1.88575871384032,288.27758060490106,-71.939,-39.289
"Directions from San Martín de los Andes, Neuquén Province to Pitrufquén, Chile",,,1.88790759727132,288.32873749612344,-71.941,-39.289
"Directions from San Martín de los Andes, Neuquén Province to Pitrufquén, Chile",,,1.88827160276578,287.63429010929349,-71.941,-39.288
"Directions from San Martín de los Andes, Neuquén Province to Pitrufquén, Chile",,,1.88908756845133,290.06912514232391,-71.942,-39.288
"Directions from San Martín de los Andes, Neuquén Province to Pitrufquén, Chile",,,1.89038205676723,291.92027898737456,-71.943,-39.288
"Directions from San Martín de los Andes, Neuquén Province to Pitrufquén, Chile",,,1.89081668304347,291.50429926417166,-71.943,-39.288
"Directions from San Martín de los Andes, Neuquén Province to Pitrufquén, Chile",,,1.89093373004259,288.06372265030427,-71.944,-39.287
"Directions from San Martín de los Andes, Neuquén Province to Pitrufquén, Chile",,,1.89132933085148,287.95190475794413,-71.944,-39.287
"Directions from San Martín de los Andes, Neuquén Province to Pitrufquén, Chile",,,1.89242377134780,291.95250634754643,-71.945,-39.287
"Directions from San Martín de los Andes, Neuquén Province to Pitrufquén, Chile",,,1.89274157631945,292.05449311908166,-71.945,-39.287
"Directions from San Martín de los Andes, Neuquén Province to Pitrufquén, Chile",,,1.89523117468064,292.20369953055717,-71.948,-39.286
"Directions from San Martín de los Andes, Neuquén Province to Pitrufquén, Chile",,,1.89535200514037,291.09431320386688,-71.948,-39.286
"Directions from San Martín de los Andes, Neuquén Province to Pitrufquén, Chile",,,1.89587698133030,289.95550872351259,-71.948,-39.286
"Directions from San Martín de los Andes, Neuquén Province to Pitrufquén, Chile",,,1.89616852892505,287.34757676552118,-71.948,-39.286
"Directions from San Martín de los Andes, Neuquén Province to Pitrufquén, Chile",,,1.89709048337078,312.04692944105523,-71.949,-39.285
"Directions from San Martín de los Andes, Neuquén Province to Pitrufquén, Chile",,,1.89712210614738,337.50000000203551,-71.949,-39.285
"Directions from San Martín de los Andes, Neuquén Province to Pitrufquén, Chile",,,1.89716682750693,324.21747441044323,-71.949,-39.285
"Directions from San Martín de los Andes, Neuquén Province to Pitrufquén, Chile",,,1.89719511177818,305.78252558345008,-71.949,-39.285
"Directions from San Martín de los Andes, Neuquén Province to Pitrufquén, Chile",,,1.89721747245795,305.78252558853899,-71.949,-39.285
"Directions from San Martín de los Andes, Neuquén Province to Pitrufquén, Chile",,,1.89728818313607,301.71747441146101,-71.949,-39.285
"Directions from San Martín de los Andes, Neuquén Province to Pitrufquén, Chile",,,1.89731980591268,292.50000000000006,-71.950,-39.285
"Directions from San Martín de los Andes, Neuquén Province to Pitrufquén, Chile",,,1.89734216659244,283.28252558853899,-71.950,-39.285
"Directions from San Martín de los Andes, Neuquén Province to Pitrufquén, Chile",,,1.89736216659245,283.28252559668118,-71.950,-39.285
"Directions from San Martín de los Andes, Neuquén Province to Pitrufquén, Chile",,,1.89738452727222,283.28252559668118,-71.950,-39.285
"Directions from San Martín de los Andes, Neuquén Province to Pitrufquén, Chile",,,1.89740452727223,279.21747440942545,-71.950,-39.285
"Directions from San Martín de los Andes, Neuquén Province to Pitrufquén, Chile",,,1.89743615004882,279.21747440942545,-71.950,-39.285
"Directions from San Martín de los Andes, Neuquén Province to Pitrufquén, Chile",,,1.89749615004883,265.93494882414331,-71.950,-39.285
"Directions from San Martín de los Andes, Neuquén Province to Pitrufquén, Chile",,,1.89756686072694,256.71747441370013,-71.950,-39.285
"Directions from San Martín de los Andes, Neuquén Province to Pitrufquén, Chile",,,1.89763010628015,245.30064732292132,-71.950,-39.285
"Directions from San Martín de los Andes, Neuquén Province to Pitrufquén, Chile",,,1.89768841579910,232.01812173166823,-71.950,-39.285
"Directions from San Martín de los Andes, Neuquén Province to Pitrufquén, Chile",,,1.89777326861283,219.34503376442524,-71.950,-39.285
"Directions from San Martín de los Andes, Neuquén Province to Pitrufquén, Chile",,,1.89780932412559,233.71493141203069,-71.950,-39.285
"Directions from San Martín de los Andes, Neuquén Province to Pitrufquén, Chile",,,1.89805932412560,257.13873654189638,-71.950,-39.286
"Directions from San Martín de los Andes, Neuquén Province to Pitrufquén, Chile",,,1.89818097937620,262.41354232844657,-71.950,-39.286
"Directions from San Martín de los Andes, Neuquén Province to Pitrufquén, Chile",,,1.89828147813241,270.00000000040308,-71.950,-39.286
"Directions from San Martín de los Andes, Neuquén Province to Pitrufquén, Chile",,,1.89838197688861,272.85529656794370,-71.951,-39.286
"Directions from San Martín de los Andes, Neuquén Province to Pitrufquén, Chile",,,1.89851197688863,272.28696062991810,-71.951,-39.286
"Directions from San Martín de los Andes, Neuquén Province to Pitrufquén, Chile",,,1.89876277561270,276.73781864635254,-71.951,-39.286
"Directions from San Martín de los Andes, Neuquén Province to Pitrufquén, Chile",,,1.89960289465188,280.78701598463795,-71.952,-39.285
"Directions from San Martín de los Andes, Neuquén Province to Pitrufquén, Chile",,,1.90306728493013,284.14165223487180,-71.955,-39.285
"Directions from San Martín de los Andes, Neuquén Province to Pitrufquén, Chile",,,1.90377333025446,283.51608740414599,-71.956,-39.284
"Directions from San Martín de los Andes, Neuquén Province to Pitrufquén, Chile",,,1.90478333025446,278.88068901142560,-71.957,-39.284
"Directions from San Martín de los Andes, Neuquén Province to Pitrufquén, Chile",,,1.90487388410584,279.64335063180982,-71.957,-39.284
"Directions from San Martín de los Andes, Neuquén Province to Pitrufquén, Chile",,,1.90576657666209,282.38132829421431,-71.958,-39.284
"Directions from San Martín de los Andes, Neuquén Province to Pitrufquén, Chile",,,1.90820831784412,278.39294390080852,-71.960,-39.284
"Directions from San Martín de los Andes, Neuquén Province to Pitrufquén, Chile",,,1.90867005369933,272.48487036445619,-71.961,-39.283
"Directions from San Martín de los Andes, Neuquén Province to Pitrufquén, Chile",,,1.90917005369934,268.02740688560169,-71.961,-39.283
"Directions from San Martín de los Andes, Neuquén Province to Pitrufquén, Chile",,,1.90946074253642,245.52740688560169,-71.961,-39.284
"Directions from San Martín de los Andes, Neuquén Province to Pitrufquén, Chile",,,1.90947488467205,247.49999999999997,-71.961,-39.284
"Directions from San Martín de los Andes, Neuquén Province to Pitrufquén, Chile",,,1.90965488467205,268.56879738643653,-71.962,-39.284
"Directions from San Martín de los Andes, Neuquén Province to Pitrufquén, Chile",,,1.90985513451598,268.56879738643653,-71.962,-39.284
"Directions from San Martín de los Andes, Neuquén Province to Pitrufquén, Chile",,,1.91006513451598,274.06505117721366,-71.962,-39.284
"Directions from San Martín de los Andes, Neuquén Province to Pitrufquén, Chile",,,1.91027726655035,279.72001741422378,-71.962,-39.283
"Directions from San Martín de los Andes, Neuquén Province to Pitrufquén, Chile",,,1.91048122733088,284.11872276911879,-71.962,-39.283
"Directions from San Martín de los Andes, Neuquén Province to Pitrufquén, Chile",,,1.91072164363649,285.74663865531966,-71.963,-39.283
"Directions from San Martín de los Andes, Neuquén Province to Pitrufquén, Chile",,,1.91203381740547,284.03074876368800,-71.964,-39.283
"Directions from San Martín de los Andes, Neuquén Province to Pitrufquén, Chile",,,1.91383351182398,284.16110662571253,-71.966,-39.283
"Directions from San Martín de los Andes, Neuquén Province to Pitrufquén, Chile",,,1.91524035225558,283.91054838119368,-71.967,-39.282
"Directions from San Martín de los Andes, Neuquén Province to Pitrufquén, Chile",,,1.91644110202135,276.49730839595827,-71.968,-39.282
"Directions from San Martín de los Andes, Neuquén Province to Pitrufquén, Chile",,,1.91645110202135,276.24520285889395,-71.968,-39.282
"Directions from San Martín de los Andes, Neuquén Province to Pitrufquén, Chile",,,1.91806940360017,283.44854543708504,-71.970,-39.282
"Directions from San Martín de los Andes, Neuquén Province to Pitrufquén, Chile",,,1.91919479242186,283.14767159870701,-71.971,-39.281
"Directions from San Martín de los Andes, Neuquén Province to Pitrufquén, Chile",,,1.91938895730026,280.25215311253095,-71.971,-39.281
"Directions from San Martín de los Andes, Neuquén Province to Pitrufquén, Chile",,,1.92039025645635,285.61775656543307,-71.972,-39.281
"Directions from San Martín de los Andes, Neuquén Province to Pitrufquén, Chile",,,1.92065025645636,285.85507093382279,-71.972,-39.281
"Directions from San Martín de los Andes, Neuquén Province to Pitrufquén, Chile",,,1.92191615534647,287.82766405708600,-71.974,-39.281
"Directions from San Martín de los Andes, Neuquén Province to Pitrufquén, Chile",,,1.92193851602624,287.88803886687225,-71.974,-39.281
"Directions from San Martín de los Andes, Neuquén Province to Pitrufquén, Chile",,,1.92231334932253,274.60551327019101,-71.974,-39.281
"Directions from San Martín de los Andes, Neuquén Province to Pitrufquén, Chile",,,1.92237334932253,273.56250817507720,-71.974,-39.281
"Directions from San Martín de los Andes, Neuquén Province to Pitrufquén, Chile",,,1.92269583963245,275.06890192655038,-71.974,-39.281
"Directions from San Martín de los Andes, Neuquén Province to Pitrufquén, Chile",,,1.92288610260836,271.50639375147313,-71.974,-39.281
"Directions from San Martín de los Andes, Neuquén Province to Pitrufquén, Chile",,,1.92304610260837,268.26588537056006,-71.975,-39.281
"Directions from San Martín de los Andes, Neuquén Province to Pitrufquén, Chile",,,1.92337670811345,265.37468920952011,-71.975,-39.281
"Directions from San Martín de los Andes, Neuquén Province to Pitrufquén, Chile",,,1.92417074841471,265.39198865755628,-71.976,-39.281
"Directions from San Martín de los Andes, Neuquén Province to Pitrufquén, Chile",,,1.92467164760615,265.27868184001630,-71.976,-39.281
"Directions from San Martín de los Andes, Neuquén Province to Pitrufquén, Chile",,,1.92486269733790,269.59271147411954,-71.976,-39.281
"Directions from San Martín de los Andes, Neuquén Province to Pitrufquén, Chile",,,1.92497315094808,278.86161830811341,-71.977,-39.281
"Directions from San Martín de los Andes, Neuquén Province to Pitrufquén, Chile",,,1.92515754183722,288.24564834228329,-71.977,-39.281
"Directions from San Martín de los Andes, Neuquén Province to Pitrufquén, Chile",,,1.92525603041524,317.76377007133726,-71.977,-39.281
"Directions from San Martín de los Andes, Neuquén Province to Pitrufquén, Chile",,,1.92528765319184,350.78252558446786,-71.977,-39.281
"Directions from San Martín de los Andes, Neuquén Province to Pitrufquén, Chile",,,1.92531765319184,343.99730839984636,-71.977,-39.281
"Directions from San Martín de los Andes, Neuquén Province to Pitrufquén, Chile",,,1.92541199300316,321.49730839475751,-71.977,-39.281
"Directions from San Martín de los Andes, Neuquén Province to Pitrufquén, Chile",,,1.92544027727441,309.34503375946684,-71.977,-39.281
"Directions from San Martín de los Andes, Neuquén Province to Pitrufquén, Chile",,,1.92547633278716,309.34503375946684,-71.977,-39.281
"Directions from San Martín de los Andes, Neuquén Province to Pitrufquén, Chile",,,1.92550461705841,300.26205549352153,-71.977,-39.281
"Directions from San Martín de los Andes, Neuquén Province to Pitrufquén, Chile",,,1.92569143247534,277.76205549861044,-71.977,-39.281
"Directions from San Martín de los Andes, Neuquén Province to Pitrufquén, Chile",,,1.92576143247533,262.98187826603674,-71.977,-39.281
"Directions from San Martín de los Andes, Neuquén Province to Pitrufquén, Chile",,,1.92588512564411,249.69935267749776,-71.977,-39.281
"Directions from San Martín de los Andes, Neuquén Province to Pitrufquén, Chile",,,1.92592984700366,256.71747441146101,-71.977,-39.281
"Directions from San Martín de los Andes, Neuquén Province to Pitrufquén, Chile",,,1.92593984700365,253.15496624170757,-71.977,-39.281
"Directions from San Martín de los Andes, Neuquén Province to Pitrufquén, Chile",,,1.92597590251641,230.65496624170757,-71.977,-39.281
"Directions from San Martín de los Andes, Neuquén Province to Pitrufquén, Chile",,,1.92610318173702,219.34503375672665,-71.977,-39.281
"Directions from San Martín de los Andes, Neuquén Province to Pitrufquén, Chile",,,1.92613923724977,204.81773170949248,-71.978,-39.281
"Directions from San Martín de los Andes, Neuquén Province to Pitrufquén, Chile",,,1.92621203834867,192.03774913106517,-71.978,-39.281
"Directions from San Martín de los Andes, Neuquén Province to Pitrufquén, Chile",,,1.92628274902679,209.98643788487169,-71.978,-39.281
"Directions from San Martín de los Andes, Neuquén Province to Pitrufquén, Chile",,,1.92646079396494,235.11763558341875,-71.978,-39.281
"Directions from San Martín de los Andes, Neuquén Province to Pitrufquén, Chile",,,1.92691872409061,231.69624887684640,-71.978,-39.281
"Directions from San Martín de los Andes, Neuquén Province to Pitrufquén, Chile",,,1.92704600331122,232.37178141760259,-71.978,-39.281
"Directions from San Martín de los Andes, Neuquén Province to Pitrufquén, Chile",,,1.92718492775111,242.41939701381131,-71.978,-39.281
"Directions from San Martín de los Andes, Neuquén Province to Pitrufquén, Chile",,,1.92749363473192,247.72070356699783,-71.979,-39.282
"Directions from San Martín de los Andes, Neuquén Province to Pitrufquén, Chile",,,1.92779095610687,253.47683909448145,-71.979,-39.282
"Directions from San Martín de los Andes, Neuquén Province to Pitrufquén, Chile",,,1.92800682643832,258.93066999176756,-71.979,-39.282
"Directions from San Martín de los Andes, Neuquén Province to Pitrufquén, Chile",,,1.92826988536708,262.67384831171682,-71.979,-39.282
"Directions from San Martín de los Andes, Neuquén Province to Pitrufquén, Chile",,,1.92856143296182,267.04692944364160,-71.980,-39.282
"Directions from San Martín de los Andes, Neuquén Province to Pitrufquén, Chile",,,1.92876143296182,273.17009587283081,-71.980,-39.282
"Directions from San Martín de los Andes, Neuquén Province to Pitrufquén, Chile",,,1.92894254066458,277.90125697721038,-71.980,-39.282
"Directions from San Martín de los Andes, Neuquén Province to Pitrufquén, Chile",,,1.92912502354049,284.37618421288590,-71.980,-39.282
"Directions from San Martín de los Andes, Neuquén Province to Pitrufquén, Chile",,,1.92933691974150,286.66314484258356,-71.980,-39.282
"Directions from San Martín de los Andes, Neuquén Province to Pitrufquén, Chile",,,1.93020277192287,281.74928283795259,-71.981,-39.281
"Directions from San Martín de los Andes, Neuquén Province to Pitrufquén, Chile",,,1.93068939292529,274.73116110387531,-71.982,-39.281
"Directions from San Martín de los Andes, Neuquén Province to Pitrufquén, Chile",,,1.93091939292530,277.62755935168548,-71.982,-39.281
"Directions from San Martín de los Andes, Neuquén Province to Pitrufquén, Chile",,,1.93103341046781,270.60943762011698,-71.982,-39.281
"Directions from San Martín de los Andes, Neuquén Province to Pitrufquén, Chile",,,1.93107464152407,262.98187826843156,-71.982,-39.281
"Directions from San Martín de los Andes, Neuquén Province to Pitrufquén, Chile",,,1.93119464152406,267.40278554546518,-71.982,-39.281
"Directions from San Martín de los Andes, Neuquén Province to Pitrufquén, Chile",,,1.93130509513424,267.40278554546518,-71.982,-39.281
"Directions from San Martín de los Andes, Neuquén Province to Pitrufquén, Chile",,,1.93138509513424,266.20267831561540,-71.982,-39.281
"Directions from San Martín de los Andes, Neuquén Province to Pitrufquén, Chile",,,1.93153642259373,266.20267831561540,-71.983,-39.281
"Directions from San Martín de los Andes, Neuquén Province to Pitrufquén, Chile",,,1.93155642259374,264.69017236130793,-71.983,-39.281
"Directions from San Martín de los Andes, Neuquén Province to Pitrufquén, Chile",,,1.93171921079969,253.78946761883395,-71.983,-39.281
"Directions from San Martín de los Andes, Neuquén Province to Pitrufquén, Chile",,,1.93177306244777,251.47173590623197,-71.983,-39.281
"Directions from San Martín de los Andes, Neuquén Province to Pitrufquén, Chile",,,1.93200109753278,251.24792882002771,-71.983,-39.281
"Directions from San Martín de los Andes, Neuquén Province to Pitrufquén, Chile",,,1.93223879481926,253.22052193274587,-71.983,-39.282
"Directions from San Martín de los Andes, Neuquén Province to Pitrufquén, Chile",,,1.93228978501440,252.23116110278559,-71.983,-39.282
"Directions from San Martín de los Andes, Neuquén Province to Pitrufquén, Chile",,,1.93250910213640,257.88612734136143,-71.983,-39.282
"Directions from San Martín de los Andes, Neuquén Province to Pitrufquén, Chile",,,1.93251910213641,258.57259001914588,-71.983,-39.282
"Directions from San Martín de los Andes, Neuquén Province to Pitrufquén, Chile",,,1.93383219009995,249.35511560700635,-71.985,-39.282
"Directions from San Martín de los Andes, Neuquén Province to Pitrufquén, Chile",,,1.93392705842975,233.55136448549817,-71.985,-39.282
"Directions from San Martín de los Andes, Neuquén Province to Pitrufquén, Chile",,,1.93401308168242,230.26039215777041,-71.985,-39.282
"Directions from San Martín de los Andes, Neuquén Province to Pitrufquén, Chile",,,1.93417861113598,248.94018877439629,-71.985,-39.282
"Directions from San Martín de los Andes, Neuquén Province to Pitrufquén, Chile",,,1.93431462584107,250.93998507695312,-71.985,-39.282
"Directions from San Martín de los Andes, Neuquén Province to Pitrufquén, Chile",,,1.93635003734738,248.07452247371171,-71.987,-39.283
"Directions from San Martín de los Andes, Neuquén Province to Pitrufquén, Chile",,,1.93841159016018,245.67267692404755,-71.989,-39.284
"Directions from San Martín de los Andes, Neuquén Province to Pitrufquén, Chile",,,1.93875597366734,242.32011288334917,-71.989,-39.284
"Directions from San Martín de los Andes, Neuquén Province to Pitrufquén, Chile",,,1.93910079246034,237.07836030899199,-71.989,-39.284
"Directions from San Martín de los Andes, Neuquén Province to Pitrufquén, Chile",,,1.93970882206488,230.24270674245381,-71.990,-39.285
"Directions from San Martín de los Andes, Neuquén Province to Pitrufquén, Chile",,,1.94016159132178,227.63384856378113,-71.990,-39.285
"Directions from San Martín de los Andes, Neuquén Province to Pitrufquén, Chile",,,1.94144381595109,230.53621494420253,-71.991,-39.286
"Directions from San Martín de los Andes, Neuquén Province to Pitrufquén, Chile",,,1.94165782529668,238.01479609566789,-71.991,-39.286
"Directions from San Martín de los Andes, Neuquén Province to Pitrufquén, Chile",,,1.94170254665623,240.16180343095107,-71.991,-39.286
"Directions from San Martín de los Andes, Neuquén Province to Pitrufquén, Chile",,,1.94197713726059,239.13909918767433,-71.992,-39.286
"Directions from San Martín de los Andes, Neuquén Province to Pitrufquén, Chile",,,1.94210243690145,244.01698773868304,-71.992,-39.286
"Directions from San Martín de los Andes, Neuquén Province to Pitrufquén, Chile",,,1.94258170718010,247.95943813769247,-71.992,-39.286
"Directions from San Martín de los Andes, Neuquén Province to Pitrufquén, Chile",,,1.94297730798900,259.63722056719371,-71.993,-39.286
"Directions from San Martín de los Andes, Neuquén Province to Pitrufquén, Chile",,,1.94299730798899,259.09929525752602,-71.993,-39.286
"Directions from San Martín de los Andes, Neuquén Province to Pitrufquén, Chile",,,1.94310501128514,249.74669029282359,-71.993,-39.286
"Directions from San Martín de los Andes, Neuquén Province to Pitrufquén, Chile",,,1.94444583192938,248.83270616943520,-71.994,-39.287
"Directions from San Martín de los Andes, Neuquén Province to Pitrufquén, Chile",,,1.94479511691330,244.36232345288403,-71.994,-39.287
"Directions from San Martín de los Andes, Neuquén Province to Pitrufquén, Chile",,,1.94503218230513,240.69513405258991,-71.995,-39.287
"Directions from San Martín de los Andes, Neuquén Province to Pitrufquén, Chile",,,1.94532372989986,235.18821760674004,-71.995,-39.287
"Directions from San Martín de los Andes, Neuquén Province to Pitrufquén, Chile",,,1.94641226102023,229.71712490242555,-71.996,-39.288
"Directions from San Martín de los Andes, Neuquén Province to Pitrufquén, Chile",,,1.94746030682076,226.54702902807500,-71.996,-39.289
"Directions from San Martín de los Andes, Neuquén Province to Pitrufquén, Chile",,,1.94755930177012,230.65496623607805,-71.997,-39.289
"Directions from San Martín de los Andes, Neuquén Province to Pitrufquén, Chile",,,1.94766746830839,233.25218069206684,-71.997,-39.289
"Directions from San Martín de los Andes, Neuquén Province to Pitrufquén, Chile",,,1.94774557080515,234.96899587277017,-71.997,-39.289
"Directions from San Martín de los Andes, Neuquén Province to Pitrufquén, Chile",,,1.94802341968493,241.93860302129403,-71.997,-39.289
"Directions from San Martín de los Andes, Neuquén Province to Pitrufquén, Chile",,,1.94839016210135,248.10286172195944,-71.997,-39.289
"Directions from San Martín de los Andes, Neuquén Province to Pitrufquén, Chile",,,1.94874751346905,254.41578016129043,-71.998,-39.289
"Directions from San Martín de los Andes, Neuquén Province to Pitrufquén, Chile",,,1.94944608343692,250.09721445385071,-71.998,-39.289
"Directions from San Martín de los Andes, Neuquén Province to Pitrufquén, Chile",,,1.94946844411670,250.42599316439473,-71.998,-39.289
"Directions from San Martín de los Andes, Neuquén Province to Pitrufquén, Chile",,,1.95061600675115,254.49104434167623,-71.999,-39.290
"Directions from San Martín de los Andes, Neuquén Province to Pitrufquén, Chile",,,1.95093223451717,254.83819656925257,-72.000,-39.290
"Directions from San Martín de los Andes, Neuquén Province to Pitrufquén, Chile",,,1.95112639939556,256.49366732618842,-72.000,-39.290
"Directions from San Martín de los Andes, Neuquén Province to Pitrufquén, Chile",,,1.95150967475350,256.24761788108998,-72.000,-39.290
"Directions from San Martín de los Andes, Neuquén Province to Pitrufquén, Chile",,,1.95192943659072,255.31420988947593,-72.001,-39.290
"Directions from San Martín de los Andes, Neuquén Province to Pitrufquén, Chile",,,1.95230586719522,251.45697275829352,-72.001,-39.290
"Directions from San Martín de los Andes, Neuquén Province to Pitrufquén, Chile",,,1.95274244479428,248.35308914725465,-72.001,-39.290
"Directions from San Martín de los Andes, Neuquén Province to Pitrufquén, Chile",,,1.95327554891169,243.52826409643336,-72.002,-39.291
"Directions from San Martín de los Andes, Neuquén Province to Pitrufquén, Chile",,,1.95335617148918,244.55764694904440,-72.002,-39.291
"Directions from San Martín de los Andes, Neuquén Province to Pitrufquén, Chile",,,1.95416028590889,247.96665529599721,-72.003,-39.291
"Directions from San Martín de los Andes, Neuquén Province to Pitrufquén, Chile",,,1.95803649539755,246.34833339210573,-72.006,-39.292
"Directions from San Martín de los Andes, Neuquén Province to Pitrufquén, Chile",,,1.95873913328438,245.01067191604139,-72.007,-39.293
"Directions from San Martín de los Andes, Neuquén Province to Pitrufquén, Chile",,,1.96140042996081,257.19890622429637,-72.009,-39.294
"Directions from San Martín de los Andes, Neuquén Province to Pitrufquén, Chile",,,1.96141042996081,257.18900202767929,-72.009,-39.294
"Directions from San Martín de los Andes, Neuquén Province to Pitrufquén, Chile",,,1.96249730621872,245.90549748871268,-72.010,-39.294
"Directions from San Martín de los Andes, Neuquén Province to Pitrufquén, Chile",,,1.96333115272738,245.65099518863420,-72.011,-39.295
"Directions from San Martín de los Andes, Neuquén Province to Pitrufquén, Chile",,,1.96392149161310,245.10739305205351,-72.012,-39.295
"Directions from San Martín de los Andes, Neuquén Province to Pitrufquén, Chile",,,1.96524247609446,244.26981497669189,-72.013,-39.295
"Directions from San Martín de los Andes, Neuquén Province to Pitrufquén, Chile",,,1.96916545965294,241.33317820890989,-72.016,-39.297
"Directions from San Martín de los Andes, Neuquén Province to Pitrufquén, Chile",,,1.97210758473525,242.12527316794828,-72.019,-39.299
"Directions from San Martín de los Andes, Neuquén Province to Pitrufquén, Chile",,,1.97285444482925,245.35381048615841,-72.020,-39.299
"Directions from San Martín de los Andes, Neuquén Province to Pitrufquén, Chile",,,1.97402832727650,247.88416396662333,-72.021,-39.299
"Directions from San Martín de los Andes, Neuquén Province to Pitrufquén, Chile",,,1.97535798888760,249.54299412954083,-72.022,-39.300
"Directions from San Martín de los Andes, Neuquén Province to Pitrufquén, Chile",,,1.97769553033108,252.07297283808339,-72.024,-39.301
"Directions from San Martín de los Andes, Neuquén Province to Pitrufquén, Chile",,,1.97870513421380,254.80880093231852,-72.025,-39.301
"Directions from San Martín de los Andes, Neuquén Province to Pitrufquén, Chile",,,1.98040774984864,256.26861341238839,-72.027,-39.301
"Directions from San Martín de los Andes, Neuquén Province to Pitrufquén, Chile",,,1.98431058215351,257.42109505818763,-72.030,-39.302
"Directions from San Martín de los Andes, Neuquén Province to Pitrufquén, Chile",,,1.98532260982112,259.00794387731696,-72.031,-39.303
"Directions from San Martín de los Andes, Neuquén Province to Pitrufquén, Chile",,,1.98601311688119,261.92738212474160,-72.032,-39.303
"Directions from San Martín de los Andes, Neuquén Province to Pitrufquén, Chile",,,1.98694847777410,265.94390502022731,-72.033,-39.303
"Directions from San Martín de los Andes, Neuquén Province to Pitrufquén, Chile",,,1.98723865013668,269.01253299497000,-72.033,-39.303
"Directions from San Martín de los Andes, Neuquén Province to Pitrufquén, Chile",,,1.98904865013667,268.44457967321625,-72.035,-39.303
"Directions from San Martín de los Andes, Neuquén Province to Pitrufquén, Chile",,,1.98997000783052,265.58928310446646,-72.036,-39.303
"Directions from San Martín de los Andes, Neuquén Province to Pitrufquén, Chile",,,1.99107549414884,263.31711990283139,-72.037,-39.303
"Directions from San Martín de los Andes, Neuquén Province to Pitrufquén, Chile",,,1.99295222002121,266.17241647158119,-72.039,-39.303
"Directions from San Martín de los Andes, Neuquén Province to Pitrufquén, Chile",,,1.99298222002121,266.35798817269080,-72.039,-39.303
"Directions from San Martín de los Andes, Neuquén Province to Pitrufquén, Chile",,,1.99432304066543,266.35798817269080,-72.040,-39.303
"Directions from San Martín de los Andes, Neuquén Province to Pitrufquén, Chile",,,1.99439304066544,267.10360175258762,-72.040,-39.303
"Directions from San Martín de los Andes, Neuquén Province to Pitrufquén, Chile",,,1.99578012393619,265.07682463665435,-72.042,-39.303
"Directions from San Martín de los Andes, Neuquén Province to Pitrufquén, Chile",,,1.99705330891881,266.96254041380712,-72.043,-39.304
"Directions from San Martín de los Andes, Neuquén Province to Pitrufquén, Chile",,,1.99875436741281,267.14362453662028,-72.045,-39.304
"Directions from San Martín de los Andes, Neuquén Province to Pitrufquén, Chile",,,1.99937565639550,258.93683259745438,-72.045,-39.304
"Directions from San Martín de los Andes, Neuquén Province to Pitrufquén, Chile",,,1.99940727917210,260.78252559057455,-72.045,-39.304
"Directions from San Martín de los Andes, Neuquén Province to Pitrufquén, Chile",,,1.99944727917210,266.99549702142008,-72.046,-39.304
"Directions from San Martín de los Andes, Neuquén Province to Pitrufquén, Chile",,,1.99963832890385,253.71297142473881,-72.046,-39.304
"Directions from San Martín de los Andes, Neuquén Province to Pitrufquén, Chile",,,1.99966068958362,256.71747440331882,-72.046,-39.304
"Directions from San Martín de los Andes, Neuquén Province to Pitrufquén, Chile",,,1.99967068958362,265.45486153990646,-72.046,-39.304
"Directions from San Martín de los Andes, Neuquén Province to Pitrufquén, Chile",,,1.99992386936165,259.31438433730818,-72.046,-39.304
"Directions from San Martín de los Andes, Neuquén Province to Pitrufquén, Chile",,,2.00142829616279,259.37320948934837,-72.047,-39.304
"Directions from San Martín de los Andes, Neuquén Province to Pitrufquén, Chile",,,2.00162065000340,259.44527446438377,-72.048,-39.304
"Directions from San Martín de los Andes, Neuquén Province to Pitrufquén, Chile",,,2.00257191232265,254.83706492273893,-72.049,-39.304
"Directions from San Martín de los Andes, Neuquén Province to Pitrufquén, Chile",,,2.00330872980343,250.76689692643492,-72.049,-39.305
"Directions from San Martín de los Andes, Neuquén Province to Pitrufquén, Chile",,,2.00547284625132,250.49551203100447,-72.051,-39.305
"Directions from San Martín de los Andes, Neuquén Province to Pitrufquén, Chile",,,2.00852448515525,253.21136621393441,-72.054,-39.306
"Directions from San Martín de los Andes, Neuquén Province to Pitrufquén, Chile",,,2.00938314690472,251.67656921658903,-72.055,-39.306
"Directions from San Martín de los Andes, Neuquén Province to Pitrufquén, Chile",,,2.00943699855280,252.78963411060337,-72.055,-39.306
"Directions from San Martín de los Andes, Neuquén Province to Pitrufquén, Chile",,,2.01012358430855,259.14520039272969,-72.056,-39.307
"Directions from San Martín de los Andes, Neuquén Province to Pitrufquén, Chile",,,2.01062994386458,263.49573710756545,-72.056,-39.307
"Directions from San Martín de los Andes, Neuquén Province to Pitrufquén, Chile",,,2.01136165418978,269.97360615288335,-72.057,-39.307
"Directions from San Martín de los Andes, Neuquén Province to Pitrufquén, Chile",,,2.01210334145542,274.62108329889514,-72.058,-39.307
"Directions from San Martín de los Andes, Neuquén Province to Pitrufquén, Chile",,,2.01295709786096,274.42596910235568,-72.059,-39.307
"Directions from San Martín de los Andes, Neuquén Province to Pitrufquén, Chile",,,2.01543164832518,272.72508339371063,-72.061,-39.306
"Directions from San Martín de los Andes, Neuquén Province to Pitrufquén, Chile",,,2.01630216541289,273.13204366986645,-72.062,-39.306
"Directions from San Martín de los Andes, Neuquén Province to Pitrufquén, Chile",,,2.01670328883530,279.16269840094463,-72.062,-39.306
"Directions from San Martín de los Andes, Neuquén Province to Pitrufquén, Chile",,,2.01674451989155,280.27802261208808,-72.062,-39.306
"Directions from San Martín de los Andes, Neuquén Province to Pitrufquén, Chile",,,2.01709679819063,278.50563938132893,-72.063,-39.306
"Directions from San Martín de los Andes, Neuquén Province to Pitrufquén, Chile",,,2.01737138879498,282.26386023996122,-72.063,-39.306
"Directions from San Martín de los Andes, Neuquén Province to Pitrufquén, Chile",,,2.01761877513252,286.23559614611418,-72.063,-39.306
"Directions from San Martín de los Andes, Neuquén Province to Pitrufquén, Chile",,,2.01784013456873,289.84272716542756,-72.063,-39.306
"Directions from San Martín de los Andes, Neuquén Province to Pitrufquén, Chile",,,2.01803326664789,293.90777834221478,-72.064,-39.306
"Directions from San Martín de los Andes, Neuquén Province to Pitrufquén, Chile",,,2.01823451276587,305.78252557836123,-72.064,-39.306
"Directions from San Martín de los Andes, Neuquén Province to Pitrufquén, Chile",,,2.01824865490149,308.21478279731468,-72.064,-39.306
"Directions from San Martín de los Andes, Neuquén Province to Pitrufquén, Chile",,,2.01930340605698,300.33919597559242,-72.065,-39.305
"Directions from San Martín de los Andes, Neuquén Province to Pitrufquén, Chile",,,2.01958993703261,300.18564826646406,-72.065,-39.305
"Directions from San Martín de los Andes, Neuquén Province to Pitrufquén, Chile",,,2.02082816156799,301.77176747973414,-72.066,-39.305
"Directions from San Martín de los Andes, Neuquén Province to Pitrufquén, Chile",,,2.02170480288574,300.73783443086057,-72.067,-39.304
"Directions from San Martín de los Andes, Neuquén Province to Pitrufquén, Chile",,,2.02211662809138,300.40704209182354,-72.067,-39.304
"Directions from San Martín de los Andes, Neuquén Province to Pitrufquén, Chile",,,2.02335153699491,300.85071130750077,-72.068,-39.303
"Directions from San Martín de los Andes, Neuquén Province to Pitrufquén, Chile",,,2.02479406949021,298.25349685370679,-72.069,-39.303
"Directions from San Martín de los Andes, Neuquén Province to Pitrufquén, Chile",,,2.02499531560819,294.18323033171487,-72.070,-39.303
"Directions from San Martín de los Andes, Neuquén Province to Pitrufquén, Chile",,,2.02521072220047,288.87340269340689,-72.070,-39.302
"Directions from San Martín de los Andes, Neuquén Province to Pitrufquén, Chile",,,2.02557472769493,283.62766418724107,-72.070,-39.302
"Directions from San Martín de los Andes, Neuquén Province to Pitrufquén, Chile",,,2.02582967867061,279.45228792139471,-72.070,-39.302
"Directions from San Martín de los Andes, Neuquén Province to Pitrufquén, Chile",,,2.02598100613011,276.23531479061751,-72.071,-39.302
"Directions from San Martín de los Andes, Neuquén Province to Pitrufquén, Chile",,,2.02809866993723,272.91541373318483,-72.073,-39.302
"Directions from San Martín de los Andes, Neuquén Province to Pitrufquén, Chile",,,2.03109908657497,268.82648778962937,-72.076,-39.302
"Directions from San Martín de los Andes, Neuquén Province to Pitrufquén, Chile",,,2.03161995124070,264.99414875886850,-72.076,-39.302
"Directions from San Martín de los Andes, Neuquén Province to Pitrufquén, Chile",,,2.03213346852375,261.96859197108404,-72.077,-39.302
"Directions from San Martín de los Andes, Neuquén Province to Pitrufquén, Chile",,,2.03299492078592,258.82620197908727,-72.078,-39.302
"Directions from San Martín de los Andes, Neuquén Province to Pitrufquén, Chile",,,2.03339517070786,253.22466899440249,-72.078,-39.302
"Directions from San Martín de los Andes, Neuquén Province to Pitrufquén, Chile",,,2.03356605078276,250.67009587294820,-72.078,-39.302
"Directions from San Martín de los Andes, Neuquén Province to Pitrufquén, Chile",,,2.03466021713209,253.92999674877669,-72.079,-39.303
"Directions from San Martín de los Andes, Neuquén Province to Pitrufquén, Chile",,,2.03474267924460,253.57593361478379,-72.079,-39.303
"Directions from San Martín de los Andes, Neuquén Province to Pitrufquén, Chile",,,2.03666538567044,252.88297468917523,-72.081,-39.303
"Directions from San Martín de los Andes, Neuquén Province to Pitrufquén, Chile",,,2.03696621784958,258.22386816457163,-72.081,-39.304
"Directions from San Martín de los Andes, Neuquén Province to Pitrufquén, Chile",,,2.03703692852769,259.23869994735520,-72.081,-39.304
"Directions from San Martín de los Andes, Neuquén Province to Pitrufquén, Chile",,,2.03725279885915,262.11077910805272,-72.082,-39.304
"Directions from San Martín de los Andes, Neuquén Province to Pitrufquén, Chile",,,2.03773321534512,270.05180444622454,-72.082,-39.304
"Directions from San Martín de los Andes, Neuquén Province to Pitrufquén, Chile",,,2.03796343263379,274.59969486519265,-72.082,-39.304
"Directions from San Martín de los Andes, Neuquén Province to Pitrufquén, Chile",,,2.03813460506147,278.50734163792055,-72.082,-39.304
"Directions from San Martín de los Andes, Neuquén Province to Pitrufquén, Chile",,,2.03847001525810,284.13699310460714,-72.083,-39.304
"Directions from San Martín de los Andes, Neuquén Province to Pitrufquén, Chile",,,2.03885898826487,290.58386512679323,-72.083,-39.303
"Directions from San Martín de los Andes, Neuquén Province to Pitrufquén, Chile",,,2.03901130372699,294.69335060497866,-72.083,-39.303
"Directions from San Martín de los Andes, Neuquén Province to Pitrufquén, Chile",,,2.04173042123089,295.27528185661367,-72.086,-39.302
"Directions from San Martín de los Andes, Neuquén Province to Pitrufquén, Chile",,,2.04231222875920,290.89021190386313,-72.086,-39.302
"Directions from San Martín de los Andes, Neuquén Province to Pitrufquén, Chile",,,2.04284673787979,285.84953326395373,-72.087,-39.302
"Directions from San Martín de los Andes, Neuquén Province to Pitrufquén, Chile",,,2.04341427642474,281.20559904537271,-72.087,-39.302
"Directions from San Martín de los Andes, Neuquén Province to Pitrufquén, Chile",,,2.04383854049346,275.97208859444953,-72.088,-39.302
"Directions from San Martín de los Andes, Neuquén Province to Pitrufquén, Chile",,,2.04413920642102,272.57314734378184,-72.088,-39.302
"Directions from San Martín de los Andes, Neuquén Province to Pitrufquén, Chile",,,2.04456932268437,268.80041142740805,-72.088,-39.301
"Directions from San Martín de los Andes, Neuquén Province to Pitrufquén, Chile",,,2.04503029990723,265.02138696828735,-72.089,-39.302
"Directions from San Martín de los Andes, Neuquén Province to Pitrufquén, Chile",,,2.04558356295498,262.44675589249488,-72.090,-39.302
"Directions from San Martín de los Andes, Neuquén Province to Pitrufquén, Chile",,,2.04623132834461,262.16518313758939,-72.090,-39.302
"Directions from San Martín de los Andes, Neuquén Province to Pitrufquén, Chile",,,2.04707725978391,264.28778099927058,-72.091,-39.302
"Directions from San Martín de los Andes, Neuquén Province to Pitrufquén, Chile",,,2.04781968823164,266.48929627149130,-72.092,-39.302
"Directions from San Martín de los Andes, Neuquén Province to Pitrufquén, Chile",,,2.04830010471763,271.32825351911220,-72.092,-39.302
"Directions from San Martín de los Andes, Neuquén Province to Pitrufquén, Chile",,,2.04864142568094,278.52696472752456,-72.093,-39.302
"Directions from San Martín de los Andes, Neuquén Province to Pitrufquén, Chile",,,2.04912194623201,284.76852338030380,-72.093,-39.302
"Directions from San Martín de los Andes, Neuquén Province to Pitrufquén, Chile",,,2.04932119482046,289.99615914751115,-72.093,-39.302
"Directions from San Martín de los Andes, Neuquén Province to Pitrufquén, Chile",,,2.05076043072886,303.73337497067371,-72.095,-39.301
"Directions from San Martín de los Andes, Neuquén Province to Pitrufquén, Chile",,,2.05077457286447,303.85720618674264,-72.095,-39.301
"Directions from San Martín de los Andes, Neuquén Province to Pitrufquén, Chile",,,2.05450380871114,290.75714875594900,-72.098,-39.300
"Directions from San Martín de los Andes, Neuquén Province to Pitrufquén, Chile",,,2.05549678403813,287.81064752438061,-72.099,-39.299
"Directions from San Martín de los Andes, Neuquén Province to Pitrufquén, Chile",,,2.05909055642936,288.99133485365007,-72.102,-39.298
"Directions from San Martín de los Andes, Neuquén Province to Pitrufquén, Chile",,,2.05942297183213,290.35108369626107,-72.103,-39.298
"Directions from San Martín de los Andes, Neuquén Province to Pitrufquén, Chile",,,2.06351888442886,288.44746610568984,-72.107,-39.297
"Directions from San Martín de los Andes, Neuquén Province to Pitrufquén, Chile",,,2.06402177606728,290.27630757666122,-72.107,-39.297
"Directions from San Martín de los Andes, Neuquén Province to Pitrufquén, Chile",,,2.06409793379833,288.61741699014732,-72.107,-39.297
"Directions from San Martín de los Andes, Neuquén Province to Pitrufquén, Chile",,,2.06413916485459,299.51812173156844,-72.107,-39.297
"Directions from San Martín de los Andes, Neuquén Province to Pitrufquén, Chile",,,2.06415330699021,298.99730839579814,-72.107,-39.297
"Directions from San Martín de los Andes, Neuquén Province to Pitrufquén, Chile",,,2.06482039019343,280.29463007994570,-72.108,-39.296
"Directions from San Martín de los Andes, Neuquén Province to Pitrufquén, Chile",,,2.06527437257194,275.11859433130013,-72.108,-39.296
"Directions from San Martín de los Andes, Neuquén Province to Pitrufquén, Chile",,,2.06592506451133,269.20307524770641,-72.109,-39.296
"Directions from San Martín de los Andes, Neuquén Province to Pitrufquén, Chile",,,2.06619580423875,263.25874622765434,-72.109,-39.296
"Directions from San Martín de los Andes, Neuquén Province to Pitrufquén, Chile",,,2.06663146465696,257.26684677930524,-72.110,-39.296
"Directions from San Martín de los Andes, Neuquén Province to Pitrufquén, Chile",,,2.06720426479663,250.06424648897379,-72.110,-39.297
"Directions from San Martín de los Andes, Neuquén Province to Pitrufquén, Chile",,,2.06869989175547,245.65849977629549,-72.112,-39.297
"Directions from San Martín de los Andes, Neuquén Province to Pitrufquén, Chile",,,2.07103965670092,247.20613382861939,-72.114,-39.298
"Directions from San Martín de los Andes, Neuquén Province to Pitrufquén, Chile",,,2.07112509673837,247.08311627136777,-72.114,-39.298
"Directions from San Martín de los Andes, Neuquén Province to Pitrufquén, Chile",,,2.07231945849262,243.89289213705749,-72.115,-39.299
"Directions from San Martín de los Andes, Neuquén Province to Pitrufquén, Chile",,,2.07507882436180,245.29203605625165,-72.117,-39.300
"Directions from San Martín de los Andes, Neuquén Province to Pitrufquén, Chile",,,2.07539267145833,244.72403933382435,-72.118,-39.300
"Directions from San Martín de los Andes, Neuquén Province to Pitrufquén, Chile",,,2.07573267145833,243.03057813541395,-72.118,-39.300
"Directions from San Martín de los Andes, Neuquén Province to Pitrufquén, Chile",,,2.07609941387475,246.60457073053669,-72.118,-39.300
"Directions from San Martín de los Andes, Neuquén Province to Pitrufquén, Chile",,,2.07646341936921,251.10854974347183,-72.119,-39.301
"Directions from San Martín de los Andes, Neuquén Province to Pitrufquén, Chile",,,2.07680823816221,254.95054065853381,-72.119,-39.301
"Directions from San Martín de los Andes, Neuquén Province to Pitrufquén, Chile",,,2.07715752314613,254.16226563107887,-72.119,-39.301
"Directions from San Martín de los Andes, Neuquén Province to Pitrufquén, Chile",,,2.07718914592274,256.29621228117333,-72.119,-39.301
"Directions from San Martín de los Andes, Neuquén Province to Pitrufquén, Chile",,,2.07757385360397,262.70137267180263,-72.120,-39.301
"Directions from San Martín de los Andes, Neuquén Province to Pitrufquén, Chile",,,2.07890023967145,263.62517780477265,-72.121,-39.301
"Directions from San Martín de los Andes, Neuquén Province to Pitrufquén, Chile",,,2.08164140730587,263.78702856732434,-72.124,-39.301
"Directions from San Martín de los Andes, Neuquén Province to Pitrufquén, Chile",,,2.08261557361610,267.34953674172004,-72.125,-39.301
"Directions from San Martín de los Andes, Neuquén Province to Pitrufquén, Chile",,,2.08279557361610,268.56879738653805,-72.125,-39.301
"Directions from San Martín de los Andes, Neuquén Province to Pitrufquén, Chile",,,2.08299582346006,271.24670990816270,-72.125,-39.301
"Directions from San Martín de los Andes, Neuquén Province to Pitrufquén, Chile",,,2.08331722663366,277.05099365278454,-72.125,-39.301
"Directions from San Martín de los Andes, Neuquén Province to Pitrufquén, Chile",,,2.08371181502679,282.26345778577507,-72.126,-39.301
"Directions from San Martín de los Andes, Neuquén Province to Pitrufquén, Chile",,,2.08418983176291,288.40913216774578,-72.126,-39.301
"Directions from San Martín de los Andes, Neuquén Province to Pitrufquén, Chile",,,2.08446839952845,292.90632579724866,-72.126,-39.301
"Directions from San Martín de los Andes, Neuquén Province to Pitrufquén, Chile",,,2.08461157773908,296.79296715599531,-72.127,-39.301
"Directions from San Martín de los Andes, Neuquén Province to Pitrufquén, Chile",,,2.08483983198328,301.70154121528776,-72.127,-39.301
"Directions from San Martín de los Andes, Neuquén Province to Pitrufquén, Chile",,,2.08519211028236,307.34659811635163,-72.127,-39.301
"Directions from San Martín de los Andes, Neuquén Province to Pitrufquén, Chile",,,2.08544050512933,312.55045377378929,-72.127,-39.301
"Directions from San Martín de los Andes, Neuquén Province to Pitrufquén, Chile",,,2.08561021075682,316.39635118390413,-72.127,-39.300
"Directions from San Martín de los Andes, Neuquén Province to Pitrufquén, Chile",,,2.08619072776776,322.05131741380285,-72.128,-39.300
"Directions from San Martín de los Andes, Neuquén Province to Pitrufquén, Chile",,,2.08622678328052,322.16135998278230,-72.128,-39.300
"Directions from San Martín de los Andes, Neuquén Province to Pitrufquén, Chile",,,2.08649585576146,315.77199339564498,-72.128,-39.300
"Directions from San Martín de los Andes, Neuquén Province to Pitrufquén, Chile",,,2.08677171804594,307.24747790725149,-72.128,-39.300
"Directions from San Martín de los Andes, Neuquén Province to Pitrufquén, Chile",,,2.08683002756489,303.67405417148683,-72.128,-39.300
"Directions from San Martín de los Andes, Neuquén Province to Pitrufquén, Chile",,,2.08706603603931,302.14081142353876,-72.128,-39.299
"Directions from San Martín de los Andes, Neuquén Province to Pitrufquén, Chile",,,2.08745074372054,296.80361240596346,-72.129,-39.299
"Directions from San Martín de los Andes, Neuquén Province to Pitrufquén, Chile",,,2.08775041020182,291.57857110159313,-72.129,-39.299
"Directions from San Martín de los Andes, Neuquén Province to Pitrufquén, Chile",,,2.08811728892838,285.53709164178127,-72.129,-39.299
"Directions from San Martín de los Andes, Neuquén Province to Pitrufquén, Chile",,,2.08845684746530,280.66152329155364,-72.130,-39.299
"Directions from San Martín de los Andes, Neuquén Province to Pitrufquén, Chile",,,2.08883021055936,276.01418285246717,-72.130,-39.299
"Directions from San Martín de los Andes, Neuquén Province to Pitrufquén, Chile",,,2.08949210178909,272.78082423463042,-72.131,-39.299
"Directions from San Martín de los Andes, Neuquén Province to Pitrufquén, Chile",,,2.09182263820803,267.54135441343107,-72.133,-39.299
"Directions from San Martín de los Andes, Neuquén Province to Pitrufquén, Chile",,,2.09247639657318,262.55360603901198,-72.134,-39.299
"Directions from San Martín de los Andes, Neuquén Province to Pitrufquén, Chile",,,2.09300251443070,259.67040703460981,-72.134,-39.299
"Directions from San Martín de los Andes, Neuquén Province to Pitrufquén, Chile",,,2.09542468288066,256.30140330890345,-72.137,-39.299
"Directions from San Martín de los Andes, Neuquén Province to Pitrufquén, Chile",,,2.09696042374422,255.99351128771977,-72.138,-39.300
"Directions from San Martín de los Andes, Neuquén Province to Pitrufquén, Chile",,,2.09714481463337,256.07484110714307,-72.138,-39.300
"Directions from San Martín de los Andes, Neuquén Province to Pitrufquén, Chile",,,2.09865861779097,255.67697933171837,-72.140,-39.300
"Directions from San Martín de los Andes, Neuquén Province to Pitrufquén, Chile",,,2.09904913027477,258.60657326514854,-72.140,-39.300
"Directions from San Martín de los Andes, Neuquén Province to Pitrufquén, Chile",,,2.09929244077598,262.09874302315637,-72.140,-39.300
"Directions from San Martín de los Andes, Neuquén Province to Pitrufquén, Chile",,,2.09947354847874,267.51186789269389,-72.140,-39.300
"Directions from San Martín de los Andes, Neuquén Province to Pitrufquén, Chile",,,2.09989366750950,274.13757732546065,-72.141,-39.300
"Directions from San Martín de los Andes, Neuquén Province to Pitrufquén, Chile",,,2.10022608291228,273.45561355993601,-72.141,-39.300
"Directions from San Martín de los Andes, Neuquén Province to Pitrufquén, Chile",,,2.10065608291227,275.65496623466134,-72.142,-39.300
"Directions from San Martín de los Andes, Neuquén Province to Pitrufquén, Chile",,,2.10070707310741,278.74005378202918,-72.142,-39.300
"Directions from San Martín de los Andes, Neuquén Province to Pitrufquén, Chile",,,2.10107922898873,278.62018883646721,-72.142,-39.300
"Directions from San Martín de los Andes, Neuquén Province to Pitrufquén, Chile",,,2.10154795065453,283.00080987892835,-72.143,-39.300
"Directions from San Martín de los Andes, Neuquén Province to Pitrufquén, Chile",,,2.10170319240150,288.18957675320172,-72.143,-39.300
"Directions from San Martín de los Andes, Neuquén Province to Pitrufquén, Chile",,,2.10200402458063,293.32442998587959,-72.143,-39.300
"Directions from San Martín de los Andes, Neuquén Province to Pitrufquén, Chile",,,2.10219190752291,297.27943859438574,-72.143,-39.300
"Directions from San Martín de los Andes, Neuquén Province to Pitrufquén, Chile",,,2.10237548312041,301.52391053471212,-72.143,-39.300
"Directions from San Martín de los Andes, Neuquén Province to Pitrufquén, Chile",,,2.10309659337551,302.80547187290631,-72.144,-39.300
"Directions from San Martín de los Andes, Neuquén Province to Pitrufquén, Chile",,,2.10381527271985,303.21469960315130,-72.145,-39.299
"Directions from San Martín de los Andes, Neuquén Province to Pitrufquén, Chile",,,2.10400943759825,301.25283517392847,-72.145,-39.299
"Directions from San Martín de los Andes, Neuquén Province to Pitrufquén, Chile",,,2.10490414425409,296.22055107070986,-72.145,-39.299
"Directions from San Martín de los Andes, Neuquén Province to Pitrufquén, Chile",,,2.10514580517356,292.94584555323246,-72.146,-39.298
"Directions from San Martín de los Andes, Neuquén Province to Pitrufquén, Chile",,,2.10544663735269,294.00639375191179,-72.146,-39.298
"Directions from San Martín de los Andes, Neuquén Province to Pitrufquén, Chile",,,2.10777214804930,298.15496623763647,-72.148,-39.297
"Directions from San Martín de los Andes, Neuquén Province to Pitrufquén, Chile",,,2.10785277062677,297.67640639374838,-72.148,-39.297
"Directions from San Martín de los Andes, Neuquén Province to Pitrufquén, Chile",,,2.10972685707088,292.37078734746740,-72.150,-39.296
"Directions from San Martín de los Andes, Neuquén Province to Pitrufquén, Chile",,,2.11024550917007,287.50874846983311,-72.150,-39.296
"Directions from San Martín de los Andes, Neuquén Province to Pitrufquén, Chile",,,2.11152433675815,291.22445245555559,-72.152,-39.296
"Directions from San Martín de los Andes, Neuquén Province to Pitrufquén, Chile",,,2.11154669743791,289.81718453653224,-72.152,-39.296
"Directions from San Martín de los Andes, Neuquén Province to Pitrufquén, Chile",,,2.11212158873199,280.59971012486773,-72.152,-39.296
"Directions from San Martín de los Andes, Neuquén Province to Pitrufquén, Chile",,,2.11226301008823,276.20962784146104,-72.152,-39.296
"Directions from San Martín de los Andes, Neuquén Province to Pitrufquén, Chile",,,2.11266413351063,272.14457666458662,-72.153,-39.296
"Directions from San Martín de los Andes, Neuquén Province to Pitrufquén, Chile",,,2.11297413351063,267.55045377289167,-72.153,-39.296
"Directions from San Martín de los Andes, Neuquén Province to Pitrufquén, Chile",,,2.11332541687204,267.55045377289167,-72.153,-39.296
"Directions from San Martín de los Andes, Neuquén Province to Pitrufquén, Chile",,,2.11339541687204,266.28429601479206,-72.153,-39.296
"Directions from San Martín de los Andes, Neuquén Province to Pitrufquén, Chile",,,2.11362736514213,260.46747901538947,-72.154,-39.296
"Directions from San Martín de los Andes, Neuquén Province to Pitrufquén, Chile",,,2.11397449624129,255.18110219759464,-72.154,-39.296
"Directions from San Martín de los Andes, Neuquén Province to Pitrufquén, Chile",,,2.11565687550887,251.49492709902384,-72.156,-39.296
"Directions from San Martín de los Andes, Neuquén Province to Pitrufquén, Chile",,,2.11851255406221,253.21687009238991,-72.158,-39.297
"Directions from San Martín de los Andes, Neuquén Province to Pitrufquén, Chile",,,2.11930810418634,258.79320553873299,-72.159,-39.298
"Directions from San Martín de los Andes, Neuquén Province to Pitrufquén, Chile",,,2.11960084980970,264.45349320056408,-72.159,-39.298
"Directions from San Martín de los Andes, Neuquén Province to Pitrufquén, Chile",,,2.12013169818730,268.38014985219451,-72.160,-39.298
"Directions from San Martín de los Andes, Neuquén Province to Pitrufquén, Chile",,,2.12025169818731,283.28252558853899,-72.160,-39.298
"Directions from San Martín de los Andes, Neuquén Province to Pitrufquén, Chile",,,2.12027405886708,285.87974004257325,-72.160,-39.298
"Directions from San Martín de los Andes, Neuquén Province to Pitrufquén, Chile",,,2.12060541969760,277.03754402941081,-72.160,-39.298
"Directions from San Martín de los Andes, Neuquén Province to Pitrufquén, Chile",,,2.12092930239241,280.22531559931741,-72.161,-39.298
"Directions from San Martín de los Andes, Neuquén Province to Pitrufquén, Chile",,,2.12481832540597,286.06300863410439,-72.164,-39.297
"Directions from San Martín de los Andes, Neuquén Province to Pitrufquén, Chile",,,2.12507464551832,292.50000000034390,-72.165,-39.297
"Directions from San Martín de los Andes, Neuquén Province to Pitrufquén, Chile",,,2.12567879781701,296.46252898169951,-72.165,-39.296
"Directions from San Martín de los Andes, Neuquén Province to Pitrufquén, Chile",,,2.13062774720046,300.04430271486200,-72.170,-39.294
"Directions from San Martín de los Andes, Neuquén Province to Pitrufquén, Chile",,,2.13093303395091,299.66300193734287,-72.170,-39.294
"Directions from San Martín de los Andes, Neuquén Province to Pitrufquén, Chile",,,2.13159951725903,296.36769755334717,-72.170,-39.294
"Directions from San Martín de los Andes, Neuquén Province to Pitrufquén, Chile",,,2.13193057616617,292.09795075184064,-72.171,-39.293
"Directions from San Martín de los Andes, Neuquén Province to Pitrufquén, Chile",,,2.13217409207941,287.32748970495544,-72.171,-39.293
"Directions from San Martín de los Andes, Neuquén Province to Pitrufquén, Chile",,,2.13535959047055,283.64872986266022,-72.174,-39.293
"Directions from San Martín de los Andes, Neuquén Province to Pitrufquén, Chile",,,2.13579890812329,279.79332717974114,-72.174,-39.292
"Directions from San Martín de los Andes, Neuquén Province to Pitrufquén, Chile",,,2.13602094415640,275.02788803081341,-72.175,-39.292
"Directions from San Martín de los Andes, Neuquén Province to Pitrufquén, Chile",,,2.13652134399653,270.44671450787649,-72.175,-39.292
"Directions from San Martín de los Andes, Neuquén Province to Pitrufquén, Chile",,,2.13693146592961,267.77902026445844,-72.176,-39.292
"Directions from San Martín de los Andes, Neuquén Province to Pitrufquén, Chile",,,2.13787279477757,261.45948904388922,-72.177,-39.292
"Directions from San Martín de los Andes, Neuquén Province to Pitrufquén, Chile",,,2.13791402583384,260.78252558854990,-72.177,-39.292
"Directions from San Martín de los Andes, Neuquén Province to Pitrufquén, Chile",,,2.14221669942127,266.10318555143266,-72.181,-39.293
"Directions from San Martín de los Andes, Neuquén Province to Pitrufquén, Chile",,,2.14576292276449,265.41134206782789,-72.184,-39.293
"Directions from San Martín de los Andes, Neuquén Province to Pitrufquén, Chile",,,2.14655696306573,263.18585793427656,-72.185,-39.293
"Directions from San Martín de los Andes, Neuquén Province to Pitrufquén, Chile",,,2.15710571180670,263.01930231230244,-72.196,-39.295
"Directions from San Martín de los Andes, Neuquén Province to Pitrufquén, Chile",,,2.15766891692030,267.76053673780353,-72.196,-39.295
"Directions from San Martín de los Andes, Neuquén Province to Pitrufquén, Chile",,,2.15871934540431,273.80663971232650,-72.197,-39.295
"Directions from San Martín de los Andes, Neuquén Province to Pitrufquén, Chile",,,2.16150448453907,290.75719008909488,-72.200,-39.294
"Directions from San Martín de los Andes, Neuquén Province to Pitrufquén, Chile",,,2.16159050779174,290.85787134863017,-72.200,-39.294
"Directions from San Martín de los Andes, Neuquén Province to Pitrufquén, Chile",,,2.16354184066955,275.04815688307946,-72.202,-39.294
"Directions from San Martín de los Andes, Neuquén Province to Pitrufquén, Chile",,,2.16427355099475,275.93788704551781,-72.203,-39.294
"Directions from San Martín de los Andes, Neuquén Province to Pitrufquén, Chile",,,2.16615163512492,264.76128820298766,-72.205,-39.294
"Directions from San Martín de los Andes, Neuquén Province to Pitrufquén, Chile",,,2.16621488067812,260.78252558955677,-72.205,-39.294
"Directions from San Martín de los Andes, Neuquén Province to Pitrufquén, Chile",,,2.16622488067811,274.78334299472476,-72.205,-39.294
"Directions from San Martín de los Andes, Neuquén Province to Pitrufquén, Chile",,,2.16712743261569,276.69038041250047,-72.206,-39.294
"Directions from San Martín de los Andes, Neuquén Province to Pitrufquén, Chile",,,2.16742809854325,271.90703741777565,-72.206,-39.294
"Directions from San Martín de los Andes, Neuquén Province to Pitrufquén, Chile",,,2.16780809854324,267.32208747837535,-72.206,-39.294
"Directions from San Martín de los Andes, Neuquén Province to Pitrufquén, Chile",,,2.16812950171685,262.74091395534936,-72.207,-39.294
"Directions from San Martín de los Andes, Neuquén Province to Pitrufquén, Chile",,,2.16844350808621,259.76386024019877,-72.207,-39.294
"Directions from San Martín de los Andes, Neuquén Province to Pitrufquén, Chile",,,2.16895341003757,257.86351802814471,-72.207,-39.294
"Directions from San Martín de los Andes, Neuquén Province to Pitrufquén, Chile",,,2.17167271141844,258.07572073735827,-72.210,-39.294
"Directions from San Martín de los Andes, Neuquén Province to Pitrufquén, Chile",,,2.17193747546434,264.55723647243832,-72.210,-39.294
"Directions from San Martín de los Andes, Neuquén Province to Pitrufquén, Chile",,,2.17198747546434,275.65496623857592,-72.210,-39.294
"Directions from San Martín de los Andes, Neuquén Province to Pitrufquén, Chile",,,2.17203846565948,271.52524724861581,-72.210,-39.294
"Directions from San Martín de los Andes, Neuquén Province to Pitrufquén, Chile",,,2.17266496386378,264.93134228642452,-72.211,-39.294
"Directions from San Martín de los Andes, Neuquén Province to Pitrufquén, Chile",,,2.17327529164456,269.06106127638463,-72.212,-39.294
"Directions from San Martín de los Andes, Neuquén Province to Pitrufquén, Chile",,,2.17431529164457,292.49999998982224,-72.213,-39.294
"Directions from San Martín de los Andes, Neuquén Province to Pitrufquén, Chile",,,2.17432943378019,337.49999998982219,-72.213,-39.294
"Directions from San Martín de los Andes, Neuquén Province to Pitrufquén, Chile",,,2.17433943378019,328.28252558039679,-72.213,-39.294
"Directions from San Martín de los Andes, Neuquén Province to Pitrufquén, Chile",,,2.17436179445997,283.28252558039674,-72.213,-39.294
"Directions from San Martín de los Andes, Neuquén Province to Pitrufquén, Chile",,,2.17439179445997,283.28252559668118,-72.213,-39.294
"Directions from San Martín de los Andes, Neuquén Province to Pitrufquén, Chile",,,2.17441415513974,290.30064732904799,-72.213,-39.294
"Directions from San Martín de los Andes, Neuquén Province to Pitrufquén, Chile",,,2.17453784830851,291.05436520163147,-72.213,-39.294
"Directions from San Martín de los Andes, Neuquén Province to Pitrufquén, Chile",,,2.17470784830851,306.53624346781072,-72.213,-39.294
"Directions from San Martín de los Andes, Neuquén Province to Pitrufquén, Chile",,,2.17480684325788,320.65496623868773,-72.213,-39.294
"Directions from San Martín de los Andes, Neuquén Province to Pitrufquén, Chile",,,2.17484289877062,320.65496624014179,-72.213,-39.294
"Directions from San Martín de los Andes, Neuquén Province to Pitrufquén, Chile",,,2.17485704090625,337.49999999999994,-72.213,-39.294
"Directions from San Martín de los Andes, Neuquén Province to Pitrufquén, Chile",,,2.17486704090626,337.49999998982219,-72.213,-39.294
"Directions from San Martín de los Andes, Neuquén Province to Pitrufquén, Chile",,,2.17488118304188,337.49999998982219,-72.213,-39.294
"Directions from San Martín de los Andes, Neuquén Province to Pitrufquén, Chile",,,2.17489118304188,315.00000000000000,-72.213,-39.294
"Directions from San Martín de los Andes, Neuquén Province to Pitrufquén, Chile",,,2.17490118304189,292.49999998982224,-72.213,-39.294
"Directions from San Martín de los Andes, Neuquén Province to Pitrufquén, Chile",,,2.17491532517751,292.49999998982224,-72.213,-39.294
"Directions from San Martín de los Andes, Neuquén Province to Pitrufquén, Chile",,,2.17493532517750,312.40278554625775,-72.213,-39.294
"Directions from San Martín de los Andes, Neuquén Province to Pitrufquén, Chile",,,2.17537713961819,346.71747441135255,-72.213,-39.294
"Directions from San Martín de los Andes, Neuquén Province to Pitrufquén, Chile",,,2.17562412139889,336.03216327539263,-72.213,-39.294
"Directions from San Martín de los Andes, Neuquén Province to Pitrufquén, Chile",,,2.17578064615732,330.71478280774272,-72.213,-39.293
"Directions from San Martín de los Andes, Neuquén Province to Pitrufquén, Chile",,,2.17596932577996,326.22846950118259,-72.213,-39.293
"Directions from San Martín de los Andes, Neuquén Province to Pitrufquén, Chile",,,2.17614137228530,335.21303936737974,-72.214,-39.293
"Directions from San Martín de los Andes, Neuquén Province to Pitrufquén, Chile",,,2.17618260334156,339.69935267917407,-72.214,-39.293
"Directions from San Martín de los Andes, Neuquén Province to Pitrufquén, Chile",,,2.17622732470110,330.48187826986839,-72.214,-39.293
"Directions from San Martín de los Andes, Neuquén Province to Pitrufquén, Chile",,,2.17648809279731,333.48638124203495,-72.214,-39.293
"Directions from San Martín de los Andes, Neuquén Province to Pitrufquén, Chile",,,2.17657353283477,342.70385565424857,-72.214,-39.293
"Directions from San Martín de los Andes, Neuquén Province to Pitrufquén, Chile",,,2.17686215022856,349.41937009115952,-72.214,-39.292
"Directions from San Martín de los Andes, Neuquén Province to Pitrufquén, Chile",,,2.17694277280605,338.00254300331602,-72.214,-39.292
"Directions from San Martín de los Andes, Neuquén Province to Pitrufquén, Chile",,,2.17699277280604,314.33389007166784,-72.214,-39.292
"Directions from San Martín de los Andes, Neuquén Province to Pitrufquén, Chile",,,2.17707879605872,310.26883891331687,-72.214,-39.292
"Directions from San Martín de los Andes, Neuquén Province to Pitrufquén, Chile",,,2.17709293819434,297.23116112546865,-72.214,-39.292
"Directions from San Martín de los Andes, Neuquén Province to Pitrufquén, Chile",,,2.17715376581964,297.23116109493532,-72.214,-39.292
"Directions from San Martín de los Andes, Neuquén Province to Pitrufquén, Chile",,,2.17716790795527,300.32112321855749,-72.214,-39.292
"Directions from San Martín de los Andes, Neuquén Province to Pitrufquén, Chile",,,2.17794675325441,277.82112322873525,-72.215,-39.292
"Directions from San Martín de los Andes, Neuquén Province to Pitrufquén, Chile",,,2.17796675325442,279.21747440942545,-72.215,-39.292
"Directions from San Martín de los Andes, Neuquén Province to Pitrufquén, Chile",,,2.17799837603101,293.04046209147589,-72.215,-39.292
"Directions from San Martín de los Andes, Neuquén Province to Pitrufquén, Chile",,,2.17823544142283,294.34174319483134,-72.215,-39.292
"Directions from San Martín de los Andes, Neuquén Province to Pitrufquén, Chile",,,2.17865329307116,286.52449470583133,-72.215,-39.292
"Directions from San Martín de los Andes, Neuquén Province to Pitrufquén, Chile",,,2.17913381362222,284.16266540630346,-72.216,-39.292
"Directions from San Martín de los Andes, Neuquén Province to Pitrufquén, Chile",,,2.17956101380949,288.14847947431440,-72.216,-39.292
"Directions from San Martín de los Andes, Neuquén Province to Pitrufquén, Chile",,,2.18002920180591,294.29678309287709,-72.217,-39.291
"Directions from San Martín de los Andes, Neuquén Province to Pitrufquén, Chile",,,2.18015450144678,296.97831780301931,-72.217,-39.291
"Directions from San Martín de los Andes, Neuquén Province to Pitrufquén, Chile",,,2.18057497736761,297.74378074730464,-72.217,-39.291
"Directions from San Martín de los Andes, Neuquén Province to Pitrufquén, Chile",,,2.18093344633418,302.12132987314283,-72.218,-39.291
"Directions from San Martín de los Andes, Neuquén Province to Pitrufquén, Chile",,,2.18209279960218,300.33316268558076,-72.218,-39.290
"Directions from San Martín de los Andes, Neuquén Province to Pitrufquén, Chile",,,2.18213752096173,302.06682160323021,-72.219,-39.290
"Directions from San Martín de los Andes, Neuquén Province to Pitrufquén, Chile",,,2.18262955754573,310.41644371992822,-72.219,-39.290
"Directions from San Martín de los Andes, Neuquén Province to Pitrufquén, Chile",,,2.18286300989632,316.98744427418842,-72.219,-39.290
"Directions from San Martín de los Andes, Neuquén Province to Pitrufquén, Chile",,,2.18328939000843,322.34160987603275,-72.219,-39.289
"Directions from San Martín de los Andes, Neuquén Province to Pitrufquén, Chile",,,2.18369743412370,326.24789363244980,-72.220,-39.289
"Directions from San Martín de los Andes, Neuquén Province to Pitrufquén, Chile",,,2.18427197742058,332.66228506538562,-72.220,-39.289
"Directions from San Martín de los Andes, Neuquén Province to Pitrufquén, Chile",,,2.18434813515165,348.40070474001732,-72.220,-39.289
"Directions from San Martín de los Andes, Neuquén Province to Pitrufquén, Chile",,,2.18437813515165,348.40070474493064,-72.220,-39.289
"Directions from San Martín de los Andes, Neuquén Province to Pitrufquén, Chile",,,2.18445429288271,352.88701805177374,-72.220,-39.288
"Directions from San Martín de los Andes, Neuquén Province to Pitrufquén, Chile",,,2.18464664672332,12.45901125960885,-72.220,-39.288
"Directions from San Martín de los Andes, Neuquén Province to Pitrufquén, Chile",,,2.18471944782222,13.12512118519470,-72.220,-39.288
"Directions from San Martín de los Andes, Neuquén Province to Pitrufquén, Chile",,,2.18483125122109,1.08737205982911,-72.220,-39.288
"Directions from San Martín de los Andes, Neuquén Province to Pitrufquén, Chile",,,2.18490196189921,348.91682709104219,-72.220,-39.288
"Directions from San Martín de los Andes, Neuquén Province to Pitrufquén, Chile",,,2.18498442401172,339.69935268120963,-72.220,-39.288
"Directions from San Martín de los Andes, Neuquén Province to Pitrufquén, Chile",,,2.18502914537127,329.52730205504997,-72.220,-39.288
"Directions from San Martín de los Andes, Neuquén Province to Pitrufquén, Chile",,,2.18548957994860,327.17796179035048,-72.220,-39.288
"Directions from San Martín de los Andes, Neuquén Province to Pitrufquén, Chile",,,2.18581714673568,331.91574974893808,-72.220,-39.287
"Directions from San Martín de los Andes, Neuquén Province to Pitrufquén, Chile",,,2.18643456069730,281.79938141859731,-72.221,-39.287
"Directions from San Martín de los Andes, Neuquén Province to Pitrufquén, Chile",,,2.18747595399477,266.53082531039797,-72.221,-39.287
"Directions from San Martín de los Andes, Neuquén Province to Pitrufquén, Chile",,,2.19223582794267,309.77905948787060,-72.225,-39.285
"Directions from San Martín de los Andes, Neuquén Province to Pitrufquén, Chile",,,2.19224997007830,309.82565795601869,-72.225,-39.285
"Directions from San Martín de los Andes, Neuquén Province to Pitrufquén, Chile",,,2.19555644856756,309.82565795601869,-72.228,-39.283
"Directions from San Martín de los Andes, Neuquén Province to Pitrufquén, Chile",,,2.19561301711006,307.37244064659217,-72.228,-39.283
"Directions from San Martín de los Andes, Neuquén Province to Pitrufquén, Chile",,,2.19569363968755,302.18217345830459,-72.228,-39.283
"Directions from San Martín de los Andes, Neuquén Province to Pitrufquén, Chile",,,2.19808748596498,307.21251836051459,-72.230,-39.281
"Directions from San Martín de los Andes, Neuquén Province to Pitrufquén, Chile",,,2.19816558846174,303.18531113734116,-72.230,-39.281
"Directions from San Martín de los Andes, Neuquén Province to Pitrufquén, Chile",,,2.19818794914152,300.61227541824638,-72.230,-39.281
"Directions from San Martín de los Andes, Neuquén Province to Pitrufquén, Chile",,,2.20326973032531,307.78694143909991,-72.234,-39.278
"Directions from San Martín de los Andes, Neuquén Province to Pitrufquén, Chile",,,2.20346822465772,307.01286258928161,-72.235,-39.278
"Directions from San Martín de los Andes, Neuquén Province to Pitrufquén, Chile",,,2.20374281526208,304.47449745723458,-72.235,-39.278
"Directions from San Martín de los Andes, Neuquén Province to Pitrufquén, Chile",,,2.20418688732831,304.41308728413196,-72.235,-39.278
"Directions from San Martín de los Andes, Neuquén Province to Pitrufquén, Chile",,,2.20486644600862,303.98164721885917,-72.236,-39.277
"Directions from San Martín de los Andes, Neuquén Province to Pitrufquén, Chile",,,2.20758793457189,308.34276507278389,-72.238,-39.276
"Directions from San Martín de los Andes, Neuquén Province to Pitrufquén, Chile",,,2.20820413259201,315.88718708725213,-72.238,-39.276
"Directions from San Martín de los Andes, Neuquén Province to Pitrufquén, Chile",,,2.20876493558773,321.32913011103665,-72.239,-39.275
"Directions from San Martín de los Andes, Neuquén Province to Pitrufquén, Chile",,,2.20919295427891,320.48055201600005,-72.239,-39.275
"Directions from San Martín de los Andes, Neuquén Province to Pitrufquén, Chile",,,2.21015628184521,325.90070474296533,-72.240,-39.274
"Directions from San Martín de los Andes, Neuquén Province to Pitrufquén, Chile",,,2.21017864252499,324.21747441146101,-72.240,-39.274
"Directions from San Martín de los Andes, Neuquén Province to Pitrufquén, Chile",,,2.21034834815247,301.71747441044323,-72.240,-39.274
"Directions from San Martín de los Andes, Neuquén Province to Pitrufquén, Chile",,,2.21041159370568,304.92289442067113,-72.240,-39.274
"Directions from San Martín de los Andes, Neuquén Province to Pitrufquén, Chile",,,2.21167816387744,324.93802405754207,-72.241,-39.273
"Directions from San Martín de los Andes, Neuquén Province to Pitrufquén, Chile",,,2.21219440025740,333.65197413945270,-72.241,-39.272
"Directions from San Martín de los Andes, Neuquén Province to Pitrufquén, Chile",,,2.21252681566018,341.95366150323866,-72.241,-39.272
"Directions from San Martín de los Andes, Neuquén Province to Pitrufquén, Chile",,,2.21268205740714,347.60138793806397,-72.241,-39.272
"Directions from San Martín de los Andes, Neuquén Province to Pitrufquén, Chile",,,2.21291550975774,352.57241524230682,-72.241,-39.272
"Directions from San Martín de los Andes, Neuquén Province to Pitrufquén, Chile",,,2.21418030223083,353.62273570683226,-72.241,-39.270
"Directions from San Martín de los Andes, Neuquén Province to Pitrufquén, Chile",,,2.21440233826395,353.79968527728454,-72.241,-39.270
"Directions from San Martín de los Andes, Neuquén Province to Pitrufquén, Chile",,,2.21477355248781,351.83758369895770,-72.241,-39.270
"Directions from San Martín de los Andes, Neuquén Province to Pitrufquén, Chile",,,2.21506969434571,344.32840338395147,-72.241,-39.270
"Directions from San Martín de los Andes, Neuquén Province to Pitrufquén, Chile",,,2.21521835503318,338.57379271373105,-72.241,-39.269
"Directions from San Martín de los Andes, Neuquén Province to Pitrufquén, Chile",,,2.21544682822635,333.63131361246099,-72.241,-39.269
"Directions from San Martín de los Andes, Neuquén Province to Pitrufquén, Chile",,,2.21579164701935,326.79566004720766,-72.242,-39.269
"Directions from San Martín de los Andes, Neuquén Province to Pitrufquén, Chile",,,2.21619164701935,341.56505117768864,-72.242,-39.269
"Directions from San Martín de los Andes, Neuquén Province to Pitrufquén, Chile",,,2.21625164701935,355.93494882170069,-72.242,-39.269
"Directions from San Martín de los Andes, Neuquén Province to Pitrufquén, Chile",,,2.21632235769747,345.30969606900726,-72.242,-39.269
"Directions from San Martín de los Andes, Neuquén Province to Pitrufquén, Chile",,,2.21651548977662,331.60590835104426,-72.242,-39.268
"Directions from San Martín de los Andes, Neuquén Province to Pitrufquén, Chile",,,2.21660151302930,322.01812173359110,-72.242,-39.268
"Directions from San Martín de los Andes, Neuquén Province to Pitrufquén, Chile",,,2.21731087894334,316.15967314684048,-72.242,-39.268
"Directions from San Martín de los Andes, Neuquén Province to Pitrufquén, Chile",,,2.21820960025720,311.17805663697169,-72.243,-39.267
"Directions from San Martín de los Andes, Neuquén Province to Pitrufquén, Chile",,,2.21858603086170,307.65868981989280,-72.243,-39.267
"Directions from San Martín de los Andes, Neuquén Province to Pitrufquén, Chile",,,2.21898011207161,310.35334572026380,-72.244,-39.267
"Directions from San Martín de los Andes, Neuquén Province to Pitrufquén, Chile",,,2.21899425420722,309.42267015080591,-72.244,-39.267
"Directions from San Martín de los Andes, Neuquén Province to Pitrufquén, Chile",,,2.22001767982738,303.04106340641971,-72.245,-39.266
"Directions from San Martín de los Andes, Neuquén Province to Pitrufquén, Chile",,,2.22132996790552,303.33788793035984,-72.246,-39.265
"Directions from San Martín de los Andes, Neuquén Province to Pitrufquén, Chile",,,2.22175434980900,300.50202024700064,-72.246,-39.265
"Directions from San Martín de los Andes, Neuquén Province to Pitrufquén, Chile",,,2.22179907116855,304.79505858615374,-72.246,-39.265
"Directions from San Martín de los Andes, Neuquén Province to Pitrufquén, Chile",,,2.22200425401383,316.60974744924641,-72.246,-39.265
"Directions from San Martín de los Andes, Neuquén Province to Pitrufquén, Chile",,,2.22216045900735,326.81468886309261,-72.246,-39.265
"Directions from San Martín de los Andes, Neuquén Province to Pitrufquén, Chile",,,2.22218281968712,327.01714407571217,-72.246,-39.265
"Directions from San Martín de los Andes, Neuquén Province to Pitrufquén, Chile",,,2.22254517310577,322.53083077068464,-72.247,-39.265
"Directions from San Martín de los Andes, Neuquén Province to Pitrufquén, Chile",,,2.22263119635843,319.73116110363458,-72.247,-39.264
"Directions from San Martín de los Andes, Neuquén Province to Pitrufquén, Chile",,,2.22274433344342,316.86202898775986,-72.247,-39.264
"Directions from San Martín de los Andes, Neuquén Province to Pitrufquén, Chile",,,2.22394187258683,321.98407270936224,-72.248,-39.263
"Directions from San Martín de los Andes, Neuquén Province to Pitrufquén, Chile",,,2.22453827848889,331.23084085775133,-72.248,-39.263
"Directions from San Martín de los Andes, Neuquén Province to Pitrufquén, Chile",,,2.22508058836340,330.48187826580141,-72.248,-39.263
"Directions from San Martín de los Andes, Neuquén Province to Pitrufquén, Chile",,,2.22526659911578,319.37308113092462,-72.248,-39.262
"Directions from San Martín de los Andes, Neuquén Province to Pitrufquén, Chile",,,2.22550701542138,311.28429601501909,-72.248,-39.262
"Directions from San Martín de los Andes, Neuquén Province to Pitrufquén, Chile",,,2.22567102761605,304.26617428105590,-72.248,-39.262
"Directions from San Martín de los Andes, Neuquén Province to Pitrufquén, Chile",,,2.22590426569184,298.76440385254017,-72.249,-39.262
"Directions from San Martín de los Andes, Neuquén Province to Pitrufquén, Chile",,,2.22599370841095,292.49999999949114,-72.249,-39.262
"Directions from San Martín de los Andes, Neuquén Province to Pitrufquén, Chile",,,2.22612019951735,285.48187826732396,-72.249,-39.262
"Directions from San Martín de los Andes, Neuquén Province to Pitrufquén, Chile",,,2.22621239496192,284.61402597077284,-72.249,-39.262
"Directions from San Martín de los Andes, Neuquén Province to Pitrufquén, Chile",,,2.22642120109211,278.34962211643659,-72.249,-39.262
"Directions from San Martín de los Andes, Neuquén Province to Pitrufquén, Chile",,,2.22644120109210,277.62755935129400,-72.249,-39.262
"Directions from San Martín de los Andes, Neuquén Province to Pitrufquén, Chile",,,2.22666923617712,290.91008494390417,-72.249,-39.262
"Directions from San Martín de los Andes, Neuquén Province to Pitrufquén, Chile",,,2.22671395753667,291.25522354268747,-72.249,-39.262
"Directions from San Martín de los Andes, Neuquén Province to Pitrufquén, Chile",,,2.22700516193224,289.76621321263468,-72.250,-39.262
"Directions from San Martín de los Andes, Neuquén Province to Pitrufquén, Chile",,,2.22777988769017,292.31227077568798,-72.250,-39.261
"Directions from San Martín de los Andes, Neuquén Province to Pitrufquén, Chile",,,2.22791917157294,293.80128110166959,-72.251,-39.261
"Directions from San Martín de los Andes, Neuquén Province to Pitrufquén, Chile",,,2.22812041769092,295.32625174285278,-72.251,-39.261
"Directions from San Martín de los Andes, Neuquén Province to Pitrufquén, Chile",,,2.22905149233884,292.39145152116953,-72.252,-39.261
"Directions from San Martín de los Andes, Neuquén Province to Pitrufquén, Chile",,,2.22953253287767,287.36584710081900,-72.252,-39.261
"Directions from San Martín de los Andes, Neuquén Province to Pitrufquén, Chile",,,2.22982115027147,280.41260902125094,-72.252,-39.261
"Directions from San Martín de los Andes, Neuquén Province to Pitrufquén, Chile",,,2.23024411599112,274.77404111655653,-72.253,-39.261
"Directions from San Martín de los Andes, Neuquén Province to Pitrufquén, Chile",,,2.23107507928754,270.42497761313211,-72.254,-39.260
"Directions from San Martín de los Andes, Neuquén Province to Pitrufquén, Chile",,,2.23137524590793,271.31431003756683,-72.254,-39.260
"Directions from San Martín de los Andes, Neuquén Province to Pitrufquén, Chile",,,2.23200722692030,276.50968915079790,-72.255,-39.260
"Directions from San Martín de los Andes, Neuquén Province to Pitrufquén, Chile",,,2.23315983266383,280.93705177431934,-72.256,-39.260
"Directions from San Martín de los Andes, Neuquén Province to Pitrufquén, Chile",,,2.23337570299528,276.69624887722500,-72.256,-39.260
"Directions from San Martín de los Andes, Neuquén Province to Pitrufquén, Chile",,,2.23338570299528,277.82112322812117,-72.256,-39.260
"Directions from San Martín de los Andes, Neuquén Province to Pitrufquén, Chile",,,2.23364531809499,290.20869351353002,-72.256,-39.260
"Directions from San Martín de los Andes, Neuquén Province to Pitrufquén, Chile",,,2.23378849630562,300.15640918057090,-72.256,-39.260
"Directions from San Martín de los Andes, Neuquén Province to Pitrufquén, Chile",,,2.23404656606364,287.76883889516199,-72.256,-39.260
"Directions from San Martín de los Andes, Neuquén Province to Pitrufquén, Chile",,,2.23405656606363,290.45719160939262,-72.256,-39.260
"Directions from San Martín de los Andes, Neuquén Province to Pitrufquén, Chile",,,2.23425506039605,318.16104726517835,-72.257,-39.260
"Directions from San Martín de los Andes, Neuquén Province to Pitrufquén, Chile",,,2.23460733869513,308.60456039966357,-72.257,-39.260
"Directions from San Martín de los Andes, Neuquén Province to Pitrufquén, Chile",,,2.23471504199126,296.02892332479871,-72.257,-39.259
"Directions from San Martín de los Andes, Neuquén Province to Pitrufquén, Chile",,,2.23485396643116,285.12821858092087,-72.257,-39.259
"Directions from San Martín de los Andes, Neuquén Province to Pitrufquén, Chile",,,2.23486396643116,283.28252559016744,-72.257,-39.259
"Directions from San Martín de los Andes, Neuquén Province to Pitrufquén, Chile",,,2.23497576983003,290.91008494185292,-72.257,-39.259
"Directions from San Martín de los Andes, Neuquén Province to Pitrufquén, Chile",,,2.23508978737255,286.84503376294293,-72.257,-39.259
"Directions from San Martín de los Andes, Neuquén Province to Pitrufquén, Chile",,,2.23540601513856,285.71478280778746,-72.258,-39.259
"Directions from San Martín de los Andes, Neuquén Province to Pitrufquén, Chile",,,2.23553943177920,281.14396269620238,-72.258,-39.259
"Directions from San Martín de los Andes, Neuquén Province to Pitrufquén, Chile",,,2.23609674677093,276.68946269027975,-72.258,-39.259
"Directions from San Martín de los Andes, Neuquén Province to Pitrufquén, Chile",,,2.23623710345941,275.43729567771305,-72.258,-39.259
"Directions from San Martín de los Andes, Neuquén Province to Pitrufquén, Chile",,,2.23708303489870,278.66407915129207,-72.259,-39.259
"Directions from San Martín de los Andes, Neuquén Province to Pitrufquén, Chile",,,2.23752041345327,282.21818002177156,-72.260,-39.259
"Directions from San Martín de los Andes, Neuquén Province to Pitrufquén, Chile",,,2.23851966317182,282.93665437991928,-72.261,-39.259
"Directions from San Martín de los Andes, Neuquén Province to Pitrufquén, Chile",,,2.23885700572768,279.34298462600424,-72.261,-39.259
"Directions from San Martín de los Andes, Neuquén Province to Pitrufquén, Chile",,,2.23919935058306,275.03814873531473,-72.261,-39.259
"Directions from San Martín de los Andes, Neuquén Province to Pitrufquén, Chile",,,2.23988052603770,274.36317361014056,-72.262,-39.259
"Directions from San Martín de los Andes, Neuquén Province to Pitrufquén, Chile",,,2.24426971730717,278.33490951315719,-72.266,-39.258
"Directions from San Martín de los Andes, Neuquén Province to Pitrufquén, Chile",,,2.24432070750230,278.44106513701513,-72.266,-39.258
"Directions from San Martín de los Andes, Neuquén Province to Pitrufquén, Chile",,,2.24473265410079,274.59303927828142,-72.267,-39.258
"Directions from San Martín de los Andes, Neuquén Province to Pitrufquén, Chile",,,2.24568454695190,271.47189261482589,-72.268,-39.258
"Directions from San Martín de los Andes, Neuquén Province to Pitrufquén, Chile",,,2.24739466390696,267.72568998755582,-72.269,-39.258
"Directions from San Martín de los Andes, Neuquén Province to Pitrufquén, Chile",,,2.24798601828464,268.06073774865763,-72.270,-39.258
"Directions from San Martín de los Andes, Neuquén Province to Pitrufquén, Chile",,,2.24807601828464,268.36475603787818,-72.270,-39.258
"Directions from San Martín de los Andes, Neuquén Province to Pitrufquén, Chile",,,2.24842658924749,270.56410871597461,-72.270,-39.258
"Directions from San Martín de los Andes, Neuquén Province to Pitrufquén, Chile",,,2.24868735734371,272.19935267809649,-72.271,-39.258
"Directions from San Martín de los Andes, Neuquén Province to Pitrufquén, Chile",,,2.24875735734371,279.48520390413660,-72.271,-39.258
"Directions from San Martín de los Andes, Neuquén Province to Pitrufquén, Chile",,,2.24909573583002,291.97582370717549,-72.271,-39.258
"Directions from San Martín de los Andes, Neuquén Province to Pitrufquén, Chile",,,2.25006656022196,296.57991485826062,-72.272,-39.258
"Directions from San Martín de los Andes, Neuquén Province to Pitrufquén, Chile",,,2.25038420782546,296.16206603559374,-72.272,-39.257
"Directions from San Martín de los Andes, Neuquén Province to Pitrufquén, Chile",,,2.25070201279709,291.08265562119647,-72.273,-39.257
"Directions from San Martín de los Andes, Neuquén Province to Pitrufquén, Chile",,,2.25157482434606,286.02800637398946,-72.273,-39.257
"Directions from San Martín de los Andes, Neuquén Province to Pitrufquén, Chile",,,2.25169851751482,286.44727620657335,-72.274,-39.257
"Directions from San Martín de los Andes, Neuquén Province to Pitrufquén, Chile",,,2.25426635707368,286.44727620737160,-72.276,-39.256
"Directions from San Martín de los Andes, Neuquén Province to Pitrufquén, Chile",,,2.25434881918619,285.74171594571777,-72.276,-39.256
"Directions from San Martín de los Andes, Neuquén Province to Pitrufquén, Chile",,,2.25508257663931,292.00611980029350,-72.277,-39.256
"Directions from San Martín de los Andes, Neuquén Province to Pitrufquén, Chile",,,2.25514965867862,292.04530977536626,-72.277,-39.256
"Directions from San Martín de los Andes, Neuquén Province to Pitrufquén, Chile",,,2.25634515020934,284.75085040916139,-72.278,-39.256
"Directions from San Martín de los Andes, Neuquén Province to Pitrufquén, Chile",,,2.25668249276520,279.21747441158624,-72.278,-39.255
"Directions from San Martín de los Andes, Neuquén Province to Pitrufquén, Chile",,,2.25721587817932,279.81568490078439,-72.279,-39.255
"Directions from San Martín de los Andes, Neuquén Province to Pitrufquén, Chile",,,2.25769857891477,284.44059562600347,-72.279,-39.255
"Directions from San Martín de los Andes, Neuquén Province to Pitrufquén, Chile",,,2.25803099431755,300.35431891447104,-72.280,-39.255
"Directions from San Martín de los Andes, Neuquén Province to Pitrufquén, Chile",,,2.25804513645318,299.96570858889987,-72.280,-39.255
"Directions from San Martín de los Andes, Neuquén Province to Pitrufquén, Chile",,,2.25835561994710,299.96570858889987,-72.280,-39.255
"Directions from San Martín de los Andes, Neuquén Province to Pitrufquén, Chile",,,2.25836976208273,299.99753956457585,-72.280,-39.255
"Directions from San Martín de los Andes, Neuquén Province to Pitrufquén, Chile",,,2.25894950340434,287.77556217548300,-72.280,-39.255
"Directions from San Martín de los Andes, Neuquén Province to Pitrufquén, Chile",,,2.25903494344179,287.07101821478210,-72.281,-39.255
"Directions from San Martín de los Andes, Neuquén Province to Pitrufquén, Chile",,,2.26026948789220,281.88075102551335,-72.282,-39.255
"Directions from San Martín de los Andes, Neuquén Province to Pitrufquén, Chile",,,2.26106195240244,275.08775542163829,-72.283,-39.254
"Directions from San Martín de los Andes, Neuquén Province to Pitrufquén, Chile",,,2.26110195240244,273.79732168402904,-72.283,-39.254
"Directions from San Martín de los Andes, Neuquén Province to Pitrufquén, Chile",,,2.26140460732145,276.31854721856212,-72.283,-39.254
"Directions from San Martín de los Andes, Neuquén Province to Pitrufquén, Chile",,,2.26208724924808,273.23727362684423,-72.284,-39.254
"Directions from San Martín de los Andes, Neuquén Province to Pitrufquén, Chile",,,2.26248737422855,268.67323970242705,-72.284,-39.254
"Directions from San Martín de los Andes, Neuquén Province to Pitrufquén, Chile",,,2.26276808760551,264.48071287593353,-72.284,-39.254
"Directions from San Martín de los Andes, Neuquén Province to Pitrufquén, Chile",,,2.26318112513407,258.70239803694142,-72.285,-39.254
"Directions from San Martín de los Andes, Neuquén Province to Pitrufquén, Chile",,,2.26344074023378,252.30545846852931,-72.285,-39.255
"Directions from San Martín de los Andes, Neuquén Province to Pitrufquén, Chile",,,2.26385510722089,251.20647954358057,-72.285,-39.255
"Directions from San Martín de los Andes, Neuquén Province to Pitrufquén, Chile",,,2.26476905470296,249.76996537263659,-72.286,-39.255
"Directions from San Martín de los Andes, Neuquén Province to Pitrufquén, Chile",,,2.26489905470297,249.92728333944635,-72.286,-39.255
"Directions from San Martín de los Andes, Neuquén Province to Pitrufquén, Chile",,,2.26509830329141,255.24914959090100,-72.286,-39.255
"Directions from San Martín de los Andes, Neuquén Province to Pitrufquén, Chile",,,2.26543564584729,268.07698495479059,-72.287,-39.255
"Directions from San Martín de los Andes, Neuquén Province to Pitrufquén, Chile",,,2.26557706720353,280.00938019636442,-72.287,-39.255
"Directions from San Martín de los Andes, Neuquén Province to Pitrufquén, Chile",,,2.26577123208192,286.28154139994592,-72.287,-39.255
"Directions from San Martín de los Andes, Neuquén Province to Pitrufquén, Chile",,,2.26633771244345,292.27485280752950,-72.288,-39.255
"Directions from San Martín de los Andes, Neuquén Province to Pitrufquén, Chile",,,2.26700479564665,294.89089442719376,-72.288,-39.255
"Directions from San Martín de los Andes, Neuquén Province to Pitrufquén, Chile",,,2.26739389717582,299.54250982901499,-72.289,-39.254
"Directions from San Martín de los Andes, Neuquén Province to Pitrufquén, Chile",,,2.26770454166717,310.45241132630849,-72.289,-39.254
"Directions from San Martín de los Andes, Neuquén Province to Pitrufquén, Chile",,,2.26800186304211,320.42820667612011,-72.289,-39.254
"Directions from San Martín de los Andes, Neuquén Province to Pitrufquén, Chile",,,2.26805186304210,320.74828150971939,-72.289,-39.254
"Directions from San Martín de los Andes, Neuquén Province to Pitrufquén, Chile",,,2.26829269493368,312.61817915366356,-72.289,-39.254
"Directions from San Martín de los Andes, Neuquén Province to Pitrufquén, Chile",,,2.26859269493369,304.51109639331565,-72.290,-39.254
"Directions from San Martín de los Andes, Neuquén Province to Pitrufquén, Chile",,,2.26900609546586,303.84498646830264,-72.290,-39.253
"Directions from San Martín de los Andes, Neuquén Province to Pitrufquén, Chile",,,2.26909211871852,303.64369605447899,-72.290,-39.253
"Directions from San Martín de los Andes, Neuquén Province to Pitrufquén, Chile",,,2.27146759761761,285.87485715684130,-72.292,-39.252
"Directions from San Martín de los Andes, Neuquén Province to Pitrufquén, Chile",,,2.27147759761761,286.84503376455564,-72.292,-39.252
"Directions from San Martín de los Andes, Neuquén Province to Pitrufquén, Chile",,,2.27151365313036,309.34503376455569,-72.292,-39.252
"Directions from San Martín de los Andes, Neuquén Province to Pitrufquén, Chile",,,2.27154193740162,301.71747440942545,-72.292,-39.252
"Directions from San Martín de los Andes, Neuquén Province to Pitrufquén, Chile",,,2.27157356017821,301.71747440433654,-72.292,-39.252
"Directions from San Martín de los Andes, Neuquén Province to Pitrufquén, Chile",,,2.27160184444947,301.71747441044323,-72.292,-39.252
"Directions from San Martín de los Andes, Neuquén Province to Pitrufquén, Chile",,,2.27163346722606,296.06250818008783,-72.292,-39.252
"Directions from San Martín de los Andes, Neuquén Province to Pitrufquén, Chile",,,2.27166952273881,309.34503375946684,-72.292,-39.252
"Directions from San Martín de los Andes, Neuquén Province to Pitrufquén, Chile",,,2.27169780701007,301.71747441044323,-72.292,-39.252
"Directions from San Martín de los Andes, Neuquén Province to Pitrufquén, Chile",,,2.27172942978666,301.71747441044323,-72.292,-39.252
"Directions from San Martín de los Andes, Neuquén Province to Pitrufquén, Chile",,,2.27175771405792,301.71747440433654,-72.292,-39.252
"Directions from San Martín de los Andes, Neuquén Province to Pitrufquén, Chile",,,2.27178933683451,296.06250817398114,-72.292,-39.252
"Directions from San Martín de los Andes, Neuquén Province to Pitrufquén, Chile",,,2.27182539234726,309.34503375946684,-72.292,-39.252
"Directions from San Martín de los Andes, Neuquén Province to Pitrufquén, Chile",,,2.27185367661851,301.71747441044323,-72.292,-39.252
"Directions from San Martín de los Andes, Neuquén Province to Pitrufquén, Chile",,,2.27188529939511,301.71747441044323,-72.292,-39.252
"Directions from San Martín de los Andes, Neuquén Province to Pitrufquén, Chile",,,2.27191358366636,301.71747441044323,-72.292,-39.252
"Directions from San Martín de los Andes, Neuquén Province to Pitrufquén, Chile",,,2.27194520644296,301.71747441044323,-72.292,-39.252
"Directions from San Martín de los Andes, Neuquén Province to Pitrufquén, Chile",,,2.27197349071421,309.34503375946684,-72.292,-39.252
"Directions from San Martín de los Andes, Neuquén Province to Pitrufquén, Chile",,,2.27200954622696,296.06250817398114,-72.292,-39.252
"Directions from San Martín de los Andes, Neuquén Province to Pitrufquén, Chile",,,2.27204116900356,301.71747440942545,-72.292,-39.252
"Directions from San Martín de los Andes, Neuquén Province to Pitrufquén, Chile",,,2.27206945327481,301.71747440942545,-72.292,-39.252
"Directions from San Martín de los Andes, Neuquén Province to Pitrufquén, Chile",,,2.27210107605141,301.71747440433654,-72.292,-39.252
"Directions from San Martín de los Andes, Neuquén Province to Pitrufquén, Chile",,,2.27212936032266,308.37974003745097,-72.293,-39.252
"Directions from San Martín de los Andes, Neuquén Province to Pitrufquén, Chile",,,2.27237634210336,308.37974003745097,-72.293,-39.252
"Directions from San Martín de los Andes, Neuquén Province to Pitrufquén, Chile",,,2.27240462637461,301.71747441044323,-72.293,-39.252
"Directions from San Martín de los Andes, Neuquén Province to Pitrufquén, Chile",,,2.27243624915121,295.22016602048876,-72.293,-39.252
"Directions from San Martín de los Andes, Neuquén Province to Pitrufquén, Chile",,,2.27253058896253,308.50269159986772,-72.293,-39.252
"Directions from San Martín de los Andes, Neuquén Province to Pitrufquén, Chile",,,2.27255887323378,301.71747440433654,-72.293,-39.252
"Directions from San Martín de los Andes, Neuquén Province to Pitrufquén, Chile",,,2.27259049601038,295.22016601438207,-72.293,-39.252
"Directions from San Martín de los Andes, Neuquén Province to Pitrufquén, Chile",,,2.27268483582170,308.50269159986772,-72.293,-39.251
"Directions from San Martín de los Andes, Neuquén Province to Pitrufquén, Chile",,,2.27271312009295,301.71747441044323,-72.293,-39.251
"Directions from San Martín de los Andes, Neuquén Province to Pitrufquén, Chile",,,2.27274474286955,295.02122553868566,-72.293,-39.251
"Directions from San Martín de los Andes, Neuquén Province to Pitrufquén, Chile",,,2.27320267299522,308.30375111806467,-72.293,-39.251
"Directions from San Martín de los Andes, Neuquén Province to Pitrufquén, Chile",,,2.27323095726647,301.71747441044323,-72.293,-39.251
"Directions from San Martín de los Andes, Neuquén Province to Pitrufquén, Chile",,,2.27326258004306,294.88182084949034,-72.293,-39.251
"Directions from San Martín de los Andes, Neuquén Province to Pitrufquén, Chile",,,2.27353183828342,303.43318532691956,-72.294,-39.251
"Directions from San Martín de los Andes, Neuquén Province to Pitrufquén, Chile",,,2.27361786153610,296.98631330849349,-72.294,-39.251
"Directions from San Martín de los Andes, Neuquén Province to Pitrufquén, Chile",,,2.27364948431270,301.71747442062099,-72.294,-39.251
"Directions from San Martín de los Andes, Neuquén Province to Pitrufquén, Chile",,,2.27367776858394,301.71747441654986,-72.294,-39.251
"Directions from San Martín de los Andes, Neuquén Province to Pitrufquén, Chile",,,2.27370939136055,301.71747441654986,-72.294,-39.251
"Directions from San Martín de los Andes, Neuquén Province to Pitrufquén, Chile",,,2.27373767563179,301.71747441044323,-72.294,-39.251
"Directions from San Martín de los Andes, Neuquén Province to Pitrufquén, Chile",,,2.27376929840840,296.06250816991007,-72.294,-39.251
"Directions from San Martín de los Andes, Neuquén Province to Pitrufquén, Chile",,,2.27380535392115,309.34503375946684,-72.294,-39.251
"Directions from San Martín de los Andes, Neuquén Province to Pitrufquén, Chile",,,2.27383363819240,301.71747441044323,-72.294,-39.251
"Directions from San Martín de los Andes, Neuquén Province to Pitrufquén, Chile",,,2.27386526096900,301.71747442062099,-72.294,-39.251
"Directions from San Martín de los Andes, Neuquén Province to Pitrufquén, Chile",,,2.27389354524024,301.71747441654986,-72.294,-39.251
"Directions from San Martín de los Andes, Neuquén Province to Pitrufquén, Chile",,,2.27392516801685,296.06250817601671,-72.294,-39.251
"Directions from San Martín de los Andes, Neuquén Province to Pitrufquén, Chile",,,2.27396122352960,309.34503375946684,-72.294,-39.251
"Directions from San Martín de los Andes, Neuquén Province to Pitrufquén, Chile",,,2.27398950780085,301.71747440433654,-72.294,-39.251
"Directions from San Martín de los Andes, Neuquén Province to Pitrufquén, Chile",,,2.27402113057745,301.71747440942545,-72.294,-39.251
"Directions from San Martín de los Andes, Neuquén Province to Pitrufquén, Chile",,,2.27404941484871,301.71747440942545,-72.294,-39.251
"Directions from San Martín de los Andes, Neuquén Province to Pitrufquén, Chile",,,2.27408103762530,296.06250817398114,-72.294,-39.251
"Directions from San Martín de los Andes, Neuquén Province to Pitrufquén, Chile",,,2.27411709313805,309.34503375946684,-72.294,-39.251
"Directions from San Martín de los Andes, Neuquén Province to Pitrufquén, Chile",,,2.27414537740930,301.71747441044323,-72.294,-39.251
"Directions from San Martín de los Andes, Neuquén Province to Pitrufquén, Chile",,,2.27417700018590,301.71747441044323,-72.294,-39.251
"Directions from San Martín de los Andes, Neuquén Province to Pitrufquén, Chile",,,2.27420528445715,301.71747440433654,-72.294,-39.251
"Directions from San Martín de los Andes, Neuquén Province to Pitrufquén, Chile",,,2.27423690723375,296.06250817867857,-72.294,-39.251
"Directions from San Martín de los Andes, Neuquén Province to Pitrufquén, Chile",,,2.27427296274650,296.06250817460744,-72.294,-39.251
"Directions from San Martín de los Andes, Neuquén Province to Pitrufquén, Chile",,,2.27430458552311,292.50000000203562,-72.294,-39.251
"Directions from San Martín de los Andes, Neuquén Province to Pitrufquén, Chile",,,2.27432694620288,292.50000000203562,-72.294,-39.251
"Directions from San Martín de los Andes, Neuquén Province to Pitrufquén, Chile",,,2.27435856897949,296.06250816991007,-72.294,-39.251
"Directions from San Martín de los Andes, Neuquén Province to Pitrufquén, Chile",,,2.27439462449224,296.06250817669519,-72.294,-39.251
"Directions from San Martín de los Andes, Neuquén Province to Pitrufquén, Chile",,,2.27448949282205,279.21747441213950,-72.295,-39.251
"Directions from San Martín de los Andes, Neuquén Province to Pitrufquén, Chile",,,2.27452949282205,279.21747441553214,-72.295,-39.251
"Directions from San Martín de los Andes, Neuquén Province to Pitrufquén, Chile",,,2.27456111559864,297.65242323682565,-72.295,-39.251
"Directions from San Martín de los Andes, Neuquén Province to Pitrufquén, Chile",,,2.27461111559864,301.36812721823486,-72.295,-39.251
"Directions from San Martín de los Andes, Neuquén Province to Pitrufquén, Chile",,,2.27497785801506,294.43447669368169,-72.295,-39.250
"Directions from San Martín de los Andes, Neuquén Province to Pitrufquén, Chile",,,2.27612942216872,281.50129829674034,-72.296,-39.250
"Directions from San Martín de los Andes, Neuquén Province to Pitrufquén, Chile",,,2.27613942216872,281.34902885336533,-72.296,-39.250
"Directions from San Martín de los Andes, Neuquén Province to Pitrufquén, Chile",,,2.28064865713710,294.16953176570331,-72.300,-39.248
"Directions from San Martín de los Andes, Neuquén Province to Pitrufquén, Chile",,,2.28120327412206,294.16740038458056,-72.301,-39.248
"Directions from San Martín de los Andes, Neuquén Province to Pitrufquén, Chile",,,2.28179942846449,291.06691488720753,-72.301,-39.248
"Directions from San Martín de los Andes, Neuquén Province to Pitrufquén, Chile",,,2.28197970602826,285.29146234410757,-72.301,-39.248
"Directions from San Martín de los Andes, Neuquén Province to Pitrufquén, Chile",,,2.28265238723061,275.57144492914261,-72.302,-39.248
"Directions from San Martín de los Andes, Neuquén Province to Pitrufquén, Chile",,,2.28270238723061,274.89120351572734,-72.302,-39.248
"Directions from San Martín de los Andes, Neuquén Province to Pitrufquén, Chile",,,2.28329094478939,280.88662100535373,-72.303,-39.247
"Directions from San Martín de los Andes, Neuquén Province to Pitrufquén, Chile",,,2.28444615039880,285.96441336167385,-72.304,-39.247
"Directions from San Martín de los Andes, Neuquén Province to Pitrufquén, Chile",,,2.28553118496046,293.25152146058645,-72.305,-39.247
"Directions from San Martín de los Andes, Neuquén Province to Pitrufquén, Chile",,,2.28559826699979,294.40703741721728,-72.305,-39.247
"Directions from San Martín de los Andes, Neuquén Province to Pitrufquén, Chile",,,2.28607366157275,293.09153900214466,-72.305,-39.247
"Directions from San Martín de los Andes, Neuquén Province to Pitrufquén, Chile",,,2.28811958434744,294.72396238706227,-72.307,-39.246
"Directions from San Martín de los Andes, Neuquén Province to Pitrufquén, Chile",,,2.28860712921716,287.48809631705853,-72.308,-39.246
"Directions from San Martín de los Andes, Neuquén Province to Pitrufquén, Chile",,,2.28872878446778,285.00918371436978,-72.308,-39.246
"Directions from San Martín de los Andes, Neuquén Province to Pitrufquén, Chile",,,2.28889966454268,292.60597198290719,-72.308,-39.245
"Directions from San Martín de los Andes, Neuquén Province to Pitrufquén, Chile",,,2.28957085751046,291.54542378346110,-72.309,-39.245
"Directions from San Martín de los Andes, Neuquén Province to Pitrufquén, Chile",,,2.28985546249987,283.28252558935321,-72.309,-39.245
"Directions from San Martín de los Andes, Neuquén Province to Pitrufquén, Chile",,,2.28992617317800,281.08317291185546,-72.309,-39.245
"Directions from San Martín de los Andes, Neuquén Province to Pitrufquén, Chile",,,2.29000863529051,277.01812173396326,-72.309,-39.245
"Directions from San Martín de los Andes, Neuquén Province to Pitrufquén, Chile",,,2.29024863529051,268.53216327682946,-72.309,-39.245
"Directions from San Martín de los Andes, Neuquén Province to Pitrufquén, Chile",,,2.29063914777430,265.88712267406078,-72.310,-39.245
"Directions from San Martín de los Andes, Neuquén Province to Pitrufquén, Chile",,,2.29118145764882,265.76504433717395,-72.310,-39.245
"Directions from San Martín de los Andes, Neuquén Province to Pitrufquén, Chile",,,2.29172229034014,262.75511870528123,-72.311,-39.245
"Directions from San Martín de los Andes, Neuquén Province to Pitrufquén, Chile",,,2.29177328053528,262.35377347942250,-72.311,-39.245
"Directions from San Martín de los Andes, Neuquén Province to Pitrufquén, Chile",,,2.29335710502050,264.58735300760787,-72.312,-39.245
"Directions from San Martín de los Andes, Neuquén Province to Pitrufquén, Chile",,,2.29360889858675,265.11077657035344,-72.313,-39.245
"Directions from San Martín de los Andes, Neuquén Province to Pitrufquén, Chile",,,2.29399941107054,264.46711209893721,-72.313,-39.245
"Directions from San Martín de los Andes, Neuquén Province to Pitrufquén, Chile",,,2.29407012174866,267.61817915378759,-72.313,-39.245
"Directions from San Martín de los Andes, Neuquén Province to Pitrufquén, Chile",,,2.29441070947598,275.94861313685294,-72.313,-39.245
"Directions from San Martín de los Andes, Neuquén Province to Pitrufquén, Chile",,,2.29461294696014,276.64720365137850,-72.314,-39.245
"Directions from San Martín de los Andes, Neuquén Province to Pitrufquén, Chile",,,2.29473336290593,280.57659101250971,-72.314,-39.245
"Directions from San Martín de los Andes, Neuquén Province to Pitrufquén, Chile",,,2.29491056335739,288.82002291998009,-72.314,-39.245
"Directions from San Martín de los Andes, Neuquén Province to Pitrufquén, Chile",,,2.29510369543655,289.84272716542756,-72.314,-39.245
"Directions from San Martín de los Andes, Neuquén Province to Pitrufquén, Chile",,,2.29532505487276,289.81056263191095,-72.314,-39.245
"Directions from San Martín de los Andes, Neuquén Province to Pitrufquén, Chile",,,2.29670856490164,292.62176294534908,-72.316,-39.245
"Directions from San Martín de los Andes, Neuquén Province to Pitrufquén, Chile",,,2.29732183482590,291.49099693294789,-72.316,-39.244
"Directions from San Martín de los Andes, Neuquén Province to Pitrufquén, Chile",,,2.29769183482589,291.06161746423106,-72.316,-39.244
"Directions from San Martín de los Andes, Neuquén Province to Pitrufquén, Chile",,,2.29776799255696,285.48187826601611,-72.317,-39.244
"Directions from San Martín de los Andes, Neuquén Province to Pitrufquén, Chile",,,2.29799002859007,273.88258300954294,-72.317,-39.244
"Directions from San Martín de los Andes, Neuquén Province to Pitrufquén, Chile",,,2.29815002859007,285.80375112277500,-72.317,-39.244
"Directions from San Martín de los Andes, Neuquén Province to Pitrufquén, Chile",,,2.29830267196529,285.80375112277500,-72.317,-39.244
"Directions from San Martín de los Andes, Neuquén Province to Pitrufquén, Chile",,,2.29831267196529,278.67701231871018,-72.317,-39.244
"Directions from San Martín de los Andes, Neuquén Province to Pitrufquén, Chile",,,2.29848030251143,285.01720406442632,-72.317,-39.244
"Directions from San Martín de los Andes, Neuquén Province to Pitrufquén, Chile",,,2.29889030251144,281.57014629204093,-72.318,-39.244
"Directions from San Martín de los Andes, Neuquén Province to Pitrufquén, Chile",,,2.29955128662622,281.39949818552583,-72.318,-39.244
"Directions from San Martín de los Andes, Neuquén Province to Pitrufquén, Chile",,,2.30020642020039,285.38701805032275,-72.319,-39.244
"Directions from San Martín de los Andes, Neuquén Province to Pitrufquén, Chile",,,2.30039615686000,292.50000000128915,-72.319,-39.244
"Directions from San Martín de los Andes, Neuquén Province to Pitrufquén, Chile",,,2.30050796025887,301.05136448642975,-72.319,-39.244
"Directions from San Martín de los Andes, Neuquén Province to Pitrufquén, Chile",,,2.30068000676421,312.86605334912861,-72.319,-39.243
"Directions from San Martín de los Andes, Neuquén Province to Pitrufquén, Chile",,,2.30075810926097,322.60120435249405,-72.319,-39.243
"Directions from San Martín de los Andes, Neuquén Province to Pitrufquén, Chile",,,2.30088017481713,327.02211163508775,-72.319,-39.243
"Directions from San Martín de los Andes, Neuquén Province to Pitrufquén, Chile",,,2.30099679385502,331.23559614692101,-72.319,-39.243
"Directions from San Martín de los Andes, Neuquén Province to Pitrufquén, Chile",,,2.30110859725390,337.84513859905070,-72.320,-39.243
"Directions from San Martín de los Andes, Neuquén Province to Pitrufquén, Chile",,,2.30137108534886,346.42134946918213,-72.320,-39.243
"Directions from San Martín de los Andes, Neuquén Province to Pitrufquén, Chile",,,2.30326660638541,349.34935625983468,-72.320,-39.241
"Directions from San Martín de los Andes, Neuquén Province to Pitrufquén, Chile",,,2.30346077126380,350.20764511822694,-72.320,-39.241
"Directions from San Martín de los Andes, Neuquén Province to Pitrufquén, Chile",,,2.30383413435786,347.38918995230290,-72.320,-39.240
"Directions from San Martín de los Andes, Neuquén Province to Pitrufquén, Chile",,,2.30403338294631,340.04714828543507,-72.320,-39.240
"Directions from San Martín de los Andes, Neuquén Province to Pitrufquén, Chile",,,2.30421723070942,333.68171389198500,-72.320,-39.240
"Directions from San Martín de los Andes, Neuquén Province to Pitrufquén, Chile",,,2.30435615514931,333.56184894472756,-72.320,-39.240
"Directions from San Martín de los Andes, Neuquén Province to Pitrufquén, Chile",,,2.30448615514931,331.34249076007950,-72.320,-39.240
"Directions from San Martín de los Andes, Neuquén Province to Pitrufquén, Chile",,,2.30464426903232,318.90764677368145,-72.320,-39.240
"Directions from San Martín de los Andes, Neuquén Province to Pitrufquén, Chile",,,2.30480705723828,310.03951955448042,-72.320,-39.240
"Directions from San Martín de los Andes, Neuquén Province to Pitrufquén, Chile",,,2.30497106943295,312.64745151141966,-72.321,-39.240
"Directions from San Martín de los Andes, Neuquén Province to Pitrufquén, Chile",,,2.30511973012042,322.01812173027895,-72.321,-39.239
"Directions from San Martín de los Andes, Neuquén Province to Pitrufquén, Chile",,,2.30515578563318,320.65496623896735,-72.321,-39.239
"Directions from San Martín de los Andes, Neuquén Province to Pitrufquén, Chile",,,2.30518406990442,318.56250817797394,-72.321,-39.239
"Directions from San Martín de los Andes, Neuquén Province to Pitrufquén, Chile",,,2.30529808744694,318.56250817288509,-72.321,-39.239
"Directions from San Martín de los Andes, Neuquén Province to Pitrufquén, Chile",,,2.30542536666755,308.86761313722957,-72.321,-39.239
"Directions from San Martín de los Andes, Neuquén Province to Pitrufquén, Chile",,,2.30559179983731,286.36761313722957,-72.321,-39.239
"Directions from San Martín de los Andes, Neuquén Province to Pitrufquén, Chile",,,2.30560179983732,286.84503376205043,-72.321,-39.239
"Directions from San Martín de los Andes, Neuquén Province to Pitrufquén, Chile",,,2.30578207740109,294.47259311467542,-72.321,-39.239
"Directions from San Martín de los Andes, Neuquén Province to Pitrufquén, Chile",,,2.30589609494360,294.97513611693921,-72.321,-39.239
"Directions from San Martín de los Andes, Neuquén Province to Pitrufquén, Chile",,,2.30605420882661,307.64822408753491,-72.321,-39.239
"Directions from San Martín de los Andes, Neuquén Province to Pitrufquén, Chile",,,2.30614640427118,322.01812173519056,-72.322,-39.239
"Directions from San Martín de los Andes, Neuquén Province to Pitrufquén, Chile",,,2.30632528970938,343.15496623657953,-72.322,-39.239
"Directions from San Martín de los Andes, Neuquén Province to Pitrufquén, Chile",,,2.30640591228687,356.43749182460965,-72.322,-39.239
"Directions from San Martín de los Andes, Neuquén Province to Pitrufquén, Chile",,,2.30644591228687,4.06505117850287,-72.322,-39.239
"Directions from San Martín de los Andes, Neuquén Province to Pitrufquén, Chile",,,2.30658733364310,16.57349791621566,-72.322,-39.238
"Directions from San Martín de los Andes, Neuquén Province to Pitrufquén, Chile",,,2.30675286309667,34.23436788825352,-72.322,-39.238
"Directions from San Martín de los Andes, Neuquén Province to Pitrufquén, Chile",,,2.30727631318981,40.16086997509118,-72.321,-39.238
"Directions from San Martín de los Andes, Neuquén Province to Pitrufquén, Chile",,,2.30737631318981,40.93494880419491,-72.321,-39.238
"Directions from San Martín de los Andes, Neuquén Province to Pitrufquén, Chile",,,2.30739045532542,34.72197737027097,-72.321,-39.238
"Directions from San Martín de los Andes, Neuquén Province to Pitrufquén, Chile",,,2.30751128578516,17.87694362920246,-72.321,-39.238
"Directions from San Martín de los Andes, Neuquén Province to Pitrufquén, Chile",,,2.30756227598030,5.65496623857591,-72.321,-39.238
"Directions from San Martín de los Andes, Neuquén Province to Pitrufquén, Chile",,,2.30761227598029,2.85529656955598,-72.321,-39.238
"Directions from San Martín de los Andes, Neuquén Province to Pitrufquén, Chile",,,2.30771277473651,353.63782215605943,-72.321,-39.237
"Directions from San Martín de los Andes, Neuquén Province to Pitrufquén, Chile",,,2.30774439751311,346.40944445687313,-72.321,-39.237
"Directions from San Martín de los Andes, Neuquén Province to Pitrufquén, Chile",,,2.30787592697749,342.34439327775954,-72.321,-39.237
"Directions from San Martín de los Andes, Neuquén Province to Pitrufquén, Chile",,,2.30792064833704,338.74477645462406,-72.321,-39.237
"Directions from San Martín de los Andes, Neuquén Province to Pitrufquén, Chile",,,2.30799344943594,336.02461044593701,-72.321,-39.237
"Directions from San Martín de los Andes, Neuquén Province to Pitrufquén, Chile",,,2.30808778924725,321.49730839361393,-72.321,-39.237
"Directions from San Martín de los Andes, Neuquén Province to Pitrufquén, Chile",,,2.30811607351850,324.21747440230104,-72.321,-39.237
"Directions from San Martín de los Andes, Neuquén Province to Pitrufquén, Chile",,,2.30813843419828,327.07277097694589,-72.321,-39.237
"Directions from San Martín de los Andes, Neuquén Province to Pitrufquén, Chile",,,2.30828056090232,340.35529656955600,-72.321,-39.237
"Directions from San Martín de los Andes, Neuquén Province to Pitrufquén, Chile",,,2.30829056090231,328.28252559668124,-72.321,-39.237
"Directions from San Martín de los Andes, Neuquén Province to Pitrufquén, Chile",,,2.30831292158208,303.46479388252084,-72.321,-39.237
"Directions from San Martín de los Andes, Neuquén Province to Pitrufquén, Chile",,,2.30857540967705,307.02730204909051,-72.321,-39.237
"Directions from San Martín de los Andes, Neuquén Province to Pitrufquén, Chile",,,2.30879174275358,301.71747441151319,-72.322,-39.237
"Directions from San Martín de los Andes, Neuquén Province to Pitrufquén, Chile",,,2.30903361048602,295.99695247694058,-72.322,-39.237
"Directions from San Martín de los Andes, Neuquén Province to Pitrufquén, Chile",,,2.30927130777250,289.83349722474401,-72.322,-39.236
"Directions from San Martín de los Andes, Neuquén Province to Pitrufquén, Chile",,,2.30980581689311,286.33654474779041,-72.323,-39.236
"Directions from San Martín de los Andes, Neuquén Province to Pitrufquén, Chile",,,2.31026188706314,284.02969238460793,-72.323,-39.236
"Directions from San Martín de los Andes, Neuquén Province to Pitrufquén, Chile",,,2.31048749734660,280.28471604197210,-72.323,-39.236
"Directions from San Martín de los Andes, Neuquén Province to Pitrufquén, Chile",,,2.31093156941282,273.88258300908882,-72.324,-39.236
"Directions from San Martín de los Andes, Neuquén Province to Pitrufquén, Chile",,,2.31095156941282,279.21747440942545,-72.324,-39.236
"Directions from San Martín de los Andes, Neuquén Province to Pitrufquén, Chile",,,2.31098319218942,282.30256195733705,-72.324,-39.236
"Directions from San Martín de los Andes, Neuquén Province to Pitrufquén, Chile",,,2.31135534807074,272.19013224351050,-72.324,-39.236
"Directions from San Martín de los Andes, Neuquén Province to Pitrufquén, Chile",,,2.31167550428262,266.24974812805840,-72.324,-39.236
"Directions from San Martín de los Andes, Neuquén Province to Pitrufquén, Chile",,,2.31177600303883,269.34405610911904,-72.325,-39.236
"Directions from San Martín de los Andes, Neuquén Province to Pitrufquén, Chile",,,2.31190638708693,272.19935267665960,-72.325,-39.236
"Directions from San Martín de los Andes, Neuquén Province to Pitrufquén, Chile",,,2.31216638708693,271.36315549741363,-72.325,-39.236
"Directions from San Martín de los Andes, Neuquén Province to Pitrufquén, Chile",,,2.31237662504734,316.36315549741369,-72.325,-39.236
"Directions from San Martín de los Andes, Neuquén Province to Pitrufquén, Chile",,,2.31238662504734,320.94432901949000,-72.325,-39.236
"Directions from San Martín de los Andes, Neuquén Province to Pitrufquén, Chile",,,2.31258078992573,283.91702697071958,-72.325,-39.236
"Directions from San Martín de los Andes, Neuquén Province to Pitrufquén, Chile",,,2.31279919322241,290.57325977373642,-72.326,-39.236
"Directions from San Martín de los Andes, Neuquén Province to Pitrufquén, Chile",,,2.31298707616468,298.08244008814449,-72.326,-39.236
"Directions from San Martín de los Andes, Neuquén Province to Pitrufquén, Chile",,,2.31316200472153,312.04692944230851,-72.326,-39.236
"Directions from San Martín de los Andes, Neuquén Province to Pitrufquén, Chile",,,2.31326200472154,320.74828150894734,-72.326,-39.236
"Directions from San Martín de los Andes, Neuquén Province to Pitrufquén, Chile",,,2.31338242066732,322.33819656928659,-72.326,-39.236
"Directions from San Martín de los Andes, Neuquén Province to Pitrufquén, Chile",,,2.31345453169283,329.06567118148581,-72.326,-39.235
"Directions from San Martín de los Andes, Neuquén Province to Pitrufquén, Chile",,,2.31377217929632,323.41070496483127,-72.326,-39.235
"Directions from San Martín de los Andes, Neuquén Province to Pitrufquén, Chile",,,2.31378632143193,325.75071718195881,-72.326,-39.235
"Directions from San Martín de los Andes, Neuquén Province to Pitrufquén, Chile",,,2.31428791888009,338.75690511761348,-72.326,-39.235
"Directions from San Martín de los Andes, Neuquén Province to Pitrufquén, Chile",,,2.31625494709545,342.03157583904203,-72.327,-39.233
"Directions from San Martín de los Andes, Neuquén Province to Pitrufquén, Chile",,,2.31735262646576,338.24286231077730,-72.327,-39.232
"Directions from San Martín de los Andes, Neuquén Province to Pitrufquén, Chile",,,2.31737498714553,338.92106895791818,-72.327,-39.232
"Directions from San Martín de los Andes, Neuquén Province to Pitrufquén, Chile",,,2.31826784771695,345.93919067583647,-72.328,-39.231
"Directions from San Martín de los Andes, Neuquén Province to Pitrufquén, Chile",,,2.31845223860610,345.76289819489506,-72.328,-39.231
"Directions from San Martín de los Andes, Neuquén Province to Pitrufquén, Chile",,,2.31881624410056,345.76289819489506,-72.328,-39.230
"Directions from San Martín de los Andes, Neuquén Province to Pitrufquén, Chile",,,2.31900063498971,345.54082597858149,-72.328,-39.230
"Directions from San Martín de los Andes, Neuquén Province to Pitrufquén, Chile",,,2.31917783544118,345.18496987545768,-72.328,-39.230
"Directions from San Martín de los Andes, Neuquén Province to Pitrufquén, Chile",,,2.31935247793314,353.37974004253988,-72.328,-39.230
"Directions from San Martín de los Andes, Neuquén Province to Pitrufquén, Chile",,,2.31936247793314,352.78961343618215,-72.328,-39.230
"Directions from San Martín de los Andes, Neuquén Province to Pitrufquén, Chile",,,2.31972386415313,352.78961343618215,-72.328,-39.230
"Directions from San Martín de los Andes, Neuquén Province to Pitrufquén, Chile",,,2.31975386415313,346.71747441281804,-72.328,-39.229
"Directions from San Martín de los Andes, Neuquén Province to Pitrufquén, Chile",,,2.31982094619246,340.45307055632645,-72.328,-39.229
"Directions from San Martín de los Andes, Neuquén Province to Pitrufquén, Chile",,,2.31991314163703,331.23559614350842,-72.328,-39.229
"Directions from San Martín de los Andes, Neuquén Province to Pitrufquén, Chile",,,2.31992728377266,329.52730205261111,-72.328,-39.229
"Directions from San Martín de los Andes, Neuquén Province to Pitrufquén, Chile",,,2.32000008487155,340.42800679648889,-72.328,-39.229
"Directions from San Martín de los Andes, Neuquén Province to Pitrufquén, Chile",,,2.32007624260260,332.91882647679341,-72.328,-39.229
"Directions from San Martín de los Andes, Neuquén Province to Pitrufquén, Chile",,,2.32030948067840,325.18821760686342,-72.328,-39.229
"Directions from San Martín de los Andes, Neuquén Province to Pitrufquén, Chile",,,2.32050157440552,323.82506211033171,-72.328,-39.229
"Directions from San Martín de los Andes, Neuquén Province to Pitrufquén, Chile",,,2.32068185196930,320.65496624147272,-72.328,-39.229
"Directions from San Martín de los Andes, Neuquén Province to Pitrufquén, Chile",,,2.32071013624054,320.65496624131606,-72.328,-39.229
"Directions from San Martín de los Andes, Neuquén Province to Pitrufquén, Chile",,,2.32099858034258,323.82506211017511,-72.329,-39.228
"Directions from San Martín de los Andes, Neuquén Province to Pitrufquén, Chile",,,2.32106261158495,331.45262146045138,-72.329,-39.228
"Directions from San Martín de los Andes, Neuquén Province to Pitrufquén, Chile",,,2.32109423436156,332.82766404718456,-72.329,-39.228
"Directions from San Martín de los Andes, Neuquén Province to Pitrufquén, Chile",,,2.32145228463735,325.80954231633450,-72.329,-39.228
"Directions from San Martín de los Andes, Neuquén Province to Pitrufquén, Chile",,,2.32158266868545,325.99556495921917,-72.329,-39.228
"Directions from San Martín de los Andes, Neuquén Province to Pitrufquén, Chile",,,2.32227085470683,325.86354796765897,-72.329,-39.227
"Directions from San Martín de los Andes, Neuquén Province to Pitrufquén, Chile",,,2.32243728787660,325.19743804103547,-72.329,-39.227
"Directions from San Martín de los Andes, Neuquén Province to Pitrufquén, Chile",,,2.32273728787660,328.28252560061657,-72.330,-39.227
"Directions from San Martín de los Andes, Neuquén Province to Pitrufquén, Chile",,,2.32275964855637,324.21747442028180,-72.330,-39.227
"Directions from San Martín de los Andes, Neuquén Province to Pitrufquén, Chile",,,2.32280207496325,318.17009586989337,-72.330,-39.227
"Directions from San Martín de los Andes, Neuquén Province to Pitrufquén, Chile",,,2.32299416869036,295.67009587328596,-72.330,-39.227
"Directions from San Martín de los Andes, Neuquén Province to Pitrufquén, Chile",,,2.32300416869037,292.80802995451961,-72.330,-39.227
"Directions from San Martín de los Andes, Neuquén Province to Pitrufquén, Chile",,,2.32366181601226,314.47386123011989,-72.330,-39.226
"Directions from San Martín de los Andes, Neuquén Province to Pitrufquén, Chile",,,2.32439044486155,310.40392105616701,-72.331,-39.226
"Directions from San Martín de los Andes, Neuquén Province to Pitrufquén, Chile",,,2.32476846602497,311.23808979074448,-72.331,-39.226
"Directions from San Martín de los Andes, Neuquén Province to Pitrufquén, Chile",,,2.32479675029622,310.72222088820314,-72.331,-39.226
"Directions from San Martín de los Andes, Neuquén Province to Pitrufquén, Chile",,,2.32560477257314,297.43969529355752,-72.332,-39.225
"Directions from San Martín de los Andes, Neuquén Province to Pitrufquén, Chile",,,2.32563639534974,294.58521826629442,-72.332,-39.225
"Directions from San Martín de los Andes, Neuquén Province to Pitrufquén, Chile",,,2.32606686021474,307.86774384058458,-72.332,-39.225
"Directions from San Martín de los Andes, Neuquén Province to Pitrufquén, Chile",,,2.32608100235036,308.45007844874709,-72.332,-39.225
"Directions from San Martín de los Andes, Neuquén Province to Pitrufquén, Chile",,,2.32723534198843,299.23260404746395,-72.333,-39.224
"Directions from San Martín de los Andes, Neuquén Province to Pitrufquén, Chile",,,2.32736950606707,300.47269795080706,-72.333,-39.224
"Directions from San Martín de los Andes, Neuquén Province to Pitrufquén, Chile",,,2.32759972335574,306.83487579452600,-72.333,-39.224
"Directions from San Martín de los Andes, Neuquén Province to Pitrufquén, Chile",,,2.32774185005977,312.14470343225787,-72.334,-39.224
"Directions from San Martín de los Andes, Neuquén Province to Pitrufquén, Chile",,,2.32786912928038,318.56250817288509,-72.334,-39.224
"Directions from San Martín de los Andes, Neuquén Province to Pitrufquén, Chile",,,2.32798314682290,328.84053078225855,-72.334,-39.224
"Directions from San Martín de los Andes, Neuquén Province to Pitrufquén, Chile",,,2.32834563820211,347.77802260937352,-72.334,-39.223
"Directions from San Martín de los Andes, Neuquén Province to Pitrufquén, Chile",,,2.32835563820210,348.53394978129450,-72.334,-39.223
"Directions from San Martín de los Andes, Neuquén Province to Pitrufquén, Chile",,,2.32892026197064,334.00664773137186,-72.334,-39.223
"Directions from San Martín de los Andes, Neuquén Province to Pitrufquén, Chile",,,2.32902321827206,334.41797377831665,-72.334,-39.223
"Directions from San Martín de los Andes, Neuquén Province to Pitrufquén, Chile",,,2.33040481155519,337.07052858184005,-72.335,-39.222
"Directions from San Martín de los Andes, Neuquén Province to Pitrufquén, Chile",,,2.33149733157789,329.18776092648585,-72.335,-39.221
"Directions from San Martín de los Andes, Neuquén Province to Pitrufquén, Chile",,,2.33161134912040,319.38079669395910,-72.335,-39.220
"Directions from San Martín de los Andes, Neuquén Province to Pitrufquén, Chile",,,2.33185893748846,311.19523214863557,-72.335,-39.220
"Directions from San Martín de los Andes, Neuquén Province to Pitrufquén, Chile",,,2.33216699592447,307.20684775444113,-72.336,-39.220
"Directions from San Martín de los Andes, Neuquén Province to Pitrufquén, Chile",,,2.33235908965160,302.61242971541856,-72.336,-39.220
"Directions from San Martín de los Andes, Neuquén Province to Pitrufquén, Chile",,,2.33240381101115,300.12755935152887,-72.336,-39.220
"Directions from San Martín de los Andes, Neuquén Province to Pitrufquén, Chile",,,2.33254803306216,305.99011535931987,-72.336,-39.220
"Directions from San Martín de los Andes, Neuquén Province to Pitrufquén, Chile",,,2.33279010743091,313.84443427286982,-72.336,-39.220
"Directions from San Martín de los Andes, Neuquén Province to Pitrufquén, Chile",,,2.33288230287548,317.19935267823615,-72.336,-39.220
"Directions from San Martín de los Andes, Neuquén Province to Pitrufquén, Chile",,,2.33296715568922,320.65496623766256,-72.336,-39.220
"Directions from San Martín de los Andes, Neuquén Province to Pitrufquén, Chile",,,2.33307532222748,329.87244064742725,-72.336,-39.220
"Directions from San Martín de los Andes, Neuquén Province to Pitrufquén, Chile",,,2.33316476494658,346.71747441146107,-72.336,-39.219
"Directions from San Martín de los Andes, Neuquén Province to Pitrufquén, Chile",,,2.33318476494658,343.15496623387844,-72.336,-39.219
"Directions from San Martín de los Andes, Neuquén Province to Pitrufquén, Chile",,,2.33322082045934,334.60360174957231,-72.336,-39.219
"Directions from San Martín de los Andes, Neuquén Province to Pitrufquén, Chile",,,2.33335683516442,340.54793077672946,-72.336,-39.219
"Directions from San Martín de los Andes, Neuquén Province to Pitrufquén, Chile",,,2.33341068681249,342.53228410717247,-72.336,-39.219
"Directions from San Martín de los Andes, Neuquén Province to Pitrufquén, Chile",,,2.33371874524851,340.15046326981127,-72.336,-39.219
"Directions from San Martín de los Andes, Neuquén Province to Pitrufquén, Chile",,,2.33374110592828,339.69935268761571,-72.336,-39.219
"Directions from San Martín de los Andes, Neuquén Province to Pitrufquén, Chile",,,2.33390603015331,348.91682709093442,-72.336,-39.219
"Directions from San Martín de los Andes, Neuquén Province to Pitrufquén, Chile",,,2.33397674083142,348.17289332838271,-72.336,-39.219
"Directions from San Martín de los Andes, Neuquén Province to Pitrufquén, Chile",,,2.33416355624835,346.58297826281364,-72.337,-39.218
"Directions from San Martín de los Andes, Neuquén Province to Pitrufquén, Chile",,,2.33426553663862,341.06250816881402,-72.337,-39.218
"Directions from San Martín de los Andes, Neuquén Province to Pitrufquén, Chile",,,2.33428789731840,339.98487036007572,-72.337,-39.218
"Directions from San Martín de los Andes, Neuquén Province to Pitrufquén, Chile",,,2.33501796580833,347.46823014624010,-72.337,-39.218
"Directions from San Martín de los Andes, Neuquén Province to Pitrufquén, Chile",,,2.33735569975385,354.20083419355433,-72.337,-39.215
"Directions from San Martín de los Andes, Neuquén Province to Pitrufquén, Chile",,,2.33737569975385,352.53429141110018,-72.337,-39.215
"Directions from San Martín de los Andes, Neuquén Province to Pitrufquén, Chile",,,2.33753094150081,352.53429141110018,-72.337,-39.215
"Directions from San Martín de los Andes, Neuquén Province to Pitrufquén, Chile",,,2.33756094150081,353.18650256910092,-72.337,-39.215
"Directions from San Martín de los Andes, Neuquén Province to Pitrufquén, Chile",,,2.33790050003774,353.18650256910092,-72.337,-39.215
"Directions from San Martín de los Andes, Neuquén Province to Pitrufquén, Chile",,,2.33792050003774,354.34503376403370,-72.337,-39.215
"Directions from San Martín de los Andes, Neuquén Province to Pitrufquén, Chile",,,2.33807347062315,345.12755934850173,-72.337,-39.215
"Directions from San Martín de los Andes, Neuquén Province to Pitrufquén, Chile",,,2.33810509339975,344.10485510319165,-72.337,-39.215
"Directions from San Martín de los Andes, Neuquén Province to Pitrufquén, Chile",,,2.33953372911258,348.59116841324391,-72.338,-39.213
"Directions from San Martín de los Andes, Neuquén Province to Pitrufquén, Chile",,,2.33971621198849,355.26883889452012,-72.338,-39.213
"Directions from San Martín de los Andes, Neuquén Province to Pitrufquén, Chile",,,2.33975621198849,353.95262146248689,-72.338,-39.213
"Directions from San Martín de los Andes, Neuquén Province to Pitrufquén, Chile",,,2.33989939019913,353.95262146248689,-72.338,-39.213
"Directions from San Martín de los Andes, Neuquén Province to Pitrufquén, Chile",,,2.33992939019913,356.94224821729370,-72.338,-39.213
"Directions from San Martín de los Andes, Neuquén Province to Pitrufquén, Chile",,,2.34021099275593,356.94224821729370,-72.338,-39.213
"Directions from San Martín de los Andes, Neuquén Province to Pitrufquén, Chile",,,2.34045099275594,1.73411462878812,-72.338,-39.212
"Directions from San Martín de los Andes, Neuquén Province to Pitrufquén, Chile",,,2.34078159826103,15.01664022139823,-72.338,-39.212
"Directions from San Martín de los Andes, Neuquén Province to Pitrufquén, Chile",,,2.34080395894081,13.28252559261011,-72.338,-39.212
"Directions from San Martín de los Andes, Neuquén Province to Pitrufquén, Chile",,,2.34098395894081,3.17009587394791,-72.338,-39.212
"Directions from San Martín de los Andes, Neuquén Province to Pitrufquén, Chile",,,2.34116506664357,13.06223522573246,-72.338,-39.212
"Directions from San Martín de los Andes, Neuquén Province to Pitrufquén, Chile",,,2.34264225992814,23.17466494439466,-72.337,-39.210
"Directions from San Martín de los Andes, Neuquén Province to Pitrufquén, Chile",,,2.34266462060792,22.50000000474964,-72.337,-39.210
"Directions from San Martín de los Andes, Neuquén Province to Pitrufquén, Chile",,,2.34285435726753,19.55951454622423,-72.337,-39.210
"Directions from San Martín de los Andes, Neuquén Province to Pitrufquén, Chile",,,2.34390187815038,19.34412093697236,-72.337,-39.209
"Directions from San Martín de los Andes, Neuquén Province to Pitrufquén, Chile",,,2.34432247296727,19.19029840958681,-72.337,-39.209
"Directions from San Martín de los Andes, Neuquén Province to Pitrufquén, Chile",,,2.34469583606133,18.86522992540936,-72.337,-39.208
"Directions from San Martín de los Andes, Neuquén Province to Pitrufquén, Chile",,,2.34486346660747,23.80523089910371,-72.336,-39.208
"Directions from San Martín de los Andes, Neuquén Province to Pitrufquén, Chile",,,2.34500239104736,35.58541019045775,-72.336,-39.208
"Directions from San Martín de los Andes, Neuquén Province to Pitrufquén, Chile",,,2.34520088537977,49.45450000510764,-72.336,-39.208
"Directions from San Martín de los Andes, Neuquén Province to Pitrufquén, Chile",,,2.34529522519109,55.98362170260162,-72.336,-39.208
"Directions from San Martín de los Andes, Neuquén Province to Pitrufquén, Chile",,,2.34543123989618,61.08560856508424,-72.336,-39.208
"Directions from San Martín de los Andes, Neuquén Province to Pitrufquén, Chile",,,2.34548509154426,65.44950915174256,-72.336,-39.208
"Directions from San Martín de los Andes, Neuquén Province to Pitrufquén, Chile",,,2.34583394681511,61.28289264813056,-72.336,-39.208
"Directions from San Martín de los Andes, Neuquén Province to Pitrufquén, Chile",,,2.34820430543776,58.15962446203368,-72.334,-39.206
"Directions from San Martín de los Andes, Neuquén Province to Pitrufquén, Chile",,,2.34930816231254,50.72694570472702,-72.333,-39.206
"Directions from San Martín de los Andes, Neuquén Province to Pitrufquén, Chile",,,2.34935058871941,49.93290346842972,-72.333,-39.206
"Directions from San Martín de los Andes, Neuquén Province to Pitrufquén, Chile",,,2.34968074019980,51.83994088824694,-72.332,-39.206
"Directions from San Martín de los Andes, Neuquén Province to Pitrufquén, Chile",,,2.34999964457417,50.75506327798780,-72.332,-39.205
"Directions from San Martín de los Andes, Neuquén Province to Pitrufquén, Chile",,,2.35026365214983,48.84802586156318,-72.332,-39.205
"Directions from San Martín de los Andes, Neuquén Province to Pitrufquén, Chile",,,2.35033436282795,47.19935267717846,-72.332,-39.205
"Directions from San Martín de los Andes, Neuquén Province to Pitrufquén, Chile",,,2.35061094916167,45.69295892564910,-72.332,-39.205
"Directions from San Martín de los Andes, Neuquén Province to Pitrufquén, Chile",,,2.35074548540214,39.00729294058233,-72.332,-39.205
"Directions from San Martín de los Andes, Neuquén Province to Pitrufquén, Chile",,,2.35088150010722,33.89342673421776,-72.332,-39.205
"Directions from San Martín de los Andes, Neuquén Province to Pitrufquén, Chile",,,2.35112848188793,29.16226563180824,-72.331,-39.205
"Directions from San Martín de los Andes, Neuquén Province to Pitrufquén, Chile",,,2.35128500664636,22.49999999302096,-72.331,-39.204
"Directions from San Martín de los Andes, Neuquén Province to Pitrufquén, Chile",,,2.35131662942295,23.52270423733862,-72.331,-39.204
"Directions from San Martín de los Andes, Neuquén Province to Pitrufquén, Chile",,,2.35144192906381,23.52270424751641,-72.331,-39.204
"Directions from San Martín de los Andes, Neuquén Province to Pitrufquén, Chile",,,2.35150517461702,21.72592115172937,-72.331,-39.204
"Directions from San Martín de los Andes, Neuquén Province to Pitrufquén, Chile",,,2.35167070407059,35.00844674841059,-72.331,-39.204
"Directions from San Martín de los Andes, Neuquén Province to Pitrufquén, Chile",,,2.35168484620622,34.31468887450508,-72.331,-39.204
"Directions from San Martín de los Andes, Neuquén Province to Pitrufquén, Chile",,,2.35185948869818,34.31468886432732,-72.331,-39.204
"Directions from San Martín de los Andes, Neuquén Province to Pitrufquén, Chile",,,2.35187363083381,32.22001741496496,-72.331,-39.204
"Directions from San Martín de los Andes, Neuquén Province to Pitrufquén, Chile",,,2.35205390839758,9.72001741496494,-72.331,-39.204
"Directions from San Martín de los Andes, Neuquén Province to Pitrufquén, Chile",,,2.35206390839758,7.71108065909943,-72.331,-39.204
"Directions from San Martín de los Andes, Neuquén Province to Pitrufquén, Chile",,,2.35236474057671,7.71108065909943,-72.331,-39.203
"Directions from San Martín de los Andes, Neuquén Province to Pitrufquén, Chile",,,2.35245474057671,356.20267831445983,-72.331,-39.203
"Directions from San Martín de los Andes, Neuquén Province to Pitrufquén, Chile",,,2.35260606803622,347.52566599842993,-72.331,-39.203
"Directions from San Martín de los Andes, Neuquén Province to Pitrufquén, Chile",,,2.35277369858236,351.32298768397004,-72.331,-39.203
"Directions from San Martín de los Andes, Neuquén Province to Pitrufquén, Chile",,,2.35279369858235,351.80522983259368,-72.331,-39.203
"Directions from San Martín de los Andes, Neuquén Province to Pitrufquén, Chile",,,2.35297089903382,351.80522983259368,-72.331,-39.203
"Directions from San Martín de los Andes, Neuquén Province to Pitrufquén, Chile",,,2.35300089903382,350.78252558813188,-72.331,-39.203
"Directions from San Martín de los Andes, Neuquén Province to Pitrufquén, Chile",,,2.35315901291683,337.49999999959283,-72.331,-39.203
"Directions from San Martín de los Andes, Neuquén Province to Pitrufquén, Chile",,,2.35318137359661,338.16610992715482,-72.331,-39.203
"Directions from San Martín de los Andes, Neuquén Province to Pitrufquén, Chile",,,2.35331738830170,351.44863551569387,-72.331,-39.202
"Directions from San Martín de los Andes, Neuquén Province to Pitrufquén, Chile",,,2.35333738830170,351.86989764568119,-72.331,-39.202
"Directions from San Martín de los Andes, Neuquén Province to Pitrufquén, Chile",,,2.35383738830169,345.73751078158801,-72.331,-39.202
"Directions from San Martín de los Andes, Neuquén Province to Pitrufquén, Chile",,,2.35407276034761,345.89491518513813,-72.331,-39.202
"Directions from San Martín de los Andes, Neuquén Province to Pitrufquén, Chile",,,2.35443676584208,345.40704209203813,-72.332,-39.201
"Directions from San Martín de los Andes, Neuquén Province to Pitrufquén, Chile",,,2.35461140833404,344.78046943282652,-72.332,-39.201
"Directions from San Martín de los Andes, Neuquén Province to Pitrufquén, Chile",,,2.35505106729278,345.74576315535830,-72.332,-39.201
"Directions from San Martín de los Andes, Neuquén Province to Pitrufquén, Chile",,,2.35515304768306,352.43799634756294,-72.332,-39.201
"Directions from San Martín de los Andes, Neuquén Province to Pitrufquén, Chile",,,2.35530338064684,358.09296258222435,-72.332,-39.201
"Directions from San Martín de los Andes, Neuquén Province to Pitrufquén, Chile",,,2.35588338064684,1.58991505930579,-72.332,-39.200
"Directions from San Martín de los Andes, Neuquén Province to Pitrufquén, Chile",,,2.35624393577438,358.82614498389739,-72.332,-39.200
"Directions from San Martín de los Andes, Neuquén Province to Pitrufquén, Chile",,,2.35655538400443,350.61596996739837,-72.332,-39.199
"Directions from San Martín de los Andes, Neuquén Province to Pitrufquén, Chile",,,2.35673002649640,342.18967251754970,-72.332,-39.199
"Directions from San Martín de los Andes, Neuquén Province to Pitrufquén, Chile",,,2.35691387425950,333.32805420511403,-72.332,-39.199
"Directions from San Martín de los Andes, Neuquén Province to Pitrufquén, Chile",,,2.35697218377846,332.24925749223343,-72.332,-39.199
"Directions from San Martín de los Andes, Neuquén Province to Pitrufquén, Chile",,,2.35747785165364,337.69537282945350,-72.332,-39.198
"Directions from San Martín de los Andes, Neuquén Province to Pitrufquén, Chile",,,2.35803147607507,343.69983321325486,-72.332,-39.198
"Directions from San Martín de los Andes, Neuquén Province to Pitrufquén, Chile",,,2.35821586696422,345.38597402854242,-72.332,-39.198
"Directions from San Martín de los Andes, Neuquén Province to Pitrufquén, Chile",,,2.35852907615948,345.99541164430281,-72.332,-39.197
"Directions from San Martín de los Andes, Neuquén Province to Pitrufquén, Chile",,,2.35858006635462,345.99541164461402,-72.332,-39.197
"Directions from San Martín de los Andes, Neuquén Province to Pitrufquén, Chile",,,2.35931088781024,341.02512512951415,-72.333,-39.197
"Directions from San Martín de los Andes, Neuquén Province to Pitrufquén, Chile",,,2.36008341612688,337.03631566124159,-72.333,-39.196
"Directions from San Martín de los Andes, Neuquén Province to Pitrufquén, Chile",,,2.36049060158831,336.68721887313046,-72.333,-39.196
"Directions from San Martín de los Andes, Neuquén Province to Pitrufquén, Chile",,,2.36121295884064,336.95287947810300,-72.333,-39.195
"Directions from San Martín de los Andes, Neuquén Province to Pitrufquén, Chile",,,2.36153076381228,332.79901043840653,-72.333,-39.195
"Directions from San Martín de los Andes, Neuquén Province to Pitrufquén, Chile",,,2.36194753713196,328.31611043800660,-72.334,-39.194
"Directions from San Martín de los Andes, Neuquén Province to Pitrufquén, Chile",,,2.36249671834068,325.52550254251605,-72.334,-39.194
"Directions from San Martín de los Andes, Neuquén Province to Pitrufquén, Chile",,,2.36271875437379,325.44372953067801,-72.334,-39.194
"Directions from San Martín de los Andes, Neuquén Province to Pitrufquén, Chile",,,2.36310150755797,320.86255600765196,-72.334,-39.193
"Directions from San Martín de los Andes, Neuquén Province to Pitrufquén, Chile",,,2.36312979182922,321.13238686343180,-72.334,-39.193
"Directions from San Martín de los Andes, Neuquén Province to Pitrufquén, Chile",,,2.36329622499899,324.55377357000413,-72.334,-39.193
"Directions from San Martín de los Andes, Neuquén Province to Pitrufquén, Chile",,,2.36365231487529,319.92778045810167,-72.335,-39.193
"Directions from San Martín de los Andes, Neuquén Province to Pitrufquén, Chile",,,2.36378685111575,315.20511265078306,-72.335,-39.193
"Directions from San Martín de los Andes, Neuquén Province to Pitrufquén, Chile",,,2.36440974757585,310.04583913154499,-72.335,-39.192
"Directions from San Martín de los Andes, Neuquén Province to Pitrufquén, Chile",,,2.36468777635134,309.14776755635006,-72.335,-39.192
"Directions from San Martín de los Andes, Neuquén Province to Pitrufquén, Chile",,,2.36487216724048,308.93384827432806,-72.336,-39.192
"Directions from San Martín de los Andes, Neuquén Province to Pitrufquén, Chile",,,2.36545018108115,308.18013039314445,-72.336,-39.192
"Directions from San Martín de los Andes, Neuquén Province to Pitrufquén, Chile",,,2.36586249164371,306.39196320743099,-72.336,-39.191
"Directions from San Martín de los Andes, Neuquén Province to Pitrufquén, Chile",,,2.36589854715646,307.00208384476088,-72.336,-39.191
"Directions from San Martín de los Andes, Neuquén Province to Pitrufquén, Chile",,,2.36633132885663,312.65705008020518,-72.337,-39.191
"Directions from San Martín de los Andes, Neuquén Province to Pitrufquén, Chile",,,2.36658588729786,317.19935267653983,-72.337,-39.191
"Directions from San Martín de los Andes, Neuquén Province to Pitrufquén, Chile",,,2.36667808274244,326.41682710021422,-72.337,-39.191
"Directions from San Martín de los Andes, Neuquén Province to Pitrufquén, Chile",,,2.36670044342221,329.36989765789451,-72.337,-39.191
"Directions from San Martín de los Andes, Neuquén Province to Pitrufquén, Chile",,,2.36685855730521,342.65242323422012,-72.337,-39.191
"Directions from San Martín de los Andes, Neuquén Province to Pitrufquén, Chile",,,2.36686855730522,342.65242323422012,-72.337,-39.191
"Directions from San Martín de los Andes, Neuquén Province to Pitrufquén, Chile",,,2.36702667118822,332.13366772108958,-72.337,-39.191
"Directions from San Martín de los Andes, Neuquén Province to Pitrufquén, Chile",,,2.36716595507100,344.75008338274654,-72.337,-39.191
"Directions from San Martín de los Andes, Neuquén Province to Pitrufquén, Chile",,,2.36747009319751,353.22603050516642,-72.337,-39.190
"Directions from San Martín de los Andes, Neuquén Province to Pitrufquén, Chile",,,2.36761044988599,358.53781256335520,-72.337,-39.190
"Directions from San Martín de los Andes, Neuquén Province to Pitrufquén, Chile",,,2.36909075390881,3.49379196894454,-72.337,-39.189
"Directions from San Martín de los Andes, Neuquén Province to Pitrufquén, Chile",,,2.36958329832305,9.17757487137014,-72.337,-39.188
"Directions from San Martín de los Andes, Neuquén Province to Pitrufquén, Chile",,,2.36967549376763,9.70526567183687,-72.337,-39.188
"Directions from San Martín de los Andes, Neuquén Province to Pitrufquén, Chile",,,2.37084391150115,8.17202291957818,-72.337,-39.187
"Directions from San Martín de los Andes, Neuquén Province to Pitrufquén, Chile",,,2.37114804962766,12.26540518322090,-72.337,-39.187
"Directions from San Martín de los Andes, Neuquén Province to Pitrufquén, Chile",,,2.37141730786802,17.62397341147014,-72.337,-39.186
"Directions from San Martín de los Andes, Neuquén Province to Pitrufquén, Chile",,,2.37266382301033,17.71728868291492,-72.336,-39.185
"Directions from San Martín de los Andes, Neuquén Province to Pitrufquén, Chile",,,2.37277784055284,17.90558195827265,-72.336,-39.185
"Directions from San Martín de los Andes, Neuquén Province to Pitrufquén, Chile",,,2.37286328059029,17.29614434419785,-72.336,-39.185
"Directions from San Martín de los Andes, Neuquén Province to Pitrufquén, Chile",,,2.37294574270280,29.51812171600246,-72.336,-39.185
"Directions from San Martín de los Andes, Neuquén Province to Pitrufquén, Chile",,,2.37295988483842,28.99730837617450,-72.336,-39.185
"Directions from San Martín de los Andes, Neuquén Province to Pitrufquén, Chile",,,2.37322671811970,3.64201182697408,-72.336,-39.185
"Directions from San Martín de los Andes, Neuquén Province to Pitrufquén, Chile",,,2.37332721687592,357.14470343044400,-72.336,-39.184
"Directions from San Martín de los Andes, Neuquén Province to Pitrufquén, Chile",,,2.37342721687591,356.68374269233306,-72.336,-39.184
"Directions from San Martín de los Andes, Neuquén Province to Pitrufquén, Chile",,,2.37386011409235,351.43800418746309,-72.336,-39.184
"Directions from San Martín de los Andes, Neuquén Province to Pitrufquén, Chile",,,2.37413470469670,351.58416562118214,-72.336,-39.184
"Directions from San Martín de los Andes, Neuquén Province to Pitrufquén, Chile",,,2.37422525854809,351.38714059849036,-72.336,-39.184
"Directions from San Martín de los Andes, Neuquén Province to Pitrufquén, Chile",,,2.37449002259398,347.53911473823558,-72.336,-39.183
"Directions from San Martín de los Andes, Neuquén Province to Pitrufquén, Chile",,,2.37469617787526,344.43051378160118,-72.337,-39.183
"Directions from San Martín de los Andes, Neuquén Province to Pitrufquén, Chile",,,2.37524023669561,346.00587198824223,-72.337,-39.183
"Directions from San Martín de los Andes, Neuquén Province to Pitrufquén, Chile",,,2.37550500074151,350.88104679270043,-72.337,-39.182
"Directions from San Martín de los Andes, Neuquén Province to Pitrufquén, Chile",,,2.37581757073367,356.32381032026223,-72.337,-39.182
"Directions from San Martín de los Andes, Neuquén Province to Pitrufquén, Chile",,,2.37585757073367,356.82990412605210,-72.337,-39.182
"Directions from San Martín de los Andes, Neuquén Province to Pitrufquén, Chile",,,2.37594812458505,356.82990412605210,-72.337,-39.182
"Directions from San Martín de los Andes, Neuquén Province to Pitrufquén, Chile",,,2.37603812458505,356.43749182429650,-72.337,-39.182
"Directions from San Martín de los Andes, Neuquén Province to Pitrufquén, Chile",,,2.37611874716253,357.46019606905128,-72.337,-39.182
"Directions from San Martín de los Andes, Neuquén Province to Pitrufquén, Chile",,,2.37639892567706,5.75386534803405,-72.337,-39.181
"Directions from San Martín de los Andes, Neuquén Province to Pitrufquén, Chile",,,2.37658140855297,6.36640506540105,-72.337,-39.181
"Directions from San Martín de los Andes, Neuquén Province to Pitrufquén, Chile",,,2.37693197951583,358.77994739256587,-72.337,-39.181
"Directions from San Martín de los Andes, Neuquén Province to Pitrufquén, Chile",,,2.37703247827204,357.14470343044400,-72.337,-39.181
"Directions from San Martín de los Andes, Neuquén Province to Pitrufquén, Chile",,,2.37712247827204,356.82990412605210,-72.337,-39.181
"Directions from San Martín de los Andes, Neuquén Province to Pitrufquén, Chile",,,2.37730358597480,355.23998906634961,-72.337,-39.181
"Directions from San Martín de los Andes, Neuquén Province to Pitrufquén, Chile",,,2.37784441866612,355.23998906709437,-72.337,-39.180
"Directions from San Martín de los Andes, Neuquén Province to Pitrufquén, Chile",,,2.37838774177441,347.61242972551361,-72.337,-39.179
"Directions from San Martín de los Andes, Neuquén Province to Pitrufquén, Chile",,,2.37841936455101,345.12755936190240,-72.337,-39.179
"Directions from San Martín de los Andes, Neuquén Province to Pitrufquén, Chile",,,2.37862332533155,344.88271155438679,-72.337,-39.179
"Directions from San Martín de los Andes, Neuquén Province to Pitrufquén, Chile",,,2.37899332533155,343.16589637272847,-72.337,-39.179
"Directions from San Martín de los Andes, Neuquén Province to Pitrufquén, Chile",,,2.37938626298564,343.41074417142335,-72.337,-39.179
"Directions from San Martín de los Andes, Neuquén Province to Pitrufquén, Chile",,,2.37948113131544,343.18960695868321,-72.337,-39.178
"Directions from San Martín de los Andes, Neuquén Province to Pitrufquén, Chile",,,2.38020645882768,341.63659341011555,-72.337,-39.178
"Directions from San Martín de los Andes, Neuquén Province to Pitrufquén, Chile",,,2.38061499279199,335.94698645162617,-72.337,-39.177
"Directions from San Martín de los Andes, Neuquén Province to Pitrufquén, Chile",,,2.38077151755042,332.14343848740970,-72.338,-39.177
"Directions from San Martín de los Andes, Neuquén Province to Pitrufquén, Chile",,,2.38196231560215,329.58278023314318,-72.338,-39.176
"Directions from San Martín de los Andes, Neuquén Province to Pitrufquén, Chile",,,2.38291420845326,327.41373174845239,-72.339,-39.175
"Directions from San Martín de los Andes, Neuquén Province to Pitrufquén, Chile",,,2.38369356716399,327.91827558166995,-72.339,-39.175
"Directions from San Martín de los Andes, Neuquén Province to Pitrufquén, Chile",,,2.38437957007944,344.66135998924887,-72.339,-39.174
"Directions from San Martín de los Andes, Neuquén Province to Pitrufquén, Chile",,,2.38438957007944,343.15496623387844,-72.339,-39.174
"Directions from San Martín de los Andes, Neuquén Province to Pitrufquén, Chile",,,2.38442562559220,329.00458835180905,-72.339,-39.174
"Directions from San Martín de los Andes, Neuquén Province to Pitrufquén, Chile",,,2.38457327382280,327.41467329663698,-72.339,-39.174
"Directions from San Martín de los Andes, Neuquén Province to Pitrufquén, Chile",,,2.38462327382279,326.88617440737119,-72.340,-39.174
"Directions from San Martín de los Andes, Neuquén Province to Pitrufquén, Chile",,,2.38517400061532,325.41833768153106,-72.340,-39.173
"Directions from San Martín de los Andes, Neuquén Province to Pitrufquén, Chile",,,2.38525210311207,317.59721445286630,-72.340,-39.173
"Directions from San Martín de los Andes, Neuquén Province to Pitrufquén, Chile",,,2.38539352446832,312.40278554613258,-72.340,-39.173
"Directions from San Martín de los Andes, Neuquén Province to Pitrufquén, Chile",,,2.38554972946183,306.91246054109826,-72.340,-39.173
"Directions from San Martín de los Andes, Neuquén Province to Pitrufquén, Chile",,,2.38603232660231,306.13288797719321,-72.340,-39.173
"Directions from San Martín de los Andes, Neuquén Province to Pitrufquén, Chile",,,2.38711463894170,308.92855710221033,-72.341,-39.172
"Directions from San Martín de los Andes, Neuquén Province to Pitrufquén, Chile",,,2.39012608377767,310.55357829764120,-72.344,-39.170
"Directions from San Martín de los Andes, Neuquén Province to Pitrufquén, Chile",,,2.39082034597597,312.45266404180995,-72.344,-39.170
"Directions from San Martín de los Andes, Neuquén Province to Pitrufquén, Chile",,,2.39132965923910,319.09563338061940,-72.345,-39.169
"Directions from San Martín de los Andes, Neuquén Province to Pitrufquén, Chile",,,2.39174583228003,329.10867792640209,-72.345,-39.169
"Directions from San Martín de los Andes, Neuquén Province to Pitrufquén, Chile",,,2.39192471771824,334.95130012943042,-72.345,-39.169
"Directions from San Martín de los Andes, Neuquén Province to Pitrufquén, Chile",,,2.39260095732074,339.39577137042374,-72.345,-39.168
"Directions from San Martín de los Andes, Neuquén Province to Pitrufquén, Chile",,,2.39355604893939,340.73471663129970,-72.345,-39.167
"Directions from San Martín de los Andes, Neuquén Province to Pitrufquén, Chile",,,2.39378077098992,349.57277098037201,-72.345,-39.167
"Directions from San Martín de los Andes, Neuquén Province to Pitrufquén, Chile",,,2.39380077098992,348.40070474247403,-72.345,-39.167
"Directions from San Martín de los Andes, Neuquén Province to Pitrufquén, Chile",,,2.39395308645204,341.38258300611596,-72.346,-39.167
"Directions from San Martín de los Andes, Neuquén Province to Pitrufquén, Chile",,,2.39399431750830,340.38131644159643,-72.346,-39.167
"Directions from San Martín de los Andes, Neuquén Province to Pitrufquén, Chile",,,2.39418220045058,332.72056140661925,-72.346,-39.167
"Directions from San Martín de los Andes, Neuquén Province to Pitrufquén, Chile",,,2.39436577604809,333.72182797160673,-72.346,-39.167
"Directions from San Martín de los Andes, Neuquén Province to Pitrufquén, Chile",,,2.39459424924126,333.68697654150952,-72.346,-39.167
"Directions from San Martín de los Andes, Neuquén Province to Pitrufquén, Chile",,,2.39504202150481,332.00374620990135,-72.346,-39.166
"Directions from San Martín de los Andes, Neuquén Province to Pitrufquén, Chile",,,2.39575756325761,336.19871889872780,-72.346,-39.165
"Directions from San Martín de los Andes, Neuquén Province to Pitrufquén, Chile",,,2.39589684714038,341.85368513627225,-72.346,-39.165
"Directions from San Martín de los Andes, Neuquén Province to Pitrufquén, Chile",,,2.39646693485293,346.28671154421806,-72.347,-39.165
"Directions from San Martín de los Andes, Neuquén Province to Pitrufquén, Chile",,,2.39698866275136,345.94157294464793,-72.347,-39.164
"Directions from San Martín de los Andes, Neuquén Province to Pitrufquén, Chile",,,2.39771667374029,338.74477646321174,-72.347,-39.164
"Directions from San Martín de los Andes, Neuquén Province to Pitrufquén, Chile",,,2.39782847713916,328.28252558853899,-72.347,-39.163
"Directions from San Martín de los Andes, Neuquén Province to Pitrufquén, Chile",,,2.39787847713917,329.96575591956599,-72.347,-39.163
"Directions from San Martín de los Andes, Neuquén Province to Pitrufquén, Chile",,,2.39795463487022,329.11371877266168,-72.347,-39.163
"Directions from San Martín de los Andes, Neuquén Province to Pitrufquén, Chile",,,2.40003955693112,320.12005144478610,-72.348,-39.162
"Directions from San Martín de los Andes, Neuquén Province to Pitrufquén, Chile",,,2.40025215984737,316.90703741691379,-72.348,-39.162
"Directions from San Martín de los Andes, Neuquén Province to Pitrufquén, Chile",,,2.40127039361228,318.56250817443481,-72.349,-39.161
"Directions from San Martín de los Andes, Neuquén Province to Pitrufquén, Chile",,,2.40184048132483,324.21747441315210,-72.349,-39.160
"Directions from San Martín de los Andes, Neuquén Province to Pitrufquén, Chile",,,2.40191259235034,329.27569593742771,-72.350,-39.160
"Directions from San Martín de los Andes, Neuquén Province to Pitrufquén, Chile",,,2.40212730145587,336.90325528874780,-72.350,-39.160
"Directions from San Martín de los Andes, Neuquén Province to Pitrufquén, Chile",,,2.40222216978568,339.59245806341431,-72.350,-39.160
"Directions from San Martín de los Andes, Neuquén Province to Pitrufquén, Chile",,,2.40277371307500,339.26318647328901,-72.350,-39.160
"Directions from San Martín de los Andes, Neuquén Province to Pitrufquén, Chile",,,2.40332398573469,342.69119850325995,-72.350,-39.159
"Directions from San Martín de los Andes, Neuquén Province to Pitrufquén, Chile",,,2.40351080115161,342.51792708852429,-72.350,-39.159
"Directions from San Martín de los Andes, Neuquén Province to Pitrufquén, Chile",,,2.40369107871539,342.05979282420509,-72.350,-39.159
"Directions from San Martín de los Andes, Neuquén Province to Pitrufquén, Chile",,,2.40432708186003,335.77711863478515,-72.350,-39.158
"Directions from San Martín de los Andes, Neuquén Province to Pitrufquén, Chile",,,2.40451576148268,323.00370214815666,-72.350,-39.158
"Directions from San Martín de los Andes, Neuquén Province to Pitrufquén, Chile",,,2.40465029772315,320.06890192824505,-72.351,-39.158
"Directions from San Martín de los Andes, Neuquén Province to Pitrufquén, Chile",,,2.40476431526566,316.87927784342713,-72.351,-39.158
"Directions from San Martín de los Andes, Neuquén Province to Pitrufquén, Chile",,,2.40488473121144,306.62052079049857,-72.351,-39.158
"Directions from San Martín de los Andes, Neuquén Province to Pitrufquén, Chile",,,2.40503737458667,308.30375112277500,-72.351,-39.158
"Directions from San Martín de los Andes, Neuquén Province to Pitrufquén, Chile",,,2.40506565885792,307.12441316819411,-72.351,-39.158
"Directions from San Martín de los Andes, Neuquén Province to Pitrufquén, Chile",,,2.40649831373611,301.46944693163141,-72.352,-39.157
"Directions from San Martín de los Andes, Neuquén Province to Pitrufquén, Chile",,,2.40675070232539,307.83864001089574,-72.352,-39.157
"Directions from San Martín de los Andes, Neuquén Province to Pitrufquén, Chile",,,2.40688523856586,313.49360624794309,-72.352,-39.157
"Directions from San Martín de los Andes, Neuquén Province to Pitrufquén, Chile",,,2.40718222341396,318.81666529384529,-72.353,-39.156
"Directions from San Martín de los Andes, Neuquén Province to Pitrufquén, Chile",,,2.40787424942503,316.47371537356582,-72.353,-39.156
"Directions from San Martín de los Andes, Neuquén Province to Pitrufquén, Chile",,,2.40830703112520,309.00417031339180,-72.353,-39.156
"Directions from San Martín de los Andes, Neuquén Province to Pitrufquén, Chile",,,2.40858505990069,309.25466217043464,-72.354,-39.155
"Directions from San Martín de los Andes, Neuquén Province to Pitrufquén, Chile",,,2.40887574873776,312.13346308752131,-72.354,-39.155
"Directions from San Martín de los Andes, Neuquén Province to Pitrufquén, Chile",,,2.40913747378433,316.72279314340199,-72.354,-39.155
"Directions from San Martín de los Andes, Neuquén Province to Pitrufquén, Chile",,,2.40986856885338,321.56192316971823,-72.354,-39.154
"Directions from San Martín de los Andes, Neuquén Province to Pitrufquén, Chile",,,2.41011856885339,319.06505119694498,-72.355,-39.154
"Directions from San Martín de los Andes, Neuquén Province to Pitrufquén, Chile",,,2.41013271098900,320.65496625673939,-72.355,-39.154
"Directions from San Martín de los Andes, Neuquén Province to Pitrufquén, Chile",,,2.41031298855278,324.21747441020835,-72.355,-39.154
"Directions from San Martín de los Andes, Neuquén Province to Pitrufquén, Chile",,,2.41065504118031,323.65026359596845,-72.355,-39.154
"Directions from San Martín de los Andes, Neuquén Province to Pitrufquén, Chile",,,2.41093521969483,326.48988845502726,-72.355,-39.154
"Directions from San Martín de los Andes, Neuquén Province to Pitrufquén, Chile",,,2.41125428081750,325.80552938036914,-72.355,-39.153
"Directions from San Martín de los Andes, Neuquén Province to Pitrufquén, Chile",,,2.41176231624934,320.64817280710270,-72.356,-39.153
"Directions from San Martín de los Andes, Neuquén Province to Pitrufquén, Chile",,,2.41192510445530,313.07468058566900,-72.356,-39.153
"Directions from San Martín de los Andes, Neuquén Province to Pitrufquén, Chile",,,2.41198913569767,334.32990412605210,-72.356,-39.153
"Directions from San Martín de los Andes, Neuquén Province to Pitrufquén, Chile",,,2.41199913569768,333.93749182570565,-72.356,-39.153
"Directions from San Martín de los Andes, Neuquén Province to Pitrufquén, Chile",,,2.41211315324019,299.32361916691906,-72.356,-39.153
"Directions from San Martín de los Andes, Neuquén Province to Pitrufquén, Chile",,,2.41242331448857,284.59961185178975,-72.356,-39.153
"Directions from San Martín de los Andes, Neuquén Province to Pitrufquén, Chile",,,2.41269626136985,280.47788836522056,-72.356,-39.153
"Directions from San Martín de los Andes, Neuquén Province to Pitrufquén, Chile",,,2.41334162948186,287.16510859711815,-72.357,-39.152
"Directions from San Martín de los Andes, Neuquén Province to Pitrufquén, Chile",,,2.41339548112993,289.82586389369897,-72.357,-39.152
"Directions from San Martín de los Andes, Neuquén Province to Pitrufquén, Chile",,,2.41401531981863,289.35238817085292,-72.358,-39.152
"Directions from San Martín de los Andes, Neuquén Province to Pitrufquén, Chile",,,2.41424004186916,293.70975460816692,-72.358,-39.152
"Directions from San Martín de los Andes, Neuquén Province to Pitrufquén, Chile",,,2.41430712390849,293.21013277308839,-72.358,-39.152
"Directions from San Martín de los Andes, Neuquén Province to Pitrufquén, Chile",,,2.41468987709267,291.52690244130326,-72.358,-39.152
"Directions from San Martín de los Andes, Neuquén Province to Pitrufquén, Chile",,,2.41507066574796,295.90452508856964,-72.359,-39.152
"Directions from San Martín de los Andes, Neuquén Province to Pitrufquén, Chile",,,2.41519596538883,300.80981234242955,-72.359,-39.152
"Directions from San Martín de los Andes, Neuquén Province to Pitrufquén, Chile",,,2.41682967282898,304.11337899442810,-72.360,-39.151
"Directions from San Martín de los Andes, Neuquén Province to Pitrufquén, Chile",,,2.41703775934944,303.20905378588435,-72.360,-39.151
"Directions from San Martín de los Andes, Neuquén Province to Pitrufquén, Chile",,,2.41786781958822,302.70810836827764,-72.361,-39.150
"Directions from San Martín de los Andes, Neuquén Province to Pitrufquén, Chile",,,2.41847246824653,305.75982520464441,-72.361,-39.150
"Directions from San Martín de los Andes, Neuquén Province to Pitrufquén, Chile",,,2.41873647582219,310.73681639547021,-72.362,-39.150
"Directions from San Martín de los Andes, Neuquén Province to Pitrufquén, Chile",,,2.41922443073814,318.41016773506055,-72.362,-39.149
"Directions from San Martín de los Andes, Neuquén Province to Pitrufquén, Chile",,,2.41970244747424,324.48029171503725,-72.362,-39.149
"Directions from San Martín de los Andes, Neuquén Province to Pitrufquén, Chile",,,2.41984666952526,328.71167535292386,-72.362,-39.149
"Directions from San Martín de los Andes, Neuquén Province to Pitrufquén, Chile",,,2.42017787942849,332.88362114491741,-72.363,-39.149
"Directions from San Martín de los Andes, Neuquén Province to Pitrufquén, Chile",,,2.42059835534933,331.84503376536168,-72.363,-39.148
"Directions from San Martín de los Andes, Neuquén Province to Pitrufquén, Chile",,,2.42065666486827,331.81426268165541,-72.363,-39.148
"Directions from San Martín de los Andes, Neuquén Province to Pitrufquén, Chile",,,2.42109949666478,331.81426268165541,-72.363,-39.148
"Directions from San Martín de los Andes, Neuquén Province to Pitrufquén, Chile",,,2.42115780618373,331.23559614714054,-72.363,-39.148
"Directions from San Martín de los Andes, Neuquén Province to Pitrufquén, Chile",,,2.42129197026239,326.41682708588547,-72.363,-39.148
"Directions from San Martín de los Andes, Neuquén Province to Pitrufquén, Chile",,,2.42138416570696,322.85431891367892,-72.363,-39.148
"Directions from San Martín de los Andes, Neuquén Province to Pitrufquén, Chile",,,2.42145627673247,320.65496623857587,-72.363,-39.148
"Directions from San Martín de los Andes, Neuquén Province to Pitrufquén, Chile",,,2.42149870313933,319.06505118114910,-72.363,-39.148
"Directions from San Martín de los Andes, Neuquén Province to Pitrufquén, Chile",,,2.42154870313934,315.89495530720120,-72.363,-39.147
"Directions from San Martín de los Andes, Neuquén Province to Pitrufquén, Chile",,,2.42167676562409,304.81178239168975,-72.363,-39.147
"Directions from San Martín de los Andes, Neuquén Province to Pitrufquén, Chile",,,2.42185169418094,299.43051378133151,-72.363,-39.147
"Directions from San Martín de los Andes, Neuquén Province to Pitrufquén, Chile",,,2.42204404802155,300.18423166051946,-72.364,-39.147
"Directions from San Martín de los Andes, Neuquén Province to Pitrufquén, Chile",,,2.42217443206966,300.85583506142524,-72.364,-39.147
"Directions from San Martín de los Andes, Neuquén Province to Pitrufquén, Chile",,,2.42456963561007,296.60148340346910,-72.366,-39.146
"Directions from San Martín de los Andes, Neuquén Province to Pitrufquén, Chile",,,2.42466812418809,296.68425425902518,-72.366,-39.146
"Directions from San Martín de los Andes, Neuquén Province to Pitrufquén, Chile",,,2.43242787289536,302.47184866786790,-72.373,-39.142
"Directions from San Martín de los Andes, Neuquén Province to Pitrufquén, Chile",,,2.43251389614802,302.25266921882360,-72.373,-39.142
"Directions from San Martín de los Andes, Neuquén Province to Pitrufquén, Chile",,,2.43315397426826,299.93703203235344,-72.373,-39.142
"Directions from San Martín de los Andes, Neuquén Province to Pitrufquén, Chile",,,2.43486724599218,299.91641462725750,-72.375,-39.141
"Directions from San Martín de los Andes, Neuquén Province to Pitrufquén, Chile",,,2.43530141185910,306.96321290783777,-72.375,-39.141
"Directions from San Martín de los Andes, Neuquén Province to Pitrufquén, Chile",,,2.43531555399472,307.62821857172747,-72.375,-39.141
"Directions from San Martín de los Andes, Neuquén Province to Pitrufquén, Chile",,,2.43573232731441,285.12821858190529,-72.376,-39.140
"Directions from San Martín de los Andes, Neuquén Province to Pitrufquén, Chile",,,2.43574232731441,284.81349445650505,-72.376,-39.140
"Directions from San Martín de los Andes, Neuquén Province to Pitrufquén, Chile",,,2.43875637774530,301.65852821897300,-72.378,-39.139
"Directions from San Martín de los Andes, Neuquén Province to Pitrufquén, Chile",,,2.43897271082183,302.20959945833886,-72.378,-39.139
"Directions from San Martín de los Andes, Neuquén Province to Pitrufquén, Chile",,,2.44106672610353,299.56718891273414,-72.380,-39.138
"Directions from San Martín de los Andes, Neuquén Province to Pitrufquén, Chile",,,2.44218086254042,306.70262320668553,-72.381,-39.137
"Directions from San Martín de los Andes, Neuquén Province to Pitrufquén, Chile",,,2.44219500467604,306.17493787998131,-72.381,-39.137
"Directions from San Martín de los Andes, Neuquén Province to Pitrufquén, Chile",,,2.44284799778474,295.27423314417553,-72.382,-39.137
"Directions from San Martín de los Andes, Neuquén Province to Pitrufquén, Chile",,,2.44292415551580,296.41848709812558,-72.382,-39.137
"Directions from San Martín de los Andes, Neuquén Province to Pitrufquén, Chile",,,2.44892992773925,298.10171743264817,-72.387,-39.134
"Directions from San Martín de los Andes, Neuquén Province to Pitrufquén, Chile",,,2.44908645249768,298.03827486710884,-72.387,-39.134
"Directions from San Martín de los Andes, Neuquén Province to Pitrufquén, Chile",,,2.45030448369596,296.35504453504302,-72.388,-39.133
"Directions from San Martín de los Andes, Neuquén Province to Pitrufquén, Chile",,,2.45038064142703,295.83639706154872,-72.388,-39.133
"Directions from San Martín de los Andes, Neuquén Province to Pitrufquén, Chile",,,2.45172302736258,302.67205062962603,-72.389,-39.133
"Directions from San Martín de los Andes, Neuquén Province to Pitrufquén, Chile",,,2.45177302736258,303.21437717076623,-72.389,-39.133
"Directions from San Martín de los Andes, Neuquén Province to Pitrufquén, Chile",,,2.46170578126067,284.77942834621575,-72.398,-39.128
"Directions from San Martín de los Andes, Neuquén Province to Pitrufquén, Chile",,,2.46171578126067,284.72964437441419,-72.398,-39.128
"Directions from San Martín de los Andes, Neuquén Province to Pitrufquén, Chile",,,2.46694142954582,296.03504610519764,-72.403,-39.125
"Directions from San Martín de los Andes, Neuquén Province to Pitrufquén, Chile",,,2.47180527576049,293.03360666337932,-72.407,-39.123
"Directions from San Martín de los Andes, Neuquén Province to Pitrufquén, Chile",,,2.47559875701126,293.14956527411374,-72.411,-39.122
"Directions from San Martín de los Andes, Neuquén Province to Pitrufquén, Chile",,,2.48172957261769,296.90323860515980,-72.416,-39.119
"Directions from San Martín de los Andes, Neuquén Province to Pitrufquén, Chile",,,2.48178788213664,297.02218687133723,-72.416,-39.119
"Directions from San Martín de los Andes, Neuquén Province to Pitrufquén, Chile",,,2.48370102091886,289.51300655854067,-72.418,-39.119
"Directions from San Martín de los Andes, Neuquén Province to Pitrufquén, Chile",,,2.48377382201774,289.51526478699037,-72.418,-39.119
"Directions from San Martín de los Andes, Neuquén Province to Pitrufquén, Chile",,,2.48443692080375,294.18142795417816,-72.419,-39.118
"Directions from San Martín de los Andes, Neuquén Province to Pitrufquén, Chile",,,2.48483504138850,293.92941509010819,-72.419,-39.118
"Directions from San Martín de los Andes, Neuquén Province to Pitrufquén, Chile",,,2.49165811987259,294.57307955945072,-72.425,-39.116
"Directions from San Martín de los Andes, Neuquén Province to Pitrufquén, Chile",,,2.49181464463101,294.53621963794035,-72.426,-39.115
"Directions from San Martín de los Andes, Neuquén Province to Pitrufquén, Chile",,,2.49377387917541,293.10756395790281,-72.427,-39.115
"Directions from San Martín de los Andes, Neuquén Province to Pitrufquén, Chile",,,2.49628587041744,298.69890367189396,-72.430,-39.114
"Directions from San Martín de los Andes, Neuquén Province to Pitrufquén, Chile",,,2.49632192593019,298.15496623841528,-72.430,-39.114
"Directions from San Martín de los Andes, Neuquén Province to Pitrufquén, Chile",,,2.49671192593019,303.80993247385959,-72.430,-39.114
"Directions from San Martín de los Andes, Neuquén Province to Pitrufquén, Chile",,,2.49672606806582,301.71747441010399,-72.430,-39.113
"Directions from San Martín de los Andes, Neuquén Province to Pitrufquén, Chile",,,2.49682093639562,290.52740688484687,-72.430,-39.113
"Directions from San Martín de los Andes, Neuquén Province to Pitrufquén, Chile",,,2.49695093639562,294.59245806124636,-72.430,-39.113
"Directions from San Martín de los Andes, Neuquén Province to Pitrufquén, Chile",,,2.49704037911473,291.25522354003738,-72.430,-39.113
"Directions from San Martín de los Andes, Neuquén Province to Pitrufquén, Chile",,,2.49711318021362,289.33186564256425,-72.430,-39.113
"Directions from San Martín de los Andes, Neuquén Province to Pitrufquén, Chile",,,2.50337934331395,303.85916768903030,-72.436,-39.111
"Directions from San Martín de los Andes, Neuquén Province to Pitrufquén, Chile",,,2.50339348544958,303.95977741632038,-72.436,-39.111
"Directions from San Martín de los Andes, Neuquén Province to Pitrufquén, Chile",,,2.50501119988667,291.28668944553129,-72.438,-39.110
"Directions from San Martín de los Andes, Neuquén Province to Pitrufquén, Chile",,,2.50515986057414,291.22918226484609,-72.438,-39.110
"Directions from San Martín de los Andes, Neuquén Province to Pitrufquén, Chile",,,2.51088758263444,291.22918226484609,-72.443,-39.108
"Directions from San Martín de los Andes, Neuquén Province to Pitrufquén, Chile",,,2.51103624332191,291.47935729882869,-72.443,-39.108
"Directions from San Martín de los Andes, Neuquén Province to Pitrufquén, Chile",,,2.51174398621309,294.38411780076058,-72.444,-39.108
"Directions from San Martín de los Andes, Neuquén Province to Pitrufquén, Chile",,,2.51220917434707,298.48380589054466,-72.444,-39.107
"Directions from San Martín de los Andes, Neuquén Province to Pitrufquén, Chile",,,2.51257276752632,304.18708218232393,-72.445,-39.107
"Directions from San Martín de los Andes, Neuquén Province to Pitrufquén, Chile",,,2.51282276752633,310.16086997373020,-72.445,-39.107
"Directions from San Martín de los Andes, Neuquén Province to Pitrufquén, Chile",,,2.51334621761945,321.85348049732647,-72.445,-39.107
"Directions from San Martín de los Andes, Neuquén Province to Pitrufquén, Chile",,,2.51342684019694,325.58062990364300,-72.445,-39.107
"Directions from San Martín de los Andes, Neuquén Province to Pitrufquén, Chile",,,2.51363299547822,324.57333051501860,-72.445,-39.107
"Directions from San Martín de los Andes, Neuquén Province to Pitrufquén, Chile",,,2.51387997725892,330.83773436986382,-72.446,-39.106
"Directions from San Martín de los Andes, Neuquén Province to Pitrufquén, Chile",,,2.51405886269712,337.25515220421187,-72.446,-39.106
"Directions from San Martín de los Andes, Neuquén Province to Pitrufquén, Chile",,,2.51442886269712,344.88271155340510,-72.446,-39.106
"Directions from San Martín de los Andes, Neuquén Province to Pitrufquén, Chile",,,2.51458183328253,350.54771207846744,-72.446,-39.106
"Directions from San Martín de los Andes, Neuquén Province to Pitrufquén, Chile",,,2.51473316074203,346.98520390177214,-72.446,-39.106
"Directions from San Martín de los Andes, Neuquén Province to Pitrufquén, Chile",,,2.51476478351863,350.78252558446786,-72.446,-39.106
"Directions from San Martín de los Andes, Neuquén Province to Pitrufquén, Chile",,,2.51511478351864,2.19935267821620,-72.446,-39.105
"Directions from San Martín de los Andes, Neuquén Province to Pitrufquén, Chile",,,2.51537555161484,9.21747441098205,-72.446,-39.105
"Directions from San Martín de los Andes, Neuquén Province to Pitrufquén, Chile",,,2.51549924478361,12.17054496519473,-72.446,-39.105
"Directions from San Martín de los Andes, Neuquén Province to Pitrufquén, Chile",,,2.51561104818249,13.50204535007931,-72.446,-39.105
"Directions from San Martín de los Andes, Neuquén Province to Pitrufquén, Chile",,,2.51581985431267,21.63214771026053,-72.446,-39.104
"Directions from San Martín de los Andes, Neuquén Province to Pitrufquén, Chile",,,2.51586457567222,22.74484780036808,-72.446,-39.104
"Directions from San Martín de los Andes, Neuquén Province to Pitrufquén, Chile",,,2.51623457567221,17.22437770636841,-72.446,-39.104
"Directions from San Martín de los Andes, Neuquén Province to Pitrufquén, Chile",,,2.51642139108914,19.36135075367973,-72.446,-39.104
"Directions from San Martín de los Andes, Neuquén Province to Pitrufquén, Chile",,,2.51649754882019,20.81676966924438,-72.445,-39.104
"Directions from San Martín de los Andes, Neuquén Province to Pitrufquén, Chile",,,2.51659241715000,9.21747441417507,-72.445,-39.104
"Directions from San Martín de los Andes, Neuquén Province to Pitrufquén, Chile",,,2.51660241715001,7.76205549651072,-72.445,-39.104
"Directions from San Martín de los Andes, Neuquén Province to Pitrufquén, Chile",,,2.51678923256693,20.14962578191963,-72.445,-39.104
"Directions from San Martín de los Andes, Neuquén Province to Pitrufquén, Chile",,,2.51693241077756,22.71106569781175,-72.445,-39.103
"Directions from San Martín de los Andes, Neuquén Province to Pitrufquén, Chile",,,2.51840713109002,18.29619336516866,-72.445,-39.102
"Directions from San Martín de los Andes, Neuquén Province to Pitrufquén, Chile",,,2.51847993218892,19.21241515094540,-72.445,-39.102
"Directions from San Martín de los Andes, Neuquén Province to Pitrufquén, Chile",,,2.51879377928544,20.45719161031909,-72.445,-39.102
"Directions from San Martín de los Andes, Neuquén Province to Pitrufquén, Chile",,,2.51917325260467,19.55468679225930,-72.445,-39.101
"Directions from San Martín de los Andes, Neuquén Province to Pitrufquén, Chile",,,2.51973973296619,27.18224614624130,-72.444,-39.101
"Directions from San Martín de los Andes, Neuquén Province to Pitrufquén, Chile",,,2.51977578847895,26.39177976635086,-72.444,-39.101
"Directions from San Martín de los Andes, Neuquén Province to Pitrufquén, Chile",,,2.52032606113864,20.67125782890760,-72.444,-39.100
"Directions from San Martín de los Andes, Neuquén Province to Pitrufquén, Chile",,,2.52056375842512,20.99793013118582,-72.444,-39.100
"Directions from San Martín de los Andes, Neuquén Province to Pitrufquén, Chile",,,2.52180685938643,9.87341830250757,-72.444,-39.099
"Directions from San Martín de los Andes, Neuquén Province to Pitrufquén, Chile",,,2.52182685938643,10.58062990922467,-72.444,-39.099
"Directions from San Martín de los Andes, Neuquén Province to Pitrufquén, Chile",,,2.52215927478920,10.58062990922467,-72.444,-39.099
"Directions from San Martín de los Andes, Neuquén Province to Pitrufquén, Chile",,,2.52216927478920,11.19006752525711,-72.444,-39.099
"Directions from San Martín de los Andes, Neuquén Province to Pitrufquén, Chile",,,2.52235312255231,20.99611437968767,-72.443,-39.098
"Directions from San Martín de los Andes, Neuquén Province to Pitrufquén, Chile",,,2.52327670254343,54.80604685443056,-72.443,-39.097
"Directions from San Martín de los Andes, Neuquén Province to Pitrufquén, Chile",,,2.52328670254343,54.21747441160640,-72.443,-39.097
"Directions from San Martín de los Andes, Neuquén Province to Pitrufquén, Chile",,,2.52372942141585,19.41278952183949,-72.443,-39.097
"Directions from San Martín de los Andes, Neuquén Province to Pitrufquén, Chile",,,2.52697264512075,21.79461036582883,-72.442,-39.094
"Directions from San Martín de los Andes, Neuquén Province to Pitrufquén, Chile",,,2.52712496058286,21.24431836552255,-72.442,-39.094
"Directions from San Martín de los Andes, Neuquén Province to Pitrufquén, Chile",,,2.52776064918588,16.14233150497022,-72.442,-39.093
"Directions from San Martín de los Andes, Neuquén Province to Pitrufquén, Chile",,,2.52802748246716,7.69028041062584,-72.442,-39.093
"Directions from San Martín de los Andes, Neuquén Province to Pitrufquén, Chile",,,2.52826769071015,354.17485027922442,-72.442,-39.093
"Directions from San Martín de los Andes, Neuquén Province to Pitrufquén, Chile",,,2.52830892176641,349.18455658094626,-72.442,-39.093
"Directions from San Martín de los Andes, Neuquén Province to Pitrufquén, Chile",,,2.52846024922591,348.73696972840440,-72.442,-39.093
"Directions from San Martín de los Andes, Neuquén Province to Pitrufquén, Chile",,,2.52861549097287,341.06824119159018,-72.442,-39.092
"Directions from San Martín de los Andes, Neuquén Province to Pitrufquén, Chile",,,2.52889780285714,331.68891601723908,-72.442,-39.092
"Directions from San Martín de los Andes, Neuquén Province to Pitrufquén, Chile",,,2.52933046901020,328.16414655329589,-72.442,-39.092
"Directions from San Martín de los Andes, Neuquén Province to Pitrufquén, Chile",,,2.52963063563060,333.40988505948877,-72.442,-39.092
"Directions from San Martín de los Andes, Neuquén Province to Pitrufquén, Chile",,,2.52985910882377,341.09026774812173,-72.442,-39.091
"Directions from San Martín de los Andes, Neuquén Province to Pitrufquén, Chile",,,2.53009680611025,349.38283276414057,-72.442,-39.091
"Directions from San Martín de los Andes, Neuquén Province to Pitrufquén, Chile",,,2.53079142830972,356.69326975896081,-72.442,-39.090
"Directions from San Martín de los Andes, Neuquén Province to Pitrufquén, Chile",,,2.53084142830973,357.35937968562496,-72.442,-39.090
"Directions from San Martín de los Andes, Neuquén Province to Pitrufquén, Chile",,,2.53203650152924,353.47679667699032,-72.442,-39.089
"Directions from San Martín de los Andes, Neuquén Province to Pitrufquén, Chile",,,2.53225853756235,353.43950446993131,-72.442,-39.089
"Directions from San Martín de los Andes, Neuquén Province to Pitrufquén, Chile",,,2.53322274708315,352.83577417188786,-72.443,-39.088
"Directions from San Martín de los Andes, Neuquén Province to Pitrufquén, Chile",,,2.53341510092377,348.49556495965811,-72.443,-39.088
"Directions from San Martín de los Andes, Neuquén Province to Pitrufquén, Chile",,,2.53358002514879,339.15889058352508,-72.443,-39.088
"Directions from San Martín de los Andes, Neuquén Province to Pitrufquén, Chile",,,2.53381709054062,327.23952049289244,-72.443,-39.087
"Directions from San Martín de los Andes, Neuquén Province to Pitrufquén, Chile",,,2.53393110808312,318.56250817400723,-72.443,-39.087
"Directions from San Martín de los Andes, Neuquén Province to Pitrufquén, Chile",,,2.53401596089687,312.04692944256794,-72.443,-39.087
"Directions from San Martín de los Andes, Neuquén Province to Pitrufquén, Chile",,,2.53422211617815,305.78252558777262,-72.443,-39.087
"Directions from San Martín de los Andes, Neuquén Province to Pitrufquén, Chile",,,2.53435250022625,299.51812173340443,-72.443,-39.087
"Directions from San Martín de los Andes, Neuquén Province to Pitrufquén, Chile",,,2.53448666430490,294.88182084619370,-72.443,-39.087
"Directions from San Martín de los Andes, Neuquén Province to Pitrufquén, Chile",,,2.53463897976702,290.27630757428346,-72.443,-39.087
"Directions from San Martín de los Andes, Neuquén Province to Pitrufquén, Chile",,,2.53480661031317,285.69513405194897,-72.444,-39.087
"Directions from San Martín de los Andes, Neuquén Province to Pitrufquén, Chile",,,2.53497153453819,276.68502174900379,-72.444,-39.087
"Directions from San Martín de los Andes, Neuquén Province to Pitrufquén, Chile",,,2.53583159267576,267.67720878859268,-72.445,-39.087
"Directions from San Martín de los Andes, Neuquén Province to Pitrufquén, Chile",,,2.53698437192609,264.03154616012125,-72.446,-39.087
"Directions from San Martín de los Andes, Neuquén Province to Pitrufquén, Chile",,,2.53792341399117,264.71995628540321,-72.447,-39.087
"Directions from San Martín de los Andes, Neuquén Province to Pitrufquén, Chile",,,2.53836386830209,272.01497620655533,-72.447,-39.087
"Directions from San Martín de los Andes, Neuquén Province to Pitrufquén, Chile",,,2.53879676551853,278.56199581332015,-72.448,-39.087
"Directions from San Martín de los Andes, Neuquén Province to Pitrufquén, Chile",,,2.53907135612288,278.80824668025849,-72.448,-39.087
"Directions from San Martín de los Andes, Neuquén Province to Pitrufquén, Chile",,,2.53931322385534,275.19775213620170,-72.448,-39.087
"Directions from San Martín de los Andes, Neuquén Province to Pitrufquén, Chile",,,2.54001436578105,270.99872895176492,-72.449,-39.087
"Directions from San Martín de los Andes, Neuquén Province to Pitrufquén, Chile",,,2.54046447687845,270.95340004952863,-72.449,-39.087
"Directions from San Martín de los Andes, Neuquén Province to Pitrufquén, Chile",,,2.54064475444222,271.58991505930578,-72.449,-39.087
"Directions from San Martín de los Andes, Neuquén Province to Pitrufquén, Chile",,,2.54087475444222,272.07982114681613,-72.450,-39.087
"Directions from San Martín de los Andes, Neuquén Province to Pitrufquén, Chile",,,2.54142620706937,273.36170625265277,-72.450,-39.087
"Directions from San Martín de los Andes, Neuquén Province to Pitrufquén, Chile",,,2.54209687837485,269.58202802635253,-72.451,-39.087
"Directions from San Martín de los Andes, Neuquén Province to Pitrufquén, Chile",,,2.54310865898349,264.41755991097301,-72.452,-39.087
"Directions from San Martín de los Andes, Neuquén Province to Pitrufquén, Chile",,,2.54333069501660,266.11741699045700,-72.452,-39.087
"Directions from San Martín de los Andes, Neuquén Province to Pitrufquén, Chile",,,2.54336069501660,264.79614434373855,-72.452,-39.087
"Directions from San Martín de los Andes, Neuquén Province to Pitrufquén, Chile",,,2.54385889176488,257.29963572382775,-72.453,-39.087
"Directions from San Martín de los Andes, Neuquén Province to Pitrufquén, Chile",,,2.54865206399213,256.84852514151328,-72.457,-39.088
"Directions from San Martín de los Andes, Neuquén Province to Pitrufquén, Chile",,,2.54875404438240,256.75211513040858,-72.457,-39.088
"Directions from San Martín de los Andes, Neuquén Province to Pitrufquén, Chile",,,2.54947937189463,256.52293690290639,-72.458,-39.089
"Directions from San Martín de los Andes, Neuquén Province to Pitrufquén, Chile",,,2.54972452490808,259.74277440276200,-72.458,-39.089
"Directions from San Martín de los Andes, Neuquén Province to Pitrufquén, Chile",,,2.54998758383683,263.02970441505613,-72.459,-39.089
"Directions from San Martín de los Andes, Neuquén Province to Pitrufquén, Chile",,,2.55020849105718,266.57663320732644,-72.459,-39.089
"Directions from San Martín de los Andes, Neuquén Province to Pitrufquén, Chile",,,2.55124892365951,269.17384766111041,-72.460,-39.089
"Directions from San Martín de los Andes, Neuquén Province to Pitrufquén, Chile",,,2.55228892365952,267.88180260055390,-72.461,-39.089
"Directions from San Martín de los Andes, Neuquén Province to Pitrufquén, Chile",,,2.55255966338693,264.02311772115161,-72.461,-39.089
"Directions from San Martín de los Andes, Neuquén Province to Pitrufquén, Chile",,,2.55471922352733,263.09896818792447,-72.463,-39.089
"Directions from San Martín de los Andes, Neuquén Province to Pitrufquén, Chile",,,2.55670038480294,262.50679505089226,-72.465,-39.089
"Directions from San Martín de los Andes, Neuquén Province to Pitrufquén, Chile",,,2.55754050384212,262.01938671759433,-72.466,-39.089
"Directions from San Martín de los Andes, Neuquén Province to Pitrufquén, Chile",,,2.56079517740486,264.00668976023633,-72.469,-39.090
"Directions from San Martín de los Andes, Neuquén Province to Pitrufquén, Chile",,,2.56254163095420,264.14195773886297,-72.471,-39.090
"Directions from San Martín de los Andes, Neuquén Province to Pitrufquén, Chile",,,2.56338756239350,264.81734552594878,-72.472,-39.090
"Directions from San Martín de los Andes, Neuquén Province to Pitrufquén, Chile",,,2.56354787458893,265.20732983439279,-72.472,-39.090
"Directions from San Martín de los Andes, Neuquén Province to Pitrufquén, Chile",,,2.56431207351591,266.99549702109942,-72.473,-39.090
"Directions from San Martín de los Andes, Neuquén Province to Pitrufquén, Chile",,,2.56469207351590,277.01812173336452,-72.473,-39.090
"Directions from San Martín de los Andes, Neuquén Province to Pitrufquén, Chile",,,2.56485699774093,286.38879195622872,-72.473,-39.090
"Directions from San Martín de los Andes, Neuquén Province to Pitrufquén, Chile",,,2.56544835211861,290.27137496586454,-72.474,-39.090
"Directions from San Martín de los Andes, Neuquén Province to Pitrufquén, Chile",,,2.56609457189547,293.93303678224032,-72.474,-39.090
"Directions from San Martín de los Andes, Neuquén Province to Pitrufquén, Chile",,,2.56711873008637,294.90707928526405,-72.475,-39.089
"Directions from San Martín de los Andes, Neuquén Province to Pitrufquén, Chile",,,2.56739186009205,292.58123198360238,-72.476,-39.089
"Directions from San Martín de los Andes, Neuquén Province to Pitrufquén, Chile",,,2.56793967392903,290.35150784730865,-72.476,-39.089
"Directions from San Martín de los Andes, Neuquén Province to Pitrufquén, Chile",,,2.56836346633104,288.10877964183913,-72.477,-39.089
"Directions from San Martín de los Andes, Neuquén Province to Pitrufquén, Chile",,,2.56860388263665,288.70393518789405,-72.477,-39.089
"Directions from San Martín de los Andes, Neuquén Province to Pitrufquén, Chile",,,2.56948988489399,293.27785644802736,-72.478,-39.088
"Directions from San Martín de los Andes, Neuquén Province to Pitrufquén, Chile",,,2.57001314391206,293.93838253471603,-72.478,-39.088
"Directions from San Martín de los Andes, Neuquén Province to Pitrufquén, Chile",,,2.57012084720821,294.39082010164952,-72.478,-39.088
"Directions from San Martín de los Andes, Neuquén Province to Pitrufquén, Chile",,,2.57073801817318,283.49011535917555,-72.479,-39.088
"Directions from San Martín de los Andes, Neuquén Province to Pitrufquén, Chile",,,2.57074801817318,287.56709652817767,-72.479,-39.088
"Directions from San Martín de los Andes, Neuquén Province to Pitrufquén, Chile",,,2.57107816965357,308.16005911175307,-72.479,-39.088
"Directions from San Martín de los Andes, Neuquén Province to Pitrufquén, Chile",,,2.57118447111169,308.93782400003977,-72.479,-39.087
"Directions from San Martín de los Andes, Neuquén Province to Pitrufquén, Chile",,,2.57182047425633,305.46937791975699,-72.480,-39.087
"Directions from San Martín de los Andes, Neuquén Province to Pitrufquén, Chile",,,2.57238906901537,302.37443312000363,-72.480,-39.087
"Directions from San Martín de los Andes, Neuquén Province to Pitrufquén, Chile",,,2.57408353058176,301.10748337437889,-72.482,-39.086
"Directions from San Martín de los Andes, Neuquén Province to Pitrufquén, Chile",,,2.57512976191373,304.29251557814723,-72.482,-39.085
"Directions from San Martín de los Andes, Neuquén Province to Pitrufquén, Chile",,,2.57522976191374,305.11813182141458,-72.482,-39.085
"Directions from San Martín de los Andes, Neuquén Province to Pitrufquén, Chile",,,2.57572067942208,295.90065740628955,-72.483,-39.085
"Directions from San Martín de los Andes, Neuquén Province to Pitrufquén, Chile",,,2.57575230219869,293.36785228863766,-72.483,-39.085
"Directions from San Martín de los Andes, Neuquén Province to Pitrufquén, Chile",,,2.57663819158230,284.15037788328334,-72.484,-39.085
"Directions from San Martín de los Andes, Neuquén Province to Pitrufquén, Chile",,,2.57665819158230,282.06049155957771,-72.484,-39.085
"Directions from San Martín de los Andes, Neuquén Province to Pitrufquén, Chile",,,2.57739228966839,298.06318316453439,-72.484,-39.084
"Directions from San Martín de los Andes, Neuquén Province to Pitrufquén, Chile",,,2.57758096929103,304.43764042665731,-72.485,-39.084
"Directions from San Martín de los Andes, Neuquén Province to Pitrufquén, Chile",,,2.57778096929103,308.33773436883433,-72.485,-39.084
"Directions from San Martín de los Andes, Neuquén Province to Pitrufquén, Chile",,,2.57809337927807,312.40278554620846,-72.485,-39.084
"Directions from San Martín de los Andes, Neuquén Province to Pitrufquén, Chile",,,2.57824894276993,312.40278554487367,-72.485,-39.084
"Directions from San Martín de los Andes, Neuquén Province to Pitrufquén, Chile",,,2.57856135275697,311.15800908497852,-72.485,-39.084
"Directions from San Martín de los Andes, Neuquén Province to Pitrufquén, Chile",,,2.57953808199272,313.75522353917967,-72.486,-39.083
"Directions from San Martín de los Andes, Neuquén Province to Pitrufquén, Chile",,,2.57973607189146,312.51512963565835,-72.486,-39.083
"Directions from San Martín de los Andes, Neuquén Province to Pitrufquén, Chile",,,2.58006256844581,311.97466754215424,-72.486,-39.083
"Directions from San Martín de los Andes, Neuquén Province to Pitrufquén, Chile",,,2.58043740174209,312.26018522941712,-72.487,-39.082
"Directions from San Martín de los Andes, Neuquén Province to Pitrufquén, Chile",,,2.58080618352037,311.72010757865979,-72.487,-39.082
"Directions from San Martín de los Andes, Neuquén Province to Pitrufquén, Chile",,,2.58155625018408,308.91547035474457,-72.488,-39.082
"Directions from San Martín de los Andes, Neuquén Province to Pitrufquén, Chile",,,2.58167831574024,308.66106521800123,-72.488,-39.081
"Directions from San Martín de los Andes, Neuquén Province to Pitrufquén, Chile",,,2.58714311216829,313.66505511899510,-72.492,-39.078
"Directions from San Martín de los Andes, Neuquén Province to Pitrufquén, Chile",,,2.58738352847389,312.40278554713370,-72.492,-39.078
"Directions from San Martín de los Andes, Neuquén Province to Pitrufquén, Chile",,,2.58753973346741,311.75180921087053,-72.492,-39.078
"Directions from San Martín de los Andes, Neuquén Province to Pitrufquén, Chile",,,2.58816214812019,311.89947743667796,-72.492,-39.077
"Directions from San Martín de los Andes, Neuquén Province to Pitrufquén, Chile",,,2.58841054296716,311.96588410920776,-72.493,-39.077
"Directions from San Martín de los Andes, Neuquén Province to Pitrufquén, Chile",,,2.58875709743618,312.21607765813025,-72.493,-39.077
"Directions from San Martín de los Andes, Neuquén Province to Pitrufquén, Chile",,,2.58903368376991,312.80064732186361,-72.493,-39.077
"Directions from San Martín de los Andes, Neuquén Province to Pitrufquén, Chile",,,2.58927410007551,313.91654265841970,-72.493,-39.076
"Directions from San Martín de los Andes, Neuquén Province to Pitrufquén, Chile",,,2.59451043467139,312.26107190110292,-72.497,-39.073
"Directions from San Martín de los Andes, Neuquén Province to Pitrufquén, Chile",,,2.59536746442583,309.78202106768424,-72.498,-39.072
"Directions from San Martín de los Andes, Neuquén Province to Pitrufquén, Chile",,,2.59559549951085,306.12766418726915,-72.498,-39.072
"Directions from San Martín de los Andes, Neuquén Province to Pitrufquén, Chile",,,2.59582571679952,301.41163667454083,-72.498,-39.072
"Directions from San Martín de los Andes, Neuquén Province to Pitrufquén, Chile",,,2.59664455744334,295.12216905474673,-72.499,-39.072
"Directions from San Martín de los Andes, Neuquén Province to Pitrufquén, Chile",,,2.59669840909142,295.38207221389149,-72.499,-39.072
"Directions from San Martín de los Andes, Neuquén Province to Pitrufquén, Chile",,,2.59851568727596,299.68690810508747,-72.500,-39.071
"Directions from San Martín de los Andes, Neuquén Province to Pitrufquén, Chile",,,2.59958245810421,301.15561909259492,-72.501,-39.070
"Directions from San Martín de los Andes, Neuquén Province to Pitrufquén, Chile",,,2.60073679774227,305.85286400238789,-72.502,-39.070
"Directions from San Martín de los Andes, Neuquén Province to Pitrufquén, Chile",,,2.60081490023903,305.78252558595523,-72.502,-39.069
"Directions from San Martín de los Andes, Neuquén Province to Pitrufquén, Chile",,,2.60254377270396,300.75218069092011,-72.504,-39.069
"Directions from San Martín de los Andes, Neuquén Province to Pitrufquén, Chile",,,2.60488182745097,298.44728149741485,-72.506,-39.067
"Directions from San Martín de los Andes, Neuquén Province to Pitrufquén, Chile",,,2.60532011959098,298.80761330863839,-72.506,-39.067
"Directions from San Martín de los Andes, Neuquén Province to Pitrufquén, Chile",,,2.60610904290792,303.66772128420195,-72.507,-39.067
"Directions from San Martín de los Andes, Neuquén Province to Pitrufquén, Chile",,,2.60615904290792,304.51109639504079,-72.507,-39.067
"Directions from San Martín de los Andes, Neuquén Province to Pitrufquén, Chile",,,2.60739924450444,304.51109639504079,-72.508,-39.066
"Directions from San Martín de los Andes, Neuquén Province to Pitrufquén, Chile",,,2.60744924450444,304.38642256348720,-72.508,-39.066
"Directions from San Martín de los Andes, Neuquén Province to Pitrufquén, Chile",,,2.60922792378975,303.03996812573763,-72.510,-39.065
"Directions from San Martín de los Andes, Neuquén Province to Pitrufquén, Chile",,,2.61020700499169,302.72036023414142,-72.510,-39.065
"Directions from San Martín de los Andes, Neuquén Province to Pitrufquén, Chile",,,2.61053457177878,302.38973591449496,-72.511,-39.064
"Directions from San Martín de los Andes, Neuquén Province to Pitrufquén, Chile",,,2.61326925640410,304.95004597499934,-72.513,-39.063
"Directions from San Martín de los Andes, Neuquén Province to Pitrufquén, Chile",,,2.61350526487853,304.42777205434680,-72.513,-39.063
"Directions from San Martín de los Andes, Neuquén Province to Pitrufquén, Chile",,,2.61363564892663,306.13838169196708,-72.513,-39.063
"Directions from San Martín de los Andes, Neuquén Province to Pitrufquén, Chile",,,2.61371375142339,303.18531113400417,-72.513,-39.063
"Directions from San Martín de los Andes, Neuquén Province to Pitrufquén, Chile",,,2.61375847278294,314.99999999592893,-72.513,-39.063
"Directions from San Martín de los Andes, Neuquén Province to Pitrufquén, Chile",,,2.61378083346272,314.99999999592893,-72.513,-39.063
"Directions from San Martín de los Andes, Neuquén Province to Pitrufquén, Chile",,,2.61382555482226,305.78252558853899,-72.513,-39.063
"Directions from San Martín de los Andes, Neuquén Province to Pitrufquén, Chile",,,2.61388212336476,305.78252558853899,-72.513,-39.063
"Directions from San Martín de los Andes, Neuquén Province to Pitrufquén, Chile",,,2.61392684472431,314.99999999592893,-72.513,-39.063
"Directions from San Martín de los Andes, Neuquén Province to Pitrufquén, Chile",,,2.61394920540408,315.00000000000000,-72.513,-39.063
"Directions from San Martín de los Andes, Neuquén Province to Pitrufquén, Chile",,,2.61399392676363,305.78252559261011,-72.514,-39.062
"Directions from San Martín de los Andes, Neuquén Province to Pitrufquén, Chile",,,2.61403635317050,305.78252558853899,-72.514,-39.062
"Directions from San Martín de los Andes, Neuquén Province to Pitrufquén, Chile",,,2.61405871385028,305.78252558853899,-72.514,-39.062
"Directions from San Martín de los Andes, Neuquén Province to Pitrufquén, Chile",,,2.61411528239277,305.78252558853899,-72.514,-39.062
"Directions from San Martín de los Andes, Neuquén Province to Pitrufquén, Chile",,,2.61416000375232,314.99999999592893,-72.514,-39.062
"Directions from San Martín de los Andes, Neuquén Province to Pitrufquén, Chile",,,2.61418236443210,315.00000000407113,-72.514,-39.062
"Directions from San Martín de los Andes, Neuquén Province to Pitrufquén, Chile",,,2.61420472511187,305.78252558650343,-72.514,-39.062
"Directions from San Martín de los Andes, Neuquén Province to Pitrufquén, Chile",,,2.61421886724749,305.78252557836123,-72.514,-39.062
"Directions from San Martín de los Andes, Neuquén Province to Pitrufquén, Chile",,,2.61424122792727,305.78252559193152,-72.514,-39.062
"Directions from San Martín de los Andes, Neuquén Province to Pitrufquén, Chile",,,2.61428365433414,305.78252559193152,-72.514,-39.062
"Directions from San Martín de los Andes, Neuquén Province to Pitrufquén, Chile",,,2.61430601501391,305.78252558514646,-72.514,-39.062
"Directions from San Martín de los Andes, Neuquén Province to Pitrufquén, Chile",,,2.61434844142079,305.78252558514646,-72.514,-39.062
"Directions from San Martín de los Andes, Neuquén Province to Pitrufquén, Chile",,,2.61437080210055,305.78252558514646,-72.514,-39.062
"Directions from San Martín de los Andes, Neuquén Province to Pitrufquén, Chile",,,2.61441322850743,305.78252558514646,-72.514,-39.062
"Directions from San Martín de los Andes, Neuquén Province to Pitrufquén, Chile",,,2.61443558918720,305.78252559108347,-72.514,-39.062
"Directions from San Martín de los Andes, Neuquén Province to Pitrufquén, Chile",,,2.61449215772970,305.78252558294122,-72.514,-39.062
"Directions from San Martín de los Andes, Neuquén Province to Pitrufquén, Chile",,,2.61451451840947,305.78252558378932,-72.514,-39.062
"Directions from San Martín de los Andes, Neuquén Province to Pitrufquén, Chile",,,2.61455694481634,305.78252558378932,-72.514,-39.062
"Directions from San Martín de los Andes, Neuquén Province to Pitrufquén, Chile",,,2.61457930549612,305.78252558378932,-72.514,-39.062
"Directions from San Martín de los Andes, Neuquén Province to Pitrufquén, Chile",,,2.61462173190299,305.78252559193152,-72.514,-39.062
"Directions from San Martín de los Andes, Neuquén Province to Pitrufquén, Chile",,,2.61464409258277,305.78252558853899,-72.514,-39.062
"Directions from San Martín de los Andes, Neuquén Province to Pitrufquén, Chile",,,2.61470066112527,305.78252558853899,-72.514,-39.062
"Directions from San Martín de los Andes, Neuquén Province to Pitrufquén, Chile",,,2.61474538248482,314.99999999592893,-72.514,-39.062
"Directions from San Martín de los Andes, Neuquén Province to Pitrufquén, Chile",,,2.61476774316459,315.00000000407113,-72.514,-39.062
"Directions from San Martín de los Andes, Neuquén Province to Pitrufquén, Chile",,,2.61479010384436,305.78252559668118,-72.514,-39.062
"Directions from San Martín de los Andes, Neuquén Province to Pitrufquén, Chile",,,2.61484667238685,305.78252558039679,-72.514,-39.062
"Directions from San Martín de los Andes, Neuquén Province to Pitrufquén, Chile",,,2.61486903306663,305.78252558378932,-72.514,-39.062
"Directions from San Martín de los Andes, Neuquén Province to Pitrufquén, Chile",,,2.61491145947350,305.78252559193152,-72.514,-39.062
"Directions from San Martín de los Andes, Neuquén Province to Pitrufquén, Chile",,,2.61493382015328,305.78252558853899,-72.514,-39.062
"Directions from San Martín de los Andes, Neuquén Province to Pitrufquén, Chile",,,2.61497624656015,305.78252558853899,-72.514,-39.062
"Directions from San Martín de los Andes, Neuquén Province to Pitrufquén, Chile",,,2.61499860723993,305.78252558853899,-72.514,-39.062
"Directions from San Martín de los Andes, Neuquén Province to Pitrufquén, Chile",,,2.61505517578242,305.78252558853899,-72.514,-39.062
"Directions from San Martín de los Andes, Neuquén Province to Pitrufquén, Chile",,,2.61509989714197,314.99999999592893,-72.514,-39.062
"Directions from San Martín de los Andes, Neuquén Province to Pitrufquén, Chile",,,2.61512225782175,315.00000000407113,-72.514,-39.062
"Directions from San Martín de los Andes, Neuquén Province to Pitrufquén, Chile",,,2.61514461850152,305.78252559668118,-72.514,-39.062
"Directions from San Martín de los Andes, Neuquén Province to Pitrufquén, Chile",,,2.61518704490838,305.78252558853899,-72.514,-39.062
"Directions from San Martín de los Andes, Neuquén Province to Pitrufquén, Chile",,,2.61520940558816,305.78252558853899,-72.514,-39.062
"Directions from San Martín de los Andes, Neuquén Province to Pitrufquén, Chile",,,2.61526597413066,305.78252558853899,-72.515,-39.062
"Directions from San Martín de los Andes, Neuquén Province to Pitrufquén, Chile",,,2.61531069549021,314.99999999592893,-72.515,-39.062
"Directions from San Martín de los Andes, Neuquén Province to Pitrufquén, Chile",,,2.61533305616998,317.19935267402536,-72.515,-39.062
"Directions from San Martín de los Andes, Neuquén Province to Pitrufquén, Chile",,,2.61539136568893,317.19935267402536,-72.515,-39.062
"Directions from San Martín de los Andes, Neuquén Province to Pitrufquén, Chile",,,2.61541372636871,314.99999999592893,-72.515,-39.062
"Directions from San Martín de los Andes, Neuquén Province to Pitrufquén, Chile",,,2.61545844772826,314.99999999592893,-72.515,-39.062
"Directions from San Martín de los Andes, Neuquén Province to Pitrufquén, Chile",,,2.61548080840803,315.00000000000000,-72.515,-39.062
"Directions from San Martín de los Andes, Neuquén Province to Pitrufquén, Chile",,,2.61552552976758,315.00000001628445,-72.515,-39.062
"Directions from San Martín de los Andes, Neuquén Province to Pitrufquén, Chile",,,2.61554789044735,315.00000000407113,-72.515,-39.062
"Directions from San Martín de los Andes, Neuquén Province to Pitrufquén, Chile",,,2.61557025112713,305.78252558039679,-72.515,-39.062
"Directions from San Martín de los Andes, Neuquén Province to Pitrufquén, Chile",,,2.61558439326276,305.78252558853899,-72.515,-39.062
"Directions from San Martín de los Andes, Neuquén Province to Pitrufquén, Chile",,,2.61560675394253,305.78252558514646,-72.515,-39.062
"Directions from San Martín de los Andes, Neuquén Province to Pitrufquén, Chile",,,2.61564918034941,305.78252559328865,-72.515,-39.061
"Directions from San Martín de los Andes, Neuquén Province to Pitrufquén, Chile",,,2.61567154102918,305.78252558989601,-72.515,-39.061
"Directions from San Martín de los Andes, Neuquén Province to Pitrufquén, Chile",,,2.61571396743605,305.78252558989601,-72.515,-39.061
"Directions from San Martín de los Andes, Neuquén Province to Pitrufquén, Chile",,,2.61573632811582,305.78252559668118,-72.515,-39.061
"Directions from San Martín de los Andes, Neuquén Province to Pitrufquén, Chile",,,2.61577875452269,305.78252558853899,-72.515,-39.061
"Directions from San Martín de los Andes, Neuquén Province to Pitrufquén, Chile",,,2.61580111520247,305.78252558345008,-72.515,-39.061
"Directions from San Martín de los Andes, Neuquén Province to Pitrufquén, Chile",,,2.61582939947372,309.34503375946684,-72.515,-39.061
"Directions from San Martín de los Andes, Neuquén Province to Pitrufquén, Chile",,,2.61586545498647,306.09536062498597,-72.515,-39.061
"Directions from San Martín de los Andes, Neuquén Province to Pitrufquén, Chile",,,2.61642768269834,306.53158918480301,-72.515,-39.061
"Directions from San Martín de los Andes, Neuquén Province to Pitrufquén, Chile",,,2.61697412574204,300.98505004281981,-72.516,-39.061
"Directions from San Martín de los Andes, Neuquén Province to Pitrufquén, Chile",,,2.61727826386855,295.77655869940355,-72.516,-39.061
"Directions from San Martín de los Andes, Neuquén Province to Pitrufquén, Chile",,,2.61759606884019,290.83555516735652,-72.516,-39.060
"Directions from San Martín de los Andes, Neuquén Province to Pitrufquén, Chile",,,2.61779531742864,285.82802411762196,-72.517,-39.060
"Directions from San Martín de los Andes, Neuquén Province to Pitrufquén, Chile",,,2.61926993602340,283.05330615330581,-72.518,-39.060
"Directions from San Martín de los Andes, Neuquén Province to Pitrufquén, Chile",,,2.61960727857927,280.64986211113074,-72.518,-39.060
"Directions from San Martín de los Andes, Neuquén Province to Pitrufquén, Chile",,,2.62028624838714,277.51709245658748,-72.519,-39.060
"Directions from San Martín de los Andes, Neuquén Province to Pitrufquén, Chile",,,2.62038674714335,277.78820003971765,-72.519,-39.060
"Directions from San Martín de los Andes, Neuquén Province to Pitrufquén, Chile",,,2.62062019949396,278.24916077943135,-72.519,-39.060
"Directions from San Martín de los Andes, Neuquén Province to Pitrufquén, Chile",,,2.62105309671039,275.10442449467371,-72.520,-39.060
"Directions from San Martín de los Andes, Neuquén Province to Pitrufquén, Chile",,,2.62137372110123,275.14308559181899,-72.520,-39.060
"Directions from San Martín de los Andes, Neuquén Province to Pitrufquén, Chile",,,2.62171606595660,279.00988463906089,-72.520,-39.060
"Directions from San Martín de los Andes, Neuquén Province to Pitrufquén, Chile",,,2.62176705615173,275.65496623466134,-72.521,-39.060
"Directions from San Martín de los Andes, Neuquén Province to Pitrufquén, Chile",,,2.62179705615173,278.76278418737411,-72.521,-39.060
"Directions from San Martín de los Andes, Neuquén Province to Pitrufquén, Chile",,,2.62199630474018,278.76278418737411,-72.521,-39.060
"Directions from San Martín de los Andes, Neuquén Province to Pitrufquén, Chile",,,2.62201630474019,282.88466381203193,-72.521,-39.060
"Directions from San Martín de los Andes, Neuquén Province to Pitrufquén, Chile",,,2.62233832958394,299.33728527367481,-72.521,-39.059
"Directions from San Martín de los Andes, Neuquén Province to Pitrufquén, Chile",,,2.62254081415125,308.95262146164288,-72.521,-39.059
"Directions from San Martín de los Andes, Neuquén Province to Pitrufquén, Chile",,,2.62262566696500,312.80064732034691,-72.521,-39.059
"Directions from San Martín de los Andes, Neuquén Province to Pitrufquén, Chile",,,2.62271786240958,312.80064732034691,-72.521,-39.059
"Directions from San Martín de los Andes, Neuquén Province to Pitrufquén, Chile",,,2.62284514163019,319.37308113204244,-72.521,-39.059
"Directions from San Martín de los Andes, Neuquén Province to Pitrufquén, Chile",,,2.62303115238257,326.39120286540697,-72.522,-39.059
"Directions from San Martín de los Andes, Neuquén Province to Pitrufquén, Chile",,,2.62314777142047,331.23559614482554,-72.522,-39.059
"Directions from San Martín de los Andes, Neuquén Province to Pitrufquén, Chile",,,2.62323721413956,337.50000000135702,-72.522,-39.059
"Directions from San Martín de los Andes, Neuquén Province to Pitrufquén, Chile",,,2.62333208246937,344.79445936722198,-72.522,-39.059
"Directions from San Martín de los Andes, Neuquén Province to Pitrufquén, Chile",,,2.62366942502524,350.84183790759812,-72.522,-39.058
"Directions from San Martín de los Andes, Neuquén Province to Pitrufquén, Chile",,,2.62375997887662,355.72860504905850,-72.522,-39.058
"Directions from San Martín de los Andes, Neuquén Province to Pitrufquén, Chile",,,2.62402017111325,359.74104307799837,-72.522,-39.058
"Directions from San Martín de los Andes, Neuquén Province to Pitrufquén, Chile",,,2.62436031814028,359.25242709877887,-72.522,-39.058
"Directions from San Martín de los Andes, Neuquén Province to Pitrufquén, Chile",,,2.62454059570406,358.41008493956684,-72.522,-39.058
"Directions from San Martín de los Andes, Neuquén Province to Pitrufquén, Chile",,,2.62472059570406,358.31676966772352,-72.522,-39.057
"Directions from San Martín de los Andes, Neuquén Province to Pitrufquén, Chile",,,2.62506118343137,345.03424407918459,-72.522,-39.057
"Directions from San Martín de los Andes, Neuquén Province to Pitrufquén, Chile",,,2.62508354411115,342.92015272858748,-72.522,-39.057
"Directions from San Martín de los Andes, Neuquén Province to Pitrufquén, Chile",,,2.62523487157065,349.70536992059652,-72.522,-39.057
"Directions from San Martín de los Andes, Neuquén Province to Pitrufquén, Chile",,,2.62550170485193,345.30792143638774,-72.522,-39.057
"Directions from San Martín de los Andes, Neuquén Province to Pitrufquén, Chile",,,2.62567890530340,341.97831780324640,-72.522,-39.056
"Directions from San Martín de los Andes, Neuquén Province to Pitrufquén, Chile",,,2.62582756599087,338.19184348345925,-72.522,-39.056
"Directions from San Martín de los Andes, Neuquén Province to Pitrufquén, Chile",,,2.62592605456889,334.01416715940377,-72.522,-39.056
"Directions from San Martín de los Andes, Neuquén Province to Pitrufquén, Chile",,,2.62645840783506,329.91926407587027,-72.522,-39.056
"Directions from San Martín de los Andes, Neuquén Province to Pitrufquén, Chile",,,2.62687180836723,329.18590792782840,-72.522,-39.055
"Directions from San Martín de los Andes, Neuquén Province to Pitrufquén, Chile",,,2.62713600526350,329.04217404677070,-72.523,-39.055
"Directions from San Martín de los Andes, Neuquén Province to Pitrufquén, Chile",,,2.62853418264853,326.15633101899937,-72.523,-39.054
"Directions from San Martín de los Andes, Neuquén Province to Pitrufquén, Chile",,,2.62945255076644,329.09368688599210,-72.524,-39.053
"Directions from San Martín de los Andes, Neuquén Province to Pitrufquén, Chile",,,2.62949727212599,324.21747441892467,-72.524,-39.053
"Directions from San Martín de los Andes, Neuquén Province to Pitrufquén, Chile",,,2.62953969853286,324.21747441078247,-72.524,-39.053
"Directions from San Martín de los Andes, Neuquén Province to Pitrufquén, Chile",,,2.62958441989241,324.21747441078247,-72.524,-39.053
"Directions from San Martín de los Andes, Neuquén Province to Pitrufquén, Chile",,,2.62962684629928,324.21747441078247,-72.524,-39.053
"Directions from San Martín de los Andes, Neuquén Province to Pitrufquén, Chile",,,2.62967156765883,324.21747441078247,-72.524,-39.053
"Directions from San Martín de los Andes, Neuquén Province to Pitrufquén, Chile",,,2.62971399406570,319.89120351797993,-72.524,-39.053
"Directions from San Martín de los Andes, Neuquén Province to Pitrufquén, Chile",,,2.62992208058617,319.89120351797993,-72.524,-39.053
"Directions from San Martín de los Andes, Neuquén Province to Pitrufquén, Chile",,,2.62996450699304,324.21747441892467,-72.524,-39.053
"Directions from San Martín de los Andes, Neuquén Province to Pitrufquén, Chile",,,2.63000922835259,329.22146431515989,-72.524,-39.053
"Directions from San Martín de los Andes, Neuquén Province to Pitrufquén, Chile",,,2.63013129390875,329.22146431515989,-72.524,-39.053
"Directions from San Martín de los Andes, Neuquén Province to Pitrufquén, Chile",,,2.63017601526829,324.21747441213955,-72.524,-39.053
"Directions from San Martín de los Andes, Neuquén Province to Pitrufquén, Chile",,,2.63021844167517,324.21747441213955,-72.524,-39.053
"Directions from San Martín de los Andes, Neuquén Province to Pitrufquén, Chile",,,2.63026316303472,329.87244064627902,-72.524,-39.053
"Directions from San Martín de los Andes, Neuquén Province to Pitrufquén, Chile",,,2.63029921854747,329.87244064831458,-72.524,-39.052
"Directions from San Martín de los Andes, Neuquén Province to Pitrufquén, Chile",,,2.63034393990703,324.21747441078247,-72.524,-39.052
"Directions from San Martín de los Andes, Neuquén Province to Pitrufquén, Chile",,,2.63038636631390,324.21747440569357,-72.524,-39.052
"Directions from San Martín de los Andes, Neuquén Province to Pitrufquén, Chile",,,2.63047580903300,337.49999999694666,-72.524,-39.052
"Directions from San Martín de los Andes, Neuquén Province to Pitrufquén, Chile",,,2.63050743180960,337.49999999694666,-72.524,-39.052
"Directions from San Martín de los Andes, Neuquén Province to Pitrufquén, Chile",,,2.63059687452870,329.87244065262047,-72.525,-39.052
"Directions from San Martín de los Andes, Neuquén Province to Pitrufquén, Chile",,,2.63063293004145,336.13684450498107,-72.525,-39.052
"Directions from San Martín de los Andes, Neuquén Province to Pitrufquén, Chile",,,2.63067416109771,339.69935267222922,-72.525,-39.052
"Directions from San Martín de los Andes, Neuquén Province to Pitrufquén, Chile",,,2.63071888245727,339.69935268061096,-72.525,-39.052
"Directions from San Martín de los Andes, Neuquén Province to Pitrufquén, Chile",,,2.63076011351352,336.13684450709951,-72.525,-39.052
"Directions from San Martín de los Andes, Neuquén Province to Pitrufquén, Chile",,,2.63079616902628,336.13684449752049,-72.525,-39.052
"Directions from San Martín de los Andes, Neuquén Province to Pitrufquén, Chile",,,2.63087863113879,339.69935267917407,-72.525,-39.052
"Directions from San Martín de los Andes, Neuquén Province to Pitrufquén, Chile",,,2.63092335249833,339.34569299719129,-72.525,-39.052
"Directions from San Martín de los Andes, Neuquén Province to Pitrufquén, Chile",,,2.63111982132538,352.62821858165916,-72.525,-39.052
"Directions from San Martín de los Andes, Neuquén Province to Pitrufquén, Chile",,,2.63115982132538,352.98187826424066,-72.525,-39.052
"Directions from San Martín de los Andes, Neuquén Province to Pitrufquén, Chile",,,2.63124228343790,352.98187826424066,-72.525,-39.052
"Directions from San Martín de los Andes, Neuquén Province to Pitrufquén, Chile",,,2.63128228343790,350.78252559668118,-72.525,-39.052
"Directions from San Martín de los Andes, Neuquén Province to Pitrufquén, Chile",,,2.63131390621449,350.78252559668118,-72.525,-39.052
"Directions from San Martín de los Andes, Neuquén Province to Pitrufquén, Chile",,,2.63151390621449,352.98187826483934,-72.525,-39.051
"Directions from San Martín de los Andes, Neuquén Province to Pitrufquén, Chile",,,2.63155513727075,352.98187826483934,-72.525,-39.051
"Directions from San Martín de los Andes, Neuquén Province to Pitrufquén, Chile",,,2.63175513727075,7.01812173635801,-72.525,-39.051
"Directions from San Martín de los Andes, Neuquén Province to Pitrufquén, Chile",,,2.63179636832701,7.01812173635802,-72.525,-39.051
"Directions from San Martín de los Andes, Neuquén Province to Pitrufquén, Chile",,,2.63295636832701,7.01812172677893,-72.525,-39.050
"Directions from San Martín de los Andes, Neuquén Province to Pitrufquén, Chile",,,2.63299759938326,7.38073387642268,-72.525,-39.050
"Directions from San Martín de los Andes, Neuquén Province to Pitrufquén, Chile",,,2.63457772596047,359.94745440638229,-72.525,-39.048
"Directions from San Martín de los Andes, Neuquén Province to Pitrufquén, Chile",,,2.63526779842043,357.64558000539614,-72.525,-39.048
"Directions from San Martín de los Andes, Neuquén Province to Pitrufquén, Chile",,,2.63585915279811,351.79633389432138,-72.525,-39.047
"Directions from San Martín de los Andes, Neuquén Province to Pitrufquén, Chile",,,2.63604354368726,344.51812173379562,-72.525,-39.047
"Directions from San Martín de los Andes, Neuquén Province to Pitrufquén, Chile",,,2.63620165757027,338.05085305659406,-72.525,-39.047
"Directions from San Martín de los Andes, Neuquén Province to Pitrufquén, Chile",,,2.63643425163726,332.14010888806865,-72.525,-39.046
"Directions from San Martín de los Andes, Neuquén Province to Pitrufquén, Chile",,,2.63671210051704,326.16910310334663,-72.525,-39.046
"Directions from San Martín de los Andes, Neuquén Province to Pitrufquén, Chile",,,2.63714011920823,324.45228792075028,-72.525,-39.046
"Directions from San Martín de los Andes, Neuquén Province to Pitrufquén, Chile",,,2.63721223023374,322.98839542269275,-72.525,-39.046
"Directions from San Martín de los Andes, Neuquén Province to Pitrufquén, Chile",,,2.63999330916106,320.80990791986511,-72.527,-39.044
"Directions from San Martín de los Andes, Neuquén Province to Pitrufquén, Chile",,,2.64028537079839,323.20763983819518,-72.527,-39.043
"Directions from San Martín de los Andes, Neuquén Province to Pitrufquén, Chile",,,2.64105958007243,325.85232670352616,-72.528,-39.043
"Directions from San Martín de los Andes, Neuquén Province to Pitrufquén, Chile",,,2.64259352922412,325.60747890740168,-72.529,-39.042
"Directions from San Martín de los Andes, Neuquén Province to Pitrufquén, Chile",,,2.64272954392921,326.13559847345408,-72.529,-39.041
"Directions from San Martín de los Andes, Neuquén Province to Pitrufquén, Chile",,,2.64312916875326,327.45502837723512,-72.529,-39.041
"Directions from San Martín de los Andes, Neuquén Province to Pitrufquén, Chile",,,2.64418311372337,327.23478829816275,-72.529,-39.040
"Directions from San Martín de los Andes, Neuquén Province to Pitrufquén, Chile",,,2.64551765484300,325.73686917864853,-72.530,-39.039
"Directions from San Martín de los Andes, Neuquén Province to Pitrufquén, Chile",,,2.64575366331743,327.77158062451036,-72.530,-39.039
"Directions from San Martín de los Andes, Neuquén Province to Pitrufquén, Chile",,,2.64609366331742,335.06305178964732,-72.530,-39.039
"Directions from San Martín de los Andes, Neuquén Province to Pitrufquén, Chile",,,2.64641677320585,341.63358666839224,-72.531,-39.038
"Directions from San Martín de los Andes, Neuquén Province to Pitrufquén, Chile",,,2.64657201495281,347.31555373547286,-72.531,-39.038
"Directions from San Martín de los Andes, Neuquén Province to Pitrufquén, Chile",,,2.64734480211627,347.44306575532380,-72.531,-39.037
"Directions from San Martín de los Andes, Neuquén Province to Pitrufquén, Chile",,,2.64777896798320,340.02294231316171,-72.531,-39.037
"Directions from San Martín de los Andes, Neuquén Province to Pitrufquén, Chile",,,2.64817708856794,331.51042404777644,-72.531,-39.037
"Directions from San Martín de los Andes, Neuquén Province to Pitrufquén, Chile",,,2.64857671339199,333.24858042192199,-72.531,-39.036
"Directions from San Martín de los Andes, Neuquén Province to Pitrufquén, Chile",,,2.64873826833621,339.88182084448806,-72.531,-39.036
"Directions from San Martín de los Andes, Neuquén Province to Pitrufquén, Chile",,,2.64889638221922,347.77802261050005,-72.531,-39.036
"Directions from San Martín de los Andes, Neuquén Province to Pitrufquén, Chile",,,2.64908743195096,356.99549702236811,-72.531,-39.036
"Directions from San Martín de los Andes, Neuquén Province to Pitrufquén, Chile",,,2.64924743195096,3.29097232702440,-72.531,-39.036
"Directions from San Martín de los Andes, Neuquén Province to Pitrufquén, Chile",,,2.64950915699753,10.30909406338241,-72.531,-39.035
"Directions from San Martín de los Andes, Neuquén Province to Pitrufquén, Chile",,,2.64955038805378,10.40120914736353,-72.531,-39.035
"Directions from San Martín de los Andes, Neuquén Province to Pitrufquén, Chile",,,2.65014452608488,359.82057923561513,-72.531,-39.035
"Directions from San Martín de los Andes, Neuquén Province to Pitrufquén, Chile",,,2.65022514866237,350.17308797027334,-72.531,-39.035
"Directions from San Martín de los Andes, Neuquén Province to Pitrufquén, Chile",,,2.65040953955151,344.87769979241824,-72.531,-39.034
"Directions from San Martín de los Andes, Neuquén Province to Pitrufquén, Chile",,,2.65116538345074,341.24266546952089,-72.532,-39.034
"Directions from San Martín de los Andes, Neuquén Province to Pitrufquén, Chile",,,2.65143109005586,336.27757414147658,-72.532,-39.034
"Directions from San Martín de los Andes, Neuquén Province to Pitrufquén, Chile",,,2.65166815544767,331.04879373722684,-72.532,-39.033
"Directions from San Martín de los Andes, Neuquén Province to Pitrufquén, Chile",,,2.65208492876735,326.43683259396613,-72.532,-39.033
"Directions from San Martín de los Andes, Neuquén Province to Pitrufquén, Chile",,,2.65218492876735,325.11242971350873,-72.532,-39.033
"Directions from San Martín de los Andes, Neuquén Province to Pitrufquén, Chile",,,2.65238741333467,328.67493788979687,-72.532,-39.033
"Directions from San Martín de los Andes, Neuquén Province to Pitrufquén, Chile",,,2.65262928106712,331.84503376370753,-72.532,-39.032
"Directions from San Martín de los Andes, Neuquén Province to Pitrufquén, Chile",,,2.65280816650532,335.52740688508680,-72.532,-39.032
"Directions from San Martín de los Andes, Neuquén Province to Pitrufquén, Chile",,,2.65299201426843,339.35764455198546,-72.532,-39.032
"Directions from San Martín de los Andes, Neuquén Province to Pitrufquén, Chile",,,2.65376363593738,344.16894599863696,-72.533,-39.031
"Directions from San Martín de los Andes, Neuquén Province to Pitrufquén, Chile",,,2.65430705106415,353.62123391976843,-72.533,-39.031
"Directions from San Martín de los Andes, Neuquén Province to Pitrufquén, Chile",,,2.65432705106415,352.98187826603674,-72.533,-39.031
"Directions from San Martín de los Andes, Neuquén Province to Pitrufquén, Chile",,,2.65449197528917,348.91682708773737,-72.533,-39.031
"Directions from San Martín de los Andes, Neuquén Province to Pitrufquén, Chile",,,2.65463339664541,346.71747440983262,-72.533,-39.031
"Directions from San Martín de los Andes, Neuquén Province to Pitrufquén, Chile",,,2.65479151052842,333.93749182566387,-72.533,-39.030
"Directions from San Martín de los Andes, Neuquén Province to Pitrufquén, Chile",,,2.65500784360494,324.72001741359225,-72.533,-39.030
"Directions from San Martín de los Andes, Neuquén Province to Pitrufquén, Chile",,,2.65520784360495,332.34757677477694,-72.533,-39.030
"Directions from San Martín de los Andes, Neuquén Province to Pitrufquén, Chile",,,2.65523946638155,333.52826410418066,-72.533,-39.030
"Directions from San Martín de los Andes, Neuquén Province to Pitrufquén, Chile",,,2.65543363125994,329.46321291285381,-72.533,-39.030
"Directions from San Martín de los Andes, Neuquén Province to Pitrufquén, Chile",,,2.65545599193972,328.06550026909906,-72.533,-39.030
"Directions from San Martín de los Andes, Neuquén Province to Pitrufquén, Chile",,,2.65571999951537,318.40732386296537,-72.533,-39.030
"Directions from San Martín de los Andes, Neuquén Province to Pitrufquén, Chile",,,2.65617967331275,318.62434917996256,-72.534,-39.029
"Directions from San Martín de los Andes, Neuquén Province to Pitrufquén, Chile",,,2.65622967331275,318.00450298082183,-72.534,-39.029
"Directions from San Martín de los Andes, Neuquén Province to Pitrufquén, Chile",,,2.65642072304450,291.43945180211540,-72.534,-39.029
"Directions from San Martín de los Andes, Neuquén Province to Pitrufquén, Chile",,,2.65643072304450,286.84503376246795,-72.534,-39.029
"Directions from San Martín de los Andes, Neuquén Province to Pitrufquén, Chile",,,2.65664705612102,306.17493788852005,-72.534,-39.029
"Directions from San Martín de los Andes, Neuquén Province to Pitrufquén, Chile",,,2.65671108736340,305.44428284419337,-72.534,-39.029
"Directions from San Martín de los Andes, Neuquén Province to Pitrufquén, Chile",,,2.65725487040837,308.61437871305242,-72.535,-39.029
"Directions from San Martín de los Andes, Neuquén Province to Pitrufquén, Chile",,,2.65728315467962,306.37927029563986,-72.535,-39.029
"Directions from San Martín de los Andes, Neuquén Province to Pitrufquén, Chile",,,2.65771257289068,298.91356171136425,-72.535,-39.028
"Directions from San Martín de los Andes, Neuquén Province to Pitrufquén, Chile",,,2.65793211787469,301.48691287227854,-72.535,-39.028
"Directions from San Martín de los Andes, Neuquén Province to Pitrufquén, Chile",,,2.65813460244200,305.15529977628051,-72.535,-39.028
"Directions from San Martín de los Andes, Neuquén Province to Pitrufquén, Chile",,,2.65834861178760,311.20267831870871,-72.536,-39.028
"Directions from San Martín de los Andes, Neuquén Province to Pitrufquén, Chile",,,2.65841932246571,310.26883889923312,-72.536,-39.028
"Directions from San Martín de los Andes, Neuquén Province to Pitrufquén, Chile",,,2.65867739222373,303.25071716194708,-72.536,-39.028
"Directions from San Martín de los Andes, Neuquén Province to Pitrufquén, Chile",,,2.65891063029951,295.20189568068531,-72.536,-39.028
"Directions from San Martín de los Andes, Neuquén Province to Pitrufquén, Chile",,,2.65909090786328,284.96575592022793,-72.536,-39.028
"Directions from San Martín de los Andes, Neuquén Province to Pitrufquén, Chile",,,2.65936549846764,277.84295295902723,-72.536,-39.028
"Directions from San Martín de los Andes, Neuquén Province to Pitrufquén, Chile",,,2.65947595207782,272.59721445269946,-72.537,-39.028
"Directions from San Martín de los Andes, Neuquén Province to Pitrufquén, Chile",,,2.65961595207782,267.61817915547920,-72.537,-39.028
"Directions from San Martín de los Andes, Neuquén Province to Pitrufquén, Chile",,,2.65973636802360,261.44049922292334,-72.537,-39.028
"Directions from San Martín de los Andes, Neuquén Province to Pitrufquén, Chile",,,2.66081126336735,258.88941659612607,-72.538,-39.028
"Directions from San Martín de los Andes, Neuquén Province to Pitrufquén, Chile",,,2.66104471571795,258.66496349579859,-72.538,-39.028
"Directions from San Martín de los Andes, Neuquén Province to Pitrufquén, Chile",,,2.66127032600140,259.53281579126002,-72.538,-39.028
"Directions from San Martín de los Andes, Neuquén Province to Pitrufquén, Chile",,,2.66134103667952,258.46924023431438,-72.538,-39.028
"Directions from San Martín de los Andes, Neuquén Province to Pitrufquén, Chile",,,2.66149627842649,256.61325335254776,-72.539,-39.028
"Directions from San Martín de los Andes, Neuquén Province to Pitrufquén, Chile",,,2.66212976086507,260.01391076550226,-72.539,-39.028
"Directions from San Martín de los Andes, Neuquén Province to Pitrufquén, Chile",,,2.66227118222131,264.08925582996318,-72.539,-39.028
"Directions from San Martín de los Andes, Neuquén Province to Pitrufquén, Chile",,,2.66258182671265,272.21935818554408,-72.540,-39.028
"Directions from San Martín de los Andes, Neuquén Province to Pitrufquén, Chile",,,2.66265253739076,274.06505117870648,-72.540,-39.028
"Directions from San Martín de los Andes, Neuquén Province to Pitrufquén, Chile",,,2.66270253739076,275.00398990003760,-72.540,-39.028
"Directions from San Martín de los Andes, Neuquén Province to Pitrufquén, Chile",,,2.66287516415578,282.97668785075507,-72.540,-39.028
"Directions from San Martín de los Andes, Neuquén Province to Pitrufquén, Chile",,,2.66309356745247,277.97269795071747,-72.540,-39.028
"Directions from San Martín de los Andes, Neuquén Province to Pitrufquén, Chile",,,2.66310356745246,280.42722901898298,-72.540,-39.028
"Directions from San Martín de los Andes, Neuquén Province to Pitrufquén, Chile",,,2.66332828950301,292.93567575885021,-72.540,-39.028
"Directions from San Martín de los Andes, Neuquén Province to Pitrufquén, Chile",,,2.66349381895657,299.85602350564704,-72.541,-39.028
"Directions from San Martín de los Andes, Neuquén Province to Pitrufquén, Chile",,,2.66365193283958,309.84757676476210,-72.541,-39.028
"Directions from San Martín de los Andes, Neuquén Province to Pitrufquén, Chile",,,2.66379335419582,323.34962211513869,-72.541,-39.028
"Directions from San Martín de los Andes, Neuquén Province to Pitrufquén, Chile",,,2.66394100242643,345.84962211615647,-72.541,-39.028
"Directions from San Martín de los Andes, Neuquén Province to Pitrufquén, Chile",,,2.66395100242642,351.32298768165202,-72.541,-39.028
"Directions from San Martín de los Andes, Neuquén Province to Pitrufquén, Chile",,,2.66411863297257,351.32298768165202,-72.541,-39.028
"Directions from San Martín de los Andes, Neuquén Province to Pitrufquén, Chile",,,2.66412863297256,354.55723647409343,-72.541,-39.028
"Directions from San Martín de los Andes, Neuquén Province to Pitrufquén, Chile",,,2.66439339701846,352.17541562802847,-72.541,-39.027
"Directions from San Martín de los Andes, Neuquén Province to Pitrufquén, Chile",,,2.66451381296425,350.60005741757703,-72.541,-39.027
"Directions from San Martín de los Andes, Neuquén Province to Pitrufquén, Chile",,,2.66463750613302,340.59430798081473,-72.541,-39.027
"Directions from San Martín de los Andes, Neuquén Province to Pitrufquén, Chile",,,2.66478068434365,330.35816822263666,-72.541,-39.027
"Directions from San Martín de los Andes, Neuquén Province to Pitrufquén, Chile",,,2.66497484922204,318.04638582808587,-72.541,-39.027
"Directions from San Martín de los Andes, Neuquén Province to Pitrufquén, Chile",,,2.66515924011119,302.68821760717032,-72.541,-39.027
"Directions from San Martín de los Andes, Neuquén Province to Pitrufquén, Chile",,,2.66558877474308,291.60504469550045,-72.542,-39.026
"Directions from San Martín de los Andes, Neuquén Province to Pitrufquén, Chile",,,2.66584175695590,292.12797039845867,-72.542,-39.026
"Directions from San Martín de los Andes, Neuquén Province to Pitrufquén, Chile",,,2.66618614046306,299.75552975206222,-72.542,-39.026
"Directions from San Martín de los Andes, Neuquén Province to Pitrufquén, Chile",,,2.66625825148856,309.34503375777047,-72.542,-39.026
"Directions from San Martín de los Andes, Neuquén Province to Pitrufquén, Chile",,,2.66630067789543,305.78252558989601,-72.542,-39.026
"Directions from San Martín de los Andes, Neuquén Province to Pitrufquén, Chile",,,2.66632303857520,311.43749183306500,-72.542,-39.026
"Directions from San Martín de los Andes, Neuquén Province to Pitrufquén, Chile",,,2.66650331613898,343.15496623638381,-72.542,-39.026
"Directions from San Martín de los Andes, Neuquén Province to Pitrufquén, Chile",,,2.66655331613898,355.93494882170069,-72.542,-39.026
"Directions from San Martín de los Andes, Neuquén Province to Pitrufquén, Chile",,,2.66662402681710,354.69017236031704,-72.542,-39.026
"Directions from San Martín de los Andes, Neuquén Province to Pitrufquén, Chile",,,2.66685424410576,358.75522353861635,-72.542,-39.026
"Directions from San Martín de los Andes, Neuquén Province to Pitrufquén, Chile",,,2.66716424410576,358.31676967011009,-72.542,-39.025
"Directions from San Martín de los Andes, Neuquén Province to Pitrufquén, Chile",,,2.66733453796942,353.42556615404192,-72.542,-39.025
"Directions from San Martín de los Andes, Neuquén Province to Pitrufquén, Chile",,,2.66762881674881,346.55743199962575,-72.542,-39.025
"Directions from San Martín de los Andes, Neuquén Province to Pitrufquén, Chile",,,2.66776483145389,344.82837555850068,-72.543,-39.025
"Directions from San Martín de los Andes, Neuquén Province to Pitrufquén, Chile",,,2.66793947394586,344.82837555850068,-72.543,-39.025
"Directions from San Martín de los Andes, Neuquén Province to Pitrufquén, Chile",,,2.66807548865095,345.79366927711800,-72.543,-39.024
"Directions from San Martín de los Andes, Neuquén Province to Pitrufquén, Chile",,,2.66812647884609,346.05136448285873,-72.543,-39.024
"Directions from San Martín de los Andes, Neuquén Province to Pitrufquén, Chile",,,2.66861688683950,346.97516961577151,-72.543,-39.024
"Directions from San Martín de los Andes, Neuquén Province to Pitrufquén, Chile",,,2.66867771446480,347.80313030543692,-72.543,-39.024
"Directions from San Martín de los Andes, Neuquén Province to Pitrufquén, Chile",,,2.66883295621176,339.25176581849007,-72.543,-39.024
"Directions from San Martín de los Andes, Neuquén Province to Pitrufquén, Chile",,,2.66885531689154,342.65242323194030,-72.543,-39.024
"Directions from San Martín de los Andes, Neuquén Province to Pitrufquén, Chile",,,2.66899673824777,355.93494882455047,-72.543,-39.024
"Directions from San Martín de los Andes, Neuquén Province to Pitrufquén, Chile",,,2.66939673824777,3.79732168269572,-72.543,-39.023
"Directions from San Martín de los Andes, Neuquén Province to Pitrufquén, Chile",,,2.66954806570728,11.77001963546155,-72.543,-39.023
"Directions from San Martín de los Andes, Neuquén Province to Pitrufquén, Chile",,,2.66962086680618,18.25072056144218,-72.543,-39.023
"Directions from San Martín de los Andes, Neuquén Province to Pitrufquén, Chile",,,2.66970630684362,28.71297143208691,-72.543,-39.023
"Directions from San Martín de los Andes, Neuquén Province to Pitrufquén, Chile",,,2.66995630684363,35.27998258561753,-72.543,-39.023
"Directions from San Martín de los Andes, Neuquén Province to Pitrufquén, Chile",,,2.67010052889465,30.12755935023711,-72.543,-39.022
"Directions from San Martín de los Andes, Neuquén Province to Pitrufquén, Chile",,,2.67027941433285,23.56054819670646,-72.542,-39.022
"Directions from San Martín de los Andes, Neuquén Province to Pitrufquén, Chile",,,2.67036485437029,13.84053078437993,-72.542,-39.022
"Directions from San Martín de los Andes, Neuquén Province to Pitrufquén, Chile",,,2.67044547694777,3.56250817570356,-72.542,-39.022
"Directions from San Martín de los Andes, Neuquén Province to Pitrufquén, Chile",,,2.67051547694778,355.93494882170069,-72.542,-39.022
"Directions from San Martín de los Andes, Neuquén Province to Pitrufquén, Chile",,,2.67058618762590,347.96225087431185,-72.542,-39.022
"Directions from San Martín de los Andes, Neuquén Province to Pitrufquén, Chile",,,2.67065898872479,337.72207221859134,-72.542,-39.022
"Directions from San Martín de los Andes, Neuquén Province to Pitrufquén, Chile",,,2.67078428836565,327.25982134590794,-72.543,-39.022
"Directions from San Martín de los Andes, Neuquén Province to Pitrufquén, Chile",,,2.67088428836565,320.74828151037923,-72.543,-39.022
"Directions from San Martín de los Andes, Neuquén Province to Pitrufquén, Chile",,,2.67112512025722,315.17683657858475,-72.543,-39.022
"Directions from San Martín de los Andes, Neuquén Province to Pitrufquén, Chile",,,2.67152872897863,308.81351084722922,-72.543,-39.021
"Directions from San Martín de los Andes, Neuquén Province to Pitrufquén, Chile",,,2.67218087926806,308.12055192171800,-72.544,-39.021
"Directions from San Martín de los Andes, Neuquén Province to Pitrufquén, Chile",,,2.67236527015721,317.69185083880774,-72.544,-39.021
"Directions from San Martín de los Andes, Neuquén Province to Pitrufquén, Chile",,,2.67257335667767,326.90932524655682,-72.544,-39.021
"Directions from San Martín de los Andes, Neuquén Province to Pitrufquén, Chile",,,2.67263166619662,333.99936621724049,-72.544,-39.021
"Directions from San Martín de los Andes, Neuquén Province to Pitrufquén, Chile",,,2.67277095007940,345.91873631382771,-72.544,-39.020
"Directions from San Martín de los Andes, Neuquén Province to Pitrufquén, Chile",,,2.67293219523436,356.43749182695836,-72.544,-39.020
"Directions from San Martín de los Andes, Neuquén Province to Pitrufquén, Chile",,,2.67318219523436,3.56250817539039,-72.544,-39.020
"Directions from San Martín de los Andes, Neuquén Province to Pitrufquén, Chile",,,2.67326281781185,3.56250817539038,-72.544,-39.020
"Directions from San Martín de los Andes, Neuquén Province to Pitrufquén, Chile",,,2.67336281781185,3.17009587171376,-72.544,-39.020
"Directions from San Martín de los Andes, Neuquén Province to Pitrufquén, Chile",,,2.67354392551461,4.76001093214695,-72.544,-39.020
"Directions from San Martín de los Andes, Neuquén Province to Pitrufquén, Chile",,,2.67372420307838,5.15242323613673,-72.544,-39.020
"Directions from San Martín de los Andes, Neuquén Province to Pitrufquén, Chile",,,2.67380482565586,0.39241230175563,-72.544,-39.019
"Directions from San Martín de los Andes, Neuquén Province to Pitrufquén, Chile",,,2.67389537950724,356.82990412605210,-72.544,-39.019
"Directions from San Martín de los Andes, Neuquén Province to Pitrufquén, Chile",,,2.67398537950724,350.78252558989601,-72.544,-39.019
"Directions from San Martín de los Andes, Neuquén Province to Pitrufquén, Chile",,,2.67408024783705,345.12755935132009,-72.544,-39.019
"Directions from San Martín de los Andes, Neuquén Province to Pitrufquén, Chile",,,2.67413123803219,339.21681517849925,-72.544,-39.019
"Directions from San Martín de los Andes, Neuquén Province to Pitrufquén, Chile",,,2.67427016247209,324.96899587194372,-72.544,-39.019
"Directions from San Martín de los Andes, Neuquén Province to Pitrufquén, Chile",,,2.67442636746559,323.25218068874699,-72.544,-39.019
"Directions from San Martín de los Andes, Neuquén Province to Pitrufquén, Chile",,,2.67446242297835,321.89974269483963,-72.544,-39.019
"Directions from San Martín de los Andes, Neuquén Province to Pitrufquén, Chile",,,2.67478799939027,313.64756200642637,-72.544,-39.019
"Directions from San Martín de los Andes, Neuquén Province to Pitrufquén, Chile",,,2.67486610188704,314.60213822535775,-72.544,-39.019
"Directions from San Martín de los Andes, Neuquén Province to Pitrufquén, Chile",,,2.67495829733161,317.64693953498067,-72.544,-39.018
"Directions from San Martín de los Andes, Neuquén Province to Pitrufquén, Chile",,,2.67586350449022,320.17874795882585,-72.545,-39.018
"Directions from San Martín de los Andes, Neuquén Province to Pitrufquén, Chile",,,2.67594952774289,320.29281246065420,-72.545,-39.018
"Directions from San Martín de los Andes, Neuquén Province to Pitrufquén, Chile",,,2.67739230284664,315.20799167253261,-72.546,-39.017
"Directions from San Martín de los Andes, Neuquén Province to Pitrufquén, Chile",,,2.67796510298631,309.64235041525978,-72.547,-39.016
"Directions from San Martín de los Andes, Neuquén Province to Pitrufquén, Chile",,,2.67833129965478,302.72878256000149,-72.547,-39.016
"Directions from San Martín de los Andes, Neuquén Province to Pitrufquén, Chile",,,2.67852853048401,298.51529804787907,-72.547,-39.016
"Directions from San Martín de los Andes, Neuquén Province to Pitrufquén, Chile",,,2.67870741592221,283.28252558752121,-72.547,-39.016
"Directions from San Martín de los Andes, Neuquén Province to Pitrufquén, Chile",,,2.67871741592220,280.42722901898298,-72.547,-39.016
"Directions from San Martín de los Andes, Neuquén Province to Pitrufquén, Chile",,,2.67894213797275,289.20400143232632,-72.547,-39.016
"Directions from San Martín de los Andes, Neuquén Province to Pitrufquén, Chile",,,2.67996999983118,289.67747715637887,-72.548,-39.016
"Directions from San Martín de los Andes, Neuquén Province to Pitrufquén, Chile",,,2.68023925807153,294.74123552718379,-72.549,-39.015
"Directions from San Martín de los Andes, Neuquén Province to Pitrufquén, Chile",,,2.68092809767551,300.07612693065016,-72.549,-39.015
"Directions from San Martín de los Andes, Neuquén Province to Pitrufquén, Chile",,,2.68105848172361,300.69477016802483,-72.549,-39.015
"Directions from San Martín de los Andes, Neuquén Province to Pitrufquén, Chile",,,2.68269218916375,296.61144865466730,-72.551,-39.014
"Directions from San Martín de los Andes, Neuquén Province to Pitrufquén, Chile",,,2.68303233619079,290.12497258389374,-72.551,-39.014
"Directions from San Martín de los Andes, Neuquén Province to Pitrufquén, Chile",,,2.68332354058636,284.59295790807613,-72.551,-39.014
"Directions from San Martín de los Andes, Neuquén Province to Pitrufquén, Chile",,,2.68402211055423,281.77268319244246,-72.552,-39.014
"Directions from San Martín de los Andes, Neuquén Province to Pitrufquén, Chile",,,2.68424571735198,281.69836976713259,-72.552,-39.014
"Directions from San Martín de los Andes, Neuquén Province to Pitrufquén, Chile",,,2.68468719215306,276.54594653201679,-72.553,-39.014
"Directions from San Martín de los Andes, Neuquén Province to Pitrufquén, Chile",,,2.68470719215307,277.62755935262493,-72.553,-39.014
"Directions from San Martín de los Andes, Neuquén Province to Pitrufquén, Chile",,,2.68482120969557,281.69261052766740,-72.553,-39.014
"Directions from San Martín de los Andes, Neuquén Province to Pitrufquén, Chile",,,2.68489192037370,280.40524292097655,-72.553,-39.014
"Directions from San Martín de los Andes, Neuquén Province to Pitrufquén, Chile",,,2.68530192037370,281.42794716757237,-72.553,-39.014
"Directions from San Martín de los Andes, Neuquén Province to Pitrufquén, Chile",,,2.68569815262882,277.46957626756290,-72.554,-39.014
"Directions from San Martín de los Andes, Neuquén Province to Pitrufquén, Chile",,,2.68581856857461,272.38182084592461,-72.554,-39.014
"Directions from San Martín de los Andes, Neuquén Province to Pitrufquén, Chile",,,2.68587856857460,273.81666529353913,-72.554,-39.014
"Directions from San Martín de los Andes, Neuquén Province to Pitrufquén, Chile",,,2.68685724114499,282.36802977832207,-72.555,-39.013
"Directions from San Martín de los Andes, Neuquén Province to Pitrufquén, Chile",,,2.68726528526024,290.15065974108057,-72.555,-39.013
"Directions from San Martín de los Andes, Neuquén Province to Pitrufquén, Chile",,,2.68741760072236,294.88182084526517,-72.555,-39.013
"Directions from San Martín de los Andes, Neuquén Province to Pitrufquén, Chile",,,2.68784245363808,305.78252557878977,-72.556,-39.013
"Directions from San Martín de los Andes, Neuquén Province to Pitrufquén, Chile",,,2.68785659577371,301.71747440157401,-72.556,-39.013
"Directions from San Martín de los Andes, Neuquén Province to Pitrufquén, Chile",,,2.68807795520991,296.06250817004423,-72.556,-39.013
"Directions from San Martín de los Andes, Neuquén Province to Pitrufquén, Chile",,,2.68811401072268,295.30879029089419,-72.556,-39.013
"Directions from San Martín de los Andes, Neuquén Province to Pitrufquén, Chile",,,2.68835442702827,284.86588956508518,-72.556,-39.013
"Directions from San Martín de los Andes, Neuquén Province to Pitrufquén, Chile",,,2.68858003731173,281.36525578588328,-72.556,-39.013
"Directions from San Martín de los Andes, Neuquén Province to Pitrufquén, Chile",,,2.68898611612182,281.58338271086001,-72.557,-39.013
"Directions from San Martín de los Andes, Neuquén Province to Pitrufquén, Chile",,,2.68916075861378,281.07772343594240,-72.557,-39.013
"Directions from San Martín de los Andes, Neuquén Province to Pitrufquén, Chile",,,2.68967699499374,281.47558521244548,-72.558,-39.013
"Directions from San Martín de los Andes, Neuquén Province to Pitrufquén, Chile",,,2.68971822605001,281.39120286512315,-72.558,-39.013
"Directions from San Martín de los Andes, Neuquén Province to Pitrufquén, Chile",,,2.68998128497876,280.02804736803955,-72.558,-39.013
"Directions from San Martín de los Andes, Neuquén Province to Pitrufquén, Chile",,,2.69028722614957,282.49999104568184,-72.558,-39.013
"Directions from San Martín de los Andes, Neuquén Province to Pitrufquén, Chile",,,2.69109003372304,282.49999104581235,-72.559,-39.012
"Directions from San Martín de los Andes, Neuquén Province to Pitrufquén, Chile",,,2.69200785723549,280.23613976003617,-72.560,-39.012
"Directions from San Martín de los Andes, Neuquén Province to Pitrufquén, Chile",,,2.69232186360485,277.53424407952809,-72.560,-39.012
"Directions from San Martín de los Andes, Neuquén Province to Pitrufquén, Chile",,,2.69261341119958,279.97119229286005,-72.560,-39.012
"Directions from San Martín de los Andes, Neuquén Province to Pitrufquén, Chile",,,2.69265464225584,280.30127104675091,-72.560,-39.012
"Directions from San Martín de los Andes, Neuquén Province to Pitrufquén, Chile",,,2.69405382058615,274.78954306241900,-72.562,-39.012
"Directions from San Martín de los Andes, Neuquén Province to Pitrufquén, Chile",,,2.69519539844158,271.50639375202604,-72.563,-39.012
"Directions from San Martín de los Andes, Neuquén Province to Pitrufquén, Chile",,,2.69563539844158,271.19297201470050,-72.563,-39.012
"Directions from San Martín de los Andes, Neuquén Province to Pitrufquén, Chile",,,2.69587560668457,271.19297201470050,-72.564,-39.012
"Directions from San Martín de los Andes, Neuquén Province to Pitrufquén, Chile",,,2.69673560668456,271.58991506043321,-72.565,-39.012
"Directions from San Martín de los Andes, Neuquén Province to Pitrufquén, Chile",,,2.69691588424833,270.76574280801668,-72.565,-39.012
"Directions from San Martín de los Andes, Neuquén Province to Pitrufquén, Chile",,,2.69830645966880,271.21863613674435,-72.566,-39.012
"Directions from San Martín de los Andes, Neuquén Province to Pitrufquén, Chile",,,2.69844681635728,276.64832165988787,-72.566,-39.012
"Directions from San Martín de los Andes, Neuquén Province to Pitrufquén, Chile",,,2.69882164965356,282.57821122157253,-72.567,-39.012
"Directions from San Martín de los Andes, Neuquén Province to Pitrufquén, Chile",,,2.69889445075245,283.07468481169553,-72.567,-39.012
"Directions from San Martín de los Andes, Neuquén Province to Pitrufquén, Chile",,,2.69940248618428,275.94432901944629,-72.567,-39.012
"Directions from San Martín de los Andes, Neuquén Province to Pitrufquén, Chile",,,2.69974263321133,267.55136983148270,-72.567,-39.012
"Directions from San Martín de los Andes, Neuquén Province to Pitrufquén, Chile",,,2.70000435825789,259.24331908335307,-72.568,-39.012
"Directions from San Martín de los Andes, Neuquén Province to Pitrufquén, Chile",,,2.70031484175181,257.53030151042907,-72.568,-39.012
"Directions from San Martín de los Andes, Neuquén Province to Pitrufquén, Chile",,,2.70048746851682,264.99601009996240,-72.568,-39.012
"Directions from San Martín de los Andes, Neuquén Province to Pitrufquén, Chile",,,2.70049746851683,262.98187826364199,-72.568,-39.012
"Directions from San Martín de los Andes, Neuquén Province to Pitrufquén, Chile",,,2.70057993062934,249.69935268324525,-72.568,-39.012
"Directions from San Martín de los Andes, Neuquén Province to Pitrufquén, Chile",,,2.70060229130912,256.71747441960326,-72.568,-39.012
"Directions from San Martín de los Andes, Neuquén Province to Pitrufquén, Chile",,,2.70064229130912,256.71747440331882,-72.568,-39.012
"Directions from San Martín de los Andes, Neuquén Province to Pitrufquén, Chile",,,2.70066465198888,256.71747440331882,-72.568,-39.012
"Directions from San Martín de los Andes, Neuquén Province to Pitrufquén, Chile",,,2.70068465198889,266.43749182680176,-72.568,-39.012
"Directions from San Martín de los Andes, Neuquén Province to Pitrufquén, Chile",,,2.70076527456637,266.43749182680176,-72.568,-39.012
"Directions from San Martín de los Andes, Neuquén Province to Pitrufquén, Chile",,,2.70092527456638,273.00450297880303,-72.569,-39.012
"Directions from San Martín de los Andes, Neuquén Province to Pitrufquén, Chile",,,2.70111632429811,278.65946921569270,-72.569,-39.012
"Directions from San Martín de los Andes, Neuquén Province to Pitrufquén, Chile",,,2.70177919683489,275.65496623688961,-72.569,-39.012
"Directions from San Martín de los Andes, Neuquén Province to Pitrufquén, Chile",,,2.70179919683488,275.50177042585744,-72.570,-39.012
"Directions from San Martín de los Andes, Neuquén Province to Pitrufquén, Chile",,,2.70693359066474,275.50177042585744,-72.575,-39.011
"Directions from San Martín de los Andes, Neuquén Province to Pitrufquén, Chile",,,2.70697359066474,274.68009540108585,-72.575,-39.011
"Directions from San Martín de los Andes, Neuquén Province to Pitrufquén, Chile",,,2.70789587044875,274.68009540108585,-72.576,-39.011
"Directions from San Martín de los Andes, Neuquén Province to Pitrufquén, Chile",,,2.70794587044876,273.84802586070163,-72.576,-39.011
"Directions from San Martín de los Andes, Neuquén Province to Pitrufquén, Chile",,,2.70831923354280,276.63412476305535,-72.576,-39.011
"Directions from San Martín de los Andes, Neuquén Province to Pitrufquén, Chile",,,2.70873118014128,274.50291408350597,-72.576,-39.010
"Directions from San Martín de los Andes, Neuquén Province to Pitrufquén, Chile",,,2.70973297852419,272.73951942555692,-72.577,-39.010
"Directions from San Martín de los Andes, Neuquén Province to Pitrufquén, Chile",,,2.71085369258228,273.87800081396068,-72.578,-39.010
"Directions from San Martín de los Andes, Neuquén Province to Pitrufquén, Chile",,,2.71095419133850,273.98258405240881,-72.579,-39.010
"Directions from San Martín de los Andes, Neuquén Province to Pitrufquén, Chile",,,2.71222517520936,271.12728748285286,-72.580,-39.010
"Directions from San Martín de los Andes, Neuquén Province to Pitrufquén, Chile",,,2.71244517520935,271.31621743456168,-72.580,-39.010
"Directions from San Martín de los Andes, Neuquén Province to Pitrufquén, Chile",,,2.71418701331894,271.31621743456168,-72.582,-39.010
"Directions from San Martín de los Andes, Neuquén Province to Pitrufquén, Chile",,,2.71451701331894,267.61817915379464,-72.582,-39.010
"Directions from San Martín de los Andes, Neuquén Province to Pitrufquén, Chile",,,2.71463742926473,263.07304069370105,-72.582,-39.010
"Directions from San Martín de los Andes, Neuquén Province to Pitrufquén, Chile",,,2.71489060904276,258.43673980514490,-72.582,-39.010
"Directions from San Martín de los Andes, Neuquén Province to Pitrufquén, Chile",,,2.71501430221152,262.98187826523849,-72.583,-39.010
"Directions from San Martín de los Andes, Neuquén Province to Pitrufquén, Chile",,,2.71502430221153,263.73559614566375,-72.583,-39.010
"Directions from San Martín de los Andes, Neuquén Province to Pitrufquén, Chile",,,2.71511649765610,254.64658674649539,-72.583,-39.010
"Directions from San Martín de los Andes, Neuquén Province to Pitrufquén, Chile",,,2.71582169266459,255.60116296298455,-72.583,-39.011
"Directions from San Martín de los Andes, Neuquén Province to Pitrufquén, Chile",,,2.71614726907651,261.83487579219377,-72.584,-39.011
"Directions from San Martín de los Andes, Neuquén Province to Pitrufquén, Chile",,,2.71624776783271,261.48973719342229,-72.584,-39.011
"Directions from San Martín de los Andes, Neuquén Province to Pitrufquén, Chile",,,2.71634974822299,264.34503376338131,-72.584,-39.011
"Directions from San Martín de los Andes, Neuquén Province to Pitrufquén, Chile",,,2.71673974822300,272.04280839081400,-72.584,-39.011
"Directions from San Martín de los Andes, Neuquén Province to Pitrufquén, Chile",,,2.71688010491146,276.10785956707781,-72.584,-39.011
"Directions from San Martín de los Andes, Neuquén Province to Pitrufquén, Chile",,,2.71709223694583,279.62157144462537,-72.585,-39.011
"Directions from San Martín de los Andes, Neuquén Province to Pitrufquén, Chile",,,2.71766293826876,278.15373472106103,-72.585,-39.011
"Directions from San Martín de los Andes, Neuquén Province to Pitrufquén, Chile",,,2.71777339187893,276.72037486011794,-72.585,-39.011
"Directions from San Martín de los Andes, Neuquén Province to Pitrufquén, Chile",,,2.71847060059947,274.12316040741848,-72.586,-39.010
"Directions from San Martín de los Andes, Neuquén Province to Pitrufquén, Chile",,,2.71852060059947,278.41070494477827,-72.586,-39.010
"Directions from San Martín de los Andes, Neuquén Province to Pitrufquén, Chile",,,2.71896982214838,288.85360567511867,-72.586,-39.010
"Directions from San Martín de los Andes, Neuquén Province to Pitrufquén, Chile",,,2.72059672103891,289.06363043003114,-72.588,-39.010
"Directions from San Martín de los Andes, Neuquén Province to Pitrufquén, Chile",,,2.72090036556792,284.88513355426653,-72.588,-39.010
"Directions from San Martín de los Andes, Neuquén Province to Pitrufquén, Chile",,,2.72173012456907,279.91728362106659,-72.589,-39.009
"Directions from San Martín de los Andes, Neuquén Province to Pitrufquén, Chile",,,2.72251650869913,273.91330795382589,-72.590,-39.009
"Directions from San Martín de los Andes, Neuquén Province to Pitrufquén, Chile",,,2.72361655415273,271.76682193880822,-72.591,-39.009
"Directions from San Martín de los Andes, Neuquén Province to Pitrufquén, Chile",,,2.72380681712864,271.50639375147313,-72.591,-39.009
"Directions from San Martín de los Andes, Neuquén Province to Pitrufquén, Chile",,,2.72399681712864,272.11819740019587,-72.591,-39.009
"Directions from San Martín de los Andes, Neuquén Province to Pitrufquén, Chile",,,2.72426755685606,276.07177875124370,-72.592,-39.009
"Directions from San Martín de los Andes, Neuquén Province to Pitrufquén, Chile",,,2.72463101249297,278.88648482259742,-72.592,-39.009
"Directions from San Martín de los Andes, Neuquén Province to Pitrufquén, Chile",,,2.72696553599894,278.70761435586712,-72.594,-39.009
"Directions from San Martín de los Andes, Neuquén Province to Pitrufquén, Chile",,,2.72780279342651,279.08453852239506,-72.595,-39.009
"Directions from San Martín de los Andes, Neuquén Province to Pitrufquén, Chile",,,2.72812836983842,284.52730204343192,-72.595,-39.009
"Directions from San Martín de los Andes, Neuquén Province to Pitrufquén, Chile",,,2.72815999261503,284.36989764169147,-72.595,-39.009
"Directions from San Martín de los Andes, Neuquén Province to Pitrufquén, Chile",,,2.72827179601390,282.17054497014072,-72.596,-39.009
"Directions from San Martín de los Andes, Neuquén Province to Pitrufquén, Chile",,,2.72889026185774,285.32161202303149,-72.596,-39.008
"Directions from San Martín de los Andes, Neuquén Province to Pitrufquén, Chile",,,2.72948507275206,285.32161202343070,-72.597,-39.008
"Directions from San Martín de los Andes, Neuquén Province to Pitrufquén, Chile",,,2.72989738331462,281.42831151022511,-72.597,-39.008
"Directions from San Martín de los Andes, Neuquén Province to Pitrufquén, Chile",,,2.73048432453825,276.04543373753131,-72.598,-39.008
"Directions from San Martín de los Andes, Neuquén Province to Pitrufquén, Chile",,,2.73118546646398,271.63524396150893,-72.598,-39.008
"Directions from San Martín de los Andes, Neuquén Province to Pitrufquén, Chile",,,2.73655546646398,271.06054819866534,-72.604,-39.008
"Directions from San Martín de los Andes, Neuquén Province to Pitrufquén, Chile",,,2.73682565158570,274.48193490483635,-72.604,-39.008
"Directions from San Martín de los Andes, Neuquén Province to Pitrufquén, Chile",,,2.73732923871818,277.94674754481258,-72.605,-39.008
"Directions from San Martín de los Andes, Neuquén Province to Pitrufquén, Chile",,,2.73847348519512,277.09355008476371,-72.606,-39.008
"Directions from San Martín de los Andes, Neuquén Province to Pitrufquén, Chile",,,2.73936707346720,273.81296570750578,-72.607,-39.008
"Directions from San Martín de los Andes, Neuquén Province to Pitrufquén, Chile",,,2.73959729075586,274.75302733357427,-72.607,-39.008
"Directions from San Martín de los Andes, Neuquén Province to Pitrufquén, Chile",,,2.74025219532907,278.23941197657018,-72.607,-39.008
"Directions from San Martín de los Andes, Neuquén Province to Pitrufquén, Chile",,,2.74043467820498,280.93487036801781,-72.608,-39.008
"Directions from San Martín de los Andes, Neuquén Province to Pitrufquén, Chile",,,2.74094663523443,284.11330623736734,-72.608,-39.008
"Directions from San Martín de los Andes, Neuquén Province to Pitrufquén, Chile",,,2.74157025370753,283.56456321230502,-72.609,-39.007
"Directions from San Martín de los Andes, Neuquén Province to Pitrufquén, Chile",,,2.74162124390267,283.55981047946386,-72.609,-39.007
"Directions from San Martín de los Andes, Neuquén Province to Pitrufquén, Chile",,,2.74452093354124,285.25155092611215,-72.612,-39.007
"Directions from San Martín de los Andes, Neuquén Province to Pitrufquén, Chile",,,2.74684700318765,285.69632880212760,-72.614,-39.006
"Directions from San Martín de los Andes, Neuquén Province to Pitrufquén, Chile",,,2.74726461544802,290.85806885677061,-72.614,-39.006
"Directions from San Martín de los Andes, Neuquén Province to Pitrufquén, Chile",,,2.74743014490158,296.54469020694847,-72.614,-39.006
"Directions from San Martín de los Andes, Neuquén Province to Pitrufquén, Chile",,,2.74760014490158,302.47119229163172,-72.615,-39.006
"Directions from San Martín de los Andes, Neuquén Province to Pitrufquén, Chile",,,2.74770014490158,310.23635831116854,-72.615,-39.006
"Directions from San Martín de los Andes, Neuquén Province to Pitrufquén, Chile",,,2.74799014490158,317.03747963468271,-72.615,-39.005
"Directions from San Martín de los Andes, Neuquén Province to Pitrufquén, Chile",,,2.75221669195562,322.46723125180233,-72.618,-39.002
"Directions from San Martín de los Andes, Neuquén Province to Pitrufquén, Chile",,,2.75230271520829,320.54944962421405,-72.618,-39.002
"Directions from San Martín de los Andes, Neuquén Province to Pitrufquén, Chile",,,2.75279789194442,318.51441021552949,-72.618,-39.002
"Directions from San Martín de los Andes, Neuquén Province to Pitrufquén, Chile",,,2.75798981836917,318.75666989371848,-72.621,-38.998
"Directions from San Martín de los Andes, Neuquén Province to Pitrufquén, Chile",,,2.75818086810091,318.91584476746402,-72.621,-38.998
"Directions from San Martín de los Andes, Neuquén Province to Pitrufquén, Chile",,,2.76287104933408,322.03823963034961,-72.624,-38.994
"Directions from San Martín de los Andes, Neuquén Province to Pitrufquén, Chile",,,2.76335705344929,320.86617339319565,-72.625,-38.994
"Directions from San Martín de los Andes, Neuquén Province to Pitrufquén, Chile",,,2.76383871723244,320.24573850593902,-72.625,-38.993
"Directions from San Martín de los Andes, Neuquén Province to Pitrufquén, Chile",,,2.76406675231747,318.56250817574829,-72.625,-38.993
"Directions from San Martín de los Andes, Neuquén Province to Pitrufquén, Chile",,,2.76416574726683,309.99601010046007,-72.625,-38.993
"Directions from San Martín de los Andes, Neuquén Province to Pitrufquén, Chile",,,2.76440987837915,302.53030151057084,-72.625,-38.993
"Directions from San Martín de los Andes, Neuquén Province to Pitrufquén, Chile",,,2.76462942336314,297.76596394233115,-72.626,-38.993
"Directions from San Martín de los Andes, Neuquén Province to Pitrufquén, Chile",,,2.76555979963112,296.27944877772967,-72.626,-38.992
"Directions from San Martín de los Andes, Neuquén Province to Pitrufquén, Chile",,,2.76604281101814,295.66164890560168,-72.627,-38.992
"Directions from San Martín de los Andes, Neuquén Province to Pitrufquén, Chile",,,2.76626212814014,295.99314295936728,-72.627,-38.992
"Directions from San Martín de los Andes, Neuquén Province to Pitrufquén, Chile",,,2.76669154635121,313.39739203708672,-72.627,-38.992
"Directions from San Martín de los Andes, Neuquén Province to Pitrufquén, Chile",,,2.76674985587016,315.52081333902748,-72.627,-38.992
"Directions from San Martín de los Andes, Neuquén Province to Pitrufquén, Chile",,,2.76684419568149,299.46653052824882,-72.627,-38.992
"Directions from San Martín de los Andes, Neuquén Province to Pitrufquén, Chile",,,2.76825741894763,296.37433491267632,-72.629,-38.991
"Directions from San Martín de los Andes, Neuquén Province to Pitrufquén, Chile",,,2.77583385610503,296.45827223393212,-72.636,-38.988
"Directions from San Martín de los Andes, Neuquén Province to Pitrufquén, Chile",,,2.77728289026612,283.54777624683521,-72.637,-38.987
"Directions from San Martín de los Andes, Neuquén Province to Pitrufquén, Chile",,,2.77729289026612,315.00000000000000,-72.637,-38.987
"Directions from San Martín de los Andes, Neuquén Province to Pitrufquén, Chile",,,2.77731289026612,315.00000000000000,-72.637,-38.987
"Directions from San Martín de los Andes, Neuquén Province to Pitrufquén, Chile",,,2.77732289026612,315.00000000000000,-72.637,-38.987
"Directions from San Martín de los Andes, Neuquén Province to Pitrufquén, Chile",,,2.77733289026612,315.00000000000000,-72.637,-38.987
"Directions from San Martín de los Andes, Neuquén Province to Pitrufquén, Chile",,,2.77734289026613,315.00000000000000,-72.637,-38.987
"Directions from San Martín de los Andes, Neuquén Province to Pitrufquén, Chile",,,2.77735289026612,315.00000000000000,-72.637,-38.987
"Directions from San Martín de los Andes, Neuquén Province to Pitrufquén, Chile",,,2.77736289026611,315.00000000000000,-72.637,-38.987
"Directions from San Martín de los Andes, Neuquén Province to Pitrufquén, Chile",,,2.77737289026612,315.00000000000000,-72.637,-38.987
"Directions from San Martín de los Andes, Neuquén Province to Pitrufquén, Chile",,,2.77740289026613,315.00000000000000,-72.637,-38.987
"Directions from San Martín de los Andes, Neuquén Province to Pitrufquén, Chile",,,2.77741289026612,315.00000000000000,-72.637,-38.987
"Directions from San Martín de los Andes, Neuquén Province to Pitrufquén, Chile",,,2.77745289026612,247.50000001017776,-72.637,-38.987
"Directions from San Martín de los Andes, Neuquén Province to Pitrufquén, Chile",,,2.77746703240174,259.88757029459373,-72.637,-38.987
"Directions from San Martín de los Andes, Neuquén Province to Pitrufquén, Chile",,,2.77875563629744,327.38757028441592,-72.638,-38.987
"Directions from San Martín de los Andes, Neuquén Province to Pitrufquén, Chile",,,2.77878563629743,315.00000000000000,-72.638,-38.986
"Directions from San Martín de los Andes, Neuquén Province to Pitrufquén, Chile",,,2.77879563629742,315.00000000000000,-72.638,-38.986
"Directions from San Martín de los Andes, Neuquén Province to Pitrufquén, Chile",,,2.77880563629743,315.00000000000000,-72.638,-38.986
"Directions from San Martín de los Andes, Neuquén Province to Pitrufquén, Chile",,,2.77881563629743,315.00000000000000,-72.638,-38.986
"Directions from San Martín de los Andes, Neuquén Province to Pitrufquén, Chile",,,2.77882563629743,315.00000000000000,-72.638,-38.986
"Directions from San Martín de los Andes, Neuquén Province to Pitrufquén, Chile",,,2.77884563629744,315.00000000000000,-72.638,-38.986
"Directions from San Martín de los Andes, Neuquén Province to Pitrufquén, Chile",,,2.77885563629744,315.00000000000000,-72.638,-38.986
"Directions from San Martín de los Andes, Neuquén Province to Pitrufquén, Chile",,,2.77891563629743,225.00000000000000,-72.638,-38.986
"Directions from San Martín de los Andes, Neuquén Province to Pitrufquén, Chile",,,2.77892563629742,225.00000000000000,-72.638,-38.986
"Directions from San Martín de los Andes, Neuquén Province to Pitrufquén, Chile",,,2.77893563629743,247.49999999999997,-72.638,-38.986
"Directions from San Martín de los Andes, Neuquén Province to Pitrufquén, Chile",,,2.77896392056868,225.00000000000000,-72.638,-38.986
