Name,altitudeMode,distance,angle,X,Y
DIA 1,,0.00000000000000,147.26477372818633,-71.352,-40.157
DIA 1,,0.00016643316977,149.24856219478553,-71.352,-40.157
DIA 1,,0.00133004822639,111.07862608448548,-71.352,-40.158
DIA 1,,0.00246221429196,71.69082189607764,-71.351,-40.158
DIA 1,,0.00408782187068,71.68162514203097,-71.349,-40.158
DIA 1,,0.00546350351990,72.29632778695078,-71.348,-40.157
DIA 1,,0.00589070370716,71.41584476672992,-71.347,-40.157
DIA 1,,0.00611542575770,70.41301554256204,-71.347,-40.157
DIA 1,,0.01082406675060,63.99521080004656,-71.343,-40.155
DIA 1,,0.01086012226336,50.65496623192124,-71.343,-40.155
DIA 1,,0.01088840653461,35.78252558752122,-71.343,-40.155
DIA 1,,0.01093312789416,13.28252559261011,-71.343,-40.155
DIA 1,,0.01099312789416,350.78252558650343,-71.343,-40.155
DIA 1,,0.01102475067076,335.65430700459825,-71.343,-40.155
DIA 1,,0.01185829731013,331.58925582874150,-71.343,-40.155
DIA 1,,0.01197010070900,21.99745699643340,-71.343,-40.154
DIA 1,,0.01215037827279,74.23260404767778,-71.343,-40.154
DIA 1,,0.01229355648341,80.69272058629228,-71.343,-40.154
DIA 1,,0.01264583478250,80.79577010345328,-71.342,-40.154
DIA 1,,0.01283999966088,79.86215478984684,-71.342,-40.154
DIA 1,,0.01441686363727,84.17123984896276,-71.341,-40.154
DIA 1,,0.01511800556298,87.55111437706188,-71.340,-40.154
DIA 1,,0.01687871564701,86.58914388402533,-71.338,-40.154
DIA 1,,0.01698916925718,109.90278554513149,-71.338,-40.154
DIA 1,,0.01700331139280,112.50000000000000,-71.338,-40.154
DIA 1,,0.01702331139280,112.49999998982221,-71.338,-40.154
DIA 1,,0.01703745352842,112.49999998982221,-71.338,-40.154
DIA 1,,0.01704745352842,67.50000001017779,-71.338,-40.154
DIA 1,,0.01706159566405,67.50000001017779,-71.338,-40.154
DIA 1,,0.01709159566404,67.50000000508888,-71.338,-40.154
DIA 1,,0.01711987993529,64.32990413203238,-71.338,-40.154
DIA 1,,0.01911206466567,83.00104928025598,-71.336,-40.154
DIA 1,,0.02031277279008,80.51617891604143,-71.335,-40.154
DIA 1,,0.02046574337549,85.34397369106074,-71.335,-40.154
DIA 1,,0.02132626647221,90.99893992833179,-71.334,-40.154
DIA 1,,0.02363626647222,87.55045377289166,-71.332,-40.154
DIA 1,,0.02398754983362,82.68666449733618,-71.331,-40.154
DIA 1,,0.02434265545171,77.22001741409071,-71.331,-40.153
DIA 1,,0.02503907486557,82.08380668964622,-71.330,-40.153
DIA 1,,0.02510907486558,86.36249752113700,-71.330,-40.153
DIA 1,,0.02558288917519,108.86249751604809,-71.330,-40.153
DIA 1,,0.02561117344644,112.49999999491109,-71.330,-40.153
DIA 1,,0.02562117344643,112.49999998982221,-71.330,-40.153
DIA 1,,0.02563531558205,112.49999998982221,-71.330,-40.153
DIA 1,,0.02566531558205,112.50000000000000,-71.330,-40.153
DIA 1,,0.02567945771768,112.50000000000000,-71.330,-40.153
DIA 1,,0.02577945771768,67.50000000000000,-71.329,-40.153
DIA 1,,0.02579359985331,67.50000000000000,-71.329,-40.153
DIA 1,,0.02582359985330,67.50000001017779,-71.329,-40.153
DIA 1,,0.02583774198893,67.50000001017779,-71.329,-40.153
DIA 1,,0.02584774198893,67.49999999491112,-71.329,-40.153
DIA 1,,0.02587602626017,67.49999999491112,-71.329,-40.153
DIA 1,,0.02588602626017,45.00000000000000,-71.329,-40.153
DIA 1,,0.02589602626018,45.00000000000000,-71.329,-40.153
DIA 1,,0.02590602626018,67.50000001017779,-71.329,-40.153
DIA 1,,0.02592016839580,22.50000001017778,-71.329,-40.153
DIA 1,,0.02593016839581,22.49999997964445,-71.329,-40.153
DIA 1,,0.02594431053142,67.49999997964444,-71.329,-40.153
DIA 1,,0.02595431053143,45.00000000000000,-71.329,-40.153
DIA 1,,0.02597431053143,22.50000001017778,-71.329,-40.153
DIA 1,,0.02598845266705,22.50000001017778,-71.329,-40.153
DIA 1,,0.02606845266705,337.49999998982219,-71.329,-40.153
DIA 1,,0.02608259480268,349.09929524489155,-71.329,-40.153
DIA 1,,0.02615875253373,18.61741698971676,-71.329,-40.153
DIA 1,,0.02644736992753,7.01812173464744,-71.329,-40.153
DIA 1,,0.02651736992753,25.99052870346919,-71.329,-40.153
DIA 1,,0.02721551031456,54.14549493922666,-71.329,-40.152
DIA 1,,0.02739578787833,58.28252558736464,-71.329,-40.152
DIA 1,,0.02771827818826,62.61911261389440,-71.328,-40.152
DIA 1,,0.02788380764184,60.64651949303406,-71.328,-40.152
DIA 1,,0.02791986315459,60.55440440823998,-71.328,-40.152
DIA 1,,0.02810774609687,77.39943817749314,-71.328,-40.152
DIA 1,,0.02811774609687,80.78252558836935,-71.328,-40.152
DIA 1,,0.02849721941609,75.81940283546322,-71.328,-40.152
DIA 1,,0.02890329822617,81.59601543172766,-71.327,-40.152
DIA 1,,0.03065592482645,85.05274443209233,-71.325,-40.151
DIA 1,,0.03084618780236,82.83864001279710,-71.325,-40.151
DIA 1,,0.03089717799750,83.12670964196114,-71.325,-40.151
DIA 1,,0.03136760333694,85.92637930807425,-71.325,-40.151
DIA 1,,0.03156860084937,85.95173141583398,-71.324,-40.151
DIA 1,,0.03180880909235,89.30090818435944,-71.324,-40.151
DIA 1,,0.03238889529284,92.48224568748354,-71.324,-40.151
DIA 1,,0.03426340856301,90.55716287450124,-71.322,-40.151
DIA 1,,0.03466390825090,85.30889651069070,-71.321,-40.151
DIA 1,,0.03501618654997,86.74009912369584,-71.321,-40.151
DIA 1,,0.03551618654998,84.34503376338134,-71.321,-40.151
DIA 1,,0.03561816694025,74.06701115358962,-71.320,-40.151
DIA 1,,0.03595992709005,67.04888941941914,-71.320,-40.151
DIA 1,,0.03617016505047,63.17653414592756,-71.320,-40.151
DIA 1,,0.03661310974228,58.08078322182980,-71.320,-40.151
DIA 1,,0.03669913299495,34.85872045554592,-71.319,-40.151
DIA 1,,0.03681315053746,30.12755935552171,-71.319,-40.151
DIA 1,,0.03684143480871,39.84757677086872,-71.319,-40.151
DIA 1,,0.03699954869172,40.62165561550654,-71.319,-40.151
DIA 1,,0.03726127373829,34.17478358869114,-71.319,-40.150
DIA 1,,0.03731512538636,37.05358450562388,-71.319,-40.150
DIA 1,,0.04092949946772,84.43540535519848,-71.316,-40.148
DIA 1,,0.04095186014750,125.78252559362789,-71.316,-40.148
DIA 1,,0.04098014441874,112.50000000508891,-71.316,-40.148
DIA 1,,0.04100014441875,112.49999998982221,-71.316,-40.148
DIA 1,,0.04101428655437,112.49999998982221,-71.316,-40.148
DIA 1,,0.04103428655436,103.28252558853897,-71.316,-40.148
DIA 1,,0.04105664723414,103.28252558853897,-71.316,-40.148
DIA 1,,0.04115664723415,67.49999997964444,-71.316,-40.148
DIA 1,,0.04117078936976,67.49999997964444,-71.316,-40.148
DIA 1,,0.04119078936977,67.50000001017779,-71.316,-40.148
DIA 1,,0.04120493150539,67.50000001017779,-71.316,-40.148
DIA 1,,0.04122493150539,67.50000000508888,-71.316,-40.148
DIA 1,,0.04125321577664,54.21747440840768,-71.316,-40.148
DIA 1,,0.04127557645641,76.71747440331880,-71.316,-40.148
DIA 1,,0.04128557645641,58.28252559261012,-71.316,-40.148
DIA 1,,0.04130793713619,35.78252558921751,-71.316,-40.148
DIA 1,,0.04135036354306,22.49999999660740,-71.316,-40.148
DIA 1,,0.04137036354305,22.50000001017778,-71.316,-40.148
DIA 1,,0.04138450567868,22.50000001017778,-71.316,-40.148
DIA 1,,0.04140450567868,13.28252559261011,-71.316,-40.148
DIA 1,,0.04142686635846,13.28252559261011,-71.316,-40.148
DIA 1,,0.04143686635846,337.49999999999994,-71.316,-40.148
DIA 1,,0.04145100849408,337.49999999999994,-71.316,-40.148
DIA 1,,0.04148100849408,337.49999999999994,-71.316,-40.148
DIA 1,,0.04150929276534,337.49999999999994,-71.316,-40.148
DIA 1,,0.04151929276533,337.50000000339253,-71.316,-40.148
DIA 1,,0.04156171917220,5.91074417378060,-71.316,-40.148
DIA 1,,0.04187236366354,60.12821858184902,-71.316,-40.148
DIA 1,,0.04202888842196,66.60504469592662,-71.316,-40.148
DIA 1,,0.04223137298928,72.06644705580086,-71.315,-40.148
DIA 1,,0.04275060318871,77.73854719657965,-71.315,-40.147
DIA 1,,0.04307448588353,83.96975536481122,-71.315,-40.147
DIA 1,,0.04343504101108,89.43278918437346,-71.314,-40.147
DIA 1,,0.04371521952559,94.31367657269280,-71.314,-40.147
DIA 1,,0.04397694457215,98.29496222840190,-71.314,-40.147
DIA 1,,0.04466745163222,101.40612293307915,-71.313,-40.148
DIA 1,,0.04556989276604,103.54268090067519,-71.312,-40.148
DIA 1,,0.04670496985593,110.42307344850857,-71.311,-40.148
DIA 1,,0.04672733053571,109.80534411206069,-71.311,-40.148
DIA 1,,0.04756905495616,100.67139101654779,-71.310,-40.148
DIA 1,,0.04805413226960,95.57977509788896,-71.310,-40.148
DIA 1,,0.04845463195749,90.53624730856431,-71.309,-40.148
DIA 1,,0.04877478816935,85.38934071057832,-71.309,-40.148
DIA 1,,0.04900673643944,81.03855750869134,-71.309,-40.148
DIA 1,,0.04928132704380,76.99220599506179,-71.308,-40.148
DIA 1,,0.04946814246072,113.95541890877946,-71.308,-40.148
DIA 1,,0.04949050314050,144.21747440738989,-71.308,-40.148
DIA 1,,0.04950464527613,112.50000000000000,-71.308,-40.148
DIA 1,,0.04951464527613,112.50000000000000,-71.308,-40.148
DIA 1,,0.04955707168299,112.50000000000000,-71.308,-40.148
DIA 1,,0.04956707168300,112.50000001017779,-71.308,-40.148
DIA 1,,0.04959535595424,112.50000001017779,-71.308,-40.148
DIA 1,,0.04960535595425,112.49999998982221,-71.308,-40.148
DIA 1,,0.04961949808987,112.49999998982221,-71.308,-40.148
DIA 1,,0.04964949808986,112.50000000000000,-71.308,-40.148
DIA 1,,0.04966364022549,112.50000000000000,-71.308,-40.148
DIA 1,,0.04973364022549,67.50000000000000,-71.308,-40.148
DIA 1,,0.04974778236111,67.50000000000000,-71.308,-40.148
DIA 1,,0.04977778236111,76.71747441960322,-71.308,-40.148
DIA 1,,0.04980014304089,76.71747441960322,-71.308,-40.148
DIA 1,,0.04981014304089,67.50000000000000,-71.308,-40.148
DIA 1,,0.04982428517652,67.50000000000000,-71.308,-40.148
DIA 1,,0.04983428517651,67.50000000508888,-71.308,-40.148
DIA 1,,0.04986256944776,67.50000000508888,-71.308,-40.148
DIA 1,,0.04987256944776,67.49999999660741,-71.308,-40.148
DIA 1,,0.04991499585463,22.49999999660740,-71.308,-40.148
DIA 1,,0.04992499585463,22.50000000000000,-71.308,-40.148
DIA 1,,0.04993913799026,22.50000000000000,-71.308,-40.148
DIA 1,,0.04994913799025,22.50000000000000,-71.308,-40.148
DIA 1,,0.04996328012588,22.50000000000000,-71.308,-40.148
DIA 1,,0.05003328012588,337.49999998982219,-71.308,-40.148
DIA 1,,0.05004742226151,337.49999998982219,-71.308,-40.148
DIA 1,,0.05005742226151,337.49999998982219,-71.308,-40.148
DIA 1,,0.05007156439713,337.49999998982219,-71.308,-40.148
DIA 1,,0.05008156439714,337.49999999491109,-71.308,-40.148
DIA 1,,0.05010984866839,9.99155325608396,-71.308,-40.148
DIA 1,,0.05044090757554,61.77677045384508,-71.308,-40.148
DIA 1,,0.05065185780664,55.85026836920742,-71.307,-40.148
DIA 1,,0.05080185780664,49.60551327003938,-71.307,-40.148
DIA 1,,0.05117669110291,43.97939686231215,-71.307,-40.147
DIA 1,,0.05156617794479,39.71578590558100,-71.307,-40.147
DIA 1,,0.05391234503177,40.08387912163155,-71.305,-40.145
DIA 1,,0.05459175654183,44.62531650593252,-71.305,-40.145
DIA 1,,0.05483934490989,50.54944962343638,-71.305,-40.145
DIA 1,,0.05492536816256,52.32837555645224,-71.305,-40.145
DIA 1,,0.05515967565283,53.42686078102846,-71.304,-40.144
DIA 1,,0.05561453826946,59.48911554251578,-71.304,-40.144
DIA 1,,0.05630337787343,67.60810473127106,-71.303,-40.144
DIA 1,,0.05643939257852,68.36436205464346,-71.303,-40.144
DIA 1,,0.05773187081818,62.47243565596742,-71.302,-40.143
DIA 1,,0.05839429062466,62.27418352809112,-71.302,-40.143
DIA 1,,0.05886386489992,59.87244064651758,-71.301,-40.143
DIA 1,,0.05889992041267,50.65496624053318,-71.301,-40.143
DIA 1,,0.05892820468393,49.06505118053844,-71.301,-40.143
DIA 1,,0.05897820468393,26.56505117544955,-71.301,-40.143
DIA 1,,0.05898820468392,31.37233581254324,-71.301,-40.143
DIA 1,,0.06047306157939,57.93738698799280,-71.300,-40.142
DIA 1,,0.06052306157939,57.01946713105596,-71.300,-40.142
DIA 1,,0.06204506683562,60.30619186748078,-71.298,-40.141
DIA 1,,0.06513739605483,61.81409811997436,-71.296,-40.140
DIA 1,,0.06566065507291,67.09597745825668,-71.295,-40.139
DIA 1,,0.06663804956849,72.11368359718476,-71.294,-40.139
DIA 1,,0.06747045571937,71.70200573723632,-71.294,-40.139
DIA 1,,0.06764133579427,71.31946692144776,-71.293,-40.139
DIA 1,,0.06919780616020,70.69678478736166,-71.292,-40.138
DIA 1,,0.06930550945633,70.42228293806396,-71.292,-40.138
DIA 1,,0.06997603164090,71.36478468507129,-71.291,-40.138
DIA 1,,0.07070992536619,69.19726452083972,-71.290,-40.138
DIA 1,,0.07165697341142,67.55617226088616,-71.290,-40.138
DIA 1,,0.07371323215001,67.60304951865135,-71.288,-40.137
DIA 1,,0.07526194128991,66.69389803560821,-71.286,-40.136
DIA 1,,0.07542747074348,67.63756383871176,-71.286,-40.136
DIA 1,,0.07613915887742,71.66835405257190,-71.285,-40.136
DIA 1,,0.07699642196423,75.67765888637548,-71.285,-40.136
DIA 1,,0.07847713125373,79.25840173316504,-71.283,-40.135
DIA 1,,0.08188682332194,78.64417989873252,-71.280,-40.135
DIA 1,,0.08300512560665,75.82233148966255,-71.279,-40.134
DIA 1,,0.08548458119206,76.27549871866204,-71.276,-40.134
DIA 1,,0.08596510174312,74.77678639531888,-71.276,-40.134
DIA 1,,0.08634457506234,73.94491746886673,-71.275,-40.134
DIA 1,,0.09019369184416,77.71962835293570,-71.272,-40.133
DIA 1,,0.09045845589005,77.33521861027111,-71.271,-40.133
DIA 1,,0.09113999825850,73.14833631582277,-71.271,-40.132
DIA 1,,0.09201920244413,68.23313361081259,-71.270,-40.132
DIA 1,,0.09313813050258,64.86110651065486,-71.269,-40.132
DIA 1,,0.09405049008082,54.49832705747676,-71.268,-40.131
DIA 1,,0.09406463221644,56.30993245429702,-71.268,-40.131
DIA 1,,0.09443232774266,65.03352668614242,-71.268,-40.131
DIA 1,,0.09495117261351,63.62303238877540,-71.267,-40.131
DIA 1,,0.09589058732491,67.88663515860937,-71.267,-40.130
DIA 1,,0.09619734455791,68.26521959069726,-71.266,-40.130
DIA 1,,0.09643900547738,67.84193469996580,-71.266,-40.130
DIA 1,,0.09732155859193,71.35492669429854,-71.265,-40.130
DIA 1,,0.09785606771252,81.29101460370620,-71.265,-40.130
DIA 1,,0.09786606771252,80.57342061775358,-71.265,-40.130
DIA 1,,0.10003228561477,70.48369128548110,-71.263,-40.129
DIA 1,,0.10252531589938,72.89214893376428,-71.260,-40.128
DIA 1,,0.10260777801189,73.49844965398506,-71.260,-40.128
DIA 1,,0.10737669822510,73.49844965398506,-71.256,-40.127
DIA 1,,0.10758285350639,74.59626635660774,-71.255,-40.127
DIA 1,,0.10910771415576,70.71368334809701,-71.254,-40.126
DIA 1,,0.10916156580383,71.77732927521036,-71.254,-40.126
DIA 1,,0.11647927719470,80.21975101476346,-71.247,-40.124
DIA 1,,0.11741271171302,87.14930469546096,-71.246,-40.124
DIA 1,,0.11814278020296,90.04052032610267,-71.245,-40.124
DIA 1,,0.12211323357757,87.91170709358964,-71.241,-40.124
DIA 1,,0.12245455454090,82.47478456467002,-71.241,-40.124
DIA 1,,0.12279980807092,76.03205021805260,-71.241,-40.124
DIA 1,,0.12315715943864,68.02124402339248,-71.240,-40.124
DIA 1,,0.12411423832774,62.61530625845988,-71.239,-40.124
DIA 1,,0.12446779171834,64.44003482845950,-71.239,-40.124
DIA 1,,0.12483548724456,69.42091586274272,-71.239,-40.123
DIA 1,,0.12536359708163,72.98342403730805,-71.238,-40.123
DIA 1,,0.12559163216664,82.37244064870598,-71.238,-40.123
DIA 1,,0.12560163216665,83.84599209130209,-71.238,-40.123
DIA 1,,0.12672750960224,83.84599209130209,-71.237,-40.123
DIA 1,,0.12674750960225,82.98187826543808,-71.237,-40.123
DIA 1,,0.12707735805229,74.30486594766960,-71.237,-40.123
DIA 1,,0.12741261914457,69.10101029160502,-71.236,-40.123
DIA 1,,0.12765428006405,64.30193314397270,-71.236,-40.123
DIA 1,,0.12831617129378,61.57445961515814,-71.235,-40.122
DIA 1,,0.12877758217358,57.44175259594540,-71.235,-40.122
DIA 1,,0.12898566869405,50.81500864931486,-71.235,-40.122
DIA 1,,0.12920498581605,43.32659067917106,-71.235,-40.122
DIA 1,,0.12943929330632,34.43008759516538,-71.235,-40.122
DIA 1,,0.12964520590914,23.74477646254683,-71.234,-40.121
DIA 1,,0.12986656534535,13.94863551636192,-71.234,-40.121
DIA 1,,0.13010987584657,4.73116110373773,-71.234,-40.121
DIA 1,,0.13040987584656,356.67278747665085,-71.234,-40.121
DIA 1,,0.13101394537899,356.67278747665085,-71.234,-40.120
DIA 1,,0.13132394537899,9.48520390490105,-71.234,-40.120
DIA 1,,0.13166232386530,27.61212277221150,-71.234,-40.119
DIA 1,,0.13184833461768,42.82627154552665,-71.234,-40.119
DIA 1,,0.13203272550682,55.17205062829356,-71.234,-40.119
DIA 1,,0.13223863810965,65.40454623631214,-71.234,-40.119
DIA 1,,0.13255816901583,73.88446974673580,-71.234,-40.119
DIA 1,,0.13270134722645,81.90981307134018,-71.233,-40.119
DIA 1,,0.13284170391493,82.30222537226328,-71.233,-40.119
DIA 1,,0.13289269411006,85.85142751396560,-71.233,-40.119
DIA 1,,0.13308295708597,97.77079760687781,-71.233,-40.119
DIA 1,,0.13326734797512,106.88965660801205,-71.233,-40.119
DIA 1,,0.13346048005428,117.13718653193186,-71.233,-40.119
DIA 1,,0.13369901726311,126.69420206468656,-71.232,-40.119
DIA 1,,0.13396150535808,134.30211843464048,-71.232,-40.119
DIA 1,,0.13433687184566,140.35390052246754,-71.232,-40.120
DIA 1,,0.13624099894226,147.95152478164746,-71.231,-40.121
DIA 1,,0.13626335962204,147.19971795742435,-71.231,-40.121
DIA 1,,0.13673969983659,137.98224355130668,-71.231,-40.122
DIA 1,,0.13685283692158,137.31773171493035,-71.230,-40.122
DIA 1,,0.13711532501655,137.31773171387465,-71.230,-40.122
DIA 1,,0.13778000539086,132.34953674155904,-71.230,-40.122
DIA 1,,0.13846884499484,127.72648036890402,-71.229,-40.123
DIA 1,,0.13877690343085,124.16397219473627,-71.229,-40.123
DIA 1,,0.13963130380538,120.42128496075708,-71.228,-40.123
DIA 1,,0.14685252253909,115.73355164970457,-71.222,-40.127
DIA 1,,0.14692868027014,115.84711456506498,-71.222,-40.127
DIA 1,,0.14732692642518,116.00942381908025,-71.222,-40.127
DIA 1,,0.14825396471997,112.03962712002212,-71.221,-40.127
DIA 1,,0.14876660494468,107.79323787158179,-71.220,-40.128
DIA 1,,0.14988486251788,102.50124410544608,-71.219,-40.128
DIA 1,,0.15080882139141,98.15612471670394,-71.218,-40.128
DIA 1,,0.15162380605385,94.52041054168512,-71.217,-40.128
DIA 1,,0.15268498464391,95.41536584458684,-71.216,-40.128
DIA 1,,0.15275569532203,94.94459754659036,-71.216,-40.128
DIA 1,,0.16611198971831,90.14514601356086,-71.203,-40.129
DIA 1,,0.16689224608642,87.06624696528152,-71.202,-40.129
DIA 1,,0.16754416632695,83.86367825663224,-71.202,-40.129
DIA 1,,0.16849311311155,80.70646942266752,-71.201,-40.128
DIA 1,,0.16924623992689,78.56264685131558,-71.200,-40.128
DIA 1,,0.17703094929847,76.90108662878546,-71.192,-40.127
DIA 1,,0.17830911204243,74.19624887683942,-71.191,-40.126
DIA 1,,0.17893847680152,70.58911785736788,-71.190,-40.126
DIA 1,,0.18009726927647,66.77418542395226,-71.189,-40.126
DIA 1,,0.18047303516104,63.24906029438328,-71.189,-40.126
DIA 1,,0.18135892454465,60.66005911117180,-71.188,-40.125
DIA 1,,0.18203123399720,58.44282385834596,-71.188,-40.125
DIA 1,,0.18236410033675,55.86354796737246,-71.187,-40.125
DIA 1,,0.18262217009476,52.97457195318602,-71.187,-40.124
DIA 1,,0.18506317398661,50.63847621106442,-71.185,-40.123
DIA 1,,0.18633333145716,52.35818811435388,-71.184,-40.122
DIA 1,,0.18690761361777,53.13321862616574,-71.184,-40.122
DIA 1,,0.20003401830452,52.30368254064908,-71.174,-40.114
DIA 1,,0.20087002069686,54.93434243357804,-71.173,-40.113
DIA 1,,0.20196002069685,57.79042876072770,-71.172,-40.112
DIA 1,,0.20541400390468,74.48967299482923,-71.169,-40.111
DIA 1,,0.20542400390469,67.50000000000000,-71.169,-40.111
DIA 1,,0.20543814604031,51.76158032518704,-71.169,-40.111
DIA 1,,0.20831086252476,55.32408849948138,-71.167,-40.109
DIA 1,,0.20842488006727,53.94377678590848,-71.166,-40.109
DIA 1,,0.20929579912206,54.06529414745278,-71.166,-40.109
DIA 1,,0.21094994542756,48.68402553074972,-71.164,-40.108
DIA 1,,0.21097822969880,48.49884629696602,-71.164,-40.108
DIA 1,,0.21492500053077,51.09606075592232,-71.161,-40.105
DIA 1,,0.21562792300160,48.47840996566396,-71.161,-40.105
DIA 1,,0.21654759685683,45.21508558481042,-71.160,-40.104
DIA 1,,0.21746001123638,42.22374813013179,-71.159,-40.103
DIA 1,,0.22024649647768,43.24793802983886,-71.158,-40.101
DIA 1,,0.22137795571247,47.34040733417278,-71.157,-40.101
DIA 1,,0.22209384676564,50.74423758045782,-71.156,-40.100
DIA 1,,0.22247186792906,54.02580327907092,-71.156,-40.100
DIA 1,,0.22328457943999,56.30272764123226,-71.155,-40.099
DIA 1,,0.22494050818242,64.32136016563514,-71.154,-40.098
DIA 1,,0.22497213095902,64.44224821283368,-71.154,-40.098
DIA 1,,0.23000959063628,55.22477380544378,-71.150,-40.096
DIA 1,,0.23010959063628,55.22097242554570,-71.150,-40.096
DIA 1,,0.24327463906004,51.15592125355660,-71.138,-40.089
DIA 1,,0.24330292333129,51.27616890613492,-71.138,-40.089
DIA 1,,0.25264072285794,59.55470458924686,-71.131,-40.084
DIA 1,,0.25291366973923,63.39096540279194,-71.130,-40.083
DIA 1,,0.25305684794986,63.46205183191470,-71.130,-40.083
DIA 1,,0.25335214441106,63.53783972421262,-71.130,-40.083
DIA 1,,0.25388015956235,67.47951126005427,-71.129,-40.083
DIA 1,,0.26548950493580,67.49139835069158,-71.119,-40.079
DIA 1,,0.26640235760739,64.22602355874211,-71.118,-40.079
DIA 1,,0.28579844484166,58.09097004155068,-71.100,-40.070
DIA 1,,0.28584844484167,59.03131946127858,-71.100,-40.070
DIA 1,,0.28653291544002,66.22655108248171,-71.100,-40.069
DIA 1,,0.28747445672959,68.80207980457298,-71.099,-40.069
DIA 1,,0.28894224418014,71.22272413798002,-71.098,-40.069
DIA 1,,0.30758883636211,70.05641530626679,-71.080,-40.063
DIA 1,,0.30806423093507,64.05055641751576,-71.079,-40.063
DIA 1,,0.30881216141311,57.56627176254428,-71.079,-40.062
DIA 1,,0.30922833445405,51.79824093327924,-71.078,-40.062
DIA 1,,0.30975984174469,44.21238153684175,-71.078,-40.062
DIA 1,,0.31051270295368,35.39783144939542,-71.077,-40.061
DIA 1,,0.31095688759997,27.49545908801879,-71.077,-40.061
DIA 1,,0.31132850568349,19.66502725714651,-71.077,-40.060
DIA 1,,0.31170213651733,13.41702173614247,-71.077,-40.060
DIA 1,,0.31200807768815,8.75669018845403,-71.077,-40.060
DIA 1,,0.31247078710020,3.99667925534292,-71.077,-40.059
DIA 1,,0.31279094331207,357.09763361896972,-71.077,-40.059
DIA 1,,0.31309359823108,350.42261291739948,-71.077,-40.059
DIA 1,,0.31354270846253,346.91929845996469,-71.077,-40.058
DIA 1,,0.31477242387677,352.69936385711401,-71.077,-40.057
DIA 1,,0.31478242387677,351.65037788393687,-71.077,-40.057
DIA 1,,0.31488682694186,347.58532670563761,-71.077,-40.057
DIA 1,,0.31495753761997,348.50080814244660,-71.077,-40.057
DIA 1,,0.31846497258017,343.34838490946191,-71.078,-40.054
DIA 1,,0.31991962030385,339.62280539200071,-71.079,-40.052
DIA 1,,0.32094655749765,336.23971798077781,-71.079,-40.051
DIA 1,,0.32113444043992,347.39943817749310,-71.079,-40.051
DIA 1,,0.32115444043992,346.88901661121605,-71.079,-40.051
DIA 1,,0.32563560100389,333.39865835193325,-71.081,-40.047
DIA 1,,0.34474554082587,330.25587952939838,-71.090,-40.030
DIA 1,,0.34716454888704,330.46371220033615,-71.091,-40.028
DIA 1,,0.34763412316232,335.94698645205631,-71.091,-40.028
DIA 1,,0.34804265712663,341.25681408983024,-71.091,-40.027
DIA 1,,0.34855226481888,346.65785349933827,-71.092,-40.027
DIA 1,,0.34914260370461,341.34802585729932,-71.092,-40.026
DIA 1,,0.34916496438438,343.46780126756590,-71.092,-40.026
DIA 1,,0.34996007443966,355.97624801043440,-71.092,-40.025
DIA 1,,0.35033020955012,4.28825697805798,-71.092,-40.025
DIA 1,,0.35061463880319,13.61370031210568,-71.092,-40.025
DIA 1,,0.35075065350828,23.54218416893412,-71.092,-40.024
DIA 1,,0.35105082012868,34.53774912781459,-71.092,-40.024
DIA 1,,0.35146313069124,44.13938750540855,-71.091,-40.024
DIA 1,,0.35175381952831,47.86653691168122,-71.091,-40.024
DIA 1,,0.35280071971458,41.86643207601439,-71.090,-40.023
DIA 1,,0.35316472520904,35.73579171567636,-71.090,-40.023
DIA 1,,0.35343099574816,32.23019850360610,-71.090,-40.022
DIA 1,,0.35392838895277,60.08676001448482,-71.090,-40.022
DIA 1,,0.35393838895278,58.56656051394086,-71.090,-40.022
DIA 1,,0.35709587212771,30.41159427066751,-71.088,-40.019
DIA 1,,0.35713192764046,30.37033226038079,-71.088,-40.019
DIA 1,,0.35977058260086,27.83052833672320,-71.087,-40.017
DIA 1,,0.36052238044602,27.89786931333333,-71.087,-40.016
DIA 1,,0.36382748256245,23.87066208894064,-71.085,-40.013
DIA 1,,0.36391292259990,24.58325244088104,-71.085,-40.013
DIA 1,,0.36416352188162,24.88585974085829,-71.085,-40.013
DIA 1,,0.36482835268717,10.58062990865362,-71.085,-40.012
DIA 1,,0.36483835268716,8.04540817465542,-71.085,-40.012
DIA 1,,0.36537955505228,13.70037441146980,-71.085,-40.012
DIA 1,,0.36578747661336,8.37513225314050,-71.085,-40.011
DIA 1,,0.36599842684446,2.72016601632612,-71.085,-40.011
DIA 1,,0.36614842684446,2.25699422865040,-71.085,-40.011
DIA 1,,0.36652960921551,1.42282550463411,-71.085,-40.011
DIA 1,,0.36756004601610,357.27839690062717,-71.085,-40.010
DIA 1,,0.37242059125301,358.11256562464342,-71.085,-40.005
DIA 1,,0.37259059125300,358.06073774830253,-71.085,-40.005
DIA 1,,0.37377330000836,353.99568657183522,-71.085,-40.003
DIA 1,,0.37419756407707,350.27998258636597,-71.085,-40.003
DIA 1,,0.37496241700411,347.01112131104247,-71.085,-40.002
DIA 1,,0.37650261179698,344.45143682243628,-71.086,-40.001
DIA 1,,0.37731581533855,344.59465197874880,-71.086,-40.000
DIA 1,,0.37852366466689,352.80930270452171,-71.086,-39.999
DIA 1,,0.37855366466689,351.01543012916807,-71.086,-39.999
DIA 1,,0.37894263767367,343.71206145205736,-71.086,-39.998
DIA 1,,0.38064774764080,347.76372785149641,-71.087,-39.997
DIA 1,,0.38111465234200,353.79469433875079,-71.087,-39.996
DIA 1,,0.38201554079236,0.37853064709847,-71.087,-39.995
DIA 1,,0.38253640545809,1.65093283695489,-71.087,-39.995
DIA 1,,0.38268640545808,13.28252559261011,-71.087,-39.995
DIA 1,,0.38270876613786,16.95871527243127,-71.087,-39.995
DIA 1,,0.38302133613002,8.82861291404134,-71.087,-39.994
DIA 1,,0.38324494292777,11.61183204806057,-71.087,-39.994
DIA 1,,0.38834401147016,14.22146431035112,-71.085,-39.989
DIA 1,,0.38853082688708,14.21475262867467,-71.085,-39.989
DIA 1,,0.39430672508564,13.85688565131564,-71.084,-39.983
DIA 1,,0.39520661396766,13.50442288287760,-71.084,-39.983
DIA 1,,0.39672081342612,11.62596287713999,-71.084,-39.981
DIA 1,,0.40063337013498,10.38407142218882,-71.083,-39.977
DIA 1,,0.40211461960755,10.57886484303927,-71.083,-39.976
DIA 1,,0.40297164936200,10.09360306542450,-71.082,-39.975
DIA 1,,0.40349776721951,9.55477049226457,-71.082,-39.974
DIA 1,,0.41050203020715,11.49837032868452,-71.081,-39.968
DIA 1,,0.41109642065122,11.45821353927430,-71.081,-39.967
DIA 1,,0.41580200244309,11.34524183494433,-71.080,-39.962
DIA 1,,0.41631395947254,16.48173187192628,-71.080,-39.962
DIA 1,,0.41639939950999,17.95309085500502,-71.080,-39.962
DIA 1,,0.41745713293576,17.88623475867592,-71.080,-39.961
DIA 1,,0.42447845047594,32.71116651234726,-71.077,-39.954
DIA 1,,0.42454916115406,22.50000000000000,-71.077,-39.954
DIA 1,,0.42455916115406,22.50000001017778,-71.077,-39.954
DIA 1,,0.42457330328968,39.34503377629928,-71.077,-39.954
DIA 1,,0.42460935880244,27.12305637593647,-71.077,-39.954
DIA 1,,0.42563463925188,21.42081643296438,-71.077,-39.953
DIA 1,,0.42629388124084,21.19908796771920,-71.077,-39.952
DIA 1,,0.42931831507215,21.24636167063990,-71.076,-39.950
DIA 1,,0.42968601059837,21.44255726398912,-71.075,-39.949
DIA 1,,0.43231241498459,23.53501533052910,-71.074,-39.947
DIA 1,,0.43235713634415,23.83494488496586,-71.074,-39.947
DIA 1,,0.43296811915896,20.17718222868291,-71.074,-39.946
DIA 1,,0.43430273520861,9.62476293632716,-71.074,-39.945
DIA 1,,0.43431273520862,13.28252559261011,-71.074,-39.945
DIA 1,,0.43433509588839,13.28252559261011,-71.074,-39.945
DIA 1,,0.43435509588839,350.78252558548570,-71.074,-39.945
DIA 1,,0.43441834144160,1.83724975719086,-71.074,-39.945
DIA 1,,0.43476373976238,20.92317491945409,-71.074,-39.945
DIA 1,,0.43754726271001,20.60227646724495,-71.073,-39.942
DIA 1,,0.43850360992729,19.95130013163561,-71.072,-39.941
DIA 1,,0.43888308324652,20.01512963644387,-71.072,-39.941
DIA 1,,0.43991555600644,21.02282742612453,-71.072,-39.940
DIA 1,,0.45133528017124,16.27255074072340,-71.068,-39.929
DIA 1,,0.45162163659251,9.92996154753785,-71.068,-39.929
DIA 1,,0.45184367262562,5.38897676117614,-71.068,-39.928
DIA 1,,0.45203393560153,359.12457290640629,-71.068,-39.928
DIA 1,,0.45227476749310,353.24509802270484,-71.068,-39.928
DIA 1,,0.45253782642186,344.72621412987564,-71.068,-39.928
DIA 1,,0.45259167806993,349.09929526103559,-71.068,-39.928
DIA 1,,0.45260167806993,349.53774912747798,-71.068,-39.928
DIA 1,,0.45296568356439,335.71476144506539,-71.068,-39.927
DIA 1,,0.45320274895622,323.67701232097994,-71.068,-39.927
DIA 1,,0.45324517536309,319.73116110685521,-71.068,-39.927
DIA 1,,0.45367529162644,320.87646612517210,-71.068,-39.927
DIA 1,,0.45385220968657,310.49033878626517,-71.069,-39.927
DIA 1,,0.45388826519932,309.34503376455569,-71.069,-39.927
DIA 1,,0.45408625509805,310.89141103007432,-71.069,-39.927
DIA 1,,0.46066626269683,301.67393661861331,-71.074,-39.923
DIA 1,,0.46068862337661,302.22001741389238,-71.074,-39.923
DIA 1,,0.46114469354665,311.43749182535333,-71.074,-39.922
DIA 1,,0.46121540422477,317.26888625437130,-71.074,-39.922
DIA 1,,0.46166228228420,325.03094175260259,-71.075,-39.922
DIA 1,,0.46192647918046,333.04007810760476,-71.075,-39.922
DIA 1,,0.46204730964020,339.22665812550747,-71.075,-39.922
DIA 1,,0.46218332434529,344.95132711811726,-71.075,-39.921
DIA 1,,0.46231674098593,350.44493981927701,-71.075,-39.921
DIA 1,,0.46259834354274,356.94224821729370,-71.075,-39.921
DIA 1,,0.46274834354274,2.38182084620538,-71.075,-39.921
DIA 1,,0.46286875948853,11.59929524748861,-71.075,-39.921
DIA 1,,0.46290038226513,9.21747440128323,-71.075,-39.921
DIA 1,,0.46292038226512,7.01812173605866,-71.075,-39.921
DIA 1,,0.46308530649015,17.00967499671149,-71.075,-39.921
DIA 1,,0.46320235348926,9.99155326065284,-71.075,-39.920
DIA 1,,0.46326235348926,16.06924413209171,-71.075,-39.920
DIA 1,,0.46828145699486,26.96994887807529,-71.072,-39.916
DIA 1,,0.46833530864294,27.16982678561010,-71.072,-39.916
DIA 1,,0.47095679676994,36.86208462176082,-71.071,-39.914
DIA 1,,0.47106309822806,46.80866656961232,-71.071,-39.914
DIA 1,,0.47122711042273,19.19758225231740,-71.071,-39.914
DIA 1,,0.47126834147900,352.98187826483934,-71.071,-39.914
DIA 1,,0.47131834147899,14.87244064784479,-71.071,-39.914
DIA 1,,0.47139896405647,38.51774566870881,-71.071,-39.914
DIA 1,,0.47157588211660,45.02971771702668,-71.070,-39.913
DIA 1,,0.47212076742564,39.81936151745618,-71.070,-39.913
DIA 1,,0.47217076742564,31.71747441186812,-71.070,-39.913
DIA 1,,0.47221548878519,18.43494882300343,-71.070,-39.913
DIA 1,,0.47232729218407,5.15242323242888,-71.070,-39.913
DIA 1,,0.47240729218406,352.37244064956712,-71.070,-39.913
DIA 1,,0.47252130972657,339.77187882752168,-71.070,-39.913
DIA 1,,0.47270919266885,347.39943817795444,-71.070,-39.912
DIA 1,,0.47272919266885,337.49999998982219,-71.070,-39.912
DIA 1,,0.47274333480448,333.43494881152293,-71.070,-39.912
DIA 1,,0.47281404548260,327.67803322964147,-71.070,-39.912
DIA 1,,0.47359340419333,308.05011239239360,-71.071,-39.912
DIA 1,,0.47393310994836,318.81101788585653,-71.071,-39.912
DIA 1,,0.47405517550451,329.22146431286478,-71.071,-39.912
DIA 1,,0.47416697890339,336.19871889833036,-71.071,-39.911
DIA 1,,0.47430626278616,343.82627824829342,-71.071,-39.911
DIA 1,,0.47435725298130,354.34503376142408,-71.071,-39.911
DIA 1,,0.47457725298130,3.56250817570355,-71.071,-39.911
DIA 1,,0.47465787555878,11.91213029120638,-71.071,-39.911
DIA 1,,0.47476227862387,20.26899220724527,-71.071,-39.911
DIA 1,,0.47523238499482,25.95561355977458,-71.071,-39.910
DIA 1,,0.47591238499482,14.03624346803213,-71.071,-39.910
DIA 1,,0.47592238499481,14.09264921609451,-71.071,-39.910
DIA 1,,0.47861121373611,26.75098544277497,-71.069,-39.907
DIA 1,,0.48045864438433,27.18563827610931,-71.069,-39.906
DIA 1,,0.48190003260407,30.35767759790691,-71.068,-39.905
DIA 1,,0.48260494394602,27.81162003534745,-71.067,-39.904
DIA 1,,0.48270343252403,26.21834629200598,-71.067,-39.904
DIA 1,,0.48404581845960,27.18555635952333,-71.067,-39.903
DIA 1,,0.48557986539499,23.11002296951286,-71.066,-39.901
DIA 1,,0.48586778899597,18.51119053090907,-71.066,-39.901
DIA 1,,0.48607659512615,14.44985647918925,-71.066,-39.901
DIA 1,,0.48645514499076,7.88840155145941,-71.066,-39.900
DIA 1,,0.48661545718618,5.58548887359327,-71.066,-39.900
DIA 1,,0.48676678464569,3.79732168554018,-71.066,-39.900
DIA 1,,0.48740678464568,1.37130567868545,-71.066,-39.900
DIA 1,,0.48907869971530,4.47302962965496,-71.066,-39.898
DIA 1,,0.48954140912735,8.75669018813620,-71.066,-39.897
DIA 1,,0.48979636010303,13.62766418724405,-71.066,-39.897
DIA 1,,0.49008756449860,19.95394243745971,-71.066,-39.897
DIA 1,,0.49097396170076,24.92200018763599,-71.065,-39.896
DIA 1,,0.49509756449444,26.73940363437731,-71.063,-39.892
DIA 1,,0.49609053982142,29.55391289516732,-71.063,-39.891
DIA 1,,0.50112253743669,32.49340410921288,-71.060,-39.887
DIA 1,,0.50186584087405,35.89250693183669,-71.060,-39.887
DIA 1,,0.50314024269451,39.61155939306005,-71.059,-39.886
DIA 1,,0.50333873702693,38.89214043231461,-71.059,-39.885
DIA 1,,0.50353873702692,38.61721710949039,-71.059,-39.885
DIA 1,,0.50432620131183,42.26100615621357,-71.058,-39.885
DIA 1,,0.50528797051491,45.84037098644990,-71.058,-39.884
DIA 1,,0.50737595997849,49.21470367330680,-71.056,-39.883
DIA 1,,0.50758211525977,49.08929542292940,-71.056,-39.882
DIA 1,,0.50936542678612,45.99783034029474,-71.055,-39.881
DIA 1,,0.51082915490295,54.07907988532842,-71.054,-39.880
DIA 1,,0.51085151558272,53.07216939144242,-71.054,-39.880
DIA 1,,0.51102843364285,44.45561151197464,-71.054,-39.880
DIA 1,,0.51203981883158,44.61344952693905,-71.053,-39.879
DIA 1,,0.51224500167687,44.37362172570475,-71.053,-39.879
DIA 1,,0.51561109733802,44.62668837386024,-71.050,-39.877
DIA 1,,0.51588695962250,44.86651617533982,-71.050,-39.877
DIA 1,,0.51993250037746,43.69387911311180,-71.047,-39.874
DIA 1,,0.52003880183559,43.09296258155183,-71.047,-39.874
DIA 1,,0.52046306590430,37.98187826432049,-71.047,-39.873
DIA 1,,0.52052137542325,34.26617427866111,-71.047,-39.873
DIA 1,,0.52084939981259,31.17186629898826,-71.047,-39.873
DIA 1,,0.52142211265512,22.37912354462194,-71.046,-39.873
DIA 1,,0.52165620665333,23.27407884919183,-71.046,-39.872
DIA 1,,0.52176801005221,21.25522354130483,-71.046,-39.872
DIA 1,,0.52184081115110,21.25522354211905,-71.046,-39.872
DIA 1,,0.52195261454998,24.22210125793220,-71.046,-39.872
DIA 1,,0.52332119045215,20.76648769802010,-71.046,-39.871
DIA 1,,0.52361851182709,22.34821111841305,-71.045,-39.871
DIA 1,,0.52631168839019,25.80382467741838,-71.044,-39.868
DIA 1,,0.52729555830029,25.22016601539651,-71.044,-39.867
DIA 1,,0.52796264150350,22.36486944641674,-71.044,-39.867
DIA 1,,0.52841208560458,17.47402731020431,-71.043,-39.866
DIA 1,,0.53083501771258,15.19382201917463,-71.043,-39.864
DIA 1,,0.53151221783072,18.60459204281239,-71.043,-39.863
DIA 1,,0.53319296171364,21.98321877258845,-71.042,-39.862
DIA 1,,0.53421452913677,24.30563304503318,-71.042,-39.861
DIA 1,,0.53446948011245,28.41184843362937,-71.042,-39.860
DIA 1,,0.53479704689954,15.63186584680930,-71.041,-39.860
DIA 1,,0.53480704689953,19.07861329432666,-71.041,-39.860
DIA 1,,0.53498509183768,41.09310232828433,-71.041,-39.860
DIA 1,,0.53540234475858,45.36516633668852,-71.041,-39.860
DIA 1,,0.53683133041281,51.50564353817514,-71.040,-39.859
DIA 1,,0.53686738592557,50.96976553974774,-71.040,-39.859
DIA 1,,0.53751089194730,44.25425110609543,-71.039,-39.858
DIA 1,,0.53846614060603,40.22374781484363,-71.039,-39.858
DIA 1,,0.53863015280069,39.60106568330213,-71.039,-39.857
DIA 1,,0.53875056874649,34.09929524657614,-71.039,-39.857
DIA 1,,0.53877292942626,32.33631401509278,-71.039,-39.857
DIA 1,,0.53942108064318,36.51925708966024,-71.038,-39.857
DIA 1,,0.54018952062132,33.12981508355982,-71.038,-39.856
DIA 1,,0.54045877886167,26.30754898954275,-71.038,-39.856
DIA 1,,0.54459066704990,21.74911790007673,-71.036,-39.852
DIA 1,,0.54718304047979,20.82593275816565,-71.035,-39.850
DIA 1,,0.54736331804357,20.91008494087247,-71.035,-39.850
DIA 1,,0.54828255685911,11.19006752590752,-71.035,-39.849
DIA 1,,0.54829255685911,12.00357331345010,-71.035,-39.849
DIA 1,,0.54959524638466,22.90427805690676,-71.034,-39.848
DIA 1,,0.54986450462502,25.42800679337932,-71.034,-39.847
DIA 1,,0.54996746092643,27.30728463583742,-71.034,-39.847
DIA 1,,0.55277192165891,27.30728463583739,-71.033,-39.845
DIA 1,,0.55287487796032,26.88389048995496,-71.033,-39.845
DIA 1,,0.55481232473378,12.35658844003231,-71.032,-39.843
DIA 1,,0.55483232473378,10.79765522474354,-71.032,-39.843
DIA 1,,0.55534856111374,17.81577695894624,-71.032,-39.842
DIA 1,,0.55555471639502,11.74928283748200,-71.032,-39.842
DIA 1,,0.55573719927093,7.40907362553449,-71.032,-39.842
DIA 1,,0.55605860244454,0.99468219001386,-71.032,-39.842
DIA 1,,0.55639919017186,352.79629957773670,-71.032,-39.841
DIA 1,,0.55681692214333,341.19700432143907,-71.032,-39.841
DIA 1,,0.55683928282312,338.36785229474430,-71.032,-39.841
DIA 1,,0.55725689508347,341.91522687856644,-71.032,-39.840
DIA 1,,0.55830694270143,327.76484899528316,-71.032,-39.839
DIA 1,,0.55832108483706,326.41682708838403,-71.032,-39.839
DIA 1,,0.55861263243181,334.11460171560418,-71.032,-39.839
DIA 1,,0.55911869566896,327.80885894437728,-71.033,-39.839
DIA 1,,0.55955698780897,330.79639545069415,-71.033,-39.838
DIA 1,,0.55973163030094,344.83039273090901,-71.033,-39.838
DIA 1,,0.55990280272862,356.64508159737204,-71.033,-39.838
DIA 1,,0.56017280272862,3.88258300851075,-71.033,-39.838
DIA 1,,0.56039483876174,10.90070474307268,-71.033,-39.838
DIA 1,,0.56064222509928,17.75651722393420,-71.033,-39.837
DIA 1,,0.56129774016394,23.24684222858944,-71.033,-39.837
DIA 1,,0.56195985797823,21.84679760552239,-71.032,-39.836
DIA 1,,0.56270932445513,15.64265426288766,-71.032,-39.835
DIA 1,,0.56348810555402,11.32836086411509,-71.032,-39.835
DIA 1,,0.56927689644678,11.28846132210841,-71.031,-39.829
DIA 1,,0.56946128733592,11.08317291100602,-71.031,-39.829
DIA 1,,0.56999887453815,11.08317291076653,-71.031,-39.828
DIA 1,,0.57018326542730,11.12379995584448,-71.031,-39.828
DIA 1,,0.57385597559827,8.89101918429861,-71.030,-39.824
DIA 1,,0.57506795744632,7.22370505241292,-71.030,-39.823
DIA 1,,0.57650688065484,4.80640590454067,-71.030,-39.822
DIA 1,,0.57845998075468,1.75828196813989,-71.030,-39.820
DIA 1,,0.58244003100562,359.59310497583306,-71.030,-39.816
DIA 1,,0.58348022329553,358.17107190328005,-71.030,-39.815
DIA 1,,0.58460133881144,358.10593625937247,-71.030,-39.814
DIA 1,,0.58646176886925,357.71708596780149,-71.030,-39.812
DIA 1,,0.58749351496204,354.97815626535839,-71.030,-39.811
DIA 1,,0.58817820467279,356.64508159626052,-71.030,-39.810
DIA 1,,0.58820820467278,354.11585553380900,-71.030,-39.810
DIA 1,,0.58894366371311,345.88584812795347,-71.030,-39.809
DIA 1,,0.58940246650300,341.54521878872754,-71.030,-39.809
DIA 1,,0.59003214896265,337.17466437181679,-71.030,-39.808
DIA 1,,0.59078368073177,333.01962891046782,-71.031,-39.808
DIA 1,,0.59323621003843,345.62019073323415,-71.032,-39.806
DIA 1,,0.59324621003842,346.99160852960142,-71.032,-39.806
DIA 1,,0.59418092924760,332.31273175826618,-71.032,-39.805
DIA 1,,0.59436450484511,345.32112322866476,-71.032,-39.805
DIA 1,,0.59438450484511,347.42760718454934,-71.032,-39.804
DIA 1,,0.59492579958922,336.17269619799293,-71.033,-39.804
DIA 1,,0.59612734026685,340.52489925261364,-71.033,-39.803
DIA 1,,0.59676334341149,351.77981023916999,-71.033,-39.802
DIA 1,,0.59677334341150,353.90880520155889,-71.033,-39.802
DIA 1,,0.60179645997395,351.70945252338259,-71.034,-39.797
DIA 1,,0.60218761211826,359.16380281923739,-71.034,-39.797
DIA 1,,0.60239785007867,4.53325137136157,-71.034,-39.797
DIA 1,,0.60257895778144,7.97615325102146,-71.034,-39.797
DIA 1,,0.60383661433233,10.18693471488705,-71.034,-39.795
DIA 1,,0.60978116646012,5.38087733781350,-71.033,-39.789
DIA 1,,0.60993116646012,357.14470343447482,-71.033,-39.789
DIA 1,,0.61003166521633,347.21709624892503,-71.033,-39.789
DIA 1,,0.61041441840051,335.96371488721718,-71.033,-39.789
DIA 1,,0.61087971400548,328.71827337309469,-71.033,-39.788
DIA 1,,0.61160641889743,324.02674862997242,-71.034,-39.788
DIA 1,,0.61270450814700,324.06924588027567,-71.035,-39.787
DIA 1,,0.61353937340559,330.26888672835469,-71.035,-39.786
DIA 1,,0.61391513929015,338.52710236407268,-71.035,-39.786
DIA 1,,0.61417762738512,345.68490065878717,-71.035,-39.786
DIA 1,,0.61444239143101,353.12603386095606,-71.035,-39.785
DIA 1,,0.61464264127496,0.25202771997528,-71.035,-39.785
DIA 1,,0.61515352286593,10.36024264980551,-71.035,-39.785
DIA 1,,0.61565641450437,18.66856557929796,-71.035,-39.784
DIA 1,,0.61670983749633,21.35641930088123,-71.035,-39.783
DIA 1,,0.61751214666367,16.51728927415141,-71.034,-39.783
DIA 1,,0.61773575346142,5.15242323422017,-71.034,-39.782
DIA 1,,0.61804575346142,350.45325399964963,-71.034,-39.782
DIA 1,,0.61832088979126,327.95325400043259,-71.035,-39.782
DIA 1,,0.61850473755437,312.40278554524701,-71.035,-39.782
DIA 1,,0.61866094254790,306.04060770276067,-71.035,-39.782
DIA 1,,0.61888566459843,304.57277098101497,-71.035,-39.781
DIA 1,,0.61928566459843,305.87261299497339,-71.035,-39.781
DIA 1,,0.62049239572010,305.56458304095287,-71.036,-39.780
DIA 1,,0.62272452474863,4.51886308993905,-71.038,-39.779
DIA 1,,0.62311809812171,61.11065261182540,-71.038,-39.779
DIA 1,,0.62581240693846,63.59419656255454,-71.035,-39.778
DIA 1,,0.62605010422495,69.96604371437942,-71.035,-39.778
DIA 1,,0.62634421304834,74.90017707802868,-71.035,-39.777
DIA 1,,0.62676397488557,79.07846043138666,-71.034,-39.777
DIA 1,,0.62706811301209,85.26883889576716,-71.034,-39.777
DIA 1,,0.62711811301209,86.28429601501912,-71.034,-39.777
DIA 1,,0.62735006128218,83.90247516961594,-71.034,-39.777
DIA 1,,0.62819297290270,86.45741385959880,-71.033,-39.777
DIA 1,,0.62893358076115,90.20239020241569,-71.032,-39.777
DIA 1,,0.62914381872157,96.46514235826372,-71.032,-39.777
DIA 1,,0.62965185415340,103.40547715007801,-71.032,-39.777
DIA 1,,0.63024666504772,112.04070610185379,-71.031,-39.777
DIA 1,,0.63052844510380,122.67470763833153,-71.031,-39.778
DIA 1,,0.63087049773133,131.17467452257966,-71.031,-39.778
DIA 1,,0.63241205538513,132.00840595423330,-71.029,-39.779
DIA 1,,0.63352726836927,125.54691573150696,-71.029,-39.780
DIA 1,,0.63419614802960,118.08747486693743,-71.028,-39.780
DIA 1,,0.63446015560525,112.83053790592037,-71.028,-39.780
DIA 1,,0.63473872337079,108.86837763050090,-71.027,-39.780
DIA 1,,0.63484312643588,101.74410940429388,-71.027,-39.780
DIA 1,,0.63526609215553,90.53919071837527,-71.027,-39.780
DIA 1,,0.63546708966796,81.78814192004184,-71.027,-39.780
DIA 1,,0.63584365307563,73.04414323246796,-71.026,-39.780
DIA 1,,0.63591981080669,70.05108262650752,-71.026,-39.780
DIA 1,,0.63602421387178,69.26280759851164,-71.026,-39.780
DIA 1,,0.63616739208241,57.01946713230658,-71.026,-39.780
DIA 1,,0.63627369354053,51.39335072398286,-71.026,-39.780
DIA 1,,0.63640970824563,49.48631330755824,-71.026,-39.780
DIA 1,,0.63652284533062,43.00454345012777,-71.026,-39.780
DIA 1,,0.63682764034369,35.79415688768153,-71.026,-39.780
DIA 1,,0.63708317899048,26.88890869381631,-71.026,-39.779
DIA 1,,0.63746396764577,21.81570959616121,-71.025,-39.779
DIA 1,,0.63800821023874,25.08885498774342,-71.025,-39.778
DIA 1,,0.63825007797119,59.87244064784480,-71.025,-39.778
DIA 1,,0.63826007797119,63.84712023318658,-71.025,-39.778
DIA 1,,0.63853810674668,42.99517821954874,-71.025,-39.778
DIA 1,,0.63989091863309,45.58750978769680,-71.024,-39.777
DIA 1,,0.64008196836483,40.37694362563114,-71.024,-39.777
DIA 1,,0.64019598590734,34.81723186683633,-71.024,-39.777
DIA 1,,0.64044296768804,25.09721445487328,-71.024,-39.777
DIA 1,,0.64066432712426,12.50844673944694,-71.023,-39.776
DIA 1,,0.64092605217082,0.12087645316566,-71.023,-39.776
DIA 1,,0.64101660602220,349.69764797713844,-71.023,-39.776
DIA 1,,0.64223414452262,347.30314920626677,-71.024,-39.775
DIA 1,,0.64409921824771,354.43540535518036,-71.024,-39.773
DIA 1,,0.64411921824771,355.97695449627219,-71.024,-39.773
DIA 1,,0.64604820762041,348.21489899766175,-71.024,-39.771
DIA 1,,0.64623502303733,341.71918898825896,-71.024,-39.771
DIA 1,,0.64637430692011,336.19871889883933,-71.024,-39.771
DIA 1,,0.64655319235831,326.41682708950185,-71.025,-39.771
DIA 1,,0.64784392858232,322.06314195299058,-71.025,-39.770
DIA 1,,0.64834612376351,327.49134862698753,-71.026,-39.769
DIA 1,,0.64850736891847,332.52699752948331,-71.026,-39.769
DIA 1,,0.64869525186075,336.88068266482384,-71.026,-39.769
DIA 1,,0.64883453574352,343.82627824946780,-71.026,-39.769
DIA 1,,0.64914047691434,354.96771589618459,-71.026,-39.769
DIA 1,,0.64960058559715,5.86842063991387,-71.026,-39.768
DIA 1,,0.64987517620151,8.41583438027567,-71.026,-39.768
DIA 1,,0.65005628390427,7.93841375308385,-71.026,-39.768
DIA 1,,0.65132380116253,15.23056875145826,-71.026,-39.766
DIA 1,,0.65168780665700,25.69502333268020,-71.026,-39.766
DIA 1,,0.65188503748623,34.41651515274519,-71.025,-39.766
DIA 1,,0.65219114204354,43.36697302466376,-71.025,-39.766
DIA 1,,0.65243197393511,51.83565356649660,-71.025,-39.766
DIA 1,,0.65290631558413,56.58992401405010,-71.025,-39.765
DIA 1,,0.65392179576612,55.11369045965108,-71.024,-39.765
DIA 1,,0.65436383648822,49.21665177312978,-71.023,-39.764
DIA 1,,0.65511350308078,43.95054703332639,-71.023,-39.764
DIA 1,,0.65638825795918,39.34503376212557,-71.022,-39.763
DIA 1,,0.65663825795918,33.56316740577088,-71.022,-39.763
DIA 1,,0.65677718239907,33.56316740495665,-71.022,-39.763
DIA 1,,0.65682718239907,32.84034569352243,-71.022,-39.763
DIA 1,,0.65705543664328,25.39661597368801,-71.022,-39.762
DIA 1,,0.65823089400108,18.00934083781715,-71.021,-39.761
DIA 1,,0.65827212505734,17.27820016441394,-71.021,-39.761
DIA 1,,0.66200924962042,22.73203106027507,-71.020,-39.758
DIA 1,,0.66248348584847,34.97195262204137,-71.020,-39.757
DIA 1,,0.66251177011972,39.99601008922576,-71.020,-39.757
DIA 1,,0.66385449123745,39.99601009940352,-71.019,-39.756
DIA 1,,0.66388277550870,39.75426149340225,-71.019,-39.756
DIA 1,,0.66407694038708,17.25426149340226,-71.019,-39.756
DIA 1,,0.66408694038709,15.48187826623633,-71.019,-39.756
DIA 1,,0.66426186894393,27.99032500617783,-71.019,-39.756
DIA 1,,0.66442739839751,21.72592115180961,-71.019,-39.756
DIA 1,,0.66458551228052,9.21747441186811,-71.019,-39.756
DIA 1,,0.66463551228052,9.21747440331878,-71.019,-39.756
DIA 1,,0.66466713505711,9.21747440331878,-71.019,-39.755
DIA 1,,0.66481713505712,357.03129195028760,-71.019,-39.755
DIA 1,,0.66607387687627,350.01317022350867,-71.019,-39.754
DIA 1,,0.66611510793252,350.93906988261364,-71.019,-39.754
DIA 1,,0.66625546462100,354.04954483555588,-71.019,-39.754
DIA 1,,0.66677024612805,356.09235322616331,-71.019,-39.753
DIA 1,,0.66680024612805,356.20267831712653,-71.019,-39.753
DIA 1,,0.66695157358755,356.20267831712653,-71.019,-39.753
DIA 1,,0.66698157358755,356.09235322616331,-71.019,-39.753
DIA 1,,0.66749635509460,355.55189113342698,-71.019,-39.753
DIA 1,,0.66802644942583,0.70431436688061,-71.019,-39.752
DIA 1,,0.66825666671449,5.30982763791626,-71.019,-39.752
DIA 1,,0.66839808807073,17.34757677090942,-71.019,-39.752
DIA 1,,0.66842044875051,13.28252559261011,-71.019,-39.752
DIA 1,,0.66845044875050,9.64502310882366,-71.019,-39.752
DIA 1,,0.66866234495150,23.73431816404534,-71.019,-39.752
DIA 1,,0.66897999255500,30.54191651602056,-71.019,-39.751
DIA 1,,0.66918247712230,34.57954032987427,-71.019,-39.751
DIA 1,,0.66936848787469,40.62691886980236,-71.018,-39.751
DIA 1,,0.66956647777342,35.78252559333710,-71.018,-39.751
DIA 1,,0.66958883845319,36.57957097871033,-71.018,-39.751
DIA 1,,0.67340161959037,55.01451978941902,-71.016,-39.748
DIA 1,,0.67342398027014,54.55449285225846,-71.016,-39.748
DIA 1,,0.67522722734139,54.55449286854290,-71.014,-39.747
DIA 1,,0.67524958802117,52.31043700047652,-71.014,-39.747
DIA 1,,0.67535588947930,45.69017703502674,-71.014,-39.747
DIA 1,,0.67590260695661,53.95939229682430,-71.014,-39.746
DIA 1,,0.67612732900716,62.62246064424332,-71.014,-39.746
DIA 1,,0.67644117610368,73.23981271116563,-71.013,-39.746
DIA 1,,0.67685890807517,81.47502693101322,-71.013,-39.746
DIA 1,,0.67704995780692,86.99549702142004,-71.013,-39.746
DIA 1,,0.67721995780692,112.50000000000000,-71.012,-39.746
DIA 1,,0.67723409994254,112.50000000000000,-71.012,-39.746
DIA 1,,0.67733409994255,95.65496623740157,-71.012,-39.746
DIA 1,,0.67743608033281,95.65496623740157,-71.012,-39.746
DIA 1,,0.67746608033282,96.69624887722497,-71.012,-39.746
DIA 1,,0.67768195066426,107.59695361969898,-71.012,-39.746
DIA 1,,0.67784350560848,113.68068732822933,-71.012,-39.746
DIA 1,,0.67809845658416,147.77998258575533,-71.012,-39.746
DIA 1,,0.67810845658416,144.21747440942545,-71.012,-39.746
DIA 1,,0.67814007936076,111.81803623291262,-71.012,-39.746
DIA 1,,0.67832796230304,119.44559558804286,-71.011,-39.746
DIA 1,,0.67836401781579,119.81618150939536,-71.011,-39.746
DIA 1,,0.67877547862802,114.12425027246530,-71.011,-39.747
DIA 1,,0.67919702340619,108.17122426140467,-71.011,-39.747
DIA 1,,0.67973302713753,99.21747441121693,-71.010,-39.747
DIA 1,,0.68025456332994,91.61478301329774,-71.010,-39.747
DIA 1,,0.68074466536013,84.31344347500982,-71.009,-39.747
DIA 1,,0.68125270079197,75.11145022430181,-71.009,-39.747
DIA 1,,0.68173029894942,67.82586680060351,-71.008,-39.747
DIA 1,,0.68215983358131,62.05802530100166,-71.008,-39.747
DIA 1,,0.68283725516349,55.74291727091240,-71.007,-39.746
DIA 1,,0.68305126450909,54.10714932339972,-71.007,-39.746
DIA 1,,0.68788582757103,56.22821532198198,-71.003,-39.743
DIA 1,,0.69029887543628,60.13586209540566,-71.001,-39.742
DIA 1,,0.69074608903178,67.07245130173064,-71.001,-39.742
DIA 1,,0.69116988143379,73.95284385802616,-71.000,-39.742
DIA 1,,0.69162110200071,72.69716222177296,-71.000,-39.742
DIA 1,,0.69167495364878,75.03424407700631,-71.000,-39.742
DIA 1,,0.69209921771749,83.46344346367307,-70.999,-39.741
DIA 1,,0.69395612374635,65.02849465086098,-70.997,-39.741
DIA 1,,0.69397026588197,62.63621073405728,-70.997,-39.741
DIA 1,,0.69432537150006,77.72297073857000,-70.997,-39.741
DIA 1,,0.69467708160796,73.36928560341455,-70.997,-39.741
DIA 1,,0.69502493215058,69.42840049304444,-70.996,-39.741
DIA 1,,0.69701954990845,66.39217228933572,-70.995,-39.740
DIA 1,,0.69776687848411,66.69623064924298,-70.994,-39.740
DIA 1,,0.69954772098135,66.51808497821214,-70.992,-39.739
DIA 1,,0.69999960592247,62.37858870819228,-70.992,-39.739
DIA 1,,0.70033576064874,55.78691572839014,-70.992,-39.739
DIA 1,,0.70062782228607,39.25900432679252,-70.991,-39.739
DIA 1,,0.70065018296585,37.98187826998814,-70.991,-39.739
DIA 1,,0.70083457385499,47.70189567945398,-70.991,-39.739
DIA 1,,0.70123768674241,43.45973461214013,-70.991,-39.738
DIA 1,,0.70143618107482,45.55440606459902,-70.991,-39.738
DIA 1,,0.70151428357158,45.13968275331456,-70.991,-39.738
DIA 1,,0.70440282991879,36.88750206490128,-70.989,-39.736
DIA 1,,0.70443888543155,37.19187667821679,-70.989,-39.736
DIA 1,,0.70914736714012,39.42545620642193,-70.986,-39.732
DIA 1,,0.70932541207827,50.79608770578766,-70.986,-39.732
DIA 1,,0.70934777275804,51.08193568672138,-70.986,-39.732
DIA 1,,0.71064245418604,36.55463363679872,-70.985,-39.731
DIA 1,,0.71087267147470,31.81458552991104,-70.985,-39.731
DIA 1,,0.71115920245034,25.74892499705092,-70.985,-39.731
DIA 1,,0.71163459702330,11.12451182867825,-70.984,-39.730
DIA 1,,0.71166459702330,5.00398990236004,-70.984,-39.730
DIA 1,,0.71183722378832,5.00398990236003,-70.984,-39.730
DIA 1,,0.71217722378832,353.21478280666452,-70.984,-39.730
DIA 1,,0.71247555246612,342.02471528140734,-70.984,-39.729
DIA 1,,0.71265940022923,333.32805420834694,-70.984,-39.729
DIA 1,,0.71295094782397,324.93129274848258,-70.985,-39.729
DIA 1,,0.71329922931932,318.97371921311367,-70.985,-39.729
DIA 1,,0.71463657744154,319.66357669917028,-70.986,-39.728
DIA 1,,0.71525665808145,331.88555408743855,-70.986,-39.727
DIA 1,,0.71531990363466,338.18196376399652,-70.986,-39.727
DIA 1,,0.71550778657694,338.72242585914512,-70.986,-39.727
DIA 1,,0.71567541712308,347.96806927902406,-70.986,-39.727
DIA 1,,0.71584658955076,356.64508159737204,-70.986,-39.727
DIA 1,,0.71595658955076,6.26440385218098,-70.986,-39.727
DIA 1,,0.71604878499533,17.86369910725029,-70.986,-39.727
DIA 1,,0.71612494272639,30.92919938608617,-70.986,-39.726
DIA 1,,0.71618897396878,44.02925680779619,-70.986,-39.726
DIA 1,,0.71628116941334,55.87636499472890,-70.986,-39.726
DIA 1,,0.71651823480516,70.86718467971838,-70.986,-39.726
DIA 1,,0.71668102301113,71.40764676508762,-70.986,-39.726
DIA 1,,0.71670338369090,76.71747440331880,-70.986,-39.726
DIA 1,,0.71677338369091,92.85529656995907,-70.986,-39.726
DIA 1,,0.71687388244711,99.87341829913277,-70.986,-39.726
DIA 1,,0.71691511350338,97.01812172917369,-70.986,-39.726
DIA 1,,0.71696511350336,94.44032957537657,-70.985,-39.726
DIA 1,,0.71728899619818,96.63968225359277,-70.985,-39.726
DIA 1,,0.71741938024628,89.34405610966796,-70.985,-39.726
DIA 1,,0.71762037775871,76.45939229684686,-70.985,-39.726
DIA 1,,0.71786735953942,62.86206740375226,-70.985,-39.726
DIA 1,,0.71806984410673,49.25921135097722,-70.984,-39.726
DIA 1,,0.71829655978771,38.63065928959413,-70.984,-39.726
DIA 1,,0.71851859582082,26.47019096128011,-70.984,-39.726
DIA 1,,0.71865461052591,12.61641566260546,-70.984,-39.726
DIA 1,,0.71872532120403,4.06505117829931,-70.984,-39.726
DIA 1,,0.71880532120402,356.43749182460965,-70.984,-39.725
DIA 1,,0.71888594378151,346.44593856395676,-70.984,-39.725
DIA 1,,0.71900299078062,335.48114468942458,-70.984,-39.725
DIA 1,,0.71910594708203,327.70385905381505,-70.984,-39.725
DIA 1,,0.71919197033470,321.72661765216384,-70.984,-39.725
DIA 1,,0.71949676534778,315.37560640062065,-70.984,-39.725
DIA 1,,0.72024749832294,312.81849849537588,-70.985,-39.724
DIA 1,,0.72096888587482,315.21242749237314,-70.986,-39.724
DIA 1,,0.72123061092138,320.61847212876336,-70.986,-39.724
DIA 1,,0.72152471974479,332.35284001891876,-70.986,-39.723
DIA 1,,0.72164176674389,344.35348050429434,-70.986,-39.723
DIA 1,,0.72174374713416,354.34503376494723,-70.986,-39.723
DIA 1,,0.72178374713416,356.99549702036046,-70.986,-39.723
DIA 1,,0.72197479686591,3.61575697832111,-70.986,-39.723
DIA 1,,0.72267336683377,15.61680386677268,-70.986,-39.722
DIA 1,,0.72390352942465,14.30637154604463,-70.985,-39.721
DIA 1,,0.72406631763061,6.28057083299354,-70.985,-39.721
DIA 1,,0.72465665651634,357.67977086787477,-70.985,-39.720
DIA 1,,0.72518010660947,351.28887494495569,-70.985,-39.720
DIA 1,,0.72757280383227,346.95228792240903,-70.986,-39.718
DIA 1,,0.72768682137478,339.08991506238522,-70.986,-39.717
DIA 1,,0.72775390341410,336.43945179968017,-70.986,-39.717
DIA 1,,0.72783934345156,335.19467534039609,-70.986,-39.717
DIA 1,,0.72794229975296,322.97269795353390,-70.986,-39.717
DIA 1,,0.72795644188859,322.01812173376362,-70.986,-39.717
DIA 1,,0.72813137044543,324.50299209722681,-70.986,-39.717
DIA 1,,0.72845786699979,316.66658184238918,-70.986,-39.717
DIA 1,,0.72870545536785,310.40192860095794,-70.987,-39.717
DIA 1,,0.73252164456651,309.02086444485349,-70.990,-39.714
DIA 1,,0.73279823090023,313.66849961724836,-70.990,-39.714
DIA 1,,0.73326513560142,310.21288605898252,-70.990,-39.714
DIA 1,,0.73330119111418,312.20033033320470,-70.990,-39.714
DIA 1,,0.73344331781821,317.85529656864907,-70.990,-39.714
DIA 1,,0.73349988636070,319.06505117544953,-70.990,-39.714
DIA 1,,0.73359988636070,320.97208859250469,-70.990,-39.714
DIA 1,,0.73381248927696,321.07898320912477,-70.990,-39.713
DIA 1,,0.73595650420228,320.01428795097382,-70.992,-39.712
DIA 1,,0.73643754474112,314.85487515244779,-70.992,-39.711
DIA 1,,0.73664272758640,311.15723642580150,-70.992,-39.711
DIA 1,,0.73678485429043,302.92722902079691,-70.992,-39.711
DIA 1,,0.73685193632976,299.28521719349561,-70.992,-39.711
DIA 1,,0.73704061595240,299.28521719349561,-70.993,-39.711
DIA 1,,0.73764435430633,293.90777834203612,-70.993,-39.711
DIA 1,,0.73976880717707,289.38803694087130,-70.995,-39.710
DIA 1,,0.73996805576553,289.38803694055872,-70.995,-39.710
DIA 1,,0.74035431992384,289.66697544477790,-70.996,-39.710
DIA 1,,0.74086978088259,286.47440144547619,-70.996,-39.710
DIA 1,,0.74254587753852,284.21789594645446,-70.998,-39.709
DIA 1,,0.74403752092753,285.80912772696405,-70.999,-39.709
DIA 1,,0.74497357648144,290.44073762342310,-71.000,-39.708
DIA 1,,0.74579819760656,294.69935267756961,-71.001,-39.708
DIA 1,,0.74696095295486,300.12755935100699,-71.002,-39.708
DIA 1,,0.74717728603139,301.37233581239059,-71.002,-39.708
DIA 1,,0.74728024233280,302.60639477021942,-71.002,-39.707
DIA 1,,0.74760226717656,310.57909271966065,-71.002,-39.707
DIA 1,,0.74782854134655,318.90764677280879,-71.003,-39.707
DIA 1,,0.74819254684101,326.53520612434744,-71.003,-39.707
DIA 1,,0.74827316941849,332.90558196121714,-71.003,-39.707
DIA 1,,0.74875649125743,339.22665812540333,-71.003,-39.706
DIA 1,,0.74930055007779,340.82338276239528,-71.003,-39.706
DIA 1,,0.74949368215694,342.35662551094856,-71.003,-39.706
DIA 1,,0.74953491321320,337.97269454998815,-71.003,-39.706
DIA 1,,0.75005462467160,328.26416155917883,-71.003,-39.705
DIA 1,,0.75139701060717,320.77334526265486,-71.004,-39.704
DIA 1,,0.75141115274280,320.37548348691990,-71.004,-39.704
DIA 1,,0.75197974750182,328.92684798189896,-71.005,-39.704
DIA 1,,0.75217210134244,323.55136447462354,-71.005,-39.703
DIA 1,,0.75218624347807,327.91049597732876,-71.005,-39.703
DIA 1,,0.75242975939130,346.34544480920715,-71.005,-39.703
DIA 1,,0.75264189142566,358.65511483811827,-71.005,-39.703
DIA 1,,0.75285284165676,9.73828775008150,-71.005,-39.703
DIA 1,,0.75301776588178,23.43239262984876,-71.005,-39.703
DIA 1,,0.75338668321670,38.91427089525962,-71.005,-39.702
DIA 1,,0.75354224670856,47.59721445294216,-71.004,-39.702
DIA 1,,0.75408896418588,47.59721445386740,-71.004,-39.702
DIA 1,,0.75414553272837,48.10491307364174,-71.004,-39.702
DIA 1,,0.75551830364880,50.19737113612866,-71.003,-39.701
DIA 1,,0.75609968132295,46.10499105675588,-71.002,-39.700
DIA 1,,0.75630486416824,40.72156066681364,-71.002,-39.700
DIA 1,,0.75667499927871,36.05406143553462,-71.002,-39.700
DIA 1,,0.75674711030422,36.17493788970396,-71.002,-39.700
DIA 1,,0.75693920403133,34.51946713220009,-71.002,-39.700
DIA 1,,0.75727535875761,22.20768474064664,-71.002,-39.700
DIA 1,,0.75731658981388,19.52656847562214,-71.002,-39.699
DIA 1,,0.75748211926745,20.61854358801475,-71.002,-39.699
DIA 1,,0.75805491940711,14.48886292770206,-71.001,-39.699
DIA 1,,0.75859833453388,13.85081971678919,-71.001,-39.698
DIA 1,,0.76150670177342,15.68913523953641,-71.001,-39.695
DIA 1,,0.76295590845294,18.32951131937374,-71.000,-39.694
DIA 1,,0.76315839302026,27.72122620029199,-71.000,-39.694
DIA 1,,0.76336647954073,37.72697563943388,-71.000,-39.694
DIA 1,,0.76353677340439,45.21539360898644,-71.000,-39.694
DIA 1,,0.76384918339142,53.48135891944492,-71.000,-39.693
DIA 1,,0.76419588210789,58.97874759471656,-70.999,-39.693
DIA 1,,0.76533715332895,60.41554539909436,-70.998,-39.693
DIA 1,,0.76614838695744,56.38599344590542,-70.998,-39.692
DIA 1,,0.76619838695744,55.60461306537656,-70.998,-39.692
DIA 1,,0.76691706630179,55.60461306781922,-70.997,-39.692
DIA 1,,0.76721706630179,58.28252558528212,-70.997,-39.692
DIA 1,,0.76726178766134,56.49435839732404,-70.997,-39.692
DIA 1,,0.76806334863843,48.60000453020990,-70.996,-39.691
DIA 1,,0.77143276995373,49.74963025975702,-70.994,-39.689
DIA 1,,0.77457355011159,55.44463145284582,-70.991,-39.687
DIA 1,,0.77463185963054,55.40120914441042,-70.991,-39.687
DIA 1,,0.77505197866129,53.27429092643240,-70.991,-39.687
DIA 1,,0.77526006518175,53.06129938850700,-70.991,-39.686
DIA 1,,0.77545215890888,54.57222890600376,-70.990,-39.686
DIA 1,,0.77577122003155,56.13329413662106,-70.990,-39.686
DIA 1,,0.77594326653689,58.94863551519874,-70.990,-39.686
DIA 1,,0.77607743061554,59.87244065316856,-70.990,-39.686
DIA 1,,0.77611348612830,61.84503376696466,-70.990,-39.686
DIA 1,,0.77624348612830,69.68798672236946,-70.990,-39.686
DIA 1,,0.77666408094519,76.62483806595240,-70.989,-39.686
DIA 1,,0.77679561040957,77.27729675146976,-70.989,-39.686
DIA 1,,0.77690001347466,78.08786970828318,-70.989,-39.686
DIA 1,,0.77786748440445,83.92295503480084,-70.988,-39.686
DIA 1,,0.77912231507033,86.24068674768689,-70.987,-39.686
DIA 1,,0.77935253235898,86.28814136820824,-70.987,-39.686
DIA 1,,0.78074770259949,83.04660452229390,-70.985,-39.685
DIA 1,,0.78132476412135,79.62954222702126,-70.985,-39.685
DIA 1,,0.78156991713479,76.53140809878006,-70.985,-39.685
DIA 1,,0.78390113998986,76.00488066774248,-70.982,-39.685
DIA 1,,0.78538821766100,78.27950046508894,-70.981,-39.684
DIA 1,,0.78603937048484,80.62512118485598,-70.980,-39.684
DIA 1,,0.78646363455356,78.91682708916234,-70.980,-39.684
DIA 1,,0.78691717617237,74.15681615591895,-70.979,-39.684
DIA 1,,0.78714804409998,70.48962675527734,-70.979,-39.684
DIA 1,,0.78739502588069,66.03216327685614,-70.979,-39.684
DIA 1,,0.78799876423461,65.25142419261503,-70.978,-39.684
DIA 1,,0.78828107611888,68.54239651968400,-70.978,-39.684
DIA 1,,0.78851517011710,72.03574878870866,-70.978,-39.683
DIA 1,,0.78873357341378,76.08297303025672,-70.978,-39.683
DIA 1,,0.78892773829216,83.43298884650154,-70.977,-39.683
DIA 1,,0.78938784697498,111.87731786642352,-70.977,-39.683
DIA 1,,0.78940198911061,116.21570398498088,-70.977,-39.683
DIA 1,,0.78963393738070,99.89148356007775,-70.977,-39.683
DIA 1,,0.79103639950140,98.29397697454296,-70.975,-39.684
DIA 1,,0.79130713922881,92.11819739944610,-70.975,-39.684
DIA 1,,0.79147713922881,83.86761313590684,-70.975,-39.684
DIA 1,,0.79171251127473,71.99286588988274,-70.975,-39.684
DIA 1,,0.79198564128041,63.97487487069260,-70.974,-39.684
DIA 1,,0.79213328951101,57.00250188353010,-70.974,-39.683
DIA 1,,0.79241131828650,50.79745643089400,-70.974,-39.683
DIA 1,,0.79297859247065,48.05662158029834,-70.974,-39.683
DIA 1,,0.79408931295754,48.00450297896968,-70.973,-39.682
DIA 1,,0.79438000179461,51.15750924023702,-70.973,-39.682
DIA 1,,0.79458000179462,55.68531113494522,-70.972,-39.682
DIA 1,,0.79507396535602,62.70343286862110,-70.972,-39.682
DIA 1,,0.79548627591859,69.36569849969997,-70.972,-39.681
DIA 1,,0.79602386312081,72.38627102801006,-70.971,-39.681
DIA 1,,0.79778913930318,74.05319635874966,-70.969,-39.681
DIA 1,,0.79844167282721,77.71828981416550,-70.969,-39.681
DIA 1,,0.79850250045251,77.92017925533568,-70.969,-39.681
DIA 1,,0.79913313505352,82.65134036044878,-70.968,-39.680
DIA 1,,0.79915313505353,83.63782215718804,-70.968,-39.680
DIA 1,,0.79947094002517,80.07531398261187,-70.968,-39.680
DIA 1,,0.79987405291259,84.84757676555436,-70.967,-39.680
DIA 1,,0.80023460804013,93.14124604194274,-70.967,-39.680
DIA 1,,0.80029543566544,95.62611640621328,-70.967,-39.680
DIA 1,,0.80061559187731,94.17810461479398,-70.967,-39.680
DIA 1,,0.80201477020762,94.87306437007447,-70.965,-39.680
DIA 1,,0.80255560289894,90.72206276553486,-70.965,-39.680
DIA 1,,0.80288575437932,85.73766041856562,-70.964,-39.680
DIA 1,,0.80330872009897,80.92140315946338,-70.964,-39.680
DIA 1,,0.80523654270492,82.17131378241744,-70.962,-39.680
DIA 1,,0.80603878954973,88.39588542897864,-70.961,-39.680
DIA 1,,0.80709897821218,93.49353265008970,-70.960,-39.680
DIA 1,,0.80768207340166,99.97119229113986,-70.960,-39.680
DIA 1,,0.80792945973920,106.60762574730207,-70.959,-39.680
DIA 1,,0.80866000747891,111.12026377904085,-70.959,-39.680
DIA 1,,0.80975773239892,109.88038188322246,-70.958,-39.681
DIA 1,,0.81007094159419,102.41467329399576,-70.957,-39.681
DIA 1,,0.81021236295042,96.10785956603526,-70.957,-39.681
DIA 1,,0.81035271963890,92.04280838916083,-70.957,-39.681
DIA 1,,0.81052271963890,86.99549702142006,-70.957,-39.681
DIA 1,,0.81071376937065,82.26433591725007,-70.957,-39.681
DIA 1,,0.81113956274776,76.05136448538678,-70.956,-39.681
DIA 1,,0.81120280830097,74.28521719377007,-70.956,-39.681
DIA 1,,0.81146964158225,74.28521719304308,-70.956,-39.681
DIA 1,,0.81169100101847,68.18196376632292,-70.956,-39.681
DIA 1,,0.81187888396075,61.03182504158628,-70.956,-39.681
DIA 1,,0.81204531713052,54.08545741982894,-70.956,-39.680
DIA 1,,0.81225147241180,47.95307055573578,-70.955,-39.680
DIA 1,,0.81243532017490,40.93494882455046,-70.955,-39.680
DIA 1,,0.81253532017490,30.65692621517698,-70.955,-39.680
DIA 1,,0.81265615063464,18.71928578566995,-70.955,-39.680
DIA 1,,0.81278956727528,6.49730839504338,-70.955,-39.680
DIA 1,,0.81284956727528,353.73559614350842,-70.955,-39.680
DIA 1,,0.81294176271986,341.75435165663907,-70.955,-39.680
DIA 1,,0.81313873987589,334.28153970006042,-70.955,-39.680
DIA 1,,0.81398408004411,331.11693613672804,-70.956,-39.679
DIA 1,,0.81515378086056,326.30773330140073,-70.956,-39.678
DIA 1,,0.81566778475159,316.50403512507154,-70.957,-39.677
DIA 1,,0.81616457444552,306.05314537430877,-70.957,-39.677
DIA 1,,0.81625891425685,298.22466899216340,-70.957,-39.677
DIA 1,,0.81637974471658,291.09431320326127,-70.957,-39.677
DIA 1,,0.81664223281155,284.02475904827475,-70.957,-39.677
DIA 1,,0.81675403621042,277.53424408085795,-70.957,-39.677
DIA 1,,0.81687445215621,272.38182084452080,-70.958,-39.677
DIA 1,,0.81700445215622,267.80064732334040,-70.958,-39.677
DIA 1,,0.81713483620432,261.18038736474574,-70.958,-39.677
DIA 1,,0.81730947869629,253.96738503236065,-70.958,-39.677
DIA 1,,0.81777434426825,249.17081790257123,-70.958,-39.677
DIA 1,,0.81798049954953,249.82038872424181,-70.959,-39.677
DIA 1,,0.81817974813799,254.40156224633139,-70.959,-39.677
DIA 1,,0.81856053679327,259.09929525683111,-70.959,-39.677
DIA 1,,0.81870195814951,265.93494882312552,-70.959,-39.677
DIA 1,,0.81879195814951,265.93494882495753,-70.959,-39.677
DIA 1,,0.81886266882764,267.61817915663738,-70.960,-39.677
DIA 1,,0.81920325655495,276.77098575331809,-70.960,-39.677
DIA 1,,0.81959948881007,285.07930868169677,-70.960,-39.677
DIA 1,,0.81971653580918,287.00967499450064,-70.960,-39.677
DIA 1,,0.81992269109046,277.01812173444216,-70.961,-39.677
DIA 1,,0.81994269109046,278.98456986967489,-70.961,-39.677
DIA 1,,0.82033166409724,285.55158102304466,-70.961,-39.677
DIA 1,,0.82063972253325,280.32892137275320,-70.961,-39.677
DIA 1,,0.82117432518943,272.07867988710700,-70.962,-39.677
DIA 1,,0.82134461905309,268.31676966772358,-70.962,-39.677
DIA 1,,0.82182461905310,271.39635118333985,-70.962,-39.677
DIA 1,,0.82223510656812,278.41447291690395,-70.963,-39.677
DIA 1,,0.82248249290567,287.91882647603808,-70.963,-39.677
DIA 1,,0.82259019620181,294.93694821064696,-70.963,-39.677
DIA 1,,0.82293019620181,300.57158237912859,-70.963,-39.677
DIA 1,,0.82344332386624,301.48478983039678,-70.964,-39.676
DIA 1,,0.82390473474604,296.93069540631052,-70.964,-39.676
DIA 1,,0.82400322332406,281.98124448686940,-70.964,-39.676
DIA 1,,0.82401322332405,280.27802260923403,-70.964,-39.676
DIA 1,,0.82409866336151,286.68015564211737,-70.964,-39.676
DIA 1,,0.82432427364497,278.88700339690024,-70.965,-39.676
DIA 1,,0.82478600950018,272.75012102243755,-70.965,-39.676
DIA 1,,0.82586605579549,272.13094915769432,-70.966,-39.676
DIA 1,,0.82632703301835,294.36569849927372,-70.967,-39.676
DIA 1,,0.82634117515398,294.98487036394056,-70.967,-39.676
DIA 1,,0.82657204308160,277.48886026475230,-70.967,-39.676
DIA 1,,0.82708992337664,281.17353354001278,-70.967,-39.676
DIA 1,,0.82741749016372,284.14224158927840,-70.968,-39.676
DIA 1,,0.82770869455930,277.97269795007736,-70.968,-39.676
DIA 1,,0.82771869455930,278.67701231818859,-70.968,-39.676
DIA 1,,0.82855684729001,294.48076344096359,-70.969,-39.675
DIA 1,,0.82870949066523,305.13365525130945,-70.969,-39.675
DIA 1,,0.82877352190761,317.48487036554457,-70.969,-39.675
DIA 1,,0.82891774395862,339.08991505871080,-70.969,-39.675
DIA 1,,0.82898845463674,355.93494882170069,-70.969,-39.675
DIA 1,,0.82904845463674,4.73116110511311,-70.969,-39.675
DIA 1,,0.82910928226205,12.70385905787893,-70.969,-39.675
DIA 1,,0.82918208336095,25.74153684517704,-70.969,-39.675
DIA 1,,0.82926810661361,42.17587631279887,-70.969,-39.675
DIA 1,,0.82937440807174,53.92515915195612,-70.969,-39.675
DIA 1,,0.82949102710963,63.61741698909448,-70.969,-39.675
DIA 1,,0.82959873040578,72.08117352356278,-70.969,-39.675
DIA 1,,0.82968119251829,80.12658169648078,-70.969,-39.675
DIA 1,,0.82978169127450,91.20975460833625,-70.969,-39.675
DIA 1,,0.82985240195263,94.06505117789222,-70.969,-39.675
DIA 1,,0.82990240195263,96.26440385433628,-70.968,-39.675
DIA 1,,0.82999459739720,106.69163287396420,-70.968,-39.675
DIA 1,,0.83021931944774,118.08283574029171,-70.968,-39.675
DIA 1,,0.83051342827113,122.52804736725589,-70.968,-39.675
DIA 1,,0.83059405084862,122.88612734079437,-70.968,-39.675
DIA 1,,0.83073006555370,130.51368668911337,-70.968,-39.675
DIA 1,,0.83075834982496,127.98187826004983,-70.968,-39.675
DIA 1,,0.83087496886285,117.46312275200812,-70.968,-39.675
DIA 1,,0.83097345744087,108.99936622131156,-70.968,-39.675
DIA 1,,0.83117961272215,99.39994257868221,-70.967,-39.675
DIA 1,,0.83130002866794,92.38182084424002,-70.967,-39.675
DIA 1,,0.83142002866794,87.40278554621602,-70.967,-39.675
DIA 1,,0.83164093588828,81.56509251166928,-70.967,-39.675
DIA 1,,0.83440819084581,74.94483256009890,-70.964,-39.675
DIA 1,,0.83443981362242,75.12755935743982,-70.964,-39.675
DIA 1,,0.83505169596404,75.79366927878146,-70.964,-39.674
DIA 1,,0.83545974007931,68.16610992670810,-70.963,-39.674
DIA 1,,0.83570570755684,61.23559614558208,-70.963,-39.674
DIA 1,,0.83582232659474,55.18821760682328,-70.963,-39.674
DIA 1,,0.83595038907948,57.38757028342302,-70.963,-39.674
DIA 1,,0.83597274975926,55.20494141719208,-70.963,-39.674
DIA 1,,0.83617793260455,42.81737113277612,-70.963,-39.674
DIA 1,,0.83630599508929,35.94575966030652,-70.962,-39.674
DIA 1,,0.83665269380576,30.96883180511295,-70.962,-39.674
DIA 1,,0.83713154660151,25.25368101783503,-70.962,-39.673
DIA 1,,0.83718539824958,24.43958044741449,-70.962,-39.673
DIA 1,,0.84118364786660,22.44832015859817,-70.960,-39.670
DIA 1,,0.84147775669000,14.06186769138743,-70.960,-39.669
DIA 1,,0.84170136348775,4.09187503706057,-70.960,-39.669
DIA 1,,0.84197154860947,353.69371329651261,-70.960,-39.669
DIA 1,,0.84224613921383,346.40463937639527,-70.960,-39.669
DIA 1,,0.84329016986472,339.66913339585363,-70.960,-39.668
DIA 1,,0.84358563559877,333.71352568053697,-70.961,-39.667
DIA 1,,0.84383623488049,328.19876006703407,-70.961,-39.667
DIA 1,,0.84395830043666,320.82227842070176,-70.961,-39.667
DIA 1,,0.84420588880472,312.16540875426057,-70.961,-39.667
DIA 1,,0.84448391758020,305.35905401051252,-70.961,-39.667
DIA 1,,0.84472245478905,299.79445936586495,-70.961,-39.666
DIA 1,,0.84496842226657,294.18323033259230,-70.962,-39.666
DIA 1,,0.84518382885885,288.52826409534731,-70.962,-39.666
DIA 1,,0.84541186394387,281.51014236083699,-70.962,-39.666
DIA 1,,0.84563389997698,274.56454677506764,-70.962,-39.666
DIA 1,,0.84605401900774,267.67746078694472,-70.963,-39.666
DIA 1,,0.84624506873948,256.88306730519059,-70.963,-39.666
DIA 1,,0.84644755330679,247.02221748313443,-70.963,-39.666
DIA 1,,0.84736891100063,243.37864588745555,-70.964,-39.667
DIA 1,,0.84953372046107,256.24399868809166,-70.966,-39.668
DIA 1,,0.84954372046107,259.72197738983641,-70.966,-39.668
DIA 1,,0.84980004057342,254.99081628545693,-70.966,-39.668
DIA 1,,0.84998252344933,263.83763628317371,-70.966,-39.668
DIA 1,,0.85018277329329,275.58691911912177,-70.966,-39.668
DIA 1,,0.85022400434954,279.39994257777380,-70.966,-39.668
DIA 1,,0.85034442029532,277.31472431752343,-70.967,-39.668
DIA 1,,0.85057787264592,283.06300582540894,-70.967,-39.668
DIA 1,,0.85082787264593,288.49945692775128,-70.967,-39.668
DIA 1,,0.85192923543811,287.15457176649278,-70.968,-39.667
DIA 1,,0.85222756411590,278.82802558271641,-70.968,-39.667
DIA 1,,0.85250827749286,269.18751182133582,-70.969,-39.667
DIA 1,,0.85270927500529,262.21179996013370,-70.969,-39.667
DIA 1,,0.85294272735589,256.58402247424266,-70.969,-39.667
DIA 1,,0.85355957417641,250.97075619275552,-70.970,-39.667
DIA 1,,0.85430984079569,253.79886401253339,-70.970,-39.668
DIA 1,,0.85436083099083,252.06144810488675,-70.970,-39.668
DIA 1,,0.85474566861893,243.41118450475039,-70.971,-39.668
DIA 1,,0.85487096825978,234.78468522563540,-70.971,-39.668
DIA 1,,0.85512591923546,224.90668472815676,-70.971,-39.668
DIA 1,,0.85524633518125,216.29864793525709,-70.971,-39.668
DIA 1,,0.85536295421915,217.98187826753349,-70.971,-39.668
DIA 1,,0.85537709635477,215.78252558853899,-70.971,-39.668
DIA 1,,0.85546653907387,198.93749182450523,-70.971,-39.668
DIA 1,,0.85561950965928,183.05775178126461,-70.971,-39.669
DIA 1,,0.85572996326945,168.18531114401515,-70.971,-39.669
DIA 1,,0.85576158604606,165.72018977079139,-70.971,-39.669
DIA 1,,0.85633044455218,177.31948501813963,-70.971,-39.669
DIA 1,,0.85645086049797,188.64622469824599,-70.971,-39.669
DIA 1,,0.85654305594254,195.48187826635609,-70.971,-39.669
DIA 1,,0.85663792427235,202.50000000169632,-70.971,-39.670
DIA 1,,0.85672736699146,212.22001741181768,-70.971,-39.670
DIA 1,,0.85684138453396,224.03470627816387,-70.971,-39.670
DIA 1,,0.85699758952747,232.90704209232908,-70.971,-39.670
DIA 1,,0.85745802410481,233.22299865288713,-70.972,-39.670
DIA 1,,0.85780630560016,228.73145953549951,-70.972,-39.670
DIA 1,,0.85805389396822,235.03576292439280,-70.972,-39.670
DIA 1,,0.85807625464799,233.39918588344017,-70.972,-39.670
DIA 1,,0.85832384301606,225.42648794066011,-70.972,-39.671
DIA 1,,0.85848663122201,222.17972528183225,-70.973,-39.671
DIA 1,,0.85853663122201,224.49745699558787,-70.973,-39.671
DIA 1,,0.85865064876452,235.05981657116735,-70.973,-39.671
DIA 1,,0.85874498857584,243.71928578763908,-70.973,-39.671
DIA 1,,0.85883042861330,253.02572851354105,-70.973,-39.671
DIA 1,,0.85904629894475,263.30375112277500,-70.973,-39.671
DIA 1,,0.85914629894475,272.19935267821614,-70.973,-39.671
DIA 1,,0.85927668299285,281.41682708933791,-70.973,-39.671
DIA 1,,0.85946641965246,299.12025995992389,-70.973,-39.671
DIA 1,,0.85954452214921,312.40278554710591,-70.974,-39.671
DIA 1,,0.85962937496296,321.49730839449063,-70.974,-39.671
DIA 1,,0.85972371477428,332.01606390847815,-70.974,-39.671
DIA 1,,0.85982220335229,348.01875551229119,-70.974,-39.671
DIA 1,,0.85997220335230,13.28252558853900,-70.974,-39.670
DIA 1,,0.86006164607140,29.28521719235203,-70.974,-39.670
DIA 1,,0.86015598588272,38.50269160235907,-70.974,-39.670
DIA 1,,0.86025498083208,50.65496623607808,-70.974,-39.670
DIA 1,,0.86036314737035,61.68891601924796,-70.973,-39.670
DIA 1,,0.86064545925463,70.56125183093444,-70.973,-39.670
DIA 1,,0.86108226584798,70.21261318535841,-70.973,-39.670
DIA 1,,0.86125690833995,58.85540700793636,-70.973,-39.670
DIA 1,,0.86144900206706,44.10504469634697,-70.972,-39.670
DIA 1,,0.86154900206706,34.43764042836350,-70.972,-39.670
DIA 1,,0.86164334187839,16.00269160381303,-70.972,-39.670
DIA 1,,0.86165334187839,13.28252558582492,-70.972,-39.670
DIA 1,,0.86172042391771,19.54692944231649,-70.972,-39.670
DIA 1,,0.86181261936229,6.26440385649157,-70.972,-39.669
DIA 1,,0.86184261936228,4.06505117544954,-70.972,-39.669
DIA 1,,0.86198404071852,4.06505117544954,-70.972,-39.669
DIA 1,,0.86208404071852,2.85529656975752,-70.972,-39.669
DIA 1,,0.86218453947473,16.13782216236762,-70.972,-39.669
DIA 1,,0.86220690015451,21.25522353999899,-70.972,-39.669
DIA 1,,0.86227970125340,25.22695944106111,-70.972,-39.669
DIA 1,,0.86266803101018,37.15704703997167,-70.972,-39.669
DIA 1,,0.86282423600370,34.43008759622209,-70.972,-39.669
DIA 1,,0.86292719230511,25.42800679274761,-70.972,-39.668
DIA 1,,0.86314259889740,10.90070474282494,-70.972,-39.668
DIA 1,,0.86315259889739,6.26440385433628,-70.972,-39.668
DIA 1,,0.86333698978654,9.43449972828419,-70.972,-39.668
DIA 1,,0.86342754363792,3.17009587394791,-70.972,-39.668
DIA 1,,0.86354754363792,1.71681518097376,-70.972,-39.668
DIA 1,,0.86404844282937,6.86923841682237,-70.972,-39.667
DIA 1,,0.86427204962713,14.87244064868406,-70.972,-39.667
DIA 1,,0.86445232719090,22.45168994399701,-70.972,-39.667
DIA 1,,0.86468492125789,28.96726867682529,-70.971,-39.667
DIA 1,,0.86494568935410,36.82855872860862,-70.971,-39.667
DIA 1,,0.86515829227036,45.13577097220904,-70.971,-39.666
DIA 1,,0.86535678660276,54.25319495308198,-70.971,-39.666
DIA 1,,0.86561232524954,64.19163105173648,-70.971,-39.666
DIA 1,,0.86575160913233,72.34069661971836,-70.971,-39.666
DIA 1,,0.86631914767727,71.95874738932572,-70.970,-39.666
DIA 1,,0.86642685097341,60.66434643460402,-70.970,-39.666
DIA 1,,0.86662685097340,50.85321836505190,-70.970,-39.666
DIA 1,,0.86685356665439,44.88112977091879,-70.970,-39.666
DIA 1,,0.86706616957065,36.07484084838298,-70.970,-39.665
DIA 1,,0.86712447908959,33.91682708808867,-70.970,-39.665
DIA 1,,0.86727447908959,32.89552454156963,-70.969,-39.665
DIA 1,,0.86977651825795,28.14942710428290,-70.968,-39.663
DIA 1,,0.87040715285896,29.49260250868802,-70.968,-39.663
DIA 1,,0.87147565648554,15.80375112332415,-70.967,-39.662
DIA 1,,0.87148565648554,16.55567098023101,-70.967,-39.662
DIA 1,,0.87230942829860,37.91036595813134,-70.967,-39.661
DIA 1,,0.87266326441886,47.27608168447266,-70.967,-39.661
DIA 1,,0.87284130935701,50.10461703842758,-70.967,-39.661
DIA 1,,0.87320255719437,50.86617339424216,-70.966,-39.660
DIA 1,,0.87368856130959,56.81050241328944,-70.966,-39.660
DIA 1,,0.87384980646454,65.13600608920969,-70.966,-39.660
DIA 1,,0.87396685346366,75.27728563429430,-70.966,-39.660
DIA 1,,0.87408850871426,85.26883889598720,-70.966,-39.660
DIA 1,,0.87419850871427,92.53980393035634,-70.965,-39.660
DIA 1,,0.87465028299419,92.53980393035638,-70.965,-39.660
DIA 1,,0.87483028299419,83.95262146109678,-70.965,-39.660
DIA 1,,0.87497346120482,80.39011328539324,-70.965,-39.660
DIA 1,,0.87505408378231,79.41937009272797,-70.965,-39.660
DIA 1,,0.87509531483856,69.15889058638108,-70.965,-39.660
DIA 1,,0.87533238023038,58.09791959765282,-70.964,-39.660
DIA 1,,0.87565440507414,58.63838169523536,-70.964,-39.660
DIA 1,,0.87569912643370,58.28252559220300,-70.964,-39.660
DIA 1,,0.87609912643369,55.05311739893354,-70.964,-39.659
DIA 1,,0.87705327526905,56.02259757150056,-70.963,-39.659
DIA 1,,0.87782171524718,59.25200576476998,-70.962,-39.658
DIA 1,,0.87786643660674,56.93764043002854,-70.962,-39.658
DIA 1,,0.87816476528453,48.41875652884650,-70.962,-39.658
DIA 1,,0.87845476528454,48.14813674140894,-70.962,-39.658
DIA 1,,0.87870316013151,48.03411589079222,-70.962,-39.658
DIA 1,,0.87904971460053,47.49160708085084,-70.961,-39.658
DIA 1,,0.88043163355619,52.56200365381440,-70.960,-39.657
DIA 1,,0.88061191111995,60.64651949786980,-70.960,-39.657
DIA 1,,0.88077744057353,68.27407885022076,-70.960,-39.656
DIA 1,,0.88103042278635,78.58317291083168,-70.960,-39.656
DIA 1,,0.88116080683445,87.80064732178380,-70.960,-39.656
DIA 1,,0.88129080683445,95.15242323454586,-70.960,-39.656
DIA 1,,0.88140261023332,103.70378771885200,-70.959,-39.656
DIA 1,,0.88153862493840,110.15065974183214,-70.959,-39.656
DIA 1,,0.88169094040052,117.83489140235156,-70.959,-39.656
DIA 1,,0.88182132444863,106.23559614482554,-70.959,-39.657
DIA 1,,0.88183132444864,111.68171147892598,-70.959,-39.657
DIA 1,,0.88207891281670,136.08874889679171,-70.959,-39.657
DIA 1,,0.88218521427482,141.39335072549733,-70.959,-39.657
DIA 1,,0.88300130250534,161.98631330763160,-70.958,-39.657
DIA 1,,0.88301130250535,163.63238686343180,-70.958,-39.657
DIA 1,,0.88317773567511,152.73168211978793,-70.958,-39.658
DIA 1,,0.88333929061933,160.74967313963947,-70.958,-39.658
DIA 1,,0.88375690287969,171.65037788328331,-70.958,-39.658
DIA 1,,0.88376690287968,172.10962334538485,-70.958,-39.658
DIA 1,,0.88424491961580,161.20891859799747,-70.958,-39.659
DIA 1,,0.88429877126386,160.71368334338845,-70.958,-39.659
DIA 1,,0.88506120158855,160.19756100200865,-70.958,-39.659
DIA 1,,0.88526735686983,155.30064732201529,-70.958,-39.660
DIA 1,,0.88540152094848,147.17054496790720,-70.958,-39.660
DIA 1,,0.88560767622976,133.88801938004673,-70.957,-39.660
DIA 1,,0.88570767622976,124.43764042787862,-70.957,-39.660
DIA 1,,0.88580201604108,128.50269159477881,-70.957,-39.660
DIA 1,,0.88581615817670,125.78252557836124,-70.957,-39.660
DIA 1,,0.88588324021603,108.50126326426169,-70.957,-39.660
DIA 1,,0.88626963379775,98.95660636848415,-70.957,-39.660
DIA 1,,0.88849857973699,102.95534310490093,-70.955,-39.660
DIA 1,,0.88859344806679,105.48187826647577,-70.954,-39.660
DIA 1,,0.88877783895594,104.98799806599249,-70.954,-39.660
DIA 1,,0.88914471768249,113.02882404347196,-70.954,-39.661
DIA 1,,0.88927001732336,116.20820159110355,-70.954,-39.661
DIA 1,,0.89001325349040,111.12044617103960,-70.953,-39.661
DIA 1,,0.89023461292661,106.77947806556065,-70.953,-39.661
DIA 1,,0.89061788828455,102.80774216013666,-70.953,-39.661
DIA 1,,0.89089247888891,97.96590452178479,-70.952,-39.661
DIA 1,,0.89131437935109,92.09748388232282,-70.952,-39.661
DIA 1,,0.89177448803391,86.52202129730986,-70.951,-39.661
DIA 1,,0.89187498679012,80.64739503540062,-70.951,-39.661
DIA 1,,0.89200840343076,83.50269160495662,-70.951,-39.661
DIA 1,,0.89204840343076,82.78961343618217,-70.951,-39.661
DIA 1,,0.89240978965075,72.86200625146608,-70.951,-39.661
DIA 1,,0.89470630875584,71.90437137054727,-70.949,-39.660
DIA 1,,0.89531070928528,74.91894765492272,-70.948,-39.660
DIA 1,,0.89861649209726,83.08696909965938,-70.945,-39.659
DIA 1,,0.89862649209727,83.59786696733664,-70.945,-39.659
DIA 1,,0.89952893323108,74.38039255689343,-70.944,-39.659
DIA 1,,0.89959217878428,73.76440385542250,-70.944,-39.659
DIA 1,,0.90016941357186,69.69935268139784,-70.943,-39.659
DIA 1,,0.90021413493143,69.54280839400688,-70.943,-39.659
DIA 1,,0.90065798175184,74.18458479247479,-70.943,-39.659
DIA 1,,0.90112925661856,75.70428457933866,-70.942,-39.659
DIA 1,,0.90118024681370,74.56314195551892,-70.942,-39.659
DIA 1,,0.90246438076310,57.71810820035808,-70.941,-39.658
DIA 1,,0.90247852289872,56.84104387210022,-70.941,-39.658
DIA 1,,0.90291863652040,56.84104386192244,-70.941,-39.658
DIA 1,,0.90293277865603,56.59929525752602,-70.941,-39.658
DIA 1,,0.90314818524832,65.81676966817280,-70.941,-39.658
DIA 1,,0.90337179204607,58.28252558935322,-70.940,-39.658
DIA 1,,0.90342179204606,56.08317291207100,-70.940,-39.658
DIA 1,,0.90353841108397,52.94192686729290,-70.940,-39.658
DIA 1,,0.90375772820597,39.42649673408192,-70.940,-39.658
DIA 1,,0.90385206801728,34.43764042470406,-70.940,-39.658
DIA 1,,0.90395206801728,29.33565356772637,-70.940,-39.657
DIA 1,,0.90405977131342,19.25032685867874,-70.940,-39.657
DIA 1,,0.90416417437851,25.19465588162434,-70.940,-39.657
DIA 1,,0.90420022989127,20.91008494462438,-70.940,-39.657
DIA 1,,0.90434165124751,6.10785956621710,-70.940,-39.657
DIA 1,,0.90448200793598,357.97775721226469,-70.940,-39.657
DIA 1,,0.90462342929222,347.38358434024440,-70.940,-39.657
DIA 1,,0.90475944399731,341.02140649469544,-70.940,-39.657
DIA 1,,0.90498416604786,334.70033033073923,-70.940,-39.656
DIA 1,,0.90522603378030,322.62755935513024,-70.940,-39.656
DIA 1,,0.90526846018717,323.55136448769872,-70.940,-39.656
DIA 1,,0.90546081402778,328.28252558804388,-70.940,-39.656
DIA 1,,0.90554683728045,326.57909935592863,-70.940,-39.656
DIA 1,,0.90641292041734,325.01803412613884,-70.941,-39.655
DIA 1,,0.90647695165972,326.04568270557525,-70.941,-39.655
DIA 1,,0.90676348263536,329.29943926096234,-70.941,-39.655
DIA 1,,0.90717688316753,329.07427521553473,-70.941,-39.655
DIA 1,,0.90873103888688,331.72677572948083,-70.942,-39.653
DIA 1,,0.90963889350080,329.73131918342284,-70.942,-39.652
DIA 1,,0.90967494901354,331.34027737439061,-70.942,-39.652
DIA 1,,0.91019887648945,338.22710813754463,-70.942,-39.652
DIA 1,,0.91093277021472,342.06909905252706,-70.943,-39.651
DIA 1,,0.91129677570918,341.74927944139148,-70.943,-39.651
DIA 1,,0.91138221574664,344.06701115319277,-70.943,-39.651
DIA 1,,0.91148419613691,344.95601714999958,-70.943,-39.651
DIA 1,,0.91201230597397,336.08368133904440,-70.943,-39.650
DIA 1,,0.91221821857679,328.62766418842955,-70.943,-39.650
DIA 1,,0.91247060716607,323.51026280700125,-70.943,-39.650
DIA 1,,0.91261273387010,318.93177796307975,-70.943,-39.650
DIA 1,,0.91355385022848,315.63577939600481,-70.944,-39.649
DIA 1,,0.91401352402587,311.70400143322735,-70.944,-39.649
DIA 1,,0.91443990413797,307.03361911449610,-70.945,-39.648
DIA 1,,0.91487819627798,311.20211850183091,-70.945,-39.648
DIA 1,,0.91564975314563,293.81320281898809,-70.946,-39.648
DIA 1,,0.91565975314563,288.99936622184481,-70.946,-39.648
DIA 1,,0.91606583195571,305.28639478881882,-70.946,-39.647
DIA 1,,0.91649303214297,331.28702856697402,-70.946,-39.647
DIA 1,,0.91650303214297,331.00269160381305,-70.946,-39.647
DIA 1,,0.91669171176562,308.50269160473829,-70.946,-39.647
DIA 1,,0.91684727525748,317.59721445379154,-70.947,-39.647
DIA 1,,0.91700348025100,323.25218069065932,-70.947,-39.647
DIA 1,,0.91714770230201,328.47608946645778,-70.947,-39.647
DIA 1,,0.91733127789952,336.64411091031678,-70.947,-39.647
DIA 1,,0.91749890844567,347.76047950594852,-70.947,-39.646
DIA 1,,0.91766015360063,359.29278839385239,-70.947,-39.646
DIA 1,,0.91786115111306,9.87341830375869,-70.947,-39.646
DIA 1,,0.91806730639434,18.29674505156787,-70.947,-39.646
DIA 1,,0.91877115296853,23.40207507417416,-70.947,-39.645
DIA 1,,0.92286203306943,23.02415649951696,-70.945,-39.641
DIA 1,,0.92318514295786,24.72369242551902,-70.945,-39.641
DIA 1,,0.92342220834968,30.66802144606192,-70.945,-39.641
DIA 1,,0.92385487450274,37.98187826482403,-70.944,-39.641
DIA 1,,0.92400353519021,34.41937009418327,-70.944,-39.640
DIA 1,,0.92402589586998,35.78252559324622,-70.944,-39.640
DIA 1,,0.92425217003997,47.19935267789440,-70.944,-39.640
DIA 1,,0.92471314726283,47.19935267827608,-70.944,-39.640
DIA 1,,0.92485456861907,42.40278554531504,-70.944,-39.640
DIA 1,,0.92501077361258,36.74781930833103,-70.944,-39.640
DIA 1,,0.92511894015085,29.44559558654065,-70.944,-39.640
DIA 1,,0.92530682309313,22.49999999974050,-70.943,-39.639
DIA 1,,0.92557252969824,17.66149367584406,-70.943,-39.639
DIA 1,,0.92575934511516,17.75360875964531,-70.943,-39.639
DIA 1,,0.92657867410892,21.97279774790428,-70.943,-39.638
DIA 1,,0.92707111699900,25.80423216872062,-70.943,-39.638
DIA 1,,0.92754524778265,33.72577322898492,-70.943,-39.637
DIA 1,,0.92762335027941,36.13838169279740,-70.943,-39.637
DIA 1,,0.92788411837561,35.25911741148132,-70.942,-39.637
DIA 1,,0.92817618001295,39.52806471695328,-70.942,-39.637
DIA 1,,0.92848097502603,42.80327353253774,-70.942,-39.637
DIA 1,,0.93150039550022,43.01056289410929,-70.940,-39.635
DIA 1,,0.93263397390511,38.12407739077077,-70.939,-39.634
DIA 1,,0.93319433093414,17.41224457806351,-70.939,-39.633
DIA 1,,0.93320433093415,16.61585553424370,-70.939,-39.633
DIA 1,,0.93424442708355,34.94390974207836,-70.938,-39.632
DIA 1,,0.93531643454620,37.91488319386227,-70.938,-39.631
DIA 1,,0.93566471604156,32.86935456845994,-70.937,-39.631
DIA 1,,0.93570943740111,31.47470149078881,-70.937,-39.631
DIA 1,,0.93594544587553,29.09288065118143,-70.937,-39.631
DIA 1,,0.93616085246781,18.52826409670254,-70.937,-39.631
DIA 1,,0.93627487001033,20.91008493020327,-70.937,-39.631
DIA 1,,0.93629723069010,16.13782214588164,-70.937,-39.631
DIA 1,,0.93639772944631,2.85529656955599,-70.937,-39.631
DIA 1,,0.93650772944631,357.61817915393499,-70.937,-39.630
DIA 1,,0.93662814539210,312.61817915393499,-70.937,-39.630
DIA 1,,0.93663814539209,308.27569247372907,-70.937,-39.630
DIA 1,,0.93711111473570,343.33310991695618,-70.937,-39.630
DIA 1,,0.93811071465567,338.86734991715696,-70.938,-39.629
DIA 1,,0.93847841018189,336.20937065092329,-70.938,-39.629
DIA 1,,0.93904205900873,333.42395366315412,-70.938,-39.628
DIA 1,,0.93959676613866,329.42123032869131,-70.938,-39.628
DIA 1,,0.94025410927585,325.43246363102946,-70.939,-39.627
DIA 1,,0.94110622429156,323.03638256730005,-70.939,-39.626
DIA 1,,0.94232446072181,323.38291271879325,-70.940,-39.625
DIA 1,,0.94386708835024,329.09975334970841,-70.941,-39.624
DIA 1,,0.94402361310867,329.87244065298967,-70.941,-39.624
DIA 1,,0.94405966862142,335.30064732880231,-70.941,-39.624
DIA 1,,0.94439208402419,348.08062990709396,-70.941,-39.624
DIA 1,,0.94460421605855,353.81675142286866,-70.941,-39.623
DIA 1,,0.94487495578596,357.88180260130372,-70.941,-39.623
DIA 1,,0.94514495578596,1.58991506043318,-70.941,-39.623
DIA 1,,0.94532523334974,1.05945921513358,-70.941,-39.623
DIA 1,,0.94586532593439,354.73838304931218,-70.941,-39.622
DIA 1,,0.94598698118500,348.25071716164638,-70.941,-39.622
DIA 1,,0.94623436752253,339.69935267442452,-70.941,-39.622
DIA 1,,0.94627908888209,338.62287127883735,-70.941,-39.622
DIA 1,,0.94660188912992,329.40539687144752,-70.941,-39.621
DIA 1,,0.94661603126554,328.73721581426662,-70.941,-39.621
DIA 1,,0.94681527985399,346.23322591211144,-70.941,-39.621
DIA 1,,0.94698790661901,354.99601009784493,-70.941,-39.621
DIA 1,,0.94714790661901,356.43749182930702,-70.941,-39.621
DIA 1,,0.94722852919649,2.09245806396841,-70.941,-39.621
DIA 1,,0.94733050958676,13.62766418589095,-70.941,-39.621
DIA 1,,0.94754891288344,21.25522353976856,-70.941,-39.621
DIA 1,,0.94826445463625,28.15496623701011,-70.941,-39.620
DIA 1,,0.94842569979121,27.49270528053481,-70.941,-39.620
DIA 1,,0.94919958608776,26.92549446608355,-70.940,-39.619
DIA 1,,0.94932488572862,24.99054096862470,-70.940,-39.619
DIA 1,,0.94957186750933,17.43317777549548,-70.940,-39.619
DIA 1,,0.94982896671198,17.80259081259584,-70.940,-39.618
DIA 1,,0.95017436503276,25.09096763934995,-70.940,-39.618
DIA 1,,0.95068436503275,30.67368746059019,-70.940,-39.618
DIA 1,,0.95106711821694,34.30310966219958,-70.940,-39.617
DIA 1,,0.95203546732754,32.53810631897788,-70.939,-39.617
DIA 1,,0.95227733505999,24.82015631687480,-70.939,-39.616
DIA 1,,0.95339398182598,16.96583740171295,-70.939,-39.615
DIA 1,,0.95364136816352,17.91882647352635,-70.939,-39.615
DIA 1,,0.95369521981159,17.44978013643594,-70.939,-39.615
DIA 1,,0.95576917738106,14.60578451392341,-70.938,-39.613
DIA 1,,0.95623757891821,18.12486082983827,-70.938,-39.613
DIA 1,,0.95655710982438,22.29012910401293,-70.938,-39.612
DIA 1,,0.95679877074385,27.53128009539516,-70.938,-39.612
DIA 1,,0.95736815637768,32.56356419757695,-70.937,-39.612
DIA 1,,0.95756232125606,32.48703395316620,-70.937,-39.611
DIA 1,,0.95775955208530,32.22104447832754,-70.937,-39.611
DIA 1,,0.95831425921523,32.72034383348169,-70.937,-39.611
DIA 1,,0.95909975269070,32.95156647029815,-70.936,-39.610
DIA 1,,0.95952413459418,29.95116718436736,-70.936,-39.610
DIA 1,,0.95975672866117,21.40868484792924,-70.936,-39.610
DIA 1,,0.95992435920731,11.27422677304960,-70.936,-39.609
DIA 1,,0.96003481281748,8.25218069327756,-70.936,-39.609
DIA 1,,0.96008580301262,7.44313342670823,-70.936,-39.609
DIA 1,,0.96024611520804,357.86151053738075,-70.936,-39.609
DIA 1,,0.96053886083141,349.57603495123169,-70.936,-39.609
DIA 1,,0.96067227747205,344.28521719187933,-70.936,-39.609
DIA 1,,0.96086201413166,339.18323033210680,-70.936,-39.608
DIA 1,,0.96116664505589,332.91882647701220,-70.936,-39.608
DIA 1,,0.96145819265063,327.17054496902153,-70.936,-39.608
DIA 1,,0.96177442041665,322.60196946065213,-70.937,-39.608
DIA 1,,0.96202281526362,318.22362507589128,-70.937,-39.607
DIA 1,,0.96254626535675,318.52024112814235,-70.937,-39.607
DIA 1,,0.96328504813944,322.47732338269589,-70.938,-39.607
DIA 1,,0.96405925741347,319.73116110401281,-70.938,-39.606
DIA 1,,0.96407339954910,321.43750077982992,-70.938,-39.606
DIA 1,,0.96458113964009,330.65497519107663,-70.938,-39.605
DIA 1,,0.96500599255582,336.19871889879812,-70.939,-39.605
DIA 1,,0.96556312808690,343.07911145486804,-70.939,-39.605
DIA 1,,0.96578873837036,349.83156626665431,-70.939,-39.604
DIA 1,,0.96700927104096,354.64378424000063,-70.939,-39.603
DIA 1,,0.96736982616850,358.41008494066290,-70.939,-39.603
DIA 1,,0.96772982616850,3.92665665084659,-70.939,-39.602
DIA 1,,0.96802257179186,10.82639934890355,-70.939,-39.602
DIA 1,,0.96860951301550,14.99434582660949,-70.939,-39.602
DIA 1,,0.96925511351116,17.40539281175961,-70.939,-39.601
DIA 1,,0.97022593790311,21.53276707383361,-70.938,-39.600
DIA 1,,0.97046759882258,27.93676019713094,-70.938,-39.600
DIA 1,,0.97067854905368,39.89801313751738,-70.938,-39.600
DIA 1,,0.97079896499947,51.83565356523316,-70.938,-39.600
DIA 1,,0.97095707888247,61.75171849174618,-70.938,-39.599
DIA 1,,0.97101093053055,63.61741699089056,-70.938,-39.599
DIA 1,,0.97106924004950,70.25273892918678,-70.938,-39.599
DIA 1,,0.97127147753366,86.97939365639934,-70.938,-39.599
DIA 1,,0.97150169482232,97.23853243238594,-70.937,-39.599
DIA 1,,0.97299424297900,95.99375597180884,-70.936,-39.600
DIA 1,,0.97319424297900,82.98187826364200,-70.936,-39.600
DIA 1,,0.97323547403525,71.00063377677260,-70.936,-39.600
DIA 1,,0.97333396261327,55.51875551397876,-70.936,-39.600
DIA 1,,0.97350366824076,43.24823417809273,-70.935,-39.600
DIA 1,,0.97419793043906,40.43289279866690,-70.935,-39.599
DIA 1,,0.97470241036929,37.45349751768459,-70.935,-39.599
DIA 1,,0.97487445687463,33.25071716379574,-70.935,-39.598
DIA 1,,0.97499107591253,28.36654207958507,-70.934,-39.598
DIA 1,,0.97531310075630,20.51222316248439,-70.934,-39.598
DIA 1,,0.97554113584131,12.35872045609607,-70.934,-39.598
DIA 1,,0.97560196346662,15.24991661879387,-70.934,-39.598
DIA 1,,0.97574124734939,18.21653014027519,-70.934,-39.598
DIA 1,,0.97645692884279,11.05269303088410,-70.934,-39.597
DIA 1,,0.97679927369816,5.14308559052535,-70.934,-39.597
DIA 1,,0.97711989808900,1.40365484564717,-70.934,-39.596
DIA 1,,0.97861003231114,1.40365484691445,-70.934,-39.595
DIA 1,,0.97877034450656,359.58881450989674,-70.934,-39.595
DIA 1,,0.97903111260277,350.78252558839358,-70.934,-39.594
DIA 1,,0.97931972999656,338.94563479679221,-70.934,-39.594
DIA 1,,0.97948972999657,329.45182275245128,-70.934,-39.594
DIA 1,,0.97972826720540,325.36114735489855,-70.934,-39.594
DIA 1,,0.97991427795778,328.59055554007944,-70.934,-39.594
DIA 1,,0.97993663863756,328.28252558433212,-70.934,-39.594
DIA 1,,0.98023663863755,324.25297363704198,-70.935,-39.593
DIA 1,,0.98125742264997,320.18792245501083,-70.935,-39.593
DIA 1,,0.98128570692122,320.27403270418239,-70.935,-39.592
DIA 1,,0.98232863549019,328.24673065934866,-70.936,-39.592
DIA 1,,0.98253454809302,333.87340269255139,-70.936,-39.591
DIA 1,,0.98268686355514,342.74573850781263,-70.936,-39.591
DIA 1,,0.98278884394541,354.34503376533860,-70.936,-39.591
DIA 1,,0.98280884394541,346.71747440738994,-70.936,-39.591
DIA 1,,0.98283120462519,340.54793076744892,-70.936,-39.591
DIA 1,,0.98315877141227,344.61298194910700,-70.936,-39.591
DIA 1,,0.98328526251867,336.10364881771267,-70.936,-39.591
DIA 1,,0.98365241371369,328.82686242212958,-70.936,-39.590
DIA 1,,0.98433197239400,330.54328843933183,-70.937,-39.590
DIA 1,,0.98513253469639,332.51024719709659,-70.937,-39.589
DIA 1,,0.98544140360062,333.75835154694255,-70.937,-39.589
DIA 1,,0.98609531490959,339.36049444448804,-70.937,-39.588
DIA 1,,0.98671515359828,351.07484084877507,-70.938,-39.588
DIA 1,,0.98673515359828,351.80522983270163,-70.938,-39.588
DIA 1,,0.98726675495268,351.80522983270163,-70.938,-39.587
DIA 1,,0.98729675495269,349.48124448686940,-70.938,-39.587
DIA 1,,0.98743603883546,326.98124448686940,-70.938,-39.587
DIA 1,,0.98745018097108,324.21747441146101,-70.938,-39.587
DIA 1,,0.98753962369018,328.28252559138878,-70.938,-39.587
DIA 1,,0.98763962369018,318.31788438423604,-70.938,-39.587
DIA 1,,0.98845307313544,311.43749182541859,-70.938,-39.586
DIA 1,,0.98895755306566,307.56160224789977,-70.939,-39.586
DIA 1,,0.98926561150169,301.15946922347058,-70.939,-39.586
DIA 1,,0.98928797218145,300.53678708975951,-70.939,-39.586
DIA 1,,0.98948213705985,300.53678708161726,-70.939,-39.586
DIA 1,,0.99006351473399,294.59245806288038,-70.940,-39.585
DIA 1,,0.99045351473400,294.17528527497751,-70.940,-39.585
DIA 1,,0.99137487242784,298.70308716987091,-70.941,-39.585
DIA 1,,0.99192714047870,305.42456335435622,-70.941,-39.585
DIA 1,,0.99227542197404,310.26773569609151,-70.942,-39.584
DIA 1,,0.99350118704126,307.82434519945974,-70.943,-39.583
DIA 1,,0.99376745758037,302.13425817286912,-70.943,-39.583
DIA 1,,0.99406762420077,296.30075215912240,-70.943,-39.583
DIA 1,,0.99419762420076,303.80993246965397,-70.943,-39.583
DIA 1,,0.99422590847201,305.93490653870958,-70.943,-39.583
DIA 1,,0.99506668192545,298.30734719250449,-70.944,-39.583
DIA 1,,0.99571166254530,284.87244064870595,-70.945,-39.582
DIA 1,,0.99572166254531,283.87927029986770,-70.945,-39.582
DIA 1,,0.99593637165084,306.37927029986770,-70.945,-39.582
DIA 1,,0.99596465592210,306.34053078416110,-70.945,-39.582
DIA 1,,0.99665349552607,295.28580661245593,-70.945,-39.582
DIA 1,,0.99714196251574,288.97951990820934,-70.946,-39.582
DIA 1,,0.99741122075609,286.56448004782283,-70.946,-39.582
DIA 1,,0.99789505957223,290.40572413923002,-70.947,-39.582
DIA 1,,0.99823121429851,290.44452924928436,-70.947,-39.581
DIA 1,,0.99884154207930,285.47117410996611,-70.947,-39.581
DIA 1,,0.99906715236275,280.66751583747532,-70.948,-39.581
DIA 1,,0.99926938984690,275.25284981120285,-70.948,-39.581
DIA 1,,0.99955956220948,268.30955448410646,-70.948,-39.581
DIA 1,,0.99988096538308,261.33402125620808,-70.949,-39.581
DIA 1,,1.00089299305069,264.01193377783272,-70.950,-39.581
DIA 1,,1.00091299305068,264.99601010037225,-70.950,-39.581
DIA 1,,1.00108561981571,255.77853568878405,-70.950,-39.581
DIA 1,,1.00159158424134,252.96140235953561,-70.950,-39.582
DIA 1,,1.00185119934104,257.09112134948555,-70.950,-39.582
DIA 1,,1.00224743159616,257.15018907975127,-70.951,-39.582
DIA 1,,1.00243424701309,252.72514148314599,-70.951,-39.582
DIA 1,,1.00274100424610,260.48719698175643,-70.951,-39.582
DIA 1,,1.00276100424610,261.23721581201056,-70.951,-39.582
DIA 1,,1.00296025283455,257.88229740820162,-70.952,-39.582
DIA 1,,1.00313142526223,267.09266845143566,-70.952,-39.582
DIA 1,,1.00377150338246,266.07450572408470,-70.952,-39.582
DIA 1,,1.00390303284684,265.62691886884005,-70.952,-39.582
DIA 1,,1.00398303284685,266.25207117994108,-70.953,-39.582
DIA 1,,1.00436630820478,252.96954559140207,-70.953,-39.582
DIA 1,,1.00438866888456,250.67009587335212,-70.953,-39.582
DIA 1,,1.00453184709518,263.95262146189111,-70.953,-39.582
DIA 1,,1.00459184709519,265.51368669227674,-70.953,-39.582
DIA 1,,1.00478420093581,266.53639093703151,-70.953,-39.582
DIA 1,,1.00506437945034,261.80522982922264,-70.954,-39.582
DIA 1,,1.00509600222693,259.35132297191967,-70.954,-39.582
DIA 1,,1.00529625207087,259.35132297599074,-70.954,-39.582
DIA 1,,1.00532787484748,259.51012339868265,-70.954,-39.582
DIA 1,,1.00577831907267,271.21246817408422,-70.954,-39.582
DIA 1,,1.00600918700028,278.74927421827681,-70.955,-39.582
DIA 1,,1.00610138244485,289.54692944287530,-70.955,-39.582
DIA 1,,1.00619082516395,301.71747441308946,-70.955,-39.582
DIA 1,,1.00629082516395,315.93893872595419,-70.955,-39.582
DIA 1,,1.00641289072010,320.00398990140371,-70.955,-39.582
DIA 1,,1.00642703285573,323.51026280562041,-70.955,-39.582
DIA 1,,1.00751409311165,329.16522904889376,-70.955,-39.581
DIA 1,,1.00755014862440,332.25426149658784,-70.955,-39.581
DIA 1,,1.00765785192055,341.47173590288162,-70.955,-39.581
DIA 1,,1.00777186946305,352.37244064956712,-70.955,-39.581
DIA 1,,1.00789186946306,2.19935267821620,-70.955,-39.581
DIA 1,,1.00802225351116,10.17205062560509,-70.955,-39.580
DIA 1,,1.00809505461005,12.55387147041490,-70.955,-39.580
DIA 1,,1.00840906097941,4.58117352302601,-70.955,-39.580
DIA 1,,1.00859906097942,7.01812173635801,-70.955,-39.580
DIA 1,,1.00864029203567,9.39994258256340,-70.955,-39.580
DIA 1,,1.00876070798145,10.35451879628274,-70.955,-39.580
DIA 1,,1.00890631017924,23.55235020407219,-70.955,-39.580
DIA 1,,1.00940880396030,33.34849115025710,-70.955,-39.579
DIA 1,,1.00958085046564,32.36758191972389,-70.955,-39.579
DIA 1,,1.00997033730752,31.05136448371438,-70.955,-39.579
DIA 1,,1.01017282187483,30.40125697594662,-70.955,-39.578
DIA 1,,1.01036517571545,24.46739102882447,-70.955,-39.578
DIA 1,,1.01050445959822,10.51875551313061,-70.955,-39.578
DIA 1,,1.01054445959823,5.65496623935882,-70.955,-39.578
DIA 1,,1.01059544979336,5.65496623935882,-70.955,-39.578
DIA 1,,1.01067544979336,352.23794450138951,-70.955,-39.578
DIA 1,,1.01086226521028,337.10972592025780,-70.955,-39.578
DIA 1,,1.01100118965017,325.93428959316253,-70.955,-39.578
DIA 1,,1.01122922473519,324.21747441026054,-70.955,-39.578
DIA 1,,1.01133739127346,336.45871735895963,-70.955,-39.577
DIA 1,,1.01155326160491,352.31628411723813,-70.955,-39.577
DIA 1,,1.01184343396748,355.45002482355181,-70.955,-39.577
DIA 1,,1.01192405654496,3.45561356027681,-70.955,-39.577
DIA 1,,1.01200651865748,7.01812173096977,-70.955,-39.577
DIA 1,,1.01202651865747,12.50844674046153,-70.955,-39.577
DIA 1,,1.01219204811105,29.76270823326985,-70.955,-39.577
DIA 1,,1.01238621298943,39.75426149620091,-70.955,-39.576
DIA 1,,1.01242863939631,38.30375112616759,-70.955,-39.576
DIA 1,,1.01258128277154,33.37084765044847,-70.955,-39.576
DIA 1,,1.01291143425191,32.81701314469494,-70.954,-39.576
DIA 1,,1.01375866503512,26.43998414185701,-70.954,-39.575
DIA 1,,1.01394251279823,16.84503376367241,-70.954,-39.575
DIA 1,,1.01409548338363,5.65496623883689,-70.954,-39.575
DIA 1,,1.01421548338364,352.37244064612236,-70.954,-39.575
DIA 1,,1.01432950092615,340.15046325549588,-70.954,-39.575
DIA 1,,1.01445033138588,347.77802260937352,-70.954,-39.575
DIA 1,,1.01446033138588,346.71747441349663,-70.954,-39.575
DIA 1,,1.01459449546453,325.72386816603813,-70.954,-39.575
DIA 1,,1.01472903170500,321.23755485559155,-70.954,-39.574
DIA 1,,1.01490107821034,319.73116110278221,-70.954,-39.574
DIA 1,,1.01543847936405,313.09296258330750,-70.955,-39.574
DIA 1,,1.01565108228030,312.36785443807196,-70.955,-39.574
DIA 1,,1.01788625565165,312.59166152306250,-70.956,-39.572
DIA 1,,1.01824750348902,309.75426149356690,-70.957,-39.572
DIA 1,,1.01847553857403,311.43749183008993,-70.957,-39.572
DIA 1,,1.01850382284528,310.10879648970234,-70.957,-39.572
DIA 1,,1.01871190936574,303.09067475025114,-70.957,-39.572
DIA 1,,1.01888683792259,297.08117352193534,-70.957,-39.572
DIA 1,,1.01903915338471,289.57199320771923,-70.957,-39.572
DIA 1,,1.01918475558250,294.81773171597723,-70.957,-39.571
DIA 1,,1.01922081109525,293.50729939539428,-70.957,-39.571
DIA 1,,1.01961132357905,281.59516910215666,-70.958,-39.571
DIA 1,,1.01984477592965,281.79645176068925,-70.958,-39.571
DIA 1,,1.02119329363438,290.14607386976792,-70.959,-39.571
DIA 1,,1.02121565431416,290.36134190534102,-70.959,-39.571
DIA 1,,1.02236042503356,290.36134190534102,-70.961,-39.571
DIA 1,,1.02238278571334,283.28252558039674,-70.961,-39.571
DIA 1,,1.02239278571333,277.12173028673323,-70.961,-39.571
DIA 1,,1.02373401649138,290.40425587527216,-70.962,-39.570
DIA 1,,1.02375637717116,290.33915252743975,-70.962,-39.570
DIA 1,,1.02556084385138,277.05662693890071,-70.964,-39.570
DIA 1,,1.02559084385137,277.08616885008746,-70.964,-39.570
DIA 1,,1.02661192171325,286.30364326222696,-70.965,-39.570
DIA 1,,1.02670679004305,285.61960744502284,-70.965,-39.570
DIA 1,,1.02693240032650,284.43212668636011,-70.965,-39.570
DIA 1,,1.02761920451985,278.02999365347677,-70.966,-39.569
DIA 1,,1.02763920451985,280.68531113460483,-70.966,-39.569
DIA 1,,1.02788618630056,294.94687043808761,-70.966,-39.569
DIA 1,,1.02840973190506,302.03039819836965,-70.966,-39.569
DIA 1,,1.02849575515774,303.25071716096636,-70.966,-39.569
DIA 1,,1.02931208842301,304.32899849926611,-70.967,-39.569
DIA 1,,1.02959011719850,310.80665814007352,-70.967,-39.568
DIA 1,,1.02996495049478,323.67701231427691,-70.968,-39.568
DIA 1,,1.02998731117456,324.21747440738989,-70.968,-39.568
DIA 1,,1.03004387971705,319.89120351566856,-70.968,-39.568
DIA 1,,1.03046005275799,329.88275677743576,-70.968,-39.568
DIA 1,,1.03062558221155,339.29678309468500,-70.968,-39.568
DIA 1,,1.03080278266303,346.65280659690626,-70.968,-39.567
DIA 1,,1.03091458606190,354.84757676398851,-70.968,-39.567
DIA 1,,1.03093458606190,346.71747440738994,-70.968,-39.567
DIA 1,,1.03095694674168,348.50564159544297,-70.968,-39.567
DIA 1,,1.03111725893710,11.00564159972838,-70.968,-39.567
DIA 1,,1.03171809169253,9.21747441167527,-70.968,-39.567
DIA 1,,1.03181809169253,355.51368669315696,-70.968,-39.566
DIA 1,,1.03201044553314,348.14190527468429,-70.968,-39.566
DIA 1,,1.03240338318723,342.87699432840816,-70.968,-39.566
DIA 1,,1.03291259826949,337.29552174723125,-70.968,-39.565
DIA 1,,1.03330169979865,332.36786922901518,-70.968,-39.565
DIA 1,,1.03366885099367,326.53682721409962,-70.968,-39.565
DIA 1,,1.03465292416168,327.93317839282474,-70.969,-39.564
DIA 1,,1.03467528484146,329.46321291458162,-70.969,-39.564
DIA 1,,1.03486944971985,322.62755935157207,-70.969,-39.564
DIA 1,,1.03503974358351,321.72957228304870,-70.969,-39.564
DIA 1,,1.03564777318805,326.97531079082358,-70.970,-39.563
DIA 1,,1.03572839576553,324.82691202869506,-70.970,-39.563
DIA 1,,1.03582059121011,326.41682710021422,-70.970,-39.563
DIA 1,,1.03584295188988,329.57403593455308,-70.970,-39.563
DIA 1,,1.03610922242900,329.57403592335748,-70.970,-39.563
DIA 1,,1.03619866514810,346.71747441247879,-70.970,-39.563
DIA 1,,1.03622866514809,355.26883889488693,-70.970,-39.563
DIA 1,,1.03628949277340,357.86605334958853,-70.970,-39.563
DIA 1,,1.03639994638357,8.86161830903792,-70.970,-39.563
DIA 1,,1.03658433727272,16.54242646301264,-70.970,-39.562
DIA 1,,1.03666977731017,25.15046325652114,-70.970,-39.562
DIA 1,,1.03675039988765,21.89056238420281,-70.970,-39.562
DIA 1,,1.03679163094391,22.82187285843411,-70.970,-39.562
DIA 1,,1.03694427431913,29.08627671265066,-70.970,-39.562
DIA 1,,1.03712315975733,22.49999999185778,-70.970,-39.562
DIA 1,,1.03715478253393,22.49999999389334,-70.970,-39.562
DIA 1,,1.03722186457326,21.25522353999899,-70.970,-39.562
DIA 1,,1.03729466567215,7.97269794738889,-70.970,-39.562
DIA 1,,1.03737466567216,356.82990412605210,-70.970,-39.562
DIA 1,,1.03746521952354,347.61242972273328,-70.970,-39.562
DIA 1,,1.03749684230013,345.77853569452611,-70.970,-39.562
DIA 1,,1.03766946906515,343.91283718752209,-70.970,-39.561
DIA 1,,1.03796101665989,341.38258300903271,-70.970,-39.561
DIA 1,,1.03823027490025,339.18323034302972,-70.970,-39.561
DIA 1,,1.03825263558002,346.71747442367439,-70.970,-39.561
DIA 1,,1.03826263558002,347.88612734098058,-70.970,-39.561
DIA 1,,1.03848195270202,333.84988387122286,-70.970,-39.561
DIA 1,,1.03865195270202,329.51113506944336,-70.970,-39.560
DIA 1,,1.03885443726933,321.86566706027514,-70.970,-39.560
DIA 1,,1.03910202563739,323.79098647115137,-70.970,-39.560
DIA 1,,1.03920498193880,345.47269795007736,-70.970,-39.560
DIA 1,,1.03921498193880,345.12755935215523,-70.970,-39.560
DIA 1,,1.03929560451628,333.52826409217249,-70.970,-39.560
DIA 1,,1.03937176224735,348.40070474001732,-70.970,-39.560
DIA 1,,1.03939176224735,355.26883890093859,-70.970,-39.560
DIA 1,,1.03945258987265,355.26883890093859,-70.970,-39.560
DIA 1,,1.03954258987265,22.49999997964445,-70.970,-39.560
DIA 1,,1.03955673200826,22.49999997964445,-70.970,-39.560
DIA 1,,1.03964673200826,4.37308113268955,-70.970,-39.560
DIA 1,,1.03977826147264,10.69935938254884,-70.970,-39.559
DIA 1,,1.04028045665382,19.60880384246939,-70.970,-39.559
DIA 1,,1.04030281733360,22.04530977998427,-70.970,-39.559
DIA 1,,1.04050206592205,24.42713062172548,-70.970,-39.559
DIA 1,,1.04077132416241,41.07751744922988,-70.970,-39.559
DIA 1,,1.04111960565775,54.60941989096786,-70.970,-39.558
DIA 1,,1.04127224903298,51.69624887100042,-70.970,-39.558
DIA 1,,1.04130053330422,50.65496623192122,-70.970,-39.558
DIA 1,,1.04148081086800,73.15496623701011,-70.970,-39.558
DIA 1,,1.04149081086800,58.28252559261012,-70.970,-39.558
DIA 1,,1.04151317154778,43.41008494351267,-70.969,-39.558
DIA 1,,1.04167441670273,65.91008493944156,-70.969,-39.558
DIA 1,,1.04170603947934,67.50000000000000,-70.969,-39.558
DIA 1,,1.04186256423777,67.86726051711904,-70.969,-39.558
DIA 1,,1.04235592009310,67.86726052526126,-70.969,-39.558
DIA 1,,1.04237828077288,70.56346651065159,-70.969,-39.558
DIA 1,,1.04294121949067,79.26481856812561,-70.968,-39.558
DIA 1,,1.04356923222941,82.02433919015365,-70.968,-39.558
DIA 1,,1.04399219794905,84.19030273393682,-70.967,-39.557
DIA 1,,1.04612979005234,83.98176152015550,-70.965,-39.557
DIA 1,,1.04700671650307,83.85716756929784,-70.964,-39.557
DIA 1,,1.04926558790269,83.67753553567665,-70.962,-39.557
DIA 1,,1.05055682761706,79.87714771973984,-70.961,-39.557
DIA 1,,1.05096682761706,75.24910330928756,-70.960,-39.557
DIA 1,,1.05141604916598,81.58929505522168,-70.960,-39.557
DIA 1,,1.05144604916597,82.02730204992264,-70.960,-39.557
DIA 1,,1.05159165136376,71.54941368444580,-70.960,-39.557
DIA 1,,1.05209494054504,57.02211163961208,-70.959,-39.556
DIA 1,,1.05212322481629,53.62072970438226,-70.959,-39.556
DIA 1,,1.05233793392183,60.05823047891010,-70.959,-39.556
DIA 1,,1.05284567401282,55.50255195734612,-70.958,-39.556
DIA 1,,1.05309567401282,55.00938019784032,-70.958,-39.556
DIA 1,,1.05337026461718,50.94432901502206,-70.958,-39.556
DIA 1,,1.05339854888842,50.94432901481510,-70.958,-39.556
DIA 1,,1.05422232070149,64.22685460437188,-70.957,-39.555
DIA 1,,1.05425394347809,63.70267831181096,-70.957,-39.555
DIA 1,,1.05493070045072,57.16801936794114,-70.957,-39.555
DIA 1,,1.05529429362997,56.63907015598458,-70.956,-39.555
DIA 1,,1.05550238015044,50.87867051976382,-70.956,-39.555
DIA 1,,1.05570756299572,43.78811432783742,-70.956,-39.554
DIA 1,,1.05589195388487,38.21947380043413,-70.956,-39.554
DIA 1,,1.05611398991798,32.88458239752269,-70.956,-39.554
DIA 1,,1.05649477857328,14.96575592054870,-70.956,-39.554
DIA 1,,1.05650477857327,14.03624346745691,-70.956,-39.554
DIA 1,,1.05701477857327,36.53624347254580,-70.955,-39.553
DIA 1,,1.05704306284452,36.80522983789862,-70.955,-39.553
DIA 1,,1.05741896176711,36.80522984298751,-70.955,-39.553
DIA 1,,1.05743310390273,38.06948622825943,-70.955,-39.553
DIA 1,,1.05799390689844,32.82374771261778,-70.955,-39.552
DIA 1,,1.05818807177684,31.55949132760514,-70.955,-39.552
DIA 1,,1.05893986962200,29.30930833607455,-70.954,-39.552
DIA 1,,1.06109933714896,25.52283401613611,-70.953,-39.550
DIA 1,,1.06123862103173,18.14631486700821,-70.953,-39.550
DIA 1,,1.06135263857424,12.00064048350794,-70.953,-39.549
DIA 1,,1.06148416803862,4.37308112963034,-70.953,-39.549
DIA 1,,1.06160416803862,356.82990412605210,-70.953,-39.549
DIA 1,,1.06169472189001,348.15289180965993,-70.953,-39.549
DIA 1,,1.06186235243614,336.45054703137885,-70.953,-39.549
DIA 1,,1.06194297501363,325.79765522171886,-70.953,-39.549
DIA 1,,1.06207103749838,318.17009587394796,-70.953,-39.549
DIA 1,,1.06214174817650,319.73116110373775,-70.954,-39.549
DIA 1,,1.06222777142917,319.73116110373775,-70.954,-39.549
DIA 1,,1.06234090851416,317.04280838993571,-70.954,-39.549
DIA 1,,1.06253940284657,326.26028279732571,-70.954,-39.548
DIA 1,,1.06256176352634,325.36277942987971,-70.954,-39.548
DIA 1,,1.06273868158647,319.20305680591491,-70.954,-39.548
DIA 1,,1.06313692774150,318.05775178342498,-70.954,-39.548
DIA 1,,1.06319349628400,319.48631330546772,-70.954,-39.548
DIA 1,,1.06332951098909,319.48631331055657,-70.954,-39.548
DIA 1,,1.06335779526033,318.56250817938320,-70.954,-39.548
DIA 1,,1.06449797068544,327.77998259796863,-70.955,-39.547
DIA 1,,1.06452033136521,327.29078725319283,-70.955,-39.547
DIA 1,,1.06498260833846,323.72827906548480,-70.955,-39.547
DIA 1,,1.06509077487673,311.43749182450529,-70.955,-39.546
DIA 1,,1.06511313555650,310.11911261285604,-70.955,-39.546
DIA 1,,1.06553515451341,322.22778318524240,-70.956,-39.546
DIA 1,,1.06665809707651,327.10867058867080,-70.956,-39.545
DIA 1,,1.06668045775629,326.57754289309020,-70.956,-39.545
DIA 1,,1.06745382700833,320.71498686908438,-70.957,-39.545
DIA 1,,1.06842212448328,318.35491840882844,-70.957,-39.544
DIA 1,,1.06845040875452,319.73116110882660,-70.957,-39.544
DIA 1,,1.06862245525987,319.73116109864884,-70.958,-39.544
DIA 1,,1.06865073953112,321.49730839235599,-70.958,-39.544
DIA 1,,1.06883941915375,331.68552600363296,-70.958,-39.544
DIA 1,,1.06910342672940,344.51812173224010,-70.958,-39.543
DIA 1,,1.06919398058079,0.18482253090320,-70.958,-39.543
DIA 1,,1.06936515300848,16.63744399746119,-70.958,-39.543
DIA 1,,1.06938751368825,22.50000000381667,-70.958,-39.543
DIA 1,,1.06964049590106,24.86953615901562,-70.958,-39.543
DIA 1,,1.07050657903795,30.28399404696447,-70.957,-39.542
DIA 1,,1.07183627825206,26.66968142647204,-70.957,-39.541
DIA 1,,1.07235105975910,19.05587086367468,-70.956,-39.540
DIA 1,,1.07239229081536,17.00967499790232,-70.956,-39.540
DIA 1,,1.07274343181269,26.83658702328156,-70.956,-39.540
DIA 1,,1.07292370937645,31.37233581165987,-70.956,-39.540
DIA 1,,1.07312962197927,31.93954662897151,-70.956,-39.540
DIA 1,,1.07340980049380,33.41493618240448,-70.956,-39.539
DIA 1,,1.07369281992776,38.50269160844450,-70.956,-39.539
DIA 1,,1.07372110419901,37.37244065293368,-70.956,-39.539
DIA 1,,1.07388234935398,24.86399390849763,-70.956,-39.539
DIA 1,,1.07411644335219,18.45530979357157,-70.956,-39.539
DIA 1,,1.07435685965780,14.51113507058078,-70.955,-39.539
DIA 1,,1.07464321607906,16.94808328364561,-70.955,-39.538
DIA 1,,1.07469706772713,18.52826409756465,-70.955,-39.538
DIA 1,,1.07503912035466,20.91008493808452,-70.955,-39.538
DIA 1,,1.07517328443331,29.28521719088826,-70.955,-39.538
DIA 1,,1.07536196405595,33.77153050133478,-70.955,-39.538
DIA 1,,1.07553401056129,37.41354232784743,-70.955,-39.538
DIA 1,,1.07581826396937,33.79508131296693,-70.955,-39.537
DIA 1,,1.07596591219996,21.91243338067988,-70.955,-39.537
DIA 1,,1.07615272761689,13.60674008679424,-70.955,-39.537
DIA 1,,1.07644886947479,7.52791492046023,-70.955,-39.537
DIA 1,,1.07661916333844,358.51313445944561,-70.955,-39.537
DIA 1,,1.07698137874397,352.49331710324066,-70.955,-39.536
DIA 1,,1.07757820367643,352.65890999743584,-70.955,-39.536
DIA 1,,1.07796030313992,355.40558196093110,-70.955,-39.535
DIA 1,,1.07850113583124,358.41008493956684,-70.955,-39.535
DIA 1,,1.07868113583124,358.41008494069422,-70.955,-39.535
DIA 1,,1.07904169095878,355.23998906674626,-70.955,-39.534
DIA 1,,1.07922279866155,355.19466016508966,-70.955,-39.534
DIA 1,,1.07957336962440,355.45694277412622,-70.955,-39.534
DIA 1,,1.08065895702301,355.15292448372293,-70.955,-39.533
DIA 1,,1.08125031140068,353.68765661594483,-70.955,-39.532
DIA 1,,1.08138184086506,353.01621670741758,-70.955,-39.532
DIA 1,,1.08522779978320,355.36569688267497,-70.955,-39.528
DIA 1,,1.08735309976203,352.32143280320895,-70.956,-39.526
DIA 1,,1.08740408995716,351.51608410942185,-70.956,-39.526
DIA 1,,1.09064990264430,351.66927992230057,-70.956,-39.523
DIA 1,,1.09101664506072,354.49822957351989,-70.956,-39.522
DIA 1,,1.09125664506072,4.37308113159137,-70.956,-39.522
DIA 1,,1.09165123345386,11.39120286794938,-70.956,-39.522
DIA 1,,1.09173369556637,7.01812173635802,-70.956,-39.522
DIA 1,,1.09201369556638,351.80522983259368,-70.956,-39.521
DIA 1,,1.09219089601784,336.93278918474886,-70.956,-39.521
DIA 1,,1.09227151859533,322.62755935215517,-70.956,-39.521
DIA 1,,1.09228566073095,320.24573850546392,-70.956,-39.521
DIA 1,,1.09247982560935,311.02826409400285,-70.956,-39.521
DIA 1,,1.09250218628911,310.51368669227674,-70.956,-39.521
DIA 1,,1.09276025604713,328.49394529061198,-70.956,-39.521
DIA 1,,1.09332381615927,329.86301855028057,-70.957,-39.520
DIA 1,,1.09385916651185,322.13524969000952,-70.957,-39.520
DIA 1,,1.09444644838625,319.20511120055113,-70.957,-39.519
DIA 1,,1.09457451087100,331.45262145841582,-70.957,-39.519
DIA 1,,1.09460613364760,335.91008493662315,-70.957,-39.519
DIA 1,,1.09468675622508,334.22685460968120,-70.957,-39.519
DIA 1,,1.09479445952122,349.09929525752602,-70.957,-39.519
DIA 1,,1.09480445952122,346.71747441078247,-70.957,-39.519
DIA 1,,1.09493862359987,327.38757028373743,-70.957,-39.519
DIA 1,,1.09506668608462,317.50398594628422,-70.958,-39.519
DIA 1,,1.09537082421113,312.01615836017339,-70.958,-39.518
DIA 1,,1.09563331230609,308.92035806718297,-70.958,-39.518
DIA 1,,1.09601133346953,311.23808978542769,-70.958,-39.518
DIA 1,,1.09603961774077,308.95262146618569,-70.958,-39.518
DIA 1,,1.09644458687541,299.93547867759651,-70.959,-39.518
DIA 1,,1.09708411795362,294.38356196248327,-70.959,-39.518
DIA 1,,1.09713796960169,294.72369242803398,-70.959,-39.518
DIA 1,,1.09761210038533,293.33579070082391,-70.960,-39.517
DIA 1,,1.09822561485133,287.36712193324456,-70.960,-39.517
DIA 1,,1.09855803025411,283.43675900317066,-70.961,-39.517
DIA 1,,1.09933269147038,276.35651893842635,-70.961,-39.517
DIA 1,,1.09970282658085,273.29530438396273,-70.962,-39.517
DIA 1,,1.10004414754416,272.52122553423601,-70.962,-39.517
DIA 1,,1.10020414754417,265.93494882414331,-70.962,-39.517
DIA 1,,1.10027485822228,265.93494882414331,-70.962,-39.517
DIA 1,,1.10040485822228,267.55045377294118,-70.962,-39.517
DIA 1,,1.10110742494510,267.55045377294118,-70.963,-39.517
DIA 1,,1.10123742494510,261.80522983369571,-70.963,-39.517
DIA 1,,1.10141462539656,250.20593457511683,-70.963,-39.517
DIA 1,,1.10149078312762,242.91882647478565,-70.963,-39.517
DIA 1,,1.10154909264657,245.30064732326056,-70.964,-39.517
DIA 1,,1.10164396097637,238.28252558989601,-70.964,-39.517
DIA 1,,1.10165810311200,236.59929525752605,-70.964,-39.517
DIA 1,,1.10181965805622,245.81676966898695,-70.964,-39.517
DIA 1,,1.10190910077531,248.74477645792709,-70.964,-39.517
DIA 1,,1.10198190187420,259.82794937004593,-70.964,-39.517
DIA 1,,1.10211228592232,263.53526451810814,-70.964,-39.517
DIA 1,,1.10231452340647,265.73461719452825,-70.964,-39.517
DIA 1,,1.10234452340647,262.98187826663542,-70.964,-39.517
DIA 1,,1.10250944763150,258.25071716276017,-70.964,-39.517
DIA 1,,1.10299606863392,256.71747441038821,-70.965,-39.517
DIA 1,,1.10313208333901,250.54793077178948,-70.965,-39.517
DIA 1,,1.10323978663515,243.97107667512859,-70.965,-39.517
DIA 1,,1.10337871107504,242.89053693073316,-70.965,-39.517
DIA 1,,1.10347719965306,213.01875551313060,-70.965,-39.518
DIA 1,,1.10348719965306,208.54737853751308,-70.965,-39.518
DIA 1,,1.10368968422037,234.21747441146101,-70.966,-39.518
DIA 1,,1.10388177794750,226.48686554230315,-70.966,-39.518
DIA 1,,1.10436344173065,217.96020815747659,-70.966,-39.518
DIA 1,,1.10462971226977,213.21073956808920,-70.966,-39.518
DIA 1,,1.10697973354626,218.56730105861237,-70.967,-39.520
DIA 1,,1.10699387568188,217.83616287086932,-70.967,-39.520
DIA 1,,1.10867972858175,213.06784501214213,-70.968,-39.522
DIA 1,,1.10957599863035,219.56557219376239,-70.969,-39.523
DIA 1,,1.11018427488337,227.59379094908368,-70.969,-39.523
DIA 1,,1.11068247163166,233.91486711377061,-70.970,-39.523
DIA 1,,1.11079063816993,239.27569593594231,-70.970,-39.523
DIA 1,,1.11100534727545,246.22129152143609,-70.970,-39.523
DIA 1,,1.11127105388057,253.48030186556579,-70.970,-39.524
DIA 1,,1.11162033886450,260.08876771465373,-70.970,-39.524
DIA 1,,1.11188206391106,265.05809483479135,-70.971,-39.524
DIA 1,,1.11240292857679,271.91157533725357,-70.971,-39.524
DIA 1,,1.11280604146421,280.84961627348872,-70.972,-39.524
DIA 1,,1.11332266511833,287.27866136038261,-70.972,-39.523
DIA 1,,1.11355675911655,292.84653015173967,-70.972,-39.523
DIA 1,,1.11385642559782,292.07245130580174,-70.973,-39.523
DIA 1,,1.11388804837442,298.54737854158424,-70.973,-39.523
DIA 1,,1.11401611085917,311.82990412605204,-70.973,-39.523
DIA 1,,1.11407267940166,312.32208747866110,-70.973,-39.523
DIA 1,,1.11452721212876,312.32208747866110,-70.973,-39.523
DIA 1,,1.11459792280688,320.91074417038800,-70.973,-39.523
DIA 1,,1.11490856729821,331.37299504307134,-70.973,-39.523
DIA 1,,1.11542334880526,333.31656978715438,-70.974,-39.522
DIA 1,,1.11589345517621,334.45361417199700,-70.974,-39.522
DIA 1,,1.11600115847235,334.42041848564713,-70.974,-39.522
DIA 1,,1.11618473406985,334.16802070023209,-70.974,-39.521
DIA 1,,1.11660627884803,341.26986344707808,-70.974,-39.521
DIA 1,,1.11710357151840,348.35791479626067,-70.974,-39.521
DIA 1,,1.11717428219651,349.23869994428696,-70.974,-39.520
DIA 1,,1.11739015252796,349.23869994659401,-70.974,-39.520
DIA 1,,1.11760228456232,355.05375331211684,-70.974,-39.520
DIA 1,,1.11825259218183,354.88323217153106,-70.974,-39.519
DIA 1,,1.11872777635666,353.38260683802605,-70.974,-39.519
DIA 1,,1.11908902419402,350.38303210480626,-70.974,-39.519
DIA 1,,1.12004949282963,347.53489840352603,-70.975,-39.518
DIA 1,,1.12071047694442,341.48751986112109,-70.975,-39.517
DIA 1,,1.12073283762420,343.99730839106377,-70.975,-39.517
DIA 1,,1.12094378785530,357.27983398367388,-70.975,-39.517
DIA 1,,1.12108378785529,4.73116110547987,-70.975,-39.517
DIA 1,,1.12126627073120,4.73116110547989,-70.975,-39.516
DIA 1,,1.12130627073121,5.30982763746306,-70.975,-39.516
DIA 1,,1.12146905893716,17.29107212433245,-70.975,-39.516
DIA 1,,1.12156754751518,20.33086660610718,-70.975,-39.516
DIA 1,,1.12167195058027,21.63214770739512,-70.975,-39.516
DIA 1,,1.12238749233307,28.89172697054925,-70.974,-39.515
DIA 1,,1.12277336796070,25.88722399227659,-70.974,-39.515
DIA 1,,1.12302968807306,17.88431404417304,-70.974,-39.515
DIA 1,,1.12421108555063,7.60629143428838,-70.974,-39.514
DIA 1,,1.12423108555063,8.76278418737417,-70.974,-39.514
DIA 1,,1.12443033413908,8.76278418737417,-70.974,-39.513
DIA 1,,1.12466033413908,355.62691886754578,-70.974,-39.513
DIA 1,,1.12479186360346,353.33995823843679,-70.974,-39.513
DIA 1,,1.12504266232754,359.91239204802957,-70.974,-39.513
DIA 1,,1.12543381447185,6.63968225251510,-70.974,-39.512
DIA 1,,1.12575769716667,10.86418200471155,-70.974,-39.512
DIA 1,,1.12634233380595,11.70435777454892,-70.974,-39.512
DIA 1,,1.12694250044948,9.60677624082299,-70.973,-39.511
DIA 1,,1.12787309165941,10.31433711840835,-70.973,-39.510
DIA 1,,1.12821043421528,14.18283639020563,-70.973,-39.510
DIA 1,,1.12838763466675,53.19477016740636,-70.973,-39.510
DIA 1,,1.12839763466673,55.27802261230132,-70.973,-39.510
DIA 1,,1.12848307470419,25.15046326056365,-70.973,-39.510
DIA 1,,1.12872494243664,33.48985763923548,-70.973,-39.509
DIA 1,,1.12903894880600,39.29130560067313,-70.973,-39.509
DIA 1,,1.12937196532211,52.39136301301878,-70.973,-39.509
DIA 1,,1.12939432600188,47.85529656189746,-70.973,-39.509
DIA 1,,1.12961904805242,29.42034774508212,-70.973,-39.509
DIA 1,,1.12975321213107,23.75385086144887,-70.972,-39.508
DIA 1,,1.13062050677535,25.95320354637042,-70.972,-39.508
DIA 1,,1.13067881629430,28.08244009347055,-70.972,-39.508
DIA 1,,1.13086669923659,32.38039580668004,-70.972,-39.507
DIA 1,,1.13116502791439,42.27983398519991,-70.972,-39.507
DIA 1,,1.13141958635562,48.24153684688430,-70.972,-39.507
DIA 1,,1.13204584508809,48.24153684292628,-70.971,-39.507
DIA 1,,1.13208827149496,47.73192140339656,-70.971,-39.507
DIA 1,,1.13290515581969,49.61393883916306,-70.971,-39.506
DIA 1,,1.13398228162479,50.21534737758752,-70.970,-39.505
DIA 1,,1.13453046042774,56.06393881605086,-70.969,-39.505
DIA 1,,1.13487527922073,62.72216213184918,-70.969,-39.505
DIA 1,,1.13586845594217,65.93444926909243,-70.968,-39.504
DIA 1,,1.13676002758819,65.97094337643161,-70.967,-39.504
DIA 1,,1.13770850004430,65.90922390072474,-70.966,-39.504
DIA 1,,1.13963476586190,65.09865094220622,-70.965,-39.503
DIA 1,,1.13974656926076,69.08991505986948,-70.965,-39.503
DIA 1,,1.13986058680328,72.78293663675397,-70.964,-39.503
DIA 1,,1.14010410271652,76.10267189498218,-70.964,-39.503
DIA 1,,1.14043786910187,82.68767292936448,-70.964,-39.503
DIA 1,,1.14120206802886,79.97737528953093,-70.963,-39.503
DIA 1,,1.14124329908511,82.98187826843154,-70.963,-39.503
DIA 1,,1.14131329908512,84.84757676545416,-70.963,-39.503
DIA 1,,1.14142510248398,73.94687201947056,-70.963,-39.503
DIA 1,,1.14147895413206,72.08117352244798,-70.963,-39.503
DIA 1,,1.14152018518831,70.47343152960438,-70.963,-39.503
DIA 1,,1.14168571464189,77.49155326117285,-70.963,-39.503
DIA 1,,1.14169571464189,73.15496623857592,-70.963,-39.503
DIA 1,,1.14176782566741,59.00458835529260,-70.963,-39.502
DIA 1,,1.14191547389801,67.38586558411492,-70.962,-39.502
DIA 1,,1.14215589020360,77.27086066222508,-70.962,-39.502
DIA 1,,1.14235812768777,86.31328372886878,-70.962,-39.502
DIA 1,,1.14334832968736,87.85850051858490,-70.961,-39.502
DIA 1,,1.14355927991846,80.26171225153766,-70.961,-39.502
DIA 1,,1.14376543519974,82.98187826699466,-70.961,-39.502
DIA 1,,1.14378543519974,84.60785106572877,-70.961,-39.502
DIA 1,,1.14399921078301,84.60785106572877,-70.960,-39.502
DIA 1,,1.14404921078300,86.64508159646890,-70.960,-39.502
DIA 1,,1.14422038321069,86.29142191233636,-70.960,-39.502
DIA 1,,1.14503044493674,95.91074417020374,-70.959,-39.502
DIA 1,,1.14512264038131,99.82691202878721,-70.959,-39.502
DIA 1,,1.14528388553627,93.56250817445088,-70.959,-39.502
DIA 1,,1.14587388553627,86.11741699045700,-70.958,-39.502
DIA 1,,1.14609592156939,79.85301313612077,-70.958,-39.502
DIA 1,,1.14655689879225,70.45307054898250,-70.958,-39.502
DIA 1,,1.14657925947202,69.48232735329576,-70.958,-39.502
DIA 1,,1.14785988431952,77.61242971575680,-70.957,-39.502
DIA 1,,1.14830709791501,84.84757676577983,-70.956,-39.502
DIA 1,,1.14838709791501,87.07199320736498,-70.956,-39.502
DIA 1,,1.14877914383068,87.07199320736498,-70.956,-39.502
DIA 1,,1.14891914383069,86.43749182586228,-70.956,-39.502
DIA 1,,1.14908038898566,86.43749182586228,-70.955,-39.502
DIA 1,,1.14912038898566,86.47384699598778,-70.955,-39.502
DIA 1,,1.15009778348124,84.42129773943108,-70.954,-39.502
DIA 1,,1.15219315934251,84.82649356971612,-70.952,-39.501
DIA 1,,1.15283697608662,85.77774374545008,-70.952,-39.501
DIA 1,,1.15335736055988,84.03491164362173,-70.951,-39.501
DIA 1,,1.15371246617797,71.85368512776326,-70.951,-39.501
DIA 1,,1.15373482685774,69.69935266965490,-70.951,-39.501
DIA 1,,1.15406467530779,74.19624887714062,-70.950,-39.501
DIA 1,,1.15595276958510,67.93184502226553,-70.949,-39.501
DIA 1,,1.15599749094465,76.71747441146103,-70.949,-39.501
DIA 1,,1.15600749094465,74.44118040657578,-70.949,-39.501
DIA 1,,1.15792313704975,51.94118041166466,-70.947,-39.500
DIA 1,,1.15795142132100,54.21747441654990,-70.947,-39.500
DIA 1,,1.15799614268055,54.21747440637212,-70.947,-39.500
DIA 1,,1.15802442695179,39.34503376103261,-70.947,-39.499
DIA 1,,1.15806048246455,28.82627825299089,-70.947,-39.499
DIA 1,,1.15815897104257,18.79474191660331,-70.947,-39.499
DIA 1,,1.15849852957950,6.81349742973391,-70.947,-39.499
DIA 1,,1.15852852957950,4.73116110566326,-70.947,-39.499
DIA 1,,1.15865018483010,4.73116110566325,-70.947,-39.499
DIA 1,,1.15872018483010,4.06505117829932,-70.947,-39.499
DIA 1,,1.15879089550822,4.06505117829931,-70.947,-39.499
DIA 1,,1.15888089550822,5.15242323416589,-70.947,-39.499
DIA 1,,1.15955171590147,5.15242323416588,-70.947,-39.498
DIA 1,,1.15958171590147,6.43750077949040,-70.947,-39.498
DIA 1,,1.15994074236289,11.62542323947687,-70.946,-39.498
DIA 1,,1.16066254566020,8.98524414457846,-70.946,-39.497
DIA 1,,1.16157051041722,5.84013007230625,-70.946,-39.496
DIA 1,,1.16171086710570,8.66306834517436,-70.946,-39.496
DIA 1,,1.16188550959766,9.79035583140804,-70.946,-39.496
DIA 1,,1.16197606344905,9.66740427196458,-70.946,-39.496
DIA 1,,1.16210948008969,6.49730839801668,-70.946,-39.495
DIA 1,,1.16215948008969,11.59929525506931,-70.946,-39.495
DIA 1,,1.16223563782075,20.27630757341728,-70.946,-39.495
DIA 1,,1.16240326836689,23.54945296744541,-70.946,-39.495
DIA 1,,1.16248389094437,34.20234477514953,-70.946,-39.495
DIA 1,,1.16254792218674,30.63983660019274,-70.946,-39.495
DIA 1,,1.16267792218675,33.80993248431843,-70.946,-39.495
DIA 1,,1.16269206432237,22.50000001017778,-70.946,-39.495
DIA 1,,1.16273206432237,350.78252558446786,-70.946,-39.495
DIA 1,,1.16276368709897,346.05136447935479,-70.946,-39.495
DIA 1,,1.16282451472428,353.58560856261050,-70.946,-39.495
DIA 1,,1.16299480858794,7.53424408122015,-70.946,-39.495
DIA 1,,1.16302643136454,9.21747441349656,-70.946,-39.495
DIA 1,,1.16303643136454,13.28252559261011,-70.946,-39.495
DIA 1,,1.16305879204431,30.77853569025006,-70.946,-39.495
DIA 1,,1.16318085760047,39.99601009763996,-70.946,-39.494
DIA 1,,1.16323742614296,41.82990412605209,-70.946,-39.494
DIA 1,,1.16330145738534,41.82990412605209,-70.946,-39.494
DIA 1,,1.16342873660595,67.50000000000000,-70.946,-39.494
DIA 1,,1.16343873660596,64.32990412605210,-70.946,-39.494
DIA 1,,1.16350276784833,31.55188151667862,-70.946,-39.494
DIA 1,,1.16362359830807,34.72197740080431,-70.946,-39.494
DIA 1,,1.16363774044369,31.17701232852574,-70.946,-39.494
DIA 1,,1.16380537098983,20.27630757341728,-70.946,-39.494
DIA 1,,1.16388152872089,18.29554413207589,-70.945,-39.494
DIA 1,,1.16409739905234,6.69624887700658,-70.945,-39.494
DIA 1,,1.16417739905234,9.21747441349656,-70.945,-39.494
DIA 1,,1.16420902182895,9.21747441349656,-70.945,-39.494
DIA 1,,1.16425902182894,4.73116110208728,-70.945,-39.494
DIA 1,,1.16438067707955,15.63186584807085,-70.945,-39.493
DIA 1,,1.16443452872762,19.09547491338990,-70.945,-39.493
DIA 1,,1.16461172917909,8.19477016740634,-70.945,-39.493
DIA 1,,1.16474172917909,356.20267831463764,-70.945,-39.493
DIA 1,,1.16489305663860,356.20267831463764,-70.945,-39.493
DIA 1,,1.16527305663860,7.01812173635801,-70.945,-39.493
DIA 1,,1.16531428769485,25.45307055765158,-70.945,-39.493
DIA 1,,1.16536428769485,42.84198624024011,-70.945,-39.492
DIA 1,,1.16547058915298,57.89429141483340,-70.945,-39.492
DIA 1,,1.16590521542922,78.48725399588686,-70.945,-39.492
DIA 1,,1.16592521542921,71.56505117544955,-70.945,-39.492
DIA 1,,1.16597521542922,58.28252558691056,-70.945,-39.492
DIA 1,,1.16601993678876,54.21747441146100,-70.945,-39.492
DIA 1,,1.16609064746688,35.78252559261011,-70.945,-39.492
DIA 1,,1.16611300814666,35.78252558921751,-70.945,-39.492
DIA 1,,1.16615543455353,33.40070474329289,-70.945,-39.492
DIA 1,,1.16626313784967,1.68323033318892,-70.945,-39.492
DIA 1,,1.16629476062628,350.78252558650343,-70.945,-39.492
DIA 1,,1.16630476062627,352.98187826424066,-70.945,-39.492
DIA 1,,1.16638722273879,336.13684450751401,-70.945,-39.492
DIA 1,,1.16642327825155,320.65496623648812,-70.945,-39.492
DIA 1,,1.16646570465842,310.93494881776525,-70.945,-39.492
DIA 1,,1.16651570465842,310.93494882794300,-70.945,-39.492
DIA 1,,1.16655813106529,303.40070474586656,-70.945,-39.492
DIA 1,,1.16661198271336,287.16510859681028,-70.945,-39.492
DIA 1,,1.16670417815794,276.26440385433625,-70.945,-39.492
DIA 1,,1.16671417815794,277.62755935129400,-70.945,-39.492
DIA 1,,1.16717024832797,300.12755935129400,-70.945,-39.492
DIA 1,,1.16718439046360,304.48124448686934,-70.945,-39.492
DIA 1,,1.16728287904162,312.10880383902457,-70.945,-39.492
DIA 1,,1.16736350161910,345.12755935215523,-70.945,-39.491
DIA 1,,1.16737350161911,350.41049598723197,-70.945,-39.491
DIA 1,,1.16761701753234,343.39237425336074,-70.946,-39.491
DIA 1,,1.16815302126367,348.60879713343934,-70.946,-39.491
DIA 1,,1.16828455072805,348.60879713364653,-70.946,-39.491
DIA 1,,1.16844947495307,352.98187826633614,-70.946,-39.490
DIA 1,,1.16846947495307,350.53767779242042,-70.946,-39.490
DIA 1,,1.16883947495308,337.43198878343492,-70.946,-39.490
DIA 1,,1.16956397478054,330.04927722698068,-70.946,-39.489
DIA 1,,1.16967214131881,332.87694362728985,-70.946,-39.489
DIA 1,,1.16975758135626,349.72197739132366,-70.946,-39.489
DIA 1,,1.16977758135626,352.98187826903023,-70.946,-39.489
DIA 1,,1.16986004346877,349.81178239508233,-70.946,-39.489
DIA 1,,1.16995059732016,357.33244712884203,-70.946,-39.489
DIA 1,,1.17052068503270,356.94003482708632,-70.946,-39.488
DIA 1,,1.17060130761018,356.43749182429650,-70.946,-39.488
DIA 1,,1.17074130761018,5.15242323242888,-70.946,-39.488
DIA 1,,1.17085311100906,19.67972528235152,-70.946,-39.488
DIA 1,,1.17095606731047,33.85720617597474,-70.946,-39.488
DIA 1,,1.17108412979522,41.82990412605209,-70.946,-39.488
DIA 1,,1.17115484047334,50.65496623857592,-70.946,-39.488
DIA 1,,1.17129906252436,58.41702173642810,-70.946,-39.488
DIA 1,,1.17156325942062,64.10895297059312,-70.946,-39.488
DIA 1,,1.17198480419880,73.53706983404884,-70.945,-39.488
DIA 1,,1.17214759240476,71.40764678091116,-70.945,-39.487
DIA 1,,1.17216995308453,73.61575046858620,-70.945,-39.487
DIA 1,,1.17263266249658,82.35313758888934,-70.945,-39.487
DIA 1,,1.17288584227461,77.82730218728146,-70.944,-39.487
DIA 1,,1.17299985981711,70.39119616050569,-70.944,-39.487
DIA 1,,1.17309834839513,61.17372175170654,-70.944,-39.487
DIA 1,,1.17317045942064,50.65496623730370,-70.944,-39.487
DIA 1,,1.17328359650563,38.73559614570861,-70.944,-39.487
DIA 1,,1.17341398055374,29.51812173416280,-70.944,-39.487
DIA 1,,1.17348106259306,23.56054819767078,-70.944,-39.487
DIA 1,,1.17365194266797,15.93298884906477,-70.944,-39.487
DIA 1,,1.17370293286311,5.65496623857591,-70.944,-39.487
DIA 1,,1.17377293286311,354.34503376116305,-70.944,-39.487
DIA 1,,1.17392590344851,335.91008493986953,-70.944,-39.487
DIA 1,,1.17397590344851,317.70189568138488,-70.944,-39.487
DIA 1,,1.17412456413599,302.03754924608830,-70.944,-39.486
DIA 1,,1.17428611908020,288.52826409509527,-70.944,-39.486
DIA 1,,1.17440013662271,280.22477380471861,-70.944,-39.486
DIA 1,,1.17451059023288,273.14806751080187,-70.945,-39.486
DIA 1,,1.17503068637784,272.81973931179340,-70.945,-39.486
DIA 1,,1.17566266739022,278.67101928602818,-70.946,-39.486
DIA 1,,1.17588827767367,285.61960744387164,-70.946,-39.486
DIA 1,,1.17620450543968,291.94914694263463,-70.946,-39.486
DIA 1,,1.17666969357367,302.06157665681860,-70.947,-39.486
DIA 1,,1.17673372481605,311.82990412690020,-70.947,-39.486
DIA 1,,1.17690343044353,318.42138670831946,-70.947,-39.486
DIA 1,,1.17708147538167,324.91869510251468,-70.947,-39.486
DIA 1,,1.17727015500431,331.39674657178682,-70.947,-39.485
DIA 1,,1.17764592088888,339.63738267813306,-70.947,-39.485
DIA 1,,1.17783273630580,352.23794450138951,-70.947,-39.485
DIA 1,,1.17784273630580,353.56249922038324,-70.947,-39.485
DIA 1,,1.17856078922864,348.83133811710400,-70.947,-39.484
DIA 1,,1.17874327210455,346.05136448322418,-70.947,-39.484
DIA 1,,1.17880651765776,344.51812173144873,-70.947,-39.484
DIA 1,,1.17908310399148,353.73559614494530,-70.947,-39.484
DIA 1,,1.17910310399148,349.09929526103559,-70.947,-39.484
DIA 1,,1.17915695563955,344.51812173800960,-70.947,-39.484
DIA 1,,1.17947096200891,357.10205680925043,-70.948,-39.483
DIA 1,,1.17981154973622,7.62755935176645,-70.948,-39.483
DIA 1,,1.18000571461461,7.53424407879583,-70.947,-39.483
DIA 1,,1.18036626974216,4.76001093325370,-70.947,-39.482
DIA 1,,1.18054737744492,3.17009587394791,-70.947,-39.482
DIA 1,,1.18090737744492,355.26883889612469,-70.947,-39.482
DIA 1,,1.18115068794613,0.57866653335732,-70.947,-39.482
DIA 1,,1.18131347615209,8.73121434300230,-70.947,-39.482
DIA 1,,1.18156526971834,11.39408465853548,-70.947,-39.481
DIA 1,,1.18163807081723,13.49316804278769,-70.947,-39.481
DIA 1,,1.18205580278871,8.52497306865759,-70.947,-39.481
DIA 1,,1.18243790225220,7.42541025922229,-70.947,-39.480
DIA 1,,1.18289331415367,4.42090728058655,-70.947,-39.480
DIA 1,,1.18305331415367,4.73116109906146,-70.947,-39.480
DIA 1,,1.18311414177897,17.11873138387460,-70.947,-39.480
DIA 1,,1.18325731998961,29.23260404780303,-70.947,-39.480
DIA 1,,1.18332943101512,36.89548753708574,-70.947,-39.480
DIA 1,,1.18357782586209,42.55045377070326,-70.947,-39.479
DIA 1,,1.18366267867583,49.06505117531384,-70.947,-39.479
DIA 1,,1.18371267867582,37.46575592469000,-70.947,-39.479
DIA 1,,1.18382038197197,14.96575592143311,-70.947,-39.479
DIA 1,,1.18396180332821,4.06505117544954,-70.947,-39.479
DIA 1,,1.18421180332821,355.62691887036965,-70.947,-39.479
DIA 1,,1.18434333279259,345.63536560644809,-70.947,-39.479
DIA 1,,1.18446037979170,332.79520844544976,-70.947,-39.479
DIA 1,,1.18553936079246,330.39919142502157,-70.947,-39.478
DIA 1,,1.18596889542436,330.76739595161649,-70.948,-39.477
DIA 1,,1.18607706196262,333.93749183264748,-70.948,-39.477
DIA 1,,1.18610868473922,334.32990413474050,-70.948,-39.477
DIA 1,,1.18631116930654,324.76308252304011,-70.948,-39.477
DIA 1,,1.18647518150121,319.48978283417273,-70.948,-39.477
DIA 1,,1.18673690654777,318.37129330489455,-70.948,-39.477
DIA 1,,1.18689311154128,317.59721445424879,-70.948,-39.477
DIA 1,,1.18699210649066,320.65496623555612,-70.948,-39.476
DIA 1,,1.18706421751616,320.65496623192126,-70.948,-39.476
DIA 1,,1.18709250178741,320.65496623348702,-70.948,-39.476
DIA 1,,1.18716461281293,323.25218069144222,-70.948,-39.476
DIA 1,,1.18724271530969,315.39786177692514,-70.948,-39.476
DIA 1,,1.18742710619882,307.14568108548292,-70.949,-39.476
DIA 1,,1.18749921722434,309.34503375124632,-70.949,-39.476
DIA 1,,1.18751335935996,308.59255293579616,-70.949,-39.476
DIA 1,,1.18920300429307,308.59255294597392,-70.950,-39.475
DIA 1,,1.18921714642870,308.86761313590688,-70.950,-39.475
DIA 1,,1.18938357959847,300.67284296927841,-70.950,-39.475
DIA 1,,1.18950887923933,295.61516230811441,-70.950,-39.475
DIA 1,,1.18963887923932,288.05779911467886,-70.950,-39.475
DIA 1,,1.18989597844198,280.10278504367551,-70.951,-39.475
DIA 1,,1.19058066815272,280.51627839309219,-70.951,-39.475
DIA 1,,1.19106574546614,286.98827201856352,-70.952,-39.475
DIA 1,,1.19121440615362,291.57619486670148,-70.952,-39.475
DIA 1,,1.19146520487770,295.82008345387823,-70.952,-39.475
DIA 1,,1.19195285229130,300.91583437933735,-70.953,-39.474
DIA 1,,1.19335901728874,300.12755935148869,-70.954,-39.474
DIA 1,,1.19338137796852,301.85586893769232,-70.954,-39.474
DIA 1,,1.19420938763030,288.57334334915339,-70.954,-39.473
DIA 1,,1.19421938763030,291.68171147892599,-70.954,-39.473
DIA 1,,1.19446697599836,319.33413471314617,-70.955,-39.473
DIA 1,,1.19462508988137,342.65242323422012,-70.955,-39.473
DIA 1,,1.19463508988137,344.19624887722500,-70.955,-39.473
DIA 1,,1.19478773325659,321.69624888231391,-70.955,-39.473
DIA 1,,1.19481601752783,320.65496624147272,-70.955,-39.473
DIA 1,,1.19499629509161,320.65496623638381,-70.955,-39.472
DIA 1,,1.19501043722723,320.89671484236095,-70.955,-39.472
DIA 1,,1.19566778036441,329.57372715994842,-70.955,-39.472
DIA 1,,1.19590484575624,336.95953790748337,-70.955,-39.472
DIA 1,,1.19609458241585,346.98520390435584,-70.955,-39.472
DIA 1,,1.19624590987535,356.20267831445983,-70.956,-39.471
DIA 1,,1.19632590987536,354.34503376064117,-70.956,-39.471
DIA 1,,1.19637690007049,354.34503376064117,-70.956,-39.471
DIA 1,,1.19643690007049,3.71570398683483,-70.956,-39.471
DIA 1,,1.19666884834058,16.99822957944493,-70.955,-39.471
DIA 1,,1.19669120902036,20.30064732627400,-70.955,-39.471
DIA 1,,1.19685613324538,7.01812173366390,-70.955,-39.471
DIA 1,,1.19686613324539,9.21747441010397,-70.955,-39.471
DIA 1,,1.19696100157519,22.99388019791844,-70.955,-39.471
DIA 1,,1.19722042401061,33.67919133494816,-70.955,-39.470
DIA 1,,1.19737662900413,43.90917929967520,-70.955,-39.470
DIA 1,,1.19764570148508,51.39759726838248,-70.955,-39.470
DIA 1,,1.19889422060788,59.10867791915976,-70.954,-39.469
DIA 1,,1.19891658128764,58.28252558039678,-70.954,-39.469
DIA 1,,1.19936658128765,56.47829116279888,-70.954,-39.469
DIA 1,,1.19986397449227,63.60330751097798,-70.953,-39.469
DIA 1,,1.19999397449226,71.22435893669513,-70.953,-39.469
DIA 1,,1.20014921623923,78.56569741111637,-70.953,-39.469
DIA 1,,1.20224933528347,79.01328426332036,-70.951,-39.468
DIA 1,,1.20229056633972,79.62695985997196,-70.951,-39.468
DIA 1,,1.20263291119510,79.01752224459229,-70.950,-39.468
DIA 1,,1.20297496382263,82.37244064826234,-70.950,-39.468
DIA 1,,1.20298496382263,76.71747441146103,-70.950,-39.468
DIA 1,,1.20318620994060,54.21747441146100,-70.950,-39.468
DIA 1,,1.20325692061872,39.34503376403376,-70.950,-39.468
DIA 1,,1.20336508715699,30.12755935121574,-70.950,-39.468
DIA 1,,1.20343216919631,16.84503376257234,-70.950,-39.468
DIA 1,,1.20351279177380,358.83134706972709,-70.950,-39.468
DIA 1,,1.20357361939910,355.26883889433674,-70.950,-39.468
DIA 1,,1.20360361939910,353.59786696711672,-70.950,-39.468
DIA 1,,1.20405483996601,351.55505857940244,-70.950,-39.467
DIA 1,,1.20419519665449,3.61215784733863,-70.950,-39.467
DIA 1,,1.20429717704475,21.65765783886587,-70.950,-39.467
DIA 1,,1.20439151685608,38.50269160550934,-70.950,-39.467
DIA 1,,1.20447636966982,52.62755935259886,-70.950,-39.467
DIA 1,,1.20455699224730,64.96599093577645,-70.950,-39.467
DIA 1,,1.20484491584828,74.98510538025197,-70.949,-39.467
DIA 1,,1.20561595410933,82.03375926330484,-70.949,-39.467
DIA 1,,1.20616921715707,86.88708546792678,-70.948,-39.467
DIA 1,,1.20624921715707,87.27983398454300,-70.948,-39.467
DIA 1,,1.20646016738816,78.93021186717270,-70.948,-39.467
DIA 1,,1.20656457045326,71.02512512895392,-70.948,-39.467
DIA 1,,1.20675770253242,60.04484312027214,-70.948,-39.467
DIA 1,,1.20682173377479,48.17009587394792,-70.947,-39.467
DIA 1,,1.20689244445291,40.26883889626227,-70.947,-39.467
DIA 1,,1.20706449095826,27.23116110402024,-70.947,-39.466
DIA 1,,1.20743449095825,16.74246001714695,-70.947,-39.466
DIA 1,,1.20823004108238,12.43256104420625,-70.947,-39.465
DIA 1,,1.20856545127901,14.36989764933160,-70.947,-39.465
DIA 1,,1.20862869683221,15.57965225670152,-70.947,-39.465
DIA 1,,1.20894650180385,6.36217784218717,-70.947,-39.465
DIA 1,,1.20902650180385,5.44276352756167,-70.947,-39.464
DIA 1,,1.20929126584975,13.57286588109885,-70.947,-39.464
DIA 1,,1.20954126584974,21.41262794105839,-70.947,-39.464
DIA 1,,1.20963070856885,29.20705124719048,-70.947,-39.464
DIA 1,,1.21040768990710,29.20705125092234,-70.946,-39.463
DIA 1,,1.21047477194643,35.78252558107530,-70.946,-39.463
DIA 1,,1.21048891408205,33.40070473580580,-70.946,-39.463
DIA 1,,1.21054276573012,16.55567098455949,-70.946,-39.463
DIA 1,,1.21059375592526,14.87244064698359,-70.946,-39.463
DIA 1,,1.21065700147846,22.50000000101778,-70.946,-39.463
DIA 1,,1.21067936215824,20.30064732896813,-70.946,-39.463
DIA 1,,1.21072059321449,7.01812173635802,-70.946,-39.463
DIA 1,,1.21077059321449,5.65496623857592,-70.946,-39.463
DIA 1,,1.21082158340963,5.65496623857591,-70.946,-39.463
DIA 1,,1.21087158340963,354.69017236142309,-70.946,-39.463
DIA 1,,1.21119715982155,341.40764676881304,-70.946,-39.462
DIA 1,,1.21121952050133,338.74477645731253,-70.946,-39.462
DIA 1,,1.21136512269911,347.29614094480957,-70.946,-39.462
DIA 1,,1.21142595032442,345.67933488211878,-70.946,-39.462
DIA 1,,1.21166946623765,337.12797040140703,-70.946,-39.462
DIA 1,,1.21173654827698,337.49999999864298,-70.946,-39.462
DIA 1,,1.21176817105358,336.83389006926916,-70.946,-39.462
DIA 1,,1.21196052489420,330.04867288013048,-70.947,-39.462
DIA 1,,1.21233788413948,332.80724087049379,-70.947,-39.461
DIA 1,,1.21252173190259,328.90714692803078,-70.947,-39.461
DIA 1,,1.21259983439935,324.61533618922431,-70.947,-39.461
DIA 1,,1.21265814391830,321.03065473062691,-70.947,-39.461
DIA 1,,1.21286332676359,300.73000740369434,-70.947,-39.461
DIA 1,,1.21289494954018,292.49999999796449,-70.947,-39.461
DIA 1,,1.21293967089973,290.30064732489700,-70.947,-39.461
DIA 1,,1.21298090195599,290.69305962595371,-70.947,-39.461
DIA 1,,1.21330739851034,306.17493788959575,-70.947,-39.461
DIA 1,,1.21349124627345,324.21747441146101,-70.948,-39.461
DIA 1,,1.21360304967232,328.28252559016744,-70.948,-39.461
DIA 1,,1.21365304967232,330.66434643623239,-70.948,-39.461
DIA 1,,1.21376075296847,331.98056386900873,-70.948,-39.460
DIA 1,,1.21463167202325,321.88766236402421,-70.948,-39.460
DIA 1,,1.21476620826373,312.44134257709197,-70.948,-39.460
DIA 1,,1.21481620826373,310.93494881946157,-70.948,-39.460
DIA 1,,1.21487277680623,297.23116109782364,-70.948,-39.460
DIA 1,,1.21493360443152,319.73116110291249,-70.948,-39.460
DIA 1,,1.21494360443153,319.26538280517315,-70.948,-39.460
DIA 1,,1.21514584191569,283.48285721459860,-70.949,-39.460
DIA 1,,1.21517746469229,282.93317839527651,-70.949,-39.460
DIA 1,,1.21540941296239,279.66003300534106,-70.949,-39.460
DIA 1,,1.21560357784078,285.16180343112063,-70.949,-39.459
DIA 1,,1.21598305116000,292.50000000016956,-70.949,-39.459
DIA 1,,1.21607249387910,299.28521719349561,-70.949,-39.459
DIA 1,,1.21616683369042,305.33259573100872,-70.950,-39.459
DIA 1,,1.21623086493279,311.82990412435578,-70.950,-39.459
DIA 1,,1.21631571774654,321.13238686239686,-70.950,-39.459
DIA 1,,1.21648215091631,334.41491246280998,-70.950,-39.459
DIA 1,,1.21651377369291,346.40944446704691,-70.950,-39.459
DIA 1,,1.21690836208604,343.64567438146082,-70.950,-39.459
DIA 1,,1.21700685066406,329.58380669183703,-70.950,-39.459
DIA 1,,1.21705685066406,313.41008493699889,-70.950,-39.458
DIA 1,,1.21709290617682,307.14568108318946,-70.950,-39.458
DIA 1,,1.21718510162139,307.64822409018825,-70.950,-39.458
DIA 1,,1.21765944327043,306.81134856177857,-70.950,-39.458
DIA 1,,1.21832787426910,310.71899533510361,-70.951,-39.458
DIA 1,,1.21865345068103,318.48638464620512,-70.951,-39.457
DIA 1,,1.21873947393369,327.70385905766619,-70.951,-39.457
DIA 1,,1.21894538653651,335.48114468942458,-70.951,-39.457
DIA 1,,1.21906243353562,333.16341297322560,-70.951,-39.457
DIA 1,,1.21909848904838,335.18226828341710,-70.951,-39.457
DIA 1,,1.21924409124616,348.85720617559065,-70.951,-39.457
DIA 1,,1.21942519894892,356.82990412605210,-70.951,-39.457
DIA 1,,1.21946519894893,4.73116110547987,-70.951,-39.457
DIA 1,,1.21964768182484,13.94863551635929,-70.951,-39.457
DIA 1,,1.21986904126104,23.18604582399918,-70.951,-39.456
DIA 1,,1.22061610216887,25.78326027874849,-70.951,-39.456
DIA 1,,1.22096538715280,26.94290744855353,-70.951,-39.455
DIA 1,,1.22110431159270,34.45812270897688,-70.951,-39.455
DIA 1,,1.22116834283507,45.89495530313008,-70.951,-39.455
DIA 1,,1.22126834283507,56.33227871672012,-70.951,-39.455
DIA 1,,1.22146557366430,61.32815766376604,-70.950,-39.455
DIA 1,,1.22228398676293,61.07905185898518,-70.950,-39.455
DIA 1,,1.22240060580083,62.91882647628240,-70.950,-39.455
DIA 1,,1.22247676353188,62.80821741217570,-70.950,-39.455
DIA 1,,1.22292094817818,60.18604835824506,-70.949,-39.454
DIA 1,,1.22319389505945,56.44863156143836,-70.949,-39.454
DIA 1,,1.22325792630183,53.82506211069706,-70.949,-39.454
DIA 1,,1.22347425937835,53.18677466352308,-70.949,-39.454
DIA 1,,1.22403506237407,47.53180842677394,-70.948,-39.454
DIA 1,,1.22409163091657,49.89120351578612,-70.948,-39.454
DIA 1,,1.22450780395749,57.25192397327164,-70.948,-39.453
DIA 1,,1.22637212689089,60.66421074694362,-70.946,-39.452
DIA 1,,1.22679272170779,60.27635473123508,-70.946,-39.452
DIA 1,,1.22787830910639,57.62783067852610,-70.945,-39.452
DIA 1,,1.22809464218292,52.75764473766474,-70.945,-39.452
DIA 1,,1.22905890355828,47.96014359870514,-70.944,-39.451
DIA 1,,1.23024030103585,43.40791887063169,-70.943,-39.450
DIA 1,,1.23048869588281,42.12290507488111,-70.943,-39.450
DIA 1,,1.23096251019243,46.00365391506942,-70.943,-39.450
DIA 1,,1.23124570623760,49.23087228111508,-70.943,-39.449
DIA 1,,1.23233276649352,46.94049066718568,-70.942,-39.449
DIA 1,,1.23374761630887,46.23327906276842,-70.941,-39.448
DIA 1,,1.23403830514595,46.10499105754944,-70.940,-39.448
DIA 1,,1.23444867083652,39.77696067780739,-70.940,-39.447
DIA 1,,1.23478467678885,35.10946144652375,-70.940,-39.447
DIA 1,,1.23507312089088,30.12755935187764,-70.940,-39.447
DIA 1,,1.23531908836841,21.38921643431467,-70.940,-39.446
DIA 1,,1.23678748885874,12.17174201763524,-70.939,-39.445
DIA 1,,1.23685819953686,4.06505117259976,-70.939,-39.445
DIA 1,,1.23706819953686,355.62691887036965,-70.939,-39.445
DIA 1,,1.23719972900124,342.34439327775954,-70.939,-39.445
DIA 1,,1.23722208968101,338.11820379740965,-70.939,-39.445
DIA 1,,1.23766174863975,340.68808249103535,-70.939,-39.444
DIA 1,,1.23851039462012,336.68679127850874,-70.940,-39.443
DIA 1,,1.23869827756240,336.49873343403641,-70.940,-39.443
DIA 1,,1.23896753580276,339.65625157177703,-70.940,-39.443
DIA 1,,1.24017240094044,336.96640077240090,-70.940,-39.442
DIA 1,,1.24058833362730,329.79358892292356,-70.941,-39.442
DIA 1,,1.24093503234377,323.88864744476376,-70.941,-39.441
DIA 1,,1.24174558770893,319.14980799902605,-70.941,-39.441
DIA 1,,1.24192250576907,319.31540089297357,-70.941,-39.440
DIA 1,,1.24205056825381,326.36486603893519,-70.941,-39.440
DIA 1,,1.24217586789468,335.41674755772215,-70.942,-39.440
DIA 1,,1.24234674796958,327.22197739174192,-70.942,-39.440
DIA 1,,1.24236089010521,328.94863551569387,-70.942,-39.440
DIA 1,,1.24249690481029,345.09507876496480,-70.942,-39.440
DIA 1,,1.24354251468018,346.08443959494940,-70.942,-39.439
DIA 1,,1.24392579003812,342.15997373742033,-70.942,-39.439
DIA 1,,1.24409667011302,341.29277800756455,-70.942,-39.438
DIA 1,,1.24444148890601,345.30639676076794,-70.942,-39.438
DIA 1,,1.24471807523973,340.45307055233513,-70.942,-39.438
DIA 1,,1.24474043591951,340.35529656520271,-70.942,-39.438
DIA 1,,1.24505824089115,345.08645767365340,-70.942,-39.437
DIA 1,,1.24546628500641,340.82338276216478,-70.942,-39.437
DIA 1,,1.24585254916473,335.59834145763261,-70.943,-39.437
DIA 1,,1.24637139403557,323.72359421130835,-70.943,-39.436
DIA 1,,1.24638553617120,323.60295364702421,-70.943,-39.436
DIA 1,,1.25013852164945,323.60295366737978,-70.945,-39.433
DIA 1,,1.25015266378507,323.25218071100630,-70.945,-39.433
DIA 1,,1.25134740225018,334.15288543558142,-70.945,-39.432
DIA 1,,1.25142355998123,348.40070474493064,-70.945,-39.432
DIA 1,,1.25145355998124,356.60551271265541,-70.945,-39.432
DIA 1,,1.25187652570089,354.72964817745782,-70.945,-39.431
DIA 1,,1.25309914583813,359.85825009355324,-70.945,-39.430
DIA 1,,1.25342975134323,7.78149316934213,-70.945,-39.430
DIA 1,,1.25357292955386,17.64667379566056,-70.945,-39.430
DIA 1,,1.25372524501597,27.08117352170476,-70.945,-39.430
DIA 1,,1.25384186405388,34.62695986348645,-70.945,-39.429
DIA 1,,1.25408393842261,39.70112681621291,-70.945,-39.429
DIA 1,,1.25481393842262,47.12109639806836,-70.944,-39.429
DIA 1,,1.25486393842261,49.06505117743422,-70.944,-39.429
DIA 1,,1.25497707550760,47.38182084402068,-70.944,-39.429
DIA 1,,1.25514736937126,54.46798969571812,-70.944,-39.428
DIA 1,,1.25586938045152,61.30364325917216,-70.944,-39.428
DIA 1,,1.25593646249083,60.96534104934504,-70.944,-39.428
DIA 1,,1.25630005567008,59.84246976875992,-70.943,-39.428
DIA 1,,1.25675656415851,59.74388829399532,-70.943,-39.428
DIA 1,,1.25715618898257,60.86675957729448,-70.942,-39.427
DIA 1,,1.25724563170166,66.33134707071316,-70.942,-39.427
DIA 1,,1.25755579295005,73.95890641911042,-70.942,-39.427
DIA 1,,1.25760678314518,74.90199007525602,-70.942,-39.427
DIA 1,,1.25800840485774,67.27443072685875,-70.942,-39.427
DIA 1,,1.25805312621729,67.49999999970922,-70.942,-39.427
DIA 1,,1.25827448565350,69.75699422871450,-70.941,-39.427
DIA 1,,1.26083153473398,67.22518580260356,-70.939,-39.426
DIA 1,,1.26183472963031,67.82348814166282,-70.938,-39.426
DIA 1,,1.26205945168085,67.66979922070944,-70.938,-39.426
DIA 1,,1.26243106976438,68.31046532595734,-70.938,-39.425
DIA 1,,1.26481906055162,63.36840332178358,-70.935,-39.425
DIA 1,,1.26499933811540,52.56200365343474,-70.935,-39.425
DIA 1,,1.26510563957352,46.08874889535062,-70.935,-39.424
DIA 1,,1.26535322794158,40.33368561806374,-70.935,-39.424
DIA 1,,1.26588124309288,35.49700790291053,-70.935,-39.424
DIA 1,,1.26616968719492,28.82627825064219,-70.934,-39.424
DIA 1,,1.26626817577294,30.41619330918073,-70.934,-39.424
DIA 1,,1.26646817577294,44.99999999776089,-70.934,-39.423
DIA 1,,1.26651817577294,49.06505117612808,-70.934,-39.423
DIA 1,,1.26673030780729,50.65496623612282,-70.934,-39.423
DIA 1,,1.26676636332005,53.41873631144028,-70.934,-39.423
DIA 1,,1.26720681763096,52.22123355447826,-70.934,-39.423
DIA 1,,1.26793688612089,52.62755935128828,-70.933,-39.422
DIA 1,,1.26857719854464,52.50668289692878,-70.933,-39.422
DIA 1,,1.26942123645848,51.37939541473016,-70.932,-39.422
DIA 1,,1.26961973079089,37.82533396286197,-70.932,-39.421
DIA 1,,1.26964209147067,32.61242970525732,-70.932,-39.421
DIA 1,,1.26970612271305,32.61242971882769,-70.932,-39.421
DIA 1,,1.26977320475238,23.80128109895554,-70.932,-39.421
DIA 1,,1.26991248863515,10.51875551313061,-70.932,-39.421
DIA 1,,1.26993248863515,4.73116110566326,-70.932,-39.421
DIA 1,,1.26999331626045,4.73116110566325,-70.932,-39.421
DIA 1,,1.27008331626045,352.23794450138951,-70.932,-39.421
DIA 1,,1.27027013167737,342.24639124073678,-70.932,-39.421
DIA 1,,1.27038717867648,342.79806017566966,-70.932,-39.421
DIA 1,,1.27074856489647,346.95996710900994,-70.932,-39.420
DIA 1,,1.27139183777792,346.48222804877122,-70.932,-39.420
DIA 1,,1.27180668714817,342.03385176740733,-70.932,-39.419
DIA 1,,1.27189212718562,334.43236395514145,-70.932,-39.419
DIA 1,,1.27214766583240,324.80760101835261,-70.932,-39.419
DIA 1,,1.27222576832916,324.29346333100261,-70.932,-39.419
DIA 1,,1.27268369845484,332.59695362139854,-70.933,-39.419
DIA 1,,1.27275985618590,339.93694821201194,-70.933,-39.419
DIA 1,,1.27300027249150,345.27183961490027,-70.933,-39.418
DIA 1,,1.27309246793607,353.73559614781902,-70.933,-39.418
DIA 1,,1.27322246793607,352.02730204992258,-70.933,-39.418
DIA 1,,1.27336807013386,341.74927943678478,-70.933,-39.418
DIA 1,,1.27345351017131,349.72197738686214,-70.933,-39.418
DIA 1,,1.27346351017132,344.51812173545994,-70.933,-39.418
DIA 1,,1.27358012920921,325.18821760692549,-70.933,-39.418
DIA 1,,1.27370819169396,327.38757028346936,-70.933,-39.418
DIA 1,,1.27404360189058,335.59296258348769,-70.933,-39.417
DIA 1,,1.27451899646355,333.39360990005889,-70.933,-39.417
DIA 1,,1.27457730598249,333.02376332861184,-70.933,-39.417
DIA 1,,1.27493577494907,338.11151875542254,-70.933,-39.417
DIA 1,,1.27609098055847,340.69643269821842,-70.934,-39.415
DIA 1,,1.27638508938187,340.70442820185218,-70.934,-39.415
DIA 1,,1.27700541187864,337.79918379255639,-70.934,-39.415
DIA 1,,1.27718005437061,332.38156001076197,-70.934,-39.414
DIA 1,,1.27733269774584,332.59695361969904,-70.934,-39.414
DIA 1,,1.27748501320796,325.90070475265179,-70.934,-39.414
DIA 1,,1.27749915534357,326.87474725551965,-70.934,-39.414
DIA 1,,1.27769228742273,341.40204929795306,-70.934,-39.414
DIA 1,,1.27776508852162,349.43008759790939,-70.934,-39.414
DIA 1,,1.27798599574197,350.38466380953906,-70.934,-39.414
DIA 1,,1.27806845785448,350.78252558913766,-70.934,-39.414
DIA 1,,1.27819884190259,357.80064732489700,-70.934,-39.413
DIA 1,,1.27846884190259,356.43749182429650,-70.934,-39.413
DIA 1,,1.27854946448007,348.46479387153062,-70.934,-39.413
DIA 1,,1.27862226557896,346.37233581113748,-70.934,-39.413
DIA 1,,1.27892820674978,354.34503376390330,-70.935,-39.413
DIA 1,,1.27895820674977,355.93494882170069,-70.935,-39.413
DIA 1,,1.27902891742789,359.10504469564859,-70.935,-39.413
DIA 1,,1.27911947127928,3.17009587394791,-70.935,-39.413
DIA 1,,1.27917947127928,6.49730839504340,-70.935,-39.413
DIA 1,,1.27931288791992,18.71928578566993,-70.935,-39.412
DIA 1,,1.27943371837965,29.06701115361643,-70.934,-39.412
DIA 1,,1.27950582940516,28.15496623713053,-70.934,-39.412
DIA 1,,1.27963582940516,26.79181073778265,-70.934,-39.412
DIA 1,,1.27969413892411,23.24393376225243,-70.934,-39.412
DIA 1,,1.27988095434104,13.41702173757779,-70.934,-39.412
DIA 1,,1.27998293473130,15.48187826747208,-70.934,-39.412
DIA 1,,1.28042891679372,26.67194579462623,-70.934,-39.411
DIA 1,,1.28046497230648,23.86315549978540,-70.934,-39.411
DIA 1,,1.28079482075653,11.74928283932717,-70.934,-39.411
DIA 1,,1.28091647600713,4.73116110566325,-70.934,-39.411
DIA 1,,1.28111647600713,7.01812172558154,-70.934,-39.411
DIA 1,,1.28115770706339,7.01812172558154,-70.934,-39.411
DIA 1,,1.28117770706339,7.97269795276583,-70.934,-39.411
DIA 1,,1.28125050816229,13.19143562787499,-70.934,-39.411
DIA 1,,1.28163690174401,12.23685940931188,-70.934,-39.410
DIA 1,,1.28204921230657,7.01812173420273,-70.934,-39.410
DIA 1,,1.28205921230657,9.21747441349656,-70.934,-39.410
DIA 1,,1.28209083508317,13.94863551915983,-70.934,-39.410
DIA 1,,1.28215166270848,4.73116110566325,-70.934,-39.410
DIA 1,,1.28227166270848,352.62821858139552,-70.934,-39.410
DIA 1,,1.28246813153552,349.06571040600505,-70.934,-39.409
DIA 1,,1.28254875411301,348.80993247417678,-70.934,-39.409
DIA 1,,1.28266277165552,347.99935951687763,-70.934,-39.409
DIA 1,,1.28279430111989,1.28188510588633,-70.934,-39.409
DIA 1,,1.28289628151017,14.87244064698359,-70.934,-39.409
DIA 1,,1.28295952706337,13.28252558670700,-70.934,-39.409
DIA 1,,1.28303023774149,17.34757676683832,-70.934,-39.409
DIA 1,,1.28332092657856,21.41262794341150,-70.934,-39.409
DIA 1,,1.28357092657857,11.18785413757880,-70.934,-39.408
DIA 1,,1.28385252913537,3.05775178270634,-70.934,-39.408
DIA 1,,1.28389252913537,4.46978250160586,-70.934,-39.408
DIA 1,,1.28479347308480,13.68725691713797,-70.933,-39.407
DIA 1,,1.28482509586140,13.52529850657265,-70.933,-39.407
DIA 1,,1.28515886224676,12.28052204380635,-70.933,-39.407
DIA 1,,1.28530446444455,19.78738681709314,-70.933,-39.407
DIA 1,,1.28547910693651,30.24963768562088,-70.933,-39.406
DIA 1,,1.28552910693651,18.43494882129357,-70.933,-39.406
DIA 1,,1.28553910693651,18.01368669453234,-70.933,-39.406
DIA 1,,1.28567512164161,32.75163119592190,-70.933,-39.406
DIA 1,,1.28593931853788,27.12551478550765,-70.933,-39.406
DIA 1,,1.28622567495914,18.04253652269399,-70.933,-39.406
DIA 1,,1.28627666515428,50.65496623857592,-70.933,-39.406
DIA 1,,1.28628666515427,54.21747441553212,-70.933,-39.406
DIA 1,,1.28631828793087,14.87244065410804,-70.933,-39.406
DIA 1,,1.28642026832114,16.55567097754033,-70.933,-39.406
DIA 1,,1.28647411996921,15.63186584462767,-70.933,-39.406
DIA 1,,1.28653494759451,16.66124870139110,-70.933,-39.405
DIA 1,,1.28710354235355,25.57987370099282,-70.933,-39.405
DIA 1,,1.28745239762440,28.65896981959706,-70.932,-39.405
DIA 1,,1.28797210908281,27.74085624428963,-70.932,-39.404
DIA 1,,1.28820470314979,19.74979426511818,-70.932,-39.404
DIA 1,,1.28824593420605,7.01812173516061,-70.932,-39.404
DIA 1,,1.28830593420605,354.34503376142408,-70.932,-39.404
DIA 1,,1.28835692440119,354.34503376142408,-70.932,-39.404
DIA 1,,1.28849692440119,355.93494882699315,-70.932,-39.404
DIA 1,,1.28856763507930,355.93494882699315,-70.932,-39.404
DIA 1,,1.28871763507931,14.15037788206945,-70.932,-39.403
DIA 1,,1.28886528330991,34.88965119350994,-70.932,-39.403
DIA 1,,1.28978626105122,36.97486945710421,-70.931,-39.403
DIA 1,,1.29004702914743,27.83489140564643,-70.931,-39.402
DIA 1,,1.29012318687849,26.27817203131795,-70.931,-39.402
DIA 1,,1.29030676247600,19.57008028604012,-70.931,-39.402
DIA 1,,1.29060104125539,6.23309109487076,-70.931,-39.402
DIA 1,,1.29124174399457,8.36000931293175,-70.931,-39.401
DIA 1,,1.29136543716334,11.08317291106518,-70.931,-39.401
DIA 1,,1.29143614784146,13.61179717864968,-70.931,-39.401
DIA 1,,1.29171128417130,54.54674600035036,-70.931,-39.401
DIA 1,,1.29172128417130,58.00167292176664,-70.931,-39.401
DIA 1,,1.29217746396042,29.52958432759392,-70.931,-39.400
DIA 1,,1.29292912877934,34.96286022847787,-70.930,-39.400
DIA 1,,1.29307912877934,43.53216327918759,-70.930,-39.400
DIA 1,,1.29315723127610,46.09082070399546,-70.930,-39.400
DIA 1,,1.29329176751658,48.22476735215898,-70.930,-39.400
DIA 1,,1.29346381402192,59.84359081929158,-70.930,-39.399
DIA 1,,1.29360699223255,69.63973176374560,-70.930,-39.399
DIA 1,,1.29367979333144,82.02730204915451,-70.930,-39.399
DIA 1,,1.29368979333144,82.49081968450373,-70.930,-39.399
DIA 1,,1.29411429303698,79.89360523071976,-70.929,-39.399
DIA 1,,1.29433520025732,87.01567546362564,-70.929,-39.399
DIA 1,,1.29507526782180,90.72367348387723,-70.928,-39.399
DIA 1,,1.29971875788856,91.42216141017178,-70.924,-39.399
DIA 1,,1.30063881223477,91.92363914690775,-70.923,-39.399
DIA 1,,1.30134993810267,91.61226130320358,-70.922,-39.399
DIA 1,,1.30174993810267,87.14470343145175,-70.922,-39.399
DIA 1,,1.30195093561510,81.99228019723154,-70.922,-39.399
DIA 1,,1.30217454241285,76.49795464865852,-70.921,-39.399
DIA 1,,1.30248775160811,70.74967314040470,-70.921,-39.399
DIA 1,,1.30259545490426,63.29554413361530,-70.921,-39.399
DIA 1,,1.30274809827948,54.86634474896152,-70.921,-39.399
DIA 1,,1.30313228573372,53.82506211040426,-70.920,-39.399
DIA 1,,1.30324045227199,63.16341297583914,-70.920,-39.399
DIA 1,,1.30335749927110,80.00844673830710,-70.920,-39.399
DIA 1,,1.30336749927110,83.73559614566373,-70.920,-39.399
DIA 1,,1.30345969471568,80.40838362257118,-70.920,-39.399
DIA 1,,1.30406376424809,79.20707888834546,-70.920,-39.399
DIA 1,,1.30421900599506,69.25176582289900,-70.919,-39.399
DIA 1,,1.30426372735460,54.21747442163878,-70.919,-39.399
DIA 1,,1.30427786949023,50.65496624327336,-70.919,-39.399
DIA 1,,1.30434998051573,48.14840935624916,-70.919,-39.399
DIA 1,,1.30475457908222,41.07638761494457,-70.919,-39.398
DIA 1,,1.30546963152785,43.58294449246953,-70.919,-39.398
DIA 1,,1.30568176356220,42.14470343202945,-70.918,-39.398
DIA 1,,1.30582389026624,33.94993326174049,-70.918,-39.398
DIA 1,,1.30594918990710,24.58325244352741,-70.918,-39.397
DIA 1,,1.30603462994456,17.11367617930596,-70.918,-39.397
DIA 1,,1.30641541859985,6.83565356616810,-70.918,-39.397
DIA 1,,1.30644541859985,6.04737853751309,-70.918,-39.397
DIA 1,,1.30673177502112,6.04737853751309,-70.918,-39.397
DIA 1,,1.30678177502111,13.28252559261011,-70.918,-39.397
DIA 1,,1.30680413570089,19.54692944910167,-70.918,-39.397
DIA 1,,1.30689633114546,9.43449972820532,-70.918,-39.397
DIA 1,,1.30707743884822,3.17009587171377,-70.918,-39.396
DIA 1,,1.30714743884822,355.26883889488693,-70.918,-39.396
DIA 1,,1.30720826647353,345.27728563423409,-70.918,-39.396
DIA 1,,1.30732531347264,350.00844673934716,-70.918,-39.396
DIA 1,,1.30733531347263,350.78252558941142,-70.918,-39.396
DIA 1,,1.30755667290885,344.42034774597465,-70.918,-39.396
DIA 1,,1.30787447788049,345.66512420686996,-70.918,-39.396
DIA 1,,1.30823848337495,352.02730205030667,-70.918,-39.395
DIA 1,,1.30827848337495,355.93494882149707,-70.918,-39.395
DIA 1,,1.30841990473119,342.65242322888702,-70.918,-39.395
DIA 1,,1.30844226541096,341.40764677015727,-70.918,-39.395
DIA 1,,1.30860505361692,346.49540219568519,-70.918,-39.395
DIA 1,,1.30878225406839,340.20593457784850,-70.918,-39.395
DIA 1,,1.30885841179945,333.52826409583326,-70.918,-39.395
DIA 1,,1.30893903437693,326.19006752519692,-70.919,-39.395
DIA 1,,1.30916706946195,319.45746347869539,-70.919,-39.394
DIA 1,,1.30961983871886,313.69560262618484,-70.919,-39.394
DIA 1,,1.30980422960800,306.30333892674042,-70.919,-39.394
DIA 1,,1.30989856941932,305.33259573100872,-70.919,-39.394
DIA 1,,1.30996260066170,301.14459299098007,-70.919,-39.394
DIA 1,,1.31013724315367,296.55263336631754,-70.919,-39.394
DIA 1,,1.31040144004994,302.86486337087672,-70.920,-39.394
DIA 1,,1.31058745080231,316.28188510336565,-70.920,-39.394
DIA 1,,1.31062350631507,320.65496623727108,-70.920,-39.393
DIA 1,,1.31066593272194,311.57861329682027,-70.920,-39.393
DIA 1,,1.31084397766009,300.38854576817050,-70.920,-39.393
DIA 1,,1.31097397766009,284.87244064731487,-70.920,-39.393
DIA 1,,1.31105460023758,279.55057439478094,-70.920,-39.393
DIA 1,,1.31172928534932,275.98806622220900,-70.921,-39.393
DIA 1,,1.31173928534932,277.01812173407728,-70.921,-39.393
DIA 1,,1.31260513753070,282.10587715520990,-70.922,-39.393
DIA 1,,1.31300136978582,277.46957626733803,-70.922,-39.393
DIA 1,,1.31312178573160,280.00938019749941,-70.922,-39.393
DIA 1,,1.31334982081662,300.12755935129400,-70.922,-39.393
DIA 1,,1.31336396295225,305.78252558853899,-70.922,-39.393
DIA 1,,1.31352048771067,299.51812173336452,-70.923,-39.393
DIA 1,,1.31365087175878,308.73559614279003,-70.923,-39.393
DIA 1,,1.31372158243690,318.17009587191239,-70.923,-39.393
DIA 1,,1.31378561367927,331.99308355559992,-70.923,-39.393
DIA 1,,1.31395324422542,346.59182658259050,-70.923,-39.392
DIA 1,,1.31401407185072,355.26883890093859,-70.923,-39.392
DIA 1,,1.31405407185071,6.26440385218098,-70.923,-39.392
DIA 1,,1.31414626729529,15.48187826313310,-70.923,-39.392
DIA 1,,1.31427275840169,22.50000000356222,-70.923,-39.392
DIA 1,,1.31431747976125,13.28252559261011,-70.923,-39.392
DIA 1,,1.31432747976125,10.04761559620872,-70.923,-39.392
DIA 1,,1.31476405736031,15.70258183126157,-70.923,-39.392
DIA 1,,1.31486603775058,14.20633071935897,-70.923,-39.392
DIA 1,,1.31500205245566,14.20633072288205,-70.923,-39.391
DIA 1,,1.31505304265080,5.65496623857591,-70.923,-39.391
DIA 1,,1.31529304265080,355.26883889488693,-70.923,-39.391
DIA 1,,1.31535387027611,346.05136448647920,-70.923,-39.391
DIA 1,,1.31541711582931,344.51812173510075,-70.923,-39.391
DIA 1,,1.31550931127388,343.45757353413495,-70.923,-39.391
DIA 1,,1.31585107142369,349.72197739062653,-70.923,-39.391
DIA 1,,1.31590107142369,354.34503376142408,-70.923,-39.391
DIA 1,,1.31595206161883,354.34503376142408,-70.923,-39.390
DIA 1,,1.31612206161883,13.28252559261011,-70.923,-39.390
DIA 1,,1.31614442229861,13.28252559261011,-70.923,-39.390
DIA 1,,1.31618442229861,9.99155326065283,-70.923,-39.390
DIA 1,,1.31630146929771,22.10542591967223,-70.923,-39.390
DIA 1,,1.31652078641971,17.76883889759533,-70.923,-39.390
DIA 1,,1.31657177661484,5.65496623857591,-70.923,-39.390
DIA 1,,1.31665177661484,346.71747440738994,-70.923,-39.390
DIA 1,,1.31667413729462,324.21747441078247,-70.923,-39.390
DIA 1,,1.31671656370149,310.93494882305771,-70.923,-39.390
DIA 1,,1.31676656370150,297.42415802408465,-70.923,-39.390
DIA 1,,1.31835407748096,291.66229717520872,-70.924,-39.389
DIA 1,,1.31856431544138,302.31779140304707,-70.924,-39.389
DIA 1,,1.31870644214541,321.36217784371894,-70.924,-39.389
DIA 1,,1.31879588486451,339.69935267570173,-70.924,-39.389
DIA 1,,1.31887834697703,352.98187826424066,-70.924,-39.389
DIA 1,,1.31891834697702,7.01812173635801,-70.924,-39.389
DIA 1,,1.31900080908954,21.32335156752547,-70.924,-39.389
DIA 1,,1.31912610873039,36.80522983262144,-70.924,-39.389
DIA 1,,1.31922510367976,49.06505117690352,-70.924,-39.389
DIA 1,,1.31927510367976,39.84757676805965,-70.924,-39.389
DIA 1,,1.31929746435954,43.15430701089821,-70.924,-39.389
DIA 1,,1.31985316211911,52.37178141683414,-70.924,-39.388
DIA 1,,1.31995215706848,48.17009587001156,-70.924,-39.388
DIA 1,,1.32001618831085,46.66370211993616,-70.924,-39.388
DIA 1,,1.32015072455132,37.36121938437747,-70.924,-39.388
DIA 1,,1.32031715772110,38.86761314608460,-70.924,-39.388
DIA 1,,1.32033129985672,36.20378772921900,-70.923,-39.388
DIA 1,,1.32063543798323,22.46657190641541,-70.923,-39.388
DIA 1,,1.32083468657169,8.76278418737417,-70.923,-39.387
DIA 1,,1.32091468657169,350.78252558650343,-70.923,-39.387
DIA 1,,1.32094630934829,350.78252558650343,-70.923,-39.387
DIA 1,,1.32099630934829,349.09929525261259,-70.923,-39.387
DIA 1,,1.32105016099636,334.50055223031836,-70.923,-39.387
DIA 1,,1.32143964783824,345.40125697770571,-70.924,-39.387
DIA 1,,1.32144964783825,346.71747441010393,-70.924,-39.387
DIA 1,,1.32158381191689,329.87244064398249,-70.924,-39.387
DIA 1,,1.32161986742965,333.60822023352807,-70.924,-39.387
DIA 1,,1.32189500375950,337.67327141461465,-70.924,-39.386
DIA 1,,1.32214995473517,335.68481128998172,-70.924,-39.386
DIA 1,,1.32273689595881,343.73363276935356,-70.924,-39.386
DIA 1,,1.32279772358411,341.98631331190444,-70.924,-39.386
DIA 1,,1.32284244494366,339.69935268120963,-70.924,-39.386
DIA 1,,1.32292490705617,339.69935267103182,-70.924,-39.386
DIA 1,,1.32294726773595,339.69935267103182,-70.924,-39.385
DIA 1,,1.32298849879220,337.49999999999994,-70.924,-39.385
DIA 1,,1.32310511783010,322.01812173635807,-70.924,-39.385
DIA 1,,1.32316168637259,319.73116110373775,-70.924,-39.385
DIA 1,,1.32324770962526,331.33045635775414,-70.924,-39.385
DIA 1,,1.32330156127334,332.25426149415813,-70.924,-39.385
DIA 1,,1.32333761678608,331.46235571110896,-70.924,-39.385
DIA 1,,1.32374072967351,334.15701158889777,-70.924,-39.385
DIA 1,,1.32388837790410,333.86837763106115,-70.925,-39.385
DIA 1,,1.32398686648212,338.80128109861624,-70.925,-39.385
DIA 1,,1.32405011203533,344.68229122207936,-70.925,-39.385
DIA 1,,1.32442866189994,353.89976563659371,-70.925,-39.384
DIA 1,,1.32489866189994,350.78252558650343,-70.925,-39.384
DIA 1,,1.32493028467655,350.78252558650343,-70.925,-39.384
DIA 1,,1.32495028467655,337.49999998982219,-70.925,-39.384
DIA 1,,1.32496442681217,328.28252558853899,-70.925,-39.384
DIA 1,,1.32499604958877,337.50000000610663,-70.925,-39.384
DIA 1,,1.32504077094832,327.17054496451459,-70.925,-39.384
DIA 1,,1.32524692622960,318.68747091402338,-70.925,-39.383
DIA 1,,1.32552278851409,319.42128353804594,-70.925,-39.383
DIA 1,,1.32612884131706,325.18419157619064,-70.925,-39.383
DIA 1,,1.32631752093970,334.53498618642300,-70.925,-39.383
DIA 1,,1.32668752093971,343.19948122311894,-70.926,-39.382
DIA 1,,1.32712168680663,342.87524051608807,-70.926,-39.382
DIA 1,,1.32759928496408,339.13026417337932,-70.926,-39.381
DIA 1,,1.32818238015357,340.45307055748538,-70.926,-39.381
DIA 1,,1.32842279645916,340.63553872598072,-70.926,-39.381
DIA 1,,1.32853049975531,335.47163107018741,-70.926,-39.380
DIA 1,,1.32890171397917,323.87233581266139,-70.926,-39.380
DIA 1,,1.32891585611480,323.27853568784565,-70.926,-39.380
DIA 1,,1.32918880299608,330.00085969986714,-70.927,-39.380
DIA 1,,1.33134808528425,335.00484959852491,-70.928,-39.378
DIA 1,,1.33137970806085,336.87047739394689,-70.928,-39.378
DIA 1,,1.33178677070959,336.09639854738492,-70.928,-39.378
DIA 1,,1.33190381770870,342.89365082934967,-70.928,-39.378
DIA 1,,1.33405997169207,343.50587891555205,-70.928,-39.375
DIA 1,,1.33461970377084,334.61798322118716,-70.929,-39.375
DIA 1,,1.33480838339348,326.14396269555459,-70.929,-39.375
DIA 1,,1.33520246460337,319.64665429881489,-70.929,-39.374
DIA 1,,1.33528731741712,325.90070474323437,-70.929,-39.374
DIA 1,,1.33536347514818,332.39801314111764,-70.929,-39.374
DIA 1,,1.33545781495950,331.02616065113091,-70.929,-39.374
DIA 1,,1.33586927577173,331.54697398785953,-70.929,-39.374
DIA 1,,1.33610251384753,325.58062990861913,-70.929,-39.374
DIA 1,,1.33621653139003,314.49745700025403,-70.929,-39.374
DIA 1,,1.33626653139003,304.09929525850868,-70.929,-39.374
DIA 1,,1.33653578963039,304.09929525688023,-70.930,-39.373
DIA 1,,1.33663578963039,304.67054496774756,-70.930,-39.373
DIA 1,,1.33676617367850,308.73559614482559,-70.930,-39.373
DIA 1,,1.33682274222099,324.21747441553214,-70.930,-39.373
DIA 1,,1.33686746358054,324.21747441044323,-70.930,-39.373
DIA 1,,1.33689574785179,328.28252558141457,-70.930,-39.373
DIA 1,,1.33692737062839,350.78252558650343,-70.930,-39.373
DIA 1,,1.33703737062839,10.51875551313061,-70.930,-39.373
DIA 1,,1.33717665451116,27.36378927925213,-70.930,-39.373
DIA 1,,1.33721271002392,30.12755935466050,-70.930,-39.373
DIA 1,,1.33730215274302,32.30604685435658,-70.930,-39.373
DIA 1,,1.33759421438035,64.02352126581761,-70.930,-39.373
DIA 1,,1.33760421438035,62.25426149280832,-70.930,-39.373
DIA 1,,1.33779837925874,32.12670214065311,-70.930,-39.372
DIA 1,,1.33787900183622,24.08991506201988,-70.930,-39.372
DIA 1,,1.33797387016603,12.77998258486802,-70.930,-39.372
DIA 1,,1.33805449274351,357.29810431851200,-70.930,-39.372
DIA 1,,1.33814668818808,353.73559614781902,-70.930,-39.372
DIA 1,,1.33816668818808,348.69006752585938,-70.930,-39.372
DIA 1,,1.33829668818808,343.53764428984789,-70.930,-39.372
DIA 1,,1.33840849158696,354.84757676398851,-70.930,-39.372
DIA 1,,1.33847849158696,357.09663654769724,-70.930,-39.372
DIA 1,,1.33907153458709,352.36547544221736,-70.930,-39.371
DIA 1,,1.33925401746300,346.05136448611239,-70.930,-39.371
DIA 1,,1.33931726301620,335.30064732196342,-70.930,-39.371
DIA 1,,1.33937557253515,325.18821760233311,-70.930,-39.371
DIA 1,,1.33943960377752,318.17009587196202,-70.930,-39.371
DIA 1,,1.33951031445564,307.37244064909743,-70.930,-39.371
DIA 1,,1.33959093703312,302.64127954673512,-70.930,-39.371
DIA 1,,1.33967696028579,298.95890642307540,-70.930,-39.371
DIA 1,,1.33986080804891,288.20818925940102,-70.930,-39.371
DIA 1,,1.33994327016142,277.01812173396326,-70.930,-39.371
DIA 1,,1.33997327016141,273.79732168402904,-70.930,-39.371
DIA 1,,1.34012459762092,271.03355160862071,-70.930,-39.371
DIA 1,,1.34043604585097,261.62877258221243,-70.931,-39.371
DIA 1,,1.34280120969307,263.19957064292032,-70.933,-39.371
DIA 1,,1.34304141793606,273.81101788533709,-70.933,-39.371
DIA 1,,1.34321404470108,284.22146431048083,-70.933,-39.371
DIA 1,,1.34327729025428,296.06250817499892,-70.933,-39.371
DIA 1,,1.34331334576703,309.34503376455569,-70.934,-39.371
DIA 1,,1.34339819858078,320.65496623909780,-70.934,-39.371
DIA 1,,1.34350636511904,337.50000000013046,-70.934,-39.371
DIA 1,,1.34360834550931,354.34503376103260,-70.934,-39.371
DIA 1,,1.34361834550931,354.34503376494723,-70.934,-39.371
DIA 1,,1.34372032589958,354.34503376494723,-70.934,-39.371
DIA 1,,1.34384032589958,2.96576346233761,-70.934,-39.371
DIA 1,,1.34461447058890,4.15873547792009,-70.934,-39.370
DIA 1,,1.34485467883189,358.99361933736628,-70.934,-39.369
DIA 1,,1.34498506287999,357.80064732178380,-70.934,-39.369
DIA 1,,1.34530506288000,358.09296258222435,-70.934,-39.369
DIA 1,,1.34560572880756,358.09296258222435,-70.934,-39.369
DIA 1,,1.34572572880756,358.26588537060661,-70.934,-39.369
DIA 1,,1.34704815082795,358.26588537060661,-70.934,-39.367
DIA 1,,1.34714815082795,356.60551271265541,-70.934,-39.367
DIA 1,,1.34757111654760,350.34110886047449,-70.934,-39.367
DIA 1,,1.34766331199217,345.05858382947105,-70.934,-39.367
DIA 1,,1.34783094253832,334.47795391239885,-70.934,-39.367
DIA 1,,1.34786699805107,330.10725415220998,-70.934,-39.367
DIA 1,,1.34895823588033,340.55015488857981,-70.934,-39.366
DIA 1,,1.34918384616378,350.51277941969005,-70.934,-39.365
DIA 1,,1.34955600204510,352.18375134869808,-70.934,-39.365
DIA 1,,1.34979931254631,348.86670586344133,-70.934,-39.365
DIA 1,,1.35002492282977,342.69716222371954,-70.935,-39.364
DIA 1,,1.35056343931048,344.72621412677262,-70.935,-39.364
DIA 1,,1.35069496877486,342.34439328183061,-70.935,-39.364
DIA 1,,1.35071732945464,337.50000000305334,-70.935,-39.364
DIA 1,,1.35078057500784,345.12755935275550,-70.935,-39.364
DIA 1,,1.35093354559324,354.34503376116305,-70.935,-39.364
DIA 1,,1.35097354559324,5.65496623857592,-70.935,-39.364
DIA 1,,1.35107552598352,18.93749182304380,-70.935,-39.363
DIA 1,,1.35112024734306,21.25522353454526,-70.935,-39.363
DIA 1,,1.35126584954085,20.48114469053888,-70.935,-39.363
DIA 1,,1.35143137899443,27.92736271278509,-70.935,-39.363
DIA 1,,1.35221169944142,28.01947779436911,-70.934,-39.362
DIA 1,,1.35239958238370,21.27757414051429,-70.934,-39.362
DIA 1,,1.35290247402213,23.14022523584714,-70.934,-39.362
DIA 1,,1.35333663988905,32.76043256215002,-70.934,-39.361
DIA 1,,1.35541666392737,38.94972569040219,-70.933,-39.360
DIA 1,,1.35903750637078,39.87936065395120,-70.930,-39.357
DIA 1,,1.35947167223771,36.99569350435781,-70.930,-39.357
DIA 1,,1.36041792801708,36.84745218981805,-70.929,-39.356
DIA 1,,1.36077401789338,39.67157587645553,-70.929,-39.356
DIA 1,,1.36109292226775,43.86704143240140,-70.929,-39.355
DIA 1,,1.36161637236089,50.14715998023952,-70.929,-39.355
DIA 1,,1.36180238311326,55.50546799460598,-70.928,-39.355
DIA 1,,1.36213524945281,59.48491946464650,-70.928,-39.355
DIA 1,,1.36880177028455,57.83884590635108,-70.922,-39.352
DIA 1,,1.36893778498963,58.70378772540096,-70.922,-39.352
DIA 1,,1.36896014566941,57.53373172721590,-70.922,-39.352
DIA 1,,1.36926625022672,48.31625730659492,-70.922,-39.351
DIA 1,,1.36940767158294,41.82990412735122,-70.922,-39.351
DIA 1,,1.36959976531007,37.09874302366849,-70.922,-39.351
DIA 1,,1.36994385832075,34.19136804679660,-70.921,-39.351
DIA 1,,1.37088417741553,61.42252915149708,-70.921,-39.350
DIA 1,,1.37089417741553,60.30930270415334,-70.921,-39.350
DIA 1,,1.37146356304935,33.74425153196066,-70.921,-39.350
DIA 1,,1.37151356304935,33.91682709317888,-70.921,-39.349
DIA 1,,1.37203834871988,33.91682709317890,-70.920,-39.349
DIA 1,,1.37208834871989,30.82251911063459,-70.920,-39.349
DIA 1,,1.37223152693052,27.12551478488754,-70.920,-39.349
DIA 1,,1.37275992072307,27.12551478650935,-70.920,-39.348
DIA 1,,1.37447805925066,23.57763781024817,-70.919,-39.347
DIA 1,,1.37502960253998,20.91008494038828,-70.919,-39.346
DIA 1,,1.37520988010376,17.11839853652172,-70.919,-39.346
DIA 1,,1.37575805890670,13.71945728601631,-70.919,-39.346
DIA 1,,1.37685464451668,16.04109357867288,-70.919,-39.345
DIA 1,,1.37703492208045,9.72001741458914,-70.919,-39.344
DIA 1,,1.37704492208045,10.51875551313061,-70.919,-39.344
DIA 1,,1.37718420596322,23.11931733517618,-70.919,-39.344
DIA 1,,1.37737208890550,27.00595869271162,-70.918,-39.344
DIA 1,,1.37760034314971,31.85664467882094,-70.918,-39.344
DIA 1,,1.37864896128802,30.73377339618500,-70.918,-39.343
DIA 1,,1.37900673216442,23.04046209291417,-70.918,-39.343
DIA 1,,1.37984488489514,32.25793651506185,-70.917,-39.342
DIA 1,,1.37985902703076,31.71747442184234,-70.917,-39.342
DIA 1,,1.38017525479678,16.84503376209739,-70.917,-39.342
DIA 1,,1.38040328988180,16.66928204240149,-70.917,-39.341
DIA 1,,1.38091875084055,14.88640727880627,-70.917,-39.341
DIA 1,,1.38121489269845,3.12451857243266,-70.917,-39.341
DIA 1,,1.38142584292955,347.73308798524465,-70.917,-39.340
DIA 1,,1.38170097925939,334.21765785266882,-70.917,-39.340
DIA 1,,1.38183136330750,330.48187827058678,-70.917,-39.340
DIA 1,,1.38187608466705,326.59929526194810,-70.917,-39.340
DIA 1,,1.38204637853071,311.72685460893609,-70.917,-39.340
DIA 1,,1.38208243404346,309.34503376455569,-70.917,-39.340
DIA 1,,1.38215314472159,310.51368669299188,-70.917,-39.340
DIA 1,,1.38228915942667,303.49556495862959,-70.917,-39.340
DIA 1,,1.38246408798351,298.55529888336304,-70.918,-39.340
DIA 1,,1.38307678693080,293.35144322863249,-70.918,-39.339
DIA 1,,1.38316222696825,293.17042595810159,-70.918,-39.339
DIA 1,,1.38546111800525,299.73743710966249,-70.920,-39.338
DIA 1,,1.38556928454352,296.06250817800009,-70.920,-39.338
DIA 1,,1.38560090732011,296.39716456433837,-70.920,-39.338
DIA 1,,1.38678804673905,307.48033747162782,-70.921,-39.338
DIA 1,,1.38706463307277,312.80064732189629,-70.922,-39.337
DIA 1,,1.38722019656463,305.78252558761375,-70.922,-39.337
DIA 1,,1.38724255724442,309.40912289537846,-70.922,-39.337
DIA 1,,1.38763460316009,318.62659730005430,-70.922,-39.337
DIA 1,,1.38767702956696,318.42138670008677,-70.922,-39.337
DIA 1,,1.38821116438140,340.92138670687194,-70.922,-39.337
DIA 1,,1.38822116438140,345.63010235431881,-70.922,-39.337
DIA 1,,1.38857471777199,339.58272381541559,-70.922,-39.336
DIA 1,,1.38886107419326,354.68702181853041,-70.923,-39.336
DIA 1,,1.38925120237732,3.70783188449905,-70.922,-39.336
DIA 1,,1.38973379951780,9.47073992210880,-70.922,-39.335
DIA 1,,1.38986721615844,10.73288071118119,-70.922,-39.335
DIA 1,,1.39034240033326,11.82202998923815,-70.922,-39.334
DIA 1,,1.39095371040189,19.48942943163644,-70.922,-39.334
DIA 1,,1.39132532848541,21.12044617305042,-70.922,-39.334
DIA 1,,1.39138857403861,21.60504469863241,-70.922,-39.333
DIA 1,,1.39167493045987,12.38757028411806,-70.922,-39.333
DIA 1,,1.39169493045987,13.28252559057455,-70.922,-39.333
DIA 1,,1.39173965181943,22.92754870000268,-70.922,-39.333
DIA 1,,1.39237534042244,13.98161013340803,-70.922,-39.333
DIA 1,,1.39297216535489,5.92650208441307,-70.922,-39.332
DIA 1,,1.39315244291866,4.60875632131213,-70.922,-39.332
DIA 1,,1.39419824404699,4.96908813177683,-70.921,-39.331
DIA 1,,1.39463926558841,359.95479032200069,-70.921,-39.330
DIA 1,,1.39507031082966,350.53883486147100,-70.921,-39.330
DIA 1,,1.39553603607055,343.68407751654468,-70.922,-39.329
DIA 1,,1.39602939192589,337.86726051356641,-70.922,-39.329
DIA 1,,1.39605175260566,338.29387468912631,-70.922,-39.329
DIA 1,,1.39901910833088,340.67569553762462,-70.923,-39.326
DIA 1,,1.39918066327510,335.81676966785807,-70.923,-39.326
DIA 1,,1.39935954871330,327.77998258626417,-70.923,-39.326
DIA 1,,1.39958758379832,319.86378927596394,-70.923,-39.326
DIA 1,,1.39989903202836,314.61805076993465,-70.923,-39.325
DIA 1,,1.40074194364888,313.31676966826507,-70.924,-39.325
DIA 1,,1.40099650209011,317.76377007540839,-70.924,-39.325
DIA 1,,1.40121672924556,324.82772839378492,-70.924,-39.324
DIA 1,,1.40228859677469,322.06395832176918,-70.925,-39.324
DIA 1,,1.40233102318156,324.99155326515972,-70.925,-39.323
DIA 1,,1.40249655263513,338.27407884759214,-70.925,-39.323
DIA 1,,1.40259142096494,347.61242971336645,-70.925,-39.323
DIA 1,,1.40286308251908,356.82990412754151,-70.925,-39.323
DIA 1,,1.40303308251909,3.00450297975110,-70.925,-39.323
DIA 1,,1.40322413225083,9.93934619874043,-70.925,-39.323
DIA 1,,1.40405845832617,12.08726645320949,-70.925,-39.322
DIA 1,,1.40428206512392,12.91447873283059,-70.924,-39.322
DIA 1,,1.40446888054085,13.70638451810047,-70.924,-39.321
DIA 1,,1.40466304541924,16.22235163039713,-70.924,-39.321
DIA 1,,1.40483392549414,18.47279277798932,-70.924,-39.321
DIA 1,,1.40501112594561,19.61159725584940,-70.924,-39.321
DIA 1,,1.40521728122689,25.06661319403217,-70.924,-39.321
DIA 1,,1.40556613649774,13.64978610526498,-70.924,-39.320
DIA 1,,1.40558613649774,14.67887677187885,-70.924,-39.320
DIA 1,,1.40576971209524,27.31042602420406,-70.924,-39.320
DIA 1,,1.40675383607118,27.75976783345703,-70.924,-39.319
DIA 1,,1.40689276051107,24.34569299462837,-70.923,-39.319
DIA 1,,1.40692438328767,25.58508754940339,-70.923,-39.319
DIA 1,,1.40709081645745,30.51799102040399,-70.923,-39.319
DIA 1,,1.40723846468805,30.79715951985715,-70.923,-39.319
DIA 1,,1.40804002566514,16.64678163535997,-70.923,-39.318
DIA 1,,1.40805002566515,14.67887677187885,-70.923,-39.318
DIA 1,,1.40823360126265,37.17887677187886,-70.923,-39.318
DIA 1,,1.40824774339828,31.71747441058862,-70.923,-39.318
DIA 1,,1.40846910283449,14.52730204805169,-70.923,-39.318
DIA 1,,1.40863189104044,5.30982763746306,-70.923,-39.318
DIA 1,,1.40886189104044,351.53624346870123,-70.923,-39.317
DIA 1,,1.40910230734605,338.86315549749770,-70.923,-39.317
DIA 1,,1.40931254530646,324.82691202370751,-70.923,-39.317
DIA 1,,1.40934082957771,321.49730839235599,-70.923,-39.317
DIA 1,,1.40952950920035,324.09452285197966,-70.923,-39.317
DIA 1,,1.40960761169711,324.61533618700128,-70.923,-39.317
DIA 1,,1.40972423073501,326.83689078896015,-70.923,-39.317
DIA 1,,1.41010436229118,327.60504085506125,-70.923,-39.316
DIA 1,,1.41055213455473,333.68697654200668,-70.923,-39.316
DIA 1,,1.41085676547896,339.18323033129957,-70.924,-39.316
DIA 1,,1.41104650213857,338.56054819723391,-70.924,-39.316
DIA 1,,1.41116733259831,338.05800519566117,-70.924,-39.315
DIA 1,,1.41152788772585,343.26186085142638,-70.924,-39.315
DIA 1,,1.41185773617591,348.91682708968915,-70.924,-39.315
DIA 1,,1.41199915753214,355.93494882455047,-70.924,-39.315
DIA 1,,1.41213915753214,4.37308112939501,-70.924,-39.314
DIA 1,,1.41227068699652,10.87038952741169,-70.924,-39.314
DIA 1,,1.41240410363717,16.21732581085212,-70.924,-39.314
DIA 1,,1.41258438120093,23.75626088202975,-70.924,-39.314
DIA 1,,1.41275438120094,30.17406562624127,-70.924,-39.314
DIA 1,,1.41297910325148,29.42034774558597,-70.924,-39.314
DIA 1,,1.41306854597058,30.53678708307511,-70.924,-39.314
DIA 1,,1.41326271084897,31.55949132570355,-70.923,-39.313
DIA 1,,1.41338801048983,31.80123993065171,-70.923,-39.313
DIA 1,,1.41363214160214,39.99601009948425,-70.923,-39.313
DIA 1,,1.41364628373777,39.34503376220698,-70.923,-39.313
DIA 1,,1.41379050578879,31.52391053354223,-70.923,-39.313
DIA 1,,1.41397408138630,31.78672783764302,-70.923,-39.313
DIA 1,,1.41427640571545,35.95497130020537,-70.923,-39.313
DIA 1,,1.41455443449095,44.51721610655465,-70.923,-39.312
DIA 1,,1.41487459070281,57.38757028411808,-70.923,-39.312
DIA 1,,1.41507583682079,65.02486388335520,-70.922,-39.312
DIA 1,,1.41547894970821,69.08991506014237,-70.922,-39.312
DIA 1,,1.41570030914441,69.18323032966934,-70.922,-39.312
DIA 1,,1.41577646687547,70.93499615285911,-70.922,-39.312
DIA 1,,1.41593170862243,72.10706239096356,-70.922,-39.312
DIA 1,,1.41615643067297,57.07277098970336,-70.921,-39.312
DIA 1,,1.41617057280860,56.19006753603712,-70.921,-39.312
DIA 1,,1.41643057280860,61.84503376228224,-70.921,-39.312
DIA 1,,1.41671901691063,53.25218069195882,-70.921,-39.311
DIA 1,,1.41687522190416,46.35243799457474,-70.921,-39.311
DIA 1,,1.41720079831608,45.66226095546346,-70.920,-39.311
DIA 1,,1.41730709977420,40.40972902023767,-70.920,-39.311
DIA 1,,1.41740143958553,34.43764042836350,-70.920,-39.311
DIA 1,,1.41750143958553,40.01114369057982,-70.920,-39.311
DIA 1,,1.41772075670752,39.70311373575188,-70.920,-39.311
DIA 1,,1.41790676745990,38.02970441496526,-70.920,-39.311
DIA 1,,1.41814107495017,33.18531113785284,-70.920,-39.310
DIA 1,,1.41818579630972,30.12755935664387,-70.920,-39.310
DIA 1,,1.41829396284799,28.44432901910310,-70.920,-39.310
DIA 1,,1.41837012057904,30.03424407636287,-70.920,-39.310
DIA 1,,1.41842012057904,24.69935267778514,-70.920,-39.310
DIA 1,,1.41851231602361,9.61932225898059,-70.920,-39.310
DIA 1,,1.41868348845130,358.62375729920979,-70.920,-39.310
DIA 1,,1.41886597132721,345.36940071948709,-70.920,-39.310
DIA 1,,1.41913167793232,334.09787021780977,-70.920,-39.309
DIA 1,,1.41922601774364,330.71478280650439,-70.920,-39.309
DIA 1,,1.41933782114252,331.00269160495662,-70.920,-39.309
DIA 1,,1.41954877137362,325.16830460484135,-70.920,-39.309
DIA 1,,1.41996889040436,325.65031495098782,-70.920,-39.309
DIA 1,,1.42016612123360,331.48470195042466,-70.920,-39.309
DIA 1,,1.42030028531225,338.46529372021297,-70.920,-39.308
DIA 1,,1.42058188786906,352.16297705269204,-70.921,-39.308
DIA 1,,1.42127196032902,3.30635390432731,-70.921,-39.308
DIA 1,,1.42206600063027,4.32239877457851,-70.920,-39.307
DIA 1,,1.42226625047421,11.70922522218908,-70.920,-39.307
DIA 1,,1.42235169051166,23.56054819687609,-70.920,-39.306
DIA 1,,1.42262001866895,30.12755935118962,-70.920,-39.306
DIA 1,,1.42280029623273,38.47718146949679,-70.920,-39.306
DIA 1,,1.42303374858334,45.81537803751988,-70.920,-39.306
DIA 1,,1.42315416452913,51.57443384719868,-70.920,-39.306
DIA 1,,1.42336225104959,57.14452431485458,-70.920,-39.306
DIA 1,,1.42440671263338,55.81582897437244,-70.919,-39.305
DIA 1,,1.42452073017588,57.77998258445050,-70.919,-39.305
DIA 1,,1.42458781221520,56.33567180854020,-70.919,-39.305
DIA 1,,1.42497069600959,45.57116837037914,-70.918,-39.305
DIA 1,,1.42549471890985,40.59767440148341,-70.918,-39.304
DIA 1,,1.42577897231792,37.70437385565193,-70.918,-39.304
DIA 1,,1.42669505091717,31.34219601271183,-70.917,-39.303
DIA 1,,1.42685157567559,22.50000000029079,-70.917,-39.303
DIA 1,,1.42707293511180,22.49999999680127,-70.917,-39.303
DIA 1,,1.42711765647135,21.63214770140245,-70.917,-39.303
DIA 1,,1.42743086566662,15.21775627012526,-70.917,-39.303
DIA 1,,1.42789411505950,11.08161866376709,-70.917,-39.302
DIA 1,,1.42816706194078,5.89671484285283,-70.917,-39.302
DIA 1,,1.42833735580443,5.74828150867590,-70.917,-39.302
DIA 1,,1.42854948783879,4.06505117639948,-70.917,-39.302
DIA 1,,1.42889948783879,357.90754193777803,-70.917,-39.301
DIA 1,,1.42931058393461,354.34503376340547,-70.917,-39.301
DIA 1,,1.42963307424454,349.80805573452108,-70.917,-39.301
DIA 1,,1.43142072633598,353.37056390889376,-70.917,-39.299
DIA 1,,1.43143072633597,350.78252558786045,-70.917,-39.299
DIA 1,,1.43162046299559,333.93749182565347,-70.917,-39.299
DIA 1,,1.43176468504660,329.87244064976289,-70.918,-39.299
DIA 1,,1.43212245592300,330.12821858126097,-70.918,-39.298
DIA 1,,1.43243310041435,325.28382530096093,-70.918,-39.298
DIA 1,,1.43299113267147,322.13685120707822,-70.918,-39.298
DIA 1,,1.43321135982693,323.41873631241850,-70.918,-39.297
DIA 1,,1.43339163739071,324.53754924564475,-70.918,-39.297
DIA 1,,1.43370564376007,325.37989140482159,-70.919,-39.297
DIA 1,,1.43379998357139,330.71478280764796,-70.919,-39.297
DIA 1,,1.43388942629049,335.59296258278272,-70.919,-39.297
DIA 1,,1.43412712357697,346.67613549633847,-70.919,-39.297
DIA 1,,1.43425750762508,348.58317290948457,-70.919,-39.296
DIA 1,,1.43428913040168,351.66826045434442,-70.919,-39.296
DIA 1,,1.43525959420832,0.88573486987656,-70.919,-39.295
DIA 1,,1.43628959420832,358.93945180208749,-70.919,-39.294
DIA 1,,1.43682996445176,356.45458143782867,-70.919,-39.294
DIA 1,,1.43752256823460,353.30164512516478,-70.919,-39.293
DIA 1,,1.43806846199716,346.03998453383957,-70.919,-39.293
DIA 1,,1.43926716963457,334.77159077478706,-70.919,-39.292
DIA 1,,1.43932547915353,332.23453607002926,-70.919,-39.291
DIA 1,,1.44009515440972,333.94000855184368,-70.920,-39.291
DIA 1,,1.44035457684514,335.94557160230079,-70.920,-39.291
DIA 1,,1.44061089695750,349.72197739011534,-70.920,-39.290
DIA 1,,1.44063089695750,350.78252558879348,-70.920,-39.290
DIA 1,,1.44088387917031,345.63010235457324,-70.920,-39.290
DIA 1,,1.44110748596806,351.67748089183192,-70.920,-39.290
DIA 1,,1.44128859367082,0.89495530435142,-70.920,-39.290
DIA 1,,1.44135930434894,4.06505117829931,-70.920,-39.290
DIA 1,,1.44147930434895,3.00450297975110,-70.920,-39.289
DIA 1,,1.44167035408069,12.55124897985945,-70.920,-39.289
DIA 1,,1.44194549041054,23.55133435383515,-70.920,-39.289
DIA 1,,1.44247784367670,25.98583284059617,-70.920,-39.289
DIA 1,,1.44257633225472,29.75008338313166,-70.920,-39.288
DIA 1,,1.44266235550739,31.05136448561548,-70.920,-39.288
DIA 1,,1.44277415890627,28.47208859483923,-70.920,-39.288
DIA 1,,1.44311031363254,27.44938434940507,-70.919,-39.288
DIA 1,,1.44373681183685,21.95207918374705,-70.919,-39.287
DIA 1,,1.44430926270811,17.51338106852799,-70.919,-39.287
DIA 1,,1.44586695330640,14.41642858444069,-70.919,-39.285
DIA 1,,1.44652429644358,14.94492747497848,-70.918,-39.285
DIA 1,,1.44662869950867,11.91213028993072,-70.918,-39.285
DIA 1,,1.44670932208615,11.14676306335420,-70.918,-39.285
DIA 1,,1.45309168058439,13.84865874699752,-70.917,-39.278
DIA 1,,1.45327607147353,14.16566083158582,-70.917,-39.278
DIA 1,,1.45382688904769,13.91655502544000,-70.916,-39.278
DIA 1,,1.45445058769287,7.60521310862361,-70.916,-39.277
DIA 1,,1.45463086525665,339.08991505025534,-70.916,-39.277
DIA 1,,1.45464500739227,335.59296257213663,-70.916,-39.277
DIA 1,,1.45479534035606,354.02791140577921,-70.916,-39.277
DIA 1,,1.45500747239041,350.21027982894532,-70.916,-39.277
DIA 1,,1.45581351209167,340.99280542915488,-70.917,-39.276
DIA 1,,1.45583587277144,341.17061291773712,-70.917,-39.276
DIA 1,,1.45687529568826,345.23566407853070,-70.917,-39.275
DIA 1,,1.45690691846485,344.95287925777524,-70.917,-39.275
DIA 1,,1.45755019134630,350.60784549760388,-70.917,-39.274
DIA 1,,1.45763081392378,350.17308796996019,-70.917,-39.274
DIA 1,,1.45781520481292,350.01989216068284,-70.917,-39.274
DIA 1,,1.45827910135312,354.37725859724338,-70.917,-39.273
DIA 1,,1.45857976728068,357.71603841557265,-70.917,-39.273
DIA 1,,1.45933983306731,357.05898031264428,-70.917,-39.272
DIA 1,,1.46012296779391,352.12607684071907,-70.917,-39.271
DIA 1,,1.46044854420583,346.34055024494927,-70.917,-39.271
DIA 1,,1.46097055953127,342.36501760445077,-70.917,-39.271
DIA 1,,1.46363952936999,339.52457219478435,-70.918,-39.268
DIA 1,,1.46474261594864,348.80993247385965,-70.919,-39.267
DIA 1,,1.46475261594864,345.59460312777111,-70.919,-39.267
DIA 1,,1.46498087019286,327.15965430512057,-70.919,-39.267
DIA 1,,1.46513087019286,328.28252559288143,-70.919,-39.267
DIA 1,,1.46517559155241,328.10005742455900,-70.919,-39.267
DIA 1,,1.46548959792177,320.63434883114883,-70.919,-39.266
DIA 1,,1.46583672902092,316.75176582212191,-70.919,-39.266
DIA 1,,1.46603471891966,318.42138670747130,-70.919,-39.266
DIA 1,,1.46621276385780,325.43950844123492,-70.919,-39.266
DIA 1,,1.46638769241465,331.23559614441047,-70.920,-39.266
DIA 1,,1.46649949581352,342.65242323234742,-70.920,-39.266
DIA 1,,1.46664091716976,348.91682709492181,-70.920,-39.266
DIA 1,,1.46668214822601,349.81178239927317,-70.920,-39.266
DIA 1,,1.46677270207739,359.78297468248235,-70.920,-39.265
DIA 1,,1.46706424967213,10.29126712547921,-70.920,-39.265
DIA 1,,1.46749841553906,7.33819656904897,-70.919,-39.265
DIA 1,,1.46750841553906,7.62755935158108,-70.919,-39.265
DIA 1,,1.46785046816659,13.28252558624245,-70.919,-39.264
DIA 1,,1.46795244855686,13.24788486587425,-70.919,-39.264
DIA 1,,1.46867777606909,13.97168471144442,-70.919,-39.264
DIA 1,,1.46922119119586,10.75184721139149,-70.919,-39.263
DIA 1,,1.46948425012462,7.40930933486401,-70.919,-39.263
DIA 1,,1.46995690221654,1.35299787388436,-70.919,-39.262
DIA 1,,1.47012719608020,351.00633267536006,-70.919,-39.262
DIA 1,,1.47036489336669,342.69800974452698,-70.919,-39.262
DIA 1,,1.47048194036579,335.48114468942458,-70.919,-39.262
DIA 1,,1.47068785296861,329.23710180485267,-70.919,-39.262
DIA 1,,1.47107900511292,331.37683356936634,-70.919,-39.261
DIA 1,,1.47122218332355,336.82677611916364,-70.919,-39.261
DIA 1,,1.47168456844442,341.85681057935921,-70.920,-39.261
DIA 1,,1.47270814062068,347.22231144761241,-70.920,-39.260
DIA 1,,1.47318668006524,352.53703888211510,-70.920,-39.259
DIA 1,,1.47332703675371,353.69180880496225,-70.920,-39.259
DIA 1,,1.47352927423787,354.54164518012578,-70.920,-39.259
DIA 1,,1.47376948248086,354.07586687878955,-70.920,-39.259
DIA 1,,1.47383031010616,354.07586687877188,-70.920,-39.259
DIA 1,,1.47431072659215,354.07586688537373,-70.920,-39.258
DIA 1,,1.47437155421745,353.56249922516514,-70.920,-39.258
DIA 1,,1.47655542692436,355.38048930934809,-70.920,-39.256
DIA 1,,1.47704797133860,355.72367348801038,-70.920,-39.255
DIA 1,,1.47851963706151,354.57179332458963,-70.920,-39.254
DIA 1,,1.47859034773963,0.00000000000000,-70.920,-39.254
DIA 1,,1.47866105841775,4.06505117829931,-70.920,-39.254
DIA 1,,1.47887105841775,1.99545654983936,-70.920,-39.254
DIA 1,,1.47930210365900,6.48176985651734,-70.920,-39.253
DIA 1,,1.47949445749962,13.50345609046190,-70.920,-39.253
DIA 1,,1.47994667426179,19.25882339993502,-70.920,-39.253
DIA 1,,1.48640500996072,23.62198019285635,-70.918,-39.246
DIA 1,,1.48902569689357,13.38029957670525,-70.917,-39.244
DIA 1,,1.48903569689357,12.98719698112192,-70.917,-39.244
DIA 1,,1.49033715761138,24.29712945526256,-70.916,-39.243
DIA 1,,1.49046715761138,26.09885181462512,-70.916,-39.243
DIA 1,,1.49089259855910,27.60942225348416,-70.916,-39.242
DIA 1,,1.49116990705158,28.20186267987206,-70.916,-39.242
DIA 1,,1.49165868102797,34.71126389292445,-70.915,-39.242
DIA 1,,1.49172271227035,49.59195962466254,-70.915,-39.242
DIA 1,,1.49198690916662,65.27050223714042,-70.915,-39.242
DIA 1,,1.49222100316483,68.02720225166058,-70.915,-39.242
DIA 1,,1.49231949174285,72.25144518651175,-70.915,-39.242
DIA 1,,1.49281959173285,81.14760212584794,-70.914,-39.241
DIA 1,,1.49430821525813,79.89679071850358,-70.913,-39.241
DIA 1,,1.49451437053941,69.69935267749776,-70.913,-39.241
DIA 1,,1.49464853461806,57.38757028416774,-70.913,-39.241
DIA 1,,1.49477659710281,42.51512963632293,-70.913,-39.241
DIA 1,,1.49495687466659,27.74573850566906,-70.912,-39.241
DIA 1,,1.49522613290694,16.05312797627301,-70.912,-39.241
DIA 1,,1.49544973970469,3.95945122033104,-70.912,-39.240
DIA 1,,1.49568994794768,355.24451981056387,-70.912,-39.240
DIA 1,,1.49585119310264,348.53623484720350,-70.912,-39.240
DIA 1,,1.49640201067680,338.81621743692551,-70.912,-39.240
DIA 1,,1.49646909271613,341.56505118174624,-70.912,-39.239
DIA 1,,1.49658089611500,344.56955415443332,-70.913,-39.239
DIA 1,,1.49666633615245,346.55188151514841,-70.913,-39.239
DIA 1,,1.49684744385522,359.68520069381145,-70.913,-39.239
DIA 1,,1.49694794261143,2.85529656552519,-70.913,-39.239
DIA 1,,1.49707794261143,3.30241774858397,-70.913,-39.239
DIA 1,,1.49803428982870,4.89233280901716,-70.912,-39.238
DIA 1,,1.49821456739248,5.24665937430469,-70.912,-39.238
DIA 1,,1.50009990555843,3.65674431387151,-70.912,-39.236
DIA 1,,1.50017990555843,5.65496623857592,-70.912,-39.236
DIA 1,,1.50023089575357,8.87576628861989,-70.912,-39.236
DIA 1,,1.50085483485316,4.55230043255027,-70.912,-39.235
DIA 1,,1.50128529971816,1.33150038250629,-70.912,-39.235
DIA 1,,1.50171529971816,358.06073774864996,-70.912,-39.234
DIA 1,,1.50348936285120,358.06073774864996,-70.912,-39.232
DIA 1,,1.50362936285120,2.30532465941448,-70.912,-39.232
DIA 1,,1.50425137571280,7.23822813073257,-70.912,-39.232
DIA 1,,1.50448482806340,7.53011792601975,-70.912,-39.231
DIA 1,,1.50459528167358,0.36363492392301,-70.912,-39.231
DIA 1,,1.50523723182740,353.88383746002245,-70.912,-39.231
DIA 1,,1.50590333992674,348.14471903803530,-70.912,-39.230
DIA 1,,1.50597614102563,347.05198870306384,-70.912,-39.230
DIA 1,,1.50655484647748,347.05198870575231,-70.912,-39.229
DIA 1,,1.50670044867527,341.50854653815600,-70.912,-39.229
DIA 1,,1.50697901644081,335.90640363904515,-70.913,-39.229
DIA 1,,1.50741730858083,336.59824712160088,-70.913,-39.229
DIA 1,,1.50756596926830,344.51812173456193,-70.913,-39.229
DIA 1,,1.50771893985371,351.17493788982489,-70.913,-39.228
DIA 1,,1.50780949370509,358.13118522772169,-70.913,-39.228
DIA 1,,1.50802972086054,9.27397905174696,-70.913,-39.228
DIA 1,,1.50817532305833,12.03774912837670,-70.913,-39.228
DIA 1,,1.50824603373645,11.42258700356323,-70.913,-39.228
DIA 1,,1.50926960591270,16.57501023692848,-70.912,-39.227
DIA 1,,1.50958583367872,23.30676946605910,-70.912,-39.227
DIA 1,,1.50990348128220,31.80595205963229,-70.912,-39.226
DIA 1,,1.51117988247305,36.29889445183205,-70.911,-39.225
DIA 1,,1.51195789275575,18.58223744659430,-70.911,-39.225
DIA 1,,1.51196789275576,18.93749182617543,-70.911,-39.225
DIA 1,,1.51230994538329,35.52674765578743,-70.911,-39.224
DIA 1,,1.51262058987463,31.26813260094722,-70.911,-39.224
DIA 1,,1.51298774106965,23.79141432705343,-70.910,-39.224
DIA 1,,1.51385104866257,17.08523550579555,-70.910,-39.223
DIA 1,,1.51428785525593,13.62766418705737,-70.910,-39.223
DIA 1,,1.51561360032946,9.07635294328475,-70.910,-39.221
DIA 1,,1.51636898102818,5.06600804560696,-70.910,-39.220
DIA 1,,1.51724041662534,358.18900777990029,-70.910,-39.220
DIA 1,,1.51757283202811,350.27998258626189,-70.910,-39.219
DIA 1,,1.51775722291726,345.83433916851482,-70.910,-39.219
DIA 1,,1.51830804049142,340.63269280466915,-70.910,-39.219
DIA 1,,1.51859035237568,332.81916697366688,-70.910,-39.218
DIA 1,,1.51880130260678,326.78920709236462,-70.910,-39.218
DIA 1,,1.51904543371910,321.91102731757087,-70.910,-39.218
DIA 1,,1.51925803663536,320.97208859576153,-70.910,-39.218
DIA 1,,1.51935803663535,319.93290347279714,-70.910,-39.218
DIA 1,,1.51959148898596,313.66849961691219,-70.911,-39.217
DIA 1,,1.52014466165339,309.23813914805748,-70.911,-39.217
DIA 1,,1.52048671428091,304.94018343019258,-70.911,-39.217
DIA 1,,1.52058105409223,304.33074581275588,-70.911,-39.217
DIA 1,,1.52111705782357,305.22059686542002,-70.912,-39.217
DIA 1,,1.52278948121494,309.39254265762082,-70.913,-39.216
DIA 1,,1.52280362335057,307.53429141156471,-70.913,-39.216
DIA 1,,1.52302316833456,297.46613969717151,-70.913,-39.216
DIA 1,,1.52347505327567,292.60846285975293,-70.914,-39.215
DIA 1,,1.52413633990036,292.15785906101547,-70.914,-39.215
DIA 1,,1.52433331705640,304.48124448686934,-70.915,-39.215
DIA 1,,1.52434745919202,306.37927030070659,-70.915,-39.215
DIA 1,,1.52456216829756,300.16629886768061,-70.915,-39.215
DIA 1,,1.52498936848483,303.63460533275378,-70.915,-39.215
DIA 1,,1.52562182401686,305.99955090515118,-70.916,-39.214
DIA 1,,1.52588583159250,305.84214650115297,-70.916,-39.214
DIA 1,,1.52657648345851,305.73659101017910,-70.916,-39.214
DIA 1,,1.52709048734954,305.39145241138738,-70.917,-39.213
DIA 1,,1.52723470940056,306.39196320632811,-70.917,-39.213
DIA 1,,1.52785317524440,310.77452725326617,-70.917,-39.213
DIA 1,,1.52849019957675,313.79532319143209,-70.918,-39.213
DIA 1,,1.53148126961939,316.35729913169206,-70.920,-39.210
DIA 1,,1.53226695403441,321.94453998771991,-70.921,-39.210
DIA 1,,1.53248328711093,329.20633072183813,-70.921,-39.210
DIA 1,,1.53267564095155,336.83389007335404,-70.921,-39.209
DIA 1,,1.53280213205796,337.50000000186594,-70.921,-39.209
DIA 1,,1.53286921409728,336.72592114889642,-70.921,-39.209
DIA 1,,1.53298626109639,350.00844673607844,-70.921,-39.209
DIA 1,,1.53300626109639,353.21478280769946,-70.921,-39.209
DIA 1,,1.53419957580760,343.99730839318511,-70.921,-39.208
DIA 1,,1.53426282136081,343.70778754241576,-70.921,-39.208
DIA 1,,1.53549005402009,348.65987915260308,-70.922,-39.207
DIA 1,,1.53569229150425,355.73461719567297,-70.922,-39.207
DIA 1,,1.53589229150425,7.76205549651072,-70.922,-39.206
DIA 1,,1.53607910692117,19.07198797065137,-70.921,-39.206
DIA 1,,1.53620910692117,27.79463442626941,-70.921,-39.206
DIA 1,,1.53665012846259,30.92799283513879,-70.921,-39.206
DIA 1,,1.53698133836582,21.46141261936801,-70.921,-39.205
DIA 1,,1.53702256942208,18.83281060282099,-70.921,-39.205
DIA 1,,1.53719721191405,16.81867876629566,-70.921,-39.205
DIA 1,,1.53736983867907,6.12686118234263,-70.921,-39.205
DIA 1,,1.53788023068527,0.19407609738368,-70.921,-39.205
DIA 1,,1.54158217611977,355.98611726750585,-70.921,-39.201
DIA 1,,1.54195433200109,348.15212826495031,-70.921,-39.200
DIA 1,,1.54215358058954,337.95469022377921,-70.921,-39.200
DIA 1,,1.54235482670751,328.94863551712427,-70.921,-39.200
DIA 1,,1.54252687321285,318.42988000447633,-70.921,-39.200
DIA 1,,1.54283832144290,305.23496236662209,-70.922,-39.200
DIA 1,,1.54334832144290,294.93694821085739,-70.922,-39.200
DIA 1,,1.54394068957169,291.05711787815034,-70.923,-39.199
DIA 1,,1.54780074138481,287.17453486906527,-70.926,-39.198
DIA 1,,1.54800689666610,280.27802260969332,-70.926,-39.198
DIA 1,,1.54835917496517,273.25990087573007,-70.927,-39.198
DIA 1,,1.54868917496516,266.91491245263217,-70.927,-39.198
DIA 1,,1.54906133084648,262.24257650168397,-70.927,-39.198
DIA 1,,1.54986195560254,261.76515587467918,-70.928,-39.198
DIA 1,,1.55050693622240,265.77138189849455,-70.929,-39.198
DIA 1,,1.55093705248576,270.35659431767374,-70.929,-39.198
DIA 1,,1.55121723100027,274.05893244803690,-70.930,-39.198
DIA 1,,1.55168988309220,277.92743171941601,-70.930,-39.198
DIA 1,,1.55198416187158,281.58745239319234,-70.930,-39.198
DIA 1,,1.55241590253449,286.03992462938305,-70.931,-39.198
DIA 1,,1.55313374652868,292.27685414980203,-70.931,-39.198
DIA 1,,1.55350048894509,298.27393519530000,-70.932,-39.198
DIA 1,,1.55941897692769,299.11716258638450,-70.937,-39.194
DIA 1,,1.55967839936311,295.53801029864752,-70.937,-39.194
DIA 1,,1.56060543765790,291.93121556650613,-70.938,-39.194
DIA 1,,1.56184257144209,288.84662337507888,-70.939,-39.194
DIA 1,,1.56201020198823,291.58750830595068,-70.939,-39.194
DIA 1,,1.56269896900254,299.00836295435721,-70.940,-39.193
DIA 1,,1.56333709124788,304.21916529641612,-70.940,-39.193
DIA 1,,1.56607725547654,301.40382391783845,-70.943,-39.191
DIA 1,,1.56614433751587,301.67563234325138,-70.943,-39.191
DIA 1,,1.57025234189755,308.17294073882084,-70.946,-39.189
DIA 1,,1.57055067057536,314.18687140185403,-70.946,-39.189
DIA 1,,1.57086957494974,325.52776711681821,-70.946,-39.188
DIA 1,,1.57129899316081,336.27141901195017,-70.947,-39.188
DIA 1,,1.57215934192729,336.86816372230305,-70.947,-39.187
DIA 1,,1.57220406328685,337.70033162571121,-70.947,-39.187
DIA 1,,1.57310849681122,346.60977608665542,-70.947,-39.186
DIA 1,,1.57324002627559,355.62691887036965,-70.947,-39.186
DIA 1,,1.57347002627560,1.63524396096240,-70.947,-39.186
DIA 1,,1.57382059723845,5.76496295087587,-70.947,-39.186
DIA 1,,1.57444709544276,12.80673130826145,-70.947,-39.185
DIA 1,,1.57461472598891,19.57771706152389,-70.947,-39.185
DIA 1,,1.57472242928505,25.05108262767308,-70.947,-39.185
DIA 1,,1.57487007751565,32.41480556744887,-70.947,-39.185
DIA 1,,1.57520608346798,38.67196962057718,-70.947,-39.184
DIA 1,,1.57607814997921,39.73744606443688,-70.946,-39.184
DIA 1,,1.57716668109957,42.29192680317923,-70.945,-39.183
DIA 1,,1.57804360755030,47.50483106663942,-70.945,-39.182
DIA 1,,1.57883758487996,52.90536439777076,-70.944,-39.182
DIA 1,,1.57922033806414,58.07294257131702,-70.944,-39.181
DIA 1,,1.57973141535770,52.21038656381786,-70.944,-39.181
DIA 1,,1.57974555749333,53.07216939010274,-70.943,-39.181
DIA 1,,1.58030502152256,62.59684800157364,-70.943,-39.181
DIA 1,,1.58197322414813,61.54280034550896,-70.942,-39.180
DIA 1,,1.58243970029972,61.23559614549908,-70.941,-39.180
DIA 1,,1.58261858573793,68.07672522546105,-70.941,-39.180
DIA 1,,1.58308986060465,76.39612806060012,-70.940,-39.180
DIA 1,,1.58349593941473,82.77988301790766,-70.940,-39.180
DIA 1,,1.58387712178577,88.51708462075942,-70.940,-39.180
DIA 1,,1.58461739200671,92.61977184261420,-70.939,-39.180
DIA 1,,1.58617061446341,90.22584284535689,-70.937,-39.180
DIA 1,,1.58670146284101,85.37564687326140,-70.937,-39.180
DIA 1,,1.58727461203625,82.20402465928056,-70.936,-39.180
DIA 1,,1.58805550895646,78.42993117348794,-70.936,-39.179
DIA 1,,1.59095633642461,77.10334778061126,-70.933,-39.179
DIA 1,,1.59180563024892,77.06599198334838,-70.932,-39.179
DIA 1,,1.59524244563529,73.09872103205635,-70.929,-39.178
DIA 1,,1.59576446096073,63.06963953575248,-70.928,-39.178
DIA 1,,1.59580051647349,59.87244065316856,-70.928,-39.178
DIA 1,,1.59600176259147,54.68706988414286,-70.928,-39.178
DIA 1,,1.59643315568367,36.25212106088156,-70.928,-39.177
DIA 1,,1.59670148384097,18.21542905951780,-70.927,-39.177
DIA 1,,1.59693493619157,2.25499095026489,-70.927,-39.177
DIA 1,,1.59725633936516,357.32208747894680,-70.927,-39.176
DIA 1,,1.59730633936517,356.82990412605210,-70.927,-39.176
DIA 1,,1.59748744706793,355.36206740342885,-70.927,-39.176
DIA 1,,1.59787795955173,353.35550325530090,-70.927,-39.176
DIA 1,,1.59893517286984,346.47371786027378,-70.928,-39.175
DIA 1,,1.59914397900002,340.46031035751400,-70.928,-39.175
DIA 1,,1.59932782676313,331.20113599135016,-70.928,-39.174
DIA 1,,1.59953591328359,319.15680315877881,-70.928,-39.174
DIA 1,,1.59981177556808,305.64486994310101,-70.928,-39.174
DIA 1,,1.60067061199022,296.69977321251497,-70.929,-39.174
DIA 1,,1.60122522897518,292.38732451519439,-70.929,-39.173
DIA 1,,1.60174388107438,285.83122545752360,-70.930,-39.173
DIA 1,,1.60211266285267,280.22786719568427,-70.930,-39.173
DIA 1,,1.60291028431677,281.27390033533959,-70.931,-39.173
DIA 1,,1.60314798160325,288.21114173822031,-70.931,-39.173
DIA 1,,1.60325568489940,289.91784752758468,-70.931,-39.173
DIA 1,,1.60370790166157,289.19375735750202,-70.932,-39.173
DIA 1,,1.60436918828627,292.95659715990143,-70.932,-39.173
DIA 1,,1.60462413926195,298.01275504611323,-70.933,-39.172
DIA 1,,1.60482137009118,306.36961696202320,-70.933,-39.172
DIA 1,,1.60497003077865,316.10982777521360,-70.933,-39.172
DIA 1,,1.60644630988506,324.65798403111194,-70.934,-39.171
DIA 1,,1.60732954258373,344.68500075756356,-70.934,-39.170
DIA 1,,1.60733954258373,348.15895613804076,-70.934,-39.170
DIA 1,,1.60796195723651,339.86528685947553,-70.935,-39.170
DIA 1,,1.60845236522992,345.44192686709846,-70.935,-39.169
DIA 1,,1.60863675611907,346.02880537688259,-70.935,-39.169
DIA 1,,1.61307644079256,339.95477764613628,-70.936,-39.165
DIA 1,,1.61348362625398,332.78912776644631,-70.936,-39.164
DIA 1,,1.61566043584603,333.14631486465953,-70.937,-39.163
DIA 1,,1.61585741300206,339.66913339706758,-70.937,-39.162
DIA 1,,1.61596181606715,348.08786970854652,-70.937,-39.162
DIA 1,,1.61604243864463,357.49804002327494,-70.937,-39.162
DIA 1,,1.61631262376636,8.68810754995935,-70.937,-39.162
DIA 1,,1.61676869393639,20.91008494390412,-70.937,-39.162
DIA 1,,1.61679105461617,20.65430701121461,-70.937,-39.162
DIA 1,,1.61698752344321,10.22707798412968,-70.937,-39.161
DIA 1,,1.61708802219942,2.85529656552519,-70.937,-39.161
DIA 1,,1.61726802219942,352.98187827322107,-70.937,-39.161
DIA 1,,1.61730925325568,349.81178239927317,-70.937,-39.161
DIA 1,,1.61749036095844,347.20514118977525,-70.937,-39.161
DIA 1,,1.61815766898327,336.59883127590865,-70.937,-39.160
DIA 1,,1.61841709141869,335.32288946479810,-70.937,-39.160
DIA 1,,1.61847094306676,331.33045635712057,-70.937,-39.160
DIA 1,,1.61890105933011,322.49493118006325,-70.938,-39.160
DIA 1,,1.61978196795193,317.76377007894786,-70.938,-39.159
DIA 1,,1.61982439435880,319.97531334715569,-70.938,-39.159
DIA 1,,1.62064280745743,329.94650563463415,-70.939,-39.158
DIA 1,,1.62149280745743,337.71996803761846,-70.939,-39.157
DIA 1,,1.62200202253969,343.23065401398151,-70.939,-39.157
DIA 1,,1.62224940887723,348.16925418904970,-70.939,-39.157
DIA 1,,1.62398382520556,353.14456753120817,-70.940,-39.155
DIA 1,,1.62426453858252,0.22607786341726,-70.940,-39.155
DIA 1,,1.62489651959489,6.33393743144193,-70.940,-39.154
DIA 1,,1.62532078366360,10.19743804151042,-70.940,-39.154
DIA 1,,1.62555615570952,8.98768343385070,-70.940,-39.153
DIA 1,,1.62565665446573,3.58969692666288,-70.940,-39.153
DIA 1,,1.62643691083386,351.51692594544437,-70.939,-39.153
DIA 1,,1.62659502471687,340.03180842656354,-70.940,-39.152
DIA 1,,1.62730439063090,344.24529293728114,-70.940,-39.152
DIA 1,,1.62782227092595,357.75978017466491,-70.940,-39.151
DIA 1,,1.62813371915600,11.22752660832711,-70.940,-39.151
DIA 1,,1.62837413546160,14.72816038509971,-70.940,-39.151
DIA 1,,1.62846633090618,16.17563613771921,-70.940,-39.151
DIA 1,,1.62938049719303,21.62557868994901,-70.939,-39.150
DIA 1,,1.62970745284751,25.59361670343952,-70.939,-39.149
DIA 1,,1.62992216195304,31.64810919552023,-70.939,-39.149
DIA 1,,1.63043830146907,38.78837082910485,-70.939,-39.149
DIA 1,,1.63125964183700,38.47077974097557,-70.938,-39.148
DIA 1,,1.63178395090616,31.95073638142042,-70.938,-39.148
DIA 1,,1.63378480072561,27.98234578969732,-70.937,-39.146
DIA 1,,1.63442433180382,23.59528693123021,-70.937,-39.145
DIA 1,,1.63462681637114,14.84359082025434,-70.937,-39.145
DIA 1,,1.63474847162174,7.11298195065198,-70.937,-39.145
DIA 1,,1.63510971945910,1.60774199561861,-70.937,-39.145
DIA 1,,1.63622012479050,356.37062458100672,-70.937,-39.144
DIA 1,,1.63652162105914,347.92722902027288,-70.937,-39.143
DIA 1,,1.63661648938894,339.18323033359832,-70.937,-39.143
DIA 1,,1.63692112031318,330.87974004283620,-70.937,-39.143
DIA 1,,1.63786159891474,323.58206379955016,-70.937,-39.142
DIA 1,,1.63848167955466,318.60302850041637,-70.938,-39.142
DIA 1,,1.63867966945339,311.52352126581758,-70.938,-39.142
DIA 1,,1.63897173109073,304.71002383630434,-70.938,-39.141
DIA 1,,1.63945193937886,297.19924857459995,-70.939,-39.141
DIA 1,,1.63988656565510,290.27553019148735,-70.939,-39.141
DIA 1,,1.64008581424356,285.62145734650426,-70.939,-39.141
DIA 1,,1.64139310151115,281.32396820934770,-70.940,-39.141
DIA 1,,1.64210169166067,276.16851692764317,-70.941,-39.141
DIA 1,,1.64378466521959,272.17281735044639,-70.943,-39.140
DIA 1,,1.64439474718129,269.61468845098187,-70.943,-39.140
DIA 1,,1.64573534406328,269.65660807208724,-70.945,-39.140
DIA 1,,1.64629543334188,272.55432348432038,-70.945,-39.140
DIA 1,,1.64671650340730,294.54280838001631,-70.946,-39.140
DIA 1,,1.64673064554292,295.92138669649086,-70.946,-39.140
DIA 1,,1.64698243910916,282.09839902450955,-70.946,-39.140
DIA 1,,1.64748533074760,291.95953790705840,-70.947,-39.140
DIA 1,,1.64775365890489,298.29916580702144,-70.947,-39.140
DIA 1,,1.64849291528802,285.01664021780391,-70.947,-39.140
DIA 1,,1.64850291528802,281.98124448749894,-70.947,-39.140
DIA 1,,1.64879838102208,289.95394243757630,-70.948,-39.140
DIA 1,,1.64894398321987,277.97269795007736,-70.948,-39.140
DIA 1,,1.64896398321986,276.56701115306947,-70.948,-39.140
DIA 1,,1.64927204165588,280.74995421529258,-70.948,-39.140
DIA 1,,1.64995935526697,279.74753770674431,-70.949,-39.139
DIA 1,,1.65058104650867,284.78206905615184,-70.949,-39.139
DIA 1,,1.65096051982789,291.05274365420229,-70.950,-39.139
DIA 1,,1.65175757691493,294.90868986029710,-70.951,-39.139
DIA 1,,1.65237027586221,290.70097996901944,-70.951,-39.139
DIA 1,,1.65259831094723,287.34757676519416,-70.951,-39.139
DIA 1,,1.65277858851100,291.49614925033626,-70.951,-39.138
DIA 1,,1.65320402945873,298.28806561469213,-70.952,-39.138
DIA 1,,1.65344256666756,307.10489636057048,-70.952,-39.138
DIA 1,,1.65365516958383,320.55867117201672,-70.952,-39.138
DIA 1,,1.65387471456782,334.97415532904944,-70.952,-39.138
DIA 1,,1.65399176156693,342.24639124073678,-70.952,-39.138
DIA 1,,1.65417857698385,350.03859182321332,-70.952,-39.138
DIA 1,,1.65456972912817,357.22939761035190,-70.952,-39.137
DIA 1,,1.65808042706447,1.40134340367331,-70.953,-39.134
DIA 1,,1.65837111590155,6.34567424571674,-70.952,-39.133
DIA 1,,1.65876570429469,10.82452625805480,-70.952,-39.133
DIA 1,,1.66391574312949,15.00280961134917,-70.951,-39.128
DIA 1,,1.66405175783458,19.74143200912311,-70.951,-39.128
DIA 1,,1.66423560559769,25.26086814144789,-70.951,-39.128
DIA 1,,1.66472325301130,33.85063460125982,-70.951,-39.127
DIA 1,,1.66502158168910,41.75902064690260,-70.951,-39.127
DIA 1,,1.66541055469588,48.32721252246220,-70.950,-39.127
DIA 1,,1.66567456227152,71.34802586062862,-70.950,-39.127
DIA 1,,1.66568456227153,71.56505117707800,-70.950,-39.127
DIA 1,,1.66588456227152,55.85026836892686,-70.950,-39.126
DIA 1,,1.66609551250262,60.03739788288682,-70.950,-39.126
DIA 1,,1.66689200481270,58.33993611235210,-70.949,-39.126
DIA 1,,1.66717218332721,53.04082597829520,-70.949,-39.126
DIA 1,,1.66737833860850,47.95307055770800,-70.949,-39.126
DIA 1,,1.66757632850723,41.36249752173251,-70.949,-39.126
DIA 1,,1.66824640312994,36.28145592389277,-70.948,-39.125
DIA 1,,1.66976936077872,33.87157986434814,-70.947,-39.124
DIA 1,,1.67098426818260,27.13793259606570,-70.947,-39.123
DIA 1,,1.67123124996331,18.09855111976623,-70.947,-39.122
DIA 1,,1.67158296007121,11.16116880515101,-70.947,-39.122
DIA 1,,1.67196623542914,4.73539582574491,-70.947,-39.122
DIA 1,,1.67225640779171,356.92241582877909,-70.947,-39.121
DIA 1,,1.67253925050418,348.91682708906058,-70.947,-39.121
DIA 1,,1.67291033001049,342.82030985091069,-70.947,-39.121
DIA 1,,1.67319825361147,335.31112953581544,-70.947,-39.121
DIA 1,,1.67361007881711,329.74361344688816,-70.947,-39.120
DIA 1,,1.68215617149154,327.73557658510703,-70.951,-39.113
DIA 1,,1.68266929915596,325.02971226574982,-70.952,-39.112
DIA 1,,1.68291929915597,326.08317291294748,-70.952,-39.112
DIA 1,,1.68297760867491,322.73867138232612,-70.952,-39.112
DIA 1,,1.68522691968054,319.37342941278155,-70.953,-39.111
DIA 1,,1.68550494845602,325.67100150167471,-70.954,-39.110
DIA 1,,1.68573818653182,334.69120970518986,-70.954,-39.110
DIA 1,,1.68588684721929,343.63842902225525,-70.954,-39.110
DIA 1,,1.68646173851336,345.17167177336137,-70.954,-39.109
DIA 1,,1.68695214650677,340.67238093999975,-70.954,-39.109
DIA 1,,1.68735139580233,336.81377558564361,-70.954,-39.109
DIA 1,,1.68939227796453,340.08566986846813,-70.955,-39.107
DIA 1,,1.68957909338146,349.06784862744166,-70.955,-39.107
DIA 1,,1.68966964723284,356.82990412605210,-70.955,-39.107
DIA 1,,1.68976964723284,5.65496623857592,-70.955,-39.106
DIA 1,,1.68987162762311,14.87244064867989,-70.955,-39.106
DIA 1,,1.68996649595292,27.34439327982649,-70.955,-39.106
DIA 1,,1.69015250670530,41.77222389058655,-70.955,-39.106
DIA 1,,1.69032942476543,54.02089185276410,-70.955,-39.106
DIA 1,,1.69061595574106,62.70249886094514,-70.955,-39.106
DIA 1,,1.69166714554314,61.84503376240964,-70.954,-39.105
DIA 1,,1.69178376458104,53.07866993202990,-70.953,-39.105
DIA 1,,1.69197481431279,41.99549701995889,-70.953,-39.105
DIA 1,,1.69207481431278,30.41619330816296,-70.953,-39.105
DIA 1,,1.69217330289080,14.18059716508558,-70.953,-39.105
DIA 1,,1.69230368693890,0.15654428760880,-70.953,-39.105
DIA 1,,1.69244404362738,348.73971719752444,-70.953,-39.105
DIA 1,,1.69260215751039,337.50000000010169,-70.953,-39.105
DIA 1,,1.69278104294859,324.21747441705878,-70.953,-39.104
DIA 1,,1.69280932721983,326.30993247820572,-70.953,-39.104
DIA 1,,1.69299317498294,335.89943648667440,-70.953,-39.104
DIA 1,,1.69333755849009,335.52907968213657,-70.954,-39.104
DIA 1,,1.69430528779109,336.20737054246803,-70.954,-39.103
DIA 1,,1.69662341203279,338.37877826212616,-70.955,-39.101
DIA 1,,1.69715152186986,342.51161910150307,-70.955,-39.100
DIA 1,,1.70087952401578,351.90063571326596,-70.956,-39.097
DIA 1,,1.70092952401577,355.55967042462345,-70.956,-39.097
DIA 1,,1.70125340671059,352.70437385500026,-70.956,-39.096
DIA 1,,1.70155490297923,355.55478837049174,-70.956,-39.096
DIA 1,,1.70227601323431,358.41008494011487,-70.956,-39.095
DIA 1,,1.70326601323432,3.25990087566447,-70.956,-39.094
DIA 1,,1.70361829153340,8.81642114395736,-70.956,-39.094
DIA 1,,1.70418899285633,12.57464200234165,-70.956,-39.094
DIA 1,,1.70476622764392,15.69513405174478,-70.956,-39.093
DIA 1,,1.70526911928234,15.78337162607180,-70.956,-39.093
DIA 1,,1.70763142747561,13.17201984174983,-70.955,-39.090
DIA 1,,1.70872586797194,9.62816870892100,-70.955,-39.089
DIA 1,,1.70888711312691,3.56250817554696,-70.955,-39.089
DIA 1,,1.70894711312691,354.84757676398851,-70.955,-39.089
DIA 1,,1.70905891652578,340.03570238885118,-70.955,-39.089
DIA 1,,1.70964560213154,324.86782954700078,-70.955,-39.088
DIA 1,,1.71122702554100,315.71186719872071,-70.956,-39.087
DIA 1,,1.71177929359186,310.52766029847658,-70.957,-39.087
DIA 1,,1.71204947871358,304.83413703264523,-70.957,-39.087
DIA 1,,1.71273548162903,296.59892281218413,-70.958,-39.086
DIA 1,,1.71362317526988,291.53830541124063,-70.958,-39.086
DIA 1,,1.71661357658073,291.85732632080044,-70.961,-39.085
DIA 1,,1.71849519822177,295.61554717916573,-70.963,-39.084
DIA 1,,1.71883519822177,304.49343507756561,-70.963,-39.084
DIA 1,,1.71903369255418,313.94465861589737,-70.963,-39.084
DIA 1,,1.71923887539946,319.15756287797024,-70.963,-39.084
DIA 1,,1.71936693788422,324.22701734426096,-70.964,-39.084
DIA 1,,1.72233210229787,321.05692147788432,-70.965,-39.081
DIA 1,,1.72236038656912,321.60954245837297,-70.965,-39.081
DIA 1,,1.72344265271014,333.74676302125818,-70.966,-39.080
DIA 1,,1.72383825351903,341.17346403505536,-70.966,-39.080
DIA 1,,1.72407866982464,344.87397783612249,-70.966,-39.080
DIA 1,,1.72446918230843,350.48243780039223,-70.966,-39.079
DIA 1,,1.72487117733328,358.87881806136824,-70.966,-39.079
DIA 1,,1.72520178283837,6.95285230512645,-70.966,-39.078
DIA 1,,1.72558817642010,15.33116738970025,-70.966,-39.078
DIA 1,,1.72579066098741,18.24253206909446,-70.966,-39.078
DIA 1,,1.72654066098742,17.51576205345296,-70.966,-39.077
DIA 1,,1.72977256445132,20.98495495401889,-70.965,-39.074
DIA 1,,1.72984872218238,20.96597607646976,-70.965,-39.074
DIA 1,,1.73106305327396,16.38480255548346,-70.964,-39.073
DIA 1,,1.73147536383653,20.30064732669309,-70.964,-39.072
DIA 1,,1.73149772451631,18.59235322984274,-70.964,-39.072
DIA 1,,1.73166051272227,7.69164848336783,-70.964,-39.072
DIA 1,,1.73190134461384,359.37731786638409,-70.964,-39.072
DIA 1,,1.73209239434558,351.00743079875542,-70.964,-39.072
DIA 1,,1.73242973690146,342.70200130376361,-70.964,-39.071
DIA 1,,1.73255973690145,333.40045408891393,-70.964,-39.071
DIA 1,,1.73409296878216,328.25090004365427,-70.965,-39.070
DIA 1,,1.73821476450733,327.98610906580478,-70.967,-39.067
DIA 1,,1.73889218608950,330.49696007011335,-70.968,-39.066
DIA 1,,1.73908453993012,334.92685265562784,-70.968,-39.066
DIA 1,,1.73932223721660,339.65801375949070,-70.968,-39.066
DIA 1,,1.73967008775922,344.06254979129244,-70.968,-39.065
DIA 1,,1.74526326217095,345.48361873375586,-70.969,-39.060
DIA 1,,1.74660255302808,343.09105697491418,-70.970,-39.059
DIA 1,,1.74746586062100,339.83273827148463,-70.970,-39.058
DIA 1,,1.74781125894179,334.55537267509720,-70.970,-39.057
DIA 1,,1.74862132066783,325.15290523816606,-70.970,-39.057
DIA 1,,1.74901830933265,312.31164728557104,-70.971,-39.056
DIA 1,,1.74919035583799,310.26883889529950,-70.971,-39.056
DIA 1,,1.74926106651611,307.28891934066439,-70.971,-39.056
DIA 1,,1.74968650746384,297.46200731228248,-70.971,-39.056
DIA 1,,1.74989674542425,293.88601893217128,-70.971,-39.056
DIA 1,,1.75057828779270,290.43040537197089,-70.972,-39.056
DIA 1,,1.75206455829299,287.80855405963086,-70.973,-39.055
DIA 1,,1.75365556426407,289.02687818316105,-70.975,-39.055
DIA 1,,1.75514317980580,294.96310058314225,-70.976,-39.054
DIA 1,,1.75524613610721,302.02331214815678,-70.976,-39.054
DIA 1,,1.75549026721952,311.14131511998102,-70.977,-39.054
DIA 1,,1.75566718527965,319.47863496575377,-70.977,-39.054
DIA 1,,1.75621536408260,319.20118224049816,-70.977,-39.053
DIA 1,,1.75644881643319,315.13345193735609,-70.977,-39.053
DIA 1,,1.75672467871768,308.80419728299671,-70.977,-39.053
DIA 1,,1.75713516623271,301.18897552307999,-70.978,-39.053
DIA 1,,1.75743046269391,284.15037788267637,-70.978,-39.053
DIA 1,,1.75745046269392,279.21747441171544,-70.978,-39.053
DIA 1,,1.75770344490674,284.87244064950846,-70.978,-39.053
DIA 1,,1.75785641549213,279.55506017971516,-70.978,-39.053
DIA 1,,1.75859323297293,273.90009394192214,-70.979,-39.053
DIA 1,,1.75864323297293,275.00398990119879,-70.979,-39.053
DIA 1,,1.75881585973795,278.14263914596540,-70.979,-39.053
DIA 1,,1.75982189154659,278.79361548125473,-70.980,-39.052
DIA 1,,1.75997486213199,283.57115954684201,-70.981,-39.052
DIA 1,,1.76067128154585,289.89743779760096,-70.981,-39.052
DIA 1,,1.76116372443594,295.68503220628838,-70.982,-39.052
DIA 1,,1.76146786256246,301.33999844325166,-70.982,-39.052
DIA 1,,1.76197005774364,308.77305522587568,-70.982,-39.052
DIA 1,,1.76211871843111,315.04462284422925,-70.982,-39.051
DIA 1,,1.76255057488874,320.47282951862422,-70.983,-39.051
DIA 1,,1.76275057488875,325.00938019679211,-70.983,-39.051
DIA 1,,1.76302516549310,328.81991585201206,-70.983,-39.051
DIA 1,,1.76331169646874,332.64391430011875,-70.983,-39.050
DIA 1,,1.76377688460273,332.64391430046578,-70.983,-39.050
DIA 1,,1.76406341557837,333.18735252351672,-70.984,-39.050
DIA 1,,1.76476605346519,334.21444079917916,-70.984,-39.049
DIA 1,,1.76680099818188,331.27445652436501,-70.985,-39.047
DIA 1,,1.76693992262178,326.43683259578165,-70.985,-39.047
DIA 1,,1.76703992262177,316.46783672461657,-70.985,-39.047
DIA 1,,1.76727423011205,305.38466381254557,-70.985,-39.047
DIA 1,,1.76739084914995,296.79181074137830,-70.985,-39.047
DIA 1,,1.76752084914994,287.35731101295102,-70.985,-39.047
DIA 1,,1.76780720557121,279.52385727239056,-70.986,-39.047
DIA 1,,1.76822024309978,272.90359731491577,-70.986,-39.047
DIA 1,,1.76872034308978,265.98090701952719,-70.986,-39.047
DIA 1,,1.76963696733123,261.68024336927505,-70.987,-39.047
DIA 1,,1.77129084157069,258.17511137339164,-70.989,-39.047
DIA 1,,1.77233132222886,254.61945705856189,-70.990,-39.047
DIA 1,,1.77267614102184,251.50787757278383,-70.990,-39.048
DIA 1,,1.77439084216198,248.18779411919516,-70.992,-39.048
DIA 1,,1.77564483578239,247.82348814158837,-70.993,-39.049
DIA 1,,1.77586955783293,246.29024539261505,-70.993,-39.049
DIA 1,,1.77598136123181,246.82693585946097,-70.993,-39.049
DIA 1,,1.77719284792178,252.64375285747167,-70.995,-39.049
DIA 1,,1.77750333141570,256.45682056247978,-70.995,-39.049
DIA 1,,1.77816823742410,259.03132563535064,-70.995,-39.049
DIA 1,,1.77905107376228,262.58757094957190,-70.996,-39.050
DIA 1,,1.78007503665223,268.10829706917133,-70.997,-39.050
DIA 1,,1.78098525640591,272.97886286211775,-70.998,-39.050
DIA 1,,1.78171771800900,278.61374411288358,-70.999,-39.050
DIA 1,,1.78180991345358,280.06172553836535,-70.999,-39.050
DIA 1,,1.78196124091308,285.39661694260792,-70.999,-39.050
DIA 1,,1.78203739864414,288.97107667691972,-70.999,-39.049
DIA 1,,1.78223386747119,289.59375880820050,-71.000,-39.049
DIA 1,,1.78247552839066,282.22197738985966,-71.000,-39.049
DIA 1,,1.78248552839066,283.28252558853899,-71.000,-39.049
DIA 1,,1.78259733178954,300.12755935152887,-71.000,-39.049
DIA 1,,1.78274155384055,305.62932977800904,-71.000,-39.049
DIA 1,,1.78290556603522,312.10258453609316,-71.000,-39.049
DIA 1,,1.78315315440328,320.82227842158977,-71.000,-39.049
DIA 1,,1.78339728551560,327.77715353715348,-71.000,-39.049
DIA 1,,1.78437345148509,333.52388079840290,-71.001,-39.048
DIA 1,,1.78462425020917,339.90109504570199,-71.001,-39.048
DIA 1,,1.78472865327426,346.49795464792550,-71.001,-39.048
DIA 1,,1.78495226007201,345.63010236270537,-71.001,-39.047
DIA 1,,1.78498388284861,345.12755935987991,-71.001,-39.047
DIA 1,,1.78513685343402,353.69405742559877,-71.001,-39.047
DIA 1,,1.78557696705571,1.54837633953866,-71.001,-39.047
DIA 1,,1.78570735110382,2.19935267510298,-71.001,-39.047
DIA 1,,1.78580735110381,3.88258301032748,-71.001,-39.046
DIA 1,,1.78602938713693,10.37989140537087,-71.001,-39.046
DIA 1,,1.78616280377757,16.14233150386706,-71.001,-39.046
DIA 1,,1.78637469997857,23.48555389310920,-71.001,-39.046
DIA 1,,1.78706353958254,29.01215522682019,-71.001,-39.045
DIA 1,,1.78753861852335,24.38909885603122,-71.000,-39.045
DIA 1,,1.78757024129996,24.31328589388823,-71.000,-39.045
DIA 1,,1.78947919389234,31.33140762562433,-70.999,-39.043
DIA 1,,1.79013111413287,34.67054496978312,-70.999,-39.043
DIA 1,,1.79023111413287,32.74017865761950,-70.999,-39.043
DIA 1,,1.79060701305545,26.35634708347343,-70.999,-39.042
DIA 1,,1.79143959938731,19.06923898486651,-70.999,-39.042
DIA 1,,1.79193437206239,10.58062990875648,-70.998,-39.041
DIA 1,,1.79225686237232,5.54266408952590,-70.998,-39.041
DIA 1,,1.79355997403292,2.87511121965252,-70.998,-39.039
DIA 1,,1.79388013024479,4.06505117613468,-70.998,-39.039
DIA 1,,1.79406123794755,4.44249806202160,-70.998,-39.039
DIA 1,,1.79451168217274,0.43006003109579,-70.998,-39.038
DIA 1,,1.79519197622681,354.42649673691267,-70.998,-39.038
DIA 1,,1.79567859722923,347.50678339751431,-70.998,-39.037
DIA 1,,1.79586541264615,346.58297826672816,-70.998,-39.037
DIA 1,,1.79596739303642,343.88278289197160,-70.998,-39.037
DIA 1,,1.79633139853089,337.22596673422294,-70.999,-39.037
DIA 1,,1.79659540610654,331.11471969135494,-70.999,-39.036
DIA 1,,1.79718064110207,324.02081006514629,-70.999,-39.036
DIA 1,,1.79777097998780,320.38126861145309,-70.999,-39.035
DIA 1,,1.79918971181587,318.08996212496874,-71.000,-39.034
DIA 1,,1.79994661339468,318.18482233927733,-71.001,-39.034
DIA 1,,1.80028720112200,317.71109243326976,-71.001,-39.034
DIA 1,,1.80090242465861,320.98423782276785,-71.001,-39.033
DIA 1,,1.80093848017137,323.03678707950826,-71.001,-39.033
DIA 1,,1.80178994948966,315.54457108518767,-71.002,-39.032
DIA 1,,1.80256228361424,309.36542855521770,-71.003,-39.032
DIA 1,,1.80320431165102,306.05025508143967,-71.003,-39.032
DIA 1,,1.80367865330004,303.27514295694493,-71.003,-39.031
DIA 1,,1.80489129504433,299.96380965933810,-71.004,-39.031
DIA 1,,1.80523129504433,293.96385065272233,-71.005,-39.031
DIA 1,,1.80561404822851,296.77264094284180,-71.005,-39.030
DIA 1,,1.80565010374127,294.28816718293837,-71.005,-39.030
DIA 1,,1.80646753875398,286.66060783559800,-71.006,-39.030
DIA 1,,1.80672052096679,291.43945180227576,-71.006,-39.030
DIA 1,,1.80684135142652,297.70385565646239,-71.006,-39.030
DIA 1,,1.80695797046442,308.56644792885515,-71.006,-39.030
DIA 1,,1.80730452493345,321.49531383428376,-71.007,-39.030
DIA 1,,1.80792581391613,328.44498825001858,-71.007,-39.029
DIA 1,,1.80830660257142,334.75622147007778,-71.007,-39.029
DIA 1,,1.80864836272123,349.72197739062653,-71.007,-39.029
DIA 1,,1.80867836272124,354.48827201792000,-71.007,-39.029
DIA 1,,1.80946283706753,351.79991930399518,-71.007,-39.028
DIA 1,,1.81031659347307,353.60531658719879,-71.008,-39.027
DIA 1,,1.81426963028039,353.57350328572772,-71.008,-39.023
DIA 1,,1.81553533166697,351.62486774602803,-71.008,-39.022
DIA 1,,1.81558632186211,351.61048627636353,-71.008,-39.022
DIA 1,,1.81653062054367,353.68279814848933,-71.008,-39.021
DIA 1,,1.81829439490565,357.73861828100047,-71.008,-39.019
DIA 1,,1.81894508684505,0.17596762577368,-71.008,-39.018
DIA 1,,1.81944548668519,1.33956534228275,-71.008,-39.018
DIA 1,,1.82036895839563,11.70234477745624,-71.008,-39.017
DIA 1,,1.82040058117224,14.87244065074153,-71.008,-39.017
DIA 1,,1.82091048312360,9.80353872177411,-71.008,-39.016
DIA 1,,1.82139556043702,3.48246255785288,-71.008,-39.016
DIA 1,,1.82225579296372,355.07467872221741,-71.008,-39.015
DIA 1,,1.82455111429199,349.47638479455742,-71.009,-39.013
DIA 1,,1.82473550518114,349.85301313702917,-71.009,-39.013
DIA 1,,1.82495754121425,348.48985763921013,-71.009,-39.012
DIA 1,,1.82541361138429,340.20189568024574,-71.009,-39.012
DIA 1,,1.82587458860716,333.38616414831461,-71.009,-39.012
DIA 1,,1.82620579851039,328.06069901660709,-71.009,-39.011
DIA 1,,1.82681612629117,316.09634312747119,-71.009,-39.011
DIA 1,,1.82754413728010,298.94944064901506,-71.010,-39.010
DIA 1,,1.82881637939542,288.02753280419228,-71.011,-39.010
DIA 1,,1.82998813022218,282.82286861584953,-71.012,-39.010
DIA 1,,1.83009993362106,282.90414523877070,-71.012,-39.009
DIA 1,,1.83455192194090,287.05175494780144,-71.017,-39.008
DIA 1,,1.83564923684557,286.98815856740936,-71.018,-39.008
DIA 1,,1.83772348369683,282.41928672629626,-71.020,-39.007
DIA 1,,1.83778431132214,282.55228433068839,-71.020,-39.007
DIA 1,,1.83830354152156,286.68493795595339,-71.020,-39.007
DIA 1,,1.83958436157137,284.51878096565315,-71.022,-39.007
DIA 1,,1.83963535176651,286.17372175128679,-71.022,-39.007
DIA 1,,1.84088890671146,290.23877292668942,-71.023,-39.006
DIA 1,,1.84161001696655,291.52207493552135,-71.023,-39.006
DIA 1,,1.84290867011501,281.80205752154285,-71.025,-39.006
DIA 1,,1.84292867011501,282.71810819042594,-71.025,-39.006
DIA 1,,1.84383668993858,293.70536218575779,-71.026,-39.005
DIA 1,,1.84445134431301,297.04975321571510,-71.026,-39.005
DIA 1,,1.84495908440400,306.24476750681373,-71.027,-39.005
DIA 1,,1.84522157249897,315.85236415958406,-71.027,-39.005
DIA 1,,1.84554172871084,327.99700790236437,-71.027,-39.004
DIA 1,,1.84575196667126,340.70665207183976,-71.027,-39.004
DIA 1,,1.84627589414715,347.92179882678840,-71.027,-39.004
DIA 1,,1.84770169216932,352.04173648508987,-71.027,-39.002
DIA 1,,1.84850474882983,357.49967770093036,-71.027,-39.001
DIA 1,,1.84939474882983,0.91204491621775,-71.027,-39.001
DIA 1,,1.85096554480640,359.85149671755244,-71.027,-38.999
DIA 1,,1.85150591504984,349.88757028425141,-71.027,-38.998
DIA 1,,1.85205299822451,338.60968689783414,-71.028,-38.998
DIA 1,,1.85246018368593,332.69581249496537,-71.028,-38.998
DIA 1,,1.85322176099652,326.59929525688648,-71.028,-38.997
DIA 1,,1.85407176099652,321.99985139852180,-71.029,-38.996
DIA 1,,1.85483235287131,319.52471528125523,-71.029,-38.996
DIA 1,,1.85534225482268,313.12630599676362,-71.029,-38.995
DIA 1,,1.85610442278316,289.03639093719164,-71.030,-38.995
DIA 1,,1.85611442278316,284.67887677151646,-71.030,-38.995
DIA 1,,1.85666514957568,297.18732351031883,-71.031,-38.994
DIA 1,,1.85716173793640,293.27893469816917,-71.031,-38.994
DIA 1,,1.85797880586503,293.92099655723518,-71.032,-38.994
DIA 1,,1.85894926967168,295.04025316769219,-71.033,-38.994
DIA 1,,1.87293674978784,295.97100825691462,-71.045,-38.988
DIA 1,,1.87405969235093,300.53388514858472,-71.046,-38.987
DIA 1,,1.87588205345675,302.09914095944839,-71.048,-38.986
DIA 1,,1.87707570332166,308.14651949795439,-71.049,-38.986
DIA 1,,1.87708984545728,308.85236678849617,-71.049,-38.986
DIA 1,,1.87821882729948,304.47928565755194,-71.050,-38.985
DIA 1,,1.87877685955660,309.92832835470563,-71.050,-38.985
DIA 1,,1.87906685955661,320.28947570785891,-71.051,-38.985
DIA 1,,1.87930539676544,331.17628382979893,-71.051,-38.984
DIA 1,,1.87956940434109,342.53579437288118,-71.051,-38.984
DIA 1,,1.87990481453772,354.84757676529131,-71.051,-38.984
DIA 1,,1.88012481453772,12.38757028540892,-71.051,-38.984
DIA 1,,1.88026799274835,22.45572199879533,-71.051,-38.984
DIA 1,,1.88058752365452,26.60349062510740,-71.051,-38.983
DIA 1,,1.88110065131895,34.16351826829118,-71.050,-38.983
DIA 1,,1.88181093295323,36.70679264909888,-71.050,-38.982
DIA 1,,1.88198897789138,36.42619005794214,-71.050,-38.982
DIA 1,,1.88230520565740,41.21073226232051,-71.050,-38.982
DIA 1,,1.88260252703234,52.01812173439898,-71.050,-38.982
DIA 1,,1.88307124869816,58.02674765558664,-71.049,-38.981
DIA 1,,1.88348802201784,65.02035258734556,-71.049,-38.981
DIA 1,,1.88506005891307,71.34228224782152,-71.047,-38.981
DIA 1,,1.88638202714265,67.15746761148942,-71.046,-38.980
DIA 1,,1.88655202714265,57.95006984020192,-71.046,-38.980
DIA 1,,1.88682405655282,47.47218147427360,-71.046,-38.980
DIA 1,,1.88732734573411,31.79580064036832,-71.045,-38.980
DIA 1,,1.88771734573411,14.03009848909404,-71.045,-38.979
DIA 1,,1.88835019642740,8.11231494931935,-71.045,-38.979
DIA 1,,1.88877774759393,5.39214893360312,-71.045,-38.978
DIA 1,,1.88880774759393,3.69302157604555,-71.045,-38.978
DIA 1,,1.88935226572954,3.69302157604554,-71.045,-38.978
DIA 1,,1.88938226572954,6.59530535574069,-71.045,-38.978
DIA 1,,1.89003960886672,11.90513299382337,-71.045,-38.977
DIA 1,,1.89248143195613,14.52730204954369,-71.044,-38.975
DIA 1,,1.89289252805195,22.28297468432748,-71.044,-38.974
DIA 1,,1.89348286693769,23.77814717193842,-71.044,-38.974
DIA 1,,1.89433151291805,16.21441732446241,-71.044,-38.973
DIA 1,,1.89469825533447,5.50177042539046,-71.044,-38.972
DIA 1,,1.89505825533447,351.86989764646285,-71.044,-38.972
DIA 1,,1.89530825533447,339.16025347678345,-71.044,-38.972
DIA 1,,1.89642651290766,331.51466335633228,-71.044,-38.971
DIA 1,,1.89709539256799,330.58083106485782,-71.045,-38.970
DIA 1,,1.90099987716906,331.25490466149688,-71.046,-38.967
DIA 1,,1.90177511906679,332.61479546230873,-71.047,-38.966
DIA 1,,1.90254479432299,337.38911215157663,-71.047,-38.965
DIA 1,,1.90662719557715,340.05033319198236,-71.048,-38.962
DIA 1,,1.90841722350990,343.35951364622662,-71.049,-38.960
DIA 1,,1.90998400364763,347.01407699458832,-71.049,-38.958
DIA 1,,1.91124118303022,347.22733278043637,-71.050,-38.957
DIA 1,,1.91221862868088,353.19513405201087,-71.050,-38.956
DIA 1,,1.91225862868088,355.22285516388257,-71.050,-38.956
DIA 1,,1.91328283569120,352.68305123307738,-71.050,-38.955
DIA 1,,1.91373460997113,358.32804836392984,-71.050,-38.955
DIA 1,,1.91439491293190,3.46506674851895,-71.050,-38.954
DIA 1,,1.91483672737258,7.49643435498838,-71.050,-38.954
DIA 1,,1.91847987161898,9.25909315446902,-71.049,-38.950
DIA 1,,1.92012893195747,9.19745741914991,-71.049,-38.948
DIA 1,,1.92720964519838,8.32396880883832,-71.048,-38.941
DIA 1,,1.92861000229569,3.48638464295301,-71.048,-38.940
DIA 1,,1.92904000229570,1.43120261351273,-71.048,-38.940
DIA 1,,1.92924025213964,356.99087303813621,-71.048,-38.939
DIA 1,,1.92956413483446,345.28164781504086,-71.048,-38.939
DIA 1,,1.92990589498426,335.15483129153722,-71.048,-38.939
DIA 1,,1.93060425019475,327.24728193275632,-71.048,-38.938
DIA 1,,1.93244231983434,327.50919819761680,-71.049,-38.937
DIA 1,,1.93256761947520,336.00251232615216,-71.049,-38.937
DIA 1,,1.93314007034645,343.36540831758043,-71.050,-38.936
DIA 1,,1.93680722182955,347.15552840277314,-71.051,-38.932
DIA 1,,1.94135336305041,347.24992399301232,-71.051,-38.928
DIA 1,,1.94257818956874,341.42254970678266,-71.052,-38.927
DIA 1,,1.94315594384177,332.67800063043643,-71.052,-38.926
DIA 1,,1.94360012848805,325.07760854425635,-71.052,-38.926
DIA 1,,1.94417640966942,318.17009587295496,-71.053,-38.925
DIA 1,,1.94468552655188,312.14470343135093,-71.053,-38.925
DIA 1,,1.94525403336802,306.48973719444524,-71.053,-38.925
DIA 1,,1.94579486605934,302.42468601708907,-71.054,-38.924
DIA 1,,1.94679985362145,299.83527540115699,-71.055,-38.924
DIA 1,,1.94772164535498,296.75227577828826,-71.056,-38.923
DIA 1,,1.94918905804403,296.62865470530409,-71.057,-38.923
DIA 1,,1.95024494629571,301.29711067209064,-71.058,-38.922
DIA 1,,1.95123792162268,307.75807118069542,-71.059,-38.922
DIA 1,,1.95176942891332,316.15907383158941,-71.059,-38.921
DIA 1,,1.95262995201004,325.38705351938933,-71.060,-38.921
DIA 1,,1.95344118563854,336.04080624443031,-71.060,-38.920
DIA 1,,1.95426979893798,346.86249753648912,-71.060,-38.919
DIA 1,,1.95565580038097,352.06408513804973,-71.060,-38.918
DIA 1,,1.96673210391600,351.89250751087422,-71.062,-38.907
DIA 1,,1.96743081701879,341.60396068311564,-71.062,-38.906
DIA 1,,1.96852671847420,330.19991590074596,-71.062,-38.905
DIA 1,,1.96939803931064,326.90190255524550,-71.063,-38.905
DIA 1,,1.96989452697413,342.83489140214925,-71.063,-38.904
DIA 1,,1.96990452697413,343.15496623888907,-71.063,-38.904
DIA 1,,1.97008480453790,343.15496623888907,-71.063,-38.904
DIA 1,,1.97009480453790,343.15496623596624,-71.063,-38.904
DIA 1,,1.97020297107616,324.28156354198455,-71.063,-38.904
DIA 1,,1.97059501699184,320.69890917662150,-71.064,-38.904
DIA 1,,1.97108419998419,316.29823302130444,-71.064,-38.903
DIA 1,,1.97239282521702,309.49476004366255,-71.065,-38.902
DIA 1,,1.97247884846969,308.58560856131663,-71.065,-38.902
DIA 1,,1.97296051225284,310.00051236156816,-71.065,-38.902
DIA 1,,1.97326661681014,306.53131945825987,-71.065,-38.902
DIA 1,,1.97358284457617,301.65280659837538,-71.066,-38.902
DIA 1,,1.97395874349874,299.78710809908875,-71.066,-38.901
DIA 1,,1.97471676724508,298.90213303241171,-71.067,-38.901
DIA 1,,1.97564698227397,293.90311068699509,-71.068,-38.901
DIA 1,,1.97679284439482,280.48285592034381,-71.069,-38.900
DIA 1,,1.97680284439483,280.10933498837693,-71.069,-38.900
DIA 1,,1.98137455085959,289.32680939983800,-71.073,-38.899
DIA 1,,1.98197538361503,285.78448556483073,-71.073,-38.898
DIA 1,,1.98228344205105,284.53970910344714,-71.074,-38.898
DIA 1,,1.98257464644662,282.15564101230046,-71.074,-38.898
DIA 1,,1.98326196005771,276.38229573954123,-71.075,-38.898
DIA 1,,1.98352272815393,272.19935267731813,-71.075,-38.898
DIA 1,,1.98421272815392,268.59222165780164,-71.076,-38.898
DIA 1,,1.98482346541331,264.81404962961523,-71.076,-38.898
DIA 1,,1.98581205026045,261.22811718434667,-71.077,-38.898
DIA 1,,1.98742651611639,265.00628921253309,-71.079,-38.899
DIA 1,,1.98745651611638,264.39358946185928,-71.079,-38.899
DIA 1,,1.98977068983502,257.47979949031628,-71.081,-38.899
DIA 1,,1.99776229167695,257.56175719269351,-71.089,-38.901
DIA 1,,1.99948420921273,255.25807274870431,-71.091,-38.901
DIA 1,,1.99951583198933,256.05136448067515,-71.091,-38.901
DIA 1,,2.00012410824236,262.72903496585087,-71.091,-38.901
DIA 1,,2.00057588252229,268.22395879099605,-71.092,-38.901
DIA 1,,2.00132614914156,275.27342393686808,-71.092,-38.901
DIA 1,,2.00196403627891,282.65668494403712,-71.093,-38.901
DIA 1,,2.00264123639704,289.27153555719957,-71.094,-38.901
DIA 1,,2.00311663097000,281.12451182867824,-71.094,-38.901
DIA 1,,2.00312663097000,284.40539687101767,-71.094,-38.901
DIA 1,,2.00335488521422,300.85801833266055,-71.094,-38.901
DIA 1,,2.00355736978153,304.60487002297458,-71.095,-38.901
DIA 1,,2.00416539938607,310.24878383365126,-71.095,-38.900
DIA 1,,2.00466749499449,316.30847089489606,-71.095,-38.900
DIA 1,,2.00632508360449,315.89364710150249,-71.097,-38.899
DIA 1,,2.00657267197255,336.68171147892599,-71.097,-38.899
DIA 1,,2.00658267197255,334.54692944225263,-71.097,-38.899
DIA 1,,2.00678882725384,306.58552708224551,-71.097,-38.898
DIA 1,,2.00719931476887,300.91786794069952,-71.097,-38.898
DIA 1,,2.00741402387441,299.88196190566327,-71.097,-38.898
DIA 1,,2.00750836368573,298.78267419071193,-71.097,-38.898
DIA 1,,2.00776331466141,292.16899919678832,-71.098,-38.898
DIA 1,,2.00829142449847,285.89683799366401,-71.098,-38.898
DIA 1,,2.01033389848851,299.00782137245324,-71.100,-38.897
DIA 1,,2.01034804062413,300.80721223449240,-71.100,-38.897
DIA 1,,2.01164206535341,285.14286581071195,-71.101,-38.897
DIA 1,,2.01240364266400,282.59256915824506,-71.102,-38.897
DIA 1,,2.01350582232268,298.25691558202556,-71.103,-38.897
DIA 1,,2.01351996445831,299.35348049227360,-71.103,-38.897
DIA 1,,2.01394198341521,285.02150194718803,-71.104,-38.896
DIA 1,,2.01454638394466,287.61106512981843,-71.104,-38.896
DIA 1,,2.01494800565723,286.92640346714012,-71.105,-38.896
DIA 1,,2.01599347206032,281.85644091315100,-71.106,-38.896
DIA 1,,2.01691417831098,273.96385340040626,-71.107,-38.896
DIA 1,,2.01761424973591,267.25734308333296,-71.107,-38.896
DIA 1,,2.01810587967805,264.31165241021046,-71.108,-38.896
DIA 1,,2.01879056938878,262.18308737446080,-71.108,-38.896
DIA 1,,2.02001539590711,258.91774582065949,-71.110,-38.896
DIA 1,,2.02071396587498,254.82837555665321,-71.110,-38.896
DIA 1,,2.02084998058006,254.39447871786476,-71.110,-38.896
DIA 1,,2.02470630006891,262.94584320360133,-71.114,-38.897
DIA 1,,2.02473630006891,262.23794450173949,-71.114,-38.897
DIA 1,,2.02529674631968,255.87576665892755,-71.115,-38.897
DIA 1,,2.02561455129132,254.96080983963691,-71.115,-38.897
DIA 1,,2.02578218183745,254.35269209728503,-71.115,-38.897
DIA 1,,2.02868776267439,256.92184484775214,-71.118,-38.898
DIA 1,,2.02968023433647,261.98510301640130,-71.119,-38.898
DIA 1,,2.02983056730024,264.37725859763424,-71.119,-38.898
DIA 1,,2.03006251557034,265.32971979737965,-71.119,-38.898
DIA 1,,2.03036268219074,266.78842955453831,-71.120,-38.898
DIA 1,,2.03074386456179,268.29385882868502,-71.120,-38.898
DIA 1,,2.03126396070675,272.96606303672280,-71.121,-38.898
DIA 1,,2.03197649140784,277.14637108351542,-71.121,-38.898
DIA 1,,2.03240228478496,281.09333894635716,-71.122,-38.898
DIA 1,,2.03272008975660,284.33487579293666,-71.122,-38.898
DIA 1,,2.03301129415217,287.72392220400212,-71.122,-38.898
DIA 1,,2.03352050923443,291.42900668280703,-71.123,-38.898
DIA 1,,2.03399977951309,304.17778243973214,-71.123,-38.898
DIA 1,,2.03401392164870,306.17493790032728,-71.123,-38.898
DIA 1,,2.03434041820306,299.67762949327641,-71.124,-38.898
DIA 1,,2.03443475801437,298.22466899305630,-71.124,-38.898
DIA 1,,2.03455558847412,299.39502609022225,-71.124,-38.898
DIA 1,,2.03528229336607,308.16665494842613,-71.124,-38.897
DIA 1,,2.03568590208748,313.49360624772618,-71.125,-38.897
DIA 1,,2.03603945547808,316.95912443171784,-71.125,-38.897
DIA 1,,2.03655685281089,321.92941094879058,-71.125,-38.896
DIA 1,,2.03725320042523,326.86571996531802,-71.126,-38.896
DIA 1,,2.04045682337433,327.14117195411620,-71.127,-38.893
DIA 1,,2.04065098825272,329.46321291285381,-71.127,-38.893
DIA 1,,2.04067334893250,329.03624346388358,-71.127,-38.893
DIA 1,,2.04105348048867,321.01174107163513,-71.128,-38.892
DIA 1,,2.04139318624370,312.63046384084714,-71.128,-38.892
DIA 1,,2.04162122132872,304.17026428561877,-71.128,-38.892
DIA 1,,2.04201568298718,297.21401694678246,-71.128,-38.892
DIA 1,,2.04221266014322,290.85358030001834,-71.129,-38.892
DIA 1,,2.04247514823818,285.89045754671292,-71.129,-38.892
DIA 1,,2.04272253457572,277.01812173356410,-71.129,-38.892
DIA 1,,2.04274253457573,275.24573850621300,-71.129,-38.892
DIA 1,,2.04384089699314,282.38628637423636,-71.130,-38.891
DIA 1,,2.04440843553809,287.25297758355771,-71.131,-38.891
DIA 1,,2.04461092010541,292.33440710539406,-71.131,-38.891
DIA 1,,2.04485258102488,297.70385565549736,-71.131,-38.891
DIA 1,,2.04502750958172,305.26171225044362,-71.131,-38.891
DIA 1,,2.04562416693732,316.16241699383289,-71.132,-38.891
DIA 1,,2.04593817330669,326.25436442610209,-71.132,-38.890
DIA 1,,2.04607709774659,332.36333467884242,-71.132,-38.890
DIA 1,,2.04624262720016,337.21353065127835,-71.132,-38.890
DIA 1,,2.04641350727507,343.50900595688665,-71.132,-38.890
DIA 1,,2.04701765957375,346.22502491291533,-71.132,-38.889
DIA 1,,2.04740093493168,342.75849925787782,-71.132,-38.889
DIA 1,,2.04779310836271,350.32050291233793,-71.132,-38.889
DIA 1,,2.04780310836270,347.61242971717274,-71.132,-38.889
DIA 1,,2.04794628657333,332.13055144754384,-71.133,-38.888
DIA 1,,2.04800459609229,326.08317290805974,-71.133,-38.888
DIA 1,,2.04820459609228,320.30982763999407,-71.133,-38.888
DIA 1,,2.04836738429824,313.07468058885399,-71.133,-38.888
DIA 1,,2.04868754051012,302.90474497553555,-71.133,-38.888
DIA 1,,2.04912583265013,292.00404023242811,-71.133,-38.888
DIA 1,,2.04947065144313,283.73902702213320,-71.134,-38.888
DIA 1,,2.04963343964908,278.07359771475103,-71.134,-38.888
DIA 1,,2.04994488787913,271.33256746259690,-71.134,-38.888
DIA 1,,2.05014513772308,264.19571625537810,-71.134,-38.888
DIA 1,,2.05027666718746,258.95255531214104,-71.135,-38.888
DIA 1,,2.05088304990489,255.07345575255823,-71.135,-38.888
DIA 1,,2.05200946013212,250.84711456046600,-71.136,-38.888
DIA 1,,2.05206331178018,251.54874617064991,-71.136,-38.888
DIA 1,,2.05271584530423,253.68666673271645,-71.137,-38.888
DIA 1,,2.05331359106959,253.56214756684480,-71.137,-38.888
DIA 1,,2.05384245778247,252.97544035162588,-71.138,-38.889
DIA 1,,2.05452867932105,249.74980385497409,-71.139,-38.889
DIA 1,,2.05533645404211,245.67447999525817,-71.139,-38.889
DIA 1,,2.05803765747762,242.09968713491753,-71.142,-38.890
DIA 1,,2.05857477943771,242.07145566855456,-71.142,-38.891
DIA 1,,2.05932611158796,256.54695327197749,-71.143,-38.891
DIA 1,,2.05934611158795,253.15496624170757,-71.143,-38.891
DIA 1,,2.05938216710071,243.50994313187141,-71.143,-38.891
DIA 1,,2.06001785570372,260.35497689016381,-71.144,-38.891
DIA 1,,2.06002785570372,262.43799634619114,-71.144,-38.891
DIA 1,,2.06041113106166,258.57708344594766,-71.144,-38.891
DIA 1,,2.06100653008753,265.71153840179090,-71.145,-38.891
DIA 1,,2.06167660471023,267.19063045582897,-71.145,-38.891
DIA 1,,2.06179702065602,269.78979912964365,-71.145,-38.891
DIA 1,,2.06417384627015,279.18974171220702,-71.148,-38.891
DIA 1,,2.06421507732641,279.17613549621876,-71.148,-38.891
DIA 1,,2.06527809190767,273.54759719194271,-71.149,-38.891
DIA 1,,2.06630930478579,271.71145628915554,-71.150,-38.891
DIA 1,,2.06808941714181,272.82842973469093,-71.152,-38.891
DIA 1,,2.06866160592184,278.16152311462753,-71.152,-38.891
DIA 1,,2.06886556670238,284.00458835344665,-71.152,-38.891
DIA 1,,2.06907437283256,290.95018393943354,-71.153,-38.891
DIA 1,,2.06945013871712,300.51938829997101,-71.153,-38.891
DIA 1,,2.06967217475023,309.87836438386097,-71.153,-38.891
DIA 1,,2.07004700804651,316.55199596910887,-71.153,-38.890
DIA 1,,2.07033769688359,320.54807162128293,-71.154,-38.890
DIA 1,,2.07080780325453,320.65496623727722,-71.154,-38.890
DIA 1,,2.07117658503282,317.19935267821620,-71.154,-38.889
DIA 1,,2.07136043279593,312.40278554446417,-71.154,-38.889
DIA 1,,2.07151663778945,305.53465139244958,-71.154,-38.889
DIA 1,,2.07184420457653,297.44655471291350,-71.155,-38.889
DIA 1,,2.07201884706850,291.03216327618543,-71.155,-38.889
DIA 1,,2.07233507483451,285.26485295016067,-71.155,-38.889
DIA 1,,2.07247825304515,279.97403518974977,-71.155,-38.889
DIA 1,,2.07306374429188,275.75276804111905,-71.156,-38.889
DIA 1,,2.07353470076546,275.38861956484863,-71.156,-38.889
DIA 1,,2.07393781365287,273.56250817457618,-71.157,-38.889
DIA 1,,2.07399781365286,274.87621247076896,-71.157,-38.889
DIA 1,,2.07464719797667,282.84891042084627,-71.157,-38.889
DIA 1,,2.07508400457003,287.61772106012506,-71.158,-38.888
DIA 1,,2.07529590077103,291.15776911459187,-71.158,-38.888
DIA 1,,2.07573052704727,296.38518665307794,-71.158,-38.888
DIA 1,,2.07613363993468,301.71747441107624,-71.159,-38.888
DIA 1,,2.07638602852397,300.12755935108152,-71.159,-38.888
DIA 1,,2.07643074988352,300.77853568754506,-71.159,-38.888
DIA 1,,2.07655281543968,308.22986280723995,-71.159,-38.888
DIA 1,,2.07712666210909,315.35205010808255,-71.160,-38.887
DIA 1,,2.07750954590347,322.20595282038499,-71.160,-38.887
DIA 1,,2.07778972441799,327.96334225216356,-71.160,-38.887
DIA 1,,2.07807625539363,333.36233354259588,-71.160,-38.887
DIA 1,,2.07898499077866,337.21625875136993,-71.160,-38.886
DIA 1,,2.07939352474297,340.01203762826196,-71.161,-38.885
DIA 1,,2.07958326140259,343.91439143552338,-71.161,-38.885
DIA 1,,2.08004651079546,343.91439143532961,-71.161,-38.885
DIA 1,,2.08026787023168,338.27407884943381,-71.161,-38.885
DIA 1,,2.08043339968525,332.61911261392243,-71.161,-38.884
DIA 1,,2.08059464484021,326.10403808590809,-71.161,-38.884
DIA 1,,2.08088670647754,316.79324840273989,-71.161,-38.884
DIA 1,,2.08100712242333,290.81676966898704,-71.161,-38.884
DIA 1,,2.08101712242333,288.01368669123144,-71.161,-38.884
DIA 1,,2.08115313712842,301.29621228248453,-71.161,-38.884
DIA 1,,2.08122021916774,300.12755935267717,-71.161,-38.884
DIA 1,,2.08129233019325,300.88127722956182,-71.161,-38.884
DIA 1,,2.08146233019326,292.79902765484536,-71.162,-38.884
DIA 1,,2.08186082737016,278.76278418670756,-71.162,-38.884
DIA 1,,2.08188082737016,274.37308113115995,-71.162,-38.884
DIA 1,,2.08214388629892,276.39787198289235,-71.162,-38.884
DIA 1,,2.08327671461778,272.42825557912613,-71.163,-38.883
DIA 1,,2.08398678503682,272.54804139198041,-71.164,-38.883
DIA 1,,2.08438790845922,276.79954675227140,-71.165,-38.883
DIA 1,,2.08500605083764,281.89011713747948,-71.165,-38.883
DIA 1,,2.08532620704951,286.69746925807306,-71.165,-38.883
DIA 1,,2.08569620704950,292.81593422581597,-71.166,-38.883
DIA 1,,2.08749848338793,294.59332921656448,-71.167,-38.882
DIA 1,,2.08781233048445,289.91672951737479,-71.168,-38.882
DIA 1,,2.08814759157674,285.55740487419956,-71.168,-38.882
DIA 1,,2.08915655143719,287.78109729832562,-71.169,-38.882
DIA 1,,2.08921040308526,288.35483374868016,-71.169,-38.882
DIA 1,,2.09080404670915,287.09915211561918,-71.171,-38.881
DIA 1,,2.09101594291016,292.24558493191984,-71.171,-38.881
DIA 1,,2.09139170879472,297.33850632456716,-71.171,-38.881
DIA 1,,2.09165590569099,329.73794450206032,-71.171,-38.881
DIA 1,,2.09166590569099,332.60879648461349,-71.171,-38.881
DIA 1,,2.09187399221146,307.34502640802992,-71.172,-38.881
DIA 1,,2.09209421936692,311.16434949078496,-71.172,-38.881
DIA 1,,2.09341743514675,311.61038785379901,-71.173,-38.880
DIA 1,,2.09367992324172,305.31048686819514,-71.173,-38.880
DIA 1,,2.09395777212150,297.10946306957834,-71.173,-38.880
DIA 1,,2.09415474927754,290.44500101992242,-71.173,-38.880
DIA 1,,2.09439516558314,285.08401648956885,-71.174,-38.879
DIA 1,,2.09456980807511,279.97517836126906,-71.174,-38.879
DIA 1,,2.09474098050279,274.24987370821009,-71.174,-38.879
DIA 1,,2.09506113671466,269.91870077963296,-71.174,-38.879
DIA 1,,2.09594164792982,266.95143360458621,-71.175,-38.879
DIA 1,,2.09663345715207,245.42768813953205,-71.176,-38.879
DIA 1,,2.09664759928769,245.79170591420399,-71.176,-38.879
DIA 1,,2.09798998522326,268.63684450306511,-71.177,-38.880
DIA 1,,2.09882004546204,274.06084258424676,-71.178,-38.880
DIA 1,,2.09905199373212,279.37067022221800,-71.178,-38.880
DIA 1,,2.09930694470781,286.17372175014066,-71.178,-38.879
DIA 1,,2.09958551247335,293.07617295597470,-71.179,-38.879
DIA 1,,2.09993892441430,296.64671249808595,-71.179,-38.879
DIA 1,,2.10057421962126,295.90398392016982,-71.180,-38.879
DIA 1,,2.10074886211324,292.00290647181697,-71.180,-38.879
DIA 1,,2.10112222520728,287.65392619578881,-71.180,-38.879
DIA 1,,2.10143270870120,280.25180749076179,-71.180,-38.879
DIA 1,,2.10184465529969,271.19618384255614,-71.181,-38.879
DIA 1,,2.10202493286346,264.03700380953427,-71.181,-38.879
DIA 1,,2.10228799179222,257.37473817792403,-71.181,-38.879
DIA 1,,2.10285119690583,249.52584191915457,-71.182,-38.879
DIA 1,,2.10297202736557,247.72172846560409,-71.182,-38.879
DIA 1,,2.10372813582340,250.94162505218557,-71.183,-38.879
DIA 1,,2.10414873064030,256.26675809291436,-71.183,-38.879
DIA 1,,2.10439204114151,263.36180147916212,-71.183,-38.879
DIA 1,,2.10469270706908,268.83551930974596,-71.184,-38.879
DIA 1,,2.10739361432406,272.56866811717367,-71.186,-38.879
DIA 1,,2.10786457079763,275.38861956467400,-71.187,-38.879
DIA 1,,2.10834830626252,279.82691202868278,-71.187,-38.879
DIA 1,,2.10862489259624,285.23910535088822,-71.187,-38.879
DIA 1,,2.10937121692252,283.34778262724120,-71.188,-38.879
DIA 1,,2.10950274638691,287.65560672004250,-71.188,-38.879
DIA 1,,2.10972635318466,299.42034774591650,-71.188,-38.879
DIA 1,,2.10995107523520,300.76223532528303,-71.189,-38.879
DIA 1,,2.11023760621083,301.06911428486194,-71.189,-38.878
DIA 1,,2.11202391525465,306.18093104049598,-71.190,-38.878
DIA 1,,2.11268459672101,312.93482043771155,-71.191,-38.877
DIA 1,,2.11297459672102,318.55388708200678,-71.191,-38.877
DIA 1,,2.11311672342505,322.65789864612742,-71.191,-38.877
DIA 1,,2.11358287790588,326.38887878910685,-71.191,-38.876
DIA 1,,2.11426551983252,331.57782997339569,-71.192,-38.876
DIA 1,,2.11443104928609,330.46858458316012,-71.192,-38.876
DIA 1,,2.11487759155733,327.14342310672890,-71.192,-38.875
DIA 1,,2.11613477093991,327.47213499754412,-71.193,-38.874
DIA 1,,2.11666174342496,323.97583908367369,-71.193,-38.874
DIA 1,,2.11678980590972,323.56224480515772,-71.193,-38.874
DIA 1,,2.11709213023887,323.95465710818780,-71.193,-38.873
DIA 1,,2.11789025303644,320.34327471894858,-71.194,-38.873
DIA 1,,2.11959767799819,319.11419573025330,-71.195,-38.872
DIA 1,,2.12307402665734,321.39848036186055,-71.197,-38.869
DIA 1,,2.12327402665734,321.40800109589856,-71.197,-38.869
DIA 1,,2.12543793515817,317.92751958355473,-71.199,-38.867
DIA 1,,2.12578448962720,313.58911311434815,-71.199,-38.867
DIA 1,,2.12608928464028,306.64236560719502,-71.199,-38.867
DIA 1,,2.12631400669083,300.28820003984663,-71.199,-38.866
DIA 1,,2.12646165492143,300.99541164470736,-71.200,-38.866
DIA 1,,2.12653376594694,300.51997165214641,-71.200,-38.866
DIA 1,,2.12686026250128,295.89691528058211,-71.200,-38.866
DIA 1,,2.12710192342075,292.04888941907058,-71.200,-38.866
DIA 1,,2.12725058410823,287.40394605435068,-71.200,-38.866
DIA 1,,2.12774787677859,282.30819512915258,-71.201,-38.866
DIA 1,,2.12805201490512,277.50764662061681,-71.201,-38.866
DIA 1,,2.12877540967976,274.19354102479303,-71.202,-38.866
DIA 1,,2.12978664654618,269.37424711806386,-71.203,-38.866
DIA 1,,2.13020771661162,263.91587521592135,-71.203,-38.866
DIA 1,,2.13191467296724,264.17051641838941,-71.205,-38.866
DIA 1,,2.13239560955349,269.92864799369801,-71.205,-38.866
DIA 1,,2.13289650874495,275.87964034639066,-71.206,-38.866
DIA 1,,2.13331087573205,279.81779140204566,-71.206,-38.866
DIA 1,,2.13351483651259,282.72299713609942,-71.206,-38.866
DIA 1,,2.13490699311298,286.58083391796015,-71.208,-38.866
DIA 1,,2.13521375034599,291.73478040873056,-71.208,-38.866
DIA 1,,2.13545541126546,297.70385565669466,-71.208,-38.865
DIA 1,,2.13563033982229,303.60879713502794,-71.208,-38.865
DIA 1,,2.13581635057467,309.56637066952760,-71.209,-38.865
DIA 1,,2.13600740030642,318.94344170369470,-71.209,-38.865
DIA 1,,2.13612946586258,320.00398989896746,-71.209,-38.865
DIA 1,,2.13617189226946,320.00398989801118,-71.209,-38.865
DIA 1,,2.13629395782561,329.22146431422175,-71.209,-38.865
DIA 1,,2.13636103986493,337.50000000135702,-71.209,-38.865
DIA 1,,2.13664564485434,345.19560646736295,-71.209,-38.865
DIA 1,,2.13747129611245,347.39495914426197,-71.209,-38.864
DIA 1,,2.13771868244998,343.76440385641973,-71.209,-38.863
DIA 1,,2.13787679633299,336.74628212122394,-71.209,-38.863
DIA 1,,2.13804679633299,329.65413499520037,-71.209,-38.863
DIA 1,,2.13834361277458,325.45576127028056,-71.210,-38.863
DIA 1,,2.13862961976751,322.08950649198073,-71.210,-38.863
DIA 1,,2.13927622629392,317.82412369005084,-71.210,-38.862
DIA 1,,2.13931865270079,318.74044309288081,-71.210,-38.862
DIA 1,,2.14002469802512,320.99743731867096,-71.211,-38.862
DIA 1,,2.14056377130399,318.18079936116442,-71.211,-38.861
DIA 1,,2.14078308842599,313.32659067911533,-71.211,-38.861
DIA 1,,2.14093929341950,306.74781931038456,-71.211,-38.861
DIA 1,,2.14115562649603,300.12755935178984,-71.211,-38.861
DIA 1,,2.14135687261401,292.04530977493897,-71.212,-38.861
DIA 1,,2.14155612120246,284.23981550791541,-71.212,-38.861
DIA 1,,2.14187187427054,276.23074920115647,-71.212,-38.861
DIA 1,,2.14225200582671,266.68866670276662,-71.212,-38.861
DIA 1,,2.14267626989542,260.64818711375415,-71.213,-38.861
DIA 1,,2.14343922467783,260.91591660642172,-71.214,-38.861
DIA 1,,2.14374187959683,264.29564089810754,-71.214,-38.861
DIA 1,,2.14389221256062,269.99999999941451,-71.214,-38.861
DIA 1,,2.14419287848819,276.45217587719378,-71.214,-38.861
DIA 1,,2.14444605826622,281.29300510116900,-71.215,-38.861
DIA 1,,2.14470315746886,288.46221304499113,-71.215,-38.861
DIA 1,,2.14503011312335,296.11974327579293,-71.215,-38.861
DIA 1,,2.14525836736755,302.01419335649075,-71.215,-38.860
DIA 1,,2.14546645388802,308.51888142418034,-71.216,-38.860
DIA 1,,2.14572140486370,313.41008493956684,-71.216,-38.860
DIA 1,,2.14685277571360,317.85529656864907,-71.217,-38.859
DIA 1,,2.14713702912167,323.84336279085807,-71.217,-38.859
DIA 1,,2.14737556633050,328.45377481115111,-71.217,-38.859
DIA 1,,2.14803420128251,336.41434410463597,-71.217,-38.858
DIA 1,,2.14817021598760,335.96675725205188,-71.217,-38.858
DIA 1,,2.14822852550654,337.05241314745820,-71.217,-38.858
DIA 1,,2.14838376725350,350.33493873294378,-71.217,-38.858
DIA 1,,2.14864453534972,0.39786177654529,-71.217,-38.858
DIA 1,,2.14886544257006,8.25218069092884,-71.217,-38.858
DIA 1,,2.14901841315546,16.08219525620448,-71.217,-38.857
DIA 1,,2.14969257930709,18.39992696915849,-71.217,-38.857
DIA 1,,2.14991098260377,12.34577908187077,-71.217,-38.857
DIA 1,,2.15004251206815,26.87308114286733,-71.217,-38.856
DIA 1,,2.15005665420378,22.50000001017778,-71.217,-38.856
DIA 1,,2.15011665420378,9.21747440331878,-71.217,-38.856
DIA 1,,2.15014827698037,9.21747440331878,-71.217,-38.856
DIA 1,,2.15022827698038,2.38182084620538,-71.217,-38.856
DIA 1,,2.15034869292616,3.01833585643469,-71.217,-38.856
DIA 1,,2.15079880402356,358.25469416416428,-71.217,-38.856
DIA 1,,2.15091921996935,350.60005741757703,-71.217,-38.856
DIA 1,,2.15096045102561,342.70385565580216,-71.217,-38.856
DIA 1,,2.15104589106306,335.41674755814029,-71.217,-38.855
DIA 1,,2.15117119070392,325.10180758384593,-71.217,-38.855
DIA 1,,2.15127749216204,315.40064366532420,-71.217,-38.855
DIA 1,,2.15141202840252,304.27613183599743,-71.217,-38.855
DIA 1,,2.15147911044185,293.10943761738139,-71.217,-38.855
DIA 1,,2.15162777112931,287.19869344718330,-71.217,-38.855
DIA 1,,2.15182423995636,279.57113409655705,-71.218,-38.855
DIA 1,,2.15195462400446,267.61817915519021,-71.218,-38.855
DIA 1,,2.15226863037382,254.22875895153621,-71.218,-38.855
DIA 1,,2.15245247813694,236.30993246438445,-71.218,-38.855
DIA 1,,2.15246662027255,230.65496622604940,-71.218,-38.855
DIA 1,,2.15253873129807,239.87244065040227,-71.218,-38.855
DIA 1,,2.15260581333740,234.96464120952223,-71.218,-38.855
DIA 1,,2.15341926278265,228.60246336490317,-71.219,-38.856
DIA 1,,2.15356138948669,235.48285592116315,-71.219,-38.856
DIA 1,,2.15388387979663,243.14631486473775,-71.219,-38.856
DIA 1,,2.15398236837465,250.39119616050559,-71.219,-38.856
DIA 1,,2.15409638591715,257.43953717605694,-71.220,-38.856
DIA 1,,2.15432983826775,255.84962211314979,-71.220,-38.856
DIA 1,,2.15436146104435,260.78252558446786,-71.220,-38.856
DIA 1,,2.15454146104435,274.30782409215516,-71.220,-38.856
DIA 1,,2.15487522742972,282.77158062426395,-71.220,-38.856
DIA 1,,2.15511564373532,293.08816970082842,-71.221,-38.856
DIA 1,,2.15540217471096,305.61801941617824,-71.221,-38.856
DIA 1,,2.15567124719190,317.55865742399362,-71.221,-38.856
DIA 1,,2.15582124719190,329.96575591900915,-71.221,-38.856
DIA 1,,2.15597356265402,344.33565356987424,-71.221,-38.855
DIA 1,,2.15604427333214,348.56316740879578,-71.221,-38.855
DIA 1,,2.15624074215918,349.52649463044975,-71.221,-38.855
DIA 1,,2.15716616098328,356.89827604905418,-71.221,-38.854
DIA 1,,2.15719616098328,355.26883889587714,-71.221,-38.854
DIA 1,,2.15750029910980,344.18566598529088,-71.221,-38.854
DIA 1,,2.15779184670454,330.06970685551619,-71.221,-38.854
DIA 1,,2.15806987548004,327.87035418977678,-71.222,-38.853
DIA 1,,2.15809223615981,323.23000741794328,-71.222,-38.853
DIA 1,,2.15829741900510,308.14997698632510,-71.222,-38.853
DIA 1,,2.15868017218928,309.13744399205621,-71.222,-38.853
DIA 1,,2.15869431432491,303.18531113520544,-71.222,-38.853
DIA 1,,2.15894129610560,288.50643436365885,-71.222,-38.853
DIA 1,,2.15920091120532,281.88617440512422,-71.223,-38.853
DIA 1,,2.15955446459591,276.24059015246741,-71.223,-38.853
DIA 1,,2.16047712379627,281.39301339132862,-71.224,-38.853
DIA 1,,2.16050874657287,279.21747441553214,-71.224,-38.853
DIA 1,,2.16059874657287,274.48631330748486,-71.224,-38.853
DIA 1,,2.16175286961657,280.34886931490757,-71.225,-38.853
DIA 1,,2.16229416436069,279.65987769162962,-71.226,-38.853
DIA 1,,2.16259681927969,275.48055201588659,-71.226,-38.852
DIA 1,,2.16293740700700,268.12072215710367,-71.226,-38.852
DIA 1,,2.16334051989442,260.30510496217579,-71.227,-38.853
DIA 1,,2.16357589194034,255.31624865101540,-71.227,-38.853
DIA 1,,2.16371190664542,261.44863551426346,-71.227,-38.853
DIA 1,,2.16373190664543,258.40070474387784,-71.227,-38.853
DIA 1,,2.16380806437648,249.18323033241683,-71.227,-38.853
DIA 1,,2.16425078324891,250.41974615555063,-71.228,-38.853
DIA 1,,2.16504198486670,246.96413259622244,-71.228,-38.853
DIA 1,,2.16546246078754,241.57477866980895,-71.229,-38.853
DIA 1,,2.16582605396679,234.46803265596361,-71.229,-38.853
DIA 1,,2.16612438264460,233.37513225080980,-71.229,-38.854
DIA 1,,2.16616043815735,233.03678708073724,-71.229,-38.854
DIA 1,,2.16650102588466,236.59929526489617,-71.229,-38.854
DIA 1,,2.16652338656444,234.21747441960321,-71.230,-38.854
DIA 1,,2.16653752870007,229.73116110353143,-71.230,-38.854
DIA 1,,2.16688162171074,238.94863551499239,-71.230,-38.854
DIA 1,,2.16714994986805,246.72592115080815,-71.230,-38.854
DIA 1,,2.16738404386626,252.99032500578309,-71.230,-38.854
DIA 1,,2.16763143020380,261.19371107901640,-71.230,-38.854
DIA 1,,2.16795205459464,269.23453705666111,-71.231,-38.854
DIA 1,,2.16823223310915,275.28808704890537,-71.231,-38.854
DIA 1,,2.16863670807748,281.28350453878801,-71.231,-38.854
DIA 1,,2.16876040124625,277.01812173396326,-71.232,-38.854
DIA 1,,2.16878040124625,276.62025995766038,-71.232,-38.854
DIA 1,,2.16930432872215,280.68531113453474,-71.232,-38.854
DIA 1,,2.16944575007839,279.83236150349330,-71.232,-38.854
DIA 1,,2.16994585006839,279.64989333616182,-71.233,-38.854
DIA 1,,2.17038992213461,274.72492516817442,-71.233,-38.854
DIA 1,,2.17073006916164,268.27824663769178,-71.234,-38.854
DIA 1,,2.17151320388824,262.84148644042381,-71.234,-38.854
DIA 1,,2.17220204349221,242.90558197154127,-71.235,-38.854
DIA 1,,2.17221618562784,242.21323830080635,-71.235,-38.854
DIA 1,,2.17297914041024,251.43071269394741,-71.236,-38.854
DIA 1,,2.17300150109001,249.22905643358089,-71.236,-38.854
DIA 1,,2.17462670876905,255.76371538994633,-71.237,-38.855
DIA 1,,2.17539800637699,258.09971012535550,-71.238,-38.855
DIA 1,,2.17573341657361,263.25766170580175,-71.238,-38.855
DIA 1,,2.17609397170115,269.60305695483100,-71.239,-38.855
DIA 1,,2.17633417994415,274.90867600055157,-71.239,-38.855
DIA 1,,2.17656612821424,279.19273530736649,-71.239,-38.855
DIA 1,,2.17688188128232,282.63444477682873,-71.240,-38.855
DIA 1,,2.17837834377767,290.43993903571010,-71.241,-38.854
DIA 1,,2.17840070445744,286.84503375610029,-71.241,-38.854
DIA 1,,2.17848132703493,279.82691203003981,-71.241,-38.854
DIA 1,,2.17857352247950,279.55537618222246,-71.241,-38.854
DIA 1,,2.17883524752606,274.00702041968879,-71.241,-38.854
DIA 1,,2.17923537250654,269.41476699105635,-71.242,-38.854
DIA 1,,2.17945559966199,264.98301491340266,-71.242,-38.854
DIA 1,,2.17968754793209,263.83474978737871,-71.242,-38.854
DIA 1,,2.18039011465491,310.96053871392400,-71.243,-38.855
DIA 1,,2.18075066978245,352.75511870133539,-71.243,-38.854
DIA 1,,2.18080165997758,355.04362427450718,-71.243,-38.854
DIA 1,,2.18121178191067,4.26109868956957,-71.243,-38.854
DIA 1,,2.18129240448815,11.53520612309244,-71.243,-38.854
DIA 1,,2.18136520558705,21.25522353321381,-71.243,-38.854
DIA 1,,2.18143228762637,29.28521719078153,-71.243,-38.853
DIA 1,,2.18152662743769,34.43764042828573,-71.243,-38.853
DIA 1,,2.18162662743770,40.93494882332912,-71.243,-38.853
DIA 1,,2.18179633306518,48.35491840390452,-71.243,-38.853
DIA 1,,2.18276463054013,46.15556572736466,-71.242,-38.853
DIA 1,,2.18294902142928,65.30064732346014,-71.242,-38.852
DIA 1,,2.18295902142927,62.91882647846040,-71.242,-38.852
DIA 1,,2.18318105746239,34.28643961408798,-71.242,-38.852
DIA 1,,2.18401322331124,27.60733033500575,-71.241,-38.852
DIA 1,,2.18432707040777,17.73702559442160,-71.241,-38.851
DIA 1,,2.18446048704841,10.87038952773295,-71.241,-38.851
DIA 1,,2.18459201651279,359.28532571109662,-71.241,-38.851
DIA 1,,2.18538448102303,346.74422313367046,-71.241,-38.850
DIA 1,,2.18598888155248,342.85727705875343,-71.241,-38.850
DIA 1,,2.18748153020505,337.74277291378786,-71.242,-38.848
DIA 1,,2.18763805496348,346.71747441029783,-71.242,-38.848
DIA 1,,2.18765805496348,344.87178141923732,-71.242,-38.848
DIA 1,,2.18793590384326,324.75360226361772,-71.242,-38.848
DIA 1,,2.18810619770693,316.51396855025240,-71.242,-38.848
DIA 1,,2.18833965005752,310.56963953157765,-71.242,-38.848
DIA 1,,2.18845366760003,303.38078270895687,-71.242,-38.847
DIA 1,,2.18878487750327,284.44329088325122,-71.243,-38.847
DIA 1,,2.18879487750326,280.20494141682707,-71.243,-38.847
DIA 1,,2.19063008866278,289.03000352694482,-71.244,-38.847
DIA 1,,2.19109182451800,285.39207326318729,-71.245,-38.847
DIA 1,,2.19139988295403,280.63206233177590,-71.245,-38.846
DIA 1,,2.19147059363214,275.30982763920667,-71.245,-38.846
DIA 1,,2.19170081092081,268.64756200746712,-71.246,-38.846
DIA 1,,2.19181126453097,262.67162444295406,-71.246,-38.846
DIA 1,,2.19211540265750,256.05136448376288,-71.246,-38.847
DIA 1,,2.19236838487030,245.91008494118353,-71.246,-38.847
DIA 1,,2.19244900744779,248.10943762183945,-71.246,-38.847
DIA 1,,2.19249023850404,246.88401130077497,-71.246,-38.847
DIA 1,,2.19280929962672,234.16590310810855,-71.247,-38.847
DIA 1,,2.19324975393762,231.68153262896237,-71.247,-38.847
DIA 1,,2.19402776422033,237.01236568217951,-71.248,-38.848
DIA 1,,2.19425601846454,233.09460312898236,-71.248,-38.848
DIA 1,,2.19427016060017,231.69624887722503,-71.248,-38.848
DIA 1,,2.19442280397539,242.88631640248212,-71.248,-38.848
DIA 1,,2.19455280397539,243.20818925862164,-71.248,-38.848
DIA 1,,2.19461111349434,244.44997001916073,-71.248,-38.848
DIA 1,,2.19493064440051,247.95060379892681,-71.248,-38.848
DIA 1,,2.19512762155655,258.01875551313060,-71.249,-38.848
DIA 1,,2.19515762155656,262.44326347010895,-71.249,-38.848
DIA 1,,2.19657670576829,262.44326347010895,-71.250,-38.848
DIA 1,,2.19658670576829,262.70554063353944,-71.250,-38.848
DIA 1,,2.19809534754154,257.31339169984727,-71.251,-38.849
DIA 1,,2.19830912312480,242.10785106630780,-71.252,-38.849
DIA 1,,2.19832326526043,243.65197413944435,-71.252,-38.849
DIA 1,,2.19869662835448,267.83520447112414,-71.252,-38.849
DIA 1,,2.19903721608179,279.31078968297379,-71.252,-38.849
DIA 1,,2.19926525116681,288.52826409376803,-71.253,-38.849
DIA 1,,2.19942680611103,294.18323033101302,-71.253,-38.849
DIA 1,,2.19958333086946,299.51812173336452,-71.253,-38.849
DIA 1,,2.19971371491757,304.67054496856179,-71.253,-38.849
DIA 1,,2.19991371491756,310.38409576615186,-71.253,-38.848
DIA 1,,2.20064924193950,316.42174005686212,-71.254,-38.848
DIA 1,,2.20106033803532,321.03764429138880,-71.254,-38.848
DIA 1,,2.20136033803532,324.36081505094359,-71.254,-38.847
DIA 1,,2.20224515440045,320.29576387909015,-71.255,-38.847
DIA 1,,2.20227343867169,324.21747441247879,-71.255,-38.847
DIA 1,,2.20229579935147,329.18598392490321,-71.255,-38.847
DIA 1,,2.20692610171741,326.10089638127579,-71.257,-38.843
DIA 1,,2.20725896805695,325.93967149920115,-71.257,-38.843
DIA 1,,2.20857140853179,325.71802880600598,-71.258,-38.842
DIA 1,,2.20919269751447,330.55576728029769,-71.259,-38.841
DIA 1,,2.20949236399574,337.92754869786228,-71.259,-38.841
DIA 1,,2.20965047787875,344.93784099994809,-71.259,-38.841
DIA 1,,2.20994661973665,354.15531541181616,-71.259,-38.840
DIA 1,,2.20996661973666,355.83127778064176,-71.259,-38.840
DIA 1,,2.21348379189621,350.17631154187012,-71.259,-38.837
DIA 1,,2.21368775267676,346.87932517232855,-71.259,-38.837
DIA 1,,2.21384299442372,342.01553589849414,-71.259,-38.836
DIA 1,,2.21398227830650,336.19871889904891,-71.259,-38.836
DIA 1,,2.21445185258177,328.70378771893797,-71.260,-38.836
DIA 1,,2.21499591140212,319.48631331067577,-71.260,-38.835
DIA 1,,2.21503833780899,317.56017777484800,-71.260,-38.835
DIA 1,,2.21701906999684,318.10063986495959,-71.261,-38.834
DIA 1,,2.21739390329312,311.47541091675185,-71.262,-38.834
DIA 1,,2.21764390329311,304.88757028379837,-71.262,-38.833
DIA 1,,2.21784638786044,300.75785129385736,-71.262,-38.833
DIA 1,,2.21809698714216,294.73245885293466,-71.262,-38.833
DIA 1,,2.21832170919270,295.90910728626341,-71.262,-38.833
DIA 1,,2.21838001871165,294.69935267809649,-71.262,-38.833
DIA 1,,2.21853813259466,284.87244064839285,-71.263,-38.833
DIA 1,,2.21904803454601,278.51026280581601,-71.263,-38.833
DIA 1,,2.21934953081465,272.12089621145054,-71.263,-38.833
DIA 1,,2.21973965899871,264.77928633508151,-71.264,-38.833
DIA 1,,2.22031672052056,259.30071525989064,-71.264,-38.833
DIA 1,,2.22212917741660,258.74672957336071,-71.266,-38.833
DIA 1,,2.22258623321188,256.98700305513972,-71.266,-38.834
DIA 1,,2.22265903431077,257.54098874247649,-71.267,-38.834
DIA 1,,2.22285138815139,262.72758779096830,-71.267,-38.834
DIA 1,,2.22326333474987,267.30752131916000,-71.267,-38.834
DIA 1,,2.22632335108969,271.56145694463089,-71.270,-38.834
DIA 1,,2.22671386357350,276.19899782712997,-71.271,-38.834
DIA 1,,2.22683551882410,284.68303587279513,-71.271,-38.834
DIA 1,,2.22745236564463,296.79690853333801,-71.271,-38.833
DIA 1,,2.22748842115738,296.33023766869229,-71.271,-38.833
DIA 1,,2.22782679964369,286.13448906926902,-71.272,-38.833
DIA 1,,2.22839195448974,284.32435341146106,-71.272,-38.833
DIA 1,,2.22944968791551,282.40622934814081,-71.273,-38.833
DIA 1,,2.22951051554081,274.73116110181218,-71.273,-38.833
DIA 1,,2.22955051554081,262.23794450243946,-71.273,-38.833
DIA 1,,2.22973733095773,239.73794450243949,-71.274,-38.833
DIA 1,,2.22975147309336,236.23971719842757,-71.274,-38.833
DIA 1,,2.23019531991377,250.27596066631884,-71.274,-38.833
DIA 1,,2.23043573621938,255.88127723029399,-71.274,-38.833
DIA 1,,2.23063969699993,261.96321291788189,-71.274,-38.833
DIA 1,,2.23076011294571,270.16926178170979,-71.274,-38.833
DIA 1,,2.23132234065760,280.01679121546834,-71.275,-38.833
DIA 1,,2.23147758240455,292.09012175726326,-71.275,-38.833
DIA 1,,2.23176411338020,301.68164964046395,-71.275,-38.833
DIA 1,,2.23213854628473,314.40162975313945,-71.276,-38.833
DIA 1,,2.23243265510813,328.03916344668130,-71.276,-38.832
DIA 1,,2.23255795474899,321.28773274883503,-71.276,-38.832
DIA 1,,2.23277055766524,316.40921989046751,-71.276,-38.832
DIA 1,,2.23307666222255,325.01250618483766,-71.276,-38.832
DIA 1,,2.23322930559777,332.21500439035566,-71.276,-38.832
DIA 1,,2.23342628275380,328.68885138360315,-71.276,-38.832
DIA 1,,2.23355434523856,327.38757029414694,-71.277,-38.832
DIA 1,,2.23357670591832,301.71747442367433,-71.277,-38.832
DIA 1,,2.23359670591833,277.01812173635801,-71.277,-38.832
DIA 1,,2.23363793697459,290.30064732489700,-71.277,-38.832
DIA 1,,2.23366029765437,277.62755934918016,-71.277,-38.832
DIA 1,,2.23376227804463,252.12305637224537,-71.277,-38.832
DIA 1,,2.23388310850437,240.93298884736168,-71.277,-38.832
DIA 1,,2.23406338606814,234.30784600346615,-71.277,-38.832
DIA 1,,2.23434141484364,235.34912864379797,-71.277,-38.832
DIA 1,,2.23449405821886,243.91822626741293,-71.277,-38.832
DIA 1,,2.23457949825631,257.12476293645511,-71.277,-38.832
DIA 1,,2.23468995186647,267.40278554513151,-71.278,-38.832
DIA 1,,2.23484995186648,273.67618967982116,-71.278,-38.832
DIA 1,,2.23516252185864,286.18463641864827,-71.278,-38.832
DIA 1,,2.23532805131222,299.35348050217834,-71.278,-38.832
DIA 1,,2.23579677297803,299.23260404746935,-71.279,-38.832
DIA 1,,2.23593995118866,288.65197413845436,-71.279,-38.832
DIA 1,,2.23603214663323,280.01233267439522,-71.279,-38.832
DIA 1,,2.23641542199116,279.05775645706109,-71.279,-38.832
DIA 1,,2.23657821019713,287.18457488430869,-71.279,-38.831
DIA 1,,2.23685134020280,297.58953005463428,-71.280,-38.831
DIA 1,,2.23706229043390,298.10235309147066,-71.280,-38.831
DIA 1,,2.23763500327644,295.93534653110601,-71.280,-38.831
DIA 1,,2.23811801466346,300.80203774122930,-71.281,-38.831
DIA 1,,2.23831217954185,306.80119093651882,-71.281,-38.831
DIA 1,,2.23851833482313,312.50161966699579,-71.281,-38.831
DIA 1,,2.23896386821133,328.73721581124659,-71.281,-38.830
DIA 1,,2.23899549098794,335.91008493865871,-71.281,-38.830
DIA 1,,2.23907611356542,335.37633509890264,-71.281,-38.830
DIA 1,,2.23958532864767,338.75441734551697,-71.282,-38.830
DIA 1,,2.23994379761425,340.04188506666088,-71.282,-38.829
DIA 1,,2.24042463022546,347.47119229142390,-71.282,-38.829
DIA 1,,2.24084889429417,353.73559614531649,-71.282,-38.828
DIA 1,,2.24097927834227,353.98044394106824,-71.282,-38.828
DIA 1,,2.24180662349395,354.99667262351767,-71.282,-38.827
DIA 1,,2.24301765611119,3.30318931316684,-71.282,-38.826
DIA 1,,2.24321000995180,13.70378771988572,-71.282,-38.826
DIA 1,,2.24333650105821,23.89635118228735,-71.282,-38.826
DIA 1,,2.24352007665572,35.67248301980587,-71.282,-38.826
DIA 1,,2.24365461289619,47.97991955426838,-71.282,-38.826
DIA 1,,2.24379062760127,59.47786656808496,-71.282,-38.826
DIA 1,,2.24395615705484,70.79530438506222,-71.282,-38.826
DIA 1,,2.24417202738629,79.23869994556132,-71.281,-38.826
DIA 1,,2.24438415942066,83.25703630141784,-71.281,-38.825
DIA 1,,2.24502696576785,76.42138273615754,-71.281,-38.825
DIA 1,,2.24508081741592,79.09929525752602,-71.280,-38.825
DIA 1,,2.24509081741592,79.09929525752602,-71.280,-38.825
DIA 1,,2.24514466906399,56.59929525413344,-71.280,-38.825
DIA 1,,2.24518709547086,39.34503375959730,-71.280,-38.825
DIA 1,,2.24525920649637,16.84503376298988,-71.280,-38.825
DIA 1,,2.24527920649637,355.26883889488693,-71.280,-38.825
DIA 1,,2.24534003412168,338.42380513189704,-71.280,-38.825
DIA 1,,2.24541214514718,320.26255393594192,-71.280,-38.825
DIA 1,,2.24592838152714,316.03879031191150,-71.281,-38.825
DIA 1,,2.24621157757232,327.33190735791044,-71.281,-38.825
DIA 1,,2.24628773530337,331.55567097567757,-71.281,-38.825
DIA 1,,2.24632379081613,336.13684449438887,-71.281,-38.824
DIA 1,,2.24636502187238,352.98187826364199,-71.281,-38.824
DIA 1,,2.24644502187239,13.28252559261011,-71.281,-38.824
DIA 1,,2.24648974323194,35.78252558752122,-71.281,-38.824
DIA 1,,2.24651802750318,50.65496623661866,-71.281,-38.824
DIA 1,,2.24655408301594,63.93749182943232,-71.281,-38.824
DIA 1,,2.24671219689894,58.28252558772478,-71.281,-38.824
DIA 1,,2.24672633903457,56.59929525752602,-71.281,-38.824
DIA 1,,2.24683404233072,64.57199320760338,-71.281,-38.824
DIA 1,,2.24693699863213,75.47269795007736,-71.281,-38.824
DIA 1,,2.24694699863213,67.49999999830369,-71.281,-38.824
DIA 1,,2.24703185144587,42.40278554543741,-71.281,-38.824
DIA 1,,2.24710995394262,30.01521526361137,-71.280,-38.824
DIA 1,,2.24731243850994,16.05675873618368,-71.280,-38.824
DIA 1,,2.24750660338833,13.41003760843692,-71.280,-38.824
DIA 1,,2.24781708688226,16.68318299963678,-71.280,-38.823
DIA 1,,2.24816493742487,54.21747441090584,-71.280,-38.823
DIA 1,,2.24817493742487,53.55136448430612,-71.280,-38.823
DIA 1,,2.24831095212996,14.59874302459949,-71.280,-38.823
DIA 1,,2.24845413034060,4.45746347986019,-71.280,-38.823
DIA 1,,2.24863440790437,350.21531477216041,-71.280,-38.823
DIA 1,,2.24881160835583,345.40309679981027,-71.280,-38.822
DIA 1,,2.24926282892275,308.59786696721665,-71.280,-38.822
DIA 1,,2.24927282892275,307.60161887806743,-71.280,-38.822
DIA 1,,2.24982100772569,352.60161887806743,-71.280,-38.821
DIA 1,,2.24984100772569,352.76485294993728,-71.280,-38.821
DIA 1,,2.25112163257318,348.69980177252006,-71.281,-38.820
DIA 1,,2.25197016071060,353.38386619668057,-71.281,-38.819
DIA 1,,2.25309461613435,357.44891737409779,-71.281,-38.818
DIA 1,,2.25325461613435,358.09296258222435,-71.281,-38.818
DIA 1,,2.25340494909813,358.09296258222435,-71.281,-38.818
DIA 1,,2.25379494909813,1.36315549706059,-71.281,-38.817
DIA 1,,2.25505637686064,358.50785892737019,-71.281,-38.816
DIA 1,,2.25535787312927,352.70437385493312,-71.281,-38.816
DIA 1,,2.25568175582408,348.54154869165808,-71.281,-38.816
DIA 1,,2.25592914216161,343.51955605841420,-71.281,-38.815
DIA 1,,2.25629914216162,338.48656054097523,-71.281,-38.815
DIA 1,,2.25671543532755,338.52230336716917,-71.281,-38.815
DIA 1,,2.25714867890800,339.51025321322021,-71.281,-38.814
DIA 1,,2.25813102304322,338.90106966311163,-71.282,-38.813
DIA 1,,2.25868464746464,335.81385918362150,-71.282,-38.813
DIA 1,,2.25883229569525,327.03650529709859,-71.282,-38.813
DIA 1,,2.25943834849822,333.21418523025034,-71.282,-38.812
DIA 1,,2.26016635948715,346.52553162391769,-71.283,-38.811
DIA 1,,2.26053310190357,354.49822957460952,-71.283,-38.811
DIA 1,,2.26062310190357,357.40278554529840,-71.283,-38.811
DIA 1,,2.26073355551374,304.05316342811477,-71.283,-38.811
DIA 1,,2.26115116777410,252.27970766022591,-71.283,-38.811
DIA 1,,2.26233387652945,249.94401864280465,-71.284,-38.811
DIA 1,,2.26258085831016,338.62937773079034,-71.284,-38.812
DIA 1,,2.26282784009087,70.14176790125646,-71.284,-38.811
DIA 1,,2.26486118708536,72.93494946612061,-71.282,-38.811
DIA 1,,2.26828010504283,72.72384039690300,-71.279,-38.810
DIA 1,,2.26936794694311,73.08172588686014,-71.278,-38.810
DIA 1,,2.27017572166419,69.18323032353526,-71.277,-38.809
DIA 1,,2.27019808234396,71.06250816865740,-71.277,-38.809
DIA 1,,2.27024907253910,73.44432902181175,-71.277,-38.809
DIA 1,,2.27057218242752,60.66434644006490,-71.277,-38.809
DIA 1,,2.27062218242753,57.15965431093314,-71.277,-38.809
DIA 1,,2.27085043667173,59.35900698233622,-71.277,-38.809
DIA 1,,2.27111120476794,28.76440385499482,-71.276,-38.809
DIA 1,,2.27112120476794,21.35469497894087,-71.276,-38.809
DIA 1,,2.27182887700847,34.63722055526654,-71.276,-38.808
DIA 1,,2.27185123768824,35.59280722582686,-71.276,-38.808
DIA 1,,2.27291899234171,50.46524788494550,-71.275,-38.808
DIA 1,,2.27295504785446,48.74792881757858,-71.275,-38.808
DIA 1,,2.27306134931258,45.13577097274168,-71.275,-38.807
DIA 1,,2.27325984364500,24.54280839060742,-71.275,-38.807
DIA 1,,2.27326984364500,19.54692944287527,-71.275,-38.807
DIA 1,,2.27347599892628,35.91454257878211,-71.275,-38.807
DIA 1,,2.27364243209605,48.08508755551006,-71.275,-38.807
DIA 1,,2.27366479277583,31.71747441960323,-71.275,-38.807
DIA 1,,2.27367479277584,24.69935267677934,-71.275,-38.807
DIA 1,,2.27376698822040,57.31178239201584,-71.275,-38.807
DIA 1,,2.27405334464167,55.11242972202172,-71.274,-38.807
DIA 1,,2.27409577104854,67.50000000678520,-71.274,-38.807
DIA 1,,2.27410577104853,67.50000000000000,-71.274,-38.807
DIA 1,,2.27419062386228,35.78252558718195,-71.274,-38.807
DIA 1,,2.27425770590160,21.25522353994777,-71.274,-38.807
DIA 1,,2.27433050700050,9.40390056526331,-71.274,-38.807
DIA 1,,2.27473100668839,358.83398815901938,-71.274,-38.806
DIA 1,,2.27506236751890,359.52098294671782,-71.274,-38.806
DIA 1,,2.27533310724631,9.13631913116568,-71.274,-38.806
DIA 1,,2.27541556935883,21.54542378089241,-71.274,-38.806
DIA 1,,2.27551852566024,33.85720617796064,-71.274,-38.805
DIA 1,,2.27558255690261,51.94233384262910,-71.274,-38.805
DIA 1,,2.27572573511324,62.93355294379948,-71.274,-38.805
DIA 1,,2.27590931071076,65.20869351297894,-71.274,-38.805
DIA 1,,2.27611179527806,71.60903459607518,-71.274,-38.805
DIA 1,,2.27649780045937,75.90464731290199,-71.273,-38.805
DIA 1,,2.27684493155854,76.71747441135966,-71.273,-38.805
DIA 1,,2.27700017330549,72.25626880208594,-71.273,-38.805
DIA 1,,2.27708561334294,61.95313849506140,-71.273,-38.805
DIA 1,,2.27725765984828,49.73116110373774,-71.272,-38.805
DIA 1,,2.27758292896763,67.50000000000000,-71.272,-38.805
DIA 1,,2.27759292896763,67.83701844886266,-71.272,-38.805
DIA 1,,2.27819401132472,22.83701844886267,-71.272,-38.804
DIA 1,,2.27820401132471,23.00254300277741,-71.272,-38.804
DIA 1,,2.27860712421213,49.00317678154978,-71.272,-38.804
DIA 1,,2.27901320302222,49.56118197743772,-71.271,-38.804
DIA 1,,2.27920425275397,41.32938709492760,-71.271,-38.804
DIA 1,,2.27929027600664,22.49999999532371,-71.271,-38.803
DIA 1,,2.27935110363194,4.73116109906146,-71.271,-38.803
DIA 1,,2.27943110363194,3.17009587394791,-71.271,-38.803
DIA 1,,2.27952165748332,11.42227656472274,-71.271,-38.803
DIA 1,,2.27980326004012,23.28647210221284,-71.271,-38.803
DIA 1,,2.28002280502413,32.28855290424633,-71.271,-38.803
DIA 1,,2.28021696990252,38.88640919931523,-71.271,-38.803
DIA 1,,2.28045042225312,46.72936215992938,-71.271,-38.802
DIA 1,,2.28068472974340,56.81468886488348,-71.270,-38.802
DIA 1,,2.28075181178271,60.71478280879154,-71.270,-38.802
DIA 1,,2.28084615159404,60.71478280820996,-71.270,-38.802
DIA 1,,2.28115920111089,54.21747441596832,-71.270,-38.802
DIA 1,,2.28118748538214,56.08317291586670,-71.270,-38.802
DIA 1,,2.28159979594469,65.30064732282038,-71.270,-38.802
DIA 1,,2.28191284546154,57.38757028516306,-71.269,-38.802
DIA 1,,2.28210493918867,47.42032235410486,-71.269,-38.802
DIA 1,,2.28345597582770,45.12872063584362,-71.268,-38.801
DIA 1,,2.28460910201333,44.07425972875373,-71.267,-38.800
DIA 1,,2.28539554972298,44.34107059560402,-71.267,-38.799
DIA 1,,2.28557246778311,49.21393299633232,-71.267,-38.799
DIA 1,,2.28689526784359,49.31340443516156,-71.266,-38.798
DIA 1,,2.28705805604954,42.48286624120513,-71.266,-38.798
DIA 1,,2.28743607721298,40.17754158200111,-71.265,-38.798
DIA 1,,2.28762712694472,45.22133690718484,-71.265,-38.798
DIA 1,,2.28810136317277,45.41403281142332,-71.265,-38.797
DIA 1,,2.28903517257517,44.76866271580245,-71.264,-38.797
DIA 1,,2.28967172579369,48.33841069038732,-71.264,-38.796
DIA 1,,2.29072291559577,51.04183871167586,-71.263,-38.796
DIA 1,,2.29309367496778,53.62493864188814,-71.261,-38.794
DIA 1,,2.29459703786475,53.52653245694348,-71.260,-38.793
DIA 1,,2.29522329659722,49.71356002167838,-71.259,-38.793
DIA 1,,2.29646236883080,44.96562942306975,-71.258,-38.792
DIA 1,,2.29673144131174,39.42855507072372,-71.258,-38.792
DIA 1,,2.29723144131174,40.93494882275916,-71.258,-38.791
DIA 1,,2.29737286266798,47.23357953046250,-71.258,-38.791
DIA 1,,2.29828071728188,46.17303133408366,-71.257,-38.791
DIA 1,,2.29847176701364,44.86325693560282,-71.257,-38.791
DIA 1,,2.29869108413563,45.36215377475614,-71.257,-38.791
DIA 1,,2.29905177791156,35.22087423538465,-71.257,-38.790
DIA 1,,2.29907413859134,35.78252559406408,-71.257,-38.790
DIA 1,,2.29917313354071,42.86605335123641,-71.257,-38.790
DIA 1,,2.29964821248152,52.08352776124346,-71.256,-38.790
DIA 1,,2.29967057316128,50.79608770578768,-71.256,-38.790
DIA 1,,2.29984861809944,50.79608769764544,-71.256,-38.790
DIA 1,,2.29987097877921,51.93051377346546,-71.256,-38.790
DIA 1,,2.30022566173623,42.60156954467117,-71.256,-38.789
DIA 1,,2.30204293992077,54.10600457784330,-71.255,-38.788
DIA 1,,2.30206530060054,55.03576292439280,-71.255,-38.788
DIA 1,,2.30231288896860,49.53399250605490,-71.254,-38.788
DIA 1,,2.30247690116327,61.99822957962654,-71.254,-38.788
DIA 1,,2.30250852393988,65.30064732781068,-71.254,-38.788
DIA 1,,2.30268345249672,74.51812173316500,-71.254,-38.788
DIA 1,,2.30269345249672,78.80993247371912,-71.254,-38.788
DIA 1,,2.30287730025983,71.79181073736110,-71.254,-38.788
DIA 1,,2.30291853131608,73.03929570686908,-71.254,-38.788
DIA 1,,2.30391813123605,72.42985809154162,-71.253,-38.787
DIA 1,,2.30403214877856,71.94521162868658,-71.253,-38.787
DIA 1,,2.30425687082910,67.10081834851496,-71.253,-38.787
DIA 1,,2.30473110705717,62.49375595657820,-71.252,-38.787
DIA 1,,2.30495065204116,57.98617867864968,-71.252,-38.787
DIA 1,,2.30554141426067,54.23617407617896,-71.251,-38.787
DIA 1,,2.30570542645533,49.77625218447382,-71.251,-38.786
DIA 1,,2.30666067511406,49.62305637280350,-71.251,-38.786
DIA 1,,2.30677469265657,55.82973571393646,-71.251,-38.786
DIA 1,,2.30697192348581,74.76722753964212,-71.250,-38.786
DIA 1,,2.30698192348581,72.54029899383453,-71.250,-38.786
DIA 1,,2.30762829799025,48.18265444106540,-71.250,-38.785
DIA 1,,2.30817391690488,44.93052263435337,-71.249,-38.785
DIA 1,,2.30862734826683,46.78816718784942,-71.249,-38.785
DIA 1,,2.30882533816556,41.57861329505367,-71.249,-38.784
DIA 1,,2.30900338310371,35.49288418958423,-71.249,-38.784
DIA 1,,2.30937230043862,38.91427089525758,-71.249,-38.784
DIA 1,,2.30938644257425,36.10805577875888,-71.249,-38.784
DIA 1,,2.30978001594733,29.08993404499520,-71.248,-38.784
DIA 1,,2.30995494450418,34.26617428049873,-71.248,-38.783
DIA 1,,2.31011895669885,39.60106568198597,-71.248,-38.783
DIA 1,,2.31023937264464,45.10493685528562,-71.248,-38.783
DIA 1,,2.31137295104951,56.00564159902304,-71.247,-38.782
DIA 1,,2.31139531172929,55.36277943317048,-71.247,-38.782
DIA 1,,2.31157222978942,49.06505117736284,-71.247,-38.782
DIA 1,,2.31282322938974,55.72524042259936,-71.246,-38.782
DIA 1,,2.31382172826305,65.11727666005700,-71.245,-38.781
DIA 1,,2.31419509135710,71.99065916423484,-71.245,-38.781
DIA 1,,2.31445470645681,76.52391053450518,-71.245,-38.781
DIA 1,,2.31465866723736,71.06250816670014,-71.245,-38.781
DIA 1,,2.31468102791713,72.56890191843496,-71.245,-38.781
DIA 1,,2.31516610523056,84.34503376300040,-71.244,-38.781
DIA 1,,2.31649794606189,88.49360624788424,-71.243,-38.781
DIA 1,,2.31684794606189,91.06054819841439,-71.242,-38.781
DIA 1,,2.31765850142706,90.66813589679622,-71.242,-38.781
DIA 1,,2.31838856991700,86.29719965725958,-71.241,-38.781
DIA 1,,2.31951608931816,79.31783054101150,-71.240,-38.781
DIA 1,,2.31971255814519,69.34569299359478,-71.240,-38.781
DIA 1,,2.32002560766205,67.49999999592890,-71.239,-38.780
DIA 1,,2.32005723043865,64.48623484849443,-71.239,-38.780
DIA 1,,2.32078124701305,58.63784994326004,-71.239,-38.780
DIA 1,,2.32574150910289,63.69883968064996,-71.234,-38.777
DIA 1,,2.32780843919363,66.16413717888078,-71.232,-38.777
DIA 1,,2.32818420507820,62.03169432621862,-71.232,-38.777
DIA 1,,2.32861466994319,60.75298584888664,-71.232,-38.776
DIA 1,,2.32882937904873,60.77086842457816,-71.232,-38.776
DIA 1,,2.32920153493005,63.29293254771234,-71.231,-38.776
DIA 1,,2.32966768941088,68.71518663871714,-71.231,-38.776
DIA 1,,2.33043319577924,66.78986722691162,-71.230,-38.776
DIA 1,,2.33058972053766,59.30522983300854,-71.230,-38.776
DIA 1,,2.33086989905219,51.99479283923312,-71.230,-38.775
DIA 1,,2.33108250196845,37.68956299401127,-71.230,-38.775
DIA 1,,2.33110486264822,35.78252557632567,-71.230,-38.775
DIA 1,,2.33148670031006,42.51512963653681,-71.229,-38.775
DIA 1,,2.33181319686441,33.29765521286246,-71.229,-38.775
DIA 1,,2.33183555754418,35.78252558311085,-71.229,-38.775
DIA 1,,2.33187798395106,41.68374269812974,-71.229,-38.775
DIA 1,,2.33218408850836,40.00051236033157,-71.229,-38.774
DIA 1,,2.33242492039994,42.91330494144795,-71.229,-38.774
DIA 1,,2.33342911161678,42.42280681883473,-71.228,-38.773
DIA 1,,2.33464175336108,39.11056755866876,-71.227,-38.773
DIA 1,,2.33480576555575,34.16565577988304,-71.227,-38.772
DIA 1,,2.33529453953214,27.36260425483520,-71.227,-38.772
DIA 1,,2.33627942531232,29.03848095968545,-71.226,-38.771
DIA 1,,2.33702829112139,37.65019905538322,-71.226,-38.770
DIA 1,,2.33745349695390,43.64381564052926,-71.226,-38.770
DIA 1,,2.33818902397584,42.06032435452445,-71.225,-38.770
DIA 1,,2.33888716436287,36.22896595066374,-71.225,-38.769
DIA 1,,2.33931154626635,29.03418351935241,-71.225,-38.769
DIA 1,,2.33966083125027,20.55868755372385,-71.224,-38.768
DIA 1,,2.34042620697501,20.10120486474432,-71.224,-38.768
DIA 1,,2.34135851593667,26.30665709609033,-71.224,-38.767
DIA 1,,2.34181992681647,32.51654744812305,-71.224,-38.766
DIA 1,,2.34215007829686,40.47056125607161,-71.223,-38.766
DIA 1,,2.34265217390528,47.23555688784272,-71.223,-38.766
DIA 1,,2.34409054103505,56.04956656919996,-71.222,-38.765
DIA 1,,2.34415762307437,58.74641847303912,-71.222,-38.765
DIA 1,,2.34465168784745,52.12615851838202,-71.221,-38.765
DIA 1,,2.34488599533773,46.23405895768938,-71.221,-38.764
DIA 1,,2.34503465602520,38.72719418422786,-71.221,-38.764
DIA 1,,2.34652730467777,40.09034969080613,-71.220,-38.763
DIA 1,,2.34654144681339,39.97134555253904,-71.220,-38.763
DIA 1,,2.34844452327008,34.17525783727141,-71.219,-38.762
DIA 1,,2.35182268845255,34.38514323841647,-71.217,-38.759
DIA 1,,2.35220282000872,34.43294943463951,-71.217,-38.758
DIA 1,,2.35475722796360,34.62866211840517,-71.216,-38.756
DIA 1,,2.35598946170766,34.93676541621246,-71.215,-38.755
DIA 1,,2.35894887043240,36.38972591565453,-71.213,-38.753
DIA 1,,2.35914096415951,36.79762002314952,-71.213,-38.753
DIA 1,,2.36079990960768,37.37050144356914,-71.212,-38.751
DIA 1,,2.36087801210444,37.43249903046800,-71.212,-38.751
DIA 1,,2.36157435971879,36.50682892086390,-71.212,-38.751
DIA 1,,2.36411081393678,39.68894825009688,-71.210,-38.749
DIA 1,,2.36479096097971,45.69670317680070,-71.210,-38.748
DIA 1,,2.36577045064276,50.97539906734340,-71.209,-38.748
DIA 1,,2.36646859102978,54.14549494064208,-71.209,-38.747
DIA 1,,2.36657675756804,54.11057979720098,-71.208,-38.747
DIA 1,,2.36704686393898,53.73151831276034,-71.208,-38.747
DIA 1,,2.36851417440375,56.97215363031642,-71.207,-38.746
DIA 1,,2.36866681777897,54.86634475117290,-71.207,-38.746
DIA 1,,2.36873084902134,53.54994077562372,-71.207,-38.746
DIA 1,,2.37104128188122,56.53956753006086,-71.205,-38.744
DIA 1,,2.37230064680054,59.19650971036948,-71.204,-38.744
DIA 1,,2.37273481266746,66.76001466882992,-71.203,-38.744
DIA 1,,2.37376267452588,75.56826135218409,-71.202,-38.743
DIA 1,,2.37381366472102,76.05979995049950,-71.202,-38.743
DIA 1,,2.37935374594787,70.66004201301202,-71.197,-38.742
DIA 1,,2.37969914426864,66.27218785706204,-71.197,-38.742
DIA 1,,2.37990938222906,62.42453629256884,-71.196,-38.741
DIA 1,,2.38109639528712,55.32954567001896,-71.195,-38.741
DIA 1,,2.38354704826133,52.50906624297446,-71.194,-38.739
DIA 1,,2.38427127198367,72.27714483631344,-71.193,-38.739
DIA 1,,2.38428127198367,72.39120351565292,-71.193,-38.739
DIA 1,,2.38490553154507,56.84254707278952,-71.192,-38.739
DIA 1,,2.38564126247414,56.01639473486598,-71.192,-38.738
DIA 1,,2.38589126247415,50.74828150874236,-71.192,-38.738
DIA 1,,2.38601167841994,50.13884389014768,-71.192,-38.738
DIA 1,,2.38648178479087,55.22354174362266,-71.191,-38.738
DIA 1,,2.38726727826634,60.44494050323434,-71.190,-38.737
DIA 1,,2.38750434365817,59.33197855419070,-71.190,-38.737
DIA 1,,2.38757645468367,58.57115954599956,-71.190,-38.737
DIA 1,,2.38806889757377,62.23348574916848,-71.190,-38.737
DIA 1,,2.38935240838400,64.87404247775417,-71.189,-38.736
DIA 1,,2.39011798006581,68.83927562869772,-71.188,-38.736
DIA 1,,2.39018122561902,69.25687513149973,-71.188,-38.736
DIA 1,,2.39069200933059,68.60990754772226,-71.187,-38.736
DIA 1,,2.39223243135068,69.62951793374474,-71.186,-38.735
DIA 1,,2.39384999124138,67.77961352404969,-71.184,-38.735
DIA 1,,2.39417694689587,64.38808378359580,-71.184,-38.735
DIA 1,,2.39563519927458,63.37075765661958,-71.183,-38.734
DIA 1,,2.39703076367653,65.73312134412485,-71.182,-38.733
DIA 1,,2.39761770490017,65.68481128926145,-71.181,-38.733
DIA 1,,2.39787265587585,68.00254300278368,-71.181,-38.733
DIA 1,,2.39828375197166,74.28521719200896,-71.180,-38.733
DIA 1,,2.39841716861230,79.28920709289358,-71.180,-38.733
DIA 1,,2.39869011549358,85.05211513251156,-71.180,-38.733
DIA 1,,2.39908024367764,90.08388816358087,-71.180,-38.733
DIA 1,,2.39943038650564,93.98838439344784,-71.179,-38.733
DIA 1,,2.40024537116807,98.23243170075450,-71.178,-38.733
DIA 1,,2.40052980042114,101.84755302031168,-71.178,-38.733
DIA 1,,2.40082812909895,106.20443397149494,-71.178,-38.733
DIA 1,,2.40172623822373,107.04677613027684,-71.177,-38.733
DIA 1,,2.40195427330875,106.84503376304581,-71.177,-38.733
DIA 1,,2.40217563274495,104.18059716515172,-71.177,-38.733
DIA 1,,2.40258171155504,94.96312275339992,-71.176,-38.733
DIA 1,,2.40280171155504,83.57614757066500,-71.176,-38.733
DIA 1,,2.40338634819432,80.01363939600532,-71.175,-38.733
DIA 1,,2.40362821592678,86.82990412686810,-71.175,-38.733
DIA 1,,2.40581842139659,89.11596322792622,-71.173,-38.733
DIA 1,,2.40738998113137,88.06885601667967,-71.171,-38.733
DIA 1,,2.41264135238087,89.34530509028122,-71.166,-38.733
DIA 1,,2.41336135238087,91.39635118290497,-71.165,-38.733
DIA 1,,2.41541378995605,93.79626923983729,-71.163,-38.733
DIA 1,,2.41672840016444,95.37481464935308,-71.162,-38.733
DIA 1,,2.42078022691296,96.39874975504797,-71.158,-38.734
DIA 1,,2.42539313272165,93.42385316262725,-71.153,-38.734
DIA 1,,2.42543313272165,94.45746347836005,-71.153,-38.734
DIA 1,,2.42594936910162,96.14069381063652,-71.153,-38.734
DIA 1,,2.42611966296528,96.41439143408866,-71.153,-38.734
DIA 1,,2.42618049059059,94.73116110181222,-71.153,-38.734
DIA 1,,2.42636049059059,84.34503376318563,-71.153,-38.734
DIA 1,,2.42676841215167,74.51812173397474,-71.152,-38.734
DIA 1,,2.42691707283915,66.63704785171306,-71.152,-38.734
DIA 1,,2.42742244398989,61.38109780333360,-71.152,-38.734
DIA 1,,2.43333285852696,65.69966350687758,-71.146,-38.731
DIA 1,,2.43336448130356,67.49999999592890,-71.146,-38.731
DIA 1,,2.43356572742153,76.71747441146103,-71.146,-38.731
DIA 1,,2.43358572742154,79.72197739020828,-71.146,-38.731
DIA 1,,2.43375660749644,72.70385565664417,-71.146,-38.731
DIA 1,,2.43400399383398,77.79395580644945,-71.146,-38.731
DIA 1,,2.43472579713128,84.81207754001356,-71.145,-38.731
DIA 1,,2.43475579713128,84.05567097948412,-71.145,-38.731
DIA 1,,2.43494996200967,79.53592957787492,-71.145,-38.731
DIA 1,,2.43628656217426,82.97993629957369,-71.144,-38.730
DIA 1,,2.43708961883478,88.00222070360331,-71.143,-38.730
DIA 1,,2.43765970654734,92.88436384797066,-71.142,-38.730
DIA 1,,2.43802095438470,96.82215042092682,-71.142,-38.730
DIA 1,,2.43834483707952,100.76303977360639,-71.142,-38.730
DIA 1,,2.43994361786499,100.30751539542248,-71.140,-38.731
DIA 1,,2.44044849408745,96.10300259663875,-71.139,-38.731
DIA 1,,2.44071923381486,91.69064870148048,-71.139,-38.731
DIA 1,,2.44138930843757,88.08558576056492,-71.139,-38.731
DIA 1,,2.44216034669861,83.78197335671832,-71.138,-38.731
DIA 1,,2.44222117432391,82.98187826826972,-71.138,-38.731
DIA 1,,2.44247197304799,79.74034141955650,-71.137,-38.731
DIA 1,,2.44290877964135,71.50854653634394,-71.137,-38.731
DIA 1,,2.44304806352412,66.34413840955288,-71.137,-38.731
DIA 1,,2.44392908565777,65.75409678800737,-71.136,-38.730
DIA 1,,2.44546296961689,66.27093823267219,-71.135,-38.730
DIA 1,,2.44623685591344,67.42153237051366,-71.134,-38.729
DIA 1,,2.44770464336399,67.65422671840189,-71.133,-38.729
DIA 1,,2.44799099978526,62.64667379541780,-71.132,-38.729
DIA 1,,2.44837178844055,58.18921031693044,-71.132,-38.729
DIA 1,,2.44880445459361,58.62766418769066,-71.132,-38.728
DIA 1,,2.44901036719643,65.08657061019366,-71.131,-38.728
DIA 1,,2.44932052844482,74.07877137015278,-71.131,-38.728
DIA 1,,2.44978925011062,80.63149658000830,-71.131,-38.728
DIA 1,,2.45031394049552,86.16659786910770,-71.130,-38.728
DIA 1,,2.45062394049552,93.79732168417128,-71.130,-38.728
DIA 1,,2.45138057779304,99.63569059960142,-71.129,-38.728
DIA 1,,2.45291227619678,99.53139049115300,-71.128,-38.728
DIA 1,,2.45400131246797,94.10817931898013,-71.127,-38.728
DIA 1,,2.45469138492794,84.76019150468132,-71.126,-38.728
DIA 1,,2.45474237512308,84.34503376142408,-71.126,-38.728
DIA 1,,2.45497237512308,67.50000001017779,-71.126,-38.728
DIA 1,,2.45498651725870,66.13684451276411,-71.126,-38.728
DIA 1,,2.45519675521912,85.07433632813544,-71.125,-38.728
DIA 1,,2.45535800037408,79.94018342901910,-71.125,-38.728
DIA 1,,2.45549141701472,74.73990741706999,-71.125,-38.728
DIA 1,,2.45569066560317,74.97281195890454,-71.125,-38.728
DIA 1,,2.45624383827061,80.38067774149550,-71.124,-38.728
DIA 1,,2.45641501069829,85.13868784471788,-71.124,-38.728
DIA 1,,2.45660527367420,90.28177343539190,-71.124,-38.728
DIA 1,,2.45676558586961,96.16124831755434,-71.124,-38.728
DIA 1,,2.45689711533401,103.59055554282880,-71.124,-38.728
DIA 1,,2.45699198366381,112.01856818804724,-71.124,-38.728
DIA 1,,2.45752424299910,119.16870691181452,-71.123,-38.728
DIA 1,,2.45769067616887,120.19060081795728,-71.123,-38.729
DIA 1,,2.45792774156069,110.32029607858045,-71.123,-38.729
DIA 1,,2.45806115820133,96.49730839653004,-71.123,-38.729
DIA 1,,2.45812115820133,85.26883889562043,-71.123,-38.729
DIA 1,,2.45830364107724,78.86670586273712,-71.122,-38.729
DIA 1,,2.45852925136070,78.82330000273488,-71.122,-38.729
DIA 1,,2.45961428592236,82.46166295955931,-71.121,-38.728
DIA 1,,2.45992573415240,96.45370433947321,-71.121,-38.728
DIA 1,,2.45995735692900,99.21747441553212,-71.121,-38.728
DIA 1,,2.46000735692900,96.26440385433628,-71.121,-38.728
DIA 1,,2.46009955237358,105.48187826477952,-71.121,-38.728
DIA 1,,2.46016279792678,99.21747441044324,-71.121,-38.728
DIA 1,,2.46018279792678,106.84503375829244,-71.121,-38.728
DIA 1,,2.46021885343954,120.12755934818846,-71.121,-38.728
DIA 1,,2.46035301751819,120.12755935236397,-71.120,-38.729
DIA 1,,2.46046118405645,129.34503376154274,-71.120,-38.729
DIA 1,,2.46061674754831,139.73116110473799,-71.120,-38.729
DIA 1,,2.46078879405365,147.19686969376073,-71.120,-38.729
DIA 1,,2.46100833903765,151.68318299955845,-71.120,-38.729
DIA 1,,2.46120958515563,159.25176582289902,-71.120,-38.729
DIA 1,,2.46136482690259,176.09679958714156,-71.120,-38.729
DIA 1,,2.46144544948007,183.56250817570356,-71.120,-38.729
DIA 1,,2.46160544948007,182.59721445470163,-71.120,-38.730
DIA 1,,2.46171590309025,169.31468886209157,-71.120,-38.730
DIA 1,,2.46173826377002,166.71747440738991,-71.120,-38.730
DIA 1,,2.46175826377002,148.28252558853899,-71.120,-38.730
DIA 1,,2.46178062444980,134.99999999592887,-71.120,-38.730
DIA 1,,2.46180298512958,132.61817915267156,-71.120,-38.730
DIA 1,,2.46185683677764,100.90070474528166,-71.120,-38.730
DIA 1,,2.46191683677764,82.98187826364200,-71.120,-38.730
DIA 1,,2.46195806783390,67.85365968251018,-71.120,-38.730
DIA 1,,2.46209699227379,55.54187729157492,-71.120,-38.730
DIA 1,,2.46222505475854,48.17009587321560,-71.119,-38.730
DIA 1,,2.46250789747102,42.23622992510051,-71.119,-38.729
DIA 1,,2.46272812462647,35.21810818823362,-71.119,-38.729
DIA 1,,2.46278643414542,24.69935267713857,-71.119,-38.729
DIA 1,,2.46281805692203,31.71747440840767,-71.119,-38.729
DIA 1,,2.46284634119327,33.40070474089469,-71.119,-38.729
DIA 1,,2.46290019284134,27.74573850584183,-71.119,-38.729
DIA 1,,2.46293624835409,21.57619486497136,-71.119,-38.729
DIA 1,,2.46299707597940,4.73116110511311,-71.119,-38.729
DIA 1,,2.46337707597940,2.14457666509266,-71.119,-38.729
DIA 1,,2.46377819940180,2.14457666509267,-71.119,-38.728
DIA 1,,2.46409819940180,350.78252558548570,-71.119,-38.728
DIA 1,,2.46416144495500,335.30064731989791,-71.119,-38.728
DIA 1,,2.46439468303080,330.69513405199962,-71.119,-38.728
DIA 1,,2.46463174842262,346.17701231758736,-71.119,-38.727
DIA 1,,2.46465174842262,348.01875551313060,-71.119,-38.727
DIA 1,,2.46475023700064,340.55304692423078,-71.119,-38.727
DIA 1,,2.46490547874760,347.38186817508870,-71.119,-38.727
DIA 1,,2.46501728214648,341.56505117952071,-71.119,-38.727
DIA 1,,2.46506200350602,349.31468887023379,-71.119,-38.727
DIA 1,,2.46517245711619,10.94683657020447,-71.119,-38.727
DIA 1,,2.46527686018128,22.42042273169360,-71.119,-38.727
DIA 1,,2.46576450759490,31.56681071478704,-71.119,-38.726
DIA 1,,2.46588657315105,37.79665742205639,-71.119,-38.726
DIA 1,,2.46607096404020,20.30064732346013,-71.119,-38.726
DIA 1,,2.46608096404020,24.81773171256501,-71.119,-38.726
DIA 1,,2.46634345213516,46.33026470751084,-71.119,-38.726
DIA 1,,2.46654863498045,40.95478121152074,-71.119,-38.726
DIA 1,,2.46694688113548,36.73839256078919,-71.118,-38.726
DIA 1,,2.46729915943456,37.70368628123347,-71.118,-38.725
DIA 1,,2.46788053710871,45.39241230183818,-71.118,-38.725
DIA 1,,2.46820703366306,54.85665178242152,-71.117,-38.725
DIA 1,,2.46834595810295,62.48421113219364,-71.117,-38.725
DIA 1,,2.46848913631358,72.98937334230280,-71.117,-38.724
DIA 1,,2.46892479673180,82.13540678113854,-71.117,-38.724
DIA 1,,2.46936762852831,73.47593755674562,-71.116,-38.724
DIA 1,,2.46938998920808,76.71747440331880,-71.116,-38.724
DIA 1,,2.46939998920808,82.98187826603676,-71.116,-38.724
DIA 1,,2.46948245132059,69.69935268021186,-71.116,-38.724
DIA 1,,2.46954953335992,59.87244064492194,-71.116,-38.724
DIA 1,,2.46958558887267,50.65496624092462,-71.116,-38.724
DIA 1,,2.46959973100830,35.78252559735972,-71.116,-38.724
DIA 1,,2.46966681304762,13.28252558718194,-71.116,-38.724
DIA 1,,2.46967681304762,9.21747441349656,-71.116,-38.724
DIA 1,,2.46970843582423,9.21747441349656,-71.116,-38.724
DIA 1,,2.46973843582422,350.78252558904785,-71.116,-38.724
DIA 1,,2.46986492693063,350.78252558904785,-71.116,-38.724
DIA 1,,2.46987492693063,346.71747441180025,-71.116,-38.724
DIA 1,,2.47014325508793,329.87244064776650,-71.116,-38.724
DIA 1,,2.47025142162620,331.55567097844028,-71.116,-38.724
DIA 1,,2.47040373708832,340.77314539204122,-71.116,-38.724
DIA 1,,2.47051775463082,355.54253652351508,-71.116,-38.723
DIA 1,,2.47069886233359,16.45262146248690,-71.116,-38.723
DIA 1,,2.47078830505268,35.78252558853900,-71.116,-38.723
DIA 1,,2.47080244718831,39.34503375985828,-71.116,-38.723
DIA 1,,2.47083850270106,37.14568108331841,-71.116,-38.723
DIA 1,,2.47093069814564,46.86569850053814,-71.116,-38.723
DIA 1,,2.47103069814563,58.28252558853900,-71.116,-38.723
DIA 1,,2.47109778018496,67.49999999918577,-71.116,-38.723
DIA 1,,2.47125589406796,80.78252558772478,-71.116,-38.723
DIA 1,,2.47136589406797,94.06505117870644,-71.116,-38.723
DIA 1,,2.47143660474608,102.03774912878380,-71.116,-38.723
DIA 1,,2.47158220694387,112.84513859666949,-71.116,-38.723
DIA 1,,2.47166282952136,117.38088738645934,-71.116,-38.723
DIA 1,,2.47182835897492,116.72991105166633,-71.115,-38.723
DIA 1,,2.47210130585621,115.12216905585247,-71.115,-38.723
DIA 1,,2.47231671244849,106.84503376354331,-71.115,-38.723
DIA 1,,2.47251087732688,95.94432901949004,-71.115,-38.723
DIA 1,,2.47254087732689,93.88258300908880,-71.115,-38.723
DIA 1,,2.47298494939311,95.92539139907625,-71.114,-38.723
DIA 1,,2.47326566277005,96.36137409756427,-71.114,-38.723
DIA 1,,2.47406472472010,101.33668744154006,-71.113,-38.724
DIA 1,,2.47414718683261,100.18821760679408,-71.113,-38.724
DIA 1,,2.47432829453537,86.15197414126239,-71.113,-38.724
DIA 1,,2.47436952559163,82.98187826843154,-71.113,-38.724
DIA 1,,2.47438952559163,76.71747440942546,-71.113,-38.724
DIA 1,,2.47447896831073,58.94863551371334,-71.113,-38.724
DIA 1,,2.47456499156339,49.73116110174344,-71.113,-38.723
DIA 1,,2.47462156010589,33.40070474484296,-71.113,-38.723
DIA 1,,2.47467541175396,16.55567098204881,-71.113,-38.723
DIA 1,,2.47477739214423,3.05775178363043,-71.113,-38.723
DIA 1,,2.47488784575440,357.40278554896906,-71.113,-38.723
DIA 1,,2.47495784575440,346.71747440738994,-71.113,-38.723
DIA 1,,2.47498020643418,341.06250816881402,-71.113,-38.723
DIA 1,,2.47508218682446,344.06701115274768,-71.113,-38.723
DIA 1,,2.47516762686191,335.27868650831357,-71.113,-38.723
DIA 1,,2.47549883676514,335.56515585470282,-71.113,-38.723
DIA 1,,2.47573293076335,337.18794382603659,-71.113,-38.722
DIA 1,,2.47601023925583,336.49418595371901,-71.113,-38.722
DIA 1,,2.47625722103654,326.81468887048402,-71.113,-38.722
DIA 1,,2.47628550530778,327.22197739195104,-71.113,-38.722
DIA 1,,2.47637094534523,337.08311626929117,-71.113,-38.722
DIA 1,,2.47676906592998,331.87926061619265,-71.113,-38.721
DIA 1,,2.47694399448682,324.81779140208590,-71.114,-38.721
DIA 1,,2.47730634790547,324.29697806496665,-71.114,-38.721
DIA 1,,2.47758936733942,321.49730839155546,-71.114,-38.721
DIA 1,,2.47761765161067,324.99155325719835,-71.114,-38.721
DIA 1,,2.47778318106425,324.99155325210944,-71.114,-38.721
DIA 1,,2.47779732319987,331.84503375098535,-71.114,-38.721
DIA 1,,2.47795029378528,352.83864001075835,-71.114,-38.720
DIA 1,,2.47814055676118,3.80343388682788,-71.114,-38.720
DIA 1,,2.47830334496715,13.86119212153874,-71.114,-38.720
DIA 1,,2.47843935967223,22.58760795272565,-71.114,-38.720
DIA 1,,2.47877935967224,32.97373529271597,-71.114,-38.720
DIA 1,,2.47889337721474,40.19271536283599,-71.114,-38.720
DIA 1,,2.47905616542070,49.41018977528868,-71.114,-38.719
DIA 1,,2.47927249849723,58.93350192495000,-71.113,-38.719
DIA 1,,2.47954544537851,63.17797386471368,-71.113,-38.719
DIA 1,,2.47973332832079,61.51969813484056,-71.113,-38.719
DIA 1,,2.47998031010150,56.24331633076616,-71.113,-38.719
DIA 1,,2.48028836853751,58.84053078389944,-71.113,-38.719
DIA 1,,2.48033308989706,54.21747441182450,-71.113,-38.719
DIA 1,,2.48072906969452,41.68374269243581,-71.112,-38.719
DIA 1,,2.48134127880912,36.42742910731868,-71.112,-38.718
DIA 1,,2.48273648488709,36.83051540036781,-71.111,-38.717
DIA 1,,2.48308476638244,35.06870724876341,-71.111,-38.717
DIA 1,,2.48314307590138,34.07982896766387,-71.111,-38.717
DIA 1,,2.48454909866080,40.27966218354558,-71.110,-38.715
DIA 1,,2.48504427539693,66.68171147952370,-71.110,-38.715
DIA 1,,2.48505427539692,65.30064732346014,-71.110,-38.715
DIA 1,,2.48523866628608,20.30064732346013,-71.110,-38.715
DIA 1,,2.48524866628607,18.78429601229495,-71.110,-38.715
DIA 1,,2.48541267848074,35.01989215795869,-71.109,-38.715
DIA 1,,2.48567344657695,26.75435165879433,-71.109,-38.715
DIA 1,,2.48581273045972,16.56613405342398,-71.109,-38.714
DIA 1,,2.48595590867035,6.04737854029338,-71.109,-38.714
DIA 1,,2.48599590867035,3.05775178270633,-71.109,-38.714
DIA 1,,2.48627751122715,3.05775178270634,-71.109,-38.714
DIA 1,,2.48635751122716,2.10267850093748,-71.109,-38.714
DIA 1,,2.48703934698450,9.12080023609810,-71.109,-38.713
DIA 1,,2.48708057804077,10.18821760464021,-71.109,-38.713
DIA 1,,2.48717113189215,9.21747441007087,-71.109,-38.713
DIA 1,,2.48731431010278,15.26485295154337,-71.109,-38.713
DIA 1,,2.48744080120918,23.40199755755358,-71.109,-38.713
DIA 1,,2.48800904411499,59.18452314660148,-71.109,-38.712
DIA 1,,2.48801904411498,58.47608946608840,-71.109,-38.712
DIA 1,,2.48868093534472,31.24492836235066,-71.108,-38.712
DIA 1,,2.48876695859739,31.05136448344421,-71.108,-38.712
DIA 1,,2.48883404063671,35.17308796943210,-71.108,-38.712
DIA 1,,2.48916645603949,53.60803679371114,-71.108,-38.711
DIA 1,,2.48918881671925,55.80738947129918,-71.108,-38.711
DIA 1,,2.48944376769494,49.76001093378608,-71.108,-38.711
DIA 1,,2.48963586142206,45.68522550952994,-71.108,-38.711
DIA 1,,2.48996235797641,41.81653912222431,-71.108,-38.711
DIA 1,,2.49025235797641,45.66456498354934,-71.107,-38.711
DIA 1,,2.49054967935136,45.47742062660472,-71.107,-38.710
DIA 1,,2.49123590088993,45.62065888223918,-71.107,-38.710
DIA 1,,2.49137043713040,38.04263722018625,-71.107,-38.710
DIA 1,,2.49154043713040,31.80508236390701,-71.107,-38.710
DIA 1,,2.49171248363574,40.26883889626227,-71.106,-38.710
DIA 1,,2.49175491004261,35.78252559261011,-71.106,-38.710
DIA 1,,2.49177727072238,36.39196321035997,-71.106,-38.709
DIA 1,,2.49210968612516,48.77953348954638,-71.106,-38.709
DIA 1,,2.49230177985228,55.18821760615888,-71.106,-38.709
DIA 1,,2.49247670840913,61.23559614582338,-71.106,-38.709
DIA 1,,2.49261087248777,67.95469022506104,-71.106,-38.709
DIA 1,,2.49281012107623,81.23721581360005,-71.106,-38.709
DIA 1,,2.49282012107623,84.18318300036084,-71.106,-38.709
DIA 1,,2.49316725217538,70.90065741182188,-71.105,-38.709
DIA 1,,2.49323433421471,54.21747441654990,-71.105,-38.709
DIA 1,,2.49326261848596,67.50000000508888,-71.105,-38.709
DIA 1,,2.49327261848595,67.50000000000000,-71.105,-38.709
DIA 1,,2.49332918702844,40.93494882780734,-71.105,-38.709
DIA 1,,2.49337918702845,18.43494882780735,-71.105,-38.709
DIA 1,,2.49340918702845,13.28252558446789,-71.105,-38.709
DIA 1,,2.49345390838799,20.30064732022720,-71.105,-38.709
DIA 1,,2.49353637050051,20.30064732429831,-71.105,-38.709
DIA 1,,2.49362581321961,35.78252558853900,-71.105,-38.709
DIA 1,,2.49363995535524,39.01193377779101,-71.105,-38.708
DIA 1,,2.49387849256407,34.46679531710992,-71.105,-38.708
DIA 1,,2.49423654283987,38.66669435253308,-71.105,-38.708
DIA 1,,2.49446325852084,43.21183281228891,-71.104,-38.708
DIA 1,,2.49461882201270,50.08775542062228,-71.104,-38.708
DIA 1,,2.49489900052722,53.01576221464608,-71.104,-38.708
DIA 1,,2.49545343717826,53.97538533061164,-71.104,-38.707
DIA 1,,2.49565592174557,51.04737854769088,-71.104,-38.707
DIA 1,,2.49567006388119,54.99155327083060,-71.103,-38.707
DIA 1,,2.49600112278833,60.38370219434504,-71.103,-38.707
DIA 1,,2.49630344711748,50.39214893242000,-71.103,-38.707
DIA 1,,2.49641658420247,36.53624346848555,-71.103,-38.707
DIA 1,,2.49658658420248,24.02779673041058,-71.103,-38.707
DIA 1,,2.49670363120158,22.21353065127936,-71.103,-38.706
DIA 1,,2.49694529212106,27.70385565426852,-71.103,-38.706
DIA 1,,2.49706191115895,33.33522396427112,-71.103,-38.706
DIA 1,,2.49745599236885,42.14151288741496,-71.102,-38.706
DIA 1,,2.49768270804983,54.55022268539626,-71.102,-38.706
DIA 1,,2.49794690494610,54.12521099593198,-71.102,-38.706
DIA 1,,2.49809556563358,38.73559614641901,-71.102,-38.705
DIA 1,,2.49817618821106,24.08991505648733,-71.102,-38.705
DIA 1,,2.49823943376427,22.50000000000000,-71.102,-38.705
DIA 1,,2.49826179444404,15.32533398321750,-71.102,-38.705
DIA 1,,2.49840215113252,358.87271251665953,-71.102,-38.705
DIA 1,,2.49858325883528,349.56267658561200,-71.102,-38.705
DIA 1,,2.49914111186252,352.73277245955990,-71.102,-38.704
DIA 1,,2.49916111186252,355.26883889653737,-71.102,-38.704
DIA 1,,2.49934359473842,355.26883889653737,-71.102,-38.704
DIA 1,,2.49946359473843,5.65496623857592,-71.102,-38.704
DIA 1,,2.49951458493357,28.15496624875369,-71.102,-38.704
DIA 1,,2.49952872706919,31.71747441146101,-71.102,-38.704
DIA 1,,2.49956034984579,31.71747440467582,-71.102,-38.704
DIA 1,,2.49960277625267,40.93494882468616,-71.102,-38.704
DIA 1,,2.49965277625266,40.93494882129356,-71.102,-38.704
DIA 1,,2.49972348693079,47.19935267779712,-71.102,-38.704
DIA 1,,2.50046105048737,52.35177591201728,-71.101,-38.703
DIA 1,,2.50061916437038,52.05946065064480,-71.101,-38.703
DIA 1,,2.50072546582850,60.18956300089252,-71.101,-38.703
DIA 1,,2.50075708860510,62.34757676154588,-71.101,-38.703
DIA 1,,2.50085708860510,56.69261053048584,-71.101,-38.703
DIA 1,,2.50093771118259,55.48285592114998,-71.101,-38.703
DIA 1,,2.50107983788662,57.57531398198680,-71.101,-38.703
DIA 1,,2.50133478886230,66.31931267060082,-71.101,-38.703
DIA 1,,2.50149634380652,72.47903529889604,-71.100,-38.703
DIA 1,,2.50184562879045,73.65972262863968,-71.100,-38.703
DIA 1,,2.50202590635422,57.77998258864424,-71.100,-38.703
DIA 1,,2.50208247489672,49.06505118125090,-71.100,-38.703
DIA 1,,2.50213247489672,43.41008493543309,-71.100,-38.703
DIA 1,,2.50216853040947,25.71736956890060,-71.100,-38.703
DIA 1,,2.50243101850444,31.37233582235172,-71.100,-38.702
DIA 1,,2.50244516064006,34.09929527016049,-71.100,-38.702
DIA 1,,2.50252131837113,27.08117352362471,-71.100,-38.702
DIA 1,,2.50257962789007,35.78252558710213,-71.100,-38.702
DIA 1,,2.50267182333465,48.66320333082038,-71.100,-38.702
DIA 1,,2.50305457651882,60.80513856399460,-71.099,-38.702
DIA 1,,2.50340798845976,62.57014191004222,-71.099,-38.702
DIA 1,,2.50348861103725,67.66185076417018,-71.099,-38.702
DIA 1,,2.50364385278421,82.53429141076232,-71.099,-38.702
DIA 1,,2.50371385278421,86.82990412605210,-71.099,-38.702
DIA 1,,2.50380440663560,88.87271251665950,-71.099,-38.702
DIA 1,,2.50394476332407,92.04280839060741,-71.098,-38.702
DIA 1,,2.50409476332406,80.78252558853900,-71.098,-38.702
DIA 1,,2.50412638610068,58.28252558345012,-71.098,-38.702
DIA 1,,2.50415467037192,37.98187826454005,-71.098,-38.702
DIA 1,,2.50421297989087,24.69935267973291,-71.098,-38.702
DIA 1,,2.50430784822068,4.48631330444070,-71.098,-38.702
DIA 1,,2.50436867584598,353.81341998146860,-71.098,-38.702
DIA 1,,2.50495943806548,355.68928451757591,-71.098,-38.701
DIA 1,,2.50516043557791,358.16740767522475,-71.098,-38.701
DIA 1,,2.50544061409243,4.99444015037828,-71.098,-38.700
DIA 1,,2.50587477995935,14.87244064877348,-71.098,-38.700
DIA 1,,2.50598248325549,15.63186584168723,-71.098,-38.700
DIA 1,,2.50604331088080,19.03639093253115,-71.098,-38.700
DIA 1,,2.50616861052166,25.42974166269808,-71.098,-38.700
DIA 1,,2.50640630780814,28.89335072494051,-71.098,-38.700
DIA 1,,2.50649233106081,40.26883889626227,-71.098,-38.699
DIA 1,,2.50660546814580,50.30982763846164,-71.098,-38.699
DIA 1,,2.50683568543447,59.52730204856560,-71.098,-38.699
DIA 1,,2.50696984951311,60.07619176176992,-71.097,-38.699
DIA 1,,2.50891967001768,57.38373162846886,-71.096,-38.698
DIA 1,,2.51111174665867,55.24071826303238,-71.094,-38.697
DIA 1,,2.51143977104801,48.10626636824934,-71.094,-38.697
DIA 1,,2.51210460185355,42.63879655989792,-71.093,-38.696
DIA 1,,2.51245173295271,37.87275068137216,-71.093,-38.696
DIA 1,,2.51302032771174,32.52523949147924,-71.093,-38.696
DIA 1,,2.51362572014645,33.83567181120319,-71.092,-38.695
DIA 1,,2.51417572014645,39.25171849094166,-71.092,-38.695
DIA 1,,2.51429613609224,43.95328467795286,-71.092,-38.694
DIA 1,,2.51461441270149,48.23372946309562,-71.092,-38.694
DIA 1,,2.51477061769501,54.29346332980426,-71.092,-38.694
DIA 1,,2.51583912132159,57.47631427408720,-71.091,-38.694
DIA 1,,2.51647425910191,59.99753980861026,-71.090,-38.693
DIA 1,,2.51654134114124,61.23559614522470,-71.090,-38.693
DIA 1,,2.51689119825493,56.74928283761142,-71.090,-38.693
DIA 1,,2.51732131451828,72.23116110384778,-71.090,-38.693
DIA 1,,2.51733131451828,70.67009587262397,-71.089,-38.693
DIA 1,,2.51752340824540,25.67009587262396,-71.089,-38.693
DIA 1,,2.51753340824540,25.67009587312045,-71.089,-38.693
DIA 1,,2.51772550197253,49.53325137145518,-71.089,-38.693
DIA 1,,2.51787416266000,45.75371788035462,-71.089,-38.692
DIA 1,,2.51853899346554,41.79334792844166,-71.089,-38.692
DIA 1,,2.51971053091693,37.91647223809337,-71.088,-38.691
DIA 1,,2.51998256032711,32.54098874159423,-71.088,-38.691
DIA 1,,2.52008551662852,37.02730206010042,-71.088,-38.691
DIA 1,,2.52009965876414,37.37244065802256,-71.088,-38.691
DIA 1,,2.52018028134162,25.39119616097540,-71.088,-38.691
DIA 1,,2.52031956522439,15.62074237398069,-71.088,-38.691
DIA 1,,2.52082760065623,8.50651195053159,-71.087,-38.690
DIA 1,,2.52150235987254,10.42264682603953,-71.087,-38.689
DIA 1,,2.52154359092880,7.01812173635802,-71.087,-38.689
DIA 1,,2.52156359092880,6.07213902466816,-71.087,-38.689
DIA 1,,2.52317975923687,11.31787753099592,-71.087,-38.688
DIA 1,,2.52372894044558,6.43871052191022,-71.087,-38.687
DIA 1,,2.52396914868857,357.47726802886115,-71.087,-38.687
DIA 1,,2.52420109695867,350.53601450465425,-71.087,-38.687
DIA 1,,2.52480317668760,354.25171849137558,-71.087,-38.686
DIA 1,,2.52481317668760,352.37244064784477,-71.087,-38.686
DIA 1,,2.52504121177262,346.98611682380249,-71.087,-38.686
DIA 1,,2.52734175518669,351.63143262529081,-71.088,-38.684
DIA 1,,2.52868904877013,352.45882507248962,-71.088,-38.682
DIA 1,,2.52950941454222,355.44106862315658,-71.088,-38.682
DIA 1,,2.52956941454221,354.87795627660756,-71.088,-38.681
DIA 1,,2.53041285985757,348.64883305696731,-71.088,-38.681
DIA 1,,2.53129359818421,353.77087678035969,-71.088,-38.680
DIA 1,,2.53141359818420,2.38182084269581,-71.088,-38.680
DIA 1,,2.53153401412999,10.35451879277317,-71.088,-38.680
DIA 1,,2.53167961632778,21.25522353933479,-71.088,-38.679
DIA 1,,2.53205974788396,27.63550186073604,-71.088,-38.679
DIA 1,,2.53301745347546,26.45346206705360,-71.088,-38.678
DIA 1,,2.53399320959253,26.62778784549762,-71.087,-38.677
DIA 1,,2.53409616589394,26.24164845465717,-71.087,-38.677
DIA 1,,2.53475007720292,22.10047374510146,-71.087,-38.677
DIA 1,,2.53506023845130,17.85183592926680,-71.087,-38.676
DIA 1,,2.53521548019826,17.74373120203770,-71.087,-38.676
DIA 1,,2.53530092023571,14.30255346361674,-71.087,-38.676
DIA 1,,2.53630077022446,5.70776118275531,-71.086,-38.675
DIA 1,,2.53647106408812,1.68323033227642,-71.086,-38.675
DIA 1,,2.53671106408812,357.86605334978242,-71.086,-38.675
DIA 1,,2.53738292716941,335.36605335996023,-71.087,-38.674
DIA 1,,2.53739706930503,340.52709595695330,-71.087,-38.674
DIA 1,,2.53806077104527,7.63260921720318,-71.086,-38.673
DIA 1,,2.53918527093411,10.19639037541474,-71.086,-38.672
DIA 1,,2.54006191225187,9.76282289726578,-71.086,-38.671
DIA 1,,2.54081993599819,10.43634964445968,-71.086,-38.671
DIA 1,,2.54091213144277,8.46375652975058,-71.086,-38.671
DIA 1,,2.54156405168329,5.57064598098932,-71.086,-38.670
DIA 1,,2.54360818964341,12.58876771895183,-71.086,-38.668
DIA 1,,2.54363981242001,9.91606492840577,-71.086,-38.668
DIA 1,,2.54404993435310,358.31676967017785,-71.086,-38.667
DIA 1,,2.54417035029889,335.11817914712645,-71.086,-38.667
DIA 1,,2.54418449243451,337.49999998982219,-71.086,-38.667
DIA 1,,2.54424449243451,355.73461719383153,-71.086,-38.667
DIA 1,,2.54444672991868,349.18867066226375,-71.086,-38.667
DIA 1,,2.54488820471976,344.53140113300032,-71.086,-38.667
DIA 1,,2.54857561573565,341.11914466760294,-71.087,-38.663
DIA 1,,2.55004340318620,341.66051977231092,-71.087,-38.662
DIA 1,,2.55091023650351,346.72751925320779,-71.088,-38.661
DIA 1,,2.55120451528290,341.82627089132177,-71.088,-38.661
DIA 1,,2.55122687596267,343.86217783783394,-71.088,-38.661
DIA 1,,2.55132737471889,357.14470343044400,-71.088,-38.660
DIA 1,,2.55138737471889,354.84757676757113,-71.088,-38.660
DIA 1,,2.55149917811776,353.25766170713797,-71.088,-38.660
DIA 1,,2.55167945568153,355.11911261245325,-71.088,-38.660
DIA 1,,2.55194118072810,355.25052402936996,-71.088,-38.660
DIA 1,,2.55351321762334,358.11553682404724,-71.088,-38.658
DIA 1,,2.55620351500467,359.88541831126548,-71.088,-38.656
DIA 1,,2.55712356935089,3.48147371764966,-71.088,-38.655
DIA 1,,2.55721412320227,3.17009587394791,-71.088,-38.655
DIA 1,,2.55726412320228,4.37308112963033,-71.088,-38.655
DIA 1,,2.55739565266665,11.03534676058908,-71.088,-38.654
DIA 1,,2.55778616515045,16.77469534778398,-71.088,-38.654
DIA 1,,2.55798864971776,22.18520069693529,-71.088,-38.654
DIA 1,,2.55830645468940,26.37800081231474,-71.088,-38.654
DIA 1,,2.55855705397113,31.25331311421193,-71.087,-38.653
DIA 1,,2.55932809223218,39.44808326165168,-71.087,-38.653
DIA 1,,2.55934223436780,37.98187824588077,-71.087,-38.653
DIA 1,,2.55951716292464,34.81178239228842,-71.087,-38.653
DIA 1,,2.55958119416701,34.73775700197213,-71.087,-38.652
DIA 1,,2.56090859764750,29.35648839161394,-71.086,-38.651
DIA 1,,2.56110095148811,30.79366927972764,-71.086,-38.651
DIA 1,,2.56120911802638,16.84503376403377,-71.086,-38.651
DIA 1,,2.56121911802638,11.90297175975949,-71.086,-38.651
DIA 1,,2.56159073610990,21.12044617048028,-71.086,-38.651
DIA 1,,2.56193858665252,15.48187826721237,-71.086,-38.650
DIA 1,,2.56203078209710,9.80117269392739,-71.086,-38.650
DIA 1,,2.56341128925028,8.54075873726850,-71.086,-38.649
DIA 1,,2.56358391601530,5.00398989983268,-71.086,-38.649
DIA 1,,2.56360391601530,5.15242323422017,-71.086,-38.649
DIA 1,,2.56405112961079,5.15242323422017,-71.086,-38.648
DIA 1,,2.56417112961080,352.98187826771306,-71.086,-38.648
DIA 1,,2.56437728489207,329.87244064996327,-71.086,-38.648
DIA 1,,2.56470970029485,307.60534518957792,-71.086,-38.648
DIA 1,,2.56513160075704,285.71478280732777,-71.086,-38.648
DIA 1,,2.56514160075705,285.12821858171191,-71.086,-38.648
DIA 1,,2.56569729851662,297.98319547259354,-71.087,-38.647
DIA 1,,2.56599696499790,293.24110423186227,-71.087,-38.647
DIA 1,,2.56785793248821,292.77369762509869,-71.089,-38.646
DIA 1,,2.56800111069884,298.62316642894365,-71.089,-38.646
DIA 1,,2.56813149474695,304.93827446061874,-71.089,-38.646
DIA 1,,2.56834550409254,310.50408780218123,-71.089,-38.646
DIA 1,,2.56892550409254,317.06517956179647,-71.090,-38.646
DIA 1,,2.56914573124800,322.36928334591090,-71.090,-38.646
DIA 1,,2.56967582557923,326.91595026501653,-71.090,-38.645
DIA 1,,2.57034813503178,333.72726408289799,-71.090,-38.645
DIA 1,,2.57063968262653,339.48503331080741,-71.090,-38.644
DIA 1,,2.57190779145466,337.89511825163424,-71.091,-38.643
DIA 1,,2.57211802941508,329.55807313249016,-71.091,-38.643
DIA 1,,2.57237609917309,321.63819851952377,-71.091,-38.643
DIA 1,,2.57248240063122,307.68956300478351,-71.091,-38.643
DIA 1,,2.57250476131099,306.65037788303306,-71.091,-38.643
DIA 1,,2.57367202306398,318.01242895880870,-71.092,-38.642
DIA 1,,2.57423929724813,320.59078822554750,-71.092,-38.641
DIA 1,,2.57488744846505,324.39374182027473,-71.093,-38.641
DIA 1,,2.57814648206414,324.66323424477946,-71.095,-38.638
DIA 1,,2.57831049425882,325.73382571820406,-71.095,-38.638
DIA 1,,2.57842711329671,323.26289819477194,-71.095,-38.638
DIA 1,,2.57858990150267,314.73838270976387,-71.095,-38.638
DIA 1,,2.57885897398362,308.94846778711087,-71.095,-38.638
DIA 1,,2.57921702425941,304.68461266622984,-71.095,-38.637
DIA 1,,2.58059546540796,305.80836442077566,-71.096,-38.637
DIA 1,,2.58112960022240,311.15106459562963,-71.097,-38.636
DIA 1,,2.58160341453202,317.52552185855609,-71.097,-38.636
DIA 1,,2.58180956981331,322.53424408015076,-71.097,-38.636
DIA 1,,2.58203160584642,326.41682708867478,-71.097,-38.636
DIA 1,,2.58230086408677,331.05312797873813,-71.098,-38.635
DIA 1,,2.58252447088452,335.23558788274084,-71.098,-38.635
DIA 1,,2.58316525165826,348.51811346965133,-71.098,-38.635
DIA 1,,2.58318525165826,345.84962211704351,-71.098,-38.635
DIA 1,,2.58348054811947,327.99627641641445,-71.098,-38.634
DIA 1,,2.58387462932937,320.96287173389368,-71.098,-38.634
DIA 1,,2.58756962594642,316.53658147097315,-71.101,-38.631
DIA 1,,2.58940815796953,314.05171110673189,-71.102,-38.630
DIA 1,,2.59010169960491,309.66852190517477,-71.103,-38.630
DIA 1,,2.59068770301786,303.81905310083022,-71.103,-38.629
DIA 1,,2.59138741724525,307.98187826593693,-71.104,-38.629
DIA 1,,2.59140155938088,306.65817747162197,-71.104,-38.629
DIA 1,,2.59388922897308,297.05619071901856,-71.106,-38.628
DIA 1,,2.59455563725634,293.99001991999046,-71.106,-38.627
DIA 1,,2.59566797713245,291.30842101236192,-71.107,-38.627
DIA 1,,2.59621221972543,287.83259193197330,-71.108,-38.627
DIA 1,,2.59841977493425,283.97835543501714,-71.110,-38.626
DIA 1,,2.59873757990589,280.40349423673189,-71.110,-38.626
DIA 1,,2.60044453626152,281.05943812788320,-71.112,-38.626
DIA 1,,2.60098053999284,285.74171594561943,-71.113,-38.626
DIA 1,,2.60134741871940,289.62429895476191,-71.113,-38.626
DIA 1,,2.60188593520011,293.57379271389482,-71.113,-38.625
DIA 1,,2.60209617316053,297.20039002071178,-71.114,-38.625
DIA 1,,2.60240504206476,301.37233581319725,-71.114,-38.625
DIA 1,,2.60280165270506,305.96194635181934,-71.114,-38.625
DIA 1,,2.60364189076657,309.49871518908009,-71.115,-38.624
DIA 1,,2.60479054214971,312.37925959775799,-71.116,-38.624
DIA 1,,2.60519365503713,315.48492400227678,-71.116,-38.623
DIA 1,,2.60539883788242,319.15756287860489,-71.116,-38.623
DIA 1,,2.60571899409428,323.82506211019239,-71.116,-38.623
DIA 1,,2.60633193781112,327.35121511404139,-71.117,-38.622
DIA 1,,2.60694251131201,331.59568705293225,-71.117,-38.622
DIA 1,,2.60713039425429,333.43086676241273,-71.117,-38.622
DIA 1,,2.60787745516212,333.64385830239809,-71.118,-38.621
DIA 1,,2.60916605905781,338.39495530812798,-71.118,-38.620
DIA 1,,2.60922930461101,337.50000000407107,-71.118,-38.620
DIA 1,,2.60963179684697,335.67035924062333,-71.118,-38.620
DIA 1,,2.61072184271756,339.84433723028525,-71.119,-38.619
DIA 1,,2.61155352775409,343.42574381149103,-71.119,-38.618
DIA 1,,2.61201925299498,346.42643184344121,-71.119,-38.617
DIA 1,,2.61301172465705,346.31510640793317,-71.119,-38.616
DIA 1,,2.61350901732741,342.70294856114782,-71.119,-38.616
DIA 1,,2.61386957245496,327.77998258628770,-71.120,-38.615
DIA 1,,2.61388371459059,327.18506002687275,-71.120,-38.615
DIA 1,,2.61479195464696,336.40253443833376,-71.120,-38.615
DIA 1,,2.61519444688291,329.78447401679807,-71.120,-38.614
DIA 1,,2.61790417011600,327.14062079291983,-71.122,-38.612
DIA 1,,2.61989379319589,325.94670231869571,-71.123,-38.610
DIA 1,,2.62082384695778,322.98177071080625,-71.123,-38.610
DIA 1,,2.62245605405248,321.28660210068750,-71.124,-38.608
DIA 1,,2.62291058677958,317.17536951855487,-71.124,-38.608
DIA 1,,2.62331369966699,309.07730427046658,-71.125,-38.608
DIA 1,,2.62365207815330,300.36237286101624,-71.125,-38.607
DIA 1,,2.62407693106903,295.37778061224725,-71.125,-38.607
DIA 1,,2.62688337009384,296.40048485694655,-71.128,-38.606
DIA 1,,2.62725926901643,300.49556868617640,-71.128,-38.606
DIA 1,,2.62920122679145,301.22463026400226,-71.130,-38.605
DIA 1,,2.62964031675946,298.91356171114353,-71.130,-38.605
DIA 1,,2.63049915318160,299.44875651908796,-71.131,-38.604
DIA 1,,2.63105995617731,304.89939034555414,-71.132,-38.604
DIA 1,,2.63150817487393,311.16379420030336,-71.132,-38.604
DIA 1,,2.63181231300044,317.50398594553951,-71.132,-38.604
DIA 1,,2.63206843796995,325.39630999777296,-71.132,-38.603
DIA 1,,2.63348505365531,330.98899831227033,-71.133,-38.602
DIA 1,,2.63376683371137,334.41146121123461,-71.133,-38.602
DIA 1,,2.63645346729265,338.93120261611932,-71.134,-38.599
DIA 1,,2.63651671284585,338.68068733214068,-71.134,-38.599
DIA 1,,2.63868754218045,336.88277430425109,-71.135,-38.597
DIA 1,,2.64100689553861,336.47616582598999,-71.136,-38.595
DIA 1,,2.64117242499219,328.70725724726810,-71.136,-38.595
DIA 1,,2.64166446157620,313.43519863937138,-71.136,-38.595
DIA 1,,2.64208884347967,301.09876495509718,-71.137,-38.594
DIA 1,,2.64230355258521,292.10927770668798,-71.137,-38.594
DIA 1,,2.64276235537509,284.29841963363418,-71.137,-38.594
DIA 1,,2.64371361769432,284.04111017840233,-71.138,-38.594
DIA 1,,2.64400482208990,288.39992697037741,-71.139,-38.594
DIA 1,,2.64422954414043,295.29966966802073,-71.139,-38.594
DIA 1,,2.64455203445037,303.65673666292008,-71.139,-38.594
DIA 1,,2.64488005883970,309.92759129196673,-71.139,-38.593
DIA 1,,2.64786739879358,313.64329527770059,-71.141,-38.591
DIA 1,,2.64841894208290,318.29097232771625,-71.142,-38.591
DIA 1,,2.64878907719337,324.91123228491540,-71.142,-38.591
DIA 1,,2.64903605897407,333.73413261732594,-71.142,-38.591
DIA 1,,2.64934622022246,343.34946880337424,-71.142,-38.590
DIA 1,,2.64943841566704,350.05940646368725,-71.142,-38.590
DIA 1,,2.64975098565920,356.32381032017884,-71.142,-38.590
DIA 1,,2.64985098565919,3.88258300863462,-71.142,-38.590
DIA 1,,2.65007302169230,11.11773005827038,-71.142,-38.590
DIA 1,,2.65039317790418,17.75390256276637,-71.142,-38.589
DIA 1,,2.65053246178695,24.38078363112311,-71.142,-38.589
DIA 1,,2.65208013746357,24.52098425633276,-71.142,-38.588
DIA 1,,2.65252025108526,17.32122176929903,-71.141,-38.587
DIA 1,,2.65291076356906,7.64973263531186,-71.141,-38.587
DIA 1,,2.65320093593163,358.78811432775336,-71.141,-38.587
DIA 1,,2.65346170402784,352.49081968616770,-71.141,-38.586
DIA 1,,2.65362449223380,345.47269795089926,-71.141,-38.586
DIA 1,,2.65394071999982,337.49999999885267,-71.141,-38.586
DIA 1,,2.65418668747734,328.65780398609735,-71.142,-38.586
DIA 1,,2.65464472677697,321.22849676350887,-71.142,-38.585
DIA 1,,2.65487144245794,314.53117295923676,-71.142,-38.585
DIA 1,,2.65541051573682,309.32161906453211,-71.142,-38.585
DIA 1,,2.65576660561312,306.35987561780041,-71.143,-38.585
DIA 1,,2.65631304865681,287.28126232437273,-71.143,-38.584
DIA 1,,2.65632304865681,287.37339342107867,-71.143,-38.584
DIA 1,,2.65842849397787,302.85527168771415,-71.145,-38.583
DIA 1,,2.65854511301577,298.76440385517452,-71.145,-38.583
DIA 1,,2.65883580185285,294.31647536950146,-71.145,-38.583
DIA 1,,2.65923505114840,288.42828858808826,-71.146,-38.583
DIA 1,,2.66182070387064,277.39433880712579,-71.148,-38.582
DIA 1,,2.66183070387064,276.82145738793253,-71.148,-38.582
DIA 1,,2.66395051518300,285.37282187295386,-71.150,-38.582
DIA 1,,2.66422254459317,284.81576833935759,-71.150,-38.582
DIA 1,,2.66431474003774,285.72672606209420,-71.150,-38.582
DIA 1,,2.66468474003774,291.47946628747150,-71.151,-38.581
DIA 1,,2.67116671504541,295.53257420970903,-71.157,-38.579
DIA 1,,2.67171680594699,299.10110464381449,-71.157,-38.578
DIA 1,,2.67266348435067,304.02062333836943,-71.158,-38.578
DIA 1,,2.67271348435067,303.64048945802728,-71.158,-38.578
DIA 1,,2.67324686976480,298.48806622201579,-71.159,-38.578
DIA 1,,2.67364936200075,295.09721445408985,-71.159,-38.578
DIA 1,,2.67417328947664,292.39531877391892,-71.159,-38.577
DIA 1,,2.67483812028218,293.86315549690710,-71.160,-38.577
DIA 1,,2.67490520232151,293.94148172624875,-71.160,-38.577
DIA 1,,2.67622554318659,290.17175915658061,-71.161,-38.577
DIA 1,,2.67653230041960,286.90007815641025,-71.162,-38.576
DIA 1,,2.67747341677796,283.34764440745244,-71.163,-38.576
DIA 1,,2.68023292760418,279.91395062151554,-71.165,-38.576
DIA 1,,2.68059638324109,276.33540219715275,-71.166,-38.576
DIA 1,,2.68131887891582,273.51207180112317,-71.166,-38.576
DIA 1,,2.68360065454019,273.61512131951355,-71.169,-38.575
DIA 1,,2.68429325832304,277.41777383540801,-71.169,-38.575
DIA 1,,2.68476016302422,281.70083165595543,-71.170,-38.575
DIA 1,,2.68531559078730,286.14725335846100,-71.170,-38.575
DIA 1,,2.68587532286607,290.15935712721796,-71.171,-38.575
DIA 1,,2.68807954608526,292.37932721004387,-71.173,-38.574
DIA 1,,2.68914575432008,294.48117718032711,-71.174,-38.574
DIA 1,,2.69234364424939,298.88457352619758,-71.177,-38.572
DIA 1,,2.69243798406072,298.69664474858013,-71.177,-38.572
DIA 1,,2.69309105373540,296.53448392979720,-71.177,-38.572
DIA 1,,2.69377989333938,299.44973216637413,-71.178,-38.572
DIA 1,,2.69416576896700,305.25390481353628,-71.178,-38.572
DIA 1,,2.69459214907911,314.14015997991294,-71.179,-38.571
DIA 1,,2.69489694409220,322.30528418732598,-71.179,-38.571
DIA 1,,2.69512716138087,329.52730204951558,-71.179,-38.571
DIA 1,,2.69535076817862,337.17072841070353,-71.179,-38.571
DIA 1,,2.69562590450846,346.89074582895671,-71.179,-38.570
DIA 1,,2.69570652708594,348.46479387654119,-71.179,-38.570
DIA 1,,2.69577932818483,349.74034141818981,-71.179,-38.570
DIA 1,,2.69603012690891,357.71303937095570,-71.179,-38.570
DIA 1,,2.69619012690891,1.90703741637959,-71.179,-38.570
DIA 1,,2.69649079283648,5.63963284451169,-71.179,-38.570
DIA 1,,2.69795318813188,5.36783938909449,-71.179,-38.568
DIA 1,,2.69830375909474,0.12885021055764,-71.179,-38.568
DIA 1,,2.69849402207064,353.10145731590302,-71.179,-38.568
DIA 1,,2.69870779765390,345.78278895534982,-71.179,-38.567
DIA 1,,2.69893866558152,338.39495530400694,-71.179,-38.567
DIA 1,,2.69919361655719,329.96575592129273,-71.179,-38.567
DIA 1,,2.69958194631398,320.24573850632783,-71.179,-38.567
DIA 1,,2.69996378397582,312.80064732034691,-71.180,-38.566
DIA 1,,2.70005597942039,303.58317290888596,-71.180,-38.566
DIA 1,,2.70010070077994,302.22001741424469,-71.180,-38.566
DIA 1,,2.70021471832245,304.28735310125984,-71.180,-38.566
DIA 1,,2.70058687420377,298.63238686246473,-71.180,-38.566
DIA 1,,2.70069867760265,283.28252558691054,-71.180,-38.566
DIA 1,,2.70071867760264,281.98124448781374,-71.180,-38.566
DIA 1,,2.70091565475868,291.11756362128023,-71.181,-38.566
DIA 1,,2.70203194325185,286.15444086623239,-71.182,-38.565
DIA 1,,2.70211440536438,286.60762574604883,-71.182,-38.565
DIA 1,,2.70235792127762,290.89943648754405,-71.182,-38.565
DIA 1,,2.70274792127760,294.16490936453073,-71.182,-38.565
DIA 1,,2.70304758775888,297.38227893976023,-71.183,-38.565
DIA 1,,2.70345941296452,300.04643372725366,-71.183,-38.565
DIA 1,,2.70477823819934,303.64605054595597,-71.184,-38.564
DIA 1,,2.70496424895172,308.14204850465336,-71.184,-38.564
DIA 1,,2.70529074550607,311.52375885101981,-71.184,-38.564
DIA 1,,2.71244387768714,311.52375884974043,-71.190,-38.559
DIA 1,,2.71277037424149,308.66710377424090,-71.190,-38.559
DIA 1,,2.71356239696844,305.91738701025531,-71.191,-38.558
DIA 1,,2.71488549938322,300.54793845973444,-71.192,-38.558
DIA 1,,2.71490786006300,300.51466943394661,-71.192,-38.558
DIA 1,,2.71757621161405,306.74184408304052,-71.194,-38.556
DIA 1,,2.71832273689828,311.14184794350484,-71.194,-38.556
DIA 1,,2.71878964159948,318.19719887806463,-71.195,-38.555
DIA 1,,2.71883964159948,318.29097232273341,-71.195,-38.555
DIA 1,,2.71988654178575,314.78757250815733,-71.196,-38.554
DIA 1,,2.72024723556168,313.87842102534017,-71.196,-38.554
DIA 1,,2.72036765150747,313.31676966772358,-71.196,-38.554
DIA 1,,2.72144245381487,316.02270424440468,-71.197,-38.553
DIA 1,,2.72183868606999,293.52270424440474,-71.197,-38.553
DIA 1,,2.72184868607000,293.96783672314382,-71.197,-38.553
DIA 1,,2.72240095412086,320.40940638190574,-71.197,-38.553
DIA 1,,2.72286495843118,325.43887805437714,-71.198,-38.552
DIA 1,,2.72343099729911,331.77533100601102,-71.198,-38.552
DIA 1,,2.72379348867831,337.49999999990700,-71.198,-38.552
DIA 1,,2.72413524882813,336.43945180504335,-71.198,-38.551
DIA 1,,2.72417997018767,339.52677711981096,-71.198,-38.551
DIA 1,,2.72458258663046,347.72154728314626,-71.198,-38.551
DIA 1,,2.72497881888558,352.37539221379063,-71.198,-38.550
DIA 1,,2.72927565493086,357.46314763492330,-71.199,-38.546
DIA 1,,2.72937565493085,356.08546174526674,-71.199,-38.546
DIA 1,,2.73018318202019,349.93145383643076,-71.199,-38.545
DIA 1,,2.73130905945579,348.91308861969645,-71.199,-38.544
DIA 1,,2.73154251180639,351.59061779435012,-71.199,-38.544
DIA 1,,2.73236858686351,352.18034397550622,-71.199,-38.543
DIA 1,,2.73309694117290,350.00185647259156,-71.199,-38.542
DIA 1,,2.73355585292912,347.12093913887213,-71.199,-38.542
DIA 1,,2.73760387713853,344.50848644720531,-71.200,-38.538
DIA 1,,2.73827148480776,342.28500807591621,-71.201,-38.537
DIA 1,,2.73984634988134,343.53430526872125,-71.201,-38.536
DIA 1,,2.73997004305011,339.69935268771542,-71.201,-38.536
DIA 1,,2.73999240372988,343.36255601868430,-71.201,-38.536
DIA 1,,2.74016357615756,358.28032555709865,-71.201,-38.536
DIA 1,,2.74051414712043,4.80533983380243,-71.201,-38.535
DIA 1,,2.74069525482319,3.17009587171377,-71.201,-38.535
DIA 1,,2.74081525482318,2.38182084606500,-71.201,-38.535
DIA 1,,2.74105608671477,2.38182084606500,-71.201,-38.535
DIA 1,,2.74123608671477,1.78816718813231,-71.201,-38.534
DIA 1,,2.74139639891018,359.90202538330050,-71.201,-38.534
DIA 1,,2.74230837478706,354.69247148854765,-71.201,-38.533
DIA 1,,2.74281196191953,350.17648026069617,-71.201,-38.533
DIA 1,,2.74303757220299,343.31984435864030,-71.201,-38.533
DIA 1,,2.74320845227789,349.72197739132366,-71.201,-38.532
DIA 1,,2.74321845227790,349.72197738951115,-71.201,-38.532
DIA 1,,2.74338933235280,335.77334187381729,-71.201,-38.532
DIA 1,,2.74358168619342,346.05136448430613,-71.201,-38.532
DIA 1,,2.74359168619342,346.05136448442994,-71.201,-38.532
DIA 1,,2.74436110155588,333.82938709415191,-71.202,-38.531
DIA 1,,2.74460276247536,338.56054819826102,-71.202,-38.531
DIA 1,,2.74558306855001,328.28252558853899,-71.202,-38.530
DIA 1,,2.74559721068564,329.30522983343633,-71.202,-38.530
DIA 1,,2.74612881204004,347.59174532285999,-71.202,-38.530
DIA 1,,2.74640175892132,357.08779658924652,-71.202,-38.530
DIA 1,,2.74662198607677,6.45370433583437,-71.202,-38.529
DIA 1,,2.74684559287452,12.41965077625909,-71.202,-38.529
DIA 1,,2.74879807846986,12.98774947455929,-71.202,-38.527
DIA 1,,2.74965510822430,9.80111727141519,-71.202,-38.526
DIA 1,,2.75747429616167,7.36497739806354,-71.201,-38.519
DIA 1,,2.75913519953033,2.32980584414552,-71.200,-38.517
DIA 1,,2.75943536615072,354.78004097885849,-71.200,-38.517
DIA 1,,2.75963760363488,347.97256169706247,-71.200,-38.516
DIA 1,,2.75982441905181,340.01596711093731,-71.201,-38.516
DIA 1,,2.76030774089076,330.58785024751006,-71.201,-38.516
DIA 1,,2.76053795817942,322.09799482668865,-71.201,-38.516
DIA 1,,2.76076467386039,316.78816718799936,-71.201,-38.515
DIA 1,,2.76096266375912,312.80064732113664,-71.201,-38.515
DIA 1,,2.76123925009285,307.88386533978814,-71.201,-38.515
DIA 1,,2.76177748795848,310.08321802131718,-71.202,-38.515
DIA 1,,2.76181991436535,310.17362632209836,-71.202,-38.515
DIA 1,,2.76776601392725,302.35250309058466,-71.207,-38.511
DIA 1,,2.76794958952475,297.06644705728775,-71.207,-38.511
DIA 1,,2.76809276773538,291.60504469636101,-71.207,-38.511
DIA 1,,2.76834574994820,285.71478280673881,-71.207,-38.511
DIA 1,,2.76861258322948,279.09452285048837,-71.207,-38.511
DIA 1,,2.76883349044982,273.65776265261411,-71.208,-38.511
DIA 1,,2.76910367557154,270.58837299608700,-71.208,-38.511
DIA 1,,2.77092392280751,270.22641531206477,-71.210,-38.511
DIA 1,,2.77133404474058,272.84316717847685,-71.210,-38.511
DIA 1,,2.77173516816298,276.98896994432295,-71.211,-38.511
DIA 1,,2.77215110084985,281.86251501369952,-71.211,-38.511
DIA 1,,2.77264587352493,285.07483085062387,-71.211,-38.511
DIA 1,,2.77358267659922,287.70173222593758,-71.212,-38.511
DIA 1,,2.77400646900123,290.76953493795526,-71.213,-38.510
DIA 1,,2.77424416628771,303.62451184903375,-71.213,-38.510
DIA 1,,2.77425830842333,304.57277100020360,-71.213,-38.510
DIA 1,,2.77457611339497,297.19080907522965,-71.213,-38.510
DIA 1,,2.77660167504548,302.37229959051166,-71.215,-38.509
DIA 1,,2.77679583992387,302.93006097600630,-71.215,-38.509
DIA 1,,2.77958275578195,302.09007037652265,-71.218,-38.508
DIA 1,,2.78253409446126,304.26761659597406,-71.220,-38.506
DIA 1,,2.78292817567117,308.44630828390297,-71.220,-38.506
DIA 1,,2.78314077858742,313.63342467707957,-71.221,-38.506
DIA 1,,2.78351561188370,318.67167385082507,-71.221,-38.505
DIA 1,,2.78811805688608,323.02241527298952,-71.224,-38.502
DIA 1,,2.78853422992702,328.03822724456285,-71.224,-38.501
DIA 1,,2.78901308272277,333.63377043945354,-71.224,-38.501
DIA 1,,2.78992181810780,333.30786993922413,-71.225,-38.500
DIA 1,,2.79047254490032,328.90685233291066,-71.225,-38.500
DIA 1,,2.79231713157489,326.43540079144475,-71.226,-38.498
DIA 1,,2.79387870129796,324.70954494020071,-71.227,-38.497
DIA 1,,2.79504476304589,322.24118969629092,-71.227,-38.496
DIA 1,,2.79581942426217,317.75168886758917,-71.228,-38.495
DIA 1,,2.79738214624640,310.80532124885059,-71.229,-38.494
DIA 1,,2.79743214624640,310.37329746752835,-71.229,-38.494
DIA 1,,2.79815353379827,315.42581564822547,-71.230,-38.494
DIA 1,,2.79958981371528,318.27442763597469,-71.231,-38.493
DIA 1,,2.79994449667229,320.61417315340691,-71.231,-38.492
DIA 1,,2.80079877999767,320.01044285495618,-71.231,-38.492
DIA 1,,2.80091919594345,320.57926937133249,-71.231,-38.492
DIA 1,,2.80159720774276,319.84013304250510,-71.232,-38.491
DIA 1,,2.80224102448687,313.92996217070470,-71.232,-38.491
DIA 1,,2.80274431366816,309.42335999225668,-71.233,-38.490
DIA 1,,2.80297234875317,310.33619274416321,-71.233,-38.490
DIA 1,,2.80334031614304,315.80573833621730,-71.233,-38.490
DIA 1,,2.80355291905929,324.96374653296886,-71.233,-38.490
DIA 1,,2.80388412896253,334.47353620559096,-71.233,-38.489
DIA 1,,2.80417567655727,340.61333680017020,-71.233,-38.489
DIA 1,,2.80536529834591,340.79580497152858,-71.234,-38.488
DIA 1,,2.80541914999398,340.58041136304848,-71.234,-38.488
DIA 1,,2.80606760970745,341.46064019592211,-71.234,-38.487
DIA 1,,2.80776009308994,337.99827960703982,-71.235,-38.486
DIA 1,,2.80785858166796,338.31301208386435,-71.235,-38.486
DIA 1,,2.81008514853199,342.58317591032983,-71.235,-38.484
DIA 1,,2.81038598071112,346.52160901337589,-71.235,-38.483
DIA 1,,2.81088608070112,349.72302845794900,-71.236,-38.483
DIA 1,,2.81152396783847,347.51764083409176,-71.236,-38.482
DIA 1,,2.81166957003626,339.80532465929616,-71.236,-38.482
DIA 1,,2.81191123095573,331.77533100498863,-71.236,-38.482
DIA 1,,2.81228859020102,325.84505983428346,-71.236,-38.482
DIA 1,,2.81289661980556,325.14383914385883,-71.236,-38.481
DIA 1,,2.81345964733597,328.92619005950928,-71.237,-38.481
DIA 1,,2.81416675411715,328.78506859289479,-71.237,-38.480
DIA 1,,2.81423886514266,330.10725415995694,-71.237,-38.480
DIA 1,,2.81533010297192,334.83841526236171,-71.237,-38.479
DIA 1,,2.81576873721591,334.70341977952211,-71.238,-38.479
DIA 1,,2.81705224802615,335.21799718148350,-71.238,-38.477
DIA 1,,2.81728072121932,341.21000744820032,-71.238,-38.477
DIA 1,,2.81768333766211,349.45438430026832,-71.238,-38.477
DIA 1,,2.81785451008979,356.64508159500991,-71.238,-38.477
DIA 1,,2.81801451008979,3.56250817392896,-71.238,-38.476
DIA 1,,2.81825637782224,11.23439119781441,-71.238,-38.476
DIA 1,,2.81995699535714,18.57258776706136,-71.238,-38.475
DIA 1,,2.82044166018978,26.78044478528198,-71.238,-38.474
DIA 1,,2.82068864197049,34.49715703347145,-71.238,-38.474
DIA 1,,2.82100264833985,42.48057248868694,-71.237,-38.474
DIA 1,,2.82115130902733,45.35247302730114,-71.237,-38.474
DIA 1,,2.82175272402548,40.24138870969200,-71.237,-38.473
DIA 1,,2.82229475723479,76.70532517948308,-71.237,-38.473
DIA 1,,2.82385116335146,66.14802416685286,-71.235,-38.473
DIA 1,,2.82402836380293,18.82002291977568,-71.235,-38.473
DIA 1,,2.82422149588209,23.90777834072357,-71.235,-38.473
DIA 1,,2.82440038132029,29.79445936725208,-71.235,-38.473
DIA 1,,2.82463891852913,39.01193377868630,-71.235,-38.473
DIA 1,,2.82490761910597,48.17009587279164,-71.235,-38.472
DIA 1,,2.82516374407547,55.79765522493450,-71.235,-38.472
DIA 1,,2.82548623438541,64.22685460843128,-71.234,-38.472
DIA 1,,2.82570164097769,79.09929525682411,-71.234,-38.472
DIA 1,,2.82571164097769,79.88757028446562,-71.234,-38.472
DIA 1,,2.82591412554501,57.38757026411006,-71.234,-38.472
DIA 1,,2.82592826768063,55.64867700420194,-71.234,-38.472
DIA 1,,2.82637603994417,64.54062124579862,-71.233,-38.472
DIA 1,,2.82676961331725,59.28409315569056,-71.233,-38.472
DIA 1,,2.82707193764641,52.98936338781630,-71.233,-38.471
DIA 1,,2.82738434763344,48.43955661286922,-71.233,-38.471
DIA 1,,2.82786538817228,49.55804614448322,-71.232,-38.471
DIA 1,,2.82802940036695,49.70317098935816,-71.232,-38.471
DIA 1,,2.82823458321223,52.77268419704952,-71.232,-38.471
DIA 1,,2.82844553344333,61.00269160549028,-71.232,-38.471
DIA 1,,2.82857969752199,58.28252558935322,-71.232,-38.471
DIA 1,,2.82872969752199,55.42722901920606,-71.232,-38.470
DIA 1,,2.82895441957253,54.21747441041300,-71.231,-38.470
DIA 1,,2.82909654627656,48.84276357347324,-71.231,-38.470
DIA 1,,2.82930172912185,43.73047277682151,-71.231,-38.470
DIA 1,,2.83091894895849,42.74300577109043,-71.230,-38.469
DIA 1,,2.83103208604348,35.78252557632567,-71.230,-38.469
DIA 1,,2.83105444672325,31.93449971584306,-71.230,-38.469
DIA 1,,2.83131845429890,38.95262146233893,-71.230,-38.469
DIA 1,,2.83159504063262,48.45561355904874,-71.230,-38.468
DIA 1,,2.83166715165813,59.87244064768820,-71.230,-38.468
DIA 1,,2.83171187301768,67.49999999898222,-71.229,-38.468
DIA 1,,2.83177511857088,77.61242971580748,-71.229,-38.468
DIA 1,,2.83186567242226,86.82990412828624,-71.229,-38.468
DIA 1,,2.83198567242227,92.19935267665959,-71.229,-38.468
DIA 1,,2.83211605647037,102.31178239288906,-71.229,-38.468
DIA 1,,2.83231854103767,89.21172497305356,-71.229,-38.468
DIA 1,,2.83280320587032,65.06305178974281,-71.228,-38.468
DIA 1,,2.83297320587032,58.35496004830528,-71.228,-38.468
DIA 1,,2.83318129239078,49.89120351708284,-71.228,-38.468
DIA 1,,2.83326614520453,42.14470343304723,-71.228,-38.468
DIA 1,,2.83340827190856,37.58577205422320,-71.228,-38.468
DIA 1,,2.83398835810905,34.45300240066323,-71.228,-38.467
DIA 1,,2.83422689531789,29.79445936632999,-71.228,-38.467
DIA 1,,2.83433869871677,22.76772949324450,-71.227,-38.467
DIA 1,,2.83467707720308,9.48520390470551,-71.227,-38.467
DIA 1,,2.83470707720308,6.78521719200896,-71.227,-38.467
DIA 1,,2.83500540588088,11.93764042671767,-71.227,-38.466
DIA 1,,2.83534081607751,13.70378771901482,-71.227,-38.466
DIA 1,,2.83561284548768,19.17661723896419,-71.227,-38.466
DIA 1,,2.83580597756684,18.59795070204695,-71.227,-38.466
DIA 1,,2.83587877866574,21.25522353728492,-71.227,-38.466
DIA 1,,2.83601294274438,30.12755934662268,-71.227,-38.465
DIA 1,,2.83604899825714,28.15496623086729,-71.227,-38.465
DIA 1,,2.83617899825714,24.59245806217077,-71.227,-38.465
DIA 1,,2.83635788369534,28.35321836413114,-71.227,-38.465
DIA 1,,2.83671635266192,32.75192372048077,-71.227,-38.465
DIA 1,,2.83709648421810,33.51160649236624,-71.226,-38.464
DIA 1,,2.83780139556004,28.68535243825610,-71.226,-38.464
DIA 1,,2.83810106204131,27.53385366160486,-71.226,-38.464
DIA 1,,2.83828463763882,25.98880924547588,-71.226,-38.463
DIA 1,,2.83841463763882,26.79181074556565,-71.226,-38.463
DIA 1,,2.83847294715777,24.69935267881489,-71.226,-38.463
DIA 1,,2.83853619271098,12.77998258309343,-71.226,-38.463
DIA 1,,2.83861681528846,356.54438643934554,-71.226,-38.463
DIA 1,,2.83865804634471,330.48187826364199,-71.226,-38.463
DIA 1,,2.83867218848034,323.41070494560552,-71.226,-38.463
DIA 1,,2.83898983608382,337.93800699552810,-71.226,-38.463
DIA 1,,2.83913543828160,347.09439857688642,-71.226,-38.463
DIA 1,,2.83936889063221,352.21179996123709,-71.226,-38.462
DIA 1,,2.83946938938841,351.09732489583337,-71.226,-38.462
DIA 1,,2.83989892402032,353.95262146156011,-71.226,-38.462
DIA 1,,2.83990892402031,350.78252558650343,-71.226,-38.462
DIA 1,,2.83994054679692,345.39037665281126,-71.226,-38.462
DIA 1,,2.84015432238018,354.60785106630772,-71.226,-38.462
DIA 1,,2.84029432238018,3.92665665084659,-71.226,-38.462
DIA 1,,2.84058706800355,3.92665665084659,-71.226,-38.461
DIA 1,,2.84072706800355,353.73559614350842,-71.226,-38.461
DIA 1,,2.84081926344812,342.13630088843911,-71.226,-38.461
DIA 1,,2.84089542117918,331.55567098089693,-71.226,-38.461
DIA 1,,2.84100358771745,329.27569593649594,-71.226,-38.461
DIA 1,,2.84121829682297,334.04795872041962,-71.226,-38.461
DIA 1,,2.84153610179461,342.27226278131400,-71.226,-38.460
DIA 1,,2.84168907238003,351.48973719378267,-71.226,-38.460
DIA 1,,2.84189006989245,0.70721160540031,-71.226,-38.460
DIA 1,,2.84205131504741,10.48285591876870,-71.226,-38.460
DIA 1,,2.84276194856759,18.51964300570975,-71.226,-38.459
DIA 1,,2.84283810629865,25.74967314326603,-71.226,-38.459
DIA 1,,2.84313340275986,30.99541164575127,-71.226,-38.459
DIA 1,,2.84334973583638,38.04375266079836,-71.226,-38.459
DIA 1,,2.84366118406643,47.26122707262472,-71.226,-38.458
DIA 1,,2.84377520160894,56.75727834247860,-71.226,-38.458
DIA 1,,2.84390050124981,67.72207221733878,-71.226,-38.458
DIA 1,,2.84397330234869,79.17200548161392,-71.226,-38.458
DIA 1,,2.84407380110491,87.14470343245942,-71.225,-38.458
DIA 1,,2.84418380110491,82.37244064737504,-71.225,-38.458
DIA 1,,2.84429781864742,82.37244064737506,-71.225,-38.458
DIA 1,,2.84430781864742,80.78252558955678,-71.225,-38.458
DIA 1,,2.84437106420063,54.21747441085034,-71.225,-38.458
DIA 1,,2.84442106420062,40.93494881874912,-71.225,-38.458
DIA 1,,2.84447763274312,35.78252559006566,-71.225,-38.458
DIA 1,,2.84449999342290,20.30064732627400,-71.225,-38.458
DIA 1,,2.84466491764792,7.01812173366390,-71.225,-38.458
DIA 1,,2.84477491764792,356.82990412605210,-71.225,-38.458
DIA 1,,2.84486547149930,356.82990412605210,-71.225,-38.458
DIA 1,,2.84492547149930,355.41882647697395,-71.225,-38.458
DIA 1,,2.84523947786866,355.41882647697395,-71.225,-38.457
DIA 1,,2.84544947786866,357.40278554529840,-71.225,-38.457
DIA 1,,2.84555993147884,357.40278554529840,-71.225,-38.457
DIA 1,,2.84565993147883,349.72197739216017,-71.225,-38.457
DIA 1,,2.84574537151629,331.28702856760970,-71.225,-38.457
DIA 1,,2.84584537151629,314.06106127636821,-71.225,-38.457
DIA 1,,2.84596743707244,302.17488687171033,-71.225,-38.457
DIA 1,,2.84615101266995,304.00878089808486,-71.225,-38.457
DIA 1,,2.84627907515470,313.07468058875378,-71.226,-38.457
DIA 1,,2.84644186336066,312.68226828716615,-71.226,-38.456
DIA 1,,2.84655588090317,303.80993247229782,-71.226,-38.456
DIA 1,,2.84663650348066,295.15046325749921,-71.226,-38.456
DIA 1,,2.84680738355556,293.56054819781770,-71.226,-38.456
DIA 1,,2.84691918695444,302.61242971544505,-71.226,-38.456
DIA 1,,2.84698321819681,334.32990412853445,-71.226,-38.456
DIA 1,,2.84699321819681,337.50000000145400,-71.226,-38.456
DIA 1,,2.84709221314617,326.59929525547045,-71.226,-38.456
DIA 1,,2.84714606479425,349.09929525401645,-71.226,-38.456
DIA 1,,2.84722606479424,7.01812173575931,-71.226,-38.456
DIA 1,,2.84730852690676,20.30064732294127,-71.226,-38.456
DIA 1,,2.84737560894608,35.78252559227085,-71.226,-38.456
DIA 1,,2.84740389321733,38.30375112786388,-71.226,-38.456
DIA 1,,2.84755653659256,36.10439844455880,-71.226,-38.456
DIA 1,,2.84774092748170,52.01812173324480,-71.226,-38.456
DIA 1,,2.84776328816148,40.93494882699312,-71.226,-38.456
DIA 1,,2.84779491093808,37.37244065097641,-71.226,-38.455
DIA 1,,2.84783096645083,44.39056238110802,-71.226,-38.455
DIA 1,,2.84809173454704,35.31420943819242,-71.226,-38.455
DIA 1,,2.84826977948518,35.08130489691351,-71.226,-38.455
DIA 1,,2.84845845910783,37.07148899140509,-71.226,-38.455
DIA 1,,2.84874165515300,37.07148899197686,-71.225,-38.455
DIA 1,,2.84883599496432,29.28521719247781,-71.225,-38.455
DIA 1,,2.84892543768342,35.78252559261011,-71.225,-38.455
DIA 1,,2.84895372195467,40.26883890011331,-71.225,-38.455
DIA 1,,2.84912576846000,31.05136448356343,-71.225,-38.454
DIA 1,,2.84914812913979,32.98285592057327,-71.225,-38.454
DIA 1,,2.84951048255843,42.20033032864168,-71.225,-38.454
DIA 1,,2.84955290896529,34.27613183298725,-71.225,-38.454
DIA 1,,2.84997834991301,20.18683678215678,-71.225,-38.454
DIA 1,,2.85042757146192,30.91070492542139,-71.225,-38.453
DIA 1,,2.85044171359754,35.00844671936307,-71.225,-38.453
DIA 1,,2.85093830195826,27.91629961529672,-71.224,-38.453
DIA 1,,2.85160200369850,37.90785287557810,-71.224,-38.452
DIA 1,,2.85161614583413,35.78252558718195,-71.224,-38.452
DIA 1,,2.85175030991277,13.28252558718194,-71.224,-38.452
DIA 1,,2.85176030991277,10.27802261048884,-71.224,-38.452
DIA 1,,2.85193118998768,32.77802262066662,-71.224,-38.452
DIA 1,,2.85194533212330,33.80993248451918,-71.224,-38.452
DIA 1,,2.85233533212331,24.87058417611378,-71.224,-38.452
DIA 1,,2.85279598383556,26.10244870480737,-71.223,-38.451
DIA 1,,2.85383386629518,23.00404787545716,-71.223,-38.450
DIA 1,,2.85456187728411,10.46225087242217,-71.223,-38.450
DIA 1,,2.85457187728411,16.00269160495660,-71.223,-38.450
DIA 1,,2.85466621709543,35.90547715042181,-71.223,-38.449
DIA 1,,2.85474431959219,55.68531113603976,-71.223,-38.449
DIA 1,,2.85477594236879,58.28252559057456,-71.223,-38.449
DIA 1,,2.85479008450442,61.84503376338134,-71.223,-38.449
DIA 1,,2.85489206489469,92.53980393078770,-71.223,-38.449
DIA 1,,2.85506926534615,104.13909918689635,-71.222,-38.449
DIA 1,,2.85526343022455,95.94432901949004,-71.222,-38.449
DIA 1,,2.85532343022454,82.98187827082630,-71.222,-38.449
DIA 1,,2.85536466128081,60.48187826064854,-71.222,-38.449
DIA 1,,2.85539294555205,33.40070473720962,-71.222,-38.449
DIA 1,,2.85544679720012,14.53820722576988,-71.222,-38.449
DIA 1,,2.85592061150974,8.60062523227615,-71.222,-38.449
DIA 1,,2.85632669031982,4.62610430479719,-71.222,-38.448
DIA 1,,2.85717674914133,356.10047337653094,-71.222,-38.448
DIA 1,,2.85749923945125,356.43749182562738,-71.222,-38.447
DIA 1,,2.85759923945126,3.17009587171376,-71.222,-38.447
DIA 1,,2.85778034715402,8.17408577259837,-71.222,-38.447
DIA 1,,2.85864348097910,5.00398990088461,-71.222,-38.446
DIA 1,,2.85868348097910,3.17009587394791,-71.222,-38.446
DIA 1,,2.85877403483048,3.17009587394791,-71.222,-38.446
DIA 1,,2.85886403483048,7.01812173635801,-71.222,-38.446
DIA 1,,2.85890526588674,3.59673502898304,-71.222,-38.446
DIA 1,,2.85915705945298,348.95105394133100,-71.222,-38.446
DIA 1,,2.85961312962301,347.64127954331775,-71.222,-38.445
DIA 1,,2.85973478487362,353.36180147953820,-71.222,-38.445
DIA 1,,2.85988511783741,6.06566053231526,-71.222,-38.445
DIA 1,,2.85995791893630,7.97269794738889,-71.222,-38.445
DIA 1,,2.85997791893630,16.23559614698085,-71.222,-38.445
DIA 1,,2.86010830298440,38.73559614189196,-71.222,-38.445
DIA 1,,2.86013658725565,20.59296257722551,-71.222,-38.445
DIA 1,,2.86028692021943,351.07484085553551,-71.222,-38.445
DIA 1,,2.86032815127569,349.36972042618248,-71.222,-38.445
DIA 1,,2.86104383276909,339.54280838683991,-71.222,-38.444
DIA 1,,2.86107988828185,311.43749182241748,-71.222,-38.444
DIA 1,,2.86110224896161,301.71747440820411,-71.222,-38.444
DIA 1,,2.86115224896163,301.71747440820411,-71.222,-38.444
DIA 1,,2.86119697032117,287.34757676724541,-71.222,-38.444
DIA 1,,2.86126768099929,284.58380669183703,-71.222,-38.444
DIA 1,,2.86140696488206,293.80128109895554,-71.222,-38.444
DIA 1,,2.86147404692139,301.71747440928976,-71.222,-38.444
DIA 1,,2.86162404692138,314.10504469741278,-71.222,-38.444
DIA 1,,2.86168807816376,335.51767263793647,-71.223,-38.444
DIA 1,,2.86179988156263,354.84757676398851,-71.223,-38.443
DIA 1,,2.86184988156263,5.65496623857592,-71.223,-38.443
DIA 1,,2.86190087175777,18.93749182711491,-71.223,-38.443
DIA 1,,2.86199031447687,32.36113888286566,-71.222,-38.443
DIA 1,,2.86216835941502,42.56608029942920,-71.222,-38.443
DIA 1,,2.86237354226030,43.39025255056775,-71.222,-38.443
DIA 1,,2.86245164475706,25.55775178404112,-71.222,-38.443
DIA 1,,2.86250263495220,18.93749183118602,-71.222,-38.443
DIA 1,,2.86252499563198,4.06505117707799,-71.222,-38.443
DIA 1,,2.86255661840857,337.49999999389331,-71.222,-38.443
DIA 1,,2.86260133976813,317.19935267665960,-71.222,-38.443
DIA 1,,2.86265964928707,291.97918666342110,-71.222,-38.443
DIA 1,,2.86292648256836,287.39801313866099,-71.222,-38.443
DIA 1,,2.86298033421643,299.33565356376755,-71.223,-38.443
DIA 1,,2.86303033421643,312.44134257383507,-71.223,-38.443
DIA 1,,2.86316487045690,321.84128515513669,-71.223,-38.443
DIA 1,,2.86366135812039,324.39994257994454,-71.223,-38.442
DIA 1,,2.86396135812039,325.46718420915295,-71.223,-38.442
DIA 1,,2.86428041924307,334.68465862848478,-71.223,-38.442
DIA 1,,2.86431204201966,337.50000000746365,-71.223,-38.442
DIA 1,,2.86458037017697,336.55590599698223,-71.223,-38.441
DIA 1,,2.86486829377794,337.72455892718040,-71.224,-38.441
DIA 1,,2.86508761089994,340.12407184237014,-71.224,-38.441
DIA 1,,2.86527442631686,352.23794450138951,-71.224,-38.441
DIA 1,,2.86546442631686,2.67791252099408,-71.224,-38.440
DIA 1,,2.86578582949046,7.83033575521425,-71.224,-38.440
DIA 1,,2.86600943628821,7.35177591243638,-71.224,-38.440
DIA 1,,2.86613982033631,6.57243380784653,-71.224,-38.440
DIA 1,,2.86627134980069,4.37308112963034,-71.224,-38.440
DIA 1,,2.86632134980069,352.02730205261111,-71.224,-38.440
DIA 1,,2.86639415089958,321.89974269920322,-71.224,-38.440
DIA 1,,2.86647477347707,284.87244064659211,-71.224,-38.440
DIA 1,,2.86653477347706,274.73116110511313,-71.224,-38.440
DIA 1,,2.86659560110237,276.77396949427390,-71.224,-38.440
DIA 1,,2.86673595779085,281.26028280469291,-71.224,-38.440
DIA 1,,2.86676758056745,283.94863551954489,-71.224,-38.439
DIA 1,,2.86688923581805,283.94863551615236,-71.224,-38.439
DIA 1,,2.86698410414785,294.45024687056122,-71.224,-38.439
DIA 1,,2.86718133497710,316.95024688209605,-71.224,-38.439
DIA 1,,2.86720369565686,324.21747442367433,-71.224,-38.439
DIA 1,,2.86727440633499,320.00398989962775,-71.224,-38.439
DIA 1,,2.86739647189115,320.00398990980551,-71.224,-38.439
DIA 1,,2.86741061402676,323.46375654042004,-71.224,-38.439
DIA 1,,2.86758061402677,323.46375655059779,-71.225,-38.439
DIA 1,,2.86759475616238,325.72386818328971,-71.225,-38.439
DIA 1,,2.86802019711012,338.23231490228136,-71.225,-38.439
DIA 1,,2.86813724410922,334.25631337946794,-71.225,-38.439
DIA 1,,2.86850083728848,344.24786664012078,-71.225,-38.438
DIA 1,,2.86852083728848,350.23167253153775,-71.225,-38.438
DIA 1,,2.86884977497254,343.84230593738420,-71.225,-38.438
DIA 1,,2.86984441058421,344.39315899397820,-71.225,-38.437
DIA 1,,2.87000252446722,333.93749182409812,-71.225,-38.437
DIA 1,,2.87011069100549,321.89974269827167,-71.225,-38.437
DIA 1,,2.87027347921144,320.04209814651227,-71.226,-38.437
DIA 1,,2.87048748855703,330.24259751250162,-71.226,-38.436
DIA 1,,2.87083288687781,341.92715409193676,-71.226,-38.436
DIA 1,,2.87091534899033,342.70385565580216,-71.226,-38.436
DIA 1,,2.87100078902778,334.24009912462662,-71.226,-38.436
DIA 1,,2.87111740806568,322.01812173246645,-71.226,-38.436
DIA 1,,2.87125882942192,310.90680748646770,-71.226,-38.436
DIA 1,,2.87329483040423,304.40949909005207,-71.228,-38.434
DIA 1,,2.87357784983819,300.09198665880604,-71.228,-38.434
DIA 1,,2.87389549744168,284.08929505522167,-71.228,-38.434
DIA 1,,2.87390549744167,281.87474724602407,-71.228,-38.434
DIA 1,,2.87417862744736,297.87743885098070,-71.228,-38.434
DIA 1,,2.87427296725867,299.28521719078151,-71.228,-38.434
DIA 1,,2.87434004929800,303.18531113462706,-71.229,-38.434
DIA 1,,2.87441815179475,317.40677544842993,-71.229,-38.434
DIA 1,,2.87454021735092,322.60120435339496,-71.229,-38.434
DIA 1,,2.87532124231851,321.93380147808432,-71.229,-38.433
DIA 1,,2.87574326127543,321.14732937617430,-71.229,-38.433
DIA 1,,2.87630299335420,323.30805074747246,-71.230,-38.432
DIA 1,,2.87649167297684,336.97918666883623,-71.230,-38.432
DIA 1,,2.87653290403309,340.59430798781210,-71.230,-38.432
DIA 1,,2.87667608224372,330.76739594846953,-71.230,-38.432
DIA 1,,2.87671213775648,340.29966966815169,-71.230,-38.432
DIA 1,,2.87681263651269,352.21179996295513,-71.230,-38.432
DIA 1,,2.87704608886329,355.06709652868199,-71.230,-38.432
DIA 1,,2.87706608886329,348.01875550935330,-71.230,-38.432
DIA 1,,2.87716457744131,329.58380668670264,-71.230,-38.432
DIA 1,,2.87731457744132,326.69261052908701,-71.230,-38.432
DIA 1,,2.87755644517376,332.81577695964882,-71.230,-38.431
DIA 1,,2.87782045274941,329.67453091458913,-71.230,-38.431
DIA 1,,2.87809248215959,315.42126212960000,-71.231,-38.431
DIA 1,,2.87819248215958,304.14973163024979,-71.231,-38.431
DIA 1,,2.87840343239068,304.14973163187824,-71.231,-38.431
DIA 1,,2.87850343239068,309.34503376411720,-71.231,-38.431
DIA 1,,2.87875838336636,319.39815116177584,-71.231,-38.430
DIA 1,,2.87899692057520,336.46994448585104,-71.231,-38.430
DIA 1,,2.87903815163145,341.67194578950131,-71.231,-38.430
DIA 1,,2.87916815163146,339.47259311399125,-71.231,-38.430
DIA 1,,2.87932626551446,348.18531113526552,-71.231,-38.430
DIA 1,,2.87954717273481,352.67162444174551,-71.231,-38.430
DIA 1,,2.87966882798542,355.26883889461180,-71.231,-38.430
DIA 1,,2.87970882798541,354.34503376533860,-71.231,-38.430
DIA 1,,2.87981080837569,336.57619486907629,-71.231,-38.429
DIA 1,,2.87989683162836,313.59877423964457,-71.231,-38.429
DIA 1,,2.88006326479813,305.69751726195892,-71.232,-38.429
DIA 1,,2.88012729604051,302.61242971459109,-71.232,-38.429
DIA 1,,2.88064159167534,298.99730839586675,-71.232,-38.429
DIA 1,,2.88085254190643,305.04468693536575,-71.232,-38.429
DIA 1,,2.88098060439117,304.81178239467346,-71.232,-38.429
DIA 1,,2.88103891391012,306.92133006797008,-71.232,-38.429
DIA 1,,2.88122996364187,318.00450297868406,-71.233,-38.429
DIA 1,,2.88137996364187,325.27802260971737,-71.233,-38.429
DIA 1,,2.88180716382913,325.34867077642787,-71.233,-38.428
DIA 1,,2.88342916876131,328.96261137313269,-71.234,-38.427
DIA 1,,2.88405988264256,336.13684450176800,-71.234,-38.426
DIA 1,,2.88424373040567,303.80993247269527,-71.234,-38.426
DIA 1,,2.88425373040567,301.29621228214711,-71.234,-38.426
DIA 1,,2.88455786853218,330.19834531395060,-71.234,-38.426
DIA 1,,2.88487692965486,330.61960744326456,-71.234,-38.426
DIA 1,,2.88557011072788,346.71747441146107,-71.235,-38.425
DIA 1,,2.88558011072788,347.71641433965817,-71.235,-38.425
DIA 1,,2.88634978598408,340.69829260808962,-71.235,-38.424
DIA 1,,2.88643224809659,352.98187826843156,-71.235,-38.424
DIA 1,,2.88650224809659,11.30993247414066,-71.235,-38.424
DIA 1,,2.88663224809659,20.13499458341829,-71.235,-38.424
DIA 1,,2.88686311602420,15.84318384294153,-71.235,-38.424
DIA 1,,2.88702804024923,20.30064732627400,-71.235,-38.424
DIA 1,,2.88705040092900,20.56266340255870,-71.235,-38.424
DIA 1,,2.88784595105313,9.87735226273150,-71.235,-38.423
DIA 1,,2.88806685827348,1.59243754666026,-71.235,-38.423
DIA 1,,2.88863720904274,351.97710135751936,-71.235,-38.422
DIA 1,,2.88867844009899,350.06870724878439,-71.235,-38.422
DIA 1,,2.88966352892748,351.82293592525150,-71.235,-38.421
DIA 1,,2.89081287656853,345.51863252890263,-71.235,-38.420
DIA 1,,2.89106585878134,350.78252558879348,-71.235,-38.420
DIA 1,,2.89128585878135,4.79147236174292,-71.235,-38.419
DIA 1,,2.89206675570156,13.70091681891018,-71.235,-38.419
DIA 1,,2.89236086452496,14.56441069222010,-71.235,-38.418
DIA 1,,2.89246284491522,4.22376362154010,-71.235,-38.418
DIA 1,,2.89266309475917,353.67759387178234,-71.235,-38.418
DIA 1,,2.89295737353856,348.47347454689594,-71.235,-38.418
DIA 1,,2.89404645572095,344.14720365013983,-71.235,-38.417
DIA 1,,2.89433106071037,337.50000000015660,-71.235,-38.417
DIA 1,,2.89491243838452,328.79864793464361,-71.236,-38.416
DIA 1,,2.89513447441763,326.77797000707380,-71.236,-38.416
DIA 1,,2.89595939865658,322.19679648744045,-71.236,-38.415
DIA 1,,2.89600182506345,320.65496624020699,-71.236,-38.415
DIA 1,,2.89657871326752,318.45561355955613,-71.236,-38.415
DIA 1,,2.89703969049038,312.80064732104540,-71.237,-38.414
DIA 1,,2.89712454330413,318.56250817400723,-71.237,-38.414
DIA 1,,2.89723856084663,330.16180343322958,-71.237,-38.414
DIA 1,,2.89734626414278,349.09929525752602,-71.237,-38.414
DIA 1,,2.89737626414277,352.53429141143795,-71.237,-38.414
DIA 1,,2.89753150588974,347.91123503807722,-71.237,-38.414
DIA 1,,2.89796716630795,348.72765846150679,-71.237,-38.413
DIA 1,,2.89853232115399,350.02807572985529,-71.237,-38.413
DIA 1,,2.89956928788441,358.87671357009071,-71.237,-38.412
DIA 1,,2.89969967193252,351.29864793613865,-71.237,-38.412
DIA 1,,2.89975352358059,332.25426149178242,-71.237,-38.412
DIA 1,,2.89978957909334,320.65496623329130,-71.237,-38.412
DIA 1,,2.89984614763584,300.84962211804725,-71.237,-38.412
DIA 1,,2.89995055070093,278.34962211550277,-71.238,-38.412
DIA 1,,2.90000055070092,265.26883889617056,-71.238,-38.412
DIA 1,,2.90036551645273,263.06948621795436,-71.238,-38.412
DIA 1,,2.90049590050084,269.10192842336949,-71.238,-38.412
DIA 1,,2.90071612765631,279.58346480796160,-71.238,-38.412
DIA 1,,2.90275055632303,283.93714994495184,-71.240,-38.411
DIA 1,,2.90280154651816,283.95497307821358,-71.240,-38.411
DIA 1,,2.90556679515075,284.56441069397397,-71.243,-38.410
DIA 1,,2.90575118603989,285.48187826732396,-71.243,-38.410
DIA 1,,2.90587767714630,301.71747440280984,-71.243,-38.410
DIA 1,,2.90589181928192,307.02730203974488,-71.243,-38.410
DIA 1,,2.90599477558333,302.54098874291452,-71.243,-38.410
DIA 1,,2.90613079028841,311.75846315345376,-71.243,-38.410
DIA 1,,2.90629357849438,314.45660927300281,-71.244,-38.410
DIA 1,,2.90652029417535,313.21183281254099,-71.244,-38.410
DIA 1,,2.90691627397282,319.06505117789220,-71.244,-38.409
DIA 1,,2.90716627397281,328.89196320668862,-71.244,-38.409
DIA 1,,2.90737651193323,331.52316090444890,-71.244,-38.409
DIA 1,,2.90752915530846,330.34084186808451,-71.244,-38.409
DIA 1,,2.90864741288165,329.63265921479615,-71.245,-38.408
DIA 1,,2.90936302450816,325.36114735264147,-71.245,-38.407
DIA 1,,2.90954903526054,296.87308113027746,-71.245,-38.407
DIA 1,,2.90955903526054,286.84503376455564,-71.245,-38.407
DIA 1,,2.90959509077329,296.06250817499892,-71.245,-38.407
DIA 1,,2.90965833632650,283.28252558914966,-71.245,-38.407
DIA 1,,2.90972904700462,274.06505117870648,-71.246,-38.407
DIA 1,,2.90979904700462,253.99730839504335,-71.246,-38.407
DIA 1,,2.90989338681594,231.49730838995447,-71.246,-38.407
DIA 1,,2.90992167108718,202.49999999491109,-71.246,-38.407
DIA 1,,2.90996167108718,187.01812173516063,-71.246,-38.407
DIA 1,,2.91000290214345,187.79220058490219,-71.246,-38.407
DIA 1,,2.91037303725391,186.42904508596877,-71.246,-38.408
DIA 1,,2.91052600783931,198.93749182476617,-71.246,-38.408
DIA 1,,2.91054836851910,193.28252558853899,-71.246,-38.408
DIA 1,,2.91113836851909,202.49999999999997,-71.246,-38.408
DIA 1,,2.91115251065472,215.78252557632567,-71.246,-38.408
DIA 1,,2.91117487133449,215.78252558141455,-71.246,-38.408
DIA 1,,2.91120315560574,202.50000000508888,-71.246,-38.408
DIA 1,,2.91121315560574,225.00000000000000,-71.246,-38.409
DIA 1,,2.91122315560574,247.49999999999997,-71.246,-38.409
DIA 1,,2.91123729774137,240.69972874174067,-71.246,-38.409
DIA 1,,2.91187518487872,263.19972874174067,-71.246,-38.409
DIA 1,,2.91194518487871,279.21747440535432,-71.247,-38.409
DIA 1,,2.91197680765532,296.06250816991007,-71.247,-38.409
DIA 1,,2.91201286316807,308.02881632999942,-71.247,-38.409
DIA 1,,2.91324452870709,321.31134191759884,-71.247,-38.408
DIA 1,,2.91332515128457,338.10943762118546,-71.248,-38.408
DIA 1,,2.91340761339709,356.54438644473379,-71.248,-38.408
DIA 1,,2.91348823597457,3.56250817570356,-71.248,-38.408
DIA 1,,2.91357823597457,356.43749182429650,-71.248,-38.407
DIA 1,,2.91365885855205,344.83819656922714,-71.248,-38.407
DIA 1,,2.91373501628311,329.46321291781578,-71.248,-38.407
DIA 1,,2.91384903382562,327.35872045384389,-71.248,-38.407
DIA 1,,2.91415317195214,337.07873787085481,-71.248,-38.407
DIA 1,,2.91424804028194,328.28252558989607,-71.248,-38.407
DIA 1,,2.91426218241757,337.49999999999994,-71.248,-38.407
DIA 1,,2.91427218241757,337.49999999999994,-71.248,-38.407
DIA 1,,2.91428632455319,305.78252558853899,-71.248,-38.407
DIA 1,,2.91430868523296,283.28252558853899,-71.248,-38.407
DIA 1,,2.91431868523296,279.21747441553214,-71.248,-38.407
DIA 1,,2.91435030800956,279.21747441553214,-71.248,-38.407
DIA 1,,2.91443030800957,260.78252558446786,-71.248,-38.407
DIA 1,,2.91446193078617,260.78252558446786,-71.248,-38.407
DIA 1,,2.91447193078617,247.49999999491109,-71.248,-38.407
DIA 1,,2.91450021505742,234.21747440637213,-71.248,-38.407
DIA 1,,2.91454493641696,234.21747441146101,-71.248,-38.407
DIA 1,,2.91460150495946,219.34503376768737,-71.248,-38.407
DIA 1,,2.91467361598497,219.34503374733180,-71.248,-38.407
DIA 1,,2.91468775812059,213.40070472375629,-71.248,-38.407
DIA 1,,2.91484931306480,190.90070474411181,-71.248,-38.407
DIA 1,,2.91485931306481,185.53510128901601,-71.248,-38.407
DIA 1,,2.91532803473061,193.50779923922141,-71.248,-38.408
DIA 1,,2.91576484132397,198.13426636533148,-71.248,-38.408
DIA 1,,2.91605276492495,203.44409400366513,-71.249,-38.408
DIA 1,,2.91625401104292,210.12755934996309,-71.249,-38.408
DIA 1,,2.91632612206844,218.35756675636992,-71.249,-38.409
DIA 1,,2.91653130491372,228.90373651073193,-71.249,-38.409
DIA 1,,2.91694747795465,236.90932525014847,-71.249,-38.409
DIA 1,,2.91729733506835,242.91882647578353,-71.249,-38.409
DIA 1,,2.91737349279940,244.53161492718013,-71.250,-38.409
DIA 1,,2.91868410334415,241.25846953722524,-71.251,-38.410
DIA 1,,2.91908721623156,238.49011535941003,-71.251,-38.410
DIA 1,,2.91946996941574,225.20758977406533,-71.251,-38.410
DIA 1,,2.91950602492850,217.98187826972105,-71.251,-38.410
DIA 1,,2.91965468561598,216.00928515144429,-71.251,-38.410
DIA 1,,2.91989655334843,211.71747441083468,-71.252,-38.411
DIA 1,,2.92036527501423,217.43799634674545,-71.252,-38.411
DIA 1,,2.92047157647237,219.02791140606689,-71.252,-38.411
DIA 1,,2.92067157647236,222.97775721291873,-71.252,-38.411
DIA 1,,2.92087007080478,227.04280838988043,-71.252,-38.411
DIA 1,,2.92106806070350,227.00208646973809,-71.252,-38.411
DIA 1,,2.92248573485507,225.31885613818869,-71.253,-38.412
DIA 1,,2.92284698269243,217.66180342993056,-71.254,-38.413
DIA 1,,2.92299120474345,210.66802144501804,-71.254,-38.413
DIA 1,,2.92322827013527,203.04046209630761,-71.254,-38.413
DIA 1,,2.92325989291188,234.21747441349655,-71.254,-38.413
DIA 1,,2.92326989291186,238.28252559261017,-71.254,-38.413
DIA 1,,2.92329225359164,225.00000000407107,-71.254,-38.413
DIA 1,,2.92335933563097,249.96960777115552,-71.254,-38.413
DIA 1,,2.92361643483361,254.03465894755499,-71.254,-38.413
DIA 1,,2.92371130316341,248.90777834183640,-71.254,-38.413
DIA 1,,2.92398443316910,249.77563063735255,-71.254,-38.413
DIA 1,,2.92408883623417,256.40463937704891,-71.255,-38.413
DIA 1,,2.92436342683853,261.64134696159897,-71.255,-38.413
DIA 1,,2.92491668988628,262.28157219719964,-71.255,-38.413
DIA 1,,2.92529152318256,255.67446931537276,-71.256,-38.413
DIA 1,,2.92547180074633,246.99745699756079,-71.256,-38.413
DIA 1,,2.92562832550476,245.59296258278275,-71.256,-38.414
DIA 1,,2.92586602279124,245.59296258278275,-71.256,-38.414
DIA 1,,2.92595546551033,245.66275023975584,-71.256,-38.414
DIA 1,,2.92630086383112,255.38276765259127,-71.257,-38.414
DIA 1,,2.92638148640860,257.22001741385327,-71.257,-38.414
DIA 1,,2.92644473196181,247.50000000101775,-71.257,-38.414
DIA 1,,2.92660125672023,239.87244064847107,-71.257,-38.414
DIA 1,,2.92674547877125,232.56200365343472,-71.257,-38.414
DIA 1,,2.92685178022937,226.90703741684871,-71.257,-38.414
DIA 1,,2.92719119148434,219.69017236221211,-71.257,-38.414
DIA 1,,2.92811206063900,219.69017236518059,-71.258,-38.415
DIA 1,,2.92815448704588,234.21747440671140,-71.258,-38.415
DIA 1,,2.92817684772565,256.71747440331882,-71.258,-38.415
DIA 1,,2.92819684772565,256.71747441146101,-71.258,-38.415
DIA 1,,2.92821920840542,256.71747441146101,-71.258,-38.415
DIA 1,,2.92831920840542,274.06505117504247,-71.258,-38.415
DIA 1,,2.92838991908355,283.45406778668854,-71.258,-38.415
DIA 1,,2.92891802892060,285.52140347573925,-71.259,-38.415
DIA 1,,2.92915340096652,279.83584292828471,-71.259,-38.415
DIA 1,,2.93016181556380,273.70345606419153,-71.260,-38.415
DIA 1,,2.93026181556381,265.26883889378655,-71.260,-38.415
DIA 1,,2.93032264318910,265.26883889378655,-71.260,-38.415
DIA 1,,2.93037264318910,265.22543303561821,-71.260,-38.415
DIA 1,,2.93145767775076,330.12821857991548,-71.261,-38.415
DIA 1,,2.93161388274428,45.96529371906132,-71.261,-38.415
DIA 1,,2.93195593537180,55.58062990812862,-71.261,-38.415
DIA 1,,2.93207255440970,57.08045756116412,-71.261,-38.415
DIA 1,,2.93247479811693,53.35330815534400,-71.260,-38.414
DIA 1,,2.93284493322739,54.42335919163760,-71.260,-38.414
DIA 1,,2.93301136639716,66.61426512773518,-71.260,-38.414
DIA 1,,2.93305259745342,82.98187826364200,-71.260,-38.414
DIA 1,,2.93316259745342,94.37308113115994,-71.260,-38.414
DIA 1,,2.93342565638218,96.24894566670073,-71.260,-38.414
DIA 1,,2.93403696645080,91.87586453554079,-71.259,-38.414
DIA 1,,2.93419696645081,82.98187826523851,-71.259,-38.414
DIA 1,,2.93432065961957,72.70385565433142,-71.259,-38.414
DIA 1,,2.93440609965702,62.87694362766882,-71.259,-38.414
DIA 1,,2.93447821068254,52.85431891535526,-71.259,-38.414
DIA 1,,2.93457040612710,37.98187826531833,-71.258,-38.414
DIA 1,,2.93468220952598,28.76440385607249,-71.258,-38.414
DIA 1,,2.93479882856388,27.96015028658859,-71.258,-38.414
DIA 1,,2.93766659773172,22.87532949664728,-71.257,-38.411
DIA 1,,2.93851164210925,18.98682393612183,-71.257,-38.410
DIA 1,,2.94125399511352,16.53952775288102,-71.256,-38.408
DIA 1,,2.94296962910712,16.65111335986436,-71.256,-38.406
DIA 1,,2.94367176869438,16.50415120185275,-71.255,-38.405
DIA 1,,2.94668276520716,13.69689078569887,-71.255,-38.402
DIA 1,,2.94785754178166,9.57028133047204,-71.254,-38.401
DIA 1,,2.94817011177382,6.00961886674821,-71.254,-38.401
DIA 1,,2.94866174171595,3.26726860520580,-71.254,-38.401
DIA 1,,2.94958223071643,359.25060908736435,-71.254,-38.400
DIA 1,,2.94975252458010,358.31676966779378,-71.254,-38.399
DIA 1,,2.95000252458010,356.02826409526631,-71.254,-38.399
DIA 1,,2.95043669044701,356.02826409526631,-71.254,-38.399
DIA 1,,2.95045669044702,352.42296597486018,-71.254,-38.399
DIA 1,,2.95095398311738,340.76411178112539,-71.254,-38.398
DIA 1,,2.95158556842437,341.32302406990726,-71.255,-38.398
DIA 1,,2.95162679948062,341.92715409193676,-71.255,-38.398
DIA 1,,2.95197219780141,336.45832037535683,-71.255,-38.397
DIA 1,,2.95599867268647,332.98574249713943,-71.257,-38.394
DIA 1,,2.95610162898788,333.17068382528930,-71.257,-38.394
DIA 1,,2.96054506234509,335.91826542660664,-71.258,-38.390
DIA 1,,2.96242146848450,332.76525028383770,-71.259,-38.388
DIA 1,,2.96425135919162,327.29070923904078,-71.260,-38.386
DIA 1,,2.96444552407000,329.46321291534463,-71.260,-38.386
DIA 1,,2.96451260610933,328.08427345826442,-71.260,-38.386
DIA 1,,2.96509061994999,318.65667159714206,-71.261,-38.386
DIA 1,,2.96798276448303,317.43491315039330,-71.263,-38.384
DIA 1,,2.96874970646259,325.68182768539026,-71.263,-38.383
DIA 1,,2.96918387232951,336.31931266912500,-71.263,-38.383
DIA 1,,2.96921549510611,337.92754869623383,-71.263,-38.383
DIA 1,,2.96951516158739,336.51977035703698,-71.263,-38.382
DIA 1,,2.96970829366654,344.06491960761588,-71.264,-38.382
DIA 1,,2.96987108187251,352.78313494523582,-71.264,-38.382
DIA 1,,2.97002141483629,4.67923929614428,-71.264,-38.382
DIA 1,,2.97050411557173,11.40504576771153,-71.263,-38.381
DIA 1,,2.97104170277396,6.93696645593975,-71.263,-38.381
DIA 1,,2.97212466168361,1.25034510593434,-71.263,-38.380
DIA 1,,2.97245481316400,355.77722930163719,-71.263,-38.379
DIA 1,,2.97262598559169,350.80039700730168,-71.263,-38.379
DIA 1,,2.97381055302328,351.77349456931648,-71.264,-38.378
DIA 1,,2.97393096896907,352.88701805168387,-71.264,-38.378
DIA 1,,2.97411345184498,352.67162444106987,-71.264,-38.378
DIA 1,,2.97477617350601,3.45016408406280,-71.264,-38.377
DIA 1,,2.97491935171665,15.26485294938121,-71.264,-38.377
DIA 1,,2.97507746559965,23.52270424303558,-71.264,-38.377
DIA 1,,2.97520276524051,14.30522983116748,-71.264,-38.377
DIA 1,,2.97521276524051,19.32990413300277,-71.264,-38.377
DIA 1,,2.97527679648289,41.82990412961017,-71.264,-38.377
DIA 1,,2.97536164929663,39.34503376586053,-71.263,-38.377
DIA 1,,2.97539770480938,37.83864001671162,-71.263,-38.377
DIA 1,,2.97553224104986,38.08666749072535,-71.263,-38.376
DIA 1,,2.97617294378904,48.81053564658566,-71.263,-38.376
DIA 1,,2.97619530446881,51.29772824779158,-71.263,-38.376
DIA 1,,2.97744630406913,36.42528760667977,-71.262,-38.375
DIA 1,,2.97773474817117,39.34503377238477,-71.262,-38.375
DIA 1,,2.97774889030679,33.06235958294873,-71.262,-38.375
DIA 1,,2.97822058936340,14.44494258140557,-71.262,-38.374
DIA 1,,2.97844262539651,4.38512601142455,-71.262,-38.374
DIA 1,,2.97901271310905,7.52066473854924,-71.262,-38.373
DIA 1,,2.97909517522157,17.17969014955950,-71.262,-38.373
DIA 1,,2.97938309882255,21.89108045466512,-71.262,-38.373
DIA 1,,2.98053860736860,25.01203762889505,-71.261,-38.372
DIA 1,,2.98071749280680,24.59245806247189,-71.261,-38.372
DIA 1,,2.98097749280680,16.96489871301769,-71.261,-38.372
DIA 1,,2.98107947319707,5.65496623857591,-71.261,-38.372
DIA 1,,2.98111947319707,14.03624346708126,-71.261,-38.371
DIA 1,,2.98128947319707,21.50195205598110,-71.261,-38.371
DIA 1,,2.98159995669099,18.36641333488342,-71.261,-38.371
DIA 1,,2.98165380833907,10.90070474598356,-71.261,-38.371
DIA 1,,2.98178380833907,3.56250817069295,-71.261,-38.371
DIA 1,,2.98186443091655,358.25268053346031,-71.261,-38.371
DIA 1,,2.98202721912251,345.10066835027391,-71.261,-38.371
DIA 1,,2.98227073503575,331.62619997248743,-71.261,-38.370
DIA 1,,2.98243474723042,318.71570398498091,-71.261,-38.370
DIA 1,,2.98268930567164,310.93494882389911,-71.261,-38.370
DIA 1,,2.98293930567164,300.30969606992318,-71.261,-38.370
DIA 1,,2.98321243567732,292.45288884645106,-71.262,-38.370
DIA 1,,2.98667587327601,289.72178140790822,-71.265,-38.369
DIA 1,,2.98912980889049,287.51651507674802,-71.267,-38.368
DIA 1,,2.99030985126260,291.65540085780577,-71.268,-38.367
DIA 1,,2.99033221194238,289.54692944287530,-71.268,-38.367
DIA 1,,2.99042440738695,284.72816038644504,-71.268,-38.367
DIA 1,,2.99090523999816,291.74628212064772,-71.269,-38.367
DIA 1,,2.99092760067793,291.63214770553577,-71.269,-38.367
DIA 1,,2.99165842213356,291.63214770553577,-71.270,-38.367
DIA 1,,2.99170314349311,290.44388557748505,-71.270,-38.367
DIA 1,,2.99218822080653,281.70649844983359,-71.270,-38.367
DIA 1,,2.99244140058456,277.34480812889200,-71.270,-38.367
DIA 1,,2.99295384570357,276.63915157177718,-71.271,-38.367
DIA 1,,2.99385189915409,276.47067960360516,-71.272,-38.367
DIA 1,,2.99537833290634,277.07152727489853,-71.273,-38.367
DIA 1,,2.99602609829597,280.32447404131352,-71.274,-38.366
DIA 1,,2.99651640432285,286.78484920930634,-71.274,-38.366
DIA 1,,2.99683951421129,293.72120765505275,-71.275,-38.366
DIA 1,,2.99711682270376,299.90035018489965,-71.275,-38.366
DIA 1,,2.99745520119008,306.62677671578115,-71.275,-38.366
DIA 1,,2.99786751175264,310.80215298233657,-71.276,-38.366
DIA 1,,2.99819308816455,316.61052010811039,-71.276,-38.365
DIA 1,,2.99847734157262,327.07277097943154,-71.276,-38.365
DIA 1,,2.99874566972993,337.50000000067854,-71.276,-38.365
DIA 1,,2.99884053805974,338.18196376738911,-71.276,-38.365
DIA 1,,2.99902842100201,330.55440441345934,-71.276,-38.365
DIA 1,,2.99913658754028,320.65496623596624,-71.276,-38.365
DIA 1,,2.99940528811713,316.90703741786569,-71.276,-38.364
DIA 1,,2.99961789103338,311.25207118085564,-71.277,-38.364
DIA 1,,2.99965394654614,310.16332228406390,-71.277,-38.364
DIA 1,,2.99990153491420,319.79002442620725,-71.277,-38.364
DIA 1,,3.00051553817153,318.04793077247450,-71.277,-38.364
DIA 1,,3.00073485529351,306.61048627797686,-71.277,-38.363
DIA 1,,3.00117394526152,304.93707695943777,-71.278,-38.363
DIA 1,,3.00125204775828,318.05775178659519,-71.278,-38.363
DIA 1,,3.00139626980929,329.20633072209915,-71.278,-38.363
DIA 1,,3.00158862364991,327.34868616700180,-71.278,-38.363
DIA 1,,3.00180263299550,318.29477868061980,-71.278,-38.363
DIA 1,,3.00220574588292,317.09467145112416,-71.278,-38.362
DIA 1,,3.00259625836671,340.09721445320002,-71.279,-38.362
DIA 1,,3.00260625836672,341.56505117789226,-71.279,-38.362
DIA 1,,3.00285625836671,329.34307378726567,-71.279,-38.362
DIA 1,,3.00309791928618,340.43982604111278,-71.279,-38.362
DIA 1,,3.00353208515310,342.38378082125058,-71.279,-38.361
DIA 1,,3.00370296522801,336.86700049924156,-71.279,-38.361
DIA 1,,3.00400263170929,326.84437578627023,-71.279,-38.361
DIA 1,,3.00409482715386,321.57243380858228,-71.279,-38.361
DIA 1,,3.00428083790623,320.61785759250432,-71.279,-38.361
DIA 1,,3.00460641431817,319.30252824388691,-71.280,-38.360
DIA 1,,3.00500466047320,326.25252195011831,-71.280,-38.360
DIA 1,,3.00550585903665,335.41674755731981,-71.280,-38.360
DIA 1,,3.00584761918646,342.01089673152711,-71.280,-38.359
DIA 1,,3.00614845136559,342.56890192718828,-71.280,-38.359
DIA 1,,3.00650900649313,341.88866051352068,-71.280,-38.359
DIA 1,,3.00716703384819,339.70570616747352,-71.281,-38.358
DIA 1,,3.00753865193171,333.22458759239578,-71.281,-38.358
DIA 1,,3.00786114224164,333.88784215277707,-71.281,-38.357
DIA 1,,3.00817498933817,340.93915957271207,-71.281,-38.357
DIA 1,,3.00843460443789,348.43094795210055,-71.281,-38.357
DIA 1,,3.00881787979582,354.80278278042812,-71.281,-38.357
DIA 1,,3.00960889180585,359.00540182516596,-71.281,-38.356
DIA 1,,3.01023897116592,357.09977182100874,-71.281,-38.355
DIA 1,,3.01092366087667,355.72127646296696,-71.281,-38.354
DIA 1,,3.01123382212505,3.14124604358088,-71.281,-38.354
DIA 1,,3.01151666483753,10.87854860660835,-71.281,-38.354
DIA 1,,3.01185622337446,16.92592714655915,-71.281,-38.354
DIA 1,,3.01205870794177,13.78861939656307,-71.281,-38.353
DIA 1,,3.01237127793394,5.26610473791622,-71.281,-38.353
DIA 1,,3.01255155549771,358.02740688424944,-71.281,-38.353
DIA 1,,3.01279342323015,348.65122002781311,-71.281,-38.353
DIA 1,,3.01342666883811,342.38681617207067,-71.281,-38.352
DIA 1,,3.01357532952558,344.51812173175267,-71.281,-38.352
DIA 1,,3.01367730991586,337.49999999843419,-71.281,-38.352
DIA 1,,3.01382153196687,321.64243324274122,-71.281,-38.352
DIA 1,,3.01402671481216,293.48746700573111,-71.281,-38.351
DIA 1,,3.01403671481215,285.48187826513873,-71.282,-38.351
DIA 1,,3.01415333385005,291.52925680404189,-71.282,-38.351
DIA 1,,3.01429651206069,274.98683034061435,-71.282,-38.351
DIA 1,,3.01537725254758,270.02682385885333,-71.283,-38.351
DIA 1,,3.01616782196261,276.44393356855204,-71.284,-38.351
DIA 1,,3.01654438537029,275.35656151140989,-71.284,-38.351
DIA 1,,3.01658438537029,275.28050534554734,-71.284,-38.351
DIA 1,,3.01718455201382,278.70189205221601,-71.285,-38.351
DIA 1,,3.01743634558005,273.42138670666867,-71.285,-38.351
DIA 1,,3.01761634558005,277.97269794930924,-71.285,-38.351
DIA 1,,3.01768914667895,277.97269794930924,-71.285,-38.351
DIA 1,,3.01769914667896,281.59929525857888,-71.285,-38.351
DIA 1,,3.01777530441001,297.08117352222087,-71.285,-38.351
DIA 1,,3.01783361392896,311.15197413758989,-71.285,-38.351
DIA 1,,3.01789764517133,295.67009587394790,-71.285,-38.351
DIA 1,,3.01790764517134,289.90278554713370,-71.285,-38.351
DIA 1,,3.01806385016485,315.35585610363580,-71.285,-38.351
DIA 1,,3.01827000544613,318.15063907781780,-71.286,-38.351
DIA 1,,3.01929533466156,316.88079885232872,-71.286,-38.350
DIA 1,,3.01953616655314,322.01018163134069,-71.286,-38.350
DIA 1,,3.02026287144509,329.54442570771761,-71.287,-38.349
DIA 1,,3.02032995348442,327.38757028133773,-71.287,-38.349
DIA 1,,3.02045801596917,323.17408577446361,-71.287,-38.349
DIA 1,,3.02119040930611,322.60120435738639,-71.287,-38.349
DIA 1,,3.02126851180286,324.09452285305764,-71.287,-38.348
DIA 1,,3.02136285161419,321.49730839109810,-71.287,-38.348
DIA 1,,3.02139113588544,319.55893137203884,-71.287,-38.348
DIA 1,,3.02197122208593,297.05893137712775,-71.288,-38.348
DIA 1,,3.02198122208593,297.23116110373775,-71.288,-38.348
DIA 1,,3.02215326859127,322.58645767238681,-71.288,-38.348
DIA 1,,3.02229539529531,317.12089621172362,-71.288,-38.348
DIA 1,,3.02257125757978,309.84469236262544,-71.288,-38.347
DIA 1,,3.02289328242356,304.08178432267772,-71.288,-38.347
DIA 1,,3.02298762223487,308.50269160312695,-71.289,-38.347
DIA 1,,3.02318561213361,318.24967314007847,-71.289,-38.347
DIA 1,,3.02374783984548,327.46714754746830,-71.289,-38.347
DIA 1,,3.02377020052526,327.38757027935191,-71.289,-38.347
DIA 1,,3.02383423176763,327.38757028613708,-71.289,-38.347
DIA 1,,3.02390131380696,337.49999999966076,-71.289,-38.347
DIA 1,,3.02396455936016,328.28252560584127,-71.289,-38.346
DIA 1,,3.02397870149578,329.52730206682156,-71.289,-38.346
DIA 1,,3.02405150259466,346.55027072444017,-71.289,-38.346
DIA 1,,3.02436725566275,345.30549426787019,-71.289,-38.346
DIA 1,,3.02446212399255,336.25522353997337,-71.289,-38.346
DIA 1,,3.02466803659537,317.31773171463311,-71.289,-38.346
DIA 1,,3.02470409210812,311.94224821842306,-71.289,-38.346
DIA 1,,3.02540701457896,317.59721445217104,-71.290,-38.345
DIA 1,,3.02549186739270,320.65496624157703,-71.290,-38.345
DIA 1,,3.02552792290545,314.39056238678177,-71.290,-38.345
DIA 1,,3.02565830695356,300.01200193201851,-71.290,-38.345
DIA 1,,3.02591772938898,294.67711053188657,-71.290,-38.345
DIA 1,,3.02629469092548,300.23060886942858,-71.291,-38.345
DIA 1,,3.02635872216786,304.81178239627974,-71.291,-38.345
DIA 1,,3.02641703168680,305.57790128835933,-71.291,-38.345
DIA 1,,3.02717630765771,305.32879547759995,-71.291,-38.344
DIA 1,,3.02737353848694,307.73277245946832,-71.291,-38.344
DIA 1,,3.02738768062257,307.14568108595267,-71.291,-38.344
DIA 1,,3.02785778699350,295.54638582842665,-71.292,-38.344
DIA 1,,3.02791163864158,296.38258300611596,-71.292,-38.344
DIA 1,,3.02796994816052,312.04692944479109,-71.292,-38.344
DIA 1,,3.02801994816053,319.06505117436393,-71.292,-38.344
DIA 1,,3.02806237456740,319.06505117056417,-71.292,-38.344
DIA 1,,3.02821237456740,319.76364169123957,-71.292,-38.344
DIA 1,,3.02850237456739,312.13608233959587,-71.292,-38.343
DIA 1,,3.02861639210990,311.43749182231306,-71.292,-38.343
DIA 1,,3.02865881851678,305.78252558514646,-71.292,-38.343
DIA 1,,3.02883770395498,290.30064732369965,-71.293,-38.343
DIA 1,,3.02900262818000,287.91882647763464,-71.293,-38.343
DIA 1,,3.02905647982807,289.25032685891057,-71.293,-38.343
DIA 1,,3.02926528595825,278.34962211643659,-71.293,-38.343
DIA 1,,3.02928528595825,276.76158032525120,-71.293,-38.343
DIA 1,,3.03009781288089,280.32408849970210,-71.294,-38.343
DIA 1,,3.03025905803585,286.84503375484769,-71.294,-38.343
DIA 1,,3.03028141871563,286.13782214914659,-71.294,-38.343
DIA 1,,3.03048241622804,279.04567503313029,-71.294,-38.343
DIA 1,,3.03090217806528,285.40785287596123,-71.295,-38.343
DIA 1,,3.03143976526751,301.71747440140302,-71.295,-38.343
DIA 1,,3.03145390740314,303.37854859691765,-71.295,-38.343
DIA 1,,3.03385494884384,280.87854860709541,-71.297,-38.342
DIA 1,,3.03387494884384,280.49799617589042,-71.297,-38.342
DIA 1,,3.03585651388189,289.52823214392907,-71.299,-38.341
DIA 1,,3.03682419151415,282.88137810122157,-71.300,-38.341
DIA 1,,3.03928640596461,279.24329106687503,-71.303,-38.340
DIA 1,,3.03950018154787,279.45720011082835,-71.303,-38.340
DIA 1,,3.04049013104153,274.06505117713613,-71.304,-38.340
DIA 1,,3.04061013104154,267.45394243773069,-71.304,-38.340
DIA 1,,3.04162413301391,267.45394243773069,-71.305,-38.340
DIA 1,,3.04196413301391,271.54702902938448,-71.305,-38.340
DIA 1,,3.04233467316019,271.54702902938448,-71.306,-38.340
DIA 1,,3.04251467316019,273.17009587283081,-71.306,-38.340
DIA 1,,3.04287688856571,273.17009587283081,-71.306,-38.340
DIA 1,,3.04303688856572,265.93494882271841,-71.306,-38.340
DIA 1,,3.04317830992194,258.11382559426511,-71.306,-38.340
DIA 1,,3.04343792502167,252.18732351029951,-71.307,-38.340
DIA 1,,3.04355497202077,254.85602350485837,-71.307,-38.340
DIA 1,,3.04366677541965,264.84757676610548,-71.307,-38.340
DIA 1,,3.04375677541965,274.06505117585669,-71.307,-38.340
DIA 1,,3.04382748609776,284.75036231046153,-71.307,-38.340
DIA 1,,3.04407446787847,292.99709352739461,-71.307,-38.340
DIA 1,,3.04433847545412,286.19436540233272,-71.308,-38.340
DIA 1,,3.04456051148723,271.83977461893556,-71.308,-38.340
DIA 1,,3.04470086817571,260.93906987622762,-71.308,-38.340
DIA 1,,3.04482456134447,251.67194579209217,-71.308,-38.340
DIA 1,,3.04495456134447,244.53968964328095,-71.308,-38.340
DIA 1,,3.04510220957508,236.77100882318351,-71.308,-38.340
DIA 1,,3.04528025451322,227.05823120875911,-71.308,-38.340
DIA 1,,3.04542891520070,220.21545779792615,-71.309,-38.341
DIA 1,,3.04560696013885,222.56608029870392,-71.309,-38.341
DIA 1,,3.04581214298413,239.26999259902291,-71.309,-38.341
DIA 1,,3.04584376576074,246.74628212538093,-71.309,-38.341
DIA 1,,3.04601376576073,255.96375653073528,-71.309,-38.341
DIA 1,,3.04605376576075,260.78252558752121,-71.309,-38.341
DIA 1,,3.04611701131394,264.57984727155031,-71.309,-38.341
DIA 1,,3.04626833877345,287.07984728071028,-71.309,-38.341
DIA 1,,3.04629069945322,283.28252559668118,-71.309,-38.341
DIA 1,,3.04631069945323,282.49784818613858,-71.309,-38.341
DIA 1,,3.04794364158325,291.71532259795879,-71.311,-38.340
DIA 1,,3.04848122878547,284.87244064648161,-71.311,-38.340
DIA 1,,3.04853221898061,287.46965509958932,-71.311,-38.340
DIA 1,,3.04870686147258,281.81468886492797,-71.311,-38.340
DIA 1,,3.04872686147257,288.93749182570571,-71.312,-38.340
DIA 1,,3.04884087901508,316.68323033116957,-71.312,-38.340
DIA 1,,3.04903504389348,328.44050867144404,-71.312,-38.340
DIA 1,,3.04916034353434,334.27794307721297,-71.312,-38.340
DIA 1,,3.04936649881562,331.73813915033065,-71.312,-38.339
DIA 1,,3.04947466535387,329.87244064903217,-71.312,-38.339
DIA 1,,3.04965355079208,324.21747443028988,-71.312,-38.339
DIA 1,,3.04966769292770,320.18316132202511,-71.312,-38.339
DIA 1,,3.05084659071801,327.81072065163272,-71.313,-38.338
DIA 1,,3.05100783587298,323.94883199710114,-71.313,-38.338
DIA 1,,3.05146794455579,307.97165053042141,-71.313,-38.338
DIA 1,,3.05161559278639,295.05108262575732,-71.313,-38.338
DIA 1,,3.05172329608254,288.47773876761380,-71.313,-38.338
DIA 1,,3.05222058875290,286.79450843736419,-71.314,-38.338
DIA 1,,3.05247357096571,301.71747440713540,-71.314,-38.337
DIA 1,,3.05250185523696,307.98187825855308,-71.314,-38.337
DIA 1,,3.05256016475591,305.38466380910717,-71.314,-38.337
DIA 1,,3.05263826725267,314.60213822368138,-71.314,-38.337
DIA 1,,3.05282265814181,317.19935267821620,-71.314,-38.337
DIA 1,,3.05293579522680,308.37974004324064,-71.314,-38.337
DIA 1,,3.05318277700750,298.43715748608474,-71.315,-38.337
DIA 1,,3.05353618894845,299.40245120609501,-71.315,-38.337
DIA 1,,3.05375252202497,308.67892383633807,-71.315,-38.337
DIA 1,,3.05436079827800,317.11998897494914,-71.315,-38.336
DIA 1,,3.05494337874455,325.05332644150405,-71.316,-38.336
DIA 1,,3.05514060957378,324.86444199250838,-71.316,-38.336
DIA 1,,3.05521871207054,326.39342673382504,-71.316,-38.336
DIA 1,,3.05552285019706,336.57619486849910,-71.316,-38.335
DIA 1,,3.05570312776083,338.86315549695314,-71.316,-38.335
DIA 1,,3.05590928304211,339.18323033041673,-71.316,-38.335
DIA 1,,3.05690225836909,342.62735946990244,-71.317,-38.334
DIA 1,,3.05733906496245,329.52730204889849,-71.317,-38.334
DIA 1,,3.05735320709808,329.96575592081541,-71.317,-38.334
DIA 1,,3.05762246533843,342.89893431812754,-71.317,-38.333
DIA 1,,3.05814111743763,333.87750741639712,-71.317,-38.333
DIA 1,,3.05841570804199,328.74982328593097,-71.317,-38.333
DIA 1,,3.05941420691529,331.70643029249197,-71.318,-38.332
DIA 1,,3.06022371293751,334.98410893726202,-71.318,-38.331
DIA 1,,3.06042986821879,342.92820667656309,-71.318,-38.331
DIA 1,,3.06053184860906,345.12755935077206,-71.318,-38.331
DIA 1,,3.06062671693887,345.77853568599221,-71.318,-38.331
DIA 1,,3.06079934370389,354.99601010016727,-71.318,-38.330
DIA 1,,3.06089934370388,356.82990412605210,-71.318,-38.330
DIA 1,,3.06108045140665,356.82990412605210,-71.318,-38.330
DIA 1,,3.06119045140665,5.65496623857592,-71.318,-38.330
DIA 1,,3.06129243179692,15.93298884906476,-71.318,-38.330
DIA 1,,3.06146331187183,30.39620176428345,-71.318,-38.330
DIA 1,,3.06163360573549,43.60564615952570,-71.318,-38.330
DIA 1,,3.06183878858078,39.49015861068770,-71.318,-38.330
DIA 1,,3.06193312839210,25.82960363310822,-71.318,-38.329
DIA 1,,3.06223044976704,9.82691202815165,-71.318,-38.329
DIA 1,,3.06244044976704,348.96605021951001,-71.318,-38.329
DIA 1,,3.06283969906259,334.32036913387515,-71.318,-38.329
DIA 1,,3.06377991180448,326.91937009205378,-71.318,-38.328
DIA 1,,3.06397991180447,325.48890360702370,-71.318,-38.328
DIA 1,,3.06439331233664,335.95115447656917,-71.319,-38.327
DIA 1,,3.06446611343554,339.63973176182520,-71.319,-38.327
DIA 1,,3.06460929164617,338.39495530448715,-71.319,-38.327
DIA 1,,3.06470415997598,334.54692944554944,-71.319,-38.327
DIA 1,,3.06483454402408,324.43449972794639,-71.319,-38.327
DIA 1,,3.06502663775121,315.68522550827601,-71.319,-38.327
DIA 1,,3.06535313430555,312.51512963505780,-71.319,-38.327
DIA 1,,3.06550869779741,311.37340269305645,-71.319,-38.326
DIA 1,,3.06590074371309,317.02836893099180,-71.320,-38.326
DIA 1,,3.06597285473860,332.25426149804571,-71.320,-38.326
DIA 1,,3.06602670638667,326.59929525085784,-71.320,-38.326
DIA 1,,3.06604084852229,328.28252557632567,-71.320,-38.326
DIA 1,,3.06607247129890,333.01368669024117,-71.320,-38.326
DIA 1,,3.06615849455157,314.88676782383675,-71.320,-38.326
DIA 1,,3.06645260337496,303.37038952742671,-71.320,-38.326
DIA 1,,3.06666355360605,307.34693051200458,-71.320,-38.326
DIA 1,,3.06689700595666,317.84785169162507,-71.320,-38.326
DIA 1,,3.06706101815132,327.93317839433820,-71.320,-38.325
DIA 1,,3.06708337883110,326.81468886109042,-71.320,-38.325
DIA 1,,3.06723958382462,326.81468886109042,-71.321,-38.325
DIA 1,,3.06726194450440,325.27802260605523,-71.321,-38.325
DIA 1,,3.06745299423614,318.45404775920207,-71.321,-38.325
DIA 1,,3.06889344555430,318.00293717786298,-71.322,-38.324
DIA 1,,3.06922586095708,317.99125846261910,-71.322,-38.324
DIA 1,,3.06956644868439,321.53695942946769,-71.322,-38.324
DIA 1,,3.07020245182904,341.65513858417478,-71.322,-38.323
DIA 1,,3.07021245182904,344.76722754016538,-71.322,-38.323
DIA 1,,3.07040968265827,326.75354084684341,-71.323,-38.323
DIA 1,,3.07068171206845,321.68566598657054,-71.323,-38.323
DIA 1,,3.07077390751302,321.26440385679604,-71.323,-38.323
DIA 1,,3.07147390751302,329.96575592078125,-71.323,-38.322
DIA 1,,3.07155006524407,334.09547491063591,-71.323,-38.322
DIA 1,,3.07167536488494,336.47729575835041,-71.323,-38.322
DIA 1,,3.07173861043814,338.33014118721724,-71.323,-38.322
DIA 1,,3.07266473138057,332.62984604567299,-71.324,-38.321
DIA 1,,3.07344863188446,328.23719668705826,-71.324,-38.320
DIA 1,,3.07449424175434,322.85431891466754,-71.325,-38.319
DIA 1,,3.07477082808807,315.29231526123277,-71.325,-38.319
DIA 1,,3.07487712954619,308.04421039107865,-71.325,-38.319
DIA 1,,3.07540143861535,307.90843941823908,-71.325,-38.319
DIA 1,,3.07559993294776,290.45719161073589,-71.325,-38.319
DIA 1,,3.07560993294776,291.43945180211540,-71.325,-38.319
DIA 1,,3.07580098267951,318.00450297870486,-71.326,-38.318
DIA 1,,3.07605098267951,326.23971719855899,-71.326,-38.318
DIA 1,,3.07636482977604,344.67466602196959,-71.326,-38.318
DIA 1,,3.07637482977604,344.71038656381785,-71.326,-38.318
DIA 1,,3.07663036842282,331.68947826617358,-71.326,-38.318
DIA 1,,3.07760980703754,333.03045618745051,-71.326,-38.317
DIA 1,,3.07818686855938,334.23667561934360,-71.327,-38.316
DIA 1,,3.07871079603529,344.62280295854538,-71.327,-38.316
DIA 1,,3.07879141861277,356.43749182429650,-71.327,-38.316
DIA 1,,3.07885141861277,14.87244065348171,-71.327,-38.316
DIA 1,,3.07893204119026,24.08991506087159,-71.327,-38.316
DIA 1,,3.07899528674346,22.50000000000000,-71.327,-38.316
DIA 1,,3.07901764742324,21.25522353999899,-71.327,-38.316
DIA 1,,3.07909044852213,7.97269794738889,-71.327,-38.316
DIA 1,,3.07915044852213,356.43749182930702,-71.327,-38.316
DIA 1,,3.07923107109961,349.41937009494467,-71.327,-38.315
DIA 1,,3.07947845743715,343.76440385553366,-71.327,-38.315
DIA 1,,3.07957332576695,350.78252558989601,-71.327,-38.315
DIA 1,,3.07958332576695,345.84962211550283,-71.327,-38.315
DIA 1,,3.07973097399755,323.34962211889541,-71.327,-38.315
DIA 1,,3.07981582681129,318.17009587237573,-71.327,-38.315
DIA 1,,3.07987985805368,307.26939112633363,-71.327,-38.315
DIA 1,,3.08003217351578,286.33045635916272,-71.327,-38.315
DIA 1,,3.08009300114109,283.08078321918254,-71.327,-38.315
DIA 1,,3.08019740420618,295.19465587983825,-71.327,-38.315
DIA 1,,3.08030557074444,312.51512963591938,-71.328,-38.315
DIA 1,,3.08056169571394,323.82506211124445,-71.328,-38.314
DIA 1,,3.08070591776496,316.58991505745814,-71.328,-38.314
DIA 1,,3.08075591776497,314.99999999837155,-71.328,-38.314
DIA 1,,3.08080591776496,319.06505117888821,-71.328,-38.314
DIA 1,,3.08159787735989,317.41038303899336,-71.328,-38.314
DIA 1,,3.08218685953280,324.10663191603663,-71.329,-38.313
DIA 1,,3.08233950290802,324.17138499436084,-71.329,-38.313
DIA 1,,3.08324089072688,323.63485874524878,-71.329,-38.312
DIA 1,,3.08387057318655,343.65972262811295,-71.330,-38.312
DIA 1,,3.08389057318655,337.49999999999994,-71.330,-38.312
DIA 1,,3.08393299959341,319.89120351566856,-71.330,-38.312
DIA 1,,3.08434917263435,319.89120351606005,-71.330,-38.312
DIA 1,,3.08471686816057,312.80064732217522,-71.330,-38.311
DIA 1,,3.08490125904971,303.58317291846498,-71.330,-38.311
DIA 1,,3.08492361972948,304.27613184413968,-71.330,-38.311
DIA 1,,3.08505815596996,307.36121938336532,-71.331,-38.311
DIA 1,,3.08522458913973,299.65013872444581,-71.331,-38.311
DIA 1,,3.08538111389816,293.70975460816692,-71.331,-38.311
DIA 1,,3.08560583594869,289.48815914352997,-71.331,-38.311
DIA 1,,3.08618454140055,284.71589635856344,-71.332,-38.311
DIA 1,,3.08623553159568,285.27030242269319,-71.332,-38.311
DIA 1,,3.08714635539861,291.59658067490119,-71.333,-38.310
DIA 1,,3.08734333255465,291.19871890036598,-71.333,-38.310
DIA 1,,3.08740657810786,293.52270424630626,-71.333,-38.310
DIA 1,,3.08778247703045,301.65280659858956,-71.333,-38.310
DIA 1,,3.08794059091345,306.99228019803769,-71.333,-38.310
DIA 1,,3.08808271761748,312.14470342971339,-71.333,-38.310
DIA 1,,3.08819585470248,319.14857248269840,-71.333,-38.310
DIA 1,,3.08888185761792,327.34334265122300,-71.334,-38.309
DIA 1,,3.08900715725878,334.79406541999663,-71.334,-38.309
DIA 1,,3.08906100890685,326.59929527437197,-71.334,-38.309
DIA 1,,3.08907515104247,337.50000002035551,-71.334,-38.309
DIA 1,,3.08913515104247,3.17009586947961,-71.334,-38.309
DIA 1,,3.08922570489385,11.14279382224544,-71.334,-38.309
DIA 1,,3.08929850599275,7.97269795276582,-71.334,-38.309
DIA 1,,3.08934850599275,7.53424407918457,-71.334,-38.309
DIA 1,,3.08961776423310,11.59929525748391,-71.334,-38.309
DIA 1,,3.08968847491122,12.50844674013465,-71.334,-38.308
DIA 1,,3.09027370990676,21.72592115444544,-71.334,-38.308
DIA 1,,3.09029607058653,20.30064732856898,-71.334,-38.308
DIA 1,,3.09041976375530,17.53687724636143,-71.334,-38.308
DIA 1,,3.09055904763807,13.37405208016008,-71.334,-38.308
DIA 1,,3.09065954639428,2.85529656975752,-71.334,-38.308
DIA 1,,3.09072954639428,349.09929526103559,-71.334,-38.307
DIA 1,,3.09078339804235,349.09929526103559,-71.334,-38.307
DIA 1,,3.09079339804235,346.71747441146107,-71.334,-38.307
DIA 1,,3.09088284076145,324.21747441146101,-71.334,-38.307
DIA 1,,3.09089698289708,319.84439328030106,-71.334,-38.307
DIA 1,,3.09119109172047,326.54064215676885,-71.334,-38.307
DIA 1,,3.09164902184614,325.11763558214119,-71.334,-38.307
DIA 1,,3.09182706678430,326.39408465690286,-71.334,-38.307
DIA 1,,3.09213593568852,337.00894141831083,-71.334,-38.306
DIA 1,,3.09237635199413,350.10504085407615,-71.334,-38.306
DIA 1,,3.09317735136991,353.50646155919532,-71.334,-38.305
DIA 1,,3.09346178062298,348.24141529497547,-71.334,-38.305
DIA 1,,3.09367765095442,342.11368359793943,-71.335,-38.305
DIA 1,,3.09386149871754,335.52740688526842,-71.335,-38.305
DIA 1,,3.09399566279618,341.06250817935711,-71.335,-38.304
DIA 1,,3.09404665299132,343.44432902326957,-71.335,-38.304
DIA 1,,3.09410050463939,349.09929525401645,-71.335,-38.304
DIA 1,,3.09416050463939,5.65496623857592,-71.335,-38.304
DIA 1,,3.09421149483453,5.65496623857591,-71.335,-38.304
DIA 1,,3.09423149483453,5.65496623857592,-71.335,-38.304
DIA 1,,3.09428248502967,22.50000000156581,-71.335,-38.304
DIA 1,,3.09435459605517,39.34503376171767,-71.335,-38.304
DIA 1,,3.09446773314016,47.82412368582910,-71.335,-38.304
DIA 1,,3.09511433966658,47.67092787591708,-71.334,-38.304
DIA 1,,3.09643664825386,47.44401864335056,-71.333,-38.303
DIA 1,,3.09651475075062,48.05190467864216,-71.333,-38.303
DIA 1,,3.09696028413881,50.34589374062212,-71.333,-38.302
DIA 1,,3.09716837065929,59.88275677664758,-71.333,-38.302
DIA 1,,3.09733390011285,66.86630050694818,-71.332,-38.302
DIA 1,,3.09772016427117,79.37474724681540,-71.332,-38.302
DIA 1,,3.09773016427117,78.25071716176507,-71.332,-38.302
DIA 1,,3.09798096299525,61.40568339877516,-71.332,-38.302
DIA 1,,3.09812518504627,45.00000000313162,-71.332,-38.302
DIA 1,,3.09816124055903,39.34503376612152,-71.332,-38.302
DIA 1,,3.09823195123715,36.90539687066606,-71.332,-38.302
DIA 1,,3.09846020548135,31.90140697015031,-71.331,-38.302
DIA 1,,3.09870433659367,30.77853568751437,-71.331,-38.301
DIA 1,,3.09888322203187,35.78252559820789,-71.331,-38.301
DIA 1,,3.09889736416749,37.37244065802256,-71.331,-38.301
DIA 1,,3.09897798674497,22.84513860061062,-71.331,-38.301
DIA 1,,3.09905078784387,4.80260207881791,-71.331,-38.301
DIA 1,,3.09914134169525,348.85720617328627,-71.331,-38.301
DIA 1,,3.09921414279415,336.02461044227761,-71.331,-38.301
DIA 1,,3.09930848260547,324.09452285358253,-71.331,-38.301
DIA 1,,3.09938658510222,313.11090114977065,-71.331,-38.301
DIA 1,,3.09952259980731,313.68378256517934,-71.331,-38.301
DIA 1,,3.09958663104969,327.38757028133773,-71.331,-38.301
DIA 1,,3.09963135240924,324.21747442774546,-71.332,-38.301
DIA 1,,3.09964549454486,342.23116111941704,-71.332,-38.301
DIA 1,,3.09970632217015,18.01368669167156,-71.332,-38.301
DIA 1,,3.09977340420948,42.80064732597465,-71.331,-38.300
DIA 1,,3.09983171372843,52.01812172318678,-71.331,-38.300
DIA 1,,3.09984585586405,54.21747440128324,-71.331,-38.300
DIA 1,,3.09986821654383,69.69935267669950,-71.331,-38.300
DIA 1,,3.09999190971259,78.91682708897474,-71.331,-38.300
DIA 1,,3.10020404174696,78.91682708897474,-71.331,-38.300
DIA 1,,3.10032773491572,72.99032500399137,-71.331,-38.300
DIA 1,,3.10044478191482,65.48114468883023,-71.331,-38.300
DIA 1,,3.10054773821623,56.14279382402526,-71.331,-38.300
DIA 1,,3.10067580070098,54.66740426899130,-71.331,-38.300
DIA 1,,3.10077014051230,60.71478280853996,-71.331,-38.300
DIA 1,,3.10085958323141,69.08991506087160,-71.330,-38.300
DIA 1,,3.10097360077391,77.99935951621509,-71.330,-38.300
DIA 1,,3.10110513023829,85.62691886884006,-71.330,-38.300
DIA 1,,3.10116513023830,85.93494882129356,-71.330,-38.300
DIA 1,,3.10123584091641,79.43764042625018,-71.330,-38.300
DIA 1,,3.10136925755705,83.50269160495662,-71.330,-38.300
DIA 1,,3.10139925755706,74.51812173316500,-71.330,-38.300
DIA 1,,3.10157418611390,46.36315549928650,-71.330,-38.300
DIA 1,,3.10161024162666,43.41008494157107,-71.330,-38.300
DIA 1,,3.10166024162666,45.89495530348756,-71.330,-38.300
DIA 1,,3.10172427286903,30.92919938802070,-71.330,-38.300
DIA 1,,3.10180043060009,11.59929525998272,-71.330,-38.300
DIA 1,,3.10190043060009,343.99730839561516,-71.330,-38.300
DIA 1,,3.10227778984538,334.77983398415421,-71.330,-38.299
DIA 1,,3.10240428095178,348.40070474247403,-71.330,-38.299
DIA 1,,3.10252469689757,3.66555769144810,-71.330,-38.299
DIA 1,,3.10266787510821,10.11242971591419,-71.330,-38.299
DIA 1,,3.10295071782068,4.06505117840109,-71.330,-38.299
DIA 1,,3.10327071782068,354.60785106443706,-71.330,-38.298
DIA 1,,3.10348449340394,344.61629780378422,-71.330,-38.298
DIA 1,,3.10360154040305,350.00844673934716,-71.330,-38.298
DIA 1,,3.10361154040305,344.51812173635801,-71.330,-38.298
DIA 1,,3.10366984992200,335.30064732082593,-71.330,-38.298
DIA 1,,3.10370147269860,337.49999999694666,-71.330,-38.298
DIA 1,,3.10379091541770,337.50000000033924,-71.330,-38.298
DIA 1,,3.10398065207731,344.28521719281702,-71.330,-38.298
DIA 1,,3.10411406871795,358.23385271061989,-71.330,-38.297
DIA 1,,3.10417489634325,13.94863551305315,-71.330,-38.297
DIA 1,,3.10423814189646,9.21747440738989,-71.330,-38.297
DIA 1,,3.10424814189646,14.52730204992264,-71.330,-38.297
DIA 1,,3.10435109819787,40.19739792387055,-71.330,-38.297
DIA 1,,3.10441512944024,61.45262146248690,-71.330,-38.297
DIA 1,,3.10444675221685,58.28252556818344,-71.330,-38.297
DIA 1,,3.10446089435247,52.97269793145012,-71.330,-38.297
DIA 1,,3.10456385065388,64.34818612312742,-71.330,-38.297
DIA 1,,3.10480154794036,65.05250049006816,-71.330,-38.297
DIA 1,,3.10503861333219,53.15619898057998,-71.329,-38.297
DIA 1,,3.10542758633897,50.13415289727786,-71.329,-38.297
DIA 1,,3.10546364185172,51.25588276771612,-71.329,-38.297
DIA 1,,3.10647502704046,56.11967204540244,-71.328,-38.296
DIA 1,,3.10657351561848,72.36378927572906,-71.328,-38.296
DIA 1,,3.10667549600874,84.34503376259843,-71.328,-38.296
DIA 1,,3.10679549600875,92.85529656955597,-71.328,-38.296
DIA 1,,3.10689599476496,106.13782215809498,-71.328,-38.296
DIA 1,,3.10691835544473,112.50000000000000,-71.328,-38.296
DIA 1,,3.10707646932774,99.21747441146103,-71.328,-38.296
DIA 1,,3.10709646932773,100.90070474247401,-71.328,-38.296
DIA 1,,3.10715032097581,108.66276024108440,-71.328,-38.296
DIA 1,,3.10752395180965,103.41702173522908,-71.327,-38.296
DIA 1,,3.10762593219993,97.08616884916690,-71.327,-38.296
DIA 1,,3.10782618204387,89.23184993523012,-71.327,-38.296
DIA 1,,3.10808695014008,83.31433401462849,-71.327,-38.296
DIA 1,,3.10827930398069,76.29621228659229,-71.327,-38.296
DIA 1,,3.10831092675730,76.71747441740484,-71.327,-38.296
DIA 1,,3.10866448014789,78.91682709119070,-71.326,-38.296
DIA 1,,3.10870571120414,81.69999316259496,-71.326,-38.296
DIA 1,,3.11004705381511,83.98695379235120,-71.325,-38.296
DIA 1,,3.11010788144042,85.26883889818778,-71.325,-38.296
DIA 1,,3.11020788144041,85.26883889488690,-71.325,-38.296
DIA 1,,3.11026870906572,83.10268190320900,-71.325,-38.296
DIA 1,,3.11093060029545,87.83384300832212,-71.324,-38.296
DIA 1,,3.11106060029546,87.80064732334040,-71.324,-38.296
DIA 1,,3.11119098434356,87.47137573445104,-71.324,-38.296
DIA 1,,3.11206104181292,86.10822023791242,-71.323,-38.296
DIA 1,,3.11214166439040,77.22001741635852,-71.323,-38.296
DIA 1,,3.11220490994361,63.93749182578398,-71.323,-38.296
DIA 1,,3.11227702096912,44.99999999608549,-71.323,-38.296
DIA 1,,3.11231307648187,39.34503376325086,-71.323,-38.296
DIA 1,,3.11235550288875,35.78252557971826,-71.323,-38.296
DIA 1,,3.11237786356852,31.71747440413301,-71.323,-38.296
DIA 1,,3.11242786356852,31.71747441532857,-71.323,-38.296
DIA 1,,3.11251730628763,21.25522353491011,-71.323,-38.296
DIA 1,,3.11259010738652,23.45457621881388,-71.323,-38.296
DIA 1,,3.11264841690547,25.20189568388464,-71.322,-38.295
DIA 1,,3.11282869446924,15.37498365103558,-71.322,-38.295
DIA 1,,3.11287968466438,18.93749183118602,-71.322,-38.295
DIA 1,,3.11292440602393,13.28252559261011,-71.322,-38.295
DIA 1,,3.11293440602393,16.00269160255511,-71.322,-38.295
DIA 1,,3.11312308564656,38.50269160764400,-71.322,-38.295
DIA 1,,3.11315136991782,39.34503376651296,-71.322,-38.295
DIA 1,,3.11322348094333,45.84234215829720,-71.322,-38.295
DIA 1,,3.11331782075464,51.49730839687312,-71.322,-38.295
DIA 1,,3.11333196289027,52.37178141760256,-71.322,-38.295
DIA 1,,3.11347088733016,52.37178142778032,-71.322,-38.295
DIA 1,,3.11348502946579,56.59929526770380,-71.322,-38.295
DIA 1,,3.11353888111386,63.97107667512856,-71.322,-38.295
DIA 1,,3.11367780555375,62.19869344681342,-71.322,-38.295
DIA 1,,3.11388804351417,67.33535876915236,-71.322,-38.295
DIA 1,,3.11400509051328,67.27677420840368,-71.322,-38.295
DIA 1,,3.11423768458027,58.83337864554018,-71.321,-38.294
DIA 1,,3.11433768458027,46.68323033192548,-71.321,-38.294
DIA 1,,3.11450797844394,36.12087075980410,-71.321,-38.294
DIA 1,,3.11460231825525,38.50269158460105,-71.321,-38.294
DIA 1,,3.11461646039087,36.53624344940222,-71.321,-38.294
DIA 1,,3.11478646039088,32.97373529511115,-71.321,-38.294
DIA 1,,3.11569860073095,37.10871608680344,-71.320,-38.293
DIA 1,,3.11743667437726,33.65310252509204,-71.319,-38.292
DIA 1,,3.11749498389621,37.98187826873088,-71.319,-38.292
DIA 1,,3.11752326816746,40.93494882773948,-71.319,-38.292
DIA 1,,3.11767326816746,32.96225087257327,-71.319,-38.292
DIA 1,,3.11787918077028,26.12659730551839,-71.319,-38.292
DIA 1,,3.11803149623239,20.81676966773527,-71.319,-38.291
DIA 1,,3.11822123289200,21.60504469754844,-71.319,-38.291
DIA 1,,3.11836441110264,22.37912354546743,-71.319,-38.291
DIA 1,,3.11848145810175,17.00967499162696,-71.319,-38.291
DIA 1,,3.11856392021426,7.01812173156848,-71.319,-38.291
DIA 1,,3.11858392021426,3.84802586109590,-71.319,-38.291
DIA 1,,3.11895728330831,12.19764798089393,-71.319,-38.291
DIA 1,,3.11906168637340,26.78457094190582,-71.319,-38.290
DIA 1,,3.11931168637340,44.49745699640210,-71.319,-38.290
DIA 1,,3.11942570391591,54.21747441287024,-71.319,-38.290
DIA 1,,3.11956992596693,50.65496622839814,-71.318,-38.290
DIA 1,,3.11959821023818,54.76832745907456,-71.318,-38.290
DIA 1,,3.11983080430516,66.36762272677832,-71.318,-38.290
DIA 1,,3.11999235924938,79.09929525752602,-71.318,-38.290
DIA 1,,3.12000235924938,80.78252558446788,-71.318,-38.290
DIA 1,,3.12003398202598,66.47729575265215,-71.318,-38.290
DIA 1,,3.12015928166685,66.47729575570550,-71.318,-38.290
DIA 1,,3.12022252722004,63.93749182922876,-71.318,-38.290
DIA 1,,3.12025858273281,60.64651950236036,-71.318,-38.290
DIA 1,,3.12058964163995,62.81267648877398,-71.318,-38.290
DIA 1,,3.12077321723745,58.47608946487028,-71.317,-38.290
DIA 1,,3.12098955031398,53.25218069083902,-71.317,-38.289
DIA 1,,3.12122385780425,54.61533618745442,-71.317,-38.289
DIA 1,,3.12128216732321,53.16342675465132,-71.317,-38.289
DIA 1,,3.12163600344346,42.08025384909408,-71.317,-38.289
DIA 1,,3.12168600344347,27.65242324130391,-71.317,-38.289
DIA 1,,3.12171762622007,29.51812173360402,-71.317,-38.289
DIA 1,,3.12180982166464,38.06948621636973,-71.317,-38.289
DIA 1,,3.12189584491731,17.76883889626226,-71.317,-38.289
DIA 1,,3.12190584491731,8.34962211550283,-71.317,-38.289
DIA 1,,3.12201024798240,8.34962211550282,-71.317,-38.289
DIA 1,,3.12217024798240,2.85529656975752,-71.317,-38.289
DIA 1,,3.12227074673861,16.13782215727874,-71.317,-38.288
DIA 1,,3.12236018945771,29.28521719247783,-71.317,-38.288
DIA 1,,3.12245452926903,25.22016601913168,-71.316,-38.288
DIA 1,,3.12254939759884,11.41682708927806,-71.316,-38.288
DIA 1,,3.12267978164694,355.18123094233709,-71.316,-38.288
DIA 1,,3.12280347481571,340.75990087660762,-71.316,-38.288
DIA 1,,3.12292430527544,333.47279277677978,-71.316,-38.288
DIA 1,,3.12317490455716,326.75727834029141,-71.317,-38.288
DIA 1,,3.12328892209968,327.77998259655942,-71.317,-38.288
DIA 1,,3.12331128277945,341.06250818509847,-71.317,-38.288
DIA 1,,3.12336227297459,341.06250816881402,-71.317,-38.287
DIA 1,,3.12338463365436,337.49999999287553,-71.317,-38.287
DIA 1,,3.12344787920756,350.78252558548570,-71.317,-38.287
DIA 1,,3.12348787920757,355.26883890093859,-71.317,-38.287
DIA 1,,3.12354870683287,355.26883890093859,-71.317,-38.287
DIA 1,,3.12363870683287,9.21747440128323,-71.317,-38.287
DIA 1,,3.12367032960947,9.21747440128323,-71.317,-38.287
DIA 1,,3.12373032960947,13.28252558935322,-71.317,-38.287
DIA 1,,3.12384213300834,20.83307467051443,-71.317,-38.287
DIA 1,,3.12449466653239,17.27056649362087,-71.317,-38.286
DIA 1,,3.12467494409616,15.37498365181848,-71.316,-38.286
DIA 1,,3.12472593429129,18.93749182993338,-71.316,-38.286
DIA 1,,3.12477065565085,20.65430700717515,-71.316,-38.286
DIA 1,,3.12496712447789,12.10294252198877,-71.316,-38.286
DIA 1,,3.12508877972850,1.87586453563067,-71.316,-38.286
DIA 1,,3.12518927848470,347.92722902013855,-71.316,-38.286
DIA 1,,3.12537901514431,344.89838112381790,-71.316,-38.286
DIA 1,,3.12562416815776,354.11585553392189,-71.316,-38.285
DIA 1,,3.12573416815776,7.97269794738889,-71.316,-38.285
DIA 1,,3.12580696925665,23.10091653105196,-71.316,-38.285
DIA 1,,3.12594589369654,37.62821858162752,-71.316,-38.285
DIA 1,,3.12608731505278,50.65496623967200,-71.316,-38.285
DIA 1,,3.12612337056554,51.52281853583560,-71.316,-38.285
DIA 1,,3.12635682291614,49.43036046842236,-71.316,-38.285
DIA 1,,3.12647084045865,47.05611442276496,-71.316,-38.285
DIA 1,,3.12660537669911,50.32925981451240,-71.316,-38.285
DIA 1,,3.12687463493947,62.73635830898370,-71.316,-38.284
DIA 1,,3.12710310813265,71.38258300897868,-71.315,-38.284
DIA 1,,3.12739172552644,77.67205062857370,-71.315,-38.284
DIA 1,,3.12755451373240,76.71747441322772,-71.315,-38.284
DIA 1,,3.12762731483130,77.29614094502750,-71.315,-38.284
DIA 1,,3.12774897008190,76.05136448321500,-71.315,-38.284
DIA 1,,3.12793870674151,69.18323033029938,-71.315,-38.284
DIA 1,,3.12801486447256,55.90070474651000,-71.315,-38.284
DIA 1,,3.12807143301507,32.77802261376524,-71.315,-38.284
DIA 1,,3.12815687305251,14.34307378697569,-71.315,-38.284
DIA 1,,3.12822758373063,4.06505117829931,-71.315,-38.284
DIA 1,,3.12830758373063,9.21747440128323,-71.315,-38.284
DIA 1,,3.12833920650723,31.71747440128323,-71.314,-38.284
DIA 1,,3.12835334864286,35.78252559261011,-71.314,-38.284
DIA 1,,3.12837570932264,38.95262146655802,-71.314,-38.284
DIA 1,,3.12843974056501,54.66740426899130,-71.314,-38.284
DIA 1,,3.12853408037633,64.77983398392166,-71.314,-38.284
DIA 1,,3.12872381703594,77.61242971493034,-71.314,-38.284
DIA 1,,3.12881437088732,77.61242971662664,-71.314,-38.284
DIA 1,,3.12884599366392,78.87548817288896,-71.314,-38.284
DIA 1,,3.12899632662771,93.74792882089029,-71.314,-38.284
DIA 1,,3.12904731682284,95.65496623857589,-71.314,-38.284
DIA 1,,3.12916731682284,93.71570398498088,-71.314,-38.284
DIA 1,,3.12939926509294,104.10183132634236,-71.313,-38.284
DIA 1,,3.12970942634133,113.20663025335530,-71.313,-38.284
DIA 1,,3.12998673483380,102.82050291199381,-71.313,-38.284
DIA 1,,3.12999673483380,106.84503376455569,-71.313,-38.284
DIA 1,,3.13003279034655,116.06250817754336,-71.313,-38.284
DIA 1,,3.13015928145296,99.21747441298768,-71.313,-38.284
DIA 1,,3.13022928145297,82.02730204646602,-71.313,-38.284
DIA 1,,3.13030208255185,68.74477646606928,-71.313,-38.284
DIA 1,,3.13032444323163,45.00000001221334,-71.313,-38.284
DIA 1,,3.13034680391141,35.78252558752122,-71.313,-38.284
DIA 1,,3.13037508818265,22.49999999491112,-71.313,-38.284
DIA 1,,3.13040508818265,13.28252559261011,-71.313,-38.284
DIA 1,,3.13042744886243,13.28252559261011,-71.313,-38.284
DIA 1,,3.13044744886243,354.84757676398851,-71.313,-38.284
DIA 1,,3.13055925226130,342.06759417895353,-71.313,-38.284
DIA 1,,3.13081420323698,342.48885630930170,-71.313,-38.283
DIA 1,,3.13087503086228,355.26883889433674,-71.313,-38.283
DIA 1,,3.13090503086228,14.87244064784479,-71.313,-38.283
DIA 1,,3.13098565343977,37.37244065293368,-71.313,-38.283
DIA 1,,3.13101393771102,54.21747441654990,-71.313,-38.283
DIA 1,,3.13105865907057,76.71747441146103,-71.313,-38.283
DIA 1,,3.13108865907056,86.43749182429646,-71.313,-38.283
DIA 1,,3.13116928164804,86.43749182429644,-71.313,-38.283
DIA 1,,3.13127928164805,95.06233582779956,-71.312,-38.283
DIA 1,,3.13156371090112,102.29748287820983,-71.312,-38.283
DIA 1,,3.13188386711299,108.67197964540300,-71.312,-38.283
DIA 1,,3.13257848931247,110.65430700726797,-71.311,-38.284
DIA 1,,3.13273660319547,105.16180343176524,-71.311,-38.284
DIA 1,,3.13293076807386,98.62224154111468,-71.311,-38.284
DIA 1,,3.13325217124746,92.67791252162463,-71.311,-38.284
DIA 1,,3.13339217124746,87.32208747837537,-71.310,-38.284
DIA 1,,3.13371357442106,64.82208746819758,-71.310,-38.284
DIA 1,,3.13372771655668,62.87694361707278,-71.310,-38.284
DIA 1,,3.13416337697490,85.37694362725055,-71.310,-38.284
DIA 1,,3.13436337697489,97.01812173635800,-71.309,-38.284
DIA 1,,3.13440460803115,99.61533619014197,-71.309,-38.284
DIA 1,,3.13462551525149,98.99934748578748,-71.309,-38.284
DIA 1,,3.13485112553494,105.61960744397339,-71.309,-38.284
DIA 1,,3.13497761664136,111.19871889883927,-71.309,-38.284
DIA 1,,3.13507610521938,115.73081385254623,-71.309,-38.284
DIA 1,,3.13589908760071,120.59460312396931,-71.308,-38.284
DIA 1,,3.13593514311347,120.72430405899908,-71.308,-38.284
DIA 1,,3.13614985221902,148.87927030070662,-71.308,-38.284
DIA 1,,3.13615985221901,145.27802260979172,-71.308,-38.284
DIA 1,,3.13633073229391,112.95111058058087,-71.308,-38.284
DIA 1,,3.13654097025433,108.32805420936504,-71.307,-38.284
DIA 1,,3.13659196044947,104.87244065032770,-71.307,-38.284
DIA 1,,3.13681331988568,103.94863551576462,-71.307,-38.285
DIA 1,,3.13693497513628,102.35872045569828,-71.307,-38.285
DIA 1,,3.13704899267879,102.77998258590566,-71.307,-38.285
DIA 1,,3.13727259947654,102.61813182278217,-71.307,-38.285
DIA 1,,3.13742784122351,102.46969848937376,-71.307,-38.285
DIA 1,,3.13794572151855,102.02211163477499,-71.306,-38.285
DIA 1,,3.13815187679984,97.01812173396324,-71.306,-38.285
DIA 1,,3.13817187679983,97.01812173236674,-71.306,-38.285
DIA 1,,3.13829556996861,107.48037260541111,-71.306,-38.285
DIA 1,,3.13865957546307,122.96225086286663,-71.305,-38.285
DIA 1,,3.13867371759869,123.40070473323208,-71.305,-38.285
DIA 1,,3.13883527254290,106.05312797909563,-71.305,-38.285
DIA 1,,3.13894707594178,87.52486388306086,-71.305,-38.285
DIA 1,,3.13906109348428,69.08991505883606,-71.305,-38.285
DIA 1,,3.13908345416406,54.21747441654990,-71.305,-38.285
DIA 1,,3.13911173843531,49.06505118379534,-71.305,-38.285
DIA 1,,3.13916173843531,37.46575591767085,-71.305,-38.285
DIA 1,,3.13921559008338,10.90070473896441,-71.305,-38.285
DIA 1,,3.13928559008338,350.78252559159233,-71.305,-38.285
DIA 1,,3.13934883563658,337.50000000407107,-71.305,-38.285
DIA 1,,3.13943827835568,338.74477645971291,-71.305,-38.285
DIA 1,,3.13951107945458,349.82794936901797,-71.305,-38.285
DIA 1,,3.13964146350268,2.53180842744708,-71.305,-38.284
DIA 1,,3.13976311875328,4.73116110566325,-71.305,-38.284
DIA 1,,3.13980311875329,4.73116110566326,-71.305,-38.284
DIA 1,,3.13986394637859,18.01368669013114,-71.305,-38.284
DIA 1,,3.13990866773814,32.06682159948701,-71.305,-38.284
DIA 1,,3.14007267993281,42.52907247463605,-71.305,-38.284
DIA 1,,3.14023546813877,54.43954662702328,-71.305,-38.284
DIA 1,,3.14048606742049,58.58691910129902,-71.305,-38.284
DIA 1,,3.14078839174965,48.88575518236330,-71.304,-38.284
DIA 1,,3.14092292799012,34.27613183599186,-71.304,-38.284
DIA 1,,3.14101237070922,13.28252558752122,-71.304,-38.284
DIA 1,,3.14115237070922,349.27613183599749,-71.304,-38.283
DIA 1,,3.14145320288835,343.62116560525061,-71.304,-38.283
DIA 1,,3.14150419308349,359.49745700347330,-71.304,-38.283
DIA 1,,3.14172779988124,5.15242323422017,-71.304,-38.283
DIA 1,,3.14174779988124,14.67887677133523,-71.304,-38.283
DIA 1,,3.14193137547875,27.18732350956806,-71.304,-38.283
DIA 1,,3.14209690493231,29.35348050083126,-71.304,-38.282
DIA 1,,3.14238534903435,37.66180343284891,-71.304,-38.282
DIA 1,,3.14250576498014,30.03424408120259,-71.304,-38.282
DIA 1,,3.14263225608655,9.82691202871120,-71.304,-38.282
DIA 1,,3.14310236245749,7.62755934932754,-71.304,-38.282
DIA 1,,3.14318482457000,20.30064732417857,-71.304,-38.281
DIA 1,,3.14322954592955,35.78252558921751,-71.304,-38.281
DIA 1,,3.14331439874329,56.59929525413342,-71.304,-38.281
DIA 1,,3.14336825039136,72.08117352356278,-71.304,-38.281
DIA 1,,3.14345071250387,83.60456039961326,-71.304,-38.281
DIA 1,,3.14391082118669,93.21989658736047,-71.303,-38.281
DIA 1,,3.14413172840703,92.59721445378398,-71.303,-38.281
DIA 1,,3.14419172840704,93.71570398541600,-71.303,-38.281
DIA 1,,3.14465562494723,99.76308252491501,-71.302,-38.281
DIA 1,,3.14479880315785,106.86959610960785,-71.302,-38.281
DIA 1,,3.14547659368596,112.80346205745042,-71.302,-38.282
DIA 1,,3.14587054799804,115.26377007588056,-71.301,-38.282
DIA 1,,3.14625067955422,112.49999999959287,-71.301,-38.282
DIA 1,,3.14640879343722,102.07277098060987,-71.301,-38.282
DIA 1,,3.14660979094965,92.10157868991494,-71.301,-38.282
DIA 1,,3.14698992250582,82.22816038639570,-71.300,-38.282
DIA 1,,3.14703115356208,79.18455658165216,-71.300,-38.282
DIA 1,,3.14718248102158,77.43989412921542,-71.300,-38.282
DIA 1,,3.14738172961003,69.77116559475404,-71.300,-38.282
DIA 1,,3.14766404149430,57.02141678688516,-71.299,-38.282
DIA 1,,3.14786922433959,42.42495883143676,-71.299,-38.282
DIA 1,,3.14809725942461,40.19271536424523,-71.299,-38.282
DIA 1,,3.14826004763057,39.69017236119012,-71.299,-38.281
DIA 1,,3.14841004763057,42.44134257519211,-71.299,-38.281
DIA 1,,3.14881365635199,50.77177655701790,-71.299,-38.281
DIA 1,,3.14909966334490,55.96163168056566,-71.298,-38.281
DIA 1,,3.14925230672012,64.97877446564605,-71.298,-38.281
DIA 1,,3.14931555227333,67.50000000916000,-71.298,-38.281
DIA 1,,3.14933791295311,71.06250818161448,-71.298,-38.281
DIA 1,,3.14954187373365,84.34503376201125,-71.298,-38.281
DIA 1,,3.14957187373366,86.48102961848406,-71.298,-38.281
DIA 1,,3.15038802322975,73.19850402994506,-71.297,-38.281
DIA 1,,3.15045510526908,76.71747441146103,-71.297,-38.281
DIA 1,,3.15048510526908,73.15496623857592,-71.297,-38.281
DIA 1,,3.15055721629459,51.95624733976286,-71.297,-38.281
DIA 1,,3.15086866452464,46.02845230439048,-71.297,-38.280
DIA 1,,3.15161116031587,51.74529293806482,-71.296,-38.280
DIA 1,,3.15172777935377,66.16849961749098,-71.296,-38.280
DIA 1,,3.15183218241886,81.65037788262970,-71.296,-38.280
DIA 1,,3.15203218241886,104.87244064659212,-71.296,-38.280
DIA 1,,3.15211280499635,104.87244064659212,-71.296,-38.280
DIA 1,,3.15212280499635,112.50000000508891,-71.296,-38.280
DIA 1,,3.15215108926759,128.50269161004547,-71.296,-38.280
DIA 1,,3.15224542907891,124.74078138529543,-71.296,-38.280
DIA 1,,3.15262345024235,120.15491686948916,-71.295,-38.280
DIA 1,,3.15282960552362,105.21414877317942,-71.295,-38.280
DIA 1,,3.15298093298313,92.43416618758251,-71.295,-38.280
DIA 1,,3.15319117094354,85.21545779707746,-71.295,-38.280
DIA 1,,3.15344296450979,86.57861329352400,-71.295,-38.280
DIA 1,,3.15347296450978,82.98187826603676,-71.295,-38.280
DIA 1,,3.15355542662229,69.69935268156888,-71.295,-38.280
DIA 1,,3.15360014798185,69.69935267917413,-71.294,-38.280
DIA 1,,3.15364137903811,51.26440383996764,-71.294,-38.280
DIA 1,,3.15366373971788,41.43749181803320,-71.294,-38.280
DIA 1,,3.15369979523064,50.65496624001124,-71.294,-38.280
DIA 1,,3.15378464804437,37.37244064614850,-71.294,-38.280
DIA 1,,3.15386527062186,37.37244065293368,-71.294,-38.280
DIA 1,,3.15389355489311,36.65037788715833,-71.294,-38.280
DIA 1,,3.15404120312371,25.46031035636066,-71.294,-38.280
DIA 1,,3.15456120312371,30.38854576861788,-71.294,-38.279
DIA 1,,3.15473924806186,43.77796597110599,-71.294,-38.279
DIA 1,,3.15483144350643,53.69666107182274,-71.294,-38.279
DIA 1,,3.15492578331775,63.71928578636704,-71.294,-38.279
DIA 1,,3.15501122335520,57.22197739132366,-71.294,-38.279
DIA 1,,3.15502536549083,55.51875551281584,-71.294,-38.279
DIA 1,,3.15561629695893,61.94260794215084,-71.293,-38.279
DIA 1,,3.15602969749110,65.95115447791342,-71.293,-38.279
DIA 1,,3.15617529968889,78.27937322918460,-71.293,-38.279
DIA 1,,3.15655857504683,84.46390399247390,-71.292,-38.278
DIA 1,,3.15671888724225,88.21183281186768,-71.292,-38.278
DIA 1,,3.15691888724225,92.38182084620539,-71.292,-38.278
DIA 1,,3.15703930318804,88.81931267050189,-71.292,-38.278
DIA 1,,3.15711992576552,78.80993247261098,-71.292,-38.278
DIA 1,,3.15723394330803,82.37244064831452,-71.292,-38.278
DIA 1,,3.15724394330804,67.50000000000000,-71.292,-38.278
DIA 1,,3.15728636971490,35.78252558446789,-71.292,-38.278
DIA 1,,3.15733109107445,35.78252558446789,-71.292,-38.278
DIA 1,,3.15734523321007,22.50000000000000,-71.292,-38.278
DIA 1,,3.15740523321007,344.51812173439083,-71.292,-38.278
DIA 1,,3.15781339984271,324.61533618725713,-71.292,-38.278
DIA 1,,3.15789150233947,330.87974003936978,-71.292,-38.278
DIA 1,,3.15792312511608,346.71747440820417,-71.292,-38.278
DIA 1,,3.15799383579420,3.90764677523462,-71.292,-38.278
DIA 1,,3.15806663689308,358.52965426876756,-71.292,-38.278
DIA 1,,3.15846825860564,338.48418533512364,-71.292,-38.277
DIA 1,,3.15878606357728,325.42722901988998,-71.292,-38.277
DIA 1,,3.15894162706915,305.78252558737580,-71.292,-38.277
DIA 1,,3.15909815182758,283.28252558737580,-71.292,-38.277
DIA 1,,3.15911815182757,282.11387265863851,-71.292,-38.277
DIA 1,,3.15933746894957,292.22630237486800,-71.293,-38.277
DIA 1,,3.15953995351687,288.30719988298756,-71.293,-38.277
DIA 1,,3.15971715396835,281.19927314556111,-71.293,-38.277
DIA 1,,3.15990820370009,279.50181137464693,-71.293,-38.277
DIA 1,,3.16004162034074,286.32422042597580,-71.293,-38.277
DIA 1,,3.16019028102820,294.35421407832627,-71.293,-38.277
DIA 1,,3.16029323732961,296.91487233236205,-71.293,-38.276
DIA 1,,3.16057959375089,304.88757028925659,-71.294,-38.276
DIA 1,,3.16060787802213,324.21747441247879,-71.294,-38.276
DIA 1,,3.16065259938168,346.71747440738994,-71.294,-38.276
DIA 1,,3.16071259938169,13.28252559261011,-71.294,-38.276
DIA 1,,3.16075732074124,39.84757676805966,-71.294,-38.276
DIA 1,,3.16080732074124,49.06505118053844,-71.294,-38.276
DIA 1,,3.16083560501249,48.97876261851976,-71.294,-38.276
DIA 1,,3.16149960802453,58.19623702489188,-71.293,-38.276
DIA 1,,3.16158905074362,76.71747441146103,-71.293,-38.276
DIA 1,,3.16159905074363,82.98187826603676,-71.293,-38.276
DIA 1,,3.16168151285614,78.91682708733032,-71.293,-38.276
DIA 1,,3.16175222353425,85.93494882129356,-71.293,-38.276
DIA 1,,3.16190222353425,93.00450297857996,-71.293,-38.276
DIA 1,,3.16209327326600,88.27334187456718,-71.293,-38.276
DIA 1,,3.16233658376721,85.26883889598720,-71.292,-38.276
DIA 1,,3.16235658376721,79.09929525752602,-71.292,-38.276
DIA 1,,3.16246428706336,64.57199320760338,-71.292,-38.276
DIA 1,,3.16256724336477,52.97269793989958,-71.292,-38.276
DIA 1,,3.16258138550038,52.11864022280502,-71.292,-38.276
DIA 1,,3.16307015947678,55.28873610693070,-71.292,-38.275
DIA 1,,3.16313419071916,57.38757028540892,-71.292,-38.275
DIA 1,,3.16315655139894,54.21747440738990,-71.292,-38.275
DIA 1,,3.16322726207705,41.82990412396690,-71.292,-38.275
DIA 1,,3.16329129331942,28.54737854153455,-71.291,-38.275
DIA 1,,3.16335453887263,9.21747441349656,-71.291,-38.275
DIA 1,,3.16350453887263,355.93494882170069,-71.291,-38.275
DIA 1,,3.16357524955075,355.93494882170069,-71.291,-38.275
DIA 1,,3.16368524955075,356.20267831588205,-71.291,-38.275
DIA 1,,3.16398790446976,348.04575210295252,-71.292,-38.274
DIA 1,,3.16441510465702,338.56054819446041,-71.292,-38.274
DIA 1,,3.16443746533679,327.38757028133773,-71.292,-38.274
DIA 1,,3.16450149657917,316.26305845752324,-71.292,-38.274
DIA 1,,3.16460779803729,290.59296258357534,-71.292,-38.274
DIA 1,,3.16461779803730,283.28252558853899,-71.292,-38.274
DIA 1,,3.16466251939684,290.91008494022446,-71.292,-38.274
DIA 1,,3.16477653693936,281.42488103607008,-71.292,-38.274
DIA 1,,3.16492786439886,280.81544341715045,-71.292,-38.274
DIA 1,,3.16501032651138,288.43494882191618,-71.292,-38.274
DIA 1,,3.16521648179265,290.17961127603741,-71.292,-38.274
DIA 1,,3.16561497896956,281.14460503309243,-71.293,-38.274
DIA 1,,3.16573539491534,272.38182084620536,-71.293,-38.274
DIA 1,,3.16581539491534,273.10172395048465,-71.293,-38.274
DIA 1,,3.16627810432739,270.50450949778514,-71.293,-38.274
DIA 1,,3.16638855793757,267.40278554730054,-71.293,-38.274
DIA 1,,3.16664855793757,276.26440385433625,-71.294,-38.274
DIA 1,,3.16674075338214,276.26440385433625,-71.294,-38.274
DIA 1,,3.16675075338215,275.65496623740154,-71.294,-38.274
DIA 1,,3.16685273377241,286.96489871094002,-71.294,-38.274
DIA 1,,3.16698273377242,298.15496623600643,-71.294,-38.274
DIA 1,,3.16709090031068,300.62143955097804,-71.294,-38.273
DIA 1,,3.16735032274610,300.62143955306584,-71.294,-38.273
DIA 1,,3.16738637825885,299.23260404899651,-71.294,-38.273
DIA 1,,3.16795909110138,297.86944855107623,-71.295,-38.273
DIA 1,,3.16801740062033,285.48187826663548,-71.295,-38.273
DIA 1,,3.16803740062034,282.38757028411806,-71.295,-38.273
DIA 1,,3.16818057883097,291.60504469659685,-71.295,-38.273
DIA 1,,3.16824382438416,285.10161887855685,-71.295,-38.273
DIA 1,,3.16848897739761,298.38414446607806,-71.295,-38.273
DIA 1,,3.16850311953324,292.50000000000006,-71.295,-38.273
DIA 1,,3.16863311953324,272.19935267665960,-71.296,-38.273
DIA 1,,3.16876350358134,272.19935267665960,-71.296,-38.273
DIA 1,,3.16905350358134,272.11819739944610,-71.296,-38.273
DIA 1,,3.16932424330876,272.11819739944610,-71.296,-38.273
DIA 1,,3.16940424330876,273.84802586124192,-71.296,-38.273
DIA 1,,3.16977760640280,273.84802586124192,-71.297,-38.273
DIA 1,,3.16984760640281,283.28252559668118,-71.297,-38.273
DIA 1,,3.16986996708258,288.01368670041893,-71.297,-38.273
DIA 1,,3.17011327758379,287.64165709071221,-71.297,-38.273
DIA 1,,3.17045766109094,304.46640198330942,-71.297,-38.273
DIA 1,,3.17110147783506,310.97081844896707,-71.298,-38.272
DIA 1,,3.17162778572974,307.47458287777960,-71.298,-38.272
DIA 1,,3.17208582502936,307.74432904574587,-71.299,-38.272
DIA 1,,3.17259030495959,334.68465862059850,-71.299,-38.271
DIA 1,,3.17260030495959,337.50000000145400,-71.299,-38.271
DIA 1,,3.17269929990895,317.59721445432024,-71.299,-38.271
DIA 1,,3.17277740240571,309.24759233614964,-71.299,-38.271
DIA 1,,3.17292505063631,295.05108262575732,-71.299,-38.271
DIA 1,,3.17308660558053,289.45206922678011,-71.299,-38.271
DIA 1,,3.17322262028562,289.17661723798193,-71.300,-38.271
DIA 1,,3.17341575236478,293.09720538550567,-71.300,-38.271
DIA 1,,3.17388998859283,296.99925468175252,-71.300,-38.271
DIA 1,,3.17399294489424,301.78156354418877,-71.300,-38.271
DIA 1,,3.17418710977262,308.50948503203756,-71.300,-38.271
DIA 1,,3.17434989797859,317.31773171347498,-71.301,-38.270
DIA 1,,3.17446391552110,330.95007845922584,-71.301,-38.270
DIA 1,,3.17466640008842,337.03259339325268,-71.301,-38.270
DIA 1,,3.17496606656969,330.29998934674052,-71.301,-38.270
DIA 1,,3.17503817759520,323.25218068987641,-71.301,-38.270
DIA 1,,3.17511628009196,313.53216327741677,-71.301,-38.270
DIA 1,,3.17521628009196,301.71747441308946,-71.301,-38.270
DIA 1,,3.17526100145150,300.12755935100699,-71.301,-38.270
DIA 1,,3.17536916798977,301.37233581239059,-71.301,-38.270
DIA 1,,3.17547212429118,305.12026463349798,-71.301,-38.270
DIA 1,,3.17568472720743,303.87548816397214,-71.301,-38.269
DIA 1,,3.17570708788721,317.38182083792276,-71.301,-38.269
DIA 1,,3.17581479118335,343.44432901816720,-71.301,-38.269
DIA 1,,3.17586578137848,354.34503376064117,-71.301,-38.269
DIA 1,,3.17596578137849,9.21747441349656,-71.301,-38.269
DIA 1,,3.17599740415509,30.03424408122013,-71.301,-38.269
DIA 1,,3.17611782010088,50.68855108532612,-71.301,-38.269
DIA 1,,3.17625674454077,55.93428959330608,-71.301,-38.269
DIA 1,,3.17637076208328,71.06250817570354,-71.301,-38.269
DIA 1,,3.17638076208328,71.21570398498091,-71.301,-38.269
DIA 1,,3.17654477427795,43.06073775110238,-71.301,-38.269
DIA 1,,3.17658082979071,39.34503376442522,-71.301,-38.269
DIA 1,,3.17666568260444,22.49999999830371,-71.301,-38.269
DIA 1,,3.17667568260444,16.00269160381304,-71.301,-38.269
DIA 1,,3.17677002241576,27.98393609068242,-71.301,-38.269
DIA 1,,3.17686851099378,11.98124448686939,-71.301,-38.269
DIA 1,,3.17696851099378,354.84757676757113,-71.301,-38.268
DIA 1,,3.17708031439265,338.61198062142842,-71.301,-38.268
DIA 1,,3.17721069844077,312.04692944239639,-71.301,-38.268
DIA 1,,3.17723305912053,309.84757676520991,-71.301,-38.268
DIA 1,,3.17733305912054,319.06505117759610,-71.301,-38.268
DIA 1,,3.17748862261239,308.73559614575078,-71.301,-38.268
DIA 1,,3.17761900666050,299.51812173336452,-71.301,-38.268
DIA 1,,3.17766372802005,290.74823417710098,-71.301,-38.268
DIA 1,,3.17781896976702,280.22947866462090,-71.301,-38.268
DIA 1,,3.17813041799707,274.12692557298902,-71.302,-38.268
DIA 1,,3.17855089391789,271.36315549693012,-71.302,-38.268
DIA 1,,3.17878089391789,267.61817915379464,-71.302,-38.268
DIA 1,,3.17890130986367,260.60005742462090,-71.302,-38.268
DIA 1,,3.17894254091994,264.88891568734101,-71.302,-38.268
DIA 1,,3.17909287388372,277.99276652071120,-71.303,-38.268
DIA 1,,3.17961460178215,276.08572910419650,-71.303,-38.268
DIA 1,,3.17982460178215,268.45297097061558,-71.303,-38.268
DIA 1,,3.18019514192842,270.58691762083311,-71.304,-38.268
DIA 1,,3.18086700500971,278.39835050455383,-71.304,-38.268
DIA 1,,3.18105139589886,287.31912802604148,-71.305,-38.268
DIA 1,,3.18139679421964,281.05472417170517,-71.305,-38.268
DIA 1,,3.18140679421965,292.50000000339259,-71.305,-38.268
DIA 1,,3.18144922062652,324.21747441078247,-71.305,-38.267
DIA 1,,3.18147158130629,324.21747442774546,-71.305,-38.267
DIA 1,,3.18148572344191,337.50000002035551,-71.305,-38.267
DIA 1,,3.18150572344191,352.98187826364199,-71.305,-38.267
DIA 1,,3.18154695449817,0.95457621103084,-71.305,-38.267
DIA 1,,3.18161975559706,30.03199594927122,-71.305,-38.267
DIA 1,,3.18207942939444,46.24252833415876,-71.305,-38.267
DIA 1,,3.18219984534023,42.19691702438810,-71.305,-38.267
DIA 1,,3.18233586004531,32.31891652535361,-71.304,-38.267
DIA 1,,3.18246115968618,36.80522984341969,-71.304,-38.267
DIA 1,,3.18247530182180,25.67009588412568,-71.304,-38.267
DIA 1,,3.18256585567318,12.38757027523114,-71.304,-38.267
DIA 1,,3.18259747844979,13.28252557958256,-71.304,-38.267
DIA 1,,3.18273889980603,358.75522354083625,-71.304,-38.266
DIA 1,,3.18290168801198,340.74153684733818,-71.304,-38.266
DIA 1,,3.18309404185260,330.33658167665016,-71.304,-38.266
DIA 1,,3.18330499208370,331.77677045361600,-71.305,-38.266
DIA 1,,3.18347052153727,0.77407883809285,-71.305,-38.266
DIA 1,,3.18349288221704,13.28252557632567,-71.305,-38.266
DIA 1,,3.18358288221704,13.28252559159233,-71.305,-38.266
DIA 1,,3.18367232493615,13.28252559159233,-71.305,-38.266
DIA 1,,3.18368232493614,17.76883889241122,-71.305,-38.266
DIA 1,,3.18376834818881,62.76883889241122,-71.305,-38.265
DIA 1,,3.18377834818881,69.69935267965306,-71.305,-38.265
DIA 1,,3.18387054363339,56.41682709111408,-71.304,-38.265
DIA 1,,3.18391526499294,70.02122553423602,-71.304,-38.265
DIA 1,,3.18413113532438,79.23869994590056,-71.304,-38.265
DIA 1,,3.18427255668062,88.79024539066616,-71.304,-38.265
DIA 1,,3.18437305543684,92.85529656754061,-71.304,-38.265
DIA 1,,3.18456305543683,94.26538280517315,-71.304,-38.265
DIA 1,,3.18476529292099,101.28350453913637,-71.304,-38.265
DIA 1,,3.18493021714601,109.61868355652778,-71.303,-38.265
DIA 1,,3.18511810008830,121.03551064548655,-71.303,-38.266
DIA 1,,3.18521810008830,123.91682708806071,-71.303,-38.266
DIA 1,,3.18533471912620,113.83150038362952,-71.303,-38.266
DIA 1,,3.18543912219128,120.84962210831301,-71.303,-38.266
DIA 1,,3.18545326432690,112.49999998982221,-71.303,-38.266
DIA 1,,3.18555326432691,103.28252559668123,-71.303,-38.266
DIA 1,,3.18557562500667,97.01812174234495,-71.303,-38.266
DIA 1,,3.18566782045125,68.25371788052500,-71.303,-38.266
DIA 1,,3.18578443948915,50.11108431861680,-71.303,-38.266
DIA 1,,3.18589074094728,29.46529839592946,-71.303,-38.266
DIA 1,,3.18615322904225,8.87233581217396,-71.303,-38.265
DIA 1,,3.18628322904225,353.95262146248689,-71.303,-38.265
DIA 1,,3.18642640725288,344.73514705061876,-71.303,-38.265
DIA 1,,3.18658452113589,337.49999999552176,-71.303,-38.265
DIA 1,,3.18660688181566,343.54737853344199,-71.303,-38.265
DIA 1,,3.18669743566705,356.82990412605210,-71.303,-38.265
DIA 1,,3.18673743566704,9.21747441349656,-71.303,-38.265
DIA 1,,3.18676905844365,27.65242323479013,-71.303,-38.265
DIA 1,,3.18681905844365,40.93494882129356,-71.303,-38.265
DIA 1,,3.18687562698614,67.50000000000000,-71.303,-38.265
DIA 1,,3.18689562698614,82.98187826364200,-71.303,-38.265
DIA 1,,3.18693685804240,87.04692944234844,-71.302,-38.265
DIA 1,,3.18700756872051,103.28252558914966,-71.302,-38.265
DIA 1,,3.18707081427372,113.25371787861621,-71.302,-38.265
DIA 1,,3.18741081427372,114.31426607517631,-71.302,-38.265
DIA 1,,3.18749625431118,107.29614434096653,-71.302,-38.265
DIA 1,,3.18757871642369,100.58062990966680,-71.302,-38.265
DIA 1,,3.18765933900117,93.56250817570356,-71.302,-38.265
DIA 1,,3.18784933900117,82.68956300600844,-71.302,-38.265
DIA 1,,3.18808703628765,69.40703741584100,-71.301,-38.265
DIA 1,,3.18819883968652,59.87244064736460,-71.301,-38.265
DIA 1,,3.18830700622478,41.43749182607104,-71.301,-38.265
DIA 1,,3.18832936690456,34.46932276972872,-71.301,-38.265
DIA 1,,3.18910092377221,52.90427158450852,-71.301,-38.264
DIA 1,,3.18912328445198,58.94863551035744,-71.301,-38.264
DIA 1,,3.18920930770465,49.73116108668308,-71.301,-38.264
DIA 1,,3.18922344984027,51.26440383481890,-71.301,-38.264
DIA 1,,3.18935383388838,48.66718940230818,-71.300,-38.264
DIA 1,,3.18943193638514,29.12025996063023,-71.300,-38.264
DIA 1,,3.18946355916174,13.94863551255801,-71.300,-38.264
DIA 1,,3.18952438678704,1.16865292513250,-71.300,-38.264
DIA 1,,3.18976625451949,356.43749182607104,-71.300,-38.264
DIA 1,,3.18996625451949,3.79732168536239,-71.300,-38.263
DIA 1,,3.19011758197900,3.79732168536238,-71.300,-38.263
DIA 1,,3.19014758197899,7.01812172558154,-71.300,-38.263
DIA 1,,3.19018881303525,22.49999999700653,-71.300,-38.263
DIA 1,,3.19024712255420,24.69935267270822,-71.300,-38.263
DIA 1,,3.19027874533080,30.12755934204007,-71.300,-38.263
DIA 1,,3.19053369630649,43.41008494075684,-71.300,-38.263
DIA 1,,3.19104281318894,47.59721445320000,-71.300,-38.262
DIA 1,,3.19112091568569,38.37974004581012,-71.300,-38.262
DIA 1,,3.19114327636547,35.78252559115614,-71.300,-38.262
DIA 1,,3.19124227131483,40.93494882187516,-71.300,-38.262
DIA 1,,3.19134227131484,39.87440062538878,-71.300,-38.262
DIA 1,,3.19153332104658,36.47374321349768,-71.299,-38.262
DIA 1,,3.19175286603058,24.93372958867162,-71.299,-38.262
DIA 1,,3.19201857263570,18.09420834337587,-71.299,-38.262
DIA 1,,3.19237297353863,20.50655255995415,-71.299,-38.261
DIA 1,,3.19263698111428,30.32546908592360,-71.299,-38.261
DIA 1,,3.19290901052445,39.64583439861858,-71.299,-38.261
DIA 1,,3.19314246287505,66.63214770650690,-71.299,-38.261
DIA 1,,3.19315246287505,67.49999999814952,-71.299,-38.261
DIA 1,,3.19330802636691,37.02730204807212,-71.299,-38.261
DIA 1,,3.19341098266832,37.02730205501153,-71.299,-38.261
DIA 1,,3.19343926693958,35.32050291708271,-71.299,-38.260
DIA 1,,3.19371657543205,19.83862464715443,-71.298,-38.260
DIA 1,,3.19375780648831,20.30064732311803,-71.298,-38.260
DIA 1,,3.19391433124673,31.05136448421967,-71.298,-38.260
DIA 1,,3.19400035449940,40.26883889626227,-71.298,-38.260
DIA 1,,3.19405692304189,39.34503376612151,-71.298,-38.260
DIA 1,,3.19409297855465,16.84503376612150,-71.298,-38.260
DIA 1,,3.19410297855465,18.43494882129357,-71.298,-38.260
DIA 1,,3.19415297855465,26.98631330559969,-71.298,-38.260
DIA 1,,3.19428899325974,13.17442085759182,-71.298,-38.260
DIA 1,,3.19472465367796,27.12305636310791,-71.298,-38.259
DIA 1,,3.19473879581357,25.67009586287647,-71.298,-38.259
DIA 1,,3.19519156507048,3.17009587305425,-71.298,-38.259
DIA 1,,3.19524156507048,346.71747441553219,-71.298,-38.259
DIA 1,,3.19528628643002,337.50000000203551,-71.298,-38.259
DIA 1,,3.19531790920663,324.72001741220913,-71.298,-38.259
DIA 1,,3.19543192674914,299.83819656817963,-71.298,-38.259
DIA 1,,3.19548577839721,296.90339634743060,-71.298,-38.259
DIA 1,,3.19558011820853,297.41951869334071,-71.298,-38.259
DIA 1,,3.19578627348981,297.29656713092385,-71.298,-38.259
DIA 1,,3.19603325527051,309.81094265551957,-71.299,-38.258
DIA 1,,3.19631645131569,319.69110348896402,-71.299,-38.258
DIA 1,,3.19681464806397,317.65046325779230,-71.299,-38.258
DIA 1,,3.19714706346674,312.12817814555007,-71.299,-38.258
DIA 1,,3.19813301478400,311.53094754724788,-71.300,-38.257
DIA 1,,3.19998020183463,311.80273245532766,-71.302,-38.256
DIA 1,,3.20191527289275,307.53236935005117,-71.303,-38.254
DIA 1,,3.20236181516399,297.64822143190509,-71.303,-38.254
DIA 1,,3.20255494724315,289.38803694069099,-71.304,-38.254
DIA 1,,3.20275419583159,283.80308318102999,-71.304,-38.254
DIA 1,,3.20321125162687,280.08059798802952,-71.304,-38.254
